{"textures":[{"image":"card-style-2.png","format":"RGBA8888","size":{"w":209,"h":976},"scale":0.5,"frames":[{"filename":"101","rotated":false,"trimmed":false,"sourceSize":{"w":49,"h":72},"spriteSourceSize":{"x":0,"y":0,"w":49,"h":72},"frame":{"x":2,"y":2,"w":49,"h":72}},{"filename":"102","rotated":false,"trimmed":false,"sourceSize":{"w":49,"h":72},"spriteSourceSize":{"x":0,"y":0,"w":49,"h":72},"frame":{"x":54,"y":2,"w":49,"h":72}},{"filename":"103","rotated":false,"trimmed":false,"sourceSize":{"w":49,"h":72},"spriteSourceSize":{"x":0,"y":0,"w":49,"h":72},"frame":{"x":106,"y":2,"w":49,"h":72}},{"filename":"104","rotated":false,"trimmed":false,"sourceSize":{"w":49,"h":72},"spriteSourceSize":{"x":0,"y":0,"w":49,"h":72},"frame":{"x":158,"y":2,"w":49,"h":72}},{"filename":"105","rotated":false,"trimmed":false,"sourceSize":{"w":49,"h":72},"spriteSourceSize":{"x":0,"y":0,"w":49,"h":72},"frame":{"x":2,"y":77,"w":49,"h":72}},{"filename":"106","rotated":false,"trimmed":false,"sourceSize":{"w":49,"h":72},"spriteSourceSize":{"x":0,"y":0,"w":49,"h":72},"frame":{"x":54,"y":77,"w":49,"h":72}},{"filename":"107","rotated":false,"trimmed":false,"sourceSize":{"w":49,"h":72},"spriteSourceSize":{"x":0,"y":0,"w":49,"h":72},"frame":{"x":106,"y":77,"w":49,"h":72}},{"filename":"108","rotated":false,"trimmed":false,"sourceSize":{"w":49,"h":72},"spriteSourceSize":{"x":0,"y":0,"w":49,"h":72},"frame":{"x":158,"y":77,"w":49,"h":72}},{"filename":"109","rotated":false,"trimmed":false,"sourceSize":{"w":49,"h":72},"spriteSourceSize":{"x":0,"y":0,"w":49,"h":72},"frame":{"x":2,"y":152,"w":49,"h":72}},{"filename":"110","rotated":false,"trimmed":false,"sourceSize":{"w":49,"h":72},"spriteSourceSize":{"x":0,"y":0,"w":49,"h":72},"frame":{"x":54,"y":152,"w":49,"h":72}},{"filename":"111","rotated":false,"trimmed":false,"sourceSize":{"w":49,"h":72},"spriteSourceSize":{"x":0,"y":0,"w":49,"h":72},"frame":{"x":106,"y":152,"w":49,"h":72}},{"filename":"112","rotated":false,"trimmed":false,"sourceSize":{"w":49,"h":72},"spriteSourceSize":{"x":0,"y":0,"w":49,"h":72},"frame":{"x":158,"y":152,"w":49,"h":72}},{"filename":"113","rotated":false,"trimmed":false,"sourceSize":{"w":49,"h":72},"spriteSourceSize":{"x":0,"y":0,"w":49,"h":72},"frame":{"x":2,"y":227,"w":49,"h":72}},{"filename":"201","rotated":false,"trimmed":false,"sourceSize":{"w":49,"h":72},"spriteSourceSize":{"x":0,"y":0,"w":49,"h":72},"frame":{"x":54,"y":227,"w":49,"h":72}},{"filename":"202","rotated":false,"trimmed":false,"sourceSize":{"w":49,"h":72},"spriteSourceSize":{"x":0,"y":0,"w":49,"h":72},"frame":{"x":106,"y":227,"w":49,"h":72}},{"filename":"203","rotated":false,"trimmed":false,"sourceSize":{"w":49,"h":72},"spriteSourceSize":{"x":0,"y":0,"w":49,"h":72},"frame":{"x":158,"y":227,"w":49,"h":72}},{"filename":"204","rotated":false,"trimmed":false,"sourceSize":{"w":49,"h":72},"spriteSourceSize":{"x":0,"y":0,"w":49,"h":72},"frame":{"x":2,"y":302,"w":49,"h":72}},{"filename":"205","rotated":false,"trimmed":false,"sourceSize":{"w":49,"h":72},"spriteSourceSize":{"x":0,"y":0,"w":49,"h":72},"frame":{"x":54,"y":302,"w":49,"h":72}},{"filename":"206","rotated":false,"trimmed":false,"sourceSize":{"w":49,"h":72},"spriteSourceSize":{"x":0,"y":0,"w":49,"h":72},"frame":{"x":106,"y":302,"w":49,"h":72}},{"filename":"207","rotated":false,"trimmed":false,"sourceSize":{"w":49,"h":72},"spriteSourceSize":{"x":0,"y":0,"w":49,"h":72},"frame":{"x":158,"y":302,"w":49,"h":72}},{"filename":"208","rotated":false,"trimmed":false,"sourceSize":{"w":49,"h":72},"spriteSourceSize":{"x":0,"y":0,"w":49,"h":72},"frame":{"x":2,"y":377,"w":49,"h":72}},{"filename":"209","rotated":false,"trimmed":false,"sourceSize":{"w":49,"h":72},"spriteSourceSize":{"x":0,"y":0,"w":49,"h":72},"frame":{"x":54,"y":377,"w":49,"h":72}},{"filename":"210","rotated":false,"trimmed":false,"sourceSize":{"w":49,"h":72},"spriteSourceSize":{"x":0,"y":0,"w":49,"h":72},"frame":{"x":106,"y":377,"w":49,"h":72}},{"filename":"211","rotated":false,"trimmed":false,"sourceSize":{"w":49,"h":72},"spriteSourceSize":{"x":0,"y":0,"w":49,"h":72},"frame":{"x":158,"y":377,"w":49,"h":72}},{"filename":"212","rotated":false,"trimmed":false,"sourceSize":{"w":49,"h":72},"spriteSourceSize":{"x":0,"y":0,"w":49,"h":72},"frame":{"x":2,"y":452,"w":49,"h":72}},{"filename":"213","rotated":false,"trimmed":false,"sourceSize":{"w":49,"h":72},"spriteSourceSize":{"x":0,"y":0,"w":49,"h":72},"frame":{"x":54,"y":452,"w":49,"h":72}},{"filename":"301","rotated":false,"trimmed":false,"sourceSize":{"w":49,"h":72},"spriteSourceSize":{"x":0,"y":0,"w":49,"h":72},"frame":{"x":106,"y":452,"w":49,"h":72}},{"filename":"302","rotated":false,"trimmed":false,"sourceSize":{"w":49,"h":72},"spriteSourceSize":{"x":0,"y":0,"w":49,"h":72},"frame":{"x":158,"y":452,"w":49,"h":72}},{"filename":"303","rotated":false,"trimmed":false,"sourceSize":{"w":49,"h":72},"spriteSourceSize":{"x":0,"y":0,"w":49,"h":72},"frame":{"x":2,"y":527,"w":49,"h":72}},{"filename":"304","rotated":false,"trimmed":false,"sourceSize":{"w":49,"h":72},"spriteSourceSize":{"x":0,"y":0,"w":49,"h":72},"frame":{"x":54,"y":527,"w":49,"h":72}},{"filename":"305","rotated":false,"trimmed":false,"sourceSize":{"w":49,"h":72},"spriteSourceSize":{"x":0,"y":0,"w":49,"h":72},"frame":{"x":106,"y":527,"w":49,"h":72}},{"filename":"306","rotated":false,"trimmed":false,"sourceSize":{"w":49,"h":72},"spriteSourceSize":{"x":0,"y":0,"w":49,"h":72},"frame":{"x":158,"y":527,"w":49,"h":72}},{"filename":"307","rotated":false,"trimmed":false,"sourceSize":{"w":49,"h":72},"spriteSourceSize":{"x":0,"y":0,"w":49,"h":72},"frame":{"x":2,"y":602,"w":49,"h":72}},{"filename":"308","rotated":false,"trimmed":false,"sourceSize":{"w":49,"h":72},"spriteSourceSize":{"x":0,"y":0,"w":49,"h":72},"frame":{"x":54,"y":602,"w":49,"h":72}},{"filename":"309","rotated":false,"trimmed":false,"sourceSize":{"w":49,"h":72},"spriteSourceSize":{"x":0,"y":0,"w":49,"h":72},"frame":{"x":106,"y":602,"w":49,"h":72}},{"filename":"310","rotated":false,"trimmed":false,"sourceSize":{"w":49,"h":72},"spriteSourceSize":{"x":0,"y":0,"w":49,"h":72},"frame":{"x":158,"y":602,"w":49,"h":72}},{"filename":"311","rotated":false,"trimmed":false,"sourceSize":{"w":49,"h":72},"spriteSourceSize":{"x":0,"y":0,"w":49,"h":72},"frame":{"x":2,"y":677,"w":49,"h":72}},{"filename":"312","rotated":false,"trimmed":false,"sourceSize":{"w":49,"h":72},"spriteSourceSize":{"x":0,"y":0,"w":49,"h":72},"frame":{"x":54,"y":677,"w":49,"h":72}},{"filename":"313","rotated":false,"trimmed":false,"sourceSize":{"w":49,"h":72},"spriteSourceSize":{"x":0,"y":0,"w":49,"h":72},"frame":{"x":106,"y":677,"w":49,"h":72}},{"filename":"401","rotated":false,"trimmed":false,"sourceSize":{"w":49,"h":72},"spriteSourceSize":{"x":0,"y":0,"w":49,"h":72},"frame":{"x":158,"y":677,"w":49,"h":72}},{"filename":"402","rotated":false,"trimmed":false,"sourceSize":{"w":49,"h":72},"spriteSourceSize":{"x":0,"y":0,"w":49,"h":72},"frame":{"x":2,"y":752,"w":49,"h":72}},{"filename":"403","rotated":false,"trimmed":false,"sourceSize":{"w":49,"h":72},"spriteSourceSize":{"x":0,"y":0,"w":49,"h":72},"frame":{"x":54,"y":752,"w":49,"h":72}},{"filename":"404","rotated":false,"trimmed":false,"sourceSize":{"w":49,"h":72},"spriteSourceSize":{"x":0,"y":0,"w":49,"h":72},"frame":{"x":106,"y":752,"w":49,"h":72}},{"filename":"405","rotated":false,"trimmed":false,"sourceSize":{"w":49,"h":72},"spriteSourceSize":{"x":0,"y":0,"w":49,"h":72},"frame":{"x":158,"y":752,"w":49,"h":72}},{"filename":"406","rotated":false,"trimmed":false,"sourceSize":{"w":49,"h":72},"spriteSourceSize":{"x":0,"y":0,"w":49,"h":72},"frame":{"x":2,"y":827,"w":49,"h":72}},{"filename":"407","rotated":false,"trimmed":false,"sourceSize":{"w":49,"h":72},"spriteSourceSize":{"x":0,"y":0,"w":49,"h":72},"frame":{"x":54,"y":827,"w":49,"h":72}},{"filename":"408","rotated":false,"trimmed":false,"sourceSize":{"w":49,"h":72},"spriteSourceSize":{"x":0,"y":0,"w":49,"h":72},"frame":{"x":106,"y":827,"w":49,"h":72}},{"filename":"409","rotated":false,"trimmed":false,"sourceSize":{"w":49,"h":72},"spriteSourceSize":{"x":0,"y":0,"w":49,"h":72},"frame":{"x":158,"y":827,"w":49,"h":72}},{"filename":"410","rotated":false,"trimmed":false,"sourceSize":{"w":49,"h":72},"spriteSourceSize":{"x":0,"y":0,"w":49,"h":72},"frame":{"x":2,"y":902,"w":49,"h":72}},{"filename":"411","rotated":false,"trimmed":false,"sourceSize":{"w":49,"h":72},"spriteSourceSize":{"x":0,"y":0,"w":49,"h":72},"frame":{"x":54,"y":902,"w":49,"h":72}},{"filename":"412","rotated":false,"trimmed":false,"sourceSize":{"w":49,"h":72},"spriteSourceSize":{"x":0,"y":0,"w":49,"h":72},"frame":{"x":106,"y":902,"w":49,"h":72}},{"filename":"413","rotated":false,"trimmed":false,"sourceSize":{"w":49,"h":72},"spriteSourceSize":{"x":0,"y":0,"w":49,"h":72},"frame":{"x":158,"y":902,"w":49,"h":72}}]}],"meta":{"app":"https://www.codeandweb.com/texturepacker","version":"3.0","smartupdate":"$TexturePacker:SmartUpdate:0302d397e158990a239a22a85a92660d:b9d2b9b08b519b0dfb4348e0741d8209:b2080dd928f93e3fccc5d8b52c806436$"}}