{"textures":[{"image":"default-resources.png","format":"RGBA8888","size":{"w":129,"h":76},"scale":0.5,"frames":[{"filename":"preloader/dual-ring","rotated":false,"trimmed":true,"sourceSize":{"w":100,"h":100},"spriteSourceSize":{"x":14,"y":14,"w":72,"h":72},"frame":{"x":2,"y":2,"w":72,"h":72}},{"filename":"blank","rotated":false,"trimmed":false,"sourceSize":{"w":50,"h":50},"spriteSourceSize":{"x":0,"y":0,"w":50,"h":50},"frame":{"x":77,"y":2,"w":50,"h":50}}]}],"meta":{"app":"https://www.codeandweb.com/texturepacker","version":"3.0","smartupdate":"$TexturePacker:SmartUpdate:43337764514a8fa90be5c5cd63a133ee:787e747b8773aec695929e49b389884a:3ed7f446b7e32ba5f09387362d473a40$"}}