{"textures":[{"image":"theme-preview.png","format":"RGBA8888","size":{"w":511,"h":411},"scale":0.5,"frames":[{"filename":"card-back-0","rotated":false,"trimmed":false,"sourceSize":{"w":49,"h":72},"spriteSourceSize":{"x":0,"y":0,"w":49,"h":72},"frame":{"x":2,"y":2,"w":49,"h":72}},{"filename":"card-back-1","rotated":false,"trimmed":false,"sourceSize":{"w":49,"h":72},"spriteSourceSize":{"x":0,"y":0,"w":49,"h":72},"frame":{"x":54,"y":2,"w":49,"h":72}},{"filename":"card-back-4","rotated":false,"trimmed":false,"sourceSize":{"w":49,"h":72},"spriteSourceSize":{"x":0,"y":0,"w":49,"h":72},"frame":{"x":106,"y":2,"w":49,"h":72}},{"filename":"card-back-2","rotated":false,"trimmed":false,"sourceSize":{"w":49,"h":73},"spriteSourceSize":{"x":0,"y":0,"w":49,"h":73},"frame":{"x":158,"y":2,"w":49,"h":73}},{"filename":"card-back-3","rotated":false,"trimmed":false,"sourceSize":{"w":49,"h":73},"spriteSourceSize":{"x":0,"y":0,"w":49,"h":73},"frame":{"x":210,"y":2,"w":49,"h":73}},{"filename":"card-style-desktop-0","rotated":false,"trimmed":true,"sourceSize":{"w":135,"h":140},"spriteSourceSize":{"x":0,"y":10,"w":135,"h":121},"frame":{"x":262,"y":2,"w":135,"h":121}},{"filename":"card-style-1","rotated":false,"trimmed":true,"sourceSize":{"w":135,"h":140},"spriteSourceSize":{"x":0,"y":9,"w":135,"h":123},"frame":{"x":2,"y":126,"w":135,"h":123}},{"filename":"card-style-2","rotated":false,"trimmed":true,"sourceSize":{"w":135,"h":140},"spriteSourceSize":{"x":0,"y":10,"w":135,"h":123},"frame":{"x":140,"y":126,"w":135,"h":123}},{"filename":"card-style-0","rotated":false,"trimmed":true,"sourceSize":{"w":135,"h":140},"spriteSourceSize":{"x":0,"y":8,"w":135,"h":125},"frame":{"x":278,"y":126,"w":135,"h":125}},{"filename":"bg-0","rotated":false,"trimmed":false,"sourceSize":{"w":90,"h":140},"spriteSourceSize":{"x":0,"y":0,"w":90,"h":140},"frame":{"x":416,"y":126,"w":90,"h":140}},{"filename":"bg-desktop-0","rotated":false,"trimmed":false,"sourceSize":{"w":90,"h":140},"spriteSourceSize":{"x":0,"y":0,"w":90,"h":140},"frame":{"x":416,"y":126,"w":90,"h":140}},{"filename":"bg-1","rotated":false,"trimmed":false,"sourceSize":{"w":90,"h":140},"spriteSourceSize":{"x":0,"y":0,"w":90,"h":140},"frame":{"x":2,"y":269,"w":90,"h":140}},{"filename":"bg-desktop-1","rotated":false,"trimmed":false,"sourceSize":{"w":90,"h":140},"spriteSourceSize":{"x":0,"y":0,"w":90,"h":140},"frame":{"x":2,"y":269,"w":90,"h":140}},{"filename":"bg-2","rotated":false,"trimmed":false,"sourceSize":{"w":90,"h":140},"spriteSourceSize":{"x":0,"y":0,"w":90,"h":140},"frame":{"x":95,"y":269,"w":90,"h":140}},{"filename":"bg-desktop-2","rotated":false,"trimmed":false,"sourceSize":{"w":90,"h":140},"spriteSourceSize":{"x":0,"y":0,"w":90,"h":140},"frame":{"x":95,"y":269,"w":90,"h":140}},{"filename":"bg-3","rotated":false,"trimmed":false,"sourceSize":{"w":90,"h":140},"spriteSourceSize":{"x":0,"y":0,"w":90,"h":140},"frame":{"x":188,"y":269,"w":90,"h":140}},{"filename":"bg-desktop-3","rotated":false,"trimmed":false,"sourceSize":{"w":90,"h":140},"spriteSourceSize":{"x":0,"y":0,"w":90,"h":140},"frame":{"x":188,"y":269,"w":90,"h":140}},{"filename":"bg-4","rotated":false,"trimmed":false,"sourceSize":{"w":90,"h":140},"spriteSourceSize":{"x":0,"y":0,"w":90,"h":140},"frame":{"x":281,"y":269,"w":90,"h":140}},{"filename":"bg-desktop-4","rotated":false,"trimmed":false,"sourceSize":{"w":90,"h":140},"spriteSourceSize":{"x":0,"y":0,"w":90,"h":140},"frame":{"x":281,"y":269,"w":90,"h":140}},{"filename":"blank","rotated":false,"trimmed":false,"sourceSize":{"w":135,"h":140},"spriteSourceSize":{"x":0,"y":0,"w":135,"h":140},"frame":{"x":374,"y":269,"w":135,"h":140}}]}],"meta":{"app":"https://www.codeandweb.com/texturepacker","version":"3.0","smartupdate":"$TexturePacker:SmartUpdate:9d953e6cf8206d75a37a32c3513983e2:d1269db4afc936728f58d18cfd7c6570:c6c16bf03d3a3a9ce40ff3424acf4720$"}}