[1,["faheG2ay9B1p5mlKZE6Eij@6c48a"],["_textureSource"],["cc.SpriteFrame"],0,[{"name":"46","rect":{"x":12,"y":5,"width":148,"height":199},"offset":{"x":0.5,"y":1},"originalSize":{"width":171,"height":211},"rotated":false,"capInsets":[0,0,0,0],"vertices":{"rawPosition":[-74,-99.5,0,74,-99.5,0,-74,99.5,0,74,99.5,0],"indexes":[0,1,2,2,1,3],"uv":[12,206,160,206,12,7,160,7],"nuv":[0.07017543859649122,0.03317535545023697,0.935672514619883,0.03317535545023697,0.07017543859649122,0.976303317535545,0.935672514619883,0.976303317535545],"minPos":{"x":-74,"y":-99.5,"z":0},"maxPos":{"x":74,"y":99.5,"z":0}},"packable":true,"pixelsToUnit":100,"pivot":{"x":0.5,"y":0.5},"meshType":0}],[0],0,[0],[0],[0]]
