[1,0,0,[["cc.JsonAsset",["_name","json"],1]],[[0,0,1,3]],[[0,"level_001231-30",[{"layers":[{"index":0,"tiles":[{"x":4,"y":-10},{"x":7,"y":-10},{"x":3.5,"y":-9},{"x":4.5,"y":-9},{"x":6.5,"y":-9},{"x":7.5,"y":-9},{"x":2,"y":-8},{"x":3,"y":-8},{"x":4,"y":-8},{"x":5,"y":-8},{"x":6,"y":-8},{"x":7,"y":-8},{"x":8,"y":-8},{"x":9,"y":-8},{"x":2.5,"y":-7},{"x":3.5,"y":-7},{"x":4.5,"y":-7},{"x":5.5,"y":-7},{"x":6.5,"y":-7},{"x":7.5,"y":-7},{"x":8.5,"y":-7},{"x":1,"y":-6},{"x":2,"y":-6},{"x":3,"y":-6},{"x":4,"y":-6},{"x":5,"y":-6},{"x":6,"y":-6},{"x":7,"y":-6},{"x":8,"y":-6},{"x":9,"y":-6},{"x":10,"y":-6},{"x":2.5,"y":-5},{"x":3.5,"y":-5},{"x":4.5,"y":-5},{"x":5.5,"y":-5},{"x":6.5,"y":-5},{"x":7.5,"y":-5},{"x":8.5,"y":-5},{"x":2,"y":-4},{"x":3,"y":-4},{"x":4,"y":-4},{"x":5,"y":-4},{"x":6,"y":-4},{"x":7,"y":-4},{"x":8,"y":-4},{"x":9,"y":-4},{"x":3.5,"y":-3},{"x":4.5,"y":-3},{"x":6.5,"y":-3},{"x":7.5,"y":-3},{"x":4,"y":-2},{"x":7,"y":-2}]},{"index":1,"tiles":[{"x":4,"y":-10},{"x":7,"y":-10},{"x":3.5,"y":-9},{"x":4.5,"y":-9},{"x":6.5,"y":-9},{"x":7.5,"y":-9},{"x":2,"y":-8},{"x":3,"y":-8},{"x":4,"y":-8},{"x":5,"y":-8},{"x":6,"y":-8},{"x":7,"y":-8},{"x":8,"y":-8},{"x":9,"y":-8},{"x":2.5,"y":-7},{"x":3.5,"y":-7},{"x":4.5,"y":-7},{"x":5.5,"y":-7},{"x":6.5,"y":-7},{"x":7.5,"y":-7},{"x":8.5,"y":-7},{"x":1,"y":-6},{"x":2,"y":-6},{"x":3,"y":-6},{"x":4,"y":-6},{"x":5,"y":-6},{"x":6,"y":-6},{"x":7,"y":-6},{"x":8,"y":-6},{"x":9,"y":-6},{"x":10,"y":-6},{"x":2.5,"y":-5},{"x":3.5,"y":-5},{"x":4.5,"y":-5},{"x":5.5,"y":-5},{"x":6.5,"y":-5},{"x":7.5,"y":-5},{"x":8.5,"y":-5},{"x":2,"y":-4},{"x":3,"y":-4},{"x":4,"y":-4},{"x":5,"y":-4},{"x":6,"y":-4},{"x":7,"y":-4},{"x":8,"y":-4},{"x":9,"y":-4},{"x":3.5,"y":-3},{"x":4.5,"y":-3},{"x":6.5,"y":-3},{"x":7.5,"y":-3},{"x":4,"y":-2},{"x":7,"y":-2}]},{"index":2,"tiles":[{"x":4,"y":-10},{"x":7,"y":-10},{"x":3.5,"y":-9},{"x":4.5,"y":-9},{"x":6.5,"y":-9},{"x":7.5,"y":-9},{"x":2,"y":-8},{"x":3,"y":-8},{"x":4,"y":-8},{"x":5,"y":-8},{"x":6,"y":-8},{"x":7,"y":-8},{"x":8,"y":-8},{"x":9,"y":-8},{"x":2.5,"y":-7},{"x":3.5,"y":-7},{"x":4.5,"y":-7},{"x":5.5,"y":-7},{"x":6.5,"y":-7},{"x":7.5,"y":-7},{"x":8.5,"y":-7},{"x":1,"y":-6},{"x":2,"y":-6},{"x":3,"y":-6},{"x":4,"y":-6},{"x":5,"y":-6},{"x":6,"y":-6},{"x":7,"y":-6},{"x":8,"y":-6},{"x":9,"y":-6},{"x":10,"y":-6},{"x":2.5,"y":-5},{"x":3.5,"y":-5},{"x":4.5,"y":-5},{"x":5.5,"y":-5},{"x":6.5,"y":-5},{"x":7.5,"y":-5},{"x":8.5,"y":-5},{"x":2,"y":-4},{"x":3,"y":-4},{"x":4,"y":-4},{"x":5,"y":-4},{"x":6,"y":-4},{"x":7,"y":-4},{"x":8,"y":-4},{"x":9,"y":-4},{"x":3.5,"y":-3},{"x":4.5,"y":-3},{"x":6.5,"y":-3},{"x":7.5,"y":-3},{"x":4,"y":-2},{"x":7,"y":-2}]}],"seeds":["YkBUHFU03RWKZyaIoPiNVGCIXMiBzBKGTFJRIVWk2dQR5nCBHShwglIU4AJ5VZVc0Yd12udsCvFdh4V1nqVqmdGhImhhHmdlFjM42NR4XKc00vN1W+SBXaiAFtgxnwSSYkAM5RN8Hzc0iDOFiyc6iwCF08Eh"]},{"layers":[{"index":0,"tiles":[{"x":5.5,"y":-9.5},{"x":3,"y":-9},{"x":4,"y":-9},{"x":7,"y":-9},{"x":8,"y":-9},{"x":5.5,"y":-8.5},{"x":3.5,"y":-7.5},{"x":7.5,"y":-7.5},{"x":1,"y":-7},{"x":2,"y":-7},{"x":5,"y":-7},{"x":6,"y":-7},{"x":9,"y":-7},{"x":10,"y":-7},{"x":3.5,"y":-6.5},{"x":7.5,"y":-6.5},{"x":1.5,"y":-5.5},{"x":5.5,"y":-5.5},{"x":9.5,"y":-5.5},{"x":3,"y":-5},{"x":4,"y":-5},{"x":7,"y":-5},{"x":8,"y":-5},{"x":1.5,"y":-4.5},{"x":5.5,"y":-4.5},{"x":9.5,"y":-4.5},{"x":3.5,"y":-3.5},{"x":7.5,"y":-3.5},{"x":1,"y":-3},{"x":2,"y":-3},{"x":5,"y":-3},{"x":6,"y":-3},{"x":9,"y":-3},{"x":10,"y":-3},{"x":3.5,"y":-2.5},{"x":7.5,"y":-2.5},{"x":5.5,"y":-1.5},{"x":3,"y":-1},{"x":4,"y":-1},{"x":7,"y":-1},{"x":8,"y":-1},{"x":5.5,"y":-0.5}]},{"index":1,"tiles":[{"x":3.5,"y":-9.5},{"x":7.5,"y":-9.5},{"x":5,"y":-9},{"x":6,"y":-9},{"x":3.5,"y":-8.5},{"x":7.5,"y":-8.5},{"x":1.5,"y":-7.5},{"x":5.5,"y":-7.5},{"x":9.5,"y":-7.5},{"x":3,"y":-7},{"x":4,"y":-7},{"x":7,"y":-7},{"x":8,"y":-7},{"x":1.5,"y":-6.5},{"x":5.5,"y":-6.5},{"x":9.5,"y":-6.5},{"x":3.5,"y":-5.5},{"x":7.5,"y":-5.5},{"x":1,"y":-5},{"x":2,"y":-5},{"x":5,"y":-5},{"x":6,"y":-5},{"x":9,"y":-5},{"x":10,"y":-5},{"x":3.5,"y":-4.5},{"x":7.5,"y":-4.5},{"x":1.5,"y":-3.5},{"x":5.5,"y":-3.5},{"x":9.5,"y":-3.5},{"x":3,"y":-3},{"x":4,"y":-3},{"x":7,"y":-3},{"x":8,"y":-3},{"x":1.5,"y":-2.5},{"x":5.5,"y":-2.5},{"x":9.5,"y":-2.5},{"x":3.5,"y":-1.5},{"x":7.5,"y":-1.5},{"x":5,"y":-1},{"x":6,"y":-1},{"x":3.5,"y":-0.5},{"x":7.5,"y":-0.5}]}],"seeds":["pKB8osF1IkGUznUe08IdlWgyKBKmRqWCIceJkAIGmEWBTpF9D9V4F4INYKAxRWc1CwiGYwcNXucJ4RNl2uRF"]},{"layers":[{"index":0,"tiles":[{"x":2,"y":-9},{"x":6,"y":-9},{"x":8,"y":-9},{"x":9,"y":-9},{"x":3,"y":-8.5},{"x":5,"y":-8.5},{"x":7,"y":-8.5},{"x":4,"y":-8},{"x":6,"y":-8},{"x":5,"y":-7.5},{"x":6,"y":-7},{"x":5,"y":-6.5},{"x":7,"y":-6.5},{"x":4,"y":-6},{"x":6,"y":-6},{"x":8,"y":-6},{"x":2,"y":-5.5},{"x":3,"y":-5.5},{"x":5,"y":-5.5},{"x":9,"y":-5.5},{"x":2,"y":-4},{"x":3,"y":-4},{"x":5,"y":-4},{"x":9,"y":-4},{"x":4,"y":-3.5},{"x":6,"y":-3.5},{"x":8,"y":-3.5},{"x":5,"y":-3},{"x":7,"y":-3},{"x":6,"y":-2.5},{"x":5,"y":-2},{"x":4,"y":-1.5},{"x":6,"y":-1.5},{"x":3,"y":-1},{"x":5,"y":-1},{"x":7,"y":-1},{"x":2,"y":-0.5},{"x":6,"y":-0.5},{"x":8,"y":-0.5},{"x":9,"y":-0.5}]},{"index":1,"tiles":[{"x":2,"y":-9},{"x":6,"y":-9},{"x":8,"y":-9},{"x":9,"y":-9},{"x":3,"y":-8.5},{"x":5,"y":-8.5},{"x":7,"y":-8.5},{"x":4,"y":-8},{"x":6,"y":-8},{"x":5,"y":-7.5},{"x":6,"y":-7},{"x":5,"y":-6.5},{"x":7,"y":-6.5},{"x":4,"y":-6},{"x":6,"y":-6},{"x":8,"y":-6},{"x":2,"y":-5.5},{"x":3,"y":-5.5},{"x":5,"y":-5.5},{"x":9,"y":-5.5},{"x":2,"y":-4},{"x":3,"y":-4},{"x":5,"y":-4},{"x":9,"y":-4},{"x":4,"y":-3.5},{"x":6,"y":-3.5},{"x":8,"y":-3.5},{"x":5,"y":-3},{"x":7,"y":-3},{"x":6,"y":-2.5},{"x":5,"y":-2},{"x":4,"y":-1.5},{"x":6,"y":-1.5},{"x":3,"y":-1},{"x":5,"y":-1},{"x":7,"y":-1},{"x":2,"y":-0.5},{"x":6,"y":-0.5},{"x":8,"y":-0.5},{"x":9,"y":-0.5}]}],"seeds":["oEUt3Lc0RjeAiONh2GghkxBw4ZARB1VwT3gdU5l1kEoGKWOKohKEXQNdoMh0DxoYYCiCxMkJYOVUn1co"]},{"layers":[{"index":0,"tiles":[{"x":3.5,"y":-9},{"x":4.5,"y":-9},{"x":5.5,"y":-9},{"x":6.5,"y":-9},{"x":7.5,"y":-9},{"x":1.5,"y":-8},{"x":5,"y":-8},{"x":6,"y":-8},{"x":9.5,"y":-8},{"x":5.5,"y":-7},{"x":1.5,"y":-6},{"x":5.5,"y":-6},{"x":9.5,"y":-6},{"x":5,"y":-5},{"x":6,"y":-5},{"x":1.5,"y":-4},{"x":4.5,"y":-4},{"x":5.5,"y":-4},{"x":6.5,"y":-4},{"x":9.5,"y":-4},{"x":4,"y":-3},{"x":5,"y":-3},{"x":6,"y":-3},{"x":7,"y":-3},{"x":1.5,"y":-2},{"x":3.5,"y":-2},{"x":4.5,"y":-2},{"x":5.5,"y":-2},{"x":6.5,"y":-2},{"x":7.5,"y":-2},{"x":9.5,"y":-2},{"x":2.5,"y":-1},{"x":3.5,"y":-1},{"x":4.5,"y":-1},{"x":5.5,"y":-1},{"x":6.5,"y":-1},{"x":7.5,"y":-1},{"x":8.5,"y":-1}]},{"index":1,"tiles":[{"x":3.5,"y":-9},{"x":4.5,"y":-9},{"x":5.5,"y":-9},{"x":6.5,"y":-9},{"x":7.5,"y":-9},{"x":1.5,"y":-8},{"x":5,"y":-8},{"x":6,"y":-8},{"x":9.5,"y":-8},{"x":5.5,"y":-7},{"x":1.5,"y":-6},{"x":5.5,"y":-6},{"x":9.5,"y":-6},{"x":5,"y":-5},{"x":6,"y":-5},{"x":1.5,"y":-4},{"x":5,"y":-4},{"x":6,"y":-4},{"x":9.5,"y":-4},{"x":4,"y":-3},{"x":5,"y":-3},{"x":6,"y":-3},{"x":7,"y":-3},{"x":1.5,"y":-2},{"x":3.5,"y":-2},{"x":4.5,"y":-2},{"x":5.5,"y":-2},{"x":6.5,"y":-2},{"x":7.5,"y":-2},{"x":9.5,"y":-2},{"x":2.5,"y":-1},{"x":3.5,"y":-1},{"x":4.5,"y":-1},{"x":5.5,"y":-1},{"x":6.5,"y":-1},{"x":7.5,"y":-1},{"x":8.5,"y":-1}]},{"index":2,"tiles":[{"x":4.5,"y":-9},{"x":5.5,"y":-9},{"x":6.5,"y":-9},{"x":1.5,"y":-8},{"x":5,"y":-8},{"x":6,"y":-8},{"x":5.5,"y":-7},{"x":1.5,"y":-6},{"x":5.5,"y":-6},{"x":5,"y":-5},{"x":6,"y":-5},{"x":1.5,"y":-4},{"x":4.5,"y":-4},{"x":5.5,"y":-4},{"x":6.5,"y":-4},{"x":4,"y":-3},{"x":5,"y":-3},{"x":6,"y":-3},{"x":7,"y":-3},{"x":3.5,"y":-2},{"x":4.5,"y":-2},{"x":5.5,"y":-2},{"x":6.5,"y":-2},{"x":7.5,"y":-2},{"x":2.5,"y":-1},{"x":3.5,"y":-1},{"x":4.5,"y":-1},{"x":5.5,"y":-1},{"x":6.5,"y":-1},{"x":7.5,"y":-1},{"x":8.5,"y":-1}]}],"seeds":["zAcqT5gQEYQw3DWWjSoaxMJVYLcFoLSA3PlRFxYilNVlnPh4jhRyXvgNU4CFlhF4nLB1GRSJUygOGniYXiMMZKIYnBgYXCFWnXY4BTigXwoA"]},{"layers":[{"index":0,"tiles":[{"x":4.5,"y":-9},{"x":5.5,"y":-9},{"x":6.5,"y":-9},{"x":2.5,"y":-8},{"x":3.5,"y":-8},{"x":4.5,"y":-8},{"x":5.5,"y":-8},{"x":6.5,"y":-8},{"x":7.5,"y":-8},{"x":8.5,"y":-8},{"x":2.5,"y":-7},{"x":3.5,"y":-7},{"x":4.5,"y":-7},{"x":6.5,"y":-7},{"x":7.5,"y":-7},{"x":8.5,"y":-7},{"x":1.5,"y":-6},{"x":2.5,"y":-6},{"x":3.5,"y":-6},{"x":4.5,"y":-6},{"x":5.5,"y":-6},{"x":6.5,"y":-6},{"x":7.5,"y":-6},{"x":8.5,"y":-6},{"x":9.5,"y":-6},{"x":1.5,"y":-5},{"x":2.5,"y":-5},{"x":3.5,"y":-5},{"x":4.5,"y":-5},{"x":6.5,"y":-5},{"x":7.5,"y":-5},{"x":8.5,"y":-5},{"x":9.5,"y":-5},{"x":1.5,"y":-4},{"x":2.5,"y":-4},{"x":3.5,"y":-4},{"x":4.5,"y":-4},{"x":5.5,"y":-4},{"x":6.5,"y":-4},{"x":7.5,"y":-4},{"x":8.5,"y":-4},{"x":9.5,"y":-4},{"x":2.5,"y":-3},{"x":3.5,"y":-3},{"x":4.5,"y":-3},{"x":6.5,"y":-3},{"x":7.5,"y":-3},{"x":8.5,"y":-3},{"x":2.5,"y":-2},{"x":3.5,"y":-2},{"x":4.5,"y":-2},{"x":5.5,"y":-2},{"x":6.5,"y":-2},{"x":7.5,"y":-2},{"x":8.5,"y":-2},{"x":4.5,"y":-1},{"x":5.5,"y":-1},{"x":6.5,"y":-1}]},{"index":1,"tiles":[{"x":4.5,"y":-9},{"x":5.5,"y":-9},{"x":6.5,"y":-9},{"x":3.5,"y":-8},{"x":4.5,"y":-8},{"x":5.5,"y":-8},{"x":6.5,"y":-8},{"x":7.5,"y":-8},{"x":2.5,"y":-7},{"x":3.5,"y":-7},{"x":4.5,"y":-7},{"x":6.5,"y":-7},{"x":7.5,"y":-7},{"x":8.5,"y":-7},{"x":3.5,"y":-6},{"x":4.5,"y":-6},{"x":5.5,"y":-6},{"x":6.5,"y":-6},{"x":7.5,"y":-6},{"x":1.5,"y":-5},{"x":2.5,"y":-5},{"x":3.5,"y":-5},{"x":4.5,"y":-5},{"x":6.5,"y":-5},{"x":7.5,"y":-5},{"x":8.5,"y":-5},{"x":9.5,"y":-5},{"x":3.5,"y":-4},{"x":4.5,"y":-4},{"x":5.5,"y":-4},{"x":6.5,"y":-4},{"x":7.5,"y":-4},{"x":2.5,"y":-3},{"x":3.5,"y":-3},{"x":4.5,"y":-3},{"x":6.5,"y":-3},{"x":7.5,"y":-3},{"x":8.5,"y":-3},{"x":3.5,"y":-2},{"x":4.5,"y":-2},{"x":5.5,"y":-2},{"x":6.5,"y":-2},{"x":7.5,"y":-2},{"x":4.5,"y":-1},{"x":5.5,"y":-1},{"x":6.5,"y":-1}]},{"index":2,"tiles":[{"x":5.5,"y":-9},{"x":4.5,"y":-8},{"x":5.5,"y":-8},{"x":6.5,"y":-8},{"x":3.5,"y":-7},{"x":4.5,"y":-7},{"x":6.5,"y":-7},{"x":7.5,"y":-7},{"x":2.5,"y":-5},{"x":8.5,"y":-5},{"x":3.5,"y":-3},{"x":4.5,"y":-3},{"x":6.5,"y":-3},{"x":7.5,"y":-3},{"x":4.5,"y":-2},{"x":5.5,"y":-2},{"x":6.5,"y":-2},{"x":5.5,"y":-1}]},{"index":3,"tiles":[{"x":5.5,"y":-8},{"x":5.5,"y":-2}]}],"seeds":["3LBxztSFnthx2iFOKAFxomcw3iJenkAhY6hWilKFCXOA1jN12zNBoVByX0Z1iIOl3lmJTdd8YKAMYKBIkhaCFpgtw0CZ2FctoXhFQbcUBsFEASNwJBgKxUeFCeiB"]},{"layers":[{"index":0,"tiles":[{"x":1.5,"y":-9},{"x":2.5,"y":-9},{"x":3.5,"y":-9},{"x":4.5,"y":-9},{"x":6.5,"y":-9},{"x":7.5,"y":-9},{"x":8.5,"y":-9},{"x":9.5,"y":-9},{"x":1.5,"y":-7.5},{"x":2.5,"y":-7.5},{"x":3.5,"y":-7.5},{"x":4.5,"y":-7.5},{"x":5.5,"y":-7.5},{"x":6.5,"y":-7.5},{"x":7.5,"y":-7.5},{"x":8.5,"y":-7.5},{"x":9.5,"y":-7.5},{"x":1.5,"y":-6},{"x":2.5,"y":-6},{"x":3.5,"y":-6},{"x":4.5,"y":-6},{"x":6.5,"y":-6},{"x":7.5,"y":-6},{"x":8.5,"y":-6},{"x":9.5,"y":-6},{"x":1.5,"y":-4},{"x":2.5,"y":-4},{"x":3.5,"y":-4},{"x":4.5,"y":-4},{"x":6.5,"y":-4},{"x":7.5,"y":-4},{"x":8.5,"y":-4},{"x":9.5,"y":-4},{"x":1.5,"y":-2.5},{"x":2.5,"y":-2.5},{"x":3.5,"y":-2.5},{"x":4.5,"y":-2.5},{"x":5.5,"y":-2.5},{"x":6.5,"y":-2.5},{"x":7.5,"y":-2.5},{"x":8.5,"y":-2.5},{"x":9.5,"y":-2.5},{"x":1.5,"y":-1},{"x":2.5,"y":-1},{"x":3.5,"y":-1},{"x":4.5,"y":-1},{"x":6.5,"y":-1},{"x":7.5,"y":-1},{"x":8.5,"y":-1},{"x":9.5,"y":-1}]},{"index":1,"tiles":[{"x":1.5,"y":-9},{"x":2.5,"y":-9},{"x":3.5,"y":-9},{"x":4.5,"y":-9},{"x":6.5,"y":-9},{"x":7.5,"y":-9},{"x":8.5,"y":-9},{"x":9.5,"y":-9},{"x":1.5,"y":-7.5},{"x":2.5,"y":-7.5},{"x":3.5,"y":-7.5},{"x":4.5,"y":-7.5},{"x":5.5,"y":-7.5},{"x":6.5,"y":-7.5},{"x":7.5,"y":-7.5},{"x":8.5,"y":-7.5},{"x":9.5,"y":-7.5},{"x":1.5,"y":-6},{"x":2.5,"y":-6},{"x":3.5,"y":-6},{"x":4.5,"y":-6},{"x":6.5,"y":-6},{"x":7.5,"y":-6},{"x":8.5,"y":-6},{"x":9.5,"y":-6},{"x":1.5,"y":-4},{"x":2.5,"y":-4},{"x":3.5,"y":-4},{"x":4.5,"y":-4},{"x":6.5,"y":-4},{"x":7.5,"y":-4},{"x":8.5,"y":-4},{"x":9.5,"y":-4},{"x":1.5,"y":-2.5},{"x":2.5,"y":-2.5},{"x":3.5,"y":-2.5},{"x":4.5,"y":-2.5},{"x":5.5,"y":-2.5},{"x":6.5,"y":-2.5},{"x":7.5,"y":-2.5},{"x":8.5,"y":-2.5},{"x":9.5,"y":-2.5},{"x":1.5,"y":-1},{"x":2.5,"y":-1},{"x":3.5,"y":-1},{"x":4.5,"y":-1},{"x":6.5,"y":-1},{"x":7.5,"y":-1},{"x":8.5,"y":-1},{"x":9.5,"y":-1}]}],"seeds":["AqheU0gFBhEtISJSilGGV8eRgbKFYXU4Whha2gllAwhmYjdw2/d41gN2GJg4YuclAhSJ4RcWR4VJDeelUtEQ0+ih4IeIH8cw5iKG"]},{"layers":[{"index":0,"tiles":[{"x":5.5,"y":-9.5},{"x":4.5,"y":-9},{"x":6.5,"y":-9},{"x":3.5,"y":-8.5},{"x":7.5,"y":-8.5},{"x":2.5,"y":-8},{"x":5.5,"y":-8},{"x":8.5,"y":-8},{"x":1.5,"y":-7.5},{"x":4.5,"y":-7.5},{"x":6.5,"y":-7.5},{"x":9.5,"y":-7.5},{"x":0.5,"y":-7},{"x":3.5,"y":-7},{"x":7.5,"y":-7},{"x":10.5,"y":-7},{"x":2.5,"y":-6.5},{"x":5.5,"y":-6.5},{"x":8.5,"y":-6.5},{"x":1.5,"y":-6},{"x":4.5,"y":-6},{"x":6.5,"y":-6},{"x":9.5,"y":-6},{"x":3.5,"y":-5.5},{"x":7.5,"y":-5.5},{"x":2.5,"y":-5},{"x":8.5,"y":-5},{"x":3.5,"y":-4.5},{"x":7.5,"y":-4.5},{"x":1.5,"y":-4},{"x":4.5,"y":-4},{"x":6.5,"y":-4},{"x":9.5,"y":-4},{"x":2.5,"y":-3.5},{"x":5.5,"y":-3.5},{"x":8.5,"y":-3.5},{"x":0.5,"y":-3},{"x":3.5,"y":-3},{"x":7.5,"y":-3},{"x":10.5,"y":-3},{"x":1.5,"y":-2.5},{"x":4.5,"y":-2.5},{"x":6.5,"y":-2.5},{"x":9.5,"y":-2.5},{"x":2.5,"y":-2},{"x":5.5,"y":-2},{"x":8.5,"y":-2},{"x":3.5,"y":-1.5},{"x":7.5,"y":-1.5},{"x":4.5,"y":-1},{"x":6.5,"y":-1},{"x":5.5,"y":-0.5}]},{"index":1,"tiles":[{"x":5.5,"y":-9.5},{"x":4.5,"y":-9},{"x":6.5,"y":-9},{"x":3.5,"y":-8.5},{"x":7.5,"y":-8.5},{"x":2.5,"y":-8},{"x":5.5,"y":-8},{"x":8.5,"y":-8},{"x":1.5,"y":-7.5},{"x":4.5,"y":-7.5},{"x":6.5,"y":-7.5},{"x":9.5,"y":-7.5},{"x":0.5,"y":-7},{"x":3.5,"y":-7},{"x":7.5,"y":-7},{"x":10.5,"y":-7},{"x":2.5,"y":-6.5},{"x":5.5,"y":-6.5},{"x":8.5,"y":-6.5},{"x":1.5,"y":-6},{"x":4.5,"y":-6},{"x":6.5,"y":-6},{"x":9.5,"y":-6},{"x":3.5,"y":-5.5},{"x":7.5,"y":-5.5},{"x":2.5,"y":-5},{"x":8.5,"y":-5},{"x":3.5,"y":-4.5},{"x":7.5,"y":-4.5},{"x":1.5,"y":-4},{"x":4.5,"y":-4},{"x":6.5,"y":-4},{"x":9.5,"y":-4},{"x":2.5,"y":-3.5},{"x":5.5,"y":-3.5},{"x":8.5,"y":-3.5},{"x":0.5,"y":-3},{"x":3.5,"y":-3},{"x":7.5,"y":-3},{"x":10.5,"y":-3},{"x":1.5,"y":-2.5},{"x":4.5,"y":-2.5},{"x":6.5,"y":-2.5},{"x":9.5,"y":-2.5},{"x":2.5,"y":-2},{"x":5.5,"y":-2},{"x":8.5,"y":-2},{"x":3.5,"y":-1.5},{"x":7.5,"y":-1.5},{"x":4.5,"y":-1},{"x":6.5,"y":-1},{"x":5.5,"y":-0.5}]}],"seeds":["Y5RmXViJ1xl4IRh8ZpOBT6hgWBB22gJ9ncEIVSh+FgJmIAKFoOZdifqA4QSSHBGhA+dJ1FGEC3cY4qSURZd5G9dYFMFJzvYJYsANDpgw"]},{"layers":[{"index":0,"tiles":[{"x":2.5,"y":-9},{"x":3.5,"y":-9},{"x":7.5,"y":-9},{"x":8.5,"y":-9},{"x":1.5,"y":-8.5},{"x":4.5,"y":-8.5},{"x":6.5,"y":-8.5},{"x":9.5,"y":-8.5},{"x":5.5,"y":-8},{"x":1,"y":-7.5},{"x":10,"y":-7.5},{"x":4.5,"y":-7},{"x":6.5,"y":-7},{"x":2,"y":-6},{"x":4,"y":-6},{"x":7,"y":-6},{"x":9,"y":-6},{"x":2,"y":-5},{"x":4,"y":-5},{"x":7,"y":-5},{"x":9,"y":-5},{"x":2,"y":-4},{"x":4,"y":-4},{"x":7,"y":-4},{"x":9,"y":-4},{"x":4.5,"y":-3},{"x":6.5,"y":-3},{"x":1,"y":-2.5},{"x":10,"y":-2.5},{"x":5.5,"y":-2},{"x":1.5,"y":-1.5},{"x":4.5,"y":-1.5},{"x":6.5,"y":-1.5},{"x":9.5,"y":-1.5},{"x":2.5,"y":-1},{"x":3.5,"y":-1},{"x":7.5,"y":-1},{"x":8.5,"y":-1}]},{"index":1,"tiles":[{"x":2.5,"y":-9},{"x":3.5,"y":-9},{"x":7.5,"y":-9},{"x":8.5,"y":-9},{"x":1.5,"y":-8.5},{"x":4.5,"y":-8.5},{"x":6.5,"y":-8.5},{"x":9.5,"y":-8.5},{"x":5,"y":-7.5},{"x":6,"y":-7.5},{"x":1.5,"y":-7},{"x":9.5,"y":-7},{"x":2,"y":-6},{"x":4,"y":-6},{"x":7,"y":-6},{"x":9,"y":-6},{"x":2,"y":-5},{"x":4,"y":-5},{"x":7,"y":-5},{"x":9,"y":-5},{"x":2,"y":-4},{"x":4,"y":-4},{"x":7,"y":-4},{"x":9,"y":-4},{"x":1.5,"y":-3},{"x":9.5,"y":-3},{"x":5,"y":-2.5},{"x":6,"y":-2.5},{"x":1.5,"y":-1.5},{"x":4.5,"y":-1.5},{"x":6.5,"y":-1.5},{"x":9.5,"y":-1.5},{"x":2.5,"y":-1},{"x":3.5,"y":-1},{"x":7.5,"y":-1},{"x":8.5,"y":-1}]},{"index":2,"tiles":[{"x":2.5,"y":-9},{"x":3.5,"y":-9},{"x":7.5,"y":-9},{"x":8.5,"y":-9},{"x":1.5,"y":-8.5},{"x":4.5,"y":-8.5},{"x":6.5,"y":-8.5},{"x":9.5,"y":-8.5},{"x":5.5,"y":-8},{"x":1,"y":-7.5},{"x":10,"y":-7.5},{"x":4.5,"y":-7},{"x":6.5,"y":-7},{"x":4,"y":-6},{"x":7,"y":-6},{"x":4,"y":-5},{"x":7,"y":-5},{"x":4,"y":-4},{"x":7,"y":-4},{"x":4.5,"y":-3},{"x":6.5,"y":-3},{"x":1,"y":-2.5},{"x":10,"y":-2.5},{"x":5.5,"y":-2},{"x":1.5,"y":-1.5},{"x":4.5,"y":-1.5},{"x":6.5,"y":-1.5},{"x":9.5,"y":-1.5},{"x":2.5,"y":-1},{"x":3.5,"y":-1},{"x":7.5,"y":-1},{"x":8.5,"y":-1}]}],"seeds":["hmaGWABGZ/mBYIWCT7eEnAc+Q3MtkThl08dch3hIZBcqCoKNnwdqXGBthiil3KcEiliEASVNkJQJTrJxIeNBSNUUYjgljsBRnNgRhNep1gAA"]},{"layers":[{"index":0,"tiles":[{"x":5,"y":-9.5},{"x":6,"y":-9.5},{"x":4,"y":-9},{"x":7,"y":-9},{"x":1.5,"y":-8.5},{"x":2.5,"y":-8.5},{"x":8.5,"y":-8.5},{"x":9.5,"y":-8.5},{"x":0.5,"y":-8},{"x":3.5,"y":-8},{"x":7.5,"y":-8},{"x":10.5,"y":-8},{"x":0,"y":-7},{"x":4,"y":-7},{"x":7,"y":-7},{"x":11,"y":-7},{"x":5,"y":-6.5},{"x":6,"y":-6.5},{"x":0.5,"y":-6},{"x":3.5,"y":-6},{"x":7.5,"y":-6},{"x":10.5,"y":-6},{"x":1.5,"y":-5.5},{"x":2.5,"y":-5.5},{"x":5.5,"y":-5.5},{"x":8.5,"y":-5.5},{"x":9.5,"y":-5.5},{"x":5.5,"y":-4.5},{"x":4.5,"y":-4},{"x":6.5,"y":-4},{"x":3.5,"y":-3.5},{"x":7.5,"y":-3.5},{"x":3,"y":-2},{"x":8,"y":-2},{"x":4,"y":-1.5},{"x":7,"y":-1.5},{"x":5,"y":-1},{"x":6,"y":-1}]},{"index":1,"tiles":[{"x":5,"y":-9.5},{"x":6,"y":-9.5},{"x":4,"y":-9},{"x":7,"y":-9},{"x":1.5,"y":-8.5},{"x":2.5,"y":-8.5},{"x":8.5,"y":-8.5},{"x":9.5,"y":-8.5},{"x":0.5,"y":-8},{"x":3.5,"y":-8},{"x":7.5,"y":-8},{"x":10.5,"y":-8},{"x":0,"y":-7},{"x":4,"y":-7},{"x":7,"y":-7},{"x":11,"y":-7},{"x":5,"y":-6.5},{"x":6,"y":-6.5},{"x":0.5,"y":-6},{"x":3.5,"y":-6},{"x":7.5,"y":-6},{"x":10.5,"y":-6},{"x":1.5,"y":-5.5},{"x":2.5,"y":-5.5},{"x":5.5,"y":-5.5},{"x":8.5,"y":-5.5},{"x":9.5,"y":-5.5},{"x":5,"y":-4.5},{"x":6,"y":-4.5},{"x":4,"y":-3.5},{"x":7,"y":-3.5},{"x":3,"y":-3},{"x":8,"y":-3},{"x":3,"y":-2},{"x":8,"y":-2},{"x":4,"y":-1.5},{"x":7,"y":-1.5},{"x":5,"y":-1},{"x":6,"y":-1}]},{"index":2,"tiles":[{"x":5,"y":-9.5},{"x":6,"y":-9.5},{"x":4,"y":-9},{"x":7,"y":-9},{"x":1.5,"y":-8.5},{"x":2.5,"y":-8.5},{"x":8.5,"y":-8.5},{"x":9.5,"y":-8.5},{"x":0.5,"y":-8},{"x":3.5,"y":-8},{"x":7.5,"y":-8},{"x":10.5,"y":-8},{"x":0,"y":-7},{"x":4,"y":-7},{"x":7,"y":-7},{"x":11,"y":-7},{"x":5,"y":-6.5},{"x":6,"y":-6.5},{"x":0.5,"y":-6},{"x":3.5,"y":-6},{"x":7.5,"y":-6},{"x":10.5,"y":-6},{"x":1.5,"y":-5.5},{"x":2.5,"y":-5.5},{"x":8.5,"y":-5.5},{"x":9.5,"y":-5.5},{"x":5.5,"y":-5},{"x":5,"y":-4},{"x":6,"y":-4},{"x":3,"y":-3},{"x":8,"y":-3},{"x":3,"y":-2},{"x":8,"y":-2},{"x":4,"y":-1.5},{"x":7,"y":-1.5},{"x":5,"y":-1},{"x":6,"y":-1}]},{"index":3,"tiles":[{"x":5,"y":-9.5},{"x":6,"y":-9.5},{"x":4,"y":-9},{"x":7,"y":-9},{"x":1.5,"y":-8.5},{"x":2.5,"y":-8.5},{"x":8.5,"y":-8.5},{"x":9.5,"y":-8.5},{"x":0.5,"y":-8},{"x":3.5,"y":-8},{"x":7.5,"y":-8},{"x":10.5,"y":-8},{"x":0,"y":-7},{"x":4,"y":-7},{"x":7,"y":-7},{"x":11,"y":-7},{"x":5,"y":-6.5},{"x":6,"y":-6.5},{"x":0.5,"y":-6},{"x":3.5,"y":-6},{"x":7.5,"y":-6},{"x":10.5,"y":-6},{"x":1.5,"y":-5.5},{"x":2.5,"y":-5.5},{"x":8.5,"y":-5.5},{"x":9.5,"y":-5.5}]}],"seeds":["XcoxYiI0lYKABBMSATV1UcGpIpMVHeVJE2hw4Dd0YJOBXQQOxbJw5vVtQSVeXKBVoRYGFrdUQ7g1hwJa4BMqoug1yWF1nrCEAoRZRulJXvB5lCgiRUgOIOdgjPhBwQgSn/IRDjdRwjOF"]},{"layers":[{"index":0,"tiles":[{"x":1.5,"y":-9},{"x":9.5,"y":-9},{"x":0.5,"y":-8.5},{"x":2.5,"y":-8.5},{"x":8.5,"y":-8.5},{"x":10.5,"y":-8.5},{"x":5,"y":-8},{"x":6,"y":-8},{"x":0,"y":-7.5},{"x":3,"y":-7.5},{"x":4,"y":-7.5},{"x":7,"y":-7.5},{"x":8,"y":-7.5},{"x":11,"y":-7.5},{"x":5,"y":-7},{"x":6,"y":-7},{"x":0,"y":-6.5},{"x":3,"y":-6.5},{"x":8,"y":-6.5},{"x":11,"y":-6.5},{"x":0.5,"y":-5.5},{"x":2.5,"y":-5.5},{"x":4.5,"y":-5.5},{"x":6.5,"y":-5.5},{"x":8.5,"y":-5.5},{"x":10.5,"y":-5.5},{"x":1.5,"y":-5},{"x":5.5,"y":-5},{"x":9.5,"y":-5},{"x":0.5,"y":-4.5},{"x":2.5,"y":-4.5},{"x":4.5,"y":-4.5},{"x":6.5,"y":-4.5},{"x":8.5,"y":-4.5},{"x":10.5,"y":-4.5},{"x":0,"y":-3.5},{"x":3,"y":-3.5},{"x":8,"y":-3.5},{"x":11,"y":-3.5},{"x":5,"y":-3},{"x":6,"y":-3},{"x":0,"y":-2.5},{"x":3,"y":-2.5},{"x":4,"y":-2.5},{"x":7,"y":-2.5},{"x":8,"y":-2.5},{"x":11,"y":-2.5},{"x":5,"y":-2},{"x":6,"y":-2},{"x":0.5,"y":-1.5},{"x":2.5,"y":-1.5},{"x":8.5,"y":-1.5},{"x":10.5,"y":-1.5},{"x":1.5,"y":-1},{"x":9.5,"y":-1}]},{"index":1,"tiles":[{"x":1.5,"y":-9},{"x":9.5,"y":-9},{"x":0.5,"y":-8.5},{"x":2.5,"y":-8.5},{"x":8.5,"y":-8.5},{"x":10.5,"y":-8.5},{"x":0,"y":-7.5},{"x":3,"y":-7.5},{"x":5.5,"y":-7.5},{"x":8,"y":-7.5},{"x":11,"y":-7.5},{"x":0,"y":-6.5},{"x":3,"y":-6.5},{"x":8,"y":-6.5},{"x":11,"y":-6.5},{"x":0.5,"y":-5.5},{"x":2.5,"y":-5.5},{"x":4.5,"y":-5.5},{"x":6.5,"y":-5.5},{"x":8.5,"y":-5.5},{"x":10.5,"y":-5.5},{"x":1.5,"y":-5},{"x":5.5,"y":-5},{"x":9.5,"y":-5},{"x":0.5,"y":-4.5},{"x":2.5,"y":-4.5},{"x":4.5,"y":-4.5},{"x":6.5,"y":-4.5},{"x":8.5,"y":-4.5},{"x":10.5,"y":-4.5},{"x":0,"y":-3.5},{"x":3,"y":-3.5},{"x":8,"y":-3.5},{"x":11,"y":-3.5},{"x":0,"y":-2.5},{"x":3,"y":-2.5},{"x":5.5,"y":-2.5},{"x":8,"y":-2.5},{"x":11,"y":-2.5},{"x":0.5,"y":-1.5},{"x":2.5,"y":-1.5},{"x":8.5,"y":-1.5},{"x":10.5,"y":-1.5},{"x":1.5,"y":-1},{"x":9.5,"y":-1}]},{"index":2,"tiles":[{"x":1.5,"y":-9},{"x":9.5,"y":-9},{"x":0.5,"y":-8.5},{"x":2.5,"y":-8.5},{"x":8.5,"y":-8.5},{"x":10.5,"y":-8.5},{"x":0,"y":-7.5},{"x":3,"y":-7.5},{"x":8,"y":-7.5},{"x":11,"y":-7.5},{"x":0,"y":-6.5},{"x":3,"y":-6.5},{"x":8,"y":-6.5},{"x":11,"y":-6.5},{"x":0.5,"y":-5.5},{"x":2.5,"y":-5.5},{"x":4.5,"y":-5.5},{"x":6.5,"y":-5.5},{"x":8.5,"y":-5.5},{"x":10.5,"y":-5.5},{"x":0.5,"y":-4.5},{"x":2.5,"y":-4.5},{"x":4.5,"y":-4.5},{"x":6.5,"y":-4.5},{"x":8.5,"y":-4.5},{"x":10.5,"y":-4.5},{"x":0,"y":-3.5},{"x":3,"y":-3.5},{"x":8,"y":-3.5},{"x":11,"y":-3.5},{"x":0,"y":-2.5},{"x":3,"y":-2.5},{"x":8,"y":-2.5},{"x":11,"y":-2.5},{"x":0.5,"y":-1.5},{"x":2.5,"y":-1.5},{"x":8.5,"y":-1.5},{"x":10.5,"y":-1.5},{"x":1.5,"y":-1},{"x":9.5,"y":-1}]}],"seeds":["W5YpDceBivBQgcVYxCVyYgcGU6V4ohGWYSUSVXKKk7Y1xbcsIreAVtF9lgBOncmES4elTuANhipAHXggTkAyUDJMnidW36hRXkhxIFGIEViEFAFehxQO3ecJXIhEX8OFzwB+HCYpaAMy"]},{"layers":[{"index":0,"tiles":[{"x":4.5,"y":-9},{"x":5.5,"y":-9},{"x":6.5,"y":-9},{"x":5.5,"y":-8},{"x":3.5,"y":-7},{"x":4.5,"y":-7},{"x":5.5,"y":-7},{"x":6.5,"y":-7},{"x":7.5,"y":-7},{"x":3.5,"y":-6},{"x":5.5,"y":-6},{"x":7.5,"y":-6},{"x":1.5,"y":-5},{"x":2.5,"y":-5},{"x":3.5,"y":-5},{"x":4.5,"y":-5},{"x":5.5,"y":-5},{"x":6.5,"y":-5},{"x":7.5,"y":-5},{"x":8.5,"y":-5},{"x":9.5,"y":-5},{"x":3.5,"y":-4},{"x":5.5,"y":-4},{"x":7.5,"y":-4},{"x":3.5,"y":-3},{"x":4.5,"y":-3},{"x":5.5,"y":-3},{"x":6.5,"y":-3},{"x":7.5,"y":-3},{"x":5.5,"y":-2},{"x":4.5,"y":-1},{"x":5.5,"y":-1},{"x":6.5,"y":-1}]},{"index":1,"tiles":[{"x":4.5,"y":-9},{"x":5.5,"y":-9},{"x":6.5,"y":-9},{"x":5.5,"y":-7.5},{"x":3.5,"y":-7},{"x":7.5,"y":-7},{"x":5.5,"y":-6.5},{"x":3.5,"y":-5.5},{"x":7.5,"y":-5.5},{"x":1.5,"y":-5},{"x":5.5,"y":-5},{"x":9.5,"y":-5},{"x":3.5,"y":-4.5},{"x":7.5,"y":-4.5},{"x":5.5,"y":-3.5},{"x":3.5,"y":-3},{"x":7.5,"y":-3},{"x":5.5,"y":-2.5},{"x":4.5,"y":-1},{"x":5.5,"y":-1},{"x":6.5,"y":-1}]},{"index":2,"tiles":[{"x":4,"y":-9},{"x":5.5,"y":-9},{"x":7,"y":-9},{"x":3.5,"y":-7},{"x":5.5,"y":-7},{"x":7.5,"y":-7},{"x":1.5,"y":-5},{"x":3.5,"y":-5},{"x":5.5,"y":-5},{"x":7.5,"y":-5},{"x":9.5,"y":-5},{"x":3.5,"y":-3},{"x":5.5,"y":-3},{"x":7.5,"y":-3},{"x":4,"y":-1},{"x":5.5,"y":-1},{"x":7,"y":-1}]},{"index":3,"tiles":[{"x":5,"y":-9.5},{"x":6,"y":-9.5},{"x":4,"y":-9},{"x":7,"y":-9},{"x":5,"y":-8.5},{"x":6,"y":-8.5},{"x":3,"y":-7.5},{"x":4,"y":-7.5},{"x":7,"y":-7.5},{"x":8,"y":-7.5},{"x":5,"y":-7},{"x":6,"y":-7},{"x":3,"y":-6.5},{"x":4,"y":-6.5},{"x":7,"y":-6.5},{"x":8,"y":-6.5},{"x":1,"y":-5.5},{"x":2,"y":-5.5},{"x":5,"y":-5.5},{"x":6,"y":-5.5},{"x":9,"y":-5.5},{"x":10,"y":-5.5},{"x":3,"y":-5},{"x":4,"y":-5},{"x":7,"y":-5},{"x":8,"y":-5},{"x":1,"y":-4.5},{"x":2,"y":-4.5},{"x":5,"y":-4.5},{"x":6,"y":-4.5},{"x":9,"y":-4.5},{"x":10,"y":-4.5},{"x":3,"y":-3.5},{"x":4,"y":-3.5},{"x":7,"y":-3.5},{"x":8,"y":-3.5},{"x":5,"y":-3},{"x":6,"y":-3},{"x":3,"y":-2.5},{"x":4,"y":-2.5},{"x":7,"y":-2.5},{"x":8,"y":-2.5},{"x":5,"y":-1.5},{"x":6,"y":-1.5},{"x":4,"y":-1},{"x":7,"y":-1},{"x":5,"y":-0.5},{"x":6,"y":-0.5}]},{"index":4,"tiles":[{"x":3.5,"y":-7},{"x":7.5,"y":-7},{"x":1.5,"y":-5},{"x":5.5,"y":-5},{"x":9.5,"y":-5},{"x":3.5,"y":-3},{"x":7.5,"y":-3}]}],"seeds":["oNEVJLURjXREQbCA1zdQW1IsleaBUxBKochxYhqMg9ah4WUQHuR4oHhIXfVxmriECkYFShhMDYN9miVx1qd2oJBMAiJ+mfAgkMdtXBaC5gd2jlAu1KRsoMiAoPJ0ZwQA"]},{"layers":[{"index":0,"tiles":[{"x":6,"y":-9.5},{"x":3.5,"y":-9},{"x":7,"y":-9},{"x":2.5,"y":-8.5},{"x":8,"y":-8.5},{"x":2,"y":-7.5},{"x":3,"y":-7.5},{"x":9,"y":-7.5},{"x":4,"y":-7},{"x":1,"y":-6.5},{"x":2,"y":-6.5},{"x":3,"y":-6.5},{"x":5,"y":-6.5},{"x":9.5,"y":-6.5},{"x":6,"y":-6},{"x":1,"y":-5.5},{"x":2,"y":-5.5},{"x":5,"y":-5.5},{"x":9,"y":-5.5},{"x":10,"y":-5.5},{"x":4,"y":-5},{"x":7,"y":-5},{"x":1,"y":-4.5},{"x":2,"y":-4.5},{"x":6,"y":-4.5},{"x":9,"y":-4.5},{"x":10,"y":-4.5},{"x":5,"y":-4},{"x":1.5,"y":-3.5},{"x":6,"y":-3.5},{"x":8,"y":-3.5},{"x":9,"y":-3.5},{"x":10,"y":-3.5},{"x":7,"y":-3},{"x":2,"y":-2.5},{"x":8,"y":-2.5},{"x":9,"y":-2.5},{"x":3,"y":-1.5},{"x":8.5,"y":-1.5},{"x":4,"y":-1},{"x":7.5,"y":-1},{"x":5,"y":-0.5}]},{"index":1,"tiles":[{"x":6,"y":-9.5},{"x":3.5,"y":-9},{"x":7,"y":-9},{"x":2.5,"y":-8.5},{"x":8.5,"y":-8},{"x":2,"y":-7.5},{"x":3,"y":-7.5},{"x":4,"y":-7},{"x":1,"y":-6.5},{"x":2,"y":-6.5},{"x":3,"y":-6.5},{"x":5,"y":-6.5},{"x":9.5,"y":-6.5},{"x":6,"y":-6},{"x":1,"y":-5.5},{"x":2,"y":-5.5},{"x":5,"y":-5.5},{"x":9,"y":-5.5},{"x":10,"y":-5.5},{"x":4,"y":-5},{"x":7,"y":-5},{"x":1,"y":-4.5},{"x":2,"y":-4.5},{"x":6,"y":-4.5},{"x":9,"y":-4.5},{"x":10,"y":-4.5},{"x":5,"y":-4},{"x":1.5,"y":-3.5},{"x":6,"y":-3.5},{"x":8,"y":-3.5},{"x":9,"y":-3.5},{"x":10,"y":-3.5},{"x":7,"y":-3},{"x":8,"y":-2.5},{"x":9,"y":-2.5},{"x":2.5,"y":-2},{"x":8.5,"y":-1.5},{"x":4,"y":-1},{"x":7.5,"y":-1},{"x":5,"y":-0.5}]},{"index":2,"tiles":[{"x":6,"y":-9.5},{"x":3.5,"y":-9},{"x":7,"y":-9},{"x":2.5,"y":-8.5},{"x":8,"y":-8.5},{"x":2,"y":-7.5},{"x":3,"y":-7.5},{"x":9,"y":-7.5},{"x":4,"y":-7},{"x":1,"y":-6.5},{"x":2,"y":-6.5},{"x":3,"y":-6.5},{"x":5,"y":-6.5},{"x":9.5,"y":-6.5},{"x":6,"y":-6},{"x":1,"y":-5.5},{"x":2,"y":-5.5},{"x":5,"y":-5.5},{"x":9,"y":-5.5},{"x":10,"y":-5.5},{"x":4,"y":-5},{"x":7,"y":-5},{"x":1,"y":-4.5},{"x":2,"y":-4.5},{"x":6,"y":-4.5},{"x":9,"y":-4.5},{"x":10,"y":-4.5},{"x":5,"y":-4},{"x":1.5,"y":-3.5},{"x":6,"y":-3.5},{"x":8,"y":-3.5},{"x":9,"y":-3.5},{"x":10,"y":-3.5},{"x":7,"y":-3},{"x":2,"y":-2.5},{"x":8,"y":-2.5},{"x":9,"y":-2.5},{"x":3,"y":-1.5},{"x":8.5,"y":-1.5},{"x":4,"y":-1},{"x":7.5,"y":-1},{"x":5,"y":-0.5}]}],"seeds":["YvaVgSJqiXEMUNClGqSoYCdMygOe3YI+TsANYhZyDncFFgd+I9hJhIdwFKcooYGFlKeQUcNt2/RlC1GFYNhhyDeBF1iIopVNRSQqXHcwoeJ1odd0JihZjCBWiWiF"]},{"layers":[{"index":0,"tiles":[{"x":2.5,"y":-9},{"x":3.5,"y":-9},{"x":4.5,"y":-9},{"x":5.5,"y":-9},{"x":6.5,"y":-9},{"x":7.5,"y":-9},{"x":8.5,"y":-9},{"x":3.5,"y":-8},{"x":5.5,"y":-8},{"x":7.5,"y":-8},{"x":1.5,"y":-7},{"x":2.5,"y":-7},{"x":3.5,"y":-7},{"x":4.5,"y":-7},{"x":5.5,"y":-7},{"x":6.5,"y":-7},{"x":7.5,"y":-7},{"x":8.5,"y":-7},{"x":9.5,"y":-7},{"x":1.5,"y":-6},{"x":5,"y":-6},{"x":6,"y":-6},{"x":9.5,"y":-6},{"x":4,"y":-5.5},{"x":7,"y":-5.5},{"x":2,"y":-5},{"x":3,"y":-5},{"x":5,"y":-5},{"x":6,"y":-5},{"x":8,"y":-5},{"x":9,"y":-5},{"x":4,"y":-4.5},{"x":7,"y":-4.5},{"x":1.5,"y":-4},{"x":5,"y":-4},{"x":6,"y":-4},{"x":9.5,"y":-4},{"x":1.5,"y":-3},{"x":2.5,"y":-3},{"x":3.5,"y":-3},{"x":4.5,"y":-3},{"x":5.5,"y":-3},{"x":6.5,"y":-3},{"x":7.5,"y":-3},{"x":8.5,"y":-3},{"x":9.5,"y":-3},{"x":3.5,"y":-2},{"x":5.5,"y":-2},{"x":7.5,"y":-2},{"x":2.5,"y":-1},{"x":3.5,"y":-1},{"x":4.5,"y":-1},{"x":5.5,"y":-1},{"x":6.5,"y":-1},{"x":7.5,"y":-1},{"x":8.5,"y":-1}]},{"index":1,"tiles":[{"x":2.5,"y":-9},{"x":3.5,"y":-9},{"x":4.5,"y":-9},{"x":5.5,"y":-9},{"x":6.5,"y":-9},{"x":7.5,"y":-9},{"x":8.5,"y":-9},{"x":3.5,"y":-8},{"x":5.5,"y":-8},{"x":7.5,"y":-8},{"x":3.5,"y":-7},{"x":4.5,"y":-7},{"x":5.5,"y":-7},{"x":6.5,"y":-7},{"x":7.5,"y":-7},{"x":1.5,"y":-6},{"x":9.5,"y":-6},{"x":5,"y":-5.5},{"x":6,"y":-5.5},{"x":2,"y":-5},{"x":3,"y":-5},{"x":4,"y":-5},{"x":7,"y":-5},{"x":8,"y":-5},{"x":9,"y":-5},{"x":5,"y":-4.5},{"x":6,"y":-4.5},{"x":1.5,"y":-4},{"x":9.5,"y":-4},{"x":3.5,"y":-3},{"x":4.5,"y":-3},{"x":5.5,"y":-3},{"x":6.5,"y":-3},{"x":7.5,"y":-3},{"x":3.5,"y":-2},{"x":5.5,"y":-2},{"x":7.5,"y":-2},{"x":2.5,"y":-1},{"x":3.5,"y":-1},{"x":4.5,"y":-1},{"x":5.5,"y":-1},{"x":6.5,"y":-1},{"x":7.5,"y":-1},{"x":8.5,"y":-1}]},{"index":2,"tiles":[{"x":5.5,"y":-8},{"x":4.5,"y":-7},{"x":5.5,"y":-7},{"x":6.5,"y":-7},{"x":5.5,"y":-6},{"x":2,"y":-5.5},{"x":9,"y":-5.5},{"x":3,"y":-5},{"x":4,"y":-5},{"x":5,"y":-5},{"x":6,"y":-5},{"x":7,"y":-5},{"x":8,"y":-5},{"x":2,"y":-4.5},{"x":9,"y":-4.5},{"x":5.5,"y":-4},{"x":4.5,"y":-3},{"x":5.5,"y":-3},{"x":6.5,"y":-3},{"x":5.5,"y":-2}]},{"index":3,"tiles":[{"x":5.5,"y":-7},{"x":5.5,"y":-6},{"x":4.5,"y":-5.5},{"x":6.5,"y":-5.5},{"x":2.5,"y":-5},{"x":3.5,"y":-5},{"x":7.5,"y":-5},{"x":8.5,"y":-5},{"x":4.5,"y":-4.5},{"x":6.5,"y":-4.5},{"x":5.5,"y":-4},{"x":5.5,"y":-3}]}],"seeds":["U2N0gyCKHeip0+d5orlNXddlxbaEDgWGYiUmkBURARpSBXFRB6gt2sEh5yV8VPAp0yeETOOVBrcgEsiMjheGzEOCQccli2Jx0sBARAVGQQWGhIiJWIUNCpcKH/Zwn5h5A6iE"]},{"layers":[{"index":0,"tiles":[{"x":3.5,"y":-9.5},{"x":7.5,"y":-9.5},{"x":2.5,"y":-9},{"x":4.5,"y":-9},{"x":6.5,"y":-9},{"x":8.5,"y":-9},{"x":1.5,"y":-8.5},{"x":9.5,"y":-8.5},{"x":5.5,"y":-8},{"x":1,"y":-7.5},{"x":4.5,"y":-7.5},{"x":6.5,"y":-7.5},{"x":10,"y":-7.5},{"x":2.5,"y":-7},{"x":3.5,"y":-7},{"x":7.5,"y":-7},{"x":8.5,"y":-7},{"x":1.5,"y":-6.5},{"x":9.5,"y":-6.5},{"x":2.5,"y":-5.5},{"x":8.5,"y":-5.5},{"x":1.5,"y":-5},{"x":9.5,"y":-5},{"x":2.5,"y":-4.5},{"x":8.5,"y":-4.5},{"x":1.5,"y":-3.5},{"x":9.5,"y":-3.5},{"x":2.5,"y":-3},{"x":3.5,"y":-3},{"x":7.5,"y":-3},{"x":8.5,"y":-3},{"x":1,"y":-2.5},{"x":4.5,"y":-2.5},{"x":6.5,"y":-2.5},{"x":10,"y":-2.5},{"x":5.5,"y":-2},{"x":1.5,"y":-1.5},{"x":9.5,"y":-1.5},{"x":2.5,"y":-1},{"x":4.5,"y":-1},{"x":6.5,"y":-1},{"x":8.5,"y":-1},{"x":3.5,"y":-0.5},{"x":7.5,"y":-0.5}]},{"index":1,"tiles":[{"x":3.5,"y":-9.5},{"x":7.5,"y":-9.5},{"x":2.5,"y":-9},{"x":4.5,"y":-9},{"x":6.5,"y":-9},{"x":8.5,"y":-9},{"x":1.5,"y":-8.5},{"x":9.5,"y":-8.5},{"x":5.5,"y":-8},{"x":1,"y":-7.5},{"x":4.5,"y":-7.5},{"x":6.5,"y":-7.5},{"x":10,"y":-7.5},{"x":2.5,"y":-7},{"x":3.5,"y":-7},{"x":7.5,"y":-7},{"x":8.5,"y":-7},{"x":1.5,"y":-6.5},{"x":9.5,"y":-6.5},{"x":2.5,"y":-5.5},{"x":8.5,"y":-5.5},{"x":1.5,"y":-5},{"x":9.5,"y":-5},{"x":2.5,"y":-4.5},{"x":8.5,"y":-4.5},{"x":1.5,"y":-3.5},{"x":9.5,"y":-3.5},{"x":2.5,"y":-3},{"x":3.5,"y":-3},{"x":7.5,"y":-3},{"x":8.5,"y":-3},{"x":1,"y":-2.5},{"x":4.5,"y":-2.5},{"x":6.5,"y":-2.5},{"x":10,"y":-2.5},{"x":5.5,"y":-2},{"x":1.5,"y":-1.5},{"x":9.5,"y":-1.5},{"x":2.5,"y":-1},{"x":4.5,"y":-1},{"x":6.5,"y":-1},{"x":8.5,"y":-1},{"x":3.5,"y":-0.5},{"x":7.5,"y":-0.5}]},{"index":2,"tiles":[{"x":3.5,"y":-9.5},{"x":7.5,"y":-9.5},{"x":2.5,"y":-9},{"x":4.5,"y":-9},{"x":6.5,"y":-9},{"x":8.5,"y":-9},{"x":1.5,"y":-8.5},{"x":9.5,"y":-8.5},{"x":5.5,"y":-8},{"x":1,"y":-7.5},{"x":4.5,"y":-7.5},{"x":6.5,"y":-7.5},{"x":10,"y":-7.5},{"x":2.5,"y":-7},{"x":3.5,"y":-7},{"x":7.5,"y":-7},{"x":8.5,"y":-7},{"x":1.5,"y":-6.5},{"x":9.5,"y":-6.5},{"x":2.5,"y":-5.5},{"x":8.5,"y":-5.5},{"x":1.5,"y":-5},{"x":9.5,"y":-5},{"x":2.5,"y":-4.5},{"x":8.5,"y":-4.5},{"x":1.5,"y":-3.5},{"x":9.5,"y":-3.5},{"x":2.5,"y":-3},{"x":3.5,"y":-3},{"x":7.5,"y":-3},{"x":8.5,"y":-3},{"x":1,"y":-2.5},{"x":4.5,"y":-2.5},{"x":6.5,"y":-2.5},{"x":10,"y":-2.5},{"x":5.5,"y":-2},{"x":1.5,"y":-1.5},{"x":9.5,"y":-1.5},{"x":2.5,"y":-1},{"x":4.5,"y":-1},{"x":6.5,"y":-1},{"x":8.5,"y":-1},{"x":3.5,"y":-0.5},{"x":7.5,"y":-0.5}]}],"seeds":["XHIsGhhoSTU106UsSIZ1Q9SBigmVXCAdKSgOn0B1RKUYhKhYnyNeD8iJ3eIJIxl5CLVRIccxlLR4YciBXgaBINqIYvVMhsAJXwiC3lR0IdiFXOGJAROEYeWcDBOqovVt4YAN"]},{"layers":[{"index":0,"tiles":[{"x":2,"y":-8.5},{"x":3,"y":-8.5},{"x":1,"y":-7.5},{"x":2.5,"y":-7.5},{"x":4,"y":-7.5},{"x":2,"y":-6.5},{"x":3,"y":-6.5},{"x":6,"y":-5},{"x":7,"y":-5},{"x":8,"y":-5},{"x":5,"y":-4},{"x":9,"y":-4},{"x":4,"y":-3},{"x":10,"y":-3},{"x":5,"y":-2},{"x":9,"y":-2},{"x":6,"y":-1},{"x":7,"y":-1},{"x":8,"y":-1}]},{"index":1,"tiles":[{"x":2.5,"y":-8.5},{"x":1.5,"y":-8},{"x":3.5,"y":-8},{"x":2.5,"y":-7.5},{"x":1.5,"y":-7},{"x":3.5,"y":-7},{"x":2.5,"y":-6.5},{"x":6.5,"y":-5},{"x":7.5,"y":-5},{"x":5.5,"y":-4.5},{"x":8.5,"y":-4.5},{"x":4.5,"y":-3.5},{"x":9.5,"y":-3.5},{"x":4.5,"y":-2.5},{"x":9.5,"y":-2.5},{"x":5.5,"y":-1.5},{"x":8.5,"y":-1.5},{"x":6.5,"y":-1},{"x":7.5,"y":-1}]},{"index":2,"tiles":[{"x":1,"y":-8.5},{"x":2.5,"y":-8.5},{"x":4,"y":-8.5},{"x":1.5,"y":-7.5},{"x":2.5,"y":-7.5},{"x":3.5,"y":-7.5},{"x":1,"y":-6.5},{"x":2.5,"y":-6.5},{"x":4,"y":-6.5},{"x":5,"y":-5},{"x":7,"y":-5},{"x":9,"y":-5},{"x":6,"y":-4.5},{"x":8,"y":-4.5},{"x":4,"y":-4},{"x":10,"y":-4},{"x":4.5,"y":-3},{"x":9.5,"y":-3},{"x":4,"y":-2},{"x":10,"y":-2},{"x":6,"y":-1.5},{"x":8,"y":-1.5},{"x":5,"y":-1},{"x":7,"y":-1},{"x":9,"y":-1}]},{"index":3,"tiles":[{"x":2.5,"y":-8.5},{"x":1.5,"y":-8},{"x":3.5,"y":-8},{"x":2.5,"y":-7.5},{"x":1.5,"y":-7},{"x":3.5,"y":-7},{"x":2.5,"y":-6.5},{"x":6.5,"y":-5},{"x":7.5,"y":-5},{"x":5.5,"y":-4.5},{"x":8.5,"y":-4.5},{"x":4.5,"y":-3.5},{"x":9.5,"y":-3.5},{"x":4.5,"y":-2.5},{"x":9.5,"y":-2.5},{"x":5.5,"y":-1.5},{"x":8.5,"y":-1.5},{"x":6.5,"y":-1},{"x":7.5,"y":-1}]},{"index":4,"tiles":[{"x":2,"y":-8},{"x":3,"y":-8},{"x":2,"y":-7},{"x":3,"y":-7},{"x":7,"y":-5},{"x":6,"y":-4.5},{"x":8,"y":-4.5},{"x":5,"y":-4},{"x":9,"y":-4},{"x":4.5,"y":-3},{"x":9.5,"y":-3},{"x":5,"y":-2},{"x":9,"y":-2},{"x":6,"y":-1.5},{"x":8,"y":-1.5},{"x":7,"y":-1}]},{"index":5,"tiles":[{"x":1.5,"y":-7.5},{"x":3.5,"y":-7.5},{"x":6.5,"y":-4.5},{"x":7.5,"y":-4.5},{"x":5.5,"y":-4},{"x":8.5,"y":-4},{"x":5,"y":-3},{"x":9,"y":-3},{"x":5.5,"y":-2},{"x":8.5,"y":-2},{"x":6.5,"y":-1.5},{"x":7.5,"y":-1.5}]},{"index":6,"tiles":[{"x":5,"y":-3.5},{"x":9,"y":-3.5},{"x":5,"y":-2.5},{"x":9,"y":-2.5}]},{"index":7,"tiles":[{"x":5,"y":-3},{"x":9,"y":-3}]}],"seeds":["UQSGQahy3WJ03QNxRmCVCNYx16GIhwVuzwcp3OKFnggq2pSKppgRRFhpicQ5U8AJHEU1woZgn+BdoBd0okBxZDdNFcU1zChlivMtSwEWw5eAIoieAxiG"]},{"layers":[{"index":0,"tiles":[{"x":2.5,"y":-9.5},{"x":8.5,"y":-9.5},{"x":1.5,"y":-9},{"x":3.5,"y":-9},{"x":5.5,"y":-9},{"x":7.5,"y":-9},{"x":9.5,"y":-9},{"x":2.5,"y":-8.5},{"x":4.5,"y":-8.5},{"x":6.5,"y":-8.5},{"x":8.5,"y":-8.5},{"x":2.5,"y":-7.5},{"x":8.5,"y":-7.5},{"x":7,"y":-7},{"x":3,"y":-6.5},{"x":5,"y":-6.5},{"x":6,"y":-6.5},{"x":8,"y":-6.5},{"x":9,"y":-6.5},{"x":4,"y":-6},{"x":10,"y":-6},{"x":1,"y":-5.5},{"x":5,"y":-5.5},{"x":9,"y":-5.5},{"x":2,"y":-5},{"x":6,"y":-5},{"x":10,"y":-5},{"x":1,"y":-4.5},{"x":7,"y":-4.5},{"x":2,"y":-4},{"x":3,"y":-4},{"x":5,"y":-4},{"x":6,"y":-4},{"x":8,"y":-4},{"x":4,"y":-3.5},{"x":2.5,"y":-3},{"x":8.5,"y":-3},{"x":2.5,"y":-2},{"x":4.5,"y":-2},{"x":6.5,"y":-2},{"x":8.5,"y":-2},{"x":1.5,"y":-1.5},{"x":3.5,"y":-1.5},{"x":5.5,"y":-1.5},{"x":7.5,"y":-1.5},{"x":9.5,"y":-1.5},{"x":2.5,"y":-1},{"x":8.5,"y":-1}]},{"index":1,"tiles":[{"x":2.5,"y":-9.5},{"x":8.5,"y":-9.5},{"x":1.5,"y":-9},{"x":3.5,"y":-9},{"x":5.5,"y":-9},{"x":7.5,"y":-9},{"x":9.5,"y":-9},{"x":2.5,"y":-8.5},{"x":4.5,"y":-8.5},{"x":6.5,"y":-8.5},{"x":8.5,"y":-8.5},{"x":2.5,"y":-7.5},{"x":8.5,"y":-7.5},{"x":7,"y":-7},{"x":3,"y":-6.5},{"x":5,"y":-6.5},{"x":6,"y":-6.5},{"x":8,"y":-6.5},{"x":9,"y":-6.5},{"x":4,"y":-6},{"x":10,"y":-6},{"x":1,"y":-5.5},{"x":5,"y":-5.5},{"x":9,"y":-5.5},{"x":2,"y":-5},{"x":6,"y":-5},{"x":10,"y":-5},{"x":1,"y":-4.5},{"x":7,"y":-4.5},{"x":2,"y":-4},{"x":3,"y":-4},{"x":5,"y":-4},{"x":6,"y":-4},{"x":8,"y":-4},{"x":4,"y":-3.5},{"x":2.5,"y":-3},{"x":8.5,"y":-3},{"x":2.5,"y":-2},{"x":4.5,"y":-2},{"x":6.5,"y":-2},{"x":8.5,"y":-2},{"x":1.5,"y":-1.5},{"x":3.5,"y":-1.5},{"x":5.5,"y":-1.5},{"x":7.5,"y":-1.5},{"x":9.5,"y":-1.5},{"x":2.5,"y":-1},{"x":8.5,"y":-1}]},{"index":2,"tiles":[{"x":2.5,"y":-9.5},{"x":1.5,"y":-9},{"x":3.5,"y":-9},{"x":2.5,"y":-8.5},{"x":4.5,"y":-8.5},{"x":2.5,"y":-7.5},{"x":3,"y":-6.5},{"x":4,"y":-6},{"x":5,"y":-5.5},{"x":6,"y":-5},{"x":7,"y":-4.5},{"x":8,"y":-4},{"x":8.5,"y":-3},{"x":6.5,"y":-2},{"x":8.5,"y":-2},{"x":7.5,"y":-1.5},{"x":9.5,"y":-1.5},{"x":8.5,"y":-1}]}],"seeds":["3AE6E5qJoBidKRGBA4JUUAcqErVdngIFnxBUBhlQ0tE5IaY5ITcmQRg6zwYWHgh6wRRgzSeYoegVQ9J9YcCoE8hxjSIu1ncZSsmIHEiAopU9wbR0nAYA"]},{"layers":[{"index":0,"tiles":[{"x":4,"y":-7.5},{"x":7,"y":-7.5},{"x":3,"y":-7},{"x":5,"y":-7},{"x":6,"y":-7},{"x":8,"y":-7},{"x":2,"y":-6.5},{"x":4,"y":-6.5},{"x":7,"y":-6.5},{"x":9,"y":-6.5},{"x":3,"y":-6},{"x":5,"y":-6},{"x":6,"y":-6},{"x":8,"y":-6},{"x":1,"y":-5.5},{"x":2,"y":-5.5},{"x":9,"y":-5.5},{"x":10,"y":-5.5},{"x":5,"y":-5},{"x":6,"y":-5},{"x":1,"y":-4.5},{"x":2,"y":-4.5},{"x":4,"y":-4.5},{"x":7,"y":-4.5},{"x":9,"y":-4.5},{"x":10,"y":-4.5},{"x":5,"y":-4},{"x":6,"y":-4},{"x":1,"y":-3.5},{"x":2,"y":-3.5},{"x":9,"y":-3.5},{"x":10,"y":-3.5},{"x":5.5,"y":-3},{"x":1.5,"y":-2.5},{"x":2.5,"y":-2.5},{"x":8.5,"y":-2.5},{"x":9.5,"y":-2.5},{"x":3.5,"y":-2},{"x":7.5,"y":-2},{"x":2.5,"y":-1.5},{"x":4.5,"y":-1.5},{"x":5.5,"y":-1.5},{"x":6.5,"y":-1.5},{"x":8.5,"y":-1.5},{"x":3.5,"y":-1},{"x":7.5,"y":-1},{"x":4.5,"y":-0.5},{"x":5.5,"y":-0.5},{"x":6.5,"y":-0.5}]},{"index":1,"tiles":[{"x":4,"y":-7.5},{"x":7,"y":-7.5},{"x":3,"y":-7},{"x":5,"y":-7},{"x":6,"y":-7},{"x":8,"y":-7},{"x":2,"y":-6.5},{"x":4,"y":-6.5},{"x":7,"y":-6.5},{"x":9,"y":-6.5},{"x":3,"y":-6},{"x":5,"y":-6},{"x":6,"y":-6},{"x":8,"y":-6},{"x":1.5,"y":-5.5},{"x":9.5,"y":-5.5},{"x":5,"y":-5},{"x":6,"y":-5},{"x":1.5,"y":-4.5},{"x":4,"y":-4.5},{"x":7,"y":-4.5},{"x":9.5,"y":-4.5},{"x":5,"y":-4},{"x":6,"y":-4},{"x":1.5,"y":-3.5},{"x":9.5,"y":-3.5},{"x":5.5,"y":-3},{"x":1.5,"y":-2.5},{"x":2.5,"y":-2.5},{"x":8.5,"y":-2.5},{"x":9.5,"y":-2.5},{"x":3,"y":-1.5},{"x":8,"y":-1.5},{"x":5,"y":-1},{"x":6,"y":-1}]},{"index":2,"tiles":[{"x":4,"y":-7.5},{"x":7,"y":-7.5},{"x":3,"y":-7},{"x":5,"y":-7},{"x":6,"y":-7},{"x":8,"y":-7},{"x":2,"y":-6.5},{"x":4,"y":-6.5},{"x":7,"y":-6.5},{"x":9,"y":-6.5},{"x":3,"y":-6},{"x":5,"y":-6},{"x":6,"y":-6},{"x":8,"y":-6},{"x":1,"y":-5.5},{"x":2,"y":-5.5},{"x":9,"y":-5.5},{"x":10,"y":-5.5},{"x":5,"y":-5},{"x":6,"y":-5},{"x":1,"y":-4.5},{"x":2,"y":-4.5},{"x":4,"y":-4.5},{"x":7,"y":-4.5},{"x":9,"y":-4.5},{"x":10,"y":-4.5},{"x":5,"y":-4},{"x":6,"y":-4},{"x":1,"y":-3.5},{"x":2,"y":-3.5},{"x":9,"y":-3.5},{"x":10,"y":-3.5},{"x":5.5,"y":-3},{"x":1.5,"y":-2.5},{"x":2.5,"y":-2.5},{"x":8.5,"y":-2.5},{"x":9.5,"y":-2.5},{"x":3.5,"y":-2},{"x":7.5,"y":-2},{"x":2.5,"y":-1.5},{"x":4.5,"y":-1.5},{"x":5.5,"y":-1.5},{"x":6.5,"y":-1.5},{"x":8.5,"y":-1.5},{"x":3.5,"y":-1},{"x":7.5,"y":-1},{"x":4.5,"y":-0.5},{"x":5.5,"y":-0.5},{"x":6.5,"y":-0.5}]},{"index":3,"tiles":[{"x":5.5,"y":-6.5}]}],"seeds":["lSBynsiFSjdQQceAVRaIITOcz4dMEqgNYCAVoJA04bI04mZZINIZUfYZYGh6nKdgFyVqHwY1Acg9YehNySAeCuEdBLWIDTGWE+eFYKiGV9UJjFCk27dETidyH1N9IeF0E6pAJAUA"]},{"layers":[{"index":0,"tiles":[{"x":5,"y":-9.5},{"x":6,"y":-9.5},{"x":4,"y":-9},{"x":7,"y":-9},{"x":3.5,"y":-8},{"x":7.5,"y":-8},{"x":4,"y":-7},{"x":7,"y":-7},{"x":5,"y":-6.5},{"x":6,"y":-6.5},{"x":2.5,"y":-6},{"x":8.5,"y":-6},{"x":3.5,"y":-5.5},{"x":7.5,"y":-5.5},{"x":1,"y":-5},{"x":4.5,"y":-5},{"x":5.5,"y":-5},{"x":6.5,"y":-5},{"x":10,"y":-5},{"x":2,"y":-4.5},{"x":9,"y":-4.5},{"x":3,"y":-4},{"x":8,"y":-4},{"x":0.5,"y":-3.5},{"x":4,"y":-3.5},{"x":5,"y":-3.5},{"x":6,"y":-3.5},{"x":7,"y":-3.5},{"x":10.5,"y":-3.5},{"x":1.5,"y":-3},{"x":9.5,"y":-3},{"x":2.5,"y":-2.5},{"x":8.5,"y":-2.5},{"x":0,"y":-2},{"x":3.5,"y":-2},{"x":4.5,"y":-2},{"x":5.5,"y":-2},{"x":6.5,"y":-2},{"x":7.5,"y":-2},{"x":11,"y":-2},{"x":1,"y":-1.5},{"x":10,"y":-1.5},{"x":2,"y":-1},{"x":9,"y":-1},{"x":3,"y":-0.5},{"x":4,"y":-0.5},{"x":5,"y":-0.5},{"x":6,"y":-0.5},{"x":7,"y":-0.5},{"x":8,"y":-0.5}]},{"index":1,"tiles":[{"x":5,"y":-9.5},{"x":6,"y":-9.5},{"x":4,"y":-9},{"x":7,"y":-9},{"x":3.5,"y":-8},{"x":7.5,"y":-8},{"x":4,"y":-7},{"x":7,"y":-7},{"x":5,"y":-6.5},{"x":6,"y":-6.5},{"x":2.5,"y":-6},{"x":8.5,"y":-6},{"x":3.5,"y":-5.5},{"x":7.5,"y":-5.5},{"x":1,"y":-5},{"x":4.5,"y":-5},{"x":5.5,"y":-5},{"x":6.5,"y":-5},{"x":10,"y":-5},{"x":2,"y":-4.5},{"x":9,"y":-4.5},{"x":3,"y":-4},{"x":8,"y":-4},{"x":0.5,"y":-3.5},{"x":4,"y":-3.5},{"x":5,"y":-3.5},{"x":6,"y":-3.5},{"x":7,"y":-3.5},{"x":10.5,"y":-3.5},{"x":1.5,"y":-3},{"x":9.5,"y":-3},{"x":2.5,"y":-2.5},{"x":8.5,"y":-2.5},{"x":0,"y":-2},{"x":3.5,"y":-2},{"x":4.5,"y":-2},{"x":5.5,"y":-2},{"x":6.5,"y":-2},{"x":7.5,"y":-2},{"x":11,"y":-2},{"x":1,"y":-1.5},{"x":10,"y":-1.5},{"x":2,"y":-1},{"x":9,"y":-1},{"x":3,"y":-0.5},{"x":4,"y":-0.5},{"x":5,"y":-0.5},{"x":6,"y":-0.5},{"x":7,"y":-0.5},{"x":8,"y":-0.5}]}],"seeds":["JCYFRMgoENc4hRGK4QcKgTpQZwilEzhFDxMuJsJUTcdEyEdwX+iJIOddIieIHtV12WEVDmh9JXiAGoc9xjUmS5hJYDigCah5HVcp"]},{"layers":[{"index":0,"tiles":[{"x":5.5,"y":-10},{"x":4.5,"y":-9},{"x":5.5,"y":-9},{"x":6.5,"y":-9},{"x":5,"y":-8},{"x":6,"y":-8},{"x":2.5,"y":-7.5},{"x":8.5,"y":-7.5},{"x":3.5,"y":-7},{"x":7.5,"y":-7},{"x":2,"y":-6.5},{"x":4.5,"y":-6.5},{"x":5.5,"y":-6.5},{"x":6.5,"y":-6.5},{"x":9,"y":-6.5},{"x":3,"y":-6},{"x":8,"y":-6},{"x":4,"y":-5.5},{"x":5,"y":-5.5},{"x":6,"y":-5.5},{"x":7,"y":-5.5},{"x":4,"y":-4.5},{"x":5,"y":-4.5},{"x":6,"y":-4.5},{"x":7,"y":-4.5},{"x":4,"y":-3.5},{"x":5,"y":-3.5},{"x":6,"y":-3.5},{"x":7,"y":-3.5},{"x":4.5,"y":-2.5},{"x":5.5,"y":-2.5},{"x":6.5,"y":-2.5},{"x":5,"y":-1},{"x":6,"y":-1},{"x":5.5,"y":0}]},{"index":1,"tiles":[{"x":5.5,"y":-10},{"x":4.5,"y":-9},{"x":5.5,"y":-9},{"x":6.5,"y":-9},{"x":5,"y":-8},{"x":6,"y":-8},{"x":2.5,"y":-7.5},{"x":8.5,"y":-7.5},{"x":3.5,"y":-7},{"x":7.5,"y":-7},{"x":2,"y":-6.5},{"x":4.5,"y":-6.5},{"x":5.5,"y":-6.5},{"x":6.5,"y":-6.5},{"x":9,"y":-6.5},{"x":3,"y":-6},{"x":8,"y":-6},{"x":4,"y":-5.5},{"x":5,"y":-5.5},{"x":6,"y":-5.5},{"x":7,"y":-5.5},{"x":4,"y":-4.5},{"x":5,"y":-4.5},{"x":6,"y":-4.5},{"x":7,"y":-4.5},{"x":4,"y":-3.5},{"x":5,"y":-3.5},{"x":6,"y":-3.5},{"x":7,"y":-3.5},{"x":4.5,"y":-2.5},{"x":5.5,"y":-2.5},{"x":6.5,"y":-2.5},{"x":5,"y":-1},{"x":6,"y":-1},{"x":5.5,"y":0}]},{"index":2,"tiles":[{"x":5.5,"y":-6.5},{"x":5,"y":-5.5},{"x":6,"y":-5.5},{"x":5,"y":-4.5},{"x":6,"y":-4.5},{"x":5,"y":-3.5},{"x":6,"y":-3.5},{"x":5.5,"y":-2.5}]}],"seeds":["oUA6HVdB3MFNi9o5oPhxoNBRhCKCxgdmYVoEz+AxChaOEFYWhGeCS0cxQ3Wcnmc9QdNM1wVmqCiGhgUA"]},{"layers":[{"index":0,"tiles":[{"x":2,"y":-9.5},{"x":3,"y":-9.5},{"x":4,"y":-9.5},{"x":5,"y":-9.5},{"x":6,"y":-9.5},{"x":7,"y":-9.5},{"x":8,"y":-9.5},{"x":9,"y":-9.5},{"x":1.5,"y":-8.5},{"x":2.5,"y":-8.5},{"x":3.5,"y":-8.5},{"x":4.5,"y":-8.5},{"x":5.5,"y":-8.5},{"x":6.5,"y":-8.5},{"x":7.5,"y":-8.5},{"x":8.5,"y":-8.5},{"x":9.5,"y":-8.5},{"x":1,"y":-7.5},{"x":3,"y":-7.5},{"x":4,"y":-7.5},{"x":5,"y":-7.5},{"x":6,"y":-7.5},{"x":7,"y":-7.5},{"x":8,"y":-7.5},{"x":10,"y":-7.5},{"x":1,"y":-6.5},{"x":3,"y":-6.5},{"x":4,"y":-6.5},{"x":7,"y":-6.5},{"x":8,"y":-6.5},{"x":10,"y":-6.5},{"x":2,"y":-6},{"x":9,"y":-6},{"x":3,"y":-5.5},{"x":4,"y":-5.5},{"x":5,"y":-5.5},{"x":6,"y":-5.5},{"x":7,"y":-5.5},{"x":8,"y":-5.5},{"x":2,"y":-5},{"x":9,"y":-5},{"x":3,"y":-4.5},{"x":4,"y":-4.5},{"x":5,"y":-4.5},{"x":6,"y":-4.5},{"x":7,"y":-4.5},{"x":8,"y":-4.5},{"x":1.5,"y":-4},{"x":9.5,"y":-4},{"x":2.5,"y":-3.5},{"x":3.5,"y":-3.5},{"x":5.5,"y":-3.5},{"x":7.5,"y":-3.5},{"x":8.5,"y":-3.5},{"x":1.5,"y":-3},{"x":4.5,"y":-3},{"x":6.5,"y":-3},{"x":9.5,"y":-3},{"x":1.5,"y":-1},{"x":4.5,"y":-1},{"x":6.5,"y":-1},{"x":9.5,"y":-1},{"x":2.5,"y":-0.5},{"x":3.5,"y":-0.5},{"x":7.5,"y":-0.5},{"x":8.5,"y":-0.5}]},{"index":1,"tiles":[{"x":2,"y":-9.5},{"x":3,"y":-9.5},{"x":4,"y":-9.5},{"x":5,"y":-9.5},{"x":6,"y":-9.5},{"x":7,"y":-9.5},{"x":8,"y":-9.5},{"x":9,"y":-9.5},{"x":1.5,"y":-8.5},{"x":2.5,"y":-8.5},{"x":3.5,"y":-8.5},{"x":4.5,"y":-8.5},{"x":5.5,"y":-8.5},{"x":6.5,"y":-8.5},{"x":7.5,"y":-8.5},{"x":8.5,"y":-8.5},{"x":9.5,"y":-8.5},{"x":1,"y":-7.5},{"x":3,"y":-7.5},{"x":4,"y":-7.5},{"x":5,"y":-7.5},{"x":6,"y":-7.5},{"x":7,"y":-7.5},{"x":8,"y":-7.5},{"x":10,"y":-7.5},{"x":1,"y":-6.5},{"x":3,"y":-6.5},{"x":4,"y":-6.5},{"x":7,"y":-6.5},{"x":8,"y":-6.5},{"x":10,"y":-6.5},{"x":2,"y":-6},{"x":9,"y":-6},{"x":3,"y":-5.5},{"x":4,"y":-5.5},{"x":7,"y":-5.5},{"x":8,"y":-5.5},{"x":2,"y":-5},{"x":9,"y":-5},{"x":3,"y":-4.5},{"x":4,"y":-4.5},{"x":7,"y":-4.5},{"x":8,"y":-4.5},{"x":1.5,"y":-4},{"x":9.5,"y":-4},{"x":2.5,"y":-3.5},{"x":3.5,"y":-3.5},{"x":7.5,"y":-3.5},{"x":8.5,"y":-3.5},{"x":1,"y":-2.5},{"x":5,"y":-2.5},{"x":6,"y":-2.5},{"x":10,"y":-2.5},{"x":1,"y":-1.5},{"x":5,"y":-1.5},{"x":6,"y":-1.5},{"x":10,"y":-1.5},{"x":2.5,"y":-0.5},{"x":3.5,"y":-0.5},{"x":7.5,"y":-0.5},{"x":8.5,"y":-0.5}]},{"index":2,"tiles":[{"x":3,"y":-9.5},{"x":8,"y":-9.5},{"x":2.5,"y":-8.5},{"x":3.5,"y":-8.5},{"x":4.5,"y":-8.5},{"x":5.5,"y":-8.5},{"x":6.5,"y":-8.5},{"x":7.5,"y":-8.5},{"x":8.5,"y":-8.5},{"x":3,"y":-7.5},{"x":8,"y":-7.5}]},{"index":3,"tiles":[{"x":3.5,"y":-8.5},{"x":7.5,"y":-8.5}]}],"seeds":["3veJSyQpoBGYGhNdC8dxTTWRIbVZ3yFoRWeFVplkYCOCoQEy6DVBnZh6WZGAC1UMIRF6VhcIYBg0HxiK3tRxnHKoEsZ90DR6TkNU4COeziduHVJxFfYEg0cs1CCCBaGIIKNQgtAhXDgw"]},{"layers":[{"index":0,"tiles":[{"x":5.5,"y":-9},{"x":4.5,"y":-8.5},{"x":6.5,"y":-8.5},{"x":2.5,"y":-7.5},{"x":4.5,"y":-7.5},{"x":6.5,"y":-7.5},{"x":8.5,"y":-7.5},{"x":1.5,"y":-7},{"x":3.5,"y":-7},{"x":5.5,"y":-7},{"x":7.5,"y":-7},{"x":9.5,"y":-7},{"x":1.5,"y":-6},{"x":3.5,"y":-6},{"x":5.5,"y":-6},{"x":7.5,"y":-6},{"x":9.5,"y":-6},{"x":0.5,"y":-5.5},{"x":2.5,"y":-5.5},{"x":4.5,"y":-5.5},{"x":6.5,"y":-5.5},{"x":8.5,"y":-5.5},{"x":10.5,"y":-5.5},{"x":0.5,"y":-4.5},{"x":2.5,"y":-4.5},{"x":4.5,"y":-4.5},{"x":6.5,"y":-4.5},{"x":8.5,"y":-4.5},{"x":10.5,"y":-4.5},{"x":1.5,"y":-4},{"x":3.5,"y":-4},{"x":5.5,"y":-4},{"x":7.5,"y":-4},{"x":9.5,"y":-4},{"x":1.5,"y":-3},{"x":3.5,"y":-3},{"x":5.5,"y":-3},{"x":7.5,"y":-3},{"x":9.5,"y":-3},{"x":2.5,"y":-2.5},{"x":4.5,"y":-2.5},{"x":6.5,"y":-2.5},{"x":8.5,"y":-2.5},{"x":4.5,"y":-1.5},{"x":6.5,"y":-1.5},{"x":5.5,"y":-1}]},{"index":1,"tiles":[{"x":5.5,"y":-9},{"x":4.5,"y":-8.5},{"x":6.5,"y":-8.5},{"x":2.5,"y":-7.5},{"x":4.5,"y":-7.5},{"x":6.5,"y":-7.5},{"x":8.5,"y":-7.5},{"x":1.5,"y":-7},{"x":3.5,"y":-7},{"x":5.5,"y":-7},{"x":7.5,"y":-7},{"x":9.5,"y":-7},{"x":1.5,"y":-6},{"x":3.5,"y":-6},{"x":5.5,"y":-6},{"x":7.5,"y":-6},{"x":9.5,"y":-6},{"x":0.5,"y":-5.5},{"x":2.5,"y":-5.5},{"x":4.5,"y":-5.5},{"x":6.5,"y":-5.5},{"x":8.5,"y":-5.5},{"x":10.5,"y":-5.5},{"x":0.5,"y":-4.5},{"x":2.5,"y":-4.5},{"x":4.5,"y":-4.5},{"x":6.5,"y":-4.5},{"x":8.5,"y":-4.5},{"x":10.5,"y":-4.5},{"x":1.5,"y":-4},{"x":3.5,"y":-4},{"x":5.5,"y":-4},{"x":7.5,"y":-4},{"x":9.5,"y":-4},{"x":1.5,"y":-3},{"x":3.5,"y":-3},{"x":5.5,"y":-3},{"x":7.5,"y":-3},{"x":9.5,"y":-3},{"x":2.5,"y":-2.5},{"x":4.5,"y":-2.5},{"x":6.5,"y":-2.5},{"x":8.5,"y":-2.5},{"x":4.5,"y":-1.5},{"x":6.5,"y":-1.5},{"x":5.5,"y":-1}]},{"index":2,"tiles":[{"x":5.5,"y":-9},{"x":4.5,"y":-8.5},{"x":6.5,"y":-8.5},{"x":4.5,"y":-7.5},{"x":6.5,"y":-7.5},{"x":5.5,"y":-7},{"x":5.5,"y":-6},{"x":4.5,"y":-5.5},{"x":6.5,"y":-5.5},{"x":4.5,"y":-4.5},{"x":6.5,"y":-4.5},{"x":5.5,"y":-4},{"x":5.5,"y":-3},{"x":4.5,"y":-2.5},{"x":6.5,"y":-2.5},{"x":4.5,"y":-1.5},{"x":6.5,"y":-1.5},{"x":5.5,"y":-1}]}],"seeds":["Xxd6BuoonWppVDCVlXZtZyOCRACGTEBsICZ4Q5h1SMFdBSKKUqcoVhB+YJWBESdOIiR2oThx3pQmkBEFXIgFizhyB/iZQ/JRTSd4h8Q5C/M8CgkA"]},{"layers":[{"index":0,"tiles":[{"x":1.5,"y":-9},{"x":5.5,"y":-9},{"x":9.5,"y":-9},{"x":2.5,"y":-8.5},{"x":4.5,"y":-8.5},{"x":6.5,"y":-8.5},{"x":8.5,"y":-8.5},{"x":1.5,"y":-8},{"x":3.5,"y":-8},{"x":7.5,"y":-8},{"x":9.5,"y":-8},{"x":2.5,"y":-7.5},{"x":4.5,"y":-7.5},{"x":6.5,"y":-7.5},{"x":8.5,"y":-7.5},{"x":1.5,"y":-7},{"x":5.5,"y":-7},{"x":9.5,"y":-7},{"x":2.5,"y":-6.5},{"x":4.5,"y":-6.5},{"x":6.5,"y":-6.5},{"x":8.5,"y":-6.5},{"x":1.5,"y":-6},{"x":3.5,"y":-6},{"x":7.5,"y":-6},{"x":9.5,"y":-6},{"x":2.5,"y":-5.5},{"x":4.5,"y":-5.5},{"x":6.5,"y":-5.5},{"x":8.5,"y":-5.5},{"x":1.5,"y":-5},{"x":5.5,"y":-5},{"x":9.5,"y":-5},{"x":2.5,"y":-4.5},{"x":4.5,"y":-4.5},{"x":6.5,"y":-4.5},{"x":8.5,"y":-4.5},{"x":1.5,"y":-4},{"x":3.5,"y":-4},{"x":7.5,"y":-4},{"x":9.5,"y":-4},{"x":2.5,"y":-3.5},{"x":4.5,"y":-3.5},{"x":6.5,"y":-3.5},{"x":8.5,"y":-3.5},{"x":1.5,"y":-3},{"x":5.5,"y":-3},{"x":9.5,"y":-3},{"x":2.5,"y":-2.5},{"x":4.5,"y":-2.5},{"x":6.5,"y":-2.5},{"x":8.5,"y":-2.5},{"x":1.5,"y":-2},{"x":3.5,"y":-2},{"x":7.5,"y":-2},{"x":9.5,"y":-2},{"x":2.5,"y":-1.5},{"x":4.5,"y":-1.5},{"x":6.5,"y":-1.5},{"x":8.5,"y":-1.5},{"x":1.5,"y":-1},{"x":5.5,"y":-1},{"x":9.5,"y":-1}]},{"index":1,"tiles":[{"x":1.5,"y":-9},{"x":5.5,"y":-9},{"x":9.5,"y":-9},{"x":2.5,"y":-8.5},{"x":4.5,"y":-8.5},{"x":6.5,"y":-8.5},{"x":8.5,"y":-8.5},{"x":1.5,"y":-8},{"x":3.5,"y":-8},{"x":7.5,"y":-8},{"x":9.5,"y":-8},{"x":2.5,"y":-7.5},{"x":4.5,"y":-7.5},{"x":6.5,"y":-7.5},{"x":8.5,"y":-7.5},{"x":1.5,"y":-7},{"x":5.5,"y":-7},{"x":9.5,"y":-7},{"x":2.5,"y":-6.5},{"x":4.5,"y":-6.5},{"x":6.5,"y":-6.5},{"x":8.5,"y":-6.5},{"x":1.5,"y":-6},{"x":3.5,"y":-6},{"x":7.5,"y":-6},{"x":9.5,"y":-6},{"x":2.5,"y":-5.5},{"x":4.5,"y":-5.5},{"x":6.5,"y":-5.5},{"x":8.5,"y":-5.5},{"x":1.5,"y":-5},{"x":5.5,"y":-5},{"x":9.5,"y":-5},{"x":2.5,"y":-4.5},{"x":4.5,"y":-4.5},{"x":6.5,"y":-4.5},{"x":8.5,"y":-4.5},{"x":1.5,"y":-4},{"x":3.5,"y":-4},{"x":7.5,"y":-4},{"x":9.5,"y":-4},{"x":2.5,"y":-3.5},{"x":4.5,"y":-3.5},{"x":6.5,"y":-3.5},{"x":8.5,"y":-3.5},{"x":1.5,"y":-3},{"x":5.5,"y":-3},{"x":9.5,"y":-3},{"x":2.5,"y":-2.5},{"x":4.5,"y":-2.5},{"x":6.5,"y":-2.5},{"x":8.5,"y":-2.5},{"x":1.5,"y":-2},{"x":3.5,"y":-2},{"x":7.5,"y":-2},{"x":9.5,"y":-2},{"x":2.5,"y":-1.5},{"x":4.5,"y":-1.5},{"x":6.5,"y":-1.5},{"x":8.5,"y":-1.5},{"x":1.5,"y":-1},{"x":5.5,"y":-1},{"x":9.5,"y":-1}]},{"index":2,"tiles":[{"x":1.5,"y":-8.5},{"x":9.5,"y":-8.5},{"x":1.5,"y":-6.5},{"x":9.5,"y":-6.5},{"x":1.5,"y":-5.5},{"x":9.5,"y":-5.5},{"x":1.5,"y":-4.5},{"x":9.5,"y":-4.5},{"x":1.5,"y":-3.5},{"x":9.5,"y":-3.5},{"x":1.5,"y":-1.5},{"x":9.5,"y":-1.5}]},{"index":3,"tiles":[{"x":1.5,"y":-6},{"x":9.5,"y":-6},{"x":1.5,"y":-5},{"x":9.5,"y":-5},{"x":1.5,"y":-4},{"x":9.5,"y":-4}]},{"index":4,"tiles":[{"x":1.5,"y":-5.5},{"x":9.5,"y":-5.5},{"x":1.5,"y":-4.5},{"x":9.5,"y":-4.5}]},{"index":5,"tiles":[{"x":1.5,"y":-5},{"x":9.5,"y":-5}]}],"seeds":["hcZshJcJYgEmAceB4PeNJlII4OSFDeZZH3NtQ4QN5SFoIeh0Wxc0XKBunShqzaMIztKECAg+36QwA3VZy7J9XEF8IVdQlNWJ4tKRnCSByjARG2Fw1MmJnlF41VRVYap5SvdZX8WAaBZEEHSAYSiKYQIA"]},{"layers":[{"index":0,"tiles":[{"x":9.5,"y":-10},{"x":2.5,"y":-9.5},{"x":5.5,"y":-9.5},{"x":8.5,"y":-9.5},{"x":1.5,"y":-9},{"x":4.5,"y":-9},{"x":8,"y":-8.5},{"x":1,"y":-8},{"x":4,"y":-8},{"x":5,"y":-8},{"x":6,"y":-8},{"x":7,"y":-8},{"x":8,"y":-7.5},{"x":1.5,"y":-7},{"x":4.5,"y":-7},{"x":2.5,"y":-6.5},{"x":5.5,"y":-6.5},{"x":8.5,"y":-6.5},{"x":6.5,"y":-6},{"x":9.5,"y":-6},{"x":3,"y":-5.5},{"x":4,"y":-5},{"x":5,"y":-5},{"x":6,"y":-5},{"x":7,"y":-5},{"x":3,"y":-4.5},{"x":6.5,"y":-4},{"x":9.5,"y":-4},{"x":2.5,"y":-3.5},{"x":5.5,"y":-3.5},{"x":8.5,"y":-3.5},{"x":1.5,"y":-3},{"x":4.5,"y":-3},{"x":8,"y":-2.5},{"x":1,"y":-2},{"x":4,"y":-2},{"x":5,"y":-2},{"x":6,"y":-2},{"x":7,"y":-2},{"x":8,"y":-1.5},{"x":1.5,"y":-1},{"x":4.5,"y":-1},{"x":2.5,"y":-0.5},{"x":5.5,"y":-0.5},{"x":8.5,"y":-0.5},{"x":9.5,"y":0}]},{"index":1,"tiles":[{"x":9.5,"y":-10},{"x":2.5,"y":-9.5},{"x":5.5,"y":-9.5},{"x":8.5,"y":-9.5},{"x":1.5,"y":-9},{"x":4.5,"y":-9},{"x":8,"y":-8.5},{"x":1,"y":-8},{"x":4,"y":-8},{"x":5,"y":-8},{"x":6,"y":-8},{"x":7,"y":-8},{"x":8,"y":-7.5},{"x":1.5,"y":-7},{"x":4.5,"y":-7},{"x":2.5,"y":-6.5},{"x":5.5,"y":-6.5},{"x":8.5,"y":-6.5},{"x":6.5,"y":-6},{"x":9.5,"y":-6},{"x":3,"y":-5.5},{"x":4,"y":-5},{"x":5,"y":-5},{"x":6,"y":-5},{"x":7,"y":-5},{"x":3,"y":-4.5},{"x":6.5,"y":-4},{"x":9.5,"y":-4},{"x":2.5,"y":-3.5},{"x":5.5,"y":-3.5},{"x":8.5,"y":-3.5},{"x":1.5,"y":-3},{"x":4.5,"y":-3},{"x":8,"y":-2.5},{"x":1,"y":-2},{"x":4,"y":-2},{"x":5,"y":-2},{"x":6,"y":-2},{"x":7,"y":-2},{"x":8,"y":-1.5},{"x":1.5,"y":-1},{"x":4.5,"y":-1},{"x":2.5,"y":-0.5},{"x":5.5,"y":-0.5},{"x":8.5,"y":-0.5},{"x":9.5,"y":0}]}],"seeds":["ZmNFlCMtSMaBZShhncgNy4d6XeIxBAd6IfhNCJdpARR1xZceRwEqg1BdIfaoxCWOJFMZoBA+4SR+oNZAp6dQgZV0hhg6"]},{"layers":[{"index":0,"tiles":[{"x":2.5,"y":-9},{"x":4.5,"y":-9},{"x":5.5,"y":-9},{"x":6.5,"y":-9},{"x":8.5,"y":-9},{"x":3.5,"y":-8.5},{"x":7.5,"y":-8.5},{"x":1.5,"y":-8},{"x":5.5,"y":-8},{"x":9.5,"y":-8},{"x":3,"y":-7.5},{"x":8,"y":-7.5},{"x":2,"y":-7},{"x":4.5,"y":-7},{"x":5.5,"y":-7},{"x":6.5,"y":-7},{"x":9,"y":-7},{"x":1.5,"y":-6},{"x":3.5,"y":-6},{"x":4.5,"y":-6},{"x":5.5,"y":-6},{"x":6.5,"y":-6},{"x":7.5,"y":-6},{"x":9.5,"y":-6},{"x":1.5,"y":-5},{"x":2.5,"y":-5},{"x":3.5,"y":-5},{"x":4.5,"y":-5},{"x":5.5,"y":-5},{"x":6.5,"y":-5},{"x":7.5,"y":-5},{"x":8.5,"y":-5},{"x":9.5,"y":-5},{"x":1.5,"y":-4},{"x":3.5,"y":-4},{"x":4.5,"y":-4},{"x":5.5,"y":-4},{"x":6.5,"y":-4},{"x":7.5,"y":-4},{"x":9.5,"y":-4},{"x":2,"y":-3},{"x":4.5,"y":-3},{"x":5.5,"y":-3},{"x":6.5,"y":-3},{"x":9,"y":-3},{"x":3,"y":-2.5},{"x":8,"y":-2.5},{"x":1.5,"y":-2},{"x":5.5,"y":-2},{"x":9.5,"y":-2},{"x":3.5,"y":-1.5},{"x":7.5,"y":-1.5},{"x":2.5,"y":-1},{"x":4.5,"y":-1},{"x":5.5,"y":-1},{"x":6.5,"y":-1},{"x":8.5,"y":-1}]},{"index":1,"tiles":[{"x":2.5,"y":-9},{"x":4.5,"y":-9},{"x":5.5,"y":-9},{"x":6.5,"y":-9},{"x":8.5,"y":-9},{"x":3.5,"y":-8.5},{"x":7.5,"y":-8.5},{"x":1.5,"y":-8},{"x":5.5,"y":-8},{"x":9.5,"y":-8},{"x":3,"y":-7.5},{"x":8,"y":-7.5},{"x":2,"y":-7},{"x":4.5,"y":-7},{"x":5.5,"y":-7},{"x":6.5,"y":-7},{"x":9,"y":-7},{"x":1.5,"y":-6},{"x":3.5,"y":-6},{"x":4.5,"y":-6},{"x":5.5,"y":-6},{"x":6.5,"y":-6},{"x":7.5,"y":-6},{"x":9.5,"y":-6},{"x":1.5,"y":-5},{"x":2.5,"y":-5},{"x":3.5,"y":-5},{"x":4.5,"y":-5},{"x":5.5,"y":-5},{"x":6.5,"y":-5},{"x":7.5,"y":-5},{"x":8.5,"y":-5},{"x":9.5,"y":-5},{"x":1.5,"y":-4},{"x":3.5,"y":-4},{"x":4.5,"y":-4},{"x":5.5,"y":-4},{"x":6.5,"y":-4},{"x":7.5,"y":-4},{"x":9.5,"y":-4},{"x":2,"y":-3},{"x":4.5,"y":-3},{"x":5.5,"y":-3},{"x":6.5,"y":-3},{"x":9,"y":-3},{"x":3,"y":-2.5},{"x":8,"y":-2.5},{"x":1.5,"y":-2},{"x":5.5,"y":-2},{"x":9.5,"y":-2},{"x":3.5,"y":-1.5},{"x":7.5,"y":-1.5},{"x":2.5,"y":-1},{"x":4.5,"y":-1},{"x":5.5,"y":-1},{"x":6.5,"y":-1},{"x":8.5,"y":-1}]}],"seeds":["D9cFBQdy5ad6lwB9U6ZsAmGG4YSdoMFhojN0zCKKVudkHDmG3WMt33CACBN+zRRVoJQFQuhFolKAjQiCXhcIW8dV2aFRSJIQV2gonkSlGqQEWTaBqAgA"]},{"layers":[{"index":0,"tiles":[{"x":5.5,"y":-9.5},{"x":2,"y":-9},{"x":4.5,"y":-9},{"x":6.5,"y":-9},{"x":9,"y":-9},{"x":3.5,"y":-8.5},{"x":5.5,"y":-8.5},{"x":7.5,"y":-8.5},{"x":1.5,"y":-8},{"x":2.5,"y":-8},{"x":8.5,"y":-8},{"x":9.5,"y":-8},{"x":5,"y":-7.5},{"x":6,"y":-7.5},{"x":2,"y":-6.5},{"x":3,"y":-6.5},{"x":5,"y":-6.5},{"x":6,"y":-6.5},{"x":8,"y":-6.5},{"x":9,"y":-6.5},{"x":2,"y":-5.5},{"x":3,"y":-5.5},{"x":5,"y":-5.5},{"x":6,"y":-5.5},{"x":8,"y":-5.5},{"x":9,"y":-5.5},{"x":2,"y":-4.5},{"x":3,"y":-4.5},{"x":5,"y":-4.5},{"x":6,"y":-4.5},{"x":8,"y":-4.5},{"x":9,"y":-4.5},{"x":2,"y":-3.5},{"x":3,"y":-3.5},{"x":5,"y":-3.5},{"x":6,"y":-3.5},{"x":8,"y":-3.5},{"x":9,"y":-3.5},{"x":1.5,"y":-2.5},{"x":2.5,"y":-2.5},{"x":8.5,"y":-2.5},{"x":9.5,"y":-2.5},{"x":3.5,"y":-2},{"x":7.5,"y":-2},{"x":2,"y":-1.5},{"x":4.5,"y":-1.5},{"x":6.5,"y":-1.5},{"x":9,"y":-1.5},{"x":5.5,"y":-1}]},{"index":1,"tiles":[{"x":5.5,"y":-9},{"x":2.5,"y":-8.5},{"x":3.5,"y":-8.5},{"x":4.5,"y":-8.5},{"x":6.5,"y":-8.5},{"x":7.5,"y":-8.5},{"x":8.5,"y":-8.5},{"x":1.5,"y":-8},{"x":5.5,"y":-8},{"x":9.5,"y":-8},{"x":5.5,"y":-7},{"x":2.5,"y":-6},{"x":5.5,"y":-6},{"x":8.5,"y":-6},{"x":2.5,"y":-5},{"x":5.5,"y":-5},{"x":8.5,"y":-5},{"x":2.5,"y":-4},{"x":5.5,"y":-4},{"x":8.5,"y":-4},{"x":2.5,"y":-3},{"x":8.5,"y":-3},{"x":1.5,"y":-2.5},{"x":9.5,"y":-2.5},{"x":2.5,"y":-2},{"x":3.5,"y":-2},{"x":4.5,"y":-2},{"x":6.5,"y":-2},{"x":7.5,"y":-2},{"x":8.5,"y":-2}]},{"index":2,"tiles":[{"x":3,"y":-9},{"x":5,"y":-9},{"x":6,"y":-9},{"x":8,"y":-9},{"x":2,"y":-8.5},{"x":4,"y":-8.5},{"x":7,"y":-8.5},{"x":9,"y":-8.5},{"x":3,"y":-8},{"x":8,"y":-8},{"x":5.5,"y":-7.5},{"x":2.5,"y":-6.5},{"x":5.5,"y":-6.5},{"x":8.5,"y":-6.5},{"x":2.5,"y":-5.5},{"x":5.5,"y":-5.5},{"x":8.5,"y":-5.5},{"x":2.5,"y":-4.5},{"x":5.5,"y":-4.5},{"x":8.5,"y":-4.5},{"x":2.5,"y":-3.5},{"x":5.5,"y":-3.5},{"x":8.5,"y":-3.5},{"x":3,"y":-2.5},{"x":8,"y":-2.5},{"x":2,"y":-2},{"x":4,"y":-2},{"x":7,"y":-2},{"x":9,"y":-2},{"x":3,"y":-1.5},{"x":5,"y":-1.5},{"x":6,"y":-1.5},{"x":8,"y":-1.5}]}],"seeds":["YWg0QQNZiUAeBNRIV3YpVSZ6RVMkgvel4YdZFIc6IsUhnbAhizcRj8WJpiicHmhITqSEH8cU4MA94MQthxZqUchtojUG2ACCVfeBYRh2TFh0IqeW"]},{"layers":[{"index":0,"tiles":[{"x":1.5,"y":-9.5},{"x":2.5,"y":-9.5},{"x":4.5,"y":-9.5},{"x":6.5,"y":-9.5},{"x":8.5,"y":-9.5},{"x":9.5,"y":-9.5},{"x":3.5,"y":-9},{"x":5.5,"y":-9},{"x":7.5,"y":-9},{"x":2,"y":-8.5},{"x":4.5,"y":-8.5},{"x":6.5,"y":-8.5},{"x":9,"y":-8.5},{"x":3.5,"y":-8},{"x":5.5,"y":-8},{"x":7.5,"y":-8},{"x":2,"y":-7.5},{"x":4.5,"y":-7.5},{"x":6.5,"y":-7.5},{"x":9,"y":-7.5},{"x":5.5,"y":-7},{"x":2.5,"y":-6.5},{"x":8.5,"y":-6.5},{"x":3.5,"y":-6},{"x":7.5,"y":-6},{"x":4.5,"y":-5.5},{"x":6.5,"y":-5.5},{"x":5.5,"y":-5},{"x":4.5,"y":-4.5},{"x":6.5,"y":-4.5},{"x":3.5,"y":-4},{"x":7.5,"y":-4},{"x":2.5,"y":-3.5},{"x":5.5,"y":-3.5},{"x":8.5,"y":-3.5},{"x":4.5,"y":-3},{"x":6.5,"y":-3},{"x":2,"y":-2.5},{"x":3.5,"y":-2.5},{"x":5.5,"y":-2.5},{"x":7.5,"y":-2.5},{"x":9,"y":-2.5},{"x":2,"y":-1.5},{"x":9,"y":-1.5},{"x":1.5,"y":-0.5},{"x":2.5,"y":-0.5},{"x":3.5,"y":-0.5},{"x":4.5,"y":-0.5},{"x":5.5,"y":-0.5},{"x":6.5,"y":-0.5},{"x":7.5,"y":-0.5},{"x":8.5,"y":-0.5},{"x":9.5,"y":-0.5}]},{"index":1,"tiles":[{"x":1.5,"y":-9.5},{"x":2.5,"y":-9.5},{"x":3.5,"y":-9.5},{"x":4.5,"y":-9.5},{"x":5.5,"y":-9.5},{"x":6.5,"y":-9.5},{"x":7.5,"y":-9.5},{"x":8.5,"y":-9.5},{"x":9.5,"y":-9.5},{"x":2,"y":-8.5},{"x":3.5,"y":-8.5},{"x":5.5,"y":-8.5},{"x":7.5,"y":-8.5},{"x":9,"y":-8.5},{"x":4.5,"y":-8},{"x":6.5,"y":-8},{"x":2,"y":-7.5},{"x":5.5,"y":-7.5},{"x":9,"y":-7.5},{"x":2.5,"y":-6.5},{"x":8.5,"y":-6.5},{"x":3.5,"y":-6},{"x":7.5,"y":-6},{"x":4.5,"y":-5.5},{"x":6.5,"y":-5.5},{"x":5.5,"y":-5},{"x":4.5,"y":-4.5},{"x":6.5,"y":-4.5},{"x":3.5,"y":-4},{"x":7.5,"y":-4},{"x":2.5,"y":-3.5},{"x":8.5,"y":-3.5},{"x":2,"y":-2.5},{"x":9,"y":-2.5},{"x":2,"y":-1.5},{"x":9,"y":-1.5},{"x":1.5,"y":-0.5},{"x":2.5,"y":-0.5},{"x":3.5,"y":-0.5},{"x":4.5,"y":-0.5},{"x":5.5,"y":-0.5},{"x":6.5,"y":-0.5},{"x":7.5,"y":-0.5},{"x":8.5,"y":-0.5},{"x":9.5,"y":-0.5}]}],"seeds":["nYp9DnKKiQhtkdWB0qeA0VJy15Ap0PAUnvdMHRcKVqiJ33UEnEh6QmiOQXFIlUE4HMdhX8NRHjiBINEwYcckFWUgG5ppKRcuIQgA"]},{"layers":[{"index":0,"tiles":[{"x":1,"y":-9},{"x":2,"y":-9},{"x":3,"y":-9},{"x":4,"y":-9},{"x":7,"y":-9},{"x":8,"y":-9},{"x":9,"y":-9},{"x":10,"y":-9},{"x":1,"y":-8},{"x":2,"y":-8},{"x":3,"y":-8},{"x":4,"y":-8},{"x":5,"y":-8},{"x":6,"y":-8},{"x":7,"y":-8},{"x":8,"y":-8},{"x":9,"y":-8},{"x":10,"y":-8},{"x":1,"y":-7},{"x":2,"y":-7},{"x":3,"y":-7},{"x":4,"y":-7},{"x":5,"y":-7},{"x":6,"y":-7},{"x":7,"y":-7},{"x":8,"y":-7},{"x":9,"y":-7},{"x":10,"y":-7},{"x":2,"y":-6},{"x":3,"y":-6},{"x":4,"y":-6},{"x":5.5,"y":-6},{"x":7,"y":-6},{"x":8,"y":-6},{"x":9,"y":-6},{"x":3,"y":-5},{"x":4,"y":-5},{"x":5,"y":-5},{"x":6,"y":-5},{"x":7,"y":-5},{"x":8,"y":-5},{"x":2,"y":-4},{"x":3,"y":-4},{"x":4,"y":-4},{"x":5.5,"y":-4},{"x":7,"y":-4},{"x":8,"y":-4},{"x":9,"y":-4},{"x":1,"y":-3},{"x":2,"y":-3},{"x":3,"y":-3},{"x":4,"y":-3},{"x":5,"y":-3},{"x":6,"y":-3},{"x":7,"y":-3},{"x":8,"y":-3},{"x":9,"y":-3},{"x":10,"y":-3},{"x":1,"y":-2},{"x":2,"y":-2},{"x":3,"y":-2},{"x":4,"y":-2},{"x":5,"y":-2},{"x":6,"y":-2},{"x":7,"y":-2},{"x":8,"y":-2},{"x":9,"y":-2},{"x":10,"y":-2},{"x":1,"y":-1},{"x":2,"y":-1},{"x":3,"y":-1},{"x":4,"y":-1},{"x":7,"y":-1},{"x":8,"y":-1},{"x":9,"y":-1},{"x":10,"y":-1}]},{"index":1,"tiles":[{"x":1.5,"y":-8.5},{"x":2.5,"y":-8.5},{"x":3.5,"y":-8.5},{"x":7.5,"y":-8.5},{"x":8.5,"y":-8.5},{"x":9.5,"y":-8.5},{"x":1.5,"y":-7.5},{"x":2.5,"y":-7.5},{"x":3.5,"y":-7.5},{"x":4.5,"y":-7.5},{"x":5.5,"y":-7.5},{"x":6.5,"y":-7.5},{"x":7.5,"y":-7.5},{"x":8.5,"y":-7.5},{"x":9.5,"y":-7.5},{"x":2.5,"y":-6.5},{"x":3.5,"y":-6.5},{"x":4.5,"y":-6.5},{"x":5.5,"y":-6.5},{"x":6.5,"y":-6.5},{"x":7.5,"y":-6.5},{"x":8.5,"y":-6.5},{"x":3.5,"y":-5.5},{"x":5.5,"y":-5.5},{"x":7.5,"y":-5.5},{"x":4.5,"y":-5},{"x":6.5,"y":-5},{"x":3.5,"y":-4.5},{"x":5.5,"y":-4.5},{"x":7.5,"y":-4.5},{"x":2.5,"y":-3.5},{"x":3.5,"y":-3.5},{"x":4.5,"y":-3.5},{"x":5.5,"y":-3.5},{"x":6.5,"y":-3.5},{"x":7.5,"y":-3.5},{"x":8.5,"y":-3.5},{"x":1.5,"y":-2.5},{"x":2.5,"y":-2.5},{"x":3.5,"y":-2.5},{"x":4.5,"y":-2.5},{"x":5.5,"y":-2.5},{"x":6.5,"y":-2.5},{"x":7.5,"y":-2.5},{"x":8.5,"y":-2.5},{"x":9.5,"y":-2.5},{"x":1.5,"y":-1.5},{"x":2.5,"y":-1.5},{"x":3.5,"y":-1.5},{"x":7.5,"y":-1.5},{"x":8.5,"y":-1.5},{"x":9.5,"y":-1.5}]},{"index":2,"tiles":[{"x":2,"y":-8},{"x":3,"y":-8},{"x":8,"y":-8},{"x":9,"y":-8},{"x":3,"y":-7},{"x":4,"y":-7},{"x":5,"y":-7},{"x":6,"y":-7},{"x":7,"y":-7},{"x":8,"y":-7},{"x":5.5,"y":-6},{"x":4.5,"y":-5.5},{"x":6.5,"y":-5.5},{"x":3.5,"y":-5},{"x":7.5,"y":-5},{"x":4.5,"y":-4.5},{"x":6.5,"y":-4.5},{"x":5.5,"y":-4},{"x":3,"y":-3},{"x":4,"y":-3},{"x":5,"y":-3},{"x":6,"y":-3},{"x":7,"y":-3},{"x":8,"y":-3},{"x":2,"y":-2},{"x":3,"y":-2},{"x":8,"y":-2},{"x":9,"y":-2}]},{"index":3,"tiles":[{"x":2.5,"y":-7.5},{"x":8.5,"y":-7.5},{"x":2.5,"y":-2.5},{"x":8.5,"y":-2.5}]}],"seeds":["AuGFUGgyBgh9l8Z5UzaII+FEnAhawRApwXEFX1c9w4d2lXhwqjQoBGdRQ4FAgjgJRsJ1lWJoWCI4TJWBzdAVXfE1XOM5YLGEYMdMHEiC3kJAHbhwxgWKoNiE4kddHXdi4YSIXehtafeETOdQFGd5VtktoRJsUvAF"]},{"layers":[{"index":0,"tiles":[{"x":1,"y":-9.5},{"x":2,"y":-9.5},{"x":3,"y":-9.5},{"x":4,"y":-9.5},{"x":5,"y":-9.5},{"x":6,"y":-9.5},{"x":7,"y":-9.5},{"x":8,"y":-9.5},{"x":9,"y":-9.5},{"x":10,"y":-9.5},{"x":2,"y":-8.5},{"x":3,"y":-8.5},{"x":4,"y":-8.5},{"x":5,"y":-8.5},{"x":6,"y":-8.5},{"x":7,"y":-8.5},{"x":8,"y":-8.5},{"x":9,"y":-8.5},{"x":2.5,"y":-7.5},{"x":3.5,"y":-7.5},{"x":4.5,"y":-7.5},{"x":5.5,"y":-7.5},{"x":6.5,"y":-7.5},{"x":7.5,"y":-7.5},{"x":8.5,"y":-7.5},{"x":1.5,"y":-7},{"x":9.5,"y":-7},{"x":2.5,"y":-6.5},{"x":3.5,"y":-6.5},{"x":4.5,"y":-6.5},{"x":5.5,"y":-6.5},{"x":6.5,"y":-6.5},{"x":7.5,"y":-6.5},{"x":8.5,"y":-6.5},{"x":1.5,"y":-6},{"x":9.5,"y":-6},{"x":2.5,"y":-5.5},{"x":8.5,"y":-5.5},{"x":1.5,"y":-5},{"x":4,"y":-5},{"x":5,"y":-5},{"x":6,"y":-5},{"x":7,"y":-5},{"x":9.5,"y":-5},{"x":2.5,"y":-4.5},{"x":8.5,"y":-4.5},{"x":1.5,"y":-4},{"x":4,"y":-4},{"x":5,"y":-4},{"x":6,"y":-4},{"x":7,"y":-4},{"x":9.5,"y":-4},{"x":2.5,"y":-3.5},{"x":8.5,"y":-3.5},{"x":1.5,"y":-3},{"x":9.5,"y":-3},{"x":2.5,"y":-2.5},{"x":3.5,"y":-2.5},{"x":4.5,"y":-2.5},{"x":5.5,"y":-2.5},{"x":6.5,"y":-2.5},{"x":7.5,"y":-2.5},{"x":8.5,"y":-2.5},{"x":1.5,"y":-2},{"x":9.5,"y":-2},{"x":2.5,"y":-1.5},{"x":3.5,"y":-1.5},{"x":4.5,"y":-1.5},{"x":5.5,"y":-1.5},{"x":6.5,"y":-1.5},{"x":7.5,"y":-1.5},{"x":8.5,"y":-1.5}]},{"index":1,"tiles":[{"x":1.5,"y":-9.5},{"x":2.5,"y":-9.5},{"x":8.5,"y":-9.5},{"x":9.5,"y":-9.5},{"x":3.5,"y":-9},{"x":4.5,"y":-9},{"x":5.5,"y":-9},{"x":6.5,"y":-9},{"x":7.5,"y":-9},{"x":2.5,"y":-8.5},{"x":8.5,"y":-8.5},{"x":4,"y":-8},{"x":5,"y":-8},{"x":6,"y":-8},{"x":7,"y":-8},{"x":4,"y":-7},{"x":7,"y":-7},{"x":5,"y":-6.5},{"x":6,"y":-6.5},{"x":5.5,"y":-5},{"x":3.5,"y":-4.5},{"x":4.5,"y":-4.5},{"x":6.5,"y":-4.5},{"x":7.5,"y":-4.5},{"x":5.5,"y":-4},{"x":5,"y":-2.5},{"x":6,"y":-2.5},{"x":5.5,"y":-1.5}]},{"index":2,"tiles":[{"x":2,"y":-9.5},{"x":3,"y":-9.5},{"x":4,"y":-9.5},{"x":5,"y":-9.5},{"x":6,"y":-9.5},{"x":7,"y":-9.5},{"x":8,"y":-9.5},{"x":9,"y":-9.5},{"x":2.5,"y":-8.5},{"x":3.5,"y":-8.5},{"x":4.5,"y":-8.5},{"x":5.5,"y":-8.5},{"x":6.5,"y":-8.5},{"x":7.5,"y":-8.5},{"x":8.5,"y":-8.5},{"x":3.5,"y":-7.5},{"x":7.5,"y":-7.5},{"x":5,"y":-7},{"x":6,"y":-7},{"x":4.5,"y":-6},{"x":5.5,"y":-6},{"x":6.5,"y":-6},{"x":5.5,"y":-5},{"x":4.5,"y":-4.5},{"x":6.5,"y":-4.5},{"x":5.5,"y":-4},{"x":4.5,"y":-3},{"x":5.5,"y":-3},{"x":6.5,"y":-3}]},{"index":3,"tiles":[{"x":3,"y":-9.5},{"x":4,"y":-9.5},{"x":5,"y":-9.5},{"x":6,"y":-9.5},{"x":7,"y":-9.5},{"x":8,"y":-9.5},{"x":3,"y":-8.5},{"x":4,"y":-8.5},{"x":5,"y":-8.5},{"x":6,"y":-8.5},{"x":7,"y":-8.5},{"x":8,"y":-8.5},{"x":4.5,"y":-7.5},{"x":5.5,"y":-7.5},{"x":6.5,"y":-7.5}]}],"seeds":["UehZ4sJ0k8Fwy3EVaeB4oMNFoUARWiCBCogxmsloj3dk3iKEl/gpnxWCpzh0yUR1REMpith4oBiSlcYtqjgkYSYMDSeB04RVHRo2j/EV4TCCZQh9XdNRUNAhU9cwWxByWNhhHAKCGxgKTOdN"]},{"layers":[{"index":0,"tiles":[{"x":1,"y":-9},{"x":2,"y":-9},{"x":3,"y":-9},{"x":4,"y":-9},{"x":5,"y":-9},{"x":6,"y":-9},{"x":7,"y":-9},{"x":8,"y":-9},{"x":9,"y":-9},{"x":10,"y":-9},{"x":2,"y":-8},{"x":3.5,"y":-8},{"x":5,"y":-8},{"x":6.5,"y":-8},{"x":8,"y":-8},{"x":9.5,"y":-8},{"x":1,"y":-7},{"x":2,"y":-7},{"x":3,"y":-7},{"x":4,"y":-7},{"x":5,"y":-7},{"x":6,"y":-7},{"x":7,"y":-7},{"x":8,"y":-7},{"x":9,"y":-7},{"x":10,"y":-7},{"x":2,"y":-6},{"x":3.5,"y":-6},{"x":5,"y":-6},{"x":6.5,"y":-6},{"x":8,"y":-6},{"x":9.5,"y":-6},{"x":1,"y":-5},{"x":2,"y":-5},{"x":3,"y":-5},{"x":4,"y":-5},{"x":5,"y":-5},{"x":6,"y":-5},{"x":7,"y":-5},{"x":8,"y":-5},{"x":9,"y":-5},{"x":10,"y":-5},{"x":2,"y":-4},{"x":3.5,"y":-4},{"x":5,"y":-4},{"x":6.5,"y":-4},{"x":8,"y":-4},{"x":9.5,"y":-4},{"x":1,"y":-3},{"x":2,"y":-3},{"x":3,"y":-3},{"x":4,"y":-3},{"x":5,"y":-3},{"x":6,"y":-3},{"x":7,"y":-3},{"x":8,"y":-3},{"x":9,"y":-3},{"x":10,"y":-3},{"x":2,"y":-2},{"x":3.5,"y":-2},{"x":5,"y":-2},{"x":6.5,"y":-2},{"x":8,"y":-2},{"x":9.5,"y":-2},{"x":1,"y":-1},{"x":2,"y":-1},{"x":3,"y":-1},{"x":4,"y":-1},{"x":5,"y":-1},{"x":6,"y":-1},{"x":7,"y":-1},{"x":8,"y":-1},{"x":9,"y":-1},{"x":10,"y":-1}]},{"index":1,"tiles":[{"x":1.5,"y":-8},{"x":3,"y":-8},{"x":4.5,"y":-8},{"x":6,"y":-8},{"x":7.5,"y":-8},{"x":9,"y":-8},{"x":2.5,"y":-7},{"x":3.5,"y":-7},{"x":4.5,"y":-7},{"x":5.5,"y":-7},{"x":6.5,"y":-7},{"x":7.5,"y":-7},{"x":8.5,"y":-7},{"x":1.5,"y":-6},{"x":3,"y":-6},{"x":4.5,"y":-6},{"x":6,"y":-6},{"x":7.5,"y":-6},{"x":9,"y":-6},{"x":1.5,"y":-4},{"x":3,"y":-4},{"x":4.5,"y":-4},{"x":6,"y":-4},{"x":7.5,"y":-4},{"x":9,"y":-4},{"x":2.5,"y":-3},{"x":3.5,"y":-3},{"x":4.5,"y":-3},{"x":5.5,"y":-3},{"x":6.5,"y":-3},{"x":7.5,"y":-3},{"x":8.5,"y":-3},{"x":1.5,"y":-2},{"x":3,"y":-2},{"x":4.5,"y":-2},{"x":6,"y":-2},{"x":7.5,"y":-2},{"x":9,"y":-2}]}],"seeds":["ynAwUsiJYkKJDBWqGuFAjKFMgsZwQSQKC6iAn9CZYcFNJxh03RZ+6DdhXlZVmFOAoJRk3eGl0DKARtd9HmeVwXaBoCg+AhI0kWKNXDiF5EU0D8J5"]},{"layers":[{"index":0,"tiles":[{"x":3.5,"y":-9.5},{"x":4.5,"y":-9.5},{"x":6.5,"y":-9.5},{"x":7.5,"y":-9.5},{"x":2.5,"y":-9},{"x":8.5,"y":-9},{"x":1.5,"y":-8.5},{"x":9.5,"y":-8.5},{"x":0.5,"y":-8},{"x":3.5,"y":-8},{"x":4.5,"y":-8},{"x":5.5,"y":-8},{"x":6.5,"y":-8},{"x":7.5,"y":-8},{"x":10.5,"y":-8},{"x":2.5,"y":-7.5},{"x":8.5,"y":-7.5},{"x":0.5,"y":-7},{"x":1.5,"y":-7},{"x":9.5,"y":-7},{"x":10.5,"y":-7},{"x":0.5,"y":-6},{"x":1.5,"y":-6},{"x":3,"y":-6},{"x":4,"y":-6},{"x":5,"y":-6},{"x":6,"y":-6},{"x":7,"y":-6},{"x":8,"y":-6},{"x":9.5,"y":-6},{"x":10.5,"y":-6},{"x":0.5,"y":-5},{"x":1.5,"y":-5},{"x":3,"y":-5},{"x":4,"y":-5},{"x":7,"y":-5},{"x":8,"y":-5},{"x":9.5,"y":-5},{"x":10.5,"y":-5},{"x":0.5,"y":-4},{"x":1.5,"y":-4},{"x":3,"y":-4},{"x":4,"y":-4},{"x":5,"y":-4},{"x":6,"y":-4},{"x":7,"y":-4},{"x":8,"y":-4},{"x":9.5,"y":-4},{"x":10.5,"y":-4},{"x":0.5,"y":-3},{"x":1.5,"y":-3},{"x":9.5,"y":-3},{"x":10.5,"y":-3},{"x":2.5,"y":-2.5},{"x":8.5,"y":-2.5},{"x":0.5,"y":-2},{"x":3.5,"y":-2},{"x":4.5,"y":-2},{"x":5.5,"y":-2},{"x":6.5,"y":-2},{"x":7.5,"y":-2},{"x":10.5,"y":-2},{"x":1.5,"y":-1.5},{"x":9.5,"y":-1.5},{"x":2.5,"y":-1},{"x":8.5,"y":-1},{"x":3.5,"y":-0.5},{"x":4.5,"y":-0.5},{"x":6.5,"y":-0.5},{"x":7.5,"y":-0.5}]},{"index":1,"tiles":[{"x":4.5,"y":-9.5},{"x":6.5,"y":-9.5},{"x":6.5,"y":-8.5},{"x":0.5,"y":-8},{"x":5.5,"y":-8},{"x":10.5,"y":-8},{"x":3.5,"y":-7.5},{"x":4.5,"y":-7.5},{"x":7.5,"y":-7.5},{"x":8.5,"y":-7},{"x":1,"y":-6.5},{"x":5,"y":-6.5},{"x":6,"y":-6.5},{"x":9.5,"y":-6.5},{"x":3.5,"y":-6},{"x":7.5,"y":-6},{"x":2,"y":-5.5},{"x":5,"y":-5.5},{"x":9,"y":-5.5},{"x":10,"y":-5.5},{"x":3.5,"y":-5},{"x":7.5,"y":-5},{"x":1,"y":-4.5},{"x":2,"y":-4.5},{"x":6,"y":-4.5},{"x":9,"y":-4.5},{"x":3.5,"y":-4},{"x":7.5,"y":-4},{"x":1.5,"y":-3.5},{"x":5,"y":-3.5},{"x":6,"y":-3.5},{"x":10,"y":-3.5},{"x":2.5,"y":-3},{"x":3.5,"y":-2.5},{"x":6.5,"y":-2.5},{"x":7.5,"y":-2.5},{"x":0.5,"y":-2},{"x":5.5,"y":-2},{"x":10.5,"y":-2},{"x":4.5,"y":-1.5},{"x":4.5,"y":-0.5},{"x":6.5,"y":-0.5}]}],"seeds":["WyEyYGolEsd4gcg5n0dUCyZyTSgsSQEO0gkqIWhyoUoYUKeUHTcpItJ0ghFOURB1WLVdj7NkqBiEEEhR4JNdgxUKEwh+yvJ9ZKB1ouAdSHd4Izdp"]}]]],0,0,[],[],[]]
