{"textures":[{"image":"other-obj-resources-0.png","format":"RGBA8888","size":{"w":1705,"h":1705},"scale":1,"frames":[{"filename":"goal-obj/cheese-3","rotated":false,"trimmed":false,"sourceSize":{"w":391,"h":962},"spriteSourceSize":{"x":0,"y":0,"w":391,"h":962},"frame":{"x":1,"y":1,"w":391,"h":962}},{"filename":"decor-obj/handkerchief-1","rotated":false,"trimmed":false,"sourceSize":{"w":693,"h":320},"spriteSourceSize":{"x":0,"y":0,"w":693,"h":320},"frame":{"x":394,"y":1,"w":693,"h":320}},{"filename":"decor-obj/handkerchief-3","rotated":false,"trimmed":false,"sourceSize":{"w":691,"h":320},"spriteSourceSize":{"x":0,"y":0,"w":691,"h":320},"frame":{"x":394,"y":323,"w":691,"h":320}},{"filename":"decor-obj/handkerchief-2","rotated":false,"trimmed":false,"sourceSize":{"w":689,"h":319},"spriteSourceSize":{"x":0,"y":0,"w":689,"h":319},"frame":{"x":394,"y":645,"w":689,"h":319}},{"filename":"goal-obj/cheese-1","rotated":false,"trimmed":false,"sourceSize":{"w":384,"h":383},"spriteSourceSize":{"x":0,"y":0,"w":384,"h":383},"frame":{"x":1,"y":965,"w":384,"h":383}},{"filename":"decor-obj/handkerchief-4","rotated":false,"trimmed":false,"sourceSize":{"w":687,"h":319},"spriteSourceSize":{"x":0,"y":0,"w":687,"h":319},"frame":{"x":387,"y":966,"w":687,"h":319}},{"filename":"speed-modifier-obj/chocolate-5","rotated":false,"trimmed":true,"sourceSize":{"w":819,"h":110},"spriteSourceSize":{"x":0,"y":19,"w":794,"h":74},"frame":{"x":387,"y":1287,"w":794,"h":74}},{"filename":"goal-obj/cheese-2","rotated":false,"trimmed":false,"sourceSize":{"w":388,"h":344},"spriteSourceSize":{"x":0,"y":0,"w":388,"h":344},"frame":{"x":1089,"y":1,"w":388,"h":344}},{"filename":"decor-obj/handkerchief-5","rotated":false,"trimmed":false,"sourceSize":{"w":687,"h":319},"spriteSourceSize":{"x":0,"y":0,"w":687,"h":319},"frame":{"x":1,"y":1363,"w":687,"h":319}},{"filename":"decor-obj/handkerchief-6","rotated":false,"trimmed":false,"sourceSize":{"w":687,"h":319},"spriteSourceSize":{"x":0,"y":0,"w":687,"h":319},"frame":{"x":690,"y":1363,"w":687,"h":319}},{"filename":"seethrough-obj/crystall-ball","rotated":false,"trimmed":false,"sourceSize":{"w":226,"h":241},"spriteSourceSize":{"x":0,"y":0,"w":226,"h":241},"frame":{"x":1087,"y":347,"w":226,"h":241}},{"filename":"seethrough-obj/empty-bottle-2","rotated":false,"trimmed":false,"sourceSize":{"w":103,"h":324},"spriteSourceSize":{"x":0,"y":0,"w":103,"h":324},"frame":{"x":1479,"y":1,"w":103,"h":324}},{"filename":"unknown-obj/alien","rotated":false,"trimmed":true,"sourceSize":{"w":256,"h":256},"spriteSourceSize":{"x":36,"y":22,"w":184,"h":212},"frame":{"x":1315,"y":347,"w":184,"h":212}},{"filename":"seethrough-obj/king","rotated":false,"trimmed":false,"sourceSize":{"w":100,"h":260},"spriteSourceSize":{"x":0,"y":0,"w":100,"h":260},"frame":{"x":1584,"y":1,"w":100,"h":260}},{"filename":"seethrough-obj/queen","rotated":false,"trimmed":false,"sourceSize":{"w":99,"h":222},"spriteSourceSize":{"x":0,"y":0,"w":99,"h":222},"frame":{"x":1501,"y":327,"w":99,"h":222}},{"filename":"seethrough-obj/glasses","rotated":false,"trimmed":false,"sourceSize":{"w":269,"h":183},"spriteSourceSize":{"x":0,"y":0,"w":269,"h":183},"frame":{"x":1087,"y":590,"w":269,"h":183}},{"filename":"speed-modifier-obj/chocolate-2","rotated":false,"trimmed":false,"sourceSize":{"w":274,"h":72},"spriteSourceSize":{"x":0,"y":0,"w":274,"h":72},"frame":{"x":1085,"y":775,"w":274,"h":72}},{"filename":"speed-modifier-obj/chocolate-3","rotated":false,"trimmed":false,"sourceSize":{"w":450,"h":72},"spriteSourceSize":{"x":0,"y":0,"w":450,"h":72},"frame":{"x":1085,"y":849,"w":450,"h":72}},{"filename":"seethrough-obj/glass","rotated":false,"trimmed":false,"sourceSize":{"w":118,"h":186},"spriteSourceSize":{"x":0,"y":0,"w":118,"h":186},"frame":{"x":1358,"y":561,"w":118,"h":186}},{"filename":"speed-modifier-obj/skateboard","rotated":false,"trimmed":false,"sourceSize":{"w":202,"h":83},"spriteSourceSize":{"x":0,"y":0,"w":202,"h":83},"frame":{"x":1085,"y":923,"w":202,"h":83}},{"filename":"speed-modifier-obj/chocolate-4","rotated":false,"trimmed":false,"sourceSize":{"w":628,"h":72},"spriteSourceSize":{"x":0,"y":0,"w":628,"h":72},"frame":{"x":1076,"y":1008,"w":628,"h":72}},{"filename":"seethrough-obj/knight","rotated":false,"trimmed":false,"sourceSize":{"w":90,"h":183},"spriteSourceSize":{"x":0,"y":0,"w":90,"h":183},"frame":{"x":1076,"y":1082,"w":90,"h":183}},{"filename":"speed-modifier-obj/chocolate","rotated":false,"trimmed":false,"sourceSize":{"w":198,"h":72},"spriteSourceSize":{"x":0,"y":0,"w":198,"h":72},"frame":{"x":1289,"y":923,"w":198,"h":72}},{"filename":"seethrough-obj/empty-bottle-1","rotated":false,"trimmed":false,"sourceSize":{"w":101,"h":221},"spriteSourceSize":{"x":0,"y":0,"w":101,"h":221},"frame":{"x":1602,"y":263,"w":101,"h":221}},{"filename":"interactable-obj/joystick-down","rotated":false,"trimmed":false,"sourceSize":{"w":118,"h":115},"spriteSourceSize":{"x":0,"y":0,"w":118,"h":115},"frame":{"x":1168,"y":1082,"w":118,"h":115}},{"filename":"interactable-obj/joystick","rotated":false,"trimmed":false,"sourceSize":{"w":90,"h":131},"spriteSourceSize":{"x":0,"y":0,"w":90,"h":131},"frame":{"x":1288,"y":1082,"w":90,"h":131}},{"filename":"interactable-obj/red-button-up","rotated":false,"trimmed":false,"sourceSize":{"w":118,"h":71},"spriteSourceSize":{"x":0,"y":0,"w":118,"h":71},"frame":{"x":1168,"y":1199,"w":118,"h":71}},{"filename":"interactable-obj/blue-button-up","rotated":false,"trimmed":false,"sourceSize":{"w":117,"h":70},"spriteSourceSize":{"x":0,"y":0,"w":117,"h":70},"frame":{"x":1380,"y":1082,"w":117,"h":70}},{"filename":"interactable-obj/red-button-down","rotated":false,"trimmed":false,"sourceSize":{"w":118,"h":63},"spriteSourceSize":{"x":0,"y":0,"w":118,"h":63},"frame":{"x":1499,"y":1082,"w":118,"h":63}},{"filename":"interactable-obj/blue-button-down","rotated":false,"trimmed":false,"sourceSize":{"w":118,"h":62},"spriteSourceSize":{"x":0,"y":0,"w":118,"h":62},"frame":{"x":1380,"y":1154,"w":118,"h":62}}]}],"meta":{"app":"https://www.codeandweb.com/texturepacker","version":"3.0","smartupdate":"$TexturePacker:SmartUpdate:14642342a8ea5dfefb0a9069fe594958:b6ca5296b807e9563f6fe8b6d8d3c409:49287c8f6d582114beee22c8e7054783$"}}