{"textures":[{"image":"tutorial-resources.png","format":"RGBA8888","size":{"w":287,"h":287},"scale":1,"frames":[{"filename":"tutorial-sight-1","rotated":false,"trimmed":false,"sourceSize":{"w":165,"h":117},"spriteSourceSize":{"x":0,"y":0,"w":165,"h":117},"frame":{"x":1,"y":1,"w":165,"h":117}},{"filename":"hand","rotated":false,"trimmed":true,"sourceSize":{"w":131,"h":111},"spriteSourceSize":{"x":8,"y":0,"w":118,"h":111},"frame":{"x":168,"y":1,"w":118,"h":111}},{"filename":"tutorial-sight-2","rotated":false,"trimmed":false,"sourceSize":{"w":165,"h":117},"spriteSourceSize":{"x":0,"y":0,"w":165,"h":117},"frame":{"x":1,"y":120,"w":165,"h":117}},{"filename":"arrow","rotated":false,"trimmed":false,"sourceSize":{"w":15,"h":30},"spriteSourceSize":{"x":0,"y":0,"w":15,"h":30},"frame":{"x":1,"y":239,"w":15,"h":30}},{"filename":"blank","rotated":false,"trimmed":false,"sourceSize":{"w":58,"h":58},"spriteSourceSize":{"x":0,"y":0,"w":58,"h":58},"frame":{"x":168,"y":114,"w":58,"h":58}}]}],"meta":{"app":"https://www.codeandweb.com/texturepacker","version":"3.0","smartupdate":"$TexturePacker:SmartUpdate:cf7127b415c99e905a3cb4918b33168f:c60dff739f8d82612758c7ba2c8fb000:3998b16de870b2ed7b39522da8e735e5$"}}