<?xml version="1.0" encoding="UTF-8"?><font><info face="SFProText-Medium" size="42" bold="0" italic="0" charset="" unicode="1" stretchH="100" smooth="1" aa="1" padding="1,1,1,1" spacing="1,1"/><common lineHeight="42" base="40" scaleW="249" scaleH="247" pages="1" packed="0"/><pages><page id="0" file="sf-pro-normal.png"/></pages><chars count="78"><char id="32" x="0" y="0" width="0" height="0" xoffset="0" yoffset="-7" xadvance="12" page="0" chnl="15"/><!--   --><char id="33" x="29" y="113" width="9" height="32" xoffset="2" yoffset="2" xadvance="14" page="0" chnl="15"/><!-- ! --><char id="34" x="221" y="213" width="15" height="14" xoffset="2" yoffset="2" xadvance="20" page="0" chnl="15"/><!-- " --><char id="35" x="25" y="180" width="29" height="32" xoffset="-1" yoffset="2" xadvance="28" page="0" chnl="15"/><!-- # --><char id="37" x="200" y="79" width="33" height="33" xoffset="0" yoffset="2" xadvance="34" page="0" chnl="15"/><!-- % --><char id="39" x="203" y="213" width="7" height="14" xoffset="2" yoffset="2" xadvance="11" page="0" chnl="15"/><!-- ' --><char id="42" x="185" y="213" width="17" height="18" xoffset="2" yoffset="2" xadvance="22" page="0" chnl="15"/><!-- * --><char id="44" x="211" y="213" width="9" height="14" xoffset="2" yoffset="28" xadvance="14" page="0" chnl="15"/><!-- , --><char id="45" x="10" y="239" width="16" height="7" xoffset="2" yoffset="18" xadvance="20" page="0" chnl="15"/><!-- - --><char id="46" x="0" y="239" width="9" height="8" xoffset="2" yoffset="26" xadvance="14" page="0" chnl="15"/><!-- . --><char id="47" x="118" y="0" width="17" height="39" xoffset="-1" yoffset="1" xadvance="15" page="0" chnl="15"/><!-- / --><char id="48" x="71" y="79" width="25" height="33" xoffset="1" yoffset="2" xadvance="28" page="0" chnl="15"/><!-- 0 --><char id="49" x="234" y="79" width="15" height="32" xoffset="1" yoffset="2" xadvance="21" page="0" chnl="15"/><!-- 1 --><char id="50" x="39" y="113" width="23" height="32" xoffset="2" yoffset="2" xadvance="26" page="0" chnl="15"/><!-- 2 --><char id="51" x="34" y="43" width="25" height="33" xoffset="1" yoffset="2" xadvance="27" page="0" chnl="15"/><!-- 3 --><char id="52" x="218" y="147" width="26" height="32" xoffset="1" yoffset="2" xadvance="28" page="0" chnl="15"/><!-- 4 --><char id="53" x="97" y="79" width="24" height="33" xoffset="2" yoffset="2" xadvance="27" page="0" chnl="15"/><!-- 5 --><char id="54" x="122" y="79" width="25" height="33" xoffset="1" yoffset="2" xadvance="28" page="0" chnl="15"/><!-- 6 --><char id="55" x="0" y="180" width="24" height="32" xoffset="0" yoffset="2" xadvance="25" page="0" chnl="15"/><!-- 7 --><char id="56" x="148" y="79" width="25" height="33" xoffset="1" yoffset="2" xadvance="28" page="0" chnl="15"/><!-- 8 --><char id="57" x="174" y="79" width="25" height="33" xoffset="1" yoffset="2" xadvance="28" page="0" chnl="15"/><!-- 9 --><char id="58" x="175" y="213" width="9" height="23" xoffset="2" yoffset="11" xadvance="14" page="0" chnl="15"/><!-- : --><char id="59" x="131" y="180" width="10" height="31" xoffset="1" yoffset="11" xadvance="14" page="0" chnl="15"/><!-- ; --><char id="63" x="63" y="113" width="21" height="32" xoffset="0" yoffset="2" xadvance="23" page="0" chnl="15"/><!-- ? --><char id="65" x="85" y="113" width="29" height="32" xoffset="0" yoffset="2" xadvance="30" page="0" chnl="15"/><!-- A --><char id="66" x="115" y="113" width="25" height="32" xoffset="2" yoffset="2" xadvance="29" page="0" chnl="15"/><!-- B --><char id="67" x="0" y="113" width="28" height="33" xoffset="1" yoffset="2" xadvance="31" page="0" chnl="15"/><!-- C --><char id="68" x="141" y="113" width="28" height="32" xoffset="2" yoffset="2" xadvance="31" page="0" chnl="15"/><!-- D --><char id="69" x="170" y="113" width="22" height="32" xoffset="2" yoffset="2" xadvance="26" page="0" chnl="15"/><!-- E --><char id="70" x="55" y="180" width="22" height="32" xoffset="2" yoffset="2" xadvance="25" page="0" chnl="15"/><!-- F --><char id="71" x="60" y="43" width="29" height="33" xoffset="1" yoffset="2" xadvance="32" page="0" chnl="15"/><!-- G --><char id="72" x="193" y="113" width="28" height="32" xoffset="2" yoffset="2" xadvance="32" page="0" chnl="15"/><!-- H --><char id="75" x="0" y="147" width="26" height="32" xoffset="2" yoffset="2" xadvance="29" page="0" chnl="15"/><!-- K --><char id="76" x="78" y="180" width="22" height="32" xoffset="2" yoffset="2" xadvance="25" page="0" chnl="15"/><!-- L --><char id="77" x="27" y="147" width="33" height="32" xoffset="2" yoffset="2" xadvance="38" page="0" chnl="15"/><!-- M --><char id="78" x="222" y="113" width="27" height="32" xoffset="2" yoffset="2" xadvance="32" page="0" chnl="15"/><!-- N --><char id="79" x="90" y="43" width="30" height="33" xoffset="1" yoffset="2" xadvance="33" page="0" chnl="15"/><!-- O --><char id="80" x="61" y="147" width="24" height="32" xoffset="2" yoffset="2" xadvance="28" page="0" chnl="15"/><!-- P --><char id="81" x="168" y="0" width="30" height="35" xoffset="1" yoffset="2" xadvance="33" page="0" chnl="15"/><!-- Q --><char id="82" x="86" y="147" width="25" height="32" xoffset="2" yoffset="2" xadvance="29" page="0" chnl="15"/><!-- R --><char id="83" x="121" y="43" width="25" height="33" xoffset="1" yoffset="2" xadvance="28" page="0" chnl="15"/><!-- S --><char id="84" x="112" y="147" width="27" height="32" xoffset="0" yoffset="2" xadvance="28" page="0" chnl="15"/><!-- T --><char id="86" x="101" y="180" width="29" height="32" xoffset="0" yoffset="2" xadvance="30" page="0" chnl="15"/><!-- V --><char id="89" x="140" y="147" width="28" height="32" xoffset="0" yoffset="2" xadvance="29" page="0" chnl="15"/><!-- Y --><char id="92" x="150" y="0" width="17" height="39" xoffset="-1" yoffset="1" xadvance="15" page="0" chnl="15"/><!-- \ --><char id="93" x="136" y="0" width="13" height="39" xoffset="0" yoffset="1" xadvance="17" page="0" chnl="15"/><!-- ] --><char id="97" x="158" y="180" width="21" height="25" xoffset="1" yoffset="9" xadvance="24" page="0" chnl="15"/><!-- a --><char id="98" x="147" y="43" width="24" height="33" xoffset="2" yoffset="1" xadvance="27" page="0" chnl="15"/><!-- b --><char id="99" x="180" y="180" width="22" height="25" xoffset="1" yoffset="9" xadvance="24" page="0" chnl="15"/><!-- c --><char id="100" x="172" y="43" width="23" height="33" xoffset="1" yoffset="1" xadvance="27" page="0" chnl="15"/><!-- d --><char id="101" x="203" y="180" width="23" height="25" xoffset="1" yoffset="9" xadvance="25" page="0" chnl="15"/><!-- e --><char id="102" x="196" y="43" width="16" height="33" xoffset="0" yoffset="1" xadvance="16" page="0" chnl="15"/><!-- f --><char id="103" x="0" y="44" width="23" height="34" xoffset="1" yoffset="9" xadvance="27" page="0" chnl="15"/><!-- g --><char id="104" x="213" y="43" width="22" height="33" xoffset="2" yoffset="1" xadvance="26" page="0" chnl="15"/><!-- h --><char id="105" x="24" y="43" width="9" height="34" xoffset="1" yoffset="0" xadvance="11" page="0" chnl="15"/><!-- i --><char id="107" x="0" y="79" width="22" height="33" xoffset="2" yoffset="1" xadvance="24" page="0" chnl="15"/><!-- k --><char id="108" x="236" y="43" width="7" height="33" xoffset="2" yoffset="1" xadvance="12" page="0" chnl="15"/><!-- l --><char id="109" x="0" y="213" width="34" height="25" xoffset="2" yoffset="9" xadvance="38" page="0" chnl="15"/><!-- m --><char id="110" x="227" y="180" width="22" height="25" xoffset="2" yoffset="9" xadvance="26" page="0" chnl="15"/><!-- n --><char id="111" x="35" y="213" width="23" height="25" xoffset="1" yoffset="9" xadvance="26" page="0" chnl="15"/><!-- o --><char id="112" x="169" y="147" width="23" height="32" xoffset="2" yoffset="9" xadvance="27" page="0" chnl="15"/><!-- p --><char id="114" x="59" y="213" width="15" height="25" xoffset="2" yoffset="9" xadvance="17" page="0" chnl="15"/><!-- r --><char id="115" x="75" y="213" width="21" height="25" xoffset="1" yoffset="9" xadvance="23" page="0" chnl="15"/><!-- s --><char id="116" x="142" y="180" width="15" height="30" xoffset="0" yoffset="4" xadvance="16" page="0" chnl="15"/><!-- t --><char id="117" x="105" y="213" width="23" height="24" xoffset="1" yoffset="10" xadvance="26" page="0" chnl="15"/><!-- u --><char id="118" x="129" y="213" width="23" height="24" xoffset="0" yoffset="10" xadvance="24" page="0" chnl="15"/><!-- v --><char id="121" x="193" y="147" width="24" height="32" xoffset="0" yoffset="10" xadvance="24" page="0" chnl="15"/><!-- y --><char id="122" x="153" y="213" width="21" height="24" xoffset="1" yoffset="10" xadvance="24" page="0" chnl="15"/><!-- z --><char id="214" x="50" y="0" width="30" height="41" xoffset="1" yoffset="-6" xadvance="33" page="0" chnl="15"/><!-- Ö --><char id="220" x="81" y="0" width="27" height="41" xoffset="2" yoffset="-6" xadvance="32" page="0" chnl="15"/><!-- Ü --><char id="231" x="199" y="0" width="22" height="35" xoffset="1" yoffset="9" xadvance="24" page="0" chnl="15"/><!-- ç --><char id="246" x="23" y="79" width="23" height="33" xoffset="1" yoffset="1" xadvance="26" page="0" chnl="15"/><!-- ö --><char id="252" x="47" y="79" width="23" height="33" xoffset="1" yoffset="1" xadvance="26" page="0" chnl="15"/><!-- ü --><char id="287" x="0" y="0" width="23" height="43" xoffset="1" yoffset="0" xadvance="27" page="0" chnl="15"/><!-- ğ --><char id="304" x="109" y="0" width="8" height="40" xoffset="2" yoffset="-6" xadvance="12" page="0" chnl="15"/><!-- İ --><char id="305" x="97" y="213" width="7" height="25" xoffset="2" yoffset="9" xadvance="11" page="0" chnl="15"/><!-- ı --><char id="350" x="24" y="0" width="25" height="42" xoffset="1" yoffset="2" xadvance="28" page="0" chnl="15"/><!-- Ş --><char id="351" x="222" y="0" width="21" height="35" xoffset="1" yoffset="9" xadvance="23" page="0" chnl="15"/><!-- ş --></chars></font>