[1,0,0,[["cc.JsonAsset",["_name","json"],1]],[[0,0,1,3]],[[0,"level_002341-30",[{"layers":[{"index":0,"tiles":[{"x":3,"y":-8.5},{"x":4,"y":-8.5},{"x":5,"y":-8.5},{"x":6,"y":-8.5},{"x":2.5,"y":-7.5},{"x":3.5,"y":-7.5},{"x":4.5,"y":-7.5},{"x":5.5,"y":-7.5},{"x":6.5,"y":-7.5},{"x":2.5,"y":-6.5},{"x":3.5,"y":-6.5},{"x":4.5,"y":-6.5},{"x":5.5,"y":-6.5},{"x":6.5,"y":-6.5},{"x":7.5,"y":-6.5},{"x":2.5,"y":-5.5},{"x":3.5,"y":-5.5},{"x":4.5,"y":-5.5},{"x":5.5,"y":-5.5},{"x":6.5,"y":-5.5},{"x":7.5,"y":-5.5},{"x":8.5,"y":-5.5},{"x":2.5,"y":-4.5},{"x":3.5,"y":-4.5},{"x":4.5,"y":-4.5},{"x":5.5,"y":-4.5},{"x":6.5,"y":-4.5},{"x":8,"y":-4.5},{"x":9,"y":-4.5},{"x":2.5,"y":-3.5},{"x":3.5,"y":-3.5},{"x":4.5,"y":-3.5},{"x":5.5,"y":-3.5},{"x":6.5,"y":-3.5},{"x":8.5,"y":-3.5},{"x":3,"y":-2.5},{"x":4,"y":-2.5},{"x":5,"y":-2.5},{"x":6,"y":-2.5},{"x":3.5,"y":-1.5},{"x":4.5,"y":-1.5},{"x":5.5,"y":-1.5}]},{"index":1,"tiles":[{"x":3,"y":-8.5},{"x":4,"y":-8.5},{"x":5,"y":-8.5},{"x":6,"y":-8.5},{"x":2.5,"y":-7.5},{"x":3.5,"y":-7.5},{"x":4.5,"y":-7.5},{"x":5.5,"y":-7.5},{"x":6.5,"y":-7.5},{"x":2.5,"y":-6.5},{"x":3.5,"y":-6.5},{"x":4.5,"y":-6.5},{"x":5.5,"y":-6.5},{"x":6.5,"y":-6.5},{"x":7.5,"y":-6.5},{"x":2.5,"y":-5.5},{"x":3.5,"y":-5.5},{"x":4.5,"y":-5.5},{"x":5.5,"y":-5.5},{"x":6.5,"y":-5.5},{"x":7.5,"y":-5.5},{"x":8.5,"y":-5.5},{"x":2.5,"y":-4.5},{"x":3.5,"y":-4.5},{"x":4.5,"y":-4.5},{"x":5.5,"y":-4.5},{"x":6.5,"y":-4.5},{"x":8,"y":-4.5},{"x":9,"y":-4.5},{"x":2.5,"y":-3.5},{"x":3.5,"y":-3.5},{"x":4.5,"y":-3.5},{"x":5.5,"y":-3.5},{"x":6.5,"y":-3.5},{"x":8.5,"y":-3.5},{"x":3,"y":-2.5},{"x":4,"y":-2.5},{"x":5,"y":-2.5},{"x":6,"y":-2.5},{"x":3.5,"y":-1.5},{"x":4.5,"y":-1.5},{"x":5.5,"y":-1.5}]},{"index":2,"tiles":[{"x":3,"y":-8.5},{"x":4,"y":-8.5},{"x":5,"y":-8.5},{"x":6,"y":-8.5},{"x":2.5,"y":-7.5},{"x":3.5,"y":-7.5},{"x":4.5,"y":-7.5},{"x":5.5,"y":-7.5},{"x":6.5,"y":-7.5},{"x":2.5,"y":-6.5},{"x":3.5,"y":-6.5},{"x":4.5,"y":-6.5},{"x":5.5,"y":-6.5},{"x":6.5,"y":-6.5},{"x":7.5,"y":-6.5},{"x":2.5,"y":-5.5},{"x":3.5,"y":-5.5},{"x":4.5,"y":-5.5},{"x":5.5,"y":-5.5},{"x":6.5,"y":-5.5},{"x":7.5,"y":-5.5},{"x":8.5,"y":-5.5},{"x":2.5,"y":-4.5},{"x":3.5,"y":-4.5},{"x":4.5,"y":-4.5},{"x":5.5,"y":-4.5},{"x":6.5,"y":-4.5},{"x":8,"y":-4.5},{"x":9,"y":-4.5},{"x":2.5,"y":-3.5},{"x":3.5,"y":-3.5},{"x":4.5,"y":-3.5},{"x":5.5,"y":-3.5},{"x":6.5,"y":-3.5},{"x":8.5,"y":-3.5},{"x":3,"y":-2.5},{"x":4,"y":-2.5},{"x":5,"y":-2.5},{"x":6,"y":-2.5},{"x":3.5,"y":-1.5},{"x":4.5,"y":-1.5},{"x":5.5,"y":-1.5}]}],"seeds":["kfB1IFUiaTV1JjdRRQMtBCMeYvVBAyaJiKVRGQdKIcoE1ad0mLJ9nlMsIRcmC2goocddnjAFWxdyYKh1nzVcCkhNIugNIKgySUYI43JyZBB1nhg0XuhUnyAejzE8IQMA"]},{"layers":[{"index":0,"tiles":[{"x":1.5,"y":-7},{"x":2.5,"y":-7},{"x":4,"y":-7},{"x":5,"y":-7},{"x":6,"y":-7},{"x":7,"y":-7},{"x":8.5,"y":-7},{"x":9.5,"y":-7},{"x":1.5,"y":-6},{"x":2.5,"y":-6},{"x":4,"y":-6},{"x":7,"y":-6},{"x":8.5,"y":-6},{"x":9.5,"y":-6},{"x":5.5,"y":-5.5},{"x":1.5,"y":-5},{"x":2.5,"y":-5},{"x":4,"y":-5},{"x":7,"y":-5},{"x":8.5,"y":-5},{"x":9.5,"y":-5},{"x":1.5,"y":-4},{"x":2.5,"y":-4},{"x":4,"y":-4},{"x":5,"y":-4},{"x":6,"y":-4},{"x":7,"y":-4},{"x":8.5,"y":-4},{"x":9.5,"y":-4},{"x":1.5,"y":-3},{"x":2.5,"y":-3},{"x":3.5,"y":-3},{"x":5.5,"y":-3},{"x":7.5,"y":-3},{"x":8.5,"y":-3},{"x":9.5,"y":-3},{"x":4.5,"y":-2.5},{"x":6.5,"y":-2.5}]},{"index":1,"tiles":[{"x":1.5,"y":-7},{"x":2.5,"y":-7},{"x":4,"y":-7},{"x":5,"y":-7},{"x":6,"y":-7},{"x":7,"y":-7},{"x":8.5,"y":-7},{"x":9.5,"y":-7},{"x":1.5,"y":-6},{"x":2.5,"y":-6},{"x":4,"y":-6},{"x":7,"y":-6},{"x":8.5,"y":-6},{"x":9.5,"y":-6},{"x":5.5,"y":-5.5},{"x":1.5,"y":-5},{"x":2.5,"y":-5},{"x":4,"y":-5},{"x":7,"y":-5},{"x":8.5,"y":-5},{"x":9.5,"y":-5},{"x":1.5,"y":-4},{"x":2.5,"y":-4},{"x":4,"y":-4},{"x":5,"y":-4},{"x":6,"y":-4},{"x":7,"y":-4},{"x":8.5,"y":-4},{"x":9.5,"y":-4},{"x":1.5,"y":-3},{"x":2.5,"y":-3},{"x":3.5,"y":-3},{"x":5.5,"y":-3},{"x":7.5,"y":-3},{"x":8.5,"y":-3},{"x":9.5,"y":-3},{"x":4.5,"y":-2.5},{"x":6.5,"y":-2.5}]},{"index":2,"tiles":[{"x":1.5,"y":-7},{"x":2.5,"y":-7},{"x":4,"y":-7},{"x":5,"y":-7},{"x":6,"y":-7},{"x":7,"y":-7},{"x":8.5,"y":-7},{"x":9.5,"y":-7},{"x":1.5,"y":-6},{"x":2.5,"y":-6},{"x":4,"y":-6},{"x":7,"y":-6},{"x":8.5,"y":-6},{"x":9.5,"y":-6},{"x":5.5,"y":-5.5},{"x":1.5,"y":-5},{"x":2.5,"y":-5},{"x":4,"y":-5},{"x":7,"y":-5},{"x":8.5,"y":-5},{"x":9.5,"y":-5},{"x":1.5,"y":-4},{"x":2.5,"y":-4},{"x":4,"y":-4},{"x":5,"y":-4},{"x":6,"y":-4},{"x":7,"y":-4},{"x":8.5,"y":-4},{"x":9.5,"y":-4},{"x":1.5,"y":-3},{"x":2.5,"y":-3},{"x":3.5,"y":-3},{"x":5.5,"y":-3},{"x":7.5,"y":-3},{"x":8.5,"y":-3},{"x":9.5,"y":-3},{"x":4.5,"y":-2.5},{"x":6.5,"y":-2.5}]},{"index":3,"tiles":[{"x":2,"y":-7},{"x":9,"y":-7},{"x":2,"y":-6},{"x":9,"y":-6},{"x":2,"y":-5},{"x":9,"y":-5},{"x":2,"y":-4},{"x":9,"y":-4},{"x":2,"y":-3},{"x":3,"y":-3},{"x":8,"y":-3},{"x":9,"y":-3}]}],"seeds":["34YVSyEEUqVpGdd5VRBMohAeIIc2yQZS5geC3+gNiiEawzM8S3SKaQhyIhQyXCl2oFpFCjghoBJ+xxRezOeFGYVQXSdYQRiKVucxAoNxnLR009AsJEFQXuJBjlI51wcA"]},{"layers":[{"index":0,"tiles":[{"x":2.5,"y":-8.5},{"x":3.5,"y":-8.5},{"x":4.5,"y":-8.5},{"x":5.5,"y":-8.5},{"x":6.5,"y":-8.5},{"x":7.5,"y":-8.5},{"x":8.5,"y":-8.5},{"x":2.5,"y":-7},{"x":3.5,"y":-7},{"x":4.5,"y":-7},{"x":6.5,"y":-7},{"x":7.5,"y":-7},{"x":8.5,"y":-7},{"x":2.5,"y":-6},{"x":4.5,"y":-6},{"x":6.5,"y":-6},{"x":8.5,"y":-6},{"x":2.5,"y":-5},{"x":3.5,"y":-5},{"x":4.5,"y":-5},{"x":6.5,"y":-5},{"x":7.5,"y":-5},{"x":8.5,"y":-5},{"x":2.5,"y":-4},{"x":6.5,"y":-4},{"x":2.5,"y":-3},{"x":3.5,"y":-3},{"x":4.5,"y":-3},{"x":6.5,"y":-3},{"x":7.5,"y":-3},{"x":8.5,"y":-3},{"x":2.5,"y":-1.5},{"x":3.5,"y":-1.5},{"x":4.5,"y":-1.5},{"x":5.5,"y":-1.5},{"x":6.5,"y":-1.5},{"x":7.5,"y":-1.5},{"x":8.5,"y":-1.5}]},{"index":1,"tiles":[{"x":3.5,"y":-8.5},{"x":4.5,"y":-8.5},{"x":5.5,"y":-8.5},{"x":6.5,"y":-8.5},{"x":7.5,"y":-8.5},{"x":2.5,"y":-7},{"x":3.5,"y":-7},{"x":4.5,"y":-7},{"x":6.5,"y":-7},{"x":7.5,"y":-7},{"x":8.5,"y":-7},{"x":2.5,"y":-6},{"x":4.5,"y":-6},{"x":6.5,"y":-6},{"x":8.5,"y":-6},{"x":2.5,"y":-5},{"x":3.5,"y":-5},{"x":4.5,"y":-5},{"x":6.5,"y":-5},{"x":7.5,"y":-5},{"x":8.5,"y":-5},{"x":2.5,"y":-4},{"x":6.5,"y":-4},{"x":2.5,"y":-3},{"x":3.5,"y":-3},{"x":4.5,"y":-3},{"x":6.5,"y":-3},{"x":7.5,"y":-3},{"x":8.5,"y":-3},{"x":3.5,"y":-1.5},{"x":4.5,"y":-1.5},{"x":5.5,"y":-1.5},{"x":6.5,"y":-1.5},{"x":7.5,"y":-1.5}]},{"index":2,"tiles":[{"x":4.5,"y":-8.5},{"x":5.5,"y":-8.5},{"x":6.5,"y":-8.5},{"x":2.5,"y":-7},{"x":3.5,"y":-7},{"x":4.5,"y":-7},{"x":6.5,"y":-7},{"x":7.5,"y":-7},{"x":8.5,"y":-7},{"x":2.5,"y":-6},{"x":4.5,"y":-6},{"x":6.5,"y":-6},{"x":8.5,"y":-6},{"x":2.5,"y":-5},{"x":3.5,"y":-5},{"x":4.5,"y":-5},{"x":6.5,"y":-5},{"x":7.5,"y":-5},{"x":8.5,"y":-5},{"x":2.5,"y":-4},{"x":6.5,"y":-4},{"x":2.5,"y":-3},{"x":3.5,"y":-3},{"x":4.5,"y":-3},{"x":6.5,"y":-3},{"x":7.5,"y":-3},{"x":8.5,"y":-3},{"x":4.5,"y":-1.5},{"x":5.5,"y":-1.5},{"x":6.5,"y":-1.5}]},{"index":3,"tiles":[{"x":5.5,"y":-8.5},{"x":5.5,"y":-1.5}]}],"seeds":["iAh9T+cJ2aMSDhWAXFNZARZOnKiA6CKGTveJoDF5Bid1nRQGwQFuRaYk0xSe1gENzJBuIFdqH1aFmpc0Y7FcpEAx0RWJHxcqnsIhokmA"]},{"layers":[{"index":0,"tiles":[{"x":4,"y":-8},{"x":5,"y":-8},{"x":6,"y":-8},{"x":7,"y":-8},{"x":3,"y":-7.5},{"x":8,"y":-7.5},{"x":4.5,"y":-7},{"x":6.5,"y":-7},{"x":3.5,"y":-6.5},{"x":7.5,"y":-6.5},{"x":4.5,"y":-6},{"x":6.5,"y":-6},{"x":3,"y":-5.5},{"x":8,"y":-5.5},{"x":4,"y":-5},{"x":5,"y":-5},{"x":6,"y":-5},{"x":7,"y":-5},{"x":3,"y":-4.5},{"x":8,"y":-4.5},{"x":4.5,"y":-4},{"x":6.5,"y":-4},{"x":3.5,"y":-3.5},{"x":7.5,"y":-3.5},{"x":4.5,"y":-3},{"x":6.5,"y":-3},{"x":3,"y":-2.5},{"x":8,"y":-2.5},{"x":4,"y":-2},{"x":5,"y":-2},{"x":6,"y":-2},{"x":7,"y":-2}]},{"index":1,"tiles":[{"x":4,"y":-8},{"x":5,"y":-8},{"x":6,"y":-8},{"x":7,"y":-8},{"x":3,"y":-7.5},{"x":8,"y":-7.5},{"x":4.5,"y":-7},{"x":6.5,"y":-7},{"x":3.5,"y":-6.5},{"x":7.5,"y":-6.5},{"x":4.5,"y":-6},{"x":6.5,"y":-6},{"x":3,"y":-5.5},{"x":8,"y":-5.5},{"x":4.5,"y":-5},{"x":5.5,"y":-5},{"x":6.5,"y":-5},{"x":3,"y":-4.5},{"x":8,"y":-4.5},{"x":4.5,"y":-4},{"x":6.5,"y":-4},{"x":3.5,"y":-3.5},{"x":7.5,"y":-3.5},{"x":4.5,"y":-3},{"x":6.5,"y":-3},{"x":3,"y":-2.5},{"x":8,"y":-2.5},{"x":4,"y":-2},{"x":5,"y":-2},{"x":6,"y":-2},{"x":7,"y":-2}]},{"index":2,"tiles":[{"x":4,"y":-8},{"x":5,"y":-8},{"x":6,"y":-8},{"x":7,"y":-8},{"x":3,"y":-7.5},{"x":8,"y":-7.5},{"x":4.5,"y":-7},{"x":6.5,"y":-7},{"x":3.5,"y":-6.5},{"x":7.5,"y":-6.5},{"x":4.5,"y":-6},{"x":6.5,"y":-6},{"x":3,"y":-5.5},{"x":8,"y":-5.5},{"x":4.5,"y":-5},{"x":5.5,"y":-5},{"x":6.5,"y":-5},{"x":3,"y":-4.5},{"x":8,"y":-4.5},{"x":4.5,"y":-4},{"x":6.5,"y":-4},{"x":3.5,"y":-3.5},{"x":7.5,"y":-3.5},{"x":4.5,"y":-3},{"x":6.5,"y":-3},{"x":3,"y":-2.5},{"x":8,"y":-2.5},{"x":4,"y":-2},{"x":5,"y":-2},{"x":6,"y":-2},{"x":7,"y":-2}]},{"index":3,"tiles":[{"x":4.5,"y":-8},{"x":5.5,"y":-8},{"x":6.5,"y":-8},{"x":3,"y":-7.5},{"x":8,"y":-7.5},{"x":4.5,"y":-7},{"x":6.5,"y":-7},{"x":3.5,"y":-6.5},{"x":7.5,"y":-6.5},{"x":4.5,"y":-6},{"x":6.5,"y":-6},{"x":3,"y":-5.5},{"x":8,"y":-5.5},{"x":4.5,"y":-5},{"x":5.5,"y":-5},{"x":6.5,"y":-5},{"x":3,"y":-4.5},{"x":8,"y":-4.5},{"x":4.5,"y":-4},{"x":6.5,"y":-4},{"x":3.5,"y":-3.5},{"x":7.5,"y":-3.5},{"x":4.5,"y":-3},{"x":6.5,"y":-3},{"x":3,"y":-2.5},{"x":8,"y":-2.5},{"x":4.5,"y":-2},{"x":5.5,"y":-2},{"x":6.5,"y":-2}]},{"index":4,"tiles":[{"x":5.5,"y":-5}]}],"seeds":["j/dVkQM+QRAGHAlazocaXecEDsiYobeASACKByWKwTJEGHFVmCVSR/J9mlJMiVR2HeF0mSIWDMcJUDaI0qV0UxeK4iluYgeFXLpNwqiGIehwHlhNHCJqjVh5oNEo"]},{"layers":[{"index":0,"tiles":[{"x":2,"y":-9},{"x":3,"y":-9},{"x":5,"y":-9},{"x":6,"y":-9},{"x":8,"y":-9},{"x":9,"y":-9},{"x":4,"y":-8},{"x":5,"y":-8},{"x":6,"y":-8},{"x":7,"y":-8},{"x":2,"y":-7.5},{"x":9,"y":-7.5},{"x":3.5,"y":-7},{"x":4.5,"y":-7},{"x":6.5,"y":-7},{"x":7.5,"y":-7},{"x":2.5,"y":-6},{"x":3.5,"y":-6},{"x":5,"y":-6},{"x":6,"y":-6},{"x":7.5,"y":-6},{"x":8.5,"y":-6},{"x":2,"y":-5},{"x":4,"y":-5},{"x":5,"y":-5},{"x":6,"y":-5},{"x":7,"y":-5},{"x":9,"y":-5},{"x":2.5,"y":-4},{"x":3.5,"y":-4},{"x":5,"y":-4},{"x":6,"y":-4},{"x":7.5,"y":-4},{"x":8.5,"y":-4},{"x":3.5,"y":-3},{"x":4.5,"y":-3},{"x":6.5,"y":-3},{"x":7.5,"y":-3},{"x":2,"y":-2.5},{"x":9,"y":-2.5},{"x":4,"y":-2},{"x":5,"y":-2},{"x":6,"y":-2},{"x":7,"y":-2},{"x":2,"y":-1},{"x":3,"y":-1},{"x":5,"y":-1},{"x":6,"y":-1},{"x":8,"y":-1},{"x":9,"y":-1}]},{"index":1,"tiles":[{"x":2,"y":-9},{"x":3,"y":-9},{"x":5,"y":-9},{"x":6,"y":-9},{"x":8,"y":-9},{"x":9,"y":-9},{"x":5,"y":-8},{"x":6,"y":-8},{"x":2,"y":-7.5},{"x":4,"y":-7.5},{"x":7,"y":-7.5},{"x":9,"y":-7.5},{"x":2.5,"y":-6},{"x":3.5,"y":-6},{"x":5,"y":-6},{"x":6,"y":-6},{"x":7.5,"y":-6},{"x":8.5,"y":-6},{"x":2,"y":-5},{"x":4,"y":-5},{"x":5,"y":-5},{"x":6,"y":-5},{"x":7,"y":-5},{"x":9,"y":-5},{"x":2.5,"y":-4},{"x":3.5,"y":-4},{"x":5,"y":-4},{"x":6,"y":-4},{"x":7.5,"y":-4},{"x":8.5,"y":-4},{"x":2,"y":-2.5},{"x":9,"y":-2.5},{"x":5,"y":-2},{"x":6,"y":-2},{"x":2,"y":-1},{"x":3,"y":-1},{"x":5,"y":-1},{"x":6,"y":-1},{"x":8,"y":-1},{"x":9,"y":-1}]},{"index":2,"tiles":[{"x":2,"y":-9},{"x":3,"y":-9},{"x":5,"y":-9},{"x":6,"y":-9},{"x":8,"y":-9},{"x":9,"y":-9},{"x":5,"y":-8},{"x":6,"y":-8},{"x":2,"y":-7.5},{"x":4,"y":-7.5},{"x":7,"y":-7.5},{"x":9,"y":-7.5},{"x":2.5,"y":-6},{"x":3.5,"y":-6},{"x":5,"y":-6},{"x":6,"y":-6},{"x":7.5,"y":-6},{"x":8.5,"y":-6},{"x":2,"y":-5},{"x":4,"y":-5},{"x":5,"y":-5},{"x":6,"y":-5},{"x":7,"y":-5},{"x":9,"y":-5},{"x":2.5,"y":-4},{"x":3.5,"y":-4},{"x":5,"y":-4},{"x":6,"y":-4},{"x":7.5,"y":-4},{"x":8.5,"y":-4},{"x":2,"y":-2.5},{"x":9,"y":-2.5},{"x":5,"y":-2},{"x":6,"y":-2},{"x":2,"y":-1},{"x":3,"y":-1},{"x":5,"y":-1},{"x":6,"y":-1},{"x":8,"y":-1},{"x":9,"y":-1}]}],"seeds":["6JBGUSQeHNhNWSN6n3N5kSgJn0J+QWRJntgxnBp5QrB13MFUXhh2YjhKVZFMELgFoimF30QMkmF1oEMpzVIsTSV1BNQEXaVhodFFSpc8HlhqnBSC3RNlnHIhEyWBIXJiXAgA"]},{"layers":[{"index":0,"tiles":[{"x":3.5,"y":-8},{"x":7.5,"y":-8},{"x":4.5,"y":-7.5},{"x":6.5,"y":-7.5},{"x":5.5,"y":-7},{"x":4.5,"y":-6.5},{"x":6.5,"y":-6.5},{"x":3.5,"y":-6},{"x":7.5,"y":-6},{"x":2.5,"y":-5.5},{"x":8.5,"y":-5.5},{"x":3.5,"y":-5},{"x":7.5,"y":-5},{"x":4.5,"y":-4.5},{"x":6.5,"y":-4.5},{"x":3.5,"y":-4},{"x":7.5,"y":-4},{"x":2.5,"y":-3.5},{"x":8.5,"y":-3.5},{"x":3.5,"y":-3},{"x":5.5,"y":-3},{"x":7.5,"y":-3},{"x":4.5,"y":-2.5},{"x":6.5,"y":-2.5},{"x":3.5,"y":-2},{"x":7.5,"y":-2},{"x":2.5,"y":-1.5},{"x":8.5,"y":-1.5}]},{"index":1,"tiles":[{"x":3.5,"y":-8},{"x":7.5,"y":-8},{"x":4.5,"y":-7.5},{"x":6.5,"y":-7.5},{"x":5.5,"y":-7},{"x":4.5,"y":-6.5},{"x":6.5,"y":-6.5},{"x":3.5,"y":-6},{"x":7.5,"y":-6},{"x":2.5,"y":-5.5},{"x":8.5,"y":-5.5},{"x":3.5,"y":-5},{"x":7.5,"y":-5},{"x":4.5,"y":-4.5},{"x":6.5,"y":-4.5},{"x":3.5,"y":-4},{"x":7.5,"y":-4},{"x":2.5,"y":-3.5},{"x":8.5,"y":-3.5},{"x":3.5,"y":-3},{"x":5.5,"y":-3},{"x":7.5,"y":-3},{"x":4.5,"y":-2.5},{"x":6.5,"y":-2.5},{"x":3.5,"y":-2},{"x":7.5,"y":-2},{"x":2.5,"y":-1.5},{"x":8.5,"y":-1.5}]},{"index":2,"tiles":[{"x":3.5,"y":-8},{"x":7.5,"y":-8},{"x":4.5,"y":-7.5},{"x":6.5,"y":-7.5},{"x":5.5,"y":-7},{"x":4.5,"y":-6.5},{"x":6.5,"y":-6.5},{"x":3.5,"y":-6},{"x":7.5,"y":-6},{"x":2.5,"y":-5.5},{"x":8.5,"y":-5.5},{"x":3.5,"y":-5},{"x":7.5,"y":-5},{"x":4.5,"y":-4.5},{"x":6.5,"y":-4.5},{"x":3.5,"y":-4},{"x":7.5,"y":-4},{"x":2.5,"y":-3.5},{"x":8.5,"y":-3.5},{"x":3.5,"y":-3},{"x":5.5,"y":-3},{"x":7.5,"y":-3},{"x":4.5,"y":-2.5},{"x":6.5,"y":-2.5},{"x":3.5,"y":-2},{"x":7.5,"y":-2},{"x":2.5,"y":-1.5},{"x":8.5,"y":-1.5}]},{"index":3,"tiles":[{"x":3.5,"y":-8},{"x":7.5,"y":-8},{"x":4.5,"y":-7.5},{"x":6.5,"y":-7.5},{"x":5.5,"y":-7},{"x":4.5,"y":-6.5},{"x":6.5,"y":-6.5},{"x":3.5,"y":-6},{"x":7.5,"y":-6},{"x":2.5,"y":-5.5},{"x":8.5,"y":-5.5},{"x":3.5,"y":-5},{"x":7.5,"y":-5},{"x":4.5,"y":-4.5},{"x":6.5,"y":-4.5},{"x":3.5,"y":-4},{"x":7.5,"y":-4},{"x":2.5,"y":-3.5},{"x":8.5,"y":-3.5},{"x":3.5,"y":-3},{"x":5.5,"y":-3},{"x":7.5,"y":-3},{"x":4.5,"y":-2.5},{"x":6.5,"y":-2.5},{"x":3.5,"y":-2},{"x":7.5,"y":-2},{"x":2.5,"y":-1.5},{"x":8.5,"y":-1.5}]}],"seeds":["nBoQoCkES/chXhV2l+B0nSBG4CNuIZUFQSZGITMSYDIpG2YZ12JRaNpxAygtXuFIYvMph1eEYYN5GglCVaKdyqGACzR802SIHMhNZYiAAvd8HceI"]},{"layers":[{"index":0,"tiles":[{"x":3,"y":-8.5},{"x":4,"y":-8.5},{"x":5,"y":-8.5},{"x":6,"y":-8.5},{"x":7,"y":-8.5},{"x":8,"y":-8.5},{"x":2,"y":-7.5},{"x":3,"y":-7.5},{"x":4,"y":-7.5},{"x":5,"y":-7.5},{"x":6,"y":-7.5},{"x":7,"y":-7.5},{"x":8,"y":-7.5},{"x":9,"y":-7.5},{"x":2.5,"y":-6.5},{"x":6,"y":-6.5},{"x":9,"y":-6.5},{"x":1.5,"y":-6},{"x":6,"y":-5.5},{"x":8.5,"y":-5.5},{"x":2,"y":-5},{"x":6,"y":-4.5},{"x":8,"y":-4.5},{"x":2.5,"y":-4},{"x":6,"y":-3.5},{"x":7.5,"y":-3.5},{"x":3,"y":-3},{"x":4,"y":-2.5},{"x":6,"y":-2.5},{"x":7,"y":-2.5},{"x":5,"y":-2},{"x":6,"y":-1.5}]},{"index":1,"tiles":[{"x":3,"y":-8.5},{"x":4,"y":-8.5},{"x":5,"y":-8.5},{"x":6,"y":-8.5},{"x":7,"y":-8.5},{"x":8,"y":-8.5},{"x":2,"y":-7.5},{"x":3,"y":-7.5},{"x":4,"y":-7.5},{"x":5,"y":-7.5},{"x":6,"y":-7.5},{"x":7,"y":-7.5},{"x":8,"y":-7.5},{"x":9,"y":-7.5},{"x":2.5,"y":-6.5},{"x":6,"y":-6.5},{"x":9,"y":-6.5},{"x":1.5,"y":-6},{"x":6,"y":-5.5},{"x":8.5,"y":-5.5},{"x":2,"y":-5},{"x":6,"y":-4.5},{"x":8,"y":-4.5},{"x":2.5,"y":-4},{"x":6,"y":-3.5},{"x":7.5,"y":-3.5},{"x":3,"y":-3},{"x":4,"y":-2.5},{"x":6,"y":-2.5},{"x":7,"y":-2.5},{"x":5,"y":-2},{"x":6,"y":-1.5}]},{"index":2,"tiles":[{"x":3,"y":-8.5},{"x":4,"y":-8.5},{"x":5,"y":-8.5},{"x":6,"y":-8.5},{"x":7,"y":-8.5},{"x":8,"y":-8.5},{"x":2,"y":-7.5},{"x":3,"y":-7.5},{"x":4,"y":-7.5},{"x":5,"y":-7.5},{"x":6,"y":-7.5},{"x":7,"y":-7.5},{"x":8,"y":-7.5},{"x":9,"y":-7.5},{"x":2.5,"y":-6.5},{"x":6,"y":-6.5},{"x":9,"y":-6.5},{"x":1.5,"y":-6},{"x":6,"y":-5.5},{"x":8.5,"y":-5.5},{"x":2,"y":-5},{"x":6,"y":-4.5},{"x":8,"y":-4.5},{"x":2.5,"y":-4},{"x":6,"y":-3.5},{"x":7.5,"y":-3.5},{"x":3,"y":-3},{"x":4,"y":-2.5},{"x":6,"y":-2.5},{"x":7,"y":-2.5},{"x":5,"y":-2},{"x":6,"y":-1.5}]},{"index":3,"tiles":[{"x":3,"y":-8.5},{"x":4,"y":-8.5},{"x":5,"y":-8.5},{"x":6,"y":-8.5},{"x":7,"y":-8.5},{"x":8,"y":-8.5},{"x":2,"y":-7.5},{"x":3,"y":-7.5},{"x":4,"y":-7.5},{"x":5,"y":-7.5},{"x":6,"y":-7.5},{"x":7,"y":-7.5},{"x":8,"y":-7.5},{"x":9,"y":-7.5},{"x":2.5,"y":-6.5},{"x":6,"y":-6.5},{"x":9,"y":-6.5},{"x":1.5,"y":-6},{"x":6,"y":-5.5},{"x":8.5,"y":-5.5},{"x":2,"y":-5},{"x":6,"y":-4.5},{"x":8,"y":-4.5},{"x":2.5,"y":-4},{"x":6,"y":-3.5},{"x":7.5,"y":-3.5},{"x":3,"y":-3},{"x":4,"y":-2.5},{"x":6,"y":-2.5},{"x":7,"y":-2.5},{"x":5,"y":-2},{"x":6,"y":-1.5}]}],"seeds":["Qih1YmhV4fE94BGkoIJQhOVAnpeAnIBhiXqGAhFdmegRXKBU3UcpTbAtWzQaYDd9FfF5jFRlg6gJFScalQZyBeM1XgASRJUgE3OhIMQtHZd0Ilg5YqeAExiaIfMUE1kO"]},{"layers":[{"index":0,"tiles":[{"x":5.5,"y":-8.5},{"x":3,"y":-8},{"x":8,"y":-8},{"x":4,"y":-7.5},{"x":5,"y":-7.5},{"x":6,"y":-7.5},{"x":7,"y":-7.5},{"x":5,"y":-6.5},{"x":6,"y":-6.5},{"x":2.5,"y":-6},{"x":8.5,"y":-6},{"x":3.5,"y":-5.5},{"x":5.5,"y":-5.5},{"x":7.5,"y":-5.5},{"x":2.5,"y":-5},{"x":4.5,"y":-5},{"x":6.5,"y":-5},{"x":8.5,"y":-5},{"x":3.5,"y":-4.5},{"x":5.5,"y":-4.5},{"x":7.5,"y":-4.5},{"x":2.5,"y":-4},{"x":4.5,"y":-4},{"x":6.5,"y":-4},{"x":8.5,"y":-4},{"x":3.5,"y":-3.5},{"x":5.5,"y":-3.5},{"x":7.5,"y":-3.5},{"x":4.5,"y":-3},{"x":6.5,"y":-3},{"x":5.5,"y":-2.5},{"x":4.5,"y":-1.5},{"x":5.5,"y":-1.5},{"x":6.5,"y":-1.5}]},{"index":1,"tiles":[{"x":5.5,"y":-8.5},{"x":3,"y":-8},{"x":8,"y":-8},{"x":4,"y":-7.5},{"x":5,"y":-7.5},{"x":6,"y":-7.5},{"x":7,"y":-7.5},{"x":5,"y":-6.5},{"x":6,"y":-6.5},{"x":2.5,"y":-6},{"x":8.5,"y":-6},{"x":3.5,"y":-5.5},{"x":5.5,"y":-5.5},{"x":7.5,"y":-5.5},{"x":2.5,"y":-5},{"x":4.5,"y":-5},{"x":6.5,"y":-5},{"x":8.5,"y":-5},{"x":3.5,"y":-4.5},{"x":5.5,"y":-4.5},{"x":7.5,"y":-4.5},{"x":2.5,"y":-4},{"x":4.5,"y":-4},{"x":6.5,"y":-4},{"x":8.5,"y":-4},{"x":3.5,"y":-3.5},{"x":5.5,"y":-3.5},{"x":7.5,"y":-3.5},{"x":4.5,"y":-3},{"x":6.5,"y":-3},{"x":5.5,"y":-2.5},{"x":4.5,"y":-1.5},{"x":5.5,"y":-1.5},{"x":6.5,"y":-1.5}]},{"index":2,"tiles":[{"x":5.5,"y":-8.5},{"x":3,"y":-8},{"x":8,"y":-8},{"x":4,"y":-7.5},{"x":5,"y":-7.5},{"x":6,"y":-7.5},{"x":7,"y":-7.5},{"x":5,"y":-6.5},{"x":6,"y":-6.5},{"x":2.5,"y":-5.5},{"x":5.5,"y":-5.5},{"x":8.5,"y":-5.5},{"x":3.5,"y":-5},{"x":4.5,"y":-5},{"x":6.5,"y":-5},{"x":7.5,"y":-5},{"x":2.5,"y":-4.5},{"x":5.5,"y":-4.5},{"x":8.5,"y":-4.5},{"x":3.5,"y":-4},{"x":4.5,"y":-4},{"x":6.5,"y":-4},{"x":7.5,"y":-4},{"x":5.5,"y":-3.5},{"x":4.5,"y":-3},{"x":6.5,"y":-3},{"x":5.5,"y":-2.5},{"x":4.5,"y":-1.5},{"x":5.5,"y":-1.5},{"x":6.5,"y":-1.5}]},{"index":3,"tiles":[{"x":4.5,"y":-7.5},{"x":5.5,"y":-7.5},{"x":6.5,"y":-7.5},{"x":3,"y":-5},{"x":8,"y":-5},{"x":4,"y":-4.5},{"x":7,"y":-4.5},{"x":5,"y":-4},{"x":6,"y":-4},{"x":5.5,"y":-3}]},{"index":4,"tiles":[{"x":5,"y":-7.5},{"x":6,"y":-7.5}]}],"seeds":["wXQFIjidW9JRX+hh3pg0ygd1ShE2XNaZAvZcpPKAAogU3MdU0pGqXYRak+aBoggq0BByBwceCEg5ohYqSxR6hrWIEhFWn0Nw4gZOR2kMTMApWQAA"]},{"layers":[{"index":0,"tiles":[{"x":3,"y":-9},{"x":8,"y":-9},{"x":5.5,"y":-8.5},{"x":3,"y":-8},{"x":8,"y":-8},{"x":5,"y":-7.5},{"x":6,"y":-7.5},{"x":2,"y":-7},{"x":3,"y":-7},{"x":4,"y":-7},{"x":7,"y":-7},{"x":8,"y":-7},{"x":9,"y":-7},{"x":2,"y":-6},{"x":4.5,"y":-6},{"x":6.5,"y":-6},{"x":9,"y":-6},{"x":2,"y":-5},{"x":5,"y":-5},{"x":6,"y":-5},{"x":9,"y":-5},{"x":2,"y":-4},{"x":4.5,"y":-4},{"x":6.5,"y":-4},{"x":9,"y":-4},{"x":2,"y":-3},{"x":3,"y":-3},{"x":4,"y":-3},{"x":7,"y":-3},{"x":8,"y":-3},{"x":9,"y":-3},{"x":5,"y":-2.5},{"x":6,"y":-2.5},{"x":3,"y":-2},{"x":8,"y":-2},{"x":5.5,"y":-1.5},{"x":3,"y":-1},{"x":8,"y":-1}]},{"index":1,"tiles":[{"x":3,"y":-9},{"x":8,"y":-9},{"x":5.5,"y":-8.5},{"x":3,"y":-8},{"x":8,"y":-8},{"x":5,"y":-7.5},{"x":6,"y":-7.5},{"x":2,"y":-7},{"x":3,"y":-7},{"x":4,"y":-7},{"x":7,"y":-7},{"x":8,"y":-7},{"x":9,"y":-7},{"x":2,"y":-6},{"x":4.5,"y":-6},{"x":6.5,"y":-6},{"x":9,"y":-6},{"x":2,"y":-5},{"x":5,"y":-5},{"x":6,"y":-5},{"x":9,"y":-5},{"x":2,"y":-4},{"x":4.5,"y":-4},{"x":6.5,"y":-4},{"x":9,"y":-4},{"x":2,"y":-3},{"x":3,"y":-3},{"x":4,"y":-3},{"x":7,"y":-3},{"x":8,"y":-3},{"x":9,"y":-3},{"x":5,"y":-2.5},{"x":6,"y":-2.5},{"x":3,"y":-2},{"x":8,"y":-2},{"x":5.5,"y":-1.5},{"x":3,"y":-1},{"x":8,"y":-1}]},{"index":2,"tiles":[{"x":3,"y":-9},{"x":8,"y":-9},{"x":5.5,"y":-8.5},{"x":3,"y":-8},{"x":8,"y":-8},{"x":5,"y":-7.5},{"x":6,"y":-7.5},{"x":2,"y":-7},{"x":3,"y":-7},{"x":4,"y":-7},{"x":7,"y":-7},{"x":8,"y":-7},{"x":9,"y":-7},{"x":2,"y":-6},{"x":4.5,"y":-6},{"x":6.5,"y":-6},{"x":9,"y":-6},{"x":2,"y":-5},{"x":5,"y":-5},{"x":6,"y":-5},{"x":9,"y":-5},{"x":2,"y":-4},{"x":4.5,"y":-4},{"x":6.5,"y":-4},{"x":9,"y":-4},{"x":2,"y":-3},{"x":3,"y":-3},{"x":4,"y":-3},{"x":7,"y":-3},{"x":8,"y":-3},{"x":9,"y":-3},{"x":5,"y":-2.5},{"x":6,"y":-2.5},{"x":3,"y":-2},{"x":8,"y":-2},{"x":5.5,"y":-1.5},{"x":3,"y":-1},{"x":8,"y":-1}]}],"seeds":["nQg2k8hcRhRoChhuYFcVkhdkwxZ65udV0QNySlNOywUyHnIQAgSCoxaGiYCBxJNSi3QmGTRxouMUFKeIQnAEHecp3mBNFomGgvhxUyhOhop1XPd1yAcA"]},{"layers":[{"index":0,"tiles":[{"x":4,"y":-8.5},{"x":7,"y":-8.5},{"x":5,"y":-8},{"x":6,"y":-8},{"x":2,"y":-7},{"x":3,"y":-7},{"x":4,"y":-7},{"x":5,"y":-7},{"x":6,"y":-7},{"x":7,"y":-7},{"x":8,"y":-7},{"x":9,"y":-7},{"x":3.5,"y":-6},{"x":7.5,"y":-6},{"x":2,"y":-5},{"x":9,"y":-5},{"x":3.5,"y":-4.5},{"x":7.5,"y":-4.5},{"x":2,"y":-4},{"x":4.5,"y":-4},{"x":6.5,"y":-4},{"x":9,"y":-4},{"x":3.5,"y":-3.5},{"x":7.5,"y":-3.5},{"x":4.5,"y":-3},{"x":6.5,"y":-3},{"x":3.5,"y":-2.5},{"x":7.5,"y":-2.5},{"x":4.5,"y":-1.5},{"x":5.5,"y":-1.5},{"x":6.5,"y":-1.5}]},{"index":1,"tiles":[{"x":4,"y":-8.5},{"x":7,"y":-8.5},{"x":5,"y":-8},{"x":6,"y":-8},{"x":2,"y":-7},{"x":3,"y":-7},{"x":4,"y":-7},{"x":5,"y":-7},{"x":6,"y":-7},{"x":7,"y":-7},{"x":8,"y":-7},{"x":9,"y":-7},{"x":3.5,"y":-6},{"x":7.5,"y":-6},{"x":2,"y":-5},{"x":9,"y":-5},{"x":3.5,"y":-4.5},{"x":7.5,"y":-4.5},{"x":2,"y":-4},{"x":4.5,"y":-4},{"x":6.5,"y":-4},{"x":9,"y":-4},{"x":3.5,"y":-3.5},{"x":7.5,"y":-3.5},{"x":4.5,"y":-3},{"x":6.5,"y":-3},{"x":3.5,"y":-2.5},{"x":7.5,"y":-2.5},{"x":4.5,"y":-1.5},{"x":5.5,"y":-1.5},{"x":6.5,"y":-1.5}]},{"index":2,"tiles":[{"x":4,"y":-8.5},{"x":7,"y":-8.5},{"x":5,"y":-8},{"x":6,"y":-8},{"x":2,"y":-7},{"x":3,"y":-7},{"x":4,"y":-7},{"x":5,"y":-7},{"x":6,"y":-7},{"x":7,"y":-7},{"x":8,"y":-7},{"x":9,"y":-7},{"x":3.5,"y":-6},{"x":7.5,"y":-6},{"x":2,"y":-5},{"x":9,"y":-5},{"x":3.5,"y":-4.5},{"x":7.5,"y":-4.5},{"x":2,"y":-4},{"x":4.5,"y":-4},{"x":6.5,"y":-4},{"x":9,"y":-4},{"x":3.5,"y":-3.5},{"x":7.5,"y":-3.5},{"x":4.5,"y":-3},{"x":6.5,"y":-3},{"x":3.5,"y":-2.5},{"x":7.5,"y":-2.5},{"x":4.5,"y":-1.5},{"x":5.5,"y":-1.5},{"x":6.5,"y":-1.5}]},{"index":3,"tiles":[{"x":4,"y":-8.5},{"x":7,"y":-8.5},{"x":5,"y":-8},{"x":6,"y":-8},{"x":2.5,"y":-7},{"x":3.5,"y":-7},{"x":4.5,"y":-7},{"x":5.5,"y":-7},{"x":6.5,"y":-7},{"x":7.5,"y":-7},{"x":8.5,"y":-7},{"x":3.5,"y":-6},{"x":7.5,"y":-6},{"x":2,"y":-4.5},{"x":9,"y":-4.5},{"x":3.5,"y":-4},{"x":7.5,"y":-4},{"x":4.5,"y":-3.5},{"x":6.5,"y":-3.5},{"x":3.5,"y":-3},{"x":7.5,"y":-3},{"x":5,"y":-1.5},{"x":6,"y":-1.5}]}],"seeds":["jnQtISZhQmWYgXB21bB9YmA8DUiJVqhmVFgcnudBFFd0jbeE2SR04gdqCJJyHjcJi9h9Dxg5HaFE3GIp5ZBMBKcwx0gyoEaBFxgoH7eFohiEIAp2kwcl"]},{"layers":[{"index":0,"tiles":[{"x":5.5,"y":-8.5},{"x":5,"y":-7.5},{"x":6,"y":-7.5},{"x":4.5,"y":-6.5},{"x":5.5,"y":-6.5},{"x":6.5,"y":-6.5},{"x":4.5,"y":-5.5},{"x":5.5,"y":-5.5},{"x":6.5,"y":-5.5},{"x":4.5,"y":-4.5},{"x":5.5,"y":-4.5},{"x":6.5,"y":-4.5},{"x":2,"y":-3.5},{"x":3,"y":-3.5},{"x":4,"y":-3.5},{"x":5,"y":-3.5},{"x":6,"y":-3.5},{"x":7,"y":-3.5},{"x":8,"y":-3.5},{"x":9,"y":-3.5},{"x":2.5,"y":-2.5},{"x":4.5,"y":-2.5},{"x":5.5,"y":-2.5},{"x":6.5,"y":-2.5},{"x":8.5,"y":-2.5},{"x":3.5,"y":-2},{"x":7.5,"y":-2},{"x":4.5,"y":-1.5},{"x":6.5,"y":-1.5},{"x":5.5,"y":-1}]},{"index":1,"tiles":[{"x":5.5,"y":-8},{"x":5.5,"y":-7},{"x":4.5,"y":-6.5},{"x":6.5,"y":-6.5},{"x":5.5,"y":-6},{"x":4.5,"y":-5.5},{"x":6.5,"y":-5.5},{"x":5.5,"y":-5},{"x":4.5,"y":-4.5},{"x":6.5,"y":-4.5},{"x":2,"y":-3.5},{"x":3,"y":-3.5},{"x":4,"y":-3.5},{"x":5,"y":-3.5},{"x":6,"y":-3.5},{"x":7,"y":-3.5},{"x":8,"y":-3.5},{"x":9,"y":-3.5},{"x":2.5,"y":-2.5},{"x":4.5,"y":-2.5},{"x":5.5,"y":-2.5},{"x":6.5,"y":-2.5},{"x":8.5,"y":-2.5},{"x":3.5,"y":-2},{"x":7.5,"y":-2},{"x":4.5,"y":-1.5},{"x":6.5,"y":-1.5},{"x":5.5,"y":-1}]},{"index":2,"tiles":[{"x":5.5,"y":-8},{"x":5.5,"y":-7},{"x":4.5,"y":-6.5},{"x":6.5,"y":-6.5},{"x":5.5,"y":-6},{"x":4.5,"y":-5.5},{"x":6.5,"y":-5.5},{"x":5.5,"y":-5},{"x":4.5,"y":-4.5},{"x":6.5,"y":-4.5},{"x":2,"y":-3.5},{"x":3,"y":-3.5},{"x":4,"y":-3.5},{"x":5,"y":-3.5},{"x":6,"y":-3.5},{"x":7,"y":-3.5},{"x":8,"y":-3.5},{"x":9,"y":-3.5},{"x":2.5,"y":-2.5},{"x":5,"y":-2.5},{"x":6,"y":-2.5},{"x":8.5,"y":-2.5},{"x":3.5,"y":-2},{"x":7.5,"y":-2},{"x":4.5,"y":-1.5},{"x":6.5,"y":-1.5},{"x":5.5,"y":-1}]},{"index":3,"tiles":[{"x":5.5,"y":-8},{"x":5.5,"y":-7},{"x":4.5,"y":-6},{"x":5.5,"y":-6},{"x":6.5,"y":-6},{"x":4.5,"y":-5},{"x":5.5,"y":-5},{"x":6.5,"y":-5},{"x":2,"y":-3.5},{"x":4,"y":-3.5},{"x":5,"y":-3.5},{"x":6,"y":-3.5},{"x":7,"y":-3.5},{"x":9,"y":-3.5},{"x":2.5,"y":-2.5},{"x":5,"y":-2.5},{"x":6,"y":-2.5},{"x":8.5,"y":-2.5},{"x":3.5,"y":-2},{"x":7.5,"y":-2},{"x":4.5,"y":-1.5},{"x":6.5,"y":-1.5},{"x":5.5,"y":-1}]}],"seeds":["Jxh+EyeC4SB5nzgsTFpK5HGEm4gk3MQF0MN9F2gUCqZQ0/Vx1DIVRkiEzohG6pNFiid6XSBogdIJIUMEk9hVlcVZ04aYGtZAYuOBWdg5YBKC"]},{"layers":[{"index":0,"tiles":[{"x":4,"y":-8.5},{"x":7,"y":-8.5},{"x":5,"y":-8},{"x":6,"y":-8},{"x":2,"y":-7},{"x":3,"y":-7},{"x":4,"y":-7},{"x":5,"y":-7},{"x":6,"y":-7},{"x":7,"y":-7},{"x":8,"y":-7},{"x":9,"y":-7},{"x":3.5,"y":-6},{"x":4.5,"y":-6},{"x":6.5,"y":-6},{"x":7.5,"y":-6},{"x":2,"y":-5},{"x":9,"y":-5},{"x":3.5,"y":-4.5},{"x":7.5,"y":-4.5},{"x":2,"y":-4},{"x":4.5,"y":-4},{"x":6.5,"y":-4},{"x":9,"y":-4},{"x":3.5,"y":-3.5},{"x":5.5,"y":-3.5},{"x":7.5,"y":-3.5},{"x":4.5,"y":-3},{"x":6.5,"y":-3},{"x":3.5,"y":-2.5},{"x":7.5,"y":-2.5},{"x":4.5,"y":-1.5},{"x":5.5,"y":-1.5},{"x":6.5,"y":-1.5}]},{"index":1,"tiles":[{"x":4,"y":-8.5},{"x":7,"y":-8.5},{"x":5,"y":-8},{"x":6,"y":-8},{"x":2,"y":-7},{"x":3,"y":-7},{"x":4,"y":-7},{"x":5,"y":-7},{"x":6,"y":-7},{"x":7,"y":-7},{"x":8,"y":-7},{"x":9,"y":-7},{"x":3.5,"y":-6},{"x":4.5,"y":-6},{"x":6.5,"y":-6},{"x":7.5,"y":-6},{"x":2,"y":-5},{"x":9,"y":-5},{"x":3.5,"y":-4.5},{"x":7.5,"y":-4.5},{"x":2,"y":-4},{"x":4.5,"y":-4},{"x":6.5,"y":-4},{"x":9,"y":-4},{"x":3.5,"y":-3.5},{"x":5.5,"y":-3.5},{"x":7.5,"y":-3.5},{"x":4.5,"y":-3},{"x":6.5,"y":-3},{"x":3.5,"y":-2.5},{"x":7.5,"y":-2.5},{"x":4.5,"y":-1.5},{"x":5.5,"y":-1.5},{"x":6.5,"y":-1.5}]},{"index":2,"tiles":[{"x":4,"y":-8.5},{"x":7,"y":-8.5},{"x":5,"y":-8},{"x":6,"y":-8},{"x":2,"y":-7},{"x":3,"y":-7},{"x":4,"y":-7},{"x":5,"y":-7},{"x":6,"y":-7},{"x":7,"y":-7},{"x":8,"y":-7},{"x":9,"y":-7},{"x":3.5,"y":-6},{"x":4.5,"y":-6},{"x":6.5,"y":-6},{"x":7.5,"y":-6},{"x":2,"y":-5},{"x":9,"y":-5},{"x":3.5,"y":-4.5},{"x":7.5,"y":-4.5},{"x":2,"y":-4},{"x":4.5,"y":-4},{"x":6.5,"y":-4},{"x":9,"y":-4},{"x":3.5,"y":-3.5},{"x":5.5,"y":-3.5},{"x":7.5,"y":-3.5},{"x":4.5,"y":-3},{"x":6.5,"y":-3},{"x":3.5,"y":-2.5},{"x":7.5,"y":-2.5},{"x":4.5,"y":-1.5},{"x":5.5,"y":-1.5},{"x":6.5,"y":-1.5}]}],"seeds":["RHc1gZCAQdE9opeQ1zJU4DdlHigJAZWBZhQ0Gzedx/cooaKEnPSFHqiVKMaFkYhAGAMuXsiFIscgjqiJY2cRFOco0CAeW/cZRlFZqQoA"]},{"layers":[{"index":0,"tiles":[{"x":4.5,"y":-7},{"x":5.5,"y":-7},{"x":6.5,"y":-7},{"x":1.5,"y":-6.5},{"x":3.5,"y":-6.5},{"x":7.5,"y":-6.5},{"x":9.5,"y":-6.5},{"x":2.5,"y":-6},{"x":4.5,"y":-6},{"x":5.5,"y":-6},{"x":6.5,"y":-6},{"x":8.5,"y":-6},{"x":3.5,"y":-5.5},{"x":7.5,"y":-5.5},{"x":2.5,"y":-5},{"x":4.5,"y":-5},{"x":5.5,"y":-5},{"x":6.5,"y":-5},{"x":8.5,"y":-5},{"x":3.5,"y":-4.5},{"x":7.5,"y":-4.5},{"x":2.5,"y":-4},{"x":4.5,"y":-4},{"x":5.5,"y":-4},{"x":6.5,"y":-4},{"x":8.5,"y":-4},{"x":1.5,"y":-3.5},{"x":3.5,"y":-3.5},{"x":7.5,"y":-3.5},{"x":9.5,"y":-3.5},{"x":4.5,"y":-3},{"x":5.5,"y":-3},{"x":6.5,"y":-3}]},{"index":1,"tiles":[{"x":4.5,"y":-7},{"x":5.5,"y":-7},{"x":6.5,"y":-7},{"x":1.5,"y":-6.5},{"x":3.5,"y":-6.5},{"x":7.5,"y":-6.5},{"x":9.5,"y":-6.5},{"x":2.5,"y":-6},{"x":8.5,"y":-6},{"x":4.5,"y":-5.5},{"x":5.5,"y":-5.5},{"x":6.5,"y":-5.5},{"x":2.5,"y":-5},{"x":3.5,"y":-5},{"x":7.5,"y":-5},{"x":8.5,"y":-5},{"x":4.5,"y":-4.5},{"x":5.5,"y":-4.5},{"x":6.5,"y":-4.5},{"x":2.5,"y":-4},{"x":8.5,"y":-4},{"x":1.5,"y":-3.5},{"x":3.5,"y":-3.5},{"x":7.5,"y":-3.5},{"x":9.5,"y":-3.5},{"x":4.5,"y":-3},{"x":5.5,"y":-3},{"x":6.5,"y":-3}]},{"index":2,"tiles":[{"x":4.5,"y":-7},{"x":5.5,"y":-7},{"x":6.5,"y":-7},{"x":1.5,"y":-6.5},{"x":3.5,"y":-6.5},{"x":7.5,"y":-6.5},{"x":9.5,"y":-6.5},{"x":2.5,"y":-6},{"x":8.5,"y":-6},{"x":4.5,"y":-5.5},{"x":5.5,"y":-5.5},{"x":6.5,"y":-5.5},{"x":2.5,"y":-5},{"x":3.5,"y":-5},{"x":7.5,"y":-5},{"x":8.5,"y":-5},{"x":4.5,"y":-4.5},{"x":5.5,"y":-4.5},{"x":6.5,"y":-4.5},{"x":2.5,"y":-4},{"x":8.5,"y":-4},{"x":1.5,"y":-3.5},{"x":3.5,"y":-3.5},{"x":7.5,"y":-3.5},{"x":9.5,"y":-3.5},{"x":4.5,"y":-3},{"x":5.5,"y":-3},{"x":6.5,"y":-3}]},{"index":3,"tiles":[{"x":4.5,"y":-7},{"x":5.5,"y":-7},{"x":6.5,"y":-7},{"x":1.5,"y":-6.5},{"x":3.5,"y":-6.5},{"x":7.5,"y":-6.5},{"x":9.5,"y":-6.5},{"x":2.5,"y":-6},{"x":8.5,"y":-6},{"x":4.5,"y":-5},{"x":5.5,"y":-5},{"x":6.5,"y":-5},{"x":2.5,"y":-4},{"x":8.5,"y":-4},{"x":1.5,"y":-3.5},{"x":3.5,"y":-3.5},{"x":7.5,"y":-3.5},{"x":9.5,"y":-3.5},{"x":4.5,"y":-3},{"x":5.5,"y":-3},{"x":6.5,"y":-3}]}],"seeds":["2uOBIlUEy9ehVQSaYaU0ogKFIVhyTycJ6ieShpduSEOd38QZ2gYSATdxUsBZYDF9TpYIDkR0yDEeGBgGkYcxotUxiddxiqCI1zWI4ZAJ3RSCCwgA"]},{"layers":[{"index":0,"tiles":[{"x":7.5,"y":-9},{"x":6.5,"y":-8.5},{"x":5.5,"y":-8},{"x":9,"y":-8},{"x":4.5,"y":-7.5},{"x":8,"y":-7.5},{"x":1.5,"y":-7},{"x":3.5,"y":-7},{"x":7,"y":-7},{"x":2.5,"y":-6.5},{"x":6,"y":-6.5},{"x":9.5,"y":-6.5},{"x":1.5,"y":-6},{"x":5,"y":-6},{"x":8.5,"y":-6},{"x":4,"y":-5.5},{"x":7.5,"y":-5.5},{"x":3,"y":-5},{"x":6.5,"y":-5},{"x":4,"y":-4.5},{"x":7.5,"y":-4.5},{"x":1.5,"y":-4},{"x":5,"y":-4},{"x":8.5,"y":-4},{"x":2.5,"y":-3.5},{"x":6,"y":-3.5},{"x":9.5,"y":-3.5},{"x":1.5,"y":-3},{"x":3.5,"y":-3},{"x":7,"y":-3},{"x":4.5,"y":-2.5},{"x":8,"y":-2.5},{"x":5.5,"y":-2},{"x":9,"y":-2},{"x":6.5,"y":-1.5},{"x":7.5,"y":-1}]},{"index":1,"tiles":[{"x":7.5,"y":-9},{"x":6.5,"y":-8.5},{"x":5.5,"y":-8},{"x":9,"y":-8},{"x":4.5,"y":-7.5},{"x":8,"y":-7.5},{"x":1.5,"y":-7},{"x":3.5,"y":-7},{"x":7,"y":-7},{"x":2.5,"y":-6.5},{"x":6,"y":-6.5},{"x":9.5,"y":-6.5},{"x":1.5,"y":-6},{"x":5,"y":-6},{"x":8.5,"y":-6},{"x":4,"y":-5.5},{"x":7.5,"y":-5.5},{"x":3,"y":-5},{"x":6.5,"y":-5},{"x":4,"y":-4.5},{"x":7.5,"y":-4.5},{"x":1.5,"y":-4},{"x":5,"y":-4},{"x":8.5,"y":-4},{"x":2.5,"y":-3.5},{"x":6,"y":-3.5},{"x":9.5,"y":-3.5},{"x":1.5,"y":-3},{"x":3.5,"y":-3},{"x":7,"y":-3},{"x":4.5,"y":-2.5},{"x":8,"y":-2.5},{"x":5.5,"y":-2},{"x":9,"y":-2},{"x":6.5,"y":-1.5},{"x":7.5,"y":-1}]},{"index":2,"tiles":[{"x":7.5,"y":-9},{"x":6.5,"y":-8.5},{"x":5.5,"y":-8},{"x":9,"y":-8},{"x":4.5,"y":-7.5},{"x":8,"y":-7.5},{"x":1.5,"y":-7},{"x":3.5,"y":-7},{"x":7,"y":-7},{"x":2.5,"y":-6.5},{"x":6,"y":-6.5},{"x":9.5,"y":-6.5},{"x":1.5,"y":-6},{"x":5,"y":-6},{"x":8.5,"y":-6},{"x":4,"y":-5.5},{"x":7.5,"y":-5.5},{"x":3,"y":-5},{"x":6.5,"y":-5},{"x":4,"y":-4.5},{"x":7.5,"y":-4.5},{"x":1.5,"y":-4},{"x":5,"y":-4},{"x":8.5,"y":-4},{"x":2.5,"y":-3.5},{"x":6,"y":-3.5},{"x":9.5,"y":-3.5},{"x":1.5,"y":-3},{"x":3.5,"y":-3},{"x":7,"y":-3},{"x":4.5,"y":-2.5},{"x":8,"y":-2.5},{"x":5.5,"y":-2},{"x":9,"y":-2},{"x":6.5,"y":-1.5},{"x":7.5,"y":-1}]},{"index":3,"tiles":[{"x":3.5,"y":-5},{"x":7,"y":-5}]}],"seeds":["lkmR3KSGSjUgWTEdBuSBHRQ0UQIqYGA4HMJ9whKJAlieiqNIRxpIogd6Itc9zJAo1tMwy9eJ4xYS31VQ3BZigRJihAZenAaCoddxopgplfKhIQcA"]},{"layers":[{"index":0,"tiles":[{"x":2.5,"y":-7.5},{"x":4,"y":-7.5},{"x":5,"y":-7.5},{"x":6,"y":-7.5},{"x":7,"y":-7.5},{"x":8.5,"y":-7.5},{"x":3,"y":-6.5},{"x":5.5,"y":-6.5},{"x":8,"y":-6.5},{"x":2.5,"y":-5.5},{"x":3.5,"y":-5.5},{"x":4.5,"y":-5.5},{"x":6.5,"y":-5.5},{"x":7.5,"y":-5.5},{"x":8.5,"y":-5.5},{"x":2.5,"y":-4.5},{"x":4.5,"y":-4.5},{"x":6.5,"y":-4.5},{"x":8.5,"y":-4.5},{"x":2.5,"y":-3.5},{"x":3.5,"y":-3.5},{"x":4.5,"y":-3.5},{"x":6.5,"y":-3.5},{"x":7.5,"y":-3.5},{"x":8.5,"y":-3.5},{"x":3,"y":-2.5},{"x":4.5,"y":-2.5},{"x":6.5,"y":-2.5},{"x":8,"y":-2.5},{"x":3,"y":-1.5},{"x":4.5,"y":-1.5},{"x":5.5,"y":-1.5},{"x":6.5,"y":-1.5},{"x":8,"y":-1.5}]},{"index":1,"tiles":[{"x":2.5,"y":-7.5},{"x":4,"y":-7.5},{"x":5,"y":-7.5},{"x":6,"y":-7.5},{"x":7,"y":-7.5},{"x":8.5,"y":-7.5},{"x":3,"y":-6.5},{"x":5.5,"y":-6.5},{"x":8,"y":-6.5},{"x":2.5,"y":-5.5},{"x":3.5,"y":-5.5},{"x":4.5,"y":-5.5},{"x":6.5,"y":-5.5},{"x":7.5,"y":-5.5},{"x":8.5,"y":-5.5},{"x":2.5,"y":-4.5},{"x":4.5,"y":-4.5},{"x":6.5,"y":-4.5},{"x":8.5,"y":-4.5},{"x":2.5,"y":-3.5},{"x":3.5,"y":-3.5},{"x":4.5,"y":-3.5},{"x":6.5,"y":-3.5},{"x":7.5,"y":-3.5},{"x":8.5,"y":-3.5},{"x":3,"y":-2.5},{"x":4.5,"y":-2.5},{"x":6.5,"y":-2.5},{"x":8,"y":-2.5},{"x":3,"y":-1.5},{"x":4.5,"y":-1.5},{"x":5.5,"y":-1.5},{"x":6.5,"y":-1.5},{"x":8,"y":-1.5}]},{"index":2,"tiles":[{"x":2.5,"y":-7.5},{"x":4,"y":-7.5},{"x":5,"y":-7.5},{"x":6,"y":-7.5},{"x":7,"y":-7.5},{"x":8.5,"y":-7.5},{"x":3,"y":-6.5},{"x":5.5,"y":-6.5},{"x":8,"y":-6.5},{"x":2.5,"y":-5.5},{"x":3.5,"y":-5.5},{"x":4.5,"y":-5.5},{"x":6.5,"y":-5.5},{"x":7.5,"y":-5.5},{"x":8.5,"y":-5.5},{"x":2.5,"y":-4.5},{"x":4.5,"y":-4.5},{"x":6.5,"y":-4.5},{"x":8.5,"y":-4.5},{"x":2.5,"y":-3.5},{"x":3.5,"y":-3.5},{"x":4.5,"y":-3.5},{"x":6.5,"y":-3.5},{"x":7.5,"y":-3.5},{"x":8.5,"y":-3.5},{"x":3,"y":-2.5},{"x":4.5,"y":-2.5},{"x":6.5,"y":-2.5},{"x":8,"y":-2.5},{"x":3,"y":-1.5},{"x":4.5,"y":-1.5},{"x":5.5,"y":-1.5},{"x":6.5,"y":-1.5},{"x":8,"y":-1.5}]}],"seeds":["YTiJkWd16LEIG5JW2DYYT0MyohUgDfd5CUctl+qdYYiJX9ZBD6d0FOhUDEgUHFRI3BQMVxSARGCAUqZ8iaZ4YxgeICd+ZaeJAuiYiggA"]},{"layers":[{"index":0,"tiles":[{"x":3,"y":-8.5},{"x":4,"y":-8.5},{"x":5,"y":-8.5},{"x":6,"y":-8.5},{"x":7,"y":-8.5},{"x":8,"y":-8.5},{"x":4.5,"y":-7.5},{"x":5.5,"y":-7.5},{"x":6.5,"y":-7.5},{"x":3.5,"y":-7},{"x":7.5,"y":-7},{"x":5,"y":-6.5},{"x":6,"y":-6.5},{"x":3,"y":-6},{"x":4,"y":-6},{"x":7,"y":-6},{"x":8,"y":-6},{"x":5,"y":-5.5},{"x":6,"y":-5.5},{"x":3,"y":-5},{"x":4,"y":-5},{"x":7,"y":-5},{"x":8,"y":-5},{"x":5,"y":-4.5},{"x":6,"y":-4.5},{"x":3,"y":-4},{"x":4,"y":-4},{"x":7,"y":-4},{"x":8,"y":-4},{"x":5,"y":-3.5},{"x":6,"y":-3.5},{"x":3.5,"y":-3},{"x":7.5,"y":-3},{"x":4.5,"y":-2.5},{"x":5.5,"y":-2.5},{"x":6.5,"y":-2.5},{"x":3,"y":-1.5},{"x":4,"y":-1.5},{"x":5,"y":-1.5},{"x":6,"y":-1.5},{"x":7,"y":-1.5},{"x":8,"y":-1.5}]},{"index":1,"tiles":[{"x":3,"y":-8.5},{"x":4,"y":-8.5},{"x":5,"y":-8.5},{"x":6,"y":-8.5},{"x":7,"y":-8.5},{"x":8,"y":-8.5},{"x":4.5,"y":-7.5},{"x":5.5,"y":-7.5},{"x":6.5,"y":-7.5},{"x":3.5,"y":-7},{"x":7.5,"y":-7},{"x":5,"y":-6.5},{"x":6,"y":-6.5},{"x":3,"y":-6},{"x":4,"y":-6},{"x":7,"y":-6},{"x":8,"y":-6},{"x":5,"y":-5.5},{"x":6,"y":-5.5},{"x":3,"y":-5},{"x":4,"y":-5},{"x":7,"y":-5},{"x":8,"y":-5},{"x":5,"y":-4.5},{"x":6,"y":-4.5},{"x":3,"y":-4},{"x":4,"y":-4},{"x":7,"y":-4},{"x":8,"y":-4},{"x":5,"y":-3.5},{"x":6,"y":-3.5},{"x":3.5,"y":-3},{"x":7.5,"y":-3},{"x":4.5,"y":-2.5},{"x":5.5,"y":-2.5},{"x":6.5,"y":-2.5},{"x":3,"y":-1.5},{"x":4,"y":-1.5},{"x":5,"y":-1.5},{"x":6,"y":-1.5},{"x":7,"y":-1.5},{"x":8,"y":-1.5}]},{"index":2,"tiles":[{"x":4.5,"y":-8.5},{"x":6.5,"y":-8.5},{"x":5,"y":-7.5},{"x":6,"y":-7.5},{"x":3.5,"y":-7},{"x":7.5,"y":-7},{"x":5.5,"y":-6.5},{"x":3,"y":-6},{"x":4,"y":-6},{"x":7,"y":-6},{"x":8,"y":-6},{"x":5.5,"y":-5.5},{"x":3,"y":-5},{"x":4,"y":-5},{"x":7,"y":-5},{"x":8,"y":-5},{"x":5.5,"y":-4.5},{"x":3,"y":-4},{"x":4,"y":-4},{"x":7,"y":-4},{"x":8,"y":-4},{"x":5.5,"y":-3.5},{"x":3.5,"y":-3},{"x":7.5,"y":-3},{"x":5,"y":-2.5},{"x":6,"y":-2.5},{"x":4.5,"y":-1.5},{"x":6.5,"y":-1.5}]},{"index":3,"tiles":[{"x":4.5,"y":-8.5},{"x":6.5,"y":-8.5},{"x":5,"y":-7.5},{"x":6,"y":-7.5},{"x":5.5,"y":-6.5},{"x":5.5,"y":-5.5},{"x":5.5,"y":-4.5},{"x":5.5,"y":-3.5},{"x":5,"y":-2.5},{"x":6,"y":-2.5},{"x":4.5,"y":-1.5},{"x":6.5,"y":-1.5}]}],"seeds":["oVOITheCxAc1w6iAYiQWGagOHhgt3QB2yLZxBCdyhjUxgYItj0QZE0eBYbZcoOcxHiN8CddQZfgxnSQsFWedl/akk+ghWqKAnolC1BdOZHBUVRiKihAKXTVgQRcc"]},{"layers":[{"index":0,"tiles":[{"x":1.5,"y":-9},{"x":2.5,"y":-9},{"x":8.5,"y":-9},{"x":9.5,"y":-9},{"x":1.5,"y":-8},{"x":2.5,"y":-8},{"x":3.5,"y":-8},{"x":7.5,"y":-8},{"x":8.5,"y":-8},{"x":9.5,"y":-8},{"x":2.5,"y":-7},{"x":3.5,"y":-7},{"x":4.5,"y":-7},{"x":6.5,"y":-7},{"x":7.5,"y":-7},{"x":8.5,"y":-7},{"x":3.5,"y":-6},{"x":4.5,"y":-6},{"x":5.5,"y":-6},{"x":6.5,"y":-6},{"x":7.5,"y":-6},{"x":4.5,"y":-5},{"x":5.5,"y":-5},{"x":6.5,"y":-5},{"x":3.5,"y":-4},{"x":4.5,"y":-4},{"x":5.5,"y":-4},{"x":6.5,"y":-4},{"x":7.5,"y":-4},{"x":2.5,"y":-3},{"x":3.5,"y":-3},{"x":4.5,"y":-3},{"x":6.5,"y":-3},{"x":7.5,"y":-3},{"x":8.5,"y":-3},{"x":1.5,"y":-2},{"x":2.5,"y":-2},{"x":3.5,"y":-2},{"x":7.5,"y":-2},{"x":8.5,"y":-2},{"x":9.5,"y":-2},{"x":1.5,"y":-1},{"x":2.5,"y":-1},{"x":8.5,"y":-1},{"x":9.5,"y":-1}]},{"index":1,"tiles":[{"x":1.5,"y":-9},{"x":2.5,"y":-9},{"x":8.5,"y":-9},{"x":9.5,"y":-9},{"x":1.5,"y":-8},{"x":2.5,"y":-8},{"x":3.5,"y":-8},{"x":7.5,"y":-8},{"x":8.5,"y":-8},{"x":9.5,"y":-8},{"x":2.5,"y":-7},{"x":3.5,"y":-7},{"x":4.5,"y":-7},{"x":6.5,"y":-7},{"x":7.5,"y":-7},{"x":8.5,"y":-7},{"x":3.5,"y":-6},{"x":4.5,"y":-6},{"x":5.5,"y":-6},{"x":6.5,"y":-6},{"x":7.5,"y":-6},{"x":4.5,"y":-5},{"x":5.5,"y":-5},{"x":6.5,"y":-5},{"x":3.5,"y":-4},{"x":4.5,"y":-4},{"x":5.5,"y":-4},{"x":6.5,"y":-4},{"x":7.5,"y":-4},{"x":2.5,"y":-3},{"x":3.5,"y":-3},{"x":4.5,"y":-3},{"x":6.5,"y":-3},{"x":7.5,"y":-3},{"x":8.5,"y":-3},{"x":1.5,"y":-2},{"x":2.5,"y":-2},{"x":3.5,"y":-2},{"x":7.5,"y":-2},{"x":8.5,"y":-2},{"x":9.5,"y":-2},{"x":1.5,"y":-1},{"x":2.5,"y":-1},{"x":8.5,"y":-1},{"x":9.5,"y":-1}]},{"index":2,"tiles":[{"x":2.5,"y":-8},{"x":3.5,"y":-8},{"x":7.5,"y":-8},{"x":8.5,"y":-8},{"x":2.5,"y":-7},{"x":3.5,"y":-7},{"x":4.5,"y":-7},{"x":6.5,"y":-7},{"x":7.5,"y":-7},{"x":8.5,"y":-7},{"x":3.5,"y":-6},{"x":4.5,"y":-6},{"x":5.5,"y":-6},{"x":6.5,"y":-6},{"x":7.5,"y":-6},{"x":4.5,"y":-5},{"x":5.5,"y":-5},{"x":6.5,"y":-5},{"x":3.5,"y":-4},{"x":4.5,"y":-4},{"x":5.5,"y":-4},{"x":6.5,"y":-4},{"x":7.5,"y":-4},{"x":2.5,"y":-3},{"x":3.5,"y":-3},{"x":4.5,"y":-3},{"x":6.5,"y":-3},{"x":7.5,"y":-3},{"x":8.5,"y":-3},{"x":2.5,"y":-2},{"x":3.5,"y":-2},{"x":7.5,"y":-2},{"x":8.5,"y":-2}]},{"index":3,"tiles":[{"x":5,"y":-5.5},{"x":6,"y":-5.5},{"x":5,"y":-4.5},{"x":6,"y":-4.5}]},{"index":4,"tiles":[{"x":5.5,"y":-5}]}],"seeds":["ArckChikgrY8oACK1LUlIRgqmTeUlshYnXN0XQOCSDFFndAshJRMUxAmlAFC5gRyF/MdEBOJAigahMc5W8gFgxegFbdJXAeGp/JhGQIuX6gIHqYw5AeKnLpVHacVj6iM"]},{"layers":[{"index":0,"tiles":[{"x":2.5,"y":-7.5},{"x":3.5,"y":-7.5},{"x":5.5,"y":-7.5},{"x":7.5,"y":-7.5},{"x":8.5,"y":-7.5},{"x":2.5,"y":-6.5},{"x":4.5,"y":-6.5},{"x":5.5,"y":-6.5},{"x":6.5,"y":-6.5},{"x":8.5,"y":-6.5},{"x":5.5,"y":-5.5},{"x":2.5,"y":-5},{"x":4.5,"y":-5},{"x":6.5,"y":-5},{"x":8.5,"y":-5},{"x":5.5,"y":-4.5},{"x":2.5,"y":-3.5},{"x":4.5,"y":-3.5},{"x":5.5,"y":-3.5},{"x":6.5,"y":-3.5},{"x":8.5,"y":-3.5},{"x":2.5,"y":-2.5},{"x":3.5,"y":-2.5},{"x":5.5,"y":-2.5},{"x":7.5,"y":-2.5},{"x":8.5,"y":-2.5}]},{"index":1,"tiles":[{"x":2.5,"y":-7.5},{"x":3.5,"y":-7.5},{"x":5.5,"y":-7.5},{"x":7.5,"y":-7.5},{"x":8.5,"y":-7.5},{"x":2.5,"y":-6.5},{"x":4.5,"y":-6.5},{"x":5.5,"y":-6.5},{"x":6.5,"y":-6.5},{"x":8.5,"y":-6.5},{"x":5.5,"y":-5.5},{"x":2.5,"y":-5},{"x":4.5,"y":-5},{"x":6.5,"y":-5},{"x":8.5,"y":-5},{"x":5.5,"y":-4.5},{"x":2.5,"y":-3.5},{"x":4.5,"y":-3.5},{"x":5.5,"y":-3.5},{"x":6.5,"y":-3.5},{"x":8.5,"y":-3.5},{"x":2.5,"y":-2.5},{"x":3.5,"y":-2.5},{"x":5.5,"y":-2.5},{"x":7.5,"y":-2.5},{"x":8.5,"y":-2.5}]},{"index":2,"tiles":[{"x":2.5,"y":-7.5},{"x":3.5,"y":-7.5},{"x":5.5,"y":-7.5},{"x":7.5,"y":-7.5},{"x":8.5,"y":-7.5},{"x":2.5,"y":-6.5},{"x":4.5,"y":-6.5},{"x":5.5,"y":-6.5},{"x":6.5,"y":-6.5},{"x":8.5,"y":-6.5},{"x":5.5,"y":-5.5},{"x":2.5,"y":-5},{"x":4.5,"y":-5},{"x":6.5,"y":-5},{"x":8.5,"y":-5},{"x":5.5,"y":-4.5},{"x":2.5,"y":-3.5},{"x":4.5,"y":-3.5},{"x":5.5,"y":-3.5},{"x":6.5,"y":-3.5},{"x":8.5,"y":-3.5},{"x":2.5,"y":-2.5},{"x":3.5,"y":-2.5},{"x":5.5,"y":-2.5},{"x":7.5,"y":-2.5},{"x":8.5,"y":-2.5}]},{"index":3,"tiles":[{"x":2.5,"y":-7.5},{"x":3.5,"y":-7.5},{"x":5.5,"y":-7.5},{"x":7.5,"y":-7.5},{"x":8.5,"y":-7.5},{"x":2.5,"y":-6.5},{"x":4.5,"y":-6.5},{"x":5.5,"y":-6.5},{"x":6.5,"y":-6.5},{"x":8.5,"y":-6.5},{"x":5.5,"y":-5.5},{"x":2.5,"y":-5},{"x":4.5,"y":-5},{"x":6.5,"y":-5},{"x":8.5,"y":-5},{"x":5.5,"y":-4.5},{"x":2.5,"y":-3.5},{"x":4.5,"y":-3.5},{"x":5.5,"y":-3.5},{"x":6.5,"y":-3.5},{"x":8.5,"y":-3.5},{"x":2.5,"y":-2.5},{"x":3.5,"y":-2.5},{"x":5.5,"y":-2.5},{"x":7.5,"y":-2.5},{"x":8.5,"y":-2.5}]}],"seeds":["zfWBHNUwFLpwIkaABxMag+hp0AdVajBgXBh6opllXygcQVl4D8MxUTek1hk8hhZ4EyiOBBgpVRAIA+IFhuJ0RXBNVud9TucZIOgh4AKS"]},{"layers":[{"index":0,"tiles":[{"x":2.5,"y":-8.5},{"x":3.5,"y":-8.5},{"x":4.5,"y":-8.5},{"x":6.5,"y":-8.5},{"x":7.5,"y":-8.5},{"x":8.5,"y":-8.5},{"x":2.5,"y":-7.5},{"x":5.5,"y":-7.5},{"x":8.5,"y":-7.5},{"x":3.5,"y":-7},{"x":4.5,"y":-7},{"x":6.5,"y":-7},{"x":7.5,"y":-7},{"x":5.5,"y":-6.5},{"x":2.5,"y":-6},{"x":3.5,"y":-6},{"x":7.5,"y":-6},{"x":8.5,"y":-6},{"x":5,"y":-5.5},{"x":6,"y":-5.5},{"x":5,"y":-4.5},{"x":6,"y":-4.5},{"x":2.5,"y":-4},{"x":3.5,"y":-4},{"x":7.5,"y":-4},{"x":8.5,"y":-4},{"x":5.5,"y":-3.5},{"x":3.5,"y":-3},{"x":4.5,"y":-3},{"x":6.5,"y":-3},{"x":7.5,"y":-3},{"x":2.5,"y":-2.5},{"x":5.5,"y":-2.5},{"x":8.5,"y":-2.5},{"x":2.5,"y":-1.5},{"x":3.5,"y":-1.5},{"x":4.5,"y":-1.5},{"x":6.5,"y":-1.5},{"x":7.5,"y":-1.5},{"x":8.5,"y":-1.5}]},{"index":1,"tiles":[{"x":2.5,"y":-8.5},{"x":3.5,"y":-8.5},{"x":4.5,"y":-8.5},{"x":6.5,"y":-8.5},{"x":7.5,"y":-8.5},{"x":8.5,"y":-8.5},{"x":2.5,"y":-7.5},{"x":5.5,"y":-7.5},{"x":8.5,"y":-7.5},{"x":3.5,"y":-7},{"x":4.5,"y":-7},{"x":6.5,"y":-7},{"x":7.5,"y":-7},{"x":5.5,"y":-6.5},{"x":2.5,"y":-6},{"x":3.5,"y":-6},{"x":7.5,"y":-6},{"x":8.5,"y":-6},{"x":5,"y":-5.5},{"x":6,"y":-5.5},{"x":5,"y":-4.5},{"x":6,"y":-4.5},{"x":2.5,"y":-4},{"x":3.5,"y":-4},{"x":7.5,"y":-4},{"x":8.5,"y":-4},{"x":5.5,"y":-3.5},{"x":3.5,"y":-3},{"x":4.5,"y":-3},{"x":6.5,"y":-3},{"x":7.5,"y":-3},{"x":2.5,"y":-2.5},{"x":5.5,"y":-2.5},{"x":8.5,"y":-2.5},{"x":2.5,"y":-1.5},{"x":3.5,"y":-1.5},{"x":4.5,"y":-1.5},{"x":6.5,"y":-1.5},{"x":7.5,"y":-1.5},{"x":8.5,"y":-1.5}]},{"index":2,"tiles":[{"x":5.5,"y":-7.5},{"x":3.5,"y":-7},{"x":4.5,"y":-7},{"x":6.5,"y":-7},{"x":7.5,"y":-7},{"x":5.5,"y":-6.5},{"x":2.5,"y":-6},{"x":3.5,"y":-6},{"x":7.5,"y":-6},{"x":8.5,"y":-6},{"x":5,"y":-5.5},{"x":6,"y":-5.5},{"x":5,"y":-4.5},{"x":6,"y":-4.5},{"x":2.5,"y":-4},{"x":3.5,"y":-4},{"x":7.5,"y":-4},{"x":8.5,"y":-4},{"x":5.5,"y":-3.5},{"x":3.5,"y":-3},{"x":4.5,"y":-3},{"x":6.5,"y":-3},{"x":7.5,"y":-3},{"x":5.5,"y":-2.5}]},{"index":3,"tiles":[{"x":5.5,"y":-7.5},{"x":3.5,"y":-7},{"x":4.5,"y":-7},{"x":6.5,"y":-7},{"x":7.5,"y":-7},{"x":5.5,"y":-6.5},{"x":2.5,"y":-6},{"x":3.5,"y":-6},{"x":7.5,"y":-6},{"x":8.5,"y":-6},{"x":5,"y":-5.5},{"x":6,"y":-5.5},{"x":5,"y":-4.5},{"x":6,"y":-4.5},{"x":2.5,"y":-4},{"x":3.5,"y":-4},{"x":7.5,"y":-4},{"x":8.5,"y":-4},{"x":5.5,"y":-3.5},{"x":3.5,"y":-3},{"x":4.5,"y":-3},{"x":6.5,"y":-3},{"x":7.5,"y":-3},{"x":5.5,"y":-2.5}]}],"seeds":["UFkwmIE6RrVZjeNREbhpj5QIH5N+ZsV0oTIcYqN0oiIiirqcQ1Z4GkkxYtCBRxgGUwV+4jSMHIJZUyZM4sdRVRJ6oAh1whV5AuiF3bUsQRh2IEh5HPcsxBAQHPiF3CdK"]},{"layers":[{"index":0,"tiles":[{"x":1.5,"y":-8.5},{"x":2.5,"y":-8.5},{"x":3.5,"y":-8.5},{"x":7.5,"y":-8.5},{"x":8.5,"y":-8.5},{"x":9.5,"y":-8.5},{"x":2,"y":-7.5},{"x":3,"y":-7.5},{"x":8,"y":-7.5},{"x":9,"y":-7.5},{"x":2,"y":-6.5},{"x":3,"y":-6.5},{"x":8,"y":-6.5},{"x":9,"y":-6.5},{"x":2,"y":-5.5},{"x":3,"y":-5.5},{"x":8,"y":-5.5},{"x":9,"y":-5.5},{"x":2,"y":-4.5},{"x":3,"y":-4.5},{"x":8,"y":-4.5},{"x":9,"y":-4.5},{"x":2,"y":-3.5},{"x":3,"y":-3.5},{"x":8,"y":-3.5},{"x":9,"y":-3.5},{"x":4,"y":-3},{"x":7,"y":-3},{"x":2,"y":-2.5},{"x":3,"y":-2.5},{"x":5,"y":-2.5},{"x":6,"y":-2.5},{"x":8,"y":-2.5},{"x":9,"y":-2.5},{"x":2,"y":-1.5},{"x":3,"y":-1.5},{"x":4,"y":-1.5},{"x":5,"y":-1.5},{"x":6,"y":-1.5},{"x":7,"y":-1.5},{"x":8,"y":-1.5},{"x":9,"y":-1.5}]},{"index":1,"tiles":[{"x":1.5,"y":-8.5},{"x":2.5,"y":-8.5},{"x":3.5,"y":-8.5},{"x":7.5,"y":-8.5},{"x":8.5,"y":-8.5},{"x":9.5,"y":-8.5},{"x":2,"y":-7.5},{"x":3,"y":-7.5},{"x":8,"y":-7.5},{"x":9,"y":-7.5},{"x":2,"y":-6.5},{"x":3,"y":-6.5},{"x":8,"y":-6.5},{"x":9,"y":-6.5},{"x":2,"y":-5.5},{"x":3,"y":-5.5},{"x":8,"y":-5.5},{"x":9,"y":-5.5},{"x":2,"y":-4.5},{"x":3,"y":-4.5},{"x":8,"y":-4.5},{"x":9,"y":-4.5},{"x":2,"y":-3.5},{"x":3,"y":-3.5},{"x":8,"y":-3.5},{"x":9,"y":-3.5},{"x":4,"y":-3},{"x":7,"y":-3},{"x":2,"y":-2.5},{"x":3,"y":-2.5},{"x":5,"y":-2.5},{"x":6,"y":-2.5},{"x":8,"y":-2.5},{"x":9,"y":-2.5},{"x":2,"y":-1.5},{"x":3,"y":-1.5},{"x":4,"y":-1.5},{"x":5,"y":-1.5},{"x":6,"y":-1.5},{"x":7,"y":-1.5},{"x":8,"y":-1.5},{"x":9,"y":-1.5}]},{"index":2,"tiles":[{"x":2,"y":-8.5},{"x":3,"y":-8.5},{"x":8,"y":-8.5},{"x":9,"y":-8.5},{"x":2.5,"y":-7.5},{"x":8.5,"y":-7.5},{"x":2.5,"y":-6.5},{"x":8.5,"y":-6.5},{"x":2.5,"y":-5.5},{"x":8.5,"y":-5.5},{"x":2.5,"y":-4.5},{"x":8.5,"y":-4.5},{"x":2.5,"y":-3.5},{"x":8.5,"y":-3.5},{"x":4,"y":-3},{"x":7,"y":-3},{"x":2.5,"y":-2.5},{"x":5,"y":-2.5},{"x":6,"y":-2.5},{"x":8.5,"y":-2.5},{"x":2.5,"y":-1.5},{"x":3.5,"y":-1.5},{"x":4.5,"y":-1.5},{"x":5.5,"y":-1.5},{"x":6.5,"y":-1.5},{"x":7.5,"y":-1.5},{"x":8.5,"y":-1.5}]},{"index":3,"tiles":[{"x":2,"y":-8.5},{"x":3,"y":-8.5},{"x":8,"y":-8.5},{"x":9,"y":-8.5},{"x":2.5,"y":-7.5},{"x":8.5,"y":-7.5},{"x":2.5,"y":-6.5},{"x":8.5,"y":-6.5},{"x":2.5,"y":-5.5},{"x":8.5,"y":-5.5},{"x":2.5,"y":-4.5},{"x":8.5,"y":-4.5},{"x":2.5,"y":-3.5},{"x":8.5,"y":-3.5},{"x":2.5,"y":-2.5},{"x":8.5,"y":-2.5},{"x":2.5,"y":-1.5},{"x":3.5,"y":-1.5},{"x":4.5,"y":-1.5},{"x":5.5,"y":-1.5},{"x":6.5,"y":-1.5},{"x":7.5,"y":-1.5},{"x":8.5,"y":-1.5}]}],"seeds":["FScWmHdpHdc0IsF80HZUmxMgadhNjviBIVVQTDR8nUgxmfJlQpiEAigE0EmAV/KIykNwhjBwlYEyHKaGEtmF0oCEomcth9KFFSgGocd50wSKIVguSydOnxlRnxKAi6eNA2gRnggA"]},{"layers":[{"index":0,"tiles":[{"x":2,"y":-8},{"x":3,"y":-8},{"x":8,"y":-8},{"x":9,"y":-8},{"x":4,"y":-7.5},{"x":7,"y":-7.5},{"x":3,"y":-7},{"x":8,"y":-7},{"x":4,"y":-6.5},{"x":7,"y":-6.5},{"x":5,"y":-5.5},{"x":6,"y":-5.5},{"x":4,"y":-5},{"x":7,"y":-5},{"x":2,"y":-4.5},{"x":3,"y":-4.5},{"x":5,"y":-4.5},{"x":6,"y":-4.5},{"x":8,"y":-4.5},{"x":9,"y":-4.5},{"x":4,"y":-4},{"x":7,"y":-4},{"x":2,"y":-3.5},{"x":3,"y":-3.5},{"x":8,"y":-3.5},{"x":9,"y":-3.5},{"x":4.5,"y":-2.5},{"x":5.5,"y":-2.5},{"x":6.5,"y":-2.5},{"x":3.5,"y":-2},{"x":7.5,"y":-2},{"x":4.5,"y":-1.5},{"x":5.5,"y":-1.5},{"x":6.5,"y":-1.5}]},{"index":1,"tiles":[{"x":2,"y":-8},{"x":3,"y":-8},{"x":8,"y":-8},{"x":9,"y":-8},{"x":4,"y":-7.5},{"x":7,"y":-7.5},{"x":3,"y":-7},{"x":8,"y":-7},{"x":4,"y":-6.5},{"x":7,"y":-6.5},{"x":5,"y":-5.5},{"x":6,"y":-5.5},{"x":4,"y":-5},{"x":7,"y":-5},{"x":2,"y":-4.5},{"x":3,"y":-4.5},{"x":5,"y":-4.5},{"x":6,"y":-4.5},{"x":8,"y":-4.5},{"x":9,"y":-4.5},{"x":4,"y":-4},{"x":7,"y":-4},{"x":2,"y":-3.5},{"x":3,"y":-3.5},{"x":8,"y":-3.5},{"x":9,"y":-3.5},{"x":4.5,"y":-2.5},{"x":5.5,"y":-2.5},{"x":6.5,"y":-2.5},{"x":3.5,"y":-2},{"x":7.5,"y":-2},{"x":4.5,"y":-1.5},{"x":5.5,"y":-1.5},{"x":6.5,"y":-1.5}]},{"index":2,"tiles":[{"x":2,"y":-8},{"x":3,"y":-8},{"x":8,"y":-8},{"x":9,"y":-8},{"x":4,"y":-7.5},{"x":7,"y":-7.5},{"x":3,"y":-7},{"x":8,"y":-7},{"x":4,"y":-6.5},{"x":7,"y":-6.5},{"x":5,"y":-5.5},{"x":6,"y":-5.5},{"x":4,"y":-5},{"x":7,"y":-5},{"x":2,"y":-4.5},{"x":3,"y":-4.5},{"x":5,"y":-4.5},{"x":6,"y":-4.5},{"x":8,"y":-4.5},{"x":9,"y":-4.5},{"x":4,"y":-4},{"x":7,"y":-4},{"x":2,"y":-3.5},{"x":3,"y":-3.5},{"x":8,"y":-3.5},{"x":9,"y":-3.5},{"x":4.5,"y":-2.5},{"x":5.5,"y":-2.5},{"x":6.5,"y":-2.5},{"x":3.5,"y":-2},{"x":7.5,"y":-2},{"x":4.5,"y":-1.5},{"x":5.5,"y":-1.5},{"x":6.5,"y":-1.5}]},{"index":3,"tiles":[{"x":2.5,"y":-8},{"x":8.5,"y":-8},{"x":3.5,"y":-7.5},{"x":7.5,"y":-7.5},{"x":4,"y":-6.5},{"x":7,"y":-6.5},{"x":5.5,"y":-5},{"x":2.5,"y":-4.5},{"x":4,"y":-4.5},{"x":7,"y":-4.5},{"x":8.5,"y":-4.5},{"x":2.5,"y":-3.5},{"x":8.5,"y":-3.5},{"x":4.5,"y":-2},{"x":5.5,"y":-2},{"x":6.5,"y":-2}]}],"seeds":["liaGXiJVodBdHBiBWRicmykmEpViR1eVFAQKH9cJ3hNwHKQ1nRQ2jKMUnqcoHyF+gmF4qpchjgKODxEFi3UtlIgMTAiGEwmKCxgUx9SBmDhMCydt00ehXAcA"]},{"layers":[{"index":0,"tiles":[{"x":5,"y":-8.5},{"x":6,"y":-8.5},{"x":3,"y":-8},{"x":8,"y":-8},{"x":4,"y":-7.5},{"x":5,"y":-7.5},{"x":6,"y":-7.5},{"x":7,"y":-7.5},{"x":5,"y":-6.5},{"x":6,"y":-6.5},{"x":4.5,"y":-5.5},{"x":5.5,"y":-5.5},{"x":6.5,"y":-5.5},{"x":4.5,"y":-4.5},{"x":6.5,"y":-4.5},{"x":5.5,"y":-4},{"x":3,"y":-3},{"x":4,"y":-3},{"x":7,"y":-3},{"x":8,"y":-3},{"x":4,"y":-2},{"x":5,"y":-2},{"x":6,"y":-2},{"x":7,"y":-2},{"x":5,"y":-1},{"x":6,"y":-1}]},{"index":1,"tiles":[{"x":5,"y":-8.5},{"x":6,"y":-8.5},{"x":3,"y":-8},{"x":8,"y":-8},{"x":4,"y":-7.5},{"x":5,"y":-7.5},{"x":6,"y":-7.5},{"x":7,"y":-7.5},{"x":5,"y":-6.5},{"x":6,"y":-6.5},{"x":4.5,"y":-5.5},{"x":5.5,"y":-5.5},{"x":6.5,"y":-5.5},{"x":4.5,"y":-4.5},{"x":6.5,"y":-4.5},{"x":5.5,"y":-4},{"x":3,"y":-3},{"x":4,"y":-3},{"x":7,"y":-3},{"x":8,"y":-3},{"x":4,"y":-2},{"x":5,"y":-2},{"x":6,"y":-2},{"x":7,"y":-2},{"x":5,"y":-1},{"x":6,"y":-1}]},{"index":2,"tiles":[{"x":5,"y":-8.5},{"x":6,"y":-8.5},{"x":3,"y":-8},{"x":8,"y":-8},{"x":4,"y":-7.5},{"x":5,"y":-7.5},{"x":6,"y":-7.5},{"x":7,"y":-7.5},{"x":5,"y":-6.5},{"x":6,"y":-6.5},{"x":4.5,"y":-5.5},{"x":5.5,"y":-5.5},{"x":6.5,"y":-5.5},{"x":4.5,"y":-4.5},{"x":6.5,"y":-4.5},{"x":5.5,"y":-4},{"x":3,"y":-3},{"x":4,"y":-3},{"x":7,"y":-3},{"x":8,"y":-3},{"x":4,"y":-2},{"x":5,"y":-2},{"x":6,"y":-2},{"x":7,"y":-2},{"x":5,"y":-1},{"x":6,"y":-1}]},{"index":3,"tiles":[{"x":3,"y":-8},{"x":5,"y":-8},{"x":6,"y":-8},{"x":8,"y":-8},{"x":4,"y":-7.5},{"x":7,"y":-7.5},{"x":5,"y":-7},{"x":6,"y":-7},{"x":4.5,"y":-5.5},{"x":5.5,"y":-5.5},{"x":6.5,"y":-5.5},{"x":4.5,"y":-4.5},{"x":6.5,"y":-4.5},{"x":5.5,"y":-4},{"x":3.5,"y":-3},{"x":4.5,"y":-2},{"x":5.5,"y":-2},{"x":6.5,"y":-2},{"x":5.5,"y":-1}]},{"index":4,"tiles":[{"x":3.5,"y":-3},{"x":4.5,"y":-2},{"x":5.5,"y":-2},{"x":6.5,"y":-2},{"x":5.5,"y":-1}]}],"seeds":["wdNlYdglI/QFYBiFREQsYFE9k6ZNntA1YvJRaAk5BWMxDqJ6U3Ue4jIZT0pRVyMKSMANXXcpjxViXEeJYcCBHgiGXqh8mPGZR8YNIAkA"]},{"layers":[{"index":0,"tiles":[{"x":3,"y":-8},{"x":4,"y":-8},{"x":5.5,"y":-8},{"x":7,"y":-8},{"x":8,"y":-8},{"x":3,"y":-7},{"x":5.5,"y":-7},{"x":8,"y":-7},{"x":3,"y":-6},{"x":4,"y":-6},{"x":5,"y":-6},{"x":6,"y":-6},{"x":7,"y":-6},{"x":8,"y":-6},{"x":2,"y":-5},{"x":3,"y":-5},{"x":4,"y":-5},{"x":5,"y":-5},{"x":6,"y":-5},{"x":7,"y":-5},{"x":8,"y":-5},{"x":9,"y":-5},{"x":3,"y":-4},{"x":4,"y":-4},{"x":5,"y":-4},{"x":6,"y":-4},{"x":7,"y":-4},{"x":8,"y":-4},{"x":3,"y":-3},{"x":4,"y":-3},{"x":7,"y":-3},{"x":8,"y":-3},{"x":3,"y":-2},{"x":8,"y":-2}]},{"index":1,"tiles":[{"x":3,"y":-8},{"x":4,"y":-8},{"x":5.5,"y":-8},{"x":7,"y":-8},{"x":8,"y":-8},{"x":3,"y":-7},{"x":5.5,"y":-7},{"x":8,"y":-7},{"x":3,"y":-6},{"x":4,"y":-6},{"x":5,"y":-6},{"x":6,"y":-6},{"x":7,"y":-6},{"x":8,"y":-6},{"x":2,"y":-5},{"x":3,"y":-5},{"x":4,"y":-5},{"x":5,"y":-5},{"x":6,"y":-5},{"x":7,"y":-5},{"x":8,"y":-5},{"x":9,"y":-5},{"x":3,"y":-4},{"x":4,"y":-4},{"x":5,"y":-4},{"x":6,"y":-4},{"x":7,"y":-4},{"x":8,"y":-4},{"x":3,"y":-3},{"x":4,"y":-3},{"x":7,"y":-3},{"x":8,"y":-3},{"x":3,"y":-2},{"x":8,"y":-2}]},{"index":2,"tiles":[{"x":3,"y":-8},{"x":4,"y":-8},{"x":5.5,"y":-8},{"x":7,"y":-8},{"x":8,"y":-8},{"x":3,"y":-7},{"x":5.5,"y":-7},{"x":8,"y":-7},{"x":3,"y":-6},{"x":4,"y":-6},{"x":5,"y":-6},{"x":6,"y":-6},{"x":7,"y":-6},{"x":8,"y":-6},{"x":2,"y":-5},{"x":3,"y":-5},{"x":4,"y":-5},{"x":5,"y":-5},{"x":6,"y":-5},{"x":7,"y":-5},{"x":8,"y":-5},{"x":9,"y":-5},{"x":3,"y":-4},{"x":4,"y":-4},{"x":5,"y":-4},{"x":6,"y":-4},{"x":7,"y":-4},{"x":8,"y":-4},{"x":3,"y":-3},{"x":4,"y":-3},{"x":7,"y":-3},{"x":8,"y":-3},{"x":3,"y":-2},{"x":8,"y":-2}]},{"index":3,"tiles":[{"x":3,"y":-8},{"x":4,"y":-8},{"x":5.5,"y":-8},{"x":7,"y":-8},{"x":8,"y":-8},{"x":3,"y":-7},{"x":5.5,"y":-7},{"x":8,"y":-7},{"x":3,"y":-6},{"x":4.5,"y":-6},{"x":5.5,"y":-6},{"x":6.5,"y":-6},{"x":8,"y":-6},{"x":2,"y":-5},{"x":3,"y":-5},{"x":4.5,"y":-5},{"x":5.5,"y":-5},{"x":6.5,"y":-5},{"x":8,"y":-5},{"x":9,"y":-5},{"x":3,"y":-4},{"x":4.5,"y":-4},{"x":5.5,"y":-4},{"x":6.5,"y":-4},{"x":8,"y":-4},{"x":3,"y":-3},{"x":4,"y":-3},{"x":7,"y":-3},{"x":8,"y":-3},{"x":3,"y":-2},{"x":8,"y":-2}]},{"index":4,"tiles":[{"x":5.5,"y":-5}]}],"seeds":["lBAY0MF8TcN1amdxy8d9AyccQQRVHwiaIiWWUqUp3kSEYrgYCUN4XgUOYSiESeh4y4Bgn+WQiBCkVOdR06dk06AxRQeC4qiAmBiBE/EwXJgV3QUG3SU+EiiKCgqe2xZ23FJ1hAcA"]},{"layers":[{"index":0,"tiles":[{"x":4,"y":-8.5},{"x":5,"y":-8.5},{"x":6,"y":-8.5},{"x":7,"y":-8.5},{"x":3,"y":-8},{"x":8,"y":-8},{"x":2,"y":-7.5},{"x":9,"y":-7.5},{"x":4.5,"y":-7},{"x":5.5,"y":-7},{"x":6.5,"y":-7},{"x":1.5,"y":-6.5},{"x":3.5,"y":-6.5},{"x":7.5,"y":-6.5},{"x":9.5,"y":-6.5},{"x":2.5,"y":-6},{"x":4.5,"y":-6},{"x":5.5,"y":-6},{"x":6.5,"y":-6},{"x":8.5,"y":-6},{"x":1.5,"y":-5.5},{"x":3.5,"y":-5.5},{"x":7.5,"y":-5.5},{"x":9.5,"y":-5.5},{"x":2.5,"y":-5},{"x":4.5,"y":-5},{"x":5.5,"y":-5},{"x":6.5,"y":-5},{"x":8.5,"y":-5},{"x":1.5,"y":-4.5},{"x":3.5,"y":-4.5},{"x":7.5,"y":-4.5},{"x":9.5,"y":-4.5},{"x":2.5,"y":-4},{"x":4.5,"y":-4},{"x":5.5,"y":-4},{"x":6.5,"y":-4},{"x":8.5,"y":-4},{"x":1.5,"y":-3.5},{"x":3.5,"y":-3.5},{"x":7.5,"y":-3.5},{"x":9.5,"y":-3.5},{"x":4.5,"y":-3},{"x":5.5,"y":-3},{"x":6.5,"y":-3},{"x":2,"y":-2.5},{"x":9,"y":-2.5},{"x":3,"y":-2},{"x":8,"y":-2},{"x":4,"y":-1.5},{"x":5,"y":-1.5},{"x":6,"y":-1.5},{"x":7,"y":-1.5}]},{"index":1,"tiles":[{"x":4,"y":-8.5},{"x":5,"y":-8.5},{"x":6,"y":-8.5},{"x":7,"y":-8.5},{"x":3,"y":-8},{"x":8,"y":-8},{"x":2,"y":-7.5},{"x":9,"y":-7.5},{"x":1.5,"y":-6.5},{"x":5,"y":-6.5},{"x":6,"y":-6.5},{"x":9.5,"y":-6.5},{"x":4,"y":-6},{"x":7,"y":-6},{"x":1.5,"y":-5.5},{"x":3,"y":-5.5},{"x":5,"y":-5.5},{"x":6,"y":-5.5},{"x":8,"y":-5.5},{"x":9.5,"y":-5.5},{"x":4,"y":-5},{"x":7,"y":-5},{"x":1.5,"y":-4.5},{"x":3,"y":-4.5},{"x":5,"y":-4.5},{"x":6,"y":-4.5},{"x":8,"y":-4.5},{"x":9.5,"y":-4.5},{"x":4,"y":-4},{"x":7,"y":-4},{"x":1.5,"y":-3.5},{"x":5,"y":-3.5},{"x":6,"y":-3.5},{"x":9.5,"y":-3.5},{"x":2,"y":-2.5},{"x":9,"y":-2.5},{"x":3,"y":-2},{"x":8,"y":-2},{"x":4,"y":-1.5},{"x":5,"y":-1.5},{"x":6,"y":-1.5},{"x":7,"y":-1.5}]},{"index":2,"tiles":[{"x":4.5,"y":-8.5},{"x":5.5,"y":-8.5},{"x":6.5,"y":-8.5},{"x":1.5,"y":-6},{"x":5.5,"y":-6},{"x":9.5,"y":-6},{"x":4.5,"y":-5.5},{"x":6.5,"y":-5.5},{"x":1.5,"y":-5},{"x":3.5,"y":-5},{"x":5.5,"y":-5},{"x":7.5,"y":-5},{"x":9.5,"y":-5},{"x":4.5,"y":-4.5},{"x":6.5,"y":-4.5},{"x":1.5,"y":-4},{"x":5.5,"y":-4},{"x":9.5,"y":-4},{"x":4.5,"y":-1.5},{"x":5.5,"y":-1.5},{"x":6.5,"y":-1.5}]},{"index":3,"tiles":[{"x":5,"y":-8.5},{"x":6,"y":-8.5},{"x":1.5,"y":-5.5},{"x":5,"y":-5.5},{"x":6,"y":-5.5},{"x":9.5,"y":-5.5},{"x":4,"y":-5},{"x":7,"y":-5},{"x":1.5,"y":-4.5},{"x":5,"y":-4.5},{"x":6,"y":-4.5},{"x":9.5,"y":-4.5},{"x":5,"y":-1.5},{"x":6,"y":-1.5}]},{"index":4,"tiles":[{"x":5.5,"y":-8.5},{"x":1.5,"y":-5},{"x":9.5,"y":-5},{"x":5.5,"y":-1.5}]}],"seeds":["4TBwoFQ9QkSIVTiJTAgyIhOdlEVaYapxStgJgZOJ3MVRB7gUniMKhPiBy0R44oWWxhcM0CSB3FQhmPGopqdwmBhSC6FlIbgNTdN9Yxh0UBI2HfhVQSMoXvh9CtN5C+WBx1Z0SAIA"]},{"layers":[{"index":0,"tiles":[{"x":2,"y":-8.5},{"x":5,"y":-8.5},{"x":6,"y":-8.5},{"x":9,"y":-8.5},{"x":3,"y":-8},{"x":8,"y":-8},{"x":2,"y":-7.5},{"x":4.5,"y":-7.5},{"x":6.5,"y":-7.5},{"x":9,"y":-7.5},{"x":3,"y":-7},{"x":8,"y":-7},{"x":4.5,"y":-6.5},{"x":6.5,"y":-6.5},{"x":3.5,"y":-5.5},{"x":4.5,"y":-5.5},{"x":6.5,"y":-5.5},{"x":7.5,"y":-5.5},{"x":2,"y":-5},{"x":9,"y":-5},{"x":3.5,"y":-4.5},{"x":4.5,"y":-4.5},{"x":6.5,"y":-4.5},{"x":7.5,"y":-4.5},{"x":4.5,"y":-3.5},{"x":6.5,"y":-3.5},{"x":3,"y":-3},{"x":8,"y":-3},{"x":2,"y":-2.5},{"x":4.5,"y":-2.5},{"x":6.5,"y":-2.5},{"x":9,"y":-2.5},{"x":3,"y":-2},{"x":8,"y":-2},{"x":2,"y":-1.5},{"x":5,"y":-1.5},{"x":6,"y":-1.5},{"x":9,"y":-1.5}]},{"index":1,"tiles":[{"x":2,"y":-8.5},{"x":5,"y":-8.5},{"x":6,"y":-8.5},{"x":9,"y":-8.5},{"x":3,"y":-8},{"x":8,"y":-8},{"x":2,"y":-7.5},{"x":9,"y":-7.5},{"x":3,"y":-7},{"x":4.5,"y":-7},{"x":6.5,"y":-7},{"x":8,"y":-7},{"x":3.5,"y":-5.5},{"x":4.5,"y":-5.5},{"x":6.5,"y":-5.5},{"x":7.5,"y":-5.5},{"x":2,"y":-5},{"x":9,"y":-5},{"x":3.5,"y":-4.5},{"x":4.5,"y":-4.5},{"x":6.5,"y":-4.5},{"x":7.5,"y":-4.5},{"x":3,"y":-3},{"x":4.5,"y":-3},{"x":6.5,"y":-3},{"x":8,"y":-3},{"x":2,"y":-2.5},{"x":9,"y":-2.5},{"x":3,"y":-2},{"x":8,"y":-2},{"x":2,"y":-1.5},{"x":5,"y":-1.5},{"x":6,"y":-1.5},{"x":9,"y":-1.5}]},{"index":2,"tiles":[{"x":5,"y":-8.5},{"x":6,"y":-8.5},{"x":2,"y":-8},{"x":9,"y":-8},{"x":3,"y":-7.5},{"x":8,"y":-7.5},{"x":4.5,"y":-7},{"x":6.5,"y":-7},{"x":2,"y":-5},{"x":4,"y":-5},{"x":7,"y":-5},{"x":9,"y":-5},{"x":4.5,"y":-3},{"x":6.5,"y":-3},{"x":3,"y":-2.5},{"x":8,"y":-2.5},{"x":2,"y":-2},{"x":9,"y":-2},{"x":5,"y":-1.5},{"x":6,"y":-1.5}]},{"index":3,"tiles":[{"x":5.5,"y":-8.5},{"x":2,"y":-8},{"x":9,"y":-8},{"x":3,"y":-7.5},{"x":8,"y":-7.5},{"x":4.5,"y":-7},{"x":6.5,"y":-7},{"x":2,"y":-5},{"x":4,"y":-5},{"x":7,"y":-5},{"x":9,"y":-5},{"x":4.5,"y":-3},{"x":6.5,"y":-3},{"x":3,"y":-2.5},{"x":8,"y":-2.5},{"x":2,"y":-2},{"x":9,"y":-2},{"x":5.5,"y":-1.5}]}],"seeds":["HvllSzF4BLhR6gJCEPhFQkddGipuniceD/EphZKMHFccoWEM4OWdl3FxRWN5RlVhYgaCGoJMkRiIjAQmjTMJjtSFoMUFHyOWYBdiYQgWoZk+XQEA"]},{"layers":[{"index":0,"tiles":[{"x":7.5,"y":-8},{"x":9,"y":-8},{"x":6.5,"y":-7.5},{"x":5.5,"y":-7},{"x":7.5,"y":-7},{"x":4.5,"y":-6.5},{"x":6.5,"y":-6.5},{"x":9,"y":-6.5},{"x":3.5,"y":-6},{"x":5.5,"y":-6},{"x":7.5,"y":-6},{"x":2.5,"y":-5.5},{"x":4.5,"y":-5.5},{"x":6.5,"y":-5.5},{"x":1.5,"y":-5},{"x":3.5,"y":-5},{"x":5.5,"y":-5},{"x":7.5,"y":-5},{"x":9,"y":-5},{"x":2.5,"y":-4.5},{"x":4.5,"y":-4.5},{"x":6.5,"y":-4.5},{"x":3.5,"y":-4},{"x":5.5,"y":-4},{"x":7.5,"y":-4},{"x":4.5,"y":-3.5},{"x":6.5,"y":-3.5},{"x":9,"y":-3.5},{"x":5.5,"y":-3},{"x":7.5,"y":-3},{"x":6.5,"y":-2.5},{"x":7.5,"y":-2},{"x":9,"y":-2}]},{"index":1,"tiles":[{"x":7.5,"y":-8},{"x":6.5,"y":-7.5},{"x":5.5,"y":-7},{"x":7.5,"y":-7},{"x":4.5,"y":-6.5},{"x":6.5,"y":-6.5},{"x":3.5,"y":-6},{"x":5.5,"y":-6},{"x":7.5,"y":-6},{"x":2.5,"y":-5.5},{"x":4.5,"y":-5.5},{"x":6.5,"y":-5.5},{"x":1.5,"y":-5},{"x":3.5,"y":-5},{"x":5.5,"y":-5},{"x":7.5,"y":-5},{"x":2.5,"y":-4.5},{"x":4.5,"y":-4.5},{"x":6.5,"y":-4.5},{"x":3.5,"y":-4},{"x":5.5,"y":-4},{"x":7.5,"y":-4},{"x":4.5,"y":-3.5},{"x":6.5,"y":-3.5},{"x":5.5,"y":-3},{"x":7.5,"y":-3},{"x":6.5,"y":-2.5},{"x":7.5,"y":-2}]},{"index":2,"tiles":[{"x":6.5,"y":-7.5},{"x":5.5,"y":-7},{"x":4.5,"y":-6.5},{"x":6.5,"y":-6.5},{"x":3.5,"y":-6},{"x":5.5,"y":-6},{"x":2.5,"y":-5.5},{"x":4.5,"y":-5.5},{"x":6.5,"y":-5.5},{"x":1.5,"y":-5},{"x":3.5,"y":-5},{"x":5.5,"y":-5},{"x":2.5,"y":-4.5},{"x":4.5,"y":-4.5},{"x":6.5,"y":-4.5},{"x":3.5,"y":-4},{"x":5.5,"y":-4},{"x":4.5,"y":-3.5},{"x":6.5,"y":-3.5},{"x":5.5,"y":-3},{"x":6.5,"y":-2.5}]},{"index":3,"tiles":[{"x":5.5,"y":-7},{"x":4.5,"y":-6.5},{"x":3.5,"y":-6},{"x":5.5,"y":-6},{"x":2.5,"y":-5.5},{"x":4.5,"y":-5.5},{"x":1.5,"y":-5},{"x":3.5,"y":-5},{"x":5.5,"y":-5},{"x":2.5,"y":-4.5},{"x":4.5,"y":-4.5},{"x":3.5,"y":-4},{"x":5.5,"y":-4},{"x":4.5,"y":-3.5},{"x":5.5,"y":-3}]},{"index":4,"tiles":[{"x":4.5,"y":-6.5},{"x":3.5,"y":-6},{"x":2.5,"y":-5.5},{"x":4.5,"y":-5.5},{"x":1.5,"y":-5},{"x":3.5,"y":-5},{"x":2.5,"y":-4.5},{"x":4.5,"y":-4.5},{"x":3.5,"y":-4},{"x":4.5,"y":-3.5}]},{"index":5,"tiles":[{"x":3.5,"y":-6},{"x":2.5,"y":-5.5},{"x":1.5,"y":-5},{"x":3.5,"y":-5},{"x":2.5,"y":-4.5},{"x":3.5,"y":-4}]},{"index":6,"tiles":[{"x":2.5,"y":-5.5},{"x":1.5,"y":-5},{"x":2.5,"y":-4.5}]}],"seeds":["KMRp3PERBoR0WWQpSliGnSNqiNKJXtNJ4eMJJ/GEX/hxzRdQF3NMIAga1HgtFhUtZCKKZsJskigEHCgU4KR6DgVmlZIGW+gFHThwHThgosdVi7AU04R5"]},{"layers":[{"index":0,"tiles":[{"x":5.5,"y":-8.5},{"x":4.5,"y":-8},{"x":6.5,"y":-8},{"x":3.5,"y":-7.5},{"x":5.5,"y":-7.5},{"x":7.5,"y":-7.5},{"x":2.5,"y":-7},{"x":4.5,"y":-7},{"x":6.5,"y":-7},{"x":8.5,"y":-7},{"x":1.5,"y":-6.5},{"x":3.5,"y":-6.5},{"x":5.5,"y":-6.5},{"x":7.5,"y":-6.5},{"x":9.5,"y":-6.5},{"x":2.5,"y":-6},{"x":8.5,"y":-6},{"x":1.5,"y":-5.5},{"x":5,"y":-5.5},{"x":6,"y":-5.5},{"x":9.5,"y":-5.5},{"x":4.5,"y":-4.5},{"x":5.5,"y":-4.5},{"x":6.5,"y":-4.5},{"x":2.5,"y":-3.5},{"x":4,"y":-3.5},{"x":5,"y":-3.5},{"x":6,"y":-3.5},{"x":7,"y":-3.5},{"x":8.5,"y":-3.5},{"x":2.5,"y":-2.5},{"x":5.5,"y":-2.5},{"x":8.5,"y":-2.5},{"x":3.5,"y":-2},{"x":4.5,"y":-2},{"x":6.5,"y":-2},{"x":7.5,"y":-2},{"x":5.5,"y":-1.5}]},{"index":1,"tiles":[{"x":5.5,"y":-8.5},{"x":4.5,"y":-8},{"x":6.5,"y":-8},{"x":3.5,"y":-7.5},{"x":5.5,"y":-7.5},{"x":7.5,"y":-7.5},{"x":2.5,"y":-7},{"x":4.5,"y":-7},{"x":6.5,"y":-7},{"x":8.5,"y":-7},{"x":1.5,"y":-6.5},{"x":3.5,"y":-6.5},{"x":5.5,"y":-6.5},{"x":7.5,"y":-6.5},{"x":9.5,"y":-6.5},{"x":2.5,"y":-6},{"x":8.5,"y":-6},{"x":1.5,"y":-5.5},{"x":5.5,"y":-5.5},{"x":9.5,"y":-5.5},{"x":5,"y":-4.5},{"x":6,"y":-4.5},{"x":2.5,"y":-3.5},{"x":4,"y":-3.5},{"x":5,"y":-3.5},{"x":6,"y":-3.5},{"x":7,"y":-3.5},{"x":8.5,"y":-3.5},{"x":2.5,"y":-2.5},{"x":5.5,"y":-2.5},{"x":8.5,"y":-2.5},{"x":3.5,"y":-2},{"x":4.5,"y":-2},{"x":6.5,"y":-2},{"x":7.5,"y":-2},{"x":5.5,"y":-1.5}]},{"index":2,"tiles":[{"x":5.5,"y":-8.5},{"x":5.5,"y":-7.5},{"x":5.5,"y":-6.5},{"x":5.5,"y":-5.5},{"x":5,"y":-4.5},{"x":6,"y":-4.5},{"x":2.5,"y":-3.5},{"x":4,"y":-3.5},{"x":5,"y":-3.5},{"x":6,"y":-3.5},{"x":7,"y":-3.5},{"x":8.5,"y":-3.5},{"x":2.5,"y":-2.5},{"x":5.5,"y":-2.5},{"x":8.5,"y":-2.5},{"x":3.5,"y":-2},{"x":4.5,"y":-2},{"x":6.5,"y":-2},{"x":7.5,"y":-2},{"x":5.5,"y":-1.5}]},{"index":3,"tiles":[{"x":2.5,"y":-3.5},{"x":4,"y":-3.5},{"x":5,"y":-3.5},{"x":6,"y":-3.5},{"x":7,"y":-3.5},{"x":8.5,"y":-3.5},{"x":2.5,"y":-2.5},{"x":5.5,"y":-2.5},{"x":8.5,"y":-2.5},{"x":3.5,"y":-2},{"x":4.5,"y":-2},{"x":6.5,"y":-2},{"x":7.5,"y":-2},{"x":5.5,"y":-1.5}]}],"seeds":["kGggomdlAyJ2ChiAmEAxR+V4gRVqD1VEhBZx0UccofFFJMcVRAoqGDheZuMRCCUi4LQsWedhJfIg1XAgE8ZQoSBMHXodotoITieKoQiB58Qh"]},{"layers":[{"index":0,"tiles":[{"x":4.5,"y":-8},{"x":5.5,"y":-8},{"x":6.5,"y":-8},{"x":2,"y":-7},{"x":3,"y":-7},{"x":4,"y":-7},{"x":7,"y":-7},{"x":8,"y":-7},{"x":9,"y":-7},{"x":1.5,"y":-6},{"x":4.5,"y":-6},{"x":6.5,"y":-6},{"x":9.5,"y":-6},{"x":3.5,"y":-5.5},{"x":7.5,"y":-5.5},{"x":1.5,"y":-5},{"x":4.5,"y":-5},{"x":5.5,"y":-5},{"x":6.5,"y":-5},{"x":9.5,"y":-5},{"x":3.5,"y":-4.5},{"x":7.5,"y":-4.5},{"x":1.5,"y":-4},{"x":4.5,"y":-4},{"x":6.5,"y":-4},{"x":9.5,"y":-4},{"x":2,"y":-3},{"x":3,"y":-3},{"x":4,"y":-3},{"x":7,"y":-3},{"x":8,"y":-3},{"x":9,"y":-3},{"x":4.5,"y":-2},{"x":5.5,"y":-2},{"x":6.5,"y":-2}]},{"index":1,"tiles":[{"x":4.5,"y":-8},{"x":5.5,"y":-8},{"x":6.5,"y":-8},{"x":2,"y":-7},{"x":3,"y":-7},{"x":4,"y":-7},{"x":7,"y":-7},{"x":8,"y":-7},{"x":9,"y":-7},{"x":1.5,"y":-6},{"x":4.5,"y":-6},{"x":6.5,"y":-6},{"x":9.5,"y":-6},{"x":3.5,"y":-5.5},{"x":7.5,"y":-5.5},{"x":1.5,"y":-5},{"x":4.5,"y":-5},{"x":5.5,"y":-5},{"x":6.5,"y":-5},{"x":9.5,"y":-5},{"x":3.5,"y":-4.5},{"x":7.5,"y":-4.5},{"x":1.5,"y":-4},{"x":4.5,"y":-4},{"x":6.5,"y":-4},{"x":9.5,"y":-4},{"x":2,"y":-3},{"x":3,"y":-3},{"x":4,"y":-3},{"x":7,"y":-3},{"x":8,"y":-3},{"x":9,"y":-3},{"x":4.5,"y":-2},{"x":5.5,"y":-2},{"x":6.5,"y":-2}]},{"index":2,"tiles":[{"x":4.5,"y":-8},{"x":5.5,"y":-8},{"x":6.5,"y":-8},{"x":2,"y":-7},{"x":3,"y":-7},{"x":4,"y":-7},{"x":7,"y":-7},{"x":8,"y":-7},{"x":9,"y":-7},{"x":1.5,"y":-6},{"x":4.5,"y":-6},{"x":6.5,"y":-6},{"x":9.5,"y":-6},{"x":3.5,"y":-5.5},{"x":7.5,"y":-5.5},{"x":1.5,"y":-5},{"x":4.5,"y":-5},{"x":5.5,"y":-5},{"x":6.5,"y":-5},{"x":9.5,"y":-5},{"x":3.5,"y":-4.5},{"x":7.5,"y":-4.5},{"x":1.5,"y":-4},{"x":4.5,"y":-4},{"x":6.5,"y":-4},{"x":9.5,"y":-4},{"x":2,"y":-3},{"x":3,"y":-3},{"x":4,"y":-3},{"x":7,"y":-3},{"x":8,"y":-3},{"x":9,"y":-3},{"x":4.5,"y":-2},{"x":5.5,"y":-2},{"x":6.5,"y":-2}]},{"index":3,"tiles":[{"x":5.5,"y":-5}]}],"seeds":["HseIoekF1cRNnKeJz9dZjtMhZCQaoaJgBFUuzRcWTpA0KViEXOgg4ABGnQhaWzgI1wmFmhQJnOpBI5ddXJQYmPR94JJ1m0ihxxGKFfGAHAMA"]},{"layers":[{"index":0,"tiles":[{"x":2,"y":-7},{"x":5.5,"y":-7},{"x":9.5,"y":-7},{"x":3.5,"y":-5.5},{"x":7.5,"y":-5.5},{"x":2,"y":-4.5},{"x":5.5,"y":-4.5},{"x":9.5,"y":-4.5},{"x":3.5,"y":-3},{"x":7.5,"y":-3},{"x":2,"y":-2},{"x":5.5,"y":-2},{"x":9.5,"y":-2}]},{"index":1,"tiles":[{"x":1.5,"y":-7},{"x":2.5,"y":-7},{"x":5,"y":-7},{"x":6,"y":-7},{"x":9,"y":-7},{"x":10,"y":-7},{"x":3.5,"y":-5.5},{"x":7.5,"y":-5.5},{"x":1.5,"y":-4.5},{"x":2.5,"y":-4.5},{"x":5,"y":-4.5},{"x":6,"y":-4.5},{"x":9,"y":-4.5},{"x":10,"y":-4.5},{"x":3.5,"y":-3},{"x":7.5,"y":-3},{"x":1.5,"y":-2},{"x":2.5,"y":-2},{"x":5,"y":-2},{"x":6,"y":-2},{"x":9,"y":-2},{"x":10,"y":-2}]},{"index":2,"tiles":[{"x":1.5,"y":-7},{"x":2.5,"y":-7},{"x":4.5,"y":-7},{"x":5.5,"y":-7},{"x":6.5,"y":-7},{"x":9,"y":-7},{"x":10,"y":-7},{"x":3.5,"y":-5.5},{"x":7.5,"y":-5.5},{"x":1.5,"y":-4.5},{"x":2.5,"y":-4.5},{"x":4.5,"y":-4.5},{"x":5.5,"y":-4.5},{"x":6.5,"y":-4.5},{"x":9,"y":-4.5},{"x":10,"y":-4.5},{"x":3.5,"y":-3},{"x":7.5,"y":-3},{"x":1.5,"y":-2},{"x":2.5,"y":-2},{"x":4.5,"y":-2},{"x":5.5,"y":-2},{"x":6.5,"y":-2},{"x":9,"y":-2},{"x":10,"y":-2}]},{"index":3,"tiles":[{"x":1.5,"y":-7},{"x":2.5,"y":-7},{"x":4.5,"y":-7},{"x":5.5,"y":-7},{"x":6.5,"y":-7},{"x":9,"y":-7},{"x":10,"y":-7},{"x":3.5,"y":-5.5},{"x":7.5,"y":-5.5},{"x":1.5,"y":-4.5},{"x":2.5,"y":-4.5},{"x":4.5,"y":-4.5},{"x":5.5,"y":-4.5},{"x":6.5,"y":-4.5},{"x":9,"y":-4.5},{"x":10,"y":-4.5},{"x":3.5,"y":-3},{"x":7.5,"y":-3},{"x":1.5,"y":-2},{"x":2.5,"y":-2},{"x":4.5,"y":-2},{"x":5.5,"y":-2},{"x":6.5,"y":-2},{"x":9,"y":-2},{"x":10,"y":-2}]},{"index":4,"tiles":[{"x":4.5,"y":-7},{"x":5.5,"y":-7},{"x":6.5,"y":-7},{"x":4.5,"y":-4.5},{"x":5.5,"y":-4.5},{"x":6.5,"y":-4.5},{"x":4.5,"y":-2},{"x":5.5,"y":-2},{"x":6.5,"y":-2}]}],"seeds":["ZLckYCaIk0WVSXh54ZOBD7cMRtBpXXAcxKAoDtpoDPcJISGCXQVKHMgUYaSKmPVN0QGBx5leIRd6FOIhUmFApld9WPM54ggA"]},{"layers":[{"index":0,"tiles":[{"x":5,"y":-8.5},{"x":6,"y":-8.5},{"x":1,"y":-7.5},{"x":2,"y":-7.5},{"x":3,"y":-7.5},{"x":4,"y":-7.5},{"x":5,"y":-7.5},{"x":6,"y":-7.5},{"x":7,"y":-7.5},{"x":8,"y":-7.5},{"x":9,"y":-7.5},{"x":10,"y":-7.5},{"x":1,"y":-6.5},{"x":2,"y":-6.5},{"x":4,"y":-6.5},{"x":5,"y":-6.5},{"x":6,"y":-6.5},{"x":7,"y":-6.5},{"x":9,"y":-6.5},{"x":10,"y":-6.5},{"x":1,"y":-5.5},{"x":2,"y":-5.5},{"x":4,"y":-5.5},{"x":5,"y":-5.5},{"x":6,"y":-5.5},{"x":7,"y":-5.5},{"x":9,"y":-5.5},{"x":10,"y":-5.5},{"x":1,"y":-4.5},{"x":2,"y":-4.5},{"x":4,"y":-4.5},{"x":5,"y":-4.5},{"x":6,"y":-4.5},{"x":7,"y":-4.5},{"x":9,"y":-4.5},{"x":10,"y":-4.5},{"x":1,"y":-3.5},{"x":2,"y":-3.5},{"x":5,"y":-3.5},{"x":6,"y":-3.5},{"x":9,"y":-3.5},{"x":10,"y":-3.5},{"x":2,"y":-2.5},{"x":3,"y":-2.5},{"x":4,"y":-2.5},{"x":5,"y":-2.5},{"x":6,"y":-2.5},{"x":7,"y":-2.5},{"x":8,"y":-2.5},{"x":9,"y":-2.5},{"x":5,"y":-1.5},{"x":6,"y":-1.5}]},{"index":1,"tiles":[{"x":5,"y":-8.5},{"x":6,"y":-8.5},{"x":1,"y":-7.5},{"x":2,"y":-7.5},{"x":3,"y":-7.5},{"x":4,"y":-7.5},{"x":5,"y":-7.5},{"x":6,"y":-7.5},{"x":7,"y":-7.5},{"x":8,"y":-7.5},{"x":9,"y":-7.5},{"x":10,"y":-7.5},{"x":1,"y":-6.5},{"x":2,"y":-6.5},{"x":4,"y":-6.5},{"x":5,"y":-6.5},{"x":6,"y":-6.5},{"x":7,"y":-6.5},{"x":9,"y":-6.5},{"x":10,"y":-6.5},{"x":1,"y":-5.5},{"x":2,"y":-5.5},{"x":4,"y":-5.5},{"x":5,"y":-5.5},{"x":6,"y":-5.5},{"x":7,"y":-5.5},{"x":9,"y":-5.5},{"x":10,"y":-5.5},{"x":1,"y":-4.5},{"x":2,"y":-4.5},{"x":4,"y":-4.5},{"x":5,"y":-4.5},{"x":6,"y":-4.5},{"x":7,"y":-4.5},{"x":9,"y":-4.5},{"x":10,"y":-4.5},{"x":1,"y":-3.5},{"x":2,"y":-3.5},{"x":5,"y":-3.5},{"x":6,"y":-3.5},{"x":9,"y":-3.5},{"x":10,"y":-3.5},{"x":2,"y":-2.5},{"x":3,"y":-2.5},{"x":4,"y":-2.5},{"x":5,"y":-2.5},{"x":6,"y":-2.5},{"x":7,"y":-2.5},{"x":8,"y":-2.5},{"x":9,"y":-2.5},{"x":5,"y":-1.5},{"x":6,"y":-1.5}]},{"index":2,"tiles":[{"x":5,"y":-8.5},{"x":6,"y":-8.5},{"x":2,"y":-7.5},{"x":3,"y":-7.5},{"x":4,"y":-7.5},{"x":5,"y":-7.5},{"x":6,"y":-7.5},{"x":7,"y":-7.5},{"x":8,"y":-7.5},{"x":9,"y":-7.5},{"x":2,"y":-6.5},{"x":5,"y":-6.5},{"x":6,"y":-6.5},{"x":9,"y":-6.5},{"x":2,"y":-5.5},{"x":5,"y":-5.5},{"x":6,"y":-5.5},{"x":9,"y":-5.5},{"x":2,"y":-4.5},{"x":5,"y":-4.5},{"x":6,"y":-4.5},{"x":9,"y":-4.5},{"x":2,"y":-3.5},{"x":9,"y":-3.5}]}],"seeds":["0uJdnCcFndV0ooqGxCdqIwGGVEE6AcUt33F8CMgxkbZ4X8eFzKB4YAWKzFl5zaBABeZxl8hZXRWC30SJwrCJYJiA5hAxArVNRhZCVSCEwWMI34R1iyI66QNmySQipdKF"]}]]],0,0,[],[],[]]
