<?xml version="1.0" encoding="UTF-8"?><font><info face="SFProText-Semibold" size="42" bold="0" italic="0" charset="" unicode="1" stretchH="100" smooth="1" aa="1" padding="1,1,1,1" spacing="1,1"/><common lineHeight="42" base="40" scaleW="270" scaleH="270" pages="1" packed="0"/><pages><page id="0" file="sf-pro-bold.png"/></pages><chars count="91"><char id="32" x="0" y="0" width="0" height="0" xoffset="0" yoffset="-6" xadvance="12" page="0" chnl="15"/><char id="33" x="261" y="0" width="9" height="33" xoffset="3" yoffset="3" xadvance="15" page="0" chnl="15"/><char id="34" x="230" y="142" width="16" height="15" xoffset="2" yoffset="3" xadvance="20" page="0" chnl="15"/><char id="35" x="77" y="33" width="28" height="32" xoffset="0" yoffset="3" xadvance="28" page="0" chnl="15"/><char id="36" x="105" y="66" width="25" height="38" xoffset="2" yoffset="0" xadvance="29" page="0" chnl="15"/><char id="37" x="0" y="104" width="34" height="33" xoffset="0" yoffset="3" xadvance="35" page="0" chnl="15"/><char id="38" x="45" y="34" width="30" height="33" xoffset="1" yoffset="3" xadvance="31" page="0" chnl="15"/><char id="39" x="218" y="254" width="7" height="15" xoffset="2" yoffset="3" xadvance="12" page="0" chnl="15"/><char id="40" x="230" y="191" width="13" height="40" xoffset="4" yoffset="2" xadvance="18" page="0" chnl="15"/><char id="41" x="247" y="0" width="13" height="40" xoffset="1" yoffset="2" xadvance="18" page="0" chnl="15"/><char id="42" x="208" y="235" width="18" height="18" xoffset="2" yoffset="3" xadvance="22" page="0" chnl="15"/><char id="43" x="159" y="153" width="24" height="24" xoffset="2" yoffset="10" xadvance="29" page="0" chnl="15"/><char id="44" x="208" y="254" width="9" height="15" xoffset="2" yoffset="28" xadvance="14" page="0" chnl="15"/><char id="45" x="159" y="262" width="16" height="7" xoffset="2" yoffset="19" xadvance="21" page="0" chnl="15"/><char id="46" x="0" y="258" width="8" height="9" xoffset="3" yoffset="27" xadvance="14" page="0" chnl="15"/><char id="47" x="208" y="194" width="18" height="40" xoffset="-1" yoffset="2" xadvance="16" page="0" chnl="15"/><char id="48" x="131" y="136" width="24" height="33" xoffset="2" yoffset="3" xadvance="28" page="0" chnl="15"/><char id="49" x="230" y="158" width="15" height="32" xoffset="2" yoffset="3" xadvance="21" page="0" chnl="15"/><char id="50" x="159" y="229" width="23" height="32" xoffset="2" yoffset="3" xadvance="27" page="0" chnl="15"/><char id="51" x="131" y="170" width="24" height="33" xoffset="2" yoffset="3" xadvance="28" page="0" chnl="15"/><char id="52" x="77" y="200" width="26" height="32" xoffset="1" yoffset="3" xadvance="29" page="0" chnl="15"/><char id="53" x="131" y="204" width="24" height="33" xoffset="2" yoffset="3" xadvance="28" page="0" chnl="15"/><char id="54" x="105" y="105" width="25" height="33" xoffset="2" yoffset="3" xadvance="29" page="0" chnl="15"/><char id="55" x="184" y="0" width="23" height="32" xoffset="1" yoffset="3" xadvance="25" page="0" chnl="15"/><char id="56" x="105" y="139" width="25" height="33" xoffset="2" yoffset="3" xadvance="29" page="0" chnl="15"/><char id="57" x="105" y="173" width="25" height="33" xoffset="2" yoffset="3" xadvance="29" page="0" chnl="15"/><char id="58" x="122" y="240" width="8" height="24" xoffset="3" yoffset="12" xadvance="14" page="0" chnl="15"/><char id="59" x="230" y="232" width="10" height="31" xoffset="1" yoffset="12" xadvance="14" page="0" chnl="15"/><char id="61" x="159" y="178" width="24" height="16" xoffset="2" yoffset="14" xadvance="29" page="0" chnl="15"/><char id="63" x="184" y="232" width="21" height="33" xoffset="1" yoffset="3" xadvance="23" page="0" chnl="15"/><char id="64" x="0" y="66" width="36" height="37" xoffset="2" yoffset="3" xadvance="39" page="0" chnl="15"/><char id="65" x="45" y="68" width="30" height="32" xoffset="0" yoffset="3" xadvance="30" page="0" chnl="15"/><char id="66" x="105" y="207" width="25" height="32" xoffset="3" yoffset="3" xadvance="29" page="0" chnl="15"/><char id="67" x="45" y="101" width="29" height="33" xoffset="1" yoffset="3" xadvance="31" page="0" chnl="15"/><char id="68" x="77" y="66" width="27" height="32" xoffset="3" yoffset="3" xadvance="32" page="0" chnl="15"/><char id="69" x="208" y="0" width="21" height="32" xoffset="3" yoffset="3" xadvance="26" page="0" chnl="15"/><char id="70" x="208" y="33" width="21" height="32" xoffset="3" yoffset="3" xadvance="25" page="0" chnl="15"/><char id="71" x="45" y="135" width="29" height="33" xoffset="1" yoffset="3" xadvance="32" page="0" chnl="15"/><char id="72" x="77" y="99" width="27" height="32" xoffset="3" yoffset="3" xadvance="33" page="0" chnl="15"/><char id="73" x="261" y="144" width="7" height="32" xoffset="3" yoffset="3" xadvance="13" page="0" chnl="15"/><char id="74" x="184" y="198" width="21" height="33" xoffset="1" yoffset="3" xadvance="25" page="0" chnl="15"/><char id="75" x="77" y="233" width="26" height="32" xoffset="3" yoffset="3" xadvance="30" page="0" chnl="15"/><char id="76" x="208" y="66" width="21" height="32" xoffset="3" yoffset="3" xadvance="25" page="0" chnl="15"/><char id="77" x="0" y="189" width="32" height="32" xoffset="3" yoffset="3" xadvance="38" page="0" chnl="15"/><char id="78" x="106" y="0" width="26" height="32" xoffset="3" yoffset="3" xadvance="32" page="0" chnl="15"/><char id="79" x="45" y="0" width="31" height="33" xoffset="1" yoffset="3" xadvance="33" page="0" chnl="15"/><char id="80" x="159" y="68" width="24" height="32" xoffset="3" yoffset="3" xadvance="28" page="0" chnl="15"/><char id="81" x="0" y="222" width="31" height="35" xoffset="1" yoffset="3" xadvance="33" page="0" chnl="15"/><char id="82" x="133" y="0" width="25" height="32" xoffset="3" yoffset="3" xadvance="29" page="0" chnl="15"/><char id="83" x="77" y="132" width="26" height="33" xoffset="1" yoffset="3" xadvance="28" page="0" chnl="15"/><char id="84" x="106" y="33" width="26" height="32" xoffset="1" yoffset="3" xadvance="28" page="0" chnl="15"/><char id="85" x="77" y="166" width="26" height="33" xoffset="3" yoffset="3" xadvance="32" page="0" chnl="15"/><char id="86" x="45" y="169" width="29" height="32" xoffset="0" yoffset="3" xadvance="30" page="0" chnl="15"/><char id="87" x="0" y="33" width="41" height="32" xoffset="1" yoffset="3" xadvance="42" page="0" chnl="15"/><char id="88" x="77" y="0" width="28" height="32" xoffset="1" yoffset="3" xadvance="30" page="0" chnl="15"/><char id="89" x="45" y="202" width="29" height="32" xoffset="0" yoffset="3" xadvance="29" page="0" chnl="15"/><char id="90" x="133" y="33" width="25" height="32" xoffset="2" yoffset="3" xadvance="29" page="0" chnl="15"/><char id="91" x="247" y="41" width="13" height="40" xoffset="4" yoffset="2" xadvance="18" page="0" chnl="15"/><char id="93" x="247" y="125" width="12" height="40" xoffset="1" yoffset="2" xadvance="18" page="0" chnl="15"/><char id="94" x="208" y="178" width="20" height="15" xoffset="1" yoffset="4" xadvance="22" page="0" chnl="15"/><char id="95" x="9" y="258" width="22" height="7" xoffset="-1" yoffset="35" xadvance="20" page="0" chnl="15"/><char id="97" x="208" y="99" width="21" height="26" xoffset="1" yoffset="10" xadvance="25" page="0" chnl="15"/><char id="98" x="45" y="235" width="24" height="34" xoffset="2" yoffset="2" xadvance="27" page="0" chnl="15"/><char id="99" x="184" y="33" width="23" height="26" xoffset="1" yoffset="10" xadvance="25" page="0" chnl="15"/><char id="100" x="131" y="66" width="24" height="34" xoffset="1" yoffset="2" xadvance="27" page="0" chnl="15"/><char id="101" x="184" y="60" width="23" height="26" xoffset="1" yoffset="10" xadvance="25" page="0" chnl="15"/><char id="102" x="230" y="82" width="16" height="33" xoffset="0" yoffset="2" xadvance="17" page="0" chnl="15"/><char id="103" x="131" y="101" width="24" height="34" xoffset="1" yoffset="10" xadvance="27" page="0" chnl="15"/><char id="104" x="184" y="112" width="22" height="33" xoffset="2" yoffset="2" xadvance="27" page="0" chnl="15"/><char id="105" x="261" y="75" width="8" height="34" xoffset="2" yoffset="1" xadvance="12" page="0" chnl="15"/><char id="106" x="247" y="82" width="12" height="42" xoffset="-2" yoffset="1" xadvance="12" page="0" chnl="15"/><char id="107" x="159" y="195" width="23" height="33" xoffset="2" yoffset="2" xadvance="25" page="0" chnl="15"/><char id="108" x="261" y="110" width="8" height="33" xoffset="2" yoffset="2" xadvance="12" page="0" chnl="15"/><char id="109" x="0" y="138" width="34" height="25" xoffset="2" yoffset="10" xadvance="39" page="0" chnl="15"/><char id="110" x="184" y="146" width="22" height="25" xoffset="2" yoffset="10" xadvance="26" page="0" chnl="15"/><char id="111" x="159" y="101" width="24" height="26" xoffset="1" yoffset="10" xadvance="26" page="0" chnl="15"/><char id="112" x="159" y="0" width="24" height="33" xoffset="2" yoffset="10" xadvance="27" page="0" chnl="15"/><char id="113" x="159" y="34" width="24" height="33" xoffset="1" yoffset="10" xadvance="27" page="0" chnl="15"/><char id="114" x="230" y="116" width="16" height="25" xoffset="2" yoffset="10" xadvance="18" page="0" chnl="15"/><char id="115" x="208" y="126" width="21" height="26" xoffset="1" yoffset="10" xadvance="24" page="0" chnl="15"/><char id="116" x="105" y="240" width="16" height="30" xoffset="0" yoffset="5" xadvance="17" page="0" chnl="15"/><char id="117" x="184" y="172" width="22" height="25" xoffset="2" yoffset="11" xadvance="26" page="0" chnl="15"/><char id="118" x="159" y="128" width="24" height="24" xoffset="0" yoffset="11" xadvance="24" page="0" chnl="15"/><char id="119" x="0" y="164" width="34" height="24" xoffset="0" yoffset="11" xadvance="35" page="0" chnl="15"/><char id="120" x="184" y="87" width="23" height="24" xoffset="0" yoffset="11" xadvance="24" page="0" chnl="15"/><char id="121" x="131" y="238" width="24" height="32" xoffset="0" yoffset="11" xadvance="25" page="0" chnl="15"/><char id="122" x="208" y="153" width="20" height="24" xoffset="2" yoffset="11" xadvance="24" page="0" chnl="15"/><char id="123" x="230" y="0" width="16" height="40" xoffset="1" yoffset="2" xadvance="18" page="0" chnl="15"/><char id="124" x="261" y="34" width="8" height="40" xoffset="4" yoffset="2" xadvance="16" page="0" chnl="15"/><char id="125" x="230" y="41" width="16" height="40" xoffset="1" yoffset="2" xadvance="18" page="0" chnl="15"/><char id="8470" x="0" y="0" width="44" height="32" xoffset="3" yoffset="3" xadvance="48" page="0" chnl="15"/></chars></font>