<?xml version="1.0" encoding="UTF-8"?><font><info face="SFProText-Medium" size="42" bold="0" italic="0" charset="" unicode="1" stretchH="100" smooth="1" aa="1" padding="1,1,1,1" spacing="1,1"/><common lineHeight="42" base="40" scaleW="266" scaleH="266" pages="1" packed="0"/><pages><page id="0" file="sf-pro-medium.png"/></pages><chars count="91"><char id="32" x="0" y="0" width="0" height="0" xoffset="0" yoffset="-6" xadvance="12" page="0" chnl="15"/><char id="33" x="258" y="76" width="8" height="33" xoffset="3" yoffset="3" xadvance="14" page="0" chnl="15"/><char id="34" x="228" y="196" width="15" height="14" xoffset="2" yoffset="3" xadvance="20" page="0" chnl="15"/><char id="35" x="76" y="33" width="28" height="32" xoffset="0" yoffset="3" xadvance="28" page="0" chnl="15"/><char id="36" x="103" y="133" width="24" height="38" xoffset="2" yoffset="0" xadvance="28" page="0" chnl="15"/><char id="37" x="0" y="155" width="32" height="33" xoffset="1" yoffset="3" xadvance="34" page="0" chnl="15"/><char id="38" x="45" y="0" width="30" height="33" xoffset="1" yoffset="3" xadvance="31" page="0" chnl="15"/><char id="39" x="258" y="169" width="7" height="15" xoffset="2" yoffset="3" xadvance="11" page="0" chnl="15"/><char id="40" x="228" y="211" width="13" height="40" xoffset="4" yoffset="2" xadvance="17" page="0" chnl="15"/><char id="41" x="246" y="0" width="12" height="40" xoffset="1" yoffset="2" xadvance="17" page="0" chnl="15"/><char id="42" x="206" y="245" width="18" height="18" xoffset="2" yoffset="3" xadvance="22" page="0" chnl="15"/><char id="43" x="157" y="0" width="24" height="24" xoffset="2" yoffset="10" xadvance="28" page="0" chnl="15"/><char id="44" x="228" y="252" width="9" height="14" xoffset="2" yoffset="29" xadvance="14" page="0" chnl="15"/><char id="45" x="228" y="75" width="16" height="7" xoffset="2" yoffset="19" xadvance="20" page="0" chnl="15"/><char id="46" x="157" y="253" width="8" height="9" xoffset="3" yoffset="27" xadvance="14" page="0" chnl="15"/><char id="47" x="228" y="0" width="17" height="40" xoffset="-1" yoffset="2" xadvance="15" page="0" chnl="15"/><char id="48" x="76" y="233" width="24" height="33" xoffset="2" yoffset="3" xadvance="28" page="0" chnl="15"/><char id="49" x="132" y="234" width="14" height="32" xoffset="2" yoffset="3" xadvance="21" page="0" chnl="15"/><char id="50" x="182" y="172" width="22" height="32" xoffset="2" yoffset="3" xadvance="26" page="0" chnl="15"/><char id="51" x="103" y="207" width="24" height="33" xoffset="2" yoffset="3" xadvance="27" page="0" chnl="15"/><char id="52" x="76" y="167" width="26" height="32" xoffset="1" yoffset="3" xadvance="28" page="0" chnl="15"/><char id="53" x="157" y="111" width="23" height="33" xoffset="2" yoffset="3" xadvance="27" page="0" chnl="15"/><char id="54" x="132" y="0" width="24" height="33" xoffset="2" yoffset="3" xadvance="28" page="0" chnl="15"/><char id="55" x="182" y="205" width="22" height="32" xoffset="1" yoffset="3" xadvance="25" page="0" chnl="15"/><char id="56" x="132" y="34" width="24" height="33" xoffset="2" yoffset="3" xadvance="28" page="0" chnl="15"/><char id="57" x="132" y="68" width="24" height="33" xoffset="2" yoffset="3" xadvance="28" page="0" chnl="15"/><char id="58" x="258" y="110" width="8" height="24" xoffset="3" yoffset="12" xadvance="14" page="0" chnl="15"/><char id="59" x="245" y="123" width="10" height="31" xoffset="1" yoffset="12" xadvance="14" page="0" chnl="15"/><char id="61" x="157" y="25" width="24" height="15" xoffset="2" yoffset="15" xadvance="28" page="0" chnl="15"/><char id="63" x="206" y="120" width="20" height="33" xoffset="1" yoffset="3" xadvance="23" page="0" chnl="15"/><char id="64" x="0" y="66" width="36" height="37" xoffset="2" yoffset="3" xadvance="39" page="0" chnl="15"/><char id="65" x="45" y="138" width="29" height="32" xoffset="0" yoffset="3" xadvance="30" page="0" chnl="15"/><char id="66" x="132" y="135" width="24" height="32" xoffset="3" yoffset="3" xadvance="29" page="0" chnl="15"/><char id="67" x="76" y="66" width="27" height="33" xoffset="2" yoffset="3" xadvance="31" page="0" chnl="15"/><char id="68" x="76" y="100" width="27" height="32" xoffset="3" yoffset="3" xadvance="31" page="0" chnl="15"/><char id="69" x="206" y="0" width="21" height="32" xoffset="3" yoffset="3" xadvance="26" page="0" chnl="15"/><char id="70" x="206" y="154" width="20" height="32" xoffset="3" yoffset="3" xadvance="25" page="0" chnl="15"/><char id="71" x="45" y="70" width="29" height="33" xoffset="2" yoffset="3" xadvance="32" page="0" chnl="15"/><char id="72" x="76" y="200" width="26" height="32" xoffset="3" yoffset="3" xadvance="32" page="0" chnl="15"/><char id="73" x="147" y="234" width="7" height="32" xoffset="3" yoffset="3" xadvance="12" page="0" chnl="15"/><char id="74" x="206" y="86" width="20" height="33" xoffset="1" yoffset="3" xadvance="24" page="0" chnl="15"/><char id="75" x="105" y="0" width="26" height="32" xoffset="3" yoffset="3" xadvance="29" page="0" chnl="15"/><char id="76" x="206" y="187" width="20" height="32" xoffset="3" yoffset="3" xadvance="25" page="0" chnl="15"/><char id="77" x="0" y="189" width="32" height="32" xoffset="3" yoffset="3" xadvance="38" page="0" chnl="15"/><char id="78" x="105" y="33" width="26" height="32" xoffset="3" yoffset="3" xadvance="32" page="0" chnl="15"/><char id="79" x="45" y="104" width="29" height="33" xoffset="2" yoffset="3" xadvance="33" page="0" chnl="15"/><char id="80" x="157" y="213" width="23" height="32" xoffset="3" yoffset="3" xadvance="28" page="0" chnl="15"/><char id="81" x="45" y="34" width="29" height="35" xoffset="2" yoffset="3" xadvance="33" page="0" chnl="15"/><char id="82" x="132" y="168" width="24" height="32" xoffset="3" yoffset="3" xadvance="29" page="0" chnl="15"/><char id="83" x="104" y="66" width="25" height="33" xoffset="1" yoffset="3" xadvance="28" page="0" chnl="15"/><char id="84" x="104" y="100" width="25" height="32" xoffset="1" yoffset="3" xadvance="28" page="0" chnl="15"/><char id="85" x="76" y="133" width="26" height="33" xoffset="3" yoffset="3" xadvance="32" page="0" chnl="15"/><char id="86" x="45" y="171" width="29" height="32" xoffset="0" yoffset="3" xadvance="30" page="0" chnl="15"/><char id="87" x="0" y="33" width="40" height="32" xoffset="1" yoffset="3" xadvance="42" page="0" chnl="15"/><char id="88" x="45" y="204" width="28" height="32" xoffset="1" yoffset="3" xadvance="30" page="0" chnl="15"/><char id="89" x="76" y="0" width="28" height="32" xoffset="0" yoffset="3" xadvance="29" page="0" chnl="15"/><char id="90" x="132" y="201" width="24" height="32" xoffset="2" yoffset="3" xadvance="28" page="0" chnl="15"/><char id="91" x="245" y="41" width="12" height="40" xoffset="4" yoffset="2" xadvance="17" page="0" chnl="15"/><char id="93" x="245" y="82" width="12" height="40" xoffset="1" yoffset="2" xadvance="17" page="0" chnl="15"/><char id="94" x="13" y="222" width="19" height="15" xoffset="1" yoffset="4" xadvance="21" page="0" chnl="15"/><char id="95" x="157" y="246" width="22" height="6" xoffset="-1" yoffset="35" xadvance="19" page="0" chnl="15"/><char id="97" x="45" y="237" width="21" height="26" xoffset="1" yoffset="10" xadvance="24" page="0" chnl="15"/><char id="98" x="103" y="172" width="24" height="34" xoffset="2" yoffset="2" xadvance="27" page="0" chnl="15"/><char id="99" x="182" y="238" width="22" height="26" xoffset="1" yoffset="10" xadvance="24" page="0" chnl="15"/><char id="100" x="157" y="41" width="23" height="34" xoffset="1" yoffset="2" xadvance="27" page="0" chnl="15"/><char id="101" x="182" y="0" width="23" height="26" xoffset="1" yoffset="10" xadvance="25" page="0" chnl="15"/><char id="102" x="228" y="41" width="16" height="33" xoffset="0" yoffset="2" xadvance="16" page="0" chnl="15"/><char id="103" x="157" y="76" width="23" height="34" xoffset="1" yoffset="10" xadvance="27" page="0" chnl="15"/><char id="104" x="182" y="104" width="22" height="33" xoffset="2" yoffset="2" xadvance="26" page="0" chnl="15"/><char id="105" x="258" y="41" width="8" height="34" xoffset="2" yoffset="1" xadvance="11" page="0" chnl="15"/><char id="106" x="0" y="222" width="12" height="42" xoffset="-2" yoffset="1" xadvance="11" page="0" chnl="15"/><char id="107" x="182" y="138" width="22" height="33" xoffset="2" yoffset="2" xadvance="24" page="0" chnl="15"/><char id="108" x="258" y="135" width="7" height="33" xoffset="2" yoffset="2" xadvance="12" page="0" chnl="15"/><char id="109" x="0" y="104" width="34" height="25" xoffset="2" yoffset="10" xadvance="38" page="0" chnl="15"/><char id="110" x="103" y="241" width="21" height="25" xoffset="2" yoffset="10" xadvance="26" page="0" chnl="15"/><char id="111" x="182" y="27" width="23" height="26" xoffset="1" yoffset="10" xadvance="26" page="0" chnl="15"/><char id="112" x="157" y="145" width="23" height="33" xoffset="2" yoffset="10" xadvance="27" page="0" chnl="15"/><char id="113" x="157" y="179" width="23" height="33" xoffset="1" yoffset="10" xadvance="27" page="0" chnl="15"/><char id="114" x="13" y="238" width="15" height="25" xoffset="2" yoffset="10" xadvance="17" page="0" chnl="15"/><char id="115" x="206" y="33" width="21" height="26" xoffset="1" yoffset="10" xadvance="23" page="0" chnl="15"/><char id="116" x="228" y="165" width="15" height="30" xoffset="0" yoffset="5" xadvance="16" page="0" chnl="15"/><char id="117" x="206" y="60" width="21" height="25" xoffset="2" yoffset="11" xadvance="26" page="0" chnl="15"/><char id="118" x="182" y="54" width="23" height="24" xoffset="0" yoffset="11" xadvance="24" page="0" chnl="15"/><char id="119" x="0" y="130" width="34" height="24" xoffset="0" yoffset="11" xadvance="34" page="0" chnl="15"/><char id="120" x="182" y="79" width="23" height="24" xoffset="0" yoffset="11" xadvance="23" page="0" chnl="15"/><char id="121" x="132" y="102" width="24" height="32" xoffset="0" yoffset="11" xadvance="24" page="0" chnl="15"/><char id="122" x="206" y="220" width="20" height="24" xoffset="2" yoffset="11" xadvance="24" page="0" chnl="15"/><char id="123" x="228" y="83" width="15" height="40" xoffset="1" yoffset="2" xadvance="17" page="0" chnl="15"/><char id="124" x="259" y="0" width="7" height="40" xoffset="4" yoffset="2" xadvance="15" page="0" chnl="15"/><char id="125" x="228" y="124" width="15" height="40" xoffset="1" yoffset="2" xadvance="17" page="0" chnl="15"/><char id="8470" x="0" y="0" width="44" height="32" xoffset="3" yoffset="3" xadvance="47" page="0" chnl="15"/></chars></font>