[1,0,0,[["cc.JsonAsset",["_name","json"],1]],[[0,0,1,3]],[[0,"level_001321-30",[{"layers":[{"index":0,"tiles":[{"x":1,"y":-8},{"x":2,"y":-8},{"x":3,"y":-8},{"x":4.5,"y":-8},{"x":6.5,"y":-8},{"x":8,"y":-8},{"x":9,"y":-8},{"x":10,"y":-8},{"x":4.5,"y":-7},{"x":6.5,"y":-7},{"x":1,"y":-6},{"x":3,"y":-6},{"x":4.5,"y":-6},{"x":6.5,"y":-6},{"x":8,"y":-6},{"x":10,"y":-6},{"x":2,"y":-4.5},{"x":4.5,"y":-4.5},{"x":6.5,"y":-4.5},{"x":9,"y":-4.5},{"x":1,"y":-3},{"x":3,"y":-3},{"x":4.5,"y":-3},{"x":6.5,"y":-3},{"x":8,"y":-3},{"x":10,"y":-3},{"x":4.5,"y":-2},{"x":6.5,"y":-2},{"x":1,"y":-1},{"x":2,"y":-1},{"x":3,"y":-1},{"x":4.5,"y":-1},{"x":6.5,"y":-1},{"x":8,"y":-1},{"x":9,"y":-1},{"x":10,"y":-1}]},{"index":1,"tiles":[{"x":1,"y":-8},{"x":2,"y":-8},{"x":3,"y":-8},{"x":4.5,"y":-8},{"x":6.5,"y":-8},{"x":8,"y":-8},{"x":9,"y":-8},{"x":10,"y":-8},{"x":4.5,"y":-7},{"x":6.5,"y":-7},{"x":1,"y":-6},{"x":3,"y":-6},{"x":4.5,"y":-6},{"x":6.5,"y":-6},{"x":8,"y":-6},{"x":10,"y":-6},{"x":2,"y":-4.5},{"x":4.5,"y":-4.5},{"x":6.5,"y":-4.5},{"x":9,"y":-4.5},{"x":1,"y":-3},{"x":3,"y":-3},{"x":4.5,"y":-3},{"x":6.5,"y":-3},{"x":8,"y":-3},{"x":10,"y":-3},{"x":4.5,"y":-2},{"x":6.5,"y":-2},{"x":1,"y":-1},{"x":2,"y":-1},{"x":3,"y":-1},{"x":4.5,"y":-1},{"x":6.5,"y":-1},{"x":8,"y":-1},{"x":9,"y":-1},{"x":10,"y":-1}]},{"index":2,"tiles":[{"x":1,"y":-8},{"x":2,"y":-8},{"x":3,"y":-8},{"x":4.5,"y":-8},{"x":6.5,"y":-8},{"x":8,"y":-8},{"x":9,"y":-8},{"x":10,"y":-8},{"x":4.5,"y":-7},{"x":6.5,"y":-7},{"x":1,"y":-6},{"x":3,"y":-6},{"x":4.5,"y":-6},{"x":6.5,"y":-6},{"x":8,"y":-6},{"x":10,"y":-6},{"x":2,"y":-4.5},{"x":4.5,"y":-4.5},{"x":6.5,"y":-4.5},{"x":9,"y":-4.5},{"x":1,"y":-3},{"x":3,"y":-3},{"x":4.5,"y":-3},{"x":6.5,"y":-3},{"x":8,"y":-3},{"x":10,"y":-3},{"x":4.5,"y":-2},{"x":6.5,"y":-2},{"x":1,"y":-1},{"x":2,"y":-1},{"x":3,"y":-1},{"x":4.5,"y":-1},{"x":6.5,"y":-1},{"x":8,"y":-1},{"x":9,"y":-1},{"x":10,"y":-1}]}],"seeds":["HPRNnapg4EdJ5eBciyCCItNZYBMiD3OSHccFIJo44tB5UxIqYsB5Ikd0mSI4WioVlVcc3OJE5heEDXZ0lgGB4WeAVaRMWkgR4pZtHhIGzzRe"]},{"layers":[{"index":0,"tiles":[{"x":5,"y":-8},{"x":6,"y":-8},{"x":2.5,"y":-7.5},{"x":3.5,"y":-7.5},{"x":7.5,"y":-7.5},{"x":8.5,"y":-7.5},{"x":5.5,"y":-7},{"x":2.5,"y":-6.5},{"x":8.5,"y":-6.5},{"x":1,"y":-6},{"x":10,"y":-6},{"x":2.5,"y":-5.5},{"x":4,"y":-5.5},{"x":5,"y":-5.5},{"x":6,"y":-5.5},{"x":7,"y":-5.5},{"x":8.5,"y":-5.5},{"x":1,"y":-5},{"x":10,"y":-5},{"x":2.5,"y":-4.5},{"x":4,"y":-4.5},{"x":7,"y":-4.5},{"x":8.5,"y":-4.5},{"x":1,"y":-4},{"x":10,"y":-4},{"x":2.5,"y":-3.5},{"x":4,"y":-3.5},{"x":5,"y":-3.5},{"x":6,"y":-3.5},{"x":7,"y":-3.5},{"x":8.5,"y":-3.5},{"x":1,"y":-3},{"x":10,"y":-3},{"x":2.5,"y":-2.5},{"x":8.5,"y":-2.5},{"x":5.5,"y":-2},{"x":2.5,"y":-1.5},{"x":3.5,"y":-1.5},{"x":7.5,"y":-1.5},{"x":8.5,"y":-1.5},{"x":5,"y":-1},{"x":6,"y":-1}]},{"index":1,"tiles":[{"x":5,"y":-8},{"x":6,"y":-8},{"x":2.5,"y":-7.5},{"x":3.5,"y":-7.5},{"x":7.5,"y":-7.5},{"x":8.5,"y":-7.5},{"x":5.5,"y":-7},{"x":2.5,"y":-6.5},{"x":8.5,"y":-6.5},{"x":2.5,"y":-5.5},{"x":4,"y":-5.5},{"x":5,"y":-5.5},{"x":6,"y":-5.5},{"x":7,"y":-5.5},{"x":8.5,"y":-5.5},{"x":2.5,"y":-4.5},{"x":4,"y":-4.5},{"x":7,"y":-4.5},{"x":8.5,"y":-4.5},{"x":2.5,"y":-3.5},{"x":4,"y":-3.5},{"x":5,"y":-3.5},{"x":6,"y":-3.5},{"x":7,"y":-3.5},{"x":8.5,"y":-3.5},{"x":2.5,"y":-2.5},{"x":8.5,"y":-2.5},{"x":5.5,"y":-2},{"x":2.5,"y":-1.5},{"x":3.5,"y":-1.5},{"x":7.5,"y":-1.5},{"x":8.5,"y":-1.5},{"x":5,"y":-1},{"x":6,"y":-1}]},{"index":2,"tiles":[{"x":5,"y":-8},{"x":6,"y":-8},{"x":5.5,"y":-7},{"x":4,"y":-5.5},{"x":5,"y":-5.5},{"x":6,"y":-5.5},{"x":7,"y":-5.5},{"x":4,"y":-4.5},{"x":7,"y":-4.5},{"x":4,"y":-3.5},{"x":5,"y":-3.5},{"x":6,"y":-3.5},{"x":7,"y":-3.5},{"x":5.5,"y":-2},{"x":5,"y":-1},{"x":6,"y":-1}]}],"seeds":["3uERA7VwRwh2lecoz4CEp/mhIdVY4GONmhGIIoZ9pQARjHg5hhpARZUJXqIwzQRqkciBRTZx30dCXXhBYYqAYZeA0cJ1"]},{"layers":[{"index":0,"tiles":[{"x":1,"y":-8},{"x":2.5,"y":-8},{"x":3.5,"y":-8},{"x":4.5,"y":-8},{"x":5.5,"y":-8},{"x":6.5,"y":-8},{"x":7.5,"y":-8},{"x":8.5,"y":-8},{"x":10,"y":-8},{"x":1,"y":-7},{"x":3.5,"y":-7},{"x":4.5,"y":-7},{"x":5.5,"y":-7},{"x":6.5,"y":-7},{"x":7.5,"y":-7},{"x":10,"y":-7},{"x":1,"y":-6},{"x":4.5,"y":-6},{"x":6.5,"y":-6},{"x":10,"y":-6},{"x":3,"y":-5.5},{"x":8,"y":-5.5},{"x":1,"y":-5},{"x":2,"y":-5},{"x":4.5,"y":-5},{"x":6.5,"y":-5},{"x":9,"y":-5},{"x":10,"y":-5},{"x":3,"y":-4.5},{"x":8,"y":-4.5},{"x":1,"y":-4},{"x":2,"y":-4},{"x":4.5,"y":-4},{"x":6.5,"y":-4},{"x":9,"y":-4},{"x":10,"y":-4},{"x":3,"y":-3.5},{"x":8,"y":-3.5},{"x":1,"y":-3},{"x":4.5,"y":-3},{"x":6.5,"y":-3},{"x":10,"y":-3},{"x":1,"y":-2},{"x":3.5,"y":-2},{"x":4.5,"y":-2},{"x":5.5,"y":-2},{"x":6.5,"y":-2},{"x":7.5,"y":-2},{"x":10,"y":-2},{"x":1,"y":-1},{"x":3,"y":-1},{"x":4,"y":-1},{"x":5,"y":-1},{"x":6,"y":-1},{"x":7,"y":-1},{"x":8,"y":-1},{"x":10,"y":-1}]},{"index":1,"tiles":[{"x":1,"y":-8},{"x":2.5,"y":-8},{"x":3.5,"y":-8},{"x":4.5,"y":-8},{"x":5.5,"y":-8},{"x":6.5,"y":-8},{"x":7.5,"y":-8},{"x":8.5,"y":-8},{"x":10,"y":-8},{"x":1,"y":-7},{"x":3.5,"y":-7},{"x":4.5,"y":-7},{"x":5.5,"y":-7},{"x":6.5,"y":-7},{"x":7.5,"y":-7},{"x":10,"y":-7},{"x":1,"y":-6},{"x":4.5,"y":-6},{"x":6.5,"y":-6},{"x":10,"y":-6},{"x":3,"y":-5.5},{"x":8,"y":-5.5},{"x":1,"y":-5},{"x":2,"y":-5},{"x":4.5,"y":-5},{"x":6.5,"y":-5},{"x":9,"y":-5},{"x":10,"y":-5},{"x":3,"y":-4.5},{"x":8,"y":-4.5},{"x":1,"y":-4},{"x":2,"y":-4},{"x":4.5,"y":-4},{"x":6.5,"y":-4},{"x":9,"y":-4},{"x":10,"y":-4},{"x":3,"y":-3.5},{"x":8,"y":-3.5},{"x":1,"y":-3},{"x":4.5,"y":-3},{"x":6.5,"y":-3},{"x":10,"y":-3},{"x":1,"y":-2},{"x":3.5,"y":-2},{"x":4.5,"y":-2},{"x":5.5,"y":-2},{"x":6.5,"y":-2},{"x":7.5,"y":-2},{"x":10,"y":-2},{"x":1,"y":-1},{"x":3,"y":-1},{"x":4,"y":-1},{"x":5,"y":-1},{"x":6,"y":-1},{"x":7,"y":-1},{"x":8,"y":-1},{"x":10,"y":-1}]}],"seeds":["GOh0Sqgu4iIJISIixidEjgV6oTcpAReJXreVCQp1h0CJBMckXdpUBUYYw/c8ZBeAxTKFHHUwUhVe4BRswcRxYaYtXUOZSqYpHwiCHCiKgvcN1HlZ0AgA"]},{"layers":[{"index":0,"tiles":[{"x":2.5,"y":-8},{"x":3.5,"y":-8},{"x":4.5,"y":-8},{"x":5.5,"y":-8},{"x":6.5,"y":-8},{"x":7.5,"y":-8},{"x":8.5,"y":-8},{"x":1,"y":-6},{"x":2.5,"y":-6},{"x":5.5,"y":-6},{"x":8.5,"y":-6},{"x":10,"y":-6},{"x":1,"y":-5},{"x":5.5,"y":-5},{"x":10,"y":-5},{"x":2.5,"y":-4.5},{"x":4.5,"y":-4.5},{"x":6.5,"y":-4.5},{"x":8.5,"y":-4.5},{"x":1,"y":-4},{"x":5.5,"y":-4},{"x":10,"y":-4},{"x":1,"y":-3},{"x":2.5,"y":-3},{"x":5.5,"y":-3},{"x":8.5,"y":-3},{"x":10,"y":-3},{"x":2.5,"y":-1},{"x":3.5,"y":-1},{"x":4.5,"y":-1},{"x":5.5,"y":-1},{"x":6.5,"y":-1},{"x":7.5,"y":-1},{"x":8.5,"y":-1}]},{"index":1,"tiles":[{"x":2.5,"y":-8},{"x":3.5,"y":-8},{"x":4.5,"y":-8},{"x":5.5,"y":-8},{"x":6.5,"y":-8},{"x":7.5,"y":-8},{"x":8.5,"y":-8},{"x":1,"y":-6},{"x":2.5,"y":-6},{"x":5.5,"y":-6},{"x":8.5,"y":-6},{"x":10,"y":-6},{"x":1,"y":-5},{"x":5.5,"y":-5},{"x":10,"y":-5},{"x":2.5,"y":-4.5},{"x":4.5,"y":-4.5},{"x":6.5,"y":-4.5},{"x":8.5,"y":-4.5},{"x":1,"y":-4},{"x":5.5,"y":-4},{"x":10,"y":-4},{"x":1,"y":-3},{"x":2.5,"y":-3},{"x":5.5,"y":-3},{"x":8.5,"y":-3},{"x":10,"y":-3},{"x":2.5,"y":-1},{"x":3.5,"y":-1},{"x":4.5,"y":-1},{"x":5.5,"y":-1},{"x":6.5,"y":-1},{"x":7.5,"y":-1},{"x":8.5,"y":-1}]},{"index":2,"tiles":[{"x":2.5,"y":-8},{"x":3.5,"y":-8},{"x":4.5,"y":-8},{"x":5.5,"y":-8},{"x":6.5,"y":-8},{"x":7.5,"y":-8},{"x":8.5,"y":-8},{"x":1,"y":-6},{"x":2.5,"y":-6},{"x":5.5,"y":-6},{"x":8.5,"y":-6},{"x":10,"y":-6},{"x":1,"y":-5},{"x":5.5,"y":-5},{"x":10,"y":-5},{"x":2.5,"y":-4.5},{"x":4.5,"y":-4.5},{"x":6.5,"y":-4.5},{"x":8.5,"y":-4.5},{"x":1,"y":-4},{"x":5.5,"y":-4},{"x":10,"y":-4},{"x":1,"y":-3},{"x":2.5,"y":-3},{"x":5.5,"y":-3},{"x":8.5,"y":-3},{"x":10,"y":-3},{"x":2.5,"y":-1},{"x":3.5,"y":-1},{"x":4.5,"y":-1},{"x":5.5,"y":-1},{"x":6.5,"y":-1},{"x":7.5,"y":-1},{"x":8.5,"y":-1}]}],"seeds":["CSc2WEqI3dWFIMdMGzgEEREpA3aBD4cIwaQ51BMWjCeilddpXONY2acYI3Qs3KFYX2ZAledxn/RJalAEm5icZKgIpdhRYBiCIbKYoAgA"]},{"layers":[{"index":0,"tiles":[{"x":1.5,"y":-8},{"x":2.5,"y":-8},{"x":8.5,"y":-8},{"x":9.5,"y":-8},{"x":4.5,"y":-7.5},{"x":6.5,"y":-7.5},{"x":1.5,"y":-7},{"x":2.5,"y":-7},{"x":8.5,"y":-7},{"x":9.5,"y":-7},{"x":4.5,"y":-6.5},{"x":6.5,"y":-6.5},{"x":1.5,"y":-6},{"x":9.5,"y":-6},{"x":3.5,"y":-5.5},{"x":4.5,"y":-5.5},{"x":6.5,"y":-5.5},{"x":7.5,"y":-5.5},{"x":1,"y":-5},{"x":10,"y":-5},{"x":2.5,"y":-4.5},{"x":3.5,"y":-4.5},{"x":4.5,"y":-4.5},{"x":6.5,"y":-4.5},{"x":7.5,"y":-4.5},{"x":8.5,"y":-4.5},{"x":1,"y":-4},{"x":10,"y":-4},{"x":3.5,"y":-3.5},{"x":4.5,"y":-3.5},{"x":6.5,"y":-3.5},{"x":7.5,"y":-3.5},{"x":1.5,"y":-3},{"x":9.5,"y":-3},{"x":4.5,"y":-2.5},{"x":6.5,"y":-2.5},{"x":1.5,"y":-2},{"x":2.5,"y":-2},{"x":8.5,"y":-2},{"x":9.5,"y":-2},{"x":4.5,"y":-1.5},{"x":6.5,"y":-1.5},{"x":1.5,"y":-1},{"x":2.5,"y":-1},{"x":8.5,"y":-1},{"x":9.5,"y":-1}]},{"index":1,"tiles":[{"x":1.5,"y":-8},{"x":2.5,"y":-8},{"x":8.5,"y":-8},{"x":9.5,"y":-8},{"x":4.5,"y":-7.5},{"x":6.5,"y":-7.5},{"x":1.5,"y":-7},{"x":2.5,"y":-7},{"x":8.5,"y":-7},{"x":9.5,"y":-7},{"x":4.5,"y":-6.5},{"x":6.5,"y":-6.5},{"x":1.5,"y":-6},{"x":9.5,"y":-6},{"x":3.5,"y":-5.5},{"x":4.5,"y":-5.5},{"x":6.5,"y":-5.5},{"x":7.5,"y":-5.5},{"x":1,"y":-5},{"x":10,"y":-5},{"x":2.5,"y":-4.5},{"x":3.5,"y":-4.5},{"x":4.5,"y":-4.5},{"x":6.5,"y":-4.5},{"x":7.5,"y":-4.5},{"x":8.5,"y":-4.5},{"x":1,"y":-4},{"x":10,"y":-4},{"x":3.5,"y":-3.5},{"x":4.5,"y":-3.5},{"x":6.5,"y":-3.5},{"x":7.5,"y":-3.5},{"x":1.5,"y":-3},{"x":9.5,"y":-3},{"x":4.5,"y":-2.5},{"x":6.5,"y":-2.5},{"x":1.5,"y":-2},{"x":2.5,"y":-2},{"x":8.5,"y":-2},{"x":9.5,"y":-2},{"x":4.5,"y":-1.5},{"x":6.5,"y":-1.5},{"x":1.5,"y":-1},{"x":2.5,"y":-1},{"x":8.5,"y":-1},{"x":9.5,"y":-1}]},{"index":2,"tiles":[{"x":4,"y":-5},{"x":7,"y":-5},{"x":3,"y":-4.5},{"x":8,"y":-4.5},{"x":4,"y":-4},{"x":7,"y":-4}]},{"index":3,"tiles":[{"x":3.5,"y":-4.5},{"x":7.5,"y":-4.5}]}],"seeds":["iKiZSbc0Agl+USVmnicc2Bl2z0F4IkQpEfdRBfMg18gR1zRcyeINlNakWoeBQRiiDRSKzDV9nPEpltVVYEg5YKiBmWqUTMMVTAA6"]},{"layers":[{"index":0,"tiles":[{"x":2,"y":-8},{"x":5.5,"y":-8},{"x":9,"y":-8},{"x":3,"y":-7.5},{"x":8,"y":-7.5},{"x":1,"y":-7},{"x":2,"y":-7},{"x":5,"y":-7},{"x":6,"y":-7},{"x":9,"y":-7},{"x":10,"y":-7},{"x":3,"y":-6.5},{"x":8,"y":-6.5},{"x":1,"y":-6},{"x":2,"y":-6},{"x":4.5,"y":-6},{"x":5.5,"y":-6},{"x":6.5,"y":-6},{"x":9,"y":-6},{"x":10,"y":-6},{"x":3,"y":-5.5},{"x":8,"y":-5.5},{"x":1,"y":-5},{"x":2,"y":-5},{"x":4.5,"y":-5},{"x":5.5,"y":-5},{"x":6.5,"y":-5},{"x":9,"y":-5},{"x":10,"y":-5},{"x":3,"y":-4.5},{"x":8,"y":-4.5},{"x":1,"y":-4},{"x":2,"y":-4},{"x":4.5,"y":-4},{"x":5.5,"y":-4},{"x":6.5,"y":-4},{"x":9,"y":-4},{"x":10,"y":-4},{"x":3,"y":-3.5},{"x":8,"y":-3.5},{"x":1,"y":-3},{"x":2,"y":-3},{"x":4.5,"y":-3},{"x":5.5,"y":-3},{"x":6.5,"y":-3},{"x":9,"y":-3},{"x":10,"y":-3},{"x":3,"y":-2.5},{"x":8,"y":-2.5},{"x":1,"y":-2},{"x":2,"y":-2},{"x":5,"y":-2},{"x":6,"y":-2},{"x":9,"y":-2},{"x":10,"y":-2},{"x":3,"y":-1.5},{"x":8,"y":-1.5},{"x":2,"y":-1},{"x":5.5,"y":-1},{"x":9,"y":-1}]},{"index":1,"tiles":[{"x":2,"y":-8},{"x":5.5,"y":-8},{"x":9,"y":-8},{"x":3,"y":-7.5},{"x":8,"y":-7.5},{"x":1,"y":-7},{"x":2,"y":-7},{"x":5,"y":-7},{"x":6,"y":-7},{"x":9,"y":-7},{"x":10,"y":-7},{"x":3,"y":-6.5},{"x":8,"y":-6.5},{"x":1,"y":-6},{"x":2,"y":-6},{"x":4.5,"y":-6},{"x":5.5,"y":-6},{"x":6.5,"y":-6},{"x":9,"y":-6},{"x":10,"y":-6},{"x":3,"y":-5.5},{"x":8,"y":-5.5},{"x":1,"y":-5},{"x":2,"y":-5},{"x":4.5,"y":-5},{"x":5.5,"y":-5},{"x":6.5,"y":-5},{"x":9,"y":-5},{"x":10,"y":-5},{"x":3,"y":-4.5},{"x":8,"y":-4.5},{"x":1,"y":-4},{"x":2,"y":-4},{"x":4.5,"y":-4},{"x":5.5,"y":-4},{"x":6.5,"y":-4},{"x":9,"y":-4},{"x":10,"y":-4},{"x":3,"y":-3.5},{"x":8,"y":-3.5},{"x":1,"y":-3},{"x":2,"y":-3},{"x":4.5,"y":-3},{"x":5.5,"y":-3},{"x":6.5,"y":-3},{"x":9,"y":-3},{"x":10,"y":-3},{"x":3,"y":-2.5},{"x":8,"y":-2.5},{"x":1,"y":-2},{"x":2,"y":-2},{"x":5,"y":-2},{"x":6,"y":-2},{"x":9,"y":-2},{"x":10,"y":-2},{"x":3,"y":-1.5},{"x":8,"y":-1.5},{"x":2,"y":-1},{"x":5.5,"y":-1},{"x":9,"y":-1}]}],"seeds":["lWd1mHl64OKNk+UNARoIkshNBhUuXPeER9QoiSiGAXUNmrBsQuh4nCcWIZVCHyKBkdqBnVJBzvdp4LJ1IUIQU3hNHFgeoQAqxtcx2ZOJBYmBDUclAzgoAceI"]},{"layers":[{"index":0,"tiles":[{"x":4.5,"y":-8},{"x":5.5,"y":-8},{"x":6.5,"y":-8},{"x":1,"y":-7},{"x":2,"y":-7},{"x":3,"y":-7},{"x":4.5,"y":-7},{"x":5.5,"y":-7},{"x":6.5,"y":-7},{"x":8,"y":-7},{"x":9,"y":-7},{"x":10,"y":-7},{"x":1,"y":-6},{"x":2,"y":-6},{"x":3,"y":-6},{"x":4.5,"y":-6},{"x":5.5,"y":-6},{"x":6.5,"y":-6},{"x":8,"y":-6},{"x":9,"y":-6},{"x":10,"y":-6},{"x":1,"y":-5},{"x":2,"y":-5},{"x":3,"y":-5},{"x":8,"y":-5},{"x":9,"y":-5},{"x":10,"y":-5},{"x":4.5,"y":-4.5},{"x":5.5,"y":-4.5},{"x":6.5,"y":-4.5},{"x":1,"y":-4},{"x":2,"y":-4},{"x":3,"y":-4},{"x":8,"y":-4},{"x":9,"y":-4},{"x":10,"y":-4},{"x":1,"y":-3},{"x":2,"y":-3},{"x":3,"y":-3},{"x":4.5,"y":-3},{"x":5.5,"y":-3},{"x":6.5,"y":-3},{"x":8,"y":-3},{"x":9,"y":-3},{"x":10,"y":-3},{"x":1,"y":-2},{"x":2,"y":-2},{"x":3,"y":-2},{"x":4.5,"y":-2},{"x":5.5,"y":-2},{"x":6.5,"y":-2},{"x":8,"y":-2},{"x":9,"y":-2},{"x":10,"y":-2},{"x":4.5,"y":-1},{"x":5.5,"y":-1},{"x":6.5,"y":-1}]},{"index":1,"tiles":[{"x":2,"y":-7},{"x":4.5,"y":-7},{"x":5.5,"y":-7},{"x":6.5,"y":-7},{"x":9,"y":-7},{"x":2,"y":-6},{"x":3,"y":-6},{"x":4.5,"y":-6},{"x":5.5,"y":-6},{"x":6.5,"y":-6},{"x":8,"y":-6},{"x":9,"y":-6},{"x":2,"y":-5},{"x":3,"y":-5},{"x":8,"y":-5},{"x":9,"y":-5},{"x":4.5,"y":-4.5},{"x":5.5,"y":-4.5},{"x":6.5,"y":-4.5},{"x":2,"y":-4},{"x":3,"y":-4},{"x":8,"y":-4},{"x":9,"y":-4},{"x":2,"y":-3},{"x":3,"y":-3},{"x":4.5,"y":-3},{"x":5.5,"y":-3},{"x":6.5,"y":-3},{"x":8,"y":-3},{"x":9,"y":-3},{"x":2,"y":-2},{"x":4.5,"y":-2},{"x":5.5,"y":-2},{"x":6.5,"y":-2},{"x":9,"y":-2}]},{"index":2,"tiles":[{"x":3,"y":-6},{"x":4.5,"y":-6},{"x":5.5,"y":-6},{"x":6.5,"y":-6},{"x":8,"y":-6},{"x":3,"y":-5},{"x":8,"y":-5},{"x":3,"y":-4},{"x":8,"y":-4},{"x":3,"y":-3},{"x":4.5,"y":-3},{"x":5.5,"y":-3},{"x":6.5,"y":-3},{"x":8,"y":-3}]}],"seeds":["VyMGHfF1zHMxnZJ9YceBIXimG4SQk2GKkthRVtB4hfc5iCBUU6eMTsgd4rMMloZGU6kGHOcVXAKKCuRFHLhVChgaWjgcoESIC5UF0xcmGAYA"]},{"layers":[{"index":0,"tiles":[{"x":4.5,"y":-8.5},{"x":6.5,"y":-8.5},{"x":4.5,"y":-7.5},{"x":6.5,"y":-7.5},{"x":1,"y":-6.5},{"x":4.5,"y":-6.5},{"x":6.5,"y":-6.5},{"x":10,"y":-6.5},{"x":1,"y":-5.5},{"x":2,"y":-5.5},{"x":4.5,"y":-5.5},{"x":6.5,"y":-5.5},{"x":9,"y":-5.5},{"x":10,"y":-5.5},{"x":2,"y":-4.5},{"x":4.5,"y":-4.5},{"x":6.5,"y":-4.5},{"x":9,"y":-4.5},{"x":1,"y":-4},{"x":10,"y":-4},{"x":2,"y":-3.5},{"x":3,"y":-3.5},{"x":4,"y":-3.5},{"x":5,"y":-3.5},{"x":6,"y":-3.5},{"x":7,"y":-3.5},{"x":8,"y":-3.5},{"x":9,"y":-3.5},{"x":1,"y":-2.5},{"x":2,"y":-2.5},{"x":9,"y":-2.5},{"x":10,"y":-2.5},{"x":4.5,"y":-2},{"x":5.5,"y":-2},{"x":6.5,"y":-2},{"x":1,"y":-1.5},{"x":3.5,"y":-1.5},{"x":7.5,"y":-1.5},{"x":10,"y":-1.5},{"x":2.5,"y":-1},{"x":4.5,"y":-1},{"x":6.5,"y":-1},{"x":8.5,"y":-1}]},{"index":1,"tiles":[{"x":4.5,"y":-8.5},{"x":6.5,"y":-8.5},{"x":4.5,"y":-7.5},{"x":6.5,"y":-7.5},{"x":1,"y":-6.5},{"x":4.5,"y":-6.5},{"x":6.5,"y":-6.5},{"x":10,"y":-6.5},{"x":1,"y":-5.5},{"x":2,"y":-5.5},{"x":4.5,"y":-5.5},{"x":6.5,"y":-5.5},{"x":9,"y":-5.5},{"x":10,"y":-5.5},{"x":2,"y":-4.5},{"x":4.5,"y":-4.5},{"x":6.5,"y":-4.5},{"x":9,"y":-4.5},{"x":1,"y":-4},{"x":10,"y":-4},{"x":2,"y":-3.5},{"x":3,"y":-3.5},{"x":4,"y":-3.5},{"x":5,"y":-3.5},{"x":6,"y":-3.5},{"x":7,"y":-3.5},{"x":8,"y":-3.5},{"x":9,"y":-3.5},{"x":1,"y":-2.5},{"x":2,"y":-2.5},{"x":9,"y":-2.5},{"x":10,"y":-2.5},{"x":4.5,"y":-2},{"x":5.5,"y":-2},{"x":6.5,"y":-2},{"x":1,"y":-1.5},{"x":3.5,"y":-1.5},{"x":7.5,"y":-1.5},{"x":10,"y":-1.5},{"x":2.5,"y":-1},{"x":4.5,"y":-1},{"x":6.5,"y":-1},{"x":8.5,"y":-1}]}],"seeds":["4Qk2S4WVI6EKgQWKS5EaXGY5ARMKDHgYGDdlHoggYmhC3oV2VPZEXqV15KV1HVQMDuV92aN8XBiJjcKBw0SA4gEA"]},{"layers":[{"index":0,"tiles":[{"x":2,"y":-8},{"x":4,"y":-8},{"x":7,"y":-8},{"x":9,"y":-8},{"x":3,"y":-7.5},{"x":8,"y":-7.5},{"x":5.5,"y":-7},{"x":1,"y":-6.5},{"x":3,"y":-6.5},{"x":8,"y":-6.5},{"x":10,"y":-6.5},{"x":5.5,"y":-6},{"x":1,"y":-5.5},{"x":2,"y":-5.5},{"x":3,"y":-5.5},{"x":4,"y":-5.5},{"x":7,"y":-5.5},{"x":8,"y":-5.5},{"x":9,"y":-5.5},{"x":10,"y":-5.5},{"x":5.5,"y":-5},{"x":1,"y":-4.5},{"x":2,"y":-4.5},{"x":3,"y":-4.5},{"x":4,"y":-4.5},{"x":7,"y":-4.5},{"x":8,"y":-4.5},{"x":9,"y":-4.5},{"x":10,"y":-4.5},{"x":5.5,"y":-4},{"x":1,"y":-3.5},{"x":2,"y":-3.5},{"x":3,"y":-3.5},{"x":4,"y":-3.5},{"x":7,"y":-3.5},{"x":8,"y":-3.5},{"x":9,"y":-3.5},{"x":10,"y":-3.5},{"x":5.5,"y":-3},{"x":1,"y":-2.5},{"x":3,"y":-2.5},{"x":8,"y":-2.5},{"x":10,"y":-2.5},{"x":5.5,"y":-2},{"x":3,"y":-1.5},{"x":8,"y":-1.5},{"x":2,"y":-1},{"x":4,"y":-1},{"x":7,"y":-1},{"x":9,"y":-1}]},{"index":1,"tiles":[{"x":2,"y":-8},{"x":4,"y":-8},{"x":7,"y":-8},{"x":9,"y":-8},{"x":3,"y":-7.5},{"x":8,"y":-7.5},{"x":5.5,"y":-7},{"x":1,"y":-6.5},{"x":3,"y":-6.5},{"x":8,"y":-6.5},{"x":10,"y":-6.5},{"x":5.5,"y":-6},{"x":1,"y":-5.5},{"x":2,"y":-5.5},{"x":9,"y":-5.5},{"x":10,"y":-5.5},{"x":5.5,"y":-5},{"x":1,"y":-4.5},{"x":2,"y":-4.5},{"x":9,"y":-4.5},{"x":10,"y":-4.5},{"x":5.5,"y":-4},{"x":1,"y":-3.5},{"x":2,"y":-3.5},{"x":9,"y":-3.5},{"x":10,"y":-3.5},{"x":5.5,"y":-3},{"x":1,"y":-2.5},{"x":3,"y":-2.5},{"x":8,"y":-2.5},{"x":10,"y":-2.5},{"x":5.5,"y":-2},{"x":3,"y":-1.5},{"x":8,"y":-1.5},{"x":2,"y":-1},{"x":4,"y":-1},{"x":7,"y":-1},{"x":9,"y":-1}]},{"index":2,"tiles":[{"x":2,"y":-8},{"x":4,"y":-8},{"x":7,"y":-8},{"x":9,"y":-8},{"x":3,"y":-7.5},{"x":8,"y":-7.5},{"x":5.5,"y":-7},{"x":1,"y":-6.5},{"x":10,"y":-6.5},{"x":5.5,"y":-6},{"x":1,"y":-5.5},{"x":10,"y":-5.5},{"x":5.5,"y":-5},{"x":1,"y":-4.5},{"x":10,"y":-4.5},{"x":5.5,"y":-4},{"x":1,"y":-3.5},{"x":10,"y":-3.5},{"x":5.5,"y":-3},{"x":1,"y":-2.5},{"x":10,"y":-2.5},{"x":5.5,"y":-2},{"x":3,"y":-1.5},{"x":8,"y":-1.5},{"x":2,"y":-1},{"x":4,"y":-1},{"x":7,"y":-1},{"x":9,"y":-1}]}],"seeds":["nMKdgRg8KDWF3eaB3hgqohSWmEhiiuFlQhBdICWIUkgtQtR9DzgtE8c53AB9S/Z1WkOEHNgpHQGKBYgsiPaJ1NZ4oGp0ljA5x2B6QVIc4FVVIcN4qQUl"]},{"layers":[{"index":0,"tiles":[{"x":3.5,"y":-9},{"x":4.5,"y":-9},{"x":5.5,"y":-9},{"x":6.5,"y":-9},{"x":7.5,"y":-9},{"x":5.5,"y":-8},{"x":4.5,"y":-7},{"x":5.5,"y":-7},{"x":6.5,"y":-7},{"x":4,"y":-6},{"x":5.5,"y":-6},{"x":7,"y":-6},{"x":1,"y":-5},{"x":2,"y":-5},{"x":3.5,"y":-5},{"x":5.5,"y":-5},{"x":7.5,"y":-5},{"x":9,"y":-5},{"x":10,"y":-5},{"x":1,"y":-4},{"x":2,"y":-4},{"x":3.5,"y":-4},{"x":5.5,"y":-4},{"x":7.5,"y":-4},{"x":9,"y":-4},{"x":10,"y":-4},{"x":1,"y":-3},{"x":2,"y":-3},{"x":3.5,"y":-3},{"x":5.5,"y":-3},{"x":7.5,"y":-3},{"x":9,"y":-3},{"x":10,"y":-3},{"x":2.5,"y":-2},{"x":3.5,"y":-2},{"x":4.5,"y":-2},{"x":5.5,"y":-2},{"x":6.5,"y":-2},{"x":7.5,"y":-2},{"x":8.5,"y":-2},{"x":3,"y":-1},{"x":4,"y":-1},{"x":7,"y":-1},{"x":8,"y":-1}]},{"index":1,"tiles":[{"x":3.5,"y":-9},{"x":4.5,"y":-9},{"x":5.5,"y":-9},{"x":6.5,"y":-9},{"x":7.5,"y":-9},{"x":5.5,"y":-8},{"x":4.5,"y":-7},{"x":5.5,"y":-7},{"x":6.5,"y":-7},{"x":4,"y":-6},{"x":5.5,"y":-6},{"x":7,"y":-6},{"x":1,"y":-5},{"x":2,"y":-5},{"x":3.5,"y":-5},{"x":5.5,"y":-5},{"x":7.5,"y":-5},{"x":9,"y":-5},{"x":10,"y":-5},{"x":1,"y":-4},{"x":2,"y":-4},{"x":3.5,"y":-4},{"x":5.5,"y":-4},{"x":7.5,"y":-4},{"x":9,"y":-4},{"x":10,"y":-4},{"x":1,"y":-3},{"x":2,"y":-3},{"x":3.5,"y":-3},{"x":5.5,"y":-3},{"x":7.5,"y":-3},{"x":9,"y":-3},{"x":10,"y":-3},{"x":2.5,"y":-2},{"x":3.5,"y":-2},{"x":4.5,"y":-2},{"x":5.5,"y":-2},{"x":6.5,"y":-2},{"x":7.5,"y":-2},{"x":8.5,"y":-2},{"x":3,"y":-1},{"x":4,"y":-1},{"x":7,"y":-1},{"x":8,"y":-1}]},{"index":2,"tiles":[{"x":3.5,"y":-9},{"x":4.5,"y":-9},{"x":5.5,"y":-9},{"x":6.5,"y":-9},{"x":7.5,"y":-9},{"x":5.5,"y":-8},{"x":4.5,"y":-7},{"x":5.5,"y":-7},{"x":6.5,"y":-7},{"x":4,"y":-6},{"x":5.5,"y":-6},{"x":7,"y":-6},{"x":1,"y":-5},{"x":2,"y":-5},{"x":3.5,"y":-5},{"x":5.5,"y":-5},{"x":7.5,"y":-5},{"x":9,"y":-5},{"x":10,"y":-5},{"x":1,"y":-4},{"x":2,"y":-4},{"x":3.5,"y":-4},{"x":5.5,"y":-4},{"x":7.5,"y":-4},{"x":9,"y":-4},{"x":10,"y":-4},{"x":1,"y":-3},{"x":2,"y":-3},{"x":3.5,"y":-3},{"x":5.5,"y":-3},{"x":7.5,"y":-3},{"x":9,"y":-3},{"x":10,"y":-3},{"x":2.5,"y":-2},{"x":3.5,"y":-2},{"x":4.5,"y":-2},{"x":5.5,"y":-2},{"x":6.5,"y":-2},{"x":7.5,"y":-2},{"x":8.5,"y":-2},{"x":3,"y":-1},{"x":4,"y":-1},{"x":7,"y":-1},{"x":8,"y":-1}]}],"seeds":["2icRlUKREXSGD0dIlNIxXeNQ4vclnrItIicQIAgO3iQuJWiE3ThV01F9INcZGMGo2xJe0IN64hQ6SnGFVoAVYQYKnoAsTSB+iRkMXtZx4WFxjKhxEdiBYoCIHjVUXzgIacM0"]},{"layers":[{"index":0,"tiles":[{"x":5,"y":-8},{"x":6,"y":-8},{"x":5,"y":-7},{"x":6,"y":-7},{"x":1,"y":-6},{"x":5,"y":-6},{"x":6,"y":-6},{"x":10,"y":-6},{"x":1,"y":-5},{"x":3,"y":-5},{"x":4,"y":-5},{"x":5,"y":-5},{"x":6,"y":-5},{"x":7,"y":-5},{"x":8,"y":-5},{"x":10,"y":-5},{"x":1,"y":-4},{"x":3,"y":-4},{"x":4,"y":-4},{"x":5,"y":-4},{"x":6,"y":-4},{"x":7,"y":-4},{"x":8,"y":-4},{"x":10,"y":-4},{"x":1,"y":-3},{"x":5,"y":-3},{"x":6,"y":-3},{"x":10,"y":-3},{"x":3,"y":-2},{"x":4,"y":-2},{"x":5,"y":-2},{"x":6,"y":-2},{"x":7,"y":-2},{"x":8,"y":-2},{"x":5,"y":-1},{"x":6,"y":-1}]},{"index":1,"tiles":[{"x":5,"y":-8},{"x":6,"y":-8},{"x":5,"y":-7},{"x":6,"y":-7},{"x":1,"y":-6},{"x":5,"y":-6},{"x":6,"y":-6},{"x":10,"y":-6},{"x":1,"y":-5},{"x":3,"y":-5},{"x":4,"y":-5},{"x":5,"y":-5},{"x":6,"y":-5},{"x":7,"y":-5},{"x":8,"y":-5},{"x":10,"y":-5},{"x":1,"y":-4},{"x":3,"y":-4},{"x":4,"y":-4},{"x":5,"y":-4},{"x":6,"y":-4},{"x":7,"y":-4},{"x":8,"y":-4},{"x":10,"y":-4},{"x":1,"y":-3},{"x":5,"y":-3},{"x":6,"y":-3},{"x":10,"y":-3},{"x":3,"y":-2},{"x":4,"y":-2},{"x":5,"y":-2},{"x":6,"y":-2},{"x":7,"y":-2},{"x":8,"y":-2},{"x":5,"y":-1},{"x":6,"y":-1}]},{"index":2,"tiles":[{"x":5.5,"y":-7.5},{"x":5.5,"y":-6.5},{"x":5.5,"y":-5.5},{"x":3,"y":-5},{"x":4,"y":-5},{"x":7,"y":-5},{"x":8,"y":-5},{"x":5.5,"y":-4.5},{"x":3,"y":-4},{"x":4,"y":-4},{"x":7,"y":-4},{"x":8,"y":-4},{"x":5.5,"y":-3.5},{"x":5.5,"y":-2.5},{"x":3,"y":-2},{"x":4,"y":-2},{"x":7,"y":-2},{"x":8,"y":-2},{"x":5.5,"y":-1.5}]},{"index":3,"tiles":[{"x":5.5,"y":-7},{"x":5.5,"y":-6},{"x":3,"y":-5},{"x":5.5,"y":-5},{"x":8,"y":-5},{"x":3,"y":-4},{"x":5.5,"y":-4},{"x":8,"y":-4},{"x":5.5,"y":-3},{"x":3,"y":-2},{"x":5.5,"y":-2},{"x":8,"y":-2}]},{"index":4,"tiles":[{"x":5.5,"y":-6.5},{"x":5.5,"y":-5.5},{"x":5.5,"y":-4.5},{"x":5.5,"y":-3.5},{"x":5.5,"y":-2.5}]}],"seeds":["FCROIooQAbdEKod8UvcpxsF0UCdqmKCAoeJtoFQMo6OUQpYegZmR4AOCItgEIph4yXSBBXNRWKU9pxcRjfOFVud1lhEGXciF3MRxnxhuyzRU"]},{"layers":[{"index":0,"tiles":[{"x":2,"y":-8},{"x":3,"y":-8},{"x":5.5,"y":-8},{"x":8,"y":-8},{"x":9,"y":-8},{"x":1,"y":-7},{"x":2,"y":-7},{"x":3,"y":-7},{"x":5.5,"y":-7},{"x":8,"y":-7},{"x":9,"y":-7},{"x":10,"y":-7},{"x":1,"y":-6},{"x":2,"y":-6},{"x":3,"y":-6},{"x":4,"y":-6},{"x":5,"y":-6},{"x":6,"y":-6},{"x":7,"y":-6},{"x":8,"y":-6},{"x":9,"y":-6},{"x":10,"y":-6},{"x":2,"y":-5},{"x":3,"y":-5},{"x":5.5,"y":-5},{"x":8,"y":-5},{"x":9,"y":-5},{"x":2,"y":-4},{"x":3,"y":-4},{"x":5.5,"y":-4},{"x":8,"y":-4},{"x":9,"y":-4},{"x":1,"y":-3},{"x":2,"y":-3},{"x":3,"y":-3},{"x":4,"y":-3},{"x":5,"y":-3},{"x":6,"y":-3},{"x":7,"y":-3},{"x":8,"y":-3},{"x":9,"y":-3},{"x":10,"y":-3},{"x":1,"y":-2},{"x":2,"y":-2},{"x":3,"y":-2},{"x":5,"y":-2},{"x":6,"y":-2},{"x":8,"y":-2},{"x":9,"y":-2},{"x":10,"y":-2},{"x":2,"y":-1},{"x":3,"y":-1},{"x":5,"y":-1},{"x":6,"y":-1},{"x":8,"y":-1},{"x":9,"y":-1}]},{"index":1,"tiles":[{"x":2,"y":-8},{"x":3,"y":-8},{"x":5.5,"y":-8},{"x":8,"y":-8},{"x":9,"y":-8},{"x":1,"y":-7},{"x":2,"y":-7},{"x":3,"y":-7},{"x":5.5,"y":-7},{"x":8,"y":-7},{"x":9,"y":-7},{"x":10,"y":-7},{"x":1,"y":-6},{"x":2,"y":-6},{"x":3,"y":-6},{"x":4,"y":-6},{"x":5,"y":-6},{"x":6,"y":-6},{"x":7,"y":-6},{"x":8,"y":-6},{"x":9,"y":-6},{"x":10,"y":-6},{"x":2,"y":-5},{"x":3,"y":-5},{"x":5.5,"y":-5},{"x":8,"y":-5},{"x":9,"y":-5},{"x":2,"y":-4},{"x":3,"y":-4},{"x":5.5,"y":-4},{"x":8,"y":-4},{"x":9,"y":-4},{"x":1,"y":-3},{"x":2,"y":-3},{"x":3,"y":-3},{"x":4,"y":-3},{"x":5,"y":-3},{"x":6,"y":-3},{"x":7,"y":-3},{"x":8,"y":-3},{"x":9,"y":-3},{"x":10,"y":-3},{"x":1,"y":-2},{"x":2,"y":-2},{"x":3,"y":-2},{"x":5,"y":-2},{"x":6,"y":-2},{"x":8,"y":-2},{"x":9,"y":-2},{"x":10,"y":-2},{"x":2,"y":-1},{"x":3,"y":-1},{"x":5,"y":-1},{"x":6,"y":-1},{"x":8,"y":-1},{"x":9,"y":-1}]}],"seeds":["zKd1nxgSnNJ1E2hUFseFUxcaQ0GoIAIFUsJt15WKCHY8TaBxY3dlkyUup+Q4XbehFQeWICWKg9h8QuAlzHMFnllAgkcpyqSAYPhlXhiRILZE3RGC"]},{"layers":[{"index":0,"tiles":[{"x":1,"y":-7},{"x":2,"y":-7},{"x":3,"y":-7},{"x":4,"y":-7},{"x":7,"y":-7},{"x":8,"y":-7},{"x":9,"y":-7},{"x":10,"y":-7},{"x":1,"y":-6},{"x":2,"y":-6},{"x":4,"y":-6},{"x":5,"y":-6},{"x":6,"y":-6},{"x":7,"y":-6},{"x":9,"y":-6},{"x":10,"y":-6},{"x":1,"y":-5},{"x":4,"y":-5},{"x":5,"y":-5},{"x":6,"y":-5},{"x":7,"y":-5},{"x":10,"y":-5},{"x":2.5,"y":-4},{"x":3.5,"y":-4},{"x":4.5,"y":-4},{"x":6.5,"y":-4},{"x":7.5,"y":-4},{"x":8.5,"y":-4},{"x":1,"y":-3},{"x":4,"y":-3},{"x":5,"y":-3},{"x":6,"y":-3},{"x":7,"y":-3},{"x":10,"y":-3},{"x":1,"y":-2},{"x":2,"y":-2},{"x":4,"y":-2},{"x":5,"y":-2},{"x":6,"y":-2},{"x":7,"y":-2},{"x":9,"y":-2},{"x":10,"y":-2},{"x":1,"y":-1},{"x":2,"y":-1},{"x":3,"y":-1},{"x":4,"y":-1},{"x":7,"y":-1},{"x":8,"y":-1},{"x":9,"y":-1},{"x":10,"y":-1}]},{"index":1,"tiles":[{"x":1,"y":-7},{"x":2,"y":-7},{"x":3,"y":-7},{"x":4,"y":-7},{"x":7,"y":-7},{"x":8,"y":-7},{"x":9,"y":-7},{"x":10,"y":-7},{"x":1,"y":-6},{"x":2,"y":-6},{"x":4,"y":-6},{"x":5,"y":-6},{"x":6,"y":-6},{"x":7,"y":-6},{"x":9,"y":-6},{"x":10,"y":-6},{"x":4,"y":-5},{"x":5,"y":-5},{"x":6,"y":-5},{"x":7,"y":-5},{"x":2.5,"y":-4},{"x":3.5,"y":-4},{"x":4.5,"y":-4},{"x":6.5,"y":-4},{"x":7.5,"y":-4},{"x":8.5,"y":-4},{"x":4,"y":-3},{"x":5,"y":-3},{"x":6,"y":-3},{"x":7,"y":-3},{"x":1,"y":-2},{"x":2,"y":-2},{"x":4,"y":-2},{"x":5,"y":-2},{"x":6,"y":-2},{"x":7,"y":-2},{"x":9,"y":-2},{"x":10,"y":-2},{"x":1,"y":-1},{"x":2,"y":-1},{"x":3,"y":-1},{"x":4,"y":-1},{"x":7,"y":-1},{"x":8,"y":-1},{"x":9,"y":-1},{"x":10,"y":-1}]},{"index":2,"tiles":[{"x":1,"y":-7},{"x":2,"y":-7},{"x":3,"y":-7},{"x":4,"y":-7},{"x":7,"y":-7},{"x":8,"y":-7},{"x":9,"y":-7},{"x":10,"y":-7},{"x":4,"y":-6},{"x":5,"y":-6},{"x":6,"y":-6},{"x":7,"y":-6},{"x":4,"y":-5},{"x":7,"y":-5},{"x":2.5,"y":-4},{"x":3.5,"y":-4},{"x":4.5,"y":-4},{"x":6.5,"y":-4},{"x":7.5,"y":-4},{"x":8.5,"y":-4},{"x":4,"y":-3},{"x":7,"y":-3},{"x":4,"y":-2},{"x":5,"y":-2},{"x":6,"y":-2},{"x":7,"y":-2},{"x":1,"y":-1},{"x":2,"y":-1},{"x":3,"y":-1},{"x":4,"y":-1},{"x":7,"y":-1},{"x":8,"y":-1},{"x":9,"y":-1},{"x":10,"y":-1}]}],"seeds":["SIQpqHdEGkgSCzUMS+iICngZ3AAqH6Q+FTVVp9UwXTMZRPgFW1iIzCCFKXeAXIBAwnZRxOgxXCV2YgCKmrSI2DR5ZhV+H+dRyydwoCV0nycSSvaEINOJYBGWTtJ1YSYkXgAA"]},{"layers":[{"index":0,"tiles":[{"x":1.5,"y":-8},{"x":2.5,"y":-8},{"x":3.5,"y":-8},{"x":4.5,"y":-8},{"x":6.5,"y":-8},{"x":7.5,"y":-8},{"x":8.5,"y":-8},{"x":9.5,"y":-8},{"x":0.5,"y":-7.5},{"x":5.5,"y":-7.5},{"x":10.5,"y":-7.5},{"x":1.5,"y":-7},{"x":2.5,"y":-7},{"x":3.5,"y":-7},{"x":4.5,"y":-7},{"x":6.5,"y":-7},{"x":7.5,"y":-7},{"x":8.5,"y":-7},{"x":9.5,"y":-7},{"x":0.5,"y":-6.5},{"x":5.5,"y":-6.5},{"x":10.5,"y":-6.5},{"x":4.5,"y":-6},{"x":6.5,"y":-6},{"x":0.5,"y":-5.5},{"x":5.5,"y":-5.5},{"x":10.5,"y":-5.5},{"x":4.5,"y":-5},{"x":6.5,"y":-5},{"x":0.5,"y":-4.5},{"x":5.5,"y":-4.5},{"x":10.5,"y":-4.5},{"x":4.5,"y":-4},{"x":6.5,"y":-4},{"x":0.5,"y":-3.5},{"x":5.5,"y":-3.5},{"x":10.5,"y":-3.5},{"x":4.5,"y":-3},{"x":6.5,"y":-3},{"x":0.5,"y":-2.5},{"x":5.5,"y":-2.5},{"x":10.5,"y":-2.5},{"x":1.5,"y":-2},{"x":2.5,"y":-2},{"x":3.5,"y":-2},{"x":4.5,"y":-2},{"x":6.5,"y":-2},{"x":7.5,"y":-2},{"x":8.5,"y":-2},{"x":9.5,"y":-2},{"x":0.5,"y":-1.5},{"x":5.5,"y":-1.5},{"x":10.5,"y":-1.5},{"x":1.5,"y":-1},{"x":2.5,"y":-1},{"x":3.5,"y":-1},{"x":4.5,"y":-1},{"x":6.5,"y":-1},{"x":7.5,"y":-1},{"x":8.5,"y":-1},{"x":9.5,"y":-1}]},{"index":1,"tiles":[{"x":1.5,"y":-8},{"x":2.5,"y":-8},{"x":3.5,"y":-8},{"x":4.5,"y":-8},{"x":6.5,"y":-8},{"x":7.5,"y":-8},{"x":8.5,"y":-8},{"x":9.5,"y":-8},{"x":0.5,"y":-7.5},{"x":5.5,"y":-7.5},{"x":10.5,"y":-7.5},{"x":1.5,"y":-7},{"x":2.5,"y":-7},{"x":3.5,"y":-7},{"x":4.5,"y":-7},{"x":6.5,"y":-7},{"x":7.5,"y":-7},{"x":8.5,"y":-7},{"x":9.5,"y":-7},{"x":0.5,"y":-6.5},{"x":5.5,"y":-6.5},{"x":10.5,"y":-6.5},{"x":4.5,"y":-6},{"x":6.5,"y":-6},{"x":0.5,"y":-5.5},{"x":5.5,"y":-5.5},{"x":10.5,"y":-5.5},{"x":4.5,"y":-5},{"x":6.5,"y":-5},{"x":0.5,"y":-4.5},{"x":5.5,"y":-4.5},{"x":10.5,"y":-4.5},{"x":4.5,"y":-4},{"x":6.5,"y":-4},{"x":0.5,"y":-3.5},{"x":5.5,"y":-3.5},{"x":10.5,"y":-3.5},{"x":4.5,"y":-3},{"x":6.5,"y":-3},{"x":0.5,"y":-2.5},{"x":5.5,"y":-2.5},{"x":10.5,"y":-2.5},{"x":1.5,"y":-2},{"x":2.5,"y":-2},{"x":3.5,"y":-2},{"x":4.5,"y":-2},{"x":6.5,"y":-2},{"x":7.5,"y":-2},{"x":8.5,"y":-2},{"x":9.5,"y":-2},{"x":0.5,"y":-1.5},{"x":5.5,"y":-1.5},{"x":10.5,"y":-1.5},{"x":1.5,"y":-1},{"x":2.5,"y":-1},{"x":3.5,"y":-1},{"x":4.5,"y":-1},{"x":6.5,"y":-1},{"x":7.5,"y":-1},{"x":8.5,"y":-1},{"x":9.5,"y":-1}]}],"seeds":["KKhAoKiJYBoGgaN8AWWEVahm5XEMYoGcjdFZEAZKEyFmT2CImEcFhgVywTVyVWeJhfh9AadwwyKEV4iEHRcsygZuXvRxItclpMZJgZg8RGNawnEE3uQxTOSEYggA"]},{"layers":[{"index":0,"tiles":[{"x":1.5,"y":-8},{"x":2.5,"y":-8},{"x":4.5,"y":-8},{"x":6.5,"y":-8},{"x":8.5,"y":-8},{"x":9.5,"y":-8},{"x":2.5,"y":-7},{"x":3.5,"y":-7},{"x":4.5,"y":-7},{"x":5.5,"y":-7},{"x":6.5,"y":-7},{"x":7.5,"y":-7},{"x":8.5,"y":-7},{"x":1.5,"y":-6.5},{"x":9.5,"y":-6.5},{"x":4.5,"y":-6},{"x":6.5,"y":-6},{"x":3,"y":-5.5},{"x":5.5,"y":-5.5},{"x":8,"y":-5.5},{"x":4.5,"y":-5},{"x":6.5,"y":-5},{"x":2.5,"y":-4.5},{"x":3.5,"y":-4.5},{"x":5.5,"y":-4.5},{"x":7.5,"y":-4.5},{"x":8.5,"y":-4.5},{"x":4.5,"y":-4},{"x":6.5,"y":-4},{"x":3,"y":-3.5},{"x":5.5,"y":-3.5},{"x":8,"y":-3.5},{"x":4.5,"y":-3},{"x":6.5,"y":-3},{"x":1.5,"y":-2.5},{"x":9.5,"y":-2.5},{"x":2.5,"y":-2},{"x":3.5,"y":-2},{"x":4.5,"y":-2},{"x":5.5,"y":-2},{"x":6.5,"y":-2},{"x":7.5,"y":-2},{"x":8.5,"y":-2},{"x":1.5,"y":-1},{"x":2.5,"y":-1},{"x":4.5,"y":-1},{"x":6.5,"y":-1},{"x":8.5,"y":-1},{"x":9.5,"y":-1}]},{"index":1,"tiles":[{"x":1.5,"y":-8},{"x":2.5,"y":-8},{"x":4.5,"y":-8},{"x":6.5,"y":-8},{"x":8.5,"y":-8},{"x":9.5,"y":-8},{"x":2.5,"y":-7},{"x":3.5,"y":-7},{"x":4.5,"y":-7},{"x":5.5,"y":-7},{"x":6.5,"y":-7},{"x":7.5,"y":-7},{"x":8.5,"y":-7},{"x":1.5,"y":-6.5},{"x":9.5,"y":-6.5},{"x":4.5,"y":-6},{"x":6.5,"y":-6},{"x":3,"y":-5.5},{"x":5.5,"y":-5.5},{"x":8,"y":-5.5},{"x":4.5,"y":-5},{"x":6.5,"y":-5},{"x":2.5,"y":-4.5},{"x":3.5,"y":-4.5},{"x":5.5,"y":-4.5},{"x":7.5,"y":-4.5},{"x":8.5,"y":-4.5},{"x":4.5,"y":-4},{"x":6.5,"y":-4},{"x":3,"y":-3.5},{"x":5.5,"y":-3.5},{"x":8,"y":-3.5},{"x":4.5,"y":-3},{"x":6.5,"y":-3},{"x":1.5,"y":-2.5},{"x":9.5,"y":-2.5},{"x":2.5,"y":-2},{"x":3.5,"y":-2},{"x":4.5,"y":-2},{"x":5.5,"y":-2},{"x":6.5,"y":-2},{"x":7.5,"y":-2},{"x":8.5,"y":-2},{"x":1.5,"y":-1},{"x":2.5,"y":-1},{"x":4.5,"y":-1},{"x":6.5,"y":-1},{"x":8.5,"y":-1},{"x":9.5,"y":-1}]},{"index":2,"tiles":[{"x":1.5,"y":-8},{"x":2.5,"y":-8},{"x":4.5,"y":-8},{"x":6.5,"y":-8},{"x":8.5,"y":-8},{"x":9.5,"y":-8},{"x":2.5,"y":-7},{"x":3.5,"y":-7},{"x":4.5,"y":-7},{"x":5.5,"y":-7},{"x":6.5,"y":-7},{"x":7.5,"y":-7},{"x":8.5,"y":-7},{"x":1.5,"y":-6.5},{"x":9.5,"y":-6.5},{"x":4.5,"y":-6},{"x":6.5,"y":-6},{"x":3,"y":-5.5},{"x":8,"y":-5.5},{"x":4.5,"y":-5},{"x":6.5,"y":-5},{"x":2.5,"y":-4.5},{"x":3.5,"y":-4.5},{"x":7.5,"y":-4.5},{"x":8.5,"y":-4.5},{"x":4.5,"y":-4},{"x":6.5,"y":-4},{"x":3,"y":-3.5},{"x":8,"y":-3.5},{"x":4.5,"y":-3},{"x":6.5,"y":-3},{"x":1.5,"y":-2.5},{"x":9.5,"y":-2.5},{"x":2.5,"y":-2},{"x":3.5,"y":-2},{"x":4.5,"y":-2},{"x":5.5,"y":-2},{"x":6.5,"y":-2},{"x":7.5,"y":-2},{"x":8.5,"y":-2},{"x":1.5,"y":-1},{"x":2.5,"y":-1},{"x":4.5,"y":-1},{"x":6.5,"y":-1},{"x":8.5,"y":-1},{"x":9.5,"y":-1}]}],"seeds":["F0eGXFgFFyg4oSFkWAimUScujAgRoFJ9CwMqzVeZSaAhw4Z4ojEp4WJZw7BQ3iQOVOGVVDAGISFpGaMmwxOK4cRxUcdQAtqBH3VxG3SKR8F1XsCFIfhxF/MxjweCwSF4kiMO4ddNXYhVotJQ"]},{"layers":[{"index":0,"tiles":[{"x":5,"y":-8},{"x":6,"y":-8},{"x":5,"y":-7},{"x":6,"y":-7},{"x":1,"y":-6.5},{"x":10,"y":-6.5},{"x":2,"y":-6},{"x":3,"y":-6},{"x":4,"y":-6},{"x":5.5,"y":-6},{"x":7,"y":-6},{"x":8,"y":-6},{"x":9,"y":-6},{"x":1,"y":-5.5},{"x":10,"y":-5.5},{"x":2,"y":-5},{"x":9,"y":-5},{"x":1,"y":-4.5},{"x":3,"y":-4.5},{"x":5.5,"y":-4.5},{"x":8,"y":-4.5},{"x":10,"y":-4.5},{"x":2,"y":-4},{"x":9,"y":-4},{"x":1,"y":-3.5},{"x":10,"y":-3.5},{"x":2,"y":-3},{"x":3,"y":-3},{"x":4,"y":-3},{"x":5.5,"y":-3},{"x":7,"y":-3},{"x":8,"y":-3},{"x":9,"y":-3},{"x":1,"y":-2.5},{"x":10,"y":-2.5},{"x":5,"y":-2},{"x":6,"y":-2},{"x":5,"y":-1},{"x":6,"y":-1}]},{"index":1,"tiles":[{"x":5,"y":-8},{"x":6,"y":-8},{"x":5,"y":-7},{"x":6,"y":-7},{"x":1,"y":-6.5},{"x":10,"y":-6.5},{"x":2,"y":-6},{"x":3,"y":-6},{"x":4,"y":-6},{"x":5.5,"y":-6},{"x":7,"y":-6},{"x":8,"y":-6},{"x":9,"y":-6},{"x":1,"y":-5.5},{"x":10,"y":-5.5},{"x":2,"y":-5},{"x":9,"y":-5},{"x":1,"y":-4.5},{"x":3,"y":-4.5},{"x":5.5,"y":-4.5},{"x":8,"y":-4.5},{"x":10,"y":-4.5},{"x":2,"y":-4},{"x":9,"y":-4},{"x":1,"y":-3.5},{"x":10,"y":-3.5},{"x":2,"y":-3},{"x":3,"y":-3},{"x":4,"y":-3},{"x":5.5,"y":-3},{"x":7,"y":-3},{"x":8,"y":-3},{"x":9,"y":-3},{"x":1,"y":-2.5},{"x":10,"y":-2.5},{"x":5,"y":-2},{"x":6,"y":-2},{"x":5,"y":-1},{"x":6,"y":-1}]},{"index":2,"tiles":[{"x":5,"y":-7},{"x":6,"y":-7},{"x":1,"y":-6.5},{"x":10,"y":-6.5},{"x":2,"y":-6},{"x":3,"y":-6},{"x":4,"y":-6},{"x":5.5,"y":-6},{"x":7,"y":-6},{"x":8,"y":-6},{"x":9,"y":-6},{"x":1,"y":-5.5},{"x":10,"y":-5.5},{"x":2,"y":-5},{"x":9,"y":-5},{"x":1,"y":-4.5},{"x":3,"y":-4.5},{"x":5.5,"y":-4.5},{"x":8,"y":-4.5},{"x":10,"y":-4.5},{"x":2,"y":-4},{"x":9,"y":-4},{"x":1,"y":-3.5},{"x":10,"y":-3.5},{"x":2,"y":-3},{"x":3,"y":-3},{"x":4,"y":-3},{"x":5.5,"y":-3},{"x":7,"y":-3},{"x":8,"y":-3},{"x":9,"y":-3},{"x":1,"y":-2.5},{"x":10,"y":-2.5},{"x":5,"y":-2},{"x":6,"y":-2}]},{"index":3,"tiles":[{"x":5.5,"y":-4.5}]}],"seeds":["lwhx4GZNnrZw3hcQHcVhjMII4eF9WoRxoNMFIAdyHzgtIleJD4hAl9JIRZgEorKonbWIwukUWWOSkjCAWfKMZXdsXVeFYRoNlDEZAgJO6BconBh6RAgA"]},{"layers":[{"index":0,"tiles":[{"x":5.5,"y":-8},{"x":2,"y":-7.5},{"x":3,"y":-7.5},{"x":8,"y":-7.5},{"x":9,"y":-7.5},{"x":5.5,"y":-7},{"x":1,"y":-6.5},{"x":2.5,"y":-6.5},{"x":4,"y":-6.5},{"x":7,"y":-6.5},{"x":8.5,"y":-6.5},{"x":10,"y":-6.5},{"x":5.5,"y":-6},{"x":2,"y":-5.5},{"x":3,"y":-5.5},{"x":8,"y":-5.5},{"x":9,"y":-5.5},{"x":5.5,"y":-5},{"x":1.5,"y":-4.5},{"x":2.5,"y":-4.5},{"x":3.5,"y":-4.5},{"x":4.5,"y":-4.5},{"x":6.5,"y":-4.5},{"x":7.5,"y":-4.5},{"x":8.5,"y":-4.5},{"x":9.5,"y":-4.5},{"x":5.5,"y":-4},{"x":2,"y":-3.5},{"x":3,"y":-3.5},{"x":8,"y":-3.5},{"x":9,"y":-3.5},{"x":5.5,"y":-3},{"x":1,"y":-2.5},{"x":2.5,"y":-2.5},{"x":4,"y":-2.5},{"x":7,"y":-2.5},{"x":8.5,"y":-2.5},{"x":10,"y":-2.5},{"x":5.5,"y":-2},{"x":2,"y":-1.5},{"x":3,"y":-1.5},{"x":8,"y":-1.5},{"x":9,"y":-1.5},{"x":5.5,"y":-1}]},{"index":1,"tiles":[{"x":5.5,"y":-8},{"x":2,"y":-7.5},{"x":3,"y":-7.5},{"x":8,"y":-7.5},{"x":9,"y":-7.5},{"x":5.5,"y":-7},{"x":1,"y":-6.5},{"x":2.5,"y":-6.5},{"x":4,"y":-6.5},{"x":7,"y":-6.5},{"x":8.5,"y":-6.5},{"x":10,"y":-6.5},{"x":5.5,"y":-6},{"x":2,"y":-5.5},{"x":3,"y":-5.5},{"x":8,"y":-5.5},{"x":9,"y":-5.5},{"x":5.5,"y":-5},{"x":1.5,"y":-4.5},{"x":2.5,"y":-4.5},{"x":3.5,"y":-4.5},{"x":4.5,"y":-4.5},{"x":6.5,"y":-4.5},{"x":7.5,"y":-4.5},{"x":8.5,"y":-4.5},{"x":9.5,"y":-4.5},{"x":5.5,"y":-4},{"x":2,"y":-3.5},{"x":3,"y":-3.5},{"x":8,"y":-3.5},{"x":9,"y":-3.5},{"x":5.5,"y":-3},{"x":1,"y":-2.5},{"x":2.5,"y":-2.5},{"x":4,"y":-2.5},{"x":7,"y":-2.5},{"x":8.5,"y":-2.5},{"x":10,"y":-2.5},{"x":5.5,"y":-2},{"x":2,"y":-1.5},{"x":3,"y":-1.5},{"x":8,"y":-1.5},{"x":9,"y":-1.5},{"x":5.5,"y":-1}]},{"index":2,"tiles":[{"x":5.5,"y":-8},{"x":2,"y":-7.5},{"x":3,"y":-7.5},{"x":8,"y":-7.5},{"x":9,"y":-7.5},{"x":5.5,"y":-7},{"x":1,"y":-6.5},{"x":2.5,"y":-6.5},{"x":4,"y":-6.5},{"x":7,"y":-6.5},{"x":8.5,"y":-6.5},{"x":10,"y":-6.5},{"x":5.5,"y":-6},{"x":2,"y":-5.5},{"x":3,"y":-5.5},{"x":8,"y":-5.5},{"x":9,"y":-5.5},{"x":5.5,"y":-5},{"x":1.5,"y":-4.5},{"x":2.5,"y":-4.5},{"x":3.5,"y":-4.5},{"x":4.5,"y":-4.5},{"x":6.5,"y":-4.5},{"x":7.5,"y":-4.5},{"x":8.5,"y":-4.5},{"x":9.5,"y":-4.5},{"x":5.5,"y":-4},{"x":2,"y":-3.5},{"x":3,"y":-3.5},{"x":8,"y":-3.5},{"x":9,"y":-3.5},{"x":5.5,"y":-3},{"x":1,"y":-2.5},{"x":2.5,"y":-2.5},{"x":4,"y":-2.5},{"x":7,"y":-2.5},{"x":8.5,"y":-2.5},{"x":10,"y":-2.5},{"x":5.5,"y":-2},{"x":2,"y":-1.5},{"x":3,"y":-1.5},{"x":8,"y":-1.5},{"x":9,"y":-1.5},{"x":5.5,"y":-1}]}],"seeds":["3vVBRyKFHRIIijd52PWcoJKEo9EhYBgWjYCaIOQFYGRxg2hgFylKWTUsHNeFBLU8ZfhZmiNk0RMQG9dNgsgpkqMOE1hx4iFsDNVwkKaA18CJIhhcGCZJkwCmTCh1Twd9X3GF"]},{"layers":[{"index":0,"tiles":[{"x":5,"y":-8.5},{"x":6,"y":-8.5},{"x":3,"y":-7.5},{"x":4,"y":-7.5},{"x":7,"y":-7.5},{"x":8,"y":-7.5},{"x":2,"y":-7},{"x":9,"y":-7},{"x":3,"y":-6.5},{"x":4,"y":-6.5},{"x":7,"y":-6.5},{"x":8,"y":-6.5},{"x":3.5,"y":-5.5},{"x":4.5,"y":-5.5},{"x":6.5,"y":-5.5},{"x":7.5,"y":-5.5},{"x":3,"y":-4.5},{"x":4,"y":-4.5},{"x":7,"y":-4.5},{"x":8,"y":-4.5},{"x":2,"y":-3.5},{"x":3,"y":-3.5},{"x":4,"y":-3.5},{"x":5.5,"y":-3.5},{"x":7,"y":-3.5},{"x":8,"y":-3.5},{"x":9,"y":-3.5},{"x":1,"y":-3},{"x":10,"y":-3},{"x":2,"y":-2.5},{"x":3,"y":-2.5},{"x":8,"y":-2.5},{"x":9,"y":-2.5},{"x":4,"y":-2},{"x":5,"y":-2},{"x":6,"y":-2},{"x":7,"y":-2},{"x":2,"y":-1.5},{"x":9,"y":-1.5}]},{"index":1,"tiles":[{"x":5,"y":-8.5},{"x":6,"y":-8.5},{"x":3,"y":-7.5},{"x":4,"y":-7.5},{"x":7,"y":-7.5},{"x":8,"y":-7.5},{"x":2,"y":-7},{"x":9,"y":-7},{"x":3,"y":-6.5},{"x":4,"y":-6.5},{"x":7,"y":-6.5},{"x":8,"y":-6.5},{"x":3.5,"y":-5.5},{"x":4.5,"y":-5.5},{"x":6.5,"y":-5.5},{"x":7.5,"y":-5.5},{"x":3,"y":-4.5},{"x":4,"y":-4.5},{"x":7,"y":-4.5},{"x":8,"y":-4.5},{"x":2,"y":-3.5},{"x":3,"y":-3.5},{"x":4,"y":-3.5},{"x":5.5,"y":-3.5},{"x":7,"y":-3.5},{"x":8,"y":-3.5},{"x":9,"y":-3.5},{"x":1,"y":-3},{"x":10,"y":-3},{"x":2,"y":-2.5},{"x":3,"y":-2.5},{"x":8,"y":-2.5},{"x":9,"y":-2.5},{"x":4,"y":-2},{"x":5,"y":-2},{"x":6,"y":-2},{"x":7,"y":-2},{"x":2,"y":-1.5},{"x":9,"y":-1.5}]},{"index":2,"tiles":[{"x":5,"y":-8.5},{"x":6,"y":-8.5},{"x":3,"y":-7.5},{"x":4,"y":-7.5},{"x":7,"y":-7.5},{"x":8,"y":-7.5},{"x":2,"y":-7},{"x":9,"y":-7},{"x":3,"y":-6.5},{"x":4,"y":-6.5},{"x":7,"y":-6.5},{"x":8,"y":-6.5},{"x":3.5,"y":-5.5},{"x":4.5,"y":-5.5},{"x":6.5,"y":-5.5},{"x":7.5,"y":-5.5},{"x":3,"y":-4.5},{"x":4,"y":-4.5},{"x":7,"y":-4.5},{"x":8,"y":-4.5},{"x":2,"y":-3.5},{"x":3,"y":-3.5},{"x":4,"y":-3.5},{"x":5.5,"y":-3.5},{"x":7,"y":-3.5},{"x":8,"y":-3.5},{"x":9,"y":-3.5},{"x":1,"y":-3},{"x":10,"y":-3},{"x":2,"y":-2.5},{"x":3,"y":-2.5},{"x":8,"y":-2.5},{"x":9,"y":-2.5},{"x":4,"y":-2},{"x":5,"y":-2},{"x":6,"y":-2},{"x":7,"y":-2},{"x":2,"y":-1.5},{"x":9,"y":-1.5}]},{"index":3,"tiles":[{"x":2,"y":-7}]}],"seeds":["mRcKE2JqH4h+FNeAB8FkXOosIxee0gdag8hJIfdFCimK1QAaDWVkUCCKC+YR3rAhTAIWW8YFwTZdneIcFxhNIRQFSdR0HRQ+6uaF4mA92iQWSldijaCIUAUA"]},{"layers":[{"index":0,"tiles":[{"x":1.5,"y":-8},{"x":2.5,"y":-8},{"x":3.5,"y":-8},{"x":5.5,"y":-8},{"x":7.5,"y":-8},{"x":8.5,"y":-8},{"x":9.5,"y":-8},{"x":1.5,"y":-7},{"x":2.5,"y":-7},{"x":3.5,"y":-7},{"x":5.5,"y":-7},{"x":7.5,"y":-7},{"x":8.5,"y":-7},{"x":9.5,"y":-7},{"x":2.5,"y":-6},{"x":3.5,"y":-6},{"x":5.5,"y":-6},{"x":7.5,"y":-6},{"x":8.5,"y":-6},{"x":2,"y":-4.5},{"x":4,"y":-4.5},{"x":5.5,"y":-4.5},{"x":7,"y":-4.5},{"x":9,"y":-4.5},{"x":2,"y":-3.5},{"x":3,"y":-3.5},{"x":4,"y":-3.5},{"x":5.5,"y":-3.5},{"x":7,"y":-3.5},{"x":8,"y":-3.5},{"x":9,"y":-3.5},{"x":1,"y":-3},{"x":10,"y":-3},{"x":2,"y":-2.5},{"x":3,"y":-2.5},{"x":4,"y":-2.5},{"x":5.5,"y":-2.5},{"x":7,"y":-2.5},{"x":8,"y":-2.5},{"x":9,"y":-2.5},{"x":2,"y":-1.5},{"x":4,"y":-1.5},{"x":5.5,"y":-1.5},{"x":7,"y":-1.5},{"x":9,"y":-1.5}]},{"index":1,"tiles":[{"x":1.5,"y":-8},{"x":2.5,"y":-8},{"x":3.5,"y":-8},{"x":5.5,"y":-8},{"x":7.5,"y":-8},{"x":8.5,"y":-8},{"x":9.5,"y":-8},{"x":1.5,"y":-7},{"x":2.5,"y":-7},{"x":3.5,"y":-7},{"x":5.5,"y":-7},{"x":7.5,"y":-7},{"x":8.5,"y":-7},{"x":9.5,"y":-7},{"x":2.5,"y":-6},{"x":3.5,"y":-6},{"x":5.5,"y":-6},{"x":7.5,"y":-6},{"x":8.5,"y":-6},{"x":2,"y":-4.5},{"x":4,"y":-4.5},{"x":5.5,"y":-4.5},{"x":7,"y":-4.5},{"x":9,"y":-4.5},{"x":2,"y":-3.5},{"x":3,"y":-3.5},{"x":4,"y":-3.5},{"x":5.5,"y":-3.5},{"x":7,"y":-3.5},{"x":8,"y":-3.5},{"x":9,"y":-3.5},{"x":1,"y":-3},{"x":10,"y":-3},{"x":2,"y":-2.5},{"x":3,"y":-2.5},{"x":4,"y":-2.5},{"x":5.5,"y":-2.5},{"x":7,"y":-2.5},{"x":8,"y":-2.5},{"x":9,"y":-2.5},{"x":2,"y":-1.5},{"x":4,"y":-1.5},{"x":5.5,"y":-1.5},{"x":7,"y":-1.5},{"x":9,"y":-1.5}]},{"index":2,"tiles":[{"x":1.5,"y":-8},{"x":2.5,"y":-8},{"x":3.5,"y":-8},{"x":5.5,"y":-8},{"x":7.5,"y":-8},{"x":8.5,"y":-8},{"x":9.5,"y":-8},{"x":1.5,"y":-7},{"x":2.5,"y":-7},{"x":3.5,"y":-7},{"x":5.5,"y":-7},{"x":7.5,"y":-7},{"x":8.5,"y":-7},{"x":9.5,"y":-7},{"x":2.5,"y":-6},{"x":3.5,"y":-6},{"x":5.5,"y":-6},{"x":7.5,"y":-6},{"x":8.5,"y":-6},{"x":2,"y":-4.5},{"x":4,"y":-4.5},{"x":5.5,"y":-4.5},{"x":7,"y":-4.5},{"x":9,"y":-4.5},{"x":2,"y":-3.5},{"x":3,"y":-3.5},{"x":4,"y":-3.5},{"x":5.5,"y":-3.5},{"x":7,"y":-3.5},{"x":8,"y":-3.5},{"x":9,"y":-3.5},{"x":1,"y":-3},{"x":10,"y":-3},{"x":2,"y":-2.5},{"x":3,"y":-2.5},{"x":4,"y":-2.5},{"x":5.5,"y":-2.5},{"x":7,"y":-2.5},{"x":8,"y":-2.5},{"x":9,"y":-2.5},{"x":2,"y":-1.5},{"x":4,"y":-1.5},{"x":5.5,"y":-1.5},{"x":7,"y":-1.5},{"x":9,"y":-1.5}]},{"index":3,"tiles":[{"x":5.5,"y":-4},{"x":5.5,"y":-3},{"x":5.5,"y":-2}]}],"seeds":["ShAhzSMyElFVlRAqX9htnKRxy3NMBydmyvSBxmCAZENZgzgUIRgEFMYwmICokbCFHxF2oaMEH6GVC8QtTdh5V+NUHAUWA/NRngeCCUd4XCdangguHteBmYUKUJiO4vldk5WYoDh1oAgA"]},{"layers":[{"index":0,"tiles":[{"x":3,"y":-8},{"x":4.5,"y":-8},{"x":6.5,"y":-8},{"x":8,"y":-8},{"x":2,"y":-7},{"x":9,"y":-7},{"x":5.5,"y":-6.5},{"x":1.5,"y":-6},{"x":2.5,"y":-6},{"x":8.5,"y":-6},{"x":9.5,"y":-6},{"x":1.5,"y":-5},{"x":2.5,"y":-5},{"x":3.5,"y":-5},{"x":7.5,"y":-5},{"x":8.5,"y":-5},{"x":9.5,"y":-5},{"x":4.5,"y":-4.5},{"x":6.5,"y":-4.5},{"x":1.5,"y":-4},{"x":2.5,"y":-4},{"x":3.5,"y":-4},{"x":7.5,"y":-4},{"x":8.5,"y":-4},{"x":9.5,"y":-4},{"x":4.5,"y":-3.5},{"x":6.5,"y":-3.5},{"x":1.5,"y":-3},{"x":2.5,"y":-3},{"x":8.5,"y":-3},{"x":9.5,"y":-3},{"x":3.5,"y":-2.5},{"x":7.5,"y":-2.5},{"x":2.5,"y":-2},{"x":8.5,"y":-2},{"x":3.5,"y":-1.5},{"x":4.5,"y":-1.5},{"x":5.5,"y":-1.5},{"x":6.5,"y":-1.5},{"x":7.5,"y":-1.5}]},{"index":1,"tiles":[{"x":3,"y":-8},{"x":4.5,"y":-8},{"x":6.5,"y":-8},{"x":8,"y":-8},{"x":2,"y":-7},{"x":9,"y":-7},{"x":5.5,"y":-6.5},{"x":1.5,"y":-6},{"x":2.5,"y":-6},{"x":8.5,"y":-6},{"x":9.5,"y":-6},{"x":1.5,"y":-5},{"x":2.5,"y":-5},{"x":3.5,"y":-5},{"x":7.5,"y":-5},{"x":8.5,"y":-5},{"x":9.5,"y":-5},{"x":4.5,"y":-4.5},{"x":6.5,"y":-4.5},{"x":1.5,"y":-4},{"x":2.5,"y":-4},{"x":3.5,"y":-4},{"x":7.5,"y":-4},{"x":8.5,"y":-4},{"x":9.5,"y":-4},{"x":4.5,"y":-3.5},{"x":6.5,"y":-3.5},{"x":1.5,"y":-3},{"x":2.5,"y":-3},{"x":8.5,"y":-3},{"x":9.5,"y":-3},{"x":3.5,"y":-2.5},{"x":7.5,"y":-2.5},{"x":2.5,"y":-2},{"x":8.5,"y":-2},{"x":3.5,"y":-1.5},{"x":4.5,"y":-1.5},{"x":5.5,"y":-1.5},{"x":6.5,"y":-1.5},{"x":7.5,"y":-1.5}]},{"index":2,"tiles":[{"x":3,"y":-8},{"x":4.5,"y":-8},{"x":6.5,"y":-8},{"x":8,"y":-8},{"x":2,"y":-7},{"x":9,"y":-7},{"x":5.5,"y":-6.5},{"x":1.5,"y":-6},{"x":2.5,"y":-6},{"x":8.5,"y":-6},{"x":9.5,"y":-6},{"x":1.5,"y":-5},{"x":2.5,"y":-5},{"x":3.5,"y":-5},{"x":7.5,"y":-5},{"x":8.5,"y":-5},{"x":9.5,"y":-5},{"x":4.5,"y":-4.5},{"x":6.5,"y":-4.5},{"x":1.5,"y":-4},{"x":2.5,"y":-4},{"x":3.5,"y":-4},{"x":7.5,"y":-4},{"x":8.5,"y":-4},{"x":9.5,"y":-4},{"x":4.5,"y":-3.5},{"x":6.5,"y":-3.5},{"x":1.5,"y":-3},{"x":2.5,"y":-3},{"x":8.5,"y":-3},{"x":9.5,"y":-3},{"x":3.5,"y":-2.5},{"x":7.5,"y":-2.5},{"x":2.5,"y":-2},{"x":8.5,"y":-2},{"x":3.5,"y":-1.5},{"x":4.5,"y":-1.5},{"x":5.5,"y":-1.5},{"x":6.5,"y":-1.5},{"x":7.5,"y":-1.5}]}],"seeds":["wWQ9DSY+V3eiCzgJk8FxYrFIHeYYmRWoXhEiXfSB5kcoo+JVC7ggnXOIywMFmggyAvMNiTKQYeiB2RQuHyWClaY83PUIFBQcT0IIIedtYtdIFNdF3BaCJZWC"]},{"layers":[{"index":0,"tiles":[{"x":4.5,"y":-8},{"x":5.5,"y":-8},{"x":6.5,"y":-8},{"x":1,"y":-7.5},{"x":2,"y":-7.5},{"x":3,"y":-7.5},{"x":8,"y":-7.5},{"x":9,"y":-7.5},{"x":10,"y":-7.5},{"x":4.5,"y":-7},{"x":5.5,"y":-7},{"x":6.5,"y":-7},{"x":1,"y":-6.5},{"x":2,"y":-6.5},{"x":9,"y":-6.5},{"x":10,"y":-6.5},{"x":5.5,"y":-6},{"x":1,"y":-5.5},{"x":3.5,"y":-5.5},{"x":4.5,"y":-5.5},{"x":6.5,"y":-5.5},{"x":7.5,"y":-5.5},{"x":10,"y":-5.5},{"x":5.5,"y":-5},{"x":2.5,"y":-4.5},{"x":3.5,"y":-4.5},{"x":4.5,"y":-4.5},{"x":6.5,"y":-4.5},{"x":7.5,"y":-4.5},{"x":8.5,"y":-4.5},{"x":5.5,"y":-4},{"x":1,"y":-3},{"x":2,"y":-3},{"x":4.5,"y":-3},{"x":5.5,"y":-3},{"x":6.5,"y":-3},{"x":9,"y":-3},{"x":10,"y":-3},{"x":1,"y":-2},{"x":2,"y":-2},{"x":3,"y":-2},{"x":4.5,"y":-2},{"x":5.5,"y":-2},{"x":6.5,"y":-2},{"x":8,"y":-2},{"x":9,"y":-2},{"x":10,"y":-2},{"x":2,"y":-1},{"x":3,"y":-1},{"x":4.5,"y":-1},{"x":5.5,"y":-1},{"x":6.5,"y":-1},{"x":8,"y":-1},{"x":9,"y":-1}]},{"index":1,"tiles":[{"x":4.5,"y":-8},{"x":5.5,"y":-8},{"x":6.5,"y":-8},{"x":1,"y":-7.5},{"x":2,"y":-7.5},{"x":3,"y":-7.5},{"x":8,"y":-7.5},{"x":9,"y":-7.5},{"x":10,"y":-7.5},{"x":4.5,"y":-7},{"x":5.5,"y":-7},{"x":6.5,"y":-7},{"x":1,"y":-6.5},{"x":2,"y":-6.5},{"x":9,"y":-6.5},{"x":10,"y":-6.5},{"x":5.5,"y":-6},{"x":1,"y":-5.5},{"x":3.5,"y":-5.5},{"x":4.5,"y":-5.5},{"x":6.5,"y":-5.5},{"x":7.5,"y":-5.5},{"x":10,"y":-5.5},{"x":5.5,"y":-5},{"x":2.5,"y":-4.5},{"x":3.5,"y":-4.5},{"x":4.5,"y":-4.5},{"x":6.5,"y":-4.5},{"x":7.5,"y":-4.5},{"x":8.5,"y":-4.5},{"x":5.5,"y":-4},{"x":1,"y":-3},{"x":2,"y":-3},{"x":4.5,"y":-3},{"x":5.5,"y":-3},{"x":6.5,"y":-3},{"x":9,"y":-3},{"x":10,"y":-3},{"x":1,"y":-2},{"x":2,"y":-2},{"x":3,"y":-2},{"x":4.5,"y":-2},{"x":5.5,"y":-2},{"x":6.5,"y":-2},{"x":8,"y":-2},{"x":9,"y":-2},{"x":10,"y":-2},{"x":2,"y":-1},{"x":3,"y":-1},{"x":4.5,"y":-1},{"x":5.5,"y":-1},{"x":6.5,"y":-1},{"x":8,"y":-1},{"x":9,"y":-1}]}],"seeds":["EBh2SFhCUvg1z8CFEyY2kwJ6Ytd13HZc1ZF0TKdYg5iAgSGYX7hxakAEYMqhijEu1BNwnwhmjgcixcdZFFYV4qQ5pBBNngSeV8aEWiQuIOEp"]},{"layers":[{"index":0,"tiles":[{"x":2.5,"y":-8},{"x":5.5,"y":-8},{"x":8.5,"y":-8},{"x":4.5,"y":-7.5},{"x":6.5,"y":-7.5},{"x":3.5,"y":-7},{"x":5.5,"y":-7},{"x":7.5,"y":-7},{"x":4.5,"y":-6.5},{"x":6.5,"y":-6.5},{"x":3.5,"y":-6},{"x":5.5,"y":-6},{"x":7.5,"y":-6},{"x":1.5,"y":-5.5},{"x":9.5,"y":-5.5},{"x":5.5,"y":-5},{"x":1.5,"y":-4.5},{"x":2.5,"y":-4.5},{"x":3.5,"y":-4.5},{"x":4.5,"y":-4.5},{"x":6.5,"y":-4.5},{"x":7.5,"y":-4.5},{"x":8.5,"y":-4.5},{"x":9.5,"y":-4.5},{"x":5.5,"y":-4},{"x":1.5,"y":-3.5},{"x":9.5,"y":-3.5},{"x":3.5,"y":-3},{"x":5.5,"y":-3},{"x":7.5,"y":-3},{"x":1.5,"y":-2.5},{"x":4.5,"y":-2.5},{"x":6.5,"y":-2.5},{"x":9.5,"y":-2.5},{"x":3.5,"y":-2},{"x":5.5,"y":-2},{"x":7.5,"y":-2},{"x":1.5,"y":-1.5},{"x":4.5,"y":-1.5},{"x":6.5,"y":-1.5},{"x":9.5,"y":-1.5},{"x":5.5,"y":-1}]},{"index":1,"tiles":[{"x":2.5,"y":-8},{"x":5.5,"y":-8},{"x":8.5,"y":-8},{"x":4.5,"y":-7.5},{"x":6.5,"y":-7.5},{"x":3.5,"y":-7},{"x":5.5,"y":-7},{"x":7.5,"y":-7},{"x":4.5,"y":-6.5},{"x":6.5,"y":-6.5},{"x":3.5,"y":-6},{"x":5.5,"y":-6},{"x":7.5,"y":-6},{"x":1.5,"y":-5.5},{"x":9.5,"y":-5.5},{"x":5.5,"y":-5},{"x":1.5,"y":-4.5},{"x":2.5,"y":-4.5},{"x":3.5,"y":-4.5},{"x":4.5,"y":-4.5},{"x":6.5,"y":-4.5},{"x":7.5,"y":-4.5},{"x":8.5,"y":-4.5},{"x":9.5,"y":-4.5},{"x":5.5,"y":-4},{"x":1.5,"y":-3.5},{"x":9.5,"y":-3.5},{"x":3.5,"y":-3},{"x":5.5,"y":-3},{"x":7.5,"y":-3},{"x":1.5,"y":-2.5},{"x":4.5,"y":-2.5},{"x":6.5,"y":-2.5},{"x":9.5,"y":-2.5},{"x":3.5,"y":-2},{"x":5.5,"y":-2},{"x":7.5,"y":-2},{"x":1.5,"y":-1.5},{"x":4.5,"y":-1.5},{"x":6.5,"y":-1.5},{"x":9.5,"y":-1.5},{"x":5.5,"y":-1}]},{"index":2,"tiles":[{"x":2.5,"y":-8},{"x":5.5,"y":-8},{"x":8.5,"y":-8},{"x":4.5,"y":-7.5},{"x":6.5,"y":-7.5},{"x":3.5,"y":-7},{"x":5.5,"y":-7},{"x":7.5,"y":-7},{"x":4.5,"y":-6.5},{"x":6.5,"y":-6.5},{"x":3.5,"y":-6},{"x":5.5,"y":-6},{"x":7.5,"y":-6},{"x":1.5,"y":-5.5},{"x":9.5,"y":-5.5},{"x":5.5,"y":-5},{"x":1.5,"y":-4.5},{"x":2.5,"y":-4.5},{"x":3.5,"y":-4.5},{"x":4.5,"y":-4.5},{"x":6.5,"y":-4.5},{"x":7.5,"y":-4.5},{"x":8.5,"y":-4.5},{"x":9.5,"y":-4.5},{"x":5.5,"y":-4},{"x":1.5,"y":-3.5},{"x":9.5,"y":-3.5},{"x":3.5,"y":-3},{"x":5.5,"y":-3},{"x":7.5,"y":-3},{"x":1.5,"y":-2.5},{"x":4.5,"y":-2.5},{"x":6.5,"y":-2.5},{"x":9.5,"y":-2.5},{"x":3.5,"y":-2},{"x":5.5,"y":-2},{"x":7.5,"y":-2},{"x":1.5,"y":-1.5},{"x":4.5,"y":-1.5},{"x":6.5,"y":-1.5},{"x":9.5,"y":-1.5},{"x":5.5,"y":-1}]}],"seeds":["YxNW4FB2KqJx4ccQYoidzhNknpAZpFWJmBgWTvhsEzSBCDQZnhgeQdhJ30RFabBMDxde2wUSxYNKkTYoVqeEiwl6SiJGTdh9RQGCCheCXhCKosh5E/V5IchE3CFwYQIA"]},{"layers":[{"index":0,"tiles":[{"x":3.5,"y":-8},{"x":4.5,"y":-8},{"x":5.5,"y":-8},{"x":7.5,"y":-8},{"x":8.5,"y":-8},{"x":9.5,"y":-8},{"x":3,"y":-6.5},{"x":5,"y":-6.5},{"x":7,"y":-6.5},{"x":9,"y":-6.5},{"x":1.5,"y":-6},{"x":3,"y":-5.5},{"x":4,"y":-5.5},{"x":5,"y":-5.5},{"x":6,"y":-5.5},{"x":7,"y":-5.5},{"x":8,"y":-5.5},{"x":9,"y":-5.5},{"x":1.5,"y":-5},{"x":3,"y":-4.5},{"x":5,"y":-4.5},{"x":6,"y":-4.5},{"x":7,"y":-4.5},{"x":9,"y":-4.5},{"x":1.5,"y":-4},{"x":3,"y":-3.5},{"x":4,"y":-3.5},{"x":5,"y":-3.5},{"x":6,"y":-3.5},{"x":7,"y":-3.5},{"x":8,"y":-3.5},{"x":9,"y":-3.5},{"x":1.5,"y":-3},{"x":3,"y":-2.5},{"x":5,"y":-2.5},{"x":7,"y":-2.5},{"x":9,"y":-2.5},{"x":3.5,"y":-1},{"x":4.5,"y":-1},{"x":5.5,"y":-1},{"x":7.5,"y":-1},{"x":8.5,"y":-1},{"x":9.5,"y":-1}]},{"index":1,"tiles":[{"x":3.5,"y":-8},{"x":4.5,"y":-8},{"x":5.5,"y":-8},{"x":7.5,"y":-8},{"x":8.5,"y":-8},{"x":9.5,"y":-8},{"x":3,"y":-6.5},{"x":5,"y":-6.5},{"x":7,"y":-6.5},{"x":9,"y":-6.5},{"x":1.5,"y":-6},{"x":3,"y":-5.5},{"x":4,"y":-5.5},{"x":5,"y":-5.5},{"x":6,"y":-5.5},{"x":7,"y":-5.5},{"x":8,"y":-5.5},{"x":9,"y":-5.5},{"x":1.5,"y":-5},{"x":3,"y":-4.5},{"x":5,"y":-4.5},{"x":6,"y":-4.5},{"x":7,"y":-4.5},{"x":9,"y":-4.5},{"x":1.5,"y":-4},{"x":3,"y":-3.5},{"x":4,"y":-3.5},{"x":5,"y":-3.5},{"x":6,"y":-3.5},{"x":7,"y":-3.5},{"x":8,"y":-3.5},{"x":9,"y":-3.5},{"x":1.5,"y":-3},{"x":3,"y":-2.5},{"x":5,"y":-2.5},{"x":7,"y":-2.5},{"x":9,"y":-2.5},{"x":3.5,"y":-1},{"x":4.5,"y":-1},{"x":5.5,"y":-1},{"x":7.5,"y":-1},{"x":8.5,"y":-1},{"x":9.5,"y":-1}]},{"index":2,"tiles":[{"x":3,"y":-6.5},{"x":5,"y":-6.5},{"x":7,"y":-6.5},{"x":9,"y":-6.5},{"x":3,"y":-5.5},{"x":4,"y":-5.5},{"x":5,"y":-5.5},{"x":6,"y":-5.5},{"x":7,"y":-5.5},{"x":8,"y":-5.5},{"x":9,"y":-5.5},{"x":3,"y":-4.5},{"x":5,"y":-4.5},{"x":6,"y":-4.5},{"x":7,"y":-4.5},{"x":9,"y":-4.5},{"x":3,"y":-3.5},{"x":4,"y":-3.5},{"x":5,"y":-3.5},{"x":6,"y":-3.5},{"x":7,"y":-3.5},{"x":8,"y":-3.5},{"x":9,"y":-3.5},{"x":3,"y":-2.5},{"x":5,"y":-2.5},{"x":7,"y":-2.5},{"x":9,"y":-2.5}]},{"index":3,"tiles":[{"x":5,"y":-6.5},{"x":7,"y":-6.5},{"x":5,"y":-5.5},{"x":6,"y":-5.5},{"x":7,"y":-5.5},{"x":5,"y":-4.5},{"x":6,"y":-4.5},{"x":7,"y":-4.5},{"x":5,"y":-3.5},{"x":6,"y":-3.5},{"x":7,"y":-3.5},{"x":5,"y":-2.5},{"x":7,"y":-2.5}]}],"seeds":["A7dRBQiGksYMArqAlhdeBTdhyLR84OGJkKgYWvBQSwCekMcwWvip5SRMj8c1zYcF32JUSmimB9g4nTUqHSeBiUYJVEaAGRFyXSgEpNeJoahEG5I40eCFA3d1DSOKVQcA"]},{"layers":[{"index":0,"tiles":[{"x":1.5,"y":-8},{"x":2.5,"y":-8},{"x":5.5,"y":-8},{"x":8.5,"y":-8},{"x":9.5,"y":-8},{"x":4.5,"y":-7.5},{"x":6.5,"y":-7.5},{"x":1.5,"y":-7},{"x":5.5,"y":-7},{"x":9.5,"y":-7},{"x":3,"y":-6},{"x":4,"y":-6},{"x":5.5,"y":-6},{"x":7,"y":-6},{"x":8,"y":-6},{"x":2,"y":-5.5},{"x":9,"y":-5.5},{"x":1,"y":-5},{"x":3,"y":-5},{"x":8,"y":-5},{"x":10,"y":-5},{"x":2,"y":-4.5},{"x":4,"y":-4.5},{"x":7,"y":-4.5},{"x":9,"y":-4.5},{"x":1,"y":-4},{"x":3,"y":-4},{"x":8,"y":-4},{"x":10,"y":-4},{"x":2,"y":-3.5},{"x":9,"y":-3.5},{"x":3,"y":-3},{"x":4,"y":-3},{"x":5.5,"y":-3},{"x":7,"y":-3},{"x":8,"y":-3},{"x":3.5,"y":-2},{"x":5.5,"y":-2},{"x":7.5,"y":-2},{"x":4.5,"y":-1.5},{"x":6.5,"y":-1.5},{"x":3.5,"y":-1},{"x":5.5,"y":-1},{"x":7.5,"y":-1}]},{"index":1,"tiles":[{"x":1.5,"y":-8},{"x":2.5,"y":-8},{"x":5.5,"y":-8},{"x":8.5,"y":-8},{"x":9.5,"y":-8},{"x":4.5,"y":-7.5},{"x":6.5,"y":-7.5},{"x":1.5,"y":-7},{"x":5.5,"y":-7},{"x":9.5,"y":-7},{"x":3,"y":-6},{"x":4,"y":-6},{"x":5.5,"y":-6},{"x":7,"y":-6},{"x":8,"y":-6},{"x":2,"y":-5.5},{"x":9,"y":-5.5},{"x":1,"y":-5},{"x":3,"y":-5},{"x":8,"y":-5},{"x":10,"y":-5},{"x":2,"y":-4.5},{"x":4,"y":-4.5},{"x":7,"y":-4.5},{"x":9,"y":-4.5},{"x":1,"y":-4},{"x":3,"y":-4},{"x":8,"y":-4},{"x":10,"y":-4},{"x":2,"y":-3.5},{"x":9,"y":-3.5},{"x":3,"y":-3},{"x":4,"y":-3},{"x":5.5,"y":-3},{"x":7,"y":-3},{"x":8,"y":-3},{"x":3.5,"y":-2},{"x":5.5,"y":-2},{"x":7.5,"y":-2},{"x":4.5,"y":-1.5},{"x":6.5,"y":-1.5},{"x":3.5,"y":-1},{"x":5.5,"y":-1},{"x":7.5,"y":-1}]},{"index":2,"tiles":[{"x":1.5,"y":-8},{"x":2.5,"y":-8},{"x":5.5,"y":-8},{"x":8.5,"y":-8},{"x":9.5,"y":-8},{"x":4.5,"y":-7.5},{"x":6.5,"y":-7.5},{"x":1.5,"y":-7},{"x":5.5,"y":-7},{"x":9.5,"y":-7},{"x":3,"y":-6},{"x":4,"y":-6},{"x":5.5,"y":-6},{"x":7,"y":-6},{"x":8,"y":-6},{"x":2,"y":-5.5},{"x":9,"y":-5.5},{"x":1,"y":-5},{"x":3,"y":-5},{"x":8,"y":-5},{"x":10,"y":-5},{"x":2,"y":-4.5},{"x":4,"y":-4.5},{"x":7,"y":-4.5},{"x":9,"y":-4.5},{"x":1,"y":-4},{"x":3,"y":-4},{"x":8,"y":-4},{"x":10,"y":-4},{"x":2,"y":-3.5},{"x":9,"y":-3.5},{"x":3,"y":-3},{"x":4,"y":-3},{"x":5.5,"y":-3},{"x":7,"y":-3},{"x":8,"y":-3},{"x":3.5,"y":-2},{"x":5.5,"y":-2},{"x":7.5,"y":-2},{"x":4.5,"y":-1.5},{"x":6.5,"y":-1.5},{"x":3.5,"y":-1},{"x":5.5,"y":-1},{"x":7.5,"y":-1}]}],"seeds":["JpI4SgBOlehlzWcVKsUsYNkJURAJ3OBwS/h4CqcNFLVQYbdVAchh14EEnidSRPgp3Pco14dZqKSJQjFQU8dt0GSEIyguINOJVSUSBHkMoBdKRnaGH5hCYieE4ZR4jcgQ3Qcy"]},{"layers":[{"index":0,"tiles":[{"x":2.5,"y":-8.5},{"x":3.5,"y":-8.5},{"x":4.5,"y":-8.5},{"x":5.5,"y":-8.5},{"x":6.5,"y":-8.5},{"x":7.5,"y":-8.5},{"x":8.5,"y":-8.5},{"x":2.5,"y":-7.5},{"x":4,"y":-7.5},{"x":5.5,"y":-7.5},{"x":7,"y":-7.5},{"x":8.5,"y":-7.5},{"x":0.5,"y":-6.5},{"x":1.5,"y":-6.5},{"x":2.5,"y":-6.5},{"x":3.5,"y":-6.5},{"x":4.5,"y":-6.5},{"x":5.5,"y":-6.5},{"x":6.5,"y":-6.5},{"x":7.5,"y":-6.5},{"x":8.5,"y":-6.5},{"x":9.5,"y":-6.5},{"x":10.5,"y":-6.5},{"x":2.5,"y":-5.5},{"x":8.5,"y":-5.5},{"x":1,"y":-5},{"x":4,"y":-5},{"x":5.5,"y":-5},{"x":7,"y":-5},{"x":10,"y":-5},{"x":2.5,"y":-4.5},{"x":8.5,"y":-4.5},{"x":0.5,"y":-3.5},{"x":1.5,"y":-3.5},{"x":2.5,"y":-3.5},{"x":3.5,"y":-3.5},{"x":4.5,"y":-3.5},{"x":5.5,"y":-3.5},{"x":6.5,"y":-3.5},{"x":7.5,"y":-3.5},{"x":8.5,"y":-3.5},{"x":9.5,"y":-3.5},{"x":10.5,"y":-3.5},{"x":2.5,"y":-2.5},{"x":4,"y":-2.5},{"x":5.5,"y":-2.5},{"x":7,"y":-2.5},{"x":8.5,"y":-2.5},{"x":1,"y":-2},{"x":10,"y":-2},{"x":2.5,"y":-1.5},{"x":3.5,"y":-1.5},{"x":4.5,"y":-1.5},{"x":5.5,"y":-1.5},{"x":6.5,"y":-1.5},{"x":7.5,"y":-1.5},{"x":8.5,"y":-1.5}]},{"index":1,"tiles":[{"x":2.5,"y":-8.5},{"x":3.5,"y":-8.5},{"x":4.5,"y":-8.5},{"x":5.5,"y":-8.5},{"x":6.5,"y":-8.5},{"x":7.5,"y":-8.5},{"x":8.5,"y":-8.5},{"x":2.5,"y":-7.5},{"x":4,"y":-7.5},{"x":5.5,"y":-7.5},{"x":7,"y":-7.5},{"x":8.5,"y":-7.5},{"x":0.5,"y":-6.5},{"x":1.5,"y":-6.5},{"x":2.5,"y":-6.5},{"x":3.5,"y":-6.5},{"x":4.5,"y":-6.5},{"x":5.5,"y":-6.5},{"x":6.5,"y":-6.5},{"x":7.5,"y":-6.5},{"x":8.5,"y":-6.5},{"x":9.5,"y":-6.5},{"x":10.5,"y":-6.5},{"x":2.5,"y":-5.5},{"x":8.5,"y":-5.5},{"x":1,"y":-5},{"x":4,"y":-5},{"x":5.5,"y":-5},{"x":7,"y":-5},{"x":10,"y":-5},{"x":2.5,"y":-4.5},{"x":8.5,"y":-4.5},{"x":0.5,"y":-3.5},{"x":1.5,"y":-3.5},{"x":2.5,"y":-3.5},{"x":3.5,"y":-3.5},{"x":4.5,"y":-3.5},{"x":5.5,"y":-3.5},{"x":6.5,"y":-3.5},{"x":7.5,"y":-3.5},{"x":8.5,"y":-3.5},{"x":9.5,"y":-3.5},{"x":10.5,"y":-3.5},{"x":2.5,"y":-2.5},{"x":4,"y":-2.5},{"x":5.5,"y":-2.5},{"x":7,"y":-2.5},{"x":8.5,"y":-2.5},{"x":1,"y":-2},{"x":10,"y":-2},{"x":2.5,"y":-1.5},{"x":3.5,"y":-1.5},{"x":4.5,"y":-1.5},{"x":5.5,"y":-1.5},{"x":6.5,"y":-1.5},{"x":7.5,"y":-1.5},{"x":8.5,"y":-1.5}]}],"seeds":["AucJRRggRZUam9FhpxiKkQM6YGUKUBUEV9dl4nM0XggGXPZcFsgkINpM1DgdyPRhjBhG31KCG2EpA8h1nOIsHQWRaqIIIacpmsOF00CA3ydWnSRKngcA"]},{"layers":[{"index":0,"tiles":[{"x":2.5,"y":-8},{"x":3.5,"y":-8},{"x":4.5,"y":-8},{"x":5.5,"y":-8},{"x":6.5,"y":-8},{"x":7.5,"y":-8},{"x":8.5,"y":-8},{"x":2.5,"y":-7},{"x":8.5,"y":-7},{"x":4,"y":-6.5},{"x":5,"y":-6.5},{"x":6,"y":-6.5},{"x":7,"y":-6.5},{"x":2,"y":-5},{"x":3,"y":-5},{"x":4,"y":-5},{"x":5,"y":-5},{"x":6,"y":-5},{"x":7,"y":-5},{"x":8,"y":-5},{"x":9,"y":-5},{"x":2,"y":-4},{"x":9,"y":-4},{"x":3.5,"y":-3.5},{"x":4.5,"y":-3.5},{"x":5.5,"y":-3.5},{"x":6.5,"y":-3.5},{"x":7.5,"y":-3.5},{"x":1,"y":-2},{"x":2,"y":-2},{"x":3,"y":-2},{"x":4,"y":-2},{"x":5,"y":-2},{"x":6,"y":-2},{"x":7,"y":-2},{"x":8,"y":-2},{"x":9,"y":-2},{"x":10,"y":-2},{"x":1,"y":-1},{"x":3,"y":-1},{"x":4,"y":-1},{"x":5,"y":-1},{"x":6,"y":-1},{"x":7,"y":-1},{"x":8,"y":-1},{"x":10,"y":-1}]},{"index":1,"tiles":[{"x":2.5,"y":-8},{"x":3.5,"y":-8},{"x":4.5,"y":-8},{"x":5.5,"y":-8},{"x":6.5,"y":-8},{"x":7.5,"y":-8},{"x":8.5,"y":-8},{"x":2.5,"y":-7},{"x":8.5,"y":-7},{"x":4,"y":-6.5},{"x":5,"y":-6.5},{"x":6,"y":-6.5},{"x":7,"y":-6.5},{"x":2,"y":-5},{"x":3,"y":-5},{"x":4,"y":-5},{"x":5,"y":-5},{"x":6,"y":-5},{"x":7,"y":-5},{"x":8,"y":-5},{"x":9,"y":-5},{"x":2,"y":-4},{"x":9,"y":-4},{"x":3.5,"y":-3.5},{"x":4.5,"y":-3.5},{"x":5.5,"y":-3.5},{"x":6.5,"y":-3.5},{"x":7.5,"y":-3.5},{"x":1,"y":-2},{"x":2,"y":-2},{"x":3,"y":-2},{"x":4,"y":-2},{"x":5,"y":-2},{"x":6,"y":-2},{"x":7,"y":-2},{"x":8,"y":-2},{"x":9,"y":-2},{"x":10,"y":-2},{"x":1,"y":-1},{"x":3,"y":-1},{"x":4,"y":-1},{"x":5,"y":-1},{"x":6,"y":-1},{"x":7,"y":-1},{"x":8,"y":-1},{"x":10,"y":-1}]}],"seeds":["RCNGoeWJFtaN1ROCTWEQYDh1kPYs4YFxngiCApkw5+egnkdRIqJxapklQxY4UaBw1ycd0gd2xjUtYIdUacgokFlwXygM"]},{"layers":[{"index":0,"tiles":[{"x":1.5,"y":-8},{"x":5.5,"y":-8},{"x":9.5,"y":-8},{"x":2.5,"y":-7.5},{"x":3.5,"y":-7.5},{"x":7.5,"y":-7.5},{"x":8.5,"y":-7.5},{"x":5.5,"y":-7},{"x":1.5,"y":-6.5},{"x":2.5,"y":-6.5},{"x":3.5,"y":-6.5},{"x":4.5,"y":-6.5},{"x":6.5,"y":-6.5},{"x":7.5,"y":-6.5},{"x":8.5,"y":-6.5},{"x":9.5,"y":-6.5},{"x":5.5,"y":-6},{"x":3.5,"y":-5.5},{"x":4.5,"y":-5.5},{"x":6.5,"y":-5.5},{"x":7.5,"y":-5.5},{"x":5.5,"y":-5},{"x":3.5,"y":-4.5},{"x":4.5,"y":-4.5},{"x":6.5,"y":-4.5},{"x":7.5,"y":-4.5},{"x":5.5,"y":-4},{"x":3.5,"y":-3.5},{"x":4.5,"y":-3.5},{"x":6.5,"y":-3.5},{"x":7.5,"y":-3.5},{"x":5.5,"y":-3},{"x":1.5,"y":-2.5},{"x":2.5,"y":-2.5},{"x":3.5,"y":-2.5},{"x":4.5,"y":-2.5},{"x":6.5,"y":-2.5},{"x":7.5,"y":-2.5},{"x":8.5,"y":-2.5},{"x":9.5,"y":-2.5},{"x":2.5,"y":-1.5},{"x":3.5,"y":-1.5},{"x":7.5,"y":-1.5},{"x":8.5,"y":-1.5},{"x":1.5,"y":-1},{"x":9.5,"y":-1}]},{"index":1,"tiles":[{"x":1.5,"y":-8},{"x":5.5,"y":-8},{"x":9.5,"y":-8},{"x":2.5,"y":-7.5},{"x":3.5,"y":-7.5},{"x":7.5,"y":-7.5},{"x":8.5,"y":-7.5},{"x":5.5,"y":-7},{"x":1.5,"y":-6.5},{"x":2.5,"y":-6.5},{"x":3.5,"y":-6.5},{"x":4.5,"y":-6.5},{"x":6.5,"y":-6.5},{"x":7.5,"y":-6.5},{"x":8.5,"y":-6.5},{"x":9.5,"y":-6.5},{"x":5.5,"y":-6},{"x":3.5,"y":-5.5},{"x":4.5,"y":-5.5},{"x":6.5,"y":-5.5},{"x":7.5,"y":-5.5},{"x":5.5,"y":-5},{"x":3.5,"y":-4.5},{"x":4.5,"y":-4.5},{"x":6.5,"y":-4.5},{"x":7.5,"y":-4.5},{"x":5.5,"y":-4},{"x":3.5,"y":-3.5},{"x":4.5,"y":-3.5},{"x":6.5,"y":-3.5},{"x":7.5,"y":-3.5},{"x":5.5,"y":-3},{"x":1.5,"y":-2.5},{"x":2.5,"y":-2.5},{"x":3.5,"y":-2.5},{"x":4.5,"y":-2.5},{"x":6.5,"y":-2.5},{"x":7.5,"y":-2.5},{"x":8.5,"y":-2.5},{"x":9.5,"y":-2.5},{"x":2.5,"y":-1.5},{"x":3.5,"y":-1.5},{"x":7.5,"y":-1.5},{"x":8.5,"y":-1.5},{"x":1.5,"y":-1},{"x":9.5,"y":-1}]},{"index":2,"tiles":[{"x":1.5,"y":-8},{"x":5.5,"y":-8},{"x":9.5,"y":-8},{"x":2.5,"y":-7.5},{"x":3.5,"y":-7.5},{"x":7.5,"y":-7.5},{"x":8.5,"y":-7.5},{"x":5.5,"y":-7},{"x":1.5,"y":-6.5},{"x":2.5,"y":-6.5},{"x":3.5,"y":-6.5},{"x":4.5,"y":-6.5},{"x":6.5,"y":-6.5},{"x":7.5,"y":-6.5},{"x":8.5,"y":-6.5},{"x":9.5,"y":-6.5},{"x":5.5,"y":-6},{"x":3.5,"y":-5.5},{"x":4.5,"y":-5.5},{"x":6.5,"y":-5.5},{"x":7.5,"y":-5.5},{"x":5.5,"y":-5},{"x":3.5,"y":-4.5},{"x":4.5,"y":-4.5},{"x":6.5,"y":-4.5},{"x":7.5,"y":-4.5},{"x":5.5,"y":-4},{"x":3.5,"y":-3.5},{"x":4.5,"y":-3.5},{"x":6.5,"y":-3.5},{"x":7.5,"y":-3.5},{"x":5.5,"y":-3},{"x":1.5,"y":-2.5},{"x":2.5,"y":-2.5},{"x":3.5,"y":-2.5},{"x":4.5,"y":-2.5},{"x":6.5,"y":-2.5},{"x":7.5,"y":-2.5},{"x":8.5,"y":-2.5},{"x":9.5,"y":-2.5},{"x":2.5,"y":-1.5},{"x":3.5,"y":-1.5},{"x":7.5,"y":-1.5},{"x":8.5,"y":-1.5},{"x":1.5,"y":-1},{"x":9.5,"y":-1}]}],"seeds":["XSWCQyAE2fZ1XvUtVNBxStg4IAeGR5J6yBVwjEMpUPQ4KreBILiEXIEtIXlAXehdoeNRX0hMHWEIEvZNQ8ZNoihMDRqBY6cJEdiBUUIVnqeVDygs0qZsoCIioiGaIHh2CMIIIBdaFgcA"]},{"layers":[{"index":0,"tiles":[{"x":2,"y":-7.5},{"x":5,"y":-7.5},{"x":6,"y":-7.5},{"x":9,"y":-7.5},{"x":3,"y":-7},{"x":4,"y":-7},{"x":7,"y":-7},{"x":8,"y":-7},{"x":5.5,"y":-6.5},{"x":1,"y":-5.5},{"x":2.5,"y":-5.5},{"x":5.5,"y":-5.5},{"x":8.5,"y":-5.5},{"x":10,"y":-5.5},{"x":3.5,"y":-5},{"x":4.5,"y":-5},{"x":6.5,"y":-5},{"x":7.5,"y":-5},{"x":1,"y":-4},{"x":2.5,"y":-4},{"x":4,"y":-4},{"x":5.5,"y":-4},{"x":7,"y":-4},{"x":8.5,"y":-4},{"x":10,"y":-4},{"x":3.5,"y":-3},{"x":4.5,"y":-3},{"x":6.5,"y":-3},{"x":7.5,"y":-3},{"x":1,"y":-2.5},{"x":2.5,"y":-2.5},{"x":5.5,"y":-2.5},{"x":8.5,"y":-2.5},{"x":10,"y":-2.5},{"x":2.5,"y":-1},{"x":3.5,"y":-1},{"x":4.5,"y":-1},{"x":6.5,"y":-1},{"x":7.5,"y":-1},{"x":8.5,"y":-1}]},{"index":1,"tiles":[{"x":2,"y":-7.5},{"x":5,"y":-7.5},{"x":6,"y":-7.5},{"x":9,"y":-7.5},{"x":3,"y":-7},{"x":4,"y":-7},{"x":7,"y":-7},{"x":8,"y":-7},{"x":5.5,"y":-6.5},{"x":1,"y":-5.5},{"x":2.5,"y":-5.5},{"x":5.5,"y":-5.5},{"x":8.5,"y":-5.5},{"x":10,"y":-5.5},{"x":3.5,"y":-5},{"x":4.5,"y":-5},{"x":6.5,"y":-5},{"x":7.5,"y":-5},{"x":1,"y":-4},{"x":2.5,"y":-4},{"x":4,"y":-4},{"x":5.5,"y":-4},{"x":7,"y":-4},{"x":8.5,"y":-4},{"x":10,"y":-4},{"x":3.5,"y":-3},{"x":4.5,"y":-3},{"x":6.5,"y":-3},{"x":7.5,"y":-3},{"x":1,"y":-2.5},{"x":2.5,"y":-2.5},{"x":5.5,"y":-2.5},{"x":8.5,"y":-2.5},{"x":10,"y":-2.5},{"x":2.5,"y":-1},{"x":3.5,"y":-1},{"x":4.5,"y":-1},{"x":6.5,"y":-1},{"x":7.5,"y":-1},{"x":8.5,"y":-1}]},{"index":2,"tiles":[{"x":2,"y":-7.5},{"x":5,"y":-7.5},{"x":6,"y":-7.5},{"x":9,"y":-7.5},{"x":3,"y":-7},{"x":4,"y":-7},{"x":7,"y":-7},{"x":8,"y":-7},{"x":5.5,"y":-6.5},{"x":1,"y":-5.5},{"x":2.5,"y":-5.5},{"x":5.5,"y":-5.5},{"x":8.5,"y":-5.5},{"x":10,"y":-5.5},{"x":3.5,"y":-5},{"x":4.5,"y":-5},{"x":6.5,"y":-5},{"x":7.5,"y":-5},{"x":1,"y":-4},{"x":2.5,"y":-4},{"x":4,"y":-4},{"x":5.5,"y":-4},{"x":7,"y":-4},{"x":8.5,"y":-4},{"x":10,"y":-4},{"x":3.5,"y":-3},{"x":4.5,"y":-3},{"x":6.5,"y":-3},{"x":7.5,"y":-3},{"x":1,"y":-2.5},{"x":2.5,"y":-2.5},{"x":5.5,"y":-2.5},{"x":8.5,"y":-2.5},{"x":10,"y":-2.5},{"x":2.5,"y":-1},{"x":3.5,"y":-1},{"x":4.5,"y":-1},{"x":6.5,"y":-1},{"x":7.5,"y":-1},{"x":8.5,"y":-1}]}],"seeds":["aDIljrSEYCMGHCgi0xNy3KcsisMcncgNBlQ8KdgFxIIQFCldz/g90ZKBqiAKWAUq5uRxVlcpX2iABeN1YRhZAzdl3FKe1Bdsnbhpnfdp4iJ44BeCXNAc0CVg"]},{"layers":[{"index":0,"tiles":[{"x":2.5,"y":-8},{"x":8.5,"y":-8},{"x":3.5,"y":-7.5},{"x":4.5,"y":-7.5},{"x":5.5,"y":-7.5},{"x":6.5,"y":-7.5},{"x":7.5,"y":-7.5},{"x":2,"y":-6.5},{"x":3,"y":-6.5},{"x":4,"y":-6.5},{"x":5,"y":-6.5},{"x":6,"y":-6.5},{"x":7,"y":-6.5},{"x":8,"y":-6.5},{"x":9,"y":-6.5},{"x":1.5,"y":-5.5},{"x":2.5,"y":-5.5},{"x":3.5,"y":-5.5},{"x":4.5,"y":-5.5},{"x":5.5,"y":-5.5},{"x":6.5,"y":-5.5},{"x":7.5,"y":-5.5},{"x":8.5,"y":-5.5},{"x":9.5,"y":-5.5},{"x":5,"y":-4.5},{"x":6,"y":-4.5},{"x":1.5,"y":-3.5},{"x":2.5,"y":-3.5},{"x":3.5,"y":-3.5},{"x":4.5,"y":-3.5},{"x":5.5,"y":-3.5},{"x":6.5,"y":-3.5},{"x":7.5,"y":-3.5},{"x":8.5,"y":-3.5},{"x":9.5,"y":-3.5},{"x":2,"y":-2.5},{"x":3,"y":-2.5},{"x":4,"y":-2.5},{"x":5,"y":-2.5},{"x":6,"y":-2.5},{"x":7,"y":-2.5},{"x":8,"y":-2.5},{"x":9,"y":-2.5},{"x":3.5,"y":-1.5},{"x":4.5,"y":-1.5},{"x":5.5,"y":-1.5},{"x":6.5,"y":-1.5},{"x":7.5,"y":-1.5},{"x":2.5,"y":-1},{"x":8.5,"y":-1}]},{"index":1,"tiles":[{"x":2.5,"y":-8},{"x":8.5,"y":-8},{"x":3.5,"y":-7.5},{"x":4.5,"y":-7.5},{"x":5.5,"y":-7.5},{"x":6.5,"y":-7.5},{"x":7.5,"y":-7.5},{"x":2,"y":-6.5},{"x":3,"y":-6.5},{"x":4,"y":-6.5},{"x":5,"y":-6.5},{"x":6,"y":-6.5},{"x":7,"y":-6.5},{"x":8,"y":-6.5},{"x":9,"y":-6.5},{"x":1.5,"y":-5.5},{"x":2.5,"y":-5.5},{"x":3.5,"y":-5.5},{"x":4.5,"y":-5.5},{"x":5.5,"y":-5.5},{"x":6.5,"y":-5.5},{"x":7.5,"y":-5.5},{"x":8.5,"y":-5.5},{"x":9.5,"y":-5.5},{"x":5,"y":-4.5},{"x":6,"y":-4.5},{"x":1.5,"y":-3.5},{"x":2.5,"y":-3.5},{"x":3.5,"y":-3.5},{"x":4.5,"y":-3.5},{"x":5.5,"y":-3.5},{"x":6.5,"y":-3.5},{"x":7.5,"y":-3.5},{"x":8.5,"y":-3.5},{"x":9.5,"y":-3.5},{"x":2,"y":-2.5},{"x":3,"y":-2.5},{"x":4,"y":-2.5},{"x":5,"y":-2.5},{"x":6,"y":-2.5},{"x":7,"y":-2.5},{"x":8,"y":-2.5},{"x":9,"y":-2.5},{"x":3.5,"y":-1.5},{"x":4.5,"y":-1.5},{"x":5.5,"y":-1.5},{"x":6.5,"y":-1.5},{"x":7.5,"y":-1.5},{"x":2.5,"y":-1},{"x":8.5,"y":-1}]},{"index":2,"tiles":[{"x":2.5,"y":-8},{"x":8.5,"y":-8},{"x":3.5,"y":-7.5},{"x":4.5,"y":-7.5},{"x":5.5,"y":-7.5},{"x":6.5,"y":-7.5},{"x":7.5,"y":-7.5},{"x":2,"y":-6.5},{"x":3,"y":-6.5},{"x":4,"y":-6.5},{"x":5,"y":-6.5},{"x":6,"y":-6.5},{"x":7,"y":-6.5},{"x":8,"y":-6.5},{"x":9,"y":-6.5},{"x":1.5,"y":-5.5},{"x":2.5,"y":-5.5},{"x":3.5,"y":-5.5},{"x":4.5,"y":-5.5},{"x":5.5,"y":-5.5},{"x":6.5,"y":-5.5},{"x":7.5,"y":-5.5},{"x":8.5,"y":-5.5},{"x":9.5,"y":-5.5},{"x":5,"y":-4.5},{"x":6,"y":-4.5},{"x":1.5,"y":-3.5},{"x":2.5,"y":-3.5},{"x":3.5,"y":-3.5},{"x":4.5,"y":-3.5},{"x":5.5,"y":-3.5},{"x":6.5,"y":-3.5},{"x":7.5,"y":-3.5},{"x":8.5,"y":-3.5},{"x":9.5,"y":-3.5},{"x":2,"y":-2.5},{"x":3,"y":-2.5},{"x":4,"y":-2.5},{"x":5,"y":-2.5},{"x":6,"y":-2.5},{"x":7,"y":-2.5},{"x":8,"y":-2.5},{"x":9,"y":-2.5},{"x":3.5,"y":-1.5},{"x":4.5,"y":-1.5},{"x":5.5,"y":-1.5},{"x":6.5,"y":-1.5},{"x":7.5,"y":-1.5},{"x":2.5,"y":-1},{"x":8.5,"y":-1}]}],"seeds":["DdNlSSBwGhN6gqdEijSA02KJn1AJRhGAIWOFISdmYURU6fNYXbccZ8dBXsN11RBe4IdMV8NNgdQVIHlwDmhCVEENXfmFnrhxy6cRnDgSojhQjnd9YniFhJKI4EapyGR5RVB9ngI6IOaFGOig4NJ0BgMA"]},{"layers":[{"index":0,"tiles":[{"x":4.5,"y":-8},{"x":6.5,"y":-8},{"x":3,"y":-7.5},{"x":8,"y":-7.5},{"x":2,"y":-7},{"x":4.5,"y":-7},{"x":6.5,"y":-7},{"x":9,"y":-7},{"x":1,"y":-6.5},{"x":3,"y":-6.5},{"x":8,"y":-6.5},{"x":10,"y":-6.5},{"x":2,"y":-6},{"x":4.5,"y":-6},{"x":6.5,"y":-6},{"x":9,"y":-6},{"x":3,"y":-5.5},{"x":5.5,"y":-5.5},{"x":8,"y":-5.5},{"x":3,"y":-4.5},{"x":4,"y":-4.5},{"x":5,"y":-4.5},{"x":6,"y":-4.5},{"x":7,"y":-4.5},{"x":8,"y":-4.5},{"x":3,"y":-3.5},{"x":5.5,"y":-3.5},{"x":8,"y":-3.5},{"x":2,"y":-3},{"x":4.5,"y":-3},{"x":6.5,"y":-3},{"x":9,"y":-3},{"x":1,"y":-2.5},{"x":3,"y":-2.5},{"x":8,"y":-2.5},{"x":10,"y":-2.5},{"x":2,"y":-2},{"x":4.5,"y":-2},{"x":6.5,"y":-2},{"x":9,"y":-2},{"x":3,"y":-1.5},{"x":8,"y":-1.5},{"x":4.5,"y":-1},{"x":6.5,"y":-1}]},{"index":1,"tiles":[{"x":4.5,"y":-8},{"x":6.5,"y":-8},{"x":3,"y":-7.5},{"x":8,"y":-7.5},{"x":2,"y":-7},{"x":4.5,"y":-7},{"x":6.5,"y":-7},{"x":9,"y":-7},{"x":1,"y":-6.5},{"x":3,"y":-6.5},{"x":8,"y":-6.5},{"x":10,"y":-6.5},{"x":2,"y":-6},{"x":4.5,"y":-6},{"x":6.5,"y":-6},{"x":9,"y":-6},{"x":3,"y":-5.5},{"x":5.5,"y":-5.5},{"x":8,"y":-5.5},{"x":3,"y":-4.5},{"x":4,"y":-4.5},{"x":5,"y":-4.5},{"x":6,"y":-4.5},{"x":7,"y":-4.5},{"x":8,"y":-4.5},{"x":3,"y":-3.5},{"x":5.5,"y":-3.5},{"x":8,"y":-3.5},{"x":2,"y":-3},{"x":4.5,"y":-3},{"x":6.5,"y":-3},{"x":9,"y":-3},{"x":1,"y":-2.5},{"x":3,"y":-2.5},{"x":8,"y":-2.5},{"x":10,"y":-2.5},{"x":2,"y":-2},{"x":4.5,"y":-2},{"x":6.5,"y":-2},{"x":9,"y":-2},{"x":3,"y":-1.5},{"x":8,"y":-1.5},{"x":4.5,"y":-1},{"x":6.5,"y":-1}]},{"index":2,"tiles":[{"x":3,"y":-7.5},{"x":8,"y":-7.5},{"x":2,"y":-7},{"x":9,"y":-7},{"x":1,"y":-6.5},{"x":3,"y":-6.5},{"x":8,"y":-6.5},{"x":10,"y":-6.5},{"x":2,"y":-6},{"x":9,"y":-6},{"x":3,"y":-5.5},{"x":8,"y":-5.5},{"x":3,"y":-4.5},{"x":8,"y":-4.5},{"x":3,"y":-3.5},{"x":8,"y":-3.5},{"x":2,"y":-3},{"x":9,"y":-3},{"x":1,"y":-2.5},{"x":3,"y":-2.5},{"x":8,"y":-2.5},{"x":10,"y":-2.5},{"x":2,"y":-2},{"x":9,"y":-2},{"x":3,"y":-1.5},{"x":8,"y":-1.5}]}],"seeds":["lOF9VKZYHCFIwhGIGrhh37hEzCZyExdR0wRCjYmJneOR4VAtaXEF4pEEHRGWQ6J1XhWC4SWCzacqHepwZ8Z4SreAgsgVHAIawhJOFgJKjwIGD9SFHwUA"]}]]],0,0,[],[],[]]
