[1,["336unwgh1HM4G9Y3l3uj8Z@6c48a"],["_textureSource"],["cc.SpriteFrame"],0,[{"name":"3","rect":{"x":0,"y":0,"width":260,"height":309},"offset":{"x":0,"y":0},"originalSize":{"width":260,"height":309},"rotated":false,"capInsets":[0,0,0,0],"vertices":{"rawPosition":[-130,-154.5,0,130,-154.5,0,-130,154.5,0,130,154.5,0],"indexes":[0,1,2,2,1,3],"uv":[0,309,260,309,0,0,260,0],"nuv":[0,0,1,0,0,1,1,1],"minPos":{"x":-130,"y":-154.5,"z":0},"maxPos":{"x":130,"y":154.5,"z":0}},"packable":true,"pixelsToUnit":100,"pivot":{"x":0.5,"y":0.5},"meshType":0}],[0],0,[0],[0],[0]]
