[1,["191d8317b@6c48a"],["_textureSource"],["cc.SpriteFrame"],0,[[[{"name":"button_back","rect":{"x":272,"y":643,"width":78,"height":78},"offset":{"x":0,"y":0},"originalSize":{"width":78,"height":78},"rotated":false,"capInsets":[0,0,0,0],"packable":true,"pixelsToUnit":100,"pivot":{"x":0.5,"y":0.5},"meshType":0}],[0],0,[0],[0],[0]],[[{"name":"decor-2","rect":{"x":402,"y":529,"width":23,"height":118},"offset":{"x":0,"y":0},"originalSize":{"width":23,"height":118},"rotated":false,"capInsets":[0,0,0,0],"packable":true,"pixelsToUnit":100,"pivot":{"x":0.5,"y":0.5},"meshType":0}],[0],0,[0],[0],[0]],[[{"name":"Bg_month","rect":{"x":272,"y":529,"width":108,"height":124},"offset":{"x":0,"y":0},"originalSize":{"width":108,"height":124},"rotated":true,"capInsets":[0,0,0,0],"packable":true,"pixelsToUnit":100,"pivot":{"x":0.5,"y":0.5},"meshType":0}],[0],0,[0],[0],[0]],[[{"name":"Bg_trophy","rect":{"x":3,"y":529,"width":263,"height":234},"offset":{"x":0,"y":0},"originalSize":{"width":265,"height":234},"rotated":false,"capInsets":[0,0,0,0],"packable":true,"pixelsToUnit":100,"pivot":{"x":0.5,"y":0.5},"meshType":0}],[0],0,[0],[0],[0]],[[{"name":"row","rect":{"x":3,"y":894,"width":515,"height":70},"offset":{"x":0,"y":0},"originalSize":{"width":515,"height":70},"rotated":false,"capInsets":[0,0,0,0],"packable":true,"pixelsToUnit":100,"pivot":{"x":0.5,"y":0.5},"meshType":0}],[0],0,[0],[0],[0]],[[{"name":"icn_flower_small","rect":{"x":356,"y":643,"width":37,"height":35},"offset":{"x":0,"y":0},"originalSize":{"width":37,"height":35},"rotated":true,"capInsets":[0,0,0,0],"packable":true,"pixelsToUnit":100,"pivot":{"x":0.5,"y":0.5},"meshType":0}],[0],0,[0],[0],[0]],[[{"name":"tab-active","rect":{"x":3,"y":769,"width":469,"height":119},"offset":{"x":0,"y":0},"originalSize":{"width":471,"height":119},"rotated":false,"capInsets":[0,0,0,0],"packable":true,"pixelsToUnit":100,"pivot":{"x":0.5,"y":0.5},"meshType":0}],[0],0,[0],[0],[0]],[[{"name":"tab-journey","rect":{"x":3,"y":3,"width":512,"height":520},"offset":{"x":0,"y":0},"originalSize":{"width":512,"height":520},"rotated":false,"capInsets":[0,0,0,0],"packable":true,"pixelsToUnit":100,"pivot":{"x":0.5,"y":0.5},"meshType":0}],[0],0,[0],[0],[0]]]]
