[1,["195f7ac43@6c48a"],["_textureSource"],["cc.SpriteFrame"],0,[[[{"name":"Top_board-mask","rect":{"x":3,"y":209,"width":198,"height":176},"offset":{"x":0,"y":0.5},"originalSize":{"width":200,"height":177},"rotated":true,"capInsets":[90,0,90,0],"packable":true,"pixelsToUnit":100,"pivot":{"x":0.5,"y":0.5},"meshType":0}],[0],0,[0],[0],[0]],[[{"name":"Top_board","rect":{"x":3,"y":3,"width":200,"height":177},"offset":{"x":0,"y":0},"originalSize":{"width":200,"height":177},"rotated":true,"capInsets":[90,0,90,0],"packable":true,"pixelsToUnit":100,"pivot":{"x":0.5,"y":0.5},"meshType":0}],[0],0,[0],[0],[0]],[[{"name":"glow","rect":{"x":3,"y":413,"width":107,"height":1},"offset":{"x":1,"y":0},"originalSize":{"width":109,"height":1},"rotated":false,"capInsets":[0,0,0,0],"packable":true,"pixelsToUnit":100,"pivot":{"x":0.5,"y":0.5},"meshType":0}],[0],0,[0],[0],[0]]]]
