[1,["198260250@6c48a"],["_textureSource"],["cc.SpriteFrame"],0,[[[{"name":"chest-circle","rect":{"x":688,"y":499,"width":82,"height":163},"offset":{"x":0,"y":0},"originalSize":{"width":82,"height":163},"rotated":true,"capInsets":[0,0,0,0],"packable":true,"pixelsToUnit":100,"pivot":{"x":0.5,"y":0.5},"meshType":0}],[0],0,[0],[0],[0]],[[{"name":"btn_change","rect":{"x":688,"y":261,"width":231,"height":232},"offset":{"x":0,"y":0},"originalSize":{"width":231,"height":232},"rotated":false,"capInsets":[0,0,0,0],"packable":true,"pixelsToUnit":100,"pivot":{"x":0.5,"y":0.5},"meshType":0}],[0],0,[0],[0],[0]],[[{"name":"glow","rect":{"x":857,"y":499,"width":98,"height":69},"offset":{"x":0,"y":0},"originalSize":{"width":98,"height":69},"rotated":false,"capInsets":[0,0,0,0],"packable":true,"pixelsToUnit":100,"pivot":{"x":0.5,"y":0.5},"meshType":0}],[0],0,[0],[0],[0]],[[{"name":"btn_glow","rect":{"x":3,"y":3,"width":342,"height":355},"offset":{"x":-1.5,"y":-0.5},"originalSize":{"width":345,"height":356},"rotated":false,"capInsets":[0,0,0,0],"packable":true,"pixelsToUnit":100,"pivot":{"x":0.5,"y":0.5},"meshType":0}],[0],0,[0],[0],[0]],[[{"name":"win-lip","rect":{"x":430,"y":878,"width":365,"height":157},"offset":{"x":0,"y":0},"originalSize":{"width":365,"height":157},"rotated":false,"capInsets":[0,0,0,0],"packable":true,"pixelsToUnit":100,"pivot":{"x":0.5,"y":0.5},"meshType":0}],[0],0,[0],[0],[0]],[[{"name":"blue-lip","rect":{"x":802,"y":587,"width":366,"height":158},"offset":{"x":0,"y":0},"originalSize":{"width":366,"height":158},"rotated":true,"capInsets":[0,0,0,0],"packable":true,"pixelsToUnit":100,"pivot":{"x":0.5,"y":0.5},"meshType":0}],[0],0,[0],[0],[0]],[[{"name":"blue","rect":{"x":3,"y":364,"width":427,"height":264},"offset":{"x":0,"y":0},"originalSize":{"width":427,"height":264},"rotated":false,"capInsets":[0,0,0,0],"packable":true,"pixelsToUnit":100,"pivot":{"x":0.5,"y":0.5},"meshType":0}],[0],0,[0],[0],[0]],[[{"name":"red-lip","rect":{"x":430,"y":646,"width":366,"height":226},"offset":{"x":0,"y":0},"originalSize":{"width":366,"height":226},"rotated":false,"capInsets":[0,0,0,0],"packable":true,"pixelsToUnit":100,"pivot":{"x":0.5,"y":0.5},"meshType":0}],[0],0,[0],[0],[0]],[[{"name":"win","rect":{"x":436,"y":261,"width":379,"height":246},"offset":{"x":-0.5,"y":0},"originalSize":{"width":380,"height":246},"rotated":true,"capInsets":[0,0,0,0],"packable":true,"pixelsToUnit":100,"pivot":{"x":0.5,"y":0.5},"meshType":0}],[0],0,[0],[0],[0]],[[{"name":"green","rect":{"x":351,"y":3,"width":380,"height":252},"offset":{"x":0,"y":0},"originalSize":{"width":380,"height":252},"rotated":false,"capInsets":[0,0,0,0],"packable":true,"pixelsToUnit":100,"pivot":{"x":0.5,"y":0.5},"meshType":0}],[0],0,[0],[0],[0]],[[{"name":"red","rect":{"x":3,"y":634,"width":374,"height":253},"offset":{"x":0,"y":0},"originalSize":{"width":374,"height":253},"rotated":true,"capInsets":[0,0,0,0],"packable":true,"pixelsToUnit":100,"pivot":{"x":0.5,"y":0.5},"meshType":0}],[0],0,[0],[0],[0]],[[{"name":"green-lip","rect":{"x":262,"y":634,"width":366,"height":162},"offset":{"x":0,"y":0},"originalSize":{"width":366,"height":162},"rotated":true,"capInsets":[0,0,0,0],"packable":true,"pixelsToUnit":100,"pivot":{"x":0.5,"y":0.5},"meshType":0}],[0],0,[0],[0],[0]],[[{"name":"button_light","rect":{"x":737,"y":3,"width":231,"height":232},"offset":{"x":0,"y":0},"originalSize":{"width":231,"height":232},"rotated":true,"capInsets":[0,0,0,0],"packable":true,"pixelsToUnit":100,"pivot":{"x":0.5,"y":0.5},"meshType":0}],[0],0,[0],[0],[0]]]]
