[1,["19aabb1dc@6c48a"],["_textureSource"],["cc.SpriteFrame"],0,[[[{"name":"popup_tooltip","rect":{"x":231,"y":331,"width":70,"height":58},"offset":{"x":0,"y":0},"originalSize":{"width":70,"height":58},"rotated":false,"capInsets":[34,28,34,28],"packable":true,"pixelsToUnit":100,"pivot":{"x":0.5,"y":0.5},"meshType":0}],[0],0,[0],[0],[0]],[[{"name":"button-undo-2","rect":{"x":3,"y":3,"width":211,"height":222},"offset":{"x":0,"y":0},"originalSize":{"width":211,"height":222},"rotated":false,"capInsets":[0,0,0,0],"packable":true,"pixelsToUnit":100,"pivot":{"x":0.5,"y":0.5},"meshType":0}],[0],0,[0],[0],[0]],[[{"name":"count","rect":{"x":231,"y":220,"width":105,"height":77},"offset":{"x":0,"y":0},"originalSize":{"width":105,"height":77},"rotated":true,"capInsets":[0,0,0,0],"packable":true,"pixelsToUnit":100,"pivot":{"x":0.5,"y":0.5},"meshType":0}],[0],0,[0],[0],[0]],[[{"name":"button-hint-2","rect":{"x":3,"y":231,"width":211,"height":222},"offset":{"x":0,"y":0},"originalSize":{"width":211,"height":222},"rotated":true,"capInsets":[0,0,0,0],"packable":true,"pixelsToUnit":100,"pivot":{"x":0.5,"y":0.5},"meshType":0}],[0],0,[0],[0],[0]],[[{"name":"popup_tooltip_triangle","rect":{"x":307,"y":331,"width":50,"height":31},"offset":{"x":1,"y":3.5},"originalSize":{"width":58,"height":38},"rotated":false,"capInsets":[0,0,0,0],"packable":true,"pixelsToUnit":100,"pivot":{"x":0.5,"y":0.5},"meshType":0}],[0],0,[0],[0],[0]],[[{"name":"button-shuffle-2","rect":{"x":220,"y":3,"width":211,"height":222},"offset":{"x":0,"y":0},"originalSize":{"width":211,"height":222},"rotated":true,"capInsets":[0,0,0,0],"packable":true,"pixelsToUnit":100,"pivot":{"x":0.5,"y":0.5},"meshType":0}],[0],0,[0],[0],[0]]]]
