{"compressionlevel":1,"height":30,"infinite":false,"layers":[{"draworder":"topdown","id":34,"name":"watcher","objects":[{"gid":137,"height":164,"id":180,"name":"boy","rotation":0,"type":"watcher","visible":true,"width":260,"x":400,"y":262}],"opacity":1,"type":"objectgroup","visible":false,"x":0,"y":0},{"id":26,"layers":[{"draworder":"topdown","id":18,"name":"decor-obj-behind","objects":[{"gid":103,"height":20,"id":769,"name":"crayon-green","rotation":0,"type":"crayon-green","visible":true,"width":31,"x":967,"y":320},{"gid":104,"height":32,"id":770,"name":"crayon-pink-yellow","rotation":0,"type":"crayon-pink-yellow","visible":true,"width":57,"x":987,"y":346},{"gid":102,"height":28,"id":771,"name":"crayon-blue","rotation":0,"type":"crayon-blue","visible":true,"width":26,"x":924,"y":347},{"gid":109,"height":48,"id":1227,"name":"rolling-pin","rotation":0,"type":"rolling-pin","visible":true,"width":120,"x":1871,"y":368},{"gid":101,"height":30,"id":1233,"name":"cookies-2","rotation":0,"type":"cookies-2","visible":true,"width":92,"x":1413,"y":359},{"gid":107,"height":50,"id":1235,"name":"glove","rotation":0,"type":"glove","visible":true,"width":82,"x":2316,"y":369},{"gid":107,"height":50,"id":1666,"name":"glove","rotation":0,"type":"glove","visible":true,"width":82,"x":2577,"y":369},{"gid":98,"height":39,"id":1931,"name":"book-4","rotation":0,"type":"book-4","visible":true,"width":106,"x":2830,"y":355},{"gid":95,"height":46,"id":1932,"name":"book-1","rotation":0,"type":"book-1","visible":true,"width":116,"x":3136,"y":350},{"gid":104,"height":32,"id":1933,"name":"crayon-pink-yellow","rotation":0,"type":"crayon-pink-yellow","visible":true,"width":57,"x":3509,"y":332},{"gid":109,"height":48,"id":2263,"name":"rolling-pin","rotation":0,"type":"rolling-pin","visible":true,"width":120,"x":3785,"y":368},{"gid":107,"height":50,"id":2271,"name":"glove","rotation":0,"type":"glove","visible":true,"width":82,"x":4230,"y":369},{"gid":109,"height":48,"id":2902,"name":"rolling-pin","rotation":0,"type":"rolling-pin","visible":true,"width":120,"x":5670,"y":368},{"gid":101,"height":30,"id":2908,"name":"cookies-2","rotation":0,"type":"cookies-2","visible":true,"width":92,"x":5212,"y":359},{"gid":107,"height":50,"id":2910,"name":"glove","rotation":0,"type":"glove","visible":true,"width":82,"x":6115,"y":369},{"gid":95,"height":46,"id":3317,"name":"book-1","rotation":0,"type":"book-1","visible":true,"width":116,"x":6358,"y":375},{"gid":96,"height":43,"id":3318,"name":"book-2","rotation":0,"type":"book-2","visible":true,"width":118,"x":6757,"y":364},{"gid":106,"height":43,"id":4618,"name":"fork-2","rotation":0,"type":"fork-2","visible":true,"width":74,"x":8630,"y":353},{"gid":105,"height":43,"id":4619,"name":"fork","rotation":0,"type":"fork","visible":true,"width":76,"x":8262,"y":354},{"gid":112,"height":41,"id":4620,"name":"wood-spoon","rotation":0,"type":"wood-spoon","visible":true,"width":71,"x":8451,"y":366}],"opacity":1,"type":"objectgroup","visible":true,"x":0,"y":0},{"draworder":"topdown","id":15,"name":"static-obj","objects":[{"gid":68,"height":301,"id":473,"name":"dying-tree","rotation":0,"type":"dying-tree","visible":true,"width":334,"x":290,"y":457},{"gid":34,"height":149,"id":895,"name":"ball","rotation":0,"type":"ball","visible":true,"width":146,"x":1200,"y":457},{"gid":33,"height":117,"id":1305,"name":"apple","rotation":0,"type":"apple","visible":true,"width":103,"x":1502,"y":457},{"gid":33,"height":117,"id":1335,"name":"apple","rotation":0,"type":"apple","visible":true,"width":103,"x":1929,"y":457},{"gid":33,"height":117,"id":1336,"name":"apple","rotation":0,"type":"apple","visible":true,"width":103,"x":1826,"y":457},{"gid":33,"height":117,"id":1317,"name":"apple","rotation":0,"type":"apple","visible":true,"width":103,"x":2244,"y":457},{"gid":79,"height":215,"id":1927,"name":"balloon","rotation":0,"type":"balloon","visible":true,"width":142,"x":3157,"y":457},{"gid":79,"height":215,"id":1935,"name":"balloon","rotation":0,"type":"balloon","visible":true,"width":142,"x":3355,"y":457},{"gid":56,"height":146,"id":2551,"name":"pencil","rotation":0,"type":"pencil","visible":true,"width":20,"x":3639,"y":462},{"gid":56,"height":146,"id":2554,"name":"pencil","rotation":0,"type":"pencil","visible":true,"width":20,"x":3738,"y":462},{"gid":56,"height":146,"id":2555,"name":"pencil","rotation":0,"type":"pencil","visible":true,"width":20,"x":3838,"y":462},{"gid":56,"height":146,"id":2556,"name":"pencil","rotation":0,"type":"pencil","visible":true,"width":20,"x":3938,"y":462},{"gid":56,"height":146,"id":2557,"name":"pencil","rotation":0,"type":"pencil","visible":true,"width":20,"x":4037,"y":462},{"gid":56,"height":146,"id":2558,"name":"pencil","rotation":0,"type":"pencil","visible":true,"width":20,"x":4136,"y":462},{"gid":56,"height":146,"id":2559,"name":"pencil","rotation":0,"type":"pencil","visible":true,"width":20,"x":4237,"y":462},{"gid":56,"height":146,"id":2560,"name":"pencil","rotation":0,"type":"pencil","visible":true,"width":20,"x":4336,"y":462},{"gid":56,"height":146,"id":2562,"name":"pencil","rotation":0,"type":"pencil","visible":true,"width":20,"x":4444,"y":462},{"gid":56,"height":146,"id":2563,"name":"pencil","rotation":0,"type":"pencil","visible":true,"width":20,"x":4544,"y":462},{"gid":56,"height":146,"id":2565,"name":"pencil","rotation":0,"type":"pencil","visible":true,"width":20,"x":4643,"y":462},{"gid":56,"height":146,"id":2571,"name":"pencil","rotation":0,"type":"pencil","visible":true,"width":20,"x":4943,"y":462},{"gid":56,"height":146,"id":2566,"name":"pencil","rotation":0,"type":"pencil","visible":true,"width":20,"x":4743,"y":462},{"gid":56,"height":146,"id":2570,"name":"pencil","rotation":0,"type":"pencil","visible":true,"width":20,"x":5042,"y":462},{"gid":56,"height":146,"id":2567,"name":"pencil","rotation":0,"type":"pencil","visible":true,"width":20,"x":4842,"y":462},{"gid":56,"height":146,"id":2569,"name":"pencil","rotation":0,"type":"pencil","visible":true,"width":20,"x":5142,"y":462},{"gid":44,"height":74,"id":2552,"name":"eraser","rotation":0,"type":"eraser","visible":true,"width":56,"x":3670,"y":464},{"gid":44,"height":74,"id":2553,"name":"eraser","rotation":0,"type":"eraser","visible":true,"width":56,"x":3975,"y":464},{"gid":44,"height":74,"id":2561,"name":"eraser","rotation":0,"type":"eraser","visible":true,"width":56,"x":4372,"y":464},{"gid":44,"height":74,"id":2564,"name":"eraser","rotation":0,"type":"eraser","visible":true,"width":56,"x":4575,"y":464},{"gid":44,"height":74,"id":2568,"name":"eraser","rotation":0,"type":"eraser","visible":true,"width":56,"x":4882,"y":464},{"gid":33,"height":117,"id":2980,"name":"apple","rotation":0,"type":"apple","visible":true,"width":103,"x":5301,"y":457},{"gid":33,"height":117,"id":3010,"name":"apple","rotation":0,"type":"apple","visible":true,"width":103,"x":5728,"y":457},{"gid":33,"height":117,"id":3011,"name":"apple","rotation":0,"type":"apple","visible":true,"width":103,"x":5625,"y":457},{"gid":33,"height":117,"id":2992,"name":"apple","rotation":0,"type":"apple","visible":true,"width":103,"x":6043,"y":457},{"gid":61,"height":137,"id":3283,"name":"toy","rotation":0,"type":"toy","visible":true,"width":207,"x":6571,"y":457},{"gid":61,"height":137,"id":3285,"name":"toy","rotation":0,"type":"toy","visible":true,"width":207,"x":6921,"y":457},{"gid":44,"height":74,"id":4407,"name":"eraser","rotation":0,"type":"eraser","visible":true,"width":56,"x":8320,"y":457},{"gid":56,"height":146,"id":4408,"name":"pencil","rotation":0,"type":"pencil","visible":true,"width":20,"x":8240,"y":457},{"gid":44,"height":74,"id":4411,"name":"eraser","rotation":0,"type":"eraser","visible":true,"width":56,"x":8520,"y":457},{"gid":56,"height":146,"id":4412,"name":"pencil","rotation":0,"type":"pencil","visible":true,"width":20,"x":8440,"y":457},{"gid":44,"height":74,"id":4413,"name":"eraser","rotation":0,"type":"eraser","visible":true,"width":56,"x":8720,"y":457},{"gid":56,"height":146,"id":4414,"name":"pencil","rotation":0,"type":"pencil","visible":true,"width":20,"x":8640,"y":457}],"opacity":1,"type":"objectgroup","visible":true,"x":0,"y":0},{"draworder":"topdown","id":45,"name":"collect-obj","objects":[{"gid":85,"height":31,"id":1869,"name":"coin","properties":[{"name":"isMoving","type":"bool","value":true},{"name":"value","type":"int","value":1}],"rotation":0,"type":"coin","visible":true,"width":31,"x":2531,"y":450},{"gid":85,"height":31,"id":1910,"name":"coin","properties":[{"name":"isMoving","type":"bool","value":false},{"name":"value","type":"int","value":1}],"rotation":0,"type":"coin","visible":true,"width":31,"x":2490,"y":450},{"gid":85,"height":31,"id":1911,"name":"coin","properties":[{"name":"isMoving","type":"bool","value":false},{"name":"value","type":"int","value":1}],"rotation":0,"type":"coin","visible":true,"width":31,"x":2572,"y":450},{"gid":85,"height":31,"id":1912,"name":"coin","properties":[{"name":"isMoving","type":"bool","value":false},{"name":"value","type":"int","value":1}],"rotation":0,"type":"coin","visible":true,"width":31,"x":2654,"y":450},{"gid":85,"height":31,"id":1870,"name":"coin","properties":[{"name":"isMoving","type":"bool","value":true},{"name":"value","type":"int","value":1}],"rotation":0,"type":"coin","visible":true,"width":31,"x":2613,"y":450},{"gid":85,"height":31,"id":3332,"name":"coin","properties":[{"name":"isMoving","type":"bool","value":false},{"name":"value","type":"int","value":1}],"rotation":0,"type":"coin","visible":true,"width":31,"x":6836,"y":450},{"gid":84,"height":48,"id":3389,"name":"gift-square","properties":[{"name":"value","type":"int","value":10}],"rotation":0,"type":"gift-square","visible":true,"width":60,"x":6650,"y":480},{"gid":84,"height":48,"id":3390,"name":"gift-square","properties":[{"name":"value","type":"int","value":10}],"rotation":0,"type":"gift-square","visible":true,"width":60,"x":6997,"y":480}],"opacity":1,"type":"objectgroup","visible":true,"x":0,"y":0},{"draworder":"topdown","id":24,"name":"speed-modifier-obj","objects":[{"gid":134,"height":36,"id":1001,"name":"chocolate-1","properties":[{"name":"speedBonusPercent","type":"float","value":0.5},{"name":"speedDuration","type":"float","value":0.01}],"rotation":0,"type":"chocolate-1","visible":true,"width":99,"x":1692,"y":486},{"gid":134,"height":36,"id":1320,"name":"chocolate-1","properties":[{"name":"speedBonusPercent","type":"float","value":0.5},{"name":"speedDuration","type":"float","value":0.01}],"rotation":0,"type":"chocolate-1","visible":true,"width":99,"x":2063,"y":486},{"gid":134,"height":36,"id":2676,"name":"chocolate-1","properties":[{"name":"speedBonusPercent","type":"float","value":0.5},{"name":"speedDuration","type":"float","value":0.01}],"rotation":0,"type":"chocolate-1","visible":true,"width":99,"x":5491,"y":486},{"gid":134,"height":36,"id":2995,"name":"chocolate-1","properties":[{"name":"speedBonusPercent","type":"float","value":0.5},{"name":"speedDuration","type":"float","value":0.01}],"rotation":0,"type":"chocolate-1","visible":true,"width":99,"x":5862,"y":486},{"gid":140,"height":42,"id":3383,"name":"skateboard","properties":[{"name":"speedBonusPercent","type":"float","value":2},{"name":"speedDuration","type":"float","value":1.2}],"rotation":0,"type":"skateboard","visible":true,"width":101,"x":6253,"y":483},{"gid":136,"height":36,"id":3436,"name":"chocolate-2","properties":[{"name":"speedBonusPercent","type":"float","value":0.5},{"name":"speedDuration","type":"float","value":0.01}],"rotation":0,"type":"chocolate-2","visible":true,"width":137,"x":6960,"y":484}],"opacity":1,"type":"objectgroup","visible":true,"x":0,"y":0},{"draworder":"topdown","id":25,"name":"trap-obj","objects":[{"gid":141,"height":223,"id":1928,"name":"balloon","rotation":0,"type":"balloon","visible":true,"width":147,"x":2955,"y":459},{"gid":141,"height":223,"id":1929,"name":"balloon","rotation":0,"type":"balloon","visible":true,"width":147,"x":2767,"y":459}],"opacity":1,"type":"objectgroup","visible":true,"x":0,"y":0},{"draworder":"topdown","id":52,"name":"moving-obj","objects":[{"gid":141,"height":140,"id":4093,"name":"tank","properties":[{"name":"blockHeight","type":"int","value":70},{"name":"direction","type":"string","value":"right"},{"name":"movingLimit","type":"int","value":700},{"name":"speed","type":"int","value":47}],"rotation":0,"type":"tank","visible":false,"width":186,"x":7401,"y":459}],"opacity":1,"type":"objectgroup","visible":true,"x":0,"y":0},{"draworder":"topdown","id":19,"name":"goal-obj","objects":[{"gid":113,"height":192,"id":5075,"name":"cheese-1","rotation":0,"type":"cheese-1","visible":true,"width":192,"x":8962,"y":491}],"opacity":1,"type":"objectgroup","visible":true,"x":0,"y":0}],"name":"objects","opacity":1,"type":"group","visible":true,"x":0,"y":0},{"draworder":"topdown","id":33,"name":"player","objects":[{"gid":138,"height":76,"id":486,"name":"mouse","rotation":0,"type":"player","visible":false,"width":63,"x":100.638857782755,"y":471}],"opacity":1,"type":"objectgroup","visible":false,"x":0,"y":0},{"draworder":"topdown","id":40,"name":"symbol","objects":[{"gid":140,"height":100,"id":346,"name":"start-point","rotation":0,"type":"start-point","visible":true,"width":100,"x":190,"y":471},{"gid":164,"height":164,"id":902,"name":"rise","properties":[{"name":"duration","type":"float","value":1.6},{"name":"height","type":"int","value":100}],"rotation":0,"type":"rise","visible":true,"width":260,"x":730,"y":471},{"gid":165,"height":164,"id":903,"name":"stare-trigger","properties":[{"name":"beamDuration","type":"float","value":1},{"name":"beamHoldDuration","type":"float","value":1},{"name":"confuseDuration","type":"float","value":1},{"name":"fallDuration","type":"float","value":0.6},{"name":"winkDuration","type":"float","value":1}],"rotation":0,"type":"stare-trigger","visible":true,"width":260,"x":1132,"y":471},{"gid":164,"height":164,"id":1331,"name":"rise","properties":[{"name":"duration","type":"float","value":1},{"name":"height","type":"int","value":100}],"rotation":0,"type":"rise","visible":true,"width":260,"x":1471,"y":471},{"gid":165,"height":164,"id":1332,"name":"stare-trigger","properties":[{"name":"beamDuration","type":"float","value":1},{"name":"beamHoldDuration","type":"float","value":1},{"name":"confuseDuration","type":"float","value":1},{"name":"fallDuration","type":"float","value":0.6},{"name":"winkDuration","type":"float","value":1}],"rotation":0,"type":"stare-trigger","visible":true,"width":260,"x":1711,"y":471},{"gid":164,"height":164,"id":1940,"name":"rise","properties":[{"name":"duration","type":"float","value":2.5},{"name":"height","type":"int","value":100}],"rotation":0,"type":"rise","visible":true,"width":260,"x":2470,"y":471},{"gid":165,"height":164,"id":1941,"name":"stare-trigger","properties":[{"name":"beamDuration","type":"float","value":1},{"name":"beamHoldDuration","type":"float","value":1},{"name":"confuseDuration","type":"float","value":1},{"name":"fallDuration","type":"float","value":0.6},{"name":"winkDuration","type":"float","value":1}],"rotation":0,"type":"stare-trigger","visible":true,"width":260,"x":3030,"y":471},{"gid":164,"height":164,"id":2579,"name":"rise","properties":[{"name":"duration","type":"float","value":1},{"name":"height","type":"int","value":100}],"rotation":0,"type":"rise","visible":true,"width":260,"x":4121,"y":471},{"gid":165,"height":164,"id":2580,"name":"stare-trigger","properties":[{"name":"beamDuration","type":"float","value":1},{"name":"beamHoldDuration","type":"float","value":1},{"name":"confuseDuration","type":"float","value":1},{"name":"fallDuration","type":"float","value":3},{"name":"winkDuration","type":"float","value":1}],"rotation":0,"type":"stare-trigger","visible":true,"width":260,"x":4361,"y":471},{"gid":164,"height":164,"id":3006,"name":"rise","properties":[{"name":"duration","type":"float","value":1},{"name":"height","type":"int","value":100}],"rotation":0,"type":"rise","visible":true,"width":260,"x":5270,"y":471},{"gid":165,"height":164,"id":3007,"name":"stare-trigger","properties":[{"name":"beamDuration","type":"float","value":1},{"name":"beamHoldDuration","type":"float","value":1},{"name":"confuseDuration","type":"float","value":1},{"name":"fallDuration","type":"float","value":0.6},{"name":"winkDuration","type":"float","value":1}],"rotation":0,"type":"stare-trigger","visible":true,"width":260,"x":5510,"y":471},{"gid":164,"height":164,"id":3448,"name":"rise","properties":[{"name":"duration","type":"float","value":1},{"name":"height","type":"int","value":100}],"rotation":0,"type":"rise","visible":true,"width":260,"x":6303,"y":471},{"gid":165,"height":164,"id":3449,"name":"stare-trigger","properties":[{"name":"beamDuration","type":"float","value":1},{"name":"beamHoldDuration","type":"float","value":1},{"name":"confuseDuration","type":"float","value":1},{"name":"fallDuration","type":"float","value":0.6},{"name":"winkDuration","type":"float","value":1}],"rotation":0,"type":"stare-trigger","visible":true,"width":260,"x":6543,"y":471},{"gid":180,"height":164,"id":4156,"name":"rise","properties":[{"name":"duration","type":"float","value":1},{"name":"height","type":"int","value":100}],"rotation":0,"type":"rise","visible":true,"width":260,"x":7173,"y":471},{"gid":181,"height":164,"id":4157,"name":"stare-trigger","properties":[{"name":"beamDuration","type":"float","value":1},{"name":"beamHoldDuration","type":"float","value":3},{"name":"confuseDuration","type":"float","value":1},{"name":"fallDuration","type":"float","value":0.6},{"name":"winkDuration","type":"float","value":1}],"rotation":0,"type":"stare-trigger","visible":true,"width":260,"x":7413,"y":471},{"gid":164,"height":164,"id":4709,"name":"rise","properties":[{"name":"duration","type":"float","value":4},{"name":"height","type":"int","value":100}],"rotation":0,"type":"rise","visible":true,"width":260,"x":8120,"y":471},{"gid":165,"height":164,"id":4710,"name":"stare-trigger","properties":[{"name":"beamDuration","type":"float","value":1},{"name":"beamHoldDuration","type":"float","value":1},{"name":"confuseDuration","type":"float","value":1},{"name":"fallDuration","type":"float","value":0.6},{"name":"winkDuration","type":"float","value":1}],"rotation":0,"type":"stare-trigger","visible":true,"width":260,"x":8492,"y":471}],"opacity":1,"type":"objectgroup","visible":true,"x":0,"y":0}],"nextlayerid":51,"nextobjectid":487,"orientation":"orthogonal","renderorder":"right-down","tiledversion":"1.7.1","tileheight":20,"tilesets":[{"columns":0,"firstgid":1,"grid":{"height":1,"orientation":"orthogonal","width":1},"margin":0,"name":"static-obj","spacing":0,"tilecount":49,"tileheight":301,"tiles":[{"id":32,"image":"../maps/assets/static-obj/apple.png","type":"apple"},{"id":33,"image":"../maps/assets/static-obj/ball.png","type":"ball"},{"id":34,"image":"../maps/assets/static-obj/banana.png","type":"banana"},{"id":35,"image":"../maps/assets/static-obj/books.png","type":"books"},{"id":36,"image":"../maps/assets/static-obj/cactus.png","type":"cactus"},{"id":37,"image":"../maps/assets/static-obj/candy-bottle.png","type":"candy-bottle"},{"id":38,"image":"../maps/assets/static-obj/clock.png","type":"clock"},{"id":39,"image":"../maps/assets/static-obj/coca.png","type":"coca"},{"id":40,"image":"../maps/assets/static-obj/cupcake.png","type":"cupcake"},{"id":41,"image":"../maps/assets/static-obj/chest.png","type":"chest"},{"id":42,"image":"../maps/assets/static-obj/chest-2.png","type":"chest-2"},{"id":43,"image":"../maps/assets/static-obj/eraser.png","type":"eraser"},{"id":44,"image":"../maps/assets/static-obj/fries.png","type":"fries"},{"id":45,"image":"../maps/assets/static-obj/gavel-bottle.png","type":"gavel-bottle"},{"id":46,"image":"../maps/assets/static-obj/gummy-candy.png","type":"gummy-candy"},{"id":47,"image":"../maps/assets/static-obj/hamburger.png","type":"hamburger"},{"id":48,"image":"../maps/assets/static-obj/hotdog.png","type":"hotdog"},{"id":49,"image":"../maps/assets/static-obj/milk-bottle.png","type":"milk-bottle"},{"id":50,"image":"../maps/assets/static-obj/milk-glass.png","type":"milk-glass"},{"id":51,"image":"../maps/assets/static-obj/milk-tea.png","type":"milk-tea"},{"id":52,"image":"../maps/assets/static-obj/milk-tea-2.png","type":"milk-tea-2"},{"id":53,"image":"../maps/assets/static-obj/orange.png","type":"orange"},{"id":54,"image":"../maps/assets/static-obj/orange-juice.png","type":"orange-juice"},{"id":55,"image":"../maps/assets/static-obj/pencil.png","type":"pencil"},{"id":56,"image":"../maps/assets/static-obj/sandwiches.png","type":"sandwiches"},{"id":57,"image":"../maps/assets/static-obj/soft-drink-1.png","type":"soft-drink-1"},{"id":58,"image":"../maps/assets/static-obj/sugar-bottle.png","type":"sugar-bottle"},{"id":59,"image":"../maps/assets/static-obj/toaster.png","type":"toaster"},{"id":60,"image":"../maps/assets/static-obj/toy.png","type":"toy"},{"id":61,"image":"../maps/assets/static-obj/watermelon-1.png","type":"watermelon-1"},{"id":62,"image":"../maps/assets/static-obj/watermelon-2.png","type":"watermelon-2"},{"id":63,"image":"../maps/assets/static-obj/candy-star.png","type":"candy-star"},{"id":64,"image":"../maps/assets/static-obj/candy-umbrella.png","type":"candy-umbrella"},{"id":65,"image":"../maps/assets/static-obj/cat-mask.png","type":"cat-mask"},{"id":66,"image":"../maps/assets/static-obj/desk-phone.png","type":"desk-phone"},{"id":67,"image":"../maps/assets/static-obj/dying-tree.png","type":"dying-tree"},{"id":68,"image":"../maps/assets/static-obj/eclock.png","type":"eclock"},{"id":69,"image":"../maps/assets/static-obj/gift-box.png","type":"gift-box"},{"id":70,"image":"../maps/assets/static-obj/marble-ball.png","type":"marble-ball"},{"id":71,"image":"../maps/assets/static-obj/marble-ball-group.png","type":"marble-ball-group"},{"id":72,"image":"../maps/assets/static-obj/origami-bird.png","type":"origami-bird"},{"id":73,"image":"../maps/assets/static-obj/origami-rabbit.png","type":"origami-rabbit"},{"id":74,"image":"../maps/assets/static-obj/piggy-bank.png","type":"piggy-bank"},{"id":75,"image":"../maps/assets/static-obj/square-origami.png","type":"square-origami"},{"id":76,"image":"../maps/assets/static-obj/teddy-bear.png","type":"teddy-bear"},{"id":77,"image":"../maps/assets/static-obj/zippo.png","type":"zippo"},{"id":78,"image":"../../Downloads/x2_2/x2/gameplay/static-obj/balloon.png","type":"balloon"},{"id":79,"image":"../../Downloads/x2_2/x2/gameplay/static-obj/crab.png","type":"crab"},{"id":80,"image":"../../Downloads/x2_2/x2/gameplay/static-obj/spaceship.png","type":"spaceship"}],"tilewidth":334},{"columns":0,"firstgid":82,"grid":{"height":1,"orientation":"orthogonal","width":1},"margin":0,"name":"collect-obj","spacing":0,"tilecount":4,"tileheight":82,"tiles":[{"id":0,"image":"../maps/assets/collect-obj/gift-circle.png","properties":[{"name":"value","type":"int","value":10}],"type":"gift-circle"},{"id":1,"image":"../maps/assets/collect-obj/gift-heart.png","properties":[{"name":"value","type":"int","value":10}],"type":"gift-heart"},{"id":2,"image":"../maps/assets/collect-obj/gift-square.png","properties":[{"name":"value","type":"int","value":10}],"type":"gift-square"},{"id":3,"image":"../maps/assets/collect-obj/coin.png","properties":[{"name":"value","type":"int","value":1}],"type":"coin"}],"tilewidth":82},{"columns":0,"firstgid":86,"grid":{"height":1,"orientation":"orthogonal","width":1},"margin":0,"name":"decor-obj","spacing":0,"tilecount":6,"tileheight":320,"tiles":[{"id":3,"image":"../maps/assets/decor-obj/handkerchief-1.png","type":"handkerchief-1"},{"id":4,"image":"../maps/assets/decor-obj/handkerchief-2.png","type":"handkerchief-2"},{"id":5,"image":"../maps/assets/decor-obj/handkerchief-3.png","type":"handkerchief-3"},{"id":6,"image":"../maps/assets/decor-obj/handkerchief-4.png","type":"handkerchief-4"},{"id":7,"image":"../maps/assets/decor-obj/handkerchief-5.png","type":"handkerchief-5"},{"id":8,"image":"../maps/assets/decor-obj/handkerchief-6.png","type":"handkerchief-6"}],"tilewidth":693},{"columns":0,"firstgid":95,"grid":{"height":1,"orientation":"orthogonal","width":1},"margin":0,"name":"decor-obj-behind","spacing":0,"tilecount":18,"tileheight":142,"tiles":[{"id":0,"image":"../maps/assets/decor-obj-behind/book-1.png","type":"book-1"},{"id":1,"image":"../maps/assets/decor-obj-behind/book-2.png","type":"book-2"},{"id":2,"image":"../maps/assets/decor-obj-behind/book-3.png","type":"book-3"},{"id":3,"image":"../maps/assets/decor-obj-behind/book-4.png","type":"book-4"},{"id":4,"image":"../maps/assets/decor-obj-behind/book-5.png","type":"book-5"},{"id":5,"image":"../maps/assets/decor-obj-behind/cookies-1.png","type":"cookies-1"},{"id":6,"image":"../maps/assets/decor-obj-behind/cookies-2.png","type":"cookies-2"},{"id":7,"image":"../maps/assets/decor-obj-behind/crayon-blue.png","type":"crayon-blue"},{"id":8,"image":"../maps/assets/decor-obj-behind/crayon-green.png","type":"crayon-green"},{"id":9,"image":"../maps/assets/decor-obj-behind/crayon-pink-yellow.png","type":"crayon-pink-yellow"},{"id":10,"image":"../maps/assets/decor-obj-behind/fork.png","type":"fork"},{"id":11,"image":"../maps/assets/decor-obj-behind/fork-2.png","type":"fork-2"},{"id":12,"image":"../maps/assets/decor-obj-behind/glove.png","type":"glove"},{"id":13,"image":"../maps/assets/decor-obj-behind/knife.png","type":"knife"},{"id":14,"image":"../maps/assets/decor-obj-behind/rolling-pin.png","type":"rolling-pin"},{"id":15,"image":"../maps/assets/decor-obj-behind/sandwich.png","type":"sandwich"},{"id":16,"image":"../maps/assets/decor-obj-behind/spoon.png","type":"spoon"},{"id":17,"image":"../maps/assets/decor-obj-behind/wood-spoon.png","type":"wood-spoon"}],"tilewidth":342},{"columns":0,"firstgid":113,"grid":{"height":1,"orientation":"orthogonal","width":1},"margin":0,"name":"goal-obj","spacing":0,"tilecount":2,"tileheight":192,"tiles":[{"id":0,"image":"../maps/assets/goal-obj/cheese-1.png","type":"cheese-1"},{"id":1,"image":"../maps/assets/goal-obj/cheese-2.png","type":"cheese-2"}],"tilewidth":307},{"columns":0,"firstgid":115,"grid":{"height":1,"orientation":"orthogonal","width":1},"margin":0,"name":"interactable-obj","spacing":0,"tilecount":6,"tileheight":134,"tiles":[{"id":0,"image":"../maps/assets/interactable-obj/blue-button-down.png","properties":[{"name":"triggerID","type":"int","value":0}],"type":"blue-button-down"},{"id":1,"image":"../maps/assets/interactable-obj/blue-button-up.png","properties":[{"name":"triggerID","type":"int","value":0}],"type":"blue-button-up"},{"id":2,"image":"../maps/assets/interactable-obj/joystick.png","properties":[{"name":"triggerID","type":"int","value":0}],"type":"joystick"},{"id":3,"image":"../maps/assets/interactable-obj/joystick-down.png","properties":[{"name":"triggerID","type":"int","value":0}],"type":"joystick-down"},{"id":4,"image":"../maps/assets/interactable-obj/red-button-down.png","properties":[{"name":"triggerID","type":"int","value":0}],"type":"red-button-down"},{"id":5,"image":"../maps/assets/interactable-obj/red-button-up.png","properties":[{"name":"triggerID","type":"int","value":0}],"type":"red-button-up"}],"tilewidth":121},{"columns":0,"firstgid":121,"grid":{"height":1,"orientation":"orthogonal","width":1},"margin":0,"name":"movement-modifier-obj","spacing":0,"tilecount":3,"tileheight":110,"tiles":[{"id":0,"image":"../maps/assets/movement-modifier-obj/boxing.png","properties":[{"name":"direction","type":"string","value":"right"},{"name":"speed","type":"int","value":100}],"type":"boxing"},{"id":1,"image":"../maps/assets/movement-modifier-obj/conveyor.png","properties":[{"name":"direction","type":"string","value":"left"},{"name":"speed","type":"int","value":30}],"type":"conveyor"},{"id":2,"image":"../maps/assets/movement-modifier-obj/liquid.png","type":"liquid"}],"tilewidth":241},{"columns":0,"firstgid":124,"grid":{"height":1,"orientation":"orthogonal","width":1},"margin":0,"name":"moving-obj","spacing":0,"tilecount":2,"tileheight":424,"tiles":[{"id":0,"image":"../maps/assets/moving-obj/icecream-truck.png","type":"icecream-truck"},{"id":1,"image":"../maps/assets/moving-obj/tank.png","type":"tank"}],"tilewidth":564},{"columns":0,"firstgid":126,"grid":{"height":1,"orientation":"orthogonal","width":1},"margin":0,"name":"seethrough-obj","spacing":0,"tilecount":8,"tileheight":165,"tiles":[{"id":0,"image":"../maps/assets/seethrough-obj/crystall-ball.png","type":"crystall-ball"},{"id":1,"image":"../maps/assets/seethrough-obj/empty-bottle-1.png","type":"empty-bottle-1"},{"id":2,"image":"../maps/assets/seethrough-obj/empty-bottle-2.png","type":"empty-bottle-2"},{"id":3,"image":"../maps/assets/seethrough-obj/glass.png","type":"glass"},{"id":4,"image":"../maps/assets/seethrough-obj/glasses.png","type":"glasses"},{"id":5,"image":"../maps/assets/seethrough-obj/king.png","type":"king"},{"id":6,"image":"../maps/assets/seethrough-obj/knight.png","type":"knight"},{"id":7,"image":"../maps/assets/seethrough-obj/queen.png","type":"queen"}],"tilewidth":138},{"columns":0,"firstgid":134,"grid":{"height":1,"orientation":"orthogonal","width":1},"margin":0,"name":"trap-obj","spacing":0,"tilecount":3,"tileheight":445,"tiles":[{"id":0,"image":"../maps/assets/trap-obj/balloon.png","type":"balloon"},{"id":1,"image":"../maps/assets/trap-obj/crab.png","type":"crab"},{"id":2,"image":"../maps/assets/trap-obj/spaceship.png","type":"spaceship"}],"tilewidth":365},{"columns":0,"firstgid":137,"grid":{"height":1,"orientation":"orthogonal","width":1},"margin":0,"name":"players","spacing":0,"tilecount":2,"tileheight":328,"tiles":[{"id":0,"image":"../maps/assets/players/boy.png","type":"watcher"},{"id":1,"image":"../maps/assets/players/mouse.png","type":"player"}],"tilewidth":520},{"columns":4,"firstgid":139,"image":"../maps/assets/tileset/tileset.png","imageheight":116,"imagewidth":116,"margin":0,"name":"tileset","spacing":0,"tilecount":0,"tileheight":29,"tilewidth":29,"transformations":{"hflip":false,"preferuntransformed":true,"rotate":false,"vflip":false}},{"columns":0,"firstgid":139,"grid":{"height":1,"orientation":"orthogonal","width":1},"margin":0,"name":"symbol","spacing":0,"tilecount":10,"tileheight":164,"tiles":[{"id":0,"image":"../maps/assets/symbol/eye.svg","properties":[{"name":"duration","type":"float","value":2}],"type":"watch-trigger"},{"id":1,"image":"../maps/assets/symbol/start.svg","type":"start-point"},{"id":2,"image":"../maps/assets/symbol/stand.svg","properties":[{"name":"duration","type":"float","value":2},{"name":"height-cap","type":"float","value":100}],"type":"stand-trigger"},{"id":3,"image":"../maps/assets/symbol/monkey.png","properties":[{"name":"duration","type":"float","value":5}],"type":"monkey-trigger"},{"id":8,"image":"../maps/assets/symbol/eye_end.png","type":"end-watch-trigger"},{"id":9,"image":"../maps/assets/symbol/rise.png","properties":[{"name":"duration","type":"float","value":0},{"name":"height","type":"int","value":0}],"type":"rise"},{"id":10,"image":"../maps/assets/symbol/stare-trigger.png","properties":[{"name":"beamDuration","type":"float","value":0},{"name":"beamHoldDuration","type":"float","value":0},{"name":"confuseDuration","type":"float","value":0},{"name":"fallDuration","type":"float","value":0},{"name":"winkDuration","type":"float","value":0}],"type":"stare-trigger"},{"id":11,"image":"../maps/assets/symbol/watch-trigger.png","properties":[{"name":"beamDuration","type":"float","value":0},{"name":"beamHoldDuration","type":"float","value":0},{"name":"confuseDuration","type":"float","value":0},{"name":"fallDuration","type":"float","value":0},{"name":"winkDuration","type":"float","value":0}],"type":"watch-trigger"},{"id":12,"image":"../maps/assets/symbol/end-trigger.png","type":"end-trigger"},{"id":13,"image":"../maps/assets/symbol/fall.png","properties":[{"name":"duration","type":"float","value":0},{"name":"height","type":"int","value":0}],"type":"fall"}],"tilewidth":260},{"columns":0,"firstgid":153,"grid":{"height":1,"orientation":"orthogonal","width":1},"margin":0,"name":"speed-modifier-obj","spacing":0,"tilecount":6,"tileheight":55,"tiles":[{"id":0,"image":"../maps/assets/speed-modifier-obj/chocolate.png","properties":[{"name":"speedBonusPercent","type":"float","value":0.5},{"name":"speedDuration","type":"float","value":1}],"type":"chocolate-1"},{"id":2,"image":"../maps/assets/speed-modifier-obj/chocolate-2.png","type":"chocolate-2"},{"id":3,"image":"../maps/assets/speed-modifier-obj/chocolate-3.png","type":"chocolate-3"},{"id":4,"image":"../maps/assets/speed-modifier-obj/chocolate-4.png","type":"chocolate-4"},{"id":5,"image":"../maps/assets/speed-modifier-obj/chocolate-5.png","type":"chocolate-5"},{"id":6,"image":"../maps/assets/speed-modifier-obj/skateboard.png","properties":[{"name":"speedBonusPercent","type":"float","value":2},{"name":"speedDuration","type":"float","value":1.2}],"type":"skateboard"}],"tilewidth":409}],"tilewidth":20,"type":"map","version":"1.6","width":464}