{"compressionlevel":1,"height":30,"infinite":false,"layers":[{"draworder":"topdown","id":34,"name":"watcher","objects":[{"gid":137,"height":164,"id":180,"name":"boy","rotation":0,"type":"watcher","visible":true,"width":260,"x":400,"y":262}],"opacity":1,"type":"objectgroup","visible":false,"x":0,"y":0},{"id":26,"layers":[{"draworder":"topdown","id":18,"name":"decor-obj-behind","objects":[{"gid":95,"height":46,"id":923,"name":"book-1","rotation":0,"type":"book-1","visible":true,"width":116,"x":845,"y":356},{"gid":96,"height":43,"id":924,"name":"book-2","rotation":0,"type":"book-2","visible":true,"width":118,"x":1090,"y":354},{"gid":97,"height":41,"id":925,"name":"book-3","rotation":0,"type":"book-3","visible":true,"width":111,"x":1337,"y":353},{"gid":106,"height":43,"id":1478,"name":"fork-2","rotation":0,"type":"fork-2","visible":true,"width":74,"x":2030,"y":353},{"gid":105,"height":43,"id":1479,"name":"fork","rotation":0,"type":"fork","visible":true,"width":76,"x":1662,"y":354},{"gid":112,"height":41,"id":1480,"name":"wood-spoon","rotation":0,"type":"wood-spoon","visible":true,"width":71,"x":1851,"y":366},{"gid":28,"height":48,"id":1896,"name":"rolling-pin","rotation":0,"type":"rolling-pin","visible":true,"width":120,"x":2236,"y":368},{"gid":109,"height":48,"id":2536,"name":"rolling-pin","rotation":0,"type":"rolling-pin","visible":true,"width":120,"x":2961,"y":368},{"gid":101,"height":30,"id":2542,"name":"cookies-2","rotation":0,"type":"cookies-2","visible":true,"width":92,"x":2503,"y":359},{"gid":91,"height":48,"id":2952,"name":"rolling-pin","rotation":0,"type":"rolling-pin","visible":true,"width":120,"x":3744,"y":368},{"gid":83,"height":30,"id":2958,"name":"cookies-2","rotation":0,"type":"cookies-2","visible":true,"width":92,"x":3286,"y":359},{"gid":95,"height":46,"id":3564,"name":"book-1","rotation":0,"type":"book-1","visible":true,"width":116,"x":4722,"y":366},{"gid":112,"height":41,"id":3570,"name":"wood-spoon","rotation":0,"type":"wood-spoon","visible":true,"width":71,"x":4605,"y":376},{"gid":107,"height":50,"id":3571,"name":"glove","rotation":0,"type":"glove","visible":true,"width":82,"x":4189,"y":369},{"gid":109,"height":48,"id":3924,"name":"rolling-pin","rotation":0,"type":"rolling-pin","visible":true,"width":120,"x":5107,"y":368},{"gid":107,"height":50,"id":3932,"name":"glove","rotation":0,"type":"glove","visible":true,"width":82,"x":5552,"y":369},{"gid":100,"height":48,"id":4674,"name":"cookies-1","rotation":0,"type":"cookies-1","visible":true,"width":74,"x":6931,"y":370},{"gid":101,"height":30,"id":4675,"name":"cookies-2","rotation":0,"type":"cookies-2","visible":true,"width":92,"x":7323,"y":364},{"gid":106,"height":43,"id":4772,"name":"fork-2","rotation":0,"type":"fork-2","visible":true,"width":74,"x":6541,"y":361},{"gid":111,"height":41,"id":4773,"name":"spoon","rotation":0,"type":"spoon","visible":true,"width":71,"x":7560,"y":361},{"gid":19,"height":48,"id":5370,"name":"cookies-1","rotation":0,"type":"cookies-1","visible":true,"width":74,"x":8706,"y":359},{"gid":25,"height":43,"id":5468,"name":"fork-2","rotation":0,"type":"fork-2","visible":true,"width":74,"x":8316,"y":350}],"opacity":1,"type":"objectgroup","visible":true,"x":0,"y":0},{"draworder":"topdown","id":15,"name":"static-obj","objects":[{"gid":68,"height":301,"id":473,"name":"dying-tree","rotation":0,"type":"dying-tree","visible":true,"width":334,"x":290,"y":457},{"gid":52,"height":147,"id":880,"name":"milk-tea","rotation":0,"type":"milk-tea","visible":true,"width":89,"x":1189,"y":457},{"gid":52,"height":147,"id":1030,"name":"milk-tea","rotation":0,"type":"milk-tea","visible":true,"width":89,"x":889,"y":457},{"gid":53,"height":91,"id":1014,"name":"milk-tea-2","rotation":0,"type":"milk-tea-2","visible":true,"width":141,"x":1335,"y":457},{"gid":53,"height":91,"id":1029,"name":"milk-tea-2","rotation":0,"type":"milk-tea-2","visible":true,"width":141,"x":1015,"y":457},{"gid":44,"height":74,"id":1267,"name":"eraser","rotation":0,"type":"eraser","visible":true,"width":56,"x":1720,"y":457},{"gid":56,"height":146,"id":1268,"name":"pencil","rotation":0,"type":"pencil","visible":true,"width":20,"x":1640,"y":457},{"gid":44,"height":74,"id":1271,"name":"eraser","rotation":0,"type":"eraser","visible":true,"width":56,"x":1920,"y":457},{"gid":56,"height":146,"id":1272,"name":"pencil","rotation":0,"type":"pencil","visible":true,"width":20,"x":1840,"y":457},{"gid":44,"height":74,"id":1273,"name":"eraser","rotation":0,"type":"eraser","visible":true,"width":56,"x":2120,"y":457},{"gid":56,"height":146,"id":1274,"name":"pencil","rotation":0,"type":"pencil","visible":true,"width":20,"x":2040,"y":457},{"gid":42,"height":122,"id":2612,"name":"chest","rotation":0,"type":"chest","visible":true,"width":144,"x":2742,"y":458},{"gid":58,"height":161,"id":3227,"name":"soft-drink-1","rotation":0,"type":"soft-drink-1","visible":true,"width":57,"x":3736,"y":462},{"gid":216,"height":102,"id":3235,"name":"crab","rotation":0,"type":"crab","visible":true,"width":187,"x":3199,"y":439},{"gid":35,"height":97,"id":3584,"name":"banana","rotation":0,"type":"banana","visible":true,"width":144,"x":4276,"y":457},{"gid":56,"height":146,"id":4212,"name":"pencil","rotation":0,"type":"pencil","visible":true,"width":20,"x":4961,"y":462},{"gid":56,"height":146,"id":4215,"name":"pencil","rotation":0,"type":"pencil","visible":true,"width":20,"x":5060,"y":462},{"gid":56,"height":146,"id":4216,"name":"pencil","rotation":0,"type":"pencil","visible":true,"width":20,"x":5160,"y":462},{"gid":56,"height":146,"id":4217,"name":"pencil","rotation":0,"type":"pencil","visible":true,"width":20,"x":5260,"y":462},{"gid":56,"height":146,"id":4218,"name":"pencil","rotation":0,"type":"pencil","visible":true,"width":20,"x":5359,"y":462},{"gid":56,"height":146,"id":4219,"name":"pencil","rotation":0,"type":"pencil","visible":true,"width":20,"x":5458,"y":462},{"gid":56,"height":146,"id":4220,"name":"pencil","rotation":0,"type":"pencil","visible":true,"width":20,"x":5559,"y":462},{"gid":56,"height":146,"id":4221,"name":"pencil","rotation":0,"type":"pencil","visible":true,"width":20,"x":5658,"y":462},{"gid":56,"height":146,"id":4223,"name":"pencil","rotation":0,"type":"pencil","visible":true,"width":20,"x":5766,"y":462},{"gid":56,"height":146,"id":4224,"name":"pencil","rotation":0,"type":"pencil","visible":true,"width":20,"x":5866,"y":462},{"gid":56,"height":146,"id":4226,"name":"pencil","rotation":0,"type":"pencil","visible":true,"width":20,"x":5965,"y":462},{"gid":56,"height":146,"id":4232,"name":"pencil","rotation":0,"type":"pencil","visible":true,"width":20,"x":6265,"y":462},{"gid":56,"height":146,"id":4227,"name":"pencil","rotation":0,"type":"pencil","visible":true,"width":20,"x":6065,"y":462},{"gid":56,"height":146,"id":4231,"name":"pencil","rotation":0,"type":"pencil","visible":true,"width":20,"x":6364,"y":462},{"gid":56,"height":146,"id":4228,"name":"pencil","rotation":0,"type":"pencil","visible":true,"width":20,"x":6164,"y":462},{"gid":56,"height":146,"id":4230,"name":"pencil","rotation":0,"type":"pencil","visible":true,"width":20,"x":6464,"y":462},{"gid":44,"height":74,"id":4213,"name":"eraser","rotation":0,"type":"eraser","visible":true,"width":56,"x":4992,"y":464},{"gid":44,"height":74,"id":4214,"name":"eraser","rotation":0,"type":"eraser","visible":true,"width":56,"x":5297,"y":464},{"gid":44,"height":74,"id":4222,"name":"eraser","rotation":0,"type":"eraser","visible":true,"width":56,"x":5694,"y":464},{"gid":44,"height":74,"id":4225,"name":"eraser","rotation":0,"type":"eraser","visible":true,"width":56,"x":5897,"y":464},{"gid":44,"height":74,"id":4229,"name":"eraser","rotation":0,"type":"eraser","visible":true,"width":56,"x":6204,"y":464},{"gid":51,"height":98,"id":4850,"name":"milk-glass","rotation":0,"type":"milk-glass","visible":true,"width":62,"x":7550,"y":457},{"gid":122,"height":149,"id":5566,"name":"ball","rotation":0,"type":"ball","visible":true,"width":146,"x":8482,"y":457}],"opacity":1,"type":"objectgroup","visible":true,"x":0,"y":0},{"draworder":"topdown","id":45,"name":"collect-obj","objects":[{"gid":85,"height":31,"id":3577,"name":"coin","properties":[{"name":"isMoving","type":"bool","value":false},{"name":"value","type":"int","value":1}],"rotation":0,"type":"coin","visible":true,"width":31,"x":4635,"y":450},{"gid":85,"height":31,"id":3579,"name":"coin","properties":[{"name":"isMoving","type":"bool","value":false},{"name":"value","type":"int","value":1}],"rotation":0,"type":"coin","visible":true,"width":31,"x":4784,"y":450}],"opacity":1,"type":"objectgroup","visible":true,"x":0,"y":0},{"draworder":"topdown","id":43,"name":"speed-modifier-obj","objects":[{"gid":170,"height":42,"id":4862,"name":"skateboard","properties":[{"name":"speedBonusPercent","type":"float","value":2},{"name":"speedDuration","type":"float","value":1.2}],"rotation":0,"type":"skateboard","visible":true,"width":101,"x":6539,"y":483},{"gid":71,"height":36,"id":5495,"name":"chocolate-3","properties":[{"name":"speedBonusPercent","type":"float","value":0.5},{"name":"speedDuration","type":"float","value":0.01}],"rotation":0,"type":"chocolate-3","visible":true,"width":225,"x":8362,"y":484}],"opacity":1,"type":"objectgroup","visible":true,"x":0,"y":0},{"draworder":"topdown","id":25,"name":"trap-obj","objects":[{"gid":60,"height":223,"id":2207,"name":"balloon","rotation":0,"type":"balloon","visible":true,"width":147,"x":2232,"y":459},{"gid":124,"height":116,"id":3233,"name":"crab","rotation":0,"type":"crab","visible":true,"width":183,"x":3812,"y":435}],"opacity":1,"type":"objectgroup","visible":true,"x":0,"y":0},{"draworder":"topdown","id":22,"name":"moving-obj","objects":[],"opacity":1,"type":"objectgroup","visible":true,"x":0,"y":0},{"draworder":"topdown","id":23,"name":"seethrough-obj","objects":[{"gid":110,"height":162,"id":3228,"name":"empty-bottle-2","rotation":0,"type":"empty-bottle-2","visible":true,"width":52,"x":3530,"y":462},{"gid":142,"height":121,"id":4840,"name":"crystall-ball","rotation":0,"type":"crystall-ball","visible":true,"width":113,"x":7385,"y":457},{"gid":142,"height":121,"id":4842,"name":"crystall-ball","rotation":0,"type":"crystall-ball","visible":true,"width":113,"x":7670,"y":457},{"gid":145,"height":93,"id":4843,"name":"glass","rotation":0,"type":"glass","visible":true,"width":59,"x":6940,"y":457},{"gid":145,"height":93,"id":4867,"name":"glass","rotation":0,"type":"glass","visible":true,"width":59,"x":7858,"y":457},{"gid":145,"height":93,"id":4844,"name":"glass","rotation":0,"type":"glass","visible":true,"width":59,"x":7089,"y":457},{"gid":145,"height":93,"id":4866,"name":"glass","rotation":0,"type":"glass","visible":true,"width":59,"x":8007,"y":457},{"gid":145,"height":93,"id":4845,"name":"glass","rotation":0,"type":"glass","visible":true,"width":59,"x":7245,"y":457},{"gid":145,"height":93,"id":4865,"name":"glass","rotation":0,"type":"glass","visible":true,"width":59,"x":8163,"y":457},{"gid":60,"height":121,"id":5503,"name":"crystall-ball","rotation":0,"type":"crystall-ball","visible":true,"width":113,"x":8647,"y":457},{"gid":60,"height":121,"id":5505,"name":"crystall-ball","rotation":0,"type":"crystall-ball","visible":true,"width":113,"x":8793,"y":457},{"gid":60,"height":121,"id":5507,"name":"crystall-ball","rotation":0,"type":"crystall-ball","visible":true,"width":113,"x":8937,"y":457}],"opacity":1,"type":"objectgroup","visible":true,"x":0,"y":0},{"draworder":"topdown","id":19,"name":"goal-obj","objects":[{"gid":113,"height":192,"id":5938,"name":"cheese-1","rotation":0,"type":"cheese-1","visible":true,"width":192,"x":9293,"y":491}],"opacity":1,"type":"objectgroup","visible":true,"x":0,"y":0}],"name":"objects","opacity":1,"type":"group","visible":true,"x":0,"y":0},{"draworder":"topdown","id":33,"name":"player","objects":[{"gid":138,"height":76,"id":486,"name":"mouse","rotation":0,"type":"player","visible":false,"width":63,"x":100.638857782755,"y":471}],"opacity":1,"type":"objectgroup","visible":false,"x":0,"y":0},{"draworder":"topdown","id":40,"name":"symbol","objects":[{"gid":140,"height":100,"id":346,"name":"start-point","rotation":0,"type":"start-point","visible":true,"width":100,"x":190,"y":471},{"gid":164,"height":164,"id":1027,"name":"rise","properties":[{"name":"duration","type":"float","value":3.5},{"name":"height","type":"int","value":100}],"rotation":0,"type":"rise","visible":true,"width":260,"x":740,"y":471},{"gid":165,"height":164,"id":1028,"name":"stare-trigger","properties":[{"name":"beamDuration","type":"float","value":1},{"name":"beamHoldDuration","type":"float","value":1},{"name":"confuseDuration","type":"float","value":1},{"name":"fallDuration","type":"float","value":0.6},{"name":"winkDuration","type":"float","value":1}],"rotation":0,"type":"stare-trigger","visible":true,"width":260,"x":1220,"y":471},{"gid":164,"height":164,"id":1569,"name":"rise","properties":[{"name":"duration","type":"float","value":4},{"name":"height","type":"int","value":100}],"rotation":0,"type":"rise","visible":true,"width":260,"x":1520,"y":471},{"gid":165,"height":164,"id":1570,"name":"stare-trigger","properties":[{"name":"beamDuration","type":"float","value":1},{"name":"beamHoldDuration","type":"float","value":1},{"name":"confuseDuration","type":"float","value":1},{"name":"fallDuration","type":"float","value":0.6},{"name":"winkDuration","type":"float","value":1}],"rotation":0,"type":"stare-trigger","visible":true,"width":260,"x":1892,"y":471},{"gid":159,"height":164,"id":2623,"name":"rise","properties":[{"name":"duration","type":"float","value":1},{"name":"height","type":"int","value":100}],"rotation":0,"type":"rise","visible":true,"width":260,"x":2419,"y":471},{"gid":161,"height":164,"id":2624,"name":"watch-trigger","properties":[{"name":"beamDuration","type":"float","value":1},{"name":"beamHoldDuration","type":"float","value":15},{"name":"confuseDuration","type":"float","value":1},{"name":"fallDuration","type":"float","value":1},{"name":"winkDuration","type":"float","value":1}],"rotation":0,"type":"watch-trigger","visible":true,"width":260,"x":2659,"y":471},{"gid":227,"height":164,"id":3238,"name":"rise","properties":[{"name":"duration","type":"float","value":1.8},{"name":"height","type":"int","value":100}],"rotation":0,"type":"rise","visible":true,"width":260,"x":3152,"y":471},{"gid":228,"height":164,"id":3239,"name":"stare-trigger","properties":[{"name":"beamDuration","type":"float","value":1},{"name":"beamHoldDuration","type":"float","value":1},{"name":"confuseDuration","type":"float","value":1},{"name":"fallDuration","type":"float","value":0.6},{"name":"winkDuration","type":"float","value":1}],"rotation":0,"type":"stare-trigger","visible":true,"width":260,"x":3572,"y":471},{"gid":160,"height":164,"id":3598,"name":"stare-trigger","properties":[{"name":"beamDuration","type":"float","value":1},{"name":"beamHoldDuration","type":"float","value":1},{"name":"confuseDuration","type":"float","value":1},{"name":"fallDuration","type":"float","value":0.6},{"name":"winkDuration","type":"float","value":1}],"rotation":0,"type":"stare-trigger","visible":false,"width":260,"x":4190,"y":471},{"gid":159,"height":164,"id":3599,"name":"rise","properties":[{"name":"duration","type":"float","value":1},{"name":"height","type":"int","value":100}],"rotation":0,"type":"rise","visible":false,"width":260,"x":4922,"y":471},{"gid":160,"height":164,"id":3600,"name":"stare-trigger","properties":[{"name":"beamDuration","type":"float","value":1},{"name":"beamHoldDuration","type":"float","value":1},{"name":"confuseDuration","type":"float","value":1},{"name":"fallDuration","type":"float","value":0.6},{"name":"winkDuration","type":"float","value":1}],"rotation":0,"type":"stare-trigger","visible":true,"width":260,"x":4319,"y":471},{"gid":159,"height":164,"id":3601,"name":"rise","properties":[{"name":"duration","type":"float","value":1},{"name":"height","type":"int","value":100}],"rotation":0,"type":"rise","visible":true,"width":260,"x":4079,"y":471},{"gid":164,"height":164,"id":4240,"name":"rise","properties":[{"name":"duration","type":"float","value":1},{"name":"height","type":"int","value":100}],"rotation":0,"type":"rise","visible":true,"width":260,"x":5443,"y":471},{"gid":165,"height":164,"id":4241,"name":"stare-trigger","properties":[{"name":"beamDuration","type":"float","value":1},{"name":"beamHoldDuration","type":"float","value":1},{"name":"confuseDuration","type":"float","value":1},{"name":"fallDuration","type":"float","value":3},{"name":"winkDuration","type":"float","value":1}],"rotation":0,"type":"stare-trigger","visible":true,"width":260,"x":5683,"y":471},{"gid":180,"height":164,"id":4934,"name":"rise","properties":[{"name":"duration","type":"float","value":1},{"name":"height","type":"int","value":100}],"rotation":0,"type":"rise","visible":false,"width":260,"x":7275,"y":471},{"gid":184,"height":164,"id":4935,"name":"fall","properties":[{"name":"duration","type":"float","value":1},{"name":"height","type":"int","value":0}],"rotation":0,"type":"fall","visible":false,"width":260,"x":7668,"y":471},{"gid":180,"height":164,"id":4936,"name":"rise","properties":[{"name":"duration","type":"float","value":1.5},{"name":"height","type":"int","value":100}],"rotation":0,"type":"rise","visible":true,"width":260,"x":7120,"y":471},{"gid":181,"height":164,"id":4937,"name":"stare-trigger","properties":[{"name":"beamDuration","type":"float","value":1},{"name":"beamHoldDuration","type":"float","value":1},{"name":"confuseDuration","type":"float","value":1},{"name":"fallDuration","type":"float","value":0.6},{"name":"winkDuration","type":"float","value":1}],"rotation":0,"type":"stare-trigger","visible":true,"width":260,"x":7360,"y":471},{"gid":179,"height":164,"id":5571,"name":"rise","properties":[{"name":"duration","type":"float","value":1},{"name":"height","type":"int","value":100}],"rotation":0,"type":"rise","visible":true,"width":260,"x":8323,"y":471},{"gid":180,"height":164,"id":5572,"name":"stare-trigger","properties":[{"name":"beamDuration","type":"float","value":1},{"name":"beamHoldDuration","type":"float","value":1},{"name":"confuseDuration","type":"float","value":1},{"name":"fallDuration","type":"float","value":0.6},{"name":"winkDuration","type":"float","value":1}],"rotation":0,"type":"stare-trigger","visible":true,"width":260,"x":8443,"y":471}],"opacity":1,"type":"objectgroup","visible":true,"x":0,"y":0}],"nextlayerid":51,"nextobjectid":487,"orientation":"orthogonal","renderorder":"right-down","tiledversion":"1.7.1","tileheight":20,"tilesets":[{"columns":0,"firstgid":1,"grid":{"height":1,"orientation":"orthogonal","width":1},"margin":0,"name":"static-obj","spacing":0,"tilecount":49,"tileheight":301,"tiles":[{"id":32,"image":"../maps/assets/static-obj/apple.png","type":"apple"},{"id":33,"image":"../maps/assets/static-obj/ball.png","type":"ball"},{"id":34,"image":"../maps/assets/static-obj/banana.png","type":"banana"},{"id":35,"image":"../maps/assets/static-obj/books.png","type":"books"},{"id":36,"image":"../maps/assets/static-obj/cactus.png","type":"cactus"},{"id":37,"image":"../maps/assets/static-obj/candy-bottle.png","type":"candy-bottle"},{"id":38,"image":"../maps/assets/static-obj/clock.png","type":"clock"},{"id":39,"image":"../maps/assets/static-obj/coca.png","type":"coca"},{"id":40,"image":"../maps/assets/static-obj/cupcake.png","type":"cupcake"},{"id":41,"image":"../maps/assets/static-obj/chest.png","type":"chest"},{"id":42,"image":"../maps/assets/static-obj/chest-2.png","type":"chest-2"},{"id":43,"image":"../maps/assets/static-obj/eraser.png","type":"eraser"},{"id":44,"image":"../maps/assets/static-obj/fries.png","type":"fries"},{"id":45,"image":"../maps/assets/static-obj/gavel-bottle.png","type":"gavel-bottle"},{"id":46,"image":"../maps/assets/static-obj/gummy-candy.png","type":"gummy-candy"},{"id":47,"image":"../maps/assets/static-obj/hamburger.png","type":"hamburger"},{"id":48,"image":"../maps/assets/static-obj/hotdog.png","type":"hotdog"},{"id":49,"image":"../maps/assets/static-obj/milk-bottle.png","type":"milk-bottle"},{"id":50,"image":"../maps/assets/static-obj/milk-glass.png","type":"milk-glass"},{"id":51,"image":"../maps/assets/static-obj/milk-tea.png","type":"milk-tea"},{"id":52,"image":"../maps/assets/static-obj/milk-tea-2.png","type":"milk-tea-2"},{"id":53,"image":"../maps/assets/static-obj/orange.png","type":"orange"},{"id":54,"image":"../maps/assets/static-obj/orange-juice.png","type":"orange-juice"},{"id":55,"image":"../maps/assets/static-obj/pencil.png","type":"pencil"},{"id":56,"image":"../maps/assets/static-obj/sandwiches.png","type":"sandwiches"},{"id":57,"image":"../maps/assets/static-obj/soft-drink-1.png","type":"soft-drink-1"},{"id":58,"image":"../maps/assets/static-obj/sugar-bottle.png","type":"sugar-bottle"},{"id":59,"image":"../maps/assets/static-obj/toaster.png","type":"toaster"},{"id":60,"image":"../maps/assets/static-obj/toy.png","type":"toy"},{"id":61,"image":"../maps/assets/static-obj/watermelon-1.png","type":"watermelon-1"},{"id":62,"image":"../maps/assets/static-obj/watermelon-2.png","type":"watermelon-2"},{"id":63,"image":"../maps/assets/static-obj/candy-star.png","type":"candy-star"},{"id":64,"image":"../maps/assets/static-obj/candy-umbrella.png","type":"candy-umbrella"},{"id":65,"image":"../maps/assets/static-obj/cat-mask.png","type":"cat-mask"},{"id":66,"image":"../maps/assets/static-obj/desk-phone.png","type":"desk-phone"},{"id":67,"image":"../maps/assets/static-obj/dying-tree.png","type":"dying-tree"},{"id":68,"image":"../maps/assets/static-obj/eclock.png","type":"eclock"},{"id":69,"image":"../maps/assets/static-obj/gift-box.png","type":"gift-box"},{"id":70,"image":"../maps/assets/static-obj/marble-ball.png","type":"marble-ball"},{"id":71,"image":"../maps/assets/static-obj/marble-ball-group.png","type":"marble-ball-group"},{"id":72,"image":"../maps/assets/static-obj/origami-bird.png","type":"origami-bird"},{"id":73,"image":"../maps/assets/static-obj/origami-rabbit.png","type":"origami-rabbit"},{"id":74,"image":"../maps/assets/static-obj/piggy-bank.png","type":"piggy-bank"},{"id":75,"image":"../maps/assets/static-obj/square-origami.png","type":"square-origami"},{"id":76,"image":"../maps/assets/static-obj/teddy-bear.png","type":"teddy-bear"},{"id":77,"image":"../maps/assets/static-obj/zippo.png","type":"zippo"},{"id":78,"image":"../../Downloads/x2_2/x2/gameplay/static-obj/balloon.png","type":"balloon"},{"id":79,"image":"../../Downloads/x2_2/x2/gameplay/static-obj/crab.png","type":"crab"},{"id":80,"image":"../../Downloads/x2_2/x2/gameplay/static-obj/spaceship.png","type":"spaceship"}],"tilewidth":334},{"columns":0,"firstgid":82,"grid":{"height":1,"orientation":"orthogonal","width":1},"margin":0,"name":"collect-obj","spacing":0,"tilecount":4,"tileheight":82,"tiles":[{"id":0,"image":"../maps/assets/collect-obj/gift-circle.png","properties":[{"name":"value","type":"int","value":10}],"type":"gift-circle"},{"id":1,"image":"../maps/assets/collect-obj/gift-heart.png","properties":[{"name":"value","type":"int","value":10}],"type":"gift-heart"},{"id":2,"image":"../maps/assets/collect-obj/gift-square.png","properties":[{"name":"value","type":"int","value":10}],"type":"gift-square"},{"id":3,"image":"../maps/assets/collect-obj/coin.png","properties":[{"name":"value","type":"int","value":1}],"type":"coin"}],"tilewidth":82},{"columns":0,"firstgid":86,"grid":{"height":1,"orientation":"orthogonal","width":1},"margin":0,"name":"decor-obj","spacing":0,"tilecount":6,"tileheight":320,"tiles":[{"id":3,"image":"../maps/assets/decor-obj/handkerchief-1.png","type":"handkerchief-1"},{"id":4,"image":"../maps/assets/decor-obj/handkerchief-2.png","type":"handkerchief-2"},{"id":5,"image":"../maps/assets/decor-obj/handkerchief-3.png","type":"handkerchief-3"},{"id":6,"image":"../maps/assets/decor-obj/handkerchief-4.png","type":"handkerchief-4"},{"id":7,"image":"../maps/assets/decor-obj/handkerchief-5.png","type":"handkerchief-5"},{"id":8,"image":"../maps/assets/decor-obj/handkerchief-6.png","type":"handkerchief-6"}],"tilewidth":693},{"columns":0,"firstgid":95,"grid":{"height":1,"orientation":"orthogonal","width":1},"margin":0,"name":"decor-obj-behind","spacing":0,"tilecount":18,"tileheight":142,"tiles":[{"id":0,"image":"../maps/assets/decor-obj-behind/book-1.png","type":"book-1"},{"id":1,"image":"../maps/assets/decor-obj-behind/book-2.png","type":"book-2"},{"id":2,"image":"../maps/assets/decor-obj-behind/book-3.png","type":"book-3"},{"id":3,"image":"../maps/assets/decor-obj-behind/book-4.png","type":"book-4"},{"id":4,"image":"../maps/assets/decor-obj-behind/book-5.png","type":"book-5"},{"id":5,"image":"../maps/assets/decor-obj-behind/cookies-1.png","type":"cookies-1"},{"id":6,"image":"../maps/assets/decor-obj-behind/cookies-2.png","type":"cookies-2"},{"id":7,"image":"../maps/assets/decor-obj-behind/crayon-blue.png","type":"crayon-blue"},{"id":8,"image":"../maps/assets/decor-obj-behind/crayon-green.png","type":"crayon-green"},{"id":9,"image":"../maps/assets/decor-obj-behind/crayon-pink-yellow.png","type":"crayon-pink-yellow"},{"id":10,"image":"../maps/assets/decor-obj-behind/fork.png","type":"fork"},{"id":11,"image":"../maps/assets/decor-obj-behind/fork-2.png","type":"fork-2"},{"id":12,"image":"../maps/assets/decor-obj-behind/glove.png","type":"glove"},{"id":13,"image":"../maps/assets/decor-obj-behind/knife.png","type":"knife"},{"id":14,"image":"../maps/assets/decor-obj-behind/rolling-pin.png","type":"rolling-pin"},{"id":15,"image":"../maps/assets/decor-obj-behind/sandwich.png","type":"sandwich"},{"id":16,"image":"../maps/assets/decor-obj-behind/spoon.png","type":"spoon"},{"id":17,"image":"../maps/assets/decor-obj-behind/wood-spoon.png","type":"wood-spoon"}],"tilewidth":342},{"columns":0,"firstgid":113,"grid":{"height":1,"orientation":"orthogonal","width":1},"margin":0,"name":"goal-obj","spacing":0,"tilecount":2,"tileheight":192,"tiles":[{"id":0,"image":"../maps/assets/goal-obj/cheese-1.png","type":"cheese-1"},{"id":1,"image":"../maps/assets/goal-obj/cheese-2.png","type":"cheese-2"}],"tilewidth":307},{"columns":0,"firstgid":115,"grid":{"height":1,"orientation":"orthogonal","width":1},"margin":0,"name":"interactable-obj","spacing":0,"tilecount":6,"tileheight":134,"tiles":[{"id":0,"image":"../maps/assets/interactable-obj/blue-button-down.png","properties":[{"name":"triggerID","type":"int","value":0}],"type":"blue-button-down"},{"id":1,"image":"../maps/assets/interactable-obj/blue-button-up.png","properties":[{"name":"triggerID","type":"int","value":0}],"type":"blue-button-up"},{"id":2,"image":"../maps/assets/interactable-obj/joystick.png","properties":[{"name":"triggerID","type":"int","value":0}],"type":"joystick"},{"id":3,"image":"../maps/assets/interactable-obj/joystick-down.png","properties":[{"name":"triggerID","type":"int","value":0}],"type":"joystick-down"},{"id":4,"image":"../maps/assets/interactable-obj/red-button-down.png","properties":[{"name":"triggerID","type":"int","value":0}],"type":"red-button-down"},{"id":5,"image":"../maps/assets/interactable-obj/red-button-up.png","properties":[{"name":"triggerID","type":"int","value":0}],"type":"red-button-up"}],"tilewidth":121},{"columns":0,"firstgid":121,"grid":{"height":1,"orientation":"orthogonal","width":1},"margin":0,"name":"movement-modifier-obj","spacing":0,"tilecount":3,"tileheight":110,"tiles":[{"id":0,"image":"../maps/assets/movement-modifier-obj/boxing.png","properties":[{"name":"direction","type":"string","value":"right"},{"name":"speed","type":"int","value":100}],"type":"boxing"},{"id":1,"image":"../maps/assets/movement-modifier-obj/conveyor.png","properties":[{"name":"direction","type":"string","value":"left"},{"name":"speed","type":"int","value":30}],"type":"conveyor"},{"id":2,"image":"../maps/assets/movement-modifier-obj/liquid.png","type":"liquid"}],"tilewidth":241},{"columns":0,"firstgid":124,"grid":{"height":1,"orientation":"orthogonal","width":1},"margin":0,"name":"moving-obj","spacing":0,"tilecount":2,"tileheight":424,"tiles":[{"id":0,"image":"../maps/assets/moving-obj/icecream-truck.png","type":"icecream-truck"},{"id":1,"image":"../maps/assets/moving-obj/tank.png","type":"tank"}],"tilewidth":564},{"columns":0,"firstgid":126,"grid":{"height":1,"orientation":"orthogonal","width":1},"margin":0,"name":"seethrough-obj","spacing":0,"tilecount":8,"tileheight":165,"tiles":[{"id":0,"image":"../maps/assets/seethrough-obj/crystall-ball.png","type":"crystall-ball"},{"id":1,"image":"../maps/assets/seethrough-obj/empty-bottle-1.png","type":"empty-bottle-1"},{"id":2,"image":"../maps/assets/seethrough-obj/empty-bottle-2.png","type":"empty-bottle-2"},{"id":3,"image":"../maps/assets/seethrough-obj/glass.png","type":"glass"},{"id":4,"image":"../maps/assets/seethrough-obj/glasses.png","type":"glasses"},{"id":5,"image":"../maps/assets/seethrough-obj/king.png","type":"king"},{"id":6,"image":"../maps/assets/seethrough-obj/knight.png","type":"knight"},{"id":7,"image":"../maps/assets/seethrough-obj/queen.png","type":"queen"}],"tilewidth":138},{"columns":0,"firstgid":134,"grid":{"height":1,"orientation":"orthogonal","width":1},"margin":0,"name":"trap-obj","spacing":0,"tilecount":3,"tileheight":445,"tiles":[{"id":0,"image":"../maps/assets/trap-obj/balloon.png","type":"balloon"},{"id":1,"image":"../maps/assets/trap-obj/crab.png","type":"crab"},{"id":2,"image":"../maps/assets/trap-obj/spaceship.png","type":"spaceship"}],"tilewidth":365},{"columns":0,"firstgid":137,"grid":{"height":1,"orientation":"orthogonal","width":1},"margin":0,"name":"players","spacing":0,"tilecount":2,"tileheight":328,"tiles":[{"id":0,"image":"../maps/assets/players/boy.png","type":"watcher"},{"id":1,"image":"../maps/assets/players/mouse.png","type":"player"}],"tilewidth":520},{"columns":4,"firstgid":139,"image":"../maps/assets/tileset/tileset.png","imageheight":116,"imagewidth":116,"margin":0,"name":"tileset","spacing":0,"tilecount":0,"tileheight":29,"tilewidth":29,"transformations":{"hflip":false,"preferuntransformed":true,"rotate":false,"vflip":false}},{"columns":0,"firstgid":139,"grid":{"height":1,"orientation":"orthogonal","width":1},"margin":0,"name":"symbol","spacing":0,"tilecount":10,"tileheight":164,"tiles":[{"id":0,"image":"../maps/assets/symbol/eye.svg","properties":[{"name":"duration","type":"float","value":2}],"type":"watch-trigger"},{"id":1,"image":"../maps/assets/symbol/start.svg","type":"start-point"},{"id":2,"image":"../maps/assets/symbol/stand.svg","properties":[{"name":"duration","type":"float","value":2},{"name":"height-cap","type":"float","value":100}],"type":"stand-trigger"},{"id":3,"image":"../maps/assets/symbol/monkey.png","properties":[{"name":"duration","type":"float","value":5}],"type":"monkey-trigger"},{"id":8,"image":"../maps/assets/symbol/eye_end.png","type":"end-watch-trigger"},{"id":9,"image":"../maps/assets/symbol/rise.png","properties":[{"name":"duration","type":"float","value":0},{"name":"height","type":"int","value":0}],"type":"rise"},{"id":10,"image":"../maps/assets/symbol/stare-trigger.png","properties":[{"name":"beamDuration","type":"float","value":0},{"name":"beamHoldDuration","type":"float","value":0},{"name":"confuseDuration","type":"float","value":0},{"name":"fallDuration","type":"float","value":0},{"name":"winkDuration","type":"float","value":0}],"type":"stare-trigger"},{"id":11,"image":"../maps/assets/symbol/watch-trigger.png","properties":[{"name":"beamDuration","type":"float","value":0},{"name":"beamHoldDuration","type":"float","value":0},{"name":"confuseDuration","type":"float","value":0},{"name":"fallDuration","type":"float","value":0},{"name":"winkDuration","type":"float","value":0}],"type":"watch-trigger"},{"id":12,"image":"../maps/assets/symbol/end-trigger.png","type":"end-trigger"},{"id":13,"image":"../maps/assets/symbol/fall.png","properties":[{"name":"duration","type":"float","value":0},{"name":"height","type":"int","value":0}],"type":"fall"}],"tilewidth":260},{"columns":0,"firstgid":153,"grid":{"height":1,"orientation":"orthogonal","width":1},"margin":0,"name":"speed-modifier-obj","spacing":0,"tilecount":6,"tileheight":55,"tiles":[{"id":0,"image":"../maps/assets/speed-modifier-obj/chocolate.png","properties":[{"name":"speedBonusPercent","type":"float","value":0.5},{"name":"speedDuration","type":"float","value":1}],"type":"chocolate-1"},{"id":2,"image":"../maps/assets/speed-modifier-obj/chocolate-2.png","type":"chocolate-2"},{"id":3,"image":"../maps/assets/speed-modifier-obj/chocolate-3.png","type":"chocolate-3"},{"id":4,"image":"../maps/assets/speed-modifier-obj/chocolate-4.png","type":"chocolate-4"},{"id":5,"image":"../maps/assets/speed-modifier-obj/chocolate-5.png","type":"chocolate-5"},{"id":6,"image":"../maps/assets/speed-modifier-obj/skateboard.png","properties":[{"name":"speedBonusPercent","type":"float","value":2},{"name":"speedDuration","type":"float","value":1.2}],"type":"skateboard"}],"tilewidth":409}],"tilewidth":20,"type":"map","version":"1.6","width":482}