{"compressionlevel":1,"height":30,"infinite":false,"layers":[{"draworder":"topdown","id":34,"name":"watcher","objects":[{"gid":137,"height":164,"id":180,"name":"boy","rotation":0,"type":"watcher","visible":true,"width":260,"x":400,"y":262}],"opacity":1,"type":"objectgroup","visible":false,"x":0,"y":0},{"id":26,"layers":[{"draworder":"topdown","id":18,"name":"decor-obj-behind","objects":[{"gid":21,"height":41,"id":1009,"name":"spoon","rotation":0,"type":"spoon","visible":true,"width":71,"x":808,"y":363},{"gid":19,"height":48,"id":1010,"name":"rolling-pin","rotation":0,"type":"rolling-pin","visible":true,"width":120,"x":1150,"y":367},{"gid":24,"height":43,"id":1630,"name":"fork","rotation":0,"type":"fork","visible":true,"width":76,"x":1465,"y":352},{"gid":31,"height":41,"id":1631,"name":"wood-spoon","rotation":0,"type":"wood-spoon","visible":true,"width":71,"x":1567,"y":364},{"gid":101,"height":30,"id":2191,"name":"cookies-2","rotation":0,"type":"cookies-2","visible":true,"width":92,"x":1878,"y":353},{"gid":100,"height":48,"id":2194,"name":"cookies-1","rotation":0,"type":"cookies-1","visible":true,"width":74,"x":2626,"y":375},{"gid":96,"height":43,"id":2291,"name":"book-2","rotation":0,"type":"book-2","visible":true,"width":118,"x":2220,"y":360},{"gid":103,"height":20,"id":2763,"name":"crayon-green","rotation":0,"type":"crayon-green","visible":true,"width":31,"x":2997,"y":335},{"gid":104,"height":32,"id":2764,"name":"crayon-pink-yellow","rotation":0,"type":"crayon-pink-yellow","visible":true,"width":57,"x":3017,"y":361},{"gid":112,"height":41,"id":2767,"name":"wood-spoon","rotation":0,"type":"wood-spoon","visible":true,"width":71,"x":3578,"y":376},{"gid":100,"height":48,"id":3621,"name":"cookies-1","rotation":0,"type":"cookies-1","visible":true,"width":74,"x":4678,"y":370},{"gid":101,"height":30,"id":3622,"name":"cookies-2","rotation":0,"type":"cookies-2","visible":true,"width":92,"x":5070,"y":364},{"gid":106,"height":43,"id":3719,"name":"fork-2","rotation":0,"type":"fork-2","visible":true,"width":74,"x":4288,"y":361},{"gid":111,"height":41,"id":3720,"name":"spoon","rotation":0,"type":"spoon","visible":true,"width":71,"x":5307,"y":361},{"gid":106,"height":43,"id":4332,"name":"fork-2","rotation":0,"type":"fork-2","visible":true,"width":74,"x":6538,"y":353},{"gid":105,"height":43,"id":4333,"name":"fork","rotation":0,"type":"fork","visible":true,"width":76,"x":6170,"y":354},{"gid":112,"height":41,"id":4334,"name":"wood-spoon","rotation":0,"type":"wood-spoon","visible":true,"width":71,"x":6359,"y":366},{"gid":109,"height":48,"id":5396,"name":"rolling-pin","rotation":0,"type":"rolling-pin","visible":true,"width":120,"x":7759,"y":368},{"gid":107,"height":50,"id":5404,"name":"glove","rotation":0,"type":"glove","visible":true,"width":82,"x":8204,"y":369}],"opacity":1,"type":"objectgroup","visible":true,"x":0,"y":0},{"draworder":"topdown","id":15,"name":"static-obj","objects":[{"gid":68,"height":301,"id":473,"name":"dying-tree","rotation":0,"type":"dying-tree","visible":true,"width":334,"x":290,"y":457},{"gid":128,"height":98,"id":1042,"name":"candy-star","rotation":0,"type":"candy-star","visible":true,"width":97,"x":934,"y":457},{"gid":128,"height":98,"id":1078,"name":"candy-star","rotation":0,"type":"candy-star","visible":true,"width":97,"x":1134,"y":457},{"gid":129,"height":98,"id":1077,"name":"candy-umbrella","rotation":0,"type":"candy-umbrella","visible":true,"width":97,"x":1034,"y":457},{"gid":40,"height":164,"id":2651,"name":"coca","rotation":0,"type":"coca","visible":true,"width":50,"x":3244,"y":457},{"gid":40,"height":164,"id":2652,"name":"coca","rotation":0,"type":"coca","visible":true,"width":50,"x":3461,"y":457},{"gid":38,"height":113,"id":3156,"name":"candy-bottle","rotation":0,"type":"candy-bottle","visible":true,"width":65,"x":3851,"y":457},{"gid":60,"height":148,"id":3169,"name":"toaster","rotation":0,"type":"toaster","visible":true,"width":129,"x":4021,"y":457},{"gid":51,"height":98,"id":3797,"name":"milk-glass","rotation":0,"type":"milk-glass","visible":true,"width":62,"x":5297,"y":457},{"gid":44,"height":74,"id":4121,"name":"eraser","rotation":0,"type":"eraser","visible":true,"width":56,"x":6228,"y":457},{"gid":56,"height":146,"id":4122,"name":"pencil","rotation":0,"type":"pencil","visible":true,"width":20,"x":6148,"y":457},{"gid":44,"height":74,"id":4125,"name":"eraser","rotation":0,"type":"eraser","visible":true,"width":56,"x":6428,"y":457},{"gid":56,"height":146,"id":4126,"name":"pencil","rotation":0,"type":"pencil","visible":true,"width":20,"x":6348,"y":457},{"gid":44,"height":74,"id":4127,"name":"eraser","rotation":0,"type":"eraser","visible":true,"width":56,"x":6628,"y":457},{"gid":56,"height":146,"id":4128,"name":"pencil","rotation":0,"type":"pencil","visible":true,"width":20,"x":6548,"y":457},{"gid":154,"height":184,"id":5066,"name":"spaceship","rotation":0,"type":"spaceship","visible":true,"width":131,"x":7396,"y":457},{"gid":154,"height":184,"id":5064,"name":"spaceship","rotation":0,"type":"spaceship","visible":true,"width":131,"x":6747,"y":457},{"gid":56,"height":146,"id":5684,"name":"pencil","rotation":0,"type":"pencil","visible":true,"width":20,"x":7613,"y":462},{"gid":56,"height":146,"id":5687,"name":"pencil","rotation":0,"type":"pencil","visible":true,"width":20,"x":7712,"y":462},{"gid":56,"height":146,"id":5688,"name":"pencil","rotation":0,"type":"pencil","visible":true,"width":20,"x":7812,"y":462},{"gid":56,"height":146,"id":5689,"name":"pencil","rotation":0,"type":"pencil","visible":true,"width":20,"x":7912,"y":462},{"gid":56,"height":146,"id":5690,"name":"pencil","rotation":0,"type":"pencil","visible":true,"width":20,"x":8011,"y":462},{"gid":56,"height":146,"id":5691,"name":"pencil","rotation":0,"type":"pencil","visible":true,"width":20,"x":8110,"y":462},{"gid":56,"height":146,"id":5692,"name":"pencil","rotation":0,"type":"pencil","visible":true,"width":20,"x":8211,"y":462},{"gid":56,"height":146,"id":5693,"name":"pencil","rotation":0,"type":"pencil","visible":true,"width":20,"x":8310,"y":462},{"gid":56,"height":146,"id":5695,"name":"pencil","rotation":0,"type":"pencil","visible":true,"width":20,"x":8418,"y":462},{"gid":56,"height":146,"id":5696,"name":"pencil","rotation":0,"type":"pencil","visible":true,"width":20,"x":8518,"y":462},{"gid":56,"height":146,"id":5698,"name":"pencil","rotation":0,"type":"pencil","visible":true,"width":20,"x":8617,"y":462},{"gid":56,"height":146,"id":5704,"name":"pencil","rotation":0,"type":"pencil","visible":true,"width":20,"x":8917,"y":462},{"gid":56,"height":146,"id":5699,"name":"pencil","rotation":0,"type":"pencil","visible":true,"width":20,"x":8717,"y":462},{"gid":56,"height":146,"id":5703,"name":"pencil","rotation":0,"type":"pencil","visible":true,"width":20,"x":9016,"y":462},{"gid":56,"height":146,"id":5700,"name":"pencil","rotation":0,"type":"pencil","visible":true,"width":20,"x":8816,"y":462},{"gid":56,"height":146,"id":5702,"name":"pencil","rotation":0,"type":"pencil","visible":true,"width":20,"x":9116,"y":462},{"gid":44,"height":74,"id":5685,"name":"eraser","rotation":0,"type":"eraser","visible":true,"width":56,"x":7644,"y":464},{"gid":44,"height":74,"id":5686,"name":"eraser","rotation":0,"type":"eraser","visible":true,"width":56,"x":7949,"y":464},{"gid":44,"height":74,"id":5694,"name":"eraser","rotation":0,"type":"eraser","visible":true,"width":56,"x":8346,"y":464},{"gid":44,"height":74,"id":5697,"name":"eraser","rotation":0,"type":"eraser","visible":true,"width":56,"x":8549,"y":464},{"gid":44,"height":74,"id":5701,"name":"eraser","rotation":0,"type":"eraser","visible":true,"width":56,"x":8856,"y":464}],"opacity":1,"type":"objectgroup","visible":true,"x":0,"y":0},{"draworder":"topdown","id":45,"name":"collect-obj","objects":[{"gid":4,"height":31,"id":1475,"name":"coin","properties":[{"name":"isMoving","type":"bool","value":true},{"name":"value","type":"int","value":1}],"rotation":0,"type":"coin","visible":true,"width":31,"x":1311,"y":450},{"gid":4,"height":31,"id":1670,"name":"coin","properties":[{"name":"isMoving","type":"bool","value":true},{"name":"value","type":"int","value":1}],"rotation":0,"type":"coin","visible":true,"width":31,"x":1456,"y":450},{"gid":4,"height":31,"id":1476,"name":"coin","properties":[{"name":"isMoving","type":"bool","value":true},{"name":"value","type":"int","value":1}],"rotation":0,"type":"coin","visible":true,"width":31,"x":1360,"y":450},{"gid":4,"height":31,"id":1669,"name":"coin","properties":[{"name":"isMoving","type":"bool","value":true},{"name":"value","type":"int","value":1}],"rotation":0,"type":"coin","visible":true,"width":31,"x":1505,"y":450},{"gid":4,"height":31,"id":1477,"name":"coin","properties":[{"name":"isMoving","type":"bool","value":true},{"name":"value","type":"int","value":1}],"rotation":0,"type":"coin","visible":true,"width":31,"x":1410,"y":450},{"gid":4,"height":31,"id":5052,"name":"coin","properties":[{"name":"isMoving","type":"bool","value":true},{"name":"value","type":"int","value":1}],"rotation":0,"type":"coin","visible":true,"width":31,"x":7003,"y":450},{"gid":4,"height":31,"id":5053,"name":"coin","properties":[{"name":"isMoving","type":"bool","value":true},{"name":"value","type":"int","value":1}],"rotation":0,"type":"coin","visible":true,"width":31,"x":7052,"y":450},{"gid":4,"height":31,"id":5054,"name":"coin","properties":[{"name":"isMoving","type":"bool","value":true},{"name":"value","type":"int","value":1}],"rotation":0,"type":"coin","visible":true,"width":31,"x":7101,"y":450}],"opacity":1,"type":"objectgroup","visible":true,"x":0,"y":0},{"draworder":"topdown","id":50,"name":"sudden-obj","objects":[{"gid":120,"height":65,"id":1727,"name":"fallingBread","rotation":0,"type":"fallingBread","visible":true,"width":123,"x":1626,"y":449}],"opacity":1,"type":"objectgroup","visible":true,"x":0,"y":0},{"draworder":"topdown","id":43,"name":"speed-modifier-obj","objects":[{"gid":170,"height":42,"id":3809,"name":"skateboard","properties":[{"name":"speedBonusPercent","type":"float","value":2},{"name":"speedDuration","type":"float","value":1.2}],"rotation":0,"type":"skateboard","visible":true,"width":101,"x":4286,"y":483}],"opacity":1,"type":"objectgroup","visible":true,"x":0,"y":0},{"draworder":"topdown","id":49,"name":"interactable-obj","objects":[{"gid":39,"height":36,"id":1726,"name":"red-button-up","properties":[{"name":"triggerID","type":"int","value":1727}],"rotation":0,"type":"red-button-up","visible":true,"width":59,"x":1397,"y":481}],"opacity":1,"type":"objectgroup","visible":true,"x":0,"y":0},{"draworder":"topdown","id":51,"name":"trap-obj","objects":[{"gid":62,"height":185,"id":5067,"name":"spaceship","rotation":0,"type":"spaceship","visible":true,"width":134,"x":7241,"y":457},{"gid":62,"height":185,"id":5065,"name":"spaceship","rotation":0,"type":"spaceship","visible":true,"width":134,"x":6899,"y":457}],"opacity":1,"type":"objectgroup","visible":true,"x":0,"y":0},{"draworder":"topdown","id":45,"name":"seethrough-obj","objects":[{"gid":128,"height":162,"id":2717,"name":"empty-bottle-2","rotation":0,"type":"empty-bottle-2","visible":true,"width":52,"x":3135,"y":456},{"gid":128,"height":162,"id":2718,"name":"empty-bottle-2","rotation":0,"type":"empty-bottle-2","visible":true,"width":52,"x":3359,"y":456},{"gid":128,"height":162,"id":2719,"name":"empty-bottle-2","rotation":0,"type":"empty-bottle-2","visible":true,"width":52,"x":3577,"y":456},{"gid":142,"height":121,"id":3787,"name":"crystall-ball","rotation":0,"type":"crystall-ball","visible":true,"width":113,"x":5132,"y":457},{"gid":142,"height":121,"id":3789,"name":"crystall-ball","rotation":0,"type":"crystall-ball","visible":true,"width":113,"x":5417,"y":457},{"gid":145,"height":93,"id":3790,"name":"glass","rotation":0,"type":"glass","visible":true,"width":59,"x":4687,"y":457},{"gid":145,"height":93,"id":3814,"name":"glass","rotation":0,"type":"glass","visible":true,"width":59,"x":5605,"y":457},{"gid":145,"height":93,"id":3791,"name":"glass","rotation":0,"type":"glass","visible":true,"width":59,"x":4836,"y":457},{"gid":145,"height":93,"id":3813,"name":"glass","rotation":0,"type":"glass","visible":true,"width":59,"x":5754,"y":457},{"gid":145,"height":93,"id":3792,"name":"glass","rotation":0,"type":"glass","visible":true,"width":59,"x":4992,"y":457},{"gid":145,"height":93,"id":3812,"name":"glass","rotation":0,"type":"glass","visible":true,"width":59,"x":5910,"y":457}],"opacity":1,"type":"objectgroup","visible":true,"x":0,"y":0},{"draworder":"topdown","id":48,"name":"moving-obj","objects":[{"gid":2147483773,"height":206,"id":2358,"name":"icecream-truck","properties":[{"name":"blockHeight","type":"int","value":70},{"name":"direction","type":"string","value":"left"},{"name":"movingLimit","type":"int","value":300},{"name":"speed","type":"int","value":29}],"rotation":0,"type":"icecream-truck","visible":true,"width":202,"x":2047,"y":459}],"opacity":1,"type":"objectgroup","visible":true,"x":0,"y":0},{"draworder":"topdown","id":21,"name":"movement-modifier-obj","objects":[{"gid":122,"height":37,"id":3159,"name":"conveyor","properties":[{"name":"direction","type":"string","value":"left"},{"name":"speed","type":"int","value":120}],"rotation":0,"type":"conveyor","visible":true,"width":121,"x":3712,"y":488},{"gid":122,"height":37,"id":3162,"name":"conveyor","properties":[{"name":"direction","type":"string","value":"left"},{"name":"speed","type":"int","value":120}],"rotation":0,"type":"conveyor","visible":true,"width":121,"x":3950,"y":488},{"gid":122,"height":37,"id":3188,"name":"conveyor","properties":[{"name":"direction","type":"string","value":"left"},{"name":"speed","type":"int","value":120}],"rotation":0,"type":"conveyor","visible":true,"width":121,"x":4036,"y":488},{"gid":122,"height":37,"id":3158,"name":"conveyor","properties":[{"name":"direction","type":"string","value":"left"},{"name":"speed","type":"int","value":51}],"rotation":0,"type":"conveyor","visible":false,"width":121,"x":3799,"y":488},{"gid":122,"height":37,"id":3161,"name":"conveyor","properties":[{"name":"direction","type":"string","value":"left"},{"name":"speed","type":"int","value":51}],"rotation":0,"type":"conveyor","visible":false,"width":121,"x":4037,"y":488}],"opacity":1,"type":"objectgroup","visible":true,"x":0,"y":0},{"draworder":"topdown","id":19,"name":"goal-obj","objects":[{"gid":113,"height":192,"id":6074,"name":"cheese-1","rotation":0,"type":"cheese-1","visible":true,"width":192,"x":9335,"y":491}],"opacity":1,"type":"objectgroup","visible":true,"x":0,"y":0}],"name":"objects","opacity":1,"type":"group","visible":true,"x":0,"y":0},{"draworder":"topdown","id":33,"name":"player","objects":[{"gid":138,"height":76,"id":486,"name":"mouse","rotation":0,"type":"player","visible":false,"width":63,"x":100.638857782755,"y":471}],"opacity":1,"type":"objectgroup","visible":false,"x":0,"y":0},{"draworder":"topdown","id":40,"name":"symbol","objects":[{"gid":140,"height":100,"id":346,"name":"start-point","rotation":0,"type":"start-point","visible":true,"width":100,"x":190,"y":471},{"gid":155,"height":164,"id":1080,"name":"rise","properties":[{"name":"duration","type":"float","value":1},{"name":"height","type":"int","value":100}],"rotation":0,"type":"rise","visible":true,"width":260,"x":729,"y":471},{"gid":156,"height":164,"id":1081,"name":"stare-trigger","properties":[{"name":"beamDuration","type":"float","value":1},{"name":"beamHoldDuration","type":"float","value":1},{"name":"confuseDuration","type":"float","value":1},{"name":"fallDuration","type":"float","value":0.6},{"name":"winkDuration","type":"float","value":1}],"rotation":0,"type":"stare-trigger","visible":true,"width":260,"x":969,"y":471},{"gid":165,"height":164,"id":2437,"name":"rise","properties":[{"name":"duration","type":"float","value":1},{"name":"height","type":"int","value":100}],"rotation":0,"type":"rise","visible":true,"width":260,"x":1811,"y":471},{"gid":166,"height":164,"id":2438,"name":"stare-trigger","properties":[{"name":"beamDuration","type":"float","value":1},{"name":"beamHoldDuration","type":"float","value":1},{"name":"confuseDuration","type":"float","value":1},{"name":"fallDuration","type":"float","value":0.6},{"name":"winkDuration","type":"float","value":1}],"rotation":0,"type":"stare-trigger","visible":true,"width":260,"x":2051,"y":471},{"gid":160,"height":164,"id":2850,"name":"stare-trigger","properties":[{"name":"beamDuration","type":"float","value":1},{"name":"beamHoldDuration","type":"float","value":3},{"name":"confuseDuration","type":"float","value":1},{"name":"fallDuration","type":"float","value":0.6},{"name":"winkDuration","type":"float","value":1}],"rotation":0,"type":"stare-trigger","visible":true,"width":260,"x":3139,"y":471},{"gid":159,"height":164,"id":2851,"name":"rise","properties":[{"name":"duration","type":"float","value":3.5},{"name":"height","type":"int","value":100}],"rotation":0,"type":"rise","visible":true,"width":260,"x":2788,"y":471},{"gid":160,"height":164,"id":2852,"name":"stare-trigger","properties":[{"name":"beamDuration","type":"float","value":1},{"name":"beamHoldDuration","type":"float","value":2},{"name":"confuseDuration","type":"float","value":1},{"name":"fallDuration","type":"float","value":0.6},{"name":"winkDuration","type":"float","value":1}],"rotation":0,"type":"stare-trigger","visible":false,"width":260,"x":3030,"y":471},{"gid":159,"height":164,"id":3180,"name":"rise","properties":[{"name":"duration","type":"float","value":1},{"name":"height","type":"int","value":100}],"rotation":0,"type":"rise","visible":true,"width":260,"x":3770,"y":471},{"gid":160,"height":164,"id":3181,"name":"stare-trigger","properties":[{"name":"beamDuration","type":"float","value":1},{"name":"beamHoldDuration","type":"float","value":1},{"name":"confuseDuration","type":"float","value":1},{"name":"fallDuration","type":"float","value":0.6},{"name":"winkDuration","type":"float","value":1}],"rotation":0,"type":"stare-trigger","visible":true,"width":260,"x":3955,"y":471},{"gid":180,"height":164,"id":3881,"name":"rise","properties":[{"name":"duration","type":"float","value":1},{"name":"height","type":"int","value":100}],"rotation":0,"type":"rise","visible":false,"width":260,"x":5022,"y":471},{"gid":184,"height":164,"id":3882,"name":"fall","properties":[{"name":"duration","type":"float","value":1},{"name":"height","type":"int","value":0}],"rotation":0,"type":"fall","visible":false,"width":260,"x":5415,"y":471},{"gid":180,"height":164,"id":3883,"name":"rise","properties":[{"name":"duration","type":"float","value":1.5},{"name":"height","type":"int","value":100}],"rotation":0,"type":"rise","visible":true,"width":260,"x":4867,"y":471},{"gid":181,"height":164,"id":3884,"name":"stare-trigger","properties":[{"name":"beamDuration","type":"float","value":1},{"name":"beamHoldDuration","type":"float","value":1},{"name":"confuseDuration","type":"float","value":1},{"name":"fallDuration","type":"float","value":0.6},{"name":"winkDuration","type":"float","value":1}],"rotation":0,"type":"stare-trigger","visible":true,"width":260,"x":5107,"y":471},{"gid":164,"height":164,"id":4423,"name":"rise","properties":[{"name":"duration","type":"float","value":4},{"name":"height","type":"int","value":100}],"rotation":0,"type":"rise","visible":true,"width":260,"x":6028,"y":471},{"gid":165,"height":164,"id":4424,"name":"stare-trigger","properties":[{"name":"beamDuration","type":"float","value":1},{"name":"beamHoldDuration","type":"float","value":1},{"name":"confuseDuration","type":"float","value":1},{"name":"fallDuration","type":"float","value":0.6},{"name":"winkDuration","type":"float","value":1}],"rotation":0,"type":"stare-trigger","visible":true,"width":260,"x":6400,"y":471},{"gid":164,"height":164,"id":5073,"name":"rise","properties":[{"name":"duration","type":"float","value":1},{"name":"height","type":"int","value":100}],"rotation":0,"type":"rise","visible":true,"width":260,"x":6858,"y":471},{"gid":165,"height":164,"id":5074,"name":"stare-trigger","properties":[{"name":"beamDuration","type":"float","value":1},{"name":"beamHoldDuration","type":"float","value":1},{"name":"confuseDuration","type":"float","value":1},{"name":"fallDuration","type":"float","value":0.6},{"name":"winkDuration","type":"float","value":1}],"rotation":0,"type":"stare-trigger","visible":true,"width":260,"x":7297,"y":471},{"gid":164,"height":164,"id":5712,"name":"rise","properties":[{"name":"duration","type":"float","value":1},{"name":"height","type":"int","value":100}],"rotation":0,"type":"rise","visible":true,"width":260,"x":8095,"y":471},{"gid":165,"height":164,"id":5713,"name":"stare-trigger","properties":[{"name":"beamDuration","type":"float","value":1},{"name":"beamHoldDuration","type":"float","value":1},{"name":"confuseDuration","type":"float","value":1},{"name":"fallDuration","type":"float","value":3},{"name":"winkDuration","type":"float","value":1}],"rotation":0,"type":"stare-trigger","visible":true,"width":260,"x":8335,"y":471}],"opacity":1,"type":"objectgroup","visible":true,"x":0,"y":0}],"nextlayerid":51,"nextobjectid":487,"orientation":"orthogonal","renderorder":"right-down","tiledversion":"1.7.1","tileheight":20,"tilesets":[{"columns":0,"firstgid":1,"grid":{"height":1,"orientation":"orthogonal","width":1},"margin":0,"name":"static-obj","spacing":0,"tilecount":49,"tileheight":301,"tiles":[{"id":32,"image":"../maps/assets/static-obj/apple.png","type":"apple"},{"id":33,"image":"../maps/assets/static-obj/ball.png","type":"ball"},{"id":34,"image":"../maps/assets/static-obj/banana.png","type":"banana"},{"id":35,"image":"../maps/assets/static-obj/books.png","type":"books"},{"id":36,"image":"../maps/assets/static-obj/cactus.png","type":"cactus"},{"id":37,"image":"../maps/assets/static-obj/candy-bottle.png","type":"candy-bottle"},{"id":38,"image":"../maps/assets/static-obj/clock.png","type":"clock"},{"id":39,"image":"../maps/assets/static-obj/coca.png","type":"coca"},{"id":40,"image":"../maps/assets/static-obj/cupcake.png","type":"cupcake"},{"id":41,"image":"../maps/assets/static-obj/chest.png","type":"chest"},{"id":42,"image":"../maps/assets/static-obj/chest-2.png","type":"chest-2"},{"id":43,"image":"../maps/assets/static-obj/eraser.png","type":"eraser"},{"id":44,"image":"../maps/assets/static-obj/fries.png","type":"fries"},{"id":45,"image":"../maps/assets/static-obj/gavel-bottle.png","type":"gavel-bottle"},{"id":46,"image":"../maps/assets/static-obj/gummy-candy.png","type":"gummy-candy"},{"id":47,"image":"../maps/assets/static-obj/hamburger.png","type":"hamburger"},{"id":48,"image":"../maps/assets/static-obj/hotdog.png","type":"hotdog"},{"id":49,"image":"../maps/assets/static-obj/milk-bottle.png","type":"milk-bottle"},{"id":50,"image":"../maps/assets/static-obj/milk-glass.png","type":"milk-glass"},{"id":51,"image":"../maps/assets/static-obj/milk-tea.png","type":"milk-tea"},{"id":52,"image":"../maps/assets/static-obj/milk-tea-2.png","type":"milk-tea-2"},{"id":53,"image":"../maps/assets/static-obj/orange.png","type":"orange"},{"id":54,"image":"../maps/assets/static-obj/orange-juice.png","type":"orange-juice"},{"id":55,"image":"../maps/assets/static-obj/pencil.png","type":"pencil"},{"id":56,"image":"../maps/assets/static-obj/sandwiches.png","type":"sandwiches"},{"id":57,"image":"../maps/assets/static-obj/soft-drink-1.png","type":"soft-drink-1"},{"id":58,"image":"../maps/assets/static-obj/sugar-bottle.png","type":"sugar-bottle"},{"id":59,"image":"../maps/assets/static-obj/toaster.png","type":"toaster"},{"id":60,"image":"../maps/assets/static-obj/toy.png","type":"toy"},{"id":61,"image":"../maps/assets/static-obj/watermelon-1.png","type":"watermelon-1"},{"id":62,"image":"../maps/assets/static-obj/watermelon-2.png","type":"watermelon-2"},{"id":63,"image":"../maps/assets/static-obj/candy-star.png","type":"candy-star"},{"id":64,"image":"../maps/assets/static-obj/candy-umbrella.png","type":"candy-umbrella"},{"id":65,"image":"../maps/assets/static-obj/cat-mask.png","type":"cat-mask"},{"id":66,"image":"../maps/assets/static-obj/desk-phone.png","type":"desk-phone"},{"id":67,"image":"../maps/assets/static-obj/dying-tree.png","type":"dying-tree"},{"id":68,"image":"../maps/assets/static-obj/eclock.png","type":"eclock"},{"id":69,"image":"../maps/assets/static-obj/gift-box.png","type":"gift-box"},{"id":70,"image":"../maps/assets/static-obj/marble-ball.png","type":"marble-ball"},{"id":71,"image":"../maps/assets/static-obj/marble-ball-group.png","type":"marble-ball-group"},{"id":72,"image":"../maps/assets/static-obj/origami-bird.png","type":"origami-bird"},{"id":73,"image":"../maps/assets/static-obj/origami-rabbit.png","type":"origami-rabbit"},{"id":74,"image":"../maps/assets/static-obj/piggy-bank.png","type":"piggy-bank"},{"id":75,"image":"../maps/assets/static-obj/square-origami.png","type":"square-origami"},{"id":76,"image":"../maps/assets/static-obj/teddy-bear.png","type":"teddy-bear"},{"id":77,"image":"../maps/assets/static-obj/zippo.png","type":"zippo"},{"id":78,"image":"../../Downloads/x2_2/x2/gameplay/static-obj/balloon.png","type":"balloon"},{"id":79,"image":"../../Downloads/x2_2/x2/gameplay/static-obj/crab.png","type":"crab"},{"id":80,"image":"../../Downloads/x2_2/x2/gameplay/static-obj/spaceship.png","type":"spaceship"}],"tilewidth":334},{"columns":0,"firstgid":82,"grid":{"height":1,"orientation":"orthogonal","width":1},"margin":0,"name":"collect-obj","spacing":0,"tilecount":4,"tileheight":82,"tiles":[{"id":0,"image":"../maps/assets/collect-obj/gift-circle.png","properties":[{"name":"value","type":"int","value":10}],"type":"gift-circle"},{"id":1,"image":"../maps/assets/collect-obj/gift-heart.png","properties":[{"name":"value","type":"int","value":10}],"type":"gift-heart"},{"id":2,"image":"../maps/assets/collect-obj/gift-square.png","properties":[{"name":"value","type":"int","value":10}],"type":"gift-square"},{"id":3,"image":"../maps/assets/collect-obj/coin.png","properties":[{"name":"value","type":"int","value":1}],"type":"coin"}],"tilewidth":82},{"columns":0,"firstgid":86,"grid":{"height":1,"orientation":"orthogonal","width":1},"margin":0,"name":"decor-obj","spacing":0,"tilecount":6,"tileheight":320,"tiles":[{"id":3,"image":"../maps/assets/decor-obj/handkerchief-1.png","type":"handkerchief-1"},{"id":4,"image":"../maps/assets/decor-obj/handkerchief-2.png","type":"handkerchief-2"},{"id":5,"image":"../maps/assets/decor-obj/handkerchief-3.png","type":"handkerchief-3"},{"id":6,"image":"../maps/assets/decor-obj/handkerchief-4.png","type":"handkerchief-4"},{"id":7,"image":"../maps/assets/decor-obj/handkerchief-5.png","type":"handkerchief-5"},{"id":8,"image":"../maps/assets/decor-obj/handkerchief-6.png","type":"handkerchief-6"}],"tilewidth":693},{"columns":0,"firstgid":95,"grid":{"height":1,"orientation":"orthogonal","width":1},"margin":0,"name":"decor-obj-behind","spacing":0,"tilecount":18,"tileheight":142,"tiles":[{"id":0,"image":"../maps/assets/decor-obj-behind/book-1.png","type":"book-1"},{"id":1,"image":"../maps/assets/decor-obj-behind/book-2.png","type":"book-2"},{"id":2,"image":"../maps/assets/decor-obj-behind/book-3.png","type":"book-3"},{"id":3,"image":"../maps/assets/decor-obj-behind/book-4.png","type":"book-4"},{"id":4,"image":"../maps/assets/decor-obj-behind/book-5.png","type":"book-5"},{"id":5,"image":"../maps/assets/decor-obj-behind/cookies-1.png","type":"cookies-1"},{"id":6,"image":"../maps/assets/decor-obj-behind/cookies-2.png","type":"cookies-2"},{"id":7,"image":"../maps/assets/decor-obj-behind/crayon-blue.png","type":"crayon-blue"},{"id":8,"image":"../maps/assets/decor-obj-behind/crayon-green.png","type":"crayon-green"},{"id":9,"image":"../maps/assets/decor-obj-behind/crayon-pink-yellow.png","type":"crayon-pink-yellow"},{"id":10,"image":"../maps/assets/decor-obj-behind/fork.png","type":"fork"},{"id":11,"image":"../maps/assets/decor-obj-behind/fork-2.png","type":"fork-2"},{"id":12,"image":"../maps/assets/decor-obj-behind/glove.png","type":"glove"},{"id":13,"image":"../maps/assets/decor-obj-behind/knife.png","type":"knife"},{"id":14,"image":"../maps/assets/decor-obj-behind/rolling-pin.png","type":"rolling-pin"},{"id":15,"image":"../maps/assets/decor-obj-behind/sandwich.png","type":"sandwich"},{"id":16,"image":"../maps/assets/decor-obj-behind/spoon.png","type":"spoon"},{"id":17,"image":"../maps/assets/decor-obj-behind/wood-spoon.png","type":"wood-spoon"}],"tilewidth":342},{"columns":0,"firstgid":113,"grid":{"height":1,"orientation":"orthogonal","width":1},"margin":0,"name":"goal-obj","spacing":0,"tilecount":2,"tileheight":192,"tiles":[{"id":0,"image":"../maps/assets/goal-obj/cheese-1.png","type":"cheese-1"},{"id":1,"image":"../maps/assets/goal-obj/cheese-2.png","type":"cheese-2"}],"tilewidth":307},{"columns":0,"firstgid":115,"grid":{"height":1,"orientation":"orthogonal","width":1},"margin":0,"name":"interactable-obj","spacing":0,"tilecount":6,"tileheight":134,"tiles":[{"id":0,"image":"../maps/assets/interactable-obj/blue-button-down.png","properties":[{"name":"triggerID","type":"int","value":0}],"type":"blue-button-down"},{"id":1,"image":"../maps/assets/interactable-obj/blue-button-up.png","properties":[{"name":"triggerID","type":"int","value":0}],"type":"blue-button-up"},{"id":2,"image":"../maps/assets/interactable-obj/joystick.png","properties":[{"name":"triggerID","type":"int","value":0}],"type":"joystick"},{"id":3,"image":"../maps/assets/interactable-obj/joystick-down.png","properties":[{"name":"triggerID","type":"int","value":0}],"type":"joystick-down"},{"id":4,"image":"../maps/assets/interactable-obj/red-button-down.png","properties":[{"name":"triggerID","type":"int","value":0}],"type":"red-button-down"},{"id":5,"image":"../maps/assets/interactable-obj/red-button-up.png","properties":[{"name":"triggerID","type":"int","value":0}],"type":"red-button-up"}],"tilewidth":121},{"columns":0,"firstgid":121,"grid":{"height":1,"orientation":"orthogonal","width":1},"margin":0,"name":"movement-modifier-obj","spacing":0,"tilecount":3,"tileheight":110,"tiles":[{"id":0,"image":"../maps/assets/movement-modifier-obj/boxing.png","properties":[{"name":"direction","type":"string","value":"right"},{"name":"speed","type":"int","value":100}],"type":"boxing"},{"id":1,"image":"../maps/assets/movement-modifier-obj/conveyor.png","properties":[{"name":"direction","type":"string","value":"left"},{"name":"speed","type":"int","value":30}],"type":"conveyor"},{"id":2,"image":"../maps/assets/movement-modifier-obj/liquid.png","type":"liquid"}],"tilewidth":241},{"columns":0,"firstgid":124,"grid":{"height":1,"orientation":"orthogonal","width":1},"margin":0,"name":"moving-obj","spacing":0,"tilecount":2,"tileheight":424,"tiles":[{"id":0,"image":"../maps/assets/moving-obj/icecream-truck.png","type":"icecream-truck"},{"id":1,"image":"../maps/assets/moving-obj/tank.png","type":"tank"}],"tilewidth":564},{"columns":0,"firstgid":126,"grid":{"height":1,"orientation":"orthogonal","width":1},"margin":0,"name":"seethrough-obj","spacing":0,"tilecount":8,"tileheight":165,"tiles":[{"id":0,"image":"../maps/assets/seethrough-obj/crystall-ball.png","type":"crystall-ball"},{"id":1,"image":"../maps/assets/seethrough-obj/empty-bottle-1.png","type":"empty-bottle-1"},{"id":2,"image":"../maps/assets/seethrough-obj/empty-bottle-2.png","type":"empty-bottle-2"},{"id":3,"image":"../maps/assets/seethrough-obj/glass.png","type":"glass"},{"id":4,"image":"../maps/assets/seethrough-obj/glasses.png","type":"glasses"},{"id":5,"image":"../maps/assets/seethrough-obj/king.png","type":"king"},{"id":6,"image":"../maps/assets/seethrough-obj/knight.png","type":"knight"},{"id":7,"image":"../maps/assets/seethrough-obj/queen.png","type":"queen"}],"tilewidth":138},{"columns":0,"firstgid":134,"grid":{"height":1,"orientation":"orthogonal","width":1},"margin":0,"name":"trap-obj","spacing":0,"tilecount":3,"tileheight":445,"tiles":[{"id":0,"image":"../maps/assets/trap-obj/balloon.png","type":"balloon"},{"id":1,"image":"../maps/assets/trap-obj/crab.png","type":"crab"},{"id":2,"image":"../maps/assets/trap-obj/spaceship.png","type":"spaceship"}],"tilewidth":365},{"columns":0,"firstgid":137,"grid":{"height":1,"orientation":"orthogonal","width":1},"margin":0,"name":"players","spacing":0,"tilecount":2,"tileheight":328,"tiles":[{"id":0,"image":"../maps/assets/players/boy.png","type":"watcher"},{"id":1,"image":"../maps/assets/players/mouse.png","type":"player"}],"tilewidth":520},{"columns":4,"firstgid":139,"image":"../maps/assets/tileset/tileset.png","imageheight":116,"imagewidth":116,"margin":0,"name":"tileset","spacing":0,"tilecount":0,"tileheight":29,"tilewidth":29,"transformations":{"hflip":false,"preferuntransformed":true,"rotate":false,"vflip":false}},{"columns":0,"firstgid":139,"grid":{"height":1,"orientation":"orthogonal","width":1},"margin":0,"name":"symbol","spacing":0,"tilecount":10,"tileheight":164,"tiles":[{"id":0,"image":"../maps/assets/symbol/eye.svg","properties":[{"name":"duration","type":"float","value":2}],"type":"watch-trigger"},{"id":1,"image":"../maps/assets/symbol/start.svg","type":"start-point"},{"id":2,"image":"../maps/assets/symbol/stand.svg","properties":[{"name":"duration","type":"float","value":2},{"name":"height-cap","type":"float","value":100}],"type":"stand-trigger"},{"id":3,"image":"../maps/assets/symbol/monkey.png","properties":[{"name":"duration","type":"float","value":5}],"type":"monkey-trigger"},{"id":8,"image":"../maps/assets/symbol/eye_end.png","type":"end-watch-trigger"},{"id":9,"image":"../maps/assets/symbol/rise.png","properties":[{"name":"duration","type":"float","value":0},{"name":"height","type":"int","value":0}],"type":"rise"},{"id":10,"image":"../maps/assets/symbol/stare-trigger.png","properties":[{"name":"beamDuration","type":"float","value":0},{"name":"beamHoldDuration","type":"float","value":0},{"name":"confuseDuration","type":"float","value":0},{"name":"fallDuration","type":"float","value":0},{"name":"winkDuration","type":"float","value":0}],"type":"stare-trigger"},{"id":11,"image":"../maps/assets/symbol/watch-trigger.png","properties":[{"name":"beamDuration","type":"float","value":0},{"name":"beamHoldDuration","type":"float","value":0},{"name":"confuseDuration","type":"float","value":0},{"name":"fallDuration","type":"float","value":0},{"name":"winkDuration","type":"float","value":0}],"type":"watch-trigger"},{"id":12,"image":"../maps/assets/symbol/end-trigger.png","type":"end-trigger"},{"id":13,"image":"../maps/assets/symbol/fall.png","properties":[{"name":"duration","type":"float","value":0},{"name":"height","type":"int","value":0}],"type":"fall"}],"tilewidth":260},{"columns":0,"firstgid":153,"grid":{"height":1,"orientation":"orthogonal","width":1},"margin":0,"name":"speed-modifier-obj","spacing":0,"tilecount":6,"tileheight":55,"tiles":[{"id":0,"image":"../maps/assets/speed-modifier-obj/chocolate.png","properties":[{"name":"speedBonusPercent","type":"float","value":0.5},{"name":"speedDuration","type":"float","value":1}],"type":"chocolate-1"},{"id":2,"image":"../maps/assets/speed-modifier-obj/chocolate-2.png","type":"chocolate-2"},{"id":3,"image":"../maps/assets/speed-modifier-obj/chocolate-3.png","type":"chocolate-3"},{"id":4,"image":"../maps/assets/speed-modifier-obj/chocolate-4.png","type":"chocolate-4"},{"id":5,"image":"../maps/assets/speed-modifier-obj/chocolate-5.png","type":"chocolate-5"},{"id":6,"image":"../maps/assets/speed-modifier-obj/skateboard.png","properties":[{"name":"speedBonusPercent","type":"float","value":2},{"name":"speedDuration","type":"float","value":1.2}],"type":"skateboard"}],"tilewidth":409}],"tilewidth":20,"type":"map","version":"1.6","width":482}