{"compressionlevel":1,"height":30,"infinite":false,"layers":[{"draworder":"topdown","id":34,"name":"watcher","objects":[{"gid":156,"height":164,"id":180,"name":"boy","rotation":0,"type":"watcher","visible":true,"width":260,"x":400,"y":262}],"opacity":1,"type":"objectgroup","visible":false,"x":0,"y":0},{"id":26,"layers":[{"draworder":"topdown","id":17,"name":"decor-obj","objects":[{"gid":86,"height":160,"id":119,"name":"handkerchief-1","rotation":0,"type":"handkerchief-1","visible":true,"width":347,"x":69,"y":541},{"gid":87,"height":160,"id":120,"name":"handkerchief-2","rotation":0,"type":"handkerchief-2","visible":false,"width":345,"x":69,"y":541},{"gid":88,"height":160,"id":121,"name":"handkerchief-3","rotation":0,"type":"handkerchief-3","visible":false,"width":346,"x":69,"y":541},{"gid":89,"height":160,"id":122,"name":"handkerchief-4","rotation":0,"type":"handkerchief-4","visible":false,"width":344,"x":69,"y":541},{"gid":90,"height":160,"id":123,"name":"handkerchief-5","rotation":0,"type":"handkerchief-5","visible":false,"width":344,"x":69,"y":541},{"gid":91,"height":160,"id":124,"name":"handkerchief-6","rotation":0,"type":"handkerchief-6","visible":false,"width":344,"x":69,"y":541}],"opacity":1,"type":"objectgroup","visible":true,"x":0,"y":0},{"draworder":"topdown","id":18,"name":"decor-obj-behind","objects":[{"gid":106,"height":48,"id":253,"name":"rolling-pin","rotation":0,"type":"rolling-pin","visible":true,"width":120,"x":1425,"y":358},{"gid":92,"height":46,"id":254,"name":"book-1","rotation":0,"type":"book-1","visible":true,"width":116,"x":2465,"y":356},{"gid":93,"height":43,"id":255,"name":"book-2","rotation":0,"type":"book-2","visible":true,"width":118,"x":2710,"y":354},{"gid":94,"height":41,"id":256,"name":"book-3","rotation":0,"type":"book-3","visible":true,"width":111,"x":2957,"y":353},{"gid":95,"height":39,"id":257,"name":"book-4","rotation":0,"type":"book-4","visible":true,"width":106,"x":3176,"y":349},{"gid":96,"height":39,"id":258,"name":"book-5","rotation":0,"type":"book-5","visible":true,"width":99,"x":3413,"y":353},{"gid":97,"height":48,"id":259,"name":"cookies-1","rotation":0,"type":"cookies-1","visible":true,"width":74,"x":2039,"y":359},{"gid":98,"height":30,"id":260,"name":"cookies-2","rotation":0,"type":"cookies-2","visible":true,"width":92,"x":2242,"y":349},{"gid":100,"height":20,"id":261,"name":"crayon-green","rotation":0,"type":"crayon-green","visible":true,"width":31,"x":1771,"y":325},{"gid":101,"height":32,"id":262,"name":"crayon-pink-yellow","rotation":0,"type":"crayon-pink-yellow","visible":true,"width":57,"x":1878,"y":351},{"gid":99,"height":28,"id":263,"name":"crayon-blue","rotation":0,"type":"crayon-blue","visible":true,"width":26,"x":1641,"y":352},{"gid":105,"height":48,"id":264,"name":"knife","rotation":0,"type":"knife","visible":true,"width":47,"x":1301,"y":356},{"gid":103,"height":43,"id":265,"name":"fork-2","rotation":0,"type":"fork-2","visible":true,"width":74,"x":1110,"y":353},{"gid":102,"height":43,"id":266,"name":"fork","rotation":0,"type":"fork","visible":true,"width":76,"x":742,"y":354},{"gid":109,"height":41,"id":267,"name":"wood-spoon","rotation":0,"type":"wood-spoon","visible":true,"width":71,"x":931,"y":366},{"gid":108,"height":41,"id":268,"name":"spoon","rotation":0,"type":"spoon","visible":true,"width":71,"x":576,"y":355},{"gid":104,"height":50,"id":269,"name":"glove","rotation":0,"type":"glove","visible":true,"width":82,"x":387,"y":359},{"gid":107,"height":32,"id":270,"name":"sandwich","rotation":0,"type":"sandwich","visible":true,"width":62,"x":210,"y":347},{"gid":106,"height":48,"id":328,"name":"rolling-pin","rotation":0,"type":"rolling-pin","visible":true,"width":120,"x":4905,"y":358},{"gid":92,"height":46,"id":329,"name":"book-1","rotation":0,"type":"book-1","visible":true,"width":116,"x":5945,"y":356},{"gid":93,"height":43,"id":330,"name":"book-2","rotation":0,"type":"book-2","visible":true,"width":118,"x":6190,"y":354},{"gid":94,"height":41,"id":331,"name":"book-3","rotation":0,"type":"book-3","visible":true,"width":111,"x":6437,"y":353},{"gid":95,"height":39,"id":332,"name":"book-4","rotation":0,"type":"book-4","visible":true,"width":106,"x":6656,"y":349},{"gid":96,"height":39,"id":333,"name":"book-5","rotation":0,"type":"book-5","visible":true,"width":99,"x":6893,"y":353},{"gid":97,"height":48,"id":334,"name":"cookies-1","rotation":0,"type":"cookies-1","visible":true,"width":74,"x":5519,"y":359},{"gid":98,"height":30,"id":335,"name":"cookies-2","rotation":0,"type":"cookies-2","visible":true,"width":92,"x":5722,"y":349},{"gid":100,"height":20,"id":336,"name":"crayon-green","rotation":0,"type":"crayon-green","visible":true,"width":31,"x":5251,"y":325},{"gid":101,"height":32,"id":337,"name":"crayon-pink-yellow","rotation":0,"type":"crayon-pink-yellow","visible":true,"width":57,"x":5358,"y":351},{"gid":99,"height":28,"id":338,"name":"crayon-blue","rotation":0,"type":"crayon-blue","visible":true,"width":26,"x":5121,"y":352},{"gid":105,"height":48,"id":339,"name":"knife","rotation":0,"type":"knife","visible":true,"width":47,"x":4781,"y":356},{"gid":103,"height":43,"id":340,"name":"fork-2","rotation":0,"type":"fork-2","visible":true,"width":74,"x":4590,"y":353},{"gid":102,"height":43,"id":341,"name":"fork","rotation":0,"type":"fork","visible":true,"width":76,"x":4222,"y":354},{"gid":109,"height":41,"id":342,"name":"wood-spoon","rotation":0,"type":"wood-spoon","visible":true,"width":71,"x":4411,"y":366},{"gid":108,"height":41,"id":343,"name":"spoon","rotation":0,"type":"spoon","visible":true,"width":71,"x":4056,"y":355},{"gid":104,"height":50,"id":344,"name":"glove","rotation":0,"type":"glove","visible":true,"width":82,"x":3867,"y":359},{"gid":107,"height":32,"id":345,"name":"sandwich","rotation":0,"type":"sandwich","visible":true,"width":62,"x":3690,"y":347},{"gid":106,"height":48,"id":382,"name":"rolling-pin","rotation":0,"type":"rolling-pin","visible":true,"width":120,"x":8356,"y":358},{"gid":100,"height":20,"id":390,"name":"crayon-green","rotation":0,"type":"crayon-green","visible":true,"width":31,"x":8702,"y":325},{"gid":99,"height":28,"id":392,"name":"crayon-blue","rotation":0,"type":"crayon-blue","visible":true,"width":26,"x":8572,"y":352},{"gid":105,"height":48,"id":393,"name":"knife","rotation":0,"type":"knife","visible":true,"width":47,"x":8232,"y":356},{"gid":103,"height":43,"id":394,"name":"fork-2","rotation":0,"type":"fork-2","visible":true,"width":74,"x":8041,"y":353},{"gid":102,"height":43,"id":395,"name":"fork","rotation":0,"type":"fork","visible":true,"width":76,"x":7673,"y":354},{"gid":109,"height":41,"id":396,"name":"wood-spoon","rotation":0,"type":"wood-spoon","visible":true,"width":71,"x":7862,"y":366},{"gid":108,"height":41,"id":397,"name":"spoon","rotation":0,"type":"spoon","visible":true,"width":71,"x":7507,"y":355},{"gid":104,"height":50,"id":398,"name":"glove","rotation":0,"type":"glove","visible":true,"width":82,"x":7318,"y":359},{"gid":107,"height":32,"id":399,"name":"sandwich","rotation":0,"type":"sandwich","visible":true,"width":62,"x":7141,"y":347}],"opacity":1,"type":"objectgroup","visible":true,"x":0,"y":0},{"draworder":"topdown","id":19,"name":"goal-obj","objects":[{"gid":111,"height":173,"id":112,"name":"cheese-2","rotation":0,"type":"cheese-2","visible":true,"width":260,"x":8469,"y":492}],"opacity":1,"type":"objectgroup","visible":true,"x":0,"y":0},{"draworder":"topdown","id":22,"name":"moving-obj","objects":[],"opacity":1,"type":"objectgroup","visible":true,"x":0,"y":0},{"draworder":"topdown","id":25,"name":"trap-obj","objects":[],"opacity":1,"type":"objectgroup","visible":true,"x":0,"y":0},{"draworder":"topdown","id":23,"name":"seethrough-obj","objects":[{"gid":143,"height":130,"id":485,"name":"king","rotation":0,"type":"king","visible":true,"width":50,"x":8042,"y":457},{"gid":144,"height":92,"id":486,"name":"knight","rotation":0,"type":"knight","visible":true,"width":45,"x":8110,"y":457},{"gid":145,"height":111,"id":487,"name":"queen","rotation":0,"type":"queen","visible":true,"width":50,"x":8173,"y":457}],"opacity":1,"type":"objectgroup","visible":true,"x":0,"y":0},{"draworder":"topdown","id":15,"name":"static-obj","objects":[{"gid":51,"height":104,"id":161,"name":"milk-glass","rotation":0,"type":"milk-glass","visible":true,"width":68,"x":204,"y":457},{"gid":64,"height":98,"id":470,"name":"candy-star","rotation":0,"type":"candy-star","visible":true,"width":97,"x":780,"y":457},{"gid":65,"height":98,"id":471,"name":"candy-umbrella","rotation":0,"type":"candy-umbrella","visible":true,"width":97,"x":897,"y":457},{"gid":66,"height":118,"id":472,"name":"cat-mask","rotation":0,"type":"cat-mask","visible":true,"width":127,"x":1473,"y":457},{"gid":67,"height":146,"id":473,"name":"desk-phone","rotation":0,"type":"desk-phone","visible":true,"width":200,"x":1607,"y":457},{"gid":68,"height":301,"id":474,"name":"dying-tree","rotation":0,"type":"dying-tree","visible":true,"width":334,"x":2099,"y":457},{"gid":69,"height":71,"id":475,"name":"eclock","rotation":0,"type":"eclock","visible":true,"width":134,"x":2978,"y":457},{"gid":70,"height":100,"id":476,"name":"gift-box","rotation":0,"type":"gift-box","visible":true,"width":104,"x":3851,"y":457},{"gid":71,"height":91,"id":477,"name":"marble-ball","rotation":0,"type":"marble-ball","visible":true,"width":95,"x":4512,"y":457},{"gid":72,"height":95,"id":478,"name":"marble-ball-group","rotation":0,"type":"marble-ball-group","visible":true,"width":100,"x":4625,"y":457},{"gid":73,"height":106,"id":479,"name":"origami-bird","rotation":0,"type":"origami-bird","visible":true,"width":139,"x":5368,"y":457},{"gid":74,"height":142,"id":480,"name":"origami-rabbit","rotation":0,"type":"origami-rabbit","visible":true,"width":84,"x":5518,"y":457},{"gid":75,"height":93,"id":481,"name":"piggy-bank","rotation":0,"type":"piggy-bank","visible":true,"width":120,"x":6242,"y":457},{"gid":76,"height":82,"id":482,"name":"square-origami","rotation":0,"type":"square-origami","visible":true,"width":132,"x":7141,"y":457},{"gid":77,"height":161,"id":483,"name":"teddy-bear","rotation":0,"type":"teddy-bear","visible":true,"width":138,"x":7896,"y":457},{"gid":78,"height":83,"id":484,"name":"zippo","rotation":0,"type":"zippo","visible":true,"width":59,"x":8235,"y":457}],"opacity":1,"type":"objectgroup","visible":true,"x":0,"y":0},{"draworder":"topdown","id":42,"name":"sudden-obj","objects":[],"opacity":1,"type":"objectgroup","visible":true,"x":0,"y":0},{"draworder":"topdown","id":24,"name":"speed-modifier-obj","objects":[],"opacity":1,"type":"objectgroup","visible":true,"x":0,"y":0},{"draworder":"topdown","id":21,"name":"movement-modifier-obj","objects":[],"opacity":1,"type":"objectgroup","visible":true,"x":0,"y":0},{"draworder":"topdown","id":20,"name":"interactable-obj","objects":[{"gid":112,"height":32,"id":107,"name":"blue-button-down","properties":[{"name":"triggerID","type":"int","value":0}],"rotation":0,"type":"blue-button-down","visible":false,"width":59,"x":1378,"y":481},{"gid":116,"height":33,"id":109,"name":"red-button-down","properties":[{"name":"triggerID","type":"int","value":0}],"rotation":0,"type":"red-button-down","visible":false,"width":59,"x":1253,"y":481},{"gid":115,"height":59,"id":111,"name":"joystick-down","properties":[{"name":"triggerID","type":"int","value":0}],"rotation":0,"type":"joystick-down","visible":false,"width":61,"x":1091,"y":476}],"opacity":1,"type":"objectgroup","visible":true,"x":0,"y":0},{"draworder":"topdown","id":16,"name":"collect-obj","objects":[{"gid":82,"height":31,"id":457,"name":"coin","properties":[{"name":"isMoving","type":"bool","value":true},{"name":"value","type":"int","value":1}],"rotation":0,"type":"coin","visible":false,"width":31,"x":563.7,"y":450},{"gid":82,"height":31,"id":458,"name":"coin","properties":[{"name":"isMoving","type":"bool","value":true},{"name":"value","type":"int","value":1}],"rotation":0,"type":"coin","visible":false,"width":31,"x":597.7,"y":450},{"gid":82,"height":31,"id":459,"name":"coin","properties":[{"name":"isMoving","type":"bool","value":true},{"name":"value","type":"int","value":1}],"rotation":0,"type":"coin","visible":false,"width":31,"x":632.7,"y":450},{"gid":82,"height":31,"id":466,"name":"coin","properties":[{"name":"isMoving","type":"bool","value":true},{"name":"value","type":"int","value":1}],"rotation":0,"type":"coin","visible":false,"width":31,"x":667.7,"y":450},{"gid":82,"height":31,"id":467,"name":"coin","properties":[{"name":"isMoving","type":"bool","value":true},{"name":"value","type":"int","value":1}],"rotation":0,"type":"coin","visible":false,"width":31,"x":702.7,"y":450}],"opacity":1,"type":"objectgroup","visible":true,"x":0,"y":0}],"name":"objects","opacity":1,"type":"group","visible":true,"x":0,"y":0},{"draworder":"topdown","id":33,"name":"player","objects":[{"gid":157,"height":76,"id":181,"name":"mouse","rotation":0,"type":"player","visible":true,"width":63,"x":2127,"y":467}],"opacity":1,"type":"objectgroup","visible":true,"x":0,"y":0},{"draworder":"topdown","id":40,"name":"symbol","objects":[{"gid":175,"height":100,"id":202,"name":"start-point","rotation":0,"type":"start-point","visible":true,"width":100,"x":190,"y":471},{"gid":176,"height":100,"id":204,"name":"stand-trigger","properties":[{"name":"duration","type":"float","value":2},{"name":"height-cap","type":"float","value":100}],"rotation":0,"type":"stand-trigger","visible":true,"width":100,"x":346,"y":471},{"gid":174,"height":100,"id":301,"name":"stare-trigger","properties":[{"name":"duration","type":"float","value":2},{"name":"watch-trigger-type","type":"string","value":"straight"}],"rotation":0,"type":"stare-trigger","visible":true,"width":100,"x":486,"y":471},{"gid":174,"height":100,"id":488,"name":"stare-trigger","properties":[{"name":"duration","type":"float","value":2},{"name":"watch-trigger-type","type":"string","value":"straight"}],"rotation":0,"type":"stare-trigger","visible":true,"width":100,"x":1356,"y":471},{"gid":174,"height":100,"id":489,"name":"stare-trigger","properties":[{"name":"duration","type":"float","value":2},{"name":"watch-trigger-type","type":"string","value":"straight"}],"rotation":0,"type":"stare-trigger","visible":true,"width":100,"x":2052,"y":471},{"gid":174,"height":100,"id":490,"name":"stare-trigger","properties":[{"name":"duration","type":"float","value":2},{"name":"watch-trigger-type","type":"string","value":"straight"}],"rotation":0,"type":"stare-trigger","visible":true,"width":100,"x":2845,"y":471},{"gid":174,"height":100,"id":491,"name":"stare-trigger","properties":[{"name":"duration","type":"float","value":2},{"name":"watch-trigger-type","type":"string","value":"straight"}],"rotation":0,"type":"stare-trigger","visible":true,"width":100,"x":3686,"y":471},{"gid":174,"height":100,"id":492,"name":"stare-trigger","properties":[{"name":"duration","type":"float","value":2},{"name":"watch-trigger-type","type":"string","value":"straight"}],"rotation":0,"type":"stare-trigger","visible":true,"width":100,"x":4353,"y":471},{"gid":174,"height":100,"id":493,"name":"stare-trigger","properties":[{"name":"duration","type":"float","value":2},{"name":"watch-trigger-type","type":"string","value":"straight"}],"rotation":0,"type":"stare-trigger","visible":true,"width":100,"x":5223,"y":471},{"gid":174,"height":100,"id":494,"name":"stare-trigger","properties":[{"name":"duration","type":"float","value":2},{"name":"watch-trigger-type","type":"string","value":"straight"}],"rotation":0,"type":"stare-trigger","visible":true,"width":100,"x":6093,"y":471},{"gid":174,"height":100,"id":495,"name":"stare-trigger","properties":[{"name":"duration","type":"float","value":2},{"name":"watch-trigger-type","type":"string","value":"straight"}],"rotation":0,"type":"stare-trigger","visible":true,"width":100,"x":6992,"y":471},{"gid":174,"height":100,"id":496,"name":"stare-trigger","properties":[{"name":"duration","type":"float","value":2},{"name":"watch-trigger-type","type":"string","value":"straight"}],"rotation":0,"type":"stare-trigger","visible":true,"width":100,"x":7746,"y":471},{"gid":174,"height":100,"id":447,"name":"watch-trigger","properties":[{"name":"duration","type":"float","value":10},{"name":"watch-trigger-type","type":"string","value":"straight"}],"rotation":0,"type":"watch-trigger","visible":false,"width":100,"x":190,"y":471},{"gid":182,"height":100,"id":448,"name":"end-watch-trigger","rotation":0,"type":"end-watch-trigger","visible":false,"width":100,"x":190,"y":471}],"opacity":1,"type":"objectgroup","visible":true,"x":0,"y":0}],"nextlayerid":43,"nextobjectid":497,"orientation":"orthogonal","renderorder":"right-down","tiledversion":"1.7.2","tileheight":29,"tilesets":[{"columns":0,"firstgid":1,"grid":{"height":1,"orientation":"orthogonal","width":1},"margin":0,"name":"static-obj","spacing":0,"tilecount":46,"tileheight":301,"tiles":[{"id":32,"image":"assets/static-obj/apple.png","imageheight":120,"imagewidth":105,"type":"apple"},{"id":33,"image":"assets/static-obj/ball.png","imageheight":173,"imagewidth":170,"type":"ball"},{"id":34,"image":"assets/static-obj/banana.png","imageheight":108,"imagewidth":162,"type":"banana"},{"id":35,"image":"assets/static-obj/books.png","imageheight":135,"imagewidth":164,"type":"books"},{"id":36,"image":"assets/static-obj/cactus.png","imageheight":140,"imagewidth":103,"type":"cactus"},{"id":37,"image":"assets/static-obj/candy-bottle.png","imageheight":111,"imagewidth":63,"type":"candy-bottle"},{"id":38,"image":"assets/static-obj/clock.png","imageheight":126,"imagewidth":96,"type":"clock"},{"id":39,"image":"assets/static-obj/coca.png","imageheight":167,"imagewidth":51,"type":"coca"},{"id":40,"image":"assets/static-obj/cupcake.png","imageheight":112,"imagewidth":87,"type":"cupcake"},{"id":41,"image":"assets/static-obj/chest.png","imageheight":120,"imagewidth":142,"type":"chest"},{"id":42,"image":"assets/static-obj/chest-2.png","imageheight":141,"imagewidth":166,"type":"chest-2"},{"id":43,"image":"assets/static-obj/eraser.png","imageheight":62,"imagewidth":46,"type":"eraser"},{"id":44,"image":"assets/static-obj/fries.png","imageheight":108,"imagewidth":81,"type":"fries"},{"id":45,"image":"assets/static-obj/gavel-bottle.png","imageheight":110,"imagewidth":52,"type":"gavel-bottle"},{"id":46,"image":"assets/static-obj/gummy-candy.png","imageheight":108,"imagewidth":77,"type":"gummy-candy"},{"id":47,"image":"assets/static-obj/hamburger.png","imageheight":101,"imagewidth":103,"type":"hamburger"},{"id":48,"image":"assets/static-obj/hotdog.png","imageheight":101,"imagewidth":132,"type":"hotdog"},{"id":49,"image":"assets/static-obj/milk-bottle.png","imageheight":169,"imagewidth":140,"type":"milk-bottle"},{"id":50,"image":"assets/static-obj/milk-glass.png","imageheight":104,"imagewidth":68,"type":"milk-glass"},{"id":51,"image":"assets/static-obj/milk-tea.png","imageheight":134,"imagewidth":82,"type":"milk-tea"},{"id":52,"image":"assets/static-obj/milk-tea-2.png","imageheight":90,"imagewidth":140,"type":"milk-tea-2"},{"id":53,"image":"assets/static-obj/orange.png","imageheight":110,"imagewidth":101,"type":"orange"},{"id":54,"image":"assets/static-obj/orange-juice.png","imageheight":168,"imagewidth":57,"type":"orange-juice"},{"id":55,"image":"assets/static-obj/pencil.png","imageheight":101,"imagewidth":14,"type":"pencil"},{"id":56,"image":"assets/static-obj/sandwiches.png","imageheight":141,"imagewidth":125,"type":"sandwiches"},{"id":57,"image":"assets/static-obj/soft-drink-1.png","imageheight":166,"imagewidth":60,"type":"soft-drink-1"},{"id":58,"image":"assets/static-obj/sugar-bottle.png","imageheight":110,"imagewidth":61,"type":"sugar-bottle"},{"id":59,"image":"assets/static-obj/toaster.png","imageheight":168,"imagewidth":145,"type":"toaster"},{"id":60,"image":"assets/static-obj/toy.png","imageheight":146,"imagewidth":221,"type":"toy"},{"id":61,"image":"assets/static-obj/watermelon-1.png","imageheight":107,"imagewidth":92,"type":"watermelon-1"},{"id":62,"image":"assets/static-obj/watermelon-2.png","imageheight":85,"imagewidth":110,"type":"watermelon-2"},{"id":63,"image":"assets/static-obj/candy-star.png","imageheight":98,"imagewidth":97,"type":"candy-star"},{"id":64,"image":"assets/static-obj/candy-umbrella.png","imageheight":98,"imagewidth":97,"type":"candy-umbrella"},{"id":65,"image":"assets/static-obj/cat-mask.png","imageheight":118,"imagewidth":127,"type":"cat-mask"},{"id":66,"image":"assets/static-obj/desk-phone.png","imageheight":146,"imagewidth":200,"type":"desk-phone"},{"id":67,"image":"assets/static-obj/dying-tree.png","imageheight":301,"imagewidth":334,"type":"dying-tree"},{"id":68,"image":"assets/static-obj/eclock.png","imageheight":71,"imagewidth":134,"type":"eclock"},{"id":69,"image":"assets/static-obj/gift-box.png","imageheight":100,"imagewidth":104,"type":"gift-box"},{"id":70,"image":"assets/static-obj/marble-ball.png","imageheight":91,"imagewidth":95,"type":"marble-ball"},{"id":71,"image":"assets/static-obj/marble-ball-group.png","imageheight":95,"imagewidth":100,"type":"marble-ball-group"},{"id":72,"image":"assets/static-obj/origami-bird.png","imageheight":106,"imagewidth":139,"type":"origami-bird"},{"id":73,"image":"assets/static-obj/origami-rabbit.png","imageheight":142,"imagewidth":84,"type":"origami-rabbit"},{"id":74,"image":"assets/static-obj/piggy-bank.png","imageheight":93,"imagewidth":120,"type":"piggy-bank"},{"id":75,"image":"assets/static-obj/square-origami.png","imageheight":82,"imagewidth":132,"type":"square-origami"},{"id":76,"image":"assets/static-obj/teddy-bear.png","imageheight":161,"imagewidth":138,"type":"teddy-bear"},{"id":77,"image":"assets/static-obj/zippo.png","imageheight":83,"imagewidth":59,"type":"zippo"}],"tilewidth":334},{"columns":0,"firstgid":79,"grid":{"height":1,"orientation":"orthogonal","width":1},"margin":0,"name":"collect-obj","spacing":0,"tilecount":4,"tileheight":82,"tiles":[{"id":0,"image":"assets/collect-obj/gift-circle.png","imageheight":58,"imagewidth":56,"properties":[{"name":"value","type":"int","value":10}],"type":"gift-circle"},{"id":1,"image":"assets/collect-obj/gift-heart.png","imageheight":51,"imagewidth":51,"properties":[{"name":"value","type":"int","value":10}],"type":"gift-heart"},{"id":2,"image":"assets/collect-obj/gift-square.png","imageheight":51,"imagewidth":62,"properties":[{"name":"value","type":"int","value":10}],"type":"gift-square"},{"id":3,"image":"assets/collect-obj/coin.png","imageheight":31,"imagewidth":31,"properties":[{"name":"value","type":"int","value":1}],"type":"coin"}],"tilewidth":82},{"columns":0,"firstgid":83,"grid":{"height":1,"orientation":"orthogonal","width":1},"margin":0,"name":"decor-obj","spacing":0,"tilecount":6,"tileheight":320,"tiles":[{"id":3,"image":"assets/decor-obj/handkerchief-1.png","imageheight":160,"imagewidth":347,"type":"handkerchief-1"},{"id":4,"image":"assets/decor-obj/handkerchief-2.png","imageheight":160,"imagewidth":345,"type":"handkerchief-2"},{"id":5,"image":"assets/decor-obj/handkerchief-3.png","imageheight":160,"imagewidth":346,"type":"handkerchief-3"},{"id":6,"image":"assets/decor-obj/handkerchief-4.png","imageheight":160,"imagewidth":344,"type":"handkerchief-4"},{"id":7,"image":"assets/decor-obj/handkerchief-5.png","imageheight":160,"imagewidth":344,"type":"handkerchief-5"},{"id":8,"image":"assets/decor-obj/handkerchief-6.png","imageheight":160,"imagewidth":344,"type":"handkerchief-6"}],"tilewidth":693},{"columns":0,"firstgid":92,"grid":{"height":1,"orientation":"orthogonal","width":1},"margin":0,"name":"decor-obj-behind","spacing":0,"tilecount":18,"tileheight":142,"tiles":[{"id":0,"image":"assets/decor-obj-behind/book-1.png","imageheight":46,"imagewidth":116,"type":"book-1"},{"id":1,"image":"assets/decor-obj-behind/book-2.png","imageheight":43,"imagewidth":118,"type":"book-2"},{"id":2,"image":"assets/decor-obj-behind/book-3.png","imageheight":41,"imagewidth":111,"type":"book-3"},{"id":3,"image":"assets/decor-obj-behind/book-4.png","imageheight":39,"imagewidth":106,"type":"book-4"},{"id":4,"image":"assets/decor-obj-behind/book-5.png","imageheight":39,"imagewidth":99,"type":"book-5"},{"id":5,"image":"assets/decor-obj-behind/cookies-1.png","imageheight":48,"imagewidth":74,"type":"cookies-1"},{"id":6,"image":"assets/decor-obj-behind/cookies-2.png","imageheight":30,"imagewidth":92,"type":"cookies-2"},{"id":7,"image":"assets/decor-obj-behind/crayon-blue.png","imageheight":28,"imagewidth":26,"type":"crayon-blue"},{"id":8,"image":"assets/decor-obj-behind/crayon-green.png","imageheight":20,"imagewidth":31,"type":"crayon-green"},{"id":9,"image":"assets/decor-obj-behind/crayon-pink-yellow.png","imageheight":32,"imagewidth":57,"type":"crayon-pink-yellow"},{"id":10,"image":"assets/decor-obj-behind/fork.png","imageheight":43,"imagewidth":76,"type":"fork"},{"id":11,"image":"assets/decor-obj-behind/fork-2.png","imageheight":43,"imagewidth":74,"type":"fork-2"},{"id":12,"image":"assets/decor-obj-behind/glove.png","imageheight":50,"imagewidth":82,"type":"glove"},{"id":13,"image":"assets/decor-obj-behind/knife.png","imageheight":48,"imagewidth":47,"type":"knife"},{"id":14,"image":"assets/decor-obj-behind/rolling-pin.png","imageheight":48,"imagewidth":120,"type":"rolling-pin"},{"id":15,"image":"assets/decor-obj-behind/sandwich.png","imageheight":32,"imagewidth":62,"type":"sandwich"},{"id":16,"image":"assets/decor-obj-behind/spoon.png","imageheight":41,"imagewidth":71,"type":"spoon"},{"id":17,"image":"assets/decor-obj-behind/wood-spoon.png","imageheight":41,"imagewidth":71,"type":"wood-spoon"}],"tilewidth":342},{"columns":0,"firstgid":110,"grid":{"height":1,"orientation":"orthogonal","width":1},"margin":0,"name":"goal-obj","spacing":0,"tilecount":2,"tileheight":192,"tiles":[{"id":0,"image":"assets/goal-obj/cheese-1.png","imageheight":192,"imagewidth":233,"type":"cheese-1"},{"id":1,"image":"assets/goal-obj/cheese-2.png","imageheight":173,"imagewidth":260,"type":"cheese-2"}],"tilewidth":307},{"columns":0,"firstgid":112,"grid":{"height":1,"orientation":"orthogonal","width":1},"margin":0,"name":"interactable-obj","spacing":0,"tilecount":6,"tileheight":134,"tiles":[{"id":0,"image":"assets/interactable-obj/blue-button-down.png","imageheight":32,"imagewidth":59,"properties":[{"name":"triggerID","type":"int","value":0}],"type":"blue-button-down"},{"id":1,"image":"assets/interactable-obj/blue-button-up.png","imageheight":37,"imagewidth":58,"properties":[{"name":"triggerID","type":"int","value":0}],"type":"blue-button-up"},{"id":2,"image":"assets/interactable-obj/joystick.png","imageheight":67,"imagewidth":45,"properties":[{"name":"triggerID","type":"int","value":0}],"type":"joystick"},{"id":3,"image":"assets/interactable-obj/joystick-down.png","imageheight":59,"imagewidth":61,"properties":[{"name":"triggerID","type":"int","value":0}],"type":"joystick-down"},{"id":4,"image":"assets/interactable-obj/red-button-down.png","imageheight":33,"imagewidth":59,"properties":[{"name":"triggerID","type":"int","value":0}],"type":"red-button-down"},{"id":5,"image":"assets/interactable-obj/red-button-up.png","imageheight":37,"imagewidth":59,"properties":[{"name":"triggerID","type":"int","value":0}],"type":"red-button-up"}],"tilewidth":121},{"columns":0,"firstgid":118,"grid":{"height":1,"orientation":"orthogonal","width":1},"margin":0,"name":"movement-modifier-obj","spacing":0,"tilecount":8,"tileheight":55,"tiles":[{"id":0,"image":"assets/movement-modifier-obj/boxing.png","imageheight":55,"imagewidth":98,"properties":[{"name":"direction","type":"string","value":"right"},{"name":"speed","type":"int","value":346}],"type":"boxing"},{"id":1,"image":"assets/movement-modifier-obj/conveyor.png","imageheight":37,"imagewidth":121,"properties":[{"name":"direction","type":"string","value":"left"},{"name":"speed","type":"int","value":51}],"type":"conveyor"},{"id":2,"image":"assets/movement-modifier-obj/liquid.png","imageheight":38,"imagewidth":108,"properties":[{"name":"slippingFriction","type":"float","value":0.4},{"name":"slippingSpeed","type":"int","value":150}],"type":"liquid"},{"id":13,"image":"assets/movement-modifier-obj/liquid-1.png","imageheight":36,"imagewidth":95,"properties":[{"name":"slippingFriction","type":"float","value":0.4},{"name":"slippingSpeed","type":"int","value":150}],"type":"liquid-1"},{"id":14,"image":"assets/movement-modifier-obj/liquid-2.png","imageheight":44,"imagewidth":138,"properties":[{"name":"slippingFriction","type":"float","value":0.4},{"name":"slippingSpeed","type":"int","value":150}],"type":"liquid-2"},{"id":15,"image":"assets/movement-modifier-obj/liquid-3.png","imageheight":44,"imagewidth":226,"properties":[{"name":"slippingFriction","type":"float","value":0.4},{"name":"slippingSpeed","type":"int","value":150}],"type":"liquid-3"},{"id":16,"image":"assets/movement-modifier-obj/liquid-4.png","imageheight":44,"imagewidth":313,"properties":[{"name":"slippingFriction","type":"float","value":0.4},{"name":"slippingSpeed","type":"int","value":150}],"type":"liquid-4"},{"id":17,"image":"assets/movement-modifier-obj/liquid-5.png","imageheight":45,"imagewidth":395,"properties":[{"name":"slippingFriction","type":"float","value":0.4},{"name":"slippingSpeed","type":"int","value":150}],"type":"liquid-5"}],"tilewidth":395},{"columns":0,"firstgid":136,"grid":{"height":1,"orientation":"orthogonal","width":1},"margin":0,"name":"moving-obj","spacing":0,"tilecount":2,"tileheight":424,"tiles":[{"id":0,"image":"assets/moving-obj/icecream-truck.png","imageheight":206,"imagewidth":202,"properties":[{"name":"blockHeight","type":"int","value":70},{"name":"direction","type":"string","value":"left"},{"name":"movingLimit","type":"int","value":700},{"name":"speed","type":"int","value":28}],"type":"icecream-truck"},{"id":1,"image":"assets/moving-obj/tank.png","imageheight":140,"imagewidth":186,"properties":[{"name":"blockHeight","type":"int","value":70},{"name":"direction","type":"string","value":"right"},{"name":"movingLimit","type":"int","value":700},{"name":"speed","type":"int","value":47}],"type":"tank"}],"tilewidth":564},{"columns":0,"firstgid":138,"grid":{"height":1,"orientation":"orthogonal","width":1},"margin":0,"name":"seethrough-obj","spacing":0,"tilecount":8,"tileheight":165,"tiles":[{"id":0,"image":"assets/seethrough-obj/crystall-ball.png","imageheight":123,"imagewidth":116,"type":"crystall-ball"},{"id":1,"image":"assets/seethrough-obj/empty-bottle-1.png","imageheight":110,"imagewidth":51,"type":"empty-bottle-1"},{"id":2,"image":"assets/seethrough-obj/empty-bottle-2.png","imageheight":165,"imagewidth":53,"type":"empty-bottle-2"},{"id":3,"image":"assets/seethrough-obj/glass.png","imageheight":105,"imagewidth":68,"type":"glass"},{"id":4,"image":"assets/seethrough-obj/glasses.png","imageheight":93,"imagewidth":138,"type":"glasses"},{"id":5,"image":"assets/seethrough-obj/king.png","imageheight":130,"imagewidth":50,"type":"king"},{"id":6,"image":"assets/seethrough-obj/knight.png","imageheight":92,"imagewidth":45,"type":"knight"},{"id":7,"image":"assets/seethrough-obj/queen.png","imageheight":111,"imagewidth":50,"type":"queen"}],"tilewidth":138},{"columns":0,"firstgid":146,"grid":{"height":1,"orientation":"orthogonal","width":1},"margin":0,"name":"speed-modifier-obj","spacing":0,"tilecount":6,"tileheight":55,"tiles":[{"id":0,"image":"assets/speed-modifier-obj/chocolate.png","imageheight":36,"imagewidth":99,"properties":[{"name":"speedBonusPercent","type":"float","value":0.5},{"name":"speedDuration","type":"float","value":1}],"type":"chocolate-1"},{"id":2,"image":"assets/speed-modifier-obj/chocolate-2.png","imageheight":36,"imagewidth":137,"type":"chocolate-2"},{"id":3,"image":"assets/speed-modifier-obj/chocolate-3.png","imageheight":36,"imagewidth":225,"type":"chocolate-3"},{"id":4,"image":"assets/speed-modifier-obj/chocolate-4.png","imageheight":36,"imagewidth":314,"type":"chocolate-4"},{"id":5,"image":"assets/speed-modifier-obj/chocolate-5.png","imageheight":55,"imagewidth":409,"type":"chocolate-5"},{"id":6,"image":"assets/speed-modifier-obj/skateboard.png","imageheight":43,"imagewidth":104,"properties":[{"name":"speedBonusPercent","type":"float","value":2},{"name":"speedDuration","type":"float","value":1.2}],"type":"skateboard"}],"tilewidth":409},{"columns":0,"firstgid":153,"grid":{"height":1,"orientation":"orthogonal","width":1},"margin":0,"name":"trap-obj","spacing":0,"tilecount":3,"tileheight":445,"tiles":[{"id":0,"image":"assets/trap-obj/balloon.png","imageheight":223,"imagewidth":147,"type":"balloon"},{"id":1,"image":"assets/trap-obj/crab.png","imageheight":116,"imagewidth":183,"type":"crab"},{"id":2,"image":"assets/trap-obj/spaceship.png","imageheight":185,"imagewidth":134,"type":"spaceship"}],"tilewidth":365},{"columns":0,"firstgid":156,"grid":{"height":1,"orientation":"orthogonal","width":1},"margin":0,"name":"players","spacing":0,"tilecount":2,"tileheight":328,"tiles":[{"id":0,"image":"assets/players/boy.png","imageheight":164,"imagewidth":260,"type":"watcher"},{"id":1,"image":"assets/players/mouse.png","imageheight":76,"imagewidth":63,"type":"player"}],"tilewidth":520},{"columns":4,"firstgid":158,"image":"assets/tileset/tileset.png","imageheight":116,"imagewidth":116,"margin":0,"name":"tileset","spacing":0,"tilecount":16,"tileheight":29,"tilewidth":29},{"columns":0,"firstgid":174,"grid":{"height":1,"orientation":"orthogonal","width":1},"margin":0,"name":"symbol","spacing":0,"tilecount":5,"tileheight":100,"tiles":[{"id":0,"image":"assets/symbol/eye.svg","imageheight":100,"imagewidth":100,"properties":[{"name":"duration","type":"float","value":2},{"name":"watch-trigger-type","type":"string","value":"straight"}],"type":"watch-trigger"},{"id":1,"image":"assets/symbol/start.svg","imageheight":100,"imagewidth":100,"type":"start-point"},{"id":2,"image":"assets/symbol/stand.svg","imageheight":100,"imagewidth":100,"properties":[{"name":"duration","type":"float","value":2},{"name":"height-cap","type":"float","value":100}],"type":"stand-trigger"},{"id":3,"image":"assets/symbol/monkey.png","imageheight":100,"imagewidth":100,"properties":[{"name":"duration","type":"float","value":5}],"type":"monkey-trigger"},{"id":8,"image":"assets/symbol/eye_end.png","imageheight":100,"imagewidth":100,"type":"end-watch-trigger"}],"tilewidth":100},{"columns":0,"firstgid":183,"grid":{"height":1,"orientation":"orthogonal","width":1},"margin":0,"name":"0.MapPreview","spacing":0,"tilecount":40,"tileheight":668,"tiles":[{"id":0,"image":"../../Documents/Camtasia/HideAndSeekLevelDesign/IMG/Level61to100/Level61_12s.png.png","imageheight":668,"imagewidth":6335},{"id":1,"image":"../../Documents/Camtasia/HideAndSeekLevelDesign/IMG/Level61to100/Level62_17s.png.png","imageheight":668,"imagewidth":6335},{"id":2,"image":"../../Documents/Camtasia/HideAndSeekLevelDesign/IMG/Level61to100/Level63_13s.png.png","imageheight":668,"imagewidth":6335},{"id":3,"image":"../../Documents/Camtasia/HideAndSeekLevelDesign/IMG/Level61to100/Level64_10s.png.png","imageheight":668,"imagewidth":6335},{"id":4,"image":"../../Documents/Camtasia/HideAndSeekLevelDesign/IMG/Level61to100/Level65_8s.png.png","imageheight":668,"imagewidth":6335},{"id":5,"image":"../../Documents/Camtasia/HideAndSeekLevelDesign/IMG/Level61to100/Level66_17s.png.png","imageheight":668,"imagewidth":6335},{"id":6,"image":"../../Documents/Camtasia/HideAndSeekLevelDesign/IMG/Level61to100/Level67_35s.png.png","imageheight":668,"imagewidth":6335},{"id":7,"image":"../../Documents/Camtasia/HideAndSeekLevelDesign/IMG/Level61to100/Level68_20s.png.png","imageheight":668,"imagewidth":6335},{"id":8,"image":"../../Documents/Camtasia/HideAndSeekLevelDesign/IMG/Level61to100/Level69_20s.png.png","imageheight":668,"imagewidth":6335},{"id":9,"image":"../../Documents/Camtasia/HideAndSeekLevelDesign/IMG/Level61to100/Level70_19s.png.png","imageheight":668,"imagewidth":6335},{"id":10,"image":"../../Documents/Camtasia/HideAndSeekLevelDesign/IMG/Level61to100/Level71_18s.png.png","imageheight":668,"imagewidth":6335},{"id":11,"image":"../../Documents/Camtasia/HideAndSeekLevelDesign/IMG/Level61to100/Level72_10s.png.png","imageheight":668,"imagewidth":6335},{"id":12,"image":"../../Documents/Camtasia/HideAndSeekLevelDesign/IMG/Level61to100/Level73_15s.png.png","imageheight":668,"imagewidth":6335},{"id":13,"image":"../../Documents/Camtasia/HideAndSeekLevelDesign/IMG/Level61to100/Level74_16s.png.png","imageheight":668,"imagewidth":6335},{"id":14,"image":"../../Documents/Camtasia/HideAndSeekLevelDesign/IMG/Level61to100/Level75_14s.png.png","imageheight":668,"imagewidth":6335},{"id":15,"image":"../../Documents/Camtasia/HideAndSeekLevelDesign/IMG/Level61to100/Level76_20s.png.png","imageheight":668,"imagewidth":6335},{"id":16,"image":"../../Documents/Camtasia/HideAndSeekLevelDesign/IMG/Level61to100/Level77_14s.png.png","imageheight":668,"imagewidth":6335},{"id":17,"image":"../../Documents/Camtasia/HideAndSeekLevelDesign/IMG/Level61to100/Level78_24s.png.png","imageheight":668,"imagewidth":6335},{"id":18,"image":"../../Documents/Camtasia/HideAndSeekLevelDesign/IMG/Level61to100/Level79_16s.png.png","imageheight":668,"imagewidth":6335},{"id":19,"image":"../../Documents/Camtasia/HideAndSeekLevelDesign/IMG/Level61to100/Level80_15s.png.png","imageheight":668,"imagewidth":6335},{"id":20,"image":"../../Documents/Camtasia/HideAndSeekLevelDesign/IMG/Level61to100/Level81_22s.png.png","imageheight":668,"imagewidth":6335},{"id":21,"image":"../../Documents/Camtasia/HideAndSeekLevelDesign/IMG/Level61to100/Level82_10s.png.png","imageheight":668,"imagewidth":6335},{"id":22,"image":"../../Documents/Camtasia/HideAndSeekLevelDesign/IMG/Level61to100/Level83_17s.png.png","imageheight":668,"imagewidth":6335},{"id":23,"image":"../../Documents/Camtasia/HideAndSeekLevelDesign/IMG/Level61to100/Level84_14s.png.png","imageheight":668,"imagewidth":6335},{"id":24,"image":"../../Documents/Camtasia/HideAndSeekLevelDesign/IMG/Level61to100/Level85_22s.png.png","imageheight":668,"imagewidth":6335},{"id":25,"image":"../../Documents/Camtasia/HideAndSeekLevelDesign/IMG/Level61to100/Level86_19s.png.png","imageheight":668,"imagewidth":6335},{"id":26,"image":"../../Documents/Camtasia/HideAndSeekLevelDesign/IMG/Level61to100/Level87_15s.png.png","imageheight":668,"imagewidth":6335},{"id":27,"image":"../../Documents/Camtasia/HideAndSeekLevelDesign/IMG/Level61to100/Level88_17s.png.png","imageheight":668,"imagewidth":6335},{"id":28,"image":"../../Documents/Camtasia/HideAndSeekLevelDesign/IMG/Level61to100/Level89_27s.png.png","imageheight":668,"imagewidth":6335},{"id":29,"image":"../../Documents/Camtasia/HideAndSeekLevelDesign/IMG/Level61to100/Level90_17s.png.png","imageheight":668,"imagewidth":6335},{"id":30,"image":"../../Documents/Camtasia/HideAndSeekLevelDesign/IMG/Level61to100/Level91_28s.png.png","imageheight":668,"imagewidth":6335},{"id":31,"image":"../../Documents/Camtasia/HideAndSeekLevelDesign/IMG/Level61to100/Level92_16s.png.png","imageheight":668,"imagewidth":6335},{"id":32,"image":"../../Documents/Camtasia/HideAndSeekLevelDesign/IMG/Level61to100/Level93_15s.png.png","imageheight":668,"imagewidth":6335},{"id":33,"image":"../../Documents/Camtasia/HideAndSeekLevelDesign/IMG/Level61to100/Level94_9s.png.png","imageheight":668,"imagewidth":6335},{"id":34,"image":"../../Documents/Camtasia/HideAndSeekLevelDesign/IMG/Level61to100/Level95_22s.png.png","imageheight":668,"imagewidth":6335},{"id":35,"image":"../../Documents/Camtasia/HideAndSeekLevelDesign/IMG/Level61to100/Level96_9s.png.png","imageheight":668,"imagewidth":6335},{"id":36,"image":"../../Documents/Camtasia/HideAndSeekLevelDesign/IMG/Level61to100/Level97_13s.png.png","imageheight":668,"imagewidth":6335},{"id":37,"image":"../../Documents/Camtasia/HideAndSeekLevelDesign/IMG/Level61to100/Level98_15s.png.png","imageheight":668,"imagewidth":6335},{"id":38,"image":"../../Documents/Camtasia/HideAndSeekLevelDesign/IMG/Level61to100/Level99_23s.png.png","imageheight":668,"imagewidth":6335},{"id":39,"image":"../../Documents/Camtasia/HideAndSeekLevelDesign/IMG/Level61to100/Level100_23s.png.png","imageheight":668,"imagewidth":6335}],"tilewidth":6335}],"tilewidth":29,"type":"map","version":"1.6","width":302}