{"compressionlevel":1,"height":30,"infinite":false,"layers":[{"draworder":"topdown","id":34,"name":"watcher","objects":[{"gid":78,"height":164,"id":180,"name":"boy","rotation":0,"type":"watcher","visible":true,"width":260,"x":400,"y":262}],"opacity":1,"type":"objectgroup","visible":false,"x":0,"y":0},{"id":26,"layers":[{"draworder":"topdown","id":18,"name":"decor-obj-behind","objects":[{"gid":19,"height":48,"id":442,"name":"cookies-1","rotation":0,"type":"cookies-1","visible":true,"width":74,"x":304,"y":374},{"gid":19,"height":48,"id":444,"name":"cookies-1","rotation":0,"type":"cookies-1","visible":true,"width":74,"x":805,"y":376},{"gid":20,"height":30,"id":445,"name":"cookies-2","rotation":0,"type":"cookies-2","visible":true,"width":92,"x":1049,"y":366},{"gid":19,"height":48,"id":454,"name":"cookies-1","rotation":0,"type":"cookies-1","visible":true,"width":74,"x":3327,"y":376},{"gid":14,"height":46,"id":538,"name":"book-1","rotation":0,"type":"book-1","visible":true,"width":116,"x":1484,"y":366},{"gid":15,"height":43,"id":539,"name":"book-2","rotation":0,"type":"book-2","visible":true,"width":118,"x":2019,"y":364},{"gid":16,"height":41,"id":540,"name":"book-3","rotation":0,"type":"book-3","visible":true,"width":111,"x":2556,"y":363},{"gid":18,"height":39,"id":542,"name":"book-5","rotation":0,"type":"book-5","visible":true,"width":99,"x":2983,"y":363}],"opacity":1,"type":"objectgroup","visible":true,"x":0,"y":0},{"draworder":"topdown","id":19,"name":"goal-obj","objects":[{"gid":33,"height":172,"id":398,"name":"cheese-2","rotation":0,"type":"cheese-2","visible":true,"width":194,"x":7056,"y":488}],"opacity":1,"type":"objectgroup","visible":true,"x":0,"y":0},{"draworder":"topdown","id":50,"name":"trap-obj","objects":[{"gid":76,"height":116,"id":602,"name":"crab","rotation":0,"type":"crab","visible":true,"width":183,"x":5928,"y":428},{"gid":76,"height":116,"id":604,"name":"crab","rotation":0,"type":"crab","visible":true,"width":183,"x":6298,"y":428},{"gid":76,"height":116,"id":606,"name":"crab","rotation":0,"type":"crab","visible":true,"width":183,"x":6668,"y":428}],"opacity":1,"type":"objectgroup","visible":true,"x":0,"y":0},{"draworder":"topdown","id":49,"name":"seethrough-obj","objects":[{"gid":62,"height":162,"id":577,"name":"empty-bottle-2","rotation":0,"type":"empty-bottle-2","visible":true,"width":52,"x":2746,"y":457},{"gid":62,"height":162,"id":579,"name":"empty-bottle-2","rotation":0,"type":"empty-bottle-2","visible":true,"width":52,"x":2891,"y":457},{"gid":63,"height":98,"id":589,"name":"glass","rotation":0,"type":"glass","visible":true,"width":62,"x":4043,"y":457},{"gid":63,"height":98,"id":591,"name":"glass","rotation":0,"type":"glass","visible":true,"width":62,"x":4243,"y":457}],"opacity":1,"type":"objectgroup","visible":true,"x":0,"y":0},{"draworder":"topdown","id":15,"name":"static-obj","objects":[{"gid":138,"height":137,"id":370,"name":"milk-bottle","rotation":0,"type":"milk-bottle","visible":true,"width":113,"x":859,"y":457},{"gid":137,"height":90,"id":379,"name":"hotdog","rotation":0,"type":"hotdog","visible":true,"width":117,"x":2440,"y":457},{"gid":133,"height":109,"id":560,"name":"fries","rotation":0,"type":"fries","visible":true,"width":82,"x":1509,"y":457},{"gid":136,"height":118,"id":561,"name":"hamburger","rotation":0,"type":"hamburger","visible":true,"width":118,"x":1165,"y":457},{"gid":129,"height":132,"id":562,"name":"cupcake","rotation":0,"type":"cupcake","visible":true,"width":99,"x":1798,"y":457},{"gid":128,"height":164,"id":576,"name":"coca","rotation":0,"type":"coca","visible":true,"width":50,"x":2674,"y":457},{"gid":128,"height":164,"id":578,"name":"coca","rotation":0,"type":"coca","visible":true,"width":50,"x":2819,"y":457},{"gid":128,"height":164,"id":580,"name":"coca","rotation":0,"type":"coca","visible":true,"width":50,"x":2964,"y":457},{"gid":140,"height":147,"id":581,"name":"milk-tea","rotation":0,"type":"milk-tea","visible":true,"width":89,"x":3203,"y":457},{"gid":141,"height":91,"id":582,"name":"milk-tea-2","rotation":0,"type":"milk-tea-2","visible":true,"width":141,"x":3464,"y":457},{"gid":139,"height":98,"id":587,"name":"milk-glass","rotation":0,"type":"milk-glass","visible":true,"width":62,"x":3943,"y":457},{"gid":139,"height":98,"id":590,"name":"milk-glass","rotation":0,"type":"milk-glass","visible":true,"width":62,"x":4143,"y":457},{"gid":139,"height":98,"id":592,"name":"milk-glass","rotation":0,"type":"milk-glass","visible":true,"width":62,"x":4343,"y":457},{"gid":124,"height":127,"id":588,"name":"books","rotation":0,"type":"books","visible":true,"width":153,"x":4689,"y":457},{"gid":124,"height":127,"id":618,"name":"books","rotation":0,"type":"books","visible":true,"width":153,"x":4854,"y":457},{"gid":135,"height":107,"id":593,"name":"gummy-candy","rotation":0,"type":"gummy-candy","visible":true,"width":74,"x":5436,"y":457},{"gid":135,"height":107,"id":595,"name":"gummy-candy","rotation":0,"type":"gummy-candy","visible":true,"width":74,"x":5697,"y":457},{"gid":165,"height":161,"id":594,"name":"teddy-bear","rotation":0,"type":"teddy-bear","visible":true,"width":138,"x":5539,"y":457},{"gid":168,"height":102,"id":603,"name":"crab","rotation":0,"type":"crab","visible":true,"width":187,"x":6111,"y":457},{"gid":168,"height":102,"id":605,"name":"crab","rotation":0,"type":"crab","visible":true,"width":187,"x":6481,"y":457},{"gid":168,"height":102,"id":607,"name":"crab","rotation":0,"type":"crab","visible":true,"width":187,"x":6851,"y":457},{"gid":156,"height":301,"id":619,"name":"dying-tree","rotation":0,"type":"dying-tree","visible":true,"width":334,"x":290,"y":457}],"opacity":1,"type":"objectgroup","visible":true,"x":0,"y":0},{"draworder":"topdown","id":43,"name":"speed-modifier-obj","objects":[{"gid":70,"height":36,"id":556,"name":"chocolate-2","properties":[{"name":"speedBonusPercent","type":"float","value":0.5},{"name":"speedDuration","type":"float","value":0.01}],"rotation":0,"type":"chocolate-2","visible":true,"width":137,"x":808,"y":484},{"gid":71,"height":36,"id":557,"name":"chocolate-3","properties":[{"name":"speedBonusPercent","type":"float","value":0.5},{"name":"speedDuration","type":"float","value":0.01}],"rotation":0,"type":"chocolate-3","visible":true,"width":225,"x":2383,"y":484}],"opacity":1,"type":"objectgroup","visible":true,"x":0,"y":0},{"draworder":"topdown","id":51,"name":"movement-modifier-obj","objects":[{"gid":55,"height":45,"id":625,"name":"liquid-3","properties":[{"name":"slippingFriction","type":"float","value":0.4},{"name":"slippingSpeed","type":"int","value":150}],"rotation":0,"type":"liquid-3","visible":true,"width":226,"x":2678,"y":485},{"gid":56,"height":45,"id":626,"name":"liquid-4","properties":[{"name":"slippingFriction","type":"float","value":0.4},{"name":"slippingSpeed","type":"int","value":150}],"rotation":0,"type":"liquid-4","visible":true,"width":314,"x":3217,"y":485}],"opacity":1,"type":"objectgroup","visible":true,"x":0,"y":0},{"draworder":"topdown","id":42,"name":"collect-obj","objects":[{"gid":4,"height":31,"id":371,"name":"coin","properties":[{"name":"isMoving","type":"bool","value":true},{"name":"value","type":"int","value":1}],"rotation":0,"type":"coin","visible":true,"width":31,"x":1006,"y":450},{"gid":4,"height":31,"id":565,"name":"coin","properties":[{"name":"isMoving","type":"bool","value":true},{"name":"value","type":"int","value":1}],"rotation":0,"type":"coin","visible":true,"width":31,"x":1325,"y":450},{"gid":4,"height":31,"id":372,"name":"coin","properties":[{"name":"isMoving","type":"bool","value":true},{"name":"value","type":"int","value":1}],"rotation":0,"type":"coin","visible":true,"width":31,"x":1055,"y":450},{"gid":4,"height":31,"id":564,"name":"coin","properties":[{"name":"isMoving","type":"bool","value":true},{"name":"value","type":"int","value":1}],"rotation":0,"type":"coin","visible":true,"width":31,"x":1374,"y":450},{"gid":4,"height":31,"id":373,"name":"coin","properties":[{"name":"isMoving","type":"bool","value":true},{"name":"value","type":"int","value":1}],"rotation":0,"type":"coin","visible":true,"width":31,"x":1105,"y":450},{"gid":4,"height":31,"id":563,"name":"coin","properties":[{"name":"isMoving","type":"bool","value":true},{"name":"value","type":"int","value":1}],"rotation":0,"type":"coin","visible":true,"width":31,"x":1424,"y":450},{"gid":4,"height":31,"id":566,"name":"coin","properties":[{"name":"isMoving","type":"bool","value":true},{"name":"value","type":"int","value":1}],"rotation":0,"type":"coin","visible":true,"width":31,"x":1633,"y":450},{"gid":4,"height":31,"id":567,"name":"coin","properties":[{"name":"isMoving","type":"bool","value":true},{"name":"value","type":"int","value":1}],"rotation":0,"type":"coin","visible":true,"width":31,"x":1682,"y":450},{"gid":4,"height":31,"id":568,"name":"coin","properties":[{"name":"isMoving","type":"bool","value":true},{"name":"value","type":"int","value":1}],"rotation":0,"type":"coin","visible":true,"width":31,"x":1732,"y":450},{"gid":4,"height":31,"id":569,"name":"coin","properties":[{"name":"isMoving","type":"bool","value":true},{"name":"value","type":"int","value":1}],"rotation":0,"type":"coin","visible":true,"width":31,"x":1923,"y":450},{"gid":4,"height":31,"id":570,"name":"coin","properties":[{"name":"isMoving","type":"bool","value":true},{"name":"value","type":"int","value":1}],"rotation":0,"type":"coin","visible":true,"width":31,"x":1972,"y":450},{"gid":4,"height":31,"id":571,"name":"coin","properties":[{"name":"isMoving","type":"bool","value":true},{"name":"value","type":"int","value":1}],"rotation":0,"type":"coin","visible":true,"width":31,"x":2022,"y":450},{"gid":4,"height":31,"id":572,"name":"coin","properties":[{"name":"isMoving","type":"bool","value":true},{"name":"value","type":"int","value":1}],"rotation":0,"type":"coin","visible":true,"width":31,"x":2068,"y":450},{"gid":4,"height":31,"id":573,"name":"coin","properties":[{"name":"isMoving","type":"bool","value":true},{"name":"value","type":"int","value":1}],"rotation":0,"type":"coin","visible":true,"width":31,"x":2117,"y":450},{"gid":4,"height":31,"id":574,"name":"coin","properties":[{"name":"isMoving","type":"bool","value":true},{"name":"value","type":"int","value":1}],"rotation":0,"type":"coin","visible":true,"width":31,"x":2167,"y":450},{"gid":4,"height":31,"id":596,"name":"coin","properties":[{"name":"isMoving","type":"bool","value":true},{"name":"value","type":"int","value":1}],"rotation":0,"type":"coin","visible":true,"width":31,"x":3959,"y":450},{"gid":4,"height":31,"id":613,"name":"coin","properties":[{"name":"isMoving","type":"bool","value":true},{"name":"value","type":"int","value":1}],"rotation":0,"type":"coin","visible":true,"width":31,"x":6008,"y":450},{"gid":4,"height":31,"id":615,"name":"coin","properties":[{"name":"isMoving","type":"bool","value":true},{"name":"value","type":"int","value":1}],"rotation":0,"type":"coin","visible":true,"width":31,"x":6376,"y":450},{"gid":4,"height":31,"id":617,"name":"coin","properties":[{"name":"isMoving","type":"bool","value":true},{"name":"value","type":"int","value":1}],"rotation":0,"type":"coin","visible":true,"width":31,"x":6747,"y":450},{"gid":4,"height":31,"id":597,"name":"coin","properties":[{"name":"isMoving","type":"bool","value":true},{"name":"value","type":"int","value":1}],"rotation":0,"type":"coin","visible":true,"width":31,"x":4059,"y":450},{"gid":4,"height":31,"id":598,"name":"coin","properties":[{"name":"isMoving","type":"bool","value":true},{"name":"value","type":"int","value":1}],"rotation":0,"type":"coin","visible":true,"width":31,"x":4159,"y":450},{"gid":4,"height":31,"id":599,"name":"coin","properties":[{"name":"isMoving","type":"bool","value":true},{"name":"value","type":"int","value":1}],"rotation":0,"type":"coin","visible":true,"width":31,"x":4260,"y":450},{"gid":4,"height":31,"id":600,"name":"coin","properties":[{"name":"isMoving","type":"bool","value":true},{"name":"value","type":"int","value":1}],"rotation":0,"type":"coin","visible":true,"width":31,"x":4360,"y":450},{"gid":1,"height":56,"id":620,"name":"gift-circle","properties":[{"name":"value","type":"int","value":10}],"rotation":0,"type":"gift-circle","visible":true,"width":54,"x":4741,"y":480},{"gid":3,"height":48,"id":621,"name":"gift-square","properties":[{"name":"value","type":"int","value":10}],"rotation":0,"type":"gift-square","visible":true,"width":60,"x":6182,"y":480},{"gid":3,"height":48,"id":622,"name":"gift-square","properties":[{"name":"value","type":"int","value":10}],"rotation":0,"type":"gift-square","visible":true,"width":60,"x":6552,"y":480},{"gid":3,"height":48,"id":623,"name":"gift-square","properties":[{"name":"value","type":"int","value":10}],"rotation":0,"type":"gift-square","visible":true,"width":60,"x":6921,"y":480}],"opacity":1,"type":"objectgroup","visible":true,"x":0,"y":0}],"name":"objects","opacity":1,"type":"group","visible":true,"x":0,"y":0},{"draworder":"topdown","id":33,"name":"player","objects":[{"gid":79,"height":76,"id":181,"name":"mouse","rotation":0,"type":"player","visible":true,"width":63,"x":190,"y":471}],"opacity":1,"type":"objectgroup","visible":false,"x":0,"y":0},{"draworder":"topdown","id":40,"name":"symbol","objects":[{"gid":81,"height":100,"id":553,"name":"start-point","rotation":0,"type":"start-point","visible":true,"width":100,"x":190,"y":471},{"gid":195,"height":164,"id":627,"name":"rise","properties":[{"name":"duration","type":"float","value":1.73},{"name":"height","type":"int","value":100}],"rotation":0,"type":"rise","visible":true,"width":260,"x":1889,"y":471},{"gid":196,"height":164,"id":628,"name":"stare-trigger","properties":[{"name":"beamDuration","type":"float","value":2},{"name":"beamHoldDuration","type":"float","value":2},{"name":"confuseDuration","type":"float","value":1},{"name":"fallDuration","type":"float","value":2},{"name":"winkDuration","type":"float","value":0}],"rotation":0,"type":"stare-trigger","visible":true,"width":260,"x":2353,"y":471},{"gid":195,"height":164,"id":629,"name":"rise","properties":[{"name":"duration","type":"float","value":2},{"name":"height","type":"int","value":100}],"rotation":0,"type":"rise","visible":true,"width":260,"x":3837,"y":471},{"gid":196,"height":164,"id":630,"name":"stare-trigger","properties":[{"name":"beamDuration","type":"float","value":2},{"name":"beamHoldDuration","type":"float","value":2},{"name":"confuseDuration","type":"float","value":1},{"name":"fallDuration","type":"float","value":2},{"name":"winkDuration","type":"float","value":0}],"rotation":0,"type":"stare-trigger","visible":true,"width":260,"x":4445,"y":471},{"gid":195,"height":164,"id":631,"name":"rise","properties":[{"name":"duration","type":"float","value":2},{"name":"height","type":"int","value":100}],"rotation":0,"type":"rise","visible":true,"width":260,"x":6272,"y":471},{"gid":196,"height":164,"id":632,"name":"stare-trigger","properties":[{"name":"beamDuration","type":"float","value":2},{"name":"beamHoldDuration","type":"float","value":2},{"name":"confuseDuration","type":"float","value":1},{"name":"fallDuration","type":"float","value":2},{"name":"winkDuration","type":"float","value":0}],"rotation":0,"type":"stare-trigger","visible":true,"width":260,"x":6880,"y":471},{"gid":195,"height":164,"id":633,"name":"rise","properties":[{"name":"duration","type":"float","value":1.73},{"name":"height","type":"int","value":100}],"rotation":0,"type":"rise","visible":false,"width":260,"x":974,"y":471},{"gid":199,"height":164,"id":634,"name":"fall","properties":[{"name":"duration","type":"float","value":1.73},{"name":"height","type":"int","value":0}],"rotation":0,"type":"fall","visible":false,"width":260,"x":1438,"y":471}],"opacity":1,"type":"objectgroup","visible":true,"x":0,"y":0}],"nextlayerid":52,"nextobjectid":635,"orientation":"orthogonal","renderorder":"right-down","tiledversion":"1.7.2","tileheight":29,"tilesets":[{"columns":0,"firstgid":1,"grid":{"height":1,"orientation":"orthogonal","width":1},"margin":0,"name":"collect-obj","spacing":0,"tilecount":4,"tileheight":82,"tiles":[{"id":0,"image":"assets/collect-obj/gift-circle.png","imageheight":56,"imagewidth":54,"properties":[{"name":"value","type":"int","value":10}],"type":"gift-circle"},{"id":1,"image":"assets/collect-obj/gift-heart.png","imageheight":48,"imagewidth":49,"properties":[{"name":"value","type":"int","value":10}],"type":"gift-heart"},{"id":2,"image":"assets/collect-obj/gift-square.png","imageheight":48,"imagewidth":60,"properties":[{"name":"value","type":"int","value":10}],"type":"gift-square"},{"id":3,"image":"assets/collect-obj/coin.png","imageheight":31,"imagewidth":31,"properties":[{"name":"isMoving","type":"bool","value":false},{"name":"value","type":"int","value":1}],"type":"coin"}],"tilewidth":82},{"firstgid":5,"source":"tileset/decor-obj.tsx"},{"columns":0,"firstgid":14,"grid":{"height":1,"orientation":"orthogonal","width":1},"margin":0,"name":"decor-obj-behind","spacing":0,"tilecount":18,"tileheight":142,"tiles":[{"id":0,"image":"assets/decor-obj-behind/book-1.png","imageheight":46,"imagewidth":116},{"id":1,"image":"assets/decor-obj-behind/book-2.png","imageheight":43,"imagewidth":118},{"id":2,"image":"assets/decor-obj-behind/book-3.png","imageheight":41,"imagewidth":111},{"id":3,"image":"assets/decor-obj-behind/book-4.png","imageheight":39,"imagewidth":106},{"id":4,"image":"assets/decor-obj-behind/book-5.png","imageheight":39,"imagewidth":99},{"id":5,"image":"assets/decor-obj-behind/cookies-1.png","imageheight":48,"imagewidth":74},{"id":6,"image":"assets/decor-obj-behind/cookies-2.png","imageheight":30,"imagewidth":92},{"id":7,"image":"assets/decor-obj-behind/crayon-blue.png","imageheight":28,"imagewidth":26},{"id":8,"image":"assets/decor-obj-behind/crayon-green.png","imageheight":20,"imagewidth":31},{"id":9,"image":"assets/decor-obj-behind/crayon-pink-yellow.png","imageheight":32,"imagewidth":57},{"id":10,"image":"assets/decor-obj-behind/fork.png","imageheight":43,"imagewidth":76},{"id":11,"image":"assets/decor-obj-behind/fork-2.png","imageheight":43,"imagewidth":74},{"id":12,"image":"assets/decor-obj-behind/glove.png","imageheight":50,"imagewidth":82},{"id":13,"image":"assets/decor-obj-behind/knife.png","imageheight":48,"imagewidth":47},{"id":14,"image":"assets/decor-obj-behind/rolling-pin.png","imageheight":48,"imagewidth":120},{"id":15,"image":"assets/decor-obj-behind/sandwich.png","imageheight":32,"imagewidth":62},{"id":16,"image":"assets/decor-obj-behind/spoon.png","imageheight":41,"imagewidth":71},{"id":17,"image":"assets/decor-obj-behind/wood-spoon.png","imageheight":41,"imagewidth":71}],"tilewidth":342},{"columns":0,"firstgid":32,"grid":{"height":1,"orientation":"orthogonal","width":1},"margin":0,"name":"goal-obj","spacing":0,"tilecount":2,"tileheight":192,"tiles":[{"id":0,"image":"assets/goal-obj/cheese-1.png","imageheight":192,"imagewidth":192},{"id":1,"image":"assets/goal-obj/cheese-2.png","imageheight":172,"imagewidth":194}],"tilewidth":307},{"columns":0,"firstgid":34,"grid":{"height":1,"orientation":"orthogonal","width":1},"margin":0,"name":"interactable-obj","spacing":0,"tilecount":6,"tileheight":134,"tiles":[{"id":0,"image":"assets/interactable-obj/blue-button-down.png","imageheight":32,"imagewidth":59},{"id":1,"image":"assets/interactable-obj/blue-button-up.png","imageheight":35,"imagewidth":59},{"id":2,"image":"assets/interactable-obj/joystick.png","imageheight":66,"imagewidth":45},{"id":3,"image":"assets/interactable-obj/joystick-down.png","imageheight":58,"imagewidth":59},{"id":4,"image":"assets/interactable-obj/red-button-down.png","imageheight":32,"imagewidth":59},{"id":5,"image":"assets/interactable-obj/red-button-up.png","imageheight":36,"imagewidth":59}],"tilewidth":121},{"columns":0,"firstgid":40,"grid":{"height":1,"orientation":"orthogonal","width":1},"margin":0,"name":"movement-modifier-obj","spacing":0,"tilecount":8,"tileheight":55,"tiles":[{"id":0,"image":"assets/movement-modifier-obj/boxing.png","imageheight":55,"imagewidth":98,"properties":[{"name":"direction","type":"string","value":"right"},{"name":"speed","type":"int","value":346}],"type":"boxing"},{"id":1,"image":"assets/movement-modifier-obj/conveyor.png","imageheight":37,"imagewidth":121,"properties":[{"name":"direction","type":"string","value":"left"},{"name":"speed","type":"int","value":51}],"type":"conveyor"},{"id":2,"image":"assets/movement-modifier-obj/liquid.png","imageheight":37,"imagewidth":108,"properties":[{"name":"slippingFriction","type":"float","value":0.4},{"name":"slippingSpeed","type":"int","value":150}],"type":"liquid"},{"id":13,"image":"assets/movement-modifier-obj/liquid-1.png","imageheight":36,"imagewidth":95,"properties":[{"name":"slippingFriction","type":"float","value":0.4},{"name":"slippingSpeed","type":"int","value":150}],"type":"liquid-1"},{"id":14,"image":"assets/movement-modifier-obj/liquid-2.png","imageheight":44,"imagewidth":139,"properties":[{"name":"slippingFriction","type":"float","value":0.4},{"name":"slippingSpeed","type":"int","value":150}],"type":"liquid-2"},{"id":15,"image":"assets/movement-modifier-obj/liquid-3.png","imageheight":45,"imagewidth":226,"properties":[{"name":"slippingFriction","type":"float","value":0.4},{"name":"slippingSpeed","type":"int","value":150}],"type":"liquid-3"},{"id":16,"image":"assets/movement-modifier-obj/liquid-4.png","imageheight":45,"imagewidth":314,"properties":[{"name":"slippingFriction","type":"float","value":0.4},{"name":"slippingSpeed","type":"int","value":150}],"type":"liquid-4"},{"id":17,"image":"assets/movement-modifier-obj/liquid-5.png","imageheight":45,"imagewidth":370,"properties":[{"name":"slippingFriction","type":"float","value":0.4},{"name":"slippingSpeed","type":"int","value":150}],"type":"liquid-5"}],"tilewidth":395},{"columns":0,"firstgid":58,"grid":{"height":1,"orientation":"orthogonal","width":1},"margin":0,"name":"moving-obj","spacing":0,"tilecount":2,"tileheight":424,"tiles":[{"id":0,"image":"assets/moving-obj/icecream-truck.png","imageheight":206,"imagewidth":202},{"id":1,"image":"assets/moving-obj/tank.png","imageheight":140,"imagewidth":186}],"tilewidth":564},{"columns":0,"firstgid":60,"grid":{"height":1,"orientation":"orthogonal","width":1},"margin":0,"name":"seethrough-obj","spacing":0,"tilecount":8,"tileheight":165,"tiles":[{"id":0,"image":"assets/seethrough-obj/crystall-ball.png","imageheight":121,"imagewidth":113,"type":"crystall-ball"},{"id":1,"image":"assets/seethrough-obj/empty-bottle-1.png","imageheight":111,"imagewidth":51,"type":"empty-bottle-1"},{"id":2,"image":"assets/seethrough-obj/empty-bottle-2.png","imageheight":162,"imagewidth":52,"type":"empty-bottle-2"},{"id":3,"image":"assets/seethrough-obj/glass.png","imageheight":93,"imagewidth":59,"type":"glass"},{"id":4,"image":"assets/seethrough-obj/glasses.png","imageheight":92,"imagewidth":135,"type":"glasses"},{"id":5,"image":"assets/seethrough-obj/king.png","imageheight":130,"imagewidth":50,"type":"king"},{"id":6,"image":"assets/seethrough-obj/knight.png","imageheight":92,"imagewidth":45,"type":"knight"},{"id":7,"image":"assets/seethrough-obj/queen.png","imageheight":111,"imagewidth":50,"type":"queen"}],"tilewidth":138},{"columns":0,"firstgid":68,"grid":{"height":1,"orientation":"orthogonal","width":1},"margin":0,"name":"speed-modifier-obj","spacing":0,"tilecount":6,"tileheight":55,"tiles":[{"id":0,"image":"assets/speed-modifier-obj/chocolate.png","imageheight":36,"imagewidth":99,"properties":[{"name":"speedBonusPercent","type":"float","value":0.5},{"name":"speedDuration","type":"float","value":1}],"type":"chocolate-1"},{"id":2,"image":"assets/speed-modifier-obj/chocolate-2.png","imageheight":36,"imagewidth":137,"type":"chocolate-2"},{"id":3,"image":"assets/speed-modifier-obj/chocolate-3.png","imageheight":36,"imagewidth":225,"type":"chocolate-3"},{"id":4,"image":"assets/speed-modifier-obj/chocolate-4.png","imageheight":36,"imagewidth":314,"type":"chocolate-4"},{"id":5,"image":"assets/speed-modifier-obj/chocolate-5.png","imageheight":55,"imagewidth":409,"type":"chocolate-5"},{"id":6,"image":"assets/speed-modifier-obj/skateboard.png","imageheight":42,"imagewidth":101,"properties":[{"name":"speedBonusPercent","type":"float","value":2},{"name":"speedDuration","type":"float","value":1.2}],"type":"skateboard"}],"tilewidth":409},{"columns":0,"firstgid":75,"grid":{"height":1,"orientation":"orthogonal","width":1},"margin":0,"name":"trap-obj","spacing":0,"tilecount":3,"tileheight":445,"tiles":[{"id":0,"image":"assets/trap-obj/balloon.png","imageheight":223,"imagewidth":147},{"id":1,"image":"assets/trap-obj/crab.png","imageheight":116,"imagewidth":183},{"id":2,"image":"assets/trap-obj/spaceship.png","imageheight":185,"imagewidth":134}],"tilewidth":365},{"columns":0,"firstgid":78,"grid":{"height":1,"orientation":"orthogonal","width":1},"margin":0,"name":"players","spacing":0,"tilecount":2,"tileheight":328,"tiles":[{"id":0,"image":"assets/players/boy.png","imageheight":164,"imagewidth":260,"type":"watcher"},{"id":1,"image":"assets/players/mouse.png","imageheight":76,"imagewidth":63,"type":"player"}],"tilewidth":520},{"columns":0,"firstgid":80,"grid":{"height":1,"orientation":"orthogonal","width":1},"margin":0,"name":"symbol","spacing":0,"tilecount":5,"tileheight":100,"tiles":[{"id":0,"image":"assets/symbol/eye.svg","imageheight":100,"imagewidth":100,"properties":[{"name":"duration","type":"float","value":2},{"name":"watch-trigger-type","type":"string","value":"straight"}],"type":"watch-trigger"},{"id":1,"image":"assets/symbol/start.svg","imageheight":100,"imagewidth":100,"type":"start-point"},{"id":2,"image":"assets/symbol/stand.svg","imageheight":100,"imagewidth":100,"properties":[{"name":"duration","type":"float","value":2},{"name":"height-cap","type":"float","value":100}],"type":"stand-trigger"},{"id":3,"image":"assets/symbol/monkey.png","imageheight":100,"imagewidth":100,"properties":[{"name":"duration","type":"float","value":5}],"type":"monkey-trigger"},{"id":8,"image":"assets/symbol/eye_end.png","imageheight":100,"imagewidth":100,"type":"end-watch-trigger"}],"tilewidth":100},{"columns":0,"firstgid":89,"grid":{"height":1,"orientation":"orthogonal","width":1},"margin":0,"name":"static-obj","spacing":0,"tilecount":49,"tileheight":301,"tiles":[{"id":32,"image":"assets/static-obj/apple.png","imageheight":117,"imagewidth":103,"type":"apple"},{"id":33,"image":"assets/static-obj/ball.png","imageheight":149,"imagewidth":146,"type":"ball"},{"id":34,"image":"assets/static-obj/banana.png","imageheight":97,"imagewidth":144,"type":"banana"},{"id":35,"image":"assets/static-obj/books.png","imageheight":127,"imagewidth":153,"type":"books"},{"id":36,"image":"assets/static-obj/cactus.png","imageheight":140,"imagewidth":100,"type":"cactus"},{"id":37,"image":"assets/static-obj/candy-bottle.png","imageheight":113,"imagewidth":65,"type":"candy-bottle"},{"id":38,"image":"assets/static-obj/clock.png","imageheight":126,"imagewidth":93,"type":"clock"},{"id":39,"image":"assets/static-obj/coca.png","imageheight":164,"imagewidth":50,"type":"coca"},{"id":40,"image":"assets/static-obj/cupcake.png","imageheight":132,"imagewidth":99,"type":"cupcake"},{"id":41,"image":"assets/static-obj/chest.png","imageheight":122,"imagewidth":144,"type":"chest"},{"id":42,"image":"assets/static-obj/chest-2.png","imageheight":142,"imagewidth":167,"type":"chest-2"},{"id":43,"image":"assets/static-obj/eraser.png","imageheight":74,"imagewidth":56,"type":"eraser"},{"id":44,"image":"assets/static-obj/fries.png","imageheight":109,"imagewidth":82,"type":"fries"},{"id":45,"image":"assets/static-obj/gavel-bottle.png","imageheight":112,"imagewidth":52,"type":"gavel-bottle"},{"id":46,"image":"assets/static-obj/gummy-candy.png","imageheight":107,"imagewidth":74,"type":"gummy-candy"},{"id":47,"image":"assets/static-obj/hamburger.png","imageheight":118,"imagewidth":118,"type":"hamburger"},{"id":48,"image":"assets/static-obj/hotdog.png","imageheight":90,"imagewidth":117,"type":"hotdog"},{"id":49,"image":"assets/static-obj/milk-bottle.png","imageheight":137,"imagewidth":113,"type":"milk-bottle"},{"id":50,"image":"assets/static-obj/milk-glass.png","imageheight":98,"imagewidth":62,"type":"milk-glass"},{"id":51,"image":"assets/static-obj/milk-tea.png","imageheight":147,"imagewidth":89,"type":"milk-tea"},{"id":52,"image":"assets/static-obj/milk-tea-2.png","imageheight":91,"imagewidth":141,"type":"milk-tea-2"},{"id":53,"image":"assets/static-obj/orange.png","imageheight":108,"imagewidth":98,"type":"orange"},{"id":54,"image":"assets/static-obj/orange-juice.png","imageheight":158,"imagewidth":54,"type":"orange-juice"},{"id":55,"image":"assets/static-obj/pencil.png","imageheight":146,"imagewidth":20,"type":"pencil"},{"id":56,"image":"assets/static-obj/sandwiches.png","imageheight":139,"imagewidth":122,"type":"sandwiches"},{"id":57,"image":"assets/static-obj/soft-drink-1.png","imageheight":161,"imagewidth":57,"type":"soft-drink-1"},{"id":58,"image":"assets/static-obj/sugar-bottle.png","imageheight":114,"imagewidth":62,"type":"sugar-bottle"},{"id":59,"image":"assets/static-obj/toaster.png","imageheight":148,"imagewidth":129,"type":"toaster"},{"id":60,"image":"assets/static-obj/toy.png","imageheight":137,"imagewidth":207,"type":"toy"},{"id":61,"image":"assets/static-obj/watermelon-1.png","imageheight":112,"imagewidth":97,"type":"watermelon-1"},{"id":62,"image":"assets/static-obj/watermelon-2.png","imageheight":94,"imagewidth":121,"type":"watermelon-2"},{"id":63,"image":"assets/static-obj/candy-star.png","imageheight":98,"imagewidth":97,"type":"candy-star"},{"id":64,"image":"assets/static-obj/candy-umbrella.png","imageheight":98,"imagewidth":97,"type":"candy-umbrella"},{"id":65,"image":"assets/static-obj/cat-mask.png","imageheight":118,"imagewidth":127,"type":"cat-mask"},{"id":66,"image":"assets/static-obj/desk-phone.png","imageheight":146,"imagewidth":200,"type":"desk-phone"},{"id":67,"image":"assets/static-obj/dying-tree.png","imageheight":301,"imagewidth":334,"type":"dying-tree"},{"id":68,"image":"assets/static-obj/eclock.png","imageheight":71,"imagewidth":134,"type":"eclock"},{"id":69,"image":"assets/static-obj/gift-box.png","imageheight":100,"imagewidth":104,"type":"gift-box"},{"id":70,"image":"assets/static-obj/marble-ball.png","imageheight":91,"imagewidth":95,"type":"marble-ball"},{"id":71,"image":"assets/static-obj/marble-ball-group.png","imageheight":95,"imagewidth":100,"type":"marble-ball-group"},{"id":72,"image":"assets/static-obj/origami-bird.png","imageheight":106,"imagewidth":139,"type":"origami-bird"},{"id":73,"image":"assets/static-obj/origami-rabbit.png","imageheight":142,"imagewidth":84,"type":"origami-rabbit"},{"id":74,"image":"assets/static-obj/piggy-bank.png","imageheight":93,"imagewidth":120,"type":"piggy-bank"},{"id":75,"image":"assets/static-obj/square-origami.png","imageheight":82,"imagewidth":132,"type":"square-origami"},{"id":76,"image":"assets/static-obj/teddy-bear.png","imageheight":161,"imagewidth":138,"type":"teddy-bear"},{"id":77,"image":"assets/static-obj/zippo.png","imageheight":83,"imagewidth":59,"type":"zippo"},{"id":78,"image":"../../Downloads/x2_2/x2/gameplay/static-obj/balloon.png","type":"balloon"},{"id":79,"image":"../../Downloads/x2_2/x2/gameplay/static-obj/crab.png","type":"crab"},{"id":80,"image":"../../Downloads/x2_2/x2/gameplay/static-obj/spaceship.png","type":"spaceship"}],"tilewidth":334},{"columns":4,"firstgid":170,"image":"assets/tileset/tileset.png","imageheight":116,"imagewidth":116,"margin":0,"name":"tileset","spacing":0,"tilecount":16,"tileheight":29,"tilewidth":29,"transformations":{"hflip":false,"preferuntransformed":true,"rotate":false,"vflip":false}},{"columns":0,"firstgid":186,"grid":{"height":1,"orientation":"orthogonal","width":1},"margin":0,"name":"symbol","spacing":0,"tilecount":10,"tileheight":164,"tiles":[{"id":0,"image":"assets/symbol/eye.svg","imageheight":100,"imagewidth":100,"properties":[{"name":"duration","type":"float","value":2}],"type":"watch-trigger"},{"id":1,"image":"assets/symbol/start.svg","imageheight":100,"imagewidth":100,"type":"start-point"},{"id":2,"image":"assets/symbol/stand.svg","imageheight":100,"imagewidth":100,"properties":[{"name":"duration","type":"float","value":2},{"name":"height-cap","type":"float","value":100}],"type":"stand-trigger"},{"id":3,"image":"assets/symbol/monkey.png","imageheight":100,"imagewidth":100,"properties":[{"name":"duration","type":"float","value":5}],"type":"monkey-trigger"},{"id":8,"image":"assets/symbol/eye_end.png","imageheight":100,"imagewidth":100,"type":"end-watch-trigger"},{"id":9,"image":"assets/symbol/rise.png","imageheight":164,"imagewidth":260,"properties":[{"name":"duration","type":"float","value":0},{"name":"height","type":"int","value":0}],"type":"rise"},{"id":10,"image":"assets/symbol/stare-trigger.png","imageheight":164,"imagewidth":260,"properties":[{"name":"beamDuration","type":"float","value":0},{"name":"beamHoldDuration","type":"float","value":0},{"name":"confuseDuration","type":"float","value":0},{"name":"fallDuration","type":"float","value":0},{"name":"winkDuration","type":"float","value":0}],"type":"stare-trigger"},{"id":11,"image":"assets/symbol/watch-trigger.png","imageheight":164,"imagewidth":260,"properties":[{"name":"beamDuration","type":"float","value":0},{"name":"beamHoldDuration","type":"float","value":0},{"name":"confuseDuration","type":"float","value":0},{"name":"fallDuration","type":"float","value":0},{"name":"winkDuration","type":"float","value":0}],"type":"watch-trigger"},{"id":12,"image":"assets/symbol/end-trigger.png","imageheight":164,"imagewidth":260,"type":"end-trigger"},{"id":13,"image":"assets/symbol/fall.png","imageheight":164,"imagewidth":260,"properties":[{"name":"duration","type":"float","value":0},{"name":"height","type":"int","value":0}],"type":"fall"}],"tilewidth":260}],"tilewidth":29,"type":"map","version":"1.6","width":252}