{"compressionlevel":1,"height":30,"infinite":false,"layers":[{"draworder":"topdown","id":34,"name":"watcher","objects":[{"gid":139,"height":164,"id":180,"name":"boy","rotation":0,"type":"watcher","visible":true,"width":260,"x":400,"y":262}],"opacity":1,"type":"objectgroup","visible":false,"x":0,"y":0},{"id":26,"layers":[{"draworder":"topdown","id":18,"name":"decor-obj-behind","objects":[{"gid":109,"height":48,"id":339,"name":"rolling-pin","rotation":0,"type":"rolling-pin","visible":true,"width":120,"x":1425,"y":358},{"gid":95,"height":46,"id":340,"name":"book-1","rotation":0,"type":"book-1","visible":true,"width":116,"x":2465,"y":356},{"gid":96,"height":43,"id":341,"name":"book-2","rotation":0,"type":"book-2","visible":true,"width":118,"x":2710,"y":354},{"gid":97,"height":41,"id":342,"name":"book-3","rotation":0,"type":"book-3","visible":true,"width":111,"x":2957,"y":353},{"gid":98,"height":39,"id":343,"name":"book-4","rotation":0,"type":"book-4","visible":true,"width":106,"x":3176,"y":349},{"gid":99,"height":39,"id":344,"name":"book-5","rotation":0,"type":"book-5","visible":true,"width":99,"x":3413,"y":353},{"gid":100,"height":48,"id":345,"name":"cookies-1","rotation":0,"type":"cookies-1","visible":true,"width":74,"x":2039,"y":359},{"gid":101,"height":30,"id":346,"name":"cookies-2","rotation":0,"type":"cookies-2","visible":true,"width":92,"x":2242,"y":349},{"gid":103,"height":20,"id":347,"name":"crayon-green","rotation":0,"type":"crayon-green","visible":true,"width":31,"x":1771,"y":325},{"gid":104,"height":32,"id":348,"name":"crayon-pink-yellow","rotation":0,"type":"crayon-pink-yellow","visible":true,"width":57,"x":1878,"y":351},{"gid":102,"height":28,"id":349,"name":"crayon-blue","rotation":0,"type":"crayon-blue","visible":true,"width":26,"x":1641,"y":352},{"gid":108,"height":48,"id":350,"name":"knife","rotation":0,"type":"knife","visible":true,"width":47,"x":1301,"y":356},{"gid":106,"height":43,"id":351,"name":"fork-2","rotation":0,"type":"fork-2","visible":true,"width":74,"x":1110,"y":353},{"gid":105,"height":43,"id":352,"name":"fork","rotation":0,"type":"fork","visible":true,"width":76,"x":742,"y":354},{"gid":112,"height":41,"id":353,"name":"wood-spoon","rotation":0,"type":"wood-spoon","visible":true,"width":71,"x":931,"y":366},{"gid":111,"height":41,"id":354,"name":"spoon","rotation":0,"type":"spoon","visible":true,"width":71,"x":576,"y":355},{"gid":107,"height":50,"id":355,"name":"glove","rotation":0,"type":"glove","visible":true,"width":82,"x":387,"y":359},{"gid":110,"height":32,"id":356,"name":"sandwich","rotation":0,"type":"sandwich","visible":true,"width":62,"x":210,"y":347},{"gid":109,"height":48,"id":357,"name":"rolling-pin","rotation":0,"type":"rolling-pin","visible":true,"width":120,"x":4905,"y":358},{"gid":95,"height":46,"id":358,"name":"book-1","rotation":0,"type":"book-1","visible":true,"width":116,"x":5945,"y":356},{"gid":96,"height":43,"id":359,"name":"book-2","rotation":0,"type":"book-2","visible":true,"width":118,"x":6190,"y":354},{"gid":97,"height":41,"id":360,"name":"book-3","rotation":0,"type":"book-3","visible":true,"width":111,"x":6437,"y":353},{"gid":98,"height":39,"id":361,"name":"book-4","rotation":0,"type":"book-4","visible":true,"width":106,"x":6656,"y":349},{"gid":99,"height":39,"id":362,"name":"book-5","rotation":0,"type":"book-5","visible":true,"width":99,"x":6893,"y":353},{"gid":100,"height":48,"id":363,"name":"cookies-1","rotation":0,"type":"cookies-1","visible":true,"width":74,"x":5519,"y":359},{"gid":101,"height":30,"id":364,"name":"cookies-2","rotation":0,"type":"cookies-2","visible":true,"width":92,"x":5722,"y":349},{"gid":103,"height":20,"id":365,"name":"crayon-green","rotation":0,"type":"crayon-green","visible":true,"width":31,"x":5251,"y":325},{"gid":104,"height":32,"id":366,"name":"crayon-pink-yellow","rotation":0,"type":"crayon-pink-yellow","visible":true,"width":57,"x":5358,"y":351},{"gid":102,"height":28,"id":367,"name":"crayon-blue","rotation":0,"type":"crayon-blue","visible":true,"width":26,"x":5121,"y":352},{"gid":108,"height":48,"id":368,"name":"knife","rotation":0,"type":"knife","visible":true,"width":47,"x":4781,"y":356},{"gid":106,"height":43,"id":369,"name":"fork-2","rotation":0,"type":"fork-2","visible":true,"width":74,"x":4590,"y":353},{"gid":105,"height":43,"id":370,"name":"fork","rotation":0,"type":"fork","visible":true,"width":76,"x":4222,"y":354},{"gid":112,"height":41,"id":371,"name":"wood-spoon","rotation":0,"type":"wood-spoon","visible":true,"width":71,"x":4411,"y":366},{"gid":111,"height":41,"id":372,"name":"spoon","rotation":0,"type":"spoon","visible":true,"width":71,"x":4056,"y":355},{"gid":107,"height":50,"id":373,"name":"glove","rotation":0,"type":"glove","visible":true,"width":82,"x":3867,"y":359},{"gid":110,"height":32,"id":374,"name":"sandwich","rotation":0,"type":"sandwich","visible":true,"width":62,"x":3690,"y":347},{"gid":109,"height":48,"id":375,"name":"rolling-pin","rotation":0,"type":"rolling-pin","visible":true,"width":120,"x":8356,"y":358},{"gid":95,"height":46,"id":376,"name":"book-1","rotation":0,"type":"book-1","visible":true,"width":116,"x":9396,"y":356},{"gid":96,"height":43,"id":377,"name":"book-2","rotation":0,"type":"book-2","visible":true,"width":118,"x":9641,"y":354},{"gid":97,"height":41,"id":378,"name":"book-3","rotation":0,"type":"book-3","visible":true,"width":111,"x":9888,"y":353},{"gid":98,"height":39,"id":379,"name":"book-4","rotation":0,"type":"book-4","visible":true,"width":106,"x":10107,"y":349},{"gid":99,"height":39,"id":380,"name":"book-5","rotation":0,"type":"book-5","visible":true,"width":99,"x":10344,"y":353},{"gid":100,"height":48,"id":381,"name":"cookies-1","rotation":0,"type":"cookies-1","visible":true,"width":74,"x":8970,"y":359},{"gid":101,"height":30,"id":382,"name":"cookies-2","rotation":0,"type":"cookies-2","visible":true,"width":92,"x":9173,"y":349},{"gid":103,"height":20,"id":383,"name":"crayon-green","rotation":0,"type":"crayon-green","visible":true,"width":31,"x":8702,"y":325},{"gid":104,"height":32,"id":384,"name":"crayon-pink-yellow","rotation":0,"type":"crayon-pink-yellow","visible":true,"width":57,"x":8809,"y":351},{"gid":102,"height":28,"id":385,"name":"crayon-blue","rotation":0,"type":"crayon-blue","visible":true,"width":26,"x":8572,"y":352},{"gid":108,"height":48,"id":386,"name":"knife","rotation":0,"type":"knife","visible":true,"width":47,"x":8232,"y":356},{"gid":106,"height":43,"id":387,"name":"fork-2","rotation":0,"type":"fork-2","visible":true,"width":74,"x":8041,"y":353},{"gid":105,"height":43,"id":388,"name":"fork","rotation":0,"type":"fork","visible":true,"width":76,"x":7673,"y":354},{"gid":112,"height":41,"id":389,"name":"wood-spoon","rotation":0,"type":"wood-spoon","visible":true,"width":71,"x":7862,"y":366},{"gid":111,"height":41,"id":390,"name":"spoon","rotation":0,"type":"spoon","visible":true,"width":71,"x":7507,"y":355},{"gid":107,"height":50,"id":391,"name":"glove","rotation":0,"type":"glove","visible":true,"width":82,"x":7318,"y":359},{"gid":110,"height":32,"id":392,"name":"sandwich","rotation":0,"type":"sandwich","visible":true,"width":62,"x":7141,"y":347},{"gid":109,"height":48,"id":393,"name":"rolling-pin","rotation":0,"type":"rolling-pin","visible":true,"width":120,"x":11836,"y":358},{"gid":95,"height":46,"id":394,"name":"book-1","rotation":0,"type":"book-1","visible":true,"width":116,"x":12876,"y":356},{"gid":96,"height":43,"id":395,"name":"book-2","rotation":0,"type":"book-2","visible":true,"width":118,"x":13121,"y":354},{"gid":97,"height":41,"id":396,"name":"book-3","rotation":0,"type":"book-3","visible":true,"width":111,"x":13368,"y":353},{"gid":98,"height":39,"id":397,"name":"book-4","rotation":0,"type":"book-4","visible":true,"width":106,"x":13587,"y":349},{"gid":99,"height":39,"id":398,"name":"book-5","rotation":0,"type":"book-5","visible":true,"width":99,"x":13824,"y":353},{"gid":100,"height":48,"id":399,"name":"cookies-1","rotation":0,"type":"cookies-1","visible":true,"width":74,"x":12450,"y":359},{"gid":101,"height":30,"id":400,"name":"cookies-2","rotation":0,"type":"cookies-2","visible":true,"width":92,"x":12653,"y":349},{"gid":103,"height":20,"id":401,"name":"crayon-green","rotation":0,"type":"crayon-green","visible":true,"width":31,"x":12182,"y":325},{"gid":104,"height":32,"id":402,"name":"crayon-pink-yellow","rotation":0,"type":"crayon-pink-yellow","visible":true,"width":57,"x":12289,"y":351},{"gid":102,"height":28,"id":403,"name":"crayon-blue","rotation":0,"type":"crayon-blue","visible":true,"width":26,"x":12052,"y":352},{"gid":108,"height":48,"id":404,"name":"knife","rotation":0,"type":"knife","visible":true,"width":47,"x":11712,"y":356},{"gid":106,"height":43,"id":405,"name":"fork-2","rotation":0,"type":"fork-2","visible":true,"width":74,"x":11521,"y":353},{"gid":105,"height":43,"id":406,"name":"fork","rotation":0,"type":"fork","visible":true,"width":76,"x":11153,"y":354},{"gid":112,"height":41,"id":407,"name":"wood-spoon","rotation":0,"type":"wood-spoon","visible":true,"width":71,"x":11342,"y":366},{"gid":111,"height":41,"id":408,"name":"spoon","rotation":0,"type":"spoon","visible":true,"width":71,"x":10987,"y":355},{"gid":107,"height":50,"id":409,"name":"glove","rotation":0,"type":"glove","visible":true,"width":82,"x":10798,"y":359},{"gid":110,"height":32,"id":410,"name":"sandwich","rotation":0,"type":"sandwich","visible":true,"width":62,"x":10621,"y":347}],"opacity":1,"type":"objectgroup","visible":true,"x":0,"y":0},{"draworder":"topdown","id":19,"name":"goal-obj","objects":[{"gid":114,"height":172,"id":112,"name":"cheese-2","rotation":0,"type":"cheese-2","visible":true,"width":194,"x":4219,"y":488}],"opacity":1,"type":"objectgroup","visible":true,"x":0,"y":0},{"draworder":"topdown","id":15,"name":"static-obj","objects":[{"gid":51,"height":98,"id":161,"name":"milk-glass","rotation":0,"type":"milk-glass","visible":true,"width":62,"x":206,"y":457},{"gid":38,"height":113,"id":300,"name":"candy-bottle","rotation":0,"type":"candy-bottle","visible":false,"width":65,"x":2726,"y":457},{"gid":39,"height":126,"id":291,"name":"clock","rotation":0,"type":"clock","visible":true,"width":93,"x":1986,"y":457},{"gid":39,"height":126,"id":328,"name":"clock","rotation":0,"type":"clock","visible":true,"width":93,"x":2203,"y":457},{"gid":52,"height":147,"id":311,"name":"milk-tea","rotation":0,"type":"milk-tea","visible":true,"width":89,"x":3803,"y":457},{"gid":53,"height":91,"id":329,"name":"milk-tea-2","rotation":0,"type":"milk-tea-2","visible":true,"width":141,"x":3933,"y":457},{"gid":62,"height":112,"id":330,"name":"watermelon-1","rotation":0,"type":"watermelon-1","visible":false,"width":97,"x":977,"y":457},{"gid":43,"height":142,"id":335,"name":"chest-2","rotation":0,"type":"chest-2","visible":true,"width":167,"x":3039,"y":457},{"gid":43,"height":142,"id":338,"name":"chest-2","rotation":0,"type":"chest-2","visible":true,"width":167,"x":1070,"y":457}],"opacity":1,"type":"objectgroup","visible":true,"x":0,"y":0},{"draworder":"topdown","id":21,"name":"movement-modifier-obj","objects":[{"gid":122,"height":37,"id":288,"name":"conveyor","properties":[{"name":"direction","type":"string","value":"left"},{"name":"speed","type":"int","value":120}],"rotation":0,"type":"conveyor","visible":true,"width":121,"x":1070,"y":488},{"gid":122,"height":37,"id":303,"name":"conveyor","properties":[{"name":"direction","type":"string","value":"left"},{"name":"speed","type":"int","value":120}],"rotation":0,"type":"conveyor","visible":true,"width":121,"x":2692,"y":488},{"gid":122,"height":37,"id":306,"name":"conveyor","properties":[{"name":"direction","type":"string","value":"left"},{"name":"speed","type":"int","value":120}],"rotation":0,"type":"conveyor","visible":true,"width":121,"x":2930,"y":488},{"gid":122,"height":37,"id":332,"name":"conveyor","properties":[{"name":"direction","type":"string","value":"left"},{"name":"speed","type":"int","value":120}],"rotation":0,"type":"conveyor","visible":true,"width":121,"x":3016,"y":488},{"gid":122,"height":37,"id":337,"name":"conveyor","properties":[{"name":"direction","type":"string","value":"left"},{"name":"speed","type":"int","value":120}],"rotation":0,"type":"conveyor","visible":true,"width":121,"x":3105,"y":488},{"gid":122,"height":37,"id":309,"name":"conveyor","properties":[{"name":"direction","type":"string","value":"left"},{"name":"speed","type":"int","value":120}],"rotation":0,"type":"conveyor","visible":true,"width":121,"x":3783,"y":488},{"gid":122,"height":37,"id":333,"name":"conveyor","properties":[{"name":"direction","type":"string","value":"left"},{"name":"speed","type":"int","value":120}],"rotation":0,"type":"conveyor","visible":true,"width":121,"x":3920,"y":488},{"gid":122,"height":37,"id":289,"name":"conveyor","properties":[{"name":"direction","type":"string","value":"left"},{"name":"speed","type":"int","value":51}],"rotation":0,"type":"conveyor","visible":false,"width":121,"x":1013,"y":488},{"gid":122,"height":37,"id":302,"name":"conveyor","properties":[{"name":"direction","type":"string","value":"left"},{"name":"speed","type":"int","value":51}],"rotation":0,"type":"conveyor","visible":false,"width":121,"x":2779,"y":488},{"gid":122,"height":37,"id":305,"name":"conveyor","properties":[{"name":"direction","type":"string","value":"left"},{"name":"speed","type":"int","value":51}],"rotation":0,"type":"conveyor","visible":false,"width":121,"x":3017,"y":488},{"gid":122,"height":37,"id":308,"name":"conveyor","properties":[{"name":"direction","type":"string","value":"left"},{"name":"speed","type":"int","value":51}],"rotation":0,"type":"conveyor","visible":false,"width":121,"x":3865,"y":488},{"gid":122,"height":37,"id":298,"name":"conveyor","properties":[{"name":"direction","type":"string","value":"left"},{"name":"speed","type":"int","value":120}],"rotation":0,"type":"conveyor","visible":true,"width":121,"x":2073,"y":488},{"gid":122,"height":37,"id":299,"name":"conveyor","properties":[{"name":"direction","type":"string","value":"left"},{"name":"speed","type":"int","value":51}],"rotation":0,"type":"conveyor","visible":false,"width":121,"x":1950,"y":488}],"opacity":1,"type":"objectgroup","visible":true,"x":0,"y":0},{"draworder":"topdown","id":16,"name":"collect-obj","objects":[{"gid":85,"height":31,"id":250,"name":"coin","properties":[{"name":"isMoving","type":"bool","value":false},{"name":"value","type":"int","value":1}],"rotation":0,"type":"coin","visible":true,"width":31,"x":1026,"y":450},{"gid":85,"height":31,"id":419,"name":"coin","properties":[{"name":"isMoving","type":"bool","value":false},{"name":"value","type":"int","value":1}],"rotation":0,"type":"coin","visible":true,"width":31,"x":1490,"y":450},{"gid":85,"height":31,"id":272,"name":"coin","properties":[{"name":"isMoving","type":"bool","value":true},{"name":"value","type":"int","value":1}],"rotation":0,"type":"coin","visible":true,"width":31,"x":1067,"y":450},{"gid":85,"height":31,"id":418,"name":"coin","properties":[{"name":"isMoving","type":"bool","value":true},{"name":"value","type":"int","value":1}],"rotation":0,"type":"coin","visible":true,"width":31,"x":1531,"y":450},{"gid":85,"height":31,"id":273,"name":"coin","properties":[{"name":"isMoving","type":"bool","value":false},{"name":"value","type":"int","value":1}],"rotation":0,"type":"coin","visible":true,"width":31,"x":1108,"y":450},{"gid":85,"height":31,"id":417,"name":"coin","properties":[{"name":"isMoving","type":"bool","value":false},{"name":"value","type":"int","value":1}],"rotation":0,"type":"coin","visible":true,"width":31,"x":1572,"y":450},{"gid":85,"height":31,"id":274,"name":"coin","properties":[{"name":"isMoving","type":"bool","value":true},{"name":"value","type":"int","value":1}],"rotation":0,"type":"coin","visible":true,"width":31,"x":1149,"y":450},{"gid":85,"height":31,"id":416,"name":"coin","properties":[{"name":"isMoving","type":"bool","value":true},{"name":"value","type":"int","value":1}],"rotation":0,"type":"coin","visible":true,"width":31,"x":1613,"y":450},{"gid":85,"height":31,"id":275,"name":"coin","properties":[{"name":"isMoving","type":"bool","value":false},{"name":"value","type":"int","value":1}],"rotation":0,"type":"coin","visible":true,"width":31,"x":1190,"y":450},{"gid":85,"height":31,"id":415,"name":"coin","properties":[{"name":"isMoving","type":"bool","value":false},{"name":"value","type":"int","value":1}],"rotation":0,"type":"coin","visible":true,"width":31,"x":1654,"y":450},{"gid":85,"height":31,"id":277,"name":"coin","properties":[{"name":"isMoving","type":"bool","value":false},{"name":"value","type":"int","value":1}],"rotation":0,"type":"coin","visible":true,"width":31,"x":2436,"y":450},{"gid":85,"height":31,"id":278,"name":"coin","properties":[{"name":"isMoving","type":"bool","value":true},{"name":"value","type":"int","value":1}],"rotation":0,"type":"coin","visible":true,"width":31,"x":2486,"y":450},{"gid":85,"height":31,"id":279,"name":"coin","properties":[{"name":"isMoving","type":"bool","value":false},{"name":"value","type":"int","value":1}],"rotation":0,"type":"coin","visible":true,"width":31,"x":2536,"y":450},{"gid":85,"height":31,"id":283,"name":"coin","properties":[{"name":"isMoving","type":"bool","value":false},{"name":"value","type":"int","value":1}],"rotation":0,"type":"coin","visible":true,"width":31,"x":3399,"y":450},{"gid":85,"height":31,"id":284,"name":"coin","properties":[{"name":"isMoving","type":"bool","value":true},{"name":"value","type":"int","value":1}],"rotation":0,"type":"coin","visible":true,"width":31,"x":3440,"y":450},{"gid":85,"height":31,"id":285,"name":"coin","properties":[{"name":"isMoving","type":"bool","value":false},{"name":"value","type":"int","value":1}],"rotation":0,"type":"coin","visible":true,"width":31,"x":3481,"y":450},{"gid":85,"height":31,"id":286,"name":"coin","properties":[{"name":"isMoving","type":"bool","value":true},{"name":"value","type":"int","value":1}],"rotation":0,"type":"coin","visible":true,"width":31,"x":3522,"y":450},{"gid":85,"height":31,"id":287,"name":"coin","properties":[{"name":"isMoving","type":"bool","value":false},{"name":"value","type":"int","value":1}],"rotation":0,"type":"coin","visible":true,"width":31,"x":3563,"y":450},{"gid":82,"height":56,"id":331,"name":"gift-circle","properties":[{"name":"value","type":"int","value":10}],"rotation":0,"type":"gift-circle","visible":false,"width":54,"x":2114,"y":480},{"gid":82,"height":56,"id":412,"name":"gift-circle","properties":[{"name":"value","type":"int","value":10}],"rotation":0,"type":"gift-circle","visible":true,"width":54,"x":3820,"y":480},{"gid":82,"height":56,"id":414,"name":"gift-circle","properties":[{"name":"value","type":"int","value":10}],"rotation":0,"type":"gift-circle","visible":true,"width":54,"x":3953,"y":480},{"gid":85,"height":31,"id":420,"name":"coin","properties":[{"name":"isMoving","type":"bool","value":false},{"name":"value","type":"int","value":1}],"rotation":0,"type":"coin","visible":true,"width":31,"x":325,"y":450},{"gid":85,"height":31,"id":421,"name":"coin","properties":[{"name":"isMoving","type":"bool","value":true},{"name":"value","type":"int","value":1}],"rotation":0,"type":"coin","visible":true,"width":31,"x":366,"y":450},{"gid":85,"height":31,"id":422,"name":"coin","properties":[{"name":"isMoving","type":"bool","value":false},{"name":"value","type":"int","value":1}],"rotation":0,"type":"coin","visible":true,"width":31,"x":407,"y":450},{"gid":85,"height":31,"id":423,"name":"coin","properties":[{"name":"isMoving","type":"bool","value":true},{"name":"value","type":"int","value":1}],"rotation":0,"type":"coin","visible":true,"width":31,"x":448,"y":450},{"gid":85,"height":31,"id":424,"name":"coin","properties":[{"name":"isMoving","type":"bool","value":false},{"name":"value","type":"int","value":1}],"rotation":0,"type":"coin","visible":true,"width":31,"x":489,"y":450}],"opacity":1,"type":"objectgroup","visible":true,"x":0,"y":0}],"name":"objects","opacity":1,"type":"group","visible":true,"x":0,"y":0},{"draworder":"topdown","id":33,"name":"player","objects":[{"gid":140,"height":76,"id":181,"name":"mouse","rotation":0,"type":"player","visible":true,"width":63,"x":400,"y":471}],"opacity":1,"type":"objectgroup","visible":false,"x":0,"y":0},{"draworder":"topdown","id":40,"name":"symbol","objects":[{"gid":158,"height":100,"id":202,"name":"start-point","rotation":0,"type":"start-point","visible":true,"width":100,"x":190,"y":471},{"gid":175,"height":164,"id":320,"name":"rise","properties":[{"name":"duration","type":"float","value":5},{"name":"height","type":"int","value":100}],"rotation":0,"type":"rise","visible":true,"width":260,"x":290,"y":471},{"gid":176,"height":164,"id":321,"name":"stare-trigger","properties":[{"name":"beamDuration","type":"float","value":1},{"name":"beamHoldDuration","type":"float","value":2},{"name":"confuseDuration","type":"float","value":1},{"name":"fallDuration","type":"float","value":0.6},{"name":"winkDuration","type":"float","value":1}],"rotation":0,"type":"stare-trigger","visible":false,"width":260,"x":916,"y":471},{"gid":175,"height":164,"id":322,"name":"rise","properties":[{"name":"duration","type":"float","value":1},{"name":"height","type":"int","value":100}],"rotation":0,"type":"rise","visible":false,"width":260,"x":1780,"y":471},{"gid":176,"height":164,"id":323,"name":"stare-trigger","properties":[{"name":"beamDuration","type":"float","value":1},{"name":"beamHoldDuration","type":"float","value":1},{"name":"confuseDuration","type":"float","value":1},{"name":"fallDuration","type":"float","value":0.6},{"name":"winkDuration","type":"float","value":1}],"rotation":0,"type":"stare-trigger","visible":false,"width":260,"x":1930,"y":471},{"gid":175,"height":164,"id":324,"name":"rise","properties":[{"name":"duration","type":"float","value":1},{"name":"height","type":"int","value":100}],"rotation":0,"type":"rise","visible":true,"width":260,"x":2692,"y":471},{"gid":176,"height":164,"id":325,"name":"stare-trigger","properties":[{"name":"beamDuration","type":"float","value":2},{"name":"beamHoldDuration","type":"float","value":2},{"name":"confuseDuration","type":"float","value":1},{"name":"fallDuration","type":"float","value":2},{"name":"winkDuration","type":"float","value":0}],"rotation":0,"type":"stare-trigger","visible":true,"width":260,"x":2935,"y":471},{"gid":175,"height":164,"id":326,"name":"rise","properties":[{"name":"duration","type":"float","value":1},{"name":"height","type":"int","value":100}],"rotation":0,"type":"rise","visible":false,"width":260,"x":3452,"y":471},{"gid":176,"height":164,"id":327,"name":"stare-trigger","properties":[{"name":"beamDuration","type":"float","value":1},{"name":"beamHoldDuration","type":"float","value":1},{"name":"confuseDuration","type":"float","value":1},{"name":"fallDuration","type":"float","value":0.6},{"name":"winkDuration","type":"float","value":1}],"rotation":0,"type":"stare-trigger","visible":false,"width":260,"x":3692,"y":471},{"gid":179,"height":164,"id":411,"name":"fall","properties":[{"name":"duration","type":"float","value":2.5},{"name":"height","type":"int","value":0}],"rotation":0,"type":"fall","visible":true,"width":260,"x":1400,"y":471}],"opacity":1,"type":"objectgroup","visible":true,"x":0,"y":0}],"nextlayerid":45,"nextobjectid":425,"orientation":"orthogonal","renderorder":"right-down","tiledversion":"1.7.2","tileheight":29,"tilesets":[{"columns":0,"firstgid":1,"grid":{"height":1,"orientation":"orthogonal","width":1},"margin":0,"name":"static-obj","spacing":0,"tilecount":49,"tileheight":301,"tiles":[{"id":32,"image":"assets/static-obj/apple.png","imageheight":117,"imagewidth":103,"type":"apple"},{"id":33,"image":"assets/static-obj/ball.png","imageheight":149,"imagewidth":146,"type":"ball"},{"id":34,"image":"assets/static-obj/banana.png","imageheight":97,"imagewidth":144,"type":"banana"},{"id":35,"image":"assets/static-obj/books.png","imageheight":127,"imagewidth":153,"type":"books"},{"id":36,"image":"assets/static-obj/cactus.png","imageheight":140,"imagewidth":100,"type":"cactus"},{"id":37,"image":"assets/static-obj/candy-bottle.png","imageheight":113,"imagewidth":65,"type":"candy-bottle"},{"id":38,"image":"assets/static-obj/clock.png","imageheight":126,"imagewidth":93,"type":"clock"},{"id":39,"image":"assets/static-obj/coca.png","imageheight":164,"imagewidth":50,"type":"coca"},{"id":40,"image":"assets/static-obj/cupcake.png","imageheight":132,"imagewidth":99,"type":"cupcake"},{"id":41,"image":"assets/static-obj/chest.png","imageheight":122,"imagewidth":144,"type":"chest"},{"id":42,"image":"assets/static-obj/chest-2.png","imageheight":142,"imagewidth":167,"type":"chest-2"},{"id":43,"image":"assets/static-obj/eraser.png","imageheight":74,"imagewidth":56,"type":"eraser"},{"id":44,"image":"assets/static-obj/fries.png","imageheight":109,"imagewidth":82,"type":"fries"},{"id":45,"image":"assets/static-obj/gavel-bottle.png","imageheight":112,"imagewidth":52,"type":"gavel-bottle"},{"id":46,"image":"assets/static-obj/gummy-candy.png","imageheight":107,"imagewidth":74,"type":"gummy-candy"},{"id":47,"image":"assets/static-obj/hamburger.png","imageheight":118,"imagewidth":118,"type":"hamburger"},{"id":48,"image":"assets/static-obj/hotdog.png","imageheight":90,"imagewidth":117,"type":"hotdog"},{"id":49,"image":"assets/static-obj/milk-bottle.png","imageheight":137,"imagewidth":113,"type":"milk-bottle"},{"id":50,"image":"assets/static-obj/milk-glass.png","imageheight":98,"imagewidth":62,"type":"milk-glass"},{"id":51,"image":"assets/static-obj/milk-tea.png","imageheight":147,"imagewidth":89,"type":"milk-tea"},{"id":52,"image":"assets/static-obj/milk-tea-2.png","imageheight":91,"imagewidth":141,"type":"milk-tea-2"},{"id":53,"image":"assets/static-obj/orange.png","imageheight":108,"imagewidth":98,"type":"orange"},{"id":54,"image":"assets/static-obj/orange-juice.png","imageheight":158,"imagewidth":54,"type":"orange-juice"},{"id":55,"image":"assets/static-obj/pencil.png","imageheight":146,"imagewidth":20,"type":"pencil"},{"id":56,"image":"assets/static-obj/sandwiches.png","imageheight":139,"imagewidth":122,"type":"sandwiches"},{"id":57,"image":"assets/static-obj/soft-drink-1.png","imageheight":161,"imagewidth":57,"type":"soft-drink-1"},{"id":58,"image":"assets/static-obj/sugar-bottle.png","imageheight":114,"imagewidth":62,"type":"sugar-bottle"},{"id":59,"image":"assets/static-obj/toaster.png","imageheight":148,"imagewidth":129,"type":"toaster"},{"id":60,"image":"assets/static-obj/toy.png","imageheight":137,"imagewidth":207,"type":"toy"},{"id":61,"image":"assets/static-obj/watermelon-1.png","imageheight":112,"imagewidth":97,"type":"watermelon-1"},{"id":62,"image":"assets/static-obj/watermelon-2.png","imageheight":94,"imagewidth":121,"type":"watermelon-2"},{"id":63,"image":"assets/static-obj/candy-star.png","imageheight":98,"imagewidth":97,"type":"candy-star"},{"id":64,"image":"assets/static-obj/candy-umbrella.png","imageheight":98,"imagewidth":97,"type":"candy-umbrella"},{"id":65,"image":"assets/static-obj/cat-mask.png","imageheight":118,"imagewidth":127,"type":"cat-mask"},{"id":66,"image":"assets/static-obj/desk-phone.png","imageheight":146,"imagewidth":200,"type":"desk-phone"},{"id":67,"image":"assets/static-obj/dying-tree.png","imageheight":301,"imagewidth":334,"type":"dying-tree"},{"id":68,"image":"assets/static-obj/eclock.png","imageheight":71,"imagewidth":134,"type":"eclock"},{"id":69,"image":"assets/static-obj/gift-box.png","imageheight":100,"imagewidth":104,"type":"gift-box"},{"id":70,"image":"assets/static-obj/marble-ball.png","imageheight":91,"imagewidth":95,"type":"marble-ball"},{"id":71,"image":"assets/static-obj/marble-ball-group.png","imageheight":95,"imagewidth":100,"type":"marble-ball-group"},{"id":72,"image":"assets/static-obj/origami-bird.png","imageheight":106,"imagewidth":139,"type":"origami-bird"},{"id":73,"image":"assets/static-obj/origami-rabbit.png","imageheight":142,"imagewidth":84,"type":"origami-rabbit"},{"id":74,"image":"assets/static-obj/piggy-bank.png","imageheight":93,"imagewidth":120,"type":"piggy-bank"},{"id":75,"image":"assets/static-obj/square-origami.png","imageheight":82,"imagewidth":132,"type":"square-origami"},{"id":76,"image":"assets/static-obj/teddy-bear.png","imageheight":161,"imagewidth":138,"type":"teddy-bear"},{"id":77,"image":"assets/static-obj/zippo.png","imageheight":83,"imagewidth":59,"type":"zippo"},{"id":78,"image":"../../Downloads/x2_2/x2/gameplay/static-obj/balloon.png","type":"balloon"},{"id":79,"image":"../../Downloads/x2_2/x2/gameplay/static-obj/crab.png","type":"crab"},{"id":80,"image":"../../Downloads/x2_2/x2/gameplay/static-obj/spaceship.png","type":"spaceship"}],"tilewidth":334},{"columns":0,"firstgid":82,"grid":{"height":1,"orientation":"orthogonal","width":1},"margin":0,"name":"collect-obj","spacing":0,"tilecount":4,"tileheight":82,"tiles":[{"id":0,"image":"assets/collect-obj/gift-circle.png","imageheight":56,"imagewidth":54,"properties":[{"name":"value","type":"int","value":10}],"type":"gift-circle"},{"id":1,"image":"assets/collect-obj/gift-heart.png","imageheight":48,"imagewidth":49,"properties":[{"name":"value","type":"int","value":10}],"type":"gift-heart"},{"id":2,"image":"assets/collect-obj/gift-square.png","imageheight":48,"imagewidth":60,"properties":[{"name":"value","type":"int","value":10}],"type":"gift-square"},{"id":3,"image":"assets/collect-obj/coin.png","imageheight":31,"imagewidth":31,"properties":[{"name":"value","type":"int","value":1}],"type":"coin"}],"tilewidth":82},{"columns":0,"firstgid":86,"grid":{"height":1,"orientation":"orthogonal","width":1},"margin":0,"name":"decor-obj","spacing":0,"tilecount":6,"tileheight":320,"tiles":[{"id":3,"image":"assets/decor-obj/handkerchief-1.png","imageheight":160,"imagewidth":347},{"id":4,"image":"assets/decor-obj/handkerchief-2.png","imageheight":160,"imagewidth":345},{"id":5,"image":"assets/decor-obj/handkerchief-3.png","imageheight":160,"imagewidth":346},{"id":6,"image":"assets/decor-obj/handkerchief-4.png","imageheight":160,"imagewidth":344},{"id":7,"image":"assets/decor-obj/handkerchief-5.png","imageheight":160,"imagewidth":344},{"id":8,"image":"assets/decor-obj/handkerchief-6.png","imageheight":160,"imagewidth":344}],"tilewidth":693},{"columns":0,"firstgid":95,"grid":{"height":1,"orientation":"orthogonal","width":1},"margin":0,"name":"decor-obj-behind","spacing":0,"tilecount":18,"tileheight":142,"tiles":[{"id":0,"image":"assets/decor-obj-behind/book-1.png","imageheight":46,"imagewidth":116},{"id":1,"image":"assets/decor-obj-behind/book-2.png","imageheight":43,"imagewidth":118},{"id":2,"image":"assets/decor-obj-behind/book-3.png","imageheight":41,"imagewidth":111},{"id":3,"image":"assets/decor-obj-behind/book-4.png","imageheight":39,"imagewidth":106},{"id":4,"image":"assets/decor-obj-behind/book-5.png","imageheight":39,"imagewidth":99},{"id":5,"image":"assets/decor-obj-behind/cookies-1.png","imageheight":48,"imagewidth":74},{"id":6,"image":"assets/decor-obj-behind/cookies-2.png","imageheight":30,"imagewidth":92},{"id":7,"image":"assets/decor-obj-behind/crayon-blue.png","imageheight":28,"imagewidth":26},{"id":8,"image":"assets/decor-obj-behind/crayon-green.png","imageheight":20,"imagewidth":31},{"id":9,"image":"assets/decor-obj-behind/crayon-pink-yellow.png","imageheight":32,"imagewidth":57},{"id":10,"image":"assets/decor-obj-behind/fork.png","imageheight":43,"imagewidth":76},{"id":11,"image":"assets/decor-obj-behind/fork-2.png","imageheight":43,"imagewidth":74},{"id":12,"image":"assets/decor-obj-behind/glove.png","imageheight":50,"imagewidth":82},{"id":13,"image":"assets/decor-obj-behind/knife.png","imageheight":48,"imagewidth":47},{"id":14,"image":"assets/decor-obj-behind/rolling-pin.png","imageheight":48,"imagewidth":120},{"id":15,"image":"assets/decor-obj-behind/sandwich.png","imageheight":32,"imagewidth":62},{"id":16,"image":"assets/decor-obj-behind/spoon.png","imageheight":41,"imagewidth":71},{"id":17,"image":"assets/decor-obj-behind/wood-spoon.png","imageheight":41,"imagewidth":71}],"tilewidth":342},{"columns":0,"firstgid":113,"grid":{"height":1,"orientation":"orthogonal","width":1},"margin":0,"name":"goal-obj","spacing":0,"tilecount":2,"tileheight":192,"tiles":[{"id":0,"image":"assets/goal-obj/cheese-1.png","imageheight":192,"imagewidth":192},{"id":1,"image":"assets/goal-obj/cheese-2.png","imageheight":172,"imagewidth":194}],"tilewidth":307},{"columns":0,"firstgid":115,"grid":{"height":1,"orientation":"orthogonal","width":1},"margin":0,"name":"interactable-obj","spacing":0,"tilecount":6,"tileheight":134,"tiles":[{"id":0,"image":"assets/interactable-obj/blue-button-down.png","imageheight":32,"imagewidth":59},{"id":1,"image":"assets/interactable-obj/blue-button-up.png","imageheight":35,"imagewidth":59},{"id":2,"image":"assets/interactable-obj/joystick.png","imageheight":66,"imagewidth":45},{"id":3,"image":"assets/interactable-obj/joystick-down.png","imageheight":58,"imagewidth":59},{"id":4,"image":"assets/interactable-obj/red-button-down.png","imageheight":32,"imagewidth":59},{"id":5,"image":"assets/interactable-obj/red-button-up.png","imageheight":36,"imagewidth":59}],"tilewidth":121},{"columns":0,"firstgid":121,"grid":{"height":1,"orientation":"orthogonal","width":1},"margin":0,"name":"movement-modifier-obj","spacing":0,"tilecount":3,"tileheight":110,"tiles":[{"id":0,"image":"assets/movement-modifier-obj/boxing.png","imageheight":55,"imagewidth":98,"properties":[{"name":"direction","type":"string","value":"right"},{"name":"speed","type":"int","value":346}],"type":"boxing"},{"id":1,"image":"assets/movement-modifier-obj/conveyor.png","imageheight":37,"imagewidth":121,"properties":[{"name":"direction","type":"string","value":"left"},{"name":"speed","type":"int","value":51}],"type":"conveyor"},{"id":2,"image":"assets/movement-modifier-obj/liquid.png","imageheight":37,"imagewidth":108,"type":"liquid"}],"tilewidth":241},{"columns":0,"firstgid":124,"grid":{"height":1,"orientation":"orthogonal","width":1},"margin":0,"name":"moving-obj","spacing":0,"tilecount":2,"tileheight":424,"tiles":[{"id":0,"image":"assets/moving-obj/icecream-truck.png","imageheight":206,"imagewidth":202},{"id":1,"image":"assets/moving-obj/tank.png","imageheight":140,"imagewidth":186}],"tilewidth":564},{"columns":0,"firstgid":126,"grid":{"height":1,"orientation":"orthogonal","width":1},"margin":0,"name":"seethrough-obj","spacing":0,"tilecount":8,"tileheight":165,"tiles":[{"id":0,"image":"assets/seethrough-obj/crystall-ball.png","imageheight":121,"imagewidth":113,"type":"crystall-ball"},{"id":1,"image":"assets/seethrough-obj/empty-bottle-1.png","imageheight":111,"imagewidth":51,"type":"empty-bottle-1"},{"id":2,"image":"assets/seethrough-obj/empty-bottle-2.png","imageheight":162,"imagewidth":52,"type":"empty-bottle-2"},{"id":3,"image":"assets/seethrough-obj/glass.png","imageheight":93,"imagewidth":59,"type":"glass"},{"id":4,"image":"assets/seethrough-obj/glasses.png","imageheight":92,"imagewidth":135,"type":"glasses"},{"id":5,"image":"assets/seethrough-obj/king.png","imageheight":130,"imagewidth":50,"type":"king"},{"id":6,"image":"assets/seethrough-obj/knight.png","imageheight":92,"imagewidth":45,"type":"knight"},{"id":7,"image":"assets/seethrough-obj/queen.png","imageheight":111,"imagewidth":50,"type":"queen"}],"tilewidth":138},{"columns":0,"firstgid":134,"grid":{"height":1,"orientation":"orthogonal","width":1},"margin":0,"name":"speed-modifier-obj","spacing":0,"tilecount":2,"tileheight":43,"tiles":[{"id":0,"image":"assets/speed-modifier-obj/chocolate.png","imageheight":36,"imagewidth":99,"properties":[{"name":"speedBonusPercent","type":"float","value":0.5},{"name":"speedDuration","type":"float","value":1}],"type":"chocolate"},{"id":1,"image":"assets/speed-modifier-obj/skateboard.png","imageheight":42,"imagewidth":101,"properties":[{"name":"speedBonusPercent","type":"float","value":2},{"name":"speedDuration","type":"float","value":1.2}],"type":"skateboard"}],"tilewidth":104},{"columns":0,"firstgid":136,"grid":{"height":1,"orientation":"orthogonal","width":1},"margin":0,"name":"trap-obj","spacing":0,"tilecount":3,"tileheight":445,"tiles":[{"id":0,"image":"assets/trap-obj/balloon.png","imageheight":223,"imagewidth":147},{"id":1,"image":"assets/trap-obj/crab.png","imageheight":116,"imagewidth":183},{"id":2,"image":"assets/trap-obj/spaceship.png","imageheight":185,"imagewidth":134}],"tilewidth":365},{"columns":0,"firstgid":139,"grid":{"height":1,"orientation":"orthogonal","width":1},"margin":0,"name":"players","spacing":0,"tilecount":2,"tileheight":328,"tiles":[{"id":0,"image":"assets/players/boy.png","imageheight":164,"imagewidth":260,"type":"watcher"},{"id":1,"image":"assets/players/mouse.png","imageheight":76,"imagewidth":63,"type":"player"}],"tilewidth":520},{"columns":4,"firstgid":141,"image":"assets/tileset/tileset.png","imageheight":116,"imagewidth":116,"margin":0,"name":"tileset","spacing":0,"tilecount":16,"tileheight":29,"tilewidth":29},{"columns":0,"firstgid":157,"grid":{"height":1,"orientation":"orthogonal","width":1},"margin":0,"name":"symbol","spacing":0,"tilecount":5,"tileheight":100,"tiles":[{"id":0,"image":"assets/symbol/eye.svg","imageheight":100,"imagewidth":100,"properties":[{"name":"duration","type":"float","value":2},{"name":"watch-trigger-type","type":"string","value":"straight"}],"type":"watch-trigger"},{"id":1,"image":"assets/symbol/start.svg","imageheight":100,"imagewidth":100,"type":"start-point"},{"id":2,"image":"assets/symbol/stand.svg","imageheight":100,"imagewidth":100,"properties":[{"name":"duration","type":"float","value":2},{"name":"height-cap","type":"float","value":100}],"type":"stand-trigger"},{"id":3,"image":"assets/symbol/monkey.png","imageheight":100,"imagewidth":100,"properties":[{"name":"duration","type":"float","value":5}],"type":"monkey-trigger"},{"id":8,"image":"assets/symbol/eye_end.png","imageheight":100,"imagewidth":100,"type":"end-watch-trigger"}],"tilewidth":100},{"columns":0,"firstgid":166,"grid":{"height":1,"orientation":"orthogonal","width":1},"margin":0,"name":"symbol","spacing":0,"tilecount":10,"tileheight":164,"tiles":[{"id":0,"image":"assets/symbol/eye.svg","imageheight":100,"imagewidth":100,"properties":[{"name":"duration","type":"float","value":2}],"type":"watch-trigger"},{"id":1,"image":"assets/symbol/start.svg","imageheight":100,"imagewidth":100,"type":"start-point"},{"id":2,"image":"assets/symbol/stand.svg","imageheight":100,"imagewidth":100,"properties":[{"name":"duration","type":"float","value":2},{"name":"height-cap","type":"float","value":100}],"type":"stand-trigger"},{"id":3,"image":"assets/symbol/monkey.png","imageheight":100,"imagewidth":100,"properties":[{"name":"duration","type":"float","value":5}],"type":"monkey-trigger"},{"id":8,"image":"assets/symbol/eye_end.png","imageheight":100,"imagewidth":100,"type":"end-watch-trigger"},{"id":9,"image":"assets/symbol/rise.png","imageheight":164,"imagewidth":260,"properties":[{"name":"duration","type":"float","value":0},{"name":"height","type":"int","value":0}],"type":"rise"},{"id":10,"image":"assets/symbol/stare-trigger.png","imageheight":164,"imagewidth":260,"properties":[{"name":"beamDuration","type":"float","value":0},{"name":"beamHoldDuration","type":"float","value":0},{"name":"confuseDuration","type":"float","value":0},{"name":"fallDuration","type":"float","value":0},{"name":"winkDuration","type":"float","value":0}],"type":"stare-trigger"},{"id":11,"image":"assets/symbol/watch-trigger.png","imageheight":164,"imagewidth":260,"properties":[{"name":"beamDuration","type":"float","value":0},{"name":"beamHoldDuration","type":"float","value":0},{"name":"confuseDuration","type":"float","value":0},{"name":"fallDuration","type":"float","value":0},{"name":"winkDuration","type":"float","value":0}],"type":"watch-trigger"},{"id":12,"image":"assets/symbol/end-trigger.png","imageheight":164,"imagewidth":260,"type":"end-trigger"},{"id":13,"image":"assets/symbol/fall.png","imageheight":164,"imagewidth":260,"properties":[{"name":"duration","type":"float","value":0},{"name":"height","type":"int","value":0}],"type":"fall"}],"tilewidth":260}],"tilewidth":29,"type":"map","version":"1.6","width":160}