{"compressionlevel":1,"height":30,"infinite":false,"layers":[{"draworder":"topdown","id":34,"name":"watcher","objects":[{"gid":137,"height":164,"id":180,"name":"boy","rotation":0,"type":"watcher","visible":true,"width":260,"x":400,"y":262}],"opacity":1,"type":"objectgroup","visible":false,"x":0,"y":0},{"id":26,"layers":[{"draworder":"topdown","id":18,"name":"decor-obj-behind","objects":[{"gid":91,"height":48,"id":1443,"name":"rolling-pin","rotation":0,"type":"rolling-pin","visible":true,"width":120,"x":2592,"y":368},{"gid":83,"height":30,"id":1449,"name":"cookies-2","rotation":0,"type":"cookies-2","visible":true,"width":92,"x":2134,"y":359},{"gid":109,"height":48,"id":2054,"name":"rolling-pin","rotation":0,"type":"rolling-pin","visible":true,"width":120,"x":3085,"y":368},{"gid":107,"height":50,"id":2062,"name":"glove","rotation":0,"type":"glove","visible":true,"width":82,"x":3530,"y":369},{"gid":106,"height":43,"id":3444,"name":"fork-2","rotation":0,"type":"fork-2","visible":true,"width":74,"x":6044,"y":353},{"gid":105,"height":43,"id":3445,"name":"fork","rotation":0,"type":"fork","visible":true,"width":76,"x":5676,"y":354},{"gid":112,"height":41,"id":3446,"name":"wood-spoon","rotation":0,"type":"wood-spoon","visible":true,"width":71,"x":5865,"y":366},{"gid":19,"height":48,"id":3973,"name":"cookies-1","rotation":0,"type":"cookies-1","visible":true,"width":74,"x":6659,"y":359},{"gid":25,"height":43,"id":4071,"name":"fork-2","rotation":0,"type":"fork-2","visible":true,"width":74,"x":6269,"y":350},{"gid":101,"height":30,"id":4618,"name":"cookies-2","rotation":0,"type":"cookies-2","visible":true,"width":92,"x":7189,"y":353},{"gid":100,"height":48,"id":4621,"name":"cookies-1","rotation":0,"type":"cookies-1","visible":true,"width":74,"x":7937,"y":375},{"gid":96,"height":43,"id":4718,"name":"book-2","rotation":0,"type":"book-2","visible":true,"width":118,"x":7531,"y":360},{"gid":29,"height":32,"id":5419,"name":"sandwich","rotation":0,"type":"sandwich","visible":true,"width":62,"x":8177,"y":354}],"opacity":1,"type":"objectgroup","visible":true,"x":0,"y":0},{"draworder":"topdown","id":15,"name":"static-obj","objects":[{"gid":68,"height":301,"id":473,"name":"dying-tree","rotation":0,"type":"dying-tree","visible":true,"width":334,"x":290,"y":457},{"gid":168,"height":102,"id":1090,"name":"crab","rotation":0,"type":"crab","visible":true,"width":187,"x":924,"y":457},{"gid":168,"height":102,"id":1092,"name":"crab","rotation":0,"type":"crab","visible":true,"width":187,"x":1294,"y":457},{"gid":168,"height":102,"id":1094,"name":"crab","rotation":0,"type":"crab","visible":true,"width":187,"x":1664,"y":457},{"gid":58,"height":161,"id":1718,"name":"soft-drink-1","rotation":0,"type":"soft-drink-1","visible":true,"width":57,"x":2584,"y":462},{"gid":216,"height":102,"id":1726,"name":"crab","rotation":0,"type":"crab","visible":true,"width":187,"x":2047,"y":439},{"gid":56,"height":146,"id":2342,"name":"pencil","rotation":0,"type":"pencil","visible":true,"width":20,"x":2939,"y":462},{"gid":56,"height":146,"id":2345,"name":"pencil","rotation":0,"type":"pencil","visible":true,"width":20,"x":3038,"y":462},{"gid":56,"height":146,"id":2346,"name":"pencil","rotation":0,"type":"pencil","visible":true,"width":20,"x":3138,"y":462},{"gid":56,"height":146,"id":2347,"name":"pencil","rotation":0,"type":"pencil","visible":true,"width":20,"x":3238,"y":462},{"gid":56,"height":146,"id":2348,"name":"pencil","rotation":0,"type":"pencil","visible":true,"width":20,"x":3337,"y":462},{"gid":56,"height":146,"id":2349,"name":"pencil","rotation":0,"type":"pencil","visible":true,"width":20,"x":3436,"y":462},{"gid":56,"height":146,"id":2350,"name":"pencil","rotation":0,"type":"pencil","visible":true,"width":20,"x":3537,"y":462},{"gid":56,"height":146,"id":2351,"name":"pencil","rotation":0,"type":"pencil","visible":true,"width":20,"x":3636,"y":462},{"gid":56,"height":146,"id":2353,"name":"pencil","rotation":0,"type":"pencil","visible":true,"width":20,"x":3744,"y":462},{"gid":56,"height":146,"id":2354,"name":"pencil","rotation":0,"type":"pencil","visible":true,"width":20,"x":3844,"y":462},{"gid":56,"height":146,"id":2356,"name":"pencil","rotation":0,"type":"pencil","visible":true,"width":20,"x":3943,"y":462},{"gid":56,"height":146,"id":2362,"name":"pencil","rotation":0,"type":"pencil","visible":true,"width":20,"x":4243,"y":462},{"gid":56,"height":146,"id":2357,"name":"pencil","rotation":0,"type":"pencil","visible":true,"width":20,"x":4043,"y":462},{"gid":56,"height":146,"id":2361,"name":"pencil","rotation":0,"type":"pencil","visible":true,"width":20,"x":4342,"y":462},{"gid":56,"height":146,"id":2358,"name":"pencil","rotation":0,"type":"pencil","visible":true,"width":20,"x":4142,"y":462},{"gid":56,"height":146,"id":2360,"name":"pencil","rotation":0,"type":"pencil","visible":true,"width":20,"x":4442,"y":462},{"gid":44,"height":74,"id":2343,"name":"eraser","rotation":0,"type":"eraser","visible":true,"width":56,"x":2970,"y":464},{"gid":44,"height":74,"id":2344,"name":"eraser","rotation":0,"type":"eraser","visible":true,"width":56,"x":3275,"y":464},{"gid":44,"height":74,"id":2352,"name":"eraser","rotation":0,"type":"eraser","visible":true,"width":56,"x":3672,"y":464},{"gid":44,"height":74,"id":2355,"name":"eraser","rotation":0,"type":"eraser","visible":true,"width":56,"x":3875,"y":464},{"gid":44,"height":74,"id":2359,"name":"eraser","rotation":0,"type":"eraser","visible":true,"width":56,"x":4182,"y":464},{"gid":44,"height":74,"id":3233,"name":"eraser","rotation":0,"type":"eraser","visible":true,"width":56,"x":5734,"y":457},{"gid":56,"height":146,"id":3234,"name":"pencil","rotation":0,"type":"pencil","visible":true,"width":20,"x":5654,"y":457},{"gid":44,"height":74,"id":3237,"name":"eraser","rotation":0,"type":"eraser","visible":true,"width":56,"x":5934,"y":457},{"gid":56,"height":146,"id":3238,"name":"pencil","rotation":0,"type":"pencil","visible":true,"width":20,"x":5854,"y":457},{"gid":44,"height":74,"id":3239,"name":"eraser","rotation":0,"type":"eraser","visible":true,"width":56,"x":6134,"y":457},{"gid":56,"height":146,"id":3240,"name":"pencil","rotation":0,"type":"pencil","visible":true,"width":20,"x":6054,"y":457},{"gid":122,"height":149,"id":4169,"name":"ball","rotation":0,"type":"ball","visible":true,"width":146,"x":6435,"y":457},{"gid":118,"height":158,"id":5441,"name":"orange-juice","rotation":0,"type":"orange-juice","visible":true,"width":54,"x":8132,"y":457},{"gid":118,"height":158,"id":5452,"name":"orange-juice","rotation":0,"type":"orange-juice","visible":true,"width":54,"x":8186,"y":457},{"gid":118,"height":158,"id":5453,"name":"orange-juice","rotation":0,"type":"orange-juice","visible":true,"width":54,"x":8240,"y":457},{"gid":154,"height":184,"id":6181,"name":"spaceship","rotation":0,"type":"spaceship","visible":true,"width":131,"x":9019,"y":457},{"gid":154,"height":184,"id":6179,"name":"spaceship","rotation":0,"type":"spaceship","visible":true,"width":131,"x":8370,"y":457}],"opacity":1,"type":"objectgroup","visible":true,"x":0,"y":0},{"draworder":"topdown","id":45,"name":"collect-obj","objects":[{"gid":4,"height":31,"id":1100,"name":"coin","properties":[{"name":"isMoving","type":"bool","value":true},{"name":"value","type":"int","value":1}],"rotation":0,"type":"coin","visible":true,"width":31,"x":821,"y":450},{"gid":4,"height":31,"id":1102,"name":"coin","properties":[{"name":"isMoving","type":"bool","value":true},{"name":"value","type":"int","value":1}],"rotation":0,"type":"coin","visible":true,"width":31,"x":1189,"y":450},{"gid":4,"height":31,"id":1104,"name":"coin","properties":[{"name":"isMoving","type":"bool","value":true},{"name":"value","type":"int","value":1}],"rotation":0,"type":"coin","visible":true,"width":31,"x":1560,"y":450},{"gid":3,"height":48,"id":1108,"name":"gift-square","properties":[{"name":"value","type":"int","value":10}],"rotation":0,"type":"gift-square","visible":true,"width":60,"x":995,"y":480},{"gid":3,"height":48,"id":1109,"name":"gift-square","properties":[{"name":"value","type":"int","value":10}],"rotation":0,"type":"gift-square","visible":true,"width":60,"x":1365,"y":480},{"gid":3,"height":48,"id":1110,"name":"gift-square","properties":[{"name":"value","type":"int","value":10}],"rotation":0,"type":"gift-square","visible":true,"width":60,"x":1734,"y":480},{"gid":4,"height":31,"id":2981,"name":"coin","properties":[{"name":"isMoving","type":"bool","value":false},{"name":"value","type":"int","value":1}],"rotation":0,"type":"coin","visible":true,"width":31,"x":5199,"y":450},{"gid":4,"height":31,"id":2982,"name":"coin","properties":[{"name":"isMoving","type":"bool","value":false},{"name":"value","type":"int","value":1}],"rotation":0,"type":"coin","visible":true,"width":31,"x":4909,"y":450},{"gid":4,"height":31,"id":2983,"name":"coin","properties":[{"name":"isMoving","type":"bool","value":false},{"name":"value","type":"int","value":1}],"rotation":0,"type":"coin","visible":true,"width":31,"x":5257,"y":450},{"gid":4,"height":31,"id":2984,"name":"coin","properties":[{"name":"isMoving","type":"bool","value":false},{"name":"value","type":"int","value":1}],"rotation":0,"type":"coin","visible":true,"width":31,"x":4967,"y":450},{"gid":4,"height":31,"id":2985,"name":"coin","properties":[{"name":"isMoving","type":"bool","value":false},{"name":"value","type":"int","value":1}],"rotation":0,"type":"coin","visible":true,"width":31,"x":5315,"y":450},{"gid":4,"height":31,"id":2986,"name":"coin","properties":[{"name":"isMoving","type":"bool","value":false},{"name":"value","type":"int","value":1}],"rotation":0,"type":"coin","visible":true,"width":31,"x":5025,"y":450},{"gid":4,"height":31,"id":2987,"name":"coin","properties":[{"name":"isMoving","type":"bool","value":false},{"name":"value","type":"int","value":1}],"rotation":0,"type":"coin","visible":true,"width":31,"x":5373,"y":450},{"gid":4,"height":31,"id":2988,"name":"coin","properties":[{"name":"isMoving","type":"bool","value":false},{"name":"value","type":"int","value":1}],"rotation":0,"type":"coin","visible":true,"width":31,"x":5083,"y":450},{"gid":4,"height":31,"id":2989,"name":"coin","properties":[{"name":"isMoving","type":"bool","value":false},{"name":"value","type":"int","value":1}],"rotation":0,"type":"coin","visible":true,"width":31,"x":5431,"y":450},{"gid":4,"height":31,"id":2990,"name":"coin","properties":[{"name":"isMoving","type":"bool","value":false},{"name":"value","type":"int","value":1}],"rotation":0,"type":"coin","visible":true,"width":31,"x":5141,"y":450},{"gid":4,"height":31,"id":6167,"name":"coin","properties":[{"name":"isMoving","type":"bool","value":true},{"name":"value","type":"int","value":1}],"rotation":0,"type":"coin","visible":true,"width":31,"x":8626,"y":450},{"gid":4,"height":31,"id":6168,"name":"coin","properties":[{"name":"isMoving","type":"bool","value":true},{"name":"value","type":"int","value":1}],"rotation":0,"type":"coin","visible":true,"width":31,"x":8675,"y":450},{"gid":4,"height":31,"id":6169,"name":"coin","properties":[{"name":"isMoving","type":"bool","value":true},{"name":"value","type":"int","value":1}],"rotation":0,"type":"coin","visible":true,"width":31,"x":8724,"y":450}],"opacity":1,"type":"objectgroup","visible":true,"x":0,"y":0},{"draworder":"topdown","id":50,"name":"trap-obj","objects":[{"gid":76,"height":116,"id":1089,"name":"crab","rotation":0,"type":"crab","visible":true,"width":183,"x":741,"y":428},{"gid":76,"height":116,"id":1091,"name":"crab","rotation":0,"type":"crab","visible":true,"width":183,"x":1111,"y":428},{"gid":76,"height":116,"id":1093,"name":"crab","rotation":0,"type":"crab","visible":true,"width":183,"x":1481,"y":428},{"gid":124,"height":116,"id":1724,"name":"crab","rotation":0,"type":"crab","visible":true,"width":183,"x":2660,"y":435},{"gid":62,"height":185,"id":6182,"name":"spaceship","rotation":0,"type":"spaceship","visible":true,"width":134,"x":8864,"y":457},{"gid":62,"height":185,"id":6180,"name":"spaceship","rotation":0,"type":"spaceship","visible":true,"width":134,"x":8522,"y":457}],"opacity":1,"type":"objectgroup","visible":true,"x":0,"y":0},{"draworder":"topdown","id":49,"name":"seethrough-obj","objects":[{"gid":110,"height":162,"id":1719,"name":"empty-bottle-2","rotation":0,"type":"empty-bottle-2","visible":true,"width":52,"x":2378,"y":462},{"gid":60,"height":121,"id":4106,"name":"crystall-ball","rotation":0,"type":"crystall-ball","visible":true,"width":113,"x":6600,"y":457},{"gid":60,"height":121,"id":4108,"name":"crystall-ball","rotation":0,"type":"crystall-ball","visible":true,"width":113,"x":6746,"y":457},{"gid":60,"height":121,"id":4110,"name":"crystall-ball","rotation":0,"type":"crystall-ball","visible":true,"width":113,"x":6890,"y":457}],"opacity":1,"type":"objectgroup","visible":true,"x":0,"y":0},{"draworder":"topdown","id":43,"name":"speed-modifier-obj","objects":[{"gid":59,"height":42,"id":2966,"name":"skateboard","properties":[{"name":"speedBonusPercent","type":"float","value":2},{"name":"speedDuration","type":"float","value":1.2}],"rotation":0,"type":"skateboard","visible":true,"width":101,"x":4557,"y":483},{"gid":71,"height":36,"id":4098,"name":"chocolate-3","properties":[{"name":"speedBonusPercent","type":"float","value":0.5},{"name":"speedDuration","type":"float","value":0.01}],"rotation":0,"type":"chocolate-3","visible":true,"width":225,"x":6315,"y":484}],"opacity":1,"type":"objectgroup","visible":true,"x":0,"y":0},{"draworder":"topdown","id":51,"name":"movement-modifier-obj","objects":[],"opacity":1,"type":"objectgroup","visible":true,"x":0,"y":0},{"draworder":"topdown","id":51,"name":"sudden-obj","objects":[{"gid":140,"height":65,"id":2968,"name":"fallingBread","rotation":0,"type":"fallingBread","visible":true,"width":123,"x":4906,"y":449},{"gid":140,"height":65,"id":2969,"name":"fallingBread","rotation":0,"type":"fallingBread","visible":true,"width":123,"x":5051,"y":449},{"gid":140,"height":65,"id":2970,"name":"fallingBread","rotation":0,"type":"fallingBread","visible":true,"width":123,"x":5196,"y":449},{"gid":140,"height":65,"id":2971,"name":"fallingBread","rotation":0,"type":"fallingBread","visible":true,"width":123,"x":5341,"y":449}],"opacity":1,"type":"objectgroup","visible":true,"x":0,"y":0},{"draworder":"topdown","id":50,"name":"interactable-obj","objects":[{"gid":39,"height":36,"id":2967,"name":"red-button-up","properties":[{"name":"triggerID","type":"int","value":2968}],"rotation":0,"type":"red-button-up","visible":true,"width":59,"x":4731,"y":487},{"gid":39,"height":36,"id":2972,"name":"red-button-up","properties":[{"name":"triggerID","type":"int","value":2969}],"rotation":0,"type":"red-button-up","visible":true,"width":59,"x":4731,"y":487},{"gid":39,"height":36,"id":2973,"name":"red-button-up","properties":[{"name":"triggerID","type":"int","value":2970}],"rotation":0,"type":"red-button-up","visible":true,"width":59,"x":4731,"y":487},{"gid":39,"height":36,"id":2974,"name":"red-button-up","properties":[{"name":"triggerID","type":"int","value":2971}],"rotation":0,"type":"red-button-up","visible":true,"width":59,"x":4731,"y":487}],"opacity":1,"type":"objectgroup","visible":true,"x":0,"y":0},{"draworder":"topdown","id":48,"name":"moving-obj","objects":[{"gid":2147483773,"height":206,"id":4785,"name":"icecream-truck","properties":[{"name":"blockHeight","type":"int","value":70},{"name":"direction","type":"string","value":"left"},{"name":"movingLimit","type":"int","value":300},{"name":"speed","type":"int","value":29}],"rotation":0,"type":"icecream-truck","visible":true,"width":202,"x":7358,"y":459}],"opacity":1,"type":"objectgroup","visible":true,"x":0,"y":0},{"draworder":"topdown","id":19,"name":"goal-obj","objects":[{"gid":113,"height":192,"id":6550,"name":"cheese-1","rotation":0,"type":"cheese-1","visible":true,"width":192,"x":9363,"y":491}],"opacity":1,"type":"objectgroup","visible":true,"x":0,"y":0}],"name":"objects","opacity":1,"type":"group","visible":true,"x":0,"y":0},{"draworder":"topdown","id":33,"name":"player","objects":[{"gid":138,"height":76,"id":486,"name":"mouse","rotation":0,"type":"player","visible":false,"width":63,"x":100.638857782755,"y":471}],"opacity":1,"type":"objectgroup","visible":false,"x":0,"y":0},{"draworder":"topdown","id":40,"name":"symbol","objects":[{"gid":140,"height":100,"id":346,"name":"start-point","rotation":0,"type":"start-point","visible":true,"width":100,"x":190,"y":471},{"gid":179,"height":164,"id":1118,"name":"rise","properties":[{"name":"duration","type":"float","value":1},{"name":"height","type":"int","value":100}],"rotation":0,"type":"rise","visible":true,"width":260,"x":1454,"y":471},{"gid":180,"height":164,"id":1119,"name":"stare-trigger","properties":[{"name":"beamDuration","type":"float","value":1},{"name":"beamHoldDuration","type":"float","value":1},{"name":"confuseDuration","type":"float","value":1},{"name":"fallDuration","type":"float","value":0.6},{"name":"winkDuration","type":"float","value":1}],"rotation":0,"type":"stare-trigger","visible":true,"width":260,"x":1694,"y":471},{"gid":227,"height":164,"id":1729,"name":"rise","properties":[{"name":"duration","type":"float","value":1.8},{"name":"height","type":"int","value":100}],"rotation":0,"type":"rise","visible":true,"width":260,"x":2000,"y":471},{"gid":228,"height":164,"id":1730,"name":"stare-trigger","properties":[{"name":"beamDuration","type":"float","value":1},{"name":"beamHoldDuration","type":"float","value":1},{"name":"confuseDuration","type":"float","value":1},{"name":"fallDuration","type":"float","value":0.6},{"name":"winkDuration","type":"float","value":1}],"rotation":0,"type":"stare-trigger","visible":true,"width":260,"x":2420,"y":471},{"gid":164,"height":164,"id":2370,"name":"rise","properties":[{"name":"duration","type":"float","value":1},{"name":"height","type":"int","value":100}],"rotation":0,"type":"rise","visible":true,"width":260,"x":3421,"y":471},{"gid":165,"height":164,"id":2371,"name":"stare-trigger","properties":[{"name":"beamDuration","type":"float","value":1},{"name":"beamHoldDuration","type":"float","value":1},{"name":"confuseDuration","type":"float","value":1},{"name":"fallDuration","type":"float","value":3},{"name":"winkDuration","type":"float","value":1}],"rotation":0,"type":"stare-trigger","visible":true,"width":260,"x":3661,"y":471},{"gid":164,"height":164,"id":3535,"name":"rise","properties":[{"name":"duration","type":"float","value":4},{"name":"height","type":"int","value":100}],"rotation":0,"type":"rise","visible":true,"width":260,"x":5534,"y":471},{"gid":165,"height":164,"id":3536,"name":"stare-trigger","properties":[{"name":"beamDuration","type":"float","value":1},{"name":"beamHoldDuration","type":"float","value":1},{"name":"confuseDuration","type":"float","value":1},{"name":"fallDuration","type":"float","value":0.6},{"name":"winkDuration","type":"float","value":1}],"rotation":0,"type":"stare-trigger","visible":true,"width":260,"x":5906,"y":471},{"gid":179,"height":164,"id":4174,"name":"rise","properties":[{"name":"duration","type":"float","value":1},{"name":"height","type":"int","value":100}],"rotation":0,"type":"rise","visible":true,"width":260,"x":6276,"y":471},{"gid":180,"height":164,"id":4175,"name":"stare-trigger","properties":[{"name":"beamDuration","type":"float","value":1},{"name":"beamHoldDuration","type":"float","value":1},{"name":"confuseDuration","type":"float","value":1},{"name":"fallDuration","type":"float","value":0.6},{"name":"winkDuration","type":"float","value":1}],"rotation":0,"type":"stare-trigger","visible":true,"width":260,"x":6396,"y":471},{"gid":165,"height":164,"id":4864,"name":"rise","properties":[{"name":"duration","type":"float","value":1},{"name":"height","type":"int","value":100}],"rotation":0,"type":"rise","visible":true,"width":260,"x":7122,"y":471},{"gid":166,"height":164,"id":4865,"name":"stare-trigger","properties":[{"name":"beamDuration","type":"float","value":1},{"name":"beamHoldDuration","type":"float","value":1},{"name":"confuseDuration","type":"float","value":1},{"name":"fallDuration","type":"float","value":0.6},{"name":"winkDuration","type":"float","value":1}],"rotation":0,"type":"stare-trigger","visible":true,"width":260,"x":7362,"y":471},{"gid":164,"height":164,"id":6188,"name":"rise","properties":[{"name":"duration","type":"float","value":1},{"name":"height","type":"int","value":100}],"rotation":0,"type":"rise","visible":true,"width":260,"x":8481,"y":471},{"gid":165,"height":164,"id":6189,"name":"stare-trigger","properties":[{"name":"beamDuration","type":"float","value":1},{"name":"beamHoldDuration","type":"float","value":1},{"name":"confuseDuration","type":"float","value":1},{"name":"fallDuration","type":"float","value":0.6},{"name":"winkDuration","type":"float","value":1}],"rotation":0,"type":"stare-trigger","visible":true,"width":260,"x":8920,"y":471}],"opacity":1,"type":"objectgroup","visible":true,"x":0,"y":0}],"nextlayerid":51,"nextobjectid":487,"orientation":"orthogonal","renderorder":"right-down","tiledversion":"1.7.1","tileheight":20,"tilesets":[{"columns":0,"firstgid":1,"grid":{"height":1,"orientation":"orthogonal","width":1},"margin":0,"name":"static-obj","spacing":0,"tilecount":49,"tileheight":301,"tiles":[{"id":32,"image":"../maps/assets/static-obj/apple.png","type":"apple"},{"id":33,"image":"../maps/assets/static-obj/ball.png","type":"ball"},{"id":34,"image":"../maps/assets/static-obj/banana.png","type":"banana"},{"id":35,"image":"../maps/assets/static-obj/books.png","type":"books"},{"id":36,"image":"../maps/assets/static-obj/cactus.png","type":"cactus"},{"id":37,"image":"../maps/assets/static-obj/candy-bottle.png","type":"candy-bottle"},{"id":38,"image":"../maps/assets/static-obj/clock.png","type":"clock"},{"id":39,"image":"../maps/assets/static-obj/coca.png","type":"coca"},{"id":40,"image":"../maps/assets/static-obj/cupcake.png","type":"cupcake"},{"id":41,"image":"../maps/assets/static-obj/chest.png","type":"chest"},{"id":42,"image":"../maps/assets/static-obj/chest-2.png","type":"chest-2"},{"id":43,"image":"../maps/assets/static-obj/eraser.png","type":"eraser"},{"id":44,"image":"../maps/assets/static-obj/fries.png","type":"fries"},{"id":45,"image":"../maps/assets/static-obj/gavel-bottle.png","type":"gavel-bottle"},{"id":46,"image":"../maps/assets/static-obj/gummy-candy.png","type":"gummy-candy"},{"id":47,"image":"../maps/assets/static-obj/hamburger.png","type":"hamburger"},{"id":48,"image":"../maps/assets/static-obj/hotdog.png","type":"hotdog"},{"id":49,"image":"../maps/assets/static-obj/milk-bottle.png","type":"milk-bottle"},{"id":50,"image":"../maps/assets/static-obj/milk-glass.png","type":"milk-glass"},{"id":51,"image":"../maps/assets/static-obj/milk-tea.png","type":"milk-tea"},{"id":52,"image":"../maps/assets/static-obj/milk-tea-2.png","type":"milk-tea-2"},{"id":53,"image":"../maps/assets/static-obj/orange.png","type":"orange"},{"id":54,"image":"../maps/assets/static-obj/orange-juice.png","type":"orange-juice"},{"id":55,"image":"../maps/assets/static-obj/pencil.png","type":"pencil"},{"id":56,"image":"../maps/assets/static-obj/sandwiches.png","type":"sandwiches"},{"id":57,"image":"../maps/assets/static-obj/soft-drink-1.png","type":"soft-drink-1"},{"id":58,"image":"../maps/assets/static-obj/sugar-bottle.png","type":"sugar-bottle"},{"id":59,"image":"../maps/assets/static-obj/toaster.png","type":"toaster"},{"id":60,"image":"../maps/assets/static-obj/toy.png","type":"toy"},{"id":61,"image":"../maps/assets/static-obj/watermelon-1.png","type":"watermelon-1"},{"id":62,"image":"../maps/assets/static-obj/watermelon-2.png","type":"watermelon-2"},{"id":63,"image":"../maps/assets/static-obj/candy-star.png","type":"candy-star"},{"id":64,"image":"../maps/assets/static-obj/candy-umbrella.png","type":"candy-umbrella"},{"id":65,"image":"../maps/assets/static-obj/cat-mask.png","type":"cat-mask"},{"id":66,"image":"../maps/assets/static-obj/desk-phone.png","type":"desk-phone"},{"id":67,"image":"../maps/assets/static-obj/dying-tree.png","type":"dying-tree"},{"id":68,"image":"../maps/assets/static-obj/eclock.png","type":"eclock"},{"id":69,"image":"../maps/assets/static-obj/gift-box.png","type":"gift-box"},{"id":70,"image":"../maps/assets/static-obj/marble-ball.png","type":"marble-ball"},{"id":71,"image":"../maps/assets/static-obj/marble-ball-group.png","type":"marble-ball-group"},{"id":72,"image":"../maps/assets/static-obj/origami-bird.png","type":"origami-bird"},{"id":73,"image":"../maps/assets/static-obj/origami-rabbit.png","type":"origami-rabbit"},{"id":74,"image":"../maps/assets/static-obj/piggy-bank.png","type":"piggy-bank"},{"id":75,"image":"../maps/assets/static-obj/square-origami.png","type":"square-origami"},{"id":76,"image":"../maps/assets/static-obj/teddy-bear.png","type":"teddy-bear"},{"id":77,"image":"../maps/assets/static-obj/zippo.png","type":"zippo"},{"id":78,"image":"../../Downloads/x2_2/x2/gameplay/static-obj/balloon.png","type":"balloon"},{"id":79,"image":"../../Downloads/x2_2/x2/gameplay/static-obj/crab.png","type":"crab"},{"id":80,"image":"../../Downloads/x2_2/x2/gameplay/static-obj/spaceship.png","type":"spaceship"}],"tilewidth":334},{"columns":0,"firstgid":82,"grid":{"height":1,"orientation":"orthogonal","width":1},"margin":0,"name":"collect-obj","spacing":0,"tilecount":4,"tileheight":82,"tiles":[{"id":0,"image":"../maps/assets/collect-obj/gift-circle.png","properties":[{"name":"value","type":"int","value":10}],"type":"gift-circle"},{"id":1,"image":"../maps/assets/collect-obj/gift-heart.png","properties":[{"name":"value","type":"int","value":10}],"type":"gift-heart"},{"id":2,"image":"../maps/assets/collect-obj/gift-square.png","properties":[{"name":"value","type":"int","value":10}],"type":"gift-square"},{"id":3,"image":"../maps/assets/collect-obj/coin.png","properties":[{"name":"value","type":"int","value":1}],"type":"coin"}],"tilewidth":82},{"columns":0,"firstgid":86,"grid":{"height":1,"orientation":"orthogonal","width":1},"margin":0,"name":"decor-obj","spacing":0,"tilecount":6,"tileheight":320,"tiles":[{"id":3,"image":"../maps/assets/decor-obj/handkerchief-1.png","type":"handkerchief-1"},{"id":4,"image":"../maps/assets/decor-obj/handkerchief-2.png","type":"handkerchief-2"},{"id":5,"image":"../maps/assets/decor-obj/handkerchief-3.png","type":"handkerchief-3"},{"id":6,"image":"../maps/assets/decor-obj/handkerchief-4.png","type":"handkerchief-4"},{"id":7,"image":"../maps/assets/decor-obj/handkerchief-5.png","type":"handkerchief-5"},{"id":8,"image":"../maps/assets/decor-obj/handkerchief-6.png","type":"handkerchief-6"}],"tilewidth":693},{"columns":0,"firstgid":95,"grid":{"height":1,"orientation":"orthogonal","width":1},"margin":0,"name":"decor-obj-behind","spacing":0,"tilecount":18,"tileheight":142,"tiles":[{"id":0,"image":"../maps/assets/decor-obj-behind/book-1.png","type":"book-1"},{"id":1,"image":"../maps/assets/decor-obj-behind/book-2.png","type":"book-2"},{"id":2,"image":"../maps/assets/decor-obj-behind/book-3.png","type":"book-3"},{"id":3,"image":"../maps/assets/decor-obj-behind/book-4.png","type":"book-4"},{"id":4,"image":"../maps/assets/decor-obj-behind/book-5.png","type":"book-5"},{"id":5,"image":"../maps/assets/decor-obj-behind/cookies-1.png","type":"cookies-1"},{"id":6,"image":"../maps/assets/decor-obj-behind/cookies-2.png","type":"cookies-2"},{"id":7,"image":"../maps/assets/decor-obj-behind/crayon-blue.png","type":"crayon-blue"},{"id":8,"image":"../maps/assets/decor-obj-behind/crayon-green.png","type":"crayon-green"},{"id":9,"image":"../maps/assets/decor-obj-behind/crayon-pink-yellow.png","type":"crayon-pink-yellow"},{"id":10,"image":"../maps/assets/decor-obj-behind/fork.png","type":"fork"},{"id":11,"image":"../maps/assets/decor-obj-behind/fork-2.png","type":"fork-2"},{"id":12,"image":"../maps/assets/decor-obj-behind/glove.png","type":"glove"},{"id":13,"image":"../maps/assets/decor-obj-behind/knife.png","type":"knife"},{"id":14,"image":"../maps/assets/decor-obj-behind/rolling-pin.png","type":"rolling-pin"},{"id":15,"image":"../maps/assets/decor-obj-behind/sandwich.png","type":"sandwich"},{"id":16,"image":"../maps/assets/decor-obj-behind/spoon.png","type":"spoon"},{"id":17,"image":"../maps/assets/decor-obj-behind/wood-spoon.png","type":"wood-spoon"}],"tilewidth":342},{"columns":0,"firstgid":113,"grid":{"height":1,"orientation":"orthogonal","width":1},"margin":0,"name":"goal-obj","spacing":0,"tilecount":2,"tileheight":192,"tiles":[{"id":0,"image":"../maps/assets/goal-obj/cheese-1.png","type":"cheese-1"},{"id":1,"image":"../maps/assets/goal-obj/cheese-2.png","type":"cheese-2"}],"tilewidth":307},{"columns":0,"firstgid":115,"grid":{"height":1,"orientation":"orthogonal","width":1},"margin":0,"name":"interactable-obj","spacing":0,"tilecount":6,"tileheight":134,"tiles":[{"id":0,"image":"../maps/assets/interactable-obj/blue-button-down.png","properties":[{"name":"triggerID","type":"int","value":0}],"type":"blue-button-down"},{"id":1,"image":"../maps/assets/interactable-obj/blue-button-up.png","properties":[{"name":"triggerID","type":"int","value":0}],"type":"blue-button-up"},{"id":2,"image":"../maps/assets/interactable-obj/joystick.png","properties":[{"name":"triggerID","type":"int","value":0}],"type":"joystick"},{"id":3,"image":"../maps/assets/interactable-obj/joystick-down.png","properties":[{"name":"triggerID","type":"int","value":0}],"type":"joystick-down"},{"id":4,"image":"../maps/assets/interactable-obj/red-button-down.png","properties":[{"name":"triggerID","type":"int","value":0}],"type":"red-button-down"},{"id":5,"image":"../maps/assets/interactable-obj/red-button-up.png","properties":[{"name":"triggerID","type":"int","value":0}],"type":"red-button-up"}],"tilewidth":121},{"columns":0,"firstgid":121,"grid":{"height":1,"orientation":"orthogonal","width":1},"margin":0,"name":"movement-modifier-obj","spacing":0,"tilecount":3,"tileheight":110,"tiles":[{"id":0,"image":"../maps/assets/movement-modifier-obj/boxing.png","properties":[{"name":"direction","type":"string","value":"right"},{"name":"speed","type":"int","value":100}],"type":"boxing"},{"id":1,"image":"../maps/assets/movement-modifier-obj/conveyor.png","properties":[{"name":"direction","type":"string","value":"left"},{"name":"speed","type":"int","value":30}],"type":"conveyor"},{"id":2,"image":"../maps/assets/movement-modifier-obj/liquid.png","type":"liquid"}],"tilewidth":241},{"columns":0,"firstgid":124,"grid":{"height":1,"orientation":"orthogonal","width":1},"margin":0,"name":"moving-obj","spacing":0,"tilecount":2,"tileheight":424,"tiles":[{"id":0,"image":"../maps/assets/moving-obj/icecream-truck.png","type":"icecream-truck"},{"id":1,"image":"../maps/assets/moving-obj/tank.png","type":"tank"}],"tilewidth":564},{"columns":0,"firstgid":126,"grid":{"height":1,"orientation":"orthogonal","width":1},"margin":0,"name":"seethrough-obj","spacing":0,"tilecount":8,"tileheight":165,"tiles":[{"id":0,"image":"../maps/assets/seethrough-obj/crystall-ball.png","type":"crystall-ball"},{"id":1,"image":"../maps/assets/seethrough-obj/empty-bottle-1.png","type":"empty-bottle-1"},{"id":2,"image":"../maps/assets/seethrough-obj/empty-bottle-2.png","type":"empty-bottle-2"},{"id":3,"image":"../maps/assets/seethrough-obj/glass.png","type":"glass"},{"id":4,"image":"../maps/assets/seethrough-obj/glasses.png","type":"glasses"},{"id":5,"image":"../maps/assets/seethrough-obj/king.png","type":"king"},{"id":6,"image":"../maps/assets/seethrough-obj/knight.png","type":"knight"},{"id":7,"image":"../maps/assets/seethrough-obj/queen.png","type":"queen"}],"tilewidth":138},{"columns":0,"firstgid":134,"grid":{"height":1,"orientation":"orthogonal","width":1},"margin":0,"name":"trap-obj","spacing":0,"tilecount":3,"tileheight":445,"tiles":[{"id":0,"image":"../maps/assets/trap-obj/balloon.png","type":"balloon"},{"id":1,"image":"../maps/assets/trap-obj/crab.png","type":"crab"},{"id":2,"image":"../maps/assets/trap-obj/spaceship.png","type":"spaceship"}],"tilewidth":365},{"columns":0,"firstgid":137,"grid":{"height":1,"orientation":"orthogonal","width":1},"margin":0,"name":"players","spacing":0,"tilecount":2,"tileheight":328,"tiles":[{"id":0,"image":"../maps/assets/players/boy.png","type":"watcher"},{"id":1,"image":"../maps/assets/players/mouse.png","type":"player"}],"tilewidth":520},{"columns":4,"firstgid":139,"image":"../maps/assets/tileset/tileset.png","imageheight":116,"imagewidth":116,"margin":0,"name":"tileset","spacing":0,"tilecount":0,"tileheight":29,"tilewidth":29,"transformations":{"hflip":false,"preferuntransformed":true,"rotate":false,"vflip":false}},{"columns":0,"firstgid":139,"grid":{"height":1,"orientation":"orthogonal","width":1},"margin":0,"name":"symbol","spacing":0,"tilecount":10,"tileheight":164,"tiles":[{"id":0,"image":"../maps/assets/symbol/eye.svg","properties":[{"name":"duration","type":"float","value":2}],"type":"watch-trigger"},{"id":1,"image":"../maps/assets/symbol/start.svg","type":"start-point"},{"id":2,"image":"../maps/assets/symbol/stand.svg","properties":[{"name":"duration","type":"float","value":2},{"name":"height-cap","type":"float","value":100}],"type":"stand-trigger"},{"id":3,"image":"../maps/assets/symbol/monkey.png","properties":[{"name":"duration","type":"float","value":5}],"type":"monkey-trigger"},{"id":8,"image":"../maps/assets/symbol/eye_end.png","type":"end-watch-trigger"},{"id":9,"image":"../maps/assets/symbol/rise.png","properties":[{"name":"duration","type":"float","value":0},{"name":"height","type":"int","value":0}],"type":"rise"},{"id":10,"image":"../maps/assets/symbol/stare-trigger.png","properties":[{"name":"beamDuration","type":"float","value":0},{"name":"beamHoldDuration","type":"float","value":0},{"name":"confuseDuration","type":"float","value":0},{"name":"fallDuration","type":"float","value":0},{"name":"winkDuration","type":"float","value":0}],"type":"stare-trigger"},{"id":11,"image":"../maps/assets/symbol/watch-trigger.png","properties":[{"name":"beamDuration","type":"float","value":0},{"name":"beamHoldDuration","type":"float","value":0},{"name":"confuseDuration","type":"float","value":0},{"name":"fallDuration","type":"float","value":0},{"name":"winkDuration","type":"float","value":0}],"type":"watch-trigger"},{"id":12,"image":"../maps/assets/symbol/end-trigger.png","type":"end-trigger"},{"id":13,"image":"../maps/assets/symbol/fall.png","properties":[{"name":"duration","type":"float","value":0},{"name":"height","type":"int","value":0}],"type":"fall"}],"tilewidth":260},{"columns":0,"firstgid":153,"grid":{"height":1,"orientation":"orthogonal","width":1},"margin":0,"name":"speed-modifier-obj","spacing":0,"tilecount":6,"tileheight":55,"tiles":[{"id":0,"image":"../maps/assets/speed-modifier-obj/chocolate.png","properties":[{"name":"speedBonusPercent","type":"float","value":0.5},{"name":"speedDuration","type":"float","value":1}],"type":"chocolate-1"},{"id":2,"image":"../maps/assets/speed-modifier-obj/chocolate-2.png","type":"chocolate-2"},{"id":3,"image":"../maps/assets/speed-modifier-obj/chocolate-3.png","type":"chocolate-3"},{"id":4,"image":"../maps/assets/speed-modifier-obj/chocolate-4.png","type":"chocolate-4"},{"id":5,"image":"../maps/assets/speed-modifier-obj/chocolate-5.png","type":"chocolate-5"},{"id":6,"image":"../maps/assets/speed-modifier-obj/skateboard.png","properties":[{"name":"speedBonusPercent","type":"float","value":2},{"name":"speedDuration","type":"float","value":1.2}],"type":"skateboard"}],"tilewidth":409}],"tilewidth":20,"type":"map","version":"1.6","width":485}