{"compressionlevel":1,"height":30,"infinite":false,"layers":[{"draworder":"topdown","id":34,"name":"watcher","objects":[{"gid":137,"height":164,"id":180,"name":"boy","rotation":0,"type":"watcher","visible":true,"width":260,"x":400,"y":262}],"opacity":1,"type":"objectgroup","visible":false,"x":0,"y":0},{"id":26,"layers":[{"draworder":"topdown","id":18,"name":"decor-obj-behind","objects":[{"gid":109,"height":48,"id":1027,"name":"rolling-pin","rotation":0,"type":"rolling-pin","visible":true,"width":120,"x":1705,"y":368},{"gid":101,"height":30,"id":1034,"name":"cookies-2","rotation":0,"type":"cookies-2","visible":true,"width":92,"x":1247,"y":359},{"gid":109,"height":48,"id":1447,"name":"rolling-pin","rotation":0,"type":"rolling-pin","visible":true,"width":120,"x":2024,"y":368},{"gid":107,"height":50,"id":1455,"name":"glove","rotation":0,"type":"glove","visible":true,"width":82,"x":2469,"y":369},{"gid":109,"height":48,"id":2086,"name":"rolling-pin","rotation":0,"type":"rolling-pin","visible":true,"width":120,"x":3909,"y":368},{"gid":101,"height":30,"id":2092,"name":"cookies-2","rotation":0,"type":"cookies-2","visible":true,"width":92,"x":3451,"y":359},{"gid":107,"height":50,"id":2094,"name":"glove","rotation":0,"type":"glove","visible":true,"width":82,"x":4354,"y":369},{"gid":109,"height":48,"id":2517,"name":"rolling-pin","rotation":0,"type":"rolling-pin","visible":true,"width":120,"x":5040,"y":368},{"gid":101,"height":30,"id":2523,"name":"cookies-2","rotation":0,"type":"cookies-2","visible":true,"width":92,"x":4582,"y":359},{"gid":101,"height":30,"id":4290,"name":"cookies-2","rotation":0,"type":"cookies-2","visible":true,"width":92,"x":6762,"y":353},{"gid":100,"height":48,"id":4293,"name":"cookies-1","rotation":0,"type":"cookies-1","visible":true,"width":74,"x":7510,"y":375},{"gid":96,"height":43,"id":4390,"name":"book-2","rotation":0,"type":"book-2","visible":true,"width":118,"x":7104,"y":360},{"gid":109,"height":48,"id":5491,"name":"rolling-pin","rotation":0,"type":"rolling-pin","visible":true,"width":120,"x":8868,"y":368},{"gid":107,"height":50,"id":5499,"name":"glove","rotation":0,"type":"glove","visible":true,"width":82,"x":9313,"y":369}],"opacity":1,"type":"objectgroup","visible":true,"x":0,"y":0},{"draworder":"topdown","id":15,"name":"static-obj","objects":[{"gid":68,"height":301,"id":473,"name":"dying-tree","rotation":0,"type":"dying-tree","visible":true,"width":334,"x":290,"y":457},{"gid":44,"height":74,"id":859,"name":"eraser","rotation":0,"type":"eraser","visible":true,"width":56,"x":960,"y":457},{"gid":44,"height":74,"id":862,"name":"eraser","rotation":0,"type":"eraser","visible":true,"width":56,"x":857,"y":457},{"gid":44,"height":74,"id":863,"name":"eraser","rotation":0,"type":"eraser","visible":true,"width":56,"x":755,"y":457},{"gid":35,"height":97,"id":1047,"name":"banana","rotation":0,"type":"banana","visible":true,"width":144,"x":1670,"y":457},{"gid":35,"height":97,"id":1124,"name":"banana","rotation":0,"type":"banana","visible":true,"width":144,"x":1380,"y":457},{"gid":35,"height":97,"id":1125,"name":"banana","rotation":0,"type":"banana","visible":true,"width":144,"x":1090,"y":457},{"gid":56,"height":146,"id":1735,"name":"pencil","rotation":0,"type":"pencil","visible":true,"width":20,"x":1878,"y":462},{"gid":56,"height":146,"id":1738,"name":"pencil","rotation":0,"type":"pencil","visible":true,"width":20,"x":1977,"y":462},{"gid":56,"height":146,"id":1739,"name":"pencil","rotation":0,"type":"pencil","visible":true,"width":20,"x":2077,"y":462},{"gid":56,"height":146,"id":1740,"name":"pencil","rotation":0,"type":"pencil","visible":true,"width":20,"x":2177,"y":462},{"gid":56,"height":146,"id":1741,"name":"pencil","rotation":0,"type":"pencil","visible":true,"width":20,"x":2276,"y":462},{"gid":56,"height":146,"id":1742,"name":"pencil","rotation":0,"type":"pencil","visible":true,"width":20,"x":2375,"y":462},{"gid":56,"height":146,"id":1743,"name":"pencil","rotation":0,"type":"pencil","visible":true,"width":20,"x":2476,"y":462},{"gid":56,"height":146,"id":1744,"name":"pencil","rotation":0,"type":"pencil","visible":true,"width":20,"x":2575,"y":462},{"gid":56,"height":146,"id":1746,"name":"pencil","rotation":0,"type":"pencil","visible":true,"width":20,"x":2683,"y":462},{"gid":56,"height":146,"id":1747,"name":"pencil","rotation":0,"type":"pencil","visible":true,"width":20,"x":2783,"y":462},{"gid":56,"height":146,"id":1749,"name":"pencil","rotation":0,"type":"pencil","visible":true,"width":20,"x":2882,"y":462},{"gid":56,"height":146,"id":1755,"name":"pencil","rotation":0,"type":"pencil","visible":true,"width":20,"x":3182,"y":462},{"gid":56,"height":146,"id":1750,"name":"pencil","rotation":0,"type":"pencil","visible":true,"width":20,"x":2982,"y":462},{"gid":56,"height":146,"id":1754,"name":"pencil","rotation":0,"type":"pencil","visible":true,"width":20,"x":3281,"y":462},{"gid":56,"height":146,"id":1751,"name":"pencil","rotation":0,"type":"pencil","visible":true,"width":20,"x":3081,"y":462},{"gid":56,"height":146,"id":1753,"name":"pencil","rotation":0,"type":"pencil","visible":true,"width":20,"x":3381,"y":462},{"gid":44,"height":74,"id":1736,"name":"eraser","rotation":0,"type":"eraser","visible":true,"width":56,"x":1909,"y":464},{"gid":44,"height":74,"id":1737,"name":"eraser","rotation":0,"type":"eraser","visible":true,"width":56,"x":2214,"y":464},{"gid":44,"height":74,"id":1745,"name":"eraser","rotation":0,"type":"eraser","visible":true,"width":56,"x":2611,"y":464},{"gid":44,"height":74,"id":1748,"name":"eraser","rotation":0,"type":"eraser","visible":true,"width":56,"x":2814,"y":464},{"gid":44,"height":74,"id":1752,"name":"eraser","rotation":0,"type":"eraser","visible":true,"width":56,"x":3121,"y":464},{"gid":33,"height":117,"id":2164,"name":"apple","rotation":0,"type":"apple","visible":true,"width":103,"x":3540,"y":457},{"gid":33,"height":117,"id":2194,"name":"apple","rotation":0,"type":"apple","visible":true,"width":103,"x":3967,"y":457},{"gid":33,"height":117,"id":2195,"name":"apple","rotation":0,"type":"apple","visible":true,"width":103,"x":3864,"y":457},{"gid":33,"height":117,"id":2176,"name":"apple","rotation":0,"type":"apple","visible":true,"width":103,"x":4282,"y":457},{"gid":42,"height":122,"id":2593,"name":"chest","rotation":0,"type":"chest","visible":true,"width":144,"x":4821,"y":458},{"gid":54,"height":108,"id":3207,"name":"orange","rotation":0,"type":"orange","visible":true,"width":98,"x":5643,"y":461},{"gid":164,"height":118,"id":3807,"name":"cat-mask","rotation":0,"type":"cat-mask","visible":true,"width":127,"x":6001,"y":457},{"gid":174,"height":82,"id":3808,"name":"square-origami","rotation":0,"type":"square-origami","visible":true,"width":132,"x":6230,"y":457},{"gid":168,"height":100,"id":3810,"name":"gift-box","rotation":0,"type":"gift-box","visible":true,"width":104,"x":6455,"y":457},{"gid":55,"height":158,"id":5155,"name":"orange-juice","rotation":0,"type":"orange-juice","visible":true,"width":54,"x":7971,"y":458},{"gid":56,"height":146,"id":5779,"name":"pencil","rotation":0,"type":"pencil","visible":true,"width":20,"x":8722,"y":462},{"gid":56,"height":146,"id":5782,"name":"pencil","rotation":0,"type":"pencil","visible":true,"width":20,"x":8821,"y":462},{"gid":56,"height":146,"id":5783,"name":"pencil","rotation":0,"type":"pencil","visible":true,"width":20,"x":8921,"y":462},{"gid":56,"height":146,"id":5784,"name":"pencil","rotation":0,"type":"pencil","visible":true,"width":20,"x":9021,"y":462},{"gid":56,"height":146,"id":5785,"name":"pencil","rotation":0,"type":"pencil","visible":true,"width":20,"x":9120,"y":462},{"gid":56,"height":146,"id":5786,"name":"pencil","rotation":0,"type":"pencil","visible":true,"width":20,"x":9219,"y":462},{"gid":56,"height":146,"id":5787,"name":"pencil","rotation":0,"type":"pencil","visible":true,"width":20,"x":9320,"y":462},{"gid":56,"height":146,"id":5788,"name":"pencil","rotation":0,"type":"pencil","visible":true,"width":20,"x":9419,"y":462},{"gid":56,"height":146,"id":5790,"name":"pencil","rotation":0,"type":"pencil","visible":true,"width":20,"x":9527,"y":462},{"gid":56,"height":146,"id":5791,"name":"pencil","rotation":0,"type":"pencil","visible":true,"width":20,"x":9627,"y":462},{"gid":56,"height":146,"id":5793,"name":"pencil","rotation":0,"type":"pencil","visible":true,"width":20,"x":9726,"y":462},{"gid":56,"height":146,"id":5799,"name":"pencil","rotation":0,"type":"pencil","visible":true,"width":20,"x":10026,"y":462},{"gid":56,"height":146,"id":5794,"name":"pencil","rotation":0,"type":"pencil","visible":true,"width":20,"x":9826,"y":462},{"gid":56,"height":146,"id":5798,"name":"pencil","rotation":0,"type":"pencil","visible":true,"width":20,"x":10125,"y":462},{"gid":56,"height":146,"id":5795,"name":"pencil","rotation":0,"type":"pencil","visible":true,"width":20,"x":9925,"y":462},{"gid":56,"height":146,"id":5797,"name":"pencil","rotation":0,"type":"pencil","visible":true,"width":20,"x":10225,"y":462},{"gid":44,"height":74,"id":5780,"name":"eraser","rotation":0,"type":"eraser","visible":true,"width":56,"x":8753,"y":464},{"gid":44,"height":74,"id":5781,"name":"eraser","rotation":0,"type":"eraser","visible":true,"width":56,"x":9058,"y":464},{"gid":44,"height":74,"id":5789,"name":"eraser","rotation":0,"type":"eraser","visible":true,"width":56,"x":9455,"y":464},{"gid":44,"height":74,"id":5792,"name":"eraser","rotation":0,"type":"eraser","visible":true,"width":56,"x":9658,"y":464},{"gid":44,"height":74,"id":5796,"name":"eraser","rotation":0,"type":"eraser","visible":true,"width":56,"x":9965,"y":464}],"opacity":1,"type":"objectgroup","visible":true,"x":0,"y":0},{"draworder":"topdown","id":45,"name":"collect-obj","objects":[{"gid":85,"height":31,"id":706,"name":"coin","properties":[{"name":"isMoving","type":"bool","value":false},{"name":"value","type":"int","value":1}],"rotation":0,"type":"coin","visible":true,"width":31,"x":921,"y":450},{"gid":85,"height":31,"id":861,"name":"coin","properties":[{"name":"isMoving","type":"bool","value":false},{"name":"value","type":"int","value":1}],"rotation":0,"type":"coin","visible":true,"width":31,"x":717,"y":450},{"gid":85,"height":31,"id":707,"name":"coin","properties":[{"name":"isMoving","type":"bool","value":false},{"name":"value","type":"int","value":1}],"rotation":0,"type":"coin","visible":true,"width":31,"x":1023,"y":450},{"gid":85,"height":31,"id":860,"name":"coin","properties":[{"name":"isMoving","type":"bool","value":false},{"name":"value","type":"int","value":1}],"rotation":0,"type":"coin","visible":true,"width":31,"x":819,"y":450},{"gid":85,"height":31,"id":1111,"name":"coin","properties":[{"name":"isMoving","type":"bool","value":false},{"name":"value","type":"int","value":1}],"rotation":0,"type":"coin","visible":true,"width":31,"x":1313,"y":450},{"gid":85,"height":31,"id":1112,"name":"coin","properties":[{"name":"isMoving","type":"bool","value":false},{"name":"value","type":"int","value":1}],"rotation":0,"type":"coin","visible":true,"width":31,"x":1413.67,"y":450},{"gid":85,"height":31,"id":1113,"name":"coin","properties":[{"name":"isMoving","type":"bool","value":false},{"name":"value","type":"int","value":1}],"rotation":0,"type":"coin","visible":true,"width":31,"x":1514,"y":450},{"gid":2,"height":48,"id":3825,"name":"gift-heart","properties":[{"name":"value","type":"int","value":10}],"rotation":0,"type":"gift-heart","visible":true,"width":49,"x":6484,"y":480},{"gid":1,"height":56,"id":3848,"name":"gift-circle","properties":[{"name":"value","type":"int","value":10}],"rotation":0,"type":"gift-circle","visible":true,"width":54,"x":6051,"y":480},{"gid":3,"height":48,"id":3849,"name":"gift-square","properties":[{"name":"value","type":"int","value":10}],"rotation":0,"type":"gift-square","visible":true,"width":60,"x":6261,"y":480}],"opacity":1,"type":"objectgroup","visible":true,"x":0,"y":0},{"draworder":"topdown","id":21,"name":"movement-modifier-obj","objects":[{"gid":122,"height":37,"id":1018,"name":"conveyor","properties":[{"name":"direction","type":"string","value":"left"},{"name":"speed","type":"int","value":120}],"rotation":0,"type":"conveyor","visible":true,"width":121,"x":1327,"y":483},{"gid":122,"height":37,"id":1110,"name":"conveyor","properties":[{"name":"direction","type":"string","value":"left"},{"name":"speed","type":"int","value":120}],"rotation":0,"type":"conveyor","visible":true,"width":121,"x":1418,"y":483},{"gid":160,"height":45,"id":5163,"name":"liquid-3","properties":[{"name":"slippingFriction","type":"float","value":0.4},{"name":"slippingSpeed","type":"int","value":110}],"rotation":0,"type":"liquid-3","visible":true,"width":226,"x":7816,"y":484}],"opacity":1,"type":"objectgroup","visible":true,"x":0,"y":0},{"draworder":"topdown","id":24,"name":"speed-modifier-obj","objects":[{"gid":134,"height":36,"id":1860,"name":"chocolate-1","properties":[{"name":"speedBonusPercent","type":"float","value":0.5},{"name":"speedDuration","type":"float","value":0.01}],"rotation":0,"type":"chocolate-1","visible":true,"width":99,"x":3730,"y":486},{"gid":134,"height":36,"id":2179,"name":"chocolate-1","properties":[{"name":"speedBonusPercent","type":"float","value":0.5},{"name":"speedDuration","type":"float","value":0.01}],"rotation":0,"type":"chocolate-1","visible":true,"width":99,"x":4101,"y":486}],"opacity":1,"type":"objectgroup","visible":true,"x":0,"y":0},{"draworder":"topdown","id":25,"name":"trap-obj","objects":[{"gid":123,"height":223,"id":3217,"name":"balloon","rotation":0,"type":"balloon","visible":true,"width":147,"x":5768,"y":459}],"opacity":1,"type":"objectgroup","visible":true,"x":0,"y":0},{"draworder":"topdown","id":23,"name":"seethrough-obj","objects":[{"gid":111,"height":105,"id":3206,"name":"glass","rotation":0,"type":"glass","visible":true,"width":68,"x":5494,"y":461}],"opacity":1,"type":"objectgroup","visible":true,"x":0,"y":0},{"draworder":"topdown","id":48,"name":"moving-obj","objects":[{"gid":2147483773,"height":206,"id":4457,"name":"icecream-truck","properties":[{"name":"blockHeight","type":"int","value":70},{"name":"direction","type":"string","value":"left"},{"name":"movingLimit","type":"int","value":300},{"name":"speed","type":"int","value":29}],"rotation":0,"type":"icecream-truck","visible":true,"width":202,"x":6931,"y":459}],"opacity":1,"type":"objectgroup","visible":true,"x":0,"y":0},{"draworder":"topdown","id":17,"name":"decor-obj","objects":[{"gid":91,"height":160,"id":4667,"name":"handkerchief-3","rotation":0,"type":"handkerchief-3","visible":false,"width":346,"x":8209,"y":541},{"gid":93,"height":160,"id":4669,"name":"handkerchief-5","rotation":0,"type":"handkerchief-5","visible":false,"width":344,"x":8209,"y":541},{"gid":94,"height":160,"id":4670,"name":"handkerchief-6","rotation":0,"type":"handkerchief-6","visible":false,"width":344,"x":8209,"y":541}],"opacity":1,"type":"objectgroup","visible":false,"x":0,"y":0},{"draworder":"topdown","id":19,"name":"goal-obj","objects":[{"gid":113,"height":192,"id":6169,"name":"cheese-1","rotation":0,"type":"cheese-1","visible":true,"width":192,"x":10444,"y":491}],"opacity":1,"type":"objectgroup","visible":true,"x":0,"y":0}],"name":"objects","opacity":1,"type":"group","visible":true,"x":0,"y":0},{"draworder":"topdown","id":33,"name":"player","objects":[{"gid":138,"height":76,"id":486,"name":"mouse","rotation":0,"type":"player","visible":false,"width":63,"x":100.638857782755,"y":471}],"opacity":1,"type":"objectgroup","visible":false,"x":0,"y":0},{"draworder":"topdown","id":40,"name":"symbol","objects":[{"gid":140,"height":100,"id":346,"name":"start-point","rotation":0,"type":"start-point","visible":true,"width":100,"x":190,"y":471},{"gid":159,"height":164,"id":1122,"name":"rise","properties":[{"name":"duration","type":"float","value":1},{"name":"height","type":"int","value":100}],"rotation":0,"type":"rise","visible":true,"width":260,"x":1113,"y":471},{"gid":160,"height":164,"id":1123,"name":"stare-trigger","properties":[{"name":"beamDuration","type":"float","value":1},{"name":"beamHoldDuration","type":"float","value":1},{"name":"confuseDuration","type":"float","value":1},{"name":"fallDuration","type":"float","value":0.6},{"name":"winkDuration","type":"float","value":1}],"rotation":0,"type":"stare-trigger","visible":true,"width":260,"x":1440,"y":471},{"gid":164,"height":164,"id":1763,"name":"rise","properties":[{"name":"duration","type":"float","value":1},{"name":"height","type":"int","value":100}],"rotation":0,"type":"rise","visible":true,"width":260,"x":2360,"y":471},{"gid":165,"height":164,"id":1764,"name":"stare-trigger","properties":[{"name":"beamDuration","type":"float","value":1},{"name":"beamHoldDuration","type":"float","value":1},{"name":"confuseDuration","type":"float","value":1},{"name":"fallDuration","type":"float","value":3},{"name":"winkDuration","type":"float","value":1}],"rotation":0,"type":"stare-trigger","visible":true,"width":260,"x":2600,"y":471},{"gid":164,"height":164,"id":2190,"name":"rise","properties":[{"name":"duration","type":"float","value":1},{"name":"height","type":"int","value":100}],"rotation":0,"type":"rise","visible":true,"width":260,"x":3509,"y":471},{"gid":165,"height":164,"id":2191,"name":"stare-trigger","properties":[{"name":"beamDuration","type":"float","value":1},{"name":"beamHoldDuration","type":"float","value":1},{"name":"confuseDuration","type":"float","value":1},{"name":"fallDuration","type":"float","value":0.6},{"name":"winkDuration","type":"float","value":1}],"rotation":0,"type":"stare-trigger","visible":true,"width":260,"x":3749,"y":471},{"gid":159,"height":164,"id":2604,"name":"rise","properties":[{"name":"duration","type":"float","value":1},{"name":"height","type":"int","value":100}],"rotation":0,"type":"rise","visible":true,"width":260,"x":4498,"y":471},{"gid":161,"height":164,"id":2605,"name":"watch-trigger","properties":[{"name":"beamDuration","type":"float","value":1},{"name":"beamHoldDuration","type":"float","value":15},{"name":"confuseDuration","type":"float","value":1},{"name":"fallDuration","type":"float","value":1},{"name":"winkDuration","type":"float","value":1}],"rotation":0,"type":"watch-trigger","visible":true,"width":260,"x":4738,"y":471},{"gid":227,"height":164,"id":3221,"name":"rise","properties":[{"name":"duration","type":"float","value":1},{"name":"height","type":"int","value":100}],"rotation":0,"type":"rise","visible":true,"width":260,"x":5260,"y":471},{"gid":228,"height":164,"id":3222,"name":"stare-trigger","properties":[{"name":"beamDuration","type":"float","value":1},{"name":"beamHoldDuration","type":"float","value":1},{"name":"confuseDuration","type":"float","value":1},{"name":"fallDuration","type":"float","value":0.6},{"name":"winkDuration","type":"float","value":1}],"rotation":0,"type":"stare-trigger","visible":true,"width":260,"x":5500,"y":471},{"gid":165,"height":164,"id":4536,"name":"rise","properties":[{"name":"duration","type":"float","value":1},{"name":"height","type":"int","value":100}],"rotation":0,"type":"rise","visible":true,"width":260,"x":6695,"y":471},{"gid":166,"height":164,"id":4537,"name":"stare-trigger","properties":[{"name":"beamDuration","type":"float","value":1},{"name":"beamHoldDuration","type":"float","value":1},{"name":"confuseDuration","type":"float","value":1},{"name":"fallDuration","type":"float","value":0.6},{"name":"winkDuration","type":"float","value":1}],"rotation":0,"type":"stare-trigger","visible":true,"width":260,"x":6935,"y":471},{"gid":180,"height":164,"id":5167,"name":"stare-trigger","properties":[{"name":"beamDuration","type":"float","value":1},{"name":"beamHoldDuration","type":"float","value":1},{"name":"confuseDuration","type":"float","value":1},{"name":"fallDuration","type":"float","value":0.6},{"name":"winkDuration","type":"float","value":1}],"rotation":0,"type":"stare-trigger","visible":true,"width":260,"x":7943,"y":471},{"gid":179,"height":164,"id":5169,"name":"rise","properties":[{"name":"duration","type":"float","value":2.1},{"name":"height","type":"int","value":100}],"rotation":0,"type":"rise","visible":true,"width":260,"x":7706,"y":471},{"gid":164,"height":164,"id":5807,"name":"rise","properties":[{"name":"duration","type":"float","value":1},{"name":"height","type":"int","value":100}],"rotation":0,"type":"rise","visible":true,"width":260,"x":9204,"y":471},{"gid":165,"height":164,"id":5808,"name":"stare-trigger","properties":[{"name":"beamDuration","type":"float","value":1},{"name":"beamHoldDuration","type":"float","value":1},{"name":"confuseDuration","type":"float","value":1},{"name":"fallDuration","type":"float","value":3},{"name":"winkDuration","type":"float","value":1}],"rotation":0,"type":"stare-trigger","visible":true,"width":260,"x":9444,"y":471}],"opacity":1,"type":"objectgroup","visible":true,"x":0,"y":0}],"nextlayerid":51,"nextobjectid":487,"orientation":"orthogonal","renderorder":"right-down","tiledversion":"1.7.1","tileheight":20,"tilesets":[{"columns":0,"firstgid":1,"grid":{"height":1,"orientation":"orthogonal","width":1},"margin":0,"name":"static-obj","spacing":0,"tilecount":49,"tileheight":301,"tiles":[{"id":32,"image":"../maps/assets/static-obj/apple.png","type":"apple"},{"id":33,"image":"../maps/assets/static-obj/ball.png","type":"ball"},{"id":34,"image":"../maps/assets/static-obj/banana.png","type":"banana"},{"id":35,"image":"../maps/assets/static-obj/books.png","type":"books"},{"id":36,"image":"../maps/assets/static-obj/cactus.png","type":"cactus"},{"id":37,"image":"../maps/assets/static-obj/candy-bottle.png","type":"candy-bottle"},{"id":38,"image":"../maps/assets/static-obj/clock.png","type":"clock"},{"id":39,"image":"../maps/assets/static-obj/coca.png","type":"coca"},{"id":40,"image":"../maps/assets/static-obj/cupcake.png","type":"cupcake"},{"id":41,"image":"../maps/assets/static-obj/chest.png","type":"chest"},{"id":42,"image":"../maps/assets/static-obj/chest-2.png","type":"chest-2"},{"id":43,"image":"../maps/assets/static-obj/eraser.png","type":"eraser"},{"id":44,"image":"../maps/assets/static-obj/fries.png","type":"fries"},{"id":45,"image":"../maps/assets/static-obj/gavel-bottle.png","type":"gavel-bottle"},{"id":46,"image":"../maps/assets/static-obj/gummy-candy.png","type":"gummy-candy"},{"id":47,"image":"../maps/assets/static-obj/hamburger.png","type":"hamburger"},{"id":48,"image":"../maps/assets/static-obj/hotdog.png","type":"hotdog"},{"id":49,"image":"../maps/assets/static-obj/milk-bottle.png","type":"milk-bottle"},{"id":50,"image":"../maps/assets/static-obj/milk-glass.png","type":"milk-glass"},{"id":51,"image":"../maps/assets/static-obj/milk-tea.png","type":"milk-tea"},{"id":52,"image":"../maps/assets/static-obj/milk-tea-2.png","type":"milk-tea-2"},{"id":53,"image":"../maps/assets/static-obj/orange.png","type":"orange"},{"id":54,"image":"../maps/assets/static-obj/orange-juice.png","type":"orange-juice"},{"id":55,"image":"../maps/assets/static-obj/pencil.png","type":"pencil"},{"id":56,"image":"../maps/assets/static-obj/sandwiches.png","type":"sandwiches"},{"id":57,"image":"../maps/assets/static-obj/soft-drink-1.png","type":"soft-drink-1"},{"id":58,"image":"../maps/assets/static-obj/sugar-bottle.png","type":"sugar-bottle"},{"id":59,"image":"../maps/assets/static-obj/toaster.png","type":"toaster"},{"id":60,"image":"../maps/assets/static-obj/toy.png","type":"toy"},{"id":61,"image":"../maps/assets/static-obj/watermelon-1.png","type":"watermelon-1"},{"id":62,"image":"../maps/assets/static-obj/watermelon-2.png","type":"watermelon-2"},{"id":63,"image":"../maps/assets/static-obj/candy-star.png","type":"candy-star"},{"id":64,"image":"../maps/assets/static-obj/candy-umbrella.png","type":"candy-umbrella"},{"id":65,"image":"../maps/assets/static-obj/cat-mask.png","type":"cat-mask"},{"id":66,"image":"../maps/assets/static-obj/desk-phone.png","type":"desk-phone"},{"id":67,"image":"../maps/assets/static-obj/dying-tree.png","type":"dying-tree"},{"id":68,"image":"../maps/assets/static-obj/eclock.png","type":"eclock"},{"id":69,"image":"../maps/assets/static-obj/gift-box.png","type":"gift-box"},{"id":70,"image":"../maps/assets/static-obj/marble-ball.png","type":"marble-ball"},{"id":71,"image":"../maps/assets/static-obj/marble-ball-group.png","type":"marble-ball-group"},{"id":72,"image":"../maps/assets/static-obj/origami-bird.png","type":"origami-bird"},{"id":73,"image":"../maps/assets/static-obj/origami-rabbit.png","type":"origami-rabbit"},{"id":74,"image":"../maps/assets/static-obj/piggy-bank.png","type":"piggy-bank"},{"id":75,"image":"../maps/assets/static-obj/square-origami.png","type":"square-origami"},{"id":76,"image":"../maps/assets/static-obj/teddy-bear.png","type":"teddy-bear"},{"id":77,"image":"../maps/assets/static-obj/zippo.png","type":"zippo"},{"id":78,"image":"../../Downloads/x2_2/x2/gameplay/static-obj/balloon.png","type":"balloon"},{"id":79,"image":"../../Downloads/x2_2/x2/gameplay/static-obj/crab.png","type":"crab"},{"id":80,"image":"../../Downloads/x2_2/x2/gameplay/static-obj/spaceship.png","type":"spaceship"}],"tilewidth":334},{"columns":0,"firstgid":82,"grid":{"height":1,"orientation":"orthogonal","width":1},"margin":0,"name":"collect-obj","spacing":0,"tilecount":4,"tileheight":82,"tiles":[{"id":0,"image":"../maps/assets/collect-obj/gift-circle.png","properties":[{"name":"value","type":"int","value":10}],"type":"gift-circle"},{"id":1,"image":"../maps/assets/collect-obj/gift-heart.png","properties":[{"name":"value","type":"int","value":10}],"type":"gift-heart"},{"id":2,"image":"../maps/assets/collect-obj/gift-square.png","properties":[{"name":"value","type":"int","value":10}],"type":"gift-square"},{"id":3,"image":"../maps/assets/collect-obj/coin.png","properties":[{"name":"value","type":"int","value":1}],"type":"coin"}],"tilewidth":82},{"columns":0,"firstgid":86,"grid":{"height":1,"orientation":"orthogonal","width":1},"margin":0,"name":"decor-obj","spacing":0,"tilecount":6,"tileheight":320,"tiles":[{"id":3,"image":"../maps/assets/decor-obj/handkerchief-1.png","type":"handkerchief-1"},{"id":4,"image":"../maps/assets/decor-obj/handkerchief-2.png","type":"handkerchief-2"},{"id":5,"image":"../maps/assets/decor-obj/handkerchief-3.png","type":"handkerchief-3"},{"id":6,"image":"../maps/assets/decor-obj/handkerchief-4.png","type":"handkerchief-4"},{"id":7,"image":"../maps/assets/decor-obj/handkerchief-5.png","type":"handkerchief-5"},{"id":8,"image":"../maps/assets/decor-obj/handkerchief-6.png","type":"handkerchief-6"}],"tilewidth":693},{"columns":0,"firstgid":95,"grid":{"height":1,"orientation":"orthogonal","width":1},"margin":0,"name":"decor-obj-behind","spacing":0,"tilecount":18,"tileheight":142,"tiles":[{"id":0,"image":"../maps/assets/decor-obj-behind/book-1.png","type":"book-1"},{"id":1,"image":"../maps/assets/decor-obj-behind/book-2.png","type":"book-2"},{"id":2,"image":"../maps/assets/decor-obj-behind/book-3.png","type":"book-3"},{"id":3,"image":"../maps/assets/decor-obj-behind/book-4.png","type":"book-4"},{"id":4,"image":"../maps/assets/decor-obj-behind/book-5.png","type":"book-5"},{"id":5,"image":"../maps/assets/decor-obj-behind/cookies-1.png","type":"cookies-1"},{"id":6,"image":"../maps/assets/decor-obj-behind/cookies-2.png","type":"cookies-2"},{"id":7,"image":"../maps/assets/decor-obj-behind/crayon-blue.png","type":"crayon-blue"},{"id":8,"image":"../maps/assets/decor-obj-behind/crayon-green.png","type":"crayon-green"},{"id":9,"image":"../maps/assets/decor-obj-behind/crayon-pink-yellow.png","type":"crayon-pink-yellow"},{"id":10,"image":"../maps/assets/decor-obj-behind/fork.png","type":"fork"},{"id":11,"image":"../maps/assets/decor-obj-behind/fork-2.png","type":"fork-2"},{"id":12,"image":"../maps/assets/decor-obj-behind/glove.png","type":"glove"},{"id":13,"image":"../maps/assets/decor-obj-behind/knife.png","type":"knife"},{"id":14,"image":"../maps/assets/decor-obj-behind/rolling-pin.png","type":"rolling-pin"},{"id":15,"image":"../maps/assets/decor-obj-behind/sandwich.png","type":"sandwich"},{"id":16,"image":"../maps/assets/decor-obj-behind/spoon.png","type":"spoon"},{"id":17,"image":"../maps/assets/decor-obj-behind/wood-spoon.png","type":"wood-spoon"}],"tilewidth":342},{"columns":0,"firstgid":113,"grid":{"height":1,"orientation":"orthogonal","width":1},"margin":0,"name":"goal-obj","spacing":0,"tilecount":2,"tileheight":192,"tiles":[{"id":0,"image":"../maps/assets/goal-obj/cheese-1.png","type":"cheese-1"},{"id":1,"image":"../maps/assets/goal-obj/cheese-2.png","type":"cheese-2"}],"tilewidth":307},{"columns":0,"firstgid":115,"grid":{"height":1,"orientation":"orthogonal","width":1},"margin":0,"name":"interactable-obj","spacing":0,"tilecount":6,"tileheight":134,"tiles":[{"id":0,"image":"../maps/assets/interactable-obj/blue-button-down.png","properties":[{"name":"triggerID","type":"int","value":0}],"type":"blue-button-down"},{"id":1,"image":"../maps/assets/interactable-obj/blue-button-up.png","properties":[{"name":"triggerID","type":"int","value":0}],"type":"blue-button-up"},{"id":2,"image":"../maps/assets/interactable-obj/joystick.png","properties":[{"name":"triggerID","type":"int","value":0}],"type":"joystick"},{"id":3,"image":"../maps/assets/interactable-obj/joystick-down.png","properties":[{"name":"triggerID","type":"int","value":0}],"type":"joystick-down"},{"id":4,"image":"../maps/assets/interactable-obj/red-button-down.png","properties":[{"name":"triggerID","type":"int","value":0}],"type":"red-button-down"},{"id":5,"image":"../maps/assets/interactable-obj/red-button-up.png","properties":[{"name":"triggerID","type":"int","value":0}],"type":"red-button-up"}],"tilewidth":121},{"columns":0,"firstgid":121,"grid":{"height":1,"orientation":"orthogonal","width":1},"margin":0,"name":"movement-modifier-obj","spacing":0,"tilecount":3,"tileheight":110,"tiles":[{"id":0,"image":"../maps/assets/movement-modifier-obj/boxing.png","properties":[{"name":"direction","type":"string","value":"right"},{"name":"speed","type":"int","value":100}],"type":"boxing"},{"id":1,"image":"../maps/assets/movement-modifier-obj/conveyor.png","properties":[{"name":"direction","type":"string","value":"left"},{"name":"speed","type":"int","value":30}],"type":"conveyor"},{"id":2,"image":"../maps/assets/movement-modifier-obj/liquid.png","type":"liquid"}],"tilewidth":241},{"columns":0,"firstgid":124,"grid":{"height":1,"orientation":"orthogonal","width":1},"margin":0,"name":"moving-obj","spacing":0,"tilecount":2,"tileheight":424,"tiles":[{"id":0,"image":"../maps/assets/moving-obj/icecream-truck.png","type":"icecream-truck"},{"id":1,"image":"../maps/assets/moving-obj/tank.png","type":"tank"}],"tilewidth":564},{"columns":0,"firstgid":126,"grid":{"height":1,"orientation":"orthogonal","width":1},"margin":0,"name":"seethrough-obj","spacing":0,"tilecount":8,"tileheight":165,"tiles":[{"id":0,"image":"../maps/assets/seethrough-obj/crystall-ball.png","type":"crystall-ball"},{"id":1,"image":"../maps/assets/seethrough-obj/empty-bottle-1.png","type":"empty-bottle-1"},{"id":2,"image":"../maps/assets/seethrough-obj/empty-bottle-2.png","type":"empty-bottle-2"},{"id":3,"image":"../maps/assets/seethrough-obj/glass.png","type":"glass"},{"id":4,"image":"../maps/assets/seethrough-obj/glasses.png","type":"glasses"},{"id":5,"image":"../maps/assets/seethrough-obj/king.png","type":"king"},{"id":6,"image":"../maps/assets/seethrough-obj/knight.png","type":"knight"},{"id":7,"image":"../maps/assets/seethrough-obj/queen.png","type":"queen"}],"tilewidth":138},{"columns":0,"firstgid":134,"grid":{"height":1,"orientation":"orthogonal","width":1},"margin":0,"name":"trap-obj","spacing":0,"tilecount":3,"tileheight":445,"tiles":[{"id":0,"image":"../maps/assets/trap-obj/balloon.png","type":"balloon"},{"id":1,"image":"../maps/assets/trap-obj/crab.png","type":"crab"},{"id":2,"image":"../maps/assets/trap-obj/spaceship.png","type":"spaceship"}],"tilewidth":365},{"columns":0,"firstgid":137,"grid":{"height":1,"orientation":"orthogonal","width":1},"margin":0,"name":"players","spacing":0,"tilecount":2,"tileheight":328,"tiles":[{"id":0,"image":"../maps/assets/players/boy.png","type":"watcher"},{"id":1,"image":"../maps/assets/players/mouse.png","type":"player"}],"tilewidth":520},{"columns":4,"firstgid":139,"image":"../maps/assets/tileset/tileset.png","imageheight":116,"imagewidth":116,"margin":0,"name":"tileset","spacing":0,"tilecount":0,"tileheight":29,"tilewidth":29,"transformations":{"hflip":false,"preferuntransformed":true,"rotate":false,"vflip":false}},{"columns":0,"firstgid":139,"grid":{"height":1,"orientation":"orthogonal","width":1},"margin":0,"name":"symbol","spacing":0,"tilecount":10,"tileheight":164,"tiles":[{"id":0,"image":"../maps/assets/symbol/eye.svg","properties":[{"name":"duration","type":"float","value":2}],"type":"watch-trigger"},{"id":1,"image":"../maps/assets/symbol/start.svg","type":"start-point"},{"id":2,"image":"../maps/assets/symbol/stand.svg","properties":[{"name":"duration","type":"float","value":2},{"name":"height-cap","type":"float","value":100}],"type":"stand-trigger"},{"id":3,"image":"../maps/assets/symbol/monkey.png","properties":[{"name":"duration","type":"float","value":5}],"type":"monkey-trigger"},{"id":8,"image":"../maps/assets/symbol/eye_end.png","type":"end-watch-trigger"},{"id":9,"image":"../maps/assets/symbol/rise.png","properties":[{"name":"duration","type":"float","value":0},{"name":"height","type":"int","value":0}],"type":"rise"},{"id":10,"image":"../maps/assets/symbol/stare-trigger.png","properties":[{"name":"beamDuration","type":"float","value":0},{"name":"beamHoldDuration","type":"float","value":0},{"name":"confuseDuration","type":"float","value":0},{"name":"fallDuration","type":"float","value":0},{"name":"winkDuration","type":"float","value":0}],"type":"stare-trigger"},{"id":11,"image":"../maps/assets/symbol/watch-trigger.png","properties":[{"name":"beamDuration","type":"float","value":0},{"name":"beamHoldDuration","type":"float","value":0},{"name":"confuseDuration","type":"float","value":0},{"name":"fallDuration","type":"float","value":0},{"name":"winkDuration","type":"float","value":0}],"type":"watch-trigger"},{"id":12,"image":"../maps/assets/symbol/end-trigger.png","type":"end-trigger"},{"id":13,"image":"../maps/assets/symbol/fall.png","properties":[{"name":"duration","type":"float","value":0},{"name":"height","type":"int","value":0}],"type":"fall"}],"tilewidth":260},{"columns":0,"firstgid":153,"grid":{"height":1,"orientation":"orthogonal","width":1},"margin":0,"name":"speed-modifier-obj","spacing":0,"tilecount":6,"tileheight":55,"tiles":[{"id":0,"image":"../maps/assets/speed-modifier-obj/chocolate.png","properties":[{"name":"speedBonusPercent","type":"float","value":0.5},{"name":"speedDuration","type":"float","value":1}],"type":"chocolate-1"},{"id":2,"image":"../maps/assets/speed-modifier-obj/chocolate-2.png","type":"chocolate-2"},{"id":3,"image":"../maps/assets/speed-modifier-obj/chocolate-3.png","type":"chocolate-3"},{"id":4,"image":"../maps/assets/speed-modifier-obj/chocolate-4.png","type":"chocolate-4"},{"id":5,"image":"../maps/assets/speed-modifier-obj/chocolate-5.png","type":"chocolate-5"},{"id":6,"image":"../maps/assets/speed-modifier-obj/skateboard.png","properties":[{"name":"speedBonusPercent","type":"float","value":2},{"name":"speedDuration","type":"float","value":1.2}],"type":"skateboard"}],"tilewidth":409}],"tilewidth":20,"type":"map","version":"1.6","width":541}