{"compressionlevel":1,"height":30,"infinite":false,"layers":[{"draworder":"topdown","id":34,"name":"watcher","objects":[{"gid":137,"height":164,"id":180,"name":"boy","rotation":0,"type":"watcher","visible":true,"width":260,"x":400,"y":262}],"opacity":1,"type":"objectgroup","visible":false,"x":0,"y":0},{"id":26,"layers":[{"draworder":"topdown","id":18,"name":"decor-obj-behind","objects":[{"gid":107,"height":50,"id":816,"name":"glove","rotation":0,"type":"glove","visible":true,"width":82,"x":804,"y":369},{"gid":109,"height":48,"id":1433,"name":"rolling-pin","rotation":0,"type":"rolling-pin","visible":true,"width":120,"x":1896,"y":368},{"gid":101,"height":30,"id":1439,"name":"cookies-2","rotation":0,"type":"cookies-2","visible":true,"width":92,"x":1438,"y":359},{"gid":107,"height":50,"id":1441,"name":"glove","rotation":0,"type":"glove","visible":true,"width":82,"x":2341,"y":369},{"gid":24,"height":43,"id":2089,"name":"fork","rotation":0,"type":"fork","visible":true,"width":76,"x":2654,"y":352},{"gid":31,"height":41,"id":2090,"name":"wood-spoon","rotation":0,"type":"wood-spoon","visible":true,"width":71,"x":2756,"y":364},{"gid":109,"height":48,"id":2534,"name":"rolling-pin","rotation":0,"type":"rolling-pin","visible":true,"width":120,"x":3143,"y":368},{"gid":107,"height":50,"id":2542,"name":"glove","rotation":0,"type":"glove","visible":true,"width":82,"x":3588,"y":369},{"gid":106,"height":43,"id":3299,"name":"fork-2","rotation":0,"type":"fork-2","visible":true,"width":74,"x":5087,"y":353},{"gid":105,"height":43,"id":3300,"name":"fork","rotation":0,"type":"fork","visible":true,"width":76,"x":4719,"y":354},{"gid":112,"height":41,"id":3301,"name":"wood-spoon","rotation":0,"type":"wood-spoon","visible":true,"width":71,"x":4908,"y":366},{"gid":17,"height":39,"id":3939,"name":"book-4","rotation":0,"type":"book-4","visible":true,"width":106,"x":5356,"y":356},{"gid":109,"height":48,"id":5759,"name":"rolling-pin","rotation":0,"type":"rolling-pin","visible":true,"width":120,"x":8222,"y":368},{"gid":101,"height":30,"id":5765,"name":"cookies-2","rotation":0,"type":"cookies-2","visible":true,"width":92,"x":7764,"y":359}],"opacity":1,"type":"objectgroup","visible":true,"x":0,"y":0},{"draworder":"topdown","id":15,"name":"static-obj","objects":[{"gid":68,"height":301,"id":473,"name":"dying-tree","rotation":0,"type":"dying-tree","visible":true,"width":334,"x":290,"y":457},{"gid":43,"height":142,"id":1095,"name":"chest-2","rotation":0,"type":"chest-2","visible":true,"width":167,"x":1202,"y":457},{"gid":33,"height":117,"id":1511,"name":"apple","rotation":0,"type":"apple","visible":true,"width":103,"x":1527,"y":457},{"gid":33,"height":117,"id":1541,"name":"apple","rotation":0,"type":"apple","visible":true,"width":103,"x":1954,"y":457},{"gid":33,"height":117,"id":1542,"name":"apple","rotation":0,"type":"apple","visible":true,"width":103,"x":1851,"y":457},{"gid":33,"height":117,"id":1523,"name":"apple","rotation":0,"type":"apple","visible":true,"width":103,"x":2269,"y":457},{"gid":56,"height":146,"id":2822,"name":"pencil","rotation":0,"type":"pencil","visible":true,"width":20,"x":2997,"y":462},{"gid":56,"height":146,"id":2825,"name":"pencil","rotation":0,"type":"pencil","visible":true,"width":20,"x":3096,"y":462},{"gid":56,"height":146,"id":2826,"name":"pencil","rotation":0,"type":"pencil","visible":true,"width":20,"x":3196,"y":462},{"gid":56,"height":146,"id":2827,"name":"pencil","rotation":0,"type":"pencil","visible":true,"width":20,"x":3296,"y":462},{"gid":56,"height":146,"id":2828,"name":"pencil","rotation":0,"type":"pencil","visible":true,"width":20,"x":3395,"y":462},{"gid":56,"height":146,"id":2829,"name":"pencil","rotation":0,"type":"pencil","visible":true,"width":20,"x":3494,"y":462},{"gid":56,"height":146,"id":2830,"name":"pencil","rotation":0,"type":"pencil","visible":true,"width":20,"x":3595,"y":462},{"gid":56,"height":146,"id":2831,"name":"pencil","rotation":0,"type":"pencil","visible":true,"width":20,"x":3694,"y":462},{"gid":56,"height":146,"id":2833,"name":"pencil","rotation":0,"type":"pencil","visible":true,"width":20,"x":3802,"y":462},{"gid":56,"height":146,"id":2834,"name":"pencil","rotation":0,"type":"pencil","visible":true,"width":20,"x":3902,"y":462},{"gid":56,"height":146,"id":2836,"name":"pencil","rotation":0,"type":"pencil","visible":true,"width":20,"x":4001,"y":462},{"gid":56,"height":146,"id":2842,"name":"pencil","rotation":0,"type":"pencil","visible":true,"width":20,"x":4301,"y":462},{"gid":56,"height":146,"id":2837,"name":"pencil","rotation":0,"type":"pencil","visible":true,"width":20,"x":4101,"y":462},{"gid":56,"height":146,"id":2841,"name":"pencil","rotation":0,"type":"pencil","visible":true,"width":20,"x":4400,"y":462},{"gid":56,"height":146,"id":2838,"name":"pencil","rotation":0,"type":"pencil","visible":true,"width":20,"x":4200,"y":462},{"gid":56,"height":146,"id":2840,"name":"pencil","rotation":0,"type":"pencil","visible":true,"width":20,"x":4500,"y":462},{"gid":44,"height":74,"id":2823,"name":"eraser","rotation":0,"type":"eraser","visible":true,"width":56,"x":3028,"y":464},{"gid":44,"height":74,"id":2824,"name":"eraser","rotation":0,"type":"eraser","visible":true,"width":56,"x":3333,"y":464},{"gid":44,"height":74,"id":2832,"name":"eraser","rotation":0,"type":"eraser","visible":true,"width":56,"x":3730,"y":464},{"gid":44,"height":74,"id":2835,"name":"eraser","rotation":0,"type":"eraser","visible":true,"width":56,"x":3933,"y":464},{"gid":44,"height":74,"id":2839,"name":"eraser","rotation":0,"type":"eraser","visible":true,"width":56,"x":4240,"y":464},{"gid":44,"height":74,"id":3088,"name":"eraser","rotation":0,"type":"eraser","visible":true,"width":56,"x":4777,"y":457},{"gid":56,"height":146,"id":3089,"name":"pencil","rotation":0,"type":"pencil","visible":true,"width":20,"x":4697,"y":457},{"gid":44,"height":74,"id":3092,"name":"eraser","rotation":0,"type":"eraser","visible":true,"width":56,"x":4977,"y":457},{"gid":56,"height":146,"id":3093,"name":"pencil","rotation":0,"type":"pencil","visible":true,"width":20,"x":4897,"y":457},{"gid":44,"height":74,"id":3094,"name":"eraser","rotation":0,"type":"eraser","visible":true,"width":56,"x":5177,"y":457},{"gid":56,"height":146,"id":3095,"name":"pencil","rotation":0,"type":"pencil","visible":true,"width":20,"x":5097,"y":457},{"gid":121,"height":161,"id":3968,"name":"soft-drink-1","rotation":0,"type":"soft-drink-1","visible":true,"width":57,"x":5262,"y":457},{"gid":121,"height":161,"id":3969,"name":"soft-drink-1","rotation":0,"type":"soft-drink-1","visible":true,"width":57,"x":5319,"y":457},{"gid":121,"height":161,"id":4062,"name":"soft-drink-1","rotation":0,"type":"soft-drink-1","visible":true,"width":57,"x":5376,"y":457},{"gid":144,"height":184,"id":4700,"name":"spaceship","rotation":0,"type":"spaceship","visible":true,"width":131,"x":5657,"y":457},{"gid":144,"height":184,"id":4702,"name":"spaceship","rotation":0,"type":"spaceship","visible":true,"width":131,"x":5950,"y":457},{"gid":144,"height":184,"id":4704,"name":"spaceship","rotation":0,"type":"spaceship","visible":true,"width":131,"x":6243,"y":457},{"gid":144,"height":184,"id":5386,"name":"spaceship","rotation":0,"type":"spaceship","visible":true,"width":131,"x":6759,"y":457},{"gid":144,"height":184,"id":5388,"name":"spaceship","rotation":0,"type":"spaceship","visible":true,"width":131,"x":7052,"y":457},{"gid":144,"height":184,"id":5390,"name":"spaceship","rotation":0,"type":"spaceship","visible":true,"width":131,"x":7345,"y":457},{"gid":42,"height":122,"id":5835,"name":"chest","rotation":0,"type":"chest","visible":true,"width":144,"x":8003,"y":458},{"gid":144,"height":184,"id":6488,"name":"spaceship","rotation":0,"type":"spaceship","visible":true,"width":131,"x":8586,"y":457},{"gid":144,"height":184,"id":6490,"name":"spaceship","rotation":0,"type":"spaceship","visible":true,"width":131,"x":8879,"y":457},{"gid":144,"height":184,"id":6492,"name":"spaceship","rotation":0,"type":"spaceship","visible":true,"width":131,"x":9172,"y":457}],"opacity":1,"type":"objectgroup","visible":true,"x":0,"y":0},{"draworder":"topdown","id":45,"name":"collect-obj","objects":[{"gid":4,"height":31,"id":1934,"name":"coin","properties":[{"name":"isMoving","type":"bool","value":true},{"name":"value","type":"int","value":1}],"rotation":0,"type":"coin","visible":true,"width":31,"x":2500,"y":450},{"gid":4,"height":31,"id":2129,"name":"coin","properties":[{"name":"isMoving","type":"bool","value":true},{"name":"value","type":"int","value":1}],"rotation":0,"type":"coin","visible":true,"width":31,"x":2645,"y":450},{"gid":4,"height":31,"id":1935,"name":"coin","properties":[{"name":"isMoving","type":"bool","value":true},{"name":"value","type":"int","value":1}],"rotation":0,"type":"coin","visible":true,"width":31,"x":2549,"y":450},{"gid":4,"height":31,"id":2128,"name":"coin","properties":[{"name":"isMoving","type":"bool","value":true},{"name":"value","type":"int","value":1}],"rotation":0,"type":"coin","visible":true,"width":31,"x":2694,"y":450},{"gid":4,"height":31,"id":1936,"name":"coin","properties":[{"name":"isMoving","type":"bool","value":true},{"name":"value","type":"int","value":1}],"rotation":0,"type":"coin","visible":true,"width":31,"x":2599,"y":450},{"gid":1,"height":56,"id":4733,"name":"gift-circle","properties":[{"name":"value","type":"int","value":10}],"rotation":0,"type":"gift-circle","visible":true,"width":54,"x":5695,"y":480},{"gid":1,"height":56,"id":4734,"name":"gift-circle","properties":[{"name":"value","type":"int","value":10}],"rotation":0,"type":"gift-circle","visible":true,"width":54,"x":5988,"y":480},{"gid":1,"height":56,"id":4735,"name":"gift-circle","properties":[{"name":"value","type":"int","value":10}],"rotation":0,"type":"gift-circle","visible":true,"width":54,"x":6280,"y":480},{"gid":1,"height":56,"id":5419,"name":"gift-circle","properties":[{"name":"value","type":"int","value":10}],"rotation":0,"type":"gift-circle","visible":true,"width":54,"x":6797,"y":480},{"gid":1,"height":56,"id":5420,"name":"gift-circle","properties":[{"name":"value","type":"int","value":10}],"rotation":0,"type":"gift-circle","visible":true,"width":54,"x":7090,"y":480},{"gid":1,"height":56,"id":5421,"name":"gift-circle","properties":[{"name":"value","type":"int","value":10}],"rotation":0,"type":"gift-circle","visible":true,"width":54,"x":7382,"y":480},{"gid":1,"height":56,"id":6521,"name":"gift-circle","properties":[{"name":"value","type":"int","value":10}],"rotation":0,"type":"gift-circle","visible":true,"width":54,"x":8624,"y":480},{"gid":1,"height":56,"id":6522,"name":"gift-circle","properties":[{"name":"value","type":"int","value":10}],"rotation":0,"type":"gift-circle","visible":true,"width":54,"x":8917,"y":480},{"gid":1,"height":56,"id":6523,"name":"gift-circle","properties":[{"name":"value","type":"int","value":10}],"rotation":0,"type":"gift-circle","visible":true,"width":54,"x":9209,"y":480}],"opacity":1,"type":"objectgroup","visible":true,"x":0,"y":0},{"draworder":"topdown","id":23,"name":"seethrough-obj","objects":[],"opacity":1,"type":"objectgroup","visible":true,"x":0,"y":0},{"draworder":"topdown","id":21,"name":"movement-modifier-obj","objects":[{"gid":122,"height":37,"id":1096,"name":"conveyor","properties":[{"name":"direction","type":"string","value":"left"},{"name":"speed","type":"int","value":120}],"rotation":0,"type":"conveyor","visible":true,"width":121,"x":1116,"y":488},{"gid":122,"height":37,"id":1097,"name":"conveyor","properties":[{"name":"direction","type":"string","value":"left"},{"name":"speed","type":"int","value":51}],"rotation":0,"type":"conveyor","visible":false,"width":121,"x":1205,"y":488}],"opacity":1,"type":"objectgroup","visible":true,"x":0,"y":0},{"draworder":"topdown","id":24,"name":"speed-modifier-obj","objects":[{"gid":134,"height":36,"id":1207,"name":"chocolate-1","properties":[{"name":"speedBonusPercent","type":"float","value":0.5},{"name":"speedDuration","type":"float","value":0.01}],"rotation":0,"type":"chocolate-1","visible":true,"width":99,"x":1717,"y":486},{"gid":134,"height":36,"id":1526,"name":"chocolate-1","properties":[{"name":"speedBonusPercent","type":"float","value":0.5},{"name":"speedDuration","type":"float","value":0.01}],"rotation":0,"type":"chocolate-1","visible":true,"width":99,"x":2088,"y":486},{"gid":169,"height":42,"id":4657,"name":"skateboard","properties":[{"name":"speedBonusPercent","type":"float","value":2},{"name":"speedDuration","type":"float","value":1.2}],"rotation":0,"type":"skateboard","visible":true,"width":101,"x":5494,"y":483},{"gid":169,"height":42,"id":5343,"name":"skateboard","properties":[{"name":"speedBonusPercent","type":"float","value":2},{"name":"speedDuration","type":"float","value":1.2}],"rotation":0,"type":"skateboard","visible":true,"width":101,"x":6596,"y":483},{"gid":169,"height":42,"id":6445,"name":"skateboard","properties":[{"name":"speedBonusPercent","type":"float","value":2},{"name":"speedDuration","type":"float","value":1.2}],"rotation":0,"type":"skateboard","visible":true,"width":101,"x":8423,"y":483}],"opacity":1,"type":"objectgroup","visible":true,"x":0,"y":0},{"draworder":"topdown","id":48,"name":"sudden-obj","objects":[{"gid":120,"height":65,"id":2186,"name":"fallingBread","rotation":0,"type":"fallingBread","visible":true,"width":123,"x":2815,"y":449}],"opacity":1,"type":"objectgroup","visible":true,"x":0,"y":0},{"draworder":"topdown","id":51,"name":"trap-obj","objects":[{"gid":52,"height":185,"id":4701,"name":"spaceship","rotation":0,"type":"spaceship","visible":true,"width":134,"x":5802,"y":457},{"gid":52,"height":185,"id":4703,"name":"spaceship","rotation":0,"type":"spaceship","visible":true,"width":134,"x":6095,"y":457},{"gid":52,"height":185,"id":4705,"name":"spaceship","rotation":0,"type":"spaceship","visible":true,"width":134,"x":6388,"y":457},{"gid":52,"height":185,"id":5387,"name":"spaceship","rotation":0,"type":"spaceship","visible":true,"width":134,"x":6904,"y":457},{"gid":52,"height":185,"id":5389,"name":"spaceship","rotation":0,"type":"spaceship","visible":true,"width":134,"x":7197,"y":457},{"gid":52,"height":185,"id":5391,"name":"spaceship","rotation":0,"type":"spaceship","visible":true,"width":134,"x":7490,"y":457},{"gid":52,"height":185,"id":6489,"name":"spaceship","rotation":0,"type":"spaceship","visible":true,"width":134,"x":8731,"y":457},{"gid":52,"height":185,"id":6491,"name":"spaceship","rotation":0,"type":"spaceship","visible":true,"width":134,"x":9024,"y":457},{"gid":52,"height":185,"id":6493,"name":"spaceship","rotation":0,"type":"spaceship","visible":true,"width":134,"x":9317,"y":457}],"opacity":1,"type":"objectgroup","visible":true,"x":0,"y":0},{"draworder":"topdown","id":47,"name":"interactable-obj","objects":[{"gid":39,"height":36,"id":2185,"name":"red-button-up","properties":[{"name":"triggerID","type":"int","value":2186}],"rotation":0,"type":"red-button-up","visible":true,"width":59,"x":2586,"y":481}],"opacity":1,"type":"objectgroup","visible":true,"x":0,"y":0},{"draworder":"topdown","id":19,"name":"goal-obj","objects":[{"gid":113,"height":192,"id":6900,"name":"cheese-1","rotation":0,"type":"cheese-1","visible":true,"width":192,"x":9653,"y":491}],"opacity":1,"type":"objectgroup","visible":true,"x":0,"y":0}],"name":"objects","opacity":1,"type":"group","visible":true,"x":0,"y":0},{"draworder":"topdown","id":33,"name":"player","objects":[{"gid":138,"height":76,"id":486,"name":"mouse","rotation":0,"type":"player","visible":false,"width":63,"x":100.638857782755,"y":471}],"opacity":1,"type":"objectgroup","visible":false,"x":0,"y":0},{"draworder":"topdown","id":40,"name":"symbol","objects":[{"gid":140,"height":100,"id":346,"name":"start-point","rotation":0,"type":"start-point","visible":true,"width":100,"x":190,"y":471},{"gid":164,"height":164,"id":1105,"name":"rise","properties":[{"name":"duration","type":"float","value":1.5},{"name":"height","type":"int","value":100}],"rotation":0,"type":"rise","visible":true,"width":260,"x":730,"y":471},{"gid":165,"height":164,"id":1106,"name":"stare-trigger","properties":[{"name":"beamDuration","type":"float","value":1},{"name":"beamHoldDuration","type":"float","value":1},{"name":"confuseDuration","type":"float","value":1},{"name":"fallDuration","type":"float","value":0.6},{"name":"winkDuration","type":"float","value":1}],"rotation":0,"type":"stare-trigger","visible":true,"width":260,"x":1080,"y":471},{"gid":164,"height":164,"id":1537,"name":"rise","properties":[{"name":"duration","type":"float","value":1},{"name":"height","type":"int","value":100}],"rotation":0,"type":"rise","visible":true,"width":260,"x":1496,"y":471},{"gid":165,"height":164,"id":1538,"name":"stare-trigger","properties":[{"name":"beamDuration","type":"float","value":1},{"name":"beamHoldDuration","type":"float","value":1},{"name":"confuseDuration","type":"float","value":1},{"name":"fallDuration","type":"float","value":0.6},{"name":"winkDuration","type":"float","value":1}],"rotation":0,"type":"stare-trigger","visible":true,"width":260,"x":1736,"y":471},{"gid":164,"height":164,"id":2850,"name":"rise","properties":[{"name":"duration","type":"float","value":1},{"name":"height","type":"int","value":100}],"rotation":0,"type":"rise","visible":true,"width":260,"x":3479,"y":471},{"gid":165,"height":164,"id":2851,"name":"stare-trigger","properties":[{"name":"beamDuration","type":"float","value":1},{"name":"beamHoldDuration","type":"float","value":1},{"name":"confuseDuration","type":"float","value":1},{"name":"fallDuration","type":"float","value":3},{"name":"winkDuration","type":"float","value":1}],"rotation":0,"type":"stare-trigger","visible":true,"width":260,"x":3719,"y":471},{"gid":164,"height":164,"id":3390,"name":"rise","properties":[{"name":"duration","type":"float","value":4},{"name":"height","type":"int","value":100}],"rotation":0,"type":"rise","visible":true,"width":260,"x":4577,"y":471},{"gid":165,"height":164,"id":3391,"name":"stare-trigger","properties":[{"name":"beamDuration","type":"float","value":1},{"name":"beamHoldDuration","type":"float","value":1},{"name":"confuseDuration","type":"float","value":1},{"name":"fallDuration","type":"float","value":0.6},{"name":"winkDuration","type":"float","value":1}],"rotation":0,"type":"stare-trigger","visible":true,"width":260,"x":4949,"y":471},{"gid":179,"height":164,"id":4745,"name":"rise","properties":[{"name":"duration","type":"float","value":0.3},{"name":"height","type":"int","value":100}],"rotation":0,"type":"rise","visible":true,"width":260,"x":5799,"y":471},{"gid":180,"height":164,"id":4746,"name":"stare-trigger","properties":[{"name":"beamDuration","type":"float","value":1},{"name":"beamHoldDuration","type":"float","value":1},{"name":"confuseDuration","type":"float","value":1},{"name":"fallDuration","type":"float","value":3},{"name":"winkDuration","type":"float","value":1}],"rotation":0,"type":"stare-trigger","visible":true,"width":260,"x":5871,"y":471},{"gid":179,"height":164,"id":5431,"name":"rise","properties":[{"name":"duration","type":"float","value":0.3},{"name":"height","type":"int","value":100}],"rotation":0,"type":"rise","visible":true,"width":260,"x":6901,"y":471},{"gid":180,"height":164,"id":5432,"name":"stare-trigger","properties":[{"name":"beamDuration","type":"float","value":1},{"name":"beamHoldDuration","type":"float","value":1},{"name":"confuseDuration","type":"float","value":1},{"name":"fallDuration","type":"float","value":3},{"name":"winkDuration","type":"float","value":1}],"rotation":0,"type":"stare-trigger","visible":true,"width":260,"x":6973,"y":471},{"gid":159,"height":164,"id":5846,"name":"rise","properties":[{"name":"duration","type":"float","value":1},{"name":"height","type":"int","value":100}],"rotation":0,"type":"rise","visible":true,"width":260,"x":7680,"y":471},{"gid":161,"height":164,"id":5847,"name":"watch-trigger","properties":[{"name":"beamDuration","type":"float","value":1},{"name":"beamHoldDuration","type":"float","value":15},{"name":"confuseDuration","type":"float","value":1},{"name":"fallDuration","type":"float","value":1},{"name":"winkDuration","type":"float","value":1}],"rotation":0,"type":"watch-trigger","visible":true,"width":260,"x":7920,"y":471},{"gid":179,"height":164,"id":6533,"name":"rise","properties":[{"name":"duration","type":"float","value":0.3},{"name":"height","type":"int","value":100}],"rotation":0,"type":"rise","visible":true,"width":260,"x":8728,"y":471},{"gid":180,"height":164,"id":6534,"name":"stare-trigger","properties":[{"name":"beamDuration","type":"float","value":1},{"name":"beamHoldDuration","type":"float","value":1},{"name":"confuseDuration","type":"float","value":1},{"name":"fallDuration","type":"float","value":3},{"name":"winkDuration","type":"float","value":1}],"rotation":0,"type":"stare-trigger","visible":true,"width":260,"x":8800,"y":471}],"opacity":1,"type":"objectgroup","visible":true,"x":0,"y":0}],"nextlayerid":51,"nextobjectid":487,"orientation":"orthogonal","renderorder":"right-down","tiledversion":"1.7.1","tileheight":20,"tilesets":[{"columns":0,"firstgid":1,"grid":{"height":1,"orientation":"orthogonal","width":1},"margin":0,"name":"static-obj","spacing":0,"tilecount":49,"tileheight":301,"tiles":[{"id":32,"image":"../maps/assets/static-obj/apple.png","type":"apple"},{"id":33,"image":"../maps/assets/static-obj/ball.png","type":"ball"},{"id":34,"image":"../maps/assets/static-obj/banana.png","type":"banana"},{"id":35,"image":"../maps/assets/static-obj/books.png","type":"books"},{"id":36,"image":"../maps/assets/static-obj/cactus.png","type":"cactus"},{"id":37,"image":"../maps/assets/static-obj/candy-bottle.png","type":"candy-bottle"},{"id":38,"image":"../maps/assets/static-obj/clock.png","type":"clock"},{"id":39,"image":"../maps/assets/static-obj/coca.png","type":"coca"},{"id":40,"image":"../maps/assets/static-obj/cupcake.png","type":"cupcake"},{"id":41,"image":"../maps/assets/static-obj/chest.png","type":"chest"},{"id":42,"image":"../maps/assets/static-obj/chest-2.png","type":"chest-2"},{"id":43,"image":"../maps/assets/static-obj/eraser.png","type":"eraser"},{"id":44,"image":"../maps/assets/static-obj/fries.png","type":"fries"},{"id":45,"image":"../maps/assets/static-obj/gavel-bottle.png","type":"gavel-bottle"},{"id":46,"image":"../maps/assets/static-obj/gummy-candy.png","type":"gummy-candy"},{"id":47,"image":"../maps/assets/static-obj/hamburger.png","type":"hamburger"},{"id":48,"image":"../maps/assets/static-obj/hotdog.png","type":"hotdog"},{"id":49,"image":"../maps/assets/static-obj/milk-bottle.png","type":"milk-bottle"},{"id":50,"image":"../maps/assets/static-obj/milk-glass.png","type":"milk-glass"},{"id":51,"image":"../maps/assets/static-obj/milk-tea.png","type":"milk-tea"},{"id":52,"image":"../maps/assets/static-obj/milk-tea-2.png","type":"milk-tea-2"},{"id":53,"image":"../maps/assets/static-obj/orange.png","type":"orange"},{"id":54,"image":"../maps/assets/static-obj/orange-juice.png","type":"orange-juice"},{"id":55,"image":"../maps/assets/static-obj/pencil.png","type":"pencil"},{"id":56,"image":"../maps/assets/static-obj/sandwiches.png","type":"sandwiches"},{"id":57,"image":"../maps/assets/static-obj/soft-drink-1.png","type":"soft-drink-1"},{"id":58,"image":"../maps/assets/static-obj/sugar-bottle.png","type":"sugar-bottle"},{"id":59,"image":"../maps/assets/static-obj/toaster.png","type":"toaster"},{"id":60,"image":"../maps/assets/static-obj/toy.png","type":"toy"},{"id":61,"image":"../maps/assets/static-obj/watermelon-1.png","type":"watermelon-1"},{"id":62,"image":"../maps/assets/static-obj/watermelon-2.png","type":"watermelon-2"},{"id":63,"image":"../maps/assets/static-obj/candy-star.png","type":"candy-star"},{"id":64,"image":"../maps/assets/static-obj/candy-umbrella.png","type":"candy-umbrella"},{"id":65,"image":"../maps/assets/static-obj/cat-mask.png","type":"cat-mask"},{"id":66,"image":"../maps/assets/static-obj/desk-phone.png","type":"desk-phone"},{"id":67,"image":"../maps/assets/static-obj/dying-tree.png","type":"dying-tree"},{"id":68,"image":"../maps/assets/static-obj/eclock.png","type":"eclock"},{"id":69,"image":"../maps/assets/static-obj/gift-box.png","type":"gift-box"},{"id":70,"image":"../maps/assets/static-obj/marble-ball.png","type":"marble-ball"},{"id":71,"image":"../maps/assets/static-obj/marble-ball-group.png","type":"marble-ball-group"},{"id":72,"image":"../maps/assets/static-obj/origami-bird.png","type":"origami-bird"},{"id":73,"image":"../maps/assets/static-obj/origami-rabbit.png","type":"origami-rabbit"},{"id":74,"image":"../maps/assets/static-obj/piggy-bank.png","type":"piggy-bank"},{"id":75,"image":"../maps/assets/static-obj/square-origami.png","type":"square-origami"},{"id":76,"image":"../maps/assets/static-obj/teddy-bear.png","type":"teddy-bear"},{"id":77,"image":"../maps/assets/static-obj/zippo.png","type":"zippo"},{"id":78,"image":"../../Downloads/x2_2/x2/gameplay/static-obj/balloon.png","type":"balloon"},{"id":79,"image":"../../Downloads/x2_2/x2/gameplay/static-obj/crab.png","type":"crab"},{"id":80,"image":"../../Downloads/x2_2/x2/gameplay/static-obj/spaceship.png","type":"spaceship"}],"tilewidth":334},{"columns":0,"firstgid":82,"grid":{"height":1,"orientation":"orthogonal","width":1},"margin":0,"name":"collect-obj","spacing":0,"tilecount":4,"tileheight":82,"tiles":[{"id":0,"image":"../maps/assets/collect-obj/gift-circle.png","properties":[{"name":"value","type":"int","value":10}],"type":"gift-circle"},{"id":1,"image":"../maps/assets/collect-obj/gift-heart.png","properties":[{"name":"value","type":"int","value":10}],"type":"gift-heart"},{"id":2,"image":"../maps/assets/collect-obj/gift-square.png","properties":[{"name":"value","type":"int","value":10}],"type":"gift-square"},{"id":3,"image":"../maps/assets/collect-obj/coin.png","properties":[{"name":"value","type":"int","value":1}],"type":"coin"}],"tilewidth":82},{"columns":0,"firstgid":86,"grid":{"height":1,"orientation":"orthogonal","width":1},"margin":0,"name":"decor-obj","spacing":0,"tilecount":6,"tileheight":320,"tiles":[{"id":3,"image":"../maps/assets/decor-obj/handkerchief-1.png","type":"handkerchief-1"},{"id":4,"image":"../maps/assets/decor-obj/handkerchief-2.png","type":"handkerchief-2"},{"id":5,"image":"../maps/assets/decor-obj/handkerchief-3.png","type":"handkerchief-3"},{"id":6,"image":"../maps/assets/decor-obj/handkerchief-4.png","type":"handkerchief-4"},{"id":7,"image":"../maps/assets/decor-obj/handkerchief-5.png","type":"handkerchief-5"},{"id":8,"image":"../maps/assets/decor-obj/handkerchief-6.png","type":"handkerchief-6"}],"tilewidth":693},{"columns":0,"firstgid":95,"grid":{"height":1,"orientation":"orthogonal","width":1},"margin":0,"name":"decor-obj-behind","spacing":0,"tilecount":18,"tileheight":142,"tiles":[{"id":0,"image":"../maps/assets/decor-obj-behind/book-1.png","type":"book-1"},{"id":1,"image":"../maps/assets/decor-obj-behind/book-2.png","type":"book-2"},{"id":2,"image":"../maps/assets/decor-obj-behind/book-3.png","type":"book-3"},{"id":3,"image":"../maps/assets/decor-obj-behind/book-4.png","type":"book-4"},{"id":4,"image":"../maps/assets/decor-obj-behind/book-5.png","type":"book-5"},{"id":5,"image":"../maps/assets/decor-obj-behind/cookies-1.png","type":"cookies-1"},{"id":6,"image":"../maps/assets/decor-obj-behind/cookies-2.png","type":"cookies-2"},{"id":7,"image":"../maps/assets/decor-obj-behind/crayon-blue.png","type":"crayon-blue"},{"id":8,"image":"../maps/assets/decor-obj-behind/crayon-green.png","type":"crayon-green"},{"id":9,"image":"../maps/assets/decor-obj-behind/crayon-pink-yellow.png","type":"crayon-pink-yellow"},{"id":10,"image":"../maps/assets/decor-obj-behind/fork.png","type":"fork"},{"id":11,"image":"../maps/assets/decor-obj-behind/fork-2.png","type":"fork-2"},{"id":12,"image":"../maps/assets/decor-obj-behind/glove.png","type":"glove"},{"id":13,"image":"../maps/assets/decor-obj-behind/knife.png","type":"knife"},{"id":14,"image":"../maps/assets/decor-obj-behind/rolling-pin.png","type":"rolling-pin"},{"id":15,"image":"../maps/assets/decor-obj-behind/sandwich.png","type":"sandwich"},{"id":16,"image":"../maps/assets/decor-obj-behind/spoon.png","type":"spoon"},{"id":17,"image":"../maps/assets/decor-obj-behind/wood-spoon.png","type":"wood-spoon"}],"tilewidth":342},{"columns":0,"firstgid":113,"grid":{"height":1,"orientation":"orthogonal","width":1},"margin":0,"name":"goal-obj","spacing":0,"tilecount":2,"tileheight":192,"tiles":[{"id":0,"image":"../maps/assets/goal-obj/cheese-1.png","type":"cheese-1"},{"id":1,"image":"../maps/assets/goal-obj/cheese-2.png","type":"cheese-2"}],"tilewidth":307},{"columns":0,"firstgid":115,"grid":{"height":1,"orientation":"orthogonal","width":1},"margin":0,"name":"interactable-obj","spacing":0,"tilecount":6,"tileheight":134,"tiles":[{"id":0,"image":"../maps/assets/interactable-obj/blue-button-down.png","properties":[{"name":"triggerID","type":"int","value":0}],"type":"blue-button-down"},{"id":1,"image":"../maps/assets/interactable-obj/blue-button-up.png","properties":[{"name":"triggerID","type":"int","value":0}],"type":"blue-button-up"},{"id":2,"image":"../maps/assets/interactable-obj/joystick.png","properties":[{"name":"triggerID","type":"int","value":0}],"type":"joystick"},{"id":3,"image":"../maps/assets/interactable-obj/joystick-down.png","properties":[{"name":"triggerID","type":"int","value":0}],"type":"joystick-down"},{"id":4,"image":"../maps/assets/interactable-obj/red-button-down.png","properties":[{"name":"triggerID","type":"int","value":0}],"type":"red-button-down"},{"id":5,"image":"../maps/assets/interactable-obj/red-button-up.png","properties":[{"name":"triggerID","type":"int","value":0}],"type":"red-button-up"}],"tilewidth":121},{"columns":0,"firstgid":121,"grid":{"height":1,"orientation":"orthogonal","width":1},"margin":0,"name":"movement-modifier-obj","spacing":0,"tilecount":3,"tileheight":110,"tiles":[{"id":0,"image":"../maps/assets/movement-modifier-obj/boxing.png","properties":[{"name":"direction","type":"string","value":"right"},{"name":"speed","type":"int","value":100}],"type":"boxing"},{"id":1,"image":"../maps/assets/movement-modifier-obj/conveyor.png","properties":[{"name":"direction","type":"string","value":"left"},{"name":"speed","type":"int","value":30}],"type":"conveyor"},{"id":2,"image":"../maps/assets/movement-modifier-obj/liquid.png","type":"liquid"}],"tilewidth":241},{"columns":0,"firstgid":124,"grid":{"height":1,"orientation":"orthogonal","width":1},"margin":0,"name":"moving-obj","spacing":0,"tilecount":2,"tileheight":424,"tiles":[{"id":0,"image":"../maps/assets/moving-obj/icecream-truck.png","type":"icecream-truck"},{"id":1,"image":"../maps/assets/moving-obj/tank.png","type":"tank"}],"tilewidth":564},{"columns":0,"firstgid":126,"grid":{"height":1,"orientation":"orthogonal","width":1},"margin":0,"name":"seethrough-obj","spacing":0,"tilecount":8,"tileheight":165,"tiles":[{"id":0,"image":"../maps/assets/seethrough-obj/crystall-ball.png","type":"crystall-ball"},{"id":1,"image":"../maps/assets/seethrough-obj/empty-bottle-1.png","type":"empty-bottle-1"},{"id":2,"image":"../maps/assets/seethrough-obj/empty-bottle-2.png","type":"empty-bottle-2"},{"id":3,"image":"../maps/assets/seethrough-obj/glass.png","type":"glass"},{"id":4,"image":"../maps/assets/seethrough-obj/glasses.png","type":"glasses"},{"id":5,"image":"../maps/assets/seethrough-obj/king.png","type":"king"},{"id":6,"image":"../maps/assets/seethrough-obj/knight.png","type":"knight"},{"id":7,"image":"../maps/assets/seethrough-obj/queen.png","type":"queen"}],"tilewidth":138},{"columns":0,"firstgid":134,"grid":{"height":1,"orientation":"orthogonal","width":1},"margin":0,"name":"trap-obj","spacing":0,"tilecount":3,"tileheight":445,"tiles":[{"id":0,"image":"../maps/assets/trap-obj/balloon.png","type":"balloon"},{"id":1,"image":"../maps/assets/trap-obj/crab.png","type":"crab"},{"id":2,"image":"../maps/assets/trap-obj/spaceship.png","type":"spaceship"}],"tilewidth":365},{"columns":0,"firstgid":137,"grid":{"height":1,"orientation":"orthogonal","width":1},"margin":0,"name":"players","spacing":0,"tilecount":2,"tileheight":328,"tiles":[{"id":0,"image":"../maps/assets/players/boy.png","type":"watcher"},{"id":1,"image":"../maps/assets/players/mouse.png","type":"player"}],"tilewidth":520},{"columns":4,"firstgid":139,"image":"../maps/assets/tileset/tileset.png","imageheight":116,"imagewidth":116,"margin":0,"name":"tileset","spacing":0,"tilecount":0,"tileheight":29,"tilewidth":29,"transformations":{"hflip":false,"preferuntransformed":true,"rotate":false,"vflip":false}},{"columns":0,"firstgid":139,"grid":{"height":1,"orientation":"orthogonal","width":1},"margin":0,"name":"symbol","spacing":0,"tilecount":10,"tileheight":164,"tiles":[{"id":0,"image":"../maps/assets/symbol/eye.svg","properties":[{"name":"duration","type":"float","value":2}],"type":"watch-trigger"},{"id":1,"image":"../maps/assets/symbol/start.svg","type":"start-point"},{"id":2,"image":"../maps/assets/symbol/stand.svg","properties":[{"name":"duration","type":"float","value":2},{"name":"height-cap","type":"float","value":100}],"type":"stand-trigger"},{"id":3,"image":"../maps/assets/symbol/monkey.png","properties":[{"name":"duration","type":"float","value":5}],"type":"monkey-trigger"},{"id":8,"image":"../maps/assets/symbol/eye_end.png","type":"end-watch-trigger"},{"id":9,"image":"../maps/assets/symbol/rise.png","properties":[{"name":"duration","type":"float","value":0},{"name":"height","type":"int","value":0}],"type":"rise"},{"id":10,"image":"../maps/assets/symbol/stare-trigger.png","properties":[{"name":"beamDuration","type":"float","value":0},{"name":"beamHoldDuration","type":"float","value":0},{"name":"confuseDuration","type":"float","value":0},{"name":"fallDuration","type":"float","value":0},{"name":"winkDuration","type":"float","value":0}],"type":"stare-trigger"},{"id":11,"image":"../maps/assets/symbol/watch-trigger.png","properties":[{"name":"beamDuration","type":"float","value":0},{"name":"beamHoldDuration","type":"float","value":0},{"name":"confuseDuration","type":"float","value":0},{"name":"fallDuration","type":"float","value":0},{"name":"winkDuration","type":"float","value":0}],"type":"watch-trigger"},{"id":12,"image":"../maps/assets/symbol/end-trigger.png","type":"end-trigger"},{"id":13,"image":"../maps/assets/symbol/fall.png","properties":[{"name":"duration","type":"float","value":0},{"name":"height","type":"int","value":0}],"type":"fall"}],"tilewidth":260},{"columns":0,"firstgid":153,"grid":{"height":1,"orientation":"orthogonal","width":1},"margin":0,"name":"speed-modifier-obj","spacing":0,"tilecount":6,"tileheight":55,"tiles":[{"id":0,"image":"../maps/assets/speed-modifier-obj/chocolate.png","properties":[{"name":"speedBonusPercent","type":"float","value":0.5},{"name":"speedDuration","type":"float","value":1}],"type":"chocolate-1"},{"id":2,"image":"../maps/assets/speed-modifier-obj/chocolate-2.png","type":"chocolate-2"},{"id":3,"image":"../maps/assets/speed-modifier-obj/chocolate-3.png","type":"chocolate-3"},{"id":4,"image":"../maps/assets/speed-modifier-obj/chocolate-4.png","type":"chocolate-4"},{"id":5,"image":"../maps/assets/speed-modifier-obj/chocolate-5.png","type":"chocolate-5"},{"id":6,"image":"../maps/assets/speed-modifier-obj/skateboard.png","properties":[{"name":"speedBonusPercent","type":"float","value":2},{"name":"speedDuration","type":"float","value":1.2}],"type":"skateboard"}],"tilewidth":409}],"tilewidth":20,"type":"map","version":"1.6","width":503}