{"compressionlevel":1,"height":30,"infinite":false,"layers":[{"draworder":"topdown","id":34,"name":"watcher","objects":[{"gid":137,"height":164,"id":180,"name":"boy","rotation":0,"type":"watcher","visible":true,"width":260,"x":400,"y":262}],"opacity":1,"type":"objectgroup","visible":false,"x":0,"y":0},{"id":26,"layers":[{"draworder":"topdown","id":18,"name":"decor-obj-behind","objects":[{"gid":109,"height":48,"id":399,"name":"rolling-pin","rotation":0,"type":"rolling-pin","visible":true,"width":120,"x":1425,"y":353},{"gid":95,"height":46,"id":400,"name":"book-1","rotation":0,"type":"book-1","visible":true,"width":116,"x":2465,"y":351},{"gid":100,"height":48,"id":405,"name":"cookies-1","rotation":0,"type":"cookies-1","visible":true,"width":74,"x":2039,"y":354},{"gid":101,"height":30,"id":406,"name":"cookies-2","rotation":0,"type":"cookies-2","visible":true,"width":92,"x":2242,"y":344},{"gid":103,"height":20,"id":407,"name":"crayon-green","rotation":0,"type":"crayon-green","visible":true,"width":31,"x":1771,"y":320},{"gid":104,"height":32,"id":408,"name":"crayon-pink-yellow","rotation":0,"type":"crayon-pink-yellow","visible":true,"width":57,"x":1878,"y":346},{"gid":102,"height":28,"id":409,"name":"crayon-blue","rotation":0,"type":"crayon-blue","visible":true,"width":26,"x":1641,"y":347},{"gid":108,"height":48,"id":410,"name":"knife","rotation":0,"type":"knife","visible":true,"width":47,"x":1301,"y":351},{"gid":106,"height":43,"id":411,"name":"fork-2","rotation":0,"type":"fork-2","visible":true,"width":74,"x":1110,"y":348},{"gid":105,"height":43,"id":412,"name":"fork","rotation":0,"type":"fork","visible":true,"width":76,"x":742,"y":349},{"gid":112,"height":41,"id":413,"name":"wood-spoon","rotation":0,"type":"wood-spoon","visible":true,"width":71,"x":931,"y":361},{"gid":111,"height":41,"id":414,"name":"spoon","rotation":0,"type":"spoon","visible":true,"width":71,"x":576,"y":350},{"gid":107,"height":50,"id":415,"name":"glove","rotation":0,"type":"glove","visible":true,"width":82,"x":387,"y":354},{"gid":110,"height":32,"id":416,"name":"sandwich","rotation":0,"type":"sandwich","visible":true,"width":62,"x":210,"y":342}],"opacity":1,"type":"objectgroup","visible":true,"x":0,"y":0},{"draworder":"topdown","id":19,"name":"goal-obj","objects":[{"gid":113,"height":192,"id":360,"name":"cheese-1","rotation":0,"type":"cheese-1","visible":true,"width":192,"x":2322,"y":491}],"opacity":1,"type":"objectgroup","visible":true,"x":0,"y":0},{"draworder":"topdown","id":15,"name":"static-obj","objects":[{"gid":77,"height":161,"id":372,"name":"teddy-bear","rotation":0,"type":"teddy-bear","visible":true,"width":138,"x":1555,"y":457},{"gid":68,"height":301,"id":473,"name":"dying-tree","rotation":0,"type":"dying-tree","visible":true,"width":334,"x":290,"y":457},{"gid":57,"height":139,"id":484,"name":"sandwiches","rotation":0,"type":"sandwiches","visible":true,"width":122,"x":1323,"y":457},{"gid":57,"height":139,"id":491,"name":"sandwiches","rotation":0,"type":"sandwiches","visible":true,"width":122,"x":1083,"y":457},{"gid":69,"height":71,"id":495,"name":"eclock","rotation":0,"type":"eclock","visible":false,"width":357,"x":1733,"y":457},{"gid":60,"height":148,"id":503,"name":"toaster","rotation":0,"type":"toaster","visible":true,"width":129,"x":1861,"y":457},{"gid":57,"height":139,"id":504,"name":"sandwiches","rotation":0,"type":"sandwiches","visible":true,"width":122,"x":1955,"y":457},{"gid":57,"height":139,"id":505,"name":"sandwiches","rotation":0,"type":"sandwiches","visible":true,"width":122,"x":2055,"y":457},{"gid":69,"height":71,"id":506,"name":"eclock","rotation":0,"type":"eclock","visible":true,"width":134,"x":1741,"y":457}],"opacity":1,"type":"objectgroup","visible":true,"x":0,"y":0},{"draworder":"topdown","id":45,"name":"collect-obj","objects":[{"gid":85,"height":31,"id":366,"name":"coin","properties":[{"name":"isMoving","type":"bool","value":false},{"name":"value","type":"int","value":1}],"rotation":0,"type":"coin","visible":true,"width":31,"x":546,"y":450},{"gid":85,"height":31,"id":367,"name":"coin","properties":[{"name":"isMoving","type":"bool","value":false},{"name":"value","type":"int","value":1}],"rotation":0,"type":"coin","visible":true,"width":31,"x":604,"y":450},{"gid":85,"height":31,"id":368,"name":"coin","properties":[{"name":"isMoving","type":"bool","value":false},{"name":"value","type":"int","value":1}],"rotation":0,"type":"coin","visible":true,"width":31,"x":662,"y":450},{"gid":85,"height":31,"id":369,"name":"coin","properties":[{"name":"isMoving","type":"bool","value":false},{"name":"value","type":"int","value":1}],"rotation":0,"type":"coin","visible":true,"width":31,"x":720,"y":450},{"gid":85,"height":31,"id":370,"name":"coin","properties":[{"name":"isMoving","type":"bool","value":false},{"name":"value","type":"int","value":1}],"rotation":0,"type":"coin","visible":true,"width":31,"x":778,"y":450}],"opacity":1,"type":"objectgroup","visible":true,"x":0,"y":0}],"name":"objects","opacity":1,"type":"group","visible":true,"x":0,"y":0},{"draworder":"topdown","id":33,"name":"player","objects":[{"gid":138,"height":76,"id":181,"name":"mouse","rotation":0,"type":"player","visible":false,"width":63,"x":870,"y":471}],"opacity":1,"type":"objectgroup","visible":false,"x":0,"y":0},{"draworder":"topdown","id":40,"name":"symbol","objects":[{"gid":156,"height":100,"id":346,"name":"start-point","rotation":0,"type":"start-point","visible":true,"width":100,"x":190,"y":471},{"gid":164,"height":164,"id":482,"name":"rise","properties":[{"name":"duration","type":"float","value":1.67},{"name":"height","type":"int","value":100}],"rotation":0,"type":"rise","visible":true,"width":260,"x":1090,"y":471},{"gid":165,"height":164,"id":483,"name":"stare-trigger","properties":[{"name":"beamDuration","type":"float","value":2},{"name":"beamHoldDuration","type":"float","value":2},{"name":"confuseDuration","type":"float","value":1},{"name":"fallDuration","type":"float","value":2},{"name":"winkDuration","type":"float","value":0}],"rotation":0,"type":"stare-trigger","visible":true,"width":260,"x":1490,"y":471}],"opacity":1,"type":"objectgroup","visible":true,"x":0,"y":0}],"nextlayerid":51,"nextobjectid":507,"orientation":"orthogonal","renderorder":"right-down","tiledversion":"1.7.2","tileheight":20,"tilesets":[{"columns":0,"firstgid":1,"grid":{"height":1,"orientation":"orthogonal","width":1},"margin":0,"name":"static-obj","spacing":0,"tilecount":49,"tileheight":301,"tiles":[{"id":32,"image":"assets/static-obj/apple.png","imageheight":117,"imagewidth":103,"type":"apple"},{"id":33,"image":"assets/static-obj/ball.png","imageheight":149,"imagewidth":146,"type":"ball"},{"id":34,"image":"assets/static-obj/banana.png","imageheight":97,"imagewidth":144,"type":"banana"},{"id":35,"image":"assets/static-obj/books.png","imageheight":127,"imagewidth":153,"type":"books"},{"id":36,"image":"assets/static-obj/cactus.png","imageheight":140,"imagewidth":100,"type":"cactus"},{"id":37,"image":"assets/static-obj/candy-bottle.png","imageheight":113,"imagewidth":65,"type":"candy-bottle"},{"id":38,"image":"assets/static-obj/clock.png","imageheight":126,"imagewidth":93,"type":"clock"},{"id":39,"image":"assets/static-obj/coca.png","imageheight":164,"imagewidth":50,"type":"coca"},{"id":40,"image":"assets/static-obj/cupcake.png","imageheight":132,"imagewidth":99,"type":"cupcake"},{"id":41,"image":"assets/static-obj/chest.png","imageheight":122,"imagewidth":144,"type":"chest"},{"id":42,"image":"assets/static-obj/chest-2.png","imageheight":142,"imagewidth":167,"type":"chest-2"},{"id":43,"image":"assets/static-obj/eraser.png","imageheight":74,"imagewidth":56,"type":"eraser"},{"id":44,"image":"assets/static-obj/fries.png","imageheight":109,"imagewidth":82,"type":"fries"},{"id":45,"image":"assets/static-obj/gavel-bottle.png","imageheight":112,"imagewidth":52,"type":"gavel-bottle"},{"id":46,"image":"assets/static-obj/gummy-candy.png","imageheight":107,"imagewidth":74,"type":"gummy-candy"},{"id":47,"image":"assets/static-obj/hamburger.png","imageheight":118,"imagewidth":118,"type":"hamburger"},{"id":48,"image":"assets/static-obj/hotdog.png","imageheight":90,"imagewidth":117,"type":"hotdog"},{"id":49,"image":"assets/static-obj/milk-bottle.png","imageheight":137,"imagewidth":113,"type":"milk-bottle"},{"id":50,"image":"assets/static-obj/milk-glass.png","imageheight":98,"imagewidth":62,"type":"milk-glass"},{"id":51,"image":"assets/static-obj/milk-tea.png","imageheight":147,"imagewidth":89,"type":"milk-tea"},{"id":52,"image":"assets/static-obj/milk-tea-2.png","imageheight":91,"imagewidth":141,"type":"milk-tea-2"},{"id":53,"image":"assets/static-obj/orange.png","imageheight":108,"imagewidth":98,"type":"orange"},{"id":54,"image":"assets/static-obj/orange-juice.png","imageheight":158,"imagewidth":54,"type":"orange-juice"},{"id":55,"image":"assets/static-obj/pencil.png","imageheight":146,"imagewidth":20,"type":"pencil"},{"id":56,"image":"assets/static-obj/sandwiches.png","imageheight":139,"imagewidth":122,"type":"sandwiches"},{"id":57,"image":"assets/static-obj/soft-drink-1.png","imageheight":161,"imagewidth":57,"type":"soft-drink-1"},{"id":58,"image":"assets/static-obj/sugar-bottle.png","imageheight":114,"imagewidth":62,"type":"sugar-bottle"},{"id":59,"image":"assets/static-obj/toaster.png","imageheight":148,"imagewidth":129,"type":"toaster"},{"id":60,"image":"assets/static-obj/toy.png","imageheight":137,"imagewidth":207,"type":"toy"},{"id":61,"image":"assets/static-obj/watermelon-1.png","imageheight":112,"imagewidth":97,"type":"watermelon-1"},{"id":62,"image":"assets/static-obj/watermelon-2.png","imageheight":94,"imagewidth":121,"type":"watermelon-2"},{"id":63,"image":"assets/static-obj/candy-star.png","imageheight":98,"imagewidth":97,"type":"candy-star"},{"id":64,"image":"assets/static-obj/candy-umbrella.png","imageheight":98,"imagewidth":97,"type":"candy-umbrella"},{"id":65,"image":"assets/static-obj/cat-mask.png","imageheight":118,"imagewidth":127,"type":"cat-mask"},{"id":66,"image":"assets/static-obj/desk-phone.png","imageheight":146,"imagewidth":200,"type":"desk-phone"},{"id":67,"image":"assets/static-obj/dying-tree.png","imageheight":301,"imagewidth":334,"type":"dying-tree"},{"id":68,"image":"assets/static-obj/eclock.png","imageheight":71,"imagewidth":134,"type":"eclock"},{"id":69,"image":"assets/static-obj/gift-box.png","imageheight":100,"imagewidth":104,"type":"gift-box"},{"id":70,"image":"assets/static-obj/marble-ball.png","imageheight":91,"imagewidth":95,"type":"marble-ball"},{"id":71,"image":"assets/static-obj/marble-ball-group.png","imageheight":95,"imagewidth":100,"type":"marble-ball-group"},{"id":72,"image":"assets/static-obj/origami-bird.png","imageheight":106,"imagewidth":139,"type":"origami-bird"},{"id":73,"image":"assets/static-obj/origami-rabbit.png","imageheight":142,"imagewidth":84,"type":"origami-rabbit"},{"id":74,"image":"assets/static-obj/piggy-bank.png","imageheight":93,"imagewidth":120,"type":"piggy-bank"},{"id":75,"image":"assets/static-obj/square-origami.png","imageheight":82,"imagewidth":132,"type":"square-origami"},{"id":76,"image":"assets/static-obj/teddy-bear.png","imageheight":161,"imagewidth":138,"type":"teddy-bear"},{"id":77,"image":"assets/static-obj/zippo.png","imageheight":83,"imagewidth":59,"type":"zippo"},{"id":78,"image":"../levels/assets/static-obj/balloon.png","imageheight":215,"imagewidth":142,"type":"balloon"},{"id":79,"image":"../levels/assets/static-obj/crab.png","imageheight":102,"imagewidth":187,"type":"crab"},{"id":80,"image":"../levels/assets/static-obj/spaceship.png","imageheight":184,"imagewidth":131,"type":"spaceship"}],"tilewidth":334},{"columns":0,"firstgid":82,"grid":{"height":1,"orientation":"orthogonal","width":1},"margin":0,"name":"collect-obj","spacing":0,"tilecount":4,"tileheight":82,"tiles":[{"id":0,"image":"assets/collect-obj/gift-circle.png","imageheight":56,"imagewidth":54,"properties":[{"name":"value","type":"int","value":10}],"type":"gift-circle"},{"id":1,"image":"assets/collect-obj/gift-heart.png","imageheight":48,"imagewidth":49,"properties":[{"name":"value","type":"int","value":10}],"type":"gift-heart"},{"id":2,"image":"assets/collect-obj/gift-square.png","imageheight":48,"imagewidth":60,"properties":[{"name":"value","type":"int","value":10}],"type":"gift-square"},{"id":3,"image":"assets/collect-obj/coin.png","imageheight":31,"imagewidth":31,"properties":[{"name":"value","type":"int","value":1}],"type":"coin"}],"tilewidth":82},{"columns":0,"firstgid":86,"grid":{"height":1,"orientation":"orthogonal","width":1},"margin":0,"name":"decor-obj","spacing":0,"tilecount":6,"tileheight":320,"tiles":[{"id":3,"image":"assets/decor-obj/handkerchief-1.png","imageheight":160,"imagewidth":347,"type":"handkerchief-1"},{"id":4,"image":"assets/decor-obj/handkerchief-2.png","imageheight":160,"imagewidth":345,"type":"handkerchief-2"},{"id":5,"image":"assets/decor-obj/handkerchief-3.png","imageheight":160,"imagewidth":346,"type":"handkerchief-3"},{"id":6,"image":"assets/decor-obj/handkerchief-4.png","imageheight":160,"imagewidth":344,"type":"handkerchief-4"},{"id":7,"image":"assets/decor-obj/handkerchief-5.png","imageheight":160,"imagewidth":344,"type":"handkerchief-5"},{"id":8,"image":"assets/decor-obj/handkerchief-6.png","imageheight":160,"imagewidth":344,"type":"handkerchief-6"}],"tilewidth":693},{"columns":0,"firstgid":95,"grid":{"height":1,"orientation":"orthogonal","width":1},"margin":0,"name":"decor-obj-behind","spacing":0,"tilecount":18,"tileheight":142,"tiles":[{"id":0,"image":"assets/decor-obj-behind/book-1.png","imageheight":46,"imagewidth":116,"type":"book-1"},{"id":1,"image":"assets/decor-obj-behind/book-2.png","imageheight":43,"imagewidth":118,"type":"book-2"},{"id":2,"image":"assets/decor-obj-behind/book-3.png","imageheight":41,"imagewidth":111,"type":"book-3"},{"id":3,"image":"assets/decor-obj-behind/book-4.png","imageheight":39,"imagewidth":106,"type":"book-4"},{"id":4,"image":"assets/decor-obj-behind/book-5.png","imageheight":39,"imagewidth":99,"type":"book-5"},{"id":5,"image":"assets/decor-obj-behind/cookies-1.png","imageheight":48,"imagewidth":74,"type":"cookies-1"},{"id":6,"image":"assets/decor-obj-behind/cookies-2.png","imageheight":30,"imagewidth":92,"type":"cookies-2"},{"id":7,"image":"assets/decor-obj-behind/crayon-blue.png","imageheight":28,"imagewidth":26,"type":"crayon-blue"},{"id":8,"image":"assets/decor-obj-behind/crayon-green.png","imageheight":20,"imagewidth":31,"type":"crayon-green"},{"id":9,"image":"assets/decor-obj-behind/crayon-pink-yellow.png","imageheight":32,"imagewidth":57,"type":"crayon-pink-yellow"},{"id":10,"image":"assets/decor-obj-behind/fork.png","imageheight":43,"imagewidth":76,"type":"fork"},{"id":11,"image":"assets/decor-obj-behind/fork-2.png","imageheight":43,"imagewidth":74,"type":"fork-2"},{"id":12,"image":"assets/decor-obj-behind/glove.png","imageheight":50,"imagewidth":82,"type":"glove"},{"id":13,"image":"assets/decor-obj-behind/knife.png","imageheight":48,"imagewidth":47,"type":"knife"},{"id":14,"image":"assets/decor-obj-behind/rolling-pin.png","imageheight":48,"imagewidth":120,"type":"rolling-pin"},{"id":15,"image":"assets/decor-obj-behind/sandwich.png","imageheight":32,"imagewidth":62,"type":"sandwich"},{"id":16,"image":"assets/decor-obj-behind/spoon.png","imageheight":41,"imagewidth":71,"type":"spoon"},{"id":17,"image":"assets/decor-obj-behind/wood-spoon.png","imageheight":41,"imagewidth":71,"type":"wood-spoon"}],"tilewidth":342},{"columns":0,"firstgid":113,"grid":{"height":1,"orientation":"orthogonal","width":1},"margin":0,"name":"goal-obj","spacing":0,"tilecount":2,"tileheight":192,"tiles":[{"id":0,"image":"assets/goal-obj/cheese-1.png","imageheight":192,"imagewidth":192,"type":"cheese-1"},{"id":1,"image":"assets/goal-obj/cheese-2.png","imageheight":172,"imagewidth":194,"type":"cheese-2"}],"tilewidth":307},{"columns":0,"firstgid":115,"grid":{"height":1,"orientation":"orthogonal","width":1},"margin":0,"name":"interactable-obj","spacing":0,"tilecount":6,"tileheight":134,"tiles":[{"id":0,"image":"assets/interactable-obj/blue-button-down.png","imageheight":32,"imagewidth":59,"properties":[{"name":"triggerID","type":"int","value":0}],"type":"blue-button-down"},{"id":1,"image":"assets/interactable-obj/blue-button-up.png","imageheight":35,"imagewidth":59,"properties":[{"name":"triggerID","type":"int","value":0}],"type":"blue-button-up"},{"id":2,"image":"assets/interactable-obj/joystick.png","imageheight":66,"imagewidth":45,"properties":[{"name":"triggerID","type":"int","value":0}],"type":"joystick"},{"id":3,"image":"assets/interactable-obj/joystick-down.png","imageheight":58,"imagewidth":59,"properties":[{"name":"triggerID","type":"int","value":0}],"type":"joystick-down"},{"id":4,"image":"assets/interactable-obj/red-button-down.png","imageheight":32,"imagewidth":59,"properties":[{"name":"triggerID","type":"int","value":0}],"type":"red-button-down"},{"id":5,"image":"assets/interactable-obj/red-button-up.png","imageheight":36,"imagewidth":59,"properties":[{"name":"triggerID","type":"int","value":0}],"type":"red-button-up"}],"tilewidth":121},{"columns":0,"firstgid":121,"grid":{"height":1,"orientation":"orthogonal","width":1},"margin":0,"name":"movement-modifier-obj","spacing":0,"tilecount":3,"tileheight":110,"tiles":[{"id":0,"image":"assets/movement-modifier-obj/boxing.png","imageheight":55,"imagewidth":98,"properties":[{"name":"direction","type":"string","value":"right"},{"name":"speed","type":"int","value":100}],"type":"boxing"},{"id":1,"image":"assets/movement-modifier-obj/conveyor.png","imageheight":37,"imagewidth":121,"properties":[{"name":"direction","type":"string","value":"left"},{"name":"speed","type":"int","value":30}],"type":"conveyor"},{"id":2,"image":"assets/movement-modifier-obj/liquid.png","imageheight":37,"imagewidth":108,"type":"liquid"}],"tilewidth":241},{"columns":0,"firstgid":124,"grid":{"height":1,"orientation":"orthogonal","width":1},"margin":0,"name":"moving-obj","spacing":0,"tilecount":2,"tileheight":424,"tiles":[{"id":0,"image":"assets/moving-obj/icecream-truck.png","imageheight":206,"imagewidth":202,"type":"icecream-truck"},{"id":1,"image":"assets/moving-obj/tank.png","imageheight":140,"imagewidth":186,"type":"tank"}],"tilewidth":564},{"columns":0,"firstgid":126,"grid":{"height":1,"orientation":"orthogonal","width":1},"margin":0,"name":"seethrough-obj","spacing":0,"tilecount":8,"tileheight":165,"tiles":[{"id":0,"image":"assets/seethrough-obj/crystall-ball.png","imageheight":121,"imagewidth":113,"type":"crystall-ball"},{"id":1,"image":"assets/seethrough-obj/empty-bottle-1.png","imageheight":111,"imagewidth":51,"type":"empty-bottle-1"},{"id":2,"image":"assets/seethrough-obj/empty-bottle-2.png","imageheight":162,"imagewidth":52,"type":"empty-bottle-2"},{"id":3,"image":"assets/seethrough-obj/glass.png","imageheight":93,"imagewidth":59,"type":"glass"},{"id":4,"image":"assets/seethrough-obj/glasses.png","imageheight":92,"imagewidth":135,"type":"glasses"},{"id":5,"image":"assets/seethrough-obj/king.png","imageheight":130,"imagewidth":50,"type":"king"},{"id":6,"image":"assets/seethrough-obj/knight.png","imageheight":92,"imagewidth":45,"type":"knight"},{"id":7,"image":"assets/seethrough-obj/queen.png","imageheight":111,"imagewidth":50,"type":"queen"}],"tilewidth":138},{"columns":0,"firstgid":134,"grid":{"height":1,"orientation":"orthogonal","width":1},"margin":0,"name":"trap-obj","spacing":0,"tilecount":3,"tileheight":445,"tiles":[{"id":0,"image":"assets/trap-obj/balloon.png","imageheight":223,"imagewidth":147,"type":"balloon"},{"id":1,"image":"assets/trap-obj/crab.png","imageheight":116,"imagewidth":183,"type":"crab"},{"id":2,"image":"assets/trap-obj/spaceship.png","imageheight":185,"imagewidth":134,"type":"spaceship"}],"tilewidth":365},{"columns":0,"firstgid":137,"grid":{"height":1,"orientation":"orthogonal","width":1},"margin":0,"name":"players","spacing":0,"tilecount":2,"tileheight":328,"tiles":[{"id":0,"image":"assets/players/boy.png","imageheight":164,"imagewidth":260,"type":"watcher"},{"id":1,"image":"assets/players/mouse.png","imageheight":76,"imagewidth":63,"type":"player"}],"tilewidth":520},{"columns":4,"firstgid":139,"image":"assets/tileset/tileset.png","imageheight":116,"imagewidth":116,"margin":0,"name":"tileset","spacing":0,"tilecount":16,"tileheight":29,"tilewidth":29,"transformations":{"hflip":false,"preferuntransformed":true,"rotate":false,"vflip":false}},{"columns":0,"firstgid":155,"grid":{"height":1,"orientation":"orthogonal","width":1},"margin":0,"name":"symbol","spacing":0,"tilecount":10,"tileheight":164,"tiles":[{"id":0,"image":"assets/symbol/eye.svg","imageheight":100,"imagewidth":100,"properties":[{"name":"duration","type":"float","value":2}],"type":"watch-trigger"},{"id":1,"image":"assets/symbol/start.svg","imageheight":100,"imagewidth":100,"type":"start-point"},{"id":2,"image":"assets/symbol/stand.svg","imageheight":100,"imagewidth":100,"properties":[{"name":"duration","type":"float","value":2},{"name":"height-cap","type":"float","value":100}],"type":"stand-trigger"},{"id":3,"image":"assets/symbol/monkey.png","imageheight":100,"imagewidth":100,"properties":[{"name":"duration","type":"float","value":5}],"type":"monkey-trigger"},{"id":8,"image":"assets/symbol/eye_end.png","imageheight":100,"imagewidth":100,"type":"end-watch-trigger"},{"id":9,"image":"assets/symbol/rise.png","imageheight":164,"imagewidth":260,"properties":[{"name":"duration","type":"float","value":0},{"name":"height","type":"int","value":0}],"type":"rise"},{"id":10,"image":"assets/symbol/stare-trigger.png","imageheight":164,"imagewidth":260,"properties":[{"name":"beamDuration","type":"float","value":0},{"name":"beamHoldDuration","type":"float","value":0},{"name":"confuseDuration","type":"float","value":0},{"name":"fallDuration","type":"float","value":0},{"name":"winkDuration","type":"float","value":0}],"type":"stare-trigger"},{"id":11,"image":"assets/symbol/watch-trigger.png","imageheight":164,"imagewidth":260,"properties":[{"name":"beamDuration","type":"float","value":0},{"name":"beamHoldDuration","type":"float","value":0},{"name":"confuseDuration","type":"float","value":0},{"name":"fallDuration","type":"float","value":0},{"name":"winkDuration","type":"float","value":0}],"type":"watch-trigger"},{"id":12,"image":"assets/symbol/end-trigger.png","imageheight":164,"imagewidth":260,"type":"end-trigger"},{"id":13,"image":"assets/symbol/fall.png","imageheight":164,"imagewidth":260,"properties":[{"name":"duration","type":"float","value":0},{"name":"height","type":"int","value":0}],"type":"fall"}],"tilewidth":260},{"columns":0,"firstgid":169,"grid":{"height":1,"orientation":"orthogonal","width":1},"margin":0,"name":"speed-modifier-obj","spacing":0,"tilecount":6,"tileheight":55,"tiles":[{"id":0,"image":"assets/speed-modifier-obj/chocolate.png","imageheight":36,"imagewidth":99,"properties":[{"name":"speedBonusPercent","type":"float","value":0.5},{"name":"speedDuration","type":"float","value":1}],"type":"chocolate-1"},{"id":2,"image":"assets/speed-modifier-obj/chocolate-2.png","imageheight":36,"imagewidth":137,"type":"chocolate-2"},{"id":3,"image":"assets/speed-modifier-obj/chocolate-3.png","imageheight":36,"imagewidth":225,"type":"chocolate-3"},{"id":4,"image":"assets/speed-modifier-obj/chocolate-4.png","imageheight":36,"imagewidth":314,"type":"chocolate-4"},{"id":5,"image":"assets/speed-modifier-obj/chocolate-5.png","imageheight":55,"imagewidth":409,"type":"chocolate-5"},{"id":6,"image":"assets/speed-modifier-obj/skateboard.png","imageheight":42,"imagewidth":101,"properties":[{"name":"speedBonusPercent","type":"float","value":2},{"name":"speedDuration","type":"float","value":1.2}],"type":"skateboard"}],"tilewidth":409}],"tilewidth":20,"type":"map","version":"1.6","width":130}