[1,0,0,[["cc.JsonAsset",["_name","json"],1]],[[0,0,1,3]],[[0,"level_003001-30",[{"layers":[{"index":0,"tiles":[{"x":-0.5,"y":-3.5},{"x":0.5,"y":-3.5},{"x":-1.5,"y":-3.5},{"x":1.5,"y":-3.5},{"x":-0.5,"y":-2.5},{"x":0.5,"y":-2.5},{"x":-1.5,"y":-2.5},{"x":1.5,"y":-2.5},{"x":-0.5,"y":-1.5},{"x":0.5,"y":-1.5},{"x":-1.5,"y":-1.5},{"x":1.5,"y":-1.5},{"x":-0.5,"y":-0.5},{"x":0.5,"y":-0.5},{"x":-1.5,"y":-0.5},{"x":1.5,"y":-0.5},{"x":-0.5,"y":0.5},{"x":0.5,"y":0.5},{"x":-1.5,"y":0.5},{"x":1.5,"y":0.5},{"x":-1,"y":2},{"x":-2,"y":2},{"x":1,"y":2},{"x":2,"y":2},{"x":-1,"y":3},{"x":-2,"y":3},{"x":1,"y":3},{"x":2,"y":3}]},{"index":1,"tiles":[{"x":-1,"y":-3.5},{"x":1,"y":-3.5},{"x":-1,"y":-2.5},{"x":1,"y":-2.5},{"x":-1,"y":-1.5},{"x":1,"y":-1.5},{"x":-1,"y":-0.5},{"x":1,"y":-0.5},{"x":-1,"y":0.5},{"x":1,"y":0.5},{"x":-2,"y":2.5},{"x":-1,"y":2.5},{"x":1,"y":2.5},{"x":2,"y":2.5}]},{"index":2,"tiles":[{"x":-1,"y":-3},{"x":1,"y":-3},{"x":-1,"y":-2},{"x":1,"y":-2},{"x":-1,"y":-1},{"x":1,"y":-1},{"x":-1,"y":0},{"x":1,"y":0},{"x":-1.5,"y":2.5},{"x":1.5,"y":2.5}]}],"seeds":["REiIVheIHTOEDQiSqgkGA7NY3klV1MhNnKJwXToJn1c1wtJxKFh+"]},{"layers":[{"index":0,"tiles":[{"x":-2,"y":-3.5},{"x":2,"y":-3.5},{"x":-4,"y":-2.5},{"x":-1,"y":-2.5},{"x":1,"y":-2.5},{"x":4,"y":-2.5},{"x":-3,"y":-2},{"x":3,"y":-2},{"x":-2,"y":-1.5},{"x":0,"y":-1.5},{"x":2,"y":-1.5},{"x":-1,"y":-0.5},{"x":0,"y":-0.5},{"x":1,"y":-0.5},{"x":-4,"y":0},{"x":4,"y":0},{"x":-3,"y":0.5},{"x":-1,"y":0.5},{"x":0,"y":0.5},{"x":1,"y":0.5},{"x":3,"y":0.5},{"x":-4,"y":1},{"x":-2,"y":1},{"x":2,"y":1},{"x":4,"y":1},{"x":-1,"y":1.5},{"x":0,"y":1.5},{"x":1,"y":1.5},{"x":-4,"y":2},{"x":4,"y":2},{"x":-0.5,"y":2.5},{"x":0.5,"y":2.5},{"x":-3.5,"y":3},{"x":-1.5,"y":3},{"x":1.5,"y":3},{"x":3.5,"y":3},{"x":-2.5,"y":3.5},{"x":2.5,"y":3.5}]},{"index":1,"tiles":[{"x":-2,"y":-3.5},{"x":2,"y":-3.5},{"x":-4,"y":-2.5},{"x":-1,"y":-2.5},{"x":1,"y":-2.5},{"x":4,"y":-2.5},{"x":-3,"y":-2},{"x":3,"y":-2},{"x":-2,"y":-1.5},{"x":0,"y":-1.5},{"x":2,"y":-1.5},{"x":-0.5,"y":-0.5},{"x":0.5,"y":-0.5},{"x":-4,"y":0},{"x":4,"y":0},{"x":-3,"y":0.5},{"x":-1,"y":0.5},{"x":0,"y":0.5},{"x":1,"y":0.5},{"x":3,"y":0.5},{"x":-4,"y":1},{"x":-2,"y":1},{"x":2,"y":1},{"x":4,"y":1},{"x":-1,"y":1.5},{"x":0,"y":1.5},{"x":1,"y":1.5},{"x":-4,"y":2},{"x":4,"y":2},{"x":-0.5,"y":2.5},{"x":0.5,"y":2.5},{"x":-3.5,"y":3},{"x":-1.5,"y":3},{"x":1.5,"y":3},{"x":3.5,"y":3},{"x":-2.5,"y":3.5},{"x":2.5,"y":3.5}]},{"index":2,"tiles":[{"x":-2,"y":-3.5},{"x":2,"y":-3.5},{"x":-4,"y":-2.5},{"x":-1,"y":-2.5},{"x":1,"y":-2.5},{"x":4,"y":-2.5},{"x":-3,"y":-2},{"x":3,"y":-2},{"x":-2,"y":-1.5},{"x":0,"y":-1.5},{"x":2,"y":-1.5},{"x":0,"y":-0.5},{"x":-4,"y":0},{"x":4,"y":0},{"x":-3,"y":0.5},{"x":-1,"y":0.5},{"x":0,"y":0.5},{"x":1,"y":0.5},{"x":3,"y":0.5},{"x":-4,"y":1},{"x":-2,"y":1},{"x":2,"y":1},{"x":4,"y":1},{"x":-1,"y":1.5},{"x":0,"y":1.5},{"x":1,"y":1.5},{"x":-4,"y":2},{"x":4,"y":2},{"x":-0.5,"y":2.5},{"x":0.5,"y":2.5},{"x":-3.5,"y":3},{"x":-1.5,"y":3},{"x":1.5,"y":3},{"x":3.5,"y":3},{"x":-2.5,"y":3.5},{"x":2.5,"y":3.5}]},{"index":3,"tiles":[{"x":0,"y":-0.5},{"x":-4,"y":0},{"x":4,"y":0},{"x":-3,"y":0.5},{"x":3,"y":0.5},{"x":-2,"y":1},{"x":2,"y":1}]}],"seeds":["IqdUy1M1yxJ6S6FaR5iIBzWIU+BgYumFXcIQXNiACHdNCgMWlugJowiGXEahHzl13Ed4QjhIIWSYHqZ8ghFQHdUFypSGHSiAAXKCngZeYPRJztZlWwRx2gMA"]},{"layers":[{"index":0,"tiles":[{"x":-3.5,"y":-3.5},{"x":-2.5,"y":-3.5},{"x":2.5,"y":-3.5},{"x":3.5,"y":-3.5},{"x":-0.5,"y":-3},{"x":0.5,"y":-3},{"x":-3.5,"y":-2.5},{"x":-2.5,"y":-2.5},{"x":2.5,"y":-2.5},{"x":3.5,"y":-2.5},{"x":-0.5,"y":-2},{"x":0.5,"y":-2},{"x":-1.5,"y":-1},{"x":-0.5,"y":-1},{"x":1.5,"y":-1},{"x":0.5,"y":-1},{"x":-2.5,"y":-1},{"x":2.5,"y":-1},{"x":-0.5,"y":0},{"x":0.5,"y":0},{"x":1.5,"y":0},{"x":-1.5,"y":0},{"x":-2.5,"y":0},{"x":2.5,"y":0},{"x":-2.5,"y":1},{"x":-1.5,"y":1},{"x":0.5,"y":1},{"x":1.5,"y":1},{"x":2.5,"y":1},{"x":-0.5,"y":1},{"x":-0.5,"y":2},{"x":0.5,"y":2},{"x":1.5,"y":2},{"x":-1.5,"y":2},{"x":-2.5,"y":2},{"x":2.5,"y":2},{"x":-1.5,"y":3},{"x":0.5,"y":3},{"x":1.5,"y":3},{"x":-0.5,"y":3}]},{"index":1,"tiles":[{"x":-3,"y":-3},{"x":3,"y":-3},{"x":-0.5,"y":-2.5},{"x":0.5,"y":-2.5},{"x":-2,"y":-1},{"x":-1,"y":-1},{"x":1,"y":-1},{"x":2,"y":-1},{"x":-2,"y":0},{"x":-1,"y":0},{"x":1,"y":0},{"x":2,"y":0},{"x":-2.5,"y":1.5},{"x":-1.5,"y":1.5},{"x":-0.5,"y":1.5},{"x":0.5,"y":1.5},{"x":1.5,"y":1.5},{"x":2.5,"y":1.5},{"x":-1.5,"y":2.5},{"x":-0.5,"y":2.5},{"x":0.5,"y":2.5},{"x":1.5,"y":2.5}]},{"index":2,"tiles":[{"x":-1.5,"y":-1},{"x":1.5,"y":-1},{"x":-1.5,"y":0},{"x":1.5,"y":0},{"x":-1.5,"y":2},{"x":-0.5,"y":2},{"x":0.5,"y":2},{"x":1.5,"y":2}]}],"seeds":["z+c9glKZpfOdaHWNRTgokxhcQ7BYTKNyoldwaWUQTcWBjbh0HNFUVGc5kyEKYRWCIQUyIAkA"]},{"layers":[{"index":0,"tiles":[{"x":-2.5,"y":-3},{"x":-1.5,"y":-3},{"x":0.5,"y":-3},{"x":1.5,"y":-3},{"x":2.5,"y":-3},{"x":-1.5,"y":-2},{"x":-0.5,"y":-2},{"x":0.5,"y":-2},{"x":1.5,"y":-2},{"x":-2.5,"y":-1},{"x":-1.5,"y":-1},{"x":-0.5,"y":-1},{"x":0.5,"y":-1},{"x":1.5,"y":-1},{"x":2.5,"y":-1},{"x":-1.5,"y":0},{"x":-0.5,"y":0},{"x":2.5,"y":0},{"x":1.5,"y":0},{"x":0.5,"y":0},{"x":-2.5,"y":0},{"x":-1.5,"y":1},{"x":-0.5,"y":1},{"x":0.5,"y":1},{"x":1.5,"y":1},{"x":-2.5,"y":2},{"x":2.5,"y":2},{"x":1.5,"y":2},{"x":0.5,"y":2},{"x":-0.5,"y":2},{"x":-2.5,"y":3},{"x":-1.5,"y":3},{"x":-0.5,"y":3},{"x":1.5,"y":3},{"x":2.5,"y":3}]},{"index":1,"tiles":[{"x":-1.5,"y":-2.5},{"x":-0.5,"y":-2.5},{"x":0.5,"y":-2.5},{"x":1.5,"y":-2.5},{"x":-1.5,"y":-1.5},{"x":-0.5,"y":-1.5},{"x":0.5,"y":-1.5},{"x":1.5,"y":-1.5},{"x":-2.5,"y":-0.5},{"x":-1.5,"y":-0.5},{"x":0.5,"y":-0.5},{"x":2.5,"y":-0.5},{"x":-0.5,"y":-0.5},{"x":-1.5,"y":0.5},{"x":-0.5,"y":0.5},{"x":0.5,"y":0.5},{"x":1.5,"y":0.5},{"x":-1,"y":1.5},{"x":1,"y":1.5},{"x":-1,"y":2.5},{"x":-2,"y":2.5},{"x":1,"y":2.5},{"x":2,"y":2.5}]}],"seeds":["zMmJBTeBnYAuBDV0VCMK5DIRo1U5JagyXvOZHhgWw6VYAfeFgeKkYFiFFwcA"]},{"layers":[{"index":0,"tiles":[{"x":-1.5,"y":-3},{"x":-0.5,"y":-3},{"x":1.5,"y":-3},{"x":0.5,"y":-3},{"x":2.5,"y":-3},{"x":-2.5,"y":-3},{"x":-1.5,"y":-2},{"x":-0.5,"y":-2},{"x":0.5,"y":-2},{"x":1.5,"y":-2},{"x":2.5,"y":-2},{"x":-2.5,"y":-2},{"x":-1.5,"y":-1},{"x":-0.5,"y":-1},{"x":1.5,"y":-1},{"x":2.5,"y":-1},{"x":0.5,"y":-1},{"x":-2.5,"y":-1},{"x":-1.5,"y":0},{"x":-0.5,"y":0},{"x":0.5,"y":0},{"x":2.5,"y":0},{"x":1.5,"y":0},{"x":-2.5,"y":0},{"x":-0.5,"y":1},{"x":0.5,"y":1},{"x":2.5,"y":1},{"x":-2.5,"y":1},{"x":0.5,"y":2},{"x":-0.5,"y":2},{"x":-1.5,"y":2},{"x":-2.5,"y":2},{"x":1.5,"y":2},{"x":2.5,"y":2},{"x":-0.5,"y":3},{"x":0.5,"y":3}]},{"index":1,"tiles":[{"x":-1,"y":-3},{"x":1,"y":-3},{"x":-2,"y":-2.5},{"x":2,"y":-2.5},{"x":-2,"y":-1.5},{"x":-1,"y":-1.5},{"x":1,"y":-1.5},{"x":2,"y":-1.5},{"x":-0.5,"y":-0.5},{"x":0.5,"y":-0.5},{"x":-2.5,"y":-0.5},{"x":-1.5,"y":-0.5},{"x":1.5,"y":-0.5},{"x":2.5,"y":-0.5},{"x":-0.5,"y":0.5},{"x":0.5,"y":0.5},{"x":-2.5,"y":0.5},{"x":2.5,"y":0.5},{"x":0.5,"y":1.5},{"x":-0.5,"y":1.5},{"x":-2.5,"y":1.5},{"x":2.5,"y":1.5},{"x":-0.5,"y":2.5},{"x":0.5,"y":2.5}]},{"index":2,"tiles":[{"x":-1.5,"y":-1.5},{"x":1.5,"y":-1.5},{"x":-2,"y":-0.5},{"x":-1,"y":-0.5},{"x":1,"y":-0.5},{"x":2,"y":-0.5},{"x":-2.5,"y":1},{"x":2.5,"y":1},{"x":-0.5,"y":1},{"x":0.5,"y":1},{"x":-0.5,"y":2},{"x":0.5,"y":2}]}],"seeds":["kPBgF2F8YCCeYhAazlJeXSiOE7U83UQeQgiB3OcMJggSh2J5IlpVlJoqlsdwTBNyBdcUA9Z1"]},{"layers":[{"index":0,"tiles":[{"x":2.5,"y":-3},{"x":1.5,"y":-3},{"x":0.5,"y":-3},{"x":-0.5,"y":-3},{"x":-1.5,"y":-3},{"x":-2.5,"y":-3},{"x":-2.5,"y":-2},{"x":-1.5,"y":-2},{"x":-0.5,"y":-2},{"x":0.5,"y":-2},{"x":1.5,"y":-2},{"x":2.5,"y":-2},{"x":-2.5,"y":-1},{"x":-0.5,"y":-1},{"x":0.5,"y":-1},{"x":1.5,"y":-1},{"x":2.5,"y":-1},{"x":-1.5,"y":-1},{"x":-1.5,"y":0},{"x":-0.5,"y":0},{"x":0.5,"y":0},{"x":1.5,"y":0},{"x":2.5,"y":0},{"x":-2.5,"y":0},{"x":-2.5,"y":1},{"x":-1.5,"y":1},{"x":-0.5,"y":1},{"x":0.5,"y":1},{"x":1.5,"y":1},{"x":2.5,"y":1},{"x":-1.5,"y":2},{"x":-0.5,"y":2},{"x":0.5,"y":2},{"x":1.5,"y":2},{"x":-2.5,"y":3},{"x":-1.5,"y":3},{"x":1.5,"y":3},{"x":2.5,"y":3}]},{"index":1,"tiles":[{"x":-2,"y":-3},{"x":2,"y":-3},{"x":-0.5,"y":-2.5},{"x":0.5,"y":-2.5},{"x":-2.5,"y":-1.5},{"x":2.5,"y":-1.5},{"x":1.5,"y":-1.5},{"x":0.5,"y":-1.5},{"x":-0.5,"y":-1.5},{"x":-1.5,"y":-1.5},{"x":-2.5,"y":-0.5},{"x":2.5,"y":-0.5},{"x":-1.5,"y":-0.5},{"x":-0.5,"y":-0.5},{"x":0.5,"y":-0.5},{"x":1.5,"y":-0.5},{"x":-2.5,"y":0.5},{"x":-1.5,"y":0.5},{"x":-0.5,"y":0.5},{"x":0.5,"y":0.5},{"x":1.5,"y":0.5},{"x":2.5,"y":0.5},{"x":-1.5,"y":1.5},{"x":-0.5,"y":1.5},{"x":0.5,"y":1.5},{"x":1.5,"y":1.5},{"x":-1.5,"y":2.5},{"x":1.5,"y":2.5}]}],"seeds":["nTAqYNExBdgQThoGw/NckypwHBMSijU1C2iEF1d1HyaKH1WZlDcsXGCQHVqGmGc5JwgA"]},{"layers":[{"index":0,"tiles":[{"x":2.5,"y":-3.5},{"x":-2,"y":-2.5},{"x":-1,"y":-2.5},{"x":0,"y":-2.5},{"x":1,"y":-2.5},{"x":2,"y":-2.5},{"x":3,"y":-2.5},{"x":-3,"y":-2},{"x":-3.5,"y":-1},{"x":-1,"y":-1},{"x":0,"y":-1},{"x":1,"y":-1},{"x":2,"y":-1},{"x":3,"y":-0.5},{"x":-3,"y":0},{"x":-2,"y":0.5},{"x":-1,"y":0.5},{"x":0,"y":0.5},{"x":1,"y":0.5},{"x":3.5,"y":0.5},{"x":3,"y":1.5},{"x":-3,"y":2},{"x":-2,"y":2},{"x":-1,"y":2},{"x":0,"y":2},{"x":1,"y":2},{"x":2,"y":2},{"x":-2.5,"y":3}]},{"index":1,"tiles":[{"x":2.5,"y":-3.5},{"x":-2,"y":-2.5},{"x":-1,"y":-2.5},{"x":0,"y":-2.5},{"x":1,"y":-2.5},{"x":2,"y":-2.5},{"x":3,"y":-2.5},{"x":-3,"y":-2},{"x":-3.5,"y":-1},{"x":-1,"y":-1},{"x":0,"y":-1},{"x":1,"y":-1},{"x":2,"y":-1},{"x":3,"y":-0.5},{"x":-3,"y":0},{"x":-2,"y":0.5},{"x":-1,"y":0.5},{"x":0,"y":0.5},{"x":1,"y":0.5},{"x":3.5,"y":0.5},{"x":3,"y":1.5},{"x":-3,"y":2},{"x":-2,"y":2},{"x":-1,"y":2},{"x":0,"y":2},{"x":1,"y":2},{"x":2,"y":2},{"x":-2.5,"y":3}]},{"index":2,"tiles":[{"x":2.5,"y":-3.5},{"x":-2,"y":-2.5},{"x":-1,"y":-2.5},{"x":0,"y":-2.5},{"x":1,"y":-2.5},{"x":2,"y":-2.5},{"x":3,"y":-2.5},{"x":-3,"y":-2},{"x":-3.5,"y":-1},{"x":-1,"y":-1},{"x":0,"y":-1},{"x":1,"y":-1},{"x":2,"y":-1},{"x":3,"y":-0.5},{"x":-3,"y":0},{"x":-2,"y":0.5},{"x":-1,"y":0.5},{"x":0,"y":0.5},{"x":1,"y":0.5},{"x":3.5,"y":0.5},{"x":3,"y":1.5},{"x":-3,"y":2},{"x":-2,"y":2},{"x":-1,"y":2},{"x":0,"y":2},{"x":1,"y":2},{"x":2,"y":2},{"x":-2.5,"y":3}]},{"index":3,"tiles":[{"x":2.5,"y":-3.5},{"x":-1.5,"y":-2.5},{"x":-0.5,"y":-2.5},{"x":0.5,"y":-2.5},{"x":1.5,"y":-2.5},{"x":2.5,"y":-2.5},{"x":-3,"y":-2},{"x":-3.5,"y":-1},{"x":-0.5,"y":-1},{"x":0.5,"y":-1},{"x":1.5,"y":-1},{"x":3,"y":-0.5},{"x":-3,"y":0},{"x":-1.5,"y":0.5},{"x":-0.5,"y":0.5},{"x":0.5,"y":0.5},{"x":3.5,"y":0.5},{"x":3,"y":1.5},{"x":-2.5,"y":2},{"x":-1.5,"y":2},{"x":-0.5,"y":2},{"x":0.5,"y":2},{"x":1.5,"y":2},{"x":-2.5,"y":3}]},{"index":4,"tiles":[{"x":-3,"y":-2},{"x":-3.5,"y":-1},{"x":3,"y":-0.5},{"x":-3,"y":0},{"x":3.5,"y":0.5},{"x":3,"y":1.5}]}],"seeds":["ARYmYqcFISWG3hQQVgOKYmJNnURgymVUTCOBGdeF1xCiw6cYIKd1HcSA4SdEXzSKj+kF05GqAkdm0NFRiKd84OkoXrFwm8JxHLIUTrVsYAlyCziJjwIA"]},{"layers":[{"index":0,"tiles":[{"x":-0.5,"y":-3},{"x":0.5,"y":-3},{"x":-1.5,"y":-2},{"x":-0.5,"y":-2},{"x":0.5,"y":-2},{"x":1.5,"y":-2},{"x":-1.5,"y":-1},{"x":-0.5,"y":-1},{"x":1.5,"y":-1},{"x":0.5,"y":-1},{"x":-0.5,"y":0},{"x":0.5,"y":0},{"x":-2.5,"y":0},{"x":2.5,"y":0},{"x":-2.5,"y":1},{"x":-1.5,"y":1},{"x":0.5,"y":1},{"x":1.5,"y":1},{"x":2.5,"y":1},{"x":-0.5,"y":1},{"x":-0.5,"y":2},{"x":0.5,"y":2},{"x":1.5,"y":2},{"x":-1.5,"y":2},{"x":-2.5,"y":2},{"x":2.5,"y":2},{"x":-2.5,"y":3},{"x":2.5,"y":3}]},{"index":1,"tiles":[{"x":-0.5,"y":-2.5},{"x":0.5,"y":-2.5},{"x":-0.5,"y":-1.5},{"x":0.5,"y":-1.5},{"x":-1.5,"y":-1.5},{"x":1.5,"y":-1.5},{"x":-0.5,"y":-0.5},{"x":0.5,"y":-0.5},{"x":-2.5,"y":0.5},{"x":2.5,"y":0.5},{"x":-0.5,"y":0.5},{"x":0.5,"y":0.5},{"x":-2,"y":1.5},{"x":2,"y":1.5},{"x":-0.5,"y":1.5},{"x":0.5,"y":1.5},{"x":-2.5,"y":2.5},{"x":2.5,"y":2.5}]},{"index":2,"tiles":[{"x":-0.5,"y":-2},{"x":0.5,"y":-2},{"x":-0.5,"y":-1},{"x":0.5,"y":-1},{"x":-0.5,"y":0},{"x":0.5,"y":0},{"x":-0.5,"y":1},{"x":0.5,"y":1}]},{"index":3,"tiles":[{"x":-0.5,"y":-1.5},{"x":0.5,"y":-1.5},{"x":-0.5,"y":-0.5},{"x":0.5,"y":-0.5},{"x":-0.5,"y":0.5},{"x":0.5,"y":0.5}]}],"seeds":["I0pxigCCg+hQ3mJyJMEZBicEorJcYWcNExFOIehYJ1NVKnh9X9MEhZcWXRky"]},{"layers":[{"index":0,"tiles":[{"x":-0.5,"y":-3},{"x":0.5,"y":-3},{"x":-1.5,"y":-3},{"x":-2.5,"y":-3},{"x":1.5,"y":-3},{"x":2.5,"y":-3},{"x":-0.5,"y":-2},{"x":0.5,"y":-2},{"x":-2.5,"y":-2},{"x":-1.5,"y":-2},{"x":2.5,"y":-2},{"x":-0.5,"y":-1},{"x":0.5,"y":-1},{"x":-2.5,"y":-0.5},{"x":1.5,"y":-0.5},{"x":2.5,"y":-0.5},{"x":-0.5,"y":0},{"x":0.5,"y":0},{"x":-2.5,"y":0.5},{"x":-1.5,"y":0.5},{"x":1.5,"y":0.5},{"x":2.5,"y":0.5},{"x":-0.5,"y":1},{"x":0.5,"y":1},{"x":-2.5,"y":1.5},{"x":-1.5,"y":1.5},{"x":1.5,"y":1.5},{"x":2.5,"y":1.5},{"x":-0.5,"y":2},{"x":0.5,"y":2},{"x":-2.5,"y":2.5},{"x":-1.5,"y":2.5},{"x":1.5,"y":2.5},{"x":2.5,"y":2.5},{"x":-0.5,"y":3}]},{"index":1,"tiles":[{"x":-2,"y":-3},{"x":-1,"y":-3},{"x":2,"y":-3},{"x":1,"y":-3},{"x":-2,"y":-2},{"x":-1,"y":-2},{"x":1,"y":-2},{"x":2,"y":-2},{"x":-0.5,"y":-0.5},{"x":0.5,"y":-0.5},{"x":-1.5,"y":0},{"x":-2.5,"y":0},{"x":2.5,"y":0},{"x":1.5,"y":0},{"x":0.5,"y":0.5},{"x":-1.5,"y":1},{"x":-2.5,"y":1},{"x":2.5,"y":1},{"x":1.5,"y":1},{"x":-2.5,"y":2},{"x":2.5,"y":2},{"x":-1,"y":2},{"x":1,"y":2}]}],"seeds":["nFBMjChYDfN1XbEwk6coA0iG4AWq5zdUBFWZFxE4YGgFzUIxnIeKYemk4QgA"]},{"layers":[{"index":0,"tiles":[{"x":0,"y":-3.5},{"x":0,"y":-2.5},{"x":-1,"y":-2},{"x":1,"y":-2},{"x":-2,"y":-1.5},{"x":0,"y":-1.5},{"x":2,"y":-1.5},{"x":-3,"y":-1},{"x":-1,"y":-1},{"x":1,"y":-1},{"x":3,"y":-1},{"x":-2,"y":-0.5},{"x":0,"y":-0.5},{"x":2,"y":-0.5},{"x":-3,"y":0},{"x":-1,"y":0},{"x":1,"y":0},{"x":3,"y":0},{"x":-2,"y":0.5},{"x":0,"y":0.5},{"x":2,"y":0.5},{"x":-3,"y":1},{"x":3,"y":1},{"x":-0.5,"y":1.5},{"x":0.5,"y":1.5},{"x":-1.5,"y":2.5},{"x":-0.5,"y":2.5},{"x":0.5,"y":2.5},{"x":1.5,"y":2.5},{"x":-2.5,"y":3},{"x":2.5,"y":3},{"x":0,"y":3.5}]},{"index":1,"tiles":[{"x":0,"y":-3.5},{"x":0,"y":-2.5},{"x":-1,"y":-2},{"x":1,"y":-2},{"x":-2,"y":-1.5},{"x":0,"y":-1.5},{"x":2,"y":-1.5},{"x":-3,"y":-1},{"x":-1,"y":-1},{"x":1,"y":-1},{"x":3,"y":-1},{"x":-2,"y":-0.5},{"x":0,"y":-0.5},{"x":2,"y":-0.5},{"x":-3,"y":0},{"x":-1,"y":0},{"x":1,"y":0},{"x":3,"y":0},{"x":-2,"y":0.5},{"x":0,"y":0.5},{"x":2,"y":0.5},{"x":-3,"y":1},{"x":3,"y":1},{"x":-0.5,"y":1.5},{"x":0.5,"y":1.5},{"x":-1.5,"y":2.5},{"x":-0.5,"y":2.5},{"x":0.5,"y":2.5},{"x":1.5,"y":2.5},{"x":-2.5,"y":3},{"x":2.5,"y":3}]},{"index":2,"tiles":[{"x":0,"y":-3.5},{"x":0,"y":-2.5},{"x":-1,"y":-2},{"x":1,"y":-2},{"x":-2,"y":-1.5},{"x":0,"y":-1.5},{"x":2,"y":-1.5},{"x":-1,"y":-1},{"x":1,"y":-1},{"x":-3,"y":-0.5},{"x":-2,"y":-0.5},{"x":0,"y":-0.5},{"x":2,"y":-0.5},{"x":3,"y":-0.5},{"x":-1,"y":0},{"x":1,"y":0},{"x":-3,"y":0.5},{"x":-2,"y":0.5},{"x":0,"y":0.5},{"x":2,"y":0.5},{"x":3,"y":0.5},{"x":-0.5,"y":1.5},{"x":0.5,"y":1.5},{"x":-1.5,"y":2.5},{"x":-0.5,"y":2.5},{"x":0.5,"y":2.5},{"x":1.5,"y":2.5},{"x":-2.5,"y":3},{"x":2.5,"y":3}]},{"index":3,"tiles":[{"x":0,"y":-3},{"x":0,"y":-2},{"x":-1,"y":-1.5},{"x":1,"y":-1.5},{"x":-2,"y":-1},{"x":0,"y":-1},{"x":2,"y":-1},{"x":-1,"y":-0.5},{"x":1,"y":-0.5},{"x":3,"y":-0.5},{"x":-3,"y":0},{"x":-2,"y":0},{"x":0,"y":0},{"x":2,"y":0},{"x":0,"y":1},{"x":-1,"y":2.5},{"x":0,"y":2.5},{"x":1,"y":2.5}]},{"index":4,"tiles":[{"x":0,"y":-2.5},{"x":0,"y":-1.5},{"x":-1,"y":-1},{"x":1,"y":-1},{"x":-2,"y":-0.5},{"x":0,"y":-0.5},{"x":2,"y":-0.5},{"x":0,"y":0.5},{"x":-0.5,"y":2.5},{"x":0.5,"y":2.5}]}],"seeds":["nAh+RoiA49KdDjMEwxRsn7RsxGephsKBYrN0zUNYWAcW2TRRzgR5ixR0HKIw4ReEVBSFIpV6phJe3CFknCMeIvhcnadVZdElAiWCIBSCFSWQHohyGuUIWAIq"]},{"layers":[{"index":0,"tiles":[{"x":-1.5,"y":-3},{"x":-0.5,"y":-3},{"x":0.5,"y":-3},{"x":1.5,"y":-3},{"x":-2.5,"y":-2},{"x":-1.5,"y":-2},{"x":-0.5,"y":-2},{"x":0.5,"y":-2},{"x":1.5,"y":-2},{"x":2.5,"y":-2},{"x":-2.5,"y":-1},{"x":-1.5,"y":-1},{"x":-0.5,"y":-1},{"x":0.5,"y":-1},{"x":1.5,"y":-1},{"x":2.5,"y":-1},{"x":-2.5,"y":0},{"x":-1.5,"y":0},{"x":-0.5,"y":0},{"x":0.5,"y":0},{"x":2.5,"y":0},{"x":1.5,"y":0},{"x":-2.5,"y":1},{"x":-1.5,"y":1},{"x":-0.5,"y":1},{"x":0.5,"y":1},{"x":1.5,"y":1},{"x":2.5,"y":1},{"x":-1.5,"y":2},{"x":-0.5,"y":2},{"x":0.5,"y":2},{"x":1.5,"y":2},{"x":-2.5,"y":3},{"x":-1.5,"y":3},{"x":-0.5,"y":3},{"x":0.5,"y":3},{"x":1.5,"y":3},{"x":2.5,"y":3}]},{"index":1,"tiles":[{"x":-1,"y":-2.5},{"x":1,"y":-2.5},{"x":-2.5,"y":-1.5},{"x":2.5,"y":-1.5},{"x":1.5,"y":-1.5},{"x":0.5,"y":-1.5},{"x":-0.5,"y":-1.5},{"x":-1.5,"y":-1.5},{"x":-2.5,"y":-0.5},{"x":-1.5,"y":-0.5},{"x":-0.5,"y":-0.5},{"x":0.5,"y":-0.5},{"x":1.5,"y":-0.5},{"x":2.5,"y":-0.5},{"x":-0.5,"y":0.5},{"x":0.5,"y":0.5},{"x":-2,"y":1},{"x":2,"y":1},{"x":-0.5,"y":1.5},{"x":0.5,"y":1.5},{"x":-0.5,"y":2.5},{"x":0.5,"y":2.5},{"x":-1.5,"y":2.5},{"x":1.5,"y":2.5}]}],"seeds":["jfNxXnhWigOqy1CNj2kZaCikRkFwIkFZAvMUEwOC3RUsHUmFIMd5pXIN4RSIXwMA"]},{"layers":[{"index":0,"tiles":[{"x":-2.5,"y":-2.5},{"x":-1.5,"y":-2.5},{"x":-0.5,"y":-2.5},{"x":0.5,"y":-2.5},{"x":1.5,"y":-2.5},{"x":2.5,"y":-2.5},{"x":-1.5,"y":-1.5},{"x":-0.5,"y":-1.5},{"x":0.5,"y":-1.5},{"x":1.5,"y":-1.5},{"x":-2.5,"y":0},{"x":-1.5,"y":0},{"x":-0.5,"y":0},{"x":1.5,"y":0},{"x":2.5,"y":0},{"x":0.5,"y":0},{"x":-1.5,"y":1},{"x":1.5,"y":1},{"x":0.5,"y":1},{"x":-0.5,"y":1},{"x":-1.5,"y":2},{"x":-0.5,"y":2},{"x":0.5,"y":2},{"x":1.5,"y":2},{"x":-2.5,"y":3},{"x":-1.5,"y":3},{"x":-0.5,"y":3},{"x":0.5,"y":3},{"x":1.5,"y":3},{"x":2.5,"y":3}]},{"index":1,"tiles":[{"x":-2,"y":-2.5},{"x":-1,"y":-2.5},{"x":1,"y":-2.5},{"x":2,"y":-2.5},{"x":-1,"y":-1.5},{"x":1,"y":-1.5},{"x":-1.5,"y":0.5},{"x":1.5,"y":0.5},{"x":0.5,"y":0.5},{"x":-0.5,"y":0.5},{"x":-1.5,"y":1.5},{"x":1.5,"y":1.5},{"x":-0.5,"y":1.5},{"x":0.5,"y":1.5},{"x":-1.5,"y":2.5},{"x":-0.5,"y":2.5},{"x":0.5,"y":2.5},{"x":1.5,"y":2.5}]},{"index":2,"tiles":[{"x":-1.5,"y":-2.5},{"x":1.5,"y":-2.5},{"x":-1.5,"y":1},{"x":1.5,"y":1},{"x":0.5,"y":1},{"x":-0.5,"y":1},{"x":-1.5,"y":2},{"x":-0.5,"y":2},{"x":0.5,"y":2},{"x":1.5,"y":2}]},{"index":3,"tiles":[{"x":-1,"y":1},{"x":1,"y":1},{"x":-1,"y":2},{"x":1,"y":2}]}],"seeds":["l0eN1jdUHAMa3DUpYcGd6vM1DEoWhChaQSh4gdARj1I1XLo44FSCi2F2oROCAwUA"]},{"layers":[{"index":0,"tiles":[{"x":-1.5,"y":-3.5},{"x":2.5,"y":-3.5},{"x":-2.5,"y":-3},{"x":-0.5,"y":-3},{"x":1.5,"y":-3},{"x":3.5,"y":-3},{"x":-3.5,"y":-2.5},{"x":0.5,"y":-2.5},{"x":-1.5,"y":-1.5},{"x":2.5,"y":-1.5},{"x":-2.5,"y":-1},{"x":-0.5,"y":-1},{"x":1.5,"y":-1},{"x":3.5,"y":-1},{"x":-3.5,"y":-0.5},{"x":0.5,"y":-0.5},{"x":-1.5,"y":0.5},{"x":2.5,"y":0.5},{"x":-2.5,"y":1},{"x":-0.5,"y":1},{"x":1.5,"y":1},{"x":3.5,"y":1},{"x":-3.5,"y":1.5},{"x":0.5,"y":1.5},{"x":-1.5,"y":2.5},{"x":2.5,"y":2.5},{"x":-2.5,"y":3},{"x":-0.5,"y":3},{"x":1.5,"y":3},{"x":3.5,"y":3},{"x":-3.5,"y":3.5},{"x":0.5,"y":3.5}]},{"index":1,"tiles":[{"x":-1.5,"y":-3.5},{"x":2.5,"y":-3.5},{"x":-2.5,"y":-3},{"x":-0.5,"y":-3},{"x":1.5,"y":-3},{"x":3.5,"y":-3},{"x":-3.5,"y":-2.5},{"x":0.5,"y":-2.5},{"x":-1.5,"y":-1.5},{"x":2.5,"y":-1.5},{"x":-2.5,"y":-1},{"x":-0.5,"y":-1},{"x":1.5,"y":-1},{"x":3.5,"y":-1},{"x":-3.5,"y":-0.5},{"x":0.5,"y":-0.5},{"x":-1.5,"y":0.5},{"x":2.5,"y":0.5},{"x":-2.5,"y":1},{"x":-0.5,"y":1},{"x":1.5,"y":1},{"x":3.5,"y":1},{"x":-3.5,"y":1.5},{"x":0.5,"y":1.5},{"x":-1.5,"y":2.5},{"x":2.5,"y":2.5},{"x":-2.5,"y":3},{"x":-0.5,"y":3},{"x":1.5,"y":3},{"x":3.5,"y":3},{"x":-3.5,"y":3.5},{"x":0.5,"y":3.5}]},{"index":2,"tiles":[{"x":-1.5,"y":-3.5},{"x":2.5,"y":-3.5},{"x":-2.5,"y":-3},{"x":-0.5,"y":-3},{"x":1.5,"y":-3},{"x":3.5,"y":-3},{"x":-3.5,"y":-2.5},{"x":0.5,"y":-2.5},{"x":-1.5,"y":-1.5},{"x":2.5,"y":-1.5},{"x":-2.5,"y":-1},{"x":-0.5,"y":-1},{"x":1.5,"y":-1},{"x":3.5,"y":-1},{"x":-3.5,"y":-0.5},{"x":0.5,"y":-0.5},{"x":-1.5,"y":0.5},{"x":2.5,"y":0.5},{"x":-2.5,"y":1},{"x":-0.5,"y":1},{"x":1.5,"y":1},{"x":3.5,"y":1},{"x":-3.5,"y":1.5},{"x":0.5,"y":1.5},{"x":-1.5,"y":2.5},{"x":2.5,"y":2.5},{"x":-2.5,"y":3},{"x":-0.5,"y":3},{"x":1.5,"y":3},{"x":3.5,"y":3},{"x":-3.5,"y":3.5},{"x":0.5,"y":3.5}]},{"index":3,"tiles":[{"x":-1.5,"y":-3.5},{"x":2.5,"y":-3.5},{"x":-2.5,"y":-3},{"x":-0.5,"y":-3},{"x":1.5,"y":-3},{"x":3.5,"y":-3},{"x":-3.5,"y":-2.5},{"x":0.5,"y":-2.5},{"x":-1.5,"y":0.5},{"x":2.5,"y":0.5},{"x":-2.5,"y":1},{"x":-0.5,"y":1},{"x":1.5,"y":1},{"x":3.5,"y":1},{"x":-3.5,"y":1.5},{"x":0.5,"y":1.5}]}],"seeds":["ZXV4wQRyF8SFQ5NEnBeoQhOGSPdV1iROIJd0jjSSXSSm3kBgpvVphQKBogIinBA+E7UpoZcF4PE9Eldsy0V9IrdMXcgoioEqBjadGcNpogMSIBiI"]},{"layers":[{"index":0,"tiles":[{"x":-1.5,"y":-4},{"x":-0.5,"y":-4},{"x":0.5,"y":-4},{"x":1.5,"y":-4},{"x":-0.5,"y":-3},{"x":0.5,"y":-3},{"x":-2.5,"y":-2},{"x":-1.5,"y":-2},{"x":-0.5,"y":-2},{"x":0.5,"y":-2},{"x":1.5,"y":-2},{"x":2.5,"y":-2},{"x":-2.5,"y":-1},{"x":2.5,"y":-1},{"x":-0.5,"y":-1},{"x":0.5,"y":-1},{"x":-2.5,"y":0},{"x":-1.5,"y":0},{"x":0.5,"y":0},{"x":1.5,"y":0},{"x":2.5,"y":0},{"x":-0.5,"y":0},{"x":-2.5,"y":1},{"x":-1.5,"y":1},{"x":-0.5,"y":1},{"x":0.5,"y":1},{"x":1.5,"y":1},{"x":2.5,"y":1},{"x":-2.5,"y":2},{"x":-1.5,"y":2},{"x":-0.5,"y":2},{"x":0.5,"y":2},{"x":1.5,"y":2},{"x":2.5,"y":2},{"x":-1.5,"y":3},{"x":-0.5,"y":3},{"x":0.5,"y":3},{"x":1.5,"y":3}]},{"index":1,"tiles":[{"x":-1,"y":-4},{"x":1,"y":-4},{"x":-0.5,"y":-2.5},{"x":0.5,"y":-2.5},{"x":-2.5,"y":-1.5},{"x":2.5,"y":-1.5},{"x":-0.5,"y":-1.5},{"x":0.5,"y":-1.5},{"x":-2.5,"y":-0.5},{"x":2.5,"y":-0.5},{"x":-0.5,"y":-0.5},{"x":0.5,"y":-0.5},{"x":-2.5,"y":0.5},{"x":2.5,"y":0.5},{"x":-1,"y":1},{"x":1,"y":1},{"x":-2.5,"y":1.5},{"x":2.5,"y":1.5},{"x":-1,"y":2.5},{"x":1,"y":2.5}]},{"index":2,"tiles":[{"x":-0.5,"y":-2},{"x":0.5,"y":-2},{"x":-0.5,"y":-1},{"x":0.5,"y":-1},{"x":-2.5,"y":-1},{"x":2.5,"y":-1},{"x":-2.5,"y":0},{"x":2.5,"y":0},{"x":-2.5,"y":1},{"x":2.5,"y":1}]}],"seeds":["jcgF0wSG5CeKHCMMReUtXLF83weqFAia4BhYjeV1JxOIIDiBBCGkXFcOoBIGFNqAU9Uo"]},{"layers":[{"index":0,"tiles":[{"x":0.5,"y":-3},{"x":-0.5,"y":-3},{"x":1.5,"y":-3},{"x":-2.5,"y":-3},{"x":2.5,"y":-3},{"x":-1.5,"y":-3},{"x":-0.5,"y":-2},{"x":0.5,"y":-2},{"x":-1.5,"y":-2},{"x":1.5,"y":-2},{"x":-2.5,"y":-2},{"x":2.5,"y":-2},{"x":-2.5,"y":-1},{"x":-1.5,"y":-1},{"x":2.5,"y":-1},{"x":1.5,"y":-1},{"x":0.5,"y":-1},{"x":-0.5,"y":-1},{"x":-2.5,"y":0},{"x":-1.5,"y":0},{"x":-0.5,"y":0},{"x":0.5,"y":0},{"x":1.5,"y":0},{"x":2.5,"y":0},{"x":1.5,"y":1},{"x":0.5,"y":1},{"x":-0.5,"y":1},{"x":-1.5,"y":1},{"x":-2.5,"y":1},{"x":2.5,"y":1},{"x":-0.5,"y":2},{"x":0.5,"y":2},{"x":-1.5,"y":2},{"x":1.5,"y":2},{"x":-1.5,"y":3},{"x":1.5,"y":3},{"x":0.5,"y":3},{"x":-0.5,"y":3}]},{"index":1,"tiles":[{"x":-2.5,"y":-2.5},{"x":-1.5,"y":-2.5},{"x":-0.5,"y":-2.5},{"x":0.5,"y":-2.5},{"x":1.5,"y":-2.5},{"x":2.5,"y":-2.5},{"x":2.5,"y":-1.5},{"x":1.5,"y":-1.5},{"x":0.5,"y":-1.5},{"x":-0.5,"y":-1.5},{"x":-1.5,"y":-1.5},{"x":-2.5,"y":-1.5},{"x":-2,"y":0},{"x":-1,"y":0},{"x":1,"y":0},{"x":2,"y":0},{"x":-2,"y":1},{"x":2,"y":1},{"x":-1,"y":1.5},{"x":1,"y":1.5},{"x":-1.5,"y":2.5},{"x":-0.5,"y":2.5},{"x":0.5,"y":2.5},{"x":1.5,"y":2.5}]}],"seeds":["zXWCBOgYwVRYqTBwDgcWIxGUQyNw1hJ2F0qCysdQoRIyIrV4qlkZYFhx3+R1oAgA"]},{"layers":[{"index":0,"tiles":[{"x":-2.5,"y":-3},{"x":-1.5,"y":-3},{"x":0.5,"y":-3},{"x":1.5,"y":-3},{"x":2.5,"y":-3},{"x":-0.5,"y":-3},{"x":-2.5,"y":-2},{"x":-0.5,"y":-2},{"x":0.5,"y":-2},{"x":1.5,"y":-2},{"x":2.5,"y":-2},{"x":-1.5,"y":-2},{"x":-1.5,"y":-1},{"x":-0.5,"y":-1},{"x":0.5,"y":-1},{"x":1.5,"y":-1},{"x":-2.5,"y":0},{"x":-1.5,"y":0},{"x":-0.5,"y":0},{"x":0.5,"y":0},{"x":1.5,"y":0},{"x":2.5,"y":0},{"x":-2.5,"y":1},{"x":-1.5,"y":1},{"x":1.5,"y":1},{"x":2.5,"y":1},{"x":-2.5,"y":2},{"x":-1.5,"y":2},{"x":1.5,"y":2},{"x":2.5,"y":2},{"x":-0.5,"y":2},{"x":0.5,"y":2},{"x":-2.5,"y":3},{"x":-1.5,"y":3},{"x":1.5,"y":3},{"x":2.5,"y":3}]},{"index":1,"tiles":[{"x":-2.5,"y":-2.5},{"x":2.5,"y":-2.5},{"x":-1,"y":-2.5},{"x":1,"y":-2.5},{"x":-1.5,"y":-1.5},{"x":-0.5,"y":-1.5},{"x":0.5,"y":-1.5},{"x":1.5,"y":-1.5},{"x":-0.5,"y":-0.5},{"x":0.5,"y":-0.5},{"x":-2,"y":0},{"x":2,"y":0},{"x":-2,"y":1},{"x":2,"y":1},{"x":-2,"y":2},{"x":2,"y":2},{"x":-1,"y":2},{"x":1,"y":2},{"x":-2,"y":3},{"x":2,"y":3}]},{"index":2,"tiles":[{"x":-1,"y":-2},{"x":1,"y":-2},{"x":-0.5,"y":-1},{"x":0.5,"y":-1},{"x":-2,"y":0.5},{"x":2,"y":0.5},{"x":-2,"y":1.5},{"x":2,"y":1.5},{"x":-2,"y":2.5},{"x":2,"y":2.5}]},{"index":3,"tiles":[{"x":-2,"y":1},{"x":2,"y":1},{"x":-2,"y":2},{"x":2,"y":2}]}],"seeds":["ZgiSlXM5y7BwH2dhhTiA3TF+E3qIQtcJYgiKoRI+JdZwVEdwnqFQHpMSD9MYpxpcAVhMVgUA"]},{"layers":[{"index":0,"tiles":[{"x":-2.5,"y":-3},{"x":2.5,"y":-3},{"x":-2.5,"y":-2},{"x":2.5,"y":-2},{"x":1.5,"y":-2},{"x":0.5,"y":-2},{"x":-0.5,"y":-2},{"x":-1.5,"y":-2},{"x":-2.5,"y":-1},{"x":-1.5,"y":-1},{"x":-0.5,"y":-1},{"x":1.5,"y":-1},{"x":2.5,"y":-1},{"x":0.5,"y":-1},{"x":-2.5,"y":0},{"x":-1.5,"y":0},{"x":-0.5,"y":0},{"x":0.5,"y":0},{"x":1.5,"y":0},{"x":2.5,"y":0},{"x":-2.5,"y":1},{"x":2.5,"y":1},{"x":1.5,"y":1},{"x":0.5,"y":1},{"x":-0.5,"y":1},{"x":2.5,"y":2},{"x":0.5,"y":2},{"x":-0.5,"y":2},{"x":-1.5,"y":2},{"x":-2.5,"y":2},{"x":-0.5,"y":3},{"x":0.5,"y":3},{"x":1.5,"y":3},{"x":-2.5,"y":3},{"x":-1.5,"y":3},{"x":2.5,"y":3}]},{"index":1,"tiles":[{"x":-2.5,"y":-2.5},{"x":2.5,"y":-2.5},{"x":-2.5,"y":-1.5},{"x":2.5,"y":-1.5},{"x":-1.5,"y":-1.5},{"x":-0.5,"y":-1.5},{"x":0.5,"y":-1.5},{"x":1.5,"y":-1.5},{"x":-2.5,"y":-0.5},{"x":2.5,"y":-0.5},{"x":1.5,"y":-0.5},{"x":0.5,"y":-0.5},{"x":-0.5,"y":-0.5},{"x":-2.5,"y":0.5},{"x":2.5,"y":0.5},{"x":-1.5,"y":0.5},{"x":0.5,"y":0.5},{"x":1.5,"y":0.5},{"x":-2.5,"y":1.5},{"x":2.5,"y":1.5},{"x":-1,"y":1.5},{"x":1,"y":1.5},{"x":-1,"y":2.5},{"x":-2,"y":2.5},{"x":1,"y":2.5},{"x":2,"y":2.5}]}],"seeds":["Bsd43yB+YMh1nFUGFjMuoFeFDyicpJhOTYdek7M0inmFQ+hQhKIKXPUQVAEGRgEA"]},{"layers":[{"index":0,"tiles":[{"x":-2.5,"y":-3},{"x":-1.5,"y":-3},{"x":-0.5,"y":-3},{"x":0.5,"y":-3},{"x":1.5,"y":-3},{"x":2.5,"y":-3},{"x":2.5,"y":-2},{"x":1.5,"y":-2},{"x":0.5,"y":-2},{"x":-0.5,"y":-2},{"x":-1.5,"y":-2},{"x":-2.5,"y":-2},{"x":-2.5,"y":-1},{"x":-1.5,"y":-1},{"x":-0.5,"y":-1},{"x":0.5,"y":-1},{"x":1.5,"y":-1},{"x":2.5,"y":-1},{"x":-1.5,"y":0},{"x":-0.5,"y":0},{"x":0.5,"y":0},{"x":1.5,"y":0},{"x":-2.5,"y":1},{"x":-1.5,"y":1},{"x":-0.5,"y":1},{"x":0.5,"y":1},{"x":1.5,"y":1},{"x":2.5,"y":1},{"x":-2.5,"y":2},{"x":-1.5,"y":2},{"x":-0.5,"y":2},{"x":0.5,"y":2},{"x":1.5,"y":2},{"x":2.5,"y":2},{"x":-2.5,"y":3},{"x":-1.5,"y":3},{"x":2.5,"y":3},{"x":1.5,"y":3}]},{"index":1,"tiles":[{"x":-2.5,"y":-2.5},{"x":2.5,"y":-2.5},{"x":1.5,"y":-2.5},{"x":0.5,"y":-2.5},{"x":-0.5,"y":-2.5},{"x":-1.5,"y":-2.5},{"x":-2.5,"y":-1.5},{"x":-1.5,"y":-1.5},{"x":-0.5,"y":-1.5},{"x":0.5,"y":-1.5},{"x":1.5,"y":-1.5},{"x":2.5,"y":-1.5},{"x":-1.5,"y":-0.5},{"x":-0.5,"y":-0.5},{"x":0.5,"y":-0.5},{"x":1.5,"y":-0.5},{"x":-1,"y":0.5},{"x":1,"y":0.5},{"x":-2.5,"y":1.5},{"x":-1.5,"y":1.5},{"x":-0.5,"y":1.5},{"x":0.5,"y":1.5},{"x":1.5,"y":1.5},{"x":2.5,"y":1.5},{"x":-2.5,"y":2.5},{"x":-1.5,"y":2.5},{"x":2.5,"y":2.5},{"x":1.5,"y":2.5}]}],"seeds":["wzNU3ESRIAOKJWeogagYzlNYFsMpjddwCxGiFziFhPE56TKcXReMlSF8g3eBYUiZhQAA"]},{"layers":[{"index":0,"tiles":[{"x":-2.5,"y":-3},{"x":-1.5,"y":-3},{"x":-0.5,"y":-3},{"x":0.5,"y":-3},{"x":1.5,"y":-3},{"x":2.5,"y":-3},{"x":2.5,"y":-2},{"x":1.5,"y":-2},{"x":-0.5,"y":-2},{"x":-1.5,"y":-2},{"x":-2.5,"y":-2},{"x":-1.5,"y":-1},{"x":-0.5,"y":-1},{"x":0.5,"y":-1},{"x":1.5,"y":-1},{"x":1.5,"y":0},{"x":0.5,"y":0},{"x":-0.5,"y":0},{"x":-2.5,"y":0},{"x":2.5,"y":0},{"x":-2.5,"y":1},{"x":-1.5,"y":1},{"x":-0.5,"y":1},{"x":0.5,"y":1},{"x":1.5,"y":1},{"x":2.5,"y":1},{"x":-2.5,"y":2},{"x":-1.5,"y":2},{"x":-0.5,"y":2},{"x":0.5,"y":2},{"x":1.5,"y":2},{"x":2.5,"y":2},{"x":-2.5,"y":3},{"x":-1.5,"y":3},{"x":2.5,"y":3},{"x":1.5,"y":3},{"x":0.5,"y":3}]},{"index":1,"tiles":[{"x":-2.5,"y":-2.5},{"x":-1.5,"y":-2.5},{"x":-0.5,"y":-2.5},{"x":0.5,"y":-2.5},{"x":1.5,"y":-2.5},{"x":2.5,"y":-2.5},{"x":-1.5,"y":-1.5},{"x":-0.5,"y":-1.5},{"x":0.5,"y":-1.5},{"x":1.5,"y":-1.5},{"x":-1,"y":-0.5},{"x":1,"y":-0.5},{"x":-1,"y":0.5},{"x":-2,"y":0.5},{"x":1,"y":0.5},{"x":2,"y":0.5},{"x":-2.5,"y":1.5},{"x":-1.5,"y":1.5},{"x":1.5,"y":1.5},{"x":2.5,"y":1.5},{"x":0.5,"y":1.5},{"x":-2,"y":2.5},{"x":-1,"y":2.5},{"x":1,"y":2.5},{"x":2,"y":2.5}]}],"seeds":["IsOBYkUMU1lRzMSF3uUoIfd13Bc4xOWFzAhSJChYalqYhdUMQVcpS4MKC1OBZwgA"]},{"layers":[{"index":0,"tiles":[{"x":0.5,"y":-3},{"x":-0.5,"y":-3},{"x":-1.5,"y":-3},{"x":1.5,"y":-3},{"x":-0.5,"y":-2},{"x":0.5,"y":-2},{"x":-1.5,"y":-2},{"x":1.5,"y":-2},{"x":-2.5,"y":-1},{"x":-1.5,"y":-1},{"x":2.5,"y":-1},{"x":1.5,"y":-1},{"x":0.5,"y":-1},{"x":-0.5,"y":-1},{"x":-2.5,"y":0},{"x":-1.5,"y":0},{"x":-0.5,"y":0},{"x":0.5,"y":0},{"x":1.5,"y":0},{"x":2.5,"y":0},{"x":-2.5,"y":1},{"x":2.5,"y":1},{"x":1.5,"y":1},{"x":0.5,"y":1},{"x":-0.5,"y":1},{"x":-1.5,"y":1},{"x":-2.5,"y":2},{"x":1.5,"y":2},{"x":2.5,"y":2},{"x":-1.5,"y":2},{"x":-0.5,"y":2},{"x":0.5,"y":2},{"x":-1.5,"y":3},{"x":-0.5,"y":3},{"x":0.5,"y":3},{"x":1.5,"y":3},{"x":-2.5,"y":3},{"x":2.5,"y":3}]},{"index":1,"tiles":[{"x":-1.5,"y":-2.5},{"x":-0.5,"y":-2.5},{"x":0.5,"y":-2.5},{"x":1.5,"y":-2.5},{"x":-1,"y":-1},{"x":1,"y":-1},{"x":-2,"y":-0.5},{"x":2,"y":-0.5},{"x":-1,"y":0},{"x":1,"y":0},{"x":-2,"y":0.5},{"x":2,"y":0.5},{"x":-2.5,"y":1.5},{"x":2.5,"y":1.5},{"x":1.5,"y":1.5},{"x":0.5,"y":1.5},{"x":-0.5,"y":1.5},{"x":-1.5,"y":1.5},{"x":-2.5,"y":2.5},{"x":-1.5,"y":2.5},{"x":-0.5,"y":2.5},{"x":0.5,"y":2.5},{"x":1.5,"y":2.5},{"x":2.5,"y":2.5}]}],"seeds":["IHGaVNGAjXVVqcWBFEUKCigui9BRDoNWYOVd5ccEo6dOhROIyseBUzeEYUURAwUA"]},{"layers":[{"index":0,"tiles":[{"x":-2.5,"y":-3},{"x":-1.5,"y":-3},{"x":0.5,"y":-3},{"x":1.5,"y":-3},{"x":2.5,"y":-3},{"x":-0.5,"y":-3},{"x":2.5,"y":-2},{"x":1.5,"y":-2},{"x":0.5,"y":-2},{"x":-0.5,"y":-2},{"x":-1.5,"y":-2},{"x":-2.5,"y":-2},{"x":-2.5,"y":-1},{"x":-1.5,"y":-1},{"x":-0.5,"y":-1},{"x":0.5,"y":-1},{"x":1.5,"y":-1},{"x":2.5,"y":-1},{"x":-1.5,"y":0},{"x":-0.5,"y":0},{"x":0.5,"y":0},{"x":1.5,"y":0},{"x":-2.5,"y":0},{"x":2.5,"y":0},{"x":-1.5,"y":1},{"x":1.5,"y":1},{"x":-0.5,"y":1},{"x":0.5,"y":1},{"x":-2.5,"y":1},{"x":2.5,"y":1},{"x":0.5,"y":2},{"x":-1.5,"y":2},{"x":1.5,"y":2},{"x":-0.5,"y":2},{"x":-1.5,"y":3},{"x":-0.5,"y":3},{"x":1.5,"y":3},{"x":0.5,"y":3}]},{"index":1,"tiles":[{"x":-2.5,"y":-2.5},{"x":2.5,"y":-2.5},{"x":-0.5,"y":-2.5},{"x":-1.5,"y":-2.5},{"x":0.5,"y":-2.5},{"x":1.5,"y":-2.5},{"x":-2.5,"y":-1.5},{"x":-1.5,"y":-1.5},{"x":-0.5,"y":-1.5},{"x":0.5,"y":-1.5},{"x":1.5,"y":-1.5},{"x":2.5,"y":-1.5},{"x":-2,"y":-0.5},{"x":-1,"y":-0.5},{"x":2,"y":-0.5},{"x":1,"y":-0.5},{"x":-2,"y":0.5},{"x":2,"y":0.5},{"x":-1,"y":1},{"x":1,"y":1},{"x":-1.5,"y":2.5},{"x":-0.5,"y":2.5},{"x":0.5,"y":2.5},{"x":1.5,"y":2.5}]}],"seeds":["TaNOBMOFi2UsYNiZZOgV1sUo4eBwIwcageIIJQgGqOg56Vlcgkg51UdUA9dN1AcA"]},{"layers":[{"index":0,"tiles":[{"x":-2.5,"y":-3},{"x":-1.5,"y":-3},{"x":-0.5,"y":-3},{"x":0.5,"y":-3},{"x":1.5,"y":-3},{"x":2.5,"y":-3},{"x":2.5,"y":-2},{"x":1.5,"y":-2},{"x":0.5,"y":-2},{"x":-0.5,"y":-2},{"x":-1.5,"y":-2},{"x":-2.5,"y":-2},{"x":-1.5,"y":-1},{"x":-0.5,"y":-1},{"x":0.5,"y":-1},{"x":1.5,"y":-1},{"x":-2.5,"y":-0.5},{"x":2.5,"y":-0.5},{"x":-0.5,"y":0},{"x":0.5,"y":0},{"x":-1.5,"y":0},{"x":1.5,"y":0},{"x":-2.5,"y":0.5},{"x":2.5,"y":0.5},{"x":0.5,"y":1},{"x":-0.5,"y":1},{"x":-1.5,"y":1},{"x":1.5,"y":1},{"x":-2.5,"y":1.5},{"x":2.5,"y":1.5},{"x":0.5,"y":2},{"x":-0.5,"y":2},{"x":-2.5,"y":2.5},{"x":-1.5,"y":2.5},{"x":1.5,"y":2.5},{"x":2.5,"y":2.5},{"x":-0.5,"y":3},{"x":0.5,"y":3}]},{"index":1,"tiles":[{"x":-2.5,"y":-2.5},{"x":-1.5,"y":-2.5},{"x":-0.5,"y":-2.5},{"x":0.5,"y":-2.5},{"x":1.5,"y":-2.5},{"x":2.5,"y":-2.5},{"x":-1.5,"y":-1.5},{"x":1.5,"y":-1.5},{"x":0.5,"y":-1.5},{"x":-0.5,"y":-1.5},{"x":-1.5,"y":-0.5},{"x":-0.5,"y":-0.5},{"x":0.5,"y":-0.5},{"x":1.5,"y":-0.5},{"x":-2,"y":0.5},{"x":-1,"y":0.5},{"x":1,"y":0.5},{"x":2,"y":0.5},{"x":-0.5,"y":1.5},{"x":0.5,"y":1.5},{"x":-2.5,"y":2},{"x":2.5,"y":2},{"x":-0.5,"y":2.5},{"x":0.5,"y":2.5}]}],"seeds":["DLcsBeV4BmNVhHMNFPg11iUICul1Rgh+YhiIHFE+XGqe4QR2BTihSqByw1OFzQgA"]},{"layers":[{"index":0,"tiles":[{"x":-0.5,"y":-3},{"x":0.5,"y":-3},{"x":-1.5,"y":-2.5},{"x":1.5,"y":-2.5},{"x":-2.5,"y":-2},{"x":2.5,"y":-2},{"x":-3,"y":-1},{"x":3,"y":-1},{"x":-3,"y":0},{"x":3,"y":0},{"x":-4,"y":1},{"x":-3,"y":1},{"x":-2,"y":1},{"x":-1,"y":1},{"x":0,"y":1},{"x":1,"y":1},{"x":2,"y":1},{"x":3,"y":1},{"x":4,"y":1},{"x":-3,"y":2},{"x":-2,"y":2},{"x":-1,"y":2},{"x":0,"y":2},{"x":1,"y":2},{"x":2,"y":2},{"x":3,"y":2},{"x":-3,"y":3},{"x":-2,"y":3},{"x":-1,"y":3},{"x":0,"y":3},{"x":1,"y":3},{"x":2,"y":3},{"x":3,"y":3}]},{"index":1,"tiles":[{"x":-0.5,"y":-3},{"x":0.5,"y":-3},{"x":-1.5,"y":-2.5},{"x":1.5,"y":-2.5},{"x":-2.5,"y":-2},{"x":2.5,"y":-2},{"x":-3,"y":-1},{"x":3,"y":-1},{"x":-3,"y":0},{"x":3,"y":0},{"x":-4,"y":1},{"x":-3,"y":1},{"x":-2,"y":1},{"x":-1,"y":1},{"x":0,"y":1},{"x":1,"y":1},{"x":2,"y":1},{"x":3,"y":1},{"x":4,"y":1},{"x":-3,"y":2},{"x":-2,"y":2},{"x":-1,"y":2},{"x":0,"y":2},{"x":1,"y":2},{"x":2,"y":2},{"x":3,"y":2},{"x":-3,"y":3},{"x":-2,"y":3},{"x":-1,"y":3},{"x":0,"y":3},{"x":1,"y":3},{"x":2,"y":3},{"x":3,"y":3}]},{"index":2,"tiles":[{"x":-0.5,"y":-3},{"x":0.5,"y":-3},{"x":-1.5,"y":-2.5},{"x":1.5,"y":-2.5},{"x":-2.5,"y":-2},{"x":2.5,"y":-2},{"x":-3,"y":-1},{"x":3,"y":-1},{"x":-3,"y":0},{"x":3,"y":0},{"x":-4,"y":1},{"x":-3,"y":1},{"x":-2,"y":1},{"x":-1,"y":1},{"x":0,"y":1},{"x":1,"y":1},{"x":2,"y":1},{"x":3,"y":1},{"x":4,"y":1},{"x":-3,"y":2},{"x":-2,"y":2},{"x":-1,"y":2},{"x":0,"y":2},{"x":1,"y":2},{"x":2,"y":2},{"x":3,"y":2},{"x":-3,"y":3},{"x":-2,"y":3},{"x":-1,"y":3},{"x":0,"y":3},{"x":1,"y":3},{"x":2,"y":3},{"x":3,"y":3}]},{"index":3,"tiles":[{"x":-0.5,"y":-3},{"x":0.5,"y":-3},{"x":-1.5,"y":-2.5},{"x":1.5,"y":-2.5},{"x":-2.5,"y":-2},{"x":2.5,"y":-2},{"x":-3,"y":-1},{"x":3,"y":-1},{"x":-3,"y":0},{"x":3,"y":0},{"x":-4,"y":1},{"x":-3,"y":1},{"x":-2,"y":1},{"x":-1,"y":1},{"x":0,"y":1},{"x":1,"y":1},{"x":2,"y":1},{"x":3,"y":1},{"x":4,"y":1},{"x":-3,"y":2},{"x":-2,"y":2},{"x":-1,"y":2},{"x":0,"y":2},{"x":1,"y":2},{"x":2,"y":2},{"x":3,"y":2},{"x":-3,"y":3},{"x":-2,"y":3},{"x":-1,"y":3},{"x":0,"y":3},{"x":1,"y":3},{"x":2,"y":3},{"x":3,"y":3}]},{"index":4,"tiles":[{"x":-3.5,"y":1},{"x":-2.5,"y":1},{"x":-1.5,"y":1},{"x":-0.5,"y":1},{"x":0.5,"y":1},{"x":1.5,"y":1},{"x":2.5,"y":1},{"x":3.5,"y":1}]}],"seeds":["xcN8lNh5XhhQE9dliahh0cd5IGhJ2uINB7eFnYAwRWI90GlSJUcYiyiGHaM5SzcGHgl2mWdUFQeCiBg6yhRx19elKOR5mqcmEqQIUyB2wZAcAhRWg0gt3rcpYQh+YQNWl6CAIoMNRPNN"]},{"layers":[{"index":0,"tiles":[{"x":3,"y":-9},{"x":4,"y":-9},{"x":5,"y":-9},{"x":6,"y":-9},{"x":7,"y":-9},{"x":8,"y":-9},{"x":2.5,"y":-8},{"x":3.5,"y":-8},{"x":4.5,"y":-8},{"x":5.5,"y":-8},{"x":6.5,"y":-8},{"x":7.5,"y":-8},{"x":8.5,"y":-8},{"x":2,"y":-7},{"x":3,"y":-7},{"x":4,"y":-7},{"x":5,"y":-7},{"x":6,"y":-7},{"x":7,"y":-7},{"x":8,"y":-7},{"x":9,"y":-7},{"x":2.5,"y":-6},{"x":3.5,"y":-6},{"x":4.5,"y":-6},{"x":5.5,"y":-6},{"x":6.5,"y":-6},{"x":7.5,"y":-6},{"x":8.5,"y":-6},{"x":3.5,"y":-5},{"x":4.5,"y":-5},{"x":5.5,"y":-5},{"x":6.5,"y":-5},{"x":7.5,"y":-5},{"x":2.5,"y":-4},{"x":3.5,"y":-4},{"x":4.5,"y":-4},{"x":5.5,"y":-4},{"x":6.5,"y":-4},{"x":7.5,"y":-4},{"x":8.5,"y":-4},{"x":2,"y":-3},{"x":3,"y":-3},{"x":4,"y":-3},{"x":5,"y":-3},{"x":6,"y":-3},{"x":7,"y":-3},{"x":8,"y":-3},{"x":9,"y":-3},{"x":2.5,"y":-2},{"x":3.5,"y":-2},{"x":4.5,"y":-2},{"x":5.5,"y":-2},{"x":6.5,"y":-2},{"x":7.5,"y":-2},{"x":8.5,"y":-2},{"x":3,"y":-1},{"x":4,"y":-1},{"x":5,"y":-1},{"x":6,"y":-1},{"x":7,"y":-1},{"x":8,"y":-1}]},{"index":1,"tiles":[{"x":3.5,"y":-8},{"x":4.5,"y":-8},{"x":5.5,"y":-8},{"x":6.5,"y":-8},{"x":7.5,"y":-8},{"x":3,"y":-7},{"x":4,"y":-7},{"x":5,"y":-7},{"x":6,"y":-7},{"x":7,"y":-7},{"x":8,"y":-7},{"x":3.5,"y":-6},{"x":4.5,"y":-6},{"x":5.5,"y":-6},{"x":6.5,"y":-6},{"x":7.5,"y":-6},{"x":4.5,"y":-5},{"x":5.5,"y":-5},{"x":6.5,"y":-5},{"x":3.5,"y":-4},{"x":4.5,"y":-4},{"x":5.5,"y":-4},{"x":6.5,"y":-4},{"x":7.5,"y":-4},{"x":3,"y":-3},{"x":4,"y":-3},{"x":5,"y":-3},{"x":6,"y":-3},{"x":7,"y":-3},{"x":8,"y":-3},{"x":3.5,"y":-2},{"x":4.5,"y":-2},{"x":5.5,"y":-2},{"x":6.5,"y":-2},{"x":7.5,"y":-2}]},{"index":2,"tiles":[{"x":4,"y":-7},{"x":5,"y":-7},{"x":6,"y":-7},{"x":7,"y":-7},{"x":4,"y":-3},{"x":5,"y":-3},{"x":6,"y":-3},{"x":7,"y":-3}]}],"seeds":["oJggU+RNaSB8hLh8XCOGQVB4hokNl1g5nXBQWHggSQdyIwFlYahYg9eEoBaQHAOFYWdlj6ZsG1p5IPeVEkM94HJJHfdFnFg4oRGKagie"]},{"layers":[{"index":0,"tiles":[{"x":-0.5,"y":-3},{"x":0.5,"y":-3},{"x":-2.5,"y":-3},{"x":2.5,"y":-3},{"x":-2.5,"y":-2},{"x":-1.5,"y":-2},{"x":-0.5,"y":-2},{"x":0.5,"y":-2},{"x":1.5,"y":-2},{"x":2.5,"y":-2},{"x":-2.5,"y":-1},{"x":-1.5,"y":-1},{"x":-0.5,"y":-1},{"x":0.5,"y":-1},{"x":1.5,"y":-1},{"x":2.5,"y":-1},{"x":-2.5,"y":0},{"x":-1.5,"y":0},{"x":-0.5,"y":0},{"x":0.5,"y":0},{"x":2.5,"y":0},{"x":1.5,"y":0},{"x":-2.5,"y":1},{"x":-1.5,"y":1},{"x":-0.5,"y":1},{"x":0.5,"y":1},{"x":1.5,"y":1},{"x":2.5,"y":1},{"x":-1.5,"y":2},{"x":-0.5,"y":2},{"x":0.5,"y":2},{"x":1.5,"y":2},{"x":-2.5,"y":3},{"x":-1.5,"y":3},{"x":-0.5,"y":3},{"x":0.5,"y":3},{"x":1.5,"y":3},{"x":2.5,"y":3}]},{"index":1,"tiles":[{"x":-2,"y":-2},{"x":-1,"y":-2},{"x":1,"y":-2},{"x":2,"y":-2},{"x":-2.5,"y":-0.5},{"x":-1.5,"y":-0.5},{"x":-0.5,"y":-0.5},{"x":0.5,"y":-0.5},{"x":1.5,"y":-0.5},{"x":2.5,"y":-0.5},{"x":2.5,"y":0.5},{"x":1.5,"y":0.5},{"x":0.5,"y":0.5},{"x":-0.5,"y":0.5},{"x":-1.5,"y":0.5},{"x":-2.5,"y":0.5},{"x":-1.5,"y":1.5},{"x":1.5,"y":1.5},{"x":0.5,"y":1.5},{"x":-0.5,"y":1.5},{"x":-1.5,"y":2.5},{"x":-0.5,"y":2.5},{"x":0.5,"y":2.5},{"x":1.5,"y":2.5}]}],"seeds":["YLUQzEIGFMV0YToFoGGqTXdVJWF9E+colyJ4RDgSjsihosV54RByBdgUwymAnwEA"]},{"layers":[{"index":0,"tiles":[{"x":-0.5,"y":-3},{"x":0.5,"y":-3},{"x":-1.5,"y":-3},{"x":-2.5,"y":-3},{"x":1.5,"y":-3},{"x":2.5,"y":-3},{"x":-2.5,"y":-2},{"x":2.5,"y":-2},{"x":-1.5,"y":-1.5},{"x":-0.5,"y":-1.5},{"x":0.5,"y":-1.5},{"x":1.5,"y":-1.5},{"x":-2.5,"y":-0.5},{"x":1.5,"y":-0.5},{"x":2.5,"y":-0.5},{"x":-1.5,"y":-0.5},{"x":-0.5,"y":-0.5},{"x":0.5,"y":-0.5},{"x":-2.5,"y":0.5},{"x":-1.5,"y":0.5},{"x":1.5,"y":0.5},{"x":2.5,"y":0.5},{"x":0.5,"y":0.5},{"x":-0.5,"y":0.5},{"x":-2.5,"y":1.5},{"x":-1.5,"y":1.5},{"x":1.5,"y":1.5},{"x":2.5,"y":1.5},{"x":0.5,"y":1.5},{"x":-0.5,"y":1.5},{"x":-2.5,"y":2.5},{"x":-1.5,"y":2.5},{"x":1.5,"y":2.5},{"x":2.5,"y":2.5},{"x":0.5,"y":2.5},{"x":-0.5,"y":2.5},{"x":-1.5,"y":3.5},{"x":-0.5,"y":3.5},{"x":0.5,"y":3.5},{"x":1.5,"y":3.5}]},{"index":1,"tiles":[{"x":-2,"y":-3},{"x":-1,"y":-3},{"x":1,"y":-3},{"x":2,"y":-3},{"x":-1.5,"y":-1},{"x":-0.5,"y":-1},{"x":0.5,"y":-1},{"x":1.5,"y":-1},{"x":-2.5,"y":0},{"x":-1.5,"y":0},{"x":-0.5,"y":0},{"x":0.5,"y":0},{"x":1.5,"y":0},{"x":2.5,"y":0},{"x":-2,"y":1.5},{"x":-1,"y":1.5},{"x":1,"y":1.5},{"x":2,"y":1.5},{"x":-1.5,"y":3},{"x":-0.5,"y":3},{"x":0.5,"y":3},{"x":1.5,"y":3}]}],"seeds":["lrgUnPU4wmI0IviUCqMEpPehA1OAXOeFJqGG1/CFAXF1ldGk3BhWHEWdgjOBEwgA"]},{"layers":[{"index":0,"tiles":[{"x":-0.5,"y":-3.5},{"x":0.5,"y":-3.5},{"x":-3.5,"y":-3},{"x":-2.5,"y":-3},{"x":-1.5,"y":-3},{"x":1.5,"y":-3},{"x":2.5,"y":-3},{"x":3.5,"y":-3},{"x":-0.5,"y":-2.5},{"x":0.5,"y":-2.5},{"x":-3.5,"y":-2},{"x":3.5,"y":-2},{"x":-3.5,"y":-1},{"x":-2,"y":-1},{"x":0,"y":-1},{"x":2,"y":-1},{"x":3.5,"y":-1},{"x":-1,"y":-0.5},{"x":1,"y":-0.5},{"x":-3.5,"y":0},{"x":0,"y":0},{"x":3.5,"y":0},{"x":-1,"y":0.5},{"x":1,"y":0.5},{"x":-3.5,"y":1},{"x":-2,"y":1},{"x":0,"y":1},{"x":2,"y":1},{"x":3.5,"y":1},{"x":-3.5,"y":2},{"x":3.5,"y":2},{"x":-0.5,"y":2.5},{"x":0.5,"y":2.5},{"x":-3.5,"y":3},{"x":-2.5,"y":3},{"x":-1.5,"y":3},{"x":1.5,"y":3},{"x":2.5,"y":3},{"x":3.5,"y":3},{"x":-0.5,"y":3.5},{"x":0.5,"y":3.5}]},{"index":1,"tiles":[{"x":-3.5,"y":-3},{"x":-2.5,"y":-3},{"x":-1.5,"y":-3},{"x":0,"y":-3},{"x":1.5,"y":-3},{"x":2.5,"y":-3},{"x":3.5,"y":-3},{"x":-3.5,"y":-2},{"x":3.5,"y":-2},{"x":-3.5,"y":-1},{"x":-2,"y":-1},{"x":0,"y":-1},{"x":2,"y":-1},{"x":3.5,"y":-1},{"x":-1,"y":-0.5},{"x":1,"y":-0.5},{"x":-3.5,"y":0},{"x":0,"y":0},{"x":3.5,"y":0},{"x":-1,"y":0.5},{"x":1,"y":0.5},{"x":-3.5,"y":1},{"x":-2,"y":1},{"x":0,"y":1},{"x":2,"y":1},{"x":3.5,"y":1},{"x":-3.5,"y":2},{"x":3.5,"y":2},{"x":-3.5,"y":3},{"x":-2.5,"y":3},{"x":-1.5,"y":3},{"x":0,"y":3},{"x":1.5,"y":3},{"x":2.5,"y":3},{"x":3.5,"y":3}]},{"index":2,"tiles":[{"x":-3.5,"y":-3},{"x":-2.5,"y":-3},{"x":-1.5,"y":-3},{"x":1.5,"y":-3},{"x":2.5,"y":-3},{"x":3.5,"y":-3},{"x":-3.5,"y":-2},{"x":3.5,"y":-2},{"x":-3.5,"y":-1},{"x":-2,"y":-1},{"x":0,"y":-1},{"x":2,"y":-1},{"x":3.5,"y":-1},{"x":-1,"y":-0.5},{"x":1,"y":-0.5},{"x":-3.5,"y":0},{"x":0,"y":0},{"x":3.5,"y":0},{"x":-1,"y":0.5},{"x":1,"y":0.5},{"x":-3.5,"y":1},{"x":-2,"y":1},{"x":0,"y":1},{"x":2,"y":1},{"x":3.5,"y":1},{"x":-3.5,"y":2},{"x":3.5,"y":2},{"x":-3.5,"y":3},{"x":-2.5,"y":3},{"x":-1.5,"y":3},{"x":1.5,"y":3},{"x":2.5,"y":3},{"x":3.5,"y":3}]},{"index":3,"tiles":[{"x":-0.5,"y":-0.5},{"x":0.5,"y":-0.5},{"x":-0.5,"y":0.5},{"x":0.5,"y":0.5}]},{"index":4,"tiles":[{"x":0,"y":0}]}],"seeds":["g2h400FOQVJIFxiBWhSFgwCGBiUylRRdIMh5SFqcVPU5HLdcYbkhSKZ1JmFFh+BxlypCIhowogiBoxcmXhOG0adk1uNhH7Io4NURT/dF2OV8TbR1HwgA"]},{"layers":[{"index":0,"tiles":[{"x":1.5,"y":-3},{"x":-1.5,"y":-3},{"x":-2.5,"y":-3},{"x":2.5,"y":-3},{"x":-0.5,"y":-3},{"x":0.5,"y":-3},{"x":-2.5,"y":-2},{"x":-1.5,"y":-2},{"x":-0.5,"y":-2},{"x":0.5,"y":-2},{"x":1.5,"y":-2},{"x":2.5,"y":-2},{"x":-1.5,"y":-1},{"x":-0.5,"y":-1},{"x":1.5,"y":-1},{"x":0.5,"y":-1},{"x":-0.5,"y":0},{"x":0.5,"y":0},{"x":1.5,"y":0},{"x":-1.5,"y":0},{"x":-2.5,"y":0},{"x":2.5,"y":0},{"x":-2.5,"y":1},{"x":-1.5,"y":1},{"x":0.5,"y":1},{"x":1.5,"y":1},{"x":2.5,"y":1},{"x":-0.5,"y":1},{"x":-0.5,"y":2},{"x":0.5,"y":2},{"x":1.5,"y":2},{"x":-1.5,"y":2},{"x":-2.5,"y":2},{"x":2.5,"y":2},{"x":-2.5,"y":3},{"x":0.5,"y":3},{"x":2.5,"y":3},{"x":-0.5,"y":3}]},{"index":1,"tiles":[{"x":-2.5,"y":-2.5},{"x":-1.5,"y":-2.5},{"x":-0.5,"y":-2.5},{"x":0.5,"y":-2.5},{"x":1.5,"y":-2.5},{"x":2.5,"y":-2.5},{"x":-1.5,"y":-1.5},{"x":1.5,"y":-1.5},{"x":0.5,"y":-1.5},{"x":-0.5,"y":-1.5},{"x":-1.5,"y":-0.5},{"x":-0.5,"y":-0.5},{"x":0.5,"y":-0.5},{"x":1.5,"y":-0.5},{"x":-2.5,"y":0.5},{"x":-0.5,"y":0.5},{"x":0.5,"y":0.5},{"x":1.5,"y":0.5},{"x":2.5,"y":0.5},{"x":-1.5,"y":0.5},{"x":-2,"y":2},{"x":-1,"y":2},{"x":1,"y":2},{"x":2,"y":2}]}],"seeds":["jWMIBLN4BkgsSqFQYsF5DihyjSV8Yxh0ZoBOFlU93JCG1XRxQ1eeIRkyl/p8IAgA"]},{"layers":[{"index":0,"tiles":[{"x":-1.5,"y":-3},{"x":-0.5,"y":-3},{"x":0.5,"y":-3},{"x":1.5,"y":-3},{"x":-2.5,"y":-2},{"x":-1.5,"y":-2},{"x":-0.5,"y":-2},{"x":0.5,"y":-2},{"x":1.5,"y":-2},{"x":2.5,"y":-2},{"x":-2.5,"y":-1},{"x":2.5,"y":-1},{"x":1.5,"y":-1},{"x":-0.5,"y":-1},{"x":-1.5,"y":-1},{"x":-2.5,"y":0},{"x":-1.5,"y":0},{"x":-0.5,"y":0},{"x":0.5,"y":0},{"x":1.5,"y":0},{"x":2.5,"y":0},{"x":-2.5,"y":1},{"x":-1.5,"y":1},{"x":-0.5,"y":1},{"x":0.5,"y":1},{"x":1.5,"y":1},{"x":2.5,"y":1},{"x":-2.5,"y":2},{"x":-1.5,"y":2},{"x":0.5,"y":2},{"x":1.5,"y":2},{"x":2.5,"y":2},{"x":-1.5,"y":3},{"x":1.5,"y":3},{"x":0.5,"y":3}]},{"index":1,"tiles":[{"x":-1.5,"y":-2.5},{"x":-0.5,"y":-2.5},{"x":0.5,"y":-2.5},{"x":1.5,"y":-2.5},{"x":-2,"y":-1.5},{"x":-1,"y":-1.5},{"x":1,"y":-1.5},{"x":2,"y":-1.5},{"x":-2,"y":-0.5},{"x":2,"y":-0.5},{"x":-0.5,"y":-0.5},{"x":0.5,"y":-0.5},{"x":-2.5,"y":0.5},{"x":2.5,"y":0.5},{"x":1.5,"y":0.5},{"x":0.5,"y":0.5},{"x":-0.5,"y":0.5},{"x":-1.5,"y":0.5},{"x":-2.5,"y":1.5},{"x":-0.5,"y":1.5},{"x":0.5,"y":1.5},{"x":1.5,"y":1.5},{"x":2.5,"y":1.5},{"x":-1.5,"y":2.5},{"x":-0.5,"y":2.5},{"x":0.5,"y":2.5},{"x":1.5,"y":2.5}]}],"seeds":["V0MFlTKpF8OFXFeN1MJwjZV2ghIuVmByzjdM4AcWlgc6A3GKJEpMlWCJZVVMoAcA"]},{"layers":[{"index":0,"tiles":[{"x":-1.5,"y":-3},{"x":1.5,"y":-3},{"x":2.5,"y":-3},{"x":-2.5,"y":-3},{"x":-1.5,"y":-2},{"x":-0.5,"y":-2},{"x":0.5,"y":-2},{"x":1.5,"y":-2},{"x":-1.5,"y":-1},{"x":-0.5,"y":-1},{"x":1.5,"y":-1},{"x":2.5,"y":-1},{"x":0.5,"y":-1},{"x":-2.5,"y":-1},{"x":-1.5,"y":0},{"x":-0.5,"y":0},{"x":0.5,"y":0},{"x":2.5,"y":0},{"x":1.5,"y":0},{"x":-2.5,"y":0},{"x":-0.5,"y":1},{"x":0.5,"y":1},{"x":2.5,"y":1},{"x":-2.5,"y":1},{"x":-1.5,"y":1},{"x":1.5,"y":1},{"x":0.5,"y":2},{"x":-0.5,"y":2},{"x":-1.5,"y":2},{"x":-2.5,"y":2},{"x":1.5,"y":2},{"x":2.5,"y":2},{"x":-0.5,"y":3},{"x":0.5,"y":3},{"x":-1.5,"y":3},{"x":-2.5,"y":3},{"x":1.5,"y":3},{"x":2.5,"y":3}]},{"index":1,"tiles":[{"x":-2,"y":-3},{"x":2,"y":-3},{"x":-1.5,"y":-1.5},{"x":-0.5,"y":-1.5},{"x":0.5,"y":-1.5},{"x":1.5,"y":-1.5},{"x":-2.5,"y":-0.5},{"x":-1.5,"y":-0.5},{"x":-0.5,"y":-0.5},{"x":1.5,"y":-0.5},{"x":2.5,"y":-0.5},{"x":0.5,"y":-0.5},{"x":-0.5,"y":0.5},{"x":0.5,"y":0.5},{"x":-2,"y":0.5},{"x":2,"y":0.5},{"x":-2.5,"y":1.5},{"x":2.5,"y":1.5},{"x":1.5,"y":1.5},{"x":0.5,"y":1.5},{"x":-0.5,"y":1.5},{"x":-1.5,"y":1.5},{"x":-2.5,"y":2.5},{"x":-1.5,"y":2.5},{"x":-0.5,"y":2.5},{"x":0.5,"y":2.5},{"x":1.5,"y":2.5},{"x":2.5,"y":2.5}]}],"seeds":["HzF9hCh+ldKZKthxAmF1jVKNxVk6TfCBzFQIA9ExVXgxYDowoLcEIUU1nHWhntNU5AIA"]}]]],0,0,[],[],[]]
