[1,["81m0lzLghAxrVbi5MgbNf7@6c48a"],["_textureSource"],["cc.SpriteFrame"],0,[{"name":"footer-portrait","rect":{"x":0,"y":0,"width":1080,"height":497},"offset":{"x":0,"y":0},"originalSize":{"width":1080,"height":497},"rotated":false,"capInsets":[0,0,0,0],"vertices":{"rawPosition":[-540,-248.5,0,540,-248.5,0,-540,248.5,0,540,248.5,0],"indexes":[0,1,2,2,1,3],"uv":[0,497,1080,497,0,0,1080,0],"nuv":[0,0,1,0,0,1,1,1],"minPos":{"x":-540,"y":-248.5,"z":0},"maxPos":{"x":540,"y":248.5,"z":0}},"packable":true,"pixelsToUnit":100,"pivot":{"x":0.5,"y":0.5},"meshType":0}],[0],0,[0],[0],[0]]
