[1,["816BKlEodJOrEUdfLCAtEM@6c48a"],["_textureSource"],["cc.SpriteFrame"],0,[{"name":"footer-landscape","rect":{"x":21,"y":0,"width":1486,"height":497},"offset":{"x":-0.5,"y":0},"originalSize":{"width":1529,"height":497},"rotated":false,"capInsets":[0,0,0,0],"vertices":{"rawPosition":[-743,-248.5,0,743,-248.5,0,-743,248.5,0,743,248.5,0],"indexes":[0,1,2,2,1,3],"uv":[21,497,1507,497,21,0,1507,0],"nuv":[0.013734466971877043,0,0.9856115107913669,0,0.013734466971877043,1,0.9856115107913669,1],"minPos":{"x":-743,"y":-248.5,"z":0},"maxPos":{"x":743,"y":248.5,"z":0}},"packable":true,"pixelsToUnit":100,"pivot":{"x":0.5,"y":0.5},"meshType":0}],[0],0,[0],[0],[0]]
