{"textures":[{"image":"butterfly-resources.png","format":"RGBA8888","size":{"w":484,"h":448},"scale":1,"frames":[{"filename":"tile-28","rotated":false,"trimmed":false,"sourceSize":{"w":86,"h":77},"spriteSourceSize":{"x":0,"y":0,"w":86,"h":77},"frame":{"x":2,"y":2,"w":86,"h":77}},{"filename":"tile-22","rotated":false,"trimmed":false,"sourceSize":{"w":88,"h":78},"spriteSourceSize":{"x":0,"y":0,"w":88,"h":78},"frame":{"x":91,"y":2,"w":88,"h":78}},{"filename":"tile-23","rotated":false,"trimmed":false,"sourceSize":{"w":79,"h":83},"spriteSourceSize":{"x":0,"y":0,"w":79,"h":83},"frame":{"x":182,"y":2,"w":79,"h":83}},{"filename":"tile-11","rotated":false,"trimmed":false,"sourceSize":{"w":85,"h":84},"spriteSourceSize":{"x":0,"y":0,"w":85,"h":84},"frame":{"x":264,"y":2,"w":85,"h":84}},{"filename":"tile-16","rotated":false,"trimmed":false,"sourceSize":{"w":65,"h":84},"spriteSourceSize":{"x":0,"y":0,"w":65,"h":84},"frame":{"x":352,"y":2,"w":65,"h":84}},{"filename":"tile-17","rotated":false,"trimmed":false,"sourceSize":{"w":62,"h":84},"spriteSourceSize":{"x":0,"y":0,"w":62,"h":84},"frame":{"x":420,"y":2,"w":62,"h":84}},{"filename":"tile-12","rotated":false,"trimmed":false,"sourceSize":{"w":83,"h":85},"spriteSourceSize":{"x":0,"y":0,"w":83,"h":85},"frame":{"x":2,"y":82,"w":83,"h":85}},{"filename":"tile-24","rotated":false,"trimmed":false,"sourceSize":{"w":69,"h":85},"spriteSourceSize":{"x":0,"y":0,"w":69,"h":85},"frame":{"x":88,"y":83,"w":69,"h":85}},{"filename":"tile-29","rotated":false,"trimmed":false,"sourceSize":{"w":69,"h":85},"spriteSourceSize":{"x":0,"y":0,"w":69,"h":85},"frame":{"x":160,"y":88,"w":69,"h":85}},{"filename":"tile-9","rotated":false,"trimmed":false,"sourceSize":{"w":70,"h":85},"spriteSourceSize":{"x":0,"y":0,"w":70,"h":85},"frame":{"x":232,"y":89,"w":70,"h":85}},{"filename":"tile-1","rotated":false,"trimmed":false,"sourceSize":{"w":71,"h":86},"spriteSourceSize":{"x":0,"y":0,"w":71,"h":86},"frame":{"x":305,"y":89,"w":71,"h":86}},{"filename":"tile-10","rotated":false,"trimmed":false,"sourceSize":{"w":82,"h":86},"spriteSourceSize":{"x":0,"y":0,"w":82,"h":86},"frame":{"x":379,"y":89,"w":82,"h":86}},{"filename":"tile-13","rotated":false,"trimmed":false,"sourceSize":{"w":69,"h":86},"spriteSourceSize":{"x":0,"y":0,"w":69,"h":86},"frame":{"x":2,"y":170,"w":69,"h":86}},{"filename":"tile-15","rotated":false,"trimmed":false,"sourceSize":{"w":66,"h":86},"spriteSourceSize":{"x":0,"y":0,"w":66,"h":86},"frame":{"x":74,"y":171,"w":66,"h":86}},{"filename":"tile-20","rotated":false,"trimmed":false,"sourceSize":{"w":78,"h":86},"spriteSourceSize":{"x":0,"y":0,"w":78,"h":86},"frame":{"x":143,"y":176,"w":78,"h":86}},{"filename":"tile-21","rotated":false,"trimmed":false,"sourceSize":{"w":71,"h":86},"spriteSourceSize":{"x":0,"y":0,"w":71,"h":86},"frame":{"x":224,"y":177,"w":71,"h":86}},{"filename":"tile-26","rotated":false,"trimmed":false,"sourceSize":{"w":81,"h":86},"spriteSourceSize":{"x":0,"y":0,"w":81,"h":86},"frame":{"x":298,"y":178,"w":81,"h":86}},{"filename":"tile-27","rotated":false,"trimmed":false,"sourceSize":{"w":64,"h":86},"spriteSourceSize":{"x":0,"y":0,"w":64,"h":86},"frame":{"x":382,"y":178,"w":64,"h":86}},{"filename":"tile-19","rotated":false,"trimmed":false,"sourceSize":{"w":66,"h":87},"spriteSourceSize":{"x":0,"y":0,"w":66,"h":87},"frame":{"x":2,"y":259,"w":66,"h":87}},{"filename":"tile-25","rotated":false,"trimmed":false,"sourceSize":{"w":64,"h":87},"spriteSourceSize":{"x":0,"y":0,"w":64,"h":87},"frame":{"x":71,"y":260,"w":64,"h":87}},{"filename":"tile-5","rotated":false,"trimmed":false,"sourceSize":{"w":77,"h":86},"spriteSourceSize":{"x":0,"y":0,"w":77,"h":86},"frame":{"x":138,"y":265,"w":77,"h":86}},{"filename":"tile-8","rotated":false,"trimmed":false,"sourceSize":{"w":77,"h":86},"spriteSourceSize":{"x":0,"y":0,"w":77,"h":86},"frame":{"x":218,"y":266,"w":77,"h":86}},{"filename":"tile-14","rotated":false,"trimmed":false,"sourceSize":{"w":72,"h":87},"spriteSourceSize":{"x":0,"y":0,"w":72,"h":87},"frame":{"x":298,"y":267,"w":72,"h":87}},{"filename":"tile-18","rotated":false,"trimmed":false,"sourceSize":{"w":78,"h":88},"spriteSourceSize":{"x":0,"y":0,"w":78,"h":88},"frame":{"x":373,"y":267,"w":78,"h":88}},{"filename":"tile-2","rotated":false,"trimmed":false,"sourceSize":{"w":72,"h":88},"spriteSourceSize":{"x":0,"y":0,"w":72,"h":88},"frame":{"x":2,"y":350,"w":72,"h":88}},{"filename":"tile-3","rotated":false,"trimmed":false,"sourceSize":{"w":73,"h":88},"spriteSourceSize":{"x":0,"y":0,"w":73,"h":88},"frame":{"x":77,"y":354,"w":73,"h":88}},{"filename":"tile-4","rotated":false,"trimmed":false,"sourceSize":{"w":74,"h":88},"spriteSourceSize":{"x":0,"y":0,"w":74,"h":88},"frame":{"x":153,"y":355,"w":74,"h":88}},{"filename":"tile-30","rotated":false,"trimmed":false,"sourceSize":{"w":63,"h":89},"spriteSourceSize":{"x":0,"y":0,"w":63,"h":89},"frame":{"x":230,"y":355,"w":63,"h":89}},{"filename":"tile-6","rotated":false,"trimmed":false,"sourceSize":{"w":79,"h":88},"spriteSourceSize":{"x":0,"y":0,"w":79,"h":88},"frame":{"x":296,"y":358,"w":79,"h":88}},{"filename":"tile-7","rotated":false,"trimmed":false,"sourceSize":{"w":78,"h":88},"spriteSourceSize":{"x":0,"y":0,"w":78,"h":88},"frame":{"x":378,"y":358,"w":78,"h":88}}]}],"meta":{"app":"https://www.codeandweb.com/texturepacker","version":"3.0","smartupdate":"$TexturePacker:SmartUpdate:52ebdc6d7e4005329b00a032acef71bf:984f28aa8284f07cba0b171ef13f32c3:c3a8f6341cb0aac057538e3fb890f638$"}}