<?xml version="1.0" encoding="UTF-8"?><font><info face="LilitaOneRus" size="72" bold="0" italic="0" charset="" unicode="1" stretchH="100" smooth="1" aa="1" padding="1,1,1,1" spacing="1,1"/><common lineHeight="72" base="66" scaleW="1032" scaleH="1031" pages="1" packed="0"/><pages><page id="0" file="LilitaOne-ja.png"/></pages><chars count="248"><char id="32" x="0" y="0" width="0" height="0" xoffset="0" yoffset="0" xadvance="14" page="0" chnl="15"/><char id="33" x="684" y="696" width="22" height="61" xoffset="-1" yoffset="11" xadvance="21" page="0" chnl="15"/><char id="34" x="95" y="998" width="33" height="28" xoffset="0" yoffset="13" xadvance="34" page="0" chnl="15"/><char id="35" x="451" y="885" width="58" height="57" xoffset="2" yoffset="14" xadvance="60" page="0" chnl="15"/><char id="36" x="732" y="330" width="43" height="74" xoffset="-2" yoffset="5" xadvance="39" page="0" chnl="15"/><char id="37" x="707" y="696" width="61" height="61" xoffset="-2" yoffset="11" xadvance="58" page="0" chnl="15"/><char id="38" x="811" y="696" width="50" height="61" xoffset="-1" yoffset="11" xadvance="49" page="0" chnl="15"/><char id="39" x="1012" y="554" width="19" height="28" xoffset="1" yoffset="13" xadvance="22" page="0" chnl="15"/><char id="40" x="66" y="696" width="27" height="64" xoffset="2" yoffset="13" xadvance="31" page="0" chnl="15"/><char id="41" x="94" y="696" width="27" height="64" xoffset="2" yoffset="13" xadvance="31" page="0" chnl="15"/><char id="42" x="983" y="945" width="37" height="38" xoffset="2" yoffset="12" xadvance="41" page="0" chnl="15"/><char id="43" x="842" y="945" width="46" height="46" xoffset="-2" yoffset="19" xadvance="44" page="0" chnl="15"/><char id="44" x="1006" y="885" width="26" height="28" xoffset="-1" yoffset="51" xadvance="22" page="0" chnl="15"/><char id="45" x="157" y="998" width="42" height="18" xoffset="-2" yoffset="40" xadvance="38" page="0" chnl="15"/><char id="46" x="1009" y="626" width="23" height="23" xoffset="-3" yoffset="49" xadvance="17" page="0" chnl="15"/><char id="47" x="142" y="406" width="50" height="73" xoffset="-4" yoffset="6" xadvance="42" page="0" chnl="15"/><char id="48" x="68" y="762" width="50" height="60" xoffset="-2" yoffset="12" xadvance="47" page="0" chnl="15"/><char id="49" x="518" y="824" width="33" height="59" xoffset="-3" yoffset="12" xadvance="30" page="0" chnl="15"/><char id="50" x="119" y="762" width="41" height="60" xoffset="-1" yoffset="11" xadvance="38" page="0" chnl="15"/><char id="51" x="990" y="481" width="42" height="60" xoffset="-3" yoffset="12" xadvance="39" page="0" chnl="15"/><char id="52" x="552" y="824" width="49" height="59" xoffset="-4" yoffset="12" xadvance="44" page="0" chnl="15"/><char id="53" x="161" y="762" width="39" height="60" xoffset="-1" yoffset="12" xadvance="38" page="0" chnl="15"/><char id="54" x="201" y="762" width="45" height="60" xoffset="-2" yoffset="12" xadvance="42" page="0" chnl="15"/><char id="55" x="247" y="762" width="42" height="60" xoffset="-3" yoffset="12" xadvance="37" page="0" chnl="15"/><char id="56" x="290" y="762" width="45" height="60" xoffset="-2" yoffset="12" xadvance="42" page="0" chnl="15"/><char id="57" x="336" y="762" width="44" height="60" xoffset="-1" yoffset="12" xadvance="41" page="0" chnl="15"/><char id="58" x="819" y="945" width="22" height="46" xoffset="0" yoffset="26" xadvance="20" page="0" chnl="15"/><char id="59" x="924" y="885" width="25" height="53" xoffset="-3" yoffset="26" xadvance="20" page="0" chnl="15"/><char id="61" x="0" y="998" width="42" height="33" xoffset="0" yoffset="27" xadvance="42" page="0" chnl="15"/><char id="63" x="769" y="696" width="41" height="61" xoffset="0" yoffset="11" xadvance="43" page="0" chnl="15"/><char id="64" x="122" y="696" width="63" height="64" xoffset="-2" yoffset="14" xadvance="63" page="0" chnl="15"/><char id="65" x="490" y="762" width="53" height="60" xoffset="-3" yoffset="12" xadvance="48" page="0" chnl="15"/><char id="66" x="777" y="824" width="45" height="59" xoffset="0" yoffset="12" xadvance="43" page="0" chnl="15"/><char id="67" x="544" y="762" width="45" height="60" xoffset="-2" yoffset="12" xadvance="41" page="0" chnl="15"/><char id="68" x="823" y="824" width="48" height="59" xoffset="-1" yoffset="12" xadvance="45" page="0" chnl="15"/><char id="69" x="872" y="824" width="38" height="59" xoffset="-1" yoffset="12" xadvance="36" page="0" chnl="15"/><char id="70" x="590" y="762" width="37" height="60" xoffset="-1" yoffset="12" xadvance="34" page="0" chnl="15"/><char id="71" x="628" y="762" width="48" height="60" xoffset="-2" yoffset="12" xadvance="45" page="0" chnl="15"/><char id="72" x="911" y="824" width="48" height="59" xoffset="-1" yoffset="12" xadvance="47" page="0" chnl="15"/><char id="73" x="0" y="885" width="37" height="59" xoffset="-3" yoffset="12" xadvance="31" page="0" chnl="15"/><char id="74" x="677" y="762" width="39" height="60" xoffset="-4" yoffset="12" xadvance="34" page="0" chnl="15"/><char id="75" x="717" y="762" width="50" height="60" xoffset="-1" yoffset="12" xadvance="45" page="0" chnl="15"/><char id="76" x="38" y="885" width="37" height="59" xoffset="-2" yoffset="12" xadvance="32" page="0" chnl="15"/><char id="77" x="768" y="762" width="67" height="60" xoffset="-1" yoffset="12" xadvance="66" page="0" chnl="15"/><char id="78" x="836" y="762" width="49" height="60" xoffset="-1" yoffset="12" xadvance="47" page="0" chnl="15"/><char id="79" x="886" y="762" width="54" height="60" xoffset="-2" yoffset="12" xadvance="51" page="0" chnl="15"/><char id="80" x="941" y="762" width="44" height="60" xoffset="-1" yoffset="12" xadvance="42" page="0" chnl="15"/><char id="81" x="786" y="406" width="54" height="72" xoffset="-2" yoffset="12" xadvance="51" page="0" chnl="15"/><char id="82" x="0" y="824" width="47" height="60" xoffset="-1" yoffset="12" xadvance="43" page="0" chnl="15"/><char id="83" x="986" y="762" width="42" height="60" xoffset="-2" yoffset="12" xadvance="39" page="0" chnl="15"/><char id="84" x="48" y="824" width="44" height="60" xoffset="-4" yoffset="12" xadvance="37" page="0" chnl="15"/><char id="85" x="93" y="824" width="49" height="60" xoffset="-2" yoffset="12" xadvance="46" page="0" chnl="15"/><char id="86" x="76" y="885" width="54" height="59" xoffset="-3" yoffset="12" xadvance="48" page="0" chnl="15"/><char id="87" x="143" y="824" width="74" height="60" xoffset="-3" yoffset="12" xadvance="69" page="0" chnl="15"/><char id="88" x="218" y="824" width="55" height="60" xoffset="-3" yoffset="12" xadvance="50" page="0" chnl="15"/><char id="89" x="274" y="824" width="55" height="60" xoffset="-5" yoffset="12" xadvance="45" page="0" chnl="15"/><char id="90" x="131" y="885" width="45" height="59" xoffset="-2" yoffset="12" xadvance="41" page="0" chnl="15"/><char id="91" x="985" y="251" width="29" height="75" xoffset="1" yoffset="5" xadvance="28" page="0" chnl="15"/><char id="93" x="0" y="330" width="28" height="75" xoffset="-2" yoffset="5" xadvance="28" page="0" chnl="15"/><char id="94" x="43" y="998" width="51" height="33" xoffset="-1" yoffset="13" xadvance="50" page="0" chnl="15"/><char id="95" x="200" y="998" width="47" height="17" xoffset="-1" yoffset="65" xadvance="46" page="0" chnl="15"/><char id="97" x="272" y="945" width="44" height="46" xoffset="-3" yoffset="26" xadvance="38" page="0" chnl="15"/><char id="98" x="381" y="762" width="41" height="60" xoffset="-1" yoffset="12" xadvance="38" page="0" chnl="15"/><char id="99" x="317" y="945" width="36" height="46" xoffset="-2" yoffset="26" xadvance="31" page="0" chnl="15"/><char id="100" x="574" y="696" width="46" height="61" xoffset="-2" yoffset="11" xadvance="41" page="0" chnl="15"/><char id="101" x="354" y="945" width="40" height="46" xoffset="-2" yoffset="26" xadvance="35" page="0" chnl="15"/><char id="102" x="996" y="696" width="36" height="59" xoffset="-3" yoffset="12" xadvance="28" page="0" chnl="15"/><char id="103" x="602" y="824" width="40" height="59" xoffset="-2" yoffset="26" xadvance="38" page="0" chnl="15"/><char id="104" x="621" y="696" width="39" height="61" xoffset="-1" yoffset="11" xadvance="37" page="0" chnl="15"/><char id="105" x="661" y="696" width="22" height="61" xoffset="-1" yoffset="11" xadvance="20" page="0" chnl="15"/><char id="106" x="950" y="251" width="34" height="75" xoffset="-13" yoffset="11" xadvance="20" page="0" chnl="15"/><char id="107" x="423" y="762" width="43" height="60" xoffset="-1" yoffset="12" xadvance="39" page="0" chnl="15"/><char id="108" x="467" y="762" width="22" height="60" xoffset="-1" yoffset="12" xadvance="20" page="0" chnl="15"/><char id="109" x="395" y="945" width="61" height="46" xoffset="-3" yoffset="26" xadvance="57" page="0" chnl="15"/><char id="110" x="457" y="945" width="44" height="46" xoffset="-3" yoffset="26" xadvance="40" page="0" chnl="15"/><char id="111" x="502" y="945" width="41" height="46" xoffset="-2" yoffset="26" xadvance="37" page="0" chnl="15"/><char id="112" x="643" y="824" width="45" height="59" xoffset="-3" yoffset="26" xadvance="40" page="0" chnl="15"/><char id="113" x="689" y="824" width="41" height="59" xoffset="-3" yoffset="26" xadvance="37" page="0" chnl="15"/><char id="114" x="544" y="945" width="36" height="46" xoffset="-3" yoffset="26" xadvance="29" page="0" chnl="15"/><char id="115" x="581" y="945" width="37" height="46" xoffset="-2" yoffset="26" xadvance="33" page="0" chnl="15"/><char id="116" x="998" y="330" width="34" height="53" xoffset="-3" yoffset="19" xadvance="27" page="0" chnl="15"/><char id="117" x="619" y="945" width="44" height="46" xoffset="-2" yoffset="26" xadvance="40" page="0" chnl="15"/><char id="118" x="664" y="945" width="45" height="46" xoffset="-4" yoffset="26" xadvance="38" page="0" chnl="15"/><char id="119" x="710" y="945" width="61" height="46" xoffset="-3" yoffset="26" xadvance="55" page="0" chnl="15"/><char id="120" x="772" y="945" width="46" height="46" xoffset="-3" yoffset="26" xadvance="41" page="0" chnl="15"/><char id="121" x="731" y="824" width="45" height="59" xoffset="-3" yoffset="26" xadvance="39" page="0" chnl="15"/><char id="122" x="889" y="945" width="38" height="44" xoffset="-3" yoffset="27" xadvance="33" page="0" chnl="15"/><char id="123" x="18" y="0" width="27" height="85" xoffset="-2" yoffset="2" xadvance="27" page="0" chnl="15"/><char id="124" x="0" y="0" width="17" height="91" xoffset="14" yoffset="-4" xadvance="46" page="0" chnl="15"/><char id="125" x="46" y="0" width="27" height="85" xoffset="1" yoffset="2" xadvance="27" page="0" chnl="15"/><char id="8470" x="177" y="885" width="75" height="59" xoffset="-4" yoffset="5" xadvance="69" page="0" chnl="15"/><char id="12290" x="129" y="998" width="27" height="27" xoffset="0" yoffset="44" xadvance="72" page="0" chnl="15"/><char id="12354" x="367" y="481" width="66" height="72" xoffset="3" yoffset="-4" xadvance="72" page="0" chnl="15"/><char id="12356" x="313" y="885" width="65" height="59" xoffset="5" yoffset="2" xadvance="72" page="0" chnl="15"/><char id="12363" x="879" y="554" width="71" height="70" xoffset="0" yoffset="-3" xadvance="72" page="0" chnl="15"/><char id="12364" x="805" y="554" width="73" height="70" xoffset="0" yoffset="-3" xadvance="72" page="0" chnl="15"/><char id="12365" x="0" y="554" width="62" height="71" xoffset="5" yoffset="-3" xadvance="72" page="0" chnl="15"/><char id="12367" x="615" y="406" width="43" height="73" xoffset="13" yoffset="-4" xadvance="72" page="0" chnl="15"/><char id="12368" x="729" y="406" width="56" height="73" xoffset="13" yoffset="-4" xadvance="72" page="0" chnl="15"/><char id="12369" x="141" y="481" width="64" height="72" xoffset="6" yoffset="-3" xadvance="72" page="0" chnl="15"/><char id="12371" x="764" y="885" width="57" height="55" xoffset="8" yoffset="5" xadvance="72" page="0" chnl="15"/><char id="12373" x="742" y="554" width="62" height="70" xoffset="6" yoffset="-3" xadvance="72" page="0" chnl="15"/><char id="12375" x="258" y="626" width="53" height="67" xoffset="13" yoffset="-2" xadvance="72" page="0" chnl="15"/><char id="12377" x="190" y="330" width="70" height="75" xoffset="1" yoffset="-5" xadvance="72" page="0" chnl="15"/><char id="12379" x="452" y="626" width="72" height="67" xoffset="-1" yoffset="-1" xadvance="72" page="0" chnl="15"/><char id="12383" x="63" y="554" width="67" height="71" xoffset="3" yoffset="-4" xadvance="72" page="0" chnl="15"/><char id="12384" x="131" y="554" width="68" height="71" xoffset="3" yoffset="-4" xadvance="72" page="0" chnl="15"/><char id="12390" x="930" y="696" width="65" height="61" xoffset="4" yoffset="4" xadvance="72" page="0" chnl="15"/><char id="12391" x="862" y="696" width="67" height="61" xoffset="4" yoffset="4" xadvance="72" page="0" chnl="15"/><char id="12394" x="659" y="406" width="69" height="73" xoffset="2" yoffset="-5" xadvance="72" page="0" chnl="15"/><char id="12395" x="842" y="626" width="64" height="65" xoffset="5" yoffset="-1" xadvance="72" page="0" chnl="15"/><char id="12398" x="0" y="762" width="67" height="61" xoffset="3" yoffset="4" xadvance="72" page="0" chnl="15"/><char id="12399" x="383" y="626" width="68" height="67" xoffset="3" yoffset="-2" xadvance="72" page="0" chnl="15"/><char id="12414" x="923" y="481" width="66" height="71" xoffset="3" yoffset="-4" xadvance="72" page="0" chnl="15"/><char id="12415" x="121" y="626" width="73" height="69" xoffset="1" yoffset="-2" xadvance="72" page="0" chnl="15"/><char id="12417" x="438" y="554" width="67" height="70" xoffset="3" yoffset="-3" xadvance="72" page="0" chnl="15"/><char id="12420" x="638" y="481" width="71" height="72" xoffset="-1" yoffset="-4" xadvance="72" page="0" chnl="15"/><char id="12424" x="195" y="626" width="62" height="69" xoffset="7" yoffset="-3" xadvance="72" page="0" chnl="15"/><char id="12425" x="273" y="554" width="55" height="71" xoffset="9" yoffset="-3" xadvance="72" page="0" chnl="15"/><char id="12426" x="569" y="406" width="45" height="73" xoffset="14" yoffset="-4" xadvance="72" page="0" chnl="15"/><char id="12427" x="951" y="554" width="60" height="69" xoffset="6" yoffset="-3" xadvance="72" page="0" chnl="15"/><char id="12429" x="652" y="626" width="59" height="67" xoffset="5" yoffset="-1" xadvance="72" page="0" chnl="15"/><char id="12434" x="934" y="330" width="63" height="74" xoffset="5" yoffset="-5" xadvance="72" page="0" chnl="15"/><char id="12435" x="312" y="626" width="70" height="67" xoffset="1" yoffset="-2" xadvance="72" page="0" chnl="15"/><char id="12449" x="950" y="885" width="55" height="53" xoffset="8" yoffset="14" xadvance="72" page="0" chnl="15"/><char id="12450" x="260" y="696" width="67" height="64" xoffset="2" yoffset="2" xadvance="72" page="0" chnl="15"/><char id="12451" x="822" y="885" width="48" height="55" xoffset="8" yoffset="11" xadvance="72" page="0" chnl="15"/><char id="12452" x="0" y="626" width="59" height="69" xoffset="1" yoffset="-2" xadvance="72" page="0" chnl="15"/><char id="12454" x="512" y="481" width="58" height="72" xoffset="7" yoffset="-4" xadvance="72" page="0" chnl="15"/><char id="12455" x="928" y="945" width="54" height="40" xoffset="9" yoffset="23" xadvance="72" page="0" chnl="15"/><char id="12457" x="634" y="885" width="57" height="56" xoffset="8" yoffset="10" xadvance="72" page="0" chnl="15"/><char id="12458" x="670" y="554" width="71" height="70" xoffset="1" yoffset="-4" xadvance="72" page="0" chnl="15"/><char id="12461" x="350" y="406" width="69" height="73" xoffset="0" yoffset="-5" xadvance="72" page="0" chnl="15"/><char id="12463" x="897" y="406" width="56" height="72" xoffset="3" yoffset="-3" xadvance="72" page="0" chnl="15"/><char id="12464" x="499" y="406" width="69" height="73" xoffset="3" yoffset="-4" xadvance="72" page="0" chnl="15"/><char id="12465" x="571" y="481" width="66" height="72" xoffset="2" yoffset="-4" xadvance="72" page="0" chnl="15"/><char id="12467" x="0" y="945" width="55" height="52" xoffset="5" yoffset="12" xadvance="72" page="0" chnl="15"/><char id="12468" x="584" y="626" width="67" height="67" xoffset="5" yoffset="-3" xadvance="72" page="0" chnl="15"/><char id="12469" x="200" y="554" width="72" height="71" xoffset="-1" yoffset="-3" xadvance="72" page="0" chnl="15"/><char id="12471" x="907" y="626" width="63" height="65" xoffset="4" yoffset="0" xadvance="72" page="0" chnl="15"/><char id="12472" x="329" y="554" width="63" height="70" xoffset="4" yoffset="-5" xadvance="72" page="0" chnl="15"/><char id="12473" x="330" y="824" width="66" height="60" xoffset="2" yoffset="4" xadvance="72" page="0" chnl="15"/><char id="12475" x="0" y="696" width="65" height="65" xoffset="1" yoffset="-1" xadvance="72" page="0" chnl="15"/><char id="12479" x="841" y="406" width="55" height="72" xoffset="4" yoffset="-4" xadvance="72" page="0" chnl="15"/><char id="12480" x="0" y="481" width="68" height="72" xoffset="4" yoffset="-4" xadvance="72" page="0" chnl="15"/><char id="12483" x="56" y="945" width="52" height="51" xoffset="9" yoffset="15" xadvance="72" page="0" chnl="15"/><char id="12486" x="712" y="626" width="69" height="66" xoffset="0" yoffset="2" xadvance="72" page="0" chnl="15"/><char id="12487" x="68" y="406" width="73" height="74" xoffset="0" yoffset="-6" xadvance="72" page="0" chnl="15"/><char id="12488" x="393" y="554" width="44" height="70" xoffset="21" yoffset="-3" xadvance="72" page="0" chnl="15"/><char id="12489" x="506" y="554" width="47" height="70" xoffset="21" yoffset="-3" xadvance="72" page="0" chnl="15"/><char id="12490" x="69" y="481" width="71" height="72" xoffset="1" yoffset="-4" xadvance="72" page="0" chnl="15"/><char id="12491" x="203" y="945" width="68" height="47" xoffset="2" yoffset="9" xadvance="72" page="0" chnl="15"/><char id="12494" x="475" y="696" width="48" height="64" xoffset="10" yoffset="0" xadvance="72" page="0" chnl="15"/><char id="12496" x="960" y="824" width="72" height="59" xoffset="0" yoffset="-3" xadvance="72" page="0" chnl="15"/><char id="12497" x="379" y="885" width="71" height="58" xoffset="0" yoffset="-2" xadvance="72" page="0" chnl="15"/><char id="12500" x="782" y="626" width="59" height="65" xoffset="11" yoffset="-3" xadvance="72" page="0" chnl="15"/><char id="12501" x="253" y="885" width="59" height="59" xoffset="4" yoffset="7" xadvance="72" page="0" chnl="15"/><char id="12502" x="599" y="554" width="70" height="70" xoffset="3" yoffset="-4" xadvance="72" page="0" chnl="15"/><char id="12503" x="853" y="481" width="69" height="71" xoffset="4" yoffset="-5" xadvance="72" page="0" chnl="15"/><char id="12505" x="692" y="885" width="71" height="55" xoffset="1" yoffset="-1" xadvance="72" page="0" chnl="15"/><char id="12508" x="710" y="481" width="69" height="71" xoffset="2" yoffset="-4" xadvance="72" page="0" chnl="15"/><char id="12510" x="510" y="885" width="66" height="56" xoffset="3" yoffset="8" xadvance="72" page="0" chnl="15"/><char id="12511" x="524" y="696" width="49" height="62" xoffset="12" yoffset="1" xadvance="72" page="0" chnl="15"/><char id="12512" x="404" y="696" width="70" height="64" xoffset="2" yoffset="0" xadvance="72" page="0" chnl="15"/><char id="12513" x="525" y="626" width="58" height="67" xoffset="6" yoffset="-2" xadvance="72" page="0" chnl="15"/><char id="12515" x="577" y="885" width="56" height="56" xoffset="7" yoffset="11" xadvance="72" page="0" chnl="15"/><char id="12518" x="109" y="945" width="74" height="50" xoffset="-1" yoffset="7" xadvance="72" page="0" chnl="15"/><char id="12521" x="60" y="626" width="60" height="69" xoffset="6" yoffset="-1" xadvance="72" page="0" chnl="15"/><char id="12522" x="554" y="554" width="44" height="70" xoffset="14" yoffset="-3" xadvance="72" page="0" chnl="15"/><char id="12523" x="186" y="696" width="73" height="64" xoffset="1" yoffset="0" xadvance="72" page="0" chnl="15"/><char id="12524" x="460" y="824" width="57" height="60" xoffset="9" yoffset="1" xadvance="72" page="0" chnl="15"/><char id="12525" x="871" y="885" width="52" height="54" xoffset="10" yoffset="6" xadvance="72" page="0" chnl="15"/><char id="12527" x="347" y="696" width="56" height="64" xoffset="9" yoffset="4" xadvance="72" page="0" chnl="15"/><char id="12531" x="397" y="824" width="62" height="60" xoffset="5" yoffset="2" xadvance="72" page="0" chnl="15"/><char id="12532" x="0" y="406" width="67" height="74" xoffset="5" yoffset="-5" xadvance="72" page="0" chnl="15"/><char id="12539" x="998" y="384" width="20" height="20" xoffset="26" yoffset="23" xadvance="72" page="0" chnl="15"/><char id="12540" x="248" y="998" width="68" height="15" xoffset="2" yoffset="25" xadvance="72" page="0" chnl="15"/><char id="19981" x="206" y="481" width="80" height="72" xoffset="-4" yoffset="0" xadvance="72" page="0" chnl="15"/><char id="20102" x="780" y="481" width="72" height="71" xoffset="-1" yoffset="-1" xadvance="72" page="0" chnl="15"/><char id="20170" x="952" y="0" width="80" height="79" xoffset="-4" yoffset="-6" xadvance="72" page="0" chnl="15"/><char id="20351" x="879" y="172" width="79" height="78" xoffset="-3" yoffset="-6" xadvance="72" page="0" chnl="15"/><char id="20837" x="110" y="330" width="79" height="75" xoffset="-3" yoffset="-5" xadvance="72" page="0" chnl="15"/><char id="20853" x="871" y="251" width="78" height="76" xoffset="-3" yoffset="-4" xadvance="72" page="0" chnl="15"/><char id="20889" x="274" y="406" width="75" height="73" xoffset="-3" yoffset="-2" xadvance="72" page="0" chnl="15"/><char id="21021" x="79" y="92" width="76" height="79" xoffset="-4" yoffset="-7" xadvance="72" page="0" chnl="15"/><char id="21033" x="238" y="251" width="75" height="77" xoffset="-4" yoffset="-5" xadvance="72" page="0" chnl="15"/><char id="21069" x="392" y="0" width="78" height="79" xoffset="-3" yoffset="-7" xadvance="72" page="0" chnl="15"/><char id="21177" x="314" y="0" width="77" height="79" xoffset="-4" yoffset="-7" xadvance="72" page="0" chnl="15"/><char id="21205" x="316" y="92" width="76" height="78" xoffset="-3" yoffset="-6" xadvance="72" page="0" chnl="15"/><char id="21213" x="866" y="92" width="79" height="78" xoffset="-3" yoffset="-6" xadvance="72" page="0" chnl="15"/><char id="21271" x="314" y="251" width="79" height="77" xoffset="-4" yoffset="-6" xadvance="72" page="0" chnl="15"/><char id="21462" x="261" y="330" width="79" height="75" xoffset="-3" yoffset="-3" xadvance="72" page="0" chnl="15"/><char id="21463" x="792" y="251" width="78" height="76" xoffset="-3" yoffset="-4" xadvance="72" page="0" chnl="15"/><char id="21487" x="954" y="406" width="78" height="72" xoffset="-3" yoffset="-1" xadvance="72" page="0" chnl="15"/><char id="21490" x="706" y="92" width="79" height="78" xoffset="-3" yoffset="-6" xadvance="72" page="0" chnl="15"/><char id="21512" x="551" y="251" width="80" height="77" xoffset="-4" yoffset="-5" xadvance="72" page="0" chnl="15"/><char id="21517" x="472" y="92" width="72" height="78" xoffset="-4" yoffset="-6" xadvance="72" page="0" chnl="15"/><char id="21578" x="399" y="172" width="78" height="78" xoffset="-3" yoffset="-7" xadvance="72" page="0" chnl="15"/><char id="22577" x="239" y="172" width="79" height="78" xoffset="-3" yoffset="-6" xadvance="72" page="0" chnl="15"/><char id="22763" x="420" y="406" width="78" height="73" xoffset="-3" yoffset="-6" xadvance="72" page="0" chnl="15"/><char id="22833" x="159" y="172" width="79" height="78" xoffset="-3" yoffset="-6" xadvance="72" page="0" chnl="15"/><char id="23436" x="633" y="0" width="78" height="79" xoffset="-3" yoffset="-7" xadvance="72" page="0" chnl="15"/><char id="23450" x="235" y="0" width="78" height="79" xoffset="-3" yoffset="-7" xadvance="72" page="0" chnl="15"/><char id="24195" x="872" y="0" width="79" height="79" xoffset="-4" yoffset="-7" xadvance="72" page="0" chnl="15"/><char id="24403" x="959" y="172" width="71" height="78" xoffset="-1" yoffset="-6" xadvance="72" page="0" chnl="15"/><char id="24460" x="639" y="172" width="79" height="78" xoffset="-3" yoffset="-6" xadvance="72" page="0" chnl="15"/><char id="24471" x="552" y="0" width="80" height="79" xoffset="-4" yoffset="-7" xadvance="72" page="0" chnl="15"/><char id="24656" x="193" y="406" width="80" height="73" xoffset="-4" yoffset="-3" xadvance="72" page="0" chnl="15"/><char id="25126" x="160" y="251" width="77" height="77" xoffset="-2" yoffset="-5" xadvance="72" page="0" chnl="15"/><char id="25147" x="712" y="0" width="80" height="79" xoffset="-4" yoffset="-7" xadvance="72" page="0" chnl="15"/><char id="25163" x="416" y="330" width="78" height="75" xoffset="-3" yoffset="-4" xadvance="72" page="0" chnl="15"/><char id="25237" x="799" y="172" width="79" height="78" xoffset="-3" yoffset="-6" xadvance="72" page="0" chnl="15"/><char id="25361" x="786" y="92" width="79" height="78" xoffset="-3" yoffset="-6" xadvance="72" page="0" chnl="15"/><char id="25391" x="235" y="92" width="80" height="78" xoffset="-4" yoffset="-6" xadvance="72" page="0" chnl="15"/><char id="25943" x="946" y="92" width="79" height="78" xoffset="-3" yoffset="-6" xadvance="72" page="0" chnl="15"/><char id="26009" x="625" y="92" width="80" height="78" xoffset="-4" yoffset="-6" xadvance="72" page="0" chnl="15"/><char id="26032" x="471" y="0" width="80" height="79" xoffset="-4" yoffset="-7" xadvance="72" page="0" chnl="15"/><char id="26368" x="574" y="330" width="78" height="75" xoffset="-3" yoffset="-3" xadvance="72" page="0" chnl="15"/><char id="26412" x="0" y="92" width="78" height="79" xoffset="-3" yoffset="-7" xadvance="72" page="0" chnl="15"/><char id="26524" x="29" y="330" width="80" height="75" xoffset="-4" yoffset="-3" xadvance="72" page="0" chnl="15"/><char id="26834" x="0" y="251" width="80" height="78" xoffset="-4" yoffset="-6" xadvance="72" page="0" chnl="15"/><char id="27508" x="776" y="330" width="80" height="74" xoffset="-4" yoffset="-2" xadvance="72" page="0" chnl="15"/><char id="28961" x="545" y="92" width="79" height="78" xoffset="-4" yoffset="-6" xadvance="72" page="0" chnl="15"/><char id="29554" x="0" y="172" width="78" height="78" xoffset="-3" yoffset="-6" xadvance="72" page="0" chnl="15"/><char id="29992" x="341" y="330" width="74" height="75" xoffset="-3" yoffset="-2" xadvance="72" page="0" chnl="15"/><char id="30011" x="857" y="330" width="76" height="74" xoffset="-2" yoffset="-2" xadvance="72" page="0" chnl="15"/><char id="30452" x="653" y="330" width="78" height="75" xoffset="-3" yoffset="-6" xadvance="72" page="0" chnl="15"/><char id="30495" x="393" y="92" width="78" height="78" xoffset="-3" yoffset="-6" xadvance="72" page="0" chnl="15"/><char id="30707" x="434" y="481" width="77" height="72" xoffset="-3" yoffset="-1" xadvance="72" page="0" chnl="15"/><char id="31034" x="287" y="481" width="79" height="72" xoffset="-3" yoffset="-2" xadvance="72" page="0" chnl="15"/><char id="31354" x="495" y="330" width="78" height="75" xoffset="-3" yoffset="-7" xadvance="72" page="0" chnl="15"/><char id="31452" x="632" y="251" width="78" height="76" xoffset="-3" yoffset="-6" xadvance="72" page="0" chnl="15"/><char id="32154" x="79" y="172" width="79" height="78" xoffset="-3" yoffset="-6" xadvance="72" page="0" chnl="15"/><char id="32884" x="558" y="172" width="80" height="78" xoffset="-4" yoffset="-6" xadvance="72" page="0" chnl="15"/><char id="33021" x="81" y="251" width="78" height="78" xoffset="-3" yoffset="-7" xadvance="72" page="0" chnl="15"/><char id="34920" x="793" y="0" width="78" height="79" xoffset="-3" yoffset="-7" xadvance="72" page="0" chnl="15"/><char id="35222" x="478" y="172" width="79" height="78" xoffset="-3" yoffset="-6" xadvance="72" page="0" chnl="15"/><char id="35373" x="155" y="0" width="79" height="79" xoffset="-3" yoffset="-7" xadvance="72" page="0" chnl="15"/><char id="35430" x="719" y="172" width="79" height="78" xoffset="-3" yoffset="-6" xadvance="72" page="0" chnl="15"/><char id="35501" x="319" y="172" width="79" height="78" xoffset="-3" yoffset="-6" xadvance="72" page="0" chnl="15"/><char id="36092" x="711" y="251" width="80" height="76" xoffset="-4" yoffset="-5" xadvance="72" page="0" chnl="15"/><char id="36796" x="471" y="251" width="79" height="77" xoffset="-3" yoffset="-6" xadvance="72" page="0" chnl="15"/><char id="37228" x="394" y="251" width="76" height="77" xoffset="-3" yoffset="-5" xadvance="72" page="0" chnl="15"/><char id="38598" x="74" y="0" width="80" height="79" xoffset="-4" yoffset="-7" xadvance="72" page="0" chnl="15"/><char id="38899" x="156" y="92" width="78" height="78" xoffset="-3" yoffset="-7" xadvance="72" page="0" chnl="15"/><char id="65281" x="328" y="696" width="18" height="64" xoffset="9" yoffset="-1" xadvance="72" page="0" chnl="15"/><char id="65306" x="184" y="945" width="18" height="49" xoffset="9" yoffset="14" xadvance="72" page="0" chnl="15"/><char id="65311" x="971" y="626" width="37" height="65" xoffset="1" yoffset="-2" xadvance="72" page="0" chnl="15"/></chars><kernings count="110"><kerning first="102" second="97" amount="-2"/><kerning first="102" second="99" amount="-2"/><kerning first="102" second="100" amount="-1"/><kerning first="102" second="101" amount="-2"/><kerning first="102" second="103" amount="-1"/><kerning first="102" second="111" amount="-2"/><kerning first="102" second="113" amount="-1"/><kerning first="102" second="115" amount="-1"/><kerning first="102" second="116" amount="-2"/><kerning first="102" second="117" amount="-2"/><kerning first="102" second="118" amount="-1"/><kerning first="102" second="119" amount="-1"/><kerning first="102" second="120" amount="-1"/><kerning first="107" second="97" amount="-1"/><kerning first="107" second="99" amount="-1"/><kerning first="107" second="101" amount="-2"/><kerning first="107" second="111" amount="-2"/><kerning first="107" second="113" amount="-2"/><kerning first="107" second="115" amount="-1"/><kerning first="107" second="116" amount="-2"/><kerning first="107" second="118" amount="-1"/><kerning first="107" second="121" amount="-3"/><kerning first="121" second="99" amount="-1"/><kerning first="65" second="118" amount="-1"/><kerning first="65" second="121" amount="-1"/><kerning first="65" second="84" amount="-2"/><kerning first="65" second="86" amount="-3"/><kerning first="65" second="87" amount="-3"/><kerning first="65" second="89" amount="-3"/><kerning first="70" second="97" amount="-3"/><kerning first="70" second="101" amount="-3"/><kerning first="70" second="109" amount="-1"/><kerning first="70" second="110" amount="-1"/><kerning first="70" second="111" amount="-3"/><kerning first="70" second="113" amount="-2"/><kerning first="70" second="114" amount="-2"/><kerning first="70" second="115" amount="-2"/><kerning first="70" second="117" amount="-2"/><kerning first="70" second="120" amount="-3"/><kerning first="70" second="121" amount="-3"/><kerning first="70" second="122" amount="-2"/><kerning first="70" second="65" amount="-3"/><kerning first="75" second="118" amount="-1"/><kerning first="75" second="121" amount="-1"/><kerning first="76" second="84" amount="-3"/><kerning first="76" second="86" amount="-1"/><kerning first="76" second="89" amount="-3"/><kerning first="77" second="89" amount="-1"/><kerning first="80" second="97" amount="-2"/><kerning first="80" second="99" amount="-1"/><kerning first="80" second="101" amount="-1"/><kerning first="80" second="103" amount="-2"/><kerning first="80" second="111" amount="-2"/><kerning first="80" second="113" amount="-2"/><kerning first="80" second="115" amount="-2"/><kerning first="80" second="65" amount="-4"/><kerning first="80" second="74" amount="-3"/><kerning first="80" second="86" amount="-3"/><kerning first="80" second="89" amount="-3"/><kerning first="80" second="90" amount="-1"/><kerning first="81" second="89" amount="-2"/><kerning first="84" second="97" amount="-2"/><kerning first="84" second="99" amount="-3"/><kerning first="84" second="101" amount="-3"/><kerning first="84" second="103" amount="-2"/><kerning first="84" second="109" amount="-1"/><kerning first="84" second="110" amount="-1"/><kerning first="84" second="111" amount="-3"/><kerning first="84" second="113" amount="-3"/><kerning first="84" second="114" amount="-1"/><kerning first="84" second="115" amount="-2"/><kerning first="84" second="117" amount="-3"/><kerning first="84" second="118" amount="-2"/><kerning first="84" second="119" amount="-2"/><kerning first="84" second="121" amount="-1"/><kerning first="84" second="65" amount="-2"/><kerning first="84" second="74" amount="-3"/><kerning first="86" second="97" amount="-3"/><kerning first="86" second="99" amount="-3"/><kerning first="86" second="100" amount="-3"/><kerning first="86" second="101" amount="-3"/><kerning first="86" second="103" amount="-3"/><kerning first="86" second="111" amount="-3"/><kerning first="86" second="113" amount="-3"/><kerning first="86" second="121" amount="-2"/><kerning first="86" second="65" amount="-3"/><kerning first="86" second="74" amount="-1"/><kerning first="87" second="97" amount="-1"/><kerning first="87" second="101" amount="-2"/><kerning first="87" second="65" amount="-3"/><kerning first="87" second="74" amount="-1"/><kerning first="87" second="79" amount="-1"/><kerning first="89" second="97" amount="-2"/><kerning first="89" second="99" amount="-3"/><kerning first="89" second="100" amount="-3"/><kerning first="89" second="101" amount="-3"/><kerning first="89" second="103" amount="-3"/><kerning first="89" second="109" amount="-3"/><kerning first="89" second="110" amount="-3"/><kerning first="89" second="111" amount="-3"/><kerning first="89" second="113" amount="-3"/><kerning first="89" second="114" amount="-2"/><kerning first="89" second="115" amount="-3"/><kerning first="89" second="120" amount="-2"/><kerning first="89" second="121" amount="-3"/><kerning first="89" second="122" amount="-1"/><kerning first="89" second="65" amount="-4"/><kerning first="89" second="74" amount="-3"/><kerning first="89" second="77" amount="-1"/><kerning first="89" second="81" amount="-1"/></kernings></font>