[1,["cdFh0HV0ZPoaMzVEuG6mFy@6c48a"],["_textureSource"],["cc.SpriteFrame"],0,[{"name":"badge-portrait","rect":{"x":0,"y":0,"width":375,"height":752},"offset":{"x":0,"y":0},"originalSize":{"width":375,"height":752},"rotated":false,"capInsets":[0,0,0,0],"vertices":{"rawPosition":[-187.5,-376,0,187.5,-376,0,-187.5,376,0,187.5,376,0],"indexes":[0,1,2,2,1,3],"uv":[0,752,375,752,0,0,375,0],"nuv":[0,0,1,0,0,1,1,1],"minPos":{"x":-187.5,"y":-376,"z":0},"maxPos":{"x":187.5,"y":376,"z":0}},"packable":true,"pixelsToUnit":100,"pivot":{"x":0.5,"y":0.5},"meshType":0}],[0],0,[0],[0],[0]]
