<?xml version="1.0" encoding="UTF-8"?><font><info face="SFProText-Medium" size="42" bold="0" italic="0" charset="" unicode="1" stretchH="100" smooth="1" aa="1" padding="1,1,1,1" spacing="1,1"/><common lineHeight="42" base="40" scaleW="634" scaleH="634" pages="1" packed="0"/><pages><page id="0" file="sf-pro-normal.png"/></pages><chars count="238"><char id="32" x="0" y="0" width="0" height="0" xoffset="0" yoffset="0" xadvance="12" page="0" chnl="15"/><!--   --><char id="33" x="92" y="602" width="9" height="32" xoffset="2" yoffset="9" xadvance="14" page="0" chnl="15"/><!-- ! --><char id="34" x="313" y="602" width="15" height="14" xoffset="2" yoffset="9" xadvance="20" page="0" chnl="15"/><!-- " --><char id="35" x="124" y="602" width="29" height="32" xoffset="-1" yoffset="9" xadvance="28" page="0" chnl="15"/><!-- # --><char id="37" x="599" y="349" width="33" height="33" xoffset="0" yoffset="9" xadvance="34" page="0" chnl="15"/><!-- % --><char id="39" x="627" y="44" width="7" height="14" xoffset="2" yoffset="9" xadvance="11" page="0" chnl="15"/><!-- ' --><char id="42" x="255" y="602" width="17" height="18" xoffset="2" yoffset="9" xadvance="22" page="0" chnl="15"/><!-- * --><char id="44" x="303" y="602" width="9" height="14" xoffset="2" yoffset="35" xadvance="14" page="0" chnl="15"/><!-- , --><char id="45" x="609" y="383" width="16" height="7" xoffset="2" yoffset="25" xadvance="20" page="0" chnl="15"/><!-- - --><char id="46" x="599" y="383" width="9" height="8" xoffset="2" yoffset="33" xadvance="14" page="0" chnl="15"/><!-- . --><char id="47" x="598" y="220" width="17" height="39" xoffset="-1" yoffset="8" xadvance="15" page="0" chnl="15"/><!-- / --><char id="48" x="319" y="561" width="25" height="33" xoffset="1" yoffset="9" xadvance="28" page="0" chnl="15"/><!-- 0 --><char id="49" x="0" y="602" width="15" height="32" xoffset="1" yoffset="9" xadvance="21" page="0" chnl="15"/><!-- 1 --><char id="50" x="16" y="602" width="23" height="32" xoffset="2" yoffset="9" xadvance="26" page="0" chnl="15"/><!-- 2 --><char id="51" x="345" y="561" width="25" height="33" xoffset="1" yoffset="9" xadvance="27" page="0" chnl="15"/><!-- 3 --><char id="52" x="40" y="602" width="26" height="32" xoffset="1" yoffset="9" xadvance="28" page="0" chnl="15"/><!-- 4 --><char id="53" x="371" y="561" width="24" height="33" xoffset="2" yoffset="9" xadvance="27" page="0" chnl="15"/><!-- 5 --><char id="54" x="396" y="561" width="25" height="33" xoffset="1" yoffset="9" xadvance="28" page="0" chnl="15"/><!-- 6 --><char id="55" x="67" y="602" width="24" height="32" xoffset="0" yoffset="9" xadvance="25" page="0" chnl="15"/><!-- 7 --><char id="56" x="422" y="561" width="25" height="33" xoffset="1" yoffset="9" xadvance="28" page="0" chnl="15"/><!-- 8 --><char id="57" x="448" y="561" width="25" height="33" xoffset="1" yoffset="9" xadvance="28" page="0" chnl="15"/><!-- 9 --><char id="58" x="615" y="322" width="9" height="23" xoffset="2" yoffset="18" xadvance="14" page="0" chnl="15"/><!-- : --><char id="59" x="211" y="602" width="10" height="31" xoffset="1" yoffset="18" xadvance="14" page="0" chnl="15"/><!-- ; --><char id="63" x="102" y="602" width="21" height="32" xoffset="0" yoffset="9" xadvance="23" page="0" chnl="15"/><!-- ? --><char id="65" x="154" y="602" width="29" height="32" xoffset="0" yoffset="9" xadvance="30" page="0" chnl="15"/><!-- A --><char id="75" x="184" y="602" width="26" height="32" xoffset="2" yoffset="9" xadvance="29" page="0" chnl="15"/><!-- K --><char id="81" x="288" y="561" width="30" height="35" xoffset="1" yoffset="9" xadvance="33" page="0" chnl="15"/><!-- Q --><char id="92" x="597" y="306" width="17" height="39" xoffset="-1" yoffset="8" xadvance="15" page="0" chnl="15"/><!-- \ --><char id="93" x="616" y="220" width="13" height="39" xoffset="0" yoffset="8" xadvance="17" page="0" chnl="15"/><!-- ] --><char id="110" x="222" y="602" width="22" height="25" xoffset="2" yoffset="16" xadvance="26" page="0" chnl="15"/><!-- n --><char id="8220" x="285" y="602" width="17" height="15" xoffset="2" yoffset="9" xadvance="22" page="0" chnl="15"/><!-- “ --><char id="8221" x="615" y="306" width="18" height="15" xoffset="2" yoffset="9" xadvance="22" page="0" chnl="15"/><!-- ” --><char id="8230" x="361" y="602" width="31" height="8" xoffset="2" yoffset="33" xadvance="36" page="0" chnl="15"/><!-- … --><char id="12289" x="345" y="602" width="15" height="14" xoffset="3" yoffset="26" xadvance="42" page="0" chnl="15"/><!-- 、 --><char id="12290" x="329" y="602" width="15" height="14" xoffset="3" yoffset="26" xadvance="42" page="0" chnl="15"/><!-- 。 --><char id="19968" x="393" y="602" width="42" height="7" xoffset="0" yoffset="15" xadvance="42" page="0" chnl="15"/><!-- 一 --><char id="19978" x="254" y="519" width="42" height="40" xoffset="0" yoffset="-2" xadvance="42" page="0" chnl="15"/><!-- 上 --><char id="19979" x="125" y="519" width="42" height="40" xoffset="0" yoffset="0" xadvance="42" page="0" chnl="15"/><!-- 下 --><char id="19981" x="382" y="519" width="42" height="40" xoffset="0" yoffset="0" xadvance="42" page="0" chnl="15"/><!-- 不 --><char id="20010" x="556" y="176" width="42" height="42" xoffset="0" yoffset="-2" xadvance="42" page="0" chnl="15"/><!-- 个 --><char id="20013" x="209" y="44" width="38" height="43" xoffset="2" yoffset="-3" xadvance="42" page="0" chnl="15"/><!-- 中 --><char id="20026" x="467" y="263" width="39" height="42" xoffset="0" yoffset="-2" xadvance="42" page="0" chnl="15"/><!-- 为 --><char id="20027" x="465" y="435" width="41" height="41" xoffset="1" yoffset="-3" xadvance="42" page="0" chnl="15"/><!-- 主 --><char id="20043" x="129" y="44" width="40" height="43" xoffset="1" yoffset="-3" xadvance="42" page="0" chnl="15"/><!-- 之 --><char id="20102" x="598" y="88" width="35" height="39" xoffset="3" yoffset="0" xadvance="42" page="0" chnl="15"/><!-- 了 --><char id="20110" x="593" y="519" width="40" height="40" xoffset="1" yoffset="-1" xadvance="42" page="0" chnl="15"/><!-- 于 --><char id="20132" x="292" y="44" width="42" height="43" xoffset="0" yoffset="-3" xadvance="42" page="0" chnl="15"/><!-- 交 --><char id="20139" x="43" y="392" width="42" height="42" xoffset="0" yoffset="-2" xadvance="42" page="0" chnl="15"/><!-- 享 --><char id="20142" x="384" y="132" width="40" height="43" xoffset="1" yoffset="-3" xadvance="42" page="0" chnl="15"/><!-- 亮 --><char id="20174" x="343" y="220" width="42" height="42" xoffset="0" yoffset="-2" xadvance="42" page="0" chnl="15"/><!-- 从 --><char id="20197" x="469" y="392" width="40" height="41" xoffset="2" yoffset="-2" xadvance="42" page="0" chnl="15"/><!-- 以 --><char id="20204" x="171" y="176" width="41" height="43" xoffset="0" yoffset="-3" xadvance="42" page="0" chnl="15"/><!-- 们 --><char id="20219" x="470" y="349" width="42" height="42" xoffset="0" yoffset="-2" xadvance="42" page="0" chnl="15"/><!-- 任 --><char id="20250" x="248" y="44" width="43" height="43" xoffset="-1" yoffset="-3" xadvance="42" page="0" chnl="15"/><!-- 会 --><char id="20309" x="41" y="0" width="42" height="43" xoffset="0" yoffset="-3" xadvance="42" page="0" chnl="15"/><!-- 何 --><char id="20320" x="470" y="176" width="42" height="43" xoffset="0" yoffset="-3" xadvance="42" page="0" chnl="15"/><!-- 你 --><char id="20339" x="428" y="88" width="42" height="43" xoffset="0" yoffset="-3" xadvance="42" page="0" chnl="15"/><!-- 佳 --><char id="20363" x="558" y="0" width="41" height="43" xoffset="0" yoffset="-3" xadvance="42" page="0" chnl="15"/><!-- 例 --><char id="20803" x="340" y="519" width="41" height="40" xoffset="0" yoffset="0" xadvance="42" page="0" chnl="15"/><!-- 元 --><char id="20811" x="170" y="0" width="42" height="43" xoffset="0" yoffset="-3" xadvance="42" page="0" chnl="15"/><!-- 克 --><char id="20837" x="167" y="477" width="42" height="41" xoffset="0" yoffset="-2" xadvance="42" page="0" chnl="15"/><!-- 入 --><char id="20840" x="337" y="477" width="42" height="41" xoffset="0" yoffset="-2" xadvance="42" page="0" chnl="15"/><!-- 全 --><char id="20851" x="510" y="132" width="42" height="43" xoffset="0" yoffset="-3" xadvance="42" page="0" chnl="15"/><!-- 关 --><char id="20877" x="592" y="477" width="42" height="41" xoffset="0" yoffset="-1" xadvance="42" page="0" chnl="15"/><!-- 再 --><char id="20934" x="213" y="176" width="42" height="43" xoffset="0" yoffset="-3" xadvance="42" page="0" chnl="15"/><!-- 准 --><char id="20986" x="596" y="132" width="38" height="42" xoffset="2" yoffset="-2" xadvance="42" page="0" chnl="15"/><!-- 出 --><char id="20987" x="594" y="263" width="40" height="42" xoffset="1" yoffset="-2" xadvance="42" page="0" chnl="15"/><!-- 击 --><char id="20998" x="300" y="220" width="42" height="42" xoffset="0" yoffset="-2" xadvance="42" page="0" chnl="15"/><!-- 分 --><char id="21015" x="43" y="435" width="41" height="41" xoffset="0" yoffset="-2" xadvance="42" page="0" chnl="15"/><!-- 列 --><char id="21019" x="507" y="477" width="41" height="41" xoffset="0" yoffset="-2" xadvance="42" page="0" chnl="15"/><!-- 创 --><char id="21033" x="428" y="306" width="40" height="42" xoffset="0" yoffset="-2" xadvance="42" page="0" chnl="15"/><!-- 利 --><char id="21040" x="510" y="392" width="41" height="41" xoffset="0" yoffset="-2" xadvance="42" page="0" chnl="15"/><!-- 到 --><char id="21069" x="384" y="176" width="42" height="43" xoffset="0" yoffset="-3" xadvance="42" page="0" chnl="15"/><!-- 前 --><char id="21152" x="172" y="349" width="40" height="42" xoffset="0" yoffset="-2" xadvance="42" page="0" chnl="15"/><!-- 加 --><char id="21160" x="0" y="263" width="41" height="42" xoffset="0" yoffset="-2" xadvance="42" page="0" chnl="15"/><!-- 动 --><char id="21333" x="456" y="44" width="42" height="43" xoffset="0" yoffset="-3" xadvance="42" page="0" chnl="15"/><!-- 单 --><char id="21344" x="429" y="263" width="37" height="42" xoffset="4" yoffset="-2" xadvance="42" page="0" chnl="15"/><!-- 占 --><char id="21345" x="256" y="349" width="42" height="42" xoffset="0" yoffset="-2" xadvance="42" page="0" chnl="15"/><!-- 卡 --><char id="21407" x="592" y="435" width="42" height="41" xoffset="0" yoffset="-1" xadvance="42" page="0" chnl="15"/><!-- 原 --><char id="21442" x="42" y="176" width="42" height="43" xoffset="0" yoffset="-3" xadvance="42" page="0" chnl="15"/><!-- 参 --><char id="21451" x="0" y="306" width="42" height="42" xoffset="0" yoffset="-2" xadvance="42" page="0" chnl="15"/><!-- 友 --><char id="21457" x="86" y="132" width="41" height="43" xoffset="0" yoffset="-3" xadvance="42" page="0" chnl="15"/><!-- 发 --><char id="21462" x="124" y="477" width="42" height="41" xoffset="0" yoffset="-1" xadvance="42" page="0" chnl="15"/><!-- 取 --><char id="21472" x="552" y="392" width="42" height="41" xoffset="0" yoffset="-2" xadvance="42" page="0" chnl="15"/><!-- 叠 --><char id="21487" x="211" y="519" width="42" height="40" xoffset="0" yoffset="0" xadvance="42" page="0" chnl="15"/><!-- 可 --><char id="21491" x="0" y="88" width="42" height="43" xoffset="0" yoffset="-3" xadvance="42" page="0" chnl="15"/><!-- 右 --><char id="21508" x="86" y="44" width="42" height="43" xoffset="0" yoffset="-3" xadvance="42" page="0" chnl="15"/><!-- 各 --><char id="21518" x="0" y="392" width="42" height="42" xoffset="0" yoffset="-2" xadvance="42" page="0" chnl="15"/><!-- 后 --><char id="21578" x="213" y="349" width="42" height="42" xoffset="0" yoffset="-2" xadvance="42" page="0" chnl="15"/><!-- 告 --><char id="21644" x="172" y="435" width="40" height="41" xoffset="0" yoffset="-2" xadvance="42" page="0" chnl="15"/><!-- 和 --><char id="22235" x="84" y="561" width="38" height="39" xoffset="2" yoffset="0" xadvance="42" page="0" chnl="15"/><!-- 四 --><char id="22238" x="165" y="561" width="38" height="39" xoffset="2" yoffset="0" xadvance="42" page="0" chnl="15"/><!-- 回 --><char id="22312" x="43" y="44" width="42" height="43" xoffset="0" yoffset="-3" xadvance="42" page="0" chnl="15"/><!-- 在 --><char id="22343" x="386" y="88" width="41" height="43" xoffset="0" yoffset="-3" xadvance="42" page="0" chnl="15"/><!-- 均 --><char id="22522" x="168" y="519" width="42" height="40" xoffset="0" yoffset="-2" xadvance="42" page="0" chnl="15"/><!-- 基 --><char id="22534" x="472" y="0" width="42" height="43" xoffset="0" yoffset="-3" xadvance="42" page="0" chnl="15"/><!-- 堆 --><char id="22768" x="43" y="306" width="41" height="42" xoffset="0" yoffset="-2" xadvance="42" page="0" chnl="15"/><!-- 声 --><char id="22810" x="259" y="392" width="39" height="42" xoffset="2" yoffset="-3" xadvance="42" page="0" chnl="15"/><!-- 多 --><char id="22823" x="42" y="263" width="42" height="42" xoffset="0" yoffset="-2" xadvance="42" page="0" chnl="15"/><!-- 大 --><char id="22825" x="0" y="561" width="42" height="40" xoffset="0" yoffset="0" xadvance="42" page="0" chnl="15"/><!-- 天 --><char id="22826" x="0" y="349" width="42" height="42" xoffset="0" yoffset="-2" xadvance="42" page="0" chnl="15"/><!-- 太 --><char id="22833" x="469" y="306" width="42" height="42" xoffset="0" yoffset="-2" xadvance="42" page="0" chnl="15"/><!-- 失 --><char id="22909" x="86" y="88" width="42" height="43" xoffset="0" yoffset="-3" xadvance="42" page="0" chnl="15"/><!-- 好 --><char id="22914" x="0" y="0" width="40" height="43" xoffset="0" yoffset="-3" xadvance="42" page="0" chnl="15"/><!-- 如 --><char id="22987" x="213" y="132" width="42" height="43" xoffset="0" yoffset="-3" xadvance="42" page="0" chnl="15"/><!-- 始 --><char id="23436" x="0" y="220" width="42" height="42" xoffset="0" yoffset="-2" xadvance="42" page="0" chnl="15"/><!-- 完 --><char id="23450" x="170" y="132" width="42" height="43" xoffset="0" yoffset="-3" xadvance="42" page="0" chnl="15"/><!-- 定 --><char id="23454" x="557" y="88" width="40" height="43" xoffset="1" yoffset="-3" xadvance="42" page="0" chnl="15"/><!-- 实 --><char id="23545" x="259" y="88" width="42" height="43" xoffset="0" yoffset="-3" xadvance="42" page="0" chnl="15"/><!-- 对 --><char id="23558" x="86" y="220" width="42" height="42" xoffset="0" yoffset="-2" xadvance="42" page="0" chnl="15"/><!-- 将 --><char id="23567" x="85" y="435" width="43" height="41" xoffset="-1" yoffset="-2" xadvance="42" page="0" chnl="15"/><!-- 小 --><char id="23616" x="551" y="435" width="40" height="41" xoffset="0" yoffset="-1" xadvance="42" page="0" chnl="15"/><!-- 局 --><char id="24038" x="171" y="263" width="42" height="42" xoffset="0" yoffset="-3" xadvance="42" page="0" chnl="15"/><!-- 左 --><char id="24050" x="247" y="561" width="40" height="38" xoffset="2" yoffset="0" xadvance="42" page="0" chnl="15"/><!-- 已 --><char id="24178" x="509" y="519" width="42" height="40" xoffset="0" yoffset="0" xadvance="42" page="0" chnl="15"/><!-- 干 --><char id="24179" x="42" y="477" width="40" height="41" xoffset="1" yoffset="-1" xadvance="42" page="0" chnl="15"/><!-- 平 --><char id="24191" x="298" y="132" width="42" height="43" xoffset="0" yoffset="-3" xadvance="42" page="0" chnl="15"/><!-- 广 --><char id="24207" x="430" y="0" width="41" height="43" xoffset="0" yoffset="-3" xadvance="42" page="0" chnl="15"/><!-- 序 --><char id="24231" x="301" y="0" width="42" height="43" xoffset="0" yoffset="-3" xadvance="42" page="0" chnl="15"/><!-- 座 --><char id="24314" x="342" y="176" width="41" height="43" xoffset="1" yoffset="-3" xadvance="42" page="0" chnl="15"/><!-- 建 --><char id="24320" x="468" y="519" width="40" height="40" xoffset="1" yoffset="0" xadvance="42" page="0" chnl="15"/><!-- 开 --><char id="24335" x="214" y="306" width="41" height="42" xoffset="1" yoffset="-2" xadvance="42" page="0" chnl="15"/><!-- 式 --><char id="24352" x="343" y="263" width="42" height="42" xoffset="0" yoffset="-2" xadvance="42" page="0" chnl="15"/><!-- 张 --><char id="24453" x="299" y="176" width="42" height="43" xoffset="0" yoffset="-3" xadvance="42" page="0" chnl="15"/><!-- 待 --><char id="24471" x="554" y="306" width="42" height="42" xoffset="0" yoffset="-2" xadvance="42" page="0" chnl="15"/><!-- 得 --><char id="24635" x="216" y="392" width="42" height="42" xoffset="0" yoffset="-3" xadvance="42" page="0" chnl="15"/><!-- 总 --><char id="24744" x="254" y="435" width="42" height="41" xoffset="0" yoffset="-2" xadvance="42" page="0" chnl="15"/><!-- 您 --><char id="25103" x="299" y="392" width="42" height="41" xoffset="0" yoffset="-2" xadvance="42" page="0" chnl="15"/><!-- 戏 --><char id="25104" x="127" y="0" width="42" height="43" xoffset="0" yoffset="-3" xadvance="42" page="0" chnl="15"/><!-- 成 --><char id="25169" x="129" y="220" width="42" height="42" xoffset="0" yoffset="-2" xadvance="42" page="0" chnl="15"/><!-- 扑 --><char id="25353" x="344" y="0" width="42" height="43" xoffset="0" yoffset="-3" xadvance="42" page="0" chnl="15"/><!-- 按 --><char id="25454" x="342" y="306" width="42" height="42" xoffset="0" yoffset="-2" xadvance="42" page="0" chnl="15"/><!-- 据 --><char id="25490" x="85" y="263" width="42" height="42" xoffset="0" yoffset="-2" xadvance="42" page="0" chnl="15"/><!-- 排 --><char id="25512" x="0" y="44" width="42" height="43" xoffset="0" yoffset="-3" xadvance="42" page="0" chnl="15"/><!-- 推 --><char id="25552" x="128" y="306" width="42" height="42" xoffset="0" yoffset="-2" xadvance="42" page="0" chnl="15"/><!-- 提 --><char id="25918" x="541" y="44" width="42" height="43" xoffset="0" yoffset="-3" xadvance="42" page="0" chnl="15"/><!-- 放 --><char id="25928" x="129" y="88" width="43" height="43" xoffset="-1" yoffset="-3" xadvance="42" page="0" chnl="15"/><!-- 效 --><char id="25968" x="299" y="306" width="42" height="42" xoffset="0" yoffset="-2" xadvance="42" page="0" chnl="15"/><!-- 数 --><char id="26032" x="0" y="132" width="42" height="43" xoffset="0" yoffset="-3" xadvance="42" page="0" chnl="15"/><!-- 新 --><char id="26080" x="549" y="477" width="42" height="41" xoffset="0" yoffset="-1" xadvance="42" page="0" chnl="15"/><!-- 无 --><char id="26102" x="297" y="435" width="41" height="41" xoffset="1" yoffset="-2" xadvance="42" page="0" chnl="15"/><!-- 时 --><char id="26159" x="342" y="392" width="41" height="41" xoffset="0" yoffset="-1" xadvance="42" page="0" chnl="15"/><!-- 是 --><char id="26174" x="552" y="519" width="40" height="40" xoffset="1" yoffset="-1" xadvance="42" page="0" chnl="15"/><!-- 显 --><char id="26223" x="210" y="477" width="42" height="41" xoffset="0" yoffset="-1" xadvance="42" page="0" chnl="15"/><!-- 景 --><char id="26242" x="499" y="44" width="41" height="43" xoffset="1" yoffset="-3" xadvance="42" page="0" chnl="15"/><!-- 暂 --><char id="26367" x="128" y="263" width="42" height="42" xoffset="0" yoffset="-2" xadvance="42" page="0" chnl="15"/><!-- 替 --><char id="26368" x="0" y="477" width="41" height="41" xoffset="1" yoffset="-1" xadvance="42" page="0" chnl="15"/><!-- 最 --><char id="26377" x="375" y="44" width="41" height="43" xoffset="0" yoffset="-3" xadvance="42" page="0" chnl="15"/><!-- 有 --><char id="26379" x="0" y="519" width="40" height="41" xoffset="0" yoffset="-1" xadvance="42" page="0" chnl="15"/><!-- 朋 --><char id="26410" x="386" y="263" width="42" height="42" xoffset="0" yoffset="-2" xadvance="42" page="0" chnl="15"/><!-- 未 --><char id="26412" x="513" y="349" width="42" height="42" xoffset="0" yoffset="-2" xadvance="42" page="0" chnl="15"/><!-- 本 --><char id="26463" x="556" y="349" width="42" height="42" xoffset="0" yoffset="-2" xadvance="42" page="0" chnl="15"/><!-- 束 --><char id="26469" x="470" y="220" width="42" height="42" xoffset="0" yoffset="-2" xadvance="42" page="0" chnl="15"/><!-- 来 --><char id="26631" x="43" y="220" width="42" height="42" xoffset="0" yoffset="-2" xadvance="42" page="0" chnl="15"/><!-- 标 --><char id="26684" x="214" y="263" width="42" height="42" xoffset="0" yoffset="-2" xadvance="42" page="0" chnl="15"/><!-- 格 --><char id="26700" x="513" y="176" width="42" height="43" xoffset="0" yoffset="-3" xadvance="42" page="0" chnl="15"/><!-- 桌 --><char id="26834" x="471" y="88" width="42" height="43" xoffset="0" yoffset="-3" xadvance="42" page="0" chnl="15"/><!-- 棒 --><char id="27169" x="171" y="306" width="42" height="42" xoffset="0" yoffset="-2" xadvance="42" page="0" chnl="15"/><!-- 模 --><char id="27425" x="43" y="132" width="42" height="43" xoffset="0" yoffset="-3" xadvance="42" page="0" chnl="15"/><!-- 次 --><char id="27491" x="204" y="561" width="42" height="38" xoffset="0" yoffset="0" xadvance="42" page="0" chnl="15"/><!-- 正 --><char id="27492" x="0" y="435" width="42" height="41" xoffset="0" yoffset="-2" xadvance="42" page="0" chnl="15"/><!-- 此 --><char id="27493" x="514" y="88" width="42" height="43" xoffset="0" yoffset="-3" xadvance="42" page="0" chnl="15"/><!-- 步 --><char id="27604" x="423" y="477" width="40" height="41" xoffset="2" yoffset="-2" xadvance="42" page="0" chnl="15"/><!-- 比 --><char id="27809" x="86" y="349" width="43" height="42" xoffset="0" yoffset="-2" xadvance="42" page="0" chnl="15"/><!-- 没 --><char id="27861" x="86" y="392" width="42" height="42" xoffset="0" yoffset="-2" xadvance="42" page="0" chnl="15"/><!-- 法 --><char id="27880" x="427" y="349" width="42" height="42" xoffset="0" yoffset="-3" xadvance="42" page="0" chnl="15"/><!-- 注 --><char id="28040" x="130" y="349" width="41" height="42" xoffset="0" yoffset="-2" xadvance="42" page="0" chnl="15"/><!-- 消 --><char id="28216" x="84" y="0" width="42" height="43" xoffset="0" yoffset="-3" xadvance="42" page="0" chnl="15"/><!-- 游 --><char id="28418" x="342" y="349" width="42" height="42" xoffset="0" yoffset="-2" xadvance="42" page="0" chnl="15"/><!-- 漂 --><char id="28857" x="85" y="306" width="42" height="42" xoffset="0" yoffset="-2" xadvance="42" page="0" chnl="15"/><!-- 点 --><char id="29031" x="384" y="392" width="41" height="41" xoffset="1" yoffset="-1" xadvance="42" page="0" chnl="15"/><!-- 照 --><char id="29260" x="213" y="0" width="43" height="43" xoffset="-1" yoffset="-3" xadvance="42" page="0" chnl="15"/><!-- 牌 --><char id="29609" x="82" y="519" width="42" height="40" xoffset="0" yoffset="0" xadvance="42" page="0" chnl="15"/><!-- 玩 --><char id="29699" x="380" y="477" width="42" height="41" xoffset="0" yoffset="-2" xadvance="42" page="0" chnl="15"/><!-- 球 --><char id="29983" x="425" y="519" width="42" height="40" xoffset="0" yoffset="-2" xadvance="42" page="0" chnl="15"/><!-- 生 --><char id="29992" x="595" y="392" width="39" height="41" xoffset="0" yoffset="-1" xadvance="42" page="0" chnl="15"/><!-- 用 --><char id="30340" x="386" y="220" width="40" height="42" xoffset="1" yoffset="-3" xadvance="42" page="0" chnl="15"/><!-- 的 --><char id="30446" x="599" y="176" width="32" height="41" xoffset="5" yoffset="-1" xadvance="42" page="0" chnl="15"/><!-- 目 --><char id="30830" x="128" y="132" width="41" height="43" xoffset="0" yoffset="-3" xadvance="42" page="0" chnl="15"/><!-- 确 --><char id="31034" x="123" y="561" width="41" height="39" xoffset="0" yoffset="0" xadvance="42" page="0" chnl="15"/><!-- 示 --><char id="31227" x="257" y="0" width="43" height="43" xoffset="-1" yoffset="-3" xadvance="42" page="0" chnl="15"/><!-- 移 --><char id="31243" x="300" y="263" width="42" height="42" xoffset="0" yoffset="-2" xadvance="42" page="0" chnl="15"/><!-- 程 --><char id="31354" x="41" y="519" width="40" height="41" xoffset="1" yoffset="-3" xadvance="42" page="0" chnl="15"/><!-- 空 --><char id="31361" x="0" y="176" width="41" height="43" xoffset="1" yoffset="-3" xadvance="42" page="0" chnl="15"/><!-- 突 --><char id="31561" x="256" y="176" width="42" height="43" xoffset="0" yoffset="-3" xadvance="42" page="0" chnl="15"/><!-- 等 --><char id="31867" x="513" y="220" width="41" height="42" xoffset="1" yoffset="-2" xadvance="42" page="0" chnl="15"/><!-- 类 --><char id="32418" x="129" y="435" width="42" height="41" xoffset="0" yoffset="-2" xadvance="42" page="0" chnl="15"/><!-- 红 --><char id="32437" x="555" y="220" width="42" height="42" xoffset="0" yoffset="-2" xadvance="42" page="0" chnl="15"/><!-- 纵 --><char id="32452" x="426" y="392" width="42" height="41" xoffset="0" yoffset="-3" xadvance="42" page="0" chnl="15"/><!-- 组 --><char id="32467" x="85" y="176" width="42" height="43" xoffset="0" yoffset="-3" xadvance="42" page="0" chnl="15"/><!-- 结 --><char id="32479" x="173" y="88" width="42" height="43" xoffset="0" yoffset="-3" xadvance="42" page="0" chnl="15"/><!-- 统 --><char id="32487" x="464" y="477" width="42" height="41" xoffset="0" yoffset="-3" xadvance="42" page="0" chnl="15"/><!-- 继 --><char id="32493" x="128" y="176" width="42" height="43" xoffset="0" yoffset="-3" xadvance="42" page="0" chnl="15"/><!-- 续 --><char id="32622" x="297" y="519" width="42" height="40" xoffset="0" yoffset="-1" xadvance="42" page="0" chnl="15"/><!-- 置 --><char id="32676" x="553" y="132" width="42" height="43" xoffset="0" yoffset="-3" xadvance="42" page="0" chnl="15"/><!-- 群 --><char id="32972" x="341" y="132" width="42" height="43" xoffset="0" yoffset="-3" xadvance="42" page="0" chnl="15"/><!-- 背 --><char id="32988" x="385" y="306" width="42" height="42" xoffset="0" yoffset="-2" xadvance="42" page="0" chnl="15"/><!-- 胜 --><char id="33258" x="600" y="0" width="32" height="43" xoffset="5" yoffset="-3" xadvance="42" page="0" chnl="15"/><!-- 自 --><char id="33267" x="43" y="561" width="40" height="39" xoffset="1" yoffset="-1" xadvance="42" page="0" chnl="15"/><!-- 至 --><char id="33394" x="172" y="220" width="42" height="42" xoffset="0" yoffset="-3" xadvance="42" page="0" chnl="15"/><!-- 色 --><char id="33457" x="387" y="0" width="42" height="43" xoffset="0" yoffset="-3" xadvance="42" page="0" chnl="15"/><!-- 花 --><char id="34892" x="257" y="220" width="42" height="42" xoffset="0" yoffset="-2" xadvance="42" page="0" chnl="15"/><!-- 行 --><char id="34987" x="584" y="44" width="42" height="43" xoffset="0" yoffset="-3" xadvance="42" page="0" chnl="15"/><!-- 被 --><char id="35201" x="380" y="435" width="42" height="41" xoffset="0" yoffset="-1" xadvance="42" page="0" chnl="15"/><!-- 要 --><char id="35282" x="335" y="44" width="39" height="43" xoffset="0" yoffset="-3" xadvance="42" page="0" chnl="15"/><!-- 角 --><char id="35328" x="427" y="176" width="42" height="43" xoffset="0" yoffset="-3" xadvance="42" page="0" chnl="15"/><!-- 言 --><char id="35745" x="256" y="306" width="42" height="42" xoffset="0" yoffset="-2" xadvance="42" page="0" chnl="15"/><!-- 计 --><char id="35774" x="507" y="263" width="43" height="42" xoffset="0" yoffset="-2" xadvance="42" page="0" chnl="15"/><!-- 设 --><char id="35797" x="129" y="392" width="43" height="42" xoffset="0" yoffset="-3" xadvance="42" page="0" chnl="15"/><!-- 试 --><char id="35821" x="173" y="392" width="42" height="42" xoffset="0" yoffset="-2" xadvance="42" page="0" chnl="15"/><!-- 语 --><char id="35831" x="551" y="263" width="42" height="42" xoffset="0" yoffset="-2" xadvance="42" page="0" chnl="15"/><!-- 请 --><char id="36133" x="216" y="88" width="42" height="43" xoffset="0" yoffset="-3" xadvance="42" page="0" chnl="15"/><!-- 败 --><char id="36187" x="467" y="132" width="42" height="43" xoffset="0" yoffset="-3" xadvance="42" page="0" chnl="15"/><!-- 赛 --><char id="36194" x="302" y="88" width="42" height="43" xoffset="0" yoffset="-3" xadvance="42" page="0" chnl="15"/><!-- 赢 --><char id="36215" x="515" y="0" width="42" height="43" xoffset="0" yoffset="-3" xadvance="42" page="0" chnl="15"/><!-- 起 --><char id="36341" x="43" y="349" width="42" height="42" xoffset="0" yoffset="-3" xadvance="42" page="0" chnl="15"/><!-- 践 --><char id="36733" x="256" y="132" width="41" height="43" xoffset="1" yoffset="-3" xadvance="42" page="0" chnl="15"/><!-- 载 --><char id="36755" x="299" y="349" width="42" height="42" xoffset="0" yoffset="-2" xadvance="42" page="0" chnl="15"/><!-- 输 --><char id="36807" x="257" y="263" width="42" height="42" xoffset="0" yoffset="-2" xadvance="42" page="0" chnl="15"/><!-- 过 --><char id="36820" x="385" y="349" width="41" height="42" xoffset="1" yoffset="-2" xadvance="42" page="0" chnl="15"/><!-- 返 --><char id="36824" x="512" y="306" width="41" height="42" xoffset="1" yoffset="-2" xadvance="42" page="0" chnl="15"/><!-- 还 --><char id="36827" x="215" y="220" width="41" height="42" xoffset="1" yoffset="-2" xadvance="42" page="0" chnl="15"/><!-- 进 --><char id="36992" x="43" y="88" width="42" height="43" xoffset="0" yoffset="-3" xadvance="42" page="0" chnl="15"/><!-- 邀 --><char id="37325" x="83" y="477" width="40" height="41" xoffset="1" yoffset="-2" xadvance="42" page="0" chnl="15"/><!-- 重 --><char id="38182" x="425" y="132" width="41" height="43" xoffset="0" yoffset="-3" xadvance="42" page="0" chnl="15"/><!-- 锦 --><char id="38386" x="417" y="44" width="38" height="43" xoffset="2" yoffset="-3" xadvance="42" page="0" chnl="15"/><!-- 闲 --><char id="38388" x="170" y="44" width="38" height="43" xoffset="2" yoffset="-3" xadvance="42" page="0" chnl="15"/><!-- 间 --><char id="38656" x="339" y="435" width="40" height="41" xoffset="1" yoffset="-1" xadvance="42" page="0" chnl="15"/><!-- 需 --><char id="38663" x="423" y="435" width="41" height="41" xoffset="0" yoffset="-1" xadvance="42" page="0" chnl="15"/><!-- 震 --><char id="38754" x="253" y="477" width="42" height="41" xoffset="0" yoffset="-1" xadvance="42" page="0" chnl="15"/><!-- 面 --><char id="39029" x="296" y="477" width="40" height="41" xoffset="1" yoffset="-1" xadvance="42" page="0" chnl="15"/><!-- 页 --><char id="39034" x="427" y="220" width="42" height="42" xoffset="0" yoffset="-2" xadvance="42" page="0" chnl="15"/><!-- 顺 --><char id="39064" x="507" y="435" width="43" height="41" xoffset="-1" yoffset="-1" xadvance="42" page="0" chnl="15"/><!-- 题 --><char id="39640" x="345" y="88" width="40" height="43" xoffset="1" yoffset="-3" xadvance="42" page="0" chnl="15"/><!-- 高 --><char id="40657" x="213" y="435" width="40" height="41" xoffset="1" yoffset="-1" xadvance="42" page="0" chnl="15"/><!-- 黑 --><char id="65281" x="474" y="561" width="9" height="33" xoffset="6" yoffset="2" xadvance="42" page="0" chnl="15"/><!-- ！ --><char id="65292" x="273" y="602" width="11" height="17" xoffset="3" yoffset="26" xadvance="42" page="0" chnl="15"/><!-- ， --><char id="65306" x="245" y="602" width="9" height="25" xoffset="6" yoffset="6" xadvance="42" page="0" chnl="15"/><!-- ： --></chars></font>