{"compressionlevel":1,"height":30,"infinite":false,"layers":[{"draworder":"topdown","id":34,"name":"watcher","objects":[],"opacity":1,"type":"objectgroup","visible":false,"x":0,"y":0},{"id":26,"layers":[{"draworder":"topdown","id":18,"name":"decor-obj-behind","objects":[],"opacity":1,"type":"objectgroup","visible":true,"x":0,"y":0},{"draworder":"topdown","id":19,"name":"goal-obj","objects":[],"opacity":1,"type":"objectgroup","visible":true,"x":0,"y":0},{"draworder":"topdown","id":51,"name":"sudden-obj","objects":[],"opacity":1,"type":"objectgroup","visible":true,"x":0,"y":0},{"draworder":"topdown","id":15,"name":"static-obj","objects":[{"gid":151,"height":301,"id":558,"name":"dying-tree","rotation":0,"type":"dying-tree","visible":true,"width":334,"x":26,"y":457}],"opacity":1,"type":"objectgroup","visible":true,"x":0,"y":0},{"draworder":"topdown","id":49,"name":"speed-modifier-obj","objects":[],"opacity":1,"type":"objectgroup","visible":true,"x":0,"y":0},{"draworder":"topdown","id":50,"name":"interactable-obj","objects":[],"opacity":1,"type":"objectgroup","visible":true,"x":0,"y":0},{"draworder":"topdown","id":42,"name":"collect-obj","objects":[{"gid":1,"height":56,"id":559,"name":"gift-circle","properties":[{"name":"value","type":"int","value":10}],"rotation":0,"type":"gift-circle","visible":true,"width":54,"x":175,"y":480}],"opacity":1,"type":"objectgroup","visible":true,"x":0,"y":0}],"name":"objects","opacity":1,"type":"group","visible":true,"x":0,"y":0},{"draworder":"topdown","id":33,"name":"player","objects":[],"opacity":1,"type":"objectgroup","visible":false,"x":0,"y":0},{"draworder":"topdown","id":40,"name":"symbol","objects":[],"opacity":1,"type":"objectgroup","visible":true,"x":0,"y":0}],"nextlayerid":52,"nextobjectid":625,"orientation":"orthogonal","renderorder":"right-down","tiledversion":"1.7.1","tileheight":29,"tilesets":[{"columns":0,"firstgid":1,"grid":{"height":1,"orientation":"orthogonal","width":1},"margin":0,"name":"collect-obj","spacing":0,"tilecount":4,"tileheight":82,"tiles":[{"id":0,"image":"../../maps/assets/collect-obj/gift-circle.png","properties":[{"name":"value","type":"int","value":10}],"type":"gift-circle"},{"id":1,"image":"../../maps/assets/collect-obj/gift-heart.png","properties":[{"name":"value","type":"int","value":10}],"type":"gift-heart"},{"id":2,"image":"../../maps/assets/collect-obj/gift-square.png","properties":[{"name":"value","type":"int","value":10}],"type":"gift-square"},{"id":3,"image":"../../maps/assets/collect-obj/coin.png","properties":[{"name":"isMoving","type":"bool","value":false},{"name":"value","type":"int","value":1}],"type":"coin"}],"tilewidth":82},{"columns":0,"firstgid":5,"grid":{"height":1,"orientation":"orthogonal","width":1},"margin":0,"name":"decor-obj","spacing":0,"tilecount":6,"tileheight":320,"tiles":[{"id":3,"image":"../../maps/assets/decor-obj/handkerchief-1.png","type":"handkerchief-1"},{"id":4,"image":"../../maps/assets/decor-obj/handkerchief-2.png","type":"handkerchief-2"},{"id":5,"image":"../../maps/assets/decor-obj/handkerchief-3.png","type":"handkerchief-3"},{"id":6,"image":"../../maps/assets/decor-obj/handkerchief-4.png","type":"handkerchief-4"},{"id":7,"image":"../../maps/assets/decor-obj/handkerchief-5.png","type":"handkerchief-5"},{"id":8,"image":"../../maps/assets/decor-obj/handkerchief-6.png","type":"handkerchief-6"}],"tilewidth":693},{"columns":0,"firstgid":14,"grid":{"height":1,"orientation":"orthogonal","width":1},"margin":0,"name":"decor-obj-behind","spacing":0,"tilecount":18,"tileheight":142,"tiles":[{"id":0,"image":"../../maps/assets/decor-obj-behind/book-1.png"},{"id":1,"image":"../../maps/assets/decor-obj-behind/book-2.png"},{"id":2,"image":"../../maps/assets/decor-obj-behind/book-3.png"},{"id":3,"image":"../../maps/assets/decor-obj-behind/book-4.png"},{"id":4,"image":"../../maps/assets/decor-obj-behind/book-5.png"},{"id":5,"image":"../../maps/assets/decor-obj-behind/cookies-1.png"},{"id":6,"image":"../../maps/assets/decor-obj-behind/cookies-2.png"},{"id":7,"image":"../../maps/assets/decor-obj-behind/crayon-blue.png"},{"id":8,"image":"../../maps/assets/decor-obj-behind/crayon-green.png"},{"id":9,"image":"../../maps/assets/decor-obj-behind/crayon-pink-yellow.png"},{"id":10,"image":"../../maps/assets/decor-obj-behind/fork.png"},{"id":11,"image":"../../maps/assets/decor-obj-behind/fork-2.png"},{"id":12,"image":"../../maps/assets/decor-obj-behind/glove.png"},{"id":13,"image":"../../maps/assets/decor-obj-behind/knife.png"},{"id":14,"image":"../../maps/assets/decor-obj-behind/rolling-pin.png"},{"id":15,"image":"../../maps/assets/decor-obj-behind/sandwich.png"},{"id":16,"image":"../../maps/assets/decor-obj-behind/spoon.png"},{"id":17,"image":"../../maps/assets/decor-obj-behind/wood-spoon.png"}],"tilewidth":342},{"columns":0,"firstgid":32,"grid":{"height":1,"orientation":"orthogonal","width":1},"margin":0,"name":"goal-obj","spacing":0,"tilecount":2,"tileheight":192,"tiles":[{"id":0,"image":"../../maps/assets/goal-obj/cheese-1.png"},{"id":1,"image":"../../maps/assets/goal-obj/cheese-2.png"}],"tilewidth":307},{"columns":0,"firstgid":34,"grid":{"height":1,"orientation":"orthogonal","width":1},"margin":0,"name":"interactable-obj","spacing":0,"tilecount":6,"tileheight":134,"tiles":[{"id":0,"image":"../../maps/assets/interactable-obj/blue-button-down.png","properties":[{"name":"triggerID","type":"int","value":0}]},{"id":1,"image":"../../maps/assets/interactable-obj/blue-button-up.png","properties":[{"name":"triggerID","type":"int","value":0}]},{"id":2,"image":"../../maps/assets/interactable-obj/joystick.png","properties":[{"name":"triggerID","type":"int","value":0}]},{"id":3,"image":"../../maps/assets/interactable-obj/joystick-down.png","properties":[{"name":"triggerID","type":"int","value":0}]},{"id":4,"image":"../../maps/assets/interactable-obj/red-button-down.png","properties":[{"name":"triggerID","type":"int","value":0}]},{"id":5,"image":"../../maps/assets/interactable-obj/red-button-up.png","properties":[{"name":"triggerID","type":"int","value":0}]}],"tilewidth":121},{"columns":0,"firstgid":40,"grid":{"height":1,"orientation":"orthogonal","width":1},"margin":0,"name":"movement-modifier-obj","spacing":0,"tilecount":3,"tileheight":110,"tiles":[{"id":0,"image":"../../maps/assets/movement-modifier-obj/boxing.png"},{"id":1,"image":"../../maps/assets/movement-modifier-obj/conveyor.png"},{"id":2,"image":"../../maps/assets/movement-modifier-obj/liquid.png"}],"tilewidth":241},{"columns":0,"firstgid":43,"grid":{"height":1,"orientation":"orthogonal","width":1},"margin":0,"name":"moving-obj","spacing":0,"tilecount":2,"tileheight":424,"tiles":[{"id":0,"image":"../../maps/assets/moving-obj/icecream-truck.png"},{"id":1,"image":"../../maps/assets/moving-obj/tank.png"}],"tilewidth":564},{"columns":0,"firstgid":45,"grid":{"height":1,"orientation":"orthogonal","width":1},"margin":0,"name":"seethrough-obj","spacing":0,"tilecount":8,"tileheight":165,"tiles":[{"id":0,"image":"../../maps/assets/seethrough-obj/crystall-ball.png","type":"crystall-ball"},{"id":1,"image":"../../maps/assets/seethrough-obj/empty-bottle-1.png","type":"empty-bottle-1"},{"id":2,"image":"../../maps/assets/seethrough-obj/empty-bottle-2.png","type":"empty-bottle-2"},{"id":3,"image":"../../maps/assets/seethrough-obj/glass.png","type":"glass"},{"id":4,"image":"../../maps/assets/seethrough-obj/glasses.png","type":"glasses"},{"id":5,"image":"../../maps/assets/seethrough-obj/king.png","type":"king"},{"id":6,"image":"../../maps/assets/seethrough-obj/knight.png","type":"knight"},{"id":7,"image":"../../maps/assets/seethrough-obj/queen.png","type":"queen"}],"tilewidth":138},{"columns":0,"firstgid":53,"grid":{"height":1,"orientation":"orthogonal","width":1},"margin":0,"name":"speed-modifier-obj","spacing":0,"tilecount":6,"tileheight":55,"tiles":[{"id":0,"image":"../../maps/assets/speed-modifier-obj/chocolate.png","properties":[{"name":"speedBonusPercent","type":"float","value":0.5},{"name":"speedDuration","type":"float","value":1}],"type":"chocolate-1"},{"id":2,"image":"../../maps/assets/speed-modifier-obj/chocolate-2.png","type":"chocolate-2"},{"id":3,"image":"../../maps/assets/speed-modifier-obj/chocolate-3.png","type":"chocolate-3"},{"id":4,"image":"../../maps/assets/speed-modifier-obj/chocolate-4.png","type":"chocolate-4"},{"id":5,"image":"../../maps/assets/speed-modifier-obj/chocolate-5.png","type":"chocolate-5"},{"id":6,"image":"../../maps/assets/speed-modifier-obj/skateboard.png","properties":[{"name":"speedBonusPercent","type":"float","value":2},{"name":"speedDuration","type":"float","value":1.2}],"type":"skateboard"}],"tilewidth":409},{"columns":0,"firstgid":60,"grid":{"height":1,"orientation":"orthogonal","width":1},"margin":0,"name":"trap-obj","spacing":0,"tilecount":3,"tileheight":445,"tiles":[{"id":0,"image":"../../maps/assets/trap-obj/balloon.png"},{"id":1,"image":"../../maps/assets/trap-obj/crab.png"},{"id":2,"image":"../../maps/assets/trap-obj/spaceship.png"}],"tilewidth":365},{"columns":0,"firstgid":63,"grid":{"height":1,"orientation":"orthogonal","width":1},"margin":0,"name":"players","spacing":0,"tilecount":2,"tileheight":328,"tiles":[{"id":0,"image":"../../maps/assets/players/boy.png","type":"watcher"},{"id":1,"image":"../../maps/assets/players/mouse.png","type":"player"}],"tilewidth":520},{"columns":0,"firstgid":65,"grid":{"height":1,"orientation":"orthogonal","width":1},"margin":0,"name":"symbol","spacing":0,"tilecount":5,"tileheight":100,"tiles":[{"id":0,"image":"../../maps/assets/symbol/eye.svg","properties":[{"name":"duration","type":"float","value":2},{"name":"watch-trigger-type","type":"string","value":"straight"}],"type":"watch-trigger"},{"id":1,"image":"../../maps/assets/symbol/start.svg","type":"start-point"},{"id":2,"image":"../../maps/assets/symbol/stand.svg","properties":[{"name":"duration","type":"float","value":2},{"name":"height-cap","type":"float","value":100}],"type":"stand-trigger"},{"id":3,"image":"../../maps/assets/symbol/monkey.png","properties":[{"name":"duration","type":"float","value":5}],"type":"monkey-trigger"},{"id":8,"image":"../../maps/assets/symbol/eye_end.png","type":"end-watch-trigger"}],"tilewidth":100},{"columns":0,"firstgid":74,"grid":{"height":1,"orientation":"orthogonal","width":1},"margin":0,"name":"level_preview","spacing":0,"tilecount":10,"tileheight":668,"tiles":[{"id":0,"image":"../../maps/assets/level_preview/Level1_8s.png"},{"id":1,"image":"../../maps/assets/level_preview/Level2_9s.png"},{"id":2,"image":"../../maps/assets/level_preview/Level3_16s.png"},{"id":3,"image":"../../maps/assets/level_preview/Level4_14s.png"},{"id":4,"image":"../../maps/assets/level_preview/Level5_20s.png"},{"id":5,"image":"../../maps/assets/level_preview/Level6_8s.png"},{"id":6,"image":"../../maps/assets/level_preview/Level7_14s.png"},{"id":7,"image":"../../maps/assets/level_preview/Level8_20s.png"},{"id":8,"image":"../../maps/assets/level_preview/Level9_17s.png"},{"id":9,"image":"../../maps/assets/level_preview/Level10_26s.png"}],"tilewidth":4223},{"columns":0,"firstgid":84,"grid":{"height":1,"orientation":"orthogonal","width":1},"margin":0,"name":"static-obj","spacing":0,"tilecount":49,"tileheight":301,"tiles":[{"id":32,"image":"../../maps/assets/static-obj/apple.png","type":"apple"},{"id":33,"image":"../../maps/assets/static-obj/ball.png","type":"ball"},{"id":34,"image":"../../maps/assets/static-obj/banana.png","type":"banana"},{"id":35,"image":"../../maps/assets/static-obj/books.png","type":"books"},{"id":36,"image":"../../maps/assets/static-obj/cactus.png","type":"cactus"},{"id":37,"image":"../../maps/assets/static-obj/candy-bottle.png","type":"candy-bottle"},{"id":38,"image":"../../maps/assets/static-obj/clock.png","type":"clock"},{"id":39,"image":"../../maps/assets/static-obj/coca.png","type":"coca"},{"id":40,"image":"../../maps/assets/static-obj/cupcake.png","type":"cupcake"},{"id":41,"image":"../../maps/assets/static-obj/chest.png","type":"chest"},{"id":42,"image":"../../maps/assets/static-obj/chest-2.png","type":"chest-2"},{"id":43,"image":"../../maps/assets/static-obj/eraser.png","type":"eraser"},{"id":44,"image":"../../maps/assets/static-obj/fries.png","type":"fries"},{"id":45,"image":"../../maps/assets/static-obj/gavel-bottle.png","type":"gavel-bottle"},{"id":46,"image":"../../maps/assets/static-obj/gummy-candy.png","type":"gummy-candy"},{"id":47,"image":"../../maps/assets/static-obj/hamburger.png","type":"hamburger"},{"id":48,"image":"../../maps/assets/static-obj/hotdog.png","type":"hotdog"},{"id":49,"image":"../../maps/assets/static-obj/milk-bottle.png","type":"milk-bottle"},{"id":50,"image":"../../maps/assets/static-obj/milk-glass.png","type":"milk-glass"},{"id":51,"image":"../../maps/assets/static-obj/milk-tea.png","type":"milk-tea"},{"id":52,"image":"../../maps/assets/static-obj/milk-tea-2.png","type":"milk-tea-2"},{"id":53,"image":"../../maps/assets/static-obj/orange.png","type":"orange"},{"id":54,"image":"../../maps/assets/static-obj/orange-juice.png","type":"orange-juice"},{"id":55,"image":"../../maps/assets/static-obj/pencil.png","type":"pencil"},{"id":56,"image":"../../maps/assets/static-obj/sandwiches.png","type":"sandwiches"},{"id":57,"image":"../../maps/assets/static-obj/soft-drink-1.png","type":"soft-drink-1"},{"id":58,"image":"../../maps/assets/static-obj/sugar-bottle.png","type":"sugar-bottle"},{"id":59,"image":"../../maps/assets/static-obj/toaster.png","type":"toaster"},{"id":60,"image":"../../maps/assets/static-obj/toy.png","type":"toy"},{"id":61,"image":"../../maps/assets/static-obj/watermelon-1.png","type":"watermelon-1"},{"id":62,"image":"../../maps/assets/static-obj/watermelon-2.png","type":"watermelon-2"},{"id":63,"image":"../../maps/assets/static-obj/candy-star.png","type":"candy-star"},{"id":64,"image":"../../maps/assets/static-obj/candy-umbrella.png","type":"candy-umbrella"},{"id":65,"image":"../../maps/assets/static-obj/cat-mask.png","type":"cat-mask"},{"id":66,"image":"../../maps/assets/static-obj/desk-phone.png","type":"desk-phone"},{"id":67,"image":"../../maps/assets/static-obj/dying-tree.png","type":"dying-tree"},{"id":68,"image":"../../maps/assets/static-obj/eclock.png","type":"eclock"},{"id":69,"image":"../../maps/assets/static-obj/gift-box.png","type":"gift-box"},{"id":70,"image":"../../maps/assets/static-obj/marble-ball.png","type":"marble-ball"},{"id":71,"image":"../../maps/assets/static-obj/marble-ball-group.png","type":"marble-ball-group"},{"id":72,"image":"../../maps/assets/static-obj/origami-bird.png","type":"origami-bird"},{"id":73,"image":"../../maps/assets/static-obj/origami-rabbit.png","type":"origami-rabbit"},{"id":74,"image":"../../maps/assets/static-obj/piggy-bank.png","type":"piggy-bank"},{"id":75,"image":"../../maps/assets/static-obj/square-origami.png","type":"square-origami"},{"id":76,"image":"../../maps/assets/static-obj/teddy-bear.png","type":"teddy-bear"},{"id":77,"image":"../../maps/assets/static-obj/zippo.png","type":"zippo"},{"id":78,"image":"../../../Downloads/x2_2/x2/gameplay/static-obj/balloon.png","type":"balloon"},{"id":79,"image":"../../../Downloads/x2_2/x2/gameplay/static-obj/crab.png","type":"crab"},{"id":80,"image":"../../../Downloads/x2_2/x2/gameplay/static-obj/spaceship.png","type":"spaceship"}],"tilewidth":334},{"columns":4,"firstgid":165,"image":"../../maps/assets/tileset/tileset.png","imageheight":116,"imagewidth":116,"margin":0,"name":"tileset","spacing":0,"tilecount":0,"tileheight":29,"tilewidth":29,"transformations":{"hflip":false,"preferuntransformed":true,"rotate":false,"vflip":false}},{"columns":0,"firstgid":165,"grid":{"height":1,"orientation":"orthogonal","width":1},"margin":0,"name":"level_preview","spacing":0,"tilecount":61,"tileheight":870,"tiles":[{"id":47,"image":"../../../Documents/Camtasia/HideAndSeekTrueeee/HideAndSeekLevelDesign/IMG/LevelsExport/Level1_8s.png.png"},{"id":48,"image":"../../../Documents/Camtasia/HideAndSeekTrueeee/HideAndSeekLevelDesign/IMG/LevelsExport/Level2_9s.png.png"},{"id":49,"image":"../../../Documents/Camtasia/HideAndSeekTrueeee/HideAndSeekLevelDesign/IMG/LevelsExport/Level3_16s.png.png"},{"id":50,"image":"../../../Documents/Camtasia/HideAndSeekTrueeee/HideAndSeekLevelDesign/IMG/LevelsExport/Level4_14s.png.png"},{"id":51,"image":"../../../Documents/Camtasia/HideAndSeekTrueeee/HideAndSeekLevelDesign/IMG/LevelsExport/Level5_20s.png.png"},{"id":52,"image":"../../../Documents/Camtasia/HideAndSeekTrueeee/HideAndSeekLevelDesign/IMG/LevelsExport/Level6_8s.png.png"},{"id":53,"image":"../../../Documents/Camtasia/HideAndSeekTrueeee/HideAndSeekLevelDesign/IMG/LevelsExport/Level7_14s.png.png"},{"id":54,"image":"../../../Documents/Camtasia/HideAndSeekTrueeee/HideAndSeekLevelDesign/IMG/LevelsExport/Level8_20s.png.png"},{"id":55,"image":"../../../Documents/Camtasia/HideAndSeekTrueeee/HideAndSeekLevelDesign/IMG/LevelsExport/Level9_17s.png.png"},{"id":56,"image":"../../../Documents/Camtasia/HideAndSeekTrueeee/HideAndSeekLevelDesign/IMG/LevelsExport/Level10_26s.png.png"},{"id":57,"image":"../../../Documents/Camtasia/HideAndSeekTrueeee/HideAndSeekLevelDesign/IMG/LevelsExport/Level11_7.5s.png.png"},{"id":58,"image":"../../../Documents/Camtasia/HideAndSeekTrueeee/HideAndSeekLevelDesign/IMG/LevelsExport/Level12_13s.png.png"},{"id":59,"image":"../../../Documents/Camtasia/HideAndSeekTrueeee/HideAndSeekLevelDesign/IMG/LevelsExport/Level13_18s.png.png"},{"id":60,"image":"../../../Documents/Camtasia/HideAndSeekTrueeee/HideAndSeekLevelDesign/IMG/LevelsExport/Level14_10s.png.png"},{"id":61,"image":"../../../Documents/Camtasia/HideAndSeekTrueeee/HideAndSeekLevelDesign/IMG/LevelsExport/Level15_27s.png.png"},{"id":62,"image":"../../../Documents/Camtasia/HideAndSeekTrueeee/HideAndSeekLevelDesign/IMG/LevelsExport/Level16_9s.png.png"},{"id":63,"image":"../../../Documents/Camtasia/HideAndSeekTrueeee/HideAndSeekLevelDesign/IMG/LevelsExport/Level17_17s.png.png"},{"id":64,"image":"../../../Documents/Camtasia/HideAndSeekTrueeee/HideAndSeekLevelDesign/IMG/LevelsExport/Level18_9s.png.png"},{"id":65,"image":"../../../Documents/Camtasia/HideAndSeekTrueeee/HideAndSeekLevelDesign/IMG/LevelsExport/Level19_18s.png.png"},{"id":66,"image":"../../../Documents/Camtasia/HideAndSeekTrueeee/HideAndSeekLevelDesign/IMG/LevelsExport/Level20_22s.png.png"},{"id":67,"image":"../../../Documents/Camtasia/HideAndSeekTrueeee/HideAndSeekLevelDesign/IMG/LevelsExport/Level21_9s.png.png"},{"id":68,"image":"../../../Documents/Camtasia/HideAndSeekTrueeee/HideAndSeekLevelDesign/IMG/LevelsExport/Level22_9s.png.png"},{"id":69,"image":"../../../Documents/Camtasia/HideAndSeekTrueeee/HideAndSeekLevelDesign/IMG/LevelsExport/Level23_12s.png.png"},{"id":70,"image":"../../../Documents/Camtasia/HideAndSeekTrueeee/HideAndSeekLevelDesign/IMG/LevelsExport/Level24_13s.png.png"},{"id":71,"image":"../../../Documents/Camtasia/HideAndSeekTrueeee/HideAndSeekLevelDesign/IMG/LevelsExport/Level25_29s.png.png"},{"id":72,"image":"../../../Documents/Camtasia/HideAndSeekTrueeee/HideAndSeekLevelDesign/IMG/LevelsExport/Level26_15s.png.png"},{"id":73,"image":"../../../Documents/Camtasia/HideAndSeekTrueeee/HideAndSeekLevelDesign/IMG/LevelsExport/Level27_18s.png.png"},{"id":74,"image":"../../../Documents/Camtasia/HideAndSeekTrueeee/HideAndSeekLevelDesign/IMG/LevelsExport/Level28_19s.png.png"},{"id":75,"image":"../../../Documents/Camtasia/HideAndSeekTrueeee/HideAndSeekLevelDesign/IMG/LevelsExport/Level29_11s.png.png"},{"id":76,"image":"../../../Documents/Camtasia/HideAndSeekTrueeee/HideAndSeekLevelDesign/IMG/LevelsExport/Level30_23s.png.png"},{"id":77,"image":"../../../Documents/Camtasia/HideAndSeekTrueeee/HideAndSeekLevelDesign/IMG/LevelsExport/Level31_20s.png.png"},{"id":78,"image":"../../../Documents/Camtasia/HideAndSeekTrueeee/HideAndSeekLevelDesign/IMG/LevelsExport/Level32_28s.png.png"},{"id":79,"image":"../../../Documents/Camtasia/HideAndSeekTrueeee/HideAndSeekLevelDesign/IMG/LevelsExport/Level33_17s.png.png"},{"id":80,"image":"../../../Documents/Camtasia/HideAndSeekTrueeee/HideAndSeekLevelDesign/IMG/LevelsExport/Level34_12s.png.png"},{"id":81,"image":"../../../Documents/Camtasia/HideAndSeekTrueeee/HideAndSeekLevelDesign/IMG/LevelsExport/Level35_23s.png.png"},{"id":82,"image":"../../../Documents/Camtasia/HideAndSeekTrueeee/HideAndSeekLevelDesign/IMG/LevelsExport/Level36_21s.png.png"},{"id":83,"image":"../../../Documents/Camtasia/HideAndSeekTrueeee/HideAndSeekLevelDesign/IMG/LevelsExport/Level37_15s.png.png"},{"id":84,"image":"../../../Documents/Camtasia/HideAndSeekTrueeee/HideAndSeekLevelDesign/IMG/LevelsExport/Level38_16s.png.png"},{"id":85,"image":"../../../Documents/Camtasia/HideAndSeekTrueeee/HideAndSeekLevelDesign/IMG/LevelsExport/Level39_14s.png.png"},{"id":86,"image":"../../../Documents/Camtasia/HideAndSeekTrueeee/HideAndSeekLevelDesign/IMG/LevelsExport/Level40_20s.png.png"},{"id":87,"image":"../../../Documents/Camtasia/HideAndSeekTrueeee/HideAndSeekLevelDesign/IMG/LevelsExport/Level41_10s.png.png"},{"id":88,"image":"../../../Documents/Camtasia/HideAndSeekTrueeee/HideAndSeekLevelDesign/IMG/LevelsExport/Level42_14s.png.png"},{"id":89,"image":"../../../Documents/Camtasia/HideAndSeekTrueeee/HideAndSeekLevelDesign/IMG/LevelsExport/Level43_12s.png.png"},{"id":90,"image":"../../../Documents/Camtasia/HideAndSeekTrueeee/HideAndSeekLevelDesign/IMG/LevelsExport/Level44_14s.png.png"},{"id":91,"image":"../../../Documents/Camtasia/HideAndSeekTrueeee/HideAndSeekLevelDesign/IMG/LevelsExport/Level45_26s.png.png"},{"id":92,"image":"../../../Documents/Camtasia/HideAndSeekTrueeee/HideAndSeekLevelDesign/IMG/LevelsExport/Level46_16s_png.png"},{"id":93,"image":"../../../Documents/Camtasia/HideAndSeekTrueeee/HideAndSeekLevelDesign/IMG/LevelsExport/Level47_7s.png.png"},{"id":94,"image":"../../../Documents/Camtasia/HideAndSeekTrueeee/HideAndSeekLevelDesign/IMG/LevelsExport/Level48_14s.png.png"},{"id":95,"image":"../../../Documents/Camtasia/HideAndSeekTrueeee/HideAndSeekLevelDesign/IMG/LevelsExport/Level49_17s.png.png"},{"id":96,"image":"../../../Documents/Camtasia/HideAndSeekTrueeee/HideAndSeekLevelDesign/IMG/LevelsExport/Level50_23s.png.png"},{"id":97,"image":"../../../Documents/Camtasia/HideAndSeekTrueeee/HideAndSeekLevelDesign/IMG/LevelsExport/Level51_14s.png.png"},{"id":98,"image":"../../../Documents/Camtasia/HideAndSeekTrueeee/HideAndSeekLevelDesign/IMG/LevelsExport/Level52_17s.png.png"},{"id":99,"image":"../../../Documents/Camtasia/HideAndSeekTrueeee/HideAndSeekLevelDesign/IMG/LevelsExport/Level53_16s.png.png"},{"id":100,"image":"../../../Documents/Camtasia/HideAndSeekTrueeee/HideAndSeekLevelDesign/IMG/LevelsExport/Level54_15s.png.png"},{"id":101,"image":"../../../Documents/Camtasia/HideAndSeekTrueeee/HideAndSeekLevelDesign/IMG/LevelsExport/Level55_17s.png.png"},{"id":102,"image":"../../../Documents/Camtasia/HideAndSeekTrueeee/HideAndSeekLevelDesign/IMG/LevelsExport/Level56_8s.png.png"},{"id":103,"image":"../../../Documents/Camtasia/HideAndSeekTrueeee/HideAndSeekLevelDesign/IMG/LevelsExport/Level57_14s.png.png"},{"id":104,"image":"../../../Documents/Camtasia/HideAndSeekTrueeee/HideAndSeekLevelDesign/IMG/LevelsExport/Level58_11s.png.png"},{"id":105,"image":"../../../Documents/Camtasia/HideAndSeekTrueeee/HideAndSeekLevelDesign/IMG/LevelsExport/Level59_16s.png.png"},{"id":106,"image":"../../../Documents/Camtasia/HideAndSeekTrueeee/HideAndSeekLevelDesign/IMG/LevelsExport/Level60_20s.png.png"},{"id":107,"image":"../../maps/map_default.png"}],"tilewidth":20358},{"columns":0,"firstgid":273,"grid":{"height":1,"orientation":"orthogonal","width":1},"margin":0,"name":"0.MapPreview","spacing":0,"tilecount":42,"tileheight":870,"tiles":[{"id":0,"image":"../../../Documents/Camtasia/HideAndSeekTrueeee/HideAndSeekLevelDesign/IMG/Level61to100/Level61_12s.png.png"},{"id":1,"image":"../../../Documents/Camtasia/HideAndSeekTrueeee/HideAndSeekLevelDesign/IMG/Level61to100/Level62_17s.png.png"},{"id":2,"image":"../../../Documents/Camtasia/HideAndSeekTrueeee/HideAndSeekLevelDesign/IMG/Level61to100/Level63_13s.png.png"},{"id":3,"image":"../../../Documents/Camtasia/HideAndSeekTrueeee/HideAndSeekLevelDesign/IMG/Level61to100/Level64_10s.png.png"},{"id":4,"image":"../../../Documents/Camtasia/HideAndSeekTrueeee/HideAndSeekLevelDesign/IMG/Level61to100/Level65_8s.png.png"},{"id":5,"image":"../../../Documents/Camtasia/HideAndSeekTrueeee/HideAndSeekLevelDesign/IMG/Level61to100/Level66_17s.png.png"},{"id":6,"image":"../../../Documents/Camtasia/HideAndSeekTrueeee/HideAndSeekLevelDesign/IMG/Level61to100/Level67_35s.png.png"},{"id":7,"image":"../../../Documents/Camtasia/HideAndSeekTrueeee/HideAndSeekLevelDesign/IMG/Level61to100/Level68_20s.png.png"},{"id":8,"image":"../../../Documents/Camtasia/HideAndSeekTrueeee/HideAndSeekLevelDesign/IMG/Level61to100/Level69_20s.png.png"},{"id":9,"image":"../../../Documents/Camtasia/HideAndSeekTrueeee/HideAndSeekLevelDesign/IMG/Level61to100/Level70_19s.png.png"},{"id":10,"image":"../../../Documents/Camtasia/HideAndSeekTrueeee/HideAndSeekLevelDesign/IMG/Level61to100/Level71_18s.png.png"},{"id":11,"image":"../../../Documents/Camtasia/HideAndSeekTrueeee/HideAndSeekLevelDesign/IMG/Level61to100/Level72_10s.png.png"},{"id":12,"image":"../../../Documents/Camtasia/HideAndSeekTrueeee/HideAndSeekLevelDesign/IMG/Level61to100/Level73_15s.png.png"},{"id":13,"image":"../../../Documents/Camtasia/HideAndSeekTrueeee/HideAndSeekLevelDesign/IMG/Level61to100/Level74_16s.png.png"},{"id":14,"image":"../../../Documents/Camtasia/HideAndSeekTrueeee/HideAndSeekLevelDesign/IMG/Level61to100/Level75_14s.png.png"},{"id":15,"image":"../../../Documents/Camtasia/HideAndSeekTrueeee/HideAndSeekLevelDesign/IMG/Level61to100/Level76_20s.png.png"},{"id":16,"image":"../../../Documents/Camtasia/HideAndSeekTrueeee/HideAndSeekLevelDesign/IMG/Level61to100/Level77_14s.png.png"},{"id":17,"image":"../../../Documents/Camtasia/HideAndSeekTrueeee/HideAndSeekLevelDesign/IMG/Level61to100/Level78_24s.png.png"},{"id":18,"image":"../../../Documents/Camtasia/HideAndSeekTrueeee/HideAndSeekLevelDesign/IMG/Level61to100/Level79_16s.png.png"},{"id":19,"image":"../../../Documents/Camtasia/HideAndSeekTrueeee/HideAndSeekLevelDesign/IMG/Level61to100/Level80_15s.png.png"},{"id":20,"image":"../../../Documents/Camtasia/HideAndSeekTrueeee/HideAndSeekLevelDesign/IMG/Level61to100/Level81_22s.png.png"},{"id":21,"image":"../../../Documents/Camtasia/HideAndSeekTrueeee/HideAndSeekLevelDesign/IMG/Level61to100/Level82_10s.png.png"},{"id":22,"image":"../../../Documents/Camtasia/HideAndSeekTrueeee/HideAndSeekLevelDesign/IMG/Level61to100/Level83_17s.png.png"},{"id":23,"image":"../../../Documents/Camtasia/HideAndSeekTrueeee/HideAndSeekLevelDesign/IMG/Level61to100/Level84_14s.png.png"},{"id":24,"image":"../../../Documents/Camtasia/HideAndSeekTrueeee/HideAndSeekLevelDesign/IMG/Level61to100/Level85_22s.png.png"},{"id":25,"image":"../../../Documents/Camtasia/HideAndSeekTrueeee/HideAndSeekLevelDesign/IMG/Level61to100/Level86_19s.png.png"},{"id":26,"image":"../../../Documents/Camtasia/HideAndSeekTrueeee/HideAndSeekLevelDesign/IMG/Level61to100/Level87_15s.png.png"},{"id":27,"image":"../../../Documents/Camtasia/HideAndSeekTrueeee/HideAndSeekLevelDesign/IMG/Level61to100/Level88_17s.png.png"},{"id":28,"image":"../../../Documents/Camtasia/HideAndSeekTrueeee/HideAndSeekLevelDesign/IMG/Level61to100/Level89_27s.png.png"},{"id":29,"image":"../../../Documents/Camtasia/HideAndSeekTrueeee/HideAndSeekLevelDesign/IMG/Level61to100/Level90_17s.png.png"},{"id":30,"image":"../../../Documents/Camtasia/HideAndSeekTrueeee/HideAndSeekLevelDesign/IMG/Level61to100/Level91_28s.png.png"},{"id":31,"image":"../../../Documents/Camtasia/HideAndSeekTrueeee/HideAndSeekLevelDesign/IMG/Level61to100/Level92_16s.png.png"},{"id":32,"image":"../../../Documents/Camtasia/HideAndSeekTrueeee/HideAndSeekLevelDesign/IMG/Level61to100/Level93_15s.png.png"},{"id":33,"image":"../../../Documents/Camtasia/HideAndSeekTrueeee/HideAndSeekLevelDesign/IMG/Level61to100/Level94_9s.png.png"},{"id":34,"image":"../../../Documents/Camtasia/HideAndSeekTrueeee/HideAndSeekLevelDesign/IMG/Level61to100/Level95_22s.png.png"},{"id":35,"image":"../../../Documents/Camtasia/HideAndSeekTrueeee/HideAndSeekLevelDesign/IMG/Level61to100/Level96_9s.png.png"},{"id":36,"image":"../../../Documents/Camtasia/HideAndSeekTrueeee/HideAndSeekLevelDesign/IMG/Level61to100/Level97_13s.png.png"},{"id":37,"image":"../../../Documents/Camtasia/HideAndSeekTrueeee/HideAndSeekLevelDesign/IMG/Level61to100/Level98_15s.png.png"},{"id":38,"image":"../../../Documents/Camtasia/HideAndSeekTrueeee/HideAndSeekLevelDesign/IMG/Level61to100/Level99_23s.png.png"},{"id":39,"image":"../../../Documents/Camtasia/HideAndSeekTrueeee/HideAndSeekLevelDesign/IMG/Level61to100/Level100_23s.png.png"},{"id":40,"image":"../../../Documents/Camtasia/HideAndSeekTrueeee/AdsLevelBuild/AdsLevelBuild_ProperSize.png"},{"id":41,"image":"../../maps/map_default.png"}],"tilewidth":20358}],"tilewidth":29,"type":"map","version":"1.6","width":13}