<?xml version="1.0" encoding="UTF-8"?><font><info face="NotoSansSC-Black" size="50" bold="0" italic="0" charset="" unicode="1" stretchH="100" smooth="1" aa="1" padding="1,1,1,1" spacing="1,1"/><common lineHeight="50" base="58" scaleW="699" scaleH="699" pages="1" packed="0"/><pages><page id="0" file="NotoZh-Black-White-Stroke.png"/></pages><chars count="193"><char id="32" x="0" y="0" width="0" height="0" xoffset="1" yoffset="0" xadvance="13" page="0" chnl="15"/><char id="33" x="186" y="520" width="18" height="48" xoffset="2" yoffset="15" xadvance="21" page="0" chnl="15"/><char id="34" x="437" y="662" width="32" height="28" xoffset="1" yoffset="15" xadvance="33" page="0" chnl="15"/><char id="35" x="254" y="616" width="35" height="45" xoffset="-1" yoffset="17" xadvance="32" page="0" chnl="15"/><char id="36" x="110" y="0" width="33" height="58" xoffset="-1" yoffset="11" xadvance="32" page="0" chnl="15"/><char id="37" x="574" y="520" width="55" height="47" xoffset="-2" yoffset="16" xadvance="51" page="0" chnl="15"/><char id="38" x="630" y="520" width="45" height="47" xoffset="-2" yoffset="16" xadvance="40" page="0" chnl="15"/><char id="39" x="470" y="662" width="18" height="28" xoffset="1" yoffset="15" xadvance="19" page="0" chnl="15"/><char id="40" x="40" y="0" width="21" height="61" xoffset="1" yoffset="12" xadvance="21" page="0" chnl="15"/><char id="41" x="62" y="0" width="21" height="61" xoffset="0" yoffset="12" xadvance="21" page="0" chnl="15"/><char id="42" x="348" y="662" width="31" height="30" xoffset="-1" yoffset="13" xadvance="28" page="0" chnl="15"/><char id="43" x="278" y="662" width="35" height="36" xoffset="-1" yoffset="21" xadvance="32" page="0" chnl="15"/><char id="44" x="380" y="662" width="20" height="30" xoffset="0" yoffset="44" xadvance="19" page="0" chnl="15"/><char id="45" x="674" y="125" width="23" height="15" xoffset="-1" yoffset="36" xadvance="21" page="0" chnl="15"/><char id="46" x="510" y="662" width="19" height="19" xoffset="0" yoffset="44" xadvance="19" page="0" chnl="15"/><char id="47" x="84" y="0" width="25" height="59" xoffset="-2" yoffset="13" xadvance="21" page="0" chnl="15"/><char id="48" x="237" y="520" width="35" height="47" xoffset="-1" yoffset="16" xadvance="32" page="0" chnl="15"/><char id="49" x="145" y="569" width="32" height="45" xoffset="1" yoffset="17" xadvance="32" page="0" chnl="15"/><char id="50" x="0" y="569" width="34" height="46" xoffset="-1" yoffset="16" xadvance="32" page="0" chnl="15"/><char id="51" x="273" y="520" width="35" height="47" xoffset="-2" yoffset="16" xadvance="32" page="0" chnl="15"/><char id="52" x="178" y="569" width="37" height="45" xoffset="-2" yoffset="17" xadvance="32" page="0" chnl="15"/><char id="53" x="35" y="569" width="35" height="46" xoffset="-2" yoffset="17" xadvance="32" page="0" chnl="15"/><char id="54" x="309" y="520" width="35" height="47" xoffset="-1" yoffset="16" xadvance="32" page="0" chnl="15"/><char id="55" x="216" y="569" width="35" height="45" xoffset="-1" yoffset="17" xadvance="32" page="0" chnl="15"/><char id="56" x="345" y="520" width="34" height="47" xoffset="-1" yoffset="16" xadvance="32" page="0" chnl="15"/><char id="57" x="380" y="520" width="34" height="47" xoffset="-1" yoffset="16" xadvance="32" page="0" chnl="15"/><char id="58" x="674" y="141" width="19" height="38" xoffset="0" yoffset="25" xadvance="19" page="0" chnl="15"/><char id="59" x="676" y="296" width="20" height="49" xoffset="0" yoffset="25" xadvance="19" page="0" chnl="15"/><char id="61" x="401" y="662" width="35" height="28" xoffset="-1" yoffset="25" xadvance="32" page="0" chnl="15"/><char id="63" x="205" y="520" width="31" height="48" xoffset="-1" yoffset="15" xadvance="28" page="0" chnl="15"/><char id="64" x="284" y="0" width="55" height="57" xoffset="0" yoffset="15" xadvance="54" page="0" chnl="15"/><char id="65" x="657" y="465" width="42" height="45" xoffset="-3" yoffset="17" xadvance="34" page="0" chnl="15"/><char id="66" x="282" y="569" width="37" height="45" xoffset="1" yoffset="17" xadvance="36" page="0" chnl="15"/><char id="67" x="415" y="520" width="37" height="47" xoffset="0" yoffset="16" xadvance="35" page="0" chnl="15"/><char id="68" x="320" y="569" width="38" height="45" xoffset="1" yoffset="17" xadvance="38" page="0" chnl="15"/><char id="69" x="359" y="569" width="33" height="45" xoffset="1" yoffset="17" xadvance="33" page="0" chnl="15"/><char id="70" x="393" y="569" width="33" height="45" xoffset="1" yoffset="17" xadvance="32" page="0" chnl="15"/><char id="71" x="453" y="520" width="39" height="47" xoffset="0" yoffset="16" xadvance="38" page="0" chnl="15"/><char id="72" x="427" y="569" width="39" height="45" xoffset="1" yoffset="17" xadvance="40" page="0" chnl="15"/><char id="73" x="676" y="520" width="18" height="45" xoffset="1" yoffset="17" xadvance="19" page="0" chnl="15"/><char id="74" x="71" y="569" width="33" height="46" xoffset="-2" yoffset="17" xadvance="31" page="0" chnl="15"/><char id="75" x="467" y="569" width="40" height="45" xoffset="1" yoffset="17" xadvance="37" page="0" chnl="15"/><char id="76" x="508" y="569" width="32" height="45" xoffset="1" yoffset="17" xadvance="31" page="0" chnl="15"/><char id="77" x="541" y="569" width="44" height="45" xoffset="1" yoffset="17" xadvance="45" page="0" chnl="15"/><char id="78" x="586" y="569" width="38" height="45" xoffset="1" yoffset="17" xadvance="40" page="0" chnl="15"/><char id="79" x="493" y="520" width="43" height="47" xoffset="-1" yoffset="16" xadvance="41" page="0" chnl="15"/><char id="80" x="625" y="569" width="37" height="45" xoffset="1" yoffset="17" xadvance="36" page="0" chnl="15"/><char id="81" x="238" y="0" width="45" height="57" xoffset="-1" yoffset="16" xadvance="41" page="0" chnl="15"/><char id="82" x="0" y="616" width="38" height="45" xoffset="1" yoffset="17" xadvance="37" page="0" chnl="15"/><char id="83" x="537" y="520" width="36" height="47" xoffset="-1" yoffset="16" xadvance="33" page="0" chnl="15"/><char id="84" x="39" y="616" width="38" height="45" xoffset="-2" yoffset="17" xadvance="33" page="0" chnl="15"/><char id="85" x="105" y="569" width="39" height="46" xoffset="1" yoffset="17" xadvance="40" page="0" chnl="15"/><char id="86" x="78" y="616" width="41" height="45" xoffset="-3" yoffset="17" xadvance="34" page="0" chnl="15"/><char id="87" x="120" y="616" width="53" height="45" xoffset="-2" yoffset="17" xadvance="48" page="0" chnl="15"/><char id="88" x="174" y="616" width="39" height="45" xoffset="-2" yoffset="17" xadvance="34" page="0" chnl="15"/><char id="89" x="214" y="616" width="39" height="45" xoffset="-3" yoffset="17" xadvance="32" page="0" chnl="15"/><char id="90" x="663" y="569" width="36" height="45" xoffset="-1" yoffset="17" xadvance="32" page="0" chnl="15"/><char id="91" x="194" y="0" width="21" height="58" xoffset="2" yoffset="13" xadvance="21" page="0" chnl="15"/><char id="93" x="216" y="0" width="21" height="58" xoffset="0" yoffset="13" xadvance="21" page="0" chnl="15"/><char id="94" x="314" y="662" width="33" height="32" xoffset="0" yoffset="15" xadvance="32" page="0" chnl="15"/><char id="95" x="586" y="662" width="35" height="14" xoffset="-2" yoffset="57" xadvance="30" page="0" chnl="15"/><char id="97" x="290" y="616" width="34" height="38" xoffset="-1" yoffset="25" xadvance="32" page="0" chnl="15"/><char id="98" x="516" y="465" width="36" height="49" xoffset="0" yoffset="14" xadvance="34" page="0" chnl="15"/><char id="99" x="325" y="616" width="32" height="38" xoffset="-1" yoffset="25" xadvance="28" page="0" chnl="15"/><char id="100" x="553" y="465" width="36" height="49" xoffset="-1" yoffset="14" xadvance="34" page="0" chnl="15"/><char id="101" x="358" y="616" width="34" height="38" xoffset="-1" yoffset="25" xadvance="31" page="0" chnl="15"/><char id="102" x="590" y="465" width="29" height="49" xoffset="-2" yoffset="13" xadvance="21" page="0" chnl="15"/><char id="103" x="620" y="465" width="36" height="49" xoffset="-1" yoffset="25" xadvance="32" page="0" chnl="15"/><char id="104" x="0" y="520" width="35" height="48" xoffset="0" yoffset="14" xadvance="34" page="0" chnl="15"/><char id="105" x="497" y="465" width="18" height="50" xoffset="0" yoffset="12" xadvance="18" page="0" chnl="15"/><char id="106" x="15" y="0" width="24" height="62" xoffset="-6" yoffset="12" xadvance="18" page="0" chnl="15"/><char id="107" x="36" y="520" width="37" height="48" xoffset="0" yoffset="14" xadvance="33" page="0" chnl="15"/><char id="108" x="678" y="182" width="21" height="49" xoffset="0" yoffset="14" xadvance="18" page="0" chnl="15"/><char id="109" x="0" y="662" width="51" height="37" xoffset="0" yoffset="25" xadvance="51" page="0" chnl="15"/><char id="110" x="52" y="662" width="35" height="37" xoffset="0" yoffset="25" xadvance="34" page="0" chnl="15"/><char id="111" x="393" y="616" width="36" height="38" xoffset="-1" yoffset="25" xadvance="33" page="0" chnl="15"/><char id="112" x="74" y="520" width="36" height="48" xoffset="0" yoffset="25" xadvance="34" page="0" chnl="15"/><char id="113" x="111" y="520" width="36" height="48" xoffset="-1" yoffset="25" xadvance="34" page="0" chnl="15"/><char id="114" x="88" y="662" width="29" height="37" xoffset="0" yoffset="25" xadvance="25" page="0" chnl="15"/><char id="115" x="430" y="616" width="31" height="38" xoffset="-2" yoffset="25" xadvance="27" page="0" chnl="15"/><char id="116" x="252" y="569" width="29" height="45" xoffset="-2" yoffset="18" xadvance="24" page="0" chnl="15"/><char id="117" x="462" y="616" width="35" height="38" xoffset="0" yoffset="25" xadvance="34" page="0" chnl="15"/><char id="118" x="118" y="662" width="37" height="37" xoffset="-2" yoffset="25" xadvance="32" page="0" chnl="15"/><char id="119" x="156" y="662" width="51" height="37" xoffset="-2" yoffset="25" xadvance="46" page="0" chnl="15"/><char id="120" x="208" y="662" width="36" height="37" xoffset="-2" yoffset="25" xadvance="31" page="0" chnl="15"/><char id="121" x="148" y="520" width="37" height="48" xoffset="-2" yoffset="25" xadvance="32" page="0" chnl="15"/><char id="122" x="245" y="662" width="32" height="37" xoffset="-1" yoffset="25" xadvance="28" page="0" chnl="15"/><char id="123" x="144" y="0" width="24" height="58" xoffset="-1" yoffset="13" xadvance="21" page="0" chnl="15"/><char id="124" x="0" y="0" width="14" height="66" xoffset="2" yoffset="11" xadvance="17" page="0" chnl="15"/><char id="125" x="169" y="0" width="24" height="58" xoffset="0" yoffset="13" xadvance="21" page="0" chnl="15"/><char id="19968" x="530" y="662" width="55" height="17" xoffset="-1" yoffset="30" xadvance="51" page="0" chnl="15"/><char id="19981" x="326" y="465" width="56" height="53" xoffset="-2" yoffset="14" xadvance="51" page="0" chnl="15"/><char id="20004" x="167" y="465" width="53" height="53" xoffset="0" yoffset="14" xadvance="51" page="0" chnl="15"/><char id="20013" x="339" y="296" width="51" height="56" xoffset="1" yoffset="11" xadvance="51" page="0" chnl="15"/><char id="20081" x="56" y="182" width="56" height="56" xoffset="-2" yoffset="11" xadvance="51" page="0" chnl="15"/><char id="20102" x="275" y="465" width="50" height="53" xoffset="1" yoffset="14" xadvance="51" page="0" chnl="15"/><char id="20197" x="613" y="410" width="55" height="54" xoffset="0" yoffset="13" xadvance="51" page="0" chnl="15"/><char id="20320" x="563" y="296" width="57" height="56" xoffset="-3" yoffset="11" xadvance="51" page="0" chnl="15"/><char id="20572" x="396" y="67" width="56" height="56" xoffset="-2" yoffset="11" xadvance="51" page="0" chnl="15"/><char id="20813" x="457" y="353" width="56" height="55" xoffset="-2" yoffset="11" xadvance="51" page="0" chnl="15"/><char id="20851" x="113" y="67" width="56" height="56" xoffset="-2" yoffset="11" xadvance="51" page="0" chnl="15"/><char id="20987" x="226" y="239" width="54" height="56" xoffset="-1" yoffset="11" xadvance="51" page="0" chnl="15"/><char id="21033" x="392" y="125" width="54" height="56" xoffset="-2" yoffset="11" xadvance="51" page="0" chnl="15"/><char id="21040" x="224" y="125" width="54" height="56" xoffset="-1" yoffset="11" xadvance="51" page="0" chnl="15"/><char id="21069" x="57" y="239" width="54" height="56" xoffset="-1" yoffset="11" xadvance="51" page="0" chnl="15"/><char id="21152" x="572" y="353" width="54" height="55" xoffset="-2" yoffset="12" xadvance="51" page="0" chnl="15"/><char id="21169" x="0" y="410" width="55" height="55" xoffset="-2" yoffset="12" xadvance="51" page="0" chnl="15"/><char id="21345" x="170" y="67" width="55" height="56" xoffset="-1" yoffset="11" xadvance="51" page="0" chnl="15"/><char id="21363" x="221" y="465" width="53" height="53" xoffset="-1" yoffset="14" xadvance="51" page="0" chnl="15"/><char id="21385" x="501" y="410" width="55" height="54" xoffset="-2" yoffset="13" xadvance="51" page="0" chnl="15"/><char id="21451" x="57" y="125" width="55" height="56" xoffset="-2" yoffset="11" xadvance="51" page="0" chnl="15"/><char id="21462" x="557" y="410" width="55" height="54" xoffset="-1" yoffset="13" xadvance="51" page="0" chnl="15"/><char id="21478" x="336" y="410" width="52" height="54" xoffset="-1" yoffset="13" xadvance="51" page="0" chnl="15"/><char id="21487" x="112" y="465" width="54" height="53" xoffset="-1" yoffset="14" xadvance="51" page="0" chnl="15"/><char id="21518" x="452" y="239" width="56" height="56" xoffset="-2" yoffset="11" xadvance="51" page="0" chnl="15"/><char id="21578" x="621" y="296" width="54" height="56" xoffset="-1" yoffset="11" xadvance="51" page="0" chnl="15"/><char id="22270" x="283" y="410" width="52" height="54" xoffset="0" yoffset="13" xadvance="51" page="0" chnl="15"/><char id="22312" x="564" y="182" width="55" height="56" xoffset="-2" yoffset="11" xadvance="51" page="0" chnl="15"/><char id="22359" x="117" y="353" width="56" height="55" xoffset="-2" yoffset="12" xadvance="51" page="0" chnl="15"/><char id="22797" x="279" y="125" width="56" height="56" xoffset="-2" yoffset="11" xadvance="51" page="0" chnl="15"/><char id="22806" x="566" y="239" width="57" height="56" xoffset="-2" yoffset="11" xadvance="51" page="0" chnl="15"/><char id="22826" x="227" y="296" width="56" height="56" xoffset="-2" yoffset="11" xadvance="51" page="0" chnl="15"/><char id="22833" x="113" y="125" width="56" height="56" xoffset="-2" yoffset="11" xadvance="51" page="0" chnl="15"/><char id="22870" x="506" y="296" width="56" height="56" xoffset="-2" yoffset="11" xadvance="51" page="0" chnl="15"/><char id="22909" x="0" y="125" width="56" height="56" xoffset="-2" yoffset="11" xadvance="51" page="0" chnl="15"/><char id="22987" x="625" y="67" width="57" height="56" xoffset="-2" yoffset="11" xadvance="51" page="0" chnl="15"/><char id="23450" x="0" y="296" width="56" height="56" xoffset="-2" yoffset="11" xadvance="51" page="0" chnl="15"/><char id="23475" x="284" y="296" width="54" height="56" xoffset="-1" yoffset="11" xadvance="51" page="0" chnl="15"/><char id="23545" x="56" y="67" width="56" height="56" xoffset="-2" yoffset="11" xadvance="51" page="0" chnl="15"/><char id="23558" x="509" y="239" width="56" height="56" xoffset="-2" yoffset="11" xadvance="51" page="0" chnl="15"/><char id="23616" x="446" y="410" width="54" height="54" xoffset="-2" yoffset="13" xadvance="51" page="0" chnl="15"/><char id="24067" x="57" y="296" width="56" height="56" xoffset="-3" yoffset="11" xadvance="51" page="0" chnl="15"/><char id="24182" x="561" y="125" width="55" height="56" xoffset="-1" yoffset="11" xadvance="51" page="0" chnl="15"/><char id="24191" x="0" y="67" width="55" height="57" xoffset="-2" yoffset="11" xadvance="51" page="0" chnl="15"/><char id="24207" x="223" y="182" width="56" height="56" xoffset="-2" yoffset="11" xadvance="51" page="0" chnl="15"/><char id="24320" x="0" y="466" width="55" height="53" xoffset="-1" yoffset="14" xadvance="51" page="0" chnl="15"/><char id="24377" x="337" y="182" width="54" height="56" xoffset="0" yoffset="11" xadvance="51" page="0" chnl="15"/><char id="24471" x="504" y="125" width="56" height="56" xoffset="-3" yoffset="11" xadvance="51" page="0" chnl="15"/><char id="24605" x="383" y="465" width="56" height="53" xoffset="-2" yoffset="13" xadvance="51" page="0" chnl="15"/><char id="25152" x="399" y="353" width="57" height="55" xoffset="-3" yoffset="12" xadvance="51" page="0" chnl="15"/><char id="25171" x="0" y="182" width="55" height="56" xoffset="-1" yoffset="11" xadvance="51" page="0" chnl="15"/><char id="25265" x="391" y="296" width="56" height="56" xoffset="-2" yoffset="11" xadvance="51" page="0" chnl="15"/><char id="25773" x="0" y="353" width="57" height="56" xoffset="-2" yoffset="11" xadvance="51" page="0" chnl="15"/><char id="25918" x="58" y="353" width="58" height="56" xoffset="-3" yoffset="11" xadvance="51" page="0" chnl="15"/><char id="26032" x="568" y="67" width="56" height="56" xoffset="-2" yoffset="11" xadvance="51" page="0" chnl="15"/><char id="26041" x="340" y="0" width="55" height="57" xoffset="-2" yoffset="10" xadvance="51" page="0" chnl="15"/><char id="26102" x="287" y="353" width="54" height="55" xoffset="0" yoffset="11" xadvance="51" page="0" chnl="15"/><char id="26174" x="440" y="465" width="56" height="52" xoffset="-2" yoffset="13" xadvance="51" page="0" chnl="15"/><char id="26242" x="340" y="67" width="55" height="56" xoffset="-1" yoffset="11" xadvance="51" page="0" chnl="15"/><char id="26377" x="113" y="182" width="55" height="56" xoffset="-2" yoffset="11" xadvance="51" page="0" chnl="15"/><char id="26463" x="0" y="239" width="56" height="56" xoffset="-2" yoffset="11" xadvance="51" page="0" chnl="15"/><char id="26469" x="281" y="239" width="56" height="56" xoffset="-2" yoffset="11" xadvance="51" page="0" chnl="15"/><char id="26631" x="112" y="239" width="56" height="56" xoffset="-2" yoffset="11" xadvance="51" page="0" chnl="15"/><char id="26834" x="169" y="296" width="57" height="56" xoffset="-2" yoffset="11" xadvance="51" page="0" chnl="15"/><char id="27465" x="448" y="296" width="57" height="56" xoffset="-2" yoffset="11" xadvance="51" page="0" chnl="15"/><char id="27809" x="627" y="353" width="56" height="55" xoffset="-2" yoffset="12" xadvance="51" page="0" chnl="15"/><char id="27963" x="336" y="125" width="55" height="56" xoffset="-1" yoffset="11" xadvance="51" page="0" chnl="15"/><char id="28040" x="617" y="125" width="56" height="56" xoffset="-2" yoffset="11" xadvance="51" page="0" chnl="15"/><char id="28779" x="338" y="239" width="56" height="56" xoffset="-2" yoffset="11" xadvance="51" page="0" chnl="15"/><char id="28781" x="112" y="410" width="56" height="54" xoffset="-2" yoffset="13" xadvance="51" page="0" chnl="15"/><char id="28856" x="280" y="182" width="56" height="56" xoffset="-2" yoffset="11" xadvance="51" page="0" chnl="15"/><char id="28857" x="169" y="239" width="56" height="56" xoffset="-2" yoffset="11" xadvance="51" page="0" chnl="15"/><char id="29190" x="514" y="353" width="57" height="55" xoffset="-2" yoffset="12" xadvance="51" page="0" chnl="15"/><char id="30340" x="169" y="182" width="53" height="56" xoffset="0" yoffset="11" xadvance="51" page="0" chnl="15"/><char id="30495" x="114" y="296" width="54" height="56" xoffset="-1" yoffset="11" xadvance="51" page="0" chnl="15"/><char id="30768" x="389" y="410" width="56" height="54" xoffset="-2" yoffset="13" xadvance="51" page="0" chnl="15"/><char id="30830" x="624" y="239" width="55" height="56" xoffset="-2" yoffset="11" xadvance="51" page="0" chnl="15"/><char id="31034" x="56" y="465" width="55" height="53" xoffset="-2" yoffset="14" xadvance="51" page="0" chnl="15"/><char id="31435" x="227" y="410" width="55" height="54" xoffset="-1" yoffset="11" xadvance="51" page="0" chnl="15"/><char id="31661" x="395" y="239" width="56" height="56" xoffset="-2" yoffset="11" xadvance="51" page="0" chnl="15"/><char id="32467" x="620" y="182" width="57" height="56" xoffset="-3" yoffset="11" xadvance="51" page="0" chnl="15"/><char id="32487" x="453" y="67" width="57" height="56" xoffset="-3" yoffset="10" xadvance="51" page="0" chnl="15"/><char id="32493" x="511" y="67" width="56" height="56" xoffset="-2" yoffset="11" xadvance="51" page="0" chnl="15"/><char id="32988" x="342" y="353" width="56" height="55" xoffset="-2" yoffset="12" xadvance="51" page="0" chnl="15"/><char id="33719" x="447" y="125" width="56" height="56" xoffset="-2" yoffset="11" xadvance="51" page="0" chnl="15"/><char id="35758" x="570" y="0" width="56" height="57" xoffset="-1" yoffset="11" xadvance="51" page="0" chnl="15"/><char id="35831" x="283" y="67" width="56" height="56" xoffset="-2" yoffset="11" xadvance="51" page="0" chnl="15"/><char id="36133" x="230" y="353" width="56" height="55" xoffset="-2" yoffset="12" xadvance="51" page="0" chnl="15"/><char id="36153" x="392" y="182" width="56" height="56" xoffset="-2" yoffset="11" xadvance="51" page="0" chnl="15"/><char id="36339" x="449" y="182" width="57" height="56" xoffset="-2" yoffset="11" xadvance="51" page="0" chnl="15"/><char id="36733" x="627" y="0" width="55" height="57" xoffset="-1" yoffset="11" xadvance="51" page="0" chnl="15"/><char id="36807" x="507" y="182" width="56" height="56" xoffset="-2" yoffset="11" xadvance="51" page="0" chnl="15"/><char id="36824" x="452" y="0" width="58" height="57" xoffset="-3" yoffset="11" xadvance="51" page="0" chnl="15"/><char id="36830" x="511" y="0" width="58" height="57" xoffset="-3" yoffset="11" xadvance="51" page="0" chnl="15"/><char id="36992" x="226" y="67" width="56" height="56" xoffset="-2" yoffset="11" xadvance="51" page="0" chnl="15"/><char id="37197" x="56" y="410" width="55" height="54" xoffset="-1" yoffset="13" xadvance="51" page="0" chnl="15"/><char id="37325" x="174" y="353" width="55" height="55" xoffset="-1" yoffset="11" xadvance="51" page="0" chnl="15"/><char id="38388" x="170" y="125" width="53" height="56" xoffset="0" yoffset="11" xadvance="51" page="0" chnl="15"/><char id="38500" x="396" y="0" width="55" height="57" xoffset="0" yoffset="10" xadvance="51" page="0" chnl="15"/><char id="39034" x="169" y="410" width="57" height="54" xoffset="-3" yoffset="13" xadvance="51" page="0" chnl="15"/><char id="65281" x="680" y="239" width="19" height="47" xoffset="4" yoffset="16" xadvance="51" page="0" chnl="15"/><char id="65292" x="489" y="662" width="20" height="28" xoffset="6" yoffset="42" xadvance="51" page="0" chnl="15"/><char id="65311" x="669" y="410" width="30" height="47" xoffset="-1" yoffset="16" xadvance="51" page="0" chnl="15"/></chars><kernings count="795"><kerning first="97" second="116" amount="-1"/><kerning first="97" second="84" amount="-2"/><kerning first="97" second="86" amount="-2"/><kerning first="97" second="87" amount="-1"/><kerning first="97" second="89" amount="-2"/><kerning first="97" second="63" amount="-2"/><kerning first="97" second="42" amount="-2"/><kerning first="98" second="97" amount="-1"/><kerning first="98" second="116" amount="-2"/><kerning first="98" second="118" amount="-1"/><kerning first="98" second="119" amount="-1"/><kerning first="98" second="120" amount="-2"/><kerning first="98" second="121" amount="-1"/><kerning first="98" second="122" amount="-1"/><kerning first="98" second="84" amount="-3"/><kerning first="98" second="86" amount="-1"/><kerning first="98" second="88" amount="-1"/><kerning first="98" second="89" amount="-3"/><kerning first="98" second="63" amount="-2"/><kerning first="98" second="46" amount="-1"/><kerning first="98" second="44" amount="-1"/><kerning first="98" second="34" amount="-1"/><kerning first="98" second="39" amount="-1"/><kerning first="99" second="97" amount="-1"/><kerning first="99" second="99" amount="-2"/><kerning first="99" second="100" amount="-2"/><kerning first="99" second="101" amount="-2"/><kerning first="99" second="103" amount="-1"/><kerning first="99" second="111" amount="-2"/><kerning first="99" second="113" amount="-2"/><kerning first="99" second="116" amount="-1"/><kerning first="99" second="84" amount="-1"/><kerning first="99" second="86" amount="-1"/><kerning first="99" second="89" amount="-2"/><kerning first="99" second="45" amount="-2"/><kerning first="101" second="97" amount="-1"/><kerning first="101" second="103" amount="-1"/><kerning first="101" second="116" amount="-1"/><kerning first="101" second="120" amount="-1"/><kerning first="101" second="74" amount="-1"/><kerning first="101" second="83" amount="-1"/><kerning first="101" second="84" amount="-2"/><kerning first="101" second="86" amount="-2"/><kerning first="101" second="87" amount="-1"/><kerning first="101" second="89" amount="-2"/><kerning first="101" second="63" amount="-1"/><kerning first="101" second="42" amount="-1"/><kerning first="101" second="45" amount="1"/><kerning first="102" second="97" amount="-1"/><kerning first="102" second="99" amount="-1"/><kerning first="102" second="100" amount="-1"/><kerning first="102" second="101" amount="-1"/><kerning first="102" second="103" amount="-1"/><kerning first="102" second="106" amount="-1"/><kerning first="102" second="111" amount="-1"/><kerning first="102" second="113" amount="-1"/><kerning first="102" second="115" amount="-1"/><kerning first="102" second="120" amount="-1"/><kerning first="102" second="122" amount="-1"/><kerning first="102" second="84" amount="2"/><kerning first="102" second="86" amount="4"/><kerning first="102" second="87" amount="2"/><kerning first="102" second="88" amount="1"/><kerning first="102" second="89" amount="3"/><kerning first="102" second="63" amount="1"/><kerning first="102" second="41" amount="2"/><kerning first="102" second="45" amount="-1"/><kerning first="102" second="46" amount="-4"/><kerning first="102" second="44" amount="-4"/><kerning first="102" second="34" amount="2"/><kerning first="102" second="39" amount="2"/><kerning first="102" second="125" amount="2"/><kerning first="102" second="93" amount="2"/><kerning first="103" second="97" amount="-1"/><kerning first="103" second="99" amount="-1"/><kerning first="103" second="100" amount="-1"/><kerning first="103" second="101" amount="-1"/><kerning first="103" second="106" amount="3"/><kerning first="103" second="111" amount="-1"/><kerning first="103" second="113" amount="-1"/><kerning first="103" second="118" amount="-1"/><kerning first="103" second="119" amount="-1"/><kerning first="103" second="122" amount="-1"/><kerning first="103" second="84" amount="-2"/><kerning first="103" second="89" amount="-1"/><kerning first="103" second="63" amount="-3"/><kerning first="103" second="42" amount="-1"/><kerning first="103" second="47" amount="1"/><kerning first="104" second="84" amount="-2"/><kerning first="104" second="86" amount="-1"/><kerning first="104" second="89" amount="-2"/><kerning first="104" second="63" amount="-1"/><kerning first="104" second="42" amount="-1"/><kerning first="107" second="97" amount="-1"/><kerning first="107" second="99" amount="-2"/><kerning first="107" second="100" amount="-2"/><kerning first="107" second="101" amount="-2"/><kerning first="107" second="103" amount="-1"/><kerning first="107" second="106" amount="-1"/><kerning first="107" second="111" amount="-2"/><kerning first="107" second="113" amount="-2"/><kerning first="107" second="116" amount="-2"/><kerning first="107" second="117" amount="-1"/><kerning first="107" second="120" amount="-1"/><kerning first="107" second="122" amount="-1"/><kerning first="107" second="84" amount="-3"/><kerning first="107" second="89" amount="-1"/><kerning first="107" second="63" amount="-2"/><kerning first="107" second="42" amount="-1"/><kerning first="107" second="45" amount="-5"/><kerning first="108" second="106" amount="1"/><kerning first="109" second="84" amount="-2"/><kerning first="109" second="86" amount="-1"/><kerning first="109" second="89" amount="-2"/><kerning first="109" second="63" amount="-1"/><kerning first="109" second="42" amount="-1"/><kerning first="110" second="84" amount="-2"/><kerning first="110" second="86" amount="-1"/><kerning first="110" second="89" amount="-2"/><kerning first="110" second="63" amount="-1"/><kerning first="110" second="42" amount="-1"/><kerning first="111" second="97" amount="-1"/><kerning first="111" second="116" amount="-2"/><kerning first="111" second="118" amount="-1"/><kerning first="111" second="119" amount="-1"/><kerning first="111" second="120" amount="-2"/><kerning first="111" second="121" amount="-1"/><kerning first="111" second="122" amount="-1"/><kerning first="111" second="84" amount="-3"/><kerning first="111" second="86" amount="-1"/><kerning first="111" second="88" amount="-1"/><kerning first="111" second="89" amount="-3"/><kerning first="111" second="63" amount="-2"/><kerning first="111" second="46" amount="-1"/><kerning first="111" second="44" amount="-1"/><kerning first="111" second="34" amount="-1"/><kerning first="111" second="39" amount="-1"/><kerning first="112" second="97" amount="-1"/><kerning first="112" second="116" amount="-2"/><kerning first="112" second="118" amount="-1"/><kerning first="112" second="119" amount="-1"/><kerning first="112" second="120" amount="-2"/><kerning first="112" second="121" amount="-1"/><kerning first="112" second="122" amount="-1"/><kerning first="112" second="84" amount="-3"/><kerning first="112" second="86" amount="-1"/><kerning first="112" second="88" amount="-1"/><kerning first="112" second="89" amount="-3"/><kerning first="112" second="63" amount="-2"/><kerning first="112" second="46" amount="-1"/><kerning first="112" second="44" amount="-1"/><kerning first="112" second="34" amount="-1"/><kerning first="112" second="39" amount="-1"/><kerning first="113" second="84" amount="-1"/><kerning first="113" second="86" amount="-1"/><kerning first="113" second="89" amount="-2"/><kerning first="113" second="42" amount="-1"/><kerning first="114" second="97" amount="-2"/><kerning first="114" second="99" amount="-1"/><kerning first="114" second="100" amount="-1"/><kerning first="114" second="101" amount="-1"/><kerning first="114" second="103" amount="-1"/><kerning first="114" second="111" amount="-1"/><kerning first="114" second="113" amount="-1"/><kerning first="114" second="115" amount="-1"/><kerning first="114" second="122" amount="-1"/><kerning first="114" second="65" amount="-1"/><kerning first="114" second="74" amount="-4"/><kerning first="114" second="90" amount="-1"/><kerning first="114" second="45" amount="-2"/><kerning first="114" second="46" amount="-5"/><kerning first="114" second="44" amount="-5"/><kerning first="114" second="47" amount="-1"/><kerning first="115" second="116" amount="-1"/><kerning first="115" second="84" amount="-2"/><kerning first="115" second="86" amount="-1"/><kerning first="115" second="89" amount="-1"/><kerning first="115" second="63" amount="-2"/><kerning first="115" second="42" amount="-1"/><kerning first="115" second="45" amount="1"/><kerning first="116" second="97" amount="-1"/><kerning first="116" second="99" amount="-1"/><kerning first="116" second="100" amount="-1"/><kerning first="116" second="101" amount="-1"/><kerning first="116" second="103" amount="-1"/><kerning first="116" second="111" amount="-1"/><kerning first="116" second="113" amount="-1"/><kerning first="116" second="115" amount="-1"/><kerning first="116" second="116" amount="-1"/><kerning first="116" second="120" amount="-1"/><kerning first="116" second="84" amount="-1"/><kerning first="116" second="89" amount="-1"/><kerning first="116" second="63" amount="-2"/><kerning first="116" second="45" amount="-2"/><kerning first="116" second="46" amount="-1"/><kerning first="116" second="44" amount="-1"/><kerning first="117" second="84" amount="-1"/><kerning first="117" second="86" amount="-1"/><kerning first="117" second="89" amount="-2"/><kerning first="117" second="42" amount="-1"/><kerning first="118" second="97" amount="-1"/><kerning first="118" second="99" amount="-1"/><kerning first="118" second="100" amount="-1"/><kerning first="118" second="101" amount="-1"/><kerning first="118" second="106" amount="-1"/><kerning first="118" second="111" amount="-1"/><kerning first="118" second="113" amount="-1"/><kerning first="118" second="122" amount="-2"/><kerning first="118" second="65" amount="-1"/><kerning first="118" second="74" amount="-2"/><kerning first="118" second="84" amount="-1"/><kerning first="118" second="86" amount="-1"/><kerning first="118" second="89" amount="-1"/><kerning first="118" second="90" amount="-1"/><kerning first="118" second="42" amount="-1"/><kerning first="118" second="45" amount="-1"/><kerning first="118" second="46" amount="-4"/><kerning first="118" second="44" amount="-4"/><kerning first="118" second="47" amount="-1"/><kerning first="119" second="97" amount="-1"/><kerning first="119" second="99" amount="-1"/><kerning first="119" second="100" amount="-1"/><kerning first="119" second="101" amount="-1"/><kerning first="119" second="106" amount="-1"/><kerning first="119" second="111" amount="-1"/><kerning first="119" second="113" amount="-1"/><kerning first="119" second="122" amount="-2"/><kerning first="119" second="65" amount="-1"/><kerning first="119" second="74" amount="-2"/><kerning first="119" second="84" amount="-2"/><kerning first="119" second="86" amount="-1"/><kerning first="119" second="88" amount="-1"/><kerning first="119" second="89" amount="-2"/><kerning first="119" second="42" amount="-1"/><kerning first="119" second="46" amount="-5"/><kerning first="119" second="44" amount="-5"/><kerning first="120" second="97" amount="-1"/><kerning first="120" second="99" amount="-2"/><kerning first="120" second="100" amount="-2"/><kerning first="120" second="101" amount="-2"/><kerning first="120" second="111" amount="-2"/><kerning first="120" second="113" amount="-2"/><kerning first="120" second="116" amount="-2"/><kerning first="120" second="121" amount="-1"/><kerning first="120" second="67" amount="-1"/><kerning first="120" second="71" amount="-1"/><kerning first="120" second="79" amount="-1"/><kerning first="120" second="81" amount="-1"/><kerning first="120" second="83" amount="-1"/><kerning first="120" second="84" amount="-1"/><kerning first="120" second="86" amount="-1"/><kerning first="120" second="88" amount="-1"/><kerning first="120" second="89" amount="-2"/><kerning first="120" second="33" amount="-1"/><kerning first="120" second="59" amount="1"/><kerning first="120" second="42" amount="-1"/><kerning first="120" second="45" amount="-1"/><kerning first="120" second="46" amount="-1"/><kerning first="120" second="44" amount="1"/><kerning first="121" second="97" amount="-1"/><kerning first="121" second="99" amount="-1"/><kerning first="121" second="100" amount="-1"/><kerning first="121" second="101" amount="-1"/><kerning first="121" second="106" amount="-1"/><kerning first="121" second="111" amount="-1"/><kerning first="121" second="113" amount="-1"/><kerning first="121" second="120" amount="-1"/><kerning first="121" second="122" amount="-2"/><kerning first="121" second="74" amount="-2"/><kerning first="121" second="84" amount="-1"/><kerning first="121" second="86" amount="-1"/><kerning first="121" second="88" amount="-1"/><kerning first="121" second="89" amount="-1"/><kerning first="121" second="46" amount="-4"/><kerning first="121" second="44" amount="-4"/><kerning first="122" second="97" amount="-1"/><kerning first="122" second="99" amount="-1"/><kerning first="122" second="100" amount="-1"/><kerning first="122" second="101" amount="-1"/><kerning first="122" second="111" amount="-1"/><kerning first="122" second="113" amount="-1"/><kerning first="122" second="117" amount="-1"/><kerning first="122" second="118" amount="-1"/><kerning first="122" second="121" amount="-1"/><kerning first="122" second="84" amount="-1"/><kerning first="122" second="89" amount="-1"/><kerning first="122" second="45" amount="-2"/><kerning first="65" second="97" amount="1"/><kerning first="65" second="102" amount="-1"/><kerning first="65" second="115" amount="1"/><kerning first="65" second="116" amount="-1"/><kerning first="65" second="118" amount="-1"/><kerning first="65" second="119" amount="-1"/><kerning first="65" second="120" amount="-1"/><kerning first="65" second="121" amount="-1"/><kerning first="65" second="67" amount="-1"/><kerning first="65" second="71" amount="-1"/><kerning first="65" second="79" amount="-1"/><kerning first="65" second="81" amount="-1"/><kerning first="65" second="84" amount="-4"/><kerning first="65" second="85" amount="-1"/><kerning first="65" second="86" amount="-1"/><kerning first="65" second="89" amount="-1"/><kerning first="65" second="63" amount="-2"/><kerning first="65" second="42" amount="-5"/><kerning first="65" second="34" amount="-4"/><kerning first="65" second="39" amount="-4"/><kerning first="66" second="116" amount="-1"/><kerning first="66" second="118" amount="-1"/><kerning first="66" second="119" amount="-1"/><kerning first="66" second="120" amount="-1"/><kerning first="66" second="121" amount="-1"/><kerning first="66" second="74" amount="-1"/><kerning first="66" second="83" amount="-1"/><kerning first="66" second="84" amount="-2"/><kerning first="66" second="86" amount="-1"/><kerning first="66" second="87" amount="-1"/><kerning first="66" second="88" amount="-1"/><kerning first="66" second="89" amount="-1"/><kerning first="66" second="90" amount="-1"/><kerning first="66" second="42" amount="-2"/><kerning first="67" second="103" amount="-1"/><kerning first="67" second="116" amount="-2"/><kerning first="67" second="117" amount="-1"/><kerning first="67" second="118" amount="-1"/><kerning first="67" second="119" amount="-1"/><kerning first="67" second="121" amount="-1"/><kerning first="67" second="67" amount="-2"/><kerning first="67" second="71" amount="-2"/><kerning first="67" second="74" amount="-1"/><kerning first="67" second="79" amount="-2"/><kerning first="67" second="81" amount="-2"/><kerning first="67" second="83" amount="-2"/><kerning first="67" second="84" amount="-1"/><kerning first="67" second="85" amount="-1"/><kerning first="67" second="86" amount="-1"/><kerning first="67" second="87" amount="-1"/><kerning first="67" second="88" amount="-1"/><kerning first="67" second="89" amount="-1"/><kerning first="67" second="90" amount="-1"/><kerning first="67" second="45" amount="-2"/><kerning first="68" second="120" amount="-1"/><kerning first="68" second="122" amount="-1"/><kerning first="68" second="65" amount="-1"/><kerning first="68" second="74" amount="-3"/><kerning first="68" second="84" amount="-2"/><kerning first="68" second="86" amount="-1"/><kerning first="68" second="88" amount="-2"/><kerning first="68" second="89" amount="-1"/><kerning first="68" second="90" amount="-1"/><kerning first="68" second="42" amount="-1"/><kerning first="68" second="47" amount="-1"/><kerning first="69" second="99" amount="-1"/><kerning first="69" second="100" amount="-1"/><kerning first="69" second="101" amount="-1"/><kerning first="69" second="111" amount="-1"/><kerning first="69" second="113" amount="-1"/><kerning first="69" second="116" amount="-2"/><kerning first="69" second="118" amount="-1"/><kerning first="69" second="120" amount="-3"/><kerning first="69" second="121" amount="-1"/><kerning first="70" second="97" amount="-2"/><kerning first="70" second="99" amount="-1"/><kerning first="70" second="100" amount="-1"/><kerning first="70" second="101" amount="-1"/><kerning first="70" second="103" amount="-2"/><kerning first="70" second="109" amount="-1"/><kerning first="70" second="110" amount="-1"/><kerning first="70" second="111" amount="-1"/><kerning first="70" second="112" amount="-1"/><kerning first="70" second="113" amount="-1"/><kerning first="70" second="114" amount="-1"/><kerning first="70" second="115" amount="-2"/><kerning first="70" second="116" amount="-1"/><kerning first="70" second="117" amount="-1"/><kerning first="70" second="118" amount="-2"/><kerning first="70" second="119" amount="-2"/><kerning first="70" second="120" amount="-2"/><kerning first="70" second="121" amount="-2"/><kerning first="70" second="122" amount="-3"/><kerning first="70" second="65" amount="-2"/><kerning first="70" second="67" amount="-1"/><kerning first="70" second="71" amount="-1"/><kerning first="70" second="74" amount="-8"/><kerning first="70" second="79" amount="-1"/><kerning first="70" second="81" amount="-1"/><kerning first="70" second="83" amount="-2"/><kerning first="70" second="88" amount="-2"/><kerning first="70" second="89" amount="-1"/><kerning first="70" second="90" amount="-2"/><kerning first="70" second="46" amount="-5"/><kerning first="70" second="44" amount="-5"/><kerning first="70" second="47" amount="-3"/><kerning first="71" second="65" amount="-1"/><kerning first="71" second="84" amount="-1"/><kerning first="71" second="86" amount="-1"/><kerning first="71" second="87" amount="-1"/><kerning first="71" second="42" amount="-1"/><kerning first="74" second="74" amount="-2"/><kerning first="74" second="46" amount="-2"/><kerning first="74" second="44" amount="-2"/><kerning first="75" second="99" amount="-1"/><kerning first="75" second="100" amount="-1"/><kerning first="75" second="101" amount="-1"/><kerning first="75" second="106" amount="-1"/><kerning first="75" second="111" amount="-1"/><kerning first="75" second="113" amount="-1"/><kerning first="75" second="116" amount="-3"/><kerning first="75" second="117" amount="-1"/><kerning first="75" second="118" amount="-2"/><kerning first="75" second="119" amount="-2"/><kerning first="75" second="120" amount="-2"/><kerning first="75" second="121" amount="-2"/><kerning first="75" second="122" amount="-1"/><kerning first="75" second="65" amount="-1"/><kerning first="75" second="67" amount="-2"/><kerning first="75" second="71" amount="-2"/><kerning first="75" second="79" amount="-2"/><kerning first="75" second="81" amount="-2"/><kerning first="75" second="83" amount="-1"/><kerning first="75" second="84" amount="-2"/><kerning first="75" second="85" amount="-1"/><kerning first="75" second="86" amount="-1"/><kerning first="75" second="87" amount="-1"/><kerning first="75" second="89" amount="-2"/><kerning first="75" second="63" amount="-1"/><kerning first="75" second="42" amount="-2"/><kerning first="75" second="45" amount="-3"/><kerning first="75" second="34" amount="-2"/><kerning first="75" second="39" amount="-2"/><kerning first="76" second="99" amount="-1"/><kerning first="76" second="100" amount="-1"/><kerning first="76" second="101" amount="-1"/><kerning first="76" second="102" amount="-1"/><kerning first="76" second="103" amount="-1"/><kerning first="76" second="111" amount="-1"/><kerning first="76" second="113" amount="-1"/><kerning first="76" second="116" amount="-2"/><kerning first="76" second="117" amount="-1"/><kerning first="76" second="118" amount="-3"/><kerning first="76" second="119" amount="-2"/><kerning first="76" second="121" amount="-3"/><kerning first="76" second="67" amount="-2"/><kerning first="76" second="71" amount="-2"/><kerning first="76" second="79" amount="-2"/><kerning first="76" second="81" amount="-2"/><kerning first="76" second="83" amount="-2"/><kerning first="76" second="84" amount="-7"/><kerning first="76" second="85" amount="-2"/><kerning first="76" second="86" amount="-5"/><kerning first="76" second="87" amount="-3"/><kerning first="76" second="89" amount="-5"/><kerning first="76" second="63" amount="-3"/><kerning first="76" second="42" amount="-10"/><kerning first="76" second="45" amount="-2"/><kerning first="76" second="34" amount="-8"/><kerning first="76" second="39" amount="-8"/><kerning first="79" second="120" amount="-1"/><kerning first="79" second="122" amount="-1"/><kerning first="79" second="65" amount="-1"/><kerning first="79" second="74" amount="-3"/><kerning first="79" second="84" amount="-2"/><kerning first="79" second="86" amount="-1"/><kerning first="79" second="88" amount="-2"/><kerning first="79" second="89" amount="-1"/><kerning first="79" second="90" amount="-1"/><kerning first="79" second="42" amount="-1"/><kerning first="79" second="47" amount="-1"/><kerning first="80" second="97" amount="-2"/><kerning first="80" second="99" amount="-1"/><kerning first="80" second="100" amount="-1"/><kerning first="80" second="101" amount="-1"/><kerning first="80" second="103" amount="-1"/><kerning first="80" second="111" amount="-1"/><kerning first="80" second="113" amount="-1"/><kerning first="80" second="115" amount="-1"/><kerning first="80" second="120" amount="-1"/><kerning first="80" second="122" amount="-1"/><kerning first="80" second="65" amount="-3"/><kerning first="80" second="74" amount="-8"/><kerning first="80" second="83" amount="-1"/><kerning first="80" second="84" amount="-1"/><kerning first="80" second="88" amount="-2"/><kerning first="80" second="89" amount="-1"/><kerning first="80" second="90" amount="-3"/><kerning first="80" second="45" amount="-1"/><kerning first="80" second="46" amount="-8"/><kerning first="80" second="44" amount="-8"/><kerning first="80" second="47" amount="-3"/><kerning first="81" second="120" amount="-1"/><kerning first="81" second="122" amount="-1"/><kerning first="81" second="65" amount="-1"/><kerning first="81" second="74" amount="-3"/><kerning first="81" second="84" amount="-2"/><kerning first="81" second="86" amount="-1"/><kerning first="81" second="88" amount="-2"/><kerning first="81" second="89" amount="-1"/><kerning first="81" second="90" amount="-1"/><kerning first="81" second="42" amount="-1"/><kerning first="81" second="47" amount="-1"/><kerning first="82" second="97" amount="-1"/><kerning first="82" second="99" amount="-1"/><kerning first="82" second="100" amount="-1"/><kerning first="82" second="101" amount="-1"/><kerning first="82" second="103" amount="-1"/><kerning first="82" second="111" amount="-1"/><kerning first="82" second="113" amount="-1"/><kerning first="82" second="120" amount="-1"/><kerning first="82" second="122" amount="-1"/><kerning first="82" second="65" amount="-1"/><kerning first="82" second="74" amount="-1"/><kerning first="82" second="83" amount="-1"/><kerning first="82" second="84" amount="-1"/><kerning first="82" second="86" amount="-1"/><kerning first="82" second="88" amount="-1"/><kerning first="82" second="89" amount="-1"/><kerning first="82" second="90" amount="-1"/><kerning first="82" second="42" amount="-1"/><kerning first="82" second="45" amount="-2"/><kerning first="83" second="116" amount="-2"/><kerning first="83" second="122" amount="-1"/><kerning first="83" second="74" amount="-1"/><kerning first="83" second="83" amount="-1"/><kerning first="83" second="84" amount="-1"/><kerning first="83" second="89" amount="-1"/><kerning first="83" second="42" amount="-1"/><kerning first="83" second="45" amount="1"/><kerning first="84" second="97" amount="-4"/><kerning first="84" second="99" amount="-4"/><kerning first="84" second="100" amount="-4"/><kerning first="84" second="101" amount="-4"/><kerning first="84" second="102" amount="-1"/><kerning first="84" second="103" amount="-4"/><kerning first="84" second="109" amount="-2"/><kerning first="84" second="110" amount="-2"/><kerning first="84" second="111" amount="-4"/><kerning first="84" second="112" amount="-2"/><kerning first="84" second="113" amount="-4"/><kerning first="84" second="114" amount="-2"/><kerning first="84" second="115" amount="-3"/><kerning first="84" second="116" amount="-1"/><kerning first="84" second="117" amount="-2"/><kerning first="84" second="118" amount="-1"/><kerning first="84" second="119" amount="-1"/><kerning first="84" second="120" amount="-1"/><kerning first="84" second="121" amount="-1"/><kerning first="84" second="122" amount="-4"/><kerning first="84" second="65" amount="-2"/><kerning first="84" second="67" amount="-2"/><kerning first="84" second="71" amount="-2"/><kerning first="84" second="74" amount="-7"/><kerning first="84" second="79" amount="-2"/><kerning first="84" second="81" amount="-2"/><kerning first="84" second="83" amount="-1"/><kerning first="84" second="88" amount="-1"/><kerning first="84" second="89" amount="-1"/><kerning first="84" second="90" amount="-2"/><kerning first="84" second="59" amount="-1"/><kerning first="84" second="58" amount="-1"/><kerning first="84" second="45" amount="-4"/><kerning first="84" second="46" amount="-7"/><kerning first="84" second="44" amount="-7"/><kerning first="84" second="47" amount="-4"/><kerning first="85" second="97" amount="-1"/><kerning first="85" second="103" amount="-1"/><kerning first="85" second="115" amount="-1"/><kerning first="85" second="120" amount="-1"/><kerning first="85" second="65" amount="-1"/><kerning first="85" second="74" amount="-3"/><kerning first="85" second="83" amount="-1"/><kerning first="85" second="86" amount="-1"/><kerning first="85" second="88" amount="-1"/><kerning first="85" second="89" amount="-1"/><kerning first="85" second="46" amount="-2"/><kerning first="85" second="44" amount="-2"/><kerning first="85" second="47" amount="-1"/><kerning first="86" second="97" amount="-2"/><kerning first="86" second="99" amount="-1"/><kerning first="86" second="100" amount="-1"/><kerning first="86" second="101" amount="-1"/><kerning first="86" second="103" amount="-1"/><kerning first="86" second="109" amount="-1"/><kerning first="86" second="110" amount="-1"/><kerning first="86" second="111" amount="-1"/><kerning first="86" second="112" amount="-1"/><kerning first="86" second="113" amount="-1"/><kerning first="86" second="114" amount="-1"/><kerning first="86" second="115" amount="-1"/><kerning first="86" second="117" amount="-2"/><kerning first="86" second="118" amount="-1"/><kerning first="86" second="119" amount="-1"/><kerning first="86" second="120" amount="-1"/><kerning first="86" second="121" amount="-1"/><kerning first="86" second="122" amount="-1"/><kerning first="86" second="65" amount="-1"/><kerning first="86" second="67" amount="-1"/><kerning first="86" second="71" amount="-1"/><kerning first="86" second="74" amount="-4"/><kerning first="86" second="79" amount="-1"/><kerning first="86" second="81" amount="-1"/><kerning first="86" second="83" amount="-1"/><kerning first="86" second="85" amount="-1"/><kerning first="86" second="86" amount="1"/><kerning first="86" second="90" amount="-1"/><kerning first="86" second="45" amount="-1"/><kerning first="86" second="46" amount="-4"/><kerning first="86" second="44" amount="-4"/><kerning first="86" second="47" amount="-1"/><kerning first="87" second="97" amount="-1"/><kerning first="87" second="122" amount="-1"/><kerning first="87" second="74" amount="-3"/><kerning first="87" second="45" amount="-1"/><kerning first="87" second="46" amount="-2"/><kerning first="87" second="44" amount="-2"/><kerning first="88" second="97" amount="-1"/><kerning first="88" second="99" amount="-1"/><kerning first="88" second="100" amount="-1"/><kerning first="88" second="101" amount="-1"/><kerning first="88" second="102" amount="-2"/><kerning first="88" second="111" amount="-1"/><kerning first="88" second="113" amount="-1"/><kerning first="88" second="116" amount="-2"/><kerning first="88" second="117" amount="-1"/><kerning first="88" second="118" amount="-2"/><kerning first="88" second="119" amount="-1"/><kerning first="88" second="120" amount="-1"/><kerning first="88" second="121" amount="-2"/><kerning first="88" second="122" amount="-1"/><kerning first="88" second="67" amount="-2"/><kerning first="88" second="71" amount="-2"/><kerning first="88" second="74" amount="-1"/><kerning first="88" second="79" amount="-2"/><kerning first="88" second="81" amount="-2"/><kerning first="88" second="83" amount="-1"/><kerning first="88" second="84" amount="-1"/><kerning first="88" second="85" amount="-1"/><kerning first="88" second="42" amount="-1"/><kerning first="88" second="45" amount="-2"/><kerning first="88" second="34" amount="-1"/><kerning first="88" second="39" amount="-1"/><kerning first="89" second="97" amount="-4"/><kerning first="89" second="99" amount="-3"/><kerning first="89" second="100" amount="-3"/><kerning first="89" second="101" amount="-3"/><kerning first="89" second="103" amount="-3"/><kerning first="89" second="109" amount="-2"/><kerning first="89" second="110" amount="-2"/><kerning first="89" second="111" amount="-3"/><kerning first="89" second="112" amount="-2"/><kerning first="89" second="113" amount="-3"/><kerning first="89" second="114" amount="-2"/><kerning first="89" second="115" amount="-3"/><kerning first="89" second="116" amount="-3"/><kerning first="89" second="117" amount="-2"/><kerning first="89" second="118" amount="-1"/><kerning first="89" second="119" amount="-2"/><kerning first="89" second="120" amount="-2"/><kerning first="89" second="121" amount="-1"/><kerning first="89" second="122" amount="-3"/><kerning first="89" second="65" amount="-1"/><kerning first="89" second="67" amount="-1"/><kerning first="89" second="71" amount="-1"/><kerning first="89" second="74" amount="-6"/><kerning first="89" second="79" amount="-1"/><kerning first="89" second="81" amount="-1"/><kerning first="89" second="83" amount="-1"/><kerning first="89" second="84" amount="-1"/><kerning first="89" second="85" amount="-1"/><kerning first="89" second="90" amount="-1"/><kerning first="89" second="59" amount="-2"/><kerning first="89" second="58" amount="-2"/><kerning first="89" second="63" amount="-1"/><kerning first="89" second="45" amount="-4"/><kerning first="89" second="46" amount="-7"/><kerning first="89" second="44" amount="-7"/><kerning first="89" second="47" amount="-3"/><kerning first="90" second="97" amount="-1"/><kerning first="90" second="99" amount="-1"/><kerning first="90" second="100" amount="-1"/><kerning first="90" second="101" amount="-1"/><kerning first="90" second="102" amount="-1"/><kerning first="90" second="103" amount="-1"/><kerning first="90" second="111" amount="-1"/><kerning first="90" second="113" amount="-1"/><kerning first="90" second="116" amount="-1"/><kerning first="90" second="117" amount="-1"/><kerning first="90" second="118" amount="-1"/><kerning first="90" second="119" amount="-1"/><kerning first="90" second="120" amount="-2"/><kerning first="90" second="121" amount="-1"/><kerning first="90" second="67" amount="-1"/><kerning first="90" second="71" amount="-1"/><kerning first="90" second="74" amount="-1"/><kerning first="90" second="79" amount="-1"/><kerning first="90" second="81" amount="-1"/><kerning first="90" second="83" amount="-2"/><kerning first="90" second="85" amount="-1"/><kerning first="90" second="89" amount="-1"/><kerning first="90" second="90" amount="-1"/><kerning first="90" second="45" amount="-1"/><kerning first="59" second="89" amount="-2"/><kerning first="59" second="42" amount="-1"/><kerning first="58" second="89" amount="-2"/><kerning first="58" second="42" amount="-1"/><kerning first="40" second="106" amount="5"/><kerning first="40" second="74" amount="-1"/><kerning first="45" second="116" amount="-1"/><kerning first="45" second="118" amount="-1"/><kerning first="45" second="120" amount="-1"/><kerning first="45" second="74" amount="-1"/><kerning first="45" second="83" amount="-2"/><kerning first="45" second="84" amount="-3"/><kerning first="45" second="86" amount="-1"/><kerning first="45" second="87" amount="-1"/><kerning first="45" second="88" amount="-2"/><kerning first="45" second="89" amount="-4"/><kerning first="45" second="90" amount="-1"/><kerning first="46" second="99" amount="-1"/><kerning first="46" second="100" amount="-1"/><kerning first="46" second="101" amount="-1"/><kerning first="46" second="106" amount="2"/><kerning first="46" second="111" amount="-1"/><kerning first="46" second="113" amount="-1"/><kerning first="46" second="116" amount="-4"/><kerning first="46" second="118" amount="-4"/><kerning first="46" second="119" amount="-2"/><kerning first="46" second="121" amount="-1"/><kerning first="46" second="84" amount="-6"/><kerning first="46" second="85" amount="-2"/><kerning first="46" second="86" amount="-4"/><kerning first="46" second="87" amount="-2"/><kerning first="46" second="89" amount="-7"/><kerning first="46" second="42" amount="-10"/><kerning first="46" second="34" amount="-8"/><kerning first="46" second="39" amount="-8"/><kerning first="44" second="99" amount="-1"/><kerning first="44" second="100" amount="-1"/><kerning first="44" second="101" amount="-1"/><kerning first="44" second="106" amount="2"/><kerning first="44" second="111" amount="-1"/><kerning first="44" second="113" amount="-1"/><kerning first="44" second="116" amount="-4"/><kerning first="44" second="118" amount="-4"/><kerning first="44" second="119" amount="-2"/><kerning first="44" second="121" amount="-1"/><kerning first="44" second="84" amount="-6"/><kerning first="44" second="85" amount="-2"/><kerning first="44" second="86" amount="-4"/><kerning first="44" second="87" amount="-2"/><kerning first="44" second="89" amount="-7"/><kerning first="44" second="42" amount="-10"/><kerning first="44" second="34" amount="-8"/><kerning first="44" second="39" amount="-8"/><kerning first="47" second="97" amount="-2"/><kerning first="47" second="99" amount="-1"/><kerning first="47" second="100" amount="-1"/><kerning first="47" second="101" amount="-1"/><kerning first="47" second="103" amount="-1"/><kerning first="47" second="111" amount="-1"/><kerning first="47" second="113" amount="-1"/><kerning first="47" second="117" amount="-1"/><kerning first="47" second="65" amount="-2"/><kerning first="47" second="67" amount="-1"/><kerning first="47" second="71" amount="-1"/><kerning first="47" second="74" amount="-5"/><kerning first="47" second="79" amount="-1"/><kerning first="47" second="81" amount="-1"/><kerning first="34" second="99" amount="-1"/><kerning first="34" second="100" amount="-1"/><kerning first="34" second="101" amount="-1"/><kerning first="34" second="111" amount="-1"/><kerning first="34" second="113" amount="-1"/><kerning first="34" second="115" amount="-1"/><kerning first="34" second="65" amount="-4"/><kerning first="34" second="74" amount="-7"/><kerning first="34" second="83" amount="-1"/><kerning first="34" second="88" amount="-1"/><kerning first="34" second="46" amount="-8"/><kerning first="34" second="44" amount="-8"/><kerning first="39" second="99" amount="-1"/><kerning first="39" second="100" amount="-1"/><kerning first="39" second="101" amount="-1"/><kerning first="39" second="111" amount="-1"/><kerning first="39" second="113" amount="-1"/><kerning first="39" second="115" amount="-1"/><kerning first="39" second="65" amount="-4"/><kerning first="39" second="74" amount="-7"/><kerning first="39" second="83" amount="-1"/><kerning first="39" second="88" amount="-1"/><kerning first="39" second="46" amount="-8"/><kerning first="39" second="44" amount="-8"/><kerning first="123" second="106" amount="5"/><kerning first="123" second="74" amount="-1"/><kerning first="91" second="106" amount="5"/><kerning first="91" second="74" amount="-1"/></kernings></font>