<?xml version="1.0" encoding="UTF-8"?><font><info face="NotoSansJP-Black" size="50" bold="0" italic="0" charset="" unicode="1" stretchH="100" smooth="1" aa="1" padding="1,1,1,1" spacing="1,1"/><common lineHeight="50" base="58" scaleW="653" scaleH="653" pages="1" packed="0"/><pages><page id="0" file="Noto-Black-Normal.png"/></pages><chars count="230"><char id="32" x="0" y="0" width="0" height="0" xoffset="0" yoffset="0" xadvance="12" page="0" chnl="15"/><!--   --><char id="33" x="629" y="455" width="14" height="41" xoffset="3" yoffset="19" xadvance="20" page="0" chnl="15"/><!-- ! --><char id="34" x="440" y="622" width="26" height="21" xoffset="3" yoffset="18" xadvance="32" page="0" chnl="15"/><!-- " --><char id="35" x="212" y="582" width="30" height="39" xoffset="0" yoffset="20" xadvance="31" page="0" chnl="15"/><!-- # --><char id="36" x="121" y="0" width="27" height="51" xoffset="1" yoffset="14" xadvance="31" page="0" chnl="15"/><!-- $ --><char id="37" x="231" y="498" width="49" height="41" xoffset="0" yoffset="19" xadvance="50" page="0" chnl="15"/><!-- % --><char id="38" x="281" y="498" width="39" height="41" xoffset="0" yoffset="19" xadvance="39" page="0" chnl="15"/><!-- & --><char id="39" x="467" y="622" width="12" height="21" xoffset="3" yoffset="18" xadvance="18" page="0" chnl="15"/><!-- ' --><char id="40" x="28" y="0" width="15" height="54" xoffset="3" yoffset="15" xadvance="20" page="0" chnl="15"/><!-- ( --><char id="41" x="44" y="0" width="15" height="54" xoffset="2" yoffset="15" xadvance="20" page="0" chnl="15"/><!-- ) --><char id="42" x="339" y="622" width="25" height="24" xoffset="1" yoffset="16" xadvance="27" page="0" chnl="15"/><!-- * --><char id="43" x="308" y="622" width="30" height="29" xoffset="0" yoffset="25" xadvance="31" page="0" chnl="15"/><!-- + --><char id="44" x="393" y="622" width="15" height="23" xoffset="1" yoffset="47" xadvance="18" page="0" chnl="15"/><!-- , --><char id="45" x="611" y="152" width="17" height="9" xoffset="1" yoffset="39" xadvance="20" page="0" chnl="15"/><!-- - --><char id="46" x="628" y="347" width="13" height="13" xoffset="2" yoffset="47" xadvance="18" page="0" chnl="15"/><!-- . --><char id="47" x="60" y="0" width="20" height="52" xoffset="-1" yoffset="16" xadvance="20" page="0" chnl="15"/><!-- / --><char id="48" x="481" y="455" width="29" height="41" xoffset="1" yoffset="19" xadvance="31" page="0" chnl="15"/><!-- 0 --><char id="49" x="181" y="541" width="27" height="39" xoffset="2" yoffset="20" xadvance="31" page="0" chnl="15"/><!-- 1 --><char id="50" x="400" y="498" width="28" height="40" xoffset="1" yoffset="19" xadvance="31" page="0" chnl="15"/><!-- 2 --><char id="51" x="511" y="455" width="29" height="41" xoffset="0" yoffset="19" xadvance="31" page="0" chnl="15"/><!-- 3 --><char id="52" x="209" y="541" width="31" height="39" xoffset="0" yoffset="20" xadvance="31" page="0" chnl="15"/><!-- 4 --><char id="53" x="429" y="498" width="29" height="40" xoffset="0" yoffset="20" xadvance="31" page="0" chnl="15"/><!-- 5 --><char id="54" x="541" y="455" width="29" height="41" xoffset="1" yoffset="19" xadvance="31" page="0" chnl="15"/><!-- 6 --><char id="55" x="241" y="541" width="29" height="39" xoffset="1" yoffset="20" xadvance="31" page="0" chnl="15"/><!-- 7 --><char id="56" x="571" y="455" width="28" height="41" xoffset="1" yoffset="19" xadvance="31" page="0" chnl="15"/><!-- 8 --><char id="57" x="600" y="455" width="28" height="41" xoffset="1" yoffset="19" xadvance="31" page="0" chnl="15"/><!-- 9 --><char id="58" x="640" y="362" width="13" height="32" xoffset="2" yoffset="28" xadvance="18" page="0" chnl="15"/><!-- : --><char id="59" x="292" y="455" width="15" height="42" xoffset="1" yoffset="28" xadvance="18" page="0" chnl="15"/><!-- ; --><char id="61" x="409" y="622" width="30" height="22" xoffset="0" yoffset="28" xadvance="31" page="0" chnl="15"/><!-- = --><char id="63" x="628" y="214" width="25" height="42" xoffset="1" yoffset="18" xadvance="27" page="0" chnl="15"/><!-- ? --><char id="64" x="274" y="0" width="49" height="50" xoffset="1" yoffset="19" xadvance="53" page="0" chnl="15"/><!-- @ --><char id="65" x="295" y="541" width="35" height="39" xoffset="-1" yoffset="20" xadvance="33" page="0" chnl="15"/><!-- A --><char id="66" x="331" y="541" width="31" height="39" xoffset="3" yoffset="20" xadvance="35" page="0" chnl="15"/><!-- B --><char id="67" x="94" y="499" width="32" height="41" xoffset="1" yoffset="19" xadvance="34" page="0" chnl="15"/><!-- C --><char id="68" x="363" y="541" width="32" height="39" xoffset="3" yoffset="20" xadvance="37" page="0" chnl="15"/><!-- D --><char id="69" x="396" y="541" width="27" height="39" xoffset="3" yoffset="20" xadvance="32" page="0" chnl="15"/><!-- E --><char id="70" x="424" y="541" width="27" height="39" xoffset="3" yoffset="20" xadvance="31" page="0" chnl="15"/><!-- F --><char id="71" x="127" y="499" width="34" height="41" xoffset="1" yoffset="19" xadvance="37" page="0" chnl="15"/><!-- G --><char id="72" x="452" y="541" width="33" height="39" xoffset="3" yoffset="20" xadvance="39" page="0" chnl="15"/><!-- H --><char id="73" x="459" y="498" width="12" height="40" xoffset="3" yoffset="19" xadvance="18" page="0" chnl="15"/><!-- I --><char id="74" x="472" y="498" width="27" height="40" xoffset="0" yoffset="20" xadvance="30" page="0" chnl="15"/><!-- J --><char id="75" x="486" y="541" width="34" height="39" xoffset="3" yoffset="20" xadvance="36" page="0" chnl="15"/><!-- K --><char id="76" x="521" y="541" width="26" height="39" xoffset="3" yoffset="20" xadvance="30" page="0" chnl="15"/><!-- L --><char id="77" x="548" y="541" width="38" height="39" xoffset="3" yoffset="20" xadvance="44" page="0" chnl="15"/><!-- M --><char id="78" x="587" y="541" width="32" height="39" xoffset="3" yoffset="20" xadvance="39" page="0" chnl="15"/><!-- N --><char id="79" x="162" y="499" width="37" height="41" xoffset="1" yoffset="19" xadvance="40" page="0" chnl="15"/><!-- O --><char id="80" x="0" y="582" width="30" height="39" xoffset="3" yoffset="20" xadvance="35" page="0" chnl="15"/><!-- P --><char id="81" x="81" y="0" width="39" height="51" xoffset="1" yoffset="19" xadvance="40" page="0" chnl="15"/><!-- Q --><char id="82" x="31" y="582" width="32" height="39" xoffset="3" yoffset="20" xadvance="36" page="0" chnl="15"/><!-- R --><char id="83" x="200" y="499" width="30" height="41" xoffset="1" yoffset="19" xadvance="32" page="0" chnl="15"/><!-- S --><char id="84" x="64" y="582" width="32" height="39" xoffset="0" yoffset="20" xadvance="32" page="0" chnl="15"/><!-- T --><char id="85" x="500" y="498" width="33" height="40" xoffset="3" yoffset="20" xadvance="39" page="0" chnl="15"/><!-- U --><char id="86" x="617" y="409" width="36" height="39" xoffset="-2" yoffset="20" xadvance="33" page="0" chnl="15"/><!-- V --><char id="87" x="97" y="582" width="47" height="39" xoffset="0" yoffset="20" xadvance="47" page="0" chnl="15"/><!-- W --><char id="88" x="620" y="541" width="33" height="39" xoffset="0" yoffset="20" xadvance="33" page="0" chnl="15"/><!-- X --><char id="89" x="145" y="582" width="34" height="39" xoffset="-2" yoffset="20" xadvance="31" page="0" chnl="15"/><!-- Y --><char id="90" x="180" y="582" width="31" height="39" xoffset="0" yoffset="20" xadvance="31" page="0" chnl="15"/><!-- Z --><char id="91" x="189" y="0" width="16" height="51" xoffset="3" yoffset="17" xadvance="20" page="0" chnl="15"/><!-- [ --><char id="93" x="206" y="0" width="16" height="51" xoffset="1" yoffset="17" xadvance="20" page="0" chnl="15"/><!-- ] --><char id="94" x="365" y="622" width="27" height="24" xoffset="2" yoffset="19" xadvance="31" page="0" chnl="15"/><!-- ^ --><char id="95" x="480" y="635" width="30" height="7" xoffset="-1" yoffset="60" xadvance="29" page="0" chnl="15"/><!-- _ --><char id="97" x="465" y="582" width="28" height="32" xoffset="1" yoffset="28" xadvance="31" page="0" chnl="15"/><!-- a --><char id="98" x="374" y="409" width="30" height="43" xoffset="2" yoffset="17" xadvance="33" page="0" chnl="15"/><!-- b --><char id="99" x="494" y="582" width="26" height="32" xoffset="1" yoffset="28" xadvance="27" page="0" chnl="15"/><!-- c --><char id="100" x="405" y="409" width="30" height="43" xoffset="1" yoffset="17" xadvance="33" page="0" chnl="15"/><!-- d --><char id="101" x="521" y="582" width="28" height="32" xoffset="1" yoffset="28" xadvance="30" page="0" chnl="15"/><!-- e --><char id="102" x="629" y="0" width="23" height="43" xoffset="0" yoffset="16" xadvance="20" page="0" chnl="15"/><!-- f --><char id="103" x="436" y="409" width="30" height="43" xoffset="1" yoffset="28" xadvance="31" page="0" chnl="15"/><!-- g --><char id="104" x="231" y="455" width="29" height="42" xoffset="2" yoffset="17" xadvance="33" page="0" chnl="15"/><!-- h --><char id="105" x="182" y="409" width="12" height="44" xoffset="2" yoffset="15" xadvance="17" page="0" chnl="15"/><!-- i --><char id="106" x="9" y="0" width="18" height="55" xoffset="-4" yoffset="15" xadvance="17" page="0" chnl="15"/><!-- j --><char id="107" x="261" y="455" width="30" height="42" xoffset="2" yoffset="17" xadvance="32" page="0" chnl="15"/><!-- k --><char id="108" x="467" y="409" width="15" height="43" xoffset="2" yoffset="17" xadvance="17" page="0" chnl="15"/><!-- l --><char id="109" x="0" y="622" width="45" height="31" xoffset="2" yoffset="28" xadvance="50" page="0" chnl="15"/><!-- m --><char id="110" x="46" y="622" width="29" height="31" xoffset="2" yoffset="28" xadvance="33" page="0" chnl="15"/><!-- n --><char id="111" x="550" y="582" width="30" height="32" xoffset="1" yoffset="28" xadvance="32" page="0" chnl="15"/><!-- o --><char id="112" x="0" y="499" width="30" height="41" xoffset="2" yoffset="28" xadvance="33" page="0" chnl="15"/><!-- p --><char id="113" x="31" y="499" width="30" height="41" xoffset="1" yoffset="28" xadvance="33" page="0" chnl="15"/><!-- q --><char id="114" x="76" y="622" width="23" height="31" xoffset="2" yoffset="28" xadvance="24" page="0" chnl="15"/><!-- r --><char id="115" x="628" y="314" width="25" height="32" xoffset="0" yoffset="28" xadvance="26" page="0" chnl="15"/><!-- s --><char id="116" x="271" y="541" width="23" height="39" xoffset="-1" yoffset="21" xadvance="23" page="0" chnl="15"/><!-- t --><char id="117" x="100" y="622" width="29" height="31" xoffset="2" yoffset="29" xadvance="33" page="0" chnl="15"/><!-- u --><char id="118" x="171" y="622" width="32" height="30" xoffset="-1" yoffset="29" xadvance="31" page="0" chnl="15"/><!-- v --><char id="119" x="204" y="622" width="45" height="30" xoffset="0" yoffset="29" xadvance="45" page="0" chnl="15"/><!-- w --><char id="120" x="250" y="622" width="30" height="30" xoffset="0" yoffset="29" xadvance="30" page="0" chnl="15"/><!-- x --><char id="121" x="62" y="499" width="31" height="41" xoffset="0" yoffset="29" xadvance="31" page="0" chnl="15"/><!-- y --><char id="122" x="281" y="622" width="26" height="30" xoffset="1" yoffset="29" xadvance="27" page="0" chnl="15"/><!-- z --><char id="123" x="149" y="0" width="19" height="51" xoffset="0" yoffset="17" xadvance="20" page="0" chnl="15"/><!-- { --><char id="124" x="0" y="0" width="8" height="60" xoffset="4" yoffset="14" xadvance="16" page="0" chnl="15"/><!-- | --><char id="125" x="169" y="0" width="19" height="51" xoffset="1" yoffset="17" xadvance="20" page="0" chnl="15"/><!-- } --><char id="8470" x="534" y="498" width="55" height="40" xoffset="1" yoffset="20" xadvance="56" page="0" chnl="15"/><!-- № --><char id="12289" x="634" y="265" width="19" height="19" xoffset="1" yoffset="44" xadvance="50" page="0" chnl="15"/><!-- 、 --><char id="12290" x="634" y="285" width="19" height="18" xoffset="0" yoffset="45" xadvance="50" page="0" chnl="15"/><!-- 。 --><char id="12300" x="423" y="582" width="20" height="34" xoffset="30" yoffset="14" xadvance="50" page="0" chnl="15"/><!-- 「 --><char id="12301" x="444" y="582" width="20" height="34" xoffset="0" yoffset="30" xadvance="50" page="0" chnl="15"/><!-- 」 --><char id="12354" x="122" y="314" width="45" height="47" xoffset="3" yoffset="16" xadvance="50" page="0" chnl="15"/><!-- あ --><char id="12356" x="243" y="582" width="46" height="39" xoffset="3" yoffset="21" xadvance="50" page="0" chnl="15"/><!-- い --><char id="12360" x="236" y="362" width="44" height="46" xoffset="4" yoffset="16" xadvance="50" page="0" chnl="15"/><!-- え --><char id="12363" x="95" y="362" width="50" height="46" xoffset="1" yoffset="16" xadvance="50" page="0" chnl="15"/><!-- か --><char id="12364" x="156" y="214" width="49" height="49" xoffset="1" yoffset="13" xadvance="50" page="0" chnl="15"/><!-- が --><char id="12365" x="168" y="314" width="39" height="47" xoffset="6" yoffset="16" xadvance="50" page="0" chnl="15"/><!-- き --><char id="12367" x="357" y="214" width="32" height="49" xoffset="7" yoffset="15" xadvance="50" page="0" chnl="15"/><!-- く --><char id="12368" x="614" y="61" width="39" height="49" xoffset="6" yoffset="15" xadvance="50" page="0" chnl="15"/><!-- ぐ --><char id="12371" x="397" y="455" width="38" height="42" xoffset="6" yoffset="20" xadvance="50" page="0" chnl="15"/><!-- こ --><char id="12373" x="195" y="362" width="40" height="46" xoffset="5" yoffset="16" xadvance="50" page="0" chnl="15"/><!-- さ --><char id="12375" x="501" y="314" width="39" height="46" xoffset="8" yoffset="17" xadvance="50" page="0" chnl="15"/><!-- し --><char id="12376" x="281" y="362" width="39" height="46" xoffset="8" yoffset="17" xadvance="50" page="0" chnl="15"/><!-- じ --><char id="12377" x="251" y="265" width="45" height="47" xoffset="3" yoffset="16" xadvance="50" page="0" chnl="15"/><!-- す --><char id="12379" x="325" y="409" width="48" height="44" xoffset="0" yoffset="17" xadvance="50" page="0" chnl="15"/><!-- せ --><char id="12383" x="49" y="362" width="45" height="46" xoffset="3" yoffset="16" xadvance="50" page="0" chnl="15"/><!-- た --><char id="12384" x="259" y="314" width="49" height="47" xoffset="1" yoffset="16" xadvance="50" page="0" chnl="15"/><!-- だ --><char id="12388" x="331" y="582" width="47" height="37" xoffset="1" yoffset="23" xadvance="50" page="0" chnl="15"/><!-- つ --><char id="12390" x="47" y="455" width="44" height="43" xoffset="2" yoffset="19" xadvance="50" page="0" chnl="15"/><!-- て --><char id="12391" x="0" y="455" width="46" height="43" xoffset="2" yoffset="19" xadvance="50" page="0" chnl="15"/><!-- で --><char id="12392" x="144" y="409" width="37" height="45" xoffset="7" yoffset="17" xadvance="50" page="0" chnl="15"/><!-- と --><char id="12394" x="450" y="265" width="48" height="47" xoffset="1" yoffset="16" xadvance="50" page="0" chnl="15"/><!-- な --><char id="12395" x="186" y="455" width="44" height="43" xoffset="3" yoffset="18" xadvance="50" page="0" chnl="15"/><!-- に --><char id="12398" x="92" y="455" width="47" height="43" xoffset="1" yoffset="19" xadvance="50" page="0" chnl="15"/><!-- の --><char id="12399" x="49" y="409" width="47" height="45" xoffset="3" yoffset="17" xadvance="50" page="0" chnl="15"/><!-- は --><char id="12403" x="307" y="214" width="49" height="49" xoffset="1" yoffset="14" xadvance="50" page="0" chnl="15"/><!-- び --><char id="12409" x="321" y="498" width="49" height="41" xoffset="0" yoffset="19" xadvance="50" page="0" chnl="15"/><!-- べ --><char id="12414" x="549" y="265" width="39" height="47" xoffset="6" yoffset="16" xadvance="50" page="0" chnl="15"/><!-- ま --><char id="12415" x="0" y="409" width="48" height="45" xoffset="1" yoffset="18" xadvance="50" page="0" chnl="15"/><!-- み --><char id="12425" x="44" y="314" width="40" height="47" xoffset="6" yoffset="16" xadvance="50" page="0" chnl="15"/><!-- ら --><char id="12426" x="85" y="314" width="36" height="47" xoffset="7" yoffset="16" xadvance="50" page="0" chnl="15"/><!-- り --><char id="12427" x="281" y="409" width="43" height="44" xoffset="3" yoffset="18" xadvance="50" page="0" chnl="15"/><!-- る --><char id="12428" x="451" y="314" width="49" height="46" xoffset="1" yoffset="16" xadvance="50" page="0" chnl="15"/><!-- れ --><char id="12434" x="405" y="314" width="45" height="46" xoffset="2" yoffset="16" xadvance="50" page="0" chnl="15"/><!-- を --><char id="12435" x="321" y="362" width="48" height="46" xoffset="1" yoffset="16" xadvance="50" page="0" chnl="15"/><!-- ん --><char id="12450" x="140" y="455" width="45" height="43" xoffset="4" yoffset="19" xadvance="50" page="0" chnl="15"/><!-- ア --><char id="12451" x="50" y="541" width="39" height="40" xoffset="4" yoffset="24" xadvance="50" page="0" chnl="15"/><!-- ィ --><char id="12452" x="309" y="314" width="45" height="46" xoffset="1" yoffset="16" xadvance="50" page="0" chnl="15"/><!-- イ --><char id="12461" x="589" y="265" width="44" height="47" xoffset="3" yoffset="16" xadvance="50" page="0" chnl="15"/><!-- キ --><char id="12463" x="437" y="214" width="45" height="48" xoffset="2" yoffset="15" xadvance="50" page="0" chnl="15"/><!-- ク --><char id="12464" x="223" y="0" width="50" height="51" xoffset="0" yoffset="13" xadvance="50" page="0" chnl="15"/><!-- グ --><char id="12465" x="146" y="362" width="48" height="46" xoffset="0" yoffset="16" xadvance="50" page="0" chnl="15"/><!-- ケ --><char id="12467" x="590" y="498" width="41" height="40" xoffset="5" yoffset="21" xadvance="50" page="0" chnl="15"/><!-- コ --><char id="12471" x="545" y="362" width="46" height="45" xoffset="2" yoffset="17" xadvance="50" page="0" chnl="15"/><!-- シ --><char id="12473" x="570" y="409" width="46" height="43" xoffset="2" yoffset="19" xadvance="50" page="0" chnl="15"/><!-- ス --><char id="12475" x="97" y="409" width="46" height="45" xoffset="1" yoffset="17" xadvance="50" page="0" chnl="15"/><!-- セ --><char id="12479" x="390" y="214" width="46" height="48" xoffset="1" yoffset="15" xadvance="50" page="0" chnl="15"/><!-- タ --><char id="12481" x="498" y="362" width="46" height="45" xoffset="2" yoffset="17" xadvance="50" page="0" chnl="15"/><!-- チ --><char id="12483" x="290" y="582" width="40" height="37" xoffset="6" yoffset="27" xadvance="50" page="0" chnl="15"/><!-- ッ --><char id="12486" x="451" y="362" width="46" height="45" xoffset="2" yoffset="18" xadvance="50" page="0" chnl="15"/><!-- テ --><char id="12488" x="418" y="362" width="32" height="45" xoffset="13" yoffset="17" xadvance="50" page="0" chnl="15"/><!-- ト --><char id="12489" x="541" y="314" width="35" height="46" xoffset="12" yoffset="16" xadvance="50" page="0" chnl="15"/><!-- ド --><char id="12491" x="379" y="582" width="43" height="36" xoffset="3" yoffset="22" xadvance="50" page="0" chnl="15"/><!-- ニ --><char id="12493" x="355" y="314" width="49" height="46" xoffset="1" yoffset="16" xadvance="50" page="0" chnl="15"/><!-- ネ --><char id="12501" x="355" y="455" width="41" height="42" xoffset="5" yoffset="20" xadvance="50" page="0" chnl="15"/><!-- フ --><char id="12502" x="259" y="214" width="47" height="49" xoffset="3" yoffset="13" xadvance="50" page="0" chnl="15"/><!-- ブ --><char id="12503" x="580" y="214" width="47" height="48" xoffset="3" yoffset="14" xadvance="50" page="0" chnl="15"/><!-- プ --><char id="12505" x="0" y="541" width="49" height="40" xoffset="0" yoffset="19" xadvance="50" page="0" chnl="15"/><!-- ベ --><char id="12506" x="90" y="541" width="49" height="40" xoffset="0" yoffset="19" xadvance="50" page="0" chnl="15"/><!-- ペ --><char id="12508" x="399" y="265" width="50" height="47" xoffset="0" yoffset="15" xadvance="50" page="0" chnl="15"/><!-- ボ --><char id="12510" x="308" y="455" width="46" height="42" xoffset="3" yoffset="21" xadvance="50" page="0" chnl="15"/><!-- マ --><char id="12512" x="592" y="362" width="47" height="45" xoffset="2" yoffset="17" xadvance="50" page="0" chnl="15"/><!-- ム --><char id="12515" x="140" y="541" width="40" height="40" xoffset="5" yoffset="25" xadvance="50" page="0" chnl="15"/><!-- ャ --><char id="12517" x="130" y="622" width="40" height="31" xoffset="5" yoffset="30" xadvance="50" page="0" chnl="15"/><!-- ュ --><char id="12522" x="246" y="409" width="34" height="44" xoffset="8" yoffset="18" xadvance="50" page="0" chnl="15"/><!-- リ --><char id="12523" x="195" y="409" width="50" height="44" xoffset="0" yoffset="18" xadvance="50" page="0" chnl="15"/><!-- ル --><char id="12524" x="483" y="409" width="40" height="43" xoffset="8" yoffset="19" xadvance="50" page="0" chnl="15"/><!-- レ --><char id="12525" x="611" y="112" width="42" height="39" xoffset="4" yoffset="21" xadvance="50" page="0" chnl="15"/><!-- ロ --><char id="12527" x="436" y="455" width="44" height="42" xoffset="3" yoffset="20" xadvance="50" page="0" chnl="15"/><!-- ワ --><char id="12531" x="524" y="409" width="45" height="43" xoffset="4" yoffset="18" xadvance="50" page="0" chnl="15"/><!-- ン --><char id="12540" x="480" y="622" width="44" height="12" xoffset="3" yoffset="33" xadvance="50" page="0" chnl="15"/><!-- ー --><char id="19968" x="525" y="622" width="50" height="10" xoffset="0" yoffset="34" xadvance="50" page="0" chnl="15"/><!-- 一 --><char id="19978" x="577" y="314" width="50" height="46" xoffset="0" yoffset="15" xadvance="50" page="0" chnl="15"/><!-- 上 --><char id="20006" x="0" y="265" width="48" height="48" xoffset="1" yoffset="14" xadvance="50" page="0" chnl="15"/><!-- 並 --><char id="20013" x="452" y="163" width="45" height="50" xoffset="3" yoffset="14" xadvance="50" page="0" chnl="15"/><!-- 中 --><char id="20102" x="0" y="314" width="43" height="47" xoffset="4" yoffset="17" xadvance="50" page="0" chnl="15"/><!-- 了 --><char id="20170" x="205" y="112" width="50" height="50" xoffset="0" yoffset="14" xadvance="50" page="0" chnl="15"/><!-- 今 --><char id="20351" x="0" y="214" width="52" height="50" xoffset="-1" yoffset="14" xadvance="50" page="0" chnl="15"/><!-- 使 --><char id="20449" x="348" y="163" width="51" height="50" xoffset="-1" yoffset="14" xadvance="50" page="0" chnl="15"/><!-- 信 --><char id="20493" x="254" y="61" width="51" height="50" xoffset="-1" yoffset="14" xadvance="50" page="0" chnl="15"/><!-- 倍 --><char id="20572" x="475" y="0" width="52" height="50" xoffset="-1" yoffset="14" xadvance="50" page="0" chnl="15"/><!-- 停 --><char id="20805" x="598" y="163" width="50" height="50" xoffset="0" yoffset="14" xadvance="50" page="0" chnl="15"/><!-- 充 --><char id="20837" x="297" y="265" width="50" height="47" xoffset="0" yoffset="17" xadvance="50" page="0" chnl="15"/><!-- 入 --><char id="20877" x="208" y="314" width="50" height="47" xoffset="0" yoffset="17" xadvance="50" page="0" chnl="15"/><!-- 再 --><char id="20998" x="206" y="214" width="52" height="49" xoffset="-1" yoffset="15" xadvance="50" page="0" chnl="15"/><!-- 分 --><char id="20999" x="530" y="214" width="49" height="48" xoffset="0" yoffset="16" xadvance="50" page="0" chnl="15"/><!-- 切 --><char id="21033" x="205" y="61" width="48" height="50" xoffset="0" yoffset="14" xadvance="50" page="0" chnl="15"/><!-- 利 --><char id="21066" x="461" y="112" width="48" height="50" xoffset="0" yoffset="14" xadvance="50" page="0" chnl="15"/><!-- 削 --><char id="21069" x="51" y="163" width="48" height="50" xoffset="1" yoffset="14" xadvance="50" page="0" chnl="15"/><!-- 前 --><char id="21213" x="153" y="61" width="51" height="50" xoffset="0" yoffset="14" xadvance="50" page="0" chnl="15"/><!-- 勝 --><char id="21451" x="528" y="0" width="49" height="50" xoffset="0" yoffset="14" xadvance="50" page="0" chnl="15"/><!-- 友 --><char id="21462" x="348" y="265" width="50" height="47" xoffset="0" yoffset="17" xadvance="50" page="0" chnl="15"/><!-- 取 --><char id="21487" x="0" y="362" width="48" height="46" xoffset="1" yoffset="18" xadvance="50" page="0" chnl="15"/><!-- 可 --><char id="21578" x="549" y="163" width="48" height="50" xoffset="1" yoffset="14" xadvance="50" page="0" chnl="15"/><!-- 告 --><char id="22730" x="51" y="112" width="51" height="50" xoffset="0" yoffset="14" xadvance="50" page="0" chnl="15"/><!-- 壊 --><char id="22833" x="578" y="0" width="50" height="50" xoffset="0" yoffset="14" xadvance="50" page="0" chnl="15"/><!-- 失 --><char id="24195" x="498" y="163" width="50" height="50" xoffset="0" yoffset="14" xadvance="50" page="0" chnl="15"/><!-- 広 --><char id="24382" x="103" y="112" width="50" height="50" xoffset="0" yoffset="14" xadvance="50" page="0" chnl="15"/><!-- 弾 --><char id="24453" x="374" y="0" width="50" height="50" xoffset="0" yoffset="14" xadvance="50" page="0" chnl="15"/><!-- 待 --><char id="24460" x="0" y="163" width="50" height="50" xoffset="0" yoffset="14" xadvance="50" page="0" chnl="15"/><!-- 後 --><char id="24471" x="357" y="61" width="50" height="50" xoffset="-1" yoffset="14" xadvance="50" page="0" chnl="15"/><!-- 得 --><char id="24489" x="52" y="61" width="50" height="50" xoffset="0" yoffset="14" xadvance="50" page="0" chnl="15"/><!-- 復 --><char id="25163" x="306" y="61" width="50" height="50" xoffset="0" yoffset="14" xadvance="50" page="0" chnl="15"/><!-- 手 --><char id="25307" x="324" y="0" width="49" height="50" xoffset="0" yoffset="14" xadvance="50" page="0" chnl="15"/><!-- 招 --><char id="25509" x="560" y="112" width="50" height="50" xoffset="0" yoffset="14" xadvance="50" page="0" chnl="15"/><!-- 接 --><char id="25943" x="0" y="61" width="51" height="50" xoffset="0" yoffset="14" xadvance="50" page="0" chnl="15"/><!-- 敗 --><char id="26009" x="307" y="112" width="50" height="50" xoffset="0" yoffset="14" xadvance="50" page="0" chnl="15"/><!-- 料 --><char id="26178" x="425" y="0" width="49" height="50" xoffset="1" yoffset="14" xadvance="50" page="0" chnl="15"/><!-- 時 --><char id="26228" x="250" y="163" width="48" height="50" xoffset="2" yoffset="14" xadvance="50" page="0" chnl="15"/><!-- 晴 --><char id="26367" x="100" y="163" width="50" height="50" xoffset="0" yoffset="14" xadvance="50" page="0" chnl="15"/><!-- 替 --><char id="26368" x="49" y="265" width="49" height="48" xoffset="1" yoffset="16" xadvance="50" page="0" chnl="15"/><!-- 最 --><char id="27490" x="200" y="265" width="50" height="47" xoffset="0" yoffset="14" xadvance="50" page="0" chnl="15"/><!-- 止 --><char id="27963" x="103" y="61" width="49" height="50" xoffset="1" yoffset="14" xadvance="50" page="0" chnl="15"/><!-- 活 --><char id="28040" x="154" y="112" width="50" height="50" xoffset="0" yoffset="14" xadvance="50" page="0" chnl="15"/><!-- 消 --><char id="28961" x="256" y="112" width="50" height="50" xoffset="0" yoffset="14" xadvance="50" page="0" chnl="15"/><!-- 無 --><char id="29190" x="104" y="214" width="51" height="49" xoffset="0" yoffset="15" xadvance="50" page="0" chnl="15"/><!-- 爆 --><char id="29992" x="370" y="362" width="47" height="46" xoffset="0" yoffset="18" xadvance="50" page="0" chnl="15"/><!-- 用 --><char id="30330" x="358" y="112" width="50" height="50" xoffset="0" yoffset="14" xadvance="50" page="0" chnl="15"/><!-- 発 --><char id="30772" x="0" y="112" width="50" height="50" xoffset="0" yoffset="14" xadvance="50" page="0" chnl="15"/><!-- 破 --><char id="31034" x="499" y="265" width="49" height="47" xoffset="0" yoffset="17" xadvance="50" page="0" chnl="15"/><!-- 示 --><char id="32032" x="200" y="163" width="49" height="50" xoffset="1" yoffset="14" xadvance="50" page="0" chnl="15"/><!-- 素 --><char id="32066" x="409" y="112" width="51" height="50" xoffset="0" yoffset="14" xadvance="50" page="0" chnl="15"/><!-- 終 --><char id="32154" x="408" y="61" width="52" height="50" xoffset="-1" yoffset="14" xadvance="50" page="0" chnl="15"/><!-- 続 --><char id="33021" x="512" y="61" width="50" height="50" xoffset="0" yoffset="14" xadvance="50" page="0" chnl="15"/><!-- 能 --><char id="33391" x="151" y="163" width="48" height="50" xoffset="2" yoffset="14" xadvance="50" page="0" chnl="15"/><!-- 良 --><char id="34892" x="461" y="61" width="50" height="50" xoffset="0" yoffset="14" xadvance="50" page="0" chnl="15"/><!-- 行 --><char id="34920" x="563" y="61" width="50" height="50" xoffset="0" yoffset="14" xadvance="50" page="0" chnl="15"/><!-- 表 --><char id="35501" x="400" y="163" width="51" height="50" xoffset="0" yoffset="14" xadvance="50" page="0" chnl="15"/><!-- 読 --><char id="36796" x="99" y="265" width="50" height="48" xoffset="0" yoffset="15" xadvance="50" page="0" chnl="15"/><!-- 込 --><char id="36948" x="53" y="214" width="50" height="49" xoffset="0" yoffset="14" xadvance="50" page="0" chnl="15"/><!-- 達 --><char id="38291" x="483" y="214" width="46" height="48" xoffset="2" yoffset="16" xadvance="50" page="0" chnl="15"/><!-- 間 --><char id="38500" x="510" y="112" width="49" height="50" xoffset="2" yoffset="14" xadvance="50" page="0" chnl="15"/><!-- 除 --><char id="38651" x="150" y="265" width="49" height="48" xoffset="1" yoffset="16" xadvance="50" page="0" chnl="15"/><!-- 電 --><char id="39640" x="299" y="163" width="48" height="50" xoffset="1" yoffset="14" xadvance="50" page="0" chnl="15"/><!-- 高 --><char id="65281" x="632" y="498" width="12" height="40" xoffset="19" yoffset="20" xadvance="50" page="0" chnl="15"/><!-- ！ --><char id="65311" x="371" y="498" width="28" height="41" xoffset="11" yoffset="19" xadvance="50" page="0" chnl="15"/><!-- ？ --></chars><kernings count="1021"><kerning first="97" second="116" amount="-1"/><kerning first="97" second="84" amount="-2"/><kerning first="97" second="86" amount="-2"/><kerning first="97" second="87" amount="-1"/><kerning first="97" second="89" amount="-2"/><kerning first="97" second="63" amount="-2"/><kerning first="97" second="42" amount="-2"/><kerning first="98" second="97" amount="-1"/><kerning first="98" second="116" amount="-2"/><kerning first="98" second="118" amount="-1"/><kerning first="98" second="119" amount="-1"/><kerning first="98" second="120" amount="-2"/><kerning first="98" second="121" amount="-1"/><kerning first="98" second="122" amount="-1"/><kerning first="98" second="84" amount="-3"/><kerning first="98" second="86" amount="-1"/><kerning first="98" second="88" amount="-1"/><kerning first="98" second="89" amount="-3"/><kerning first="98" second="63" amount="-2"/><kerning first="98" second="46" amount="-1"/><kerning first="98" second="44" amount="-1"/><kerning first="98" second="34" amount="-1"/><kerning first="98" second="39" amount="-1"/><kerning first="99" second="97" amount="-1"/><kerning first="99" second="99" amount="-2"/><kerning first="99" second="100" amount="-2"/><kerning first="99" second="101" amount="-2"/><kerning first="99" second="103" amount="-1"/><kerning first="99" second="111" amount="-2"/><kerning first="99" second="113" amount="-2"/><kerning first="99" second="116" amount="-1"/><kerning first="99" second="84" amount="-1"/><kerning first="99" second="86" amount="-1"/><kerning first="99" second="89" amount="-2"/><kerning first="99" second="45" amount="-2"/><kerning first="101" second="97" amount="-1"/><kerning first="101" second="103" amount="-1"/><kerning first="101" second="116" amount="-1"/><kerning first="101" second="120" amount="-1"/><kerning first="101" second="74" amount="-1"/><kerning first="101" second="83" amount="-1"/><kerning first="101" second="84" amount="-2"/><kerning first="101" second="86" amount="-2"/><kerning first="101" second="87" amount="-1"/><kerning first="101" second="89" amount="-2"/><kerning first="101" second="63" amount="-1"/><kerning first="101" second="42" amount="-1"/><kerning first="101" second="45" amount="1"/><kerning first="102" second="97" amount="-1"/><kerning first="102" second="99" amount="-1"/><kerning first="102" second="100" amount="-1"/><kerning first="102" second="101" amount="-1"/><kerning first="102" second="103" amount="-1"/><kerning first="102" second="106" amount="-1"/><kerning first="102" second="111" amount="-1"/><kerning first="102" second="113" amount="-1"/><kerning first="102" second="115" amount="-1"/><kerning first="102" second="120" amount="-1"/><kerning first="102" second="122" amount="-1"/><kerning first="102" second="84" amount="2"/><kerning first="102" second="86" amount="4"/><kerning first="102" second="87" amount="2"/><kerning first="102" second="88" amount="1"/><kerning first="102" second="89" amount="3"/><kerning first="102" second="63" amount="1"/><kerning first="102" second="41" amount="2"/><kerning first="102" second="45" amount="-1"/><kerning first="102" second="46" amount="-4"/><kerning first="102" second="44" amount="-4"/><kerning first="102" second="34" amount="2"/><kerning first="102" second="39" amount="2"/><kerning first="102" second="125" amount="2"/><kerning first="102" second="93" amount="2"/><kerning first="103" second="97" amount="-1"/><kerning first="103" second="99" amount="-1"/><kerning first="103" second="100" amount="-1"/><kerning first="103" second="101" amount="-1"/><kerning first="103" second="106" amount="3"/><kerning first="103" second="111" amount="-1"/><kerning first="103" second="113" amount="-1"/><kerning first="103" second="118" amount="-1"/><kerning first="103" second="119" amount="-1"/><kerning first="103" second="122" amount="-1"/><kerning first="103" second="84" amount="-2"/><kerning first="103" second="89" amount="-1"/><kerning first="103" second="63" amount="-3"/><kerning first="103" second="42" amount="-1"/><kerning first="103" second="47" amount="1"/><kerning first="104" second="84" amount="-2"/><kerning first="104" second="86" amount="-1"/><kerning first="104" second="89" amount="-2"/><kerning first="104" second="63" amount="-1"/><kerning first="104" second="42" amount="-1"/><kerning first="107" second="97" amount="-1"/><kerning first="107" second="99" amount="-2"/><kerning first="107" second="100" amount="-2"/><kerning first="107" second="101" amount="-2"/><kerning first="107" second="103" amount="-1"/><kerning first="107" second="106" amount="-1"/><kerning first="107" second="111" amount="-2"/><kerning first="107" second="113" amount="-2"/><kerning first="107" second="116" amount="-2"/><kerning first="107" second="117" amount="-1"/><kerning first="107" second="120" amount="-1"/><kerning first="107" second="122" amount="-1"/><kerning first="107" second="84" amount="-3"/><kerning first="107" second="89" amount="-1"/><kerning first="107" second="63" amount="-2"/><kerning first="107" second="42" amount="-1"/><kerning first="107" second="45" amount="-5"/><kerning first="108" second="106" amount="1"/><kerning first="109" second="84" amount="-2"/><kerning first="109" second="86" amount="-1"/><kerning first="109" second="89" amount="-2"/><kerning first="109" second="63" amount="-1"/><kerning first="109" second="42" amount="-1"/><kerning first="110" second="84" amount="-2"/><kerning first="110" second="86" amount="-1"/><kerning first="110" second="89" amount="-2"/><kerning first="110" second="63" amount="-1"/><kerning first="110" second="42" amount="-1"/><kerning first="111" second="97" amount="-1"/><kerning first="111" second="116" amount="-2"/><kerning first="111" second="118" amount="-1"/><kerning first="111" second="119" amount="-1"/><kerning first="111" second="120" amount="-2"/><kerning first="111" second="121" amount="-1"/><kerning first="111" second="122" amount="-1"/><kerning first="111" second="84" amount="-3"/><kerning first="111" second="86" amount="-1"/><kerning first="111" second="88" amount="-1"/><kerning first="111" second="89" amount="-3"/><kerning first="111" second="63" amount="-2"/><kerning first="111" second="46" amount="-1"/><kerning first="111" second="44" amount="-1"/><kerning first="111" second="34" amount="-1"/><kerning first="111" second="39" amount="-1"/><kerning first="112" second="97" amount="-1"/><kerning first="112" second="116" amount="-2"/><kerning first="112" second="118" amount="-1"/><kerning first="112" second="119" amount="-1"/><kerning first="112" second="120" amount="-2"/><kerning first="112" second="121" amount="-1"/><kerning first="112" second="122" amount="-1"/><kerning first="112" second="84" amount="-3"/><kerning first="112" second="86" amount="-1"/><kerning first="112" second="88" amount="-1"/><kerning first="112" second="89" amount="-3"/><kerning first="112" second="63" amount="-2"/><kerning first="112" second="46" amount="-1"/><kerning first="112" second="44" amount="-1"/><kerning first="112" second="34" amount="-1"/><kerning first="112" second="39" amount="-1"/><kerning first="113" second="84" amount="-1"/><kerning first="113" second="86" amount="-1"/><kerning first="113" second="89" amount="-2"/><kerning first="113" second="42" amount="-1"/><kerning first="114" second="97" amount="-2"/><kerning first="114" second="99" amount="-1"/><kerning first="114" second="100" amount="-1"/><kerning first="114" second="101" amount="-1"/><kerning first="114" second="103" amount="-1"/><kerning first="114" second="111" amount="-1"/><kerning first="114" second="113" amount="-1"/><kerning first="114" second="115" amount="-1"/><kerning first="114" second="122" amount="-1"/><kerning first="114" second="65" amount="-1"/><kerning first="114" second="74" amount="-4"/><kerning first="114" second="90" amount="-1"/><kerning first="114" second="45" amount="-2"/><kerning first="114" second="46" amount="-5"/><kerning first="114" second="44" amount="-5"/><kerning first="114" second="47" amount="-1"/><kerning first="115" second="116" amount="-1"/><kerning first="115" second="84" amount="-2"/><kerning first="115" second="86" amount="-1"/><kerning first="115" second="89" amount="-1"/><kerning first="115" second="63" amount="-2"/><kerning first="115" second="42" amount="-1"/><kerning first="115" second="45" amount="1"/><kerning first="116" second="97" amount="-1"/><kerning first="116" second="99" amount="-1"/><kerning first="116" second="100" amount="-1"/><kerning first="116" second="101" amount="-1"/><kerning first="116" second="103" amount="-1"/><kerning first="116" second="111" amount="-1"/><kerning first="116" second="113" amount="-1"/><kerning first="116" second="115" amount="-1"/><kerning first="116" second="116" amount="-1"/><kerning first="116" second="120" amount="-1"/><kerning first="116" second="84" amount="-1"/><kerning first="116" second="89" amount="-1"/><kerning first="116" second="63" amount="-2"/><kerning first="116" second="45" amount="-2"/><kerning first="116" second="46" amount="-1"/><kerning first="116" second="44" amount="-1"/><kerning first="117" second="84" amount="-1"/><kerning first="117" second="86" amount="-1"/><kerning first="117" second="89" amount="-2"/><kerning first="117" second="42" amount="-1"/><kerning first="118" second="97" amount="-1"/><kerning first="118" second="99" amount="-1"/><kerning first="118" second="100" amount="-1"/><kerning first="118" second="101" amount="-1"/><kerning first="118" second="106" amount="-1"/><kerning first="118" second="111" amount="-1"/><kerning first="118" second="113" amount="-1"/><kerning first="118" second="122" amount="-2"/><kerning first="118" second="65" amount="-1"/><kerning first="118" second="74" amount="-2"/><kerning first="118" second="84" amount="-1"/><kerning first="118" second="86" amount="-1"/><kerning first="118" second="89" amount="-1"/><kerning first="118" second="90" amount="-1"/><kerning first="118" second="42" amount="-1"/><kerning first="118" second="45" amount="-1"/><kerning first="118" second="46" amount="-4"/><kerning first="118" second="44" amount="-4"/><kerning first="118" second="47" amount="-1"/><kerning first="119" second="97" amount="-1"/><kerning first="119" second="99" amount="-1"/><kerning first="119" second="100" amount="-1"/><kerning first="119" second="101" amount="-1"/><kerning first="119" second="106" amount="-1"/><kerning first="119" second="111" amount="-1"/><kerning first="119" second="113" amount="-1"/><kerning first="119" second="122" amount="-2"/><kerning first="119" second="65" amount="-1"/><kerning first="119" second="74" amount="-2"/><kerning first="119" second="84" amount="-2"/><kerning first="119" second="86" amount="-1"/><kerning first="119" second="88" amount="-1"/><kerning first="119" second="89" amount="-2"/><kerning first="119" second="42" amount="-1"/><kerning first="119" second="46" amount="-5"/><kerning first="119" second="44" amount="-5"/><kerning first="120" second="97" amount="-1"/><kerning first="120" second="99" amount="-2"/><kerning first="120" second="100" amount="-2"/><kerning first="120" second="101" amount="-2"/><kerning first="120" second="111" amount="-2"/><kerning first="120" second="113" amount="-2"/><kerning first="120" second="116" amount="-2"/><kerning first="120" second="121" amount="-1"/><kerning first="120" second="67" amount="-1"/><kerning first="120" second="71" amount="-1"/><kerning first="120" second="79" amount="-1"/><kerning first="120" second="81" amount="-1"/><kerning first="120" second="83" amount="-1"/><kerning first="120" second="84" amount="-1"/><kerning first="120" second="86" amount="-1"/><kerning first="120" second="88" amount="-1"/><kerning first="120" second="89" amount="-2"/><kerning first="120" second="33" amount="-1"/><kerning first="120" second="59" amount="1"/><kerning first="120" second="42" amount="-1"/><kerning first="120" second="45" amount="-1"/><kerning first="120" second="46" amount="-1"/><kerning first="120" second="44" amount="1"/><kerning first="121" second="97" amount="-1"/><kerning first="121" second="99" amount="-1"/><kerning first="121" second="100" amount="-1"/><kerning first="121" second="101" amount="-1"/><kerning first="121" second="106" amount="-1"/><kerning first="121" second="111" amount="-1"/><kerning first="121" second="113" amount="-1"/><kerning first="121" second="120" amount="-1"/><kerning first="121" second="122" amount="-2"/><kerning first="121" second="74" amount="-2"/><kerning first="121" second="84" amount="-1"/><kerning first="121" second="86" amount="-1"/><kerning first="121" second="88" amount="-1"/><kerning first="121" second="89" amount="-1"/><kerning first="121" second="46" amount="-4"/><kerning first="121" second="44" amount="-4"/><kerning first="122" second="97" amount="-1"/><kerning first="122" second="99" amount="-1"/><kerning first="122" second="100" amount="-1"/><kerning first="122" second="101" amount="-1"/><kerning first="122" second="111" amount="-1"/><kerning first="122" second="113" amount="-1"/><kerning first="122" second="117" amount="-1"/><kerning first="122" second="118" amount="-1"/><kerning first="122" second="121" amount="-1"/><kerning first="122" second="84" amount="-1"/><kerning first="122" second="89" amount="-1"/><kerning first="122" second="45" amount="-2"/><kerning first="65" second="97" amount="1"/><kerning first="65" second="102" amount="-1"/><kerning first="65" second="115" amount="1"/><kerning first="65" second="116" amount="-1"/><kerning first="65" second="118" amount="-1"/><kerning first="65" second="119" amount="-1"/><kerning first="65" second="120" amount="-1"/><kerning first="65" second="121" amount="-1"/><kerning first="65" second="67" amount="-1"/><kerning first="65" second="71" amount="-1"/><kerning first="65" second="79" amount="-1"/><kerning first="65" second="81" amount="-1"/><kerning first="65" second="84" amount="-4"/><kerning first="65" second="85" amount="-1"/><kerning first="65" second="86" amount="-1"/><kerning first="65" second="89" amount="-1"/><kerning first="65" second="63" amount="-2"/><kerning first="65" second="42" amount="-5"/><kerning first="65" second="34" amount="-4"/><kerning first="65" second="39" amount="-4"/><kerning first="66" second="116" amount="-1"/><kerning first="66" second="118" amount="-1"/><kerning first="66" second="119" amount="-1"/><kerning first="66" second="120" amount="-1"/><kerning first="66" second="121" amount="-1"/><kerning first="66" second="74" amount="-1"/><kerning first="66" second="83" amount="-1"/><kerning first="66" second="84" amount="-2"/><kerning first="66" second="86" amount="-1"/><kerning first="66" second="87" amount="-1"/><kerning first="66" second="88" amount="-1"/><kerning first="66" second="89" amount="-1"/><kerning first="66" second="90" amount="-1"/><kerning first="66" second="42" amount="-2"/><kerning first="67" second="103" amount="-1"/><kerning first="67" second="116" amount="-2"/><kerning first="67" second="117" amount="-1"/><kerning first="67" second="118" amount="-1"/><kerning first="67" second="119" amount="-1"/><kerning first="67" second="121" amount="-1"/><kerning first="67" second="67" amount="-2"/><kerning first="67" second="71" amount="-2"/><kerning first="67" second="74" amount="-1"/><kerning first="67" second="79" amount="-2"/><kerning first="67" second="81" amount="-2"/><kerning first="67" second="83" amount="-2"/><kerning first="67" second="84" amount="-1"/><kerning first="67" second="85" amount="-1"/><kerning first="67" second="86" amount="-1"/><kerning first="67" second="87" amount="-1"/><kerning first="67" second="88" amount="-1"/><kerning first="67" second="89" amount="-1"/><kerning first="67" second="90" amount="-1"/><kerning first="67" second="45" amount="-2"/><kerning first="68" second="120" amount="-1"/><kerning first="68" second="122" amount="-1"/><kerning first="68" second="65" amount="-1"/><kerning first="68" second="74" amount="-3"/><kerning first="68" second="84" amount="-2"/><kerning first="68" second="86" amount="-1"/><kerning first="68" second="88" amount="-2"/><kerning first="68" second="89" amount="-1"/><kerning first="68" second="90" amount="-1"/><kerning first="68" second="42" amount="-1"/><kerning first="68" second="47" amount="-1"/><kerning first="69" second="99" amount="-1"/><kerning first="69" second="100" amount="-1"/><kerning first="69" second="101" amount="-1"/><kerning first="69" second="111" amount="-1"/><kerning first="69" second="113" amount="-1"/><kerning first="69" second="116" amount="-2"/><kerning first="69" second="118" amount="-1"/><kerning first="69" second="120" amount="-3"/><kerning first="69" second="121" amount="-1"/><kerning first="70" second="97" amount="-2"/><kerning first="70" second="99" amount="-1"/><kerning first="70" second="100" amount="-1"/><kerning first="70" second="101" amount="-1"/><kerning first="70" second="103" amount="-2"/><kerning first="70" second="109" amount="-1"/><kerning first="70" second="110" amount="-1"/><kerning first="70" second="111" amount="-1"/><kerning first="70" second="112" amount="-1"/><kerning first="70" second="113" amount="-1"/><kerning first="70" second="114" amount="-1"/><kerning first="70" second="115" amount="-2"/><kerning first="70" second="116" amount="-1"/><kerning first="70" second="117" amount="-1"/><kerning first="70" second="118" amount="-2"/><kerning first="70" second="119" amount="-2"/><kerning first="70" second="120" amount="-2"/><kerning first="70" second="121" amount="-2"/><kerning first="70" second="122" amount="-3"/><kerning first="70" second="65" amount="-2"/><kerning first="70" second="67" amount="-1"/><kerning first="70" second="71" amount="-1"/><kerning first="70" second="74" amount="-8"/><kerning first="70" second="79" amount="-1"/><kerning first="70" second="81" amount="-1"/><kerning first="70" second="83" amount="-2"/><kerning first="70" second="88" amount="-2"/><kerning first="70" second="89" amount="-1"/><kerning first="70" second="90" amount="-2"/><kerning first="70" second="46" amount="-5"/><kerning first="70" second="44" amount="-5"/><kerning first="70" second="47" amount="-3"/><kerning first="71" second="65" amount="-1"/><kerning first="71" second="84" amount="-1"/><kerning first="71" second="86" amount="-1"/><kerning first="71" second="87" amount="-1"/><kerning first="71" second="42" amount="-1"/><kerning first="74" second="74" amount="-2"/><kerning first="74" second="46" amount="-2"/><kerning first="74" second="44" amount="-2"/><kerning first="75" second="99" amount="-1"/><kerning first="75" second="100" amount="-1"/><kerning first="75" second="101" amount="-1"/><kerning first="75" second="106" amount="-1"/><kerning first="75" second="111" amount="-1"/><kerning first="75" second="113" amount="-1"/><kerning first="75" second="116" amount="-3"/><kerning first="75" second="117" amount="-1"/><kerning first="75" second="118" amount="-2"/><kerning first="75" second="119" amount="-2"/><kerning first="75" second="120" amount="-2"/><kerning first="75" second="121" amount="-2"/><kerning first="75" second="122" amount="-1"/><kerning first="75" second="65" amount="-1"/><kerning first="75" second="67" amount="-2"/><kerning first="75" second="71" amount="-2"/><kerning first="75" second="79" amount="-2"/><kerning first="75" second="81" amount="-2"/><kerning first="75" second="83" amount="-1"/><kerning first="75" second="84" amount="-2"/><kerning first="75" second="85" amount="-1"/><kerning first="75" second="86" amount="-1"/><kerning first="75" second="87" amount="-1"/><kerning first="75" second="89" amount="-2"/><kerning first="75" second="63" amount="-1"/><kerning first="75" second="42" amount="-2"/><kerning first="75" second="45" amount="-3"/><kerning first="75" second="34" amount="-2"/><kerning first="75" second="39" amount="-2"/><kerning first="76" second="99" amount="-1"/><kerning first="76" second="100" amount="-1"/><kerning first="76" second="101" amount="-1"/><kerning first="76" second="102" amount="-1"/><kerning first="76" second="103" amount="-1"/><kerning first="76" second="111" amount="-1"/><kerning first="76" second="113" amount="-1"/><kerning first="76" second="116" amount="-2"/><kerning first="76" second="117" amount="-1"/><kerning first="76" second="118" amount="-3"/><kerning first="76" second="119" amount="-2"/><kerning first="76" second="121" amount="-3"/><kerning first="76" second="67" amount="-2"/><kerning first="76" second="71" amount="-2"/><kerning first="76" second="79" amount="-2"/><kerning first="76" second="81" amount="-2"/><kerning first="76" second="83" amount="-2"/><kerning first="76" second="84" amount="-7"/><kerning first="76" second="85" amount="-2"/><kerning first="76" second="86" amount="-5"/><kerning first="76" second="87" amount="-3"/><kerning first="76" second="89" amount="-5"/><kerning first="76" second="63" amount="-3"/><kerning first="76" second="42" amount="-10"/><kerning first="76" second="45" amount="-2"/><kerning first="76" second="34" amount="-8"/><kerning first="76" second="39" amount="-8"/><kerning first="79" second="120" amount="-1"/><kerning first="79" second="122" amount="-1"/><kerning first="79" second="65" amount="-1"/><kerning first="79" second="74" amount="-3"/><kerning first="79" second="84" amount="-2"/><kerning first="79" second="86" amount="-1"/><kerning first="79" second="88" amount="-2"/><kerning first="79" second="89" amount="-1"/><kerning first="79" second="90" amount="-1"/><kerning first="79" second="42" amount="-1"/><kerning first="79" second="47" amount="-1"/><kerning first="80" second="97" amount="-2"/><kerning first="80" second="99" amount="-1"/><kerning first="80" second="100" amount="-1"/><kerning first="80" second="101" amount="-1"/><kerning first="80" second="103" amount="-1"/><kerning first="80" second="111" amount="-1"/><kerning first="80" second="113" amount="-1"/><kerning first="80" second="115" amount="-1"/><kerning first="80" second="120" amount="-1"/><kerning first="80" second="122" amount="-1"/><kerning first="80" second="65" amount="-3"/><kerning first="80" second="74" amount="-8"/><kerning first="80" second="83" amount="-1"/><kerning first="80" second="84" amount="-1"/><kerning first="80" second="88" amount="-2"/><kerning first="80" second="89" amount="-1"/><kerning first="80" second="90" amount="-3"/><kerning first="80" second="45" amount="-1"/><kerning first="80" second="46" amount="-8"/><kerning first="80" second="44" amount="-8"/><kerning first="80" second="47" amount="-3"/><kerning first="81" second="120" amount="-1"/><kerning first="81" second="122" amount="-1"/><kerning first="81" second="65" amount="-1"/><kerning first="81" second="74" amount="-3"/><kerning first="81" second="84" amount="-2"/><kerning first="81" second="86" amount="-1"/><kerning first="81" second="88" amount="-2"/><kerning first="81" second="89" amount="-1"/><kerning first="81" second="90" amount="-1"/><kerning first="81" second="42" amount="-1"/><kerning first="81" second="47" amount="-1"/><kerning first="82" second="97" amount="-1"/><kerning first="82" second="99" amount="-1"/><kerning first="82" second="100" amount="-1"/><kerning first="82" second="101" amount="-1"/><kerning first="82" second="103" amount="-1"/><kerning first="82" second="111" amount="-1"/><kerning first="82" second="113" amount="-1"/><kerning first="82" second="120" amount="-1"/><kerning first="82" second="122" amount="-1"/><kerning first="82" second="65" amount="-1"/><kerning first="82" second="74" amount="-1"/><kerning first="82" second="83" amount="-1"/><kerning first="82" second="84" amount="-1"/><kerning first="82" second="86" amount="-1"/><kerning first="82" second="88" amount="-1"/><kerning first="82" second="89" amount="-1"/><kerning first="82" second="90" amount="-1"/><kerning first="82" second="42" amount="-1"/><kerning first="82" second="45" amount="-2"/><kerning first="83" second="116" amount="-2"/><kerning first="83" second="122" amount="-1"/><kerning first="83" second="74" amount="-1"/><kerning first="83" second="83" amount="-1"/><kerning first="83" second="84" amount="-1"/><kerning first="83" second="89" amount="-1"/><kerning first="83" second="42" amount="-1"/><kerning first="83" second="45" amount="1"/><kerning first="84" second="97" amount="-4"/><kerning first="84" second="99" amount="-4"/><kerning first="84" second="100" amount="-4"/><kerning first="84" second="101" amount="-4"/><kerning first="84" second="102" amount="-1"/><kerning first="84" second="103" amount="-4"/><kerning first="84" second="109" amount="-2"/><kerning first="84" second="110" amount="-2"/><kerning first="84" second="111" amount="-4"/><kerning first="84" second="112" amount="-2"/><kerning first="84" second="113" amount="-4"/><kerning first="84" second="114" amount="-2"/><kerning first="84" second="115" amount="-3"/><kerning first="84" second="116" amount="-1"/><kerning first="84" second="117" amount="-2"/><kerning first="84" second="118" amount="-1"/><kerning first="84" second="119" amount="-1"/><kerning first="84" second="120" amount="-1"/><kerning first="84" second="121" amount="-1"/><kerning first="84" second="122" amount="-4"/><kerning first="84" second="65" amount="-2"/><kerning first="84" second="67" amount="-2"/><kerning first="84" second="71" amount="-2"/><kerning first="84" second="74" amount="-7"/><kerning first="84" second="79" amount="-2"/><kerning first="84" second="81" amount="-2"/><kerning first="84" second="83" amount="-1"/><kerning first="84" second="88" amount="-1"/><kerning first="84" second="89" amount="-1"/><kerning first="84" second="90" amount="-2"/><kerning first="84" second="59" amount="-1"/><kerning first="84" second="58" amount="-1"/><kerning first="84" second="45" amount="-4"/><kerning first="84" second="46" amount="-7"/><kerning first="84" second="44" amount="-7"/><kerning first="84" second="47" amount="-4"/><kerning first="85" second="97" amount="-1"/><kerning first="85" second="103" amount="-1"/><kerning first="85" second="115" amount="-1"/><kerning first="85" second="120" amount="-1"/><kerning first="85" second="65" amount="-1"/><kerning first="85" second="74" amount="-3"/><kerning first="85" second="83" amount="-1"/><kerning first="85" second="86" amount="-1"/><kerning first="85" second="88" amount="-1"/><kerning first="85" second="89" amount="-1"/><kerning first="85" second="46" amount="-2"/><kerning first="85" second="44" amount="-2"/><kerning first="85" second="47" amount="-1"/><kerning first="86" second="97" amount="-2"/><kerning first="86" second="99" amount="-1"/><kerning first="86" second="100" amount="-1"/><kerning first="86" second="101" amount="-1"/><kerning first="86" second="103" amount="-1"/><kerning first="86" second="109" amount="-1"/><kerning first="86" second="110" amount="-1"/><kerning first="86" second="111" amount="-1"/><kerning first="86" second="112" amount="-1"/><kerning first="86" second="113" amount="-1"/><kerning first="86" second="114" amount="-1"/><kerning first="86" second="115" amount="-1"/><kerning first="86" second="117" amount="-2"/><kerning first="86" second="118" amount="-1"/><kerning first="86" second="119" amount="-1"/><kerning first="86" second="120" amount="-1"/><kerning first="86" second="121" amount="-1"/><kerning first="86" second="122" amount="-1"/><kerning first="86" second="65" amount="-1"/><kerning first="86" second="67" amount="-1"/><kerning first="86" second="71" amount="-1"/><kerning first="86" second="74" amount="-4"/><kerning first="86" second="79" amount="-1"/><kerning first="86" second="81" amount="-1"/><kerning first="86" second="83" amount="-1"/><kerning first="86" second="85" amount="-1"/><kerning first="86" second="86" amount="1"/><kerning first="86" second="90" amount="-1"/><kerning first="86" second="45" amount="-1"/><kerning first="86" second="46" amount="-4"/><kerning first="86" second="44" amount="-4"/><kerning first="86" second="47" amount="-1"/><kerning first="87" second="97" amount="-1"/><kerning first="87" second="122" amount="-1"/><kerning first="87" second="74" amount="-3"/><kerning first="87" second="45" amount="-1"/><kerning first="87" second="46" amount="-2"/><kerning first="87" second="44" amount="-2"/><kerning first="88" second="97" amount="-1"/><kerning first="88" second="99" amount="-1"/><kerning first="88" second="100" amount="-1"/><kerning first="88" second="101" amount="-1"/><kerning first="88" second="102" amount="-2"/><kerning first="88" second="111" amount="-1"/><kerning first="88" second="113" amount="-1"/><kerning first="88" second="116" amount="-2"/><kerning first="88" second="117" amount="-1"/><kerning first="88" second="118" amount="-2"/><kerning first="88" second="119" amount="-1"/><kerning first="88" second="120" amount="-1"/><kerning first="88" second="121" amount="-2"/><kerning first="88" second="122" amount="-1"/><kerning first="88" second="67" amount="-2"/><kerning first="88" second="71" amount="-2"/><kerning first="88" second="74" amount="-1"/><kerning first="88" second="79" amount="-2"/><kerning first="88" second="81" amount="-2"/><kerning first="88" second="83" amount="-1"/><kerning first="88" second="84" amount="-1"/><kerning first="88" second="85" amount="-1"/><kerning first="88" second="42" amount="-1"/><kerning first="88" second="45" amount="-2"/><kerning first="88" second="34" amount="-1"/><kerning first="88" second="39" amount="-1"/><kerning first="89" second="97" amount="-4"/><kerning first="89" second="99" amount="-3"/><kerning first="89" second="100" amount="-3"/><kerning first="89" second="101" amount="-3"/><kerning first="89" second="103" amount="-3"/><kerning first="89" second="109" amount="-2"/><kerning first="89" second="110" amount="-2"/><kerning first="89" second="111" amount="-3"/><kerning first="89" second="112" amount="-2"/><kerning first="89" second="113" amount="-3"/><kerning first="89" second="114" amount="-2"/><kerning first="89" second="115" amount="-3"/><kerning first="89" second="116" amount="-3"/><kerning first="89" second="117" amount="-2"/><kerning first="89" second="118" amount="-1"/><kerning first="89" second="119" amount="-2"/><kerning first="89" second="120" amount="-2"/><kerning first="89" second="121" amount="-1"/><kerning first="89" second="122" amount="-3"/><kerning first="89" second="65" amount="-1"/><kerning first="89" second="67" amount="-1"/><kerning first="89" second="71" amount="-1"/><kerning first="89" second="74" amount="-6"/><kerning first="89" second="79" amount="-1"/><kerning first="89" second="81" amount="-1"/><kerning first="89" second="83" amount="-1"/><kerning first="89" second="84" amount="-1"/><kerning first="89" second="85" amount="-1"/><kerning first="89" second="90" amount="-1"/><kerning first="89" second="59" amount="-2"/><kerning first="89" second="58" amount="-2"/><kerning first="89" second="63" amount="-1"/><kerning first="89" second="45" amount="-4"/><kerning first="89" second="46" amount="-7"/><kerning first="89" second="44" amount="-7"/><kerning first="89" second="47" amount="-3"/><kerning first="90" second="97" amount="-1"/><kerning first="90" second="99" amount="-1"/><kerning first="90" second="100" amount="-1"/><kerning first="90" second="101" amount="-1"/><kerning first="90" second="102" amount="-1"/><kerning first="90" second="103" amount="-1"/><kerning first="90" second="111" amount="-1"/><kerning first="90" second="113" amount="-1"/><kerning first="90" second="116" amount="-1"/><kerning first="90" second="117" amount="-1"/><kerning first="90" second="118" amount="-1"/><kerning first="90" second="119" amount="-1"/><kerning first="90" second="120" amount="-2"/><kerning first="90" second="121" amount="-1"/><kerning first="90" second="67" amount="-1"/><kerning first="90" second="71" amount="-1"/><kerning first="90" second="74" amount="-1"/><kerning first="90" second="79" amount="-1"/><kerning first="90" second="81" amount="-1"/><kerning first="90" second="83" amount="-2"/><kerning first="90" second="85" amount="-1"/><kerning first="90" second="89" amount="-1"/><kerning first="90" second="90" amount="-1"/><kerning first="90" second="45" amount="-1"/><kerning first="59" second="89" amount="-2"/><kerning first="59" second="42" amount="-1"/><kerning first="58" second="89" amount="-2"/><kerning first="58" second="42" amount="-1"/><kerning first="40" second="106" amount="5"/><kerning first="40" second="74" amount="-1"/><kerning first="45" second="116" amount="-1"/><kerning first="45" second="118" amount="-1"/><kerning first="45" second="120" amount="-1"/><kerning first="45" second="74" amount="-1"/><kerning first="45" second="83" amount="-2"/><kerning first="45" second="84" amount="-3"/><kerning first="45" second="86" amount="-1"/><kerning first="45" second="87" amount="-1"/><kerning first="45" second="88" amount="-2"/><kerning first="45" second="89" amount="-4"/><kerning first="45" second="90" amount="-1"/><kerning first="46" second="99" amount="-1"/><kerning first="46" second="100" amount="-1"/><kerning first="46" second="101" amount="-1"/><kerning first="46" second="106" amount="2"/><kerning first="46" second="111" amount="-1"/><kerning first="46" second="113" amount="-1"/><kerning first="46" second="116" amount="-4"/><kerning first="46" second="118" amount="-4"/><kerning first="46" second="119" amount="-2"/><kerning first="46" second="121" amount="-1"/><kerning first="46" second="84" amount="-6"/><kerning first="46" second="85" amount="-2"/><kerning first="46" second="86" amount="-4"/><kerning first="46" second="87" amount="-2"/><kerning first="46" second="89" amount="-7"/><kerning first="46" second="42" amount="-10"/><kerning first="46" second="34" amount="-8"/><kerning first="46" second="39" amount="-8"/><kerning first="44" second="99" amount="-1"/><kerning first="44" second="100" amount="-1"/><kerning first="44" second="101" amount="-1"/><kerning first="44" second="106" amount="2"/><kerning first="44" second="111" amount="-1"/><kerning first="44" second="113" amount="-1"/><kerning first="44" second="116" amount="-4"/><kerning first="44" second="118" amount="-4"/><kerning first="44" second="119" amount="-2"/><kerning first="44" second="121" amount="-1"/><kerning first="44" second="84" amount="-6"/><kerning first="44" second="85" amount="-2"/><kerning first="44" second="86" amount="-4"/><kerning first="44" second="87" amount="-2"/><kerning first="44" second="89" amount="-7"/><kerning first="44" second="42" amount="-10"/><kerning first="44" second="34" amount="-8"/><kerning first="44" second="39" amount="-8"/><kerning first="47" second="97" amount="-2"/><kerning first="47" second="99" amount="-1"/><kerning first="47" second="100" amount="-1"/><kerning first="47" second="101" amount="-1"/><kerning first="47" second="103" amount="-1"/><kerning first="47" second="111" amount="-1"/><kerning first="47" second="113" amount="-1"/><kerning first="47" second="117" amount="-1"/><kerning first="47" second="65" amount="-2"/><kerning first="47" second="67" amount="-1"/><kerning first="47" second="71" amount="-1"/><kerning first="47" second="74" amount="-5"/><kerning first="47" second="79" amount="-1"/><kerning first="47" second="81" amount="-1"/><kerning first="34" second="99" amount="-1"/><kerning first="34" second="100" amount="-1"/><kerning first="34" second="101" amount="-1"/><kerning first="34" second="111" amount="-1"/><kerning first="34" second="113" amount="-1"/><kerning first="34" second="115" amount="-1"/><kerning first="34" second="65" amount="-4"/><kerning first="34" second="74" amount="-7"/><kerning first="34" second="83" amount="-1"/><kerning first="34" second="88" amount="-1"/><kerning first="34" second="46" amount="-8"/><kerning first="34" second="44" amount="-8"/><kerning first="39" second="99" amount="-1"/><kerning first="39" second="100" amount="-1"/><kerning first="39" second="101" amount="-1"/><kerning first="39" second="111" amount="-1"/><kerning first="39" second="113" amount="-1"/><kerning first="39" second="115" amount="-1"/><kerning first="39" second="65" amount="-4"/><kerning first="39" second="74" amount="-7"/><kerning first="39" second="83" amount="-1"/><kerning first="39" second="88" amount="-1"/><kerning first="39" second="46" amount="-8"/><kerning first="39" second="44" amount="-8"/><kerning first="123" second="106" amount="5"/><kerning first="123" second="74" amount="-1"/><kerning first="91" second="106" amount="5"/><kerning first="91" second="74" amount="-1"/><kerning first="12479" second="12289" amount="-1"/><kerning first="12479" second="12290" amount="-1"/><kerning first="12452" second="12479" amount="-2"/><kerning first="12452" second="12463" amount="-1"/><kerning first="12452" second="12486" amount="-1"/><kerning first="12452" second="12473" amount="-1"/><kerning first="12452" second="12464" amount="-1"/><kerning first="12452" second="12289" amount="-1"/><kerning first="12452" second="12512" amount="-1"/><kerning first="12452" second="12290" amount="-1"/><kerning first="12523" second="12467" amount="-1"/><kerning first="12523" second="12531" amount="-1"/><kerning first="12523" second="12512" amount="-1"/><kerning first="12493" second="12467" amount="-1"/><kerning first="12463" second="12479" amount="-2"/><kerning first="12463" second="12523" amount="-1"/><kerning first="12463" second="12463" amount="-2"/><kerning first="12463" second="12473" amount="-1"/><kerning first="12463" second="12464" amount="-2"/><kerning first="12463" second="12289" amount="-4"/><kerning first="12463" second="12512" amount="-4"/><kerning first="12463" second="12290" amount="-4"/><kerning first="12488" second="12289" amount="-1"/><kerning first="12488" second="12290" amount="-1"/><kerning first="12524" second="12512" amount="-1"/><kerning first="12505" second="12473" amount="1"/><kerning first="12531" second="12493" amount="-1"/><kerning first="12531" second="12473" amount="-1"/><kerning first="12531" second="12503" amount="-1"/><kerning first="12531" second="12501" amount="-1"/><kerning first="12531" second="12289" amount="-3"/><kerning first="12531" second="12502" amount="-1"/><kerning first="12531" second="12512" amount="-1"/><kerning first="12531" second="12290" amount="-3"/><kerning first="12486" second="12451" amount="-3"/><kerning first="12486" second="12289" amount="-1"/><kerning first="12486" second="12512" amount="-1"/><kerning first="12486" second="12290" amount="-1"/><kerning first="12517" second="12524" amount="-1"/><kerning first="12517" second="12450" amount="-1"/><kerning first="12517" second="12289" amount="-1"/><kerning first="12540" second="12531" amount="-2"/><kerning first="12540" second="12451" amount="-2"/><kerning first="12540" second="12473" amount="-2"/><kerning first="12540" second="12391" amount="-3"/><kerning first="12540" second="12503" amount="-3"/><kerning first="12540" second="12390" amount="-3"/><kerning first="12540" second="12450" amount="-2"/><kerning first="12540" second="12471" amount="-1"/><kerning first="12540" second="12501" amount="-3"/><kerning first="12540" second="12502" amount="-3"/><kerning first="12540" second="12512" amount="-1"/><kerning first="12522" second="12289" amount="-3"/><kerning first="12522" second="12290" amount="-2"/><kerning first="12473" second="12505" amount="-3"/><kerning first="12473" second="12510" amount="-1"/><kerning first="12473" second="12506" amount="-3"/><kerning first="12428" second="12391" amount="-1"/><kerning first="12428" second="12390" amount="-1"/><kerning first="12428" second="12388" amount="-1"/><kerning first="12428" second="12289" amount="1"/><kerning first="12428" second="12290" amount="1"/><kerning first="12391" second="12368" amount="1"/><kerning first="12391" second="12289" amount="-2"/><kerning first="12391" second="12290" amount="-2"/><kerning first="12377" second="12463" amount="-1"/><kerning first="12377" second="12505" amount="-3"/><kerning first="12377" second="12391" amount="1"/><kerning first="12377" second="12390" amount="1"/><kerning first="12377" second="12506" amount="-4"/><kerning first="12377" second="12409" amount="-3"/><kerning first="12377" second="12289" amount="-4"/><kerning first="12377" second="12290" amount="-5"/><kerning first="12503" second="12451" amount="-1"/><kerning first="12503" second="12517" amount="-1"/><kerning first="12503" second="12289" amount="-1"/><kerning first="12503" second="12290" amount="-1"/><kerning first="12375" second="12391" amount="-1"/><kerning first="12375" second="12377" amount="-1"/><kerning first="12375" second="12390" amount="-1"/><kerning first="12375" second="12388" amount="-3"/><kerning first="12390" second="12434" amount="-1"/><kerning first="12390" second="12388" amount="-1"/><kerning first="12390" second="12368" amount="-1"/><kerning first="12390" second="12414" amount="-2"/><kerning first="12390" second="12289" amount="-2"/><kerning first="12390" second="12399" amount="-1"/><kerning first="12390" second="12354" amount="-1"/><kerning first="12390" second="12365" amount="-1"/><kerning first="12390" second="12290" amount="-1"/><kerning first="12390" second="12367" amount="-1"/><kerning first="12489" second="12289" amount="-2"/><kerning first="12489" second="12290" amount="-1"/><kerning first="12398" second="12365" amount="-1"/><kerning first="12510" second="12289" amount="-2"/><kerning first="12510" second="12290" amount="-1"/><kerning first="12481" second="12289" amount="-3"/><kerning first="12481" second="12512" amount="-1"/><kerning first="12481" second="12290" amount="-2"/><kerning first="12464" second="12463" amount="-1"/><kerning first="12464" second="12464" amount="-1"/><kerning first="12464" second="12289" amount="-3"/><kerning first="12464" second="12512" amount="-1"/><kerning first="12464" second="12290" amount="-4"/><kerning first="12450" second="12452" amount="-2"/><kerning first="12450" second="12463" amount="-2"/><kerning first="12450" second="12505" amount="-1"/><kerning first="12450" second="12531" amount="-2"/><kerning first="12450" second="12491" amount="-1"/><kerning first="12450" second="12540" amount="-3"/><kerning first="12450" second="12481" amount="-1"/><kerning first="12450" second="12464" amount="-2"/><kerning first="12450" second="12506" amount="-1"/><kerning first="12450" second="12471" amount="-2"/><kerning first="12450" second="12289" amount="-5"/><kerning first="12450" second="12512" amount="-3"/><kerning first="12450" second="12475" amount="-1"/><kerning first="12450" second="12290" amount="-5"/><kerning first="12450" second="12392" amount="-1"/><kerning first="12388" second="12289" amount="-2"/><kerning first="12388" second="12290" amount="-2"/><kerning first="12409" second="12391" amount="-2"/><kerning first="12409" second="12390" amount="-2"/><kerning first="12471" second="12289" amount="-1"/><kerning first="12471" second="12290" amount="-1"/><kerning first="12515" second="12289" amount="-1"/><kerning first="12515" second="12290" amount="-1"/><kerning first="12501" second="12531" amount="1"/><kerning first="12501" second="12451" amount="-1"/><kerning first="12501" second="12289" amount="-2"/><kerning first="12501" second="12512" amount="-1"/><kerning first="12501" second="12290" amount="-2"/><kerning first="12368" second="12391" amount="1"/><kerning first="12368" second="12390" amount="1"/><kerning first="12368" second="12289" amount="-1"/><kerning first="12368" second="12427" amount="-1"/><kerning first="12368" second="12415" amount="2"/><kerning first="12364" second="12289" amount="-1"/><kerning first="12364" second="12290" amount="-1"/><kerning first="12414" second="12289" amount="-2"/><kerning first="12414" second="12379" amount="-1"/><kerning first="12414" second="12290" amount="-2"/><kerning first="12383" second="12414" amount="-1"/><kerning first="12363" second="12289" amount="-1"/><kerning first="12363" second="12399" amount="-2"/><kerning first="12363" second="12290" amount="-1"/><kerning first="12461" second="12531" amount="-1"/><kerning first="12461" second="12473" amount="-1"/><kerning first="12461" second="12289" amount="-2"/><kerning first="12461" second="12290" amount="-2"/><kerning first="12395" second="12377" amount="1"/><kerning first="12395" second="12368" amount="-1"/><kerning first="12395" second="12364" amount="-1"/><kerning first="12395" second="12289" amount="-1"/><kerning first="12395" second="12373" amount="-1"/><kerning first="12395" second="12371" amount="-1"/><kerning first="12395" second="12367" amount="-1"/><kerning first="12465" second="12452" amount="-1"/><kerning first="12465" second="12524" amount="-1"/><kerning first="12465" second="12505" amount="-1"/><kerning first="12465" second="12531" amount="-1"/><kerning first="12465" second="12486" amount="-1"/><kerning first="12465" second="12506" amount="-1"/><kerning first="12465" second="12289" amount="-4"/><kerning first="12465" second="12512" amount="-3"/><kerning first="12465" second="12290" amount="-4"/><kerning first="12425" second="12391" amount="-1"/><kerning first="12425" second="12377" amount="-1"/><kerning first="12425" second="12390" amount="-1"/><kerning first="12425" second="12379" amount="-1"/><kerning first="12360" second="12505" amount="-1"/><kerning first="12360" second="12391" amount="-1"/><kerning first="12360" second="12390" amount="-2"/><kerning first="12360" second="12506" amount="-1"/><kerning first="12360" second="12388" amount="-1"/><kerning first="12360" second="12409" amount="-3"/><kerning first="12360" second="12501" amount="-1"/><kerning first="12360" second="12368" amount="-1"/><kerning first="12360" second="12502" amount="-1"/><kerning first="12360" second="12427" amount="-1"/><kerning first="12360" second="12365" amount="-1"/><kerning first="12360" second="12367" amount="-1"/><kerning first="12426" second="12388" amount="1"/><kerning first="12426" second="12289" amount="-2"/><kerning first="12426" second="12290" amount="-1"/><kerning first="12502" second="12451" amount="-1"/><kerning first="12502" second="12289" amount="-1"/><kerning first="12502" second="12290" amount="-1"/><kerning first="12512" second="12503" amount="-3"/><kerning first="12512" second="12501" amount="-3"/><kerning first="12512" second="12502" amount="-3"/><kerning first="12427" second="12510" amount="-2"/><kerning first="12427" second="12388" amount="-2"/><kerning first="12371" second="12377" amount="-1"/><kerning first="12371" second="12289" amount="-1"/><kerning first="12356" second="12391" amount="-1"/><kerning first="12356" second="12390" amount="-1"/><kerning first="12527" second="12451" amount="-1"/><kerning first="12527" second="12289" amount="-3"/><kerning first="12527" second="12290" amount="-3"/><kerning first="12399" second="12383" amount="-1"/><kerning first="12399" second="12384" amount="-1"/><kerning first="12354" second="12391" amount="-1"/><kerning first="12354" second="12390" amount="-1"/><kerning first="12354" second="12501" amount="-1"/><kerning first="12435" second="12391" amount="-2"/><kerning first="12435" second="12377" amount="-1"/><kerning first="12435" second="12390" amount="-2"/><kerning first="12365" second="12289" amount="-3"/><kerning first="12365" second="12427" amount="-1"/><kerning first="12365" second="12290" amount="-2"/><kerning first="12367" second="12391" amount="-1"/><kerning first="12367" second="12390" amount="-1"/><kerning first="12367" second="12427" amount="-1"/><kerning first="12367" second="12415" amount="2"/><kerning first="12384" second="12414" amount="-1"/><kerning first="12384" second="12289" amount="-1"/><kerning first="12384" second="12290" amount="-1"/><kerning first="12392" second="12391" amount="-1"/><kerning first="12392" second="12377" amount="-1"/><kerning first="12392" second="12390" amount="-1"/><kerning first="12392" second="12394" amount="-1"/><kerning first="12392" second="12388" amount="-2"/><kerning first="12392" second="12409" amount="-2"/><kerning first="12392" second="12289" amount="-2"/><kerning first="12392" second="12367" amount="-1"/></kernings></font>