<?xml version="1.0" encoding="UTF-8"?><font><info face="NotoSansJP-Black" size="70" bold="0" italic="0" charset="" unicode="1" stretchH="100" smooth="1" aa="1" padding="1,1,1,1" spacing="1,1"/><common lineHeight="70" base="81" scaleW="1030" scaleH="1030" pages="1" packed="0"/><pages><page id="0" file="Noto-Black-Yellow-Stroke.png"/></pages><chars count="220"><char id="32" x="0" y="0" width="0" height="0" xoffset="1" yoffset="0" xadvance="18" page="0" chnl="15"/><char id="33" x="1002" y="334" width="27" height="67" xoffset="1" yoffset="22" xadvance="29" page="0" chnl="15"/><char id="34" x="286" y="913" width="45" height="40" xoffset="1" yoffset="21" xadvance="46" page="0" chnl="15"/><char id="35" x="968" y="848" width="50" height="64" xoffset="-2" yoffset="24" xadvance="44" page="0" chnl="15"/><char id="36" x="289" y="0" width="47" height="81" xoffset="-2" yoffset="16" xadvance="44" page="0" chnl="15"/><char id="37" x="691" y="712" width="77" height="66" xoffset="-3" yoffset="23" xadvance="71" page="0" chnl="15"/><char id="38" x="769" y="712" width="63" height="66" xoffset="-3" yoffset="23" xadvance="56" page="0" chnl="15"/><char id="39" x="994" y="976" width="25" height="40" xoffset="1" yoffset="21" xadvance="26" page="0" chnl="15"/><char id="40" x="56" y="0" width="30" height="86" xoffset="1" yoffset="17" xadvance="30" page="0" chnl="15"/><char id="41" x="87" y="0" width="31" height="86" xoffset="-1" yoffset="17" xadvance="30" page="0" chnl="15"/><char id="42" x="900" y="976" width="43" height="42" xoffset="-2" yoffset="19" xadvance="39" page="0" chnl="15"/><char id="43" x="772" y="976" width="49" height="51" xoffset="-2" yoffset="30" xadvance="44" page="0" chnl="15"/><char id="44" x="870" y="976" width="29" height="43" xoffset="-1" yoffset="61" xadvance="26" page="0" chnl="15"/><char id="45" x="547" y="913" width="33" height="22" xoffset="-2" yoffset="51" xadvance="28" page="0" chnl="15"/><char id="46" x="369" y="913" width="27" height="27" xoffset="0" yoffset="62" xadvance="26" page="0" chnl="15"/><char id="47" x="119" y="0" width="36" height="82" xoffset="-4" yoffset="19" xadvance="28" page="0" chnl="15"/><char id="48" x="218" y="712" width="49" height="66" xoffset="-2" yoffset="23" xadvance="44" page="0" chnl="15"/><char id="49" x="773" y="781" width="46" height="64" xoffset="0" yoffset="24" xadvance="44" page="0" chnl="15"/><char id="50" x="283" y="781" width="50" height="65" xoffset="-3" yoffset="23" xadvance="44" page="0" chnl="15"/><char id="51" x="268" y="712" width="49" height="66" xoffset="-3" yoffset="23" xadvance="44" page="0" chnl="15"/><char id="52" x="820" y="781" width="52" height="64" xoffset="-4" yoffset="24" xadvance="44" page="0" chnl="15"/><char id="53" x="334" y="781" width="49" height="65" xoffset="-3" yoffset="24" xadvance="44" page="0" chnl="15"/><char id="54" x="318" y="712" width="49" height="66" xoffset="-2" yoffset="23" xadvance="44" page="0" chnl="15"/><char id="55" x="873" y="781" width="49" height="64" xoffset="-2" yoffset="24" xadvance="44" page="0" chnl="15"/><char id="56" x="368" y="712" width="49" height="66" xoffset="-2" yoffset="23" xadvance="44" page="0" chnl="15"/><char id="57" x="418" y="712" width="49" height="66" xoffset="-2" yoffset="23" xadvance="44" page="0" chnl="15"/><char id="58" x="454" y="976" width="27" height="53" xoffset="0" yoffset="36" xadvance="26" page="0" chnl="15"/><char id="59" x="0" y="712" width="29" height="68" xoffset="-1" yoffset="36" xadvance="26" page="0" chnl="15"/><char id="61" x="944" y="976" width="49" height="40" xoffset="-2" yoffset="36" xadvance="44" page="0" chnl="15"/><char id="63" x="30" y="712" width="43" height="68" xoffset="-2" yoffset="21" xadvance="39" page="0" chnl="15"/><char id="64" x="481" y="0" width="77" height="80" xoffset="-1" yoffset="22" xadvance="74" page="0" chnl="15"/><char id="65" x="965" y="781" width="60" height="64" xoffset="-6" yoffset="24" xadvance="48" page="0" chnl="15"/><char id="66" x="0" y="848" width="52" height="64" xoffset="1" yoffset="24" xadvance="50" page="0" chnl="15"/><char id="67" x="468" y="712" width="53" height="66" xoffset="-1" yoffset="23" xadvance="48" page="0" chnl="15"/><char id="68" x="53" y="848" width="54" height="64" xoffset="1" yoffset="24" xadvance="53" page="0" chnl="15"/><char id="69" x="108" y="848" width="46" height="64" xoffset="1" yoffset="24" xadvance="46" page="0" chnl="15"/><char id="70" x="155" y="848" width="46" height="64" xoffset="1" yoffset="24" xadvance="44" page="0" chnl="15"/><char id="71" x="522" y="712" width="55" height="66" xoffset="-1" yoffset="23" xadvance="53" page="0" chnl="15"/><char id="72" x="202" y="848" width="55" height="64" xoffset="1" yoffset="24" xadvance="56" page="0" chnl="15"/><char id="73" x="258" y="848" width="25" height="64" xoffset="1" yoffset="24" xadvance="26" page="0" chnl="15"/><char id="74" x="384" y="781" width="47" height="65" xoffset="-4" yoffset="24" xadvance="43" page="0" chnl="15"/><char id="75" x="284" y="848" width="56" height="64" xoffset="1" yoffset="24" xadvance="51" page="0" chnl="15"/><char id="76" x="341" y="848" width="45" height="64" xoffset="1" yoffset="24" xadvance="43" page="0" chnl="15"/><char id="77" x="387" y="848" width="62" height="64" xoffset="1" yoffset="24" xadvance="63" page="0" chnl="15"/><char id="78" x="450" y="848" width="54" height="64" xoffset="1" yoffset="24" xadvance="55" page="0" chnl="15"/><char id="79" x="578" y="712" width="60" height="66" xoffset="-1" yoffset="23" xadvance="57" page="0" chnl="15"/><char id="80" x="505" y="848" width="51" height="64" xoffset="1" yoffset="24" xadvance="50" page="0" chnl="15"/><char id="81" x="417" y="0" width="63" height="80" xoffset="-1" yoffset="23" xadvance="57" page="0" chnl="15"/><char id="82" x="557" y="848" width="54" height="64" xoffset="1" yoffset="24" xadvance="51" page="0" chnl="15"/><char id="83" x="639" y="712" width="51" height="66" xoffset="-2" yoffset="23" xadvance="46" page="0" chnl="15"/><char id="84" x="612" y="848" width="53" height="64" xoffset="-3" yoffset="24" xadvance="46" page="0" chnl="15"/><char id="85" x="432" y="781" width="54" height="65" xoffset="1" yoffset="24" xadvance="55" page="0" chnl="15"/><char id="86" x="666" y="848" width="59" height="64" xoffset="-6" yoffset="24" xadvance="47" page="0" chnl="15"/><char id="87" x="726" y="848" width="75" height="64" xoffset="-4" yoffset="24" xadvance="67" page="0" chnl="15"/><char id="88" x="802" y="848" width="56" height="64" xoffset="-4" yoffset="24" xadvance="47" page="0" chnl="15"/><char id="89" x="859" y="848" width="57" height="64" xoffset="-6" yoffset="24" xadvance="44" page="0" chnl="15"/><char id="90" x="917" y="848" width="50" height="64" xoffset="-2" yoffset="24" xadvance="45" page="0" chnl="15"/><char id="91" x="227" y="0" width="30" height="82" xoffset="2" yoffset="19" xadvance="30" page="0" chnl="15"/><char id="93" x="258" y="0" width="30" height="82" xoffset="-1" yoffset="19" xadvance="30" page="0" chnl="15"/><char id="94" x="822" y="976" width="47" height="45" xoffset="-1" yoffset="22" xadvance="44" page="0" chnl="15"/><char id="95" x="581" y="913" width="51" height="20" xoffset="-4" yoffset="80" xadvance="42" page="0" chnl="15"/><char id="97" x="0" y="976" width="47" height="54" xoffset="-2" yoffset="35" xadvance="44" page="0" chnl="15"/><char id="98" x="219" y="641" width="50" height="69" xoffset="0" yoffset="20" xadvance="48" page="0" chnl="15"/><char id="99" x="48" y="976" width="45" height="54" xoffset="-2" yoffset="35" xadvance="39" page="0" chnl="15"/><char id="100" x="270" y="641" width="51" height="69" xoffset="-2" yoffset="20" xadvance="48" page="0" chnl="15"/><char id="101" x="94" y="976" width="48" height="54" xoffset="-2" yoffset="35" xadvance="43" page="0" chnl="15"/><char id="102" x="322" y="641" width="40" height="69" xoffset="-3" yoffset="19" xadvance="29" page="0" chnl="15"/><char id="103" x="942" y="567" width="51" height="70" xoffset="-2" yoffset="35" xadvance="45" page="0" chnl="15"/><char id="104" x="762" y="641" width="49" height="68" xoffset="0" yoffset="20" xadvance="48" page="0" chnl="15"/><char id="105" x="994" y="567" width="26" height="70" xoffset="-1" yoffset="18" xadvance="24" page="0" chnl="15"/><char id="106" x="21" y="0" width="34" height="86" xoffset="-9" yoffset="18" xadvance="24" page="0" chnl="15"/><char id="107" x="812" y="641" width="51" height="68" xoffset="0" yoffset="20" xadvance="46" page="0" chnl="15"/><char id="108" x="363" y="641" width="30" height="69" xoffset="0" yoffset="20" xadvance="25" page="0" chnl="15"/><char id="109" x="240" y="976" width="72" height="53" xoffset="0" yoffset="35" xadvance="70" page="0" chnl="15"/><char id="110" x="313" y="976" width="49" height="53" xoffset="0" yoffset="35" xadvance="48" page="0" chnl="15"/><char id="111" x="143" y="976" width="51" height="54" xoffset="-2" yoffset="35" xadvance="46" page="0" chnl="15"/><char id="112" x="864" y="641" width="50" height="68" xoffset="0" yoffset="35" xadvance="48" page="0" chnl="15"/><char id="113" x="915" y="641" width="51" height="68" xoffset="-2" yoffset="35" xadvance="48" page="0" chnl="15"/><char id="114" x="363" y="976" width="40" height="53" xoffset="0" yoffset="35" xadvance="34" page="0" chnl="15"/><char id="115" x="195" y="976" width="44" height="54" xoffset="-3" yoffset="35" xadvance="37" page="0" chnl="15"/><char id="116" x="923" y="781" width="41" height="64" xoffset="-4" yoffset="25" xadvance="33" page="0" chnl="15"/><char id="117" x="404" y="976" width="49" height="53" xoffset="-1" yoffset="36" xadvance="47" page="0" chnl="15"/><char id="118" x="482" y="976" width="53" height="52" xoffset="-4" yoffset="36" xadvance="44" page="0" chnl="15"/><char id="119" x="536" y="976" width="71" height="52" xoffset="-3" yoffset="36" xadvance="64" page="0" chnl="15"/><char id="120" x="608" y="976" width="52" height="52" xoffset="-4" yoffset="36" xadvance="43" page="0" chnl="15"/><char id="121" x="967" y="641" width="52" height="68" xoffset="-4" yoffset="36" xadvance="44" page="0" chnl="15"/><char id="122" x="661" y="976" width="45" height="52" xoffset="-2" yoffset="36" xadvance="39" page="0" chnl="15"/><char id="123" x="156" y="0" width="35" height="82" xoffset="-3" yoffset="19" xadvance="30" page="0" chnl="15"/><char id="124" x="0" y="0" width="20" height="93" xoffset="2" yoffset="16" xadvance="23" page="0" chnl="15"/><char id="125" x="192" y="0" width="34" height="82" xoffset="-1" yoffset="19" xadvance="30" page="0" chnl="15"/><char id="8470" x="487" y="781" width="86" height="65" xoffset="-2" yoffset="24" xadvance="80" page="0" chnl="15"/><char id="12289" x="332" y="913" width="36" height="35" xoffset="-3" yoffset="58" xadvance="71" page="0" chnl="15"/><char id="12300" x="211" y="913" width="37" height="57" xoffset="39" yoffset="16" xadvance="71" page="0" chnl="15"/><char id="12301" x="249" y="913" width="36" height="57" xoffset="-3" yoffset="38" xadvance="71" page="0" chnl="15"/><char id="12354" x="879" y="491" width="72" height="74" xoffset="1" yoffset="19" xadvance="71" page="0" chnl="15"/><char id="12356" x="209" y="781" width="73" height="66" xoffset="1" yoffset="25" xadvance="71" page="0" chnl="15"/><char id="12360" x="66" y="491" width="71" height="75" xoffset="1" yoffset="18" xadvance="71" page="0" chnl="15"/><char id="12363" x="74" y="567" width="79" height="73" xoffset="-2" yoffset="19" xadvance="71" page="0" chnl="15"/><char id="12364" x="723" y="174" width="78" height="79" xoffset="-2" yoffset="14" xadvance="71" page="0" chnl="15"/><char id="12365" x="138" y="491" width="64" height="75" xoffset="5" yoffset="18" xadvance="71" page="0" chnl="15"/><char id="12368" x="316" y="334" width="63" height="78" xoffset="5" yoffset="17" xadvance="71" page="0" chnl="15"/><char id="12371" x="968" y="94" width="62" height="68" xoffset="5" yoffset="24" xadvance="71" page="0" chnl="15"/><char id="12373" x="0" y="491" width="65" height="75" xoffset="4" yoffset="18" xadvance="71" page="0" chnl="15"/><char id="12375" x="276" y="491" width="64" height="74" xoffset="8" yoffset="20" xadvance="71" page="0" chnl="15"/><char id="12376" x="814" y="491" width="64" height="74" xoffset="7" yoffset="20" xadvance="71" page="0" chnl="15"/><char id="12377" x="541" y="414" width="72" height="75" xoffset="1" yoffset="19" xadvance="71" page="0" chnl="15"/><char id="12379" x="568" y="567" width="76" height="72" xoffset="-3" yoffset="20" xadvance="71" page="0" chnl="15"/><char id="12383" x="617" y="491" width="72" height="74" xoffset="0" yoffset="19" xadvance="71" page="0" chnl="15"/><char id="12388" x="65" y="913" width="75" height="61" xoffset="-2" yoffset="28" xadvance="71" page="0" chnl="15"/><char id="12390" x="543" y="641" width="71" height="69" xoffset="-1" yoffset="23" xadvance="71" page="0" chnl="15"/><char id="12391" x="468" y="641" width="74" height="69" xoffset="-1" yoffset="23" xadvance="71" page="0" chnl="15"/><char id="12394" x="152" y="414" width="76" height="76" xoffset="-2" yoffset="18" xadvance="71" page="0" chnl="15"/><char id="12395" x="794" y="567" width="71" height="71" xoffset="1" yoffset="21" xadvance="71" page="0" chnl="15"/><char id="12398" x="615" y="641" width="75" height="69" xoffset="-2" yoffset="23" xadvance="71" page="0" chnl="15"/><char id="12399" x="866" y="567" width="75" height="71" xoffset="1" yoffset="21" xadvance="71" page="0" chnl="15"/><char id="12409" x="79" y="781" width="79" height="66" xoffset="-4" yoffset="23" xadvance="71" page="0" chnl="15"/><char id="12414" x="553" y="491" width="63" height="74" xoffset="6" yoffset="19" xadvance="71" page="0" chnl="15"/><char id="12415" x="154" y="567" width="77" height="73" xoffset="-2" yoffset="21" xadvance="71" page="0" chnl="15"/><char id="12425" x="690" y="491" width="64" height="74" xoffset="5" yoffset="19" xadvance="71" page="0" chnl="15"/><char id="12426" x="755" y="491" width="58" height="74" xoffset="7" yoffset="19" xadvance="71" page="0" chnl="15"/><char id="12427" x="497" y="567" width="70" height="72" xoffset="0" yoffset="21" xadvance="71" page="0" chnl="15"/><char id="12428" x="461" y="414" width="79" height="75" xoffset="-3" yoffset="18" xadvance="71" page="0" chnl="15"/><char id="12434" x="388" y="414" width="72" height="75" xoffset="-1" yoffset="18" xadvance="71" page="0" chnl="15"/><char id="12435" x="952" y="491" width="77" height="74" xoffset="-2" yoffset="19" xadvance="71" page="0" chnl="15"/><char id="12450" x="720" y="567" width="73" height="71" xoffset="2" yoffset="22" xadvance="71" page="0" chnl="15"/><char id="12451" x="574" y="781" width="63" height="65" xoffset="2" yoffset="30" xadvance="71" page="0" chnl="15"/><char id="12452" x="203" y="491" width="72" height="74" xoffset="-2" yoffset="18" xadvance="71" page="0" chnl="15"/><char id="12461" x="960" y="0" width="70" height="75" xoffset="1" yoffset="18" xadvance="71" page="0" chnl="15"/><char id="12463" x="0" y="414" width="72" height="76" xoffset="-1" yoffset="17" xadvance="71" page="0" chnl="15"/><char id="12464" x="337" y="0" width="79" height="81" xoffset="-3" yoffset="14" xadvance="71" page="0" chnl="15"/><char id="12465" x="932" y="414" width="75" height="75" xoffset="-3" yoffset="18" xadvance="71" page="0" chnl="15"/><char id="12467" x="833" y="712" width="66" height="66" xoffset="4" yoffset="25" xadvance="71" page="0" chnl="15"/><char id="12471" x="0" y="567" width="73" height="73" xoffset="0" yoffset="20" xadvance="71" page="0" chnl="15"/><char id="12473" x="394" y="641" width="73" height="69" xoffset="-1" yoffset="23" xadvance="71" page="0" chnl="15"/><char id="12475" x="645" y="567" width="74" height="72" xoffset="-2" yoffset="20" xadvance="71" page="0" chnl="15"/><char id="12479" x="539" y="334" width="73" height="77" xoffset="-2" yoffset="16" xadvance="71" page="0" chnl="15"/><char id="12481" x="401" y="491" width="73" height="74" xoffset="0" yoffset="19" xadvance="71" page="0" chnl="15"/><char id="12483" x="0" y="913" width="64" height="62" xoffset="5" yoffset="34" xadvance="71" page="0" chnl="15"/><char id="12486" x="287" y="567" width="73" height="72" xoffset="0" yoffset="21" xadvance="71" page="0" chnl="15"/><char id="12488" x="232" y="567" width="54" height="72" xoffset="15" yoffset="20" xadvance="71" page="0" chnl="15"/><char id="12489" x="341" y="491" width="59" height="74" xoffset="13" yoffset="19" xadvance="71" page="0" chnl="15"/><char id="12491" x="141" y="913" width="69" height="60" xoffset="1" yoffset="27" xadvance="71" page="0" chnl="15"/><char id="12493" x="310" y="414" width="77" height="75" xoffset="-2" yoffset="18" xadvance="71" page="0" chnl="15"/><char id="12501" x="149" y="712" width="68" height="68" xoffset="3" yoffset="24" xadvance="71" page="0" chnl="15"/><char id="12502" x="463" y="334" width="75" height="78" xoffset="1" yoffset="15" xadvance="71" page="0" chnl="15"/><char id="12503" x="158" y="334" width="75" height="78" xoffset="1" yoffset="15" xadvance="71" page="0" chnl="15"/><char id="12505" x="900" y="712" width="78" height="66" xoffset="-3" yoffset="23" xadvance="71" page="0" chnl="15"/><char id="12506" x="0" y="781" width="78" height="66" xoffset="-3" yoffset="23" xadvance="71" page="0" chnl="15"/><char id="12508" x="767" y="334" width="79" height="77" xoffset="-3" yoffset="16" xadvance="71" page="0" chnl="15"/><char id="12510" x="74" y="712" width="74" height="68" xoffset="1" yoffset="25" xadvance="71" page="0" chnl="15"/><char id="12512" x="420" y="567" width="76" height="72" xoffset="-1" yoffset="20" xadvance="71" page="0" chnl="15"/><char id="12515" x="638" y="781" width="66" height="65" xoffset="4" yoffset="31" xadvance="71" page="0" chnl="15"/><char id="12517" x="707" y="976" width="64" height="52" xoffset="4" yoffset="39" xadvance="71" page="0" chnl="15"/><char id="12522" x="361" y="567" width="58" height="72" xoffset="7" yoffset="21" xadvance="71" page="0" chnl="15"/><char id="12523" x="0" y="641" width="79" height="70" xoffset="-3" yoffset="22" xadvance="71" page="0" chnl="15"/><char id="12524" x="80" y="641" width="65" height="70" xoffset="8" yoffset="22" xadvance="71" page="0" chnl="15"/><char id="12525" x="705" y="781" width="67" height="65" xoffset="3" yoffset="25" xadvance="71" page="0" chnl="15"/><char id="12527" x="691" y="641" width="70" height="69" xoffset="2" yoffset="24" xadvance="71" page="0" chnl="15"/><char id="12531" x="146" y="641" width="72" height="70" xoffset="2" yoffset="22" xadvance="71" page="0" chnl="15"/><char id="12540" x="397" y="913" width="70" height="26" xoffset="1" yoffset="42" xadvance="71" page="0" chnl="15"/><char id="19968" x="468" y="913" width="78" height="24" xoffset="-3" yoffset="43" xadvance="71" page="0" chnl="15"/><char id="19978" x="775" y="414" width="77" height="75" xoffset="-2" yoffset="17" xadvance="71" page="0" chnl="15"/><char id="20006" x="847" y="334" width="76" height="77" xoffset="-2" yoffset="16" xadvance="71" page="0" chnl="15"/><char id="20013" x="870" y="254" width="71" height="79" xoffset="1" yoffset="16" xadvance="71" page="0" chnl="15"/><char id="20102" x="960" y="174" width="70" height="75" xoffset="2" yoffset="20" xadvance="71" page="0" chnl="15"/><char id="20170" x="559" y="0" width="80" height="80" xoffset="-4" yoffset="15" xadvance="71" page="0" chnl="15"/><char id="20449" x="708" y="254" width="80" height="79" xoffset="-4" yoffset="16" xadvance="71" page="0" chnl="15"/><char id="20493" x="644" y="94" width="81" height="79" xoffset="-5" yoffset="16" xadvance="71" page="0" chnl="15"/><char id="20572" x="0" y="94" width="81" height="79" xoffset="-5" yoffset="16" xadvance="71" page="0" chnl="15"/><char id="20837" x="614" y="414" width="79" height="75" xoffset="-3" yoffset="20" xadvance="71" page="0" chnl="15"/><char id="20998" x="380" y="334" width="82" height="78" xoffset="-5" yoffset="17" xadvance="71" page="0" chnl="15"/><char id="20999" x="687" y="334" width="79" height="77" xoffset="-4" yoffset="18" xadvance="71" page="0" chnl="15"/><char id="21033" x="566" y="94" width="77" height="79" xoffset="-4" yoffset="16" xadvance="71" page="0" chnl="15"/><char id="21066" x="883" y="174" width="76" height="79" xoffset="-3" yoffset="16" xadvance="71" page="0" chnl="15"/><char id="21069" x="239" y="254" width="77" height="79" xoffset="-2" yoffset="16" xadvance="71" page="0" chnl="15"/><char id="21213" x="484" y="94" width="81" height="79" xoffset="-4" yoffset="16" xadvance="71" page="0" chnl="15"/><char id="21451" x="82" y="94" width="79" height="79" xoffset="-4" yoffset="16" xadvance="71" page="0" chnl="15"/><char id="21462" x="694" y="414" width="80" height="75" xoffset="-4" yoffset="20" xadvance="71" page="0" chnl="15"/><char id="21487" x="475" y="491" width="77" height="74" xoffset="-2" yoffset="21" xadvance="71" page="0" chnl="15"/><char id="21578" x="0" y="334" width="76" height="79" xoffset="-2" yoffset="16" xadvance="71" page="0" chnl="15"/><char id="22730" x="321" y="174" width="80" height="79" xoffset="-4" yoffset="16" xadvance="71" page="0" chnl="15"/><char id="22833" x="162" y="94" width="79" height="79" xoffset="-3" yoffset="16" xadvance="71" page="0" chnl="15"/><char id="24195" x="942" y="254" width="80" height="79" xoffset="-4" yoffset="16" xadvance="71" page="0" chnl="15"/><char id="24382" x="402" y="174" width="79" height="79" xoffset="-3" yoffset="16" xadvance="71" page="0" chnl="15"/><char id="24453" x="801" y="0" width="80" height="79" xoffset="-4" yoffset="16" xadvance="71" page="0" chnl="15"/><char id="24460" x="158" y="254" width="80" height="79" xoffset="-4" yoffset="16" xadvance="71" page="0" chnl="15"/><char id="24471" x="805" y="94" width="79" height="79" xoffset="-5" yoffset="16" xadvance="71" page="0" chnl="15"/><char id="24489" x="323" y="94" width="80" height="79" xoffset="-4" yoffset="16" xadvance="71" page="0" chnl="15"/><char id="25163" x="726" y="94" width="78" height="79" xoffset="-3" yoffset="16" xadvance="71" page="0" chnl="15"/><char id="25307" x="722" y="0" width="78" height="79" xoffset="-4" yoffset="16" xadvance="71" page="0" chnl="15"/><char id="25509" x="78" y="254" width="79" height="79" xoffset="-4" yoffset="16" xadvance="71" page="0" chnl="15"/><char id="25943" x="242" y="94" width="80" height="79" xoffset="-4" yoffset="16" xadvance="71" page="0" chnl="15"/><char id="26009" x="642" y="174" width="80" height="79" xoffset="-4" yoffset="16" xadvance="71" page="0" chnl="15"/><char id="26178" x="882" y="0" width="77" height="79" xoffset="-1" yoffset="16" xadvance="71" page="0" chnl="15"/><char id="26228" x="555" y="254" width="77" height="79" xoffset="-1" yoffset="16" xadvance="71" page="0" chnl="15"/><char id="26367" x="317" y="254" width="80" height="79" xoffset="-4" yoffset="16" xadvance="71" page="0" chnl="15"/><char id="26368" x="924" y="334" width="77" height="77" xoffset="-2" yoffset="18" xadvance="71" page="0" chnl="15"/><char id="27490" x="73" y="414" width="78" height="76" xoffset="-3" yoffset="16" xadvance="71" page="0" chnl="15"/><char id="27963" x="404" y="94" width="79" height="79" xoffset="-3" yoffset="16" xadvance="71" page="0" chnl="15"/><char id="28040" x="482" y="174" width="78" height="79" xoffset="-3" yoffset="16" xadvance="71" page="0" chnl="15"/><char id="28961" x="561" y="174" width="80" height="79" xoffset="-4" yoffset="16" xadvance="71" page="0" chnl="15"/><char id="29190" x="234" y="334" width="81" height="78" xoffset="-4" yoffset="17" xadvance="71" page="0" chnl="15"/><char id="30330" x="802" y="174" width="80" height="79" xoffset="-4" yoffset="16" xadvance="71" page="0" chnl="15"/><char id="30772" x="241" y="174" width="79" height="79" xoffset="-4" yoffset="16" xadvance="71" page="0" chnl="15"/><char id="31034" x="853" y="414" width="78" height="75" xoffset="-4" yoffset="20" xadvance="71" page="0" chnl="15"/><char id="32032" x="475" y="254" width="79" height="79" xoffset="-3" yoffset="16" xadvance="71" page="0" chnl="15"/><char id="32066" x="640" y="0" width="81" height="80" xoffset="-4" yoffset="16" xadvance="71" page="0" chnl="15"/><char id="32154" x="885" y="94" width="82" height="79" xoffset="-5" yoffset="16" xadvance="71" page="0" chnl="15"/><char id="33021" x="80" y="174" width="79" height="79" xoffset="-3" yoffset="16" xadvance="71" page="0" chnl="15"/><char id="33391" x="398" y="254" width="76" height="79" xoffset="-1" yoffset="16" xadvance="71" page="0" chnl="15"/><char id="34892" x="0" y="174" width="79" height="79" xoffset="-4" yoffset="16" xadvance="71" page="0" chnl="15"/><char id="34920" x="160" y="174" width="80" height="79" xoffset="-4" yoffset="16" xadvance="71" page="0" chnl="15"/><char id="35501" x="789" y="254" width="80" height="79" xoffset="-3" yoffset="16" xadvance="71" page="0" chnl="15"/><char id="36796" x="229" y="414" width="80" height="76" xoffset="-4" yoffset="18" xadvance="71" page="0" chnl="15"/><char id="36948" x="77" y="334" width="80" height="78" xoffset="-4" yoffset="16" xadvance="71" page="0" chnl="15"/><char id="38291" x="613" y="334" width="73" height="77" xoffset="0" yoffset="18" xadvance="71" page="0" chnl="15"/><char id="38500" x="0" y="254" width="77" height="79" xoffset="-1" yoffset="16" xadvance="71" page="0" chnl="15"/><char id="39640" x="633" y="254" width="74" height="79" xoffset="-1" yoffset="16" xadvance="71" page="0" chnl="15"/><char id="65281" x="979" y="712" width="26" height="66" xoffset="23" yoffset="23" xadvance="71" page="0" chnl="15"/><char id="65311" x="159" y="781" width="49" height="66" xoffset="12" yoffset="23" xadvance="71" page="0" chnl="15"/></chars><kernings count="988"><kerning first="97" second="116" amount="-2"/><kerning first="97" second="84" amount="-2"/><kerning first="97" second="86" amount="-2"/><kerning first="97" second="87" amount="-1"/><kerning first="97" second="89" amount="-2"/><kerning first="97" second="63" amount="-3"/><kerning first="97" second="42" amount="-3"/><kerning first="98" second="97" amount="-1"/><kerning first="98" second="116" amount="-2"/><kerning first="98" second="118" amount="-1"/><kerning first="98" second="119" amount="-1"/><kerning first="98" second="120" amount="-2"/><kerning first="98" second="121" amount="-1"/><kerning first="98" second="122" amount="-1"/><kerning first="98" second="84" amount="-5"/><kerning first="98" second="86" amount="-2"/><kerning first="98" second="88" amount="-1"/><kerning first="98" second="89" amount="-5"/><kerning first="98" second="63" amount="-3"/><kerning first="98" second="46" amount="-1"/><kerning first="98" second="44" amount="-1"/><kerning first="98" second="34" amount="-1"/><kerning first="98" second="39" amount="-1"/><kerning first="99" second="97" amount="-1"/><kerning first="99" second="99" amount="-2"/><kerning first="99" second="100" amount="-2"/><kerning first="99" second="101" amount="-2"/><kerning first="99" second="103" amount="-1"/><kerning first="99" second="111" amount="-2"/><kerning first="99" second="113" amount="-2"/><kerning first="99" second="116" amount="-1"/><kerning first="99" second="120" amount="-1"/><kerning first="99" second="84" amount="-2"/><kerning first="99" second="86" amount="-2"/><kerning first="99" second="89" amount="-2"/><kerning first="99" second="45" amount="-3"/><kerning first="101" second="97" amount="-1"/><kerning first="101" second="103" amount="-1"/><kerning first="101" second="116" amount="-1"/><kerning first="101" second="118" amount="-1"/><kerning first="101" second="119" amount="-1"/><kerning first="101" second="120" amount="-1"/><kerning first="101" second="121" amount="-1"/><kerning first="101" second="122" amount="-1"/><kerning first="101" second="74" amount="-2"/><kerning first="101" second="83" amount="-2"/><kerning first="101" second="84" amount="-2"/><kerning first="101" second="86" amount="-2"/><kerning first="101" second="87" amount="-1"/><kerning first="101" second="89" amount="-3"/><kerning first="101" second="63" amount="-1"/><kerning first="101" second="42" amount="-2"/><kerning first="101" second="45" amount="1"/><kerning first="102" second="97" amount="-2"/><kerning first="102" second="99" amount="-1"/><kerning first="102" second="100" amount="-1"/><kerning first="102" second="101" amount="-1"/><kerning first="102" second="103" amount="-1"/><kerning first="102" second="106" amount="-1"/><kerning first="102" second="111" amount="-1"/><kerning first="102" second="113" amount="-1"/><kerning first="102" second="115" amount="-1"/><kerning first="102" second="120" amount="-1"/><kerning first="102" second="122" amount="-2"/><kerning first="102" second="84" amount="3"/><kerning first="102" second="86" amount="5"/><kerning first="102" second="87" amount="3"/><kerning first="102" second="88" amount="2"/><kerning first="102" second="89" amount="4"/><kerning first="102" second="63" amount="2"/><kerning first="102" second="41" amount="3"/><kerning first="102" second="45" amount="-2"/><kerning first="102" second="46" amount="-5"/><kerning first="102" second="44" amount="-5"/><kerning first="102" second="34" amount="3"/><kerning first="102" second="39" amount="3"/><kerning first="102" second="125" amount="3"/><kerning first="102" second="93" amount="3"/><kerning first="103" second="97" amount="-2"/><kerning first="103" second="99" amount="-2"/><kerning first="103" second="100" amount="-2"/><kerning first="103" second="101" amount="-2"/><kerning first="103" second="106" amount="4"/><kerning first="103" second="111" amount="-2"/><kerning first="103" second="113" amount="-2"/><kerning first="103" second="118" amount="-1"/><kerning first="103" second="119" amount="-1"/><kerning first="103" second="122" amount="-2"/><kerning first="103" second="84" amount="-3"/><kerning first="103" second="89" amount="-2"/><kerning first="103" second="63" amount="-4"/><kerning first="103" second="42" amount="-2"/><kerning first="103" second="47" amount="2"/><kerning first="104" second="84" amount="-2"/><kerning first="104" second="86" amount="-1"/><kerning first="104" second="89" amount="-2"/><kerning first="104" second="63" amount="-1"/><kerning first="104" second="42" amount="-2"/><kerning first="107" second="97" amount="-1"/><kerning first="107" second="99" amount="-2"/><kerning first="107" second="100" amount="-2"/><kerning first="107" second="101" amount="-2"/><kerning first="107" second="103" amount="-1"/><kerning first="107" second="106" amount="-1"/><kerning first="107" second="111" amount="-2"/><kerning first="107" second="113" amount="-2"/><kerning first="107" second="116" amount="-3"/><kerning first="107" second="117" amount="-2"/><kerning first="107" second="120" amount="-1"/><kerning first="107" second="122" amount="-1"/><kerning first="107" second="84" amount="-4"/><kerning first="107" second="89" amount="-1"/><kerning first="107" second="63" amount="-3"/><kerning first="107" second="42" amount="-2"/><kerning first="107" second="45" amount="-7"/><kerning first="108" second="106" amount="1"/><kerning first="109" second="84" amount="-2"/><kerning first="109" second="86" amount="-1"/><kerning first="109" second="89" amount="-2"/><kerning first="109" second="63" amount="-1"/><kerning first="109" second="42" amount="-2"/><kerning first="110" second="84" amount="-2"/><kerning first="110" second="86" amount="-1"/><kerning first="110" second="89" amount="-2"/><kerning first="110" second="63" amount="-1"/><kerning first="110" second="42" amount="-2"/><kerning first="111" second="97" amount="-1"/><kerning first="111" second="116" amount="-2"/><kerning first="111" second="118" amount="-1"/><kerning first="111" second="119" amount="-1"/><kerning first="111" second="120" amount="-2"/><kerning first="111" second="121" amount="-1"/><kerning first="111" second="122" amount="-1"/><kerning first="111" second="84" amount="-5"/><kerning first="111" second="86" amount="-2"/><kerning first="111" second="88" amount="-1"/><kerning first="111" second="89" amount="-5"/><kerning first="111" second="63" amount="-3"/><kerning first="111" second="46" amount="-1"/><kerning first="111" second="44" amount="-1"/><kerning first="111" second="34" amount="-1"/><kerning first="111" second="39" amount="-1"/><kerning first="112" second="97" amount="-1"/><kerning first="112" second="116" amount="-2"/><kerning first="112" second="118" amount="-1"/><kerning first="112" second="119" amount="-1"/><kerning first="112" second="120" amount="-2"/><kerning first="112" second="121" amount="-1"/><kerning first="112" second="122" amount="-1"/><kerning first="112" second="84" amount="-5"/><kerning first="112" second="86" amount="-2"/><kerning first="112" second="88" amount="-1"/><kerning first="112" second="89" amount="-5"/><kerning first="112" second="63" amount="-3"/><kerning first="112" second="46" amount="-1"/><kerning first="112" second="44" amount="-1"/><kerning first="112" second="34" amount="-1"/><kerning first="112" second="39" amount="-1"/><kerning first="113" second="84" amount="-2"/><kerning first="113" second="86" amount="-2"/><kerning first="113" second="89" amount="-2"/><kerning first="113" second="42" amount="-1"/><kerning first="114" second="97" amount="-2"/><kerning first="114" second="99" amount="-1"/><kerning first="114" second="100" amount="-1"/><kerning first="114" second="101" amount="-1"/><kerning first="114" second="103" amount="-1"/><kerning first="114" second="111" amount="-1"/><kerning first="114" second="113" amount="-1"/><kerning first="114" second="115" amount="-1"/><kerning first="114" second="122" amount="-1"/><kerning first="114" second="65" amount="-2"/><kerning first="114" second="74" amount="-6"/><kerning first="114" second="90" amount="-1"/><kerning first="114" second="45" amount="-2"/><kerning first="114" second="46" amount="-7"/><kerning first="114" second="44" amount="-7"/><kerning first="114" second="47" amount="-2"/><kerning first="115" second="116" amount="-2"/><kerning first="115" second="84" amount="-2"/><kerning first="115" second="86" amount="-1"/><kerning first="115" second="89" amount="-2"/><kerning first="115" second="63" amount="-2"/><kerning first="115" second="42" amount="-2"/><kerning first="115" second="45" amount="1"/><kerning first="116" second="97" amount="-2"/><kerning first="116" second="99" amount="-2"/><kerning first="116" second="100" amount="-2"/><kerning first="116" second="101" amount="-2"/><kerning first="116" second="103" amount="-1"/><kerning first="116" second="111" amount="-2"/><kerning first="116" second="113" amount="-2"/><kerning first="116" second="115" amount="-1"/><kerning first="116" second="116" amount="-2"/><kerning first="116" second="120" amount="-1"/><kerning first="116" second="84" amount="-2"/><kerning first="116" second="89" amount="-1"/><kerning first="116" second="63" amount="-3"/><kerning first="116" second="45" amount="-3"/><kerning first="116" second="46" amount="-1"/><kerning first="116" second="44" amount="-1"/><kerning first="116" second="47" amount="-1"/><kerning first="117" second="84" amount="-2"/><kerning first="117" second="86" amount="-2"/><kerning first="117" second="89" amount="-2"/><kerning first="117" second="42" amount="-1"/><kerning first="118" second="97" amount="-2"/><kerning first="118" second="99" amount="-1"/><kerning first="118" second="100" amount="-1"/><kerning first="118" second="101" amount="-1"/><kerning first="118" second="106" amount="-1"/><kerning first="118" second="111" amount="-1"/><kerning first="118" second="113" amount="-1"/><kerning first="118" second="122" amount="-2"/><kerning first="118" second="65" amount="-1"/><kerning first="118" second="74" amount="-3"/><kerning first="118" second="84" amount="-2"/><kerning first="118" second="86" amount="-1"/><kerning first="118" second="89" amount="-2"/><kerning first="118" second="90" amount="-1"/><kerning first="118" second="42" amount="-1"/><kerning first="118" second="45" amount="-1"/><kerning first="118" second="46" amount="-5"/><kerning first="118" second="44" amount="-5"/><kerning first="118" second="47" amount="-2"/><kerning first="119" second="97" amount="-1"/><kerning first="119" second="99" amount="-1"/><kerning first="119" second="100" amount="-1"/><kerning first="119" second="101" amount="-1"/><kerning first="119" second="106" amount="-1"/><kerning first="119" second="111" amount="-1"/><kerning first="119" second="113" amount="-1"/><kerning first="119" second="122" amount="-2"/><kerning first="119" second="65" amount="-1"/><kerning first="119" second="74" amount="-2"/><kerning first="119" second="84" amount="-2"/><kerning first="119" second="86" amount="-1"/><kerning first="119" second="88" amount="-2"/><kerning first="119" second="89" amount="-2"/><kerning first="119" second="42" amount="-1"/><kerning first="119" second="46" amount="-7"/><kerning first="119" second="44" amount="-7"/><kerning first="120" second="97" amount="-1"/><kerning first="120" second="99" amount="-2"/><kerning first="120" second="100" amount="-2"/><kerning first="120" second="101" amount="-2"/><kerning first="120" second="111" amount="-2"/><kerning first="120" second="113" amount="-2"/><kerning first="120" second="116" amount="-2"/><kerning first="120" second="121" amount="-1"/><kerning first="120" second="67" amount="-1"/><kerning first="120" second="71" amount="-1"/><kerning first="120" second="79" amount="-1"/><kerning first="120" second="81" amount="-1"/><kerning first="120" second="83" amount="-1"/><kerning first="120" second="84" amount="-2"/><kerning first="120" second="86" amount="-2"/><kerning first="120" second="88" amount="-1"/><kerning first="120" second="89" amount="-3"/><kerning first="120" second="33" amount="-2"/><kerning first="120" second="59" amount="1"/><kerning first="120" second="42" amount="-2"/><kerning first="120" second="45" amount="-2"/><kerning first="120" second="46" amount="-1"/><kerning first="120" second="44" amount="1"/><kerning first="121" second="97" amount="-2"/><kerning first="121" second="99" amount="-1"/><kerning first="121" second="100" amount="-1"/><kerning first="121" second="101" amount="-1"/><kerning first="121" second="106" amount="-1"/><kerning first="121" second="111" amount="-1"/><kerning first="121" second="113" amount="-1"/><kerning first="121" second="120" amount="-2"/><kerning first="121" second="122" amount="-2"/><kerning first="121" second="74" amount="-3"/><kerning first="121" second="84" amount="-2"/><kerning first="121" second="86" amount="-1"/><kerning first="121" second="88" amount="-1"/><kerning first="121" second="89" amount="-1"/><kerning first="121" second="46" amount="-5"/><kerning first="121" second="44" amount="-5"/><kerning first="122" second="97" amount="-1"/><kerning first="122" second="99" amount="-1"/><kerning first="122" second="100" amount="-1"/><kerning first="122" second="101" amount="-1"/><kerning first="122" second="111" amount="-1"/><kerning first="122" second="113" amount="-1"/><kerning first="122" second="117" amount="-1"/><kerning first="122" second="118" amount="-1"/><kerning first="122" second="121" amount="-1"/><kerning first="122" second="84" amount="-2"/><kerning first="122" second="89" amount="-1"/><kerning first="122" second="45" amount="-2"/><kerning first="65" second="97" amount="1"/><kerning first="65" second="102" amount="-1"/><kerning first="65" second="115" amount="1"/><kerning first="65" second="116" amount="-2"/><kerning first="65" second="118" amount="-1"/><kerning first="65" second="119" amount="-1"/><kerning first="65" second="120" amount="-1"/><kerning first="65" second="121" amount="-1"/><kerning first="65" second="67" amount="-1"/><kerning first="65" second="71" amount="-1"/><kerning first="65" second="79" amount="-1"/><kerning first="65" second="81" amount="-1"/><kerning first="65" second="84" amount="-6"/><kerning first="65" second="85" amount="-1"/><kerning first="65" second="86" amount="-2"/><kerning first="65" second="88" amount="-1"/><kerning first="65" second="89" amount="-2"/><kerning first="65" second="63" amount="-3"/><kerning first="65" second="42" amount="-7"/><kerning first="65" second="34" amount="-6"/><kerning first="65" second="39" amount="-6"/><kerning first="66" second="116" amount="-1"/><kerning first="66" second="118" amount="-2"/><kerning first="66" second="119" amount="-1"/><kerning first="66" second="120" amount="-1"/><kerning first="66" second="121" amount="-2"/><kerning first="66" second="74" amount="-2"/><kerning first="66" second="83" amount="-2"/><kerning first="66" second="84" amount="-2"/><kerning first="66" second="86" amount="-1"/><kerning first="66" second="87" amount="-1"/><kerning first="66" second="88" amount="-1"/><kerning first="66" second="89" amount="-2"/><kerning first="66" second="90" amount="-1"/><kerning first="66" second="42" amount="-2"/><kerning first="67" second="103" amount="-2"/><kerning first="67" second="116" amount="-3"/><kerning first="67" second="117" amount="-1"/><kerning first="67" second="118" amount="-2"/><kerning first="67" second="119" amount="-1"/><kerning first="67" second="121" amount="-2"/><kerning first="67" second="67" amount="-3"/><kerning first="67" second="71" amount="-3"/><kerning first="67" second="74" amount="-1"/><kerning first="67" second="79" amount="-3"/><kerning first="67" second="81" amount="-3"/><kerning first="67" second="83" amount="-2"/><kerning first="67" second="84" amount="-1"/><kerning first="67" second="85" amount="-2"/><kerning first="67" second="86" amount="-1"/><kerning first="67" second="87" amount="-1"/><kerning first="67" second="88" amount="-1"/><kerning first="67" second="89" amount="-1"/><kerning first="67" second="90" amount="-1"/><kerning first="67" second="45" amount="-3"/><kerning first="68" second="120" amount="-2"/><kerning first="68" second="122" amount="-1"/><kerning first="68" second="65" amount="-1"/><kerning first="68" second="74" amount="-4"/><kerning first="68" second="84" amount="-2"/><kerning first="68" second="86" amount="-1"/><kerning first="68" second="88" amount="-2"/><kerning first="68" second="89" amount="-2"/><kerning first="68" second="90" amount="-2"/><kerning first="68" second="42" amount="-2"/><kerning first="68" second="47" amount="-1"/><kerning first="69" second="99" amount="-1"/><kerning first="69" second="100" amount="-1"/><kerning first="69" second="101" amount="-1"/><kerning first="69" second="111" amount="-1"/><kerning first="69" second="113" amount="-1"/><kerning first="69" second="116" amount="-2"/><kerning first="69" second="118" amount="-1"/><kerning first="69" second="120" amount="-4"/><kerning first="69" second="121" amount="-1"/><kerning first="70" second="97" amount="-3"/><kerning first="70" second="99" amount="-2"/><kerning first="70" second="100" amount="-2"/><kerning first="70" second="101" amount="-2"/><kerning first="70" second="103" amount="-2"/><kerning first="70" second="109" amount="-2"/><kerning first="70" second="110" amount="-2"/><kerning first="70" second="111" amount="-2"/><kerning first="70" second="112" amount="-2"/><kerning first="70" second="113" amount="-2"/><kerning first="70" second="114" amount="-2"/><kerning first="70" second="115" amount="-2"/><kerning first="70" second="116" amount="-1"/><kerning first="70" second="117" amount="-2"/><kerning first="70" second="118" amount="-3"/><kerning first="70" second="119" amount="-2"/><kerning first="70" second="120" amount="-3"/><kerning first="70" second="121" amount="-2"/><kerning first="70" second="122" amount="-4"/><kerning first="70" second="65" amount="-3"/><kerning first="70" second="67" amount="-1"/><kerning first="70" second="71" amount="-1"/><kerning first="70" second="74" amount="-11"/><kerning first="70" second="79" amount="-1"/><kerning first="70" second="81" amount="-1"/><kerning first="70" second="83" amount="-2"/><kerning first="70" second="86" amount="-1"/><kerning first="70" second="87" amount="-1"/><kerning first="70" second="88" amount="-2"/><kerning first="70" second="89" amount="-1"/><kerning first="70" second="90" amount="-2"/><kerning first="70" second="46" amount="-8"/><kerning first="70" second="44" amount="-8"/><kerning first="70" second="47" amount="-4"/><kerning first="71" second="65" amount="-1"/><kerning first="71" second="84" amount="-2"/><kerning first="71" second="86" amount="-2"/><kerning first="71" second="87" amount="-1"/><kerning first="71" second="42" amount="-2"/><kerning first="74" second="74" amount="-3"/><kerning first="74" second="46" amount="-2"/><kerning first="74" second="44" amount="-2"/><kerning first="75" second="99" amount="-1"/><kerning first="75" second="100" amount="-1"/><kerning first="75" second="101" amount="-1"/><kerning first="75" second="106" amount="-1"/><kerning first="75" second="111" amount="-1"/><kerning first="75" second="113" amount="-1"/><kerning first="75" second="116" amount="-4"/><kerning first="75" second="117" amount="-1"/><kerning first="75" second="118" amount="-3"/><kerning first="75" second="119" amount="-2"/><kerning first="75" second="120" amount="-2"/><kerning first="75" second="121" amount="-3"/><kerning first="75" second="122" amount="-2"/><kerning first="75" second="65" amount="-1"/><kerning first="75" second="67" amount="-2"/><kerning first="75" second="71" amount="-2"/><kerning first="75" second="79" amount="-2"/><kerning first="75" second="81" amount="-2"/><kerning first="75" second="83" amount="-2"/><kerning first="75" second="84" amount="-2"/><kerning first="75" second="85" amount="-2"/><kerning first="75" second="86" amount="-1"/><kerning first="75" second="87" amount="-1"/><kerning first="75" second="89" amount="-2"/><kerning first="75" second="63" amount="-1"/><kerning first="75" second="42" amount="-3"/><kerning first="75" second="45" amount="-4"/><kerning first="75" second="34" amount="-3"/><kerning first="75" second="39" amount="-3"/><kerning first="76" second="99" amount="-1"/><kerning first="76" second="100" amount="-1"/><kerning first="76" second="101" amount="-1"/><kerning first="76" second="102" amount="-2"/><kerning first="76" second="103" amount="-1"/><kerning first="76" second="111" amount="-1"/><kerning first="76" second="113" amount="-1"/><kerning first="76" second="116" amount="-2"/><kerning first="76" second="117" amount="-1"/><kerning first="76" second="118" amount="-4"/><kerning first="76" second="119" amount="-3"/><kerning first="76" second="121" amount="-4"/><kerning first="76" second="65" amount="-1"/><kerning first="76" second="67" amount="-3"/><kerning first="76" second="71" amount="-3"/><kerning first="76" second="79" amount="-3"/><kerning first="76" second="81" amount="-3"/><kerning first="76" second="83" amount="-2"/><kerning first="76" second="84" amount="-10"/><kerning first="76" second="85" amount="-3"/><kerning first="76" second="86" amount="-6"/><kerning first="76" second="87" amount="-5"/><kerning first="76" second="89" amount="-7"/><kerning first="76" second="63" amount="-4"/><kerning first="76" second="42" amount="-14"/><kerning first="76" second="45" amount="-3"/><kerning first="76" second="34" amount="-12"/><kerning first="76" second="39" amount="-12"/><kerning first="79" second="120" amount="-2"/><kerning first="79" second="122" amount="-1"/><kerning first="79" second="65" amount="-1"/><kerning first="79" second="74" amount="-4"/><kerning first="79" second="84" amount="-2"/><kerning first="79" second="86" amount="-1"/><kerning first="79" second="88" amount="-2"/><kerning first="79" second="89" amount="-2"/><kerning first="79" second="90" amount="-2"/><kerning first="79" second="42" amount="-2"/><kerning first="79" second="47" amount="-1"/><kerning first="80" second="97" amount="-3"/><kerning first="80" second="99" amount="-2"/><kerning first="80" second="100" amount="-2"/><kerning first="80" second="101" amount="-2"/><kerning first="80" second="103" amount="-1"/><kerning first="80" second="111" amount="-2"/><kerning first="80" second="113" amount="-2"/><kerning first="80" second="115" amount="-1"/><kerning first="80" second="120" amount="-2"/><kerning first="80" second="122" amount="-2"/><kerning first="80" second="65" amount="-4"/><kerning first="80" second="74" amount="-11"/><kerning first="80" second="83" amount="-1"/><kerning first="80" second="84" amount="-1"/><kerning first="80" second="88" amount="-2"/><kerning first="80" second="89" amount="-1"/><kerning first="80" second="90" amount="-4"/><kerning first="80" second="45" amount="-2"/><kerning first="80" second="46" amount="-11"/><kerning first="80" second="44" amount="-11"/><kerning first="80" second="47" amount="-4"/><kerning first="81" second="120" amount="-2"/><kerning first="81" second="122" amount="-1"/><kerning first="81" second="65" amount="-1"/><kerning first="81" second="74" amount="-4"/><kerning first="81" second="84" amount="-2"/><kerning first="81" second="86" amount="-1"/><kerning first="81" second="88" amount="-2"/><kerning first="81" second="89" amount="-2"/><kerning first="81" second="90" amount="-2"/><kerning first="81" second="42" amount="-2"/><kerning first="81" second="47" amount="-1"/><kerning first="82" second="97" amount="-1"/><kerning first="82" second="99" amount="-1"/><kerning first="82" second="100" amount="-1"/><kerning first="82" second="101" amount="-1"/><kerning first="82" second="103" amount="-1"/><kerning first="82" second="111" amount="-1"/><kerning first="82" second="113" amount="-1"/><kerning first="82" second="120" amount="-1"/><kerning first="82" second="122" amount="-1"/><kerning first="82" second="65" amount="-1"/><kerning first="82" second="74" amount="-1"/><kerning first="82" second="83" amount="-1"/><kerning first="82" second="84" amount="-2"/><kerning first="82" second="86" amount="-1"/><kerning first="82" second="88" amount="-1"/><kerning first="82" second="89" amount="-1"/><kerning first="82" second="90" amount="-1"/><kerning first="82" second="42" amount="-1"/><kerning first="82" second="45" amount="-2"/><kerning first="83" second="116" amount="-2"/><kerning first="83" second="122" amount="-1"/><kerning first="83" second="74" amount="-2"/><kerning first="83" second="83" amount="-2"/><kerning first="83" second="84" amount="-2"/><kerning first="83" second="89" amount="-2"/><kerning first="83" second="42" amount="-1"/><kerning first="83" second="45" amount="2"/><kerning first="84" second="97" amount="-5"/><kerning first="84" second="99" amount="-6"/><kerning first="84" second="100" amount="-6"/><kerning first="84" second="101" amount="-6"/><kerning first="84" second="102" amount="-1"/><kerning first="84" second="103" amount="-5"/><kerning first="84" second="109" amount="-3"/><kerning first="84" second="110" amount="-3"/><kerning first="84" second="111" amount="-6"/><kerning first="84" second="112" amount="-3"/><kerning first="84" second="113" amount="-6"/><kerning first="84" second="114" amount="-3"/><kerning first="84" second="115" amount="-5"/><kerning first="84" second="116" amount="-1"/><kerning first="84" second="117" amount="-3"/><kerning first="84" second="118" amount="-2"/><kerning first="84" second="119" amount="-2"/><kerning first="84" second="120" amount="-2"/><kerning first="84" second="121" amount="-2"/><kerning first="84" second="122" amount="-5"/><kerning first="84" second="65" amount="-3"/><kerning first="84" second="67" amount="-2"/><kerning first="84" second="71" amount="-2"/><kerning first="84" second="74" amount="-10"/><kerning first="84" second="79" amount="-2"/><kerning first="84" second="81" amount="-2"/><kerning first="84" second="83" amount="-2"/><kerning first="84" second="88" amount="-2"/><kerning first="84" second="89" amount="-2"/><kerning first="84" second="90" amount="-3"/><kerning first="84" second="59" amount="-2"/><kerning first="84" second="58" amount="-2"/><kerning first="84" second="45" amount="-5"/><kerning first="84" second="46" amount="-9"/><kerning first="84" second="44" amount="-9"/><kerning first="84" second="47" amount="-5"/><kerning first="85" second="97" amount="-1"/><kerning first="85" second="103" amount="-1"/><kerning first="85" second="115" amount="-1"/><kerning first="85" second="120" amount="-1"/><kerning first="85" second="65" amount="-1"/><kerning first="85" second="74" amount="-5"/><kerning first="85" second="83" amount="-1"/><kerning first="85" second="86" amount="-1"/><kerning first="85" second="88" amount="-1"/><kerning first="85" second="89" amount="-2"/><kerning first="85" second="46" amount="-2"/><kerning first="85" second="44" amount="-2"/><kerning first="85" second="47" amount="-1"/><kerning first="86" second="97" amount="-3"/><kerning first="86" second="99" amount="-2"/><kerning first="86" second="100" amount="-2"/><kerning first="86" second="101" amount="-2"/><kerning first="86" second="103" amount="-2"/><kerning first="86" second="109" amount="-2"/><kerning first="86" second="110" amount="-2"/><kerning first="86" second="111" amount="-2"/><kerning first="86" second="112" amount="-2"/><kerning first="86" second="113" amount="-2"/><kerning first="86" second="114" amount="-2"/><kerning first="86" second="115" amount="-1"/><kerning first="86" second="117" amount="-2"/><kerning first="86" second="118" amount="-1"/><kerning first="86" second="119" amount="-1"/><kerning first="86" second="120" amount="-2"/><kerning first="86" second="121" amount="-1"/><kerning first="86" second="122" amount="-2"/><kerning first="86" second="65" amount="-2"/><kerning first="86" second="67" amount="-1"/><kerning first="86" second="71" amount="-1"/><kerning first="86" second="74" amount="-5"/><kerning first="86" second="79" amount="-1"/><kerning first="86" second="81" amount="-1"/><kerning first="86" second="83" amount="-1"/><kerning first="86" second="85" amount="-1"/><kerning first="86" second="86" amount="1"/><kerning first="86" second="90" amount="-2"/><kerning first="86" second="45" amount="-2"/><kerning first="86" second="46" amount="-6"/><kerning first="86" second="44" amount="-6"/><kerning first="86" second="47" amount="-2"/><kerning first="87" second="97" amount="-1"/><kerning first="87" second="122" amount="-1"/><kerning first="87" second="74" amount="-4"/><kerning first="87" second="45" amount="-1"/><kerning first="87" second="46" amount="-3"/><kerning first="87" second="44" amount="-3"/><kerning first="88" second="97" amount="-1"/><kerning first="88" second="99" amount="-1"/><kerning first="88" second="100" amount="-1"/><kerning first="88" second="101" amount="-1"/><kerning first="88" second="102" amount="-2"/><kerning first="88" second="111" amount="-1"/><kerning first="88" second="113" amount="-1"/><kerning first="88" second="116" amount="-2"/><kerning first="88" second="117" amount="-1"/><kerning first="88" second="118" amount="-2"/><kerning first="88" second="119" amount="-2"/><kerning first="88" second="120" amount="-1"/><kerning first="88" second="121" amount="-2"/><kerning first="88" second="122" amount="-2"/><kerning first="88" second="65" amount="-1"/><kerning first="88" second="67" amount="-2"/><kerning first="88" second="71" amount="-2"/><kerning first="88" second="74" amount="-1"/><kerning first="88" second="79" amount="-2"/><kerning first="88" second="81" amount="-2"/><kerning first="88" second="83" amount="-2"/><kerning first="88" second="84" amount="-2"/><kerning first="88" second="85" amount="-1"/><kerning first="88" second="42" amount="-1"/><kerning first="88" second="45" amount="-3"/><kerning first="88" second="34" amount="-1"/><kerning first="88" second="39" amount="-1"/><kerning first="89" second="97" amount="-6"/><kerning first="89" second="99" amount="-5"/><kerning first="89" second="100" amount="-5"/><kerning first="89" second="101" amount="-5"/><kerning first="89" second="103" amount="-5"/><kerning first="89" second="109" amount="-3"/><kerning first="89" second="110" amount="-3"/><kerning first="89" second="111" amount="-5"/><kerning first="89" second="112" amount="-3"/><kerning first="89" second="113" amount="-5"/><kerning first="89" second="114" amount="-3"/><kerning first="89" second="115" amount="-5"/><kerning first="89" second="116" amount="-4"/><kerning first="89" second="117" amount="-3"/><kerning first="89" second="118" amount="-2"/><kerning first="89" second="119" amount="-2"/><kerning first="89" second="120" amount="-3"/><kerning first="89" second="121" amount="-2"/><kerning first="89" second="122" amount="-5"/><kerning first="89" second="65" amount="-2"/><kerning first="89" second="67" amount="-2"/><kerning first="89" second="71" amount="-2"/><kerning first="89" second="74" amount="-8"/><kerning first="89" second="79" amount="-2"/><kerning first="89" second="81" amount="-2"/><kerning first="89" second="83" amount="-2"/><kerning first="89" second="84" amount="-2"/><kerning first="89" second="85" amount="-1"/><kerning first="89" second="90" amount="-2"/><kerning first="89" second="59" amount="-3"/><kerning first="89" second="58" amount="-3"/><kerning first="89" second="63" amount="-1"/><kerning first="89" second="45" amount="-6"/><kerning first="89" second="46" amount="-9"/><kerning first="89" second="44" amount="-9"/><kerning first="89" second="47" amount="-4"/><kerning first="90" second="97" amount="-1"/><kerning first="90" second="99" amount="-1"/><kerning first="90" second="100" amount="-1"/><kerning first="90" second="101" amount="-1"/><kerning first="90" second="102" amount="-2"/><kerning first="90" second="103" amount="-1"/><kerning first="90" second="111" amount="-1"/><kerning first="90" second="113" amount="-1"/><kerning first="90" second="116" amount="-2"/><kerning first="90" second="117" amount="-1"/><kerning first="90" second="118" amount="-1"/><kerning first="90" second="119" amount="-1"/><kerning first="90" second="120" amount="-2"/><kerning first="90" second="121" amount="-1"/><kerning first="90" second="67" amount="-2"/><kerning first="90" second="71" amount="-2"/><kerning first="90" second="74" amount="-2"/><kerning first="90" second="79" amount="-2"/><kerning first="90" second="81" amount="-2"/><kerning first="90" second="83" amount="-2"/><kerning first="90" second="85" amount="-1"/><kerning first="90" second="89" amount="-2"/><kerning first="90" second="90" amount="-1"/><kerning first="90" second="45" amount="-2"/><kerning first="59" second="89" amount="-3"/><kerning first="59" second="42" amount="-2"/><kerning first="58" second="89" amount="-3"/><kerning first="58" second="42" amount="-2"/><kerning first="40" second="106" amount="6"/><kerning first="40" second="74" amount="-2"/><kerning first="45" second="116" amount="-2"/><kerning first="45" second="118" amount="-1"/><kerning first="45" second="120" amount="-2"/><kerning first="45" second="74" amount="-2"/><kerning first="45" second="83" amount="-2"/><kerning first="45" second="84" amount="-5"/><kerning first="45" second="86" amount="-2"/><kerning first="45" second="87" amount="-1"/><kerning first="45" second="88" amount="-3"/><kerning first="45" second="89" amount="-6"/><kerning first="45" second="90" amount="-2"/><kerning first="46" second="99" amount="-1"/><kerning first="46" second="100" amount="-1"/><kerning first="46" second="101" amount="-1"/><kerning first="46" second="106" amount="3"/><kerning first="46" second="111" amount="-1"/><kerning first="46" second="113" amount="-1"/><kerning first="46" second="116" amount="-5"/><kerning first="46" second="118" amount="-5"/><kerning first="46" second="119" amount="-3"/><kerning first="46" second="121" amount="-2"/><kerning first="46" second="84" amount="-8"/><kerning first="46" second="85" amount="-2"/><kerning first="46" second="86" amount="-6"/><kerning first="46" second="87" amount="-3"/><kerning first="46" second="89" amount="-9"/><kerning first="46" second="42" amount="-14"/><kerning first="46" second="34" amount="-11"/><kerning first="46" second="39" amount="-11"/><kerning first="44" second="99" amount="-1"/><kerning first="44" second="100" amount="-1"/><kerning first="44" second="101" amount="-1"/><kerning first="44" second="106" amount="3"/><kerning first="44" second="111" amount="-1"/><kerning first="44" second="113" amount="-1"/><kerning first="44" second="116" amount="-5"/><kerning first="44" second="118" amount="-5"/><kerning first="44" second="119" amount="-3"/><kerning first="44" second="121" amount="-2"/><kerning first="44" second="84" amount="-8"/><kerning first="44" second="85" amount="-2"/><kerning first="44" second="86" amount="-6"/><kerning first="44" second="87" amount="-3"/><kerning first="44" second="89" amount="-9"/><kerning first="44" second="42" amount="-14"/><kerning first="44" second="34" amount="-11"/><kerning first="44" second="39" amount="-11"/><kerning first="47" second="97" amount="-2"/><kerning first="47" second="99" amount="-1"/><kerning first="47" second="100" amount="-1"/><kerning first="47" second="101" amount="-1"/><kerning first="47" second="103" amount="-1"/><kerning first="47" second="111" amount="-1"/><kerning first="47" second="113" amount="-1"/><kerning first="47" second="116" amount="-1"/><kerning first="47" second="117" amount="-2"/><kerning first="47" second="65" amount="-3"/><kerning first="47" second="67" amount="-1"/><kerning first="47" second="71" amount="-1"/><kerning first="47" second="74" amount="-6"/><kerning first="47" second="79" amount="-1"/><kerning first="47" second="81" amount="-1"/><kerning first="34" second="99" amount="-1"/><kerning first="34" second="100" amount="-1"/><kerning first="34" second="101" amount="-1"/><kerning first="34" second="111" amount="-1"/><kerning first="34" second="113" amount="-1"/><kerning first="34" second="115" amount="-2"/><kerning first="34" second="65" amount="-6"/><kerning first="34" second="74" amount="-9"/><kerning first="34" second="83" amount="-1"/><kerning first="34" second="88" amount="-1"/><kerning first="34" second="46" amount="-11"/><kerning first="34" second="44" amount="-11"/><kerning first="39" second="99" amount="-1"/><kerning first="39" second="100" amount="-1"/><kerning first="39" second="101" amount="-1"/><kerning first="39" second="111" amount="-1"/><kerning first="39" second="113" amount="-1"/><kerning first="39" second="115" amount="-2"/><kerning first="39" second="65" amount="-6"/><kerning first="39" second="74" amount="-9"/><kerning first="39" second="83" amount="-1"/><kerning first="39" second="88" amount="-1"/><kerning first="39" second="46" amount="-11"/><kerning first="39" second="44" amount="-11"/><kerning first="123" second="106" amount="6"/><kerning first="123" second="74" amount="-2"/><kerning first="91" second="106" amount="6"/><kerning first="91" second="74" amount="-2"/><kerning first="12479" second="12289" amount="-2"/><kerning first="12452" second="12479" amount="-3"/><kerning first="12452" second="12463" amount="-1"/><kerning first="12452" second="12486" amount="-1"/><kerning first="12452" second="12473" amount="-2"/><kerning first="12452" second="12464" amount="-1"/><kerning first="12452" second="12289" amount="-1"/><kerning first="12452" second="12512" amount="-1"/><kerning first="12523" second="12467" amount="-1"/><kerning first="12523" second="12531" amount="-1"/><kerning first="12523" second="12512" amount="-1"/><kerning first="12493" second="12467" amount="-1"/><kerning first="12463" second="12479" amount="-3"/><kerning first="12463" second="12523" amount="-2"/><kerning first="12463" second="12463" amount="-3"/><kerning first="12463" second="12473" amount="-2"/><kerning first="12463" second="12464" amount="-3"/><kerning first="12463" second="12289" amount="-6"/><kerning first="12463" second="12512" amount="-6"/><kerning first="12488" second="12289" amount="-1"/><kerning first="12524" second="12512" amount="-1"/><kerning first="12505" second="12473" amount="1"/><kerning first="12531" second="12493" amount="-1"/><kerning first="12531" second="12473" amount="-1"/><kerning first="12531" second="12503" amount="-2"/><kerning first="12531" second="12501" amount="-2"/><kerning first="12531" second="12289" amount="-4"/><kerning first="12531" second="12502" amount="-2"/><kerning first="12531" second="12512" amount="-1"/><kerning first="12486" second="12451" amount="-4"/><kerning first="12486" second="12289" amount="-2"/><kerning first="12486" second="12512" amount="-2"/><kerning first="12517" second="12524" amount="-1"/><kerning first="12517" second="12450" amount="-1"/><kerning first="12517" second="12289" amount="-1"/><kerning first="12540" second="12531" amount="-4"/><kerning first="12540" second="12451" amount="-3"/><kerning first="12540" second="12473" amount="-4"/><kerning first="12540" second="12391" amount="-4"/><kerning first="12540" second="12503" amount="-4"/><kerning first="12540" second="12390" amount="-4"/><kerning first="12540" second="12450" amount="-3"/><kerning first="12540" second="12471" amount="-1"/><kerning first="12540" second="12501" amount="-4"/><kerning first="12540" second="12289" amount="-1"/><kerning first="12540" second="12502" amount="-4"/><kerning first="12540" second="12512" amount="-2"/><kerning first="12522" second="12289" amount="-4"/><kerning first="12473" second="12505" amount="-5"/><kerning first="12473" second="12510" amount="-2"/><kerning first="12473" second="12506" amount="-5"/><kerning first="12428" second="12391" amount="-2"/><kerning first="12428" second="12390" amount="-2"/><kerning first="12428" second="12388" amount="-1"/><kerning first="12428" second="12289" amount="1"/><kerning first="12391" second="12368" amount="1"/><kerning first="12391" second="12289" amount="-3"/><kerning first="12391" second="12354" amount="-1"/><kerning first="12377" second="12463" amount="-2"/><kerning first="12377" second="12505" amount="-5"/><kerning first="12377" second="12391" amount="1"/><kerning first="12377" second="12390" amount="1"/><kerning first="12377" second="12506" amount="-6"/><kerning first="12377" second="12409" amount="-5"/><kerning first="12377" second="12289" amount="-6"/><kerning first="12503" second="12451" amount="-2"/><kerning first="12503" second="12517" amount="-1"/><kerning first="12503" second="12289" amount="-2"/><kerning first="12375" second="12391" amount="-2"/><kerning first="12375" second="12377" amount="-1"/><kerning first="12375" second="12390" amount="-2"/><kerning first="12375" second="12388" amount="-4"/><kerning first="12390" second="12434" amount="-1"/><kerning first="12390" second="12388" amount="-1"/><kerning first="12390" second="12368" amount="-2"/><kerning first="12390" second="12414" amount="-4"/><kerning first="12390" second="12289" amount="-4"/><kerning first="12390" second="12399" amount="-1"/><kerning first="12390" second="12354" amount="-2"/><kerning first="12390" second="12365" amount="-2"/><kerning first="12489" second="12289" amount="-3"/><kerning first="12398" second="12365" amount="-2"/><kerning first="12510" second="12289" amount="-4"/><kerning first="12483" second="12289" amount="-1"/><kerning first="12481" second="12515" amount="-1"/><kerning first="12481" second="12289" amount="-4"/><kerning first="12481" second="12512" amount="-1"/><kerning first="12464" second="12463" amount="-1"/><kerning first="12464" second="12464" amount="-1"/><kerning first="12464" second="12289" amount="-5"/><kerning first="12464" second="12512" amount="-1"/><kerning first="12450" second="12452" amount="-4"/><kerning first="12450" second="12523" amount="-1"/><kerning first="12450" second="12463" amount="-4"/><kerning first="12450" second="12505" amount="-1"/><kerning first="12450" second="12531" amount="-3"/><kerning first="12450" second="12491" amount="-1"/><kerning first="12450" second="12540" amount="-4"/><kerning first="12450" second="12481" amount="-1"/><kerning first="12450" second="12464" amount="-4"/><kerning first="12450" second="12506" amount="-1"/><kerning first="12450" second="12471" amount="-3"/><kerning first="12450" second="12289" amount="-7"/><kerning first="12450" second="12512" amount="-5"/><kerning first="12450" second="12475" amount="-1"/><kerning first="12388" second="12289" amount="-3"/><kerning first="12409" second="12391" amount="-3"/><kerning first="12409" second="12390" amount="-3"/><kerning first="12471" second="12289" amount="-1"/><kerning first="12515" second="12289" amount="-1"/><kerning first="12501" second="12531" amount="1"/><kerning first="12501" second="12451" amount="-1"/><kerning first="12501" second="12289" amount="-3"/><kerning first="12501" second="12512" amount="-2"/><kerning first="12368" second="12391" amount="1"/><kerning first="12368" second="12390" amount="1"/><kerning first="12368" second="12289" amount="-2"/><kerning first="12368" second="12427" amount="-1"/><kerning first="12368" second="12415" amount="2"/><kerning first="12364" second="12289" amount="-1"/><kerning first="12414" second="12289" amount="-3"/><kerning first="12414" second="12379" amount="-2"/><kerning first="12383" second="12414" amount="-2"/><kerning first="12363" second="12289" amount="-1"/><kerning first="12363" second="12399" amount="-3"/><kerning first="12461" second="12531" amount="-2"/><kerning first="12461" second="12473" amount="-2"/><kerning first="12461" second="12289" amount="-3"/><kerning first="12395" second="12377" amount="1"/><kerning first="12395" second="12368" amount="-1"/><kerning first="12395" second="12364" amount="-1"/><kerning first="12395" second="12289" amount="-2"/><kerning first="12395" second="12373" amount="-1"/><kerning first="12395" second="12371" amount="-1"/><kerning first="12465" second="12452" amount="-1"/><kerning first="12465" second="12524" amount="-1"/><kerning first="12465" second="12505" amount="-2"/><kerning first="12465" second="12531" amount="-2"/><kerning first="12465" second="12486" amount="-1"/><kerning first="12465" second="12506" amount="-2"/><kerning first="12465" second="12289" amount="-6"/><kerning first="12465" second="12512" amount="-5"/><kerning first="12425" second="12391" amount="-2"/><kerning first="12425" second="12377" amount="-1"/><kerning first="12425" second="12390" amount="-2"/><kerning first="12425" second="12379" amount="-1"/><kerning first="12360" second="12505" amount="-1"/><kerning first="12360" second="12391" amount="-2"/><kerning first="12360" second="12390" amount="-4"/><kerning first="12360" second="12506" amount="-1"/><kerning first="12360" second="12388" amount="-2"/><kerning first="12360" second="12409" amount="-5"/><kerning first="12360" second="12501" amount="-1"/><kerning first="12360" second="12368" amount="-2"/><kerning first="12360" second="12502" amount="-1"/><kerning first="12360" second="12427" amount="-2"/><kerning first="12360" second="12365" amount="-2"/><kerning first="12426" second="12388" amount="1"/><kerning first="12426" second="12289" amount="-3"/><kerning first="12502" second="12451" amount="-2"/><kerning first="12502" second="12289" amount="-2"/><kerning first="12512" second="12503" amount="-4"/><kerning first="12512" second="12501" amount="-4"/><kerning first="12512" second="12502" amount="-4"/><kerning first="12427" second="12510" amount="-3"/><kerning first="12427" second="12388" amount="-3"/><kerning first="12371" second="12377" amount="-1"/><kerning first="12371" second="12289" amount="-1"/><kerning first="12356" second="12391" amount="-2"/><kerning first="12356" second="12390" amount="-2"/><kerning first="12527" second="12451" amount="-2"/><kerning first="12527" second="12289" amount="-4"/><kerning first="12399" second="12383" amount="-1"/><kerning first="12354" second="12391" amount="-1"/><kerning first="12354" second="12390" amount="-1"/><kerning first="12354" second="12501" amount="-1"/><kerning first="12435" second="12391" amount="-4"/><kerning first="12435" second="12377" amount="-1"/><kerning first="12435" second="12390" amount="-4"/><kerning first="12365" second="12289" amount="-5"/><kerning first="12365" second="12427" amount="-1"/></kernings></font>