<?xml version="1.0" encoding="UTF-8"?><font><info face="Roboto-Black" size="70" bold="0" italic="0" charset="" unicode="1" stretchH="100" smooth="1" aa="1" padding="1,1,1,1" spacing="1,1"/><common lineHeight="70" base="73" scaleW="555" scaleH="550" pages="1" packed="0"/><pages><page id="0" file="Roboto-Black-Yellow-Stroke-tr.png"/></pages><chars count="99"><char id="32" x="0" y="0" width="0" height="0" xoffset="1" yoffset="0" xadvance="19" page="0" chnl="15"/><char id="33" x="529" y="288" width="24" height="62" xoffset="-1" yoffset="18" xadvance="21" page="0" chnl="15"/><char id="34" x="521" y="477" width="32" height="31" xoffset="-4" yoffset="14" xadvance="24" page="0" chnl="15"/><char id="35" x="109" y="414" width="51" height="62" xoffset="-4" yoffset="18" xadvance="42" page="0" chnl="15"/><char id="36" x="280" y="0" width="47" height="78" xoffset="-2" yoffset="10" xadvance="42" page="0" chnl="15"/><char id="37" x="52" y="223" width="58" height="64" xoffset="-2" yoffset="17" xadvance="53" page="0" chnl="15"/><char id="38" x="111" y="223" width="56" height="64" xoffset="-3" yoffset="17" xadvance="49" page="0" chnl="15"/><char id="39" x="500" y="477" width="20" height="33" xoffset="-4" yoffset="14" xadvance="12" page="0" chnl="15"/><char id="40" x="0" y="0" width="32" height="83" xoffset="-1" yoffset="13" xadvance="26" page="0" chnl="15"/><char id="41" x="33" y="0" width="33" height="83" xoffset="-4" yoffset="13" xadvance="26" page="0" chnl="15"/><char id="42" x="342" y="477" width="42" height="43" xoffset="-4" yoffset="18" xadvance="33" page="0" chnl="15"/><char id="43" x="294" y="477" width="47" height="48" xoffset="-4" yoffset="27" xadvance="39" page="0" chnl="15"/><char id="44" x="474" y="477" width="25" height="33" xoffset="-3" yoffset="59" xadvance="20" page="0" chnl="15"/><char id="45" x="0" y="528" width="33" height="22" xoffset="0" yoffset="42" xadvance="33" page="0" chnl="15"/><char id="46" x="34" y="528" width="25" height="22" xoffset="-1" yoffset="58" xadvance="23" page="0" chnl="15"/><char id="47" x="175" y="82" width="37" height="67" xoffset="-6" yoffset="18" xadvance="26" page="0" chnl="15"/><char id="48" x="96" y="157" width="47" height="64" xoffset="-2" yoffset="17" xadvance="42" page="0" chnl="15"/><char id="49" x="0" y="288" width="35" height="62" xoffset="0" yoffset="18" xadvance="42" page="0" chnl="15"/><char id="50" x="217" y="223" width="48" height="63" xoffset="-3" yoffset="17" xadvance="42" page="0" chnl="15"/><char id="51" x="144" y="157" width="48" height="64" xoffset="-3" yoffset="17" xadvance="42" page="0" chnl="15"/><char id="52" x="36" y="288" width="49" height="62" xoffset="-3" yoffset="18" xadvance="42" page="0" chnl="15"/><char id="53" x="266" y="223" width="47" height="63" xoffset="-2" yoffset="18" xadvance="42" page="0" chnl="15"/><char id="54" x="193" y="157" width="48" height="64" xoffset="-2" yoffset="17" xadvance="42" page="0" chnl="15"/><char id="55" x="86" y="288" width="48" height="62" xoffset="-3" yoffset="18" xadvance="42" page="0" chnl="15"/><char id="56" x="242" y="157" width="47" height="64" xoffset="-2" yoffset="17" xadvance="42" page="0" chnl="15"/><char id="57" x="290" y="157" width="47" height="64" xoffset="-2" yoffset="17" xadvance="42" page="0" chnl="15"/><char id="58" x="243" y="477" width="25" height="49" xoffset="-1" yoffset="31" xadvance="22" page="0" chnl="15"/><char id="59" x="516" y="351" width="25" height="61" xoffset="-2" yoffset="31" xadvance="21" page="0" chnl="15"/><char id="61" x="428" y="477" width="45" height="36" xoffset="-1" yoffset="34" xadvance="42" page="0" chnl="15"/><char id="63" x="417" y="223" width="46" height="63" xoffset="-4" yoffset="17" xadvance="37" page="0" chnl="15"/><char id="64" x="328" y="0" width="71" height="76" xoffset="-4" yoffset="20" xadvance="63" page="0" chnl="15"/><char id="65" x="135" y="288" width="57" height="62" xoffset="-5" yoffset="18" xadvance="46" page="0" chnl="15"/><char id="66" x="193" y="288" width="51" height="62" xoffset="-1" yoffset="18" xadvance="46" page="0" chnl="15"/><char id="67" x="387" y="157" width="52" height="64" xoffset="-2" yoffset="17" xadvance="46" page="0" chnl="15"/><char id="68" x="245" y="288" width="51" height="62" xoffset="-1" yoffset="18" xadvance="47" page="0" chnl="15"/><char id="69" x="297" y="288" width="47" height="62" xoffset="-1" yoffset="18" xadvance="41" page="0" chnl="15"/><char id="70" x="345" y="288" width="47" height="62" xoffset="-1" yoffset="18" xadvance="42" page="0" chnl="15"/><char id="71" x="440" y="157" width="53" height="64" xoffset="-2" yoffset="17" xadvance="48" page="0" chnl="15"/><char id="72" x="393" y="288" width="54" height="62" xoffset="-1" yoffset="18" xadvance="51" page="0" chnl="15"/><char id="73" x="448" y="288" width="25" height="62" xoffset="-1" yoffset="18" xadvance="22" page="0" chnl="15"/><char id="74" x="314" y="223" width="47" height="63" xoffset="-3" yoffset="18" xadvance="42" page="0" chnl="15"/><char id="75" x="474" y="288" width="54" height="62" xoffset="-1" yoffset="18" xadvance="47" page="0" chnl="15"/><char id="76" x="0" y="351" width="45" height="62" xoffset="-1" yoffset="18" xadvance="39" page="0" chnl="15"/><char id="77" x="46" y="351" width="65" height="62" xoffset="-1" yoffset="18" xadvance="62" page="0" chnl="15"/><char id="78" x="112" y="351" width="54" height="62" xoffset="-1" yoffset="18" xadvance="51" page="0" chnl="15"/><char id="79" x="494" y="157" width="55" height="64" xoffset="-2" yoffset="17" xadvance="49" page="0" chnl="15"/><char id="80" x="167" y="351" width="52" height="62" xoffset="-1" yoffset="18" xadvance="47" page="0" chnl="15"/><char id="81" x="20" y="84" width="58" height="71" xoffset="-2" yoffset="17" xadvance="51" page="0" chnl="15"/><char id="82" x="220" y="351" width="53" height="62" xoffset="-1" yoffset="18" xadvance="48" page="0" chnl="15"/><char id="83" x="0" y="223" width="51" height="64" xoffset="-2" yoffset="17" xadvance="46" page="0" chnl="15"/><char id="84" x="274" y="351" width="50" height="62" xoffset="-4" yoffset="18" xadvance="41" page="0" chnl="15"/><char id="85" x="362" y="223" width="54" height="63" xoffset="-2" yoffset="18" xadvance="50" page="0" chnl="15"/><char id="86" x="325" y="351" width="57" height="62" xoffset="-5" yoffset="18" xadvance="46" page="0" chnl="15"/><char id="87" x="383" y="351" width="74" height="62" xoffset="-5" yoffset="18" xadvance="64" page="0" chnl="15"/><char id="88" x="458" y="351" width="57" height="62" xoffset="-5" yoffset="18" xadvance="46" page="0" chnl="15"/><char id="89" x="0" y="414" width="57" height="62" xoffset="-5" yoffset="18" xadvance="46" page="0" chnl="15"/><char id="90" x="58" y="414" width="50" height="62" xoffset="-3" yoffset="18" xadvance="42" page="0" chnl="15"/><char id="91" x="67" y="0" width="29" height="83" xoffset="-2" yoffset="9" xadvance="21" page="0" chnl="15"/><char id="93" x="97" y="0" width="29" height="83" xoffset="-5" yoffset="9" xadvance="21" page="0" chnl="15"/><char id="94" x="385" y="477" width="42" height="38" xoffset="-4" yoffset="18" xadvance="33" page="0" chnl="15"/><char id="95" x="60" y="528" width="43" height="21" xoffset="-5" yoffset="68" xadvance="32" page="0" chnl="15"/><char id="97" x="198" y="414" width="47" height="51" xoffset="-4" yoffset="30" xadvance="39" page="0" chnl="15"/><char id="98" x="79" y="84" width="47" height="67" xoffset="-2" yoffset="14" xadvance="41" page="0" chnl="15"/><char id="99" x="246" y="414" width="46" height="51" xoffset="-4" yoffset="30" xadvance="37" page="0" chnl="15"/><char id="100" x="127" y="82" width="47" height="67" xoffset="-3" yoffset="14" xadvance="41" page="0" chnl="15"/><char id="101" x="293" y="414" width="46" height="51" xoffset="-3" yoffset="30" xadvance="39" page="0" chnl="15"/><char id="102" x="306" y="82" width="38" height="66" xoffset="-5" yoffset="14" xadvance="27" page="0" chnl="15"/><char id="103" x="491" y="82" width="47" height="65" xoffset="-3" yoffset="30" xadvance="41" page="0" chnl="15"/><char id="104" x="345" y="82" width="46" height="66" xoffset="-2" yoffset="14" xadvance="41" page="0" chnl="15"/><char id="105" x="392" y="82" width="24" height="66" xoffset="-1" yoffset="14" xadvance="21" page="0" chnl="15"/><char id="106" x="127" y="0" width="32" height="81" xoffset="-9" yoffset="14" xadvance="20" page="0" chnl="15"/><char id="107" x="417" y="82" width="48" height="66" xoffset="-2" yoffset="14" xadvance="40" page="0" chnl="15"/><char id="108" x="466" y="82" width="24" height="66" xoffset="-1" yoffset="14" xadvance="21" page="0" chnl="15"/><char id="109" x="435" y="414" width="66" height="50" xoffset="-2" yoffset="30" xadvance="62" page="0" chnl="15"/><char id="110" x="502" y="414" width="46" height="50" xoffset="-2" yoffset="30" xadvance="41" page="0" chnl="15"/><char id="111" x="340" y="414" width="48" height="51" xoffset="-3" yoffset="30" xadvance="41" page="0" chnl="15"/><char id="112" x="0" y="157" width="47" height="65" xoffset="-2" yoffset="30" xadvance="41" page="0" chnl="15"/><char id="113" x="48" y="157" width="47" height="65" xoffset="-3" yoffset="30" xadvance="41" page="0" chnl="15"/><char id="114" x="0" y="477" width="35" height="50" xoffset="-2" yoffset="30" xadvance="27" page="0" chnl="15"/><char id="115" x="389" y="414" width="45" height="51" xoffset="-4" yoffset="30" xadvance="37" page="0" chnl="15"/><char id="116" x="161" y="414" width="36" height="59" xoffset="-5" yoffset="22" xadvance="27" page="0" chnl="15"/><char id="117" x="36" y="477" width="46" height="50" xoffset="-2" yoffset="31" xadvance="41" page="0" chnl="15"/><char id="118" x="83" y="477" width="48" height="49" xoffset="-5" yoffset="31" xadvance="37" page="0" chnl="15"/><char id="119" x="132" y="477" width="61" height="49" xoffset="-4" yoffset="31" xadvance="52" page="0" chnl="15"/><char id="120" x="194" y="477" width="48" height="49" xoffset="-5" yoffset="31" xadvance="37" page="0" chnl="15"/><char id="121" x="338" y="157" width="48" height="64" xoffset="-5" yoffset="31" xadvance="37" page="0" chnl="15"/><char id="122" x="511" y="223" width="44" height="49" xoffset="-3" yoffset="31" xadvance="37" page="0" chnl="15"/><char id="123" x="212" y="0" width="33" height="79" xoffset="-4" yoffset="13" xadvance="24" page="0" chnl="15"/><char id="124" x="0" y="84" width="19" height="72" xoffset="1" yoffset="18" xadvance="19" page="0" chnl="15"/><char id="125" x="246" y="0" width="33" height="79" xoffset="-4" yoffset="13" xadvance="24" page="0" chnl="15"/><char id="214" x="426" y="0" width="55" height="76" xoffset="-2" yoffset="5" xadvance="49" page="0" chnl="15"/><char id="220" x="482" y="0" width="54" height="75" xoffset="-2" yoffset="6" xadvance="50" page="0" chnl="15"/><char id="231" x="259" y="82" width="46" height="67" xoffset="-4" yoffset="30" xadvance="37" page="0" chnl="15"/><char id="246" x="168" y="223" width="48" height="64" xoffset="-3" yoffset="17" xadvance="41" page="0" chnl="15"/><char id="252" x="464" y="223" width="46" height="63" xoffset="-2" yoffset="18" xadvance="41" page="0" chnl="15"/><char id="304" x="400" y="0" width="25" height="76" xoffset="-1" yoffset="4" xadvance="22" page="0" chnl="15"/><char id="305" x="269" y="477" width="24" height="49" xoffset="-1" yoffset="31" xadvance="21" page="0" chnl="15"/><char id="350" x="160" y="0" width="51" height="80" xoffset="-2" yoffset="17" xadvance="46" page="0" chnl="15"/><char id="351" x="213" y="82" width="45" height="67" xoffset="-4" yoffset="30" xadvance="37" page="0" chnl="15"/></chars><kernings count="457"><kerning first="97" second="118" amount="-1"/><kerning first="97" second="121" amount="-1"/><kerning first="97" second="34" amount="-1"/><kerning first="97" second="39" amount="-1"/><kerning first="98" second="120" amount="-1"/><kerning first="98" second="122" amount="-1"/><kerning first="98" second="34" amount="-1"/><kerning first="98" second="39" amount="-1"/><kerning first="102" second="99" amount="-1"/><kerning first="102" second="100" amount="-1"/><kerning first="102" second="101" amount="-1"/><kerning first="102" second="103" amount="-1"/><kerning first="102" second="113" amount="-1"/><kerning first="102" second="41" amount="1"/><kerning first="102" second="34" amount="1"/><kerning first="102" second="39" amount="1"/><kerning first="102" second="125" amount="1"/><kerning first="102" second="93" amount="1"/><kerning first="102" second="231" amount="-1"/><kerning first="104" second="34" amount="-1"/><kerning first="104" second="39" amount="-1"/><kerning first="107" second="99" amount="-1"/><kerning first="107" second="100" amount="-1"/><kerning first="107" second="101" amount="-1"/><kerning first="107" second="103" amount="-1"/><kerning first="107" second="113" amount="-1"/><kerning first="107" second="231" amount="-1"/><kerning first="109" second="34" amount="-1"/><kerning first="109" second="39" amount="-1"/><kerning first="110" second="34" amount="-1"/><kerning first="110" second="39" amount="-1"/><kerning first="111" second="118" amount="-1"/><kerning first="111" second="120" amount="-1"/><kerning first="111" second="121" amount="-1"/><kerning first="111" second="122" amount="-1"/><kerning first="111" second="34" amount="-1"/><kerning first="111" second="39" amount="-1"/><kerning first="112" second="120" amount="-1"/><kerning first="112" second="122" amount="-1"/><kerning first="112" second="34" amount="-1"/><kerning first="112" second="39" amount="-1"/><kerning first="114" second="97" amount="-1"/><kerning first="114" second="99" amount="-1"/><kerning first="114" second="100" amount="-1"/><kerning first="114" second="101" amount="-1"/><kerning first="114" second="102" amount="1"/><kerning first="114" second="103" amount="-1"/><kerning first="114" second="111" amount="-1"/><kerning first="114" second="113" amount="-1"/><kerning first="114" second="116" amount="1"/><kerning first="114" second="118" amount="1"/><kerning first="114" second="119" amount="1"/><kerning first="114" second="121" amount="1"/><kerning first="114" second="46" amount="-6"/><kerning first="114" second="44" amount="-6"/><kerning first="114" second="34" amount="1"/><kerning first="114" second="39" amount="1"/><kerning first="114" second="231" amount="-1"/><kerning first="114" second="246" amount="-1"/><kerning first="116" second="111" amount="-1"/><kerning first="116" second="246" amount="-1"/><kerning first="118" second="97" amount="-1"/><kerning first="118" second="111" amount="-1"/><kerning first="118" second="46" amount="-6"/><kerning first="118" second="44" amount="-6"/><kerning first="118" second="34" amount="1"/><kerning first="118" second="39" amount="1"/><kerning first="118" second="246" amount="-1"/><kerning first="119" second="46" amount="-4"/><kerning first="119" second="44" amount="-4"/><kerning first="120" second="99" amount="-1"/><kerning first="120" second="100" amount="-1"/><kerning first="120" second="101" amount="-1"/><kerning first="120" second="103" amount="-1"/><kerning first="120" second="111" amount="-1"/><kerning first="120" second="113" amount="-1"/><kerning first="120" second="231" amount="-1"/><kerning first="120" second="246" amount="-1"/><kerning first="121" second="97" amount="-1"/><kerning first="121" second="111" amount="-1"/><kerning first="121" second="46" amount="-6"/><kerning first="121" second="44" amount="-6"/><kerning first="121" second="34" amount="1"/><kerning first="121" second="39" amount="1"/><kerning first="121" second="246" amount="-1"/><kerning first="122" second="99" amount="-1"/><kerning first="122" second="100" amount="-1"/><kerning first="122" second="101" amount="-1"/><kerning first="122" second="103" amount="-1"/><kerning first="122" second="111" amount="-1"/><kerning first="122" second="113" amount="-1"/><kerning first="122" second="231" amount="-1"/><kerning first="122" second="246" amount="-1"/><kerning first="65" second="109" amount="-2"/><kerning first="65" second="110" amount="-2"/><kerning first="65" second="112" amount="-2"/><kerning first="65" second="116" amount="-1"/><kerning first="65" second="118" amount="-2"/><kerning first="65" second="119" amount="-1"/><kerning first="65" second="121" amount="-2"/><kerning first="65" second="84" amount="-3"/><kerning first="65" second="85" amount="-1"/><kerning first="65" second="86" amount="-3"/><kerning first="65" second="87" amount="-1"/><kerning first="65" second="89" amount="-5"/><kerning first="65" second="63" amount="-3"/><kerning first="65" second="34" amount="-4"/><kerning first="65" second="39" amount="-4"/><kerning first="65" second="220" amount="-1"/><kerning first="66" second="84" amount="-1"/><kerning first="66" second="86" amount="-1"/><kerning first="66" second="89" amount="-2"/><kerning first="67" second="84" amount="-1"/><kerning first="67" second="41" amount="-1"/><kerning first="67" second="125" amount="-1"/><kerning first="68" second="65" amount="-1"/><kerning first="68" second="84" amount="-1"/><kerning first="68" second="86" amount="-1"/><kerning first="68" second="88" amount="-1"/><kerning first="68" second="89" amount="-1"/><kerning first="68" second="90" amount="-1"/><kerning first="68" second="46" amount="-4"/><kerning first="68" second="44" amount="-4"/><kerning first="69" second="99" amount="-1"/><kerning first="69" second="100" amount="-1"/><kerning first="69" second="101" amount="-1"/><kerning first="69" second="102" amount="-1"/><kerning first="69" second="103" amount="-1"/><kerning first="69" second="111" amount="-1"/><kerning first="69" second="113" amount="-1"/><kerning first="69" second="117" amount="-1"/><kerning first="69" second="118" amount="-1"/><kerning first="69" second="119" amount="-1"/><kerning first="69" second="121" amount="-1"/><kerning first="69" second="84" amount="1"/><kerning first="69" second="252" amount="-1"/><kerning first="69" second="231" amount="-1"/><kerning first="69" second="246" amount="-1"/><kerning first="70" second="97" amount="-1"/><kerning first="70" second="99" amount="-1"/><kerning first="70" second="100" amount="-1"/><kerning first="70" second="101" amount="-1"/><kerning first="70" second="103" amount="-1"/><kerning first="70" second="111" amount="-1"/><kerning first="70" second="113" amount="-1"/><kerning first="70" second="114" amount="-1"/><kerning first="70" second="117" amount="-1"/><kerning first="70" second="118" amount="-1"/><kerning first="70" second="121" amount="-1"/><kerning first="70" second="65" amount="-2"/><kerning first="70" second="74" amount="-7"/><kerning first="70" second="84" amount="1"/><kerning first="70" second="46" amount="-9"/><kerning first="70" second="44" amount="-9"/><kerning first="70" second="252" amount="-1"/><kerning first="70" second="231" amount="-1"/><kerning first="70" second="246" amount="-1"/><kerning first="72" second="65" amount="1"/><kerning first="72" second="84" amount="-1"/><kerning first="72" second="88" amount="1"/><kerning first="72" second="89" amount="-1"/><kerning first="73" second="65" amount="1"/><kerning first="73" second="84" amount="-1"/><kerning first="73" second="88" amount="1"/><kerning first="73" second="89" amount="-1"/><kerning first="74" second="65" amount="-1"/><kerning first="75" second="99" amount="-1"/><kerning first="75" second="100" amount="-1"/><kerning first="75" second="101" amount="-1"/><kerning first="75" second="103" amount="-1"/><kerning first="75" second="111" amount="-1"/><kerning first="75" second="113" amount="-1"/><kerning first="75" second="117" amount="-1"/><kerning first="75" second="118" amount="-1"/><kerning first="75" second="119" amount="-2"/><kerning first="75" second="121" amount="-1"/><kerning first="75" second="67" amount="-1"/><kerning first="75" second="71" amount="-1"/><kerning first="75" second="79" amount="-1"/><kerning first="75" second="81" amount="-1"/><kerning first="75" second="45" amount="-6"/><kerning first="75" second="252" amount="-1"/><kerning first="75" second="231" amount="-1"/><kerning first="75" second="246" amount="-1"/><kerning first="75" second="214" amount="-1"/><kerning first="76" second="118" amount="-4"/><kerning first="76" second="119" amount="-2"/><kerning first="76" second="121" amount="-4"/><kerning first="76" second="65" amount="1"/><kerning first="76" second="67" amount="-1"/><kerning first="76" second="71" amount="-1"/><kerning first="76" second="79" amount="-1"/><kerning first="76" second="81" amount="-1"/><kerning first="76" second="84" amount="-7"/><kerning first="76" second="85" amount="-1"/><kerning first="76" second="86" amount="-7"/><kerning first="76" second="87" amount="-3"/><kerning first="76" second="89" amount="-10"/><kerning first="76" second="34" amount="-9"/><kerning first="76" second="39" amount="-9"/><kerning first="76" second="220" amount="-1"/><kerning first="76" second="214" amount="-1"/><kerning first="77" second="65" amount="1"/><kerning first="77" second="84" amount="-1"/><kerning first="77" second="88" amount="1"/><kerning first="77" second="89" amount="-1"/><kerning first="78" second="65" amount="1"/><kerning first="78" second="84" amount="-1"/><kerning first="78" second="88" amount="1"/><kerning first="78" second="89" amount="-1"/><kerning first="79" second="65" amount="-1"/><kerning first="79" second="84" amount="-1"/><kerning first="79" second="86" amount="-1"/><kerning first="79" second="88" amount="-1"/><kerning first="79" second="89" amount="-1"/><kerning first="79" second="90" amount="-1"/><kerning first="79" second="46" amount="-4"/><kerning first="79" second="44" amount="-4"/><kerning first="80" second="118" amount="1"/><kerning first="80" second="121" amount="1"/><kerning first="80" second="65" amount="-6"/><kerning first="80" second="74" amount="-6"/><kerning first="80" second="88" amount="-2"/><kerning first="80" second="90" amount="-1"/><kerning first="80" second="46" amount="-14"/><kerning first="80" second="44" amount="-14"/><kerning first="81" second="84" amount="-1"/><kerning first="81" second="86" amount="-1"/><kerning first="81" second="87" amount="-1"/><kerning first="81" second="89" amount="-1"/><kerning first="82" second="84" amount="-2"/><kerning first="82" second="86" amount="-1"/><kerning first="82" second="89" amount="-2"/><kerning first="84" second="97" amount="-3"/><kerning first="84" second="99" amount="-3"/><kerning first="84" second="100" amount="-3"/><kerning first="84" second="101" amount="-3"/><kerning first="84" second="103" amount="-3"/><kerning first="84" second="109" amount="-3"/><kerning first="84" second="110" amount="-3"/><kerning first="84" second="111" amount="-3"/><kerning first="84" second="112" amount="-3"/><kerning first="84" second="113" amount="-3"/><kerning first="84" second="114" amount="-2"/><kerning first="84" second="115" amount="-3"/><kerning first="84" second="117" amount="-2"/><kerning first="84" second="118" amount="-3"/><kerning first="84" second="119" amount="-2"/><kerning first="84" second="120" amount="-3"/><kerning first="84" second="121" amount="-3"/><kerning first="84" second="122" amount="-2"/><kerning first="84" second="65" amount="-4"/><kerning first="84" second="67" amount="-1"/><kerning first="84" second="71" amount="-1"/><kerning first="84" second="74" amount="-7"/><kerning first="84" second="79" amount="-1"/><kerning first="84" second="81" amount="-1"/><kerning first="84" second="83" amount="-1"/><kerning first="84" second="84" amount="1"/><kerning first="84" second="86" amount="1"/><kerning first="84" second="87" amount="1"/><kerning first="84" second="89" amount="1"/><kerning first="84" second="45" amount="-9"/><kerning first="84" second="46" amount="-9"/><kerning first="84" second="44" amount="-9"/><kerning first="84" second="351" amount="-3"/><kerning first="84" second="252" amount="-2"/><kerning first="84" second="231" amount="-3"/><kerning first="84" second="246" amount="-3"/><kerning first="84" second="350" amount="-1"/><kerning first="84" second="214" amount="-1"/><kerning first="85" second="65" amount="-1"/><kerning first="86" second="97" amount="-2"/><kerning first="86" second="99" amount="-2"/><kerning first="86" second="100" amount="-2"/><kerning first="86" second="101" amount="-2"/><kerning first="86" second="103" amount="-2"/><kerning first="86" second="111" amount="-2"/><kerning first="86" second="113" amount="-2"/><kerning first="86" second="114" amount="-1"/><kerning first="86" second="117" amount="-1"/><kerning first="86" second="65" amount="-3"/><kerning first="86" second="41" amount="1"/><kerning first="86" second="45" amount="-5"/><kerning first="86" second="46" amount="-7"/><kerning first="86" second="44" amount="-7"/><kerning first="86" second="125" amount="1"/><kerning first="86" second="93" amount="1"/><kerning first="86" second="252" amount="-1"/><kerning first="86" second="231" amount="-2"/><kerning first="86" second="246" amount="-2"/><kerning first="87" second="97" amount="-1"/><kerning first="87" second="99" amount="-1"/><kerning first="87" second="100" amount="-1"/><kerning first="87" second="101" amount="-1"/><kerning first="87" second="103" amount="-1"/><kerning first="87" second="111" amount="-1"/><kerning first="87" second="113" amount="-1"/><kerning first="87" second="114" amount="-1"/><kerning first="87" second="117" amount="-1"/><kerning first="87" second="65" amount="-1"/><kerning first="87" second="41" amount="1"/><kerning first="87" second="45" amount="-2"/><kerning first="87" second="46" amount="-5"/><kerning first="87" second="44" amount="-5"/><kerning first="87" second="252" amount="-1"/><kerning first="87" second="231" amount="-1"/><kerning first="87" second="246" amount="-1"/><kerning first="88" second="99" amount="-1"/><kerning first="88" second="100" amount="-1"/><kerning first="88" second="101" amount="-1"/><kerning first="88" second="103" amount="-1"/><kerning first="88" second="111" amount="-1"/><kerning first="88" second="113" amount="-1"/><kerning first="88" second="117" amount="-1"/><kerning first="88" second="118" amount="-1"/><kerning first="88" second="121" amount="-1"/><kerning first="88" second="67" amount="-1"/><kerning first="88" second="71" amount="-1"/><kerning first="88" second="79" amount="-1"/><kerning first="88" second="81" amount="-1"/><kerning first="88" second="45" amount="-5"/><kerning first="88" second="252" amount="-1"/><kerning first="88" second="231" amount="-1"/><kerning first="88" second="246" amount="-1"/><kerning first="88" second="214" amount="-1"/><kerning first="89" second="97" amount="-2"/><kerning first="89" second="99" amount="-2"/><kerning first="89" second="100" amount="-2"/><kerning first="89" second="101" amount="-2"/><kerning first="89" second="102" amount="-1"/><kerning first="89" second="103" amount="-2"/><kerning first="89" second="109" amount="-1"/><kerning first="89" second="110" amount="-1"/><kerning first="89" second="111" amount="-2"/><kerning first="89" second="112" amount="-1"/><kerning first="89" second="113" amount="-2"/><kerning first="89" second="114" amount="-1"/><kerning first="89" second="115" amount="-2"/><kerning first="89" second="116" amount="-1"/><kerning first="89" second="117" amount="-1"/><kerning first="89" second="118" amount="-1"/><kerning first="89" second="120" amount="-1"/><kerning first="89" second="121" amount="-1"/><kerning first="89" second="122" amount="-1"/><kerning first="89" second="65" amount="-5"/><kerning first="89" second="67" amount="-1"/><kerning first="89" second="71" amount="-1"/><kerning first="89" second="74" amount="-3"/><kerning first="89" second="79" amount="-1"/><kerning first="89" second="81" amount="-1"/><kerning first="89" second="83" amount="-1"/><kerning first="89" second="84" amount="1"/><kerning first="89" second="85" amount="-3"/><kerning first="89" second="86" amount="1"/><kerning first="89" second="87" amount="1"/><kerning first="89" second="89" amount="1"/><kerning first="89" second="42" amount="-2"/><kerning first="89" second="41" amount="1"/><kerning first="89" second="45" amount="-5"/><kerning first="89" second="46" amount="-8"/><kerning first="89" second="44" amount="-8"/><kerning first="89" second="38" amount="-1"/><kerning first="89" second="125" amount="1"/><kerning first="89" second="93" amount="1"/><kerning first="89" second="351" amount="-2"/><kerning first="89" second="252" amount="-1"/><kerning first="89" second="231" amount="-2"/><kerning first="89" second="246" amount="-2"/><kerning first="89" second="350" amount="-1"/><kerning first="89" second="220" amount="-3"/><kerning first="89" second="214" amount="-1"/><kerning first="90" second="99" amount="-1"/><kerning first="90" second="100" amount="-1"/><kerning first="90" second="101" amount="-1"/><kerning first="90" second="103" amount="-1"/><kerning first="90" second="111" amount="-1"/><kerning first="90" second="113" amount="-1"/><kerning first="90" second="117" amount="-1"/><kerning first="90" second="118" amount="-1"/><kerning first="90" second="119" amount="-1"/><kerning first="90" second="121" amount="-1"/><kerning first="90" second="67" amount="-1"/><kerning first="90" second="71" amount="-1"/><kerning first="90" second="79" amount="-1"/><kerning first="90" second="81" amount="-1"/><kerning first="90" second="252" amount="-1"/><kerning first="90" second="231" amount="-1"/><kerning first="90" second="246" amount="-1"/><kerning first="90" second="214" amount="-1"/><kerning first="40" second="86" amount="1"/><kerning first="40" second="87" amount="1"/><kerning first="40" second="89" amount="1"/><kerning first="46" second="34" amount="-10"/><kerning first="46" second="39" amount="-10"/><kerning first="44" second="34" amount="-10"/><kerning first="44" second="39" amount="-10"/><kerning first="47" second="47" amount="-8"/><kerning first="34" second="97" amount="-2"/><kerning first="34" second="99" amount="-2"/><kerning first="34" second="100" amount="-2"/><kerning first="34" second="101" amount="-2"/><kerning first="34" second="103" amount="-2"/><kerning first="34" second="109" amount="-1"/><kerning first="34" second="110" amount="-1"/><kerning first="34" second="111" amount="-3"/><kerning first="34" second="112" amount="-1"/><kerning first="34" second="113" amount="-2"/><kerning first="34" second="115" amount="-3"/><kerning first="34" second="65" amount="-4"/><kerning first="34" second="34" amount="-1"/><kerning first="34" second="39" amount="-1"/><kerning first="34" second="351" amount="-3"/><kerning first="34" second="231" amount="-2"/><kerning first="34" second="246" amount="-3"/><kerning first="39" second="97" amount="-2"/><kerning first="39" second="99" amount="-2"/><kerning first="39" second="100" amount="-2"/><kerning first="39" second="101" amount="-2"/><kerning first="39" second="103" amount="-2"/><kerning first="39" second="109" amount="-1"/><kerning first="39" second="110" amount="-1"/><kerning first="39" second="111" amount="-3"/><kerning first="39" second="112" amount="-1"/><kerning first="39" second="113" amount="-2"/><kerning first="39" second="115" amount="-3"/><kerning first="39" second="65" amount="-4"/><kerning first="39" second="34" amount="-1"/><kerning first="39" second="39" amount="-1"/><kerning first="39" second="351" amount="-3"/><kerning first="39" second="231" amount="-2"/><kerning first="39" second="246" amount="-3"/><kerning first="123" second="74" amount="-1"/><kerning first="123" second="85" amount="-1"/><kerning first="123" second="220" amount="-1"/><kerning first="91" second="74" amount="-1"/><kerning first="91" second="85" amount="-1"/><kerning first="91" second="220" amount="-1"/><kerning first="246" second="118" amount="-1"/><kerning first="246" second="120" amount="-1"/><kerning first="246" second="121" amount="-1"/><kerning first="246" second="122" amount="-1"/><kerning first="246" second="34" amount="-1"/><kerning first="246" second="39" amount="-1"/><kerning first="220" second="65" amount="-1"/><kerning first="304" second="65" amount="1"/><kerning first="304" second="84" amount="-1"/><kerning first="304" second="88" amount="1"/><kerning first="304" second="89" amount="-1"/><kerning first="214" second="65" amount="-1"/><kerning first="214" second="84" amount="-1"/><kerning first="214" second="86" amount="-1"/><kerning first="214" second="88" amount="-1"/><kerning first="214" second="89" amount="-1"/><kerning first="214" second="90" amount="-1"/><kerning first="214" second="46" amount="-4"/><kerning first="214" second="44" amount="-4"/></kernings></font>