{
	"textures": [
		{
			"image": "butterfly-resources.png",
			"format": "RGBA8888",
			"size": {
				"w": 244,
				"h": 233
			},
			"scale": 0.5,
			"frames": [
				{
					"filename": "tile-22",
					"rotated": false,
					"trimmed": false,
					"sourceSize": {
						"w": 44,
						"h": 39
					},
					"spriteSourceSize": {
						"x": 0,
						"y": 0,
						"w": 44,
						"h": 39
					},
					"frame": {
						"x": 2,
						"y": 2,
						"w": 44,
						"h": 39
					}
				},
				{
					"filename": "tile-28",
					"rotated": false,
					"trimmed": false,
					"sourceSize": {
						"w": 43,
						"h": 39
					},
					"spriteSourceSize": {
						"x": 0,
						"y": 0,
						"w": 43,
						"h": 39
					},
					"frame": {
						"x": 49,
						"y": 2,
						"w": 43,
						"h": 39
					}
				},
				{
					"filename": "tile-11",
					"rotated": false,
					"trimmed": true,
					"sourceSize": {
						"w": 43,
						"h": 42
					},
					"spriteSourceSize": {
						"x": 2,
						"y": 0,
						"w": 41,
						"h": 42
					},
					"frame": {
						"x": 95,
						"y": 2,
						"w": 41,
						"h": 42
					}
				},
				{
					"filename": "tile-16",
					"rotated": false,
					"trimmed": false,
					"sourceSize": {
						"w": 33,
						"h": 42
					},
					"spriteSourceSize": {
						"x": 0,
						"y": 0,
						"w": 33,
						"h": 42
					},
					"frame": {
						"x": 139,
						"y": 2,
						"w": 33,
						"h": 42
					}
				},
				{
					"filename": "tile-17",
					"rotated": false,
					"trimmed": false,
					"sourceSize": {
						"w": 31,
						"h": 42
					},
					"spriteSourceSize": {
						"x": 0,
						"y": 0,
						"w": 31,
						"h": 42
					},
					"frame": {
						"x": 175,
						"y": 2,
						"w": 31,
						"h": 42
					}
				},
				{
					"filename": "tile-15",
					"rotated": false,
					"trimmed": false,
					"sourceSize": {
						"w": 33,
						"h": 43
					},
					"spriteSourceSize": {
						"x": 0,
						"y": 0,
						"w": 33,
						"h": 43
					},
					"frame": {
						"x": 209,
						"y": 2,
						"w": 33,
						"h": 43
					}
				},
				{
					"filename": "tile-23",
					"rotated": false,
					"trimmed": false,
					"sourceSize": {
						"w": 40,
						"h": 42
					},
					"spriteSourceSize": {
						"x": 0,
						"y": 0,
						"w": 40,
						"h": 42
					},
					"frame": {
						"x": 2,
						"y": 44,
						"w": 40,
						"h": 42
					}
				},
				{
					"filename": "tile-1",
					"rotated": false,
					"trimmed": false,
					"sourceSize": {
						"w": 36,
						"h": 43
					},
					"spriteSourceSize": {
						"x": 0,
						"y": 0,
						"w": 36,
						"h": 43
					},
					"frame": {
						"x": 45,
						"y": 44,
						"w": 36,
						"h": 43
					}
				},
				{
					"filename": "tile-10",
					"rotated": false,
					"trimmed": false,
					"sourceSize": {
						"w": 41,
						"h": 43
					},
					"spriteSourceSize": {
						"x": 0,
						"y": 0,
						"w": 41,
						"h": 43
					},
					"frame": {
						"x": 84,
						"y": 47,
						"w": 41,
						"h": 43
					}
				},
				{
					"filename": "tile-12",
					"rotated": false,
					"trimmed": true,
					"sourceSize": {
						"w": 42,
						"h": 43
					},
					"spriteSourceSize": {
						"x": 1,
						"y": 0,
						"w": 41,
						"h": 43
					},
					"frame": {
						"x": 128,
						"y": 47,
						"w": 41,
						"h": 43
					}
				},
				{
					"filename": "tile-27",
					"rotated": false,
					"trimmed": false,
					"sourceSize": {
						"w": 32,
						"h": 43
					},
					"spriteSourceSize": {
						"x": 0,
						"y": 0,
						"w": 32,
						"h": 43
					},
					"frame": {
						"x": 172,
						"y": 47,
						"w": 32,
						"h": 43
					}
				},
				{
					"filename": "tile-13",
					"rotated": false,
					"trimmed": false,
					"sourceSize": {
						"w": 35,
						"h": 43
					},
					"spriteSourceSize": {
						"x": 0,
						"y": 0,
						"w": 35,
						"h": 43
					},
					"frame": {
						"x": 207,
						"y": 48,
						"w": 35,
						"h": 43
					}
				},
				{
					"filename": "tile-20",
					"rotated": false,
					"trimmed": false,
					"sourceSize": {
						"w": 39,
						"h": 43
					},
					"spriteSourceSize": {
						"x": 0,
						"y": 0,
						"w": 39,
						"h": 43
					},
					"frame": {
						"x": 2,
						"y": 89,
						"w": 39,
						"h": 43
					}
				},
				{
					"filename": "tile-21",
					"rotated": false,
					"trimmed": true,
					"sourceSize": {
						"w": 36,
						"h": 43
					},
					"spriteSourceSize": {
						"x": 1,
						"y": 0,
						"w": 35,
						"h": 43
					},
					"frame": {
						"x": 44,
						"y": 90,
						"w": 35,
						"h": 43
					}
				},
				{
					"filename": "tile-24",
					"rotated": false,
					"trimmed": false,
					"sourceSize": {
						"w": 35,
						"h": 43
					},
					"spriteSourceSize": {
						"x": 0,
						"y": 0,
						"w": 35,
						"h": 43
					},
					"frame": {
						"x": 82,
						"y": 93,
						"w": 35,
						"h": 43
					}
				},
				{
					"filename": "tile-26",
					"rotated": false,
					"trimmed": false,
					"sourceSize": {
						"w": 41,
						"h": 43
					},
					"spriteSourceSize": {
						"x": 0,
						"y": 0,
						"w": 41,
						"h": 43
					},
					"frame": {
						"x": 120,
						"y": 93,
						"w": 41,
						"h": 43
					}
				},
				{
					"filename": "tile-29",
					"rotated": false,
					"trimmed": false,
					"sourceSize": {
						"w": 35,
						"h": 43
					},
					"spriteSourceSize": {
						"x": 0,
						"y": 0,
						"w": 35,
						"h": 43
					},
					"frame": {
						"x": 164,
						"y": 93,
						"w": 35,
						"h": 43
					}
				},
				{
					"filename": "tile-5",
					"rotated": false,
					"trimmed": false,
					"sourceSize": {
						"w": 39,
						"h": 43
					},
					"spriteSourceSize": {
						"x": 0,
						"y": 0,
						"w": 39,
						"h": 43
					},
					"frame": {
						"x": 202,
						"y": 94,
						"w": 39,
						"h": 43
					}
				},
				{
					"filename": "tile-8",
					"rotated": false,
					"trimmed": false,
					"sourceSize": {
						"w": 39,
						"h": 43
					},
					"spriteSourceSize": {
						"x": 0,
						"y": 0,
						"w": 39,
						"h": 43
					},
					"frame": {
						"x": 2,
						"y": 135,
						"w": 39,
						"h": 43
					}
				},
				{
					"filename": "tile-9",
					"rotated": false,
					"trimmed": false,
					"sourceSize": {
						"w": 35,
						"h": 43
					},
					"spriteSourceSize": {
						"x": 0,
						"y": 0,
						"w": 35,
						"h": 43
					},
					"frame": {
						"x": 44,
						"y": 136,
						"w": 35,
						"h": 43
					}
				},
				{
					"filename": "tile-14",
					"rotated": false,
					"trimmed": false,
					"sourceSize": {
						"w": 36,
						"h": 44
					},
					"spriteSourceSize": {
						"x": 0,
						"y": 0,
						"w": 36,
						"h": 44
					},
					"frame": {
						"x": 82,
						"y": 139,
						"w": 36,
						"h": 44
					}
				},
				{
					"filename": "tile-18",
					"rotated": false,
					"trimmed": false,
					"sourceSize": {
						"w": 39,
						"h": 44
					},
					"spriteSourceSize": {
						"x": 0,
						"y": 0,
						"w": 39,
						"h": 44
					},
					"frame": {
						"x": 121,
						"y": 139,
						"w": 39,
						"h": 44
					}
				},
				{
					"filename": "tile-19",
					"rotated": false,
					"trimmed": false,
					"sourceSize": {
						"w": 33,
						"h": 44
					},
					"spriteSourceSize": {
						"x": 0,
						"y": 0,
						"w": 33,
						"h": 44
					},
					"frame": {
						"x": 163,
						"y": 139,
						"w": 33,
						"h": 44
					}
				},
				{
					"filename": "tile-2",
					"rotated": false,
					"trimmed": false,
					"sourceSize": {
						"w": 36,
						"h": 44
					},
					"spriteSourceSize": {
						"x": 0,
						"y": 0,
						"w": 36,
						"h": 44
					},
					"frame": {
						"x": 199,
						"y": 140,
						"w": 36,
						"h": 44
					}
				},
				{
					"filename": "tile-25",
					"rotated": false,
					"trimmed": false,
					"sourceSize": {
						"w": 32,
						"h": 44
					},
					"spriteSourceSize": {
						"x": 0,
						"y": 0,
						"w": 32,
						"h": 44
					},
					"frame": {
						"x": 2,
						"y": 181,
						"w": 32,
						"h": 44
					}
				},
				{
					"filename": "tile-3",
					"rotated": false,
					"trimmed": false,
					"sourceSize": {
						"w": 37,
						"h": 44
					},
					"spriteSourceSize": {
						"x": 0,
						"y": 0,
						"w": 37,
						"h": 44
					},
					"frame": {
						"x": 37,
						"y": 182,
						"w": 37,
						"h": 44
					}
				},
				{
					"filename": "tile-4",
					"rotated": false,
					"trimmed": false,
					"sourceSize": {
						"w": 37,
						"h": 44
					},
					"spriteSourceSize": {
						"x": 0,
						"y": 0,
						"w": 37,
						"h": 44
					},
					"frame": {
						"x": 77,
						"y": 186,
						"w": 37,
						"h": 44
					}
				},
				{
					"filename": "tile-6",
					"rotated": false,
					"trimmed": false,
					"sourceSize": {
						"w": 40,
						"h": 44
					},
					"spriteSourceSize": {
						"x": 0,
						"y": 0,
						"w": 40,
						"h": 44
					},
					"frame": {
						"x": 117,
						"y": 186,
						"w": 40,
						"h": 44
					}
				},
				{
					"filename": "tile-30",
					"rotated": false,
					"trimmed": false,
					"sourceSize": {
						"w": 32,
						"h": 45
					},
					"spriteSourceSize": {
						"x": 0,
						"y": 0,
						"w": 32,
						"h": 45
					},
					"frame": {
						"x": 160,
						"y": 186,
						"w": 32,
						"h": 45
					}
				},
				{
					"filename": "tile-7",
					"rotated": false,
					"trimmed": false,
					"sourceSize": {
						"w": 39,
						"h": 44
					},
					"spriteSourceSize": {
						"x": 0,
						"y": 0,
						"w": 39,
						"h": 44
					},
					"frame": {
						"x": 195,
						"y": 187,
						"w": 39,
						"h": 44
					}
				}
			]
		}
	],
	"meta": {
		"app": "https://www.codeandweb.com/texturepacker",
		"version": "3.0",
		"smartupdate": "$TexturePacker:SmartUpdate:52ebdc6d7e4005329b00a032acef71bf:984f28aa8284f07cba0b171ef13f32c3:c3a8f6341cb0aac057538e3fb890f638$"
	}
}
