{
	"textures": [
		{
			"image": "default-resources-32bit.png",
			"format": "RGBA8888",
			"size": {
				"w": 488,
				"h": 1010
			},
			"scale": 0.5,
			"frames": [
				{
					"filename": "result-screen/ribbon",
					"rotated": false,
					"trimmed": false,
					"sourceSize": {
						"w": 366,
						"h": 115
					},
					"spriteSourceSize": {
						"x": 0,
						"y": 0,
						"w": 366,
						"h": 115
					},
					"frame": {
						"x": 2,
						"y": 2,
						"w": 366,
						"h": 115
					}
				},
				{
					"filename": "texts/rocket",
					"rotated": false,
					"trimmed": false,
					"sourceSize": {
						"w": 95,
						"h": 20
					},
					"spriteSourceSize": {
						"x": 0,
						"y": 0,
						"w": 95,
						"h": 20
					},
					"frame": {
						"x": 371,
						"y": 2,
						"w": 95,
						"h": 20
					}
				},
				{
					"filename": "icons/pause",
					"rotated": false,
					"trimmed": false,
					"sourceSize": {
						"w": 17,
						"h": 17
					},
					"spriteSourceSize": {
						"x": 0,
						"y": 0,
						"w": 17,
						"h": 17
					},
					"frame": {
						"x": 469,
						"y": 2,
						"w": 17,
						"h": 17
					}
				},
				{
					"filename": "icons/x",
					"rotated": false,
					"trimmed": false,
					"sourceSize": {
						"w": 15,
						"h": 17
					},
					"spriteSourceSize": {
						"x": 0,
						"y": 0,
						"w": 15,
						"h": 17
					},
					"frame": {
						"x": 469,
						"y": 22,
						"w": 15,
						"h": 17
					}
				},
				{
					"filename": "texts/text-pause",
					"rotated": false,
					"trimmed": false,
					"sourceSize": {
						"w": 94,
						"h": 25
					},
					"spriteSourceSize": {
						"x": 0,
						"y": 0,
						"w": 94,
						"h": 25
					},
					"frame": {
						"x": 371,
						"y": 25,
						"w": 94,
						"h": 25
					}
				},
				{
					"filename": "buttons/green-small-bg",
					"rotated": false,
					"trimmed": false,
					"sourceSize": {
						"w": 89,
						"h": 33
					},
					"spriteSourceSize": {
						"x": 0,
						"y": 0,
						"w": 89,
						"h": 33
					},
					"frame": {
						"x": 371,
						"y": 53,
						"w": 89,
						"h": 33
					}
				},
				{
					"filename": "icons/continue",
					"rotated": false,
					"trimmed": false,
					"sourceSize": {
						"w": 23,
						"h": 28
					},
					"spriteSourceSize": {
						"x": 0,
						"y": 0,
						"w": 23,
						"h": 28
					},
					"frame": {
						"x": 463,
						"y": 53,
						"w": 23,
						"h": 28
					}
				},
				{
					"filename": "icons/coin",
					"rotated": false,
					"trimmed": false,
					"sourceSize": {
						"w": 21,
						"h": 21
					},
					"spriteSourceSize": {
						"x": 0,
						"y": 0,
						"w": 21,
						"h": 21
					},
					"frame": {
						"x": 463,
						"y": 84,
						"w": 21,
						"h": 21
					}
				},
				{
					"filename": "texts/boom",
					"rotated": false,
					"trimmed": false,
					"sourceSize": {
						"w": 86,
						"h": 25
					},
					"spriteSourceSize": {
						"x": 0,
						"y": 0,
						"w": 86,
						"h": 25
					},
					"frame": {
						"x": 371,
						"y": 89,
						"w": 86,
						"h": 25
					}
				},
				{
					"filename": "icons/share",
					"rotated": false,
					"trimmed": false,
					"sourceSize": {
						"w": 24,
						"h": 30
					},
					"spriteSourceSize": {
						"x": 0,
						"y": 0,
						"w": 24,
						"h": 30
					},
					"frame": {
						"x": 460,
						"y": 108,
						"w": 24,
						"h": 30
					}
				},
				{
					"filename": "buttons/green-small",
					"rotated": false,
					"trimmed": false,
					"sourceSize": {
						"w": 83,
						"h": 27
					},
					"spriteSourceSize": {
						"x": 0,
						"y": 0,
						"w": 83,
						"h": 27
					},
					"frame": {
						"x": 371,
						"y": 117,
						"w": 83,
						"h": 27
					}
				},
				{
					"filename": "icons/lose",
					"rotated": false,
					"trimmed": false,
					"sourceSize": {
						"w": 29,
						"h": 31
					},
					"spriteSourceSize": {
						"x": 0,
						"y": 0,
						"w": 29,
						"h": 31
					},
					"frame": {
						"x": 457,
						"y": 141,
						"w": 29,
						"h": 31
					}
				},
				{
					"filename": "popup/popup",
					"rotated": false,
					"trimmed": false,
					"sourceSize": {
						"w": 292,
						"h": 374
					},
					"spriteSourceSize": {
						"x": 0,
						"y": 0,
						"w": 292,
						"h": 374
					},
					"frame": {
						"x": 2,
						"y": 120,
						"w": 292,
						"h": 374
					}
				},
				{
					"filename": "art/yellow-glow",
					"rotated": false,
					"trimmed": true,
					"sourceSize": {
						"w": 190,
						"h": 183
					},
					"spriteSourceSize": {
						"x": 0,
						"y": 1,
						"w": 188,
						"h": 181
					},
					"frame": {
						"x": 297,
						"y": 175,
						"w": 188,
						"h": 181
					}
				},
				{
					"filename": "texts/text-settings",
					"rotated": false,
					"trimmed": false,
					"sourceSize": {
						"w": 146,
						"h": 25
					},
					"spriteSourceSize": {
						"x": 0,
						"y": 0,
						"w": 146,
						"h": 25
					},
					"frame": {
						"x": 297,
						"y": 147,
						"w": 146,
						"h": 25
					}
				},
				{
					"filename": "icons/check",
					"rotated": false,
					"trimmed": false,
					"sourceSize": {
						"w": 27,
						"h": 24
					},
					"spriteSourceSize": {
						"x": 0,
						"y": 0,
						"w": 27,
						"h": 24
					},
					"frame": {
						"x": 297,
						"y": 120,
						"w": 27,
						"h": 24
					}
				},
				{
					"filename": "icons/info-dot",
					"rotated": false,
					"trimmed": true,
					"sourceSize": {
						"w": 20,
						"h": 23
					},
					"spriteSourceSize": {
						"x": 0,
						"y": 1,
						"w": 20,
						"h": 22
					},
					"frame": {
						"x": 327,
						"y": 120,
						"w": 20,
						"h": 22
					}
				},
				{
					"filename": "buttons/frame",
					"rotated": false,
					"trimmed": false,
					"sourceSize": {
						"w": 184,
						"h": 51
					},
					"spriteSourceSize": {
						"x": 0,
						"y": 0,
						"w": 184,
						"h": 51
					},
					"frame": {
						"x": 297,
						"y": 359,
						"w": 184,
						"h": 51
					}
				},
				{
					"filename": "buttons/blue",
					"rotated": false,
					"trimmed": false,
					"sourceSize": {
						"w": 181,
						"h": 48
					},
					"spriteSourceSize": {
						"x": 0,
						"y": 0,
						"w": 181,
						"h": 48
					},
					"frame": {
						"x": 297,
						"y": 413,
						"w": 181,
						"h": 48
					}
				},
				{
					"filename": "buttons/green",
					"rotated": false,
					"trimmed": false,
					"sourceSize": {
						"w": 181,
						"h": 48
					},
					"spriteSourceSize": {
						"x": 0,
						"y": 0,
						"w": 181,
						"h": 48
					},
					"frame": {
						"x": 297,
						"y": 464,
						"w": 181,
						"h": 48
					}
				},
				{
					"filename": "buttons/orange",
					"rotated": false,
					"trimmed": false,
					"sourceSize": {
						"w": 191,
						"h": 53
					},
					"spriteSourceSize": {
						"x": 0,
						"y": 0,
						"w": 191,
						"h": 53
					},
					"frame": {
						"x": 2,
						"y": 497,
						"w": 191,
						"h": 53
					}
				},
				{
					"filename": "result-screen/star",
					"rotated": false,
					"trimmed": false,
					"sourceSize": {
						"w": 76,
						"h": 77
					},
					"spriteSourceSize": {
						"x": 0,
						"y": 0,
						"w": 76,
						"h": 77
					},
					"frame": {
						"x": 196,
						"y": 497,
						"w": 76,
						"h": 77
					}
				},
				{
					"filename": "buttons/yellow",
					"rotated": false,
					"trimmed": false,
					"sourceSize": {
						"w": 181,
						"h": 48
					},
					"spriteSourceSize": {
						"x": 0,
						"y": 0,
						"w": 181,
						"h": 48
					},
					"frame": {
						"x": 2,
						"y": 553,
						"w": 181,
						"h": 48
					}
				},
				{
					"filename": "texts/text-continue",
					"rotated": false,
					"trimmed": false,
					"sourceSize": {
						"w": 164,
						"h": 25
					},
					"spriteSourceSize": {
						"x": 0,
						"y": 0,
						"w": 164,
						"h": 25
					},
					"frame": {
						"x": 275,
						"y": 515,
						"w": 164,
						"h": 25
					}
				},
				{
					"filename": "loading-screen/tile-4",
					"rotated": false,
					"trimmed": true,
					"sourceSize": {
						"w": 50,
						"h": 50
					},
					"spriteSourceSize": {
						"x": 4,
						"y": 4,
						"w": 43,
						"h": 44
					},
					"frame": {
						"x": 442,
						"y": 515,
						"w": 43,
						"h": 44
					}
				},
				{
					"filename": "texts/victory",
					"rotated": false,
					"trimmed": false,
					"sourceSize": {
						"w": 152,
						"h": 31
					},
					"spriteSourceSize": {
						"x": 0,
						"y": 0,
						"w": 152,
						"h": 31
					},
					"frame": {
						"x": 275,
						"y": 543,
						"w": 152,
						"h": 31
					}
				},
				{
					"filename": "loading-screen/tile-bg",
					"rotated": false,
					"trimmed": false,
					"sourceSize": {
						"w": 54,
						"h": 56
					},
					"spriteSourceSize": {
						"x": 0,
						"y": 0,
						"w": 54,
						"h": 56
					},
					"frame": {
						"x": 430,
						"y": 562,
						"w": 54,
						"h": 56
					}
				},
				{
					"filename": "logo/gift_white",
					"rotated": false,
					"trimmed": true,
					"sourceSize": {
						"w": 150,
						"h": 150
					},
					"spriteSourceSize": {
						"x": 7,
						"y": 2,
						"w": 137,
						"h": 145
					},
					"frame": {
						"x": 186,
						"y": 577,
						"w": 137,
						"h": 145
					}
				},
				{
					"filename": "texts/continue-title",
					"rotated": false,
					"trimmed": false,
					"sourceSize": {
						"w": 134,
						"h": 19
					},
					"spriteSourceSize": {
						"x": 0,
						"y": 0,
						"w": 134,
						"h": 19
					},
					"frame": {
						"x": 326,
						"y": 621,
						"w": 134,
						"h": 19
					}
				},
				{
					"filename": "loading-screen/tile-3",
					"rotated": false,
					"trimmed": true,
					"sourceSize": {
						"w": 50,
						"h": 50
					},
					"spriteSourceSize": {
						"x": 4,
						"y": 5,
						"w": 43,
						"h": 41
					},
					"frame": {
						"x": 326,
						"y": 577,
						"w": 43,
						"h": 41
					}
				},
				{
					"filename": "loading-screen/tile-1",
					"rotated": false,
					"trimmed": true,
					"sourceSize": {
						"w": 50,
						"h": 50
					},
					"spriteSourceSize": {
						"x": 3,
						"y": 6,
						"w": 45,
						"h": 39
					},
					"frame": {
						"x": 372,
						"y": 577,
						"w": 45,
						"h": 39
					}
				},
				{
					"filename": "preloader/loading",
					"rotated": false,
					"trimmed": false,
					"sourceSize": {
						"w": 132,
						"h": 132
					},
					"spriteSourceSize": {
						"x": 0,
						"y": 0,
						"w": 132,
						"h": 132
					},
					"frame": {
						"x": 326,
						"y": 643,
						"w": 132,
						"h": 132
					}
				},
				{
					"filename": "progress/circle-background",
					"rotated": false,
					"trimmed": false,
					"sourceSize": {
						"w": 129,
						"h": 129
					},
					"spriteSourceSize": {
						"x": 0,
						"y": 0,
						"w": 129,
						"h": 129
					},
					"frame": {
						"x": 2,
						"y": 604,
						"w": 129,
						"h": 129
					}
				},
				{
					"filename": "icons/music-off",
					"rotated": false,
					"trimmed": false,
					"sourceSize": {
						"w": 45,
						"h": 45
					},
					"spriteSourceSize": {
						"x": 0,
						"y": 0,
						"w": 45,
						"h": 45
					},
					"frame": {
						"x": 134,
						"y": 604,
						"w": 45,
						"h": 45
					}
				},
				{
					"filename": "icons/music-on",
					"rotated": false,
					"trimmed": false,
					"sourceSize": {
						"w": 45,
						"h": 45
					},
					"spriteSourceSize": {
						"x": 0,
						"y": 0,
						"w": 45,
						"h": 45
					},
					"frame": {
						"x": 134,
						"y": 652,
						"w": 45,
						"h": 45
					}
				},
				{
					"filename": "icons/sound-off",
					"rotated": false,
					"trimmed": false,
					"sourceSize": {
						"w": 45,
						"h": 45
					},
					"spriteSourceSize": {
						"x": 0,
						"y": 0,
						"w": 45,
						"h": 45
					},
					"frame": {
						"x": 134,
						"y": 700,
						"w": 45,
						"h": 45
					}
				},
				{
					"filename": "logo/gift-ad",
					"rotated": false,
					"trimmed": true,
					"sourceSize": {
						"w": 150,
						"h": 150
					},
					"spriteSourceSize": {
						"x": 16,
						"y": 11,
						"w": 127,
						"h": 135
					},
					"frame": {
						"x": 2,
						"y": 736,
						"w": 127,
						"h": 135
					}
				},
				{
					"filename": "logo/gift",
					"rotated": false,
					"trimmed": true,
					"sourceSize": {
						"w": 150,
						"h": 150
					},
					"spriteSourceSize": {
						"x": 16,
						"y": 11,
						"w": 123,
						"h": 134
					},
					"frame": {
						"x": 2,
						"y": 874,
						"w": 123,
						"h": 134
					}
				},
				{
					"filename": "art/white-glow",
					"rotated": false,
					"trimmed": true,
					"sourceSize": {
						"w": 127,
						"h": 133
					},
					"spriteSourceSize": {
						"x": 1,
						"y": 0,
						"w": 126,
						"h": 133
					},
					"frame": {
						"x": 128,
						"y": 874,
						"w": 126,
						"h": 133
					}
				},
				{
					"filename": "texts/shop",
					"rotated": false,
					"trimmed": false,
					"sourceSize": {
						"w": 66,
						"h": 20
					},
					"spriteSourceSize": {
						"x": 0,
						"y": 0,
						"w": 66,
						"h": 20
					},
					"frame": {
						"x": 257,
						"y": 725,
						"w": 66,
						"h": 20
					}
				},
				{
					"filename": "art/bg-light",
					"rotated": false,
					"trimmed": false,
					"sourceSize": {
						"w": 122,
						"h": 122
					},
					"spriteSourceSize": {
						"x": 0,
						"y": 0,
						"w": 122,
						"h": 122
					},
					"frame": {
						"x": 132,
						"y": 748,
						"w": 122,
						"h": 122
					}
				},
				{
					"filename": "icons/bomb",
					"rotated": false,
					"trimmed": false,
					"sourceSize": {
						"w": 57,
						"h": 63
					},
					"spriteSourceSize": {
						"x": 0,
						"y": 0,
						"w": 57,
						"h": 63
					},
					"frame": {
						"x": 257,
						"y": 748,
						"w": 57,
						"h": 63
					}
				},
				{
					"filename": "progress/progress-circle",
					"rotated": false,
					"trimmed": true,
					"sourceSize": {
						"w": 129,
						"h": 129
					},
					"spriteSourceSize": {
						"x": 5,
						"y": 5,
						"w": 119,
						"h": 119
					},
					"frame": {
						"x": 317,
						"y": 778,
						"w": 119,
						"h": 119
					}
				},
				{
					"filename": "icons/sound-on",
					"rotated": false,
					"trimmed": false,
					"sourceSize": {
						"w": 45,
						"h": 45
					},
					"spriteSourceSize": {
						"x": 0,
						"y": 0,
						"w": 45,
						"h": 45
					},
					"frame": {
						"x": 439,
						"y": 778,
						"w": 45,
						"h": 45
					}
				},
				{
					"filename": "icons/vibrate-off",
					"rotated": false,
					"trimmed": false,
					"sourceSize": {
						"w": 45,
						"h": 45
					},
					"spriteSourceSize": {
						"x": 0,
						"y": 0,
						"w": 45,
						"h": 45
					},
					"frame": {
						"x": 439,
						"y": 826,
						"w": 45,
						"h": 45
					}
				},
				{
					"filename": "icons/vibrate-on",
					"rotated": false,
					"trimmed": false,
					"sourceSize": {
						"w": 45,
						"h": 45
					},
					"spriteSourceSize": {
						"x": 0,
						"y": 0,
						"w": 45,
						"h": 45
					},
					"frame": {
						"x": 439,
						"y": 874,
						"w": 45,
						"h": 45
					}
				},
				{
					"filename": "blank",
					"rotated": false,
					"trimmed": false,
					"sourceSize": {
						"w": 50,
						"h": 50
					},
					"spriteSourceSize": {
						"x": 0,
						"y": 0,
						"w": 50,
						"h": 50
					},
					"frame": {
						"x": 257,
						"y": 814,
						"w": 50,
						"h": 50
					}
				},
				{
					"filename": "loading-screen/tile-5",
					"rotated": false,
					"trimmed": true,
					"sourceSize": {
						"w": 50,
						"h": 50
					},
					"spriteSourceSize": {
						"x": 3,
						"y": 3,
						"w": 45,
						"h": 45
					},
					"frame": {
						"x": 257,
						"y": 867,
						"w": 45,
						"h": 45
					}
				},
				{
					"filename": "texts/text-failed",
					"rotated": false,
					"trimmed": false,
					"sourceSize": {
						"w": 118,
						"h": 30
					},
					"spriteSourceSize": {
						"x": 0,
						"y": 0,
						"w": 118,
						"h": 30
					},
					"frame": {
						"x": 305,
						"y": 900,
						"w": 118,
						"h": 30
					}
				},
				{
					"filename": "texts/x2",
					"rotated": false,
					"trimmed": false,
					"sourceSize": {
						"w": 42,
						"h": 27
					},
					"spriteSourceSize": {
						"x": 0,
						"y": 0,
						"w": 42,
						"h": 27
					},
					"frame": {
						"x": 257,
						"y": 915,
						"w": 42,
						"h": 27
					}
				},
				{
					"filename": "icons/timeout-clock",
					"rotated": false,
					"trimmed": false,
					"sourceSize": {
						"w": 40,
						"h": 55
					},
					"spriteSourceSize": {
						"x": 0,
						"y": 0,
						"w": 40,
						"h": 55
					},
					"frame": {
						"x": 257,
						"y": 945,
						"w": 40,
						"h": 55
					}
				},
				{
					"filename": "loading-screen/tile-2",
					"rotated": false,
					"trimmed": true,
					"sourceSize": {
						"w": 50,
						"h": 50
					},
					"spriteSourceSize": {
						"x": 5,
						"y": 5,
						"w": 41,
						"h": 42
					},
					"frame": {
						"x": 426,
						"y": 922,
						"w": 41,
						"h": 42
					}
				},
				{
					"filename": "buttons/close",
					"rotated": false,
					"trimmed": false,
					"sourceSize": {
						"w": 36,
						"h": 37
					},
					"spriteSourceSize": {
						"x": 0,
						"y": 0,
						"w": 36,
						"h": 37
					},
					"frame": {
						"x": 300,
						"y": 967,
						"w": 36,
						"h": 37
					}
				},
				{
					"filename": "icons/home",
					"rotated": false,
					"trimmed": false,
					"sourceSize": {
						"w": 29,
						"h": 29
					},
					"spriteSourceSize": {
						"x": 0,
						"y": 0,
						"w": 29,
						"h": 29
					},
					"frame": {
						"x": 302,
						"y": 933,
						"w": 29,
						"h": 29
					}
				},
				{
					"filename": "icons/invite",
					"rotated": false,
					"trimmed": false,
					"sourceSize": {
						"w": 29,
						"h": 29
					},
					"spriteSourceSize": {
						"x": 0,
						"y": 0,
						"w": 29,
						"h": 29
					},
					"frame": {
						"x": 334,
						"y": 933,
						"w": 29,
						"h": 29
					}
				},
				{
					"filename": "buttons/yellow-circle",
					"rotated": false,
					"trimmed": false,
					"sourceSize": {
						"w": 36,
						"h": 37
					},
					"spriteSourceSize": {
						"x": 0,
						"y": 0,
						"w": 36,
						"h": 37
					},
					"frame": {
						"x": 339,
						"y": 967,
						"w": 36,
						"h": 37
					}
				},
				{
					"filename": "icons/replay",
					"rotated": false,
					"trimmed": false,
					"sourceSize": {
						"w": 27,
						"h": 29
					},
					"spriteSourceSize": {
						"x": 0,
						"y": 0,
						"w": 27,
						"h": 29
					},
					"frame": {
						"x": 366,
						"y": 933,
						"w": 27,
						"h": 29
					}
				},
				{
					"filename": "icons/ads",
					"rotated": false,
					"trimmed": false,
					"sourceSize": {
						"w": 31,
						"h": 34
					},
					"spriteSourceSize": {
						"x": 0,
						"y": 0,
						"w": 31,
						"h": 34
					},
					"frame": {
						"x": 378,
						"y": 967,
						"w": 31,
						"h": 34
					}
				},
				{
					"filename": "icons/clock",
					"rotated": false,
					"trimmed": false,
					"sourceSize": {
						"w": 28,
						"h": 28
					},
					"spriteSourceSize": {
						"x": 0,
						"y": 0,
						"w": 28,
						"h": 28
					},
					"frame": {
						"x": 412,
						"y": 967,
						"w": 28,
						"h": 28
					}
				}
			]
		}
	],
	"meta": {
		"app": "https://www.codeandweb.com/texturepacker",
		"version": "3.0",
		"smartupdate": "$TexturePacker:SmartUpdate:b04d6ca8d2febbeddd87691e1ae8766c:0467853f7aa05aa7c341457cfcebf770:0d468957a782894db8a57dcd348e750f$"
	}
}
