{
	"textures": [
		{
			"image": "tournaments-resources-32bit.png",
			"format": "RGBA8888",
			"size": {
				"w": 1072,
				"h": 456
			},
			"scale": 0.5,
			"frames": [
				{
					"filename": "popup",
					"rotated": false,
					"trimmed": false,
					"sourceSize": {
						"w": 354,
						"h": 296
					},
					"spriteSourceSize": {
						"x": 0,
						"y": 0,
						"w": 354,
						"h": 296
					},
					"frame": {
						"x": 2,
						"y": 2,
						"w": 354,
						"h": 296
					}
				},
				{
					"filename": "frame",
					"rotated": false,
					"trimmed": false,
					"sourceSize": {
						"w": 320,
						"h": 153
					},
					"spriteSourceSize": {
						"x": 0,
						"y": 0,
						"w": 320,
						"h": 153
					},
					"frame": {
						"x": 2,
						"y": 301,
						"w": 320,
						"h": 153
					}
				},
				{
					"filename": "glow",
					"rotated": false,
					"trimmed": true,
					"sourceSize": {
						"w": 139,
						"h": 134
					},
					"spriteSourceSize": {
						"x": 1,
						"y": 0,
						"w": 137,
						"h": 134
					},
					"frame": {
						"x": 325,
						"y": 301,
						"w": 137,
						"h": 134
					}
				},
				{
					"filename": "long-popup-middle",
					"rotated": false,
					"trimmed": false,
					"sourceSize": {
						"w": 354,
						"h": 240
					},
					"spriteSourceSize": {
						"x": 0,
						"y": 0,
						"w": 354,
						"h": 240
					},
					"frame": {
						"x": 359,
						"y": 2,
						"w": 354,
						"h": 240
					}
				},
				{
					"filename": "long-popup-top",
					"rotated": false,
					"trimmed": false,
					"sourceSize": {
						"w": 354,
						"h": 225
					},
					"spriteSourceSize": {
						"x": 0,
						"y": 0,
						"w": 354,
						"h": 225
					},
					"frame": {
						"x": 716,
						"y": 2,
						"w": 354,
						"h": 225
					}
				},
				{
					"filename": "long-popup-bottom",
					"rotated": false,
					"trimmed": false,
					"sourceSize": {
						"w": 354,
						"h": 89
					},
					"spriteSourceSize": {
						"x": 0,
						"y": 0,
						"w": 354,
						"h": 89
					},
					"frame": {
						"x": 716,
						"y": 230,
						"w": 354,
						"h": 89
					}
				},
				{
					"filename": "ribbon",
					"rotated": false,
					"trimmed": false,
					"sourceSize": {
						"w": 245,
						"h": 64
					},
					"spriteSourceSize": {
						"x": 0,
						"y": 0,
						"w": 245,
						"h": 64
					},
					"frame": {
						"x": 465,
						"y": 245,
						"w": 245,
						"h": 64
					}
				},
				{
					"filename": "blank",
					"rotated": false,
					"trimmed": false,
					"sourceSize": {
						"w": 50,
						"h": 50
					},
					"spriteSourceSize": {
						"x": 0,
						"y": 0,
						"w": 50,
						"h": 50
					},
					"frame": {
						"x": 359,
						"y": 245,
						"w": 50,
						"h": 50
					}
				},
				{
					"filename": "crown",
					"rotated": false,
					"trimmed": false,
					"sourceSize": {
						"w": 40,
						"h": 36
					},
					"spriteSourceSize": {
						"x": 0,
						"y": 0,
						"w": 40,
						"h": 36
					},
					"frame": {
						"x": 412,
						"y": 245,
						"w": 40,
						"h": 36
					}
				},
				{
					"filename": "cup",
					"rotated": false,
					"trimmed": false,
					"sourceSize": {
						"w": 137,
						"h": 106
					},
					"spriteSourceSize": {
						"x": 0,
						"y": 0,
						"w": 137,
						"h": 106
					},
					"frame": {
						"x": 465,
						"y": 322,
						"w": 137,
						"h": 106
					}
				},
				{
					"filename": "texts/tournament",
					"rotated": false,
					"trimmed": false,
					"sourceSize": {
						"w": 164,
						"h": 20
					},
					"spriteSourceSize": {
						"x": 0,
						"y": 0,
						"w": 164,
						"h": 20
					},
					"frame": {
						"x": 465,
						"y": 431,
						"w": 164,
						"h": 20
					}
				},
				{
					"filename": "panel-clock",
					"rotated": false,
					"trimmed": false,
					"sourceSize": {
						"w": 99,
						"h": 28
					},
					"spriteSourceSize": {
						"x": 0,
						"y": 0,
						"w": 99,
						"h": 28
					},
					"frame": {
						"x": 605,
						"y": 312,
						"w": 99,
						"h": 28
					}
				},
				{
					"filename": "avatar-border",
					"rotated": false,
					"trimmed": false,
					"sourceSize": {
						"w": 65,
						"h": 64
					},
					"spriteSourceSize": {
						"x": 0,
						"y": 0,
						"w": 65,
						"h": 64
					},
					"frame": {
						"x": 605,
						"y": 343,
						"w": 65,
						"h": 64
					}
				},
				{
					"filename": "x",
					"rotated": false,
					"trimmed": false,
					"sourceSize": {
						"w": 36,
						"h": 37
					},
					"spriteSourceSize": {
						"x": 0,
						"y": 0,
						"w": 36,
						"h": 37
					},
					"frame": {
						"x": 632,
						"y": 410,
						"w": 36,
						"h": 37
					}
				},
				{
					"filename": "icon-ranking",
					"rotated": false,
					"trimmed": false,
					"sourceSize": {
						"w": 36,
						"h": 36
					},
					"spriteSourceSize": {
						"x": 0,
						"y": 0,
						"w": 36,
						"h": 36
					},
					"frame": {
						"x": 671,
						"y": 410,
						"w": 36,
						"h": 36
					}
				},
				{
					"filename": "roll-bar",
					"rotated": false,
					"trimmed": false,
					"sourceSize": {
						"w": 320,
						"h": 57
					},
					"spriteSourceSize": {
						"x": 0,
						"y": 0,
						"w": 320,
						"h": 57
					},
					"frame": {
						"x": 673,
						"y": 343,
						"w": 320,
						"h": 57
					}
				},
				{
					"filename": "medal-bronze",
					"rotated": false,
					"trimmed": false,
					"sourceSize": {
						"w": 29,
						"h": 29
					},
					"spriteSourceSize": {
						"x": 0,
						"y": 0,
						"w": 29,
						"h": 29
					},
					"frame": {
						"x": 710,
						"y": 403,
						"w": 29,
						"h": 29
					}
				},
				{
					"filename": "texts/ranking",
					"rotated": false,
					"trimmed": false,
					"sourceSize": {
						"w": 96,
						"h": 19
					},
					"spriteSourceSize": {
						"x": 0,
						"y": 0,
						"w": 96,
						"h": 19
					},
					"frame": {
						"x": 710,
						"y": 435,
						"w": 96,
						"h": 19
					}
				},
				{
					"filename": "medal-gold",
					"rotated": false,
					"trimmed": false,
					"sourceSize": {
						"w": 29,
						"h": 29
					},
					"spriteSourceSize": {
						"x": 0,
						"y": 0,
						"w": 29,
						"h": 29
					},
					"frame": {
						"x": 742,
						"y": 403,
						"w": 29,
						"h": 29
					}
				},
				{
					"filename": "medal-silver",
					"rotated": false,
					"trimmed": false,
					"sourceSize": {
						"w": 29,
						"h": 29
					},
					"spriteSourceSize": {
						"x": 0,
						"y": 0,
						"w": 29,
						"h": 29
					},
					"frame": {
						"x": 774,
						"y": 403,
						"w": 29,
						"h": 29
					}
				},
				{
					"filename": "panel-number",
					"rotated": false,
					"trimmed": false,
					"sourceSize": {
						"w": 29,
						"h": 29
					},
					"spriteSourceSize": {
						"x": 0,
						"y": 0,
						"w": 29,
						"h": 29
					},
					"frame": {
						"x": 806,
						"y": 403,
						"w": 29,
						"h": 29
					}
				},
				{
					"filename": "panel-timer",
					"rotated": false,
					"trimmed": false,
					"sourceSize": {
						"w": 89,
						"h": 28
					},
					"spriteSourceSize": {
						"x": 0,
						"y": 0,
						"w": 89,
						"h": 28
					},
					"frame": {
						"x": 838,
						"y": 403,
						"w": 89,
						"h": 28
					}
				},
				{
					"filename": "panel",
					"rotated": false,
					"trimmed": false,
					"sourceSize": {
						"w": 120,
						"h": 26
					},
					"spriteSourceSize": {
						"x": 0,
						"y": 0,
						"w": 120,
						"h": 26
					},
					"frame": {
						"x": 930,
						"y": 403,
						"w": 120,
						"h": 26
					}
				},
				{
					"filename": "icon-time",
					"rotated": false,
					"trimmed": false,
					"sourceSize": {
						"w": 27,
						"h": 28
					},
					"spriteSourceSize": {
						"x": 0,
						"y": 0,
						"w": 27,
						"h": 28
					},
					"frame": {
						"x": 996,
						"y": 322,
						"w": 27,
						"h": 28
					}
				},
				{
					"filename": "icon-people",
					"rotated": false,
					"trimmed": false,
					"sourceSize": {
						"w": 24,
						"h": 27
					},
					"spriteSourceSize": {
						"x": 0,
						"y": 0,
						"w": 24,
						"h": 27
					},
					"frame": {
						"x": 996,
						"y": 353,
						"w": 24,
						"h": 27
					}
				}
			]
		}
	],
	"meta": {
		"app": "https://www.codeandweb.com/texturepacker",
		"version": "3.0",
		"smartupdate": "$TexturePacker:SmartUpdate:b40c093f8802bf440feacb481d40c80c:22ddad83908d65de9d8decf7f84e041f:9c7f59b809344550824a0c10222f621c$"
	}
}
