{
	"textures": [
		{
			"image": "tutorial-resources-32bit.png",
			"format": "RGBA8888",
			"size": {
				"w": 431,
				"h": 431
			},
			"scale": 0.5,
			"frames": [
				{
					"filename": "bottom-panel",
					"rotated": false,
					"trimmed": false,
					"sourceSize": {
						"w": 276,
						"h": 22
					},
					"spriteSourceSize": {
						"x": 0,
						"y": 0,
						"w": 276,
						"h": 22
					},
					"frame": {
						"x": 1,
						"y": 1,
						"w": 276,
						"h": 22
					}
				},
				{
					"filename": "guide-tile3",
					"rotated": false,
					"trimmed": false,
					"sourceSize": {
						"w": 84,
						"h": 86
					},
					"spriteSourceSize": {
						"x": 0,
						"y": 0,
						"w": 84,
						"h": 86
					},
					"frame": {
						"x": 279,
						"y": 1,
						"w": 84,
						"h": 86
					}
				},
				{
					"filename": "middle-panel",
					"rotated": false,
					"trimmed": false,
					"sourceSize": {
						"w": 276,
						"h": 22
					},
					"spriteSourceSize": {
						"x": 0,
						"y": 0,
						"w": 276,
						"h": 22
					},
					"frame": {
						"x": 1,
						"y": 25,
						"w": 276,
						"h": 22
					}
				},
				{
					"filename": "top-panel",
					"rotated": false,
					"trimmed": false,
					"sourceSize": {
						"w": 276,
						"h": 22
					},
					"spriteSourceSize": {
						"x": 0,
						"y": 0,
						"w": 276,
						"h": 22
					},
					"frame": {
						"x": 1,
						"y": 49,
						"w": 276,
						"h": 22
					}
				},
				{
					"filename": "tile-bg",
					"rotated": false,
					"trimmed": false,
					"sourceSize": {
						"w": 54,
						"h": 56
					},
					"spriteSourceSize": {
						"x": 0,
						"y": 0,
						"w": 54,
						"h": 56
					},
					"frame": {
						"x": 365,
						"y": 1,
						"w": 54,
						"h": 56
					}
				},
				{
					"filename": "cross-wrong",
					"rotated": false,
					"trimmed": false,
					"sourceSize": {
						"w": 54,
						"h": 54
					},
					"spriteSourceSize": {
						"x": 0,
						"y": 0,
						"w": 54,
						"h": 54
					},
					"frame": {
						"x": 365,
						"y": 59,
						"w": 54,
						"h": 54
					}
				},
				{
					"filename": "text-good",
					"rotated": false,
					"trimmed": true,
					"sourceSize": {
						"w": 258,
						"h": 120
					},
					"spriteSourceSize": {
						"x": 0,
						"y": 2,
						"w": 257,
						"h": 117
					},
					"frame": {
						"x": 1,
						"y": 73,
						"w": 257,
						"h": 117
					}
				},
				{
					"filename": "bomb",
					"rotated": false,
					"trimmed": false,
					"sourceSize": {
						"w": 15,
						"h": 16
					},
					"spriteSourceSize": {
						"x": 0,
						"y": 0,
						"w": 15,
						"h": 16
					},
					"frame": {
						"x": 260,
						"y": 73,
						"w": 15,
						"h": 16
					}
				},
				{
					"filename": "guide-tile1",
					"rotated": false,
					"trimmed": false,
					"sourceSize": {
						"w": 82,
						"h": 87
					},
					"spriteSourceSize": {
						"x": 0,
						"y": 0,
						"w": 82,
						"h": 87
					},
					"frame": {
						"x": 277,
						"y": 89,
						"w": 82,
						"h": 87
					}
				},
				{
					"filename": "circle-highlight",
					"rotated": false,
					"trimmed": false,
					"sourceSize": {
						"w": 53,
						"h": 53
					},
					"spriteSourceSize": {
						"x": 0,
						"y": 0,
						"w": 53,
						"h": 53
					},
					"frame": {
						"x": 361,
						"y": 115,
						"w": 53,
						"h": 53
					}
				},
				{
					"filename": "blank",
					"rotated": false,
					"trimmed": false,
					"sourceSize": {
						"w": 50,
						"h": 50
					},
					"spriteSourceSize": {
						"x": 0,
						"y": 0,
						"w": 50,
						"h": 50
					},
					"frame": {
						"x": 361,
						"y": 170,
						"w": 50,
						"h": 50
					}
				},
				{
					"filename": "guide-tile2",
					"rotated": false,
					"trimmed": false,
					"sourceSize": {
						"w": 82,
						"h": 87
					},
					"spriteSourceSize": {
						"x": 0,
						"y": 0,
						"w": 82,
						"h": 87
					},
					"frame": {
						"x": 260,
						"y": 178,
						"w": 82,
						"h": 87
					}
				},
				{
					"filename": "text-failed",
					"rotated": false,
					"trimmed": true,
					"sourceSize": {
						"w": 252,
						"h": 93
					},
					"spriteSourceSize": {
						"x": 0,
						"y": 0,
						"w": 252,
						"h": 92
					},
					"frame": {
						"x": 1,
						"y": 192,
						"w": 252,
						"h": 92
					}
				},
				{
					"filename": "guide-tile4",
					"rotated": false,
					"trimmed": false,
					"sourceSize": {
						"w": 82,
						"h": 87
					},
					"spriteSourceSize": {
						"x": 0,
						"y": 0,
						"w": 82,
						"h": 87
					},
					"frame": {
						"x": 344,
						"y": 222,
						"w": 82,
						"h": 87
					}
				},
				{
					"filename": "leaf-right",
					"rotated": false,
					"trimmed": false,
					"sourceSize": {
						"w": 180,
						"h": 103
					},
					"spriteSourceSize": {
						"x": 0,
						"y": 0,
						"w": 180,
						"h": 103
					},
					"frame": {
						"x": 1,
						"y": 311,
						"w": 180,
						"h": 103
					}
				},
				{
					"filename": "line-wrong",
					"rotated": false,
					"trimmed": false,
					"sourceSize": {
						"w": 32,
						"h": 9
					},
					"spriteSourceSize": {
						"x": 0,
						"y": 0,
						"w": 32,
						"h": 9
					},
					"frame": {
						"x": 1,
						"y": 416,
						"w": 32,
						"h": 9
					}
				},
				{
					"filename": "leaf-left",
					"rotated": false,
					"trimmed": false,
					"sourceSize": {
						"w": 199,
						"h": 92
					},
					"spriteSourceSize": {
						"x": 0,
						"y": 0,
						"w": 199,
						"h": 92
					},
					"frame": {
						"x": 183,
						"y": 311,
						"w": 199,
						"h": 92
					}
				},
				{
					"filename": "rocket",
					"rotated": false,
					"trimmed": false,
					"sourceSize": {
						"w": 30,
						"h": 39
					},
					"spriteSourceSize": {
						"x": 0,
						"y": 0,
						"w": 30,
						"h": 39
					},
					"frame": {
						"x": 255,
						"y": 267,
						"w": 30,
						"h": 39
					}
				},
				{
					"filename": "guide-tile5",
					"rotated": false,
					"trimmed": true,
					"sourceSize": {
						"w": 56,
						"h": 56
					},
					"spriteSourceSize": {
						"x": 10,
						"y": 0,
						"w": 46,
						"h": 55
					},
					"frame": {
						"x": 384,
						"y": 311,
						"w": 46,
						"h": 55
					}
				},
				{
					"filename": "dot-wrong",
					"rotated": false,
					"trimmed": false,
					"sourceSize": {
						"w": 24,
						"h": 24
					},
					"spriteSourceSize": {
						"x": 0,
						"y": 0,
						"w": 24,
						"h": 24
					},
					"frame": {
						"x": 183,
						"y": 405,
						"w": 24,
						"h": 24
					}
				},
				{
					"filename": "hand",
					"rotated": false,
					"trimmed": false,
					"sourceSize": {
						"w": 44,
						"h": 43
					},
					"spriteSourceSize": {
						"x": 0,
						"y": 0,
						"w": 44,
						"h": 43
					},
					"frame": {
						"x": 384,
						"y": 368,
						"w": 44,
						"h": 43
					}
				}
			]
		}
	],
	"meta": {
		"app": "https://www.codeandweb.com/texturepacker",
		"version": "3.0",
		"smartupdate": "$TexturePacker:SmartUpdate:9b7ea7ab144c79e6c8f8336bf4b1a1af:35bcbcf039879449ec29d51457eaf85e:690b0653df216cc7362a2ab64283759e$"
	}
}
