{"textures":[{"image":"gameplay-resources.png","format":"RGBA8888","size":{"w":837,"h":837},"scale":1,"frames":[{"filename":"effect-text/win/glow","rotated":false,"trimmed":false,"sourceSize":{"w":553,"h":117},"spriteSourceSize":{"x":0,"y":0,"w":553,"h":117},"frame":{"x":2,"y":2,"w":553,"h":117}},{"filename":"dashboard/btn-start-landscape","rotated":false,"trimmed":false,"sourceSize":{"w":258,"h":85},"spriteSourceSize":{"x":0,"y":0,"w":258,"h":85},"frame":{"x":558,"y":2,"w":258,"h":85}},{"filename":"projectiles/rock","rotated":false,"trimmed":false,"sourceSize":{"w":15,"h":13},"spriteSourceSize":{"x":0,"y":0,"w":15,"h":13},"frame":{"x":819,"y":2,"w":15,"h":13}},{"filename":"hand-guide/arrow-end","rotated":false,"trimmed":false,"sourceSize":{"w":8,"h":25},"spriteSourceSize":{"x":0,"y":0,"w":8,"h":25},"frame":{"x":819,"y":18,"w":8,"h":25}},{"filename":"hand-guide/arrow-middle","rotated":false,"trimmed":false,"sourceSize":{"w":2,"h":25},"spriteSourceSize":{"x":0,"y":0,"w":2,"h":25},"frame":{"x":830,"y":18,"w":2,"h":25}},{"filename":"dashboard/bar/blue-bar/bar-left","rotated":false,"trimmed":false,"sourceSize":{"w":6,"h":20},"spriteSourceSize":{"x":0,"y":0,"w":6,"h":20},"frame":{"x":819,"y":46,"w":6,"h":20}},{"filename":"dashboard/bar/blue-bar/bar-mid","rotated":false,"trimmed":false,"sourceSize":{"w":6,"h":20},"spriteSourceSize":{"x":0,"y":0,"w":6,"h":20},"frame":{"x":828,"y":46,"w":6,"h":20}},{"filename":"dashboard/bar/blue-bar/bar-right","rotated":false,"trimmed":false,"sourceSize":{"w":6,"h":20},"spriteSourceSize":{"x":0,"y":0,"w":6,"h":20},"frame":{"x":819,"y":69,"w":6,"h":20}},{"filename":"dashboard/bar/red-bar/bar-left","rotated":false,"trimmed":false,"sourceSize":{"w":6,"h":19},"spriteSourceSize":{"x":0,"y":0,"w":6,"h":19},"frame":{"x":828,"y":69,"w":6,"h":19}},{"filename":"dashboard/bar/red-bar/bar-mid","rotated":false,"trimmed":false,"sourceSize":{"w":6,"h":19},"spriteSourceSize":{"x":0,"y":0,"w":6,"h":19},"frame":{"x":828,"y":91,"w":6,"h":19}},{"filename":"effect-text/lose/shape-below","rotated":false,"trimmed":false,"sourceSize":{"w":253,"h":51},"spriteSourceSize":{"x":0,"y":0,"w":253,"h":51},"frame":{"x":558,"y":90,"w":253,"h":51}},{"filename":"dashboard/bar/red-bar/bar-right","rotated":false,"trimmed":false,"sourceSize":{"w":6,"h":19},"spriteSourceSize":{"x":0,"y":0,"w":6,"h":19},"frame":{"x":814,"y":92,"w":6,"h":19}},{"filename":"effect-text/purple-effect","rotated":false,"trimmed":false,"sourceSize":{"w":527,"h":159},"spriteSourceSize":{"x":0,"y":0,"w":527,"h":159},"frame":{"x":2,"y":122,"w":527,"h":159}},{"filename":"effect-text/win/shape-below","rotated":false,"trimmed":false,"sourceSize":{"w":294,"h":47},"spriteSourceSize":{"x":0,"y":0,"w":294,"h":47},"frame":{"x":532,"y":144,"w":294,"h":47}},{"filename":"dashboard/btn-free-gold-glow","rotated":false,"trimmed":true,"sourceSize":{"w":241,"h":235},"spriteSourceSize":{"x":5,"y":0,"w":231,"h":226},"frame":{"x":532,"y":194,"w":231,"h":226}},{"filename":"projectiles/fire-ring","rotated":false,"trimmed":false,"sourceSize":{"w":69,"h":72},"spriteSourceSize":{"x":0,"y":0,"w":69,"h":72},"frame":{"x":766,"y":194,"w":69,"h":72}},{"filename":"dashboard/btn-speed-off","rotated":false,"trimmed":false,"sourceSize":{"w":68,"h":77},"spriteSourceSize":{"x":0,"y":0,"w":68,"h":77},"frame":{"x":766,"y":269,"w":68,"h":77}},{"filename":"dashboard/btn-speed-on","rotated":false,"trimmed":false,"sourceSize":{"w":68,"h":77},"spriteSourceSize":{"x":0,"y":0,"w":68,"h":77},"frame":{"x":766,"y":349,"w":68,"h":77}},{"filename":"effect-text/lose/glow","rotated":false,"trimmed":false,"sourceSize":{"w":507,"h":110},"spriteSourceSize":{"x":0,"y":0,"w":507,"h":110},"frame":{"x":2,"y":284,"w":507,"h":110}},{"filename":"dashboard/btn-start","rotated":false,"trimmed":false,"sourceSize":{"w":318,"h":126},"spriteSourceSize":{"x":0,"y":0,"w":318,"h":126},"frame":{"x":2,"y":397,"w":318,"h":126}},{"filename":"dashboard/bar/bg-front","rotated":false,"trimmed":false,"sourceSize":{"w":191,"h":23},"spriteSourceSize":{"x":0,"y":0,"w":191,"h":23},"frame":{"x":323,"y":397,"w":191,"h":23}},{"filename":"dashboard/unitbar-bg","rotated":false,"trimmed":false,"sourceSize":{"w":142,"h":154},"spriteSourceSize":{"x":0,"y":0,"w":142,"h":154},"frame":{"x":2,"y":526,"w":142,"h":154}},{"filename":"hand-guide/hand","rotated":false,"trimmed":true,"sourceSize":{"w":131,"h":111},"spriteSourceSize":{"x":8,"y":0,"w":118,"h":111},"frame":{"x":2,"y":683,"w":118,"h":111}},{"filename":"dashboard/bar/blue-bar/icon-heart-blue","rotated":false,"trimmed":false,"sourceSize":{"w":39,"h":38},"spriteSourceSize":{"x":0,"y":0,"w":39,"h":38},"frame":{"x":2,"y":797,"w":39,"h":38}},{"filename":"dashboard/bar/red-bar/icon-heart-red","rotated":false,"trimmed":false,"sourceSize":{"w":39,"h":38},"spriteSourceSize":{"x":0,"y":0,"w":39,"h":38},"frame":{"x":44,"y":797,"w":39,"h":38}},{"filename":"dashboard/icon-message","rotated":false,"trimmed":false,"sourceSize":{"w":38,"h":38},"spriteSourceSize":{"x":0,"y":0,"w":38,"h":38},"frame":{"x":86,"y":797,"w":38,"h":38}},{"filename":"dashboard/btn-battle-green","rotated":false,"trimmed":false,"sourceSize":{"w":102,"h":104},"spriteSourceSize":{"x":0,"y":0,"w":102,"h":104},"frame":{"x":123,"y":683,"w":102,"h":104}},{"filename":"effect-text/lose/shape-above","rotated":false,"trimmed":false,"sourceSize":{"w":172,"h":45},"spriteSourceSize":{"x":0,"y":0,"w":172,"h":45},"frame":{"x":127,"y":790,"w":172,"h":45}},{"filename":"blank","rotated":false,"trimmed":false,"sourceSize":{"w":100,"h":100},"spriteSourceSize":{"x":0,"y":0,"w":100,"h":100},"frame":{"x":147,"y":526,"w":100,"h":100}},{"filename":"dashboard/coin-bar-bg","rotated":false,"trimmed":false,"sourceSize":{"w":150,"h":49},"spriteSourceSize":{"x":0,"y":0,"w":150,"h":49},"frame":{"x":147,"y":629,"w":150,"h":49}},{"filename":"dashboard/btn-free-gold-off","rotated":false,"trimmed":false,"sourceSize":{"w":94,"h":100},"spriteSourceSize":{"x":0,"y":0,"w":94,"h":100},"frame":{"x":250,"y":526,"w":94,"h":100}},{"filename":"dashboard/btn-free-gold","rotated":false,"trimmed":false,"sourceSize":{"w":94,"h":100},"spriteSourceSize":{"x":0,"y":0,"w":94,"h":100},"frame":{"x":323,"y":423,"w":94,"h":100}},{"filename":"dashboard/avatar-frame-blue","rotated":false,"trimmed":false,"sourceSize":{"w":71,"h":97},"spriteSourceSize":{"x":0,"y":0,"w":71,"h":97},"frame":{"x":228,"y":681,"w":71,"h":97}},{"filename":"effect-text/win/shape-above","rotated":false,"trimmed":false,"sourceSize":{"w":175,"h":37},"spriteSourceSize":{"x":0,"y":0,"w":175,"h":37},"frame":{"x":300,"y":629,"w":175,"h":37}},{"filename":"projectiles/javelin","rotated":false,"trimmed":false,"sourceSize":{"w":134,"h":7},"spriteSourceSize":{"x":0,"y":0,"w":134,"h":7},"frame":{"x":300,"y":669,"w":134,"h":7}},{"filename":"dashboard/avatar-frame-red","rotated":false,"trimmed":false,"sourceSize":{"w":71,"h":97},"spriteSourceSize":{"x":0,"y":0,"w":71,"h":97},"frame":{"x":347,"y":526,"w":71,"h":97}},{"filename":"dashboard/unitbar-bg-landscape","rotated":false,"trimmed":false,"sourceSize":{"w":137,"h":86},"spriteSourceSize":{"x":0,"y":0,"w":137,"h":86},"frame":{"x":420,"y":429,"w":137,"h":86}},{"filename":"dashboard/bar/bg","rotated":false,"trimmed":false,"sourceSize":{"w":189,"h":23},"spriteSourceSize":{"x":0,"y":0,"w":189,"h":23},"frame":{"x":560,"y":423,"w":189,"h":23}},{"filename":"dev-tool/attack","rotated":false,"trimmed":false,"sourceSize":{"w":80,"h":80},"spriteSourceSize":{"x":0,"y":0,"w":80,"h":80},"frame":{"x":752,"y":429,"w":80,"h":80}},{"filename":"dashboard/bar/blue-bar/full-bar","rotated":false,"trimmed":false,"sourceSize":{"w":185,"h":19},"spriteSourceSize":{"x":0,"y":0,"w":185,"h":19},"frame":{"x":560,"y":449,"w":185,"h":19}},{"filename":"dashboard/bar/red-bar/full-bar","rotated":false,"trimmed":false,"sourceSize":{"w":185,"h":19},"spriteSourceSize":{"x":0,"y":0,"w":185,"h":19},"frame":{"x":560,"y":471,"w":185,"h":19}},{"filename":"hp-bar/bg","rotated":false,"trimmed":false,"sourceSize":{"w":185,"h":19},"spriteSourceSize":{"x":0,"y":0,"w":185,"h":19},"frame":{"x":560,"y":493,"w":185,"h":19}},{"filename":"dev-tool/edit","rotated":false,"trimmed":false,"sourceSize":{"w":80,"h":80},"spriteSourceSize":{"x":0,"y":0,"w":80,"h":80},"frame":{"x":748,"y":512,"w":80,"h":80}},{"filename":"projectiles/mace","rotated":false,"trimmed":false,"sourceSize":{"w":73,"h":29},"spriteSourceSize":{"x":0,"y":0,"w":73,"h":29},"frame":{"x":421,"y":595,"w":73,"h":29}},{"filename":"projectiles/level11/green-fire-1","rotated":false,"trimmed":true,"sourceSize":{"w":100,"h":100},"spriteSourceSize":{"x":0,"y":13,"w":99,"h":73},"frame":{"x":421,"y":518,"w":99,"h":73}},{"filename":"projectiles/blue-fire","rotated":false,"trimmed":true,"sourceSize":{"w":141,"h":67},"spriteSourceSize":{"x":0,"y":0,"w":139,"h":67},"frame":{"x":560,"y":515,"w":139,"h":67}},{"filename":"dashboard/vs","rotated":false,"trimmed":false,"sourceSize":{"w":34,"h":28},"spriteSourceSize":{"x":0,"y":0,"w":34,"h":28},"frame":{"x":523,"y":518,"w":34,"h":28}},{"filename":"hand-guide/arrow-start","rotated":false,"trimmed":false,"sourceSize":{"w":39,"h":52},"spriteSourceSize":{"x":0,"y":0,"w":39,"h":52},"frame":{"x":702,"y":515,"w":39,"h":52}},{"filename":"dashboard/coin-mini","rotated":false,"trimmed":false,"sourceSize":{"w":25,"h":27},"spriteSourceSize":{"x":0,"y":0,"w":25,"h":27},"frame":{"x":523,"y":549,"w":25,"h":27}},{"filename":"projectiles/boomerang","rotated":false,"trimmed":false,"sourceSize":{"w":24,"h":55},"spriteSourceSize":{"x":0,"y":0,"w":24,"h":55},"frame":{"x":523,"y":579,"w":24,"h":55}},{"filename":"dashboard/unitbar-stamps","rotated":false,"trimmed":false,"sourceSize":{"w":128,"h":78},"spriteSourceSize":{"x":0,"y":0,"w":128,"h":78},"frame":{"x":550,"y":585,"w":128,"h":78}},{"filename":"dashboard/btn-unit-list","rotated":false,"trimmed":false,"sourceSize":{"w":63,"h":72},"spriteSourceSize":{"x":0,"y":0,"w":63,"h":72},"frame":{"x":681,"y":585,"w":63,"h":72}},{"filename":"dashboard/btn-battle","rotated":false,"trimmed":false,"sourceSize":{"w":66,"h":81},"spriteSourceSize":{"x":0,"y":0,"w":66,"h":81},"frame":{"x":478,"y":637,"w":66,"h":81}},{"filename":"dev-tool/unit","rotated":false,"trimmed":false,"sourceSize":{"w":80,"h":77},"spriteSourceSize":{"x":0,"y":0,"w":80,"h":77},"frame":{"x":747,"y":595,"w":80,"h":77}},{"filename":"dashboard/coin-bar-coin","rotated":false,"trimmed":false,"sourceSize":{"w":61,"h":63},"spriteSourceSize":{"x":0,"y":0,"w":61,"h":63},"frame":{"x":681,"y":660,"w":61,"h":63}},{"filename":"dev-tool/reset","rotated":false,"trimmed":false,"sourceSize":{"w":80,"h":71},"spriteSourceSize":{"x":0,"y":0,"w":80,"h":71},"frame":{"x":745,"y":675,"w":80,"h":71}},{"filename":"dashboard/unitbar-archer","rotated":false,"trimmed":false,"sourceSize":{"w":70,"h":86},"spriteSourceSize":{"x":0,"y":0,"w":70,"h":86},"frame":{"x":302,"y":749,"w":70,"h":86}},{"filename":"dashboard/icon-battle","rotated":false,"trimmed":false,"sourceSize":{"w":75,"h":67},"spriteSourceSize":{"x":0,"y":0,"w":75,"h":67},"frame":{"x":302,"y":679,"w":75,"h":67}},{"filename":"projectiles/level11/green-fire-3","rotated":false,"trimmed":true,"sourceSize":{"w":100,"h":100},"spriteSourceSize":{"x":4,"y":13,"w":95,"h":77},"frame":{"x":380,"y":679,"w":95,"h":77}},{"filename":"dashboard/unitbar-dino","rotated":false,"trimmed":false,"sourceSize":{"w":98,"h":75},"spriteSourceSize":{"x":0,"y":0,"w":98,"h":75},"frame":{"x":375,"y":759,"w":98,"h":75}},{"filename":"projectiles/level11/green-fire-2","rotated":false,"trimmed":true,"sourceSize":{"w":100,"h":100},"spriteSourceSize":{"x":0,"y":13,"w":99,"h":73},"frame":{"x":476,"y":759,"w":99,"h":73}},{"filename":"dashboard/btn-leaderboard","rotated":false,"trimmed":false,"sourceSize":{"w":66,"h":81},"spriteSourceSize":{"x":0,"y":0,"w":66,"h":81},"frame":{"x":578,"y":749,"w":66,"h":81}},{"filename":"projectiles/arrow-1","rotated":false,"trimmed":false,"sourceSize":{"w":77,"h":20},"spriteSourceSize":{"x":0,"y":0,"w":77,"h":20},"frame":{"x":478,"y":726,"w":77,"h":20}},{"filename":"projectiles/bolt-2","rotated":false,"trimmed":false,"sourceSize":{"w":92,"h":19},"spriteSourceSize":{"x":0,"y":0,"w":92,"h":19},"frame":{"x":558,"y":726,"w":92,"h":19}},{"filename":"dashboard/ad-icon-landscape","rotated":false,"trimmed":false,"sourceSize":{"w":53,"h":52},"spriteSourceSize":{"x":0,"y":0,"w":53,"h":52},"frame":{"x":547,"y":666,"w":53,"h":52}},{"filename":"projectiles/arrow-2","rotated":false,"trimmed":false,"sourceSize":{"w":74,"h":22},"spriteSourceSize":{"x":0,"y":0,"w":74,"h":22},"frame":{"x":603,"y":666,"w":74,"h":22}},{"filename":"dashboard/btn-settings","rotated":false,"trimmed":false,"sourceSize":{"w":65,"h":78},"spriteSourceSize":{"x":0,"y":0,"w":65,"h":78},"frame":{"x":647,"y":749,"w":65,"h":78}},{"filename":"projectiles/bolt-1","rotated":false,"trimmed":false,"sourceSize":{"w":76,"h":12},"spriteSourceSize":{"x":0,"y":0,"w":76,"h":12},"frame":{"x":653,"y":726,"w":76,"h":12}},{"filename":"dashboard/ad-icon","rotated":false,"trimmed":false,"sourceSize":{"w":66,"h":66},"spriteSourceSize":{"x":0,"y":0,"w":66,"h":66},"frame":{"x":715,"y":749,"w":66,"h":66}}]}],"meta":{"app":"https://www.codeandweb.com/texturepacker","version":"3.0","smartupdate":"$TexturePacker:SmartUpdate:5ba971b02db370b146fd51fbced4ffc1:63dbcc9029c562d41810a65ae88b9d78:f8b844ae455f51390ed7080f036e8c41$"}}