[1,["f4Oc0g3bJDApOMXzHTtlc9@6c48a"],["_textureSource"],["cc.SpriteFrame"],0,[{"name":"Great","rect":{"x":0,"y":0,"width":454,"height":141},"offset":{"x":0,"y":0},"originalSize":{"width":454,"height":141},"rotated":false,"capInsets":[0,0,0,0],"vertices":{"rawPosition":[-227,-70.5,0,227,-70.5,0,-227,70.5,0,227,70.5,0],"indexes":[0,1,2,2,1,3],"uv":[0,141,454,141,0,0,454,0],"nuv":[0,0,1,0,0,1,1,1],"minPos":{"x":-227,"y":-70.5,"z":0},"maxPos":{"x":227,"y":70.5,"z":0}},"packable":true,"pixelsToUnit":100,"pivot":{"x":0.5,"y":0.5},"meshType":0}],[0],0,[0],[0],[0]]
