[1,0,0,[["cc.JsonAsset",["_name","json"],1]],[[0,0,1,3]],[[0,"level_001051-30",[{"layers":[{"index":0,"tiles":[{"x":2,"y":-9},{"x":7,"y":-8.5},{"x":3,"y":-8},{"x":6,"y":-8},{"x":5,"y":-7.5},{"x":8,"y":-7.5},{"x":4,"y":-7},{"x":7,"y":-7},{"x":6,"y":-6.5},{"x":9,"y":-6.5},{"x":5,"y":-6},{"x":8,"y":-6},{"x":4,"y":-5.5},{"x":7,"y":-5.5},{"x":10,"y":-5.5},{"x":3,"y":-5},{"x":6,"y":-5},{"x":9,"y":-5},{"x":2,"y":-4.5},{"x":5,"y":-4.5},{"x":8,"y":-4.5},{"x":4,"y":-4},{"x":7,"y":-4},{"x":3,"y":-3.5},{"x":6,"y":-3.5},{"x":5,"y":-3},{"x":8,"y":-3},{"x":4,"y":-2.5},{"x":7,"y":-2.5},{"x":6,"y":-2},{"x":9,"y":-2},{"x":5,"y":-1.5},{"x":10,"y":-1}]},{"index":1,"tiles":[{"x":2,"y":-9},{"x":7,"y":-8.5},{"x":3,"y":-8},{"x":6,"y":-8},{"x":5,"y":-7.5},{"x":8,"y":-7.5},{"x":4,"y":-7},{"x":7,"y":-7},{"x":6,"y":-6.5},{"x":9,"y":-6.5},{"x":5,"y":-6},{"x":8,"y":-6},{"x":4,"y":-5.5},{"x":7,"y":-5.5},{"x":10,"y":-5.5},{"x":3,"y":-5},{"x":6,"y":-5},{"x":9,"y":-5},{"x":2,"y":-4.5},{"x":5,"y":-4.5},{"x":8,"y":-4.5},{"x":4,"y":-4},{"x":7,"y":-4},{"x":3,"y":-3.5},{"x":6,"y":-3.5},{"x":5,"y":-3},{"x":8,"y":-3},{"x":4,"y":-2.5},{"x":7,"y":-2.5},{"x":6,"y":-2},{"x":9,"y":-2},{"x":5,"y":-1.5},{"x":10,"y":-1}]},{"index":2,"tiles":[{"x":2,"y":-9},{"x":7,"y":-8.5},{"x":3,"y":-8},{"x":6,"y":-8},{"x":5,"y":-7.5},{"x":8,"y":-7.5},{"x":4,"y":-7},{"x":7,"y":-7},{"x":6,"y":-6.5},{"x":9,"y":-6.5},{"x":5,"y":-6},{"x":8,"y":-6},{"x":4,"y":-5.5},{"x":7,"y":-5.5},{"x":10,"y":-5.5},{"x":3,"y":-5},{"x":6,"y":-5},{"x":9,"y":-5},{"x":2,"y":-4.5},{"x":5,"y":-4.5},{"x":8,"y":-4.5},{"x":4,"y":-4},{"x":7,"y":-4},{"x":3,"y":-3.5},{"x":6,"y":-3.5},{"x":5,"y":-3},{"x":8,"y":-3},{"x":4,"y":-2.5},{"x":7,"y":-2.5},{"x":6,"y":-2},{"x":9,"y":-2},{"x":5,"y":-1.5},{"x":10,"y":-1}]},{"index":3,"tiles":[{"x":2,"y":-9},{"x":3,"y":-8},{"x":8,"y":-7.5},{"x":4,"y":-7},{"x":7,"y":-7},{"x":6,"y":-6.5},{"x":5,"y":-6},{"x":4,"y":-5.5},{"x":10,"y":-5.5},{"x":3,"y":-5},{"x":6,"y":-5},{"x":9,"y":-5},{"x":2,"y":-4.5},{"x":8,"y":-4.5},{"x":7,"y":-4},{"x":6,"y":-3.5},{"x":5,"y":-3},{"x":8,"y":-3},{"x":4,"y":-2.5},{"x":9,"y":-2},{"x":10,"y":-1}]}],"seeds":["FWVdCqhyRyg2ngZORBct1LEVndcJofV1QxYxipcEIAhOIDJinlOllAgWGOownkJcodQ1Z2h+BvVx3TNw4sIpkLgkSBhkj2hw3PZMYAAJkiCSz/JoXzB5QvmE"]},{"layers":[{"index":0,"tiles":[{"x":3.5,"y":-8.5},{"x":4.5,"y":-8.5},{"x":5.5,"y":-8.5},{"x":6.5,"y":-8.5},{"x":7.5,"y":-8.5},{"x":2,"y":-8},{"x":9,"y":-8},{"x":3,"y":-7.5},{"x":4,"y":-7.5},{"x":5,"y":-7.5},{"x":6,"y":-7.5},{"x":7,"y":-7.5},{"x":8,"y":-7.5},{"x":2,"y":-7},{"x":9,"y":-7},{"x":4.5,"y":-6.5},{"x":5.5,"y":-6.5},{"x":6.5,"y":-6.5},{"x":2,"y":-6},{"x":3,"y":-6},{"x":8,"y":-6},{"x":9,"y":-6},{"x":5,"y":-5.5},{"x":6,"y":-5.5},{"x":2,"y":-5},{"x":3.5,"y":-5},{"x":7.5,"y":-5},{"x":9,"y":-5},{"x":5.5,"y":-4.5},{"x":2,"y":-4},{"x":4,"y":-4},{"x":7,"y":-4},{"x":9,"y":-4},{"x":5.5,"y":-3.5},{"x":2.5,"y":-3},{"x":8.5,"y":-3},{"x":3.5,"y":-2.5},{"x":4.5,"y":-2.5},{"x":5.5,"y":-2.5},{"x":6.5,"y":-2.5},{"x":7.5,"y":-2.5},{"x":2.5,"y":-2},{"x":8.5,"y":-2},{"x":3.5,"y":-1.5},{"x":4.5,"y":-1.5},{"x":5.5,"y":-1.5},{"x":6.5,"y":-1.5},{"x":7.5,"y":-1.5}]},{"index":1,"tiles":[{"x":2,"y":-8.5},{"x":3.5,"y":-8.5},{"x":4.5,"y":-8.5},{"x":5.5,"y":-8.5},{"x":6.5,"y":-8.5},{"x":7.5,"y":-8.5},{"x":9,"y":-8.5},{"x":2,"y":-7.5},{"x":3,"y":-7.5},{"x":4,"y":-7.5},{"x":5,"y":-7.5},{"x":6,"y":-7.5},{"x":7,"y":-7.5},{"x":8,"y":-7.5},{"x":9,"y":-7.5},{"x":2,"y":-6.5},{"x":4.5,"y":-6.5},{"x":5.5,"y":-6.5},{"x":6.5,"y":-6.5},{"x":9,"y":-6.5},{"x":3,"y":-6},{"x":8,"y":-6},{"x":2,"y":-5.5},{"x":5,"y":-5.5},{"x":6,"y":-5.5},{"x":9,"y":-5.5},{"x":3.5,"y":-5},{"x":7.5,"y":-5},{"x":2,"y":-4.5},{"x":5.5,"y":-4.5},{"x":9,"y":-4.5},{"x":4,"y":-4},{"x":7,"y":-4},{"x":2,"y":-3.5},{"x":5.5,"y":-3.5},{"x":9,"y":-3.5},{"x":3,"y":-3},{"x":8,"y":-3},{"x":2,"y":-2.5},{"x":4,"y":-2.5},{"x":5,"y":-2.5},{"x":6,"y":-2.5},{"x":7,"y":-2.5},{"x":9,"y":-2.5},{"x":3,"y":-2},{"x":8,"y":-2},{"x":2,"y":-1.5},{"x":4,"y":-1.5},{"x":5,"y":-1.5},{"x":6,"y":-1.5},{"x":7,"y":-1.5},{"x":9,"y":-1.5}]}],"seeds":["1eSAoDGK2KkIBxeKGBJ46feFqthxX8GFydV8mpNJjLgMRzZJBuRFzNCAnRBqnBkF6EZ0V1CGnOgVD0huCgdSFpJUoUeJVheAxPJA"]},{"layers":[{"index":0,"tiles":[{"x":2,"y":-8},{"x":3,"y":-8},{"x":4.5,"y":-8},{"x":5.5,"y":-8},{"x":6.5,"y":-8},{"x":8,"y":-8},{"x":9,"y":-8},{"x":2,"y":-7},{"x":3,"y":-7},{"x":4.5,"y":-7},{"x":5.5,"y":-7},{"x":6.5,"y":-7},{"x":8,"y":-7},{"x":9,"y":-7},{"x":4,"y":-6},{"x":5.5,"y":-6},{"x":7,"y":-6},{"x":2,"y":-5.5},{"x":3,"y":-5.5},{"x":8,"y":-5.5},{"x":9,"y":-5.5},{"x":2,"y":-4.5},{"x":3,"y":-4.5},{"x":4,"y":-4.5},{"x":5.5,"y":-4.5},{"x":7,"y":-4.5},{"x":8,"y":-4.5},{"x":9,"y":-4.5},{"x":2,"y":-3.5},{"x":3,"y":-3.5},{"x":8,"y":-3.5},{"x":9,"y":-3.5},{"x":4,"y":-3},{"x":5.5,"y":-3},{"x":7,"y":-3},{"x":2,"y":-2},{"x":3,"y":-2},{"x":4.5,"y":-2},{"x":5.5,"y":-2},{"x":6.5,"y":-2},{"x":8,"y":-2},{"x":9,"y":-2},{"x":2,"y":-1},{"x":3,"y":-1},{"x":4.5,"y":-1},{"x":5.5,"y":-1},{"x":6.5,"y":-1},{"x":8,"y":-1},{"x":9,"y":-1}]},{"index":1,"tiles":[{"x":2,"y":-8},{"x":3,"y":-8},{"x":4.5,"y":-8},{"x":5.5,"y":-8},{"x":6.5,"y":-8},{"x":8,"y":-8},{"x":9,"y":-8},{"x":2,"y":-7},{"x":3,"y":-7},{"x":4,"y":-7},{"x":5.5,"y":-7},{"x":7,"y":-7},{"x":8,"y":-7},{"x":9,"y":-7},{"x":3,"y":-6},{"x":4,"y":-6},{"x":7,"y":-6},{"x":8,"y":-6},{"x":2,"y":-5.5},{"x":5.5,"y":-5.5},{"x":9,"y":-5.5},{"x":2,"y":-4.5},{"x":3,"y":-4.5},{"x":4.5,"y":-4.5},{"x":5.5,"y":-4.5},{"x":6.5,"y":-4.5},{"x":8,"y":-4.5},{"x":9,"y":-4.5},{"x":2,"y":-3.5},{"x":5.5,"y":-3.5},{"x":9,"y":-3.5},{"x":3,"y":-3},{"x":4,"y":-3},{"x":7,"y":-3},{"x":8,"y":-3},{"x":2,"y":-2},{"x":3,"y":-2},{"x":4,"y":-2},{"x":5.5,"y":-2},{"x":7,"y":-2},{"x":8,"y":-2},{"x":9,"y":-2},{"x":2,"y":-1},{"x":3,"y":-1},{"x":4.5,"y":-1},{"x":5.5,"y":-1},{"x":6.5,"y":-1},{"x":8,"y":-1},{"x":9,"y":-1}]},{"index":2,"tiles":[{"x":4.5,"y":-8},{"x":5.5,"y":-8},{"x":6.5,"y":-8},{"x":4.5,"y":-7},{"x":5.5,"y":-7},{"x":6.5,"y":-7},{"x":5.5,"y":-6},{"x":2,"y":-5.5},{"x":3,"y":-5.5},{"x":8,"y":-5.5},{"x":9,"y":-5.5},{"x":2,"y":-4.5},{"x":3,"y":-4.5},{"x":4,"y":-4.5},{"x":7,"y":-4.5},{"x":8,"y":-4.5},{"x":9,"y":-4.5},{"x":2,"y":-3.5},{"x":3,"y":-3.5},{"x":8,"y":-3.5},{"x":9,"y":-3.5},{"x":5.5,"y":-3},{"x":4.5,"y":-2},{"x":5.5,"y":-2},{"x":6.5,"y":-2},{"x":4.5,"y":-1},{"x":5.5,"y":-1},{"x":6.5,"y":-1}]}],"seeds":["W6BwjCIsIZhFhVdRQSiKnNIhVJMdghSCoSeoYehRQ7ChHDhclygwmDaNHjg1CYMRoBFCz4Fo3fd1zPANogd+VdBJjjVVoZcmpKh0ULdQ0WIRIAeaT1VyxseJpzMVywcA"]},{"layers":[{"index":0,"tiles":[{"x":4.5,"y":-9},{"x":5.5,"y":-9},{"x":6.5,"y":-9},{"x":3.5,"y":-8.5},{"x":7.5,"y":-8.5},{"x":2.5,"y":-8},{"x":8.5,"y":-8},{"x":1.5,"y":-7.5},{"x":9.5,"y":-7.5},{"x":5.5,"y":-7},{"x":1,"y":-6.5},{"x":2,"y":-6.5},{"x":4.5,"y":-6.5},{"x":6.5,"y":-6.5},{"x":9,"y":-6.5},{"x":10,"y":-6.5},{"x":5.5,"y":-6},{"x":4,"y":-5.5},{"x":7,"y":-5.5},{"x":5,"y":-5},{"x":6,"y":-5},{"x":4,"y":-4.5},{"x":7,"y":-4.5},{"x":5.5,"y":-4},{"x":1,"y":-3.5},{"x":2,"y":-3.5},{"x":4.5,"y":-3.5},{"x":6.5,"y":-3.5},{"x":9,"y":-3.5},{"x":10,"y":-3.5},{"x":5.5,"y":-3},{"x":1.5,"y":-2.5},{"x":9.5,"y":-2.5},{"x":2.5,"y":-2},{"x":8.5,"y":-2},{"x":3.5,"y":-1.5},{"x":7.5,"y":-1.5},{"x":4.5,"y":-1},{"x":5.5,"y":-1},{"x":6.5,"y":-1}]},{"index":1,"tiles":[{"x":4.5,"y":-9},{"x":5.5,"y":-9},{"x":6.5,"y":-9},{"x":3.5,"y":-8.5},{"x":7.5,"y":-8.5},{"x":2.5,"y":-8},{"x":8.5,"y":-8},{"x":1.5,"y":-7.5},{"x":9.5,"y":-7.5},{"x":5.5,"y":-7},{"x":1,"y":-6.5},{"x":2,"y":-6.5},{"x":4.5,"y":-6.5},{"x":6.5,"y":-6.5},{"x":9,"y":-6.5},{"x":10,"y":-6.5},{"x":5.5,"y":-6},{"x":4,"y":-5.5},{"x":7,"y":-5.5},{"x":5,"y":-5},{"x":6,"y":-5},{"x":4,"y":-4.5},{"x":7,"y":-4.5},{"x":5.5,"y":-4},{"x":1,"y":-3.5},{"x":2,"y":-3.5},{"x":4.5,"y":-3.5},{"x":6.5,"y":-3.5},{"x":9,"y":-3.5},{"x":10,"y":-3.5},{"x":5.5,"y":-3},{"x":1.5,"y":-2.5},{"x":9.5,"y":-2.5},{"x":2.5,"y":-2},{"x":8.5,"y":-2},{"x":3.5,"y":-1.5},{"x":7.5,"y":-1.5},{"x":4.5,"y":-1},{"x":5.5,"y":-1},{"x":6.5,"y":-1}]},{"index":2,"tiles":[{"x":5.5,"y":-7},{"x":4.5,"y":-6.5},{"x":6.5,"y":-6.5},{"x":5.5,"y":-6},{"x":4,"y":-5.5},{"x":7,"y":-5.5},{"x":5,"y":-5},{"x":6,"y":-5},{"x":4,"y":-4.5},{"x":7,"y":-4.5},{"x":5.5,"y":-4},{"x":4.5,"y":-3.5},{"x":6.5,"y":-3.5},{"x":5.5,"y":-3}]}],"seeds":["B/N1F+hNqmgVhgJGx9VoHdRwz5d0YDgJDwSBCRIiKQZ9WACew2AuFbqEDhWGIVdkRMcJGulFigVyUiZWpcOIhBSMouFR3gcA"]},{"layers":[{"index":0,"tiles":[{"x":1.5,"y":-9.5},{"x":9.5,"y":-9.5},{"x":0.5,"y":-9},{"x":2.5,"y":-9},{"x":8.5,"y":-9},{"x":10.5,"y":-9},{"x":3.5,"y":-8.5},{"x":4.5,"y":-8.5},{"x":5.5,"y":-8.5},{"x":6.5,"y":-8.5},{"x":7.5,"y":-8.5},{"x":0.5,"y":-8},{"x":10.5,"y":-8},{"x":3.5,"y":-7.5},{"x":4.5,"y":-7.5},{"x":5.5,"y":-7.5},{"x":6.5,"y":-7.5},{"x":7.5,"y":-7.5},{"x":1,"y":-7},{"x":10,"y":-7},{"x":3.5,"y":-6.5},{"x":4.5,"y":-6.5},{"x":5.5,"y":-6.5},{"x":6.5,"y":-6.5},{"x":7.5,"y":-6.5},{"x":1.5,"y":-6},{"x":9.5,"y":-6},{"x":3.5,"y":-5.5},{"x":4.5,"y":-5.5},{"x":5.5,"y":-5.5},{"x":6.5,"y":-5.5},{"x":7.5,"y":-5.5},{"x":2,"y":-5},{"x":9,"y":-5},{"x":3.5,"y":-4.5},{"x":4.5,"y":-4.5},{"x":5.5,"y":-4.5},{"x":6.5,"y":-4.5},{"x":7.5,"y":-4.5},{"x":1.5,"y":-4},{"x":9.5,"y":-4},{"x":3.5,"y":-3.5},{"x":4.5,"y":-3.5},{"x":5.5,"y":-3.5},{"x":6.5,"y":-3.5},{"x":7.5,"y":-3.5},{"x":1,"y":-3},{"x":10,"y":-3},{"x":3.5,"y":-2.5},{"x":4.5,"y":-2.5},{"x":5.5,"y":-2.5},{"x":6.5,"y":-2.5},{"x":7.5,"y":-2.5},{"x":0.5,"y":-2},{"x":10.5,"y":-2},{"x":3.5,"y":-1.5},{"x":4.5,"y":-1.5},{"x":5.5,"y":-1.5},{"x":6.5,"y":-1.5},{"x":7.5,"y":-1.5},{"x":0.5,"y":-1},{"x":2.5,"y":-1},{"x":8.5,"y":-1},{"x":10.5,"y":-1},{"x":1.5,"y":-0.5},{"x":9.5,"y":-0.5}]},{"index":1,"tiles":[{"x":2.5,"y":-9},{"x":8.5,"y":-9},{"x":3.5,"y":-8.5},{"x":4.5,"y":-8.5},{"x":5.5,"y":-8.5},{"x":6.5,"y":-8.5},{"x":7.5,"y":-8.5},{"x":3.5,"y":-7.5},{"x":4.5,"y":-7.5},{"x":5.5,"y":-7.5},{"x":6.5,"y":-7.5},{"x":7.5,"y":-7.5},{"x":3.5,"y":-6.5},{"x":4.5,"y":-6.5},{"x":5.5,"y":-6.5},{"x":6.5,"y":-6.5},{"x":7.5,"y":-6.5},{"x":3.5,"y":-5.5},{"x":4.5,"y":-5.5},{"x":5.5,"y":-5.5},{"x":6.5,"y":-5.5},{"x":7.5,"y":-5.5},{"x":3.5,"y":-4.5},{"x":4.5,"y":-4.5},{"x":5.5,"y":-4.5},{"x":6.5,"y":-4.5},{"x":7.5,"y":-4.5},{"x":3.5,"y":-3.5},{"x":4.5,"y":-3.5},{"x":5.5,"y":-3.5},{"x":6.5,"y":-3.5},{"x":7.5,"y":-3.5},{"x":3.5,"y":-2.5},{"x":4.5,"y":-2.5},{"x":5.5,"y":-2.5},{"x":6.5,"y":-2.5},{"x":7.5,"y":-2.5},{"x":3.5,"y":-1.5},{"x":4.5,"y":-1.5},{"x":5.5,"y":-1.5},{"x":6.5,"y":-1.5},{"x":7.5,"y":-1.5},{"x":2.5,"y":-1},{"x":8.5,"y":-1}]},{"index":2,"tiles":[{"x":2.5,"y":-9},{"x":8.5,"y":-9},{"x":3.5,"y":-8.5},{"x":4.5,"y":-8.5},{"x":5.5,"y":-8.5},{"x":6.5,"y":-8.5},{"x":7.5,"y":-8.5},{"x":3.5,"y":-7.5},{"x":5.5,"y":-7.5},{"x":7.5,"y":-7.5},{"x":3.5,"y":-6.5},{"x":5.5,"y":-6.5},{"x":7.5,"y":-6.5},{"x":3.5,"y":-5.5},{"x":5,"y":-5.5},{"x":6,"y":-5.5},{"x":7.5,"y":-5.5},{"x":3.5,"y":-4.5},{"x":5,"y":-4.5},{"x":6,"y":-4.5},{"x":7.5,"y":-4.5},{"x":3.5,"y":-3.5},{"x":5.5,"y":-3.5},{"x":7.5,"y":-3.5},{"x":3.5,"y":-2.5},{"x":5.5,"y":-2.5},{"x":7.5,"y":-2.5},{"x":3.5,"y":-1.5},{"x":4.5,"y":-1.5},{"x":5.5,"y":-1.5},{"x":6.5,"y":-1.5},{"x":7.5,"y":-1.5},{"x":2.5,"y":-1},{"x":8.5,"y":-1}]}],"seeds":["xCdwn9R8nGcMy/ch0wNGFhg6yyc+W6WEEnGBVoYR3DkMURVan6c0BcUxnQUSlPotIVWEB9gIYhKAW+AxUEgKnachTBhMjidWFEhRoyiaX6h0R6IYHNd5Q7aEYieEYlV2YCMO2oR9QzoxUHCh"]},{"layers":[{"index":0,"tiles":[{"x":1.5,"y":-9},{"x":2.5,"y":-9},{"x":3.5,"y":-9},{"x":4.5,"y":-9},{"x":5.5,"y":-9},{"x":6.5,"y":-9},{"x":7.5,"y":-9},{"x":8.5,"y":-9},{"x":9.5,"y":-9},{"x":1.5,"y":-8},{"x":2.5,"y":-8},{"x":3.5,"y":-8},{"x":4.5,"y":-8},{"x":5.5,"y":-8},{"x":6.5,"y":-8},{"x":7.5,"y":-8},{"x":8.5,"y":-8},{"x":9.5,"y":-8},{"x":1.5,"y":-6},{"x":2.5,"y":-6},{"x":3.5,"y":-6},{"x":4.5,"y":-6},{"x":5.5,"y":-6},{"x":6.5,"y":-6},{"x":7.5,"y":-6},{"x":8.5,"y":-6},{"x":9.5,"y":-6},{"x":1.5,"y":-5},{"x":2.5,"y":-5},{"x":3.5,"y":-5},{"x":4.5,"y":-5},{"x":5.5,"y":-5},{"x":6.5,"y":-5},{"x":7.5,"y":-5},{"x":8.5,"y":-5},{"x":9.5,"y":-5},{"x":1.5,"y":-3},{"x":2.5,"y":-3},{"x":3.5,"y":-3},{"x":4.5,"y":-3},{"x":5.5,"y":-3},{"x":6.5,"y":-3},{"x":7.5,"y":-3},{"x":8.5,"y":-3},{"x":9.5,"y":-3},{"x":1.5,"y":-2},{"x":2.5,"y":-2},{"x":3.5,"y":-2},{"x":4.5,"y":-2},{"x":5.5,"y":-2},{"x":6.5,"y":-2},{"x":7.5,"y":-2},{"x":8.5,"y":-2},{"x":9.5,"y":-2}]},{"index":1,"tiles":[{"x":1.5,"y":-8.5},{"x":2.5,"y":-8.5},{"x":3.5,"y":-8.5},{"x":4.5,"y":-8.5},{"x":5.5,"y":-8.5},{"x":6.5,"y":-8.5},{"x":7.5,"y":-8.5},{"x":8.5,"y":-8.5},{"x":9.5,"y":-8.5},{"x":1.5,"y":-5.5},{"x":2.5,"y":-5.5},{"x":3.5,"y":-5.5},{"x":5,"y":-5.5},{"x":6,"y":-5.5},{"x":7.5,"y":-5.5},{"x":8.5,"y":-5.5},{"x":9.5,"y":-5.5},{"x":1.5,"y":-2.5},{"x":2.5,"y":-2.5},{"x":3.5,"y":-2.5},{"x":4.5,"y":-2.5},{"x":5.5,"y":-2.5},{"x":6.5,"y":-2.5},{"x":7.5,"y":-2.5},{"x":8.5,"y":-2.5},{"x":9.5,"y":-2.5}]},{"index":2,"tiles":[{"x":1.5,"y":-9},{"x":2.5,"y":-9},{"x":3.5,"y":-9},{"x":4.5,"y":-9},{"x":5.5,"y":-9},{"x":6.5,"y":-9},{"x":7.5,"y":-9},{"x":8.5,"y":-9},{"x":9.5,"y":-9},{"x":1.5,"y":-8},{"x":2.5,"y":-8},{"x":3.5,"y":-8},{"x":4.5,"y":-8},{"x":5.5,"y":-8},{"x":6.5,"y":-8},{"x":7.5,"y":-8},{"x":8.5,"y":-8},{"x":9.5,"y":-8},{"x":1.5,"y":-6},{"x":2.5,"y":-6},{"x":3.5,"y":-6},{"x":4.5,"y":-6},{"x":5.5,"y":-6},{"x":6.5,"y":-6},{"x":7.5,"y":-6},{"x":8.5,"y":-6},{"x":9.5,"y":-6},{"x":1.5,"y":-5},{"x":2.5,"y":-5},{"x":3.5,"y":-5},{"x":4.5,"y":-5},{"x":5.5,"y":-5},{"x":6.5,"y":-5},{"x":7.5,"y":-5},{"x":8.5,"y":-5},{"x":9.5,"y":-5},{"x":1.5,"y":-3},{"x":2.5,"y":-3},{"x":3.5,"y":-3},{"x":4.5,"y":-3},{"x":5.5,"y":-3},{"x":6.5,"y":-3},{"x":7.5,"y":-3},{"x":8.5,"y":-3},{"x":9.5,"y":-3},{"x":1.5,"y":-2},{"x":2.5,"y":-2},{"x":3.5,"y":-2},{"x":4.5,"y":-2},{"x":5.5,"y":-2},{"x":6.5,"y":-2},{"x":7.5,"y":-2},{"x":8.5,"y":-2},{"x":9.5,"y":-2}]}],"seeds":["4MdVwQca2sUhldd4UbAwahZM3YAOAgiJXFc1hhV8hdJA2qUsGeiIWzR90tYV2IiZzCmAHClyXCqWVuI5CyUNXQcqE6OEAuGJi+iJYdIRnhc+Q/gRVehRlPgh4MOEwgE2B0FNYQgA"]},{"layers":[{"index":0,"tiles":[{"x":1.5,"y":-9.5},{"x":10,"y":-9.5},{"x":2.5,"y":-9},{"x":9,"y":-9},{"x":4,"y":-8.5},{"x":3,"y":-8},{"x":5,"y":-8},{"x":8.5,"y":-8},{"x":2.5,"y":-7},{"x":5.5,"y":-7},{"x":8.5,"y":-7},{"x":2.5,"y":-6},{"x":6,"y":-6},{"x":8,"y":-6},{"x":7,"y":-5.5},{"x":3,"y":-5},{"x":5.5,"y":-5},{"x":8,"y":-5},{"x":4,"y":-4.5},{"x":3,"y":-4},{"x":5,"y":-4},{"x":8.5,"y":-4},{"x":2.5,"y":-3},{"x":5.5,"y":-3},{"x":8.5,"y":-3},{"x":2.5,"y":-2},{"x":6,"y":-2},{"x":8,"y":-2},{"x":7,"y":-1.5},{"x":2,"y":-1},{"x":8.5,"y":-1},{"x":1,"y":-0.5},{"x":9.5,"y":-0.5}]},{"index":1,"tiles":[{"x":1.5,"y":-9.5},{"x":10,"y":-9.5},{"x":2.5,"y":-9},{"x":9,"y":-9},{"x":4,"y":-8.5},{"x":3,"y":-8},{"x":5,"y":-8},{"x":8.5,"y":-8},{"x":2.5,"y":-7},{"x":5.5,"y":-7},{"x":8.5,"y":-7},{"x":2.5,"y":-6},{"x":6,"y":-6},{"x":8,"y":-6},{"x":7,"y":-5.5},{"x":3,"y":-5},{"x":5.5,"y":-5},{"x":8,"y":-5},{"x":4,"y":-4.5},{"x":3,"y":-4},{"x":5,"y":-4},{"x":8.5,"y":-4},{"x":2.5,"y":-3},{"x":5.5,"y":-3},{"x":8.5,"y":-3},{"x":2.5,"y":-2},{"x":6,"y":-2},{"x":8,"y":-2},{"x":7,"y":-1.5},{"x":2,"y":-1},{"x":8.5,"y":-1},{"x":1,"y":-0.5},{"x":9.5,"y":-0.5}]},{"index":2,"tiles":[{"x":1.5,"y":-9.5},{"x":10,"y":-9.5},{"x":2.5,"y":-9},{"x":9,"y":-9},{"x":4,"y":-8.5},{"x":3,"y":-8},{"x":5,"y":-8},{"x":8.5,"y":-8},{"x":2.5,"y":-7},{"x":5.5,"y":-7},{"x":8.5,"y":-7},{"x":2.5,"y":-6},{"x":6,"y":-6},{"x":8,"y":-6},{"x":7,"y":-5.5},{"x":3,"y":-5},{"x":8,"y":-5},{"x":4,"y":-4.5},{"x":3,"y":-4},{"x":5,"y":-4},{"x":8.5,"y":-4},{"x":2.5,"y":-3},{"x":5.5,"y":-3},{"x":8.5,"y":-3},{"x":2.5,"y":-2},{"x":6,"y":-2},{"x":8,"y":-2},{"x":7,"y":-1.5},{"x":2,"y":-1},{"x":8.5,"y":-1},{"x":1,"y":-0.5},{"x":9.5,"y":-0.5}]}],"seeds":["3gNOWSA0XfphjRSW54MtA/IJBhmKCgpyEqGA10CB3jQ6G/GFEScyHZeBKiV6nCGaYcFtHVQdy+cFUMhEmph0nCZaDphUyFVY4QEA"]},{"layers":[{"index":0,"tiles":[{"x":5.5,"y":-9.5},{"x":4.5,"y":-9},{"x":6.5,"y":-9},{"x":4,"y":-8},{"x":5.5,"y":-8},{"x":7,"y":-8},{"x":3.5,"y":-7},{"x":4.5,"y":-7},{"x":6.5,"y":-7},{"x":7.5,"y":-7},{"x":2.5,"y":-6},{"x":3.5,"y":-6},{"x":5.5,"y":-6},{"x":7.5,"y":-6},{"x":8.5,"y":-6},{"x":1.5,"y":-5.5},{"x":9.5,"y":-5.5},{"x":0.5,"y":-5},{"x":2.5,"y":-5},{"x":3.5,"y":-5},{"x":4.5,"y":-5},{"x":5.5,"y":-5},{"x":6.5,"y":-5},{"x":7.5,"y":-5},{"x":8.5,"y":-5},{"x":10.5,"y":-5},{"x":1.5,"y":-4.5},{"x":9.5,"y":-4.5},{"x":2.5,"y":-4},{"x":3.5,"y":-4},{"x":5.5,"y":-4},{"x":7.5,"y":-4},{"x":8.5,"y":-4},{"x":3.5,"y":-3},{"x":4.5,"y":-3},{"x":6.5,"y":-3},{"x":7.5,"y":-3},{"x":4,"y":-2},{"x":5.5,"y":-2},{"x":7,"y":-2},{"x":4.5,"y":-1},{"x":6.5,"y":-1},{"x":5.5,"y":-0.5}]},{"index":1,"tiles":[{"x":5.5,"y":-8.5},{"x":4.5,"y":-8},{"x":6.5,"y":-8},{"x":5.5,"y":-7.5},{"x":4,"y":-7},{"x":7,"y":-7},{"x":5.5,"y":-6.5},{"x":3.5,"y":-6},{"x":7.5,"y":-6},{"x":2.5,"y":-5.5},{"x":4.5,"y":-5.5},{"x":6.5,"y":-5.5},{"x":8.5,"y":-5.5},{"x":1.5,"y":-5},{"x":3.5,"y":-5},{"x":5.5,"y":-5},{"x":7.5,"y":-5},{"x":9.5,"y":-5},{"x":2.5,"y":-4.5},{"x":4.5,"y":-4.5},{"x":6.5,"y":-4.5},{"x":8.5,"y":-4.5},{"x":3.5,"y":-4},{"x":7.5,"y":-4},{"x":5.5,"y":-3.5},{"x":4,"y":-3},{"x":7,"y":-3},{"x":5.5,"y":-2.5},{"x":4.5,"y":-2},{"x":6.5,"y":-2},{"x":5.5,"y":-1.5}]},{"index":2,"tiles":[{"x":5.5,"y":-7.5},{"x":4.5,"y":-7},{"x":6.5,"y":-7},{"x":5.5,"y":-6.5},{"x":4.5,"y":-6},{"x":6.5,"y":-6},{"x":3.5,"y":-5.5},{"x":5.5,"y":-5.5},{"x":7.5,"y":-5.5},{"x":2.5,"y":-5},{"x":4.5,"y":-5},{"x":6.5,"y":-5},{"x":8.5,"y":-5},{"x":3.5,"y":-4.5},{"x":5.5,"y":-4.5},{"x":7.5,"y":-4.5},{"x":4.5,"y":-4},{"x":6.5,"y":-4},{"x":5.5,"y":-3.5},{"x":4.5,"y":-3},{"x":6.5,"y":-3},{"x":5.5,"y":-2.5}]},{"index":3,"tiles":[{"x":5.5,"y":-6.5},{"x":4.5,"y":-6},{"x":6.5,"y":-6},{"x":5.5,"y":-5.5},{"x":3.5,"y":-5},{"x":4.5,"y":-5},{"x":6.5,"y":-5},{"x":7.5,"y":-5},{"x":5.5,"y":-4.5},{"x":4.5,"y":-4},{"x":6.5,"y":-4},{"x":5.5,"y":-3.5}]},{"index":4,"tiles":[{"x":5.5,"y":-5.5},{"x":4.5,"y":-5},{"x":6.5,"y":-5},{"x":5.5,"y":-4.5}]}],"seeds":["Vocu5qGKDLGIUxd2ilAUjQQ504cYHtdQSQQl4BhwGtZNFThVIMWBXEg0nthkKROdm/gpWbgJ3DV4nGF5n4gNVyhemiSChxIqgQOWXxgEJHKBIvg8"]},{"layers":[{"index":0,"tiles":[{"x":1.5,"y":-9},{"x":3.5,"y":-9},{"x":5.5,"y":-9},{"x":7.5,"y":-9},{"x":9.5,"y":-9},{"x":2,"y":-8},{"x":4,"y":-8},{"x":6,"y":-8},{"x":7,"y":-8},{"x":9,"y":-8},{"x":2.5,"y":-7},{"x":4.5,"y":-7},{"x":6.5,"y":-7},{"x":8.5,"y":-7},{"x":3,"y":-6},{"x":5.5,"y":-6},{"x":8,"y":-6},{"x":3.5,"y":-5},{"x":5.5,"y":-5},{"x":7.5,"y":-5},{"x":4,"y":-4},{"x":6,"y":-4},{"x":7,"y":-4},{"x":4.5,"y":-3},{"x":6.5,"y":-3},{"x":5,"y":-2},{"x":6,"y":-2},{"x":5.5,"y":-1}]},{"index":1,"tiles":[{"x":1.5,"y":-9},{"x":3.5,"y":-9},{"x":5.5,"y":-9},{"x":7.5,"y":-9},{"x":9.5,"y":-9},{"x":2,"y":-8},{"x":4,"y":-8},{"x":6,"y":-8},{"x":7,"y":-8},{"x":9,"y":-8},{"x":2.5,"y":-7},{"x":4.5,"y":-7},{"x":6.5,"y":-7},{"x":8.5,"y":-7},{"x":3,"y":-6},{"x":5,"y":-6},{"x":6,"y":-6},{"x":8,"y":-6},{"x":3.5,"y":-5},{"x":5.5,"y":-5},{"x":7.5,"y":-5},{"x":4,"y":-4},{"x":6,"y":-4},{"x":7,"y":-4},{"x":4.5,"y":-3},{"x":6.5,"y":-3},{"x":5,"y":-2},{"x":6,"y":-2},{"x":5.5,"y":-1}]},{"index":2,"tiles":[{"x":1.5,"y":-9},{"x":3.5,"y":-9},{"x":5.5,"y":-9},{"x":7.5,"y":-9},{"x":9.5,"y":-9},{"x":2,"y":-8},{"x":4,"y":-8},{"x":6,"y":-8},{"x":7,"y":-8},{"x":9,"y":-8},{"x":2.5,"y":-7},{"x":4.5,"y":-7},{"x":6.5,"y":-7},{"x":8.5,"y":-7},{"x":3,"y":-6},{"x":5,"y":-6},{"x":6,"y":-6},{"x":8,"y":-6},{"x":3.5,"y":-5},{"x":5.5,"y":-5},{"x":7.5,"y":-5},{"x":4,"y":-4},{"x":6,"y":-4},{"x":7,"y":-4},{"x":4.5,"y":-3},{"x":6.5,"y":-3},{"x":5,"y":-2},{"x":6,"y":-2},{"x":5.5,"y":-1}]}],"seeds":["kQNW4DUN3+IoIoUQF8YgWRWGqPcdhReUnqaFoNGRgZlyjxKCnIB1niUOxtNBx8mNFtOAnQAWGcipCzSBItFQkQgA"]},{"layers":[{"index":0,"tiles":[{"x":2.5,"y":-9},{"x":8.5,"y":-9},{"x":1.5,"y":-8.5},{"x":9.5,"y":-8.5},{"x":3,"y":-8},{"x":5,"y":-8},{"x":6,"y":-8},{"x":8,"y":-8},{"x":1,"y":-7.5},{"x":4,"y":-7.5},{"x":7,"y":-7.5},{"x":10,"y":-7.5},{"x":1.5,"y":-6.5},{"x":3.5,"y":-6.5},{"x":4.5,"y":-6.5},{"x":5.5,"y":-6.5},{"x":6.5,"y":-6.5},{"x":7.5,"y":-6.5},{"x":9.5,"y":-6.5},{"x":2,"y":-5.5},{"x":3.5,"y":-5.5},{"x":4.5,"y":-5.5},{"x":5.5,"y":-5.5},{"x":6.5,"y":-5.5},{"x":7.5,"y":-5.5},{"x":9,"y":-5.5},{"x":2.5,"y":-4.5},{"x":3.5,"y":-4.5},{"x":4.5,"y":-4.5},{"x":5.5,"y":-4.5},{"x":6.5,"y":-4.5},{"x":7.5,"y":-4.5},{"x":8.5,"y":-4.5},{"x":3,"y":-3.5},{"x":4.5,"y":-3.5},{"x":5.5,"y":-3.5},{"x":6.5,"y":-3.5},{"x":8,"y":-3.5},{"x":3.5,"y":-2.5},{"x":4.5,"y":-2.5},{"x":5.5,"y":-2.5},{"x":6.5,"y":-2.5},{"x":7.5,"y":-2.5},{"x":4,"y":-1.5},{"x":5,"y":-1.5},{"x":6,"y":-1.5},{"x":7,"y":-1.5}]},{"index":1,"tiles":[{"x":2.5,"y":-9},{"x":8.5,"y":-9},{"x":1.5,"y":-8.5},{"x":9.5,"y":-8.5},{"x":3,"y":-8},{"x":5,"y":-8},{"x":6,"y":-8},{"x":8,"y":-8},{"x":1,"y":-7.5},{"x":4,"y":-7.5},{"x":7,"y":-7.5},{"x":10,"y":-7.5},{"x":1.5,"y":-6.5},{"x":3.5,"y":-6.5},{"x":4.5,"y":-6.5},{"x":5.5,"y":-6.5},{"x":6.5,"y":-6.5},{"x":7.5,"y":-6.5},{"x":9.5,"y":-6.5},{"x":2,"y":-5.5},{"x":3.5,"y":-5.5},{"x":5,"y":-5.5},{"x":6,"y":-5.5},{"x":7.5,"y":-5.5},{"x":9,"y":-5.5},{"x":2.5,"y":-4.5},{"x":3.5,"y":-4.5},{"x":4.5,"y":-4.5},{"x":5.5,"y":-4.5},{"x":6.5,"y":-4.5},{"x":7.5,"y":-4.5},{"x":8.5,"y":-4.5},{"x":3,"y":-3.5},{"x":4.5,"y":-3.5},{"x":5.5,"y":-3.5},{"x":6.5,"y":-3.5},{"x":8,"y":-3.5},{"x":3.5,"y":-2.5},{"x":4.5,"y":-2.5},{"x":5.5,"y":-2.5},{"x":6.5,"y":-2.5},{"x":7.5,"y":-2.5},{"x":4,"y":-1.5},{"x":5,"y":-1.5},{"x":6,"y":-1.5},{"x":7,"y":-1.5}]},{"index":2,"tiles":[{"x":2.5,"y":-9},{"x":8.5,"y":-9},{"x":1.5,"y":-8.5},{"x":9.5,"y":-8.5},{"x":3,"y":-8},{"x":5,"y":-8},{"x":6,"y":-8},{"x":8,"y":-8},{"x":1,"y":-7.5},{"x":4,"y":-7.5},{"x":7,"y":-7.5},{"x":10,"y":-7.5},{"x":1.5,"y":-6.5},{"x":3.5,"y":-6.5},{"x":4.5,"y":-6.5},{"x":5.5,"y":-6.5},{"x":6.5,"y":-6.5},{"x":7.5,"y":-6.5},{"x":9.5,"y":-6.5},{"x":2,"y":-5.5},{"x":3.5,"y":-5.5},{"x":4.5,"y":-5.5},{"x":5.5,"y":-5.5},{"x":6.5,"y":-5.5},{"x":7.5,"y":-5.5},{"x":9,"y":-5.5},{"x":2.5,"y":-4.5},{"x":3.5,"y":-4.5},{"x":4.5,"y":-4.5},{"x":5.5,"y":-4.5},{"x":6.5,"y":-4.5},{"x":7.5,"y":-4.5},{"x":8.5,"y":-4.5},{"x":3,"y":-3.5},{"x":4.5,"y":-3.5},{"x":5.5,"y":-3.5},{"x":6.5,"y":-3.5},{"x":8,"y":-3.5},{"x":3.5,"y":-2.5},{"x":4.5,"y":-2.5},{"x":5.5,"y":-2.5},{"x":6.5,"y":-2.5},{"x":7.5,"y":-2.5},{"x":4,"y":-1.5},{"x":5,"y":-1.5},{"x":6,"y":-1.5},{"x":7,"y":-1.5}]}],"seeds":["QQWBQiKBDtcVVRMQ1jA9XBcqHiSIJWotRyZeY/NMSBeGpkdoX+MM4uQV0TAFG0JxzFmAkeKJG8UZFGcRXcMNVCcWS4V5zAJ+4fKBh/h9oHARWMaFXCeCIfmBqcKooRIGjJaAlSgYEuhZ"]},{"layers":[{"index":0,"tiles":[{"x":5.5,"y":-9},{"x":3.5,"y":-8},{"x":4.5,"y":-8},{"x":5.5,"y":-8},{"x":6.5,"y":-8},{"x":7.5,"y":-8},{"x":3,"y":-7},{"x":5.5,"y":-7},{"x":8,"y":-7},{"x":2.5,"y":-6},{"x":5.5,"y":-6},{"x":8.5,"y":-6},{"x":1,"y":-5},{"x":2,"y":-5},{"x":4.5,"y":-5},{"x":5.5,"y":-5},{"x":6.5,"y":-5},{"x":9,"y":-5},{"x":10,"y":-5},{"x":2.5,"y":-4},{"x":5.5,"y":-4},{"x":8.5,"y":-4},{"x":3,"y":-3},{"x":5.5,"y":-3},{"x":8,"y":-3},{"x":3.5,"y":-2},{"x":4.5,"y":-2},{"x":5.5,"y":-2},{"x":6.5,"y":-2},{"x":7.5,"y":-2},{"x":5.5,"y":-1}]},{"index":1,"tiles":[{"x":5.5,"y":-9},{"x":3.5,"y":-8},{"x":4.5,"y":-8},{"x":5.5,"y":-8},{"x":6.5,"y":-8},{"x":7.5,"y":-8},{"x":3,"y":-7},{"x":5.5,"y":-7},{"x":8,"y":-7},{"x":2.5,"y":-6},{"x":5.5,"y":-6},{"x":8.5,"y":-6},{"x":1,"y":-5},{"x":2,"y":-5},{"x":4.5,"y":-5},{"x":5.5,"y":-5},{"x":6.5,"y":-5},{"x":9,"y":-5},{"x":10,"y":-5},{"x":2.5,"y":-4},{"x":5.5,"y":-4},{"x":8.5,"y":-4},{"x":3,"y":-3},{"x":5.5,"y":-3},{"x":8,"y":-3},{"x":3.5,"y":-2},{"x":4.5,"y":-2},{"x":5.5,"y":-2},{"x":6.5,"y":-2},{"x":7.5,"y":-2},{"x":5.5,"y":-1}]},{"index":2,"tiles":[{"x":5.5,"y":-9},{"x":3.5,"y":-8},{"x":4.5,"y":-8},{"x":5.5,"y":-8},{"x":6.5,"y":-8},{"x":7.5,"y":-8},{"x":3,"y":-7},{"x":5.5,"y":-7},{"x":8,"y":-7},{"x":2.5,"y":-6},{"x":5.5,"y":-6},{"x":8.5,"y":-6},{"x":1,"y":-5},{"x":2,"y":-5},{"x":4.5,"y":-5},{"x":5.5,"y":-5},{"x":6.5,"y":-5},{"x":9,"y":-5},{"x":10,"y":-5},{"x":2.5,"y":-4},{"x":5.5,"y":-4},{"x":8.5,"y":-4},{"x":3,"y":-3},{"x":5.5,"y":-3},{"x":8,"y":-3},{"x":3.5,"y":-2},{"x":4.5,"y":-2},{"x":5.5,"y":-2},{"x":6.5,"y":-2},{"x":7.5,"y":-2},{"x":5.5,"y":-1}]},{"index":3,"tiles":[{"x":5.5,"y":-9},{"x":3.5,"y":-8},{"x":4.5,"y":-8},{"x":5.5,"y":-8},{"x":6.5,"y":-8},{"x":7.5,"y":-8},{"x":3,"y":-7},{"x":5.5,"y":-7},{"x":8,"y":-7},{"x":2.5,"y":-6},{"x":5.5,"y":-6},{"x":8.5,"y":-6},{"x":1,"y":-5},{"x":2,"y":-5},{"x":4.5,"y":-5},{"x":5.5,"y":-5},{"x":6.5,"y":-5},{"x":9,"y":-5},{"x":10,"y":-5},{"x":2.5,"y":-4},{"x":5.5,"y":-4},{"x":8.5,"y":-4},{"x":3,"y":-3},{"x":5.5,"y":-3},{"x":8,"y":-3},{"x":3.5,"y":-2},{"x":4.5,"y":-2},{"x":5.5,"y":-2},{"x":6.5,"y":-2},{"x":7.5,"y":-2},{"x":5.5,"y":-1}]}],"seeds":["5SKEBehRXJhcQjAFi5hsj6h1CkgZ3FB0ZhEEoVYFlSYdCyh6QxM4zJZwRhgsYOMRIcOdCoooWFh43Lc9EmiFGLRp0zRB1pcipPcdYsapiRh+nXNFWaeMihh4IKFE"]},{"layers":[{"index":0,"tiles":[{"x":2.5,"y":-9},{"x":4.5,"y":-9},{"x":6.5,"y":-9},{"x":8.5,"y":-9},{"x":2.5,"y":-8},{"x":4.5,"y":-8},{"x":6.5,"y":-8},{"x":8.5,"y":-8},{"x":2.5,"y":-7},{"x":3.5,"y":-7},{"x":4.5,"y":-7},{"x":5.5,"y":-7},{"x":6.5,"y":-7},{"x":7.5,"y":-7},{"x":8.5,"y":-7},{"x":2.5,"y":-6},{"x":3.5,"y":-6},{"x":4.5,"y":-6},{"x":5.5,"y":-6},{"x":6.5,"y":-6},{"x":7.5,"y":-6},{"x":8.5,"y":-6},{"x":2.5,"y":-5},{"x":5,"y":-5},{"x":6,"y":-5},{"x":8.5,"y":-5},{"x":2.5,"y":-4},{"x":5,"y":-4},{"x":6,"y":-4},{"x":8.5,"y":-4},{"x":5,"y":-3},{"x":6,"y":-3},{"x":5,"y":-2},{"x":6,"y":-2},{"x":5,"y":-1},{"x":6,"y":-1}]},{"index":1,"tiles":[{"x":2.5,"y":-9},{"x":4.5,"y":-9},{"x":6.5,"y":-9},{"x":8.5,"y":-9},{"x":2.5,"y":-8},{"x":4.5,"y":-8},{"x":6.5,"y":-8},{"x":8.5,"y":-8},{"x":2.5,"y":-7},{"x":3.5,"y":-7},{"x":4.5,"y":-7},{"x":5.5,"y":-7},{"x":6.5,"y":-7},{"x":7.5,"y":-7},{"x":8.5,"y":-7},{"x":2.5,"y":-6},{"x":3.5,"y":-6},{"x":4.5,"y":-6},{"x":5.5,"y":-6},{"x":6.5,"y":-6},{"x":7.5,"y":-6},{"x":8.5,"y":-6},{"x":2.5,"y":-5},{"x":5,"y":-5},{"x":6,"y":-5},{"x":8.5,"y":-5},{"x":2.5,"y":-4},{"x":5,"y":-4},{"x":6,"y":-4},{"x":8.5,"y":-4},{"x":5,"y":-3},{"x":6,"y":-3},{"x":5,"y":-2},{"x":6,"y":-2},{"x":5,"y":-1},{"x":6,"y":-1}]},{"index":2,"tiles":[{"x":2.5,"y":-9},{"x":4.5,"y":-9},{"x":6.5,"y":-9},{"x":8.5,"y":-9},{"x":2.5,"y":-8},{"x":4.5,"y":-8},{"x":6.5,"y":-8},{"x":8.5,"y":-8},{"x":2.5,"y":-7},{"x":3.5,"y":-7},{"x":4.5,"y":-7},{"x":5.5,"y":-7},{"x":6.5,"y":-7},{"x":7.5,"y":-7},{"x":8.5,"y":-7},{"x":2.5,"y":-6},{"x":3.5,"y":-6},{"x":4.5,"y":-6},{"x":5.5,"y":-6},{"x":6.5,"y":-6},{"x":7.5,"y":-6},{"x":8.5,"y":-6},{"x":2.5,"y":-5},{"x":5,"y":-5},{"x":6,"y":-5},{"x":8.5,"y":-5},{"x":2.5,"y":-4},{"x":5,"y":-4},{"x":6,"y":-4},{"x":8.5,"y":-4},{"x":5,"y":-3},{"x":6,"y":-3},{"x":5,"y":-2},{"x":6,"y":-2},{"x":5,"y":-1},{"x":6,"y":-1}]}],"seeds":["U6AoWOA1ywZynqUdowU6QYFyA/F8X9k1kDd1YIYEZAY6YbQNTzhRkxgKmqcIH9h1VXFAWGgqIRElEiUy3IV0HCdeancaKSNKCRd+BiiKFQgu"]},{"layers":[{"index":0,"tiles":[{"x":2.5,"y":-9},{"x":4.5,"y":-9},{"x":6.5,"y":-9},{"x":8.5,"y":-9},{"x":1.5,"y":-8.5},{"x":5.5,"y":-8.5},{"x":9.5,"y":-8.5},{"x":4,"y":-8},{"x":7,"y":-8},{"x":1,"y":-7.5},{"x":3,"y":-7.5},{"x":5.5,"y":-7.5},{"x":8,"y":-7.5},{"x":10,"y":-7.5},{"x":4,"y":-6.5},{"x":5.5,"y":-6.5},{"x":7,"y":-6.5},{"x":1.5,"y":-6},{"x":2.5,"y":-6},{"x":8.5,"y":-6},{"x":9.5,"y":-6},{"x":5,"y":-5.5},{"x":6,"y":-5.5},{"x":2,"y":-5},{"x":3,"y":-5},{"x":4,"y":-5},{"x":7,"y":-5},{"x":8,"y":-5},{"x":9,"y":-5},{"x":5,"y":-4.5},{"x":6,"y":-4.5},{"x":1.5,"y":-4},{"x":2.5,"y":-4},{"x":8.5,"y":-4},{"x":9.5,"y":-4},{"x":4,"y":-3.5},{"x":5.5,"y":-3.5},{"x":7,"y":-3.5},{"x":1,"y":-2.5},{"x":3,"y":-2.5},{"x":5.5,"y":-2.5},{"x":8,"y":-2.5},{"x":10,"y":-2.5},{"x":4,"y":-2},{"x":7,"y":-2},{"x":1.5,"y":-1.5},{"x":5.5,"y":-1.5},{"x":9.5,"y":-1.5},{"x":2.5,"y":-1},{"x":4.5,"y":-1},{"x":6.5,"y":-1},{"x":8.5,"y":-1}]},{"index":1,"tiles":[{"x":2.5,"y":-9},{"x":4.5,"y":-9},{"x":6.5,"y":-9},{"x":8.5,"y":-9},{"x":1.5,"y":-8.5},{"x":5.5,"y":-8.5},{"x":9.5,"y":-8.5},{"x":4,"y":-8},{"x":7,"y":-8},{"x":1,"y":-7.5},{"x":3,"y":-7.5},{"x":5.5,"y":-7.5},{"x":8,"y":-7.5},{"x":10,"y":-7.5},{"x":4,"y":-6.5},{"x":5.5,"y":-6.5},{"x":7,"y":-6.5},{"x":1.5,"y":-6},{"x":2.5,"y":-6},{"x":8.5,"y":-6},{"x":9.5,"y":-6},{"x":5,"y":-5.5},{"x":6,"y":-5.5},{"x":2,"y":-5},{"x":3,"y":-5},{"x":4,"y":-5},{"x":7,"y":-5},{"x":8,"y":-5},{"x":9,"y":-5},{"x":5,"y":-4.5},{"x":6,"y":-4.5},{"x":1.5,"y":-4},{"x":2.5,"y":-4},{"x":8.5,"y":-4},{"x":9.5,"y":-4},{"x":4,"y":-3.5},{"x":5.5,"y":-3.5},{"x":7,"y":-3.5},{"x":1,"y":-2.5},{"x":3,"y":-2.5},{"x":5.5,"y":-2.5},{"x":8,"y":-2.5},{"x":10,"y":-2.5},{"x":4,"y":-2},{"x":7,"y":-2},{"x":1.5,"y":-1.5},{"x":5.5,"y":-1.5},{"x":9.5,"y":-1.5},{"x":2.5,"y":-1},{"x":4.5,"y":-1},{"x":6.5,"y":-1},{"x":8.5,"y":-1}]},{"index":2,"tiles":[{"x":5,"y":-8.5},{"x":6,"y":-8.5},{"x":4,"y":-8},{"x":7,"y":-8},{"x":5.5,"y":-7.5},{"x":3,"y":-7},{"x":8,"y":-7},{"x":5.5,"y":-6.5},{"x":2.5,"y":-6},{"x":8.5,"y":-6},{"x":5,"y":-5.5},{"x":6,"y":-5.5},{"x":2,"y":-5},{"x":3,"y":-5},{"x":4,"y":-5},{"x":7,"y":-5},{"x":8,"y":-5},{"x":9,"y":-5},{"x":5,"y":-4.5},{"x":6,"y":-4.5},{"x":2.5,"y":-4},{"x":8.5,"y":-4},{"x":5.5,"y":-3.5},{"x":3,"y":-3},{"x":8,"y":-3},{"x":5.5,"y":-2.5},{"x":4,"y":-2},{"x":7,"y":-2},{"x":5,"y":-1.5},{"x":6,"y":-1.5}]}],"seeds":["1tEwS1cIHiMmH7iASuoRnXg24aIJICciwUQVU0lETId5JupFnChZngNWXxgWEMhx4kCIm5qNwhUYn+hlUAA6yQF+QwBKVUhuA8WE1KSAIYhUnfBoU9UNXciJylUY38N91KIQWAgA"]},{"layers":[{"index":0,"tiles":[{"x":2.5,"y":-9.5},{"x":8.5,"y":-9.5},{"x":1.5,"y":-9},{"x":3.5,"y":-9},{"x":5.5,"y":-9},{"x":7.5,"y":-9},{"x":9.5,"y":-9},{"x":4.5,"y":-8.5},{"x":6.5,"y":-8.5},{"x":5.5,"y":-8},{"x":2,"y":-7.5},{"x":9,"y":-7.5},{"x":3,"y":-7},{"x":5.5,"y":-7},{"x":8,"y":-7},{"x":2.5,"y":-6},{"x":5.5,"y":-6},{"x":8.5,"y":-6},{"x":1.5,"y":-5.5},{"x":3.5,"y":-5.5},{"x":7.5,"y":-5.5},{"x":9.5,"y":-5.5},{"x":4.5,"y":-5},{"x":5.5,"y":-5},{"x":6.5,"y":-5},{"x":2,"y":-4},{"x":5.5,"y":-4},{"x":9,"y":-4},{"x":3,"y":-3.5},{"x":8,"y":-3.5},{"x":5.5,"y":-3},{"x":2.5,"y":-2.5},{"x":8.5,"y":-2.5},{"x":1.5,"y":-2},{"x":3.5,"y":-2},{"x":5.5,"y":-2},{"x":7.5,"y":-2},{"x":9.5,"y":-2},{"x":4.5,"y":-1.5},{"x":6.5,"y":-1.5},{"x":5.5,"y":-1}]},{"index":1,"tiles":[{"x":2.5,"y":-9.5},{"x":8.5,"y":-9.5},{"x":1.5,"y":-9},{"x":3.5,"y":-9},{"x":5.5,"y":-9},{"x":7.5,"y":-9},{"x":9.5,"y":-9},{"x":4.5,"y":-8.5},{"x":6.5,"y":-8.5},{"x":5.5,"y":-8},{"x":2,"y":-7.5},{"x":9,"y":-7.5},{"x":3,"y":-7},{"x":5.5,"y":-7},{"x":8,"y":-7},{"x":2.5,"y":-6},{"x":5.5,"y":-6},{"x":8.5,"y":-6},{"x":1.5,"y":-5.5},{"x":3.5,"y":-5.5},{"x":7.5,"y":-5.5},{"x":9.5,"y":-5.5},{"x":4.5,"y":-5},{"x":5.5,"y":-5},{"x":6.5,"y":-5},{"x":2,"y":-4},{"x":5.5,"y":-4},{"x":9,"y":-4},{"x":3,"y":-3.5},{"x":8,"y":-3.5},{"x":5.5,"y":-3},{"x":2.5,"y":-2.5},{"x":8.5,"y":-2.5},{"x":1.5,"y":-2},{"x":3.5,"y":-2},{"x":5.5,"y":-2},{"x":7.5,"y":-2},{"x":9.5,"y":-2},{"x":4.5,"y":-1.5},{"x":6.5,"y":-1.5},{"x":5.5,"y":-1}]},{"index":2,"tiles":[{"x":2.5,"y":-9.5},{"x":8.5,"y":-9.5},{"x":1.5,"y":-9},{"x":3.5,"y":-9},{"x":5.5,"y":-9},{"x":7.5,"y":-9},{"x":9.5,"y":-9},{"x":4.5,"y":-8.5},{"x":6.5,"y":-8.5},{"x":5.5,"y":-8},{"x":2,"y":-7.5},{"x":9,"y":-7.5},{"x":3,"y":-7},{"x":5.5,"y":-7},{"x":8,"y":-7},{"x":2.5,"y":-6},{"x":5.5,"y":-6},{"x":8.5,"y":-6},{"x":1.5,"y":-5.5},{"x":3.5,"y":-5.5},{"x":7.5,"y":-5.5},{"x":9.5,"y":-5.5},{"x":4.5,"y":-5},{"x":5.5,"y":-5},{"x":6.5,"y":-5},{"x":2,"y":-4},{"x":5.5,"y":-4},{"x":9,"y":-4},{"x":3,"y":-3.5},{"x":8,"y":-3.5},{"x":5.5,"y":-3},{"x":2.5,"y":-2.5},{"x":8.5,"y":-2.5},{"x":1.5,"y":-2},{"x":3.5,"y":-2},{"x":5.5,"y":-2},{"x":7.5,"y":-2},{"x":9.5,"y":-2},{"x":4.5,"y":-1.5},{"x":6.5,"y":-1.5},{"x":5.5,"y":-1}]},{"index":3,"tiles":[{"x":5.5,"y":-9},{"x":5.5,"y":-8},{"x":5.5,"y":-7},{"x":5.5,"y":-6},{"x":5.5,"y":-5},{"x":5.5,"y":-4},{"x":5.5,"y":-3},{"x":5.5,"y":-2},{"x":5.5,"y":-1}]}],"seeds":["4geBUcAJG/EtEQkNXshQAxEmX+WZVyaI3JI25/SIxSeGjDAygRiClieCnYJ+3CBqnQSCw2JVBDghUwcm23IdkNeUgoQVAXio3EeFYcdAFeEYGWJ0GOWJIRcGisdVHeVoijI9"]},{"layers":[{"index":0,"tiles":[{"x":6,"y":-8.5},{"x":2.5,"y":-7.5},{"x":4.5,"y":-7.5},{"x":6,"y":-7.5},{"x":7,"y":-7.5},{"x":9,"y":-7.5},{"x":4.5,"y":-6.5},{"x":7,"y":-6.5},{"x":1.5,"y":-6},{"x":10,"y":-6},{"x":2.5,"y":-5.5},{"x":3.5,"y":-5.5},{"x":4.5,"y":-5.5},{"x":5.5,"y":-5.5},{"x":7,"y":-5.5},{"x":8,"y":-5.5},{"x":9,"y":-5.5},{"x":1.5,"y":-5},{"x":10,"y":-4.5},{"x":2.5,"y":-4},{"x":3.5,"y":-4},{"x":4.5,"y":-4},{"x":6,"y":-4},{"x":7,"y":-4},{"x":8,"y":-4},{"x":9,"y":-4},{"x":1.5,"y":-3.5},{"x":10,"y":-3.5},{"x":4.5,"y":-3},{"x":7,"y":-3},{"x":2.5,"y":-2},{"x":4.5,"y":-2},{"x":5.5,"y":-2},{"x":7,"y":-2},{"x":9,"y":-2},{"x":5.5,"y":-1}]},{"index":1,"tiles":[{"x":6,"y":-8.5},{"x":2.5,"y":-8},{"x":9,"y":-8},{"x":4.5,"y":-7.5},{"x":6,"y":-7.5},{"x":7,"y":-7.5},{"x":2.5,"y":-7},{"x":9,"y":-7},{"x":4.5,"y":-6.5},{"x":7,"y":-6.5},{"x":1.5,"y":-6},{"x":10,"y":-6},{"x":2.5,"y":-5.5},{"x":3.5,"y":-5.5},{"x":4.5,"y":-5.5},{"x":5.5,"y":-5.5},{"x":7,"y":-5.5},{"x":8,"y":-5.5},{"x":9,"y":-5.5},{"x":1.5,"y":-5},{"x":10,"y":-4.5},{"x":2.5,"y":-4},{"x":3.5,"y":-4},{"x":4.5,"y":-4},{"x":6,"y":-4},{"x":7,"y":-4},{"x":8,"y":-4},{"x":9,"y":-4},{"x":1.5,"y":-3.5},{"x":10,"y":-3.5},{"x":4.5,"y":-3},{"x":7,"y":-3},{"x":2.5,"y":-2.5},{"x":9,"y":-2.5},{"x":4.5,"y":-2},{"x":5.5,"y":-2},{"x":7,"y":-2},{"x":2.5,"y":-1.5},{"x":9,"y":-1.5},{"x":5.5,"y":-1}]},{"index":2,"tiles":[{"x":6,"y":-8.5},{"x":2,"y":-7.5},{"x":3,"y":-7.5},{"x":4.5,"y":-7.5},{"x":6,"y":-7.5},{"x":7,"y":-7.5},{"x":8.5,"y":-7.5},{"x":9.5,"y":-7.5},{"x":4.5,"y":-6.5},{"x":7,"y":-6.5},{"x":1.5,"y":-6},{"x":10,"y":-6},{"x":2.5,"y":-5.5},{"x":3.5,"y":-5.5},{"x":4.5,"y":-5.5},{"x":5.5,"y":-5.5},{"x":7,"y":-5.5},{"x":8,"y":-5.5},{"x":9,"y":-5.5},{"x":1.5,"y":-5},{"x":10,"y":-4.5},{"x":2.5,"y":-4},{"x":3.5,"y":-4},{"x":4.5,"y":-4},{"x":6,"y":-4},{"x":7,"y":-4},{"x":8,"y":-4},{"x":9,"y":-4},{"x":1.5,"y":-3.5},{"x":10,"y":-3.5},{"x":4.5,"y":-3},{"x":7,"y":-3},{"x":2,"y":-2},{"x":3,"y":-2},{"x":4.5,"y":-2},{"x":5.5,"y":-2},{"x":7,"y":-2},{"x":8.5,"y":-2},{"x":9.5,"y":-2},{"x":5.5,"y":-1}]},{"index":3,"tiles":[{"x":2.5,"y":-8},{"x":9,"y":-8},{"x":2.5,"y":-7},{"x":9,"y":-7},{"x":1.5,"y":-5.5},{"x":10,"y":-4},{"x":2.5,"y":-2.5},{"x":9,"y":-2.5},{"x":2.5,"y":-1.5},{"x":9,"y":-1.5}]},{"index":4,"tiles":[{"x":2.5,"y":-7.5},{"x":9,"y":-7.5},{"x":2.5,"y":-2},{"x":9,"y":-2}]}],"seeds":["iXeAUsWJjjIklxUiGcQZSoSK3jeFzrQIFvUIGmiKUCReJMIt3eaBYdgp3TYKkzBxhBeARCgOhiiGGCcWXSEFKnWIoaMg2uJV4sJ1IQgyDfYhjed5aQkGzgNmItNNgTh95wcA"]},{"layers":[{"index":0,"tiles":[{"x":2,"y":-9.5},{"x":3,"y":-9},{"x":4,"y":-8.5},{"x":5,"y":-8.5},{"x":6,"y":-8.5},{"x":3,"y":-8},{"x":7,"y":-8},{"x":8,"y":-8},{"x":2,"y":-7.5},{"x":9,"y":-7.5},{"x":4.5,"y":-7},{"x":5.5,"y":-7},{"x":1.5,"y":-6.5},{"x":3.5,"y":-6.5},{"x":6.5,"y":-6.5},{"x":7.5,"y":-6.5},{"x":9.5,"y":-6.5},{"x":8.5,"y":-6},{"x":1.5,"y":-5.5},{"x":3,"y":-5.5},{"x":9.5,"y":-5.5},{"x":4,"y":-5},{"x":5.5,"y":-5},{"x":7,"y":-5},{"x":1.5,"y":-4.5},{"x":8,"y":-4.5},{"x":9.5,"y":-4.5},{"x":2.5,"y":-4},{"x":1.5,"y":-3.5},{"x":3.5,"y":-3.5},{"x":4.5,"y":-3.5},{"x":7.5,"y":-3.5},{"x":9.5,"y":-3.5},{"x":5.5,"y":-3},{"x":6.5,"y":-3},{"x":2,"y":-2.5},{"x":9,"y":-2.5},{"x":3,"y":-2},{"x":4,"y":-2},{"x":8,"y":-2},{"x":5,"y":-1.5},{"x":6,"y":-1.5},{"x":7,"y":-1.5},{"x":8,"y":-1},{"x":9,"y":-0.5}]},{"index":1,"tiles":[{"x":2,"y":-9.5},{"x":3,"y":-9},{"x":4,"y":-8.5},{"x":5,"y":-8.5},{"x":6,"y":-8.5},{"x":3,"y":-8},{"x":7,"y":-8},{"x":8,"y":-8},{"x":2,"y":-7.5},{"x":9,"y":-7.5},{"x":4.5,"y":-7},{"x":5.5,"y":-7},{"x":1.5,"y":-6.5},{"x":3.5,"y":-6.5},{"x":6.5,"y":-6.5},{"x":7.5,"y":-6.5},{"x":9.5,"y":-6.5},{"x":8.5,"y":-6},{"x":1.5,"y":-5.5},{"x":3,"y":-5.5},{"x":5,"y":-5.5},{"x":9.5,"y":-5.5},{"x":4,"y":-5},{"x":7,"y":-5},{"x":1.5,"y":-4.5},{"x":6,"y":-4.5},{"x":8,"y":-4.5},{"x":9.5,"y":-4.5},{"x":2.5,"y":-4},{"x":1.5,"y":-3.5},{"x":3.5,"y":-3.5},{"x":4.5,"y":-3.5},{"x":7.5,"y":-3.5},{"x":9.5,"y":-3.5},{"x":5.5,"y":-3},{"x":6.5,"y":-3},{"x":2,"y":-2.5},{"x":9,"y":-2.5},{"x":3,"y":-2},{"x":4,"y":-2},{"x":8,"y":-2},{"x":5,"y":-1.5},{"x":6,"y":-1.5},{"x":7,"y":-1.5},{"x":8,"y":-1},{"x":9,"y":-0.5}]},{"index":2,"tiles":[{"x":5.5,"y":-5}]}],"seeds":["HBhhjTAMIIMpn2hWjiCG15NI4DF2EQVyJwR6YNGEVaYsYol0qtQxaUAsnhZ6lMUZRvg9SBFqloOSgchdWTKF3QdN30F4"]},{"layers":[{"index":0,"tiles":[{"x":3,"y":-9},{"x":4,"y":-9},{"x":5,"y":-9},{"x":6,"y":-9},{"x":7,"y":-9},{"x":2,"y":-8.5},{"x":8,"y":-8.5},{"x":2,"y":-7.5},{"x":2.5,"y":-6.5},{"x":7,"y":-6},{"x":3,"y":-5.5},{"x":4,"y":-5},{"x":5,"y":-5},{"x":6,"y":-5},{"x":7,"y":-5},{"x":8,"y":-5},{"x":3,"y":-4.5},{"x":7,"y":-4},{"x":2.5,"y":-3.5},{"x":2,"y":-2.5},{"x":2,"y":-1.5},{"x":8,"y":-1.5},{"x":3,"y":-1},{"x":4,"y":-1},{"x":5,"y":-1},{"x":6,"y":-1},{"x":7,"y":-1}]},{"index":1,"tiles":[{"x":3,"y":-9},{"x":4,"y":-9},{"x":5,"y":-9},{"x":6,"y":-9},{"x":7,"y":-9},{"x":2,"y":-8.5},{"x":8,"y":-8.5},{"x":2,"y":-7.5},{"x":2.5,"y":-6.5},{"x":7,"y":-6},{"x":3,"y":-5.5},{"x":4,"y":-5},{"x":5,"y":-5},{"x":6,"y":-5},{"x":7,"y":-5},{"x":8,"y":-5},{"x":3,"y":-4.5},{"x":7,"y":-4},{"x":2.5,"y":-3.5},{"x":2,"y":-2.5},{"x":2,"y":-1.5},{"x":8,"y":-1.5},{"x":3,"y":-1},{"x":4,"y":-1},{"x":5,"y":-1},{"x":6,"y":-1},{"x":7,"y":-1}]},{"index":2,"tiles":[{"x":3,"y":-9},{"x":4,"y":-9},{"x":5,"y":-9},{"x":6,"y":-9},{"x":7,"y":-9},{"x":2,"y":-8.5},{"x":8,"y":-8.5},{"x":2,"y":-7.5},{"x":2.5,"y":-6.5},{"x":7,"y":-6},{"x":3,"y":-5.5},{"x":4,"y":-5},{"x":5,"y":-5},{"x":6,"y":-5},{"x":7,"y":-5},{"x":8,"y":-5},{"x":3,"y":-4.5},{"x":7,"y":-4},{"x":2.5,"y":-3.5},{"x":2,"y":-2.5},{"x":2,"y":-1.5},{"x":8,"y":-1.5},{"x":3,"y":-1},{"x":4,"y":-1},{"x":5,"y":-1},{"x":6,"y":-1},{"x":7,"y":-1}]},{"index":3,"tiles":[{"x":3,"y":-9},{"x":4,"y":-9},{"x":5,"y":-9},{"x":6,"y":-9},{"x":7,"y":-9},{"x":2,"y":-8.5},{"x":8,"y":-8.5},{"x":2,"y":-7.5},{"x":2.5,"y":-6.5},{"x":7,"y":-6},{"x":3,"y":-5.5},{"x":4,"y":-5},{"x":5,"y":-5},{"x":6,"y":-5},{"x":7,"y":-5},{"x":8,"y":-5},{"x":3,"y":-4.5},{"x":7,"y":-4},{"x":2.5,"y":-3.5},{"x":2,"y":-2.5},{"x":2,"y":-1.5},{"x":8,"y":-1.5},{"x":3,"y":-1},{"x":4,"y":-1},{"x":5,"y":-1},{"x":6,"y":-1},{"x":7,"y":-1}]}],"seeds":["k+BhDBiWmQiS1oCFyGF4D/UNEeIhRNGBBqR8jXeaYXVhVRheXPYE4PGERBGGIPRMQSeKoSI6HwOCDQiiEZg6TseFWoM1IMItwjeClNYtnOpY"]},{"layers":[{"index":0,"tiles":[{"x":2,"y":-8.5},{"x":4,"y":-8.5},{"x":6,"y":-8},{"x":2,"y":-7.5},{"x":4,"y":-7.5},{"x":7,"y":-7.5},{"x":6,"y":-7},{"x":8,"y":-7},{"x":2,"y":-6.5},{"x":4,"y":-6.5},{"x":7,"y":-6.5},{"x":9,"y":-6.5},{"x":6,"y":-6},{"x":8,"y":-6},{"x":2,"y":-5.5},{"x":4,"y":-5.5},{"x":7,"y":-5.5},{"x":9,"y":-5.5},{"x":3,"y":-5},{"x":5,"y":-5},{"x":6,"y":-5},{"x":8,"y":-5},{"x":2,"y":-4.5},{"x":4,"y":-4.5},{"x":7,"y":-4.5},{"x":9,"y":-4.5},{"x":3,"y":-4},{"x":5,"y":-4},{"x":2,"y":-3.5},{"x":4,"y":-3.5},{"x":7,"y":-3.5},{"x":9,"y":-3.5},{"x":3,"y":-3},{"x":5,"y":-3},{"x":4,"y":-2.5},{"x":7,"y":-2.5},{"x":9,"y":-2.5},{"x":5,"y":-2},{"x":7,"y":-1.5},{"x":9,"y":-1.5}]},{"index":1,"tiles":[{"x":2,"y":-8.5},{"x":4,"y":-8.5},{"x":6,"y":-8},{"x":2,"y":-7.5},{"x":4,"y":-7.5},{"x":7,"y":-7.5},{"x":6,"y":-7},{"x":8,"y":-7},{"x":2,"y":-6.5},{"x":4,"y":-6.5},{"x":7,"y":-6.5},{"x":9,"y":-6.5},{"x":6,"y":-6},{"x":8,"y":-6},{"x":2,"y":-5.5},{"x":4,"y":-5.5},{"x":7,"y":-5.5},{"x":9,"y":-5.5},{"x":3,"y":-5},{"x":5,"y":-5},{"x":6,"y":-5},{"x":8,"y":-5},{"x":2,"y":-4.5},{"x":4,"y":-4.5},{"x":7,"y":-4.5},{"x":9,"y":-4.5},{"x":3,"y":-4},{"x":5,"y":-4},{"x":2,"y":-3.5},{"x":4,"y":-3.5},{"x":7,"y":-3.5},{"x":9,"y":-3.5},{"x":3,"y":-3},{"x":5,"y":-3},{"x":4,"y":-2.5},{"x":7,"y":-2.5},{"x":9,"y":-2.5},{"x":5,"y":-2},{"x":7,"y":-1.5},{"x":9,"y":-1.5}]},{"index":2,"tiles":[{"x":6,"y":-7},{"x":4,"y":-6.5},{"x":7,"y":-6.5},{"x":6,"y":-6},{"x":8,"y":-6},{"x":4,"y":-5.5},{"x":7,"y":-5.5},{"x":3,"y":-5},{"x":5,"y":-5},{"x":6,"y":-5},{"x":8,"y":-5},{"x":4,"y":-4.5},{"x":7,"y":-4.5},{"x":3,"y":-4},{"x":5,"y":-4},{"x":4,"y":-3.5},{"x":7,"y":-3.5},{"x":5,"y":-3}]},{"index":3,"tiles":[{"x":6,"y":-7},{"x":4,"y":-6.5},{"x":7,"y":-6.5},{"x":6,"y":-6},{"x":8,"y":-6},{"x":4,"y":-5.5},{"x":7,"y":-5.5},{"x":3,"y":-5},{"x":5,"y":-5},{"x":6,"y":-5},{"x":8,"y":-5},{"x":4,"y":-4.5},{"x":7,"y":-4.5},{"x":3,"y":-4},{"x":5,"y":-4},{"x":4,"y":-3.5},{"x":7,"y":-3.5},{"x":5,"y":-3}]},{"index":4,"tiles":[{"x":6,"y":-6},{"x":4,"y":-5.5},{"x":7,"y":-5.5},{"x":5,"y":-5},{"x":6,"y":-5},{"x":4,"y":-4.5},{"x":7,"y":-4.5},{"x":5,"y":-4}]}],"seeds":["4RR1DfcUIPgRB+iB3hVNyBKUAtN12idGWXWKXBCIXuWRYdeBILVR12Nl4OAlAwR+4SRCymKJ0xEGG9RExCcJZmIsxghySKSEGiaGheJ1Yqd0HCSJC4hGjqOmDIdx"]},{"layers":[{"index":0,"tiles":[{"x":2.5,"y":-8.5},{"x":4.5,"y":-8.5},{"x":6.5,"y":-8.5},{"x":8.5,"y":-8.5},{"x":2.5,"y":-6.5},{"x":4.5,"y":-6.5},{"x":6.5,"y":-6.5},{"x":8.5,"y":-6.5},{"x":2.5,"y":-5},{"x":4,"y":-5},{"x":5.5,"y":-5},{"x":7,"y":-5},{"x":8.5,"y":-5},{"x":2.5,"y":-3.5},{"x":4.5,"y":-3.5},{"x":6.5,"y":-3.5},{"x":8.5,"y":-3.5},{"x":2.5,"y":-1.5},{"x":4.5,"y":-1.5},{"x":6.5,"y":-1.5},{"x":8.5,"y":-1.5}]},{"index":1,"tiles":[{"x":2,"y":-9},{"x":3,"y":-9},{"x":4,"y":-9},{"x":5,"y":-9},{"x":6,"y":-9},{"x":7,"y":-9},{"x":8,"y":-9},{"x":9,"y":-9},{"x":2,"y":-8},{"x":3,"y":-8},{"x":4,"y":-8},{"x":5,"y":-8},{"x":6,"y":-8},{"x":7,"y":-8},{"x":8,"y":-8},{"x":9,"y":-8},{"x":2,"y":-7},{"x":3,"y":-7},{"x":4,"y":-7},{"x":5,"y":-7},{"x":6,"y":-7},{"x":7,"y":-7},{"x":8,"y":-7},{"x":9,"y":-7},{"x":2,"y":-6},{"x":3,"y":-6},{"x":4,"y":-6},{"x":5,"y":-6},{"x":6,"y":-6},{"x":7,"y":-6},{"x":8,"y":-6},{"x":9,"y":-6},{"x":2,"y":-5},{"x":5.5,"y":-5},{"x":9,"y":-5},{"x":2,"y":-4},{"x":3,"y":-4},{"x":4,"y":-4},{"x":5,"y":-4},{"x":6,"y":-4},{"x":7,"y":-4},{"x":8,"y":-4},{"x":9,"y":-4},{"x":2,"y":-3},{"x":3,"y":-3},{"x":4,"y":-3},{"x":5,"y":-3},{"x":6,"y":-3},{"x":7,"y":-3},{"x":8,"y":-3},{"x":9,"y":-3},{"x":2,"y":-2},{"x":3,"y":-2},{"x":4,"y":-2},{"x":5,"y":-2},{"x":6,"y":-2},{"x":7,"y":-2},{"x":8,"y":-2},{"x":9,"y":-2},{"x":2,"y":-1},{"x":3,"y":-1},{"x":4,"y":-1},{"x":5,"y":-1},{"x":6,"y":-1},{"x":7,"y":-1},{"x":8,"y":-1},{"x":9,"y":-1}]},{"index":2,"tiles":[{"x":2.5,"y":-8.5},{"x":3.5,"y":-8.5},{"x":4.5,"y":-8.5},{"x":5.5,"y":-8.5},{"x":6.5,"y":-8.5},{"x":7.5,"y":-8.5},{"x":8.5,"y":-8.5},{"x":2.5,"y":-7.5},{"x":4,"y":-7.5},{"x":5.5,"y":-7.5},{"x":7,"y":-7.5},{"x":8.5,"y":-7.5},{"x":2.5,"y":-6.5},{"x":4,"y":-6.5},{"x":5.5,"y":-6.5},{"x":7,"y":-6.5},{"x":8.5,"y":-6.5},{"x":2.5,"y":-5.5},{"x":3.5,"y":-5.5},{"x":4.5,"y":-5.5},{"x":5.5,"y":-5.5},{"x":6.5,"y":-5.5},{"x":7.5,"y":-5.5},{"x":8.5,"y":-5.5},{"x":2.5,"y":-4.5},{"x":3.5,"y":-4.5},{"x":4.5,"y":-4.5},{"x":5.5,"y":-4.5},{"x":6.5,"y":-4.5},{"x":7.5,"y":-4.5},{"x":8.5,"y":-4.5},{"x":2.5,"y":-3.5},{"x":4,"y":-3.5},{"x":5.5,"y":-3.5},{"x":7,"y":-3.5},{"x":8.5,"y":-3.5},{"x":2.5,"y":-2.5},{"x":4,"y":-2.5},{"x":5.5,"y":-2.5},{"x":7,"y":-2.5},{"x":8.5,"y":-2.5},{"x":2.5,"y":-1.5},{"x":3.5,"y":-1.5},{"x":4.5,"y":-1.5},{"x":5.5,"y":-1.5},{"x":6.5,"y":-1.5},{"x":7.5,"y":-1.5},{"x":8.5,"y":-1.5}]},{"index":3,"tiles":[{"x":2.5,"y":-7},{"x":4,"y":-7},{"x":5.5,"y":-7},{"x":7,"y":-7},{"x":8.5,"y":-7},{"x":2.5,"y":-5},{"x":4,"y":-5},{"x":7,"y":-5},{"x":8.5,"y":-5},{"x":2.5,"y":-3},{"x":4,"y":-3},{"x":5.5,"y":-3},{"x":7,"y":-3},{"x":8.5,"y":-3}]}],"seeds":["RmgMBBhmnRJ0AwRdxUSIH1WY3CcxjLBVXwgWnFJxnkd1BZc1guc03QV2lqo4nQQmgsVNn+cRHBKgz8BYHxh42hKSg2gd4TJ94LdE3KcJ1HNy3/ghi6iIJSaKYZgIm5A6QSSCmHJUTCNMhBg2SuWAAgUA"]},{"layers":[{"index":0,"tiles":[{"x":3,"y":-8.5},{"x":5.5,"y":-8.5},{"x":8,"y":-8.5},{"x":2,"y":-8},{"x":4,"y":-8},{"x":7,"y":-8},{"x":9,"y":-8},{"x":5.5,"y":-7.5},{"x":2,"y":-7},{"x":4,"y":-7},{"x":7,"y":-7},{"x":9,"y":-7},{"x":3,"y":-6.5},{"x":5.5,"y":-6.5},{"x":8,"y":-6.5},{"x":2,"y":-6},{"x":4,"y":-6},{"x":7,"y":-6},{"x":9,"y":-6},{"x":3,"y":-5.5},{"x":5.5,"y":-5.5},{"x":8,"y":-5.5},{"x":2,"y":-5},{"x":4,"y":-5},{"x":7,"y":-5},{"x":9,"y":-5},{"x":3,"y":-4.5},{"x":5.5,"y":-4.5},{"x":8,"y":-4.5},{"x":2,"y":-4},{"x":4,"y":-4},{"x":7,"y":-4},{"x":9,"y":-4},{"x":3,"y":-3.5},{"x":5.5,"y":-3.5},{"x":8,"y":-3.5},{"x":2,"y":-3},{"x":4,"y":-3},{"x":7,"y":-3},{"x":9,"y":-3},{"x":5.5,"y":-2.5},{"x":2,"y":-2},{"x":4,"y":-2},{"x":7,"y":-2},{"x":9,"y":-2},{"x":3,"y":-1.5},{"x":5.5,"y":-1.5},{"x":8,"y":-1.5}]},{"index":1,"tiles":[{"x":3,"y":-8.5},{"x":5.5,"y":-8.5},{"x":8,"y":-8.5},{"x":2,"y":-8},{"x":4,"y":-8},{"x":7,"y":-8},{"x":9,"y":-8},{"x":5.5,"y":-7.5},{"x":2,"y":-7},{"x":4,"y":-7},{"x":7,"y":-7},{"x":9,"y":-7},{"x":3,"y":-6.5},{"x":5.5,"y":-6.5},{"x":8,"y":-6.5},{"x":2,"y":-6},{"x":4,"y":-6},{"x":7,"y":-6},{"x":9,"y":-6},{"x":3,"y":-5.5},{"x":5.5,"y":-5.5},{"x":8,"y":-5.5},{"x":2,"y":-5},{"x":4,"y":-5},{"x":7,"y":-5},{"x":9,"y":-5},{"x":3,"y":-4.5},{"x":5.5,"y":-4.5},{"x":8,"y":-4.5},{"x":2,"y":-4},{"x":4,"y":-4},{"x":7,"y":-4},{"x":9,"y":-4},{"x":3,"y":-3.5},{"x":5.5,"y":-3.5},{"x":8,"y":-3.5},{"x":2,"y":-3},{"x":4,"y":-3},{"x":7,"y":-3},{"x":9,"y":-3},{"x":5.5,"y":-2.5},{"x":2,"y":-2},{"x":4,"y":-2},{"x":7,"y":-2},{"x":9,"y":-2},{"x":3,"y":-1.5},{"x":5.5,"y":-1.5},{"x":8,"y":-1.5}]},{"index":2,"tiles":[{"x":3,"y":-8.5},{"x":5.5,"y":-8.5},{"x":8,"y":-8.5},{"x":2,"y":-8},{"x":4,"y":-8},{"x":7,"y":-8},{"x":9,"y":-8},{"x":5.5,"y":-7.5},{"x":2,"y":-7},{"x":4,"y":-7},{"x":7,"y":-7},{"x":9,"y":-7},{"x":3,"y":-6.5},{"x":5.5,"y":-6.5},{"x":8,"y":-6.5},{"x":2,"y":-6},{"x":4,"y":-6},{"x":7,"y":-6},{"x":9,"y":-6},{"x":3,"y":-5.5},{"x":5.5,"y":-5.5},{"x":8,"y":-5.5},{"x":2,"y":-5},{"x":4,"y":-5},{"x":7,"y":-5},{"x":9,"y":-5},{"x":3,"y":-4.5},{"x":5.5,"y":-4.5},{"x":8,"y":-4.5},{"x":2,"y":-4},{"x":4,"y":-4},{"x":7,"y":-4},{"x":9,"y":-4},{"x":3,"y":-3.5},{"x":5.5,"y":-3.5},{"x":8,"y":-3.5},{"x":2,"y":-3},{"x":4,"y":-3},{"x":7,"y":-3},{"x":9,"y":-3},{"x":5.5,"y":-2.5},{"x":2,"y":-2},{"x":4,"y":-2},{"x":7,"y":-2},{"x":9,"y":-2},{"x":3,"y":-1.5},{"x":5.5,"y":-1.5},{"x":8,"y":-1.5}]}],"seeds":["qHVaovplIWV9AjdwVceJSPeER+GAVBhSG9hxxAKCTAR25FVMhdg40dMwRScu0zdxmDMOA9ekF7EYCoNMHxeClbMtQRVmlvSJSuBB4KB1H6VcJmgopSg23gV5RHJIYoCBiSdogUCEnAcyoeBV"]},{"layers":[{"index":0,"tiles":[{"x":2.5,"y":-9},{"x":3.5,"y":-9},{"x":7.5,"y":-9},{"x":8.5,"y":-9},{"x":1.5,"y":-8.5},{"x":4.5,"y":-8.5},{"x":6.5,"y":-8.5},{"x":9.5,"y":-8.5},{"x":5.5,"y":-8},{"x":1,"y":-7.5},{"x":10,"y":-7.5},{"x":4.5,"y":-7},{"x":6.5,"y":-7},{"x":1,"y":-6.5},{"x":10,"y":-6.5},{"x":4,"y":-6},{"x":7,"y":-6},{"x":1.5,"y":-5.5},{"x":3,"y":-5.5},{"x":8,"y":-5.5},{"x":9.5,"y":-5.5},{"x":1.5,"y":-4.5},{"x":3,"y":-4.5},{"x":8,"y":-4.5},{"x":9.5,"y":-4.5},{"x":4,"y":-4},{"x":7,"y":-4},{"x":1,"y":-3.5},{"x":10,"y":-3.5},{"x":4.5,"y":-3},{"x":6.5,"y":-3},{"x":1,"y":-2.5},{"x":10,"y":-2.5},{"x":5.5,"y":-2},{"x":1.5,"y":-1.5},{"x":4.5,"y":-1.5},{"x":6.5,"y":-1.5},{"x":9.5,"y":-1.5},{"x":2.5,"y":-1},{"x":3.5,"y":-1},{"x":7.5,"y":-1},{"x":8.5,"y":-1}]},{"index":1,"tiles":[{"x":2.5,"y":-9},{"x":3.5,"y":-9},{"x":7.5,"y":-9},{"x":8.5,"y":-9},{"x":1.5,"y":-8.5},{"x":4.5,"y":-8.5},{"x":6.5,"y":-8.5},{"x":9.5,"y":-8.5},{"x":1,"y":-7.5},{"x":5,"y":-7.5},{"x":6,"y":-7.5},{"x":10,"y":-7.5},{"x":1,"y":-6.5},{"x":10,"y":-6.5},{"x":4,"y":-6},{"x":7,"y":-6},{"x":1.5,"y":-5.5},{"x":3,"y":-5.5},{"x":8,"y":-5.5},{"x":9.5,"y":-5.5},{"x":1.5,"y":-4.5},{"x":3,"y":-4.5},{"x":8,"y":-4.5},{"x":9.5,"y":-4.5},{"x":4,"y":-4},{"x":7,"y":-4},{"x":1,"y":-3.5},{"x":10,"y":-3.5},{"x":1,"y":-2.5},{"x":5,"y":-2.5},{"x":6,"y":-2.5},{"x":10,"y":-2.5},{"x":1.5,"y":-1.5},{"x":4.5,"y":-1.5},{"x":6.5,"y":-1.5},{"x":9.5,"y":-1.5},{"x":2.5,"y":-1},{"x":3.5,"y":-1},{"x":7.5,"y":-1},{"x":8.5,"y":-1}]},{"index":2,"tiles":[{"x":2.5,"y":-9},{"x":3.5,"y":-9},{"x":7.5,"y":-9},{"x":8.5,"y":-9},{"x":1.5,"y":-8.5},{"x":4.5,"y":-8.5},{"x":6.5,"y":-8.5},{"x":9.5,"y":-8.5},{"x":5.5,"y":-8},{"x":1,"y":-7.5},{"x":10,"y":-7.5},{"x":4.5,"y":-7},{"x":6.5,"y":-7},{"x":1,"y":-6.5},{"x":10,"y":-6.5},{"x":4,"y":-6},{"x":7,"y":-6},{"x":1.5,"y":-5.5},{"x":3,"y":-5.5},{"x":8,"y":-5.5},{"x":9.5,"y":-5.5},{"x":1.5,"y":-4.5},{"x":3,"y":-4.5},{"x":8,"y":-4.5},{"x":9.5,"y":-4.5},{"x":4,"y":-4},{"x":7,"y":-4},{"x":1,"y":-3.5},{"x":10,"y":-3.5},{"x":4.5,"y":-3},{"x":6.5,"y":-3},{"x":1,"y":-2.5},{"x":10,"y":-2.5},{"x":5.5,"y":-2},{"x":1.5,"y":-1.5},{"x":4.5,"y":-1.5},{"x":6.5,"y":-1.5},{"x":9.5,"y":-1.5},{"x":2.5,"y":-1},{"x":3.5,"y":-1},{"x":7.5,"y":-1},{"x":8.5,"y":-1}]}],"seeds":["k5A1RyUGlpKdkPYplHJ5lUlMnBZ2h/F1IiGKy8Y9XJOGWFKBGPdFXfF5HikkCsdQThV2UJR1XiQyU1SEIBJmQoAaYLhNIDiC1hNWTvCFAVdt0qcuIChKiDBs5XB1"]},{"layers":[{"index":0,"tiles":[{"x":5.5,"y":-9.5},{"x":4.5,"y":-9},{"x":6.5,"y":-9},{"x":5.5,"y":-8.5},{"x":4.5,"y":-7.5},{"x":5.5,"y":-7.5},{"x":6.5,"y":-7.5},{"x":2.5,"y":-7},{"x":3.5,"y":-7},{"x":7.5,"y":-7},{"x":8.5,"y":-7},{"x":5.5,"y":-6.5},{"x":4.5,"y":-6},{"x":6.5,"y":-6},{"x":5.5,"y":-5.5},{"x":4.5,"y":-5},{"x":6.5,"y":-5},{"x":2.5,"y":-4.5},{"x":5.5,"y":-4.5},{"x":8.5,"y":-4.5},{"x":1.5,"y":-4},{"x":4.5,"y":-4},{"x":6.5,"y":-4},{"x":9.5,"y":-4},{"x":5.5,"y":-3.5},{"x":2,"y":-3},{"x":4.5,"y":-3},{"x":6.5,"y":-3},{"x":9,"y":-3},{"x":5.5,"y":-2.5},{"x":2.5,"y":-2},{"x":4.5,"y":-2},{"x":6.5,"y":-2},{"x":8.5,"y":-2},{"x":3.5,"y":-1.5},{"x":5.5,"y":-1.5},{"x":7.5,"y":-1.5},{"x":4.5,"y":-1},{"x":6.5,"y":-1},{"x":5.5,"y":-0.5}]},{"index":1,"tiles":[{"x":5.5,"y":-9.5},{"x":4.5,"y":-9},{"x":6.5,"y":-9},{"x":5.5,"y":-8.5},{"x":4.5,"y":-8},{"x":6.5,"y":-8},{"x":5.5,"y":-7.5},{"x":2.5,"y":-7},{"x":3.5,"y":-7},{"x":4.5,"y":-7},{"x":6.5,"y":-7},{"x":7.5,"y":-7},{"x":8.5,"y":-7},{"x":5.5,"y":-6.5},{"x":4.5,"y":-6},{"x":6.5,"y":-6},{"x":5.5,"y":-5.5},{"x":4.5,"y":-5},{"x":6.5,"y":-5},{"x":2.5,"y":-4.5},{"x":5.5,"y":-4.5},{"x":8.5,"y":-4.5},{"x":1.5,"y":-4},{"x":4.5,"y":-4},{"x":6.5,"y":-4},{"x":9.5,"y":-4},{"x":5.5,"y":-3.5},{"x":2,"y":-3},{"x":4.5,"y":-3},{"x":6.5,"y":-3},{"x":9,"y":-3},{"x":5.5,"y":-2.5},{"x":2.5,"y":-2},{"x":4.5,"y":-2},{"x":6.5,"y":-2},{"x":8.5,"y":-2},{"x":3.5,"y":-1.5},{"x":5.5,"y":-1.5},{"x":7.5,"y":-1.5},{"x":4.5,"y":-1},{"x":6.5,"y":-1},{"x":5.5,"y":-0.5}]},{"index":2,"tiles":[{"x":5.5,"y":-9.5},{"x":4.5,"y":-9},{"x":6.5,"y":-9},{"x":5.5,"y":-8.5},{"x":4.5,"y":-8},{"x":6.5,"y":-8},{"x":5.5,"y":-7.5},{"x":3.5,"y":-7},{"x":4.5,"y":-7},{"x":6.5,"y":-7},{"x":7.5,"y":-7},{"x":5.5,"y":-6.5},{"x":4.5,"y":-6},{"x":6.5,"y":-6},{"x":5.5,"y":-5.5},{"x":4.5,"y":-5},{"x":6.5,"y":-5},{"x":5.5,"y":-4.5},{"x":4.5,"y":-4},{"x":6.5,"y":-4},{"x":5.5,"y":-3.5},{"x":4.5,"y":-3},{"x":6.5,"y":-3},{"x":5.5,"y":-2.5},{"x":4.5,"y":-2},{"x":6.5,"y":-2},{"x":5.5,"y":-1.5},{"x":4.5,"y":-1},{"x":6.5,"y":-1},{"x":5.5,"y":-0.5}]}],"seeds":["IZia0Td1geRdgsFZXuc5zyeG3KcMCyQaHdQFnOYVCkeppJUJSlh8IwM6GcpwAbEo4gAe3HFGIdGIzQR6XOWBYCleW/JgXPJo4YNRiDghUyUFVVht"]},{"layers":[{"index":0,"tiles":[{"x":4,"y":-9.5},{"x":7,"y":-9.5},{"x":3,"y":-9},{"x":8,"y":-9},{"x":2,"y":-8.5},{"x":9,"y":-8.5},{"x":5,"y":-8},{"x":6,"y":-8},{"x":1.5,"y":-7.5},{"x":4,"y":-7.5},{"x":7,"y":-7.5},{"x":9.5,"y":-7.5},{"x":3,"y":-7},{"x":8,"y":-7},{"x":1,"y":-6.5},{"x":2,"y":-6.5},{"x":9,"y":-6.5},{"x":10,"y":-6.5},{"x":3,"y":-6},{"x":8,"y":-6},{"x":1.5,"y":-5.5},{"x":4,"y":-5.5},{"x":7,"y":-5.5},{"x":9.5,"y":-5.5},{"x":5,"y":-5},{"x":6,"y":-5},{"x":1.5,"y":-4.5},{"x":4,"y":-4.5},{"x":7,"y":-4.5},{"x":9.5,"y":-4.5},{"x":3,"y":-4},{"x":8,"y":-4},{"x":1,"y":-3.5},{"x":2,"y":-3.5},{"x":9,"y":-3.5},{"x":10,"y":-3.5},{"x":3,"y":-3},{"x":8,"y":-3},{"x":1.5,"y":-2.5},{"x":4,"y":-2.5},{"x":7,"y":-2.5},{"x":9.5,"y":-2.5},{"x":5,"y":-2},{"x":6,"y":-2},{"x":2,"y":-1.5},{"x":9,"y":-1.5},{"x":3,"y":-1},{"x":8,"y":-1},{"x":4,"y":-0.5},{"x":7,"y":-0.5}]},{"index":1,"tiles":[{"x":4,"y":-9.5},{"x":7,"y":-9.5},{"x":3,"y":-9},{"x":8,"y":-9},{"x":2,"y":-8.5},{"x":9,"y":-8.5},{"x":5,"y":-8},{"x":6,"y":-8},{"x":1.5,"y":-7.5},{"x":4,"y":-7.5},{"x":7,"y":-7.5},{"x":9.5,"y":-7.5},{"x":3,"y":-7},{"x":8,"y":-7},{"x":1,"y":-6.5},{"x":2,"y":-6.5},{"x":9,"y":-6.5},{"x":10,"y":-6.5},{"x":3,"y":-6},{"x":8,"y":-6},{"x":1.5,"y":-5.5},{"x":4,"y":-5.5},{"x":7,"y":-5.5},{"x":9.5,"y":-5.5},{"x":5,"y":-5},{"x":6,"y":-5},{"x":1.5,"y":-4.5},{"x":4,"y":-4.5},{"x":7,"y":-4.5},{"x":9.5,"y":-4.5},{"x":3,"y":-4},{"x":8,"y":-4},{"x":1,"y":-3.5},{"x":2,"y":-3.5},{"x":9,"y":-3.5},{"x":10,"y":-3.5},{"x":3,"y":-3},{"x":8,"y":-3},{"x":1.5,"y":-2.5},{"x":4,"y":-2.5},{"x":7,"y":-2.5},{"x":9.5,"y":-2.5},{"x":5,"y":-2},{"x":6,"y":-2},{"x":2,"y":-1.5},{"x":9,"y":-1.5},{"x":3,"y":-1},{"x":8,"y":-1},{"x":4,"y":-0.5},{"x":7,"y":-0.5}]},{"index":2,"tiles":[{"x":4,"y":-9.5},{"x":7,"y":-9.5},{"x":3,"y":-9},{"x":8,"y":-9},{"x":2,"y":-8.5},{"x":9,"y":-8.5},{"x":5,"y":-8},{"x":6,"y":-8},{"x":1.5,"y":-7.5},{"x":4,"y":-7.5},{"x":7,"y":-7.5},{"x":9.5,"y":-7.5},{"x":3,"y":-7},{"x":8,"y":-7},{"x":1,"y":-6.5},{"x":2,"y":-6.5},{"x":9,"y":-6.5},{"x":10,"y":-6.5},{"x":3,"y":-6},{"x":8,"y":-6},{"x":1.5,"y":-5.5},{"x":4,"y":-5.5},{"x":7,"y":-5.5},{"x":9.5,"y":-5.5},{"x":5,"y":-5},{"x":6,"y":-5},{"x":1.5,"y":-4.5},{"x":4,"y":-4.5},{"x":7,"y":-4.5},{"x":9.5,"y":-4.5},{"x":3,"y":-4},{"x":8,"y":-4},{"x":1,"y":-3.5},{"x":2,"y":-3.5},{"x":9,"y":-3.5},{"x":10,"y":-3.5},{"x":3,"y":-3},{"x":8,"y":-3},{"x":1.5,"y":-2.5},{"x":4,"y":-2.5},{"x":7,"y":-2.5},{"x":9.5,"y":-2.5},{"x":5,"y":-2},{"x":6,"y":-2},{"x":2,"y":-1.5},{"x":9,"y":-1.5},{"x":3,"y":-1},{"x":8,"y":-1},{"x":4,"y":-0.5},{"x":7,"y":-0.5}]}],"seeds":["E3gQTFGBA8ctBCSKVHeJhdAoWuM5otAF47IpDPmlEkZtoMcpFRdZjNh9ZVdJyHcl4sFQgxca4WRNxGdFCReAYAguSOWF4NQMQidoncGB08eFkzVkIUV0nBc8ZwMSikkMQ9BgYaaioSOK4PMtndV4kAUA"]},{"layers":[{"index":0,"tiles":[{"x":2,"y":-9},{"x":7.5,"y":-9},{"x":9,"y":-9},{"x":1,"y":-8.5},{"x":3,"y":-8.5},{"x":2,"y":-8},{"x":7,"y":-8},{"x":8.5,"y":-8},{"x":9.5,"y":-8},{"x":2,"y":-7},{"x":4.5,"y":-7},{"x":6.5,"y":-7},{"x":8,"y":-7},{"x":10,"y":-7},{"x":1.5,"y":-6},{"x":2.5,"y":-6},{"x":5,"y":-6},{"x":6,"y":-6},{"x":7.5,"y":-6},{"x":10.5,"y":-6},{"x":1,"y":-5},{"x":3,"y":-5},{"x":5.5,"y":-5},{"x":8,"y":-5},{"x":10,"y":-5},{"x":0.5,"y":-4},{"x":3.5,"y":-4},{"x":5,"y":-4},{"x":6,"y":-4},{"x":8.5,"y":-4},{"x":9.5,"y":-4},{"x":1,"y":-3},{"x":3,"y":-3},{"x":4.5,"y":-3},{"x":6.5,"y":-3},{"x":9,"y":-3},{"x":1.5,"y":-2},{"x":2.5,"y":-2},{"x":4,"y":-2},{"x":9,"y":-2},{"x":8,"y":-1.5},{"x":10,"y":-1.5},{"x":2,"y":-1},{"x":3.5,"y":-1},{"x":9,"y":-1}]},{"index":1,"tiles":[{"x":2,"y":-9},{"x":7.5,"y":-9},{"x":9,"y":-9},{"x":1,"y":-8.5},{"x":3,"y":-8.5},{"x":2,"y":-8},{"x":7,"y":-8},{"x":8.5,"y":-8},{"x":9.5,"y":-8},{"x":2,"y":-7},{"x":4.5,"y":-7},{"x":6.5,"y":-7},{"x":8,"y":-7},{"x":10,"y":-7},{"x":1.5,"y":-6},{"x":2.5,"y":-6},{"x":5,"y":-6},{"x":6,"y":-6},{"x":7.5,"y":-6},{"x":10.5,"y":-6},{"x":1,"y":-5},{"x":3,"y":-5},{"x":5.5,"y":-5},{"x":8,"y":-5},{"x":10,"y":-5},{"x":0.5,"y":-4},{"x":3.5,"y":-4},{"x":5,"y":-4},{"x":6,"y":-4},{"x":8.5,"y":-4},{"x":9.5,"y":-4},{"x":1,"y":-3},{"x":3,"y":-3},{"x":4.5,"y":-3},{"x":6.5,"y":-3},{"x":9,"y":-3},{"x":1.5,"y":-2},{"x":2.5,"y":-2},{"x":4,"y":-2},{"x":9,"y":-2},{"x":8,"y":-1.5},{"x":10,"y":-1.5},{"x":2,"y":-1},{"x":3.5,"y":-1},{"x":9,"y":-1}]},{"index":2,"tiles":[{"x":2,"y":-9},{"x":7.5,"y":-9},{"x":1,"y":-8.5},{"x":3,"y":-8.5},{"x":2,"y":-8},{"x":7,"y":-8},{"x":8.5,"y":-8},{"x":9.5,"y":-8},{"x":2,"y":-7},{"x":4.5,"y":-7},{"x":6.5,"y":-7},{"x":8,"y":-7},{"x":10,"y":-7},{"x":1.5,"y":-6},{"x":2.5,"y":-6},{"x":5,"y":-6},{"x":6,"y":-6},{"x":7.5,"y":-6},{"x":10.5,"y":-6},{"x":1,"y":-5},{"x":3,"y":-5},{"x":5.5,"y":-5},{"x":8,"y":-5},{"x":10,"y":-5},{"x":0.5,"y":-4},{"x":3.5,"y":-4},{"x":5,"y":-4},{"x":6,"y":-4},{"x":8.5,"y":-4},{"x":9.5,"y":-4},{"x":1,"y":-3},{"x":3,"y":-3},{"x":4.5,"y":-3},{"x":6.5,"y":-3},{"x":9,"y":-3},{"x":1.5,"y":-2},{"x":2.5,"y":-2},{"x":4,"y":-2},{"x":9,"y":-2},{"x":8,"y":-1.5},{"x":10,"y":-1.5},{"x":2,"y":-1},{"x":3.5,"y":-1},{"x":9,"y":-1}]},{"index":3,"tiles":[{"x":7.5,"y":-9},{"x":7,"y":-8},{"x":4.5,"y":-7},{"x":6.5,"y":-7},{"x":5,"y":-6},{"x":6,"y":-6},{"x":5,"y":-4},{"x":6,"y":-4},{"x":4.5,"y":-3},{"x":6.5,"y":-3},{"x":4,"y":-2},{"x":3.5,"y":-1}]}],"seeds":["3ZB4kIh5jVNZn8F5S9BxnOB14sFpCKWMXxQWV0eEXAEyQiGGxMcZSjV8gxgsnShCCzll52MxhTARDmeJH0iFIXiVGxhES9VIlIWJyBZcYFZpR9o0E3glIeOAoEkpEjiFAuMQqDc8XPd1iqeGHQgA"]},{"layers":[{"index":0,"tiles":[{"x":5.5,"y":-10},{"x":4.5,"y":-9.5},{"x":6.5,"y":-9.5},{"x":3.5,"y":-9},{"x":5.5,"y":-9},{"x":7.5,"y":-9},{"x":2.5,"y":-8.5},{"x":4.5,"y":-8.5},{"x":6.5,"y":-8.5},{"x":8.5,"y":-8.5},{"x":1.5,"y":-8},{"x":3.5,"y":-8},{"x":5.5,"y":-8},{"x":7.5,"y":-8},{"x":9.5,"y":-8},{"x":0.5,"y":-7.5},{"x":2.5,"y":-7.5},{"x":4.5,"y":-7.5},{"x":6.5,"y":-7.5},{"x":8.5,"y":-7.5},{"x":10.5,"y":-7.5},{"x":1.5,"y":-7},{"x":3.5,"y":-7},{"x":5.5,"y":-7},{"x":7.5,"y":-7},{"x":9.5,"y":-7},{"x":0.5,"y":-6.5},{"x":2.5,"y":-6.5},{"x":4.5,"y":-6.5},{"x":6.5,"y":-6.5},{"x":8.5,"y":-6.5},{"x":10.5,"y":-6.5},{"x":1.5,"y":-6},{"x":3.5,"y":-6},{"x":5.5,"y":-6},{"x":7.5,"y":-6},{"x":9.5,"y":-6},{"x":0.5,"y":-5.5},{"x":2.5,"y":-5.5},{"x":4.5,"y":-5.5},{"x":6.5,"y":-5.5},{"x":8.5,"y":-5.5},{"x":10.5,"y":-5.5},{"x":1.5,"y":-5},{"x":3.5,"y":-5},{"x":7.5,"y":-5},{"x":9.5,"y":-5},{"x":0.5,"y":-4.5},{"x":2.5,"y":-4.5},{"x":4.5,"y":-4.5},{"x":6.5,"y":-4.5},{"x":8.5,"y":-4.5},{"x":10.5,"y":-4.5},{"x":1.5,"y":-4},{"x":3.5,"y":-4},{"x":5.5,"y":-4},{"x":7.5,"y":-4},{"x":9.5,"y":-4},{"x":0.5,"y":-3.5},{"x":2.5,"y":-3.5},{"x":4.5,"y":-3.5},{"x":6.5,"y":-3.5},{"x":8.5,"y":-3.5},{"x":10.5,"y":-3.5},{"x":1.5,"y":-3},{"x":3.5,"y":-3},{"x":5.5,"y":-3},{"x":7.5,"y":-3},{"x":9.5,"y":-3},{"x":0.5,"y":-2.5},{"x":2.5,"y":-2.5},{"x":4.5,"y":-2.5},{"x":6.5,"y":-2.5},{"x":8.5,"y":-2.5},{"x":10.5,"y":-2.5},{"x":1.5,"y":-2},{"x":3.5,"y":-2},{"x":5.5,"y":-2},{"x":7.5,"y":-2},{"x":9.5,"y":-2},{"x":2.5,"y":-1.5},{"x":4.5,"y":-1.5},{"x":6.5,"y":-1.5},{"x":8.5,"y":-1.5},{"x":3.5,"y":-1},{"x":5.5,"y":-1},{"x":7.5,"y":-1},{"x":4.5,"y":-0.5},{"x":6.5,"y":-0.5},{"x":5.5,"y":0}]},{"index":1,"tiles":[{"x":1.5,"y":-8},{"x":5.5,"y":-8},{"x":9.5,"y":-8},{"x":4.5,"y":-7.5},{"x":6.5,"y":-7.5},{"x":1.5,"y":-7},{"x":3.5,"y":-7},{"x":5.5,"y":-7},{"x":7.5,"y":-7},{"x":9.5,"y":-7},{"x":4.5,"y":-6.5},{"x":6.5,"y":-6.5},{"x":1.5,"y":-6},{"x":3.5,"y":-6},{"x":7.5,"y":-6},{"x":9.5,"y":-6},{"x":4.5,"y":-5.5},{"x":6.5,"y":-5.5},{"x":1.5,"y":-5},{"x":3.5,"y":-5},{"x":7.5,"y":-5},{"x":9.5,"y":-5},{"x":4.5,"y":-4.5},{"x":6.5,"y":-4.5},{"x":1.5,"y":-4},{"x":3.5,"y":-4},{"x":7.5,"y":-4},{"x":9.5,"y":-4},{"x":4.5,"y":-3.5},{"x":6.5,"y":-3.5},{"x":1.5,"y":-3},{"x":3.5,"y":-3},{"x":5.5,"y":-3},{"x":7.5,"y":-3},{"x":9.5,"y":-3},{"x":4.5,"y":-2.5},{"x":6.5,"y":-2.5},{"x":1.5,"y":-2},{"x":5.5,"y":-2},{"x":9.5,"y":-2}]},{"index":2,"tiles":[{"x":5.5,"y":-8},{"x":4.5,"y":-7.5},{"x":6.5,"y":-7.5},{"x":3.5,"y":-7},{"x":7.5,"y":-7},{"x":3.5,"y":-6},{"x":7.5,"y":-6},{"x":3.5,"y":-5},{"x":7.5,"y":-5},{"x":3.5,"y":-4},{"x":7.5,"y":-4},{"x":3.5,"y":-3},{"x":7.5,"y":-3},{"x":4.5,"y":-2.5},{"x":6.5,"y":-2.5},{"x":5.5,"y":-2}]}],"seeds":["YKNwy8kdx1eFlqdGqEYFhfRhZGBaySAiwsR1SAZmmHB9FWFM4Cc64sclTPg1DsMY3tUNQ/ctYRiAIViJoCKKTcVV46SEosdQQxUkXPdYnShRURhCCQd6AmWVX+iBhcIRHLQQ2kZwndB4z5Ju4QQA"]},{"layers":[{"index":0,"tiles":[{"x":2.5,"y":-9.5},{"x":3.5,"y":-9.5},{"x":4.5,"y":-9.5},{"x":5.5,"y":-9.5},{"x":6.5,"y":-9.5},{"x":7.5,"y":-9.5},{"x":8.5,"y":-9.5},{"x":2.5,"y":-8.5},{"x":5.5,"y":-8.5},{"x":8.5,"y":-8.5},{"x":3.5,"y":-8},{"x":4.5,"y":-8},{"x":6.5,"y":-8},{"x":7.5,"y":-8},{"x":2.5,"y":-7.5},{"x":5.5,"y":-7.5},{"x":8.5,"y":-7.5},{"x":2.5,"y":-6.5},{"x":3.5,"y":-6.5},{"x":4.5,"y":-6.5},{"x":5.5,"y":-6.5},{"x":6.5,"y":-6.5},{"x":7.5,"y":-6.5},{"x":8.5,"y":-6.5},{"x":5.5,"y":-5.5},{"x":1.5,"y":-5},{"x":2.5,"y":-5},{"x":3.5,"y":-5},{"x":4.5,"y":-5},{"x":6.5,"y":-5},{"x":7.5,"y":-5},{"x":8.5,"y":-5},{"x":9.5,"y":-5},{"x":5.5,"y":-4.5},{"x":2,"y":-3.5},{"x":3,"y":-3.5},{"x":4,"y":-3.5},{"x":5,"y":-3.5},{"x":6,"y":-3.5},{"x":7,"y":-3.5},{"x":8,"y":-3.5},{"x":9,"y":-3.5},{"x":5.5,"y":-2.5},{"x":2.5,"y":-2},{"x":3.5,"y":-2},{"x":4.5,"y":-2},{"x":6.5,"y":-2},{"x":7.5,"y":-2},{"x":8.5,"y":-2},{"x":5.5,"y":-1.5},{"x":3,"y":-0.5},{"x":4,"y":-0.5},{"x":5,"y":-0.5},{"x":6,"y":-0.5},{"x":7,"y":-0.5},{"x":8,"y":-0.5}]},{"index":1,"tiles":[{"x":2.5,"y":-9.5},{"x":3.5,"y":-9.5},{"x":4.5,"y":-9.5},{"x":5.5,"y":-9.5},{"x":6.5,"y":-9.5},{"x":7.5,"y":-9.5},{"x":8.5,"y":-9.5},{"x":2.5,"y":-8.5},{"x":5.5,"y":-8.5},{"x":8.5,"y":-8.5},{"x":3.5,"y":-8},{"x":4.5,"y":-8},{"x":6.5,"y":-8},{"x":7.5,"y":-8},{"x":2.5,"y":-7.5},{"x":5.5,"y":-7.5},{"x":8.5,"y":-7.5},{"x":2.5,"y":-6.5},{"x":3.5,"y":-6.5},{"x":4.5,"y":-6.5},{"x":5.5,"y":-6.5},{"x":6.5,"y":-6.5},{"x":7.5,"y":-6.5},{"x":8.5,"y":-6.5},{"x":5.5,"y":-5.5},{"x":1.5,"y":-5},{"x":2.5,"y":-5},{"x":3.5,"y":-5},{"x":4.5,"y":-5},{"x":6.5,"y":-5},{"x":7.5,"y":-5},{"x":8.5,"y":-5},{"x":9.5,"y":-5},{"x":5.5,"y":-4.5},{"x":2,"y":-3.5},{"x":3,"y":-3.5},{"x":4,"y":-3.5},{"x":5,"y":-3.5},{"x":6,"y":-3.5},{"x":7,"y":-3.5},{"x":8,"y":-3.5},{"x":9,"y":-3.5},{"x":5.5,"y":-2.5},{"x":2.5,"y":-2},{"x":3.5,"y":-2},{"x":4.5,"y":-2},{"x":6.5,"y":-2},{"x":7.5,"y":-2},{"x":8.5,"y":-2},{"x":5.5,"y":-1.5},{"x":3,"y":-0.5},{"x":4,"y":-0.5},{"x":5,"y":-0.5},{"x":6,"y":-0.5},{"x":7,"y":-0.5},{"x":8,"y":-0.5}]}],"seeds":["Trck0rRw0yU8YChsFPZE4HSkTNF5X8NBWxgpTcJV1+KFSiaiATNYHEg4ZIYcnQmChiiKICiIGncSQfh5SlBCnAaGneCJxTdJA0YFndJ9yBIalaWO"]},{"layers":[{"index":0,"tiles":[{"x":3,"y":-8},{"x":4,"y":-8},{"x":5,"y":-8},{"x":6,"y":-8},{"x":7,"y":-8},{"x":8,"y":-8},{"x":3,"y":-7},{"x":5.5,"y":-7},{"x":8,"y":-7},{"x":3,"y":-6},{"x":5.5,"y":-6},{"x":8,"y":-6},{"x":3,"y":-5},{"x":5.5,"y":-5},{"x":8,"y":-5},{"x":3,"y":-4},{"x":5.5,"y":-4},{"x":8,"y":-4},{"x":3,"y":-3},{"x":5.5,"y":-3},{"x":8,"y":-3},{"x":3,"y":-2},{"x":4,"y":-2},{"x":5,"y":-2},{"x":6,"y":-2},{"x":7,"y":-2},{"x":8,"y":-2}]},{"index":1,"tiles":[{"x":3,"y":-8},{"x":4,"y":-8},{"x":5,"y":-8},{"x":6,"y":-8},{"x":7,"y":-8},{"x":8,"y":-8},{"x":3,"y":-7},{"x":5.5,"y":-7},{"x":8,"y":-7},{"x":3,"y":-6},{"x":5.5,"y":-6},{"x":8,"y":-6},{"x":3,"y":-5},{"x":5.5,"y":-5},{"x":8,"y":-5},{"x":3,"y":-4},{"x":5.5,"y":-4},{"x":8,"y":-4},{"x":3,"y":-3},{"x":5.5,"y":-3},{"x":8,"y":-3},{"x":3,"y":-2},{"x":4,"y":-2},{"x":5,"y":-2},{"x":6,"y":-2},{"x":7,"y":-2},{"x":8,"y":-2}]},{"index":2,"tiles":[{"x":3,"y":-8},{"x":4,"y":-8},{"x":5,"y":-8},{"x":6,"y":-8},{"x":7,"y":-8},{"x":8,"y":-8},{"x":3,"y":-7},{"x":5.5,"y":-7},{"x":8,"y":-7},{"x":3,"y":-6},{"x":5.5,"y":-6},{"x":8,"y":-6},{"x":3,"y":-5},{"x":5.5,"y":-5},{"x":8,"y":-5},{"x":3,"y":-4},{"x":5.5,"y":-4},{"x":8,"y":-4},{"x":3,"y":-3},{"x":5.5,"y":-3},{"x":8,"y":-3},{"x":3,"y":-2},{"x":4,"y":-2},{"x":5,"y":-2},{"x":6,"y":-2},{"x":7,"y":-2},{"x":8,"y":-2}]},{"index":3,"tiles":[{"x":2.5,"y":-8.5},{"x":3.5,"y":-8.5},{"x":5,"y":-8.5},{"x":6,"y":-8.5},{"x":7.5,"y":-8.5},{"x":8.5,"y":-8.5},{"x":2.5,"y":-7.5},{"x":3.5,"y":-7.5},{"x":5,"y":-7.5},{"x":6,"y":-7.5},{"x":7.5,"y":-7.5},{"x":8.5,"y":-7.5},{"x":2.5,"y":-6.5},{"x":3.5,"y":-6.5},{"x":5,"y":-6.5},{"x":6,"y":-6.5},{"x":7.5,"y":-6.5},{"x":8.5,"y":-6.5},{"x":2.5,"y":-5.5},{"x":3.5,"y":-5.5},{"x":5,"y":-5.5},{"x":6,"y":-5.5},{"x":7.5,"y":-5.5},{"x":8.5,"y":-5.5},{"x":2.5,"y":-4.5},{"x":3.5,"y":-4.5},{"x":5,"y":-4.5},{"x":6,"y":-4.5},{"x":7.5,"y":-4.5},{"x":8.5,"y":-4.5},{"x":2.5,"y":-3.5},{"x":3.5,"y":-3.5},{"x":5,"y":-3.5},{"x":6,"y":-3.5},{"x":7.5,"y":-3.5},{"x":8.5,"y":-3.5},{"x":2.5,"y":-2.5},{"x":3.5,"y":-2.5},{"x":5,"y":-2.5},{"x":6,"y":-2.5},{"x":7.5,"y":-2.5},{"x":8.5,"y":-2.5},{"x":2.5,"y":-1.5},{"x":3.5,"y":-1.5},{"x":5,"y":-1.5},{"x":6,"y":-1.5},{"x":7.5,"y":-1.5},{"x":8.5,"y":-1.5}]},{"index":4,"tiles":[{"x":4,"y":-8.5},{"x":7,"y":-8.5},{"x":3.5,"y":-7.5},{"x":4.5,"y":-7.5},{"x":6.5,"y":-7.5},{"x":7.5,"y":-7.5},{"x":3,"y":-6.5},{"x":5,"y":-6.5},{"x":6,"y":-6.5},{"x":8,"y":-6.5},{"x":2.5,"y":-5.5},{"x":8.5,"y":-5.5},{"x":5.5,"y":-5},{"x":2.5,"y":-4.5},{"x":8.5,"y":-4.5},{"x":3,"y":-3.5},{"x":5,"y":-3.5},{"x":6,"y":-3.5},{"x":8,"y":-3.5},{"x":3.5,"y":-2.5},{"x":4.5,"y":-2.5},{"x":6.5,"y":-2.5},{"x":7.5,"y":-2.5},{"x":4,"y":-1.5},{"x":7,"y":-1.5}]}],"seeds":["jPJRYvcVHKKNBdNFU2Jw0wFCzCeQkVluH+OIi1gJT9gJ0ucwikgcFyhVBuVd3JJlg6CFT8IRX9UEIBc24IdRjBqE6UYQFjiICPNhXNeJntIhAXVCIRiGIbNMzNR5ViCCYIgM4NB401B5aCh2CzM0YTiBngIA"]},{"layers":[{"index":0,"tiles":[{"x":2,"y":-8.5},{"x":4.5,"y":-8.5},{"x":7,"y":-8.5},{"x":9.5,"y":-8.5},{"x":2,"y":-7.5},{"x":3,"y":-7.5},{"x":4,"y":-7.5},{"x":7.5,"y":-7.5},{"x":8.5,"y":-7.5},{"x":9.5,"y":-7.5},{"x":2,"y":-6.5},{"x":4.5,"y":-6.5},{"x":7,"y":-6.5},{"x":9.5,"y":-6.5},{"x":4,"y":-5.5},{"x":7.5,"y":-5.5},{"x":4,"y":-4.5},{"x":7.5,"y":-4.5},{"x":2,"y":-3.5},{"x":4.5,"y":-3.5},{"x":7,"y":-3.5},{"x":9.5,"y":-3.5},{"x":2,"y":-2.5},{"x":3,"y":-2.5},{"x":4,"y":-2.5},{"x":7.5,"y":-2.5},{"x":8.5,"y":-2.5},{"x":9.5,"y":-2.5},{"x":2,"y":-1.5},{"x":4.5,"y":-1.5},{"x":7,"y":-1.5},{"x":9.5,"y":-1.5}]},{"index":1,"tiles":[{"x":2,"y":-8.5},{"x":4.5,"y":-8.5},{"x":7,"y":-8.5},{"x":9.5,"y":-8.5},{"x":2,"y":-7.5},{"x":3,"y":-7.5},{"x":4,"y":-7.5},{"x":7.5,"y":-7.5},{"x":8.5,"y":-7.5},{"x":9.5,"y":-7.5},{"x":2,"y":-6.5},{"x":4.5,"y":-6.5},{"x":7,"y":-6.5},{"x":9.5,"y":-6.5},{"x":4,"y":-5.5},{"x":7.5,"y":-5.5},{"x":4,"y":-4.5},{"x":7.5,"y":-4.5},{"x":2,"y":-3.5},{"x":4.5,"y":-3.5},{"x":7,"y":-3.5},{"x":9.5,"y":-3.5},{"x":2,"y":-2.5},{"x":3,"y":-2.5},{"x":4,"y":-2.5},{"x":7.5,"y":-2.5},{"x":8.5,"y":-2.5},{"x":9.5,"y":-2.5},{"x":2,"y":-1.5},{"x":4.5,"y":-1.5},{"x":7,"y":-1.5},{"x":9.5,"y":-1.5}]},{"index":2,"tiles":[{"x":2,"y":-8.5},{"x":4.5,"y":-8.5},{"x":7,"y":-8.5},{"x":9.5,"y":-8.5},{"x":2,"y":-7.5},{"x":4,"y":-7.5},{"x":7.5,"y":-7.5},{"x":9.5,"y":-7.5},{"x":2,"y":-6.5},{"x":4.5,"y":-6.5},{"x":7,"y":-6.5},{"x":9.5,"y":-6.5},{"x":4,"y":-5.5},{"x":7.5,"y":-5.5},{"x":4,"y":-4.5},{"x":7.5,"y":-4.5},{"x":2,"y":-3.5},{"x":4.5,"y":-3.5},{"x":7,"y":-3.5},{"x":9.5,"y":-3.5},{"x":2,"y":-2.5},{"x":4,"y":-2.5},{"x":7.5,"y":-2.5},{"x":9.5,"y":-2.5},{"x":2,"y":-1.5},{"x":4.5,"y":-1.5},{"x":7,"y":-1.5},{"x":9.5,"y":-1.5}]},{"index":3,"tiles":[{"x":2,"y":-8.5},{"x":9.5,"y":-8.5},{"x":2,"y":-7.5},{"x":9.5,"y":-7.5},{"x":2,"y":-6.5},{"x":4.5,"y":-6.5},{"x":7,"y":-6.5},{"x":9.5,"y":-6.5},{"x":4,"y":-5.5},{"x":7.5,"y":-5.5},{"x":4,"y":-4.5},{"x":7.5,"y":-4.5},{"x":2,"y":-3.5},{"x":4.5,"y":-3.5},{"x":7,"y":-3.5},{"x":9.5,"y":-3.5},{"x":2,"y":-2.5},{"x":9.5,"y":-2.5},{"x":2,"y":-1.5},{"x":9.5,"y":-1.5}]},{"index":4,"tiles":[{"x":2,"y":-8.5},{"x":9.5,"y":-8.5},{"x":2,"y":-7.5},{"x":9.5,"y":-7.5},{"x":2,"y":-6.5},{"x":9.5,"y":-6.5},{"x":2,"y":-3.5},{"x":9.5,"y":-3.5},{"x":2,"y":-2.5},{"x":9.5,"y":-2.5},{"x":2,"y":-1.5},{"x":9.5,"y":-1.5}]}],"seeds":["3nONX9o5zMIJmhRRHjFMHRYk4jBtj5JVmOaAYgMpHGgRlfUdV1Z+ZMNFXyiJz7FMJhaAW3FqnAaiEIJNlFeEUcKEAthBoheKYRg2lfGIKsR1XNApBliFHBcgShc1"]},{"layers":[{"index":0,"tiles":[{"x":4,"y":-9},{"x":5,"y":-9},{"x":6,"y":-9},{"x":7,"y":-9},{"x":3.5,"y":-8},{"x":5.5,"y":-8},{"x":7.5,"y":-8},{"x":2,"y":-7},{"x":3,"y":-7},{"x":4,"y":-7},{"x":5,"y":-7},{"x":6,"y":-7},{"x":7,"y":-7},{"x":8,"y":-7},{"x":9,"y":-7},{"x":1.5,"y":-6},{"x":3,"y":-6},{"x":4,"y":-6},{"x":5,"y":-6},{"x":6,"y":-6},{"x":7,"y":-6},{"x":8,"y":-6},{"x":9.5,"y":-6},{"x":1.5,"y":-5},{"x":3.5,"y":-5},{"x":4.5,"y":-5},{"x":5.5,"y":-5},{"x":6.5,"y":-5},{"x":7.5,"y":-5},{"x":9.5,"y":-5},{"x":1.5,"y":-4},{"x":3,"y":-4},{"x":4,"y":-4},{"x":7,"y":-4},{"x":8,"y":-4},{"x":9.5,"y":-4},{"x":2,"y":-3},{"x":3.5,"y":-3},{"x":5.5,"y":-3},{"x":7.5,"y":-3},{"x":9,"y":-3},{"x":2.5,"y":-2},{"x":4,"y":-2},{"x":7,"y":-2},{"x":8.5,"y":-2},{"x":3.5,"y":-1},{"x":4.5,"y":-1},{"x":5.5,"y":-1},{"x":6.5,"y":-1},{"x":7.5,"y":-1}]},{"index":1,"tiles":[{"x":4,"y":-9},{"x":5,"y":-9},{"x":6,"y":-9},{"x":7,"y":-9},{"x":3.5,"y":-8},{"x":5.5,"y":-8},{"x":7.5,"y":-8},{"x":2,"y":-7},{"x":3,"y":-7},{"x":4,"y":-7},{"x":5,"y":-7},{"x":6,"y":-7},{"x":7,"y":-7},{"x":8,"y":-7},{"x":9,"y":-7},{"x":1.5,"y":-6},{"x":3,"y":-6},{"x":4,"y":-6},{"x":5,"y":-6},{"x":6,"y":-6},{"x":7,"y":-6},{"x":8,"y":-6},{"x":9.5,"y":-6},{"x":2,"y":-5},{"x":3.5,"y":-5},{"x":4.5,"y":-5},{"x":5.5,"y":-5},{"x":6.5,"y":-5},{"x":7.5,"y":-5},{"x":9,"y":-5},{"x":1.5,"y":-4},{"x":3,"y":-4},{"x":4,"y":-4},{"x":7,"y":-4},{"x":8,"y":-4},{"x":9.5,"y":-4},{"x":2,"y":-3},{"x":3.5,"y":-3},{"x":5.5,"y":-3},{"x":7.5,"y":-3},{"x":9,"y":-3},{"x":2.5,"y":-2},{"x":4,"y":-2},{"x":7,"y":-2},{"x":8.5,"y":-2},{"x":3.5,"y":-1},{"x":4.5,"y":-1},{"x":5.5,"y":-1},{"x":6.5,"y":-1},{"x":7.5,"y":-1}]},{"index":2,"tiles":[{"x":4,"y":-9},{"x":5,"y":-9},{"x":6,"y":-9},{"x":7,"y":-9},{"x":3.5,"y":-8},{"x":5.5,"y":-8},{"x":7.5,"y":-8},{"x":2,"y":-7},{"x":3,"y":-7},{"x":4,"y":-7},{"x":5,"y":-7},{"x":6,"y":-7},{"x":7,"y":-7},{"x":8,"y":-7},{"x":9,"y":-7},{"x":1.5,"y":-6},{"x":3,"y":-6},{"x":4,"y":-6},{"x":5,"y":-6},{"x":6,"y":-6},{"x":7,"y":-6},{"x":8,"y":-6},{"x":9.5,"y":-6},{"x":1.5,"y":-5},{"x":3.5,"y":-5},{"x":4.5,"y":-5},{"x":5.5,"y":-5},{"x":6.5,"y":-5},{"x":7.5,"y":-5},{"x":9.5,"y":-5},{"x":1.5,"y":-4},{"x":3,"y":-4},{"x":4,"y":-4},{"x":7,"y":-4},{"x":8,"y":-4},{"x":9.5,"y":-4},{"x":2,"y":-3},{"x":3.5,"y":-3},{"x":5.5,"y":-3},{"x":7.5,"y":-3},{"x":9,"y":-3},{"x":2.5,"y":-2},{"x":4,"y":-2},{"x":7,"y":-2},{"x":8.5,"y":-2},{"x":3.5,"y":-1},{"x":4.5,"y":-1},{"x":5.5,"y":-1},{"x":6.5,"y":-1},{"x":7.5,"y":-1}]}],"seeds":["IRduYQUSRvac1CZWHNGEniM6YTKRYClNoyUigccRHWh9EBgKSDcMX2hp4tIxFCcsn5eKYgAOR4RB4FBY16KIIMdglaJyBqM9X+V0jfeAYWcuhQRSR1cIBXdFnxh6AfMJTaA0CncRVNaBTog+U+dNyQUA"]},{"layers":[{"index":0,"tiles":[{"x":2.5,"y":-8.5},{"x":4.5,"y":-8.5},{"x":6.5,"y":-8.5},{"x":8.5,"y":-8.5},{"x":1.5,"y":-7.5},{"x":2.5,"y":-7.5},{"x":5.5,"y":-7.5},{"x":8.5,"y":-7.5},{"x":9.5,"y":-7.5},{"x":1.5,"y":-6},{"x":4.5,"y":-6},{"x":5.5,"y":-6},{"x":6.5,"y":-6},{"x":9.5,"y":-6},{"x":2.5,"y":-5},{"x":4.5,"y":-5},{"x":6.5,"y":-5},{"x":8.5,"y":-5},{"x":1.5,"y":-4},{"x":4.5,"y":-4},{"x":5.5,"y":-4},{"x":6.5,"y":-4},{"x":9.5,"y":-4},{"x":1.5,"y":-2.5},{"x":2.5,"y":-2.5},{"x":5.5,"y":-2.5},{"x":8.5,"y":-2.5},{"x":9.5,"y":-2.5},{"x":2.5,"y":-1.5},{"x":4.5,"y":-1.5},{"x":6.5,"y":-1.5},{"x":8.5,"y":-1.5}]},{"index":1,"tiles":[{"x":2.5,"y":-8.5},{"x":4.5,"y":-8.5},{"x":6.5,"y":-8.5},{"x":8.5,"y":-8.5},{"x":1.5,"y":-7.5},{"x":2.5,"y":-7.5},{"x":5.5,"y":-7.5},{"x":8.5,"y":-7.5},{"x":9.5,"y":-7.5},{"x":1.5,"y":-6},{"x":4.5,"y":-6},{"x":5.5,"y":-6},{"x":6.5,"y":-6},{"x":9.5,"y":-6},{"x":2.5,"y":-5},{"x":4.5,"y":-5},{"x":6.5,"y":-5},{"x":8.5,"y":-5},{"x":1.5,"y":-4},{"x":4.5,"y":-4},{"x":5.5,"y":-4},{"x":6.5,"y":-4},{"x":9.5,"y":-4},{"x":1.5,"y":-2.5},{"x":2.5,"y":-2.5},{"x":5.5,"y":-2.5},{"x":8.5,"y":-2.5},{"x":9.5,"y":-2.5},{"x":2.5,"y":-1.5},{"x":4.5,"y":-1.5},{"x":6.5,"y":-1.5},{"x":8.5,"y":-1.5}]},{"index":2,"tiles":[{"x":2.5,"y":-8.5},{"x":4.5,"y":-8.5},{"x":6.5,"y":-8.5},{"x":8.5,"y":-8.5},{"x":1.5,"y":-7.5},{"x":2.5,"y":-7.5},{"x":5.5,"y":-7.5},{"x":8.5,"y":-7.5},{"x":9.5,"y":-7.5},{"x":1.5,"y":-6},{"x":4.5,"y":-6},{"x":5.5,"y":-6},{"x":6.5,"y":-6},{"x":9.5,"y":-6},{"x":2.5,"y":-5},{"x":4.5,"y":-5},{"x":6.5,"y":-5},{"x":8.5,"y":-5},{"x":1.5,"y":-4},{"x":4.5,"y":-4},{"x":5.5,"y":-4},{"x":6.5,"y":-4},{"x":9.5,"y":-4},{"x":1.5,"y":-2.5},{"x":2.5,"y":-2.5},{"x":5.5,"y":-2.5},{"x":8.5,"y":-2.5},{"x":9.5,"y":-2.5},{"x":2.5,"y":-1.5},{"x":4.5,"y":-1.5},{"x":6.5,"y":-1.5},{"x":8.5,"y":-1.5}]}],"seeds":["geAdFQiJhXdN2aKcwgSCW+FdX+mAXUZgD8dpBgUmIJOK4mBFSmVxlDF8nxg64aZ6zBh1YRCSyBFyBIY2IZdIkNY9S2Ny0tch"]}]]],0,0,[],[],[]]
