<?xml version="1.0" encoding="UTF-8"?><font><info face="NotoSansSC-Black" size="30" bold="0" italic="0" charset="" unicode="1" stretchH="100" smooth="1" aa="1" padding="1,1,1,1" spacing="1,1"/><common lineHeight="30" base="35" scaleW="496" scaleH="496" pages="1" packed="0"/><pages><page id="0" file="NotoZh-Black-Red-Stroke.png"/></pages><chars count="193"><char id="32" x="0" y="0" width="0" height="0" xoffset="3" yoffset="0" xadvance="9" page="0" chnl="15"/><char id="33" x="479" y="246" width="17" height="34" xoffset="1" yoffset="7" xadvance="14" page="0" chnl="15"/><char id="34" x="386" y="468" width="25" height="23" xoffset="1" yoffset="6" xadvance="21" page="0" chnl="15"/><char id="35" x="309" y="434" width="27" height="33" xoffset="0" yoffset="7" xadvance="21" page="0" chnl="15"/><char id="36" x="211" y="0" width="25" height="40" xoffset="0" yoffset="4" xadvance="21" page="0" chnl="15"/><char id="37" x="397" y="364" width="38" height="34" xoffset="0" yoffset="7" xadvance="32" page="0" chnl="15"/><char id="38" x="461" y="364" width="32" height="34" xoffset="0" yoffset="7" xadvance="26" page="0" chnl="15"/><char id="39" x="412" y="468" width="16" height="23" xoffset="1" yoffset="6" xadvance="13" page="0" chnl="15"/><char id="40" x="37" y="0" width="18" height="41" xoffset="1" yoffset="5" xadvance="14" page="0" chnl="15"/><char id="41" x="56" y="0" width="18" height="41" xoffset="1" yoffset="5" xadvance="14" page="0" chnl="15"/><char id="42" x="307" y="468" width="24" height="24" xoffset="0" yoffset="5" xadvance="18" page="0" chnl="15"/><char id="43" x="280" y="468" width="26" height="27" xoffset="0" yoffset="10" xadvance="21" page="0" chnl="15"/><char id="44" x="477" y="16" width="17" height="23" xoffset="1" yoffset="24" xadvance="13" page="0" chnl="15"/><char id="45" x="477" y="0" width="19" height="15" xoffset="0" yoffset="19" xadvance="14" page="0" chnl="15"/><char id="46" x="429" y="468" width="17" height="17" xoffset="1" yoffset="24" xadvance="13" page="0" chnl="15"/><char id="47" x="75" y="0" width="21" height="41" xoffset="-1" yoffset="5" xadvance="14" page="0" chnl="15"/><char id="48" x="56" y="364" width="26" height="34" xoffset="0" yoffset="7" xadvance="21" page="0" chnl="15"/><char id="49" x="0" y="400" width="25" height="33" xoffset="1" yoffset="7" xadvance="21" page="0" chnl="15"/><char id="50" x="26" y="400" width="26" height="33" xoffset="0" yoffset="7" xadvance="21" page="0" chnl="15"/><char id="51" x="83" y="364" width="26" height="34" xoffset="0" yoffset="7" xadvance="21" page="0" chnl="15"/><char id="52" x="53" y="400" width="28" height="33" xoffset="-1" yoffset="7" xadvance="21" page="0" chnl="15"/><char id="53" x="110" y="364" width="27" height="34" xoffset="-1" yoffset="7" xadvance="21" page="0" chnl="15"/><char id="54" x="82" y="400" width="26" height="33" xoffset="0" yoffset="7" xadvance="21" page="0" chnl="15"/><char id="55" x="109" y="400" width="26" height="33" xoffset="0" yoffset="7" xadvance="21" page="0" chnl="15"/><char id="56" x="138" y="364" width="26" height="34" xoffset="0" yoffset="7" xadvance="21" page="0" chnl="15"/><char id="57" x="136" y="400" width="26" height="33" xoffset="0" yoffset="7" xadvance="21" page="0" chnl="15"/><char id="58" x="143" y="468" width="17" height="28" xoffset="1" yoffset="13" xadvance="13" page="0" chnl="15"/><char id="59" x="475" y="325" width="17" height="34" xoffset="1" yoffset="13" xadvance="13" page="0" chnl="15"/><char id="61" x="359" y="468" width="26" height="23" xoffset="0" yoffset="12" xadvance="21" page="0" chnl="15"/><char id="63" x="436" y="364" width="24" height="34" xoffset="0" yoffset="6" xadvance="19" page="0" chnl="15"/><char id="64" x="277" y="0" width="39" height="39" xoffset="0" yoffset="7" xadvance="34" page="0" chnl="15"/><char id="65" x="187" y="400" width="31" height="33" xoffset="-2" yoffset="7" xadvance="22" page="0" chnl="15"/><char id="66" x="219" y="400" width="28" height="33" xoffset="1" yoffset="7" xadvance="23" page="0" chnl="15"/><char id="67" x="277" y="364" width="29" height="34" xoffset="0" yoffset="7" xadvance="23" page="0" chnl="15"/><char id="68" x="248" y="400" width="29" height="33" xoffset="1" yoffset="7" xadvance="24" page="0" chnl="15"/><char id="69" x="278" y="400" width="25" height="33" xoffset="1" yoffset="7" xadvance="21" page="0" chnl="15"/><char id="70" x="304" y="400" width="25" height="33" xoffset="1" yoffset="7" xadvance="21" page="0" chnl="15"/><char id="71" x="307" y="364" width="29" height="34" xoffset="0" yoffset="7" xadvance="24" page="0" chnl="15"/><char id="72" x="330" y="400" width="29" height="33" xoffset="1" yoffset="7" xadvance="26" page="0" chnl="15"/><char id="73" x="480" y="202" width="16" height="33" xoffset="1" yoffset="7" xadvance="13" page="0" chnl="15"/><char id="74" x="360" y="400" width="26" height="33" xoffset="-1" yoffset="7" xadvance="20" page="0" chnl="15"/><char id="75" x="387" y="400" width="30" height="33" xoffset="1" yoffset="7" xadvance="24" page="0" chnl="15"/><char id="76" x="418" y="400" width="25" height="33" xoffset="1" yoffset="7" xadvance="20" page="0" chnl="15"/><char id="77" x="444" y="400" width="32" height="33" xoffset="1" yoffset="7" xadvance="29" page="0" chnl="15"/><char id="78" x="0" y="434" width="29" height="33" xoffset="1" yoffset="7" xadvance="25" page="0" chnl="15"/><char id="79" x="337" y="364" width="31" height="34" xoffset="0" yoffset="7" xadvance="26" page="0" chnl="15"/><char id="80" x="30" y="434" width="28" height="33" xoffset="1" yoffset="7" xadvance="23" page="0" chnl="15"/><char id="81" x="178" y="0" width="32" height="40" xoffset="0" yoffset="7" xadvance="26" page="0" chnl="15"/><char id="82" x="59" y="434" width="29" height="33" xoffset="1" yoffset="7" xadvance="24" page="0" chnl="15"/><char id="83" x="369" y="364" width="27" height="34" xoffset="0" yoffset="7" xadvance="22" page="0" chnl="15"/><char id="84" x="89" y="434" width="29" height="33" xoffset="-1" yoffset="7" xadvance="22" page="0" chnl="15"/><char id="85" x="119" y="434" width="29" height="33" xoffset="1" yoffset="7" xadvance="25" page="0" chnl="15"/><char id="86" x="149" y="434" width="31" height="33" xoffset="-2" yoffset="7" xadvance="22" page="0" chnl="15"/><char id="87" x="181" y="434" width="38" height="33" xoffset="-1" yoffset="7" xadvance="31" page="0" chnl="15"/><char id="88" x="220" y="434" width="29" height="33" xoffset="-1" yoffset="7" xadvance="22" page="0" chnl="15"/><char id="89" x="250" y="434" width="30" height="33" xoffset="-2" yoffset="7" xadvance="21" page="0" chnl="15"/><char id="90" x="281" y="434" width="27" height="33" xoffset="0" yoffset="7" xadvance="21" page="0" chnl="15"/><char id="91" x="139" y="0" width="19" height="41" xoffset="1" yoffset="5" xadvance="14" page="0" chnl="15"/><char id="93" x="159" y="0" width="18" height="41" xoffset="0" yoffset="5" xadvance="14" page="0" chnl="15"/><char id="94" x="332" y="468" width="26" height="24" xoffset="0" yoffset="7" xadvance="21" page="0" chnl="15"/><char id="95" x="467" y="434" width="27" height="13" xoffset="-1" yoffset="32" xadvance="20" page="0" chnl="15"/><char id="97" x="361" y="434" width="26" height="29" xoffset="0" yoffset="12" xadvance="21" page="0" chnl="15"/><char id="98" x="165" y="364" width="27" height="34" xoffset="1" yoffset="6" xadvance="22" page="0" chnl="15"/><char id="99" x="388" y="434" width="25" height="29" xoffset="0" yoffset="12" xadvance="19" page="0" chnl="15"/><char id="100" x="395" y="325" width="27" height="35" xoffset="0" yoffset="6" xadvance="22" page="0" chnl="15"/><char id="101" x="414" y="434" width="26" height="29" xoffset="0" yoffset="12" xadvance="20" page="0" chnl="15"/><char id="102" x="423" y="325" width="23" height="35" xoffset="-1" yoffset="5" xadvance="14" page="0" chnl="15"/><char id="103" x="447" y="325" width="27" height="35" xoffset="0" yoffset="12" xadvance="21" page="0" chnl="15"/><char id="104" x="193" y="364" width="26" height="34" xoffset="1" yoffset="6" xadvance="22" page="0" chnl="15"/><char id="105" x="480" y="166" width="16" height="35" xoffset="1" yoffset="5" xadvance="12" page="0" chnl="15"/><char id="106" x="16" y="0" width="20" height="42" xoffset="-3" yoffset="5" xadvance="12" page="0" chnl="15"/><char id="107" x="220" y="364" width="27" height="34" xoffset="1" yoffset="6" xadvance="22" page="0" chnl="15"/><char id="108" x="477" y="86" width="18" height="35" xoffset="1" yoffset="6" xadvance="12" page="0" chnl="15"/><char id="109" x="0" y="468" width="36" height="28" xoffset="1" yoffset="12" xadvance="32" page="0" chnl="15"/><char id="110" x="37" y="468" width="26" height="28" xoffset="1" yoffset="12" xadvance="22" page="0" chnl="15"/><char id="111" x="64" y="468" width="27" height="28" xoffset="0" yoffset="12" xadvance="22" page="0" chnl="15"/><char id="112" x="0" y="364" width="27" height="35" xoffset="1" yoffset="12" xadvance="22" page="0" chnl="15"/><char id="113" x="28" y="364" width="27" height="35" xoffset="0" yoffset="12" xadvance="22" page="0" chnl="15"/><char id="114" x="92" y="468" width="22" height="28" xoffset="1" yoffset="12" xadvance="16" page="0" chnl="15"/><char id="115" x="441" y="434" width="25" height="29" xoffset="-1" yoffset="12" xadvance="18" page="0" chnl="15"/><char id="116" x="163" y="400" width="23" height="33" xoffset="-1" yoffset="8" xadvance="16" page="0" chnl="15"/><char id="117" x="115" y="468" width="27" height="28" xoffset="0" yoffset="13" xadvance="22" page="0" chnl="15"/><char id="118" x="161" y="468" width="28" height="27" xoffset="-1" yoffset="13" xadvance="21" page="0" chnl="15"/><char id="119" x="190" y="468" width="35" height="27" xoffset="0" yoffset="13" xadvance="29" page="0" chnl="15"/><char id="120" x="226" y="468" width="27" height="27" xoffset="-1" yoffset="13" xadvance="20" page="0" chnl="15"/><char id="121" x="248" y="364" width="28" height="34" xoffset="-1" yoffset="13" xadvance="21" page="0" chnl="15"/><char id="122" x="254" y="468" width="25" height="27" xoffset="0" yoffset="13" xadvance="18" page="0" chnl="15"/><char id="123" x="97" y="0" width="20" height="41" xoffset="0" yoffset="5" xadvance="14" page="0" chnl="15"/><char id="124" x="0" y="0" width="15" height="45" xoffset="1" yoffset="4" xadvance="12" page="0" chnl="15"/><char id="125" x="118" y="0" width="20" height="41" xoffset="0" yoffset="5" xadvance="14" page="0" chnl="15"/><char id="19968" x="447" y="468" width="38" height="15" xoffset="0" yoffset="16" xadvance="32" page="0" chnl="15"/><char id="19981" x="356" y="325" width="38" height="37" xoffset="0" yoffset="6" xadvance="32" page="0" chnl="15"/><char id="20004" x="280" y="325" width="38" height="37" xoffset="0" yoffset="6" xadvance="32" page="0" chnl="15"/><char id="20013" x="0" y="246" width="36" height="39" xoffset="1" yoffset="4" xadvance="32" page="0" chnl="15"/><char id="20081" x="436" y="86" width="40" height="39" xoffset="-1" yoffset="4" xadvance="32" page="0" chnl="15"/><char id="20102" x="319" y="325" width="36" height="37" xoffset="1" yoffset="6" xadvance="32" page="0" chnl="15"/><char id="20197" x="81" y="325" width="39" height="38" xoffset="0" yoffset="5" xadvance="32" page="0" chnl="15"/><char id="20320" x="198" y="246" width="39" height="39" xoffset="-1" yoffset="4" xadvance="32" page="0" chnl="15"/><char id="20572" x="159" y="46" width="40" height="39" xoffset="-1" yoffset="4" xadvance="32" page="0" chnl="15"/><char id="20813" x="240" y="126" width="39" height="39" xoffset="-1" yoffset="4" xadvance="32" page="0" chnl="15"/><char id="20851" x="436" y="0" width="40" height="39" xoffset="-1" yoffset="4" xadvance="32" page="0" chnl="15"/><char id="20987" x="200" y="166" width="38" height="39" xoffset="0" yoffset="4" xadvance="32" page="0" chnl="15"/><char id="21033" x="199" y="86" width="38" height="39" xoffset="-1" yoffset="4" xadvance="32" page="0" chnl="15"/><char id="21040" x="39" y="86" width="38" height="39" xoffset="0" yoffset="4" xadvance="32" page="0" chnl="15"/><char id="21069" x="80" y="166" width="38" height="39" xoffset="0" yoffset="4" xadvance="32" page="0" chnl="15"/><char id="21152" x="402" y="206" width="38" height="39" xoffset="-1" yoffset="4" xadvance="32" page="0" chnl="15"/><char id="21169" x="158" y="246" width="39" height="39" xoffset="-1" yoffset="4" xadvance="32" page="0" chnl="15"/><char id="21345" x="0" y="46" width="38" height="39" xoffset="0" yoffset="4" xadvance="32" page="0" chnl="15"/><char id="21363" x="200" y="286" width="38" height="38" xoffset="0" yoffset="5" xadvance="32" page="0" chnl="15"/><char id="21385" x="396" y="286" width="39" height="38" xoffset="-1" yoffset="5" xadvance="32" page="0" chnl="15"/><char id="21451" x="363" y="46" width="39" height="39" xoffset="-1" yoffset="4" xadvance="32" page="0" chnl="15"/><char id="21462" x="41" y="325" width="39" height="38" xoffset="0" yoffset="5" xadvance="32" page="0" chnl="15"/><char id="21478" x="277" y="286" width="37" height="38" xoffset="0" yoffset="5" xadvance="32" page="0" chnl="15"/><char id="21487" x="241" y="325" width="38" height="37" xoffset="0" yoffset="6" xadvance="32" page="0" chnl="15"/><char id="21518" x="358" y="166" width="40" height="39" xoffset="-1" yoffset="4" xadvance="32" page="0" chnl="15"/><char id="21578" x="238" y="246" width="38" height="39" xoffset="0" yoffset="4" xadvance="32" page="0" chnl="15"/><char id="22270" x="239" y="286" width="37" height="38" xoffset="0" yoffset="5" xadvance="32" page="0" chnl="15"/><char id="22312" x="444" y="126" width="39" height="39" xoffset="-1" yoffset="4" xadvance="32" page="0" chnl="15"/><char id="22359" x="356" y="0" width="39" height="39" xoffset="-1" yoffset="4" xadvance="32" page="0" chnl="15"/><char id="22797" x="78" y="86" width="39" height="39" xoffset="-1" yoffset="4" xadvance="32" page="0" chnl="15"/><char id="22806" x="0" y="206" width="40" height="39" xoffset="-1" yoffset="4" xadvance="32" page="0" chnl="15"/><char id="22826" x="282" y="206" width="40" height="39" xoffset="-1" yoffset="4" xadvance="32" page="0" chnl="15"/><char id="22833" x="403" y="46" width="40" height="39" xoffset="-1" yoffset="4" xadvance="32" page="0" chnl="15"/><char id="22870" x="118" y="246" width="39" height="39" xoffset="0" yoffset="4" xadvance="32" page="0" chnl="15"/><char id="22909" x="322" y="46" width="40" height="39" xoffset="-1" yoffset="4" xadvance="32" page="0" chnl="15"/><char id="22987" x="281" y="46" width="40" height="39" xoffset="-1" yoffset="4" xadvance="32" page="0" chnl="15"/><char id="23450" x="81" y="206" width="39" height="39" xoffset="-1" yoffset="4" xadvance="32" page="0" chnl="15"/><char id="23475" x="323" y="206" width="38" height="39" xoffset="0" yoffset="4" xadvance="32" page="0" chnl="15"/><char id="23545" x="396" y="0" width="39" height="39" xoffset="0" yoffset="4" xadvance="32" page="0" chnl="15"/><char id="23558" x="440" y="166" width="39" height="39" xoffset="-1" yoffset="4" xadvance="32" page="0" chnl="15"/><char id="23616" x="356" y="286" width="39" height="38" xoffset="-1" yoffset="5" xadvance="32" page="0" chnl="15"/><char id="24067" x="121" y="206" width="39" height="39" xoffset="-1" yoffset="4" xadvance="32" page="0" chnl="15"/><char id="24182" x="317" y="86" width="38" height="39" xoffset="0" yoffset="4" xadvance="32" page="0" chnl="15"/><char id="24191" x="237" y="0" width="39" height="40" xoffset="-1" yoffset="4" xadvance="32" page="0" chnl="15"/><char id="24207" x="79" y="126" width="39" height="39" xoffset="-1" yoffset="4" xadvance="32" page="0" chnl="15"/><char id="24320" x="121" y="325" width="38" height="37" xoffset="0" yoffset="6" xadvance="32" page="0" chnl="15"/><char id="24377" x="200" y="126" width="39" height="39" xoffset="0" yoffset="4" xadvance="32" page="0" chnl="15"/><char id="24471" x="277" y="86" width="39" height="39" xoffset="-1" yoffset="4" xadvance="32" page="0" chnl="15"/><char id="24605" x="436" y="286" width="38" height="38" xoffset="0" yoffset="5" xadvance="32" page="0" chnl="15"/><char id="25152" x="80" y="286" width="40" height="38" xoffset="-1" yoffset="5" xadvance="32" page="0" chnl="15"/><char id="25171" x="396" y="86" width="39" height="39" xoffset="0" yoffset="4" xadvance="32" page="0" chnl="15"/><char id="25265" x="37" y="246" width="39" height="39" xoffset="-1" yoffset="4" xadvance="32" page="0" chnl="15"/><char id="25773" x="277" y="246" width="40" height="39" xoffset="-1" yoffset="4" xadvance="32" page="0" chnl="15"/><char id="25918" x="318" y="246" width="40" height="39" xoffset="-1" yoffset="4" xadvance="32" page="0" chnl="15"/><char id="26032" x="240" y="46" width="40" height="39" xoffset="-1" yoffset="4" xadvance="32" page="0" chnl="15"/><char id="26041" x="317" y="0" width="38" height="39" xoffset="0" yoffset="4" xadvance="32" page="0" chnl="15"/><char id="26102" x="444" y="46" width="39" height="39" xoffset="0" yoffset="4" xadvance="32" page="0" chnl="15"/><char id="26174" x="160" y="325" width="40" height="37" xoffset="-1" yoffset="5" xadvance="32" page="0" chnl="15"/><char id="26242" x="120" y="46" width="38" height="39" xoffset="0" yoffset="4" xadvance="32" page="0" chnl="15"/><char id="26377" x="0" y="126" width="39" height="39" xoffset="-1" yoffset="4" xadvance="32" page="0" chnl="15"/><char id="26463" x="40" y="166" width="39" height="39" xoffset="-1" yoffset="4" xadvance="32" page="0" chnl="15"/><char id="26469" x="239" y="166" width="39" height="39" xoffset="-1" yoffset="4" xadvance="32" page="0" chnl="15"/><char id="26631" x="119" y="166" width="40" height="39" xoffset="-1" yoffset="4" xadvance="32" page="0" chnl="15"/><char id="26834" x="241" y="206" width="40" height="39" xoffset="-1" yoffset="4" xadvance="32" page="0" chnl="15"/><char id="27465" x="77" y="246" width="40" height="39" xoffset="-1" yoffset="4" xadvance="32" page="0" chnl="15"/><char id="27809" x="0" y="325" width="40" height="38" xoffset="-1" yoffset="5" xadvance="32" page="0" chnl="15"/><char id="27963" x="118" y="86" width="39" height="39" xoffset="0" yoffset="4" xadvance="32" page="0" chnl="15"/><char id="28040" x="356" y="86" width="39" height="39" xoffset="-1" yoffset="4" xadvance="32" page="0" chnl="15"/><char id="28779" x="279" y="166" width="38" height="39" xoffset="0" yoffset="4" xadvance="32" page="0" chnl="15"/><char id="28781" x="39" y="286" width="40" height="38" xoffset="-1" yoffset="5" xadvance="32" page="0" chnl="15"/><char id="28856" x="159" y="126" width="40" height="39" xoffset="-1" yoffset="4" xadvance="32" page="0" chnl="15"/><char id="28857" x="160" y="166" width="39" height="39" xoffset="-1" yoffset="4" xadvance="32" page="0" chnl="15"/><char id="29190" x="321" y="126" width="40" height="39" xoffset="-1" yoffset="4" xadvance="32" page="0" chnl="15"/><char id="30340" x="40" y="126" width="38" height="39" xoffset="0" yoffset="4" xadvance="32" page="0" chnl="15"/><char id="30495" x="202" y="206" width="38" height="39" xoffset="0" yoffset="4" xadvance="32" page="0" chnl="15"/><char id="30768" x="315" y="286" width="40" height="38" xoffset="-1" yoffset="5" xadvance="32" page="0" chnl="15"/><char id="30830" x="41" y="206" width="39" height="39" xoffset="-1" yoffset="4" xadvance="32" page="0" chnl="15"/><char id="31034" x="201" y="325" width="39" height="37" xoffset="-1" yoffset="6" xadvance="32" page="0" chnl="15"/><char id="31435" x="161" y="286" width="38" height="38" xoffset="0" yoffset="4" xadvance="32" page="0" chnl="15"/><char id="31661" x="318" y="166" width="39" height="39" xoffset="-1" yoffset="4" xadvance="32" page="0" chnl="15"/><char id="32467" x="0" y="166" width="39" height="39" xoffset="-1" yoffset="4" xadvance="32" page="0" chnl="15"/><char id="32487" x="399" y="246" width="40" height="38" xoffset="-1" yoffset="4" xadvance="32" page="0" chnl="15"/><char id="32493" x="200" y="46" width="39" height="39" xoffset="-1" yoffset="4" xadvance="32" page="0" chnl="15"/><char id="32988" x="158" y="86" width="40" height="39" xoffset="-1" yoffset="4" xadvance="32" page="0" chnl="15"/><char id="33719" x="238" y="86" width="38" height="39" xoffset="0" yoffset="4" xadvance="32" page="0" chnl="15"/><char id="35758" x="362" y="206" width="39" height="39" xoffset="0" yoffset="4" xadvance="32" page="0" chnl="15"/><char id="35831" x="79" y="46" width="40" height="39" xoffset="-1" yoffset="4" xadvance="32" page="0" chnl="15"/><char id="36133" x="0" y="286" width="38" height="38" xoffset="0" yoffset="5" xadvance="32" page="0" chnl="15"/><char id="36153" x="280" y="126" width="40" height="39" xoffset="-1" yoffset="4" xadvance="32" page="0" chnl="15"/><char id="36339" x="362" y="126" width="40" height="39" xoffset="-1" yoffset="4" xadvance="32" page="0" chnl="15"/><char id="36733" x="441" y="206" width="38" height="39" xoffset="0" yoffset="4" xadvance="32" page="0" chnl="15"/><char id="36807" x="403" y="126" width="40" height="39" xoffset="-1" yoffset="4" xadvance="32" page="0" chnl="15"/><char id="36824" x="399" y="166" width="40" height="39" xoffset="-1" yoffset="4" xadvance="32" page="0" chnl="15"/><char id="36830" x="161" y="206" width="40" height="39" xoffset="-1" yoffset="4" xadvance="32" page="0" chnl="15"/><char id="36992" x="39" y="46" width="39" height="39" xoffset="0" yoffset="4" xadvance="32" page="0" chnl="15"/><char id="37197" x="359" y="246" width="39" height="38" xoffset="0" yoffset="5" xadvance="32" page="0" chnl="15"/><char id="37325" x="440" y="246" width="38" height="38" xoffset="0" yoffset="4" xadvance="32" page="0" chnl="15"/><char id="38388" x="0" y="86" width="38" height="39" xoffset="0" yoffset="4" xadvance="32" page="0" chnl="15"/><char id="38500" x="119" y="126" width="39" height="39" xoffset="0" yoffset="4" xadvance="32" page="0" chnl="15"/><char id="39034" x="121" y="286" width="39" height="38" xoffset="-1" yoffset="5" xadvance="32" page="0" chnl="15"/><char id="65281" x="477" y="400" width="17" height="33" xoffset="3" yoffset="7" xadvance="32" page="0" chnl="15"/><char id="65292" x="475" y="286" width="18" height="22" xoffset="4" yoffset="23" xadvance="32" page="0" chnl="15"/><char id="65311" x="337" y="434" width="23" height="33" xoffset="0" yoffset="7" xadvance="32" page="0" chnl="15"/></chars><kernings count="519"><kerning first="97" second="116" amount="-1"/><kerning first="97" second="84" amount="-1"/><kerning first="97" second="86" amount="-1"/><kerning first="97" second="89" amount="-1"/><kerning first="97" second="63" amount="-1"/><kerning first="97" second="42" amount="-1"/><kerning first="98" second="116" amount="-1"/><kerning first="98" second="120" amount="-1"/><kerning first="98" second="84" amount="-2"/><kerning first="98" second="86" amount="-1"/><kerning first="98" second="89" amount="-2"/><kerning first="98" second="63" amount="-1"/><kerning first="99" second="99" amount="-1"/><kerning first="99" second="100" amount="-1"/><kerning first="99" second="101" amount="-1"/><kerning first="99" second="111" amount="-1"/><kerning first="99" second="113" amount="-1"/><kerning first="99" second="84" amount="-1"/><kerning first="99" second="86" amount="-1"/><kerning first="99" second="89" amount="-1"/><kerning first="99" second="45" amount="-1"/><kerning first="101" second="120" amount="-1"/><kerning first="101" second="74" amount="-1"/><kerning first="101" second="83" amount="-1"/><kerning first="101" second="84" amount="-1"/><kerning first="101" second="86" amount="-1"/><kerning first="101" second="89" amount="-1"/><kerning first="101" second="63" amount="-1"/><kerning first="101" second="42" amount="-1"/><kerning first="102" second="97" amount="-1"/><kerning first="102" second="122" amount="-1"/><kerning first="102" second="84" amount="1"/><kerning first="102" second="86" amount="2"/><kerning first="102" second="87" amount="1"/><kerning first="102" second="88" amount="1"/><kerning first="102" second="89" amount="2"/><kerning first="102" second="63" amount="1"/><kerning first="102" second="41" amount="1"/><kerning first="102" second="45" amount="-1"/><kerning first="102" second="46" amount="-2"/><kerning first="102" second="44" amount="-2"/><kerning first="102" second="34" amount="1"/><kerning first="102" second="39" amount="1"/><kerning first="102" second="125" amount="1"/><kerning first="102" second="93" amount="1"/><kerning first="103" second="97" amount="-1"/><kerning first="103" second="99" amount="-1"/><kerning first="103" second="100" amount="-1"/><kerning first="103" second="101" amount="-1"/><kerning first="103" second="106" amount="2"/><kerning first="103" second="111" amount="-1"/><kerning first="103" second="113" amount="-1"/><kerning first="103" second="122" amount="-1"/><kerning first="103" second="84" amount="-1"/><kerning first="103" second="89" amount="-1"/><kerning first="103" second="63" amount="-2"/><kerning first="103" second="42" amount="-1"/><kerning first="103" second="47" amount="1"/><kerning first="104" second="84" amount="-1"/><kerning first="104" second="89" amount="-1"/><kerning first="104" second="63" amount="-1"/><kerning first="104" second="42" amount="-1"/><kerning first="107" second="99" amount="-1"/><kerning first="107" second="100" amount="-1"/><kerning first="107" second="101" amount="-1"/><kerning first="107" second="111" amount="-1"/><kerning first="107" second="113" amount="-1"/><kerning first="107" second="116" amount="-1"/><kerning first="107" second="117" amount="-1"/><kerning first="107" second="120" amount="-1"/><kerning first="107" second="122" amount="-1"/><kerning first="107" second="84" amount="-2"/><kerning first="107" second="89" amount="-1"/><kerning first="107" second="63" amount="-1"/><kerning first="107" second="42" amount="-1"/><kerning first="107" second="45" amount="-3"/><kerning first="109" second="84" amount="-1"/><kerning first="109" second="89" amount="-1"/><kerning first="109" second="63" amount="-1"/><kerning first="109" second="42" amount="-1"/><kerning first="110" second="84" amount="-1"/><kerning first="110" second="89" amount="-1"/><kerning first="110" second="63" amount="-1"/><kerning first="110" second="42" amount="-1"/><kerning first="111" second="116" amount="-1"/><kerning first="111" second="120" amount="-1"/><kerning first="111" second="84" amount="-2"/><kerning first="111" second="86" amount="-1"/><kerning first="111" second="89" amount="-2"/><kerning first="111" second="63" amount="-1"/><kerning first="112" second="116" amount="-1"/><kerning first="112" second="120" amount="-1"/><kerning first="112" second="84" amount="-2"/><kerning first="112" second="86" amount="-1"/><kerning first="112" second="89" amount="-2"/><kerning first="112" second="63" amount="-1"/><kerning first="113" second="84" amount="-1"/><kerning first="113" second="86" amount="-1"/><kerning first="113" second="89" amount="-1"/><kerning first="114" second="97" amount="-1"/><kerning first="114" second="65" amount="-1"/><kerning first="114" second="74" amount="-3"/><kerning first="114" second="45" amount="-1"/><kerning first="114" second="46" amount="-3"/><kerning first="114" second="44" amount="-3"/><kerning first="114" second="47" amount="-1"/><kerning first="115" second="116" amount="-1"/><kerning first="115" second="84" amount="-1"/><kerning first="115" second="89" amount="-1"/><kerning first="115" second="63" amount="-1"/><kerning first="115" second="42" amount="-1"/><kerning first="116" second="97" amount="-1"/><kerning first="116" second="99" amount="-1"/><kerning first="116" second="100" amount="-1"/><kerning first="116" second="101" amount="-1"/><kerning first="116" second="111" amount="-1"/><kerning first="116" second="113" amount="-1"/><kerning first="116" second="116" amount="-1"/><kerning first="116" second="84" amount="-1"/><kerning first="116" second="63" amount="-1"/><kerning first="116" second="45" amount="-1"/><kerning first="116" second="46" amount="-1"/><kerning first="116" second="44" amount="-1"/><kerning first="117" second="84" amount="-1"/><kerning first="117" second="86" amount="-1"/><kerning first="117" second="89" amount="-1"/><kerning first="118" second="97" amount="-1"/><kerning first="118" second="122" amount="-1"/><kerning first="118" second="74" amount="-1"/><kerning first="118" second="84" amount="-1"/><kerning first="118" second="89" amount="-1"/><kerning first="118" second="45" amount="-1"/><kerning first="118" second="46" amount="-2"/><kerning first="118" second="44" amount="-2"/><kerning first="118" second="47" amount="-1"/><kerning first="119" second="122" amount="-1"/><kerning first="119" second="74" amount="-1"/><kerning first="119" second="84" amount="-1"/><kerning first="119" second="88" amount="-1"/><kerning first="119" second="89" amount="-1"/><kerning first="119" second="46" amount="-3"/><kerning first="119" second="44" amount="-3"/><kerning first="120" second="99" amount="-1"/><kerning first="120" second="100" amount="-1"/><kerning first="120" second="101" amount="-1"/><kerning first="120" second="111" amount="-1"/><kerning first="120" second="113" amount="-1"/><kerning first="120" second="116" amount="-1"/><kerning first="120" second="121" amount="-1"/><kerning first="120" second="84" amount="-1"/><kerning first="120" second="86" amount="-1"/><kerning first="120" second="89" amount="-1"/><kerning first="120" second="33" amount="-1"/><kerning first="120" second="59" amount="1"/><kerning first="120" second="42" amount="-1"/><kerning first="120" second="45" amount="-1"/><kerning first="120" second="46" amount="-1"/><kerning first="120" second="44" amount="1"/><kerning first="121" second="97" amount="-1"/><kerning first="121" second="120" amount="-1"/><kerning first="121" second="122" amount="-1"/><kerning first="121" second="74" amount="-1"/><kerning first="121" second="84" amount="-1"/><kerning first="121" second="89" amount="-1"/><kerning first="121" second="46" amount="-2"/><kerning first="121" second="44" amount="-2"/><kerning first="122" second="84" amount="-1"/><kerning first="122" second="45" amount="-1"/><kerning first="65" second="116" amount="-1"/><kerning first="65" second="118" amount="-1"/><kerning first="65" second="121" amount="-1"/><kerning first="65" second="84" amount="-3"/><kerning first="65" second="86" amount="-1"/><kerning first="65" second="89" amount="-1"/><kerning first="65" second="63" amount="-1"/><kerning first="65" second="42" amount="-3"/><kerning first="65" second="34" amount="-3"/><kerning first="65" second="39" amount="-3"/><kerning first="66" second="118" amount="-1"/><kerning first="66" second="121" amount="-1"/><kerning first="66" second="74" amount="-1"/><kerning first="66" second="83" amount="-1"/><kerning first="66" second="84" amount="-1"/><kerning first="66" second="89" amount="-1"/><kerning first="66" second="42" amount="-1"/><kerning first="67" second="103" amount="-1"/><kerning first="67" second="116" amount="-1"/><kerning first="67" second="118" amount="-1"/><kerning first="67" second="121" amount="-1"/><kerning first="67" second="67" amount="-1"/><kerning first="67" second="71" amount="-1"/><kerning first="67" second="79" amount="-1"/><kerning first="67" second="81" amount="-1"/><kerning first="67" second="83" amount="-1"/><kerning first="67" second="85" amount="-1"/><kerning first="67" second="89" amount="-1"/><kerning first="67" second="45" amount="-1"/><kerning first="68" second="120" amount="-1"/><kerning first="68" second="122" amount="-1"/><kerning first="68" second="74" amount="-2"/><kerning first="68" second="84" amount="-1"/><kerning first="68" second="88" amount="-1"/><kerning first="68" second="89" amount="-1"/><kerning first="68" second="90" amount="-1"/><kerning first="68" second="42" amount="-1"/><kerning first="69" second="116" amount="-1"/><kerning first="69" second="120" amount="-2"/><kerning first="70" second="97" amount="-1"/><kerning first="70" second="99" amount="-1"/><kerning first="70" second="100" amount="-1"/><kerning first="70" second="101" amount="-1"/><kerning first="70" second="103" amount="-1"/><kerning first="70" second="109" amount="-1"/><kerning first="70" second="110" amount="-1"/><kerning first="70" second="111" amount="-1"/><kerning first="70" second="112" amount="-1"/><kerning first="70" second="113" amount="-1"/><kerning first="70" second="114" amount="-1"/><kerning first="70" second="115" amount="-1"/><kerning first="70" second="117" amount="-1"/><kerning first="70" second="118" amount="-1"/><kerning first="70" second="119" amount="-1"/><kerning first="70" second="120" amount="-1"/><kerning first="70" second="121" amount="-1"/><kerning first="70" second="122" amount="-2"/><kerning first="70" second="65" amount="-1"/><kerning first="70" second="74" amount="-5"/><kerning first="70" second="83" amount="-1"/><kerning first="70" second="88" amount="-1"/><kerning first="70" second="89" amount="-1"/><kerning first="70" second="90" amount="-1"/><kerning first="70" second="46" amount="-3"/><kerning first="70" second="44" amount="-3"/><kerning first="70" second="47" amount="-2"/><kerning first="71" second="84" amount="-1"/><kerning first="71" second="86" amount="-1"/><kerning first="71" second="42" amount="-1"/><kerning first="74" second="74" amount="-1"/><kerning first="74" second="46" amount="-1"/><kerning first="74" second="44" amount="-1"/><kerning first="75" second="99" amount="-1"/><kerning first="75" second="100" amount="-1"/><kerning first="75" second="101" amount="-1"/><kerning first="75" second="111" amount="-1"/><kerning first="75" second="113" amount="-1"/><kerning first="75" second="116" amount="-2"/><kerning first="75" second="118" amount="-1"/><kerning first="75" second="119" amount="-1"/><kerning first="75" second="120" amount="-1"/><kerning first="75" second="121" amount="-1"/><kerning first="75" second="122" amount="-1"/><kerning first="75" second="67" amount="-1"/><kerning first="75" second="71" amount="-1"/><kerning first="75" second="79" amount="-1"/><kerning first="75" second="81" amount="-1"/><kerning first="75" second="83" amount="-1"/><kerning first="75" second="84" amount="-1"/><kerning first="75" second="85" amount="-1"/><kerning first="75" second="86" amount="-1"/><kerning first="75" second="89" amount="-1"/><kerning first="75" second="63" amount="-1"/><kerning first="75" second="42" amount="-1"/><kerning first="75" second="45" amount="-2"/><kerning first="75" second="34" amount="-1"/><kerning first="75" second="39" amount="-1"/><kerning first="76" second="102" amount="-1"/><kerning first="76" second="116" amount="-1"/><kerning first="76" second="118" amount="-2"/><kerning first="76" second="119" amount="-1"/><kerning first="76" second="121" amount="-2"/><kerning first="76" second="67" amount="-1"/><kerning first="76" second="71" amount="-1"/><kerning first="76" second="79" amount="-1"/><kerning first="76" second="81" amount="-1"/><kerning first="76" second="83" amount="-1"/><kerning first="76" second="84" amount="-4"/><kerning first="76" second="85" amount="-1"/><kerning first="76" second="86" amount="-3"/><kerning first="76" second="87" amount="-2"/><kerning first="76" second="89" amount="-3"/><kerning first="76" second="63" amount="-2"/><kerning first="76" second="42" amount="-6"/><kerning first="76" second="45" amount="-1"/><kerning first="76" second="34" amount="-5"/><kerning first="76" second="39" amount="-5"/><kerning first="79" second="120" amount="-1"/><kerning first="79" second="122" amount="-1"/><kerning first="79" second="74" amount="-2"/><kerning first="79" second="84" amount="-1"/><kerning first="79" second="88" amount="-1"/><kerning first="79" second="89" amount="-1"/><kerning first="79" second="90" amount="-1"/><kerning first="79" second="42" amount="-1"/><kerning first="80" second="97" amount="-1"/><kerning first="80" second="99" amount="-1"/><kerning first="80" second="100" amount="-1"/><kerning first="80" second="101" amount="-1"/><kerning first="80" second="111" amount="-1"/><kerning first="80" second="113" amount="-1"/><kerning first="80" second="120" amount="-1"/><kerning first="80" second="122" amount="-1"/><kerning first="80" second="65" amount="-2"/><kerning first="80" second="74" amount="-5"/><kerning first="80" second="88" amount="-1"/><kerning first="80" second="90" amount="-2"/><kerning first="80" second="45" amount="-1"/><kerning first="80" second="46" amount="-5"/><kerning first="80" second="44" amount="-5"/><kerning first="80" second="47" amount="-2"/><kerning first="81" second="120" amount="-1"/><kerning first="81" second="122" amount="-1"/><kerning first="81" second="74" amount="-2"/><kerning first="81" second="84" amount="-1"/><kerning first="81" second="88" amount="-1"/><kerning first="81" second="89" amount="-1"/><kerning first="81" second="90" amount="-1"/><kerning first="81" second="42" amount="-1"/><kerning first="82" second="120" amount="-1"/><kerning first="82" second="122" amount="-1"/><kerning first="82" second="84" amount="-1"/><kerning first="82" second="86" amount="-1"/><kerning first="82" second="89" amount="-1"/><kerning first="82" second="45" amount="-1"/><kerning first="83" second="116" amount="-1"/><kerning first="83" second="122" amount="-1"/><kerning first="83" second="74" amount="-1"/><kerning first="83" second="83" amount="-1"/><kerning first="83" second="84" amount="-1"/><kerning first="83" second="89" amount="-1"/><kerning first="83" second="45" amount="1"/><kerning first="84" second="97" amount="-2"/><kerning first="84" second="99" amount="-3"/><kerning first="84" second="100" amount="-3"/><kerning first="84" second="101" amount="-3"/><kerning first="84" second="103" amount="-2"/><kerning first="84" second="109" amount="-1"/><kerning first="84" second="110" amount="-1"/><kerning first="84" second="111" amount="-3"/><kerning first="84" second="112" amount="-1"/><kerning first="84" second="113" amount="-3"/><kerning first="84" second="114" amount="-1"/><kerning first="84" second="115" amount="-2"/><kerning first="84" second="117" amount="-1"/><kerning first="84" second="118" amount="-1"/><kerning first="84" second="119" amount="-1"/><kerning first="84" second="120" amount="-1"/><kerning first="84" second="121" amount="-1"/><kerning first="84" second="122" amount="-2"/><kerning first="84" second="65" amount="-1"/><kerning first="84" second="67" amount="-1"/><kerning first="84" second="71" amount="-1"/><kerning first="84" second="74" amount="-4"/><kerning first="84" second="79" amount="-1"/><kerning first="84" second="81" amount="-1"/><kerning first="84" second="83" amount="-1"/><kerning first="84" second="88" amount="-1"/><kerning first="84" second="89" amount="-1"/><kerning first="84" second="90" amount="-1"/><kerning first="84" second="59" amount="-1"/><kerning first="84" second="58" amount="-1"/><kerning first="84" second="45" amount="-2"/><kerning first="84" second="46" amount="-4"/><kerning first="84" second="44" amount="-4"/><kerning first="84" second="47" amount="-2"/><kerning first="85" second="120" amount="-1"/><kerning first="85" second="74" amount="-2"/><kerning first="85" second="89" amount="-1"/><kerning first="85" second="46" amount="-1"/><kerning first="85" second="44" amount="-1"/><kerning first="86" second="97" amount="-1"/><kerning first="86" second="99" amount="-1"/><kerning first="86" second="100" amount="-1"/><kerning first="86" second="101" amount="-1"/><kerning first="86" second="103" amount="-1"/><kerning first="86" second="109" amount="-1"/><kerning first="86" second="110" amount="-1"/><kerning first="86" second="111" amount="-1"/><kerning first="86" second="112" amount="-1"/><kerning first="86" second="113" amount="-1"/><kerning first="86" second="114" amount="-1"/><kerning first="86" second="115" amount="-1"/><kerning first="86" second="117" amount="-1"/><kerning first="86" second="120" amount="-1"/><kerning first="86" second="122" amount="-1"/><kerning first="86" second="65" amount="-1"/><kerning first="86" second="74" amount="-2"/><kerning first="86" second="90" amount="-1"/><kerning first="86" second="45" amount="-1"/><kerning first="86" second="46" amount="-3"/><kerning first="86" second="44" amount="-3"/><kerning first="86" second="47" amount="-1"/><kerning first="87" second="74" amount="-2"/><kerning first="87" second="46" amount="-1"/><kerning first="87" second="44" amount="-1"/><kerning first="88" second="99" amount="-1"/><kerning first="88" second="100" amount="-1"/><kerning first="88" second="101" amount="-1"/><kerning first="88" second="102" amount="-1"/><kerning first="88" second="111" amount="-1"/><kerning first="88" second="113" amount="-1"/><kerning first="88" second="116" amount="-1"/><kerning first="88" second="118" amount="-1"/><kerning first="88" second="119" amount="-1"/><kerning first="88" second="121" amount="-1"/><kerning first="88" second="122" amount="-1"/><kerning first="88" second="67" amount="-1"/><kerning first="88" second="71" amount="-1"/><kerning first="88" second="74" amount="-1"/><kerning first="88" second="79" amount="-1"/><kerning first="88" second="81" amount="-1"/><kerning first="88" second="83" amount="-1"/><kerning first="88" second="84" amount="-1"/><kerning first="88" second="45" amount="-1"/><kerning first="89" second="97" amount="-3"/><kerning first="89" second="99" amount="-2"/><kerning first="89" second="100" amount="-2"/><kerning first="89" second="101" amount="-2"/><kerning first="89" second="103" amount="-2"/><kerning first="89" second="109" amount="-1"/><kerning first="89" second="110" amount="-1"/><kerning first="89" second="111" amount="-2"/><kerning first="89" second="112" amount="-1"/><kerning first="89" second="113" amount="-2"/><kerning first="89" second="114" amount="-1"/><kerning first="89" second="115" amount="-2"/><kerning first="89" second="116" amount="-2"/><kerning first="89" second="117" amount="-1"/><kerning first="89" second="118" amount="-1"/><kerning first="89" second="119" amount="-1"/><kerning first="89" second="120" amount="-1"/><kerning first="89" second="121" amount="-1"/><kerning first="89" second="122" amount="-2"/><kerning first="89" second="65" amount="-1"/><kerning first="89" second="67" amount="-1"/><kerning first="89" second="71" amount="-1"/><kerning first="89" second="74" amount="-3"/><kerning first="89" second="79" amount="-1"/><kerning first="89" second="81" amount="-1"/><kerning first="89" second="83" amount="-1"/><kerning first="89" second="84" amount="-1"/><kerning first="89" second="90" amount="-1"/><kerning first="89" second="59" amount="-1"/><kerning first="89" second="58" amount="-1"/><kerning first="89" second="63" amount="-1"/><kerning first="89" second="45" amount="-3"/><kerning first="89" second="46" amount="-4"/><kerning first="89" second="44" amount="-4"/><kerning first="89" second="47" amount="-2"/><kerning first="90" second="102" amount="-1"/><kerning first="90" second="116" amount="-1"/><kerning first="90" second="120" amount="-1"/><kerning first="90" second="67" amount="-1"/><kerning first="90" second="71" amount="-1"/><kerning first="90" second="74" amount="-1"/><kerning first="90" second="79" amount="-1"/><kerning first="90" second="81" amount="-1"/><kerning first="90" second="83" amount="-1"/><kerning first="90" second="89" amount="-1"/><kerning first="90" second="45" amount="-1"/><kerning first="59" second="89" amount="-1"/><kerning first="59" second="42" amount="-1"/><kerning first="58" second="89" amount="-1"/><kerning first="58" second="42" amount="-1"/><kerning first="40" second="106" amount="3"/><kerning first="40" second="74" amount="-1"/><kerning first="45" second="116" amount="-1"/><kerning first="45" second="118" amount="-1"/><kerning first="45" second="120" amount="-1"/><kerning first="45" second="74" amount="-1"/><kerning first="45" second="83" amount="-1"/><kerning first="45" second="84" amount="-2"/><kerning first="45" second="86" amount="-1"/><kerning first="45" second="88" amount="-1"/><kerning first="45" second="89" amount="-3"/><kerning first="45" second="90" amount="-1"/><kerning first="46" second="106" amount="1"/><kerning first="46" second="116" amount="-2"/><kerning first="46" second="118" amount="-2"/><kerning first="46" second="119" amount="-1"/><kerning first="46" second="121" amount="-1"/><kerning first="46" second="84" amount="-3"/><kerning first="46" second="85" amount="-1"/><kerning first="46" second="86" amount="-3"/><kerning first="46" second="87" amount="-1"/><kerning first="46" second="89" amount="-4"/><kerning first="46" second="42" amount="-6"/><kerning first="46" second="34" amount="-5"/><kerning first="46" second="39" amount="-5"/><kerning first="44" second="106" amount="1"/><kerning first="44" second="116" amount="-2"/><kerning first="44" second="118" amount="-2"/><kerning first="44" second="119" amount="-1"/><kerning first="44" second="121" amount="-1"/><kerning first="44" second="84" amount="-3"/><kerning first="44" second="85" amount="-1"/><kerning first="44" second="86" amount="-3"/><kerning first="44" second="87" amount="-1"/><kerning first="44" second="89" amount="-4"/><kerning first="44" second="42" amount="-6"/><kerning first="44" second="34" amount="-5"/><kerning first="44" second="39" amount="-5"/><kerning first="47" second="97" amount="-1"/><kerning first="47" second="117" amount="-1"/><kerning first="47" second="65" amount="-1"/><kerning first="47" second="74" amount="-3"/><kerning first="34" second="115" amount="-1"/><kerning first="34" second="65" amount="-3"/><kerning first="34" second="74" amount="-4"/><kerning first="34" second="46" amount="-5"/><kerning first="34" second="44" amount="-5"/><kerning first="39" second="115" amount="-1"/><kerning first="39" second="65" amount="-3"/><kerning first="39" second="74" amount="-4"/><kerning first="39" second="46" amount="-5"/><kerning first="39" second="44" amount="-5"/><kerning first="123" second="106" amount="3"/><kerning first="123" second="74" amount="-1"/><kerning first="91" second="106" amount="3"/><kerning first="91" second="74" amount="-1"/></kernings></font>