<?xml version="1.0" encoding="UTF-8"?><font><info face="NotoSansSC-Black" size="50" bold="0" italic="0" charset="" unicode="1" stretchH="100" smooth="1" aa="1" padding="1,1,1,1" spacing="1,1"/><common lineHeight="50" base="58" scaleW="659" scaleH="659" pages="1" packed="0"/><pages><page id="0" file="NotoZh-Black-Shadow.png"/></pages><chars count="206"><char id="32" x="0" y="0" width="0" height="0" xoffset="0" yoffset="0" xadvance="12" page="0" chnl="15"/><!--   --><char id="33" x="560" y="490" width="14" height="44" xoffset="3" yoffset="19" xadvance="20" page="0" chnl="15"/><!-- ! --><char id="34" x="415" y="625" width="26" height="24" xoffset="3" yoffset="18" xadvance="32" page="0" chnl="15"/><!-- " --><char id="35" x="250" y="582" width="30" height="42" xoffset="0" yoffset="20" xadvance="31" page="0" chnl="15"/><!-- # --><char id="36" x="142" y="0" width="27" height="54" xoffset="1" yoffset="14" xadvance="31" page="0" chnl="15"/><!-- $ --><char id="37" x="575" y="490" width="49" height="44" xoffset="0" yoffset="19" xadvance="50" page="0" chnl="15"/><!-- % --><char id="38" x="0" y="537" width="39" height="44" xoffset="0" yoffset="19" xadvance="39" page="0" chnl="15"/><!-- & --><char id="39" x="442" y="625" width="12" height="24" xoffset="3" yoffset="18" xadvance="18" page="0" chnl="15"/><!-- ' --><char id="40" x="28" y="0" width="15" height="57" xoffset="3" yoffset="15" xadvance="20" page="0" chnl="15"/><!-- ( --><char id="41" x="44" y="0" width="15" height="57" xoffset="2" yoffset="15" xadvance="20" page="0" chnl="15"/><!-- ) --><char id="42" x="298" y="625" width="25" height="27" xoffset="1" yoffset="16" xadvance="27" page="0" chnl="15"/><!-- * --><char id="43" x="267" y="625" width="30" height="32" xoffset="0" yoffset="25" xadvance="31" page="0" chnl="15"/><!-- + --><char id="44" x="352" y="625" width="15" height="26" xoffset="1" yoffset="47" xadvance="18" page="0" chnl="15"/><!-- , --><char id="45" x="540" y="625" width="17" height="12" xoffset="1" yoffset="39" xadvance="20" page="0" chnl="15"/><!-- - --><char id="46" x="475" y="625" width="13" height="16" xoffset="2" yoffset="47" xadvance="18" page="0" chnl="15"/><!-- . --><char id="47" x="60" y="0" width="20" height="55" xoffset="-1" yoffset="16" xadvance="20" page="0" chnl="15"/><!-- / --><char id="48" x="181" y="490" width="29" height="44" xoffset="1" yoffset="19" xadvance="31" page="0" chnl="15"/><!-- 0 --><char id="49" x="188" y="537" width="27" height="42" xoffset="2" yoffset="20" xadvance="31" page="0" chnl="15"/><!-- 1 --><char id="50" x="40" y="537" width="28" height="43" xoffset="1" yoffset="19" xadvance="31" page="0" chnl="15"/><!-- 2 --><char id="51" x="211" y="490" width="29" height="44" xoffset="0" yoffset="19" xadvance="31" page="0" chnl="15"/><!-- 3 --><char id="52" x="216" y="537" width="31" height="42" xoffset="0" yoffset="20" xadvance="31" page="0" chnl="15"/><!-- 4 --><char id="53" x="69" y="537" width="29" height="43" xoffset="0" yoffset="20" xadvance="31" page="0" chnl="15"/><!-- 5 --><char id="54" x="241" y="490" width="29" height="44" xoffset="1" yoffset="19" xadvance="31" page="0" chnl="15"/><!-- 6 --><char id="55" x="248" y="537" width="29" height="42" xoffset="1" yoffset="20" xadvance="31" page="0" chnl="15"/><!-- 7 --><char id="56" x="271" y="490" width="28" height="44" xoffset="1" yoffset="19" xadvance="31" page="0" chnl="15"/><!-- 8 --><char id="57" x="300" y="490" width="28" height="44" xoffset="1" yoffset="19" xadvance="31" page="0" chnl="15"/><!-- 9 --><char id="58" x="423" y="582" width="13" height="35" xoffset="2" yoffset="28" xadvance="18" page="0" chnl="15"/><!-- : --><char id="59" x="139" y="490" width="15" height="45" xoffset="1" yoffset="28" xadvance="18" page="0" chnl="15"/><!-- ; --><char id="61" x="368" y="625" width="30" height="25" xoffset="0" yoffset="28" xadvance="31" page="0" chnl="15"/><!-- = --><char id="63" x="155" y="490" width="25" height="45" xoffset="1" yoffset="18" xadvance="27" page="0" chnl="15"/><!-- ? --><char id="64" x="396" y="0" width="49" height="53" xoffset="1" yoffset="19" xadvance="53" page="0" chnl="15"/><!-- @ --><char id="65" x="302" y="537" width="35" height="42" xoffset="-1" yoffset="20" xadvance="33" page="0" chnl="15"/><!-- A --><char id="66" x="338" y="537" width="31" height="42" xoffset="3" yoffset="20" xadvance="35" page="0" chnl="15"/><!-- B --><char id="67" x="423" y="490" width="32" height="44" xoffset="1" yoffset="19" xadvance="34" page="0" chnl="15"/><!-- C --><char id="68" x="370" y="537" width="32" height="42" xoffset="3" yoffset="20" xadvance="37" page="0" chnl="15"/><!-- D --><char id="69" x="403" y="537" width="27" height="42" xoffset="3" yoffset="20" xadvance="32" page="0" chnl="15"/><!-- E --><char id="70" x="431" y="537" width="27" height="42" xoffset="3" yoffset="20" xadvance="31" page="0" chnl="15"/><!-- F --><char id="71" x="456" y="490" width="34" height="44" xoffset="1" yoffset="19" xadvance="37" page="0" chnl="15"/><!-- G --><char id="72" x="459" y="537" width="33" height="42" xoffset="3" yoffset="20" xadvance="39" page="0" chnl="15"/><!-- H --><char id="73" x="99" y="537" width="12" height="43" xoffset="3" yoffset="19" xadvance="18" page="0" chnl="15"/><!-- I --><char id="74" x="112" y="537" width="27" height="43" xoffset="0" yoffset="20" xadvance="30" page="0" chnl="15"/><!-- J --><char id="75" x="493" y="537" width="34" height="42" xoffset="3" yoffset="20" xadvance="36" page="0" chnl="15"/><!-- K --><char id="76" x="528" y="537" width="26" height="42" xoffset="3" yoffset="20" xadvance="30" page="0" chnl="15"/><!-- L --><char id="77" x="555" y="537" width="38" height="42" xoffset="3" yoffset="20" xadvance="44" page="0" chnl="15"/><!-- M --><char id="78" x="594" y="537" width="32" height="42" xoffset="3" yoffset="20" xadvance="39" page="0" chnl="15"/><!-- N --><char id="79" x="491" y="490" width="37" height="44" xoffset="1" yoffset="19" xadvance="40" page="0" chnl="15"/><!-- O --><char id="80" x="0" y="582" width="30" height="42" xoffset="3" yoffset="20" xadvance="35" page="0" chnl="15"/><!-- P --><char id="81" x="102" y="0" width="39" height="54" xoffset="1" yoffset="19" xadvance="40" page="0" chnl="15"/><!-- Q --><char id="82" x="627" y="537" width="32" height="42" xoffset="3" yoffset="20" xadvance="36" page="0" chnl="15"/><!-- R --><char id="83" x="529" y="490" width="30" height="44" xoffset="1" yoffset="19" xadvance="32" page="0" chnl="15"/><!-- S --><char id="84" x="31" y="582" width="32" height="42" xoffset="0" yoffset="20" xadvance="32" page="0" chnl="15"/><!-- T --><char id="85" x="140" y="537" width="33" height="43" xoffset="3" yoffset="20" xadvance="39" page="0" chnl="15"/><!-- U --><char id="86" x="64" y="582" width="36" height="42" xoffset="-2" yoffset="20" xadvance="33" page="0" chnl="15"/><!-- V --><char id="87" x="101" y="582" width="47" height="42" xoffset="0" yoffset="20" xadvance="47" page="0" chnl="15"/><!-- W --><char id="88" x="149" y="582" width="33" height="42" xoffset="0" yoffset="20" xadvance="33" page="0" chnl="15"/><!-- X --><char id="89" x="183" y="582" width="34" height="42" xoffset="-2" yoffset="20" xadvance="31" page="0" chnl="15"/><!-- Y --><char id="90" x="218" y="582" width="31" height="42" xoffset="0" yoffset="20" xadvance="31" page="0" chnl="15"/><!-- Z --><char id="91" x="210" y="0" width="16" height="54" xoffset="3" yoffset="17" xadvance="20" page="0" chnl="15"/><!-- [ --><char id="92" x="81" y="0" width="20" height="55" xoffset="0" yoffset="16" xadvance="20" page="0" chnl="15"/><!-- \ --><char id="93" x="227" y="0" width="16" height="54" xoffset="1" yoffset="17" xadvance="20" page="0" chnl="15"/><!-- ] --><char id="94" x="324" y="625" width="27" height="27" xoffset="2" yoffset="19" xadvance="31" page="0" chnl="15"/><!-- ^ --><char id="95" x="558" y="625" width="30" height="10" xoffset="-1" yoffset="60" xadvance="29" page="0" chnl="15"/><!-- _ --><char id="97" x="281" y="582" width="28" height="35" xoffset="1" yoffset="28" xadvance="31" page="0" chnl="15"/><!-- a --><char id="98" x="605" y="439" width="30" height="46" xoffset="2" yoffset="17" xadvance="33" page="0" chnl="15"/><!-- b --><char id="99" x="310" y="582" width="26" height="35" xoffset="1" yoffset="28" xadvance="27" page="0" chnl="15"/><!-- c --><char id="100" x="0" y="490" width="30" height="46" xoffset="1" yoffset="17" xadvance="33" page="0" chnl="15"/><!-- d --><char id="101" x="337" y="582" width="28" height="35" xoffset="1" yoffset="28" xadvance="30" page="0" chnl="15"/><!-- e --><char id="102" x="636" y="439" width="23" height="46" xoffset="0" yoffset="16" xadvance="20" page="0" chnl="15"/><!-- f --><char id="103" x="31" y="490" width="30" height="46" xoffset="1" yoffset="28" xadvance="31" page="0" chnl="15"/><!-- g --><char id="104" x="78" y="490" width="29" height="45" xoffset="2" yoffset="17" xadvance="33" page="0" chnl="15"/><!-- h --><char id="105" x="592" y="439" width="12" height="47" xoffset="2" yoffset="15" xadvance="17" page="0" chnl="15"/><!-- i --><char id="106" x="9" y="0" width="18" height="58" xoffset="-4" yoffset="15" xadvance="17" page="0" chnl="15"/><!-- j --><char id="107" x="108" y="490" width="30" height="45" xoffset="2" yoffset="17" xadvance="32" page="0" chnl="15"/><!-- k --><char id="108" x="62" y="490" width="15" height="46" xoffset="2" yoffset="17" xadvance="17" page="0" chnl="15"/><!-- l --><char id="109" x="0" y="625" width="45" height="34" xoffset="2" yoffset="28" xadvance="50" page="0" chnl="15"/><!-- m --><char id="110" x="46" y="625" width="29" height="34" xoffset="2" yoffset="28" xadvance="33" page="0" chnl="15"/><!-- n --><char id="111" x="366" y="582" width="30" height="35" xoffset="1" yoffset="28" xadvance="32" page="0" chnl="15"/><!-- o --><char id="112" x="329" y="490" width="30" height="44" xoffset="2" yoffset="28" xadvance="33" page="0" chnl="15"/><!-- p --><char id="113" x="360" y="490" width="30" height="44" xoffset="1" yoffset="28" xadvance="33" page="0" chnl="15"/><!-- q --><char id="114" x="76" y="625" width="23" height="34" xoffset="2" yoffset="28" xadvance="24" page="0" chnl="15"/><!-- r --><char id="115" x="397" y="582" width="25" height="35" xoffset="0" yoffset="28" xadvance="26" page="0" chnl="15"/><!-- s --><char id="116" x="278" y="537" width="23" height="42" xoffset="-1" yoffset="21" xadvance="23" page="0" chnl="15"/><!-- t --><char id="117" x="100" y="625" width="29" height="34" xoffset="2" yoffset="29" xadvance="33" page="0" chnl="15"/><!-- u --><char id="118" x="130" y="625" width="32" height="33" xoffset="-1" yoffset="29" xadvance="31" page="0" chnl="15"/><!-- v --><char id="119" x="163" y="625" width="45" height="33" xoffset="0" yoffset="29" xadvance="45" page="0" chnl="15"/><!-- w --><char id="120" x="209" y="625" width="30" height="33" xoffset="0" yoffset="29" xadvance="30" page="0" chnl="15"/><!-- x --><char id="121" x="391" y="490" width="31" height="44" xoffset="0" yoffset="29" xadvance="31" page="0" chnl="15"/><!-- y --><char id="122" x="240" y="625" width="26" height="33" xoffset="1" yoffset="29" xadvance="27" page="0" chnl="15"/><!-- z --><char id="123" x="170" y="0" width="19" height="54" xoffset="0" yoffset="17" xadvance="20" page="0" chnl="15"/><!-- { --><char id="124" x="0" y="0" width="8" height="63" xoffset="4" yoffset="14" xadvance="16" page="0" chnl="15"/><!-- | --><char id="125" x="190" y="0" width="19" height="54" xoffset="1" yoffset="17" xadvance="20" page="0" chnl="15"/><!-- } --><char id="12290" x="455" y="625" width="19" height="21" xoffset="0" yoffset="45" xadvance="50" page="0" chnl="15"/><!-- 。 --><char id="19968" x="489" y="625" width="50" height="13" xoffset="0" yoffset="34" xadvance="50" page="0" chnl="15"/><!-- 一 --><char id="19978" x="541" y="439" width="50" height="49" xoffset="0" yoffset="15" xadvance="50" page="0" chnl="15"/><!-- 上 --><char id="19981" x="442" y="439" width="50" height="49" xoffset="0" yoffset="18" xadvance="50" page="0" chnl="15"/><!-- 不 --><char id="20004" x="100" y="439" width="48" height="50" xoffset="1" yoffset="17" xadvance="50" page="0" chnl="15"/><!-- 两 --><char id="20013" x="403" y="226" width="45" height="53" xoffset="3" yoffset="14" xadvance="50" page="0" chnl="15"/><!-- 中 --><char id="20081" x="102" y="334" width="50" height="52" xoffset="0" yoffset="14" xadvance="50" page="0" chnl="15"/><!-- 乱 --><char id="20102" x="197" y="439" width="44" height="50" xoffset="3" yoffset="17" xadvance="50" page="0" chnl="15"/><!-- 了 --><char id="20197" x="293" y="439" width="48" height="50" xoffset="2" yoffset="17" xadvance="50" page="0" chnl="15"/><!-- 以 --><char id="20320" x="603" y="226" width="51" height="53" xoffset="-1" yoffset="14" xadvance="50" page="0" chnl="15"/><!-- 你 --><char id="20351" x="153" y="280" width="52" height="53" xoffset="-1" yoffset="14" xadvance="50" page="0" chnl="15"/><!-- 使 --><char id="20572" x="101" y="64" width="50" height="53" xoffset="0" yoffset="14" xadvance="50" page="0" chnl="15"/><!-- 停 --><char id="20813" x="205" y="334" width="50" height="52" xoffset="0" yoffset="14" xadvance="50" page="0" chnl="15"/><!-- 免 --><char id="20851" x="497" y="0" width="50" height="53" xoffset="0" yoffset="14" xadvance="50" page="0" chnl="15"/><!-- 关 --><char id="20987" x="304" y="172" width="48" height="53" xoffset="1" yoffset="14" xadvance="50" page="0" chnl="15"/><!-- 击 --><char id="21033" x="0" y="118" width="48" height="53" xoffset="0" yoffset="14" xadvance="50" page="0" chnl="15"/><!-- 利 --><char id="21040" x="611" y="334" width="48" height="51" xoffset="1" yoffset="15" xadvance="50" page="0" chnl="15"/><!-- 到 --><char id="21069" x="153" y="172" width="48" height="53" xoffset="1" yoffset="14" xadvance="50" page="0" chnl="15"/><!-- 前 --><char id="21152" x="410" y="334" width="48" height="52" xoffset="0" yoffset="15" xadvance="50" page="0" chnl="15"/><!-- 加 --><char id="21169" x="510" y="334" width="49" height="52" xoffset="0" yoffset="15" xadvance="50" page="0" chnl="15"/><!-- 励 --><char id="21345" x="548" y="0" width="49" height="53" xoffset="1" yoffset="14" xadvance="50" page="0" chnl="15"/><!-- 卡 --><char id="21363" x="149" y="439" width="47" height="50" xoffset="1" yoffset="17" xadvance="50" page="0" chnl="15"/><!-- 即 --><char id="21385" x="452" y="387" width="49" height="51" xoffset="0" yoffset="16" xadvance="50" page="0" chnl="15"/><!-- 厉 --><char id="21451" x="357" y="64" width="49" height="53" xoffset="0" yoffset="14" xadvance="50" page="0" chnl="15"/><!-- 友 --><char id="21462" x="502" y="387" width="49" height="51" xoffset="1" yoffset="16" xadvance="50" page="0" chnl="15"/><!-- 取 --><char id="21478" x="305" y="387" width="46" height="51" xoffset="1" yoffset="16" xadvance="50" page="0" chnl="15"/><!-- 另 --><char id="21487" x="393" y="439" width="48" height="49" xoffset="1" yoffset="18" xadvance="50" page="0" chnl="15"/><!-- 可 --><char id="21518" x="455" y="172" width="50" height="53" xoffset="0" yoffset="14" xadvance="50" page="0" chnl="15"/><!-- 后 --><char id="21578" x="0" y="280" width="48" height="53" xoffset="1" yoffset="14" xadvance="50" page="0" chnl="15"/><!-- 告 --><char id="22270" x="613" y="280" width="46" height="51" xoffset="2" yoffset="16" xadvance="50" page="0" chnl="15"/><!-- 图 --><char id="22312" x="0" y="172" width="49" height="53" xoffset="0" yoffset="14" xadvance="50" page="0" chnl="15"/><!-- 在 --><char id="22359" x="511" y="280" width="50" height="52" xoffset="0" yoffset="15" xadvance="50" page="0" chnl="15"/><!-- 块 --><char id="22797" x="506" y="64" width="50" height="53" xoffset="0" yoffset="14" xadvance="50" page="0" chnl="15"/><!-- 复 --><char id="22806" x="557" y="172" width="50" height="53" xoffset="0" yoffset="14" xadvance="50" page="0" chnl="15"/><!-- 外 --><char id="22810" x="462" y="280" width="48" height="53" xoffset="1" yoffset="14" xadvance="50" page="0" chnl="15"/><!-- 多 --><char id="22826" x="253" y="226" width="50" height="53" xoffset="0" yoffset="14" xadvance="50" page="0" chnl="15"/><!-- 太 --><char id="22833" x="407" y="64" width="50" height="53" xoffset="0" yoffset="14" xadvance="50" page="0" chnl="15"/><!-- 失 --><char id="22870" x="552" y="226" width="50" height="53" xoffset="0" yoffset="14" xadvance="50" page="0" chnl="15"/><!-- 奖 --><char id="22909" x="306" y="64" width="50" height="53" xoffset="0" yoffset="14" xadvance="50" page="0" chnl="15"/><!-- 好 --><char id="22987" x="254" y="64" width="51" height="53" xoffset="0" yoffset="14" xadvance="50" page="0" chnl="15"/><!-- 始 --><char id="23450" x="50" y="226" width="50" height="53" xoffset="0" yoffset="14" xadvance="50" page="0" chnl="15"/><!-- 定 --><char id="23475" x="304" y="226" width="48" height="53" xoffset="1" yoffset="14" xadvance="50" page="0" chnl="15"/><!-- 害 --><char id="23545" x="446" y="0" width="50" height="53" xoffset="0" yoffset="14" xadvance="50" page="0" chnl="15"/><!-- 对 --><char id="23558" x="506" y="172" width="50" height="53" xoffset="0" yoffset="14" xadvance="50" page="0" chnl="15"/><!-- 将 --><char id="23616" x="403" y="387" width="48" height="51" xoffset="0" yoffset="16" xadvance="50" page="0" chnl="15"/><!-- 局 --><char id="24067" x="101" y="226" width="49" height="53" xoffset="0" yoffset="14" xadvance="50" page="0" chnl="15"/><!-- 布 --><char id="24182" x="151" y="118" width="49" height="53" xoffset="1" yoffset="14" xadvance="50" page="0" chnl="15"/><!-- 并 --><char id="24191" x="346" y="0" width="49" height="54" xoffset="0" yoffset="14" xadvance="50" page="0" chnl="15"/><!-- 广 --><char id="24207" x="350" y="118" width="50" height="53" xoffset="0" yoffset="14" xadvance="50" page="0" chnl="15"/><!-- 序 --><char id="24320" x="0" y="439" width="49" height="50" xoffset="1" yoffset="17" xadvance="50" page="0" chnl="15"/><!-- 开 --><char id="24377" x="503" y="118" width="49" height="53" xoffset="1" yoffset="14" xadvance="50" page="0" chnl="15"/><!-- 弹 --><char id="24471" x="100" y="118" width="50" height="53" xoffset="-1" yoffset="14" xadvance="50" page="0" chnl="15"/><!-- 得 --><char id="24605" x="242" y="439" width="50" height="50" xoffset="0" yoffset="16" xadvance="50" page="0" chnl="15"/><!-- 思 --><char id="25152" x="153" y="334" width="51" height="52" xoffset="-1" yoffset="15" xadvance="50" page="0" chnl="15"/><!-- 所 --><char id="25171" x="51" y="334" width="50" height="52" xoffset="0" yoffset="14" xadvance="50" page="0" chnl="15"/><!-- 打 --><char id="25265" x="449" y="226" width="50" height="53" xoffset="0" yoffset="14" xadvance="50" page="0" chnl="15"/><!-- 抱 --><char id="25703" x="309" y="280" width="50" height="53" xoffset="0" yoffset="14" xadvance="50" page="0" chnl="15"/><!-- 摧 --><char id="25773" x="49" y="280" width="50" height="53" xoffset="0" yoffset="14" xadvance="50" page="0" chnl="15"/><!-- 播 --><char id="25918" x="100" y="280" width="52" height="53" xoffset="-1" yoffset="14" xadvance="50" page="0" chnl="15"/><!-- 放 --><char id="26032" x="203" y="64" width="50" height="53" xoffset="0" yoffset="14" xadvance="50" page="0" chnl="15"/><!-- 新 --><char id="26041" x="244" y="0" width="49" height="54" xoffset="0" yoffset="13" xadvance="50" page="0" chnl="15"/><!-- 方 --><char id="26102" x="101" y="387" width="49" height="51" xoffset="1" yoffset="15" xadvance="50" page="0" chnl="15"/><!-- 时 --><char id="26174" x="342" y="439" width="50" height="49" xoffset="0" yoffset="16" xadvance="50" page="0" chnl="15"/><!-- 显 --><char id="26242" x="51" y="64" width="49" height="53" xoffset="1" yoffset="14" xadvance="50" page="0" chnl="15"/><!-- 暂 --><char id="26377" x="252" y="118" width="49" height="53" xoffset="0" yoffset="14" xadvance="50" page="0" chnl="15"/><!-- 有 --><char id="26463" x="102" y="172" width="50" height="53" xoffset="0" yoffset="14" xadvance="50" page="0" chnl="15"/><!-- 束 --><char id="26469" x="353" y="172" width="50" height="53" xoffset="0" yoffset="14" xadvance="50" page="0" chnl="15"/><!-- 来 --><char id="26631" x="202" y="172" width="50" height="53" xoffset="0" yoffset="14" xadvance="50" page="0" chnl="15"/><!-- 标 --><char id="26827" x="360" y="280" width="50" height="53" xoffset="0" yoffset="14" xadvance="50" page="0" chnl="15"/><!-- 棋 --><char id="26834" x="608" y="172" width="51" height="53" xoffset="0" yoffset="14" xadvance="50" page="0" chnl="15"/><!-- 棒 --><char id="27465" x="500" y="226" width="51" height="53" xoffset="0" yoffset="14" xadvance="50" page="0" chnl="15"/><!-- 歉 --><char id="27585" x="560" y="334" width="50" height="52" xoffset="0" yoffset="15" xadvance="50" page="0" chnl="15"/><!-- 毁 --><char id="27809" x="459" y="334" width="50" height="52" xoffset="0" yoffset="15" xadvance="50" page="0" chnl="15"/><!-- 没 --><char id="27963" x="557" y="64" width="49" height="53" xoffset="1" yoffset="14" xadvance="50" page="0" chnl="15"/><!-- 活 --><char id="28040" x="201" y="118" width="50" height="53" xoffset="0" yoffset="14" xadvance="50" page="0" chnl="15"/><!-- 消 --><char id="28779" x="359" y="334" width="50" height="52" xoffset="0" yoffset="15" xadvance="50" page="0" chnl="15"/><!-- 火 --><char id="28781" x="151" y="387" width="50" height="51" xoffset="0" yoffset="16" xadvance="50" page="0" chnl="15"/><!-- 灭 --><char id="28856" x="452" y="118" width="50" height="53" xoffset="0" yoffset="14" xadvance="50" page="0" chnl="15"/><!-- 炸 --><char id="28857" x="253" y="172" width="50" height="53" xoffset="0" yoffset="14" xadvance="50" page="0" chnl="15"/><!-- 点 --><char id="29190" x="256" y="334" width="51" height="52" xoffset="0" yoffset="15" xadvance="50" page="0" chnl="15"/><!-- 爆 --><char id="29992" x="493" y="439" width="47" height="49" xoffset="0" yoffset="18" xadvance="50" page="0" chnl="15"/><!-- 用 --><char id="30340" x="302" y="118" width="47" height="53" xoffset="2" yoffset="14" xadvance="50" page="0" chnl="15"/><!-- 的 --><char id="30424" x="552" y="387" width="49" height="51" xoffset="1" yoffset="14" xadvance="50" page="0" chnl="15"/><!-- 盘 --><char id="30495" x="204" y="226" width="48" height="53" xoffset="1" yoffset="14" xadvance="50" page="0" chnl="15"/><!-- 真 --><char id="30768" x="352" y="387" width="50" height="51" xoffset="0" yoffset="16" xadvance="50" page="0" chnl="15"/><!-- 砰 --><char id="30830" x="0" y="226" width="49" height="53" xoffset="0" yoffset="14" xadvance="50" page="0" chnl="15"/><!-- 确 --><char id="31034" x="50" y="439" width="49" height="50" xoffset="0" yoffset="17" xadvance="50" page="0" chnl="15"/><!-- 示 --><char id="31435" x="254" y="387" width="50" height="51" xoffset="0" yoffset="14" xadvance="50" page="0" chnl="15"/><!-- 立 --><char id="31661" x="404" y="172" width="50" height="53" xoffset="0" yoffset="14" xadvance="50" page="0" chnl="15"/><!-- 箭 --><char id="32423" x="258" y="280" width="50" height="53" xoffset="0" yoffset="14" xadvance="50" page="0" chnl="15"/><!-- 级 --><char id="32467" x="50" y="172" width="51" height="53" xoffset="-1" yoffset="14" xadvance="50" page="0" chnl="15"/><!-- 结 --><char id="32487" x="0" y="387" width="50" height="51" xoffset="0" yoffset="14" xadvance="50" page="0" chnl="15"/><!-- 继 --><char id="32493" x="152" y="64" width="50" height="53" xoffset="0" yoffset="14" xadvance="50" page="0" chnl="15"/><!-- 续 --><char id="32988" x="0" y="334" width="50" height="52" xoffset="0" yoffset="15" xadvance="50" page="0" chnl="15"/><!-- 胜 --><char id="33719" x="49" y="118" width="50" height="53" xoffset="0" yoffset="14" xadvance="50" page="0" chnl="15"/><!-- 获 --><char id="35758" x="294" y="0" width="51" height="54" xoffset="0" yoffset="14" xadvance="50" page="0" chnl="15"/><!-- 议 --><char id="35768" x="411" y="280" width="50" height="53" xoffset="0" yoffset="14" xadvance="50" page="0" chnl="15"/><!-- 许 --><char id="35831" x="0" y="64" width="50" height="53" xoffset="0" yoffset="14" xadvance="50" page="0" chnl="15"/><!-- 请 --><char id="36133" x="562" y="280" width="50" height="52" xoffset="0" yoffset="15" xadvance="50" page="0" chnl="15"/><!-- 败 --><char id="36153" x="553" y="118" width="50" height="53" xoffset="0" yoffset="14" xadvance="50" page="0" chnl="15"/><!-- 费 --><char id="36229" x="206" y="280" width="51" height="53" xoffset="-1" yoffset="14" xadvance="50" page="0" chnl="15"/><!-- 超 --><char id="36339" x="604" y="118" width="51" height="53" xoffset="0" yoffset="14" xadvance="50" page="0" chnl="15"/><!-- 跳 --><char id="36733" x="353" y="226" width="49" height="53" xoffset="1" yoffset="14" xadvance="50" page="0" chnl="15"/><!-- 载 --><char id="36807" x="308" y="334" width="50" height="52" xoffset="0" yoffset="15" xadvance="50" page="0" chnl="15"/><!-- 过 --><char id="36824" x="607" y="64" width="52" height="53" xoffset="-1" yoffset="14" xadvance="50" page="0" chnl="15"/><!-- 还 --><char id="36830" x="151" y="226" width="52" height="53" xoffset="-1" yoffset="14" xadvance="50" page="0" chnl="15"/><!-- 连 --><char id="36992" x="598" y="0" width="50" height="53" xoffset="0" yoffset="14" xadvance="50" page="0" chnl="15"/><!-- 邀 --><char id="37197" x="602" y="387" width="50" height="50" xoffset="0" yoffset="16" xadvance="50" page="0" chnl="15"/><!-- 配 --><char id="37325" x="51" y="387" width="49" height="51" xoffset="1" yoffset="14" xadvance="50" page="0" chnl="15"/><!-- 重 --><char id="38388" x="458" y="64" width="47" height="53" xoffset="2" yoffset="14" xadvance="50" page="0" chnl="15"/><!-- 间 --><char id="38500" x="401" y="118" width="50" height="53" xoffset="1" yoffset="14" xadvance="50" page="0" chnl="15"/><!-- 除 --><char id="39034" x="202" y="387" width="51" height="51" xoffset="-1" yoffset="16" xadvance="50" page="0" chnl="15"/><!-- 顺 --><char id="65281" x="174" y="537" width="13" height="43" xoffset="6" yoffset="20" xadvance="50" page="0" chnl="15"/><!-- ！ --><char id="65292" x="399" y="625" width="15" height="25" xoffset="8" yoffset="45" xadvance="50" page="0" chnl="15"/><!-- ， --><char id="65311" x="625" y="490" width="25" height="44" xoffset="0" yoffset="19" xadvance="50" page="0" chnl="15"/><!-- ？ --></chars><kernings count="811"><kerning first="97" second="116" amount="-1"/><kerning first="97" second="84" amount="-2"/><kerning first="97" second="86" amount="-2"/><kerning first="97" second="87" amount="-1"/><kerning first="97" second="89" amount="-2"/><kerning first="97" second="63" amount="-2"/><kerning first="97" second="42" amount="-2"/><kerning first="98" second="97" amount="-1"/><kerning first="98" second="116" amount="-2"/><kerning first="98" second="118" amount="-1"/><kerning first="98" second="119" amount="-1"/><kerning first="98" second="120" amount="-2"/><kerning first="98" second="121" amount="-1"/><kerning first="98" second="122" amount="-1"/><kerning first="98" second="84" amount="-3"/><kerning first="98" second="86" amount="-1"/><kerning first="98" second="88" amount="-1"/><kerning first="98" second="89" amount="-3"/><kerning first="98" second="63" amount="-2"/><kerning first="98" second="46" amount="-1"/><kerning first="98" second="44" amount="-1"/><kerning first="98" second="34" amount="-1"/><kerning first="98" second="39" amount="-1"/><kerning first="98" second="92" amount="-2"/><kerning first="99" second="97" amount="-1"/><kerning first="99" second="99" amount="-2"/><kerning first="99" second="100" amount="-2"/><kerning first="99" second="101" amount="-2"/><kerning first="99" second="103" amount="-1"/><kerning first="99" second="111" amount="-2"/><kerning first="99" second="113" amount="-2"/><kerning first="99" second="116" amount="-1"/><kerning first="99" second="84" amount="-1"/><kerning first="99" second="86" amount="-1"/><kerning first="99" second="89" amount="-2"/><kerning first="99" second="45" amount="-2"/><kerning first="101" second="97" amount="-1"/><kerning first="101" second="103" amount="-1"/><kerning first="101" second="116" amount="-1"/><kerning first="101" second="120" amount="-1"/><kerning first="101" second="74" amount="-1"/><kerning first="101" second="83" amount="-1"/><kerning first="101" second="84" amount="-2"/><kerning first="101" second="86" amount="-2"/><kerning first="101" second="87" amount="-1"/><kerning first="101" second="89" amount="-2"/><kerning first="101" second="63" amount="-1"/><kerning first="101" second="42" amount="-1"/><kerning first="101" second="45" amount="1"/><kerning first="101" second="92" amount="-2"/><kerning first="102" second="97" amount="-1"/><kerning first="102" second="99" amount="-1"/><kerning first="102" second="100" amount="-1"/><kerning first="102" second="101" amount="-1"/><kerning first="102" second="103" amount="-1"/><kerning first="102" second="106" amount="-1"/><kerning first="102" second="111" amount="-1"/><kerning first="102" second="113" amount="-1"/><kerning first="102" second="115" amount="-1"/><kerning first="102" second="120" amount="-1"/><kerning first="102" second="122" amount="-1"/><kerning first="102" second="84" amount="2"/><kerning first="102" second="86" amount="4"/><kerning first="102" second="87" amount="2"/><kerning first="102" second="88" amount="1"/><kerning first="102" second="89" amount="3"/><kerning first="102" second="63" amount="1"/><kerning first="102" second="41" amount="2"/><kerning first="102" second="45" amount="-1"/><kerning first="102" second="46" amount="-4"/><kerning first="102" second="44" amount="-4"/><kerning first="102" second="34" amount="2"/><kerning first="102" second="39" amount="2"/><kerning first="102" second="125" amount="2"/><kerning first="102" second="93" amount="2"/><kerning first="102" second="92" amount="2"/><kerning first="103" second="97" amount="-1"/><kerning first="103" second="99" amount="-1"/><kerning first="103" second="100" amount="-1"/><kerning first="103" second="101" amount="-1"/><kerning first="103" second="106" amount="3"/><kerning first="103" second="111" amount="-1"/><kerning first="103" second="113" amount="-1"/><kerning first="103" second="118" amount="-1"/><kerning first="103" second="119" amount="-1"/><kerning first="103" second="122" amount="-1"/><kerning first="103" second="84" amount="-2"/><kerning first="103" second="89" amount="-1"/><kerning first="103" second="63" amount="-3"/><kerning first="103" second="42" amount="-1"/><kerning first="103" second="47" amount="1"/><kerning first="104" second="84" amount="-2"/><kerning first="104" second="86" amount="-1"/><kerning first="104" second="89" amount="-2"/><kerning first="104" second="63" amount="-1"/><kerning first="104" second="42" amount="-1"/><kerning first="107" second="97" amount="-1"/><kerning first="107" second="99" amount="-2"/><kerning first="107" second="100" amount="-2"/><kerning first="107" second="101" amount="-2"/><kerning first="107" second="103" amount="-1"/><kerning first="107" second="106" amount="-1"/><kerning first="107" second="111" amount="-2"/><kerning first="107" second="113" amount="-2"/><kerning first="107" second="116" amount="-2"/><kerning first="107" second="117" amount="-1"/><kerning first="107" second="120" amount="-1"/><kerning first="107" second="122" amount="-1"/><kerning first="107" second="84" amount="-3"/><kerning first="107" second="89" amount="-1"/><kerning first="107" second="63" amount="-2"/><kerning first="107" second="42" amount="-1"/><kerning first="107" second="45" amount="-5"/><kerning first="108" second="106" amount="1"/><kerning first="109" second="84" amount="-2"/><kerning first="109" second="86" amount="-1"/><kerning first="109" second="89" amount="-2"/><kerning first="109" second="63" amount="-1"/><kerning first="109" second="42" amount="-1"/><kerning first="110" second="84" amount="-2"/><kerning first="110" second="86" amount="-1"/><kerning first="110" second="89" amount="-2"/><kerning first="110" second="63" amount="-1"/><kerning first="110" second="42" amount="-1"/><kerning first="111" second="97" amount="-1"/><kerning first="111" second="116" amount="-2"/><kerning first="111" second="118" amount="-1"/><kerning first="111" second="119" amount="-1"/><kerning first="111" second="120" amount="-2"/><kerning first="111" second="121" amount="-1"/><kerning first="111" second="122" amount="-1"/><kerning first="111" second="84" amount="-3"/><kerning first="111" second="86" amount="-1"/><kerning first="111" second="88" amount="-1"/><kerning first="111" second="89" amount="-3"/><kerning first="111" second="63" amount="-2"/><kerning first="111" second="46" amount="-1"/><kerning first="111" second="44" amount="-1"/><kerning first="111" second="34" amount="-1"/><kerning first="111" second="39" amount="-1"/><kerning first="111" second="92" amount="-2"/><kerning first="112" second="97" amount="-1"/><kerning first="112" second="116" amount="-2"/><kerning first="112" second="118" amount="-1"/><kerning first="112" second="119" amount="-1"/><kerning first="112" second="120" amount="-2"/><kerning first="112" second="121" amount="-1"/><kerning first="112" second="122" amount="-1"/><kerning first="112" second="84" amount="-3"/><kerning first="112" second="86" amount="-1"/><kerning first="112" second="88" amount="-1"/><kerning first="112" second="89" amount="-3"/><kerning first="112" second="63" amount="-2"/><kerning first="112" second="46" amount="-1"/><kerning first="112" second="44" amount="-1"/><kerning first="112" second="34" amount="-1"/><kerning first="112" second="39" amount="-1"/><kerning first="112" second="92" amount="-2"/><kerning first="113" second="84" amount="-1"/><kerning first="113" second="86" amount="-1"/><kerning first="113" second="89" amount="-2"/><kerning first="113" second="42" amount="-1"/><kerning first="114" second="97" amount="-2"/><kerning first="114" second="99" amount="-1"/><kerning first="114" second="100" amount="-1"/><kerning first="114" second="101" amount="-1"/><kerning first="114" second="103" amount="-1"/><kerning first="114" second="111" amount="-1"/><kerning first="114" second="113" amount="-1"/><kerning first="114" second="115" amount="-1"/><kerning first="114" second="122" amount="-1"/><kerning first="114" second="65" amount="-1"/><kerning first="114" second="74" amount="-4"/><kerning first="114" second="90" amount="-1"/><kerning first="114" second="45" amount="-2"/><kerning first="114" second="46" amount="-5"/><kerning first="114" second="44" amount="-5"/><kerning first="114" second="47" amount="-1"/><kerning first="115" second="116" amount="-1"/><kerning first="115" second="84" amount="-2"/><kerning first="115" second="86" amount="-1"/><kerning first="115" second="89" amount="-1"/><kerning first="115" second="63" amount="-2"/><kerning first="115" second="42" amount="-1"/><kerning first="115" second="45" amount="1"/><kerning first="116" second="97" amount="-1"/><kerning first="116" second="99" amount="-1"/><kerning first="116" second="100" amount="-1"/><kerning first="116" second="101" amount="-1"/><kerning first="116" second="103" amount="-1"/><kerning first="116" second="111" amount="-1"/><kerning first="116" second="113" amount="-1"/><kerning first="116" second="115" amount="-1"/><kerning first="116" second="116" amount="-1"/><kerning first="116" second="120" amount="-1"/><kerning first="116" second="84" amount="-1"/><kerning first="116" second="89" amount="-1"/><kerning first="116" second="63" amount="-2"/><kerning first="116" second="45" amount="-2"/><kerning first="116" second="46" amount="-1"/><kerning first="116" second="44" amount="-1"/><kerning first="117" second="84" amount="-1"/><kerning first="117" second="86" amount="-1"/><kerning first="117" second="89" amount="-2"/><kerning first="117" second="42" amount="-1"/><kerning first="118" second="97" amount="-1"/><kerning first="118" second="99" amount="-1"/><kerning first="118" second="100" amount="-1"/><kerning first="118" second="101" amount="-1"/><kerning first="118" second="106" amount="-1"/><kerning first="118" second="111" amount="-1"/><kerning first="118" second="113" amount="-1"/><kerning first="118" second="122" amount="-2"/><kerning first="118" second="65" amount="-1"/><kerning first="118" second="74" amount="-2"/><kerning first="118" second="84" amount="-1"/><kerning first="118" second="86" amount="-1"/><kerning first="118" second="89" amount="-1"/><kerning first="118" second="90" amount="-1"/><kerning first="118" second="42" amount="-1"/><kerning first="118" second="45" amount="-1"/><kerning first="118" second="46" amount="-4"/><kerning first="118" second="44" amount="-4"/><kerning first="118" second="47" amount="-1"/><kerning first="119" second="97" amount="-1"/><kerning first="119" second="99" amount="-1"/><kerning first="119" second="100" amount="-1"/><kerning first="119" second="101" amount="-1"/><kerning first="119" second="106" amount="-1"/><kerning first="119" second="111" amount="-1"/><kerning first="119" second="113" amount="-1"/><kerning first="119" second="122" amount="-2"/><kerning first="119" second="65" amount="-1"/><kerning first="119" second="74" amount="-2"/><kerning first="119" second="84" amount="-2"/><kerning first="119" second="86" amount="-1"/><kerning first="119" second="88" amount="-1"/><kerning first="119" second="89" amount="-2"/><kerning first="119" second="42" amount="-1"/><kerning first="119" second="46" amount="-5"/><kerning first="119" second="44" amount="-5"/><kerning first="120" second="97" amount="-1"/><kerning first="120" second="99" amount="-2"/><kerning first="120" second="100" amount="-2"/><kerning first="120" second="101" amount="-2"/><kerning first="120" second="111" amount="-2"/><kerning first="120" second="113" amount="-2"/><kerning first="120" second="116" amount="-2"/><kerning first="120" second="121" amount="-1"/><kerning first="120" second="67" amount="-1"/><kerning first="120" second="71" amount="-1"/><kerning first="120" second="79" amount="-1"/><kerning first="120" second="81" amount="-1"/><kerning first="120" second="83" amount="-1"/><kerning first="120" second="84" amount="-1"/><kerning first="120" second="86" amount="-1"/><kerning first="120" second="88" amount="-1"/><kerning first="120" second="89" amount="-2"/><kerning first="120" second="33" amount="-1"/><kerning first="120" second="59" amount="1"/><kerning first="120" second="42" amount="-1"/><kerning first="120" second="45" amount="-1"/><kerning first="120" second="46" amount="-1"/><kerning first="120" second="44" amount="1"/><kerning first="121" second="97" amount="-1"/><kerning first="121" second="99" amount="-1"/><kerning first="121" second="100" amount="-1"/><kerning first="121" second="101" amount="-1"/><kerning first="121" second="106" amount="-1"/><kerning first="121" second="111" amount="-1"/><kerning first="121" second="113" amount="-1"/><kerning first="121" second="120" amount="-1"/><kerning first="121" second="122" amount="-2"/><kerning first="121" second="74" amount="-2"/><kerning first="121" second="84" amount="-1"/><kerning first="121" second="86" amount="-1"/><kerning first="121" second="88" amount="-1"/><kerning first="121" second="89" amount="-1"/><kerning first="121" second="46" amount="-4"/><kerning first="121" second="44" amount="-4"/><kerning first="122" second="97" amount="-1"/><kerning first="122" second="99" amount="-1"/><kerning first="122" second="100" amount="-1"/><kerning first="122" second="101" amount="-1"/><kerning first="122" second="111" amount="-1"/><kerning first="122" second="113" amount="-1"/><kerning first="122" second="117" amount="-1"/><kerning first="122" second="118" amount="-1"/><kerning first="122" second="121" amount="-1"/><kerning first="122" second="84" amount="-1"/><kerning first="122" second="89" amount="-1"/><kerning first="122" second="45" amount="-2"/><kerning first="65" second="97" amount="1"/><kerning first="65" second="102" amount="-1"/><kerning first="65" second="115" amount="1"/><kerning first="65" second="116" amount="-1"/><kerning first="65" second="118" amount="-1"/><kerning first="65" second="119" amount="-1"/><kerning first="65" second="120" amount="-1"/><kerning first="65" second="121" amount="-1"/><kerning first="65" second="67" amount="-1"/><kerning first="65" second="71" amount="-1"/><kerning first="65" second="79" amount="-1"/><kerning first="65" second="81" amount="-1"/><kerning first="65" second="84" amount="-4"/><kerning first="65" second="85" amount="-1"/><kerning first="65" second="86" amount="-1"/><kerning first="65" second="89" amount="-1"/><kerning first="65" second="63" amount="-2"/><kerning first="65" second="42" amount="-5"/><kerning first="65" second="34" amount="-4"/><kerning first="65" second="39" amount="-4"/><kerning first="65" second="92" amount="-2"/><kerning first="66" second="116" amount="-1"/><kerning first="66" second="118" amount="-1"/><kerning first="66" second="119" amount="-1"/><kerning first="66" second="120" amount="-1"/><kerning first="66" second="121" amount="-1"/><kerning first="66" second="74" amount="-1"/><kerning first="66" second="83" amount="-1"/><kerning first="66" second="84" amount="-2"/><kerning first="66" second="86" amount="-1"/><kerning first="66" second="87" amount="-1"/><kerning first="66" second="88" amount="-1"/><kerning first="66" second="89" amount="-1"/><kerning first="66" second="90" amount="-1"/><kerning first="66" second="42" amount="-2"/><kerning first="67" second="103" amount="-1"/><kerning first="67" second="116" amount="-2"/><kerning first="67" second="117" amount="-1"/><kerning first="67" second="118" amount="-1"/><kerning first="67" second="119" amount="-1"/><kerning first="67" second="121" amount="-1"/><kerning first="67" second="67" amount="-2"/><kerning first="67" second="71" amount="-2"/><kerning first="67" second="74" amount="-1"/><kerning first="67" second="79" amount="-2"/><kerning first="67" second="81" amount="-2"/><kerning first="67" second="83" amount="-2"/><kerning first="67" second="84" amount="-1"/><kerning first="67" second="85" amount="-1"/><kerning first="67" second="86" amount="-1"/><kerning first="67" second="87" amount="-1"/><kerning first="67" second="88" amount="-1"/><kerning first="67" second="89" amount="-1"/><kerning first="67" second="90" amount="-1"/><kerning first="67" second="45" amount="-2"/><kerning first="68" second="120" amount="-1"/><kerning first="68" second="122" amount="-1"/><kerning first="68" second="65" amount="-1"/><kerning first="68" second="74" amount="-3"/><kerning first="68" second="84" amount="-2"/><kerning first="68" second="86" amount="-1"/><kerning first="68" second="88" amount="-2"/><kerning first="68" second="89" amount="-1"/><kerning first="68" second="90" amount="-1"/><kerning first="68" second="42" amount="-1"/><kerning first="68" second="47" amount="-1"/><kerning first="69" second="99" amount="-1"/><kerning first="69" second="100" amount="-1"/><kerning first="69" second="101" amount="-1"/><kerning first="69" second="111" amount="-1"/><kerning first="69" second="113" amount="-1"/><kerning first="69" second="116" amount="-2"/><kerning first="69" second="118" amount="-1"/><kerning first="69" second="120" amount="-3"/><kerning first="69" second="121" amount="-1"/><kerning first="70" second="97" amount="-2"/><kerning first="70" second="99" amount="-1"/><kerning first="70" second="100" amount="-1"/><kerning first="70" second="101" amount="-1"/><kerning first="70" second="103" amount="-2"/><kerning first="70" second="109" amount="-1"/><kerning first="70" second="110" amount="-1"/><kerning first="70" second="111" amount="-1"/><kerning first="70" second="112" amount="-1"/><kerning first="70" second="113" amount="-1"/><kerning first="70" second="114" amount="-1"/><kerning first="70" second="115" amount="-2"/><kerning first="70" second="116" amount="-1"/><kerning first="70" second="117" amount="-1"/><kerning first="70" second="118" amount="-2"/><kerning first="70" second="119" amount="-2"/><kerning first="70" second="120" amount="-2"/><kerning first="70" second="121" amount="-2"/><kerning first="70" second="122" amount="-3"/><kerning first="70" second="65" amount="-2"/><kerning first="70" second="67" amount="-1"/><kerning first="70" second="71" amount="-1"/><kerning first="70" second="74" amount="-8"/><kerning first="70" second="79" amount="-1"/><kerning first="70" second="81" amount="-1"/><kerning first="70" second="83" amount="-2"/><kerning first="70" second="88" amount="-2"/><kerning first="70" second="89" amount="-1"/><kerning first="70" second="90" amount="-2"/><kerning first="70" second="46" amount="-5"/><kerning first="70" second="44" amount="-5"/><kerning first="70" second="47" amount="-3"/><kerning first="71" second="65" amount="-1"/><kerning first="71" second="84" amount="-1"/><kerning first="71" second="86" amount="-1"/><kerning first="71" second="87" amount="-1"/><kerning first="71" second="42" amount="-1"/><kerning first="74" second="74" amount="-2"/><kerning first="74" second="46" amount="-2"/><kerning first="74" second="44" amount="-2"/><kerning first="75" second="99" amount="-1"/><kerning first="75" second="100" amount="-1"/><kerning first="75" second="101" amount="-1"/><kerning first="75" second="106" amount="-1"/><kerning first="75" second="111" amount="-1"/><kerning first="75" second="113" amount="-1"/><kerning first="75" second="116" amount="-3"/><kerning first="75" second="117" amount="-1"/><kerning first="75" second="118" amount="-2"/><kerning first="75" second="119" amount="-2"/><kerning first="75" second="120" amount="-2"/><kerning first="75" second="121" amount="-2"/><kerning first="75" second="122" amount="-1"/><kerning first="75" second="65" amount="-1"/><kerning first="75" second="67" amount="-2"/><kerning first="75" second="71" amount="-2"/><kerning first="75" second="79" amount="-2"/><kerning first="75" second="81" amount="-2"/><kerning first="75" second="83" amount="-1"/><kerning first="75" second="84" amount="-2"/><kerning first="75" second="85" amount="-1"/><kerning first="75" second="86" amount="-1"/><kerning first="75" second="87" amount="-1"/><kerning first="75" second="89" amount="-2"/><kerning first="75" second="63" amount="-1"/><kerning first="75" second="42" amount="-2"/><kerning first="75" second="45" amount="-3"/><kerning first="75" second="34" amount="-2"/><kerning first="75" second="39" amount="-2"/><kerning first="76" second="99" amount="-1"/><kerning first="76" second="100" amount="-1"/><kerning first="76" second="101" amount="-1"/><kerning first="76" second="102" amount="-1"/><kerning first="76" second="103" amount="-1"/><kerning first="76" second="111" amount="-1"/><kerning first="76" second="113" amount="-1"/><kerning first="76" second="116" amount="-2"/><kerning first="76" second="117" amount="-1"/><kerning first="76" second="118" amount="-3"/><kerning first="76" second="119" amount="-2"/><kerning first="76" second="121" amount="-3"/><kerning first="76" second="67" amount="-2"/><kerning first="76" second="71" amount="-2"/><kerning first="76" second="79" amount="-2"/><kerning first="76" second="81" amount="-2"/><kerning first="76" second="83" amount="-2"/><kerning first="76" second="84" amount="-7"/><kerning first="76" second="85" amount="-2"/><kerning first="76" second="86" amount="-5"/><kerning first="76" second="87" amount="-3"/><kerning first="76" second="89" amount="-5"/><kerning first="76" second="63" amount="-3"/><kerning first="76" second="42" amount="-10"/><kerning first="76" second="45" amount="-2"/><kerning first="76" second="34" amount="-8"/><kerning first="76" second="39" amount="-8"/><kerning first="76" second="92" amount="-5"/><kerning first="79" second="120" amount="-1"/><kerning first="79" second="122" amount="-1"/><kerning first="79" second="65" amount="-1"/><kerning first="79" second="74" amount="-3"/><kerning first="79" second="84" amount="-2"/><kerning first="79" second="86" amount="-1"/><kerning first="79" second="88" amount="-2"/><kerning first="79" second="89" amount="-1"/><kerning first="79" second="90" amount="-1"/><kerning first="79" second="42" amount="-1"/><kerning first="79" second="47" amount="-1"/><kerning first="80" second="97" amount="-2"/><kerning first="80" second="99" amount="-1"/><kerning first="80" second="100" amount="-1"/><kerning first="80" second="101" amount="-1"/><kerning first="80" second="103" amount="-1"/><kerning first="80" second="111" amount="-1"/><kerning first="80" second="113" amount="-1"/><kerning first="80" second="115" amount="-1"/><kerning first="80" second="120" amount="-1"/><kerning first="80" second="122" amount="-1"/><kerning first="80" second="65" amount="-3"/><kerning first="80" second="74" amount="-8"/><kerning first="80" second="83" amount="-1"/><kerning first="80" second="84" amount="-1"/><kerning first="80" second="88" amount="-2"/><kerning first="80" second="89" amount="-1"/><kerning first="80" second="90" amount="-3"/><kerning first="80" second="45" amount="-1"/><kerning first="80" second="46" amount="-8"/><kerning first="80" second="44" amount="-8"/><kerning first="80" second="47" amount="-3"/><kerning first="81" second="120" amount="-1"/><kerning first="81" second="122" amount="-1"/><kerning first="81" second="65" amount="-1"/><kerning first="81" second="74" amount="-3"/><kerning first="81" second="84" amount="-2"/><kerning first="81" second="86" amount="-1"/><kerning first="81" second="88" amount="-2"/><kerning first="81" second="89" amount="-1"/><kerning first="81" second="90" amount="-1"/><kerning first="81" second="42" amount="-1"/><kerning first="81" second="47" amount="-1"/><kerning first="82" second="97" amount="-1"/><kerning first="82" second="99" amount="-1"/><kerning first="82" second="100" amount="-1"/><kerning first="82" second="101" amount="-1"/><kerning first="82" second="103" amount="-1"/><kerning first="82" second="111" amount="-1"/><kerning first="82" second="113" amount="-1"/><kerning first="82" second="120" amount="-1"/><kerning first="82" second="122" amount="-1"/><kerning first="82" second="65" amount="-1"/><kerning first="82" second="74" amount="-1"/><kerning first="82" second="83" amount="-1"/><kerning first="82" second="84" amount="-1"/><kerning first="82" second="86" amount="-1"/><kerning first="82" second="88" amount="-1"/><kerning first="82" second="89" amount="-1"/><kerning first="82" second="90" amount="-1"/><kerning first="82" second="42" amount="-1"/><kerning first="82" second="45" amount="-2"/><kerning first="83" second="116" amount="-2"/><kerning first="83" second="122" amount="-1"/><kerning first="83" second="74" amount="-1"/><kerning first="83" second="83" amount="-1"/><kerning first="83" second="84" amount="-1"/><kerning first="83" second="89" amount="-1"/><kerning first="83" second="42" amount="-1"/><kerning first="83" second="45" amount="1"/><kerning first="84" second="97" amount="-4"/><kerning first="84" second="99" amount="-4"/><kerning first="84" second="100" amount="-4"/><kerning first="84" second="101" amount="-4"/><kerning first="84" second="102" amount="-1"/><kerning first="84" second="103" amount="-4"/><kerning first="84" second="109" amount="-2"/><kerning first="84" second="110" amount="-2"/><kerning first="84" second="111" amount="-4"/><kerning first="84" second="112" amount="-2"/><kerning first="84" second="113" amount="-4"/><kerning first="84" second="114" amount="-2"/><kerning first="84" second="115" amount="-3"/><kerning first="84" second="116" amount="-1"/><kerning first="84" second="117" amount="-2"/><kerning first="84" second="118" amount="-1"/><kerning first="84" second="119" amount="-1"/><kerning first="84" second="120" amount="-1"/><kerning first="84" second="121" amount="-1"/><kerning first="84" second="122" amount="-4"/><kerning first="84" second="65" amount="-2"/><kerning first="84" second="67" amount="-2"/><kerning first="84" second="71" amount="-2"/><kerning first="84" second="74" amount="-7"/><kerning first="84" second="79" amount="-2"/><kerning first="84" second="81" amount="-2"/><kerning first="84" second="83" amount="-1"/><kerning first="84" second="88" amount="-1"/><kerning first="84" second="89" amount="-1"/><kerning first="84" second="90" amount="-2"/><kerning first="84" second="59" amount="-1"/><kerning first="84" second="58" amount="-1"/><kerning first="84" second="45" amount="-4"/><kerning first="84" second="46" amount="-7"/><kerning first="84" second="44" amount="-7"/><kerning first="84" second="47" amount="-4"/><kerning first="85" second="97" amount="-1"/><kerning first="85" second="103" amount="-1"/><kerning first="85" second="115" amount="-1"/><kerning first="85" second="120" amount="-1"/><kerning first="85" second="65" amount="-1"/><kerning first="85" second="74" amount="-3"/><kerning first="85" second="83" amount="-1"/><kerning first="85" second="86" amount="-1"/><kerning first="85" second="88" amount="-1"/><kerning first="85" second="89" amount="-1"/><kerning first="85" second="46" amount="-2"/><kerning first="85" second="44" amount="-2"/><kerning first="85" second="47" amount="-1"/><kerning first="86" second="97" amount="-2"/><kerning first="86" second="99" amount="-1"/><kerning first="86" second="100" amount="-1"/><kerning first="86" second="101" amount="-1"/><kerning first="86" second="103" amount="-1"/><kerning first="86" second="109" amount="-1"/><kerning first="86" second="110" amount="-1"/><kerning first="86" second="111" amount="-1"/><kerning first="86" second="112" amount="-1"/><kerning first="86" second="113" amount="-1"/><kerning first="86" second="114" amount="-1"/><kerning first="86" second="115" amount="-1"/><kerning first="86" second="117" amount="-2"/><kerning first="86" second="118" amount="-1"/><kerning first="86" second="119" amount="-1"/><kerning first="86" second="120" amount="-1"/><kerning first="86" second="121" amount="-1"/><kerning first="86" second="122" amount="-1"/><kerning first="86" second="65" amount="-1"/><kerning first="86" second="67" amount="-1"/><kerning first="86" second="71" amount="-1"/><kerning first="86" second="74" amount="-4"/><kerning first="86" second="79" amount="-1"/><kerning first="86" second="81" amount="-1"/><kerning first="86" second="83" amount="-1"/><kerning first="86" second="85" amount="-1"/><kerning first="86" second="86" amount="1"/><kerning first="86" second="90" amount="-1"/><kerning first="86" second="45" amount="-1"/><kerning first="86" second="46" amount="-4"/><kerning first="86" second="44" amount="-4"/><kerning first="86" second="47" amount="-1"/><kerning first="87" second="97" amount="-1"/><kerning first="87" second="122" amount="-1"/><kerning first="87" second="74" amount="-3"/><kerning first="87" second="45" amount="-1"/><kerning first="87" second="46" amount="-2"/><kerning first="87" second="44" amount="-2"/><kerning first="88" second="97" amount="-1"/><kerning first="88" second="99" amount="-1"/><kerning first="88" second="100" amount="-1"/><kerning first="88" second="101" amount="-1"/><kerning first="88" second="102" amount="-2"/><kerning first="88" second="111" amount="-1"/><kerning first="88" second="113" amount="-1"/><kerning first="88" second="116" amount="-2"/><kerning first="88" second="117" amount="-1"/><kerning first="88" second="118" amount="-2"/><kerning first="88" second="119" amount="-1"/><kerning first="88" second="120" amount="-1"/><kerning first="88" second="121" amount="-2"/><kerning first="88" second="122" amount="-1"/><kerning first="88" second="67" amount="-2"/><kerning first="88" second="71" amount="-2"/><kerning first="88" second="74" amount="-1"/><kerning first="88" second="79" amount="-2"/><kerning first="88" second="81" amount="-2"/><kerning first="88" second="83" amount="-1"/><kerning first="88" second="84" amount="-1"/><kerning first="88" second="85" amount="-1"/><kerning first="88" second="42" amount="-1"/><kerning first="88" second="45" amount="-2"/><kerning first="88" second="34" amount="-1"/><kerning first="88" second="39" amount="-1"/><kerning first="89" second="97" amount="-4"/><kerning first="89" second="99" amount="-3"/><kerning first="89" second="100" amount="-3"/><kerning first="89" second="101" amount="-3"/><kerning first="89" second="103" amount="-3"/><kerning first="89" second="109" amount="-2"/><kerning first="89" second="110" amount="-2"/><kerning first="89" second="111" amount="-3"/><kerning first="89" second="112" amount="-2"/><kerning first="89" second="113" amount="-3"/><kerning first="89" second="114" amount="-2"/><kerning first="89" second="115" amount="-3"/><kerning first="89" second="116" amount="-3"/><kerning first="89" second="117" amount="-2"/><kerning first="89" second="118" amount="-1"/><kerning first="89" second="119" amount="-2"/><kerning first="89" second="120" amount="-2"/><kerning first="89" second="121" amount="-1"/><kerning first="89" second="122" amount="-3"/><kerning first="89" second="65" amount="-1"/><kerning first="89" second="67" amount="-1"/><kerning first="89" second="71" amount="-1"/><kerning first="89" second="74" amount="-6"/><kerning first="89" second="79" amount="-1"/><kerning first="89" second="81" amount="-1"/><kerning first="89" second="83" amount="-1"/><kerning first="89" second="84" amount="-1"/><kerning first="89" second="85" amount="-1"/><kerning first="89" second="90" amount="-1"/><kerning first="89" second="59" amount="-2"/><kerning first="89" second="58" amount="-2"/><kerning first="89" second="63" amount="-1"/><kerning first="89" second="45" amount="-4"/><kerning first="89" second="46" amount="-7"/><kerning first="89" second="44" amount="-7"/><kerning first="89" second="47" amount="-3"/><kerning first="90" second="97" amount="-1"/><kerning first="90" second="99" amount="-1"/><kerning first="90" second="100" amount="-1"/><kerning first="90" second="101" amount="-1"/><kerning first="90" second="102" amount="-1"/><kerning first="90" second="103" amount="-1"/><kerning first="90" second="111" amount="-1"/><kerning first="90" second="113" amount="-1"/><kerning first="90" second="116" amount="-1"/><kerning first="90" second="117" amount="-1"/><kerning first="90" second="118" amount="-1"/><kerning first="90" second="119" amount="-1"/><kerning first="90" second="120" amount="-2"/><kerning first="90" second="121" amount="-1"/><kerning first="90" second="67" amount="-1"/><kerning first="90" second="71" amount="-1"/><kerning first="90" second="74" amount="-1"/><kerning first="90" second="79" amount="-1"/><kerning first="90" second="81" amount="-1"/><kerning first="90" second="83" amount="-2"/><kerning first="90" second="85" amount="-1"/><kerning first="90" second="89" amount="-1"/><kerning first="90" second="90" amount="-1"/><kerning first="90" second="45" amount="-1"/><kerning first="59" second="89" amount="-2"/><kerning first="59" second="42" amount="-1"/><kerning first="58" second="89" amount="-2"/><kerning first="58" second="42" amount="-1"/><kerning first="40" second="106" amount="5"/><kerning first="40" second="74" amount="-1"/><kerning first="45" second="116" amount="-1"/><kerning first="45" second="118" amount="-1"/><kerning first="45" second="120" amount="-1"/><kerning first="45" second="74" amount="-1"/><kerning first="45" second="83" amount="-2"/><kerning first="45" second="84" amount="-3"/><kerning first="45" second="86" amount="-1"/><kerning first="45" second="87" amount="-1"/><kerning first="45" second="88" amount="-2"/><kerning first="45" second="89" amount="-4"/><kerning first="45" second="90" amount="-1"/><kerning first="46" second="99" amount="-1"/><kerning first="46" second="100" amount="-1"/><kerning first="46" second="101" amount="-1"/><kerning first="46" second="106" amount="2"/><kerning first="46" second="111" amount="-1"/><kerning first="46" second="113" amount="-1"/><kerning first="46" second="116" amount="-4"/><kerning first="46" second="118" amount="-4"/><kerning first="46" second="119" amount="-2"/><kerning first="46" second="121" amount="-1"/><kerning first="46" second="84" amount="-6"/><kerning first="46" second="85" amount="-2"/><kerning first="46" second="86" amount="-4"/><kerning first="46" second="87" amount="-2"/><kerning first="46" second="89" amount="-7"/><kerning first="46" second="42" amount="-10"/><kerning first="46" second="34" amount="-8"/><kerning first="46" second="39" amount="-8"/><kerning first="44" second="99" amount="-1"/><kerning first="44" second="100" amount="-1"/><kerning first="44" second="101" amount="-1"/><kerning first="44" second="106" amount="2"/><kerning first="44" second="111" amount="-1"/><kerning first="44" second="113" amount="-1"/><kerning first="44" second="116" amount="-4"/><kerning first="44" second="118" amount="-4"/><kerning first="44" second="119" amount="-2"/><kerning first="44" second="121" amount="-1"/><kerning first="44" second="84" amount="-6"/><kerning first="44" second="85" amount="-2"/><kerning first="44" second="86" amount="-4"/><kerning first="44" second="87" amount="-2"/><kerning first="44" second="89" amount="-7"/><kerning first="44" second="42" amount="-10"/><kerning first="44" second="34" amount="-8"/><kerning first="44" second="39" amount="-8"/><kerning first="47" second="97" amount="-2"/><kerning first="47" second="99" amount="-1"/><kerning first="47" second="100" amount="-1"/><kerning first="47" second="101" amount="-1"/><kerning first="47" second="103" amount="-1"/><kerning first="47" second="111" amount="-1"/><kerning first="47" second="113" amount="-1"/><kerning first="47" second="117" amount="-1"/><kerning first="47" second="65" amount="-2"/><kerning first="47" second="67" amount="-1"/><kerning first="47" second="71" amount="-1"/><kerning first="47" second="74" amount="-5"/><kerning first="47" second="79" amount="-1"/><kerning first="47" second="81" amount="-1"/><kerning first="34" second="99" amount="-1"/><kerning first="34" second="100" amount="-1"/><kerning first="34" second="101" amount="-1"/><kerning first="34" second="111" amount="-1"/><kerning first="34" second="113" amount="-1"/><kerning first="34" second="115" amount="-1"/><kerning first="34" second="65" amount="-4"/><kerning first="34" second="74" amount="-7"/><kerning first="34" second="83" amount="-1"/><kerning first="34" second="88" amount="-1"/><kerning first="34" second="46" amount="-8"/><kerning first="34" second="44" amount="-8"/><kerning first="39" second="99" amount="-1"/><kerning first="39" second="100" amount="-1"/><kerning first="39" second="101" amount="-1"/><kerning first="39" second="111" amount="-1"/><kerning first="39" second="113" amount="-1"/><kerning first="39" second="115" amount="-1"/><kerning first="39" second="65" amount="-4"/><kerning first="39" second="74" amount="-7"/><kerning first="39" second="83" amount="-1"/><kerning first="39" second="88" amount="-1"/><kerning first="39" second="46" amount="-8"/><kerning first="39" second="44" amount="-8"/><kerning first="123" second="106" amount="5"/><kerning first="123" second="74" amount="-1"/><kerning first="91" second="106" amount="5"/><kerning first="91" second="74" amount="-1"/><kerning first="92" second="103" amount="1"/><kerning first="92" second="106" amount="4"/><kerning first="92" second="118" amount="-1"/><kerning first="92" second="119" amount="-1"/><kerning first="92" second="84" amount="-4"/><kerning first="92" second="85" amount="-1"/><kerning first="92" second="86" amount="-2"/><kerning first="92" second="87" amount="-1"/><kerning first="92" second="89" amount="-4"/></kernings></font>