<?xml version="1.0" encoding="UTF-8"?><font><info face="Roboto-Black" size="30" bold="0" italic="0" charset="" unicode="1" stretchH="100" smooth="1" aa="1" padding="1,1,1,1" spacing="1,1"/><common lineHeight="30" base="31" scaleW="290" scaleH="290" pages="1" packed="0"/><pages><page id="0" file="Roboto-Black-Red-Stroke-es.png"/></pages><chars count="96"><char id="32" x="0" y="0" width="0" height="0" xoffset="3" yoffset="0" xadvance="10" page="0" chnl="15"/><char id="33" x="176" y="176" width="16" height="32" xoffset="0" yoffset="5" xadvance="11" page="0" chnl="15"/><char id="34" x="57" y="269" width="19" height="18" xoffset="-1" yoffset="4" xadvance="12" page="0" chnl="15"/><char id="35" x="250" y="176" width="27" height="32" xoffset="-1" yoffset="5" xadvance="20" page="0" chnl="15"/><char id="36" x="98" y="0" width="25" height="39" xoffset="0" yoffset="2" xadvance="20" page="0" chnl="15"/><char id="37" x="193" y="176" width="30" height="32" xoffset="0" yoffset="5" xadvance="25" page="0" chnl="15"/><char id="38" x="223" y="41" width="29" height="33" xoffset="0" yoffset="5" xadvance="23" page="0" chnl="15"/><char id="39" x="42" y="269" width="14" height="19" xoffset="-1" yoffset="4" xadvance="7" page="0" chnl="15"/><char id="40" x="57" y="0" width="19" height="39" xoffset="0" yoffset="4" xadvance="13" page="0" chnl="15"/><char id="41" x="77" y="0" width="20" height="39" xoffset="-1" yoffset="4" xadvance="13" page="0" chnl="15"/><char id="42" x="237" y="242" width="23" height="24" xoffset="-1" yoffset="5" xadvance="16" page="0" chnl="15"/><char id="43" x="210" y="242" width="26" height="26" xoffset="-1" yoffset="9" xadvance="19" page="0" chnl="15"/><char id="44" x="26" y="269" width="15" height="19" xoffset="0" yoffset="23" xadvance="10" page="0" chnl="15"/><char id="45" x="118" y="269" width="19" height="14" xoffset="1" yoffset="16" xadvance="16" page="0" chnl="15"/><char id="46" x="77" y="269" width="15" height="15" xoffset="1" yoffset="22" xadvance="12" page="0" chnl="15"/><char id="47" x="27" y="41" width="22" height="34" xoffset="-2" yoffset="5" xadvance="13" page="0" chnl="15"/><char id="48" x="27" y="76" width="25" height="32" xoffset="0" yoffset="5" xadvance="20" page="0" chnl="15"/><char id="49" x="53" y="76" width="20" height="32" xoffset="1" yoffset="5" xadvance="20" page="0" chnl="15"/><char id="50" x="74" y="76" width="27" height="32" xoffset="-1" yoffset="5" xadvance="20" page="0" chnl="15"/><char id="51" x="102" y="76" width="25" height="32" xoffset="0" yoffset="5" xadvance="20" page="0" chnl="15"/><char id="52" x="128" y="76" width="27" height="32" xoffset="-1" yoffset="5" xadvance="20" page="0" chnl="15"/><char id="53" x="156" y="76" width="25" height="32" xoffset="0" yoffset="5" xadvance="20" page="0" chnl="15"/><char id="54" x="182" y="76" width="26" height="32" xoffset="0" yoffset="5" xadvance="20" page="0" chnl="15"/><char id="55" x="209" y="76" width="27" height="32" xoffset="-1" yoffset="5" xadvance="20" page="0" chnl="15"/><char id="56" x="237" y="76" width="25" height="32" xoffset="0" yoffset="5" xadvance="20" page="0" chnl="15"/><char id="57" x="50" y="41" width="25" height="33" xoffset="0" yoffset="5" xadvance="20" page="0" chnl="15"/><char id="58" x="194" y="242" width="15" height="26" xoffset="1" yoffset="11" xadvance="11" page="0" chnl="15"/><char id="59" x="110" y="209" width="16" height="31" xoffset="0" yoffset="11" xadvance="11" page="0" chnl="15"/><char id="61" x="0" y="269" width="25" height="21" xoffset="0" yoffset="12" xadvance="20" page="0" chnl="15"/><char id="63" x="224" y="176" width="25" height="32" xoffset="-1" yoffset="5" xadvance="18" page="0" chnl="15"/><char id="64" x="124" y="0" width="36" height="38" xoffset="-1" yoffset="6" xadvance="29" page="0" chnl="15"/><char id="65" x="53" y="110" width="29" height="32" xoffset="-1" yoffset="5" xadvance="22" page="0" chnl="15"/><char id="66" x="263" y="76" width="27" height="32" xoffset="0" yoffset="5" xadvance="22" page="0" chnl="15"/><char id="67" x="83" y="110" width="27" height="32" xoffset="0" yoffset="5" xadvance="22" page="0" chnl="15"/><char id="68" x="111" y="110" width="28" height="32" xoffset="0" yoffset="5" xadvance="22" page="0" chnl="15"/><char id="69" x="140" y="110" width="26" height="32" xoffset="0" yoffset="5" xadvance="20" page="0" chnl="15"/><char id="70" x="167" y="110" width="26" height="32" xoffset="0" yoffset="5" xadvance="20" page="0" chnl="15"/><char id="71" x="194" y="110" width="28" height="32" xoffset="0" yoffset="5" xadvance="22" page="0" chnl="15"/><char id="72" x="223" y="110" width="29" height="32" xoffset="0" yoffset="5" xadvance="24" page="0" chnl="15"/><char id="73" x="0" y="143" width="15" height="32" xoffset="1" yoffset="5" xadvance="11" page="0" chnl="15"/><char id="74" x="16" y="143" width="25" height="32" xoffset="0" yoffset="5" xadvance="20" page="0" chnl="15"/><char id="75" x="42" y="143" width="29" height="32" xoffset="0" yoffset="5" xadvance="22" page="0" chnl="15"/><char id="76" x="72" y="143" width="25" height="32" xoffset="0" yoffset="5" xadvance="19" page="0" chnl="15"/><char id="77" x="98" y="143" width="34" height="32" xoffset="0" yoffset="5" xadvance="29" page="0" chnl="15"/><char id="78" x="133" y="143" width="29" height="32" xoffset="0" yoffset="5" xadvance="24" page="0" chnl="15"/><char id="79" x="163" y="143" width="29" height="32" xoffset="0" yoffset="5" xadvance="23" page="0" chnl="15"/><char id="80" x="193" y="143" width="28" height="32" xoffset="0" yoffset="5" xadvance="22" page="0" chnl="15"/><char id="81" x="217" y="0" width="30" height="35" xoffset="0" yoffset="5" xadvance="24" page="0" chnl="15"/><char id="82" x="222" y="143" width="28" height="32" xoffset="0" yoffset="5" xadvance="22" page="0" chnl="15"/><char id="83" x="251" y="143" width="27" height="32" xoffset="0" yoffset="5" xadvance="21" page="0" chnl="15"/><char id="84" x="0" y="176" width="27" height="32" xoffset="-1" yoffset="5" xadvance="19" page="0" chnl="15"/><char id="85" x="28" y="176" width="29" height="32" xoffset="0" yoffset="5" xadvance="23" page="0" chnl="15"/><char id="86" x="58" y="176" width="29" height="32" xoffset="-1" yoffset="5" xadvance="22" page="0" chnl="15"/><char id="87" x="253" y="110" width="37" height="32" xoffset="-1" yoffset="5" xadvance="29" page="0" chnl="15"/><char id="88" x="88" y="176" width="29" height="32" xoffset="-1" yoffset="5" xadvance="22" page="0" chnl="15"/><char id="89" x="118" y="176" width="29" height="32" xoffset="-1" yoffset="5" xadvance="22" page="0" chnl="15"/><char id="90" x="148" y="176" width="27" height="32" xoffset="-1" yoffset="5" xadvance="20" page="0" chnl="15"/><char id="91" x="20" y="0" width="18" height="40" xoffset="0" yoffset="2" xadvance="11" page="0" chnl="15"/><char id="93" x="39" y="0" width="17" height="40" xoffset="-1" yoffset="2" xadvance="11" page="0" chnl="15"/><char id="94" x="261" y="242" width="23" height="22" xoffset="-1" yoffset="5" xadvance="16" page="0" chnl="15"/><char id="95" x="93" y="269" width="24" height="14" xoffset="-1" yoffset="27" xadvance="16" page="0" chnl="15"/><char id="97" x="127" y="209" width="26" height="27" xoffset="-1" yoffset="11" xadvance="18" page="0" chnl="15"/><char id="98" x="248" y="0" width="25" height="34" xoffset="0" yoffset="4" xadvance="19" page="0" chnl="15"/><char id="99" x="233" y="209" width="25" height="26" xoffset="-1" yoffset="11" xadvance="18" page="0" chnl="15"/><char id="100" x="0" y="41" width="26" height="34" xoffset="-1" yoffset="4" xadvance="19" page="0" chnl="15"/><char id="101" x="154" y="209" width="26" height="27" xoffset="-1" yoffset="11" xadvance="18" page="0" chnl="15"/><char id="102" x="76" y="41" width="22" height="33" xoffset="-1" yoffset="4" xadvance="13" page="0" chnl="15"/><char id="103" x="99" y="41" width="26" height="33" xoffset="-1" yoffset="11" xadvance="19" page="0" chnl="15"/><char id="104" x="126" y="41" width="25" height="33" xoffset="0" yoffset="4" xadvance="19" page="0" chnl="15"/><char id="105" x="274" y="0" width="16" height="33" xoffset="0" yoffset="4" xadvance="11" page="0" chnl="15"/><char id="106" x="0" y="0" width="19" height="40" xoffset="-3" yoffset="4" xadvance="11" page="0" chnl="15"/><char id="107" x="152" y="41" width="26" height="33" xoffset="0" yoffset="4" xadvance="19" page="0" chnl="15"/><char id="108" x="179" y="41" width="16" height="33" xoffset="0" yoffset="4" xadvance="11" page="0" chnl="15"/><char id="109" x="0" y="242" width="34" height="26" xoffset="0" yoffset="11" xadvance="28" page="0" chnl="15"/><char id="110" x="259" y="209" width="25" height="26" xoffset="0" yoffset="11" xadvance="19" page="0" chnl="15"/><char id="111" x="35" y="242" width="25" height="26" xoffset="0" yoffset="11" xadvance="19" page="0" chnl="15"/><char id="112" x="0" y="110" width="25" height="32" xoffset="0" yoffset="11" xadvance="19" page="0" chnl="15"/><char id="113" x="26" y="110" width="26" height="32" xoffset="-1" yoffset="11" xadvance="19" page="0" chnl="15"/><char id="114" x="61" y="242" width="20" height="26" xoffset="0" yoffset="11" xadvance="14" page="0" chnl="15"/><char id="115" x="181" y="209" width="25" height="27" xoffset="-1" yoffset="11" xadvance="18" page="0" chnl="15"/><char id="116" x="88" y="209" width="21" height="31" xoffset="-1" yoffset="7" xadvance="13" page="0" chnl="15"/><char id="117" x="207" y="209" width="25" height="27" xoffset="0" yoffset="11" xadvance="19" page="0" chnl="15"/><char id="118" x="82" y="242" width="26" height="26" xoffset="-1" yoffset="11" xadvance="18" page="0" chnl="15"/><char id="119" x="109" y="242" width="32" height="26" xoffset="-1" yoffset="11" xadvance="24" page="0" chnl="15"/><char id="120" x="142" y="242" width="25" height="26" xoffset="-1" yoffset="11" xadvance="18" page="0" chnl="15"/><char id="121" x="196" y="41" width="26" height="33" xoffset="-1" yoffset="11" xadvance="18" page="0" chnl="15"/><char id="122" x="168" y="242" width="25" height="26" xoffset="-1" yoffset="11" xadvance="18" page="0" chnl="15"/><char id="123" x="161" y="0" width="19" height="38" xoffset="-1" yoffset="4" xadvance="12" page="0" chnl="15"/><char id="124" x="202" y="0" width="14" height="36" xoffset="1" yoffset="5" xadvance="10" page="0" chnl="15"/><char id="125" x="181" y="0" width="20" height="38" xoffset="-1" yoffset="4" xadvance="12" page="0" chnl="15"/><char id="161" x="0" y="209" width="15" height="32" xoffset="1" yoffset="11" xadvance="12" page="0" chnl="15"/><char id="191" x="62" y="209" width="25" height="32" xoffset="0" yoffset="11" xadvance="18" page="0" chnl="15"/><char id="225" x="0" y="76" width="26" height="33" xoffset="-1" yoffset="5" xadvance="18" page="0" chnl="15"/><char id="233" x="253" y="41" width="26" height="33" xoffset="-1" yoffset="5" xadvance="18" page="0" chnl="15"/><char id="237" x="42" y="209" width="19" height="32" xoffset="0" yoffset="5" xadvance="11" page="0" chnl="15"/><char id="243" x="16" y="209" width="25" height="32" xoffset="0" yoffset="5" xadvance="19" page="0" chnl="15"/></chars><kernings count="157"><kerning first="114" second="46" amount="-3"/><kerning first="114" second="44" amount="-3"/><kerning first="118" second="46" amount="-2"/><kerning first="118" second="44" amount="-2"/><kerning first="119" second="46" amount="-2"/><kerning first="119" second="44" amount="-2"/><kerning first="120" second="111" amount="-1"/><kerning first="120" second="243" amount="-1"/><kerning first="121" second="46" amount="-2"/><kerning first="121" second="44" amount="-2"/><kerning first="65" second="109" amount="-1"/><kerning first="65" second="110" amount="-1"/><kerning first="65" second="112" amount="-1"/><kerning first="65" second="118" amount="-1"/><kerning first="65" second="121" amount="-1"/><kerning first="65" second="84" amount="-1"/><kerning first="65" second="86" amount="-1"/><kerning first="65" second="87" amount="-1"/><kerning first="65" second="89" amount="-2"/><kerning first="65" second="63" amount="-1"/><kerning first="65" second="34" amount="-2"/><kerning first="65" second="39" amount="-2"/><kerning first="66" second="89" amount="-1"/><kerning first="68" second="89" amount="-1"/><kerning first="68" second="46" amount="-2"/><kerning first="68" second="44" amount="-2"/><kerning first="70" second="65" amount="-1"/><kerning first="70" second="74" amount="-3"/><kerning first="70" second="46" amount="-4"/><kerning first="70" second="44" amount="-4"/><kerning first="75" second="118" amount="-1"/><kerning first="75" second="119" amount="-1"/><kerning first="75" second="121" amount="-1"/><kerning first="75" second="45" amount="-2"/><kerning first="76" second="118" amount="-2"/><kerning first="76" second="119" amount="-1"/><kerning first="76" second="121" amount="-2"/><kerning first="76" second="84" amount="-3"/><kerning first="76" second="86" amount="-3"/><kerning first="76" second="87" amount="-1"/><kerning first="76" second="89" amount="-4"/><kerning first="76" second="34" amount="-4"/><kerning first="76" second="39" amount="-4"/><kerning first="79" second="89" amount="-1"/><kerning first="79" second="46" amount="-2"/><kerning first="79" second="44" amount="-2"/><kerning first="80" second="65" amount="-3"/><kerning first="80" second="74" amount="-3"/><kerning first="80" second="88" amount="-1"/><kerning first="80" second="90" amount="-1"/><kerning first="80" second="46" amount="-6"/><kerning first="80" second="44" amount="-6"/><kerning first="81" second="89" amount="-1"/><kerning first="82" second="84" amount="-1"/><kerning first="82" second="89" amount="-1"/><kerning first="84" second="97" amount="-1"/><kerning first="84" second="99" amount="-1"/><kerning first="84" second="100" amount="-1"/><kerning first="84" second="101" amount="-1"/><kerning first="84" second="103" amount="-1"/><kerning first="84" second="109" amount="-1"/><kerning first="84" second="110" amount="-1"/><kerning first="84" second="111" amount="-1"/><kerning first="84" second="112" amount="-1"/><kerning first="84" second="113" amount="-1"/><kerning first="84" second="114" amount="-1"/><kerning first="84" second="115" amount="-1"/><kerning first="84" second="117" amount="-1"/><kerning first="84" second="118" amount="-1"/><kerning first="84" second="119" amount="-1"/><kerning first="84" second="120" amount="-1"/><kerning first="84" second="121" amount="-1"/><kerning first="84" second="122" amount="-1"/><kerning first="84" second="65" amount="-2"/><kerning first="84" second="74" amount="-3"/><kerning first="84" second="45" amount="-4"/><kerning first="84" second="46" amount="-4"/><kerning first="84" second="44" amount="-4"/><kerning first="84" second="243" amount="-1"/><kerning first="84" second="233" amount="-1"/><kerning first="84" second="225" amount="-1"/><kerning first="86" second="97" amount="-1"/><kerning first="86" second="99" amount="-1"/><kerning first="86" second="100" amount="-1"/><kerning first="86" second="101" amount="-1"/><kerning first="86" second="103" amount="-1"/><kerning first="86" second="111" amount="-1"/><kerning first="86" second="113" amount="-1"/><kerning first="86" second="65" amount="-1"/><kerning first="86" second="45" amount="-2"/><kerning first="86" second="46" amount="-3"/><kerning first="86" second="44" amount="-3"/><kerning first="86" second="243" amount="-1"/><kerning first="86" second="233" amount="-1"/><kerning first="86" second="225" amount="-1"/><kerning first="87" second="65" amount="-1"/><kerning first="87" second="45" amount="-1"/><kerning first="87" second="46" amount="-2"/><kerning first="87" second="44" amount="-2"/><kerning first="88" second="45" amount="-2"/><kerning first="89" second="97" amount="-1"/><kerning first="89" second="99" amount="-1"/><kerning first="89" second="100" amount="-1"/><kerning first="89" second="101" amount="-1"/><kerning first="89" second="103" amount="-1"/><kerning first="89" second="109" amount="-1"/><kerning first="89" second="110" amount="-1"/><kerning first="89" second="111" amount="-1"/><kerning first="89" second="112" amount="-1"/><kerning first="89" second="113" amount="-1"/><kerning first="89" second="114" amount="-1"/><kerning first="89" second="115" amount="-1"/><kerning first="89" second="117" amount="-1"/><kerning first="89" second="65" amount="-2"/><kerning first="89" second="74" amount="-1"/><kerning first="89" second="85" amount="-1"/><kerning first="89" second="42" amount="-1"/><kerning first="89" second="45" amount="-2"/><kerning first="89" second="46" amount="-3"/><kerning first="89" second="44" amount="-3"/><kerning first="89" second="243" amount="-1"/><kerning first="89" second="233" amount="-1"/><kerning first="89" second="225" amount="-1"/><kerning first="40" second="87" amount="1"/><kerning first="46" second="34" amount="-4"/><kerning first="46" second="39" amount="-4"/><kerning first="44" second="34" amount="-4"/><kerning first="44" second="39" amount="-4"/><kerning first="47" second="47" amount="-4"/><kerning first="34" second="97" amount="-1"/><kerning first="34" second="99" amount="-1"/><kerning first="34" second="100" amount="-1"/><kerning first="34" second="101" amount="-1"/><kerning first="34" second="103" amount="-1"/><kerning first="34" second="111" amount="-1"/><kerning first="34" second="113" amount="-1"/><kerning first="34" second="115" amount="-1"/><kerning first="34" second="65" amount="-2"/><kerning first="34" second="34" amount="-1"/><kerning first="34" second="39" amount="-1"/><kerning first="34" second="243" amount="-1"/><kerning first="34" second="233" amount="-1"/><kerning first="34" second="225" amount="-1"/><kerning first="39" second="97" amount="-1"/><kerning first="39" second="99" amount="-1"/><kerning first="39" second="100" amount="-1"/><kerning first="39" second="101" amount="-1"/><kerning first="39" second="103" amount="-1"/><kerning first="39" second="111" amount="-1"/><kerning first="39" second="113" amount="-1"/><kerning first="39" second="115" amount="-1"/><kerning first="39" second="65" amount="-2"/><kerning first="39" second="34" amount="-1"/><kerning first="39" second="39" amount="-1"/><kerning first="39" second="243" amount="-1"/><kerning first="39" second="233" amount="-1"/><kerning first="39" second="225" amount="-1"/></kernings></font>