[1,["1772171e1@6c48a"],["_textureSource"],["cc.SpriteFrame"],0,[[[{"name":"tile-background","rect":{"x":968,"y":220,"width":170,"height":211},"offset":{"x":0,"y":0},"originalSize":{"width":170,"height":211},"rotated":true,"capInsets":[0,0,0,0],"packable":true,"pixelsToUnit":100,"pivot":{"x":0.5,"y":0.5},"meshType":0}],[0],0,[0],[0],[0]],[[{"name":"2","rect":{"x":488,"y":226,"width":34,"height":167},"offset":{"x":-7.5,"y":7},"originalSize":{"width":171,"height":211},"rotated":false,"capInsets":[0,0,0,0],"packable":true,"pixelsToUnit":100,"pivot":{"x":0.5,"y":0.5},"meshType":0}],[0],0,[0],[0],[0]],[[{"name":"shadow","rect":{"x":272,"y":3,"width":217,"height":256},"offset":{"x":0,"y":0},"originalSize":{"width":217,"height":256},"rotated":true,"capInsets":[0,0,0,0],"packable":true,"pixelsToUnit":100,"pivot":{"x":0.5,"y":0.5},"meshType":0}],[0],0,[0],[0],[0]],[[{"name":"11","rect":{"x":740,"y":804,"width":120,"height":161},"offset":{"x":-7.5,"y":4},"originalSize":{"width":171,"height":211},"rotated":true,"capInsets":[0,0,0,0],"packable":true,"pixelsToUnit":100,"pivot":{"x":0.5,"y":0.5},"meshType":0}],[0],0,[0],[0],[0]],[[{"name":"40","rect":{"x":3,"y":395,"width":138,"height":169},"offset":{"x":-7.5,"y":7},"originalSize":{"width":171,"height":211},"rotated":true,"capInsets":[0,0,0,0],"packable":true,"pixelsToUnit":100,"pivot":{"x":0.5,"y":0.5},"meshType":0}],[0],0,[0],[0],[0]],[[{"name":"13","rect":{"x":955,"y":522,"width":120,"height":160},"offset":{"x":-7.5,"y":3.5},"originalSize":{"width":171,"height":211},"rotated":false,"capInsets":[0,0,0,0],"packable":true,"pixelsToUnit":100,"pivot":{"x":0.5,"y":0.5},"meshType":0}],[0],0,[0],[0],[0]],[[{"name":"26","rect":{"x":978,"y":688,"width":88,"height":172},"offset":{"x":-7.5,"y":7.5},"originalSize":{"width":171,"height":211},"rotated":true,"capInsets":[0,0,0,0],"packable":true,"pixelsToUnit":100,"pivot":{"x":0.5,"y":0.5},"meshType":0}],[0],0,[0],[0],[0]],[[{"name":"31","rect":{"x":957,"y":937,"width":124,"height":130},"offset":{"x":-7.5,"y":7.5},"originalSize":{"width":171,"height":211},"rotated":true,"capInsets":[0,0,0,0],"packable":true,"pixelsToUnit":100,"pivot":{"x":0.5,"y":0.5},"meshType":0}],[0],0,[0],[0],[0]],[[{"name":"pink","rect":{"x":3,"y":232,"width":157,"height":194},"offset":{"x":-7,"y":8},"originalSize":{"width":171,"height":212},"rotated":true,"capInsets":[0,0,0,0],"packable":true,"pixelsToUnit":100,"pivot":{"x":0.5,"y":0.5},"meshType":0}],[0],0,[0],[0],[0]],[[{"name":"32","rect":{"x":595,"y":804,"width":142,"height":139},"offset":{"x":-7.5,"y":7},"originalSize":{"width":171,"height":211},"rotated":true,"capInsets":[0,0,0,0],"packable":true,"pixelsToUnit":100,"pivot":{"x":0.5,"y":0.5},"meshType":0}],[0],0,[0],[0],[0]],[[{"name":"37","rect":{"x":3,"y":683,"width":136,"height":162},"offset":{"x":-3.5,"y":2.5},"originalSize":{"width":171,"height":211},"rotated":true,"capInsets":[0,0,0,0],"packable":true,"pixelsToUnit":100,"pivot":{"x":0.5,"y":0.5},"meshType":0}],[0],0,[0],[0],[0]],[[{"name":"17","rect":{"x":634,"y":952,"width":120,"height":162},"offset":{"x":-7.5,"y":4.5},"originalSize":{"width":171,"height":211},"rotated":true,"capInsets":[0,0,0,0],"packable":true,"pixelsToUnit":100,"pivot":{"x":0.5,"y":0.5},"meshType":0}],[0],0,[0],[0],[0]],[[{"name":"22","rect":{"x":478,"y":500,"width":136,"height":165},"offset":{"x":-7.5,"y":7},"originalSize":{"width":171,"height":211},"rotated":true,"capInsets":[0,0,0,0],"packable":true,"pixelsToUnit":100,"pivot":{"x":0.5,"y":0.5},"meshType":0}],[0],0,[0],[0],[0]],[[{"name":"1","rect":{"x":380,"y":389,"width":92,"height":173},"offset":{"x":-2.5,"y":8},"originalSize":{"width":171,"height":211},"rotated":false,"capInsets":[0,0,0,0],"packable":true,"pixelsToUnit":100,"pivot":{"x":0.5,"y":0.5},"meshType":0}],[0],0,[0],[0],[0]],[[{"name":"42","rect":{"x":528,"y":357,"width":137,"height":169},"offset":{"x":-5,"y":7},"originalSize":{"width":171,"height":211},"rotated":true,"capInsets":[0,0,0,0],"packable":true,"pixelsToUnit":100,"pivot":{"x":0.5,"y":0.5},"meshType":0}],[0],0,[0],[0],[0]],[[{"name":"6","rect":{"x":353,"y":568,"width":114,"height":167},"offset":{"x":-7.5,"y":7},"originalSize":{"width":171,"height":211},"rotated":false,"capInsets":[0,0,0,0],"packable":true,"pixelsToUnit":100,"pivot":{"x":0.5,"y":0.5},"meshType":0}],[0],0,[0],[0],[0]],[[{"name":"5","rect":{"x":349,"y":741,"width":114,"height":167},"offset":{"x":-7.5,"y":7},"originalSize":{"width":171,"height":211},"rotated":false,"capInsets":[0,0,0,0],"packable":true,"pixelsToUnit":100,"pivot":{"x":0.5,"y":0.5},"meshType":0}],[0],0,[0],[0],[0]],[[{"name":"20","rect":{"x":877,"y":357,"width":74,"height":158},"offset":{"x":-7.5,"y":7.5},"originalSize":{"width":171,"height":211},"rotated":false,"capInsets":[0,0,0,0],"packable":true,"pixelsToUnit":100,"pivot":{"x":0.5,"y":0.5},"meshType":0}],[0],0,[0],[0],[0]],[[{"name":"yellow","rect":{"x":768,"y":3,"width":171,"height":211},"offset":{"x":0,"y":0},"originalSize":{"width":171,"height":211},"rotated":true,"capInsets":[0,0,0,0],"packable":true,"pixelsToUnit":100,"pivot":{"x":0.5,"y":0.5},"meshType":0}],[0],0,[0],[0],[0]],[[{"name":"36","rect":{"x":171,"y":820,"width":138,"height":156},"offset":{"x":-5.5,"y":1.5},"originalSize":{"width":171,"height":211},"rotated":true,"capInsets":[0,0,0,0],"packable":true,"pixelsToUnit":100,"pivot":{"x":0.5,"y":0.5},"meshType":0}],[0],0,[0],[0],[0]],[[{"name":"spark","rect":{"x":203,"y":232,"width":48,"height":48},"offset":{"x":0,"y":0},"originalSize":{"width":48,"height":48},"rotated":false,"capInsets":[0,0,0,0],"packable":true,"pixelsToUnit":100,"pivot":{"x":0.5,"y":0.5},"meshType":0}],[0],0,[0],[0],[0]],[[{"name":"27","rect":{"x":703,"y":357,"width":134,"height":168},"offset":{"x":-7.5,"y":7.5},"originalSize":{"width":171,"height":211},"rotated":true,"capInsets":[0,0,0,0],"packable":true,"pixelsToUnit":100,"pivot":{"x":0.5,"y":0.5},"meshType":0}],[0],0,[0],[0],[0]],[[{"name":"blue","rect":{"x":985,"y":3,"width":171,"height":211},"offset":{"x":0,"y":0},"originalSize":{"width":171,"height":211},"rotated":false,"capInsets":[0,0,0,0],"packable":true,"pixelsToUnit":100,"pivot":{"x":0.5,"y":0.5},"meshType":0}],[0],0,[0],[0],[0]],[[{"name":"10","rect":{"x":907,"y":793,"width":120,"height":151},"offset":{"x":-7.5,"y":-1},"originalSize":{"width":171,"height":211},"rotated":true,"capInsets":[0,0,0,0],"packable":true,"pixelsToUnit":100,"pivot":{"x":0.5,"y":0.5},"meshType":0}],[0],0,[0],[0],[0]],[[{"name":"24","rect":{"x":804,"y":695,"width":92,"height":168},"offset":{"x":-7.5,"y":7.5},"originalSize":{"width":171,"height":211},"rotated":true,"capInsets":[0,0,0,0],"packable":true,"pixelsToUnit":100,"pivot":{"x":0.5,"y":0.5},"meshType":0}],[0],0,[0],[0],[0]],[[{"name":"7","rect":{"x":473,"y":1081,"width":113,"height":166},"offset":{"x":-8,"y":7.5},"originalSize":{"width":171,"height":211},"rotated":true,"capInsets":[0,0,0,0],"packable":true,"pixelsToUnit":100,"pivot":{"x":0.5,"y":0.5},"meshType":0}],[0],0,[0],[0],[0]],[[{"name":"28","rect":{"x":333,"y":914,"width":122,"height":163},"offset":{"x":-7.5,"y":7},"originalSize":{"width":171,"height":211},"rotated":false,"capInsets":[0,0,0,0],"packable":true,"pixelsToUnit":100,"pivot":{"x":0.5,"y":0.5},"meshType":0}],[0],0,[0],[0],[0]],[[{"name":"glow","rect":{"x":1162,"y":3,"width":107,"height":1},"offset":{"x":1,"y":0},"originalSize":{"width":109,"height":1},"rotated":true,"capInsets":[0,0,0,0],"packable":true,"pixelsToUnit":100,"pivot":{"x":0.5,"y":0.5},"meshType":0}],[0],0,[0],[0],[0]],[[{"name":"19","rect":{"x":817,"y":1059,"width":134,"height":134},"offset":{"x":-6.5,"y":7.5},"originalSize":{"width":171,"height":211},"rotated":false,"capInsets":[0,0,0,0],"packable":true,"pixelsToUnit":100,"pivot":{"x":0.5,"y":0.5},"meshType":0}],[0],0,[0],[0],[0]],[[{"name":"15","rect":{"x":957,"y":396,"width":120,"height":170},"offset":{"x":-7.5,"y":8.5},"originalSize":{"width":171,"height":211},"rotated":true,"capInsets":[0,0,0,0],"packable":true,"pixelsToUnit":100,"pivot":{"x":0.5,"y":0.5},"meshType":0}],[0],0,[0],[0],[0]],[[{"name":"38","rect":{"x":636,"y":672,"width":126,"height":162},"offset":{"x":-13.5,"y":3.5},"originalSize":{"width":171,"height":211},"rotated":true,"capInsets":[0,0,0,0],"packable":true,"pixelsToUnit":100,"pivot":{"x":0.5,"y":0.5},"meshType":0}],[0],0,[0],[0],[0]],[[{"name":"hidden","rect":{"x":534,"y":180,"width":171,"height":211},"offset":{"x":0,"y":0},"originalSize":{"width":171,"height":211},"rotated":true,"capInsets":[0,0,0,0],"packable":true,"pixelsToUnit":100,"pivot":{"x":0.5,"y":0.5},"meshType":0}],[0],0,[0],[0],[0]],[[{"name":"33","rect":{"x":1081,"y":522,"width":109,"height":158},"offset":{"x":-8,"y":7.5},"originalSize":{"width":171,"height":211},"rotated":false,"capInsets":[0,0,0,0],"packable":true,"pixelsToUnit":100,"pivot":{"x":0.5,"y":0.5},"meshType":0}],[0],0,[0],[0],[0]],[[{"name":"grey","rect":{"x":751,"y":180,"width":171,"height":211},"offset":{"x":0,"y":0},"originalSize":{"width":171,"height":211},"rotated":true,"capInsets":[0,0,0,0],"packable":true,"pixelsToUnit":100,"pivot":{"x":0.5,"y":0.5},"meshType":0}],[0],0,[0],[0],[0]],[[{"name":"39","rect":{"x":178,"y":534,"width":138,"height":169},"offset":{"x":-4.5,"y":7},"originalSize":{"width":171,"height":211},"rotated":true,"capInsets":[0,0,0,0],"packable":true,"pixelsToUnit":100,"pivot":{"x":0.5,"y":0.5},"meshType":0}],[0],0,[0],[0],[0]],[[{"name":"green","rect":{"x":272,"y":226,"width":157,"height":210},"offset":{"x":-7,"y":-0.5},"originalSize":{"width":171,"height":211},"rotated":true,"capInsets":[0,0,0,0],"packable":true,"pixelsToUnit":100,"pivot":{"x":0.5,"y":0.5},"meshType":0}],[0],0,[0],[0],[0]],[[{"name":"8","rect":{"x":842,"y":521,"width":107,"height":168},"offset":{"x":-8,"y":7.5},"originalSize":{"width":171,"height":211},"rotated":false,"capInsets":[0,0,0,0],"packable":true,"pixelsToUnit":100,"pivot":{"x":0.5,"y":0.5},"meshType":0}],[0],0,[0],[0],[0]],[[{"name":"21","rect":{"x":203,"y":389,"width":139,"height":171},"offset":{"x":-7,"y":7},"originalSize":{"width":171,"height":211},"rotated":true,"capInsets":[0,0,0,0],"packable":true,"pixelsToUnit":100,"pivot":{"x":0.5,"y":0.5},"meshType":0}],[0],0,[0],[0],[0]],[[{"name":"9","rect":{"x":645,"y":1078,"width":113,"height":166},"offset":{"x":-8,"y":7.5},"originalSize":{"width":171,"height":211},"rotated":true,"capInsets":[0,0,0,0],"packable":true,"pixelsToUnit":100,"pivot":{"x":0.5,"y":0.5},"meshType":0}],[0],0,[0],[0],[0]],[[{"name":"3","rect":{"x":300,"y":1083,"width":114,"height":167},"offset":{"x":-7.5,"y":7},"originalSize":{"width":171,"height":211},"rotated":true,"capInsets":[0,0,0,0],"packable":true,"pixelsToUnit":100,"pivot":{"x":0.5,"y":0.5},"meshType":0}],[0],0,[0],[0],[0]],[[{"name":"35","rect":{"x":473,"y":642,"width":139,"height":157},"offset":{"x":-4,"y":3},"originalSize":{"width":171,"height":211},"rotated":true,"capInsets":[0,0,0,0],"packable":true,"pixelsToUnit":100,"pivot":{"x":0.5,"y":0.5},"meshType":0}],[0],0,[0],[0],[0]],[[{"name":"23","rect":{"x":178,"y":678,"width":136,"height":165},"offset":{"x":-7.5,"y":7},"originalSize":{"width":171,"height":211},"rotated":true,"capInsets":[0,0,0,0],"packable":true,"pixelsToUnit":100,"pivot":{"x":0.5,"y":0.5},"meshType":0}],[0],0,[0],[0],[0]],[[{"name":"30","rect":{"x":957,"y":1067,"width":126,"height":126},"offset":{"x":-7.5,"y":7.5},"originalSize":{"width":171,"height":211},"rotated":false,"capInsets":[0,0,0,0],"packable":true,"pixelsToUnit":100,"pivot":{"x":0.5,"y":0.5},"meshType":0}],[0],0,[0],[0],[0]],[[{"name":"25","rect":{"x":703,"y":497,"width":133,"height":169},"offset":{"x":-8,"y":8},"originalSize":{"width":171,"height":211},"rotated":false,"capInsets":[0,0,0,0],"packable":true,"pixelsToUnit":100,"pivot":{"x":0.5,"y":0.5},"meshType":0}],[0],0,[0],[0],[0]],[[{"name":"12","rect":{"x":129,"y":964,"width":120,"height":165},"offset":{"x":-7.5,"y":6},"originalSize":{"width":171,"height":211},"rotated":true,"capInsets":[0,0,0,0],"packable":true,"pixelsToUnit":100,"pivot":{"x":0.5,"y":0.5},"meshType":0}],[0],0,[0],[0],[0]],[[{"name":"34","rect":{"x":1064,"y":782,"width":120,"height":149},"offset":{"x":-7.5,"y":7},"originalSize":{"width":171,"height":211},"rotated":false,"capInsets":[0,0,0,0],"packable":true,"pixelsToUnit":100,"pivot":{"x":0.5,"y":0.5},"meshType":0}],[0],0,[0],[0],[0]],[[{"name":"41","rect":{"x":3,"y":539,"width":138,"height":169},"offset":{"x":-4.5,"y":7},"originalSize":{"width":171,"height":211},"rotated":true,"capInsets":[0,0,0,0],"packable":true,"pixelsToUnit":100,"pivot":{"x":0.5,"y":0.5},"meshType":0}],[0],0,[0],[0],[0]],[[{"name":"4","rect":{"x":461,"y":961,"width":114,"height":167},"offset":{"x":-7.5,"y":7},"originalSize":{"width":171,"height":211},"rotated":true,"capInsets":[0,0,0,0],"packable":true,"pixelsToUnit":100,"pivot":{"x":0.5,"y":0.5},"meshType":0}],[0],0,[0],[0],[0]],[[{"name":"shadow-glow","rect":{"x":3,"y":3,"width":223,"height":263},"offset":{"x":0,"y":0},"originalSize":{"width":223,"height":263},"rotated":true,"capInsets":[0,0,0,0],"packable":true,"pixelsToUnit":100,"pivot":{"x":0.5,"y":0.5},"meshType":0}],[0],0,[0],[0],[0]],[[{"name":"29","rect":{"x":802,"y":930,"width":123,"height":149},"offset":{"x":-8,"y":7},"originalSize":{"width":171,"height":211},"rotated":true,"capInsets":[0,0,0,0],"packable":true,"pixelsToUnit":100,"pivot":{"x":0.5,"y":0.5},"meshType":0}],[0],0,[0],[0],[0]],[[{"name":"16","rect":{"x":3,"y":825,"width":120,"height":172},"offset":{"x":-7.5,"y":9.5},"originalSize":{"width":171,"height":211},"rotated":false,"capInsets":[0,0,0,0],"packable":true,"pixelsToUnit":100,"pivot":{"x":0.5,"y":0.5},"meshType":0}],[0],0,[0],[0],[0]],[[{"name":"18","rect":{"x":3,"y":1003,"width":120,"height":165},"offset":{"x":-7.5,"y":6},"originalSize":{"width":171,"height":211},"rotated":false,"capInsets":[0,0,0,0],"packable":true,"pixelsToUnit":100,"pivot":{"x":0.5,"y":0.5},"meshType":0}],[0],0,[0],[0],[0]],[[{"name":"blue-border","rect":{"x":534,"y":3,"width":171,"height":228},"offset":{"x":0,"y":0},"originalSize":{"width":171,"height":228},"rotated":true,"capInsets":[0,0,0,0],"packable":true,"pixelsToUnit":100,"pivot":{"x":0.5,"y":0.5},"meshType":0}],[0],0,[0],[0],[0]],[[{"name":"14","rect":{"x":469,"y":787,"width":120,"height":168},"offset":{"x":-7.5,"y":7.5},"originalSize":{"width":171,"height":211},"rotated":false,"capInsets":[0,0,0,0],"packable":true,"pixelsToUnit":100,"pivot":{"x":0.5,"y":0.5},"meshType":0}],[0],0,[0],[0],[0]]]]
