{"skeleton":{"hash":"u9jT/s0Fr0op3za1/Y5O0eZS0ZA","spine":"3.8.99","x":-67.78,"y":1.39,"width":157.17,"height":170.2,"images":"./images/","audio":"D:/WORK/SUNDATA/MERGE MASTER/ANIMATION/Warriors/lv11_Wizard/Project_Spine38"},"bones":[{"name":"root"},{"name":"[RED] SKELETON CONTROL","parent":"root","scaleX":0.3527,"scaleY":0.3527,"color":"ff0000ff"},{"name":"torso","parent":"[RED] SKELETON CONTROL","x":6.64,"y":208.53},{"name":"torso2","parent":"torso","length":24.98,"rotation":94.03,"x":-1.44,"y":6.22},{"name":"torso3","parent":"torso2","length":41.25,"rotation":1.34,"x":24.98},{"name":"torso4","parent":"torso3","length":36.32,"rotation":-10.92,"x":41.25},{"name":"torso5","parent":"torso3","length":26.5,"rotation":-109.11,"x":41.97,"y":-2.22},{"name":"hand_left","parent":"torso5","length":40.43,"rotation":-36.72,"x":26.63,"y":-1.73},{"name":"hand_left2","parent":"hand_left","length":57.94,"rotation":76.51,"x":40.43},{"name":"hand_left3","parent":"hand_left2","length":25.75,"rotation":-12.18,"x":57.94,"transform":"noRotationOrReflection"},{"name":"hand_left4","parent":"hand_left3","length":22.75,"rotation":26.74,"x":25.75},{"name":"hand_right","parent":"torso3","length":29.64,"rotation":94.46,"x":42.82,"y":0.89},{"name":"hand_right3","parent":"hand_right","length":55.57,"rotation":52.02,"x":29.87,"y":-0.04},{"name":"hand_right4","parent":"hand_right3","length":49.53,"rotation":-73.36,"x":55.57},{"name":"hand_right5","parent":"hand_right4","length":30.45,"rotation":22.4,"x":49.39,"y":-0.5},{"name":"hand_right6","parent":"hand_right5","length":27.87,"rotation":-27.68,"x":30.45},{"name":"torso6","parent":"torso","length":40.73,"rotation":-108.43,"x":-33.4,"y":-0.53},{"name":"torso7","parent":"torso6","length":57.93,"rotation":8.37,"x":40.88,"y":-0.44},{"name":"torso8","parent":"torso7","length":50.04,"rotation":-8.71,"x":57.93},{"name":"torso9","parent":"torso8","length":52.66,"rotation":-53.43,"x":50.04},{"name":"torso10","parent":"torso","length":49.54,"rotation":-74.93,"x":25.94,"y":3.15},{"name":"torso11","parent":"torso10","length":59.74,"rotation":-8.44,"x":49.54},{"name":"torso12","parent":"torso11","length":38.94,"rotation":7.73,"x":59.74},{"name":"torso13","parent":"torso12","length":46.32,"rotation":60.08,"x":38.94},{"name":"torso14","parent":"torso","length":46.48,"rotation":-92.7,"x":-0.32,"y":-15.62},{"name":"torso15","parent":"torso14","length":41.17,"rotation":2.09,"x":46.48},{"name":"torso16","parent":"torso15","length":35.93,"rotation":2.01,"x":41.17},{"name":"torso17","parent":"torso16","length":44.94,"rotation":8.71,"x":35.93},{"name":"coat","parent":"torso3","x":45.11,"y":12.06,"color":"ff0000ff"},{"name":"coat2","parent":"coat","length":41.8,"rotation":134.09,"x":-6.52,"y":33.36,"color":"ff0000ff"},{"name":"coat3","parent":"coat2","length":43.3,"rotation":-18.69,"x":41.8,"color":"ff0000ff"},{"name":"coat4","parent":"coat3","length":51.25,"rotation":6.94,"x":43.3,"color":"ff0000ff"},{"name":"coat5","parent":"coat4","length":67.01,"rotation":2.74,"x":51.25,"color":"ff0000ff"},{"name":"coat7","parent":"coat","length":43.46,"rotation":-139.2,"x":-4.17,"y":-26.48,"color":"ff0000ff"},{"name":"coat8","parent":"coat7","length":39.23,"rotation":-7.22,"x":43.46,"color":"ff0000ff"},{"name":"coat9","parent":"coat8","length":49.16,"rotation":-5.39,"x":39.23,"color":"ff0000ff"},{"name":"coat10","parent":"coat9","length":54.03,"rotation":-0.23,"x":49.16,"color":"ff0000ff"},{"name":"head","parent":"torso4","length":116.66,"rotation":9.38,"x":36.91,"y":1.35},{"name":"fire","parent":"[RED] SKELETON CONTROL","x":137.12,"y":344.64,"color":"ff0000ff"}],"slots":[{"name":"shadiow","bone":"[RED] SKELETON CONTROL","attachment":"shadiow"},{"name":"coat","bone":"coat7","attachment":"coat"},{"name":"hand_right","bone":"hand_right3","attachment":"hand_right"},{"name":"hand_right2","bone":"hand_right3","attachment":"hand_right"},{"name":"hand_left","bone":"hand_left","attachment":"hand_left"},{"name":"torso","bone":"torso","attachment":"torso"},{"name":"head","bone":"head","attachment":"head"},{"name":"hand_left2","bone":"hand_left","attachment":"hand_left"},{"name":"fx","bone":"root"},{"name":"fire_ball/fire_1","bone":"fire","attachment":"fire_ball/fire_3"},{"name":"lv11_Wizard mini_2","bone":"root"}],"skins":[{"name":"default","attachments":{"coat":{"coat":{"type":"mesh","uvs":[0.59773,0,0.68934,0.03859,0.75078,0.11962,0.87338,0.32971,0.96191,0.48921,1,0.61923,0.97651,0.77439,0.95246,0.9262,0.81111,0.97672,0.67444,0.97548,0.53091,0.97417,0.3909,0.9729,0.2982,0.98943,0.12127,0.99899,0.05753,0.84845,0.00072,0.71429,0.01982,0.6295,0.05782,0.55596,0.11805,0.45867,0.16459,0.39073,0.22146,0.33618,0.26822,0.28958,0.31813,0.23239,0.36215,0.16727,0.4384,0.02087,0.55537,0.66709,0.55333,0.45419,0.55333,0.29967,0.28597,0.67739,0.38394,0.4954,0.45537,0.35117,0.49006,0.23442,0.84313,0.64649,0.80028,0.55034,0.70844,0.40268,0.66354,0.26533],"triangles":[9,33,32,33,25,34,33,9,25,32,33,4,33,3,4,33,34,3,7,8,32,10,25,9,8,9,32,7,32,6,6,32,5,32,4,5,25,26,34,26,35,34,3,34,2,34,35,2,35,27,0,35,1,2,35,0,1,29,30,26,30,27,26,22,23,30,30,31,27,30,23,31,27,31,0,23,24,31,31,24,0,26,27,35,29,25,28,25,29,26,29,20,21,21,22,29,29,22,30,12,28,11,10,11,25,11,28,25,18,19,28,19,20,28,28,20,29,13,14,28,13,28,12,28,14,17,17,18,28,15,16,14,14,16,17],"vertices":[2,28,4.5,-10.89,0.65377,33,-16.75,-6.13,0.34623,1,33,9.32,8.78,1,1,33,34.02,11.26,1,2,34,44.61,15.35,0.22343,35,3.91,15.79,0.77657,2,36,-4.66,22.57,0.35933,35,44.59,22.59,0.64067,1,36,22.53,19.19,1,1,36,42.93,-3.16,1,2,36,62.71,-25.32,0.99663,35,111.76,-25.57,0.00337,2,36,45.99,-68.12,0.85393,35,94.87,-68.31,0.14607,4,31,-33.72,171.85,0.12758,30,-10.93,166.52,0.12277,36,21.92,-104.31,0.49511,35,70.65,-104.39,0.25454,4,31,2.24,143.74,0.35472,34,70.88,-145.91,0.09533,36,-3.36,-142.31,0.2941,35,45.22,-142.3,0.25584,4,32,-8.37,116.84,0.27223,31,37.31,116.31,0.50137,36,-28.02,-179.38,0.10723,35,20.41,-179.27,0.11917,4,32,16.09,100.1,0.45412,31,62.54,100.75,0.4463,36,-41.6,-205.73,0.04467,35,6.72,-205.56,0.0549,4,32,60.08,64.97,0.78791,31,108.16,67.77,0.1925,36,-71,-253.74,0.00803,35,-22.88,-253.45,0.01157,4,32,57.05,30.17,0.92026,31,106.79,32.86,0.07357,36,-105.91,-255.05,0.00241,35,-57.79,-254.61,0.00376,1,32,54.34,-0.84,1,1,32,39.33,-9.1,1,1,32,21.11,-11.84,1,2,32,-5.39,-13.41,0.24371,31,46.51,-13.65,0.75629,1,31,26.94,-14.75,1,2,31,6.33,-11.85,0.9143,30,51.01,-11,0.0857,1,30,33.73,-10.96,1,2,30,14.56,-12.12,0.92868,29,51.71,-16.15,0.07132,2,30,-3.76,-15.53,0.17306,29,33.26,-13.51,0.82694,1,29,-3.53,-13.07,1,4,30,-8.22,97.07,0.31076,34,30.63,-103.38,0.17849,36,-47.58,-103.93,0.21565,35,1.15,-103.73,0.29511,4,29,34.96,67.94,0.43898,33,32.51,-77.84,0.1824,34,-1.07,-78.59,0.21645,35,-32.74,-82.03,0.16217,4,29,12.76,48.96,0.54605,33,12.29,-56.77,0.27966,34,-23.78,-60.24,0.12505,35,-57.08,-65.89,0.04924,4,32,-19.21,52.7,0.25033,31,29.55,51.72,0.68866,36,-93.02,-176.58,0.0256,35,-44.58,-176.2,0.03541,4,30,22.02,41.29,0.8593,34,-28.87,-125.38,0.04757,36,-104.65,-131.66,0.03392,35,-56.03,-131.23,0.05921,4,29,40.41,31.61,0.82151,33,-3.44,-85.36,0.07508,34,-35.79,-90.58,0.06087,35,-66.19,-97.23,0.04254,4,29,16.47,25.65,0.81349,28,-36.4,27.34,0.14464,34,-46.02,-68.13,0.02929,35,-78.48,-75.84,0.01257,3,34,85.13,-29.76,0.01689,36,-0.57,-25.32,0.5261,35,48.48,-25.32,0.45701,3,34,62.43,-28.94,0.09342,36,-23.24,-26.73,0.13284,35,25.81,-26.63,0.77374,4,29,-4.5,99.09,0.07811,33,61.35,-36.65,0.14841,34,22.36,-34.11,0.54521,35,-13.59,-35.55,0.22828,4,29,-14.95,71.37,0.10318,33,33.08,-27.82,0.58913,34,-6.8,-28.9,0.27432,35,-43.12,-33.1,0.03337],"hull":25,"edges":[0,2,2,4,4,6,6,8,8,10,22,24,24,26,40,42,42,44,44,46,46,48,48,0,40,38,38,36,32,34,36,34,26,28,28,30,20,22,16,18,18,20,16,14,14,12,12,10,30,32],"width":318,"height":189}},"fire_ball/fire_1":{"fire_ball/fire_1":{"type":"mesh","uvs":[1,1,0,1,0,0,1,0],"triangles":[1,2,3,1,3,0],"vertices":[116.33,-88.84,-114.89,-88.84,-114.89,141.71,116.33,141.71],"hull":4,"edges":[0,2,2,4,4,6,0,6],"width":345,"height":344},"fire_ball/fire_2":{"type":"mesh","uvs":[1,1,0,1,0,0,1,0],"triangles":[1,2,3,1,3,0],"vertices":[116.33,-88.84,-114.89,-88.84,-114.89,141.71,116.33,141.71],"hull":4,"edges":[0,2,2,4,4,6,0,6],"width":345,"height":344},"fire_ball/fire_3":{"type":"mesh","uvs":[1,1,0,1,0,0,1,0],"triangles":[1,2,3,1,3,0],"vertices":[116.33,-88.84,-114.89,-88.84,-114.89,141.71,116.33,141.71],"hull":4,"edges":[0,2,2,4,4,6,0,6],"width":345,"height":344}},"hand_left":{"hand_left":{"type":"mesh","uvs":[0.59362,0.07044,0.67335,0.09471,0.74071,0.02242,0.77817,0.03765,0.76359,0.14528,0.71044,0.21101,0.77224,0.23428,0.83652,0.22821,0.89504,0.12193,0.9609,0.16943,0.99678,0.27903,0.96416,0.30976,0.89622,0.42036,0.82557,0.47818,0.76391,0.52865,0.69579,0.5844,0.63283,0.52852,0.57633,0.52288,0.48963,0.6031,0.41933,0.83436,0.33038,0.9009,0.25422,0.99729,0.19382,0.89395,0.21124,0.77725,0.18433,0.78009,0.15655,0.73464,0.08306,0.70446,0.07346,0.65313,0.12661,0.63153,0.0356,0.4507,0.0089,0.30792,0.01711,0.15384,0.12816,0.11645,0.25145,0.32101,0.28969,0.38446,0.3313,0.36764,0.45859,0.3162,0.49773,0.22082,0.53473,0.02176,0.22257,0.56517,0.53937,0.35518],"triangles":[11,9,10,7,9,11,9,7,8,12,7,11,13,6,7,13,7,12,14,6,13,4,2,3,1,2,4,5,1,4,0,5,40,1,5,0,5,16,40,14,16,5,6,14,5,15,16,14,37,38,0,40,37,0,36,37,40,17,40,16,18,36,40,18,40,17,35,36,18,35,39,34,35,18,39,19,39,18,19,23,39,20,23,19,22,23,20,21,22,20,32,30,31,33,30,32,33,29,30,39,29,33,39,33,34,28,29,39,26,27,28,25,28,39,26,28,25,23,25,39,24,25,23],"vertices":[2,8,67.61,17.34,0.36254,9,-3.14,19.6,0.63746,1,9,8.53,19.94,1,1,9,16.67,28.2,1,1,9,22.23,28.03,1,1,9,22.17,18.33,1,1,9,15.91,11.06,1,2,9,25.04,10.94,0.36524,10,4.29,10.08,0.63476,1,10,13.38,8.27,1,1,10,23.89,15.21,1,1,10,32.02,8.78,1,1,10,34.6,-1.86,1,1,10,29.37,-3.29,1,1,10,17.45,-10.25,1,2,9,37.08,-8.42,0.12488,10,6.33,-12.62,0.87512,2,9,29.34,-14.64,0.66825,10,-3.38,-14.69,0.33175,1,9,20.78,-21.5,1,2,8,54.97,-21.35,0.23015,9,10.89,-18.61,0.76985,2,8,47.88,-17.33,0.63697,9,2.83,-19.84,0.36303,1,8,33.56,-18.19,1,1,8,15.53,-32.03,1,1,8,1.45,-31.66,1,1,8,-12.13,-34.46,1,1,8,-15.95,-22.47,1,2,7,52.24,-12.27,0.28343,8,-9.18,-14.35,0.71657,2,7,49.96,-15.42,0.48936,8,-12.77,-12.87,0.51064,2,7,44.33,-15.96,0.74942,8,-14.61,-7.52,0.25058,1,7,35.55,-22.43,1,1,7,31.18,-20.62,1,1,7,34.59,-13.51,1,1,7,13.98,-13.48,1,1,7,1.84,-8.45,1,1,7,-7.86,1.1,1,1,7,-0.22,15.52,1,2,7,24.97,17.75,0.7213,8,13.66,19.18,0.2787,2,7,32.78,18.44,0.29078,8,16.15,11.74,0.70922,1,8,22.18,10.44,1,1,8,40.64,6.45,1,2,8,49.39,11.52,0.92133,9,-13.85,3.75,0.07867,2,8,61.87,24.91,0.51982,9,-12.33,22,0.48018,2,7,38.89,0.87,0.75099,8,0.48,1.7,0.24901,1,8,49.58,-1.74,1],"hull":39,"edges":[18,20,20,22,22,24,34,36,36,38,38,40,40,42,60,62,62,64,68,70,70,72,64,66,66,68,52,50,50,48,48,46,42,44,46,44,58,60,58,56,52,54,56,54,72,74,74,76,34,32,32,30,76,0,0,2,2,4,4,6,6,8,8,10,10,12,12,14,16,18,14,16,28,30,24,26,26,28],"width":144,"height":88}},"hand_left2":{"hand_left":{"type":"mesh","uvs":[0.59362,0.07044,0.67335,0.09471,0.74071,0.02242,0.77817,0.03765,0.76359,0.14528,0.71044,0.21101,0.77224,0.23428,0.83652,0.22821,0.89504,0.12193,0.9609,0.16943,0.99678,0.27903,0.96416,0.30976,0.89622,0.42036,0.82557,0.47818,0.76391,0.52865,0.69579,0.5844,0.63283,0.52852,0.57633,0.52288,0.48963,0.6031,0.41933,0.83436,0.33038,0.9009,0.25422,0.99729,0.19382,0.89395,0.21124,0.77725,0.18433,0.78009,0.15655,0.73464,0.08306,0.70446,0.07346,0.65313,0.12661,0.63153,0.25145,0.32101,0.28969,0.38446,0.3313,0.36764,0.45859,0.3162,0.49773,0.22082,0.53473,0.02176,0.22257,0.56517,0.53937,0.35518],"triangles":[11,9,10,7,9,11,9,7,8,12,7,11,13,6,7,13,7,12,14,6,13,4,2,3,1,2,4,5,1,4,0,5,36,1,5,0,5,16,36,14,16,5,6,14,5,15,16,14,33,34,0,36,33,0,32,33,36,17,36,16,18,32,36,18,36,17,31,32,18,31,35,30,31,18,35,19,35,18,19,23,35,20,23,19,22,23,20,21,22,20,35,29,30,35,28,29,26,27,28,25,28,35,26,28,25,23,25,35,24,25,23],"vertices":[2,8,67.61,17.34,0.36254,9,-3.14,19.6,0.63746,1,9,8.53,19.94,1,1,9,16.67,28.2,1,1,9,22.23,28.03,1,1,9,22.17,18.33,1,1,9,15.91,11.06,1,2,9,25.04,10.94,0.36524,10,4.29,10.08,0.63476,1,10,13.38,8.27,1,1,10,23.89,15.21,1,1,10,32.02,8.78,1,1,10,34.6,-1.86,1,1,10,29.37,-3.29,1,1,10,17.45,-10.25,1,2,9,37.08,-8.42,0.12488,10,6.33,-12.62,0.87512,2,9,29.34,-14.64,0.66825,10,-3.38,-14.69,0.33175,1,9,20.78,-21.5,1,2,8,54.97,-21.35,0.23015,9,10.89,-18.61,0.76985,2,8,47.88,-17.33,0.63697,9,2.83,-19.84,0.36303,1,8,33.56,-18.19,1,1,8,15.53,-32.03,1,1,8,1.45,-31.66,1,1,8,-12.13,-34.46,1,1,8,-15.95,-22.47,1,2,7,52.24,-12.27,0.28343,8,-9.18,-14.35,0.71657,2,7,49.96,-15.42,0.48936,8,-12.77,-12.87,0.51064,2,7,44.33,-15.96,0.74942,8,-14.61,-7.52,0.25058,1,7,35.55,-22.43,1,1,7,31.18,-20.62,1,1,7,34.59,-13.51,1,2,7,24.97,17.75,0.7213,8,13.66,19.18,0.2787,2,7,32.78,18.44,0.29078,8,16.15,11.74,0.70922,1,8,22.18,10.44,1,1,8,40.64,6.45,1,2,8,49.39,11.52,0.92133,9,-13.85,3.75,0.07867,2,8,61.87,24.91,0.51982,9,-12.33,22,0.48018,2,7,38.89,0.87,0.75099,8,0.48,1.7,0.24901,1,8,49.58,-1.74,1],"hull":35,"edges":[18,20,20,22,22,24,34,36,36,38,38,40,40,42,60,62,62,64,58,60,52,50,50,48,48,46,42,44,46,44,52,54,56,54,64,66,66,68,34,32,32,30,68,0,0,2,2,4,4,6,6,8,8,10,10,12,12,14,16,18,14,16,28,30,24,26,26,28,56,58],"width":144,"height":88}},"hand_right":{"hand_right":{"type":"mesh","uvs":[0.97184,0.6331,0.88681,0.69955,0.87554,0.74652,0.88087,0.85747,0.85537,0.92039,0.85054,1,0.82422,1,0.72556,0.89923,0.65296,0.89926,0.55878,0.66177,0.45301,0.60778,0.34751,0.7165,0.23262,0.65592,0.11645,0.59468,0,0.48056,0,0.45898,0.05271,0.32058,0.21201,0.12667,0.43786,0.04264,0.50317,0.21064,0.55632,0.34737,0.67104,0.36025,0.72645,0.36647,0.75444,0.28704,0.81464,0.52378,0.48612,0.4634],"triangles":[0,24,23,22,23,24,1,24,0,2,24,1,25,19,20,25,10,12,9,20,21,25,20,9,10,25,9,21,24,9,24,21,22,7,24,2,4,7,2,7,9,24,8,9,7,3,4,2,6,7,4,5,6,4,19,17,18,25,17,19,11,12,10,13,14,15,13,16,17,17,12,13,13,15,16,17,25,12],"vertices":[1,12,50.82,22.07,1,2,13,-11.81,9.31,0.41726,12,61.1,13.98,0.58274,2,13,-10.99,13.26,0.69442,12,65.12,14.33,0.30558,2,13,-13.48,21.7,0.9142,12,72.5,19.13,0.0858,1,13,-10.95,27.29,1,1,13,-11.54,33.59,1,1,13,-7.9,34.33,1,1,13,7.32,29.31,1,1,13,17.35,31.35,1,1,13,34.11,15.62,1,2,14,5.85,13.72,0.24115,13,49.57,14.42,0.75885,2,14,22.08,19.35,0.88326,13,62.44,25.8,0.11674,2,15,0.5,13.34,0.64108,14,37.09,11.59,0.35892,1,15,17.57,13.44,1,1,15,35.9,9.56,1,1,15,36.39,7.92,1,1,15,32.43,-4.69,1,2,15,15.36,-25.84,0.61327,14,32.04,-30.02,0.38673,2,15,-13.21,-41.4,0.05546,14,-0.48,-30.53,0.94454,2,14,-7.02,-15.75,0.91447,13,48.91,-17.74,0.08553,2,14,-12.34,-3.73,0.18436,13,39.41,-8.65,0.81564,1,13,23.36,-10.88,1,2,13,15.6,-11.96,0.70325,12,48.57,-18.37,0.29675,2,13,12.99,-18.9,0.29314,12,41.18,-17.85,0.70686,2,13,0.94,-2.27,0.29445,12,53.66,-1.55,0.70555,1,13,47.28,2.31,1],"hull":24,"edges":[8,10,10,12,12,14,14,16,16,18,18,20,20,22,26,28,28,30,30,32,32,34,34,36,22,24,24,26,36,38,38,40,44,46,40,42,42,44,6,8,6,4,4,2,2,0,46,0],"width":141,"height":79}},"hand_right2":{"hand_right":{"type":"mesh","uvs":[1,0.10229,1,0.16216,0.97184,0.6331,0.88681,0.69955,0.87554,0.74652,0.88087,0.85747,0.85537,0.92039,0.85054,1,0.82422,1,0.72556,0.89923,0.65296,0.89926,0.55878,0.66177,0.45301,0.60778,0.34751,0.7165,0.23262,0.65592,0.11645,0.59468,0,0.48056,0,0.45898,0.05271,0.32058,0.21201,0.12667,0.43786,0.04264,0.50317,0.21064,0.55632,0.34737,0.67104,0.36025,0.72645,0.36647,0.75444,0.28704,0.85096,0.01309,0.95144,0.01132,0.81464,0.52378,0.48612,0.4634],"triangles":[27,0,1,1,28,25,24,25,28,27,1,26,25,26,1,2,3,1,3,28,1,4,28,3,29,21,22,29,12,14,11,22,23,29,22,11,12,29,11,23,28,11,28,23,24,9,28,4,6,9,4,9,11,28,10,11,9,5,6,4,8,9,6,7,8,6,21,19,20,29,19,21,13,14,12,15,16,17,15,18,19,19,14,15,15,17,18,19,29,14],"vertices":[1,12,11.97,5.78,1,1,12,16.14,8.02,1,1,12,50.82,22.07,1,2,13,-11.81,9.31,0.41726,12,61.1,13.98,0.58274,2,13,-10.99,13.26,0.69442,12,65.12,14.33,0.30558,2,13,-13.48,21.7,0.9142,12,72.5,19.13,0.0858,1,13,-10.95,27.29,1,1,13,-11.54,33.59,1,1,13,-7.9,34.33,1,1,13,7.32,29.31,1,1,13,17.35,31.35,1,1,13,34.11,15.62,1,2,14,5.85,13.72,0.24115,13,49.57,14.42,0.75885,2,14,22.08,19.35,0.88326,13,62.44,25.8,0.11674,2,15,0.5,13.34,0.64108,14,37.09,11.59,0.35892,1,15,17.57,13.44,1,1,15,35.9,9.56,1,1,15,36.39,7.92,1,1,15,32.43,-4.69,1,2,15,15.36,-25.84,0.61327,14,32.04,-30.02,0.38673,2,15,-13.21,-41.4,0.05546,14,-0.48,-30.53,0.94454,2,14,-7.02,-15.75,0.91447,13,48.91,-17.74,0.08553,2,14,-12.34,-3.73,0.18436,13,39.41,-8.65,0.81564,1,13,23.36,-10.88,1,2,13,15.6,-11.96,0.70325,12,48.57,-18.37,0.29675,2,13,12.99,-18.9,0.29314,12,41.18,-17.85,0.70686,1,12,15.68,-16.07,1,1,12,8.87,-3.64,1,2,13,0.94,-2.27,0.29445,12,53.66,-1.55,0.70555,1,13,47.28,2.31,1],"hull":28,"edges":[0,54,0,2,2,4,12,14,14,16,16,18,18,20,20,22,22,24,24,26,30,32,32,34,34,36,36,38,38,40,52,54,26,28,28,30,40,42,42,44,48,50,50,52,44,46,46,48,10,12,10,8,8,6,6,4],"width":141,"height":79}},"head":{"head":{"type":"mesh","uvs":[0.49917,0.26449,0.57283,0.31917,0.6557,0.35772,0.74045,0.40424,0.76944,0.46457,0.78188,0.52294,0.80655,0.58228,0.84061,0.63624,0.87184,0.67505,0.90929,0.69744,0.96698,0.6973,0.97499,0.75508,0.9463,0.82892,0.91083,0.87367,0.83093,0.87392,0.79947,0.85797,0.7454,0.88979,0.69149,0.90174,0.6579,0.92788,0.61992,0.95688,0.53144,0.94515,0.47073,0.93166,0.40769,0.90436,0.33134,0.90058,0.27432,0.93446,0.19595,0.93433,0.12934,0.89621,0.0351,0.84227,0.00086,0.77853,0.01518,0.70511,0.03524,0.62807,0.05591,0.64856,0.08388,0.66096,0.11173,0.65424,0.12705,0.635,0.14135,0.583,0.16128,0.51057,0.20551,0.4416,0.27281,0.37987,0.3571,0.33638,0.46746,0.30147,0.61901,0.85431,0.64781,0.79253,0.62552,0.73858,0.61901,0.66723,0.62459,0.60022,0.62273,0.51146,0.37322,0.78292,0.39325,0.66933,0.4255,0.57659,0.50782,0.50156],"triangles":[1,40,0,50,1,2,50,40,1,39,40,50,46,50,2,46,2,3,46,3,4,46,4,5,49,39,50,38,39,49,37,38,49,36,37,49,35,36,49,45,46,5,45,5,6,50,45,49,45,50,46,44,49,45,48,35,49,48,49,44,34,35,48,29,30,31,44,6,7,6,44,45,43,44,7,29,31,32,47,34,48,42,43,7,42,7,8,11,12,9,11,9,10,32,28,29,27,28,32,48,43,47,43,48,44,41,43,42,41,47,43,15,42,8,15,8,9,15,9,12,42,17,41,12,14,15,13,14,12,15,16,42,47,33,34,26,33,47,27,32,33,26,27,33,23,26,47,16,17,42,21,22,47,23,47,22,18,41,17,41,21,47,20,21,41,25,26,23,24,25,23,41,19,20,18,19,41],"vertices":[169.86,7.63,153,-10.95,140.55,-32.29,125.81,-53.98,108.14,-60.56,91.32,-62.76,74.01,-68.2,58.05,-76.24,46.46,-83.82,39.42,-93.37,38.43,-108.75,21.86,-109.78,1.38,-100.73,-10.72,-90.43,-9.36,-69.14,-4.26,-61.06,-12.35,-46.05,-14.78,-31.46,-21.62,-22.01,-29.18,-11.34,-24.27,12.01,-19.35,27.92,-10.46,44.2,-8.02,64.46,-16.64,80.3,-15.21,101.18,-3.18,118.19,13.85,142.27,32.58,150.18,53.2,144.96,74.75,138.15,68.56,133.04,64.53,125.82,65.94,118.27,71.14,113.83,85.67,109.02,105.91,102.34,124.74,89.24,141.09,70.13,151.95,46.85,159.91,16.79,0,-13.05,17.05,-21.9,32.79,-16.99,53.2,-16.62,72.15,-19.38,97.42,-20.58,24.68,51.06,56.63,43.57,82.43,33.2,102.29,9.85],"hull":41,"edges":[0,2,18,20,20,22,54,56,66,68,80,0,56,58,58,60,60,62,62,64,64,66,68,70,70,72,72,74,74,76,78,80,76,78,2,4,4,6,6,8,8,10,10,12,12,14,14,16,16,18,52,54,50,52,50,48,48,46,46,44,44,42,34,36,36,38,40,42,38,40,34,32,30,28,30,32,26,28,22,24,26,24],"width":267,"height":285}},"shadiow":{"shadiow":{"type":"mesh","uvs":[1,1,0,1,0,0,1,0],"triangles":[1,2,3,1,3,0],"vertices":[96.57,3.95,-104.43,3.95,-104.43,77.95,96.57,77.95],"hull":4,"edges":[0,2,2,4,4,6,0,6],"width":201,"height":74}},"torso":{"torso":{"type":"mesh","uvs":[0.51869,0,0.56059,0,0.61173,0.03115,0.68843,0.03909,0.75853,0.04635,0.76005,0.05922,0.74976,0.12922,0.66804,0.2779,0.67472,0.32414,0.7062,0.35728,0.72435,0.40568,0.74485,0.46684,0.76813,0.50963,0.80554,0.55092,0.80093,0.60389,0.81826,0.67384,0.79428,0.71935,0.79964,0.76706,0.83906,0.82079,0.90942,0.83254,0.98798,0.84567,1,0.86632,1,0.8734,0.96392,0.89766,0.85935,0.94363,0.78674,0.95928,0.65823,0.98698,0.52674,0.99401,0.41463,1,0.32054,0.98324,0.2509,0.95935,0.15802,0.9275,0.09213,0.89467,0.0733,0.86544,0.14444,0.86059,0.19764,0.84923,0.25423,0.82858,0.29509,0.79393,0.30777,0.74803,0.27334,0.68974,0.32084,0.639,0.31242,0.5628,0.35337,0.51832,0.37302,0.47097,0.3928,0.42331,0.39483,0.41841,0.41652,0.36615,0.45036,0.33102,0.45419,0.30088,0.42105,0.26331,0.36676,0.22163,0.31542,0.19724,0.27789,0.17178,0.25606,0.13061,0.24921,0.05653,0.3412,0.04917,0.41411,0.04333,0.45012,0.06349,0.59743,0.46027,0.61402,0.54462,0.62176,0.61489,0.62951,0.72263,0.6472,0.79289,0.68591,0.88658,0.54036,0.13935,0.56314,0.22055,0.58117,0.28407,0.547,0.07342],"triangles":[61,40,60,43,58,59,59,58,11,61,62,38,27,28,62,62,28,29,26,27,63,26,63,25,63,27,62,24,25,18,25,63,18,24,19,23,24,18,19,22,23,21,23,19,20,23,20,21,63,17,18,63,62,17,62,16,17,62,61,16,61,60,16,15,60,14,15,16,60,60,12,14,60,59,12,14,12,13,58,47,66,47,48,66,8,66,7,8,58,66,66,48,65,66,65,7,59,11,12,58,10,11,58,9,10,58,8,9,48,49,65,7,65,6,65,49,64,64,6,65,6,64,3,3,64,2,5,3,4,5,6,3,2,64,67,57,0,67,67,1,2,67,0,1,50,51,57,49,50,64,50,57,64,57,55,56,55,57,51,51,52,55,52,53,55,64,57,67,53,54,55,43,44,58,44,45,58,45,46,58,46,47,58,60,42,59,60,40,42,42,43,59,40,41,42,30,36,29,36,37,29,31,35,30,30,35,36,32,34,31,31,34,35,32,33,34,61,38,40,29,37,62,38,62,37,38,39,40],"vertices":[2,11,2.02,-33.57,0.0982,5,33.21,12.02,0.9018,1,5,34.24,1.39,1,2,5,26.17,-12.5,0.70001,6,6.78,26.28,0.29999,2,5,25.68,-32.19,0.20663,6,26.34,28.6,0.79337,2,5,25.24,-50.2,0.08286,6,44.23,30.72,0.91714,2,5,21.42,-50.96,0.08066,6,45.52,27.05,0.91934,1,6,47.98,5.96,1,4,6,38.36,-42.46,0.10283,4,-10.71,-24.57,0.16842,20,-19.9,1.56,0.26015,3,14.85,-24.81,0.46861,2,20,-6.02,-0.42,0.78203,3,0.85,-25.54,0.21797,1,20,5.7,4.74,1,1,20,20.97,5.42,1,1,20,40.11,5.68,1,2,20,54.09,8.07,0.16875,21,3.31,8.65,0.83125,1,21,16.76,16.69,1,1,21,32.46,13.68,1,2,21,53.88,15.64,0.86563,22,-3.7,16.28,0.13437,2,21,66.78,7.98,0.11767,22,8.05,6.96,0.88233,1,22,22.31,4.72,1,2,22,40.47,10.45,0.06598,23,9.82,3.89,0.93402,1,23,28.05,5.29,1,1,23,48.41,6.85,1,1,23,53.03,1.69,1,1,23,53.6,-0.36,1,1,23,46.69,-9.87,1,2,23,24.72,-30.35,0.90244,27,50.71,65.24,0.09756,2,23,8.14,-39.85,0.67884,27,52.1,46.19,0.32116,2,23,-21.19,-56.67,0.10433,27,54.56,12.46,0.89566,2,19,-41.32,64.93,0.08886,27,50.75,-20.92,0.91114,3,18,88.47,45.39,0.10938,19,-13.56,57.91,0.34236,27,47.51,-49.38,0.54826,3,18,91.41,21.05,0.07355,19,7.75,45.77,0.64966,27,38.34,-72.11,0.27679,2,19,22.46,33.49,0.89431,27,28.14,-88.34,0.10569,1,19,42.07,17.13,1,1,19,55.05,2.58,1,1,19,56.93,-7.26,1,1,19,39.22,-3.11,1,1,19,25.25,-2.22,1,1,19,9.61,-3.72,1,1,18,39.55,-3.43,1,1,18,25.43,-4.82,1,2,18,11.64,-18.77,0.9359,17,66.6,-20.32,0.0641,2,18,-6.72,-12.22,0.14518,17,49.44,-11.06,0.85482,1,17,27.23,-17.18,1,1,17,12.23,-9.24,1,2,17,-2.68,-6.79,0.38574,16,39.21,-7.55,0.61426,1,16,24.01,-7.3,1,1,16,22.45,-7.27,1,1,16,5.77,-7,1,2,16,-6.99,-2.16,0.81667,3,2.8,31.68,0.18333,4,16,-15.9,-4.1,0.3868,11,33.69,52.86,0.10533,4,-12.49,30.37,0.16051,3,11.78,30.07,0.34735,4,16,-23.96,-15.7,0.15045,11,40.08,40.27,0.35069,4,-0.44,37.73,0.29644,3,23.66,37.7,0.20242,2,11,51.58,25.55,0.8118,4,13.34,50.34,0.1882,2,11,63.23,16.08,0.94402,4,21.88,62.68,0.05598,1,11,71.35,6.89,1,1,11,74.72,-6.27,1,1,11,72.63,-28.54,1,1,11,49.14,-26.72,1,1,11,30.52,-25.27,1,2,11,22.51,-17.73,0.80831,5,12.5,27.58,0.19169,2,20,28.43,-30.1,0.08452,24,16.27,5.36,0.91548,3,21,9.23,-31.6,0.15264,24,41.43,10.78,0.61892,25,-4.66,10.96,0.22844,2,21,30.47,-32.08,0.22936,25,16.47,13.16,0.77064,4,21,62.91,-33.87,0.08529,22,-1.41,-33.99,0.15411,26,8.24,15.2,0.63473,25,48.88,15.47,0.12587,3,22,20.19,-34.86,0.30253,27,-3.45,19.94,0.21749,26,29.5,19.19,0.47998,3,22,49.96,-32.3,0.18769,23,-22.5,-25.66,0.1889,27,26.04,24.71,0.62341,2,11,3.74,8.7,0.19531,4,33.86,3.94,0.80469,1,4,8.98,0.45,1,1,3,14.56,-2.59,1,2,11,-1.32,-10.56,0.11757,5,11.91,2.7,0.88243],"hull":58,"edges":[0,114,0,2,2,4,8,10,10,12,12,14,34,36,40,42,42,44,44,46,46,48,80,82,82,84,104,106,112,114,66,64,64,62,66,68,68,70,70,72,72,74,74,76,76,78,78,80,84,86,86,88,88,90,90,92,92,94,94,96,96,98,98,100,102,104,100,102,14,16,16,18,18,20,20,22,22,24,24,26,26,28,28,30,30,32,32,34,36,38,38,40,60,62,58,60,58,56,52,54,54,56,48,50,50,52,108,110,110,112,4,6,6,8,106,108],"width":255,"height":301}}}}],"events":{"finished_attacking":{}},"animations":{"attack_above":{"slots":{"fire_ball/fire_1":{"attachment":[{"name":"fire_ball/fire_1"},{"time":0.0667,"name":"fire_ball/fire_2"},{"time":0.1333,"name":"fire_ball/fire_3"},{"time":0.2,"name":"fire_ball/fire_1"},{"time":0.2667,"name":"fire_ball/fire_2"},{"time":0.3333,"name":"fire_ball/fire_3"},{"time":0.4,"name":"fire_ball/fire_1"},{"time":0.4667,"name":"fire_ball/fire_2"},{"time":0.5333,"name":"fire_ball/fire_3"},{"time":0.6,"name":"fire_ball/fire_1"},{"time":0.6667,"name":"fire_ball/fire_2"},{"time":0.7333,"name":null}]}},"bones":{"torso3":{"rotate":[{"angle":0.25,"curve":0.335,"c2":0.34,"c3":0.669,"c4":0.67},{"time":0.5,"angle":-9.9,"curve":0.349,"c2":0.38,"c3":0.693,"c4":0.75},{"time":0.6333,"angle":4.93,"curve":0.375,"c2":0.62,"c3":0.716},{"time":0.7333,"angle":1.44,"curve":0.248,"c3":0.628,"c4":0.52},{"time":1,"angle":0.25}]},"head":{"rotate":[{"angle":-8.71,"curve":0.321,"c2":0.28,"c3":0.655,"c4":0.61},{"time":0.5,"angle":-9.83,"curve":0.335,"c2":0.34,"c3":0.669,"c4":0.67},{"time":0.6333,"angle":-9.37,"curve":0.34,"c2":0.36,"c3":0.675,"c4":0.69},{"time":0.9333,"angle":-8.56,"curve":0.297,"c3":0.634,"c4":0.37},{"time":1,"angle":-8.71}]},"torso2":{"rotate":[{"angle":-0.28,"curve":0.38,"c2":0.59,"c3":0.727},{"time":0.1333,"angle":-0.72,"curve":0.242,"c3":0.663,"c4":0.65},{"time":0.5,"angle":-9.35,"curve":0.38,"c2":0.59,"c3":0.727},{"time":0.6333,"angle":8.12,"curve":0.242,"c3":0.663,"c4":0.65},{"time":1,"angle":-0.28}]},"coat4":{"rotate":[{"angle":-0.19,"curve":0.335,"c2":0.34,"c3":0.669,"c4":0.67},{"time":0.5,"angle":5.64,"curve":0.334,"c2":0.34,"c3":0.668,"c4":0.67},{"time":0.6333,"angle":-11.45,"curve":0.335,"c2":0.34,"c3":0.668,"c4":0.67},{"time":1,"angle":-0.19}]},"torso4":{"rotate":[{"angle":0.82,"curve":0.329,"c2":0.32,"c3":0.663,"c4":0.65},{"time":0.5,"angle":16.93,"curve":0.345,"c2":0.4,"c3":0.679,"c4":0.74},{"time":0.6333,"angle":3.66,"curve":0.356,"c2":0.65,"c3":0.691},{"time":0.8333,"angle":1.44,"curve":0.265,"c3":0.618,"c4":0.43},{"time":1,"angle":0.82}]},"torso":{"rotate":[{"angle":-3.16,"curve":0.242,"c3":0.667,"c4":0.67},{"time":0.5,"angle":-13.96,"curve":0.379,"c2":0.6,"c3":0.724},{"time":0.6667,"angle":-26.7,"curve":0.25,"c3":0.75},{"time":1,"angle":-3.16}],"translate":[{"curve":0.25,"c3":0.75},{"time":0.5,"x":-35.61,"y":14.85,"curve":0.284,"c3":0.625,"c4":0.38},{"time":0.6667,"x":54.93,"y":-25.02,"curve":0.32,"c2":0.29,"c3":0.757},{"time":1}]},"torso14":{"rotate":[{"angle":-3.04,"curve":0.25,"c3":0.75},{"time":0.5,"angle":3.5,"curve":0.25,"c3":0.75},{"time":1,"angle":-3.04}]},"torso15":{"rotate":[{"angle":-2.19,"curve":0.375,"c2":0.62,"c3":0.716},{"time":0.1,"angle":-3.04,"curve":0.25,"c3":0.75},{"time":0.6,"angle":3.5,"curve":0.243,"c3":0.68,"c4":0.71},{"time":1,"angle":-2.19}]},"torso16":{"rotate":[{"angle":-0.66,"curve":0.349,"c2":0.39,"c3":0.689,"c4":0.74},{"time":0.1,"angle":-2.19,"curve":0.375,"c2":0.62,"c3":0.716},{"time":0.2,"angle":-3.04,"curve":0.25,"c3":0.75},{"time":0.7,"angle":3.5,"curve":0.245,"c3":0.637,"c4":0.56},{"time":1,"angle":-0.66}],"scale":[{"time":0.5,"curve":0.25,"c3":0.75},{"time":0.6667,"x":1.001,"curve":0.25,"c3":0.75},{"time":1}]},"torso17":{"rotate":[{"angle":1.07,"curve":0.33,"c2":0.32,"c3":0.67,"c4":0.68},{"time":0.1,"angle":-0.66,"curve":0.349,"c2":0.39,"c3":0.689,"c4":0.74},{"time":0.2,"angle":-2.19,"curve":0.375,"c2":0.62,"c3":0.716},{"time":0.3,"angle":-3.04,"curve":0.25,"c3":0.75},{"time":0.8,"angle":3.5,"curve":0.258,"c3":0.619,"c4":0.45},{"time":1,"angle":1.07}],"scale":[{"time":0.6,"curve":0.25,"c3":0.75},{"time":0.7333,"x":0.568,"curve":0.25,"c3":0.75},{"time":1}]},"torso10":{"rotate":[{"angle":-1.62,"curve":0.273,"c3":0.62,"c4":0.41},{"time":0.3667,"angle":15.62,"curve":0.317,"c2":0.28,"c3":0.683,"c4":0.72},{"time":1,"angle":-1.62}]},"torso11":{"rotate":[{"angle":-1.15,"curve":0.25,"c3":0.75},{"time":0.4333,"angle":0.95,"curve":0.25,"c3":0.75},{"time":0.9,"angle":7.08,"curve":0.25,"c3":0.75},{"time":1,"angle":-1.15}],"scale":[{"curve":0.25,"c3":0.75},{"time":0.6667,"x":0.889,"y":1.017,"curve":0.25,"c3":0.75},{"time":1}]},"torso6":{"rotate":[{"angle":-5.48,"curve":0.25,"c3":0.75},{"time":0.5,"angle":1.64,"curve":0.25,"c3":0.75},{"time":1,"angle":-5.48}]},"torso7":{"rotate":[{"angle":-1.71,"curve":0.375,"c2":0.62,"c3":0.716},{"time":0.1,"angle":-2.21,"curve":0.248,"c3":0.628,"c4":0.52},{"time":0.3667,"angle":15.66,"curve":0.378,"c2":0.52,"c3":0.748},{"time":0.6,"angle":17.52,"curve":0.265,"c3":0.618,"c4":0.43},{"time":0.7667,"angle":-2.34,"curve":0.331,"c2":0.33,"c3":0.698,"c4":0.77},{"time":1,"angle":-1.71}]},"coat7":{"rotate":[{"angle":-1.03,"curve":0.348,"c2":0.43,"c3":0.682,"c4":0.77},{"time":0.5,"angle":4.79,"curve":0.338,"c2":0.38,"c3":0.671,"c4":0.72},{"time":0.6333,"angle":-11.56,"curve":0.341,"c2":0.45,"c3":0.674,"c4":0.79},{"time":1,"angle":-1.03}]},"coat8":{"rotate":[{"angle":-0.34,"curve":0.343,"c2":0.37,"c3":0.678,"c4":0.71},{"time":0.5,"angle":5.49,"curve":0.337,"c2":0.35,"c3":0.67,"c4":0.68},{"time":0.6333,"angle":-11.48,"curve":0.34,"c2":0.36,"c3":0.673,"c4":0.69},{"time":1,"angle":-0.34}]},"coat9":{"rotate":[{"angle":0.53,"curve":0.333,"c2":0.33,"c3":0.668,"c4":0.67},{"time":0.5,"angle":6.36,"curve":0.334,"c2":0.34,"c3":0.668,"c4":0.67},{"time":0.6333,"angle":-10.72,"curve":0.335,"c2":0.34,"c3":0.669,"c4":0.67},{"time":1,"angle":0.53}]},"coat10":{"rotate":[{"angle":1.38,"curve":0.324,"c2":0.3,"c3":0.659,"c4":0.64},{"time":0.5,"angle":7.21,"curve":0.332,"c2":0.33,"c3":0.665,"c4":0.66},{"time":0.6333,"angle":-9.92,"curve":0.332,"c2":0.33,"c3":0.665,"c4":0.66},{"time":1,"angle":1.38}]},"coat2":{"rotate":[{"angle":0.51,"curve":0.351,"c2":0.42,"c3":0.686,"c4":0.76},{"time":0.5,"angle":6.34,"curve":0.34,"c2":0.38,"c3":0.673,"c4":0.71},{"time":0.6333,"angle":-10.06,"curve":0.344,"c2":0.45,"c3":0.678,"c4":0.79},{"time":1,"angle":0.51}]},"coat3":{"rotate":[{"angle":0.19,"curve":0.339,"c2":0.35,"c3":0.673,"c4":0.69},{"time":0.5,"angle":6.02,"curve":0.335,"c2":0.34,"c3":0.669,"c4":0.67},{"time":0.6333,"angle":-11.03,"curve":0.337,"c2":0.35,"c3":0.67,"c4":0.68},{"time":1,"angle":0.19}]},"hand_right5":{"rotate":[{"curve":0.25,"c3":0.75},{"time":0.5,"angle":8.22,"curve":0.25,"c3":0.75},{"time":1}]},"coat5":{"rotate":[{"angle":-0.76,"curve":0.327,"c2":0.31,"c3":0.662,"c4":0.65},{"time":0.5,"angle":5.07,"curve":0.333,"c2":0.33,"c3":0.666,"c4":0.66},{"time":0.6333,"angle":-12.05,"curve":0.333,"c2":0.33,"c3":0.666,"c4":0.67},{"time":1,"angle":-0.76}]},"hand_left":{"rotate":[{"curve":0.25,"c3":0.75},{"time":0.5,"angle":-54.06,"curve":0.284,"c3":0.625,"c4":0.38},{"time":0.6,"angle":18.03,"curve":"stepped"},{"time":0.8,"angle":18.03,"curve":0.32,"c2":0.29,"c3":0.757},{"time":1}]},"hand_left2":{"rotate":[{"curve":0.248,"c3":0.628,"c4":0.52},{"time":0.2667,"angle":65.25,"curve":0.378,"c2":0.52,"c3":0.748},{"time":0.5,"angle":-169.57,"curve":0.297,"c3":0.634,"c4":0.37},{"time":0.5667,"angle":89.12,"curve":0.321,"c2":0.28,"c3":0.655,"c4":0.61},{"time":0.6,"angle":-76.8,"curve":"stepped"},{"time":0.8,"angle":-76.8,"curve":0.32,"c2":0.29,"c3":0.757},{"time":1}]},"hand_right3":{"rotate":[{"curve":0.25,"c3":0.75},{"time":0.5,"angle":-41.47,"curve":0.273,"c3":0.62,"c4":0.41},{"time":0.6333,"angle":-20.09,"curve":0.337,"c2":0.35,"c3":0.758},{"time":1}]},"hand_right4":{"rotate":[{"curve":0.25,"c3":0.75},{"time":0.5,"angle":-5.79,"curve":0.273,"c3":0.62,"c4":0.41},{"time":0.6333,"angle":-20.09,"curve":0.337,"c2":0.35,"c3":0.758},{"time":1}]},"hand_left3":{"rotate":[{"curve":0.242,"c3":0.663,"c4":0.65},{"time":0.3667,"angle":121.59,"curve":0.38,"c2":0.59,"c3":0.727},{"time":0.5,"angle":-147.02,"curve":0.254,"c3":0.621,"c4":0.47},{"time":0.5667,"angle":138.25,"curve":0.335,"c2":0.34,"c3":0.676,"c4":0.69},{"time":0.6,"angle":-65.27,"curve":"stepped"},{"time":0.8,"angle":-65.27,"curve":0.25,"c3":0.75},{"time":1}]},"torso12":{"rotate":[{"curve":0.243,"c3":0.655,"c4":0.63},{"time":0.4667,"angle":5.32,"curve":0.382,"c2":0.58,"c3":0.731},{"time":0.6667,"angle":5.54,"curve":0.25,"c3":0.75},{"time":1}],"scale":[{"curve":0.278,"c3":0.622,"c4":0.39},{"time":0.4667,"x":1.134,"curve":0.327,"c2":0.31,"c3":0.661,"c4":0.65},{"time":0.5667,"x":0.955,"curve":0.33,"c2":0.32,"c3":0.664,"c4":0.66},{"time":0.6333,"x":0.615,"curve":0.332,"c2":0.33,"c3":0.665,"c4":0.66},{"time":0.6667,"x":0.533,"curve":0.33,"c2":0.32,"c3":0.664,"c4":0.66},{"time":0.7667,"x":0.615,"curve":0.331,"c2":0.33,"c3":0.665,"c4":0.66},{"time":0.8667,"x":0.683,"curve":0.332,"c2":0.33,"c3":0.666,"c4":0.66},{"time":1}]},"torso13":{"rotate":[{"curve":0.25,"c3":0.75},{"time":0.6667,"angle":-29.79,"curve":0.25,"c3":0.75},{"time":0.7667,"angle":-28.05,"curve":0.25,"c3":0.75},{"time":1}],"scale":[{"curve":0.256,"c3":0.619,"c4":0.46},{"time":0.4667,"x":0.903,"y":0.746,"curve":0.331,"c2":0.33,"c3":0.668,"c4":0.67},{"time":0.6333,"x":0.841,"curve":0.334,"c2":0.34,"c3":0.668,"c4":0.67},{"time":0.6667,"x":0.955,"y":0.96,"curve":0.363,"c2":0.44,"c3":0.711,"c4":0.83},{"time":1}]},"fire":{"translate":[{"curve":0.25,"c3":0.75},{"time":0.2333,"x":-18.5,"y":51.3,"curve":0.25,"c3":0.75},{"time":0.4,"x":-59.6,"y":-64.39,"curve":0.25,"c3":0.75},{"time":0.7333,"x":60.73,"y":-160.19}],"scale":[{"curve":0.25,"c3":0.75},{"time":0.4,"x":0.582,"y":0.582,"curve":0.25,"c3":0.75},{"time":0.7333,"x":1.717,"y":1.717}]}},"deform":{"default":{"hand_left2":{"hand_left":[{},{"time":0.3333,"offset":66,"vertices":[-0.85794,2.32146,0.46826,-2.43021,2.82632,9.4879,0,0,-1.97812,-1.78677,3.54391,-22.43834,0.15866,22.71588,-2.36139,-9.3166,3.84767,8.80739]},{"time":0.4667,"offset":66,"vertices":[-1.84122,8.12221,-5.12051,-4.26821,5.68623,19.95978,12.7236,14.94119,7.50105,9.06557,5.93777,-20.10934,-2.50159,24.73532,-2.36139,-9.3166,3.84767,8.80739]},{"time":0.5,"offset":66,"vertices":[-1.47887,8.14849,-5.88906,-3.40859,5.25705,21.97961,9.01558,20.21131,6.7154,10.97401,4.45333,-15.08201,-1.87619,18.55149,-1.77104,-6.98745,2.88575,6.60554]},{"time":0.5667,"offset":66,"vertices":[-0.49296,2.71617,-1.96302,-1.1362,2.30934,12.17649,2.61878,11.87658,2.23847,3.65801,7.41969,-16.26666,-9.16362,15.59892,0.04277,-6.53056,-0.69383,6.11478,0,0,0,0,0,0,0,0,0,0,0,0,-0.78058,-2.34891,0.17389,2.46927]},{"time":0.6,"offset":70,"vertices":[0.83548,7.27493,1.8577,6.83478]},{"time":1}]},"shadiow":{"shadiow":[{"vertices":[-14.31,0,-14.31,0,-14.31,0,-14.31],"curve":0.25,"c3":0.75},{"time":0.2333,"vertices":[-11.13,0,-37.36499,4.76995,-37.36499,4.76995,-11.13],"curve":0.25,"c3":0.75},{"time":0.5,"vertices":[-30.20996,15.89994,-38.95502,12.71993,-37.36499,4.76995,-28.61993,7.94997],"curve":0.25,"c3":0.75},{"time":0.7333,"curve":0.25,"c3":0.75},{"time":1,"vertices":[-14.31,0,-14.31,0,-14.31,0,-14.31]}]},"torso":{"torso":[{},{"time":0.4,"offset":70,"vertices":[0.68167,-5.14107,0.14314,-8.64677,4.24374,-7.24482,7.05789,-10.1522,6.82568,-3.59185,6.48792,-4.48826,0,0,0,0,0,0,0,0,0,0,0,0,0,0,0,0,0,0,0,0,0,0,0,0,0,0,0,0,0,0,0,0,0,0,0,0,0,0,0,0,0,0,0,0,0,0,0,0,0,0,0,0,0,0,0,0,0,0,0,0,0,0,0,0,0,0,0,0,0,0,0,0,0,0,0,0,0,0,0,0,0,0,0,0,0,0,0,0,0,0,0,0,0,0,0,0,0,0,0,0,0,0,0,0,0,0,0,0,0,0,0,0,0,0,0,0,0,0,0,0,0,0,0,0,0,0,0,0,0,0,0,0,-0.65698,5.4407,3.35437,5.68176,-2.71478,4.78093]},{"time":0.6333,"offset":70,"vertices":[10.29404,-1.53953,20.11509,-6.67191,35.21365,-8.77261,21.08414,9.38417,25.38453,-7.66434,17.77137,4.80098]},{"time":0.6667,"offset":72,"vertices":[17.91798,-13.06136,27.92905,-12.47174,21.33461,8.2885,24.97721,-17.5143,22.11943,2.73703]},{"time":0.7333,"offset":72,"vertices":[9.73305,-7.62351,25.11052,-11.88544,23.69767,5.86905,22.23089,-19.90981,27.59527,-1.99222,17.66321,-12.61526,19.66772,0.87042,-0.07246,8.56038,15.05753,0.13084]},{"time":0.7667,"offset":74,"vertices":[18.13268,-8.90456,17.5933,4.27653,15.06816,-12.06094,17.95544,0.01031,10.82243,-9.53907,13.5234,-0.65889,1.01023,4.44923,7.30006,-1.38241]},{"time":0.8667,"offset":72,"vertices":[7.9368,-6.74079,18.13268,-8.90456,17.5933,4.27653,15.06816,-12.06094,17.95544,0.01031,10.82243,-9.53907,13.5234,-0.65889,1.01023,4.44923,7.30006,-1.38241]},{"time":1}]}}},"drawOrder":[{"offsets":[{"slot":"hand_right","offset":5},{"slot":"hand_right2","offset":0}]}],"events":[{"time":0.7333,"name":"finished_attacking"}]},"attack_below":{"slots":{"fire_ball/fire_1":{"attachment":[{"name":"fire_ball/fire_1"},{"time":0.0667,"name":"fire_ball/fire_2"},{"time":0.1333,"name":"fire_ball/fire_3"},{"time":0.2,"name":"fire_ball/fire_1"},{"time":0.2667,"name":"fire_ball/fire_2"},{"time":0.3333,"name":"fire_ball/fire_3"},{"time":0.4,"name":"fire_ball/fire_1"},{"time":0.4667,"name":"fire_ball/fire_2"},{"time":0.5333,"name":"fire_ball/fire_3"},{"time":0.6,"name":"fire_ball/fire_1"},{"time":0.6667,"name":"fire_ball/fire_2"},{"time":0.7333,"name":null}]}},"bones":{"torso3":{"rotate":[{"angle":0.25,"curve":0.342,"c2":0.36,"c3":0.682,"c4":0.72},{"time":0.5,"angle":-9.9,"curve":0.349,"c2":0.38,"c3":0.693,"c4":0.75},{"time":0.6333,"angle":4.93,"curve":0.375,"c2":0.62,"c3":0.716},{"time":0.7333,"angle":1.44,"curve":0.248,"c3":0.628,"c4":0.52},{"time":1,"angle":0.25}]},"torso4":{"rotate":[{"angle":0.82,"curve":0.324,"c2":0.31,"c3":0.664,"c4":0.66},{"time":0.5,"angle":4.26,"curve":0.345,"c2":0.4,"c3":0.679,"c4":0.74},{"time":0.6333,"angle":3.66,"curve":0.356,"c2":0.65,"c3":0.691},{"time":0.8333,"angle":1.44,"curve":0.265,"c3":0.618,"c4":0.43},{"time":1,"angle":0.82}]},"torso":{"translate":[{"curve":0.25,"c3":0.75},{"time":0.5,"x":-37.39,"y":-15.7,"curve":0.284,"c3":0.625,"c4":0.38},{"time":0.6667,"x":10.89,"y":-8.71,"curve":0.32,"c2":0.29,"c3":0.757},{"time":1}]},"torso14":{"rotate":[{"angle":-3.04,"curve":0.25,"c3":0.75},{"time":0.5,"angle":3.5,"curve":0.25,"c3":0.75},{"time":1,"angle":-3.04}]},"torso15":{"rotate":[{"angle":-2.19,"curve":0.375,"c2":0.62,"c3":0.716},{"time":0.1,"angle":-3.04,"curve":0.25,"c3":0.75},{"time":0.6,"angle":3.5,"curve":0.243,"c3":0.68,"c4":0.71},{"time":1,"angle":-2.19}]},"torso16":{"rotate":[{"angle":-0.66,"curve":0.349,"c2":0.39,"c3":0.689,"c4":0.74},{"time":0.1,"angle":-2.19,"curve":0.375,"c2":0.62,"c3":0.716},{"time":0.2,"angle":-3.04,"curve":0.25,"c3":0.75},{"time":0.7,"angle":3.5,"curve":0.245,"c3":0.637,"c4":0.56},{"time":1,"angle":-0.66}]},"torso17":{"rotate":[{"angle":1.07,"curve":0.33,"c2":0.32,"c3":0.67,"c4":0.68},{"time":0.1,"angle":-0.66,"curve":0.349,"c2":0.39,"c3":0.689,"c4":0.74},{"time":0.2,"angle":-2.19,"curve":0.375,"c2":0.62,"c3":0.716},{"time":0.3,"angle":-3.04,"curve":0.25,"c3":0.75},{"time":0.8,"angle":3.5,"curve":0.258,"c3":0.619,"c4":0.45},{"time":1,"angle":1.07}]},"torso10":{"rotate":[{"angle":-1.62,"curve":0.25,"c3":0.75},{"time":0.5,"angle":2.03,"curve":0.25,"c3":0.75},{"time":1,"angle":-1.62}]},"torso11":{"rotate":[{"angle":-1.15,"curve":0.375,"c2":0.62,"c3":0.716},{"time":0.1,"angle":-1.62,"curve":0.243,"c3":0.68,"c4":0.71},{"time":0.5,"angle":17.58,"curve":0.375,"c2":0.62,"c3":0.716},{"time":0.6667,"angle":2.03,"curve":0.243,"c3":0.68,"c4":0.71},{"time":1,"angle":-1.15}]},"torso6":{"rotate":[{"angle":-2.21,"curve":0.25,"c3":0.75},{"time":0.5,"angle":1.64,"curve":0.25,"c3":0.75},{"time":1,"angle":-2.21}]},"torso7":{"rotate":[{"angle":-1.71,"curve":0.375,"c2":0.62,"c3":0.716},{"time":0.1,"angle":-2.21,"curve":0.25,"c3":0.75},{"time":0.6,"angle":1.64,"curve":0.243,"c3":0.68,"c4":0.71},{"time":1,"angle":-1.71}]},"coat7":{"rotate":[{"angle":-1.03,"curve":0.348,"c2":0.43,"c3":0.682,"c4":0.77},{"time":0.5,"angle":4.79,"curve":0.338,"c2":0.38,"c3":0.671,"c4":0.72},{"time":0.6333,"angle":-11.56,"curve":0.341,"c2":0.45,"c3":0.674,"c4":0.79},{"time":1,"angle":-1.03}]},"coat8":{"rotate":[{"angle":-0.34,"curve":0.343,"c2":0.37,"c3":0.678,"c4":0.71},{"time":0.5,"angle":5.49,"curve":0.337,"c2":0.35,"c3":0.67,"c4":0.68},{"time":0.6333,"angle":-11.48,"curve":0.34,"c2":0.36,"c3":0.673,"c4":0.69},{"time":1,"angle":-0.34}]},"coat9":{"rotate":[{"angle":0.53,"curve":0.333,"c2":0.33,"c3":0.668,"c4":0.67},{"time":0.5,"angle":6.36,"curve":0.334,"c2":0.34,"c3":0.668,"c4":0.67},{"time":0.6333,"angle":-10.72,"curve":0.335,"c2":0.34,"c3":0.669,"c4":0.67},{"time":1,"angle":0.53}]},"coat10":{"rotate":[{"angle":1.38,"curve":0.324,"c2":0.3,"c3":0.659,"c4":0.64},{"time":0.5,"angle":7.21,"curve":0.332,"c2":0.33,"c3":0.665,"c4":0.66},{"time":0.6333,"angle":-9.92,"curve":0.332,"c2":0.33,"c3":0.665,"c4":0.66},{"time":1,"angle":1.38}]},"coat2":{"rotate":[{"angle":0.51,"curve":0.351,"c2":0.42,"c3":0.686,"c4":0.76},{"time":0.5,"angle":6.34,"curve":0.34,"c2":0.38,"c3":0.673,"c4":0.71},{"time":0.6333,"angle":-10.06,"curve":0.344,"c2":0.45,"c3":0.678,"c4":0.79},{"time":1,"angle":0.51}]},"coat3":{"rotate":[{"angle":0.19,"curve":0.339,"c2":0.35,"c3":0.673,"c4":0.69},{"time":0.5,"angle":6.02,"curve":0.335,"c2":0.34,"c3":0.669,"c4":0.67},{"time":0.6333,"angle":-11.03,"curve":0.337,"c2":0.35,"c3":0.67,"c4":0.68},{"time":1,"angle":0.19}]},"coat4":{"rotate":[{"angle":-0.19,"curve":0.335,"c2":0.34,"c3":0.669,"c4":0.67},{"time":0.5,"angle":5.64,"curve":0.334,"c2":0.34,"c3":0.668,"c4":0.67},{"time":0.6333,"angle":-11.45,"curve":0.335,"c2":0.34,"c3":0.668,"c4":0.67},{"time":1,"angle":-0.19}]},"coat5":{"rotate":[{"angle":-0.76,"curve":0.327,"c2":0.31,"c3":0.662,"c4":0.65},{"time":0.5,"angle":5.07,"curve":0.333,"c2":0.33,"c3":0.666,"c4":0.66},{"time":0.6333,"angle":-12.05,"curve":0.333,"c2":0.33,"c3":0.666,"c4":0.67},{"time":1,"angle":-0.76}]},"hand_left":{"rotate":[{"curve":0.25,"c3":0.75},{"time":0.5,"angle":-6.03,"curve":0.284,"c3":0.625,"c4":0.38},{"time":0.6,"angle":78.87,"curve":0.32,"c2":0.29,"c3":0.757},{"time":0.8,"angle":70.51,"curve":0.32,"c2":0.29,"c3":0.757},{"time":1}]},"hand_left2":{"rotate":[{"curve":0.25,"c3":0.75},{"time":0.5,"angle":131.33,"curve":0.297,"c3":0.634,"c4":0.37},{"time":0.5667,"angle":89.12,"curve":0.321,"c2":0.28,"c3":0.655,"c4":0.61},{"time":0.6,"angle":-57.5,"curve":0.32,"c2":0.29,"c3":0.757},{"time":0.8,"angle":-65.85,"curve":0.32,"c2":0.29,"c3":0.757},{"time":1}]},"hand_right3":{"rotate":[{"curve":0.25,"c3":0.75},{"time":0.5,"angle":-63.33,"curve":0.284,"c3":0.625,"c4":0.38},{"time":0.6,"angle":-11.51,"curve":0.32,"c2":0.29,"c3":0.757},{"time":1}]},"hand_right4":{"rotate":[{"curve":0.25,"c3":0.75},{"time":0.5,"angle":25.82,"curve":0.284,"c3":0.625,"c4":0.38},{"time":0.6,"angle":-11.51,"curve":0.32,"c2":0.29,"c3":0.757},{"time":1}]},"torso2":{"rotate":[{"angle":-0.28,"curve":0.38,"c2":0.59,"c3":0.727},{"time":0.1333,"angle":-0.72,"curve":0.242,"c3":0.663,"c4":0.65},{"time":0.5,"angle":-9.35,"curve":0.38,"c2":0.59,"c3":0.727},{"time":0.6333,"angle":8.12,"curve":0.242,"c3":0.663,"c4":0.65},{"time":1,"angle":-0.28}]},"hand_right5":{"rotate":[{"curve":0.25,"c3":0.75},{"time":0.5,"angle":8.22,"curve":0.25,"c3":0.75},{"time":1}]},"head":{"rotate":[{"angle":11.29,"curve":0.304,"c2":0.22,"c3":0.644,"c4":0.58},{"time":0.5,"angle":0.41,"curve":0.335,"c2":0.34,"c3":0.669,"c4":0.67},{"time":0.6333,"angle":10.63,"curve":0.334,"c2":0.34,"c3":0.667,"c4":0.67},{"time":0.6667,"angle":-1.03,"curve":0.34,"c2":0.35,"c3":0.674,"c4":0.69},{"time":0.9333,"angle":7.6,"curve":0.297,"c3":0.634,"c4":0.37},{"time":1,"angle":11.29}]},"hand_left3":{"rotate":[{"curve":0.242,"c3":0.663,"c4":0.65},{"time":0.3667,"angle":121.59,"curve":0.38,"c2":0.59,"c3":0.727},{"time":0.5,"angle":-147.02,"curve":0.243,"c3":0.649,"c4":0.6},{"time":0.5667,"angle":-158.51,"curve":0.382,"c2":0.57,"c3":0.735},{"time":0.6,"angle":26.55,"curve":"stepped"},{"time":0.8,"angle":26.55,"curve":0.25,"c3":0.75},{"time":1}]},"fire":{"translate":[{"curve":0.25,"c3":0.75},{"time":0.2333,"x":-35.25,"y":51.3,"curve":0.25,"c3":0.75},{"time":0.4,"x":-59.6,"y":-64.39,"curve":0.25,"c3":0.75},{"time":0.7333,"x":-5.24,"y":142.39}],"scale":[{"curve":0.25,"c3":0.75},{"time":0.4,"x":0.582,"y":0.582,"curve":0.25,"c3":0.75},{"time":0.7333,"x":1.717,"y":1.717}]}},"deform":{"default":{"shadiow":{"shadiow":[{"curve":0.25,"c3":0.75},{"time":0.3667,"vertices":[-8.7449,-5.56502,-21.46503,-5.56499,-19.875,-1.58997,-7.15491,-1.59003],"curve":0.25,"c3":0.75},{"time":0.7,"vertices":[19.08005,-5.56502,6.35992,-5.56499,7.94995,-1.58997,20.67004,-1.59003],"curve":0.25,"c3":0.75},{"time":1}]}}},"drawOrder":[{"offsets":[{"slot":"hand_right","offset":5},{"slot":"hand_right2","offset":0}]}],"events":[{"time":0.6,"name":"finished_attacking"}]},"die":{"slots":{"fire_ball/fire_1":{"color":[{"time":0.4,"color":"ffffffff"},{"time":0.7333,"color":"ffffff00"}],"attachment":[{"name":"fire_ball/fire_1"},{"time":0.0667,"name":"fire_ball/fire_2"},{"time":0.1333,"name":"fire_ball/fire_3"},{"time":0.2,"name":"fire_ball/fire_1"},{"time":0.2667,"name":"fire_ball/fire_2"},{"time":0.3333,"name":"fire_ball/fire_3"},{"time":0.4,"name":"fire_ball/fire_1"},{"time":0.4667,"name":"fire_ball/fire_2"},{"time":0.5333,"name":"fire_ball/fire_3"},{"time":0.6,"name":"fire_ball/fire_1"},{"time":0.6667,"name":"fire_ball/fire_2"},{"time":0.7333,"name":null}]}},"bones":{"hand_right3":{"rotate":[{"curve":0.25,"c3":0.75},{"time":0.3333,"angle":-12.46,"curve":0.25,"c3":0.75},{"time":0.4333,"angle":-105,"curve":0.25,"c3":0.75},{"time":0.9,"angle":16.96}]},"torso":{"rotate":[{"curve":0.25,"c3":0.75},{"time":0.3333,"angle":-97.86}],"translate":[{"curve":0.25,"c4":0.58},{"time":0.3333,"x":178.49,"y":-176.87,"curve":0.25,"c3":0.625,"c4":0.5},{"time":0.4333,"x":200.81,"y":-133.3,"curve":0.375,"c2":0.5,"c3":0.75},{"time":0.5333,"x":210.51,"y":-181.29,"curve":"stepped"},{"time":1.3333,"x":210.51,"y":-181.29}]},"torso2":{"rotate":[{"angle":-0.28}]},"coat9":{"rotate":[{"angle":0.53}]},"torso12":{"rotate":[{"angle":10.2,"curve":0.25,"c3":0.75},{"time":0.3,"angle":-12.6}],"scale":[{"curve":0.25,"c3":0.75},{"time":0.1667,"x":0.816}]},"torso13":{"rotate":[{"angle":-8.87,"curve":0.25,"c3":0.75},{"time":0.3,"angle":-30.87,"curve":0.25,"c3":0.75},{"time":0.6,"angle":-0.13}],"scale":[{"curve":0.25,"c3":0.75},{"time":0.1667,"x":0.694}]},"torso14":{"rotate":[{"angle":-3.04}]},"torso15":{"rotate":[{"angle":-2.19,"curve":0.375,"c2":0.62,"c3":0.716},{"time":0.3,"angle":-14.25,"curve":0.25,"c3":0.75},{"time":0.4,"angle":-10.25,"curve":0.25,"c3":0.75},{"time":0.6,"angle":-0.83}]},"torso8":{"rotate":[{"angle":9.15,"curve":0.25,"c3":0.75},{"time":0.4,"angle":28.67}]},"torso9":{"rotate":[{"angle":-5.11,"curve":0.25,"c3":0.75},{"time":0.4,"angle":54.76}]},"hand_right5":{"rotate":[{"curve":0.25,"c3":0.75},{"time":0.4333,"angle":-32.53,"curve":0.25,"c3":0.75},{"time":0.6333,"angle":23.49}]},"coat4":{"rotate":[{"angle":-0.19,"curve":0.338,"c2":0.35,"c3":0.674,"c4":0.69},{"time":0.3333,"angle":8.57,"curve":0.25,"c3":0.625,"c4":0.5},{"time":0.4,"angle":20.5,"curve":0.375,"c2":0.5,"c3":0.75},{"time":0.4667,"angle":23.51,"curve":0.282,"c3":0.624,"c4":0.39},{"time":0.5667,"angle":-28.7,"curve":0.324,"c2":0.3,"c3":0.757},{"time":0.9333,"angle":-0.19}]},"coat5":{"rotate":[{"angle":-0.76,"curve":0.324,"c2":0.31,"c3":0.664,"c4":0.66},{"time":0.3333,"angle":7.99,"curve":0.25,"c3":0.625,"c4":0.5},{"time":0.4,"angle":19.92,"curve":0.375,"c2":0.5,"c3":0.75},{"time":0.4667,"angle":22.94,"curve":0.282,"c3":0.624,"c4":0.39},{"time":0.5667,"angle":-29.27,"curve":0.324,"c2":0.3,"c3":0.757},{"time":0.9333,"angle":-0.76}]},"coat7":{"rotate":[{"angle":-1.03,"curve":0.366,"c2":0.63,"c3":0.703},{"time":0.3333,"angle":-40.27,"curve":0.25,"c3":0.75},{"time":0.4333,"angle":-51.1}]},"coat8":{"rotate":[{"angle":-0.34}]},"torso17":{"rotate":[{"angle":1.07,"curve":0.25,"c3":0.75},{"time":0.4,"angle":9.53}]},"coat2":{"rotate":[{"angle":0.51,"curve":0.375,"c2":0.62,"c3":0.716},{"time":0.3333,"angle":9.27,"curve":0.25,"c3":0.75},{"time":0.4667,"angle":-30.07,"curve":0.25,"c3":0.75},{"time":0.9333,"angle":46.4}]},"coat3":{"rotate":[{"angle":0.19,"curve":0.347,"c2":0.38,"c3":0.683,"c4":0.73},{"time":0.3333,"angle":8.94,"curve":0.25,"c3":0.75},{"time":0.4667,"angle":-30.4,"curve":0.25,"c3":0.75},{"time":0.9333,"angle":0.19}]},"torso4":{"rotate":[{"angle":0.82,"curve":0.329,"c2":0.32,"c3":0.663,"c4":0.65},{"time":0.1333,"angle":15.78,"curve":0.33,"c2":0.32,"c3":0.665,"c4":0.66},{"time":0.3333,"angle":21.08,"curve":0.333,"c2":0.33,"c3":0.667,"c4":0.67},{"time":0.4,"angle":0.82}]},"hand_left3":{"rotate":[{"curve":0.25,"c3":0.75},{"time":0.2,"angle":55.33,"curve":0.25,"c3":0.75},{"time":0.3333,"angle":49.68,"curve":0.25,"c3":0.75},{"time":0.4333,"angle":63.19,"curve":0.25,"c3":0.75},{"time":0.6,"angle":-10.79}]},"head":{"rotate":[{"angle":1.29,"curve":0.321,"c2":0.28,"c3":0.655,"c4":0.61},{"time":0.1333,"angle":15.4,"curve":0.32,"c2":0.29,"c3":0.655,"c4":0.63},{"time":0.3333,"angle":21.55,"curve":0.33,"c2":0.32,"c3":0.664,"c4":0.66},{"time":0.4,"angle":1.29}]},"torso3":{"rotate":[{"angle":0.25,"curve":0.335,"c2":0.34,"c3":0.669,"c4":0.67},{"time":0.1333,"angle":15.67,"curve":0.339,"c2":0.35,"c3":0.674,"c4":0.69},{"time":0.3333,"angle":20.51,"curve":0.337,"c2":0.34,"c3":0.67,"c4":0.68},{"time":0.4,"angle":0.25}]},"hand_left":{"rotate":[{"curve":0.25,"c3":0.75},{"time":0.2,"angle":123.29,"curve":0.25,"c3":0.75},{"time":0.3333,"angle":117.64,"curve":0.25,"c3":0.75},{"time":0.4333,"angle":131.15,"curve":0.25,"c3":0.75},{"time":0.6,"angle":115.02}]},"hand_left2":{"rotate":[{"curve":0.25,"c3":0.75},{"time":0.2,"angle":-39.17,"curve":0.25,"c3":0.75},{"time":0.3333,"angle":-44.82,"curve":0.25,"c3":0.75},{"time":0.4333,"angle":-31.31,"curve":0.25,"c3":0.75},{"time":0.6,"angle":-47.44}]},"hand_right4":{"rotate":[{"curve":0.25,"c3":0.75},{"time":0.3333,"angle":62.37,"curve":0.25,"c3":0.75},{"time":0.4333,"angle":29.84,"curve":0.25,"c3":0.75},{"time":0.6333,"angle":10.62,"curve":0.25,"c3":0.75},{"time":0.8333,"angle":-4.52,"curve":0.25,"c3":0.75},{"time":1.1,"angle":81.39}]},"torso6":{"rotate":[{"angle":-2.21}]},"torso7":{"rotate":[{"angle":-1.71,"curve":0.375,"c2":0.62,"c3":0.716},{"time":0.3,"angle":-17.75,"curve":0.25,"c3":0.75},{"time":0.4,"angle":-6.42}]},"torso10":{"rotate":[{"angle":-1.62}]},"torso11":{"rotate":[{"angle":-1.15}]},"torso16":{"rotate":[{"angle":-0.66,"curve":0.25,"c3":0.75},{"time":0.4,"angle":24.82}]},"coat10":{"rotate":[{"angle":1.38}]},"hand_left4":{"rotate":[{"time":0.2,"angle":22.32}]},"fire":{"translate":[{"curve":0.25,"c3":0.75},{"time":0.2333,"x":216.03,"y":43.97,"curve":0.25,"c3":0.75},{"time":0.4,"x":256.86,"y":-52.35,"curve":0.25,"c3":0.75},{"time":0.7333,"x":299.79,"y":-152.86}],"scale":[{"curve":0.25,"c3":0.75},{"time":0.4,"x":0.582,"y":0.582,"curve":0.25,"c3":0.75},{"time":0.7333,"x":1.717,"y":1.717}]}},"deform":{"default":{"shadiow":{"shadiow":[{"curve":0.25,"c3":0.75},{"time":0.3,"vertices":[232.9349,0,0,0,0,0,232.9349],"curve":0.25,"c3":0.75},{"time":0.5,"vertices":[401.47482,-55.65005,104.94,-56.44499,107.32498,-19.87495,406.24484,-21.465]}]}}},"drawOrder":[{"offsets":[{"slot":"hand_right","offset":5},{"slot":"hand_right2","offset":0}]}]},"idle":{"slots":{"fire_ball/fire_1":{"attachment":[{"name":"fire_ball/fire_1"},{"time":0.1,"name":"fire_ball/fire_2"},{"time":0.2,"name":"fire_ball/fire_3"},{"time":0.3,"name":"fire_ball/fire_1"},{"time":0.4,"name":"fire_ball/fire_2"},{"time":0.5,"name":"fire_ball/fire_3"},{"time":0.6,"name":"fire_ball/fire_1"},{"time":0.7,"name":"fire_ball/fire_2"},{"time":0.8,"name":"fire_ball/fire_3"},{"time":0.9,"name":"fire_ball/fire_2"},{"time":1,"name":"fire_ball/fire_1"}]}},"bones":{"torso":{"translate":[{"curve":0.25,"c3":0.75},{"time":0.5,"y":-5.87,"curve":0.25,"c3":0.75},{"time":1}]},"torso14":{"rotate":[{"angle":-3.04,"curve":0.25,"c3":0.75},{"time":0.5,"angle":3.5,"curve":0.25,"c3":0.75},{"time":1,"angle":-3.04}]},"torso15":{"rotate":[{"angle":-2.19,"curve":0.375,"c2":0.62,"c3":0.716},{"time":0.1,"angle":-3.04,"curve":0.25,"c3":0.75},{"time":0.6,"angle":3.5,"curve":0.243,"c3":0.68,"c4":0.71},{"time":1,"angle":-2.19}]},"torso16":{"rotate":[{"angle":-0.66,"curve":0.349,"c2":0.39,"c3":0.689,"c4":0.74},{"time":0.1,"angle":-2.19,"curve":0.375,"c2":0.62,"c3":0.716},{"time":0.2,"angle":-3.04,"curve":0.25,"c3":0.75},{"time":0.7,"angle":3.5,"curve":0.245,"c3":0.637,"c4":0.56},{"time":1,"angle":-0.66}]},"torso17":{"rotate":[{"angle":1.07,"curve":0.33,"c2":0.32,"c3":0.67,"c4":0.68},{"time":0.1,"angle":-0.66,"curve":0.349,"c2":0.39,"c3":0.689,"c4":0.74},{"time":0.2,"angle":-2.19,"curve":0.375,"c2":0.62,"c3":0.716},{"time":0.3,"angle":-3.04,"curve":0.25,"c3":0.75},{"time":0.8,"angle":3.5,"curve":0.258,"c3":0.619,"c4":0.45},{"time":1,"angle":1.07}]},"torso10":{"rotate":[{"angle":-1.62,"curve":0.25,"c3":0.75},{"time":0.5,"angle":2.03,"curve":0.25,"c3":0.75},{"time":1,"angle":-1.62}]},"torso11":{"rotate":[{"angle":-1.15,"curve":0.375,"c2":0.62,"c3":0.716},{"time":0.1,"angle":-1.62,"curve":0.25,"c3":0.75},{"time":0.6,"angle":2.03,"curve":0.243,"c3":0.68,"c4":0.71},{"time":1,"angle":-1.15}]},"torso6":{"rotate":[{"angle":-2.21,"curve":0.25,"c3":0.75},{"time":0.5,"angle":1.64,"curve":0.25,"c3":0.75},{"time":1,"angle":-2.21}]},"torso7":{"rotate":[{"angle":-1.71,"curve":0.375,"c2":0.62,"c3":0.716},{"time":0.1,"angle":-2.21,"curve":0.25,"c3":0.75},{"time":0.6,"angle":1.64,"curve":0.243,"c3":0.68,"c4":0.71},{"time":1,"angle":-1.71}]},"coat7":{"rotate":[{"angle":-1.03,"curve":0.366,"c2":0.63,"c3":0.703},{"time":0.0667,"angle":-1.26,"curve":0.25,"c3":0.75},{"time":0.5667,"angle":2.06,"curve":0.244,"c3":0.7,"c4":0.79},{"time":1,"angle":-1.03}]},"coat8":{"rotate":[{"angle":-0.34,"curve":0.356,"c2":0.42,"c3":0.696,"c4":0.78},{"time":0.1,"angle":-1.03,"curve":0.366,"c2":0.63,"c3":0.703},{"time":0.1667,"angle":-1.26,"curve":0.25,"c3":0.75},{"time":0.6667,"angle":2.06,"curve":0.243,"c3":0.649,"c4":0.6},{"time":1,"angle":-0.34}]},"coat9":{"rotate":[{"angle":0.53,"curve":0.336,"c2":0.34,"c3":0.676,"c4":0.69},{"time":0.1,"angle":-0.34,"curve":0.356,"c2":0.42,"c3":0.696,"c4":0.78},{"time":0.2,"angle":-1.03,"curve":0.366,"c2":0.63,"c3":0.703},{"time":0.2667,"angle":-1.26,"curve":0.25,"c3":0.75},{"time":0.7667,"angle":2.06,"curve":0.252,"c3":0.622,"c4":0.48},{"time":1,"angle":0.53}]},"coat10":{"rotate":[{"angle":1.38,"curve":0.318,"c2":0.28,"c3":0.658,"c4":0.64},{"time":0.1,"angle":0.53,"curve":0.336,"c2":0.34,"c3":0.676,"c4":0.69},{"time":0.2,"angle":-0.34,"curve":0.356,"c2":0.42,"c3":0.696,"c4":0.78},{"time":0.3,"angle":-1.03,"curve":0.366,"c2":0.63,"c3":0.703},{"time":0.3667,"angle":-1.26,"curve":0.25,"c3":0.75},{"time":0.8667,"angle":2.06,"curve":0.273,"c3":0.62,"c4":0.41},{"time":1,"angle":1.38}]},"coat2":{"rotate":[{"angle":0.51,"curve":0.375,"c2":0.62,"c3":0.716},{"time":0.1,"angle":0.8,"curve":0.25,"c3":0.75},{"time":0.6,"angle":-1.38,"curve":0.243,"c3":0.68,"c4":0.71},{"time":1,"angle":0.51}]},"coat3":{"rotate":[{"angle":0.19,"curve":0.347,"c2":0.38,"c3":0.683,"c4":0.73},{"time":0.0667,"angle":0.51,"curve":0.375,"c2":0.62,"c3":0.716},{"time":0.1667,"angle":0.8,"curve":0.25,"c3":0.75},{"time":0.6667,"angle":-1.38,"curve":0.243,"c3":0.649,"c4":0.6},{"time":1,"angle":0.19}]},"coat4":{"rotate":[{"angle":-0.19,"curve":0.338,"c2":0.35,"c3":0.674,"c4":0.69},{"time":0.0667,"angle":0.19,"curve":0.347,"c2":0.38,"c3":0.683,"c4":0.73},{"time":0.1333,"angle":0.51,"curve":0.375,"c2":0.62,"c3":0.716},{"time":0.2333,"angle":0.8,"curve":0.25,"c3":0.75},{"time":0.7333,"angle":-1.38,"curve":0.248,"c3":0.628,"c4":0.52},{"time":1,"angle":-0.19}]},"coat5":{"rotate":[{"angle":-0.76,"curve":0.324,"c2":0.31,"c3":0.664,"c4":0.66},{"time":0.1,"angle":-0.19,"curve":0.338,"c2":0.35,"c3":0.674,"c4":0.69},{"time":0.1667,"angle":0.19,"curve":0.347,"c2":0.38,"c3":0.683,"c4":0.73},{"time":0.2333,"angle":0.51,"curve":0.375,"c2":0.62,"c3":0.716},{"time":0.3333,"angle":0.8,"curve":0.25,"c3":0.75},{"time":0.8333,"angle":-1.38,"curve":0.265,"c3":0.618,"c4":0.43},{"time":1,"angle":-0.76}]},"hand_left":{"rotate":[{"curve":0.25,"c3":0.75},{"time":0.5,"angle":5.06,"curve":0.25,"c3":0.75},{"time":1}]},"hand_left2":{"rotate":[{"curve":0.25,"c3":0.75},{"time":0.5,"angle":5.06,"curve":0.25,"c3":0.75},{"time":1}]},"hand_right3":{"rotate":[{"curve":0.25,"c3":0.75},{"time":0.5,"angle":-7.53,"curve":0.25,"c3":0.75},{"time":1}]},"hand_right4":{"rotate":[{"curve":0.25,"c3":0.75},{"time":0.5,"angle":-7.53,"curve":0.25,"c3":0.75},{"time":1}]},"hand_right5":{"rotate":[{"curve":0.25,"c3":0.75},{"time":0.5,"angle":8.22,"curve":0.25,"c3":0.75},{"time":1}]},"torso2":{"rotate":[{"angle":-0.28,"curve":0.38,"c2":0.59,"c3":0.727},{"time":0.1333,"angle":-0.72,"curve":0.25,"c3":0.75},{"time":0.6333,"angle":1.44,"curve":0.242,"c3":0.663,"c4":0.65},{"time":1,"angle":-0.28}]},"torso3":{"rotate":[{"angle":0.25,"curve":0.342,"c2":0.36,"c3":0.682,"c4":0.72},{"time":0.1,"angle":-0.28,"curve":0.38,"c2":0.59,"c3":0.727},{"time":0.2333,"angle":-0.72,"curve":0.25,"c3":0.75},{"time":0.7333,"angle":1.44,"curve":0.248,"c3":0.628,"c4":0.52},{"time":1,"angle":0.25}]},"torso4":{"rotate":[{"angle":0.82,"curve":0.324,"c2":0.31,"c3":0.664,"c4":0.66},{"time":0.1,"angle":0.25,"curve":0.342,"c2":0.36,"c3":0.682,"c4":0.72},{"time":0.2,"angle":-0.28,"curve":0.38,"c2":0.59,"c3":0.727},{"time":0.3333,"angle":-0.72,"curve":0.25,"c3":0.75},{"time":0.8333,"angle":1.44,"curve":0.265,"c3":0.618,"c4":0.43},{"time":1,"angle":0.82}]},"head":{"rotate":[{"angle":1.29,"curve":0.304,"c2":0.22,"c3":0.644,"c4":0.58},{"time":0.1,"angle":0.82,"curve":0.324,"c2":0.31,"c3":0.664,"c4":0.66},{"time":0.2,"angle":0.25,"curve":0.342,"c2":0.36,"c3":0.682,"c4":0.72},{"time":0.3,"angle":-0.28,"curve":0.38,"c2":0.59,"c3":0.727},{"time":0.4333,"angle":-0.72,"curve":0.25,"c3":0.75},{"time":0.9333,"angle":1.44,"curve":0.297,"c3":0.634,"c4":0.37},{"time":1,"angle":1.29}]},"torso8":{"rotate":[{"angle":9.15}]},"torso9":{"rotate":[{"angle":-5.11}]},"torso12":{"rotate":[{"angle":10.2}]},"torso13":{"rotate":[{"angle":-8.87}]},"fire":{"translate":[{"curve":0.25,"c3":0.75},{"time":0.5,"y":9.42,"curve":0.25,"c3":0.75},{"time":1}]}},"deform":{"default":{"shadiow":{"shadiow":[{"curve":0.25,"c3":0.75},{"time":0.3333,"vertices":[13.51501,-3.97502,13.51501,-3.97502,13.51501,-3.97502,13.51501,-3.97502],"curve":0.25,"c3":0.75},{"time":0.8,"vertices":[3.97504,-1.59001,3.97504,-1.59001,3.97504,-1.59001,3.97504,-1.59001],"curve":0.25,"c3":0.75},{"time":1}]}}}}}}