{
	"textures": [
		{
			"image": "challenge-friends-resources-32bit.png",
			"format": "RGBA8888",
			"size": {
				"w": 984,
				"h": 999
			},
			"scale": 1,
			"frames": [
				{
					"filename": "popup",
					"rotated": false,
					"trimmed": true,
					"sourceSize": {
						"w": 750,
						"h": 1334
					},
					"spriteSourceSize": {
						"x": 36,
						"y": 319,
						"w": 676,
						"h": 750
					},
					"frame": {
						"x": 2,
						"y": 2,
						"w": 676,
						"h": 750
					}
				},
				{
					"filename": "texts/win",
					"rotated": false,
					"trimmed": false,
					"sourceSize": {
						"w": 517,
						"h": 150
					},
					"spriteSourceSize": {
						"x": 0,
						"y": 0,
						"w": 517,
						"h": 150
					},
					"frame": {
						"x": 2,
						"y": 754,
						"w": 517,
						"h": 150
					}
				},
				{
					"filename": "texts/lose",
					"rotated": false,
					"trimmed": false,
					"sourceSize": {
						"w": 520,
						"h": 91
					},
					"spriteSourceSize": {
						"x": 0,
						"y": 0,
						"w": 520,
						"h": 91
					},
					"frame": {
						"x": 2,
						"y": 906,
						"w": 520,
						"h": 91
					}
				},
				{
					"filename": "texts/waiting",
					"rotated": false,
					"trimmed": false,
					"sourceSize": {
						"w": 461,
						"h": 91
					},
					"spriteSourceSize": {
						"x": 0,
						"y": 0,
						"w": 461,
						"h": 91
					},
					"frame": {
						"x": 521,
						"y": 754,
						"w": 461,
						"h": 91
					}
				},
				{
					"filename": "icons/home",
					"rotated": false,
					"trimmed": false,
					"sourceSize": {
						"w": 58,
						"h": 57
					},
					"spriteSourceSize": {
						"x": 0,
						"y": 0,
						"w": 58,
						"h": 57
					},
					"frame": {
						"x": 521,
						"y": 847,
						"w": 58,
						"h": 57
					}
				},
				{
					"filename": "texts/draw",
					"rotated": false,
					"trimmed": false,
					"sourceSize": {
						"w": 311,
						"h": 89
					},
					"spriteSourceSize": {
						"x": 0,
						"y": 0,
						"w": 311,
						"h": 89
					},
					"frame": {
						"x": 524,
						"y": 906,
						"w": 311,
						"h": 89
					}
				},
				{
					"filename": "texts/vs",
					"rotated": false,
					"trimmed": false,
					"sourceSize": {
						"w": 137,
						"h": 110
					},
					"spriteSourceSize": {
						"x": 0,
						"y": 0,
						"w": 137,
						"h": 110
					},
					"frame": {
						"x": 837,
						"y": 847,
						"w": 137,
						"h": 110
					}
				},
				{
					"filename": "icons/invite",
					"rotated": false,
					"trimmed": false,
					"sourceSize": {
						"w": 56,
						"h": 56
					},
					"spriteSourceSize": {
						"x": 0,
						"y": 0,
						"w": 56,
						"h": 56
					},
					"frame": {
						"x": 581,
						"y": 847,
						"w": 56,
						"h": 56
					}
				},
				{
					"filename": "icons/replay",
					"rotated": false,
					"trimmed": false,
					"sourceSize": {
						"w": 54,
						"h": 57
					},
					"spriteSourceSize": {
						"x": 0,
						"y": 0,
						"w": 54,
						"h": 57
					},
					"frame": {
						"x": 639,
						"y": 847,
						"w": 54,
						"h": 57
					}
				},
				{
					"filename": "icons/continue",
					"rotated": false,
					"trimmed": false,
					"sourceSize": {
						"w": 46,
						"h": 55
					},
					"spriteSourceSize": {
						"x": 0,
						"y": 0,
						"w": 46,
						"h": 55
					},
					"frame": {
						"x": 695,
						"y": 847,
						"w": 46,
						"h": 55
					}
				},
				{
					"filename": "big-avatar-frame",
					"rotated": false,
					"trimmed": false,
					"sourceSize": {
						"w": 199,
						"h": 198
					},
					"spriteSourceSize": {
						"x": 0,
						"y": 0,
						"w": 199,
						"h": 198
					},
					"frame": {
						"x": 680,
						"y": 2,
						"w": 199,
						"h": 198
					}
				},
				{
					"filename": "blank",
					"rotated": false,
					"trimmed": false,
					"sourceSize": {
						"w": 100,
						"h": 100
					},
					"spriteSourceSize": {
						"x": 0,
						"y": 0,
						"w": 100,
						"h": 100
					},
					"frame": {
						"x": 881,
						"y": 2,
						"w": 100,
						"h": 100
					}
				},
				{
					"filename": "crown",
					"rotated": false,
					"trimmed": false,
					"sourceSize": {
						"w": 88,
						"h": 79
					},
					"spriteSourceSize": {
						"x": 0,
						"y": 0,
						"w": 88,
						"h": 79
					},
					"frame": {
						"x": 881,
						"y": 104,
						"w": 88,
						"h": 79
					}
				},
				{
					"filename": "avatar-frame",
					"rotated": false,
					"trimmed": false,
					"sourceSize": {
						"w": 79,
						"h": 79
					},
					"spriteSourceSize": {
						"x": 0,
						"y": 0,
						"w": 79,
						"h": 79
					},
					"frame": {
						"x": 881,
						"y": 185,
						"w": 79,
						"h": 79
					}
				},
				{
					"filename": "big-avatar",
					"rotated": false,
					"trimmed": false,
					"sourceSize": {
						"w": 174,
						"h": 174
					},
					"spriteSourceSize": {
						"x": 0,
						"y": 0,
						"w": 174,
						"h": 174
					},
					"frame": {
						"x": 680,
						"y": 202,
						"w": 174,
						"h": 174
					}
				},
				{
					"filename": "avatar",
					"rotated": false,
					"trimmed": false,
					"sourceSize": {
						"w": 70,
						"h": 69
					},
					"spriteSourceSize": {
						"x": 0,
						"y": 0,
						"w": 70,
						"h": 69
					},
					"frame": {
						"x": 856,
						"y": 266,
						"w": 70,
						"h": 69
					}
				},
				{
					"filename": "sparkle",
					"rotated": false,
					"trimmed": false,
					"sourceSize": {
						"w": 39,
						"h": 63
					},
					"spriteSourceSize": {
						"x": 0,
						"y": 0,
						"w": 39,
						"h": 63
					},
					"frame": {
						"x": 928,
						"y": 266,
						"w": 39,
						"h": 63
					}
				},
				{
					"filename": "score-panel",
					"rotated": false,
					"trimmed": false,
					"sourceSize": {
						"w": 175,
						"h": 62
					},
					"spriteSourceSize": {
						"x": 0,
						"y": 0,
						"w": 175,
						"h": 62
					},
					"frame": {
						"x": 680,
						"y": 378,
						"w": 175,
						"h": 62
					}
				}
			]
		}
	],
	"meta": {
		"app": "https://www.codeandweb.com/texturepacker",
		"version": "3.0",
		"smartupdate": "$TexturePacker:SmartUpdate:b8c1228df702b6c2fb2f3605963f6e5d:8492827416a81970127b9a0335e879a2:2dd6e332f1e3be4ac2fc74b0432bc139$"
	}
}
