{
	"textures": [
		{
			"image": "default-resources-32bit.png",
			"format": "RGBA8888",
			"size": {
				"w": 1020,
				"h": 1874
			},
			"scale": 1,
			"frames": [
				{
					"filename": "popup/popup",
					"rotated": false,
					"trimmed": false,
					"sourceSize": {
						"w": 583,
						"h": 748
					},
					"spriteSourceSize": {
						"x": 0,
						"y": 0,
						"w": 583,
						"h": 748
					},
					"frame": {
						"x": 2,
						"y": 2,
						"w": 583,
						"h": 748
					}
				},
				{
					"filename": "result-screen/ribbon",
					"rotated": false,
					"trimmed": false,
					"sourceSize": {
						"w": 731,
						"h": 230
					},
					"spriteSourceSize": {
						"x": 0,
						"y": 0,
						"w": 731,
						"h": 230
					},
					"frame": {
						"x": 2,
						"y": 753,
						"w": 731,
						"h": 230
					}
				},
				{
					"filename": "art/yellow-glow",
					"rotated": false,
					"trimmed": false,
					"sourceSize": {
						"w": 379,
						"h": 366
					},
					"spriteSourceSize": {
						"x": 0,
						"y": 0,
						"w": 379,
						"h": 366
					},
					"frame": {
						"x": 2,
						"y": 986,
						"w": 379,
						"h": 366
					}
				},
				{
					"filename": "logo/gift_white",
					"rotated": false,
					"trimmed": true,
					"sourceSize": {
						"w": 300,
						"h": 300
					},
					"spriteSourceSize": {
						"x": 15,
						"y": 5,
						"w": 273,
						"h": 289
					},
					"frame": {
						"x": 588,
						"y": 2,
						"w": 273,
						"h": 289
					}
				},
				{
					"filename": "preloader/loading",
					"rotated": false,
					"trimmed": false,
					"sourceSize": {
						"w": 264,
						"h": 264
					},
					"spriteSourceSize": {
						"x": 0,
						"y": 0,
						"w": 264,
						"h": 264
					},
					"frame": {
						"x": 2,
						"y": 1355,
						"w": 264,
						"h": 264
					}
				},
				{
					"filename": "logo/gift-ad",
					"rotated": false,
					"trimmed": true,
					"sourceSize": {
						"w": 300,
						"h": 300
					},
					"spriteSourceSize": {
						"x": 32,
						"y": 23,
						"w": 254,
						"h": 269
					},
					"frame": {
						"x": 384,
						"y": 986,
						"w": 254,
						"h": 269
					}
				},
				{
					"filename": "art/white-glow",
					"rotated": false,
					"trimmed": false,
					"sourceSize": {
						"w": 254,
						"h": 265
					},
					"spriteSourceSize": {
						"x": 0,
						"y": 0,
						"w": 254,
						"h": 265
					},
					"frame": {
						"x": 588,
						"y": 294,
						"w": 254,
						"h": 265
					}
				},
				{
					"filename": "art/bg-light",
					"rotated": false,
					"trimmed": false,
					"sourceSize": {
						"w": 244,
						"h": 244
					},
					"spriteSourceSize": {
						"x": 0,
						"y": 0,
						"w": 244,
						"h": 244
					},
					"frame": {
						"x": 2,
						"y": 1622,
						"w": 244,
						"h": 244
					}
				},
				{
					"filename": "logo/gift",
					"rotated": false,
					"trimmed": true,
					"sourceSize": {
						"w": 300,
						"h": 300
					},
					"spriteSourceSize": {
						"x": 32,
						"y": 23,
						"w": 246,
						"h": 266
					},
					"frame": {
						"x": 269,
						"y": 1355,
						"w": 246,
						"h": 266
					}
				},
				{
					"filename": "progress/progress-circle",
					"rotated": false,
					"trimmed": true,
					"sourceSize": {
						"w": 258,
						"h": 258
					},
					"spriteSourceSize": {
						"x": 10,
						"y": 10,
						"w": 238,
						"h": 238
					},
					"frame": {
						"x": 249,
						"y": 1624,
						"w": 238,
						"h": 238
					}
				},
				{
					"filename": "buttons/orange",
					"rotated": false,
					"trimmed": true,
					"sourceSize": {
						"w": 382,
						"h": 106
					},
					"spriteSourceSize": {
						"x": 1,
						"y": 1,
						"w": 380,
						"h": 104
					},
					"frame": {
						"x": 588,
						"y": 562,
						"w": 380,
						"h": 104
					}
				},
				{
					"filename": "progress/circle-background",
					"rotated": false,
					"trimmed": false,
					"sourceSize": {
						"w": 258,
						"h": 258
					},
					"spriteSourceSize": {
						"x": 0,
						"y": 0,
						"w": 258,
						"h": 258
					},
					"frame": {
						"x": 736,
						"y": 669,
						"w": 258,
						"h": 258
					}
				},
				{
					"filename": "texts/victory",
					"rotated": false,
					"trimmed": false,
					"sourceSize": {
						"w": 304,
						"h": 62
					},
					"spriteSourceSize": {
						"x": 0,
						"y": 0,
						"w": 304,
						"h": 62
					},
					"frame": {
						"x": 384,
						"y": 1258,
						"w": 304,
						"h": 62
					}
				},
				{
					"filename": "result-screen/star",
					"rotated": false,
					"trimmed": false,
					"sourceSize": {
						"w": 152,
						"h": 154
					},
					"spriteSourceSize": {
						"x": 0,
						"y": 0,
						"w": 152,
						"h": 154
					},
					"frame": {
						"x": 864,
						"y": 2,
						"w": 152,
						"h": 154
					}
				},
				{
					"filename": "texts/continue-title",
					"rotated": false,
					"trimmed": false,
					"sourceSize": {
						"w": 267,
						"h": 37
					},
					"spriteSourceSize": {
						"x": 0,
						"y": 0,
						"w": 267,
						"h": 37
					},
					"frame": {
						"x": 736,
						"y": 930,
						"w": 267,
						"h": 37
					}
				},
				{
					"filename": "texts/text-failed",
					"rotated": false,
					"trimmed": false,
					"sourceSize": {
						"w": 236,
						"h": 60
					},
					"spriteSourceSize": {
						"x": 0,
						"y": 0,
						"w": 236,
						"h": 60
					},
					"frame": {
						"x": 736,
						"y": 970,
						"w": 236,
						"h": 60
					}
				},
				{
					"filename": "buttons/frame",
					"rotated": false,
					"trimmed": false,
					"sourceSize": {
						"w": 368,
						"h": 101
					},
					"spriteSourceSize": {
						"x": 0,
						"y": 0,
						"w": 368,
						"h": 101
					},
					"frame": {
						"x": 641,
						"y": 1033,
						"w": 368,
						"h": 101
					}
				},
				{
					"filename": "buttons/blue",
					"rotated": false,
					"trimmed": false,
					"sourceSize": {
						"w": 362,
						"h": 95
					},
					"spriteSourceSize": {
						"x": 0,
						"y": 0,
						"w": 362,
						"h": 95
					},
					"frame": {
						"x": 641,
						"y": 1137,
						"w": 362,
						"h": 95
					}
				},
				{
					"filename": "texts/text-continue",
					"rotated": false,
					"trimmed": false,
					"sourceSize": {
						"w": 327,
						"h": 49
					},
					"spriteSourceSize": {
						"x": 0,
						"y": 0,
						"w": 327,
						"h": 49
					},
					"frame": {
						"x": 691,
						"y": 1235,
						"w": 327,
						"h": 49
					}
				},
				{
					"filename": "texts/text-settings",
					"rotated": false,
					"trimmed": false,
					"sourceSize": {
						"w": 292,
						"h": 49
					},
					"spriteSourceSize": {
						"x": 0,
						"y": 0,
						"w": 292,
						"h": 49
					},
					"frame": {
						"x": 691,
						"y": 1287,
						"w": 292,
						"h": 49
					}
				},
				{
					"filename": "buttons/green",
					"rotated": false,
					"trimmed": false,
					"sourceSize": {
						"w": 362,
						"h": 95
					},
					"spriteSourceSize": {
						"x": 0,
						"y": 0,
						"w": 362,
						"h": 95
					},
					"frame": {
						"x": 518,
						"y": 1339,
						"w": 362,
						"h": 95
					}
				},
				{
					"filename": "buttons/yellow",
					"rotated": false,
					"trimmed": false,
					"sourceSize": {
						"w": 362,
						"h": 95
					},
					"spriteSourceSize": {
						"x": 0,
						"y": 0,
						"w": 362,
						"h": 95
					},
					"frame": {
						"x": 518,
						"y": 1437,
						"w": 362,
						"h": 95
					}
				},
				{
					"filename": "buttons/green-small-bg",
					"rotated": false,
					"trimmed": false,
					"sourceSize": {
						"w": 178,
						"h": 66
					},
					"spriteSourceSize": {
						"x": 0,
						"y": 0,
						"w": 178,
						"h": 66
					},
					"frame": {
						"x": 518,
						"y": 1535,
						"w": 178,
						"h": 66
					}
				},
				{
					"filename": "icons/bomb",
					"rotated": false,
					"trimmed": false,
					"sourceSize": {
						"w": 114,
						"h": 125
					},
					"spriteSourceSize": {
						"x": 0,
						"y": 0,
						"w": 114,
						"h": 125
					},
					"frame": {
						"x": 864,
						"y": 159,
						"w": 114,
						"h": 125
					}
				},
				{
					"filename": "texts/text-pause",
					"rotated": false,
					"trimmed": false,
					"sourceSize": {
						"w": 188,
						"h": 49
					},
					"spriteSourceSize": {
						"x": 0,
						"y": 0,
						"w": 188,
						"h": 49
					},
					"frame": {
						"x": 699,
						"y": 1535,
						"w": 188,
						"h": 49
					}
				},
				{
					"filename": "loading-screen/tile-bg",
					"rotated": false,
					"trimmed": false,
					"sourceSize": {
						"w": 108,
						"h": 112
					},
					"spriteSourceSize": {
						"x": 0,
						"y": 0,
						"w": 108,
						"h": 112
					},
					"frame": {
						"x": 883,
						"y": 1339,
						"w": 108,
						"h": 112
					}
				},
				{
					"filename": "texts/rocket",
					"rotated": false,
					"trimmed": false,
					"sourceSize": {
						"w": 189,
						"h": 39
					},
					"spriteSourceSize": {
						"x": 0,
						"y": 0,
						"w": 189,
						"h": 39
					},
					"frame": {
						"x": 699,
						"y": 1587,
						"w": 189,
						"h": 39
					}
				},
				{
					"filename": "texts/boom",
					"rotated": false,
					"trimmed": false,
					"sourceSize": {
						"w": 172,
						"h": 49
					},
					"spriteSourceSize": {
						"x": 0,
						"y": 0,
						"w": 172,
						"h": 49
					},
					"frame": {
						"x": 518,
						"y": 1604,
						"w": 172,
						"h": 49
					}
				},
				{
					"filename": "buttons/green-small",
					"rotated": false,
					"trimmed": false,
					"sourceSize": {
						"w": 166,
						"h": 53
					},
					"spriteSourceSize": {
						"x": 0,
						"y": 0,
						"w": 166,
						"h": 53
					},
					"frame": {
						"x": 490,
						"y": 1656,
						"w": 166,
						"h": 53
					}
				},
				{
					"filename": "blank",
					"rotated": false,
					"trimmed": false,
					"sourceSize": {
						"w": 100,
						"h": 100
					},
					"spriteSourceSize": {
						"x": 0,
						"y": 0,
						"w": 100,
						"h": 100
					},
					"frame": {
						"x": 490,
						"y": 1712,
						"w": 100,
						"h": 100
					}
				},
				{
					"filename": "loading-screen/tile-1",
					"rotated": false,
					"trimmed": true,
					"sourceSize": {
						"w": 100,
						"h": 100
					},
					"spriteSourceSize": {
						"x": 6,
						"y": 12,
						"w": 91,
						"h": 78
					},
					"frame": {
						"x": 883,
						"y": 1454,
						"w": 91,
						"h": 78
					}
				},
				{
					"filename": "texts/shop",
					"rotated": false,
					"trimmed": false,
					"sourceSize": {
						"w": 131,
						"h": 39
					},
					"spriteSourceSize": {
						"x": 0,
						"y": 0,
						"w": 131,
						"h": 39
					},
					"frame": {
						"x": 588,
						"y": 669,
						"w": 131,
						"h": 39
					}
				},
				{
					"filename": "icons/home",
					"rotated": false,
					"trimmed": false,
					"sourceSize": {
						"w": 58,
						"h": 57
					},
					"spriteSourceSize": {
						"x": 0,
						"y": 0,
						"w": 58,
						"h": 57
					},
					"frame": {
						"x": 490,
						"y": 1815,
						"w": 58,
						"h": 57
					}
				},
				{
					"filename": "icons/timeout-clock",
					"rotated": false,
					"trimmed": false,
					"sourceSize": {
						"w": 79,
						"h": 109
					},
					"spriteSourceSize": {
						"x": 0,
						"y": 0,
						"w": 79,
						"h": 109
					},
					"frame": {
						"x": 593,
						"y": 1712,
						"w": 79,
						"h": 109
					}
				},
				{
					"filename": "icons/music-off",
					"rotated": false,
					"trimmed": false,
					"sourceSize": {
						"w": 90,
						"h": 90
					},
					"spriteSourceSize": {
						"x": 0,
						"y": 0,
						"w": 90,
						"h": 90
					},
					"frame": {
						"x": 891,
						"y": 1535,
						"w": 90,
						"h": 90
					}
				},
				{
					"filename": "loading-screen/tile-5",
					"rotated": false,
					"trimmed": true,
					"sourceSize": {
						"w": 100,
						"h": 100
					},
					"spriteSourceSize": {
						"x": 6,
						"y": 7,
						"w": 91,
						"h": 89
					},
					"frame": {
						"x": 693,
						"y": 1629,
						"w": 91,
						"h": 89
					}
				},
				{
					"filename": "icons/music-on",
					"rotated": false,
					"trimmed": false,
					"sourceSize": {
						"w": 90,
						"h": 90
					},
					"spriteSourceSize": {
						"x": 0,
						"y": 0,
						"w": 90,
						"h": 90
					},
					"frame": {
						"x": 787,
						"y": 1629,
						"w": 90,
						"h": 90
					}
				},
				{
					"filename": "icons/sound-off",
					"rotated": false,
					"trimmed": false,
					"sourceSize": {
						"w": 90,
						"h": 90
					},
					"spriteSourceSize": {
						"x": 0,
						"y": 0,
						"w": 90,
						"h": 90
					},
					"frame": {
						"x": 675,
						"y": 1721,
						"w": 90,
						"h": 90
					}
				},
				{
					"filename": "icons/sound-on",
					"rotated": false,
					"trimmed": false,
					"sourceSize": {
						"w": 90,
						"h": 90
					},
					"spriteSourceSize": {
						"x": 0,
						"y": 0,
						"w": 90,
						"h": 90
					},
					"frame": {
						"x": 768,
						"y": 1722,
						"w": 90,
						"h": 90
					}
				},
				{
					"filename": "icons/invite",
					"rotated": false,
					"trimmed": false,
					"sourceSize": {
						"w": 58,
						"h": 58
					},
					"spriteSourceSize": {
						"x": 0,
						"y": 0,
						"w": 58,
						"h": 58
					},
					"frame": {
						"x": 675,
						"y": 1814,
						"w": 58,
						"h": 58
					}
				},
				{
					"filename": "icons/replay",
					"rotated": false,
					"trimmed": false,
					"sourceSize": {
						"w": 54,
						"h": 57
					},
					"spriteSourceSize": {
						"x": 0,
						"y": 0,
						"w": 54,
						"h": 57
					},
					"frame": {
						"x": 736,
						"y": 1815,
						"w": 54,
						"h": 57
					}
				},
				{
					"filename": "texts/x2",
					"rotated": false,
					"trimmed": false,
					"sourceSize": {
						"w": 84,
						"h": 54
					},
					"spriteSourceSize": {
						"x": 0,
						"y": 0,
						"w": 84,
						"h": 54
					},
					"frame": {
						"x": 793,
						"y": 1815,
						"w": 84,
						"h": 54
					}
				},
				{
					"filename": "icons/vibrate-off",
					"rotated": false,
					"trimmed": false,
					"sourceSize": {
						"w": 90,
						"h": 90
					},
					"spriteSourceSize": {
						"x": 0,
						"y": 0,
						"w": 90,
						"h": 90
					},
					"frame": {
						"x": 861,
						"y": 1722,
						"w": 90,
						"h": 90
					}
				},
				{
					"filename": "icons/vibrate-on",
					"rotated": false,
					"trimmed": false,
					"sourceSize": {
						"w": 90,
						"h": 90
					},
					"spriteSourceSize": {
						"x": 0,
						"y": 0,
						"w": 90,
						"h": 90
					},
					"frame": {
						"x": 880,
						"y": 1629,
						"w": 90,
						"h": 90
					}
				},
				{
					"filename": "icons/clock",
					"rotated": false,
					"trimmed": true,
					"sourceSize": {
						"w": 56,
						"h": 56
					},
					"spriteSourceSize": {
						"x": 1,
						"y": 1,
						"w": 54,
						"h": 55
					},
					"frame": {
						"x": 880,
						"y": 1815,
						"w": 54,
						"h": 55
					}
				},
				{
					"filename": "loading-screen/tile-4",
					"rotated": false,
					"trimmed": true,
					"sourceSize": {
						"w": 100,
						"h": 100
					},
					"spriteSourceSize": {
						"x": 9,
						"y": 9,
						"w": 85,
						"h": 87
					},
					"frame": {
						"x": 845,
						"y": 294,
						"w": 85,
						"h": 87
					}
				},
				{
					"filename": "loading-screen/tile-3",
					"rotated": false,
					"trimmed": true,
					"sourceSize": {
						"w": 100,
						"h": 100
					},
					"spriteSourceSize": {
						"x": 8,
						"y": 10,
						"w": 86,
						"h": 83
					},
					"frame": {
						"x": 845,
						"y": 384,
						"w": 86,
						"h": 83
					}
				},
				{
					"filename": "loading-screen/tile-2",
					"rotated": false,
					"trimmed": true,
					"sourceSize": {
						"w": 100,
						"h": 100
					},
					"spriteSourceSize": {
						"x": 10,
						"y": 11,
						"w": 82,
						"h": 82
					},
					"frame": {
						"x": 845,
						"y": 470,
						"w": 82,
						"h": 82
					}
				},
				{
					"filename": "buttons/close",
					"rotated": false,
					"trimmed": false,
					"sourceSize": {
						"w": 72,
						"h": 74
					},
					"spriteSourceSize": {
						"x": 0,
						"y": 0,
						"w": 72,
						"h": 74
					},
					"frame": {
						"x": 933,
						"y": 287,
						"w": 72,
						"h": 74
					}
				},
				{
					"filename": "buttons/yellow-circle",
					"rotated": false,
					"trimmed": false,
					"sourceSize": {
						"w": 72,
						"h": 74
					},
					"spriteSourceSize": {
						"x": 0,
						"y": 0,
						"w": 72,
						"h": 74
					},
					"frame": {
						"x": 934,
						"y": 364,
						"w": 72,
						"h": 74
					}
				},
				{
					"filename": "icons/info-dot",
					"rotated": false,
					"trimmed": false,
					"sourceSize": {
						"w": 39,
						"h": 46
					},
					"spriteSourceSize": {
						"x": 0,
						"y": 0,
						"w": 39,
						"h": 46
					},
					"frame": {
						"x": 551,
						"y": 1815,
						"w": 39,
						"h": 46
					}
				},
				{
					"filename": "icons/check",
					"rotated": false,
					"trimmed": false,
					"sourceSize": {
						"w": 53,
						"h": 47
					},
					"spriteSourceSize": {
						"x": 0,
						"y": 0,
						"w": 53,
						"h": 47
					},
					"frame": {
						"x": 593,
						"y": 1824,
						"w": 53,
						"h": 47
					}
				},
				{
					"filename": "icons/ads",
					"rotated": false,
					"trimmed": false,
					"sourceSize": {
						"w": 62,
						"h": 68
					},
					"spriteSourceSize": {
						"x": 0,
						"y": 0,
						"w": 62,
						"h": 68
					},
					"frame": {
						"x": 934,
						"y": 441,
						"w": 62,
						"h": 68
					}
				},
				{
					"filename": "icons/coin",
					"rotated": false,
					"trimmed": false,
					"sourceSize": {
						"w": 42,
						"h": 41
					},
					"spriteSourceSize": {
						"x": 0,
						"y": 0,
						"w": 42,
						"h": 41
					},
					"frame": {
						"x": 641,
						"y": 986,
						"w": 42,
						"h": 41
					}
				},
				{
					"filename": "icons/lose",
					"rotated": false,
					"trimmed": true,
					"sourceSize": {
						"w": 58,
						"h": 61
					},
					"spriteSourceSize": {
						"x": 1,
						"y": 0,
						"w": 57,
						"h": 61
					},
					"frame": {
						"x": 954,
						"y": 1722,
						"w": 57,
						"h": 61
					}
				},
				{
					"filename": "icons/share",
					"rotated": false,
					"trimmed": false,
					"sourceSize": {
						"w": 48,
						"h": 59
					},
					"spriteSourceSize": {
						"x": 0,
						"y": 0,
						"w": 48,
						"h": 59
					},
					"frame": {
						"x": 954,
						"y": 1786,
						"w": 48,
						"h": 59
					}
				},
				{
					"filename": "icons/pause",
					"rotated": false,
					"trimmed": false,
					"sourceSize": {
						"w": 33,
						"h": 34
					},
					"spriteSourceSize": {
						"x": 0,
						"y": 0,
						"w": 33,
						"h": 34
					},
					"frame": {
						"x": 588,
						"y": 711,
						"w": 33,
						"h": 34
					}
				},
				{
					"filename": "icons/x",
					"rotated": false,
					"trimmed": false,
					"sourceSize": {
						"w": 30,
						"h": 33
					},
					"spriteSourceSize": {
						"x": 0,
						"y": 0,
						"w": 30,
						"h": 33
					},
					"frame": {
						"x": 986,
						"y": 1287,
						"w": 30,
						"h": 33
					}
				},
				{
					"filename": "icons/continue",
					"rotated": false,
					"trimmed": false,
					"sourceSize": {
						"w": 46,
						"h": 55
					},
					"spriteSourceSize": {
						"x": 0,
						"y": 0,
						"w": 46,
						"h": 55
					},
					"frame": {
						"x": 971,
						"y": 512,
						"w": 46,
						"h": 55
					}
				}
			]
		}
	],
	"meta": {
		"app": "https://www.codeandweb.com/texturepacker",
		"version": "3.0",
		"smartupdate": "$TexturePacker:SmartUpdate:b04d6ca8d2febbeddd87691e1ae8766c:0467853f7aa05aa7c341457cfcebf770:0d468957a782894db8a57dcd348e750f$"
	}
}
