{
	"textures": [
		{
			"image": "effects-resources-0.png",
			"format": "RGBA8888",
			"size": {
				"w": 1012,
				"h": 1012
			},
			"scale": 1,
			"frames": [
				{
					"filename": "ribbon/falling-confetti/confetti-b/confetti-b-4",
					"rotated": false,
					"trimmed": false,
					"sourceSize": {
						"w": 26,
						"h": 2
					},
					"spriteSourceSize": {
						"x": 0,
						"y": 0,
						"w": 26,
						"h": 2
					},
					"frame": {
						"x": 1,
						"y": 1,
						"w": 26,
						"h": 2
					}
				},
				{
					"filename": "ribbon/falling-confetti/confetti-a/confetti-a-3",
					"rotated": false,
					"trimmed": false,
					"sourceSize": {
						"w": 21,
						"h": 3
					},
					"spriteSourceSize": {
						"x": 0,
						"y": 0,
						"w": 21,
						"h": 3
					},
					"frame": {
						"x": 29,
						"y": 1,
						"w": 21,
						"h": 3
					}
				},
				{
					"filename": "ribbon/falling-confetti/confetti-d/confetti-d-4",
					"rotated": false,
					"trimmed": false,
					"sourceSize": {
						"w": 23,
						"h": 4
					},
					"spriteSourceSize": {
						"x": 0,
						"y": 0,
						"w": 23,
						"h": 4
					},
					"frame": {
						"x": 52,
						"y": 1,
						"w": 23,
						"h": 4
					}
				},
				{
					"filename": "ribbon/falling-confetti/confetti-b/confetti-b-3",
					"rotated": false,
					"trimmed": false,
					"sourceSize": {
						"w": 25,
						"h": 5
					},
					"spriteSourceSize": {
						"x": 0,
						"y": 0,
						"w": 25,
						"h": 5
					},
					"frame": {
						"x": 77,
						"y": 1,
						"w": 25,
						"h": 5
					}
				},
				{
					"filename": "ribbon/falling-confetti/confetti-c/confetti-c-4",
					"rotated": false,
					"trimmed": false,
					"sourceSize": {
						"w": 22,
						"h": 6
					},
					"spriteSourceSize": {
						"x": 0,
						"y": 0,
						"w": 22,
						"h": 6
					},
					"frame": {
						"x": 104,
						"y": 1,
						"w": 22,
						"h": 6
					}
				},
				{
					"filename": "ribbon/falling-confetti/confetti-d/confetti-d-3",
					"rotated": false,
					"trimmed": false,
					"sourceSize": {
						"w": 23,
						"h": 6
					},
					"spriteSourceSize": {
						"x": 0,
						"y": 0,
						"w": 23,
						"h": 6
					},
					"frame": {
						"x": 128,
						"y": 1,
						"w": 23,
						"h": 6
					}
				},
				{
					"filename": "ribbon/falling-confetti/confetti-a/confetti-a-2",
					"rotated": false,
					"trimmed": false,
					"sourceSize": {
						"w": 21,
						"h": 7
					},
					"spriteSourceSize": {
						"x": 0,
						"y": 0,
						"w": 21,
						"h": 7
					},
					"frame": {
						"x": 153,
						"y": 1,
						"w": 21,
						"h": 7
					}
				},
				{
					"filename": "ribbon/falling-confetti/confetti-c/confetti-c-3",
					"rotated": false,
					"trimmed": false,
					"sourceSize": {
						"w": 23,
						"h": 7
					},
					"spriteSourceSize": {
						"x": 0,
						"y": 0,
						"w": 23,
						"h": 7
					},
					"frame": {
						"x": 176,
						"y": 1,
						"w": 23,
						"h": 7
					}
				},
				{
					"filename": "star-x/star-4",
					"rotated": false,
					"trimmed": true,
					"sourceSize": {
						"w": 21,
						"h": 20
					},
					"spriteSourceSize": {
						"x": 0,
						"y": 6,
						"w": 21,
						"h": 8
					},
					"frame": {
						"x": 201,
						"y": 1,
						"w": 21,
						"h": 8
					}
				},
				{
					"filename": "ribbon/falling-confetti/confetti-b/confetti-b-2",
					"rotated": false,
					"trimmed": false,
					"sourceSize": {
						"w": 23,
						"h": 9
					},
					"spriteSourceSize": {
						"x": 0,
						"y": 0,
						"w": 23,
						"h": 9
					},
					"frame": {
						"x": 224,
						"y": 1,
						"w": 23,
						"h": 9
					}
				},
				{
					"filename": "ribbon/falling-confetti/confetti-d/confetti-d-2",
					"rotated": false,
					"trimmed": false,
					"sourceSize": {
						"w": 23,
						"h": 9
					},
					"spriteSourceSize": {
						"x": 0,
						"y": 0,
						"w": 23,
						"h": 9
					},
					"frame": {
						"x": 249,
						"y": 1,
						"w": 23,
						"h": 9
					}
				},
				{
					"filename": "ribbon/falling-confetti/confetti-c/confetti-c-2",
					"rotated": false,
					"trimmed": false,
					"sourceSize": {
						"w": 25,
						"h": 10
					},
					"spriteSourceSize": {
						"x": 0,
						"y": 0,
						"w": 25,
						"h": 10
					},
					"frame": {
						"x": 274,
						"y": 1,
						"w": 25,
						"h": 10
					}
				},
				{
					"filename": "ribbon/falling-confetti/confetti-a/confetti-a-1",
					"rotated": false,
					"trimmed": false,
					"sourceSize": {
						"w": 21,
						"h": 14
					},
					"spriteSourceSize": {
						"x": 0,
						"y": 0,
						"w": 21,
						"h": 14
					},
					"frame": {
						"x": 301,
						"y": 1,
						"w": 21,
						"h": 14
					}
				},
				{
					"filename": "ribbon/falling-confetti/confetti-b/confetti-b-1",
					"rotated": false,
					"trimmed": false,
					"sourceSize": {
						"w": 23,
						"h": 14
					},
					"spriteSourceSize": {
						"x": 0,
						"y": 0,
						"w": 23,
						"h": 14
					},
					"frame": {
						"x": 324,
						"y": 1,
						"w": 23,
						"h": 14
					}
				},
				{
					"filename": "ribbon/falling-confetti/confetti-d/confetti-d-1",
					"rotated": false,
					"trimmed": false,
					"sourceSize": {
						"w": 21,
						"h": 14
					},
					"spriteSourceSize": {
						"x": 0,
						"y": 0,
						"w": 21,
						"h": 14
					},
					"frame": {
						"x": 349,
						"y": 1,
						"w": 21,
						"h": 14
					}
				},
				{
					"filename": "star-x/star-3",
					"rotated": false,
					"trimmed": true,
					"sourceSize": {
						"w": 21,
						"h": 20
					},
					"spriteSourceSize": {
						"x": 0,
						"y": 3,
						"w": 21,
						"h": 14
					},
					"frame": {
						"x": 372,
						"y": 1,
						"w": 21,
						"h": 14
					}
				},
				{
					"filename": "ribbon/falling-confetti/confetti-c/confetti-c-1",
					"rotated": false,
					"trimmed": false,
					"sourceSize": {
						"w": 24,
						"h": 16
					},
					"spriteSourceSize": {
						"x": 0,
						"y": 0,
						"w": 24,
						"h": 16
					},
					"frame": {
						"x": 395,
						"y": 1,
						"w": 24,
						"h": 16
					}
				},
				{
					"filename": "star-x/star-2",
					"rotated": false,
					"trimmed": true,
					"sourceSize": {
						"w": 21,
						"h": 20
					},
					"spriteSourceSize": {
						"x": 0,
						"y": 1,
						"w": 21,
						"h": 18
					},
					"frame": {
						"x": 421,
						"y": 1,
						"w": 21,
						"h": 18
					}
				},
				{
					"filename": "bomb-defuse/bomb-defuse-0",
					"rotated": false,
					"trimmed": false,
					"sourceSize": {
						"w": 20,
						"h": 20
					},
					"spriteSourceSize": {
						"x": 0,
						"y": 0,
						"w": 20,
						"h": 20
					},
					"frame": {
						"x": 444,
						"y": 1,
						"w": 20,
						"h": 20
					}
				},
				{
					"filename": "star-x/star-1",
					"rotated": false,
					"trimmed": false,
					"sourceSize": {
						"w": 21,
						"h": 20
					},
					"spriteSourceSize": {
						"x": 0,
						"y": 0,
						"w": 21,
						"h": 20
					},
					"frame": {
						"x": 466,
						"y": 1,
						"w": 21,
						"h": 20
					}
				},
				{
					"filename": "star-y/star-1",
					"rotated": false,
					"trimmed": false,
					"sourceSize": {
						"w": 21,
						"h": 20
					},
					"spriteSourceSize": {
						"x": 0,
						"y": 0,
						"w": 21,
						"h": 20
					},
					"frame": {
						"x": 466,
						"y": 1,
						"w": 21,
						"h": 20
					}
				},
				{
					"filename": "star-y/star-2",
					"rotated": false,
					"trimmed": true,
					"sourceSize": {
						"w": 21,
						"h": 20
					},
					"spriteSourceSize": {
						"x": 4,
						"y": 0,
						"w": 15,
						"h": 20
					},
					"frame": {
						"x": 489,
						"y": 1,
						"w": 15,
						"h": 20
					}
				},
				{
					"filename": "star-y/star-3",
					"rotated": false,
					"trimmed": true,
					"sourceSize": {
						"w": 21,
						"h": 20
					},
					"spriteSourceSize": {
						"x": 7,
						"y": 0,
						"w": 8,
						"h": 20
					},
					"frame": {
						"x": 506,
						"y": 1,
						"w": 8,
						"h": 20
					}
				},
				{
					"filename": "star-y/star-4",
					"rotated": false,
					"trimmed": true,
					"sourceSize": {
						"w": 21,
						"h": 20
					},
					"spriteSourceSize": {
						"x": 1,
						"y": 0,
						"w": 20,
						"h": 20
					},
					"frame": {
						"x": 516,
						"y": 1,
						"w": 20,
						"h": 20
					}
				},
				{
					"filename": "rocket-explosion/rocket-explosion-0",
					"rotated": false,
					"trimmed": false,
					"sourceSize": {
						"w": 21,
						"h": 25
					},
					"spriteSourceSize": {
						"x": 0,
						"y": 0,
						"w": 21,
						"h": 25
					},
					"frame": {
						"x": 538,
						"y": 1,
						"w": 21,
						"h": 25
					}
				},
				{
					"filename": "confetti/small-2",
					"rotated": false,
					"trimmed": true,
					"sourceSize": {
						"w": 28,
						"h": 31
					},
					"spriteSourceSize": {
						"x": 1,
						"y": 3,
						"w": 26,
						"h": 27
					},
					"frame": {
						"x": 561,
						"y": 1,
						"w": 26,
						"h": 27
					}
				},
				{
					"filename": "confetti/small-4",
					"rotated": false,
					"trimmed": true,
					"sourceSize": {
						"w": 28,
						"h": 31
					},
					"spriteSourceSize": {
						"x": 4,
						"y": 2,
						"w": 20,
						"h": 28
					},
					"frame": {
						"x": 589,
						"y": 1,
						"w": 20,
						"h": 28
					}
				},
				{
					"filename": "confetti/small-3",
					"rotated": false,
					"trimmed": true,
					"sourceSize": {
						"w": 28,
						"h": 31
					},
					"spriteSourceSize": {
						"x": 4,
						"y": 1,
						"w": 22,
						"h": 30
					},
					"frame": {
						"x": 611,
						"y": 1,
						"w": 22,
						"h": 30
					}
				},
				{
					"filename": "confetti/small-1",
					"rotated": false,
					"trimmed": false,
					"sourceSize": {
						"w": 28,
						"h": 31
					},
					"spriteSourceSize": {
						"x": 0,
						"y": 0,
						"w": 28,
						"h": 31
					},
					"frame": {
						"x": 635,
						"y": 1,
						"w": 28,
						"h": 31
					}
				},
				{
					"filename": "rocket-tail-effect/fire-explosive-0",
					"rotated": false,
					"trimmed": true,
					"sourceSize": {
						"w": 56,
						"h": 56
					},
					"spriteSourceSize": {
						"x": 16,
						"y": 9,
						"w": 33,
						"h": 32
					},
					"frame": {
						"x": 665,
						"y": 1,
						"w": 33,
						"h": 32
					}
				},
				{
					"filename": "rocket-tail-effect/fire-explosive-1",
					"rotated": false,
					"trimmed": true,
					"sourceSize": {
						"w": 56,
						"h": 56
					},
					"spriteSourceSize": {
						"x": 16,
						"y": 9,
						"w": 33,
						"h": 32
					},
					"frame": {
						"x": 665,
						"y": 1,
						"w": 33,
						"h": 32
					}
				},
				{
					"filename": "rocket-tail-effect/fire-explosive-2",
					"rotated": false,
					"trimmed": true,
					"sourceSize": {
						"w": 56,
						"h": 56
					},
					"spriteSourceSize": {
						"x": 17,
						"y": 9,
						"w": 32,
						"h": 32
					},
					"frame": {
						"x": 700,
						"y": 1,
						"w": 32,
						"h": 32
					}
				},
				{
					"filename": "rocket-tail-effect/fire-explosive-3",
					"rotated": false,
					"trimmed": true,
					"sourceSize": {
						"w": 56,
						"h": 56
					},
					"spriteSourceSize": {
						"x": 16,
						"y": 9,
						"w": 34,
						"h": 32
					},
					"frame": {
						"x": 734,
						"y": 1,
						"w": 34,
						"h": 32
					}
				},
				{
					"filename": "rocket-tail-effect/fire-explosive-4",
					"rotated": false,
					"trimmed": true,
					"sourceSize": {
						"w": 56,
						"h": 56
					},
					"spriteSourceSize": {
						"x": 16,
						"y": 9,
						"w": 35,
						"h": 32
					},
					"frame": {
						"x": 770,
						"y": 1,
						"w": 35,
						"h": 32
					}
				},
				{
					"filename": "rocket-tail-effect/fire-explosive-49",
					"rotated": false,
					"trimmed": true,
					"sourceSize": {
						"w": 56,
						"h": 56
					},
					"spriteSourceSize": {
						"x": 13,
						"y": 9,
						"w": 38,
						"h": 32
					},
					"frame": {
						"x": 807,
						"y": 1,
						"w": 38,
						"h": 32
					}
				},
				{
					"filename": "rocket-tail-effect/fire-explosive-50",
					"rotated": false,
					"trimmed": true,
					"sourceSize": {
						"w": 56,
						"h": 56
					},
					"spriteSourceSize": {
						"x": 12,
						"y": 9,
						"w": 41,
						"h": 32
					},
					"frame": {
						"x": 847,
						"y": 1,
						"w": 41,
						"h": 32
					}
				},
				{
					"filename": "rocket-tail-effect/fire-explosive-51",
					"rotated": false,
					"trimmed": true,
					"sourceSize": {
						"w": 56,
						"h": 56
					},
					"spriteSourceSize": {
						"x": 11,
						"y": 9,
						"w": 40,
						"h": 32
					},
					"frame": {
						"x": 890,
						"y": 1,
						"w": 40,
						"h": 32
					}
				},
				{
					"filename": "rocket-tail-effect/fire-explosive-70",
					"rotated": false,
					"trimmed": true,
					"sourceSize": {
						"w": 56,
						"h": 56
					},
					"spriteSourceSize": {
						"x": 15,
						"y": 9,
						"w": 38,
						"h": 32
					},
					"frame": {
						"x": 932,
						"y": 1,
						"w": 38,
						"h": 32
					}
				},
				{
					"filename": "spark",
					"rotated": false,
					"trimmed": false,
					"sourceSize": {
						"w": 32,
						"h": 32
					},
					"spriteSourceSize": {
						"x": 0,
						"y": 0,
						"w": 32,
						"h": 32
					},
					"frame": {
						"x": 972,
						"y": 1,
						"w": 32,
						"h": 32
					}
				},
				{
					"filename": "rocket-tail-effect/fire-explosive-5",
					"rotated": false,
					"trimmed": true,
					"sourceSize": {
						"w": 56,
						"h": 56
					},
					"spriteSourceSize": {
						"x": 17,
						"y": 8,
						"w": 34,
						"h": 33
					},
					"frame": {
						"x": 1,
						"y": 35,
						"w": 34,
						"h": 33
					}
				},
				{
					"filename": "rocket-tail-effect/fire-explosive-6",
					"rotated": false,
					"trimmed": true,
					"sourceSize": {
						"w": 56,
						"h": 56
					},
					"spriteSourceSize": {
						"x": 16,
						"y": 8,
						"w": 36,
						"h": 33
					},
					"frame": {
						"x": 37,
						"y": 35,
						"w": 36,
						"h": 33
					}
				},
				{
					"filename": "rocket-tail-effect/fire-explosive-7",
					"rotated": false,
					"trimmed": true,
					"sourceSize": {
						"w": 56,
						"h": 56
					},
					"spriteSourceSize": {
						"x": 16,
						"y": 8,
						"w": 36,
						"h": 33
					},
					"frame": {
						"x": 75,
						"y": 35,
						"w": 36,
						"h": 33
					}
				},
				{
					"filename": "rocket-tail-effect/fire-explosive-63",
					"rotated": false,
					"trimmed": true,
					"sourceSize": {
						"w": 56,
						"h": 56
					},
					"spriteSourceSize": {
						"x": 9,
						"y": 8,
						"w": 43,
						"h": 33
					},
					"frame": {
						"x": 113,
						"y": 35,
						"w": 43,
						"h": 33
					}
				},
				{
					"filename": "rocket-tail-effect/fire-explosive-64",
					"rotated": false,
					"trimmed": true,
					"sourceSize": {
						"w": 56,
						"h": 56
					},
					"spriteSourceSize": {
						"x": 9,
						"y": 8,
						"w": 44,
						"h": 33
					},
					"frame": {
						"x": 158,
						"y": 35,
						"w": 44,
						"h": 33
					}
				},
				{
					"filename": "rocket-tail-effect/fire-explosive-65",
					"rotated": false,
					"trimmed": true,
					"sourceSize": {
						"w": 56,
						"h": 56
					},
					"spriteSourceSize": {
						"x": 9,
						"y": 8,
						"w": 44,
						"h": 33
					},
					"frame": {
						"x": 204,
						"y": 35,
						"w": 44,
						"h": 33
					}
				},
				{
					"filename": "rocket-tail-effect/fire-explosive-66",
					"rotated": false,
					"trimmed": true,
					"sourceSize": {
						"w": 56,
						"h": 56
					},
					"spriteSourceSize": {
						"x": 13,
						"y": 8,
						"w": 40,
						"h": 33
					},
					"frame": {
						"x": 250,
						"y": 35,
						"w": 40,
						"h": 33
					}
				},
				{
					"filename": "rocket-tail-effect/fire-explosive-8",
					"rotated": false,
					"trimmed": true,
					"sourceSize": {
						"w": 56,
						"h": 56
					},
					"spriteSourceSize": {
						"x": 16,
						"y": 8,
						"w": 35,
						"h": 34
					},
					"frame": {
						"x": 292,
						"y": 35,
						"w": 35,
						"h": 34
					}
				},
				{
					"filename": "rocket-tail-effect/fire-explosive-10",
					"rotated": false,
					"trimmed": true,
					"sourceSize": {
						"w": 56,
						"h": 56
					},
					"spriteSourceSize": {
						"x": 16,
						"y": 9,
						"w": 36,
						"h": 34
					},
					"frame": {
						"x": 329,
						"y": 35,
						"w": 36,
						"h": 34
					}
				},
				{
					"filename": "rocket-tail-effect/fire-explosive-45",
					"rotated": false,
					"trimmed": true,
					"sourceSize": {
						"w": 56,
						"h": 56
					},
					"spriteSourceSize": {
						"x": 16,
						"y": 7,
						"w": 36,
						"h": 34
					},
					"frame": {
						"x": 367,
						"y": 35,
						"w": 36,
						"h": 34
					}
				},
				{
					"filename": "rocket-tail-effect/fire-explosive-52",
					"rotated": false,
					"trimmed": true,
					"sourceSize": {
						"w": 56,
						"h": 56
					},
					"spriteSourceSize": {
						"x": 11,
						"y": 8,
						"w": 40,
						"h": 34
					},
					"frame": {
						"x": 405,
						"y": 35,
						"w": 40,
						"h": 34
					}
				},
				{
					"filename": "rocket-tail-effect/fire-explosive-61",
					"rotated": false,
					"trimmed": true,
					"sourceSize": {
						"w": 56,
						"h": 56
					},
					"spriteSourceSize": {
						"x": 9,
						"y": 7,
						"w": 43,
						"h": 34
					},
					"frame": {
						"x": 447,
						"y": 35,
						"w": 43,
						"h": 34
					}
				},
				{
					"filename": "rocket-tail-effect/fire-explosive-67",
					"rotated": false,
					"trimmed": true,
					"sourceSize": {
						"w": 56,
						"h": 56
					},
					"spriteSourceSize": {
						"x": 13,
						"y": 7,
						"w": 40,
						"h": 34
					},
					"frame": {
						"x": 492,
						"y": 35,
						"w": 40,
						"h": 34
					}
				},
				{
					"filename": "confetti/hexagon-2",
					"rotated": false,
					"trimmed": true,
					"sourceSize": {
						"w": 50,
						"h": 50
					},
					"spriteSourceSize": {
						"x": 4,
						"y": 8,
						"w": 42,
						"h": 35
					},
					"frame": {
						"x": 534,
						"y": 35,
						"w": 42,
						"h": 35
					}
				},
				{
					"filename": "rocket-tail-effect/fire-explosive-9",
					"rotated": false,
					"trimmed": true,
					"sourceSize": {
						"w": 56,
						"h": 56
					},
					"spriteSourceSize": {
						"x": 16,
						"y": 8,
						"w": 36,
						"h": 35
					},
					"frame": {
						"x": 578,
						"y": 35,
						"w": 36,
						"h": 35
					}
				},
				{
					"filename": "rocket-tail-effect/fire-explosive-11",
					"rotated": false,
					"trimmed": true,
					"sourceSize": {
						"w": 56,
						"h": 56
					},
					"spriteSourceSize": {
						"x": 17,
						"y": 9,
						"w": 36,
						"h": 35
					},
					"frame": {
						"x": 616,
						"y": 35,
						"w": 36,
						"h": 35
					}
				},
				{
					"filename": "rocket-tail-effect/fire-explosive-16",
					"rotated": false,
					"trimmed": true,
					"sourceSize": {
						"w": 56,
						"h": 56
					},
					"spriteSourceSize": {
						"x": 16,
						"y": 7,
						"w": 37,
						"h": 35
					},
					"frame": {
						"x": 654,
						"y": 35,
						"w": 37,
						"h": 35
					}
				},
				{
					"filename": "rocket-tail-effect/fire-explosive-17",
					"rotated": false,
					"trimmed": true,
					"sourceSize": {
						"w": 56,
						"h": 56
					},
					"spriteSourceSize": {
						"x": 16,
						"y": 7,
						"w": 37,
						"h": 35
					},
					"frame": {
						"x": 693,
						"y": 35,
						"w": 37,
						"h": 35
					}
				},
				{
					"filename": "rocket-tail-effect/fire-explosive-18",
					"rotated": false,
					"trimmed": true,
					"sourceSize": {
						"w": 56,
						"h": 56
					},
					"spriteSourceSize": {
						"x": 16,
						"y": 7,
						"w": 38,
						"h": 35
					},
					"frame": {
						"x": 732,
						"y": 35,
						"w": 38,
						"h": 35
					}
				},
				{
					"filename": "rocket-tail-effect/fire-explosive-29",
					"rotated": false,
					"trimmed": true,
					"sourceSize": {
						"w": 56,
						"h": 56
					},
					"spriteSourceSize": {
						"x": 15,
						"y": 7,
						"w": 36,
						"h": 35
					},
					"frame": {
						"x": 772,
						"y": 35,
						"w": 36,
						"h": 35
					}
				},
				{
					"filename": "rocket-tail-effect/fire-explosive-46",
					"rotated": false,
					"trimmed": true,
					"sourceSize": {
						"w": 56,
						"h": 56
					},
					"spriteSourceSize": {
						"x": 15,
						"y": 6,
						"w": 36,
						"h": 35
					},
					"frame": {
						"x": 810,
						"y": 35,
						"w": 36,
						"h": 35
					}
				},
				{
					"filename": "rocket-tail-effect/fire-explosive-48",
					"rotated": false,
					"trimmed": true,
					"sourceSize": {
						"w": 56,
						"h": 56
					},
					"spriteSourceSize": {
						"x": 14,
						"y": 6,
						"w": 38,
						"h": 35
					},
					"frame": {
						"x": 848,
						"y": 35,
						"w": 38,
						"h": 35
					}
				},
				{
					"filename": "rocket-tail-effect/fire-explosive-53",
					"rotated": false,
					"trimmed": true,
					"sourceSize": {
						"w": 56,
						"h": 56
					},
					"spriteSourceSize": {
						"x": 15,
						"y": 7,
						"w": 35,
						"h": 35
					},
					"frame": {
						"x": 888,
						"y": 35,
						"w": 35,
						"h": 35
					}
				},
				{
					"filename": "rocket-tail-effect/fire-explosive-54",
					"rotated": false,
					"trimmed": true,
					"sourceSize": {
						"w": 56,
						"h": 56
					},
					"spriteSourceSize": {
						"x": 14,
						"y": 7,
						"w": 37,
						"h": 35
					},
					"frame": {
						"x": 925,
						"y": 35,
						"w": 37,
						"h": 35
					}
				},
				{
					"filename": "rocket-tail-effect/fire-explosive-62",
					"rotated": false,
					"trimmed": true,
					"sourceSize": {
						"w": 56,
						"h": 56
					},
					"spriteSourceSize": {
						"x": 9,
						"y": 7,
						"w": 43,
						"h": 35
					},
					"frame": {
						"x": 964,
						"y": 35,
						"w": 43,
						"h": 35
					}
				},
				{
					"filename": "rocket-tail-effect/fire-explosive-68",
					"rotated": false,
					"trimmed": true,
					"sourceSize": {
						"w": 56,
						"h": 56
					},
					"spriteSourceSize": {
						"x": 15,
						"y": 6,
						"w": 38,
						"h": 35
					},
					"frame": {
						"x": 1,
						"y": 72,
						"w": 38,
						"h": 35
					}
				},
				{
					"filename": "rocket-tail-effect/fire-explosive-69",
					"rotated": false,
					"trimmed": true,
					"sourceSize": {
						"w": 56,
						"h": 56
					},
					"spriteSourceSize": {
						"x": 15,
						"y": 6,
						"w": 37,
						"h": 35
					},
					"frame": {
						"x": 41,
						"y": 72,
						"w": 37,
						"h": 35
					}
				},
				{
					"filename": "capture-path/capture-path-end",
					"rotated": false,
					"trimmed": false,
					"sourceSize": {
						"w": 12,
						"h": 36
					},
					"spriteSourceSize": {
						"x": 0,
						"y": 0,
						"w": 12,
						"h": 36
					},
					"frame": {
						"x": 80,
						"y": 72,
						"w": 12,
						"h": 36
					}
				},
				{
					"filename": "capture-path/capture-path-middle",
					"rotated": false,
					"trimmed": false,
					"sourceSize": {
						"w": 12,
						"h": 36
					},
					"spriteSourceSize": {
						"x": 0,
						"y": 0,
						"w": 12,
						"h": 36
					},
					"frame": {
						"x": 94,
						"y": 72,
						"w": 12,
						"h": 36
					}
				},
				{
					"filename": "capture-path/capture-path-start",
					"rotated": false,
					"trimmed": false,
					"sourceSize": {
						"w": 12,
						"h": 36
					},
					"spriteSourceSize": {
						"x": 0,
						"y": 0,
						"w": 12,
						"h": 36
					},
					"frame": {
						"x": 108,
						"y": 72,
						"w": 12,
						"h": 36
					}
				},
				{
					"filename": "capture-path/capture-path",
					"rotated": false,
					"trimmed": false,
					"sourceSize": {
						"w": 36,
						"h": 36
					},
					"spriteSourceSize": {
						"x": 0,
						"y": 0,
						"w": 36,
						"h": 36
					},
					"frame": {
						"x": 122,
						"y": 72,
						"w": 36,
						"h": 36
					}
				},
				{
					"filename": "confetti/hexagon-3",
					"rotated": false,
					"trimmed": true,
					"sourceSize": {
						"w": 50,
						"h": 50
					},
					"spriteSourceSize": {
						"x": 8,
						"y": 7,
						"w": 36,
						"h": 36
					},
					"frame": {
						"x": 160,
						"y": 72,
						"w": 36,
						"h": 36
					}
				},
				{
					"filename": "rocket-tail-effect/fire-explosive-12",
					"rotated": false,
					"trimmed": true,
					"sourceSize": {
						"w": 56,
						"h": 56
					},
					"spriteSourceSize": {
						"x": 17,
						"y": 8,
						"w": 37,
						"h": 36
					},
					"frame": {
						"x": 198,
						"y": 72,
						"w": 37,
						"h": 36
					}
				},
				{
					"filename": "rocket-tail-effect/fire-explosive-13",
					"rotated": false,
					"trimmed": true,
					"sourceSize": {
						"w": 56,
						"h": 56
					},
					"spriteSourceSize": {
						"x": 17,
						"y": 8,
						"w": 35,
						"h": 36
					},
					"frame": {
						"x": 237,
						"y": 72,
						"w": 35,
						"h": 36
					}
				},
				{
					"filename": "rocket-tail-effect/fire-explosive-14",
					"rotated": false,
					"trimmed": true,
					"sourceSize": {
						"w": 56,
						"h": 56
					},
					"spriteSourceSize": {
						"x": 17,
						"y": 8,
						"w": 35,
						"h": 36
					},
					"frame": {
						"x": 274,
						"y": 72,
						"w": 35,
						"h": 36
					}
				},
				{
					"filename": "rocket-tail-effect/fire-explosive-19",
					"rotated": false,
					"trimmed": true,
					"sourceSize": {
						"w": 56,
						"h": 56
					},
					"spriteSourceSize": {
						"x": 15,
						"y": 7,
						"w": 40,
						"h": 36
					},
					"frame": {
						"x": 311,
						"y": 72,
						"w": 40,
						"h": 36
					}
				},
				{
					"filename": "rocket-tail-effect/fire-explosive-20",
					"rotated": false,
					"trimmed": true,
					"sourceSize": {
						"w": 56,
						"h": 56
					},
					"spriteSourceSize": {
						"x": 15,
						"y": 7,
						"w": 40,
						"h": 36
					},
					"frame": {
						"x": 353,
						"y": 72,
						"w": 40,
						"h": 36
					}
				},
				{
					"filename": "rocket-tail-effect/fire-explosive-24",
					"rotated": false,
					"trimmed": true,
					"sourceSize": {
						"w": 56,
						"h": 56
					},
					"spriteSourceSize": {
						"x": 15,
						"y": 5,
						"w": 39,
						"h": 36
					},
					"frame": {
						"x": 395,
						"y": 72,
						"w": 39,
						"h": 36
					}
				},
				{
					"filename": "rocket-tail-effect/fire-explosive-47",
					"rotated": false,
					"trimmed": true,
					"sourceSize": {
						"w": 56,
						"h": 56
					},
					"spriteSourceSize": {
						"x": 15,
						"y": 5,
						"w": 37,
						"h": 36
					},
					"frame": {
						"x": 436,
						"y": 72,
						"w": 37,
						"h": 36
					}
				},
				{
					"filename": "rocket-tail-effect/fire-explosive-55",
					"rotated": false,
					"trimmed": true,
					"sourceSize": {
						"w": 56,
						"h": 56
					},
					"spriteSourceSize": {
						"x": 14,
						"y": 6,
						"w": 38,
						"h": 36
					},
					"frame": {
						"x": 475,
						"y": 72,
						"w": 38,
						"h": 36
					}
				},
				{
					"filename": "rocket-tail-effect/fire-explosive-15",
					"rotated": false,
					"trimmed": true,
					"sourceSize": {
						"w": 56,
						"h": 56
					},
					"spriteSourceSize": {
						"x": 17,
						"y": 7,
						"w": 35,
						"h": 37
					},
					"frame": {
						"x": 515,
						"y": 72,
						"w": 35,
						"h": 37
					}
				},
				{
					"filename": "rocket-tail-effect/fire-explosive-21",
					"rotated": false,
					"trimmed": true,
					"sourceSize": {
						"w": 56,
						"h": 56
					},
					"spriteSourceSize": {
						"x": 15,
						"y": 6,
						"w": 40,
						"h": 37
					},
					"frame": {
						"x": 552,
						"y": 72,
						"w": 40,
						"h": 37
					}
				},
				{
					"filename": "rocket-tail-effect/fire-explosive-22",
					"rotated": false,
					"trimmed": true,
					"sourceSize": {
						"w": 56,
						"h": 56
					},
					"spriteSourceSize": {
						"x": 15,
						"y": 6,
						"w": 38,
						"h": 37
					},
					"frame": {
						"x": 594,
						"y": 72,
						"w": 38,
						"h": 37
					}
				},
				{
					"filename": "rocket-tail-effect/fire-explosive-25",
					"rotated": false,
					"trimmed": true,
					"sourceSize": {
						"w": 56,
						"h": 56
					},
					"spriteSourceSize": {
						"x": 15,
						"y": 4,
						"w": 37,
						"h": 37
					},
					"frame": {
						"x": 634,
						"y": 72,
						"w": 37,
						"h": 37
					}
				},
				{
					"filename": "rocket-tail-effect/fire-explosive-26",
					"rotated": false,
					"trimmed": true,
					"sourceSize": {
						"w": 56,
						"h": 56
					},
					"spriteSourceSize": {
						"x": 14,
						"y": 4,
						"w": 39,
						"h": 37
					},
					"frame": {
						"x": 673,
						"y": 72,
						"w": 39,
						"h": 37
					}
				},
				{
					"filename": "rocket-tail-effect/fire-explosive-30",
					"rotated": false,
					"trimmed": true,
					"sourceSize": {
						"w": 56,
						"h": 56
					},
					"spriteSourceSize": {
						"x": 15,
						"y": 6,
						"w": 37,
						"h": 37
					},
					"frame": {
						"x": 714,
						"y": 72,
						"w": 37,
						"h": 37
					}
				},
				{
					"filename": "rocket-tail-effect/fire-explosive-43",
					"rotated": false,
					"trimmed": true,
					"sourceSize": {
						"w": 56,
						"h": 56
					},
					"spriteSourceSize": {
						"x": 16,
						"y": 7,
						"w": 35,
						"h": 37
					},
					"frame": {
						"x": 753,
						"y": 72,
						"w": 35,
						"h": 37
					}
				},
				{
					"filename": "rocket-tail-effect/fire-explosive-44",
					"rotated": false,
					"trimmed": true,
					"sourceSize": {
						"w": 56,
						"h": 56
					},
					"spriteSourceSize": {
						"x": 16,
						"y": 7,
						"w": 36,
						"h": 37
					},
					"frame": {
						"x": 790,
						"y": 72,
						"w": 36,
						"h": 37
					}
				},
				{
					"filename": "rocket-tail-effect/fire-explosive-56",
					"rotated": false,
					"trimmed": true,
					"sourceSize": {
						"w": 56,
						"h": 56
					},
					"spriteSourceSize": {
						"x": 13,
						"y": 5,
						"w": 38,
						"h": 37
					},
					"frame": {
						"x": 828,
						"y": 72,
						"w": 38,
						"h": 37
					}
				},
				{
					"filename": "rocket-tail-effect/fire-explosive-23",
					"rotated": false,
					"trimmed": true,
					"sourceSize": {
						"w": 56,
						"h": 56
					},
					"spriteSourceSize": {
						"x": 15,
						"y": 5,
						"w": 39,
						"h": 38
					},
					"frame": {
						"x": 868,
						"y": 72,
						"w": 39,
						"h": 38
					}
				},
				{
					"filename": "rocket-tail-effect/fire-explosive-27",
					"rotated": false,
					"trimmed": true,
					"sourceSize": {
						"w": 56,
						"h": 56
					},
					"spriteSourceSize": {
						"x": 14,
						"y": 3,
						"w": 39,
						"h": 38
					},
					"frame": {
						"x": 909,
						"y": 72,
						"w": 39,
						"h": 38
					}
				},
				{
					"filename": "rocket-tail-effect/fire-explosive-31",
					"rotated": false,
					"trimmed": true,
					"sourceSize": {
						"w": 56,
						"h": 56
					},
					"spriteSourceSize": {
						"x": 16,
						"y": 5,
						"w": 36,
						"h": 38
					},
					"frame": {
						"x": 950,
						"y": 72,
						"w": 36,
						"h": 38
					}
				},
				{
					"filename": "rocket-tail-effect/fire-explosive-32",
					"rotated": false,
					"trimmed": true,
					"sourceSize": {
						"w": 56,
						"h": 56
					},
					"spriteSourceSize": {
						"x": 16,
						"y": 6,
						"w": 37,
						"h": 38
					},
					"frame": {
						"x": 1,
						"y": 112,
						"w": 37,
						"h": 38
					}
				},
				{
					"filename": "rocket-tail-effect/fire-explosive-42",
					"rotated": false,
					"trimmed": true,
					"sourceSize": {
						"w": 56,
						"h": 56
					},
					"spriteSourceSize": {
						"x": 16,
						"y": 7,
						"w": 35,
						"h": 38
					},
					"frame": {
						"x": 40,
						"y": 112,
						"w": 35,
						"h": 38
					}
				},
				{
					"filename": "rocket-tail-effect/fire-explosive-57",
					"rotated": false,
					"trimmed": true,
					"sourceSize": {
						"w": 56,
						"h": 56
					},
					"spriteSourceSize": {
						"x": 12,
						"y": 4,
						"w": 40,
						"h": 38
					},
					"frame": {
						"x": 77,
						"y": 112,
						"w": 40,
						"h": 38
					}
				},
				{
					"filename": "rocket-tail-effect/fire-explosive-58",
					"rotated": false,
					"trimmed": true,
					"sourceSize": {
						"w": 56,
						"h": 56
					},
					"spriteSourceSize": {
						"x": 11,
						"y": 4,
						"w": 40,
						"h": 38
					},
					"frame": {
						"x": 119,
						"y": 112,
						"w": 40,
						"h": 38
					}
				},
				{
					"filename": "rocket-tail-effect/fire-explosive-60",
					"rotated": false,
					"trimmed": true,
					"sourceSize": {
						"w": 56,
						"h": 56
					},
					"spriteSourceSize": {
						"x": 10,
						"y": 3,
						"w": 41,
						"h": 38
					},
					"frame": {
						"x": 161,
						"y": 112,
						"w": 41,
						"h": 38
					}
				},
				{
					"filename": "bomb-explosion/bomb-explosion-0",
					"rotated": false,
					"trimmed": false,
					"sourceSize": {
						"w": 38,
						"h": 39
					},
					"spriteSourceSize": {
						"x": 0,
						"y": 0,
						"w": 38,
						"h": 39
					},
					"frame": {
						"x": 204,
						"y": 112,
						"w": 38,
						"h": 39
					}
				},
				{
					"filename": "confetti/hexagon-1",
					"rotated": false,
					"trimmed": true,
					"sourceSize": {
						"w": 50,
						"h": 50
					},
					"spriteSourceSize": {
						"x": 1,
						"y": 6,
						"w": 49,
						"h": 39
					},
					"frame": {
						"x": 244,
						"y": 112,
						"w": 49,
						"h": 39
					}
				},
				{
					"filename": "rocket-explosion/rocket-explosion-1",
					"rotated": false,
					"trimmed": false,
					"sourceSize": {
						"w": 38,
						"h": 39
					},
					"spriteSourceSize": {
						"x": 0,
						"y": 0,
						"w": 38,
						"h": 39
					},
					"frame": {
						"x": 295,
						"y": 112,
						"w": 38,
						"h": 39
					}
				},
				{
					"filename": "rocket-tail-effect/fire-explosive-28",
					"rotated": false,
					"trimmed": true,
					"sourceSize": {
						"w": 56,
						"h": 56
					},
					"spriteSourceSize": {
						"x": 15,
						"y": 3,
						"w": 36,
						"h": 39
					},
					"frame": {
						"x": 335,
						"y": 112,
						"w": 36,
						"h": 39
					}
				},
				{
					"filename": "rocket-tail-effect/fire-explosive-33",
					"rotated": false,
					"trimmed": true,
					"sourceSize": {
						"w": 56,
						"h": 56
					},
					"spriteSourceSize": {
						"x": 16,
						"y": 5,
						"w": 37,
						"h": 39
					},
					"frame": {
						"x": 373,
						"y": 112,
						"w": 37,
						"h": 39
					}
				},
				{
					"filename": "rocket-tail-effect/fire-explosive-34",
					"rotated": false,
					"trimmed": true,
					"sourceSize": {
						"w": 56,
						"h": 56
					},
					"spriteSourceSize": {
						"x": 15,
						"y": 5,
						"w": 37,
						"h": 39
					},
					"frame": {
						"x": 412,
						"y": 112,
						"w": 37,
						"h": 39
					}
				},
				{
					"filename": "rocket-tail-effect/fire-explosive-59",
					"rotated": false,
					"trimmed": true,
					"sourceSize": {
						"w": 56,
						"h": 56
					},
					"spriteSourceSize": {
						"x": 11,
						"y": 3,
						"w": 40,
						"h": 39
					},
					"frame": {
						"x": 451,
						"y": 112,
						"w": 40,
						"h": 39
					}
				},
				{
					"filename": "polish-effect/polish-effect-0",
					"rotated": false,
					"trimmed": true,
					"sourceSize": {
						"w": 108,
						"h": 112
					},
					"spriteSourceSize": {
						"x": 0,
						"y": 0,
						"w": 14,
						"h": 40
					},
					"frame": {
						"x": 493,
						"y": 112,
						"w": 14,
						"h": 40
					}
				},
				{
					"filename": "rocket-tail-effect/fire-explosive-35",
					"rotated": false,
					"trimmed": true,
					"sourceSize": {
						"w": 56,
						"h": 56
					},
					"spriteSourceSize": {
						"x": 16,
						"y": 5,
						"w": 37,
						"h": 40
					},
					"frame": {
						"x": 509,
						"y": 112,
						"w": 37,
						"h": 40
					}
				},
				{
					"filename": "rocket-tail-effect/fire-explosive-36",
					"rotated": false,
					"trimmed": true,
					"sourceSize": {
						"w": 56,
						"h": 56
					},
					"spriteSourceSize": {
						"x": 16,
						"y": 4,
						"w": 37,
						"h": 41
					},
					"frame": {
						"x": 548,
						"y": 112,
						"w": 37,
						"h": 41
					}
				},
				{
					"filename": "rocket-tail-effect/fire-explosive-37",
					"rotated": false,
					"trimmed": true,
					"sourceSize": {
						"w": 56,
						"h": 56
					},
					"spriteSourceSize": {
						"x": 16,
						"y": 4,
						"w": 34,
						"h": 41
					},
					"frame": {
						"x": 587,
						"y": 112,
						"w": 34,
						"h": 41
					}
				},
				{
					"filename": "confetti/hexagon-4",
					"rotated": false,
					"trimmed": true,
					"sourceSize": {
						"w": 50,
						"h": 50
					},
					"spriteSourceSize": {
						"x": 4,
						"y": 4,
						"w": 43,
						"h": 42
					},
					"frame": {
						"x": 623,
						"y": 112,
						"w": 43,
						"h": 42
					}
				},
				{
					"filename": "rocket-tail-effect/fire-explosive-38",
					"rotated": false,
					"trimmed": true,
					"sourceSize": {
						"w": 56,
						"h": 56
					},
					"spriteSourceSize": {
						"x": 16,
						"y": 3,
						"w": 35,
						"h": 42
					},
					"frame": {
						"x": 668,
						"y": 112,
						"w": 35,
						"h": 42
					}
				},
				{
					"filename": "rocket-tail-effect/fire-explosive-39",
					"rotated": false,
					"trimmed": true,
					"sourceSize": {
						"w": 56,
						"h": 56
					},
					"spriteSourceSize": {
						"x": 16,
						"y": 3,
						"w": 36,
						"h": 42
					},
					"frame": {
						"x": 705,
						"y": 112,
						"w": 36,
						"h": 42
					}
				},
				{
					"filename": "rocket-tail-effect/fire-explosive-40",
					"rotated": false,
					"trimmed": true,
					"sourceSize": {
						"w": 56,
						"h": 56
					},
					"spriteSourceSize": {
						"x": 16,
						"y": 3,
						"w": 36,
						"h": 42
					},
					"frame": {
						"x": 743,
						"y": 112,
						"w": 36,
						"h": 42
					}
				},
				{
					"filename": "rocket-tail-effect/fire-explosive-41",
					"rotated": false,
					"trimmed": true,
					"sourceSize": {
						"w": 56,
						"h": 56
					},
					"spriteSourceSize": {
						"x": 16,
						"y": 3,
						"w": 35,
						"h": 42
					},
					"frame": {
						"x": 781,
						"y": 112,
						"w": 35,
						"h": 42
					}
				},
				{
					"filename": "confetti/hexagon-0",
					"rotated": false,
					"trimmed": true,
					"sourceSize": {
						"w": 50,
						"h": 50
					},
					"spriteSourceSize": {
						"x": 0,
						"y": 2,
						"w": 50,
						"h": 46
					},
					"frame": {
						"x": 818,
						"y": 112,
						"w": 50,
						"h": 46
					}
				},
				{
					"filename": "star-white",
					"rotated": false,
					"trimmed": true,
					"sourceSize": {
						"w": 70,
						"h": 70
					},
					"spriteSourceSize": {
						"x": 12,
						"y": 10,
						"w": 42,
						"h": 46
					},
					"frame": {
						"x": 870,
						"y": 112,
						"w": 42,
						"h": 46
					}
				},
				{
					"filename": "bomb-defuse/bomb-defuse-1",
					"rotated": false,
					"trimmed": false,
					"sourceSize": {
						"w": 56,
						"h": 47
					},
					"spriteSourceSize": {
						"x": 0,
						"y": 0,
						"w": 56,
						"h": 47
					},
					"frame": {
						"x": 914,
						"y": 112,
						"w": 56,
						"h": 47
					}
				},
				{
					"filename": "bomb-explosion/bomb-explosion-1",
					"rotated": false,
					"trimmed": false,
					"sourceSize": {
						"w": 59,
						"h": 60
					},
					"spriteSourceSize": {
						"x": 0,
						"y": 0,
						"w": 59,
						"h": 60
					},
					"frame": {
						"x": 1,
						"y": 161,
						"w": 59,
						"h": 60
					}
				},
				{
					"filename": "sparkle-star",
					"rotated": false,
					"trimmed": false,
					"sourceSize": {
						"w": 39,
						"h": 63
					},
					"spriteSourceSize": {
						"x": 0,
						"y": 0,
						"w": 39,
						"h": 63
					},
					"frame": {
						"x": 62,
						"y": 161,
						"w": 39,
						"h": 63
					}
				},
				{
					"filename": "rocket-explosion/rocket-explosion-2",
					"rotated": false,
					"trimmed": false,
					"sourceSize": {
						"w": 64,
						"h": 64
					},
					"spriteSourceSize": {
						"x": 0,
						"y": 0,
						"w": 64,
						"h": 64
					},
					"frame": {
						"x": 103,
						"y": 161,
						"w": 64,
						"h": 64
					}
				},
				{
					"filename": "bomb-defuse/bomb-defuse-2",
					"rotated": false,
					"trimmed": false,
					"sourceSize": {
						"w": 84,
						"h": 68
					},
					"spriteSourceSize": {
						"x": 0,
						"y": 0,
						"w": 84,
						"h": 68
					},
					"frame": {
						"x": 169,
						"y": 161,
						"w": 84,
						"h": 68
					}
				},
				{
					"filename": "bomb-explosion/bomb-explosion-2",
					"rotated": false,
					"trimmed": false,
					"sourceSize": {
						"w": 76,
						"h": 69
					},
					"spriteSourceSize": {
						"x": 0,
						"y": 0,
						"w": 76,
						"h": 69
					},
					"frame": {
						"x": 255,
						"y": 161,
						"w": 76,
						"h": 69
					}
				},
				{
					"filename": "star-yellow-dark",
					"rotated": false,
					"trimmed": true,
					"sourceSize": {
						"w": 70,
						"h": 70
					},
					"spriteSourceSize": {
						"x": 2,
						"y": 0,
						"w": 68,
						"h": 70
					},
					"frame": {
						"x": 333,
						"y": 161,
						"w": 68,
						"h": 70
					}
				},
				{
					"filename": "star-yellow",
					"rotated": false,
					"trimmed": true,
					"sourceSize": {
						"w": 70,
						"h": 70
					},
					"spriteSourceSize": {
						"x": 2,
						"y": 0,
						"w": 68,
						"h": 70
					},
					"frame": {
						"x": 403,
						"y": 161,
						"w": 68,
						"h": 70
					}
				},
				{
					"filename": "polish-effect/polish-effect-5",
					"rotated": false,
					"trimmed": true,
					"sourceSize": {
						"w": 108,
						"h": 112
					},
					"spriteSourceSize": {
						"x": 84,
						"y": 38,
						"w": 24,
						"h": 74
					},
					"frame": {
						"x": 473,
						"y": 161,
						"w": 24,
						"h": 74
					}
				},
				{
					"filename": "comet-dark",
					"rotated": false,
					"trimmed": true,
					"sourceSize": {
						"w": 80,
						"h": 80
					},
					"spriteSourceSize": {
						"x": 6,
						"y": 1,
						"w": 66,
						"h": 76
					},
					"frame": {
						"x": 499,
						"y": 161,
						"w": 66,
						"h": 76
					}
				},
				{
					"filename": "comet",
					"rotated": false,
					"trimmed": true,
					"sourceSize": {
						"w": 80,
						"h": 80
					},
					"spriteSourceSize": {
						"x": 6,
						"y": 1,
						"w": 66,
						"h": 76
					},
					"frame": {
						"x": 567,
						"y": 161,
						"w": 66,
						"h": 76
					}
				},
				{
					"filename": "rocket-explosion/rocket-explosion-5",
					"rotated": false,
					"trimmed": false,
					"sourceSize": {
						"w": 108,
						"h": 76
					},
					"spriteSourceSize": {
						"x": 0,
						"y": 0,
						"w": 108,
						"h": 76
					},
					"frame": {
						"x": 635,
						"y": 161,
						"w": 108,
						"h": 76
					}
				},
				{
					"filename": "rocket-explosion/rocket-explosion-3",
					"rotated": false,
					"trimmed": false,
					"sourceSize": {
						"w": 107,
						"h": 78
					},
					"spriteSourceSize": {
						"x": 0,
						"y": 0,
						"w": 107,
						"h": 78
					},
					"frame": {
						"x": 745,
						"y": 161,
						"w": 107,
						"h": 78
					}
				},
				{
					"filename": "big-rocket-tail-effect/white-smoke",
					"rotated": false,
					"trimmed": false,
					"sourceSize": {
						"w": 96,
						"h": 80
					},
					"spriteSourceSize": {
						"x": 0,
						"y": 0,
						"w": 96,
						"h": 80
					},
					"frame": {
						"x": 854,
						"y": 161,
						"w": 96,
						"h": 80
					}
				},
				{
					"filename": "bomb-defuse/bomb-defuse-3",
					"rotated": false,
					"trimmed": false,
					"sourceSize": {
						"w": 96,
						"h": 83
					},
					"spriteSourceSize": {
						"x": 0,
						"y": 0,
						"w": 96,
						"h": 83
					},
					"frame": {
						"x": 1,
						"y": 243,
						"w": 96,
						"h": 83
					}
				},
				{
					"filename": "rocket-explosion/rocket-explosion-8",
					"rotated": false,
					"trimmed": false,
					"sourceSize": {
						"w": 123,
						"h": 85
					},
					"spriteSourceSize": {
						"x": 0,
						"y": 0,
						"w": 123,
						"h": 85
					},
					"frame": {
						"x": 99,
						"y": 243,
						"w": 123,
						"h": 85
					}
				},
				{
					"filename": "rocket-explosion/rocket-explosion-4",
					"rotated": false,
					"trimmed": false,
					"sourceSize": {
						"w": 112,
						"h": 97
					},
					"spriteSourceSize": {
						"x": 0,
						"y": 0,
						"w": 112,
						"h": 97
					},
					"frame": {
						"x": 224,
						"y": 243,
						"w": 112,
						"h": 97
					}
				},
				{
					"filename": "bomb-defuse/bomb-defuse-5",
					"rotated": false,
					"trimmed": false,
					"sourceSize": {
						"w": 116,
						"h": 99
					},
					"spriteSourceSize": {
						"x": 0,
						"y": 0,
						"w": 116,
						"h": 99
					},
					"frame": {
						"x": 338,
						"y": 243,
						"w": 116,
						"h": 99
					}
				},
				{
					"filename": "blank",
					"rotated": false,
					"trimmed": false,
					"sourceSize": {
						"w": 100,
						"h": 100
					},
					"spriteSourceSize": {
						"x": 0,
						"y": 0,
						"w": 100,
						"h": 100
					},
					"frame": {
						"x": 456,
						"y": 243,
						"w": 100,
						"h": 100
					}
				},
				{
					"filename": "texts/unbelievable",
					"rotated": false,
					"trimmed": true,
					"sourceSize": {
						"w": 412,
						"h": 106
					},
					"spriteSourceSize": {
						"x": 0,
						"y": 1,
						"w": 412,
						"h": 104
					},
					"frame": {
						"x": 558,
						"y": 243,
						"w": 412,
						"h": 104
					}
				},
				{
					"filename": "bomb-defuse/bomb-defuse-4",
					"rotated": false,
					"trimmed": false,
					"sourceSize": {
						"w": 107,
						"h": 105
					},
					"spriteSourceSize": {
						"x": 0,
						"y": 0,
						"w": 107,
						"h": 105
					},
					"frame": {
						"x": 1,
						"y": 349,
						"w": 107,
						"h": 105
					}
				},
				{
					"filename": "bomb-explosion/bomb-explosion-7",
					"rotated": false,
					"trimmed": false,
					"sourceSize": {
						"w": 112,
						"h": 105
					},
					"spriteSourceSize": {
						"x": 0,
						"y": 0,
						"w": 112,
						"h": 105
					},
					"frame": {
						"x": 110,
						"y": 349,
						"w": 112,
						"h": 105
					}
				},
				{
					"filename": "rocket-explosion/rocket-explosion-7",
					"rotated": false,
					"trimmed": false,
					"sourceSize": {
						"w": 142,
						"h": 105
					},
					"spriteSourceSize": {
						"x": 0,
						"y": 0,
						"w": 142,
						"h": 105
					},
					"frame": {
						"x": 224,
						"y": 349,
						"w": 142,
						"h": 105
					}
				},
				{
					"filename": "rocket-explosion/rocket-explosion-6",
					"rotated": false,
					"trimmed": false,
					"sourceSize": {
						"w": 143,
						"h": 107
					},
					"spriteSourceSize": {
						"x": 0,
						"y": 0,
						"w": 143,
						"h": 107
					},
					"frame": {
						"x": 368,
						"y": 349,
						"w": 143,
						"h": 107
					}
				},
				{
					"filename": "bomb-explosion/bomb-explosion-8",
					"rotated": false,
					"trimmed": false,
					"sourceSize": {
						"w": 120,
						"h": 108
					},
					"spriteSourceSize": {
						"x": 0,
						"y": 0,
						"w": 120,
						"h": 108
					},
					"frame": {
						"x": 513,
						"y": 349,
						"w": 120,
						"h": 108
					}
				},
				{
					"filename": "texts/excellent",
					"rotated": false,
					"trimmed": true,
					"sourceSize": {
						"w": 334,
						"h": 108
					},
					"spriteSourceSize": {
						"x": 1,
						"y": 0,
						"w": 333,
						"h": 108
					},
					"frame": {
						"x": 635,
						"y": 349,
						"w": 333,
						"h": 108
					}
				},
				{
					"filename": "bomb-explosion/bomb-explosion-6",
					"rotated": false,
					"trimmed": false,
					"sourceSize": {
						"w": 118,
						"h": 112
					},
					"spriteSourceSize": {
						"x": 0,
						"y": 0,
						"w": 118,
						"h": 112
					},
					"frame": {
						"x": 1,
						"y": 459,
						"w": 118,
						"h": 112
					}
				},
				{
					"filename": "polish-effect/polish-effect-1",
					"rotated": false,
					"trimmed": true,
					"sourceSize": {
						"w": 108,
						"h": 112
					},
					"spriteSourceSize": {
						"x": 0,
						"y": 0,
						"w": 44,
						"h": 112
					},
					"frame": {
						"x": 121,
						"y": 459,
						"w": 44,
						"h": 112
					}
				},
				{
					"filename": "polish-effect/polish-effect-2",
					"rotated": false,
					"trimmed": true,
					"sourceSize": {
						"w": 108,
						"h": 112
					},
					"spriteSourceSize": {
						"x": 0,
						"y": 0,
						"w": 74,
						"h": 112
					},
					"frame": {
						"x": 167,
						"y": 459,
						"w": 74,
						"h": 112
					}
				},
				{
					"filename": "polish-effect/polish-effect-3",
					"rotated": false,
					"trimmed": true,
					"sourceSize": {
						"w": 108,
						"h": 112
					},
					"spriteSourceSize": {
						"x": 24,
						"y": 0,
						"w": 80,
						"h": 112
					},
					"frame": {
						"x": 243,
						"y": 459,
						"w": 80,
						"h": 112
					}
				},
				{
					"filename": "polish-effect/polish-effect-4",
					"rotated": false,
					"trimmed": true,
					"sourceSize": {
						"w": 108,
						"h": 112
					},
					"spriteSourceSize": {
						"x": 54,
						"y": 0,
						"w": 54,
						"h": 112
					},
					"frame": {
						"x": 325,
						"y": 459,
						"w": 54,
						"h": 112
					}
				},
				{
					"filename": "texts/great",
					"rotated": false,
					"trimmed": true,
					"sourceSize": {
						"w": 258,
						"h": 115
					},
					"spriteSourceSize": {
						"x": 1,
						"y": 0,
						"w": 256,
						"h": 115
					},
					"frame": {
						"x": 381,
						"y": 459,
						"w": 256,
						"h": 115
					}
				},
				{
					"filename": "texts/good",
					"rotated": false,
					"trimmed": true,
					"sourceSize": {
						"w": 258,
						"h": 120
					},
					"spriteSourceSize": {
						"x": 0,
						"y": 1,
						"w": 258,
						"h": 118
					},
					"frame": {
						"x": 639,
						"y": 459,
						"w": 258,
						"h": 118
					}
				},
				{
					"filename": "bomb-explosion/bomb-explosion-5",
					"rotated": false,
					"trimmed": false,
					"sourceSize": {
						"w": 140,
						"h": 121
					},
					"spriteSourceSize": {
						"x": 0,
						"y": 0,
						"w": 140,
						"h": 121
					},
					"frame": {
						"x": 1,
						"y": 579,
						"w": 140,
						"h": 121
					}
				},
				{
					"filename": "bomb-explosion/bomb-explosion-3",
					"rotated": false,
					"trimmed": false,
					"sourceSize": {
						"w": 147,
						"h": 122
					},
					"spriteSourceSize": {
						"x": 0,
						"y": 0,
						"w": 147,
						"h": 122
					},
					"frame": {
						"x": 143,
						"y": 579,
						"w": 147,
						"h": 122
					}
				},
				{
					"filename": "hint-glow",
					"rotated": false,
					"trimmed": true,
					"sourceSize": {
						"w": 125,
						"h": 127
					},
					"spriteSourceSize": {
						"x": 1,
						"y": 0,
						"w": 124,
						"h": 127
					},
					"frame": {
						"x": 292,
						"y": 579,
						"w": 124,
						"h": 127
					}
				},
				{
					"filename": "bomb-defuse/bomb-defuse-7",
					"rotated": false,
					"trimmed": false,
					"sourceSize": {
						"w": 137,
						"h": 128
					},
					"spriteSourceSize": {
						"x": 0,
						"y": 0,
						"w": 137,
						"h": 128
					},
					"frame": {
						"x": 418,
						"y": 579,
						"w": 137,
						"h": 128
					}
				},
				{
					"filename": "texts/excellent-light",
					"rotated": false,
					"trimmed": false,
					"sourceSize": {
						"w": 276,
						"h": 132
					},
					"spriteSourceSize": {
						"x": 0,
						"y": 0,
						"w": 276,
						"h": 132
					},
					"frame": {
						"x": 557,
						"y": 579,
						"w": 276,
						"h": 132
					}
				},
				{
					"filename": "texts/great-light",
					"rotated": false,
					"trimmed": false,
					"sourceSize": {
						"w": 274,
						"h": 132
					},
					"spriteSourceSize": {
						"x": 0,
						"y": 0,
						"w": 274,
						"h": 132
					},
					"frame": {
						"x": 1,
						"y": 713,
						"w": 274,
						"h": 132
					}
				},
				{
					"filename": "texts/unbelievable-light",
					"rotated": false,
					"trimmed": false,
					"sourceSize": {
						"w": 268,
						"h": 132
					},
					"spriteSourceSize": {
						"x": 0,
						"y": 0,
						"w": 268,
						"h": 132
					},
					"frame": {
						"x": 277,
						"y": 713,
						"w": 268,
						"h": 132
					}
				},
				{
					"filename": "texts/good-light",
					"rotated": false,
					"trimmed": false,
					"sourceSize": {
						"w": 274,
						"h": 133
					},
					"spriteSourceSize": {
						"x": 0,
						"y": 0,
						"w": 274,
						"h": 133
					},
					"frame": {
						"x": 547,
						"y": 713,
						"w": 274,
						"h": 133
					}
				},
				{
					"filename": "bomb-defuse/bomb-defuse-8",
					"rotated": false,
					"trimmed": false,
					"sourceSize": {
						"w": 129,
						"h": 134
					},
					"spriteSourceSize": {
						"x": 0,
						"y": 0,
						"w": 129,
						"h": 134
					},
					"frame": {
						"x": 823,
						"y": 713,
						"w": 129,
						"h": 134
					}
				},
				{
					"filename": "bomb-explosion/bomb-explosion-4",
					"rotated": false,
					"trimmed": false,
					"sourceSize": {
						"w": 153,
						"h": 137
					},
					"spriteSourceSize": {
						"x": 0,
						"y": 0,
						"w": 153,
						"h": 137
					},
					"frame": {
						"x": 1,
						"y": 849,
						"w": 153,
						"h": 137
					}
				},
				{
					"filename": "bomb-defuse/bomb-defuse-6",
					"rotated": false,
					"trimmed": false,
					"sourceSize": {
						"w": 140,
						"h": 138
					},
					"spriteSourceSize": {
						"x": 0,
						"y": 0,
						"w": 140,
						"h": 138
					},
					"frame": {
						"x": 156,
						"y": 849,
						"w": 140,
						"h": 138
					}
				},
				{
					"filename": "big-rocket-tail-effect/yellow-smoke",
					"rotated": false,
					"trimmed": false,
					"sourceSize": {
						"w": 144,
						"h": 144
					},
					"spriteSourceSize": {
						"x": 0,
						"y": 0,
						"w": 144,
						"h": 144
					},
					"frame": {
						"x": 298,
						"y": 849,
						"w": 144,
						"h": 144
					}
				},
				{
					"filename": "circle",
					"rotated": false,
					"trimmed": false,
					"sourceSize": {
						"w": 162,
						"h": 162
					},
					"spriteSourceSize": {
						"x": 0,
						"y": 0,
						"w": 162,
						"h": 162
					},
					"frame": {
						"x": 444,
						"y": 849,
						"w": 162,
						"h": 162
					}
				}
			]
		}
	],
	"meta": {
		"app": "https://www.codeandweb.com/texturepacker",
		"version": "3.0",
		"smartupdate": "$TexturePacker:SmartUpdate:9a9e3f310efb8c0656a402364987c55b:9892f7d16074523990ee93162211e036:0e554d0a20193f8e0b06bdb704999cfa$"
	}
}
