{
	"textures": [
		{
			"image": "tournaments-resources.png",
			"format": "RGBA8888",
			"size": {
				"w": 1847,
				"h": 1079
			},
			"scale": 1,
			"frames": [
				{
					"filename": "popup",
					"rotated": false,
					"trimmed": false,
					"sourceSize": {
						"w": 708,
						"h": 592
					},
					"spriteSourceSize": {
						"x": 0,
						"y": 0,
						"w": 708,
						"h": 592
					},
					"frame": {
						"x": 2,
						"y": 2,
						"w": 708,
						"h": 592
					}
				},
				{
					"filename": "long-popup-middle",
					"rotated": false,
					"trimmed": false,
					"sourceSize": {
						"w": 708,
						"h": 480
					},
					"spriteSourceSize": {
						"x": 0,
						"y": 0,
						"w": 708,
						"h": 480
					},
					"frame": {
						"x": 2,
						"y": 597,
						"w": 708,
						"h": 480
					}
				},
				{
					"filename": "long-popup-top",
					"rotated": false,
					"trimmed": false,
					"sourceSize": {
						"w": 708,
						"h": 449
					},
					"spriteSourceSize": {
						"x": 0,
						"y": 0,
						"w": 708,
						"h": 449
					},
					"frame": {
						"x": 713,
						"y": 2,
						"w": 708,
						"h": 449
					}
				},
				{
					"filename": "texts/tournament",
					"rotated": false,
					"trimmed": false,
					"sourceSize": {
						"w": 327,
						"h": 39
					},
					"spriteSourceSize": {
						"x": 0,
						"y": 0,
						"w": 327,
						"h": 39
					},
					"frame": {
						"x": 1424,
						"y": 2,
						"w": 327,
						"h": 39
					}
				},
				{
					"filename": "crown",
					"rotated": false,
					"trimmed": false,
					"sourceSize": {
						"w": 79,
						"h": 72
					},
					"spriteSourceSize": {
						"x": 0,
						"y": 0,
						"w": 79,
						"h": 72
					},
					"frame": {
						"x": 1754,
						"y": 2,
						"w": 79,
						"h": 72
					}
				},
				{
					"filename": "glow",
					"rotated": false,
					"trimmed": false,
					"sourceSize": {
						"w": 278,
						"h": 268
					},
					"spriteSourceSize": {
						"x": 0,
						"y": 0,
						"w": 278,
						"h": 268
					},
					"frame": {
						"x": 1424,
						"y": 44,
						"w": 278,
						"h": 268
					}
				},
				{
					"filename": "avatar-border",
					"rotated": false,
					"trimmed": false,
					"sourceSize": {
						"w": 130,
						"h": 128
					},
					"spriteSourceSize": {
						"x": 0,
						"y": 0,
						"w": 130,
						"h": 128
					},
					"frame": {
						"x": 1705,
						"y": 77,
						"w": 130,
						"h": 128
					}
				},
				{
					"filename": "blank",
					"rotated": false,
					"trimmed": false,
					"sourceSize": {
						"w": 100,
						"h": 100
					},
					"spriteSourceSize": {
						"x": 0,
						"y": 0,
						"w": 100,
						"h": 100
					},
					"frame": {
						"x": 1705,
						"y": 208,
						"w": 100,
						"h": 100
					}
				},
				{
					"filename": "x",
					"rotated": false,
					"trimmed": false,
					"sourceSize": {
						"w": 72,
						"h": 74
					},
					"spriteSourceSize": {
						"x": 0,
						"y": 0,
						"w": 72,
						"h": 74
					},
					"frame": {
						"x": 1705,
						"y": 311,
						"w": 72,
						"h": 74
					}
				},
				{
					"filename": "cup",
					"rotated": false,
					"trimmed": false,
					"sourceSize": {
						"w": 274,
						"h": 212
					},
					"spriteSourceSize": {
						"x": 0,
						"y": 0,
						"w": 274,
						"h": 212
					},
					"frame": {
						"x": 1424,
						"y": 315,
						"w": 274,
						"h": 212
					}
				},
				{
					"filename": "long-popup-bottom",
					"rotated": false,
					"trimmed": true,
					"sourceSize": {
						"w": 708,
						"h": 178
					},
					"spriteSourceSize": {
						"x": 0,
						"y": 1,
						"w": 708,
						"h": 177
					},
					"frame": {
						"x": 713,
						"y": 454,
						"w": 708,
						"h": 177
					}
				},
				{
					"filename": "medal-bronze",
					"rotated": false,
					"trimmed": false,
					"sourceSize": {
						"w": 57,
						"h": 58
					},
					"spriteSourceSize": {
						"x": 0,
						"y": 0,
						"w": 57,
						"h": 58
					},
					"frame": {
						"x": 1780,
						"y": 311,
						"w": 57,
						"h": 58
					}
				},
				{
					"filename": "medal-gold",
					"rotated": false,
					"trimmed": false,
					"sourceSize": {
						"w": 57,
						"h": 58
					},
					"spriteSourceSize": {
						"x": 0,
						"y": 0,
						"w": 57,
						"h": 58
					},
					"frame": {
						"x": 1780,
						"y": 372,
						"w": 57,
						"h": 58
					}
				},
				{
					"filename": "icon-ranking",
					"rotated": false,
					"trimmed": false,
					"sourceSize": {
						"w": 71,
						"h": 71
					},
					"spriteSourceSize": {
						"x": 0,
						"y": 0,
						"w": 71,
						"h": 71
					},
					"frame": {
						"x": 1701,
						"y": 388,
						"w": 71,
						"h": 71
					}
				},
				{
					"filename": "medal-silver",
					"rotated": false,
					"trimmed": false,
					"sourceSize": {
						"w": 57,
						"h": 58
					},
					"spriteSourceSize": {
						"x": 0,
						"y": 0,
						"w": 57,
						"h": 58
					},
					"frame": {
						"x": 1775,
						"y": 433,
						"w": 57,
						"h": 58
					}
				},
				{
					"filename": "panel-number",
					"rotated": false,
					"trimmed": false,
					"sourceSize": {
						"w": 57,
						"h": 57
					},
					"spriteSourceSize": {
						"x": 0,
						"y": 0,
						"w": 57,
						"h": 57
					},
					"frame": {
						"x": 1701,
						"y": 462,
						"w": 57,
						"h": 57
					}
				},
				{
					"filename": "icon-time",
					"rotated": false,
					"trimmed": false,
					"sourceSize": {
						"w": 53,
						"h": 56
					},
					"spriteSourceSize": {
						"x": 0,
						"y": 0,
						"w": 53,
						"h": 56
					},
					"frame": {
						"x": 1761,
						"y": 494,
						"w": 53,
						"h": 56
					}
				},
				{
					"filename": "icon-people",
					"rotated": false,
					"trimmed": false,
					"sourceSize": {
						"w": 48,
						"h": 54
					},
					"spriteSourceSize": {
						"x": 0,
						"y": 0,
						"w": 48,
						"h": 54
					},
					"frame": {
						"x": 1701,
						"y": 522,
						"w": 48,
						"h": 54
					}
				},
				{
					"filename": "panel",
					"rotated": false,
					"trimmed": false,
					"sourceSize": {
						"w": 239,
						"h": 51
					},
					"spriteSourceSize": {
						"x": 0,
						"y": 0,
						"w": 239,
						"h": 51
					},
					"frame": {
						"x": 1424,
						"y": 530,
						"w": 239,
						"h": 51
					}
				},
				{
					"filename": "panel-timer",
					"rotated": false,
					"trimmed": false,
					"sourceSize": {
						"w": 178,
						"h": 56
					},
					"spriteSourceSize": {
						"x": 0,
						"y": 0,
						"w": 178,
						"h": 56
					},
					"frame": {
						"x": 1666,
						"y": 579,
						"w": 178,
						"h": 56
					}
				},
				{
					"filename": "panel-clock",
					"rotated": false,
					"trimmed": false,
					"sourceSize": {
						"w": 198,
						"h": 56
					},
					"spriteSourceSize": {
						"x": 0,
						"y": 0,
						"w": 198,
						"h": 56
					},
					"frame": {
						"x": 1424,
						"y": 584,
						"w": 198,
						"h": 56
					}
				},
				{
					"filename": "texts/ranking",
					"rotated": false,
					"trimmed": false,
					"sourceSize": {
						"w": 191,
						"h": 38
					},
					"spriteSourceSize": {
						"x": 0,
						"y": 0,
						"w": 191,
						"h": 38
					},
					"frame": {
						"x": 1625,
						"y": 638,
						"w": 191,
						"h": 38
					}
				},
				{
					"filename": "roll-bar",
					"rotated": false,
					"trimmed": false,
					"sourceSize": {
						"w": 640,
						"h": 113
					},
					"spriteSourceSize": {
						"x": 0,
						"y": 0,
						"w": 640,
						"h": 113
					},
					"frame": {
						"x": 713,
						"y": 634,
						"w": 640,
						"h": 113
					}
				},
				{
					"filename": "frame",
					"rotated": false,
					"trimmed": false,
					"sourceSize": {
						"w": 639,
						"h": 306
					},
					"spriteSourceSize": {
						"x": 0,
						"y": 0,
						"w": 639,
						"h": 306
					},
					"frame": {
						"x": 713,
						"y": 750,
						"w": 639,
						"h": 306
					}
				},
				{
					"filename": "ribbon",
					"rotated": false,
					"trimmed": false,
					"sourceSize": {
						"w": 490,
						"h": 127
					},
					"spriteSourceSize": {
						"x": 0,
						"y": 0,
						"w": 490,
						"h": 127
					},
					"frame": {
						"x": 1355,
						"y": 750,
						"w": 490,
						"h": 127
					}
				}
			]
		}
	],
	"meta": {
		"app": "https://www.codeandweb.com/texturepacker",
		"version": "3.0",
		"smartupdate": "$TexturePacker:SmartUpdate:18e42da652130b79179f563748283152:22ddad83908d65de9d8decf7f84e041f:0a414d9eddd4f5f15bfc3203d61f0742$"
	}
}
