{
	"textures": [
		{
			"image": "umbrella-resources.png",
			"format": "RGBA8888",
			"size": {
				"w": 191,
				"h": 1373
			},
			"scale": 1,
			"frames": [
				{
					"filename": "blank",
					"rotated": false,
					"trimmed": false,
					"sourceSize": {
						"w": 100,
						"h": 100
					},
					"spriteSourceSize": {
						"x": 0,
						"y": 0,
						"w": 100,
						"h": 100
					},
					"frame": {
						"x": 2,
						"y": 2,
						"w": 100,
						"h": 100
					}
				},
				{
					"filename": "tile-19",
					"rotated": false,
					"trimmed": true,
					"sourceSize": {
						"w": 100,
						"h": 100
					},
					"spriteSourceSize": {
						"x": 6,
						"y": 8,
						"w": 94,
						"h": 92
					},
					"frame": {
						"x": 2,
						"y": 105,
						"w": 94,
						"h": 92
					}
				},
				{
					"filename": "tile-1",
					"rotated": false,
					"trimmed": true,
					"sourceSize": {
						"w": 100,
						"h": 100
					},
					"spriteSourceSize": {
						"x": 8,
						"y": 10,
						"w": 92,
						"h": 90
					},
					"frame": {
						"x": 2,
						"y": 200,
						"w": 92,
						"h": 90
					}
				},
				{
					"filename": "tile-25",
					"rotated": false,
					"trimmed": true,
					"sourceSize": {
						"w": 100,
						"h": 100
					},
					"spriteSourceSize": {
						"x": 6,
						"y": 7,
						"w": 89,
						"h": 90
					},
					"frame": {
						"x": 2,
						"y": 293,
						"w": 89,
						"h": 90
					}
				},
				{
					"filename": "tile-26",
					"rotated": false,
					"trimmed": true,
					"sourceSize": {
						"w": 100,
						"h": 100
					},
					"spriteSourceSize": {
						"x": 7,
						"y": 7,
						"w": 87,
						"h": 90
					},
					"frame": {
						"x": 2,
						"y": 386,
						"w": 87,
						"h": 90
					}
				},
				{
					"filename": "tile-12",
					"rotated": false,
					"trimmed": true,
					"sourceSize": {
						"w": 100,
						"h": 100
					},
					"spriteSourceSize": {
						"x": 6,
						"y": 9,
						"w": 90,
						"h": 85
					},
					"frame": {
						"x": 99,
						"y": 105,
						"w": 90,
						"h": 85
					}
				},
				{
					"filename": "tile-30",
					"rotated": false,
					"trimmed": true,
					"sourceSize": {
						"w": 100,
						"h": 100
					},
					"spriteSourceSize": {
						"x": 8,
						"y": 6,
						"w": 86,
						"h": 90
					},
					"frame": {
						"x": 2,
						"y": 479,
						"w": 86,
						"h": 90
					}
				},
				{
					"filename": "tile-13",
					"rotated": false,
					"trimmed": true,
					"sourceSize": {
						"w": 100,
						"h": 100
					},
					"spriteSourceSize": {
						"x": 6,
						"y": 7,
						"w": 86,
						"h": 89
					},
					"frame": {
						"x": 2,
						"y": 572,
						"w": 86,
						"h": 89
					}
				},
				{
					"filename": "tile-28",
					"rotated": false,
					"trimmed": true,
					"sourceSize": {
						"w": 100,
						"h": 100
					},
					"spriteSourceSize": {
						"x": 6,
						"y": 11,
						"w": 90,
						"h": 78
					},
					"frame": {
						"x": 99,
						"y": 193,
						"w": 90,
						"h": 78
					}
				},
				{
					"filename": "tile-17",
					"rotated": false,
					"trimmed": true,
					"sourceSize": {
						"w": 100,
						"h": 100
					},
					"spriteSourceSize": {
						"x": 5,
						"y": 9,
						"w": 92,
						"h": 86
					},
					"frame": {
						"x": 97,
						"y": 274,
						"w": 92,
						"h": 86
					}
				},
				{
					"filename": "tile-18",
					"rotated": false,
					"trimmed": true,
					"sourceSize": {
						"w": 100,
						"h": 100
					},
					"spriteSourceSize": {
						"x": 7,
						"y": 8,
						"w": 88,
						"h": 88
					},
					"frame": {
						"x": 2,
						"y": 664,
						"w": 88,
						"h": 88
					}
				},
				{
					"filename": "tile-9",
					"rotated": false,
					"trimmed": true,
					"sourceSize": {
						"w": 100,
						"h": 100
					},
					"spriteSourceSize": {
						"x": 5,
						"y": 9,
						"w": 91,
						"h": 87
					},
					"frame": {
						"x": 2,
						"y": 755,
						"w": 91,
						"h": 87
					}
				},
				{
					"filename": "tile-23",
					"rotated": false,
					"trimmed": true,
					"sourceSize": {
						"w": 100,
						"h": 100
					},
					"spriteSourceSize": {
						"x": 9,
						"y": 10,
						"w": 91,
						"h": 85
					},
					"frame": {
						"x": 2,
						"y": 845,
						"w": 91,
						"h": 85
					}
				},
				{
					"filename": "tile-21",
					"rotated": false,
					"trimmed": true,
					"sourceSize": {
						"w": 100,
						"h": 100
					},
					"spriteSourceSize": {
						"x": 5,
						"y": 9,
						"w": 92,
						"h": 84
					},
					"frame": {
						"x": 2,
						"y": 933,
						"w": 92,
						"h": 84
					}
				},
				{
					"filename": "tile-22",
					"rotated": false,
					"trimmed": true,
					"sourceSize": {
						"w": 100,
						"h": 100
					},
					"spriteSourceSize": {
						"x": 6,
						"y": 15,
						"w": 94,
						"h": 83
					},
					"frame": {
						"x": 2,
						"y": 1020,
						"w": 94,
						"h": 83
					}
				},
				{
					"filename": "tile-15",
					"rotated": false,
					"trimmed": true,
					"sourceSize": {
						"w": 100,
						"h": 100
					},
					"spriteSourceSize": {
						"x": 5,
						"y": 9,
						"w": 92,
						"h": 82
					},
					"frame": {
						"x": 97,
						"y": 363,
						"w": 92,
						"h": 82
					}
				},
				{
					"filename": "tile-20",
					"rotated": false,
					"trimmed": true,
					"sourceSize": {
						"w": 100,
						"h": 100
					},
					"spriteSourceSize": {
						"x": 7,
						"y": 7,
						"w": 88,
						"h": 86
					},
					"frame": {
						"x": 2,
						"y": 1106,
						"w": 88,
						"h": 86
					}
				},
				{
					"filename": "tile-24",
					"rotated": false,
					"trimmed": true,
					"sourceSize": {
						"w": 100,
						"h": 100
					},
					"spriteSourceSize": {
						"x": 6,
						"y": 9,
						"w": 86,
						"h": 88
					},
					"frame": {
						"x": 2,
						"y": 1195,
						"w": 86,
						"h": 88
					}
				},
				{
					"filename": "tile-7",
					"rotated": false,
					"trimmed": true,
					"sourceSize": {
						"w": 100,
						"h": 100
					},
					"spriteSourceSize": {
						"x": 6,
						"y": 9,
						"w": 89,
						"h": 85
					},
					"frame": {
						"x": 2,
						"y": 1286,
						"w": 89,
						"h": 85
					}
				},
				{
					"filename": "tile-8",
					"rotated": false,
					"trimmed": true,
					"sourceSize": {
						"w": 100,
						"h": 100
					},
					"spriteSourceSize": {
						"x": 10,
						"y": 7,
						"w": 81,
						"h": 92
					},
					"frame": {
						"x": 105,
						"y": 2,
						"w": 81,
						"h": 92
					}
				},
				{
					"filename": "tile-2",
					"rotated": false,
					"trimmed": true,
					"sourceSize": {
						"w": 100,
						"h": 100
					},
					"spriteSourceSize": {
						"x": 6,
						"y": 12,
						"w": 91,
						"h": 78
					},
					"frame": {
						"x": 92,
						"y": 448,
						"w": 91,
						"h": 78
					}
				},
				{
					"filename": "tile-10",
					"rotated": false,
					"trimmed": true,
					"sourceSize": {
						"w": 100,
						"h": 100
					},
					"spriteSourceSize": {
						"x": 7,
						"y": 8,
						"w": 86,
						"h": 87
					},
					"frame": {
						"x": 91,
						"y": 529,
						"w": 86,
						"h": 87
					}
				},
				{
					"filename": "tile-14",
					"rotated": false,
					"trimmed": true,
					"sourceSize": {
						"w": 100,
						"h": 100
					},
					"spriteSourceSize": {
						"x": 8,
						"y": 8,
						"w": 85,
						"h": 88
					},
					"frame": {
						"x": 93,
						"y": 619,
						"w": 85,
						"h": 88
					}
				},
				{
					"filename": "tile-16",
					"rotated": false,
					"trimmed": true,
					"sourceSize": {
						"w": 100,
						"h": 100
					},
					"spriteSourceSize": {
						"x": 8,
						"y": 10,
						"w": 83,
						"h": 85
					},
					"frame": {
						"x": 96,
						"y": 710,
						"w": 83,
						"h": 85
					}
				},
				{
					"filename": "tile-4",
					"rotated": false,
					"trimmed": true,
					"sourceSize": {
						"w": 100,
						"h": 100
					},
					"spriteSourceSize": {
						"x": 7,
						"y": 11,
						"w": 89,
						"h": 84
					},
					"frame": {
						"x": 96,
						"y": 798,
						"w": 89,
						"h": 84
					}
				},
				{
					"filename": "tile-5",
					"rotated": false,
					"trimmed": true,
					"sourceSize": {
						"w": 100,
						"h": 100
					},
					"spriteSourceSize": {
						"x": 9,
						"y": 10,
						"w": 86,
						"h": 84
					},
					"frame": {
						"x": 97,
						"y": 885,
						"w": 86,
						"h": 84
					}
				},
				{
					"filename": "tile-6",
					"rotated": false,
					"trimmed": true,
					"sourceSize": {
						"w": 100,
						"h": 100
					},
					"spriteSourceSize": {
						"x": 7,
						"y": 9,
						"w": 86,
						"h": 82
					},
					"frame": {
						"x": 99,
						"y": 972,
						"w": 86,
						"h": 82
					}
				},
				{
					"filename": "tile-11",
					"rotated": false,
					"trimmed": true,
					"sourceSize": {
						"w": 100,
						"h": 100
					},
					"spriteSourceSize": {
						"x": 8,
						"y": 16,
						"w": 88,
						"h": 70
					},
					"frame": {
						"x": 99,
						"y": 1057,
						"w": 88,
						"h": 70
					}
				},
				{
					"filename": "tile-29",
					"rotated": false,
					"trimmed": true,
					"sourceSize": {
						"w": 100,
						"h": 100
					},
					"spriteSourceSize": {
						"x": 5,
						"y": 16,
						"w": 91,
						"h": 75
					},
					"frame": {
						"x": 93,
						"y": 1130,
						"w": 91,
						"h": 75
					}
				},
				{
					"filename": "tile-27",
					"rotated": false,
					"trimmed": true,
					"sourceSize": {
						"w": 100,
						"h": 100
					},
					"spriteSourceSize": {
						"x": 6,
						"y": 16,
						"w": 88,
						"h": 72
					},
					"frame": {
						"x": 91,
						"y": 1208,
						"w": 88,
						"h": 72
					}
				},
				{
					"filename": "tile-3",
					"rotated": false,
					"trimmed": true,
					"sourceSize": {
						"w": 100,
						"h": 100
					},
					"spriteSourceSize": {
						"x": 11,
						"y": 11,
						"w": 82,
						"h": 82
					},
					"frame": {
						"x": 94,
						"y": 1283,
						"w": 82,
						"h": 82
					}
				}
			]
		}
	],
	"meta": {
		"app": "https://www.codeandweb.com/texturepacker",
		"version": "3.0",
		"smartupdate": "$TexturePacker:SmartUpdate:d83643b724b00aeb27bf6e2b775fa356:8acfcc3a6575464ceb9021e9f2edf73f:3fb06c2ff2b4b3f31bee051b21335661$"
	}
}
