{"textures":[{"image":"flower-resources.png","format":"RGBA8888","size":{"w":237,"h":420},"scale":0.5,"frames":[{"filename":"tile-11","rotated":false,"trimmed":true,"sourceSize":{"w":50,"h":50},"spriteSourceSize":{"x":4,"y":7,"w":43,"h":37},"frame":{"x":2,"y":2,"w":43,"h":37}},{"filename":"tile-16","rotated":false,"trimmed":true,"sourceSize":{"w":50,"h":50},"spriteSourceSize":{"x":4,"y":7,"w":44,"h":39},"frame":{"x":48,"y":2,"w":44,"h":39}},{"filename":"tile-9","rotated":false,"trimmed":true,"sourceSize":{"w":50,"h":50},"spriteSourceSize":{"x":3,"y":5,"w":45,"h":39},"frame":{"x":95,"y":2,"w":45,"h":39}},{"filename":"tile-10","rotated":false,"trimmed":true,"sourceSize":{"w":50,"h":50},"spriteSourceSize":{"x":6,"y":6,"w":39,"h":40},"frame":{"x":143,"y":2,"w":39,"h":40}},{"filename":"tile-12","rotated":false,"trimmed":true,"sourceSize":{"w":50,"h":50},"spriteSourceSize":{"x":4,"y":6,"w":44,"h":40},"frame":{"x":185,"y":2,"w":44,"h":40}},{"filename":"tile-27","rotated":false,"trimmed":true,"sourceSize":{"w":50,"h":50},"spriteSourceSize":{"x":4,"y":6,"w":43,"h":40},"frame":{"x":2,"y":42,"w":43,"h":40}},{"filename":"tile-40","rotated":false,"trimmed":true,"sourceSize":{"w":50,"h":50},"spriteSourceSize":{"x":7,"y":6,"w":39,"h":40},"frame":{"x":48,"y":44,"w":39,"h":40}},{"filename":"tile-41","rotated":false,"trimmed":true,"sourceSize":{"w":50,"h":50},"spriteSourceSize":{"x":5,"y":8,"w":42,"h":40},"frame":{"x":90,"y":44,"w":42,"h":40}},{"filename":"tile-1","rotated":false,"trimmed":true,"sourceSize":{"w":50,"h":50},"spriteSourceSize":{"x":4,"y":6,"w":42,"h":41},"frame":{"x":135,"y":45,"w":42,"h":41}},{"filename":"tile-19","rotated":false,"trimmed":true,"sourceSize":{"w":50,"h":50},"spriteSourceSize":{"x":3,"y":5,"w":45,"h":41},"frame":{"x":180,"y":45,"w":45,"h":41}},{"filename":"tile-3","rotated":false,"trimmed":true,"sourceSize":{"w":50,"h":50},"spriteSourceSize":{"x":4,"y":5,"w":43,"h":42},"frame":{"x":2,"y":85,"w":43,"h":42}},{"filename":"tile-22","rotated":false,"trimmed":true,"sourceSize":{"w":50,"h":50},"spriteSourceSize":{"x":3,"y":5,"w":45,"h":42},"frame":{"x":48,"y":87,"w":45,"h":42}},{"filename":"tile-29","rotated":false,"trimmed":true,"sourceSize":{"w":50,"h":50},"spriteSourceSize":{"x":8,"y":4,"w":35,"h":43},"frame":{"x":96,"y":87,"w":35,"h":43}},{"filename":"tile-38","rotated":false,"trimmed":true,"sourceSize":{"w":50,"h":50},"spriteSourceSize":{"x":3,"y":5,"w":45,"h":42},"frame":{"x":134,"y":89,"w":45,"h":42}},{"filename":"tile-4","rotated":false,"trimmed":true,"sourceSize":{"w":50,"h":50},"spriteSourceSize":{"x":5,"y":5,"w":41,"h":42},"frame":{"x":182,"y":89,"w":41,"h":42}},{"filename":"tile-34","rotated":false,"trimmed":true,"sourceSize":{"w":50,"h":50},"spriteSourceSize":{"x":4,"y":5,"w":43,"h":43},"frame":{"x":2,"y":130,"w":43,"h":43}},{"filename":"tile-44","rotated":false,"trimmed":true,"sourceSize":{"w":50,"h":50},"spriteSourceSize":{"x":4,"y":5,"w":44,"h":42},"frame":{"x":48,"y":132,"w":44,"h":42}},{"filename":"tile-43","rotated":false,"trimmed":true,"sourceSize":{"w":50,"h":50},"spriteSourceSize":{"x":3,"y":5,"w":46,"h":42},"frame":{"x":95,"y":134,"w":46,"h":42}},{"filename":"tile-7","rotated":false,"trimmed":true,"sourceSize":{"w":50,"h":50},"spriteSourceSize":{"x":3,"y":5,"w":45,"h":42},"frame":{"x":144,"y":134,"w":45,"h":42}},{"filename":"tile-8","rotated":false,"trimmed":true,"sourceSize":{"w":50,"h":50},"spriteSourceSize":{"x":4,"y":5,"w":43,"h":43},"frame":{"x":192,"y":134,"w":43,"h":43}},{"filename":"tile-17","rotated":false,"trimmed":true,"sourceSize":{"w":50,"h":50},"spriteSourceSize":{"x":6,"y":4,"w":39,"h":44},"frame":{"x":2,"y":176,"w":39,"h":44}},{"filename":"tile-18","rotated":false,"trimmed":true,"sourceSize":{"w":50,"h":50},"spriteSourceSize":{"x":4,"y":4,"w":44,"h":43},"frame":{"x":44,"y":177,"w":44,"h":43}},{"filename":"tile-23","rotated":false,"trimmed":true,"sourceSize":{"w":50,"h":50},"spriteSourceSize":{"x":3,"y":5,"w":45,"h":43},"frame":{"x":91,"y":179,"w":45,"h":43}},{"filename":"tile-26","rotated":false,"trimmed":true,"sourceSize":{"w":50,"h":50},"spriteSourceSize":{"x":4,"y":4,"w":44,"h":43},"frame":{"x":139,"y":179,"w":44,"h":43}},{"filename":"tile-32","rotated":false,"trimmed":true,"sourceSize":{"w":50,"h":50},"spriteSourceSize":{"x":4,"y":5,"w":44,"h":43},"frame":{"x":186,"y":180,"w":44,"h":43}},{"filename":"tile-37","rotated":false,"trimmed":true,"sourceSize":{"w":50,"h":50},"spriteSourceSize":{"x":3,"y":5,"w":45,"h":43},"frame":{"x":2,"y":223,"w":45,"h":43}},{"filename":"tile-21","rotated":false,"trimmed":true,"sourceSize":{"w":50,"h":50},"spriteSourceSize":{"x":8,"y":4,"w":35,"h":45},"frame":{"x":50,"y":223,"w":35,"h":45}},{"filename":"tile-14","rotated":false,"trimmed":true,"sourceSize":{"w":50,"h":50},"spriteSourceSize":{"x":3,"y":4,"w":45,"h":44},"frame":{"x":88,"y":225,"w":45,"h":44}},{"filename":"tile-15","rotated":false,"trimmed":true,"sourceSize":{"w":50,"h":50},"spriteSourceSize":{"x":3,"y":4,"w":45,"h":44},"frame":{"x":136,"y":225,"w":45,"h":44}},{"filename":"tile-25","rotated":false,"trimmed":true,"sourceSize":{"w":50,"h":50},"spriteSourceSize":{"x":3,"y":4,"w":45,"h":44},"frame":{"x":184,"y":226,"w":45,"h":44}},{"filename":"tile-28","rotated":false,"trimmed":true,"sourceSize":{"w":50,"h":50},"spriteSourceSize":{"x":3,"y":4,"w":45,"h":44},"frame":{"x":2,"y":269,"w":45,"h":44}},{"filename":"tile-31","rotated":false,"trimmed":true,"sourceSize":{"w":50,"h":50},"spriteSourceSize":{"x":3,"y":4,"w":45,"h":44},"frame":{"x":50,"y":272,"w":45,"h":44}},{"filename":"tile-33","rotated":false,"trimmed":true,"sourceSize":{"w":50,"h":50},"spriteSourceSize":{"x":3,"y":4,"w":45,"h":44},"frame":{"x":98,"y":272,"w":45,"h":44}},{"filename":"tile-35","rotated":false,"trimmed":true,"sourceSize":{"w":50,"h":50},"spriteSourceSize":{"x":3,"y":4,"w":45,"h":44},"frame":{"x":146,"y":273,"w":45,"h":44}},{"filename":"tile-5","rotated":false,"trimmed":true,"sourceSize":{"w":50,"h":50},"spriteSourceSize":{"x":6,"y":4,"w":40,"h":44},"frame":{"x":194,"y":273,"w":40,"h":44}},{"filename":"tile-42","rotated":false,"trimmed":true,"sourceSize":{"w":50,"h":50},"spriteSourceSize":{"x":4,"y":4,"w":44,"h":44},"frame":{"x":2,"y":316,"w":44,"h":44}},{"filename":"tile-6","rotated":false,"trimmed":true,"sourceSize":{"w":50,"h":50},"spriteSourceSize":{"x":4,"y":4,"w":43,"h":44},"frame":{"x":49,"y":319,"w":43,"h":44}},{"filename":"tile-20","rotated":false,"trimmed":true,"sourceSize":{"w":50,"h":50},"spriteSourceSize":{"x":5,"y":3,"w":42,"h":45},"frame":{"x":95,"y":319,"w":42,"h":45}},{"filename":"tile-36","rotated":false,"trimmed":true,"sourceSize":{"w":50,"h":50},"spriteSourceSize":{"x":4,"y":4,"w":43,"h":45},"frame":{"x":140,"y":320,"w":43,"h":45}},{"filename":"tile-39","rotated":false,"trimmed":true,"sourceSize":{"w":50,"h":50},"spriteSourceSize":{"x":3,"y":3,"w":45,"h":45},"frame":{"x":186,"y":320,"w":45,"h":45}},{"filename":"tile-13","rotated":false,"trimmed":true,"sourceSize":{"w":50,"h":50},"spriteSourceSize":{"x":9,"y":4,"w":34,"h":46},"frame":{"x":2,"y":363,"w":34,"h":46}},{"filename":"tile-2","rotated":false,"trimmed":true,"sourceSize":{"w":50,"h":50},"spriteSourceSize":{"x":4,"y":3,"w":44,"h":46},"frame":{"x":39,"y":366,"w":44,"h":46}},{"filename":"tile-30","rotated":false,"trimmed":true,"sourceSize":{"w":50,"h":50},"spriteSourceSize":{"x":3,"y":3,"w":46,"h":46},"frame":{"x":86,"y":367,"w":46,"h":46}},{"filename":"tile-24","rotated":false,"trimmed":true,"sourceSize":{"w":50,"h":50},"spriteSourceSize":{"x":2,"y":0,"w":46,"h":48},"frame":{"x":135,"y":368,"w":46,"h":48}},{"filename":"blank","rotated":false,"trimmed":false,"sourceSize":{"w":50,"h":50},"spriteSourceSize":{"x":0,"y":0,"w":50,"h":50},"frame":{"x":184,"y":368,"w":50,"h":50}}]}],"meta":{"app":"https://www.codeandweb.com/texturepacker","version":"3.0","smartupdate":"$TexturePacker:SmartUpdate:339b98500d3b92f6b60898c06739ec24:5afeb8982cbf25a64191ed34410d931d:46cf23d7d3a25ca30e135c3228e0a1ea$"}}