{"textures":[{"image":"food-resources.png","format":"RGBA8888","size":{"w":699,"h":97},"scale":0.5,"frames":[{"filename":"blank","rotated":false,"trimmed":false,"sourceSize":{"w":50,"h":50},"spriteSourceSize":{"x":0,"y":0,"w":50,"h":50},"frame":{"x":2,"y":2,"w":50,"h":50}},{"filename":"tile-15","rotated":false,"trimmed":true,"sourceSize":{"w":50,"h":50},"spriteSourceSize":{"x":4,"y":7,"w":44,"h":40},"frame":{"x":2,"y":55,"w":44,"h":40}},{"filename":"tile-3","rotated":false,"trimmed":true,"sourceSize":{"w":50,"h":50},"spriteSourceSize":{"x":3,"y":4,"w":45,"h":44},"frame":{"x":55,"y":2,"w":45,"h":44}},{"filename":"tile-27","rotated":false,"trimmed":true,"sourceSize":{"w":50,"h":50},"spriteSourceSize":{"x":3,"y":4,"w":44,"h":44},"frame":{"x":103,"y":2,"w":44,"h":44}},{"filename":"tile-6","rotated":false,"trimmed":true,"sourceSize":{"w":50,"h":50},"spriteSourceSize":{"x":3,"y":3,"w":44,"h":45},"frame":{"x":150,"y":2,"w":44,"h":45}},{"filename":"tile-23","rotated":false,"trimmed":true,"sourceSize":{"w":50,"h":50},"spriteSourceSize":{"x":5,"y":6,"w":41,"h":40},"frame":{"x":49,"y":55,"w":41,"h":40}},{"filename":"tile-11","rotated":false,"trimmed":true,"sourceSize":{"w":50,"h":50},"spriteSourceSize":{"x":4,"y":4,"w":43,"h":43},"frame":{"x":197,"y":2,"w":43,"h":43}},{"filename":"tile-12","rotated":false,"trimmed":true,"sourceSize":{"w":50,"h":50},"spriteSourceSize":{"x":4,"y":5,"w":44,"h":42},"frame":{"x":243,"y":2,"w":44,"h":42}},{"filename":"tile-29","rotated":false,"trimmed":true,"sourceSize":{"w":50,"h":50},"spriteSourceSize":{"x":3,"y":6,"w":45,"h":41},"frame":{"x":290,"y":2,"w":45,"h":41}},{"filename":"tile-1","rotated":false,"trimmed":true,"sourceSize":{"w":50,"h":50},"spriteSourceSize":{"x":3,"y":5,"w":44,"h":41},"frame":{"x":338,"y":2,"w":44,"h":41}},{"filename":"tile-5","rotated":false,"trimmed":true,"sourceSize":{"w":50,"h":50},"spriteSourceSize":{"x":3,"y":5,"w":44,"h":42},"frame":{"x":385,"y":2,"w":44,"h":42}},{"filename":"tile-14","rotated":false,"trimmed":true,"sourceSize":{"w":50,"h":50},"spriteSourceSize":{"x":4,"y":5,"w":43,"h":42},"frame":{"x":432,"y":2,"w":43,"h":42}},{"filename":"tile-30","rotated":false,"trimmed":true,"sourceSize":{"w":50,"h":50},"spriteSourceSize":{"x":4,"y":5,"w":43,"h":42},"frame":{"x":478,"y":2,"w":43,"h":42}},{"filename":"tile-10","rotated":false,"trimmed":true,"sourceSize":{"w":50,"h":50},"spriteSourceSize":{"x":4,"y":4,"w":42,"h":43},"frame":{"x":524,"y":2,"w":42,"h":43}},{"filename":"tile-21","rotated":false,"trimmed":true,"sourceSize":{"w":50,"h":50},"spriteSourceSize":{"x":5,"y":4,"w":42,"h":43},"frame":{"x":569,"y":2,"w":42,"h":43}},{"filename":"tile-24","rotated":false,"trimmed":true,"sourceSize":{"w":50,"h":50},"spriteSourceSize":{"x":5,"y":4,"w":42,"h":43},"frame":{"x":614,"y":2,"w":42,"h":43}},{"filename":"tile-2","rotated":false,"trimmed":true,"sourceSize":{"w":50,"h":50},"spriteSourceSize":{"x":5,"y":3,"w":40,"h":45},"frame":{"x":93,"y":50,"w":40,"h":45}},{"filename":"tile-8","rotated":false,"trimmed":true,"sourceSize":{"w":50,"h":50},"spriteSourceSize":{"x":7,"y":4,"w":37,"h":44},"frame":{"x":659,"y":2,"w":37,"h":44}},{"filename":"tile-7","rotated":false,"trimmed":true,"sourceSize":{"w":50,"h":50},"spriteSourceSize":{"x":5,"y":4,"w":42,"h":44},"frame":{"x":136,"y":50,"w":42,"h":44}},{"filename":"tile-16","rotated":false,"trimmed":true,"sourceSize":{"w":50,"h":50},"spriteSourceSize":{"x":5,"y":4,"w":41,"h":44},"frame":{"x":181,"y":50,"w":41,"h":44}},{"filename":"tile-17","rotated":false,"trimmed":true,"sourceSize":{"w":50,"h":50},"spriteSourceSize":{"x":4,"y":4,"w":41,"h":44},"frame":{"x":225,"y":48,"w":41,"h":44}},{"filename":"tile-26","rotated":false,"trimmed":true,"sourceSize":{"w":50,"h":50},"spriteSourceSize":{"x":5,"y":4,"w":41,"h":44},"frame":{"x":269,"y":47,"w":41,"h":44}},{"filename":"tile-19","rotated":false,"trimmed":true,"sourceSize":{"w":50,"h":50},"spriteSourceSize":{"x":4,"y":5,"w":43,"h":41},"frame":{"x":313,"y":46,"w":43,"h":41}},{"filename":"tile-25","rotated":false,"trimmed":true,"sourceSize":{"w":50,"h":50},"spriteSourceSize":{"x":5,"y":4,"w":41,"h":43},"frame":{"x":359,"y":47,"w":41,"h":43}},{"filename":"tile-18","rotated":false,"trimmed":true,"sourceSize":{"w":50,"h":50},"spriteSourceSize":{"x":7,"y":4,"w":40,"h":43},"frame":{"x":403,"y":47,"w":40,"h":43}},{"filename":"tile-4","rotated":false,"trimmed":true,"sourceSize":{"w":50,"h":50},"spriteSourceSize":{"x":6,"y":4,"w":40,"h":44},"frame":{"x":446,"y":47,"w":40,"h":44}},{"filename":"tile-9","rotated":false,"trimmed":true,"sourceSize":{"w":50,"h":50},"spriteSourceSize":{"x":5,"y":5,"w":41,"h":42},"frame":{"x":489,"y":48,"w":41,"h":42}},{"filename":"tile-28","rotated":false,"trimmed":true,"sourceSize":{"w":50,"h":50},"spriteSourceSize":{"x":5,"y":5,"w":41,"h":41},"frame":{"x":533,"y":48,"w":41,"h":41}},{"filename":"tile-13","rotated":false,"trimmed":true,"sourceSize":{"w":50,"h":50},"spriteSourceSize":{"x":6,"y":5,"w":39,"h":41},"frame":{"x":577,"y":48,"w":39,"h":41}},{"filename":"tile-22","rotated":false,"trimmed":true,"sourceSize":{"w":50,"h":50},"spriteSourceSize":{"x":8,"y":5,"w":36,"h":41},"frame":{"x":619,"y":48,"w":36,"h":41}},{"filename":"tile-20","rotated":false,"trimmed":true,"sourceSize":{"w":50,"h":50},"spriteSourceSize":{"x":7,"y":4,"w":39,"h":43},"frame":{"x":658,"y":49,"w":39,"h":43}}]}],"meta":{"app":"https://www.codeandweb.com/texturepacker","version":"3.0","smartupdate":"$TexturePacker:SmartUpdate:517b68e23f7a58c81a415caa3c747ffe:73411191a26dd287e0d920bc620d5c4c:fbf42ba11caf94dc5600e4c372276f18$"}}