[1,["9ezUcRwpNF4adz7MR8MmAy@6c48a"],["_textureSource"],["cc.SpriteFrame"],0,[{"name":"7","rect":{"x":0,"y":0,"width":451,"height":384},"offset":{"x":0,"y":0},"originalSize":{"width":451,"height":384},"rotated":false,"capInsets":[0,0,0,0],"vertices":{"rawPosition":[-225.5,-192,0,225.5,-192,0,-225.5,192,0,225.5,192,0],"indexes":[0,1,2,2,1,3],"uv":[0,384,451,384,0,0,451,0],"nuv":[0,0,1,0,0,1,1,1],"minPos":{"x":-225.5,"y":-192,"z":0},"maxPos":{"x":225.5,"y":192,"z":0}},"packable":true,"pixelsToUnit":100,"pivot":{"x":0.5,"y":0.5},"meshType":0}],[0],0,[0],[0],[0]]
