{"levels":[{"level_id":1401,"enemy_row1":"r11-r11-r11-r11-r11","enemy_row2":"r11-r11-r11-r11-r11","enemy_row3":"m5-m9-m10-m8-m4"},{"level_id":1402,"enemy_row1":"r11-r11-r11-r11-r11","enemy_row2":"r11-r11-r11-r11-r10","enemy_row3":"m6-m9-m11-m8-m3"},{"level_id":1403,"enemy_row1":"r11-r11-r11-r11-r11","enemy_row2":"r11-r11-r11-r11-r11","enemy_row3":"m6-m9-m10-m8-m4"},{"level_id":1404,"enemy_row1":"r11-r11-r11-r11-r11","enemy_row2":"r11-r11-r11-r11-r11","enemy_row3":"m6-m9-m10-m8-m5"},{"level_id":1405,"enemy_row1":"r11-r11-r11-r11-r11","enemy_row2":"r9-m11-m11-r10-r8","enemy_row3":"m7-m11-m11-m11-m2"},{"level_id":1406,"enemy_row1":"r11-r11-r11-r11-r11","enemy_row2":"r10-r11-r11-r11-r9","enemy_row3":"m7-m11-m11-m8-m4"},{"level_id":1407,"enemy_row1":"r11-r11-r11-r11-r11","enemy_row2":"m11-r11-r11-m11-r11","enemy_row3":"m7-m9-m10-m8-m5"},{"level_id":1408,"enemy_row1":"r11-r11-r11-r11-r11","enemy_row2":"r2-m11-m11-r11-0","enemy_row3":"0-m11-m11-m11-0"},{"level_id":1409,"enemy_row1":"r11-r11-r11-r11-r11","enemy_row2":"r11-r11-r11-r11-r11","enemy_row3":"m2-m6-m11-m3-0"},{"level_id":1410,"enemy_row1":"r11-r11-r11-r11-r11","enemy_row2":"m11-r11-r11-m11-r11","enemy_row3":"m3-m6-m11-m4-m2"},{"level_id":1411,"enemy_row1":"r11-r11-r11-r11-r11","enemy_row2":"r11-r11-r11-r11-r11","enemy_row3":"m3-m6-m11-m5-m2"},{"level_id":1412,"enemy_row1":"r11-r11-r11-r11-r11","enemy_row2":"r11-r11-r11-r11-r11","enemy_row3":"m4-m6-m11-m5-m3"},{"level_id":1413,"enemy_row1":"r11-r11-r11-r11-r11","enemy_row2":"r7-m11-m11-r11-r3","enemy_row3":"m2-m11-m11-m11-0"},{"level_id":1414,"enemy_row1":"r11-r11-r11-r11-r11","enemy_row2":"r11-r11-r11-r11-r7","enemy_row3":"m3-m11-m11-m4-m2"},{"level_id":1415,"enemy_row1":"r11-r11-r11-r11-r11","enemy_row2":"r11-r11-r11-r11-r11","enemy_row3":"m3-m7-m11-m5-m2"},{"level_id":1416,"enemy_row1":"r11-r11-r11-r11-r11","enemy_row2":"r11-r11-r11-r11-r7","enemy_row3":"m4-m11-m11-m5-m3"},{"level_id":1417,"enemy_row1":"r11-r11-r11-r11-r11","enemy_row2":"r11-r11-r11-r11-r11","enemy_row3":"m4-m7-m11-m6-m2"},{"level_id":1418,"enemy_row1":"r11-r11-r11-r11-r11","enemy_row2":"r11-r11-r11-r11-r11","enemy_row3":"m5-m7-m11-m6-m2"},{"level_id":1419,"enemy_row1":"r11-r11-r11-r11-r11","enemy_row2":"r11-r11-r11-r11-r11","enemy_row3":"m5-m7-m11-m6-m4"},{"level_id":1420,"enemy_row1":"r11-r11-r11-r11-r11","enemy_row2":"r11-r11-r11-r11-r11","enemy_row3":"0-m8-m11-m2-0"},{"level_id":1421,"enemy_row1":"r11-r11-r11-r11-r11","enemy_row2":"r11-r11-r11-r11-r11","enemy_row3":"m2-m8-m11-m4-0"},{"level_id":1422,"enemy_row1":"r11-r11-r11-r11-r11","enemy_row2":"r11-r11-r11-r11-r11","enemy_row3":"m2-m8-m11-m5-0"},{"level_id":1423,"enemy_row1":"r11-r11-r11-r11-r11","enemy_row2":"r11-r11-r11-r11-r11","enemy_row3":"m4-m8-m11-m5-m2"},{"level_id":1424,"enemy_row1":"r11-r11-r11-r11-r11","enemy_row2":"r11-r11-r11-r11-r11","enemy_row3":"m2-m8-m11-m6-0"},{"level_id":1425,"enemy_row1":"r11-r11-r11-r11-r11","enemy_row2":"r11-r11-r11-r11-r11","enemy_row3":"m4-m8-m11-m6-m2"},{"level_id":1426,"enemy_row1":"r11-r11-r11-r11-r11","enemy_row2":"m11-r11-r11-m11-r11","enemy_row3":"m5-m8-m11-m6-m2"},{"level_id":1427,"enemy_row1":"r11-r11-r11-r11-r11","enemy_row2":"r8-m11-m11-r11-r6","enemy_row3":"m5-m11-m11-m11-m4"},{"level_id":1428,"enemy_row1":"r11-r11-r11-r11-r11","enemy_row2":"r11-r11-r11-r11-r11","enemy_row3":"m3-m8-m11-m7-m2"},{"level_id":1429,"enemy_row1":"r11-r11-r11-r11-r11","enemy_row2":"r8-m11-m11-r11-r7","enemy_row3":"m4-m11-m11-m11-m3"},{"level_id":1430,"enemy_row1":"r11-r11-r11-r11-r11","enemy_row2":"m11-r11-r11-m11-r11","enemy_row3":"m5-m8-m11-m7-m3"},{"level_id":1431,"enemy_row1":"r11-r11-r11-r11-r11","enemy_row2":"r11-r11-r11-r11-r11","enemy_row3":"m5-m8-m11-m7-m4"},{"level_id":1432,"enemy_row1":"r11-r11-r11-r11-r11","enemy_row2":"r8-m11-m11-r11-r7","enemy_row3":"m6-m11-m11-m11-m3"},{"level_id":1433,"enemy_row1":"r11-r11-r11-r11-r11","enemy_row2":"r11-r11-r11-r11-r11","enemy_row3":"m6-m8-m11-m7-m4"},{"level_id":1434,"enemy_row1":"r11-r11-r11-r11-r11","enemy_row2":"r8-m11-m11-r11-r7","enemy_row3":"m6-m11-m11-m11-m5"},{"level_id":1435,"enemy_row1":"r11-r11-r11-r11-r11","enemy_row2":"r9-m11-m11-r11-r3","enemy_row3":"m2-m11-m11-m11-0"},{"level_id":1436,"enemy_row1":"r11-r11-r11-r11-r11","enemy_row2":"r11-r11-r11-r11-r11","enemy_row3":"m2-m9-m11-m5-0"},{"level_id":1437,"enemy_row1":"r11-r11-r11-r11-r11","enemy_row2":"r11-r11-r11-r11-r11","enemy_row3":"m4-m9-m11-m5-m2"},{"level_id":1438,"enemy_row1":"r11-r11-r11-r11-r11","enemy_row2":"r11-r11-r11-r11-r11","enemy_row3":"m2-m9-m11-m6-0"},{"level_id":1439,"enemy_row1":"r11-r11-r11-r11-r11","enemy_row2":"r11-r11-r11-r11-r11","enemy_row3":"m4-m9-m11-m6-m2"},{"level_id":1440,"enemy_row1":"r11-r11-r11-r11-r11","enemy_row2":"r11-r11-r11-r11-r11","enemy_row3":"m5-m9-m11-m6-m2"},{"level_id":1441,"enemy_row1":"r11-r11-r11-r11-r11","enemy_row2":"r11-r11-r11-r11-r9","enemy_row3":"m5-m11-m11-m6-m4"},{"level_id":1442,"enemy_row1":"r11-r11-r11-r11-r11","enemy_row2":"r11-r11-r11-r11-r11","enemy_row3":"m2-m9-m11-m7-0"},{"level_id":1443,"enemy_row1":"r11-r11-r11-r11-r11","enemy_row2":"r11-r11-r11-r11-r9","enemy_row3":"m4-m11-m11-m7-m2"},{"level_id":1444,"enemy_row1":"r11-r11-r11-r11-r11","enemy_row2":"r11-r11-r11-r11-r11","enemy_row3":"m5-m9-m11-m7-m2"},{"level_id":1445,"enemy_row1":"r11-r11-r11-r11-r11","enemy_row2":"r11-r11-r11-r11-r11","enemy_row3":"m5-m9-m11-m7-m4"},{"level_id":1446,"enemy_row1":"r11-r11-r11-r11-r11","enemy_row2":"r11-r11-r11-r11-r11","enemy_row3":"m6-m9-m11-m7-m3"},{"level_id":1447,"enemy_row1":"r11-r11-r11-r11-r11","enemy_row2":"r9-m11-m11-r11-r7","enemy_row3":"m6-m11-m11-m11-m4"},{"level_id":1448,"enemy_row1":"r11-r11-r11-r11-r11","enemy_row2":"r11-r11-r11-r11-r11","enemy_row3":"m6-m9-m11-m7-m5"},{"level_id":1449,"enemy_row1":"r11-r11-r11-r11-r11","enemy_row2":"r11-r11-r11-r11-r9","enemy_row3":"m3-m11-m11-m8-m2"},{"level_id":1450,"enemy_row1":"r11-r11-r11-r11-r11","enemy_row2":"r11-r11-r11-r11-r11","enemy_row3":"m4-m9-m11-m8-m3"},{"level_id":1451,"enemy_row1":"r11-r11-r11-r11-r11","enemy_row2":"m11-r11-r11-m11-r11","enemy_row3":"m5-m9-m11-m8-m3"},{"level_id":1452,"enemy_row1":"r11-r11-r11-r11-r11","enemy_row2":"r11-r11-r11-r11-r9","enemy_row3":"m5-m11-m11-m8-m4"},{"level_id":1453,"enemy_row1":"r11-r11-r11-r11-r11","enemy_row2":"r11-r11-r11-r11-r11","enemy_row3":"m6-m9-m11-m8-m3"},{"level_id":1454,"enemy_row1":"r11-r11-r11-r11-r11","enemy_row2":"m11-r11-r11-m11-r11","enemy_row3":"m6-m9-m11-m8-m4"},{"level_id":1455,"enemy_row1":"r11-r11-r11-r11-r11","enemy_row2":"r11-r11-r11-r11-r11","enemy_row3":"m6-m9-m11-m8-m5"},{"level_id":1456,"enemy_row1":"r11-r11-r11-r11-r11","enemy_row2":"r11-r11-r11-r11-r9","enemy_row3":"m7-m11-m11-m8-m2"},{"level_id":1457,"enemy_row1":"r11-r11-r11-r11-r11","enemy_row2":"r11-r11-r11-r11-r11","enemy_row3":"m7-m9-m11-m8-m4"},{"level_id":1458,"enemy_row1":"r11-r11-r11-r11-r11","enemy_row2":"r9-m11-m11-r11-r8","enemy_row3":"m7-m11-m11-m11-m5"},{"level_id":1459,"enemy_row1":"r11-r11-r11-r11-r11","enemy_row2":"r11-r11-r11-r11-r11","enemy_row3":"m7-m9-m11-m8-m6"},{"level_id":1460,"enemy_row1":"r11-r11-r11-r11-r11","enemy_row2":"r11-r11-r11-r11-r11","enemy_row3":"0-m10-m11-m2-0"},{"level_id":1461,"enemy_row1":"r11-r11-r11-r11-r11","enemy_row2":"r11-r11-r11-r11-r10","enemy_row3":"m3-m11-m11-m4-m2"},{"level_id":1462,"enemy_row1":"r11-r11-r11-r11-r11","enemy_row2":"r11-r11-r11-r11-r11","enemy_row3":"m3-m10-m11-m5-m2"},{"level_id":1463,"enemy_row1":"r11-r11-r11-r11-r11","enemy_row2":"r11-r11-r11-r11-r10","enemy_row3":"m4-m11-m11-m5-m3"},{"level_id":1464,"enemy_row1":"r11-r11-r11-r11-r11","enemy_row2":"r10-m11-m11-r11-r6","enemy_row3":"m3-m11-m11-m11-m2"},{"level_id":1465,"enemy_row1":"r11-r11-r11-r11-r11","enemy_row2":"m11-r11-r11-m11-r11","enemy_row3":"m4-m10-m11-m6-m3"},{"level_id":1466,"enemy_row1":"r11-r11-r11-r11-r11","enemy_row2":"r11-r11-r11-r11-r11","enemy_row3":"m5-m10-m11-m6-m3"},{"level_id":1467,"enemy_row1":"r11-r11-r11-r11-r11","enemy_row2":"r10-m11-m11-r11-r6","enemy_row3":"m5-m11-m11-m11-m4"},{"level_id":1468,"enemy_row1":"r11-r11-r11-r11-r11","enemy_row2":"r11-r11-r11-r11-r10","enemy_row3":"m3-m11-m11-m7-m2"},{"level_id":1469,"enemy_row1":"r11-r11-r11-r11-r11","enemy_row2":"r10-m11-m11-r11-r7","enemy_row3":"m4-m11-m11-m11-m3"},{"level_id":1470,"enemy_row1":"r11-r11-r11-r11-r11","enemy_row2":"r11-r11-r11-r11-r11","enemy_row3":"m5-m10-m11-m7-m3"},{"level_id":1471,"enemy_row1":"r11-r11-r11-r11-r11","enemy_row2":"r11-r11-r11-r11-r11","enemy_row3":"m6-m10-m11-m7-m2"},{"level_id":1472,"enemy_row1":"r11-r11-r11-r11-r11","enemy_row2":"r11-r11-r11-r11-r10","enemy_row3":"m6-m11-m11-m7-m4"},{"level_id":1473,"enemy_row1":"r11-r11-r11-r11-r11","enemy_row2":"r10-m11-m11-r11-r7","enemy_row3":"m6-m11-m11-m11-m5"},{"level_id":1474,"enemy_row1":"r11-r11-r11-r11-r11","enemy_row2":"r10-m11-m11-r11-r8","enemy_row3":"m2-m11-m11-m11-0"},{"level_id":1475,"enemy_row1":"r11-r11-r11-r11-r11","enemy_row2":"r10-m11-m11-r11-r8","enemy_row3":"m4-m11-m11-m11-m2"},{"level_id":1476,"enemy_row1":"r11-r11-r11-r11-r11","enemy_row2":"r11-r11-r11-r11-r10","enemy_row3":"m5-m11-m11-m8-m2"},{"level_id":1477,"enemy_row1":"r11-r11-r11-r11-r11","enemy_row2":"r11-r11-r11-r11-r11","enemy_row3":"m5-m10-m11-m8-m4"},{"level_id":1478,"enemy_row1":"r11-r11-r11-r11-r11","enemy_row2":"r10-m11-m11-r11-r8","enemy_row3":"m6-m11-m11-m11-m2"},{"level_id":1479,"enemy_row1":"r11-r11-r11-r11-r11","enemy_row2":"r10-m11-m11-r11-r8","enemy_row3":"m6-m11-m11-m11-m4"},{"level_id":1480,"enemy_row1":"r11-r11-r11-r11-r11","enemy_row2":"m11-r11-r11-m11-r11","enemy_row3":"m6-m10-m11-m8-m5"},{"level_id":1481,"enemy_row1":"r11-r11-r11-r11-r11","enemy_row2":"r11-r11-r11-r11-r10","enemy_row3":"m7-m11-m11-m8-m3"},{"level_id":1482,"enemy_row1":"r11-r11-r11-r11-r11","enemy_row2":"r11-r11-r11-r11-r11","enemy_row3":"m7-m10-m11-m8-m4"},{"level_id":1483,"enemy_row1":"r11-r11-r11-r11-r11","enemy_row2":"m11-r11-r11-m11-r11","enemy_row3":"m7-m10-m11-m8-m5"},{"level_id":1484,"enemy_row1":"r11-r11-r11-r11-r11","enemy_row2":"r11-r11-r11-r11-r10","enemy_row3":"m7-m11-m11-m8-m6"},{"level_id":1485,"enemy_row1":"r11-r11-r11-r11-r11","enemy_row2":"m11-r11-r11-m11-r11","enemy_row3":"m4-m10-m11-m9-m2"},{"level_id":1486,"enemy_row1":"r11-r11-r11-r11-r11","enemy_row2":"m11-r11-r11-m11-r11","enemy_row3":"m5-m10-m11-m9-m2"},{"level_id":1487,"enemy_row1":"r11-r11-r11-r11-r11","enemy_row2":"r11-r11-r11-r11-r11","enemy_row3":"m5-m10-m11-m9-m4"},{"level_id":1488,"enemy_row1":"r11-r11-r11-r11-r11","enemy_row2":"r11-r11-r11-r11-r11","enemy_row3":"m6-m10-m11-m9-m2"},{"level_id":1489,"enemy_row1":"r11-r11-r11-r11-r11","enemy_row2":"m11-r11-r11-m11-r11","enemy_row3":"m6-m10-m11-m9-m4"},{"level_id":1490,"enemy_row1":"r11-r11-r11-r11-r11","enemy_row2":"r10-m11-m11-r11-r9","enemy_row3":"m6-m11-m11-m11-m5"},{"level_id":1491,"enemy_row1":"r11-r11-r11-r11-r11","enemy_row2":"r11-r11-r11-r11-r11","enemy_row3":"m7-m10-m11-m9-m2"},{"level_id":1492,"enemy_row1":"r11-r11-r11-r11-r11","enemy_row2":"r11-r11-r11-r11-r11","enemy_row3":"m7-m10-m11-m9-m4"},{"level_id":1493,"enemy_row1":"r11-r11-r11-r11-r11","enemy_row2":"r11-r11-r11-r11-r11","enemy_row3":"m7-m10-m11-m9-m5"},{"level_id":1494,"enemy_row1":"r11-r11-r11-r11-r11","enemy_row2":"r11-r11-r11-r11-r11","enemy_row3":"m7-m10-m11-m9-m6"},{"level_id":1495,"enemy_row1":"r11-r11-r11-r11-r11","enemy_row2":"r11-r11-r11-r11-r10","enemy_row3":"m8-m11-m11-m9-m3"},{"level_id":1496,"enemy_row1":"r11-r11-r11-r11-r11","enemy_row2":"r11-r11-r11-r11-r11","enemy_row3":"m8-m10-m11-m9-m4"},{"level_id":1497,"enemy_row1":"r11-r11-r11-r11-r11","enemy_row2":"m11-r11-r11-m11-r11","enemy_row3":"m8-m10-m11-m9-m5"},{"level_id":1498,"enemy_row1":"r11-r11-r11-r11-r11","enemy_row2":"r11-r11-r11-r11-r11","enemy_row3":"m8-m10-m11-m9-m6"},{"level_id":1499,"enemy_row1":"r11-r11-r11-r11-r11","enemy_row2":"r10-m11-m11-r11-r9","enemy_row3":"m8-m11-m11-m11-m7"},{"level_id":1500,"enemy_row1":"r11-r11-r11-r11-r11","enemy_row2":"m11-r11-r11-m11-r11","enemy_row3":"m2-m11-m11-m3-0"}]}