{"levels":[{"level_id":401,"enemy_row1":"r3-r6-r8-r4-r2","enemy_row2":"0-0-0-0-0","enemy_row3":"0-m11-m11-m10-0"},{"level_id":402,"enemy_row1":"r8-r11-r11-r10-r6","enemy_row2":"0-r3-r5-r2-0","enemy_row3":"0-0-0-0-0"},{"level_id":403,"enemy_row1":"r5-r8-r10-r6-r4","enemy_row2":"0-r3-0-r2-0","enemy_row3":"0-m11-0-m11-0"},{"level_id":404,"enemy_row1":"r3-r8-r10-r7-r2","enemy_row2":"0-0-0-0-0","enemy_row3":"0-m11-0-m11-0"},{"level_id":405,"enemy_row1":"r4-r8-r11-r7-r3","enemy_row2":"0-r10-0-r2-0","enemy_row3":"0-0-m11-0-0"},{"level_id":406,"enemy_row1":"r5-r8-r11-r7-r3","enemy_row2":"0-r10-0-r2-0","enemy_row3":"0-0-m11-0-0"},{"level_id":407,"enemy_row1":"r4-r7-r8-r5-r3","enemy_row2":"0-0-m2-0-0","enemy_row3":"0-m11-m11-m10-0"},{"level_id":408,"enemy_row1":"r3-r7-r8-r6-r2","enemy_row2":"0-0-0-0-0","enemy_row3":"0-m11-m11-m10-0"},{"level_id":409,"enemy_row1":"r8-r11-r11-r10-r7","enemy_row2":"0-r5-r6-r2-0","enemy_row3":"0-0-0-0-0"},{"level_id":410,"enemy_row1":"r6-r8-r11-r7-r5","enemy_row2":"0-r4-r10-r2-0","enemy_row3":"0-0-m11-0-0"},{"level_id":411,"enemy_row1":"0-0-0-0-0","enemy_row2":"m9-r11-r11-m10-r2","enemy_row3":"0-0-0-0-0"},{"level_id":412,"enemy_row1":"0-r4-r9-r2-0","enemy_row2":"0-0-0-0-0","enemy_row3":"0-m11-m11-m10-0"},{"level_id":413,"enemy_row1":"r2-r9-r10-r5-0","enemy_row2":"0-0-0-0-0","enemy_row3":"0-m11-0-m11-0"},{"level_id":414,"enemy_row1":"r5-r10-r11-r9-r4","enemy_row2":"0-0-r2-0-0","enemy_row3":"0-0-m11-0-0"},{"level_id":415,"enemy_row1":"0-0-r2-0-0","enemy_row2":"m9-r11-r11-m10-r6","enemy_row3":"0-0-0-0-0"},{"level_id":416,"enemy_row1":"r4-r9-r11-r6-r2","enemy_row2":"0-0-r10-0-0","enemy_row3":"0-0-m11-0-0"},{"level_id":417,"enemy_row1":"r5-r9-r10-r6-r2","enemy_row2":"0-0-0-0-0","enemy_row3":"0-m11-0-m11-0"},{"level_id":418,"enemy_row1":"r9-r11-r11-r10-r6","enemy_row2":"0-r4-r5-r2-0","enemy_row3":"0-0-0-0-0"},{"level_id":419,"enemy_row1":"r3-r9-r11-r7-r2","enemy_row2":"0-0-r10-0-0","enemy_row3":"0-0-m11-0-0"},{"level_id":420,"enemy_row1":"r3-r7-r9-r4-r2","enemy_row2":"0-0-0-0-0","enemy_row3":"0-m11-m11-m10-0"},{"level_id":421,"enemy_row1":"r7-r10-r11-r9-r5","enemy_row2":"0-r3-0-r2-0","enemy_row3":"0-0-m11-0-0"},{"level_id":422,"enemy_row1":"r5-r9-r11-r7-r4","enemy_row2":"0-r3-r10-r2-0","enemy_row3":"0-0-m11-0-0"},{"level_id":423,"enemy_row1":"r3-r7-r9-r6-r2","enemy_row2":"0-0-0-0-0","enemy_row3":"0-m11-m11-m10-0"},{"level_id":424,"enemy_row1":"r4-r7-r9-r6-r3","enemy_row2":"0-0-m2-0-0","enemy_row3":"0-m11-m11-m10-0"},{"level_id":425,"enemy_row1":"r6-r9-r11-r7-r5","enemy_row2":"0-r3-r10-r2-0","enemy_row3":"0-0-m11-0-0"},{"level_id":426,"enemy_row1":"r7-r10-r11-r9-r6","enemy_row2":"r2-r4-r5-r3-0","enemy_row3":"0-0-m11-0-0"},{"level_id":427,"enemy_row1":"0-r3-0-r2-0","enemy_row2":"m9-r11-r11-m10-r8","enemy_row3":"0-0-0-0-0"},{"level_id":428,"enemy_row1":"r4-r9-r10-r8-r3","enemy_row2":"0-0-r2-0-0","enemy_row3":"0-m11-0-m11-0"},{"level_id":429,"enemy_row1":"r4-r8-r9-r5-r2","enemy_row2":"0-0-0-0-0","enemy_row3":"0-m11-m11-m10-0"},{"level_id":430,"enemy_row1":"r6-r9-r11-r8-r2","enemy_row2":"0-0-r10-0-0","enemy_row3":"0-0-m11-0-0"},{"level_id":431,"enemy_row1":"r8-r10-r11-r9-r6","enemy_row2":"0-r4-0-r2-0","enemy_row3":"0-0-m11-0-0"},{"level_id":432,"enemy_row1":"r5-r8-r9-r6-r2","enemy_row2":"0-0-0-0-0","enemy_row3":"0-m11-m11-m10-0"},{"level_id":433,"enemy_row1":"r8-r10-r11-r9-r6","enemy_row2":"0-r4-r5-r2-0","enemy_row3":"0-0-m11-0-0"},{"level_id":434,"enemy_row1":"r9-r11-r11-r10-r8","enemy_row2":"0-r7-0-r2-0","enemy_row3":"0-0-0-0-0"},{"level_id":435,"enemy_row1":"r4-r8-r9-r7-r2","enemy_row2":"0-0-0-0-0","enemy_row3":"0-m11-m11-m10-0"},{"level_id":436,"enemy_row1":"0-r5-r7-r2-0","enemy_row2":"m9-r11-r11-m10-r8","enemy_row3":"0-0-0-0-0"},{"level_id":437,"enemy_row1":"r5-r8-r9-r7-r4","enemy_row2":"0-0-m2-0-0","enemy_row3":"0-m11-m11-m10-0"},{"level_id":438,"enemy_row1":"r6-r8-r9-r7-r2","enemy_row2":"0-0-0-0-0","enemy_row3":"0-m11-m11-m10-0"},{"level_id":439,"enemy_row1":"r6-r8-r9-r7-r4","enemy_row2":"0-m3-0-m2-0","enemy_row3":"0-m11-m11-m10-0"},{"level_id":440,"enemy_row1":"r6-r8-r9-r7-r5","enemy_row2":"0-m3-0-m2-0","enemy_row3":"0-m11-m11-m10-0"},{"level_id":441,"enemy_row1":"r7-r9-r11-r8-r6","enemy_row2":"r3-r5-r10-r4-r2","enemy_row3":"0-0-m11-0-0"},{"level_id":442,"enemy_row1":"r3-r11-r11-r11-r2","enemy_row2":"0-0-0-0-0","enemy_row3":"0-0-0-0-0"},{"level_id":443,"enemy_row1":"r2-r4-r11-r3-0","enemy_row2":"0-0-r11-0-0","enemy_row3":"0-0-m11-0-0"},{"level_id":444,"enemy_row1":"r2-r5-r11-r3-0","enemy_row2":"0-0-r11-0-0","enemy_row3":"0-0-m11-0-0"},{"level_id":445,"enemy_row1":"r4-r11-r11-r5-r3","enemy_row2":"0-0-r2-0-0","enemy_row3":"0-0-m11-0-0"},{"level_id":446,"enemy_row1":"0-0-r2-0-0","enemy_row2":"m6-r11-r11-m11-r3","enemy_row3":"0-0-0-0-0"},{"level_id":447,"enemy_row1":"r4-r11-r11-r6-r3","enemy_row2":"0-0-r2-0-0","enemy_row3":"0-0-m11-0-0"},{"level_id":448,"enemy_row1":"r2-r5-r6-r3-0","enemy_row2":"0-0-0-0-0","enemy_row3":"0-m11-m11-m11-0"},{"level_id":449,"enemy_row1":"0-r7-r11-r2-0","enemy_row2":"0-0-0-0-0","enemy_row3":"0-m11-0-m11-0"},{"level_id":450,"enemy_row1":"r7-r11-r11-r11-r4","enemy_row2":"0-0-r2-0-0","enemy_row3":"0-0-0-0-0"},{"level_id":451,"enemy_row1":"r5-r11-r11-r7-r2","enemy_row2":"0-0-0-0-0","enemy_row3":"0-0-m11-0-0"},{"level_id":452,"enemy_row1":"r4-r7-r11-r5-r2","enemy_row2":"0-0-r11-0-0","enemy_row3":"0-0-m11-0-0"},{"level_id":453,"enemy_row1":"r2-r7-r11-r6-0","enemy_row2":"0-0-0-0-0","enemy_row3":"0-m11-0-m11-0"},{"level_id":454,"enemy_row1":"r4-r7-r11-r6-r2","enemy_row2":"0-0-r11-0-0","enemy_row3":"0-0-m11-0-0"},{"level_id":455,"enemy_row1":"r5-r7-r11-r6-r2","enemy_row2":"0-0-r11-0-0","enemy_row3":"0-0-m11-0-0"},{"level_id":456,"enemy_row1":"r5-r7-r11-r6-r4","enemy_row2":"0-0-r2-0-0","enemy_row3":"0-m11-0-m11-0"},{"level_id":457,"enemy_row1":"r8-r11-r11-r11-r2","enemy_row2":"0-0-0-0-0","enemy_row3":"0-0-0-0-0"},{"level_id":458,"enemy_row1":"r4-r11-r11-r8-r2","enemy_row2":"0-0-0-0-0","enemy_row3":"0-0-m11-0-0"},{"level_id":459,"enemy_row1":"r2-r5-r8-r3-0","enemy_row2":"0-0-0-0-0","enemy_row3":"0-m11-m11-m11-0"},{"level_id":460,"enemy_row1":"r3-r5-r8-r4-r2","enemy_row2":"0-0-0-0-0","enemy_row3":"0-m11-m11-m11-0"},{"level_id":461,"enemy_row1":"r6-r11-r11-r8-r3","enemy_row2":"0-0-r2-0-0","enemy_row3":"0-0-m11-0-0"},{"level_id":462,"enemy_row1":"r8-r11-r11-r11-r6","enemy_row2":"0-r3-r4-r2-0","enemy_row3":"0-0-0-0-0"},{"level_id":463,"enemy_row1":"0-r3-r5-r2-0","enemy_row2":"m8-r11-r11-m11-r6","enemy_row3":"0-0-0-0-0"},{"level_id":464,"enemy_row1":"r6-r11-r11-r8-r5","enemy_row2":"0-r3-r4-r2-0","enemy_row3":"0-0-m11-0-0"},{"level_id":465,"enemy_row1":"r2-r7-r8-r3-0","enemy_row2":"0-0-0-0-0","enemy_row3":"0-m11-m11-m11-0"},{"level_id":466,"enemy_row1":"r3-r7-r8-r4-r2","enemy_row2":"0-0-0-0-0","enemy_row3":"0-m11-m11-m11-0"},{"level_id":467,"enemy_row1":"r8-r11-r11-r11-r7","enemy_row2":"0-r3-r5-r2-0","enemy_row3":"0-0-0-0-0"},{"level_id":468,"enemy_row1":"r8-r11-r11-r11-r7","enemy_row2":"r2-r4-r5-r3-0","enemy_row3":"0-0-0-0-0"},{"level_id":469,"enemy_row1":"r7-r11-r11-r8-r6","enemy_row2":"0-r4-0-r2-0","enemy_row3":"0-0-m11-0-0"},{"level_id":470,"enemy_row1":"r6-r8-r11-r7-r5","enemy_row2":"0-0-r2-0-0","enemy_row3":"0-m11-0-m11-0"},{"level_id":471,"enemy_row1":"r7-r11-r11-r8-r6","enemy_row2":"0-r4-r5-r2-0","enemy_row3":"0-0-m11-0-0"},{"level_id":472,"enemy_row1":"0-r9-r11-r2-0","enemy_row2":"0-0-0-0-0","enemy_row3":"0-m11-0-m11-0"},{"level_id":473,"enemy_row1":"r4-r11-r11-r9-r2","enemy_row2":"0-0-0-0-0","enemy_row3":"0-0-m11-0-0"},{"level_id":474,"enemy_row1":"0-r5-r9-r2-0","enemy_row2":"0-0-0-0-0","enemy_row3":"0-m11-m11-m11-0"},{"level_id":475,"enemy_row1":"r2-r5-r9-r4-0","enemy_row2":"0-0-0-0-0","enemy_row3":"0-m11-m11-m11-0"},{"level_id":476,"enemy_row1":"0-0-r2-0-0","enemy_row2":"m9-r11-r11-m11-r6","enemy_row3":"0-0-0-0-0"},{"level_id":477,"enemy_row1":"r2-r6-r9-r4-0","enemy_row2":"0-0-0-0-0","enemy_row3":"0-m11-m11-m11-0"},{"level_id":478,"enemy_row1":"r5-r9-r11-r6-r2","enemy_row2":"0-0-0-0-0","enemy_row3":"0-m11-0-m11-0"},{"level_id":479,"enemy_row1":"r9-r11-r11-r11-r6","enemy_row2":"r2-r4-r5-r3-0","enemy_row3":"0-0-0-0-0"},{"level_id":480,"enemy_row1":"r3-r9-r11-r7-r2","enemy_row2":"0-0-0-0-0","enemy_row3":"0-m11-0-m11-0"},{"level_id":481,"enemy_row1":"r7-r11-r11-r9-r4","enemy_row2":"0-r3-0-r2-0","enemy_row3":"0-0-m11-0-0"},{"level_id":482,"enemy_row1":"r7-r11-r11-r9-r5","enemy_row2":"0-r3-0-r2-0","enemy_row3":"0-0-m11-0-0"},{"level_id":483,"enemy_row1":"r2-r4-r5-r3-0","enemy_row2":"m9-r11-r11-m11-r7","enemy_row3":"0-0-0-0-0"},{"level_id":484,"enemy_row1":"r7-r11-r11-r9-r6","enemy_row2":"0-r3-0-r2-0","enemy_row3":"0-0-m11-0-0"},{"level_id":485,"enemy_row1":"r6-r9-r11-r7-r4","enemy_row2":"0-r3-r11-r2-0","enemy_row3":"0-0-m11-0-0"},{"level_id":486,"enemy_row1":"r6-r9-r11-r7-r5","enemy_row2":"0-r3-0-r2-0","enemy_row3":"0-m11-0-m11-0"},{"level_id":487,"enemy_row1":"r6-r9-r11-r7-r5","enemy_row2":"0-r3-r4-r2-0","enemy_row3":"0-m11-0-m11-0"},{"level_id":488,"enemy_row1":"r3-r9-r11-r8-r2","enemy_row2":"0-0-r11-0-0","enemy_row3":"0-0-m11-0-0"},{"level_id":489,"enemy_row1":"r5-r9-r11-r8-r2","enemy_row2":"0-0-r11-0-0","enemy_row3":"0-0-m11-0-0"},{"level_id":490,"enemy_row1":"r4-r8-r9-r5-r2","enemy_row2":"0-0-0-0-0","enemy_row3":"0-m11-m11-m11-0"},{"level_id":491,"enemy_row1":"r8-r11-r11-r9-r6","enemy_row2":"0-0-r2-0-0","enemy_row3":"0-0-m11-0-0"},{"level_id":492,"enemy_row1":"r8-r11-r11-r9-r6","enemy_row2":"0-r4-0-r2-0","enemy_row3":"0-0-m11-0-0"},{"level_id":493,"enemy_row1":"r9-r11-r11-r11-r8","enemy_row2":"0-r5-r6-r2-0","enemy_row3":"0-0-0-0-0"},{"level_id":494,"enemy_row1":"r6-r9-r11-r8-r5","enemy_row2":"0-r4-r11-r2-0","enemy_row3":"0-0-m11-0-0"},{"level_id":495,"enemy_row1":"r8-r11-r11-r9-r7","enemy_row2":"0-0-r2-0-0","enemy_row3":"0-0-m11-0-0"},{"level_id":496,"enemy_row1":"r4-r8-r9-r7-r2","enemy_row2":"0-0-0-0-0","enemy_row3":"0-m11-m11-m11-0"},{"level_id":497,"enemy_row1":"r8-r11-r11-r9-r7","enemy_row2":"0-r5-0-r2-0","enemy_row3":"0-0-m11-0-0"},{"level_id":498,"enemy_row1":"r8-r11-r11-r9-r7","enemy_row2":"0-r4-r5-r2-0","enemy_row3":"0-0-m11-0-0"},{"level_id":499,"enemy_row1":"r2-r6-r7-r3-0","enemy_row2":"m9-r11-r11-m11-r8","enemy_row3":"0-0-0-0-0"},{"level_id":500,"enemy_row1":"r9-r11-r11-r11-r8","enemy_row2":"r3-r6-r7-r4-r2","enemy_row3":"0-0-0-0-0"}]}