[1,["a2/+YH7BZL47GuX4MmpM9Q@6c48a"],["_textureSource"],["cc.SpriteFrame"],0,[{"name":"footer-portrait","rect":{"x":0,"y":0,"width":1080,"height":382},"offset":{"x":0,"y":0},"originalSize":{"width":1080,"height":382},"rotated":false,"capInsets":[0,0,0,0],"vertices":{"rawPosition":[-540,-191,0,540,-191,0,-540,191,0,540,191,0],"indexes":[0,1,2,2,1,3],"uv":[0,382,1080,382,0,0,1080,0],"nuv":[0,0,1,0,0,1,1,1],"minPos":{"x":-540,"y":-191,"z":0},"maxPos":{"x":540,"y":191,"z":0}},"packable":true,"pixelsToUnit":100,"pivot":{"x":0.5,"y":0.5},"meshType":0}],[0],0,[0],[0],[0]]
