{"textures":[{"image":"default-resources-0.png","format":"RGBA8888","size":{"w":1204,"h":1204},"scale":0.5,"frames":[{"filename":"bg/bg-middle-2","rotated":false,"trimmed":false,"sourceSize":{"w":450,"h":425},"spriteSourceSize":{"x":0,"y":0,"w":450,"h":425},"frame":{"x":2,"y":2,"w":450,"h":425}},{"filename":"bg/bg-middle","rotated":false,"trimmed":false,"sourceSize":{"w":360,"h":425},"spriteSourceSize":{"x":0,"y":0,"w":360,"h":425},"frame":{"x":2,"y":430,"w":360,"h":425}},{"filename":"ui-ngang/bg-middle","rotated":false,"trimmed":false,"sourceSize":{"w":360,"h":284},"spriteSourceSize":{"x":0,"y":0,"w":360,"h":284},"frame":{"x":455,"y":2,"w":360,"h":284}},{"filename":"footer","rotated":false,"trimmed":false,"sourceSize":{"w":375,"h":77},"spriteSourceSize":{"x":0,"y":0,"w":375,"h":77},"frame":{"x":818,"y":2,"w":375,"h":77}},{"filename":"ui-ngang/bg-top","rotated":false,"trimmed":false,"sourceSize":{"w":360,"h":89},"spriteSourceSize":{"x":0,"y":0,"w":360,"h":89},"frame":{"x":2,"y":858,"w":360,"h":89}},{"filename":"ui-ngang/bg-bottom","rotated":false,"trimmed":false,"sourceSize":{"w":360,"h":88},"spriteSourceSize":{"x":0,"y":0,"w":360,"h":88},"frame":{"x":455,"y":289,"w":360,"h":88}},{"filename":"leaderboards/bg-top","rotated":false,"trimmed":false,"sourceSize":{"w":475,"h":84},"spriteSourceSize":{"x":0,"y":0,"w":475,"h":84},"frame":{"x":2,"y":950,"w":475,"h":84}},{"filename":"leaderboards/bg-bottom","rotated":false,"trimmed":false,"sourceSize":{"w":475,"h":34},"spriteSourceSize":{"x":0,"y":0,"w":475,"h":34},"frame":{"x":2,"y":1037,"w":475,"h":34}},{"filename":"bg/bg-bottom-2","rotated":false,"trimmed":false,"sourceSize":{"w":450,"h":56},"spriteSourceSize":{"x":0,"y":0,"w":450,"h":56},"frame":{"x":2,"y":1074,"w":450,"h":56}},{"filename":"bg/bg-top-2","rotated":false,"trimmed":false,"sourceSize":{"w":450,"h":56},"spriteSourceSize":{"x":0,"y":0,"w":450,"h":56},"frame":{"x":2,"y":1133,"w":450,"h":56}},{"filename":"bg/bg-bottom","rotated":false,"trimmed":false,"sourceSize":{"w":360,"h":56},"spriteSourceSize":{"x":0,"y":0,"w":360,"h":56},"frame":{"x":818,"y":82,"w":360,"h":56}},{"filename":"bg/bg-top","rotated":false,"trimmed":false,"sourceSize":{"w":360,"h":56},"spriteSourceSize":{"x":0,"y":0,"w":360,"h":56},"frame":{"x":818,"y":141,"w":360,"h":56}},{"filename":"daily-challenge/bg","rotated":false,"trimmed":false,"sourceSize":{"w":260,"h":143},"spriteSourceSize":{"x":0,"y":0,"w":260,"h":143},"frame":{"x":818,"y":200,"w":260,"h":143}},{"filename":"ui-ngang/khung-next-block","rotated":false,"trimmed":false,"sourceSize":{"w":100,"h":300},"spriteSourceSize":{"x":0,"y":0,"w":100,"h":300},"frame":{"x":365,"y":430,"w":100,"h":300}},{"filename":"leaderboards/bg-middle","rotated":false,"trimmed":false,"sourceSize":{"w":475,"h":24},"spriteSourceSize":{"x":0,"y":0,"w":475,"h":24},"frame":{"x":455,"y":380,"w":475,"h":24}},{"filename":"border-bottom-panel","rotated":false,"trimmed":false,"sourceSize":{"w":375,"h":18},"spriteSourceSize":{"x":0,"y":0,"w":375,"h":18},"frame":{"x":455,"y":407,"w":375,"h":18}},{"filename":"leaf","rotated":false,"trimmed":false,"sourceSize":{"w":282,"h":66},"spriteSourceSize":{"x":0,"y":0,"w":282,"h":66},"frame":{"x":468,"y":428,"w":282,"h":66}},{"filename":"score-panel","rotated":false,"trimmed":false,"sourceSize":{"w":263,"h":76},"spriteSourceSize":{"x":0,"y":0,"w":263,"h":76},"frame":{"x":468,"y":497,"w":263,"h":76}},{"filename":"popup/middle","rotated":false,"trimmed":false,"sourceSize":{"w":216,"h":114},"spriteSourceSize":{"x":0,"y":0,"w":216,"h":114},"frame":{"x":468,"y":576,"w":216,"h":114}},{"filename":"leaderboards/bg-item","rotated":false,"trimmed":false,"sourceSize":{"w":159,"h":31},"spriteSourceSize":{"x":0,"y":0,"w":159,"h":31},"frame":{"x":818,"y":346,"w":159,"h":31}},{"filename":"buttons/green-large","rotated":false,"trimmed":false,"sourceSize":{"w":242,"h":71},"spriteSourceSize":{"x":0,"y":0,"w":242,"h":71},"frame":{"x":468,"y":693,"w":242,"h":71}},{"filename":"buttons/brown","rotated":false,"trimmed":false,"sourceSize":{"w":242,"h":54},"spriteSourceSize":{"x":0,"y":0,"w":242,"h":54},"frame":{"x":480,"y":767,"w":242,"h":54}},{"filename":"daily-challenge/bg-item-dark","rotated":false,"trimmed":false,"sourceSize":{"w":254,"h":41},"spriteSourceSize":{"x":0,"y":0,"w":254,"h":41},"frame":{"x":480,"y":824,"w":254,"h":41}},{"filename":"daily-challenge/bg-item-light","rotated":false,"trimmed":false,"sourceSize":{"w":254,"h":41},"spriteSourceSize":{"x":0,"y":0,"w":254,"h":41},"frame":{"x":480,"y":868,"w":254,"h":41}},{"filename":"lives/heart","rotated":false,"trimmed":false,"sourceSize":{"w":170,"h":140},"spriteSourceSize":{"x":0,"y":0,"w":170,"h":140},"frame":{"x":480,"y":912,"w":170,"h":140}},{"filename":"bg/bg-dark","rotated":false,"trimmed":false,"sourceSize":{"w":122,"h":152},"spriteSourceSize":{"x":0,"y":0,"w":122,"h":152},"frame":{"x":653,"y":912,"w":122,"h":152}},{"filename":"bg-progress-circle","rotated":false,"trimmed":false,"sourceSize":{"w":116,"h":116},"spriteSourceSize":{"x":0,"y":0,"w":116,"h":116},"frame":{"x":1081,"y":200,"w":116,"h":116}},{"filename":"texts/invite-friends","rotated":false,"trimmed":false,"sourceSize":{"w":168,"h":17},"spriteSourceSize":{"x":0,"y":0,"w":168,"h":17},"frame":{"x":480,"y":1055,"w":168,"h":17}},{"filename":"popup/background","rotated":false,"trimmed":false,"sourceSize":{"w":198,"h":111},"spriteSourceSize":{"x":0,"y":0,"w":198,"h":111},"frame":{"x":455,"y":1075,"w":198,"h":111}},{"filename":"daily-challenge/middle-panel","rotated":false,"trimmed":false,"sourceSize":{"w":261,"h":13},"spriteSourceSize":{"x":0,"y":0,"w":261,"h":13},"frame":{"x":455,"y":1189,"w":261,"h":13}},{"filename":"bottom-panel","rotated":false,"trimmed":false,"sourceSize":{"w":141,"h":86},"spriteSourceSize":{"x":0,"y":0,"w":141,"h":86},"frame":{"x":656,"y":1067,"w":141,"h":86}},{"filename":"popup/score-panel","rotated":false,"trimmed":false,"sourceSize":{"w":150,"h":46},"spriteSourceSize":{"x":0,"y":0,"w":150,"h":46},"frame":{"x":719,"y":1156,"w":150,"h":46}},{"filename":"avatar/border-big","rotated":false,"trimmed":false,"sourceSize":{"w":88,"h":88},"spriteSourceSize":{"x":0,"y":0,"w":88,"h":88},"frame":{"x":365,"y":733,"w":88,"h":88}},{"filename":"ui-ngang/text-next-block","rotated":false,"trimmed":false,"sourceSize":{"w":121,"h":18},"spriteSourceSize":{"x":0,"y":0,"w":121,"h":18},"frame":{"x":1081,"y":319,"w":121,"h":18}},{"filename":"preloader/dual-ring","rotated":false,"trimmed":true,"sourceSize":{"w":100,"h":100},"spriteSourceSize":{"x":13,"y":13,"w":74,"h":74},"frame":{"x":365,"y":824,"w":74,"h":74}},{"filename":"best-score-frame-long","rotated":false,"trimmed":false,"sourceSize":{"w":193,"h":77},"spriteSourceSize":{"x":0,"y":0,"w":193,"h":77},"frame":{"x":753,"y":428,"w":193,"h":77}},{"filename":"popup/top-dark","rotated":false,"trimmed":false,"sourceSize":{"w":216,"h":45},"spriteSourceSize":{"x":0,"y":0,"w":216,"h":45},"frame":{"x":734,"y":508,"w":216,"h":45}},{"filename":"popup/top","rotated":false,"trimmed":false,"sourceSize":{"w":216,"h":45},"spriteSourceSize":{"x":0,"y":0,"w":216,"h":45},"frame":{"x":734,"y":556,"w":216,"h":45}},{"filename":"border-daily","rotated":false,"trimmed":false,"sourceSize":{"w":259,"h":26},"spriteSourceSize":{"x":0,"y":0,"w":259,"h":26},"frame":{"x":687,"y":604,"w":259,"h":26}},{"filename":"daily-challenge/bottom-panel","rotated":false,"trimmed":false,"sourceSize":{"w":261,"h":15},"spriteSourceSize":{"x":0,"y":0,"w":261,"h":15},"frame":{"x":687,"y":633,"w":261,"h":15}},{"filename":"daily-challenge/top-panel","rotated":false,"trimmed":false,"sourceSize":{"w":261,"h":15},"spriteSourceSize":{"x":0,"y":0,"w":261,"h":15},"frame":{"x":687,"y":651,"w":261,"h":15}},{"filename":"texts/next-milestone","rotated":false,"trimmed":false,"sourceSize":{"w":256,"h":16},"spriteSourceSize":{"x":0,"y":0,"w":256,"h":16},"frame":{"x":687,"y":669,"w":256,"h":16}},{"filename":"texts/daily-challenge","rotated":false,"trimmed":false,"sourceSize":{"w":237,"h":20},"spriteSourceSize":{"x":0,"y":0,"w":237,"h":20},"frame":{"x":713,"y":688,"w":237,"h":20}},{"filename":"texts/first-milestone","rotated":false,"trimmed":false,"sourceSize":{"w":249,"h":19},"spriteSourceSize":{"x":0,"y":0,"w":249,"h":19},"frame":{"x":713,"y":711,"w":249,"h":19}},{"filename":"texts/second-chance","rotated":false,"trimmed":false,"sourceSize":{"w":251,"h":19},"spriteSourceSize":{"x":0,"y":0,"w":251,"h":19},"frame":{"x":713,"y":733,"w":251,"h":19}},{"filename":"texts/play-single","rotated":false,"trimmed":false,"sourceSize":{"w":167,"h":18},"spriteSourceSize":{"x":0,"y":0,"w":167,"h":18},"frame":{"x":833,"y":407,"w":167,"h":18}},{"filename":"texts/out-of-live","rotated":false,"trimmed":false,"sourceSize":{"w":221,"h":19},"spriteSourceSize":{"x":0,"y":0,"w":221,"h":19},"frame":{"x":725,"y":755,"w":221,"h":19}},{"filename":"texts/waiting-for-opponent","rotated":false,"trimmed":false,"sourceSize":{"w":221,"h":19},"spriteSourceSize":{"x":0,"y":0,"w":221,"h":19},"frame":{"x":725,"y":777,"w":221,"h":19}},{"filename":"texts/leader-board","rotated":false,"trimmed":false,"sourceSize":{"w":213,"h":19},"spriteSourceSize":{"x":0,"y":0,"w":213,"h":19},"frame":{"x":725,"y":799,"w":213,"h":19}},{"filename":"buttons/dark-blue","rotated":false,"trimmed":false,"sourceSize":{"w":183,"h":54},"spriteSourceSize":{"x":0,"y":0,"w":183,"h":54},"frame":{"x":737,"y":821,"w":183,"h":54}},{"filename":"texts/win","rotated":false,"trimmed":false,"sourceSize":{"w":208,"h":23},"spriteSourceSize":{"x":0,"y":0,"w":208,"h":23},"frame":{"x":737,"y":878,"w":208,"h":23}},{"filename":"lives/time-block-2","rotated":false,"trimmed":false,"sourceSize":{"w":182,"h":54},"spriteSourceSize":{"x":0,"y":0,"w":182,"h":54},"frame":{"x":778,"y":904,"w":182,"h":54}},{"filename":"buttons/green","rotated":false,"trimmed":false,"sourceSize":{"w":172,"h":51},"spriteSourceSize":{"x":0,"y":0,"w":172,"h":51},"frame":{"x":778,"y":961,"w":172,"h":51}},{"filename":"lives/time-block","rotated":false,"trimmed":false,"sourceSize":{"w":173,"h":44},"spriteSourceSize":{"x":0,"y":0,"w":173,"h":44},"frame":{"x":778,"y":1015,"w":173,"h":44}},{"filename":"wood-panel","rotated":false,"trimmed":false,"sourceSize":{"w":151,"h":28},"spriteSourceSize":{"x":0,"y":0,"w":151,"h":28},"frame":{"x":800,"y":1062,"w":151,"h":28}},{"filename":"daily-challenge/title-panel","rotated":false,"trimmed":false,"sourceSize":{"w":141,"h":35},"spriteSourceSize":{"x":0,"y":0,"w":141,"h":35},"frame":{"x":800,"y":1093,"w":141,"h":35}},{"filename":"texts/lose","rotated":false,"trimmed":false,"sourceSize":{"w":179,"h":22},"spriteSourceSize":{"x":0,"y":0,"w":179,"h":22},"frame":{"x":800,"y":1131,"w":179,"h":22}},{"filename":"bg-combo","rotated":false,"trimmed":true,"sourceSize":{"w":106,"h":44},"spriteSourceSize":{"x":0,"y":4,"w":106,"h":40},"frame":{"x":872,"y":1156,"w":106,"h":40}},{"filename":"ui-ngang/khung-mission","rotated":false,"trimmed":false,"sourceSize":{"w":48,"h":232},"spriteSourceSize":{"x":0,"y":0,"w":48,"h":232},"frame":{"x":953,"y":428,"w":48,"h":232}},{"filename":"daily-challenge/time-panel","rotated":false,"trimmed":false,"sourceSize":{"w":85,"h":24},"spriteSourceSize":{"x":0,"y":0,"w":85,"h":24},"frame":{"x":933,"y":380,"w":85,"h":24}},{"filename":"buttons/toggle-off","rotated":false,"trimmed":false,"sourceSize":{"w":89,"h":31},"spriteSourceSize":{"x":0,"y":0,"w":89,"h":31},"frame":{"x":980,"y":346,"w":89,"h":31}},{"filename":"buttons/dark-blue-big","rotated":false,"trimmed":false,"sourceSize":{"w":120,"h":55},"spriteSourceSize":{"x":0,"y":0,"w":120,"h":55},"frame":{"x":1081,"y":340,"w":120,"h":55}},{"filename":"bg-streak","rotated":false,"trimmed":true,"sourceSize":{"w":106,"h":44},"spriteSourceSize":{"x":0,"y":4,"w":106,"h":40},"frame":{"x":365,"y":901,"w":106,"h":40}},{"filename":"texts/refill-lives","rotated":false,"trimmed":false,"sourceSize":{"w":161,"h":15},"spriteSourceSize":{"x":0,"y":0,"w":161,"h":15},"frame":{"x":1021,"y":398,"w":161,"h":15}},{"filename":"texts/keep-playing","rotated":false,"trimmed":false,"sourceSize":{"w":189,"h":19},"spriteSourceSize":{"x":0,"y":0,"w":189,"h":19},"frame":{"x":1004,"y":416,"w":189,"h":19}},{"filename":"texts/text-next-level","rotated":false,"trimmed":false,"sourceSize":{"w":161,"h":13},"spriteSourceSize":{"x":0,"y":0,"w":161,"h":13},"frame":{"x":1004,"y":438,"w":161,"h":13}},{"filename":"buttons/dark-blue-small","rotated":false,"trimmed":false,"sourceSize":{"w":119,"h":54},"spriteSourceSize":{"x":0,"y":0,"w":119,"h":54},"frame":{"x":1004,"y":454,"w":119,"h":54}},{"filename":"buttons/green-big","rotated":false,"trimmed":false,"sourceSize":{"w":118,"h":54},"spriteSourceSize":{"x":0,"y":0,"w":118,"h":54},"frame":{"x":1004,"y":511,"w":118,"h":54}},{"filename":"ui-ngang/khung-best-score","rotated":false,"trimmed":false,"sourceSize":{"w":56,"h":85},"spriteSourceSize":{"x":0,"y":0,"w":56,"h":85},"frame":{"x":1004,"y":568,"w":56,"h":85}},{"filename":"best-score-frame","rotated":false,"trimmed":false,"sourceSize":{"w":56,"h":76},"spriteSourceSize":{"x":0,"y":0,"w":56,"h":76},"frame":{"x":1063,"y":568,"w":56,"h":76}},{"filename":"texts/start","rotated":false,"trimmed":false,"sourceSize":{"w":55,"h":15},"spriteSourceSize":{"x":0,"y":0,"w":55,"h":15},"frame":{"x":1021,"y":380,"w":55,"h":15}},{"filename":"avatar/background","rotated":false,"trimmed":false,"sourceSize":{"w":53,"h":54},"spriteSourceSize":{"x":0,"y":0,"w":53,"h":54},"frame":{"x":923,"y":821,"w":53,"h":54}},{"filename":"avatar/border-challenge","rotated":false,"trimmed":false,"sourceSize":{"w":60,"h":59},"spriteSourceSize":{"x":0,"y":0,"w":60,"h":59},"frame":{"x":1126,"y":454,"w":60,"h":59}},{"filename":"buttons/minor","rotated":false,"trimmed":false,"sourceSize":{"w":62,"h":53},"spriteSourceSize":{"x":0,"y":0,"w":62,"h":53},"frame":{"x":1125,"y":516,"w":62,"h":53}},{"filename":"avatar/border","rotated":false,"trimmed":true,"sourceSize":{"w":69,"h":72},"spriteSourceSize":{"x":0,"y":1,"w":69,"h":71},"frame":{"x":1122,"y":572,"w":69,"h":71}},{"filename":"icons/crown-big","rotated":false,"trimmed":false,"sourceSize":{"w":37,"h":35},"spriteSourceSize":{"x":0,"y":0,"w":37,"h":35},"frame":{"x":944,"y":1093,"w":37,"h":35}},{"filename":"icons/rank","rotated":false,"trimmed":false,"sourceSize":{"w":26,"h":25},"spriteSourceSize":{"x":0,"y":0,"w":26,"h":25},"frame":{"x":687,"y":576,"w":26,"h":25}},{"filename":"texts/mission","rotated":false,"trimmed":false,"sourceSize":{"w":55,"h":23},"spriteSourceSize":{"x":0,"y":0,"w":55,"h":23},"frame":{"x":656,"y":1156,"w":55,"h":23}},{"filename":"icon-journey","rotated":false,"trimmed":false,"sourceSize":{"w":75,"h":61},"spriteSourceSize":{"x":0,"y":0,"w":75,"h":61},"frame":{"x":1122,"y":646,"w":75,"h":61}},{"filename":"buttons/play","rotated":false,"trimmed":false,"sourceSize":{"w":56,"h":43},"spriteSourceSize":{"x":0,"y":0,"w":56,"h":43},"frame":{"x":1063,"y":647,"w":56,"h":43}},{"filename":"buttons/random","rotated":false,"trimmed":false,"sourceSize":{"w":56,"h":43},"spriteSourceSize":{"x":0,"y":0,"w":56,"h":43},"frame":{"x":1004,"y":656,"w":56,"h":43}},{"filename":"texts/friends-disable","rotated":false,"trimmed":false,"sourceSize":{"w":56,"h":14},"spriteSourceSize":{"x":0,"y":0,"w":56,"h":14},"frame":{"x":1063,"y":693,"w":56,"h":14}},{"filename":"popup/bottom","rotated":false,"trimmed":false,"sourceSize":{"w":216,"h":14},"spriteSourceSize":{"x":0,"y":0,"w":216,"h":14},"frame":{"x":965,"y":710,"w":216,"h":14}},{"filename":"texts/setting","rotated":false,"trimmed":false,"sourceSize":{"w":154,"h":19},"spriteSourceSize":{"x":0,"y":0,"w":154,"h":19},"frame":{"x":967,"y":727,"w":154,"h":19}},{"filename":"texts/play-with","rotated":false,"trimmed":false,"sourceSize":{"w":146,"h":17},"spriteSourceSize":{"x":0,"y":0,"w":146,"h":17},"frame":{"x":967,"y":749,"w":146,"h":17}},{"filename":"texts/text-journey","rotated":false,"trimmed":false,"sourceSize":{"w":145,"h":18},"spriteSourceSize":{"x":0,"y":0,"w":145,"h":18},"frame":{"x":949,"y":769,"w":145,"h":18}},{"filename":"texts/your-score","rotated":false,"trimmed":false,"sourceSize":{"w":136,"h":19},"spriteSourceSize":{"x":0,"y":0,"w":136,"h":19},"frame":{"x":949,"y":790,"w":136,"h":19}},{"filename":"ui-ngang/khung-score","rotated":false,"trimmed":false,"sourceSize":{"w":87,"h":50},"spriteSourceSize":{"x":0,"y":0,"w":87,"h":50},"frame":{"x":979,"y":812,"w":87,"h":50}},{"filename":"buttons/toggle-on","rotated":false,"trimmed":false,"sourceSize":{"w":89,"h":31},"spriteSourceSize":{"x":0,"y":0,"w":89,"h":31},"frame":{"x":979,"y":865,"w":89,"h":31}},{"filename":"leaderboards/bg-item-0","rotated":false,"trimmed":false,"sourceSize":{"w":116,"h":23},"spriteSourceSize":{"x":0,"y":0,"w":116,"h":23},"frame":{"x":963,"y":899,"w":116,"h":23}},{"filename":"leaderboards/bg-item-1","rotated":false,"trimmed":false,"sourceSize":{"w":116,"h":23},"spriteSourceSize":{"x":0,"y":0,"w":116,"h":23},"frame":{"x":963,"y":925,"w":116,"h":23}},{"filename":"texts/replay","rotated":false,"trimmed":false,"sourceSize":{"w":119,"h":16},"spriteSourceSize":{"x":0,"y":0,"w":119,"h":16},"frame":{"x":963,"y":951,"w":119,"h":16}},{"filename":"texts/no-thank","rotated":false,"trimmed":false,"sourceSize":{"w":128,"h":13},"spriteSourceSize":{"x":0,"y":0,"w":128,"h":13},"frame":{"x":953,"y":970,"w":128,"h":13}},{"filename":"texts/start-over","rotated":false,"trimmed":false,"sourceSize":{"w":124,"h":15},"spriteSourceSize":{"x":0,"y":0,"w":124,"h":15},"frame":{"x":953,"y":986,"w":124,"h":15}},{"filename":"texts/text-tutorial","rotated":false,"trimmed":false,"sourceSize":{"w":114,"h":19},"spriteSourceSize":{"x":0,"y":0,"w":114,"h":19},"frame":{"x":954,"y":1004,"w":114,"h":19}},{"filename":"texts/collect","rotated":false,"trimmed":false,"sourceSize":{"w":115,"h":14},"spriteSourceSize":{"x":0,"y":0,"w":115,"h":14},"frame":{"x":954,"y":1026,"w":115,"h":14}},{"filename":"bg/level-playing","rotated":false,"trimmed":false,"sourceSize":{"w":57,"h":47},"spriteSourceSize":{"x":0,"y":0,"w":57,"h":47},"frame":{"x":954,"y":1043,"w":57,"h":47}},{"filename":"blank","rotated":false,"trimmed":false,"sourceSize":{"w":50,"h":50},"spriteSourceSize":{"x":0,"y":0,"w":50,"h":50},"frame":{"x":1014,"y":1043,"w":50,"h":50}},{"filename":"texts/yes","rotated":false,"trimmed":false,"sourceSize":{"w":28,"h":18},"spriteSourceSize":{"x":0,"y":0,"w":28,"h":18},"frame":{"x":948,"y":878,"w":28,"h":18}},{"filename":"buttons/skip","rotated":false,"trimmed":false,"sourceSize":{"w":60,"h":36},"spriteSourceSize":{"x":0,"y":0,"w":60,"h":36},"frame":{"x":1124,"y":727,"w":60,"h":36}},{"filename":"score-panel-dark","rotated":false,"trimmed":false,"sourceSize":{"w":94,"h":26},"spriteSourceSize":{"x":0,"y":0,"w":94,"h":26},"frame":{"x":984,"y":1096,"w":94,"h":26}},{"filename":"texts/congratulations","rotated":false,"trimmed":false,"sourceSize":{"w":107,"h":19},"spriteSourceSize":{"x":0,"y":0,"w":107,"h":19},"frame":{"x":984,"y":1125,"w":107,"h":19}},{"filename":"texts/text-ranking","rotated":false,"trimmed":false,"sourceSize":{"w":106,"h":12},"spriteSourceSize":{"x":0,"y":0,"w":106,"h":12},"frame":{"x":982,"y":1147,"w":106,"h":12}},{"filename":"buttons/challenge_light","rotated":false,"trimmed":false,"sourceSize":{"w":54,"h":40},"spriteSourceSize":{"x":0,"y":0,"w":54,"h":40},"frame":{"x":981,"y":1162,"w":54,"h":40}},{"filename":"buttons/share","rotated":false,"trimmed":false,"sourceSize":{"w":54,"h":40},"spriteSourceSize":{"x":0,"y":0,"w":54,"h":40},"frame":{"x":1038,"y":1162,"w":54,"h":40}},{"filename":"texts/world-disable","rotated":false,"trimmed":false,"sourceSize":{"w":50,"h":14},"spriteSourceSize":{"x":0,"y":0,"w":50,"h":14},"frame":{"x":951,"y":663,"w":50,"h":14}},{"filename":"icons/sound","rotated":false,"trimmed":false,"sourceSize":{"w":31,"h":27},"spriteSourceSize":{"x":0,"y":0,"w":31,"h":27},"frame":{"x":953,"y":680,"w":31,"h":27}},{"filename":"texts/play-with-blue","rotated":false,"trimmed":false,"sourceSize":{"w":58,"h":9},"spriteSourceSize":{"x":0,"y":0,"w":58,"h":9},"frame":{"x":2,"y":1192,"w":58,"h":9}},{"filename":"texts/text-share","rotated":false,"trimmed":false,"sourceSize":{"w":73,"h":14},"spriteSourceSize":{"x":0,"y":0,"w":73,"h":14},"frame":{"x":1116,"y":766,"w":73,"h":14}},{"filename":"texts/text-retry","rotated":false,"trimmed":false,"sourceSize":{"w":105,"h":14},"spriteSourceSize":{"x":0,"y":0,"w":105,"h":14},"frame":{"x":1097,"y":783,"w":105,"h":14}},{"filename":"texts/continue","rotated":false,"trimmed":false,"sourceSize":{"w":101,"h":15},"spriteSourceSize":{"x":0,"y":0,"w":101,"h":15},"frame":{"x":1088,"y":800,"w":101,"h":15}},{"filename":"texts/target-score","rotated":false,"trimmed":false,"sourceSize":{"w":100,"h":17},"spriteSourceSize":{"x":0,"y":0,"w":100,"h":17},"frame":{"x":1069,"y":818,"w":100,"h":17}},{"filename":"texts/level-failed","rotated":false,"trimmed":false,"sourceSize":{"w":96,"h":17},"spriteSourceSize":{"x":0,"y":0,"w":96,"h":17},"frame":{"x":1069,"y":838,"w":96,"h":17}},{"filename":"texts/draw","rotated":false,"trimmed":false,"sourceSize":{"w":65,"h":22},"spriteSourceSize":{"x":0,"y":0,"w":65,"h":22},"frame":{"x":1071,"y":858,"w":65,"h":22}},{"filename":"bg/level-locked","rotated":false,"trimmed":false,"sourceSize":{"w":51,"h":42},"spriteSourceSize":{"x":0,"y":0,"w":51,"h":42},"frame":{"x":1082,"y":883,"w":51,"h":42}},{"filename":"texts/result","rotated":false,"trimmed":false,"sourceSize":{"w":66,"h":19},"spriteSourceSize":{"x":0,"y":0,"w":66,"h":19},"frame":{"x":1082,"y":928,"w":66,"h":19}},{"filename":"texts/no","rotated":false,"trimmed":false,"sourceSize":{"w":65,"h":18},"spriteSourceSize":{"x":0,"y":0,"w":65,"h":18},"frame":{"x":1085,"y":950,"w":65,"h":18}},{"filename":"leaderboards/tab-off","rotated":false,"trimmed":false,"sourceSize":{"w":57,"h":18},"spriteSourceSize":{"x":0,"y":0,"w":57,"h":18},"frame":{"x":1084,"y":971,"w":57,"h":18}},{"filename":"leaderboards/tab-on","rotated":false,"trimmed":false,"sourceSize":{"w":57,"h":18},"spriteSourceSize":{"x":0,"y":0,"w":57,"h":18},"frame":{"x":1080,"y":992,"w":57,"h":18}},{"filename":"icons/plus","rotated":false,"trimmed":false,"sourceSize":{"w":21,"h":22},"spriteSourceSize":{"x":0,"y":0,"w":21,"h":22},"frame":{"x":1181,"y":82,"w":21,"h":22}},{"filename":"icons/setting","rotated":false,"trimmed":false,"sourceSize":{"w":21,"h":21},"spriteSourceSize":{"x":0,"y":0,"w":21,"h":21},"frame":{"x":1181,"y":107,"w":21,"h":21}},{"filename":"icons/white-journey","rotated":false,"trimmed":false,"sourceSize":{"w":21,"h":20},"spriteSourceSize":{"x":0,"y":0,"w":21,"h":20},"frame":{"x":1181,"y":131,"w":21,"h":20}},{"filename":"icons/dot","rotated":false,"trimmed":false,"sourceSize":{"w":34,"h":35},"spriteSourceSize":{"x":0,"y":0,"w":34,"h":35},"frame":{"x":1168,"y":838,"w":34,"h":35}},{"filename":"text-target-panel","rotated":false,"trimmed":false,"sourceSize":{"w":49,"h":23},"spriteSourceSize":{"x":0,"y":0,"w":49,"h":23},"frame":{"x":1153,"y":876,"w":49,"h":23}},{"filename":"bg/level-played","rotated":false,"trimmed":false,"sourceSize":{"w":50,"h":41},"spriteSourceSize":{"x":0,"y":0,"w":50,"h":41},"frame":{"x":1151,"y":902,"w":50,"h":41}},{"filename":"icons/icon-journey","rotated":false,"trimmed":false,"sourceSize":{"w":37,"h":31},"spriteSourceSize":{"x":0,"y":0,"w":37,"h":31},"frame":{"x":1153,"y":946,"w":37,"h":31}},{"filename":"texts/friends","rotated":false,"trimmed":false,"sourceSize":{"w":56,"h":14},"spriteSourceSize":{"x":0,"y":0,"w":56,"h":14},"frame":{"x":1081,"y":1013,"w":56,"h":14}},{"filename":"texts/play","rotated":false,"trimmed":false,"sourceSize":{"w":52,"h":18},"spriteSourceSize":{"x":0,"y":0,"w":52,"h":18},"frame":{"x":1072,"y":1030,"w":52,"h":18}},{"filename":"buttons/close","rotated":false,"trimmed":false,"sourceSize":{"w":36,"h":36},"spriteSourceSize":{"x":0,"y":0,"w":36,"h":36},"frame":{"x":1067,"y":1051,"w":36,"h":36}},{"filename":"icons/vibrate","rotated":false,"trimmed":false,"sourceSize":{"w":31,"h":37},"spriteSourceSize":{"x":0,"y":0,"w":31,"h":37},"frame":{"x":1106,"y":1051,"w":31,"h":37}},{"filename":"texts/world","rotated":false,"trimmed":false,"sourceSize":{"w":50,"h":14},"spriteSourceSize":{"x":0,"y":0,"w":50,"h":14},"frame":{"x":1144,"y":980,"w":50,"h":14}},{"filename":"icons/icon-daily","rotated":false,"trimmed":false,"sourceSize":{"w":34,"h":34},"spriteSourceSize":{"x":0,"y":0,"w":34,"h":34},"frame":{"x":1140,"y":997,"w":34,"h":34}},{"filename":"icons/retry","rotated":false,"trimmed":false,"sourceSize":{"w":25,"h":27},"spriteSourceSize":{"x":0,"y":0,"w":25,"h":27},"frame":{"x":1177,"y":997,"w":25,"h":27}},{"filename":"texts/on","rotated":false,"trimmed":false,"sourceSize":{"w":38,"h":14},"spriteSourceSize":{"x":0,"y":0,"w":38,"h":14},"frame":{"x":1127,"y":1034,"w":38,"h":14}},{"filename":"icons/music","rotated":false,"trimmed":false,"sourceSize":{"w":28,"h":31},"spriteSourceSize":{"x":0,"y":0,"w":28,"h":31},"frame":{"x":1140,"y":1051,"w":28,"h":31}},{"filename":"icons/back","rotated":false,"trimmed":false,"sourceSize":{"w":25,"h":19},"spriteSourceSize":{"x":0,"y":0,"w":25,"h":19},"frame":{"x":1177,"y":1027,"w":25,"h":19}},{"filename":"ui-ngang/text-mission","rotated":false,"trimmed":false,"sourceSize":{"w":31,"h":18},"spriteSourceSize":{"x":0,"y":0,"w":31,"h":18},"frame":{"x":1171,"y":1049,"w":31,"h":18}},{"filename":"icons/replay","rotated":false,"trimmed":false,"sourceSize":{"w":20,"h":24},"spriteSourceSize":{"x":0,"y":0,"w":20,"h":24},"frame":{"x":1181,"y":154,"w":20,"h":24}},{"filename":"icons/sword-blue","rotated":false,"trimmed":false,"sourceSize":{"w":18,"h":16},"spriteSourceSize":{"x":0,"y":0,"w":18,"h":16},"frame":{"x":1181,"y":181,"w":18,"h":16}},{"filename":"buttons/circle-button","rotated":false,"trimmed":false,"sourceSize":{"w":28,"h":28},"spriteSourceSize":{"x":0,"y":0,"w":28,"h":28},"frame":{"x":1171,"y":1070,"w":28,"h":28}},{"filename":"buttons/dot-blue","rotated":false,"trimmed":false,"sourceSize":{"w":28,"h":27},"spriteSourceSize":{"x":0,"y":0,"w":28,"h":27},"frame":{"x":1140,"y":1085,"w":28,"h":27}},{"filename":"buttons/dot-green","rotated":false,"trimmed":false,"sourceSize":{"w":28,"h":27},"spriteSourceSize":{"x":0,"y":0,"w":28,"h":27},"frame":{"x":1171,"y":1101,"w":28,"h":27}},{"filename":"icons/battle","rotated":false,"trimmed":false,"sourceSize":{"w":22,"h":21},"spriteSourceSize":{"x":0,"y":0,"w":22,"h":21},"frame":{"x":1081,"y":1090,"w":22,"h":21}},{"filename":"icons/play-green","rotated":false,"trimmed":false,"sourceSize":{"w":24,"h":24},"spriteSourceSize":{"x":0,"y":0,"w":24,"h":24},"frame":{"x":1106,"y":1091,"w":24,"h":24}},{"filename":"texts/vs","rotated":false,"trimmed":false,"sourceSize":{"w":24,"h":14},"spriteSourceSize":{"x":0,"y":0,"w":24,"h":14},"frame":{"x":1139,"y":858,"w":24,"h":14}},{"filename":"texts/off","rotated":false,"trimmed":false,"sourceSize":{"w":27,"h":12},"spriteSourceSize":{"x":0,"y":0,"w":27,"h":12},"frame":{"x":1168,"y":438,"w":27,"h":12}},{"filename":"icons/share","rotated":false,"trimmed":false,"sourceSize":{"w":18,"h":24},"spriteSourceSize":{"x":0,"y":0,"w":18,"h":24},"frame":{"x":442,"y":824,"w":18,"h":24}},{"filename":"icons/play","rotated":false,"trimmed":false,"sourceSize":{"w":24,"h":24},"spriteSourceSize":{"x":0,"y":0,"w":24,"h":24},"frame":{"x":442,"y":851,"w":24,"h":24}},{"filename":"icons/i-play","rotated":false,"trimmed":false,"sourceSize":{"w":16,"h":20},"spriteSourceSize":{"x":0,"y":0,"w":16,"h":20},"frame":{"x":442,"y":878,"w":16,"h":20}},{"filename":"icons/crown","rotated":false,"trimmed":false,"sourceSize":{"w":16,"h":14},"spriteSourceSize":{"x":0,"y":0,"w":16,"h":14},"frame":{"x":461,"y":878,"w":16,"h":14}},{"filename":"ui-ngang/text-score","rotated":false,"trimmed":false,"sourceSize":{"w":37,"h":18},"spriteSourceSize":{"x":0,"y":0,"w":37,"h":18},"frame":{"x":1094,"y":1118,"w":37,"h":18}},{"filename":"icons/home","rotated":false,"trimmed":false,"sourceSize":{"w":24,"h":22},"spriteSourceSize":{"x":0,"y":0,"w":24,"h":22},"frame":{"x":1134,"y":1115,"w":24,"h":22}},{"filename":"icons/sword","rotated":false,"trimmed":false,"sourceSize":{"w":23,"h":19},"spriteSourceSize":{"x":0,"y":0,"w":23,"h":19},"frame":{"x":1094,"y":1139,"w":23,"h":19}},{"filename":"icons/flat-ad","rotated":false,"trimmed":false,"sourceSize":{"w":24,"h":21},"spriteSourceSize":{"x":0,"y":0,"w":24,"h":21},"frame":{"x":1095,"y":1161,"w":24,"h":21}},{"filename":"icons/check","rotated":false,"trimmed":false,"sourceSize":{"w":22,"h":18},"spriteSourceSize":{"x":0,"y":0,"w":22,"h":18},"frame":{"x":1120,"y":1140,"w":22,"h":18}},{"filename":"icons/brown-journey","rotated":false,"trimmed":false,"sourceSize":{"w":23,"h":21},"spriteSourceSize":{"x":0,"y":0,"w":23,"h":21},"frame":{"x":1122,"y":1161,"w":23,"h":21}},{"filename":"icons/clock","rotated":false,"trimmed":false,"sourceSize":{"w":17,"h":18},"spriteSourceSize":{"x":0,"y":0,"w":17,"h":18},"frame":{"x":1145,"y":1140,"w":17,"h":18}},{"filename":"icons/share-blue","rotated":false,"trimmed":false,"sourceSize":{"w":16,"h":22},"spriteSourceSize":{"x":0,"y":0,"w":16,"h":22},"frame":{"x":1148,"y":1161,"w":16,"h":22}},{"filename":"icons/cup-bronze","rotated":false,"trimmed":false,"sourceSize":{"w":22,"h":18},"spriteSourceSize":{"x":0,"y":0,"w":22,"h":18},"frame":{"x":1165,"y":1131,"w":22,"h":18}},{"filename":"icons/cup-gold","rotated":false,"trimmed":false,"sourceSize":{"w":22,"h":18},"spriteSourceSize":{"x":0,"y":0,"w":22,"h":18},"frame":{"x":1167,"y":1152,"w":22,"h":18}},{"filename":"icons/cup-silver","rotated":false,"trimmed":false,"sourceSize":{"w":22,"h":18},"spriteSourceSize":{"x":0,"y":0,"w":22,"h":18},"frame":{"x":1167,"y":1173,"w":22,"h":18}}]}],"meta":{"app":"https://www.codeandweb.com/texturepacker","version":"3.0","smartupdate":"$TexturePacker:SmartUpdate:abda5317fd700476a57adeacf0618927:b3951ea6331b3df10ad16b1fce37047b:3e7944c06d121c41a747bba57afe2e59$"}}