[1,0,0,[["cc.JsonAsset",["_name","json"],1]],[[0,0,1,3]],[[0,"level_001381-30",[{"layers":[{"index":0,"tiles":[{"x":1,"y":-8},{"x":10,"y":-8},{"x":2,"y":-7.5},{"x":3,"y":-7.5},{"x":4,"y":-7.5},{"x":5,"y":-7.5},{"x":6,"y":-7.5},{"x":7,"y":-7.5},{"x":8,"y":-7.5},{"x":9,"y":-7.5},{"x":1,"y":-7},{"x":10,"y":-7},{"x":2,"y":-6.5},{"x":3,"y":-6.5},{"x":4,"y":-6.5},{"x":5,"y":-6.5},{"x":6,"y":-6.5},{"x":7,"y":-6.5},{"x":8,"y":-6.5},{"x":9,"y":-6.5},{"x":2,"y":-5.5},{"x":3,"y":-5.5},{"x":4,"y":-5.5},{"x":5,"y":-5.5},{"x":6,"y":-5.5},{"x":7,"y":-5.5},{"x":8,"y":-5.5},{"x":9,"y":-5.5},{"x":2,"y":-4.5},{"x":3,"y":-4.5},{"x":4,"y":-4.5},{"x":7,"y":-4.5},{"x":8,"y":-4.5},{"x":9,"y":-4.5},{"x":2,"y":-3.5},{"x":3,"y":-3.5},{"x":4,"y":-3.5},{"x":5,"y":-3.5},{"x":6,"y":-3.5},{"x":7,"y":-3.5},{"x":8,"y":-3.5},{"x":9,"y":-3.5},{"x":2,"y":-2.5},{"x":3,"y":-2.5},{"x":4,"y":-2.5},{"x":5,"y":-2.5},{"x":6,"y":-2.5},{"x":7,"y":-2.5},{"x":8,"y":-2.5},{"x":9,"y":-2.5},{"x":1,"y":-2},{"x":10,"y":-2},{"x":2,"y":-1.5},{"x":3,"y":-1.5},{"x":4,"y":-1.5},{"x":5,"y":-1.5},{"x":6,"y":-1.5},{"x":7,"y":-1.5},{"x":8,"y":-1.5},{"x":9,"y":-1.5},{"x":1,"y":-1},{"x":10,"y":-1}]},{"index":1,"tiles":[{"x":1,"y":-8},{"x":10,"y":-8},{"x":2,"y":-7.5},{"x":3,"y":-7.5},{"x":4,"y":-7.5},{"x":5,"y":-7.5},{"x":6,"y":-7.5},{"x":7,"y":-7.5},{"x":8,"y":-7.5},{"x":9,"y":-7.5},{"x":2,"y":-6.5},{"x":3,"y":-6.5},{"x":4,"y":-6.5},{"x":5,"y":-6.5},{"x":6,"y":-6.5},{"x":7,"y":-6.5},{"x":8,"y":-6.5},{"x":9,"y":-6.5},{"x":2,"y":-5.5},{"x":3,"y":-5.5},{"x":4,"y":-5.5},{"x":5,"y":-5.5},{"x":6,"y":-5.5},{"x":7,"y":-5.5},{"x":8,"y":-5.5},{"x":9,"y":-5.5},{"x":2,"y":-4.5},{"x":3,"y":-4.5},{"x":4,"y":-4.5},{"x":7,"y":-4.5},{"x":8,"y":-4.5},{"x":9,"y":-4.5},{"x":2,"y":-3.5},{"x":3,"y":-3.5},{"x":4,"y":-3.5},{"x":5,"y":-3.5},{"x":6,"y":-3.5},{"x":7,"y":-3.5},{"x":8,"y":-3.5},{"x":9,"y":-3.5},{"x":2,"y":-2.5},{"x":3,"y":-2.5},{"x":4,"y":-2.5},{"x":5,"y":-2.5},{"x":6,"y":-2.5},{"x":7,"y":-2.5},{"x":8,"y":-2.5},{"x":9,"y":-2.5},{"x":2,"y":-1.5},{"x":3,"y":-1.5},{"x":4,"y":-1.5},{"x":5,"y":-1.5},{"x":6,"y":-1.5},{"x":7,"y":-1.5},{"x":8,"y":-1.5},{"x":9,"y":-1.5},{"x":1,"y":-1},{"x":10,"y":-1}]},{"index":2,"tiles":[{"x":3,"y":-7.5},{"x":8,"y":-7.5},{"x":3,"y":-6.5},{"x":4,"y":-6.5},{"x":7,"y":-6.5},{"x":8,"y":-6.5},{"x":4,"y":-5.5},{"x":5,"y":-5.5},{"x":6,"y":-5.5},{"x":7,"y":-5.5},{"x":4,"y":-4.5},{"x":7,"y":-4.5},{"x":4,"y":-3.5},{"x":5,"y":-3.5},{"x":6,"y":-3.5},{"x":7,"y":-3.5},{"x":3,"y":-2.5},{"x":4,"y":-2.5},{"x":7,"y":-2.5},{"x":8,"y":-2.5},{"x":3,"y":-1.5},{"x":8,"y":-1.5}]}],"seeds":["wTApkEiJw+ExVGiJSiZ2IFEoIUZo1cIhxhdSmBM0XgBe4QlyC2mFEFM5nOBURQR2JeeZXDEcnMd43Ddt4CKID5iqKBOCouVMSCZQYDUJlnSFWhcYoNgUg/SIzcd9XfctyRYqXfOBo0dERAIA"]},{"layers":[{"index":0,"tiles":[{"x":3.5,"y":-8},{"x":4.5,"y":-8},{"x":5.5,"y":-8},{"x":6.5,"y":-8},{"x":7.5,"y":-8},{"x":2.5,"y":-7.5},{"x":8.5,"y":-7.5},{"x":1.5,"y":-7},{"x":4.5,"y":-7},{"x":5.5,"y":-7},{"x":6.5,"y":-7},{"x":9.5,"y":-7},{"x":1.5,"y":-6},{"x":2.5,"y":-6},{"x":3.5,"y":-6},{"x":4.5,"y":-6},{"x":5.5,"y":-6},{"x":6.5,"y":-6},{"x":7.5,"y":-6},{"x":8.5,"y":-6},{"x":9.5,"y":-6},{"x":2,"y":-5},{"x":3,"y":-5},{"x":8,"y":-5},{"x":9,"y":-5},{"x":4,"y":-4.5},{"x":5.5,"y":-4.5},{"x":7,"y":-4.5},{"x":2,"y":-4},{"x":3,"y":-4},{"x":8,"y":-4},{"x":9,"y":-4},{"x":4,"y":-3.5},{"x":5.5,"y":-3.5},{"x":7,"y":-3.5},{"x":2,"y":-3},{"x":3,"y":-3},{"x":8,"y":-3},{"x":9,"y":-3},{"x":1.5,"y":-2},{"x":2.5,"y":-2},{"x":3.5,"y":-2},{"x":4.5,"y":-2},{"x":5.5,"y":-2},{"x":6.5,"y":-2},{"x":7.5,"y":-2},{"x":8.5,"y":-2},{"x":9.5,"y":-2},{"x":1.5,"y":-1},{"x":2.5,"y":-1},{"x":4.5,"y":-1},{"x":5.5,"y":-1},{"x":6.5,"y":-1},{"x":8.5,"y":-1},{"x":9.5,"y":-1}]},{"index":1,"tiles":[{"x":3.5,"y":-8},{"x":4.5,"y":-8},{"x":5.5,"y":-8},{"x":6.5,"y":-8},{"x":7.5,"y":-8},{"x":2.5,"y":-7.5},{"x":8.5,"y":-7.5},{"x":1.5,"y":-7},{"x":4.5,"y":-7},{"x":5.5,"y":-7},{"x":6.5,"y":-7},{"x":9.5,"y":-7},{"x":1.5,"y":-6},{"x":2.5,"y":-6},{"x":3.5,"y":-6},{"x":4.5,"y":-6},{"x":5.5,"y":-6},{"x":6.5,"y":-6},{"x":7.5,"y":-6},{"x":8.5,"y":-6},{"x":9.5,"y":-6},{"x":2,"y":-5},{"x":3,"y":-5},{"x":8,"y":-5},{"x":9,"y":-5},{"x":4,"y":-4.5},{"x":5.5,"y":-4.5},{"x":7,"y":-4.5},{"x":2,"y":-4},{"x":3,"y":-4},{"x":8,"y":-4},{"x":9,"y":-4},{"x":4,"y":-3.5},{"x":5.5,"y":-3.5},{"x":7,"y":-3.5},{"x":2,"y":-3},{"x":3,"y":-3},{"x":8,"y":-3},{"x":9,"y":-3},{"x":1.5,"y":-2},{"x":2.5,"y":-2},{"x":3.5,"y":-2},{"x":4.5,"y":-2},{"x":5.5,"y":-2},{"x":6.5,"y":-2},{"x":7.5,"y":-2},{"x":8.5,"y":-2},{"x":9.5,"y":-2},{"x":1.5,"y":-1},{"x":2.5,"y":-1},{"x":4.5,"y":-1},{"x":5.5,"y":-1},{"x":6.5,"y":-1},{"x":8.5,"y":-1},{"x":9.5,"y":-1}]}],"seeds":["DLigwiFKgyQygXc5SdY9nklhwaMEWtR9C/gpQmFN4UQeoiZUohdUhDo1gzhyn8NtoVWEYZgKxAZGCVdiEMh1CKRc4UQhhuJ1HciJIPcZJ9iAXQYA"]},{"layers":[{"index":0,"tiles":[{"x":5,"y":-8},{"x":6,"y":-8},{"x":4,"y":-7.5},{"x":7,"y":-7.5},{"x":5,"y":-7},{"x":6,"y":-7},{"x":1,"y":-6},{"x":2,"y":-6},{"x":3,"y":-6},{"x":5,"y":-6},{"x":6,"y":-6},{"x":8,"y":-6},{"x":9,"y":-6},{"x":10,"y":-6},{"x":1,"y":-5},{"x":5.5,"y":-5},{"x":10,"y":-5},{"x":2.5,"y":-4.5},{"x":8.5,"y":-4.5},{"x":1,"y":-4},{"x":5.5,"y":-4},{"x":10,"y":-4},{"x":1,"y":-3},{"x":2,"y":-3},{"x":3,"y":-3},{"x":5.5,"y":-3},{"x":8,"y":-3},{"x":9,"y":-3},{"x":10,"y":-3},{"x":4.5,"y":-2.5},{"x":6.5,"y":-2.5},{"x":1,"y":-1.5},{"x":2,"y":-1.5},{"x":3,"y":-1.5},{"x":4,"y":-1.5},{"x":5,"y":-1.5},{"x":6,"y":-1.5},{"x":7,"y":-1.5},{"x":8,"y":-1.5},{"x":9,"y":-1.5},{"x":10,"y":-1.5}]},{"index":1,"tiles":[{"x":5,"y":-8},{"x":6,"y":-8},{"x":4,"y":-7.5},{"x":7,"y":-7.5},{"x":5,"y":-7},{"x":6,"y":-7},{"x":1,"y":-6},{"x":2,"y":-6},{"x":3,"y":-6},{"x":5,"y":-6},{"x":6,"y":-6},{"x":8,"y":-6},{"x":9,"y":-6},{"x":10,"y":-6},{"x":1,"y":-5},{"x":5.5,"y":-5},{"x":10,"y":-5},{"x":2.5,"y":-4.5},{"x":8.5,"y":-4.5},{"x":1,"y":-4},{"x":5.5,"y":-4},{"x":10,"y":-4},{"x":1,"y":-3},{"x":2,"y":-3},{"x":3,"y":-3},{"x":5.5,"y":-3},{"x":8,"y":-3},{"x":9,"y":-3},{"x":10,"y":-3},{"x":4.5,"y":-2.5},{"x":6.5,"y":-2.5},{"x":1,"y":-1.5},{"x":2,"y":-1.5},{"x":3,"y":-1.5},{"x":4,"y":-1.5},{"x":5,"y":-1.5},{"x":6,"y":-1.5},{"x":7,"y":-1.5},{"x":8,"y":-1.5},{"x":9,"y":-1.5},{"x":10,"y":-1.5}]},{"index":2,"tiles":[{"x":5,"y":-8},{"x":6,"y":-8},{"x":4,"y":-7.5},{"x":7,"y":-7.5},{"x":5,"y":-7},{"x":6,"y":-7},{"x":1,"y":-6},{"x":2,"y":-6},{"x":3,"y":-6},{"x":5,"y":-6},{"x":6,"y":-6},{"x":1,"y":-5},{"x":5.5,"y":-5},{"x":2.5,"y":-4.5},{"x":8.5,"y":-4.5},{"x":1,"y":-4},{"x":5.5,"y":-4},{"x":10,"y":-4},{"x":1,"y":-3},{"x":2,"y":-3},{"x":3,"y":-3},{"x":5.5,"y":-3},{"x":8,"y":-3},{"x":9,"y":-3},{"x":10,"y":-3},{"x":4.5,"y":-2.5},{"x":6.5,"y":-2.5},{"x":1,"y":-1.5},{"x":2,"y":-1.5},{"x":3,"y":-1.5},{"x":4,"y":-1.5},{"x":5,"y":-1.5},{"x":6,"y":-1.5},{"x":7,"y":-1.5},{"x":8,"y":-1.5},{"x":9,"y":-1.5},{"x":10,"y":-1.5}]},{"index":3,"tiles":[{"x":5.5,"y":-7.5}]}],"seeds":["BRiAYrIoopJ0m+JRINVBoZMVUidy3OSAVBdaRqBEmTcyJ2GBRMiJF7p10yI+4HEIEbWkYaN93Gdg3rRUXihOgoAhAhNCYFCpVzAg34MgXPh5jQSWXKgNZkd6"]},{"layers":[{"index":0,"tiles":[{"x":2,"y":-7.5},{"x":4,"y":-7.5},{"x":5.5,"y":-7.5},{"x":7,"y":-7.5},{"x":9,"y":-7.5},{"x":1,"y":-6.5},{"x":2,"y":-6.5},{"x":3,"y":-6.5},{"x":4,"y":-6.5},{"x":5.5,"y":-6.5},{"x":7,"y":-6.5},{"x":8,"y":-6.5},{"x":9,"y":-6.5},{"x":10,"y":-6.5},{"x":1,"y":-5.5},{"x":2,"y":-5.5},{"x":3,"y":-5.5},{"x":4,"y":-5.5},{"x":5.5,"y":-5.5},{"x":7,"y":-5.5},{"x":8,"y":-5.5},{"x":9,"y":-5.5},{"x":10,"y":-5.5},{"x":1,"y":-3.5},{"x":2,"y":-3.5},{"x":3,"y":-3.5},{"x":4,"y":-3.5},{"x":5.5,"y":-3.5},{"x":7,"y":-3.5},{"x":8,"y":-3.5},{"x":9,"y":-3.5},{"x":10,"y":-3.5},{"x":1,"y":-2.5},{"x":2,"y":-2.5},{"x":3,"y":-2.5},{"x":4,"y":-2.5},{"x":5.5,"y":-2.5},{"x":7,"y":-2.5},{"x":8,"y":-2.5},{"x":9,"y":-2.5},{"x":10,"y":-2.5},{"x":2,"y":-1.5},{"x":4,"y":-1.5},{"x":5.5,"y":-1.5},{"x":7,"y":-1.5},{"x":9,"y":-1.5}]},{"index":1,"tiles":[{"x":2,"y":-7.5},{"x":4,"y":-7.5},{"x":5.5,"y":-7.5},{"x":7,"y":-7.5},{"x":9,"y":-7.5},{"x":1,"y":-6.5},{"x":2,"y":-6.5},{"x":3,"y":-6.5},{"x":4,"y":-6.5},{"x":5.5,"y":-6.5},{"x":7,"y":-6.5},{"x":8,"y":-6.5},{"x":9,"y":-6.5},{"x":10,"y":-6.5},{"x":1,"y":-5.5},{"x":2,"y":-5.5},{"x":3,"y":-5.5},{"x":4,"y":-5.5},{"x":5.5,"y":-5.5},{"x":7,"y":-5.5},{"x":8,"y":-5.5},{"x":9,"y":-5.5},{"x":10,"y":-5.5},{"x":1,"y":-3.5},{"x":2,"y":-3.5},{"x":3,"y":-3.5},{"x":4,"y":-3.5},{"x":5.5,"y":-3.5},{"x":7,"y":-3.5},{"x":8,"y":-3.5},{"x":9,"y":-3.5},{"x":10,"y":-3.5},{"x":1,"y":-2.5},{"x":2,"y":-2.5},{"x":3,"y":-2.5},{"x":4,"y":-2.5},{"x":5.5,"y":-2.5},{"x":7,"y":-2.5},{"x":8,"y":-2.5},{"x":9,"y":-2.5},{"x":10,"y":-2.5},{"x":2,"y":-1.5},{"x":4,"y":-1.5},{"x":5.5,"y":-1.5},{"x":7,"y":-1.5},{"x":9,"y":-1.5}]},{"index":2,"tiles":[{"x":2,"y":-7.5},{"x":4,"y":-7.5},{"x":5.5,"y":-7.5},{"x":7,"y":-7.5},{"x":9,"y":-7.5},{"x":1,"y":-6.5},{"x":2,"y":-6.5},{"x":3,"y":-6.5},{"x":4,"y":-6.5},{"x":5.5,"y":-6.5},{"x":7,"y":-6.5},{"x":8,"y":-6.5},{"x":9,"y":-6.5},{"x":10,"y":-6.5},{"x":1,"y":-5.5},{"x":2,"y":-5.5},{"x":3,"y":-5.5},{"x":4,"y":-5.5},{"x":5.5,"y":-5.5},{"x":7,"y":-5.5},{"x":8,"y":-5.5},{"x":9,"y":-5.5},{"x":10,"y":-5.5},{"x":1,"y":-3.5},{"x":2,"y":-3.5},{"x":3,"y":-3.5},{"x":4,"y":-3.5},{"x":5.5,"y":-3.5},{"x":7,"y":-3.5},{"x":8,"y":-3.5},{"x":9,"y":-3.5},{"x":10,"y":-3.5},{"x":1,"y":-2.5},{"x":2,"y":-2.5},{"x":3,"y":-2.5},{"x":4,"y":-2.5},{"x":5.5,"y":-2.5},{"x":7,"y":-2.5},{"x":8,"y":-2.5},{"x":9,"y":-2.5},{"x":10,"y":-2.5},{"x":2,"y":-1.5},{"x":4,"y":-1.5},{"x":5.5,"y":-1.5},{"x":7,"y":-1.5},{"x":9,"y":-1.5}]}],"seeds":["RXiUKGhRYKJhokE1yhMxaXiEorcYmVkxXNiB1+CBoohIQuWNw8BForeEi6SFWfFYQtgoHCU8S4eEXRgQQgB+4OURHPNtQ1CEkwJxIacEXQh6wzlNZJGE4DeA6vJ8TAeF4jJtjoOBHQUA"]},{"layers":[{"index":0,"tiles":[{"x":4,"y":-8},{"x":7,"y":-8},{"x":5,"y":-7.5},{"x":6,"y":-7.5},{"x":5,"y":-6.5},{"x":6,"y":-6.5},{"x":1,"y":-6},{"x":2,"y":-6},{"x":9,"y":-6},{"x":10,"y":-6},{"x":3,"y":-5.5},{"x":4.5,"y":-5.5},{"x":5.5,"y":-5.5},{"x":6.5,"y":-5.5},{"x":8,"y":-5.5},{"x":1,"y":-4.5},{"x":2,"y":-4.5},{"x":3,"y":-4.5},{"x":4,"y":-4.5},{"x":7,"y":-4.5},{"x":8,"y":-4.5},{"x":9,"y":-4.5},{"x":10,"y":-4.5},{"x":3,"y":-3.5},{"x":4.5,"y":-3.5},{"x":5.5,"y":-3.5},{"x":6.5,"y":-3.5},{"x":8,"y":-3.5},{"x":1,"y":-3},{"x":2,"y":-3},{"x":9,"y":-3},{"x":10,"y":-3},{"x":5.5,"y":-2.5},{"x":4.5,"y":-2},{"x":6.5,"y":-2},{"x":5.5,"y":-1.5},{"x":4.5,"y":-1},{"x":6.5,"y":-1}]},{"index":1,"tiles":[{"x":4,"y":-8},{"x":7,"y":-8},{"x":5,"y":-7.5},{"x":6,"y":-7.5},{"x":5,"y":-6.5},{"x":6,"y":-6.5},{"x":1,"y":-6},{"x":2,"y":-6},{"x":9,"y":-6},{"x":10,"y":-6},{"x":3,"y":-5.5},{"x":4.5,"y":-5.5},{"x":5.5,"y":-5.5},{"x":6.5,"y":-5.5},{"x":8,"y":-5.5},{"x":1,"y":-4.5},{"x":2,"y":-4.5},{"x":3,"y":-4.5},{"x":4,"y":-4.5},{"x":7,"y":-4.5},{"x":8,"y":-4.5},{"x":9,"y":-4.5},{"x":10,"y":-4.5},{"x":3,"y":-3.5},{"x":4.5,"y":-3.5},{"x":5.5,"y":-3.5},{"x":6.5,"y":-3.5},{"x":8,"y":-3.5},{"x":1,"y":-3},{"x":2,"y":-3},{"x":9,"y":-3},{"x":10,"y":-3},{"x":5.5,"y":-2.5},{"x":4.5,"y":-2},{"x":6.5,"y":-2},{"x":5.5,"y":-1.5},{"x":4.5,"y":-1},{"x":6.5,"y":-1}]},{"index":2,"tiles":[{"x":4,"y":-8},{"x":7,"y":-8},{"x":5,"y":-7.5},{"x":6,"y":-7.5},{"x":5,"y":-6.5},{"x":6,"y":-6.5},{"x":1,"y":-6},{"x":2,"y":-6},{"x":9,"y":-6},{"x":10,"y":-6},{"x":3,"y":-5.5},{"x":4.5,"y":-5.5},{"x":5.5,"y":-5.5},{"x":6.5,"y":-5.5},{"x":8,"y":-5.5},{"x":1,"y":-4.5},{"x":2,"y":-4.5},{"x":3,"y":-4.5},{"x":4,"y":-4.5},{"x":7,"y":-4.5},{"x":8,"y":-4.5},{"x":9,"y":-4.5},{"x":10,"y":-4.5},{"x":3,"y":-3.5},{"x":4.5,"y":-3.5},{"x":5.5,"y":-3.5},{"x":6.5,"y":-3.5},{"x":8,"y":-3.5},{"x":1,"y":-3},{"x":2,"y":-3},{"x":9,"y":-3},{"x":10,"y":-3},{"x":5.5,"y":-2.5},{"x":4.5,"y":-2},{"x":6.5,"y":-2},{"x":5.5,"y":-1.5},{"x":4.5,"y":-1},{"x":6.5,"y":-1}]}],"seeds":["iSdJiiAkg8WFmCiB3OVFDFgSR+Zx3gheXjhkHzhxIHhqIkh9TcBgzgSBoSQ+iAZFiBJ2QaE+ThKCRneInRV+YgSKYkiF5FIMBtFUXbqAVYR+5pCIoAcA"]},{"layers":[{"index":0,"tiles":[{"x":2.5,"y":-8},{"x":8.5,"y":-8},{"x":3.5,"y":-7.5},{"x":4.5,"y":-7.5},{"x":6.5,"y":-7.5},{"x":7.5,"y":-7.5},{"x":2.5,"y":-7},{"x":5.5,"y":-7},{"x":8.5,"y":-7},{"x":3.5,"y":-6.5},{"x":4.5,"y":-6.5},{"x":6.5,"y":-6.5},{"x":7.5,"y":-6.5},{"x":2.5,"y":-6},{"x":5.5,"y":-6},{"x":8.5,"y":-6},{"x":3.5,"y":-5.5},{"x":4.5,"y":-5.5},{"x":6.5,"y":-5.5},{"x":7.5,"y":-5.5},{"x":1.5,"y":-5},{"x":9.5,"y":-5},{"x":3.5,"y":-4.5},{"x":4.5,"y":-4.5},{"x":6.5,"y":-4.5},{"x":7.5,"y":-4.5},{"x":1.5,"y":-4},{"x":9.5,"y":-4},{"x":3.5,"y":-3.5},{"x":4.5,"y":-3.5},{"x":6.5,"y":-3.5},{"x":7.5,"y":-3.5},{"x":2.5,"y":-3},{"x":8.5,"y":-3},{"x":3.5,"y":-2.5},{"x":4.5,"y":-2.5},{"x":6.5,"y":-2.5},{"x":7.5,"y":-2.5},{"x":2.5,"y":-2},{"x":8.5,"y":-2},{"x":3.5,"y":-1.5},{"x":4.5,"y":-1.5},{"x":6.5,"y":-1.5},{"x":7.5,"y":-1.5},{"x":2.5,"y":-1},{"x":8.5,"y":-1}]},{"index":1,"tiles":[{"x":2.5,"y":-8},{"x":8.5,"y":-8},{"x":3.5,"y":-7.5},{"x":4.5,"y":-7.5},{"x":6.5,"y":-7.5},{"x":7.5,"y":-7.5},{"x":2.5,"y":-7},{"x":5.5,"y":-7},{"x":8.5,"y":-7},{"x":3.5,"y":-6.5},{"x":4.5,"y":-6.5},{"x":6.5,"y":-6.5},{"x":7.5,"y":-6.5},{"x":2.5,"y":-6},{"x":5.5,"y":-6},{"x":8.5,"y":-6},{"x":3.5,"y":-5.5},{"x":4.5,"y":-5.5},{"x":6.5,"y":-5.5},{"x":7.5,"y":-5.5},{"x":1.5,"y":-5},{"x":9.5,"y":-5},{"x":3.5,"y":-4.5},{"x":4.5,"y":-4.5},{"x":6.5,"y":-4.5},{"x":7.5,"y":-4.5},{"x":1.5,"y":-4},{"x":9.5,"y":-4},{"x":3.5,"y":-3.5},{"x":4.5,"y":-3.5},{"x":6.5,"y":-3.5},{"x":7.5,"y":-3.5},{"x":2.5,"y":-3},{"x":8.5,"y":-3},{"x":3.5,"y":-2.5},{"x":4.5,"y":-2.5},{"x":6.5,"y":-2.5},{"x":7.5,"y":-2.5},{"x":2.5,"y":-2},{"x":8.5,"y":-2},{"x":3.5,"y":-1.5},{"x":4.5,"y":-1.5},{"x":6.5,"y":-1.5},{"x":7.5,"y":-1.5},{"x":2.5,"y":-1},{"x":8.5,"y":-1}]},{"index":2,"tiles":[{"x":5.5,"y":-7},{"x":5.5,"y":-6},{"x":3.5,"y":-5.5},{"x":4.5,"y":-5.5},{"x":6.5,"y":-5.5},{"x":7.5,"y":-5.5},{"x":3.5,"y":-4.5},{"x":4.5,"y":-4.5},{"x":6.5,"y":-4.5},{"x":7.5,"y":-4.5},{"x":3.5,"y":-3.5},{"x":4.5,"y":-3.5},{"x":6.5,"y":-3.5},{"x":7.5,"y":-3.5}]}],"seeds":["YWhMATh03PURHgOd0xUeySBWgdAgRlmF4JNuidl5irKJChYskhQFIsU9TaeJ3OQw3Xho30SFGLdEnFOAHkiKFkh4BZcpH5ihYWd9AtKJkAoA"]},{"layers":[{"index":0,"tiles":[{"x":5.5,"y":-8},{"x":4.5,"y":-7.5},{"x":6.5,"y":-7.5},{"x":5.5,"y":-7},{"x":2.5,"y":-6.5},{"x":4.5,"y":-6.5},{"x":6.5,"y":-6.5},{"x":8.5,"y":-6.5},{"x":1.5,"y":-6},{"x":3.5,"y":-6},{"x":5.5,"y":-6},{"x":7.5,"y":-6},{"x":9.5,"y":-6},{"x":2.5,"y":-5.5},{"x":4.5,"y":-5.5},{"x":6.5,"y":-5.5},{"x":8.5,"y":-5.5},{"x":1.5,"y":-5},{"x":3.5,"y":-5},{"x":5.5,"y":-5},{"x":7.5,"y":-5},{"x":9.5,"y":-5},{"x":2.5,"y":-4.5},{"x":4.5,"y":-4.5},{"x":6.5,"y":-4.5},{"x":8.5,"y":-4.5},{"x":1.5,"y":-4},{"x":3.5,"y":-4},{"x":5.5,"y":-4},{"x":7.5,"y":-4},{"x":9.5,"y":-4},{"x":2,"y":-3},{"x":5.5,"y":-3},{"x":9,"y":-3},{"x":3,"y":-2.5},{"x":8,"y":-2.5},{"x":4,"y":-2},{"x":5.5,"y":-2},{"x":7,"y":-2},{"x":4.5,"y":-1},{"x":6.5,"y":-1}]},{"index":1,"tiles":[{"x":5.5,"y":-8},{"x":4.5,"y":-7.5},{"x":6.5,"y":-7.5},{"x":5.5,"y":-7},{"x":2.5,"y":-6.5},{"x":4.5,"y":-6.5},{"x":6.5,"y":-6.5},{"x":8.5,"y":-6.5},{"x":1.5,"y":-6},{"x":3.5,"y":-6},{"x":5.5,"y":-6},{"x":7.5,"y":-6},{"x":9.5,"y":-6},{"x":2.5,"y":-5.5},{"x":4.5,"y":-5.5},{"x":6.5,"y":-5.5},{"x":8.5,"y":-5.5},{"x":1.5,"y":-5},{"x":3.5,"y":-5},{"x":5.5,"y":-5},{"x":7.5,"y":-5},{"x":9.5,"y":-5},{"x":2.5,"y":-4.5},{"x":4.5,"y":-4.5},{"x":6.5,"y":-4.5},{"x":8.5,"y":-4.5},{"x":1.5,"y":-4},{"x":3.5,"y":-4},{"x":5.5,"y":-4},{"x":7.5,"y":-4},{"x":9.5,"y":-4},{"x":2,"y":-3},{"x":5.5,"y":-3},{"x":9,"y":-3},{"x":3,"y":-2.5},{"x":8,"y":-2.5},{"x":4,"y":-2},{"x":5.5,"y":-2},{"x":7,"y":-2},{"x":4.5,"y":-1},{"x":6.5,"y":-1}]},{"index":2,"tiles":[{"x":5.5,"y":-8},{"x":4.5,"y":-7.5},{"x":6.5,"y":-7.5},{"x":5.5,"y":-7},{"x":2.5,"y":-6.5},{"x":4.5,"y":-6.5},{"x":6.5,"y":-6.5},{"x":8.5,"y":-6.5},{"x":1.5,"y":-6},{"x":3.5,"y":-6},{"x":5.5,"y":-6},{"x":7.5,"y":-6},{"x":9.5,"y":-6},{"x":2.5,"y":-5.5},{"x":4.5,"y":-5.5},{"x":6.5,"y":-5.5},{"x":8.5,"y":-5.5},{"x":1.5,"y":-5},{"x":3.5,"y":-5},{"x":5.5,"y":-5},{"x":7.5,"y":-5},{"x":9.5,"y":-5},{"x":2.5,"y":-4.5},{"x":4.5,"y":-4.5},{"x":6.5,"y":-4.5},{"x":8.5,"y":-4.5},{"x":1.5,"y":-4},{"x":3.5,"y":-4},{"x":5.5,"y":-4},{"x":7.5,"y":-4},{"x":9.5,"y":-4},{"x":2,"y":-3},{"x":5.5,"y":-3},{"x":9,"y":-3},{"x":3,"y":-2.5},{"x":8,"y":-2.5},{"x":4,"y":-2},{"x":5.5,"y":-2},{"x":7,"y":-2},{"x":4.5,"y":-1},{"x":6.5,"y":-1}]},{"index":3,"tiles":[{"x":5,"y":-6.5},{"x":6,"y":-6.5},{"x":5,"y":-5.5},{"x":6,"y":-5.5},{"x":4,"y":-5},{"x":7,"y":-5},{"x":5.5,"y":-4.5}]}],"seeds":["EXWEhbSBylVpJWgEVihy0eMoSfKBR/FNnsA9ijeC4iQ00hUsqnlBRhc2CEcgofeFHUOBy8WBGGOJHSh2GQpp3yBY3EAF3rBMgcU5yrBNXseFnQdS4kRWyzlxGASJRJiFQgoA"]},{"layers":[{"index":0,"tiles":[{"x":2.5,"y":-8},{"x":4,"y":-8},{"x":7,"y":-8},{"x":8.5,"y":-8},{"x":5,"y":-7.5},{"x":6,"y":-7.5},{"x":2.5,"y":-7},{"x":4,"y":-7},{"x":7,"y":-7},{"x":8.5,"y":-7},{"x":2,"y":-5.5},{"x":3,"y":-5.5},{"x":5,"y":-5.5},{"x":6,"y":-5.5},{"x":8,"y":-5.5},{"x":9,"y":-5.5},{"x":1,"y":-5},{"x":10,"y":-5},{"x":3,"y":-4.5},{"x":4.5,"y":-4.5},{"x":6.5,"y":-4.5},{"x":8,"y":-4.5},{"x":1,"y":-4},{"x":10,"y":-4},{"x":2,"y":-3.5},{"x":3,"y":-3.5},{"x":5,"y":-3.5},{"x":6,"y":-3.5},{"x":8,"y":-3.5},{"x":9,"y":-3.5},{"x":2.5,"y":-2},{"x":4,"y":-2},{"x":7,"y":-2},{"x":8.5,"y":-2},{"x":5,"y":-1.5},{"x":6,"y":-1.5},{"x":2.5,"y":-1},{"x":4,"y":-1},{"x":7,"y":-1},{"x":8.5,"y":-1}]},{"index":1,"tiles":[{"x":4,"y":-8},{"x":7,"y":-8},{"x":5,"y":-7.5},{"x":6,"y":-7.5},{"x":2.5,"y":-7},{"x":4,"y":-7},{"x":7,"y":-7},{"x":8.5,"y":-7},{"x":2,"y":-5.5},{"x":3,"y":-5.5},{"x":5,"y":-5.5},{"x":6,"y":-5.5},{"x":8,"y":-5.5},{"x":9,"y":-5.5},{"x":1,"y":-5},{"x":10,"y":-5},{"x":3,"y":-4.5},{"x":4.5,"y":-4.5},{"x":6.5,"y":-4.5},{"x":8,"y":-4.5},{"x":1,"y":-4},{"x":10,"y":-4},{"x":2,"y":-3.5},{"x":3,"y":-3.5},{"x":5,"y":-3.5},{"x":6,"y":-3.5},{"x":8,"y":-3.5},{"x":9,"y":-3.5},{"x":2.5,"y":-2},{"x":4,"y":-2},{"x":7,"y":-2},{"x":8.5,"y":-2},{"x":5,"y":-1.5},{"x":6,"y":-1.5},{"x":4,"y":-1},{"x":7,"y":-1}]},{"index":2,"tiles":[{"x":2,"y":-5.5},{"x":3,"y":-5.5},{"x":5,"y":-5.5},{"x":6,"y":-5.5},{"x":8,"y":-5.5},{"x":9,"y":-5.5},{"x":1,"y":-5},{"x":10,"y":-5},{"x":3,"y":-4.5},{"x":4.5,"y":-4.5},{"x":6.5,"y":-4.5},{"x":8,"y":-4.5},{"x":1,"y":-4},{"x":10,"y":-4},{"x":2,"y":-3.5},{"x":3,"y":-3.5},{"x":5,"y":-3.5},{"x":6,"y":-3.5},{"x":8,"y":-3.5},{"x":9,"y":-3.5}]}],"seeds":["IZKBivl95ABinthlXyN63ON0D2d4ErE0FvUlkbCFzgVJl3J2TCGGhxFiEBIsoEccFShwFBiCnBgkWhoNTLWFxchZ6oROGld2"]},{"layers":[{"index":0,"tiles":[{"x":5,"y":-8},{"x":6,"y":-8},{"x":4,"y":-7.5},{"x":7,"y":-7.5},{"x":1,"y":-7},{"x":3,"y":-7},{"x":5,"y":-7},{"x":6,"y":-7},{"x":8,"y":-7},{"x":10,"y":-7},{"x":5,"y":-6},{"x":6,"y":-6},{"x":1,"y":-5.5},{"x":3,"y":-5.5},{"x":8,"y":-5.5},{"x":10,"y":-5.5},{"x":5,"y":-4.5},{"x":6,"y":-4.5},{"x":1,"y":-4},{"x":2,"y":-4},{"x":3,"y":-4},{"x":4,"y":-4},{"x":7,"y":-4},{"x":8,"y":-4},{"x":9,"y":-4},{"x":10,"y":-4},{"x":5,"y":-3.5},{"x":6,"y":-3.5},{"x":1,"y":-2.5},{"x":3,"y":-2.5},{"x":8,"y":-2.5},{"x":10,"y":-2.5},{"x":5,"y":-2},{"x":6,"y":-2},{"x":1,"y":-1},{"x":3,"y":-1},{"x":5.5,"y":-1},{"x":8,"y":-1},{"x":10,"y":-1}]},{"index":1,"tiles":[{"x":5,"y":-8},{"x":6,"y":-8},{"x":4,"y":-7.5},{"x":7,"y":-7.5},{"x":1,"y":-7},{"x":3,"y":-7},{"x":5,"y":-7},{"x":6,"y":-7},{"x":8,"y":-7},{"x":10,"y":-7},{"x":5,"y":-6},{"x":6,"y":-6},{"x":1,"y":-5.5},{"x":3,"y":-5.5},{"x":8,"y":-5.5},{"x":10,"y":-5.5},{"x":5,"y":-4.5},{"x":6,"y":-4.5},{"x":1,"y":-4},{"x":2,"y":-4},{"x":3,"y":-4},{"x":4,"y":-4},{"x":7,"y":-4},{"x":8,"y":-4},{"x":9,"y":-4},{"x":10,"y":-4},{"x":5,"y":-3.5},{"x":6,"y":-3.5},{"x":1,"y":-2.5},{"x":3,"y":-2.5},{"x":8,"y":-2.5},{"x":10,"y":-2.5},{"x":5,"y":-2},{"x":6,"y":-2},{"x":1,"y":-1},{"x":3,"y":-1},{"x":5.5,"y":-1},{"x":8,"y":-1},{"x":10,"y":-1}]},{"index":2,"tiles":[{"x":5,"y":-8},{"x":6,"y":-8},{"x":4,"y":-7.5},{"x":7,"y":-7.5},{"x":1,"y":-7},{"x":3,"y":-7},{"x":5,"y":-7},{"x":6,"y":-7},{"x":8,"y":-7},{"x":10,"y":-7},{"x":5,"y":-6},{"x":6,"y":-6},{"x":1,"y":-5.5},{"x":3,"y":-5.5},{"x":8,"y":-5.5},{"x":10,"y":-5.5},{"x":5,"y":-4.5},{"x":6,"y":-4.5},{"x":1,"y":-4},{"x":2,"y":-4},{"x":3,"y":-4},{"x":4,"y":-4},{"x":7,"y":-4},{"x":8,"y":-4},{"x":9,"y":-4},{"x":10,"y":-4},{"x":5,"y":-3.5},{"x":6,"y":-3.5},{"x":1,"y":-2.5},{"x":3,"y":-2.5},{"x":8,"y":-2.5},{"x":10,"y":-2.5},{"x":5,"y":-2},{"x":6,"y":-2},{"x":1,"y":-1},{"x":3,"y":-1},{"x":5.5,"y":-1},{"x":8,"y":-1},{"x":10,"y":-1}]},{"index":3,"tiles":[{"x":5.5,"y":-4}]}],"seeds":["6kelmdRIIbeFYFdZ1SOKXhB0oHBCROdABjdFmuhdCNoVzpENYGF4JRh6H0VRV/KZ3jBxEQkqE7h1TQdiX6iNDIGETLhwlgIqwRIswnJwivhwGCiKguBNYAIA"]},{"layers":[{"index":0,"tiles":[{"x":5.5,"y":-8.5},{"x":4.5,"y":-7.5},{"x":5.5,"y":-7.5},{"x":6.5,"y":-7.5},{"x":3.5,"y":-7},{"x":7.5,"y":-7},{"x":2.5,"y":-6.5},{"x":8.5,"y":-6.5},{"x":2,"y":-5.5},{"x":3,"y":-5.5},{"x":4,"y":-5.5},{"x":5,"y":-5.5},{"x":6,"y":-5.5},{"x":7,"y":-5.5},{"x":8,"y":-5.5},{"x":9,"y":-5.5},{"x":1.5,"y":-4.5},{"x":2.5,"y":-4.5},{"x":8.5,"y":-4.5},{"x":9.5,"y":-4.5},{"x":2,"y":-3.5},{"x":3,"y":-3.5},{"x":4,"y":-3.5},{"x":5,"y":-3.5},{"x":6,"y":-3.5},{"x":7,"y":-3.5},{"x":8,"y":-3.5},{"x":9,"y":-3.5},{"x":2.5,"y":-2.5},{"x":3.5,"y":-2.5},{"x":7.5,"y":-2.5},{"x":8.5,"y":-2.5},{"x":3,"y":-1.5},{"x":4,"y":-1.5},{"x":5,"y":-1.5},{"x":6,"y":-1.5},{"x":7,"y":-1.5},{"x":8,"y":-1.5}]},{"index":1,"tiles":[{"x":5.5,"y":-8.5},{"x":4.5,"y":-7.5},{"x":5.5,"y":-7.5},{"x":6.5,"y":-7.5},{"x":3.5,"y":-7},{"x":7.5,"y":-7},{"x":2.5,"y":-6.5},{"x":8.5,"y":-6.5},{"x":2,"y":-5.5},{"x":3,"y":-5.5},{"x":4,"y":-5.5},{"x":5,"y":-5.5},{"x":6,"y":-5.5},{"x":7,"y":-5.5},{"x":8,"y":-5.5},{"x":9,"y":-5.5},{"x":1.5,"y":-4.5},{"x":2.5,"y":-4.5},{"x":8.5,"y":-4.5},{"x":9.5,"y":-4.5},{"x":2,"y":-3.5},{"x":3,"y":-3.5},{"x":4,"y":-3.5},{"x":5,"y":-3.5},{"x":6,"y":-3.5},{"x":7,"y":-3.5},{"x":8,"y":-3.5},{"x":9,"y":-3.5},{"x":2.5,"y":-2.5},{"x":3.5,"y":-2.5},{"x":7.5,"y":-2.5},{"x":8.5,"y":-2.5},{"x":3,"y":-1.5},{"x":4,"y":-1.5},{"x":5,"y":-1.5},{"x":6,"y":-1.5},{"x":7,"y":-1.5},{"x":8,"y":-1.5}]},{"index":2,"tiles":[{"x":5.5,"y":-8.5},{"x":4.5,"y":-7.5},{"x":5.5,"y":-7.5},{"x":6.5,"y":-7.5},{"x":3.5,"y":-7},{"x":7.5,"y":-7},{"x":2.5,"y":-6.5},{"x":8.5,"y":-6.5},{"x":2,"y":-5.5},{"x":3,"y":-5.5},{"x":4,"y":-5.5},{"x":5,"y":-5.5},{"x":6,"y":-5.5},{"x":7,"y":-5.5},{"x":8,"y":-5.5},{"x":9,"y":-5.5},{"x":1.5,"y":-4.5},{"x":2.5,"y":-4.5},{"x":8.5,"y":-4.5},{"x":9.5,"y":-4.5},{"x":2,"y":-3.5},{"x":3,"y":-3.5},{"x":4,"y":-3.5},{"x":5,"y":-3.5},{"x":6,"y":-3.5},{"x":7,"y":-3.5},{"x":8,"y":-3.5},{"x":9,"y":-3.5},{"x":2.5,"y":-2.5},{"x":3.5,"y":-2.5},{"x":7.5,"y":-2.5},{"x":8.5,"y":-2.5},{"x":3,"y":-1.5},{"x":4,"y":-1.5},{"x":5,"y":-1.5},{"x":6,"y":-1.5},{"x":7,"y":-1.5},{"x":8,"y":-1.5}]}],"seeds":["UCc4meglzcdNHWiMilKASzCVltU1nDZMxQMu53QIYSg4HCWmHSFdGhos3eN5JhRyASiSYhR+TIJEA8N5G6EoIIhV2CaC4SVSIAgeUhUK32JwaoBkXwcA"]},{"layers":[{"index":0,"tiles":[{"x":4.5,"y":-8},{"x":5.5,"y":-8},{"x":6.5,"y":-8},{"x":3.5,"y":-7.5},{"x":7.5,"y":-7.5},{"x":4.5,"y":-7},{"x":5.5,"y":-7},{"x":6.5,"y":-7},{"x":1.5,"y":-6},{"x":3.5,"y":-6},{"x":4.5,"y":-6},{"x":5.5,"y":-6},{"x":6.5,"y":-6},{"x":7.5,"y":-6},{"x":9.5,"y":-6},{"x":1.5,"y":-5},{"x":2.5,"y":-5},{"x":3.5,"y":-5},{"x":7.5,"y":-5},{"x":8.5,"y":-5},{"x":9.5,"y":-5},{"x":1.5,"y":-4},{"x":2.5,"y":-4},{"x":3.5,"y":-4},{"x":7.5,"y":-4},{"x":8.5,"y":-4},{"x":9.5,"y":-4},{"x":1.5,"y":-3},{"x":3.5,"y":-3},{"x":4.5,"y":-3},{"x":5.5,"y":-3},{"x":6.5,"y":-3},{"x":7.5,"y":-3},{"x":9.5,"y":-3},{"x":4.5,"y":-2},{"x":5.5,"y":-2},{"x":6.5,"y":-2},{"x":3.5,"y":-1.5},{"x":7.5,"y":-1.5},{"x":4.5,"y":-1},{"x":5.5,"y":-1},{"x":6.5,"y":-1}]},{"index":1,"tiles":[{"x":4.5,"y":-8},{"x":5.5,"y":-8},{"x":6.5,"y":-8},{"x":3.5,"y":-7.5},{"x":7.5,"y":-7.5},{"x":4.5,"y":-7},{"x":5.5,"y":-7},{"x":6.5,"y":-7},{"x":1.5,"y":-6},{"x":3.5,"y":-6},{"x":4.5,"y":-6},{"x":5.5,"y":-6},{"x":6.5,"y":-6},{"x":7.5,"y":-6},{"x":9.5,"y":-6},{"x":1.5,"y":-5},{"x":2.5,"y":-5},{"x":3.5,"y":-5},{"x":7.5,"y":-5},{"x":8.5,"y":-5},{"x":9.5,"y":-5},{"x":1.5,"y":-4},{"x":2.5,"y":-4},{"x":3.5,"y":-4},{"x":7.5,"y":-4},{"x":8.5,"y":-4},{"x":9.5,"y":-4},{"x":1.5,"y":-3},{"x":3.5,"y":-3},{"x":4.5,"y":-3},{"x":5.5,"y":-3},{"x":6.5,"y":-3},{"x":7.5,"y":-3},{"x":9.5,"y":-3},{"x":4.5,"y":-2},{"x":5.5,"y":-2},{"x":6.5,"y":-2},{"x":3.5,"y":-1.5},{"x":7.5,"y":-1.5},{"x":4.5,"y":-1},{"x":5.5,"y":-1},{"x":6.5,"y":-1}]},{"index":2,"tiles":[{"x":4.5,"y":-8},{"x":5.5,"y":-8},{"x":6.5,"y":-8},{"x":3.5,"y":-7.5},{"x":7.5,"y":-7.5},{"x":4.5,"y":-7},{"x":6.5,"y":-7},{"x":4.5,"y":-6},{"x":6.5,"y":-6},{"x":4.5,"y":-3},{"x":6.5,"y":-3},{"x":4.5,"y":-2},{"x":6.5,"y":-2},{"x":3.5,"y":-1.5},{"x":7.5,"y":-1.5},{"x":4.5,"y":-1},{"x":5.5,"y":-1},{"x":6.5,"y":-1}]},{"index":3,"tiles":[{"x":4.5,"y":-8},{"x":5.5,"y":-8},{"x":6.5,"y":-8},{"x":4.5,"y":-7},{"x":6.5,"y":-7},{"x":4.5,"y":-2},{"x":6.5,"y":-2},{"x":4.5,"y":-1},{"x":5.5,"y":-1},{"x":6.5,"y":-1}]}],"seeds":["XsSBgypJxWc1zDYRHMJhQ4Z0gpGKUeckIHVdivVRZKCAqHI4AYh4xxaKoBYG5sM1X9Y038hwIAd1oRJ2AcQlXumJgqgYBCY+08JNk3aGS1ghSlGJ"]},{"layers":[{"index":0,"tiles":[{"x":2.5,"y":-8},{"x":5.5,"y":-8},{"x":8.5,"y":-8},{"x":2,"y":-7},{"x":3.5,"y":-7},{"x":5.5,"y":-7},{"x":7.5,"y":-7},{"x":9,"y":-7},{"x":1.5,"y":-6},{"x":3,"y":-6},{"x":5.5,"y":-6},{"x":8,"y":-6},{"x":9.5,"y":-6},{"x":1,"y":-5},{"x":2.5,"y":-5},{"x":5.5,"y":-5},{"x":8.5,"y":-5},{"x":10,"y":-5},{"x":1,"y":-4},{"x":3,"y":-4},{"x":5.5,"y":-4},{"x":8,"y":-4},{"x":10,"y":-4},{"x":1.5,"y":-3},{"x":3.5,"y":-3},{"x":5.5,"y":-3},{"x":7.5,"y":-3},{"x":9.5,"y":-3},{"x":2,"y":-2},{"x":4,"y":-2},{"x":5.5,"y":-2},{"x":7,"y":-2},{"x":9,"y":-2},{"x":2.5,"y":-1},{"x":4.5,"y":-1},{"x":5.5,"y":-1},{"x":6.5,"y":-1},{"x":8.5,"y":-1}]},{"index":1,"tiles":[{"x":2.5,"y":-8},{"x":5.5,"y":-8},{"x":8.5,"y":-8},{"x":2,"y":-7},{"x":3.5,"y":-7},{"x":5.5,"y":-7},{"x":7.5,"y":-7},{"x":9,"y":-7},{"x":1.5,"y":-6},{"x":3,"y":-6},{"x":5.5,"y":-6},{"x":8,"y":-6},{"x":9.5,"y":-6},{"x":1,"y":-5},{"x":2.5,"y":-5},{"x":5.5,"y":-5},{"x":8.5,"y":-5},{"x":10,"y":-5},{"x":1,"y":-4},{"x":3,"y":-4},{"x":5.5,"y":-4},{"x":8,"y":-4},{"x":10,"y":-4},{"x":1.5,"y":-3},{"x":3.5,"y":-3},{"x":5.5,"y":-3},{"x":7.5,"y":-3},{"x":9.5,"y":-3},{"x":2,"y":-2},{"x":4,"y":-2},{"x":5.5,"y":-2},{"x":7,"y":-2},{"x":9,"y":-2},{"x":2.5,"y":-1},{"x":4.5,"y":-1},{"x":5.5,"y":-1},{"x":6.5,"y":-1},{"x":8.5,"y":-1}]},{"index":2,"tiles":[{"x":2.5,"y":-8},{"x":5.5,"y":-8},{"x":8.5,"y":-8},{"x":2,"y":-7},{"x":3.5,"y":-7},{"x":5.5,"y":-7},{"x":7.5,"y":-7},{"x":9,"y":-7},{"x":1.5,"y":-6},{"x":3,"y":-6},{"x":5.5,"y":-6},{"x":8,"y":-6},{"x":9.5,"y":-6},{"x":1,"y":-5},{"x":2.5,"y":-5},{"x":5.5,"y":-5},{"x":8.5,"y":-5},{"x":10,"y":-5},{"x":1,"y":-4},{"x":3,"y":-4},{"x":5.5,"y":-4},{"x":8,"y":-4},{"x":10,"y":-4},{"x":1.5,"y":-3},{"x":3.5,"y":-3},{"x":5.5,"y":-3},{"x":7.5,"y":-3},{"x":9.5,"y":-3},{"x":2,"y":-2},{"x":4,"y":-2},{"x":5.5,"y":-2},{"x":7,"y":-2},{"x":9,"y":-2},{"x":2.5,"y":-1},{"x":4.5,"y":-1},{"x":5.5,"y":-1},{"x":6.5,"y":-1},{"x":8.5,"y":-1}]}],"seeds":["nVQWXJcwqKhg2wRy3nY83tkIJhFVYhNy6iVmnAJ+Dkl9SxhY4ABJ04hpEKQhouhMBGSIRzAh3PBQVKCEl5BRyhKFKcNNX2h8oKJ4IWgFE9h5RQeCVQIA"]},{"layers":[{"index":0,"tiles":[{"x":2.5,"y":-7.5},{"x":3.5,"y":-7.5},{"x":4.5,"y":-7.5},{"x":5.5,"y":-7.5},{"x":6.5,"y":-7.5},{"x":7.5,"y":-7.5},{"x":8.5,"y":-7.5},{"x":2,"y":-6.5},{"x":3,"y":-6.5},{"x":4,"y":-6.5},{"x":5,"y":-6.5},{"x":6,"y":-6.5},{"x":7,"y":-6.5},{"x":8,"y":-6.5},{"x":9,"y":-6.5},{"x":1.5,"y":-5.5},{"x":2.5,"y":-5.5},{"x":3.5,"y":-5.5},{"x":4.5,"y":-5.5},{"x":5.5,"y":-5.5},{"x":6.5,"y":-5.5},{"x":7.5,"y":-5.5},{"x":8.5,"y":-5.5},{"x":9.5,"y":-5.5},{"x":5.5,"y":-4.5},{"x":1.5,"y":-3.5},{"x":2.5,"y":-3.5},{"x":3.5,"y":-3.5},{"x":4.5,"y":-3.5},{"x":5.5,"y":-3.5},{"x":6.5,"y":-3.5},{"x":7.5,"y":-3.5},{"x":8.5,"y":-3.5},{"x":9.5,"y":-3.5},{"x":2,"y":-2.5},{"x":3,"y":-2.5},{"x":4,"y":-2.5},{"x":5,"y":-2.5},{"x":6,"y":-2.5},{"x":7,"y":-2.5},{"x":8,"y":-2.5},{"x":9,"y":-2.5},{"x":2.5,"y":-1.5},{"x":3.5,"y":-1.5},{"x":4.5,"y":-1.5},{"x":5.5,"y":-1.5},{"x":6.5,"y":-1.5},{"x":7.5,"y":-1.5},{"x":8.5,"y":-1.5}]},{"index":1,"tiles":[{"x":2.5,"y":-7.5},{"x":3.5,"y":-7.5},{"x":4.5,"y":-7.5},{"x":5.5,"y":-7.5},{"x":6.5,"y":-7.5},{"x":7.5,"y":-7.5},{"x":8.5,"y":-7.5},{"x":2,"y":-6.5},{"x":3,"y":-6.5},{"x":4,"y":-6.5},{"x":5,"y":-6.5},{"x":6,"y":-6.5},{"x":7,"y":-6.5},{"x":8,"y":-6.5},{"x":9,"y":-6.5},{"x":1.5,"y":-5.5},{"x":2.5,"y":-5.5},{"x":3.5,"y":-5.5},{"x":4.5,"y":-5.5},{"x":5.5,"y":-5.5},{"x":6.5,"y":-5.5},{"x":7.5,"y":-5.5},{"x":8.5,"y":-5.5},{"x":9.5,"y":-5.5},{"x":5.5,"y":-4.5},{"x":1.5,"y":-3.5},{"x":2.5,"y":-3.5},{"x":3.5,"y":-3.5},{"x":4.5,"y":-3.5},{"x":5.5,"y":-3.5},{"x":6.5,"y":-3.5},{"x":7.5,"y":-3.5},{"x":8.5,"y":-3.5},{"x":9.5,"y":-3.5},{"x":2,"y":-2.5},{"x":3,"y":-2.5},{"x":4,"y":-2.5},{"x":5,"y":-2.5},{"x":6,"y":-2.5},{"x":7,"y":-2.5},{"x":8,"y":-2.5},{"x":9,"y":-2.5},{"x":2.5,"y":-1.5},{"x":3.5,"y":-1.5},{"x":4.5,"y":-1.5},{"x":5.5,"y":-1.5},{"x":6.5,"y":-1.5},{"x":7.5,"y":-1.5},{"x":8.5,"y":-1.5}]}],"seeds":["2OBM33EUgsRwH2hVT8R5HDiATthFotEUSyJ1BEoFHwmG4mdB0IJU18lQXpIpIqJek2iGRAdmXAeKXqg8YYNpo1amW7iJAccZngAA"]},{"layers":[{"index":0,"tiles":[{"x":4.5,"y":-8},{"x":5.5,"y":-8},{"x":6.5,"y":-8},{"x":3,"y":-7},{"x":4.5,"y":-7},{"x":5.5,"y":-7},{"x":6.5,"y":-7},{"x":8,"y":-7},{"x":2,"y":-6},{"x":3,"y":-6},{"x":4.5,"y":-6},{"x":6.5,"y":-6},{"x":8,"y":-6},{"x":9,"y":-6},{"x":5.5,"y":-5.5},{"x":1,"y":-5},{"x":2,"y":-5},{"x":3,"y":-5},{"x":4.5,"y":-5},{"x":6.5,"y":-5},{"x":8,"y":-5},{"x":9,"y":-5},{"x":10,"y":-5},{"x":5.5,"y":-4.5},{"x":1,"y":-4},{"x":3,"y":-4},{"x":4.5,"y":-4},{"x":6.5,"y":-4},{"x":8,"y":-4},{"x":10,"y":-4},{"x":4.5,"y":-3},{"x":5.5,"y":-3},{"x":6.5,"y":-3},{"x":1,"y":-2.5},{"x":2,"y":-2.5},{"x":3,"y":-2.5},{"x":8,"y":-2.5},{"x":9,"y":-2.5},{"x":10,"y":-2.5},{"x":4.5,"y":-2},{"x":5.5,"y":-2},{"x":6.5,"y":-2},{"x":3.5,"y":-1.5},{"x":7.5,"y":-1.5},{"x":4.5,"y":-1},{"x":6.5,"y":-1}]},{"index":1,"tiles":[{"x":4.5,"y":-8},{"x":5.5,"y":-8},{"x":6.5,"y":-8},{"x":3,"y":-7},{"x":4.5,"y":-7},{"x":5.5,"y":-7},{"x":6.5,"y":-7},{"x":8,"y":-7},{"x":2,"y":-6},{"x":3,"y":-6},{"x":4.5,"y":-6},{"x":6.5,"y":-6},{"x":8,"y":-6},{"x":9,"y":-6},{"x":5.5,"y":-5.5},{"x":1,"y":-5},{"x":2,"y":-5},{"x":3,"y":-5},{"x":4.5,"y":-5},{"x":6.5,"y":-5},{"x":8,"y":-5},{"x":9,"y":-5},{"x":10,"y":-5},{"x":5.5,"y":-4.5},{"x":1,"y":-4},{"x":3,"y":-4},{"x":4.5,"y":-4},{"x":6.5,"y":-4},{"x":8,"y":-4},{"x":10,"y":-4},{"x":4.5,"y":-3},{"x":5.5,"y":-3},{"x":6.5,"y":-3},{"x":1,"y":-2.5},{"x":2,"y":-2.5},{"x":3,"y":-2.5},{"x":8,"y":-2.5},{"x":9,"y":-2.5},{"x":10,"y":-2.5},{"x":4.5,"y":-2},{"x":5.5,"y":-2},{"x":6.5,"y":-2},{"x":3.5,"y":-1.5},{"x":7.5,"y":-1.5},{"x":4.5,"y":-1},{"x":6.5,"y":-1}]},{"index":2,"tiles":[{"x":4.5,"y":-8},{"x":5.5,"y":-8},{"x":6.5,"y":-8},{"x":3,"y":-7},{"x":4.5,"y":-7},{"x":5.5,"y":-7},{"x":6.5,"y":-7},{"x":8,"y":-7},{"x":2,"y":-6},{"x":3,"y":-6},{"x":4.5,"y":-6},{"x":6.5,"y":-6},{"x":8,"y":-6},{"x":9,"y":-6},{"x":5.5,"y":-5.5},{"x":1,"y":-5},{"x":2,"y":-5},{"x":3,"y":-5},{"x":4.5,"y":-5},{"x":6.5,"y":-5},{"x":8,"y":-5},{"x":9,"y":-5},{"x":10,"y":-5},{"x":5.5,"y":-4.5},{"x":1,"y":-4},{"x":3,"y":-4},{"x":4.5,"y":-4},{"x":6.5,"y":-4},{"x":8,"y":-4},{"x":10,"y":-4},{"x":4.5,"y":-3},{"x":5.5,"y":-3},{"x":6.5,"y":-3},{"x":1,"y":-2.5},{"x":2,"y":-2.5},{"x":3,"y":-2.5},{"x":8,"y":-2.5},{"x":9,"y":-2.5},{"x":10,"y":-2.5},{"x":4.5,"y":-2},{"x":5.5,"y":-2},{"x":6.5,"y":-2},{"x":3.5,"y":-1.5},{"x":7.5,"y":-1.5},{"x":4.5,"y":-1},{"x":6.5,"y":-1}]}],"seeds":["h8WBYNhMRwBWl+KFw/iJYKAEpuINkwh+S7dBodeBBDFMQhga2GVlkgUWnvQxgcgk3dOIH8d1zlJ5pyZ4lFaKCQJm3CNaJMVUTMh91MJN0dJQkzgJgxoWaJR2IlSFncB9xIZxiEIYTgMA"]},{"layers":[{"index":0,"tiles":[{"x":2,"y":-8},{"x":3,"y":-8},{"x":4,"y":-8},{"x":5.5,"y":-8},{"x":7.5,"y":-8},{"x":10,"y":-8},{"x":9,"y":-7.5},{"x":2.5,"y":-7},{"x":3.5,"y":-7},{"x":5,"y":-7},{"x":6,"y":-7},{"x":7.5,"y":-7},{"x":8.5,"y":-6.5},{"x":3,"y":-6},{"x":5.5,"y":-6},{"x":7.5,"y":-6},{"x":1,"y":-5.5},{"x":8.5,"y":-5.5},{"x":2,"y":-5},{"x":3,"y":-5},{"x":4,"y":-5},{"x":5.5,"y":-5},{"x":7.5,"y":-5},{"x":9.5,"y":-5},{"x":6.5,"y":-4.5},{"x":8.5,"y":-4.5},{"x":2,"y":-4},{"x":3,"y":-4},{"x":4,"y":-4},{"x":5.5,"y":-4},{"x":7.5,"y":-4},{"x":9.5,"y":-4},{"x":1,"y":-3.5},{"x":8.5,"y":-3.5},{"x":3,"y":-3},{"x":5.5,"y":-3},{"x":7.5,"y":-3},{"x":8.5,"y":-2.5},{"x":2.5,"y":-2},{"x":3.5,"y":-2},{"x":5,"y":-2},{"x":6,"y":-2},{"x":7.5,"y":-2},{"x":9,"y":-1.5},{"x":2,"y":-1},{"x":3,"y":-1},{"x":4,"y":-1},{"x":5.5,"y":-1},{"x":7.5,"y":-1},{"x":10,"y":-1}]},{"index":1,"tiles":[{"x":2,"y":-8},{"x":3,"y":-8},{"x":4,"y":-8},{"x":5.5,"y":-8},{"x":7.5,"y":-8},{"x":10,"y":-8},{"x":9,"y":-7.5},{"x":2.5,"y":-7},{"x":3.5,"y":-7},{"x":5,"y":-7},{"x":6,"y":-7},{"x":7.5,"y":-7},{"x":8.5,"y":-6.5},{"x":3,"y":-6},{"x":5.5,"y":-6},{"x":7.5,"y":-6},{"x":1,"y":-5.5},{"x":8.5,"y":-5.5},{"x":2,"y":-5},{"x":3,"y":-5},{"x":4,"y":-5},{"x":5.5,"y":-5},{"x":7.5,"y":-5},{"x":9.5,"y":-5},{"x":6.5,"y":-4.5},{"x":8.5,"y":-4.5},{"x":2,"y":-4},{"x":3,"y":-4},{"x":4,"y":-4},{"x":5.5,"y":-4},{"x":7.5,"y":-4},{"x":9.5,"y":-4},{"x":1,"y":-3.5},{"x":8.5,"y":-3.5},{"x":3,"y":-3},{"x":5.5,"y":-3},{"x":7.5,"y":-3},{"x":8.5,"y":-2.5},{"x":2.5,"y":-2},{"x":3.5,"y":-2},{"x":5,"y":-2},{"x":6,"y":-2},{"x":7.5,"y":-2},{"x":9,"y":-1.5},{"x":2,"y":-1},{"x":3,"y":-1},{"x":4,"y":-1},{"x":5.5,"y":-1},{"x":7.5,"y":-1},{"x":10,"y":-1}]}],"seeds":["YmiIXjg8nGVFRQGCXDAFXQcRytcJ4JhxEDNk0pZohCgxYkJVWxk6JhUGD2Z0H4cc6PWB4Bdh3ASS2qIeTeiJgXc5yCmIXqhUC9ek"]},{"layers":[{"index":0,"tiles":[{"x":1,"y":-8.5},{"x":2,"y":-8.5},{"x":3,"y":-8.5},{"x":4.5,"y":-8.5},{"x":6.5,"y":-8.5},{"x":8,"y":-8.5},{"x":9,"y":-8.5},{"x":10,"y":-8.5},{"x":1,"y":-7.5},{"x":4.5,"y":-7.5},{"x":6.5,"y":-7.5},{"x":10,"y":-7.5},{"x":1,"y":-6.5},{"x":2,"y":-6.5},{"x":3,"y":-6.5},{"x":4.5,"y":-6.5},{"x":6.5,"y":-6.5},{"x":8,"y":-6.5},{"x":9,"y":-6.5},{"x":10,"y":-6.5},{"x":2,"y":-5.5},{"x":4.5,"y":-5.5},{"x":6.5,"y":-5.5},{"x":9,"y":-5.5},{"x":1,"y":-5},{"x":10,"y":-5},{"x":2,"y":-4.5},{"x":4.5,"y":-4.5},{"x":6.5,"y":-4.5},{"x":9,"y":-4.5},{"x":1,"y":-3.5},{"x":2,"y":-3.5},{"x":3,"y":-3.5},{"x":4.5,"y":-3.5},{"x":6.5,"y":-3.5},{"x":8,"y":-3.5},{"x":9,"y":-3.5},{"x":10,"y":-3.5},{"x":1,"y":-2.5},{"x":4.5,"y":-2.5},{"x":6.5,"y":-2.5},{"x":10,"y":-2.5},{"x":1,"y":-1.5},{"x":2,"y":-1.5},{"x":3,"y":-1.5},{"x":4.5,"y":-1.5},{"x":6.5,"y":-1.5},{"x":8,"y":-1.5},{"x":9,"y":-1.5},{"x":10,"y":-1.5}]},{"index":1,"tiles":[{"x":1,"y":-8.5},{"x":2,"y":-8.5},{"x":3,"y":-8.5},{"x":4.5,"y":-8.5},{"x":6.5,"y":-8.5},{"x":8,"y":-8.5},{"x":9,"y":-8.5},{"x":10,"y":-8.5},{"x":1,"y":-7.5},{"x":4.5,"y":-7.5},{"x":6.5,"y":-7.5},{"x":10,"y":-7.5},{"x":1,"y":-6.5},{"x":2,"y":-6.5},{"x":3,"y":-6.5},{"x":4.5,"y":-6.5},{"x":6.5,"y":-6.5},{"x":8,"y":-6.5},{"x":9,"y":-6.5},{"x":10,"y":-6.5},{"x":2,"y":-5.5},{"x":4.5,"y":-5.5},{"x":6.5,"y":-5.5},{"x":9,"y":-5.5},{"x":1,"y":-5},{"x":10,"y":-5},{"x":2,"y":-4.5},{"x":4.5,"y":-4.5},{"x":6.5,"y":-4.5},{"x":9,"y":-4.5},{"x":1,"y":-3.5},{"x":2,"y":-3.5},{"x":3,"y":-3.5},{"x":4.5,"y":-3.5},{"x":6.5,"y":-3.5},{"x":8,"y":-3.5},{"x":9,"y":-3.5},{"x":10,"y":-3.5},{"x":1,"y":-2.5},{"x":4.5,"y":-2.5},{"x":6.5,"y":-2.5},{"x":10,"y":-2.5},{"x":1,"y":-1.5},{"x":2,"y":-1.5},{"x":3,"y":-1.5},{"x":4.5,"y":-1.5},{"x":6.5,"y":-1.5},{"x":8,"y":-1.5},{"x":9,"y":-1.5},{"x":10,"y":-1.5}]},{"index":2,"tiles":[{"x":1,"y":-8.5},{"x":2,"y":-8.5},{"x":3,"y":-8.5},{"x":4.5,"y":-8.5},{"x":6.5,"y":-8.5},{"x":8,"y":-8.5},{"x":9,"y":-8.5},{"x":10,"y":-8.5},{"x":1,"y":-7.5},{"x":4.5,"y":-7.5},{"x":6.5,"y":-7.5},{"x":10,"y":-7.5},{"x":1,"y":-6.5},{"x":2,"y":-6.5},{"x":3,"y":-6.5},{"x":4.5,"y":-6.5},{"x":6.5,"y":-6.5},{"x":8,"y":-6.5},{"x":9,"y":-6.5},{"x":10,"y":-6.5},{"x":2,"y":-5.5},{"x":4.5,"y":-5.5},{"x":6.5,"y":-5.5},{"x":9,"y":-5.5},{"x":1,"y":-5},{"x":10,"y":-5},{"x":2,"y":-4.5},{"x":4.5,"y":-4.5},{"x":6.5,"y":-4.5},{"x":9,"y":-4.5},{"x":1,"y":-3.5},{"x":2,"y":-3.5},{"x":3,"y":-3.5},{"x":4.5,"y":-3.5},{"x":6.5,"y":-3.5},{"x":8,"y":-3.5},{"x":9,"y":-3.5},{"x":10,"y":-3.5},{"x":1,"y":-2.5},{"x":4.5,"y":-2.5},{"x":6.5,"y":-2.5},{"x":10,"y":-2.5},{"x":1,"y":-1.5},{"x":2,"y":-1.5},{"x":3,"y":-1.5},{"x":4.5,"y":-1.5},{"x":6.5,"y":-1.5},{"x":8,"y":-1.5},{"x":9,"y":-1.5},{"x":10,"y":-1.5}]}],"seeds":["JNNRjvZhHbpwR6cg0qNtQcaAWzGEJeeFoXF0FOctzQIWAyc5YfIZomFwRSR+FXgFXQgSJweCIDhEoglOjmVNRBFWGadQiip+FeNhogh5S9CFgdJdT5OGn8U5hChcwvQNDVQRCegxoYA04XQJnmh11AgA"]},{"layers":[{"index":0,"tiles":[{"x":2,"y":-8.5},{"x":3,"y":-8.5},{"x":8,"y":-8.5},{"x":9,"y":-8.5},{"x":3.5,"y":-7.5},{"x":7.5,"y":-7.5},{"x":4.5,"y":-7},{"x":5.5,"y":-7},{"x":6.5,"y":-7},{"x":1,"y":-6},{"x":4.5,"y":-6},{"x":5.5,"y":-6},{"x":6.5,"y":-6},{"x":10,"y":-6},{"x":1,"y":-5},{"x":2,"y":-5},{"x":4.5,"y":-5},{"x":5.5,"y":-5},{"x":6.5,"y":-5},{"x":9,"y":-5},{"x":10,"y":-5},{"x":1,"y":-4},{"x":2,"y":-4},{"x":3,"y":-4},{"x":4,"y":-4},{"x":5,"y":-4},{"x":6,"y":-4},{"x":7,"y":-4},{"x":8,"y":-4},{"x":9,"y":-4},{"x":10,"y":-4},{"x":1,"y":-3},{"x":2,"y":-3},{"x":4.5,"y":-3},{"x":5.5,"y":-3},{"x":6.5,"y":-3},{"x":9,"y":-3},{"x":10,"y":-3},{"x":1,"y":-2},{"x":4.5,"y":-2},{"x":5.5,"y":-2},{"x":6.5,"y":-2},{"x":10,"y":-2},{"x":4.5,"y":-1},{"x":5.5,"y":-1},{"x":6.5,"y":-1}]},{"index":1,"tiles":[{"x":2,"y":-8.5},{"x":3,"y":-8.5},{"x":8,"y":-8.5},{"x":9,"y":-8.5},{"x":3.5,"y":-7.5},{"x":7.5,"y":-7.5},{"x":4.5,"y":-7},{"x":5.5,"y":-7},{"x":6.5,"y":-7},{"x":1,"y":-6},{"x":4.5,"y":-6},{"x":5.5,"y":-6},{"x":6.5,"y":-6},{"x":10,"y":-6},{"x":1,"y":-5},{"x":2,"y":-5},{"x":4.5,"y":-5},{"x":5.5,"y":-5},{"x":6.5,"y":-5},{"x":9,"y":-5},{"x":10,"y":-5},{"x":1,"y":-4},{"x":2,"y":-4},{"x":3,"y":-4},{"x":4,"y":-4},{"x":5,"y":-4},{"x":6,"y":-4},{"x":7,"y":-4},{"x":8,"y":-4},{"x":9,"y":-4},{"x":10,"y":-4},{"x":1,"y":-3},{"x":2,"y":-3},{"x":4.5,"y":-3},{"x":5.5,"y":-3},{"x":6.5,"y":-3},{"x":9,"y":-3},{"x":10,"y":-3},{"x":1,"y":-2},{"x":4.5,"y":-2},{"x":5.5,"y":-2},{"x":6.5,"y":-2},{"x":10,"y":-2},{"x":4.5,"y":-1},{"x":5.5,"y":-1},{"x":6.5,"y":-1}]},{"index":2,"tiles":[{"x":2,"y":-8.5},{"x":3,"y":-8.5},{"x":8,"y":-8.5},{"x":9,"y":-8.5},{"x":3.5,"y":-7.5},{"x":7.5,"y":-7.5},{"x":4.5,"y":-7},{"x":5.5,"y":-7},{"x":6.5,"y":-7},{"x":1,"y":-6},{"x":4.5,"y":-6},{"x":5.5,"y":-6},{"x":6.5,"y":-6},{"x":10,"y":-6},{"x":1,"y":-5},{"x":2,"y":-5},{"x":4.5,"y":-5},{"x":5.5,"y":-5},{"x":6.5,"y":-5},{"x":9,"y":-5},{"x":10,"y":-5},{"x":1,"y":-4},{"x":2,"y":-4},{"x":3,"y":-4},{"x":4,"y":-4},{"x":5,"y":-4},{"x":6,"y":-4},{"x":7,"y":-4},{"x":8,"y":-4},{"x":9,"y":-4},{"x":10,"y":-4},{"x":1,"y":-3},{"x":2,"y":-3},{"x":4.5,"y":-3},{"x":5.5,"y":-3},{"x":6.5,"y":-3},{"x":9,"y":-3},{"x":10,"y":-3},{"x":1,"y":-2},{"x":4.5,"y":-2},{"x":5.5,"y":-2},{"x":6.5,"y":-2},{"x":10,"y":-2},{"x":4.5,"y":-1},{"x":5.5,"y":-1},{"x":6.5,"y":-1}]}],"seeds":["lsUVQqAF5SKKotZFiiKo0yOCYch1kwMqoKgszeSBH3eGIgUV5OeJzMQJ3oIk2QiKz3BwICqEBBhyAWFA00ZFonF13yYq1PR1SeekwyGagdRg3yeBVOgFlFiFIqZUHXMFIsOAIJJRSwgA"]},{"layers":[{"index":0,"tiles":[{"x":4,"y":-8},{"x":7,"y":-8},{"x":1.5,"y":-7.5},{"x":2.5,"y":-7.5},{"x":5,"y":-7.5},{"x":6,"y":-7.5},{"x":8.5,"y":-7.5},{"x":9.5,"y":-7.5},{"x":4,"y":-7},{"x":7,"y":-7},{"x":5.5,"y":-6.5},{"x":2,"y":-6},{"x":3,"y":-6},{"x":4,"y":-6},{"x":7,"y":-6},{"x":8,"y":-6},{"x":9,"y":-6},{"x":5.5,"y":-5.5},{"x":1,"y":-5},{"x":2,"y":-5},{"x":3.5,"y":-5},{"x":7.5,"y":-5},{"x":9,"y":-5},{"x":10,"y":-5},{"x":5.5,"y":-4.5},{"x":1,"y":-4},{"x":2,"y":-4},{"x":3.5,"y":-4},{"x":7.5,"y":-4},{"x":9,"y":-4},{"x":10,"y":-4},{"x":5.5,"y":-3.5},{"x":2,"y":-3},{"x":3,"y":-3},{"x":4,"y":-3},{"x":7,"y":-3},{"x":8,"y":-3},{"x":9,"y":-3},{"x":5.5,"y":-2.5},{"x":4,"y":-2},{"x":7,"y":-2},{"x":1.5,"y":-1.5},{"x":2.5,"y":-1.5},{"x":5,"y":-1.5},{"x":6,"y":-1.5},{"x":8.5,"y":-1.5},{"x":9.5,"y":-1.5},{"x":4,"y":-1},{"x":7,"y":-1}]},{"index":1,"tiles":[{"x":4,"y":-8},{"x":7,"y":-8},{"x":1.5,"y":-7.5},{"x":2.5,"y":-7.5},{"x":5,"y":-7.5},{"x":6,"y":-7.5},{"x":8.5,"y":-7.5},{"x":9.5,"y":-7.5},{"x":4,"y":-7},{"x":7,"y":-7},{"x":5.5,"y":-6.5},{"x":2,"y":-6},{"x":3,"y":-6},{"x":4,"y":-6},{"x":7,"y":-6},{"x":8,"y":-6},{"x":9,"y":-6},{"x":5.5,"y":-5.5},{"x":1,"y":-5},{"x":2,"y":-5},{"x":3.5,"y":-5},{"x":7.5,"y":-5},{"x":9,"y":-5},{"x":10,"y":-5},{"x":5.5,"y":-4.5},{"x":1,"y":-4},{"x":2,"y":-4},{"x":3.5,"y":-4},{"x":7.5,"y":-4},{"x":9,"y":-4},{"x":10,"y":-4},{"x":5.5,"y":-3.5},{"x":2,"y":-3},{"x":3,"y":-3},{"x":4,"y":-3},{"x":7,"y":-3},{"x":8,"y":-3},{"x":9,"y":-3},{"x":5.5,"y":-2.5},{"x":4,"y":-2},{"x":7,"y":-2},{"x":1.5,"y":-1.5},{"x":2.5,"y":-1.5},{"x":5,"y":-1.5},{"x":6,"y":-1.5},{"x":8.5,"y":-1.5},{"x":9.5,"y":-1.5},{"x":4,"y":-1},{"x":7,"y":-1}]},{"index":2,"tiles":[{"x":4,"y":-8},{"x":7,"y":-8},{"x":1.5,"y":-7.5},{"x":2.5,"y":-7.5},{"x":5,"y":-7.5},{"x":6,"y":-7.5},{"x":8.5,"y":-7.5},{"x":9.5,"y":-7.5},{"x":4,"y":-7},{"x":7,"y":-7},{"x":2,"y":-6},{"x":3,"y":-6},{"x":4,"y":-6},{"x":7,"y":-6},{"x":8,"y":-6},{"x":9,"y":-6},{"x":5.5,"y":-5.5},{"x":1,"y":-5},{"x":2,"y":-5},{"x":3.5,"y":-5},{"x":7.5,"y":-5},{"x":9,"y":-5},{"x":10,"y":-5},{"x":1,"y":-4},{"x":2,"y":-4},{"x":3.5,"y":-4},{"x":7.5,"y":-4},{"x":9,"y":-4},{"x":10,"y":-4},{"x":5.5,"y":-3.5},{"x":2,"y":-3},{"x":3,"y":-3},{"x":4,"y":-3},{"x":7,"y":-3},{"x":8,"y":-3},{"x":9,"y":-3},{"x":4,"y":-2},{"x":7,"y":-2},{"x":1.5,"y":-1.5},{"x":2.5,"y":-1.5},{"x":5,"y":-1.5},{"x":6,"y":-1.5},{"x":8.5,"y":-1.5},{"x":9.5,"y":-1.5},{"x":4,"y":-1},{"x":7,"y":-1}]},{"index":3,"tiles":[{"x":8.5,"y":-7.5},{"x":9.5,"y":-7.5}]}],"seeds":["jjU2m+cdh1qFCgiKCyYMjAcqSwJmEMdNQsmZkBZ9EoWKnSBVyCSG3RROTJVmndINoPFtAkVxwdJ9hOMlH6kViTcMCxY5DBOCCmd8lUhIFCFKScAhZ2iFV9gFxSOCotc0xcOJV+OAFhgGnwUWBAcA"]},{"layers":[{"index":0,"tiles":[{"x":3,"y":-7.5},{"x":4,"y":-7.5},{"x":5,"y":-7.5},{"x":6,"y":-7.5},{"x":7,"y":-7.5},{"x":8,"y":-7.5},{"x":1,"y":-6.5},{"x":2,"y":-6.5},{"x":3,"y":-6.5},{"x":4,"y":-6.5},{"x":5,"y":-6.5},{"x":6,"y":-6.5},{"x":7,"y":-6.5},{"x":8,"y":-6.5},{"x":9,"y":-6.5},{"x":10,"y":-6.5},{"x":1,"y":-5.5},{"x":2,"y":-5.5},{"x":5,"y":-5.5},{"x":6,"y":-5.5},{"x":9,"y":-5.5},{"x":10,"y":-5.5},{"x":3.5,"y":-5},{"x":7.5,"y":-5},{"x":1,"y":-4.5},{"x":2,"y":-4.5},{"x":5,"y":-4.5},{"x":6,"y":-4.5},{"x":9,"y":-4.5},{"x":10,"y":-4.5},{"x":1,"y":-3.5},{"x":2,"y":-3.5},{"x":3,"y":-3.5},{"x":4,"y":-3.5},{"x":5,"y":-3.5},{"x":6,"y":-3.5},{"x":7,"y":-3.5},{"x":8,"y":-3.5},{"x":9,"y":-3.5},{"x":10,"y":-3.5},{"x":1,"y":-2.5},{"x":2,"y":-2.5},{"x":3,"y":-2.5},{"x":4,"y":-2.5},{"x":7,"y":-2.5},{"x":8,"y":-2.5},{"x":9,"y":-2.5},{"x":10,"y":-2.5},{"x":1,"y":-1.5},{"x":2,"y":-1.5},{"x":3,"y":-1.5},{"x":4,"y":-1.5},{"x":5,"y":-1.5},{"x":6,"y":-1.5},{"x":7,"y":-1.5},{"x":8,"y":-1.5},{"x":9,"y":-1.5},{"x":10,"y":-1.5}]},{"index":1,"tiles":[{"x":3,"y":-7.5},{"x":4,"y":-7.5},{"x":5,"y":-7.5},{"x":6,"y":-7.5},{"x":7,"y":-7.5},{"x":8,"y":-7.5},{"x":1,"y":-6.5},{"x":2,"y":-6.5},{"x":3,"y":-6.5},{"x":4,"y":-6.5},{"x":5,"y":-6.5},{"x":6,"y":-6.5},{"x":7,"y":-6.5},{"x":8,"y":-6.5},{"x":9,"y":-6.5},{"x":10,"y":-6.5},{"x":1,"y":-5.5},{"x":2,"y":-5.5},{"x":5,"y":-5.5},{"x":6,"y":-5.5},{"x":9,"y":-5.5},{"x":10,"y":-5.5},{"x":3.5,"y":-5},{"x":7.5,"y":-5},{"x":1,"y":-4.5},{"x":2,"y":-4.5},{"x":5,"y":-4.5},{"x":6,"y":-4.5},{"x":9,"y":-4.5},{"x":10,"y":-4.5},{"x":1,"y":-3.5},{"x":2,"y":-3.5},{"x":3,"y":-3.5},{"x":4,"y":-3.5},{"x":5,"y":-3.5},{"x":6,"y":-3.5},{"x":7,"y":-3.5},{"x":8,"y":-3.5},{"x":9,"y":-3.5},{"x":10,"y":-3.5},{"x":1,"y":-2.5},{"x":2,"y":-2.5},{"x":3,"y":-2.5},{"x":4,"y":-2.5},{"x":7,"y":-2.5},{"x":8,"y":-2.5},{"x":9,"y":-2.5},{"x":10,"y":-2.5},{"x":1,"y":-1.5},{"x":2,"y":-1.5},{"x":3,"y":-1.5},{"x":4,"y":-1.5},{"x":5,"y":-1.5},{"x":6,"y":-1.5},{"x":7,"y":-1.5},{"x":8,"y":-1.5},{"x":9,"y":-1.5},{"x":10,"y":-1.5}]}],"seeds":["ooScy9cV1MdN3CZuGjhMDihW3BeKYhdOQdhkgqdokxelgteBGdeEh0Aqnfks4OgFFoiAjDJcHiZ6IQOGhgoaFJUUibV0x6JUH4F1nENBBAqVVxQEgsQ9"]},{"layers":[{"index":0,"tiles":[{"x":4.5,"y":-8.5},{"x":5.5,"y":-8.5},{"x":6.5,"y":-8.5},{"x":3.5,"y":-8},{"x":7.5,"y":-8},{"x":4.5,"y":-7.5},{"x":5.5,"y":-7.5},{"x":6.5,"y":-7.5},{"x":4,"y":-6.5},{"x":5,"y":-6.5},{"x":6,"y":-6.5},{"x":7,"y":-6.5},{"x":2,"y":-5.5},{"x":3.5,"y":-5.5},{"x":4.5,"y":-5.5},{"x":6.5,"y":-5.5},{"x":7.5,"y":-5.5},{"x":9,"y":-5.5},{"x":1,"y":-5},{"x":10,"y":-5},{"x":2,"y":-4.5},{"x":3,"y":-4.5},{"x":4,"y":-4.5},{"x":5.5,"y":-4.5},{"x":7,"y":-4.5},{"x":8,"y":-4.5},{"x":9,"y":-4.5},{"x":1,"y":-4},{"x":10,"y":-4},{"x":2,"y":-3.5},{"x":3.5,"y":-3.5},{"x":4.5,"y":-3.5},{"x":6.5,"y":-3.5},{"x":7.5,"y":-3.5},{"x":9,"y":-3.5},{"x":4,"y":-2.5},{"x":5,"y":-2.5},{"x":6,"y":-2.5},{"x":7,"y":-2.5},{"x":4.5,"y":-1.5},{"x":6.5,"y":-1.5},{"x":5.5,"y":-1}]},{"index":1,"tiles":[{"x":4.5,"y":-8.5},{"x":5.5,"y":-8.5},{"x":6.5,"y":-8.5},{"x":3.5,"y":-8},{"x":7.5,"y":-8},{"x":4.5,"y":-7.5},{"x":5.5,"y":-7.5},{"x":6.5,"y":-7.5},{"x":4,"y":-6.5},{"x":5,"y":-6.5},{"x":6,"y":-6.5},{"x":7,"y":-6.5},{"x":2,"y":-5.5},{"x":3.5,"y":-5.5},{"x":4.5,"y":-5.5},{"x":6.5,"y":-5.5},{"x":7.5,"y":-5.5},{"x":9,"y":-5.5},{"x":1,"y":-5},{"x":10,"y":-5},{"x":2,"y":-4.5},{"x":3,"y":-4.5},{"x":4,"y":-4.5},{"x":5.5,"y":-4.5},{"x":7,"y":-4.5},{"x":8,"y":-4.5},{"x":9,"y":-4.5},{"x":1,"y":-4},{"x":10,"y":-4},{"x":2,"y":-3.5},{"x":3.5,"y":-3.5},{"x":4.5,"y":-3.5},{"x":6.5,"y":-3.5},{"x":7.5,"y":-3.5},{"x":9,"y":-3.5},{"x":4,"y":-2.5},{"x":5,"y":-2.5},{"x":6,"y":-2.5},{"x":7,"y":-2.5},{"x":4.5,"y":-1.5},{"x":6.5,"y":-1.5},{"x":5.5,"y":-1}]},{"index":2,"tiles":[{"x":4.5,"y":-8.5},{"x":5.5,"y":-8.5},{"x":6.5,"y":-8.5},{"x":3.5,"y":-8},{"x":7.5,"y":-8},{"x":4.5,"y":-7.5},{"x":5.5,"y":-7.5},{"x":6.5,"y":-7.5},{"x":4,"y":-6.5},{"x":5,"y":-6.5},{"x":6,"y":-6.5},{"x":7,"y":-6.5},{"x":2,"y":-5.5},{"x":3.5,"y":-5.5},{"x":4.5,"y":-5.5},{"x":6.5,"y":-5.5},{"x":7.5,"y":-5.5},{"x":9,"y":-5.5},{"x":1,"y":-5},{"x":10,"y":-5},{"x":2,"y":-4.5},{"x":3,"y":-4.5},{"x":4,"y":-4.5},{"x":5.5,"y":-4.5},{"x":7,"y":-4.5},{"x":8,"y":-4.5},{"x":9,"y":-4.5},{"x":1,"y":-4},{"x":10,"y":-4},{"x":2,"y":-3.5},{"x":3.5,"y":-3.5},{"x":4.5,"y":-3.5},{"x":6.5,"y":-3.5},{"x":7.5,"y":-3.5},{"x":9,"y":-3.5},{"x":4,"y":-2.5},{"x":5,"y":-2.5},{"x":6,"y":-2.5},{"x":7,"y":-2.5},{"x":4.5,"y":-1.5},{"x":6.5,"y":-1.5},{"x":5.5,"y":-1}]}],"seeds":["nJoonaiIk9cJVIEJxWGFyAaOYuOJmug0nCRUaKUF3wcp3BKAxxmEqSN04cKAWKCQEDhxXwcmEQhmHuUZ3fdRy8R5nWRszxUuVOUNVRQS2fWZD1hOCEOEwzBwjBUyoQgA"]},{"layers":[{"index":0,"tiles":[{"x":2.5,"y":-7.5},{"x":3.5,"y":-7.5},{"x":4.5,"y":-7.5},{"x":5.5,"y":-7.5},{"x":6.5,"y":-7.5},{"x":7.5,"y":-7.5},{"x":8.5,"y":-7.5},{"x":2,"y":-6.5},{"x":3,"y":-6.5},{"x":4,"y":-6.5},{"x":5,"y":-6.5},{"x":6,"y":-6.5},{"x":7,"y":-6.5},{"x":8,"y":-6.5},{"x":1.5,"y":-5.5},{"x":2.5,"y":-5.5},{"x":3.5,"y":-5.5},{"x":4.5,"y":-5.5},{"x":5.5,"y":-5.5},{"x":6.5,"y":-5.5},{"x":7.5,"y":-5.5},{"x":9.5,"y":-5.5},{"x":1,"y":-4.5},{"x":2,"y":-4.5},{"x":9,"y":-4.5},{"x":10,"y":-4.5},{"x":1.5,"y":-3.5},{"x":3.5,"y":-3.5},{"x":4.5,"y":-3.5},{"x":5.5,"y":-3.5},{"x":6.5,"y":-3.5},{"x":7.5,"y":-3.5},{"x":8.5,"y":-3.5},{"x":9.5,"y":-3.5},{"x":3,"y":-2.5},{"x":4,"y":-2.5},{"x":5,"y":-2.5},{"x":6,"y":-2.5},{"x":7,"y":-2.5},{"x":8,"y":-2.5},{"x":9,"y":-2.5},{"x":2.5,"y":-1.5},{"x":3.5,"y":-1.5},{"x":4.5,"y":-1.5},{"x":5.5,"y":-1.5},{"x":6.5,"y":-1.5},{"x":7.5,"y":-1.5},{"x":8.5,"y":-1.5}]},{"index":1,"tiles":[{"x":2.5,"y":-7.5},{"x":3.5,"y":-7.5},{"x":4.5,"y":-7.5},{"x":5.5,"y":-7.5},{"x":6.5,"y":-7.5},{"x":7.5,"y":-7.5},{"x":8.5,"y":-7.5},{"x":2,"y":-6.5},{"x":3,"y":-6.5},{"x":4,"y":-6.5},{"x":5,"y":-6.5},{"x":6,"y":-6.5},{"x":7,"y":-6.5},{"x":8,"y":-6.5},{"x":1.5,"y":-5.5},{"x":2.5,"y":-5.5},{"x":3.5,"y":-5.5},{"x":4.5,"y":-5.5},{"x":5.5,"y":-5.5},{"x":6.5,"y":-5.5},{"x":7.5,"y":-5.5},{"x":9.5,"y":-5.5},{"x":1,"y":-4.5},{"x":2,"y":-4.5},{"x":9,"y":-4.5},{"x":10,"y":-4.5},{"x":1.5,"y":-3.5},{"x":3.5,"y":-3.5},{"x":4.5,"y":-3.5},{"x":5.5,"y":-3.5},{"x":6.5,"y":-3.5},{"x":7.5,"y":-3.5},{"x":8.5,"y":-3.5},{"x":9.5,"y":-3.5},{"x":3,"y":-2.5},{"x":4,"y":-2.5},{"x":5,"y":-2.5},{"x":6,"y":-2.5},{"x":7,"y":-2.5},{"x":8,"y":-2.5},{"x":9,"y":-2.5},{"x":2.5,"y":-1.5},{"x":3.5,"y":-1.5},{"x":4.5,"y":-1.5},{"x":5.5,"y":-1.5},{"x":6.5,"y":-1.5},{"x":7.5,"y":-1.5},{"x":8.5,"y":-1.5}]},{"index":2,"tiles":[{"x":2.5,"y":-7.5},{"x":3.5,"y":-7.5},{"x":4.5,"y":-7.5},{"x":5.5,"y":-7.5},{"x":6.5,"y":-7.5},{"x":7.5,"y":-7.5},{"x":8.5,"y":-7.5},{"x":2,"y":-6.5},{"x":3,"y":-6.5},{"x":4,"y":-6.5},{"x":5,"y":-6.5},{"x":6,"y":-6.5},{"x":7,"y":-6.5},{"x":8,"y":-6.5},{"x":1.5,"y":-5.5},{"x":2.5,"y":-5.5},{"x":3.5,"y":-5.5},{"x":4.5,"y":-5.5},{"x":5.5,"y":-5.5},{"x":6.5,"y":-5.5},{"x":7.5,"y":-5.5},{"x":9.5,"y":-5.5},{"x":1,"y":-4.5},{"x":2,"y":-4.5},{"x":9,"y":-4.5},{"x":10,"y":-4.5},{"x":1.5,"y":-3.5},{"x":3.5,"y":-3.5},{"x":4.5,"y":-3.5},{"x":5.5,"y":-3.5},{"x":6.5,"y":-3.5},{"x":7.5,"y":-3.5},{"x":8.5,"y":-3.5},{"x":9.5,"y":-3.5},{"x":3,"y":-2.5},{"x":4,"y":-2.5},{"x":5,"y":-2.5},{"x":6,"y":-2.5},{"x":7,"y":-2.5},{"x":8,"y":-2.5},{"x":9,"y":-2.5},{"x":2.5,"y":-1.5},{"x":3.5,"y":-1.5},{"x":4.5,"y":-1.5},{"x":5.5,"y":-1.5},{"x":6.5,"y":-1.5},{"x":7.5,"y":-1.5},{"x":8.5,"y":-1.5}]}],"seeds":["R6mA2+Y8XghWwfcxjdhRpiSGYcKBIkcsk8qE4gBWlJAqRcR4SySSAjcgRZh1FBNITCN8mQcFjQF2kHcyYgV6IlZ5k+eInciJoxN6BIh9k/BdghCGV6ihCTdoVjMcHbc4lqgsHSKGBqhMT0B9"]},{"layers":[{"index":0,"tiles":[{"x":3.5,"y":-8.5},{"x":7.5,"y":-8.5},{"x":4.5,"y":-8},{"x":6.5,"y":-8},{"x":1,"y":-7},{"x":5,"y":-7},{"x":6,"y":-7},{"x":10,"y":-7},{"x":2,"y":-6.5},{"x":9,"y":-6.5},{"x":3,"y":-6},{"x":5.5,"y":-6},{"x":8,"y":-6},{"x":1,"y":-5},{"x":2,"y":-5},{"x":3,"y":-5},{"x":4,"y":-5},{"x":5,"y":-5},{"x":6,"y":-5},{"x":7,"y":-5},{"x":8,"y":-5},{"x":9,"y":-5},{"x":10,"y":-5},{"x":3,"y":-4},{"x":5.5,"y":-4},{"x":8,"y":-4},{"x":2,"y":-3.5},{"x":9,"y":-3.5},{"x":1,"y":-3},{"x":5,"y":-3},{"x":6,"y":-3},{"x":10,"y":-3},{"x":4.5,"y":-2},{"x":6.5,"y":-2},{"x":3.5,"y":-1.5},{"x":7.5,"y":-1.5}]},{"index":1,"tiles":[{"x":3.5,"y":-8.5},{"x":7.5,"y":-8.5},{"x":4.5,"y":-8},{"x":6.5,"y":-8},{"x":1,"y":-7},{"x":5,"y":-7},{"x":6,"y":-7},{"x":10,"y":-7},{"x":2,"y":-6.5},{"x":9,"y":-6.5},{"x":3,"y":-6},{"x":5.5,"y":-6},{"x":8,"y":-6},{"x":1,"y":-5},{"x":2,"y":-5},{"x":3,"y":-5},{"x":4,"y":-5},{"x":5,"y":-5},{"x":6,"y":-5},{"x":7,"y":-5},{"x":8,"y":-5},{"x":9,"y":-5},{"x":10,"y":-5},{"x":3,"y":-4},{"x":5.5,"y":-4},{"x":8,"y":-4},{"x":2,"y":-3.5},{"x":9,"y":-3.5},{"x":1,"y":-3},{"x":5,"y":-3},{"x":6,"y":-3},{"x":10,"y":-3},{"x":4.5,"y":-2},{"x":6.5,"y":-2},{"x":3.5,"y":-1.5},{"x":7.5,"y":-1.5}]},{"index":2,"tiles":[{"x":3.5,"y":-8.5},{"x":7.5,"y":-8.5},{"x":4.5,"y":-8},{"x":6.5,"y":-8},{"x":1,"y":-7},{"x":5,"y":-7},{"x":6,"y":-7},{"x":10,"y":-7},{"x":2,"y":-6.5},{"x":9,"y":-6.5},{"x":3,"y":-6},{"x":5.5,"y":-6},{"x":8,"y":-6},{"x":1,"y":-5},{"x":2,"y":-5},{"x":3,"y":-5},{"x":4,"y":-5},{"x":5,"y":-5},{"x":6,"y":-5},{"x":7,"y":-5},{"x":8,"y":-5},{"x":9,"y":-5},{"x":10,"y":-5},{"x":3,"y":-4},{"x":5.5,"y":-4},{"x":8,"y":-4},{"x":2,"y":-3.5},{"x":9,"y":-3.5},{"x":1,"y":-3},{"x":5,"y":-3},{"x":6,"y":-3},{"x":10,"y":-3},{"x":4.5,"y":-2},{"x":6.5,"y":-2},{"x":3.5,"y":-1.5},{"x":7.5,"y":-1.5}]}],"seeds":["nYJNg+Nx2sAhSmgQWgUS54OK3eAJ3vCJHHd1X5gqjMcFoQqKCzEh4FiQnVcqxHNxg+MYFBYKIGEyWQh6VgWFIsFxEdFYTVYMWXRAxBFQTgYu"]},{"layers":[{"index":0,"tiles":[{"x":5.5,"y":-8},{"x":4.5,"y":-7.5},{"x":6.5,"y":-7.5},{"x":3.5,"y":-7},{"x":5.5,"y":-7},{"x":7.5,"y":-7},{"x":2.5,"y":-6.5},{"x":4.5,"y":-6.5},{"x":6.5,"y":-6.5},{"x":8.5,"y":-6.5},{"x":3.5,"y":-6},{"x":5.5,"y":-6},{"x":7.5,"y":-6},{"x":1.5,"y":-5.5},{"x":2.5,"y":-5.5},{"x":4.5,"y":-5.5},{"x":6.5,"y":-5.5},{"x":8.5,"y":-5.5},{"x":9.5,"y":-5.5},{"x":1,"y":-4.5},{"x":2,"y":-4.5},{"x":3,"y":-4.5},{"x":4,"y":-4.5},{"x":7,"y":-4.5},{"x":8,"y":-4.5},{"x":9,"y":-4.5},{"x":10,"y":-4.5},{"x":1.5,"y":-3.5},{"x":2.5,"y":-3.5},{"x":3.5,"y":-3.5},{"x":4.5,"y":-3.5},{"x":6.5,"y":-3.5},{"x":7.5,"y":-3.5},{"x":8.5,"y":-3.5},{"x":9.5,"y":-3.5},{"x":1.5,"y":-2.5},{"x":2.5,"y":-2.5},{"x":5.5,"y":-2.5},{"x":8.5,"y":-2.5},{"x":9.5,"y":-2.5},{"x":2,"y":-1.5},{"x":3,"y":-1.5},{"x":5,"y":-1.5},{"x":6,"y":-1.5},{"x":8,"y":-1.5},{"x":9,"y":-1.5},{"x":4,"y":-1},{"x":7,"y":-1}]},{"index":1,"tiles":[{"x":5.5,"y":-8},{"x":4.5,"y":-7.5},{"x":6.5,"y":-7.5},{"x":3.5,"y":-7},{"x":5.5,"y":-7},{"x":7.5,"y":-7},{"x":2.5,"y":-6.5},{"x":4.5,"y":-6.5},{"x":6.5,"y":-6.5},{"x":8.5,"y":-6.5},{"x":3.5,"y":-6},{"x":5.5,"y":-6},{"x":7.5,"y":-6},{"x":1.5,"y":-5.5},{"x":2.5,"y":-5.5},{"x":4.5,"y":-5.5},{"x":6.5,"y":-5.5},{"x":8.5,"y":-5.5},{"x":9.5,"y":-5.5},{"x":1,"y":-4.5},{"x":2,"y":-4.5},{"x":3,"y":-4.5},{"x":4,"y":-4.5},{"x":7,"y":-4.5},{"x":8,"y":-4.5},{"x":9,"y":-4.5},{"x":10,"y":-4.5},{"x":1.5,"y":-3.5},{"x":2.5,"y":-3.5},{"x":3.5,"y":-3.5},{"x":4.5,"y":-3.5},{"x":6.5,"y":-3.5},{"x":7.5,"y":-3.5},{"x":8.5,"y":-3.5},{"x":9.5,"y":-3.5},{"x":1.5,"y":-2.5},{"x":2.5,"y":-2.5},{"x":5.5,"y":-2.5},{"x":8.5,"y":-2.5},{"x":9.5,"y":-2.5},{"x":2,"y":-1.5},{"x":3,"y":-1.5},{"x":5,"y":-1.5},{"x":6,"y":-1.5},{"x":8,"y":-1.5},{"x":9,"y":-1.5},{"x":4,"y":-1},{"x":7,"y":-1}]},{"index":2,"tiles":[{"x":5.5,"y":-8},{"x":4.5,"y":-7.5},{"x":6.5,"y":-7.5},{"x":3.5,"y":-7},{"x":5.5,"y":-7},{"x":7.5,"y":-7},{"x":2.5,"y":-6.5},{"x":4.5,"y":-6.5},{"x":6.5,"y":-6.5},{"x":8.5,"y":-6.5},{"x":3.5,"y":-6},{"x":5.5,"y":-6},{"x":7.5,"y":-6},{"x":1.5,"y":-5.5},{"x":2.5,"y":-5.5},{"x":4.5,"y":-5.5},{"x":6.5,"y":-5.5},{"x":8.5,"y":-5.5},{"x":9.5,"y":-5.5},{"x":1,"y":-4.5},{"x":2,"y":-4.5},{"x":3,"y":-4.5},{"x":4,"y":-4.5},{"x":7,"y":-4.5},{"x":8,"y":-4.5},{"x":9,"y":-4.5},{"x":10,"y":-4.5},{"x":1.5,"y":-3.5},{"x":2.5,"y":-3.5},{"x":3.5,"y":-3.5},{"x":4.5,"y":-3.5},{"x":6.5,"y":-3.5},{"x":7.5,"y":-3.5},{"x":8.5,"y":-3.5},{"x":9.5,"y":-3.5},{"x":1.5,"y":-2.5},{"x":2.5,"y":-2.5},{"x":5.5,"y":-2.5},{"x":8.5,"y":-2.5},{"x":9.5,"y":-2.5},{"x":2,"y":-1.5},{"x":3,"y":-1.5},{"x":5,"y":-1.5},{"x":6,"y":-1.5},{"x":8,"y":-1.5},{"x":9,"y":-1.5},{"x":4,"y":-1},{"x":7,"y":-1}]}],"seeds":["CMgp38hxUzJcYWlumnAqwVQElXeEHGEZBqVZ4SZqIbg8z9R4EWpE04RooONhjiheAtM1x2FUokc4oiQ8HwRKHUhxIAeGzkGCFPQFCecoDsdwAxcoXuZVT/cNTLUIAyd2S7dwaUh1WBhmBaNO"]},{"layers":[{"index":0,"tiles":[{"x":4.5,"y":-8.5},{"x":6.5,"y":-8.5},{"x":3.5,"y":-8},{"x":7.5,"y":-8},{"x":4.5,"y":-7.5},{"x":5.5,"y":-7.5},{"x":6.5,"y":-7.5},{"x":3,"y":-6.5},{"x":4,"y":-6.5},{"x":5.5,"y":-6.5},{"x":7,"y":-6.5},{"x":8,"y":-6.5},{"x":1.5,"y":-5.5},{"x":2.5,"y":-5.5},{"x":3.5,"y":-5.5},{"x":7.5,"y":-5.5},{"x":8.5,"y":-5.5},{"x":9.5,"y":-5.5},{"x":1.5,"y":-4.5},{"x":2.5,"y":-4.5},{"x":3.5,"y":-4.5},{"x":7.5,"y":-4.5},{"x":8.5,"y":-4.5},{"x":9.5,"y":-4.5},{"x":3,"y":-3.5},{"x":4,"y":-3.5},{"x":7,"y":-3.5},{"x":8,"y":-3.5},{"x":3.5,"y":-2.5},{"x":4.5,"y":-2.5},{"x":6.5,"y":-2.5},{"x":7.5,"y":-2.5},{"x":4,"y":-1.5},{"x":5,"y":-1.5},{"x":6,"y":-1.5},{"x":7,"y":-1.5}]},{"index":1,"tiles":[{"x":4.5,"y":-8.5},{"x":6.5,"y":-8.5},{"x":3.5,"y":-8},{"x":7.5,"y":-8},{"x":4.5,"y":-7.5},{"x":5.5,"y":-7.5},{"x":6.5,"y":-7.5},{"x":3,"y":-6.5},{"x":4,"y":-6.5},{"x":5.5,"y":-6.5},{"x":7,"y":-6.5},{"x":8,"y":-6.5},{"x":1.5,"y":-5.5},{"x":2.5,"y":-5.5},{"x":3.5,"y":-5.5},{"x":7.5,"y":-5.5},{"x":8.5,"y":-5.5},{"x":9.5,"y":-5.5},{"x":1.5,"y":-4.5},{"x":2.5,"y":-4.5},{"x":3.5,"y":-4.5},{"x":7.5,"y":-4.5},{"x":8.5,"y":-4.5},{"x":9.5,"y":-4.5},{"x":3,"y":-3.5},{"x":4,"y":-3.5},{"x":7,"y":-3.5},{"x":8,"y":-3.5},{"x":3.5,"y":-2.5},{"x":4.5,"y":-2.5},{"x":6.5,"y":-2.5},{"x":7.5,"y":-2.5},{"x":4,"y":-1.5},{"x":5,"y":-1.5},{"x":6,"y":-1.5},{"x":7,"y":-1.5}]},{"index":2,"tiles":[{"x":4.5,"y":-8.5},{"x":6.5,"y":-8.5},{"x":3.5,"y":-8},{"x":7.5,"y":-8},{"x":4.5,"y":-7.5},{"x":5.5,"y":-7.5},{"x":6.5,"y":-7.5},{"x":3,"y":-6.5},{"x":4,"y":-6.5},{"x":5.5,"y":-6.5},{"x":7,"y":-6.5},{"x":8,"y":-6.5},{"x":1.5,"y":-5.5},{"x":2.5,"y":-5.5},{"x":3.5,"y":-5.5},{"x":7.5,"y":-5.5},{"x":8.5,"y":-5.5},{"x":9.5,"y":-5.5},{"x":1.5,"y":-4.5},{"x":2.5,"y":-4.5},{"x":3.5,"y":-4.5},{"x":7.5,"y":-4.5},{"x":8.5,"y":-4.5},{"x":9.5,"y":-4.5},{"x":3,"y":-3.5},{"x":4,"y":-3.5},{"x":7,"y":-3.5},{"x":8,"y":-3.5},{"x":3.5,"y":-2.5},{"x":4.5,"y":-2.5},{"x":6.5,"y":-2.5},{"x":7.5,"y":-2.5},{"x":4,"y":-1.5},{"x":5,"y":-1.5},{"x":6,"y":-1.5},{"x":7,"y":-1.5}]}],"seeds":["yxOCRnRYjRclU+VQFRd6j6Z06mCh6YFdociFJwSGZvF9E8mJkYEFXXRRH5OBoBhaXqE1AiRkyOgMVhcGnUNEXqKACDgQofOFDDeEULmAIghF"]},{"layers":[{"index":0,"tiles":[{"x":4,"y":-8.5},{"x":7,"y":-8.5},{"x":3,"y":-8},{"x":8,"y":-8},{"x":4,"y":-7.5},{"x":5,"y":-7.5},{"x":6,"y":-7.5},{"x":7,"y":-7.5},{"x":2,"y":-7},{"x":3,"y":-7},{"x":8,"y":-7},{"x":9,"y":-7},{"x":1,"y":-6},{"x":2,"y":-6},{"x":3,"y":-6},{"x":4,"y":-6},{"x":5,"y":-6},{"x":6,"y":-6},{"x":7,"y":-6},{"x":8,"y":-6},{"x":9,"y":-6},{"x":10,"y":-6},{"x":1,"y":-5},{"x":2,"y":-5},{"x":3,"y":-5},{"x":4.5,"y":-5},{"x":6.5,"y":-5},{"x":8,"y":-5},{"x":9,"y":-5},{"x":10,"y":-5},{"x":1,"y":-4},{"x":2,"y":-4},{"x":3,"y":-4},{"x":4,"y":-4},{"x":5,"y":-4},{"x":6,"y":-4},{"x":7,"y":-4},{"x":8,"y":-4},{"x":9,"y":-4},{"x":10,"y":-4},{"x":2,"y":-3},{"x":3,"y":-3},{"x":8,"y":-3},{"x":9,"y":-3},{"x":4,"y":-2.5},{"x":5,"y":-2.5},{"x":6,"y":-2.5},{"x":7,"y":-2.5},{"x":5,"y":-1.5},{"x":6,"y":-1.5},{"x":4,"y":-1},{"x":7,"y":-1}]},{"index":1,"tiles":[{"x":4,"y":-8.5},{"x":7,"y":-8.5},{"x":3,"y":-8},{"x":8,"y":-8},{"x":4,"y":-7.5},{"x":5,"y":-7.5},{"x":6,"y":-7.5},{"x":7,"y":-7.5},{"x":2,"y":-7},{"x":3,"y":-7},{"x":8,"y":-7},{"x":9,"y":-7},{"x":1,"y":-6},{"x":2,"y":-6},{"x":3,"y":-6},{"x":4,"y":-6},{"x":5,"y":-6},{"x":6,"y":-6},{"x":7,"y":-6},{"x":8,"y":-6},{"x":9,"y":-6},{"x":10,"y":-6},{"x":1,"y":-5},{"x":2,"y":-5},{"x":3,"y":-5},{"x":4.5,"y":-5},{"x":6.5,"y":-5},{"x":8,"y":-5},{"x":9,"y":-5},{"x":10,"y":-5},{"x":1,"y":-4},{"x":2,"y":-4},{"x":3,"y":-4},{"x":4,"y":-4},{"x":5,"y":-4},{"x":6,"y":-4},{"x":7,"y":-4},{"x":8,"y":-4},{"x":9,"y":-4},{"x":10,"y":-4},{"x":2,"y":-3},{"x":3,"y":-3},{"x":8,"y":-3},{"x":9,"y":-3},{"x":4,"y":-2.5},{"x":5,"y":-2.5},{"x":6,"y":-2.5},{"x":7,"y":-2.5},{"x":5,"y":-1.5},{"x":6,"y":-1.5},{"x":4,"y":-1},{"x":7,"y":-1}]},{"index":2,"tiles":[{"x":4,"y":-8.5},{"x":7,"y":-8.5},{"x":3,"y":-8},{"x":8,"y":-8},{"x":4,"y":-7.5},{"x":5,"y":-7.5},{"x":6,"y":-7.5},{"x":7,"y":-7.5},{"x":2,"y":-7},{"x":3,"y":-7},{"x":8,"y":-7},{"x":9,"y":-7},{"x":1,"y":-6},{"x":2,"y":-6},{"x":3,"y":-6},{"x":4,"y":-6},{"x":5,"y":-6},{"x":6,"y":-6},{"x":7,"y":-6},{"x":8,"y":-6},{"x":9,"y":-6},{"x":10,"y":-6},{"x":1,"y":-5},{"x":2,"y":-5},{"x":3,"y":-5},{"x":4.5,"y":-5},{"x":6.5,"y":-5},{"x":8,"y":-5},{"x":9,"y":-5},{"x":10,"y":-5},{"x":1,"y":-4},{"x":2,"y":-4},{"x":3,"y":-4},{"x":4,"y":-4},{"x":5,"y":-4},{"x":6,"y":-4},{"x":7,"y":-4},{"x":8,"y":-4},{"x":9,"y":-4},{"x":10,"y":-4},{"x":2,"y":-3},{"x":3,"y":-3},{"x":8,"y":-3},{"x":9,"y":-3},{"x":4,"y":-2.5},{"x":5,"y":-2.5},{"x":6,"y":-2.5},{"x":7,"y":-2.5},{"x":5,"y":-1.5},{"x":6,"y":-1.5},{"x":4,"y":-1},{"x":7,"y":-1}]}],"seeds":["AqFBXPB4iUGJXCAZCxWFiWI9BQNOUxkeDnURHzaEISccZHMpjZdljtihjCE6FqNo1TB9nuFVXRh2HSgN3AZiBdM1nRNQ3JOC4rh0jwUNSBdalYgsIniBSahwSah+Hgd6yymI4BcSIBeZYEF8nVBt39VMXSEG"]},{"layers":[{"index":0,"tiles":[{"x":2.5,"y":-8.5},{"x":5.5,"y":-8.5},{"x":8.5,"y":-8.5},{"x":3.5,"y":-8},{"x":4.5,"y":-8},{"x":6.5,"y":-8},{"x":7.5,"y":-8},{"x":2,"y":-7},{"x":3,"y":-7},{"x":4,"y":-7},{"x":5.5,"y":-7},{"x":7,"y":-7},{"x":8,"y":-7},{"x":9,"y":-7},{"x":1.5,"y":-6},{"x":4,"y":-6},{"x":5.5,"y":-6},{"x":7,"y":-6},{"x":9.5,"y":-6},{"x":2.5,"y":-5.5},{"x":8.5,"y":-5.5},{"x":1,"y":-5},{"x":4,"y":-5},{"x":5.5,"y":-5},{"x":7,"y":-5},{"x":10,"y":-5},{"x":2.5,"y":-4.5},{"x":8.5,"y":-4.5},{"x":1.5,"y":-4},{"x":4,"y":-4},{"x":5.5,"y":-4},{"x":7,"y":-4},{"x":9.5,"y":-4},{"x":2,"y":-3},{"x":3,"y":-3},{"x":4,"y":-3},{"x":5.5,"y":-3},{"x":7,"y":-3},{"x":8,"y":-3},{"x":9,"y":-3},{"x":3.5,"y":-2},{"x":4.5,"y":-2},{"x":6.5,"y":-2},{"x":7.5,"y":-2},{"x":2.5,"y":-1.5},{"x":5.5,"y":-1.5},{"x":8.5,"y":-1.5}]},{"index":1,"tiles":[{"x":2.5,"y":-8.5},{"x":5.5,"y":-8.5},{"x":8.5,"y":-8.5},{"x":3.5,"y":-8},{"x":4.5,"y":-8},{"x":6.5,"y":-8},{"x":7.5,"y":-8},{"x":2,"y":-7},{"x":3,"y":-7},{"x":4,"y":-7},{"x":5.5,"y":-7},{"x":7,"y":-7},{"x":8,"y":-7},{"x":9,"y":-7},{"x":1.5,"y":-6},{"x":4,"y":-6},{"x":5.5,"y":-6},{"x":7,"y":-6},{"x":9.5,"y":-6},{"x":2.5,"y":-5.5},{"x":8.5,"y":-5.5},{"x":1,"y":-5},{"x":4,"y":-5},{"x":5.5,"y":-5},{"x":7,"y":-5},{"x":10,"y":-5},{"x":2.5,"y":-4.5},{"x":8.5,"y":-4.5},{"x":1.5,"y":-4},{"x":4,"y":-4},{"x":5.5,"y":-4},{"x":7,"y":-4},{"x":9.5,"y":-4},{"x":2,"y":-3},{"x":3,"y":-3},{"x":4,"y":-3},{"x":5.5,"y":-3},{"x":7,"y":-3},{"x":8,"y":-3},{"x":9,"y":-3},{"x":3.5,"y":-2},{"x":4.5,"y":-2},{"x":6.5,"y":-2},{"x":7.5,"y":-2},{"x":2.5,"y":-1.5},{"x":5.5,"y":-1.5},{"x":8.5,"y":-1.5}]}],"seeds":["IchJC9MpSNIR3VGGFshJpmhwoOdlBOOpl9NZwvFhH/dkYdOEyhQGJ7RMnaF10OiBkfOFX4KBIlIM1FWlmihQDziQVSGiQQQA"]},{"layers":[{"index":0,"tiles":[{"x":5,"y":-7.5},{"x":6,"y":-7.5},{"x":4,"y":-7},{"x":7,"y":-7},{"x":3,"y":-6.5},{"x":5,"y":-6.5},{"x":6,"y":-6.5},{"x":8,"y":-6.5},{"x":2,"y":-6},{"x":9,"y":-6},{"x":1,"y":-5.5},{"x":3,"y":-5.5},{"x":5,"y":-5.5},{"x":6,"y":-5.5},{"x":8,"y":-5.5},{"x":10,"y":-5.5},{"x":2,"y":-5},{"x":4,"y":-5},{"x":7,"y":-5},{"x":9,"y":-5},{"x":1,"y":-4.5},{"x":3,"y":-4.5},{"x":5,"y":-4.5},{"x":6,"y":-4.5},{"x":8,"y":-4.5},{"x":10,"y":-4.5},{"x":2,"y":-4},{"x":4,"y":-4},{"x":7,"y":-4},{"x":9,"y":-4},{"x":1,"y":-3.5},{"x":3,"y":-3.5},{"x":5,"y":-3.5},{"x":6,"y":-3.5},{"x":8,"y":-3.5},{"x":10,"y":-3.5},{"x":2,"y":-3},{"x":4,"y":-3},{"x":7,"y":-3},{"x":9,"y":-3},{"x":1,"y":-2.5},{"x":3,"y":-2.5},{"x":5,"y":-2.5},{"x":6,"y":-2.5},{"x":8,"y":-2.5},{"x":10,"y":-2.5},{"x":4,"y":-2},{"x":7,"y":-2},{"x":1,"y":-1.5},{"x":5,"y":-1.5},{"x":6,"y":-1.5},{"x":10,"y":-1.5}]},{"index":1,"tiles":[{"x":5,"y":-7.5},{"x":6,"y":-7.5},{"x":4,"y":-7},{"x":7,"y":-7},{"x":3,"y":-6.5},{"x":5,"y":-6.5},{"x":6,"y":-6.5},{"x":8,"y":-6.5},{"x":2,"y":-6},{"x":9,"y":-6},{"x":1,"y":-5.5},{"x":3,"y":-5.5},{"x":5,"y":-5.5},{"x":6,"y":-5.5},{"x":8,"y":-5.5},{"x":10,"y":-5.5},{"x":2,"y":-5},{"x":4,"y":-5},{"x":7,"y":-5},{"x":9,"y":-5},{"x":1,"y":-4.5},{"x":3,"y":-4.5},{"x":5,"y":-4.5},{"x":6,"y":-4.5},{"x":8,"y":-4.5},{"x":10,"y":-4.5},{"x":2,"y":-4},{"x":4,"y":-4},{"x":7,"y":-4},{"x":9,"y":-4},{"x":1,"y":-3.5},{"x":3,"y":-3.5},{"x":5,"y":-3.5},{"x":6,"y":-3.5},{"x":8,"y":-3.5},{"x":10,"y":-3.5},{"x":2,"y":-3},{"x":4,"y":-3},{"x":7,"y":-3},{"x":9,"y":-3},{"x":1,"y":-2.5},{"x":3,"y":-2.5},{"x":5,"y":-2.5},{"x":6,"y":-2.5},{"x":8,"y":-2.5},{"x":10,"y":-2.5},{"x":4,"y":-2},{"x":7,"y":-2},{"x":1,"y":-1.5},{"x":5,"y":-1.5},{"x":6,"y":-1.5},{"x":10,"y":-1.5}]},{"index":2,"tiles":[{"x":5,"y":-7.5},{"x":6,"y":-7.5},{"x":4,"y":-7},{"x":7,"y":-7},{"x":3,"y":-6.5},{"x":5,"y":-6.5},{"x":6,"y":-6.5},{"x":8,"y":-6.5},{"x":2,"y":-6},{"x":9,"y":-6},{"x":1,"y":-5.5},{"x":3,"y":-5.5},{"x":5,"y":-5.5},{"x":6,"y":-5.5},{"x":8,"y":-5.5},{"x":10,"y":-5.5},{"x":2,"y":-5},{"x":4,"y":-5},{"x":7,"y":-5},{"x":9,"y":-5},{"x":1,"y":-4.5},{"x":3,"y":-4.5},{"x":5,"y":-4.5},{"x":6,"y":-4.5},{"x":8,"y":-4.5},{"x":10,"y":-4.5},{"x":2,"y":-4},{"x":4,"y":-4},{"x":7,"y":-4},{"x":9,"y":-4},{"x":1,"y":-3.5},{"x":3,"y":-3.5},{"x":5,"y":-3.5},{"x":6,"y":-3.5},{"x":8,"y":-3.5},{"x":10,"y":-3.5},{"x":2,"y":-3},{"x":4,"y":-3},{"x":7,"y":-3},{"x":9,"y":-3},{"x":1,"y":-2.5},{"x":3,"y":-2.5},{"x":5,"y":-2.5},{"x":6,"y":-2.5},{"x":8,"y":-2.5},{"x":10,"y":-2.5},{"x":4,"y":-2},{"x":7,"y":-2},{"x":1,"y":-1.5},{"x":5,"y":-1.5},{"x":6,"y":-1.5},{"x":10,"y":-1.5}]}],"seeds":["4Dd5yhFZFLeIYXhl3wYyygemyVUlxBcOxgeBYFcIjSFZHdKMSEgWQVcJxSAo3EQ0RtBRmBJeBVVFFyiCTvB8xPKEnCkyx9CJHCFwYSBSClZajQgW6CZq3hRyEseooaFU4ul1llZknQOKXuctjrc4AwhxjDiF"]},{"layers":[{"index":0,"tiles":[{"x":4.5,"y":-8.5},{"x":6.5,"y":-8.5},{"x":3.5,"y":-8},{"x":5.5,"y":-8},{"x":7.5,"y":-8},{"x":2.5,"y":-7.5},{"x":8.5,"y":-7.5},{"x":5.5,"y":-7},{"x":4,"y":-6},{"x":5.5,"y":-6},{"x":7,"y":-6},{"x":3,"y":-5.5},{"x":8,"y":-5.5},{"x":2,"y":-5},{"x":4,"y":-5},{"x":5.5,"y":-5},{"x":7,"y":-5},{"x":9,"y":-5},{"x":1,"y":-4.5},{"x":10,"y":-4.5},{"x":2,"y":-4},{"x":4,"y":-4},{"x":7,"y":-4},{"x":9,"y":-4},{"x":3,"y":-3.5},{"x":8,"y":-3.5},{"x":4,"y":-3},{"x":7,"y":-3},{"x":1.5,"y":-2},{"x":9.5,"y":-2},{"x":2.5,"y":-1.5},{"x":4.5,"y":-1.5},{"x":6.5,"y":-1.5},{"x":8.5,"y":-1.5},{"x":1.5,"y":-1},{"x":3.5,"y":-1},{"x":7.5,"y":-1},{"x":9.5,"y":-1}]},{"index":1,"tiles":[{"x":4.5,"y":-8.5},{"x":6.5,"y":-8.5},{"x":3.5,"y":-8},{"x":5.5,"y":-8},{"x":7.5,"y":-8},{"x":2.5,"y":-7.5},{"x":8.5,"y":-7.5},{"x":5.5,"y":-7},{"x":5.5,"y":-6},{"x":7,"y":-6},{"x":3,"y":-5.5},{"x":8,"y":-5.5},{"x":2,"y":-5},{"x":5.5,"y":-5},{"x":7,"y":-5},{"x":9,"y":-5},{"x":1,"y":-4.5},{"x":10,"y":-4.5},{"x":2,"y":-4},{"x":7,"y":-4},{"x":9,"y":-4},{"x":3,"y":-3.5},{"x":8,"y":-3.5},{"x":7,"y":-3},{"x":1.5,"y":-2},{"x":9.5,"y":-2},{"x":2.5,"y":-1.5},{"x":4.5,"y":-1.5},{"x":6.5,"y":-1.5},{"x":8.5,"y":-1.5},{"x":1.5,"y":-1},{"x":3.5,"y":-1},{"x":7.5,"y":-1},{"x":9.5,"y":-1}]},{"index":2,"tiles":[{"x":4.5,"y":-8.5},{"x":6.5,"y":-8.5},{"x":3.5,"y":-8},{"x":5.5,"y":-8},{"x":7.5,"y":-8},{"x":2.5,"y":-7.5},{"x":8.5,"y":-7.5},{"x":5.5,"y":-7},{"x":5.5,"y":-6},{"x":7,"y":-6},{"x":3,"y":-5.5},{"x":8,"y":-5.5},{"x":2,"y":-5},{"x":5.5,"y":-5},{"x":7,"y":-5},{"x":9,"y":-5},{"x":1,"y":-4.5},{"x":10,"y":-4.5},{"x":2,"y":-4},{"x":7,"y":-4},{"x":9,"y":-4},{"x":3,"y":-3.5},{"x":8,"y":-3.5},{"x":7,"y":-3},{"x":1.5,"y":-2},{"x":9.5,"y":-2},{"x":2.5,"y":-1.5},{"x":4.5,"y":-1.5},{"x":6.5,"y":-1.5},{"x":8.5,"y":-1.5},{"x":1.5,"y":-1},{"x":3.5,"y":-1},{"x":7.5,"y":-1},{"x":9.5,"y":-1}]}],"seeds":["Q6eYpzhtgYNUW1Nyw2J5kcRdYDKKTShYZDSBmChySueJ36cdj+SFRFcZVxBgYFYQ3YQkSvdRoBcyHXM4KRc+CpRNAvSJYcGBKBeqGmWAwQIA"]},{"layers":[{"index":0,"tiles":[{"x":5.5,"y":-8.5},{"x":4.5,"y":-8},{"x":6.5,"y":-8},{"x":2.5,"y":-7.5},{"x":3.5,"y":-7.5},{"x":5.5,"y":-7.5},{"x":7.5,"y":-7.5},{"x":8.5,"y":-7.5},{"x":2,"y":-6.5},{"x":3,"y":-6.5},{"x":4,"y":-6.5},{"x":5,"y":-6.5},{"x":6,"y":-6.5},{"x":7,"y":-6.5},{"x":8,"y":-6.5},{"x":9,"y":-6.5},{"x":1.5,"y":-5.5},{"x":2.5,"y":-5.5},{"x":3.5,"y":-5.5},{"x":7.5,"y":-5.5},{"x":8.5,"y":-5.5},{"x":9.5,"y":-5.5},{"x":1,"y":-4.5},{"x":2,"y":-4.5},{"x":3,"y":-4.5},{"x":8,"y":-4.5},{"x":9,"y":-4.5},{"x":10,"y":-4.5},{"x":1.5,"y":-3.5},{"x":2.5,"y":-3.5},{"x":3.5,"y":-3.5},{"x":7.5,"y":-3.5},{"x":8.5,"y":-3.5},{"x":9.5,"y":-3.5},{"x":2,"y":-2.5},{"x":3,"y":-2.5},{"x":4,"y":-2.5},{"x":5,"y":-2.5},{"x":6,"y":-2.5},{"x":7,"y":-2.5},{"x":8,"y":-2.5},{"x":9,"y":-2.5},{"x":2.5,"y":-1.5},{"x":3.5,"y":-1.5},{"x":7.5,"y":-1.5},{"x":8.5,"y":-1.5}]},{"index":1,"tiles":[{"x":5.5,"y":-8.5},{"x":4.5,"y":-8},{"x":6.5,"y":-8},{"x":2.5,"y":-7.5},{"x":3.5,"y":-7.5},{"x":5.5,"y":-7.5},{"x":7.5,"y":-7.5},{"x":8.5,"y":-7.5},{"x":2,"y":-6.5},{"x":3,"y":-6.5},{"x":4,"y":-6.5},{"x":5,"y":-6.5},{"x":6,"y":-6.5},{"x":7,"y":-6.5},{"x":8,"y":-6.5},{"x":9,"y":-6.5},{"x":1.5,"y":-5.5},{"x":2.5,"y":-5.5},{"x":3.5,"y":-5.5},{"x":7.5,"y":-5.5},{"x":8.5,"y":-5.5},{"x":9.5,"y":-5.5},{"x":1,"y":-4.5},{"x":2,"y":-4.5},{"x":3,"y":-4.5},{"x":8,"y":-4.5},{"x":9,"y":-4.5},{"x":10,"y":-4.5},{"x":1.5,"y":-3.5},{"x":2.5,"y":-3.5},{"x":3.5,"y":-3.5},{"x":7.5,"y":-3.5},{"x":8.5,"y":-3.5},{"x":9.5,"y":-3.5},{"x":2,"y":-2.5},{"x":3,"y":-2.5},{"x":4,"y":-2.5},{"x":5,"y":-2.5},{"x":6,"y":-2.5},{"x":7,"y":-2.5},{"x":8,"y":-2.5},{"x":9,"y":-2.5},{"x":2.5,"y":-1.5},{"x":3.5,"y":-1.5},{"x":7.5,"y":-1.5},{"x":8.5,"y":-1.5}]},{"index":2,"tiles":[{"x":5.5,"y":-8.5},{"x":4.5,"y":-8},{"x":6.5,"y":-8},{"x":2.5,"y":-7.5},{"x":3.5,"y":-7.5},{"x":5.5,"y":-7.5},{"x":7.5,"y":-7.5},{"x":8.5,"y":-7.5},{"x":2,"y":-6.5},{"x":3,"y":-6.5},{"x":4,"y":-6.5},{"x":5,"y":-6.5},{"x":6,"y":-6.5},{"x":7,"y":-6.5},{"x":8,"y":-6.5},{"x":9,"y":-6.5},{"x":1.5,"y":-5.5},{"x":2.5,"y":-5.5},{"x":3.5,"y":-5.5},{"x":7.5,"y":-5.5},{"x":8.5,"y":-5.5},{"x":9.5,"y":-5.5},{"x":1,"y":-4.5},{"x":2,"y":-4.5},{"x":3,"y":-4.5},{"x":8,"y":-4.5},{"x":9,"y":-4.5},{"x":10,"y":-4.5},{"x":1.5,"y":-3.5},{"x":2.5,"y":-3.5},{"x":3.5,"y":-3.5},{"x":7.5,"y":-3.5},{"x":8.5,"y":-3.5},{"x":9.5,"y":-3.5},{"x":2,"y":-2.5},{"x":3,"y":-2.5},{"x":4,"y":-2.5},{"x":5,"y":-2.5},{"x":6,"y":-2.5},{"x":7,"y":-2.5},{"x":8,"y":-2.5},{"x":9,"y":-2.5},{"x":2.5,"y":-1.5},{"x":3.5,"y":-1.5},{"x":7.5,"y":-1.5},{"x":8.5,"y":-1.5}]}],"seeds":["YcY9GNgoStAIg/aokaNUnaN8H2eFC4qZA1RSB/gJwkF4H+VZU1gIoEdkHHUhCzOF3SZ+AmVxxcIwoFFxYicykigG3OB1g7RZXHKBYCQ2ZOCFiBcGIZFqIDFByck1nWhMXxdWgjhWCwgA"]},{"layers":[{"index":0,"tiles":[{"x":4,"y":-7.5},{"x":5.5,"y":-7.5},{"x":7,"y":-7.5},{"x":4,"y":-6.5},{"x":5,"y":-6.5},{"x":6,"y":-6.5},{"x":7,"y":-6.5},{"x":2,"y":-6},{"x":3,"y":-6},{"x":8,"y":-6},{"x":9,"y":-6},{"x":3,"y":-5},{"x":4.5,"y":-5},{"x":6.5,"y":-5},{"x":8,"y":-5},{"x":1,"y":-4.5},{"x":2,"y":-4.5},{"x":5.5,"y":-4.5},{"x":9,"y":-4.5},{"x":10,"y":-4.5},{"x":3,"y":-4},{"x":4.5,"y":-4},{"x":6.5,"y":-4},{"x":8,"y":-4},{"x":2,"y":-3},{"x":3,"y":-3},{"x":8,"y":-3},{"x":9,"y":-3},{"x":4,"y":-2.5},{"x":5,"y":-2.5},{"x":6,"y":-2.5},{"x":7,"y":-2.5},{"x":4,"y":-1.5},{"x":5.5,"y":-1.5},{"x":7,"y":-1.5}]},{"index":1,"tiles":[{"x":4,"y":-7.5},{"x":5.5,"y":-7.5},{"x":7,"y":-7.5},{"x":4,"y":-6.5},{"x":5,"y":-6.5},{"x":6,"y":-6.5},{"x":7,"y":-6.5},{"x":2,"y":-6},{"x":3,"y":-6},{"x":8,"y":-6},{"x":9,"y":-6},{"x":3,"y":-5},{"x":4.5,"y":-5},{"x":6.5,"y":-5},{"x":8,"y":-5},{"x":1,"y":-4.5},{"x":2,"y":-4.5},{"x":5.5,"y":-4.5},{"x":9,"y":-4.5},{"x":10,"y":-4.5},{"x":3,"y":-4},{"x":4.5,"y":-4},{"x":6.5,"y":-4},{"x":8,"y":-4},{"x":2,"y":-3},{"x":3,"y":-3},{"x":8,"y":-3},{"x":9,"y":-3},{"x":4,"y":-2.5},{"x":5,"y":-2.5},{"x":6,"y":-2.5},{"x":7,"y":-2.5},{"x":4,"y":-1.5},{"x":5.5,"y":-1.5},{"x":7,"y":-1.5}]},{"index":2,"tiles":[{"x":4,"y":-7.5},{"x":5.5,"y":-7.5},{"x":7,"y":-7.5},{"x":4,"y":-6.5},{"x":5,"y":-6.5},{"x":6,"y":-6.5},{"x":7,"y":-6.5},{"x":3,"y":-6},{"x":8,"y":-6},{"x":9,"y":-6},{"x":3,"y":-5},{"x":4.5,"y":-5},{"x":6.5,"y":-5},{"x":8,"y":-5},{"x":1,"y":-4.5},{"x":2,"y":-4.5},{"x":5.5,"y":-4.5},{"x":9,"y":-4.5},{"x":10,"y":-4.5},{"x":3,"y":-4},{"x":4.5,"y":-4},{"x":6.5,"y":-4},{"x":8,"y":-4},{"x":2,"y":-3},{"x":3,"y":-3},{"x":8,"y":-3},{"x":9,"y":-3},{"x":4,"y":-2.5},{"x":5,"y":-2.5},{"x":6,"y":-2.5},{"x":7,"y":-2.5},{"x":4,"y":-1.5},{"x":5.5,"y":-1.5},{"x":7,"y":-1.5}]}],"seeds":["YRmG4aOIFVdFl2KioOJNTveJYCcGxfJ1iYUxGvcMXEE4TZh1pERBigdeCBJIDXFy2DSAFreACRdM0TiJh0B9Kph6x/aJHmQEhqCJW8hk"]}]]],0,0,[],[],[]]
