[1,["1eaf26b05@6c48a"],["_textureSource"],["cc.SpriteFrame"],0,[[[{"name":"line_divide","rect":{"x":3,"y":1251,"width":352,"height":26},"offset":{"x":0,"y":0},"originalSize":{"width":352,"height":26},"rotated":false,"capInsets":[0,0,0,0],"packable":true,"pixelsToUnit":100,"pivot":{"x":0.5,"y":0.5},"meshType":0}],[0],0,[0],[0],[0]],[[{"name":"sakura-3","rect":{"x":391,"y":984,"width":129,"height":131},"offset":{"x":0,"y":0},"originalSize":{"width":129,"height":131},"rotated":false,"capInsets":[0,0,0,0],"packable":true,"pixelsToUnit":100,"pivot":{"x":0.5,"y":0.5},"meshType":0}],[0],0,[0],[0],[0]],[[{"name":"panel","rect":{"x":3,"y":3,"width":1242,"height":382},"offset":{"x":0,"y":0},"originalSize":{"width":1242,"height":382},"rotated":true,"capInsets":[0,0,0,0],"packable":true,"pixelsToUnit":100,"pivot":{"x":0.5,"y":0.5},"meshType":0}],[0],0,[0],[0],[0]],[[{"name":"fan-blue","rect":{"x":404,"y":1121,"width":275,"height":150},"offset":{"x":0,"y":0},"originalSize":{"width":275,"height":150},"rotated":false,"capInsets":[0,0,0,0],"packable":true,"pixelsToUnit":100,"pivot":{"x":0.5,"y":0.5},"meshType":0}],[0],0,[0],[0],[0]],[[{"name":"leaf-small","rect":{"x":800,"y":671,"width":27,"height":27},"offset":{"x":0,"y":0},"originalSize":{"width":27,"height":27},"rotated":false,"capInsets":[0,0,0,0],"packable":true,"pixelsToUnit":100,"pivot":{"x":0.5,"y":0.5},"meshType":0}],[0],0,[0],[0],[0]],[[{"name":"leaf","rect":{"x":361,"y":1251,"width":37,"height":44},"offset":{"x":0,"y":0},"originalSize":{"width":37,"height":44},"rotated":false,"capInsets":[0,0,0,0],"packable":true,"pixelsToUnit":100,"pivot":{"x":0.5,"y":0.5},"meshType":0}],[0],0,[0],[0],[0]],[[{"name":"GoldTiles","rect":{"x":526,"y":987,"width":118,"height":138},"offset":{"x":0,"y":0},"originalSize":{"width":118,"height":138},"rotated":true,"capInsets":[0,0,0,0],"packable":true,"pixelsToUnit":100,"pivot":{"x":0.5,"y":0.5},"meshType":0}],[0],0,[0],[0],[0]],[[{"name":"2_pb_r","rect":{"x":800,"y":590,"width":21,"height":40},"offset":{"x":0,"y":0},"originalSize":{"width":21,"height":40},"rotated":true,"capInsets":[0,0,0,0],"packable":true,"pixelsToUnit":100,"pivot":{"x":0.5,"y":0.5},"meshType":0}],[0],0,[0],[0],[0]],[[{"name":"deco_banner 1","rect":{"x":706,"y":3,"width":436,"height":102},"offset":{"x":0,"y":0},"originalSize":{"width":436,"height":102},"rotated":true,"capInsets":[0,0,0,0],"packable":true,"pixelsToUnit":100,"pivot":{"x":0.5,"y":0.5},"meshType":0}],[0],0,[0],[0],[0]],[[{"name":"deco_2","rect":{"x":527,"y":637,"width":344,"height":126},"offset":{"x":0,"y":0},"originalSize":{"width":344,"height":126},"rotated":true,"capInsets":[0,0,0,0],"packable":true,"pixelsToUnit":100,"pivot":{"x":0.5,"y":0.5},"meshType":0}],[0],0,[0],[0],[0]],[[{"name":"sakura-1","rect":{"x":691,"y":572,"width":103,"height":98},"offset":{"x":0,"y":0},"originalSize":{"width":103,"height":98},"rotated":false,"capInsets":[0,0,0,0],"packable":true,"pixelsToUnit":100,"pivot":{"x":0.5,"y":0.5},"meshType":0}],[0],0,[0],[0],[0]],[[{"name":"icn_share","rect":{"x":659,"y":813,"width":126,"height":126},"offset":{"x":0,"y":0},"originalSize":{"width":126,"height":126},"rotated":false,"capInsets":[0,0,0,0],"packable":true,"pixelsToUnit":100,"pivot":{"x":0.5,"y":0.5},"meshType":0}],[0],0,[0],[0],[0]],[[{"name":"fan-red","rect":{"x":391,"y":470,"width":294,"height":161},"offset":{"x":0,"y":0},"originalSize":{"width":294,"height":161},"rotated":false,"capInsets":[0,0,0,0],"packable":true,"pixelsToUnit":100,"pivot":{"x":0.5,"y":0.5},"meshType":0}],[0],0,[0],[0],[0]],[[{"name":"2_pb_l","rect":{"x":800,"y":617,"width":21,"height":40},"offset":{"x":0,"y":0},"originalSize":{"width":21,"height":40},"rotated":true,"capInsets":[0,0,0,0],"packable":true,"pixelsToUnit":100,"pivot":{"x":0.5,"y":0.5},"meshType":0}],[0],0,[0],[0],[0]],[[{"name":"2_pb_m","rect":{"x":800,"y":644,"width":21,"height":40},"offset":{"x":0,"y":0},"originalSize":{"width":21,"height":40},"rotated":true,"capInsets":[0,0,0,0],"packable":true,"pixelsToUnit":100,"pivot":{"x":0.5,"y":0.5},"meshType":0}],[0],0,[0],[0],[0]],[[{"name":"box","rect":{"x":695,"y":445,"width":121,"height":92},"offset":{"x":0,"y":0},"originalSize":{"width":121,"height":92},"rotated":true,"capInsets":[0,0,0,0],"packable":true,"pixelsToUnit":100,"pivot":{"x":0.5,"y":0.5},"meshType":0}],[0],0,[0],[0],[0]],[[{"name":"deco_banner 2","rect":{"x":391,"y":279,"width":185,"height":298},"offset":{"x":0,"y":0},"originalSize":{"width":185,"height":298},"rotated":true,"capInsets":[0,0,0,0],"packable":true,"pixelsToUnit":100,"pivot":{"x":0.5,"y":0.5},"meshType":0}],[0],0,[0],[0],[0]],[[{"name":"2_pb_bg","rect":{"x":814,"y":3,"width":581,"height":50},"offset":{"x":0,"y":0},"originalSize":{"width":581,"height":50},"rotated":true,"capInsets":[25,0,25,0],"packable":true,"pixelsToUnit":100,"pivot":{"x":0.5,"y":0.5},"meshType":0}],[0],0,[0],[0],[0]],[[{"name":"sakura-2","rect":{"x":659,"y":676,"width":132,"height":131},"offset":{"x":0,"y":0},"originalSize":{"width":132,"height":131},"rotated":false,"capInsets":[0,0,0,0],"packable":true,"pixelsToUnit":100,"pivot":{"x":0.5,"y":0.5},"meshType":0}],[0],0,[0],[0],[0]],[[{"name":"deco_1","rect":{"x":391,"y":637,"width":341,"height":130},"offset":{"x":0,"y":0},"originalSize":{"width":341,"height":130},"rotated":true,"capInsets":[0,0,0,0],"packable":true,"pixelsToUnit":100,"pivot":{"x":0.5,"y":0.5},"meshType":0}],[0],0,[0],[0],[0]],[[{"name":"glow","rect":{"x":391,"y":3,"width":270,"height":309},"offset":{"x":0,"y":0},"originalSize":{"width":270,"height":317},"rotated":true,"capInsets":[0,0,0,0],"packable":true,"pixelsToUnit":100,"pivot":{"x":0.5,"y":0.5},"meshType":0}],[0],0,[0],[0],[0]]]]
