[1,0,0,[["cc.JsonAsset",["_name","json"],1]],[[0,0,1,3]],[[0,"level_001561-30",[{"layers":[{"index":0,"tiles":[{"x":5,"y":-8.5},{"x":6,"y":-8.5},{"x":2,"y":-8},{"x":9,"y":-8},{"x":3,"y":-7.5},{"x":5,"y":-7.5},{"x":6,"y":-7.5},{"x":8,"y":-7.5},{"x":2,"y":-7},{"x":4,"y":-7},{"x":7,"y":-7},{"x":9,"y":-7},{"x":3,"y":-6.5},{"x":5,"y":-6.5},{"x":6,"y":-6.5},{"x":8,"y":-6.5},{"x":4,"y":-6},{"x":7,"y":-6},{"x":5,"y":-5.5},{"x":6,"y":-5.5},{"x":4,"y":-4.5},{"x":5,"y":-4.5},{"x":6,"y":-4.5},{"x":7,"y":-4.5},{"x":5,"y":-3.5},{"x":6,"y":-3.5},{"x":4,"y":-3},{"x":7,"y":-3},{"x":3,"y":-2.5},{"x":5,"y":-2.5},{"x":6,"y":-2.5},{"x":8,"y":-2.5},{"x":4,"y":-2},{"x":7,"y":-2},{"x":5,"y":-1.5},{"x":6,"y":-1.5}]},{"index":1,"tiles":[{"x":5,"y":-8.5},{"x":6,"y":-8.5},{"x":2,"y":-8},{"x":9,"y":-8},{"x":3,"y":-7.5},{"x":5,"y":-7.5},{"x":6,"y":-7.5},{"x":8,"y":-7.5},{"x":2,"y":-7},{"x":4,"y":-7},{"x":7,"y":-7},{"x":9,"y":-7},{"x":3,"y":-6.5},{"x":5,"y":-6.5},{"x":6,"y":-6.5},{"x":8,"y":-6.5},{"x":4,"y":-6},{"x":7,"y":-6},{"x":5,"y":-5.5},{"x":6,"y":-5.5},{"x":4,"y":-4.5},{"x":5,"y":-4.5},{"x":6,"y":-4.5},{"x":7,"y":-4.5},{"x":5,"y":-3.5},{"x":6,"y":-3.5},{"x":4,"y":-3},{"x":7,"y":-3},{"x":3,"y":-2.5},{"x":5,"y":-2.5},{"x":6,"y":-2.5},{"x":8,"y":-2.5},{"x":4,"y":-2},{"x":7,"y":-2},{"x":5,"y":-1.5},{"x":6,"y":-1.5}]},{"index":2,"tiles":[{"x":5,"y":-8.5},{"x":6,"y":-8.5},{"x":2,"y":-8},{"x":9,"y":-8},{"x":3,"y":-7.5},{"x":5,"y":-7.5},{"x":6,"y":-7.5},{"x":8,"y":-7.5},{"x":2,"y":-7},{"x":4,"y":-7},{"x":7,"y":-7},{"x":9,"y":-7},{"x":3,"y":-6.5},{"x":5,"y":-6.5},{"x":6,"y":-6.5},{"x":8,"y":-6.5},{"x":4,"y":-6},{"x":7,"y":-6},{"x":5,"y":-5.5},{"x":6,"y":-5.5},{"x":4,"y":-4.5},{"x":5,"y":-4.5},{"x":6,"y":-4.5},{"x":7,"y":-4.5},{"x":5,"y":-3.5},{"x":6,"y":-3.5},{"x":4,"y":-3},{"x":7,"y":-3},{"x":3,"y":-2.5},{"x":5,"y":-2.5},{"x":6,"y":-2.5},{"x":8,"y":-2.5},{"x":4,"y":-2},{"x":7,"y":-2},{"x":5,"y":-1.5},{"x":6,"y":-1.5}]}],"seeds":["CsWAnPVUCQVa3IUkk3Mgy7ERSiBiYsk14CUuk6CiWfiBYDcQXddIpiKmnwSKoLh1IQZV3uk8hvKFZGeAUwd5QsBxWhGEHjd6TDYVkRZGwxeE"]},{"layers":[{"index":0,"tiles":[{"x":3,"y":-8.5},{"x":8,"y":-8.5},{"x":4,"y":-8},{"x":7,"y":-8},{"x":5,"y":-7.5},{"x":6,"y":-7.5},{"x":1,"y":-6.5},{"x":2,"y":-6.5},{"x":3,"y":-6.5},{"x":4,"y":-6.5},{"x":5,"y":-6.5},{"x":6,"y":-6.5},{"x":7,"y":-6.5},{"x":8,"y":-6.5},{"x":9,"y":-6.5},{"x":10,"y":-6.5},{"x":1,"y":-5.5},{"x":3.5,"y":-5.5},{"x":5.5,"y":-5.5},{"x":7.5,"y":-5.5},{"x":10,"y":-5.5},{"x":1,"y":-4.5},{"x":2,"y":-4.5},{"x":3,"y":-4.5},{"x":4,"y":-4.5},{"x":5,"y":-4.5},{"x":6,"y":-4.5},{"x":7,"y":-4.5},{"x":8,"y":-4.5},{"x":9,"y":-4.5},{"x":10,"y":-4.5},{"x":1.5,"y":-3.5},{"x":4,"y":-3.5},{"x":5.5,"y":-3.5},{"x":7,"y":-3.5},{"x":9.5,"y":-3.5},{"x":1.5,"y":-2.5},{"x":2.5,"y":-2.5},{"x":3.5,"y":-2.5},{"x":4.5,"y":-2.5},{"x":5.5,"y":-2.5},{"x":6.5,"y":-2.5},{"x":7.5,"y":-2.5},{"x":8.5,"y":-2.5},{"x":9.5,"y":-2.5},{"x":2,"y":-1.5},{"x":4,"y":-1.5},{"x":5.5,"y":-1.5},{"x":7,"y":-1.5},{"x":9,"y":-1.5}]},{"index":1,"tiles":[{"x":3,"y":-8.5},{"x":8,"y":-8.5},{"x":4,"y":-8},{"x":7,"y":-8},{"x":5,"y":-7.5},{"x":6,"y":-7.5},{"x":1,"y":-6.5},{"x":2,"y":-6.5},{"x":3,"y":-6.5},{"x":4,"y":-6.5},{"x":5,"y":-6.5},{"x":6,"y":-6.5},{"x":7,"y":-6.5},{"x":8,"y":-6.5},{"x":9,"y":-6.5},{"x":10,"y":-6.5},{"x":1,"y":-5.5},{"x":3.5,"y":-5.5},{"x":5.5,"y":-5.5},{"x":7.5,"y":-5.5},{"x":10,"y":-5.5},{"x":1,"y":-4.5},{"x":2,"y":-4.5},{"x":3,"y":-4.5},{"x":4,"y":-4.5},{"x":5,"y":-4.5},{"x":6,"y":-4.5},{"x":7,"y":-4.5},{"x":8,"y":-4.5},{"x":9,"y":-4.5},{"x":10,"y":-4.5},{"x":1.5,"y":-3.5},{"x":4,"y":-3.5},{"x":5.5,"y":-3.5},{"x":7,"y":-3.5},{"x":9.5,"y":-3.5},{"x":1.5,"y":-2.5},{"x":2.5,"y":-2.5},{"x":3.5,"y":-2.5},{"x":4.5,"y":-2.5},{"x":5.5,"y":-2.5},{"x":6.5,"y":-2.5},{"x":7.5,"y":-2.5},{"x":8.5,"y":-2.5},{"x":9.5,"y":-2.5},{"x":2,"y":-1.5},{"x":4,"y":-1.5},{"x":5.5,"y":-1.5},{"x":7,"y":-1.5},{"x":9,"y":-1.5}]},{"index":2,"tiles":[{"x":3,"y":-8.5},{"x":8,"y":-8.5},{"x":4,"y":-8},{"x":7,"y":-8},{"x":5,"y":-7.5},{"x":6,"y":-7.5},{"x":1,"y":-6.5},{"x":2,"y":-6.5},{"x":3,"y":-6.5},{"x":4,"y":-6.5},{"x":5,"y":-6.5},{"x":6,"y":-6.5},{"x":7,"y":-6.5},{"x":8,"y":-6.5},{"x":9,"y":-6.5},{"x":10,"y":-6.5},{"x":1,"y":-5.5},{"x":3.5,"y":-5.5},{"x":5.5,"y":-5.5},{"x":7.5,"y":-5.5},{"x":10,"y":-5.5},{"x":1,"y":-4.5},{"x":2,"y":-4.5},{"x":3,"y":-4.5},{"x":4,"y":-4.5},{"x":5,"y":-4.5},{"x":6,"y":-4.5},{"x":7,"y":-4.5},{"x":8,"y":-4.5},{"x":9,"y":-4.5},{"x":10,"y":-4.5},{"x":1.5,"y":-3.5},{"x":4,"y":-3.5},{"x":5.5,"y":-3.5},{"x":7,"y":-3.5},{"x":9.5,"y":-3.5},{"x":1.5,"y":-2.5},{"x":2.5,"y":-2.5},{"x":3.5,"y":-2.5},{"x":4.5,"y":-2.5},{"x":5.5,"y":-2.5},{"x":6.5,"y":-2.5},{"x":7.5,"y":-2.5},{"x":8.5,"y":-2.5},{"x":9.5,"y":-2.5},{"x":2,"y":-1.5},{"x":4,"y":-1.5},{"x":5.5,"y":-1.5},{"x":7,"y":-1.5},{"x":9,"y":-1.5}]}],"seeds":["UDgmQ5Z1VxNZIqGKA+Yx33dIC+MQZJgSXsVpBugoCxU9XCcokgROXFA0CCFQz/ApgeVYIScSnjcNBIh4HhguYAdWSVGBS0g1k3Bx3Gc0H1WV4hRqoriBnOmAFtR1hYgdpyFxDCpyxccJwRYwRgeGSggA"]},{"layers":[{"index":0,"tiles":[{"x":5,"y":-8},{"x":6,"y":-8},{"x":4,"y":-7.5},{"x":7,"y":-7.5},{"x":3,"y":-7},{"x":5,"y":-7},{"x":6,"y":-7},{"x":8,"y":-7},{"x":2,"y":-6.5},{"x":4,"y":-6.5},{"x":7,"y":-6.5},{"x":9,"y":-6.5},{"x":1,"y":-6},{"x":3,"y":-6},{"x":5,"y":-6},{"x":6,"y":-6},{"x":8,"y":-6},{"x":10,"y":-6},{"x":2,"y":-5.5},{"x":4,"y":-5.5},{"x":7,"y":-5.5},{"x":9,"y":-5.5},{"x":1,"y":-5},{"x":3,"y":-5},{"x":5,"y":-5},{"x":6,"y":-5},{"x":8,"y":-5},{"x":10,"y":-5},{"x":2,"y":-4.5},{"x":4,"y":-4.5},{"x":7,"y":-4.5},{"x":9,"y":-4.5},{"x":1,"y":-4},{"x":3,"y":-4},{"x":5,"y":-4},{"x":6,"y":-4},{"x":8,"y":-4},{"x":10,"y":-4},{"x":2,"y":-3.5},{"x":4,"y":-3.5},{"x":7,"y":-3.5},{"x":9,"y":-3.5},{"x":3,"y":-3},{"x":5,"y":-3},{"x":6,"y":-3},{"x":8,"y":-3},{"x":4,"y":-2.5},{"x":7,"y":-2.5},{"x":5,"y":-2},{"x":6,"y":-2}]},{"index":1,"tiles":[{"x":5,"y":-8},{"x":6,"y":-8},{"x":4,"y":-7.5},{"x":7,"y":-7.5},{"x":3,"y":-7},{"x":5,"y":-7},{"x":6,"y":-7},{"x":8,"y":-7},{"x":2,"y":-6.5},{"x":4,"y":-6.5},{"x":7,"y":-6.5},{"x":9,"y":-6.5},{"x":1,"y":-6},{"x":3,"y":-6},{"x":5,"y":-6},{"x":6,"y":-6},{"x":8,"y":-6},{"x":10,"y":-6},{"x":2,"y":-5.5},{"x":4,"y":-5.5},{"x":7,"y":-5.5},{"x":9,"y":-5.5},{"x":1,"y":-5},{"x":3,"y":-5},{"x":5,"y":-5},{"x":6,"y":-5},{"x":8,"y":-5},{"x":10,"y":-5},{"x":2,"y":-4.5},{"x":4,"y":-4.5},{"x":7,"y":-4.5},{"x":9,"y":-4.5},{"x":1,"y":-4},{"x":3,"y":-4},{"x":5,"y":-4},{"x":6,"y":-4},{"x":8,"y":-4},{"x":10,"y":-4},{"x":2,"y":-3.5},{"x":4,"y":-3.5},{"x":7,"y":-3.5},{"x":9,"y":-3.5},{"x":3,"y":-3},{"x":5,"y":-3},{"x":6,"y":-3},{"x":8,"y":-3},{"x":4,"y":-2.5},{"x":7,"y":-2.5},{"x":5,"y":-2},{"x":6,"y":-2}]},{"index":2,"tiles":[{"x":5,"y":-7},{"x":6,"y":-7},{"x":4,"y":-6.5},{"x":7,"y":-6.5},{"x":3,"y":-6},{"x":5,"y":-6},{"x":6,"y":-6},{"x":8,"y":-6},{"x":2,"y":-5.5},{"x":4,"y":-5.5},{"x":7,"y":-5.5},{"x":9,"y":-5.5},{"x":3,"y":-5},{"x":5,"y":-5},{"x":6,"y":-5},{"x":8,"y":-5},{"x":2,"y":-4.5},{"x":4,"y":-4.5},{"x":7,"y":-4.5},{"x":9,"y":-4.5},{"x":3,"y":-4},{"x":5,"y":-4},{"x":6,"y":-4},{"x":8,"y":-4},{"x":4,"y":-3.5},{"x":7,"y":-3.5},{"x":5,"y":-3},{"x":6,"y":-3}]},{"index":3,"tiles":[{"x":5,"y":-6},{"x":6,"y":-6},{"x":4,"y":-5.5},{"x":7,"y":-5.5},{"x":3,"y":-5},{"x":5,"y":-5},{"x":6,"y":-5},{"x":8,"y":-5},{"x":4,"y":-4.5},{"x":7,"y":-4.5},{"x":5,"y":-4},{"x":6,"y":-4}]},{"index":4,"tiles":[{"x":5,"y":-5},{"x":6,"y":-5}]}],"seeds":["YTJUqSc2ysUsqieKT/kNH1YYVAdOqEIVnUIcFbKQoBcqDSJMINFwTvZxgzAFBPgsHPdBopdwkJdZRWOBxnFtEehQn2CKXtBFWGWBYQGK4egwAhiGmghyzhQGUkeEjMR1GkcNy9dZ1SYywQkA"]},{"layers":[{"index":0,"tiles":[{"x":2.5,"y":-8},{"x":3.5,"y":-8},{"x":4.5,"y":-8},{"x":6.5,"y":-8},{"x":7.5,"y":-8},{"x":8.5,"y":-8},{"x":2,"y":-7},{"x":9,"y":-7},{"x":4,"y":-6.5},{"x":7,"y":-6.5},{"x":2,"y":-6},{"x":9,"y":-6},{"x":4.5,"y":-5.5},{"x":6.5,"y":-5.5},{"x":0.5,"y":-5},{"x":1.5,"y":-5},{"x":2.5,"y":-5},{"x":3.5,"y":-5},{"x":7.5,"y":-5},{"x":8.5,"y":-5},{"x":9.5,"y":-5},{"x":10.5,"y":-5},{"x":4.5,"y":-4.5},{"x":6.5,"y":-4.5},{"x":2,"y":-4},{"x":9,"y":-4},{"x":4,"y":-3.5},{"x":7,"y":-3.5},{"x":2,"y":-3},{"x":9,"y":-3},{"x":2.5,"y":-2},{"x":3.5,"y":-2},{"x":4.5,"y":-2},{"x":6.5,"y":-2},{"x":7.5,"y":-2},{"x":8.5,"y":-2}]},{"index":1,"tiles":[{"x":2.5,"y":-8},{"x":3.5,"y":-8},{"x":4.5,"y":-8},{"x":6.5,"y":-8},{"x":7.5,"y":-8},{"x":8.5,"y":-8},{"x":2,"y":-7},{"x":9,"y":-7},{"x":4,"y":-6.5},{"x":7,"y":-6.5},{"x":2,"y":-6},{"x":9,"y":-6},{"x":4.5,"y":-5.5},{"x":6.5,"y":-5.5},{"x":0.5,"y":-5},{"x":1.5,"y":-5},{"x":2.5,"y":-5},{"x":3.5,"y":-5},{"x":7.5,"y":-5},{"x":8.5,"y":-5},{"x":9.5,"y":-5},{"x":10.5,"y":-5},{"x":4.5,"y":-4.5},{"x":6.5,"y":-4.5},{"x":2,"y":-4},{"x":9,"y":-4},{"x":4,"y":-3.5},{"x":7,"y":-3.5},{"x":2,"y":-3},{"x":9,"y":-3},{"x":2.5,"y":-2},{"x":3.5,"y":-2},{"x":4.5,"y":-2},{"x":6.5,"y":-2},{"x":7.5,"y":-2},{"x":8.5,"y":-2}]},{"index":2,"tiles":[{"x":2.5,"y":-8},{"x":3.5,"y":-8},{"x":4.5,"y":-8},{"x":6.5,"y":-8},{"x":7.5,"y":-8},{"x":8.5,"y":-8},{"x":2,"y":-7},{"x":9,"y":-7},{"x":4,"y":-6.5},{"x":7,"y":-6.5},{"x":2,"y":-6},{"x":9,"y":-6},{"x":4.5,"y":-5.5},{"x":6.5,"y":-5.5},{"x":0.5,"y":-5},{"x":1.5,"y":-5},{"x":2.5,"y":-5},{"x":3.5,"y":-5},{"x":7.5,"y":-5},{"x":8.5,"y":-5},{"x":9.5,"y":-5},{"x":10.5,"y":-5},{"x":4.5,"y":-4.5},{"x":6.5,"y":-4.5},{"x":2,"y":-4},{"x":9,"y":-4},{"x":4,"y":-3.5},{"x":7,"y":-3.5},{"x":2,"y":-3},{"x":9,"y":-3},{"x":2.5,"y":-2},{"x":3.5,"y":-2},{"x":4.5,"y":-2},{"x":6.5,"y":-2},{"x":7.5,"y":-2},{"x":8.5,"y":-2}]}],"seeds":["3YY2IdR9HkdxCqdFIdJAoAEqYvh5WQWCwUeql3eJoSZIy8OJVEKEn+CIHPhJH8KVlbWIYBYEojklYsQxFjgaHScWAYEV4HGkZxc63jMMDLZN"]},{"layers":[{"index":0,"tiles":[{"x":2.5,"y":-7.5},{"x":3.5,"y":-7.5},{"x":4.5,"y":-7.5},{"x":5.5,"y":-7.5},{"x":6.5,"y":-7.5},{"x":7.5,"y":-7.5},{"x":8.5,"y":-7.5},{"x":2,"y":-6.5},{"x":3,"y":-6.5},{"x":4,"y":-6.5},{"x":5,"y":-6.5},{"x":6,"y":-6.5},{"x":7,"y":-6.5},{"x":8,"y":-6.5},{"x":9,"y":-6.5},{"x":1.5,"y":-5.5},{"x":2.5,"y":-5.5},{"x":3.5,"y":-5.5},{"x":4.5,"y":-5.5},{"x":5.5,"y":-5.5},{"x":6.5,"y":-5.5},{"x":7.5,"y":-5.5},{"x":8.5,"y":-5.5},{"x":9.5,"y":-5.5},{"x":2,"y":-4.5},{"x":9,"y":-4.5},{"x":3.5,"y":-4},{"x":4.5,"y":-4},{"x":5.5,"y":-4},{"x":6.5,"y":-4},{"x":7.5,"y":-4},{"x":2,"y":-3.5},{"x":9,"y":-3.5},{"x":1.5,"y":-2.5},{"x":2.5,"y":-2.5},{"x":3.5,"y":-2.5},{"x":4.5,"y":-2.5},{"x":5.5,"y":-2.5},{"x":6.5,"y":-2.5},{"x":7.5,"y":-2.5},{"x":8.5,"y":-2.5},{"x":9.5,"y":-2.5},{"x":1,"y":-1.5},{"x":2,"y":-1.5},{"x":3,"y":-1.5},{"x":4,"y":-1.5},{"x":5,"y":-1.5},{"x":6,"y":-1.5},{"x":7,"y":-1.5},{"x":8,"y":-1.5},{"x":9,"y":-1.5},{"x":10,"y":-1.5}]},{"index":1,"tiles":[{"x":2.5,"y":-7.5},{"x":3.5,"y":-7.5},{"x":4.5,"y":-7.5},{"x":5.5,"y":-7.5},{"x":6.5,"y":-7.5},{"x":7.5,"y":-7.5},{"x":8.5,"y":-7.5},{"x":2,"y":-6.5},{"x":3,"y":-6.5},{"x":4,"y":-6.5},{"x":5,"y":-6.5},{"x":6,"y":-6.5},{"x":7,"y":-6.5},{"x":8,"y":-6.5},{"x":9,"y":-6.5},{"x":1.5,"y":-5.5},{"x":2.5,"y":-5.5},{"x":3.5,"y":-5.5},{"x":4.5,"y":-5.5},{"x":5.5,"y":-5.5},{"x":6.5,"y":-5.5},{"x":7.5,"y":-5.5},{"x":8.5,"y":-5.5},{"x":9.5,"y":-5.5},{"x":2,"y":-4.5},{"x":9,"y":-4.5},{"x":4.5,"y":-4},{"x":5.5,"y":-4},{"x":6.5,"y":-4},{"x":2,"y":-3.5},{"x":9,"y":-3.5},{"x":1.5,"y":-2.5},{"x":2.5,"y":-2.5},{"x":3.5,"y":-2.5},{"x":4.5,"y":-2.5},{"x":5.5,"y":-2.5},{"x":6.5,"y":-2.5},{"x":7.5,"y":-2.5},{"x":8.5,"y":-2.5},{"x":9.5,"y":-2.5},{"x":1,"y":-1.5},{"x":2,"y":-1.5},{"x":3,"y":-1.5},{"x":4,"y":-1.5},{"x":5,"y":-1.5},{"x":6,"y":-1.5},{"x":7,"y":-1.5},{"x":8,"y":-1.5},{"x":9,"y":-1.5},{"x":10,"y":-1.5}]},{"index":2,"tiles":[{"x":2.5,"y":-7.5},{"x":3.5,"y":-7.5},{"x":4.5,"y":-7.5},{"x":5.5,"y":-7.5},{"x":6.5,"y":-7.5},{"x":7.5,"y":-7.5},{"x":8.5,"y":-7.5},{"x":2,"y":-6.5},{"x":9,"y":-6.5},{"x":1.5,"y":-5.5},{"x":9.5,"y":-5.5},{"x":2,"y":-4.5},{"x":9,"y":-4.5},{"x":5.5,"y":-4},{"x":2,"y":-3.5},{"x":9,"y":-3.5},{"x":1.5,"y":-2.5},{"x":9.5,"y":-2.5},{"x":1,"y":-1.5},{"x":2,"y":-1.5},{"x":3,"y":-1.5},{"x":4,"y":-1.5},{"x":5,"y":-1.5},{"x":6,"y":-1.5},{"x":7,"y":-1.5},{"x":8,"y":-1.5},{"x":9,"y":-1.5},{"x":10,"y":-1.5}]}],"seeds":["4uR5XrOgQcKM3PZF2SKFoUM9E9eJykkIQQkKgiBynaKkR3h0hCZOVSZaHfQFFTYhHOhAl1Zw3wQq4COAysIpRwh6U2iFC0hRIMl0QtBMztQ5iHeZR5dQwyd5RjcYqrhhRQQA"]},{"layers":[{"index":0,"tiles":[{"x":4.5,"y":-8},{"x":6.5,"y":-8},{"x":3.5,"y":-7.5},{"x":7.5,"y":-7.5},{"x":2.5,"y":-7},{"x":4.5,"y":-7},{"x":6.5,"y":-7},{"x":8.5,"y":-7},{"x":1.5,"y":-6.5},{"x":3.5,"y":-6.5},{"x":7.5,"y":-6.5},{"x":9.5,"y":-6.5},{"x":2.5,"y":-6},{"x":4.5,"y":-6},{"x":6.5,"y":-6},{"x":8.5,"y":-6},{"x":1.5,"y":-5.5},{"x":3.5,"y":-5.5},{"x":5.5,"y":-5.5},{"x":7.5,"y":-5.5},{"x":9.5,"y":-5.5},{"x":2.5,"y":-5},{"x":4.5,"y":-5},{"x":6.5,"y":-5},{"x":8.5,"y":-5},{"x":1.5,"y":-4.5},{"x":3.5,"y":-4.5},{"x":5.5,"y":-4.5},{"x":7.5,"y":-4.5},{"x":9.5,"y":-4.5},{"x":2.5,"y":-4},{"x":4.5,"y":-4},{"x":6.5,"y":-4},{"x":8.5,"y":-4},{"x":1.5,"y":-3.5},{"x":3.5,"y":-3.5},{"x":7.5,"y":-3.5},{"x":9.5,"y":-3.5},{"x":2.5,"y":-3},{"x":4.5,"y":-3},{"x":6.5,"y":-3},{"x":8.5,"y":-3},{"x":3.5,"y":-2.5},{"x":7.5,"y":-2.5},{"x":4.5,"y":-2},{"x":6.5,"y":-2}]},{"index":1,"tiles":[{"x":4.5,"y":-7},{"x":6.5,"y":-7},{"x":1.5,"y":-6.5},{"x":3.5,"y":-6.5},{"x":7.5,"y":-6.5},{"x":9.5,"y":-6.5},{"x":2.5,"y":-6},{"x":4.5,"y":-6},{"x":6.5,"y":-6},{"x":8.5,"y":-6},{"x":1.5,"y":-5.5},{"x":3.5,"y":-5.5},{"x":5.5,"y":-5.5},{"x":7.5,"y":-5.5},{"x":9.5,"y":-5.5},{"x":2.5,"y":-5},{"x":4.5,"y":-5},{"x":6.5,"y":-5},{"x":8.5,"y":-5},{"x":1.5,"y":-4.5},{"x":3.5,"y":-4.5},{"x":5.5,"y":-4.5},{"x":7.5,"y":-4.5},{"x":9.5,"y":-4.5},{"x":2.5,"y":-4},{"x":4.5,"y":-4},{"x":6.5,"y":-4},{"x":8.5,"y":-4},{"x":1.5,"y":-3.5},{"x":3.5,"y":-3.5},{"x":7.5,"y":-3.5},{"x":9.5,"y":-3.5},{"x":4.5,"y":-3},{"x":6.5,"y":-3}]},{"index":2,"tiles":[{"x":1.5,"y":-6.5},{"x":4.5,"y":-6},{"x":6.5,"y":-6},{"x":1.5,"y":-5.5},{"x":3.5,"y":-5.5},{"x":5.5,"y":-5.5},{"x":7.5,"y":-5.5},{"x":2.5,"y":-5},{"x":4.5,"y":-5},{"x":6.5,"y":-5},{"x":8.5,"y":-5},{"x":1.5,"y":-4.5},{"x":3.5,"y":-4.5},{"x":5.5,"y":-4.5},{"x":7.5,"y":-4.5},{"x":4.5,"y":-4},{"x":6.5,"y":-4},{"x":1.5,"y":-3.5}]},{"index":3,"tiles":[{"x":5.5,"y":-5.5},{"x":4.5,"y":-5},{"x":6.5,"y":-5},{"x":5.5,"y":-4.5}]}],"seeds":["QSKWFaagShFYEccZHJg5XjV1FBF2ySQu4BAuSBBp2uaJB2cdYCpKAgh+ndd0nGcKTNA4SHiG5AOGWWFAkqKEHyNe3yaOH8Q9xECp2AUA"]},{"layers":[{"index":0,"tiles":[{"x":3.5,"y":-8},{"x":4.5,"y":-8},{"x":5.5,"y":-8},{"x":6.5,"y":-8},{"x":7.5,"y":-8},{"x":2,"y":-7},{"x":4,"y":-7},{"x":5,"y":-7},{"x":6,"y":-7},{"x":7,"y":-7},{"x":9,"y":-7},{"x":1.5,"y":-6},{"x":2.5,"y":-6},{"x":4.5,"y":-6},{"x":5.5,"y":-6},{"x":6.5,"y":-6},{"x":8.5,"y":-6},{"x":9.5,"y":-6},{"x":1,"y":-5},{"x":2,"y":-5},{"x":3,"y":-5},{"x":5,"y":-5},{"x":6,"y":-5},{"x":8,"y":-5},{"x":9,"y":-5},{"x":10,"y":-5},{"x":1.5,"y":-4},{"x":2.5,"y":-4},{"x":5.5,"y":-4},{"x":8.5,"y":-4},{"x":9.5,"y":-4},{"x":2,"y":-3},{"x":5,"y":-3},{"x":6,"y":-3},{"x":9,"y":-3},{"x":4.5,"y":-2},{"x":5.5,"y":-2},{"x":6.5,"y":-2}]},{"index":1,"tiles":[{"x":3.5,"y":-8},{"x":4.5,"y":-8},{"x":5.5,"y":-8},{"x":6.5,"y":-8},{"x":7.5,"y":-8},{"x":2,"y":-7},{"x":4,"y":-7},{"x":5,"y":-7},{"x":6,"y":-7},{"x":7,"y":-7},{"x":9,"y":-7},{"x":1.5,"y":-6},{"x":2.5,"y":-6},{"x":4.5,"y":-6},{"x":5.5,"y":-6},{"x":6.5,"y":-6},{"x":8.5,"y":-6},{"x":9.5,"y":-6},{"x":1,"y":-5},{"x":2,"y":-5},{"x":3,"y":-5},{"x":5,"y":-5},{"x":6,"y":-5},{"x":8,"y":-5},{"x":9,"y":-5},{"x":10,"y":-5},{"x":1.5,"y":-4},{"x":2.5,"y":-4},{"x":5.5,"y":-4},{"x":8.5,"y":-4},{"x":9.5,"y":-4},{"x":2,"y":-3},{"x":5,"y":-3},{"x":6,"y":-3},{"x":9,"y":-3},{"x":4.5,"y":-2},{"x":5.5,"y":-2},{"x":6.5,"y":-2}]},{"index":2,"tiles":[{"x":3.5,"y":-8},{"x":4.5,"y":-8},{"x":5.5,"y":-8},{"x":6.5,"y":-8},{"x":7.5,"y":-8},{"x":2,"y":-7},{"x":4,"y":-7},{"x":5,"y":-7},{"x":6,"y":-7},{"x":7,"y":-7},{"x":9,"y":-7},{"x":1.5,"y":-6},{"x":2.5,"y":-6},{"x":4.5,"y":-6},{"x":5.5,"y":-6},{"x":6.5,"y":-6},{"x":8.5,"y":-6},{"x":9.5,"y":-6},{"x":1,"y":-5},{"x":3,"y":-5},{"x":5,"y":-5},{"x":6,"y":-5},{"x":8,"y":-5},{"x":10,"y":-5},{"x":1.5,"y":-4},{"x":2.5,"y":-4},{"x":5.5,"y":-4},{"x":8.5,"y":-4},{"x":9.5,"y":-4},{"x":2,"y":-3},{"x":5,"y":-3},{"x":6,"y":-3},{"x":9,"y":-3},{"x":4.5,"y":-2},{"x":5.5,"y":-2},{"x":6.5,"y":-2}]}],"seeds":["WeE5zRE+UbdVKCg6HdgoHjgwxnVyyBR8yqdQBjNMgQeBYteJB1GF3KNGXliOYiB2kpRcBLZsVNplAhZyYaiRgiR+RTJBH8ct3WSBigR2AWJymiWK"]},{"layers":[{"index":0,"tiles":[{"x":4.5,"y":-8.5},{"x":6.5,"y":-8.5},{"x":3.5,"y":-8},{"x":5.5,"y":-8},{"x":7.5,"y":-8},{"x":4.5,"y":-7.5},{"x":6.5,"y":-7.5},{"x":1,"y":-7},{"x":10,"y":-7},{"x":2,"y":-6.5},{"x":3.5,"y":-6.5},{"x":4.5,"y":-6.5},{"x":5.5,"y":-6.5},{"x":6.5,"y":-6.5},{"x":7.5,"y":-6.5},{"x":9,"y":-6.5},{"x":1,"y":-6},{"x":10,"y":-6},{"x":4.5,"y":-5.5},{"x":6.5,"y":-5.5},{"x":1,"y":-5},{"x":2,"y":-5},{"x":3.5,"y":-5},{"x":7.5,"y":-5},{"x":9,"y":-5},{"x":10,"y":-5},{"x":4.5,"y":-4.5},{"x":6.5,"y":-4.5},{"x":1,"y":-4},{"x":10,"y":-4},{"x":2,"y":-3.5},{"x":3.5,"y":-3.5},{"x":4.5,"y":-3.5},{"x":5.5,"y":-3.5},{"x":6.5,"y":-3.5},{"x":7.5,"y":-3.5},{"x":9,"y":-3.5},{"x":1,"y":-3},{"x":10,"y":-3},{"x":4.5,"y":-2.5},{"x":6.5,"y":-2.5},{"x":3.5,"y":-2},{"x":5.5,"y":-2},{"x":7.5,"y":-2},{"x":4.5,"y":-1.5},{"x":6.5,"y":-1.5}]},{"index":1,"tiles":[{"x":4.5,"y":-8.5},{"x":6.5,"y":-8.5},{"x":3.5,"y":-8},{"x":5.5,"y":-8},{"x":7.5,"y":-8},{"x":4.5,"y":-7.5},{"x":6.5,"y":-7.5},{"x":1,"y":-7},{"x":10,"y":-7},{"x":2,"y":-6.5},{"x":4.5,"y":-6.5},{"x":5.5,"y":-6.5},{"x":6.5,"y":-6.5},{"x":7.5,"y":-6.5},{"x":9,"y":-6.5},{"x":1,"y":-6},{"x":10,"y":-6},{"x":4.5,"y":-5.5},{"x":6.5,"y":-5.5},{"x":1,"y":-5},{"x":2,"y":-5},{"x":3.5,"y":-5},{"x":7.5,"y":-5},{"x":9,"y":-5},{"x":10,"y":-5},{"x":4.5,"y":-4.5},{"x":6.5,"y":-4.5},{"x":1,"y":-4},{"x":10,"y":-4},{"x":2,"y":-3.5},{"x":3.5,"y":-3.5},{"x":4.5,"y":-3.5},{"x":5.5,"y":-3.5},{"x":6.5,"y":-3.5},{"x":7.5,"y":-3.5},{"x":9,"y":-3.5},{"x":1,"y":-3},{"x":10,"y":-3},{"x":4.5,"y":-2.5},{"x":6.5,"y":-2.5},{"x":3.5,"y":-2},{"x":5.5,"y":-2},{"x":7.5,"y":-2},{"x":4.5,"y":-1.5},{"x":6.5,"y":-1.5}]},{"index":2,"tiles":[{"x":4.5,"y":-8.5},{"x":6.5,"y":-8.5},{"x":3.5,"y":-8},{"x":7.5,"y":-8},{"x":4.5,"y":-7.5},{"x":6.5,"y":-7.5},{"x":1,"y":-7},{"x":10,"y":-7},{"x":2,"y":-6.5},{"x":4.5,"y":-6.5},{"x":6.5,"y":-6.5},{"x":7.5,"y":-6.5},{"x":9,"y":-6.5},{"x":1,"y":-6},{"x":10,"y":-6},{"x":4.5,"y":-5.5},{"x":6.5,"y":-5.5},{"x":1,"y":-5},{"x":2,"y":-5},{"x":3.5,"y":-5},{"x":7.5,"y":-5},{"x":9,"y":-5},{"x":10,"y":-5},{"x":4.5,"y":-4.5},{"x":6.5,"y":-4.5},{"x":1,"y":-4},{"x":10,"y":-4},{"x":2,"y":-3.5},{"x":3.5,"y":-3.5},{"x":4.5,"y":-3.5},{"x":6.5,"y":-3.5},{"x":7.5,"y":-3.5},{"x":9,"y":-3.5},{"x":1,"y":-3},{"x":10,"y":-3},{"x":4.5,"y":-2.5},{"x":6.5,"y":-2.5},{"x":3.5,"y":-2},{"x":7.5,"y":-2},{"x":4.5,"y":-1.5},{"x":6.5,"y":-1.5}]}],"seeds":["l8J9x4MMghiEHEJs1AKCoCZwwhREiSeMngNSyoJ+m1NKmZgwYHMdICJuQXdxQ0dwWGh1oTQtXmg1iCd24sNoCqgMQngKUBhwRuWlQldA2ydg4FdNZugtYTGIWTRRjMoYVEde"]},{"layers":[{"index":0,"tiles":[{"x":5.5,"y":-8.5},{"x":4,"y":-8},{"x":7,"y":-8},{"x":5.5,"y":-7.5},{"x":3,"y":-7},{"x":4,"y":-7},{"x":7,"y":-7},{"x":8,"y":-7},{"x":5.5,"y":-6.5},{"x":2,"y":-6},{"x":3,"y":-6},{"x":4,"y":-6},{"x":7,"y":-6},{"x":8,"y":-6},{"x":9,"y":-6},{"x":5.5,"y":-5.5},{"x":1,"y":-5},{"x":2,"y":-5},{"x":3,"y":-5},{"x":4,"y":-5},{"x":7,"y":-5},{"x":8,"y":-5},{"x":9,"y":-5},{"x":10,"y":-5},{"x":5.5,"y":-4.5},{"x":2,"y":-4},{"x":3,"y":-4},{"x":4,"y":-4},{"x":7,"y":-4},{"x":8,"y":-4},{"x":9,"y":-4},{"x":5.5,"y":-3.5},{"x":3,"y":-3},{"x":4,"y":-3},{"x":7,"y":-3},{"x":8,"y":-3},{"x":5.5,"y":-2.5},{"x":4,"y":-2},{"x":7,"y":-2},{"x":5.5,"y":-1.5}]},{"index":1,"tiles":[{"x":5.5,"y":-7.5},{"x":3,"y":-7},{"x":4,"y":-7},{"x":7,"y":-7},{"x":8,"y":-7},{"x":5.5,"y":-6.5},{"x":2,"y":-6},{"x":3,"y":-6},{"x":4,"y":-6},{"x":7,"y":-6},{"x":8,"y":-6},{"x":9,"y":-6},{"x":5.5,"y":-5.5},{"x":1,"y":-5},{"x":2,"y":-5},{"x":3,"y":-5},{"x":4,"y":-5},{"x":7,"y":-5},{"x":8,"y":-5},{"x":9,"y":-5},{"x":10,"y":-5},{"x":5.5,"y":-4.5},{"x":2,"y":-4},{"x":3,"y":-4},{"x":4,"y":-4},{"x":7,"y":-4},{"x":8,"y":-4},{"x":9,"y":-4},{"x":5.5,"y":-3.5},{"x":3,"y":-3},{"x":4,"y":-3},{"x":7,"y":-3},{"x":8,"y":-3},{"x":5.5,"y":-2.5}]},{"index":2,"tiles":[{"x":5.5,"y":-6.5},{"x":2,"y":-6},{"x":3,"y":-6},{"x":4,"y":-6},{"x":7,"y":-6},{"x":8,"y":-6},{"x":9,"y":-6},{"x":5.5,"y":-5.5},{"x":1,"y":-5},{"x":2,"y":-5},{"x":3,"y":-5},{"x":4,"y":-5},{"x":7,"y":-5},{"x":8,"y":-5},{"x":9,"y":-5},{"x":10,"y":-5},{"x":5.5,"y":-4.5},{"x":2,"y":-4},{"x":3,"y":-4},{"x":4,"y":-4},{"x":7,"y":-4},{"x":8,"y":-4},{"x":9,"y":-4},{"x":5.5,"y":-3.5}]},{"index":3,"tiles":[{"x":5.5,"y":-5.5},{"x":1,"y":-5},{"x":2,"y":-5},{"x":3,"y":-5},{"x":4,"y":-5},{"x":7,"y":-5},{"x":8,"y":-5},{"x":9,"y":-5},{"x":10,"y":-5},{"x":5.5,"y":-4.5}]},{"index":4,"tiles":[{"x":5,"y":-5},{"x":6,"y":-5}]}],"seeds":["JagQgQhWj9KkYaOK4uc40/eAEukh3KIcKHFNTJhNJhduI+dhERaeR8WBAlIImzCJXZhoYTdQxhUMEsctVuYpHRh9YtcxEFWAXwAaQmAlXqeBkAgA"]},{"layers":[{"index":0,"tiles":[{"x":5,"y":-8},{"x":6,"y":-8},{"x":3,"y":-7.5},{"x":4,"y":-7.5},{"x":7,"y":-7.5},{"x":8,"y":-7.5},{"x":1,"y":-6.5},{"x":3.5,"y":-6.5},{"x":5.5,"y":-6.5},{"x":7.5,"y":-6.5},{"x":10,"y":-6.5},{"x":2,"y":-6},{"x":4.5,"y":-6},{"x":6.5,"y":-6},{"x":9,"y":-6},{"x":1,"y":-5.5},{"x":3.5,"y":-5.5},{"x":7.5,"y":-5.5},{"x":10,"y":-5.5},{"x":1,"y":-4.5},{"x":3.5,"y":-4.5},{"x":7.5,"y":-4.5},{"x":10,"y":-4.5},{"x":2,"y":-4},{"x":4.5,"y":-4},{"x":6.5,"y":-4},{"x":9,"y":-4},{"x":1,"y":-3.5},{"x":3.5,"y":-3.5},{"x":5.5,"y":-3.5},{"x":7.5,"y":-3.5},{"x":10,"y":-3.5},{"x":3,"y":-2.5},{"x":4,"y":-2.5},{"x":7,"y":-2.5},{"x":8,"y":-2.5},{"x":5,"y":-2},{"x":6,"y":-2}]},{"index":1,"tiles":[{"x":5,"y":-8},{"x":6,"y":-8},{"x":3,"y":-7.5},{"x":4,"y":-7.5},{"x":7,"y":-7.5},{"x":8,"y":-7.5},{"x":1,"y":-6.5},{"x":3.5,"y":-6.5},{"x":5.5,"y":-6.5},{"x":7.5,"y":-6.5},{"x":10,"y":-6.5},{"x":2,"y":-6},{"x":4.5,"y":-6},{"x":6.5,"y":-6},{"x":9,"y":-6},{"x":1,"y":-5.5},{"x":3.5,"y":-5.5},{"x":7.5,"y":-5.5},{"x":10,"y":-5.5},{"x":1,"y":-4.5},{"x":3.5,"y":-4.5},{"x":7.5,"y":-4.5},{"x":10,"y":-4.5},{"x":2,"y":-4},{"x":4.5,"y":-4},{"x":6.5,"y":-4},{"x":9,"y":-4},{"x":1,"y":-3.5},{"x":3.5,"y":-3.5},{"x":5.5,"y":-3.5},{"x":7.5,"y":-3.5},{"x":10,"y":-3.5},{"x":3,"y":-2.5},{"x":4,"y":-2.5},{"x":7,"y":-2.5},{"x":8,"y":-2.5},{"x":5,"y":-2},{"x":6,"y":-2}]},{"index":2,"tiles":[{"x":5,"y":-8},{"x":6,"y":-8},{"x":3,"y":-7.5},{"x":4,"y":-7.5},{"x":7,"y":-7.5},{"x":8,"y":-7.5},{"x":1,"y":-6.5},{"x":3.5,"y":-6.5},{"x":5.5,"y":-6.5},{"x":7.5,"y":-6.5},{"x":10,"y":-6.5},{"x":2,"y":-6},{"x":4.5,"y":-6},{"x":6.5,"y":-6},{"x":9,"y":-6},{"x":1,"y":-5.5},{"x":3.5,"y":-5.5},{"x":7.5,"y":-5.5},{"x":10,"y":-5.5},{"x":1,"y":-4.5},{"x":3.5,"y":-4.5},{"x":7.5,"y":-4.5},{"x":10,"y":-4.5},{"x":2,"y":-4},{"x":4.5,"y":-4},{"x":6.5,"y":-4},{"x":9,"y":-4},{"x":1,"y":-3.5},{"x":3.5,"y":-3.5},{"x":5.5,"y":-3.5},{"x":7.5,"y":-3.5},{"x":10,"y":-3.5},{"x":3,"y":-2.5},{"x":4,"y":-2.5},{"x":7,"y":-2.5},{"x":8,"y":-2.5},{"x":5,"y":-2},{"x":6,"y":-2}]}],"seeds":["n6Sk2sGBWIZOysldXOggCDc0gcGJFNcIXSBOmNAFUFJ0YhdJSrY51KRtoOodFBMtVBgkoSEWCgNaHwFekBmWgiiEXQc+YPVVovWAoQcOAfGNnkcGywQA"]},{"layers":[{"index":0,"tiles":[{"x":3,"y":-9},{"x":4,"y":-9},{"x":5,"y":-9},{"x":6,"y":-9},{"x":7,"y":-9},{"x":8,"y":-9},{"x":2,"y":-8.5},{"x":9,"y":-8.5},{"x":1,"y":-8},{"x":10,"y":-8},{"x":3.5,"y":-7.5},{"x":4.5,"y":-7.5},{"x":5.5,"y":-7.5},{"x":6.5,"y":-7.5},{"x":7.5,"y":-7.5},{"x":1,"y":-7},{"x":2.5,"y":-7},{"x":8.5,"y":-7},{"x":10,"y":-7},{"x":1,"y":-6},{"x":2.5,"y":-6},{"x":4,"y":-6},{"x":5,"y":-6},{"x":6,"y":-6},{"x":7,"y":-6},{"x":8.5,"y":-6},{"x":10,"y":-6},{"x":1,"y":-5},{"x":2,"y":-5},{"x":3,"y":-5},{"x":4,"y":-5},{"x":7,"y":-5},{"x":8,"y":-5},{"x":9,"y":-5},{"x":10,"y":-5},{"x":1,"y":-4},{"x":2.5,"y":-4},{"x":4,"y":-4},{"x":5,"y":-4},{"x":6,"y":-4},{"x":7,"y":-4},{"x":8.5,"y":-4},{"x":10,"y":-4},{"x":1,"y":-3},{"x":2.5,"y":-3},{"x":8.5,"y":-3},{"x":10,"y":-3},{"x":3.5,"y":-2.5},{"x":4.5,"y":-2.5},{"x":5.5,"y":-2.5},{"x":6.5,"y":-2.5},{"x":7.5,"y":-2.5},{"x":1,"y":-2},{"x":10,"y":-2},{"x":2,"y":-1.5},{"x":9,"y":-1.5},{"x":3,"y":-1},{"x":4,"y":-1},{"x":5,"y":-1},{"x":6,"y":-1},{"x":7,"y":-1},{"x":8,"y":-1}]},{"index":1,"tiles":[{"x":3,"y":-9},{"x":4,"y":-9},{"x":5,"y":-9},{"x":6,"y":-9},{"x":7,"y":-9},{"x":8,"y":-9},{"x":2,"y":-8.5},{"x":9,"y":-8.5},{"x":1,"y":-8},{"x":10,"y":-8},{"x":3.5,"y":-7.5},{"x":4.5,"y":-7.5},{"x":5.5,"y":-7.5},{"x":6.5,"y":-7.5},{"x":7.5,"y":-7.5},{"x":1,"y":-7},{"x":2.5,"y":-7},{"x":8.5,"y":-7},{"x":10,"y":-7},{"x":1,"y":-6},{"x":2.5,"y":-6},{"x":4,"y":-6},{"x":5,"y":-6},{"x":6,"y":-6},{"x":7,"y":-6},{"x":8.5,"y":-6},{"x":10,"y":-6},{"x":1,"y":-5},{"x":2,"y":-5},{"x":3,"y":-5},{"x":4,"y":-5},{"x":7,"y":-5},{"x":8,"y":-5},{"x":9,"y":-5},{"x":10,"y":-5},{"x":1,"y":-4},{"x":2.5,"y":-4},{"x":4,"y":-4},{"x":5,"y":-4},{"x":6,"y":-4},{"x":7,"y":-4},{"x":8.5,"y":-4},{"x":10,"y":-4},{"x":1,"y":-3},{"x":2.5,"y":-3},{"x":8.5,"y":-3},{"x":10,"y":-3},{"x":3.5,"y":-2.5},{"x":4.5,"y":-2.5},{"x":5.5,"y":-2.5},{"x":6.5,"y":-2.5},{"x":7.5,"y":-2.5},{"x":1,"y":-2},{"x":10,"y":-2},{"x":2,"y":-1.5},{"x":9,"y":-1.5},{"x":3,"y":-1},{"x":4,"y":-1},{"x":5,"y":-1},{"x":6,"y":-1},{"x":7,"y":-1},{"x":8,"y":-1}]}],"seeds":["nviZ46aEBKiASpeBkAhGmBiCTteBxrYxIRcU5HNVYugcCphZ5ZVcm/gdyiBKIWRAU7pMXEBNwnOJ3dlMKhd52iJqAycKUMJ5FdEF3iSiXPBJSveBHTZZXUE1DIKE"]},{"layers":[{"index":0,"tiles":[{"x":1,"y":-8.5},{"x":5,"y":-8.5},{"x":6,"y":-8.5},{"x":8,"y":-8.5},{"x":1,"y":-7.5},{"x":3,"y":-7.5},{"x":5.5,"y":-7.5},{"x":8,"y":-7.5},{"x":10,"y":-7.5},{"x":2,"y":-7},{"x":4,"y":-7},{"x":7,"y":-7},{"x":9,"y":-7},{"x":1,"y":-6.5},{"x":3,"y":-6.5},{"x":5.5,"y":-6.5},{"x":8,"y":-6.5},{"x":10,"y":-6.5},{"x":1,"y":-5.5},{"x":5.5,"y":-5.5},{"x":8,"y":-5.5},{"x":3,"y":-5},{"x":10,"y":-5},{"x":5.5,"y":-4.5},{"x":1,"y":-4},{"x":3,"y":-4},{"x":8,"y":-4},{"x":10,"y":-4},{"x":2,"y":-3.5},{"x":4,"y":-3.5},{"x":5.5,"y":-3.5},{"x":7,"y":-3.5},{"x":9,"y":-3.5},{"x":1,"y":-3},{"x":3,"y":-3},{"x":8,"y":-3},{"x":10,"y":-3},{"x":5.5,"y":-2.5},{"x":3,"y":-2},{"x":10,"y":-2},{"x":5,"y":-1.5},{"x":6,"y":-1.5}]},{"index":1,"tiles":[{"x":1,"y":-8.5},{"x":5,"y":-8.5},{"x":6,"y":-8.5},{"x":8,"y":-8.5},{"x":1,"y":-7.5},{"x":3,"y":-7.5},{"x":5.5,"y":-7.5},{"x":8,"y":-7.5},{"x":10,"y":-7.5},{"x":2,"y":-7},{"x":4,"y":-7},{"x":7,"y":-7},{"x":9,"y":-7},{"x":1,"y":-6.5},{"x":3,"y":-6.5},{"x":5.5,"y":-6.5},{"x":8,"y":-6.5},{"x":10,"y":-6.5},{"x":1,"y":-5.5},{"x":5.5,"y":-5.5},{"x":8,"y":-5.5},{"x":3,"y":-5},{"x":10,"y":-5},{"x":5.5,"y":-4.5},{"x":1,"y":-4},{"x":3,"y":-4},{"x":8,"y":-4},{"x":10,"y":-4},{"x":2,"y":-3.5},{"x":4,"y":-3.5},{"x":5.5,"y":-3.5},{"x":7,"y":-3.5},{"x":9,"y":-3.5},{"x":1,"y":-3},{"x":3,"y":-3},{"x":8,"y":-3},{"x":10,"y":-3},{"x":5.5,"y":-2.5},{"x":3,"y":-2},{"x":10,"y":-2},{"x":5,"y":-1.5},{"x":6,"y":-1.5}]},{"index":2,"tiles":[{"x":1,"y":-8.5},{"x":5,"y":-8.5},{"x":6,"y":-8.5},{"x":8,"y":-8.5},{"x":1,"y":-7.5},{"x":3,"y":-7.5},{"x":5.5,"y":-7.5},{"x":8,"y":-7.5},{"x":10,"y":-7.5},{"x":2,"y":-7},{"x":4,"y":-7},{"x":7,"y":-7},{"x":9,"y":-7},{"x":1,"y":-6.5},{"x":3,"y":-6.5},{"x":5.5,"y":-6.5},{"x":8,"y":-6.5},{"x":10,"y":-6.5},{"x":1,"y":-5.5},{"x":5.5,"y":-5.5},{"x":8,"y":-5.5},{"x":3,"y":-5},{"x":10,"y":-5},{"x":5.5,"y":-4.5},{"x":1,"y":-4},{"x":3,"y":-4},{"x":8,"y":-4},{"x":10,"y":-4},{"x":2,"y":-3.5},{"x":4,"y":-3.5},{"x":5.5,"y":-3.5},{"x":7,"y":-3.5},{"x":9,"y":-3.5},{"x":1,"y":-3},{"x":3,"y":-3},{"x":8,"y":-3},{"x":10,"y":-3},{"x":5.5,"y":-2.5},{"x":3,"y":-2},{"x":10,"y":-2},{"x":5,"y":-1.5},{"x":6,"y":-1.5}]}],"seeds":["llZaQiQqXMcgnjMJ4XOFBkhWCuaBYoh5DrhoYPUIGycJBDh0XfiByZIkB3h8U7aIHrigwQlSxIgkIdhIhgiKlyJOHBQETdaZCqemYNFFICh20MN9zPCIVBgU3PYpkwIA"]},{"layers":[{"index":0,"tiles":[{"x":1.5,"y":-6.5},{"x":2.5,"y":-6.5},{"x":3.5,"y":-6.5},{"x":4.5,"y":-6.5},{"x":5.5,"y":-6.5},{"x":6.5,"y":-6.5},{"x":7.5,"y":-6.5},{"x":8.5,"y":-6.5},{"x":9.5,"y":-6.5},{"x":1,"y":-5.5},{"x":2,"y":-5.5},{"x":3,"y":-5.5},{"x":4,"y":-5.5},{"x":5,"y":-5.5},{"x":6,"y":-5.5},{"x":7,"y":-5.5},{"x":8,"y":-5.5},{"x":9,"y":-5.5},{"x":10,"y":-5.5},{"x":1,"y":-4.5},{"x":2,"y":-4.5},{"x":3,"y":-4.5},{"x":4,"y":-4.5},{"x":5,"y":-4.5},{"x":6,"y":-4.5},{"x":7,"y":-4.5},{"x":8,"y":-4.5},{"x":9,"y":-4.5},{"x":10,"y":-4.5},{"x":1,"y":-3.5},{"x":2,"y":-3.5},{"x":3,"y":-3.5},{"x":4,"y":-3.5},{"x":5,"y":-3.5},{"x":6,"y":-3.5},{"x":7,"y":-3.5},{"x":8,"y":-3.5},{"x":9,"y":-3.5},{"x":10,"y":-3.5},{"x":1.5,"y":-2.5},{"x":2.5,"y":-2.5},{"x":3.5,"y":-2.5},{"x":4.5,"y":-2.5},{"x":5.5,"y":-2.5},{"x":6.5,"y":-2.5},{"x":7.5,"y":-2.5},{"x":8.5,"y":-2.5},{"x":9.5,"y":-2.5}]},{"index":1,"tiles":[{"x":1.5,"y":-6.5},{"x":2.5,"y":-6.5},{"x":3.5,"y":-6.5},{"x":4.5,"y":-6.5},{"x":5.5,"y":-6.5},{"x":6.5,"y":-6.5},{"x":7.5,"y":-6.5},{"x":8.5,"y":-6.5},{"x":9.5,"y":-6.5},{"x":1,"y":-5.5},{"x":2,"y":-5.5},{"x":3,"y":-5.5},{"x":4,"y":-5.5},{"x":5,"y":-5.5},{"x":6,"y":-5.5},{"x":7,"y":-5.5},{"x":8,"y":-5.5},{"x":9,"y":-5.5},{"x":10,"y":-5.5},{"x":1,"y":-4.5},{"x":2,"y":-4.5},{"x":9,"y":-4.5},{"x":10,"y":-4.5},{"x":1,"y":-3.5},{"x":2,"y":-3.5},{"x":3,"y":-3.5},{"x":4,"y":-3.5},{"x":5,"y":-3.5},{"x":6,"y":-3.5},{"x":7,"y":-3.5},{"x":8,"y":-3.5},{"x":9,"y":-3.5},{"x":10,"y":-3.5},{"x":1.5,"y":-2.5},{"x":2.5,"y":-2.5},{"x":3.5,"y":-2.5},{"x":4.5,"y":-2.5},{"x":5.5,"y":-2.5},{"x":6.5,"y":-2.5},{"x":7.5,"y":-2.5},{"x":8.5,"y":-2.5},{"x":9.5,"y":-2.5}]},{"index":2,"tiles":[{"x":1.5,"y":-6.5},{"x":2.5,"y":-6.5},{"x":3.5,"y":-6.5},{"x":4.5,"y":-6.5},{"x":5.5,"y":-6.5},{"x":6.5,"y":-6.5},{"x":7.5,"y":-6.5},{"x":8.5,"y":-6.5},{"x":9.5,"y":-6.5},{"x":1,"y":-5.5},{"x":10,"y":-5.5},{"x":1,"y":-4.5},{"x":10,"y":-4.5},{"x":1,"y":-3.5},{"x":10,"y":-3.5},{"x":1.5,"y":-2.5},{"x":2.5,"y":-2.5},{"x":3.5,"y":-2.5},{"x":4.5,"y":-2.5},{"x":5.5,"y":-2.5},{"x":6.5,"y":-2.5},{"x":7.5,"y":-2.5},{"x":8.5,"y":-2.5},{"x":9.5,"y":-2.5}]}],"seeds":["yEVwh8iNk6agXREIYOOFqXmJ4EBuVCd5X2gFEgR+DfdRYBJ2RhYoETMhj5WBU6BQGid2mAh5zAcKnREs4cGBlcM5wjN5JRapIpiE1VAIQacsIkVs4QkA"]},{"layers":[{"index":0,"tiles":[{"x":4,"y":-7.5},{"x":7,"y":-7.5},{"x":2,"y":-7},{"x":3,"y":-7},{"x":5,"y":-7},{"x":6,"y":-7},{"x":8,"y":-7},{"x":9,"y":-7},{"x":1,"y":-6.5},{"x":4,"y":-6.5},{"x":7,"y":-6.5},{"x":10,"y":-6.5},{"x":2,"y":-6},{"x":3,"y":-6},{"x":8,"y":-6},{"x":9,"y":-6},{"x":1,"y":-5.5},{"x":4,"y":-5.5},{"x":7,"y":-5.5},{"x":10,"y":-5.5},{"x":2,"y":-5},{"x":3,"y":-5},{"x":5,"y":-5},{"x":6,"y":-5},{"x":8,"y":-5},{"x":9,"y":-5},{"x":1,"y":-4.5},{"x":10,"y":-4.5},{"x":2,"y":-4},{"x":3,"y":-4},{"x":5.5,"y":-4},{"x":8,"y":-4},{"x":9,"y":-4},{"x":1,"y":-3.5},{"x":10,"y":-3.5},{"x":2,"y":-3},{"x":3,"y":-3},{"x":5.5,"y":-3},{"x":8,"y":-3},{"x":9,"y":-3},{"x":1,"y":-2.5},{"x":10,"y":-2.5},{"x":2,"y":-2},{"x":3,"y":-2},{"x":4,"y":-2},{"x":5,"y":-2},{"x":6,"y":-2},{"x":7,"y":-2},{"x":8,"y":-2},{"x":9,"y":-2}]},{"index":1,"tiles":[{"x":4,"y":-7.5},{"x":7,"y":-7.5},{"x":2,"y":-7},{"x":3,"y":-7},{"x":5,"y":-7},{"x":6,"y":-7},{"x":8,"y":-7},{"x":9,"y":-7},{"x":1,"y":-6.5},{"x":4,"y":-6.5},{"x":7,"y":-6.5},{"x":10,"y":-6.5},{"x":2,"y":-6},{"x":3,"y":-6},{"x":8,"y":-6},{"x":9,"y":-6},{"x":1,"y":-5.5},{"x":4,"y":-5.5},{"x":7,"y":-5.5},{"x":10,"y":-5.5},{"x":2,"y":-5},{"x":3,"y":-5},{"x":5,"y":-5},{"x":6,"y":-5},{"x":8,"y":-5},{"x":9,"y":-5},{"x":1,"y":-4.5},{"x":10,"y":-4.5},{"x":2,"y":-4},{"x":3,"y":-4},{"x":5.5,"y":-4},{"x":8,"y":-4},{"x":9,"y":-4},{"x":1,"y":-3.5},{"x":10,"y":-3.5},{"x":2,"y":-3},{"x":3,"y":-3},{"x":5.5,"y":-3},{"x":8,"y":-3},{"x":9,"y":-3},{"x":1,"y":-2.5},{"x":10,"y":-2.5},{"x":2,"y":-2},{"x":3,"y":-2},{"x":4,"y":-2},{"x":5,"y":-2},{"x":6,"y":-2},{"x":7,"y":-2},{"x":8,"y":-2},{"x":9,"y":-2}]},{"index":2,"tiles":[{"x":4,"y":-7.5},{"x":7,"y":-7.5},{"x":2,"y":-7},{"x":3,"y":-7},{"x":5,"y":-7},{"x":6,"y":-7},{"x":8,"y":-7},{"x":9,"y":-7},{"x":1,"y":-6.5},{"x":10,"y":-6.5},{"x":1,"y":-5.5},{"x":10,"y":-5.5},{"x":1,"y":-4.5},{"x":10,"y":-4.5},{"x":1,"y":-3.5},{"x":10,"y":-3.5},{"x":1,"y":-2.5},{"x":10,"y":-2.5},{"x":2,"y":-2},{"x":3,"y":-2},{"x":4,"y":-2},{"x":5,"y":-2},{"x":6,"y":-2},{"x":7,"y":-2},{"x":8,"y":-2},{"x":9,"y":-2}]}],"seeds":["yiaE4hOIGkhQoQYSHnlNW5OpYNc4iOk54/mJHuYcFShO6feEXCeKV8iBRVA6QrZ02JVw3KEoYEd1wcAl4KcIE4R4TISGVyOKirKAHaMMwaQUy1dJlhUuXGQ0kiFCogAA"]},{"layers":[{"index":0,"tiles":[{"x":4,"y":-8},{"x":5,"y":-8},{"x":6,"y":-8},{"x":7,"y":-8},{"x":3,"y":-7.5},{"x":8,"y":-7.5},{"x":2,"y":-6.5},{"x":3,"y":-6.5},{"x":4.5,"y":-6.5},{"x":5.5,"y":-6.5},{"x":6.5,"y":-6.5},{"x":8,"y":-6.5},{"x":9,"y":-6.5},{"x":1,"y":-5.5},{"x":2,"y":-5.5},{"x":3,"y":-5.5},{"x":4,"y":-5.5},{"x":7,"y":-5.5},{"x":8,"y":-5.5},{"x":9,"y":-5.5},{"x":10,"y":-5.5},{"x":1,"y":-4.5},{"x":2,"y":-4.5},{"x":3,"y":-4.5},{"x":4,"y":-4.5},{"x":7,"y":-4.5},{"x":8,"y":-4.5},{"x":9,"y":-4.5},{"x":10,"y":-4.5},{"x":2,"y":-3.5},{"x":3,"y":-3.5},{"x":4.5,"y":-3.5},{"x":5.5,"y":-3.5},{"x":6.5,"y":-3.5},{"x":8,"y":-3.5},{"x":9,"y":-3.5},{"x":3,"y":-2.5},{"x":8,"y":-2.5},{"x":4,"y":-2},{"x":5,"y":-2},{"x":6,"y":-2},{"x":7,"y":-2}]},{"index":1,"tiles":[{"x":4,"y":-8},{"x":5,"y":-8},{"x":6,"y":-8},{"x":7,"y":-8},{"x":3,"y":-7.5},{"x":8,"y":-7.5},{"x":2,"y":-6.5},{"x":3,"y":-6.5},{"x":4.5,"y":-6.5},{"x":5.5,"y":-6.5},{"x":6.5,"y":-6.5},{"x":8,"y":-6.5},{"x":9,"y":-6.5},{"x":1,"y":-5.5},{"x":2,"y":-5.5},{"x":3,"y":-5.5},{"x":4,"y":-5.5},{"x":7,"y":-5.5},{"x":8,"y":-5.5},{"x":9,"y":-5.5},{"x":10,"y":-5.5},{"x":1,"y":-4.5},{"x":2,"y":-4.5},{"x":3,"y":-4.5},{"x":4,"y":-4.5},{"x":7,"y":-4.5},{"x":8,"y":-4.5},{"x":9,"y":-4.5},{"x":10,"y":-4.5},{"x":2,"y":-3.5},{"x":3,"y":-3.5},{"x":4.5,"y":-3.5},{"x":5.5,"y":-3.5},{"x":6.5,"y":-3.5},{"x":8,"y":-3.5},{"x":9,"y":-3.5},{"x":3,"y":-2.5},{"x":8,"y":-2.5},{"x":4,"y":-2},{"x":5,"y":-2},{"x":6,"y":-2},{"x":7,"y":-2}]},{"index":2,"tiles":[{"x":4,"y":-8},{"x":5,"y":-8},{"x":6,"y":-8},{"x":7,"y":-8},{"x":3,"y":-7.5},{"x":8,"y":-7.5},{"x":2,"y":-6.5},{"x":3,"y":-6.5},{"x":4.5,"y":-6.5},{"x":5.5,"y":-6.5},{"x":6.5,"y":-6.5},{"x":8,"y":-6.5},{"x":9,"y":-6.5},{"x":1,"y":-5.5},{"x":4,"y":-5.5},{"x":7,"y":-5.5},{"x":10,"y":-5.5},{"x":1,"y":-4.5},{"x":4,"y":-4.5},{"x":7,"y":-4.5},{"x":10,"y":-4.5},{"x":2,"y":-3.5},{"x":3,"y":-3.5},{"x":4.5,"y":-3.5},{"x":5.5,"y":-3.5},{"x":6.5,"y":-3.5},{"x":8,"y":-3.5},{"x":9,"y":-3.5},{"x":3,"y":-2.5},{"x":8,"y":-2.5},{"x":4,"y":-2},{"x":5,"y":-2},{"x":6,"y":-2},{"x":7,"y":-2}]}],"seeds":["j/OFiXhEWeeFlIptwWEYCBEOIDSB3FeFERgokMQYFRMIi7h9Gsql2fCJIqhoDTeFghU8RQWOJOI0U9eVXSVepnheHBctymeFnoh1nmR8VNGBBKhwiQdG4gQA"]},{"layers":[{"index":0,"tiles":[{"x":5.5,"y":-8.5},{"x":4.5,"y":-8},{"x":6.5,"y":-8},{"x":5.5,"y":-7.5},{"x":2.5,"y":-6.5},{"x":3.5,"y":-6.5},{"x":4.5,"y":-6.5},{"x":5.5,"y":-6.5},{"x":6.5,"y":-6.5},{"x":7.5,"y":-6.5},{"x":8.5,"y":-6.5},{"x":1.5,"y":-6},{"x":9.5,"y":-6},{"x":2.5,"y":-5.5},{"x":5.5,"y":-5.5},{"x":8.5,"y":-5.5},{"x":1.5,"y":-5},{"x":3.5,"y":-5},{"x":4.5,"y":-5},{"x":6.5,"y":-5},{"x":7.5,"y":-5},{"x":9.5,"y":-5},{"x":2.5,"y":-4.5},{"x":5.5,"y":-4.5},{"x":8.5,"y":-4.5},{"x":1.5,"y":-4},{"x":9.5,"y":-4},{"x":2.5,"y":-3.5},{"x":3.5,"y":-3.5},{"x":4.5,"y":-3.5},{"x":5.5,"y":-3.5},{"x":6.5,"y":-3.5},{"x":7.5,"y":-3.5},{"x":8.5,"y":-3.5},{"x":5.5,"y":-2.5},{"x":4.5,"y":-2},{"x":6.5,"y":-2},{"x":3.5,"y":-1.5},{"x":7.5,"y":-1.5}]},{"index":1,"tiles":[{"x":5.5,"y":-8.5},{"x":4.5,"y":-8},{"x":6.5,"y":-8},{"x":5.5,"y":-7.5},{"x":2.5,"y":-6.5},{"x":3.5,"y":-6.5},{"x":4.5,"y":-6.5},{"x":5.5,"y":-6.5},{"x":6.5,"y":-6.5},{"x":7.5,"y":-6.5},{"x":8.5,"y":-6.5},{"x":1.5,"y":-6},{"x":9.5,"y":-6},{"x":2.5,"y":-5.5},{"x":5.5,"y":-5.5},{"x":8.5,"y":-5.5},{"x":1.5,"y":-5},{"x":3.5,"y":-5},{"x":4.5,"y":-5},{"x":6.5,"y":-5},{"x":7.5,"y":-5},{"x":9.5,"y":-5},{"x":2.5,"y":-4.5},{"x":5.5,"y":-4.5},{"x":8.5,"y":-4.5},{"x":1.5,"y":-4},{"x":9.5,"y":-4},{"x":2.5,"y":-3.5},{"x":3.5,"y":-3.5},{"x":4.5,"y":-3.5},{"x":5.5,"y":-3.5},{"x":6.5,"y":-3.5},{"x":7.5,"y":-3.5},{"x":8.5,"y":-3.5},{"x":5.5,"y":-2.5},{"x":4.5,"y":-2},{"x":6.5,"y":-2},{"x":3.5,"y":-1.5},{"x":7.5,"y":-1.5}]},{"index":2,"tiles":[{"x":5.5,"y":-8.5},{"x":5.5,"y":-7.5},{"x":2.5,"y":-6.5},{"x":3.5,"y":-6.5},{"x":4.5,"y":-6.5},{"x":5.5,"y":-6.5},{"x":6.5,"y":-6.5},{"x":7.5,"y":-6.5},{"x":8.5,"y":-6.5},{"x":2.5,"y":-5.5},{"x":8.5,"y":-5.5},{"x":5.5,"y":-5},{"x":2.5,"y":-4.5},{"x":8.5,"y":-4.5},{"x":2.5,"y":-3.5},{"x":3.5,"y":-3.5},{"x":4.5,"y":-3.5},{"x":5.5,"y":-3.5},{"x":6.5,"y":-3.5},{"x":7.5,"y":-3.5},{"x":8.5,"y":-3.5},{"x":5.5,"y":-2.5}]}],"seeds":["jvdYZhQoxFAoigB2R+AgIYN1j8iFHbdAImcYGTVMIscp11Vp3Vek2rSAlcWBW0Zsh0CW4vg1ofhFnseADSKd4IdBXhKiYCKFIhWq"]},{"layers":[{"index":0,"tiles":[{"x":5.5,"y":-9},{"x":3.5,"y":-8.5},{"x":4.5,"y":-8.5},{"x":6.5,"y":-8.5},{"x":7.5,"y":-8.5},{"x":5.5,"y":-8},{"x":3,"y":-7},{"x":5,"y":-7},{"x":6,"y":-7},{"x":8,"y":-7},{"x":3,"y":-6},{"x":4,"y":-6},{"x":5,"y":-6},{"x":6,"y":-6},{"x":7,"y":-6},{"x":8,"y":-6},{"x":1,"y":-5.5},{"x":10,"y":-5.5},{"x":2,"y":-5},{"x":3,"y":-5},{"x":4,"y":-5},{"x":5,"y":-5},{"x":6,"y":-5},{"x":7,"y":-5},{"x":8,"y":-5},{"x":9,"y":-5},{"x":1,"y":-4.5},{"x":10,"y":-4.5},{"x":3,"y":-4},{"x":4,"y":-4},{"x":5,"y":-4},{"x":6,"y":-4},{"x":7,"y":-4},{"x":8,"y":-4},{"x":3,"y":-3},{"x":5,"y":-3},{"x":6,"y":-3},{"x":8,"y":-3},{"x":5.5,"y":-2},{"x":4.5,"y":-1.5},{"x":6.5,"y":-1.5},{"x":5.5,"y":-1}]},{"index":1,"tiles":[{"x":5.5,"y":-9},{"x":3.5,"y":-8.5},{"x":4.5,"y":-8.5},{"x":6.5,"y":-8.5},{"x":7.5,"y":-8.5},{"x":5.5,"y":-8},{"x":3,"y":-7},{"x":5,"y":-7},{"x":6,"y":-7},{"x":8,"y":-7},{"x":3,"y":-6},{"x":4,"y":-6},{"x":5,"y":-6},{"x":6,"y":-6},{"x":7,"y":-6},{"x":8,"y":-6},{"x":1,"y":-5.5},{"x":10,"y":-5.5},{"x":2,"y":-5},{"x":3,"y":-5},{"x":4,"y":-5},{"x":5,"y":-5},{"x":6,"y":-5},{"x":7,"y":-5},{"x":8,"y":-5},{"x":9,"y":-5},{"x":1,"y":-4.5},{"x":10,"y":-4.5},{"x":3,"y":-4},{"x":4,"y":-4},{"x":5,"y":-4},{"x":6,"y":-4},{"x":7,"y":-4},{"x":8,"y":-4},{"x":3,"y":-3},{"x":5,"y":-3},{"x":6,"y":-3},{"x":8,"y":-3},{"x":5.5,"y":-2},{"x":4.5,"y":-1.5},{"x":6.5,"y":-1.5},{"x":5.5,"y":-1}]},{"index":2,"tiles":[{"x":5.5,"y":-9},{"x":3.5,"y":-8.5},{"x":4.5,"y":-8.5},{"x":6.5,"y":-8.5},{"x":7.5,"y":-8.5},{"x":5.5,"y":-8},{"x":3,"y":-7},{"x":5,"y":-7},{"x":6,"y":-7},{"x":8,"y":-7},{"x":3,"y":-6},{"x":4,"y":-6},{"x":5,"y":-6},{"x":6,"y":-6},{"x":7,"y":-6},{"x":8,"y":-6},{"x":1,"y":-5.5},{"x":10,"y":-5.5},{"x":2,"y":-5},{"x":3,"y":-5},{"x":4,"y":-5},{"x":5,"y":-5},{"x":6,"y":-5},{"x":7,"y":-5},{"x":8,"y":-5},{"x":9,"y":-5},{"x":1,"y":-4.5},{"x":10,"y":-4.5},{"x":3,"y":-4},{"x":4,"y":-4},{"x":5,"y":-4},{"x":6,"y":-4},{"x":7,"y":-4},{"x":8,"y":-4},{"x":3,"y":-3},{"x":5,"y":-3},{"x":6,"y":-3},{"x":8,"y":-3},{"x":5.5,"y":-2},{"x":4.5,"y":-1.5},{"x":6.5,"y":-1.5},{"x":5.5,"y":-1}]}],"seeds":["UcdcXyCCGOVNzrFxjJCGI9cZZYSAhDc8mYd+FMGdg7g0y7NoFcNpDHmIYVANoBmIQTNVnjKpBYRQRfJV3gIqoQhJAid6ofBNWTgEnxIKYId94dVZSpBwFOhsYGiBkgEA"]},{"layers":[{"index":0,"tiles":[{"x":3,"y":-8.5},{"x":5.5,"y":-8.5},{"x":8,"y":-8.5},{"x":4,"y":-8},{"x":7,"y":-8},{"x":3,"y":-7.5},{"x":5.5,"y":-7.5},{"x":8,"y":-7.5},{"x":1,"y":-6.5},{"x":2,"y":-6.5},{"x":3,"y":-6.5},{"x":4,"y":-6.5},{"x":5.5,"y":-6.5},{"x":7,"y":-6.5},{"x":8,"y":-6.5},{"x":9,"y":-6.5},{"x":10,"y":-6.5},{"x":1,"y":-5.5},{"x":2,"y":-5.5},{"x":3,"y":-5.5},{"x":4,"y":-5.5},{"x":5,"y":-5.5},{"x":6,"y":-5.5},{"x":7,"y":-5.5},{"x":8,"y":-5.5},{"x":9,"y":-5.5},{"x":10,"y":-5.5},{"x":1,"y":-4.5},{"x":2,"y":-4.5},{"x":5.5,"y":-4.5},{"x":9,"y":-4.5},{"x":10,"y":-4.5},{"x":1,"y":-3.5},{"x":2,"y":-3.5},{"x":4.5,"y":-3.5},{"x":5.5,"y":-3.5},{"x":6.5,"y":-3.5},{"x":9,"y":-3.5},{"x":10,"y":-3.5},{"x":1.5,"y":-2.5},{"x":3.5,"y":-2.5},{"x":4.5,"y":-2.5},{"x":6.5,"y":-2.5},{"x":7.5,"y":-2.5},{"x":9.5,"y":-2.5},{"x":3.5,"y":-1.5},{"x":7.5,"y":-1.5}]},{"index":1,"tiles":[{"x":3,"y":-8.5},{"x":5.5,"y":-8.5},{"x":8,"y":-8.5},{"x":4,"y":-8},{"x":7,"y":-8},{"x":3,"y":-7.5},{"x":5.5,"y":-7.5},{"x":8,"y":-7.5},{"x":1,"y":-6.5},{"x":2,"y":-6.5},{"x":3,"y":-6.5},{"x":4,"y":-6.5},{"x":5.5,"y":-6.5},{"x":7,"y":-6.5},{"x":8,"y":-6.5},{"x":9,"y":-6.5},{"x":10,"y":-6.5},{"x":1,"y":-5.5},{"x":2,"y":-5.5},{"x":3,"y":-5.5},{"x":4,"y":-5.5},{"x":5,"y":-5.5},{"x":6,"y":-5.5},{"x":7,"y":-5.5},{"x":8,"y":-5.5},{"x":9,"y":-5.5},{"x":10,"y":-5.5},{"x":1,"y":-4.5},{"x":2,"y":-4.5},{"x":5.5,"y":-4.5},{"x":9,"y":-4.5},{"x":10,"y":-4.5},{"x":1,"y":-3.5},{"x":2,"y":-3.5},{"x":4.5,"y":-3.5},{"x":5.5,"y":-3.5},{"x":6.5,"y":-3.5},{"x":9,"y":-3.5},{"x":10,"y":-3.5},{"x":1.5,"y":-2.5},{"x":3.5,"y":-2.5},{"x":4.5,"y":-2.5},{"x":6.5,"y":-2.5},{"x":7.5,"y":-2.5},{"x":9.5,"y":-2.5},{"x":3.5,"y":-1.5},{"x":7.5,"y":-1.5}]},{"index":2,"tiles":[{"x":3,"y":-8.5},{"x":5.5,"y":-8.5},{"x":8,"y":-8.5},{"x":4,"y":-8},{"x":7,"y":-8},{"x":3,"y":-7.5},{"x":5.5,"y":-7.5},{"x":8,"y":-7.5},{"x":1,"y":-6.5},{"x":2,"y":-6.5},{"x":3,"y":-6.5},{"x":4,"y":-6.5},{"x":5.5,"y":-6.5},{"x":7,"y":-6.5},{"x":8,"y":-6.5},{"x":9,"y":-6.5},{"x":10,"y":-6.5},{"x":1,"y":-5.5},{"x":2,"y":-5.5},{"x":3,"y":-5.5},{"x":4,"y":-5.5},{"x":5,"y":-5.5},{"x":6,"y":-5.5},{"x":7,"y":-5.5},{"x":8,"y":-5.5},{"x":9,"y":-5.5},{"x":10,"y":-5.5},{"x":1,"y":-4.5},{"x":2,"y":-4.5},{"x":5.5,"y":-4.5},{"x":9,"y":-4.5},{"x":10,"y":-4.5},{"x":1,"y":-3.5},{"x":2,"y":-3.5},{"x":4.5,"y":-3.5},{"x":6.5,"y":-3.5},{"x":9,"y":-3.5},{"x":10,"y":-3.5},{"x":1.5,"y":-2.5},{"x":3.5,"y":-2.5},{"x":4.5,"y":-2.5},{"x":6.5,"y":-2.5},{"x":7.5,"y":-2.5},{"x":9.5,"y":-2.5},{"x":3.5,"y":-1.5},{"x":7.5,"y":-1.5}]}],"seeds":["l0J84RFCYqJMhuCJVmdqiuiAJAoiUcaEzOB1YIBslCYuYeSJkth0E8gUTcmBYocRJxc4wvclHxcdQnRhISSpixIaAkhQlZgGD7EM2/dZhUdxQRVyIMhMA1dRn0d0QxVmINh13bR4xDc+"]},{"layers":[{"index":0,"tiles":[{"x":3.5,"y":-8.5},{"x":4.5,"y":-8.5},{"x":5.5,"y":-8.5},{"x":6.5,"y":-8.5},{"x":7.5,"y":-8.5},{"x":2.5,"y":-8},{"x":8.5,"y":-8},{"x":1.5,"y":-7.5},{"x":5.5,"y":-7.5},{"x":9.5,"y":-7.5},{"x":1,"y":-6.5},{"x":2,"y":-6.5},{"x":3,"y":-6.5},{"x":4,"y":-6.5},{"x":5,"y":-6.5},{"x":6,"y":-6.5},{"x":7,"y":-6.5},{"x":8,"y":-6.5},{"x":9,"y":-6.5},{"x":10,"y":-6.5},{"x":1,"y":-5.5},{"x":2,"y":-5.5},{"x":5,"y":-5.5},{"x":6,"y":-5.5},{"x":9,"y":-5.5},{"x":10,"y":-5.5},{"x":1,"y":-4.5},{"x":2,"y":-4.5},{"x":5,"y":-4.5},{"x":6,"y":-4.5},{"x":9,"y":-4.5},{"x":10,"y":-4.5},{"x":1,"y":-3.5},{"x":2,"y":-3.5},{"x":3,"y":-3.5},{"x":4,"y":-3.5},{"x":5,"y":-3.5},{"x":6,"y":-3.5},{"x":7,"y":-3.5},{"x":8,"y":-3.5},{"x":9,"y":-3.5},{"x":10,"y":-3.5},{"x":1.5,"y":-2.5},{"x":5.5,"y":-2.5},{"x":9.5,"y":-2.5},{"x":2.5,"y":-2},{"x":4.5,"y":-2},{"x":6.5,"y":-2},{"x":8.5,"y":-2},{"x":3.5,"y":-1.5},{"x":5.5,"y":-1.5},{"x":7.5,"y":-1.5}]},{"index":1,"tiles":[{"x":3.5,"y":-8.5},{"x":4.5,"y":-8.5},{"x":5.5,"y":-8.5},{"x":6.5,"y":-8.5},{"x":7.5,"y":-8.5},{"x":2.5,"y":-8},{"x":8.5,"y":-8},{"x":1.5,"y":-7.5},{"x":5.5,"y":-7.5},{"x":9.5,"y":-7.5},{"x":1,"y":-6.5},{"x":2,"y":-6.5},{"x":3,"y":-6.5},{"x":4,"y":-6.5},{"x":5,"y":-6.5},{"x":6,"y":-6.5},{"x":7,"y":-6.5},{"x":8,"y":-6.5},{"x":9,"y":-6.5},{"x":10,"y":-6.5},{"x":1,"y":-5.5},{"x":2,"y":-5.5},{"x":5,"y":-5.5},{"x":6,"y":-5.5},{"x":9,"y":-5.5},{"x":10,"y":-5.5},{"x":1,"y":-4.5},{"x":2,"y":-4.5},{"x":5,"y":-4.5},{"x":6,"y":-4.5},{"x":9,"y":-4.5},{"x":10,"y":-4.5},{"x":1,"y":-3.5},{"x":2,"y":-3.5},{"x":3,"y":-3.5},{"x":4,"y":-3.5},{"x":5,"y":-3.5},{"x":6,"y":-3.5},{"x":7,"y":-3.5},{"x":8,"y":-3.5},{"x":9,"y":-3.5},{"x":10,"y":-3.5},{"x":1.5,"y":-2.5},{"x":5.5,"y":-2.5},{"x":9.5,"y":-2.5},{"x":2.5,"y":-2},{"x":4.5,"y":-2},{"x":6.5,"y":-2},{"x":8.5,"y":-2},{"x":3.5,"y":-1.5},{"x":5.5,"y":-1.5},{"x":7.5,"y":-1.5}]},{"index":2,"tiles":[{"x":3.5,"y":-8.5},{"x":4.5,"y":-8.5},{"x":5.5,"y":-8.5},{"x":6.5,"y":-8.5},{"x":7.5,"y":-8.5},{"x":2.5,"y":-8},{"x":8.5,"y":-8},{"x":1.5,"y":-7.5},{"x":5.5,"y":-7.5},{"x":9.5,"y":-7.5},{"x":1,"y":-6.5},{"x":5,"y":-6.5},{"x":6,"y":-6.5},{"x":10,"y":-6.5},{"x":1,"y":-5.5},{"x":5,"y":-5.5},{"x":6,"y":-5.5},{"x":10,"y":-5.5},{"x":1,"y":-4.5},{"x":5,"y":-4.5},{"x":6,"y":-4.5},{"x":10,"y":-4.5},{"x":1,"y":-3.5},{"x":5,"y":-3.5},{"x":6,"y":-3.5},{"x":10,"y":-3.5},{"x":1.5,"y":-2.5},{"x":5.5,"y":-2.5},{"x":9.5,"y":-2.5},{"x":2.5,"y":-2},{"x":4.5,"y":-2},{"x":6.5,"y":-2},{"x":8.5,"y":-2},{"x":3.5,"y":-1.5},{"x":5.5,"y":-1.5},{"x":7.5,"y":-1.5}]}],"seeds":["U1GFhCVpD2RNnbh4DcMtlhUNVBKCXiBy4aacn9IEHiMo18chmSAe34eYTtRBYqhK4iCEFUOBoidOH5l0VLQN4FV4KPFUYBVwGNdlAtd9AXgsE7d4GKg9TsikzRgSDdiBylCKDxUaEWFw"]},{"layers":[{"index":0,"tiles":[{"x":3,"y":-8.5},{"x":4,"y":-8.5},{"x":5,"y":-8.5},{"x":6,"y":-8.5},{"x":7,"y":-8.5},{"x":8,"y":-8.5},{"x":2,"y":-7.5},{"x":3,"y":-7.5},{"x":4,"y":-7.5},{"x":7,"y":-7.5},{"x":8,"y":-7.5},{"x":9,"y":-7.5},{"x":5.5,"y":-7},{"x":1,"y":-6.5},{"x":2,"y":-6.5},{"x":3,"y":-6.5},{"x":4,"y":-6.5},{"x":7,"y":-6.5},{"x":8,"y":-6.5},{"x":9,"y":-6.5},{"x":10,"y":-6.5},{"x":5.5,"y":-6},{"x":2.5,"y":-5.5},{"x":8.5,"y":-5.5},{"x":4.5,"y":-5},{"x":5.5,"y":-5},{"x":6.5,"y":-5},{"x":2.5,"y":-4.5},{"x":8.5,"y":-4.5},{"x":5.5,"y":-4},{"x":1,"y":-3.5},{"x":2,"y":-3.5},{"x":3,"y":-3.5},{"x":4,"y":-3.5},{"x":7,"y":-3.5},{"x":8,"y":-3.5},{"x":9,"y":-3.5},{"x":10,"y":-3.5},{"x":5.5,"y":-3},{"x":2,"y":-2.5},{"x":3,"y":-2.5},{"x":4,"y":-2.5},{"x":7,"y":-2.5},{"x":8,"y":-2.5},{"x":9,"y":-2.5},{"x":3,"y":-1.5},{"x":4,"y":-1.5},{"x":5,"y":-1.5},{"x":6,"y":-1.5},{"x":7,"y":-1.5},{"x":8,"y":-1.5}]},{"index":1,"tiles":[{"x":3,"y":-8.5},{"x":4,"y":-8.5},{"x":5,"y":-8.5},{"x":6,"y":-8.5},{"x":7,"y":-8.5},{"x":8,"y":-8.5},{"x":2,"y":-7.5},{"x":3,"y":-7.5},{"x":4,"y":-7.5},{"x":7,"y":-7.5},{"x":8,"y":-7.5},{"x":9,"y":-7.5},{"x":5.5,"y":-7},{"x":1,"y":-6.5},{"x":2,"y":-6.5},{"x":3,"y":-6.5},{"x":4,"y":-6.5},{"x":7,"y":-6.5},{"x":8,"y":-6.5},{"x":9,"y":-6.5},{"x":10,"y":-6.5},{"x":5.5,"y":-6},{"x":2.5,"y":-5.5},{"x":8.5,"y":-5.5},{"x":4.5,"y":-5},{"x":5.5,"y":-5},{"x":6.5,"y":-5},{"x":2.5,"y":-4.5},{"x":8.5,"y":-4.5},{"x":5.5,"y":-4},{"x":1,"y":-3.5},{"x":2,"y":-3.5},{"x":3,"y":-3.5},{"x":4,"y":-3.5},{"x":7,"y":-3.5},{"x":8,"y":-3.5},{"x":9,"y":-3.5},{"x":10,"y":-3.5},{"x":5.5,"y":-3},{"x":2,"y":-2.5},{"x":3,"y":-2.5},{"x":4,"y":-2.5},{"x":7,"y":-2.5},{"x":8,"y":-2.5},{"x":9,"y":-2.5},{"x":3,"y":-1.5},{"x":4,"y":-1.5},{"x":5,"y":-1.5},{"x":6,"y":-1.5},{"x":7,"y":-1.5},{"x":8,"y":-1.5}]},{"index":2,"tiles":[{"x":3,"y":-8.5},{"x":4,"y":-8.5},{"x":5,"y":-8.5},{"x":6,"y":-8.5},{"x":7,"y":-8.5},{"x":8,"y":-8.5},{"x":2,"y":-7.5},{"x":4,"y":-7.5},{"x":7,"y":-7.5},{"x":9,"y":-7.5},{"x":1,"y":-6.5},{"x":4,"y":-6.5},{"x":7,"y":-6.5},{"x":10,"y":-6.5},{"x":2.5,"y":-5.5},{"x":8.5,"y":-5.5},{"x":2.5,"y":-4.5},{"x":8.5,"y":-4.5},{"x":1,"y":-3.5},{"x":4,"y":-3.5},{"x":7,"y":-3.5},{"x":10,"y":-3.5},{"x":2,"y":-2.5},{"x":4,"y":-2.5},{"x":7,"y":-2.5},{"x":9,"y":-2.5},{"x":3,"y":-1.5},{"x":4,"y":-1.5},{"x":5,"y":-1.5},{"x":6,"y":-1.5},{"x":7,"y":-1.5},{"x":8,"y":-1.5}]}],"seeds":["hMiFD0h1Fch4n2UODVeEoqZkHIakk/iJwxJEGjUtAyJ65AIuDTQRoQgeFicIzxc2Rtd5VPBdBQF6YQgykAqKgcBEQoY6YDN1nzKGFVMljidRVrhV3nZYyYkZyjcoXMBdXUeIUgkA"]},{"layers":[{"index":0,"tiles":[{"x":4,"y":-8},{"x":5,"y":-8},{"x":6,"y":-8},{"x":7,"y":-8},{"x":1,"y":-7},{"x":2,"y":-7},{"x":3,"y":-7},{"x":4,"y":-7},{"x":5,"y":-7},{"x":6,"y":-7},{"x":7,"y":-7},{"x":8,"y":-7},{"x":9,"y":-7},{"x":10,"y":-7},{"x":1,"y":-6},{"x":3,"y":-6},{"x":4,"y":-6},{"x":5.5,"y":-6},{"x":7,"y":-6},{"x":8,"y":-6},{"x":10,"y":-6},{"x":1,"y":-5},{"x":3.5,"y":-5},{"x":5.5,"y":-5},{"x":7.5,"y":-5},{"x":10,"y":-5},{"x":1,"y":-4},{"x":3,"y":-4},{"x":4,"y":-4},{"x":5.5,"y":-4},{"x":7,"y":-4},{"x":8,"y":-4},{"x":10,"y":-4},{"x":1,"y":-3},{"x":2,"y":-3},{"x":3,"y":-3},{"x":4,"y":-3},{"x":5,"y":-3},{"x":6,"y":-3},{"x":7,"y":-3},{"x":8,"y":-3},{"x":9,"y":-3},{"x":10,"y":-3},{"x":4,"y":-2},{"x":5,"y":-2},{"x":6,"y":-2},{"x":7,"y":-2}]},{"index":1,"tiles":[{"x":4,"y":-8},{"x":5,"y":-8},{"x":6,"y":-8},{"x":7,"y":-8},{"x":1,"y":-7},{"x":2,"y":-7},{"x":3,"y":-7},{"x":4,"y":-7},{"x":5,"y":-7},{"x":6,"y":-7},{"x":7,"y":-7},{"x":8,"y":-7},{"x":9,"y":-7},{"x":10,"y":-7},{"x":1,"y":-6},{"x":3,"y":-6},{"x":4,"y":-6},{"x":5.5,"y":-6},{"x":7,"y":-6},{"x":8,"y":-6},{"x":10,"y":-6},{"x":1,"y":-5},{"x":3.5,"y":-5},{"x":5.5,"y":-5},{"x":7.5,"y":-5},{"x":10,"y":-5},{"x":1,"y":-4},{"x":3,"y":-4},{"x":4,"y":-4},{"x":5.5,"y":-4},{"x":7,"y":-4},{"x":8,"y":-4},{"x":10,"y":-4},{"x":1,"y":-3},{"x":2,"y":-3},{"x":3,"y":-3},{"x":4,"y":-3},{"x":5,"y":-3},{"x":6,"y":-3},{"x":7,"y":-3},{"x":8,"y":-3},{"x":9,"y":-3},{"x":10,"y":-3},{"x":4,"y":-2},{"x":5,"y":-2},{"x":6,"y":-2},{"x":7,"y":-2}]},{"index":2,"tiles":[{"x":4,"y":-8},{"x":5,"y":-8},{"x":6,"y":-8},{"x":7,"y":-8},{"x":1,"y":-7},{"x":2,"y":-7},{"x":3,"y":-7},{"x":4,"y":-7},{"x":5,"y":-7},{"x":6,"y":-7},{"x":7,"y":-7},{"x":8,"y":-7},{"x":9,"y":-7},{"x":10,"y":-7},{"x":1,"y":-6},{"x":10,"y":-6},{"x":1,"y":-5},{"x":10,"y":-5},{"x":1,"y":-4},{"x":10,"y":-4},{"x":1,"y":-3},{"x":2,"y":-3},{"x":3,"y":-3},{"x":4,"y":-3},{"x":5,"y":-3},{"x":6,"y":-3},{"x":7,"y":-3},{"x":8,"y":-3},{"x":9,"y":-3},{"x":10,"y":-3},{"x":4,"y":-2},{"x":5,"y":-2},{"x":6,"y":-2},{"x":7,"y":-2}]}],"seeds":["WQeGijRwjJgcIBkGoScEyPR9hSJoYplcCwhSDmcSRooE1iVS08YpXzGdYsJpX7BwnUdBC1h5ImqBhDAaVaMmjdd1nYKF06Eo3LMMINZNkReGT+RlkjAdF3UxYAiJx+aE"]},{"layers":[{"index":0,"tiles":[{"x":4,"y":-8},{"x":7,"y":-8},{"x":4,"y":-7},{"x":7,"y":-7},{"x":1,"y":-6},{"x":2,"y":-6},{"x":3,"y":-6},{"x":4,"y":-6},{"x":7,"y":-6},{"x":8,"y":-6},{"x":9,"y":-6},{"x":10,"y":-6},{"x":1,"y":-5},{"x":4,"y":-5},{"x":7,"y":-5},{"x":10,"y":-5},{"x":2.5,"y":-4.5},{"x":8.5,"y":-4.5},{"x":1,"y":-4},{"x":4,"y":-4},{"x":7,"y":-4},{"x":10,"y":-4},{"x":2.5,"y":-3.5},{"x":8.5,"y":-3.5},{"x":1,"y":-3},{"x":4,"y":-3},{"x":7,"y":-3},{"x":10,"y":-3},{"x":2.5,"y":-2.5},{"x":8.5,"y":-2.5},{"x":1,"y":-2},{"x":4,"y":-2},{"x":7,"y":-2},{"x":10,"y":-2},{"x":2.5,"y":-1.5},{"x":8.5,"y":-1.5},{"x":1,"y":-1},{"x":4,"y":-1},{"x":7,"y":-1},{"x":10,"y":-1}]},{"index":1,"tiles":[{"x":4,"y":-8},{"x":7,"y":-8},{"x":4,"y":-7},{"x":7,"y":-7},{"x":1,"y":-6},{"x":2,"y":-6},{"x":3,"y":-6},{"x":4,"y":-6},{"x":7,"y":-6},{"x":8,"y":-6},{"x":9,"y":-6},{"x":10,"y":-6},{"x":1,"y":-5},{"x":4,"y":-5},{"x":7,"y":-5},{"x":10,"y":-5},{"x":2.5,"y":-4.5},{"x":8.5,"y":-4.5},{"x":1,"y":-4},{"x":4,"y":-4},{"x":7,"y":-4},{"x":10,"y":-4},{"x":2.5,"y":-3.5},{"x":8.5,"y":-3.5},{"x":1,"y":-3},{"x":4,"y":-3},{"x":7,"y":-3},{"x":10,"y":-3},{"x":2.5,"y":-2.5},{"x":8.5,"y":-2.5},{"x":1,"y":-2},{"x":4,"y":-2},{"x":7,"y":-2},{"x":10,"y":-2},{"x":2.5,"y":-1.5},{"x":8.5,"y":-1.5},{"x":1,"y":-1},{"x":4,"y":-1},{"x":7,"y":-1},{"x":10,"y":-1}]},{"index":2,"tiles":[{"x":4,"y":-8},{"x":7,"y":-8},{"x":4,"y":-7},{"x":7,"y":-7},{"x":1,"y":-6},{"x":2,"y":-6},{"x":3,"y":-6},{"x":4,"y":-6},{"x":7,"y":-6},{"x":8,"y":-6},{"x":9,"y":-6},{"x":10,"y":-6},{"x":1,"y":-5},{"x":4,"y":-5},{"x":7,"y":-5},{"x":10,"y":-5},{"x":2.5,"y":-4.5},{"x":8.5,"y":-4.5},{"x":1,"y":-4},{"x":4,"y":-4},{"x":7,"y":-4},{"x":10,"y":-4},{"x":2.5,"y":-3.5},{"x":8.5,"y":-3.5},{"x":1,"y":-3},{"x":4,"y":-3},{"x":7,"y":-3},{"x":10,"y":-3},{"x":2.5,"y":-2.5},{"x":8.5,"y":-2.5},{"x":1,"y":-2},{"x":4,"y":-2},{"x":7,"y":-2},{"x":10,"y":-2},{"x":2.5,"y":-1.5},{"x":8.5,"y":-1.5},{"x":1,"y":-1},{"x":4,"y":-1},{"x":7,"y":-1},{"x":10,"y":-1}]}],"seeds":["D3VenVJskIZV4KCAiOSJVRoEhxEWl4h5nBg+YMNxkjVNUmUcnxWiCqhJYmVyHig6lPEtzPCJYagmwcZxQpmJQWZwXOgondIwCiImFdGBn0dUIDlCUSV0EbhU"]},{"layers":[{"index":0,"tiles":[{"x":5.5,"y":-8},{"x":0.5,"y":-7},{"x":1.5,"y":-7},{"x":2.5,"y":-7},{"x":4.5,"y":-7},{"x":5.5,"y":-7},{"x":6.5,"y":-7},{"x":8.5,"y":-7},{"x":9.5,"y":-7},{"x":10.5,"y":-7},{"x":1,"y":-6},{"x":2,"y":-6},{"x":4,"y":-6},{"x":5,"y":-6},{"x":6,"y":-6},{"x":7,"y":-6},{"x":9,"y":-6},{"x":10,"y":-6},{"x":1.5,"y":-5},{"x":3.5,"y":-5},{"x":4.5,"y":-5},{"x":5.5,"y":-5},{"x":6.5,"y":-5},{"x":7.5,"y":-5},{"x":9.5,"y":-5},{"x":1,"y":-4},{"x":2,"y":-4},{"x":4,"y":-4},{"x":5,"y":-4},{"x":6,"y":-4},{"x":7,"y":-4},{"x":9,"y":-4},{"x":10,"y":-4},{"x":0.5,"y":-3},{"x":1.5,"y":-3},{"x":2.5,"y":-3},{"x":4.5,"y":-3},{"x":5.5,"y":-3},{"x":6.5,"y":-3},{"x":8.5,"y":-3},{"x":9.5,"y":-3},{"x":10.5,"y":-3},{"x":5.5,"y":-2}]},{"index":1,"tiles":[{"x":5.5,"y":-8},{"x":0.5,"y":-7},{"x":1.5,"y":-7},{"x":2.5,"y":-7},{"x":4.5,"y":-7},{"x":5.5,"y":-7},{"x":6.5,"y":-7},{"x":8.5,"y":-7},{"x":9.5,"y":-7},{"x":10.5,"y":-7},{"x":1,"y":-6},{"x":2,"y":-6},{"x":4,"y":-6},{"x":5,"y":-6},{"x":6,"y":-6},{"x":7,"y":-6},{"x":9,"y":-6},{"x":10,"y":-6},{"x":3.5,"y":-5},{"x":4.5,"y":-5},{"x":5.5,"y":-5},{"x":6.5,"y":-5},{"x":7.5,"y":-5},{"x":1,"y":-4},{"x":2,"y":-4},{"x":4,"y":-4},{"x":5,"y":-4},{"x":6,"y":-4},{"x":7,"y":-4},{"x":9,"y":-4},{"x":10,"y":-4},{"x":0.5,"y":-3},{"x":1.5,"y":-3},{"x":2.5,"y":-3},{"x":4.5,"y":-3},{"x":5.5,"y":-3},{"x":6.5,"y":-3},{"x":8.5,"y":-3},{"x":9.5,"y":-3},{"x":10.5,"y":-3},{"x":5.5,"y":-2}]},{"index":2,"tiles":[{"x":5.5,"y":-8},{"x":0.5,"y":-7},{"x":1.5,"y":-7},{"x":2.5,"y":-7},{"x":4.5,"y":-7},{"x":6.5,"y":-7},{"x":8.5,"y":-7},{"x":9.5,"y":-7},{"x":10.5,"y":-7},{"x":4,"y":-6},{"x":7,"y":-6},{"x":3.5,"y":-5},{"x":7.5,"y":-5},{"x":4,"y":-4},{"x":7,"y":-4},{"x":0.5,"y":-3},{"x":1.5,"y":-3},{"x":2.5,"y":-3},{"x":4.5,"y":-3},{"x":6.5,"y":-3},{"x":8.5,"y":-3},{"x":9.5,"y":-3},{"x":10.5,"y":-3},{"x":5.5,"y":-2}]}],"seeds":["0NQNS8MVU5Bk4ZSJ3AExE+oolhKBCHhWXocxhHSB4rWAmmgYJkl43qeEn8WFoLp1SpeCXCWEjxhyoBCFX1Bu4oeIoJaM3FBg3kNR3RE4QSc1"]},{"layers":[{"index":0,"tiles":[{"x":4,"y":-8.5},{"x":5,"y":-8.5},{"x":6,"y":-8.5},{"x":7,"y":-8.5},{"x":3,"y":-7.5},{"x":4,"y":-7.5},{"x":7,"y":-7.5},{"x":8,"y":-7.5},{"x":5.5,"y":-7},{"x":2,"y":-6.5},{"x":3,"y":-6.5},{"x":8,"y":-6.5},{"x":9,"y":-6.5},{"x":4.5,"y":-6},{"x":5.5,"y":-6},{"x":6.5,"y":-6},{"x":1,"y":-5.5},{"x":2,"y":-5.5},{"x":9,"y":-5.5},{"x":10,"y":-5.5},{"x":3.5,"y":-5},{"x":4.5,"y":-5},{"x":5.5,"y":-5},{"x":6.5,"y":-5},{"x":7.5,"y":-5},{"x":1,"y":-4.5},{"x":2,"y":-4.5},{"x":9,"y":-4.5},{"x":10,"y":-4.5},{"x":4.5,"y":-4},{"x":5.5,"y":-4},{"x":6.5,"y":-4},{"x":2,"y":-3.5},{"x":3,"y":-3.5},{"x":8,"y":-3.5},{"x":9,"y":-3.5},{"x":5.5,"y":-3},{"x":3,"y":-2.5},{"x":4,"y":-2.5},{"x":7,"y":-2.5},{"x":8,"y":-2.5},{"x":4,"y":-1.5},{"x":5,"y":-1.5},{"x":6,"y":-1.5},{"x":7,"y":-1.5}]},{"index":1,"tiles":[{"x":4,"y":-8.5},{"x":5,"y":-8.5},{"x":6,"y":-8.5},{"x":7,"y":-8.5},{"x":3,"y":-7.5},{"x":4,"y":-7.5},{"x":7,"y":-7.5},{"x":8,"y":-7.5},{"x":5.5,"y":-7},{"x":2,"y":-6.5},{"x":3,"y":-6.5},{"x":8,"y":-6.5},{"x":9,"y":-6.5},{"x":4.5,"y":-6},{"x":5.5,"y":-6},{"x":6.5,"y":-6},{"x":1,"y":-5.5},{"x":2,"y":-5.5},{"x":9,"y":-5.5},{"x":10,"y":-5.5},{"x":3.5,"y":-5},{"x":4.5,"y":-5},{"x":5.5,"y":-5},{"x":6.5,"y":-5},{"x":7.5,"y":-5},{"x":1,"y":-4.5},{"x":2,"y":-4.5},{"x":9,"y":-4.5},{"x":10,"y":-4.5},{"x":4.5,"y":-4},{"x":5.5,"y":-4},{"x":6.5,"y":-4},{"x":2,"y":-3.5},{"x":3,"y":-3.5},{"x":8,"y":-3.5},{"x":9,"y":-3.5},{"x":5.5,"y":-3},{"x":3,"y":-2.5},{"x":4,"y":-2.5},{"x":7,"y":-2.5},{"x":8,"y":-2.5},{"x":4,"y":-1.5},{"x":5,"y":-1.5},{"x":6,"y":-1.5},{"x":7,"y":-1.5}]},{"index":2,"tiles":[{"x":4,"y":-8.5},{"x":5,"y":-8.5},{"x":6,"y":-8.5},{"x":7,"y":-8.5},{"x":3,"y":-7.5},{"x":4,"y":-7.5},{"x":7,"y":-7.5},{"x":8,"y":-7.5},{"x":5.5,"y":-7},{"x":2,"y":-6.5},{"x":3,"y":-6.5},{"x":8,"y":-6.5},{"x":9,"y":-6.5},{"x":4.5,"y":-6},{"x":6.5,"y":-6},{"x":1,"y":-5.5},{"x":2,"y":-5.5},{"x":9,"y":-5.5},{"x":10,"y":-5.5},{"x":3.5,"y":-5},{"x":7.5,"y":-5},{"x":1,"y":-4.5},{"x":2,"y":-4.5},{"x":9,"y":-4.5},{"x":10,"y":-4.5},{"x":4.5,"y":-4},{"x":6.5,"y":-4},{"x":2,"y":-3.5},{"x":3,"y":-3.5},{"x":8,"y":-3.5},{"x":9,"y":-3.5},{"x":5.5,"y":-3},{"x":3,"y":-2.5},{"x":4,"y":-2.5},{"x":7,"y":-2.5},{"x":8,"y":-2.5},{"x":4,"y":-1.5},{"x":5,"y":-1.5},{"x":6,"y":-1.5},{"x":7,"y":-1.5}]}],"seeds":["nEhNBVhN1DNGIngdoLIsF7MtX0gcQRAmoSNGgsCIKhl83VAwmFV1nuc1TIeGlhJ4HQeJCiJ+lQI2Ghg+BpWBUrhl4CByXDeEU0p0AiZxnzYglOGJxCeAZzJ5hLOYH1RxYQkA"]},{"layers":[{"index":0,"tiles":[{"x":4,"y":-8.5},{"x":5,"y":-8.5},{"x":6,"y":-8.5},{"x":7,"y":-8.5},{"x":3,"y":-7.5},{"x":4,"y":-7.5},{"x":5,"y":-7.5},{"x":6,"y":-7.5},{"x":7,"y":-7.5},{"x":8,"y":-7.5},{"x":2,"y":-6.5},{"x":3,"y":-6.5},{"x":4,"y":-6.5},{"x":5,"y":-6.5},{"x":6,"y":-6.5},{"x":7,"y":-6.5},{"x":8,"y":-6.5},{"x":9,"y":-6.5},{"x":1,"y":-5.5},{"x":2,"y":-5.5},{"x":3,"y":-5.5},{"x":4,"y":-5.5},{"x":5,"y":-5.5},{"x":6,"y":-5.5},{"x":7,"y":-5.5},{"x":8,"y":-5.5},{"x":9,"y":-5.5},{"x":10,"y":-5.5},{"x":1,"y":-4.5},{"x":2,"y":-4.5},{"x":3,"y":-4.5},{"x":4,"y":-4.5},{"x":5,"y":-4.5},{"x":6,"y":-4.5},{"x":7,"y":-4.5},{"x":8,"y":-4.5},{"x":9,"y":-4.5},{"x":10,"y":-4.5},{"x":2,"y":-3.5},{"x":3,"y":-3.5},{"x":4,"y":-3.5},{"x":5,"y":-3.5},{"x":6,"y":-3.5},{"x":7,"y":-3.5},{"x":8,"y":-3.5},{"x":9,"y":-3.5},{"x":3,"y":-2.5},{"x":4,"y":-2.5},{"x":5,"y":-2.5},{"x":6,"y":-2.5},{"x":7,"y":-2.5},{"x":8,"y":-2.5},{"x":4,"y":-1.5},{"x":5,"y":-1.5},{"x":6,"y":-1.5},{"x":7,"y":-1.5}]},{"index":1,"tiles":[{"x":4,"y":-8.5},{"x":5,"y":-8.5},{"x":6,"y":-8.5},{"x":7,"y":-8.5},{"x":3,"y":-7.5},{"x":4,"y":-7.5},{"x":5,"y":-7.5},{"x":6,"y":-7.5},{"x":7,"y":-7.5},{"x":8,"y":-7.5},{"x":2,"y":-6.5},{"x":3,"y":-6.5},{"x":4,"y":-6.5},{"x":5,"y":-6.5},{"x":6,"y":-6.5},{"x":7,"y":-6.5},{"x":8,"y":-6.5},{"x":9,"y":-6.5},{"x":1,"y":-5.5},{"x":2,"y":-5.5},{"x":3,"y":-5.5},{"x":4,"y":-5.5},{"x":7,"y":-5.5},{"x":8,"y":-5.5},{"x":9,"y":-5.5},{"x":10,"y":-5.5},{"x":1,"y":-4.5},{"x":2,"y":-4.5},{"x":3,"y":-4.5},{"x":4,"y":-4.5},{"x":7,"y":-4.5},{"x":8,"y":-4.5},{"x":9,"y":-4.5},{"x":10,"y":-4.5},{"x":2,"y":-3.5},{"x":3,"y":-3.5},{"x":4,"y":-3.5},{"x":5,"y":-3.5},{"x":6,"y":-3.5},{"x":7,"y":-3.5},{"x":8,"y":-3.5},{"x":9,"y":-3.5},{"x":3,"y":-2.5},{"x":4,"y":-2.5},{"x":5,"y":-2.5},{"x":6,"y":-2.5},{"x":7,"y":-2.5},{"x":8,"y":-2.5},{"x":4,"y":-1.5},{"x":5,"y":-1.5},{"x":6,"y":-1.5},{"x":7,"y":-1.5}]},{"index":2,"tiles":[{"x":4,"y":-8.5},{"x":5,"y":-8.5},{"x":6,"y":-8.5},{"x":7,"y":-8.5},{"x":3,"y":-7.5},{"x":4,"y":-7.5},{"x":5,"y":-7.5},{"x":6,"y":-7.5},{"x":7,"y":-7.5},{"x":8,"y":-7.5},{"x":2,"y":-6.5},{"x":3,"y":-6.5},{"x":4,"y":-6.5},{"x":7,"y":-6.5},{"x":8,"y":-6.5},{"x":9,"y":-6.5},{"x":1,"y":-5.5},{"x":2,"y":-5.5},{"x":3,"y":-5.5},{"x":8,"y":-5.5},{"x":9,"y":-5.5},{"x":10,"y":-5.5},{"x":1,"y":-4.5},{"x":2,"y":-4.5},{"x":3,"y":-4.5},{"x":8,"y":-4.5},{"x":9,"y":-4.5},{"x":10,"y":-4.5},{"x":2,"y":-3.5},{"x":3,"y":-3.5},{"x":4,"y":-3.5},{"x":7,"y":-3.5},{"x":8,"y":-3.5},{"x":9,"y":-3.5},{"x":3,"y":-2.5},{"x":4,"y":-2.5},{"x":5,"y":-2.5},{"x":6,"y":-2.5},{"x":7,"y":-2.5},{"x":8,"y":-2.5},{"x":4,"y":-1.5},{"x":5,"y":-1.5},{"x":6,"y":-1.5},{"x":7,"y":-1.5}]},{"index":3,"tiles":[{"x":4,"y":-8.5},{"x":5,"y":-8.5},{"x":6,"y":-8.5},{"x":7,"y":-8.5},{"x":3,"y":-7.5},{"x":8,"y":-7.5},{"x":2,"y":-6.5},{"x":9,"y":-6.5},{"x":1,"y":-5.5},{"x":2,"y":-5.5},{"x":9,"y":-5.5},{"x":10,"y":-5.5},{"x":1,"y":-4.5},{"x":2,"y":-4.5},{"x":9,"y":-4.5},{"x":10,"y":-4.5},{"x":2,"y":-3.5},{"x":9,"y":-3.5},{"x":3,"y":-2.5},{"x":8,"y":-2.5},{"x":4,"y":-1.5},{"x":5,"y":-1.5},{"x":6,"y":-1.5},{"x":7,"y":-1.5}]}],"seeds":["FkhZTCImIeel3uJo4IM4XaBN1AKKGShilMgRDWN9TOhJDshREUSFHeeFS8l5zfVcBHZ6X+GQnHB1EHiEnjF4Vzds1WSIVYNcSydGINhQS2VGImddWxUQyhV4THRdghKqRveJj6IEEwd6UxiKHwYWKAZm4BdeRdB9gtQFQiEOixEew0OM"]},{"layers":[{"index":0,"tiles":[{"x":2.5,"y":-8.5},{"x":8.5,"y":-8.5},{"x":2,"y":-7.5},{"x":3,"y":-7.5},{"x":8,"y":-7.5},{"x":9,"y":-7.5},{"x":5.5,"y":-7},{"x":1.5,"y":-6.5},{"x":2.5,"y":-6.5},{"x":3.5,"y":-6.5},{"x":7.5,"y":-6.5},{"x":8.5,"y":-6.5},{"x":9.5,"y":-6.5},{"x":5.5,"y":-6},{"x":1,"y":-5.5},{"x":2,"y":-5.5},{"x":3,"y":-5.5},{"x":8,"y":-5.5},{"x":9,"y":-5.5},{"x":10,"y":-5.5},{"x":4,"y":-5},{"x":5,"y":-5},{"x":6,"y":-5},{"x":7,"y":-5},{"x":1,"y":-4.5},{"x":2,"y":-4.5},{"x":3,"y":-4.5},{"x":8,"y":-4.5},{"x":9,"y":-4.5},{"x":10,"y":-4.5},{"x":5.5,"y":-4},{"x":1.5,"y":-3.5},{"x":2.5,"y":-3.5},{"x":3.5,"y":-3.5},{"x":7.5,"y":-3.5},{"x":8.5,"y":-3.5},{"x":9.5,"y":-3.5},{"x":5.5,"y":-3},{"x":2,"y":-2.5},{"x":3,"y":-2.5},{"x":8,"y":-2.5},{"x":9,"y":-2.5},{"x":2.5,"y":-1.5},{"x":8.5,"y":-1.5}]},{"index":1,"tiles":[{"x":2.5,"y":-8.5},{"x":8.5,"y":-8.5},{"x":2,"y":-7.5},{"x":3,"y":-7.5},{"x":8,"y":-7.5},{"x":9,"y":-7.5},{"x":5.5,"y":-7},{"x":1.5,"y":-6.5},{"x":2.5,"y":-6.5},{"x":3.5,"y":-6.5},{"x":7.5,"y":-6.5},{"x":8.5,"y":-6.5},{"x":9.5,"y":-6.5},{"x":5.5,"y":-6},{"x":1,"y":-5.5},{"x":2,"y":-5.5},{"x":3,"y":-5.5},{"x":8,"y":-5.5},{"x":9,"y":-5.5},{"x":10,"y":-5.5},{"x":4,"y":-5},{"x":5,"y":-5},{"x":6,"y":-5},{"x":7,"y":-5},{"x":1,"y":-4.5},{"x":2,"y":-4.5},{"x":3,"y":-4.5},{"x":8,"y":-4.5},{"x":9,"y":-4.5},{"x":10,"y":-4.5},{"x":5.5,"y":-4},{"x":1.5,"y":-3.5},{"x":2.5,"y":-3.5},{"x":3.5,"y":-3.5},{"x":7.5,"y":-3.5},{"x":8.5,"y":-3.5},{"x":9.5,"y":-3.5},{"x":5.5,"y":-3},{"x":2,"y":-2.5},{"x":3,"y":-2.5},{"x":8,"y":-2.5},{"x":9,"y":-2.5},{"x":2.5,"y":-1.5},{"x":8.5,"y":-1.5}]},{"index":2,"tiles":[{"x":2.5,"y":-8.5},{"x":8.5,"y":-8.5},{"x":2,"y":-7.5},{"x":3,"y":-7.5},{"x":8,"y":-7.5},{"x":9,"y":-7.5},{"x":1.5,"y":-6.5},{"x":3.5,"y":-6.5},{"x":7.5,"y":-6.5},{"x":9.5,"y":-6.5},{"x":1,"y":-5.5},{"x":10,"y":-5.5},{"x":1,"y":-4.5},{"x":10,"y":-4.5},{"x":1.5,"y":-3.5},{"x":3.5,"y":-3.5},{"x":7.5,"y":-3.5},{"x":9.5,"y":-3.5},{"x":2,"y":-2.5},{"x":3,"y":-2.5},{"x":8,"y":-2.5},{"x":9,"y":-2.5},{"x":2.5,"y":-1.5},{"x":8.5,"y":-1.5}]}],"seeds":["lTKFiQAqjScRoEiY0RJ5F1UJiwhZ3AEOk4dBB9plCgMGT4FNYUhx2Sgt5xeI04V8ZSEqj4YIoWN8npBuXdOF1sKJhuYE4gB2wbdxidqBDNiFHEeC"]},{"layers":[{"index":0,"tiles":[{"x":4.5,"y":-8.5},{"x":5.5,"y":-8.5},{"x":6.5,"y":-8.5},{"x":1,"y":-7.5},{"x":2,"y":-7.5},{"x":3,"y":-7.5},{"x":4,"y":-7.5},{"x":5,"y":-7.5},{"x":6,"y":-7.5},{"x":7,"y":-7.5},{"x":8,"y":-7.5},{"x":9,"y":-7.5},{"x":10,"y":-7.5},{"x":1,"y":-6.5},{"x":3,"y":-6.5},{"x":4,"y":-6.5},{"x":5.5,"y":-6.5},{"x":7,"y":-6.5},{"x":8,"y":-6.5},{"x":10,"y":-6.5},{"x":1,"y":-5.5},{"x":2,"y":-5.5},{"x":4,"y":-5.5},{"x":5.5,"y":-5.5},{"x":7,"y":-5.5},{"x":9,"y":-5.5},{"x":10,"y":-5.5},{"x":1,"y":-4.5},{"x":2,"y":-4.5},{"x":3,"y":-4.5},{"x":5.5,"y":-4.5},{"x":8,"y":-4.5},{"x":9,"y":-4.5},{"x":10,"y":-4.5},{"x":1,"y":-3.5},{"x":3,"y":-3.5},{"x":4,"y":-3.5},{"x":5.5,"y":-3.5},{"x":7,"y":-3.5},{"x":8,"y":-3.5},{"x":10,"y":-3.5},{"x":1,"y":-2.5},{"x":3.5,"y":-2.5},{"x":4.5,"y":-2.5},{"x":5.5,"y":-2.5},{"x":6.5,"y":-2.5},{"x":7.5,"y":-2.5},{"x":10,"y":-2.5},{"x":1,"y":-1.5},{"x":4.5,"y":-1.5},{"x":5.5,"y":-1.5},{"x":6.5,"y":-1.5},{"x":10,"y":-1.5}]},{"index":1,"tiles":[{"x":4.5,"y":-8.5},{"x":5.5,"y":-8.5},{"x":6.5,"y":-8.5},{"x":1,"y":-7.5},{"x":2,"y":-7.5},{"x":3,"y":-7.5},{"x":4,"y":-7.5},{"x":5,"y":-7.5},{"x":6,"y":-7.5},{"x":7,"y":-7.5},{"x":8,"y":-7.5},{"x":9,"y":-7.5},{"x":10,"y":-7.5},{"x":1,"y":-6.5},{"x":3,"y":-6.5},{"x":4,"y":-6.5},{"x":5.5,"y":-6.5},{"x":7,"y":-6.5},{"x":8,"y":-6.5},{"x":10,"y":-6.5},{"x":1,"y":-5.5},{"x":2,"y":-5.5},{"x":4,"y":-5.5},{"x":5.5,"y":-5.5},{"x":7,"y":-5.5},{"x":9,"y":-5.5},{"x":10,"y":-5.5},{"x":1,"y":-4.5},{"x":2,"y":-4.5},{"x":3,"y":-4.5},{"x":5.5,"y":-4.5},{"x":8,"y":-4.5},{"x":9,"y":-4.5},{"x":10,"y":-4.5},{"x":1,"y":-3.5},{"x":3,"y":-3.5},{"x":4,"y":-3.5},{"x":5.5,"y":-3.5},{"x":7,"y":-3.5},{"x":8,"y":-3.5},{"x":10,"y":-3.5},{"x":1,"y":-2.5},{"x":3.5,"y":-2.5},{"x":4.5,"y":-2.5},{"x":5.5,"y":-2.5},{"x":6.5,"y":-2.5},{"x":7.5,"y":-2.5},{"x":10,"y":-2.5},{"x":1,"y":-1.5},{"x":4.5,"y":-1.5},{"x":5.5,"y":-1.5},{"x":6.5,"y":-1.5},{"x":10,"y":-1.5}]},{"index":2,"tiles":[{"x":5.5,"y":-8.5},{"x":1,"y":-7.5},{"x":2,"y":-7.5},{"x":3,"y":-7.5},{"x":4,"y":-7.5},{"x":5,"y":-7.5},{"x":6,"y":-7.5},{"x":7,"y":-7.5},{"x":8,"y":-7.5},{"x":9,"y":-7.5},{"x":10,"y":-7.5},{"x":1,"y":-6.5},{"x":3,"y":-6.5},{"x":4,"y":-6.5},{"x":5.5,"y":-6.5},{"x":7,"y":-6.5},{"x":8,"y":-6.5},{"x":10,"y":-6.5},{"x":1,"y":-5.5},{"x":2,"y":-5.5},{"x":4,"y":-5.5},{"x":5.5,"y":-5.5},{"x":7,"y":-5.5},{"x":9,"y":-5.5},{"x":10,"y":-5.5},{"x":1,"y":-4.5},{"x":2,"y":-4.5},{"x":3,"y":-4.5},{"x":5.5,"y":-4.5},{"x":8,"y":-4.5},{"x":9,"y":-4.5},{"x":10,"y":-4.5},{"x":1,"y":-3.5},{"x":3,"y":-3.5},{"x":4,"y":-3.5},{"x":5.5,"y":-3.5},{"x":7,"y":-3.5},{"x":8,"y":-3.5},{"x":10,"y":-3.5},{"x":1,"y":-2.5},{"x":3.5,"y":-2.5},{"x":4.5,"y":-2.5},{"x":6.5,"y":-2.5},{"x":7.5,"y":-2.5},{"x":10,"y":-2.5},{"x":1,"y":-1.5},{"x":4.5,"y":-1.5},{"x":5.5,"y":-1.5},{"x":6.5,"y":-1.5},{"x":10,"y":-1.5}]}],"seeds":["A5OBIVd1ASFi00UMH1NQ4baBjsWo18NF4dRVhXJwRkFcqCieYWJlBKZpSaCAjOIFnxhCIWly4vIxZdOAEQiCxrJ0oANRIwd2YvpIYCc4nfd1U1NZX3dQT3FZSDcwSBN6nygsT+AYQjgZntdRIeeFnDgICidV"]},{"layers":[{"index":0,"tiles":[{"x":3,"y":-8.5},{"x":5,"y":-8.5},{"x":6,"y":-8.5},{"x":8,"y":-8.5},{"x":2,"y":-7.5},{"x":3,"y":-7.5},{"x":5.5,"y":-7.5},{"x":8,"y":-7.5},{"x":9,"y":-7.5},{"x":1.5,"y":-6.5},{"x":2.5,"y":-6.5},{"x":3.5,"y":-6.5},{"x":5.5,"y":-6.5},{"x":7.5,"y":-6.5},{"x":8.5,"y":-6.5},{"x":9.5,"y":-6.5},{"x":2,"y":-5.5},{"x":5.5,"y":-5.5},{"x":9,"y":-5.5},{"x":1,"y":-5},{"x":3,"y":-5},{"x":4.5,"y":-5},{"x":6.5,"y":-5},{"x":8,"y":-5},{"x":10,"y":-5},{"x":2,"y":-4.5},{"x":5.5,"y":-4.5},{"x":9,"y":-4.5},{"x":1.5,"y":-3.5},{"x":2.5,"y":-3.5},{"x":3.5,"y":-3.5},{"x":5.5,"y":-3.5},{"x":7.5,"y":-3.5},{"x":8.5,"y":-3.5},{"x":9.5,"y":-3.5},{"x":2,"y":-2.5},{"x":3,"y":-2.5},{"x":5.5,"y":-2.5},{"x":8,"y":-2.5},{"x":9,"y":-2.5},{"x":3,"y":-1.5},{"x":5,"y":-1.5},{"x":6,"y":-1.5},{"x":8,"y":-1.5}]},{"index":1,"tiles":[{"x":3,"y":-8.5},{"x":5,"y":-8.5},{"x":6,"y":-8.5},{"x":8,"y":-8.5},{"x":2,"y":-7.5},{"x":3,"y":-7.5},{"x":5.5,"y":-7.5},{"x":8,"y":-7.5},{"x":9,"y":-7.5},{"x":1.5,"y":-6.5},{"x":2.5,"y":-6.5},{"x":3.5,"y":-6.5},{"x":5.5,"y":-6.5},{"x":7.5,"y":-6.5},{"x":8.5,"y":-6.5},{"x":9.5,"y":-6.5},{"x":2,"y":-5.5},{"x":5.5,"y":-5.5},{"x":9,"y":-5.5},{"x":1,"y":-5},{"x":3,"y":-5},{"x":4.5,"y":-5},{"x":6.5,"y":-5},{"x":8,"y":-5},{"x":10,"y":-5},{"x":2,"y":-4.5},{"x":5.5,"y":-4.5},{"x":9,"y":-4.5},{"x":1.5,"y":-3.5},{"x":2.5,"y":-3.5},{"x":3.5,"y":-3.5},{"x":5.5,"y":-3.5},{"x":7.5,"y":-3.5},{"x":8.5,"y":-3.5},{"x":9.5,"y":-3.5},{"x":2,"y":-2.5},{"x":3,"y":-2.5},{"x":5.5,"y":-2.5},{"x":8,"y":-2.5},{"x":9,"y":-2.5},{"x":3,"y":-1.5},{"x":5,"y":-1.5},{"x":6,"y":-1.5},{"x":8,"y":-1.5}]},{"index":2,"tiles":[{"x":3,"y":-8.5},{"x":5,"y":-8.5},{"x":6,"y":-8.5},{"x":8,"y":-8.5},{"x":2,"y":-7.5},{"x":3,"y":-7.5},{"x":5.5,"y":-7.5},{"x":8,"y":-7.5},{"x":9,"y":-7.5},{"x":1.5,"y":-6.5},{"x":2.5,"y":-6.5},{"x":3.5,"y":-6.5},{"x":5.5,"y":-6.5},{"x":7.5,"y":-6.5},{"x":8.5,"y":-6.5},{"x":9.5,"y":-6.5},{"x":2,"y":-5.5},{"x":5.5,"y":-5.5},{"x":9,"y":-5.5},{"x":1,"y":-5},{"x":3,"y":-5},{"x":4.5,"y":-5},{"x":6.5,"y":-5},{"x":8,"y":-5},{"x":10,"y":-5},{"x":2,"y":-4.5},{"x":5.5,"y":-4.5},{"x":9,"y":-4.5},{"x":1.5,"y":-3.5},{"x":2.5,"y":-3.5},{"x":3.5,"y":-3.5},{"x":5.5,"y":-3.5},{"x":7.5,"y":-3.5},{"x":8.5,"y":-3.5},{"x":9.5,"y":-3.5},{"x":2,"y":-2.5},{"x":3,"y":-2.5},{"x":5.5,"y":-2.5},{"x":8,"y":-2.5},{"x":9,"y":-2.5},{"x":3,"y":-1.5},{"x":5,"y":-1.5},{"x":6,"y":-1.5},{"x":8,"y":-1.5}]}],"seeds":["SmGEUhgGpTilIVQJYQZGTrglQcUZyUIoVShmpjpw2BMRU+dNVwNGk9Z1y+dxIehxFvQF0VSJk+R0YDQWj4CA1xVmYAiKZIcqgsKIxyAcYhNc4ENxVOZZ2sd10Sk8GBMKyPaF"]},{"layers":[{"index":0,"tiles":[{"x":4,"y":-8.5},{"x":5,"y":-8.5},{"x":6,"y":-8.5},{"x":7,"y":-8.5},{"x":2,"y":-7.5},{"x":3,"y":-7.5},{"x":4,"y":-7.5},{"x":5,"y":-7.5},{"x":6,"y":-7.5},{"x":7,"y":-7.5},{"x":8,"y":-7.5},{"x":9,"y":-7.5},{"x":2,"y":-6.5},{"x":3,"y":-6.5},{"x":4,"y":-6.5},{"x":5,"y":-6.5},{"x":6,"y":-6.5},{"x":7,"y":-6.5},{"x":8,"y":-6.5},{"x":9,"y":-6.5},{"x":1,"y":-5.5},{"x":2,"y":-5.5},{"x":3,"y":-5.5},{"x":4,"y":-5.5},{"x":7,"y":-5.5},{"x":8,"y":-5.5},{"x":9,"y":-5.5},{"x":10,"y":-5.5},{"x":1,"y":-4.5},{"x":2,"y":-4.5},{"x":3,"y":-4.5},{"x":4,"y":-4.5},{"x":7,"y":-4.5},{"x":8,"y":-4.5},{"x":9,"y":-4.5},{"x":10,"y":-4.5},{"x":2,"y":-3.5},{"x":3,"y":-3.5},{"x":4,"y":-3.5},{"x":5,"y":-3.5},{"x":6,"y":-3.5},{"x":7,"y":-3.5},{"x":8,"y":-3.5},{"x":9,"y":-3.5},{"x":2,"y":-2.5},{"x":3,"y":-2.5},{"x":4,"y":-2.5},{"x":5,"y":-2.5},{"x":6,"y":-2.5},{"x":7,"y":-2.5},{"x":8,"y":-2.5},{"x":9,"y":-2.5},{"x":4,"y":-1.5},{"x":5,"y":-1.5},{"x":6,"y":-1.5},{"x":7,"y":-1.5}]},{"index":1,"tiles":[{"x":4,"y":-7.5},{"x":5,"y":-7.5},{"x":6,"y":-7.5},{"x":7,"y":-7.5},{"x":3,"y":-6.5},{"x":4,"y":-6.5},{"x":5,"y":-6.5},{"x":6,"y":-6.5},{"x":7,"y":-6.5},{"x":8,"y":-6.5},{"x":2,"y":-5.5},{"x":3,"y":-5.5},{"x":4,"y":-5.5},{"x":7,"y":-5.5},{"x":8,"y":-5.5},{"x":9,"y":-5.5},{"x":2,"y":-4.5},{"x":3,"y":-4.5},{"x":4,"y":-4.5},{"x":7,"y":-4.5},{"x":8,"y":-4.5},{"x":9,"y":-4.5},{"x":3,"y":-3.5},{"x":4,"y":-3.5},{"x":5,"y":-3.5},{"x":6,"y":-3.5},{"x":7,"y":-3.5},{"x":8,"y":-3.5},{"x":4,"y":-2.5},{"x":5,"y":-2.5},{"x":6,"y":-2.5},{"x":7,"y":-2.5}]},{"index":2,"tiles":[{"x":4,"y":-6.5},{"x":5,"y":-6.5},{"x":6,"y":-6.5},{"x":7,"y":-6.5},{"x":3,"y":-5.5},{"x":4,"y":-5.5},{"x":7,"y":-5.5},{"x":8,"y":-5.5},{"x":3,"y":-4.5},{"x":4,"y":-4.5},{"x":7,"y":-4.5},{"x":8,"y":-4.5},{"x":4,"y":-3.5},{"x":5,"y":-3.5},{"x":6,"y":-3.5},{"x":7,"y":-3.5}]},{"index":3,"tiles":[{"x":4,"y":-5.5},{"x":7,"y":-5.5},{"x":4,"y":-4.5},{"x":7,"y":-4.5}]}],"seeds":["lsmAGueIoCEa1zY24udxXAlNRCdGz4KE5MRIn6gcCRhoYXic2xR2XTh5aSJYiDeAXNeIH8EVwTdAypJdFAhiQfiooAJyWeBgBRVVHVopQid5"]},{"layers":[{"index":0,"tiles":[{"x":3,"y":-8.5},{"x":4,"y":-8.5},{"x":5,"y":-8.5},{"x":6,"y":-8.5},{"x":7,"y":-8.5},{"x":8,"y":-8.5},{"x":3,"y":-7.5},{"x":4.5,"y":-7.5},{"x":6.5,"y":-7.5},{"x":8,"y":-7.5},{"x":1,"y":-6.5},{"x":2,"y":-6.5},{"x":3,"y":-6.5},{"x":5.5,"y":-6.5},{"x":8,"y":-6.5},{"x":9,"y":-6.5},{"x":10,"y":-6.5},{"x":1,"y":-5.5},{"x":3,"y":-5.5},{"x":5.5,"y":-5.5},{"x":8,"y":-5.5},{"x":10,"y":-5.5},{"x":1,"y":-4.5},{"x":3,"y":-4.5},{"x":5.5,"y":-4.5},{"x":8,"y":-4.5},{"x":10,"y":-4.5},{"x":1,"y":-3.5},{"x":3,"y":-3.5},{"x":5.5,"y":-3.5},{"x":8,"y":-3.5},{"x":10,"y":-3.5},{"x":1,"y":-2.5},{"x":2,"y":-2.5},{"x":4,"y":-2.5},{"x":5.5,"y":-2.5},{"x":7,"y":-2.5},{"x":9,"y":-2.5},{"x":10,"y":-2.5},{"x":1,"y":-1.5},{"x":2,"y":-1.5},{"x":3,"y":-1.5},{"x":4,"y":-1.5},{"x":5,"y":-1.5},{"x":6,"y":-1.5},{"x":7,"y":-1.5},{"x":8,"y":-1.5},{"x":9,"y":-1.5},{"x":10,"y":-1.5}]},{"index":1,"tiles":[{"x":3,"y":-8.5},{"x":4,"y":-8.5},{"x":5,"y":-8.5},{"x":6,"y":-8.5},{"x":7,"y":-8.5},{"x":8,"y":-8.5},{"x":3,"y":-7.5},{"x":4.5,"y":-7.5},{"x":6.5,"y":-7.5},{"x":8,"y":-7.5},{"x":1,"y":-6.5},{"x":2,"y":-6.5},{"x":3,"y":-6.5},{"x":5.5,"y":-6.5},{"x":8,"y":-6.5},{"x":9,"y":-6.5},{"x":10,"y":-6.5},{"x":1,"y":-5.5},{"x":3,"y":-5.5},{"x":5.5,"y":-5.5},{"x":8,"y":-5.5},{"x":10,"y":-5.5},{"x":1,"y":-4.5},{"x":3,"y":-4.5},{"x":5.5,"y":-4.5},{"x":8,"y":-4.5},{"x":10,"y":-4.5},{"x":1,"y":-3.5},{"x":3,"y":-3.5},{"x":5.5,"y":-3.5},{"x":8,"y":-3.5},{"x":10,"y":-3.5},{"x":1,"y":-2.5},{"x":2,"y":-2.5},{"x":4,"y":-2.5},{"x":5.5,"y":-2.5},{"x":7,"y":-2.5},{"x":9,"y":-2.5},{"x":10,"y":-2.5},{"x":1,"y":-1.5},{"x":2,"y":-1.5},{"x":3,"y":-1.5},{"x":4,"y":-1.5},{"x":5,"y":-1.5},{"x":6,"y":-1.5},{"x":7,"y":-1.5},{"x":8,"y":-1.5},{"x":9,"y":-1.5},{"x":10,"y":-1.5}]},{"index":2,"tiles":[{"x":3,"y":-8.5},{"x":4,"y":-8.5},{"x":5,"y":-8.5},{"x":6,"y":-8.5},{"x":7,"y":-8.5},{"x":8,"y":-8.5},{"x":3,"y":-7.5},{"x":8,"y":-7.5},{"x":1,"y":-6.5},{"x":2,"y":-6.5},{"x":3,"y":-6.5},{"x":8,"y":-6.5},{"x":9,"y":-6.5},{"x":10,"y":-6.5},{"x":1,"y":-5.5},{"x":10,"y":-5.5},{"x":1,"y":-4.5},{"x":10,"y":-4.5},{"x":1,"y":-3.5},{"x":10,"y":-3.5},{"x":1,"y":-2.5},{"x":10,"y":-2.5},{"x":1,"y":-1.5},{"x":2,"y":-1.5},{"x":3,"y":-1.5},{"x":4,"y":-1.5},{"x":5,"y":-1.5},{"x":6,"y":-1.5},{"x":7,"y":-1.5},{"x":8,"y":-1.5},{"x":9,"y":-1.5},{"x":10,"y":-1.5}]}],"seeds":["S3iFiqWCzEdBCJd5KSc00ZKMHSh44Vd4IiZtAceB2hSCnYI96Hdx5pYEXdeB1VAtJQkKoKdoEOFR4tBYCPeJ08GI3id2RrYcFBUKwVAMRGBUTih+DPMoYSWJjnh+0zeBUQgA"]}]]],0,0,[],[],[]]
