{"textures":[{"image":"candy-resources.png","format":"RGBA8888","size":{"w":438,"h":517},"scale":0.5,"frames":[{"filename":"tile-27","rotated":false,"trimmed":false,"sourceSize":{"w":88,"h":88},"spriteSourceSize":{"x":0,"y":0,"w":88,"h":88},"frame":{"x":2,"y":2,"w":88,"h":88}},{"filename":"tile-10","rotated":false,"trimmed":true,"sourceSize":{"w":86,"h":88},"spriteSourceSize":{"x":1,"y":0,"w":84,"h":88},"frame":{"x":2,"y":93,"w":84,"h":88}},{"filename":"tile-14","rotated":false,"trimmed":true,"sourceSize":{"w":87,"h":86},"spriteSourceSize":{"x":1,"y":1,"w":86,"h":84},"frame":{"x":93,"y":2,"w":86,"h":84}},{"filename":"tile-18","rotated":false,"trimmed":true,"sourceSize":{"w":87,"h":86},"spriteSourceSize":{"x":1,"y":1,"w":86,"h":84},"frame":{"x":182,"y":2,"w":86,"h":84}},{"filename":"tile-19","rotated":false,"trimmed":true,"sourceSize":{"w":87,"h":86},"spriteSourceSize":{"x":0,"y":1,"w":86,"h":84},"frame":{"x":271,"y":2,"w":86,"h":84}},{"filename":"tile-2","rotated":false,"trimmed":true,"sourceSize":{"w":86,"h":87},"spriteSourceSize":{"x":1,"y":0,"w":84,"h":86},"frame":{"x":2,"y":184,"w":84,"h":86}},{"filename":"tile-8","rotated":false,"trimmed":true,"sourceSize":{"w":86,"h":87},"spriteSourceSize":{"x":1,"y":0,"w":84,"h":86},"frame":{"x":2,"y":273,"w":84,"h":86}},{"filename":"tile-11","rotated":false,"trimmed":true,"sourceSize":{"w":86,"h":86},"spriteSourceSize":{"x":1,"y":1,"w":84,"h":84},"frame":{"x":2,"y":362,"w":84,"h":84}},{"filename":"tile-23","rotated":false,"trimmed":true,"sourceSize":{"w":76,"h":87},"spriteSourceSize":{"x":1,"y":0,"w":74,"h":86},"frame":{"x":360,"y":2,"w":74,"h":86}},{"filename":"tile-28","rotated":false,"trimmed":true,"sourceSize":{"w":88,"h":62},"spriteSourceSize":{"x":0,"y":1,"w":88,"h":60},"frame":{"x":2,"y":449,"w":88,"h":60}},{"filename":"tile-4","rotated":false,"trimmed":true,"sourceSize":{"w":88,"h":80},"spriteSourceSize":{"x":0,"y":1,"w":88,"h":78},"frame":{"x":93,"y":89,"w":88,"h":78}},{"filename":"tile-25","rotated":false,"trimmed":true,"sourceSize":{"w":87,"h":86},"spriteSourceSize":{"x":0,"y":1,"w":86,"h":84},"frame":{"x":89,"y":170,"w":86,"h":84}},{"filename":"tile-26","rotated":false,"trimmed":true,"sourceSize":{"w":87,"h":86},"spriteSourceSize":{"x":0,"y":1,"w":86,"h":84},"frame":{"x":89,"y":257,"w":86,"h":84}},{"filename":"tile-3","rotated":false,"trimmed":true,"sourceSize":{"w":87,"h":86},"spriteSourceSize":{"x":1,"y":1,"w":86,"h":84},"frame":{"x":89,"y":344,"w":86,"h":84}},{"filename":"tile-7","rotated":false,"trimmed":true,"sourceSize":{"w":87,"h":86},"spriteSourceSize":{"x":0,"y":1,"w":86,"h":84},"frame":{"x":93,"y":431,"w":86,"h":84}},{"filename":"tile-12","rotated":false,"trimmed":true,"sourceSize":{"w":86,"h":86},"spriteSourceSize":{"x":1,"y":1,"w":84,"h":84},"frame":{"x":184,"y":89,"w":84,"h":84}},{"filename":"tile-15","rotated":false,"trimmed":true,"sourceSize":{"w":86,"h":86},"spriteSourceSize":{"x":1,"y":1,"w":84,"h":84},"frame":{"x":271,"y":89,"w":84,"h":84}},{"filename":"tile-6","rotated":false,"trimmed":true,"sourceSize":{"w":80,"h":88},"spriteSourceSize":{"x":1,"y":0,"w":78,"h":88},"frame":{"x":358,"y":91,"w":78,"h":88}},{"filename":"tile-17","rotated":false,"trimmed":true,"sourceSize":{"w":86,"h":86},"spriteSourceSize":{"x":1,"y":1,"w":84,"h":84},"frame":{"x":178,"y":176,"w":84,"h":84}},{"filename":"tile-20","rotated":false,"trimmed":true,"sourceSize":{"w":86,"h":86},"spriteSourceSize":{"x":1,"y":1,"w":84,"h":84},"frame":{"x":178,"y":263,"w":84,"h":84}},{"filename":"tile-24","rotated":false,"trimmed":true,"sourceSize":{"w":86,"h":86},"spriteSourceSize":{"x":1,"y":1,"w":84,"h":84},"frame":{"x":265,"y":176,"w":84,"h":84}},{"filename":"tile-9","rotated":false,"trimmed":true,"sourceSize":{"w":86,"h":86},"spriteSourceSize":{"x":1,"y":1,"w":84,"h":84},"frame":{"x":352,"y":182,"w":84,"h":84}},{"filename":"tile-21","rotated":false,"trimmed":true,"sourceSize":{"w":86,"h":84},"spriteSourceSize":{"x":1,"y":1,"w":84,"h":82},"frame":{"x":265,"y":263,"w":84,"h":82}},{"filename":"tile-5","rotated":false,"trimmed":true,"sourceSize":{"w":86,"h":84},"spriteSourceSize":{"x":1,"y":1,"w":84,"h":82},"frame":{"x":352,"y":269,"w":84,"h":82}},{"filename":"tile-16","rotated":false,"trimmed":true,"sourceSize":{"w":86,"h":82},"spriteSourceSize":{"x":1,"y":1,"w":84,"h":80},"frame":{"x":265,"y":348,"w":84,"h":80}},{"filename":"tile-13","rotated":false,"trimmed":true,"sourceSize":{"w":85,"h":86},"spriteSourceSize":{"x":1,"y":1,"w":83,"h":84},"frame":{"x":182,"y":431,"w":83,"h":84}},{"filename":"tile-1","rotated":false,"trimmed":true,"sourceSize":{"w":84,"h":83},"spriteSourceSize":{"x":1,"y":1,"w":82,"h":81},"frame":{"x":268,"y":431,"w":82,"h":81}},{"filename":"tile-22","rotated":false,"trimmed":true,"sourceSize":{"w":82,"h":87},"spriteSourceSize":{"x":1,"y":1,"w":80,"h":86},"frame":{"x":353,"y":354,"w":80,"h":86}}]}],"meta":{"app":"https://www.codeandweb.com/texturepacker","version":"3.0","smartupdate":"$TexturePacker:SmartUpdate:18784ed51d0e0d6f1cfbdce60e43dde3:81bf9807a04cf1d17ce405b93ee7faad:5cb01d221aaaab0997867b347709d80f$"}}