{"textures":[{"image":"default-resources.png","format":"RGBA8888","size":{"w":992,"h":510},"scale":0.5,"frames":[{"filename":"popup/popup","rotated":false,"trimmed":false,"sourceSize":{"w":292,"h":374},"spriteSourceSize":{"x":0,"y":0,"w":292,"h":374},"frame":{"x":2,"y":2,"w":292,"h":374}},{"filename":"result-screen/ribbon","rotated":false,"trimmed":false,"sourceSize":{"w":366,"h":115},"spriteSourceSize":{"x":0,"y":0,"w":366,"h":115},"frame":{"x":297,"y":2,"w":366,"h":115}},{"filename":"progress/circle-background","rotated":false,"trimmed":false,"sourceSize":{"w":129,"h":129},"spriteSourceSize":{"x":0,"y":0,"w":129,"h":129},"frame":{"x":2,"y":379,"w":129,"h":129}},{"filename":"logo/gift_white","rotated":false,"trimmed":true,"sourceSize":{"w":150,"h":150},"spriteSourceSize":{"x":7,"y":2,"w":137,"h":145},"frame":{"x":297,"y":120,"w":137,"h":145}},{"filename":"preloader/loading","rotated":false,"trimmed":false,"sourceSize":{"w":132,"h":132},"spriteSourceSize":{"x":0,"y":0,"w":132,"h":132},"frame":{"x":437,"y":120,"w":132,"h":132}},{"filename":"art/bg-light","rotated":false,"trimmed":false,"sourceSize":{"w":122,"h":122},"spriteSourceSize":{"x":0,"y":0,"w":122,"h":122},"frame":{"x":134,"y":379,"w":122,"h":122}},{"filename":"buttons/orange","rotated":false,"trimmed":false,"sourceSize":{"w":191,"h":53},"spriteSourceSize":{"x":0,"y":0,"w":191,"h":53},"frame":{"x":666,"y":2,"w":191,"h":53}},{"filename":"buttons/button-bg","rotated":false,"trimmed":false,"sourceSize":{"w":184,"h":51},"spriteSourceSize":{"x":0,"y":0,"w":184,"h":51},"frame":{"x":666,"y":58,"w":184,"h":51}},{"filename":"logo/gift-ad","rotated":false,"trimmed":true,"sourceSize":{"w":150,"h":150},"spriteSourceSize":{"x":16,"y":11,"w":127,"h":135},"frame":{"x":297,"y":268,"w":127,"h":135}},{"filename":"art/white-glow","rotated":false,"trimmed":true,"sourceSize":{"w":127,"h":133},"spriteSourceSize":{"x":1,"y":0,"w":126,"h":133},"frame":{"x":572,"y":120,"w":126,"h":133}},{"filename":"logo/gift","rotated":false,"trimmed":true,"sourceSize":{"w":150,"h":150},"spriteSourceSize":{"x":16,"y":11,"w":123,"h":134},"frame":{"x":701,"y":112,"w":123,"h":134}},{"filename":"buttons/blue-rounded-rect","rotated":false,"trimmed":true,"sourceSize":{"w":184,"h":51},"spriteSourceSize":{"x":2,"y":2,"w":180,"h":47},"frame":{"x":259,"y":406,"w":180,"h":47}},{"filename":"buttons/green-rounded-rect","rotated":false,"trimmed":true,"sourceSize":{"w":184,"h":51},"spriteSourceSize":{"x":2,"y":2,"w":180,"h":47},"frame":{"x":259,"y":456,"w":180,"h":47}},{"filename":"progress/progress-circle","rotated":false,"trimmed":true,"sourceSize":{"w":129,"h":129},"spriteSourceSize":{"x":5,"y":5,"w":119,"h":119},"frame":{"x":860,"y":2,"w":119,"h":119}},{"filename":"texts/victory","rotated":false,"trimmed":false,"sourceSize":{"w":152,"h":31},"spriteSourceSize":{"x":0,"y":0,"w":152,"h":31},"frame":{"x":827,"y":124,"w":152,"h":31}},{"filename":"texts/get-and-continue","rotated":false,"trimmed":false,"sourceSize":{"w":152,"h":19},"spriteSourceSize":{"x":0,"y":0,"w":152,"h":19},"frame":{"x":827,"y":158,"w":152,"h":19}},{"filename":"texts/russian/victory","rotated":false,"trimmed":false,"sourceSize":{"w":133,"h":34},"spriteSourceSize":{"x":0,"y":0,"w":133,"h":34},"frame":{"x":827,"y":180,"w":133,"h":34}},{"filename":"texts/no-thank","rotated":false,"trimmed":false,"sourceSize":{"w":129,"h":25},"spriteSourceSize":{"x":0,"y":0,"w":129,"h":25},"frame":{"x":827,"y":217,"w":129,"h":25}},{"filename":"texts/text-failed","rotated":false,"trimmed":false,"sourceSize":{"w":118,"h":30},"spriteSourceSize":{"x":0,"y":0,"w":118,"h":30},"frame":{"x":437,"y":255,"w":118,"h":30}},{"filename":"buttons/green","rotated":false,"trimmed":false,"sourceSize":{"w":180,"h":47},"spriteSourceSize":{"x":0,"y":0,"w":180,"h":47},"frame":{"x":427,"y":288,"w":180,"h":47}},{"filename":"buttons/yellow-rounded-rect","rotated":false,"trimmed":true,"sourceSize":{"w":184,"h":51},"spriteSourceSize":{"x":2,"y":2,"w":180,"h":47},"frame":{"x":427,"y":338,"w":180,"h":47}},{"filename":"texts/russian/text-failed","rotated":false,"trimmed":false,"sourceSize":{"w":181,"h":30},"spriteSourceSize":{"x":0,"y":0,"w":181,"h":30},"frame":{"x":442,"y":388,"w":181,"h":30}},{"filename":"texts/russian/text-continue","rotated":false,"trimmed":false,"sourceSize":{"w":213,"h":28},"spriteSourceSize":{"x":0,"y":0,"w":213,"h":28},"frame":{"x":442,"y":421,"w":213,"h":28}},{"filename":"texts/russian/get-and-continue","rotated":false,"trimmed":false,"sourceSize":{"w":224,"h":18},"spriteSourceSize":{"x":0,"y":0,"w":224,"h":18},"frame":{"x":442,"y":452,"w":224,"h":18}},{"filename":"texts/japanese/text-continue","rotated":false,"trimmed":false,"sourceSize":{"w":188,"h":27},"spriteSourceSize":{"x":0,"y":0,"w":188,"h":27},"frame":{"x":442,"y":473,"w":188,"h":27}},{"filename":"texts/japanese/rocket","rotated":false,"trimmed":false,"sourceSize":{"w":99,"h":29},"spriteSourceSize":{"x":0,"y":0,"w":99,"h":29},"frame":{"x":558,"y":256,"w":99,"h":29}},{"filename":"texts/text-continue","rotated":false,"trimmed":false,"sourceSize":{"w":164,"h":25},"spriteSourceSize":{"x":0,"y":0,"w":164,"h":25},"frame":{"x":701,"y":249,"w":164,"h":25}},{"filename":"result-screen/star","rotated":false,"trimmed":false,"sourceSize":{"w":76,"h":77},"spriteSourceSize":{"x":0,"y":0,"w":76,"h":77},"frame":{"x":610,"y":288,"w":76,"h":77}},{"filename":"texts/japanese/text-pause","rotated":false,"trimmed":false,"sourceSize":{"w":112,"h":30},"spriteSourceSize":{"x":0,"y":0,"w":112,"h":30},"frame":{"x":689,"y":277,"w":112,"h":30}},{"filename":"texts/rocket","rotated":false,"trimmed":false,"sourceSize":{"w":115,"h":25},"spriteSourceSize":{"x":0,"y":0,"w":115,"h":25},"frame":{"x":689,"y":310,"w":115,"h":25}},{"filename":"texts/russian/rocket","rotated":false,"trimmed":false,"sourceSize":{"w":110,"h":25},"spriteSourceSize":{"x":0,"y":0,"w":110,"h":25},"frame":{"x":689,"y":338,"w":110,"h":25}},{"filename":"blank","rotated":false,"trimmed":false,"sourceSize":{"w":50,"h":50},"spriteSourceSize":{"x":0,"y":0,"w":50,"h":50},"frame":{"x":626,"y":368,"w":50,"h":50}},{"filename":"texts/japanese/boom","rotated":false,"trimmed":false,"sourceSize":{"w":85,"h":32},"spriteSourceSize":{"x":0,"y":0,"w":85,"h":32},"frame":{"x":868,"y":245,"w":85,"h":32}},{"filename":"texts/japanese/get-and-continue","rotated":false,"trimmed":false,"sourceSize":{"w":108,"h":22},"spriteSourceSize":{"x":0,"y":0,"w":108,"h":22},"frame":{"x":689,"y":366,"w":108,"h":22}},{"filename":"texts/russian/text-pause","rotated":false,"trimmed":false,"sourceSize":{"w":101,"h":26},"spriteSourceSize":{"x":0,"y":0,"w":101,"h":26},"frame":{"x":679,"y":391,"w":101,"h":26}},{"filename":"texts/text-pause","rotated":false,"trimmed":false,"sourceSize":{"w":94,"h":25},"spriteSourceSize":{"x":0,"y":0,"w":94,"h":25},"frame":{"x":679,"y":420,"w":94,"h":25}},{"filename":"texts/boom","rotated":false,"trimmed":false,"sourceSize":{"w":86,"h":25},"spriteSourceSize":{"x":0,"y":0,"w":86,"h":25},"frame":{"x":669,"y":448,"w":86,"h":25}},{"filename":"icons/bomb","rotated":false,"trimmed":false,"sourceSize":{"w":57,"h":63},"spriteSourceSize":{"x":0,"y":0,"w":57,"h":63},"frame":{"x":807,"y":277,"w":57,"h":63}},{"filename":"texts/japanese/text-failed","rotated":false,"trimmed":false,"sourceSize":{"w":70,"h":37},"spriteSourceSize":{"x":0,"y":0,"w":70,"h":37},"frame":{"x":867,"y":280,"w":70,"h":37}},{"filename":"texts/japanese/victory","rotated":false,"trimmed":false,"sourceSize":{"w":68,"h":36},"spriteSourceSize":{"x":0,"y":0,"w":68,"h":36},"frame":{"x":867,"y":320,"w":68,"h":36}},{"filename":"icons/invite","rotated":false,"trimmed":false,"sourceSize":{"w":27,"h":28},"spriteSourceSize":{"x":0,"y":0,"w":27,"h":28},"frame":{"x":963,"y":180,"w":27,"h":28}},{"filename":"texts/text-replay","rotated":false,"trimmed":false,"sourceSize":{"w":59,"h":19},"spriteSourceSize":{"x":0,"y":0,"w":59,"h":19},"frame":{"x":802,"y":343,"w":59,"h":19}},{"filename":"texts/russian/text-replay","rotated":false,"trimmed":false,"sourceSize":{"w":75,"h":18},"spriteSourceSize":{"x":0,"y":0,"w":75,"h":18},"frame":{"x":864,"y":359,"w":75,"h":18}},{"filename":"icons/ads","rotated":false,"trimmed":true,"sourceSize":{"w":31,"h":33},"spriteSourceSize":{"x":1,"y":0,"w":30,"h":33},"frame":{"x":633,"y":473,"w":30,"h":33}},{"filename":"buttons/green-small-bg","rotated":false,"trimmed":false,"sourceSize":{"w":67,"h":24},"spriteSourceSize":{"x":0,"y":0,"w":67,"h":24},"frame":{"x":666,"y":476,"w":67,"h":24}},{"filename":"icons/restart","rotated":false,"trimmed":false,"sourceSize":{"w":25,"h":27},"spriteSourceSize":{"x":0,"y":0,"w":25,"h":27},"frame":{"x":660,"y":256,"w":25,"h":27}},{"filename":"buttons/close","rotated":false,"trimmed":false,"sourceSize":{"w":38,"h":39},"spriteSourceSize":{"x":0,"y":0,"w":38,"h":39},"frame":{"x":940,"y":280,"w":38,"h":39}},{"filename":"texts/x2","rotated":false,"trimmed":false,"sourceSize":{"w":42,"h":27},"spriteSourceSize":{"x":0,"y":0,"w":42,"h":27},"frame":{"x":938,"y":322,"w":42,"h":27}},{"filename":"icons/music-off","rotated":false,"trimmed":false,"sourceSize":{"w":45,"h":45},"spriteSourceSize":{"x":0,"y":0,"w":45,"h":45},"frame":{"x":942,"y":352,"w":45,"h":45}},{"filename":"icons/clock","rotated":false,"trimmed":false,"sourceSize":{"w":28,"h":28},"spriteSourceSize":{"x":0,"y":0,"w":28,"h":28},"frame":{"x":736,"y":476,"w":28,"h":28}},{"filename":"texts/russian/boom","rotated":false,"trimmed":false,"sourceSize":{"w":63,"h":25},"spriteSourceSize":{"x":0,"y":0,"w":63,"h":25},"frame":{"x":758,"y":448,"w":63,"h":25}},{"filename":"texts/japanese/text-replay","rotated":false,"trimmed":false,"sourceSize":{"w":67,"h":23},"spriteSourceSize":{"x":0,"y":0,"w":67,"h":23},"frame":{"x":767,"y":476,"w":67,"h":23}},{"filename":"icons/music-on","rotated":false,"trimmed":false,"sourceSize":{"w":45,"h":45},"spriteSourceSize":{"x":0,"y":0,"w":45,"h":45},"frame":{"x":783,"y":400,"w":45,"h":45}},{"filename":"icons/lose","rotated":false,"trimmed":false,"sourceSize":{"w":29,"h":31},"spriteSourceSize":{"x":0,"y":0,"w":29,"h":31},"frame":{"x":800,"y":366,"w":29,"h":31}},{"filename":"buttons/green-small","rotated":false,"trimmed":false,"sourceSize":{"w":63,"h":20},"spriteSourceSize":{"x":0,"y":0,"w":63,"h":20},"frame":{"x":832,"y":380,"w":63,"h":20}},{"filename":"icons/sound-off","rotated":false,"trimmed":false,"sourceSize":{"w":45,"h":45},"spriteSourceSize":{"x":0,"y":0,"w":45,"h":45},"frame":{"x":831,"y":403,"w":45,"h":45}},{"filename":"icons/timeout-clock","rotated":false,"trimmed":false,"sourceSize":{"w":40,"h":55},"spriteSourceSize":{"x":0,"y":0,"w":40,"h":55},"frame":{"x":837,"y":451,"w":40,"h":55}},{"filename":"icons/sound-on","rotated":false,"trimmed":false,"sourceSize":{"w":45,"h":45},"spriteSourceSize":{"x":0,"y":0,"w":45,"h":45},"frame":{"x":879,"y":403,"w":45,"h":45}},{"filename":"icons/vibrate-off","rotated":false,"trimmed":false,"sourceSize":{"w":45,"h":45},"spriteSourceSize":{"x":0,"y":0,"w":45,"h":45},"frame":{"x":880,"y":451,"w":45,"h":45}},{"filename":"icons/vibrate-on","rotated":false,"trimmed":false,"sourceSize":{"w":45,"h":45},"spriteSourceSize":{"x":0,"y":0,"w":45,"h":45},"frame":{"x":927,"y":400,"w":45,"h":45}},{"filename":"buttons/red-circle","rotated":false,"trimmed":false,"sourceSize":{"w":36,"h":36},"spriteSourceSize":{"x":0,"y":0,"w":36,"h":36},"frame":{"x":928,"y":448,"w":36,"h":36}},{"filename":"icons/x","rotated":false,"trimmed":false,"sourceSize":{"w":15,"h":17},"spriteSourceSize":{"x":0,"y":0,"w":15,"h":17},"frame":{"x":975,"y":400,"w":15,"h":17}},{"filename":"icons/continue","rotated":false,"trimmed":false,"sourceSize":{"w":21,"h":26},"spriteSourceSize":{"x":0,"y":0,"w":21,"h":26},"frame":{"x":967,"y":448,"w":21,"h":26}}]}],"meta":{"app":"https://www.codeandweb.com/texturepacker","version":"3.0","smartupdate":"$TexturePacker:SmartUpdate:e18ecc5afe41f4cd0314c7145de87044:4d25e239a6a66c430358b05ef74b51c6:3ed7f446b7e32ba5f09387362d473a40$"}}