{"textures":[{"image":"flower-resources.png","format":"RGBA8888","size":{"w":510,"h":191},"scale":0.5,"frames":[{"filename":"tile-11","rotated":false,"trimmed":true,"sourceSize":{"w":50,"h":50},"spriteSourceSize":{"x":4,"y":7,"w":43,"h":37},"frame":{"x":2,"y":2,"w":43,"h":37}},{"filename":"tile-16","rotated":false,"trimmed":true,"sourceSize":{"w":50,"h":50},"spriteSourceSize":{"x":4,"y":7,"w":44,"h":39},"frame":{"x":48,"y":2,"w":44,"h":39}},{"filename":"tile-9","rotated":false,"trimmed":true,"sourceSize":{"w":50,"h":50},"spriteSourceSize":{"x":3,"y":5,"w":45,"h":39},"frame":{"x":95,"y":2,"w":45,"h":39}},{"filename":"tile-10","rotated":false,"trimmed":true,"sourceSize":{"w":50,"h":50},"spriteSourceSize":{"x":6,"y":6,"w":39,"h":40},"frame":{"x":143,"y":2,"w":39,"h":40}},{"filename":"tile-12","rotated":false,"trimmed":true,"sourceSize":{"w":50,"h":50},"spriteSourceSize":{"x":4,"y":6,"w":44,"h":40},"frame":{"x":185,"y":2,"w":44,"h":40}},{"filename":"tile-27","rotated":false,"trimmed":true,"sourceSize":{"w":50,"h":50},"spriteSourceSize":{"x":4,"y":6,"w":43,"h":40},"frame":{"x":232,"y":2,"w":43,"h":40}},{"filename":"tile-40","rotated":false,"trimmed":true,"sourceSize":{"w":50,"h":50},"spriteSourceSize":{"x":7,"y":6,"w":39,"h":40},"frame":{"x":278,"y":2,"w":39,"h":40}},{"filename":"tile-41","rotated":false,"trimmed":true,"sourceSize":{"w":50,"h":50},"spriteSourceSize":{"x":5,"y":8,"w":42,"h":40},"frame":{"x":320,"y":2,"w":42,"h":40}},{"filename":"tile-1","rotated":false,"trimmed":true,"sourceSize":{"w":50,"h":50},"spriteSourceSize":{"x":4,"y":6,"w":42,"h":41},"frame":{"x":365,"y":2,"w":42,"h":41}},{"filename":"tile-19","rotated":false,"trimmed":true,"sourceSize":{"w":50,"h":50},"spriteSourceSize":{"x":3,"y":5,"w":45,"h":41},"frame":{"x":410,"y":2,"w":45,"h":41}},{"filename":"tile-22","rotated":false,"trimmed":true,"sourceSize":{"w":50,"h":50},"spriteSourceSize":{"x":3,"y":5,"w":45,"h":42},"frame":{"x":458,"y":2,"w":45,"h":42}},{"filename":"tile-3","rotated":false,"trimmed":true,"sourceSize":{"w":50,"h":50},"spriteSourceSize":{"x":4,"y":5,"w":43,"h":42},"frame":{"x":2,"y":42,"w":43,"h":42}},{"filename":"tile-38","rotated":false,"trimmed":true,"sourceSize":{"w":50,"h":50},"spriteSourceSize":{"x":3,"y":5,"w":45,"h":42},"frame":{"x":48,"y":44,"w":45,"h":42}},{"filename":"tile-4","rotated":false,"trimmed":true,"sourceSize":{"w":50,"h":50},"spriteSourceSize":{"x":5,"y":5,"w":41,"h":42},"frame":{"x":96,"y":44,"w":41,"h":42}},{"filename":"tile-43","rotated":false,"trimmed":true,"sourceSize":{"w":50,"h":50},"spriteSourceSize":{"x":3,"y":5,"w":46,"h":42},"frame":{"x":140,"y":45,"w":46,"h":42}},{"filename":"tile-44","rotated":false,"trimmed":true,"sourceSize":{"w":50,"h":50},"spriteSourceSize":{"x":4,"y":5,"w":44,"h":42},"frame":{"x":189,"y":45,"w":44,"h":42}},{"filename":"tile-7","rotated":false,"trimmed":true,"sourceSize":{"w":50,"h":50},"spriteSourceSize":{"x":3,"y":5,"w":45,"h":42},"frame":{"x":236,"y":45,"w":45,"h":42}},{"filename":"tile-18","rotated":false,"trimmed":true,"sourceSize":{"w":50,"h":50},"spriteSourceSize":{"x":4,"y":4,"w":44,"h":43},"frame":{"x":284,"y":45,"w":44,"h":43}},{"filename":"tile-23","rotated":false,"trimmed":true,"sourceSize":{"w":50,"h":50},"spriteSourceSize":{"x":3,"y":5,"w":45,"h":43},"frame":{"x":331,"y":46,"w":45,"h":43}},{"filename":"tile-26","rotated":false,"trimmed":true,"sourceSize":{"w":50,"h":50},"spriteSourceSize":{"x":4,"y":4,"w":44,"h":43},"frame":{"x":379,"y":46,"w":44,"h":43}},{"filename":"tile-29","rotated":false,"trimmed":true,"sourceSize":{"w":50,"h":50},"spriteSourceSize":{"x":8,"y":4,"w":35,"h":43},"frame":{"x":426,"y":47,"w":35,"h":43}},{"filename":"tile-32","rotated":false,"trimmed":true,"sourceSize":{"w":50,"h":50},"spriteSourceSize":{"x":4,"y":5,"w":44,"h":43},"frame":{"x":464,"y":47,"w":44,"h":43}},{"filename":"tile-34","rotated":false,"trimmed":true,"sourceSize":{"w":50,"h":50},"spriteSourceSize":{"x":4,"y":5,"w":43,"h":43},"frame":{"x":2,"y":87,"w":43,"h":43}},{"filename":"tile-37","rotated":false,"trimmed":true,"sourceSize":{"w":50,"h":50},"spriteSourceSize":{"x":3,"y":5,"w":45,"h":43},"frame":{"x":48,"y":89,"w":45,"h":43}},{"filename":"tile-17","rotated":false,"trimmed":true,"sourceSize":{"w":50,"h":50},"spriteSourceSize":{"x":6,"y":4,"w":39,"h":44},"frame":{"x":96,"y":89,"w":39,"h":44}},{"filename":"tile-8","rotated":false,"trimmed":true,"sourceSize":{"w":50,"h":50},"spriteSourceSize":{"x":4,"y":5,"w":43,"h":43},"frame":{"x":138,"y":90,"w":43,"h":43}},{"filename":"tile-14","rotated":false,"trimmed":true,"sourceSize":{"w":50,"h":50},"spriteSourceSize":{"x":3,"y":4,"w":45,"h":44},"frame":{"x":184,"y":90,"w":45,"h":44}},{"filename":"tile-15","rotated":false,"trimmed":true,"sourceSize":{"w":50,"h":50},"spriteSourceSize":{"x":3,"y":4,"w":45,"h":44},"frame":{"x":232,"y":90,"w":45,"h":44}},{"filename":"tile-25","rotated":false,"trimmed":true,"sourceSize":{"w":50,"h":50},"spriteSourceSize":{"x":3,"y":4,"w":45,"h":44},"frame":{"x":280,"y":91,"w":45,"h":44}},{"filename":"tile-28","rotated":false,"trimmed":true,"sourceSize":{"w":50,"h":50},"spriteSourceSize":{"x":3,"y":4,"w":45,"h":44},"frame":{"x":328,"y":92,"w":45,"h":44}},{"filename":"tile-31","rotated":false,"trimmed":true,"sourceSize":{"w":50,"h":50},"spriteSourceSize":{"x":3,"y":4,"w":45,"h":44},"frame":{"x":376,"y":92,"w":45,"h":44}},{"filename":"tile-33","rotated":false,"trimmed":true,"sourceSize":{"w":50,"h":50},"spriteSourceSize":{"x":3,"y":4,"w":45,"h":44},"frame":{"x":424,"y":93,"w":45,"h":44}},{"filename":"tile-21","rotated":false,"trimmed":true,"sourceSize":{"w":50,"h":50},"spriteSourceSize":{"x":8,"y":4,"w":35,"h":45},"frame":{"x":472,"y":93,"w":35,"h":45}},{"filename":"tile-5","rotated":false,"trimmed":true,"sourceSize":{"w":50,"h":50},"spriteSourceSize":{"x":6,"y":4,"w":40,"h":44},"frame":{"x":2,"y":133,"w":40,"h":44}},{"filename":"tile-35","rotated":false,"trimmed":true,"sourceSize":{"w":50,"h":50},"spriteSourceSize":{"x":3,"y":4,"w":45,"h":44},"frame":{"x":45,"y":135,"w":45,"h":44}},{"filename":"tile-42","rotated":false,"trimmed":true,"sourceSize":{"w":50,"h":50},"spriteSourceSize":{"x":4,"y":4,"w":44,"h":44},"frame":{"x":93,"y":136,"w":44,"h":44}},{"filename":"tile-6","rotated":false,"trimmed":true,"sourceSize":{"w":50,"h":50},"spriteSourceSize":{"x":4,"y":4,"w":43,"h":44},"frame":{"x":140,"y":137,"w":43,"h":44}},{"filename":"tile-20","rotated":false,"trimmed":true,"sourceSize":{"w":50,"h":50},"spriteSourceSize":{"x":5,"y":3,"w":42,"h":45},"frame":{"x":186,"y":137,"w":42,"h":45}},{"filename":"tile-36","rotated":false,"trimmed":true,"sourceSize":{"w":50,"h":50},"spriteSourceSize":{"x":4,"y":4,"w":43,"h":45},"frame":{"x":231,"y":137,"w":43,"h":45}},{"filename":"tile-39","rotated":false,"trimmed":true,"sourceSize":{"w":50,"h":50},"spriteSourceSize":{"x":3,"y":3,"w":45,"h":45},"frame":{"x":277,"y":138,"w":45,"h":45}},{"filename":"tile-13","rotated":false,"trimmed":true,"sourceSize":{"w":50,"h":50},"spriteSourceSize":{"x":9,"y":4,"w":34,"h":46},"frame":{"x":325,"y":139,"w":34,"h":46}},{"filename":"tile-2","rotated":false,"trimmed":true,"sourceSize":{"w":50,"h":50},"spriteSourceSize":{"x":4,"y":3,"w":44,"h":46},"frame":{"x":362,"y":139,"w":44,"h":46}},{"filename":"tile-30","rotated":false,"trimmed":true,"sourceSize":{"w":50,"h":50},"spriteSourceSize":{"x":3,"y":3,"w":46,"h":46},"frame":{"x":409,"y":140,"w":46,"h":46}},{"filename":"tile-24","rotated":false,"trimmed":true,"sourceSize":{"w":50,"h":50},"spriteSourceSize":{"x":2,"y":0,"w":46,"h":48},"frame":{"x":458,"y":141,"w":46,"h":48}}]}],"meta":{"app":"https://www.codeandweb.com/texturepacker","version":"3.0","smartupdate":"$TexturePacker:SmartUpdate:1b3c1f2dc79e45f2f5e4d7f3533e1b2f:160af884167e6f94c6bc03c48fc3a992:46cf23d7d3a25ca30e135c3228e0a1ea$"}}