{"textures":[{"image":"fruit-resources.png","format":"RGBA8888","size":{"w":256,"h":769},"scale":0.5,"frames":[{"filename":"tile-25","rotated":false,"trimmed":true,"sourceSize":{"w":83,"h":87},"spriteSourceSize":{"x":1,"y":1,"w":81,"h":85},"frame":{"x":2,"y":2,"w":81,"h":85}},{"filename":"tile-15","rotated":false,"trimmed":true,"sourceSize":{"w":82,"h":86},"spriteSourceSize":{"x":1,"y":1,"w":80,"h":84},"frame":{"x":2,"y":90,"w":80,"h":84}},{"filename":"tile-20","rotated":false,"trimmed":true,"sourceSize":{"w":82,"h":86},"spriteSourceSize":{"x":1,"y":1,"w":80,"h":84},"frame":{"x":86,"y":2,"w":80,"h":84}},{"filename":"tile-1","rotated":false,"trimmed":true,"sourceSize":{"w":87,"h":77},"spriteSourceSize":{"x":1,"y":1,"w":85,"h":75},"frame":{"x":169,"y":2,"w":85,"h":75}},{"filename":"tile-11","rotated":false,"trimmed":true,"sourceSize":{"w":87,"h":77},"spriteSourceSize":{"x":1,"y":1,"w":85,"h":75},"frame":{"x":169,"y":80,"w":85,"h":75}},{"filename":"tile-10","rotated":false,"trimmed":true,"sourceSize":{"w":78,"h":87},"spriteSourceSize":{"x":1,"y":1,"w":76,"h":86},"frame":{"x":2,"y":177,"w":76,"h":86}},{"filename":"tile-26","rotated":false,"trimmed":true,"sourceSize":{"w":80,"h":85},"spriteSourceSize":{"x":1,"y":1,"w":78,"h":83},"frame":{"x":2,"y":266,"w":78,"h":83}},{"filename":"tile-14","rotated":false,"trimmed":true,"sourceSize":{"w":80,"h":84},"spriteSourceSize":{"x":1,"y":1,"w":78,"h":82},"frame":{"x":2,"y":352,"w":78,"h":82}},{"filename":"tile-22","rotated":false,"trimmed":true,"sourceSize":{"w":84,"h":84},"spriteSourceSize":{"x":1,"y":1,"w":82,"h":82},"frame":{"x":2,"y":437,"w":82,"h":82}},{"filename":"tile-27","rotated":false,"trimmed":true,"sourceSize":{"w":86,"h":82},"spriteSourceSize":{"x":1,"y":1,"w":84,"h":80},"frame":{"x":2,"y":522,"w":84,"h":80}},{"filename":"tile-8","rotated":false,"trimmed":true,"sourceSize":{"w":86,"h":81},"spriteSourceSize":{"x":1,"y":1,"w":84,"h":79},"frame":{"x":2,"y":605,"w":84,"h":79}},{"filename":"tile-4","rotated":false,"trimmed":true,"sourceSize":{"w":86,"h":80},"spriteSourceSize":{"x":1,"y":1,"w":84,"h":78},"frame":{"x":2,"y":687,"w":84,"h":78}},{"filename":"tile-18","rotated":false,"trimmed":true,"sourceSize":{"w":82,"h":74},"spriteSourceSize":{"x":1,"y":1,"w":80,"h":72},"frame":{"x":86,"y":89,"w":80,"h":72}},{"filename":"tile-12","rotated":false,"trimmed":true,"sourceSize":{"w":83,"h":80},"spriteSourceSize":{"x":1,"y":1,"w":81,"h":78},"frame":{"x":85,"y":164,"w":81,"h":78}},{"filename":"tile-2","rotated":false,"trimmed":true,"sourceSize":{"w":82,"h":83},"spriteSourceSize":{"x":1,"y":1,"w":80,"h":81},"frame":{"x":169,"y":158,"w":80,"h":81}},{"filename":"tile-21","rotated":false,"trimmed":true,"sourceSize":{"w":82,"h":83},"spriteSourceSize":{"x":1,"y":1,"w":80,"h":81},"frame":{"x":83,"y":245,"w":80,"h":81}},{"filename":"tile-24","rotated":false,"trimmed":true,"sourceSize":{"w":78,"h":84},"spriteSourceSize":{"x":1,"y":1,"w":76,"h":82},"frame":{"x":83,"y":329,"w":76,"h":82}},{"filename":"tile-28","rotated":false,"trimmed":true,"sourceSize":{"w":74,"h":86},"spriteSourceSize":{"x":1,"y":1,"w":72,"h":84},"frame":{"x":87,"y":414,"w":72,"h":84}},{"filename":"tile-7","rotated":false,"trimmed":true,"sourceSize":{"w":70,"h":86},"spriteSourceSize":{"x":1,"y":1,"w":68,"h":84},"frame":{"x":89,"y":501,"w":68,"h":84}},{"filename":"tile-19","rotated":false,"trimmed":true,"sourceSize":{"w":68,"h":84},"spriteSourceSize":{"x":1,"y":1,"w":66,"h":82},"frame":{"x":89,"y":588,"w":66,"h":82}},{"filename":"tile-17","rotated":false,"trimmed":true,"sourceSize":{"w":80,"h":81},"spriteSourceSize":{"x":1,"y":1,"w":78,"h":79},"frame":{"x":89,"y":673,"w":78,"h":79}},{"filename":"tile-13","rotated":false,"trimmed":true,"sourceSize":{"w":82,"h":67},"spriteSourceSize":{"x":1,"y":1,"w":80,"h":65},"frame":{"x":169,"y":242,"w":80,"h":65}},{"filename":"tile-16","rotated":false,"trimmed":true,"sourceSize":{"w":88,"h":59},"spriteSourceSize":{"x":1,"y":1,"w":86,"h":57},"frame":{"x":166,"y":310,"w":86,"h":57}},{"filename":"tile-3","rotated":false,"trimmed":true,"sourceSize":{"w":82,"h":80},"spriteSourceSize":{"x":1,"y":1,"w":80,"h":78},"frame":{"x":162,"y":370,"w":80,"h":78}},{"filename":"tile-6","rotated":false,"trimmed":true,"sourceSize":{"w":82,"h":78},"spriteSourceSize":{"x":1,"y":1,"w":80,"h":76},"frame":{"x":162,"y":451,"w":80,"h":76}},{"filename":"tile-9","rotated":false,"trimmed":true,"sourceSize":{"w":82,"h":78},"spriteSourceSize":{"x":1,"y":1,"w":80,"h":76},"frame":{"x":160,"y":530,"w":80,"h":76}},{"filename":"tile-5","rotated":false,"trimmed":true,"sourceSize":{"w":80,"h":80},"spriteSourceSize":{"x":1,"y":1,"w":78,"h":78},"frame":{"x":170,"y":609,"w":78,"h":78}},{"filename":"tile-23","rotated":false,"trimmed":true,"sourceSize":{"w":79,"h":79},"spriteSourceSize":{"x":1,"y":1,"w":77,"h":77},"frame":{"x":170,"y":690,"w":77,"h":77}}]}],"meta":{"app":"https://www.codeandweb.com/texturepacker","version":"3.0","smartupdate":"$TexturePacker:SmartUpdate:421dc5bfb63fb9e055d677edf2e289a4:1ed93abe0b0327cf5b36cd84d05851f7:3985bba44094d8a9f2bf907ed4e63711$"}}