{"textures":[{"image":"gameplay-resources-0.png","format":"RGBA8888","size":{"w":940,"h":478},"scale":0.5,"frames":[{"filename":"progress/bar-left","rotated":false,"trimmed":false,"sourceSize":{"w":6,"h":13},"spriteSourceSize":{"x":0,"y":0,"w":6,"h":13},"frame":{"x":1,"y":1,"w":6,"h":13}},{"filename":"progress/bar-right","rotated":false,"trimmed":false,"sourceSize":{"w":6,"h":13},"spriteSourceSize":{"x":0,"y":0,"w":6,"h":13},"frame":{"x":9,"y":1,"w":6,"h":13}},{"filename":"progress/bar-mid","rotated":false,"trimmed":false,"sourceSize":{"w":17,"h":13},"spriteSourceSize":{"x":0,"y":0,"w":17,"h":13},"frame":{"x":17,"y":1,"w":17,"h":13}},{"filename":"icons/bomb","rotated":false,"trimmed":false,"sourceSize":{"w":15,"h":16},"spriteSourceSize":{"x":0,"y":0,"w":15,"h":16},"frame":{"x":36,"y":1,"w":15,"h":16}},{"filename":"effect/spark","rotated":false,"trimmed":false,"sourceSize":{"w":16,"h":16},"spriteSourceSize":{"x":0,"y":0,"w":16,"h":16},"frame":{"x":53,"y":1,"w":16,"h":16}},{"filename":"icons/pause","rotated":false,"trimmed":false,"sourceSize":{"w":15,"h":17},"spriteSourceSize":{"x":0,"y":0,"w":15,"h":17},"frame":{"x":71,"y":1,"w":15,"h":17}},{"filename":"items/bg-amount","rotated":false,"trimmed":false,"sourceSize":{"w":22,"h":16},"spriteSourceSize":{"x":0,"y":0,"w":22,"h":16},"frame":{"x":88,"y":1,"w":22,"h":16}},{"filename":"items/note-lock","rotated":false,"trimmed":false,"sourceSize":{"w":22,"h":16},"spriteSourceSize":{"x":0,"y":0,"w":22,"h":16},"frame":{"x":112,"y":1,"w":22,"h":16}},{"filename":"items/note-free","rotated":false,"trimmed":false,"sourceSize":{"w":33,"h":16},"spriteSourceSize":{"x":0,"y":0,"w":33,"h":16},"frame":{"x":136,"y":1,"w":33,"h":16}},{"filename":"dev-tool/arrow","rotated":false,"trimmed":false,"sourceSize":{"w":25,"h":25},"spriteSourceSize":{"x":0,"y":0,"w":25,"h":25},"frame":{"x":171,"y":1,"w":25,"h":25}},{"filename":"dev-tool/bomb","rotated":false,"trimmed":false,"sourceSize":{"w":25,"h":25},"spriteSourceSize":{"x":0,"y":0,"w":25,"h":25},"frame":{"x":198,"y":1,"w":25,"h":25}},{"filename":"dev-tool/clock","rotated":false,"trimmed":false,"sourceSize":{"w":25,"h":25},"spriteSourceSize":{"x":0,"y":0,"w":25,"h":25},"frame":{"x":225,"y":1,"w":25,"h":25}},{"filename":"dev-tool/hand","rotated":false,"trimmed":false,"sourceSize":{"w":25,"h":25},"spriteSourceSize":{"x":0,"y":0,"w":25,"h":25},"frame":{"x":252,"y":1,"w":25,"h":25}},{"filename":"dev-tool/lose","rotated":false,"trimmed":false,"sourceSize":{"w":25,"h":25},"spriteSourceSize":{"x":0,"y":0,"w":25,"h":25},"frame":{"x":279,"y":1,"w":25,"h":25}},{"filename":"dev-tool/new-game","rotated":false,"trimmed":false,"sourceSize":{"w":25,"h":25},"spriteSourceSize":{"x":0,"y":0,"w":25,"h":25},"frame":{"x":306,"y":1,"w":25,"h":25}},{"filename":"dev-tool/reset","rotated":false,"trimmed":false,"sourceSize":{"w":25,"h":25},"spriteSourceSize":{"x":0,"y":0,"w":25,"h":25},"frame":{"x":333,"y":1,"w":25,"h":25}},{"filename":"effect/hint-line-dot","rotated":false,"trimmed":false,"sourceSize":{"w":25,"h":25},"spriteSourceSize":{"x":0,"y":0,"w":25,"h":25},"frame":{"x":360,"y":1,"w":25,"h":25}},{"filename":"effect/trail-star","rotated":false,"trimmed":false,"sourceSize":{"w":28,"h":28},"spriteSourceSize":{"x":0,"y":0,"w":28,"h":28},"frame":{"x":387,"y":1,"w":28,"h":28}},{"filename":"effect/right-tile-fragment","rotated":false,"trimmed":true,"sourceSize":{"w":54,"h":56},"spriteSourceSize":{"x":32,"y":0,"w":22,"h":34},"frame":{"x":417,"y":1,"w":22,"h":34}},{"filename":"items/rocket-lock","rotated":false,"trimmed":true,"sourceSize":{"w":23,"h":36},"spriteSourceSize":{"x":0,"y":2,"w":23,"h":34},"frame":{"x":441,"y":1,"w":23,"h":34}},{"filename":"items/rocket","rotated":false,"trimmed":true,"sourceSize":{"w":23,"h":36},"spriteSourceSize":{"x":0,"y":2,"w":23,"h":34},"frame":{"x":466,"y":1,"w":23,"h":34}},{"filename":"items/note-invite","rotated":false,"trimmed":false,"sourceSize":{"w":42,"h":16},"spriteSourceSize":{"x":0,"y":0,"w":42,"h":16},"frame":{"x":491,"y":1,"w":42,"h":16}},{"filename":"items/shuffle-lock","rotated":false,"trimmed":true,"sourceSize":{"w":27,"h":36},"spriteSourceSize":{"x":0,"y":2,"w":27,"h":34},"frame":{"x":535,"y":1,"w":27,"h":34}},{"filename":"items/shuffle","rotated":false,"trimmed":true,"sourceSize":{"w":27,"h":36},"spriteSourceSize":{"x":0,"y":2,"w":27,"h":34},"frame":{"x":564,"y":1,"w":27,"h":34}},{"filename":"items/defuse-lock","rotated":false,"trimmed":false,"sourceSize":{"w":26,"h":35},"spriteSourceSize":{"x":0,"y":0,"w":26,"h":35},"frame":{"x":593,"y":1,"w":26,"h":35}},{"filename":"items/defuse","rotated":false,"trimmed":false,"sourceSize":{"w":26,"h":35},"spriteSourceSize":{"x":0,"y":0,"w":26,"h":35},"frame":{"x":621,"y":1,"w":26,"h":35}},{"filename":"items/share","rotated":false,"trimmed":false,"sourceSize":{"w":29,"h":33},"spriteSourceSize":{"x":0,"y":0,"w":29,"h":33},"frame":{"x":649,"y":1,"w":29,"h":33}},{"filename":"icons/clock","rotated":false,"trimmed":false,"sourceSize":{"w":28,"h":34},"spriteSourceSize":{"x":0,"y":0,"w":28,"h":34},"frame":{"x":680,"y":1,"w":28,"h":34}},{"filename":"items/hint-lock","rotated":false,"trimmed":true,"sourceSize":{"w":27,"h":37},"spriteSourceSize":{"x":0,"y":2,"w":27,"h":35},"frame":{"x":710,"y":1,"w":27,"h":35}},{"filename":"items/hint","rotated":false,"trimmed":true,"sourceSize":{"w":27,"h":37},"spriteSourceSize":{"x":0,"y":2,"w":27,"h":35},"frame":{"x":739,"y":1,"w":27,"h":35}},{"filename":"effect/top-tile-fragment","rotated":false,"trimmed":true,"sourceSize":{"w":54,"h":56},"spriteSourceSize":{"x":11,"y":0,"w":37,"h":34},"frame":{"x":768,"y":1,"w":37,"h":34}},{"filename":"timer/bg","rotated":false,"trimmed":false,"sourceSize":{"w":55,"h":19},"spriteSourceSize":{"x":0,"y":0,"w":55,"h":19},"frame":{"x":807,"y":1,"w":55,"h":19}},{"filename":"effect/bottom-tile-fragment","rotated":false,"trimmed":true,"sourceSize":{"w":54,"h":56},"spriteSourceSize":{"x":12,"y":24,"w":42,"h":32},"frame":{"x":864,"y":1,"w":42,"h":32}},{"filename":"buttons/yellow-circle","rotated":false,"trimmed":false,"sourceSize":{"w":37,"h":37},"spriteSourceSize":{"x":0,"y":0,"w":37,"h":37},"frame":{"x":1,"y":38,"w":37,"h":37}},{"filename":"tiles/change","rotated":false,"trimmed":false,"sourceSize":{"w":37,"h":37},"spriteSourceSize":{"x":0,"y":0,"w":37,"h":37},"frame":{"x":40,"y":38,"w":37,"h":37}},{"filename":"effect/circle","rotated":false,"trimmed":false,"sourceSize":{"w":41,"h":41},"spriteSourceSize":{"x":0,"y":0,"w":41,"h":41},"frame":{"x":79,"y":38,"w":41,"h":41}},{"filename":"tiles/rocket","rotated":false,"trimmed":true,"sourceSize":{"w":54,"h":56},"spriteSourceSize":{"x":11,"y":5,"w":41,"h":46},"frame":{"x":122,"y":38,"w":41,"h":46}},{"filename":"progress/bar-combo","rotated":false,"trimmed":false,"sourceSize":{"w":84,"h":5},"spriteSourceSize":{"x":0,"y":0,"w":84,"h":5},"frame":{"x":165,"y":38,"w":84,"h":5}},{"filename":"effect/left-tile-fragment","rotated":false,"trimmed":true,"sourceSize":{"w":54,"h":56},"spriteSourceSize":{"x":0,"y":0,"w":34,"h":56},"frame":{"x":251,"y":38,"w":34,"h":56}},{"filename":"effect/short-rocket","rotated":false,"trimmed":false,"sourceSize":{"w":54,"h":39},"spriteSourceSize":{"x":0,"y":0,"w":54,"h":39},"frame":{"x":287,"y":38,"w":54,"h":39}},{"filename":"progress/bg-combo","rotated":false,"trimmed":false,"sourceSize":{"w":87,"h":8},"spriteSourceSize":{"x":0,"y":0,"w":87,"h":8},"frame":{"x":343,"y":38,"w":87,"h":8}},{"filename":"items/bg-item","rotated":false,"trimmed":false,"sourceSize":{"w":48,"h":49},"spriteSourceSize":{"x":0,"y":0,"w":48,"h":49},"frame":{"x":432,"y":38,"w":48,"h":49}},{"filename":"items/bg-item-lock","rotated":false,"trimmed":false,"sourceSize":{"w":48,"h":50},"spriteSourceSize":{"x":0,"y":0,"w":48,"h":50},"frame":{"x":482,"y":38,"w":48,"h":50}},{"filename":"blank","rotated":false,"trimmed":false,"sourceSize":{"w":50,"h":50},"spriteSourceSize":{"x":0,"y":0,"w":50,"h":50},"frame":{"x":532,"y":38,"w":50,"h":50}},{"filename":"effect/tile-highlight/highlight-0","rotated":false,"trimmed":false,"sourceSize":{"w":50,"h":50},"spriteSourceSize":{"x":0,"y":0,"w":50,"h":50},"frame":{"x":584,"y":38,"w":50,"h":50}},{"filename":"effect/tile-highlight/highlight-1","rotated":false,"trimmed":false,"sourceSize":{"w":50,"h":50},"spriteSourceSize":{"x":0,"y":0,"w":50,"h":50},"frame":{"x":636,"y":38,"w":50,"h":50}},{"filename":"effect/tile-highlight/highlight-10","rotated":false,"trimmed":false,"sourceSize":{"w":50,"h":50},"spriteSourceSize":{"x":0,"y":0,"w":50,"h":50},"frame":{"x":688,"y":38,"w":50,"h":50}},{"filename":"effect/tile-highlight/highlight-11","rotated":false,"trimmed":false,"sourceSize":{"w":50,"h":50},"spriteSourceSize":{"x":0,"y":0,"w":50,"h":50},"frame":{"x":740,"y":38,"w":50,"h":50}},{"filename":"effect/tile-highlight/highlight-12","rotated":false,"trimmed":false,"sourceSize":{"w":50,"h":50},"spriteSourceSize":{"x":0,"y":0,"w":50,"h":50},"frame":{"x":792,"y":38,"w":50,"h":50}},{"filename":"effect/tile-highlight/highlight-13","rotated":false,"trimmed":false,"sourceSize":{"w":50,"h":50},"spriteSourceSize":{"x":0,"y":0,"w":50,"h":50},"frame":{"x":844,"y":38,"w":50,"h":50}},{"filename":"effect/tile-highlight/highlight-14","rotated":false,"trimmed":false,"sourceSize":{"w":50,"h":50},"spriteSourceSize":{"x":0,"y":0,"w":50,"h":50},"frame":{"x":1,"y":96,"w":50,"h":50}},{"filename":"effect/tile-highlight/highlight-15","rotated":false,"trimmed":false,"sourceSize":{"w":50,"h":50},"spriteSourceSize":{"x":0,"y":0,"w":50,"h":50},"frame":{"x":53,"y":96,"w":50,"h":50}},{"filename":"effect/tile-highlight/highlight-16","rotated":false,"trimmed":false,"sourceSize":{"w":50,"h":50},"spriteSourceSize":{"x":0,"y":0,"w":50,"h":50},"frame":{"x":105,"y":96,"w":50,"h":50}},{"filename":"effect/tile-highlight/highlight-17","rotated":false,"trimmed":false,"sourceSize":{"w":50,"h":50},"spriteSourceSize":{"x":0,"y":0,"w":50,"h":50},"frame":{"x":157,"y":96,"w":50,"h":50}},{"filename":"effect/tile-highlight/highlight-18","rotated":false,"trimmed":false,"sourceSize":{"w":50,"h":50},"spriteSourceSize":{"x":0,"y":0,"w":50,"h":50},"frame":{"x":209,"y":96,"w":50,"h":50}},{"filename":"effect/tile-highlight/highlight-19","rotated":false,"trimmed":false,"sourceSize":{"w":50,"h":50},"spriteSourceSize":{"x":0,"y":0,"w":50,"h":50},"frame":{"x":261,"y":96,"w":50,"h":50}},{"filename":"effect/tile-highlight/highlight-2","rotated":false,"trimmed":false,"sourceSize":{"w":50,"h":50},"spriteSourceSize":{"x":0,"y":0,"w":50,"h":50},"frame":{"x":313,"y":96,"w":50,"h":50}},{"filename":"effect/tile-highlight/highlight-20","rotated":false,"trimmed":false,"sourceSize":{"w":50,"h":50},"spriteSourceSize":{"x":0,"y":0,"w":50,"h":50},"frame":{"x":365,"y":96,"w":50,"h":50}},{"filename":"effect/tile-highlight/highlight-21","rotated":false,"trimmed":false,"sourceSize":{"w":50,"h":50},"spriteSourceSize":{"x":0,"y":0,"w":50,"h":50},"frame":{"x":417,"y":96,"w":50,"h":50}},{"filename":"effect/tile-highlight/highlight-22","rotated":false,"trimmed":false,"sourceSize":{"w":50,"h":50},"spriteSourceSize":{"x":0,"y":0,"w":50,"h":50},"frame":{"x":469,"y":96,"w":50,"h":50}},{"filename":"effect/tile-highlight/highlight-23","rotated":false,"trimmed":false,"sourceSize":{"w":50,"h":50},"spriteSourceSize":{"x":0,"y":0,"w":50,"h":50},"frame":{"x":521,"y":96,"w":50,"h":50}},{"filename":"effect/tile-highlight/highlight-24","rotated":false,"trimmed":false,"sourceSize":{"w":50,"h":50},"spriteSourceSize":{"x":0,"y":0,"w":50,"h":50},"frame":{"x":573,"y":96,"w":50,"h":50}},{"filename":"effect/tile-highlight/highlight-25","rotated":false,"trimmed":false,"sourceSize":{"w":50,"h":50},"spriteSourceSize":{"x":0,"y":0,"w":50,"h":50},"frame":{"x":625,"y":96,"w":50,"h":50}},{"filename":"effect/tile-highlight/highlight-26","rotated":false,"trimmed":false,"sourceSize":{"w":50,"h":50},"spriteSourceSize":{"x":0,"y":0,"w":50,"h":50},"frame":{"x":677,"y":96,"w":50,"h":50}},{"filename":"effect/tile-highlight/highlight-27","rotated":false,"trimmed":false,"sourceSize":{"w":50,"h":50},"spriteSourceSize":{"x":0,"y":0,"w":50,"h":50},"frame":{"x":729,"y":96,"w":50,"h":50}},{"filename":"effect/tile-highlight/highlight-28","rotated":false,"trimmed":false,"sourceSize":{"w":50,"h":50},"spriteSourceSize":{"x":0,"y":0,"w":50,"h":50},"frame":{"x":781,"y":96,"w":50,"h":50}},{"filename":"effect/tile-highlight/highlight-29","rotated":false,"trimmed":false,"sourceSize":{"w":50,"h":50},"spriteSourceSize":{"x":0,"y":0,"w":50,"h":50},"frame":{"x":833,"y":96,"w":50,"h":50}},{"filename":"effect/tile-highlight/highlight-3","rotated":false,"trimmed":false,"sourceSize":{"w":50,"h":50},"spriteSourceSize":{"x":0,"y":0,"w":50,"h":50},"frame":{"x":885,"y":96,"w":50,"h":50}},{"filename":"effect/tile-highlight/highlight-30","rotated":false,"trimmed":false,"sourceSize":{"w":50,"h":50},"spriteSourceSize":{"x":0,"y":0,"w":50,"h":50},"frame":{"x":1,"y":148,"w":50,"h":50}},{"filename":"effect/tile-highlight/highlight-31","rotated":false,"trimmed":false,"sourceSize":{"w":50,"h":50},"spriteSourceSize":{"x":0,"y":0,"w":50,"h":50},"frame":{"x":53,"y":148,"w":50,"h":50}},{"filename":"effect/tile-highlight/highlight-4","rotated":false,"trimmed":false,"sourceSize":{"w":50,"h":50},"spriteSourceSize":{"x":0,"y":0,"w":50,"h":50},"frame":{"x":105,"y":148,"w":50,"h":50}},{"filename":"effect/tile-highlight/highlight-5","rotated":false,"trimmed":false,"sourceSize":{"w":50,"h":50},"spriteSourceSize":{"x":0,"y":0,"w":50,"h":50},"frame":{"x":157,"y":148,"w":50,"h":50}},{"filename":"effect/tile-highlight/highlight-6","rotated":false,"trimmed":false,"sourceSize":{"w":50,"h":50},"spriteSourceSize":{"x":0,"y":0,"w":50,"h":50},"frame":{"x":209,"y":148,"w":50,"h":50}},{"filename":"effect/tile-highlight/highlight-7","rotated":false,"trimmed":false,"sourceSize":{"w":50,"h":50},"spriteSourceSize":{"x":0,"y":0,"w":50,"h":50},"frame":{"x":261,"y":148,"w":50,"h":50}},{"filename":"effect/tile-highlight/highlight-8","rotated":false,"trimmed":false,"sourceSize":{"w":50,"h":50},"spriteSourceSize":{"x":0,"y":0,"w":50,"h":50},"frame":{"x":313,"y":148,"w":50,"h":50}},{"filename":"effect/tile-highlight/highlight-9","rotated":false,"trimmed":false,"sourceSize":{"w":50,"h":50},"spriteSourceSize":{"x":0,"y":0,"w":50,"h":50},"frame":{"x":365,"y":148,"w":50,"h":50}},{"filename":"effect/tile-rocket","rotated":false,"trimmed":false,"sourceSize":{"w":40,"h":67},"spriteSourceSize":{"x":0,"y":0,"w":40,"h":67},"frame":{"x":417,"y":148,"w":40,"h":67}},{"filename":"tiles/tile-bg","rotated":false,"trimmed":false,"sourceSize":{"w":54,"h":56},"spriteSourceSize":{"x":0,"y":0,"w":54,"h":56},"frame":{"x":459,"y":148,"w":54,"h":56}},{"filename":"buttons/wood-small","rotated":false,"trimmed":false,"sourceSize":{"w":98,"h":42},"spriteSourceSize":{"x":0,"y":0,"w":98,"h":42},"frame":{"x":515,"y":148,"w":98,"h":42}},{"filename":"icons/star-big","rotated":false,"trimmed":false,"sourceSize":{"w":76,"h":77},"spriteSourceSize":{"x":0,"y":0,"w":76,"h":77},"frame":{"x":615,"y":148,"w":76,"h":77}},{"filename":"effect/tile-highlight-effect","rotated":false,"trimmed":false,"sourceSize":{"w":81,"h":90},"spriteSourceSize":{"x":0,"y":0,"w":81,"h":90},"frame":{"x":693,"y":148,"w":81,"h":90}},{"filename":"progress/bar-star","rotated":false,"trimmed":false,"sourceSize":{"w":163,"h":30},"spriteSourceSize":{"x":0,"y":0,"w":163,"h":30},"frame":{"x":776,"y":148,"w":163,"h":30}},{"filename":"effect/tile-select-bg","rotated":false,"trimmed":false,"sourceSize":{"w":102,"h":102},"spriteSourceSize":{"x":0,"y":0,"w":102,"h":102},"frame":{"x":1,"y":240,"w":102,"h":102}},{"filename":"effect/long-rocket","rotated":false,"trimmed":false,"sourceSize":{"w":40,"h":179},"spriteSourceSize":{"x":0,"y":0,"w":40,"h":179},"frame":{"x":105,"y":240,"w":40,"h":179}},{"filename":"layout/header","rotated":false,"trimmed":false,"sourceSize":{"w":375,"h":66},"spriteSourceSize":{"x":0,"y":0,"w":375,"h":66},"frame":{"x":147,"y":240,"w":375,"h":66}},{"filename":"layout/footer","rotated":false,"trimmed":false,"sourceSize":{"w":375,"h":109},"spriteSourceSize":{"x":0,"y":0,"w":375,"h":109},"frame":{"x":524,"y":240,"w":375,"h":109}},{"filename":"layout/landscape-header","rotated":false,"trimmed":false,"sourceSize":{"w":760,"h":56},"spriteSourceSize":{"x":0,"y":0,"w":760,"h":56},"frame":{"x":1,"y":421,"w":760,"h":56}}]}],"meta":{"app":"https://www.codeandweb.com/texturepacker","version":"3.0","smartupdate":"$TexturePacker:SmartUpdate:34c316c7eb99d539da780d06cac63cfb:a7269e99bb81f45892b80737b105c1fe:46925f36d4f701533c420c2b9db28b7c$"}}