{"textures":[{"image":"default-8bit-resources-0.png","format":"RGBA8888","size":{"w":989,"h":1448},"scale":0.5,"frames":[{"filename":"leaderboards/tab-focus","rotated":false,"trimmed":false,"sourceSize":{"w":57,"h":4},"spriteSourceSize":{"x":0,"y":0,"w":57,"h":4},"frame":{"x":0,"y":0,"w":57,"h":4}},{"filename":"unit-screen/tab-focus","rotated":false,"trimmed":false,"sourceSize":{"w":57,"h":4},"spriteSourceSize":{"x":0,"y":0,"w":57,"h":4},"frame":{"x":58,"y":0,"w":57,"h":4}},{"filename":"unit-screen/ad-icon","rotated":false,"trimmed":false,"sourceSize":{"w":9,"h":8},"spriteSourceSize":{"x":0,"y":0,"w":9,"h":8},"frame":{"x":116,"y":0,"w":9,"h":8}},{"filename":"unit-reward/ellipse-fx","rotated":false,"trimmed":false,"sourceSize":{"w":9,"h":9},"spriteSourceSize":{"x":0,"y":0,"w":9,"h":9},"frame":{"x":126,"y":0,"w":9,"h":9}},{"filename":"loading","rotated":false,"trimmed":false,"sourceSize":{"w":69,"h":10},"spriteSourceSize":{"x":0,"y":0,"w":69,"h":10},"frame":{"x":136,"y":0,"w":69,"h":10}},{"filename":"unit-screen/coin-icon","rotated":false,"trimmed":false,"sourceSize":{"w":12,"h":12},"spriteSourceSize":{"x":0,"y":0,"w":12,"h":12},"frame":{"x":206,"y":0,"w":12,"h":12}},{"filename":"unit-screen/icon-battle","rotated":false,"trimmed":false,"sourceSize":{"w":14,"h":13},"spriteSourceSize":{"x":0,"y":0,"w":14,"h":13},"frame":{"x":219,"y":0,"w":14,"h":13}},{"filename":"unit-screen/icon-heart","rotated":false,"trimmed":false,"sourceSize":{"w":15,"h":14},"spriteSourceSize":{"x":0,"y":0,"w":15,"h":14},"frame":{"x":234,"y":0,"w":15,"h":14}},{"filename":"offline-reward/particle-2","rotated":false,"trimmed":false,"sourceSize":{"w":15,"h":15},"spriteSourceSize":{"x":0,"y":0,"w":15,"h":15},"frame":{"x":250,"y":0,"w":15,"h":15}},{"filename":"result-screen/mini-gold","rotated":false,"trimmed":false,"sourceSize":{"w":16,"h":16},"spriteSourceSize":{"x":0,"y":0,"w":16,"h":16},"frame":{"x":266,"y":0,"w":16,"h":16}},{"filename":"unit-screen/ad-count-bg","rotated":false,"trimmed":false,"sourceSize":{"w":69,"h":18},"spriteSourceSize":{"x":0,"y":0,"w":69,"h":18},"frame":{"x":283,"y":0,"w":69,"h":18}},{"filename":"unit-screen/bg","rotated":false,"trimmed":false,"sourceSize":{"w":57,"h":18},"spriteSourceSize":{"x":0,"y":0,"w":57,"h":18},"frame":{"x":353,"y":0,"w":57,"h":18}},{"filename":"unit-unlock/icon-battle","rotated":false,"trimmed":false,"sourceSize":{"w":21,"h":18},"spriteSourceSize":{"x":0,"y":0,"w":21,"h":18},"frame":{"x":411,"y":0,"w":21,"h":18}},{"filename":"unit-reward/no-thanks-text","rotated":false,"trimmed":false,"sourceSize":{"w":124,"h":19},"spriteSourceSize":{"x":0,"y":0,"w":124,"h":19},"frame":{"x":433,"y":0,"w":124,"h":19}},{"filename":"unit-unlock/icon-heart","rotated":false,"trimmed":false,"sourceSize":{"w":22,"h":19},"spriteSourceSize":{"x":0,"y":0,"w":22,"h":19},"frame":{"x":558,"y":0,"w":22,"h":19}},{"filename":"icons/music","rotated":false,"trimmed":false,"sourceSize":{"w":20,"h":20},"spriteSourceSize":{"x":0,"y":0,"w":20,"h":20},"frame":{"x":581,"y":0,"w":20,"h":20}},{"filename":"leaderboards/dino-icon","rotated":false,"trimmed":false,"sourceSize":{"w":26,"h":20},"spriteSourceSize":{"x":0,"y":0,"w":26,"h":20},"frame":{"x":602,"y":0,"w":26,"h":20}},{"filename":"icons/back-to","rotated":false,"trimmed":false,"sourceSize":{"w":29,"h":21},"spriteSourceSize":{"x":0,"y":0,"w":29,"h":21},"frame":{"x":629,"y":0,"w":29,"h":21}},{"filename":"icons/battle","rotated":false,"trimmed":false,"sourceSize":{"w":23,"h":21},"spriteSourceSize":{"x":0,"y":0,"w":23,"h":21},"frame":{"x":659,"y":0,"w":23,"h":21}},{"filename":"icons/share","rotated":false,"trimmed":false,"sourceSize":{"w":19,"h":21},"spriteSourceSize":{"x":0,"y":0,"w":19,"h":21},"frame":{"x":683,"y":0,"w":19,"h":21}},{"filename":"offline-reward/particle-1","rotated":false,"trimmed":false,"sourceSize":{"w":23,"h":23},"spriteSourceSize":{"x":0,"y":0,"w":23,"h":23},"frame":{"x":703,"y":0,"w":23,"h":23}},{"filename":"icons/quick-fight","rotated":false,"trimmed":false,"sourceSize":{"w":19,"h":24},"spriteSourceSize":{"x":0,"y":0,"w":19,"h":24},"frame":{"x":727,"y":0,"w":19,"h":24}},{"filename":"icons/sound","rotated":false,"trimmed":false,"sourceSize":{"w":26,"h":24},"spriteSourceSize":{"x":0,"y":0,"w":26,"h":24},"frame":{"x":747,"y":0,"w":26,"h":24}},{"filename":"unit-unlock/bg-1","rotated":false,"trimmed":false,"sourceSize":{"w":80,"h":25},"spriteSourceSize":{"x":0,"y":0,"w":80,"h":25},"frame":{"x":774,"y":0,"w":80,"h":25}},{"filename":"reward-wheel/arrow","rotated":false,"trimmed":false,"sourceSize":{"w":17,"h":26},"spriteSourceSize":{"x":0,"y":0,"w":17,"h":26},"frame":{"x":855,"y":0,"w":17,"h":26}},{"filename":"icons/ad-icon","rotated":false,"trimmed":false,"sourceSize":{"w":26,"h":27},"spriteSourceSize":{"x":0,"y":0,"w":26,"h":27},"frame":{"x":873,"y":0,"w":26,"h":27}},{"filename":"icons/replay","rotated":false,"trimmed":false,"sourceSize":{"w":24,"h":28},"spriteSourceSize":{"x":0,"y":0,"w":24,"h":28},"frame":{"x":900,"y":0,"w":24,"h":28}},{"filename":"icons/vib","rotated":false,"trimmed":false,"sourceSize":{"w":31,"h":28},"spriteSourceSize":{"x":0,"y":0,"w":31,"h":28},"frame":{"x":925,"y":0,"w":31,"h":28}},{"filename":"unit-screen/icon-lock","rotated":false,"trimmed":false,"sourceSize":{"w":21,"h":28},"spriteSourceSize":{"x":0,"y":0,"w":21,"h":28},"frame":{"x":957,"y":0,"w":21,"h":28}},{"filename":"leaderboards/tab-bg","rotated":false,"trimmed":false,"sourceSize":{"w":329,"h":29},"spriteSourceSize":{"x":0,"y":0,"w":329,"h":29},"frame":{"x":0,"y":29,"w":329,"h":29}},{"filename":"unit-screen/tab-bg","rotated":false,"trimmed":false,"sourceSize":{"w":329,"h":29},"spriteSourceSize":{"x":0,"y":0,"w":329,"h":29},"frame":{"x":330,"y":29,"w":329,"h":29}},{"filename":"offline-reward/ads","rotated":false,"trimmed":false,"sourceSize":{"w":32,"h":30},"spriteSourceSize":{"x":0,"y":0,"w":32,"h":30},"frame":{"x":660,"y":29,"w":32,"h":30}},{"filename":"offline-reward/gold","rotated":false,"trimmed":false,"sourceSize":{"w":33,"h":31},"spriteSourceSize":{"x":0,"y":0,"w":33,"h":31},"frame":{"x":693,"y":29,"w":33,"h":31}},{"filename":"buttons/close","rotated":false,"trimmed":false,"sourceSize":{"w":32,"h":32},"spriteSourceSize":{"x":0,"y":0,"w":32,"h":32},"frame":{"x":727,"y":29,"w":32,"h":32}},{"filename":"leaderboards/rank-silver","rotated":false,"trimmed":false,"sourceSize":{"w":33,"h":32},"spriteSourceSize":{"x":0,"y":0,"w":33,"h":32},"frame":{"x":760,"y":29,"w":33,"h":32}},{"filename":"offline-reward/close-btn","rotated":false,"trimmed":false,"sourceSize":{"w":32,"h":33},"spriteSourceSize":{"x":0,"y":0,"w":32,"h":33},"frame":{"x":794,"y":29,"w":32,"h":33}},{"filename":"leaderboards/rank-gold","rotated":false,"trimmed":false,"sourceSize":{"w":39,"h":35},"spriteSourceSize":{"x":0,"y":0,"w":39,"h":35},"frame":{"x":827,"y":29,"w":39,"h":35}},{"filename":"unit-unlock/bg","rotated":false,"trimmed":false,"sourceSize":{"w":204,"h":35},"spriteSourceSize":{"x":0,"y":0,"w":204,"h":35},"frame":{"x":0,"y":65,"w":204,"h":35}},{"filename":"leaderboards/rank-copper","rotated":false,"trimmed":false,"sourceSize":{"w":27,"h":36},"spriteSourceSize":{"x":0,"y":0,"w":27,"h":36},"frame":{"x":205,"y":65,"w":27,"h":36}},{"filename":"leaderboards/green-button","rotated":false,"trimmed":false,"sourceSize":{"w":81,"h":37},"spriteSourceSize":{"x":0,"y":0,"w":81,"h":37},"frame":{"x":233,"y":65,"w":81,"h":37}},{"filename":"challenge-screen/vs","rotated":false,"trimmed":false,"sourceSize":{"w":41,"h":38},"spriteSourceSize":{"x":0,"y":0,"w":41,"h":38},"frame":{"x":315,"y":65,"w":41,"h":38}},{"filename":"leaderboards/avatar","rotated":false,"trimmed":false,"sourceSize":{"w":34,"h":38},"spriteSourceSize":{"x":0,"y":0,"w":34,"h":38},"frame":{"x":357,"y":65,"w":34,"h":38}},{"filename":"offline-reward/golds","rotated":false,"trimmed":false,"sourceSize":{"w":55,"h":40},"spriteSourceSize":{"x":0,"y":0,"w":55,"h":40},"frame":{"x":392,"y":65,"w":55,"h":40}},{"filename":"result-screen/golds","rotated":false,"trimmed":false,"sourceSize":{"w":55,"h":40},"spriteSourceSize":{"x":0,"y":0,"w":55,"h":40},"frame":{"x":448,"y":65,"w":55,"h":40}},{"filename":"leaderboards/bg-light","rotated":false,"trimmed":false,"sourceSize":{"w":314,"h":41},"spriteSourceSize":{"x":0,"y":0,"w":314,"h":41},"frame":{"x":504,"y":65,"w":314,"h":41}},{"filename":"leaderboards/bg-lose","rotated":false,"trimmed":false,"sourceSize":{"w":314,"h":41},"spriteSourceSize":{"x":0,"y":0,"w":314,"h":41},"frame":{"x":0,"y":107,"w":314,"h":41}},{"filename":"leaderboards/bg-win","rotated":false,"trimmed":false,"sourceSize":{"w":314,"h":41},"spriteSourceSize":{"x":0,"y":0,"w":314,"h":41},"frame":{"x":315,"y":107,"w":314,"h":41}},{"filename":"unit-screen/ad-button","rotated":false,"trimmed":false,"sourceSize":{"w":145,"h":41},"spriteSourceSize":{"x":0,"y":0,"w":145,"h":41},"frame":{"x":630,"y":107,"w":145,"h":41}},{"filename":"leaderboards/bg-dark","rotated":false,"trimmed":false,"sourceSize":{"w":315,"h":42},"spriteSourceSize":{"x":0,"y":0,"w":315,"h":42},"frame":{"x":0,"y":149,"w":315,"h":42}},{"filename":"unit-screen/bar","rotated":false,"trimmed":false,"sourceSize":{"w":4,"h":42},"spriteSourceSize":{"x":0,"y":0,"w":4,"h":42},"frame":{"x":316,"y":149,"w":4,"h":42}},{"filename":"offline-reward/ribbon","rotated":false,"trimmed":false,"sourceSize":{"w":247,"h":44},"spriteSourceSize":{"x":0,"y":0,"w":247,"h":44},"frame":{"x":321,"y":149,"w":247,"h":44}},{"filename":"offline-reward/green-btn","rotated":false,"trimmed":false,"sourceSize":{"w":129,"h":46},"spriteSourceSize":{"x":0,"y":0,"w":129,"h":46},"frame":{"x":569,"y":149,"w":129,"h":46}},{"filename":"offline-reward/yellow-btn","rotated":false,"trimmed":false,"sourceSize":{"w":129,"h":46},"spriteSourceSize":{"x":0,"y":0,"w":129,"h":46},"frame":{"x":699,"y":149,"w":129,"h":46}},{"filename":"result-screen/green-button","rotated":false,"trimmed":false,"sourceSize":{"w":129,"h":46},"spriteSourceSize":{"x":0,"y":0,"w":129,"h":46},"frame":{"x":829,"y":149,"w":129,"h":46}},{"filename":"result-screen/yellow-button","rotated":false,"trimmed":false,"sourceSize":{"w":129,"h":46},"spriteSourceSize":{"x":0,"y":0,"w":129,"h":46},"frame":{"x":0,"y":196,"w":129,"h":46}},{"filename":"blank","rotated":false,"trimmed":false,"sourceSize":{"w":50,"h":50},"spriteSourceSize":{"x":0,"y":0,"w":50,"h":50},"frame":{"x":130,"y":196,"w":50,"h":50}},{"filename":"result-screen/ribbon-green","rotated":false,"trimmed":false,"sourceSize":{"w":280,"h":50},"spriteSourceSize":{"x":0,"y":0,"w":280,"h":50},"frame":{"x":181,"y":196,"w":280,"h":50}},{"filename":"result-screen/ribbon-red","rotated":false,"trimmed":false,"sourceSize":{"w":278,"h":50},"spriteSourceSize":{"x":0,"y":0,"w":278,"h":50},"frame":{"x":462,"y":196,"w":278,"h":50}},{"filename":"unit-reward/particle","rotated":false,"trimmed":false,"sourceSize":{"w":54,"h":54},"spriteSourceSize":{"x":0,"y":0,"w":54,"h":54},"frame":{"x":741,"y":196,"w":54,"h":54}},{"filename":"buttons/green","rotated":false,"trimmed":false,"sourceSize":{"w":144,"h":57},"spriteSourceSize":{"x":0,"y":0,"w":144,"h":57},"frame":{"x":796,"y":196,"w":144,"h":57}},{"filename":"buttons/red","rotated":false,"trimmed":false,"sourceSize":{"w":144,"h":57},"spriteSourceSize":{"x":0,"y":0,"w":144,"h":57},"frame":{"x":0,"y":254,"w":144,"h":57}},{"filename":"challenge-screen/fx","rotated":false,"trimmed":false,"sourceSize":{"w":372,"h":59},"spriteSourceSize":{"x":0,"y":0,"w":372,"h":59},"frame":{"x":145,"y":254,"w":372,"h":59}},{"filename":"buttons/green-long","rotated":false,"trimmed":false,"sourceSize":{"w":200,"h":64},"spriteSourceSize":{"x":0,"y":0,"w":200,"h":64},"frame":{"x":518,"y":254,"w":200,"h":64}},{"filename":"ribbon/green","rotated":false,"trimmed":false,"sourceSize":{"w":239,"h":65},"spriteSourceSize":{"x":0,"y":0,"w":239,"h":65},"frame":{"x":719,"y":254,"w":239,"h":65}},{"filename":"result-screen/green-button-result","rotated":false,"trimmed":false,"sourceSize":{"w":181,"h":71},"spriteSourceSize":{"x":0,"y":0,"w":181,"h":71},"frame":{"x":0,"y":320,"w":181,"h":71}},{"filename":"preloader/dual-ring","rotated":false,"trimmed":true,"sourceSize":{"w":100,"h":100},"spriteSourceSize":{"x":14,"y":14,"w":72,"h":72},"frame":{"x":182,"y":320,"w":72,"h":72}},{"filename":"challenge-screen/glow","rotated":false,"trimmed":true,"sourceSize":{"w":518,"h":89},"spriteSourceSize":{"x":58,"y":3,"w":402,"h":83},"frame":{"x":255,"y":320,"w":402,"h":83}},{"filename":"unit-reward/gift","rotated":false,"trimmed":true,"sourceSize":{"w":169,"h":168},"spriteSourceSize":{"x":37,"y":37,"w":95,"h":93},"frame":{"x":658,"y":320,"w":95,"h":93}},{"filename":"unit-reward/gift-ad","rotated":false,"trimmed":true,"sourceSize":{"w":169,"h":168},"spriteSourceSize":{"x":37,"y":37,"w":108,"h":102},"frame":{"x":754,"y":320,"w":108,"h":102}},{"filename":"icons/alert","rotated":false,"trimmed":false,"sourceSize":{"w":126,"h":106},"spriteSourceSize":{"x":0,"y":0,"w":126,"h":106},"frame":{"x":863,"y":320,"w":126,"h":106}},{"filename":"challenge-screen/icon-energy","rotated":false,"trimmed":false,"sourceSize":{"w":96,"h":107},"spriteSourceSize":{"x":0,"y":0,"w":96,"h":107},"frame":{"x":0,"y":427,"w":96,"h":107}},{"filename":"reward-wheel/lucky-spin","rotated":false,"trimmed":false,"sourceSize":{"w":179,"h":115},"spriteSourceSize":{"x":0,"y":0,"w":179,"h":115},"frame":{"x":97,"y":427,"w":179,"h":115}},{"filename":"challenge-screen/shape","rotated":false,"trimmed":false,"sourceSize":{"w":204,"h":124},"spriteSourceSize":{"x":0,"y":0,"w":204,"h":124},"frame":{"x":277,"y":427,"w":204,"h":124}},{"filename":"offline-reward/ticket","rotated":false,"trimmed":false,"sourceSize":{"w":156,"h":125},"spriteSourceSize":{"x":0,"y":0,"w":156,"h":125},"frame":{"x":482,"y":427,"w":156,"h":125}},{"filename":"unit-reward/gift-glow","rotated":false,"trimmed":true,"sourceSize":{"w":169,"h":168},"spriteSourceSize":{"x":9,"y":10,"w":150,"h":149},"frame":{"x":639,"y":427,"w":150,"h":149}},{"filename":"challenge-screen/grade-blue","rotated":false,"trimmed":false,"sourceSize":{"w":119,"h":154},"spriteSourceSize":{"x":0,"y":0,"w":119,"h":154},"frame":{"x":790,"y":427,"w":119,"h":154}},{"filename":"challenge-screen/grade-red","rotated":false,"trimmed":false,"sourceSize":{"w":119,"h":154},"spriteSourceSize":{"x":0,"y":0,"w":119,"h":154},"frame":{"x":0,"y":582,"w":119,"h":154}},{"filename":"icons/title","rotated":false,"trimmed":false,"sourceSize":{"w":228,"h":189},"spriteSourceSize":{"x":0,"y":0,"w":228,"h":189},"frame":{"x":120,"y":582,"w":228,"h":189}},{"filename":"unit-screen/frame-locked","rotated":false,"trimmed":false,"sourceSize":{"w":145,"h":203},"spriteSourceSize":{"x":0,"y":0,"w":145,"h":203},"frame":{"x":349,"y":582,"w":145,"h":203}},{"filename":"unit-screen/frame-1","rotated":false,"trimmed":false,"sourceSize":{"w":145,"h":205},"spriteSourceSize":{"x":0,"y":0,"w":145,"h":205},"frame":{"x":495,"y":582,"w":145,"h":205}},{"filename":"challenge-screen/back-effect","rotated":false,"trimmed":true,"sourceSize":{"w":230,"h":230},"spriteSourceSize":{"x":0,"y":2,"w":228,"h":225},"frame":{"x":641,"y":582,"w":228,"h":225}},{"filename":"unit-reward/fx","rotated":false,"trimmed":true,"sourceSize":{"w":375,"h":235},"spriteSourceSize":{"x":0,"y":2,"w":375,"h":232},"frame":{"x":0,"y":808,"w":375,"h":232}},{"filename":"result-screen/lose-fx","rotated":false,"trimmed":false,"sourceSize":{"w":264,"h":264},"spriteSourceSize":{"x":0,"y":0,"w":264,"h":264},"frame":{"x":376,"y":808,"w":264,"h":264}},{"filename":"result-screen/win-fx","rotated":false,"trimmed":false,"sourceSize":{"w":264,"h":264},"spriteSourceSize":{"x":0,"y":0,"w":264,"h":264},"frame":{"x":641,"y":808,"w":264,"h":264}},{"filename":"unit-screen/slidebar-bg","rotated":false,"trimmed":false,"sourceSize":{"w":7,"h":268},"spriteSourceSize":{"x":0,"y":0,"w":7,"h":268},"frame":{"x":906,"y":808,"w":7,"h":268}},{"filename":"unit-unlock/frame","rotated":false,"trimmed":false,"sourceSize":{"w":208,"h":292},"spriteSourceSize":{"x":0,"y":0,"w":208,"h":292},"frame":{"x":0,"y":1077,"w":208,"h":292}},{"filename":"unit-unlock/glow","rotated":false,"trimmed":true,"sourceSize":{"w":341,"h":350},"spriteSourceSize":{"x":0,"y":1,"w":341,"h":348},"frame":{"x":209,"y":1077,"w":341,"h":348}},{"filename":"unit-reward/glow","rotated":false,"trimmed":true,"sourceSize":{"w":373,"h":373},"spriteSourceSize":{"x":1,"y":1,"w":372,"h":371},"frame":{"x":551,"y":1077,"w":372,"h":371}}]}],"meta":{"app":"https://www.codeandweb.com/texturepacker","version":"3.0","smartupdate":"$TexturePacker:SmartUpdate:72b638005e7db369becee63a01dc2096:070efb550502418b7fa3e131728dbdac:ef2a834f632d410651d03a413e8496d1$"}}