{"textures":[{"image":"default-resources-0.png","format":"RGBA8888","size":{"w":1208,"h":1208},"scale":0.5,"frames":[{"filename":"bg/bg-middle-2","rotated":false,"trimmed":false,"sourceSize":{"w":450,"h":425},"spriteSourceSize":{"x":0,"y":0,"w":450,"h":425},"frame":{"x":2,"y":2,"w":450,"h":425}},{"filename":"bg/bg-middle","rotated":false,"trimmed":false,"sourceSize":{"w":360,"h":425},"spriteSourceSize":{"x":0,"y":0,"w":360,"h":425},"frame":{"x":2,"y":430,"w":360,"h":425}},{"filename":"ui-ngang/bg-middle","rotated":false,"trimmed":false,"sourceSize":{"w":360,"h":284},"spriteSourceSize":{"x":0,"y":0,"w":360,"h":284},"frame":{"x":455,"y":2,"w":360,"h":284}},{"filename":"footer","rotated":false,"trimmed":false,"sourceSize":{"w":375,"h":77},"spriteSourceSize":{"x":0,"y":0,"w":375,"h":77},"frame":{"x":818,"y":2,"w":375,"h":77}},{"filename":"ui-ngang/bg-top","rotated":false,"trimmed":false,"sourceSize":{"w":360,"h":89},"spriteSourceSize":{"x":0,"y":0,"w":360,"h":89},"frame":{"x":2,"y":858,"w":360,"h":89}},{"filename":"ui-ngang/bg-bottom","rotated":false,"trimmed":false,"sourceSize":{"w":360,"h":88},"spriteSourceSize":{"x":0,"y":0,"w":360,"h":88},"frame":{"x":455,"y":289,"w":360,"h":88}},{"filename":"leaderboards/bg-top","rotated":false,"trimmed":false,"sourceSize":{"w":475,"h":84},"spriteSourceSize":{"x":0,"y":0,"w":475,"h":84},"frame":{"x":2,"y":950,"w":475,"h":84}},{"filename":"leaderboards/bg-bottom","rotated":false,"trimmed":false,"sourceSize":{"w":475,"h":34},"spriteSourceSize":{"x":0,"y":0,"w":475,"h":34},"frame":{"x":2,"y":1037,"w":475,"h":34}},{"filename":"bg/bg-bottom-2","rotated":false,"trimmed":false,"sourceSize":{"w":450,"h":56},"spriteSourceSize":{"x":0,"y":0,"w":450,"h":56},"frame":{"x":2,"y":1074,"w":450,"h":56}},{"filename":"bg/bg-top-2","rotated":false,"trimmed":false,"sourceSize":{"w":450,"h":56},"spriteSourceSize":{"x":0,"y":0,"w":450,"h":56},"frame":{"x":2,"y":1133,"w":450,"h":56}},{"filename":"popup/bottom","rotated":false,"trimmed":false,"sourceSize":{"w":216,"h":14},"spriteSourceSize":{"x":0,"y":0,"w":216,"h":14},"frame":{"x":2,"y":1192,"w":216,"h":14}},{"filename":"bg/bg-bottom","rotated":false,"trimmed":false,"sourceSize":{"w":360,"h":56},"spriteSourceSize":{"x":0,"y":0,"w":360,"h":56},"frame":{"x":818,"y":82,"w":360,"h":56}},{"filename":"bg/bg-top","rotated":false,"trimmed":false,"sourceSize":{"w":360,"h":56},"spriteSourceSize":{"x":0,"y":0,"w":360,"h":56},"frame":{"x":818,"y":141,"w":360,"h":56}},{"filename":"daily-challenge/bg","rotated":false,"trimmed":false,"sourceSize":{"w":260,"h":143},"spriteSourceSize":{"x":0,"y":0,"w":260,"h":143},"frame":{"x":818,"y":200,"w":260,"h":143}},{"filename":"ui-ngang/khung-next-block","rotated":false,"trimmed":false,"sourceSize":{"w":100,"h":300},"spriteSourceSize":{"x":0,"y":0,"w":100,"h":300},"frame":{"x":365,"y":430,"w":100,"h":300}},{"filename":"leaderboards/bg-middle","rotated":false,"trimmed":false,"sourceSize":{"w":475,"h":24},"spriteSourceSize":{"x":0,"y":0,"w":475,"h":24},"frame":{"x":455,"y":380,"w":475,"h":24}},{"filename":"border-bottom-panel","rotated":false,"trimmed":false,"sourceSize":{"w":375,"h":18},"spriteSourceSize":{"x":0,"y":0,"w":375,"h":18},"frame":{"x":455,"y":407,"w":375,"h":18}},{"filename":"leaf","rotated":false,"trimmed":false,"sourceSize":{"w":282,"h":66},"spriteSourceSize":{"x":0,"y":0,"w":282,"h":66},"frame":{"x":468,"y":428,"w":282,"h":66}},{"filename":"score-panel","rotated":false,"trimmed":false,"sourceSize":{"w":263,"h":76},"spriteSourceSize":{"x":0,"y":0,"w":263,"h":76},"frame":{"x":468,"y":497,"w":263,"h":76}},{"filename":"popup/middle","rotated":false,"trimmed":false,"sourceSize":{"w":216,"h":114},"spriteSourceSize":{"x":0,"y":0,"w":216,"h":114},"frame":{"x":468,"y":576,"w":216,"h":114}},{"filename":"leaderboards/bg-item","rotated":false,"trimmed":false,"sourceSize":{"w":159,"h":31},"spriteSourceSize":{"x":0,"y":0,"w":159,"h":31},"frame":{"x":818,"y":346,"w":159,"h":31}},{"filename":"buttons/green-large","rotated":false,"trimmed":false,"sourceSize":{"w":242,"h":71},"spriteSourceSize":{"x":0,"y":0,"w":242,"h":71},"frame":{"x":468,"y":693,"w":242,"h":71}},{"filename":"texts/collect","rotated":false,"trimmed":false,"sourceSize":{"w":115,"h":14},"spriteSourceSize":{"x":0,"y":0,"w":115,"h":14},"frame":{"x":221,"y":1192,"w":115,"h":14}},{"filename":"bg/bg-dark","rotated":false,"trimmed":false,"sourceSize":{"w":122,"h":152},"spriteSourceSize":{"x":0,"y":0,"w":122,"h":152},"frame":{"x":1081,"y":200,"w":122,"h":152}},{"filename":"buttons/brown","rotated":false,"trimmed":false,"sourceSize":{"w":242,"h":54},"spriteSourceSize":{"x":0,"y":0,"w":242,"h":54},"frame":{"x":480,"y":767,"w":242,"h":54}},{"filename":"daily-challenge/bg-item-dark","rotated":false,"trimmed":false,"sourceSize":{"w":254,"h":41},"spriteSourceSize":{"x":0,"y":0,"w":254,"h":41},"frame":{"x":480,"y":824,"w":254,"h":41}},{"filename":"daily-challenge/bg-item-light","rotated":false,"trimmed":false,"sourceSize":{"w":254,"h":41},"spriteSourceSize":{"x":0,"y":0,"w":254,"h":41},"frame":{"x":480,"y":868,"w":254,"h":41}},{"filename":"lives/heart","rotated":false,"trimmed":false,"sourceSize":{"w":170,"h":140},"spriteSourceSize":{"x":0,"y":0,"w":170,"h":140},"frame":{"x":480,"y":912,"w":170,"h":140}},{"filename":"bg-progress-circle","rotated":false,"trimmed":false,"sourceSize":{"w":116,"h":116},"spriteSourceSize":{"x":0,"y":0,"w":116,"h":116},"frame":{"x":653,"y":912,"w":116,"h":116}},{"filename":"popup/background","rotated":false,"trimmed":false,"sourceSize":{"w":198,"h":111},"spriteSourceSize":{"x":0,"y":0,"w":198,"h":111},"frame":{"x":480,"y":1055,"w":198,"h":111}},{"filename":"texts/next-milestone","rotated":false,"trimmed":false,"sourceSize":{"w":252,"h":22},"spriteSourceSize":{"x":0,"y":0,"w":252,"h":22},"frame":{"x":455,"y":1169,"w":252,"h":22}},{"filename":"avatar/border-big","rotated":false,"trimmed":false,"sourceSize":{"w":88,"h":88},"spriteSourceSize":{"x":0,"y":0,"w":88,"h":88},"frame":{"x":365,"y":733,"w":88,"h":88}},{"filename":"texts/friends-disable","rotated":false,"trimmed":false,"sourceSize":{"w":76,"h":14},"spriteSourceSize":{"x":0,"y":0,"w":76,"h":14},"frame":{"x":339,"y":1192,"w":76,"h":14}},{"filename":"bottom-panel","rotated":false,"trimmed":false,"sourceSize":{"w":141,"h":86},"spriteSourceSize":{"x":0,"y":0,"w":141,"h":86},"frame":{"x":681,"y":1031,"w":141,"h":86}},{"filename":"popup/score-panel","rotated":false,"trimmed":false,"sourceSize":{"w":150,"h":46},"spriteSourceSize":{"x":0,"y":0,"w":150,"h":46},"frame":{"x":681,"y":1120,"w":150,"h":46}},{"filename":"preloader/dual-ring","rotated":false,"trimmed":true,"sourceSize":{"w":100,"h":100},"spriteSourceSize":{"x":13,"y":13,"w":74,"h":74},"frame":{"x":365,"y":824,"w":74,"h":74}},{"filename":"best-score-frame-long","rotated":false,"trimmed":false,"sourceSize":{"w":193,"h":77},"spriteSourceSize":{"x":0,"y":0,"w":193,"h":77},"frame":{"x":753,"y":428,"w":193,"h":77}},{"filename":"popup/top-dark","rotated":false,"trimmed":false,"sourceSize":{"w":216,"h":45},"spriteSourceSize":{"x":0,"y":0,"w":216,"h":45},"frame":{"x":734,"y":508,"w":216,"h":45}},{"filename":"popup/top","rotated":false,"trimmed":false,"sourceSize":{"w":216,"h":45},"spriteSourceSize":{"x":0,"y":0,"w":216,"h":45},"frame":{"x":734,"y":556,"w":216,"h":45}},{"filename":"border-daily","rotated":false,"trimmed":false,"sourceSize":{"w":259,"h":26},"spriteSourceSize":{"x":0,"y":0,"w":259,"h":26},"frame":{"x":687,"y":604,"w":259,"h":26}},{"filename":"daily-challenge/bottom-panel","rotated":false,"trimmed":false,"sourceSize":{"w":261,"h":15},"spriteSourceSize":{"x":0,"y":0,"w":261,"h":15},"frame":{"x":687,"y":633,"w":261,"h":15}},{"filename":"daily-challenge/top-panel","rotated":false,"trimmed":false,"sourceSize":{"w":261,"h":15},"spriteSourceSize":{"x":0,"y":0,"w":261,"h":15},"frame":{"x":687,"y":651,"w":261,"h":15}},{"filename":"daily-challenge/middle-panel","rotated":false,"trimmed":false,"sourceSize":{"w":261,"h":13},"spriteSourceSize":{"x":0,"y":0,"w":261,"h":13},"frame":{"x":687,"y":669,"w":261,"h":13}},{"filename":"texts/waiting-for-opponent","rotated":false,"trimmed":false,"sourceSize":{"w":239,"h":19},"spriteSourceSize":{"x":0,"y":0,"w":239,"h":19},"frame":{"x":713,"y":685,"w":239,"h":19}},{"filename":"texts/first-milestone","rotated":false,"trimmed":false,"sourceSize":{"w":237,"h":19},"spriteSourceSize":{"x":0,"y":0,"w":237,"h":19},"frame":{"x":713,"y":707,"w":237,"h":19}},{"filename":"texts/text-journey","rotated":false,"trimmed":false,"sourceSize":{"w":157,"h":18},"spriteSourceSize":{"x":0,"y":0,"w":157,"h":18},"frame":{"x":833,"y":407,"w":157,"h":18}},{"filename":"texts/your-score","rotated":false,"trimmed":false,"sourceSize":{"w":205,"h":19},"spriteSourceSize":{"x":0,"y":0,"w":205,"h":19},"frame":{"x":713,"y":729,"w":205,"h":19}},{"filename":"texts/daily-challenge","rotated":false,"trimmed":false,"sourceSize":{"w":201,"h":45},"spriteSourceSize":{"x":0,"y":0,"w":201,"h":45},"frame":{"x":725,"y":751,"w":201,"h":45}},{"filename":"texts/out-of-live","rotated":false,"trimmed":false,"sourceSize":{"w":198,"h":18},"spriteSourceSize":{"x":0,"y":0,"w":198,"h":18},"frame":{"x":725,"y":799,"w":198,"h":18}},{"filename":"buttons/dark-blue","rotated":false,"trimmed":false,"sourceSize":{"w":183,"h":54},"spriteSourceSize":{"x":0,"y":0,"w":183,"h":54},"frame":{"x":737,"y":820,"w":183,"h":54}},{"filename":"texts/congratulations","rotated":false,"trimmed":false,"sourceSize":{"w":178,"h":24},"spriteSourceSize":{"x":0,"y":0,"w":178,"h":24},"frame":{"x":737,"y":877,"w":178,"h":24}},{"filename":"lives/time-block-2","rotated":false,"trimmed":false,"sourceSize":{"w":182,"h":54},"spriteSourceSize":{"x":0,"y":0,"w":182,"h":54},"frame":{"x":772,"y":904,"w":182,"h":54}},{"filename":"buttons/green","rotated":false,"trimmed":false,"sourceSize":{"w":172,"h":51},"spriteSourceSize":{"x":0,"y":0,"w":172,"h":51},"frame":{"x":772,"y":961,"w":172,"h":51}},{"filename":"buttons/dark-blue-big","rotated":false,"trimmed":false,"sourceSize":{"w":120,"h":55},"spriteSourceSize":{"x":0,"y":0,"w":120,"h":55},"frame":{"x":825,"y":1015,"w":120,"h":55}},{"filename":"lives/time-block","rotated":false,"trimmed":false,"sourceSize":{"w":173,"h":44},"spriteSourceSize":{"x":0,"y":0,"w":173,"h":44},"frame":{"x":825,"y":1073,"w":173,"h":44}},{"filename":"texts/win","rotated":false,"trimmed":false,"sourceSize":{"w":163,"h":23},"spriteSourceSize":{"x":0,"y":0,"w":163,"h":23},"frame":{"x":834,"y":1120,"w":163,"h":23}},{"filename":"texts/keep-playing","rotated":false,"trimmed":false,"sourceSize":{"w":176,"h":19},"spriteSourceSize":{"x":0,"y":0,"w":176,"h":19},"frame":{"x":834,"y":1146,"w":176,"h":19}},{"filename":"texts/second-chance","rotated":false,"trimmed":false,"sourceSize":{"w":180,"h":18},"spriteSourceSize":{"x":0,"y":0,"w":180,"h":18},"frame":{"x":834,"y":1168,"w":180,"h":18}},{"filename":"texts/play-single","rotated":false,"trimmed":false,"sourceSize":{"w":170,"h":17},"spriteSourceSize":{"x":0,"y":0,"w":170,"h":17},"frame":{"x":710,"y":1189,"w":170,"h":17}},{"filename":"texts/level-failed","rotated":false,"trimmed":false,"sourceSize":{"w":153,"h":17},"spriteSourceSize":{"x":0,"y":0,"w":153,"h":17},"frame":{"x":883,"y":1189,"w":153,"h":17}},{"filename":"texts/target-score","rotated":false,"trimmed":false,"sourceSize":{"w":115,"h":17},"spriteSourceSize":{"x":0,"y":0,"w":115,"h":17},"frame":{"x":710,"y":1169,"w":115,"h":17}},{"filename":"ui-ngang/khung-mission","rotated":false,"trimmed":false,"sourceSize":{"w":48,"h":232},"spriteSourceSize":{"x":0,"y":0,"w":48,"h":232},"frame":{"x":953,"y":428,"w":48,"h":232}},{"filename":"daily-challenge/time-panel","rotated":false,"trimmed":false,"sourceSize":{"w":85,"h":24},"spriteSourceSize":{"x":0,"y":0,"w":85,"h":24},"frame":{"x":933,"y":380,"w":85,"h":24}},{"filename":"buttons/toggle-off","rotated":false,"trimmed":false,"sourceSize":{"w":89,"h":31},"spriteSourceSize":{"x":0,"y":0,"w":89,"h":31},"frame":{"x":980,"y":346,"w":89,"h":31}},{"filename":"texts/play-with","rotated":false,"trimmed":false,"sourceSize":{"w":132,"h":17},"spriteSourceSize":{"x":0,"y":0,"w":132,"h":17},"frame":{"x":1072,"y":355,"w":132,"h":17}},{"filename":"texts/text-next-level","rotated":false,"trimmed":false,"sourceSize":{"w":132,"h":17},"spriteSourceSize":{"x":0,"y":0,"w":132,"h":17},"frame":{"x":1072,"y":375,"w":132,"h":17}},{"filename":"texts/invite-friends","rotated":false,"trimmed":false,"sourceSize":{"w":179,"h":15},"spriteSourceSize":{"x":0,"y":0,"w":179,"h":15},"frame":{"x":1021,"y":395,"w":179,"h":15}},{"filename":"texts/text-tutorial","rotated":false,"trimmed":false,"sourceSize":{"w":176,"h":18},"spriteSourceSize":{"x":0,"y":0,"w":176,"h":18},"frame":{"x":1017,"y":413,"w":176,"h":18}},{"filename":"texts/setting","rotated":false,"trimmed":false,"sourceSize":{"w":169,"h":18},"spriteSourceSize":{"x":0,"y":0,"w":169,"h":18},"frame":{"x":1004,"y":434,"w":169,"h":18}},{"filename":"texts/replay","rotated":false,"trimmed":false,"sourceSize":{"w":165,"h":16},"spriteSourceSize":{"x":0,"y":0,"w":165,"h":16},"frame":{"x":1004,"y":455,"w":165,"h":16}},{"filename":"wood-panel","rotated":false,"trimmed":false,"sourceSize":{"w":151,"h":28},"spriteSourceSize":{"x":0,"y":0,"w":151,"h":28},"frame":{"x":1004,"y":474,"w":151,"h":28}},{"filename":"daily-challenge/title-panel","rotated":false,"trimmed":false,"sourceSize":{"w":141,"h":35},"spriteSourceSize":{"x":0,"y":0,"w":141,"h":35},"frame":{"x":1004,"y":505,"w":141,"h":35}},{"filename":"buttons/dark-blue-small","rotated":false,"trimmed":false,"sourceSize":{"w":119,"h":54},"spriteSourceSize":{"x":0,"y":0,"w":119,"h":54},"frame":{"x":1004,"y":543,"w":119,"h":54}},{"filename":"buttons/green-big","rotated":false,"trimmed":false,"sourceSize":{"w":118,"h":54},"spriteSourceSize":{"x":0,"y":0,"w":118,"h":54},"frame":{"x":1004,"y":600,"w":118,"h":54}},{"filename":"texts/leader-board","rotated":false,"trimmed":false,"sourceSize":{"w":145,"h":19},"spriteSourceSize":{"x":0,"y":0,"w":145,"h":19},"frame":{"x":1004,"y":657,"w":145,"h":19}},{"filename":"texts/lose","rotated":false,"trimmed":false,"sourceSize":{"w":152,"h":23},"spriteSourceSize":{"x":0,"y":0,"w":152,"h":23},"frame":{"x":1001,"y":679,"w":152,"h":23}},{"filename":"texts/refill-lives","rotated":false,"trimmed":false,"sourceSize":{"w":155,"h":18},"spriteSourceSize":{"x":0,"y":0,"w":155,"h":18},"frame":{"x":1001,"y":705,"w":155,"h":18}},{"filename":"bg-combo","rotated":false,"trimmed":true,"sourceSize":{"w":106,"h":44},"spriteSourceSize":{"x":0,"y":4,"w":106,"h":40},"frame":{"x":365,"y":901,"w":106,"h":40}},{"filename":"leaderboards/bg-item-0","rotated":false,"trimmed":false,"sourceSize":{"w":116,"h":23},"spriteSourceSize":{"x":0,"y":0,"w":116,"h":23},"frame":{"x":1001,"y":726,"w":116,"h":23}},{"filename":"leaderboards/bg-item-1","rotated":false,"trimmed":false,"sourceSize":{"w":116,"h":23},"spriteSourceSize":{"x":0,"y":0,"w":116,"h":23},"frame":{"x":1001,"y":752,"w":116,"h":23}},{"filename":"avatar/border","rotated":false,"trimmed":true,"sourceSize":{"w":69,"h":72},"spriteSourceSize":{"x":0,"y":1,"w":69,"h":71},"frame":{"x":929,"y":729,"w":69,"h":71}},{"filename":"bg-streak","rotated":false,"trimmed":true,"sourceSize":{"w":106,"h":44},"spriteSourceSize":{"x":0,"y":4,"w":106,"h":40},"frame":{"x":1001,"y":778,"w":106,"h":40}},{"filename":"texts/text-ranking","rotated":false,"trimmed":false,"sourceSize":{"w":66,"h":12},"spriteSourceSize":{"x":0,"y":0,"w":66,"h":12},"frame":{"x":418,"y":1194,"w":66,"h":12}},{"filename":"texts/text-retry","rotated":false,"trimmed":false,"sourceSize":{"w":107,"h":10},"spriteSourceSize":{"x":0,"y":0,"w":107,"h":10},"frame":{"x":487,"y":1194,"w":107,"h":10}},{"filename":"ui-ngang/text-next-block","rotated":false,"trimmed":false,"sourceSize":{"w":109,"h":18},"spriteSourceSize":{"x":0,"y":0,"w":109,"h":18},"frame":{"x":1001,"y":821,"w":109,"h":18}},{"filename":"texts/start-over","rotated":false,"trimmed":false,"sourceSize":{"w":107,"h":15},"spriteSourceSize":{"x":0,"y":0,"w":107,"h":15},"frame":{"x":1001,"y":842,"w":107,"h":15}},{"filename":"texts/result","rotated":false,"trimmed":false,"sourceSize":{"w":102,"h":18},"spriteSourceSize":{"x":0,"y":0,"w":102,"h":18},"frame":{"x":1001,"y":860,"w":102,"h":18}},{"filename":"icon-journey","rotated":false,"trimmed":false,"sourceSize":{"w":75,"h":61},"spriteSourceSize":{"x":0,"y":0,"w":75,"h":61},"frame":{"x":923,"y":820,"w":75,"h":61}},{"filename":"texts/text-share","rotated":false,"trimmed":false,"sourceSize":{"w":58,"h":14},"spriteSourceSize":{"x":0,"y":0,"w":58,"h":14},"frame":{"x":926,"y":803,"w":58,"h":14}},{"filename":"texts/draw","rotated":false,"trimmed":false,"sourceSize":{"w":100,"h":22},"spriteSourceSize":{"x":0,"y":0,"w":100,"h":22},"frame":{"x":1001,"y":881,"w":100,"h":22}},{"filename":"ui-ngang/khung-score","rotated":false,"trimmed":false,"sourceSize":{"w":87,"h":50},"spriteSourceSize":{"x":0,"y":0,"w":87,"h":50},"frame":{"x":957,"y":906,"w":87,"h":50}},{"filename":"ui-ngang/khung-best-score","rotated":false,"trimmed":false,"sourceSize":{"w":56,"h":85},"spriteSourceSize":{"x":0,"y":0,"w":56,"h":85},"frame":{"x":1047,"y":906,"w":56,"h":85}},{"filename":"best-score-frame","rotated":false,"trimmed":false,"sourceSize":{"w":56,"h":76},"spriteSourceSize":{"x":0,"y":0,"w":56,"h":76},"frame":{"x":948,"y":994,"w":56,"h":76}},{"filename":"texts/full","rotated":false,"trimmed":false,"sourceSize":{"w":37,"h":12},"spriteSourceSize":{"x":0,"y":0,"w":37,"h":12},"frame":{"x":1021,"y":380,"w":37,"h":12}},{"filename":"avatar/background","rotated":false,"trimmed":false,"sourceSize":{"w":53,"h":54},"spriteSourceSize":{"x":0,"y":0,"w":53,"h":54},"frame":{"x":1120,"y":726,"w":53,"h":54}},{"filename":"texts/mission","rotated":false,"trimmed":false,"sourceSize":{"w":96,"h":19},"spriteSourceSize":{"x":0,"y":0,"w":96,"h":19},"frame":{"x":1110,"y":783,"w":96,"h":19}},{"filename":"buttons/toggle-on","rotated":false,"trimmed":false,"sourceSize":{"w":89,"h":31},"spriteSourceSize":{"x":0,"y":0,"w":89,"h":31},"frame":{"x":1113,"y":805,"w":89,"h":31}},{"filename":"texts/start","rotated":false,"trimmed":false,"sourceSize":{"w":75,"h":15},"spriteSourceSize":{"x":0,"y":0,"w":75,"h":15},"frame":{"x":918,"y":884,"w":75,"h":15}},{"filename":"texts/no-thank","rotated":false,"trimmed":false,"sourceSize":{"w":84,"h":13},"spriteSourceSize":{"x":0,"y":0,"w":84,"h":13},"frame":{"x":1113,"y":839,"w":84,"h":13}},{"filename":"score-panel-dark","rotated":false,"trimmed":false,"sourceSize":{"w":94,"h":26},"spriteSourceSize":{"x":0,"y":0,"w":94,"h":26},"frame":{"x":1111,"y":855,"w":94,"h":26}},{"filename":"avatar/border-challenge","rotated":false,"trimmed":false,"sourceSize":{"w":60,"h":59},"spriteSourceSize":{"x":0,"y":0,"w":60,"h":59},"frame":{"x":1106,"y":884,"w":60,"h":59}},{"filename":"icons/crown-big","rotated":false,"trimmed":false,"sourceSize":{"w":37,"h":35},"spriteSourceSize":{"x":0,"y":0,"w":37,"h":35},"frame":{"x":1169,"y":884,"w":37,"h":35}},{"filename":"buttons/minor","rotated":false,"trimmed":false,"sourceSize":{"w":62,"h":53},"spriteSourceSize":{"x":0,"y":0,"w":62,"h":53},"frame":{"x":1106,"y":946,"w":62,"h":53}},{"filename":"icons/rank","rotated":false,"trimmed":false,"sourceSize":{"w":26,"h":25},"spriteSourceSize":{"x":0,"y":0,"w":26,"h":25},"frame":{"x":687,"y":576,"w":26,"h":25}},{"filename":"ui-ngang/text-score","rotated":false,"trimmed":false,"sourceSize":{"w":78,"h":18},"spriteSourceSize":{"x":0,"y":0,"w":78,"h":18},"frame":{"x":957,"y":959,"w":78,"h":18}},{"filename":"icons/flat-ad","rotated":false,"trimmed":false,"sourceSize":{"w":24,"h":21},"spriteSourceSize":{"x":0,"y":0,"w":24,"h":21},"frame":{"x":653,"y":1031,"w":24,"h":21}},{"filename":"blank","rotated":false,"trimmed":false,"sourceSize":{"w":50,"h":50},"spriteSourceSize":{"x":0,"y":0,"w":50,"h":50},"frame":{"x":1126,"y":543,"w":50,"h":50}},{"filename":"icons/dot","rotated":false,"trimmed":false,"sourceSize":{"w":34,"h":35},"spriteSourceSize":{"x":0,"y":0,"w":34,"h":35},"frame":{"x":1148,"y":505,"w":34,"h":35}},{"filename":"icons/retry","rotated":false,"trimmed":false,"sourceSize":{"w":25,"h":27},"spriteSourceSize":{"x":0,"y":0,"w":25,"h":27},"frame":{"x":1181,"y":82,"w":25,"h":27}},{"filename":"icons/battle","rotated":false,"trimmed":false,"sourceSize":{"w":22,"h":21},"spriteSourceSize":{"x":0,"y":0,"w":22,"h":21},"frame":{"x":455,"y":1074,"w":22,"h":21}},{"filename":"texts/play-with-blue","rotated":false,"trimmed":false,"sourceSize":{"w":58,"h":9},"spriteSourceSize":{"x":0,"y":0,"w":58,"h":9},"frame":{"x":597,"y":1194,"w":58,"h":9}},{"filename":"buttons/circle-button","rotated":false,"trimmed":false,"sourceSize":{"w":28,"h":28},"spriteSourceSize":{"x":0,"y":0,"w":28,"h":28},"frame":{"x":1158,"y":474,"w":28,"h":28}},{"filename":"icons/back","rotated":false,"trimmed":false,"sourceSize":{"w":25,"h":19},"spriteSourceSize":{"x":0,"y":0,"w":25,"h":19},"frame":{"x":1181,"y":112,"w":25,"h":19}},{"filename":"bg/level-playing","rotated":false,"trimmed":false,"sourceSize":{"w":57,"h":47},"spriteSourceSize":{"x":0,"y":0,"w":57,"h":47},"frame":{"x":1007,"y":994,"w":57,"h":47}},{"filename":"buttons/skip","rotated":false,"trimmed":false,"sourceSize":{"w":60,"h":36},"spriteSourceSize":{"x":0,"y":0,"w":60,"h":36},"frame":{"x":1007,"y":1044,"w":60,"h":36}},{"filename":"buttons/play","rotated":false,"trimmed":false,"sourceSize":{"w":56,"h":43},"spriteSourceSize":{"x":0,"y":0,"w":56,"h":43},"frame":{"x":1001,"y":1083,"w":56,"h":43}},{"filename":"texts/friends","rotated":false,"trimmed":false,"sourceSize":{"w":76,"h":14},"spriteSourceSize":{"x":0,"y":0,"w":76,"h":14},"frame":{"x":1000,"y":1129,"w":76,"h":14}},{"filename":"buttons/challenge_light","rotated":false,"trimmed":false,"sourceSize":{"w":54,"h":40},"spriteSourceSize":{"x":0,"y":0,"w":54,"h":40},"frame":{"x":1017,"y":1146,"w":54,"h":40}},{"filename":"buttons/close","rotated":false,"trimmed":false,"sourceSize":{"w":36,"h":36},"spriteSourceSize":{"x":0,"y":0,"w":36,"h":36},"frame":{"x":1067,"y":994,"w":36,"h":36}},{"filename":"buttons/random","rotated":false,"trimmed":false,"sourceSize":{"w":56,"h":43},"spriteSourceSize":{"x":0,"y":0,"w":56,"h":43},"frame":{"x":1106,"y":1002,"w":56,"h":43}},{"filename":"buttons/share","rotated":false,"trimmed":false,"sourceSize":{"w":54,"h":40},"spriteSourceSize":{"x":0,"y":0,"w":54,"h":40},"frame":{"x":1152,"y":596,"w":54,"h":40}},{"filename":"bg/level-played","rotated":false,"trimmed":false,"sourceSize":{"w":50,"h":41},"spriteSourceSize":{"x":0,"y":0,"w":50,"h":41},"frame":{"x":1156,"y":639,"w":50,"h":41}},{"filename":"texts/no","rotated":false,"trimmed":false,"sourceSize":{"w":49,"h":18},"spriteSourceSize":{"x":0,"y":0,"w":49,"h":18},"frame":{"x":1156,"y":683,"w":49,"h":18}},{"filename":"texts/off","rotated":false,"trimmed":false,"sourceSize":{"w":25,"h":12},"spriteSourceSize":{"x":0,"y":0,"w":25,"h":12},"frame":{"x":658,"y":1194,"w":25,"h":12}},{"filename":"icons/check","rotated":false,"trimmed":false,"sourceSize":{"w":22,"h":18},"spriteSourceSize":{"x":0,"y":0,"w":22,"h":18},"frame":{"x":455,"y":1098,"w":22,"h":18}},{"filename":"icons/cup-bronze","rotated":false,"trimmed":false,"sourceSize":{"w":22,"h":18},"spriteSourceSize":{"x":0,"y":0,"w":22,"h":18},"frame":{"x":455,"y":1119,"w":22,"h":18}},{"filename":"icons/cup-gold","rotated":false,"trimmed":false,"sourceSize":{"w":22,"h":18},"spriteSourceSize":{"x":0,"y":0,"w":22,"h":18},"frame":{"x":455,"y":1140,"w":22,"h":18}},{"filename":"texts/world-disable","rotated":false,"trimmed":false,"sourceSize":{"w":45,"h":14},"spriteSourceSize":{"x":0,"y":0,"w":45,"h":14},"frame":{"x":1159,"y":704,"w":45,"h":14}},{"filename":"icons/vibrate","rotated":false,"trimmed":false,"sourceSize":{"w":31,"h":37},"spriteSourceSize":{"x":0,"y":0,"w":31,"h":37},"frame":{"x":1070,"y":1033,"w":31,"h":37}},{"filename":"ui-ngang/text-mission","rotated":false,"trimmed":false,"sourceSize":{"w":58,"h":18},"spriteSourceSize":{"x":0,"y":0,"w":58,"h":18},"frame":{"x":1104,"y":1048,"w":58,"h":18}},{"filename":"texts/continue","rotated":false,"trimmed":false,"sourceSize":{"w":63,"h":15},"spriteSourceSize":{"x":0,"y":0,"w":63,"h":15},"frame":{"x":1104,"y":1069,"w":63,"h":15}},{"filename":"texts/world","rotated":false,"trimmed":false,"sourceSize":{"w":45,"h":14},"spriteSourceSize":{"x":0,"y":0,"w":45,"h":14},"frame":{"x":951,"y":663,"w":45,"h":14}},{"filename":"texts/vs","rotated":false,"trimmed":false,"sourceSize":{"w":43,"h":10},"spriteSourceSize":{"x":0,"y":0,"w":43,"h":10},"frame":{"x":955,"y":680,"w":43,"h":10}},{"filename":"icons/plus","rotated":false,"trimmed":false,"sourceSize":{"w":21,"h":22},"spriteSourceSize":{"x":0,"y":0,"w":21,"h":22},"frame":{"x":456,"y":767,"w":21,"h":22}},{"filename":"icons/setting","rotated":false,"trimmed":false,"sourceSize":{"w":21,"h":21},"spriteSourceSize":{"x":0,"y":0,"w":21,"h":21},"frame":{"x":456,"y":792,"w":21,"h":21}},{"filename":"texts/on","rotated":false,"trimmed":false,"sourceSize":{"w":20,"h":12},"spriteSourceSize":{"x":0,"y":0,"w":20,"h":12},"frame":{"x":686,"y":1194,"w":20,"h":12}},{"filename":"icons/music","rotated":false,"trimmed":false,"sourceSize":{"w":28,"h":31},"spriteSourceSize":{"x":0,"y":0,"w":28,"h":31},"frame":{"x":1176,"y":721,"w":28,"h":31}},{"filename":"icons/sound","rotated":false,"trimmed":false,"sourceSize":{"w":31,"h":27},"spriteSourceSize":{"x":0,"y":0,"w":31,"h":27},"frame":{"x":1070,"y":1073,"w":31,"h":27}},{"filename":"texts/play","rotated":false,"trimmed":false,"sourceSize":{"w":68,"h":15},"spriteSourceSize":{"x":0,"y":0,"w":68,"h":15},"frame":{"x":1104,"y":1087,"w":68,"h":15}},{"filename":"icons/white-journey","rotated":false,"trimmed":false,"sourceSize":{"w":21,"h":20},"spriteSourceSize":{"x":0,"y":0,"w":21,"h":20},"frame":{"x":456,"y":816,"w":21,"h":20}},{"filename":"icons/icon-daily","rotated":false,"trimmed":false,"sourceSize":{"w":34,"h":34},"spriteSourceSize":{"x":0,"y":0,"w":34,"h":34},"frame":{"x":442,"y":839,"w":34,"h":34}},{"filename":"icons/home","rotated":false,"trimmed":false,"sourceSize":{"w":24,"h":22},"spriteSourceSize":{"x":0,"y":0,"w":24,"h":22},"frame":{"x":442,"y":876,"w":24,"h":22}},{"filename":"icons/play-green","rotated":false,"trimmed":false,"sourceSize":{"w":24,"h":24},"spriteSourceSize":{"x":0,"y":0,"w":24,"h":24},"frame":{"x":1125,"y":600,"w":24,"h":24}},{"filename":"icons/play","rotated":false,"trimmed":false,"sourceSize":{"w":24,"h":24},"spriteSourceSize":{"x":0,"y":0,"w":24,"h":24},"frame":{"x":1125,"y":627,"w":24,"h":24}},{"filename":"icons/icon-journey","rotated":false,"trimmed":false,"sourceSize":{"w":37,"h":31},"spriteSourceSize":{"x":0,"y":0,"w":37,"h":31},"frame":{"x":955,"y":693,"w":37,"h":31}},{"filename":"icons/clock","rotated":false,"trimmed":false,"sourceSize":{"w":17,"h":18},"spriteSourceSize":{"x":0,"y":0,"w":17,"h":18},"frame":{"x":993,"y":407,"w":17,"h":18}},{"filename":"icons/brown-journey","rotated":false,"trimmed":false,"sourceSize":{"w":23,"h":21},"spriteSourceSize":{"x":0,"y":0,"w":23,"h":21},"frame":{"x":1169,"y":922,"w":23,"h":21}},{"filename":"buttons/dot-blue","rotated":false,"trimmed":false,"sourceSize":{"w":28,"h":27},"spriteSourceSize":{"x":0,"y":0,"w":28,"h":27},"frame":{"x":1171,"y":946,"w":28,"h":27}},{"filename":"buttons/dot-green","rotated":false,"trimmed":false,"sourceSize":{"w":28,"h":27},"spriteSourceSize":{"x":0,"y":0,"w":28,"h":27},"frame":{"x":1171,"y":976,"w":28,"h":27}},{"filename":"texts/yes","rotated":false,"trimmed":false,"sourceSize":{"w":27,"h":18},"spriteSourceSize":{"x":0,"y":0,"w":27,"h":18},"frame":{"x":1176,"y":755,"w":27,"h":18}},{"filename":"icons/replay","rotated":false,"trimmed":false,"sourceSize":{"w":20,"h":24},"spriteSourceSize":{"x":0,"y":0,"w":20,"h":24},"frame":{"x":1181,"y":134,"w":20,"h":24}},{"filename":"icons/share","rotated":false,"trimmed":false,"sourceSize":{"w":18,"h":24},"spriteSourceSize":{"x":0,"y":0,"w":18,"h":24},"frame":{"x":1181,"y":161,"w":18,"h":24}},{"filename":"bg/level-locked","rotated":false,"trimmed":false,"sourceSize":{"w":51,"h":42},"spriteSourceSize":{"x":0,"y":0,"w":51,"h":42},"frame":{"x":1074,"y":1146,"w":51,"h":42}},{"filename":"text-target-panel","rotated":false,"trimmed":false,"sourceSize":{"w":49,"h":23},"spriteSourceSize":{"x":0,"y":0,"w":49,"h":23},"frame":{"x":1128,"y":1105,"w":49,"h":23}},{"filename":"leaderboards/tab-off","rotated":false,"trimmed":false,"sourceSize":{"w":57,"h":18},"spriteSourceSize":{"x":0,"y":0,"w":57,"h":18},"frame":{"x":1128,"y":1131,"w":57,"h":18}},{"filename":"leaderboards/tab-on","rotated":false,"trimmed":false,"sourceSize":{"w":57,"h":18},"spriteSourceSize":{"x":0,"y":0,"w":57,"h":18},"frame":{"x":1128,"y":1152,"w":57,"h":18}},{"filename":"icons/sword","rotated":false,"trimmed":false,"sourceSize":{"w":23,"h":19},"spriteSourceSize":{"x":0,"y":0,"w":23,"h":19},"frame":{"x":1128,"y":1173,"w":23,"h":19}},{"filename":"icons/cup-silver","rotated":false,"trimmed":false,"sourceSize":{"w":22,"h":18},"spriteSourceSize":{"x":0,"y":0,"w":22,"h":18},"frame":{"x":1154,"y":1173,"w":22,"h":18}},{"filename":"icons/share-blue","rotated":false,"trimmed":false,"sourceSize":{"w":16,"h":22},"spriteSourceSize":{"x":0,"y":0,"w":16,"h":22},"frame":{"x":1176,"y":434,"w":16,"h":22}},{"filename":"icons/sword-blue","rotated":false,"trimmed":false,"sourceSize":{"w":18,"h":16},"spriteSourceSize":{"x":0,"y":0,"w":18,"h":16},"frame":{"x":1039,"y":1189,"w":18,"h":16}},{"filename":"icons/i-play","rotated":false,"trimmed":false,"sourceSize":{"w":16,"h":20},"spriteSourceSize":{"x":0,"y":0,"w":16,"h":20},"frame":{"x":1165,"y":1006,"w":16,"h":20}},{"filename":"icons/crown","rotated":false,"trimmed":false,"sourceSize":{"w":16,"h":14},"spriteSourceSize":{"x":0,"y":0,"w":16,"h":14},"frame":{"x":1165,"y":1029,"w":16,"h":14}}]}],"meta":{"app":"https://www.codeandweb.com/texturepacker","version":"3.0","smartupdate":"$TexturePacker:SmartUpdate:4c98f7c7593472d5823b354ff32200b9:4434d2994b729090dfcb1dff11f1646f:3e7944c06d121c41a747bba57afe2e59$"}}