<?xml version="1.0" encoding="UTF-8"?><font><info face="SFProText-Medium" size="42" bold="0" italic="0" charset="" unicode="1" stretchH="100" smooth="1" aa="1" padding="1,1,1,1" spacing="1,1"/><common lineHeight="42" base="40" scaleW="267" scaleH="267" pages="1" packed="0"/><pages><page id="0" file="gamefont.png"/></pages><chars count="97"><char id="32" x="0" y="0" width="0" height="0" xoffset="0" yoffset="-7" xadvance="12" page="0" chnl="15"/><char id="33" x="258" y="16" width="8" height="32" xoffset="3" yoffset="2" xadvance="14" page="0" chnl="15"/><char id="34" x="221" y="243" width="15" height="14" xoffset="2" yoffset="2" xadvance="20" page="0" chnl="15"/><char id="35" x="44" y="203" width="28" height="32" xoffset="0" yoffset="2" xadvance="28" page="0" chnl="15"/><char id="36" x="102" y="99" width="24" height="38" xoffset="2" yoffset="-1" xadvance="28" page="0" chnl="15"/><char id="37" x="0" y="155" width="32" height="33" xoffset="1" yoffset="2" xadvance="34" page="0" chnl="15"/><char id="38" x="0" y="222" width="30" height="33" xoffset="1" yoffset="2" xadvance="31" page="0" chnl="15"/><char id="39" x="127" y="251" width="7" height="15" xoffset="2" yoffset="2" xadvance="11" page="0" chnl="15"/><char id="40" x="242" y="59" width="12" height="39" xoffset="4" yoffset="1" xadvance="17" page="0" chnl="15"/><char id="41" x="242" y="99" width="12" height="39" xoffset="1" yoffset="1" xadvance="17" page="0" chnl="15"/><char id="42" x="55" y="236" width="17" height="18" xoffset="2" yoffset="2" xadvance="22" page="0" chnl="15"/><char id="43" x="102" y="240" width="24" height="24" xoffset="2" yoffset="9" xadvance="28" page="0" chnl="15"/><char id="44" x="258" y="73" width="8" height="14" xoffset="2" yoffset="28" xadvance="14" page="0" chnl="15"/><char id="45" x="9" y="256" width="16" height="7" xoffset="2" yoffset="18" xadvance="20" page="0" chnl="15"/><char id="46" x="0" y="256" width="8" height="8" xoffset="3" yoffset="26" xadvance="14" page="0" chnl="15"/><char id="47" x="221" y="41" width="17" height="40" xoffset="-1" yoffset="1" xadvance="15" page="0" chnl="15"/><char id="48" x="74" y="234" width="24" height="33" xoffset="2" yoffset="2" xadvance="28" page="0" chnl="15"/><char id="49" x="242" y="26" width="14" height="32" xoffset="2" yoffset="2" xadvance="21" page="0" chnl="15"/><char id="50" x="177" y="34" width="22" height="32" xoffset="2" yoffset="2" xadvance="26" page="0" chnl="15"/><char id="51" x="127" y="149" width="23" height="33" xoffset="2" yoffset="2" xadvance="27" page="0" chnl="15"/><char id="52" x="102" y="0" width="25" height="32" xoffset="1" yoffset="2" xadvance="28" page="0" chnl="15"/><char id="53" x="127" y="183" width="23" height="33" xoffset="2" yoffset="2" xadvance="27" page="0" chnl="15"/><char id="54" x="102" y="138" width="24" height="33" xoffset="2" yoffset="2" xadvance="28" page="0" chnl="15"/><char id="55" x="177" y="67" width="22" height="32" xoffset="1" yoffset="2" xadvance="25" page="0" chnl="15"/><char id="56" x="102" y="172" width="24" height="33" xoffset="2" yoffset="2" xadvance="28" page="0" chnl="15"/><char id="57" x="102" y="206" width="24" height="33" xoffset="2" yoffset="2" xadvance="28" page="0" chnl="15"/><char id="58" x="258" y="49" width="8" height="23" xoffset="3" yoffset="11" xadvance="14" page="0" chnl="15"/><char id="59" x="44" y="236" width="10" height="31" xoffset="1" yoffset="11" xadvance="14" page="0" chnl="15"/><char id="60" x="200" y="218" width="20" height="26" xoffset="4" yoffset="8" xadvance="28" page="0" chnl="15"/><char id="61" x="127" y="99" width="24" height="14" xoffset="2" yoffset="14" xadvance="28" page="0" chnl="15"/><char id="62" x="200" y="191" width="20" height="26" xoffset="4" yoffset="8" xadvance="28" page="0" chnl="15"/><char id="63" x="200" y="158" width="20" height="32" xoffset="1" yoffset="2" xadvance="23" page="0" chnl="15"/><char id="64" x="0" y="66" width="35" height="37" xoffset="2" yoffset="2" xadvance="39" page="0" chnl="15"/><char id="65" x="44" y="70" width="29" height="32" xoffset="0" yoffset="2" xadvance="30" page="0" chnl="15"/><char id="66" x="128" y="0" width="24" height="32" xoffset="3" yoffset="2" xadvance="29" page="0" chnl="15"/><char id="67" x="74" y="0" width="27" height="33" xoffset="2" yoffset="2" xadvance="31" page="0" chnl="15"/><char id="68" x="74" y="101" width="26" height="32" xoffset="3" yoffset="2" xadvance="31" page="0" chnl="15"/><char id="69" x="200" y="59" width="20" height="32" xoffset="3" yoffset="2" xadvance="26" page="0" chnl="15"/><char id="70" x="200" y="92" width="20" height="32" xoffset="3" yoffset="2" xadvance="25" page="0" chnl="15"/><char id="71" x="44" y="136" width="28" height="33" xoffset="2" yoffset="2" xadvance="32" page="0" chnl="15"/><char id="72" x="74" y="134" width="26" height="32" xoffset="3" yoffset="2" xadvance="32" page="0" chnl="15"/><char id="73" x="258" y="198" width="7" height="32" xoffset="3" yoffset="2" xadvance="12" page="0" chnl="15"/><char id="74" x="200" y="25" width="20" height="33" xoffset="1" yoffset="2" xadvance="24" page="0" chnl="15"/><char id="75" x="102" y="33" width="25" height="32" xoffset="3" yoffset="2" xadvance="29" page="0" chnl="15"/><char id="76" x="200" y="125" width="20" height="32" xoffset="3" yoffset="2" xadvance="25" page="0" chnl="15"/><char id="77" x="0" y="189" width="32" height="32" xoffset="3" yoffset="2" xadvance="38" page="0" chnl="15"/><char id="78" x="74" y="167" width="26" height="32" xoffset="3" yoffset="2" xadvance="32" page="0" chnl="15"/><char id="79" x="44" y="36" width="29" height="33" xoffset="2" yoffset="2" xadvance="33" page="0" chnl="15"/><char id="80" x="153" y="133" width="23" height="32" xoffset="3" yoffset="2" xadvance="28" page="0" chnl="15"/><char id="81" x="44" y="0" width="29" height="35" xoffset="2" yoffset="2" xadvance="33" page="0" chnl="15"/><char id="82" x="128" y="33" width="24" height="32" xoffset="3" yoffset="2" xadvance="29" page="0" chnl="15"/><char id="83" x="74" y="200" width="25" height="33" xoffset="1" yoffset="2" xadvance="28" page="0" chnl="15"/><char id="84" x="102" y="66" width="25" height="32" xoffset="1" yoffset="2" xadvance="28" page="0" chnl="15"/><char id="85" x="74" y="67" width="26" height="33" xoffset="3" yoffset="2" xadvance="32" page="0" chnl="15"/><char id="86" x="44" y="103" width="29" height="32" xoffset="0" yoffset="2" xadvance="30" page="0" chnl="15"/><char id="87" x="0" y="33" width="39" height="32" xoffset="1" yoffset="2" xadvance="42" page="0" chnl="15"/><char id="88" x="74" y="34" width="27" height="32" xoffset="1" yoffset="2" xadvance="30" page="0" chnl="15"/><char id="89" x="44" y="170" width="28" height="32" xoffset="0" yoffset="2" xadvance="29" page="0" chnl="15"/><char id="90" x="128" y="66" width="24" height="32" xoffset="2" yoffset="2" xadvance="28" page="0" chnl="15"/><char id="91" x="242" y="139" width="12" height="39" xoffset="4" yoffset="1" xadvance="17" page="0" chnl="15"/><char id="93" x="242" y="222" width="11" height="39" xoffset="1" yoffset="1" xadvance="17" page="0" chnl="15"/><char id="94" x="200" y="245" width="19" height="15" xoffset="1" yoffset="3" xadvance="21" page="0" chnl="15"/><char id="95" x="153" y="251" width="22" height="6" xoffset="-1" yoffset="34" xadvance="19" page="0" chnl="15"/><char id="97" x="177" y="177" width="21" height="25" xoffset="1" yoffset="9" xadvance="24" page="0" chnl="15"/><char id="98" x="127" y="217" width="23" height="33" xoffset="2" yoffset="1" xadvance="27" page="0" chnl="15"/><char id="99" x="177" y="100" width="22" height="25" xoffset="1" yoffset="9" xadvance="24" page="0" chnl="15"/><char id="100" x="153" y="0" width="23" height="33" xoffset="1" yoffset="1" xadvance="27" page="0" chnl="15"/><char id="101" x="177" y="126" width="22" height="25" xoffset="1" yoffset="9" xadvance="25" page="0" chnl="15"/><char id="102" x="221" y="178" width="15" height="33" xoffset="0" yoffset="1" xadvance="16" page="0" chnl="15"/><char id="103" x="127" y="114" width="23" height="34" xoffset="1" yoffset="9" xadvance="27" page="0" chnl="15"/><char id="104" x="153" y="217" width="22" height="33" xoffset="2" yoffset="1" xadvance="26" page="0" chnl="15"/><char id="105" x="258" y="129" width="7" height="34" xoffset="2" yoffset="0" xadvance="11" page="0" chnl="15"/><char id="106" x="242" y="179" width="11" height="42" xoffset="-2" yoffset="0" xadvance="11" page="0" chnl="15"/><char id="107" x="177" y="0" width="22" height="33" xoffset="2" yoffset="1" xadvance="24" page="0" chnl="15"/><char id="108" x="258" y="164" width="7" height="33" xoffset="2" yoffset="1" xadvance="12" page="0" chnl="15"/><char id="109" x="0" y="104" width="33" height="25" xoffset="2" yoffset="9" xadvance="38" page="0" chnl="15"/><char id="110" x="177" y="203" width="21" height="25" xoffset="2" yoffset="9" xadvance="26" page="0" chnl="15"/><char id="111" x="153" y="166" width="23" height="25" xoffset="1" yoffset="9" xadvance="26" page="0" chnl="15"/><char id="112" x="153" y="34" width="23" height="32" xoffset="2" yoffset="9" xadvance="27" page="0" chnl="15"/><char id="113" x="153" y="67" width="23" height="32" xoffset="1" yoffset="9" xadvance="27" page="0" chnl="15"/><char id="114" x="242" y="0" width="15" height="25" xoffset="2" yoffset="9" xadvance="17" page="0" chnl="15"/><char id="115" x="177" y="229" width="21" height="25" xoffset="1" yoffset="9" xadvance="23" page="0" chnl="15"/><char id="116" x="221" y="212" width="15" height="30" xoffset="0" yoffset="4" xadvance="16" page="0" chnl="15"/><char id="117" x="200" y="0" width="21" height="24" xoffset="2" yoffset="10" xadvance="26" page="0" chnl="15"/><char id="118" x="153" y="192" width="23" height="24" xoffset="0" yoffset="10" xadvance="24" page="0" chnl="15"/><char id="119" x="0" y="130" width="33" height="24" xoffset="0" yoffset="10" xadvance="34" page="0" chnl="15"/><char id="120" x="177" y="152" width="22" height="24" xoffset="0" yoffset="10" xadvance="23" page="0" chnl="15"/><char id="121" x="153" y="100" width="23" height="32" xoffset="0" yoffset="10" xadvance="24" page="0" chnl="15"/><char id="122" x="222" y="0" width="19" height="24" xoffset="2" yoffset="10" xadvance="24" page="0" chnl="15"/><char id="123" x="221" y="98" width="15" height="39" xoffset="1" yoffset="1" xadvance="17" page="0" chnl="15"/><char id="124" x="258" y="88" width="7" height="40" xoffset="4" yoffset="1" xadvance="15" page="0" chnl="15"/><char id="125" x="221" y="138" width="15" height="39" xoffset="1" yoffset="1" xadvance="17" page="0" chnl="15"/><char id="8216" x="135" y="251" width="9" height="15" xoffset="2" yoffset="2" xadvance="13" page="0" chnl="15"/><char id="8217" x="258" y="0" width="9" height="15" xoffset="2" yoffset="2" xadvance="13" page="0" chnl="15"/><char id="8220" x="221" y="82" width="17" height="15" xoffset="2" yoffset="2" xadvance="22" page="0" chnl="15"/><char id="8221" x="221" y="25" width="18" height="15" xoffset="2" yoffset="2" xadvance="22" page="0" chnl="15"/><char id="8470" x="0" y="0" width="43" height="32" xoffset="3" yoffset="2" xadvance="47" page="0" chnl="15"/></chars></font>