[1,0,0,[["cc.JsonAsset",["_name","json"],1]],[[0,0,1,3]],[[0,"level_001501-30",[{"layers":[{"index":0,"tiles":[{"x":3,"y":-7.5},{"x":4,"y":-7.5},{"x":7,"y":-7.5},{"x":8,"y":-7.5},{"x":3,"y":-6.5},{"x":8,"y":-6.5},{"x":1,"y":-5.5},{"x":2,"y":-5.5},{"x":3,"y":-5.5},{"x":4,"y":-5.5},{"x":5,"y":-5.5},{"x":6,"y":-5.5},{"x":7,"y":-5.5},{"x":8,"y":-5.5},{"x":9,"y":-5.5},{"x":10,"y":-5.5},{"x":1,"y":-4.5},{"x":2,"y":-4.5},{"x":3,"y":-4.5},{"x":4,"y":-4.5},{"x":5,"y":-4.5},{"x":6,"y":-4.5},{"x":7,"y":-4.5},{"x":8,"y":-4.5},{"x":9,"y":-4.5},{"x":10,"y":-4.5},{"x":1,"y":-3.5},{"x":2,"y":-3.5},{"x":3,"y":-3.5},{"x":4,"y":-3.5},{"x":5,"y":-3.5},{"x":6,"y":-3.5},{"x":7,"y":-3.5},{"x":8,"y":-3.5},{"x":9,"y":-3.5},{"x":10,"y":-3.5},{"x":3,"y":-2.5},{"x":8,"y":-2.5},{"x":3,"y":-1.5},{"x":4,"y":-1.5},{"x":7,"y":-1.5},{"x":8,"y":-1.5}]},{"index":1,"tiles":[{"x":3,"y":-7.5},{"x":4,"y":-7.5},{"x":7,"y":-7.5},{"x":8,"y":-7.5},{"x":3,"y":-6.5},{"x":8,"y":-6.5},{"x":2,"y":-5.5},{"x":3,"y":-5.5},{"x":4,"y":-5.5},{"x":5,"y":-5.5},{"x":6,"y":-5.5},{"x":7,"y":-5.5},{"x":8,"y":-5.5},{"x":9,"y":-5.5},{"x":2,"y":-4.5},{"x":3,"y":-4.5},{"x":4,"y":-4.5},{"x":5,"y":-4.5},{"x":6,"y":-4.5},{"x":7,"y":-4.5},{"x":8,"y":-4.5},{"x":9,"y":-4.5},{"x":2,"y":-3.5},{"x":3,"y":-3.5},{"x":4,"y":-3.5},{"x":5,"y":-3.5},{"x":6,"y":-3.5},{"x":7,"y":-3.5},{"x":8,"y":-3.5},{"x":9,"y":-3.5},{"x":3,"y":-2.5},{"x":8,"y":-2.5},{"x":3,"y":-1.5},{"x":4,"y":-1.5},{"x":7,"y":-1.5},{"x":8,"y":-1.5}]},{"index":2,"tiles":[{"x":3,"y":-5.5},{"x":4,"y":-5.5},{"x":5,"y":-5.5},{"x":6,"y":-5.5},{"x":7,"y":-5.5},{"x":8,"y":-5.5},{"x":3,"y":-4.5},{"x":4,"y":-4.5},{"x":5,"y":-4.5},{"x":6,"y":-4.5},{"x":7,"y":-4.5},{"x":8,"y":-4.5},{"x":3,"y":-3.5},{"x":4,"y":-3.5},{"x":5,"y":-3.5},{"x":6,"y":-3.5},{"x":7,"y":-3.5},{"x":8,"y":-3.5}]},{"index":3,"tiles":[{"x":4,"y":-5.5},{"x":5,"y":-5.5},{"x":6,"y":-5.5},{"x":7,"y":-5.5},{"x":4,"y":-4.5},{"x":5,"y":-4.5},{"x":6,"y":-4.5},{"x":7,"y":-4.5},{"x":4,"y":-3.5},{"x":5,"y":-3.5},{"x":6,"y":-3.5},{"x":7,"y":-3.5}]},{"index":4,"tiles":[{"x":5,"y":-5.5},{"x":6,"y":-5.5},{"x":5,"y":-4.5},{"x":6,"y":-4.5},{"x":5,"y":-3.5},{"x":6,"y":-3.5}]}],"seeds":["ICdwyahq3VaA0zFwEiGmmxOGFodQUAQhimIxHriAXRY2XjYcSteJRhgY4vmJH1Zh01RwTcI9oMIEYUeE4FItHHd1JGqKoCN+l6KUQRRQ3gNq3vQJiwQA"]},{"layers":[{"index":0,"tiles":[{"x":3,"y":-8.5},{"x":4,"y":-8.5},{"x":5,"y":-8.5},{"x":6,"y":-8.5},{"x":7,"y":-8.5},{"x":8,"y":-8.5},{"x":3,"y":-7.5},{"x":4,"y":-7.5},{"x":5,"y":-7.5},{"x":6,"y":-7.5},{"x":7,"y":-7.5},{"x":8,"y":-7.5},{"x":1,"y":-6.5},{"x":2,"y":-6.5},{"x":3,"y":-6.5},{"x":4,"y":-6.5},{"x":5,"y":-6.5},{"x":6,"y":-6.5},{"x":7,"y":-6.5},{"x":8,"y":-6.5},{"x":9,"y":-6.5},{"x":10,"y":-6.5},{"x":1,"y":-5.5},{"x":2.5,"y":-5.5},{"x":4,"y":-5.5},{"x":5.5,"y":-5.5},{"x":7,"y":-5.5},{"x":8.5,"y":-5.5},{"x":10,"y":-5.5},{"x":1,"y":-4.5},{"x":2.5,"y":-4.5},{"x":4,"y":-4.5},{"x":5.5,"y":-4.5},{"x":7,"y":-4.5},{"x":8.5,"y":-4.5},{"x":10,"y":-4.5},{"x":1,"y":-3.5},{"x":2,"y":-3.5},{"x":3,"y":-3.5},{"x":4,"y":-3.5},{"x":5,"y":-3.5},{"x":6,"y":-3.5},{"x":7,"y":-3.5},{"x":8,"y":-3.5},{"x":9,"y":-3.5},{"x":10,"y":-3.5},{"x":3,"y":-2.5},{"x":4,"y":-2.5},{"x":5,"y":-2.5},{"x":6,"y":-2.5},{"x":7,"y":-2.5},{"x":8,"y":-2.5},{"x":3,"y":-1.5},{"x":4,"y":-1.5},{"x":5,"y":-1.5},{"x":6,"y":-1.5},{"x":7,"y":-1.5},{"x":8,"y":-1.5}]},{"index":1,"tiles":[{"x":3.5,"y":-8},{"x":4.5,"y":-8},{"x":5.5,"y":-8},{"x":6.5,"y":-8},{"x":7.5,"y":-8},{"x":3.5,"y":-7},{"x":4.5,"y":-7},{"x":5.5,"y":-7},{"x":6.5,"y":-7},{"x":7.5,"y":-7},{"x":2.5,"y":-6},{"x":4,"y":-6},{"x":5.5,"y":-6},{"x":7,"y":-6},{"x":8.5,"y":-6},{"x":2.5,"y":-5},{"x":4,"y":-5},{"x":5.5,"y":-5},{"x":7,"y":-5},{"x":8.5,"y":-5},{"x":2.5,"y":-4},{"x":4,"y":-4},{"x":5.5,"y":-4},{"x":7,"y":-4},{"x":8.5,"y":-4},{"x":3.5,"y":-3},{"x":4.5,"y":-3},{"x":5.5,"y":-3},{"x":6.5,"y":-3},{"x":7.5,"y":-3},{"x":3.5,"y":-2},{"x":4.5,"y":-2},{"x":5.5,"y":-2},{"x":6.5,"y":-2},{"x":7.5,"y":-2}]},{"index":2,"tiles":[{"x":4,"y":-7.5},{"x":5,"y":-7.5},{"x":6,"y":-7.5},{"x":7,"y":-7.5},{"x":4,"y":-6.5},{"x":5.5,"y":-6.5},{"x":7,"y":-6.5},{"x":2.5,"y":-5.5},{"x":4,"y":-5.5},{"x":5.5,"y":-5.5},{"x":7,"y":-5.5},{"x":8.5,"y":-5.5},{"x":2.5,"y":-4.5},{"x":4,"y":-4.5},{"x":5.5,"y":-4.5},{"x":7,"y":-4.5},{"x":8.5,"y":-4.5},{"x":4,"y":-3.5},{"x":5.5,"y":-3.5},{"x":7,"y":-3.5},{"x":4,"y":-2.5},{"x":5,"y":-2.5},{"x":6,"y":-2.5},{"x":7,"y":-2.5}]},{"index":3,"tiles":[{"x":5.5,"y":-7},{"x":5.5,"y":-6},{"x":5.5,"y":-5},{"x":5.5,"y":-4},{"x":5.5,"y":-3}]}],"seeds":["nBQplTIUEjOATyKASudhShiaINddILZp35c520E0S+hcUQNOEyQGy9RpmOdZJeMgARKEDpWMRwgGEwiCHCZyIQFyYmWIp/hxTxh6UJeiX0YFKscZIGgJ4hcUHwkA"]},{"layers":[{"index":0,"tiles":[{"x":3.5,"y":-8.5},{"x":4.5,"y":-8.5},{"x":5.5,"y":-8.5},{"x":6.5,"y":-8.5},{"x":7.5,"y":-8.5},{"x":3,"y":-7.5},{"x":4,"y":-7.5},{"x":5,"y":-7.5},{"x":6,"y":-7.5},{"x":7,"y":-7.5},{"x":8,"y":-7.5},{"x":2.5,"y":-6.5},{"x":3.5,"y":-6.5},{"x":4.5,"y":-6.5},{"x":5.5,"y":-6.5},{"x":6.5,"y":-6.5},{"x":7.5,"y":-6.5},{"x":8.5,"y":-6.5},{"x":2,"y":-5.5},{"x":3,"y":-5.5},{"x":4,"y":-5.5},{"x":5,"y":-5.5},{"x":6,"y":-5.5},{"x":7,"y":-5.5},{"x":8,"y":-5.5},{"x":9,"y":-5.5},{"x":1.5,"y":-4.5},{"x":2.5,"y":-4.5},{"x":3.5,"y":-4.5},{"x":4.5,"y":-4.5},{"x":5.5,"y":-4.5},{"x":6.5,"y":-4.5},{"x":7.5,"y":-4.5},{"x":8.5,"y":-4.5},{"x":9.5,"y":-4.5},{"x":1,"y":-3.5},{"x":2,"y":-3.5},{"x":3,"y":-3.5},{"x":4,"y":-3.5},{"x":5,"y":-3.5},{"x":6,"y":-3.5},{"x":7,"y":-3.5},{"x":8,"y":-3.5},{"x":9,"y":-3.5},{"x":10,"y":-3.5},{"x":1.5,"y":-2.5},{"x":2.5,"y":-2.5},{"x":3.5,"y":-2.5},{"x":4.5,"y":-2.5},{"x":5.5,"y":-2.5},{"x":6.5,"y":-2.5},{"x":7.5,"y":-2.5},{"x":8.5,"y":-2.5},{"x":9.5,"y":-2.5},{"x":1,"y":-1.5},{"x":2,"y":-1.5},{"x":3,"y":-1.5},{"x":4,"y":-1.5},{"x":5,"y":-1.5},{"x":6,"y":-1.5},{"x":7,"y":-1.5},{"x":8,"y":-1.5},{"x":9,"y":-1.5},{"x":10,"y":-1.5}]},{"index":1,"tiles":[{"x":3.5,"y":-8.5},{"x":4.5,"y":-8.5},{"x":6.5,"y":-8.5},{"x":7.5,"y":-8.5},{"x":3,"y":-7.5},{"x":4,"y":-7.5},{"x":7,"y":-7.5},{"x":8,"y":-7.5},{"x":2.5,"y":-6.5},{"x":3.5,"y":-6.5},{"x":4.5,"y":-6.5},{"x":6.5,"y":-6.5},{"x":7.5,"y":-6.5},{"x":8.5,"y":-6.5},{"x":2,"y":-5.5},{"x":3,"y":-5.5},{"x":4,"y":-5.5},{"x":7,"y":-5.5},{"x":8,"y":-5.5},{"x":9,"y":-5.5},{"x":1.5,"y":-4.5},{"x":2.5,"y":-4.5},{"x":3.5,"y":-4.5},{"x":4.5,"y":-4.5},{"x":6.5,"y":-4.5},{"x":7.5,"y":-4.5},{"x":8.5,"y":-4.5},{"x":9.5,"y":-4.5},{"x":1,"y":-3.5},{"x":2,"y":-3.5},{"x":3,"y":-3.5},{"x":4,"y":-3.5},{"x":7,"y":-3.5},{"x":8,"y":-3.5},{"x":9,"y":-3.5},{"x":10,"y":-3.5},{"x":1.5,"y":-2.5},{"x":2.5,"y":-2.5},{"x":3.5,"y":-2.5},{"x":4.5,"y":-2.5},{"x":6.5,"y":-2.5},{"x":7.5,"y":-2.5},{"x":8.5,"y":-2.5},{"x":9.5,"y":-2.5},{"x":1,"y":-1.5},{"x":2,"y":-1.5},{"x":3,"y":-1.5},{"x":4,"y":-1.5},{"x":7,"y":-1.5},{"x":8,"y":-1.5},{"x":9,"y":-1.5},{"x":10,"y":-1.5}]},{"index":2,"tiles":[{"x":3.5,"y":-8.5},{"x":7.5,"y":-8.5},{"x":3,"y":-7.5},{"x":8,"y":-7.5},{"x":2.5,"y":-6.5},{"x":3.5,"y":-6.5},{"x":7.5,"y":-6.5},{"x":8.5,"y":-6.5},{"x":2,"y":-5.5},{"x":3,"y":-5.5},{"x":8,"y":-5.5},{"x":9,"y":-5.5},{"x":1.5,"y":-4.5},{"x":2.5,"y":-4.5},{"x":3.5,"y":-4.5},{"x":7.5,"y":-4.5},{"x":8.5,"y":-4.5},{"x":9.5,"y":-4.5},{"x":1,"y":-3.5},{"x":2,"y":-3.5},{"x":3,"y":-3.5},{"x":8,"y":-3.5},{"x":9,"y":-3.5},{"x":10,"y":-3.5},{"x":1.5,"y":-2.5},{"x":2.5,"y":-2.5},{"x":3.5,"y":-2.5},{"x":7.5,"y":-2.5},{"x":8.5,"y":-2.5},{"x":9.5,"y":-2.5},{"x":1,"y":-1.5},{"x":2,"y":-1.5},{"x":3,"y":-1.5},{"x":8,"y":-1.5},{"x":9,"y":-1.5},{"x":10,"y":-1.5}]},{"index":3,"tiles":[{"x":2.5,"y":-6.5},{"x":8.5,"y":-6.5},{"x":2,"y":-5.5},{"x":9,"y":-5.5},{"x":1.5,"y":-4.5},{"x":2.5,"y":-4.5},{"x":8.5,"y":-4.5},{"x":9.5,"y":-4.5},{"x":1,"y":-3.5},{"x":2,"y":-3.5},{"x":9,"y":-3.5},{"x":10,"y":-3.5},{"x":1.5,"y":-2.5},{"x":2.5,"y":-2.5},{"x":8.5,"y":-2.5},{"x":9.5,"y":-2.5},{"x":1,"y":-1.5},{"x":2,"y":-1.5},{"x":9,"y":-1.5},{"x":10,"y":-1.5}]},{"index":4,"tiles":[{"x":1.5,"y":-4.5},{"x":9.5,"y":-4.5},{"x":1,"y":-3.5},{"x":10,"y":-3.5},{"x":1.5,"y":-2.5},{"x":9.5,"y":-2.5},{"x":1,"y":-1.5},{"x":10,"y":-1.5}]}],"seeds":["FoFB3hWE1ONxYmY0WAFaQ4doHSoeGsiZSkAsxdFBAVgqKcFYh4F5kQBO08V05xKOE8eJXQJKHWR9A2ggYQEaX6MKovBUICRNF3koIIEJXBNt4ddU2XZ5BUNU3cEJ3/CI3gctoCMK4feEHOU5Xch9XuhRougNIHMtxKGIEOUkoeOJXnB54VeB"]},{"layers":[{"index":0,"tiles":[{"x":5.5,"y":-8},{"x":4.5,"y":-7.5},{"x":6.5,"y":-7.5},{"x":3.5,"y":-7},{"x":7.5,"y":-7},{"x":2.5,"y":-6.5},{"x":4.5,"y":-6.5},{"x":6.5,"y":-6.5},{"x":8.5,"y":-6.5},{"x":1.5,"y":-6},{"x":5.5,"y":-6},{"x":9.5,"y":-6},{"x":0.5,"y":-5.5},{"x":2.5,"y":-5.5},{"x":3.5,"y":-5.5},{"x":4.5,"y":-5.5},{"x":6.5,"y":-5.5},{"x":7.5,"y":-5.5},{"x":8.5,"y":-5.5},{"x":10.5,"y":-5.5},{"x":0.5,"y":-4.5},{"x":2.5,"y":-4.5},{"x":3.5,"y":-4.5},{"x":4.5,"y":-4.5},{"x":6.5,"y":-4.5},{"x":7.5,"y":-4.5},{"x":8.5,"y":-4.5},{"x":10.5,"y":-4.5},{"x":1.5,"y":-4},{"x":5.5,"y":-4},{"x":9.5,"y":-4},{"x":2.5,"y":-3.5},{"x":4.5,"y":-3.5},{"x":6.5,"y":-3.5},{"x":8.5,"y":-3.5},{"x":3.5,"y":-3},{"x":7.5,"y":-3},{"x":4.5,"y":-2.5},{"x":6.5,"y":-2.5},{"x":5.5,"y":-2}]},{"index":1,"tiles":[{"x":5.5,"y":-8},{"x":4.5,"y":-7.5},{"x":6.5,"y":-7.5},{"x":3.5,"y":-7},{"x":7.5,"y":-7},{"x":2.5,"y":-6.5},{"x":4.5,"y":-6.5},{"x":6.5,"y":-6.5},{"x":8.5,"y":-6.5},{"x":1.5,"y":-6},{"x":5.5,"y":-6},{"x":9.5,"y":-6},{"x":0.5,"y":-5.5},{"x":2.5,"y":-5.5},{"x":3.5,"y":-5.5},{"x":4.5,"y":-5.5},{"x":6.5,"y":-5.5},{"x":7.5,"y":-5.5},{"x":8.5,"y":-5.5},{"x":10.5,"y":-5.5},{"x":0.5,"y":-4.5},{"x":2.5,"y":-4.5},{"x":3.5,"y":-4.5},{"x":4.5,"y":-4.5},{"x":6.5,"y":-4.5},{"x":7.5,"y":-4.5},{"x":8.5,"y":-4.5},{"x":10.5,"y":-4.5},{"x":1.5,"y":-4},{"x":5.5,"y":-4},{"x":9.5,"y":-4},{"x":2.5,"y":-3.5},{"x":4.5,"y":-3.5},{"x":6.5,"y":-3.5},{"x":8.5,"y":-3.5},{"x":3.5,"y":-3},{"x":7.5,"y":-3},{"x":4.5,"y":-2.5},{"x":6.5,"y":-2.5},{"x":5.5,"y":-2}]},{"index":2,"tiles":[{"x":4.5,"y":-6.5},{"x":6.5,"y":-6.5},{"x":5.5,"y":-6},{"x":2.5,"y":-5.5},{"x":3.5,"y":-5.5},{"x":4.5,"y":-5.5},{"x":6.5,"y":-5.5},{"x":7.5,"y":-5.5},{"x":8.5,"y":-5.5},{"x":2.5,"y":-4.5},{"x":3.5,"y":-4.5},{"x":4.5,"y":-4.5},{"x":6.5,"y":-4.5},{"x":7.5,"y":-4.5},{"x":8.5,"y":-4.5},{"x":5.5,"y":-4},{"x":4.5,"y":-3.5},{"x":6.5,"y":-3.5}]},{"index":3,"tiles":[{"x":5.5,"y":-6},{"x":4.5,"y":-5.5},{"x":6.5,"y":-5.5},{"x":4.5,"y":-4.5},{"x":6.5,"y":-4.5},{"x":5.5,"y":-4}]}],"seeds":["nqh8IDQ0lelQTqppjTgqWYaenpFwTHJ1HGWFUVd4CwJi0CJyIXFYU0A+ErIphVF9nMSVAihGYBBO4PQok9h9YfiBYcCpwbV5B8EI2NCJ"]},{"layers":[{"index":0,"tiles":[{"x":4,"y":-8},{"x":5,"y":-8},{"x":6,"y":-8},{"x":7,"y":-8},{"x":3,"y":-7},{"x":4,"y":-7},{"x":5,"y":-7},{"x":6,"y":-7},{"x":7,"y":-7},{"x":8,"y":-7},{"x":3,"y":-6},{"x":4,"y":-6},{"x":5,"y":-6},{"x":6,"y":-6},{"x":7,"y":-6},{"x":8,"y":-6},{"x":1,"y":-5},{"x":2,"y":-5},{"x":3,"y":-5},{"x":4,"y":-5},{"x":5.5,"y":-5},{"x":7,"y":-5},{"x":8,"y":-5},{"x":9,"y":-5},{"x":10,"y":-5},{"x":1.5,"y":-4},{"x":2.5,"y":-4},{"x":4.5,"y":-4},{"x":5.5,"y":-4},{"x":6.5,"y":-4},{"x":8.5,"y":-4},{"x":9.5,"y":-4},{"x":1.5,"y":-3},{"x":2.5,"y":-3},{"x":4.5,"y":-3},{"x":5.5,"y":-3},{"x":6.5,"y":-3},{"x":8.5,"y":-3},{"x":9.5,"y":-3},{"x":2,"y":-2},{"x":5.5,"y":-2},{"x":9,"y":-2}]},{"index":1,"tiles":[{"x":5,"y":-8},{"x":6,"y":-8},{"x":4,"y":-7},{"x":5,"y":-7},{"x":6,"y":-7},{"x":7,"y":-7},{"x":4,"y":-6},{"x":5,"y":-6},{"x":6,"y":-6},{"x":7,"y":-6},{"x":1,"y":-5},{"x":2,"y":-5},{"x":3,"y":-5},{"x":4,"y":-5},{"x":5.5,"y":-5},{"x":7,"y":-5},{"x":8,"y":-5},{"x":9,"y":-5},{"x":10,"y":-5},{"x":1.5,"y":-4},{"x":2.5,"y":-4},{"x":4.5,"y":-4},{"x":5.5,"y":-4},{"x":6.5,"y":-4},{"x":8.5,"y":-4},{"x":9.5,"y":-4},{"x":1.5,"y":-3},{"x":2.5,"y":-3},{"x":4.5,"y":-3},{"x":5.5,"y":-3},{"x":6.5,"y":-3},{"x":8.5,"y":-3},{"x":9.5,"y":-3}]},{"index":2,"tiles":[{"x":5,"y":-7},{"x":6,"y":-7},{"x":5,"y":-6},{"x":6,"y":-6},{"x":1,"y":-5},{"x":2,"y":-5},{"x":3,"y":-5},{"x":4,"y":-5},{"x":5.5,"y":-5},{"x":7,"y":-5},{"x":8,"y":-5},{"x":9,"y":-5},{"x":10,"y":-5},{"x":1.5,"y":-4},{"x":2.5,"y":-4},{"x":4.5,"y":-4},{"x":5.5,"y":-4},{"x":6.5,"y":-4},{"x":8.5,"y":-4},{"x":9.5,"y":-4}]},{"index":3,"tiles":[{"x":5.5,"y":-5}]}],"seeds":["xrB14jMh36MgUOgZ6ndg1mAF05dozhWGHQhunsgkZ3SAIpUJaRGahcYpXPVxYChQy+hVXEk0DBZEHrdIXUOgl5hxEuhAYNiR"]},{"layers":[{"index":0,"tiles":[{"x":3,"y":-8},{"x":4,"y":-8},{"x":7,"y":-8},{"x":8,"y":-8},{"x":3,"y":-7},{"x":4,"y":-7},{"x":7,"y":-7},{"x":8,"y":-7},{"x":1,"y":-6},{"x":2,"y":-6},{"x":3,"y":-6},{"x":4,"y":-6},{"x":5,"y":-6},{"x":6,"y":-6},{"x":7,"y":-6},{"x":8,"y":-6},{"x":9,"y":-6},{"x":10,"y":-6},{"x":1,"y":-5},{"x":2,"y":-5},{"x":3,"y":-5},{"x":4,"y":-5},{"x":5,"y":-5},{"x":6,"y":-5},{"x":7,"y":-5},{"x":8,"y":-5},{"x":9,"y":-5},{"x":10,"y":-5},{"x":1,"y":-4},{"x":2,"y":-4},{"x":3,"y":-4},{"x":4,"y":-4},{"x":5,"y":-4},{"x":6,"y":-4},{"x":7,"y":-4},{"x":8,"y":-4},{"x":9,"y":-4},{"x":10,"y":-4},{"x":3,"y":-3},{"x":4,"y":-3},{"x":7,"y":-3},{"x":8,"y":-3},{"x":3,"y":-2},{"x":4,"y":-2},{"x":7,"y":-2},{"x":8,"y":-2}]},{"index":1,"tiles":[{"x":3,"y":-7},{"x":4,"y":-7},{"x":7,"y":-7},{"x":8,"y":-7},{"x":2,"y":-6},{"x":3,"y":-6},{"x":4,"y":-6},{"x":5,"y":-6},{"x":6,"y":-6},{"x":7,"y":-6},{"x":8,"y":-6},{"x":9,"y":-6},{"x":2,"y":-5},{"x":3,"y":-5},{"x":4,"y":-5},{"x":5,"y":-5},{"x":6,"y":-5},{"x":7,"y":-5},{"x":8,"y":-5},{"x":9,"y":-5},{"x":2,"y":-4},{"x":3,"y":-4},{"x":4,"y":-4},{"x":5,"y":-4},{"x":6,"y":-4},{"x":7,"y":-4},{"x":8,"y":-4},{"x":9,"y":-4},{"x":3,"y":-3},{"x":4,"y":-3},{"x":7,"y":-3},{"x":8,"y":-3}]},{"index":2,"tiles":[{"x":3,"y":-6},{"x":4,"y":-6},{"x":5,"y":-6},{"x":6,"y":-6},{"x":7,"y":-6},{"x":8,"y":-6},{"x":3,"y":-5},{"x":4,"y":-5},{"x":5,"y":-5},{"x":6,"y":-5},{"x":7,"y":-5},{"x":8,"y":-5},{"x":3,"y":-4},{"x":4,"y":-4},{"x":5,"y":-4},{"x":6,"y":-4},{"x":7,"y":-4},{"x":8,"y":-4}]},{"index":3,"tiles":[{"x":5,"y":-6},{"x":6,"y":-6},{"x":5,"y":-5},{"x":6,"y":-5},{"x":5,"y":-4},{"x":6,"y":-4}]}],"seeds":["DJUolXl2YWUJAyRwHHhYweIUY9IhYRQtjRQMV9B5Bxg8IiGCFFiQ3FaKnDM9kqgiIDZt38WhgSJ2nmEwIed9QfalhKaF4QdlWAiKjQcA"]},{"layers":[{"index":0,"tiles":[{"x":3,"y":-8},{"x":4,"y":-8},{"x":5,"y":-8},{"x":6,"y":-8},{"x":7,"y":-8},{"x":8,"y":-8},{"x":2,"y":-7},{"x":3,"y":-7},{"x":4,"y":-7},{"x":5,"y":-7},{"x":6,"y":-7},{"x":7,"y":-7},{"x":8,"y":-7},{"x":9,"y":-7},{"x":1,"y":-6},{"x":2,"y":-6},{"x":3,"y":-6},{"x":4,"y":-6},{"x":5,"y":-6},{"x":6,"y":-6},{"x":7,"y":-6},{"x":8,"y":-6},{"x":9,"y":-6},{"x":10,"y":-6},{"x":1,"y":-5},{"x":2,"y":-5},{"x":3,"y":-5},{"x":4,"y":-5},{"x":5,"y":-5},{"x":6,"y":-5},{"x":7,"y":-5},{"x":8,"y":-5},{"x":9,"y":-5},{"x":10,"y":-5},{"x":1,"y":-4},{"x":2,"y":-4},{"x":3,"y":-4},{"x":4,"y":-4},{"x":5,"y":-4},{"x":6,"y":-4},{"x":7,"y":-4},{"x":8,"y":-4},{"x":9,"y":-4},{"x":10,"y":-4},{"x":2,"y":-3},{"x":3,"y":-3},{"x":4,"y":-3},{"x":5,"y":-3},{"x":6,"y":-3},{"x":7,"y":-3},{"x":8,"y":-3},{"x":9,"y":-3},{"x":3,"y":-2},{"x":4,"y":-2},{"x":5,"y":-2},{"x":6,"y":-2},{"x":7,"y":-2},{"x":8,"y":-2}]},{"index":1,"tiles":[{"x":3,"y":-7},{"x":4,"y":-7},{"x":5,"y":-7},{"x":6,"y":-7},{"x":7,"y":-7},{"x":8,"y":-7},{"x":2,"y":-6},{"x":3,"y":-6},{"x":4,"y":-6},{"x":5,"y":-6},{"x":6,"y":-6},{"x":7,"y":-6},{"x":8,"y":-6},{"x":9,"y":-6},{"x":2,"y":-5},{"x":3,"y":-5},{"x":4,"y":-5},{"x":5,"y":-5},{"x":6,"y":-5},{"x":7,"y":-5},{"x":8,"y":-5},{"x":9,"y":-5},{"x":2,"y":-4},{"x":3,"y":-4},{"x":4,"y":-4},{"x":5,"y":-4},{"x":6,"y":-4},{"x":7,"y":-4},{"x":8,"y":-4},{"x":9,"y":-4},{"x":3,"y":-3},{"x":4,"y":-3},{"x":5,"y":-3},{"x":6,"y":-3},{"x":7,"y":-3},{"x":8,"y":-3}]},{"index":2,"tiles":[{"x":3,"y":-6},{"x":4,"y":-6},{"x":5,"y":-6},{"x":6,"y":-6},{"x":7,"y":-6},{"x":8,"y":-6},{"x":3,"y":-5},{"x":4,"y":-5},{"x":5,"y":-5},{"x":6,"y":-5},{"x":7,"y":-5},{"x":8,"y":-5},{"x":3,"y":-4},{"x":4,"y":-4},{"x":5,"y":-4},{"x":6,"y":-4},{"x":7,"y":-4},{"x":8,"y":-4}]},{"index":3,"tiles":[{"x":4,"y":-5},{"x":5,"y":-5},{"x":6,"y":-5},{"x":7,"y":-5}]}],"seeds":["VyEM4bZhz9J0FJZOnwQxYZeN4mF0nICVgdhxIeYlH8d1VBSK4gMeASh+iGFxpuU0QoYqFZgoXKVMoAJKjuYVQdh5XQF+oMgQ4eRdIBEsQnFGmjpMUIeQ"]},{"layers":[{"index":0,"tiles":[{"x":4,"y":-8.5},{"x":5,"y":-8.5},{"x":6,"y":-8.5},{"x":7,"y":-8.5},{"x":2,"y":-7.5},{"x":3,"y":-7.5},{"x":4,"y":-7.5},{"x":5,"y":-7.5},{"x":6,"y":-7.5},{"x":7,"y":-7.5},{"x":8,"y":-7.5},{"x":9,"y":-7.5},{"x":1,"y":-6.5},{"x":2,"y":-6.5},{"x":4.5,"y":-6.5},{"x":5.5,"y":-6.5},{"x":6.5,"y":-6.5},{"x":9,"y":-6.5},{"x":10,"y":-6.5},{"x":1,"y":-5.5},{"x":5.5,"y":-5.5},{"x":10,"y":-5.5},{"x":2,"y":-5},{"x":9,"y":-5},{"x":1,"y":-4.5},{"x":3,"y":-4.5},{"x":5.5,"y":-4.5},{"x":8,"y":-4.5},{"x":10,"y":-4.5},{"x":4,"y":-4},{"x":7,"y":-4},{"x":1,"y":-3.5},{"x":2,"y":-3.5},{"x":5.5,"y":-3.5},{"x":9,"y":-3.5},{"x":10,"y":-3.5},{"x":2,"y":-2.5},{"x":3,"y":-2.5},{"x":4,"y":-2.5},{"x":5,"y":-2.5},{"x":6,"y":-2.5},{"x":7,"y":-2.5},{"x":8,"y":-2.5},{"x":9,"y":-2.5},{"x":5,"y":-1.5},{"x":6,"y":-1.5}]},{"index":1,"tiles":[{"x":5,"y":-8.5},{"x":6,"y":-8.5},{"x":2,"y":-7.5},{"x":3,"y":-7.5},{"x":4,"y":-7.5},{"x":5,"y":-7.5},{"x":6,"y":-7.5},{"x":7,"y":-7.5},{"x":8,"y":-7.5},{"x":9,"y":-7.5},{"x":1,"y":-6.5},{"x":2,"y":-6.5},{"x":4.5,"y":-6.5},{"x":5.5,"y":-6.5},{"x":6.5,"y":-6.5},{"x":9,"y":-6.5},{"x":10,"y":-6.5},{"x":1,"y":-5.5},{"x":5.5,"y":-5.5},{"x":10,"y":-5.5},{"x":2,"y":-5},{"x":9,"y":-5},{"x":1,"y":-4.5},{"x":3,"y":-4.5},{"x":5.5,"y":-4.5},{"x":8,"y":-4.5},{"x":10,"y":-4.5},{"x":4,"y":-4},{"x":7,"y":-4},{"x":1,"y":-3.5},{"x":2,"y":-3.5},{"x":5.5,"y":-3.5},{"x":9,"y":-3.5},{"x":10,"y":-3.5},{"x":2,"y":-2.5},{"x":3,"y":-2.5},{"x":4,"y":-2.5},{"x":5,"y":-2.5},{"x":6,"y":-2.5},{"x":7,"y":-2.5},{"x":8,"y":-2.5},{"x":9,"y":-2.5}]},{"index":2,"tiles":[{"x":3,"y":-7.5},{"x":4,"y":-7.5},{"x":5,"y":-7.5},{"x":6,"y":-7.5},{"x":7,"y":-7.5},{"x":8,"y":-7.5},{"x":5.5,"y":-6.5},{"x":5.5,"y":-5.5},{"x":2,"y":-5},{"x":9,"y":-5},{"x":3,"y":-4.5},{"x":5.5,"y":-4.5},{"x":8,"y":-4.5},{"x":4,"y":-4},{"x":7,"y":-4},{"x":5.5,"y":-3.5},{"x":3,"y":-2.5},{"x":4,"y":-2.5},{"x":5,"y":-2.5},{"x":6,"y":-2.5},{"x":7,"y":-2.5},{"x":8,"y":-2.5}]}],"seeds":["05ZdS+UFA7eFwnWV3fdI4eEoItUY3eIxG4UhnQAmX0R4lfghDKdwYrdpn8lBA3kqUgSGoAhuXmCBRMGpYQA24cVB43akqCU6z3RdoVgkioYFRgYA"]},{"layers":[{"index":0,"tiles":[{"x":3,"y":-8.5},{"x":4,"y":-8.5},{"x":5,"y":-8.5},{"x":6,"y":-8.5},{"x":7,"y":-8.5},{"x":8,"y":-8.5},{"x":2.5,"y":-7.5},{"x":3.5,"y":-7.5},{"x":7.5,"y":-7.5},{"x":8.5,"y":-7.5},{"x":4.5,"y":-7},{"x":5.5,"y":-7},{"x":6.5,"y":-7},{"x":2.5,"y":-6.5},{"x":3.5,"y":-6.5},{"x":7.5,"y":-6.5},{"x":8.5,"y":-6.5},{"x":2,"y":-5.5},{"x":3,"y":-5.5},{"x":8,"y":-5.5},{"x":9,"y":-5.5},{"x":4,"y":-5},{"x":7,"y":-5},{"x":2,"y":-4.5},{"x":3,"y":-4.5},{"x":5,"y":-4.5},{"x":6,"y":-4.5},{"x":8,"y":-4.5},{"x":9,"y":-4.5},{"x":1.5,"y":-3.5},{"x":2.5,"y":-3.5},{"x":3.5,"y":-3.5},{"x":4.5,"y":-3.5},{"x":5.5,"y":-3.5},{"x":6.5,"y":-3.5},{"x":7.5,"y":-3.5},{"x":8.5,"y":-3.5},{"x":9.5,"y":-3.5},{"x":1.5,"y":-2.5},{"x":2.5,"y":-2.5},{"x":3.5,"y":-2.5},{"x":4.5,"y":-2.5},{"x":5.5,"y":-2.5},{"x":6.5,"y":-2.5},{"x":7.5,"y":-2.5},{"x":8.5,"y":-2.5},{"x":9.5,"y":-2.5},{"x":4,"y":-1.5},{"x":5.5,"y":-1.5},{"x":7,"y":-1.5}]},{"index":1,"tiles":[{"x":3,"y":-8.5},{"x":4,"y":-8.5},{"x":5,"y":-8.5},{"x":6,"y":-8.5},{"x":7,"y":-8.5},{"x":8,"y":-8.5},{"x":2.5,"y":-7.5},{"x":3.5,"y":-7.5},{"x":7.5,"y":-7.5},{"x":8.5,"y":-7.5},{"x":4.5,"y":-7},{"x":5.5,"y":-7},{"x":6.5,"y":-7},{"x":2.5,"y":-6.5},{"x":3.5,"y":-6.5},{"x":7.5,"y":-6.5},{"x":8.5,"y":-6.5},{"x":2,"y":-5.5},{"x":3,"y":-5.5},{"x":8,"y":-5.5},{"x":9,"y":-5.5},{"x":4,"y":-5},{"x":7,"y":-5},{"x":2,"y":-4.5},{"x":3,"y":-4.5},{"x":5,"y":-4.5},{"x":6,"y":-4.5},{"x":8,"y":-4.5},{"x":9,"y":-4.5},{"x":1.5,"y":-3.5},{"x":2.5,"y":-3.5},{"x":3.5,"y":-3.5},{"x":4.5,"y":-3.5},{"x":5.5,"y":-3.5},{"x":6.5,"y":-3.5},{"x":7.5,"y":-3.5},{"x":8.5,"y":-3.5},{"x":9.5,"y":-3.5},{"x":1.5,"y":-2.5},{"x":2.5,"y":-2.5},{"x":3.5,"y":-2.5},{"x":4.5,"y":-2.5},{"x":5.5,"y":-2.5},{"x":6.5,"y":-2.5},{"x":7.5,"y":-2.5},{"x":8.5,"y":-2.5},{"x":9.5,"y":-2.5},{"x":4,"y":-1.5},{"x":5.5,"y":-1.5},{"x":7,"y":-1.5}]},{"index":2,"tiles":[{"x":3,"y":-8.5},{"x":4,"y":-8.5},{"x":5,"y":-8.5},{"x":6,"y":-8.5},{"x":7,"y":-8.5},{"x":8,"y":-8.5},{"x":2.5,"y":-7.5},{"x":3.5,"y":-7.5},{"x":7.5,"y":-7.5},{"x":8.5,"y":-7.5},{"x":4.5,"y":-7},{"x":5.5,"y":-7},{"x":6.5,"y":-7},{"x":2.5,"y":-6.5},{"x":3.5,"y":-6.5},{"x":7.5,"y":-6.5},{"x":8.5,"y":-6.5},{"x":2,"y":-5.5},{"x":3,"y":-5.5},{"x":8,"y":-5.5},{"x":9,"y":-5.5},{"x":4,"y":-5},{"x":7,"y":-5},{"x":2,"y":-4.5},{"x":3,"y":-4.5},{"x":5,"y":-4.5},{"x":6,"y":-4.5},{"x":8,"y":-4.5},{"x":9,"y":-4.5},{"x":1.5,"y":-3.5},{"x":2.5,"y":-3.5},{"x":3.5,"y":-3.5},{"x":4.5,"y":-3.5},{"x":5.5,"y":-3.5},{"x":6.5,"y":-3.5},{"x":7.5,"y":-3.5},{"x":8.5,"y":-3.5},{"x":9.5,"y":-3.5},{"x":1.5,"y":-2.5},{"x":2.5,"y":-2.5},{"x":3.5,"y":-2.5},{"x":4.5,"y":-2.5},{"x":5.5,"y":-2.5},{"x":6.5,"y":-2.5},{"x":7.5,"y":-2.5},{"x":8.5,"y":-2.5},{"x":9.5,"y":-2.5},{"x":4,"y":-1.5},{"x":5.5,"y":-1.5},{"x":7,"y":-1.5}]}],"seeds":["3CCGA7ZoX2eCSoVRh/h5lRg4ELN4lYBwlCKJmaiJl9CJoPp9g9J53mYxx8dM4DJNCdhBYVh0aXFFJUNSyXNZFVc048U1jzEhgThkn0R1XchFoaB0XUcUIec4YHiCaLNwoBVw4QYGIeg1BugQoUcQggUA"]},{"layers":[{"index":0,"tiles":[{"x":3.5,"y":-8.5},{"x":4.5,"y":-8.5},{"x":5.5,"y":-8.5},{"x":6.5,"y":-8.5},{"x":7.5,"y":-8.5},{"x":2.5,"y":-8},{"x":8.5,"y":-8},{"x":1.5,"y":-7.5},{"x":3.5,"y":-7.5},{"x":4.5,"y":-7.5},{"x":5.5,"y":-7.5},{"x":6.5,"y":-7.5},{"x":7.5,"y":-7.5},{"x":9.5,"y":-7.5},{"x":2.5,"y":-7},{"x":8.5,"y":-7},{"x":1,"y":-6.5},{"x":4,"y":-6.5},{"x":5.5,"y":-6.5},{"x":7,"y":-6.5},{"x":10,"y":-6.5},{"x":1.5,"y":-5.5},{"x":2.5,"y":-5.5},{"x":3.5,"y":-5.5},{"x":4.5,"y":-5.5},{"x":5.5,"y":-5.5},{"x":6.5,"y":-5.5},{"x":7.5,"y":-5.5},{"x":8.5,"y":-5.5},{"x":9.5,"y":-5.5},{"x":1,"y":-4.5},{"x":2,"y":-4.5},{"x":4,"y":-4.5},{"x":5.5,"y":-4.5},{"x":7,"y":-4.5},{"x":9,"y":-4.5},{"x":10,"y":-4.5},{"x":1.5,"y":-3.5},{"x":2.5,"y":-3.5},{"x":4.5,"y":-3.5},{"x":5.5,"y":-3.5},{"x":6.5,"y":-3.5},{"x":8.5,"y":-3.5},{"x":9.5,"y":-3.5},{"x":1,"y":-2.5},{"x":2,"y":-2.5},{"x":3,"y":-2.5},{"x":4,"y":-2.5},{"x":5.5,"y":-2.5},{"x":7,"y":-2.5},{"x":8,"y":-2.5},{"x":9,"y":-2.5},{"x":10,"y":-2.5},{"x":2,"y":-1.5},{"x":3,"y":-1.5},{"x":4,"y":-1.5},{"x":5.5,"y":-1.5},{"x":7,"y":-1.5},{"x":8,"y":-1.5},{"x":9,"y":-1.5}]},{"index":1,"tiles":[{"x":3.5,"y":-8.5},{"x":4.5,"y":-8.5},{"x":5.5,"y":-8.5},{"x":6.5,"y":-8.5},{"x":7.5,"y":-8.5},{"x":2.5,"y":-8},{"x":8.5,"y":-8},{"x":1.5,"y":-7.5},{"x":3.5,"y":-7.5},{"x":4.5,"y":-7.5},{"x":5.5,"y":-7.5},{"x":6.5,"y":-7.5},{"x":7.5,"y":-7.5},{"x":9.5,"y":-7.5},{"x":2.5,"y":-7},{"x":8.5,"y":-7},{"x":1,"y":-6.5},{"x":4,"y":-6.5},{"x":5.5,"y":-6.5},{"x":7,"y":-6.5},{"x":10,"y":-6.5},{"x":1.5,"y":-5.5},{"x":2.5,"y":-5.5},{"x":3.5,"y":-5.5},{"x":4.5,"y":-5.5},{"x":5.5,"y":-5.5},{"x":6.5,"y":-5.5},{"x":7.5,"y":-5.5},{"x":8.5,"y":-5.5},{"x":9.5,"y":-5.5},{"x":1,"y":-4.5},{"x":2,"y":-4.5},{"x":4,"y":-4.5},{"x":5.5,"y":-4.5},{"x":7,"y":-4.5},{"x":9,"y":-4.5},{"x":10,"y":-4.5},{"x":1.5,"y":-3.5},{"x":2.5,"y":-3.5},{"x":4.5,"y":-3.5},{"x":5.5,"y":-3.5},{"x":6.5,"y":-3.5},{"x":8.5,"y":-3.5},{"x":9.5,"y":-3.5},{"x":1,"y":-2.5},{"x":2,"y":-2.5},{"x":3,"y":-2.5},{"x":4,"y":-2.5},{"x":5.5,"y":-2.5},{"x":7,"y":-2.5},{"x":8,"y":-2.5},{"x":9,"y":-2.5},{"x":10,"y":-2.5},{"x":2,"y":-1.5},{"x":3,"y":-1.5},{"x":4,"y":-1.5},{"x":5.5,"y":-1.5},{"x":7,"y":-1.5},{"x":8,"y":-1.5},{"x":9,"y":-1.5}]},{"index":2,"tiles":[{"x":3.5,"y":-8.5},{"x":4.5,"y":-8.5},{"x":5.5,"y":-8.5},{"x":6.5,"y":-8.5},{"x":7.5,"y":-8.5},{"x":2.5,"y":-8},{"x":8.5,"y":-8},{"x":1.5,"y":-7.5},{"x":3.5,"y":-7.5},{"x":4.5,"y":-7.5},{"x":5.5,"y":-7.5},{"x":6.5,"y":-7.5},{"x":7.5,"y":-7.5},{"x":9.5,"y":-7.5},{"x":2.5,"y":-7},{"x":8.5,"y":-7},{"x":1,"y":-6.5},{"x":4,"y":-6.5},{"x":5.5,"y":-6.5},{"x":7,"y":-6.5},{"x":10,"y":-6.5},{"x":1.5,"y":-5.5},{"x":2.5,"y":-5.5},{"x":3.5,"y":-5.5},{"x":4.5,"y":-5.5},{"x":5.5,"y":-5.5},{"x":6.5,"y":-5.5},{"x":7.5,"y":-5.5},{"x":8.5,"y":-5.5},{"x":9.5,"y":-5.5},{"x":1,"y":-4.5},{"x":2,"y":-4.5},{"x":4,"y":-4.5},{"x":5.5,"y":-4.5},{"x":7,"y":-4.5},{"x":9,"y":-4.5},{"x":10,"y":-4.5},{"x":1.5,"y":-3.5},{"x":2.5,"y":-3.5},{"x":4.5,"y":-3.5},{"x":5.5,"y":-3.5},{"x":6.5,"y":-3.5},{"x":8.5,"y":-3.5},{"x":9.5,"y":-3.5},{"x":1,"y":-2.5},{"x":2,"y":-2.5},{"x":3,"y":-2.5},{"x":4,"y":-2.5},{"x":5.5,"y":-2.5},{"x":7,"y":-2.5},{"x":8,"y":-2.5},{"x":9,"y":-2.5},{"x":10,"y":-2.5},{"x":2,"y":-1.5},{"x":3,"y":-1.5},{"x":4,"y":-1.5},{"x":5.5,"y":-1.5},{"x":7,"y":-1.5},{"x":8,"y":-1.5},{"x":9,"y":-1.5}]}],"seeds":["H4WSFMYRhsI1WsGByBNyoSM1EKI+XSdqHhRCziKIhYiknrdRwxk8HxcRCaN4U5SBTEccVGgxCqiAYhUaVrBExdJ1IddMYPgVmHgZAgOC0wcOGuYhgxle4JdMo1iBYBgKGVeFjhUN2gJJ4gdaX7A4hngsmdBVISd+XCceJRZsj+dxzXVcHZF5"]},{"layers":[{"index":0,"tiles":[{"x":5.5,"y":-9},{"x":2,"y":-8.5},{"x":3,"y":-8.5},{"x":8,"y":-8.5},{"x":9,"y":-8.5},{"x":5.5,"y":-8},{"x":2,"y":-7.5},{"x":4.5,"y":-7.5},{"x":6.5,"y":-7.5},{"x":9,"y":-7.5},{"x":5.5,"y":-7},{"x":2,"y":-6.5},{"x":3,"y":-6.5},{"x":8,"y":-6.5},{"x":9,"y":-6.5},{"x":5.5,"y":-6},{"x":4.5,"y":-5.5},{"x":6.5,"y":-5.5},{"x":1,"y":-5},{"x":2,"y":-5},{"x":3,"y":-5},{"x":5.5,"y":-5},{"x":8,"y":-5},{"x":9,"y":-5},{"x":10,"y":-5},{"x":4.5,"y":-4.5},{"x":6.5,"y":-4.5},{"x":5.5,"y":-4},{"x":2,"y":-3.5},{"x":3,"y":-3.5},{"x":8,"y":-3.5},{"x":9,"y":-3.5},{"x":5.5,"y":-3},{"x":2,"y":-2.5},{"x":4.5,"y":-2.5},{"x":6.5,"y":-2.5},{"x":9,"y":-2.5},{"x":5.5,"y":-2},{"x":2,"y":-1.5},{"x":3,"y":-1.5},{"x":8,"y":-1.5},{"x":9,"y":-1.5},{"x":5.5,"y":-1}]},{"index":1,"tiles":[{"x":5.5,"y":-9},{"x":2,"y":-8.5},{"x":3,"y":-8.5},{"x":8,"y":-8.5},{"x":9,"y":-8.5},{"x":5.5,"y":-8},{"x":2,"y":-7.5},{"x":4.5,"y":-7.5},{"x":6.5,"y":-7.5},{"x":9,"y":-7.5},{"x":5.5,"y":-7},{"x":2,"y":-6.5},{"x":3,"y":-6.5},{"x":8,"y":-6.5},{"x":9,"y":-6.5},{"x":5.5,"y":-6},{"x":4.5,"y":-5.5},{"x":6.5,"y":-5.5},{"x":1,"y":-5},{"x":2,"y":-5},{"x":3,"y":-5},{"x":5.5,"y":-5},{"x":8,"y":-5},{"x":9,"y":-5},{"x":10,"y":-5},{"x":4.5,"y":-4.5},{"x":6.5,"y":-4.5},{"x":5.5,"y":-4},{"x":2,"y":-3.5},{"x":3,"y":-3.5},{"x":8,"y":-3.5},{"x":9,"y":-3.5},{"x":5.5,"y":-3},{"x":2,"y":-2.5},{"x":4.5,"y":-2.5},{"x":6.5,"y":-2.5},{"x":9,"y":-2.5},{"x":5.5,"y":-2},{"x":2,"y":-1.5},{"x":3,"y":-1.5},{"x":8,"y":-1.5},{"x":9,"y":-1.5},{"x":5.5,"y":-1}]},{"index":2,"tiles":[{"x":5.5,"y":-9},{"x":2,"y":-8.5},{"x":3,"y":-8.5},{"x":8,"y":-8.5},{"x":9,"y":-8.5},{"x":5.5,"y":-8},{"x":2,"y":-7.5},{"x":4.5,"y":-7.5},{"x":6.5,"y":-7.5},{"x":9,"y":-7.5},{"x":5.5,"y":-7},{"x":2,"y":-6.5},{"x":3,"y":-6.5},{"x":8,"y":-6.5},{"x":9,"y":-6.5},{"x":5.5,"y":-6},{"x":4.5,"y":-5.5},{"x":6.5,"y":-5.5},{"x":1,"y":-5},{"x":2,"y":-5},{"x":3,"y":-5},{"x":5.5,"y":-5},{"x":8,"y":-5},{"x":9,"y":-5},{"x":10,"y":-5},{"x":4.5,"y":-4.5},{"x":6.5,"y":-4.5},{"x":5.5,"y":-4},{"x":2,"y":-3.5},{"x":3,"y":-3.5},{"x":8,"y":-3.5},{"x":9,"y":-3.5},{"x":5.5,"y":-3},{"x":2,"y":-2.5},{"x":4.5,"y":-2.5},{"x":6.5,"y":-2.5},{"x":9,"y":-2.5},{"x":5.5,"y":-2},{"x":2,"y":-1.5},{"x":3,"y":-1.5},{"x":8,"y":-1.5},{"x":9,"y":-1.5},{"x":5.5,"y":-1}]},{"index":3,"tiles":[{"x":5.5,"y":-5}]}],"seeds":["giQ0R+IJQceAg2Z2BTc0X+hxTaRWIhKKoFdukFcFE5hVmuE5yEaORThMTfJRnwcan8UtRCARYRhWHqcoIkpBoPgMV7BgTrekx/l1AvcpFCOKGfhcS+RhVgdOXchQIacw4AQA"]},{"layers":[{"index":0,"tiles":[{"x":5.5,"y":-8.5},{"x":5.5,"y":-7.5},{"x":5.5,"y":-6.5},{"x":0.5,"y":-6},{"x":1.5,"y":-6},{"x":2.5,"y":-6},{"x":3.5,"y":-6},{"x":4.5,"y":-6},{"x":6.5,"y":-6},{"x":7.5,"y":-6},{"x":8.5,"y":-6},{"x":9.5,"y":-6},{"x":10.5,"y":-6},{"x":5.5,"y":-5.5},{"x":0.5,"y":-5},{"x":1.5,"y":-5},{"x":2.5,"y":-5},{"x":3.5,"y":-5},{"x":4.5,"y":-5},{"x":6.5,"y":-5},{"x":7.5,"y":-5},{"x":8.5,"y":-5},{"x":9.5,"y":-5},{"x":10.5,"y":-5},{"x":5.5,"y":-4.5},{"x":0.5,"y":-4},{"x":1.5,"y":-4},{"x":2.5,"y":-4},{"x":3.5,"y":-4},{"x":4.5,"y":-4},{"x":6.5,"y":-4},{"x":7.5,"y":-4},{"x":8.5,"y":-4},{"x":9.5,"y":-4},{"x":10.5,"y":-4},{"x":5.5,"y":-3.5},{"x":5.5,"y":-2.5},{"x":5.5,"y":-1.5}]},{"index":1,"tiles":[{"x":5.5,"y":-8.5},{"x":5.5,"y":-7.5},{"x":5.5,"y":-6.5},{"x":0.5,"y":-6},{"x":1.5,"y":-6},{"x":2.5,"y":-6},{"x":3.5,"y":-6},{"x":4.5,"y":-6},{"x":6.5,"y":-6},{"x":7.5,"y":-6},{"x":8.5,"y":-6},{"x":9.5,"y":-6},{"x":10.5,"y":-6},{"x":5.5,"y":-5.5},{"x":0.5,"y":-5},{"x":1.5,"y":-5},{"x":2.5,"y":-5},{"x":3.5,"y":-5},{"x":4.5,"y":-5},{"x":6.5,"y":-5},{"x":7.5,"y":-5},{"x":8.5,"y":-5},{"x":9.5,"y":-5},{"x":10.5,"y":-5},{"x":5.5,"y":-4.5},{"x":0.5,"y":-4},{"x":1.5,"y":-4},{"x":2.5,"y":-4},{"x":3.5,"y":-4},{"x":4.5,"y":-4},{"x":6.5,"y":-4},{"x":7.5,"y":-4},{"x":8.5,"y":-4},{"x":9.5,"y":-4},{"x":10.5,"y":-4},{"x":5.5,"y":-3.5},{"x":5.5,"y":-2.5},{"x":5.5,"y":-1.5}]},{"index":2,"tiles":[{"x":1,"y":-6.5},{"x":3,"y":-6.5},{"x":5,"y":-6.5},{"x":6,"y":-6.5},{"x":8,"y":-6.5},{"x":10,"y":-6.5},{"x":1,"y":-5.5},{"x":3,"y":-5.5},{"x":5,"y":-5.5},{"x":6,"y":-5.5},{"x":8,"y":-5.5},{"x":10,"y":-5.5},{"x":1,"y":-4.5},{"x":3,"y":-4.5},{"x":5,"y":-4.5},{"x":6,"y":-4.5},{"x":8,"y":-4.5},{"x":10,"y":-4.5},{"x":1,"y":-3.5},{"x":3,"y":-3.5},{"x":5,"y":-3.5},{"x":6,"y":-3.5},{"x":8,"y":-3.5},{"x":10,"y":-3.5}]},{"index":3,"tiles":[{"x":1,"y":-6.5},{"x":3,"y":-6.5},{"x":5,"y":-6.5},{"x":6,"y":-6.5},{"x":8,"y":-6.5},{"x":10,"y":-6.5},{"x":1,"y":-5.5},{"x":3,"y":-5.5},{"x":5,"y":-5.5},{"x":6,"y":-5.5},{"x":8,"y":-5.5},{"x":10,"y":-5.5},{"x":1,"y":-4.5},{"x":3,"y":-4.5},{"x":5,"y":-4.5},{"x":6,"y":-4.5},{"x":8,"y":-4.5},{"x":10,"y":-4.5},{"x":1,"y":-3.5},{"x":3,"y":-3.5},{"x":5,"y":-3.5},{"x":6,"y":-3.5},{"x":8,"y":-3.5},{"x":10,"y":-3.5}]}],"seeds":["oOJMXhJ8XoMwZtSBiVKCHNd0WQgFguR5W6GAjEVtmjGJYVVNFCcoaiBIF4gFA0pEC0cM6UFxAvlgHQchD7E4C7FY49eBXRBMoeZNoQFuoQh64iYe1yeen5gVExV2"]},{"layers":[{"index":0,"tiles":[{"x":5,"y":-8},{"x":6,"y":-8},{"x":3,"y":-7},{"x":5,"y":-7},{"x":6,"y":-7},{"x":8,"y":-7},{"x":1,"y":-6.5},{"x":10,"y":-6.5},{"x":3,"y":-6},{"x":5,"y":-6},{"x":6,"y":-6},{"x":8,"y":-6},{"x":1,"y":-5.5},{"x":10,"y":-5.5},{"x":3,"y":-5},{"x":5,"y":-5},{"x":6,"y":-5},{"x":8,"y":-5},{"x":1,"y":-4.5},{"x":10,"y":-4.5},{"x":3,"y":-4},{"x":5,"y":-4},{"x":6,"y":-4},{"x":8,"y":-4},{"x":1,"y":-3.5},{"x":10,"y":-3.5},{"x":3,"y":-3},{"x":5,"y":-3},{"x":6,"y":-3},{"x":8,"y":-3},{"x":1,"y":-2},{"x":2,"y":-2},{"x":3,"y":-2},{"x":4,"y":-2},{"x":5,"y":-2},{"x":6,"y":-2},{"x":7,"y":-2},{"x":8,"y":-2},{"x":9,"y":-2},{"x":10,"y":-2}]},{"index":1,"tiles":[{"x":5,"y":-8},{"x":6,"y":-8},{"x":3,"y":-7},{"x":5,"y":-7},{"x":6,"y":-7},{"x":8,"y":-7},{"x":1,"y":-6.5},{"x":10,"y":-6.5},{"x":3,"y":-6},{"x":5,"y":-6},{"x":6,"y":-6},{"x":8,"y":-6},{"x":1,"y":-5.5},{"x":10,"y":-5.5},{"x":3,"y":-5},{"x":5,"y":-5},{"x":6,"y":-5},{"x":8,"y":-5},{"x":1,"y":-4.5},{"x":10,"y":-4.5},{"x":3,"y":-4},{"x":5,"y":-4},{"x":6,"y":-4},{"x":8,"y":-4},{"x":1,"y":-3.5},{"x":10,"y":-3.5},{"x":3,"y":-3},{"x":5,"y":-3},{"x":6,"y":-3},{"x":8,"y":-3},{"x":2,"y":-2},{"x":3,"y":-2},{"x":4,"y":-2},{"x":5,"y":-2},{"x":6,"y":-2},{"x":7,"y":-2},{"x":8,"y":-2},{"x":9,"y":-2}]},{"index":2,"tiles":[{"x":5,"y":-8},{"x":6,"y":-8},{"x":3,"y":-7},{"x":5,"y":-7},{"x":6,"y":-7},{"x":8,"y":-7},{"x":3,"y":-6},{"x":5,"y":-6},{"x":6,"y":-6},{"x":8,"y":-6},{"x":3,"y":-5},{"x":5,"y":-5},{"x":6,"y":-5},{"x":8,"y":-5},{"x":3,"y":-4},{"x":5,"y":-4},{"x":6,"y":-4},{"x":8,"y":-4},{"x":3,"y":-3},{"x":5,"y":-3},{"x":6,"y":-3},{"x":8,"y":-3},{"x":3,"y":-2},{"x":4,"y":-2},{"x":5,"y":-2},{"x":6,"y":-2},{"x":7,"y":-2},{"x":8,"y":-2}]},{"index":3,"tiles":[{"x":5,"y":-8},{"x":6,"y":-8},{"x":5,"y":-7},{"x":6,"y":-7},{"x":5,"y":-6},{"x":6,"y":-6},{"x":5,"y":-5},{"x":6,"y":-5},{"x":5,"y":-4},{"x":6,"y":-4},{"x":5,"y":-3},{"x":6,"y":-3},{"x":4,"y":-2},{"x":5,"y":-2},{"x":6,"y":-2},{"x":7,"y":-2}]},{"index":4,"tiles":[{"x":5,"y":-8},{"x":6,"y":-8},{"x":5,"y":-7},{"x":6,"y":-7},{"x":5,"y":-6},{"x":6,"y":-6},{"x":5,"y":-5},{"x":6,"y":-5},{"x":5,"y":-4},{"x":6,"y":-4},{"x":5,"y":-3},{"x":6,"y":-3},{"x":5,"y":-2},{"x":6,"y":-2}]}],"seeds":["nFQKaIOBFUFRFZglyNCFH0eIjFF0DqQooucRXyA0HWhSnVJkmwRiYqpeDzNxIvJ8m/hVQ+SFViQK4bIMx+JUwTd53xd6TPedmhVw4RVCQbgkE6gc4hdyjPBRkziCAjhwggZ2nkES"]},{"layers":[{"index":0,"tiles":[{"x":1.5,"y":-9},{"x":2.5,"y":-9},{"x":3.5,"y":-9},{"x":4.5,"y":-9},{"x":5.5,"y":-9},{"x":6.5,"y":-9},{"x":7.5,"y":-9},{"x":8.5,"y":-9},{"x":9.5,"y":-9},{"x":2,"y":-8},{"x":4,"y":-8},{"x":5,"y":-8},{"x":6,"y":-8},{"x":7,"y":-8},{"x":9,"y":-8},{"x":2.5,"y":-7},{"x":4.5,"y":-7},{"x":5.5,"y":-7},{"x":6.5,"y":-7},{"x":8.5,"y":-7},{"x":3,"y":-6},{"x":5,"y":-6},{"x":6,"y":-6},{"x":8,"y":-6},{"x":3.5,"y":-5},{"x":5,"y":-5},{"x":6,"y":-5},{"x":7.5,"y":-5},{"x":3,"y":-4},{"x":4,"y":-4},{"x":5,"y":-4},{"x":6,"y":-4},{"x":7,"y":-4},{"x":8,"y":-4},{"x":2.5,"y":-3},{"x":4.5,"y":-3},{"x":5.5,"y":-3},{"x":6.5,"y":-3},{"x":8.5,"y":-3},{"x":3.5,"y":-2.5},{"x":7.5,"y":-2.5},{"x":2,"y":-2},{"x":9,"y":-2},{"x":1.5,"y":-1},{"x":2.5,"y":-1},{"x":3.5,"y":-1},{"x":4.5,"y":-1},{"x":5.5,"y":-1},{"x":6.5,"y":-1},{"x":7.5,"y":-1},{"x":8.5,"y":-1},{"x":9.5,"y":-1}]},{"index":1,"tiles":[{"x":1.5,"y":-9},{"x":2.5,"y":-9},{"x":3.5,"y":-9},{"x":4.5,"y":-9},{"x":5.5,"y":-9},{"x":6.5,"y":-9},{"x":7.5,"y":-9},{"x":8.5,"y":-9},{"x":9.5,"y":-9},{"x":2,"y":-8},{"x":5,"y":-8},{"x":6,"y":-8},{"x":9,"y":-8},{"x":2.5,"y":-7},{"x":5.5,"y":-7},{"x":8.5,"y":-7},{"x":3,"y":-6},{"x":5,"y":-6},{"x":6,"y":-6},{"x":8,"y":-6},{"x":3.5,"y":-5},{"x":5,"y":-5},{"x":6,"y":-5},{"x":7.5,"y":-5},{"x":3,"y":-4},{"x":5,"y":-4},{"x":6,"y":-4},{"x":8,"y":-4},{"x":2.5,"y":-3},{"x":4.5,"y":-3},{"x":6.5,"y":-3},{"x":8.5,"y":-3},{"x":2,"y":-2},{"x":9,"y":-2},{"x":1.5,"y":-1},{"x":2.5,"y":-1},{"x":3.5,"y":-1},{"x":4.5,"y":-1},{"x":5.5,"y":-1},{"x":6.5,"y":-1},{"x":7.5,"y":-1},{"x":8.5,"y":-1},{"x":9.5,"y":-1}]},{"index":2,"tiles":[{"x":1.5,"y":-9},{"x":2.5,"y":-9},{"x":3.5,"y":-9},{"x":4.5,"y":-9},{"x":5.5,"y":-9},{"x":6.5,"y":-9},{"x":7.5,"y":-9},{"x":8.5,"y":-9},{"x":9.5,"y":-9},{"x":2,"y":-8},{"x":9,"y":-8},{"x":2.5,"y":-7},{"x":3,"y":-6},{"x":3.5,"y":-5},{"x":3,"y":-4},{"x":8,"y":-4},{"x":2.5,"y":-3},{"x":8.5,"y":-3},{"x":2,"y":-2},{"x":9,"y":-2},{"x":1.5,"y":-1},{"x":2.5,"y":-1},{"x":3.5,"y":-1},{"x":4.5,"y":-1},{"x":5.5,"y":-1},{"x":6.5,"y":-1},{"x":7.5,"y":-1},{"x":8.5,"y":-1},{"x":9.5,"y":-1}]}],"seeds":["4sJECciBjPiYlUAYTRhgAWWMRzdMIuh1CLl4zxZUDCh2nLQNGXd4TciFyVU4U7dU0OddqKZIHXhVRCUiHBOJl1Jg4Fcuyhdw1KSBk/qF4VJxZ8aBgqB0gpNaixVC"]},{"layers":[{"index":0,"tiles":[{"x":5.5,"y":-8.5},{"x":2.5,"y":-8},{"x":3.5,"y":-8},{"x":4.5,"y":-8},{"x":6.5,"y":-8},{"x":7.5,"y":-8},{"x":8.5,"y":-8},{"x":5.5,"y":-7.5},{"x":1,"y":-6.5},{"x":2,"y":-6.5},{"x":3,"y":-6.5},{"x":4,"y":-6.5},{"x":5.5,"y":-6.5},{"x":7,"y":-6.5},{"x":8,"y":-6.5},{"x":9,"y":-6.5},{"x":10,"y":-6.5},{"x":2.5,"y":-5.5},{"x":5.5,"y":-5.5},{"x":8.5,"y":-5.5},{"x":1.5,"y":-5},{"x":3.5,"y":-5},{"x":7.5,"y":-5},{"x":9.5,"y":-5},{"x":2.5,"y":-4.5},{"x":5.5,"y":-4.5},{"x":8.5,"y":-4.5},{"x":1,"y":-3.5},{"x":2,"y":-3.5},{"x":3,"y":-3.5},{"x":4,"y":-3.5},{"x":5.5,"y":-3.5},{"x":7,"y":-3.5},{"x":8,"y":-3.5},{"x":9,"y":-3.5},{"x":10,"y":-3.5},{"x":5.5,"y":-2.5},{"x":2.5,"y":-2},{"x":3.5,"y":-2},{"x":4.5,"y":-2},{"x":6.5,"y":-2},{"x":7.5,"y":-2},{"x":8.5,"y":-2},{"x":5.5,"y":-1.5}]},{"index":1,"tiles":[{"x":5.5,"y":-8.5},{"x":3.5,"y":-8},{"x":4.5,"y":-8},{"x":6.5,"y":-8},{"x":7.5,"y":-8},{"x":5.5,"y":-7.5},{"x":1,"y":-6.5},{"x":2,"y":-6.5},{"x":3,"y":-6.5},{"x":4,"y":-6.5},{"x":5.5,"y":-6.5},{"x":7,"y":-6.5},{"x":8,"y":-6.5},{"x":9,"y":-6.5},{"x":10,"y":-6.5},{"x":2.5,"y":-5.5},{"x":5.5,"y":-5.5},{"x":8.5,"y":-5.5},{"x":1.5,"y":-5},{"x":3.5,"y":-5},{"x":7.5,"y":-5},{"x":9.5,"y":-5},{"x":2.5,"y":-4.5},{"x":5.5,"y":-4.5},{"x":8.5,"y":-4.5},{"x":1,"y":-3.5},{"x":2,"y":-3.5},{"x":3,"y":-3.5},{"x":4,"y":-3.5},{"x":5.5,"y":-3.5},{"x":7,"y":-3.5},{"x":8,"y":-3.5},{"x":9,"y":-3.5},{"x":10,"y":-3.5},{"x":5.5,"y":-2.5},{"x":3.5,"y":-2},{"x":4.5,"y":-2},{"x":6.5,"y":-2},{"x":7.5,"y":-2},{"x":5.5,"y":-1.5}]},{"index":2,"tiles":[{"x":5.5,"y":-8.5},{"x":4.5,"y":-8},{"x":6.5,"y":-8},{"x":5.5,"y":-7.5},{"x":1,"y":-6.5},{"x":2,"y":-6.5},{"x":3,"y":-6.5},{"x":4,"y":-6.5},{"x":5.5,"y":-6.5},{"x":7,"y":-6.5},{"x":8,"y":-6.5},{"x":9,"y":-6.5},{"x":10,"y":-6.5},{"x":2.5,"y":-5.5},{"x":5.5,"y":-5.5},{"x":8.5,"y":-5.5},{"x":1.5,"y":-5},{"x":3.5,"y":-5},{"x":7.5,"y":-5},{"x":9.5,"y":-5},{"x":2.5,"y":-4.5},{"x":5.5,"y":-4.5},{"x":8.5,"y":-4.5},{"x":1,"y":-3.5},{"x":2,"y":-3.5},{"x":3,"y":-3.5},{"x":4,"y":-3.5},{"x":5.5,"y":-3.5},{"x":7,"y":-3.5},{"x":8,"y":-3.5},{"x":9,"y":-3.5},{"x":10,"y":-3.5},{"x":5.5,"y":-2.5},{"x":4.5,"y":-2},{"x":6.5,"y":-2},{"x":5.5,"y":-1.5}]}],"seeds":["jwSh1yQQ3ORhqqV4TkCGYqOkjRMaAQeGmDg9IUcxX7JpYtCF0IF8CtiFw3QGYOIJnrII1ZJZBkeJkrh8XQcuXhV6IBVRILeVEVMcYRFmnBl2gjgi3QB+BKhd"]},{"layers":[{"index":0,"tiles":[{"x":2,"y":-7.5},{"x":3,"y":-7.5},{"x":4,"y":-7.5},{"x":5.5,"y":-7.5},{"x":7,"y":-7.5},{"x":8,"y":-7.5},{"x":9,"y":-7.5},{"x":2,"y":-6.5},{"x":3,"y":-6.5},{"x":4,"y":-6.5},{"x":5.5,"y":-6.5},{"x":7,"y":-6.5},{"x":8,"y":-6.5},{"x":9,"y":-6.5},{"x":3,"y":-5.5},{"x":5.5,"y":-5.5},{"x":8,"y":-5.5},{"x":1.5,"y":-4.5},{"x":2.5,"y":-4.5},{"x":3.5,"y":-4.5},{"x":4.5,"y":-4.5},{"x":5.5,"y":-4.5},{"x":6.5,"y":-4.5},{"x":7.5,"y":-4.5},{"x":8.5,"y":-4.5},{"x":9.5,"y":-4.5},{"x":3,"y":-3.5},{"x":5.5,"y":-3.5},{"x":8,"y":-3.5},{"x":2,"y":-2.5},{"x":3,"y":-2.5},{"x":4,"y":-2.5},{"x":5.5,"y":-2.5},{"x":7,"y":-2.5},{"x":8,"y":-2.5},{"x":9,"y":-2.5},{"x":2,"y":-1.5},{"x":3,"y":-1.5},{"x":4,"y":-1.5},{"x":5.5,"y":-1.5},{"x":7,"y":-1.5},{"x":8,"y":-1.5},{"x":9,"y":-1.5}]},{"index":1,"tiles":[{"x":2,"y":-7.5},{"x":3,"y":-7.5},{"x":4,"y":-7.5},{"x":5.5,"y":-7.5},{"x":7,"y":-7.5},{"x":8,"y":-7.5},{"x":9,"y":-7.5},{"x":2,"y":-6.5},{"x":3,"y":-6.5},{"x":4,"y":-6.5},{"x":5.5,"y":-6.5},{"x":7,"y":-6.5},{"x":8,"y":-6.5},{"x":9,"y":-6.5},{"x":3,"y":-5.5},{"x":5.5,"y":-5.5},{"x":8,"y":-5.5},{"x":1.5,"y":-4.5},{"x":2.5,"y":-4.5},{"x":3.5,"y":-4.5},{"x":4.5,"y":-4.5},{"x":5.5,"y":-4.5},{"x":6.5,"y":-4.5},{"x":7.5,"y":-4.5},{"x":8.5,"y":-4.5},{"x":9.5,"y":-4.5},{"x":3,"y":-3.5},{"x":5.5,"y":-3.5},{"x":8,"y":-3.5},{"x":2,"y":-2.5},{"x":3,"y":-2.5},{"x":4,"y":-2.5},{"x":5.5,"y":-2.5},{"x":7,"y":-2.5},{"x":8,"y":-2.5},{"x":9,"y":-2.5},{"x":2,"y":-1.5},{"x":3,"y":-1.5},{"x":4,"y":-1.5},{"x":5.5,"y":-1.5},{"x":7,"y":-1.5},{"x":8,"y":-1.5},{"x":9,"y":-1.5}]},{"index":2,"tiles":[{"x":2,"y":-7.5},{"x":3,"y":-7.5},{"x":4,"y":-7.5},{"x":5.5,"y":-7.5},{"x":7,"y":-7.5},{"x":8,"y":-7.5},{"x":9,"y":-7.5},{"x":2,"y":-6.5},{"x":3,"y":-6.5},{"x":4,"y":-6.5},{"x":5.5,"y":-6.5},{"x":7,"y":-6.5},{"x":8,"y":-6.5},{"x":9,"y":-6.5},{"x":3,"y":-5.5},{"x":5.5,"y":-5.5},{"x":8,"y":-5.5},{"x":1.5,"y":-4.5},{"x":2.5,"y":-4.5},{"x":3.5,"y":-4.5},{"x":4.5,"y":-4.5},{"x":5.5,"y":-4.5},{"x":6.5,"y":-4.5},{"x":7.5,"y":-4.5},{"x":8.5,"y":-4.5},{"x":9.5,"y":-4.5},{"x":3,"y":-3.5},{"x":5.5,"y":-3.5},{"x":8,"y":-3.5},{"x":2,"y":-2.5},{"x":3,"y":-2.5},{"x":4,"y":-2.5},{"x":5.5,"y":-2.5},{"x":7,"y":-2.5},{"x":8,"y":-2.5},{"x":9,"y":-2.5},{"x":2,"y":-1.5},{"x":3,"y":-1.5},{"x":4,"y":-1.5},{"x":5.5,"y":-1.5},{"x":7,"y":-1.5},{"x":8,"y":-1.5},{"x":9,"y":-1.5}]},{"index":3,"tiles":[{"x":5.5,"y":-4.5}]}],"seeds":["lYN8XnKJYDgp6gAd6LBhmhKJVVR+n0dwwnNUgtAtnnNFSkCFxtl9mhd4idQxJMNx4hBwIBZEymBsYPc0YOZ5C9hNIMJkDEWFYtiFCzgt3FeIHhSGYEhw4ySlwldYFmWKTQUA"]},{"layers":[{"index":0,"tiles":[{"x":1,"y":-7.5},{"x":2,"y":-7.5},{"x":3,"y":-7.5},{"x":4,"y":-7.5},{"x":5,"y":-7.5},{"x":6,"y":-7.5},{"x":7,"y":-7.5},{"x":8,"y":-7.5},{"x":9,"y":-7.5},{"x":10,"y":-7.5},{"x":1,"y":-6.5},{"x":10,"y":-6.5},{"x":3.5,"y":-6},{"x":4.5,"y":-6},{"x":5.5,"y":-6},{"x":6.5,"y":-6},{"x":7.5,"y":-6},{"x":1,"y":-5.5},{"x":10,"y":-5.5},{"x":2.5,"y":-5},{"x":3.5,"y":-5},{"x":7.5,"y":-5},{"x":8.5,"y":-5},{"x":1,"y":-4.5},{"x":5,"y":-4.5},{"x":6,"y":-4.5},{"x":10,"y":-4.5},{"x":2.5,"y":-4},{"x":3.5,"y":-4},{"x":7.5,"y":-4},{"x":8.5,"y":-4},{"x":1,"y":-3.5},{"x":10,"y":-3.5},{"x":3.5,"y":-3},{"x":4.5,"y":-3},{"x":5.5,"y":-3},{"x":6.5,"y":-3},{"x":7.5,"y":-3},{"x":1,"y":-2.5},{"x":10,"y":-2.5},{"x":1,"y":-1.5},{"x":2,"y":-1.5},{"x":3,"y":-1.5},{"x":4,"y":-1.5},{"x":5,"y":-1.5},{"x":6,"y":-1.5},{"x":7,"y":-1.5},{"x":8,"y":-1.5},{"x":9,"y":-1.5},{"x":10,"y":-1.5}]},{"index":1,"tiles":[{"x":1,"y":-7.5},{"x":2,"y":-7.5},{"x":3,"y":-7.5},{"x":4,"y":-7.5},{"x":5,"y":-7.5},{"x":6,"y":-7.5},{"x":7,"y":-7.5},{"x":8,"y":-7.5},{"x":9,"y":-7.5},{"x":10,"y":-7.5},{"x":1,"y":-6.5},{"x":10,"y":-6.5},{"x":3.5,"y":-6},{"x":4.5,"y":-6},{"x":5.5,"y":-6},{"x":6.5,"y":-6},{"x":7.5,"y":-6},{"x":1,"y":-5.5},{"x":10,"y":-5.5},{"x":2.5,"y":-5},{"x":3.5,"y":-5},{"x":7.5,"y":-5},{"x":8.5,"y":-5},{"x":1,"y":-4.5},{"x":5,"y":-4.5},{"x":6,"y":-4.5},{"x":10,"y":-4.5},{"x":2.5,"y":-4},{"x":3.5,"y":-4},{"x":7.5,"y":-4},{"x":8.5,"y":-4},{"x":1,"y":-3.5},{"x":10,"y":-3.5},{"x":3.5,"y":-3},{"x":4.5,"y":-3},{"x":5.5,"y":-3},{"x":6.5,"y":-3},{"x":7.5,"y":-3},{"x":1,"y":-2.5},{"x":10,"y":-2.5},{"x":1,"y":-1.5},{"x":2,"y":-1.5},{"x":3,"y":-1.5},{"x":4,"y":-1.5},{"x":5,"y":-1.5},{"x":6,"y":-1.5},{"x":7,"y":-1.5},{"x":8,"y":-1.5},{"x":9,"y":-1.5},{"x":10,"y":-1.5}]},{"index":2,"tiles":[{"x":1,"y":-7.5},{"x":2,"y":-7.5},{"x":3,"y":-7.5},{"x":4,"y":-7.5},{"x":5,"y":-7.5},{"x":6,"y":-7.5},{"x":7,"y":-7.5},{"x":8,"y":-7.5},{"x":9,"y":-7.5},{"x":10,"y":-7.5},{"x":1,"y":-6.5},{"x":10,"y":-6.5},{"x":3.5,"y":-6},{"x":4.5,"y":-6},{"x":5.5,"y":-6},{"x":6.5,"y":-6},{"x":7.5,"y":-6},{"x":1,"y":-5.5},{"x":10,"y":-5.5},{"x":2.5,"y":-5},{"x":3.5,"y":-5},{"x":7.5,"y":-5},{"x":8.5,"y":-5},{"x":1,"y":-4.5},{"x":5,"y":-4.5},{"x":6,"y":-4.5},{"x":10,"y":-4.5},{"x":2.5,"y":-4},{"x":3.5,"y":-4},{"x":7.5,"y":-4},{"x":8.5,"y":-4},{"x":1,"y":-3.5},{"x":10,"y":-3.5},{"x":3.5,"y":-3},{"x":4.5,"y":-3},{"x":5.5,"y":-3},{"x":6.5,"y":-3},{"x":7.5,"y":-3},{"x":1,"y":-2.5},{"x":10,"y":-2.5},{"x":1,"y":-1.5},{"x":2,"y":-1.5},{"x":3,"y":-1.5},{"x":4,"y":-1.5},{"x":5,"y":-1.5},{"x":6,"y":-1.5},{"x":7,"y":-1.5},{"x":8,"y":-1.5},{"x":9,"y":-1.5},{"x":10,"y":-1.5}]}],"seeds":["KEUQDAQFU9VN3CeCIaE8xdA1SLdAoRQKQxJkC1dJ2JdpjBEInAgyGGFtHzhGngJG32CSyfCdgxiCYLOATehxnkBNXmWIl/J9xyE2ooAw6eQp4NJBZQgGIWd5Xwc6SqVwzSNqlCWqjVN0FhU2zcVx2wAA"]},{"layers":[{"index":0,"tiles":[{"x":3.5,"y":-7},{"x":5.5,"y":-7},{"x":7.5,"y":-7},{"x":4.5,"y":-6.5},{"x":6.5,"y":-6.5},{"x":2.5,"y":-6},{"x":3.5,"y":-6},{"x":5.5,"y":-6},{"x":7.5,"y":-6},{"x":8.5,"y":-6},{"x":1.5,"y":-5.5},{"x":4.5,"y":-5.5},{"x":6.5,"y":-5.5},{"x":9.5,"y":-5.5},{"x":2.5,"y":-5},{"x":3.5,"y":-5},{"x":7.5,"y":-5},{"x":8.5,"y":-5},{"x":1.5,"y":-4.5},{"x":4.5,"y":-4.5},{"x":6.5,"y":-4.5},{"x":9.5,"y":-4.5},{"x":2.5,"y":-4},{"x":3.5,"y":-4},{"x":5.5,"y":-4},{"x":7.5,"y":-4},{"x":8.5,"y":-4},{"x":4.5,"y":-3.5},{"x":6.5,"y":-3.5},{"x":3.5,"y":-3},{"x":5.5,"y":-3},{"x":7.5,"y":-3}]},{"index":1,"tiles":[{"x":3.5,"y":-7},{"x":5.5,"y":-7},{"x":7.5,"y":-7},{"x":4.5,"y":-6.5},{"x":6.5,"y":-6.5},{"x":2.5,"y":-6},{"x":3.5,"y":-6},{"x":5.5,"y":-6},{"x":7.5,"y":-6},{"x":8.5,"y":-6},{"x":1.5,"y":-5.5},{"x":4.5,"y":-5.5},{"x":6.5,"y":-5.5},{"x":9.5,"y":-5.5},{"x":2.5,"y":-5},{"x":3.5,"y":-5},{"x":7.5,"y":-5},{"x":8.5,"y":-5},{"x":1.5,"y":-4.5},{"x":4.5,"y":-4.5},{"x":6.5,"y":-4.5},{"x":9.5,"y":-4.5},{"x":2.5,"y":-4},{"x":3.5,"y":-4},{"x":5.5,"y":-4},{"x":7.5,"y":-4},{"x":8.5,"y":-4},{"x":4.5,"y":-3.5},{"x":6.5,"y":-3.5},{"x":3.5,"y":-3},{"x":5.5,"y":-3},{"x":7.5,"y":-3}]},{"index":2,"tiles":[{"x":3.5,"y":-7},{"x":5.5,"y":-7},{"x":7.5,"y":-7},{"x":4.5,"y":-6.5},{"x":6.5,"y":-6.5},{"x":2.5,"y":-6},{"x":3.5,"y":-6},{"x":5.5,"y":-6},{"x":7.5,"y":-6},{"x":8.5,"y":-6},{"x":4.5,"y":-5.5},{"x":6.5,"y":-5.5},{"x":2.5,"y":-5},{"x":3.5,"y":-5},{"x":7.5,"y":-5},{"x":8.5,"y":-5},{"x":4.5,"y":-4.5},{"x":6.5,"y":-4.5},{"x":2.5,"y":-4},{"x":3.5,"y":-4},{"x":5.5,"y":-4},{"x":7.5,"y":-4},{"x":8.5,"y":-4},{"x":4.5,"y":-3.5},{"x":6.5,"y":-3.5},{"x":3.5,"y":-3},{"x":5.5,"y":-3},{"x":7.5,"y":-3}]},{"index":3,"tiles":[{"x":3.5,"y":-7},{"x":5.5,"y":-7},{"x":7.5,"y":-7},{"x":4.5,"y":-6.5},{"x":6.5,"y":-6.5},{"x":3.5,"y":-6},{"x":5.5,"y":-6},{"x":7.5,"y":-6},{"x":4.5,"y":-5.5},{"x":6.5,"y":-5.5},{"x":3.5,"y":-5},{"x":7.5,"y":-5},{"x":4.5,"y":-4.5},{"x":6.5,"y":-4.5},{"x":3.5,"y":-4},{"x":5.5,"y":-4},{"x":7.5,"y":-4},{"x":4.5,"y":-3.5},{"x":6.5,"y":-3.5},{"x":3.5,"y":-3},{"x":5.5,"y":-3},{"x":7.5,"y":-3}]},{"index":4,"tiles":[{"x":5.5,"y":-7},{"x":4.5,"y":-6.5},{"x":6.5,"y":-6.5},{"x":5.5,"y":-6},{"x":4.5,"y":-5.5},{"x":6.5,"y":-5.5},{"x":4.5,"y":-4.5},{"x":6.5,"y":-4.5},{"x":5.5,"y":-4},{"x":4.5,"y":-3.5},{"x":6.5,"y":-3.5},{"x":5.5,"y":-3}]},{"index":5,"tiles":[{"x":5.5,"y":-7},{"x":5.5,"y":-6},{"x":5.5,"y":-4},{"x":5.5,"y":-3}]}],"seeds":["IPGR11VyVPGJ4CQx3hQdHRYphcIEQsh1SLgYakeAouBQkAcWnTmCKTcMosggilBdlhVkW9EoXrCdoTcti/GgIfdx1VBRXxCGktZ4XQZyU1KJIBcy4XV4ooNxYDdA1KMJSwIA"]},{"layers":[{"index":0,"tiles":[{"x":5.5,"y":-7.5},{"x":1.5,"y":-7},{"x":2.5,"y":-7},{"x":8.5,"y":-7},{"x":9.5,"y":-7},{"x":3.5,"y":-6.5},{"x":4.5,"y":-6.5},{"x":5.5,"y":-6.5},{"x":6.5,"y":-6.5},{"x":7.5,"y":-6.5},{"x":1.5,"y":-6},{"x":2.5,"y":-6},{"x":8.5,"y":-6},{"x":9.5,"y":-6},{"x":3.5,"y":-5.5},{"x":4.5,"y":-5.5},{"x":5.5,"y":-5.5},{"x":6.5,"y":-5.5},{"x":7.5,"y":-5.5},{"x":3.5,"y":-4},{"x":4.5,"y":-4},{"x":5.5,"y":-4},{"x":6.5,"y":-4},{"x":7.5,"y":-4},{"x":1.5,"y":-3.5},{"x":2.5,"y":-3.5},{"x":8.5,"y":-3.5},{"x":9.5,"y":-3.5},{"x":3.5,"y":-3},{"x":4.5,"y":-3},{"x":5.5,"y":-3},{"x":6.5,"y":-3},{"x":7.5,"y":-3},{"x":1.5,"y":-2.5},{"x":2.5,"y":-2.5},{"x":8.5,"y":-2.5},{"x":9.5,"y":-2.5},{"x":5.5,"y":-2}]},{"index":1,"tiles":[{"x":5.5,"y":-7.5},{"x":1.5,"y":-7},{"x":2.5,"y":-7},{"x":8.5,"y":-7},{"x":9.5,"y":-7},{"x":3.5,"y":-6.5},{"x":4.5,"y":-6.5},{"x":5.5,"y":-6.5},{"x":6.5,"y":-6.5},{"x":7.5,"y":-6.5},{"x":1.5,"y":-6},{"x":2.5,"y":-6},{"x":8.5,"y":-6},{"x":9.5,"y":-6},{"x":3.5,"y":-5.5},{"x":4.5,"y":-5.5},{"x":5.5,"y":-5.5},{"x":6.5,"y":-5.5},{"x":7.5,"y":-5.5},{"x":3.5,"y":-4},{"x":4.5,"y":-4},{"x":5.5,"y":-4},{"x":6.5,"y":-4},{"x":7.5,"y":-4},{"x":1.5,"y":-3.5},{"x":2.5,"y":-3.5},{"x":8.5,"y":-3.5},{"x":9.5,"y":-3.5},{"x":3.5,"y":-3},{"x":4.5,"y":-3},{"x":5.5,"y":-3},{"x":6.5,"y":-3},{"x":7.5,"y":-3},{"x":1.5,"y":-2.5},{"x":2.5,"y":-2.5},{"x":8.5,"y":-2.5},{"x":9.5,"y":-2.5},{"x":5.5,"y":-2}]},{"index":2,"tiles":[{"x":1.5,"y":-7},{"x":2.5,"y":-7},{"x":8.5,"y":-7},{"x":9.5,"y":-7},{"x":3.5,"y":-6.5},{"x":4.5,"y":-6.5},{"x":6.5,"y":-6.5},{"x":7.5,"y":-6.5},{"x":1.5,"y":-6},{"x":2.5,"y":-6},{"x":8.5,"y":-6},{"x":9.5,"y":-6},{"x":3.5,"y":-5.5},{"x":4.5,"y":-5.5},{"x":6.5,"y":-5.5},{"x":7.5,"y":-5.5},{"x":3.5,"y":-4},{"x":4.5,"y":-4},{"x":6.5,"y":-4},{"x":7.5,"y":-4},{"x":1.5,"y":-3.5},{"x":2.5,"y":-3.5},{"x":8.5,"y":-3.5},{"x":9.5,"y":-3.5},{"x":3.5,"y":-3},{"x":4.5,"y":-3},{"x":6.5,"y":-3},{"x":7.5,"y":-3},{"x":1.5,"y":-2.5},{"x":2.5,"y":-2.5},{"x":8.5,"y":-2.5},{"x":9.5,"y":-2.5}]}],"seeds":["WiZQBZZ9mqgMlzIt6bcVnoGBixhAJUV2D0oE4RSCjOYhIucdCcIxkSh4T2BtWtdxQ6iERGA2ytGpnChBXCKGofR9VgBWXAOGzngZYXBWTgSC"]},{"layers":[{"index":0,"tiles":[{"x":3.5,"y":-8},{"x":5.5,"y":-8},{"x":7.5,"y":-8},{"x":4.5,"y":-7.5},{"x":6.5,"y":-7.5},{"x":5.5,"y":-7},{"x":1.5,"y":-6},{"x":2.5,"y":-6},{"x":3.5,"y":-6},{"x":4.5,"y":-6},{"x":5.5,"y":-6},{"x":6.5,"y":-6},{"x":7.5,"y":-6},{"x":8.5,"y":-6},{"x":9.5,"y":-6},{"x":1.5,"y":-5},{"x":2.5,"y":-5},{"x":3.5,"y":-5},{"x":4.5,"y":-5},{"x":6.5,"y":-5},{"x":7.5,"y":-5},{"x":8.5,"y":-5},{"x":9.5,"y":-5},{"x":1.5,"y":-4},{"x":2.5,"y":-4},{"x":3.5,"y":-4},{"x":7.5,"y":-4},{"x":8.5,"y":-4},{"x":9.5,"y":-4},{"x":1.5,"y":-3},{"x":2.5,"y":-3},{"x":3.5,"y":-3},{"x":4.5,"y":-3},{"x":6.5,"y":-3},{"x":7.5,"y":-3},{"x":8.5,"y":-3},{"x":9.5,"y":-3},{"x":1.5,"y":-2},{"x":2.5,"y":-2},{"x":3.5,"y":-2},{"x":4.5,"y":-2},{"x":5.5,"y":-2},{"x":6.5,"y":-2},{"x":7.5,"y":-2},{"x":8.5,"y":-2},{"x":9.5,"y":-2}]},{"index":1,"tiles":[{"x":3.5,"y":-8},{"x":5.5,"y":-8},{"x":7.5,"y":-8},{"x":4.5,"y":-7.5},{"x":6.5,"y":-7.5},{"x":5.5,"y":-7},{"x":1.5,"y":-6},{"x":2.5,"y":-6},{"x":3.5,"y":-6},{"x":4.5,"y":-6},{"x":5.5,"y":-6},{"x":6.5,"y":-6},{"x":7.5,"y":-6},{"x":8.5,"y":-6},{"x":9.5,"y":-6},{"x":1.5,"y":-5},{"x":2.5,"y":-5},{"x":3.5,"y":-5},{"x":4.5,"y":-5},{"x":6.5,"y":-5},{"x":7.5,"y":-5},{"x":8.5,"y":-5},{"x":9.5,"y":-5},{"x":1.5,"y":-4},{"x":2.5,"y":-4},{"x":3.5,"y":-4},{"x":7.5,"y":-4},{"x":8.5,"y":-4},{"x":9.5,"y":-4},{"x":1.5,"y":-3},{"x":2.5,"y":-3},{"x":3.5,"y":-3},{"x":4.5,"y":-3},{"x":6.5,"y":-3},{"x":7.5,"y":-3},{"x":8.5,"y":-3},{"x":9.5,"y":-3},{"x":1.5,"y":-2},{"x":2.5,"y":-2},{"x":3.5,"y":-2},{"x":4.5,"y":-2},{"x":5.5,"y":-2},{"x":6.5,"y":-2},{"x":7.5,"y":-2},{"x":8.5,"y":-2},{"x":9.5,"y":-2}]},{"index":2,"tiles":[{"x":3.5,"y":-8},{"x":5.5,"y":-8},{"x":7.5,"y":-8},{"x":4.5,"y":-7.5},{"x":6.5,"y":-7.5},{"x":5.5,"y":-7},{"x":1.5,"y":-6},{"x":5.5,"y":-6},{"x":9.5,"y":-6},{"x":1.5,"y":-5},{"x":4.5,"y":-5},{"x":6.5,"y":-5},{"x":9.5,"y":-5},{"x":2.5,"y":-4},{"x":3.5,"y":-4},{"x":7.5,"y":-4},{"x":8.5,"y":-4},{"x":1.5,"y":-3},{"x":4.5,"y":-3},{"x":6.5,"y":-3},{"x":9.5,"y":-3},{"x":1.5,"y":-2},{"x":5.5,"y":-2},{"x":9.5,"y":-2}]}],"seeds":["YvMFDaYIDmgy2DCFoNNxCLcUiuGBlRhSnyiF4BQ+kyRqoseVaccdI+IlYsYoxoYWijCB3baQgdBdJ3QkKicsAUd0IERp4BJQlud9X3RFlhc+ITWARFdl"]},{"layers":[{"index":0,"tiles":[{"x":5,"y":-8.5},{"x":6,"y":-8.5},{"x":2.5,"y":-7.5},{"x":3.5,"y":-7.5},{"x":4.5,"y":-7.5},{"x":5.5,"y":-7.5},{"x":6.5,"y":-7.5},{"x":7.5,"y":-7.5},{"x":8.5,"y":-7.5},{"x":2.5,"y":-6.5},{"x":3.5,"y":-6.5},{"x":7.5,"y":-6.5},{"x":8.5,"y":-6.5},{"x":1.5,"y":-6},{"x":5,"y":-6},{"x":6,"y":-6},{"x":9.5,"y":-6},{"x":2.5,"y":-5.5},{"x":8.5,"y":-5.5},{"x":0.5,"y":-5},{"x":1.5,"y":-5},{"x":4,"y":-5},{"x":5,"y":-5},{"x":6,"y":-5},{"x":7,"y":-5},{"x":9.5,"y":-5},{"x":10.5,"y":-5},{"x":2.5,"y":-4.5},{"x":8.5,"y":-4.5},{"x":1.5,"y":-4},{"x":5,"y":-4},{"x":6,"y":-4},{"x":9.5,"y":-4},{"x":2.5,"y":-3.5},{"x":3.5,"y":-3.5},{"x":7.5,"y":-3.5},{"x":8.5,"y":-3.5},{"x":2.5,"y":-2.5},{"x":3.5,"y":-2.5},{"x":4.5,"y":-2.5},{"x":5.5,"y":-2.5},{"x":6.5,"y":-2.5},{"x":7.5,"y":-2.5},{"x":8.5,"y":-2.5},{"x":5,"y":-1.5},{"x":6,"y":-1.5}]},{"index":1,"tiles":[{"x":5,"y":-8.5},{"x":6,"y":-8.5},{"x":2.5,"y":-7.5},{"x":3.5,"y":-7.5},{"x":4.5,"y":-7.5},{"x":5.5,"y":-7.5},{"x":6.5,"y":-7.5},{"x":7.5,"y":-7.5},{"x":8.5,"y":-7.5},{"x":2.5,"y":-6.5},{"x":3.5,"y":-6.5},{"x":7.5,"y":-6.5},{"x":8.5,"y":-6.5},{"x":1.5,"y":-6},{"x":5,"y":-6},{"x":6,"y":-6},{"x":9.5,"y":-6},{"x":2.5,"y":-5.5},{"x":8.5,"y":-5.5},{"x":0.5,"y":-5},{"x":1.5,"y":-5},{"x":4,"y":-5},{"x":5,"y":-5},{"x":6,"y":-5},{"x":7,"y":-5},{"x":9.5,"y":-5},{"x":10.5,"y":-5},{"x":2.5,"y":-4.5},{"x":8.5,"y":-4.5},{"x":1.5,"y":-4},{"x":5,"y":-4},{"x":6,"y":-4},{"x":9.5,"y":-4},{"x":2.5,"y":-3.5},{"x":3.5,"y":-3.5},{"x":7.5,"y":-3.5},{"x":8.5,"y":-3.5},{"x":2.5,"y":-2.5},{"x":3.5,"y":-2.5},{"x":4.5,"y":-2.5},{"x":5.5,"y":-2.5},{"x":6.5,"y":-2.5},{"x":7.5,"y":-2.5},{"x":8.5,"y":-2.5},{"x":5,"y":-1.5},{"x":6,"y":-1.5}]},{"index":2,"tiles":[{"x":2.5,"y":-7.5},{"x":8.5,"y":-7.5},{"x":3.5,"y":-6.5},{"x":7.5,"y":-6.5},{"x":1.5,"y":-6},{"x":9.5,"y":-6},{"x":0.5,"y":-5},{"x":5,"y":-5},{"x":6,"y":-5},{"x":10.5,"y":-5},{"x":1.5,"y":-4},{"x":9.5,"y":-4},{"x":3.5,"y":-3.5},{"x":7.5,"y":-3.5},{"x":2.5,"y":-2.5},{"x":8.5,"y":-2.5}]}],"seeds":["BId9J5UoyoSVnDBkoCgSRwd6CMVwntVpoPRtobgsIRcpQsoUIjiJCVhJTWN8Knkoj9htYRcMjgdpRZdxIzhFoTWFTxigF8hBX9CBV2B4jlkh"]},{"layers":[{"index":0,"tiles":[{"x":2,"y":-8},{"x":3,"y":-8},{"x":4,"y":-8},{"x":5,"y":-8},{"x":6,"y":-8},{"x":7,"y":-8},{"x":8,"y":-8},{"x":9,"y":-8},{"x":1,"y":-7},{"x":2,"y":-7},{"x":3,"y":-7},{"x":4,"y":-7},{"x":5,"y":-7},{"x":6,"y":-7},{"x":7,"y":-7},{"x":8,"y":-7},{"x":9,"y":-7},{"x":10,"y":-7},{"x":1,"y":-6},{"x":2,"y":-6},{"x":3.5,"y":-6},{"x":5.5,"y":-6},{"x":7.5,"y":-6},{"x":9,"y":-6},{"x":10,"y":-6},{"x":1,"y":-5},{"x":2,"y":-5},{"x":3,"y":-5},{"x":4,"y":-5},{"x":5,"y":-5},{"x":6,"y":-5},{"x":7,"y":-5},{"x":8,"y":-5},{"x":9,"y":-5},{"x":10,"y":-5},{"x":1,"y":-4},{"x":2,"y":-4},{"x":4,"y":-4},{"x":5,"y":-4},{"x":6,"y":-4},{"x":7,"y":-4},{"x":9,"y":-4},{"x":10,"y":-4},{"x":1,"y":-3},{"x":2,"y":-3},{"x":3,"y":-3},{"x":4,"y":-3},{"x":5,"y":-3},{"x":6,"y":-3},{"x":7,"y":-3},{"x":8,"y":-3},{"x":9,"y":-3},{"x":10,"y":-3},{"x":2,"y":-2},{"x":3,"y":-2},{"x":4,"y":-2},{"x":5,"y":-2},{"x":6,"y":-2},{"x":7,"y":-2},{"x":8,"y":-2},{"x":9,"y":-2}]},{"index":1,"tiles":[{"x":2,"y":-8},{"x":3,"y":-8},{"x":4,"y":-8},{"x":5,"y":-8},{"x":6,"y":-8},{"x":7,"y":-8},{"x":8,"y":-8},{"x":9,"y":-8},{"x":1,"y":-7},{"x":2,"y":-7},{"x":3,"y":-7},{"x":4,"y":-7},{"x":5,"y":-7},{"x":6,"y":-7},{"x":7,"y":-7},{"x":8,"y":-7},{"x":9,"y":-7},{"x":10,"y":-7},{"x":1,"y":-6},{"x":2,"y":-6},{"x":7.5,"y":-6},{"x":9,"y":-6},{"x":10,"y":-6},{"x":1,"y":-5},{"x":2,"y":-5},{"x":3,"y":-5},{"x":4,"y":-5},{"x":5,"y":-5},{"x":6,"y":-5},{"x":7,"y":-5},{"x":8,"y":-5},{"x":9,"y":-5},{"x":10,"y":-5},{"x":1,"y":-4},{"x":2,"y":-4},{"x":4,"y":-4},{"x":5,"y":-4},{"x":6,"y":-4},{"x":7,"y":-4},{"x":9,"y":-4},{"x":10,"y":-4},{"x":1,"y":-3},{"x":2,"y":-3},{"x":3,"y":-3},{"x":4,"y":-3},{"x":5,"y":-3},{"x":6,"y":-3},{"x":7,"y":-3},{"x":8,"y":-3},{"x":9,"y":-3},{"x":10,"y":-3},{"x":2,"y":-2},{"x":3,"y":-2},{"x":4,"y":-2},{"x":5,"y":-2},{"x":6,"y":-2},{"x":7,"y":-2},{"x":8,"y":-2},{"x":9,"y":-2}]}],"seeds":["XPBRjtg5S8dlmjhEnVdN4AaKHQVupOdhEHiEYMdhSBJmwUUYnsVwHzJs3nAoZcg9H8pIWtBUxQdOkOBJj8B9oMhtn5GMYkSIVpJ8S8iZgXKColg06telQxhe"]},{"layers":[{"index":0,"tiles":[{"x":3,"y":-8},{"x":8,"y":-8},{"x":3,"y":-7},{"x":4,"y":-7},{"x":5,"y":-7},{"x":6,"y":-7},{"x":7,"y":-7},{"x":8,"y":-7},{"x":1,"y":-6},{"x":2,"y":-6},{"x":3,"y":-6},{"x":4,"y":-6},{"x":5,"y":-6},{"x":6,"y":-6},{"x":7,"y":-6},{"x":8,"y":-6},{"x":9,"y":-6},{"x":10,"y":-6},{"x":2,"y":-5},{"x":3,"y":-5},{"x":4,"y":-5},{"x":5,"y":-5},{"x":6,"y":-5},{"x":7,"y":-5},{"x":8,"y":-5},{"x":9,"y":-5},{"x":1,"y":-4},{"x":2,"y":-4},{"x":3,"y":-4},{"x":4,"y":-4},{"x":5,"y":-4},{"x":6,"y":-4},{"x":7,"y":-4},{"x":8,"y":-4},{"x":9,"y":-4},{"x":10,"y":-4},{"x":3,"y":-3},{"x":4,"y":-3},{"x":5,"y":-3},{"x":6,"y":-3},{"x":7,"y":-3},{"x":8,"y":-3},{"x":3,"y":-2},{"x":8,"y":-2}]},{"index":1,"tiles":[{"x":3,"y":-8},{"x":8,"y":-8},{"x":3,"y":-7},{"x":4,"y":-7},{"x":5,"y":-7},{"x":6,"y":-7},{"x":7,"y":-7},{"x":8,"y":-7},{"x":1,"y":-6},{"x":2,"y":-6},{"x":9,"y":-6},{"x":10,"y":-6},{"x":3.5,"y":-5.5},{"x":4.5,"y":-5.5},{"x":5.5,"y":-5.5},{"x":6.5,"y":-5.5},{"x":7.5,"y":-5.5},{"x":2,"y":-5},{"x":9,"y":-5},{"x":3.5,"y":-4.5},{"x":4.5,"y":-4.5},{"x":5.5,"y":-4.5},{"x":6.5,"y":-4.5},{"x":7.5,"y":-4.5},{"x":1,"y":-4},{"x":2,"y":-4},{"x":9,"y":-4},{"x":10,"y":-4},{"x":3,"y":-3},{"x":4,"y":-3},{"x":5,"y":-3},{"x":6,"y":-3},{"x":7,"y":-3},{"x":8,"y":-3},{"x":3,"y":-2},{"x":8,"y":-2}]},{"index":2,"tiles":[{"x":3,"y":-8},{"x":8,"y":-8},{"x":3,"y":-7},{"x":4,"y":-7},{"x":5,"y":-7},{"x":6,"y":-7},{"x":7,"y":-7},{"x":8,"y":-7},{"x":1,"y":-6},{"x":2,"y":-6},{"x":9,"y":-6},{"x":10,"y":-6},{"x":2,"y":-5},{"x":4,"y":-5},{"x":5,"y":-5},{"x":6,"y":-5},{"x":7,"y":-5},{"x":9,"y":-5},{"x":1,"y":-4},{"x":2,"y":-4},{"x":9,"y":-4},{"x":10,"y":-4},{"x":3,"y":-3},{"x":4,"y":-3},{"x":5,"y":-3},{"x":6,"y":-3},{"x":7,"y":-3},{"x":8,"y":-3},{"x":3,"y":-2},{"x":8,"y":-2}]}],"seeds":["IRQMI7IFEyGeacBF3XcoR4J8Ago6DqSJpMBpBNMollR1UnJ5g2eCGCh4RvV0VBSqHbNQzwRu1qd83TVNIYgpnFeIYsiBQgCCnBhyYmGUS9aEWQcA"]},{"layers":[{"index":0,"tiles":[{"x":3,"y":-8},{"x":4,"y":-8},{"x":5,"y":-8},{"x":6,"y":-8},{"x":7,"y":-8},{"x":8,"y":-8},{"x":2,"y":-7},{"x":3,"y":-7},{"x":4,"y":-7},{"x":5,"y":-7},{"x":6,"y":-7},{"x":7,"y":-7},{"x":8,"y":-7},{"x":9,"y":-7},{"x":1,"y":-6.5},{"x":10,"y":-6.5},{"x":2,"y":-6},{"x":3,"y":-6},{"x":4,"y":-6},{"x":5,"y":-6},{"x":6,"y":-6},{"x":7,"y":-6},{"x":8,"y":-6},{"x":9,"y":-6},{"x":1,"y":-5.5},{"x":10,"y":-5.5},{"x":2,"y":-5},{"x":9,"y":-5},{"x":1,"y":-4.5},{"x":10,"y":-4.5},{"x":2,"y":-4},{"x":3,"y":-4},{"x":4,"y":-4},{"x":5,"y":-4},{"x":6,"y":-4},{"x":7,"y":-4},{"x":8,"y":-4},{"x":9,"y":-4},{"x":1,"y":-3.5},{"x":10,"y":-3.5},{"x":2,"y":-3},{"x":3,"y":-3},{"x":4,"y":-3},{"x":5,"y":-3},{"x":6,"y":-3},{"x":7,"y":-3},{"x":8,"y":-3},{"x":9,"y":-3},{"x":3,"y":-2},{"x":4,"y":-2},{"x":5,"y":-2},{"x":6,"y":-2},{"x":7,"y":-2},{"x":8,"y":-2}]},{"index":1,"tiles":[{"x":2,"y":-7},{"x":3,"y":-7},{"x":4,"y":-7},{"x":5,"y":-7},{"x":6,"y":-7},{"x":7,"y":-7},{"x":8,"y":-7},{"x":9,"y":-7},{"x":2,"y":-6},{"x":3,"y":-6},{"x":4,"y":-6},{"x":5,"y":-6},{"x":6,"y":-6},{"x":7,"y":-6},{"x":8,"y":-6},{"x":9,"y":-6},{"x":2,"y":-5},{"x":9,"y":-5},{"x":2,"y":-4},{"x":3,"y":-4},{"x":4,"y":-4},{"x":5,"y":-4},{"x":6,"y":-4},{"x":7,"y":-4},{"x":8,"y":-4},{"x":9,"y":-4},{"x":2,"y":-3},{"x":3,"y":-3},{"x":4,"y":-3},{"x":5,"y":-3},{"x":6,"y":-3},{"x":7,"y":-3},{"x":8,"y":-3},{"x":9,"y":-3}]},{"index":2,"tiles":[{"x":3,"y":-6},{"x":4,"y":-6},{"x":5,"y":-6},{"x":6,"y":-6},{"x":7,"y":-6},{"x":8,"y":-6},{"x":3,"y":-4},{"x":4,"y":-4},{"x":5,"y":-4},{"x":6,"y":-4},{"x":7,"y":-4},{"x":8,"y":-4}]},{"index":3,"tiles":[{"x":4.5,"y":-5.5},{"x":5.5,"y":-5.5},{"x":6.5,"y":-5.5},{"x":4.5,"y":-4.5},{"x":5.5,"y":-4.5},{"x":6.5,"y":-4.5}]}],"seeds":["jliFXhUEl1eIiqNwxDSBKPiNC1dagtgxXRN2nCEY4vY13hOl4KWpjwJKidkx1CEu0gSFlIiFIucdoKhxBAQm0xAGyEki2RcqAxcU2WZFHwYA"]},{"layers":[{"index":0,"tiles":[{"x":2,"y":-7.5},{"x":3,"y":-7.5},{"x":4,"y":-7.5},{"x":5,"y":-7.5},{"x":6,"y":-7.5},{"x":7,"y":-7.5},{"x":8,"y":-7.5},{"x":9,"y":-7.5},{"x":4.5,"y":-6.5},{"x":5.5,"y":-6.5},{"x":6.5,"y":-6.5},{"x":3.5,"y":-5.5},{"x":4.5,"y":-5.5},{"x":5.5,"y":-5.5},{"x":6.5,"y":-5.5},{"x":7.5,"y":-5.5},{"x":3,"y":-4.5},{"x":4,"y":-4.5},{"x":5,"y":-4.5},{"x":6,"y":-4.5},{"x":7,"y":-4.5},{"x":8,"y":-4.5},{"x":2.5,"y":-3.5},{"x":3.5,"y":-3.5},{"x":4.5,"y":-3.5},{"x":5.5,"y":-3.5},{"x":6.5,"y":-3.5},{"x":7.5,"y":-3.5},{"x":8.5,"y":-3.5},{"x":2,"y":-2.5},{"x":3,"y":-2.5},{"x":4,"y":-2.5},{"x":5,"y":-2.5},{"x":6,"y":-2.5},{"x":7,"y":-2.5},{"x":8,"y":-2.5},{"x":9,"y":-2.5}]},{"index":1,"tiles":[{"x":2,"y":-7.5},{"x":3,"y":-7.5},{"x":4,"y":-7.5},{"x":5,"y":-7.5},{"x":6,"y":-7.5},{"x":7,"y":-7.5},{"x":8,"y":-7.5},{"x":9,"y":-7.5},{"x":4.5,"y":-6.5},{"x":5.5,"y":-6.5},{"x":6.5,"y":-6.5},{"x":3.5,"y":-5.5},{"x":4.5,"y":-5.5},{"x":5.5,"y":-5.5},{"x":6.5,"y":-5.5},{"x":7.5,"y":-5.5},{"x":3,"y":-4.5},{"x":4,"y":-4.5},{"x":5,"y":-4.5},{"x":6,"y":-4.5},{"x":7,"y":-4.5},{"x":8,"y":-4.5},{"x":2.5,"y":-3.5},{"x":3.5,"y":-3.5},{"x":4.5,"y":-3.5},{"x":5.5,"y":-3.5},{"x":6.5,"y":-3.5},{"x":7.5,"y":-3.5},{"x":8.5,"y":-3.5},{"x":2,"y":-2.5},{"x":3,"y":-2.5},{"x":4,"y":-2.5},{"x":5,"y":-2.5},{"x":6,"y":-2.5},{"x":7,"y":-2.5},{"x":8,"y":-2.5},{"x":9,"y":-2.5}]},{"index":2,"tiles":[{"x":2,"y":-7.5},{"x":3,"y":-7.5},{"x":4,"y":-7.5},{"x":7,"y":-7.5},{"x":8,"y":-7.5},{"x":9,"y":-7.5},{"x":4.5,"y":-6.5},{"x":6.5,"y":-6.5},{"x":3.5,"y":-5.5},{"x":4.5,"y":-5.5},{"x":6.5,"y":-5.5},{"x":7.5,"y":-5.5},{"x":3,"y":-4.5},{"x":4,"y":-4.5},{"x":7,"y":-4.5},{"x":8,"y":-4.5},{"x":2.5,"y":-3.5},{"x":3.5,"y":-3.5},{"x":4.5,"y":-3.5},{"x":6.5,"y":-3.5},{"x":7.5,"y":-3.5},{"x":8.5,"y":-3.5},{"x":2,"y":-2.5},{"x":3,"y":-2.5},{"x":4,"y":-2.5},{"x":7,"y":-2.5},{"x":8,"y":-2.5},{"x":9,"y":-2.5}]},{"index":3,"tiles":[{"x":2,"y":-7.5},{"x":3,"y":-7.5},{"x":8,"y":-7.5},{"x":9,"y":-7.5},{"x":3.5,"y":-5.5},{"x":7.5,"y":-5.5},{"x":3,"y":-4.5},{"x":8,"y":-4.5},{"x":2.5,"y":-3.5},{"x":3.5,"y":-3.5},{"x":7.5,"y":-3.5},{"x":8.5,"y":-3.5},{"x":2,"y":-2.5},{"x":3,"y":-2.5},{"x":8,"y":-2.5},{"x":9,"y":-2.5}]},{"index":4,"tiles":[{"x":2,"y":-7.5},{"x":9,"y":-7.5},{"x":2.5,"y":-3.5},{"x":8.5,"y":-3.5},{"x":2,"y":-2.5},{"x":9,"y":-2.5}]}],"seeds":["IFGFAlckihhM4UdQSHCATgdWnAAll8REVUd5kXF9BiVN6MSFI/Zk2tCAnhcOkDdt6jIo39JpjMJlHXdYDjhUiFgsneAFQigyYRiAZcdZIJlingiGosicn6k01PYs"]},{"layers":[{"index":0,"tiles":[{"x":1.5,"y":-8.5},{"x":9.5,"y":-8.5},{"x":2.5,"y":-8},{"x":5.5,"y":-8},{"x":8.5,"y":-8},{"x":1.5,"y":-7.5},{"x":9.5,"y":-7.5},{"x":5,"y":-7},{"x":6,"y":-7},{"x":4,"y":-6.5},{"x":7,"y":-6.5},{"x":3,"y":-6},{"x":8,"y":-6},{"x":4,"y":-5.5},{"x":5.5,"y":-5.5},{"x":7,"y":-5.5},{"x":2,"y":-5},{"x":3,"y":-5},{"x":8,"y":-5},{"x":9,"y":-5},{"x":4,"y":-4.5},{"x":5.5,"y":-4.5},{"x":7,"y":-4.5},{"x":3,"y":-4},{"x":8,"y":-4},{"x":4,"y":-3.5},{"x":7,"y":-3.5},{"x":5,"y":-3},{"x":6,"y":-3},{"x":1.5,"y":-2.5},{"x":9.5,"y":-2.5},{"x":2.5,"y":-2},{"x":5.5,"y":-2},{"x":8.5,"y":-2},{"x":1.5,"y":-1.5},{"x":9.5,"y":-1.5}]},{"index":1,"tiles":[{"x":1.5,"y":-8.5},{"x":9.5,"y":-8.5},{"x":2.5,"y":-8},{"x":5.5,"y":-8},{"x":8.5,"y":-8},{"x":1.5,"y":-7.5},{"x":9.5,"y":-7.5},{"x":5,"y":-7},{"x":6,"y":-7},{"x":4,"y":-6.5},{"x":7,"y":-6.5},{"x":3,"y":-6},{"x":8,"y":-6},{"x":4,"y":-5.5},{"x":5.5,"y":-5.5},{"x":7,"y":-5.5},{"x":2,"y":-5},{"x":3,"y":-5},{"x":8,"y":-5},{"x":9,"y":-5},{"x":4,"y":-4.5},{"x":5.5,"y":-4.5},{"x":7,"y":-4.5},{"x":3,"y":-4},{"x":8,"y":-4},{"x":4,"y":-3.5},{"x":7,"y":-3.5},{"x":5,"y":-3},{"x":6,"y":-3},{"x":1.5,"y":-2.5},{"x":9.5,"y":-2.5},{"x":2.5,"y":-2},{"x":5.5,"y":-2},{"x":8.5,"y":-2},{"x":1.5,"y":-1.5},{"x":9.5,"y":-1.5}]},{"index":2,"tiles":[{"x":1.5,"y":-8.5},{"x":9.5,"y":-8.5},{"x":2.5,"y":-8},{"x":5.5,"y":-8},{"x":8.5,"y":-8},{"x":1.5,"y":-7.5},{"x":9.5,"y":-7.5},{"x":5,"y":-7},{"x":6,"y":-7},{"x":4,"y":-6.5},{"x":7,"y":-6.5},{"x":3,"y":-6},{"x":8,"y":-6},{"x":4,"y":-5.5},{"x":5.5,"y":-5.5},{"x":7,"y":-5.5},{"x":2,"y":-5},{"x":3,"y":-5},{"x":8,"y":-5},{"x":9,"y":-5},{"x":4,"y":-4.5},{"x":5.5,"y":-4.5},{"x":7,"y":-4.5},{"x":3,"y":-4},{"x":8,"y":-4},{"x":4,"y":-3.5},{"x":7,"y":-3.5},{"x":5,"y":-3},{"x":6,"y":-3},{"x":1.5,"y":-2.5},{"x":9.5,"y":-2.5},{"x":2.5,"y":-2},{"x":5.5,"y":-2},{"x":8.5,"y":-2},{"x":1.5,"y":-1.5},{"x":9.5,"y":-1.5}]},{"index":3,"tiles":[{"x":1.5,"y":-8.5},{"x":9.5,"y":-8.5},{"x":2.5,"y":-8},{"x":8.5,"y":-8},{"x":1.5,"y":-7.5},{"x":9.5,"y":-7.5},{"x":1.5,"y":-2.5},{"x":9.5,"y":-2.5},{"x":2.5,"y":-2},{"x":8.5,"y":-2},{"x":1.5,"y":-1.5},{"x":9.5,"y":-1.5}]}],"seeds":["YAdBFkE02GF45OhFKteFyHKFAZMUBhcUgueBodUEy7dwDtVV1ISF4uCAWvdMViYunSl9yqQI1QaCiph24JmgFeh5FieKoVYGH5WBx8AxolB9U0htwqMgkcRd"]},{"layers":[{"index":0,"tiles":[{"x":3,"y":-7.5},{"x":4,"y":-7.5},{"x":5,"y":-7.5},{"x":6,"y":-7.5},{"x":7,"y":-7.5},{"x":8,"y":-7.5},{"x":2,"y":-7},{"x":9,"y":-7},{"x":3,"y":-6.5},{"x":4,"y":-6.5},{"x":5,"y":-6.5},{"x":6,"y":-6.5},{"x":7,"y":-6.5},{"x":8,"y":-6.5},{"x":3,"y":-5.5},{"x":4,"y":-5.5},{"x":5,"y":-5.5},{"x":6,"y":-5.5},{"x":7,"y":-5.5},{"x":8,"y":-5.5},{"x":2,"y":-5},{"x":9,"y":-5},{"x":3,"y":-4.5},{"x":4,"y":-4.5},{"x":5,"y":-4.5},{"x":6,"y":-4.5},{"x":7,"y":-4.5},{"x":8,"y":-4.5},{"x":3,"y":-3.5},{"x":4,"y":-3.5},{"x":5,"y":-3.5},{"x":6,"y":-3.5},{"x":7,"y":-3.5},{"x":8,"y":-3.5},{"x":2,"y":-3},{"x":9,"y":-3},{"x":3,"y":-2.5},{"x":4,"y":-2.5},{"x":5,"y":-2.5},{"x":6,"y":-2.5},{"x":7,"y":-2.5},{"x":8,"y":-2.5}]},{"index":1,"tiles":[{"x":3,"y":-7.5},{"x":4,"y":-7.5},{"x":5,"y":-7.5},{"x":6,"y":-7.5},{"x":7,"y":-7.5},{"x":8,"y":-7.5},{"x":2,"y":-7},{"x":9,"y":-7},{"x":3,"y":-6.5},{"x":4,"y":-6.5},{"x":5,"y":-6.5},{"x":6,"y":-6.5},{"x":7,"y":-6.5},{"x":8,"y":-6.5},{"x":3,"y":-5.5},{"x":4,"y":-5.5},{"x":5,"y":-5.5},{"x":6,"y":-5.5},{"x":7,"y":-5.5},{"x":8,"y":-5.5},{"x":2,"y":-5},{"x":9,"y":-5},{"x":3,"y":-4.5},{"x":4,"y":-4.5},{"x":5,"y":-4.5},{"x":6,"y":-4.5},{"x":7,"y":-4.5},{"x":8,"y":-4.5},{"x":3,"y":-3.5},{"x":4,"y":-3.5},{"x":5,"y":-3.5},{"x":6,"y":-3.5},{"x":7,"y":-3.5},{"x":8,"y":-3.5},{"x":2,"y":-3},{"x":9,"y":-3},{"x":3,"y":-2.5},{"x":4,"y":-2.5},{"x":5,"y":-2.5},{"x":6,"y":-2.5},{"x":7,"y":-2.5},{"x":8,"y":-2.5}]},{"index":2,"tiles":[{"x":3,"y":-7.5},{"x":4,"y":-7.5},{"x":5,"y":-7.5},{"x":6,"y":-7.5},{"x":7,"y":-7.5},{"x":8,"y":-7.5},{"x":2,"y":-7},{"x":9,"y":-7},{"x":3,"y":-6.5},{"x":4,"y":-6.5},{"x":5,"y":-6.5},{"x":6,"y":-6.5},{"x":7,"y":-6.5},{"x":8,"y":-6.5},{"x":3,"y":-5.5},{"x":4,"y":-5.5},{"x":7,"y":-5.5},{"x":8,"y":-5.5},{"x":2,"y":-5},{"x":9,"y":-5},{"x":3,"y":-4.5},{"x":4,"y":-4.5},{"x":7,"y":-4.5},{"x":8,"y":-4.5},{"x":3,"y":-3.5},{"x":4,"y":-3.5},{"x":5,"y":-3.5},{"x":6,"y":-3.5},{"x":7,"y":-3.5},{"x":8,"y":-3.5},{"x":2,"y":-3},{"x":9,"y":-3},{"x":3,"y":-2.5},{"x":4,"y":-2.5},{"x":5,"y":-2.5},{"x":6,"y":-2.5},{"x":7,"y":-2.5},{"x":8,"y":-2.5}]},{"index":3,"tiles":[{"x":3,"y":-7.5},{"x":4,"y":-7.5},{"x":5,"y":-7.5},{"x":6,"y":-7.5},{"x":7,"y":-7.5},{"x":8,"y":-7.5},{"x":3,"y":-6.5},{"x":8,"y":-6.5},{"x":3,"y":-5.5},{"x":8,"y":-5.5},{"x":3,"y":-4.5},{"x":8,"y":-4.5},{"x":3,"y":-3.5},{"x":8,"y":-3.5},{"x":3,"y":-2.5},{"x":4,"y":-2.5},{"x":5,"y":-2.5},{"x":6,"y":-2.5},{"x":7,"y":-2.5},{"x":8,"y":-2.5}]}],"seeds":["VIp94VZFXUgYguhNwXOIHchpR6QMAqFOYsWJnjdwVBgaC5dg4QlxB3c9IrNgHch4WBdMIKSgUNhdw2IKzFNQ4JQgWRhSXbd8h8IIiOZ841Z+oReCYNhYlhAKkheKGSQVARg0VVgp4DM4HQkA"]},{"layers":[{"index":0,"tiles":[{"x":1.5,"y":-7.5},{"x":2.5,"y":-7.5},{"x":3.5,"y":-7.5},{"x":4.5,"y":-7.5},{"x":5.5,"y":-7.5},{"x":6.5,"y":-7.5},{"x":7.5,"y":-7.5},{"x":8.5,"y":-7.5},{"x":9.5,"y":-7.5},{"x":1.5,"y":-6.5},{"x":2.5,"y":-6.5},{"x":4.5,"y":-6.5},{"x":5.5,"y":-6.5},{"x":6.5,"y":-6.5},{"x":8.5,"y":-6.5},{"x":9.5,"y":-6.5},{"x":0.5,"y":-5.5},{"x":2.5,"y":-5.5},{"x":4.5,"y":-5.5},{"x":6.5,"y":-5.5},{"x":8.5,"y":-5.5},{"x":10.5,"y":-5.5},{"x":1.5,"y":-5},{"x":3.5,"y":-5},{"x":5.5,"y":-5},{"x":7.5,"y":-5},{"x":9.5,"y":-5},{"x":0.5,"y":-4.5},{"x":2.5,"y":-4.5},{"x":4.5,"y":-4.5},{"x":6.5,"y":-4.5},{"x":8.5,"y":-4.5},{"x":10.5,"y":-4.5},{"x":1.5,"y":-3.5},{"x":2.5,"y":-3.5},{"x":4.5,"y":-3.5},{"x":5.5,"y":-3.5},{"x":6.5,"y":-3.5},{"x":8.5,"y":-3.5},{"x":9.5,"y":-3.5},{"x":1.5,"y":-2.5},{"x":2.5,"y":-2.5},{"x":3.5,"y":-2.5},{"x":4.5,"y":-2.5},{"x":5.5,"y":-2.5},{"x":6.5,"y":-2.5},{"x":7.5,"y":-2.5},{"x":8.5,"y":-2.5},{"x":9.5,"y":-2.5}]},{"index":1,"tiles":[{"x":1.5,"y":-7.5},{"x":2.5,"y":-7.5},{"x":3.5,"y":-7.5},{"x":4.5,"y":-7.5},{"x":5.5,"y":-7.5},{"x":6.5,"y":-7.5},{"x":7.5,"y":-7.5},{"x":8.5,"y":-7.5},{"x":9.5,"y":-7.5},{"x":1.5,"y":-6.5},{"x":2.5,"y":-6.5},{"x":4.5,"y":-6.5},{"x":5.5,"y":-6.5},{"x":6.5,"y":-6.5},{"x":8.5,"y":-6.5},{"x":9.5,"y":-6.5},{"x":0.5,"y":-5.5},{"x":2.5,"y":-5.5},{"x":4.5,"y":-5.5},{"x":6.5,"y":-5.5},{"x":8.5,"y":-5.5},{"x":10.5,"y":-5.5},{"x":1.5,"y":-5},{"x":3.5,"y":-5},{"x":5.5,"y":-5},{"x":7.5,"y":-5},{"x":9.5,"y":-5},{"x":0.5,"y":-4.5},{"x":2.5,"y":-4.5},{"x":4.5,"y":-4.5},{"x":6.5,"y":-4.5},{"x":8.5,"y":-4.5},{"x":10.5,"y":-4.5},{"x":1.5,"y":-3.5},{"x":2.5,"y":-3.5},{"x":4.5,"y":-3.5},{"x":5.5,"y":-3.5},{"x":6.5,"y":-3.5},{"x":8.5,"y":-3.5},{"x":9.5,"y":-3.5},{"x":1.5,"y":-2.5},{"x":2.5,"y":-2.5},{"x":3.5,"y":-2.5},{"x":4.5,"y":-2.5},{"x":5.5,"y":-2.5},{"x":6.5,"y":-2.5},{"x":7.5,"y":-2.5},{"x":8.5,"y":-2.5},{"x":9.5,"y":-2.5}]},{"index":2,"tiles":[{"x":1.5,"y":-7.5},{"x":2.5,"y":-7.5},{"x":3.5,"y":-7.5},{"x":4.5,"y":-7.5},{"x":5.5,"y":-7.5},{"x":6.5,"y":-7.5},{"x":7.5,"y":-7.5},{"x":8.5,"y":-7.5},{"x":9.5,"y":-7.5},{"x":1.5,"y":-6.5},{"x":2.5,"y":-6.5},{"x":8.5,"y":-6.5},{"x":9.5,"y":-6.5},{"x":0.5,"y":-5.5},{"x":2.5,"y":-5.5},{"x":8.5,"y":-5.5},{"x":10.5,"y":-5.5},{"x":1.5,"y":-5},{"x":9.5,"y":-5},{"x":0.5,"y":-4.5},{"x":2.5,"y":-4.5},{"x":8.5,"y":-4.5},{"x":10.5,"y":-4.5},{"x":1.5,"y":-3.5},{"x":2.5,"y":-3.5},{"x":8.5,"y":-3.5},{"x":9.5,"y":-3.5},{"x":1.5,"y":-2.5},{"x":2.5,"y":-2.5},{"x":3.5,"y":-2.5},{"x":4.5,"y":-2.5},{"x":5.5,"y":-2.5},{"x":6.5,"y":-2.5},{"x":7.5,"y":-2.5},{"x":8.5,"y":-2.5},{"x":9.5,"y":-2.5}]}],"seeds":["3VQK1KQRlTdVxDAV1rFYWJCAHdWEyfgNH8ehEvMtxrcFougplQg2yhV5A1gEIdOAggA1kNlRIedlQ6RUKYg8y4FN2RSEF9htnRKGBsFoaueBFBNKnsiJouMI3EcuJ/eB4hOKBAIA"]},{"layers":[{"index":0,"tiles":[{"x":2,"y":-8},{"x":9,"y":-8},{"x":3,"y":-7.5},{"x":4.5,"y":-7.5},{"x":6.5,"y":-7.5},{"x":8,"y":-7.5},{"x":5.5,"y":-7},{"x":3,"y":-6.5},{"x":8,"y":-6.5},{"x":4.5,"y":-6},{"x":5.5,"y":-6},{"x":6.5,"y":-6},{"x":2.5,"y":-5.5},{"x":8.5,"y":-5.5},{"x":0.5,"y":-5},{"x":1.5,"y":-5},{"x":4.5,"y":-5},{"x":5.5,"y":-5},{"x":6.5,"y":-5},{"x":9.5,"y":-5},{"x":10.5,"y":-5},{"x":2.5,"y":-4.5},{"x":8.5,"y":-4.5},{"x":4.5,"y":-4},{"x":5.5,"y":-4},{"x":6.5,"y":-4},{"x":3,"y":-3.5},{"x":8,"y":-3.5},{"x":5.5,"y":-3},{"x":3,"y":-2.5},{"x":4.5,"y":-2.5},{"x":6.5,"y":-2.5},{"x":8,"y":-2.5},{"x":2,"y":-2},{"x":9,"y":-2}]},{"index":1,"tiles":[{"x":2,"y":-8},{"x":9,"y":-8},{"x":3,"y":-7.5},{"x":4.5,"y":-7.5},{"x":6.5,"y":-7.5},{"x":8,"y":-7.5},{"x":5.5,"y":-7},{"x":3,"y":-6.5},{"x":8,"y":-6.5},{"x":4.5,"y":-6},{"x":5.5,"y":-6},{"x":6.5,"y":-6},{"x":2.5,"y":-5.5},{"x":8.5,"y":-5.5},{"x":0.5,"y":-5},{"x":1.5,"y":-5},{"x":4.5,"y":-5},{"x":5.5,"y":-5},{"x":6.5,"y":-5},{"x":9.5,"y":-5},{"x":10.5,"y":-5},{"x":2.5,"y":-4.5},{"x":8.5,"y":-4.5},{"x":4.5,"y":-4},{"x":5.5,"y":-4},{"x":6.5,"y":-4},{"x":3,"y":-3.5},{"x":8,"y":-3.5},{"x":5.5,"y":-3},{"x":3,"y":-2.5},{"x":4.5,"y":-2.5},{"x":6.5,"y":-2.5},{"x":8,"y":-2.5},{"x":2,"y":-2},{"x":9,"y":-2}]},{"index":2,"tiles":[{"x":2,"y":-8},{"x":9,"y":-8},{"x":3,"y":-7.5},{"x":4.5,"y":-7.5},{"x":6.5,"y":-7.5},{"x":8,"y":-7.5},{"x":5.5,"y":-7},{"x":3,"y":-6.5},{"x":8,"y":-6.5},{"x":4.5,"y":-6},{"x":5.5,"y":-6},{"x":6.5,"y":-6},{"x":2.5,"y":-5.5},{"x":8.5,"y":-5.5},{"x":0.5,"y":-5},{"x":1.5,"y":-5},{"x":4.5,"y":-5},{"x":6.5,"y":-5},{"x":9.5,"y":-5},{"x":10.5,"y":-5},{"x":2.5,"y":-4.5},{"x":8.5,"y":-4.5},{"x":4.5,"y":-4},{"x":5.5,"y":-4},{"x":6.5,"y":-4},{"x":3,"y":-3.5},{"x":8,"y":-3.5},{"x":5.5,"y":-3},{"x":3,"y":-2.5},{"x":4.5,"y":-2.5},{"x":6.5,"y":-2.5},{"x":8,"y":-2.5},{"x":2,"y":-2},{"x":9,"y":-2}]}],"seeds":["ARd+zlF1g5SIjQdFXhNwGfh5gQOFwkWJ3WZxoJZQXmFq3CaGqBKKgkJOBDMqIDNhklKA1xlxSyc+4fF9RACCVWmFYoZMnGp0WDotDzIY"]},{"layers":[{"index":0,"tiles":[{"x":2,"y":-8},{"x":3,"y":-8},{"x":4,"y":-8},{"x":5,"y":-8},{"x":6,"y":-8},{"x":7,"y":-8},{"x":8,"y":-8},{"x":9,"y":-8},{"x":2,"y":-7},{"x":3,"y":-7},{"x":4,"y":-7},{"x":7,"y":-7},{"x":8,"y":-7},{"x":9,"y":-7},{"x":5.5,"y":-6.5},{"x":1,"y":-6},{"x":2,"y":-6},{"x":3.5,"y":-6},{"x":4.5,"y":-6},{"x":6.5,"y":-6},{"x":7.5,"y":-6},{"x":9,"y":-6},{"x":10,"y":-6},{"x":5.5,"y":-5.5},{"x":2,"y":-4.5},{"x":3,"y":-4.5},{"x":4,"y":-4.5},{"x":5,"y":-4.5},{"x":6,"y":-4.5},{"x":7,"y":-4.5},{"x":8,"y":-4.5},{"x":9,"y":-4.5},{"x":2.5,"y":-3.5},{"x":3.5,"y":-3.5},{"x":4.5,"y":-3.5},{"x":5.5,"y":-3.5},{"x":6.5,"y":-3.5},{"x":7.5,"y":-3.5},{"x":8.5,"y":-3.5},{"x":2,"y":-2.5},{"x":3,"y":-2.5},{"x":4,"y":-2.5},{"x":7,"y":-2.5},{"x":8,"y":-2.5},{"x":9,"y":-2.5},{"x":5,"y":-2},{"x":6,"y":-2}]},{"index":1,"tiles":[{"x":2,"y":-8},{"x":3,"y":-8},{"x":4,"y":-8},{"x":5,"y":-8},{"x":6,"y":-8},{"x":7,"y":-8},{"x":8,"y":-8},{"x":9,"y":-8},{"x":2,"y":-7},{"x":3,"y":-7},{"x":4,"y":-7},{"x":7,"y":-7},{"x":8,"y":-7},{"x":9,"y":-7},{"x":5.5,"y":-6.5},{"x":1,"y":-6},{"x":2,"y":-6},{"x":3.5,"y":-6},{"x":4.5,"y":-6},{"x":6.5,"y":-6},{"x":7.5,"y":-6},{"x":9,"y":-6},{"x":10,"y":-6},{"x":5.5,"y":-5.5},{"x":2,"y":-4.5},{"x":3,"y":-4.5},{"x":4,"y":-4.5},{"x":5,"y":-4.5},{"x":6,"y":-4.5},{"x":7,"y":-4.5},{"x":8,"y":-4.5},{"x":9,"y":-4.5},{"x":2.5,"y":-3.5},{"x":3.5,"y":-3.5},{"x":4.5,"y":-3.5},{"x":5.5,"y":-3.5},{"x":6.5,"y":-3.5},{"x":7.5,"y":-3.5},{"x":8.5,"y":-3.5},{"x":2,"y":-2.5},{"x":3,"y":-2.5},{"x":4,"y":-2.5},{"x":7,"y":-2.5},{"x":8,"y":-2.5},{"x":9,"y":-2.5},{"x":5,"y":-2},{"x":6,"y":-2}]},{"index":2,"tiles":[{"x":2,"y":-8},{"x":3,"y":-8},{"x":4,"y":-8},{"x":5,"y":-8},{"x":6,"y":-8},{"x":7,"y":-8},{"x":8,"y":-8},{"x":9,"y":-8},{"x":2,"y":-7},{"x":9,"y":-7},{"x":5.5,"y":-6.5},{"x":1,"y":-6},{"x":2,"y":-6},{"x":3.5,"y":-6},{"x":7.5,"y":-6},{"x":9,"y":-6},{"x":10,"y":-6},{"x":5.5,"y":-5.5},{"x":2,"y":-4.5},{"x":3,"y":-4.5},{"x":4,"y":-4.5},{"x":7,"y":-4.5},{"x":8,"y":-4.5},{"x":9,"y":-4.5},{"x":2.5,"y":-3.5},{"x":8.5,"y":-3.5},{"x":2,"y":-2.5},{"x":3,"y":-2.5},{"x":4,"y":-2.5},{"x":7,"y":-2.5},{"x":8,"y":-2.5},{"x":9,"y":-2.5},{"x":5,"y":-2},{"x":6,"y":-2}]}],"seeds":["wmdEHLhwHiEZxDV0GCdxAigEHXKEycR4YrCATEhRnzAN2lQt4dBZjxam2fFBYeItTjCdipKBDviJHch5UKVwVvVFSnBtlNiQDyWqojeZZQd+SLgx4xBiTAeiolcUU9hU"]}]]],0,0,[],[],[]]
