[1,0,0,[["cc.JsonAsset",["_name","json"],1]],[[0,0,1,3]],[[0,"level_001111-30",[{"layers":[{"index":0,"tiles":[{"x":2,"y":-9.5},{"x":3,"y":-9.5},{"x":4,"y":-9.5},{"x":5,"y":-9.5},{"x":6,"y":-9.5},{"x":7,"y":-9.5},{"x":8,"y":-9.5},{"x":9,"y":-9.5},{"x":1.5,"y":-8.5},{"x":9.5,"y":-8.5},{"x":3.5,"y":-8},{"x":4.5,"y":-8},{"x":5.5,"y":-8},{"x":6.5,"y":-8},{"x":7.5,"y":-8},{"x":2,"y":-7.5},{"x":9,"y":-7.5},{"x":4,"y":-7},{"x":7,"y":-7},{"x":2.5,"y":-6.5},{"x":8.5,"y":-6.5},{"x":4.5,"y":-6},{"x":6.5,"y":-6},{"x":3,"y":-5.5},{"x":8,"y":-5.5},{"x":1.5,"y":-5},{"x":5,"y":-5},{"x":6,"y":-5},{"x":9.5,"y":-5},{"x":3.5,"y":-4.5},{"x":7.5,"y":-4.5},{"x":1,"y":-4},{"x":2,"y":-4},{"x":5.5,"y":-4},{"x":9,"y":-4},{"x":10,"y":-4},{"x":4,"y":-3.5},{"x":7,"y":-3.5},{"x":1.5,"y":-3},{"x":2.5,"y":-3},{"x":8.5,"y":-3},{"x":9.5,"y":-3},{"x":4.5,"y":-2.5},{"x":6.5,"y":-2.5},{"x":1,"y":-2},{"x":2,"y":-2},{"x":3,"y":-2},{"x":8,"y":-2},{"x":9,"y":-2},{"x":10,"y":-2},{"x":5,"y":-1.5},{"x":6,"y":-1.5},{"x":1.5,"y":-1},{"x":2.5,"y":-1},{"x":3.5,"y":-1},{"x":7.5,"y":-1},{"x":8.5,"y":-1},{"x":9.5,"y":-1}]},{"index":1,"tiles":[{"x":2,"y":-9.5},{"x":3,"y":-9.5},{"x":4,"y":-9.5},{"x":5,"y":-9.5},{"x":6,"y":-9.5},{"x":7,"y":-9.5},{"x":8,"y":-9.5},{"x":9,"y":-9.5},{"x":1.5,"y":-8.5},{"x":9.5,"y":-8.5},{"x":3.5,"y":-8},{"x":4.5,"y":-8},{"x":5.5,"y":-8},{"x":6.5,"y":-8},{"x":7.5,"y":-8},{"x":2,"y":-7.5},{"x":9,"y":-7.5},{"x":4,"y":-7},{"x":7,"y":-7},{"x":2.5,"y":-6.5},{"x":8.5,"y":-6.5},{"x":4.5,"y":-6},{"x":6.5,"y":-6},{"x":3,"y":-5.5},{"x":8,"y":-5.5},{"x":1.5,"y":-5},{"x":5,"y":-5},{"x":6,"y":-5},{"x":9.5,"y":-5},{"x":3.5,"y":-4.5},{"x":7.5,"y":-4.5},{"x":1.5,"y":-4},{"x":5.5,"y":-4},{"x":9.5,"y":-4},{"x":4,"y":-3.5},{"x":7,"y":-3.5},{"x":2,"y":-3},{"x":9,"y":-3},{"x":4.5,"y":-2.5},{"x":6.5,"y":-2.5},{"x":1.5,"y":-2},{"x":2.5,"y":-2},{"x":8.5,"y":-2},{"x":9.5,"y":-2},{"x":5,"y":-1.5},{"x":6,"y":-1.5},{"x":2,"y":-1},{"x":3,"y":-1},{"x":8,"y":-1},{"x":9,"y":-1}]},{"index":2,"tiles":[{"x":3,"y":-9.5},{"x":4,"y":-9.5},{"x":5,"y":-9.5},{"x":6,"y":-9.5},{"x":7,"y":-9.5},{"x":8,"y":-9.5}]}],"seeds":["aBByYKqIQyAZU3hhjrYcZSdmiAISocV5XLhRoqGA21NoRyKIjhAyi8eYHSgKn6diIBcOZyhIZMFZ1BRMHRF9FfSAnxd0IFIlnThFULdcS5OFDah8IwcA"]},{"layers":[{"index":0,"tiles":[{"x":1.5,"y":-9.5},{"x":2.5,"y":-9.5},{"x":8.5,"y":-9.5},{"x":9.5,"y":-9.5},{"x":3.5,"y":-9},{"x":7.5,"y":-9},{"x":1.5,"y":-8.5},{"x":2.5,"y":-8.5},{"x":4.5,"y":-8.5},{"x":6.5,"y":-8.5},{"x":8.5,"y":-8.5},{"x":9.5,"y":-8.5},{"x":3.5,"y":-8},{"x":5.5,"y":-8},{"x":7.5,"y":-8},{"x":1.5,"y":-7.5},{"x":2.5,"y":-7.5},{"x":4.5,"y":-7.5},{"x":6.5,"y":-7.5},{"x":8.5,"y":-7.5},{"x":9.5,"y":-7.5},{"x":3.5,"y":-7},{"x":5.5,"y":-7},{"x":7.5,"y":-7},{"x":1.5,"y":-6.5},{"x":2.5,"y":-6.5},{"x":8.5,"y":-6.5},{"x":9.5,"y":-6.5},{"x":5,"y":-6},{"x":6,"y":-6},{"x":4.5,"y":-5},{"x":6.5,"y":-5},{"x":4,"y":-4},{"x":7,"y":-4},{"x":3.5,"y":-3},{"x":7.5,"y":-3},{"x":3,"y":-2},{"x":8,"y":-2},{"x":1.5,"y":-1},{"x":2.5,"y":-1},{"x":3.5,"y":-1},{"x":7.5,"y":-1},{"x":8.5,"y":-1},{"x":9.5,"y":-1}]},{"index":1,"tiles":[{"x":1.5,"y":-9.5},{"x":2.5,"y":-9.5},{"x":8.5,"y":-9.5},{"x":9.5,"y":-9.5},{"x":3.5,"y":-9},{"x":7.5,"y":-9},{"x":1.5,"y":-8.5},{"x":2.5,"y":-8.5},{"x":4.5,"y":-8.5},{"x":6.5,"y":-8.5},{"x":8.5,"y":-8.5},{"x":9.5,"y":-8.5},{"x":3.5,"y":-8},{"x":7.5,"y":-8},{"x":1.5,"y":-7.5},{"x":2.5,"y":-7.5},{"x":4.5,"y":-7.5},{"x":6.5,"y":-7.5},{"x":8.5,"y":-7.5},{"x":9.5,"y":-7.5},{"x":3.5,"y":-7},{"x":7.5,"y":-7},{"x":1.5,"y":-6.5},{"x":2.5,"y":-6.5},{"x":8.5,"y":-6.5},{"x":9.5,"y":-6.5},{"x":1.5,"y":-1},{"x":2.5,"y":-1},{"x":3.5,"y":-1},{"x":7.5,"y":-1},{"x":8.5,"y":-1},{"x":9.5,"y":-1}]},{"index":2,"tiles":[{"x":1.5,"y":-9.5},{"x":2.5,"y":-9.5},{"x":8.5,"y":-9.5},{"x":9.5,"y":-9.5},{"x":1.5,"y":-8.5},{"x":2.5,"y":-8.5},{"x":8.5,"y":-8.5},{"x":9.5,"y":-8.5},{"x":1.5,"y":-7.5},{"x":2.5,"y":-7.5},{"x":8.5,"y":-7.5},{"x":9.5,"y":-7.5},{"x":1.5,"y":-6.5},{"x":2.5,"y":-6.5},{"x":8.5,"y":-6.5},{"x":9.5,"y":-6.5}]}],"seeds":["YTR6WGBwmYY0AkR2zRceXlIth/eBA2iJCCYQA8RQjBWKXOE4XRFMVWhOxgMqDxh+2qV8l9dlEhh1IiiqyVly1MKFhISm"]},{"layers":[{"index":0,"tiles":[{"x":1.5,"y":-9},{"x":2.5,"y":-9},{"x":3.5,"y":-9},{"x":4.5,"y":-9},{"x":6.5,"y":-9},{"x":7.5,"y":-9},{"x":8.5,"y":-9},{"x":9.5,"y":-9},{"x":2,"y":-8},{"x":4.5,"y":-8},{"x":6.5,"y":-8},{"x":9,"y":-8},{"x":3,"y":-7.5},{"x":8,"y":-7.5},{"x":4.5,"y":-7},{"x":6.5,"y":-7},{"x":3,"y":-6.5},{"x":8,"y":-6.5},{"x":4.5,"y":-6},{"x":6.5,"y":-6},{"x":2.5,"y":-5.5},{"x":3.5,"y":-5.5},{"x":7.5,"y":-5.5},{"x":8.5,"y":-5.5},{"x":4.5,"y":-5},{"x":6.5,"y":-5},{"x":2,"y":-4.5},{"x":3,"y":-4.5},{"x":8,"y":-4.5},{"x":9,"y":-4.5},{"x":4.5,"y":-4},{"x":6.5,"y":-4},{"x":1.5,"y":-3.5},{"x":2.5,"y":-3.5},{"x":3.5,"y":-3.5},{"x":7.5,"y":-3.5},{"x":8.5,"y":-3.5},{"x":9.5,"y":-3.5},{"x":4.5,"y":-3},{"x":6.5,"y":-3},{"x":1.5,"y":-2.5},{"x":2.5,"y":-2.5},{"x":3.5,"y":-2.5},{"x":7.5,"y":-2.5},{"x":8.5,"y":-2.5},{"x":9.5,"y":-2.5},{"x":4.5,"y":-2},{"x":6.5,"y":-2},{"x":1.5,"y":-1.5},{"x":2.5,"y":-1.5},{"x":3.5,"y":-1.5},{"x":7.5,"y":-1.5},{"x":8.5,"y":-1.5},{"x":9.5,"y":-1.5},{"x":4.5,"y":-1},{"x":6.5,"y":-1}]},{"index":1,"tiles":[{"x":1.5,"y":-9},{"x":9.5,"y":-9},{"x":2.5,"y":-8.5},{"x":3.5,"y":-8.5},{"x":4.5,"y":-8.5},{"x":6.5,"y":-8.5},{"x":7.5,"y":-8.5},{"x":8.5,"y":-8.5},{"x":3.5,"y":-7.5},{"x":4.5,"y":-7.5},{"x":6.5,"y":-7.5},{"x":7.5,"y":-7.5},{"x":3.5,"y":-6.5},{"x":4.5,"y":-6.5},{"x":6.5,"y":-6.5},{"x":7.5,"y":-6.5},{"x":2.5,"y":-5.5},{"x":3.5,"y":-5.5},{"x":4.5,"y":-5.5},{"x":6.5,"y":-5.5},{"x":7.5,"y":-5.5},{"x":8.5,"y":-5.5},{"x":2.5,"y":-4.5},{"x":3.5,"y":-4.5},{"x":4.5,"y":-4.5},{"x":6.5,"y":-4.5},{"x":7.5,"y":-4.5},{"x":8.5,"y":-4.5},{"x":1.5,"y":-3.5},{"x":2.5,"y":-3.5},{"x":3.5,"y":-3.5},{"x":4.5,"y":-3.5},{"x":6.5,"y":-3.5},{"x":7.5,"y":-3.5},{"x":8.5,"y":-3.5},{"x":9.5,"y":-3.5},{"x":1.5,"y":-2.5},{"x":2.5,"y":-2.5},{"x":3.5,"y":-2.5},{"x":4.5,"y":-2.5},{"x":6.5,"y":-2.5},{"x":7.5,"y":-2.5},{"x":8.5,"y":-2.5},{"x":9.5,"y":-2.5},{"x":1.5,"y":-1.5},{"x":2.5,"y":-1.5},{"x":3.5,"y":-1.5},{"x":4.5,"y":-1.5},{"x":6.5,"y":-1.5},{"x":7.5,"y":-1.5},{"x":8.5,"y":-1.5},{"x":9.5,"y":-1.5}]},{"index":2,"tiles":[{"x":1.5,"y":-9},{"x":2.5,"y":-9},{"x":3.5,"y":-9},{"x":4.5,"y":-9},{"x":6.5,"y":-9},{"x":7.5,"y":-9},{"x":8.5,"y":-9},{"x":9.5,"y":-9},{"x":2,"y":-8},{"x":4.5,"y":-8},{"x":6.5,"y":-8},{"x":9,"y":-8},{"x":3,"y":-7.5},{"x":8,"y":-7.5},{"x":4.5,"y":-7},{"x":6.5,"y":-7},{"x":3,"y":-6.5},{"x":8,"y":-6.5},{"x":4.5,"y":-6},{"x":6.5,"y":-6},{"x":2.5,"y":-5.5},{"x":8.5,"y":-5.5},{"x":4.5,"y":-5},{"x":6.5,"y":-5},{"x":2,"y":-4.5},{"x":9,"y":-4.5},{"x":4.5,"y":-4},{"x":6.5,"y":-4},{"x":1.5,"y":-3.5},{"x":9.5,"y":-3.5},{"x":4.5,"y":-3},{"x":6.5,"y":-3},{"x":1.5,"y":-2.5},{"x":9.5,"y":-2.5},{"x":4.5,"y":-2},{"x":6.5,"y":-2},{"x":1.5,"y":-1.5},{"x":2.5,"y":-1.5},{"x":3.5,"y":-1.5},{"x":7.5,"y":-1.5},{"x":8.5,"y":-1.5},{"x":9.5,"y":-1.5},{"x":4.5,"y":-1},{"x":6.5,"y":-1}]}],"seeds":["m0haTigYidUtRPEdXPJckcB8Qdh1Z4ANhUiAoQOGDccMVtgs4BY+IhSqwadZHdVwBoFwlAcOzMNRAjYEYKqJThaGaFdUnxcKnFJ54DVJC+JMogiB16iIHqh8VWlk3GFMj1J1HyhNV+OZRNcxFAcukScW"]},{"layers":[{"index":0,"tiles":[{"x":4.5,"y":-9},{"x":5.5,"y":-9},{"x":6.5,"y":-9},{"x":1.5,"y":-8.5},{"x":3.5,"y":-8.5},{"x":7.5,"y":-8.5},{"x":9.5,"y":-8.5},{"x":0.5,"y":-8},{"x":2.5,"y":-8},{"x":5,"y":-8},{"x":6,"y":-8},{"x":8.5,"y":-8},{"x":10.5,"y":-8},{"x":5.5,"y":-7},{"x":0.5,"y":-6},{"x":2.5,"y":-6},{"x":5,"y":-6},{"x":6,"y":-6},{"x":8.5,"y":-6},{"x":10.5,"y":-6},{"x":1.5,"y":-5.5},{"x":3.5,"y":-5.5},{"x":7.5,"y":-5.5},{"x":9.5,"y":-5.5},{"x":4.5,"y":-5},{"x":5.5,"y":-5},{"x":6.5,"y":-5},{"x":1.5,"y":-4.5},{"x":3.5,"y":-4.5},{"x":7.5,"y":-4.5},{"x":9.5,"y":-4.5},{"x":0.5,"y":-4},{"x":2.5,"y":-4},{"x":5,"y":-4},{"x":6,"y":-4},{"x":8.5,"y":-4},{"x":10.5,"y":-4},{"x":5.5,"y":-3},{"x":0.5,"y":-2},{"x":2.5,"y":-2},{"x":5,"y":-2},{"x":6,"y":-2},{"x":8.5,"y":-2},{"x":10.5,"y":-2},{"x":1.5,"y":-1.5},{"x":3.5,"y":-1.5},{"x":7.5,"y":-1.5},{"x":9.5,"y":-1.5},{"x":4.5,"y":-1},{"x":5.5,"y":-1},{"x":6.5,"y":-1}]},{"index":1,"tiles":[{"x":4.5,"y":-9},{"x":5.5,"y":-9},{"x":6.5,"y":-9},{"x":1.5,"y":-8.5},{"x":3.5,"y":-8.5},{"x":7.5,"y":-8.5},{"x":9.5,"y":-8.5},{"x":0.5,"y":-8},{"x":2.5,"y":-8},{"x":5,"y":-8},{"x":6,"y":-8},{"x":8.5,"y":-8},{"x":10.5,"y":-8},{"x":5.5,"y":-7},{"x":0.5,"y":-6},{"x":2.5,"y":-6},{"x":5,"y":-6},{"x":6,"y":-6},{"x":8.5,"y":-6},{"x":10.5,"y":-6},{"x":1.5,"y":-5.5},{"x":3.5,"y":-5.5},{"x":7.5,"y":-5.5},{"x":9.5,"y":-5.5},{"x":5,"y":-5},{"x":6,"y":-5},{"x":1.5,"y":-4.5},{"x":3.5,"y":-4.5},{"x":7.5,"y":-4.5},{"x":9.5,"y":-4.5},{"x":0.5,"y":-4},{"x":2.5,"y":-4},{"x":5,"y":-4},{"x":6,"y":-4},{"x":8.5,"y":-4},{"x":10.5,"y":-4},{"x":5.5,"y":-3},{"x":0.5,"y":-2},{"x":2.5,"y":-2},{"x":5,"y":-2},{"x":6,"y":-2},{"x":8.5,"y":-2},{"x":10.5,"y":-2},{"x":1.5,"y":-1.5},{"x":3.5,"y":-1.5},{"x":7.5,"y":-1.5},{"x":9.5,"y":-1.5},{"x":4.5,"y":-1},{"x":5.5,"y":-1},{"x":6.5,"y":-1}]},{"index":2,"tiles":[{"x":0.5,"y":-6},{"x":2.5,"y":-6},{"x":8.5,"y":-6},{"x":10.5,"y":-6},{"x":1.5,"y":-5.5},{"x":3.5,"y":-5.5},{"x":7.5,"y":-5.5},{"x":9.5,"y":-5.5},{"x":4.5,"y":-5},{"x":5.5,"y":-5},{"x":6.5,"y":-5},{"x":1.5,"y":-4.5},{"x":3.5,"y":-4.5},{"x":7.5,"y":-4.5},{"x":9.5,"y":-4.5},{"x":0.5,"y":-4},{"x":2.5,"y":-4},{"x":8.5,"y":-4},{"x":10.5,"y":-4}]}],"seeds":["R8hcnyh6YHMVoRR4ocOEmgieqRRlwoR8ykRxD9d1mDKJliN2hzIFEkgIhThO5KRG06RQohYGDyMmn9llXwgSXsl1DAdWRsOFHApO0mYs2LBMULUlYdBZ0OAh"]},{"layers":[{"index":0,"tiles":[{"x":1.5,"y":-9},{"x":2.5,"y":-9},{"x":3.5,"y":-9},{"x":4.5,"y":-9},{"x":5.5,"y":-9},{"x":6.5,"y":-9},{"x":7.5,"y":-9},{"x":8.5,"y":-9},{"x":9.5,"y":-9},{"x":1.5,"y":-8},{"x":5.5,"y":-8},{"x":9.5,"y":-8},{"x":2.5,"y":-7.5},{"x":4.5,"y":-7.5},{"x":6.5,"y":-7.5},{"x":8.5,"y":-7.5},{"x":1.5,"y":-7},{"x":3.5,"y":-7},{"x":5.5,"y":-7},{"x":7.5,"y":-7},{"x":9.5,"y":-7},{"x":2.5,"y":-6.5},{"x":4.5,"y":-6.5},{"x":6.5,"y":-6.5},{"x":8.5,"y":-6.5},{"x":1.5,"y":-6},{"x":3.5,"y":-6},{"x":5.5,"y":-6},{"x":7.5,"y":-6},{"x":9.5,"y":-6},{"x":2.5,"y":-5.5},{"x":4.5,"y":-5.5},{"x":6.5,"y":-5.5},{"x":8.5,"y":-5.5},{"x":1.5,"y":-5},{"x":3.5,"y":-5},{"x":5.5,"y":-5},{"x":7.5,"y":-5},{"x":9.5,"y":-5},{"x":2.5,"y":-4.5},{"x":4.5,"y":-4.5},{"x":6.5,"y":-4.5},{"x":8.5,"y":-4.5},{"x":1.5,"y":-4},{"x":3.5,"y":-4},{"x":5.5,"y":-4},{"x":7.5,"y":-4},{"x":9.5,"y":-4},{"x":2.5,"y":-3.5},{"x":4.5,"y":-3.5},{"x":6.5,"y":-3.5},{"x":8.5,"y":-3.5},{"x":1.5,"y":-3},{"x":3.5,"y":-3},{"x":5.5,"y":-3},{"x":7.5,"y":-3},{"x":9.5,"y":-3},{"x":2.5,"y":-2.5},{"x":4.5,"y":-2.5},{"x":6.5,"y":-2.5},{"x":8.5,"y":-2.5},{"x":1.5,"y":-2},{"x":5.5,"y":-2},{"x":9.5,"y":-2},{"x":1.5,"y":-1},{"x":2.5,"y":-1},{"x":3.5,"y":-1},{"x":4.5,"y":-1},{"x":5.5,"y":-1},{"x":6.5,"y":-1},{"x":7.5,"y":-1},{"x":8.5,"y":-1},{"x":9.5,"y":-1}]},{"index":1,"tiles":[{"x":1.5,"y":-9},{"x":2.5,"y":-9},{"x":3.5,"y":-9},{"x":4.5,"y":-9},{"x":5.5,"y":-9},{"x":6.5,"y":-9},{"x":7.5,"y":-9},{"x":8.5,"y":-9},{"x":9.5,"y":-9},{"x":1.5,"y":-8},{"x":9.5,"y":-8},{"x":1.5,"y":-7},{"x":5.5,"y":-7},{"x":9.5,"y":-7},{"x":2.5,"y":-6.5},{"x":4.5,"y":-6.5},{"x":6.5,"y":-6.5},{"x":8.5,"y":-6.5},{"x":1.5,"y":-6},{"x":3.5,"y":-6},{"x":5.5,"y":-6},{"x":7.5,"y":-6},{"x":9.5,"y":-6},{"x":2.5,"y":-5.5},{"x":4.5,"y":-5.5},{"x":6.5,"y":-5.5},{"x":8.5,"y":-5.5},{"x":1.5,"y":-5},{"x":3.5,"y":-5},{"x":5.5,"y":-5},{"x":7.5,"y":-5},{"x":9.5,"y":-5},{"x":2.5,"y":-4.5},{"x":4.5,"y":-4.5},{"x":6.5,"y":-4.5},{"x":8.5,"y":-4.5},{"x":1.5,"y":-4},{"x":3.5,"y":-4},{"x":5.5,"y":-4},{"x":7.5,"y":-4},{"x":9.5,"y":-4},{"x":2.5,"y":-3.5},{"x":4.5,"y":-3.5},{"x":6.5,"y":-3.5},{"x":8.5,"y":-3.5},{"x":1.5,"y":-3},{"x":5.5,"y":-3},{"x":9.5,"y":-3},{"x":1.5,"y":-2},{"x":9.5,"y":-2},{"x":1.5,"y":-1},{"x":2.5,"y":-1},{"x":3.5,"y":-1},{"x":4.5,"y":-1},{"x":5.5,"y":-1},{"x":6.5,"y":-1},{"x":7.5,"y":-1},{"x":8.5,"y":-1},{"x":9.5,"y":-1}]},{"index":2,"tiles":[{"x":1.5,"y":-8.5},{"x":9.5,"y":-8.5},{"x":1.5,"y":-6.5},{"x":9.5,"y":-6.5},{"x":1.5,"y":-5.5},{"x":9.5,"y":-5.5},{"x":1.5,"y":-4.5},{"x":9.5,"y":-4.5},{"x":1.5,"y":-3.5},{"x":9.5,"y":-3.5},{"x":1.5,"y":-1.5},{"x":9.5,"y":-1.5}]},{"index":3,"tiles":[{"x":1.5,"y":-6},{"x":9.5,"y":-6},{"x":1.5,"y":-5},{"x":9.5,"y":-5},{"x":1.5,"y":-4},{"x":9.5,"y":-4}]},{"index":4,"tiles":[{"x":1.5,"y":-5.5},{"x":9.5,"y":-5.5},{"x":1.5,"y":-4.5},{"x":9.5,"y":-4.5}]},{"index":5,"tiles":[{"x":1.5,"y":-5},{"x":9.5,"y":-5}]}],"seeds":["n/dV0OQFQQaGDFh4GMNt5ARx4BBSqAQuoLYMBEKIBRh+Dhdy4nUJEcdICqIkYtNo1SIq3lmJ3POJAjU9HTNAkDVuTVgRRtiBlnGFnxNOTAVWKdcdBXh43SVyhMgoneWEQll0VOcMlmoGXJMs2CdwVNCBWeSF"]},{"layers":[{"index":0,"tiles":[{"x":5.5,"y":-9.5},{"x":3.5,"y":-9},{"x":7.5,"y":-9},{"x":2.5,"y":-8.5},{"x":4.5,"y":-8.5},{"x":5.5,"y":-8.5},{"x":6.5,"y":-8.5},{"x":8.5,"y":-8.5},{"x":2,"y":-7.5},{"x":4.5,"y":-7.5},{"x":5.5,"y":-7.5},{"x":6.5,"y":-7.5},{"x":9,"y":-7.5},{"x":3.5,"y":-7},{"x":7.5,"y":-7},{"x":1.5,"y":-6.5},{"x":5.5,"y":-6.5},{"x":9.5,"y":-6.5},{"x":1.5,"y":-5.5},{"x":2.5,"y":-5.5},{"x":3.5,"y":-5.5},{"x":4.5,"y":-5.5},{"x":5.5,"y":-5.5},{"x":6.5,"y":-5.5},{"x":7.5,"y":-5.5},{"x":8.5,"y":-5.5},{"x":9.5,"y":-5.5},{"x":1.5,"y":-4.5},{"x":4.5,"y":-4.5},{"x":5.5,"y":-4.5},{"x":6.5,"y":-4.5},{"x":9.5,"y":-4.5},{"x":3.5,"y":-4},{"x":7.5,"y":-4},{"x":2.5,"y":-3.5},{"x":5.5,"y":-3.5},{"x":8.5,"y":-3.5},{"x":1.5,"y":-3},{"x":9.5,"y":-3},{"x":4,"y":-2.5},{"x":5,"y":-2.5},{"x":6,"y":-2.5},{"x":7,"y":-2.5},{"x":2,"y":-1.5},{"x":3,"y":-1.5},{"x":4,"y":-1.5},{"x":5,"y":-1.5},{"x":6,"y":-1.5},{"x":7,"y":-1.5},{"x":8,"y":-1.5},{"x":9,"y":-1.5}]},{"index":1,"tiles":[{"x":3.5,"y":-9},{"x":5.5,"y":-9},{"x":7.5,"y":-9},{"x":2.5,"y":-8.5},{"x":4.5,"y":-8.5},{"x":6.5,"y":-8.5},{"x":8.5,"y":-8.5},{"x":2,"y":-7.5},{"x":4.5,"y":-7.5},{"x":6.5,"y":-7.5},{"x":9,"y":-7.5},{"x":3.5,"y":-7},{"x":5.5,"y":-7},{"x":7.5,"y":-7},{"x":1.5,"y":-6.5},{"x":9.5,"y":-6.5},{"x":5.5,"y":-6},{"x":1.5,"y":-5.5},{"x":2.5,"y":-5.5},{"x":3.5,"y":-5.5},{"x":4.5,"y":-5.5},{"x":6.5,"y":-5.5},{"x":7.5,"y":-5.5},{"x":8.5,"y":-5.5},{"x":9.5,"y":-5.5},{"x":1.5,"y":-4.5},{"x":4.5,"y":-4.5},{"x":6.5,"y":-4.5},{"x":9.5,"y":-4.5},{"x":3.5,"y":-4},{"x":5.5,"y":-4},{"x":7.5,"y":-4},{"x":2.5,"y":-3.5},{"x":8.5,"y":-3.5},{"x":1.5,"y":-3},{"x":9.5,"y":-3},{"x":4,"y":-2.5},{"x":5,"y":-2.5},{"x":6,"y":-2.5},{"x":7,"y":-2.5},{"x":2,"y":-1.5},{"x":3,"y":-1.5},{"x":4,"y":-1.5},{"x":5,"y":-1.5},{"x":6,"y":-1.5},{"x":7,"y":-1.5},{"x":8,"y":-1.5},{"x":9,"y":-1.5}]},{"index":2,"tiles":[{"x":5.5,"y":-2}]}],"seeds":["YhdSTEJyokN5hnJyH8FEE1gsDWd6i8UREqgqXRk5UBB6zQeGaPoFh3SBXAcKXVgV2YNskIg9o+hZ1WZ8GaIJQXiJRxBiIjcMoDYl"]},{"layers":[{"index":0,"tiles":[{"x":5,"y":-9.5},{"x":6.5,"y":-9.5},{"x":7.5,"y":-9.5},{"x":8.5,"y":-9.5},{"x":9.5,"y":-9.5},{"x":2.5,"y":-9},{"x":3.5,"y":-9},{"x":5,"y":-8.5},{"x":7.5,"y":-8.5},{"x":8.5,"y":-8.5},{"x":9.5,"y":-8.5},{"x":2.5,"y":-8},{"x":3.5,"y":-8},{"x":6,"y":-8},{"x":5,"y":-7.5},{"x":8.5,"y":-7.5},{"x":9.5,"y":-7.5},{"x":2.5,"y":-7},{"x":3.5,"y":-7},{"x":6,"y":-7},{"x":7,"y":-7},{"x":5,"y":-6.5},{"x":9.5,"y":-6.5},{"x":6,"y":-6},{"x":7,"y":-6},{"x":8,"y":-6},{"x":2,"y":-5.5},{"x":3,"y":-5.5},{"x":4,"y":-5.5},{"x":5,"y":-5.5},{"x":6.5,"y":-5},{"x":7.5,"y":-5},{"x":8.5,"y":-5},{"x":9.5,"y":-5},{"x":3.5,"y":-4.5},{"x":4.5,"y":-4.5},{"x":5.5,"y":-4.5},{"x":2,"y":-4},{"x":6.5,"y":-4},{"x":4.5,"y":-3.5},{"x":5.5,"y":-3.5},{"x":8,"y":-3.5},{"x":9,"y":-3.5},{"x":2,"y":-3},{"x":3,"y":-3},{"x":6.5,"y":-3},{"x":5.5,"y":-2.5},{"x":8,"y":-2.5},{"x":9,"y":-2.5},{"x":2,"y":-2},{"x":3,"y":-2},{"x":4,"y":-2},{"x":6.5,"y":-2},{"x":8,"y":-1.5},{"x":9,"y":-1.5},{"x":2,"y":-1},{"x":3,"y":-1},{"x":4,"y":-1},{"x":5,"y":-1},{"x":6.5,"y":-1}]},{"index":1,"tiles":[{"x":7.5,"y":-9.5},{"x":8.5,"y":-9.5},{"x":9.5,"y":-9.5},{"x":3,"y":-8.5},{"x":8.5,"y":-8.5},{"x":9.5,"y":-8.5},{"x":3,"y":-7.5},{"x":9.5,"y":-7.5},{"x":6,"y":-7},{"x":5,"y":-6.5},{"x":6,"y":-6},{"x":7,"y":-6},{"x":4,"y":-5.5},{"x":5,"y":-5.5},{"x":6.5,"y":-5},{"x":7.5,"y":-5},{"x":4.5,"y":-4.5},{"x":5.5,"y":-4.5},{"x":6.5,"y":-4},{"x":5.5,"y":-3.5},{"x":2,"y":-3},{"x":8.5,"y":-3},{"x":2,"y":-2},{"x":3,"y":-2},{"x":8.5,"y":-2},{"x":2,"y":-1},{"x":3,"y":-1},{"x":4,"y":-1}]},{"index":2,"tiles":[{"x":8.5,"y":-9.5},{"x":9.5,"y":-9.5},{"x":9.5,"y":-8.5},{"x":3,"y":-8},{"x":6,"y":-6},{"x":5,"y":-5.5},{"x":6.5,"y":-5},{"x":5.5,"y":-4.5},{"x":8.5,"y":-2.5},{"x":2,"y":-2},{"x":2,"y":-1},{"x":3,"y":-1}]},{"index":3,"tiles":[{"x":9.5,"y":-9.5},{"x":2,"y":-1}]}],"seeds":["BLQEkHcNnUiFBogdoDR0CtaQnNJYEuiMwjEhhvcpBXOCIqdNBVpxD+JE3pZwQfdFi0JtiSmIIChyjNYF1RdmX2aF4hOWXipeARGGnAoA"]},{"layers":[{"index":0,"tiles":[{"x":2.5,"y":-9},{"x":3.5,"y":-9},{"x":5.5,"y":-9},{"x":7.5,"y":-9},{"x":8.5,"y":-9},{"x":1.5,"y":-8.5},{"x":4.5,"y":-8.5},{"x":6.5,"y":-8.5},{"x":9.5,"y":-8.5},{"x":2.5,"y":-8},{"x":3.5,"y":-8},{"x":5.5,"y":-8},{"x":7.5,"y":-8},{"x":8.5,"y":-8},{"x":1.5,"y":-7.5},{"x":4.5,"y":-7.5},{"x":6.5,"y":-7.5},{"x":9.5,"y":-7.5},{"x":2.5,"y":-7},{"x":3.5,"y":-7},{"x":7.5,"y":-7},{"x":8.5,"y":-7},{"x":1.5,"y":-6.5},{"x":4.5,"y":-6.5},{"x":6.5,"y":-6.5},{"x":9.5,"y":-6.5},{"x":2.5,"y":-6},{"x":3.5,"y":-6},{"x":5.5,"y":-6},{"x":7.5,"y":-6},{"x":8.5,"y":-6},{"x":1.5,"y":-5.5},{"x":4.5,"y":-5.5},{"x":6.5,"y":-5.5},{"x":9.5,"y":-5.5},{"x":2.5,"y":-5},{"x":3.5,"y":-5},{"x":7.5,"y":-5},{"x":8.5,"y":-5},{"x":1.5,"y":-4.5},{"x":4.5,"y":-4.5},{"x":6.5,"y":-4.5},{"x":9.5,"y":-4.5},{"x":2.5,"y":-4},{"x":3.5,"y":-4},{"x":5.5,"y":-4},{"x":7.5,"y":-4},{"x":8.5,"y":-4},{"x":1.5,"y":-3.5},{"x":4.5,"y":-3.5},{"x":6.5,"y":-3.5},{"x":9.5,"y":-3.5},{"x":2.5,"y":-3},{"x":3.5,"y":-3},{"x":7.5,"y":-3},{"x":8.5,"y":-3},{"x":1.5,"y":-2.5},{"x":4.5,"y":-2.5},{"x":6.5,"y":-2.5},{"x":9.5,"y":-2.5},{"x":2.5,"y":-2},{"x":3.5,"y":-2},{"x":5.5,"y":-2},{"x":7.5,"y":-2},{"x":8.5,"y":-2},{"x":1.5,"y":-1.5},{"x":4.5,"y":-1.5},{"x":6.5,"y":-1.5},{"x":9.5,"y":-1.5},{"x":2.5,"y":-1},{"x":3.5,"y":-1},{"x":5.5,"y":-1},{"x":7.5,"y":-1},{"x":8.5,"y":-1}]},{"index":1,"tiles":[{"x":2,"y":-8.5},{"x":9,"y":-8.5},{"x":5,"y":-8},{"x":6,"y":-8},{"x":2,"y":-7.5},{"x":4,"y":-7.5},{"x":7,"y":-7.5},{"x":9,"y":-7.5},{"x":3,"y":-7},{"x":8,"y":-7},{"x":2,"y":-6.5},{"x":4,"y":-6.5},{"x":7,"y":-6.5},{"x":9,"y":-6.5},{"x":5,"y":-6},{"x":6,"y":-6},{"x":2,"y":-5.5},{"x":4,"y":-5.5},{"x":7,"y":-5.5},{"x":9,"y":-5.5},{"x":3,"y":-5},{"x":8,"y":-5},{"x":2,"y":-4.5},{"x":4,"y":-4.5},{"x":7,"y":-4.5},{"x":9,"y":-4.5},{"x":5,"y":-4},{"x":6,"y":-4},{"x":2,"y":-3.5},{"x":4,"y":-3.5},{"x":7,"y":-3.5},{"x":9,"y":-3.5},{"x":3,"y":-3},{"x":8,"y":-3},{"x":2,"y":-2.5},{"x":4,"y":-2.5},{"x":7,"y":-2.5},{"x":9,"y":-2.5},{"x":5,"y":-2},{"x":6,"y":-2},{"x":2,"y":-1.5},{"x":9,"y":-1.5}]},{"index":2,"tiles":[{"x":2,"y":-8},{"x":9,"y":-8},{"x":2,"y":-7},{"x":9,"y":-7},{"x":2,"y":-6},{"x":5,"y":-6},{"x":6,"y":-6},{"x":9,"y":-6},{"x":4,"y":-5.5},{"x":7,"y":-5.5},{"x":2,"y":-5},{"x":3,"y":-5},{"x":8,"y":-5},{"x":9,"y":-5},{"x":4,"y":-4.5},{"x":7,"y":-4.5},{"x":2,"y":-4},{"x":5,"y":-4},{"x":6,"y":-4},{"x":9,"y":-4},{"x":2,"y":-3},{"x":9,"y":-3},{"x":2,"y":-2},{"x":9,"y":-2}]}],"seeds":["gWEK01JRQiCKUBASXgYF0RRE2qOFzuRljaBIidAJIeiFYXh+KciNjSAJg8UpiwdyoBgGAghiZYJMHtNdUzeFB6g+HXd1ogBSIURRoTIt3IQoBepVIvMVIjk4IrQtByFsGChSnPWB1NcZ"]},{"layers":[{"index":0,"tiles":[{"x":5.5,"y":-9.5},{"x":2.5,"y":-9},{"x":4.5,"y":-9},{"x":6.5,"y":-9},{"x":8.5,"y":-9},{"x":1.5,"y":-8.5},{"x":5.5,"y":-8.5},{"x":9.5,"y":-8.5},{"x":2.5,"y":-8},{"x":4.5,"y":-8},{"x":6.5,"y":-8},{"x":8.5,"y":-8},{"x":1.5,"y":-7.5},{"x":5.5,"y":-7.5},{"x":9.5,"y":-7.5},{"x":2.5,"y":-7},{"x":4.5,"y":-7},{"x":6.5,"y":-7},{"x":8.5,"y":-7},{"x":1.5,"y":-6.5},{"x":3.5,"y":-6.5},{"x":5.5,"y":-6.5},{"x":7.5,"y":-6.5},{"x":9.5,"y":-6.5},{"x":2.5,"y":-6},{"x":4.5,"y":-6},{"x":6.5,"y":-6},{"x":8.5,"y":-6},{"x":1.5,"y":-5.5},{"x":3.5,"y":-5.5},{"x":5.5,"y":-5.5},{"x":7.5,"y":-5.5},{"x":9.5,"y":-5.5},{"x":2.5,"y":-5},{"x":4.5,"y":-5},{"x":6.5,"y":-5},{"x":8.5,"y":-5},{"x":1.5,"y":-4.5},{"x":3.5,"y":-4.5},{"x":5.5,"y":-4.5},{"x":7.5,"y":-4.5},{"x":9.5,"y":-4.5},{"x":2.5,"y":-4},{"x":4.5,"y":-4},{"x":6.5,"y":-4},{"x":8.5,"y":-4},{"x":1.5,"y":-3.5},{"x":3.5,"y":-3.5},{"x":5.5,"y":-3.5},{"x":7.5,"y":-3.5},{"x":9.5,"y":-3.5},{"x":2.5,"y":-3},{"x":4.5,"y":-3},{"x":6.5,"y":-3},{"x":8.5,"y":-3},{"x":1.5,"y":-2.5},{"x":5.5,"y":-2.5},{"x":9.5,"y":-2.5},{"x":2.5,"y":-2},{"x":4.5,"y":-2},{"x":6.5,"y":-2},{"x":8.5,"y":-2},{"x":1.5,"y":-1.5},{"x":5.5,"y":-1.5},{"x":9.5,"y":-1.5},{"x":2.5,"y":-1},{"x":4.5,"y":-1},{"x":6.5,"y":-1},{"x":8.5,"y":-1},{"x":5.5,"y":-0.5}]},{"index":1,"tiles":[{"x":5,"y":-8.5},{"x":6,"y":-8.5},{"x":5,"y":-7},{"x":6,"y":-7},{"x":2,"y":-6},{"x":3,"y":-6},{"x":4,"y":-6},{"x":5,"y":-6},{"x":6,"y":-6},{"x":7,"y":-6},{"x":8,"y":-6},{"x":9,"y":-6},{"x":2,"y":-5},{"x":3,"y":-5},{"x":4,"y":-5},{"x":5,"y":-5},{"x":6,"y":-5},{"x":7,"y":-5},{"x":8,"y":-5},{"x":9,"y":-5},{"x":2,"y":-4},{"x":3,"y":-4},{"x":4,"y":-4},{"x":5,"y":-4},{"x":6,"y":-4},{"x":7,"y":-4},{"x":8,"y":-4},{"x":9,"y":-4},{"x":5,"y":-3},{"x":6,"y":-3},{"x":5,"y":-1.5},{"x":6,"y":-1.5}]},{"index":2,"tiles":[{"x":5.5,"y":-8.5},{"x":5.5,"y":-6.5},{"x":2.5,"y":-5.5},{"x":3.5,"y":-5.5},{"x":4.5,"y":-5.5},{"x":5.5,"y":-5.5},{"x":6.5,"y":-5.5},{"x":7.5,"y":-5.5},{"x":8.5,"y":-5.5},{"x":2.5,"y":-4.5},{"x":3.5,"y":-4.5},{"x":4.5,"y":-4.5},{"x":5.5,"y":-4.5},{"x":6.5,"y":-4.5},{"x":7.5,"y":-4.5},{"x":8.5,"y":-4.5},{"x":5.5,"y":-3.5},{"x":5.5,"y":-1.5}]}],"seeds":["VBh0i8ApzQhCXDAIQfh933Zk4BNqhgNKHMh1oKYqD0SJWBQsUWhiHjg0Ukh0iJcwzsWgUzUsHCUsxgV5kwBOUxUqVgclIGWJWSF6BCR2R/FBaYmIm8idCtkN"]},{"layers":[{"index":0,"tiles":[{"x":5.5,"y":-8.5},{"x":2.5,"y":-8},{"x":8.5,"y":-8},{"x":4,"y":-7.5},{"x":7,"y":-7.5},{"x":2.5,"y":-7},{"x":5.5,"y":-7},{"x":8.5,"y":-7},{"x":2.5,"y":-6},{"x":8.5,"y":-6},{"x":1.5,"y":-5.5},{"x":3.5,"y":-5.5},{"x":5.5,"y":-5.5},{"x":7.5,"y":-5.5},{"x":9.5,"y":-5.5},{"x":1.5,"y":-4},{"x":3.5,"y":-4},{"x":5.5,"y":-4},{"x":7.5,"y":-4},{"x":9.5,"y":-4},{"x":2.5,"y":-3.5},{"x":8.5,"y":-3.5},{"x":2.5,"y":-2.5},{"x":5.5,"y":-2.5},{"x":8.5,"y":-2.5},{"x":4,"y":-2},{"x":7,"y":-2},{"x":2.5,"y":-1.5},{"x":8.5,"y":-1.5},{"x":5.5,"y":-1}]},{"index":1,"tiles":[{"x":5.5,"y":-8.5},{"x":2.5,"y":-7.5},{"x":5.5,"y":-7.5},{"x":8.5,"y":-7.5},{"x":3.5,"y":-7},{"x":4.5,"y":-7},{"x":6.5,"y":-7},{"x":7.5,"y":-7},{"x":2.5,"y":-6.5},{"x":5.5,"y":-6.5},{"x":8.5,"y":-6.5},{"x":2,"y":-5.5},{"x":3,"y":-5.5},{"x":4,"y":-5.5},{"x":5,"y":-5.5},{"x":6,"y":-5.5},{"x":7,"y":-5.5},{"x":8,"y":-5.5},{"x":9,"y":-5.5},{"x":2,"y":-4},{"x":3,"y":-4},{"x":4,"y":-4},{"x":5,"y":-4},{"x":6,"y":-4},{"x":7,"y":-4},{"x":8,"y":-4},{"x":9,"y":-4},{"x":2.5,"y":-3},{"x":5.5,"y":-3},{"x":8.5,"y":-3},{"x":3.5,"y":-2.5},{"x":4.5,"y":-2.5},{"x":6.5,"y":-2.5},{"x":7.5,"y":-2.5},{"x":2.5,"y":-2},{"x":5.5,"y":-2},{"x":8.5,"y":-2},{"x":5.5,"y":-1}]},{"index":2,"tiles":[{"x":5.5,"y":-8},{"x":2.5,"y":-7},{"x":5.5,"y":-7},{"x":8.5,"y":-7},{"x":2.5,"y":-6},{"x":5.5,"y":-6},{"x":8.5,"y":-6},{"x":2.5,"y":-3.5},{"x":5.5,"y":-3.5},{"x":8.5,"y":-3.5},{"x":2.5,"y":-2.5},{"x":5.5,"y":-2.5},{"x":8.5,"y":-2.5},{"x":5.5,"y":-1.5}]},{"index":3,"tiles":[{"x":5.5,"y":-7.5},{"x":3,"y":-6.5},{"x":5,"y":-6.5},{"x":6,"y":-6.5},{"x":8,"y":-6.5},{"x":3,"y":-3},{"x":5,"y":-3},{"x":6,"y":-3},{"x":8,"y":-3},{"x":5.5,"y":-2}]},{"index":4,"tiles":[{"x":5.5,"y":-7},{"x":5.5,"y":-2.5}]}],"seeds":["nNiFH9aIX/Zd11ehXhFKYVMYBBVolIiYCsGBDCiQnYpZIAQh3ukYk7SEHCcMD9OJiaUcYFJN45I9YRh6kXYEQwh2XpSCpQMA"]},{"layers":[{"index":0,"tiles":[{"x":5,"y":-9},{"x":6,"y":-9},{"x":4.5,"y":-8},{"x":6.5,"y":-8},{"x":5.5,"y":-7.5},{"x":4,"y":-7},{"x":7,"y":-7},{"x":3,"y":-6.5},{"x":5,"y":-6.5},{"x":6,"y":-6.5},{"x":8,"y":-6.5},{"x":2,"y":-6},{"x":9,"y":-6},{"x":1,"y":-5.5},{"x":4,"y":-5.5},{"x":5,"y":-5.5},{"x":6,"y":-5.5},{"x":7,"y":-5.5},{"x":10,"y":-5.5},{"x":2,"y":-5},{"x":3,"y":-5},{"x":8,"y":-5},{"x":9,"y":-5},{"x":1,"y":-4.5},{"x":4,"y":-4.5},{"x":5,"y":-4.5},{"x":6,"y":-4.5},{"x":7,"y":-4.5},{"x":10,"y":-4.5},{"x":2,"y":-4},{"x":9,"y":-4},{"x":3,"y":-3.5},{"x":5,"y":-3.5},{"x":6,"y":-3.5},{"x":8,"y":-3.5},{"x":4,"y":-3},{"x":7,"y":-3},{"x":5.5,"y":-2.5},{"x":4.5,"y":-2},{"x":6.5,"y":-2},{"x":5,"y":-1},{"x":6,"y":-1}]},{"index":1,"tiles":[{"x":5,"y":-9},{"x":6,"y":-9},{"x":4.5,"y":-8},{"x":6.5,"y":-8},{"x":5.5,"y":-7.5},{"x":4,"y":-7},{"x":7,"y":-7},{"x":3,"y":-6.5},{"x":5,"y":-6.5},{"x":6,"y":-6.5},{"x":8,"y":-6.5},{"x":2,"y":-6},{"x":9,"y":-6},{"x":1,"y":-5.5},{"x":4,"y":-5.5},{"x":5,"y":-5.5},{"x":6,"y":-5.5},{"x":7,"y":-5.5},{"x":10,"y":-5.5},{"x":2,"y":-5},{"x":3,"y":-5},{"x":8,"y":-5},{"x":9,"y":-5},{"x":1,"y":-4.5},{"x":4,"y":-4.5},{"x":5,"y":-4.5},{"x":6,"y":-4.5},{"x":7,"y":-4.5},{"x":10,"y":-4.5},{"x":2,"y":-4},{"x":9,"y":-4},{"x":3,"y":-3.5},{"x":5,"y":-3.5},{"x":6,"y":-3.5},{"x":8,"y":-3.5},{"x":4,"y":-3},{"x":7,"y":-3},{"x":5.5,"y":-2.5},{"x":4.5,"y":-2},{"x":6.5,"y":-2},{"x":5,"y":-1},{"x":6,"y":-1}]},{"index":2,"tiles":[{"x":5,"y":-9},{"x":6,"y":-9},{"x":4.5,"y":-8},{"x":6.5,"y":-8},{"x":5.5,"y":-7.5},{"x":4,"y":-7},{"x":7,"y":-7},{"x":3,"y":-6.5},{"x":5,"y":-6.5},{"x":6,"y":-6.5},{"x":8,"y":-6.5},{"x":2,"y":-6},{"x":9,"y":-6},{"x":1,"y":-5.5},{"x":4,"y":-5.5},{"x":5,"y":-5.5},{"x":6,"y":-5.5},{"x":7,"y":-5.5},{"x":10,"y":-5.5},{"x":2,"y":-5},{"x":3,"y":-5},{"x":8,"y":-5},{"x":9,"y":-5},{"x":1,"y":-4.5},{"x":4,"y":-4.5},{"x":5,"y":-4.5},{"x":6,"y":-4.5},{"x":7,"y":-4.5},{"x":10,"y":-4.5},{"x":2,"y":-4},{"x":9,"y":-4},{"x":3,"y":-3.5},{"x":5,"y":-3.5},{"x":6,"y":-3.5},{"x":8,"y":-3.5},{"x":4,"y":-3},{"x":7,"y":-3},{"x":5.5,"y":-2.5},{"x":4.5,"y":-2},{"x":6.5,"y":-2},{"x":5,"y":-1},{"x":6,"y":-1}]},{"index":3,"tiles":[{"x":5,"y":-6.5},{"x":6,"y":-6.5},{"x":4,"y":-5.5},{"x":5,"y":-5.5},{"x":6,"y":-5.5},{"x":7,"y":-5.5},{"x":4,"y":-4.5},{"x":5,"y":-4.5},{"x":6,"y":-4.5},{"x":7,"y":-4.5},{"x":5,"y":-3.5},{"x":6,"y":-3.5}]}],"seeds":["HbghIhV25PJhoLJ13AeCmXkkDCMlnxgJVNiJgpOdqAJCBqUdVNp1Aqh2AiIqYTUMjaAthSdgxCMGwRIEokiF3DN6UyMqHOV0hhWWlBctVyheU+B51eQJy8SB2EKFoAB9QchZkohxRAEA"]},{"layers":[{"index":0,"tiles":[{"x":1.5,"y":-9},{"x":9.5,"y":-9},{"x":2.5,"y":-8},{"x":3.5,"y":-8},{"x":4.5,"y":-8},{"x":5.5,"y":-8},{"x":6.5,"y":-8},{"x":7.5,"y":-8},{"x":8.5,"y":-8},{"x":2.5,"y":-7},{"x":4,"y":-7},{"x":5,"y":-7},{"x":6,"y":-7},{"x":7,"y":-7},{"x":8.5,"y":-7},{"x":2,"y":-6},{"x":3.5,"y":-6},{"x":4.5,"y":-6},{"x":5.5,"y":-6},{"x":6.5,"y":-6},{"x":7.5,"y":-6},{"x":9,"y":-6},{"x":2,"y":-5},{"x":3,"y":-5},{"x":4,"y":-5},{"x":5,"y":-5},{"x":6,"y":-5},{"x":7,"y":-5},{"x":8,"y":-5},{"x":9,"y":-5},{"x":2,"y":-4},{"x":3.5,"y":-4},{"x":4.5,"y":-4},{"x":5.5,"y":-4},{"x":6.5,"y":-4},{"x":7.5,"y":-4},{"x":9,"y":-4},{"x":2.5,"y":-3},{"x":4,"y":-3},{"x":5,"y":-3},{"x":6,"y":-3},{"x":7,"y":-3},{"x":8.5,"y":-3},{"x":2.5,"y":-2},{"x":3.5,"y":-2},{"x":4.5,"y":-2},{"x":5.5,"y":-2},{"x":6.5,"y":-2},{"x":7.5,"y":-2},{"x":8.5,"y":-2},{"x":1.5,"y":-1},{"x":9.5,"y":-1}]},{"index":1,"tiles":[{"x":1.5,"y":-9},{"x":9.5,"y":-9},{"x":2.5,"y":-8},{"x":3.5,"y":-8},{"x":4.5,"y":-8},{"x":5.5,"y":-8},{"x":6.5,"y":-8},{"x":7.5,"y":-8},{"x":8.5,"y":-8},{"x":2.5,"y":-7},{"x":4,"y":-7},{"x":5,"y":-7},{"x":6,"y":-7},{"x":7,"y":-7},{"x":8.5,"y":-7},{"x":2,"y":-6},{"x":3.5,"y":-6},{"x":4.5,"y":-6},{"x":5.5,"y":-6},{"x":6.5,"y":-6},{"x":7.5,"y":-6},{"x":9,"y":-6},{"x":2,"y":-5},{"x":3,"y":-5},{"x":4,"y":-5},{"x":5,"y":-5},{"x":6,"y":-5},{"x":7,"y":-5},{"x":8,"y":-5},{"x":9,"y":-5},{"x":2,"y":-4},{"x":3.5,"y":-4},{"x":4.5,"y":-4},{"x":5.5,"y":-4},{"x":6.5,"y":-4},{"x":7.5,"y":-4},{"x":9,"y":-4},{"x":2.5,"y":-3},{"x":4,"y":-3},{"x":5,"y":-3},{"x":6,"y":-3},{"x":7,"y":-3},{"x":8.5,"y":-3},{"x":2.5,"y":-2},{"x":3.5,"y":-2},{"x":4.5,"y":-2},{"x":5.5,"y":-2},{"x":6.5,"y":-2},{"x":7.5,"y":-2},{"x":8.5,"y":-2},{"x":1.5,"y":-1},{"x":9.5,"y":-1}]},{"index":2,"tiles":[{"x":2,"y":-8.5},{"x":9,"y":-8.5},{"x":3,"y":-7.5},{"x":8,"y":-7.5},{"x":4,"y":-6.5},{"x":7,"y":-6.5},{"x":2.5,"y":-5.5},{"x":5,"y":-5.5},{"x":6,"y":-5.5},{"x":8.5,"y":-5.5},{"x":2.5,"y":-4.5},{"x":5,"y":-4.5},{"x":6,"y":-4.5},{"x":8.5,"y":-4.5},{"x":4,"y":-3.5},{"x":7,"y":-3.5},{"x":3,"y":-2.5},{"x":8,"y":-2.5},{"x":2,"y":-1.5},{"x":9,"y":-1.5}]}],"seeds":["mId0B8QVIriE2DSJJ+eFYLWIjKcsi8qBYUAGmpRwC8cx0TWNCwEazxB13iBkFfpwD3F0UJhRJnhZgfEUTfdNIviB3dYtSro00sJxSaCEDgiCoaJZ4seV2+cgIiUs"]},{"layers":[{"index":0,"tiles":[{"x":3.5,"y":-9.5},{"x":4.5,"y":-9.5},{"x":7.5,"y":-9.5},{"x":2.5,"y":-9},{"x":5.5,"y":-9},{"x":8.5,"y":-9},{"x":1.5,"y":-8.5},{"x":9.5,"y":-8.5},{"x":5.5,"y":-8},{"x":4.5,"y":-7.5},{"x":6.5,"y":-7.5},{"x":9.5,"y":-7.5},{"x":2.5,"y":-7},{"x":3.5,"y":-7},{"x":5.5,"y":-7},{"x":7.5,"y":-7},{"x":8.5,"y":-7},{"x":1.5,"y":-6.5},{"x":9.5,"y":-6.5},{"x":3.5,"y":-6},{"x":5.5,"y":-6},{"x":7.5,"y":-6},{"x":1.5,"y":-5.5},{"x":2.5,"y":-5.5},{"x":4.5,"y":-5.5},{"x":6.5,"y":-5.5},{"x":8.5,"y":-5.5},{"x":9.5,"y":-5.5},{"x":1.5,"y":-4.5},{"x":2.5,"y":-4.5},{"x":4.5,"y":-4.5},{"x":6.5,"y":-4.5},{"x":8.5,"y":-4.5},{"x":9.5,"y":-4.5},{"x":3.5,"y":-4},{"x":5.5,"y":-4},{"x":7.5,"y":-4},{"x":1.5,"y":-3.5},{"x":9.5,"y":-3.5},{"x":2.5,"y":-3},{"x":3.5,"y":-3},{"x":5.5,"y":-3},{"x":7.5,"y":-3},{"x":8.5,"y":-3},{"x":1.5,"y":-2.5},{"x":4.5,"y":-2.5},{"x":6.5,"y":-2.5},{"x":5.5,"y":-2},{"x":1.5,"y":-1.5},{"x":9.5,"y":-1.5},{"x":2.5,"y":-1},{"x":5.5,"y":-1},{"x":8.5,"y":-1},{"x":3.5,"y":-0.5},{"x":6.5,"y":-0.5},{"x":7.5,"y":-0.5}]},{"index":1,"tiles":[{"x":3.5,"y":-9.5},{"x":4.5,"y":-9.5},{"x":7.5,"y":-9.5},{"x":2.5,"y":-9},{"x":5.5,"y":-9},{"x":8.5,"y":-9},{"x":1.5,"y":-8.5},{"x":9.5,"y":-8.5},{"x":5.5,"y":-8},{"x":4.5,"y":-7.5},{"x":6.5,"y":-7.5},{"x":9.5,"y":-7.5},{"x":2.5,"y":-7},{"x":3.5,"y":-7},{"x":5.5,"y":-7},{"x":7.5,"y":-7},{"x":8.5,"y":-7},{"x":1.5,"y":-6.5},{"x":9.5,"y":-6.5},{"x":3.5,"y":-6},{"x":5.5,"y":-6},{"x":7.5,"y":-6},{"x":1.5,"y":-5.5},{"x":2.5,"y":-5.5},{"x":4.5,"y":-5.5},{"x":6.5,"y":-5.5},{"x":8.5,"y":-5.5},{"x":9.5,"y":-5.5},{"x":1.5,"y":-4.5},{"x":2.5,"y":-4.5},{"x":4.5,"y":-4.5},{"x":6.5,"y":-4.5},{"x":8.5,"y":-4.5},{"x":9.5,"y":-4.5},{"x":3.5,"y":-4},{"x":5.5,"y":-4},{"x":7.5,"y":-4},{"x":1.5,"y":-3.5},{"x":9.5,"y":-3.5},{"x":2.5,"y":-3},{"x":3.5,"y":-3},{"x":5.5,"y":-3},{"x":7.5,"y":-3},{"x":8.5,"y":-3},{"x":1.5,"y":-2.5},{"x":4.5,"y":-2.5},{"x":6.5,"y":-2.5},{"x":5.5,"y":-2},{"x":1.5,"y":-1.5},{"x":9.5,"y":-1.5},{"x":2.5,"y":-1},{"x":5.5,"y":-1},{"x":8.5,"y":-1},{"x":3.5,"y":-0.5},{"x":6.5,"y":-0.5},{"x":7.5,"y":-0.5}]},{"index":2,"tiles":[{"x":3.5,"y":-9.5},{"x":4.5,"y":-9.5},{"x":7.5,"y":-9.5},{"x":2.5,"y":-9},{"x":5.5,"y":-9},{"x":8.5,"y":-9},{"x":1.5,"y":-8.5},{"x":9.5,"y":-8.5},{"x":5.5,"y":-8},{"x":4.5,"y":-7.5},{"x":6.5,"y":-7.5},{"x":9.5,"y":-7.5},{"x":2.5,"y":-7},{"x":3.5,"y":-7},{"x":5.5,"y":-7},{"x":7.5,"y":-7},{"x":8.5,"y":-7},{"x":1.5,"y":-6.5},{"x":9.5,"y":-6.5},{"x":3.5,"y":-6},{"x":7.5,"y":-6},{"x":1.5,"y":-5.5},{"x":2.5,"y":-5.5},{"x":8.5,"y":-5.5},{"x":9.5,"y":-5.5},{"x":1.5,"y":-4.5},{"x":2.5,"y":-4.5},{"x":8.5,"y":-4.5},{"x":9.5,"y":-4.5},{"x":3.5,"y":-4},{"x":7.5,"y":-4},{"x":1.5,"y":-3.5},{"x":9.5,"y":-3.5},{"x":2.5,"y":-3},{"x":3.5,"y":-3},{"x":5.5,"y":-3},{"x":7.5,"y":-3},{"x":8.5,"y":-3},{"x":1.5,"y":-2.5},{"x":4.5,"y":-2.5},{"x":6.5,"y":-2.5},{"x":5.5,"y":-2},{"x":1.5,"y":-1.5},{"x":9.5,"y":-1.5},{"x":2.5,"y":-1},{"x":5.5,"y":-1},{"x":8.5,"y":-1},{"x":3.5,"y":-0.5},{"x":6.5,"y":-0.5},{"x":7.5,"y":-0.5}]}],"seeds":["oncxFjWJEGgpX7cwCRh6EUgkk8gFXyGABDZUw8CJVdcdAhdczQGeDYh0XRlq1CcFkeIIXlaBE+eZRBh2E7YQ0qIRATOF4HNxYheEY0OEnwAuJOJ5jbBQzDYZVngZoSgWBag424d+T1Ep3ycsQUd1gRpaQec40MClmQgA"]},{"layers":[{"index":0,"tiles":[{"x":4.5,"y":-8.5},{"x":5.5,"y":-8.5},{"x":6.5,"y":-8.5},{"x":3.5,"y":-8},{"x":7.5,"y":-8},{"x":2.5,"y":-7},{"x":3.5,"y":-7},{"x":4.5,"y":-7},{"x":5.5,"y":-7},{"x":6.5,"y":-7},{"x":7.5,"y":-7},{"x":8.5,"y":-7},{"x":1.5,"y":-6.5},{"x":9.5,"y":-6.5},{"x":2.5,"y":-6},{"x":3.5,"y":-6},{"x":7.5,"y":-6},{"x":8.5,"y":-6},{"x":1,"y":-5.5},{"x":10,"y":-5.5},{"x":2.5,"y":-5},{"x":4.5,"y":-5},{"x":5.5,"y":-5},{"x":6.5,"y":-5},{"x":8.5,"y":-5},{"x":1,"y":-4.5},{"x":10,"y":-4.5},{"x":2.5,"y":-4},{"x":4.5,"y":-4},{"x":5.5,"y":-4},{"x":6.5,"y":-4},{"x":8.5,"y":-4},{"x":1,"y":-3.5},{"x":10,"y":-3.5},{"x":2.5,"y":-3},{"x":3.5,"y":-3},{"x":7.5,"y":-3},{"x":8.5,"y":-3},{"x":1.5,"y":-2.5},{"x":9.5,"y":-2.5},{"x":2.5,"y":-2},{"x":3.5,"y":-2},{"x":4.5,"y":-2},{"x":5.5,"y":-2},{"x":6.5,"y":-2},{"x":7.5,"y":-2},{"x":8.5,"y":-2},{"x":3.5,"y":-1},{"x":7.5,"y":-1},{"x":4.5,"y":-0.5},{"x":5.5,"y":-0.5},{"x":6.5,"y":-0.5}]},{"index":1,"tiles":[{"x":2.5,"y":-7},{"x":3.5,"y":-7},{"x":4.5,"y":-7},{"x":5.5,"y":-7},{"x":6.5,"y":-7},{"x":7.5,"y":-7},{"x":8.5,"y":-7},{"x":2.5,"y":-6},{"x":3.5,"y":-6},{"x":7.5,"y":-6},{"x":8.5,"y":-6},{"x":2.5,"y":-5},{"x":4.5,"y":-5},{"x":5.5,"y":-5},{"x":6.5,"y":-5},{"x":8.5,"y":-5},{"x":2.5,"y":-4},{"x":4.5,"y":-4},{"x":5.5,"y":-4},{"x":6.5,"y":-4},{"x":8.5,"y":-4},{"x":2.5,"y":-3},{"x":3.5,"y":-3},{"x":7.5,"y":-3},{"x":8.5,"y":-3},{"x":2.5,"y":-2},{"x":3.5,"y":-2},{"x":4.5,"y":-2},{"x":5.5,"y":-2},{"x":6.5,"y":-2},{"x":7.5,"y":-2},{"x":8.5,"y":-2}]},{"index":2,"tiles":[{"x":4,"y":-7},{"x":5,"y":-7},{"x":6,"y":-7},{"x":7,"y":-7},{"x":3,"y":-6.5},{"x":8,"y":-6.5},{"x":2.5,"y":-5.5},{"x":5.5,"y":-5.5},{"x":8.5,"y":-5.5},{"x":2.5,"y":-4.5},{"x":4,"y":-4.5},{"x":5,"y":-4.5},{"x":6,"y":-4.5},{"x":7,"y":-4.5},{"x":8.5,"y":-4.5},{"x":2.5,"y":-3.5},{"x":5.5,"y":-3.5},{"x":8.5,"y":-3.5},{"x":3,"y":-2.5},{"x":8,"y":-2.5},{"x":4,"y":-2},{"x":5,"y":-2},{"x":6,"y":-2},{"x":7,"y":-2}]},{"index":3,"tiles":[{"x":5.5,"y":-5},{"x":4.5,"y":-4.5},{"x":6.5,"y":-4.5},{"x":5.5,"y":-4}]},{"index":4,"tiles":[{"x":5,"y":-4.5},{"x":6,"y":-4.5}]}],"seeds":["EQEOEmeiolieE2RpXBB2UyEiIAdS0vV5XLJ5ApR1g6gJ6oGkXBA0nIB9jRYdBVOJUmhw25MIjBIQi7BgIWiEIUhe1uhknsc5wnVV0qNQ2vd1odiBQQAA"]},{"layers":[{"index":0,"tiles":[{"x":5.5,"y":-9.5},{"x":0.5,"y":-9},{"x":1.5,"y":-9},{"x":2.5,"y":-9},{"x":4.5,"y":-9},{"x":6.5,"y":-9},{"x":8.5,"y":-9},{"x":9.5,"y":-9},{"x":10.5,"y":-9},{"x":3.5,"y":-8.5},{"x":7.5,"y":-8.5},{"x":1.5,"y":-8},{"x":4.5,"y":-8},{"x":6.5,"y":-8},{"x":9.5,"y":-8},{"x":2.5,"y":-7.5},{"x":5.5,"y":-7.5},{"x":8.5,"y":-7.5},{"x":3.5,"y":-7},{"x":7.5,"y":-7},{"x":4.5,"y":-6.5},{"x":6.5,"y":-6.5},{"x":3.5,"y":-6},{"x":5.5,"y":-6},{"x":7.5,"y":-6},{"x":2.5,"y":-5.5},{"x":4.5,"y":-5.5},{"x":6.5,"y":-5.5},{"x":8.5,"y":-5.5},{"x":1.5,"y":-5},{"x":3.5,"y":-5},{"x":5.5,"y":-5},{"x":7.5,"y":-5},{"x":9.5,"y":-5},{"x":2.5,"y":-4.5},{"x":4.5,"y":-4.5},{"x":6.5,"y":-4.5},{"x":8.5,"y":-4.5},{"x":0.5,"y":-4},{"x":1.5,"y":-4},{"x":3.5,"y":-4},{"x":5.5,"y":-4},{"x":7.5,"y":-4},{"x":9.5,"y":-4},{"x":10.5,"y":-4},{"x":2.5,"y":-3.5},{"x":4.5,"y":-3.5},{"x":6.5,"y":-3.5},{"x":8.5,"y":-3.5},{"x":1.5,"y":-3},{"x":3.5,"y":-3},{"x":5.5,"y":-3},{"x":7.5,"y":-3},{"x":9.5,"y":-3},{"x":2.5,"y":-2.5},{"x":4.5,"y":-2.5},{"x":6.5,"y":-2.5},{"x":8.5,"y":-2.5},{"x":3.5,"y":-2},{"x":5.5,"y":-2},{"x":7.5,"y":-2},{"x":4.5,"y":-1.5},{"x":6.5,"y":-1.5},{"x":5.5,"y":-1}]},{"index":1,"tiles":[{"x":0.5,"y":-9},{"x":10.5,"y":-9},{"x":1.5,"y":-8},{"x":9.5,"y":-8},{"x":2.5,"y":-7.5},{"x":8.5,"y":-7.5},{"x":3.5,"y":-7},{"x":7.5,"y":-7},{"x":4.5,"y":-6.5},{"x":6.5,"y":-6.5},{"x":3.5,"y":-6},{"x":5.5,"y":-6},{"x":7.5,"y":-6},{"x":2.5,"y":-5.5},{"x":4.5,"y":-5.5},{"x":6.5,"y":-5.5},{"x":8.5,"y":-5.5},{"x":1.5,"y":-5},{"x":3.5,"y":-5},{"x":5.5,"y":-5},{"x":7.5,"y":-5},{"x":9.5,"y":-5},{"x":2.5,"y":-4.5},{"x":4.5,"y":-4.5},{"x":6.5,"y":-4.5},{"x":8.5,"y":-4.5},{"x":0.5,"y":-4},{"x":1.5,"y":-4},{"x":5.5,"y":-4},{"x":9.5,"y":-4},{"x":10.5,"y":-4},{"x":2.5,"y":-3.5},{"x":8.5,"y":-3.5},{"x":1.5,"y":-3},{"x":3.5,"y":-3},{"x":7.5,"y":-3},{"x":9.5,"y":-3},{"x":4.5,"y":-2.5},{"x":6.5,"y":-2.5},{"x":5.5,"y":-2}]},{"index":2,"tiles":[{"x":0.5,"y":-9},{"x":10.5,"y":-9},{"x":1.5,"y":-8},{"x":9.5,"y":-8},{"x":2.5,"y":-7.5},{"x":8.5,"y":-7.5},{"x":3.5,"y":-7},{"x":7.5,"y":-7},{"x":4.5,"y":-6.5},{"x":6.5,"y":-6.5},{"x":5.5,"y":-6},{"x":4.5,"y":-5.5},{"x":6.5,"y":-5.5},{"x":3.5,"y":-5},{"x":5.5,"y":-5},{"x":7.5,"y":-5},{"x":2.5,"y":-4.5},{"x":4.5,"y":-4.5},{"x":6.5,"y":-4.5},{"x":8.5,"y":-4.5},{"x":1.5,"y":-4},{"x":5.5,"y":-4},{"x":9.5,"y":-4},{"x":2.5,"y":-3.5},{"x":8.5,"y":-3.5},{"x":3.5,"y":-3},{"x":7.5,"y":-3},{"x":4.5,"y":-2.5},{"x":6.5,"y":-2.5},{"x":5.5,"y":-2}]}],"seeds":["4PSFg1d8nuA8w1SJB3F1GWFlpgBtAedQV7gJFxhCiMKEjeJ1XPUlk7dwmsqJC8WgSMWBA8OFihWFBtiFqdiJBWUEAUWeA8Z5kjAeIYeJIhiGHAcunxQwiyJ22tOBVyOC1ZSUXgQA"]},{"layers":[{"index":0,"tiles":[{"x":1.5,"y":-8},{"x":2.5,"y":-8},{"x":3.5,"y":-8},{"x":4.5,"y":-8},{"x":5.5,"y":-8},{"x":6.5,"y":-8},{"x":7.5,"y":-8},{"x":8.5,"y":-8},{"x":9.5,"y":-8},{"x":1.5,"y":-7},{"x":2.5,"y":-7},{"x":3.5,"y":-7},{"x":4.5,"y":-7},{"x":5.5,"y":-7},{"x":6.5,"y":-7},{"x":7.5,"y":-7},{"x":8.5,"y":-7},{"x":9.5,"y":-7},{"x":2,"y":-6},{"x":3,"y":-6},{"x":4,"y":-6},{"x":5,"y":-6},{"x":6,"y":-6},{"x":7,"y":-6},{"x":8,"y":-6},{"x":9,"y":-6},{"x":2.5,"y":-5},{"x":3.5,"y":-5},{"x":4.5,"y":-5},{"x":5.5,"y":-5},{"x":6.5,"y":-5},{"x":7.5,"y":-5},{"x":8.5,"y":-5},{"x":3,"y":-4},{"x":4,"y":-4},{"x":5,"y":-4},{"x":6,"y":-4},{"x":7,"y":-4},{"x":8,"y":-4},{"x":4.5,"y":-3},{"x":6.5,"y":-3},{"x":3,"y":-2.5},{"x":8,"y":-2.5},{"x":4.5,"y":-2},{"x":6.5,"y":-2},{"x":3.5,"y":-1},{"x":4.5,"y":-1},{"x":6.5,"y":-1},{"x":7.5,"y":-1}]},{"index":1,"tiles":[{"x":1.5,"y":-8},{"x":2.5,"y":-8},{"x":3.5,"y":-8},{"x":4.5,"y":-8},{"x":5.5,"y":-8},{"x":6.5,"y":-8},{"x":7.5,"y":-8},{"x":8.5,"y":-8},{"x":9.5,"y":-8},{"x":1.5,"y":-7},{"x":2.5,"y":-7},{"x":3.5,"y":-7},{"x":4.5,"y":-7},{"x":5.5,"y":-7},{"x":6.5,"y":-7},{"x":7.5,"y":-7},{"x":8.5,"y":-7},{"x":9.5,"y":-7},{"x":2,"y":-6},{"x":3,"y":-6},{"x":4,"y":-6},{"x":5,"y":-6},{"x":6,"y":-6},{"x":7,"y":-6},{"x":8,"y":-6},{"x":9,"y":-6},{"x":2.5,"y":-5},{"x":3.5,"y":-5},{"x":4.5,"y":-5},{"x":5.5,"y":-5},{"x":6.5,"y":-5},{"x":7.5,"y":-5},{"x":8.5,"y":-5},{"x":3,"y":-4},{"x":4,"y":-4},{"x":5,"y":-4},{"x":6,"y":-4},{"x":7,"y":-4},{"x":8,"y":-4},{"x":4.5,"y":-3},{"x":6.5,"y":-3},{"x":3,"y":-2.5},{"x":8,"y":-2.5},{"x":4.5,"y":-2},{"x":6.5,"y":-2},{"x":3.5,"y":-1},{"x":4.5,"y":-1},{"x":6.5,"y":-1},{"x":7.5,"y":-1}]},{"index":2,"tiles":[{"x":1.5,"y":-8},{"x":9.5,"y":-8},{"x":1.5,"y":-7},{"x":2.5,"y":-7},{"x":8.5,"y":-7},{"x":9.5,"y":-7},{"x":2,"y":-6},{"x":3,"y":-6},{"x":8,"y":-6},{"x":9,"y":-6},{"x":2.5,"y":-5},{"x":3.5,"y":-5},{"x":7.5,"y":-5},{"x":8.5,"y":-5},{"x":3,"y":-4},{"x":4,"y":-4},{"x":5,"y":-4},{"x":6,"y":-4},{"x":7,"y":-4},{"x":8,"y":-4},{"x":4.5,"y":-3},{"x":6.5,"y":-3},{"x":3,"y":-2.5},{"x":8,"y":-2.5},{"x":4.5,"y":-2},{"x":6.5,"y":-2},{"x":3.5,"y":-1},{"x":4.5,"y":-1},{"x":6.5,"y":-1},{"x":7.5,"y":-1}]}],"seeds":["AukcB+N8nNJRIPdtGSdWnhJmlKc2woiIpihQhIdwlGhYYpikxbdMXHUtAWp0AyR8H7aAVfCBYtiBhHc+IVgGG9NJk8R5DaZNEahVSgcy4QAOishcYTd4RRSGIvQEy5RY"]},{"layers":[{"index":0,"tiles":[{"x":1.5,"y":-9},{"x":2.5,"y":-9},{"x":3.5,"y":-9},{"x":4.5,"y":-9},{"x":5.5,"y":-9},{"x":6.5,"y":-9},{"x":7.5,"y":-9},{"x":8.5,"y":-9},{"x":9.5,"y":-9},{"x":1.5,"y":-8},{"x":2.5,"y":-8},{"x":3.5,"y":-8},{"x":4.5,"y":-8},{"x":5.5,"y":-8},{"x":6.5,"y":-8},{"x":7.5,"y":-8},{"x":8.5,"y":-8},{"x":9.5,"y":-8},{"x":1.5,"y":-7},{"x":2.5,"y":-7},{"x":3.5,"y":-7},{"x":4.5,"y":-7},{"x":5.5,"y":-7},{"x":6.5,"y":-7},{"x":7.5,"y":-7},{"x":8.5,"y":-7},{"x":9.5,"y":-7},{"x":1.5,"y":-6},{"x":2.5,"y":-6},{"x":3.5,"y":-6},{"x":4.5,"y":-6},{"x":6.5,"y":-6},{"x":7.5,"y":-6},{"x":8.5,"y":-6},{"x":9.5,"y":-6},{"x":1.5,"y":-5},{"x":2.5,"y":-5},{"x":3.5,"y":-5},{"x":7.5,"y":-5},{"x":8.5,"y":-5},{"x":9.5,"y":-5},{"x":1.5,"y":-4},{"x":2.5,"y":-4},{"x":3.5,"y":-4},{"x":4.5,"y":-4},{"x":6.5,"y":-4},{"x":7.5,"y":-4},{"x":8.5,"y":-4},{"x":9.5,"y":-4},{"x":1.5,"y":-3},{"x":2.5,"y":-3},{"x":3.5,"y":-3},{"x":4.5,"y":-3},{"x":5.5,"y":-3},{"x":6.5,"y":-3},{"x":7.5,"y":-3},{"x":8.5,"y":-3},{"x":9.5,"y":-3},{"x":1.5,"y":-2},{"x":2.5,"y":-2},{"x":3.5,"y":-2},{"x":4.5,"y":-2},{"x":5.5,"y":-2},{"x":6.5,"y":-2},{"x":7.5,"y":-2},{"x":8.5,"y":-2},{"x":9.5,"y":-2},{"x":1.5,"y":-1},{"x":2.5,"y":-1},{"x":3.5,"y":-1},{"x":4.5,"y":-1},{"x":5.5,"y":-1},{"x":6.5,"y":-1},{"x":7.5,"y":-1},{"x":8.5,"y":-1},{"x":9.5,"y":-1}]},{"index":1,"tiles":[{"x":2,"y":-8.5},{"x":3,"y":-8.5},{"x":8,"y":-8.5},{"x":9,"y":-8.5},{"x":4,"y":-8},{"x":5,"y":-8},{"x":6,"y":-8},{"x":7,"y":-8},{"x":2,"y":-7.5},{"x":3,"y":-7.5},{"x":8,"y":-7.5},{"x":9,"y":-7.5},{"x":5.5,"y":-7},{"x":3,"y":-6.5},{"x":8,"y":-6.5},{"x":4.5,"y":-6},{"x":6.5,"y":-6},{"x":2.5,"y":-5.5},{"x":8.5,"y":-5.5},{"x":3.5,"y":-5},{"x":7.5,"y":-5},{"x":2.5,"y":-4.5},{"x":8.5,"y":-4.5},{"x":4.5,"y":-4},{"x":6.5,"y":-4},{"x":3,"y":-3.5},{"x":8,"y":-3.5},{"x":5.5,"y":-3},{"x":2,"y":-2.5},{"x":3,"y":-2.5},{"x":8,"y":-2.5},{"x":9,"y":-2.5},{"x":4,"y":-2},{"x":5,"y":-2},{"x":6,"y":-2},{"x":7,"y":-2},{"x":2,"y":-1.5},{"x":3,"y":-1.5},{"x":8,"y":-1.5},{"x":9,"y":-1.5}]},{"index":2,"tiles":[{"x":2.5,"y":-8},{"x":3.5,"y":-8},{"x":4.5,"y":-8},{"x":6.5,"y":-8},{"x":7.5,"y":-8},{"x":8.5,"y":-8},{"x":3,"y":-7},{"x":8,"y":-7},{"x":2.5,"y":-5},{"x":8.5,"y":-5},{"x":3,"y":-3},{"x":8,"y":-3},{"x":2.5,"y":-2},{"x":3.5,"y":-2},{"x":4.5,"y":-2},{"x":6.5,"y":-2},{"x":7.5,"y":-2},{"x":8.5,"y":-2}]}],"seeds":["IMeAIliE3SR6nvMpH0IoYhAeFKmiJ4d1yncY39Z1VAAynygizbAUmuUJExUK4zNwYcYNYPY5kMNVlxNYUqVNoBdKQSA8kwhSWxOGRNpFighCILhgSVhVQ5lEDCOYgXF13CJ6iwcA"]},{"layers":[{"index":0,"tiles":[{"x":3,"y":-8.5},{"x":4,"y":-8.5},{"x":5,"y":-8.5},{"x":6,"y":-8.5},{"x":7,"y":-8.5},{"x":8,"y":-8.5},{"x":3,"y":-7.5},{"x":4,"y":-7.5},{"x":5,"y":-7.5},{"x":6,"y":-7.5},{"x":7,"y":-7.5},{"x":8,"y":-7.5},{"x":3,"y":-6.5},{"x":4,"y":-6.5},{"x":5,"y":-6.5},{"x":6,"y":-6.5},{"x":7,"y":-6.5},{"x":8,"y":-6.5},{"x":3,"y":-5.5},{"x":4,"y":-5.5},{"x":5,"y":-5.5},{"x":6,"y":-5.5},{"x":7,"y":-5.5},{"x":8,"y":-5.5},{"x":3,"y":-4.5},{"x":4,"y":-4.5},{"x":5,"y":-4.5},{"x":6,"y":-4.5},{"x":7,"y":-4.5},{"x":8,"y":-4.5},{"x":3,"y":-3.5},{"x":4,"y":-3.5},{"x":5,"y":-3.5},{"x":6,"y":-3.5},{"x":7,"y":-3.5},{"x":8,"y":-3.5},{"x":3,"y":-2.5},{"x":4,"y":-2.5},{"x":5,"y":-2.5},{"x":6,"y":-2.5},{"x":7,"y":-2.5},{"x":8,"y":-2.5},{"x":3,"y":-1.5},{"x":4,"y":-1.5},{"x":5,"y":-1.5},{"x":6,"y":-1.5},{"x":7,"y":-1.5},{"x":8,"y":-1.5},{"x":3,"y":-0.5},{"x":4,"y":-0.5},{"x":5,"y":-0.5},{"x":6,"y":-0.5},{"x":7,"y":-0.5},{"x":8,"y":-0.5}]},{"index":1,"tiles":[{"x":3,"y":-8.5},{"x":4,"y":-8.5},{"x":5,"y":-8.5},{"x":6,"y":-8.5},{"x":7,"y":-8.5},{"x":8,"y":-8.5},{"x":3,"y":-7.5},{"x":4,"y":-7.5},{"x":5,"y":-7.5},{"x":6,"y":-7.5},{"x":7,"y":-7.5},{"x":8,"y":-7.5},{"x":3,"y":-6.5},{"x":4,"y":-6.5},{"x":5,"y":-6.5},{"x":6,"y":-6.5},{"x":7,"y":-6.5},{"x":8,"y":-6.5},{"x":3,"y":-5.5},{"x":4,"y":-5.5},{"x":5,"y":-5.5},{"x":6,"y":-5.5},{"x":7,"y":-5.5},{"x":8,"y":-5.5},{"x":3,"y":-4.5},{"x":4,"y":-4.5},{"x":5,"y":-4.5},{"x":6,"y":-4.5},{"x":7,"y":-4.5},{"x":8,"y":-4.5},{"x":3,"y":-3.5},{"x":4,"y":-3.5},{"x":5,"y":-3.5},{"x":6,"y":-3.5},{"x":7,"y":-3.5},{"x":8,"y":-3.5},{"x":3,"y":-2.5},{"x":4,"y":-2.5},{"x":5,"y":-2.5},{"x":6,"y":-2.5},{"x":7,"y":-2.5},{"x":8,"y":-2.5},{"x":3,"y":-1.5},{"x":4,"y":-1.5},{"x":5,"y":-1.5},{"x":6,"y":-1.5},{"x":7,"y":-1.5},{"x":8,"y":-1.5},{"x":3,"y":-0.5},{"x":4,"y":-0.5},{"x":5,"y":-0.5},{"x":6,"y":-0.5},{"x":7,"y":-0.5},{"x":8,"y":-0.5}]},{"index":2,"tiles":[{"x":3,"y":-8.5},{"x":8,"y":-8.5},{"x":4,"y":-8},{"x":7,"y":-8},{"x":4.5,"y":-7},{"x":6.5,"y":-7},{"x":4.5,"y":-6},{"x":6.5,"y":-6},{"x":4,"y":-5},{"x":7,"y":-5},{"x":3,"y":-4.5},{"x":8,"y":-4.5},{"x":4,"y":-4},{"x":7,"y":-4},{"x":4.5,"y":-3},{"x":6.5,"y":-3},{"x":4.5,"y":-2},{"x":6.5,"y":-2},{"x":4,"y":-1},{"x":7,"y":-1},{"x":3,"y":-0.5},{"x":8,"y":-0.5}]},{"index":3,"tiles":[{"x":3,"y":-8.5},{"x":8,"y":-8.5},{"x":4,"y":-8},{"x":7,"y":-8},{"x":4.5,"y":-7},{"x":6.5,"y":-7},{"x":4.5,"y":-6},{"x":6.5,"y":-6},{"x":4,"y":-5},{"x":7,"y":-5},{"x":3,"y":-4.5},{"x":8,"y":-4.5},{"x":4,"y":-4},{"x":7,"y":-4},{"x":4.5,"y":-3},{"x":6.5,"y":-3},{"x":4.5,"y":-2},{"x":6.5,"y":-2},{"x":4,"y":-1},{"x":7,"y":-1},{"x":3,"y":-0.5},{"x":8,"y":-0.5}]}],"seeds":["GiFiViMpirNUj8cJockNw/J13RQowQOBnRGCiPVpDENNF9F81QcSYkF1zCmqk1NwlgA6TChW13AkHCRe1WV5ZLh40wJiKBMm6cUZXNOBYUWVnBcWEQKK3cZwVUQEnyM0oJdlYXAdn9hRglJ0gyRuoweC"]},{"layers":[{"index":0,"tiles":[{"x":1.5,"y":-9.5},{"x":5.5,"y":-9.5},{"x":9.5,"y":-9.5},{"x":2.5,"y":-8.5},{"x":5,"y":-8.5},{"x":6,"y":-8.5},{"x":8.5,"y":-8.5},{"x":3.5,"y":-7.5},{"x":5.5,"y":-7.5},{"x":7.5,"y":-7.5},{"x":4.5,"y":-6.5},{"x":5.5,"y":-6.5},{"x":6.5,"y":-6.5},{"x":2.5,"y":-6},{"x":8.5,"y":-6},{"x":1.5,"y":-5.5},{"x":3.5,"y":-5.5},{"x":4.5,"y":-5.5},{"x":5.5,"y":-5.5},{"x":6.5,"y":-5.5},{"x":7.5,"y":-5.5},{"x":9.5,"y":-5.5},{"x":2.5,"y":-5},{"x":8.5,"y":-5},{"x":4.5,"y":-4.5},{"x":5.5,"y":-4.5},{"x":6.5,"y":-4.5},{"x":3.5,"y":-3.5},{"x":5.5,"y":-3.5},{"x":7.5,"y":-3.5},{"x":2.5,"y":-2.5},{"x":5,"y":-2.5},{"x":6,"y":-2.5},{"x":8.5,"y":-2.5},{"x":1.5,"y":-1.5},{"x":5.5,"y":-1.5},{"x":9.5,"y":-1.5}]},{"index":1,"tiles":[{"x":1.5,"y":-9.5},{"x":5.5,"y":-9.5},{"x":9.5,"y":-9.5},{"x":2.5,"y":-8.5},{"x":5,"y":-8.5},{"x":6,"y":-8.5},{"x":8.5,"y":-8.5},{"x":3.5,"y":-7.5},{"x":5.5,"y":-7.5},{"x":7.5,"y":-7.5},{"x":4.5,"y":-6.5},{"x":5.5,"y":-6.5},{"x":6.5,"y":-6.5},{"x":2.5,"y":-6},{"x":8.5,"y":-6},{"x":1.5,"y":-5.5},{"x":3.5,"y":-5.5},{"x":4.5,"y":-5.5},{"x":5.5,"y":-5.5},{"x":6.5,"y":-5.5},{"x":7.5,"y":-5.5},{"x":9.5,"y":-5.5},{"x":2.5,"y":-5},{"x":8.5,"y":-5},{"x":4.5,"y":-4.5},{"x":5.5,"y":-4.5},{"x":6.5,"y":-4.5},{"x":3.5,"y":-3.5},{"x":5.5,"y":-3.5},{"x":7.5,"y":-3.5},{"x":2.5,"y":-2.5},{"x":5,"y":-2.5},{"x":6,"y":-2.5},{"x":8.5,"y":-2.5},{"x":1.5,"y":-1.5},{"x":5.5,"y":-1.5},{"x":9.5,"y":-1.5}]},{"index":2,"tiles":[{"x":1.5,"y":-9.5},{"x":5.5,"y":-9.5},{"x":9.5,"y":-9.5},{"x":2.5,"y":-8.5},{"x":5,"y":-8.5},{"x":6,"y":-8.5},{"x":8.5,"y":-8.5},{"x":3.5,"y":-7.5},{"x":5.5,"y":-7.5},{"x":7.5,"y":-7.5},{"x":4.5,"y":-6.5},{"x":5.5,"y":-6.5},{"x":6.5,"y":-6.5},{"x":2.5,"y":-6},{"x":8.5,"y":-6},{"x":1.5,"y":-5.5},{"x":3.5,"y":-5.5},{"x":4.5,"y":-5.5},{"x":5.5,"y":-5.5},{"x":6.5,"y":-5.5},{"x":7.5,"y":-5.5},{"x":9.5,"y":-5.5},{"x":2.5,"y":-5},{"x":8.5,"y":-5},{"x":4.5,"y":-4.5},{"x":5.5,"y":-4.5},{"x":6.5,"y":-4.5},{"x":3.5,"y":-3.5},{"x":5.5,"y":-3.5},{"x":7.5,"y":-3.5},{"x":2.5,"y":-2.5},{"x":5,"y":-2.5},{"x":6,"y":-2.5},{"x":8.5,"y":-2.5},{"x":1.5,"y":-1.5},{"x":5.5,"y":-1.5},{"x":9.5,"y":-1.5}]},{"index":3,"tiles":[{"x":5,"y":-8.5},{"x":6,"y":-8.5},{"x":5.5,"y":-7.5},{"x":5.5,"y":-6.5},{"x":2.5,"y":-6},{"x":8.5,"y":-6},{"x":3.5,"y":-5.5},{"x":4.5,"y":-5.5},{"x":5.5,"y":-5.5},{"x":6.5,"y":-5.5},{"x":7.5,"y":-5.5},{"x":2.5,"y":-5},{"x":8.5,"y":-5},{"x":5.5,"y":-4.5},{"x":5.5,"y":-3.5},{"x":5,"y":-2.5},{"x":6,"y":-2.5}]}],"seeds":["y/EUVsgNqORN4jhY1cUcFzOJYRCRYhhqEFgS4tYpnbCAiSJ0nedpG8NlzHdynmNSQQNiXfWJH4d4ghApE0WpIAgiCgdWYWZAThWkYRgMIYdJxpA04kSA3Ud9nyguS+E9"]},{"layers":[{"index":0,"tiles":[{"x":5.5,"y":-9.5},{"x":4.5,"y":-9},{"x":6.5,"y":-9},{"x":3.5,"y":-8.5},{"x":7.5,"y":-8.5},{"x":5.5,"y":-8},{"x":2,"y":-7},{"x":3.5,"y":-7},{"x":7.5,"y":-7},{"x":9,"y":-7},{"x":5.5,"y":-6.5},{"x":1.5,"y":-6},{"x":4.5,"y":-6},{"x":6.5,"y":-6},{"x":9.5,"y":-6},{"x":1,"y":-5},{"x":2.5,"y":-5},{"x":4,"y":-5},{"x":5.5,"y":-5},{"x":7,"y":-5},{"x":8.5,"y":-5},{"x":10,"y":-5},{"x":1.5,"y":-4},{"x":4.5,"y":-4},{"x":6.5,"y":-4},{"x":9.5,"y":-4},{"x":5.5,"y":-3.5},{"x":2,"y":-3},{"x":3.5,"y":-3},{"x":7.5,"y":-3},{"x":9,"y":-3},{"x":5.5,"y":-2},{"x":3.5,"y":-1.5},{"x":7.5,"y":-1.5},{"x":4.5,"y":-1},{"x":6.5,"y":-1},{"x":5.5,"y":-0.5}]},{"index":1,"tiles":[{"x":5.5,"y":-9.5},{"x":4.5,"y":-9},{"x":6.5,"y":-9},{"x":3.5,"y":-8.5},{"x":7.5,"y":-8.5},{"x":5.5,"y":-8},{"x":2,"y":-7},{"x":9,"y":-7},{"x":4,"y":-6.5},{"x":5.5,"y":-6.5},{"x":7,"y":-6.5},{"x":1.5,"y":-6},{"x":9.5,"y":-6},{"x":1,"y":-5},{"x":2.5,"y":-5},{"x":4,"y":-5},{"x":5.5,"y":-5},{"x":7,"y":-5},{"x":8.5,"y":-5},{"x":10,"y":-5},{"x":1.5,"y":-4},{"x":9.5,"y":-4},{"x":4,"y":-3.5},{"x":5.5,"y":-3.5},{"x":7,"y":-3.5},{"x":2,"y":-3},{"x":9,"y":-3},{"x":5.5,"y":-2},{"x":3.5,"y":-1.5},{"x":7.5,"y":-1.5},{"x":4.5,"y":-1},{"x":6.5,"y":-1},{"x":5.5,"y":-0.5}]},{"index":2,"tiles":[{"x":5.5,"y":-8.5},{"x":2,"y":-7},{"x":3.5,"y":-7},{"x":5.5,"y":-7},{"x":7.5,"y":-7},{"x":9,"y":-7},{"x":1.5,"y":-6},{"x":4.5,"y":-6},{"x":6.5,"y":-6},{"x":9.5,"y":-6},{"x":5.5,"y":-5.5},{"x":1,"y":-5},{"x":2.5,"y":-5},{"x":4,"y":-5},{"x":7,"y":-5},{"x":8.5,"y":-5},{"x":10,"y":-5},{"x":5.5,"y":-4.5},{"x":1.5,"y":-4},{"x":4.5,"y":-4},{"x":6.5,"y":-4},{"x":9.5,"y":-4},{"x":2,"y":-3},{"x":3.5,"y":-3},{"x":5.5,"y":-3},{"x":7.5,"y":-3},{"x":9,"y":-3},{"x":5.5,"y":-1.5}]},{"index":3,"tiles":[{"x":5.5,"y":-5.5},{"x":2,"y":-5},{"x":3.5,"y":-5},{"x":4.5,"y":-5},{"x":6.5,"y":-5},{"x":7.5,"y":-5},{"x":9,"y":-5},{"x":5.5,"y":-4.5}]}],"seeds":["QRgOJzaBpaBayodejqgt3yGlUBhkmKRACVWBQdg1TChyW7OABYeQXAiKhTVmoEdxw/QolydqyRccRheBFdGZnfh4E0NwXOeJG9IJimNMXwQA"]},{"layers":[{"index":0,"tiles":[{"x":2.5,"y":-9.5},{"x":8.5,"y":-9.5},{"x":1.5,"y":-9},{"x":3.5,"y":-9},{"x":7.5,"y":-9},{"x":9.5,"y":-9},{"x":0.5,"y":-8.5},{"x":2.5,"y":-8.5},{"x":4.5,"y":-8.5},{"x":6.5,"y":-8.5},{"x":8.5,"y":-8.5},{"x":10.5,"y":-8.5},{"x":2.5,"y":-7.5},{"x":8.5,"y":-7.5},{"x":3,"y":-6.5},{"x":8,"y":-6.5},{"x":4,"y":-6},{"x":7,"y":-6},{"x":5,"y":-5.5},{"x":6,"y":-5},{"x":4,"y":-4.5},{"x":7,"y":-4.5},{"x":3,"y":-4},{"x":8,"y":-4},{"x":2.5,"y":-3},{"x":8.5,"y":-3},{"x":0.5,"y":-2},{"x":2.5,"y":-2},{"x":4.5,"y":-2},{"x":6.5,"y":-2},{"x":8.5,"y":-2},{"x":10.5,"y":-2},{"x":1.5,"y":-1.5},{"x":3.5,"y":-1.5},{"x":7.5,"y":-1.5},{"x":9.5,"y":-1.5},{"x":2.5,"y":-1},{"x":8.5,"y":-1}]},{"index":1,"tiles":[{"x":2.5,"y":-9.5},{"x":8.5,"y":-9.5},{"x":1.5,"y":-9},{"x":3.5,"y":-9},{"x":7.5,"y":-9},{"x":9.5,"y":-9},{"x":0.5,"y":-8.5},{"x":2.5,"y":-8.5},{"x":4.5,"y":-8.5},{"x":6.5,"y":-8.5},{"x":8.5,"y":-8.5},{"x":10.5,"y":-8.5},{"x":2.5,"y":-7.5},{"x":8.5,"y":-7.5},{"x":3,"y":-6.5},{"x":8,"y":-6.5},{"x":4,"y":-6},{"x":7,"y":-6},{"x":6,"y":-5.5},{"x":5,"y":-5},{"x":4,"y":-4.5},{"x":7,"y":-4.5},{"x":3,"y":-4},{"x":8,"y":-4},{"x":2.5,"y":-3},{"x":8.5,"y":-3},{"x":0.5,"y":-2},{"x":2.5,"y":-2},{"x":4.5,"y":-2},{"x":6.5,"y":-2},{"x":8.5,"y":-2},{"x":10.5,"y":-2},{"x":1.5,"y":-1.5},{"x":3.5,"y":-1.5},{"x":7.5,"y":-1.5},{"x":9.5,"y":-1.5},{"x":2.5,"y":-1},{"x":8.5,"y":-1}]},{"index":2,"tiles":[{"x":2.5,"y":-9.5},{"x":1.5,"y":-9},{"x":3.5,"y":-9},{"x":0.5,"y":-8.5},{"x":2.5,"y":-8.5},{"x":4.5,"y":-8.5},{"x":2.5,"y":-7.5},{"x":3,"y":-6.5},{"x":4,"y":-6},{"x":5,"y":-5.5},{"x":6,"y":-5},{"x":7,"y":-4.5},{"x":8,"y":-4},{"x":8.5,"y":-3},{"x":6.5,"y":-2},{"x":8.5,"y":-2},{"x":10.5,"y":-2},{"x":7.5,"y":-1.5},{"x":9.5,"y":-1.5},{"x":8.5,"y":-1}]}],"seeds":["Vjd41NgwJod21rEg5WcJmkgID+Y5HDOIZzQEoQZCQ3pRWQYa1xSKn7d0Shha31cQYeUdCiiqT9QZoBiGEwciDsRhZFWAjRgG"]},{"layers":[{"index":0,"tiles":[{"x":0,"y":-7.5},{"x":1,"y":-7.5},{"x":2,"y":-7.5},{"x":3,"y":-7.5},{"x":4,"y":-7.5},{"x":5,"y":-7.5},{"x":6,"y":-7.5},{"x":7,"y":-7.5},{"x":8,"y":-7.5},{"x":9,"y":-7.5},{"x":10,"y":-7.5},{"x":11,"y":-7.5},{"x":0,"y":-6.5},{"x":1,"y":-6.5},{"x":2,"y":-6.5},{"x":3,"y":-6.5},{"x":4,"y":-6.5},{"x":5,"y":-6.5},{"x":6,"y":-6.5},{"x":7,"y":-6.5},{"x":8,"y":-6.5},{"x":9,"y":-6.5},{"x":10,"y":-6.5},{"x":11,"y":-6.5},{"x":0,"y":-5.5},{"x":1,"y":-5.5},{"x":2,"y":-5.5},{"x":3,"y":-5.5},{"x":4,"y":-5.5},{"x":5,"y":-5.5},{"x":6,"y":-5.5},{"x":7,"y":-5.5},{"x":8,"y":-5.5},{"x":9,"y":-5.5},{"x":10,"y":-5.5},{"x":11,"y":-5.5},{"x":0,"y":-4.5},{"x":1,"y":-4.5},{"x":2,"y":-4.5},{"x":3,"y":-4.5},{"x":4,"y":-4.5},{"x":5,"y":-4.5},{"x":6,"y":-4.5},{"x":7,"y":-4.5},{"x":8,"y":-4.5},{"x":9,"y":-4.5},{"x":10,"y":-4.5},{"x":11,"y":-4.5},{"x":0,"y":-3.5},{"x":1,"y":-3.5},{"x":2,"y":-3.5},{"x":3,"y":-3.5},{"x":4,"y":-3.5},{"x":5,"y":-3.5},{"x":6,"y":-3.5},{"x":7,"y":-3.5},{"x":8,"y":-3.5},{"x":9,"y":-3.5},{"x":10,"y":-3.5},{"x":11,"y":-3.5},{"x":0,"y":-2.5},{"x":1,"y":-2.5},{"x":2,"y":-2.5},{"x":3,"y":-2.5},{"x":4,"y":-2.5},{"x":5,"y":-2.5},{"x":6,"y":-2.5},{"x":7,"y":-2.5},{"x":8,"y":-2.5},{"x":9,"y":-2.5},{"x":10,"y":-2.5},{"x":11,"y":-2.5}]},{"index":1,"tiles":[{"x":0,"y":-7.5},{"x":1,"y":-7.5},{"x":2,"y":-7.5},{"x":3,"y":-7.5},{"x":4,"y":-7.5},{"x":5,"y":-7.5},{"x":6,"y":-7.5},{"x":7,"y":-7.5},{"x":8,"y":-7.5},{"x":9,"y":-7.5},{"x":10,"y":-7.5},{"x":11,"y":-7.5},{"x":0,"y":-6.5},{"x":1,"y":-6.5},{"x":10,"y":-6.5},{"x":11,"y":-6.5},{"x":2,"y":-6},{"x":9,"y":-6},{"x":0,"y":-5.5},{"x":3,"y":-5.5},{"x":5,"y":-5.5},{"x":6,"y":-5.5},{"x":8,"y":-5.5},{"x":11,"y":-5.5},{"x":4,"y":-5},{"x":7,"y":-5},{"x":0,"y":-4.5},{"x":3,"y":-4.5},{"x":8,"y":-4.5},{"x":11,"y":-4.5},{"x":2,"y":-4},{"x":9,"y":-4},{"x":0,"y":-3.5},{"x":1,"y":-3.5},{"x":10,"y":-3.5},{"x":11,"y":-3.5},{"x":0,"y":-2.5},{"x":1,"y":-2.5},{"x":2,"y":-2.5},{"x":3,"y":-2.5},{"x":4,"y":-2.5},{"x":5,"y":-2.5},{"x":6,"y":-2.5},{"x":7,"y":-2.5},{"x":8,"y":-2.5},{"x":9,"y":-2.5},{"x":10,"y":-2.5},{"x":11,"y":-2.5}]}],"seeds":["WGdx4tWETydCyXcw6QZ2iRJSgkJCoDGBDEhdUiRwqJRhE/gUSrFUwjkRQ+CFRyAOlIiA3UR10fYFCCdyAchFIRiBRMhVy/eNneI5oLoYguWE4aKFWuN5ZlaK"]},{"layers":[{"index":0,"tiles":[{"x":2,"y":-9},{"x":3,"y":-9},{"x":8,"y":-9},{"x":9,"y":-9},{"x":1,"y":-8.5},{"x":4,"y":-8.5},{"x":7,"y":-8.5},{"x":10,"y":-8.5},{"x":2,"y":-8},{"x":3,"y":-8},{"x":5,"y":-8},{"x":6,"y":-8},{"x":8,"y":-8},{"x":9,"y":-8},{"x":4,"y":-7.5},{"x":7,"y":-7.5},{"x":3,"y":-7},{"x":5,"y":-7},{"x":6,"y":-7},{"x":8,"y":-7},{"x":2,"y":-6.5},{"x":4,"y":-6.5},{"x":7,"y":-6.5},{"x":9,"y":-6.5},{"x":3,"y":-6},{"x":8,"y":-6},{"x":1,"y":-5.5},{"x":2,"y":-5.5},{"x":9,"y":-5.5},{"x":10,"y":-5.5},{"x":1,"y":-4.5},{"x":2,"y":-4.5},{"x":9,"y":-4.5},{"x":10,"y":-4.5},{"x":1,"y":-3.5},{"x":2,"y":-3.5},{"x":9,"y":-3.5},{"x":10,"y":-3.5},{"x":1.5,"y":-2.5},{"x":2.5,"y":-2.5},{"x":8.5,"y":-2.5},{"x":9.5,"y":-2.5},{"x":3.5,"y":-2},{"x":7.5,"y":-2},{"x":2.5,"y":-1.5},{"x":4.5,"y":-1.5},{"x":5.5,"y":-1.5},{"x":6.5,"y":-1.5},{"x":8.5,"y":-1.5},{"x":3.5,"y":-1},{"x":7.5,"y":-1},{"x":4.5,"y":-0.5},{"x":5.5,"y":-0.5},{"x":6.5,"y":-0.5}]},{"index":1,"tiles":[{"x":2,"y":-9},{"x":3,"y":-9},{"x":8,"y":-9},{"x":9,"y":-9},{"x":1,"y":-8.5},{"x":4,"y":-8.5},{"x":7,"y":-8.5},{"x":10,"y":-8.5},{"x":2,"y":-8},{"x":3,"y":-8},{"x":8,"y":-8},{"x":9,"y":-8},{"x":4,"y":-7.5},{"x":5,"y":-7.5},{"x":6,"y":-7.5},{"x":7,"y":-7.5},{"x":3,"y":-7},{"x":8,"y":-7},{"x":2,"y":-6.5},{"x":4,"y":-6.5},{"x":7,"y":-6.5},{"x":9,"y":-6.5},{"x":3,"y":-6},{"x":8,"y":-6},{"x":1.5,"y":-5.5},{"x":9.5,"y":-5.5},{"x":1.5,"y":-4.5},{"x":9.5,"y":-4.5},{"x":1.5,"y":-3.5},{"x":9.5,"y":-3.5},{"x":1.5,"y":-2.5},{"x":2.5,"y":-2.5},{"x":8.5,"y":-2.5},{"x":9.5,"y":-2.5},{"x":3,"y":-1.5},{"x":8,"y":-1.5},{"x":5,"y":-1},{"x":6,"y":-1}]},{"index":2,"tiles":[{"x":2,"y":-9},{"x":3,"y":-9},{"x":8,"y":-9},{"x":9,"y":-9},{"x":1,"y":-8.5},{"x":4,"y":-8.5},{"x":7,"y":-8.5},{"x":10,"y":-8.5},{"x":2,"y":-8},{"x":3,"y":-8},{"x":5,"y":-8},{"x":6,"y":-8},{"x":8,"y":-8},{"x":9,"y":-8},{"x":4,"y":-7.5},{"x":7,"y":-7.5},{"x":3,"y":-7},{"x":5,"y":-7},{"x":6,"y":-7},{"x":8,"y":-7},{"x":2,"y":-6.5},{"x":4,"y":-6.5},{"x":7,"y":-6.5},{"x":9,"y":-6.5},{"x":3,"y":-6},{"x":8,"y":-6},{"x":1,"y":-5.5},{"x":2,"y":-5.5},{"x":9,"y":-5.5},{"x":10,"y":-5.5},{"x":1,"y":-4.5},{"x":2,"y":-4.5},{"x":9,"y":-4.5},{"x":10,"y":-4.5},{"x":1,"y":-3.5},{"x":2,"y":-3.5},{"x":9,"y":-3.5},{"x":10,"y":-3.5},{"x":1.5,"y":-2.5},{"x":2.5,"y":-2.5},{"x":8.5,"y":-2.5},{"x":9.5,"y":-2.5},{"x":3.5,"y":-2},{"x":7.5,"y":-2},{"x":2.5,"y":-1.5},{"x":4.5,"y":-1.5},{"x":5.5,"y":-1.5},{"x":6.5,"y":-1.5},{"x":8.5,"y":-1.5},{"x":3.5,"y":-1},{"x":7.5,"y":-1},{"x":4.5,"y":-0.5},{"x":5.5,"y":-0.5},{"x":6.5,"y":-0.5}]}],"seeds":["EfJUKVFOImeBohAencg8XVd94PR9oOYRA9FwUweCAaV8nWhdYmSG1yAM3NWMSihkFeQdUtaEQpiIgeSFlEUF28eAImd4HtmAC7OIjAJaSFAUg+MQRaGp4JV0C8opoRN64MSB4MlR1bI5HIYZHwQA"]},{"layers":[{"index":0,"tiles":[{"x":8.5,"y":-10},{"x":8,"y":-9},{"x":9,"y":-9},{"x":7,"y":-8.5},{"x":10,"y":-8.5},{"x":6,"y":-8},{"x":8,"y":-8},{"x":9,"y":-8},{"x":11,"y":-8},{"x":7,"y":-7.5},{"x":10,"y":-7.5},{"x":4.5,"y":-7},{"x":8,"y":-7},{"x":9,"y":-7},{"x":4,"y":-6},{"x":5,"y":-6},{"x":8.5,"y":-6},{"x":3.5,"y":-5},{"x":4.5,"y":-5},{"x":5.5,"y":-5},{"x":2.5,"y":-4.5},{"x":6.5,"y":-4.5},{"x":1.5,"y":-4},{"x":3.5,"y":-4},{"x":4.5,"y":-4},{"x":5.5,"y":-4},{"x":7.5,"y":-4},{"x":0.5,"y":-3.5},{"x":2.5,"y":-3.5},{"x":6.5,"y":-3.5},{"x":8.5,"y":-3.5},{"x":1.5,"y":-3},{"x":3.5,"y":-3},{"x":4.5,"y":-3},{"x":5.5,"y":-3},{"x":7.5,"y":-3},{"x":2.5,"y":-2.5},{"x":6.5,"y":-2.5},{"x":3.5,"y":-2},{"x":4.5,"y":-2},{"x":5.5,"y":-2},{"x":4,"y":-1},{"x":5,"y":-1},{"x":4.5,"y":0}]},{"index":1,"tiles":[{"x":8.5,"y":-9.5},{"x":7.5,"y":-8.5},{"x":8.5,"y":-8.5},{"x":9.5,"y":-8.5},{"x":6.5,"y":-8},{"x":10.5,"y":-8},{"x":7.5,"y":-7.5},{"x":8.5,"y":-7.5},{"x":9.5,"y":-7.5},{"x":4.5,"y":-6.5},{"x":8.5,"y":-6.5},{"x":4,"y":-5.5},{"x":5,"y":-5.5},{"x":3,"y":-4.5},{"x":4,"y":-4.5},{"x":5,"y":-4.5},{"x":6,"y":-4.5},{"x":2,"y":-4},{"x":7,"y":-4},{"x":1,"y":-3.5},{"x":3,"y":-3.5},{"x":4,"y":-3.5},{"x":5,"y":-3.5},{"x":6,"y":-3.5},{"x":8,"y":-3.5},{"x":2,"y":-3},{"x":7,"y":-3},{"x":3,"y":-2.5},{"x":4,"y":-2.5},{"x":5,"y":-2.5},{"x":6,"y":-2.5},{"x":4,"y":-1.5},{"x":5,"y":-1.5},{"x":4.5,"y":-0.5}]},{"index":2,"tiles":[{"x":8.5,"y":-9},{"x":7,"y":-8},{"x":8,"y":-8},{"x":9,"y":-8},{"x":10,"y":-8},{"x":8.5,"y":-7},{"x":4.5,"y":-6},{"x":4,"y":-5},{"x":5,"y":-5},{"x":2.5,"y":-4},{"x":3.5,"y":-4},{"x":4.5,"y":-4},{"x":5.5,"y":-4},{"x":6.5,"y":-4},{"x":1.5,"y":-3.5},{"x":7.5,"y":-3.5},{"x":2.5,"y":-3},{"x":3.5,"y":-3},{"x":4.5,"y":-3},{"x":5.5,"y":-3},{"x":6.5,"y":-3},{"x":4,"y":-2},{"x":5,"y":-2},{"x":4.5,"y":-1}]},{"index":3,"tiles":[{"x":8.5,"y":-8.5},{"x":7.5,"y":-8},{"x":9.5,"y":-8},{"x":8.5,"y":-7.5},{"x":4.5,"y":-5.5},{"x":4,"y":-4.5},{"x":5,"y":-4.5},{"x":3,"y":-4},{"x":6,"y":-4},{"x":2,"y":-3.5},{"x":4,"y":-3.5},{"x":5,"y":-3.5},{"x":7,"y":-3.5},{"x":3,"y":-3},{"x":6,"y":-3},{"x":4,"y":-2.5},{"x":5,"y":-2.5},{"x":4.5,"y":-1.5}]},{"index":4,"tiles":[{"x":8,"y":-8},{"x":9,"y":-8},{"x":4.5,"y":-5},{"x":3.5,"y":-4},{"x":4.5,"y":-4},{"x":5.5,"y":-4},{"x":2.5,"y":-3.5},{"x":6.5,"y":-3.5},{"x":3.5,"y":-3},{"x":4.5,"y":-3},{"x":5.5,"y":-3},{"x":4.5,"y":-2}]},{"index":5,"tiles":[{"x":8.5,"y":-8},{"x":4.5,"y":-4.5},{"x":3,"y":-3.5},{"x":4,"y":-3.5},{"x":5,"y":-3.5},{"x":6,"y":-3.5},{"x":4.5,"y":-2.5}]},{"index":6,"tiles":[{"x":4.5,"y":-4},{"x":3.5,"y":-3.5},{"x":5.5,"y":-3.5},{"x":4.5,"y":-3}]},{"index":7,"tiles":[{"x":4,"y":-3.5},{"x":5,"y":-3.5}]},{"index":8,"tiles":[{"x":4.5,"y":-3.5}]}],"seeds":["VxemCtVZE3OBEoVwpmCEhvg1XTOEU9V94DA43sIUHPFxXSJsnlJcmBZyyRNdE+I5TgZyjyJ61uYwUEiIVkeIIfidYSBSzRBoiyh8Auih1gdRnAR6I0hW3NJV3BIERcFMIHGUYhZ2ESY2CliB6gEA"]},{"layers":[{"index":0,"tiles":[{"x":1.5,"y":-9},{"x":9.5,"y":-9},{"x":2.5,"y":-8.5},{"x":5.5,"y":-8.5},{"x":8.5,"y":-8.5},{"x":1.5,"y":-8},{"x":3.5,"y":-8},{"x":4.5,"y":-8},{"x":6.5,"y":-8},{"x":7.5,"y":-8},{"x":9.5,"y":-8},{"x":2.5,"y":-7.5},{"x":5.5,"y":-7.5},{"x":8.5,"y":-7.5},{"x":1.5,"y":-7},{"x":3.5,"y":-7},{"x":4.5,"y":-7},{"x":6.5,"y":-7},{"x":7.5,"y":-7},{"x":9.5,"y":-7},{"x":2.5,"y":-6.5},{"x":5.5,"y":-6.5},{"x":8.5,"y":-6.5},{"x":3.5,"y":-6},{"x":4.5,"y":-6},{"x":6.5,"y":-6},{"x":7.5,"y":-6},{"x":2,"y":-5},{"x":3,"y":-5},{"x":4,"y":-5},{"x":7,"y":-5},{"x":8,"y":-5},{"x":9,"y":-5},{"x":3.5,"y":-4},{"x":4.5,"y":-4},{"x":6.5,"y":-4},{"x":7.5,"y":-4},{"x":2.5,"y":-3.5},{"x":5.5,"y":-3.5},{"x":8.5,"y":-3.5},{"x":1.5,"y":-3},{"x":3.5,"y":-3},{"x":4.5,"y":-3},{"x":6.5,"y":-3},{"x":7.5,"y":-3},{"x":9.5,"y":-3},{"x":2.5,"y":-2.5},{"x":5.5,"y":-2.5},{"x":8.5,"y":-2.5},{"x":1.5,"y":-2},{"x":3.5,"y":-2},{"x":4.5,"y":-2},{"x":6.5,"y":-2},{"x":7.5,"y":-2},{"x":9.5,"y":-2},{"x":2.5,"y":-1.5},{"x":5.5,"y":-1.5},{"x":8.5,"y":-1.5},{"x":1.5,"y":-1},{"x":9.5,"y":-1}]},{"index":1,"tiles":[{"x":1.5,"y":-8.5},{"x":9.5,"y":-8.5},{"x":2.5,"y":-8},{"x":5.5,"y":-8},{"x":8.5,"y":-8},{"x":1.5,"y":-7.5},{"x":3.5,"y":-7.5},{"x":4.5,"y":-7.5},{"x":6.5,"y":-7.5},{"x":7.5,"y":-7.5},{"x":9.5,"y":-7.5},{"x":2.5,"y":-7},{"x":5.5,"y":-7},{"x":8.5,"y":-7},{"x":3.5,"y":-6.5},{"x":4.5,"y":-6.5},{"x":6.5,"y":-6.5},{"x":7.5,"y":-6.5},{"x":3.5,"y":-5.5},{"x":7.5,"y":-5.5},{"x":2.5,"y":-5},{"x":8.5,"y":-5},{"x":3.5,"y":-4.5},{"x":7.5,"y":-4.5},{"x":3.5,"y":-3.5},{"x":4.5,"y":-3.5},{"x":6.5,"y":-3.5},{"x":7.5,"y":-3.5},{"x":2.5,"y":-3},{"x":5.5,"y":-3},{"x":8.5,"y":-3},{"x":1.5,"y":-2.5},{"x":3.5,"y":-2.5},{"x":4.5,"y":-2.5},{"x":6.5,"y":-2.5},{"x":7.5,"y":-2.5},{"x":9.5,"y":-2.5},{"x":2.5,"y":-2},{"x":5.5,"y":-2},{"x":8.5,"y":-2},{"x":1.5,"y":-1.5},{"x":9.5,"y":-1.5}]},{"index":2,"tiles":[{"x":1.5,"y":-8},{"x":9.5,"y":-8},{"x":2.5,"y":-7.5},{"x":5.5,"y":-7.5},{"x":8.5,"y":-7.5},{"x":3.5,"y":-7},{"x":4.5,"y":-7},{"x":6.5,"y":-7},{"x":7.5,"y":-7},{"x":3,"y":-5},{"x":8,"y":-5},{"x":3.5,"y":-3},{"x":4.5,"y":-3},{"x":6.5,"y":-3},{"x":7.5,"y":-3},{"x":2.5,"y":-2.5},{"x":5.5,"y":-2.5},{"x":8.5,"y":-2.5},{"x":1.5,"y":-2},{"x":9.5,"y":-2}]}],"seeds":["AmU0n8WpIqVIEqhQFRJyYdc4lTIoptCBjDh9l0Yl6VBwgSg+XEcZHHdFm0Bu4CciDAFOWRJgIBZBnPdwhcFxJxhBaDk2YUgJn7Fwnkh5S0eI3sE12aE5kRhaVAgA"]},{"layers":[{"index":0,"tiles":[{"x":4.5,"y":-7.5},{"x":5.5,"y":-7.5},{"x":6.5,"y":-7.5},{"x":3.5,"y":-7},{"x":7.5,"y":-7},{"x":2.5,"y":-6.5},{"x":4.5,"y":-6.5},{"x":5.5,"y":-6.5},{"x":6.5,"y":-6.5},{"x":8.5,"y":-6.5},{"x":1.5,"y":-6},{"x":3.5,"y":-6},{"x":7.5,"y":-6},{"x":9.5,"y":-6},{"x":2.5,"y":-5.5},{"x":4.5,"y":-5.5},{"x":5.5,"y":-5.5},{"x":6.5,"y":-5.5},{"x":8.5,"y":-5.5},{"x":1.5,"y":-5},{"x":3.5,"y":-5},{"x":7.5,"y":-5},{"x":9.5,"y":-5},{"x":2.5,"y":-4.5},{"x":4.5,"y":-4.5},{"x":6.5,"y":-4.5},{"x":8.5,"y":-4.5},{"x":1.5,"y":-4},{"x":3.5,"y":-4},{"x":7.5,"y":-4},{"x":9.5,"y":-4},{"x":2.5,"y":-3.5},{"x":4.5,"y":-3.5},{"x":5.5,"y":-3.5},{"x":6.5,"y":-3.5},{"x":8.5,"y":-3.5},{"x":1.5,"y":-3},{"x":3.5,"y":-3},{"x":7.5,"y":-3},{"x":9.5,"y":-3},{"x":2.5,"y":-2.5},{"x":4.5,"y":-2.5},{"x":5.5,"y":-2.5},{"x":6.5,"y":-2.5},{"x":8.5,"y":-2.5},{"x":3.5,"y":-2},{"x":7.5,"y":-2},{"x":4.5,"y":-1.5},{"x":5.5,"y":-1.5},{"x":6.5,"y":-1.5}]},{"index":1,"tiles":[{"x":4,"y":-7},{"x":5,"y":-7},{"x":6,"y":-7},{"x":7,"y":-7},{"x":3,"y":-6.5},{"x":8,"y":-6.5},{"x":2,"y":-6},{"x":4,"y":-6},{"x":5,"y":-6},{"x":6,"y":-6},{"x":7,"y":-6},{"x":9,"y":-6},{"x":3,"y":-5.5},{"x":8,"y":-5.5},{"x":2,"y":-5},{"x":4,"y":-5},{"x":7,"y":-5},{"x":9,"y":-5},{"x":3,"y":-4.5},{"x":5,"y":-4.5},{"x":6,"y":-4.5},{"x":8,"y":-4.5},{"x":2,"y":-4},{"x":4,"y":-4},{"x":7,"y":-4},{"x":9,"y":-4},{"x":3,"y":-3.5},{"x":8,"y":-3.5},{"x":2,"y":-3},{"x":4,"y":-3},{"x":5,"y":-3},{"x":6,"y":-3},{"x":7,"y":-3},{"x":9,"y":-3},{"x":3,"y":-2.5},{"x":8,"y":-2.5},{"x":4,"y":-2},{"x":5,"y":-2},{"x":6,"y":-2},{"x":7,"y":-2}]},{"index":2,"tiles":[{"x":3.5,"y":-6.5},{"x":4.5,"y":-6.5},{"x":5.5,"y":-6.5},{"x":6.5,"y":-6.5},{"x":7.5,"y":-6.5},{"x":3.5,"y":-5.5},{"x":5,"y":-5.5},{"x":6,"y":-5.5},{"x":7.5,"y":-5.5},{"x":3.5,"y":-4.5},{"x":7.5,"y":-4.5},{"x":3.5,"y":-3.5},{"x":5,"y":-3.5},{"x":6,"y":-3.5},{"x":7.5,"y":-3.5},{"x":3.5,"y":-2.5},{"x":4.5,"y":-2.5},{"x":5.5,"y":-2.5},{"x":6.5,"y":-2.5},{"x":7.5,"y":-2.5}]},{"index":3,"tiles":[{"x":4.5,"y":-6.5},{"x":5.5,"y":-6.5},{"x":6.5,"y":-6.5},{"x":3.5,"y":-5.5},{"x":7.5,"y":-5.5},{"x":3.5,"y":-4.5},{"x":7.5,"y":-4.5},{"x":3.5,"y":-3.5},{"x":7.5,"y":-3.5},{"x":4.5,"y":-2.5},{"x":5.5,"y":-2.5},{"x":6.5,"y":-2.5}]}],"seeds":["38YxJFUy09NpJgJWwiJiyDZo3PIlWCh1jwg2IaQqSzEc4DIEYgN+xCQmBqVQQhZ6zsdFU2eNRegJxmGBYXpS3CWKoRd0XpgFoOd0kwdywgVyEaMQgcRAaFgNSgcA"]},{"layers":[{"index":0,"tiles":[{"x":5.5,"y":-10},{"x":3,"y":-9},{"x":5.5,"y":-9},{"x":8,"y":-9},{"x":3,"y":-8},{"x":8,"y":-8},{"x":4,"y":-7.5},{"x":5,"y":-7.5},{"x":6,"y":-7.5},{"x":7,"y":-7.5},{"x":3,"y":-7},{"x":8,"y":-7},{"x":2,"y":-6.5},{"x":4.5,"y":-6.5},{"x":5.5,"y":-6.5},{"x":6.5,"y":-6.5},{"x":9,"y":-6.5},{"x":3.5,"y":-6},{"x":7.5,"y":-6},{"x":1.5,"y":-5.5},{"x":2.5,"y":-5.5},{"x":5,"y":-5.5},{"x":6,"y":-5.5},{"x":8.5,"y":-5.5},{"x":9.5,"y":-5.5},{"x":4,"y":-5},{"x":7,"y":-5},{"x":1,"y":-4.5},{"x":2,"y":-4.5},{"x":3,"y":-4.5},{"x":5,"y":-4.5},{"x":6,"y":-4.5},{"x":8,"y":-4.5},{"x":9,"y":-4.5},{"x":10,"y":-4.5},{"x":4,"y":-4},{"x":7,"y":-4},{"x":1.5,"y":-3.5},{"x":2.5,"y":-3.5},{"x":5,"y":-3.5},{"x":6,"y":-3.5},{"x":8.5,"y":-3.5},{"x":9.5,"y":-3.5},{"x":3.5,"y":-3},{"x":7.5,"y":-3},{"x":2,"y":-2.5},{"x":4.5,"y":-2.5},{"x":5.5,"y":-2.5},{"x":6.5,"y":-2.5},{"x":9,"y":-2.5},{"x":3,"y":-2},{"x":8,"y":-2},{"x":4,"y":-1.5},{"x":5,"y":-1.5},{"x":6,"y":-1.5},{"x":7,"y":-1.5}]},{"index":1,"tiles":[{"x":5.5,"y":-10},{"x":3,"y":-9},{"x":5.5,"y":-9},{"x":8,"y":-9},{"x":3,"y":-8},{"x":5.5,"y":-8},{"x":8,"y":-8},{"x":4.5,"y":-7.5},{"x":6.5,"y":-7.5},{"x":3.5,"y":-7},{"x":5.5,"y":-7},{"x":7.5,"y":-7},{"x":2.5,"y":-6.5},{"x":4.5,"y":-6.5},{"x":6.5,"y":-6.5},{"x":8.5,"y":-6.5},{"x":5.5,"y":-6},{"x":4,"y":-5.5},{"x":7,"y":-5.5},{"x":3,"y":-5},{"x":5.5,"y":-5},{"x":8,"y":-5},{"x":4.5,"y":-4.5},{"x":6.5,"y":-4.5},{"x":3,"y":-4},{"x":5.5,"y":-4},{"x":8,"y":-4},{"x":4,"y":-3.5},{"x":7,"y":-3.5},{"x":5.5,"y":-3},{"x":2.5,"y":-2.5},{"x":4.5,"y":-2.5},{"x":6.5,"y":-2.5},{"x":8.5,"y":-2.5},{"x":3.5,"y":-2},{"x":5.5,"y":-2},{"x":7.5,"y":-2},{"x":4.5,"y":-1.5},{"x":6.5,"y":-1.5},{"x":5.5,"y":-1}]}],"seeds":["DTJVhTSGJSdqJ4FVgkcyjgKCnmmkmVconEc5lOAFFxYaXRcOYCiCn/iJAYd84BIdQ8aJVoN+UJdooXUsUxQSYCc9ogcxavJc"]},{"layers":[{"index":0,"tiles":[{"x":3,"y":-9},{"x":4,"y":-9},{"x":8,"y":-9},{"x":7,"y":-8.5},{"x":9,"y":-8.5},{"x":2,"y":-8},{"x":3,"y":-8},{"x":4,"y":-8},{"x":5,"y":-8},{"x":8,"y":-8},{"x":7,"y":-7.5},{"x":9,"y":-7.5},{"x":2,"y":-7},{"x":3,"y":-7},{"x":4,"y":-7},{"x":5,"y":-7},{"x":8,"y":-7},{"x":7,"y":-6.5},{"x":2,"y":-6},{"x":3,"y":-6},{"x":5.5,"y":-6},{"x":4.5,"y":-5.5},{"x":6.5,"y":-5.5},{"x":2.5,"y":-5},{"x":3.5,"y":-5},{"x":5.5,"y":-5},{"x":7.5,"y":-5},{"x":8.5,"y":-5},{"x":4.5,"y":-4.5},{"x":6.5,"y":-4.5},{"x":5.5,"y":-4},{"x":8,"y":-4},{"x":9,"y":-4},{"x":4,"y":-3.5},{"x":3,"y":-3},{"x":6,"y":-3},{"x":7,"y":-3},{"x":8,"y":-3},{"x":9,"y":-3},{"x":2,"y":-2.5},{"x":4,"y":-2.5},{"x":3,"y":-2},{"x":6,"y":-2},{"x":7,"y":-2},{"x":8,"y":-2},{"x":9,"y":-2},{"x":2,"y":-1.5},{"x":4,"y":-1.5},{"x":3,"y":-1},{"x":7,"y":-1},{"x":8,"y":-1}]},{"index":1,"tiles":[{"x":3,"y":-9},{"x":4,"y":-9},{"x":8,"y":-9},{"x":7,"y":-8.5},{"x":9,"y":-8.5},{"x":2,"y":-8},{"x":3,"y":-8},{"x":4,"y":-8},{"x":5,"y":-8},{"x":8,"y":-8},{"x":7,"y":-7.5},{"x":9,"y":-7.5},{"x":2,"y":-7},{"x":3,"y":-7},{"x":4,"y":-7},{"x":5,"y":-7},{"x":8,"y":-7},{"x":7,"y":-6.5},{"x":2,"y":-6},{"x":3,"y":-6},{"x":5.5,"y":-6},{"x":4.5,"y":-5.5},{"x":6.5,"y":-5.5},{"x":2.5,"y":-5},{"x":3.5,"y":-5},{"x":5.5,"y":-5},{"x":7.5,"y":-5},{"x":8.5,"y":-5},{"x":4.5,"y":-4.5},{"x":6.5,"y":-4.5},{"x":5.5,"y":-4},{"x":8,"y":-4},{"x":9,"y":-4},{"x":4,"y":-3.5},{"x":3,"y":-3},{"x":6,"y":-3},{"x":7,"y":-3},{"x":8,"y":-3},{"x":9,"y":-3},{"x":2,"y":-2.5},{"x":4,"y":-2.5},{"x":3,"y":-2},{"x":6,"y":-2},{"x":7,"y":-2},{"x":8,"y":-2},{"x":9,"y":-2},{"x":2,"y":-1.5},{"x":4,"y":-1.5},{"x":3,"y":-1},{"x":7,"y":-1},{"x":8,"y":-1}]},{"index":2,"tiles":[{"x":3,"y":-9},{"x":4,"y":-9},{"x":2,"y":-8},{"x":3,"y":-8},{"x":2,"y":-7},{"x":9,"y":-3},{"x":8,"y":-2},{"x":9,"y":-2},{"x":7,"y":-1},{"x":8,"y":-1}]}],"seeds":["DmhcgbBwmFAI5LJNAyFRWghGTcehCKhCYVA4xMclUKcIXhN0ByiWQWQyCiiFS/dR3HR02CR6CbJ1IlhlnhiCDzdU4wR+17N8jCJaouZZXBimRnYq"]},{"layers":[{"index":0,"tiles":[{"x":3,"y":-9},{"x":8,"y":-9},{"x":2,"y":-8.5},{"x":4,"y":-8.5},{"x":7,"y":-8.5},{"x":9,"y":-8.5},{"x":3,"y":-8},{"x":8,"y":-8},{"x":1.5,"y":-7.5},{"x":4.5,"y":-7.5},{"x":3,"y":-7},{"x":6,"y":-7},{"x":7,"y":-7},{"x":8,"y":-7},{"x":9,"y":-7},{"x":10,"y":-7},{"x":1.5,"y":-6.5},{"x":4.5,"y":-6.5},{"x":3,"y":-6},{"x":8,"y":-6},{"x":2,"y":-5.5},{"x":4,"y":-5.5},{"x":7,"y":-5.5},{"x":9,"y":-5.5},{"x":3,"y":-5},{"x":6,"y":-5},{"x":8,"y":-5},{"x":10,"y":-5},{"x":2,"y":-4},{"x":4,"y":-4},{"x":7,"y":-4},{"x":8,"y":-4},{"x":9,"y":-4},{"x":3,"y":-3.5},{"x":1.5,"y":-3},{"x":4.5,"y":-3},{"x":6.5,"y":-3},{"x":8,"y":-3},{"x":9.5,"y":-3},{"x":3,"y":-2.5},{"x":1.5,"y":-2},{"x":4.5,"y":-2},{"x":6.5,"y":-2},{"x":8,"y":-2},{"x":9.5,"y":-2},{"x":2.5,"y":-1.5},{"x":3.5,"y":-1.5},{"x":8,"y":-1}]},{"index":1,"tiles":[{"x":3,"y":-9},{"x":8,"y":-9},{"x":2,"y":-8.5},{"x":4,"y":-8.5},{"x":7,"y":-8.5},{"x":9,"y":-8.5},{"x":3,"y":-8},{"x":8,"y":-8},{"x":1.5,"y":-7.5},{"x":4.5,"y":-7.5},{"x":3,"y":-7},{"x":6,"y":-7},{"x":7,"y":-7},{"x":8,"y":-7},{"x":9,"y":-7},{"x":10,"y":-7},{"x":1.5,"y":-6.5},{"x":4.5,"y":-6.5},{"x":3,"y":-6},{"x":8,"y":-6},{"x":2,"y":-5.5},{"x":4,"y":-5.5},{"x":7,"y":-5.5},{"x":9,"y":-5.5},{"x":3,"y":-5},{"x":6,"y":-5},{"x":8,"y":-5},{"x":10,"y":-5},{"x":2,"y":-4},{"x":4,"y":-4},{"x":7,"y":-4},{"x":8,"y":-4},{"x":9,"y":-4},{"x":3,"y":-3.5},{"x":1.5,"y":-3},{"x":4.5,"y":-3},{"x":6.5,"y":-3},{"x":8,"y":-3},{"x":9.5,"y":-3},{"x":3,"y":-2.5},{"x":1.5,"y":-2},{"x":4.5,"y":-2},{"x":6.5,"y":-2},{"x":8,"y":-2},{"x":9.5,"y":-2},{"x":2.5,"y":-1.5},{"x":3.5,"y":-1.5},{"x":8,"y":-1}]}],"seeds":["jwCGhXEpFSJ9oTYQwRZ4pXNxBbhlyweRywOKYTJ10AlaYUcYU8ONlBZyaiUOH4ZiX8iYKacwICJ5QkdZEXiIEed4nNh4R5cl"]},{"layers":[{"index":0,"tiles":[{"x":4.5,"y":-9.5},{"x":5.5,"y":-9.5},{"x":6.5,"y":-9.5},{"x":4.5,"y":-8.5},{"x":5.5,"y":-8.5},{"x":6.5,"y":-8.5},{"x":5,"y":-7.5},{"x":6,"y":-7.5},{"x":4.5,"y":-6.5},{"x":5.5,"y":-6.5},{"x":6.5,"y":-6.5},{"x":0.5,"y":-6},{"x":1.5,"y":-6},{"x":3.5,"y":-6},{"x":7.5,"y":-6},{"x":9.5,"y":-6},{"x":10.5,"y":-6},{"x":2.5,"y":-5.5},{"x":4.5,"y":-5.5},{"x":5.5,"y":-5.5},{"x":6.5,"y":-5.5},{"x":8.5,"y":-5.5},{"x":0.5,"y":-5},{"x":1.5,"y":-5},{"x":3.5,"y":-5},{"x":7.5,"y":-5},{"x":9.5,"y":-5},{"x":10.5,"y":-5},{"x":2.5,"y":-4.5},{"x":4.5,"y":-4.5},{"x":5.5,"y":-4.5},{"x":6.5,"y":-4.5},{"x":8.5,"y":-4.5},{"x":0.5,"y":-4},{"x":1.5,"y":-4},{"x":3.5,"y":-4},{"x":7.5,"y":-4},{"x":9.5,"y":-4},{"x":10.5,"y":-4},{"x":4.5,"y":-3.5},{"x":5.5,"y":-3.5},{"x":6.5,"y":-3.5},{"x":5,"y":-2.5},{"x":6,"y":-2.5},{"x":4.5,"y":-1.5},{"x":5.5,"y":-1.5},{"x":6.5,"y":-1.5},{"x":4.5,"y":-0.5},{"x":5.5,"y":-0.5},{"x":6.5,"y":-0.5}]},{"index":1,"tiles":[{"x":5.5,"y":-9},{"x":5.5,"y":-8},{"x":5,"y":-7},{"x":6,"y":-7},{"x":4,"y":-6},{"x":5,"y":-6},{"x":6,"y":-6},{"x":7,"y":-6},{"x":3,"y":-5.5},{"x":8,"y":-5.5},{"x":1,"y":-5},{"x":2,"y":-5},{"x":4,"y":-5},{"x":5,"y":-5},{"x":6,"y":-5},{"x":7,"y":-5},{"x":9,"y":-5},{"x":10,"y":-5},{"x":3,"y":-4.5},{"x":8,"y":-4.5},{"x":4,"y":-4},{"x":5,"y":-4},{"x":6,"y":-4},{"x":7,"y":-4},{"x":5,"y":-3},{"x":6,"y":-3},{"x":5.5,"y":-2},{"x":5.5,"y":-1}]},{"index":2,"tiles":[{"x":5.5,"y":-8.5},{"x":5.5,"y":-7.5},{"x":5,"y":-6.5},{"x":6,"y":-6.5},{"x":3.5,"y":-5.5},{"x":4.5,"y":-5.5},{"x":5.5,"y":-5.5},{"x":6.5,"y":-5.5},{"x":7.5,"y":-5.5},{"x":1.5,"y":-5},{"x":2.5,"y":-5},{"x":8.5,"y":-5},{"x":9.5,"y":-5},{"x":3.5,"y":-4.5},{"x":4.5,"y":-4.5},{"x":5.5,"y":-4.5},{"x":6.5,"y":-4.5},{"x":7.5,"y":-4.5},{"x":5,"y":-3.5},{"x":6,"y":-3.5},{"x":5.5,"y":-2.5},{"x":5.5,"y":-1.5}]},{"index":3,"tiles":[{"x":5.5,"y":-8},{"x":5.5,"y":-7},{"x":5,"y":-6},{"x":6,"y":-6},{"x":4,"y":-5.5},{"x":7,"y":-5.5},{"x":2,"y":-5},{"x":3,"y":-5},{"x":5,"y":-5},{"x":6,"y":-5},{"x":8,"y":-5},{"x":9,"y":-5},{"x":4,"y":-4.5},{"x":7,"y":-4.5},{"x":5,"y":-4},{"x":6,"y":-4},{"x":5.5,"y":-3},{"x":5.5,"y":-2}]},{"index":4,"tiles":[{"x":5.5,"y":-7.5},{"x":5.5,"y":-6.5},{"x":4.5,"y":-5.5},{"x":5.5,"y":-5.5},{"x":6.5,"y":-5.5},{"x":2.5,"y":-5},{"x":3.5,"y":-5},{"x":7.5,"y":-5},{"x":8.5,"y":-5},{"x":4.5,"y":-4.5},{"x":5.5,"y":-4.5},{"x":6.5,"y":-4.5},{"x":5.5,"y":-3.5},{"x":5.5,"y":-2.5}]},{"index":5,"tiles":[{"x":5.5,"y":-7},{"x":5.5,"y":-6},{"x":3,"y":-5},{"x":4,"y":-5},{"x":5,"y":-5},{"x":6,"y":-5},{"x":7,"y":-5},{"x":8,"y":-5},{"x":5.5,"y":-4},{"x":5.5,"y":-3}]}],"seeds":["yjEcHVidjOKQw5WJH2MVVxiKXjRp4AMuTiiCncBIXkYVHNSMHNGJ36cIYMCJk9hYnZWIQhWCHFeEjvGFAUdpXqAETfQIIkZ4EjUQ37IsoYGCDGeBHIJMxFQ5Xep5kBluCfhVGzVgZdE1KggA"]}]]],0,0,[],[],[]]
