[1,["1b0feb629@6c48a"],["_textureSource"],["cc.SpriteFrame"],0,[[[{"name":"default_editbox_bg","rect":{"x":3,"y":108,"width":40,"height":40},"offset":{"x":0,"y":0},"originalSize":{"width":40,"height":40},"rotated":false,"capInsets":[12,12,12,12],"packable":true,"pixelsToUnit":100,"pivot":{"x":0.5,"y":0.5},"meshType":0}],[0],0,[0],[0],[0]],[[{"name":"blank","rect":{"x":49,"y":108,"width":1,"height":1},"offset":{"x":0,"y":0},"originalSize":{"width":1,"height":1},"rotated":false,"capInsets":[0,0,0,0],"packable":true,"pixelsToUnit":100,"pivot":{"x":0.5,"y":0.5},"meshType":0}],[0],0,[0],[0],[0]],[[{"name":"btn-transparent-circle","rect":{"x":3,"y":3,"width":99,"height":99},"offset":{"x":0,"y":0},"originalSize":{"width":99,"height":99},"rotated":false,"capInsets":[0,0,0,0],"packable":true,"pixelsToUnit":100,"pivot":{"x":0.5,"y":0.5},"meshType":0}],[0],0,[0],[0],[0]]]]
