[1,["1b6c080de@6c48a"],["_textureSource"],["cc.SpriteFrame"],0,[[[{"name":"bg-pack-2","rect":{"x":3,"y":3,"width":986,"height":544},"offset":{"x":0,"y":0},"originalSize":{"width":986,"height":544},"rotated":false,"capInsets":[0,0,0,0],"packable":true,"pixelsToUnit":100,"pivot":{"x":0.5,"y":0.5},"meshType":0}],[0],0,[0],[0],[0]],[[{"name":"bg-small-block","rect":{"x":3,"y":553,"width":980,"height":188},"offset":{"x":0,"y":0},"originalSize":{"width":980,"height":188},"rotated":false,"capInsets":[0,0,0,0],"packable":true,"pixelsToUnit":100,"pivot":{"x":0.5,"y":0.5},"meshType":0}],[0],0,[0],[0],[0]],[[{"name":"title-landscape","rect":{"x":3,"y":747,"width":947,"height":274},"offset":{"x":0,"y":0},"originalSize":{"width":947,"height":274},"rotated":false,"capInsets":[0,0,0,0],"packable":true,"pixelsToUnit":100,"pivot":{"x":0.5,"y":0.5},"meshType":0}],[0],0,[0],[0],[0]],[[{"name":"ic-gem","rect":{"x":956,"y":747,"width":72,"height":64},"offset":{"x":0,"y":0},"originalSize":{"width":72,"height":64},"rotated":true,"capInsets":[0,0,0,0],"packable":true,"pixelsToUnit":100,"pivot":{"x":0.5,"y":0.5},"meshType":0}],[0],0,[0],[0],[0]]]]
