[1,["1bf7bf79f@6c48a"],["_textureSource"],["cc.SpriteFrame"],0,[[[{"name":"place_2","rect":{"x":409,"y":941,"width":80,"height":87},"offset":{"x":0,"y":0},"originalSize":{"width":80,"height":87},"rotated":true,"capInsets":[0,0,0,0],"packable":true,"pixelsToUnit":100,"pivot":{"x":0.5,"y":0.5},"meshType":0}],[0],0,[0],[0],[0]],[[{"name":"avarta_3","rect":{"x":862,"y":731,"width":122,"height":126},"offset":{"x":0,"y":0},"originalSize":{"width":122,"height":126},"rotated":true,"capInsets":[0,0,0,0],"packable":true,"pixelsToUnit":100,"pivot":{"x":0.5,"y":0.5},"meshType":0}],[0],0,[0],[0],[0]],[[{"name":"place_u","rect":{"x":766,"y":911,"width":76,"height":80},"offset":{"x":0,"y":0},"originalSize":{"width":76,"height":80},"rotated":false,"capInsets":[0,0,0,0],"packable":true,"pixelsToUnit":100,"pivot":{"x":0.5,"y":0.5},"meshType":0}],[0],0,[0],[0],[0]],[[{"name":"app_icon","rect":{"x":862,"y":599,"width":126,"height":126},"offset":{"x":0,"y":0},"originalSize":{"width":126,"height":126},"rotated":false,"capInsets":[0,0,0,0],"packable":true,"pixelsToUnit":100,"pivot":{"x":0.5,"y":0.5},"meshType":0}],[0],0,[0],[0],[0]],[[{"name":"place_1","rect":{"x":594,"y":911,"width":80,"height":87},"offset":{"x":0,"y":0},"originalSize":{"width":80,"height":87},"rotated":false,"capInsets":[0,0,0,0],"packable":true,"pixelsToUnit":100,"pivot":{"x":0.5,"y":0.5},"meshType":0}],[0],0,[0],[0],[0]],[[{"name":"gold","rect":{"x":3,"y":599,"width":336,"height":441},"offset":{"x":0,"y":0},"originalSize":{"width":336,"height":441},"rotated":true,"capInsets":[0,0,0,0],"packable":true,"pixelsToUnit":100,"pivot":{"x":0.5,"y":0.5},"meshType":0}],[0],0,[0],[0],[0]],[[{"name":"bg_mine","rect":{"x":3,"y":231,"width":986,"height":178},"offset":{"x":0,"y":0},"originalSize":{"width":986,"height":178},"rotated":false,"capInsets":[0,0,0,0],"packable":true,"pixelsToUnit":100,"pivot":{"x":0.5,"y":0.5},"meshType":0}],[0],0,[0],[0],[0]],[[{"name":"score_u","rect":{"x":3,"y":941,"width":197,"height":76},"offset":{"x":0,"y":0},"originalSize":{"width":197,"height":76},"rotated":false,"capInsets":[0,0,0,0],"packable":true,"pixelsToUnit":100,"pivot":{"x":0.5,"y":0.5},"meshType":0}],[0],0,[0],[0],[0]],[[{"name":"star","rect":{"x":502,"y":911,"width":86,"height":86},"offset":{"x":0,"y":0},"originalSize":{"width":86,"height":86},"rotated":false,"capInsets":[0,0,0,0],"packable":true,"pixelsToUnit":100,"pivot":{"x":0.5,"y":0.5},"meshType":0}],[0],0,[0],[0],[0]],[[{"name":"bg","rect":{"x":3,"y":415,"width":986,"height":178},"offset":{"x":0,"y":0},"originalSize":{"width":986,"height":178},"rotated":false,"capInsets":[0,0,0,0],"packable":true,"pixelsToUnit":100,"pivot":{"x":0.5,"y":0.5},"meshType":0}],[0],0,[0],[0],[0]],[[{"name":"silver","rect":{"x":450,"y":599,"width":306,"height":406},"offset":{"x":0,"y":0},"originalSize":{"width":306,"height":406},"rotated":true,"capInsets":[0,0,0,0],"packable":true,"pixelsToUnit":100,"pivot":{"x":0.5,"y":0.5},"meshType":0}],[0],0,[0],[0],[0]],[[{"name":"title","rect":{"x":3,"y":3,"width":939,"height":222},"offset":{"x":0,"y":0},"originalSize":{"width":939,"height":222},"rotated":false,"capInsets":[0,0,0,0],"packable":true,"pixelsToUnit":100,"pivot":{"x":0.5,"y":0.5},"meshType":0}],[0],0,[0],[0],[0]],[[{"name":"score","rect":{"x":206,"y":941,"width":197,"height":76},"offset":{"x":0,"y":0},"originalSize":{"width":197,"height":76},"rotated":false,"capInsets":[0,0,0,0],"packable":true,"pixelsToUnit":100,"pivot":{"x":0.5,"y":0.5},"meshType":0}],[0],0,[0],[0],[0]],[[{"name":"place_mine","rect":{"x":848,"y":911,"width":76,"height":80},"offset":{"x":0,"y":0},"originalSize":{"width":76,"height":80},"rotated":false,"capInsets":[0,0,0,0],"packable":true,"pixelsToUnit":100,"pivot":{"x":0.5,"y":0.5},"meshType":0}],[0],0,[0],[0],[0]],[[{"name":"btn-close","rect":{"x":948,"y":3,"width":71,"height":74},"offset":{"x":0,"y":0},"originalSize":{"width":71,"height":74},"rotated":false,"capInsets":[0,0,0,0],"packable":true,"pixelsToUnit":100,"pivot":{"x":0.5,"y":0.5},"meshType":0}],[0],0,[0],[0],[0]],[[{"name":"place_3","rect":{"x":680,"y":911,"width":80,"height":87},"offset":{"x":0,"y":0},"originalSize":{"width":80,"height":87},"rotated":false,"capInsets":[0,0,0,0],"packable":true,"pixelsToUnit":100,"pivot":{"x":0.5,"y":0.5},"meshType":0}],[0],0,[0],[0],[0]]]]
