[1,0,0,[["cc.JsonAsset",["_name","json"],1]],[[0,0,1,3]],[[0,"level_00033",[{"x":0,"y":0,"type":"1/2","hash":"W29iamVjdCBPYmplY3RdLFtvYmplY3QgT2JqZWN0XSxbb2JqZWN0IE9iamVjdF0sW29iamVjdCBPYmplY3RdLFtvYmplY3QgT2JqZWN0XSxbb2JqZWN0IE9iamVjdF0sW29iamVjdCBPYmplY3RdLFtvYmplY3QgT2JqZWN0XQ==","numOfWins":14,"layers":[{"tiles":[{"x":-2.5,"y":-3,"skinIdx":7,"active":true},{"x":0,"y":-3,"skinIdx":8,"active":true},{"x":2.5,"y":-3,"skinIdx":4,"active":true},{"x":-2.5,"y":0,"skinIdx":0,"active":true},{"x":0,"y":0,"skinIdx":5,"active":true},{"x":2.5,"y":0,"skinIdx":10,"active":true},{"x":-2.5,"y":3,"skinIdx":6,"active":true},{"x":0,"y":3,"skinIdx":5,"active":true},{"x":2.5,"y":3,"skinIdx":8,"active":true}]},{"tiles":[{"x":-3,"y":-3.5,"skinIdx":4,"active":true},{"x":-2,"y":-3.5,"skinIdx":9,"active":true},{"x":-0.5,"y":-3.5,"skinIdx":3,"active":true},{"x":0.5,"y":-3.5,"skinIdx":8,"active":true},{"x":2,"y":-3.5,"skinIdx":7,"active":true},{"x":3,"y":-3.5,"skinIdx":4,"active":true},{"x":-3,"y":-2.5,"skinIdx":9,"active":true},{"x":-2,"y":-2.5,"skinIdx":9,"active":true},{"x":-0.5,"y":-2.5,"skinIdx":7,"active":true},{"x":0.5,"y":-2.5,"skinIdx":8,"active":true},{"x":2,"y":-2.5,"skinIdx":9,"active":true},{"x":3,"y":-2.5,"skinIdx":11,"active":true},{"x":-3,"y":-0.5,"skinIdx":1,"active":true},{"x":-2,"y":-0.5,"skinIdx":4,"active":true},{"x":-0.5,"y":-0.5,"skinIdx":6,"active":true},{"x":0.5,"y":-0.5,"skinIdx":11,"active":true},{"x":2,"y":-0.5,"skinIdx":1,"active":true},{"x":3,"y":-0.5,"skinIdx":0,"active":true},{"x":-3,"y":0.5,"skinIdx":1,"active":true},{"x":-2,"y":0.5,"skinIdx":8,"active":true},{"x":-0.5,"y":0.5,"skinIdx":13,"active":true},{"x":0.5,"y":0.5,"skinIdx":4,"active":true},{"x":2,"y":0.5,"skinIdx":8,"active":true},{"x":3,"y":0.5,"skinIdx":7,"active":true},{"x":-3,"y":2.5,"skinIdx":9,"active":true},{"x":-2,"y":2.5,"skinIdx":7,"active":true},{"x":-0.5,"y":2.5,"skinIdx":5,"active":true},{"x":0.5,"y":2.5,"skinIdx":7,"active":true},{"x":2,"y":2.5,"skinIdx":6,"active":true},{"x":3,"y":2.5,"skinIdx":3,"active":true},{"x":-3,"y":3.5,"skinIdx":13,"active":true},{"x":-2,"y":3.5,"skinIdx":9,"active":true},{"x":-0.5,"y":3.5,"skinIdx":3,"active":true},{"x":0.5,"y":3.5,"skinIdx":11,"active":true},{"x":2,"y":3.5,"skinIdx":13,"active":true},{"x":3,"y":3.5,"skinIdx":4,"active":true}]},{"tiles":[{"x":-2.5,"y":-3,"skinIdx":12,"active":true},{"x":0,"y":-3,"skinIdx":6,"active":true},{"x":2.5,"y":-3,"skinIdx":6,"active":true},{"x":-2.5,"y":0,"skinIdx":12,"active":true},{"x":0,"y":0,"skinIdx":1,"active":true},{"x":2.5,"y":0,"skinIdx":9,"active":true},{"x":-2.5,"y":3,"skinIdx":1,"active":true},{"x":0,"y":3,"skinIdx":12,"active":true},{"x":2.5,"y":3,"skinIdx":6,"active":true}]},{"tiles":[{"x":-3,"y":-3.5,"skinIdx":6,"active":true},{"x":-0.5,"y":-3.5,"skinIdx":11,"active":true},{"x":0.5,"y":-3.5,"skinIdx":10,"active":true},{"x":3,"y":-3.5,"skinIdx":5,"active":true},{"x":-2,"y":-2.5,"skinIdx":3,"active":true},{"x":-0.5,"y":-2.5,"skinIdx":2,"active":true},{"x":0.5,"y":-2.5,"skinIdx":4,"active":true},{"x":2,"y":-2.5,"skinIdx":2,"active":true},{"x":-3,"y":-0.5,"skinIdx":0,"active":true},{"x":-2,"y":-0.5,"skinIdx":5,"active":true},{"x":-0.5,"y":-0.5,"skinIdx":3,"active":true},{"x":0.5,"y":-0.5,"skinIdx":7,"active":true},{"x":2,"y":-0.5,"skinIdx":2,"active":true},{"x":3,"y":-0.5,"skinIdx":13,"active":true},{"x":-3,"y":0.5,"skinIdx":0,"active":true},{"x":-2,"y":0.5,"skinIdx":0,"active":true},{"x":-0.5,"y":0.5,"skinIdx":7,"active":true},{"x":0.5,"y":0.5,"skinIdx":5,"active":true},{"x":2,"y":0.5,"skinIdx":12,"active":true},{"x":3,"y":0.5,"skinIdx":4,"active":true},{"x":-2,"y":2.5,"skinIdx":3,"active":true},{"x":-0.5,"y":2.5,"skinIdx":9,"active":true},{"x":0.5,"y":2.5,"skinIdx":3,"active":true},{"x":2,"y":2.5,"skinIdx":13,"active":true},{"x":-3,"y":3.5,"skinIdx":0,"active":true},{"x":-0.5,"y":3.5,"skinIdx":13,"active":true},{"x":0.5,"y":3.5,"skinIdx":10,"active":true},{"x":3,"y":3.5,"skinIdx":4,"active":true}]},{"tiles":[{"x":0,"y":-3,"skinIdx":8,"active":true},{"x":-2.5,"y":0,"skinIdx":8,"active":true},{"x":0,"y":0,"skinIdx":2,"active":true},{"x":2.5,"y":0,"skinIdx":5,"active":true},{"x":0,"y":3,"skinIdx":8,"active":true}]},{"tiles":[{"x":-0.5,"y":-3.5,"skinIdx":5,"active":true},{"x":0.5,"y":-3.5,"skinIdx":3,"active":true},{"x":-0.5,"y":-2.5,"skinIdx":2,"active":true},{"x":0.5,"y":-2.5,"skinIdx":2,"active":true},{"x":-3,"y":-0.5,"skinIdx":1,"active":true},{"x":-2,"y":-0.5,"skinIdx":0,"active":true},{"x":-0.5,"y":-0.5,"skinIdx":11,"active":true},{"x":0.5,"y":-0.5,"skinIdx":1,"active":true},{"x":2,"y":-0.5,"skinIdx":2,"active":true},{"x":3,"y":-0.5,"skinIdx":1,"active":true},{"x":-3,"y":0.5,"skinIdx":0,"active":true},{"x":-2,"y":0.5,"skinIdx":10,"active":true},{"x":-0.5,"y":0.5,"skinIdx":0,"active":true},{"x":0.5,"y":0.5,"skinIdx":2,"active":true},{"x":2,"y":0.5,"skinIdx":9,"active":true},{"x":3,"y":0.5,"skinIdx":12,"active":true},{"x":-0.5,"y":2.5,"skinIdx":10,"active":true},{"x":0.5,"y":2.5,"skinIdx":11,"active":true},{"x":-0.5,"y":3.5,"skinIdx":3,"active":true},{"x":0.5,"y":3.5,"skinIdx":1,"active":true}]},{"tiles":[{"x":0,"y":-3,"skinIdx":10,"active":true},{"x":0,"y":-0.5,"skinIdx":6,"active":true},{"x":-2.5,"y":0,"skinIdx":6,"active":true},{"x":2.5,"y":0,"skinIdx":7,"active":true},{"x":0,"y":0.5,"skinIdx":12,"active":true},{"x":0,"y":3,"skinIdx":2,"active":true}]},{"tiles":[{"x":0,"y":0,"skinIdx":5,"active":true}]}]}]]],0,0,[],[],[]]
