<?xml version="1.0" encoding="UTF-8"?><font><info face="SFProText-Bold" size="42" bold="0" italic="0" charset="" unicode="1" stretchH="100" smooth="1" aa="1" padding="1,1,1,1" spacing="1,1"/><common lineHeight="42" base="40" scaleW="245" scaleH="245" pages="1" packed="0"/><pages><page id="0" file="sf-pro-bold.png"/></pages><chars count="74"><char id="32" x="0" y="0" width="0" height="0" xoffset="0" yoffset="0" xadvance="11" page="0" chnl="15"/><!--   --><char id="33" x="10" y="40" width="9" height="33" xoffset="3" yoffset="9" xadvance="15" page="0" chnl="15"/><!-- ! --><char id="34" x="221" y="209" width="17" height="15" xoffset="2" yoffset="9" xadvance="21" page="0" chnl="15"/><!-- " --><char id="35" x="26" y="176" width="30" height="32" xoffset="-1" yoffset="9" xadvance="28" page="0" chnl="15"/><!-- # --><char id="37" x="189" y="75" width="35" height="33" xoffset="0" yoffset="9" xadvance="35" page="0" chnl="15"/><!-- % --><char id="39" x="200" y="209" width="8" height="15" xoffset="2" yoffset="9" xadvance="12" page="0" chnl="15"/><!-- ' --><char id="42" x="180" y="209" width="19" height="18" xoffset="1" yoffset="9" xadvance="22" page="0" chnl="15"/><!-- * --><char id="44" x="209" y="209" width="11" height="15" xoffset="1" yoffset="34" xadvance="15" page="0" chnl="15"/><!-- , --><char id="45" x="45" y="235" width="16" height="8" xoffset="2" yoffset="24" xadvance="21" page="0" chnl="15"/><!-- - --><char id="46" x="0" y="235" width="10" height="10" xoffset="2" yoffset="32" xadvance="15" page="0" chnl="15"/><!-- . --><char id="47" x="0" y="0" width="19" height="39" xoffset="-1" yoffset="8" xadvance="17" page="0" chnl="15"/><!-- / --><char id="48" x="53" y="75" width="26" height="33" xoffset="1" yoffset="9" xadvance="29" page="0" chnl="15"/><!-- 0 --><char id="49" x="225" y="75" width="17" height="32" xoffset="1" yoffset="9" xadvance="22" page="0" chnl="15"/><!-- 1 --><char id="50" x="83" y="109" width="25" height="32" xoffset="1" yoffset="9" xadvance="28" page="0" chnl="15"/><!-- 2 --><char id="51" x="20" y="40" width="26" height="33" xoffset="1" yoffset="9" xadvance="29" page="0" chnl="15"/><!-- 3 --><char id="52" x="200" y="143" width="27" height="32" xoffset="1" yoffset="9" xadvance="29" page="0" chnl="15"/><!-- 4 --><char id="53" x="80" y="75" width="25" height="33" xoffset="2" yoffset="9" xadvance="28" page="0" chnl="15"/><!-- 5 --><char id="54" x="106" y="75" width="26" height="33" xoffset="1" yoffset="9" xadvance="29" page="0" chnl="15"/><!-- 6 --><char id="55" x="0" y="176" width="25" height="32" xoffset="0" yoffset="9" xadvance="26" page="0" chnl="15"/><!-- 7 --><char id="56" x="133" y="75" width="27" height="33" xoffset="1" yoffset="9" xadvance="30" page="0" chnl="15"/><!-- 8 --><char id="57" x="161" y="75" width="27" height="33" xoffset="1" yoffset="9" xadvance="29" page="0" chnl="15"/><!-- 9 --><char id="58" x="131" y="176" width="10" height="25" xoffset="2" yoffset="17" xadvance="15" page="0" chnl="15"/><!-- : --><char id="59" x="228" y="143" width="11" height="32" xoffset="1" yoffset="17" xadvance="15" page="0" chnl="15"/><!-- ; --><char id="63" x="31" y="109" width="22" height="33" xoffset="0" yoffset="9" xadvance="24" page="0" chnl="15"/><!-- ? --><char id="65" x="109" y="109" width="30" height="32" xoffset="0" yoffset="9" xadvance="31" page="0" chnl="15"/><!-- A --><char id="66" x="86" y="176" width="26" height="32" xoffset="2" yoffset="9" xadvance="30" page="0" chnl="15"/><!-- B --><char id="67" x="47" y="40" width="29" height="33" xoffset="1" yoffset="9" xadvance="32" page="0" chnl="15"/><!-- C --><char id="68" x="57" y="176" width="28" height="32" xoffset="2" yoffset="9" xadvance="32" page="0" chnl="15"/><!-- D --><char id="69" x="140" y="109" width="23" height="32" xoffset="2" yoffset="9" xadvance="27" page="0" chnl="15"/><!-- E --><char id="70" x="164" y="109" width="22" height="32" xoffset="2" yoffset="9" xadvance="26" page="0" chnl="15"/><!-- F --><char id="71" x="0" y="109" width="30" height="33" xoffset="1" yoffset="9" xadvance="32" page="0" chnl="15"/><!-- G --><char id="72" x="216" y="109" width="29" height="32" xoffset="2" yoffset="9" xadvance="33" page="0" chnl="15"/><!-- H --><char id="73" x="230" y="40" width="9" height="32" xoffset="2" yoffset="9" xadvance="14" page="0" chnl="15"/><!-- I --><char id="75" x="187" y="109" width="28" height="32" xoffset="2" yoffset="9" xadvance="30" page="0" chnl="15"/><!-- K --><char id="76" x="0" y="143" width="22" height="32" xoffset="2" yoffset="9" xadvance="25" page="0" chnl="15"/><!-- L --><char id="77" x="23" y="143" width="34" height="32" xoffset="2" yoffset="9" xadvance="39" page="0" chnl="15"/><!-- M --><char id="78" x="58" y="143" width="28" height="32" xoffset="2" yoffset="9" xadvance="33" page="0" chnl="15"/><!-- N --><char id="79" x="77" y="40" width="31" height="33" xoffset="1" yoffset="9" xadvance="34" page="0" chnl="15"/><!-- O --><char id="80" x="87" y="143" width="26" height="32" xoffset="2" yoffset="9" xadvance="29" page="0" chnl="15"/><!-- P --><char id="81" x="170" y="0" width="31" height="35" xoffset="1" yoffset="9" xadvance="34" page="0" chnl="15"/><!-- Q --><char id="82" x="114" y="143" width="26" height="32" xoffset="2" yoffset="9" xadvance="30" page="0" chnl="15"/><!-- R --><char id="83" x="109" y="40" width="26" height="33" xoffset="1" yoffset="9" xadvance="29" page="0" chnl="15"/><!-- S --><char id="84" x="141" y="143" width="27" height="32" xoffset="0" yoffset="9" xadvance="28" page="0" chnl="15"/><!-- T --><char id="85" x="54" y="109" width="28" height="33" xoffset="2" yoffset="9" xadvance="33" page="0" chnl="15"/><!-- U --><char id="86" x="169" y="143" width="30" height="32" xoffset="0" yoffset="9" xadvance="31" page="0" chnl="15"/><!-- V --><char id="92" x="35" y="0" width="19" height="39" xoffset="-1" yoffset="8" xadvance="17" page="0" chnl="15"/><!-- \ --><char id="93" x="20" y="0" width="14" height="39" xoffset="0" yoffset="8" xadvance="19" page="0" chnl="15"/><!-- ] --><char id="97" x="142" y="176" width="23" height="25" xoffset="0" yoffset="16" xadvance="25" page="0" chnl="15"/><!-- a --><char id="98" x="136" y="40" width="25" height="33" xoffset="2" yoffset="8" xadvance="28" page="0" chnl="15"/><!-- b --><char id="99" x="166" y="176" width="24" height="25" xoffset="0" yoffset="16" xadvance="25" page="0" chnl="15"/><!-- c --><char id="100" x="162" y="40" width="25" height="33" xoffset="1" yoffset="8" xadvance="28" page="0" chnl="15"/><!-- d --><char id="101" x="191" y="176" width="25" height="25" xoffset="0" yoffset="16" xadvance="26" page="0" chnl="15"/><!-- e --><char id="102" x="188" y="40" width="17" height="33" xoffset="0" yoffset="8" xadvance="18" page="0" chnl="15"/><!-- f --><char id="103" x="202" y="0" width="26" height="34" xoffset="0" yoffset="16" xadvance="28" page="0" chnl="15"/><!-- g --><char id="104" x="206" y="40" width="23" height="33" xoffset="2" yoffset="8" xadvance="27" page="0" chnl="15"/><!-- h --><char id="105" x="229" y="0" width="10" height="34" xoffset="1" yoffset="7" xadvance="13" page="0" chnl="15"/><!-- i --><char id="108" x="0" y="40" width="9" height="34" xoffset="2" yoffset="7" xadvance="13" page="0" chnl="15"/><!-- l --><char id="109" x="0" y="209" width="37" height="25" xoffset="1" yoffset="16" xadvance="39" page="0" chnl="15"/><!-- m --><char id="110" x="217" y="176" width="24" height="25" xoffset="1" yoffset="16" xadvance="27" page="0" chnl="15"/><!-- n --><char id="111" x="38" y="209" width="25" height="25" xoffset="1" yoffset="16" xadvance="27" page="0" chnl="15"/><!-- o --><char id="112" x="0" y="75" width="26" height="33" xoffset="1" yoffset="16" xadvance="28" page="0" chnl="15"/><!-- p --><char id="113" x="27" y="75" width="25" height="33" xoffset="1" yoffset="16" xadvance="28" page="0" chnl="15"/><!-- q --><char id="114" x="64" y="209" width="18" height="25" xoffset="1" yoffset="16" xadvance="19" page="0" chnl="15"/><!-- r --><char id="115" x="83" y="209" width="22" height="25" xoffset="1" yoffset="16" xadvance="24" page="0" chnl="15"/><!-- s --><char id="116" x="113" y="176" width="17" height="30" xoffset="0" yoffset="11" xadvance="18" page="0" chnl="15"/><!-- t --><char id="117" x="106" y="209" width="24" height="25" xoffset="1" yoffset="16" xadvance="27" page="0" chnl="15"/><!-- u --><char id="118" x="131" y="209" width="25" height="25" xoffset="0" yoffset="16" xadvance="25" page="0" chnl="15"/><!-- v --><char id="122" x="157" y="209" width="22" height="25" xoffset="1" yoffset="16" xadvance="24" page="0" chnl="15"/><!-- z --><char id="224" x="55" y="0" width="23" height="36" xoffset="0" yoffset="5" xadvance="25" page="0" chnl="15"/><!-- à --><char id="232" x="79" y="0" width="25" height="36" xoffset="0" yoffset="5" xadvance="26" page="0" chnl="15"/><!-- è --><char id="236" x="105" y="0" width="13" height="36" xoffset="-3" yoffset="5" xadvance="13" page="0" chnl="15"/><!-- ì --><char id="242" x="119" y="0" width="25" height="36" xoffset="1" yoffset="5" xadvance="27" page="0" chnl="15"/><!-- ò --><char id="249" x="145" y="0" width="24" height="36" xoffset="1" yoffset="5" xadvance="27" page="0" chnl="15"/><!-- ù --><char id="8230" x="11" y="235" width="33" height="10" xoffset="2" yoffset="32" xadvance="38" page="0" chnl="15"/><!-- … --></chars></font>