[1,["34b9fXhEFLC6bI2bPTwUCZ@6c48a"],["_textureSource"],["cc.SpriteFrame"],0,[{"name":"Awesome","rect":{"x":0,"y":0,"width":516,"height":120},"offset":{"x":0,"y":0},"originalSize":{"width":516,"height":120},"rotated":false,"capInsets":[0,0,0,0],"vertices":{"rawPosition":[-258,-60,0,258,-60,0,-258,60,0,258,60,0],"indexes":[0,1,2,2,1,3],"uv":[0,120,516,120,0,0,516,0],"nuv":[0,0,1,0,0,1,1,1],"minPos":{"x":-258,"y":-60,"z":0},"maxPos":{"x":258,"y":60,"z":0}},"packable":true,"pixelsToUnit":100,"pivot":{"x":0.5,"y":0.5},"meshType":0}],[0],0,[0],[0],[0]]
