[1,["c47nJ8/XdMUp5DfI4W6XOd@6c48a"],["_textureSource"],["cc.SpriteFrame"],0,[{"name":"Great","rect":{"x":0,"y":0,"width":425,"height":119},"offset":{"x":0,"y":0},"originalSize":{"width":425,"height":119},"rotated":false,"capInsets":[0,0,0,0],"vertices":{"rawPosition":[-212.5,-59.5,0,212.5,-59.5,0,-212.5,59.5,0,212.5,59.5,0],"indexes":[0,1,2,2,1,3],"uv":[0,119,425,119,0,0,425,0],"nuv":[0,0,1,0,0,1,1,1],"minPos":{"x":-212.5,"y":-59.5,"z":0},"maxPos":{"x":212.5,"y":59.5,"z":0}},"packable":true,"pixelsToUnit":100,"pivot":{"x":0.5,"y":0.5},"meshType":0}],[0],0,[0],[0],[0]]
