[1,["1b7801977@6c48a"],["_textureSource"],["cc.SpriteFrame"],0,[[[{"name":"box_red","rect":{"x":428,"y":447,"width":113,"height":95},"offset":{"x":0,"y":0},"originalSize":{"width":113,"height":95},"rotated":true,"capInsets":[0,0,0,0],"packable":true,"pixelsToUnit":100,"pivot":{"x":0.5,"y":0.5},"meshType":0}],[0],0,[0],[0],[0]],[[{"name":"score_bg","rect":{"x":222,"y":359,"width":216,"height":70},"offset":{"x":0,"y":0},"originalSize":{"width":216,"height":70},"rotated":false,"capInsets":[0,0,0,0],"packable":true,"pixelsToUnit":100,"pivot":{"x":0.5,"y":0.5},"meshType":0}],[0],0,[0],[0],[0]],[[{"name":"avatar_bg","rect":{"x":367,"y":685,"width":120,"height":120},"offset":{"x":0,"y":0},"originalSize":{"width":120,"height":120},"rotated":false,"capInsets":[0,0,0,0],"packable":true,"pixelsToUnit":100,"pivot":{"x":0.5,"y":0.5},"meshType":0}],[0],0,[0],[0],[0]],[[{"name":"2","rect":{"x":3,"y":955,"width":65,"height":67},"offset":{"x":0,"y":0},"originalSize":{"width":65,"height":67},"rotated":true,"capInsets":[0,0,0,0],"packable":true,"pixelsToUnit":100,"pivot":{"x":0.5,"y":0.5},"meshType":0}],[0],0,[0],[0],[0]],[[{"name":"box_green","rect":{"x":428,"y":566,"width":113,"height":94},"offset":{"x":0,"y":0},"originalSize":{"width":113,"height":94},"rotated":true,"capInsets":[0,0,0,0],"packable":true,"pixelsToUnit":100,"pivot":{"x":0.5,"y":0.5},"meshType":0}],[0],0,[0],[0],[0]],[[{"name":"tab","rect":{"x":222,"y":435,"width":200,"height":200},"offset":{"x":0,"y":0},"originalSize":{"width":200,"height":200},"rotated":false,"capInsets":[40,40,40,50],"packable":true,"pixelsToUnit":100,"pivot":{"x":0.5,"y":0.5},"meshType":0}],[0],0,[0],[0],[0]],[[{"name":"button_detail","rect":{"x":400,"y":811,"width":78,"height":78},"offset":{"x":0,"y":0},"originalSize":{"width":78,"height":78},"rotated":false,"capInsets":[0,0,0,0],"packable":true,"pixelsToUnit":100,"pivot":{"x":0.5,"y":0.5},"meshType":0}],[0],0,[0],[0],[0]],[[{"name":"1","rect":{"x":76,"y":955,"width":65,"height":67},"offset":{"x":0,"y":0},"originalSize":{"width":65,"height":67},"rotated":true,"capInsets":[0,0,0,0],"packable":true,"pixelsToUnit":100,"pivot":{"x":0.5,"y":0.5},"meshType":0}],[0],0,[0],[0],[0]],[[{"name":"avatar","rect":{"x":222,"y":641,"width":139,"height":138},"offset":{"x":0,"y":0},"originalSize":{"width":139,"height":138},"rotated":false,"capInsets":[0,0,0,0],"packable":true,"pixelsToUnit":100,"pivot":{"x":0.5,"y":0.5},"meshType":0}],[0],0,[0],[0],[0]],[[{"name":"place","rect":{"x":444,"y":359,"width":82,"height":82},"offset":{"x":0,"y":0},"originalSize":{"width":82,"height":82},"rotated":false,"capInsets":[0,0,0,0],"packable":true,"pixelsToUnit":100,"pivot":{"x":0.5,"y":0.5},"meshType":0}],[0],0,[0],[0],[0]],[[{"name":"star","rect":{"x":498,"y":3,"width":27,"height":27},"offset":{"x":0,"y":0},"originalSize":{"width":29,"height":29},"rotated":false,"capInsets":[0,0,0,0],"packable":true,"pixelsToUnit":100,"pivot":{"x":0.5,"y":0.5},"meshType":0}],[0],0,[0],[0],[0]],[[{"name":"GoldTiles_icn","rect":{"x":322,"y":885,"width":72,"height":93},"offset":{"x":0,"y":0},"originalSize":{"width":72,"height":93},"rotated":false,"capInsets":[0,0,0,0],"packable":true,"pixelsToUnit":100,"pivot":{"x":0.5,"y":0.5},"meshType":0}],[0],0,[0],[0],[0]],[[{"name":"3","rect":{"x":149,"y":955,"width":63,"height":64},"offset":{"x":0,"y":0},"originalSize":{"width":63,"height":64},"rotated":false,"capInsets":[0,0,0,0],"packable":true,"pixelsToUnit":100,"pivot":{"x":0.5,"y":0.5},"meshType":0}],[0],0,[0],[0],[0]],[[{"name":"box_cyan","rect":{"x":222,"y":785,"width":113,"height":94},"offset":{"x":0,"y":0},"originalSize":{"width":113,"height":94},"rotated":false,"capInsets":[0,0,0,0],"packable":true,"pixelsToUnit":100,"pivot":{"x":0.5,"y":0.5},"meshType":0}],[0],0,[0],[0],[0]],[[{"name":"box_pink","rect":{"x":222,"y":885,"width":113,"height":94},"offset":{"x":0,"y":0},"originalSize":{"width":113,"height":94},"rotated":true,"capInsets":[0,0,0,0],"packable":true,"pixelsToUnit":100,"pivot":{"x":0.5,"y":0.5},"meshType":0}],[0],0,[0],[0],[0]],[[{"name":"button_dlose","rect":{"x":400,"y":895,"width":78,"height":78},"offset":{"x":0,"y":0},"originalSize":{"width":78,"height":78},"rotated":false,"capInsets":[0,0,0,0],"packable":true,"pixelsToUnit":100,"pivot":{"x":0.5,"y":0.5},"meshType":0}],[0],0,[0],[0],[0]],[[{"name":"GoldTiles","rect":{"x":222,"y":3,"width":270,"height":350},"offset":{"x":0,"y":0},"originalSize":{"width":270,"height":350},"rotated":false,"capInsets":[0,0,0,0],"packable":true,"pixelsToUnit":100,"pivot":{"x":0.5,"y":0.5},"meshType":0}],[0],0,[0],[0],[0]],[[{"name":"tab_you","rect":{"x":3,"y":3,"width":946,"height":213},"offset":{"x":0,"y":0},"originalSize":{"width":946,"height":213},"rotated":true,"capInsets":[0,0,0,0],"packable":true,"pixelsToUnit":100,"pivot":{"x":0.5,"y":0.5},"meshType":0}],[0],0,[0],[0],[0]]]]
