{"skeleton":{"hash":"dlpihvGiOxk","spine":"3.8-from-4.0-from-4.1.06","x":-94.57,"y":-3.89,"width":170.15,"height":106.37},"bones":[{"name":"root"},{"name":"[RED] SKELETON CONTROL","parent":"root","x":0.27,"y":0.27,"scaleX":0.2597,"scaleY":0.2597},{"name":"[YELLOW] MOVE_LR","parent":"[RED] SKELETON CONTROL"},{"name":"[YELLOW] HIP","parent":"[YELLOW] MOVE_LR","rotation":3.72,"x":-124.94,"y":226.26},{"name":"torso1","parent":"[YELLOW] HIP","length":128.03,"rotation":-4.13,"x":5.53,"y":1.38},{"name":"torso2","parent":"torso1","length":80.87,"rotation":-33.46,"x":130.85,"y":-0.72},{"name":"neck1","parent":"torso2","length":52.34,"rotation":68.9,"x":85.98,"y":3.94},{"name":"neck2","parent":"neck1","length":57.76,"rotation":30.08,"x":55.35,"y":1.4},{"name":"head","parent":"neck2","length":134.09,"rotation":18.01,"x":61.48,"y":-0.07},{"name":"jaw","parent":"head","length":114.94,"rotation":-103.28,"x":33.24,"y":-27.6},{"name":"eye","parent":"head","x":69.18,"y":-28.79},{"name":"tail","parent":"[YELLOW] HIP","length":26.92,"rotation":-155.64,"x":-6.45,"y":-0.92},{"name":"tail2","parent":"tail","length":27.05,"rotation":-7.51,"x":29.49,"y":-0.58},{"name":"tail3","parent":"tail2","length":24.92,"rotation":-7.99,"x":30.29,"y":-1.45},{"name":"tail4","parent":"tail3","length":24.18,"rotation":-9.39,"x":25.76,"y":-0.42},{"name":"tail5","parent":"tail4","length":20.81,"rotation":-2.97,"x":25.5,"y":-0.72},{"name":"tail6","parent":"tail5","length":22.74,"rotation":-10.49,"x":21.66,"y":-0.36},{"name":"tail7","parent":"tail6","length":23.39,"rotation":-7.31,"x":25.81,"y":-0.75},{"name":"tail8","parent":"tail7","length":21.29,"rotation":-9.18,"x":24.6,"y":0.27},{"name":"tail9","parent":"tail8","length":21.94,"rotation":-6.22,"x":22.33,"y":-0.55},{"name":"tail10","parent":"tail9","length":20.62,"rotation":-13.28,"x":25.09,"y":-0.24},{"name":"front_leg_RIGHT1","parent":"[YELLOW] HIP","length":91.99,"rotation":-73.2,"x":41.04,"y":-5.79},{"name":"front_leg_RIGHT2","parent":"front_leg_RIGHT1","length":80.2,"rotation":-92.4,"x":92.83,"y":-1.55},{"name":"front_leg_RIGHT3","parent":"front_leg_RIGHT2","length":81.19,"rotation":102.69,"x":79.3,"y":1.52},{"name":"front_leg_RIGHT4","parent":"front_leg_RIGHT3","length":43.04,"rotation":40.8,"x":81.94,"y":1.48},{"name":"front_foot_RIGHT","parent":"front_leg_RIGHT4","length":31.33,"rotation":16.02,"x":44.2,"y":0.47},{"name":"front_foot_RIGHT_IK","parent":"[YELLOW] MOVE_LR","x":-56.48,"y":21.48},{"name":"front_leg_RIGHT_IK","parent":"front_foot_RIGHT_IK","x":-79.76,"y":89.73},{"name":"front_arm_RIGHT1","parent":"torso2","length":77.38,"rotation":-76.32,"x":63.76,"y":-24.82},{"name":"front_arm_RIGHT2","parent":"front_arm_RIGHT1","length":54.86,"rotation":29.8,"x":76.55,"y":-0.21},{"name":"back_leg_LEFT1","parent":"[YELLOW] HIP","length":91.99,"rotation":-73.2,"x":104.72,"y":9.08},{"name":"back_leg_LEFT2","parent":"back_leg_LEFT1","length":80.2,"rotation":-92.4,"x":92.83,"y":-1.55},{"name":"back_leg_LEFT3","parent":"back_leg_LEFT2","length":81.19,"rotation":102.69,"x":79.3,"y":1.52},{"name":"back_leg_LEFT4","parent":"back_leg_LEFT3","length":43.04,"rotation":40.8,"x":81.94,"y":1.48},{"name":"back_foot_LEFT","parent":"back_leg_LEFT4","length":31.33,"rotation":16.02,"x":44.2,"y":0.47},{"name":"back_foot_LEFT_IK","parent":"[YELLOW] MOVE_LR","x":7.2,"y":36.35},{"name":"back_leg_LEFT_IK","parent":"back_foot_LEFT_IK","x":-79.76,"y":89.73},{"name":"back_arm_LEFT1","parent":"torso2","length":77.38,"rotation":-76.32,"x":99.01,"y":22.53},{"name":"back_arm_LEFT2","parent":"back_arm_LEFT1","length":55.15,"rotation":30.23,"x":76.38,"y":-0.21},{"name":"shadow","parent":"[YELLOW] MOVE_LR","x":-17.92,"y":23.79,"scaleX":0.933},{"name":"front_arm_RIGHT3","parent":"front_arm_RIGHT2","length":43.67,"rotation":59.07,"x":56.3,"y":0.44},{"name":"back_arm_LEFT3","parent":"back_arm_LEFT2","length":43.57,"rotation":57.77,"x":55.98,"y":1.11}],"slots":[{"name":"shadow","bone":"shadow","attachment":"shadow"},{"name":"back_leg_LEFT","bone":"[YELLOW] MOVE_LR","attachment":"back_leg_LEFT"},{"name":"front_leg_LEFT","bone":"[YELLOW] MOVE_LR","attachment":"front_leg_LEFT"},{"name":"body","bone":"[YELLOW] MOVE_LR","attachment":"body"},{"name":"tongue","bone":"jaw","attachment":"tongue"},{"name":"head","bone":"head","attachment":"head"},{"name":"front_leg_RIGHT","bone":"[YELLOW] MOVE_LR","attachment":"front_leg_RIGHT"},{"name":"back_leg_RIGHT","bone":"[YELLOW] MOVE_LR","attachment":"back_leg_RIGHT"},{"name":"mouth_under","bone":"jaw","attachment":"mouth_under"},{"name":"eye","bone":"eye","attachment":"eye_open"},{"name":"Parasaurolophus mini_2","bone":"root"}],"ik":[{"name":"back_foot_LEFT_IK","order":3,"bones":["back_leg_LEFT3","back_leg_LEFT4"],"target":"back_foot_LEFT_IK"},{"name":"back_leg_LEFT_IK","order":2,"bones":["back_leg_LEFT1","back_leg_LEFT2"],"target":"back_leg_LEFT_IK","bendPositive":false},{"name":"front_foot_RIGHT_IK","order":1,"bones":["front_leg_RIGHT3","front_leg_RIGHT4"],"target":"front_foot_RIGHT_IK","stretch":true},{"name":"front_leg_RIGHT_IK","bones":["front_leg_RIGHT1","front_leg_RIGHT2"],"target":"front_leg_RIGHT_IK","bendPositive":false,"stretch":true}],"skins":[{"name":"default","attachments":{"back_leg_LEFT":{"back_leg_LEFT":{"type":"mesh","uvs":[0.46513,0.00109,0.74477,0,0.88601,0.08516,0.92273,0.22928,0.93402,0.46198,0.88036,0.51753,0.78149,0.57608,0.58942,0.58509,0.37757,0.5956,0.46231,0.68868,0.56965,0.76524,0.81539,0.79076,1,0.8358,0.96792,0.97092,0.70805,0.98143,0.37474,0.9499,0.33238,0.87183,0.24764,0.85232,0.16572,0.72771,0.06686,0.6001,0.04709,0.52504,0.1177,0.49651,0.26741,0.43046,0.47926,0.41394,0.36627,0.35239,0.23634,0.26381,0.22221,0.12269,0.3126,0.03603],"triangles":[14,11,13,13,11,12,15,10,14,14,10,11,15,16,10,10,16,9,16,17,9,17,18,9,18,8,9,18,19,8,19,21,8,19,20,21,21,22,8,8,23,7,8,22,23,7,23,6,6,23,5,5,23,4,23,3,4,0,2,3,3,23,24,0,3,25,0,1,2,25,3,24,27,0,26,0,25,26],"vertices":[1,30,-35.05,-4.03,1,1,30,-24.4,32.19,1,1,30,1.82,44.19,1,1,30,38.29,38.36,1,1,30,95.32,22.73,1,2,30,106.73,11.72,0.51076,31,-13.85,13.34,0.48924,1,31,2.78,24.42,1,1,31,28.46,20.19,1,2,31,56.83,15.67,0.57861,32,18.74,18.81,0.42139,2,32,45,18.23,0.93767,33,-17.02,36.82,0.06233,2,32,68.91,22.28,0.26194,33,3.73,24.26,0.73806,2,33,36.9,30.74,0.42787,34,1.34,31.11,0.57213,1,34,27.34,22.38,1,1,34,26.67,-12.21,1,2,33,41.7,-19.58,0.91984,34,-7.93,-18.58,0.08016,2,32,98.69,-22.51,0.78087,33,-3,-29.1,0.21913,1,32,78.43,-18.57,1,1,32,68.81,-26.5,1,1,32,35.59,-21.93,1,2,31,97.74,6.35,0.27169,32,0.66,-19.05,0.72831,1,31,95.59,-12.78,1,1,31,84.55,-17.43,1,1,31,60.81,-28.66,1,2,30,65.89,-32.51,0.44473,31,32.06,-25.61,0.55527,2,30,46.52,-42.6,0.90308,31,42.95,-44.55,0.09692,1,30,19.91,-52.89,1,1,30,-14.96,-44.35,1,1,30,-41.93,-25.85,1],"hull":28}},"back_leg_RIGHT":{"back_leg_RIGHT":{"type":"mesh","uvs":[0.41874,0,0.6278,0,0.81663,0.02843,0.87395,0.10141,0.91835,0.27648,0.91807,0.47313,0.85659,0.54698,0.7147,0.57632,0.54228,0.58063,0.4004,0.58308,0.36267,0.58644,0.36224,0.59151,0.45108,0.68046,0.55699,0.76356,0.70872,0.79204,1,0.82052,1,0.97894,0.69524,0.97004,0.35467,0.94868,0.33444,0.89706,0.25015,0.84544,0.18084,0.72856,0.10757,0.64347,0.05636,0.584,0.0512,0.52682,0.1017,0.50002,0.27086,0.43609,0.4735,0.4228,0.49822,0.42118,0.50939,0.42104,0.46231,0.39529,0.34773,0.33967,0.22654,0.25093,0.21306,0.11209],"triangles":[18,13,17,17,14,15,17,13,14,18,19,13,19,20,13,20,12,13,20,21,12,21,11,12,21,22,11,11,22,10,10,22,23,26,9,10,10,23,25,23,24,25,9,27,8,27,28,8,28,29,8,10,25,26,9,26,27,8,29,7,7,29,6,6,29,5,5,29,4,29,30,4,4,31,3,4,30,31,3,1,2,1,3,31,0,1,33,1,31,32,1,32,33,17,15,16],"vertices":[1,21,-45.15,-5.84,1,1,21,-36.57,22.58,1,1,21,-21.5,46.04,1,1,21,-0.35,48.16,1,1,21,46.55,40.58,1,1,21,97.18,25.26,1,2,21,113.68,11.16,0.68988,22,-13.57,20.3,0.31012,2,21,115.41,-10.41,0.19961,22,7.9,22.94,0.80039,3,21,109.44,-34.18,0.09945,22,31.91,17.97,0.75932,23,26.47,42.62,0.14123,2,22,51.58,13.6,0.71854,23,17.88,24.39,0.28146,2,22,57,13.15,0.6391,23,16.25,19.2,0.3609,2,22,57.4,14.45,0.53288,23,17.43,18.53,0.46712,1,23,44.48,18.86,1,2,23,71.23,22.07,0.24778,24,5.34,22.59,0.75222,2,25,-9,26.65,0.2218,24,28.19,23.6,0.7782,1,25,32.94,23.42,1,1,25,37.93,-18.9,1,2,25,-5.83,-21.16,0.23861,24,44.44,-21.48,0.76139,2,23,102.48,-26.18,0.92529,24,-2.53,-34.36,0.07471,1,23,88.81,-22.41,1,1,23,71,-26.75,1,1,23,38.52,-21.19,1,2,22,95.9,19,0.35901,23,13.41,-20.03,0.64099,2,22,98.97,1.69,0.60994,23,-4.15,-19.22,0.39006,1,22,95.85,-13.38,1,1,22,87.11,-18.59,1,1,22,59.57,-29.27,1,2,21,65.98,-31.26,0.49832,22,30.81,-25.58,0.50168,2,21,66.57,-27.78,0.39517,22,27.3,-25.13,0.60483,2,21,67,-26.25,0.76304,22,25.76,-24.77,0.23696,2,21,58.43,-30.65,0.76667,22,30.51,-33.14,0.23333,1,21,39.41,-41.9,1,1,21,11.58,-51.47,1,1,21,-24.72,-42.51,1],"hull":34}},"body":{"body":{"type":"mesh","uvs":[0.86105,0.13328,0.88661,0.07655,0.94839,0.04544,1,0.13145,1,0.30347,0.97893,0.38582,0.96614,0.43706,0.95478,0.54869,0.93206,0.70607,0.87553,0.86105,0.78127,1,0.70127,0.98606,0.626,0.95495,0.55286,0.88541,0.4925,0.81038,0.42717,0.73901,0.37463,0.66032,0.33983,0.64019,0.30788,0.62189,0.27308,0.60359,0.24397,0.57431,0.21627,0.55784,0.18361,0.53771,0.15165,0.51209,0.12467,0.48098,0.09982,0.45353,0.07425,0.42974,0.04727,0.3968,0.02526,0.36203,0.00324,0.32177,0,0.22295,0.03449,0.25223,0.06857,0.25406,0.09485,0.25772,0.12183,0.25589,0.15307,0.25772,0.18432,0.24857,0.21414,0.24674,0.2461,0.23759,0.28018,0.22661,0.31285,0.20282,0.34196,0.1772,0.37321,0.14426,0.40658,0.10766,0.44919,0.05093,0.4925,0.01799,0.54363,0.01067,0.60541,0.02348,0.66932,0.04178,0.71761,0.08387,0.75453,0.14792,0.77939,0.23759,0.79998,0.33824,0.81489,0.43157,0.81768,0.45434,0.81915,0.46634,0.82909,0.44621,0.84401,0.35471,0.84827,0.26504],"triangles":[28,31,27,28,29,31,29,30,31,33,26,32,26,27,32,27,31,32,26,33,25,36,23,35,23,24,35,35,24,34,24,25,34,25,33,34,22,23,36,39,20,38,21,22,37,22,36,37,21,37,38,19,20,39,20,21,38,19,39,18,18,39,40,17,41,16,41,42,16,16,42,43,18,40,17,17,40,41,16,43,15,6,58,5,5,58,0,0,1,5,5,1,4,4,1,2,2,3,4,8,55,56,8,56,7,56,57,7,7,57,6,57,58,6,9,10,55,9,55,8,55,10,11,11,12,55,12,54,55,12,53,54,12,52,53,52,13,51,51,13,50,13,52,12,13,49,50,13,48,49,13,47,48,13,14,47,47,14,46,14,15,45,15,44,45,14,45,46,15,43,44],"vertices":[2,7,82.37,46.57,0.07235,8,34.28,37.9,0.92765,1,8,49.69,25.57,1,1,8,63.28,-8.65,1,1,8,49.65,-41.92,1,1,8,11.27,-49.11,1,2,7,65.06,-41.42,0.22725,8,-9.38,-40.43,0.77275,2,7,51.27,-40.43,0.55525,8,-22.18,-35.22,0.44475,2,7,25.84,-46.73,0.93566,8,-48.32,-33.35,0.06434,2,6,71.21,-49.69,0.51342,7,-11.89,-52.16,0.48658,2,6,24.67,-62.57,0.74447,7,-58.61,-39.98,0.25553,2,5,128.78,-54.21,0.82047,6,-38.84,-60.86,0.17953,3,4,161.51,-117.15,0.12318,5,89.76,-80.24,0.78776,6,-77.17,-33.84,0.08906,2,4,117.08,-113.28,0.34403,5,50.56,-101.5,0.65597,4,3,71.36,-104.25,0.09956,4,73.27,-100.62,0.52638,5,7.03,-115.09,0.31597,11,-65.5,111.54,0.05809,4,3,36.05,-87.22,0.18806,4,36.82,-86.17,0.52037,5,-31.34,-123.13,0.10945,11,-32.36,90.59,0.18212,3,3,-2.17,-71.01,0.25629,4,-2.46,-72.76,0.26239,11,3.75,70.12,0.48132,3,3,-32.91,-53.15,0.12596,11,32.25,48.86,0.65179,12,0.13,49.52,0.22225,2,11,51.95,42,0.47372,12,20.17,43.71,0.52628,4,11,70.04,35.73,0.19679,12,38.57,38.41,0.49286,13,5.82,40.29,0.17079,14,-23.36,38.85,0.13957,3,12,58.63,33.02,0.25556,13,26.17,36.14,0.26203,14,-2.73,36.46,0.48241,4,12,75.23,25.34,0.0734,13,43.2,29.49,0.09294,14,14.81,31.3,0.77061,15,-9.84,32.29,0.06306,3,14,31.28,28.96,0.5881,15,6.55,29.52,0.281,16,-18.17,28.14,0.1309,3,14,50.71,26.05,0.17067,15,25.9,26.11,0.22609,16,1.43,26.77,0.60324,2,16,20.83,24.11,0.73766,17,-6.21,24.58,0.26234,3,16,37.56,19.74,0.16029,17,10.71,21.05,0.65348,18,-15.55,19.57,0.18623,2,17,26.25,18.06,0.24489,18,0.18,17.87,0.75511,1,18,16.06,17.08,1,2,18,33.34,14.55,0.4203,19,10.55,15.43,0.5797,2,19,25.28,12.11,0.53833,20,-1.71,12.23,0.46167,1,20,13.94,10.1,1,1,20,26.01,-8.9,1,2,19,28.19,-13.23,0.12229,20,5.05,-12.36,0.87771,2,17,53.76,-22.29,0.13423,19,9.18,-19.26,0.86577,2,17,38.56,-24.75,0.40741,19,-5.64,-23.42,0.59259,2,17,23.23,-28.52,0.69785,19,-20.45,-28.89,0.30215,4,15,47.54,-36.27,0.11669,16,29.5,-32.99,0.14012,17,5.28,-32.01,0.64754,19,-37.89,-34.38,0.09565,3,15,29.42,-39.43,0.42387,16,11.81,-38.04,0.28048,17,-12.13,-37.94,0.29565,4,13,60.65,-44.86,0.06138,15,12.03,-40.89,0.69668,16,-5.33,-41.32,0.15937,17,-29.09,-42.06,0.08256,2,13,41.96,-46.94,0.23991,15,-6.51,-44.09,0.76009,3,12,49.23,-52.14,0.09048,13,22.02,-49.43,0.46556,15,-26.26,-47.77,0.44395,3,12,29.83,-56.36,0.28101,13,2.91,-54.83,0.50198,15,-45.02,-54.3,0.21701,4,4,-61.37,50.85,0.11519,12,12.47,-61.12,0.41001,13,-14.12,-60.65,0.37182,15,-61.67,-61.13,0.10298,3,4,-43.68,59.62,0.29912,12,-6.23,-67.46,0.44677,13,-32.4,-68.13,0.25411,3,4,-24.8,69.31,0.5327,12,-26.23,-74.55,0.33316,13,-51.93,-76.44,0.13414,2,4,-0.87,83.95,0.79702,12,-51.9,-85.87,0.20298,2,4,23.87,93.24,0.88431,12,-77.65,-91.78,0.11569,2,4,53.58,97.05,0.94313,12,-107.61,-91.6,0.05687,1,4,89.84,96.75,1,2,4,127.42,95.3,0.83902,5,-55.8,78.22,0.16098,2,4,156.29,87.8,0.64745,5,-27.59,87.88,0.35255,2,4,178.88,74.86,0.45721,5,-1.6,89.53,0.54279,3,4,194.85,55.6,0.24709,5,22.34,82.27,0.65222,6,50.17,87.58,0.10069,4,4,208.51,33.68,0.07868,5,45.82,71.51,0.62393,6,48.59,61.8,0.19166,7,24.41,55.65,0.10572,3,5,65.65,60.05,0.4204,6,45.03,39.16,0.32538,7,9.99,37.85,0.25423,3,5,70.1,56.95,0.30614,6,43.74,33.9,0.34372,7,6.24,33.94,0.35014,3,5,72.44,55.31,0.23035,6,43.06,31.13,0.34749,7,4.26,31.88,0.42216,3,5,74.26,62.48,0.105,6,50.4,32.01,0.18334,7,11.05,28.96,0.71166,2,7,33.47,31.25,0.89202,8,-16.96,38.45,0.10798,2,7,52.53,38.81,0.5131,8,3.51,39.74,0.4869],"hull":59}},"eye":{"eye_close":{"x":-2.08,"y":-1.22,"rotation":-79.4,"width":43,"height":31},"eye_open":{"x":-1.22,"y":-3.09,"rotation":-79.4,"width":35,"height":28}},"front_leg_LEFT":{"front_leg_LEFT":{"type":"mesh","uvs":[0.31924,0.18205,0.63611,0.08777,0.99058,0.13596,1,0.31195,0.81872,0.42929,0.63783,0.49148,0.50184,0.53824,0.48624,0.59735,0.46425,0.68071,0.5073,0.76622,0.52333,0.79804,0.60574,0.81052,0.97984,0.86718,0.90465,1,0.20645,0.99918,0.11435,0.9308,0.03995,0.87556,0.05607,0.71214,0.02484,0.60943,0,0.52776,0.07475,0.46739,0.23867,0.335],"triangles":[14,15,10,14,10,11,13,11,12,14,11,13,7,18,6,8,18,7,17,18,8,17,8,9,16,17,9,16,9,10,15,16,10,1,3,0,3,1,2,3,21,0,4,21,3,5,21,4,20,21,5,6,20,5,19,20,6,6,18,19],"vertices":[1,37,13.7,-20.83,1,1,37,-11.1,-7.21,1,1,37,-13.28,19.35,1,1,37,15.73,32.94,1,1,37,40.47,29.83,1,1,37,55.84,22.55,1,2,37,67.46,17.21,0.64933,38,1.9,19.36,0.35067,2,37,77.45,20.73,0.11753,38,12.18,16.97,0.88247,1,38,26.81,13.98,1,2,38,42.61,15.3,0.59951,41,4.87,18.88,0.40049,2,38,48.49,15.8,0.24514,41,8.43,14.16,0.75486,1,41,14.68,14.68,1,1,41,43.08,17,1,1,41,48.84,-7.08,1,2,38,82.4,-10.6,0.09136,41,4.18,-28.59,0.90864,2,38,69.31,-15.73,0.42839,41,-7.14,-20.25,0.57161,2,38,58.73,-19.87,0.85317,41,-16.28,-13.52,0.14683,1,38,29.26,-15.53,1,2,37,93.43,-7.99,0.52662,38,10.33,-15.73,0.47338,2,37,80.63,-15.99,0.4239,38,-4.71,-15.66,0.5761,2,37,68.35,-15.76,0.44525,38,-14.95,-8.93,0.55475,1,37,41.48,-14.8,1],"hull":22}},"front_leg_RIGHT":{"front_leg_RIGHT":{"type":"mesh","uvs":[0.35308,0.16177,0.67459,0.09832,0.95827,0.14554,0.99609,0.3108,0.56487,0.50349,0.46716,0.54175,0.44496,0.58878,0.45542,0.7861,0.49043,0.80962,0.58846,0.82282,0.71998,0.84053,1,0.89955,0.89775,1,0.6065,1,0.19759,0.97115,0.16774,0.90693,0.05049,0.87889,0.07697,0.74609,0.06315,0.58775,0.01267,0.52476,0.09794,0.48639,0.27365,0.30638],"triangles":[9,14,15,9,15,8,13,9,10,12,13,10,14,9,13,11,12,10,19,20,5,18,19,5,6,18,5,17,18,6,17,6,7,16,17,7,15,16,7,8,15,7,21,0,3,1,3,0,2,3,1,4,21,3,20,21,4,5,20,4],"vertices":[1,28,9.41,-20.3,1,1,28,-10.39,-4.11,1,1,28,-10.7,17.79,1,1,28,15.71,32.43,1,2,28,59.99,18.55,0.94366,29,-3.69,24.51,0.05634,2,28,68.81,14.98,0.62577,29,1.85,16.77,0.37423,2,28,76.79,17.24,0.11836,29,9.78,14.41,0.88164,1,29,45.56,11.48,1,2,29,50.05,13.52,0.48273,40,8.01,12.08,0.51727,2,29,53.15,20.2,0.11561,40,15.34,12.85,0.88439,1,40,25.16,13.88,1,1,40,47.72,12.56,1,1,40,48.88,-7.08,1,1,40,30.14,-15.82,1,1,40,1.61,-23.35,1,2,29,65.31,-11.09,0.24307,40,-5.25,-13.66,0.75693,2,29,59.38,-18.84,0.69155,40,-14.96,-12.55,0.30845,1,29,35.53,-14.5,1,2,28,88.64,-7.55,0.12998,29,6.55,-12.85,0.87002,2,28,79.6,-15.62,0.08811,29,-5.4,-14.85,0.91189,2,28,70.77,-12.92,0.47812,29,-11.42,-7.84,0.52188,1,28,35.76,-14.79,1],"hull":22}},"head":{"head":{"x":51.99,"y":9.89,"rotation":-79.4,"width":265,"height":124}},"mouth_under":{"mouth_under":{"x":34.11,"y":8.45,"rotation":16.65,"width":132,"height":78}},"shadow":{"shadow":{"x":-2.87,"y":0.21,"width":254,"height":80}},"tongue":{"tongue":{"x":34.68,"y":6.54,"rotation":16.65,"width":126,"height":50}}}}],"events":{"finished_attacking":{}},"animations":{"attack":{"slots":{"eye":{"attachment":[{"time":0.4333,"name":"eye_close"},{"time":0.5667,"name":"eye_open"}]}},"bones":{"[YELLOW] HIP":{"rotate":[{"angle":17.4},{"time":0.3,"angle":8.11},{"time":0.4,"angle":-6.58},{"time":1,"angle":17.4}],"translate":[{"x":-1.04,"y":3.45},{"time":0.3,"x":-69.44,"y":-21.07},{"time":0.4,"x":8.73,"y":-25.86},{"time":0.5,"x":109.47,"y":-19.75},{"time":1,"x":-1.04,"y":3.45}]},"jaw":{"rotate":[{},{"time":0.1,"angle":-7.87},{"time":0.3333,"angle":14.57},{"time":0.4333,"angle":22.25},{"time":0.5333,"angle":12.43},{"time":0.7333,"angle":-6.35},{"time":1}]},"head":{"rotate":[{"angle":-17.51},{"time":0.4,"angle":-63.98},{"time":0.4667,"angle":4.63},{"time":1,"angle":-17.51}]},"tail":{"rotate":[{},{"time":0.5,"angle":-39.63},{"time":0.5667,"angle":-45.08},{"time":0.6667,"angle":-39.63},{"time":1}]},"tail10":{"rotate":[{"time":0.3},{"time":0.8,"angle":-4.56},{"time":1,"angle":-2.95}]},"tail9":{"rotate":[{"time":0.2667},{"time":0.7667,"angle":-4.56},{"time":1,"angle":-2.5}]},"tail8":{"rotate":[{"time":0.2},{"time":0.7,"angle":-4.56},{"time":1,"angle":-1.6}]},"tail7":{"rotate":[{"angle":0.12},{"time":0.1667,"angle":0.12},{"time":0.6667,"angle":-4.43},{"time":1,"angle":-1.07}]},"tail6":{"rotate":[{},{"time":0.5,"angle":-4.56},{"time":1}]},"tail5":{"rotate":[{},{"time":0.5,"angle":-4.56},{"time":1}]},"tail4":{"rotate":[{},{"time":0.5,"angle":-4.56},{"time":1}]},"tail3":{"rotate":[{},{"time":0.5,"angle":-4.56},{"time":1}]},"tail2":{"rotate":[{},{"time":0.5,"angle":-4.56},{"time":1}]},"neck1":{"rotate":[{},{"time":0.4,"angle":-71.2},{"time":0.4667,"angle":-40.46},{"time":1}]},"front_leg_RIGHT_IK":{"translate":[{},{"time":0.5,"x":22.65},{"time":1}]},"front_foot_RIGHT_IK":{"rotate":[{},{"time":0.5,"angle":-4.89},{"time":1}]},"back_leg_LEFT_IK":{"translate":[{},{"time":0.5333,"x":26.3,"y":2.92},{"time":1}]},"front_arm_RIGHT1":{"rotate":[{"angle":32.56},{"time":0.3667,"angle":-22.9},{"time":0.5333,"angle":18.2},{"time":1,"angle":32.56}]},"front_arm_RIGHT2":{"rotate":[{"angle":35.97},{"time":0.3667,"angle":75.65},{"time":0.5333,"angle":27.19},{"time":1,"angle":35.97}]},"front_arm_RIGHT3":{"rotate":[{"angle":-94.04},{"time":0.3667,"angle":-98.68}]},"back_arm_LEFT1":{"rotate":[{"angle":37.69},{"time":0.3333,"angle":-2.09},{"time":0.5333,"angle":26.8},{"time":0.8,"angle":45.32},{"time":1,"angle":37.69}],"translate":[{"x":-26.09,"y":-7.71}]},"back_arm_LEFT2":{"rotate":[{"angle":35.52},{"time":0.3333,"angle":60.11},{"time":0.5333,"angle":22.36},{"time":0.8,"angle":26.99},{"time":1,"angle":35.52}]},"back_arm_LEFT3":{"rotate":[{"angle":-93.65}]},"shadow":{"scale":[{},{"time":0.4,"x":1.389},{"time":1}]}},"events":[{"time":0.4,"name":"finished_attacking"}]},"die":{"slots":{"eye":{"attachment":[{"time":0.2,"name":"eye_close"}]}},"bones":{"[YELLOW] HIP":{"rotate":[{"angle":17.4},{"time":0.1,"angle":22.54},{"time":0.2667,"angle":6.29},{"time":0.4333,"angle":13.17},{"time":0.5333,"angle":7.76,"curve":"stepped"},{"time":0.9,"angle":7.76}],"translate":[{"x":-1.04,"y":3.45},{"time":0.1,"x":-54.5,"y":-7.81},{"time":0.1333,"x":25.23,"y":2.51},{"time":0.2333,"x":142.33,"y":-129.79},{"time":0.4,"x":119.42,"y":-111.12},{"time":0.5,"x":150.81,"y":-129.79}]},"jaw":{"rotate":[{},{"time":0.2333,"angle":17.75},{"time":0.3333,"angle":3.3},{"time":0.4,"angle":14.29}]},"head":{"rotate":[{"angle":-17.51},{"time":0.1333,"angle":-30.27},{"time":0.2333,"angle":49.83}],"translate":[{},{"time":0.2,"x":-12.19,"y":-24.05}]},"tail10":{"rotate":[{},{"time":0.2333,"angle":17.61}]},"tail9":{"rotate":[{},{"time":0.2333,"angle":17.61}]},"tail8":{"rotate":[{},{"time":0.2333,"angle":17.61}]},"tail7":{"rotate":[{"angle":0.12},{"time":0.2333,"angle":17.74}]},"front_foot_RIGHT_IK":{"rotate":[{},{"time":0.2,"angle":-57.29}],"translate":[{},{"time":0.2,"x":-65.71,"y":-3.05}]},"front_leg_RIGHT_IK":{"translate":[{},{"time":0.1,"x":-23.98,"y":-25.94},{"time":0.1667,"x":-7.07,"y":-33.92},{"time":0.2,"x":47.84,"y":-8.11}]},"neck1":{"rotate":[{},{"time":0.2,"angle":-71.11}]},"shadow":{"translate":[{},{"time":0.1667,"x":92.22}],"scale":[{},{"time":0.1667,"x":2.573}]},"front_arm_RIGHT1":{"rotate":[{"angle":32.56},{"time":0.1667,"angle":-33.34},{"time":0.3667,"angle":-63.33}]},"front_arm_RIGHT2":{"rotate":[{"angle":35.97,"curve":"stepped"},{"time":0.2667,"angle":35.97},{"time":0.3667,"angle":6.4}]},"front_arm_RIGHT3":{"rotate":[{"angle":-94.04}]},"back_arm_LEFT1":{"rotate":[{"angle":37.69}],"translate":[{"x":-26.09,"y":-7.71}]},"back_arm_LEFT2":{"rotate":[{"angle":35.52}]},"back_arm_LEFT3":{"rotate":[{"angle":-93.65}]},"back_foot_LEFT_IK":{"translate":[{},{"time":0.2333,"x":-97.55,"y":19.7}]},"back_leg_LEFT_IK":{"translate":[{},{"time":0.1333,"x":46.73,"y":4.28},{"time":0.2333,"x":166.97,"y":-39.4}]}}},"idle":{"slots":{"eye":{"attachment":[{"time":0.5,"name":"eye_close"},{"time":0.6333,"name":"eye_open"}]}},"bones":{"[YELLOW] HIP":{"rotate":[{"angle":17.4},{"time":0.4667,"angle":17.43},{"time":0.9333,"angle":17.4}],"translate":[{"x":-1.04,"y":3.45},{"time":0.4667,"x":-11.69,"y":-12.54},{"time":0.9333,"x":-1.04,"y":3.45}]},"torso1":{"rotate":[{},{"time":0.3,"angle":4.87},{"time":0.5667,"angle":-2.9},{"time":0.9333}]},"jaw":{"rotate":[{},{"time":0.2667,"angle":-5.47},{"time":0.4333,"angle":8.99},{"time":0.6,"angle":-5.47},{"time":0.9333}]},"head":{"rotate":[{"angle":-17.51},{"time":0.4,"angle":-34.17},{"time":0.9333,"angle":-17.51}]},"tail":{"rotate":[{},{"time":0.4667,"angle":7.58},{"time":0.9333}]},"tail10":{"rotate":[{},{"time":0.4667,"angle":17.21},{"time":0.9333}]},"tail9":{"rotate":[{},{"time":0.4667,"angle":14.97},{"time":0.9333}]},"tail8":{"rotate":[{},{"time":0.4667,"angle":17.9},{"time":0.9333}]},"tail7":{"rotate":[{"angle":0.12},{"time":0.1},{"time":0.4667,"angle":6.33},{"time":0.6,"angle":0.86},{"time":0.9333,"angle":0.12}]},"tail6":{"rotate":[{},{"time":0.4667,"angle":10.12},{"time":0.9333}]},"tail5":{"rotate":[{},{"time":0.4667,"angle":10.12},{"time":0.9333}]},"tail4":{"rotate":[{},{"time":0.4667,"angle":3.2},{"time":0.9333}]},"tail3":{"rotate":[{},{"time":0.4667,"angle":3.2},{"time":0.9333}]},"tail2":{"rotate":[{},{"time":0.4667,"angle":3.2},{"time":0.9333}]},"front_arm_RIGHT1":{"rotate":[{"angle":32.56},{"time":0.4667,"angle":8.57},{"time":0.9333,"angle":32.56}]},"front_arm_RIGHT2":{"rotate":[{"angle":35.97},{"time":0.5333,"angle":39.82},{"time":0.9333,"angle":35.97}]},"front_arm_RIGHT3":{"rotate":[{"angle":-94.04},{"time":0.5667,"angle":-106},{"time":0.9333,"angle":-94.04}]},"back_arm_LEFT1":{"rotate":[{"angle":37.69},{"time":0.5667,"angle":15.63},{"time":0.9333,"angle":37.69}],"translate":[{"x":-26.09,"y":-7.71}]},"back_arm_LEFT2":{"rotate":[{"angle":35.52},{"time":0.4667,"angle":29.1},{"time":0.9333,"angle":35.52}]},"back_arm_LEFT3":{"rotate":[{"angle":-93.65},{"time":0.4667,"angle":-100.07},{"time":0.9333,"angle":-93.65}]},"neck1":{"rotate":[{},{"time":0.5667,"angle":1.52},{"time":0.9333}]},"neck2":{"rotate":[{},{"time":0.6,"angle":5.92},{"time":0.9333}]},"shadow":{"scale":[{},{"time":0.5,"x":1.18},{"time":0.9333}]}}},"run":{"slots":{"eye":{"attachment":[{"time":0.4667,"name":"eye_close"},{"time":0.5667,"name":"eye_open"}]}},"bones":{"[YELLOW] HIP":{"rotate":[{"angle":17.4},{"time":0.3,"angle":20.99},{"time":0.5667,"angle":15.82},{"time":0.8333,"angle":17.4}],"translate":[{"x":0.1,"y":5.53},{"time":0.1,"x":8.48,"y":-10.17},{"time":0.3,"x":24.01,"y":21.83},{"time":0.4667,"x":27.85,"y":-37.01},{"time":0.6667,"x":26.73,"y":30.33},{"time":0.8333,"x":0.1,"y":5.53}]},"jaw":{"rotate":[{},{"time":0.1333,"angle":7.25},{"time":0.3667,"angle":-2.12},{"time":0.6,"angle":8.34},{"time":0.8333}]},"head":{"rotate":[{"angle":-17.51},{"time":0.3333,"angle":-3.58},{"time":0.6,"angle":-27.94},{"time":0.8333,"angle":-17.51}]},"tail":{"rotate":[{"time":0.0333},{"time":0.2667,"angle":-24.02},{"time":0.8}]},"tail10":{"rotate":[{"angle":-4.14},{"time":0.2333,"curve":"stepped"},{"time":0.3},{"time":0.5333,"angle":-8.9},{"time":0.8333,"angle":-4.14}]},"tail9":{"rotate":[{"angle":-1.59},{"time":0.1333,"curve":"stepped"},{"time":0.2},{"time":0.4333,"angle":-8.9},{"time":0.8333,"angle":-1.59}]},"tail8":{"rotate":[{"angle":-0.91},{"time":0.1,"curve":"stepped"},{"time":0.1667},{"time":0.4,"angle":-8.9},{"time":0.8333,"angle":-0.91}]},"tail7":{"rotate":[{"angle":-0.33},{"time":0.0667,"angle":0.12,"curve":"stepped"},{"time":0.1333,"angle":0.12},{"time":0.3667,"angle":-8.77},{"time":0.8333,"angle":-0.33}]},"tail6":{"rotate":[{"angle":-0.16},{"time":0.0333,"curve":"stepped"},{"time":0.1},{"time":0.3333,"angle":-8.9},{"time":0.8333,"angle":-0.16}]},"tail5":{"rotate":[{"time":0.0333},{"time":0.2667,"angle":-8.9},{"time":0.8}]},"tail4":{"rotate":[{"time":0.0333},{"time":0.2667,"angle":-8.9},{"time":0.8}]},"tail3":{"rotate":[{"time":0.0333},{"time":0.2667,"angle":-8.9},{"time":0.8}]},"tail2":{"rotate":[{"time":0.0333},{"time":0.2667,"angle":-8.9},{"time":0.8}]},"front_foot_RIGHT_IK":{"rotate":[{"angle":-24.49},{"time":0.1,"angle":-5.58},{"time":0.3,"angle":6.6},{"time":0.4,"angle":-14.09},{"time":0.7,"angle":-10.69},{"time":0.8333,"angle":-24.49}],"translate":[{"x":-68.23,"y":32.45},{"time":0.1,"x":13.6,"y":50.49},{"time":0.3,"x":96.96,"y":61.99},{"time":0.4,"x":115.4,"y":5.18},{"time":0.7,"x":-28.14,"y":11.97},{"time":0.8333,"x":-68.23,"y":32.45}]},"front_leg_RIGHT_IK":{"translate":[{},{"time":0.1,"x":52.62,"y":9.76},{"time":0.3667,"x":-24.26,"y":-34.17},{"time":0.5,"x":-15.53,"y":-25.15},{"time":0.7667,"x":43.77,"y":-2.65},{"time":0.8333}]},"back_foot_LEFT_IK":{"rotate":[{"angle":-1},{"time":0.1,"angle":0.15},{"time":0.3,"angle":-17.12},{"time":0.4,"angle":-30.51},{"time":0.6667,"angle":10.75},{"time":0.8333,"angle":-1}],"translate":[{"x":66.59,"y":2.4},{"time":0.1,"x":-12.21,"y":0.04},{"time":0.3,"x":-106.45,"y":21.84},{"time":0.4,"x":-76.74,"y":42.13},{"time":0.6667,"x":84.47,"y":57.03},{"time":0.8333,"x":66.59,"y":2.4}]},"back_leg_LEFT_IK":{"rotate":[{},{"time":0.8333}],"translate":[{"x":5.54},{"time":0.3,"x":54.69,"y":9.94},{"time":0.4,"x":24.85,"y":9.63},{"time":0.6,"x":-16.52,"y":-18.86},{"time":0.8333,"x":5.54}]},"back_leg_LEFT2":{"translate":[{"time":0.2,"x":2.73,"y":3.67}]},"front_leg_RIGHT2":{"translate":[{"time":0.7333,"x":1.71,"y":-2.15}]},"front_arm_RIGHT1":{"rotate":[{"angle":32.56},{"time":0.2,"angle":42.35},{"time":0.4,"angle":23.45},{"time":0.6,"angle":42.35},{"time":0.8333,"angle":32.56}]},"front_arm_RIGHT2":{"rotate":[{"angle":35.97},{"time":0.5,"angle":51.84},{"time":0.8333,"angle":35.97}]},"front_arm_RIGHT3":{"rotate":[{"angle":-94.04}]},"back_arm_LEFT1":{"rotate":[{"angle":37.69},{"time":0.2,"angle":51.65},{"time":0.4,"angle":27.08},{"time":0.6,"angle":52.13},{"time":0.8333,"angle":37.69}],"translate":[{"x":-26.09,"y":-7.71}]},"back_arm_LEFT2":{"rotate":[{"angle":35.52},{"time":0.4,"angle":31.34},{"time":0.8333,"angle":35.52}]},"back_arm_LEFT3":{"rotate":[{"angle":-93.65}]},"torso1":{"rotate":[{},{"time":0.3667,"angle":2.44},{"time":0.6333,"angle":-4.07},{"time":0.8333}]},"shadow":{"scale":[{},{"time":0.2333,"x":0.786},{"time":0.8333}]}}}}}