<?xml version="1.0" encoding="UTF-8"?><font><info face="LilitaOneRus" size="72" bold="0" italic="0" charset="" unicode="1" stretchH="100" smooth="1" aa="1" padding="1,1,1,1" spacing="1,1"/><common lineHeight="72" base="66" scaleW="545" scaleH="544" pages="1" packed="0"/><pages><page id="0" file="LilitaOne-pt.png"/></pages><chars count="106"><char id="32" x="0" y="0" width="0" height="0" xoffset="0" yoffset="0" xadvance="14" page="0" chnl="15"/><!--   --><char id="33" x="514" y="226" width="22" height="59" xoffset="-1" yoffset="12" xadvance="21" page="0" chnl="15"/><!-- ! --><char id="34" x="122" y="511" width="33" height="28" xoffset="0" yoffset="13" xadvance="34" page="0" chnl="15"/><!-- " --><char id="35" x="206" y="406" width="58" height="57" xoffset="2" yoffset="14" xadvance="60" page="0" chnl="15"/><!-- # --><char id="36" x="502" y="0" width="43" height="73" xoffset="-2" yoffset="6" xadvance="39" page="0" chnl="15"/><!-- $ --><char id="37" x="283" y="165" width="60" height="60" xoffset="-2" yoffset="12" xadvance="58" page="0" chnl="15"/><!-- % --><char id="38" x="386" y="165" width="50" height="60" xoffset="-1" yoffset="12" xadvance="49" page="0" chnl="15"/><!-- & --><char id="39" x="156" y="511" width="19" height="28" xoffset="1" yoffset="13" xadvance="22" page="0" chnl="15"/><!-- ' --><char id="40" x="198" y="91" width="27" height="63" xoffset="2" yoffset="13" xadvance="31" page="0" chnl="15"/><!-- ( --><char id="41" x="226" y="91" width="26" height="63" xoffset="3" yoffset="13" xadvance="31" page="0" chnl="15"/><!-- ) --><char id="42" x="451" y="465" width="37" height="36" xoffset="2" yoffset="13" xadvance="41" page="0" chnl="15"/><!-- * --><char id="43" x="211" y="465" width="46" height="45" xoffset="-2" yoffset="20" xadvance="44" page="0" chnl="15"/><!-- + --><char id="44" x="95" y="511" width="26" height="28" xoffset="-1" yoffset="51" xadvance="22" page="0" chnl="15"/><!-- , --><char id="45" x="248" y="511" width="42" height="16" xoffset="-2" yoffset="41" xadvance="38" page="0" chnl="15"/><!-- - --><char id="46" x="176" y="511" width="23" height="22" xoffset="-3" yoffset="50" xadvance="17" page="0" chnl="15"/><!-- . --><char id="47" x="452" y="0" width="49" height="73" xoffset="-4" yoffset="6" xadvance="42" page="0" chnl="15"/><!-- / --><char id="48" x="317" y="91" width="50" height="60" xoffset="-2" yoffset="12" xadvance="47" page="0" chnl="15"/><!-- 0 --><char id="49" x="430" y="287" width="33" height="58" xoffset="-3" yoffset="13" xadvance="30" page="0" chnl="15"/><!-- 1 --><char id="50" x="86" y="226" width="41" height="59" xoffset="-1" yoffset="12" xadvance="38" page="0" chnl="15"/><!-- 2 --><char id="51" x="368" y="91" width="42" height="60" xoffset="-3" yoffset="12" xadvance="39" page="0" chnl="15"/><!-- 3 --><char id="52" x="128" y="226" width="48" height="59" xoffset="-4" yoffset="12" xadvance="44" page="0" chnl="15"/><!-- 4 --><char id="53" x="177" y="226" width="39" height="59" xoffset="-1" yoffset="13" xadvance="38" page="0" chnl="15"/><!-- 5 --><char id="54" x="411" y="91" width="45" height="60" xoffset="-2" yoffset="12" xadvance="42" page="0" chnl="15"/><!-- 6 --><char id="55" x="464" y="287" width="42" height="58" xoffset="-3" yoffset="13" xadvance="37" page="0" chnl="15"/><!-- 7 --><char id="56" x="457" y="91" width="45" height="60" xoffset="-2" yoffset="12" xadvance="42" page="0" chnl="15"/><!-- 8 --><char id="57" x="0" y="165" width="43" height="60" xoffset="-1" yoffset="12" xadvance="41" page="0" chnl="15"/><!-- 9 --><char id="58" x="188" y="465" width="22" height="45" xoffset="0" yoffset="27" xadvance="20" page="0" chnl="15"/><!-- : --><char id="59" x="299" y="406" width="25" height="52" xoffset="-3" yoffset="27" xadvance="20" page="0" chnl="15"/><!-- ; --><char id="61" x="52" y="511" width="42" height="32" xoffset="0" yoffset="27" xadvance="42" page="0" chnl="15"/><!-- = --><char id="63" x="344" y="165" width="41" height="60" xoffset="0" yoffset="12" xadvance="43" page="0" chnl="15"/><!-- ? --><char id="64" x="253" y="91" width="63" height="62" xoffset="-2" yoffset="15" xadvance="63" page="0" chnl="15"/><!-- @ --><char id="65" x="0" y="347" width="53" height="58" xoffset="-3" yoffset="13" xadvance="48" page="0" chnl="15"/><!-- A --><char id="66" x="54" y="347" width="45" height="58" xoffset="0" yoffset="13" xadvance="43" page="0" chnl="15"/><!-- B --><char id="67" x="133" y="165" width="45" height="60" xoffset="-2" yoffset="12" xadvance="41" page="0" chnl="15"/><!-- C --><char id="68" x="100" y="347" width="48" height="58" xoffset="-1" yoffset="13" xadvance="45" page="0" chnl="15"/><!-- D --><char id="69" x="507" y="287" width="38" height="58" xoffset="-1" yoffset="13" xadvance="36" page="0" chnl="15"/><!-- E --><char id="70" x="0" y="287" width="37" height="59" xoffset="-1" yoffset="13" xadvance="34" page="0" chnl="15"/><!-- F --><char id="71" x="179" y="165" width="48" height="60" xoffset="-2" yoffset="12" xadvance="45" page="0" chnl="15"/><!-- G --><char id="72" x="149" y="347" width="48" height="58" xoffset="-1" yoffset="13" xadvance="47" page="0" chnl="15"/><!-- H --><char id="73" x="198" y="347" width="37" height="58" xoffset="-3" yoffset="13" xadvance="31" page="0" chnl="15"/><!-- I --><char id="74" x="38" y="287" width="39" height="59" xoffset="-4" yoffset="13" xadvance="34" page="0" chnl="15"/><!-- J --><char id="75" x="78" y="287" width="50" height="59" xoffset="-1" yoffset="12" xadvance="45" page="0" chnl="15"/><!-- K --><char id="76" x="129" y="287" width="37" height="59" xoffset="-2" yoffset="12" xadvance="32" page="0" chnl="15"/><!-- L --><char id="77" x="236" y="347" width="67" height="58" xoffset="-1" yoffset="13" xadvance="66" page="0" chnl="15"/><!-- M --><char id="78" x="304" y="347" width="49" height="58" xoffset="-1" yoffset="13" xadvance="47" page="0" chnl="15"/><!-- N --><char id="79" x="228" y="165" width="54" height="60" xoffset="-2" yoffset="12" xadvance="51" page="0" chnl="15"/><!-- O --><char id="80" x="354" y="347" width="44" height="58" xoffset="-1" yoffset="13" xadvance="42" page="0" chnl="15"/><!-- P --><char id="81" x="98" y="91" width="54" height="72" xoffset="-2" yoffset="12" xadvance="51" page="0" chnl="15"/><!-- Q --><char id="82" x="399" y="347" width="46" height="58" xoffset="-1" yoffset="13" xadvance="43" page="0" chnl="15"/><!-- R --><char id="83" x="503" y="91" width="42" height="60" xoffset="-2" yoffset="12" xadvance="39" page="0" chnl="15"/><!-- S --><char id="84" x="446" y="347" width="44" height="58" xoffset="-4" yoffset="13" xadvance="37" page="0" chnl="15"/><!-- T --><char id="85" x="167" y="287" width="49" height="59" xoffset="-2" yoffset="13" xadvance="46" page="0" chnl="15"/><!-- U --><char id="86" x="491" y="347" width="54" height="58" xoffset="-3" yoffset="13" xadvance="48" page="0" chnl="15"/><!-- V --><char id="87" x="217" y="287" width="74" height="59" xoffset="-3" yoffset="12" xadvance="69" page="0" chnl="15"/><!-- W --><char id="88" x="292" y="287" width="56" height="59" xoffset="-3" yoffset="12" xadvance="50" page="0" chnl="15"/><!-- X --><char id="89" x="349" y="287" width="55" height="59" xoffset="-5" yoffset="12" xadvance="45" page="0" chnl="15"/><!-- Y --><char id="90" x="0" y="406" width="44" height="58" xoffset="-1" yoffset="13" xadvance="41" page="0" chnl="15"/><!-- Z --><char id="91" x="0" y="91" width="29" height="73" xoffset="1" yoffset="6" xadvance="28" page="0" chnl="15"/><!-- [ --><char id="93" x="30" y="91" width="28" height="73" xoffset="-2" yoffset="6" xadvance="28" page="0" chnl="15"/><!-- ] --><char id="94" x="0" y="511" width="51" height="33" xoffset="-1" yoffset="13" xadvance="50" page="0" chnl="15"/><!-- ^ --><char id="95" x="200" y="511" width="47" height="17" xoffset="-1" yoffset="65" xadvance="46" page="0" chnl="15"/><!-- _ --><char id="97" x="325" y="406" width="44" height="46" xoffset="-3" yoffset="26" xadvance="38" page="0" chnl="15"/><!-- a --><char id="98" x="44" y="165" width="41" height="60" xoffset="-1" yoffset="12" xadvance="38" page="0" chnl="15"/><!-- b --><char id="99" x="370" y="406" width="37" height="46" xoffset="-3" yoffset="26" xadvance="31" page="0" chnl="15"/><!-- c --><char id="100" x="86" y="165" width="46" height="60" xoffset="-2" yoffset="12" xadvance="41" page="0" chnl="15"/><!-- d --><char id="101" x="408" y="406" width="40" height="46" xoffset="-2" yoffset="26" xadvance="35" page="0" chnl="15"/><!-- e --><char id="102" x="217" y="226" width="36" height="59" xoffset="-3" yoffset="12" xadvance="28" page="0" chnl="15"/><!-- f --><char id="103" x="254" y="226" width="41" height="59" xoffset="-3" yoffset="26" xadvance="38" page="0" chnl="15"/><!-- g --><char id="104" x="296" y="226" width="39" height="59" xoffset="-1" yoffset="12" xadvance="37" page="0" chnl="15"/><!-- h --><char id="105" x="336" y="226" width="22" height="59" xoffset="-1" yoffset="12" xadvance="20" page="0" chnl="15"/><!-- i --><char id="106" x="417" y="0" width="34" height="73" xoffset="-13" yoffset="12" xadvance="20" page="0" chnl="15"/><!-- j --><char id="107" x="359" y="226" width="43" height="59" xoffset="-1" yoffset="12" xadvance="39" page="0" chnl="15"/><!-- k --><char id="108" x="403" y="226" width="22" height="59" xoffset="-1" yoffset="12" xadvance="20" page="0" chnl="15"/><!-- l --><char id="109" x="0" y="465" width="61" height="45" xoffset="-3" yoffset="26" xadvance="57" page="0" chnl="15"/><!-- m --><char id="110" x="62" y="465" width="44" height="45" xoffset="-3" yoffset="26" xadvance="40" page="0" chnl="15"/><!-- n --><char id="111" x="449" y="406" width="42" height="46" xoffset="-3" yoffset="26" xadvance="37" page="0" chnl="15"/><!-- o --><char id="112" x="426" y="226" width="45" height="59" xoffset="-3" yoffset="26" xadvance="40" page="0" chnl="15"/><!-- p --><char id="113" x="472" y="226" width="41" height="59" xoffset="-3" yoffset="26" xadvance="37" page="0" chnl="15"/><!-- q --><char id="114" x="107" y="465" width="35" height="45" xoffset="-3" yoffset="26" xadvance="29" page="0" chnl="15"/><!-- r --><char id="115" x="492" y="406" width="37" height="46" xoffset="-2" yoffset="26" xadvance="33" page="0" chnl="15"/><!-- s --><char id="116" x="265" y="406" width="33" height="52" xoffset="-3" yoffset="19" xadvance="27" page="0" chnl="15"/><!-- t --><char id="117" x="143" y="465" width="44" height="45" xoffset="-2" yoffset="27" xadvance="40" page="0" chnl="15"/><!-- u --><char id="118" x="258" y="465" width="45" height="44" xoffset="-4" yoffset="27" xadvance="38" page="0" chnl="15"/><!-- v --><char id="119" x="304" y="465" width="61" height="44" xoffset="-4" yoffset="27" xadvance="55" page="0" chnl="15"/><!-- w --><char id="120" x="366" y="465" width="46" height="44" xoffset="-3" yoffset="27" xadvance="41" page="0" chnl="15"/><!-- x --><char id="121" x="160" y="406" width="45" height="57" xoffset="-3" yoffset="27" xadvance="39" page="0" chnl="15"/><!-- y --><char id="122" x="413" y="465" width="37" height="44" xoffset="-2" yoffset="27" xadvance="33" page="0" chnl="15"/><!-- z --><char id="123" x="18" y="0" width="26" height="84" xoffset="-2" yoffset="2" xadvance="27" page="0" chnl="15"/><!-- { --><char id="124" x="0" y="0" width="17" height="90" xoffset="14" yoffset="-3" xadvance="46" page="0" chnl="15"/><!-- | --><char id="125" x="45" y="0" width="26" height="84" xoffset="2" yoffset="2" xadvance="27" page="0" chnl="15"/><!-- } --><char id="193" x="122" y="0" width="53" height="75" xoffset="-3" yoffset="-3" xadvance="48" page="0" chnl="15"/><!-- Á --><char id="195" x="286" y="0" width="53" height="74" xoffset="-3" yoffset="-2" xadvance="48" page="0" chnl="15"/><!-- Ã --><char id="199" x="153" y="91" width="44" height="72" xoffset="-3" yoffset="12" xadvance="40" page="0" chnl="15"/><!-- Ç --><char id="201" x="378" y="0" width="38" height="74" xoffset="-1" yoffset="-3" xadvance="36" page="0" chnl="15"/><!-- É --><char id="202" x="59" y="91" width="38" height="73" xoffset="-1" yoffset="-2" xadvance="36" page="0" chnl="15"/><!-- Ê --><char id="205" x="340" y="0" width="37" height="74" xoffset="-3" yoffset="-3" xadvance="32" page="0" chnl="15"/><!-- Í --><char id="211" x="176" y="0" width="54" height="75" xoffset="-2" yoffset="-3" xadvance="51" page="0" chnl="15"/><!-- Ó --><char id="213" x="231" y="0" width="54" height="74" xoffset="-2" yoffset="-2" xadvance="51" page="0" chnl="15"/><!-- Õ --><char id="218" x="72" y="0" width="49" height="75" xoffset="-2" yoffset="-3" xadvance="46" page="0" chnl="15"/><!-- Ú --><char id="225" x="482" y="165" width="44" height="60" xoffset="-3" yoffset="12" xadvance="38" page="0" chnl="15"/><!-- á --><char id="227" x="437" y="165" width="44" height="60" xoffset="-3" yoffset="12" xadvance="38" page="0" chnl="15"/><!-- ã --><char id="231" x="122" y="406" width="37" height="58" xoffset="-3" yoffset="26" xadvance="31" page="0" chnl="15"/><!-- ç --><char id="233" x="45" y="226" width="40" height="60" xoffset="-2" yoffset="12" xadvance="35" page="0" chnl="15"/><!-- é --><char id="237" x="405" y="287" width="24" height="59" xoffset="-3" yoffset="12" xadvance="20" page="0" chnl="15"/><!-- í --><char id="250" x="0" y="226" width="44" height="60" xoffset="-2" yoffset="12" xadvance="40" page="0" chnl="15"/><!-- ú --><char id="8470" x="45" y="406" width="76" height="58" xoffset="-5" yoffset="5" xadvance="69" page="0" chnl="15"/><!-- № --></chars><kernings count="110"><kerning first="102" second="97" amount="-2"/><kerning first="102" second="99" amount="-2"/><kerning first="102" second="100" amount="-1"/><kerning first="102" second="101" amount="-2"/><kerning first="102" second="103" amount="-1"/><kerning first="102" second="111" amount="-2"/><kerning first="102" second="113" amount="-1"/><kerning first="102" second="115" amount="-1"/><kerning first="102" second="116" amount="-2"/><kerning first="102" second="117" amount="-2"/><kerning first="102" second="118" amount="-1"/><kerning first="102" second="119" amount="-1"/><kerning first="102" second="120" amount="-1"/><kerning first="107" second="97" amount="-1"/><kerning first="107" second="99" amount="-1"/><kerning first="107" second="101" amount="-2"/><kerning first="107" second="111" amount="-2"/><kerning first="107" second="113" amount="-2"/><kerning first="107" second="115" amount="-1"/><kerning first="107" second="116" amount="-2"/><kerning first="107" second="118" amount="-1"/><kerning first="107" second="121" amount="-3"/><kerning first="121" second="99" amount="-1"/><kerning first="65" second="118" amount="-1"/><kerning first="65" second="121" amount="-1"/><kerning first="65" second="84" amount="-2"/><kerning first="65" second="86" amount="-3"/><kerning first="65" second="87" amount="-3"/><kerning first="65" second="89" amount="-3"/><kerning first="70" second="97" amount="-3"/><kerning first="70" second="101" amount="-3"/><kerning first="70" second="109" amount="-1"/><kerning first="70" second="110" amount="-1"/><kerning first="70" second="111" amount="-3"/><kerning first="70" second="113" amount="-2"/><kerning first="70" second="114" amount="-2"/><kerning first="70" second="115" amount="-2"/><kerning first="70" second="117" amount="-2"/><kerning first="70" second="120" amount="-3"/><kerning first="70" second="121" amount="-3"/><kerning first="70" second="122" amount="-2"/><kerning first="70" second="65" amount="-3"/><kerning first="75" second="118" amount="-1"/><kerning first="75" second="121" amount="-1"/><kerning first="76" second="84" amount="-3"/><kerning first="76" second="86" amount="-1"/><kerning first="76" second="89" amount="-3"/><kerning first="77" second="89" amount="-1"/><kerning first="80" second="97" amount="-2"/><kerning first="80" second="99" amount="-1"/><kerning first="80" second="101" amount="-1"/><kerning first="80" second="103" amount="-2"/><kerning first="80" second="111" amount="-2"/><kerning first="80" second="113" amount="-2"/><kerning first="80" second="115" amount="-2"/><kerning first="80" second="65" amount="-4"/><kerning first="80" second="74" amount="-3"/><kerning first="80" second="86" amount="-3"/><kerning first="80" second="89" amount="-3"/><kerning first="80" second="90" amount="-1"/><kerning first="81" second="89" amount="-2"/><kerning first="84" second="97" amount="-2"/><kerning first="84" second="99" amount="-3"/><kerning first="84" second="101" amount="-3"/><kerning first="84" second="103" amount="-2"/><kerning first="84" second="109" amount="-1"/><kerning first="84" second="110" amount="-1"/><kerning first="84" second="111" amount="-3"/><kerning first="84" second="113" amount="-3"/><kerning first="84" second="114" amount="-1"/><kerning first="84" second="115" amount="-2"/><kerning first="84" second="117" amount="-3"/><kerning first="84" second="118" amount="-2"/><kerning first="84" second="119" amount="-2"/><kerning first="84" second="121" amount="-1"/><kerning first="84" second="65" amount="-2"/><kerning first="84" second="74" amount="-3"/><kerning first="86" second="97" amount="-3"/><kerning first="86" second="99" amount="-3"/><kerning first="86" second="100" amount="-3"/><kerning first="86" second="101" amount="-3"/><kerning first="86" second="103" amount="-3"/><kerning first="86" second="111" amount="-3"/><kerning first="86" second="113" amount="-3"/><kerning first="86" second="121" amount="-2"/><kerning first="86" second="65" amount="-3"/><kerning first="86" second="74" amount="-1"/><kerning first="87" second="97" amount="-1"/><kerning first="87" second="101" amount="-2"/><kerning first="87" second="65" amount="-3"/><kerning first="87" second="74" amount="-1"/><kerning first="87" second="79" amount="-1"/><kerning first="89" second="97" amount="-2"/><kerning first="89" second="99" amount="-3"/><kerning first="89" second="100" amount="-3"/><kerning first="89" second="101" amount="-3"/><kerning first="89" second="103" amount="-3"/><kerning first="89" second="109" amount="-3"/><kerning first="89" second="110" amount="-3"/><kerning first="89" second="111" amount="-3"/><kerning first="89" second="113" amount="-3"/><kerning first="89" second="114" amount="-2"/><kerning first="89" second="115" amount="-3"/><kerning first="89" second="120" amount="-2"/><kerning first="89" second="121" amount="-3"/><kerning first="89" second="122" amount="-1"/><kerning first="89" second="65" amount="-4"/><kerning first="89" second="74" amount="-3"/><kerning first="89" second="77" amount="-1"/><kerning first="89" second="81" amount="-1"/></kernings></font>