<?xml version="1.0" encoding="UTF-8"?><font><info face="LilitaOneRus" size="72" bold="0" italic="0" charset="" unicode="1" stretchH="100" smooth="1" aa="1" padding="1,1,1,1" spacing="1,1"/><common lineHeight="72" base="66" scaleW="656" scaleH="656" pages="1" packed="0"/><pages><page id="0" file="LilitaOne-ru.png"/></pages><chars count="156"><char id="32" x="0" y="0" width="0" height="0" xoffset="0" yoffset="0" xadvance="14" page="0" chnl="15"/><char id="33" x="454" y="219" width="22" height="59" xoffset="-1" yoffset="12" xadvance="21" page="0" chnl="15"/><char id="34" x="622" y="611" width="32" height="28" xoffset="1" yoffset="13" xadvance="34" page="0" chnl="15"/><char id="35" x="95" y="457" width="57" height="57" xoffset="3" yoffset="14" xadvance="60" page="0" chnl="15"/><char id="36" x="217" y="0" width="43" height="73" xoffset="-2" yoffset="6" xadvance="39" page="0" chnl="15"/><char id="37" x="98" y="158" width="59" height="60" xoffset="-1" yoffset="12" xadvance="58" page="0" chnl="15"/><char id="38" x="199" y="158" width="50" height="60" xoffset="-1" yoffset="12" xadvance="49" page="0" chnl="15"/><char id="39" x="503" y="564" width="19" height="28" xoffset="1" yoffset="13" xadvance="22" page="0" chnl="15"/><char id="40" x="64" y="91" width="26" height="63" xoffset="3" yoffset="13" xadvance="31" page="0" chnl="15"/><char id="41" x="91" y="91" width="26" height="63" xoffset="3" yoffset="13" xadvance="31" page="0" chnl="15"/><char id="42" x="371" y="564" width="37" height="36" xoffset="2" yoffset="13" xadvance="41" page="0" chnl="15"/><char id="43" x="210" y="611" width="45" height="45" xoffset="-1" yoffset="20" xadvance="44" page="0" chnl="15"/><char id="44" x="632" y="516" width="24" height="28" xoffset="0" yoffset="51" xadvance="22" page="0" chnl="15"/><char id="45" x="594" y="564" width="40" height="16" xoffset="-1" yoffset="41" xadvance="38" page="0" chnl="15"/><char id="46" x="523" y="564" width="22" height="22" xoffset="-3" yoffset="50" xadvance="17" page="0" chnl="15"/><char id="47" x="167" y="0" width="49" height="73" xoffset="-4" yoffset="6" xadvance="42" page="0" chnl="15"/><char id="48" x="228" y="91" width="48" height="60" xoffset="-1" yoffset="12" xadvance="47" page="0" chnl="15"/><char id="49" x="488" y="279" width="33" height="58" xoffset="-3" yoffset="13" xadvance="30" page="0" chnl="15"/><char id="50" x="350" y="158" width="41" height="59" xoffset="-1" yoffset="12" xadvance="38" page="0" chnl="15"/><char id="51" x="277" y="91" width="42" height="60" xoffset="-3" yoffset="12" xadvance="39" page="0" chnl="15"/><char id="52" x="392" y="158" width="47" height="59" xoffset="-3" yoffset="12" xadvance="44" page="0" chnl="15"/><char id="53" x="617" y="0" width="39" height="59" xoffset="-1" yoffset="13" xadvance="38" page="0" chnl="15"/><char id="54" x="320" y="91" width="44" height="60" xoffset="-1" yoffset="12" xadvance="42" page="0" chnl="15"/><char id="55" x="522" y="279" width="41" height="58" xoffset="-2" yoffset="13" xadvance="37" page="0" chnl="15"/><char id="56" x="365" y="91" width="45" height="60" xoffset="-2" yoffset="12" xadvance="42" page="0" chnl="15"/><char id="57" x="411" y="91" width="43" height="60" xoffset="-1" yoffset="12" xadvance="41" page="0" chnl="15"/><char id="58" x="187" y="611" width="22" height="45" xoffset="0" yoffset="27" xadvance="20" page="0" chnl="15"/><char id="59" x="396" y="457" width="25" height="52" xoffset="-3" yoffset="27" xadvance="20" page="0" chnl="15"/><char id="61" x="461" y="564" width="41" height="32" xoffset="1" yoffset="27" xadvance="42" page="0" chnl="15"/><char id="63" x="158" y="158" width="40" height="60" xoffset="1" yoffset="12" xadvance="43" page="0" chnl="15"/><char id="64" x="118" y="91" width="62" height="62" xoffset="-1" yoffset="15" xadvance="63" page="0" chnl="15"/><char id="65" x="564" y="279" width="53" height="58" xoffset="-3" yoffset="13" xadvance="48" page="0" chnl="15"/><char id="66" x="0" y="339" width="45" height="58" xoffset="0" yoffset="13" xadvance="43" page="0" chnl="15"/><char id="67" x="542" y="91" width="44" height="60" xoffset="-2" yoffset="12" xadvance="41" page="0" chnl="15"/><char id="68" x="46" y="339" width="46" height="58" xoffset="0" yoffset="13" xadvance="45" page="0" chnl="15"/><char id="69" x="618" y="279" width="37" height="58" xoffset="0" yoffset="13" xadvance="36" page="0" chnl="15"/><char id="70" x="109" y="219" width="37" height="59" xoffset="-1" yoffset="13" xadvance="34" page="0" chnl="15"/><char id="71" x="587" y="91" width="47" height="60" xoffset="-2" yoffset="12" xadvance="45" page="0" chnl="15"/><char id="72" x="93" y="339" width="47" height="58" xoffset="0" yoffset="13" xadvance="47" page="0" chnl="15"/><char id="73" x="141" y="339" width="37" height="58" xoffset="-3" yoffset="13" xadvance="31" page="0" chnl="15"/><char id="74" x="147" y="219" width="38" height="59" xoffset="-3" yoffset="13" xadvance="34" page="0" chnl="15"/><char id="75" x="186" y="219" width="49" height="59" xoffset="0" yoffset="12" xadvance="45" page="0" chnl="15"/><char id="76" x="236" y="219" width="36" height="59" xoffset="-1" yoffset="12" xadvance="32" page="0" chnl="15"/><char id="77" x="179" y="339" width="66" height="58" xoffset="0" yoffset="13" xadvance="66" page="0" chnl="15"/><char id="78" x="246" y="339" width="47" height="58" xoffset="0" yoffset="13" xadvance="47" page="0" chnl="15"/><char id="79" x="0" y="158" width="54" height="60" xoffset="-2" yoffset="12" xadvance="51" page="0" chnl="15"/><char id="80" x="294" y="339" width="43" height="58" xoffset="-1" yoffset="13" xadvance="42" page="0" chnl="15"/><char id="81" x="319" y="0" width="54" height="72" xoffset="-2" yoffset="12" xadvance="51" page="0" chnl="15"/><char id="82" x="338" y="339" width="45" height="58" xoffset="0" yoffset="13" xadvance="43" page="0" chnl="15"/><char id="83" x="55" y="158" width="42" height="60" xoffset="-2" yoffset="12" xadvance="39" page="0" chnl="15"/><char id="84" x="384" y="339" width="44" height="58" xoffset="-4" yoffset="13" xadvance="37" page="0" chnl="15"/><char id="85" x="273" y="219" width="49" height="59" xoffset="-2" yoffset="13" xadvance="46" page="0" chnl="15"/><char id="86" x="429" y="339" width="54" height="58" xoffset="-3" yoffset="13" xadvance="48" page="0" chnl="15"/><char id="87" x="323" y="219" width="74" height="59" xoffset="-3" yoffset="12" xadvance="69" page="0" chnl="15"/><char id="88" x="601" y="158" width="55" height="59" xoffset="-3" yoffset="12" xadvance="50" page="0" chnl="15"/><char id="89" x="398" y="219" width="55" height="59" xoffset="-5" yoffset="12" xadvance="45" page="0" chnl="15"/><char id="90" x="484" y="339" width="44" height="58" xoffset="-1" yoffset="13" xadvance="41" page="0" chnl="15"/><char id="91" x="261" y="0" width="28" height="73" xoffset="2" yoffset="6" xadvance="28" page="0" chnl="15"/><char id="93" x="290" y="0" width="28" height="73" xoffset="-2" yoffset="6" xadvance="28" page="0" chnl="15"/><char id="94" x="409" y="564" width="51" height="33" xoffset="-1" yoffset="13" xadvance="50" page="0" chnl="15"/><char id="95" x="546" y="564" width="47" height="17" xoffset="-1" yoffset="65" xadvance="46" page="0" chnl="15"/><char id="97" x="190" y="516" width="43" height="46" xoffset="-3" yoffset="26" xadvance="38" page="0" chnl="15"/><char id="98" x="455" y="91" width="40" height="60" xoffset="0" yoffset="12" xadvance="38" page="0" chnl="15"/><char id="99" x="234" y="516" width="36" height="46" xoffset="-2" yoffset="26" xadvance="31" page="0" chnl="15"/><char id="100" x="496" y="91" width="45" height="60" xoffset="-2" yoffset="12" xadvance="41" page="0" chnl="15"/><char id="101" x="271" y="516" width="40" height="46" xoffset="-2" yoffset="26" xadvance="35" page="0" chnl="15"/><char id="102" x="440" y="158" width="36" height="59" xoffset="-3" yoffset="12" xadvance="28" page="0" chnl="15"/><char id="103" x="477" y="158" width="40" height="59" xoffset="-2" yoffset="26" xadvance="38" page="0" chnl="15"/><char id="104" x="518" y="158" width="38" height="59" xoffset="-1" yoffset="12" xadvance="37" page="0" chnl="15"/><char id="105" x="635" y="91" width="21" height="59" xoffset="-1" yoffset="12" xadvance="20" page="0" chnl="15"/><char id="106" x="134" y="0" width="32" height="73" xoffset="-12" yoffset="12" xadvance="20" page="0" chnl="15"/><char id="107" x="557" y="158" width="43" height="59" xoffset="-1" yoffset="12" xadvance="39" page="0" chnl="15"/><char id="108" x="0" y="219" width="21" height="59" xoffset="-1" yoffset="12" xadvance="20" page="0" chnl="15"/><char id="109" x="0" y="611" width="61" height="45" xoffset="-3" yoffset="26" xadvance="57" page="0" chnl="15"/><char id="110" x="62" y="611" width="44" height="45" xoffset="-3" yoffset="26" xadvance="40" page="0" chnl="15"/><char id="111" x="312" y="516" width="41" height="46" xoffset="-2" yoffset="26" xadvance="37" page="0" chnl="15"/><char id="112" x="22" y="219" width="45" height="59" xoffset="-3" yoffset="26" xadvance="40" page="0" chnl="15"/><char id="113" x="68" y="219" width="40" height="59" xoffset="-2" yoffset="26" xadvance="37" page="0" chnl="15"/><char id="114" x="107" y="611" width="35" height="45" xoffset="-3" yoffset="26" xadvance="29" page="0" chnl="15"/><char id="115" x="354" y="516" width="37" height="46" xoffset="-2" yoffset="26" xadvance="33" page="0" chnl="15"/><char id="116" x="362" y="457" width="33" height="52" xoffset="-3" yoffset="19" xadvance="27" page="0" chnl="15"/><char id="117" x="143" y="611" width="43" height="45" xoffset="-1" yoffset="27" xadvance="40" page="0" chnl="15"/><char id="118" x="429" y="611" width="45" height="44" xoffset="-4" yoffset="27" xadvance="38" page="0" chnl="15"/><char id="119" x="475" y="611" width="61" height="44" xoffset="-4" yoffset="27" xadvance="55" page="0" chnl="15"/><char id="120" x="537" y="611" width="46" height="44" xoffset="-3" yoffset="27" xadvance="41" page="0" chnl="15"/><char id="121" x="49" y="457" width="45" height="57" xoffset="-3" yoffset="27" xadvance="39" page="0" chnl="15"/><char id="122" x="584" y="611" width="37" height="44" xoffset="-2" yoffset="27" xadvance="33" page="0" chnl="15"/><char id="123" x="18" y="0" width="26" height="84" xoffset="-2" yoffset="2" xadvance="27" page="0" chnl="15"/><char id="124" x="0" y="0" width="17" height="90" xoffset="14" yoffset="-3" xadvance="46" page="0" chnl="15"/><char id="125" x="45" y="0" width="26" height="84" xoffset="2" yoffset="2" xadvance="27" page="0" chnl="15"/><char id="1025" x="426" y="0" width="52" height="68" xoffset="-4" yoffset="-6" xadvance="44" page="0" chnl="15"/><char id="1040" x="529" y="339" width="53" height="58" xoffset="-3" yoffset="13" xadvance="46" page="0" chnl="15"/><char id="1041" x="477" y="219" width="47" height="59" xoffset="-3" yoffset="12" xadvance="41" page="0" chnl="15"/><char id="1042" x="525" y="219" width="44" height="59" xoffset="-3" yoffset="12" xadvance="38" page="0" chnl="15"/><char id="1043" x="0" y="398" width="39" height="58" xoffset="-3" yoffset="12" xadvance="32" page="0" chnl="15"/><char id="1044" x="0" y="91" width="63" height="66" xoffset="-3" yoffset="13" xadvance="57" page="0" chnl="15"/><char id="1045" x="40" y="398" width="37" height="58" xoffset="-3" yoffset="13" xadvance="31" page="0" chnl="15"/><char id="1046" x="570" y="219" width="81" height="59" xoffset="-4" yoffset="13" xadvance="74" page="0" chnl="15"/><char id="1047" x="0" y="279" width="44" height="59" xoffset="-3" yoffset="13" xadvance="38" page="0" chnl="15"/><char id="1048" x="78" y="398" width="50" height="58" xoffset="-3" yoffset="13" xadvance="45" page="0" chnl="15"/><char id="1049" x="374" y="0" width="51" height="71" xoffset="-3" yoffset="0" xadvance="45" page="0" chnl="15"/><char id="1050" x="91" y="279" width="49" height="59" xoffset="-3" yoffset="12" xadvance="42" page="0" chnl="15"/><char id="1051" x="141" y="279" width="57" height="59" xoffset="-3" yoffset="13" xadvance="51" page="0" chnl="15"/><char id="1052" x="129" y="398" width="66" height="58" xoffset="-3" yoffset="13" xadvance="60" page="0" chnl="15"/><char id="1053" x="196" y="398" width="47" height="58" xoffset="-3" yoffset="13" xadvance="41" page="0" chnl="15"/><char id="1054" x="250" y="158" width="54" height="60" xoffset="-3" yoffset="12" xadvance="48" page="0" chnl="15"/><char id="1055" x="244" y="398" width="49" height="58" xoffset="-3" yoffset="13" xadvance="44" page="0" chnl="15"/><char id="1056" x="294" y="398" width="43" height="58" xoffset="-4" yoffset="13" xadvance="37" page="0" chnl="15"/><char id="1057" x="305" y="158" width="44" height="60" xoffset="-3" yoffset="12" xadvance="38" page="0" chnl="15"/><char id="1058" x="338" y="398" width="44" height="58" xoffset="-4" yoffset="13" xadvance="37" page="0" chnl="15"/><char id="1059" x="383" y="398" width="54" height="58" xoffset="-3" yoffset="13" xadvance="48" page="0" chnl="15"/><char id="1060" x="244" y="279" width="65" height="59" xoffset="-3" yoffset="12" xadvance="59" page="0" chnl="15"/><char id="1061" x="310" y="279" width="55" height="59" xoffset="-4" yoffset="12" xadvance="48" page="0" chnl="15"/><char id="1062" x="479" y="0" width="56" height="67" xoffset="-3" yoffset="13" xadvance="51" page="0" chnl="15"/><char id="1063" x="438" y="398" width="47" height="58" xoffset="-3" yoffset="13" xadvance="41" page="0" chnl="15"/><char id="1064" x="583" y="339" width="73" height="58" xoffset="-3" yoffset="13" xadvance="67" page="0" chnl="15"/><char id="1065" x="536" y="0" width="80" height="67" xoffset="-3" yoffset="13" xadvance="74" page="0" chnl="15"/><char id="1066" x="486" y="398" width="53" height="58" xoffset="-3" yoffset="13" xadvance="47" page="0" chnl="15"/><char id="1067" x="540" y="398" width="66" height="58" xoffset="-3" yoffset="13" xadvance="61" page="0" chnl="15"/><char id="1068" x="607" y="398" width="46" height="58" xoffset="-3" yoffset="13" xadvance="40" page="0" chnl="15"/><char id="1069" x="366" y="279" width="45" height="59" xoffset="-3" yoffset="13" xadvance="39" page="0" chnl="15"/><char id="1070" x="412" y="279" width="75" height="59" xoffset="-3" yoffset="13" xadvance="69" page="0" chnl="15"/><char id="1071" x="0" y="457" width="48" height="58" xoffset="-3" yoffset="13" xadvance="42" page="0" chnl="15"/><char id="1072" x="392" y="516" width="43" height="46" xoffset="-3" yoffset="26" xadvance="37" page="0" chnl="15"/><char id="1073" x="181" y="91" width="46" height="61" xoffset="-3" yoffset="11" xadvance="40" page="0" chnl="15"/><char id="1074" x="478" y="457" width="42" height="47" xoffset="-3" yoffset="25" xadvance="37" page="0" chnl="15"/><char id="1075" x="256" y="611" width="32" height="45" xoffset="-3" yoffset="26" xadvance="26" page="0" chnl="15"/><char id="1076" x="422" y="457" width="55" height="52" xoffset="-3" yoffset="26" xadvance="50" page="0" chnl="15"/><char id="1077" x="436" y="516" width="40" height="46" xoffset="-3" yoffset="26" xadvance="34" page="0" chnl="15"/><char id="1078" x="521" y="457" width="69" height="47" xoffset="-3" yoffset="25" xadvance="62" page="0" chnl="15"/><char id="1079" x="0" y="516" width="39" height="47" xoffset="-3" yoffset="25" xadvance="33" page="0" chnl="15"/><char id="1080" x="477" y="516" width="45" height="46" xoffset="-3" yoffset="25" xadvance="39" page="0" chnl="15"/><char id="1081" x="45" y="279" width="45" height="59" xoffset="-3" yoffset="12" xadvance="39" page="0" chnl="15"/><char id="1082" x="40" y="516" width="47" height="47" xoffset="-3" yoffset="25" xadvance="41" page="0" chnl="15"/><char id="1083" x="523" y="516" width="51" height="46" xoffset="-3" yoffset="26" xadvance="45" page="0" chnl="15"/><char id="1084" x="575" y="516" width="56" height="46" xoffset="-3" yoffset="25" xadvance="51" page="0" chnl="15"/><char id="1085" x="0" y="564" width="45" height="46" xoffset="-3" yoffset="25" xadvance="39" page="0" chnl="15"/><char id="1086" x="46" y="564" width="41" height="46" xoffset="-3" yoffset="26" xadvance="36" page="0" chnl="15"/><char id="1087" x="289" y="611" width="44" height="45" xoffset="-3" yoffset="26" xadvance="38" page="0" chnl="15"/><char id="1088" x="199" y="279" width="44" height="59" xoffset="-3" yoffset="26" xadvance="38" page="0" chnl="15"/><char id="1089" x="88" y="564" width="36" height="46" xoffset="-3" yoffset="26" xadvance="30" page="0" chnl="15"/><char id="1090" x="334" y="611" width="44" height="45" xoffset="-3" yoffset="26" xadvance="38" page="0" chnl="15"/><char id="1091" x="153" y="457" width="45" height="57" xoffset="-3" yoffset="27" xadvance="39" page="0" chnl="15"/><char id="1092" x="72" y="0" width="61" height="74" xoffset="-3" yoffset="11" xadvance="56" page="0" chnl="15"/><char id="1093" x="324" y="564" width="46" height="44" xoffset="-3" yoffset="27" xadvance="40" page="0" chnl="15"/><char id="1094" x="238" y="457" width="51" height="53" xoffset="-3" yoffset="25" xadvance="46" page="0" chnl="15"/><char id="1095" x="125" y="564" width="44" height="46" xoffset="-3" yoffset="25" xadvance="39" page="0" chnl="15"/><char id="1096" x="170" y="564" width="65" height="46" xoffset="-3" yoffset="25" xadvance="59" page="0" chnl="15"/><char id="1097" x="290" y="457" width="71" height="53" xoffset="-3" yoffset="25" xadvance="66" page="0" chnl="15"/><char id="1098" x="379" y="611" width="49" height="45" xoffset="-3" yoffset="26" xadvance="43" page="0" chnl="15"/><char id="1099" x="88" y="516" width="62" height="47" xoffset="-3" yoffset="25" xadvance="56" page="0" chnl="15"/><char id="1100" x="236" y="564" width="43" height="46" xoffset="-3" yoffset="25" xadvance="38" page="0" chnl="15"/><char id="1101" x="151" y="516" width="38" height="47" xoffset="-3" yoffset="25" xadvance="32" page="0" chnl="15"/><char id="1102" x="591" y="457" width="65" height="47" xoffset="-3" yoffset="25" xadvance="59" page="0" chnl="15"/><char id="1103" x="280" y="564" width="43" height="46" xoffset="-2" yoffset="25" xadvance="39" page="0" chnl="15"/><char id="1105" x="199" y="457" width="38" height="56" xoffset="-3" yoffset="7" xadvance="32" page="0" chnl="15"/></chars><kernings count="110"><kerning first="102" second="97" amount="-2"/><kerning first="102" second="99" amount="-2"/><kerning first="102" second="100" amount="-1"/><kerning first="102" second="101" amount="-2"/><kerning first="102" second="103" amount="-1"/><kerning first="102" second="111" amount="-2"/><kerning first="102" second="113" amount="-1"/><kerning first="102" second="115" amount="-1"/><kerning first="102" second="116" amount="-2"/><kerning first="102" second="117" amount="-2"/><kerning first="102" second="118" amount="-1"/><kerning first="102" second="119" amount="-1"/><kerning first="102" second="120" amount="-1"/><kerning first="107" second="97" amount="-1"/><kerning first="107" second="99" amount="-1"/><kerning first="107" second="101" amount="-2"/><kerning first="107" second="111" amount="-2"/><kerning first="107" second="113" amount="-2"/><kerning first="107" second="115" amount="-1"/><kerning first="107" second="116" amount="-2"/><kerning first="107" second="118" amount="-1"/><kerning first="107" second="121" amount="-3"/><kerning first="121" second="99" amount="-1"/><kerning first="65" second="118" amount="-1"/><kerning first="65" second="121" amount="-1"/><kerning first="65" second="84" amount="-2"/><kerning first="65" second="86" amount="-3"/><kerning first="65" second="87" amount="-3"/><kerning first="65" second="89" amount="-3"/><kerning first="70" second="97" amount="-3"/><kerning first="70" second="101" amount="-3"/><kerning first="70" second="109" amount="-1"/><kerning first="70" second="110" amount="-1"/><kerning first="70" second="111" amount="-3"/><kerning first="70" second="113" amount="-2"/><kerning first="70" second="114" amount="-2"/><kerning first="70" second="115" amount="-2"/><kerning first="70" second="117" amount="-2"/><kerning first="70" second="120" amount="-3"/><kerning first="70" second="121" amount="-3"/><kerning first="70" second="122" amount="-2"/><kerning first="70" second="65" amount="-3"/><kerning first="75" second="118" amount="-1"/><kerning first="75" second="121" amount="-1"/><kerning first="76" second="84" amount="-3"/><kerning first="76" second="86" amount="-1"/><kerning first="76" second="89" amount="-3"/><kerning first="77" second="89" amount="-1"/><kerning first="80" second="97" amount="-2"/><kerning first="80" second="99" amount="-1"/><kerning first="80" second="101" amount="-1"/><kerning first="80" second="103" amount="-2"/><kerning first="80" second="111" amount="-2"/><kerning first="80" second="113" amount="-2"/><kerning first="80" second="115" amount="-2"/><kerning first="80" second="65" amount="-4"/><kerning first="80" second="74" amount="-3"/><kerning first="80" second="86" amount="-3"/><kerning first="80" second="89" amount="-3"/><kerning first="80" second="90" amount="-1"/><kerning first="81" second="89" amount="-2"/><kerning first="84" second="97" amount="-2"/><kerning first="84" second="99" amount="-3"/><kerning first="84" second="101" amount="-3"/><kerning first="84" second="103" amount="-2"/><kerning first="84" second="109" amount="-1"/><kerning first="84" second="110" amount="-1"/><kerning first="84" second="111" amount="-3"/><kerning first="84" second="113" amount="-3"/><kerning first="84" second="114" amount="-1"/><kerning first="84" second="115" amount="-2"/><kerning first="84" second="117" amount="-3"/><kerning first="84" second="118" amount="-2"/><kerning first="84" second="119" amount="-2"/><kerning first="84" second="121" amount="-1"/><kerning first="84" second="65" amount="-2"/><kerning first="84" second="74" amount="-3"/><kerning first="86" second="97" amount="-3"/><kerning first="86" second="99" amount="-3"/><kerning first="86" second="100" amount="-3"/><kerning first="86" second="101" amount="-3"/><kerning first="86" second="103" amount="-3"/><kerning first="86" second="111" amount="-3"/><kerning first="86" second="113" amount="-3"/><kerning first="86" second="121" amount="-2"/><kerning first="86" second="65" amount="-3"/><kerning first="86" second="74" amount="-1"/><kerning first="87" second="97" amount="-1"/><kerning first="87" second="101" amount="-2"/><kerning first="87" second="65" amount="-3"/><kerning first="87" second="74" amount="-1"/><kerning first="87" second="79" amount="-1"/><kerning first="89" second="97" amount="-2"/><kerning first="89" second="99" amount="-3"/><kerning first="89" second="100" amount="-3"/><kerning first="89" second="101" amount="-3"/><kerning first="89" second="103" amount="-3"/><kerning first="89" second="109" amount="-3"/><kerning first="89" second="110" amount="-3"/><kerning first="89" second="111" amount="-3"/><kerning first="89" second="113" amount="-3"/><kerning first="89" second="114" amount="-2"/><kerning first="89" second="115" amount="-3"/><kerning first="89" second="120" amount="-2"/><kerning first="89" second="121" amount="-3"/><kerning first="89" second="122" amount="-1"/><kerning first="89" second="65" amount="-4"/><kerning first="89" second="74" amount="-3"/><kerning first="89" second="77" amount="-1"/><kerning first="89" second="81" amount="-1"/></kernings></font>