[1,["1f149ca4b@6c48a"],["_textureSource"],["cc.SpriteFrame"],0,[[[{"name":"shield_fx","rect":{"x":137,"y":3,"width":248,"height":247},"offset":{"x":0,"y":0},"originalSize":{"width":248,"height":247},"rotated":true,"capInsets":[0,0,0,0],"packable":true,"pixelsToUnit":100,"pivot":{"x":0.5,"y":0.5},"meshType":0}],[0],0,[0],[0],[0]],[[{"name":"aura-1","rect":{"x":3,"y":3,"width":116,"height":116},"offset":{"x":0,"y":0},"originalSize":{"width":128,"height":128},"rotated":false,"capInsets":[0,0,0,0],"packable":true,"pixelsToUnit":100,"pivot":{"x":0.5,"y":0.5},"meshType":0}],[0],0,[0],[0],[0]],[[{"name":"aura-2","rect":{"x":3,"y":125,"width":128,"height":128},"offset":{"x":0,"y":0},"originalSize":{"width":128,"height":128},"rotated":false,"capInsets":[0,0,0,0],"packable":true,"pixelsToUnit":100,"pivot":{"x":0.5,"y":0.5},"meshType":0}],[0],0,[0],[0],[0]],[[{"name":"badge-claim","rect":{"x":3,"y":259,"width":363,"height":365},"offset":{"x":0,"y":0},"originalSize":{"width":363,"height":365},"rotated":true,"capInsets":[0,0,0,0],"packable":true,"pixelsToUnit":100,"pivot":{"x":0.5,"y":0.5},"meshType":0}],[0],0,[0],[0],[0]]]]
