[1,0,0,[["cc.JsonAsset",["_name","json"],1]],[[0,0,1,3]],[[0,"id",{"text":{"core.nameless":"Tanpa nama","BLANK":"","dh":"%{0}h %{1}j","dhm":"%{0}h %{1}j %{2}m","dhms":"%{0}h %{1}j %{2}m %{3}d","hms":"%{0}j %{1}m %{2}d","hm":"%{0}j %{1}m","ms":"%{0}m %{1}d","h":"%{0}j","m":"%{0}m","s":"%{0}d","vDays":"%{0} hari","matches":"Pertandingan","match":"Pertandingan","score":"Skor","level":"Level","levelV":"Level %{0}","firstTutor1":"Cocokkan dua ubin yang sama","firstTutor2":"Cocokkan ubin atas untuk membuka yang lain","firstTutor3":"Cocokkan ubin samping untuk membuka yang lain","lockedByAboveTiles":"Diblokir oleh ubin di atas","lockedByLeftAndRight":"Diblokir oleh ubin kiri dan kanan","music":"Musik","sound":"Suara","vibrate":"Getar","ON":"AKTIF","OFF":"MATI","NO":"Tidak","YES":"Ya","adsNotComplete":"Maaf, tidak ada hadiah! Anda membatalkan iklan!","loadingAds":"Memuat iklan ...","loading":"Memuat...","load":"Memuat","noAdsError":"Tidak ada iklan untuk ditampilkan!","noReward":"Maaf, tidak ada hadiah!\nKamu membatalkan iklannya!","greatJob":"\nKerja bagus! Istirahat sebentar...","settings":"Pengaturan","highlightFreeTiles":"Sorot Ubin Bebas","theme":"Tema","joinFacebookGroup":"Gabung Grup Facebook","restart":"Mulai ulang","version:V":"Versi: %{0}","join":"Bergabung","tiles":"Ubin","background":"Latar Belakang","confirm":"Konfirmasi","classic":"Klasik","violet":"Ungu","antique":"Antik","simple":"Sederhana","details":"Rincian","removedForVDays":"Iklan pop-up dinonaktifkan selama %{0} hari","removedFor1Day":"Iklan pop-up dinonaktifkan selama 1 hari","purchased":"Dibeli","purchaseFailed":"Gagal membeli","cancelPayment":"Kamu telah membatalkan pembayaran!","paymentError":"Terjadi kesalahan\nsaat pembayaran!\nSilakan coba lagi.","removeAdPolicy":"Jika Anda membeli fitur Tanpa Iklan 30 Hari, Anda akan menikmati pengalaman bermain tanpa iklan selama 30 hari sejak tanggal pembelian. Ini adalah pembelian satu kali dan tidak akan diperbarui secara otomatis. Setelah masa berlaku habis, iklan akan ditampilkan kembali kecuali Anda membeli yang baru. Harap diperhatikan bahwa beberapa promosi dalam game, iklan berhadiah (seperti iklan opsional untuk bonus), atau konten pihak ketiga masih dapat ditampilkan. Dengan membeli, Anda menyetujui syarat ini, dan pengembang berhak mengubah kebijakan ini kapan saja tanpa pemberitahuan sebelumnya.","outOfMoves":"Langkah Habis!","shuffle -1":"Kocok -1","shuffle":"Kocok","useShuffle?":"Gunakan kocokan?","watchVideoShuffle":"Tonton video untuk mendapatkan kocokan.","watchVideoUndo":"Tonton video untuk membatalkan.","watchVideoHint":"Tonton video untuk mendapatkan petunjuk.","getOne":"Dapatkan satu","freeShuffle":"Kocokan Gratis","freeUndo":"Batalkan Gratis","freeHint":"Petunjuk Gratis","collectx2":"Kumpulkan x2","collect":"Kumpulkan","WELLDONE":"SELESAI!","wellDone":"Bagus sekali!","score:":"Skor:","NailedLikeAChamp":"Level itu tidak mudah, tapi kamu berhasil seperti juara!","reachLevelV":"Capai level %{0}","noMatchableTiles":"Tidak ada ubin yang cocok","matchableTilesHighlighted":"Ubin yang cocok disorot","Can'tUndo":"Tidak dapat membatalkan saat ini","findOpponent":"Temukan lawan","back":"Kembali","youWin":"Anda Menang!","youLose":"Anda Kalah!","waitingForOpponent":"Menunggu lawan","newMatch":"Pertandingan baru","Home":"Beranda","lanternChallenge":"Tantangan Lentera","LANTERN_CHALLENGE":"TANTANGAN LENTERA","start":"Mulai","lanternChallengeStart":"Tantangan Lentera telah dimulai! Kumpulkan ubin emas untuk naik level dan dapatkan hadiah!","winLevels":"Menangkan level!","collectLanternTiles":"Kumpulkan ubin lentera!","improveRanking":"Tingkatkan peringkatmu!","tapToContinue":"Ketuk untuk melanjutkan","RANK_#V_REWARD":"HADIAH PERINGKAT #%{0}","you":"Kamu","continue":"Lanjut","tournamentCreateFail":"Ups!\n Kamu tidak dapat membuat\nturnamen sekarang.\n\nSilakan coba lagi nanti.","cannotJoinTournament":"Maaf, Anda tidak dapat bergabung saat ini.","creatingTournament":"Membuat turnamen...","failedToJoinTournament":"Gagal bergabung dengan turnamen","noTournamentAvailable":"Tidak ada turnamen yang tersedia","languages":"Bahasa","winXLevels":"Menangkan %{0} level","useXItems":"Gunakan %{0} item","matchXTiles":"Cocokkan %{0} ubin","stageX":"Tahap %{0}","DailyTask":"Tugas harian","Play":"Mainkan","youNeedToCompleteThePreviousStageFirst.":"Anda harus menyelesaikan tahap sebelumnya terlebih dahulu.","reachComboX":"Raih kombo %{0}","flowerTutor":"Ubin ini disebut Bunga. Dua ubin apa pun bisa dicocokkan!","seasonTutor":"Ubin ini disebut Musim. Dua ubin apa pun bisa dicocokkan!","close":"Tutup","timeHms":"%{0}:%{1}:%{2}","customString":"%{0}","leaderboardEmpty":"Papan peringkat kosong.","WELCOME_BACK":"Selamat datang kembali","playWithFriend":"Bermain dengan teman","playWithFriendStart":"Tantang lawan tangguh","1day":"1 hari","followPage":"Ikuti Halaman","dailyChallenge":"Tantangan Harian","date":"Tanggal","play":"Mainkan","dailyReward":"Hadiah harian","pickDailyGift":"Pilih hadiah harianmu!","congratulations":"Selamat!","Badges":"Lencana","Daily":"Harian","Journey":"Perjalanan","failedToLoadBadge":"Gagal memuat lencana. Silakan coba lagi nanti!","Shop":"Toko","removeAdsFor30Days":"Hapus iklan selama 30 hari","collection":"Koleksi","You have received":"Anda telah menerima","free":"Gratis","exceptional":"Luar Biasa!","dailyQuestCompleted":"Tägliche Aufgabe abgeschlossen!","unClaimedDailyQuestReward":"Nicht abgeholte tägliche Belohnung","xAdsLeftToday":"Sisa %{0} iklan untuk item ini hari ini.","youHaveReachedTheDailyAdLimit":"Anda telah mencapai batas iklan harian.","limitedToXPerDay":"Dibatasi %{0} per hari","1AdLeftToday":"Tersisa 1 iklan untuk item ini hari ini.","nextLevel":"Level selanjutnya","next":"Berikutnya","wonderful":"Luar biasa!","observeCarefully":"Anda mengamati dengan saksama dan meraih kemenangan yang jelas!","poker":"Poker","cherryBlossom":"Festival Bunga Sakura","springDolls":"Boneka Musim Semi","teaCeremony":"Upacara minum teh","impressive":"Mengesankan!","yourJourneyRewardAreEmpty":"Hadiah perjalanan Anda kosong. Mulailah bermain untuk mengumpulkan hadiah!","unlockLvV":"Buka Lv %{0}","completeJourneyText":"Perjalanan ini telah selesai. Perjalanan baru segera hadir.","return":"Kembali","megaBundle":"Paket Mega","superBundle":"Paket Super","50off":"Diskon 50%","flower":"Bunga","youDraw":"Seri!"},"texture":{"image":"image","Combo":"Combo","Amazing":"Amazing","Awesome":"Awesome","Great":"Great","Good":"Good"}}]],0,0,[],[],[]]
