[1,["1547cf1b2@6c48a"],["_textureSource"],["cc.SpriteFrame"],0,[[[{"name":"ic-undo","rect":{"x":736,"y":690,"width":117,"height":129},"offset":{"x":0,"y":0},"originalSize":{"width":117,"height":129},"rotated":false,"capInsets":[0,0,0,0],"packable":true,"pixelsToUnit":100,"pivot":{"x":0.5,"y":0.5},"meshType":0}],[0],0,[0],[0],[0]],[[{"name":"ic-magic-wand","rect":{"x":736,"y":553,"width":126,"height":131},"offset":{"x":0,"y":0},"originalSize":{"width":126,"height":131},"rotated":false,"capInsets":[0,0,0,0],"packable":true,"pixelsToUnit":100,"pivot":{"x":0.5,"y":0.5},"meshType":0}],[0],0,[0],[0],[0]],[[{"name":"ic-shuffle","rect":{"x":268,"y":700,"width":104,"height":135},"offset":{"x":0,"y":0},"originalSize":{"width":104,"height":135},"rotated":false,"capInsets":[0,0,0,0],"packable":true,"pixelsToUnit":100,"pivot":{"x":0.5,"y":0.5},"meshType":0}],[0],0,[0],[0],[0]],[[{"name":"btn-buy","rect":{"x":3,"y":553,"width":394,"height":141},"offset":{"x":0,"y":0},"originalSize":{"width":394,"height":141},"rotated":false,"capInsets":[0,0,0,0],"packable":true,"pixelsToUnit":100,"pivot":{"x":0.5,"y":0.5},"meshType":0}],[0],0,[0],[0],[0]],[[{"name":"ic-sale-off","rect":{"x":3,"y":700,"width":147,"height":149},"offset":{"x":0,"y":0},"originalSize":{"width":147,"height":149},"rotated":true,"capInsets":[0,0,0,0],"packable":true,"pixelsToUnit":100,"pivot":{"x":0.5,"y":0.5},"meshType":0}],[0],0,[0],[0],[0]],[[{"name":"bg-pack-1","rect":{"x":3,"y":3,"width":986,"height":544},"offset":{"x":0,"y":0},"originalSize":{"width":986,"height":544},"rotated":false,"capInsets":[0,0,0,0],"packable":true,"pixelsToUnit":100,"pivot":{"x":0.5,"y":0.5},"meshType":0}],[0],0,[0],[0],[0]],[[{"name":"ic-gem-group","rect":{"x":158,"y":700,"width":146,"height":104},"offset":{"x":0,"y":0},"originalSize":{"width":146,"height":104},"rotated":true,"capInsets":[0,0,0,0],"packable":true,"pixelsToUnit":100,"pivot":{"x":0.5,"y":0.5},"meshType":0}],[0],0,[0],[0],[0]],[[{"name":"btn-close","rect":{"x":868,"y":553,"width":70,"height":74},"offset":{"x":0,"y":0},"originalSize":{"width":70,"height":74},"rotated":true,"capInsets":[0,0,0,0],"packable":true,"pixelsToUnit":100,"pivot":{"x":0.5,"y":0.5},"meshType":0}],[0],0,[0],[0],[0]],[[{"name":"ic-basket-2","rect":{"x":403,"y":553,"width":327,"height":234},"offset":{"x":0,"y":0},"originalSize":{"width":327,"height":234},"rotated":false,"capInsets":[0,0,0,0],"packable":true,"pixelsToUnit":100,"pivot":{"x":0.5,"y":0.5},"meshType":0}],[0],0,[0],[0],[0]],[[{"name":"ic-remove-ad","rect":{"x":859,"y":690,"width":128,"height":128},"offset":{"x":0,"y":0},"originalSize":{"width":128,"height":128},"rotated":false,"capInsets":[0,0,0,0],"packable":true,"pixelsToUnit":100,"pivot":{"x":0.5,"y":0.5},"meshType":0}],[0],0,[0],[0],[0]]]]
