[1,["15ce37dd4@6c48a"],["_textureSource"],["cc.SpriteFrame"],0,[[[{"name":"green-left","rect":{"x":476,"y":193,"width":21,"height":47},"offset":{"x":0,"y":0},"originalSize":{"width":21,"height":47},"rotated":false,"capInsets":[0,0,0,0],"packable":true,"pixelsToUnit":100,"pivot":{"x":0.5,"y":0.5},"meshType":0}],[0],0,[0],[0],[0]],[[{"name":"item-wand","rect":{"x":317,"y":616,"width":127,"height":103},"offset":{"x":0,"y":0},"originalSize":{"width":127,"height":103},"rotated":false,"capInsets":[0,0,0,0],"packable":true,"pixelsToUnit":100,"pivot":{"x":0.5,"y":0.5},"meshType":0}],[0],0,[0],[0],[0]],[[{"name":"base-middle","rect":{"x":920,"y":286,"width":6,"height":67},"offset":{"x":0,"y":0},"originalSize":{"width":6,"height":67},"rotated":true,"capInsets":[0,0,0,0],"packable":true,"pixelsToUnit":100,"pivot":{"x":0.5,"y":0.5},"meshType":0}],[0],0,[0],[0],[0]],[[{"name":"dot-2","rect":{"x":567,"y":616,"width":98,"height":98},"offset":{"x":0,"y":0},"originalSize":{"width":98,"height":98},"rotated":false,"capInsets":[0,0,0,0],"packable":true,"pixelsToUnit":100,"pivot":{"x":0.5,"y":0.5},"meshType":0}],[0],0,[0],[0],[0]],[[{"name":"icon-collect-tile","rect":{"x":302,"y":120,"width":155,"height":145},"offset":{"x":0,"y":0},"originalSize":{"width":155,"height":145},"rotated":false,"capInsets":[0,0,0,0],"packable":true,"pixelsToUnit":100,"pivot":{"x":0.5,"y":0.5},"meshType":0}],[0],0,[0],[0],[0]],[[{"name":"btn-green","rect":{"x":302,"y":3,"width":214,"height":111},"offset":{"x":0,"y":0},"originalSize":{"width":214,"height":111},"rotated":false,"capInsets":[0,0,0,0],"packable":true,"pixelsToUnit":100,"pivot":{"x":0.5,"y":0.5},"meshType":0}],[0],0,[0],[0],[0]],[[{"name":"green-left","rect":{"x":684,"y":119,"width":27,"height":48},"offset":{"x":0,"y":0},"originalSize":{"width":27,"height":48},"rotated":false,"capInsets":[0,0,0,0],"packable":true,"pixelsToUnit":100,"pivot":{"x":0.5,"y":0.5},"meshType":0}],[0],0,[0],[0],[0]],[[{"name":"green-middle","rect":{"x":684,"y":173,"width":7,"height":47},"offset":{"x":0,"y":0},"originalSize":{"width":7,"height":47},"rotated":true,"capInsets":[0,0,0,0],"packable":true,"pixelsToUnit":100,"pivot":{"x":0.5,"y":0.5},"meshType":0}],[0],0,[0],[0],[0]],[[{"name":"roll-bar","rect":{"x":3,"y":304,"width":944,"height":150},"offset":{"x":0,"y":0},"originalSize":{"width":944,"height":150},"rotated":false,"capInsets":[0,0,0,0],"packable":true,"pixelsToUnit":100,"pivot":{"x":0.5,"y":0.5},"meshType":0}],[0],0,[0],[0],[0]],[[{"name":"btn-blue","rect":{"x":522,"y":3,"width":214,"height":110},"offset":{"x":0,"y":0},"originalSize":{"width":214,"height":110},"rotated":false,"capInsets":[0,0,0,0],"packable":true,"pixelsToUnit":100,"pivot":{"x":0.5,"y":0.5},"meshType":0}],[0],0,[0],[0],[0]],[[{"name":"roll-bar-unactive","rect":{"x":3,"y":460,"width":944,"height":150},"offset":{"x":0,"y":0},"originalSize":{"width":944,"height":150},"rotated":false,"capInsets":[0,0,0,0],"packable":true,"pixelsToUnit":100,"pivot":{"x":0.5,"y":0.5},"meshType":0}],[0],0,[0],[0],[0]],[[{"name":"icon-pass-level","rect":{"x":3,"y":616,"width":153,"height":154},"offset":{"x":0,"y":0},"originalSize":{"width":153,"height":154},"rotated":true,"capInsets":[0,0,0,0],"packable":true,"pixelsToUnit":100,"pivot":{"x":0.5,"y":0.5},"meshType":0}],[0],0,[0],[0],[0]],[[{"name":"box-blue","rect":{"x":742,"y":3,"width":181,"height":178},"offset":{"x":0,"y":0},"originalSize":{"width":181,"height":178},"rotated":true,"capInsets":[0,0,0,0],"packable":true,"pixelsToUnit":100,"pivot":{"x":0.5,"y":0.5},"meshType":0}],[0],0,[0],[0],[0]],[[{"name":"base-left","rect":{"x":463,"y":120,"width":35,"height":67},"offset":{"x":0,"y":0},"originalSize":{"width":35,"height":67},"rotated":false,"capInsets":[0,0,0,0],"packable":true,"pixelsToUnit":100,"pivot":{"x":0.5,"y":0.5},"meshType":0}],[0],0,[0],[0],[0]],[[{"name":"time-base","rect":{"x":926,"y":3,"width":211,"height":67},"offset":{"x":0,"y":0},"originalSize":{"width":211,"height":67},"rotated":true,"capInsets":[0,0,0,0],"packable":true,"pixelsToUnit":100,"pivot":{"x":0.5,"y":0.5},"meshType":0}],[0],0,[0],[0],[0]],[[{"name":"box-effect","rect":{"x":3,"y":3,"width":293,"height":295},"offset":{"x":0,"y":0},"originalSize":{"width":293,"height":295},"rotated":false,"capInsets":[0,0,0,0],"packable":true,"pixelsToUnit":100,"pivot":{"x":0.5,"y":0.5},"meshType":0}],[0],0,[0],[0],[0]],[[{"name":"badge","rect":{"x":953,"y":298,"width":61,"height":64},"offset":{"x":0,"y":0},"originalSize":{"width":61,"height":64},"rotated":false,"capInsets":[0,0,0,0],"packable":true,"pixelsToUnit":100,"pivot":{"x":0.5,"y":0.5},"meshType":0}],[0],0,[0],[0],[0]],[[{"name":"dot-1","rect":{"x":450,"y":711,"width":90,"height":90},"offset":{"x":0,"y":0},"originalSize":{"width":90,"height":90},"rotated":false,"capInsets":[0,0,0,0],"packable":true,"pixelsToUnit":100,"pivot":{"x":0.5,"y":0.5},"meshType":0}],[0],0,[0],[0],[0]],[[{"name":"star-wins","rect":{"x":522,"y":119,"width":156,"height":156},"offset":{"x":0,"y":0},"originalSize":{"width":156,"height":156},"rotated":false,"capInsets":[0,0,0,0],"packable":true,"pixelsToUnit":100,"pivot":{"x":0.5,"y":0.5},"meshType":0}],[0],0,[0],[0],[0]],[[{"name":"base-middle","rect":{"x":463,"y":193,"width":7,"height":53},"offset":{"x":0,"y":0},"originalSize":{"width":7,"height":53},"rotated":false,"capInsets":[0,0,0,0],"packable":true,"pixelsToUnit":100,"pivot":{"x":0.5,"y":0.5},"meshType":0}],[0],0,[0],[0],[0]],[[{"name":"check","rect":{"x":450,"y":616,"width":111,"height":89},"offset":{"x":0,"y":0},"originalSize":{"width":111,"height":89},"rotated":false,"capInsets":[0,0,0,0],"packable":true,"pixelsToUnit":100,"pivot":{"x":0.5,"y":0.5},"meshType":0}],[0],0,[0],[0],[0]],[[{"name":"green-middle","rect":{"x":717,"y":119,"width":6,"height":48},"offset":{"x":0,"y":0},"originalSize":{"width":6,"height":48},"rotated":false,"capInsets":[0,0,0,0],"packable":true,"pixelsToUnit":100,"pivot":{"x":0.5,"y":0.5},"meshType":0}],[0],0,[0],[0],[0]],[[{"name":"icon-use-booster","rect":{"x":163,"y":616,"width":148,"height":146},"offset":{"x":0,"y":0},"originalSize":{"width":148,"height":146},"rotated":false,"capInsets":[0,0,0,0],"packable":true,"pixelsToUnit":100,"pivot":{"x":0.5,"y":0.5},"meshType":0}],[0],0,[0],[0],[0]],[[{"name":"item-back","rect":{"x":684,"y":190,"width":128,"height":98},"offset":{"x":0,"y":0},"originalSize":{"width":128,"height":98},"rotated":false,"capInsets":[0,0,0,0],"packable":true,"pixelsToUnit":100,"pivot":{"x":0.5,"y":0.5},"meshType":0}],[0],0,[0],[0],[0]],[[{"name":"base-left","rect":{"x":992,"y":220,"width":22,"height":53},"offset":{"x":0,"y":0},"originalSize":{"width":22,"height":53},"rotated":false,"capInsets":[0,0,0,0],"packable":true,"pixelsToUnit":100,"pivot":{"x":0.5,"y":0.5},"meshType":0}],[0],0,[0],[0],[0]],[[{"name":"sparkle","rect":{"x":463,"y":252,"width":24,"height":32},"offset":{"x":0,"y":0},"originalSize":{"width":24,"height":32},"rotated":true,"capInsets":[0,0,0,0],"packable":true,"pixelsToUnit":100,"pivot":{"x":0.5,"y":0.5},"meshType":0}],[0],0,[0],[0],[0]],[[{"name":"btn-x","rect":{"x":920,"y":220,"width":60,"height":66},"offset":{"x":0,"y":0},"originalSize":{"width":60,"height":66},"rotated":true,"capInsets":[0,0,0,0],"packable":true,"pixelsToUnit":100,"pivot":{"x":0.5,"y":0.5},"meshType":0}],[0],0,[0],[0],[0]],[[{"name":"item-shuffle","rect":{"x":818,"y":190,"width":96,"height":107},"offset":{"x":0,"y":0},"originalSize":{"width":96,"height":107},"rotated":false,"capInsets":[0,0,0,0],"packable":true,"pixelsToUnit":100,"pivot":{"x":0.5,"y":0.5},"meshType":0}],[0],0,[0],[0],[0]]]]
