[1,["acVPBtxOJNibCvIAt2fEt4@6c48a"],["_textureSource"],["cc.SpriteFrame"],0,[{"name":"Amazing","rect":{"x":0,"y":0,"width":495,"height":153},"offset":{"x":0,"y":0},"originalSize":{"width":495,"height":153},"rotated":false,"capInsets":[0,0,0,0],"vertices":{"rawPosition":[-247.5,-76.5,0,247.5,-76.5,0,-247.5,76.5,0,247.5,76.5,0],"indexes":[0,1,2,2,1,3],"uv":[0,153,495,153,0,0,495,0],"nuv":[0,0,1,0,0,1,1,1],"minPos":{"x":-247.5,"y":-76.5,"z":0},"maxPos":{"x":247.5,"y":76.5,"z":0}},"packable":true,"pixelsToUnit":100,"pivot":{"x":0.5,"y":0.5},"meshType":0}],[0],0,[0],[0],[0]]
