<?xml version="1.0" encoding="UTF-8"?><font><info face="SFProText-Bold" size="42" bold="0" italic="0" charset="" unicode="1" stretchH="100" smooth="1" aa="1" padding="1,1,1,1" spacing="1,1"/><common lineHeight="42" base="40" scaleW="298" scaleH="305" pages="1" packed="0"/><pages><page id="0" file="sf-pro-bold.png"/></pages><chars count="110"><char id="32" x="0" y="0" width="0" height="0" xoffset="0" yoffset="0" xadvance="11" page="0" chnl="15"/><!--   --><char id="33" x="204" y="263" width="9" height="33" xoffset="3" yoffset="9" xadvance="15" page="0" chnl="15"/><!-- ! --><char id="34" x="264" y="210" width="17" height="15" xoffset="2" yoffset="9" xadvance="21" page="0" chnl="15"/><!-- " --><char id="35" x="47" y="176" width="30" height="32" xoffset="-1" yoffset="9" xadvance="28" page="0" chnl="15"/><!-- # --><char id="36" x="79" y="267" width="25" height="38" xoffset="2" yoffset="6" xadvance="30" page="0" chnl="15"/><!-- $ --><char id="37" x="0" y="129" width="35" height="33" xoffset="0" yoffset="9" xadvance="35" page="0" chnl="15"/><!-- % --><char id="38" x="47" y="0" width="31" height="33" xoffset="1" yoffset="9" xadvance="32" page="0" chnl="15"/><!-- & --><char id="39" x="176" y="288" width="8" height="15" xoffset="2" yoffset="9" xadvance="12" page="0" chnl="15"/><!-- ' --><char id="40" x="264" y="226" width="14" height="39" xoffset="3" yoffset="8" xadvance="19" page="0" chnl="15"/><!-- ( --><char id="41" x="264" y="266" width="14" height="39" xoffset="1" yoffset="8" xadvance="19" page="0" chnl="15"/><!-- ) --><char id="42" x="240" y="274" width="19" height="18" xoffset="1" yoffset="9" xadvance="22" page="0" chnl="15"/><!-- * --><char id="43" x="190" y="0" width="25" height="24" xoffset="2" yoffset="16" xadvance="30" page="0" chnl="15"/><!-- + --><char id="44" x="164" y="288" width="11" height="15" xoffset="1" yoffset="34" xadvance="15" page="0" chnl="15"/><!-- , --><char id="45" x="11" y="292" width="16" height="8" xoffset="2" yoffset="24" xadvance="21" page="0" chnl="15"/><!-- - --><char id="46" x="0" y="292" width="10" height="10" xoffset="2" yoffset="32" xadvance="15" page="0" chnl="15"/><!-- . --><char id="47" x="240" y="234" width="19" height="39" xoffset="-1" yoffset="8" xadvance="17" page="0" chnl="15"/><!-- / --><char id="48" x="108" y="101" width="26" height="33" xoffset="1" yoffset="9" xadvance="29" page="0" chnl="15"/><!-- 0 --><char id="49" x="264" y="146" width="17" height="32" xoffset="1" yoffset="9" xadvance="22" page="0" chnl="15"/><!-- 1 --><char id="50" x="164" y="170" width="25" height="32" xoffset="1" yoffset="9" xadvance="28" page="0" chnl="15"/><!-- 2 --><char id="51" x="108" y="135" width="26" height="33" xoffset="1" yoffset="9" xadvance="29" page="0" chnl="15"/><!-- 3 --><char id="52" x="109" y="0" width="27" height="32" xoffset="1" yoffset="9" xadvance="29" page="0" chnl="15"/><!-- 4 --><char id="53" x="164" y="0" width="25" height="33" xoffset="2" yoffset="9" xadvance="28" page="0" chnl="15"/><!-- 5 --><char id="54" x="108" y="169" width="26" height="33" xoffset="1" yoffset="9" xadvance="29" page="0" chnl="15"/><!-- 6 --><char id="55" x="164" y="203" width="25" height="32" xoffset="0" yoffset="9" xadvance="26" page="0" chnl="15"/><!-- 7 --><char id="56" x="79" y="199" width="27" height="33" xoffset="1" yoffset="9" xadvance="30" page="0" chnl="15"/><!-- 8 --><char id="57" x="79" y="233" width="27" height="33" xoffset="1" yoffset="9" xadvance="29" page="0" chnl="15"/><!-- 9 --><char id="58" x="283" y="166" width="10" height="25" xoffset="2" yoffset="17" xadvance="15" page="0" chnl="15"/><!-- : --><char id="59" x="283" y="117" width="11" height="32" xoffset="1" yoffset="17" xadvance="15" page="0" chnl="15"/><!-- ; --><char id="60" x="216" y="244" width="23" height="27" xoffset="3" yoffset="14" xadvance="30" page="0" chnl="15"/><!-- < --><char id="61" x="190" y="25" width="25" height="18" xoffset="2" yoffset="19" xadvance="30" page="0" chnl="15"/><!-- = --><char id="62" x="47" y="276" width="23" height="27" xoffset="3" yoffset="14" xadvance="30" page="0" chnl="15"/><!-- > --><char id="63" x="240" y="26" width="22" height="33" xoffset="0" yoffset="9" xadvance="24" page="0" chnl="15"/><!-- ? --><char id="64" x="0" y="66" width="37" height="36" xoffset="1" yoffset="9" xadvance="39" page="0" chnl="15"/><!-- @ --><char id="65" x="47" y="110" width="30" height="32" xoffset="0" yoffset="9" xadvance="31" page="0" chnl="15"/><!-- A --><char id="66" x="137" y="0" width="26" height="32" xoffset="2" yoffset="9" xadvance="30" page="0" chnl="15"/><!-- B --><char id="67" x="47" y="209" width="29" height="33" xoffset="1" yoffset="9" xadvance="32" page="0" chnl="15"/><!-- C --><char id="68" x="79" y="100" width="28" height="32" xoffset="2" yoffset="9" xadvance="32" page="0" chnl="15"/><!-- D --><char id="69" x="216" y="211" width="23" height="32" xoffset="2" yoffset="9" xadvance="27" page="0" chnl="15"/><!-- E --><char id="70" x="240" y="60" width="22" height="32" xoffset="2" yoffset="9" xadvance="26" page="0" chnl="15"/><!-- F --><char id="71" x="47" y="76" width="30" height="33" xoffset="1" yoffset="9" xadvance="32" page="0" chnl="15"/><!-- G --><char id="72" x="47" y="243" width="29" height="32" xoffset="2" yoffset="9" xadvance="33" page="0" chnl="15"/><!-- H --><char id="73" x="283" y="208" width="9" height="32" xoffset="2" yoffset="9" xadvance="14" page="0" chnl="15"/><!-- I --><char id="74" x="216" y="177" width="23" height="33" xoffset="0" yoffset="9" xadvance="26" page="0" chnl="15"/><!-- J --><char id="75" x="79" y="133" width="28" height="32" xoffset="2" yoffset="9" xadvance="30" page="0" chnl="15"/><!-- K --><char id="76" x="240" y="93" width="22" height="32" xoffset="2" yoffset="9" xadvance="25" page="0" chnl="15"/><!-- L --><char id="77" x="0" y="189" width="34" height="32" xoffset="2" yoffset="9" xadvance="39" page="0" chnl="15"/><!-- M --><char id="78" x="79" y="166" width="28" height="32" xoffset="2" yoffset="9" xadvance="33" page="0" chnl="15"/><!-- N --><char id="79" x="0" y="258" width="31" height="33" xoffset="1" yoffset="9" xadvance="34" page="0" chnl="15"/><!-- O --><char id="80" x="137" y="33" width="26" height="32" xoffset="2" yoffset="9" xadvance="29" page="0" chnl="15"/><!-- P --><char id="81" x="0" y="222" width="31" height="35" xoffset="1" yoffset="9" xadvance="34" page="0" chnl="15"/><!-- Q --><char id="82" x="135" y="66" width="26" height="32" xoffset="2" yoffset="9" xadvance="30" page="0" chnl="15"/><!-- R --><char id="83" x="108" y="237" width="26" height="33" xoffset="1" yoffset="9" xadvance="29" page="0" chnl="15"/><!-- S --><char id="84" x="109" y="33" width="27" height="32" xoffset="0" yoffset="9" xadvance="28" page="0" chnl="15"/><!-- T --><char id="85" x="79" y="66" width="28" height="33" xoffset="2" yoffset="9" xadvance="33" page="0" chnl="15"/><!-- U --><char id="86" x="47" y="143" width="30" height="32" xoffset="0" yoffset="9" xadvance="31" page="0" chnl="15"/><!-- V --><char id="87" x="0" y="33" width="41" height="32" xoffset="1" yoffset="9" xadvance="43" page="0" chnl="15"/><!-- W --><char id="88" x="79" y="0" width="29" height="32" xoffset="1" yoffset="9" xadvance="31" page="0" chnl="15"/><!-- X --><char id="89" x="79" y="33" width="29" height="32" xoffset="0" yoffset="9" xadvance="30" page="0" chnl="15"/><!-- Y --><char id="90" x="135" y="99" width="26" height="32" xoffset="1" yoffset="9" xadvance="29" page="0" chnl="15"/><!-- Z --><char id="91" x="284" y="0" width="14" height="39" xoffset="4" yoffset="8" xadvance="19" page="0" chnl="15"/><!-- [ --><char id="92" x="264" y="0" width="19" height="39" xoffset="-1" yoffset="8" xadvance="17" page="0" chnl="15"/><!-- \ --><char id="93" x="283" y="40" width="14" height="39" xoffset="0" yoffset="8" xadvance="19" page="0" chnl="15"/><!-- ] --><char id="94" x="240" y="186" width="20" height="15" xoffset="1" yoffset="10" xadvance="22" page="0" chnl="15"/><!-- ^ --><char id="95" x="240" y="178" width="22" height="7" xoffset="-1" yoffset="41" xadvance="20" page="0" chnl="15"/><!-- _ --><char id="97" x="240" y="0" width="23" height="25" xoffset="0" yoffset="16" xadvance="25" page="0" chnl="15"/><!-- a --><char id="98" x="164" y="34" width="25" height="33" xoffset="2" yoffset="8" xadvance="28" page="0" chnl="15"/><!-- b --><char id="99" x="190" y="117" width="24" height="25" xoffset="0" yoffset="16" xadvance="25" page="0" chnl="15"/><!-- c --><char id="100" x="164" y="68" width="25" height="33" xoffset="1" yoffset="8" xadvance="28" page="0" chnl="15"/><!-- d --><char id="101" x="135" y="277" width="25" height="25" xoffset="0" yoffset="16" xadvance="26" page="0" chnl="15"/><!-- e --><char id="102" x="216" y="272" width="17" height="33" xoffset="0" yoffset="8" xadvance="18" page="0" chnl="15"/><!-- f --><char id="103" x="108" y="66" width="26" height="34" xoffset="0" yoffset="16" xadvance="28" page="0" chnl="15"/><!-- g --><char id="104" x="216" y="109" width="23" height="33" xoffset="2" yoffset="8" xadvance="27" page="0" chnl="15"/><!-- h --><char id="105" x="108" y="271" width="10" height="34" xoffset="1" yoffset="7" xadvance="13" page="0" chnl="15"/><!-- i --><char id="106" x="190" y="263" width="13" height="42" xoffset="-2" yoffset="7" xadvance="13" page="0" chnl="15"/><!-- j --><char id="107" x="216" y="143" width="23" height="33" xoffset="2" yoffset="8" xadvance="26" page="0" chnl="15"/><!-- k --><char id="108" x="119" y="271" width="9" height="34" xoffset="2" yoffset="7" xadvance="13" page="0" chnl="15"/><!-- l --><char id="109" x="0" y="103" width="37" height="25" xoffset="1" yoffset="16" xadvance="39" page="0" chnl="15"/><!-- m --><char id="110" x="190" y="143" width="24" height="25" xoffset="1" yoffset="16" xadvance="27" page="0" chnl="15"/><!-- n --><char id="111" x="164" y="236" width="25" height="25" xoffset="1" yoffset="16" xadvance="27" page="0" chnl="15"/><!-- o --><char id="112" x="108" y="203" width="26" height="33" xoffset="1" yoffset="16" xadvance="28" page="0" chnl="15"/><!-- p --><char id="113" x="164" y="102" width="25" height="33" xoffset="1" yoffset="16" xadvance="28" page="0" chnl="15"/><!-- q --><char id="114" x="264" y="120" width="18" height="25" xoffset="1" yoffset="16" xadvance="19" page="0" chnl="15"/><!-- r --><char id="115" x="240" y="126" width="22" height="25" xoffset="1" yoffset="16" xadvance="24" page="0" chnl="15"/><!-- s --><char id="116" x="264" y="179" width="17" height="30" xoffset="0" yoffset="11" xadvance="18" page="0" chnl="15"/><!-- t --><char id="117" x="190" y="169" width="24" height="25" xoffset="1" yoffset="16" xadvance="27" page="0" chnl="15"/><!-- u --><char id="118" x="164" y="262" width="25" height="25" xoffset="0" yoffset="16" xadvance="25" page="0" chnl="15"/><!-- v --><char id="119" x="0" y="163" width="35" height="25" xoffset="0" yoffset="16" xadvance="36" page="0" chnl="15"/><!-- w --><char id="120" x="190" y="195" width="24" height="25" xoffset="0" yoffset="16" xadvance="25" page="0" chnl="15"/><!-- x --><char id="121" x="164" y="136" width="25" height="33" xoffset="0" yoffset="16" xadvance="26" page="0" chnl="15"/><!-- y --><char id="122" x="240" y="152" width="22" height="25" xoffset="1" yoffset="16" xadvance="24" page="0" chnl="15"/><!-- z --><char id="123" x="264" y="40" width="18" height="39" xoffset="0" yoffset="8" xadvance="19" page="0" chnl="15"/><!-- { --><char id="124" x="283" y="241" width="8" height="41" xoffset="4" yoffset="7" xadvance="17" page="0" chnl="15"/><!-- | --><char id="125" x="264" y="80" width="18" height="39" xoffset="0" yoffset="8" xadvance="19" page="0" chnl="15"/><!-- } --><char id="195" x="47" y="34" width="30" height="41" xoffset="0" yoffset="0" xadvance="31" page="0" chnl="15"/><!-- Ã --><char id="201" x="190" y="221" width="23" height="41" xoffset="2" yoffset="0" xadvance="27" page="0" chnl="15"/><!-- É --><char id="224" x="216" y="37" width="23" height="36" xoffset="0" yoffset="5" xadvance="25" page="0" chnl="15"/><!-- à --><char id="225" x="216" y="0" width="23" height="36" xoffset="0" yoffset="5" xadvance="25" page="0" chnl="15"/><!-- á --><char id="227" x="216" y="74" width="23" height="34" xoffset="0" yoffset="7" xadvance="25" page="0" chnl="15"/><!-- ã --><char id="231" x="190" y="81" width="24" height="35" xoffset="0" yoffset="16" xadvance="25" page="0" chnl="15"/><!-- ç --><char id="233" x="135" y="169" width="25" height="36" xoffset="0" yoffset="5" xadvance="26" page="0" chnl="15"/><!-- é --><char id="234" x="135" y="206" width="25" height="35" xoffset="0" yoffset="6" xadvance="26" page="0" chnl="15"/><!-- ê --><char id="237" x="283" y="80" width="13" height="36" xoffset="2" yoffset="5" xadvance="13" page="0" chnl="15"/><!-- í --><char id="243" x="135" y="132" width="25" height="36" xoffset="1" yoffset="5" xadvance="27" page="0" chnl="15"/><!-- ó --><char id="245" x="135" y="242" width="25" height="34" xoffset="1" yoffset="7" xadvance="27" page="0" chnl="15"/><!-- õ --><char id="250" x="190" y="44" width="24" height="36" xoffset="1" yoffset="5" xadvance="27" page="0" chnl="15"/><!-- ú --><char id="8216" x="283" y="150" width="11" height="15" xoffset="1" yoffset="9" xadvance="14" page="0" chnl="15"/><!-- ‘ --><char id="8217" x="283" y="192" width="10" height="15" xoffset="2" yoffset="9" xadvance="14" page="0" chnl="15"/><!-- ’ --><char id="8220" x="240" y="202" width="20" height="15" xoffset="1" yoffset="9" xadvance="24" page="0" chnl="15"/><!-- “ --><char id="8221" x="240" y="218" width="20" height="15" xoffset="2" yoffset="9" xadvance="24" page="0" chnl="15"/><!-- ” --><char id="8470" x="0" y="0" width="46" height="32" xoffset="2" yoffset="9" xadvance="49" page="0" chnl="15"/><!-- № --></chars></font>