{"compressionlevel":-1,"height":9,"infinite":false,"layers":[{"data":[0,0,0,0,0,0,0,0,0,0,0,0,0,0,0,0,0,0,0,0,0,0,12,0,0,0,0,0,0,0,12,12,13,0,0,0,0,0,15,15,0,13,13,0,0,0,0,0,15,16,16,0,0,0,0,0,0,0,16,0,0,0,0,0,0,0,0,0,0,0,0,0,0,0,0,0,0,0,0,0,0],"height":9,"id":1,"name":"map","opacity":1,"properties":[{"name":"segment1","propertytype":"segment","type":"class","value":{"avgScore":3.3,"piece1":"{min: 1, max: 10}","piece5":"{min: 1, max: 10}","pieceDistancePerGem":1,"score":100}}],"type":"tilelayer","visible":true,"width":9,"x":0,"y":0},{"draworder":"topdown","id":2,"name":"spawnOrder","objects":[{"gid":150,"height":20,"id":1067,"name":"Z1","properties":[{"name":"gem_id","type":"string","value":"11"},{"name":"gem_position","type":"string","value":"2"}],"rotation":0,"type":"Z1","visible":true,"width":30,"x":-28,"y":143},{"gid":133,"height":30,"id":1068,"name":"TT1","properties":[{"name":"gem_id","type":"string","value":"11"},{"name":"gem_position","type":"string","value":"0"}],"rotation":0,"type":"TT1","visible":true,"width":30,"x":30,"y":148},{"gid":144,"height":20,"id":1069,"name":"V4","properties":[{"name":"gem_id","type":"string","value":"14"},{"name":"gem_position","type":"string","value":"1"}],"rotation":0,"type":"V4","visible":true,"width":20,"x":93,"y":143},{"gid":110,"height":30,"id":1070,"name":"J1","properties":[{"name":"gem_id","type":"string","value":"11"},{"name":"gem_position","type":"string","value":"0"}],"rotation":0,"type":"J1","visible":true,"width":20,"x":-23,"y":201},{"gid":133,"height":30,"id":1071,"name":"TT1","properties":[{"name":"gem_id","type":"string","value":"14"},{"name":"gem_position","type":"string","value":"3"}],"rotation":0,"type":"TT1","visible":true,"width":30,"x":29,"y":202},{"gid":132,"height":30,"id":1072,"name":"T4","rotation":0,"type":"T4","visible":true,"width":20,"x":93,"y":202},{"gid":109,"height":10,"id":1073,"name":"II5","properties":[{"name":"gem_id","type":"string","value":"11"},{"name":"gem_position","type":"string","value":"0"}],"rotation":0,"type":"II5","visible":true,"width":50,"x":-38,"y":245},{"gid":142,"height":20,"id":1074,"name":"V2","properties":[{"name":"gem_id","type":"string","value":"13"},{"name":"gem_position","type":"string","value":"1"}],"rotation":0,"type":"V2","visible":true,"width":20,"x":35,"y":250},{"gid":117,"height":20,"id":1075,"name":"L4","rotation":0,"type":"L4","visible":true,"width":30,"x":86,"y":250},{"gid":2,"height":10,"id":1076,"name":"1","rotation":0,"type":"1","visible":true,"width":10,"x":-17,"y":299},{"gid":145,"height":30,"id":1077,"name":"VV1","properties":[{"name":"gem_id","type":"string","value":"11"},{"name":"gem_position","type":"string","value":"0"}],"rotation":0,"type":"VV1","visible":true,"width":30,"x":30,"y":309},{"gid":131,"height":20,"id":1078,"name":"T3","properties":[{"name":"gem_id","type":"string","value":"11"},{"name":"gem_position","type":"string","value":"1"}],"rotation":0,"type":"T3","visible":true,"width":30,"x":87,"y":304},{"gid":118,"height":20,"id":1079,"name":"O","properties":[{"name":"gem_id","type":"string","value":"13"},{"name":"gem_position","type":"string","value":"2"}],"rotation":0,"type":"O","visible":true,"width":20,"x":-22,"y":357},{"gid":142,"height":20,"id":1080,"name":"V2","properties":[{"name":"gem_id","type":"string","value":"12"},{"name":"gem_position","type":"string","value":"0"}],"rotation":0,"type":"V2","visible":true,"width":20,"x":35,"y":357},{"gid":129,"height":20,"id":1081,"name":"T1","properties":[{"name":"gem_id","type":"string","value":"11"},{"name":"gem_position","type":"string","value":"0"}],"rotation":0,"type":"T1","visible":true,"width":30,"x":88,"y":358},{"gid":109,"height":10,"id":1082,"name":"II5","properties":[{"name":"gem_id","type":"string","value":"11"},{"name":"gem_position","type":"string","value":"3"}],"rotation":0,"type":"II5","visible":true,"width":50,"x":-38,"y":406},{"gid":128,"height":30,"id":1083,"name":"S2","properties":[{"name":"gem_id","type":"string","value":"14"},{"name":"gem_position","type":"string","value":"2"}],"rotation":0,"type":"S2","visible":true,"width":20,"x":33,"y":416},{"gid":2,"height":10,"id":1084,"name":"1","rotation":0,"type":"1","visible":true,"width":10,"x":97,"y":406},{"gid":141,"height":20,"id":1085,"name":"V1","properties":[{"name":"gem_id","type":"string","value":"13"},{"name":"gem_position","type":"string","value":"1"}],"rotation":0,"type":"V1","visible":true,"width":20,"x":-22,"y":465},{"gid":106,"height":10,"id":1086,"name":"II2","properties":[{"name":"gem_id","type":"string","value":"15"},{"name":"gem_position","type":"string","value":"0"}],"rotation":0,"type":"II2","visible":true,"width":20,"x":35,"y":461},{"gid":127,"height":20,"id":1087,"name":"S1","rotation":0,"type":"S1","visible":true,"width":30,"x":88,"y":466},{"gid":134,"height":30,"id":1088,"name":"TT2","properties":[{"name":"gem_id","type":"string","value":"14"},{"name":"gem_position","type":"string","value":"1"}],"rotation":0,"type":"TT2","visible":true,"width":30,"x":-27,"y":524},{"gid":103,"height":30,"id":1089,"name":"I3","properties":[{"name":"gem_id","type":"string","value":"12"},{"name":"gem_position","type":"string","value":"1"}],"rotation":0,"type":"I3","visible":true,"width":10,"x":40,"y":523},{"gid":149,"height":30,"id":1090,"name":"X","properties":[{"name":"gem_id","type":"string","value":"11"},{"name":"gem_position","type":"string","value":"0"}],"rotation":0,"type":"X","visible":true,"width":30,"x":88,"y":524},{"gid":108,"height":10,"id":1091,"name":"II4","properties":[{"name":"gem_id","type":"string","value":"12"},{"name":"gem_position","type":"string","value":"1"}],"rotation":0,"type":"II4","visible":true,"width":40,"x":-33,"y":568},{"gid":107,"height":10,"id":1092,"name":"II3","properties":[{"name":"gem_id","type":"string","value":"13"},{"name":"gem_position","type":"string","value":"0"}],"rotation":0,"type":"II3","visible":true,"width":30,"x":30,"y":568},{"gid":118,"height":20,"id":1093,"name":"O","properties":[{"name":"gem_id","type":"string","value":"15"},{"name":"gem_position","type":"string","value":"0"}],"rotation":0,"type":"O","visible":true,"width":20,"x":92,"y":572},{"gid":129,"height":20,"id":1094,"name":"T1","properties":[{"name":"gem_id","type":"string","value":"15"},{"name":"gem_position","type":"string","value":"2"}],"rotation":0,"type":"T1","visible":true,"width":30,"x":-28,"y":626},{"gid":144,"height":20,"id":1095,"name":"V4","properties":[{"name":"gem_id","type":"string","value":"14"},{"name":"gem_position","type":"string","value":"1"}],"rotation":0,"type":"V4","visible":true,"width":20,"x":35,"y":626},{"gid":123,"height":20,"id":1096,"name":"polyplet-right-2","properties":[{"name":"gem_id","type":"string","value":"13"},{"name":"gem_position","type":"string","value":"0"}],"rotation":0,"type":"polyplet-right-2","visible":true,"width":20,"x":92,"y":626},{"gid":145,"height":30,"id":1097,"name":"VV1","properties":[{"name":"gem_id","type":"string","value":"13"},{"name":"gem_position","type":"string","value":"0"}],"rotation":0,"type":"VV1","visible":true,"width":30,"x":-28,"y":684},{"gid":127,"height":20,"id":1098,"name":"S1","properties":[{"name":"gem_id","type":"string","value":"15"},{"name":"gem_position","type":"string","value":"1"}],"rotation":0,"type":"S1","visible":true,"width":30,"x":30,"y":679},{"gid":142,"height":20,"id":1099,"name":"V2","properties":[{"name":"gem_id","type":"string","value":"13"},{"name":"gem_position","type":"string","value":"1"}],"rotation":0,"type":"V2","visible":true,"width":20,"x":93,"y":679},{"gid":130,"height":30,"id":1100,"name":"T2","properties":[{"name":"gem_id","type":"string","value":"15"},{"name":"gem_position","type":"string","value":"1"}],"rotation":0,"type":"T2","visible":true,"width":20,"x":-23,"y":739},{"gid":105,"height":50,"id":1101,"name":"I5","properties":[{"name":"gem_id","type":"string","value":"13"},{"name":"gem_position","type":"string","value":"1"}],"rotation":0,"type":"I5","visible":true,"width":10,"x":40,"y":748},{"gid":127,"height":20,"id":1102,"name":"S1","rotation":0,"type":"S1","visible":true,"width":30,"x":88,"y":734},{"gid":137,"height":20,"id":1103,"name":"U1","properties":[{"name":"gem_id","type":"string","value":"12"},{"name":"gem_position","type":"string","value":"1"}],"rotation":0,"type":"U1","visible":true,"width":30,"x":-29,"y":788},{"gid":109,"height":10,"id":1104,"name":"II5","properties":[{"name":"gem_id","type":"string","value":"12"},{"name":"gem_position","type":"string","value":"3"}],"rotation":0,"type":"II5","visible":true,"width":50,"x":20,"y":782},{"gid":108,"height":10,"id":1105,"name":"II4","properties":[{"name":"gem_id","type":"string","value":"13"},{"name":"gem_position","type":"string","value":"2"}],"rotation":0,"type":"II4","visible":true,"width":40,"x":82,"y":782},{"gid":119,"height":20,"id":1106,"name":"polyplet-left-2","properties":[{"name":"gem_id","type":"string","value":"15"},{"name":"gem_position","type":"string","value":"0"}],"rotation":0,"type":"polyplet-left-2","visible":true,"width":20,"x":-23,"y":841},{"gid":106,"height":10,"id":1107,"name":"II2","properties":[{"name":"gem_id","type":"string","value":"11"},{"name":"gem_position","type":"string","value":"0"}],"rotation":0,"type":"II2","visible":true,"width":20,"x":35,"y":836},{"gid":149,"height":30,"id":1108,"name":"X","rotation":0,"type":"X","visible":true,"width":30,"x":87,"y":846},{"gid":146,"height":30,"id":1109,"name":"VV2","properties":[{"name":"gem_id","type":"string","value":"14"},{"name":"gem_position","type":"string","value":"0"}],"rotation":0,"type":"VV2","visible":true,"width":30,"x":-27,"y":899},{"gid":124,"height":30,"id":1110,"name":"polyplet-right-3","properties":[{"name":"gem_id","type":"string","value":"11"},{"name":"gem_position","type":"string","value":"0"}],"rotation":0,"type":"polyplet-right-3","visible":true,"width":30,"x":30,"y":900},{"gid":134,"height":30,"id":1111,"name":"TT2","rotation":0,"type":"TT2","visible":true,"width":30,"x":87,"y":901},{"gid":133,"height":30,"id":1112,"name":"TT1","properties":[{"name":"gem_id","type":"string","value":"14"},{"name":"gem_position","type":"string","value":"2"}],"rotation":0,"type":"TT1","visible":true,"width":30,"x":-27,"y":955},{"gid":124,"height":30,"id":1113,"name":"polyplet-right-3","properties":[{"name":"gem_id","type":"string","value":"15"},{"name":"gem_position","type":"string","value":"0"}],"rotation":0,"type":"polyplet-right-3","visible":true,"width":30,"x":29,"y":954},{"gid":127,"height":20,"id":1114,"name":"S1","rotation":0,"type":"S1","visible":true,"width":30,"x":87,"y":949},{"gid":119,"height":20,"id":1115,"name":"polyplet-left-2","properties":[{"name":"gem_id","type":"string","value":"14"},{"name":"gem_position","type":"string","value":"0"}],"rotation":0,"type":"polyplet-left-2","visible":true,"width":20,"x":-23,"y":1001},{"gid":118,"height":20,"id":1116,"name":"O","properties":[{"name":"gem_id","type":"string","value":"11"},{"name":"gem_position","type":"string","value":"2"}],"rotation":0,"type":"O","visible":true,"width":20,"x":34,"y":1001},{"gid":149,"height":30,"id":1117,"name":"X","properties":[{"name":"gem_id","type":"string","value":"13"},{"name":"gem_position","type":"string","value":"1"}],"rotation":0,"type":"X","visible":true,"width":30,"x":87,"y":1007},{"gid":117,"height":20,"id":1118,"name":"L4","properties":[{"name":"gem_id","type":"string","value":"13"},{"name":"gem_position","type":"string","value":"2"}],"rotation":0,"type":"L4","visible":true,"width":30,"x":-27,"y":1056},{"gid":151,"height":30,"id":1119,"name":"Z2","properties":[{"name":"gem_id","type":"string","value":"12"},{"name":"gem_position","type":"string","value":"2"}],"rotation":0,"type":"Z2","visible":true,"width":20,"x":35,"y":1062},{"gid":137,"height":20,"id":1120,"name":"U1","rotation":0,"type":"U1","visible":true,"width":30,"x":87,"y":1057}],"opacity":1,"type":"objectgroup","visible":true,"x":0,"y":0}],"nextlayerid":12,"nextobjectid":1958,"orientation":"orthogonal","properties":[{"name":"target","type":"string","value":"{14: 6, 11: 6, 15: 6, 12: 6}"},{"name":"typeLevel","type":"string","value":"collect"}],"renderorder":"right-down","tiledversion":"1.8.5","tileheight":10,"tilesets":[{"columns":0,"firstgid":1,"grid":{"height":1,"orientation":"orthogonal","width":1},"margin":0,"name":"Pieces","spacing":0,"tilecount":57,"tileheight":50,"tiles":[{"id":1,"image":"assets/pieces/1.png","imageheight":10,"imagewidth":10,"type":"1"},{"id":101,"image":"assets/pieces/I2.png","imageheight":20,"imagewidth":10,"type":"I2"},{"id":102,"image":"assets/pieces/I3.png","imageheight":30,"imagewidth":10,"type":"I3"},{"id":103,"image":"assets/pieces/I4.png","imageheight":40,"imagewidth":10,"type":"I4"},{"id":104,"image":"assets/pieces/I5.png","imageheight":50,"imagewidth":10,"type":"I5"},{"id":105,"image":"assets/pieces/II2.png","imageheight":10,"imagewidth":20,"type":"II2"},{"id":106,"image":"assets/pieces/II3.png","imageheight":10,"imagewidth":30,"type":"II3"},{"id":107,"image":"assets/pieces/II4.png","imageheight":10,"imagewidth":40,"type":"II4"},{"id":108,"image":"assets/pieces/II5.png","imageheight":10,"imagewidth":50,"type":"II5"},{"id":109,"image":"assets/pieces/J1.png","imageheight":30,"imagewidth":20,"type":"J1"},{"id":110,"image":"assets/pieces/J2.png","imageheight":20,"imagewidth":30,"type":"J2"},{"id":111,"image":"assets/pieces/J3.png","imageheight":30,"imagewidth":20,"type":"J3"},{"id":112,"image":"assets/pieces/J4.png","imageheight":20,"imagewidth":30,"type":"J4"},{"id":113,"image":"assets/pieces/L1.png","imageheight":30,"imagewidth":20,"type":"L1"},{"id":114,"image":"assets/pieces/L2.png","imageheight":20,"imagewidth":30,"type":"L2"},{"id":115,"image":"assets/pieces/L3.png","imageheight":30,"imagewidth":20,"type":"L3"},{"id":116,"image":"assets/pieces/L4.png","imageheight":20,"imagewidth":30,"type":"L4"},{"id":117,"image":"assets/pieces/O.png","imageheight":20,"imagewidth":20,"type":"O"},{"id":118,"image":"assets/pieces/polyplet-left-2.png","imageheight":20,"imagewidth":20,"type":"polyplet-left-2"},{"id":119,"image":"assets/pieces/polyplet-left-3.png","imageheight":30,"imagewidth":30,"type":"polyplet-left-3"},{"id":120,"image":"assets/pieces/polyplet-left-4.png","imageheight":40,"imagewidth":40,"type":"polyplet-left-4"},{"id":121,"image":"assets/pieces/polyplet-left-5.png","imageheight":50,"imagewidth":50,"type":"polyplet-left-5"},{"id":122,"image":"assets/pieces/polyplet-right-2.png","imageheight":20,"imagewidth":20,"type":"polyplet-right-2"},{"id":123,"image":"assets/pieces/polyplet-right-3.png","imageheight":30,"imagewidth":30,"type":"polyplet-right-3"},{"id":124,"image":"assets/pieces/polyplet-right-4.png","imageheight":40,"imagewidth":40,"type":"polyplet-right-4"},{"id":125,"image":"assets/pieces/polyplet-right-5.png","imageheight":50,"imagewidth":50,"type":"polyplet-right-5"},{"id":126,"image":"assets/pieces/S1.png","imageheight":20,"imagewidth":30,"type":"S1"},{"id":127,"image":"assets/pieces/S2.png","imageheight":30,"imagewidth":20,"type":"S2"},{"id":128,"image":"assets/pieces/T1.png","imageheight":20,"imagewidth":30,"type":"T1"},{"id":129,"image":"assets/pieces/T2.png","imageheight":30,"imagewidth":20,"type":"T2"},{"id":130,"image":"assets/pieces/T3.png","imageheight":20,"imagewidth":30,"type":"T3"},{"id":131,"image":"assets/pieces/T4.png","imageheight":30,"imagewidth":20,"type":"T4"},{"id":132,"image":"assets/pieces/TT1.png","imageheight":30,"imagewidth":30,"type":"TT1"},{"id":133,"image":"assets/pieces/TT2.png","imageheight":30,"imagewidth":30,"type":"TT2"},{"id":134,"image":"assets/pieces/TT3.png","imageheight":30,"imagewidth":30,"type":"TT3"},{"id":135,"image":"assets/pieces/TT4.png","imageheight":30,"imagewidth":30,"type":"TT4"},{"id":136,"image":"assets/pieces/U1.png","imageheight":20,"imagewidth":30,"type":"U1"},{"id":137,"image":"assets/pieces/U2.png","imageheight":30,"imagewidth":20,"type":"U2"},{"id":138,"image":"assets/pieces/U3.png","imageheight":20,"imagewidth":30,"type":"U3"},{"id":139,"image":"assets/pieces/U4.png","imageheight":30,"imagewidth":20,"type":"U4"},{"id":140,"image":"assets/pieces/V1.png","imageheight":20,"imagewidth":20,"type":"V1"},{"id":141,"image":"assets/pieces/V2.png","imageheight":20,"imagewidth":20,"type":"V2"},{"id":142,"image":"assets/pieces/V3.png","imageheight":20,"imagewidth":20,"type":"V3"},{"id":143,"image":"assets/pieces/V4.png","imageheight":20,"imagewidth":20,"type":"V4"},{"id":144,"image":"assets/pieces/VV1.png","imageheight":30,"imagewidth":30,"type":"VV1"},{"id":145,"image":"assets/pieces/VV2.png","imageheight":30,"imagewidth":30,"type":"VV2"},{"id":146,"image":"assets/pieces/VV3.png","imageheight":30,"imagewidth":30,"type":"VV3"},{"id":147,"image":"assets/pieces/VV4.png","imageheight":30,"imagewidth":30,"type":"VV4"},{"id":148,"image":"assets/pieces/X.png","imageheight":30,"imagewidth":30,"type":"X"},{"id":149,"image":"assets/pieces/Z1.png","imageheight":20,"imagewidth":30,"type":"Z1"},{"id":150,"image":"assets/pieces/Z2.png","imageheight":30,"imagewidth":20,"type":"Z2"},{"id":10,"image":"assets/pieces/diamond-10.png","imageheight":10,"imagewidth":10,"type":"diamond-10"},{"id":11,"image":"assets/pieces/diamond-11.png","imageheight":10,"imagewidth":10,"type":"diamond-11"},{"id":12,"image":"assets/pieces/diamond-12.png","imageheight":10,"imagewidth":10,"type":"diamond-12"},{"id":13,"image":"assets/pieces/diamond-13.png","imageheight":10,"imagewidth":10,"type":"diamond-13"},{"id":14,"image":"assets/pieces/diamond-14.png","imageheight":10,"imagewidth":10,"type":"diamond-14"},{"id":15,"image":"assets/pieces/diamond-15.png","imageheight":10,"imagewidth":10,"type":"diamond-15"}],"tilewidth":50}],"tilewidth":10,"type":"map","version":"1.8","width":9}