{"compressionlevel":-1,"height":9,"infinite":false,"layers":[{"data":[0,0,0,0,16,16,16,0,0,0,0,0,16,16,16,12,12,0,0,0,16,16,2,0,2,12,12,0,16,2,2,2,2,16,0,0,0,16,2,2,2,16,0,0,0,0,0,16,2,2,2,0,0,0,0,0,0,12,0,0,12,0,0,0,0,0,12,0,0,0,12,12,0,0,12,0,12,0,0,12,0],"height":9,"id":1,"name":"map","opacity":1,"properties":[{"name":"segment1","propertytype":"segment","type":"class","value":{"avgScore":4.3,"piece1":"{min: 0, max: 5}","piece5":"{min: 3, max: 10}","pieceDistancePerGem":1,"score":100}}],"type":"tilelayer","visible":true,"width":9,"x":0,"y":0},{"draworder":"topdown","id":2,"name":"spawnOrder","objects":[],"opacity":1,"type":"objectgroup","visible":true,"x":0,"y":0},{"draworder":"topdown","id":16,"locked":true,"name":"objectives (no effect on gameplay)","objects":[{"gid":11,"height":10,"id":2170,"name":"10","properties":[{"name":"gem_id","type":"string","value":"10"},{"name":"gem_position","type":"string","value":"0"}],"rotation":0,"type":"diamond-10","visible":true,"width":10,"x":60,"y":-25},{"gid":13,"height":10,"id":2171,"name":"10","properties":[{"name":"gem_id","type":"string","value":"12"},{"name":"gem_position","type":"string","value":"0"}],"rotation":0,"type":"diamond-12","visible":true,"width":10,"x":20,"y":-25}],"opacity":1,"type":"objectgroup","visible":false,"x":0,"y":0},{"draworder":"topdown","id":17,"locked":true,"name":"tablePic","objects":[{"gid":152,"height":100,"id":2172,"name":"","rotation":0,"type":"","visible":true,"width":100,"x":0,"y":100}],"opacity":0.5,"type":"objectgroup","visible":false,"x":0,"y":0}],"nextlayerid":18,"nextobjectid":2174,"orientation":"orthogonal","properties":[{"name":"target","type":"string","value":"{11: 23, 15: 41}"},{"name":"typeLevel","type":"string","value":"collect"}],"renderorder":"right-down","tiledversion":"1.8.5","tileheight":10,"tilesets":[{"columns":0,"firstgid":1,"grid":{"height":1,"orientation":"orthogonal","width":1},"margin":0,"name":"Pieces","spacing":0,"tilecount":25,"tileheight":529,"tiles":[{"id":1,"image":"assets/pieces/1.png","imageheight":10,"imagewidth":10,"type":"1"},{"id":101,"image":"assets/pieces/I2.png","imageheight":20,"imagewidth":10,"type":"I2"},{"id":102,"image":"assets/pieces/I3.png","imageheight":30,"imagewidth":10,"type":"I3"},{"id":103,"image":"assets/pieces/I4.png","imageheight":40,"imagewidth":10,"type":"I4"},{"id":104,"image":"assets/pieces/I5.png","imageheight":50,"imagewidth":10,"type":"I5"},{"id":105,"image":"assets/pieces/II2.png","imageheight":10,"imagewidth":20,"type":"II2"},{"id":106,"image":"assets/pieces/II3.png","imageheight":10,"imagewidth":30,"type":"II3"},{"id":107,"image":"assets/pieces/II4.png","imageheight":10,"imagewidth":40,"type":"II4"},{"id":108,"image":"assets/pieces/II5.png","imageheight":10,"imagewidth":50,"type":"II5"},{"id":117,"image":"assets/pieces/O.png","imageheight":20,"imagewidth":20,"type":"O"},{"id":140,"image":"assets/pieces/V1.png","imageheight":20,"imagewidth":20,"type":"V1"},{"id":141,"image":"assets/pieces/V2.png","imageheight":20,"imagewidth":20,"type":"V2"},{"id":142,"image":"assets/pieces/V3.png","imageheight":20,"imagewidth":20,"type":"V3"},{"id":143,"image":"assets/pieces/V4.png","imageheight":20,"imagewidth":20,"type":"V4"},{"id":144,"image":"assets/pieces/VV1.png","imageheight":30,"imagewidth":30,"type":"VV1"},{"id":145,"image":"assets/pieces/VV2.png","imageheight":30,"imagewidth":30,"type":"VV2"},{"id":146,"image":"assets/pieces/VV3.png","imageheight":30,"imagewidth":30,"type":"VV3"},{"id":147,"image":"assets/pieces/VV4.png","imageheight":30,"imagewidth":30,"type":"VV4"},{"id":10,"image":"assets/pieces/diamond-10.png","imageheight":10,"imagewidth":10,"type":"diamond-10"},{"id":11,"image":"assets/pieces/diamond-11.png","imageheight":10,"imagewidth":10,"type":"diamond-11"},{"id":12,"image":"assets/pieces/diamond-12.png","imageheight":10,"imagewidth":10,"type":"diamond-12"},{"id":13,"image":"assets/pieces/diamond-13.png","imageheight":10,"imagewidth":10,"type":"diamond-13"},{"id":14,"image":"assets/pieces/diamond-14.png","imageheight":10,"imagewidth":10,"type":"diamond-14"},{"id":15,"image":"assets/pieces/diamond-15.png","imageheight":10,"imagewidth":10,"type":"diamond-15"},{"id":151,"image":"assets/pieces/board.png","imageheight":529,"imagewidth":530,"type":"board"}],"tilewidth":530}],"tilewidth":10,"type":"map","version":"1.8","width":9}