[1,["cagjUJplVFCZRXsdz4qgad@6c48a"],["_textureSource"],["cc.SpriteFrame"],0,[{"name":"Great","rect":{"x":0,"y":0,"width":282,"height":121},"offset":{"x":0,"y":0},"originalSize":{"width":282,"height":121},"rotated":false,"capInsets":[0,0,0,0],"vertices":{"rawPosition":[-141,-60.5,0,141,-60.5,0,-141,60.5,0,141,60.5,0],"indexes":[0,1,2,2,1,3],"uv":[0,121,282,121,0,0,282,0],"nuv":[0,0,1,0,0,1,1,1],"minPos":{"x":-141,"y":-60.5,"z":0},"maxPos":{"x":141,"y":60.5,"z":0}},"packable":true,"pixelsToUnit":100,"pivot":{"x":0.5,"y":0.5},"meshType":0}],[0],0,[0],[0],[0]]
