{"textures":[{"image":"default-resources-0.png","format":"RGBA8888","size":{"w":1208,"h":1208},"scale":0.5,"frames":[{"filename":"bg/bg-middle-2","rotated":false,"trimmed":false,"sourceSize":{"w":450,"h":425},"spriteSourceSize":{"x":0,"y":0,"w":450,"h":425},"frame":{"x":2,"y":2,"w":450,"h":425}},{"filename":"bg/bg-middle","rotated":false,"trimmed":false,"sourceSize":{"w":360,"h":425},"spriteSourceSize":{"x":0,"y":0,"w":360,"h":425},"frame":{"x":2,"y":430,"w":360,"h":425}},{"filename":"ui-ngang/bg-middle","rotated":false,"trimmed":false,"sourceSize":{"w":360,"h":284},"spriteSourceSize":{"x":0,"y":0,"w":360,"h":284},"frame":{"x":455,"y":2,"w":360,"h":284}},{"filename":"footer","rotated":false,"trimmed":false,"sourceSize":{"w":375,"h":77},"spriteSourceSize":{"x":0,"y":0,"w":375,"h":77},"frame":{"x":818,"y":2,"w":375,"h":77}},{"filename":"ui-ngang/bg-top","rotated":false,"trimmed":false,"sourceSize":{"w":360,"h":89},"spriteSourceSize":{"x":0,"y":0,"w":360,"h":89},"frame":{"x":2,"y":858,"w":360,"h":89}},{"filename":"ui-ngang/bg-bottom","rotated":false,"trimmed":false,"sourceSize":{"w":360,"h":88},"spriteSourceSize":{"x":0,"y":0,"w":360,"h":88},"frame":{"x":455,"y":289,"w":360,"h":88}},{"filename":"leaderboards/bg-top","rotated":false,"trimmed":false,"sourceSize":{"w":475,"h":84},"spriteSourceSize":{"x":0,"y":0,"w":475,"h":84},"frame":{"x":2,"y":950,"w":475,"h":84}},{"filename":"leaderboards/bg-bottom","rotated":false,"trimmed":false,"sourceSize":{"w":475,"h":34},"spriteSourceSize":{"x":0,"y":0,"w":475,"h":34},"frame":{"x":2,"y":1037,"w":475,"h":34}},{"filename":"bg/bg-bottom-2","rotated":false,"trimmed":false,"sourceSize":{"w":450,"h":56},"spriteSourceSize":{"x":0,"y":0,"w":450,"h":56},"frame":{"x":2,"y":1074,"w":450,"h":56}},{"filename":"bg/bg-top-2","rotated":false,"trimmed":false,"sourceSize":{"w":450,"h":56},"spriteSourceSize":{"x":0,"y":0,"w":450,"h":56},"frame":{"x":2,"y":1133,"w":450,"h":56}},{"filename":"popup/bottom","rotated":false,"trimmed":false,"sourceSize":{"w":216,"h":14},"spriteSourceSize":{"x":0,"y":0,"w":216,"h":14},"frame":{"x":2,"y":1192,"w":216,"h":14}},{"filename":"bg/bg-bottom","rotated":false,"trimmed":false,"sourceSize":{"w":360,"h":56},"spriteSourceSize":{"x":0,"y":0,"w":360,"h":56},"frame":{"x":818,"y":82,"w":360,"h":56}},{"filename":"bg/bg-top","rotated":false,"trimmed":false,"sourceSize":{"w":360,"h":56},"spriteSourceSize":{"x":0,"y":0,"w":360,"h":56},"frame":{"x":818,"y":141,"w":360,"h":56}},{"filename":"daily-challenge/bg","rotated":false,"trimmed":false,"sourceSize":{"w":260,"h":143},"spriteSourceSize":{"x":0,"y":0,"w":260,"h":143},"frame":{"x":818,"y":200,"w":260,"h":143}},{"filename":"ui-ngang/khung-next-block","rotated":false,"trimmed":false,"sourceSize":{"w":100,"h":300},"spriteSourceSize":{"x":0,"y":0,"w":100,"h":300},"frame":{"x":365,"y":430,"w":100,"h":300}},{"filename":"leaderboards/bg-middle","rotated":false,"trimmed":false,"sourceSize":{"w":475,"h":24},"spriteSourceSize":{"x":0,"y":0,"w":475,"h":24},"frame":{"x":455,"y":380,"w":475,"h":24}},{"filename":"border-bottom-panel","rotated":false,"trimmed":false,"sourceSize":{"w":375,"h":18},"spriteSourceSize":{"x":0,"y":0,"w":375,"h":18},"frame":{"x":455,"y":407,"w":375,"h":18}},{"filename":"texts/out-of-live","rotated":false,"trimmed":false,"sourceSize":{"w":227,"h":31},"spriteSourceSize":{"x":0,"y":0,"w":227,"h":31},"frame":{"x":818,"y":346,"w":227,"h":31}},{"filename":"leaf","rotated":false,"trimmed":false,"sourceSize":{"w":282,"h":66},"spriteSourceSize":{"x":0,"y":0,"w":282,"h":66},"frame":{"x":468,"y":428,"w":282,"h":66}},{"filename":"score-panel","rotated":false,"trimmed":false,"sourceSize":{"w":263,"h":76},"spriteSourceSize":{"x":0,"y":0,"w":263,"h":76},"frame":{"x":468,"y":497,"w":263,"h":76}},{"filename":"popup/middle","rotated":false,"trimmed":false,"sourceSize":{"w":216,"h":114},"spriteSourceSize":{"x":0,"y":0,"w":216,"h":114},"frame":{"x":468,"y":576,"w":216,"h":114}},{"filename":"buttons/green-large","rotated":false,"trimmed":false,"sourceSize":{"w":242,"h":71},"spriteSourceSize":{"x":0,"y":0,"w":242,"h":71},"frame":{"x":468,"y":693,"w":242,"h":71}},{"filename":"daily-challenge/middle-panel","rotated":false,"trimmed":false,"sourceSize":{"w":261,"h":13},"spriteSourceSize":{"x":0,"y":0,"w":261,"h":13},"frame":{"x":221,"y":1192,"w":261,"h":13}},{"filename":"bg/bg-dark","rotated":false,"trimmed":false,"sourceSize":{"w":122,"h":152},"spriteSourceSize":{"x":0,"y":0,"w":122,"h":152},"frame":{"x":1081,"y":200,"w":122,"h":152}},{"filename":"buttons/brown","rotated":false,"trimmed":false,"sourceSize":{"w":242,"h":54},"spriteSourceSize":{"x":0,"y":0,"w":242,"h":54},"frame":{"x":480,"y":767,"w":242,"h":54}},{"filename":"daily-challenge/bg-item-dark","rotated":false,"trimmed":false,"sourceSize":{"w":254,"h":41},"spriteSourceSize":{"x":0,"y":0,"w":254,"h":41},"frame":{"x":480,"y":824,"w":254,"h":41}},{"filename":"daily-challenge/bg-item-light","rotated":false,"trimmed":false,"sourceSize":{"w":254,"h":41},"spriteSourceSize":{"x":0,"y":0,"w":254,"h":41},"frame":{"x":480,"y":868,"w":254,"h":41}},{"filename":"lives/heart","rotated":false,"trimmed":false,"sourceSize":{"w":170,"h":140},"spriteSourceSize":{"x":0,"y":0,"w":170,"h":140},"frame":{"x":480,"y":912,"w":170,"h":140}},{"filename":"bg-progress-circle","rotated":false,"trimmed":false,"sourceSize":{"w":116,"h":116},"spriteSourceSize":{"x":0,"y":0,"w":116,"h":116},"frame":{"x":653,"y":912,"w":116,"h":116}},{"filename":"popup/background","rotated":false,"trimmed":false,"sourceSize":{"w":198,"h":111},"spriteSourceSize":{"x":0,"y":0,"w":198,"h":111},"frame":{"x":480,"y":1055,"w":198,"h":111}},{"filename":"texts/your-score","rotated":false,"trimmed":false,"sourceSize":{"w":117,"h":37},"spriteSourceSize":{"x":0,"y":0,"w":117,"h":37},"frame":{"x":485,"y":1169,"w":117,"h":37}},{"filename":"texts/text-tutorial","rotated":false,"trimmed":false,"sourceSize":{"w":99,"h":37},"spriteSourceSize":{"x":0,"y":0,"w":99,"h":37},"frame":{"x":605,"y":1169,"w":99,"h":37}},{"filename":"avatar/border-big","rotated":false,"trimmed":false,"sourceSize":{"w":88,"h":88},"spriteSourceSize":{"x":0,"y":0,"w":88,"h":88},"frame":{"x":365,"y":733,"w":88,"h":88}},{"filename":"texts/play-single","rotated":false,"trimmed":false,"sourceSize":{"w":112,"h":36},"spriteSourceSize":{"x":0,"y":0,"w":112,"h":36},"frame":{"x":365,"y":824,"w":112,"h":36}},{"filename":"texts/lose","rotated":false,"trimmed":false,"sourceSize":{"w":112,"h":33},"spriteSourceSize":{"x":0,"y":0,"w":112,"h":33},"frame":{"x":365,"y":863,"w":112,"h":33}},{"filename":"bottom-panel","rotated":false,"trimmed":false,"sourceSize":{"w":141,"h":86},"spriteSourceSize":{"x":0,"y":0,"w":141,"h":86},"frame":{"x":681,"y":1031,"w":141,"h":86}},{"filename":"popup/score-panel","rotated":false,"trimmed":false,"sourceSize":{"w":150,"h":46},"spriteSourceSize":{"x":0,"y":0,"w":150,"h":46},"frame":{"x":681,"y":1120,"w":150,"h":46}},{"filename":"texts/invite-friends","rotated":false,"trimmed":false,"sourceSize":{"w":132,"h":36},"spriteSourceSize":{"x":0,"y":0,"w":132,"h":36},"frame":{"x":707,"y":1169,"w":132,"h":36}},{"filename":"bg-combo","rotated":false,"trimmed":true,"sourceSize":{"w":106,"h":44},"spriteSourceSize":{"x":0,"y":4,"w":106,"h":40},"frame":{"x":365,"y":899,"w":106,"h":40}},{"filename":"best-score-frame-long","rotated":false,"trimmed":false,"sourceSize":{"w":193,"h":77},"spriteSourceSize":{"x":0,"y":0,"w":193,"h":77},"frame":{"x":753,"y":428,"w":193,"h":77}},{"filename":"popup/top-dark","rotated":false,"trimmed":false,"sourceSize":{"w":216,"h":45},"spriteSourceSize":{"x":0,"y":0,"w":216,"h":45},"frame":{"x":734,"y":508,"w":216,"h":45}},{"filename":"popup/top","rotated":false,"trimmed":false,"sourceSize":{"w":216,"h":45},"spriteSourceSize":{"x":0,"y":0,"w":216,"h":45},"frame":{"x":734,"y":556,"w":216,"h":45}},{"filename":"border-daily","rotated":false,"trimmed":false,"sourceSize":{"w":259,"h":26},"spriteSourceSize":{"x":0,"y":0,"w":259,"h":26},"frame":{"x":687,"y":604,"w":259,"h":26}},{"filename":"daily-challenge/bottom-panel","rotated":false,"trimmed":false,"sourceSize":{"w":261,"h":15},"spriteSourceSize":{"x":0,"y":0,"w":261,"h":15},"frame":{"x":687,"y":633,"w":261,"h":15}},{"filename":"daily-challenge/top-panel","rotated":false,"trimmed":false,"sourceSize":{"w":261,"h":15},"spriteSourceSize":{"x":0,"y":0,"w":261,"h":15},"frame":{"x":687,"y":651,"w":261,"h":15}},{"filename":"texts/target-score","rotated":false,"trimmed":false,"sourceSize":{"w":140,"h":18},"spriteSourceSize":{"x":0,"y":0,"w":140,"h":18},"frame":{"x":833,"y":407,"w":140,"h":18}},{"filename":"buttons/dark-blue","rotated":false,"trimmed":false,"sourceSize":{"w":183,"h":54},"spriteSourceSize":{"x":0,"y":0,"w":183,"h":54},"frame":{"x":713,"y":669,"w":183,"h":54}},{"filename":"texts/second-chance","rotated":false,"trimmed":false,"sourceSize":{"w":193,"h":33},"spriteSourceSize":{"x":0,"y":0,"w":193,"h":33},"frame":{"x":713,"y":726,"w":193,"h":33}},{"filename":"lives/time-block-2","rotated":false,"trimmed":false,"sourceSize":{"w":182,"h":54},"spriteSourceSize":{"x":0,"y":0,"w":182,"h":54},"frame":{"x":725,"y":762,"w":182,"h":54}},{"filename":"buttons/green","rotated":false,"trimmed":false,"sourceSize":{"w":172,"h":51},"spriteSourceSize":{"x":0,"y":0,"w":172,"h":51},"frame":{"x":737,"y":819,"w":172,"h":51}},{"filename":"leaderboards/bg-item","rotated":false,"trimmed":false,"sourceSize":{"w":159,"h":31},"spriteSourceSize":{"x":0,"y":0,"w":159,"h":31},"frame":{"x":737,"y":873,"w":159,"h":31}},{"filename":"buttons/dark-blue-big","rotated":false,"trimmed":false,"sourceSize":{"w":120,"h":55},"spriteSourceSize":{"x":0,"y":0,"w":120,"h":55},"frame":{"x":772,"y":907,"w":120,"h":55}},{"filename":"buttons/dark-blue-small","rotated":false,"trimmed":false,"sourceSize":{"w":119,"h":54},"spriteSourceSize":{"x":0,"y":0,"w":119,"h":54},"frame":{"x":772,"y":965,"w":119,"h":54}},{"filename":"daily-challenge/time-panel","rotated":false,"trimmed":false,"sourceSize":{"w":85,"h":24},"spriteSourceSize":{"x":0,"y":0,"w":85,"h":24},"frame":{"x":933,"y":380,"w":85,"h":24}},{"filename":"wood-panel","rotated":false,"trimmed":false,"sourceSize":{"w":151,"h":28},"spriteSourceSize":{"x":0,"y":0,"w":151,"h":28},"frame":{"x":1048,"y":355,"w":151,"h":28}},{"filename":"lives/time-block","rotated":false,"trimmed":false,"sourceSize":{"w":173,"h":44},"spriteSourceSize":{"x":0,"y":0,"w":173,"h":44},"frame":{"x":1021,"y":386,"w":173,"h":44}},{"filename":"texts/next-milestone","rotated":false,"trimmed":false,"sourceSize":{"w":170,"h":40},"spriteSourceSize":{"x":0,"y":0,"w":170,"h":40},"frame":{"x":949,"y":433,"w":170,"h":40}},{"filename":"texts/refill-lives","rotated":false,"trimmed":false,"sourceSize":{"w":142,"h":27},"spriteSourceSize":{"x":0,"y":0,"w":142,"h":27},"frame":{"x":949,"y":476,"w":142,"h":27}},{"filename":"texts/first-milestone","rotated":false,"trimmed":false,"sourceSize":{"w":134,"h":46},"spriteSourceSize":{"x":0,"y":0,"w":134,"h":46},"frame":{"x":953,"y":506,"w":134,"h":46}},{"filename":"daily-challenge/title-panel","rotated":false,"trimmed":false,"sourceSize":{"w":141,"h":35},"spriteSourceSize":{"x":0,"y":0,"w":141,"h":35},"frame":{"x":953,"y":555,"w":141,"h":35}},{"filename":"texts/leader-board","rotated":false,"trimmed":false,"sourceSize":{"w":159,"h":31},"spriteSourceSize":{"x":0,"y":0,"w":159,"h":31},"frame":{"x":953,"y":593,"w":159,"h":31}},{"filename":"buttons/green-big","rotated":false,"trimmed":false,"sourceSize":{"w":118,"h":54},"spriteSourceSize":{"x":0,"y":0,"w":118,"h":54},"frame":{"x":951,"y":627,"w":118,"h":54}},{"filename":"ui-ngang/khung-best-score","rotated":false,"trimmed":false,"sourceSize":{"w":56,"h":85},"spriteSourceSize":{"x":0,"y":0,"w":56,"h":85},"frame":{"x":825,"y":1022,"w":56,"h":85}},{"filename":"texts/friends-disable","rotated":false,"trimmed":false,"sourceSize":{"w":42,"h":23},"spriteSourceSize":{"x":0,"y":0,"w":42,"h":23},"frame":{"x":976,"y":407,"w":42,"h":23}},{"filename":"preloader/dual-ring","rotated":false,"trimmed":true,"sourceSize":{"w":100,"h":100},"spriteSourceSize":{"x":13,"y":13,"w":74,"h":74},"frame":{"x":1122,"y":433,"w":74,"h":74}},{"filename":"texts/waiting-for-opponent","rotated":false,"trimmed":false,"sourceSize":{"w":116,"h":34},"spriteSourceSize":{"x":0,"y":0,"w":116,"h":34},"frame":{"x":1090,"y":510,"w":116,"h":34}},{"filename":"texts/text-retry","rotated":false,"trimmed":false,"sourceSize":{"w":109,"h":30},"spriteSourceSize":{"x":0,"y":0,"w":109,"h":30},"frame":{"x":1097,"y":547,"w":109,"h":30}},{"filename":"ui-ngang/khung-score","rotated":false,"trimmed":false,"sourceSize":{"w":87,"h":50},"spriteSourceSize":{"x":0,"y":0,"w":87,"h":50},"frame":{"x":1115,"y":580,"w":87,"h":50}},{"filename":"texts/daily-challenge","rotated":false,"trimmed":false,"sourceSize":{"w":124,"h":33},"spriteSourceSize":{"x":0,"y":0,"w":124,"h":33},"frame":{"x":1072,"y":633,"w":124,"h":33}},{"filename":"leaderboards/bg-item-0","rotated":false,"trimmed":false,"sourceSize":{"w":116,"h":23},"spriteSourceSize":{"x":0,"y":0,"w":116,"h":23},"frame":{"x":1072,"y":669,"w":116,"h":23}},{"filename":"texts/text-journey","rotated":false,"trimmed":false,"sourceSize":{"w":49,"h":30},"spriteSourceSize":{"x":0,"y":0,"w":49,"h":30},"frame":{"x":899,"y":669,"w":49,"h":30}},{"filename":"leaderboards/bg-item-1","rotated":false,"trimmed":false,"sourceSize":{"w":116,"h":23},"spriteSourceSize":{"x":0,"y":0,"w":116,"h":23},"frame":{"x":951,"y":684,"w":116,"h":23}},{"filename":"texts/keep-playing","rotated":false,"trimmed":false,"sourceSize":{"w":111,"h":31},"spriteSourceSize":{"x":0,"y":0,"w":111,"h":31},"frame":{"x":1070,"y":695,"w":111,"h":31}},{"filename":"icons/brown-journey","rotated":false,"trimmed":false,"sourceSize":{"w":23,"h":21},"spriteSourceSize":{"x":0,"y":0,"w":23,"h":21},"frame":{"x":687,"y":669,"w":23,"h":21}},{"filename":"avatar/background","rotated":false,"trimmed":false,"sourceSize":{"w":53,"h":54},"spriteSourceSize":{"x":0,"y":0,"w":53,"h":54},"frame":{"x":834,"y":1110,"w":53,"h":54}},{"filename":"bg-streak","rotated":false,"trimmed":true,"sourceSize":{"w":106,"h":44},"spriteSourceSize":{"x":0,"y":4,"w":106,"h":40},"frame":{"x":909,"y":710,"w":106,"h":40}},{"filename":"texts/start-over","rotated":false,"trimmed":false,"sourceSize":{"w":105,"h":35},"spriteSourceSize":{"x":0,"y":0,"w":105,"h":35},"frame":{"x":910,"y":753,"w":105,"h":35}},{"filename":"ui-ngang/khung-mission","rotated":false,"trimmed":false,"sourceSize":{"w":48,"h":232},"spriteSourceSize":{"x":0,"y":0,"w":48,"h":232},"frame":{"x":1018,"y":710,"w":48,"h":232}},{"filename":"avatar/border","rotated":false,"trimmed":true,"sourceSize":{"w":69,"h":72},"spriteSourceSize":{"x":0,"y":1,"w":69,"h":71},"frame":{"x":1069,"y":729,"w":69,"h":71}},{"filename":"best-score-frame","rotated":false,"trimmed":false,"sourceSize":{"w":56,"h":76},"spriteSourceSize":{"x":0,"y":0,"w":56,"h":76},"frame":{"x":1069,"y":803,"w":56,"h":76}},{"filename":"texts/level-failed","rotated":false,"trimmed":false,"sourceSize":{"w":95,"h":25},"spriteSourceSize":{"x":0,"y":0,"w":95,"h":25},"frame":{"x":910,"y":791,"w":95,"h":25}},{"filename":"icon-journey","rotated":false,"trimmed":false,"sourceSize":{"w":75,"h":61},"spriteSourceSize":{"x":0,"y":0,"w":75,"h":61},"frame":{"x":912,"y":819,"w":75,"h":61}},{"filename":"avatar/border-challenge","rotated":false,"trimmed":false,"sourceSize":{"w":60,"h":59},"spriteSourceSize":{"x":0,"y":0,"w":60,"h":59},"frame":{"x":1069,"y":882,"w":60,"h":59}},{"filename":"buttons/toggle-off","rotated":false,"trimmed":false,"sourceSize":{"w":89,"h":31},"spriteSourceSize":{"x":0,"y":0,"w":89,"h":31},"frame":{"x":899,"y":883,"w":89,"h":31}},{"filename":"texts/win","rotated":false,"trimmed":false,"sourceSize":{"w":97,"h":31},"spriteSourceSize":{"x":0,"y":0,"w":97,"h":31},"frame":{"x":895,"y":917,"w":97,"h":31}},{"filename":"texts/replay","rotated":false,"trimmed":false,"sourceSize":{"w":96,"h":26},"spriteSourceSize":{"x":0,"y":0,"w":96,"h":26},"frame":{"x":895,"y":951,"w":96,"h":26}},{"filename":"texts/text-next-level","rotated":false,"trimmed":false,"sourceSize":{"w":90,"h":31},"spriteSourceSize":{"x":0,"y":0,"w":90,"h":31},"frame":{"x":894,"y":980,"w":90,"h":31}},{"filename":"score-panel-dark","rotated":false,"trimmed":false,"sourceSize":{"w":94,"h":26},"spriteSourceSize":{"x":0,"y":0,"w":94,"h":26},"frame":{"x":894,"y":1014,"w":94,"h":26}},{"filename":"buttons/toggle-on","rotated":false,"trimmed":false,"sourceSize":{"w":89,"h":31},"spriteSourceSize":{"x":0,"y":0,"w":89,"h":31},"frame":{"x":884,"y":1043,"w":89,"h":31}},{"filename":"buttons/minor","rotated":false,"trimmed":false,"sourceSize":{"w":62,"h":53},"spriteSourceSize":{"x":0,"y":0,"w":62,"h":53},"frame":{"x":1141,"y":729,"w":62,"h":53}},{"filename":"ui-ngang/text-next-block","rotated":false,"trimmed":false,"sourceSize":{"w":73,"h":19},"spriteSourceSize":{"x":0,"y":0,"w":73,"h":19},"frame":{"x":884,"y":1077,"w":73,"h":19}},{"filename":"texts/play-with","rotated":false,"trimmed":false,"sourceSize":{"w":79,"h":38},"spriteSourceSize":{"x":0,"y":0,"w":79,"h":38},"frame":{"x":890,"y":1099,"w":79,"h":38}},{"filename":"texts/setting","rotated":false,"trimmed":false,"sourceSize":{"w":85,"h":31},"spriteSourceSize":{"x":0,"y":0,"w":85,"h":31},"frame":{"x":890,"y":1140,"w":85,"h":31}},{"filename":"icons/retry","rotated":false,"trimmed":false,"sourceSize":{"w":25,"h":27},"spriteSourceSize":{"x":0,"y":0,"w":25,"h":27},"frame":{"x":1094,"y":476,"w":25,"h":27}},{"filename":"icons/rank","rotated":false,"trimmed":false,"sourceSize":{"w":26,"h":25},"spriteSourceSize":{"x":0,"y":0,"w":26,"h":25},"frame":{"x":687,"y":576,"w":26,"h":25}},{"filename":"buttons/skip","rotated":false,"trimmed":false,"sourceSize":{"w":60,"h":36},"spriteSourceSize":{"x":0,"y":0,"w":60,"h":36},"frame":{"x":1141,"y":785,"w":60,"h":36}},{"filename":"bg/level-playing","rotated":false,"trimmed":false,"sourceSize":{"w":57,"h":47},"spriteSourceSize":{"x":0,"y":0,"w":57,"h":47},"frame":{"x":1128,"y":824,"w":57,"h":47}},{"filename":"blank","rotated":false,"trimmed":false,"sourceSize":{"w":50,"h":50},"spriteSourceSize":{"x":0,"y":0,"w":50,"h":50},"frame":{"x":1132,"y":874,"w":50,"h":50}},{"filename":"icons/flat-ad","rotated":false,"trimmed":false,"sourceSize":{"w":24,"h":21},"spriteSourceSize":{"x":0,"y":0,"w":24,"h":21},"frame":{"x":653,"y":1031,"w":24,"h":21}},{"filename":"texts/world-disable","rotated":false,"trimmed":false,"sourceSize":{"w":18,"h":27},"spriteSourceSize":{"x":0,"y":0,"w":18,"h":27},"frame":{"x":1188,"y":824,"w":18,"h":27}},{"filename":"buttons/close","rotated":false,"trimmed":false,"sourceSize":{"w":36,"h":36},"spriteSourceSize":{"x":0,"y":0,"w":36,"h":36},"frame":{"x":842,"y":1167,"w":36,"h":36}},{"filename":"texts/result","rotated":false,"trimmed":false,"sourceSize":{"w":59,"h":29},"spriteSourceSize":{"x":0,"y":0,"w":59,"h":29},"frame":{"x":881,"y":1174,"w":59,"h":29}},{"filename":"icons/battle","rotated":false,"trimmed":false,"sourceSize":{"w":22,"h":21},"spriteSourceSize":{"x":0,"y":0,"w":22,"h":21},"frame":{"x":455,"y":1074,"w":22,"h":21}},{"filename":"texts/world","rotated":false,"trimmed":false,"sourceSize":{"w":18,"h":27},"spriteSourceSize":{"x":0,"y":0,"w":18,"h":27},"frame":{"x":1188,"y":854,"w":18,"h":27}},{"filename":"icons/plus","rotated":false,"trimmed":false,"sourceSize":{"w":21,"h":22},"spriteSourceSize":{"x":0,"y":0,"w":21,"h":22},"frame":{"x":1185,"y":884,"w":21,"h":22}},{"filename":"buttons/play","rotated":false,"trimmed":false,"sourceSize":{"w":56,"h":43},"spriteSourceSize":{"x":0,"y":0,"w":56,"h":43},"frame":{"x":1132,"y":927,"w":56,"h":43}},{"filename":"texts/congratulations","rotated":false,"trimmed":false,"sourceSize":{"w":47,"h":31},"spriteSourceSize":{"x":0,"y":0,"w":47,"h":31},"frame":{"x":943,"y":1174,"w":47,"h":31}},{"filename":"icons/check","rotated":false,"trimmed":false,"sourceSize":{"w":22,"h":18},"spriteSourceSize":{"x":0,"y":0,"w":22,"h":18},"frame":{"x":455,"y":1098,"w":22,"h":18}},{"filename":"icons/cup-bronze","rotated":false,"trimmed":false,"sourceSize":{"w":22,"h":18},"spriteSourceSize":{"x":0,"y":0,"w":22,"h":18},"frame":{"x":455,"y":1119,"w":22,"h":18}},{"filename":"icons/cup-gold","rotated":false,"trimmed":false,"sourceSize":{"w":22,"h":18},"spriteSourceSize":{"x":0,"y":0,"w":22,"h":18},"frame":{"x":455,"y":1140,"w":22,"h":18}},{"filename":"texts/no","rotated":false,"trimmed":false,"sourceSize":{"w":15,"h":21},"spriteSourceSize":{"x":0,"y":0,"w":15,"h":21},"frame":{"x":716,"y":576,"w":15,"h":21}},{"filename":"texts/play-with-blue","rotated":false,"trimmed":false,"sourceSize":{"w":58,"h":9},"spriteSourceSize":{"x":0,"y":0,"w":58,"h":9},"frame":{"x":1069,"y":944,"w":58,"h":9}},{"filename":"icons/back","rotated":false,"trimmed":false,"sourceSize":{"w":25,"h":19},"spriteSourceSize":{"x":0,"y":0,"w":25,"h":19},"frame":{"x":990,"y":819,"w":25,"h":19}},{"filename":"icons/setting","rotated":false,"trimmed":false,"sourceSize":{"w":21,"h":21},"spriteSourceSize":{"x":0,"y":0,"w":21,"h":21},"frame":{"x":456,"y":767,"w":21,"h":21}},{"filename":"icons/white-journey","rotated":false,"trimmed":false,"sourceSize":{"w":21,"h":20},"spriteSourceSize":{"x":0,"y":0,"w":21,"h":20},"frame":{"x":456,"y":791,"w":21,"h":20}},{"filename":"icons/play-green","rotated":false,"trimmed":false,"sourceSize":{"w":24,"h":24},"spriteSourceSize":{"x":0,"y":0,"w":24,"h":24},"frame":{"x":990,"y":841,"w":24,"h":24}},{"filename":"icons/play","rotated":false,"trimmed":false,"sourceSize":{"w":24,"h":24},"spriteSourceSize":{"x":0,"y":0,"w":24,"h":24},"frame":{"x":991,"y":868,"w":24,"h":24}},{"filename":"icons/replay","rotated":false,"trimmed":false,"sourceSize":{"w":20,"h":24},"spriteSourceSize":{"x":0,"y":0,"w":20,"h":24},"frame":{"x":995,"y":895,"w":20,"h":24}},{"filename":"icons/cup-silver","rotated":false,"trimmed":false,"sourceSize":{"w":22,"h":18},"spriteSourceSize":{"x":0,"y":0,"w":22,"h":18},"frame":{"x":455,"y":1161,"w":22,"h":18}},{"filename":"texts/on","rotated":false,"trimmed":false,"sourceSize":{"w":31,"h":19},"spriteSourceSize":{"x":0,"y":0,"w":31,"h":19},"frame":{"x":960,"y":1077,"w":31,"h":19}},{"filename":"texts/start","rotated":false,"trimmed":false,"sourceSize":{"w":31,"h":31},"spriteSourceSize":{"x":0,"y":0,"w":31,"h":31},"frame":{"x":976,"y":1043,"w":31,"h":31}},{"filename":"icons/vibrate","rotated":false,"trimmed":false,"sourceSize":{"w":31,"h":37},"spriteSourceSize":{"x":0,"y":0,"w":31,"h":37},"frame":{"x":972,"y":1099,"w":31,"h":37}},{"filename":"buttons/random","rotated":false,"trimmed":false,"sourceSize":{"w":56,"h":43},"spriteSourceSize":{"x":0,"y":0,"w":56,"h":43},"frame":{"x":1010,"y":945,"w":56,"h":43}},{"filename":"buttons/challenge_light","rotated":false,"trimmed":false,"sourceSize":{"w":54,"h":40},"spriteSourceSize":{"x":0,"y":0,"w":54,"h":40},"frame":{"x":1069,"y":956,"w":54,"h":40}},{"filename":"buttons/share","rotated":false,"trimmed":false,"sourceSize":{"w":54,"h":40},"spriteSourceSize":{"x":0,"y":0,"w":54,"h":40},"frame":{"x":1126,"y":973,"w":54,"h":40}},{"filename":"icons/music","rotated":false,"trimmed":false,"sourceSize":{"w":28,"h":31},"spriteSourceSize":{"x":0,"y":0,"w":28,"h":31},"frame":{"x":978,"y":1139,"w":28,"h":31}},{"filename":"leaderboards/tab-off","rotated":false,"trimmed":false,"sourceSize":{"w":57,"h":18},"spriteSourceSize":{"x":0,"y":0,"w":57,"h":18},"frame":{"x":987,"y":991,"w":57,"h":18}},{"filename":"texts/mission","rotated":false,"trimmed":false,"sourceSize":{"w":40,"h":28},"spriteSourceSize":{"x":0,"y":0,"w":40,"h":28},"frame":{"x":991,"y":1012,"w":40,"h":28}},{"filename":"texts/draw","rotated":false,"trimmed":false,"sourceSize":{"w":43,"h":42},"spriteSourceSize":{"x":0,"y":0,"w":43,"h":42},"frame":{"x":1010,"y":1043,"w":43,"h":42}},{"filename":"bg/level-locked","rotated":false,"trimmed":false,"sourceSize":{"w":51,"h":42},"spriteSourceSize":{"x":0,"y":0,"w":51,"h":42},"frame":{"x":1006,"y":1088,"w":51,"h":42}},{"filename":"bg/level-played","rotated":false,"trimmed":false,"sourceSize":{"w":50,"h":41},"spriteSourceSize":{"x":0,"y":0,"w":50,"h":41},"frame":{"x":1009,"y":1133,"w":50,"h":41}},{"filename":"texts/yes","rotated":false,"trimmed":false,"sourceSize":{"w":26,"h":29},"spriteSourceSize":{"x":0,"y":0,"w":26,"h":29},"frame":{"x":993,"y":1177,"w":26,"h":29}},{"filename":"texts/play","rotated":false,"trimmed":false,"sourceSize":{"w":46,"h":25},"spriteSourceSize":{"x":0,"y":0,"w":46,"h":25},"frame":{"x":1022,"y":1177,"w":46,"h":25}},{"filename":"buttons/circle-button","rotated":false,"trimmed":false,"sourceSize":{"w":28,"h":28},"spriteSourceSize":{"x":0,"y":0,"w":28,"h":28},"frame":{"x":1034,"y":1012,"w":28,"h":28}},{"filename":"texts/text-share","rotated":false,"trimmed":false,"sourceSize":{"w":54,"h":30},"spriteSourceSize":{"x":0,"y":0,"w":54,"h":30},"frame":{"x":1065,"y":999,"w":54,"h":30}},{"filename":"leaderboards/tab-on","rotated":false,"trimmed":false,"sourceSize":{"w":57,"h":18},"spriteSourceSize":{"x":0,"y":0,"w":57,"h":18},"frame":{"x":1122,"y":1016,"w":57,"h":18}},{"filename":"texts/continue","rotated":false,"trimmed":false,"sourceSize":{"w":50,"h":25},"spriteSourceSize":{"x":0,"y":0,"w":50,"h":25},"frame":{"x":1065,"y":1032,"w":50,"h":25}},{"filename":"texts/text-ranking","rotated":false,"trimmed":false,"sourceSize":{"w":49,"h":25},"spriteSourceSize":{"x":0,"y":0,"w":49,"h":25},"frame":{"x":1056,"y":1060,"w":49,"h":25}},{"filename":"icons/crown-big","rotated":false,"trimmed":false,"sourceSize":{"w":37,"h":35},"spriteSourceSize":{"x":0,"y":0,"w":37,"h":35},"frame":{"x":1060,"y":1088,"w":37,"h":35}},{"filename":"text-target-panel","rotated":false,"trimmed":false,"sourceSize":{"w":49,"h":23},"spriteSourceSize":{"x":0,"y":0,"w":49,"h":23},"frame":{"x":1118,"y":1037,"w":49,"h":23}},{"filename":"icons/dot","rotated":false,"trimmed":false,"sourceSize":{"w":34,"h":35},"spriteSourceSize":{"x":0,"y":0,"w":34,"h":35},"frame":{"x":1062,"y":1126,"w":34,"h":35}},{"filename":"texts/friends","rotated":false,"trimmed":false,"sourceSize":{"w":42,"h":23},"spriteSourceSize":{"x":0,"y":0,"w":42,"h":23},"frame":{"x":1108,"y":1063,"w":42,"h":23}},{"filename":"icons/icon-daily","rotated":false,"trimmed":false,"sourceSize":{"w":34,"h":34},"spriteSourceSize":{"x":0,"y":0,"w":34,"h":34},"frame":{"x":1100,"y":1089,"w":34,"h":34}},{"filename":"icons/icon-journey","rotated":false,"trimmed":false,"sourceSize":{"w":37,"h":31},"spriteSourceSize":{"x":0,"y":0,"w":37,"h":31},"frame":{"x":1099,"y":1126,"w":37,"h":31}},{"filename":"icons/sword","rotated":false,"trimmed":false,"sourceSize":{"w":23,"h":19},"spriteSourceSize":{"x":0,"y":0,"w":23,"h":19},"frame":{"x":1183,"y":973,"w":23,"h":19}},{"filename":"icons/home","rotated":false,"trimmed":false,"sourceSize":{"w":24,"h":22},"spriteSourceSize":{"x":0,"y":0,"w":24,"h":22},"frame":{"x":1182,"y":1016,"w":24,"h":22}},{"filename":"icons/clock","rotated":false,"trimmed":false,"sourceSize":{"w":17,"h":18},"spriteSourceSize":{"x":0,"y":0,"w":17,"h":18},"frame":{"x":1183,"y":995,"w":17,"h":18}},{"filename":"icons/i-play","rotated":false,"trimmed":false,"sourceSize":{"w":16,"h":20},"spriteSourceSize":{"x":0,"y":0,"w":16,"h":20},"frame":{"x":995,"y":922,"w":16,"h":20}},{"filename":"icons/sound","rotated":false,"trimmed":false,"sourceSize":{"w":31,"h":27},"spriteSourceSize":{"x":0,"y":0,"w":31,"h":27},"frame":{"x":1137,"y":1089,"w":31,"h":27}},{"filename":"buttons/dot-blue","rotated":false,"trimmed":false,"sourceSize":{"w":28,"h":27},"spriteSourceSize":{"x":0,"y":0,"w":28,"h":27},"frame":{"x":1139,"y":1119,"w":28,"h":27}},{"filename":"buttons/dot-green","rotated":false,"trimmed":false,"sourceSize":{"w":28,"h":27},"spriteSourceSize":{"x":0,"y":0,"w":28,"h":27},"frame":{"x":1071,"y":1164,"w":28,"h":27}},{"filename":"texts/VS","rotated":false,"trimmed":false,"sourceSize":{"w":34,"h":12},"spriteSourceSize":{"x":0,"y":0,"w":34,"h":12},"frame":{"x":1071,"y":1194,"w":34,"h":12}},{"filename":"ui-ngang/text-score","rotated":false,"trimmed":false,"sourceSize":{"w":43,"h":19},"spriteSourceSize":{"x":0,"y":0,"w":43,"h":19},"frame":{"x":1102,"y":1160,"w":43,"h":19}},{"filename":"texts/collect","rotated":false,"trimmed":false,"sourceSize":{"w":26,"h":24},"spriteSourceSize":{"x":0,"y":0,"w":26,"h":24},"frame":{"x":1108,"y":1182,"w":26,"h":24}},{"filename":"icons/share","rotated":false,"trimmed":false,"sourceSize":{"w":18,"h":24},"spriteSourceSize":{"x":0,"y":0,"w":18,"h":24},"frame":{"x":1137,"y":1182,"w":18,"h":24}},{"filename":"texts/off","rotated":false,"trimmed":false,"sourceSize":{"w":33,"h":17},"spriteSourceSize":{"x":0,"y":0,"w":33,"h":17},"frame":{"x":1170,"y":1041,"w":33,"h":17}},{"filename":"icons/share-blue","rotated":false,"trimmed":false,"sourceSize":{"w":16,"h":22},"spriteSourceSize":{"x":0,"y":0,"w":16,"h":22},"frame":{"x":1153,"y":1063,"w":16,"h":22}},{"filename":"ui-ngang/text-mission","rotated":false,"trimmed":false,"sourceSize":{"w":31,"h":18},"spriteSourceSize":{"x":0,"y":0,"w":31,"h":18},"frame":{"x":1172,"y":1061,"w":31,"h":18}},{"filename":"icons/crown","rotated":false,"trimmed":false,"sourceSize":{"w":16,"h":14},"spriteSourceSize":{"x":0,"y":0,"w":16,"h":14},"frame":{"x":1185,"y":909,"w":16,"h":14}},{"filename":"icons/sword-blue","rotated":false,"trimmed":false,"sourceSize":{"w":18,"h":16},"spriteSourceSize":{"x":0,"y":0,"w":18,"h":16},"frame":{"x":1181,"y":82,"w":18,"h":16}},{"filename":"texts/no-thank","rotated":false,"trimmed":false,"sourceSize":{"w":49,"h":15},"spriteSourceSize":{"x":0,"y":0,"w":49,"h":15},"frame":{"x":1148,"y":1149,"w":49,"h":15}}]}],"meta":{"app":"https://www.codeandweb.com/texturepacker","version":"3.0","smartupdate":"$TexturePacker:SmartUpdate:f127bd229c6f18c4197d21600ee20e29:1c234db47389e698dc2511e0111ad295:3e7944c06d121c41a747bba57afe2e59$"}}