<?xml version="1.0" encoding="UTF-8"?><font><info face="SFProText-Bold" size="42" bold="0" italic="0" charset="" unicode="1" stretchH="100" smooth="1" aa="1" padding="1,1,1,1" spacing="1,1"/><common lineHeight="42" base="40" scaleW="254" scaleH="253" pages="1" packed="0"/><pages><page id="0" file="sf-pro-bold.png"/></pages><chars count="78"><char id="32" x="0" y="0" width="0" height="0" xoffset="0" yoffset="0" xadvance="11" page="0" chnl="15"/><!--   --><char id="33" x="25" y="43" width="9" height="33" xoffset="3" yoffset="9" xadvance="15" page="0" chnl="15"/><!-- ! --><char id="34" x="21" y="238" width="17" height="15" xoffset="2" yoffset="9" xadvance="21" page="0" chnl="15"/><!-- " --><char id="35" x="97" y="179" width="30" height="32" xoffset="-1" yoffset="9" xadvance="28" page="0" chnl="15"/><!-- # --><char id="37" x="0" y="112" width="35" height="33" xoffset="0" yoffset="9" xadvance="35" page="0" chnl="15"/><!-- % --><char id="39" x="12" y="238" width="8" height="15" xoffset="2" yoffset="9" xadvance="12" page="0" chnl="15"/><!-- ' --><char id="42" x="230" y="212" width="19" height="18" xoffset="1" yoffset="9" xadvance="22" page="0" chnl="15"/><!-- * --><char id="44" x="0" y="238" width="11" height="15" xoffset="1" yoffset="34" xadvance="15" page="0" chnl="15"/><!-- , --><char id="45" x="238" y="0" width="16" height="8" xoffset="2" yoffset="24" xadvance="21" page="0" chnl="15"/><!-- - --><char id="46" x="39" y="238" width="10" height="10" xoffset="2" yoffset="32" xadvance="15" page="0" chnl="15"/><!-- . --><char id="47" x="14" y="0" width="19" height="39" xoffset="-1" yoffset="8" xadvance="17" page="0" chnl="15"/><!-- / --><char id="48" x="131" y="78" width="26" height="33" xoffset="1" yoffset="9" xadvance="29" page="0" chnl="15"/><!-- 0 --><char id="49" x="119" y="112" width="17" height="32" xoffset="1" yoffset="9" xadvance="22" page="0" chnl="15"/><!-- 1 --><char id="50" x="137" y="112" width="25" height="32" xoffset="1" yoffset="9" xadvance="28" page="0" chnl="15"/><!-- 2 --><char id="51" x="35" y="43" width="26" height="33" xoffset="1" yoffset="9" xadvance="29" page="0" chnl="15"/><!-- 3 --><char id="52" x="31" y="179" width="27" height="32" xoffset="1" yoffset="9" xadvance="29" page="0" chnl="15"/><!-- 4 --><char id="53" x="158" y="78" width="25" height="33" xoffset="2" yoffset="9" xadvance="28" page="0" chnl="15"/><!-- 5 --><char id="54" x="184" y="78" width="26" height="33" xoffset="1" yoffset="9" xadvance="29" page="0" chnl="15"/><!-- 6 --><char id="55" x="59" y="179" width="25" height="32" xoffset="0" yoffset="9" xadvance="26" page="0" chnl="15"/><!-- 7 --><char id="56" x="227" y="43" width="27" height="33" xoffset="1" yoffset="9" xadvance="30" page="0" chnl="15"/><!-- 8 --><char id="57" x="211" y="78" width="27" height="33" xoffset="1" yoffset="9" xadvance="29" page="0" chnl="15"/><!-- 9 --><char id="58" x="238" y="9" width="10" height="25" xoffset="2" yoffset="17" xadvance="15" page="0" chnl="15"/><!-- : --><char id="59" x="85" y="179" width="11" height="32" xoffset="1" yoffset="17" xadvance="15" page="0" chnl="15"/><!-- ; --><char id="63" x="36" y="112" width="22" height="33" xoffset="0" yoffset="9" xadvance="24" page="0" chnl="15"/><!-- ? --><char id="65" x="163" y="112" width="30" height="32" xoffset="0" yoffset="9" xadvance="31" page="0" chnl="15"/><!-- A --><char id="66" x="128" y="179" width="26" height="32" xoffset="2" yoffset="9" xadvance="30" page="0" chnl="15"/><!-- B --><char id="67" x="62" y="43" width="29" height="33" xoffset="1" yoffset="9" xadvance="32" page="0" chnl="15"/><!-- C --><char id="68" x="194" y="112" width="28" height="32" xoffset="2" yoffset="9" xadvance="32" page="0" chnl="15"/><!-- D --><char id="69" x="223" y="112" width="23" height="32" xoffset="2" yoffset="9" xadvance="27" page="0" chnl="15"/><!-- E --><char id="70" x="0" y="146" width="22" height="32" xoffset="2" yoffset="9" xadvance="26" page="0" chnl="15"/><!-- F --><char id="71" x="88" y="112" width="30" height="33" xoffset="1" yoffset="9" xadvance="32" page="0" chnl="15"/><!-- G --><char id="72" x="23" y="146" width="29" height="32" xoffset="2" yoffset="9" xadvance="33" page="0" chnl="15"/><!-- H --><char id="73" x="239" y="78" width="9" height="32" xoffset="2" yoffset="9" xadvance="14" page="0" chnl="15"/><!-- I --><char id="74" x="92" y="43" width="23" height="33" xoffset="0" yoffset="9" xadvance="26" page="0" chnl="15"/><!-- J --><char id="75" x="53" y="146" width="28" height="32" xoffset="2" yoffset="9" xadvance="30" page="0" chnl="15"/><!-- K --><char id="76" x="82" y="146" width="22" height="32" xoffset="2" yoffset="9" xadvance="25" page="0" chnl="15"/><!-- L --><char id="77" x="105" y="146" width="34" height="32" xoffset="2" yoffset="9" xadvance="39" page="0" chnl="15"/><!-- M --><char id="78" x="140" y="146" width="28" height="32" xoffset="2" yoffset="9" xadvance="33" page="0" chnl="15"/><!-- N --><char id="79" x="116" y="43" width="31" height="33" xoffset="1" yoffset="9" xadvance="34" page="0" chnl="15"/><!-- O --><char id="80" x="169" y="146" width="26" height="32" xoffset="2" yoffset="9" xadvance="29" page="0" chnl="15"/><!-- P --><char id="81" x="158" y="0" width="31" height="35" xoffset="1" yoffset="9" xadvance="34" page="0" chnl="15"/><!-- Q --><char id="82" x="196" y="146" width="26" height="32" xoffset="2" yoffset="9" xadvance="30" page="0" chnl="15"/><!-- R --><char id="83" x="148" y="43" width="26" height="33" xoffset="1" yoffset="9" xadvance="29" page="0" chnl="15"/><!-- S --><char id="84" x="223" y="146" width="27" height="32" xoffset="0" yoffset="9" xadvance="28" page="0" chnl="15"/><!-- T --><char id="85" x="59" y="112" width="28" height="33" xoffset="2" yoffset="9" xadvance="33" page="0" chnl="15"/><!-- U --><char id="86" x="0" y="179" width="30" height="32" xoffset="0" yoffset="9" xadvance="31" page="0" chnl="15"/><!-- V --><char id="92" x="49" y="0" width="19" height="39" xoffset="-1" yoffset="8" xadvance="17" page="0" chnl="15"/><!-- \ --><char id="93" x="34" y="0" width="14" height="39" xoffset="0" yoffset="8" xadvance="19" page="0" chnl="15"/><!-- ] --><char id="97" x="173" y="179" width="23" height="25" xoffset="0" yoffset="16" xadvance="25" page="0" chnl="15"/><!-- a --><char id="98" x="175" y="43" width="25" height="33" xoffset="2" yoffset="8" xadvance="28" page="0" chnl="15"/><!-- b --><char id="99" x="197" y="179" width="24" height="25" xoffset="0" yoffset="16" xadvance="25" page="0" chnl="15"/><!-- c --><char id="100" x="201" y="43" width="25" height="33" xoffset="1" yoffset="8" xadvance="28" page="0" chnl="15"/><!-- d --><char id="101" x="222" y="179" width="25" height="25" xoffset="0" yoffset="16" xadvance="26" page="0" chnl="15"/><!-- e --><char id="102" x="0" y="78" width="17" height="33" xoffset="0" yoffset="8" xadvance="18" page="0" chnl="15"/><!-- f --><char id="103" x="190" y="0" width="26" height="34" xoffset="0" yoffset="16" xadvance="28" page="0" chnl="15"/><!-- g --><char id="104" x="18" y="78" width="23" height="33" xoffset="2" yoffset="8" xadvance="27" page="0" chnl="15"/><!-- h --><char id="105" x="217" y="0" width="10" height="34" xoffset="1" yoffset="7" xadvance="13" page="0" chnl="15"/><!-- i --><char id="106" x="0" y="0" width="13" height="42" xoffset="-2" yoffset="7" xadvance="13" page="0" chnl="15"/><!-- j --><char id="108" x="228" y="0" width="9" height="34" xoffset="2" yoffset="7" xadvance="13" page="0" chnl="15"/><!-- l --><char id="109" x="0" y="212" width="37" height="25" xoffset="1" yoffset="16" xadvance="39" page="0" chnl="15"/><!-- m --><char id="110" x="38" y="212" width="24" height="25" xoffset="1" yoffset="16" xadvance="27" page="0" chnl="15"/><!-- n --><char id="111" x="63" y="212" width="25" height="25" xoffset="1" yoffset="16" xadvance="27" page="0" chnl="15"/><!-- o --><char id="112" x="42" y="78" width="26" height="33" xoffset="1" yoffset="16" xadvance="28" page="0" chnl="15"/><!-- p --><char id="113" x="69" y="78" width="25" height="33" xoffset="1" yoffset="16" xadvance="28" page="0" chnl="15"/><!-- q --><char id="114" x="89" y="212" width="18" height="25" xoffset="1" yoffset="16" xadvance="19" page="0" chnl="15"/><!-- r --><char id="115" x="108" y="212" width="22" height="25" xoffset="1" yoffset="16" xadvance="24" page="0" chnl="15"/><!-- s --><char id="116" x="155" y="179" width="17" height="30" xoffset="0" yoffset="11" xadvance="18" page="0" chnl="15"/><!-- t --><char id="117" x="131" y="212" width="24" height="25" xoffset="1" yoffset="16" xadvance="27" page="0" chnl="15"/><!-- u --><char id="118" x="156" y="212" width="25" height="25" xoffset="0" yoffset="16" xadvance="25" page="0" chnl="15"/><!-- v --><char id="120" x="182" y="212" width="24" height="25" xoffset="0" yoffset="16" xadvance="25" page="0" chnl="15"/><!-- x --><char id="121" x="95" y="78" width="25" height="33" xoffset="0" yoffset="16" xadvance="26" page="0" chnl="15"/><!-- y --><char id="122" x="207" y="212" width="22" height="25" xoffset="1" yoffset="16" xadvance="24" page="0" chnl="15"/><!-- z --><char id="161" x="121" y="78" width="9" height="33" xoffset="3" yoffset="15" xadvance="15" page="0" chnl="15"/><!-- ¡ --><char id="225" x="69" y="0" width="23" height="36" xoffset="0" yoffset="5" xadvance="25" page="0" chnl="15"/><!-- á --><char id="237" x="93" y="0" width="13" height="36" xoffset="2" yoffset="5" xadvance="13" page="0" chnl="15"/><!-- í --><char id="241" x="0" y="43" width="24" height="34" xoffset="1" yoffset="7" xadvance="27" page="0" chnl="15"/><!-- ñ --><char id="243" x="107" y="0" width="25" height="36" xoffset="1" yoffset="5" xadvance="27" page="0" chnl="15"/><!-- ó --><char id="250" x="133" y="0" width="24" height="36" xoffset="1" yoffset="5" xadvance="27" page="0" chnl="15"/><!-- ú --></chars></font>