{"skeleton":{"hash":"SaLyO7vAWcbGd8B5lEEB0d5yBKo","spine":"3.8.99","x":-214.09,"y":-10.04,"width":328.69,"height":145.33,"images":"./images/","audio":""},"bones":[{"name":"root"},{"name":"[ORANGE] SKELETON CONTROL","parent":"root","scaleX":0.2617,"scaleY":0.2617,"color":"ff8600ff"},{"name":"body","parent":"[ORANGE] SKELETON CONTROL","x":-14.41,"y":235.04},{"name":"body2","parent":"body","length":82.89,"x":7.97},{"name":"body3","parent":"body2","length":85.28,"rotation":0.54,"x":82.89},{"name":"body4","parent":"body3","length":59.65,"rotation":22.26,"x":85.28},{"name":"body5","parent":"body4","length":79.14,"rotation":4.8,"x":59.65},{"name":"head","parent":"body5","length":137.58,"rotation":-37.61,"x":75.77,"y":-3.64},{"name":"mouth","parent":"head","length":67.52,"rotation":-20.49,"x":55.08,"y":-46.12},{"name":"body6","parent":"body","length":100.81,"rotation":-175.48,"x":-3.74,"y":-0.55},{"name":"body7","parent":"body6","length":87.78,"rotation":0.2,"x":100.81},{"name":"body8","parent":"body7","length":72.74,"rotation":1.55,"x":87.78},{"name":"body9","parent":"body8","length":67.24,"rotation":-5.66,"x":72.74},{"name":"body10","parent":"body9","length":66.62,"rotation":1.36,"x":70.45,"y":0.98},{"name":"body11","parent":"body10","length":51.71,"rotation":-4.52,"x":66.62},{"name":"body12","parent":"body11","length":46.15,"rotation":-3.17,"x":51.71},{"name":"body13","parent":"body12","length":43.43,"rotation":-1.88,"x":46.15},{"name":"body14","parent":"body13","length":42.9,"rotation":-4.77,"x":43.43},{"name":"body15","parent":"body14","length":38.87,"rotation":-3.93,"x":42.9},{"name":"body16","parent":"body15","length":37.03,"rotation":-2.7,"x":38.87},{"name":"body17","parent":"body16","length":74.07,"rotation":1.4,"x":38.3,"y":-0.17},{"name":"leg_1","parent":"body6","length":84.77,"rotation":97.09,"x":81.17,"y":24.92},{"name":"leg_2","parent":"leg_1","length":130.31,"rotation":-53,"x":84.77},{"name":"leg_3","parent":"[ORANGE] SKELETON CONTROL","length":66.61,"rotation":-8.04,"x":-166.16,"y":22.43,"color":"ff3f00ff"},{"name":"leg_8","parent":"body6","length":91.28,"rotation":99.75,"x":-9.26,"y":13.4},{"name":"leg_9","parent":"leg_8","length":115.63,"rotation":-51.91,"x":91.28},{"name":"leg_10","parent":"[ORANGE] SKELETON CONTROL","length":62.32,"rotation":-5,"x":-55.97,"y":41.83,"color":"ff3f00ff"},{"name":"leg_4","parent":"body3","length":88.38,"rotation":-107.38,"x":40.31,"y":-34.51},{"name":"leg_5","parent":"leg_4","length":96.55,"rotation":38.05,"x":88.38},{"name":"leg_6","parent":"[ORANGE] SKELETON CONTROL","length":52.2,"rotation":-11.14,"x":126.39,"y":26.31,"color":"ff3f00ff"},{"name":"leg_7","parent":"body3","length":90.73,"rotation":-105.4,"x":104.87,"y":-18.04},{"name":"leg_11","parent":"leg_7","length":83.87,"rotation":37.16,"x":90.73},{"name":"leg_12","parent":"[ORANGE] SKELETON CONTROL","length":53.28,"rotation":-12.62,"x":190.02,"y":52.69,"color":"ff3f00ff"},{"name":"Shadow","parent":"[ORANGE] SKELETON CONTROL","x":22.99,"y":16.61,"color":"000000ff"}],"slots":[{"name":"shadow","bone":"Shadow","attachment":"shadow"},{"name":"tail2","bone":"body17","attachment":"tail"},{"name":"tail","bone":"body17"},{"name":"leg_8","bone":"leg_8","attachment":"leg_8"},{"name":"leg_7","bone":"leg_8","attachment":"leg_7"},{"name":"leg_6","bone":"leg_7","attachment":"leg_6"},{"name":"leg_5","bone":"leg_7","attachment":"leg_5"},{"name":"body","bone":"body","attachment":"body"},{"name":"leg_4","bone":"leg_4","attachment":"leg_4"},{"name":"leg_3","bone":"leg_4","attachment":"leg_3"},{"name":"leg_2","bone":"leg_1","attachment":"leg_2"},{"name":"leg_1","bone":"leg_1","attachment":"leg_1"},{"name":"amor","bone":"body","attachment":"amor"},{"name":"mouth_2","bone":"mouth","attachment":"mouth_2"},{"name":"mouth","bone":"mouth","attachment":"mouth"},{"name":"head","bone":"head","attachment":"head"},{"name":"eye_close","bone":"head"},{"name":"lv06_Ankyntrosaurus_1x1_2","bone":"root"}],"ik":[{"name":"leg_3","order":3,"bones":["leg_1","leg_2"],"target":"leg_3","bendPositive":false},{"name":"leg_6","order":1,"bones":["leg_4","leg_5"],"target":"leg_6"},{"name":"leg_10","order":2,"bones":["leg_8","leg_9"],"target":"leg_10","bendPositive":false},{"name":"leg_12","bones":["leg_7","leg_11"],"target":"leg_12"}],"skins":[{"name":"default","attachments":{"amor":{"amor":{"type":"mesh","uvs":[0.75305,0.03777,0.8107,0.06176,0.87363,0.18085,0.91749,0.34817,0.94544,0.45481,0.98594,0.60934,0.99043,0.83774,0.95084,0.84151,0.90907,0.84548,0.8605,0.85011,0.80389,0.8555,0.72484,0.82804,0.67183,0.87034,0.62184,0.91021,0.57921,0.94422,0.50153,0.97528,0.44836,0.99654,0.41034,0.98117,0.37422,0.96657,0.32398,0.95457,0.28016,0.9441,0.24789,0.93639,0.21339,0.92815,0.1728,0.91845,0.15552,0.91432,0.09856,0.86685,0.07556,0.83856,0.05016,0.80731,0.02984,0.77804,0.01169,0.75313,0,0.72328,0,0.71119,0.01621,0.69695,0.03531,0.69949,0.05434,0.68796,0.06548,0.67615,0.08082,0.67698,0.10734,0.68775,0.13147,0.69073,0.15799,0.69482,0.18496,0.69407,0.20845,0.68999,0.23741,0.68549,0.31469,0.63922,0.4197,0.55622,0.43142,0.40923,0.45554,0.27226,0.51171,0.15738,0.56279,0.0852,0.62662,0.04416,0.68232,0.00834,0.12656,0.89009,0.50873,0.56683,0.5798,0.48724,0.70352,0.4658,0.80091,0.4505,0.92067,0.50254],"triangles":[56,4,5,7,5,6,56,3,4,5,8,56,7,8,5,56,8,9,55,0,1,55,1,2,55,2,3,55,3,56,56,9,55,55,10,11,9,10,55,54,50,0,49,50,54,53,49,54,11,54,55,12,53,54,12,54,11,54,0,55,53,48,49,47,48,53,46,47,53,46,53,52,13,53,12,52,53,13,14,52,13,52,44,45,15,44,52,15,16,44,52,45,46,15,52,14,44,18,43,17,18,44,44,16,17,18,19,43,20,43,19,20,21,42,43,20,42,22,41,42,40,41,22,23,40,22,22,42,21,39,51,38,24,51,39,23,39,40,24,39,23,25,26,37,25,37,38,51,25,38,25,51,24,27,28,34,36,34,35,26,36,37,36,27,34,26,27,36,30,31,32,29,30,32,33,29,32,28,29,33,34,28,33],"vertices":[4,9,-21.61,-270.6,0.44502,3,-11.51,270.91,0.44333,4,-91.87,271.78,0.06594,5,-60.99,318.64,0.04571,4,9,-70.9,-257.7,0.36336,3,38.64,261.94,0.47167,4,-41.8,262.34,0.10146,5,-18.22,290.93,0.0635,4,9,-121.97,-208.98,0.25083,3,93.39,217.4,0.47866,4,12.54,217.3,0.17131,5,14.99,228.66,0.09921,4,9,-155.07,-143.59,0.11648,3,131.55,154.82,0.39807,4,50.11,154.36,0.30256,5,25.92,156.18,0.18289,3,3,155.86,114.94,0.26335,4,74.05,114.26,0.41648,5,32.88,110,0.32016,2,4,108.74,56.13,0.26241,5,42.98,43.06,0.73759,2,4,111.85,-29.32,0.15738,5,13.48,-37.2,0.84262,2,4,77.39,-30.41,0.79461,5,-18.82,-25.15,0.20539,1,4,41.05,-31.56,1,2,3,81.96,-32.9,0.54753,4,-1.23,-32.89,0.45247,1,3,32.72,-34.92,1,1,9,26.17,22.1,1,2,10,-27.29,34.33,0.09472,9,73.4,34.23,0.90528,2,10,17.28,45.61,0.86475,9,117.93,45.67,0.13525,2,11,-30.99,56.09,0.12595,10,55.28,55.23,0.87405,3,12,-41.05,56.47,0.11235,11,37.46,60.25,0.8058,10,123.59,61.24,0.08185,2,12,5.3,63.93,0.60093,11,84.31,63.09,0.39907,3,13,-30.78,57.59,0.20057,12,38.31,57.82,0.71321,11,116.56,53.76,0.08622,2,13,0.43,51.05,0.65004,12,69.67,52.03,0.34996,2,14,-26.14,43.13,0.09557,13,43.96,45.06,0.90443,2,14,12.12,40.92,0.71622,13,81.93,39.83,0.28378,2,15,-13.58,38.59,0.26746,14,40.29,39.28,0.73254,3,16,-30.8,37.52,0.06052,15,16.6,38.51,0.75735,14,70.41,37.53,0.18213,2,16,4.68,38.59,0.6154,15,52.1,38.41,0.3846,3,17,-26.81,36.95,0.0627,16,19.79,39.05,0.78848,15,67.21,38.37,0.14882,3,18,-19.52,28.94,0.05839,17,25.4,30.22,0.87444,16,71.26,28,0.06717,2,18,2.65,24.4,0.52977,17,47.22,24.16,0.47023,1,18,27.14,19.38,1,2,19,7.65,14.21,0.77505,18,47.18,13.84,0.22495,1,19,25.61,10.54,1,1,19,38.86,3.3,1,1,19,40.33,-0.98,1,1,19,28.73,-10.6,1,2,19,12.71,-15.12,0.84371,18,50.85,-15.7,0.15629,2,19,-1.54,-24.58,0.2757,18,36.17,-24.48,0.7243,3,19,-9.27,-31.91,0.08202,18,28.11,-31.44,0.82495,17,68.79,-33.29,0.09303,2,18,15.21,-34.89,0.74698,17,55.68,-35.85,0.25302,3,18,-8.06,-37.49,0.29767,17,32.28,-36.85,0.63802,16,72.54,-39.41,0.06431,2,17,11.54,-40.26,0.66872,16,51.59,-41.08,0.33128,3,17,-11.33,-43.7,0.23236,16,28.51,-42.61,0.66349,15,73.24,-43.53,0.10415,2,16,5.29,-45.99,0.54701,15,49.93,-46.14,0.45299,3,16,-14.76,-50.21,0.21307,15,29.74,-49.69,0.6394,14,78.66,-51.26,0.14753,2,15,4.84,-53.87,0.50745,14,53.57,-54.06,0.49255,3,14,-12.84,-74.33,0.22555,13,47.97,-73.09,0.45258,12,120.14,-70.95,0.32187,3,12,28.45,-101.01,0.55875,11,91.09,-103.33,0.31433,10,181.64,-100.82,0.12693,4,12,17.67,-155.87,0.29174,11,74.94,-156.85,0.34022,10,166.94,-154.77,0.275,9,268.29,-154.18,0.09304,4,12,-3.86,-206.87,0.20401,11,48.49,-205.48,0.29828,10,141.82,-204.09,0.34031,9,243.34,-203.6,0.1574,4,11,-4.79,-242.84,0.27365,10,89.57,-242.88,0.4336,9,191.23,-242.57,0.29099,5,-271.88,358.75,0.00177,4,11,-51.92,-264.82,0.20782,10,43.06,-266.13,0.41484,9,144.8,-265.98,0.37197,5,-220.45,366.42,0.00537,4,10,-13.55,-276.85,0.33508,9,88.23,-276.9,0.41549,3,-121.51,268.53,0.23655,5,-163.31,359.05,0.01288,4,11,-158.43,-282.02,0.07941,10,-62.95,-286.21,0.24608,9,38.86,-286.43,0.39147,3,-73.05,281.92,0.28304,2,17,-0.25,33.49,0.47966,16,45.96,33.39,0.52034,4,12,-48.96,-96.21,0.19026,11,14.53,-90.91,0.39223,10,104.77,-90.48,0.34687,9,205.89,-90.12,0.07063,4,11,-50.19,-113.74,0.19492,10,40.7,-115.06,0.52088,9,141.91,-114.92,0.28329,5,-265.07,222.07,0.00092,4,10,-67.23,-114.18,0.17128,9,33.98,-114.42,0.55034,3,-54.61,110.83,0.26588,5,-162.74,187.75,0.0125,4,9,-50.94,-113.44,0.26423,3,30.12,116.55,0.54656,4,-51.68,117.04,0.13133,5,-82.41,160.2,0.05788,3,3,134.32,97.09,0.26548,4,52.33,96.6,0.44165,5,6.1,101.89,0.29287],"hull":51,"edges":[2,4,10,12,32,34,34,36,28,30,30,32,26,28,22,24,24,26,36,38,38,40,40,42,42,44,44,46,46,48,48,102,102,50,50,52,52,54,54,56,56,58,60,62,58,60,62,64,64,66,66,68,68,70,70,72,72,74,74,76,76,78,78,80,80,82,82,84,84,86,86,88,88,90,90,92,94,96,92,94,96,98,98,100,2,0,0,100,4,6,6,8,8,10,20,22,18,20,16,18,12,14,14,16,48,50],"width":870,"height":374}},"body":{"body":{"type":"mesh","uvs":[1,0.082,1,0.16178,0.99413,0.24852,0.97968,0.32556,0.95762,0.41173,0.93482,0.47778,0.91767,0.52749,0.88555,0.58819,0.85076,0.64827,0.81691,0.69474,0.77802,0.72992,0.73386,0.76987,0.6875,0.78711,0.64383,0.78974,0.58981,0.77464,0.54927,0.74922,0.50973,0.71499,0.46997,0.70714,0.42816,0.70438,0.39031,0.7058,0.34914,0.70734,0.30031,0.69369,0.25357,0.68062,0.21821,0.67073,0.17894,0.6502,0.14875,0.63303,0.10252,0.57954,0.0565,0.50251,0.02011,0.44159,0,0.39277,0,0.36985,0.02127,0.36779,0.04887,0.37857,0.08662,0.38716,0.12541,0.38833,0.16373,0.38157,0.19691,0.37541,0.21943,0.36524,0.23766,0.35701,0.26625,0.34409,0.28709,0.33184,0.32241,0.31109,0.35034,0.29468,0.38459,0.26072,0.42832,0.21737,0.46,0.18596,0.49555,0.15072,0.53231,0.11428,0.57136,0.07556,0.60826,0.03899,0.64897,0.01955,0.69471,0.01759,0.74499,0.0289,0.80066,0.06019,0.83792,0.08113,0.87414,0.10148,0.90659,0.11972,0.94497,0.00587,0.97411,0.0062],"triangles":[58,0,1,1,57,58,1,2,57,57,3,56,2,3,57,4,56,3,5,56,4,6,56,5,6,7,55,6,55,56,7,8,54,7,54,55,8,9,53,8,53,54,10,53,9,10,52,53,11,51,52,11,52,10,51,11,12,12,50,51,18,43,44,19,43,18,44,45,17,18,44,17,14,48,49,15,48,14,49,13,14,13,49,50,50,12,13,15,47,48,16,17,45,16,46,47,16,45,46,16,47,15,24,35,36,23,36,37,24,36,23,21,40,41,42,43,19,20,41,42,20,42,19,21,41,20,22,38,39,23,37,38,22,23,38,39,40,21,22,39,21,25,34,35,26,34,25,25,35,24,26,33,34,27,33,26,29,30,31,28,29,31,28,31,32,27,32,33,28,32,27],"vertices":[1,6,72.67,17.76,1,1,6,62.87,-0.98,1,1,6,47.6,-18.93,1,2,5,88.92,-28.73,0.0977,6,26.76,-31.08,0.9023,3,4,158.63,-15.55,0.00067,5,61.99,-42.18,0.60614,6,-1.2,-42.22,0.39319,3,4,138.2,-32.86,0.05823,5,36.52,-50.46,0.86883,6,-27.27,-48.35,0.07294,3,4,122.83,-45.89,0.20861,5,17.36,-56.7,0.78352,6,-46.89,-52.96,0.00787,3,3,177.59,-60.83,0.00859,4,94.13,-61.71,0.60423,5,-15.19,-60.46,0.38717,4,9,-151.86,88.46,0.00035,3,146.66,-76.75,0.08375,4,63.05,-77.34,0.82666,5,-49.87,-63.16,0.08924,4,9,-120.89,98.36,0.01073,3,116.57,-89.06,0.25588,4,32.85,-89.38,0.72436,5,-82.39,-62.85,0.00903,3,9,-85.69,104.93,0.06226,3,81.99,-98.39,0.49251,4,-1.82,-98.38,0.44523,4,10,-146.13,112.89,0.00081,9,-45.72,112.38,0.21531,3,42.73,-108.97,0.60351,4,-41.17,-108.59,0.18038,4,10,-104.69,114.05,0.01951,9,-4.27,113.68,0.46191,3,1.52,-113.54,0.46978,4,-82.43,-112.78,0.0488,4,10,-65.93,111.55,0.08866,9,34.49,111.32,0.65385,3,-37.31,-114.24,0.25072,4,-121.26,-113.11,0.00677,4,10,-18.41,103.6,0.31502,9,82.04,103.54,0.62013,11,-103.34,106.44,0.00026,3,-85.32,-110.24,0.06458,4,10,16.96,93.92,0.57983,9,117.44,93.98,0.39098,11,-68.25,95.81,0.01752,3,-121.37,-103.5,0.01167,4,10,51.24,81.99,0.73973,9,151.77,82.16,0.13094,11,-34.3,82.95,0.12909,3,-156.52,-94.43,0.00024,5,13,-148.17,72.08,0.00199,12,-79.38,69.52,0.00192,10,86.29,77,0.54722,9,186.84,77.3,0.01708,11,0.6,77.02,0.4318,4,13,-111.04,70.07,0.03108,12,-42.22,68.39,0.06145,10,123.28,73.21,0.18623,11,37.47,72.22,0.72124,4,13,-77.4,69.28,0.14125,12,-8.57,68.41,0.25749,10,156.85,70.82,0.02781,11,70.96,68.92,0.57345,4,13,-40.81,68.43,0.43725,12,28.03,68.42,0.37712,10,193.35,68.21,0.00003,11,107.38,65.32,0.1856,4,13,2.45,63.32,0.89973,12,71.4,64.34,0.08464,14,-68.97,58.07,0.00704,11,150.13,56.98,0.00858,2,13,43.86,58.43,0.83687,14,-27.3,56.45,0.16313,3,15,-50.46,52.52,0.01862,13,75.19,54.73,0.45331,14,4.23,55.23,0.52807,4,16,-62.96,48.54,0.00066,15,-15.18,50.58,0.2565,13,109.89,48.08,0.07365,14,39.34,51.34,0.66919,4,16,-35.76,47.58,0.04899,15,11.97,48.73,0.618,13,136.56,42.61,0.00272,14,66.36,47.99,0.33028,3,16,6.85,38.96,0.59085,15,54.27,38.71,0.40223,14,108.04,35.66,0.00692,2,17,4.64,24.6,0.55899,16,50.1,24.13,0.44101,1,17,39.7,15.76,1,2,17,59.93,6.95,1,16,103.73,1.94,0,2,17,61.23,1.02,1,16,104.53,-4.08,0,1,17,42.87,-3.57,1,1,17,18.3,-6.03,1,1,16,27.6,-9.71,1,2,16,-6.62,-13.96,0.10892,15,39.07,-13.73,0.89108,2,15,5.35,-18.91,0.68964,14,56.01,-19.17,0.31036,3,15,-23.84,-23.46,0.00429,13,91.41,-24.14,0.01148,14,26.61,-22.11,0.98422,3,13,71.31,-26.14,0.34354,12,142.36,-23.47,0.00264,14,6.73,-25.69,0.65382,3,13,55.04,-27.77,0.77788,12,126.13,-25.48,0.02229,14,-9.36,-28.59,0.19983,3,13,29.52,-30.31,0.8181,12,100.68,-28.63,0.18067,14,-34.6,-33.14,0.00123,2,13,10.89,-32.92,0.49609,12,82.12,-31.67,0.50391,3,13,-20.68,-37.33,0.01418,12,50.66,-36.83,0.97787,11,119.52,-41.65,0.00795,2,12,25.79,-40.92,0.84864,11,94.37,-43.26,0.15136,3,12,-4.75,-49.59,0.32729,10,152.2,-47.15,0.0125,11,63.12,-48.88,0.6602,3,12,-43.75,-60.66,0.01545,10,112.5,-55.39,0.25641,11,23.21,-56.04,0.72814,3,10,83.75,-61.37,0.6298,9,184.78,-61.08,0.00464,11,-5.69,-61.24,0.36555,3,10,51.49,-68.07,0.83789,9,152.53,-67.89,0.07968,11,-38.13,-67.07,0.08243,4,10,18.12,-75.01,0.65472,9,119.19,-74.94,0.3382,11,-71.67,-73.09,0.0053,3,-136.44,64.76,0.00178,3,10,-17.32,-82.37,0.29354,9,83.78,-82.43,0.67347,3,-101.73,75.02,0.03299,3,10,-50.81,-89.33,0.08782,9,50.31,-89.51,0.7741,3,-68.92,84.71,0.13808,4,10,-87.3,-91.48,0.01216,9,13.83,-91.79,0.6217,3,-32.73,89.86,0.36577,4,-114.78,90.94,0.00037,3,9,-26.75,-89.1,0.29315,3,7.93,90.38,0.68171,4,-74.11,91.07,0.02514,4,9,-71.07,-82.58,0.0528,3,52.63,87.38,0.76312,4,-29.44,87.66,0.18063,5,-72.97,124.59,0.00345,4,9,-119.76,-70.41,0.00019,3,102.12,79.09,0.36413,4,19.97,78.91,0.5691,5,-30.55,97.77,0.06658,4,3,135.24,73.54,0.10863,4,53.04,73.05,0.65938,5,-2.17,79.82,0.23137,6,-54.92,84.71,0.00061,4,3,167.44,68.15,0.01355,4,85.18,67.35,0.41931,5,25.42,62.37,0.51827,6,-28.89,65.02,0.04887,3,4,113.99,62.25,0.09831,5,50.15,46.74,0.53078,6,-5.56,47.37,0.37091,3,4,148.39,92.1,0.00019,5,93.3,61.33,0.04821,6,38.66,58.3,0.9516,2,5,117.14,51.21,0.00409,6,61.57,46.22,0.99591],"hull":59,"edges":[0,116,0,2,112,114,114,116,58,60,58,56,60,62,62,64,64,66,66,68,68,70,70,72,74,72,78,76,76,74,78,80,80,82,82,84,84,86,86,88,88,90,90,92,92,94,94,96,96,98,98,100,100,102,102,104,104,106,106,108,108,110,110,112,2,4,4,6,6,8,8,10,10,12,12,14,14,16,16,18,18,20,20,22,22,24,24,26,34,32,32,30,26,28,30,28,34,36,40,38,38,36,54,56,52,54,52,50,50,48,48,46,44,46,40,42,42,44],"width":889,"height":265}},"eye_close":{"eye_close":{"x":16.12,"y":6.76,"rotation":10.01,"width":54,"height":46}},"head":{"head":{"x":23.89,"y":-1.11,"rotation":10.01,"width":258,"height":245}},"leg_1":{"leg_1":{"type":"mesh","uvs":[0.69297,0.02891,0.8405,0.06428,0.89333,0.2178,0.96106,0.45807,0.97658,0.6335,0.96755,0.71898,0.95712,0.81768,0.94201,0.89751,0.92535,0.94935,0.87893,0.96767,0.71429,0.98904,0.46967,0.92591,0.28518,0.84215,0.21238,0.79054,0.12711,0.68705,0.07963,0.59705,0.03303,0.50872,0,0.41839,0,0.348,0.04811,0.19817,0.22566,0.10542,0.46145,0.04584,0.51246,0.38906,0.61405,0.80577],"triangles":[23,14,22,5,23,4,3,22,2,22,4,23,2,0,1,3,4,22,14,15,22,15,16,22,20,18,19,22,18,20,17,18,22,22,16,17,2,22,0,20,21,22,22,21,0,10,23,9,8,9,7,11,23,10,6,23,5,23,13,14,7,23,6,12,13,23,11,12,23,7,9,23],"vertices":[1,21,-12.81,31.85,1,1,21,-4.46,48.95,1,1,21,17.02,51.28,1,1,21,50.26,53.09,1,2,22,-46.81,21.39,0.09532,21,73.68,50.26,0.90468,2,22,-37.47,28.11,0.22182,21,84.67,46.84,0.77818,2,22,-26.68,35.88,0.43867,21,97.36,42.9,0.56133,2,22,-17.41,41.53,0.60627,21,107.46,38.9,0.39373,2,22,-10.82,44.56,0.67229,21,113.85,35.46,0.32771,2,22,-5.14,41.83,0.7145,21,115.08,29.28,0.2855,2,22,10.61,28.28,0.93375,21,113.74,8.55,0.06625,1,22,24.48,-0.25,1,2,22,31.3,-24.98,0.63455,21,83.66,-40.03,0.36545,2,22,32.13,-36.38,0.48613,21,75.05,-47.55,0.51387,2,22,28.77,-53.54,0.2974,21,59.32,-55.2,0.7026,2,22,23.64,-65.97,0.1878,21,46.32,-58.58,0.8122,2,22,18.61,-78.16,0.11414,21,33.55,-61.9,0.88586,2,22,12.26,-89.26,0.07101,21,20.86,-63.51,0.92899,1,21,11.62,-61.61,1,1,21,-6.83,-51.68,1,1,21,-14.54,-27.43,1,1,21,-16.42,3.04,1,1,21,29.91,0.03,1,2,22,0.47,2.65,0.85782,21,87.16,1.22,0.14218],"hull":22,"edges":[36,38,38,40,40,42,42,0,0,2,2,4,4,6,6,8,12,14,8,10,10,12,18,20,18,16,16,14,28,26,26,24,20,22,24,22,28,46,28,30,30,32,34,36,32,34],"width":125,"height":134}},"leg_2":{"leg_2":{"type":"mesh","uvs":[0.66029,0,0.88619,0.0416,0.98665,0.17212,0.95843,0.31038,0.85419,0.38726,0.74393,0.46426,0.65379,0.52727,0.56999,0.58603,0.51116,0.64276,0.61546,0.61844,0.66894,0.6853,0.77502,0.71569,0.84897,0.84674,0.81871,0.99502,0.55645,0.98912,0.37706,0.98509,0.25623,0.98237,0.11892,0.97928,0.03198,0.91597,0.02153,0.81378,0.03689,0.70975,0.07784,0.61362,0.15007,0.44405,0.27692,0.2275,0.53691,0,0.26409,0.64702],"triangles":[3,1,2,4,0,1,4,1,3,5,0,4,5,6,24,5,24,0,23,24,6,22,23,25,6,7,23,7,8,23,25,21,22,23,8,25,20,21,25,25,19,20,25,17,19,15,25,8,17,18,19,16,17,25,16,25,15,10,14,8,10,8,9,15,8,14,11,14,10,11,12,14,13,14,12],"vertices":[1,22,-5.97,-23.29,1,1,22,-27.29,10.61,1,1,22,-23.83,37.09,1,1,22,-4.59,47.46,1,1,22,16.35,41.6,1,1,22,38,34.96,1,1,22,55.71,29.53,1,2,23,52.42,35.07,0.08239,22,72.2,24.51,0.91761,2,23,43.44,24.98,0.47969,22,85.56,22.56,0.52031,2,23,60.99,31.24,0.89827,22,70.68,33.78,0.10173,1,23,71.7,22.35,1,1,23,90.74,20.32,1,1,23,106.37,2.14,1,1,23,104.32,-21.21,1,1,23,58.75,-26.73,1,1,23,27.58,-30.5,1,1,23,6.58,-33.04,1,2,23,-17.28,-35.93,0.75183,22,169.82,5.31,0.24817,2,23,-33.71,-28.4,0.56409,22,172.56,-12.55,0.43591,2,23,-37.72,-13.07,0.37919,22,161.96,-24.32,0.62081,2,23,-37.3,3.16,0.15039,22,148.16,-32.9,0.84961,1,22,132.32,-37.31,1,1,22,104.37,-45.08,1,1,22,64.67,-50.47,1,1,22,8.3,-39.49,1,1,22,114.63,-9.45,1],"hull":25,"edges":[0,48,0,2,2,4,40,38,38,36,36,34,32,34,30,32,26,28,28,30,16,18,18,20,20,22,24,26,22,24,16,14,14,12,12,10,10,8,4,6,8,6,40,42,42,44,46,48,44,46],"width":175,"height":154}},"leg_3":{"leg_3":{"x":47.19,"y":5.74,"rotation":106.84,"width":92,"height":140}},"leg_4":{"leg_4":{"type":"mesh","uvs":[0.25335,0,0.38812,0.05546,0.45888,0.14704,0.45074,0.23827,0.5403,0.46092,0.60543,0.61298,0.638,0.67923,0.75199,0.6423,0.8703,0.67957,0.97967,0.82112,1,0.92262,1,0.99301,0.78714,0.99388,0.57278,0.99477,0.41524,0.99542,0.25309,0.99609,0.21522,0.88737,0.22752,0.81731,0.23909,0.75137,0.19463,0.66833,0.07438,0.48294,0,0.26937,0,0.15092,0.08628,0,0.41696,0.747],"triangles":[12,9,10,8,6,7,12,8,9,11,12,10,12,6,8,13,24,6,13,6,12,14,24,13,3,1,2,0,21,22,0,20,21,23,0,22,0,3,20,20,4,19,1,3,0,4,20,3,24,19,4,5,24,4,24,5,6,18,19,24,24,17,18,14,17,24,16,17,14,15,16,14],"vertices":[1,28,-25.15,17.42,1,1,28,-10.47,32.11,1,1,28,6.03,36.41,1,1,28,18.46,30.36,1,1,28,54.37,29.97,1,2,28,79.09,30.23,0.63822,29,16.2,30.92,0.36178,2,28,90.08,30.89,0.2363,29,22.64,21.99,0.7637,1,29,37.33,30.57,1,1,29,54.79,28.27,1,1,29,74.05,10.28,1,1,29,79.82,-4.2,1,1,29,81.87,-14.63,1,1,29,52.45,-20.56,1,1,29,22.82,-26.53,1,2,28,123.24,-15.66,0.30709,29,1.05,-30.92,0.69291,2,28,115.06,-37.01,0.69106,29,-21.37,-35.44,0.30894,2,28,97.82,-36.05,0.8408,29,-29.78,-20.36,0.1592,2,28,88.59,-30.61,0.93966,29,-30.12,-9.65,0.06034,1,28,79.9,-25.49,1,1,28,65.94,-26.8,1,1,28,33.71,-32.48,1,1,28,-0.15,-30.59,1,1,28,-16.83,-24.12,1,1,28,-33.67,-4.54,1,1,28,88.35,-1.87,1],"hull":24,"edges":[0,46,0,2,18,20,20,22,42,44,44,46,30,32,32,34,34,36,36,38,40,42,38,40,12,14,16,18,14,16,12,10,10,8,8,6,2,4,6,4,28,30,26,28,22,24,24,26],"width":141,"height":151}},"leg_5":{"leg_5":{"x":47.02,"y":5.66,"rotation":104.87,"width":86,"height":120}},"leg_6":{"leg_6":{"type":"mesh","uvs":[0.45843,0,0.55091,0.05111,0.58018,0.10051,0.67074,0.44475,0.70193,0.54296,0.73666,0.62599,0.81376,0.59725,0.89125,0.62572,0.9805,0.77641,1,0.88172,1,0.96871,0.82886,0.96904,0.69912,0.9693,0.5915,0.9695,0.45583,0.96977,0.41994,0.8242,0.44483,0.69888,0.40729,0.61287,0.32862,0.45376,0.25761,0.16573,0.40254,0,0.59211,0.70331],"triangles":[11,8,9,11,6,7,11,7,8,10,11,9,5,6,11,12,21,5,11,12,5,13,21,12,2,18,19,2,19,20,0,2,20,1,2,0,3,18,2,21,16,17,3,17,18,17,3,21,4,21,3,21,4,5,21,15,16,13,15,21,14,15,13],"vertices":[1,31,-18.46,15.04,1,1,31,-6.22,27.51,1,1,31,1.62,29.83,1,1,31,48.72,27.65,1,2,31,62.51,27.9,0.76579,32,10.65,33.48,0.23421,2,31,74.73,29.46,0.33081,32,18.92,24.35,0.66919,2,31,76.42,43.35,0.0651,32,31.28,30.92,0.9349,1,32,45.32,30.3,1,1,32,64.8,14.74,1,1,32,71.1,2.23,1,1,32,73.55,-8.72,1,1,32,44.34,-15.31,1,1,32,22.19,-20.3,1,2,31,106.09,-10.86,0.18866,32,3.82,-24.44,0.81134,2,31,97.12,-32.84,0.68384,32,-19.35,-29.66,0.31616,2,31,77.36,-31.53,0.90476,32,-29.58,-12.71,0.09524,1,31,64.06,-21.36,1,1,31,51.3,-23.23,1,1,31,27.08,-28.18,1,1,31,-12.01,-25.59,1,1,31,-22.17,5.99,1,1,31,74.36,2.27,1],"hull":21,"edges":[0,40,0,2,16,18,18,20,38,40,28,30,30,32,32,34,36,38,34,36,10,12,14,16,12,14,10,8,8,6,2,4,6,4,26,28,24,26,20,22,22,24],"width":175,"height":129}},"leg_7":{"leg_7":{"type":"mesh","uvs":[0.91324,0.03588,0.86097,0.29888,0.80091,0.38415,0.6314,0.49794,0.51127,0.58354,0.44552,0.64615,0.55496,0.62701,0.58787,0.68844,0.70225,0.74181,0.7459,0.87777,0.72425,0.9867,0.5346,0.98429,0.34473,0.98188,0.18423,0.97985,0.08031,0.97853,0.00694,0.89916,0,0.77261,0.04219,0.63757,0.10932,0.49003,0.17158,0.35319,0.27228,0.13186,0.5458,0.01236,0.24664,0.64963],"triangles":[1,21,0,2,21,1,3,21,2,20,21,3,4,19,20,3,4,20,5,19,4,22,18,19,5,22,19,17,18,22,22,15,16,17,22,16,13,14,15,12,22,5,13,22,12,7,11,5,7,5,6,11,7,8,11,8,9,12,5,11,10,11,9,22,13,15],"vertices":[1,25,-48.99,38.07,1,1,25,-13.63,53.79,1,1,25,2.45,52.92,1,1,25,33.45,39.36,1,2,26,57.6,33.95,0.10824,25,55.98,30.19,0.89176,2,26,46.91,24.03,0.53231,25,70.1,26.54,0.46769,2,26,65.75,28.43,0.92729,25,56.23,40.04,0.07271,1,26,72.26,20.18,1,1,26,92.86,14.32,1,1,26,102.17,-4.38,1,1,26,99.75,-20.23,1,1,26,66.66,-22.78,1,1,26,33.53,-25.33,1,1,26,5.52,-27.49,1,2,26,-12.61,-28.89,0.89418,25,146.76,4.96,0.10582,2,26,-26.39,-18.7,0.7051,25,145.62,-12.14,0.2949,2,26,-29.18,-0.78,0.3957,25,132.03,-24.15,0.6043,2,26,-23.51,19.1,0.0618,25,112.23,-30.1,0.9382,1,25,88.35,-33.68,1,1,25,66.2,-37,1,1,25,30.37,-42.37,1,1,25,-12.39,-14.91,1,1,25,91.75,-0.71,1],"hull":22,"edges":[0,42,40,42,32,34,30,32,30,28,26,28,24,26,20,22,22,24,10,12,12,14,14,16,18,20,16,18,10,8,8,6,6,4,0,2,4,2,34,36,36,38,38,40],"width":175,"height":143}},"leg_8":{"leg_8":{"x":74.71,"y":8.6,"rotation":75.73,"width":110,"height":99}},"mouth":{"mouth":{"x":38.41,"y":-7.85,"rotation":30.5,"width":128,"height":77}},"mouth_2":{"mouth_2":{"x":41.14,"y":11.17,"rotation":30.5,"width":90,"height":85}},"shadow":{"shadow":{"x":-2.64,"y":-3.68,"scaleX":2.8318,"scaleY":1.936,"width":165,"height":53}},"tail2":{"tail":{"x":62.36,"y":-4.26,"rotation":-162.41,"width":177,"height":159}}}}],"events":{"finished_attacking":{}},"animations":{"attack":{"slots":{"eye_close":{"attachment":[{"time":0.8667,"name":"eye_close"},{"time":0.9333,"name":null}]}},"bones":{"body4":{"rotate":[{"angle":0.01,"curve":0.349,"c2":0.39,"c3":0.689,"c4":0.74},{"time":0.1333,"angle":-1.04,"curve":0.375,"c2":0.62,"c3":0.716},{"time":0.5,"angle":12.45,"curve":0.326,"c2":0.31,"c3":0.669,"c4":0.67},{"time":0.6667,"angle":0.71,"curve":0.349,"c2":0.39,"c3":0.689,"c4":0.74},{"time":0.8,"angle":-5.92,"curve":0.375,"c2":0.62,"c3":0.716},{"time":0.9333,"angle":2.87,"curve":0.245,"c3":0.637,"c4":0.56},{"time":1.3333,"angle":0.01}]},"body2":{"rotate":[{"angle":-1.63,"curve":0.25,"c3":0.75},{"time":0.6667,"angle":2.87,"curve":0.25,"c3":0.75},{"time":1.3333,"angle":-1.63}]},"body8":{"rotate":[{"angle":-3.39,"curve":0.33,"c2":0.32,"c3":0.67,"c4":0.68},{"time":0.1333,"angle":1.07,"curve":0.349,"c2":0.39,"c3":0.689,"c4":0.74},{"time":0.2667,"angle":5,"curve":0.375,"c2":0.62,"c3":0.716},{"time":0.4,"angle":7.19,"curve":0.271,"c3":0.619,"c4":0.41},{"time":0.6667,"angle":37.72,"curve":0.322,"c2":0.3,"c3":0.659,"c4":0.64},{"time":0.8,"angle":-21.16,"curve":0.367,"c2":0.46,"c3":0.754},{"time":1.3333,"angle":-3.39}],"scale":[{"time":0.6667,"curve":0.25,"c3":0.75},{"time":0.8,"x":1.214,"y":1.214,"curve":0.25,"c3":0.75},{"time":1.3333}]},"body3":{"rotate":[{"angle":-1.04,"curve":0.375,"c2":0.62,"c3":0.716},{"time":0.1333,"angle":-1.63,"curve":0.247,"c3":0.63,"c4":0.53},{"time":0.5,"angle":13.56,"curve":0.349,"c2":0.39,"c3":0.692,"c4":0.75},{"time":0.6667,"angle":1.78,"curve":0.375,"c2":0.62,"c3":0.716},{"time":0.8,"angle":-5.17,"curve":0.243,"c3":0.68,"c4":0.71},{"time":1.3333,"angle":-1.04}]},"body":{"rotate":[{"curve":0.25,"c3":0.625,"c4":0.5},{"time":0.6667,"angle":6.67,"curve":0.336,"c2":0.34,"c3":0.671,"c4":0.68},{"time":0.8333,"angle":-15.03,"curve":0.382,"c2":0.56,"c3":0.74},{"time":1.3333}],"translate":[{"curve":0.25,"c3":0.75},{"time":0.6667,"x":-82.4,"y":-94.5,"curve":0.276,"c3":0.621,"c4":0.4},{"time":0.8333,"x":97.37,"y":-43.58,"curve":0.333,"c2":0.33,"c3":0.758},{"time":1.3333}]},"body16":{"rotate":[{"angle":-0.28,"curve":0.34,"c2":0.35,"c3":0.677,"c4":0.7},{"time":0.1,"angle":-4.43,"curve":0.349,"c2":0.39,"c3":0.685,"c4":0.74},{"time":0.5,"angle":-36.88,"curve":0.337,"c2":0.35,"c3":0.671,"c4":0.68},{"time":0.5667,"angle":-1.53,"curve":0.33,"c2":0.32,"c3":0.67,"c4":0.68},{"time":0.7,"angle":4.25,"curve":0.339,"c2":0.35,"c3":0.674,"c4":0.69},{"time":0.7667,"angle":37.18,"curve":0.338,"c2":0.35,"c3":0.672,"c4":0.69},{"time":0.8,"angle":64.17,"curve":0.34,"c2":0.36,"c3":0.674,"c4":0.69},{"time":0.8333,"angle":-12.13,"curve":0.342,"c2":0.37,"c3":0.675,"c4":0.71},{"time":0.8667,"angle":15.39,"curve":0.343,"c2":0.39,"c3":0.677,"c4":0.73},{"time":0.9,"angle":-6.34,"curve":0.343,"c2":0.41,"c3":0.677,"c4":0.75},{"time":1.1667,"angle":24.41,"curve":0.32,"c2":0.29,"c3":0.663,"c4":0.66},{"time":1.3333,"angle":-0.28}],"scale":[{"curve":0.25,"c3":0.75},{"time":0.7667,"x":0.921,"y":0.921,"curve":0.25,"c3":0.625,"c4":0.5},{"time":0.8,"x":0.81,"y":0.81,"curve":0.375,"c2":0.5,"c3":0.75},{"time":0.8333,"x":0.921,"y":0.921,"curve":0.25,"c3":0.75},{"time":0.9,"x":0.838,"y":0.838,"curve":0.25,"c3":0.75},{"time":1.3333}]},"body5":{"rotate":[{"angle":1.2,"curve":0.33,"c2":0.32,"c3":0.67,"c4":0.68},{"time":0.1333,"angle":0.01,"curve":0.349,"c2":0.39,"c3":0.689,"c4":0.74},{"time":0.5,"angle":11.57,"curve":0.301,"c2":0.22,"c3":0.645,"c4":0.59},{"time":0.6667,"angle":-0.48,"curve":0.33,"c2":0.32,"c3":0.67,"c4":0.68},{"time":0.8,"angle":-40.78,"curve":0.381,"c2":0.55,"c3":0.742},{"time":1.0667,"angle":2.87,"curve":0.258,"c3":0.619,"c4":0.45},{"time":1.3333,"angle":1.2}]},"body7":{"rotate":[{"angle":1.07,"curve":0.349,"c2":0.39,"c3":0.689,"c4":0.74},{"time":0.1333,"angle":5,"curve":0.375,"c2":0.62,"c3":0.716},{"time":0.2667,"angle":7.19,"curve":0.26,"c3":0.618,"c4":0.44},{"time":0.6667,"angle":38.04,"curve":0.329,"c2":0.32,"c3":0.664,"c4":0.66},{"time":0.8,"angle":-51.06,"curve":0.375,"c2":0.5,"c3":0.75},{"time":1.3333,"angle":1.07}],"scale":[{"time":0.6667,"curve":0.25,"c3":0.75},{"time":0.8,"x":1.214,"y":1.214,"curve":0.25,"c3":0.75},{"time":1.3333}]},"body14":{"rotate":[{"angle":-0.28,"curve":0.34,"c2":0.35,"c3":0.677,"c4":0.7},{"time":0.1,"angle":-4.43,"curve":0.345,"c2":0.38,"c3":0.681,"c4":0.72},{"time":0.5,"angle":-11.51,"curve":0.341,"c2":0.37,"c3":0.674,"c4":0.7},{"time":0.6667,"angle":33.05,"curve":0.331,"c2":0.32,"c3":0.664,"c4":0.66},{"time":0.7667,"angle":23.41,"curve":0.333,"c2":0.33,"c3":0.666,"c4":0.66},{"time":0.8,"angle":23.03,"curve":0.333,"c2":0.33,"c3":0.666,"c4":0.66},{"time":0.8333,"angle":0.17,"curve":0.333,"c2":0.33,"c3":0.666,"c4":0.66},{"time":0.8667,"angle":17.05,"curve":0.333,"c2":0.33,"c3":0.666,"c4":0.66},{"time":0.9,"angle":-15.95,"curve":0.33,"c2":0.32,"c3":0.664,"c4":0.66},{"time":1.1667,"angle":24.41,"curve":0.32,"c2":0.29,"c3":0.663,"c4":0.66},{"time":1.3333,"angle":-0.28}],"scale":[{"curve":0.25,"c3":0.75},{"time":0.7667,"x":0.921,"y":0.921,"curve":0.25,"c3":0.625,"c4":0.5},{"time":0.8,"x":0.81,"y":0.81,"curve":0.375,"c2":0.5,"c3":0.75},{"time":0.8333,"x":0.921,"y":0.921,"curve":0.25,"c3":0.75},{"time":0.9,"x":0.838,"y":0.838,"curve":0.25,"c3":0.75},{"time":1.3333}]},"body11":{"rotate":[{"angle":-7.83,"curve":0.369,"c2":0.63,"c3":0.706},{"time":0.1,"angle":-9.64,"curve":0.284,"c3":0.625,"c4":0.38},{"time":0.2333,"angle":-6.82,"curve":0.311,"c2":0.26,"c3":0.651,"c4":0.61},{"time":0.3667,"angle":-1.53,"curve":0.331,"c2":0.33,"c3":0.665,"c4":0.66},{"time":0.6667,"angle":34.89,"curve":0.333,"c2":0.33,"c3":0.666,"c4":0.67},{"time":0.8,"angle":-27.51,"curve":0.333,"c2":0.33,"c3":0.667,"c4":0.67},{"time":0.9,"angle":-32.15,"curve":0.335,"c2":0.34,"c3":0.669,"c4":0.68},{"time":1.3333,"angle":-7.83}],"scale":[{"time":0.6667,"curve":0.242,"c3":0.667,"c4":0.67},{"time":0.7667,"x":1.082,"y":1.082,"curve":0.379,"c2":0.6,"c3":0.724},{"time":0.8,"x":1.068,"y":1.068,"curve":0.314,"c3":0.649,"c4":0.35},{"time":0.8333,"x":1.21,"y":1.21,"curve":0.306,"c2":0.18,"c3":0.642,"c4":0.53},{"time":0.9,"x":1.083,"y":1.083,"curve":0.3,"c2":0.23,"c3":0.662,"c4":0.65},{"time":1.3333}]},"body15":{"rotate":[{"angle":-0.28,"curve":0.34,"c2":0.35,"c3":0.677,"c4":0.7},{"time":0.1,"angle":-4.43,"curve":0.345,"c2":0.38,"c3":0.681,"c4":0.72},{"time":0.5,"angle":-11.51,"curve":0.341,"c2":0.37,"c3":0.674,"c4":0.7},{"time":0.6667,"angle":33.05,"curve":0.331,"c2":0.32,"c3":0.664,"c4":0.66},{"time":0.7667,"angle":23.41,"curve":0.333,"c2":0.33,"c3":0.666,"c4":0.66},{"time":0.8,"angle":23.03,"curve":0.333,"c2":0.33,"c3":0.666,"c4":0.66},{"time":0.8333,"angle":0.17,"curve":0.333,"c2":0.33,"c3":0.666,"c4":0.66},{"time":0.8667,"angle":17.05,"curve":0.333,"c2":0.33,"c3":0.666,"c4":0.66},{"time":0.9,"angle":-15.95,"curve":0.33,"c2":0.32,"c3":0.664,"c4":0.66},{"time":1.1667,"angle":24.41,"curve":0.32,"c2":0.29,"c3":0.663,"c4":0.66},{"time":1.3333,"angle":-0.28}],"scale":[{"curve":0.25,"c3":0.75},{"time":0.7667,"x":0.921,"y":0.921,"curve":0.25,"c3":0.625,"c4":0.5},{"time":0.8,"x":0.81,"y":0.81,"curve":0.375,"c2":0.5,"c3":0.75},{"time":0.8333,"x":0.921,"y":0.921,"curve":0.25,"c3":0.75},{"time":0.9,"x":0.838,"y":0.838,"curve":0.25,"c3":0.75},{"time":1.3333}]},"body12":{"rotate":[{"angle":-4.43,"curve":0.352,"c2":0.41,"c3":0.689,"c4":0.75},{"time":0.1,"angle":-7.83,"curve":0.357,"c2":0.49,"c3":0.692,"c4":0.84},{"time":0.5,"angle":-7.18,"curve":0.347,"c2":0.66,"c3":0.68},{"time":0.6667,"angle":32.27,"curve":0.331,"c2":0.33,"c3":0.665,"c4":0.66},{"time":0.7667,"angle":15.73,"curve":0.333,"c2":0.33,"c3":0.666,"c4":0.66},{"time":0.8,"angle":13.07,"curve":0.333,"c2":0.33,"c3":0.666,"c4":0.66},{"time":0.8333,"angle":-18.29,"curve":0.332,"c2":0.33,"c3":0.665,"c4":0.66},{"time":0.9,"angle":-24.88,"curve":0.33,"c2":0.32,"c3":0.663,"c4":0.66},{"time":1.1667,"angle":2.63,"curve":0.337,"c2":0.34,"c3":0.68,"c4":0.71},{"time":1.3333,"angle":-4.43}],"scale":[{"time":0.6667,"curve":0.242,"c3":0.667,"c4":0.67},{"time":0.7667,"x":1.082,"y":1.082,"curve":0.379,"c2":0.6,"c3":0.724},{"time":0.8,"x":1.068,"y":1.068,"curve":0.314,"c3":0.649,"c4":0.35},{"time":0.8333,"x":1.21,"y":1.21,"curve":0.306,"c2":0.18,"c3":0.642,"c4":0.53},{"time":0.9,"x":1.083,"y":1.083,"curve":0.3,"c2":0.23,"c3":0.662,"c4":0.65},{"time":1.3333}]},"head":{"rotate":[{"angle":1.2,"curve":0.33,"c2":0.32,"c3":0.67,"c4":0.68},{"time":0.1333,"angle":0.01,"curve":0.349,"c2":0.39,"c3":0.689,"c4":0.74},{"time":0.2667,"angle":-1.04,"curve":0.375,"c2":0.62,"c3":0.716},{"time":0.4,"angle":-1.63,"curve":0.25,"c3":0.75},{"time":1.0667,"angle":2.87,"curve":0.258,"c3":0.619,"c4":0.45},{"time":1.3333,"angle":1.2}]},"body17":{"rotate":[{"angle":-0.28,"curve":0.34,"c2":0.35,"c3":0.677,"c4":0.7},{"time":0.1,"angle":-4.43,"curve":0.345,"c2":0.38,"c3":0.681,"c4":0.72},{"time":0.5,"angle":-15.58,"curve":0.341,"c2":0.37,"c3":0.674,"c4":0.7},{"time":0.6667,"angle":27.59,"curve":0.331,"c2":0.32,"c3":0.664,"c4":0.66},{"time":0.7667,"angle":23.41,"curve":0.333,"c2":0.33,"c3":0.666,"c4":0.66},{"time":0.8,"angle":23.03,"curve":0.333,"c2":0.33,"c3":0.666,"c4":0.66},{"time":0.8333,"angle":0.17,"curve":0.333,"c2":0.33,"c3":0.666,"c4":0.66},{"time":0.8667,"angle":17.05,"curve":0.333,"c2":0.33,"c3":0.666,"c4":0.66},{"time":0.9,"angle":-15.95,"curve":0.33,"c2":0.32,"c3":0.664,"c4":0.66},{"time":1.1667,"angle":24.41,"curve":0.32,"c2":0.29,"c3":0.663,"c4":0.66},{"time":1.3333,"angle":-0.28}],"scale":[{"curve":0.25,"c3":0.75},{"time":0.7667,"x":0.921,"y":0.921,"curve":0.25,"c3":0.625,"c4":0.5},{"time":0.8,"x":0.81,"y":0.81,"curve":0.375,"c2":0.5,"c3":0.75},{"time":0.8333,"x":0.921,"y":0.921,"curve":0.25,"c3":0.75},{"time":0.9,"x":0.838,"y":0.838,"curve":0.25,"c3":0.75},{"time":1.3333}]},"body13":{"rotate":[{"angle":-0.28,"curve":0.34,"c2":0.35,"c3":0.677,"c4":0.7},{"time":0.1,"angle":-4.43,"curve":0.345,"c2":0.38,"c3":0.681,"c4":0.72},{"time":0.5,"angle":-11.51,"curve":0.341,"c2":0.37,"c3":0.674,"c4":0.7},{"time":0.6667,"angle":33.05,"curve":0.331,"c2":0.32,"c3":0.664,"c4":0.66},{"time":0.7667,"angle":23.41,"curve":0.333,"c2":0.33,"c3":0.666,"c4":0.66},{"time":0.8,"angle":23.03,"curve":0.333,"c2":0.33,"c3":0.666,"c4":0.66},{"time":0.8333,"angle":-8.65,"curve":0.332,"c2":0.33,"c3":0.665,"c4":0.66},{"time":0.9,"angle":-15.95,"curve":0.33,"c2":0.32,"c3":0.664,"c4":0.66},{"time":1.1667,"angle":24.41,"curve":0.32,"c2":0.29,"c3":0.663,"c4":0.66},{"time":1.3333,"angle":-0.28}],"scale":[{"curve":0.25,"c3":0.75},{"time":0.7667,"x":0.921,"y":0.921,"curve":0.25,"c3":0.625,"c4":0.5},{"time":0.8,"x":0.81,"y":0.81,"curve":0.375,"c2":0.5,"c3":0.75},{"time":0.8333,"x":0.921,"y":0.921,"curve":0.25,"c3":0.75},{"time":0.9,"x":0.838,"y":0.838,"curve":0.25,"c3":0.75},{"time":1.3333}]},"body9":{"rotate":[{"angle":-7.47,"curve":0.311,"c2":0.26,"c3":0.651,"c4":0.61},{"time":0.1333,"angle":-3.39,"curve":0.33,"c2":0.32,"c3":0.67,"c4":0.68},{"time":0.2667,"angle":1.07,"curve":0.349,"c2":0.39,"c3":0.689,"c4":0.74},{"time":0.4,"angle":5,"curve":0.343,"c2":0.38,"c3":0.677,"c4":0.71},{"time":0.6667,"angle":38.01,"curve":0.339,"c2":0.36,"c3":0.673,"c4":0.7},{"time":0.8,"angle":-29.73,"curve":0.363,"c2":0.64,"c3":0.698},{"time":1.3333,"angle":-7.47}],"scale":[{"time":0.6667,"curve":0.242,"c3":0.667,"c4":0.67},{"time":0.7667,"x":1.082,"y":1.082,"curve":0.379,"c2":0.6,"c3":0.724},{"time":0.8,"x":1.068,"y":1.068,"curve":0.314,"c3":0.649,"c4":0.35},{"time":0.8333,"x":1.21,"y":1.21,"curve":0.306,"c2":0.18,"c3":0.642,"c4":0.53},{"time":0.9,"x":1.083,"y":1.083,"curve":0.3,"c2":0.23,"c3":0.662,"c4":0.65},{"time":1.3333}]},"body10":{"rotate":[{"angle":-9.64,"curve":0.284,"c3":0.625,"c4":0.38},{"time":0.1333,"angle":-6.82,"curve":0.311,"c2":0.26,"c3":0.651,"c4":0.61},{"time":0.2667,"angle":-1.53,"curve":0.33,"c2":0.32,"c3":0.67,"c4":0.68},{"time":0.4,"angle":4.25,"curve":0.336,"c2":0.34,"c3":0.67,"c4":0.68},{"time":0.6667,"angle":38.3,"curve":0.336,"c2":0.34,"c3":0.669,"c4":0.67},{"time":0.8,"angle":-25.84,"curve":0.335,"c2":0.34,"c3":0.669,"c4":0.67},{"time":0.9,"angle":-30.92,"curve":0.344,"c2":0.37,"c3":0.679,"c4":0.71},{"time":1.3333,"angle":-9.64}],"scale":[{"time":0.6667,"curve":0.242,"c3":0.667,"c4":0.67},{"time":0.7667,"x":1.082,"y":1.082,"curve":0.379,"c2":0.6,"c3":0.724},{"time":0.8,"x":1.068,"y":1.068,"curve":0.314,"c3":0.649,"c4":0.35},{"time":0.8333,"x":1.21,"y":1.21,"curve":0.306,"c2":0.18,"c3":0.642,"c4":0.53},{"time":0.9,"x":1.083,"y":1.083,"curve":0.3,"c2":0.23,"c3":0.662,"c4":0.65},{"time":1.3333}]},"body6":{"rotate":[{"angle":1.05,"curve":0.375,"c2":0.62,"c3":0.716},{"time":0.1333,"angle":1.16,"curve":0.25,"c3":0.75},{"time":0.8,"angle":0.37,"curve":0.243,"c3":0.68,"c4":0.71},{"time":1.3333,"angle":1.05}]},"mouth":{"rotate":[{"curve":0.25,"c3":0.75},{"time":0.5333,"angle":29.03,"curve":0.29,"c3":0.629,"c4":0.38},{"time":0.6667,"angle":12.21,"curve":0.311,"c2":0.25,"c3":0.757},{"time":1.3333}]},"leg_1":{"translate":[{"curve":0.25,"c3":0.75},{"time":0.6667,"x":-5.27,"y":-22.17,"curve":0.25,"c3":0.75},{"time":0.8333,"x":14,"y":12.49,"curve":0.25,"c3":0.75},{"time":1.3333}]}},"ik":{"leg_6":[{"stretch":true}]},"deform":{"default":{"leg_1":{"leg_1":[{"curve":0.25,"c3":0.75},{"time":0.6667,"vertices":[15.61893,-2.27884,16.99577,-5.65112,18.5322,0.22211,0,0,0,0,0,0,0,0,0,0,0,0,0,0,0,0,0,0,0,0,0,0,0,0,0,0,0,0,0,0,0,0,0,0,0,0,0,0,0,0,0,0,0,0,0,0,0,0,0,0,0,0,0,0,0,0,-28.45372,12.51424,-17.09435,16.96434,-10.2979,14.94325],"curve":0.25,"c3":0.75},{"time":0.8333}]}}},"events":[{"time":0.8333,"name":"finished_attacking"}]},"die":{"slots":{"eye_close":{"attachment":[{"time":0.7667,"name":"eye_close"}]}},"bones":{"body17":{"rotate":[{"angle":-0.28,"curve":0.34,"c2":0.35,"c3":0.677,"c4":0.7},{"time":0.1,"angle":-4.43,"curve":0.352,"c2":0.41,"c3":0.689,"c4":0.75},{"time":0.2,"angle":-7.83,"curve":0.369,"c2":0.63,"c3":0.706},{"time":0.3,"angle":-9.64,"curve":0.284,"c3":0.625,"c4":0.38},{"time":0.4333,"angle":-6.82,"curve":0.311,"c2":0.26,"c3":0.651,"c4":0.61},{"time":0.7667,"angle":20,"curve":0.338,"c2":0.35,"c3":0.671,"c4":0.68},{"time":1,"angle":-27.73,"curve":0.339,"c2":0.35,"c3":0.672,"c4":0.69},{"time":1.2333,"angle":6.8,"curve":0.375,"c2":0.62,"c3":0.716},{"time":1.3,"angle":2.18,"curve":0.25,"c3":0.75},{"time":1.4,"angle":6.8}]},"body10":{"rotate":[{"angle":-9.64,"curve":0.284,"c3":0.625,"c4":0.38},{"time":0.1333,"angle":-6.82,"curve":0.311,"c2":0.26,"c3":0.651,"c4":0.61},{"time":0.2667,"angle":-1.53,"curve":0.33,"c2":0.32,"c3":0.67,"c4":0.68},{"time":0.4,"angle":4.25,"curve":0.349,"c2":0.39,"c3":0.689,"c4":0.74},{"time":0.5333,"angle":9.36,"curve":0.351,"c2":0.42,"c3":0.686,"c4":0.76},{"time":0.6,"angle":11.33,"curve":0.36,"c2":0.64,"c3":0.695},{"time":0.6667,"angle":12.2,"curve":0.25,"c3":0.75},{"time":0.7667,"angle":-14.61,"curve":0.25,"c3":0.75},{"time":1,"angle":7.6}]},"body4":{"rotate":[{"angle":0.01,"curve":0.349,"c2":0.39,"c3":0.689,"c4":0.74},{"time":0.1333,"angle":-1.04,"curve":0.375,"c2":0.62,"c3":0.716},{"time":0.2667,"angle":-1.63,"curve":0.284,"c3":0.625,"c4":0.38},{"time":0.4,"angle":-7.38,"curve":0.311,"c2":0.26,"c3":0.651,"c4":0.61},{"time":0.5333,"angle":0.03,"curve":0.33,"c2":0.32,"c3":0.67,"c4":0.68},{"time":0.6667,"angle":10.33,"curve":0.349,"c2":0.39,"c3":0.689,"c4":0.74},{"time":0.8,"angle":-1.97}]},"body15":{"rotate":[{"angle":-0.28,"curve":0.34,"c2":0.35,"c3":0.677,"c4":0.7},{"time":0.1,"angle":-4.43,"curve":0.352,"c2":0.41,"c3":0.689,"c4":0.75},{"time":0.2,"angle":-7.83,"curve":0.369,"c2":0.63,"c3":0.706},{"time":0.3,"angle":-9.64,"curve":0.284,"c3":0.625,"c4":0.38},{"time":0.4333,"angle":-6.82,"curve":0.311,"c2":0.26,"c3":0.651,"c4":0.61},{"time":0.7667,"angle":20,"curve":0.338,"c2":0.35,"c3":0.671,"c4":0.68},{"time":1,"angle":-27.73,"curve":0.339,"c2":0.35,"c3":0.672,"c4":0.69},{"time":1.2333,"angle":6.8,"curve":0.375,"c2":0.62,"c3":0.716},{"time":1.3,"angle":2.18,"curve":0.25,"c3":0.75},{"time":1.4,"angle":6.8}]},"body13":{"rotate":[{"angle":-0.28,"curve":0.34,"c2":0.35,"c3":0.677,"c4":0.7},{"time":0.1,"angle":-4.43,"curve":0.352,"c2":0.41,"c3":0.689,"c4":0.75},{"time":0.2,"angle":-7.83,"curve":0.369,"c2":0.63,"c3":0.706},{"time":0.3,"angle":-9.64,"curve":0.284,"c3":0.625,"c4":0.38},{"time":0.4333,"angle":-6.82,"curve":0.311,"c2":0.26,"c3":0.651,"c4":0.61},{"time":0.7667,"angle":20,"curve":0.338,"c2":0.35,"c3":0.671,"c4":0.68},{"time":1,"angle":-27.73,"curve":0.339,"c2":0.35,"c3":0.672,"c4":0.69},{"time":1.2333,"angle":6.8,"curve":0.375,"c2":0.62,"c3":0.716},{"time":1.3,"angle":2.18,"curve":0.25,"c3":0.75},{"time":1.4,"angle":6.8}]},"body16":{"rotate":[{"angle":-0.28,"curve":0.34,"c2":0.35,"c3":0.677,"c4":0.7},{"time":0.1,"angle":-4.43,"curve":0.352,"c2":0.41,"c3":0.689,"c4":0.75},{"time":0.2,"angle":-7.83,"curve":0.369,"c2":0.63,"c3":0.706},{"time":0.3,"angle":-9.64,"curve":0.284,"c3":0.625,"c4":0.38},{"time":0.4333,"angle":-6.82,"curve":0.311,"c2":0.26,"c3":0.651,"c4":0.61},{"time":0.7667,"angle":20,"curve":0.338,"c2":0.35,"c3":0.671,"c4":0.68},{"time":1,"angle":-27.73,"curve":0.339,"c2":0.35,"c3":0.672,"c4":0.69},{"time":1.2333,"angle":6.8,"curve":0.375,"c2":0.62,"c3":0.716},{"time":1.3,"angle":2.18,"curve":0.25,"c3":0.75},{"time":1.4,"angle":6.8}]},"body":{"rotate":[{"curve":0.294,"c3":0.631,"c4":0.37},{"time":0.4333,"angle":10.22,"curve":0.25,"c4":0.58},{"time":0.6667,"angle":-5.79}],"translate":[{"curve":0.307,"c3":0.642,"c4":0.36},{"time":0.1333,"x":-5.12,"y":-11.4,"curve":0.298,"c2":0.18,"c3":0.638,"c4":0.55},{"time":0.4333,"x":78.4,"y":-35.01,"curve":0.25,"c4":0.58},{"time":0.6667,"x":138.88,"y":-156.46}]},"body3":{"rotate":[{"angle":-1.04,"curve":0.375,"c2":0.62,"c3":0.716},{"time":0.1333,"angle":-1.63,"curve":0.258,"c3":0.619,"c4":0.45},{"time":0.4,"angle":-6.29,"curve":0.33,"c2":0.32,"c3":0.67,"c4":0.68},{"time":0.5333,"angle":1.22,"curve":0.349,"c2":0.39,"c3":0.689,"c4":0.74},{"time":0.6667,"angle":11.41,"curve":0.375,"c2":0.62,"c3":0.716},{"time":0.8,"angle":-4.56}]},"body14":{"rotate":[{"angle":-0.28,"curve":0.34,"c2":0.35,"c3":0.677,"c4":0.7},{"time":0.1,"angle":-4.43,"curve":0.352,"c2":0.41,"c3":0.689,"c4":0.75},{"time":0.2,"angle":-7.83,"curve":0.369,"c2":0.63,"c3":0.706},{"time":0.3,"angle":-9.64,"curve":0.284,"c3":0.625,"c4":0.38},{"time":0.4333,"angle":-6.82,"curve":0.311,"c2":0.26,"c3":0.651,"c4":0.61},{"time":0.7667,"angle":20,"curve":0.338,"c2":0.35,"c3":0.671,"c4":0.68},{"time":1,"angle":-27.73,"curve":0.339,"c2":0.35,"c3":0.672,"c4":0.69},{"time":1.2333,"angle":6.8,"curve":0.375,"c2":0.62,"c3":0.716},{"time":1.3,"angle":2.18,"curve":0.25,"c3":0.75},{"time":1.4,"angle":6.8}]},"body7":{"rotate":[{"angle":1.07,"curve":0.349,"c2":0.39,"c3":0.689,"c4":0.74},{"time":0.1333,"angle":5,"curve":0.375,"c2":0.62,"c3":0.716},{"time":0.2667,"angle":7.19,"curve":"stepped"},{"time":0.6,"angle":7.19,"curve":0.25,"c3":0.75},{"time":0.7667,"angle":-19.62,"curve":0.25,"c3":0.75},{"time":1,"angle":2.59}]},"body9":{"rotate":[{"angle":-7.47,"curve":0.311,"c2":0.26,"c3":0.651,"c4":0.61},{"time":0.1333,"angle":-3.39,"curve":0.33,"c2":0.32,"c3":0.67,"c4":0.68},{"time":0.2667,"angle":1.07,"curve":0.349,"c2":0.39,"c3":0.689,"c4":0.74},{"time":0.4,"angle":5,"curve":0.375,"c2":0.62,"c3":0.716},{"time":0.5333,"angle":7.19,"curve":"stepped"},{"time":0.6,"angle":7.19,"curve":0.25,"c3":0.75},{"time":0.7667,"angle":-19.62,"curve":0.25,"c3":0.75},{"time":1,"angle":2.59}]},"body8":{"rotate":[{"angle":-3.39,"curve":0.33,"c2":0.32,"c3":0.67,"c4":0.68},{"time":0.1333,"angle":1.07,"curve":0.349,"c2":0.39,"c3":0.689,"c4":0.74},{"time":0.2667,"angle":5,"curve":0.375,"c2":0.62,"c3":0.716},{"time":0.4,"angle":7.19,"curve":"stepped"},{"time":0.6,"angle":7.19,"curve":0.25,"c3":0.75},{"time":0.7667,"angle":-19.62,"curve":0.25,"c3":0.75},{"time":1,"angle":2.59}]},"body2":{"rotate":[{"angle":-1.63,"curve":0.245,"c3":0.637,"c4":0.56},{"time":0.4,"angle":-5.09,"curve":0.349,"c2":0.39,"c3":0.689,"c4":0.74},{"time":0.5333,"angle":2.29,"curve":0.375,"c2":0.62,"c3":0.716},{"time":0.6667,"angle":11.99,"curve":0.284,"c3":0.625,"c4":0.38},{"time":0.8,"angle":2.78}]},"body12":{"rotate":[{"angle":-4.43,"curve":0.352,"c2":0.41,"c3":0.689,"c4":0.75},{"time":0.1,"angle":-7.83,"curve":0.369,"c2":0.63,"c3":0.706},{"time":0.2,"angle":-9.64,"curve":0.284,"c3":0.625,"c4":0.38},{"time":0.3333,"angle":-6.82,"curve":0.311,"c2":0.26,"c3":0.651,"c4":0.61},{"time":0.4667,"angle":-1.53,"curve":0.33,"c2":0.32,"c3":0.67,"c4":0.68},{"time":0.7667,"angle":22.49,"curve":0.337,"c2":0.35,"c3":0.67,"c4":0.68},{"time":1,"angle":-25.12,"curve":0.337,"c2":0.35,"c3":0.671,"c4":0.68},{"time":1.2333,"angle":9.39,"curve":0.348,"c2":0.66,"c3":0.682},{"time":1.3,"angle":4.78,"curve":0.25,"c3":0.75},{"time":1.4,"angle":9.39}]},"body11":{"rotate":[{"angle":-7.83,"curve":0.369,"c2":0.63,"c3":0.706},{"time":0.1,"angle":-9.64,"curve":0.284,"c3":0.625,"c4":0.38},{"time":0.2333,"angle":-6.82,"curve":0.311,"c2":0.26,"c3":0.651,"c4":0.61},{"time":0.3667,"angle":-1.53,"curve":0.33,"c2":0.32,"c3":0.67,"c4":0.68},{"time":0.5,"angle":4.25,"curve":0.344,"c2":0.37,"c3":0.681,"c4":0.71},{"time":0.6,"angle":8.23,"curve":0.34,"c2":0.36,"c3":0.674,"c4":0.69},{"time":0.6333,"angle":9.36,"curve":0.375,"c2":0.62,"c3":0.716},{"time":0.7667,"angle":-17.45,"curve":0.25,"c3":0.75},{"time":1,"angle":4.76}]},"body5":{"rotate":[{"angle":1.2,"curve":0.33,"c2":0.32,"c3":0.67,"c4":0.68},{"time":0.1333,"angle":0.01,"curve":0.349,"c2":0.39,"c3":0.689,"c4":0.74},{"time":0.2667,"angle":-1.04,"curve":0.375,"c2":0.62,"c3":0.716},{"time":0.4,"angle":-7.95,"curve":0.284,"c3":0.625,"c4":0.38},{"time":0.5333,"angle":-1.04,"curve":0.311,"c2":0.26,"c3":0.651,"c4":0.61},{"time":0.6667,"angle":9.12,"curve":0.33,"c2":0.32,"c3":0.67,"c4":0.68},{"time":0.8,"angle":-0.91}]},"head":{"rotate":[{"angle":1.2,"curve":0.33,"c2":0.32,"c3":0.67,"c4":0.68},{"time":0.1333,"angle":0.01,"curve":0.349,"c2":0.39,"c3":0.689,"c4":0.74},{"time":0.2667,"angle":-1.04,"curve":0.375,"c2":0.62,"c3":0.716},{"time":0.4,"angle":-7.95,"curve":0.284,"c3":0.625,"c4":0.38},{"time":0.5333,"angle":-1.04,"curve":0.311,"c2":0.26,"c3":0.651,"c4":0.61},{"time":0.6667,"angle":9.12,"curve":0.33,"c2":0.32,"c3":0.67,"c4":0.68},{"time":0.8,"angle":-0.91}]},"body6":{"rotate":[{"angle":1.05,"curve":0.375,"c2":0.62,"c3":0.716},{"time":0.1333,"angle":1.16,"curve":0.25,"c3":0.75},{"time":0.8,"angle":0.37,"curve":0.243,"c3":0.68,"c4":0.71},{"time":1.3333,"angle":1.05}]},"mouth":{"rotate":[{"time":0.4,"angle":-6.32,"curve":0.25,"c3":0.75},{"time":0.5333,"curve":0.25,"c3":0.75},{"time":0.6667,"angle":9.11,"curve":0.25,"c3":0.625,"c4":0.5},{"time":0.7333,"angle":-20.07,"curve":0.375,"c2":0.5,"c3":0.75},{"time":0.8,"angle":29.19}]},"leg_6":{"translate":[{"time":0.5667,"curve":0.25,"c3":0.75},{"time":0.7,"x":300.51,"y":-23.81}]},"leg_12":{"translate":[{"time":0.5667,"curve":0.25,"c3":0.75},{"time":0.7,"x":300.51,"y":-23.81}]},"leg_3":{"rotate":[{"time":0.5,"curve":0.25,"c3":0.75},{"time":0.6667,"angle":-117.34}],"translate":[{"time":0.5,"curve":0.25,"c3":0.75},{"time":0.6667,"x":29.67,"y":-83.85}]},"leg_10":{"rotate":[{"time":0.5,"curve":0.25,"c3":0.75},{"time":0.6667,"angle":-169.95}],"translate":[{"time":0.5,"curve":0.25,"c3":0.75},{"time":0.6667,"x":-70.95,"y":-14.19}]},"Shadow":{"translate":[{"curve":0.262,"c3":0.618,"c4":0.44},{"time":0.5,"x":116.55,"curve":0.328,"c2":0.32,"c3":0.663,"c4":0.66},{"time":0.6667,"x":102.03}],"scale":[{"curve":0.262,"c3":0.618,"c4":0.44},{"time":0.5,"x":0.954,"y":0.954,"curve":0.328,"c2":0.32,"c3":0.663,"c4":0.66},{"time":0.6667,"x":1.78,"y":1.374}]}}},"idle":{"slots":{"eye_close":{"attachment":[{"time":0.6333,"name":"eye_close"},{"time":0.7333,"name":null}]}},"bones":{"body":{"translate":[{"curve":0.25,"c3":0.75},{"time":0.6667,"y":-24.3,"curve":0.25,"c3":0.75},{"time":1.3333}]},"body2":{"rotate":[{"angle":-1.63,"curve":0.25,"c3":0.75},{"time":0.6667,"angle":2.87,"curve":0.25,"c3":0.75},{"time":1.3333,"angle":-1.63}]},"body3":{"rotate":[{"angle":-1.04,"curve":0.375,"c2":0.62,"c3":0.716},{"time":0.1333,"angle":-1.63,"curve":0.25,"c3":0.75},{"time":0.8,"angle":2.87,"curve":0.243,"c3":0.68,"c4":0.71},{"time":1.3333,"angle":-1.04}]},"body4":{"rotate":[{"angle":0.01,"curve":0.349,"c2":0.39,"c3":0.689,"c4":0.74},{"time":0.1333,"angle":-1.04,"curve":0.375,"c2":0.62,"c3":0.716},{"time":0.2667,"angle":-1.63,"curve":0.25,"c3":0.75},{"time":0.9333,"angle":2.87,"curve":0.245,"c3":0.637,"c4":0.56},{"time":1.3333,"angle":0.01}]},"body5":{"rotate":[{"angle":1.2,"curve":0.33,"c2":0.32,"c3":0.67,"c4":0.68},{"time":0.1333,"angle":0.01,"curve":0.349,"c2":0.39,"c3":0.689,"c4":0.74},{"time":0.2667,"angle":-1.04,"curve":0.375,"c2":0.62,"c3":0.716},{"time":0.4,"angle":-1.63,"curve":0.25,"c3":0.75},{"time":1.0667,"angle":2.87,"curve":0.258,"c3":0.619,"c4":0.45},{"time":1.3333,"angle":1.2}]},"head":{"rotate":[{"angle":1.2,"curve":0.33,"c2":0.32,"c3":0.67,"c4":0.68},{"time":0.1333,"angle":0.01,"curve":0.349,"c2":0.39,"c3":0.689,"c4":0.74},{"time":0.2667,"angle":-1.04,"curve":0.375,"c2":0.62,"c3":0.716},{"time":0.4,"angle":-1.63,"curve":0.25,"c3":0.75},{"time":1.0667,"angle":2.87,"curve":0.258,"c3":0.619,"c4":0.45},{"time":1.3333,"angle":1.2}]},"body7":{"rotate":[{"angle":1.07,"curve":0.349,"c2":0.39,"c3":0.689,"c4":0.74},{"time":0.1333,"angle":5,"curve":0.375,"c2":0.62,"c3":0.716},{"time":0.2667,"angle":7.19,"curve":0.25,"c3":0.75},{"time":0.9333,"angle":-9.64,"curve":0.245,"c3":0.637,"c4":0.56},{"time":1.3333,"angle":1.07}]},"body8":{"rotate":[{"angle":-3.39,"curve":0.33,"c2":0.32,"c3":0.67,"c4":0.68},{"time":0.1333,"angle":1.07,"curve":0.349,"c2":0.39,"c3":0.689,"c4":0.74},{"time":0.2667,"angle":5,"curve":0.375,"c2":0.62,"c3":0.716},{"time":0.4,"angle":7.19,"curve":0.25,"c3":0.75},{"time":1.0667,"angle":-9.64,"curve":0.258,"c3":0.619,"c4":0.45},{"time":1.3333,"angle":-3.39}]},"body9":{"rotate":[{"angle":-7.47,"curve":0.311,"c2":0.26,"c3":0.651,"c4":0.61},{"time":0.1333,"angle":-3.39,"curve":0.33,"c2":0.32,"c3":0.67,"c4":0.68},{"time":0.2667,"angle":1.07,"curve":0.349,"c2":0.39,"c3":0.689,"c4":0.74},{"time":0.4,"angle":5,"curve":0.375,"c2":0.62,"c3":0.716},{"time":0.5333,"angle":7.19,"curve":0.25,"c3":0.75},{"time":1.2,"angle":-9.64,"curve":0.284,"c3":0.625,"c4":0.38},{"time":1.3333,"angle":-7.47}]},"body10":{"rotate":[{"angle":-9.64,"curve":0.284,"c3":0.625,"c4":0.38},{"time":0.1333,"angle":-6.82,"curve":0.311,"c2":0.26,"c3":0.651,"c4":0.61},{"time":0.2667,"angle":-1.53,"curve":0.33,"c2":0.32,"c3":0.67,"c4":0.68},{"time":0.4,"angle":4.25,"curve":0.349,"c2":0.39,"c3":0.689,"c4":0.74},{"time":0.5333,"angle":9.36,"curve":0.375,"c2":0.62,"c3":0.716},{"time":0.6667,"angle":12.2,"curve":0.25,"c3":0.75},{"time":1.3333,"angle":-9.64}]},"body11":{"rotate":[{"angle":-7.83,"curve":0.369,"c2":0.63,"c3":0.706},{"time":0.1,"angle":-9.64,"curve":0.284,"c3":0.625,"c4":0.38},{"time":0.2333,"angle":-6.82,"curve":0.311,"c2":0.26,"c3":0.651,"c4":0.61},{"time":0.3667,"angle":-1.53,"curve":0.33,"c2":0.32,"c3":0.67,"c4":0.68},{"time":0.5,"angle":4.25,"curve":0.349,"c2":0.39,"c3":0.689,"c4":0.74},{"time":0.6333,"angle":9.36,"curve":0.375,"c2":0.62,"c3":0.716},{"time":0.7667,"angle":12.2,"curve":0.244,"c3":0.694,"c4":0.77},{"time":1.3333,"angle":-7.83}]},"body12":{"rotate":[{"angle":-4.43,"curve":0.352,"c2":0.41,"c3":0.689,"c4":0.75},{"time":0.1,"angle":-7.83,"curve":0.369,"c2":0.63,"c3":0.706},{"time":0.2,"angle":-9.64,"curve":0.284,"c3":0.625,"c4":0.38},{"time":0.3333,"angle":-6.82,"curve":0.311,"c2":0.26,"c3":0.651,"c4":0.61},{"time":0.4667,"angle":-1.53,"curve":0.33,"c2":0.32,"c3":0.67,"c4":0.68},{"time":0.6,"angle":4.25,"curve":0.349,"c2":0.39,"c3":0.689,"c4":0.74},{"time":0.7333,"angle":9.36,"curve":0.362,"c2":0.5,"c3":0.7,"c4":0.85},{"time":0.8333,"angle":11.96,"curve":0.348,"c2":0.66,"c3":0.682},{"time":0.8667,"angle":12.2,"curve":0.253,"c3":0.621,"c4":0.48},{"time":1.1667,"angle":2.63,"curve":0.337,"c2":0.34,"c3":0.68,"c4":0.71},{"time":1.3333,"angle":-4.43}]},"body13":{"rotate":[{"angle":-0.28,"curve":0.34,"c2":0.35,"c3":0.677,"c4":0.7},{"time":0.1,"angle":-4.43,"curve":0.352,"c2":0.41,"c3":0.689,"c4":0.75},{"time":0.2,"angle":-7.83,"curve":0.369,"c2":0.63,"c3":0.706},{"time":0.3,"angle":-9.64,"curve":0.284,"c3":0.625,"c4":0.38},{"time":0.4333,"angle":-6.82,"curve":0.311,"c2":0.26,"c3":0.651,"c4":0.61},{"time":0.5667,"angle":-1.53,"curve":0.33,"c2":0.32,"c3":0.67,"c4":0.68},{"time":0.7,"angle":4.25,"curve":0.349,"c2":0.39,"c3":0.689,"c4":0.74},{"time":0.8333,"angle":9.36,"curve":0.375,"c2":0.62,"c3":0.716},{"time":0.9667,"angle":12.2,"curve":0.269,"c3":0.618,"c4":0.42},{"time":1.1667,"angle":6.87,"curve":0.32,"c2":0.29,"c3":0.663,"c4":0.66},{"time":1.3333,"angle":-0.28}]},"body14":{"rotate":[{"angle":-0.28,"curve":0.34,"c2":0.35,"c3":0.677,"c4":0.7},{"time":0.1,"angle":-4.43,"curve":0.352,"c2":0.41,"c3":0.689,"c4":0.75},{"time":0.2,"angle":-7.83,"curve":0.369,"c2":0.63,"c3":0.706},{"time":0.3,"angle":-9.64,"curve":0.284,"c3":0.625,"c4":0.38},{"time":0.4333,"angle":-6.82,"curve":0.311,"c2":0.26,"c3":0.651,"c4":0.61},{"time":0.5667,"angle":-1.53,"curve":0.33,"c2":0.32,"c3":0.67,"c4":0.68},{"time":0.7,"angle":4.25,"curve":0.349,"c2":0.39,"c3":0.689,"c4":0.74},{"time":0.8333,"angle":9.36,"curve":0.375,"c2":0.62,"c3":0.716},{"time":0.9667,"angle":12.2,"curve":0.269,"c3":0.618,"c4":0.42},{"time":1.1667,"angle":6.87,"curve":0.32,"c2":0.29,"c3":0.663,"c4":0.66},{"time":1.3333,"angle":-0.28}]},"body15":{"rotate":[{"angle":-0.28,"curve":0.34,"c2":0.35,"c3":0.677,"c4":0.7},{"time":0.1,"angle":-4.43,"curve":0.352,"c2":0.41,"c3":0.689,"c4":0.75},{"time":0.2,"angle":-7.83,"curve":0.369,"c2":0.63,"c3":0.706},{"time":0.3,"angle":-9.64,"curve":0.284,"c3":0.625,"c4":0.38},{"time":0.4333,"angle":-6.82,"curve":0.311,"c2":0.26,"c3":0.651,"c4":0.61},{"time":0.5667,"angle":-1.53,"curve":0.33,"c2":0.32,"c3":0.67,"c4":0.68},{"time":0.7,"angle":4.25,"curve":0.349,"c2":0.39,"c3":0.689,"c4":0.74},{"time":0.8333,"angle":9.36,"curve":0.375,"c2":0.62,"c3":0.716},{"time":0.9667,"angle":12.2,"curve":0.269,"c3":0.618,"c4":0.42},{"time":1.1667,"angle":6.87,"curve":0.32,"c2":0.29,"c3":0.663,"c4":0.66},{"time":1.3333,"angle":-0.28}]},"body16":{"rotate":[{"angle":-0.28,"curve":0.34,"c2":0.35,"c3":0.677,"c4":0.7},{"time":0.1,"angle":-4.43,"curve":0.352,"c2":0.41,"c3":0.689,"c4":0.75},{"time":0.2,"angle":-7.83,"curve":0.369,"c2":0.63,"c3":0.706},{"time":0.3,"angle":-9.64,"curve":0.284,"c3":0.625,"c4":0.38},{"time":0.4333,"angle":-6.82,"curve":0.311,"c2":0.26,"c3":0.651,"c4":0.61},{"time":0.5667,"angle":-1.53,"curve":0.33,"c2":0.32,"c3":0.67,"c4":0.68},{"time":0.7,"angle":4.25,"curve":0.349,"c2":0.39,"c3":0.689,"c4":0.74},{"time":0.8333,"angle":9.36,"curve":0.375,"c2":0.62,"c3":0.716},{"time":0.9667,"angle":12.2,"curve":0.269,"c3":0.618,"c4":0.42},{"time":1.1667,"angle":6.87,"curve":0.32,"c2":0.29,"c3":0.663,"c4":0.66},{"time":1.3333,"angle":-0.28}]},"body17":{"rotate":[{"angle":-0.28,"curve":0.34,"c2":0.35,"c3":0.677,"c4":0.7},{"time":0.1,"angle":-4.43,"curve":0.352,"c2":0.41,"c3":0.689,"c4":0.75},{"time":0.2,"angle":-7.83,"curve":0.369,"c2":0.63,"c3":0.706},{"time":0.3,"angle":-9.64,"curve":0.284,"c3":0.625,"c4":0.38},{"time":0.4333,"angle":-6.82,"curve":0.311,"c2":0.26,"c3":0.651,"c4":0.61},{"time":0.5667,"angle":-1.53,"curve":0.33,"c2":0.32,"c3":0.67,"c4":0.68},{"time":0.7,"angle":4.25,"curve":0.349,"c2":0.39,"c3":0.689,"c4":0.74},{"time":0.8333,"angle":9.36,"curve":0.375,"c2":0.62,"c3":0.716},{"time":0.9667,"angle":12.2,"curve":0.269,"c3":0.618,"c4":0.42},{"time":1.1667,"angle":6.87,"curve":0.32,"c2":0.29,"c3":0.663,"c4":0.66},{"time":1.3333,"angle":-0.28}]},"body6":{"rotate":[{"angle":1.05,"curve":0.375,"c2":0.62,"c3":0.716},{"time":0.1333,"angle":1.16,"curve":0.25,"c3":0.75},{"time":0.8,"angle":0.37,"curve":0.243,"c3":0.68,"c4":0.71},{"time":1.3333,"angle":1.05}]},"mouth":{"rotate":[{"angle":10.66,"curve":0.375,"c2":0.62,"c3":0.716},{"time":0.1333,"angle":12.37,"curve":0.25,"c3":0.75},{"time":0.8,"angle":-0.73,"curve":0.243,"c3":0.68,"c4":0.71},{"time":1.3333,"angle":10.66}]},"Shadow":{"scale":[{"curve":0.25,"c3":0.75},{"time":0.6667,"x":1.05,"curve":0.25,"c3":0.75},{"time":1.3333}]}}},"run":{"bones":{"body":{"translate":[{"y":-23.15,"curve":0.375,"c2":0.5,"c3":0.75},{"time":0.1333,"y":-46.31,"curve":0.25,"c3":0.75},{"time":0.4,"curve":0.25,"c3":0.75},{"time":0.6667,"y":-46.31,"curve":0.25,"c3":0.75},{"time":0.9333,"curve":0.25,"c3":0.625,"c4":0.5},{"time":1.0667,"y":-23.15}]},"leg_3":{"rotate":[{"angle":-1.42,"curve":0.25,"c3":0.75},{"time":0.4333,"curve":0.25,"c3":0.75},{"time":0.5333,"angle":-16.67,"curve":0.25,"c3":0.75},{"time":0.9,"angle":11.69,"curve":0.25,"c3":0.75},{"time":1.0667,"angle":-1.42}],"translate":[{"x":158.18,"curve":0.25,"c3":0.75},{"time":0.4333,"x":-37.47,"curve":0.374,"c2":0.62,"c3":0.714},{"time":0.5333,"x":-71.21,"y":12.36,"curve":0.286,"c3":0.626,"c4":0.38},{"time":0.6333,"x":-22.41,"y":48.01,"curve":0.3,"c2":0.23,"c3":0.671,"c4":0.68},{"time":0.9,"x":121.59,"y":57.46,"curve":0.382,"c2":0.58,"c3":0.733},{"time":1.0667,"x":158.18}]},"leg_12":{"translate":[{"x":75.04,"curve":0.25,"c3":0.75},{"time":0.5333,"x":-104.84,"curve":0.267,"c3":0.618,"c4":0.42},{"time":0.7,"x":-49.92,"y":29.45,"curve":0.325,"c2":0.31,"c3":0.687,"c4":0.73},{"time":0.9333,"x":50.62,"y":43.42,"curve":0.379,"c2":0.6,"c3":0.724},{"time":1.0667,"x":75.04}]},"leg_10":{"rotate":[{"angle":-17.8,"curve":0.289,"c3":0.628,"c4":0.38},{"time":0.1667,"angle":-44.49,"curve":0.305,"c2":0.24,"c3":0.648,"c4":0.6},{"time":0.4,"angle":19.58,"curve":0.331,"c2":0.33,"c3":0.667,"c4":0.67},{"time":0.5333,"angle":-1.24,"curve":0.379,"c2":0.52,"c3":0.746},{"time":0.9667,"curve":0.25,"c3":0.75},{"time":1.0667,"angle":-17.8}],"translate":[{"x":-83.29,"y":21,"curve":0.267,"c3":0.618,"c4":0.42},{"time":0.1667,"x":-30.45,"y":42.47,"curve":0.325,"c2":0.31,"c3":0.687,"c4":0.73},{"time":0.4,"x":103.18,"y":38.28,"curve":0.379,"c2":0.6,"c3":0.724},{"time":0.5333,"x":121.68,"curve":0.243,"c3":0.683,"c4":0.73},{"time":0.9667,"x":-57.38,"curve":0.374,"c2":0.62,"c3":0.714},{"time":1.0667,"x":-83.29,"y":21}]},"leg_6":{"rotate":[{"angle":-13.6,"curve":0.243,"c3":0.649,"c4":0.6},{"time":0.2667,"angle":-10.59,"curve":0.382,"c2":0.57,"c3":0.735},{"time":0.4,"angle":30.43,"curve":0.25,"c3":0.75},{"time":0.5333,"angle":-5.29,"curve":0.25,"c3":0.75},{"time":0.9333,"curve":0.25,"c3":0.75},{"time":1.0667,"angle":-13.6}],"translate":[{"x":-95.61,"y":14.5,"curve":0.25,"c3":0.75},{"time":0.1333,"x":-53.05,"y":40.6,"curve":0.314,"c2":0.27,"c3":0.686,"c4":0.73},{"time":0.4,"x":84.22,"y":59.28,"curve":0.379,"c2":0.6,"c3":0.724},{"time":0.5333,"x":87.2,"curve":0.25,"c3":0.75},{"time":1.0667,"x":-95.61,"y":14.5}]},"body2":{"rotate":[{"angle":0.95,"curve":0.379,"c2":0.6,"c3":0.724},{"time":0.0667,"angle":2.48,"curve":0.25,"c3":0.75},{"time":0.3333,"angle":-5.79,"curve":0.25,"c3":0.75},{"time":0.6,"angle":2.48,"curve":0.25,"c3":0.75},{"time":0.8667,"angle":-5.79,"curve":0.242,"c3":0.667,"c4":0.67},{"time":1.0667,"angle":0.95}]},"body3":{"rotate":[{"angle":-1.63,"curve":0.343,"c2":0.36,"c3":0.686,"c4":0.73},{"time":0.0667,"angle":0.95,"curve":0.379,"c2":0.6,"c3":0.724},{"time":0.1333,"angle":2.48,"curve":0.25,"c3":0.75},{"time":0.4,"angle":-5.79,"curve":0.25,"c3":0.75},{"time":0.6667,"angle":2.48,"curve":0.25,"c3":0.75},{"time":0.9333,"angle":-5.79,"curve":0.25,"c3":0.625,"c4":0.5},{"time":1.0667,"angle":-1.63}]},"body4":{"rotate":[{"angle":-5.3,"curve":0.289,"c2":0.18,"c3":0.644,"c4":0.59},{"time":0.1,"angle":-1.63,"curve":0.343,"c2":0.36,"c3":0.686,"c4":0.73},{"time":0.1667,"angle":0.95,"curve":0.379,"c2":0.6,"c3":0.724},{"time":0.2333,"angle":2.48,"curve":0.25,"c3":0.75},{"time":0.5,"angle":-5.79,"curve":0.25,"c3":0.75},{"time":0.7667,"angle":2.48,"curve":0.25,"c3":0.75},{"time":1.0333,"angle":-5.79,"curve":0.299,"c3":0.636,"c4":0.36},{"time":1.0667,"angle":-5.3}]},"body5":{"rotate":[{"angle":-5.3,"curve":0.289,"c2":0.18,"c3":0.644,"c4":0.59},{"time":0.1,"angle":-1.63,"curve":0.343,"c2":0.36,"c3":0.686,"c4":0.73},{"time":0.1667,"angle":0.95,"curve":0.379,"c2":0.6,"c3":0.724},{"time":0.2333,"angle":2.48,"curve":0.25,"c3":0.75},{"time":0.5,"angle":-5.79,"curve":0.25,"c3":0.75},{"time":0.7667,"angle":2.48,"curve":0.25,"c3":0.75},{"time":1.0333,"angle":-5.79,"curve":0.299,"c3":0.636,"c4":0.36},{"time":1.0667,"angle":-5.3}]},"head":{"rotate":[{"angle":-5.3,"curve":0.289,"c2":0.18,"c3":0.644,"c4":0.59},{"time":0.1,"angle":-1.63,"curve":0.343,"c2":0.36,"c3":0.686,"c4":0.73},{"time":0.1667,"angle":0.95,"curve":0.379,"c2":0.6,"c3":0.724},{"time":0.2333,"angle":2.48,"curve":0.25,"c3":0.75},{"time":0.5,"angle":-5.79,"curve":0.25,"c3":0.75},{"time":0.7667,"angle":2.48,"curve":0.25,"c3":0.75},{"time":1.0333,"angle":-5.79,"curve":0.299,"c3":0.636,"c4":0.36},{"time":1.0667,"angle":-5.3}]},"body7":{"rotate":[{"angle":2.82,"curve":0.352,"c2":0.41,"c3":0.688,"c4":0.76},{"time":0.0667,"angle":5.32,"curve":0.364,"c2":0.64,"c3":0.701},{"time":0.1333,"angle":6.64,"curve":0.25,"c3":0.75},{"time":0.6667,"angle":-14.34,"curve":0.242,"c3":0.667,"c4":0.67},{"time":1.0667,"angle":2.82}]},"body8":{"rotate":[{"angle":-0.32,"curve":0.343,"c2":0.37,"c3":0.679,"c4":0.71},{"time":0.0667,"angle":2.82,"curve":0.352,"c2":0.41,"c3":0.688,"c4":0.76},{"time":0.1333,"angle":5.32,"curve":0.364,"c2":0.64,"c3":0.701},{"time":0.2,"angle":6.64,"curve":0.25,"c3":0.75},{"time":0.7333,"angle":-14.34,"curve":0.244,"c3":0.641,"c4":0.57},{"time":1.0667,"angle":-0.32}]},"body9":{"rotate":[{"angle":0.07,"curve":0.336,"c2":0.34,"c3":0.671,"c4":0.68},{"time":0.0667,"angle":4.76,"curve":0.343,"c2":0.37,"c3":0.679,"c4":0.71},{"time":0.1333,"angle":9.05,"curve":0.352,"c2":0.41,"c3":0.688,"c4":0.76},{"time":0.2,"angle":12.46,"curve":0.364,"c2":0.64,"c3":0.701},{"time":0.2667,"angle":14.25,"curve":0.25,"c3":0.75},{"time":0.8,"angle":-14.34,"curve":0.25,"c3":0.625,"c4":0.5},{"time":1.0667,"angle":0.07}]},"body10":{"rotate":[{"angle":-4.67,"curve":0.329,"c2":0.32,"c3":0.664,"c4":0.66},{"time":0.0667,"angle":0.07,"curve":0.336,"c2":0.34,"c3":0.671,"c4":0.68},{"time":0.1333,"angle":4.76,"curve":0.343,"c2":0.37,"c3":0.679,"c4":0.71},{"time":0.2,"angle":9.05,"curve":0.352,"c2":0.41,"c3":0.688,"c4":0.76},{"time":0.2667,"angle":12.46,"curve":0.364,"c2":0.64,"c3":0.701},{"time":0.3333,"angle":14.25,"curve":0.25,"c3":0.75},{"time":0.8667,"angle":-14.34,"curve":0.26,"c3":0.618,"c4":0.44},{"time":1.0667,"angle":-4.67}]},"body11":{"rotate":[{"angle":-9.1,"curve":0.321,"c2":0.29,"c3":0.657,"c4":0.63},{"time":0.0667,"angle":-4.67,"curve":0.329,"c2":0.32,"c3":0.664,"c4":0.66},{"time":0.1333,"angle":0.07,"curve":0.336,"c2":0.34,"c3":0.671,"c4":0.68},{"time":0.2,"angle":4.76,"curve":0.343,"c2":0.37,"c3":0.679,"c4":0.71},{"time":0.2667,"angle":9.05,"curve":0.352,"c2":0.41,"c3":0.688,"c4":0.76},{"time":0.3333,"angle":12.46,"curve":0.364,"c2":0.64,"c3":0.701},{"time":0.4,"angle":14.25,"curve":0.25,"c3":0.75},{"time":0.9333,"angle":-14.34,"curve":0.276,"c3":0.621,"c4":0.4},{"time":1.0667,"angle":-9.1}]},"body12":{"rotate":[{"angle":-12.26,"curve":0.312,"c2":0.24,"c3":0.648,"c4":0.59},{"time":0.0667,"angle":-7.8,"curve":0.321,"c2":0.29,"c3":0.657,"c4":0.63},{"time":0.1333,"angle":-2.26,"curve":0.329,"c2":0.32,"c3":0.664,"c4":0.66},{"time":0.2,"angle":3.66,"curve":0.336,"c2":0.34,"c3":0.671,"c4":0.68},{"time":0.2667,"angle":9.53,"curve":0.343,"c2":0.37,"c3":0.679,"c4":0.71},{"time":0.3333,"angle":14.89,"curve":0.352,"c2":0.41,"c3":0.688,"c4":0.76},{"time":0.4,"angle":19.15,"curve":0.364,"c2":0.64,"c3":0.701},{"time":0.4667,"angle":21.39,"curve":0.25,"c3":0.75},{"time":1,"angle":-14.34,"curve":0.299,"c3":0.636,"c4":0.36},{"time":1.0667,"angle":-12.26}]},"body13":{"rotate":[{"angle":-14.34,"curve":0.299,"c3":0.636,"c4":0.36},{"time":0.0667,"angle":-12.7,"curve":0.312,"c2":0.24,"c3":0.648,"c4":0.59},{"time":0.1333,"angle":-9.19,"curve":0.321,"c2":0.29,"c3":0.657,"c4":0.63},{"time":0.2,"angle":-4.84,"curve":0.329,"c2":0.32,"c3":0.664,"c4":0.66},{"time":0.2667,"angle":-0.17,"curve":0.336,"c2":0.34,"c3":0.671,"c4":0.68},{"time":0.3333,"angle":4.44,"curve":0.343,"c2":0.37,"c3":0.679,"c4":0.71},{"time":0.4,"angle":8.66,"curve":0.352,"c2":0.41,"c3":0.688,"c4":0.76},{"time":0.4667,"angle":12.01,"curve":0.364,"c2":0.64,"c3":0.701},{"time":0.5333,"angle":13.78,"curve":0.25,"c3":0.75},{"time":1.0667,"angle":-14.34}]},"body14":{"rotate":[{"angle":-12.57,"curve":0.364,"c2":0.64,"c3":0.701},{"time":0.0667,"angle":-14.34,"curve":0.299,"c3":0.636,"c4":0.36},{"time":0.1333,"angle":-12.7,"curve":0.312,"c2":0.24,"c3":0.648,"c4":0.59},{"time":0.2,"angle":-9.19,"curve":0.321,"c2":0.29,"c3":0.657,"c4":0.63},{"time":0.2667,"angle":-4.84,"curve":0.329,"c2":0.32,"c3":0.664,"c4":0.66},{"time":0.3333,"angle":-0.17,"curve":0.336,"c2":0.34,"c3":0.671,"c4":0.68},{"time":0.4,"angle":4.44,"curve":0.343,"c2":0.37,"c3":0.679,"c4":0.71},{"time":0.4667,"angle":8.66,"curve":0.352,"c2":0.41,"c3":0.688,"c4":0.76},{"time":0.5333,"angle":12.01,"curve":0.364,"c2":0.64,"c3":0.701},{"time":0.6,"angle":13.78,"curve":0.244,"c3":0.702,"c4":0.8},{"time":1.0667,"angle":-12.57}]},"body15":{"rotate":[{"angle":-9.22,"curve":0.352,"c2":0.41,"c3":0.688,"c4":0.76},{"time":0.0667,"angle":-12.57,"curve":0.364,"c2":0.64,"c3":0.701},{"time":0.1333,"angle":-14.34,"curve":0.299,"c3":0.636,"c4":0.36},{"time":0.2,"angle":-12.7,"curve":0.312,"c2":0.24,"c3":0.648,"c4":0.59},{"time":0.2667,"angle":-9.19,"curve":0.321,"c2":0.29,"c3":0.657,"c4":0.63},{"time":0.3333,"angle":-4.84,"curve":0.329,"c2":0.32,"c3":0.664,"c4":0.66},{"time":0.4,"angle":-0.17,"curve":0.336,"c2":0.34,"c3":0.671,"c4":0.68},{"time":0.4667,"angle":4.44,"curve":0.343,"c2":0.37,"c3":0.679,"c4":0.71},{"time":0.5333,"angle":8.66,"curve":0.352,"c2":0.41,"c3":0.688,"c4":0.76},{"time":0.6,"angle":12.01,"curve":0.364,"c2":0.64,"c3":0.701},{"time":0.6667,"angle":13.78,"curve":0.242,"c3":0.667,"c4":0.67},{"time":1.0667,"angle":-9.22}]},"body16":{"rotate":[{"angle":-9.22,"curve":0.352,"c2":0.41,"c3":0.688,"c4":0.76},{"time":0.0667,"angle":-12.57,"curve":0.364,"c2":0.64,"c3":0.701},{"time":0.1333,"angle":-14.34,"curve":0.299,"c3":0.636,"c4":0.36},{"time":0.2,"angle":-12.7,"curve":0.312,"c2":0.24,"c3":0.648,"c4":0.59},{"time":0.2667,"angle":-9.19,"curve":0.321,"c2":0.29,"c3":0.657,"c4":0.63},{"time":0.3333,"angle":-4.84,"curve":0.329,"c2":0.32,"c3":0.664,"c4":0.66},{"time":0.4,"angle":-0.17,"curve":0.336,"c2":0.34,"c3":0.671,"c4":0.68},{"time":0.4667,"angle":4.44,"curve":0.343,"c2":0.37,"c3":0.679,"c4":0.71},{"time":0.5333,"angle":8.66,"curve":0.352,"c2":0.41,"c3":0.688,"c4":0.76},{"time":0.6,"angle":12.01,"curve":0.364,"c2":0.64,"c3":0.701},{"time":0.6667,"angle":13.78,"curve":0.242,"c3":0.667,"c4":0.67},{"time":1.0667,"angle":-9.22}]},"body17":{"rotate":[{"angle":-9.22,"curve":0.352,"c2":0.41,"c3":0.688,"c4":0.76},{"time":0.0667,"angle":-12.57,"curve":0.364,"c2":0.64,"c3":0.701},{"time":0.1333,"angle":-14.34,"curve":0.299,"c3":0.636,"c4":0.36},{"time":0.2,"angle":-12.7,"curve":0.312,"c2":0.24,"c3":0.648,"c4":0.59},{"time":0.2667,"angle":-9.19,"curve":0.321,"c2":0.29,"c3":0.657,"c4":0.63},{"time":0.3333,"angle":-4.84,"curve":0.329,"c2":0.32,"c3":0.664,"c4":0.66},{"time":0.4,"angle":-0.17,"curve":0.336,"c2":0.34,"c3":0.671,"c4":0.68},{"time":0.4667,"angle":4.44,"curve":0.343,"c2":0.37,"c3":0.679,"c4":0.71},{"time":0.5333,"angle":8.66,"curve":0.352,"c2":0.41,"c3":0.688,"c4":0.76},{"time":0.6,"angle":12.01,"curve":0.364,"c2":0.64,"c3":0.701},{"time":0.6667,"angle":13.78,"curve":0.242,"c3":0.667,"c4":0.67},{"time":1.0667,"angle":-9.22}]},"mouth":{"rotate":[{"angle":10.66,"curve":0.375,"c2":0.62,"c3":0.716},{"time":0.0667,"angle":12.37,"curve":0.25,"c3":0.75},{"time":0.3333,"angle":-0.73,"curve":0.243,"c3":0.68,"c4":0.71},{"time":0.5333,"angle":10.66,"curve":0.375,"c2":0.62,"c3":0.716},{"time":0.6,"angle":12.37,"curve":0.25,"c3":0.75},{"time":0.8667,"angle":-0.73,"curve":0.243,"c3":0.68,"c4":0.71},{"time":1.0667,"angle":10.66}]},"Shadow":{"scale":[{"curve":0.25,"c3":0.75},{"time":0.2667,"x":0.946,"y":0.946,"curve":0.25,"c3":0.75},{"time":0.5333,"curve":0.25,"c3":0.75},{"time":0.8,"x":0.901,"y":0.901,"curve":0.25,"c3":0.75},{"time":1.0667}]}}}}}