[1,["1784331da@6c48a"],["_textureSource"],["cc.SpriteFrame"],0,[[[{"name":"time-base","rect":{"x":59,"y":3,"width":211,"height":67},"offset":{"x":0,"y":0},"originalSize":{"width":211,"height":67},"rotated":false,"capInsets":[0,0,0,0],"packable":true,"pixelsToUnit":100,"pivot":{"x":0.5,"y":0.5},"meshType":0}],[0],0,[0],[0],[0]],[[{"name":"sparkle","rect":{"x":276,"y":3,"width":94,"height":94},"offset":{"x":0,"y":0},"originalSize":{"width":94,"height":94},"rotated":false,"capInsets":[0,0,0,0],"packable":true,"pixelsToUnit":100,"pivot":{"x":0.5,"y":0.5},"meshType":0}],[0],0,[0],[0],[0]],[[{"name":"btn-green","rect":{"x":376,"y":3,"width":482,"height":147},"offset":{"x":0,"y":0},"originalSize":{"width":482,"height":147},"rotated":false,"capInsets":[0,0,0,0],"packable":true,"pixelsToUnit":100,"pivot":{"x":0.5,"y":0.5},"meshType":0}],[0],0,[0],[0],[0]],[[{"name":"btn-x","rect":{"x":3,"y":3,"width":50,"height":50},"offset":{"x":0,"y":0},"originalSize":{"width":50,"height":50},"rotated":false,"capInsets":[0,0,0,0],"packable":true,"pixelsToUnit":100,"pivot":{"x":0.5,"y":0.5},"meshType":0}],[0],0,[0],[0],[0]],[[{"name":"title-base","rect":{"x":3,"y":156,"width":948,"height":313},"offset":{"x":0,"y":0},"originalSize":{"width":948,"height":313},"rotated":false,"capInsets":[0,0,0,0],"packable":true,"pixelsToUnit":100,"pivot":{"x":0.5,"y":0.5},"meshType":0}],[0],0,[0],[0],[0]]]]
