[1,["17869c886@6c48a"],["_textureSource"],["cc.SpriteFrame"],0,[[[{"name":"box-bottom-glow","rect":{"x":3,"y":468,"width":494,"height":487},"offset":{"x":0,"y":0},"originalSize":{"width":494,"height":487},"rotated":false,"capInsets":[0,0,0,0],"packable":true,"pixelsToUnit":100,"pivot":{"x":0.5,"y":0.5},"meshType":0}],[0],0,[0],[0],[0]],[[{"name":"box-top-glow","rect":{"x":3,"y":3,"width":504,"height":459},"offset":{"x":0,"y":0},"originalSize":{"width":504,"height":459},"rotated":false,"capInsets":[0,0,0,0],"packable":true,"pixelsToUnit":100,"pivot":{"x":0.5,"y":0.5},"meshType":0}],[0],0,[0],[0],[0]]]]
