[1,["c8bk9LFWZFqbpiWgfASDAM@6c48a"],["_textureSource"],["cc.SpriteFrame"],0,[{"name":"6","rect":{"x":0,"y":0,"width":438,"height":406},"offset":{"x":0,"y":0},"originalSize":{"width":438,"height":406},"rotated":false,"capInsets":[0,0,0,0],"vertices":{"rawPosition":[-219,-203,0,219,-203,0,-219,203,0,219,203,0],"indexes":[0,1,2,2,1,3],"uv":[0,406,438,406,0,0,438,0],"nuv":[0,0,1,0,0,1,1,1],"minPos":{"x":-219,"y":-203,"z":0},"maxPos":{"x":219,"y":203,"z":0}},"packable":true,"pixelsToUnit":100,"pivot":{"x":0.5,"y":0.5},"meshType":0}],[0],0,[0],[0],[0]]
