{"textures":[{"image":"default-resources-0.png","format":"RGBA8888","size":{"w":1214,"h":1214},"scale":0.5,"frames":[{"filename":"bg/bg-middle-2","rotated":false,"trimmed":false,"sourceSize":{"w":450,"h":425},"spriteSourceSize":{"x":0,"y":0,"w":450,"h":425},"frame":{"x":2,"y":2,"w":450,"h":425}},{"filename":"bg/bg-middle","rotated":false,"trimmed":false,"sourceSize":{"w":360,"h":425},"spriteSourceSize":{"x":0,"y":0,"w":360,"h":425},"frame":{"x":2,"y":430,"w":360,"h":425}},{"filename":"ui-ngang/bg-middle","rotated":false,"trimmed":false,"sourceSize":{"w":360,"h":284},"spriteSourceSize":{"x":0,"y":0,"w":360,"h":284},"frame":{"x":455,"y":2,"w":360,"h":284}},{"filename":"footer","rotated":false,"trimmed":false,"sourceSize":{"w":375,"h":77},"spriteSourceSize":{"x":0,"y":0,"w":375,"h":77},"frame":{"x":818,"y":2,"w":375,"h":77}},{"filename":"ui-ngang/bg-top","rotated":false,"trimmed":false,"sourceSize":{"w":360,"h":89},"spriteSourceSize":{"x":0,"y":0,"w":360,"h":89},"frame":{"x":2,"y":858,"w":360,"h":89}},{"filename":"ui-ngang/bg-bottom","rotated":false,"trimmed":false,"sourceSize":{"w":360,"h":88},"spriteSourceSize":{"x":0,"y":0,"w":360,"h":88},"frame":{"x":455,"y":289,"w":360,"h":88}},{"filename":"leaderboards/bg-top","rotated":false,"trimmed":false,"sourceSize":{"w":475,"h":84},"spriteSourceSize":{"x":0,"y":0,"w":475,"h":84},"frame":{"x":2,"y":950,"w":475,"h":84}},{"filename":"leaderboards/bg-bottom","rotated":false,"trimmed":false,"sourceSize":{"w":475,"h":34},"spriteSourceSize":{"x":0,"y":0,"w":475,"h":34},"frame":{"x":2,"y":1037,"w":475,"h":34}},{"filename":"bg/bg-bottom-2","rotated":false,"trimmed":false,"sourceSize":{"w":450,"h":56},"spriteSourceSize":{"x":0,"y":0,"w":450,"h":56},"frame":{"x":2,"y":1074,"w":450,"h":56}},{"filename":"bg/bg-top-2","rotated":false,"trimmed":false,"sourceSize":{"w":450,"h":56},"spriteSourceSize":{"x":0,"y":0,"w":450,"h":56},"frame":{"x":2,"y":1133,"w":450,"h":56}},{"filename":"bg/bg-bottom","rotated":false,"trimmed":false,"sourceSize":{"w":360,"h":56},"spriteSourceSize":{"x":0,"y":0,"w":360,"h":56},"frame":{"x":818,"y":82,"w":360,"h":56}},{"filename":"bg/bg-top","rotated":false,"trimmed":false,"sourceSize":{"w":360,"h":56},"spriteSourceSize":{"x":0,"y":0,"w":360,"h":56},"frame":{"x":818,"y":141,"w":360,"h":56}},{"filename":"daily-challenge/bg","rotated":false,"trimmed":false,"sourceSize":{"w":260,"h":143},"spriteSourceSize":{"x":0,"y":0,"w":260,"h":143},"frame":{"x":818,"y":200,"w":260,"h":143}},{"filename":"border-bottom-panel","rotated":false,"trimmed":false,"sourceSize":{"w":375,"h":18},"spriteSourceSize":{"x":0,"y":0,"w":375,"h":18},"frame":{"x":2,"y":1192,"w":375,"h":18}},{"filename":"ui-ngang/khung-next-block","rotated":false,"trimmed":false,"sourceSize":{"w":100,"h":300},"spriteSourceSize":{"x":0,"y":0,"w":100,"h":300},"frame":{"x":365,"y":430,"w":100,"h":300}},{"filename":"leaderboards/bg-middle","rotated":false,"trimmed":false,"sourceSize":{"w":475,"h":24},"spriteSourceSize":{"x":0,"y":0,"w":475,"h":24},"frame":{"x":455,"y":380,"w":475,"h":24}},{"filename":"leaf","rotated":false,"trimmed":false,"sourceSize":{"w":282,"h":66},"spriteSourceSize":{"x":0,"y":0,"w":282,"h":66},"frame":{"x":468,"y":407,"w":282,"h":66}},{"filename":"score-panel","rotated":false,"trimmed":false,"sourceSize":{"w":263,"h":76},"spriteSourceSize":{"x":0,"y":0,"w":263,"h":76},"frame":{"x":468,"y":476,"w":263,"h":76}},{"filename":"popup/middle","rotated":false,"trimmed":false,"sourceSize":{"w":216,"h":114},"spriteSourceSize":{"x":0,"y":0,"w":216,"h":114},"frame":{"x":468,"y":555,"w":216,"h":114}},{"filename":"leaderboards/bg-item","rotated":false,"trimmed":false,"sourceSize":{"w":159,"h":31},"spriteSourceSize":{"x":0,"y":0,"w":159,"h":31},"frame":{"x":818,"y":346,"w":159,"h":31}},{"filename":"buttons/green-large","rotated":false,"trimmed":false,"sourceSize":{"w":242,"h":71},"spriteSourceSize":{"x":0,"y":0,"w":242,"h":71},"frame":{"x":468,"y":672,"w":242,"h":71}},{"filename":"popup/background","rotated":false,"trimmed":false,"sourceSize":{"w":198,"h":111},"spriteSourceSize":{"x":0,"y":0,"w":198,"h":111},"frame":{"x":753,"y":407,"w":198,"h":111}},{"filename":"bg/bg-dark","rotated":false,"trimmed":false,"sourceSize":{"w":122,"h":152},"spriteSourceSize":{"x":0,"y":0,"w":122,"h":152},"frame":{"x":1081,"y":200,"w":122,"h":152}},{"filename":"buttons/brown","rotated":false,"trimmed":false,"sourceSize":{"w":242,"h":54},"spriteSourceSize":{"x":0,"y":0,"w":242,"h":54},"frame":{"x":734,"y":521,"w":242,"h":54}},{"filename":"daily-challenge/bg-item-dark","rotated":false,"trimmed":false,"sourceSize":{"w":254,"h":41},"spriteSourceSize":{"x":0,"y":0,"w":254,"h":41},"frame":{"x":687,"y":578,"w":254,"h":41}},{"filename":"daily-challenge/bg-item-light","rotated":false,"trimmed":false,"sourceSize":{"w":254,"h":41},"spriteSourceSize":{"x":0,"y":0,"w":254,"h":41},"frame":{"x":687,"y":622,"w":254,"h":41}},{"filename":"best-score-frame-long","rotated":false,"trimmed":false,"sourceSize":{"w":193,"h":77},"spriteSourceSize":{"x":0,"y":0,"w":193,"h":77},"frame":{"x":713,"y":666,"w":193,"h":77}},{"filename":"daily-challenge/bottom-panel","rotated":false,"trimmed":false,"sourceSize":{"w":261,"h":15},"spriteSourceSize":{"x":0,"y":0,"w":261,"h":15},"frame":{"x":480,"y":746,"w":261,"h":15}},{"filename":"daily-challenge/top-panel","rotated":false,"trimmed":false,"sourceSize":{"w":261,"h":15},"spriteSourceSize":{"x":0,"y":0,"w":261,"h":15},"frame":{"x":480,"y":764,"w":261,"h":15}},{"filename":"daily-challenge/middle-panel","rotated":false,"trimmed":false,"sourceSize":{"w":261,"h":13},"spriteSourceSize":{"x":0,"y":0,"w":261,"h":13},"frame":{"x":480,"y":782,"w":261,"h":13}},{"filename":"border-daily","rotated":false,"trimmed":false,"sourceSize":{"w":259,"h":26},"spriteSourceSize":{"x":0,"y":0,"w":259,"h":26},"frame":{"x":480,"y":798,"w":259,"h":26}},{"filename":"texts/waiting-for-opponent","rotated":false,"trimmed":false,"sourceSize":{"w":231,"h":26},"spriteSourceSize":{"x":0,"y":0,"w":231,"h":26},"frame":{"x":480,"y":827,"w":231,"h":26}},{"filename":"texts/second-chance","rotated":false,"trimmed":false,"sourceSize":{"w":226,"h":41},"spriteSourceSize":{"x":0,"y":0,"w":226,"h":41},"frame":{"x":480,"y":856,"w":226,"h":41}},{"filename":"lives/heart","rotated":false,"trimmed":false,"sourceSize":{"w":170,"h":140},"spriteSourceSize":{"x":0,"y":0,"w":170,"h":140},"frame":{"x":480,"y":900,"w":170,"h":140}},{"filename":"buttons/green","rotated":false,"trimmed":false,"sourceSize":{"w":172,"h":51},"spriteSourceSize":{"x":0,"y":0,"w":172,"h":51},"frame":{"x":744,"y":746,"w":172,"h":51}},{"filename":"lives/time-block","rotated":false,"trimmed":false,"sourceSize":{"w":173,"h":44},"spriteSourceSize":{"x":0,"y":0,"w":173,"h":44},"frame":{"x":480,"y":1043,"w":173,"h":44}},{"filename":"popup/top-dark","rotated":false,"trimmed":false,"sourceSize":{"w":216,"h":45},"spriteSourceSize":{"x":0,"y":0,"w":216,"h":45},"frame":{"x":455,"y":1090,"w":216,"h":45}},{"filename":"popup/top","rotated":false,"trimmed":false,"sourceSize":{"w":216,"h":45},"spriteSourceSize":{"x":0,"y":0,"w":216,"h":45},"frame":{"x":455,"y":1138,"w":216,"h":45}},{"filename":"texts/invite-friends","rotated":false,"trimmed":false,"sourceSize":{"w":169,"h":26},"spriteSourceSize":{"x":0,"y":0,"w":169,"h":26},"frame":{"x":455,"y":1186,"w":169,"h":26}},{"filename":"buttons/dark-blue","rotated":false,"trimmed":false,"sourceSize":{"w":183,"h":54},"spriteSourceSize":{"x":0,"y":0,"w":183,"h":54},"frame":{"x":742,"y":800,"w":183,"h":54}},{"filename":"texts/out-of-live","rotated":false,"trimmed":false,"sourceSize":{"w":209,"h":39},"spriteSourceSize":{"x":0,"y":0,"w":209,"h":39},"frame":{"x":709,"y":857,"w":209,"h":39}},{"filename":"popup/bottom","rotated":false,"trimmed":false,"sourceSize":{"w":216,"h":14},"spriteSourceSize":{"x":0,"y":0,"w":216,"h":14},"frame":{"x":709,"y":899,"w":216,"h":14}},{"filename":"texts/next-milestone","rotated":false,"trimmed":false,"sourceSize":{"w":202,"h":39},"spriteSourceSize":{"x":0,"y":0,"w":202,"h":39},"frame":{"x":653,"y":916,"w":202,"h":39}},{"filename":"lives/time-block-2","rotated":false,"trimmed":false,"sourceSize":{"w":182,"h":54},"spriteSourceSize":{"x":0,"y":0,"w":182,"h":54},"frame":{"x":653,"y":958,"w":182,"h":54}},{"filename":"texts/first-milestone","rotated":false,"trimmed":false,"sourceSize":{"w":194,"h":39},"spriteSourceSize":{"x":0,"y":0,"w":194,"h":39},"frame":{"x":656,"y":1015,"w":194,"h":39}},{"filename":"bg-progress-circle","rotated":false,"trimmed":false,"sourceSize":{"w":116,"h":116},"spriteSourceSize":{"x":0,"y":0,"w":116,"h":116},"frame":{"x":674,"y":1057,"w":116,"h":116}},{"filename":"texts/keep-playing","rotated":false,"trimmed":false,"sourceSize":{"w":101,"h":36},"spriteSourceSize":{"x":0,"y":0,"w":101,"h":36},"frame":{"x":674,"y":1176,"w":101,"h":36}},{"filename":"avatar/border-big","rotated":false,"trimmed":false,"sourceSize":{"w":88,"h":88},"spriteSourceSize":{"x":0,"y":0,"w":88,"h":88},"frame":{"x":365,"y":733,"w":88,"h":88}},{"filename":"preloader/dual-ring","rotated":false,"trimmed":true,"sourceSize":{"w":100,"h":100},"spriteSourceSize":{"x":13,"y":13,"w":74,"h":74},"frame":{"x":365,"y":824,"w":74,"h":74}},{"filename":"texts/congratulations","rotated":false,"trimmed":false,"sourceSize":{"w":95,"h":36},"spriteSourceSize":{"x":0,"y":0,"w":95,"h":36},"frame":{"x":778,"y":1176,"w":95,"h":36}},{"filename":"bottom-panel","rotated":false,"trimmed":false,"sourceSize":{"w":141,"h":86},"spriteSourceSize":{"x":0,"y":0,"w":141,"h":86},"frame":{"x":793,"y":1057,"w":141,"h":86}},{"filename":"texts/win","rotated":false,"trimmed":false,"sourceSize":{"w":97,"h":27},"spriteSourceSize":{"x":0,"y":0,"w":97,"h":27},"frame":{"x":793,"y":1146,"w":97,"h":27}},{"filename":"texts/text-retry","rotated":false,"trimmed":false,"sourceSize":{"w":112,"h":23},"spriteSourceSize":{"x":0,"y":0,"w":112,"h":23},"frame":{"x":365,"y":901,"w":112,"h":23}},{"filename":"buttons/toggle-off","rotated":false,"trimmed":false,"sourceSize":{"w":89,"h":31},"spriteSourceSize":{"x":0,"y":0,"w":89,"h":31},"frame":{"x":980,"y":346,"w":89,"h":31}},{"filename":"buttons/dark-blue-big","rotated":false,"trimmed":false,"sourceSize":{"w":120,"h":55},"spriteSourceSize":{"x":0,"y":0,"w":120,"h":55},"frame":{"x":954,"y":380,"w":120,"h":55}},{"filename":"buttons/dark-blue-small","rotated":false,"trimmed":false,"sourceSize":{"w":119,"h":54},"spriteSourceSize":{"x":0,"y":0,"w":119,"h":54},"frame":{"x":954,"y":438,"w":119,"h":54}},{"filename":"texts/level-failed","rotated":false,"trimmed":false,"sourceSize":{"w":120,"h":23},"spriteSourceSize":{"x":0,"y":0,"w":120,"h":23},"frame":{"x":954,"y":495,"w":120,"h":23}},{"filename":"buttons/green-big","rotated":false,"trimmed":false,"sourceSize":{"w":118,"h":54},"spriteSourceSize":{"x":0,"y":0,"w":118,"h":54},"frame":{"x":979,"y":521,"w":118,"h":54}},{"filename":"popup/score-panel","rotated":false,"trimmed":false,"sourceSize":{"w":150,"h":46},"spriteSourceSize":{"x":0,"y":0,"w":150,"h":46},"frame":{"x":944,"y":578,"w":150,"h":46}},{"filename":"texts/daily-challenge","rotated":false,"trimmed":false,"sourceSize":{"w":172,"h":41},"spriteSourceSize":{"x":0,"y":0,"w":172,"h":41},"frame":{"x":944,"y":627,"w":172,"h":41}},{"filename":"texts/your-score","rotated":false,"trimmed":false,"sourceSize":{"w":150,"h":39},"spriteSourceSize":{"x":0,"y":0,"w":150,"h":39},"frame":{"x":909,"y":671,"w":150,"h":39}},{"filename":"texts/play-with","rotated":false,"trimmed":false,"sourceSize":{"w":161,"h":28},"spriteSourceSize":{"x":0,"y":0,"w":161,"h":28},"frame":{"x":909,"y":713,"w":161,"h":28}},{"filename":"wood-panel","rotated":false,"trimmed":false,"sourceSize":{"w":151,"h":28},"spriteSourceSize":{"x":0,"y":0,"w":151,"h":28},"frame":{"x":919,"y":744,"w":151,"h":28}},{"filename":"daily-challenge/title-panel","rotated":false,"trimmed":false,"sourceSize":{"w":141,"h":35},"spriteSourceSize":{"x":0,"y":0,"w":141,"h":35},"frame":{"x":928,"y":775,"w":141,"h":35}},{"filename":"texts/text-tutorial","rotated":false,"trimmed":false,"sourceSize":{"w":120,"h":39},"spriteSourceSize":{"x":0,"y":0,"w":120,"h":39},"frame":{"x":928,"y":813,"w":120,"h":39}},{"filename":"texts/leader-board","rotated":false,"trimmed":false,"sourceSize":{"w":115,"h":39},"spriteSourceSize":{"x":0,"y":0,"w":115,"h":39},"frame":{"x":1077,"y":355,"w":115,"h":39}},{"filename":"bg-combo","rotated":false,"trimmed":true,"sourceSize":{"w":106,"h":44},"spriteSourceSize":{"x":0,"y":4,"w":106,"h":40},"frame":{"x":1077,"y":397,"w":106,"h":40}},{"filename":"bg-streak","rotated":false,"trimmed":true,"sourceSize":{"w":106,"h":44},"spriteSourceSize":{"x":0,"y":4,"w":106,"h":40},"frame":{"x":1076,"y":440,"w":106,"h":40}},{"filename":"texts/draw","rotated":false,"trimmed":false,"sourceSize":{"w":77,"h":35},"spriteSourceSize":{"x":0,"y":0,"w":77,"h":35},"frame":{"x":1077,"y":483,"w":77,"h":35}},{"filename":"texts/lose","rotated":false,"trimmed":false,"sourceSize":{"w":129,"h":25},"spriteSourceSize":{"x":0,"y":0,"w":129,"h":25},"frame":{"x":928,"y":855,"w":129,"h":25}},{"filename":"leaderboards/bg-item-0","rotated":false,"trimmed":false,"sourceSize":{"w":116,"h":23},"spriteSourceSize":{"x":0,"y":0,"w":116,"h":23},"frame":{"x":928,"y":883,"w":116,"h":23}},{"filename":"ui-ngang/khung-mission","rotated":false,"trimmed":false,"sourceSize":{"w":48,"h":232},"spriteSourceSize":{"x":0,"y":0,"w":48,"h":232},"frame":{"x":937,"y":909,"w":48,"h":232}},{"filename":"ui-ngang/khung-best-score","rotated":false,"trimmed":false,"sourceSize":{"w":56,"h":85},"spriteSourceSize":{"x":0,"y":0,"w":56,"h":85},"frame":{"x":988,"y":909,"w":56,"h":85}},{"filename":"best-score-frame","rotated":false,"trimmed":false,"sourceSize":{"w":56,"h":76},"spriteSourceSize":{"x":0,"y":0,"w":56,"h":76},"frame":{"x":988,"y":997,"w":56,"h":76}},{"filename":"avatar/border","rotated":false,"trimmed":true,"sourceSize":{"w":69,"h":72},"spriteSourceSize":{"x":0,"y":1,"w":69,"h":71},"frame":{"x":988,"y":1076,"w":69,"h":71}},{"filename":"buttons/skip","rotated":false,"trimmed":false,"sourceSize":{"w":60,"h":36},"spriteSourceSize":{"x":0,"y":0,"w":60,"h":36},"frame":{"x":876,"y":1176,"w":60,"h":36}},{"filename":"texts/start","rotated":false,"trimmed":false,"sourceSize":{"w":54,"h":27},"spriteSourceSize":{"x":0,"y":0,"w":54,"h":27},"frame":{"x":893,"y":1146,"w":54,"h":27}},{"filename":"icons/retry","rotated":false,"trimmed":false,"sourceSize":{"w":25,"h":27},"spriteSourceSize":{"x":0,"y":0,"w":25,"h":27},"frame":{"x":714,"y":827,"w":25,"h":27}},{"filename":"avatar/border-challenge","rotated":false,"trimmed":false,"sourceSize":{"w":60,"h":59},"spriteSourceSize":{"x":0,"y":0,"w":60,"h":59},"frame":{"x":1100,"y":521,"w":60,"h":59}},{"filename":"bg/level-played","rotated":false,"trimmed":false,"sourceSize":{"w":50,"h":41},"spriteSourceSize":{"x":0,"y":0,"w":50,"h":41},"frame":{"x":1097,"y":583,"w":50,"h":41}},{"filename":"buttons/minor","rotated":false,"trimmed":false,"sourceSize":{"w":62,"h":53},"spriteSourceSize":{"x":0,"y":0,"w":62,"h":53},"frame":{"x":1150,"y":583,"w":62,"h":53}},{"filename":"icon-journey","rotated":false,"trimmed":false,"sourceSize":{"w":75,"h":61},"spriteSourceSize":{"x":0,"y":0,"w":75,"h":61},"frame":{"x":858,"y":916,"w":75,"h":61}},{"filename":"texts/text-ranking","rotated":false,"trimmed":false,"sourceSize":{"w":81,"h":19},"spriteSourceSize":{"x":0,"y":0,"w":81,"h":19},"frame":{"x":365,"y":927,"w":81,"h":19}},{"filename":"buttons/toggle-on","rotated":false,"trimmed":false,"sourceSize":{"w":89,"h":31},"spriteSourceSize":{"x":0,"y":0,"w":89,"h":31},"frame":{"x":838,"y":980,"w":89,"h":31}},{"filename":"buttons/challenge_light","rotated":false,"trimmed":false,"sourceSize":{"w":54,"h":40},"spriteSourceSize":{"x":0,"y":0,"w":54,"h":40},"frame":{"x":853,"y":1014,"w":54,"h":40}},{"filename":"texts/vs","rotated":false,"trimmed":false,"sourceSize":{"w":38,"h":13},"spriteSourceSize":{"x":0,"y":0,"w":38,"h":13},"frame":{"x":653,"y":900,"w":38,"h":13}},{"filename":"leaderboards/bg-item-1","rotated":false,"trimmed":false,"sourceSize":{"w":116,"h":23},"spriteSourceSize":{"x":0,"y":0,"w":116,"h":23},"frame":{"x":950,"y":1150,"w":116,"h":23}},{"filename":"texts/refill-lives","rotated":false,"trimmed":false,"sourceSize":{"w":116,"h":18},"spriteSourceSize":{"x":0,"y":0,"w":116,"h":18},"frame":{"x":939,"y":1176,"w":116,"h":18}},{"filename":"icons/share","rotated":false,"trimmed":false,"sourceSize":{"w":18,"h":24},"spriteSourceSize":{"x":0,"y":0,"w":18,"h":24},"frame":{"x":933,"y":380,"w":18,"h":24}},{"filename":"texts/off","rotated":false,"trimmed":false,"sourceSize":{"w":36,"h":15},"spriteSourceSize":{"x":0,"y":0,"w":36,"h":15},"frame":{"x":939,"y":1197,"w":36,"h":15}},{"filename":"icons/vibrate","rotated":false,"trimmed":false,"sourceSize":{"w":31,"h":37},"spriteSourceSize":{"x":0,"y":0,"w":31,"h":37},"frame":{"x":1181,"y":82,"w":31,"h":37}},{"filename":"texts/target-score","rotated":false,"trimmed":false,"sourceSize":{"w":71,"h":18},"spriteSourceSize":{"x":0,"y":0,"w":71,"h":18},"frame":{"x":380,"y":1192,"w":71,"h":18}},{"filename":"icons/sound","rotated":false,"trimmed":false,"sourceSize":{"w":31,"h":27},"spriteSourceSize":{"x":0,"y":0,"w":31,"h":27},"frame":{"x":1181,"y":122,"w":31,"h":27}},{"filename":"texts/setting","rotated":false,"trimmed":false,"sourceSize":{"w":65,"h":31},"spriteSourceSize":{"x":0,"y":0,"w":65,"h":31},"frame":{"x":1062,"y":671,"w":65,"h":31}},{"filename":"avatar/background","rotated":false,"trimmed":false,"sourceSize":{"w":53,"h":54},"spriteSourceSize":{"x":0,"y":0,"w":53,"h":54},"frame":{"x":1073,"y":705,"w":53,"h":54}},{"filename":"texts/text-next-level","rotated":false,"trimmed":false,"sourceSize":{"w":92,"h":21},"spriteSourceSize":{"x":0,"y":0,"w":92,"h":21},"frame":{"x":1119,"y":639,"w":92,"h":21}},{"filename":"texts/collect","rotated":false,"trimmed":false,"sourceSize":{"w":78,"h":23},"spriteSourceSize":{"x":0,"y":0,"w":78,"h":23},"frame":{"x":1130,"y":663,"w":78,"h":23}},{"filename":"ui-ngang/text-next-block","rotated":false,"trimmed":false,"sourceSize":{"w":81,"h":18},"spriteSourceSize":{"x":0,"y":0,"w":81,"h":18},"frame":{"x":1130,"y":689,"w":81,"h":18}},{"filename":"bg/level-playing","rotated":false,"trimmed":false,"sourceSize":{"w":57,"h":47},"spriteSourceSize":{"x":0,"y":0,"w":57,"h":47},"frame":{"x":1129,"y":710,"w":57,"h":47}},{"filename":"icons/play-green","rotated":false,"trimmed":false,"sourceSize":{"w":24,"h":24},"spriteSourceSize":{"x":0,"y":0,"w":24,"h":24},"frame":{"x":910,"y":1014,"w":24,"h":24}},{"filename":"icons/brown-journey","rotated":false,"trimmed":false,"sourceSize":{"w":23,"h":21},"spriteSourceSize":{"x":0,"y":0,"w":23,"h":21},"frame":{"x":1189,"y":710,"w":23,"h":21}},{"filename":"texts/play-with-blue","rotated":false,"trimmed":false,"sourceSize":{"w":58,"h":9},"spriteSourceSize":{"x":0,"y":0,"w":58,"h":9},"frame":{"x":978,"y":1197,"w":58,"h":9}},{"filename":"icons/crown-big","rotated":false,"trimmed":false,"sourceSize":{"w":37,"h":35},"spriteSourceSize":{"x":0,"y":0,"w":37,"h":35},"frame":{"x":1157,"y":483,"w":37,"h":35}},{"filename":"text-target-panel","rotated":false,"trimmed":false,"sourceSize":{"w":49,"h":23},"spriteSourceSize":{"x":0,"y":0,"w":49,"h":23},"frame":{"x":1163,"y":521,"w":49,"h":23}},{"filename":"icons/icon-journey","rotated":false,"trimmed":false,"sourceSize":{"w":37,"h":31},"spriteSourceSize":{"x":0,"y":0,"w":37,"h":31},"frame":{"x":1163,"y":547,"w":37,"h":31}},{"filename":"icons/white-journey","rotated":false,"trimmed":false,"sourceSize":{"w":21,"h":20},"spriteSourceSize":{"x":0,"y":0,"w":21,"h":20},"frame":{"x":687,"y":555,"w":21,"h":20}},{"filename":"buttons/close","rotated":false,"trimmed":false,"sourceSize":{"w":36,"h":36},"spriteSourceSize":{"x":0,"y":0,"w":36,"h":36},"frame":{"x":1058,"y":1176,"w":36,"h":36}},{"filename":"icons/sword","rotated":false,"trimmed":false,"sourceSize":{"w":23,"h":19},"spriteSourceSize":{"x":0,"y":0,"w":23,"h":19},"frame":{"x":1189,"y":734,"w":23,"h":19}},{"filename":"icons/share-blue","rotated":false,"trimmed":false,"sourceSize":{"w":16,"h":22},"spriteSourceSize":{"x":0,"y":0,"w":16,"h":22},"frame":{"x":734,"y":476,"w":16,"h":22}},{"filename":"buttons/play","rotated":false,"trimmed":false,"sourceSize":{"w":56,"h":43},"spriteSourceSize":{"x":0,"y":0,"w":56,"h":43},"frame":{"x":1073,"y":762,"w":56,"h":43}},{"filename":"buttons/random","rotated":false,"trimmed":false,"sourceSize":{"w":56,"h":43},"spriteSourceSize":{"x":0,"y":0,"w":56,"h":43},"frame":{"x":1132,"y":760,"w":56,"h":43}},{"filename":"icons/plus","rotated":false,"trimmed":false,"sourceSize":{"w":21,"h":22},"spriteSourceSize":{"x":0,"y":0,"w":21,"h":22},"frame":{"x":1191,"y":756,"w":21,"h":22}},{"filename":"icons/setting","rotated":false,"trimmed":false,"sourceSize":{"w":21,"h":21},"spriteSourceSize":{"x":0,"y":0,"w":21,"h":21},"frame":{"x":1191,"y":781,"w":21,"h":21}},{"filename":"blank","rotated":false,"trimmed":false,"sourceSize":{"w":50,"h":50},"spriteSourceSize":{"x":0,"y":0,"w":50,"h":50},"frame":{"x":1047,"y":883,"w":50,"h":50}},{"filename":"ui-ngang/khung-score","rotated":false,"trimmed":false,"sourceSize":{"w":87,"h":50},"spriteSourceSize":{"x":0,"y":0,"w":87,"h":50},"frame":{"x":1047,"y":936,"w":87,"h":50}},{"filename":"texts/play-single","rotated":false,"trimmed":false,"sourceSize":{"w":104,"h":26},"spriteSourceSize":{"x":0,"y":0,"w":104,"h":26},"frame":{"x":1047,"y":989,"w":104,"h":26}},{"filename":"texts/start-over","rotated":false,"trimmed":false,"sourceSize":{"w":99,"h":26},"spriteSourceSize":{"x":0,"y":0,"w":99,"h":26},"frame":{"x":1047,"y":1018,"w":99,"h":26}},{"filename":"score-panel-dark","rotated":false,"trimmed":false,"sourceSize":{"w":94,"h":26},"spriteSourceSize":{"x":0,"y":0,"w":94,"h":26},"frame":{"x":1047,"y":1047,"w":94,"h":26}},{"filename":"daily-challenge/time-panel","rotated":false,"trimmed":false,"sourceSize":{"w":85,"h":24},"spriteSourceSize":{"x":0,"y":0,"w":85,"h":24},"frame":{"x":1060,"y":1076,"w":85,"h":24}},{"filename":"texts/replay","rotated":false,"trimmed":false,"sourceSize":{"w":85,"h":24},"spriteSourceSize":{"x":0,"y":0,"w":85,"h":24},"frame":{"x":1060,"y":1103,"w":85,"h":24}},{"filename":"texts/no-thank","rotated":false,"trimmed":false,"sourceSize":{"w":71,"h":17},"spriteSourceSize":{"x":0,"y":0,"w":71,"h":17},"frame":{"x":1060,"y":1130,"w":71,"h":17}},{"filename":"texts/continue","rotated":false,"trimmed":false,"sourceSize":{"w":65,"h":21},"spriteSourceSize":{"x":0,"y":0,"w":65,"h":21},"frame":{"x":1069,"y":1150,"w":65,"h":21}},{"filename":"icons/dot","rotated":false,"trimmed":false,"sourceSize":{"w":34,"h":35},"spriteSourceSize":{"x":0,"y":0,"w":34,"h":35},"frame":{"x":1097,"y":1174,"w":34,"h":35}},{"filename":"icons/i-play","rotated":false,"trimmed":false,"sourceSize":{"w":16,"h":20},"spriteSourceSize":{"x":0,"y":0,"w":16,"h":20},"frame":{"x":1196,"y":2,"w":16,"h":20}},{"filename":"icons/music","rotated":false,"trimmed":false,"sourceSize":{"w":28,"h":31},"spriteSourceSize":{"x":0,"y":0,"w":28,"h":31},"frame":{"x":1181,"y":152,"w":28,"h":31}},{"filename":"icons/rank","rotated":false,"trimmed":false,"sourceSize":{"w":26,"h":25},"spriteSourceSize":{"x":0,"y":0,"w":26,"h":25},"frame":{"x":1186,"y":397,"w":26,"h":25}},{"filename":"texts/no","rotated":false,"trimmed":false,"sourceSize":{"w":26,"h":21},"spriteSourceSize":{"x":0,"y":0,"w":26,"h":21},"frame":{"x":1186,"y":425,"w":26,"h":21}},{"filename":"ui-ngang/text-mission","rotated":false,"trimmed":false,"sourceSize":{"w":40,"h":19},"spriteSourceSize":{"x":0,"y":0,"w":40,"h":19},"frame":{"x":627,"y":1186,"w":40,"h":19}},{"filename":"texts/mission","rotated":false,"trimmed":false,"sourceSize":{"w":62,"h":29},"spriteSourceSize":{"x":0,"y":0,"w":62,"h":29},"frame":{"x":1072,"y":808,"w":62,"h":29}},{"filename":"buttons/share","rotated":false,"trimmed":false,"sourceSize":{"w":54,"h":40},"spriteSourceSize":{"x":0,"y":0,"w":54,"h":40},"frame":{"x":1060,"y":840,"w":54,"h":40}},{"filename":"bg/level-locked","rotated":false,"trimmed":false,"sourceSize":{"w":51,"h":42},"spriteSourceSize":{"x":0,"y":0,"w":51,"h":42},"frame":{"x":1137,"y":806,"w":51,"h":42}},{"filename":"texts/result","rotated":false,"trimmed":false,"sourceSize":{"w":74,"h":25},"spriteSourceSize":{"x":0,"y":0,"w":74,"h":25},"frame":{"x":1117,"y":851,"w":74,"h":25}},{"filename":"texts/text-share","rotated":false,"trimmed":false,"sourceSize":{"w":62,"h":21},"spriteSourceSize":{"x":0,"y":0,"w":62,"h":21},"frame":{"x":1117,"y":879,"w":62,"h":21}},{"filename":"leaderboards/tab-off","rotated":false,"trimmed":false,"sourceSize":{"w":57,"h":18},"spriteSourceSize":{"x":0,"y":0,"w":57,"h":18},"frame":{"x":1100,"y":903,"w":57,"h":18}},{"filename":"icons/clock","rotated":false,"trimmed":false,"sourceSize":{"w":17,"h":18},"spriteSourceSize":{"x":0,"y":0,"w":17,"h":18},"frame":{"x":838,"y":958,"w":17,"h":18}},{"filename":"icons/sword-blue","rotated":false,"trimmed":false,"sourceSize":{"w":18,"h":16},"spriteSourceSize":{"x":0,"y":0,"w":18,"h":16},"frame":{"x":1051,"y":813,"w":18,"h":16}},{"filename":"icons/crown","rotated":false,"trimmed":false,"sourceSize":{"w":16,"h":14},"spriteSourceSize":{"x":0,"y":0,"w":16,"h":14},"frame":{"x":734,"y":501,"w":16,"h":14}},{"filename":"icons/play","rotated":false,"trimmed":false,"sourceSize":{"w":24,"h":24},"spriteSourceSize":{"x":0,"y":0,"w":24,"h":24},"frame":{"x":1185,"y":449,"w":24,"h":24}},{"filename":"icons/icon-daily","rotated":false,"trimmed":false,"sourceSize":{"w":34,"h":34},"spriteSourceSize":{"x":0,"y":0,"w":34,"h":34},"frame":{"x":442,"y":824,"w":34,"h":34}},{"filename":"buttons/circle-button","rotated":false,"trimmed":false,"sourceSize":{"w":28,"h":28},"spriteSourceSize":{"x":0,"y":0,"w":28,"h":28},"frame":{"x":442,"y":861,"w":28,"h":28}},{"filename":"icons/replay","rotated":false,"trimmed":false,"sourceSize":{"w":20,"h":24},"spriteSourceSize":{"x":0,"y":0,"w":20,"h":24},"frame":{"x":1191,"y":805,"w":20,"h":24}},{"filename":"icons/back","rotated":false,"trimmed":false,"sourceSize":{"w":25,"h":19},"spriteSourceSize":{"x":0,"y":0,"w":25,"h":19},"frame":{"x":449,"y":927,"w":25,"h":19}},{"filename":"texts/yes","rotated":false,"trimmed":false,"sourceSize":{"w":20,"h":24},"spriteSourceSize":{"x":0,"y":0,"w":20,"h":24},"frame":{"x":1160,"y":903,"w":20,"h":24}},{"filename":"texts/text-journey","rotated":false,"trimmed":false,"sourceSize":{"w":47,"h":18},"spriteSourceSize":{"x":0,"y":0,"w":47,"h":18},"frame":{"x":1137,"y":930,"w":47,"h":18}},{"filename":"leaderboards/tab-on","rotated":false,"trimmed":false,"sourceSize":{"w":57,"h":18},"spriteSourceSize":{"x":0,"y":0,"w":57,"h":18},"frame":{"x":1137,"y":951,"w":57,"h":18}},{"filename":"texts/world-disable","rotated":false,"trimmed":false,"sourceSize":{"w":36,"h":22},"spriteSourceSize":{"x":0,"y":0,"w":36,"h":22},"frame":{"x":1154,"y":972,"w":36,"h":22}},{"filename":"texts/world","rotated":false,"trimmed":false,"sourceSize":{"w":36,"h":22},"spriteSourceSize":{"x":0,"y":0,"w":36,"h":22},"frame":{"x":1154,"y":997,"w":36,"h":22}},{"filename":"texts/on","rotated":false,"trimmed":false,"sourceSize":{"w":42,"h":16},"spriteSourceSize":{"x":0,"y":0,"w":42,"h":16},"frame":{"x":1149,"y":1022,"w":42,"h":16}},{"filename":"texts/friends-disable","rotated":false,"trimmed":false,"sourceSize":{"w":34,"h":22},"spriteSourceSize":{"x":0,"y":0,"w":34,"h":22},"frame":{"x":1149,"y":1041,"w":34,"h":22}},{"filename":"texts/friends","rotated":false,"trimmed":false,"sourceSize":{"w":34,"h":22},"spriteSourceSize":{"x":0,"y":0,"w":34,"h":22},"frame":{"x":1148,"y":1066,"w":34,"h":22}},{"filename":"buttons/dot-blue","rotated":false,"trimmed":false,"sourceSize":{"w":28,"h":27},"spriteSourceSize":{"x":0,"y":0,"w":28,"h":27},"frame":{"x":1148,"y":1091,"w":28,"h":27}},{"filename":"buttons/dot-green","rotated":false,"trimmed":false,"sourceSize":{"w":28,"h":27},"spriteSourceSize":{"x":0,"y":0,"w":28,"h":27},"frame":{"x":1148,"y":1121,"w":28,"h":27}},{"filename":"ui-ngang/text-score","rotated":false,"trimmed":false,"sourceSize":{"w":34,"h":19},"spriteSourceSize":{"x":0,"y":0,"w":34,"h":19},"frame":{"x":1137,"y":1151,"w":34,"h":19}},{"filename":"icons/battle","rotated":false,"trimmed":false,"sourceSize":{"w":22,"h":21},"spriteSourceSize":{"x":0,"y":0,"w":22,"h":21},"frame":{"x":1182,"y":879,"w":22,"h":21}},{"filename":"texts/play","rotated":false,"trimmed":false,"sourceSize":{"w":29,"h":19},"spriteSourceSize":{"x":0,"y":0,"w":29,"h":19},"frame":{"x":1183,"y":903,"w":29,"h":19}},{"filename":"icons/home","rotated":false,"trimmed":false,"sourceSize":{"w":24,"h":22},"spriteSourceSize":{"x":0,"y":0,"w":24,"h":22},"frame":{"x":1187,"y":925,"w":24,"h":22}},{"filename":"icons/flat-ad","rotated":false,"trimmed":false,"sourceSize":{"w":24,"h":21},"spriteSourceSize":{"x":0,"y":0,"w":24,"h":21},"frame":{"x":1186,"y":1041,"w":24,"h":21}},{"filename":"icons/check","rotated":false,"trimmed":false,"sourceSize":{"w":22,"h":18},"spriteSourceSize":{"x":0,"y":0,"w":22,"h":18},"frame":{"x":1179,"y":1091,"w":22,"h":18}},{"filename":"icons/cup-bronze","rotated":false,"trimmed":false,"sourceSize":{"w":22,"h":18},"spriteSourceSize":{"x":0,"y":0,"w":22,"h":18},"frame":{"x":1179,"y":1112,"w":22,"h":18}},{"filename":"icons/cup-gold","rotated":false,"trimmed":false,"sourceSize":{"w":22,"h":18},"spriteSourceSize":{"x":0,"y":0,"w":22,"h":18},"frame":{"x":1179,"y":1133,"w":22,"h":18}},{"filename":"icons/cup-silver","rotated":false,"trimmed":false,"sourceSize":{"w":22,"h":18},"spriteSourceSize":{"x":0,"y":0,"w":22,"h":18},"frame":{"x":1174,"y":1154,"w":22,"h":18}}]}],"meta":{"app":"https://www.codeandweb.com/texturepacker","version":"3.0","smartupdate":"$TexturePacker:SmartUpdate:3531ef5980eb5780db18d9dc84365cb6:d36243e7cc60dd3f19b866dd2944da9e:3e7944c06d121c41a747bba57afe2e59$"}}