[1,["00np27R2BJY7U+QC4w5RYH@6c48a"],["_textureSource"],["cc.SpriteFrame"],0,[{"name":"3","rect":{"x":0,"y":0,"width":377,"height":311},"offset":{"x":0,"y":0},"originalSize":{"width":377,"height":311},"rotated":false,"capInsets":[0,0,0,0],"vertices":{"rawPosition":[-188.5,-155.5,0,188.5,-155.5,0,-188.5,155.5,0,188.5,155.5,0],"indexes":[0,1,2,2,1,3],"uv":[0,311,377,311,0,0,377,0],"nuv":[0,0,1,0,0,1,1,1],"minPos":{"x":-188.5,"y":-155.5,"z":0},"maxPos":{"x":188.5,"y":155.5,"z":0}},"packable":true,"pixelsToUnit":100,"pivot":{"x":0.5,"y":0.5},"meshType":0}],[0],0,[0],[0],[0]]
