[1,["3duSwB4KVKB7lTNPuMG9Wa@6c48a"],["_textureSource"],["cc.SpriteFrame"],0,[{"name":"journey-button","rect":{"x":0,"y":6,"width":795,"height":277},"offset":{"x":0,"y":-2.5},"originalSize":{"width":795,"height":284},"rotated":false,"capInsets":[0,0,0,0],"vertices":{"rawPosition":[-397.5,-138.5,0,397.5,-138.5,0,-397.5,138.5,0,397.5,138.5,0],"indexes":[0,1,2,2,1,3],"uv":[0,278,795,278,0,1,795,1],"nuv":[0,0.0035211267605633804,1,0.0035211267605633804,0,0.9788732394366197,1,0.9788732394366197],"minPos":{"x":-397.5,"y":-138.5,"z":0},"maxPos":{"x":397.5,"y":138.5,"z":0}},"packable":true,"pixelsToUnit":100,"pivot":{"x":0.5,"y":0.5},"meshType":0}],[0],0,[0],[0],[0]]
