{"textures":[{"image":"default-resources-0.png","format":"RGBA8888","size":{"w":1211,"h":1211},"scale":0.5,"frames":[{"filename":"bg/bg-middle-2","rotated":false,"trimmed":false,"sourceSize":{"w":450,"h":425},"spriteSourceSize":{"x":0,"y":0,"w":450,"h":425},"frame":{"x":2,"y":2,"w":450,"h":425}},{"filename":"bg/bg-middle","rotated":false,"trimmed":false,"sourceSize":{"w":360,"h":425},"spriteSourceSize":{"x":0,"y":0,"w":360,"h":425},"frame":{"x":2,"y":430,"w":360,"h":425}},{"filename":"ui-ngang/bg-middle","rotated":false,"trimmed":false,"sourceSize":{"w":360,"h":284},"spriteSourceSize":{"x":0,"y":0,"w":360,"h":284},"frame":{"x":455,"y":2,"w":360,"h":284}},{"filename":"footer","rotated":false,"trimmed":false,"sourceSize":{"w":375,"h":77},"spriteSourceSize":{"x":0,"y":0,"w":375,"h":77},"frame":{"x":818,"y":2,"w":375,"h":77}},{"filename":"ui-ngang/bg-top","rotated":false,"trimmed":false,"sourceSize":{"w":360,"h":89},"spriteSourceSize":{"x":0,"y":0,"w":360,"h":89},"frame":{"x":2,"y":858,"w":360,"h":89}},{"filename":"ui-ngang/bg-bottom","rotated":false,"trimmed":false,"sourceSize":{"w":360,"h":88},"spriteSourceSize":{"x":0,"y":0,"w":360,"h":88},"frame":{"x":455,"y":289,"w":360,"h":88}},{"filename":"leaderboards/bg-top","rotated":false,"trimmed":false,"sourceSize":{"w":475,"h":84},"spriteSourceSize":{"x":0,"y":0,"w":475,"h":84},"frame":{"x":2,"y":950,"w":475,"h":84}},{"filename":"leaderboards/bg-bottom","rotated":false,"trimmed":false,"sourceSize":{"w":475,"h":34},"spriteSourceSize":{"x":0,"y":0,"w":475,"h":34},"frame":{"x":2,"y":1037,"w":475,"h":34}},{"filename":"bg/bg-bottom-2","rotated":false,"trimmed":false,"sourceSize":{"w":450,"h":56},"spriteSourceSize":{"x":0,"y":0,"w":450,"h":56},"frame":{"x":2,"y":1074,"w":450,"h":56}},{"filename":"score-panel","rotated":false,"trimmed":false,"sourceSize":{"w":263,"h":76},"spriteSourceSize":{"x":0,"y":0,"w":263,"h":76},"frame":{"x":2,"y":1133,"w":263,"h":76}},{"filename":"bg/bg-bottom","rotated":false,"trimmed":false,"sourceSize":{"w":360,"h":56},"spriteSourceSize":{"x":0,"y":0,"w":360,"h":56},"frame":{"x":818,"y":82,"w":360,"h":56}},{"filename":"bg/bg-top","rotated":false,"trimmed":false,"sourceSize":{"w":360,"h":56},"spriteSourceSize":{"x":0,"y":0,"w":360,"h":56},"frame":{"x":818,"y":141,"w":360,"h":56}},{"filename":"bg/bg-top-2","rotated":false,"trimmed":false,"sourceSize":{"w":450,"h":56},"spriteSourceSize":{"x":0,"y":0,"w":450,"h":56},"frame":{"x":455,"y":380,"w":450,"h":56}},{"filename":"leaderboards/bg-middle","rotated":false,"trimmed":false,"sourceSize":{"w":475,"h":24},"spriteSourceSize":{"x":0,"y":0,"w":475,"h":24},"frame":{"x":480,"y":439,"w":475,"h":24}},{"filename":"daily-challenge/bg","rotated":false,"trimmed":false,"sourceSize":{"w":260,"h":143},"spriteSourceSize":{"x":0,"y":0,"w":260,"h":143},"frame":{"x":818,"y":200,"w":260,"h":143}},{"filename":"border-bottom-panel","rotated":false,"trimmed":false,"sourceSize":{"w":375,"h":18},"spriteSourceSize":{"x":0,"y":0,"w":375,"h":18},"frame":{"x":480,"y":466,"w":375,"h":18}},{"filename":"ui-ngang/khung-next-block","rotated":false,"trimmed":false,"sourceSize":{"w":100,"h":300},"spriteSourceSize":{"x":0,"y":0,"w":100,"h":300},"frame":{"x":365,"y":439,"w":100,"h":300}},{"filename":"leaf","rotated":false,"trimmed":false,"sourceSize":{"w":282,"h":66},"spriteSourceSize":{"x":0,"y":0,"w":282,"h":66},"frame":{"x":468,"y":487,"w":282,"h":66}},{"filename":"popup/middle","rotated":false,"trimmed":false,"sourceSize":{"w":216,"h":114},"spriteSourceSize":{"x":0,"y":0,"w":216,"h":114},"frame":{"x":468,"y":556,"w":216,"h":114}},{"filename":"border-daily","rotated":false,"trimmed":false,"sourceSize":{"w":259,"h":26},"spriteSourceSize":{"x":0,"y":0,"w":259,"h":26},"frame":{"x":818,"y":346,"w":259,"h":26}},{"filename":"buttons/green-large","rotated":false,"trimmed":false,"sourceSize":{"w":242,"h":71},"spriteSourceSize":{"x":0,"y":0,"w":242,"h":71},"frame":{"x":468,"y":673,"w":242,"h":71}},{"filename":"bg/bg-dark","rotated":false,"trimmed":false,"sourceSize":{"w":122,"h":152},"spriteSourceSize":{"x":0,"y":0,"w":122,"h":152},"frame":{"x":1081,"y":200,"w":122,"h":152}},{"filename":"buttons/brown","rotated":false,"trimmed":false,"sourceSize":{"w":242,"h":54},"spriteSourceSize":{"x":0,"y":0,"w":242,"h":54},"frame":{"x":268,"y":1133,"w":242,"h":54}},{"filename":"daily-challenge/bottom-panel","rotated":false,"trimmed":false,"sourceSize":{"w":261,"h":15},"spriteSourceSize":{"x":0,"y":0,"w":261,"h":15},"frame":{"x":268,"y":1190,"w":261,"h":15}},{"filename":"daily-challenge/bg-item-dark","rotated":false,"trimmed":false,"sourceSize":{"w":254,"h":41},"spriteSourceSize":{"x":0,"y":0,"w":254,"h":41},"frame":{"x":480,"y":747,"w":254,"h":41}},{"filename":"daily-challenge/bg-item-light","rotated":false,"trimmed":false,"sourceSize":{"w":254,"h":41},"spriteSourceSize":{"x":0,"y":0,"w":254,"h":41},"frame":{"x":480,"y":791,"w":254,"h":41}},{"filename":"daily-challenge/top-panel","rotated":false,"trimmed":false,"sourceSize":{"w":261,"h":15},"spriteSourceSize":{"x":0,"y":0,"w":261,"h":15},"frame":{"x":480,"y":835,"w":261,"h":15}},{"filename":"daily-challenge/middle-panel","rotated":false,"trimmed":false,"sourceSize":{"w":261,"h":13},"spriteSourceSize":{"x":0,"y":0,"w":261,"h":13},"frame":{"x":480,"y":853,"w":261,"h":13}},{"filename":"texts/first-milestone","rotated":false,"trimmed":false,"sourceSize":{"w":248,"h":23},"spriteSourceSize":{"x":0,"y":0,"w":248,"h":23},"frame":{"x":480,"y":869,"w":248,"h":23}},{"filename":"lives/heart","rotated":false,"trimmed":false,"sourceSize":{"w":170,"h":140},"spriteSourceSize":{"x":0,"y":0,"w":170,"h":140},"frame":{"x":480,"y":895,"w":170,"h":140}},{"filename":"buttons/dark-blue","rotated":false,"trimmed":false,"sourceSize":{"w":183,"h":54},"spriteSourceSize":{"x":0,"y":0,"w":183,"h":54},"frame":{"x":908,"y":375,"w":183,"h":54}},{"filename":"buttons/green","rotated":false,"trimmed":false,"sourceSize":{"w":172,"h":51},"spriteSourceSize":{"x":0,"y":0,"w":172,"h":51},"frame":{"x":480,"y":1038,"w":172,"h":51}},{"filename":"texts/keep-playing","rotated":false,"trimmed":false,"sourceSize":{"w":227,"h":25},"spriteSourceSize":{"x":0,"y":0,"w":227,"h":25},"frame":{"x":455,"y":1092,"w":227,"h":25}},{"filename":"lives/time-block-2","rotated":false,"trimmed":false,"sourceSize":{"w":182,"h":54},"spriteSourceSize":{"x":0,"y":0,"w":182,"h":54},"frame":{"x":513,"y":1120,"w":182,"h":54}},{"filename":"bg-progress-circle","rotated":false,"trimmed":false,"sourceSize":{"w":116,"h":116},"spriteSourceSize":{"x":0,"y":0,"w":116,"h":116},"frame":{"x":653,"y":895,"w":116,"h":116}},{"filename":"avatar/border-big","rotated":false,"trimmed":false,"sourceSize":{"w":88,"h":88},"spriteSourceSize":{"x":0,"y":0,"w":88,"h":88},"frame":{"x":365,"y":742,"w":88,"h":88}},{"filename":"texts/your-score","rotated":false,"trimmed":false,"sourceSize":{"w":182,"h":25},"spriteSourceSize":{"x":0,"y":0,"w":182,"h":25},"frame":{"x":532,"y":1177,"w":182,"h":25}},{"filename":"popup/background","rotated":false,"trimmed":false,"sourceSize":{"w":198,"h":111},"spriteSourceSize":{"x":0,"y":0,"w":198,"h":111},"frame":{"x":687,"y":556,"w":198,"h":111}},{"filename":"popup/top-dark","rotated":false,"trimmed":false,"sourceSize":{"w":216,"h":45},"spriteSourceSize":{"x":0,"y":0,"w":216,"h":45},"frame":{"x":713,"y":670,"w":216,"h":45}},{"filename":"best-score-frame-long","rotated":false,"trimmed":false,"sourceSize":{"w":193,"h":77},"spriteSourceSize":{"x":0,"y":0,"w":193,"h":77},"frame":{"x":737,"y":718,"w":193,"h":77}},{"filename":"texts/next-milestone","rotated":false,"trimmed":false,"sourceSize":{"w":241,"h":23},"spriteSourceSize":{"x":0,"y":0,"w":241,"h":23},"frame":{"x":737,"y":798,"w":241,"h":23}},{"filename":"popup/top","rotated":false,"trimmed":false,"sourceSize":{"w":216,"h":45},"spriteSourceSize":{"x":0,"y":0,"w":216,"h":45},"frame":{"x":744,"y":824,"w":216,"h":45}},{"filename":"texts/congratulations","rotated":false,"trimmed":false,"sourceSize":{"w":236,"h":20},"spriteSourceSize":{"x":0,"y":0,"w":236,"h":20},"frame":{"x":731,"y":872,"w":236,"h":20}},{"filename":"bottom-panel","rotated":false,"trimmed":false,"sourceSize":{"w":141,"h":86},"spriteSourceSize":{"x":0,"y":0,"w":141,"h":86},"frame":{"x":772,"y":895,"w":141,"h":86}},{"filename":"lives/time-block","rotated":false,"trimmed":false,"sourceSize":{"w":173,"h":44},"spriteSourceSize":{"x":0,"y":0,"w":173,"h":44},"frame":{"x":772,"y":984,"w":173,"h":44}},{"filename":"texts/daily-challenge","rotated":false,"trimmed":false,"sourceSize":{"w":242,"h":21},"spriteSourceSize":{"x":0,"y":0,"w":242,"h":21},"frame":{"x":717,"y":1031,"w":242,"h":21}},{"filename":"texts/waiting-for-opponent","rotated":false,"trimmed":false,"sourceSize":{"w":238,"h":16},"spriteSourceSize":{"x":0,"y":0,"w":238,"h":16},"frame":{"x":717,"y":1055,"w":238,"h":16}},{"filename":"texts/second-chance","rotated":false,"trimmed":false,"sourceSize":{"w":228,"h":20},"spriteSourceSize":{"x":0,"y":0,"w":228,"h":20},"frame":{"x":717,"y":1074,"w":228,"h":20}},{"filename":"texts/leader-board","rotated":false,"trimmed":false,"sourceSize":{"w":218,"h":23},"spriteSourceSize":{"x":0,"y":0,"w":218,"h":23},"frame":{"x":717,"y":1097,"w":218,"h":23}},{"filename":"popup/bottom","rotated":false,"trimmed":false,"sourceSize":{"w":216,"h":14},"spriteSourceSize":{"x":0,"y":0,"w":216,"h":14},"frame":{"x":717,"y":1123,"w":216,"h":14}},{"filename":"texts/out-of-live","rotated":false,"trimmed":false,"sourceSize":{"w":186,"h":24},"spriteSourceSize":{"x":0,"y":0,"w":186,"h":24},"frame":{"x":698,"y":1140,"w":186,"h":24}},{"filename":"leaderboards/bg-item","rotated":false,"trimmed":false,"sourceSize":{"w":159,"h":31},"spriteSourceSize":{"x":0,"y":0,"w":159,"h":31},"frame":{"x":717,"y":1167,"w":159,"h":31}},{"filename":"popup/score-panel","rotated":false,"trimmed":false,"sourceSize":{"w":150,"h":46},"spriteSourceSize":{"x":0,"y":0,"w":150,"h":46},"frame":{"x":958,"y":432,"w":150,"h":46}},{"filename":"buttons/dark-blue-big","rotated":false,"trimmed":false,"sourceSize":{"w":120,"h":55},"spriteSourceSize":{"x":0,"y":0,"w":120,"h":55},"frame":{"x":753,"y":487,"w":120,"h":55}},{"filename":"texts/text-next-level","rotated":false,"trimmed":false,"sourceSize":{"w":128,"h":17},"spriteSourceSize":{"x":0,"y":0,"w":128,"h":17},"frame":{"x":1080,"y":355,"w":128,"h":17}},{"filename":"texts/invite-friends","rotated":false,"trimmed":false,"sourceSize":{"w":174,"h":20},"spriteSourceSize":{"x":0,"y":0,"w":174,"h":20},"frame":{"x":933,"y":481,"w":174,"h":20}},{"filename":"texts/refill-lives","rotated":false,"trimmed":false,"sourceSize":{"w":160,"h":20},"spriteSourceSize":{"x":0,"y":0,"w":160,"h":20},"frame":{"x":933,"y":504,"w":160,"h":20}},{"filename":"texts/text-tutorial","rotated":false,"trimmed":false,"sourceSize":{"w":153,"h":26},"spriteSourceSize":{"x":0,"y":0,"w":153,"h":26},"frame":{"x":933,"y":527,"w":153,"h":26}},{"filename":"wood-panel","rotated":false,"trimmed":false,"sourceSize":{"w":151,"h":28},"spriteSourceSize":{"x":0,"y":0,"w":151,"h":28},"frame":{"x":933,"y":556,"w":151,"h":28}},{"filename":"bg-combo","rotated":false,"trimmed":true,"sourceSize":{"w":106,"h":44},"spriteSourceSize":{"x":0,"y":5,"w":106,"h":39},"frame":{"x":1094,"y":375,"w":106,"h":39}},{"filename":"preloader/dual-ring","rotated":false,"trimmed":true,"sourceSize":{"w":100,"h":100},"spriteSourceSize":{"x":14,"y":14,"w":72,"h":72},"frame":{"x":365,"y":833,"w":72,"h":72}},{"filename":"bg-streak","rotated":false,"trimmed":true,"sourceSize":{"w":106,"h":44},"spriteSourceSize":{"x":0,"y":5,"w":106,"h":39},"frame":{"x":365,"y":908,"w":106,"h":39}},{"filename":"daily-challenge/title-panel","rotated":false,"trimmed":false,"sourceSize":{"w":141,"h":35},"spriteSourceSize":{"x":0,"y":0,"w":141,"h":35},"frame":{"x":933,"y":587,"w":141,"h":35}},{"filename":"texts/setting","rotated":false,"trimmed":false,"sourceSize":{"w":141,"h":25},"spriteSourceSize":{"x":0,"y":0,"w":141,"h":25},"frame":{"x":933,"y":625,"w":141,"h":25}},{"filename":"buttons/dark-blue-small","rotated":false,"trimmed":false,"sourceSize":{"w":119,"h":54},"spriteSourceSize":{"x":0,"y":0,"w":119,"h":54},"frame":{"x":932,"y":653,"w":119,"h":54}},{"filename":"ui-ngang/khung-best-score","rotated":false,"trimmed":false,"sourceSize":{"w":56,"h":85},"spriteSourceSize":{"x":0,"y":0,"w":56,"h":85},"frame":{"x":933,"y":710,"w":56,"h":85}},{"filename":"ui-ngang/khung-mission","rotated":false,"trimmed":false,"sourceSize":{"w":48,"h":232},"spriteSourceSize":{"x":0,"y":0,"w":48,"h":232},"frame":{"x":992,"y":710,"w":48,"h":232}},{"filename":"best-score-frame","rotated":false,"trimmed":false,"sourceSize":{"w":56,"h":76},"spriteSourceSize":{"x":0,"y":0,"w":56,"h":76},"frame":{"x":916,"y":895,"w":56,"h":76}},{"filename":"ui-ngang/khung-score","rotated":false,"trimmed":false,"sourceSize":{"w":87,"h":50},"spriteSourceSize":{"x":0,"y":0,"w":87,"h":50},"frame":{"x":1111,"y":417,"w":87,"h":50}},{"filename":"buttons/challenge_light","rotated":false,"trimmed":false,"sourceSize":{"w":54,"h":40},"spriteSourceSize":{"x":0,"y":0,"w":54,"h":40},"frame":{"x":876,"y":466,"w":54,"h":40}},{"filename":"buttons/share","rotated":false,"trimmed":false,"sourceSize":{"w":54,"h":40},"spriteSourceSize":{"x":0,"y":0,"w":54,"h":40},"frame":{"x":876,"y":509,"w":54,"h":40}},{"filename":"buttons/toggle-off","rotated":false,"trimmed":false,"sourceSize":{"w":89,"h":31},"spriteSourceSize":{"x":0,"y":0,"w":89,"h":31},"frame":{"x":1111,"y":470,"w":89,"h":31}},{"filename":"texts/result","rotated":false,"trimmed":false,"sourceSize":{"w":108,"h":23},"spriteSourceSize":{"x":0,"y":0,"w":108,"h":23},"frame":{"x":1096,"y":504,"w":108,"h":23}},{"filename":"buttons/green-big","rotated":false,"trimmed":false,"sourceSize":{"w":118,"h":54},"spriteSourceSize":{"x":0,"y":0,"w":118,"h":54},"frame":{"x":1089,"y":530,"w":118,"h":54}},{"filename":"texts/win","rotated":false,"trimmed":false,"sourceSize":{"w":132,"h":25},"spriteSourceSize":{"x":0,"y":0,"w":132,"h":25},"frame":{"x":1077,"y":587,"w":132,"h":25}},{"filename":"texts/start-over","rotated":false,"trimmed":false,"sourceSize":{"w":130,"h":17},"spriteSourceSize":{"x":0,"y":0,"w":130,"h":17},"frame":{"x":1077,"y":615,"w":130,"h":17}},{"filename":"texts/lose","rotated":false,"trimmed":false,"sourceSize":{"w":122,"h":20},"spriteSourceSize":{"x":0,"y":0,"w":122,"h":20},"frame":{"x":1077,"y":635,"w":122,"h":20}},{"filename":"texts/play-single","rotated":false,"trimmed":false,"sourceSize":{"w":133,"h":17},"spriteSourceSize":{"x":0,"y":0,"w":133,"h":17},"frame":{"x":1054,"y":658,"w":133,"h":17}},{"filename":"leaderboards/bg-item-0","rotated":false,"trimmed":false,"sourceSize":{"w":116,"h":23},"spriteSourceSize":{"x":0,"y":0,"w":116,"h":23},"frame":{"x":1054,"y":678,"w":116,"h":23}},{"filename":"leaderboards/bg-item-1","rotated":false,"trimmed":false,"sourceSize":{"w":116,"h":23},"spriteSourceSize":{"x":0,"y":0,"w":116,"h":23},"frame":{"x":1054,"y":704,"w":116,"h":23}},{"filename":"avatar/border","rotated":false,"trimmed":true,"sourceSize":{"w":69,"h":72},"spriteSourceSize":{"x":0,"y":2,"w":69,"h":70},"frame":{"x":1043,"y":730,"w":69,"h":70}},{"filename":"icon-journey","rotated":false,"trimmed":false,"sourceSize":{"w":75,"h":61},"spriteSourceSize":{"x":0,"y":0,"w":75,"h":61},"frame":{"x":1043,"y":803,"w":75,"h":61}},{"filename":"avatar/border-challenge","rotated":false,"trimmed":false,"sourceSize":{"w":60,"h":59},"spriteSourceSize":{"x":0,"y":0,"w":60,"h":59},"frame":{"x":1043,"y":867,"w":60,"h":59}},{"filename":"score-panel-dark","rotated":false,"trimmed":false,"sourceSize":{"w":94,"h":26},"spriteSourceSize":{"x":0,"y":0,"w":94,"h":26},"frame":{"x":1115,"y":730,"w":94,"h":26}},{"filename":"buttons/toggle-on","rotated":false,"trimmed":false,"sourceSize":{"w":89,"h":31},"spriteSourceSize":{"x":0,"y":0,"w":89,"h":31},"frame":{"x":1115,"y":759,"w":89,"h":31}},{"filename":"buttons/minor","rotated":false,"trimmed":false,"sourceSize":{"w":62,"h":53},"spriteSourceSize":{"x":0,"y":0,"w":62,"h":53},"frame":{"x":1121,"y":793,"w":62,"h":53}},{"filename":"bg/level-locked","rotated":false,"trimmed":false,"sourceSize":{"w":51,"h":42},"spriteSourceSize":{"x":0,"y":0,"w":51,"h":42},"frame":{"x":879,"y":1167,"w":51,"h":42}},{"filename":"daily-challenge/time-panel","rotated":false,"trimmed":false,"sourceSize":{"w":85,"h":24},"spriteSourceSize":{"x":0,"y":0,"w":85,"h":24},"frame":{"x":887,"y":1140,"w":85,"h":24}},{"filename":"buttons/close","rotated":false,"trimmed":false,"sourceSize":{"w":36,"h":36},"spriteSourceSize":{"x":0,"y":0,"w":36,"h":36},"frame":{"x":1173,"y":678,"w":36,"h":36}},{"filename":"texts/play-with-blue","rotated":false,"trimmed":false,"sourceSize":{"w":76,"h":12},"spriteSourceSize":{"x":0,"y":0,"w":76,"h":12},"frame":{"x":653,"y":1014,"w":76,"h":12}},{"filename":"avatar/background","rotated":false,"trimmed":false,"sourceSize":{"w":53,"h":54},"spriteSourceSize":{"x":0,"y":0,"w":53,"h":54},"frame":{"x":655,"y":1029,"w":53,"h":54}},{"filename":"icons/crown-big","rotated":false,"trimmed":false,"sourceSize":{"w":37,"h":35},"spriteSourceSize":{"x":0,"y":0,"w":37,"h":35},"frame":{"x":440,"y":833,"w":37,"h":35}},{"filename":"icons/icon-daily","rotated":false,"trimmed":false,"sourceSize":{"w":34,"h":34},"spriteSourceSize":{"x":0,"y":0,"w":34,"h":34},"frame":{"x":440,"y":871,"w":34,"h":34}},{"filename":"bg/level-played","rotated":false,"trimmed":false,"sourceSize":{"w":50,"h":41},"spriteSourceSize":{"x":0,"y":0,"w":50,"h":41},"frame":{"x":933,"y":1167,"w":50,"h":41}},{"filename":"icons/music","rotated":false,"trimmed":false,"sourceSize":{"w":28,"h":31},"spriteSourceSize":{"x":0,"y":0,"w":28,"h":31},"frame":{"x":1181,"y":82,"w":28,"h":31}},{"filename":"buttons/circle-button","rotated":false,"trimmed":false,"sourceSize":{"w":28,"h":28},"spriteSourceSize":{"x":0,"y":0,"w":28,"h":28},"frame":{"x":1181,"y":116,"w":28,"h":28}},{"filename":"buttons/dot-blue","rotated":false,"trimmed":false,"sourceSize":{"w":28,"h":27},"spriteSourceSize":{"x":0,"y":0,"w":28,"h":27},"frame":{"x":1181,"y":147,"w":28,"h":27}},{"filename":"texts/play","rotated":false,"trimmed":false,"sourceSize":{"w":63,"h":19},"spriteSourceSize":{"x":0,"y":0,"w":63,"h":19},"frame":{"x":1121,"y":849,"w":63,"h":19}},{"filename":"bg/level-playing","rotated":false,"trimmed":false,"sourceSize":{"w":57,"h":47},"spriteSourceSize":{"x":0,"y":0,"w":57,"h":47},"frame":{"x":1106,"y":871,"w":57,"h":47}},{"filename":"buttons/skip","rotated":false,"trimmed":false,"sourceSize":{"w":60,"h":36},"spriteSourceSize":{"x":0,"y":0,"w":60,"h":36},"frame":{"x":1043,"y":929,"w":60,"h":36}},{"filename":"buttons/play","rotated":false,"trimmed":false,"sourceSize":{"w":56,"h":43},"spriteSourceSize":{"x":0,"y":0,"w":56,"h":43},"frame":{"x":1106,"y":921,"w":56,"h":43}},{"filename":"icons/plus","rotated":false,"trimmed":false,"sourceSize":{"w":21,"h":22},"spriteSourceSize":{"x":0,"y":0,"w":21,"h":22},"frame":{"x":713,"y":718,"w":21,"h":22}},{"filename":"icons/rank","rotated":false,"trimmed":false,"sourceSize":{"w":26,"h":25},"spriteSourceSize":{"x":0,"y":0,"w":26,"h":25},"frame":{"x":963,"y":824,"w":26,"h":25}},{"filename":"texts/on","rotated":false,"trimmed":false,"sourceSize":{"w":26,"h":17},"spriteSourceSize":{"x":0,"y":0,"w":26,"h":17},"frame":{"x":963,"y":852,"w":26,"h":17}},{"filename":"icons/white-journey","rotated":false,"trimmed":false,"sourceSize":{"w":21,"h":20},"spriteSourceSize":{"x":0,"y":0,"w":21,"h":20},"frame":{"x":1181,"y":177,"w":21,"h":20}},{"filename":"icons/dot","rotated":false,"trimmed":false,"sourceSize":{"w":34,"h":35},"spriteSourceSize":{"x":0,"y":0,"w":34,"h":35},"frame":{"x":888,"y":552,"w":34,"h":35}},{"filename":"icons/vibrate","rotated":false,"trimmed":false,"sourceSize":{"w":31,"h":37},"spriteSourceSize":{"x":0,"y":0,"w":31,"h":37},"frame":{"x":888,"y":590,"w":31,"h":37}},{"filename":"buttons/random","rotated":false,"trimmed":false,"sourceSize":{"w":56,"h":43},"spriteSourceSize":{"x":0,"y":0,"w":56,"h":43},"frame":{"x":975,"y":945,"w":56,"h":43}},{"filename":"ui-ngang/text-next-block","rotated":false,"trimmed":false,"sourceSize":{"w":82,"h":18},"spriteSourceSize":{"x":0,"y":0,"w":82,"h":18},"frame":{"x":1034,"y":968,"w":82,"h":18}},{"filename":"texts/collect","rotated":false,"trimmed":false,"sourceSize":{"w":91,"h":16},"spriteSourceSize":{"x":0,"y":0,"w":91,"h":16},"frame":{"x":1034,"y":989,"w":91,"h":16}},{"filename":"texts/text-ranking","rotated":false,"trimmed":false,"sourceSize":{"w":121,"h":14},"spriteSourceSize":{"x":0,"y":0,"w":121,"h":14},"frame":{"x":986,"y":1008,"w":121,"h":14}},{"filename":"texts/level-failed","rotated":false,"trimmed":false,"sourceSize":{"w":112,"h":16},"spriteSourceSize":{"x":0,"y":0,"w":112,"h":16},"frame":{"x":986,"y":1025,"w":112,"h":16}},{"filename":"texts/play-with","rotated":false,"trimmed":false,"sourceSize":{"w":111,"h":17},"spriteSourceSize":{"x":0,"y":0,"w":111,"h":17},"frame":{"x":986,"y":1044,"w":111,"h":17}},{"filename":"texts/continue","rotated":false,"trimmed":false,"sourceSize":{"w":110,"h":18},"spriteSourceSize":{"x":0,"y":0,"w":110,"h":18},"frame":{"x":986,"y":1064,"w":110,"h":18}},{"filename":"texts/target-score","rotated":false,"trimmed":false,"sourceSize":{"w":110,"h":17},"spriteSourceSize":{"x":0,"y":0,"w":110,"h":17},"frame":{"x":986,"y":1085,"w":110,"h":17}},{"filename":"texts/no-thank","rotated":false,"trimmed":false,"sourceSize":{"w":99,"h":17},"spriteSourceSize":{"x":0,"y":0,"w":99,"h":17},"frame":{"x":986,"y":1105,"w":99,"h":17}},{"filename":"texts/text-journey","rotated":false,"trimmed":false,"sourceSize":{"w":97,"h":17},"spriteSourceSize":{"x":0,"y":0,"w":97,"h":17},"frame":{"x":986,"y":1125,"w":97,"h":17}},{"filename":"texts/mission","rotated":false,"trimmed":false,"sourceSize":{"w":85,"h":17},"spriteSourceSize":{"x":0,"y":0,"w":85,"h":17},"frame":{"x":975,"y":1145,"w":85,"h":17}},{"filename":"texts/replay","rotated":false,"trimmed":false,"sourceSize":{"w":79,"h":17},"spriteSourceSize":{"x":0,"y":0,"w":79,"h":17},"frame":{"x":986,"y":1165,"w":79,"h":17}},{"filename":"texts/start","rotated":false,"trimmed":false,"sourceSize":{"w":67,"h":17},"spriteSourceSize":{"x":0,"y":0,"w":67,"h":17},"frame":{"x":986,"y":1185,"w":67,"h":17}},{"filename":"texts/world-disable","rotated":false,"trimmed":false,"sourceSize":{"w":60,"h":14},"spriteSourceSize":{"x":0,"y":0,"w":60,"h":14},"frame":{"x":948,"y":991,"w":60,"h":14}},{"filename":"icons/brown-journey","rotated":false,"trimmed":false,"sourceSize":{"w":23,"h":21},"spriteSourceSize":{"x":0,"y":0,"w":23,"h":21},"frame":{"x":1186,"y":793,"w":23,"h":21}},{"filename":"icons/sword","rotated":false,"trimmed":false,"sourceSize":{"w":23,"h":19},"spriteSourceSize":{"x":0,"y":0,"w":23,"h":19},"frame":{"x":1186,"y":817,"w":23,"h":19}},{"filename":"icons/icon-journey","rotated":false,"trimmed":false,"sourceSize":{"w":37,"h":31},"spriteSourceSize":{"x":0,"y":0,"w":37,"h":31},"frame":{"x":888,"y":630,"w":37,"h":31}},{"filename":"leaderboards/tab-off","rotated":false,"trimmed":false,"sourceSize":{"w":57,"h":18},"spriteSourceSize":{"x":0,"y":0,"w":57,"h":18},"frame":{"x":1119,"y":967,"w":57,"h":18}},{"filename":"blank","rotated":false,"trimmed":false,"sourceSize":{"w":50,"h":50},"spriteSourceSize":{"x":0,"y":0,"w":50,"h":50},"frame":{"x":1128,"y":988,"w":50,"h":50}},{"filename":"icons/battle","rotated":false,"trimmed":false,"sourceSize":{"w":22,"h":21},"spriteSourceSize":{"x":0,"y":0,"w":22,"h":21},"frame":{"x":1187,"y":839,"w":22,"h":21}},{"filename":"icons/setting","rotated":false,"trimmed":false,"sourceSize":{"w":21,"h":21},"spriteSourceSize":{"x":0,"y":0,"w":21,"h":21},"frame":{"x":456,"y":747,"w":21,"h":21}},{"filename":"icons/play-green","rotated":false,"trimmed":false,"sourceSize":{"w":24,"h":24},"spriteSourceSize":{"x":0,"y":0,"w":24,"h":24},"frame":{"x":1056,"y":1185,"w":24,"h":24}},{"filename":"texts/no","rotated":false,"trimmed":false,"sourceSize":{"w":35,"h":21},"spriteSourceSize":{"x":0,"y":0,"w":35,"h":21},"frame":{"x":948,"y":1074,"w":35,"h":21}},{"filename":"ui-ngang/text-score","rotated":false,"trimmed":false,"sourceSize":{"w":45,"h":18},"spriteSourceSize":{"x":0,"y":0,"w":45,"h":18},"frame":{"x":938,"y":1098,"w":45,"h":18}},{"filename":"texts/off","rotated":false,"trimmed":false,"sourceSize":{"w":30,"h":18},"spriteSourceSize":{"x":0,"y":0,"w":30,"h":18},"frame":{"x":938,"y":1119,"w":30,"h":18}},{"filename":"icons/i-play","rotated":false,"trimmed":false,"sourceSize":{"w":16,"h":20},"spriteSourceSize":{"x":0,"y":0,"w":16,"h":20},"frame":{"x":948,"y":1008,"w":16,"h":20}},{"filename":"icons/share-blue","rotated":false,"trimmed":false,"sourceSize":{"w":16,"h":22},"spriteSourceSize":{"x":0,"y":0,"w":16,"h":22},"frame":{"x":967,"y":1008,"w":16,"h":22}},{"filename":"icons/crown","rotated":false,"trimmed":false,"sourceSize":{"w":16,"h":14},"spriteSourceSize":{"x":0,"y":0,"w":16,"h":14},"frame":{"x":1011,"y":991,"w":16,"h":14}},{"filename":"icons/check","rotated":false,"trimmed":false,"sourceSize":{"w":22,"h":18},"spriteSourceSize":{"x":0,"y":0,"w":22,"h":18},"frame":{"x":1187,"y":863,"w":22,"h":18}},{"filename":"icons/share","rotated":false,"trimmed":false,"sourceSize":{"w":18,"h":24},"spriteSourceSize":{"x":0,"y":0,"w":18,"h":24},"frame":{"x":1166,"y":871,"w":18,"h":24}},{"filename":"icons/cup-bronze","rotated":false,"trimmed":false,"sourceSize":{"w":22,"h":18},"spriteSourceSize":{"x":0,"y":0,"w":22,"h":18},"frame":{"x":1187,"y":884,"w":22,"h":18}},{"filename":"buttons/dot-green","rotated":false,"trimmed":false,"sourceSize":{"w":28,"h":27},"spriteSourceSize":{"x":0,"y":0,"w":28,"h":27},"frame":{"x":1181,"y":905,"w":28,"h":27}},{"filename":"icons/replay","rotated":false,"trimmed":false,"sourceSize":{"w":20,"h":24},"spriteSourceSize":{"x":0,"y":0,"w":20,"h":24},"frame":{"x":456,"y":771,"w":20,"h":24}},{"filename":"icons/retry","rotated":false,"trimmed":false,"sourceSize":{"w":25,"h":27},"spriteSourceSize":{"x":0,"y":0,"w":25,"h":27},"frame":{"x":685,"y":1086,"w":25,"h":27}},{"filename":"icons/sound","rotated":false,"trimmed":false,"sourceSize":{"w":31,"h":27},"spriteSourceSize":{"x":0,"y":0,"w":31,"h":27},"frame":{"x":1165,"y":935,"w":31,"h":27}},{"filename":"texts/draw","rotated":false,"trimmed":false,"sourceSize":{"w":64,"h":17},"spriteSourceSize":{"x":0,"y":0,"w":64,"h":17},"frame":{"x":1063,"y":1145,"w":64,"h":17}},{"filename":"texts/text-retry","rotated":false,"trimmed":false,"sourceSize":{"w":63,"h":16},"spriteSourceSize":{"x":0,"y":0,"w":63,"h":16},"frame":{"x":1068,"y":1165,"w":63,"h":16}},{"filename":"text-target-panel","rotated":false,"trimmed":false,"sourceSize":{"w":49,"h":23},"spriteSourceSize":{"x":0,"y":0,"w":49,"h":23},"frame":{"x":1083,"y":1184,"w":49,"h":23}},{"filename":"texts/vs","rotated":false,"trimmed":false,"sourceSize":{"w":32,"h":17},"spriteSourceSize":{"x":0,"y":0,"w":32,"h":17},"frame":{"x":1086,"y":1125,"w":32,"h":17}},{"filename":"leaderboards/tab-on","rotated":false,"trimmed":false,"sourceSize":{"w":57,"h":18},"spriteSourceSize":{"x":0,"y":0,"w":57,"h":18},"frame":{"x":1121,"y":1041,"w":57,"h":18}},{"filename":"ui-ngang/text-mission","rotated":false,"trimmed":false,"sourceSize":{"w":57,"h":18},"spriteSourceSize":{"x":0,"y":0,"w":57,"h":18},"frame":{"x":1121,"y":1062,"w":57,"h":18}},{"filename":"texts/friends-disable","rotated":false,"trimmed":false,"sourceSize":{"w":64,"h":13},"spriteSourceSize":{"x":0,"y":0,"w":64,"h":13},"frame":{"x":1099,"y":1083,"w":64,"h":13}},{"filename":"texts/friends","rotated":false,"trimmed":false,"sourceSize":{"w":64,"h":13},"spriteSourceSize":{"x":0,"y":0,"w":64,"h":13},"frame":{"x":1099,"y":1099,"w":64,"h":13}},{"filename":"texts/yes","rotated":false,"trimmed":false,"sourceSize":{"w":49,"h":21},"spriteSourceSize":{"x":0,"y":0,"w":49,"h":21},"frame":{"x":1121,"y":1115,"w":49,"h":21}},{"filename":"texts/world","rotated":false,"trimmed":false,"sourceSize":{"w":60,"h":14},"spriteSourceSize":{"x":0,"y":0,"w":60,"h":14},"frame":{"x":1130,"y":1139,"w":60,"h":14}},{"filename":"texts/text-share","rotated":false,"trimmed":false,"sourceSize":{"w":55,"h":14},"spriteSourceSize":{"x":0,"y":0,"w":55,"h":14},"frame":{"x":1134,"y":1156,"w":55,"h":14}},{"filename":"icons/sword-blue","rotated":false,"trimmed":false,"sourceSize":{"w":18,"h":16},"spriteSourceSize":{"x":0,"y":0,"w":18,"h":16},"frame":{"x":958,"y":1055,"w":18,"h":16}},{"filename":"icons/play","rotated":false,"trimmed":false,"sourceSize":{"w":24,"h":24},"spriteSourceSize":{"x":0,"y":0,"w":24,"h":24},"frame":{"x":1135,"y":1173,"w":24,"h":24}},{"filename":"icons/home","rotated":false,"trimmed":false,"sourceSize":{"w":24,"h":22},"spriteSourceSize":{"x":0,"y":0,"w":24,"h":22},"frame":{"x":1162,"y":1173,"w":24,"h":22}},{"filename":"icons/clock","rotated":false,"trimmed":false,"sourceSize":{"w":17,"h":18},"spriteSourceSize":{"x":0,"y":0,"w":17,"h":18},"frame":{"x":970,"y":872,"w":17,"h":18}},{"filename":"icons/back","rotated":false,"trimmed":false,"sourceSize":{"w":25,"h":19},"spriteSourceSize":{"x":0,"y":0,"w":25,"h":19},"frame":{"x":1179,"y":965,"w":25,"h":19}},{"filename":"icons/flat-ad","rotated":false,"trimmed":false,"sourceSize":{"w":24,"h":21},"spriteSourceSize":{"x":0,"y":0,"w":24,"h":21},"frame":{"x":1181,"y":987,"w":24,"h":21}},{"filename":"icons/cup-gold","rotated":false,"trimmed":false,"sourceSize":{"w":22,"h":18},"spriteSourceSize":{"x":0,"y":0,"w":22,"h":18},"frame":{"x":1181,"y":1011,"w":22,"h":18}},{"filename":"icons/cup-silver","rotated":false,"trimmed":false,"sourceSize":{"w":22,"h":18},"spriteSourceSize":{"x":0,"y":0,"w":22,"h":18},"frame":{"x":1181,"y":1032,"w":22,"h":18}}]}],"meta":{"app":"https://www.codeandweb.com/texturepacker","version":"3.0","smartupdate":"$TexturePacker:SmartUpdate:16643ba6993593239446757f141000d4:e530173a8afb783be309143cb2887590:3e7944c06d121c41a747bba57afe2e59$"}}