{"textures":[{"image":"tutorial-resources.png","format":"RGBA8888","size":{"w":115,"h":115},"scale":0.5,"frames":[{"filename":"hand","rotated":false,"trimmed":true,"sourceSize":{"w":66,"h":56},"spriteSourceSize":{"x":4,"y":0,"w":60,"h":56},"frame":{"x":1,"y":1,"w":60,"h":56}},{"filename":"brown","rotated":false,"trimmed":false,"sourceSize":{"w":64,"h":55},"spriteSourceSize":{"x":0,"y":0,"w":64,"h":55},"frame":{"x":1,"y":59,"w":64,"h":55}},{"filename":"blank","rotated":false,"trimmed":false,"sourceSize":{"w":50,"h":50},"spriteSourceSize":{"x":0,"y":0,"w":50,"h":50},"frame":{"x":63,"y":1,"w":50,"h":50}}]}],"meta":{"app":"https://www.codeandweb.com/texturepacker","version":"3.0","smartupdate":"$TexturePacker:SmartUpdate:4497943b422d791e75f2727a6f660657:4e81363fc7d123553fdabdb60a8ff874:3998b16de870b2ed7b39522da8e735e5$"}}