<?xml version="1.0" encoding="UTF-8"?><font><info face="SFProText-Medium" size="42" bold="0" italic="0" charset="" unicode="1" stretchH="100" smooth="1" aa="1" padding="1,1,1,1" spacing="1,1"/><common lineHeight="42" base="40" scaleW="248" scaleH="244" pages="1" packed="0"/><pages><page id="0" file="sf-pro-normal.png"/></pages><chars count="79"><char id="32" x="0" y="0" width="0" height="0" xoffset="0" yoffset="-7" xadvance="12" page="0" chnl="15"/><!--   --><char id="33" x="186" y="77" width="9" height="32" xoffset="2" yoffset="2" xadvance="14" page="0" chnl="15"/><!-- ! --><char id="34" x="233" y="210" width="15" height="14" xoffset="2" yoffset="2" xadvance="20" page="0" chnl="15"/><!-- " --><char id="35" x="74" y="177" width="29" height="32" xoffset="-1" yoffset="2" xadvance="28" page="0" chnl="15"/><!-- # --><char id="37" x="215" y="0" width="33" height="33" xoffset="0" yoffset="2" xadvance="34" page="0" chnl="15"/><!-- % --><char id="39" x="225" y="210" width="7" height="14" xoffset="2" yoffset="2" xadvance="11" page="0" chnl="15"/><!-- ' --><char id="42" x="160" y="210" width="17" height="18" xoffset="2" yoffset="2" xadvance="22" page="0" chnl="15"/><!-- * --><char id="44" x="196" y="210" width="9" height="14" xoffset="2" yoffset="28" xadvance="14" page="0" chnl="15"/><!-- , --><char id="45" x="42" y="236" width="16" height="7" xoffset="2" yoffset="18" xadvance="20" page="0" chnl="15"/><!-- - --><char id="46" x="0" y="236" width="9" height="8" xoffset="2" yoffset="26" xadvance="14" page="0" chnl="15"/><!-- . --><char id="47" x="13" y="0" width="17" height="39" xoffset="-1" yoffset="1" xadvance="15" page="0" chnl="15"/><!-- / --><char id="48" x="0" y="77" width="25" height="33" xoffset="1" yoffset="2" xadvance="28" page="0" chnl="15"/><!-- 0 --><char id="49" x="196" y="77" width="15" height="32" xoffset="1" yoffset="2" xadvance="21" page="0" chnl="15"/><!-- 1 --><char id="50" x="212" y="77" width="23" height="32" xoffset="2" yoffset="2" xadvance="26" page="0" chnl="15"/><!-- 2 --><char id="51" x="128" y="0" width="25" height="33" xoffset="1" yoffset="2" xadvance="27" page="0" chnl="15"/><!-- 3 --><char id="52" x="0" y="177" width="26" height="32" xoffset="1" yoffset="2" xadvance="28" page="0" chnl="15"/><!-- 4 --><char id="53" x="26" y="77" width="24" height="33" xoffset="2" yoffset="2" xadvance="27" page="0" chnl="15"/><!-- 5 --><char id="54" x="51" y="77" width="25" height="33" xoffset="1" yoffset="2" xadvance="28" page="0" chnl="15"/><!-- 6 --><char id="55" x="27" y="177" width="24" height="32" xoffset="0" yoffset="2" xadvance="25" page="0" chnl="15"/><!-- 7 --><char id="56" x="77" y="77" width="25" height="33" xoffset="1" yoffset="2" xadvance="28" page="0" chnl="15"/><!-- 8 --><char id="57" x="103" y="77" width="25" height="33" xoffset="1" yoffset="2" xadvance="28" page="0" chnl="15"/><!-- 9 --><char id="58" x="150" y="210" width="9" height="23" xoffset="2" yoffset="11" xadvance="14" page="0" chnl="15"/><!-- : --><char id="59" x="236" y="77" width="10" height="31" xoffset="1" yoffset="11" xadvance="14" page="0" chnl="15"/><!-- ; --><char id="63" x="52" y="177" width="21" height="32" xoffset="0" yoffset="2" xadvance="23" page="0" chnl="15"/><!-- ? --><char id="65" x="0" y="111" width="29" height="32" xoffset="0" yoffset="2" xadvance="30" page="0" chnl="15"/><!-- A --><char id="66" x="30" y="111" width="25" height="32" xoffset="2" yoffset="2" xadvance="29" page="0" chnl="15"/><!-- B --><char id="67" x="157" y="77" width="28" height="33" xoffset="1" yoffset="2" xadvance="31" page="0" chnl="15"/><!-- C --><char id="68" x="56" y="111" width="28" height="32" xoffset="2" yoffset="2" xadvance="31" page="0" chnl="15"/><!-- D --><char id="69" x="85" y="111" width="22" height="32" xoffset="2" yoffset="2" xadvance="26" page="0" chnl="15"/><!-- E --><char id="70" x="108" y="111" width="22" height="32" xoffset="2" yoffset="2" xadvance="25" page="0" chnl="15"/><!-- F --><char id="71" x="154" y="0" width="29" height="33" xoffset="1" yoffset="2" xadvance="32" page="0" chnl="15"/><!-- G --><char id="72" x="131" y="111" width="28" height="32" xoffset="2" yoffset="2" xadvance="32" page="0" chnl="15"/><!-- H --><char id="73" x="240" y="43" width="8" height="32" xoffset="2" yoffset="2" xadvance="12" page="0" chnl="15"/><!-- I --><char id="75" x="160" y="111" width="26" height="32" xoffset="2" yoffset="2" xadvance="29" page="0" chnl="15"/><!-- K --><char id="76" x="187" y="111" width="22" height="32" xoffset="2" yoffset="2" xadvance="25" page="0" chnl="15"/><!-- L --><char id="77" x="210" y="111" width="33" height="32" xoffset="2" yoffset="2" xadvance="38" page="0" chnl="15"/><!-- M --><char id="78" x="0" y="144" width="27" height="32" xoffset="2" yoffset="2" xadvance="32" page="0" chnl="15"/><!-- N --><char id="79" x="184" y="0" width="30" height="33" xoffset="1" yoffset="2" xadvance="33" page="0" chnl="15"/><!-- O --><char id="80" x="28" y="144" width="24" height="32" xoffset="2" yoffset="2" xadvance="28" page="0" chnl="15"/><!-- P --><char id="81" x="63" y="0" width="30" height="35" xoffset="1" yoffset="2" xadvance="33" page="0" chnl="15"/><!-- Q --><char id="82" x="53" y="144" width="25" height="32" xoffset="2" yoffset="2" xadvance="29" page="0" chnl="15"/><!-- R --><char id="83" x="0" y="43" width="25" height="33" xoffset="1" yoffset="2" xadvance="28" page="0" chnl="15"/><!-- S --><char id="84" x="79" y="144" width="27" height="32" xoffset="0" yoffset="2" xadvance="28" page="0" chnl="15"/><!-- T --><char id="85" x="129" y="77" width="27" height="33" xoffset="2" yoffset="2" xadvance="32" page="0" chnl="15"/><!-- U --><char id="86" x="107" y="144" width="29" height="32" xoffset="0" yoffset="2" xadvance="30" page="0" chnl="15"/><!-- V --><char id="87" x="137" y="144" width="39" height="32" xoffset="1" yoffset="2" xadvance="42" page="0" chnl="15"/><!-- W --><char id="90" x="177" y="144" width="26" height="32" xoffset="1" yoffset="2" xadvance="28" page="0" chnl="15"/><!-- Z --><char id="92" x="45" y="0" width="17" height="39" xoffset="-1" yoffset="1" xadvance="15" page="0" chnl="15"/><!-- \ --><char id="93" x="31" y="0" width="13" height="39" xoffset="0" yoffset="1" xadvance="17" page="0" chnl="15"/><!-- ] --><char id="97" x="104" y="177" width="21" height="25" xoffset="1" yoffset="9" xadvance="24" page="0" chnl="15"/><!-- a --><char id="98" x="26" y="43" width="24" height="33" xoffset="2" yoffset="1" xadvance="27" page="0" chnl="15"/><!-- b --><char id="99" x="126" y="177" width="22" height="25" xoffset="1" yoffset="9" xadvance="24" page="0" chnl="15"/><!-- c --><char id="100" x="51" y="43" width="23" height="33" xoffset="1" yoffset="1" xadvance="27" page="0" chnl="15"/><!-- d --><char id="101" x="149" y="177" width="23" height="25" xoffset="1" yoffset="9" xadvance="25" page="0" chnl="15"/><!-- e --><char id="102" x="75" y="43" width="16" height="33" xoffset="0" yoffset="1" xadvance="16" page="0" chnl="15"/><!-- f --><char id="103" x="94" y="0" width="23" height="34" xoffset="1" yoffset="9" xadvance="27" page="0" chnl="15"/><!-- g --><char id="104" x="92" y="43" width="22" height="33" xoffset="2" yoffset="1" xadvance="26" page="0" chnl="15"/><!-- h --><char id="105" x="118" y="0" width="9" height="34" xoffset="1" yoffset="0" xadvance="11" page="0" chnl="15"/><!-- i --><char id="106" x="0" y="0" width="12" height="42" xoffset="-2" yoffset="0" xadvance="11" page="0" chnl="15"/><!-- j --><char id="107" x="115" y="43" width="22" height="33" xoffset="2" yoffset="1" xadvance="24" page="0" chnl="15"/><!-- k --><char id="108" x="138" y="43" width="7" height="33" xoffset="2" yoffset="1" xadvance="12" page="0" chnl="15"/><!-- l --><char id="109" x="173" y="177" width="34" height="25" xoffset="2" yoffset="9" xadvance="38" page="0" chnl="15"/><!-- m --><char id="110" x="208" y="177" width="22" height="25" xoffset="2" yoffset="9" xadvance="26" page="0" chnl="15"/><!-- n --><char id="111" x="0" y="210" width="23" height="25" xoffset="1" yoffset="9" xadvance="26" page="0" chnl="15"/><!-- o --><char id="112" x="204" y="144" width="23" height="32" xoffset="2" yoffset="9" xadvance="27" page="0" chnl="15"/><!-- p --><char id="114" x="231" y="177" width="15" height="25" xoffset="2" yoffset="9" xadvance="17" page="0" chnl="15"/><!-- r --><char id="115" x="24" y="210" width="21" height="25" xoffset="1" yoffset="9" xadvance="23" page="0" chnl="15"/><!-- s --><char id="116" x="228" y="144" width="15" height="30" xoffset="0" yoffset="4" xadvance="16" page="0" chnl="15"/><!-- t --><char id="117" x="46" y="210" width="23" height="24" xoffset="1" yoffset="10" xadvance="26" page="0" chnl="15"/><!-- u --><char id="118" x="70" y="210" width="23" height="24" xoffset="0" yoffset="10" xadvance="24" page="0" chnl="15"/><!-- v --><char id="119" x="94" y="210" width="33" height="24" xoffset="0" yoffset="10" xadvance="34" page="0" chnl="15"/><!-- w --><char id="122" x="128" y="210" width="21" height="24" xoffset="1" yoffset="10" xadvance="24" page="0" chnl="15"/><!-- z --><char id="223" x="146" y="43" width="23" height="33" xoffset="3" yoffset="1" xadvance="28" page="0" chnl="15"/><!-- ß --><char id="228" x="170" y="43" width="21" height="33" xoffset="1" yoffset="1" xadvance="24" page="0" chnl="15"/><!-- ä --><char id="246" x="192" y="43" width="23" height="33" xoffset="1" yoffset="1" xadvance="26" page="0" chnl="15"/><!-- ö --><char id="252" x="216" y="43" width="23" height="33" xoffset="1" yoffset="1" xadvance="26" page="0" chnl="15"/><!-- ü --><char id="8220" x="178" y="210" width="17" height="15" xoffset="2" yoffset="2" xadvance="22" page="0" chnl="15"/><!-- “ --><char id="8222" x="206" y="210" width="18" height="14" xoffset="2" yoffset="28" xadvance="22" page="0" chnl="15"/><!-- „ --><char id="8230" x="10" y="236" width="31" height="8" xoffset="2" yoffset="26" xadvance="36" page="0" chnl="15"/><!-- … --></chars></font>