{"skeleton":{"hash":"pklT7AHeSRPISZwvWEmMFY9QGp0","spine":"3.8.99","x":-59.95,"y":-9.6,"width":98.9,"height":161.4,"images":"./images/","audio":"D:/WORK/SUNDATA/MERGE MASTER/ANIMATION/Warriors/lv04_Mace_thrower/Project_Spine38"},"bones":[{"name":"root"},{"name":"[RED] SKELETON CONTROL","parent":"root","scaleX":0.294,"scaleY":0.294,"color":"d90000ff"},{"name":"body","parent":"[RED] SKELETON CONTROL","x":-4.75,"y":142.12},{"name":"body2","parent":"body","length":36.65,"rotation":88.34,"x":0.53,"y":9.56},{"name":"body3","parent":"body2","length":47.27,"rotation":2.95,"x":36.65},{"name":"body4","parent":"body3","length":56.31,"rotation":104.58,"x":47.27},{"name":"body5","parent":"body4","length":44.06,"rotation":33.53,"x":56.31},{"name":"body6","parent":"body5","length":50.05,"rotation":-0.53,"x":41.5,"y":2.35},{"name":"body7","parent":"body6","length":38.42,"rotation":-8.36,"x":50.05},{"name":"body8","parent":"body3","length":37.61,"rotation":-110.23,"x":50.34,"y":-5.38},{"name":"body9","parent":"body8","length":41.11,"rotation":-16.59,"x":37.61},{"name":"body10","parent":"body9","length":32.26,"rotation":105.31,"x":41.11},{"name":"body11","parent":"body10","length":80,"rotation":74.48,"x":39.65,"y":-0.1},{"name":"leg_1","parent":"body","length":53.9,"rotation":-100.62,"x":-25.4,"y":-16.5},{"name":"leg_2","parent":"leg_1","length":54.87,"rotation":10.13,"x":53.9},{"name":"leg_3","parent":"[RED] SKELETON CONTROL","length":29.92,"rotation":-145.3,"x":-40.55,"y":17.78,"color":"ff3f00ff"},{"name":"body12","parent":"body","length":51.11,"rotation":-78.79,"x":33.25,"y":-17.92},{"name":"body13","parent":"body12","length":52.51,"rotation":-12.24,"x":51.11},{"name":"body14","parent":"[RED] SKELETON CONTROL","length":33.91,"rotation":-30.14,"x":37.49,"y":21.56,"color":"ff3f00ff"},{"name":"body15","parent":"body","length":20.31,"rotation":-120.96,"x":-54.22,"y":-2.98},{"name":"body16","parent":"body15","length":23.93,"rotation":16.93,"x":20.31},{"name":"body17","parent":"body","length":16.35,"rotation":-120.19,"x":-27.15,"y":-25.58},{"name":"body18","parent":"body17","length":21.43,"rotation":7.62,"x":16.35},{"name":"body19","parent":"body","length":22.19,"rotation":-61.65,"x":19.37,"y":-19.16},{"name":"body20","parent":"body19","length":23.66,"rotation":-11.29,"x":22.19},{"name":"body21","parent":"body","length":15.8,"rotation":-68.03,"x":55.09,"y":-5.79},{"name":"body22","parent":"body21","length":20.2,"rotation":-7.23,"x":15.8},{"name":"head","parent":"body3","length":28.19,"rotation":11.32,"x":52.57,"y":2.91},{"name":"head2","parent":"head","length":108.91,"rotation":4.24,"x":28.19},{"name":"hair_1","parent":"head2","length":27.97,"rotation":4.44,"x":145.11,"y":1.96},{"name":"hair_2","parent":"hair_1","length":30.64,"rotation":29.98,"x":27.97},{"name":"hair_3","parent":"hair_2","length":39.54,"rotation":-1.78,"x":30.64},{"name":"hair_5","parent":"hair_2","length":37.46,"rotation":33.22,"x":11.78,"y":20.6},{"name":"hair_6","parent":"hair_5","length":30.64,"rotation":19.91,"x":37.46},{"name":"hair_7","parent":"hair_6","length":39.55,"rotation":9.38,"x":30.64},{"name":"hair_8","parent":"hair_2","length":35.32,"rotation":14.56,"x":20.4,"y":7.56},{"name":"hair_9","parent":"hair_8","length":40.18,"rotation":5.28,"x":35.32},{"name":"hair_10","parent":"hair_9","length":44.18,"rotation":20.33,"x":40.18},{"name":"hair_11","parent":"hair_2","length":33.81,"rotation":1.16,"x":33.61,"y":-12.94},{"name":"hair_12","parent":"hair_11","length":21.8,"rotation":5.5,"x":33.81},{"name":"hair_13","parent":"hair_12","length":20.3,"rotation":0.97,"x":21.8},{"name":"beard_2","parent":"head2","length":15.59,"rotation":-123.97,"x":10.09,"y":-35.21},{"name":"beard_3","parent":"beard_2","length":14.76,"rotation":38.02,"x":15.59},{"name":"beard_4","parent":"beard_3","length":15.28,"rotation":41.85,"x":14.76},{"name":"beard_1","parent":"head2","length":17.66,"rotation":120.2,"x":17.77,"y":-15.1},{"name":"beard_5","parent":"beard_1","length":18.73,"rotation":-36.23,"x":17.66},{"name":"beard_6","parent":"beard_5","length":23.76,"rotation":-30.72,"x":18.73},{"name":"mace","parent":"body11","length":57.29,"rotation":0.21,"x":81.66,"y":0.69},{"name":"mace2","parent":"mace","length":56.85,"rotation":1.95,"x":57.29},{"name":"face_2_eye_5","parent":"head2","length":31.61,"rotation":-0.31,"x":38.82,"y":-32.16}],"slots":[{"name":"Shadiow","bone":"[RED] SKELETON CONTROL","attachment":"Shadiow"},{"name":"hair_4","bone":"hair_11","attachment":"hair_4"},{"name":"hair_3","bone":"hair_8","attachment":"hair_3"},{"name":"hair_2","bone":"hair_5","attachment":"hair_2"},{"name":"hair_1","bone":"hair_1","attachment":"hair_1"},{"name":"hand_6","bone":"body9","attachment":"hand_6"},{"name":"hand_5","bone":"body10","attachment":"hand_5"},{"name":"mace","bone":"mace","attachment":"mace"},{"name":"hand_4","bone":"body10","attachment":"hand_4"},{"name":"hand_3","bone":"body5","attachment":"hand_3"},{"name":"leg_1","bone":"leg_1","attachment":"leg_1"},{"name":"leg_2","bone":"body","attachment":"leg_2"},{"name":"skirt","bone":"body","attachment":"skirt"},{"name":"body","bone":"body","attachment":"body"},{"name":"hand_2","bone":"body6","attachment":"hand_2"},{"name":"hand_1","bone":"body7","attachment":"hand_1"},{"name":"head","bone":"head2","attachment":"head"},{"name":"beard_2","bone":"beard_2","attachment":"beard_2"},{"name":"beard_1","bone":"beard_1","attachment":"beard_1"},{"name":"face_2_eye_6","bone":"head2","attachment":"face_2_eye_6"},{"name":"face_2_eye_3","bone":"head2","attachment":"face_2_eye_3"},{"name":"head2","bone":"head2"},{"name":"face_2_eye_2","bone":"face_2_eye_5","attachment":"face_2_eye_2"},{"name":"face_2_eye_5","bone":"face_2_eye_5","attachment":"face_2_eye_5"},{"name":"face_2_eye_4","bone":"head2","attachment":"face_2_eye_4"},{"name":"face_2_eye_1","bone":"head2","attachment":"face_2_eye_1"},{"name":"face_2_brown_2","bone":"head2","attachment":"face_2_brown_2"},{"name":"face_2_brown_3","bone":"head2","attachment":"face_2_brown_1"},{"name":"face_2_brown_1","bone":"head2"},{"name":"face_1_eye_2","bone":"head2"},{"name":"face_1_eye_1","bone":"head2"},{"name":"face_1_brown_2","bone":"head2","attachment":"face_1_brown_2"},{"name":"face_1_brown_3","bone":"head2","attachment":"face_1_brown_1"},{"name":"face_1_brown_1","bone":"head2"},{"name":"lv05_Mace_thrower mini_2","bone":"root"}],"ik":[{"name":"body14","bones":["body12","body13"],"target":"body14","bendPositive":false},{"name":"leg_3","order":1,"bones":["leg_1","leg_2"],"target":"leg_3"}],"skins":[{"name":"default","attachments":{"Shadiow":{"Shadiow":{"type":"mesh","uvs":[1,1,0,1,0,0,1,0],"triangles":[1,2,3,1,3,0],"vertices":[88.28,-32.65,-92.72,-32.65,-92.72,33.35,88.28,33.35],"hull":4,"edges":[0,2,2,4,4,6,0,6],"width":181,"height":66}},"beard_1":{"beard_1":{"type":"mesh","uvs":[0.98601,0.25928,0.98617,0.40977,0.94788,0.61034,0.87694,0.76123,0.7402,0.86382,0.57357,0.88493,0.40611,0.84665,0.2607,0.69585,0.16268,0.50909,0.11027,0.33338,0.25715,0.37943,0.41771,0.36689,0.53251,0.27569,0.64443,0.1155,0.83286,0.03863],"triangles":[8,9,10,7,10,11,8,10,7,6,7,11,5,6,11,13,0,1,0,13,14,1,12,13,2,12,1,3,12,2,4,12,3,5,11,12,12,4,5],"vertices":[1,44,-2.69,4.82,1,1,44,2.81,9.96,1,2,45,-13.32,8.59,0.2546,44,12,14.81,0.7454,2,45,-6.96,15.06,0.67749,44,20.95,16.27,0.32251,1,45,3.53,18.29,1,2,45,15.35,17.11,0.89827,46,-11.64,12.98,0.10173,2,45,26.67,13,0.35458,46,0.19,15.24,0.64542,1,46,12.46,11.67,1,1,46,22.19,5.27,1,1,46,28.68,-1.72,1,1,46,18.1,-3.12,1,2,45,21.38,-10.41,0.18748,46,7.59,-7.59,0.81252,3,45,12.52,-13.36,0.62196,44,19.87,-18.17,0.1756,46,1.49,-14.66,0.20243,2,45,3.21,-19.74,0.35317,44,8.59,-17.82,0.64683,1,44,-3.35,-10.66,1],"hull":15,"edges":[0,28,18,16,16,14,14,12,12,10,10,8,8,6,6,4,0,2,4,2,18,20,20,22,22,24,26,28,24,26],"width":71,"height":50}},"beard_2":{"beard_2":{"type":"mesh","uvs":[0.95194,0,0.97188,0.23088,0.994,0.48699,0.90893,0.74466,0.71381,0.88578,0.51116,0.95776,0.27713,0.95661,0.11326,0.84472,0.05981,0.67331,0,0.48151,0,0.30413,0.2247,0.06421,0.424,0.13549,0.59751,0.19754,0.75246,0.19561,0.82437,0.0903,0.88604,0],"triangles":[15,0,1,0,15,16,1,14,15,14,1,2,3,14,2,3,4,13,3,13,14,4,5,13,12,9,10,12,8,9,11,12,10,7,8,6,13,8,12,8,5,6,5,8,13],"vertices":[1,43,23.18,2.01,1,1,43,14.19,-3.73,1,2,42,24.64,-4.7,0.20107,43,4.22,-10.1,0.79893,1,42,16.53,-14.3,1,1,42,5.28,-16.96,1,2,41,21.68,-16.2,0.42672,42,-5.17,-16.52,0.57328,2,41,10.71,-19.53,0.86592,42,-15.87,-12.39,0.13408,1,41,1.52,-16.99,1,1,41,-3.31,-10.23,1,1,41,-8.71,-2.66,1,1,41,-11.12,5.14,1,2,41,-3.86,18.93,0.94239,42,-3.66,26.89,0.05761,3,41,6.44,18.68,0.73987,42,4.3,20.35,0.19379,43,5.78,22.14,0.06633,3,41,15.41,18.46,0.31597,42,11.23,14.65,0.35379,43,7.14,13.27,0.33024,2,42,18.36,12.03,0.10999,43,10.7,6.57,0.89001,1,43,16.62,5.66,1,1,43,21.7,4.88,1],"hull":17,"edges":[0,32,4,6,18,20,20,22,26,28,16,18,14,16,14,12,10,12,6,8,10,8,0,2,2,4,22,24,24,26,28,30,30,32],"width":49,"height":46}},"body":{"body":{"type":"mesh","uvs":[0.85845,0.04862,0.95942,0.20579,0.99145,0.37465,0.99673,0.48614,0.99355,0.51966,0.96849,0.7836,0.79566,0.9398,0.5936,0.96163,0.41042,0.93721,0.28306,0.89554,0.1867,0.81219,0.1412,0.73767,0.1521,0.64862,0.16626,0.53291,0.22314,0.49274,0.18153,0.4081,0.1316,0.36871,0.04326,0.36022,0.01873,0.33486,0.01817,0.27768,0.07815,0.17883,0.23368,0.07894,0.37543,0.05856,0.52618,0.03688,0.70857,0.01066,0.95404,0.65498,0.53046,0.75284,0.5368,0.58677,0.5685,0.40525,0.51144,0.25463,0.73544,0.24498,0.77136,0.40139,0.77136,0.43229,0.78404,0.57905,0.79038,0.76249],"triangles":[17,18,19,19,16,17,16,20,21,16,19,20,15,16,21,29,14,15,28,14,29,21,22,29,29,15,21,14,12,13,29,22,23,30,24,0,30,0,1,23,24,30,29,23,30,31,30,1,2,31,1,4,32,2,3,4,2,28,30,31,33,32,4,32,33,27,28,31,32,32,27,28,27,14,28,32,31,2,28,29,30,25,33,4,27,12,14,34,33,25,5,25,4,34,25,5,27,26,12,11,12,10,34,27,33,34,26,27,26,10,12,9,10,26,8,9,26,6,34,5,7,34,6,7,26,34,8,26,7],"vertices":[2,9,26.51,38.83,0.86736,27,15.4,-50.6,0.13264,1,9,50.57,18.18,1,2,3,60.31,-62.41,0.15355,9,64.93,-7.96,0.84645,3,3,40.94,-63.82,0.36235,4,1,-63.95,0.0582,9,72.02,-26.03,0.57945,3,2,65,42.8,0.06789,3,35.1,-63.48,0.42571,9,73.43,-31.71,0.5064,3,2,61.02,-3.12,0.42359,3,-10.92,-60.83,0.4684,9,84.58,-76.44,0.10801,2,2,33.54,-30.3,0.8604,3,-38.89,-34.15,0.1396,1,2,1.41,-34.1,1,2,2,-27.72,-29.85,0.90809,3,-40.21,27.09,0.09191,3,2,-47.97,-22.6,0.67769,3,-33.55,47.55,0.24922,5,78.39,98.37,0.07309,3,2,-63.29,-8.1,0.49019,3,-19.5,63.28,0.37442,5,89.16,80.23,0.13539,3,2,-70.52,4.87,0.39159,3,-6.74,70.89,0.4246,5,92.57,65.78,0.1838,3,2,-68.79,20.37,0.28536,3,8.79,69.61,0.45318,5,86.67,51.35,0.26146,3,2,-66.54,40.5,0.15809,3,28.98,67.94,0.41867,5,79,32.6,0.42324,3,2,-57.49,47.49,0.08789,3,36.23,59.1,0.32065,5,68.38,28.35,0.59147,2,3,50.76,66.14,0.06972,5,70.72,12.37,0.93028,1,5,76.48,3.61,1,1,5,89.59,-1.65,1,1,5,92.14,-6.96,1,1,5,89.5,-16.56,1,1,5,75.62,-30.5,1,2,27,31.94,47.5,0.19345,5,47.08,-40.45,0.80655,2,27,30.48,24.73,0.51145,5,24.43,-37.7,0.48855,1,27,28.93,0.52,1,2,9,1.82,37.34,0.5914,27,27.05,-28.78,0.4086,3,2,58.72,19.26,0.22762,3,11.38,-57.88,0.54811,9,75.14,-56.02,0.22426,2,2,-8.63,2.23,0.62501,3,-7.59,8.95,0.37499,2,3,21.32,8.78,0.4794,4,-14.86,9.55,0.5206,1,4,16.6,3.8,1,1,5,12.96,1.03,1,1,9,19.1,0.17,1,2,4,16.55,-28.46,0.81673,9,33.34,-23.72,0.18327,3,3,49.27,-27.73,0.10451,4,11.18,-28.34,0.70014,9,35.08,-28.8,0.19535,3,3,23.81,-30.48,0.39048,4,-14.4,-29.78,0.4935,9,45.28,-52.3,0.11602,3,2,32.7,0.55,0.50212,3,-8.07,-32.41,0.4405,9,56.6,-82.17,0.05738],"hull":25,"edges":[10,12,30,32,22,24,20,22,20,18,18,16,16,14,14,12,10,50,6,8,8,10,50,8,4,6,8,4,4,2,0,48,2,0,24,26,26,28,28,30,32,34,34,36,36,38,40,42,38,40,42,44,44,46,46,48,62,64],"width":159,"height":174}},"face_1_brown_2":{"face_1_brown_2":{"x":64.14,"y":-54.03,"rotation":-106.81,"width":41,"height":22}},"face_1_brown_3":{"face_1_brown_1":{"x":70.92,"y":8.17,"rotation":-106.81,"width":56,"height":37}},"face_1_eye_1":{"face_1_eye_1":{"x":50.9,"y":11.08,"rotation":-106.81,"width":72,"height":53}},"face_1_eye_2":{"face_1_eye_2":{"x":44.42,"y":-50.16,"rotation":-106.81,"width":45,"height":42}},"face_2_brown_2":{"face_2_brown_2":{"x":58.34,"y":-55.93,"rotation":-106.81,"width":32,"height":28}},"face_2_brown_3":{"face_2_brown_1":{"x":65.74,"y":6.6,"rotation":-106.81,"width":56,"height":28}},"face_2_eye_1":{"face_2_eye_1":{"x":45.63,"y":7.45,"rotation":-106.81,"width":44,"height":25}},"face_2_eye_2":{"face_2_eye_2":{"x":3.13,"y":29.72,"rotation":-106.5,"width":23,"height":22}},"face_2_eye_3":{"face_2_eye_3":{"x":45,"y":7.12,"rotation":-106.81,"width":43,"height":24}},"face_2_eye_4":{"face_2_eye_4":{"x":39.14,"y":-53.79,"rotation":-106.81,"width":31,"height":28}},"face_2_eye_5":{"face_2_eye_5":{"x":-0.36,"y":-26.09,"rotation":-106.5,"width":22,"height":27}},"face_2_eye_6":{"face_2_eye_6":{"x":37.27,"y":-54.79,"rotation":-106.81,"width":32,"height":25}},"hair_1":{"hair_1":{"type":"mesh","uvs":[0.12805,0,0.52334,0.07327,0.68737,0.24337,0.7509,0.38783,0.79876,0.54378,0.78563,0.71741,0.85226,0.77088,0.86896,0.84174,0.82306,0.94407,0.67631,0.99022,0.5088,0.98988,0.4954,0.80464,0.33042,0.75315,0.12726,0.66015,0.07474,0.47105,0.0228,0.28402,0.09451,0.03445,0.1081,0],"triangles":[4,11,12,5,11,4,7,8,5,7,5,6,9,11,5,9,10,11,5,8,9,1,12,14,1,2,12,3,12,2,14,12,13,3,4,12,1,14,15,0,16,17,1,16,0,15,16,1],"vertices":[1,31,45.77,-12.73,1,2,31,8.41,-35.34,0.48291,30,37.95,-35.59,0.51709,2,31,-15.9,-34.43,0.08153,30,13.68,-33.92,0.91847,2,30,-0.49,-27.33,0.6958,29,41.2,-23.91,0.3042,2,30,-14.03,-18.8,0.215,29,25.21,-23.29,0.785,1,29,10.03,-15.86,1,1,29,2.56,-20.74,1,1,29,-4.5,-19.95,1,1,29,-11.94,-11.69,1,1,29,-10.32,4.84,1,1,29,-3.67,21.85,1,2,30,-4.09,21.64,0.2183,29,13.61,16.7,0.7817,3,31,-18.48,28.44,0.05528,30,13.06,29,0.75684,29,24.78,31.65,0.18788,2,31,4.21,35.98,0.42501,30,35.97,35.83,0.57499,2,31,20.49,25.76,0.7879,30,51.92,25.12,0.2121,1,31,36.58,15.66,1,1,31,46.38,-7.82,1,1,31,47.43,-11.32,1],"hull":18,"edges":[0,34,0,2,2,4,14,16,16,18,18,20,20,22,22,24,24,26,30,32,32,34,12,14,12,10,10,8,4,6,8,6,26,28,28,30],"width":109,"height":97}},"hair_2":{"hair_2":{"type":"mesh","uvs":[0.333,0.13048,0.51752,0.01207,0.74931,0.10223,0.91674,0.31728,0.99131,0.58455,0.81564,0.55396,0.69595,0.7365,0.51837,0.85905,0.32848,0.9901,0.00961,0.95884,0.02694,0.73854,0.18389,0.33388],"triangles":[8,0,7,0,1,7,7,1,6,6,2,5,6,1,2,5,3,4,5,2,3,9,10,8,10,11,8,8,11,0],"vertices":[2,34,-6.9,-15.71,0.19073,33,26.4,-16.62,0.80927,2,32,46.26,-14.34,0.19027,33,3.39,-16.47,0.80973,1,32,17.93,-12.83,1,1,32,-3.21,-4.73,1,1,32,-13.4,6.91,1,1,32,7.89,7.53,1,2,32,21.48,17.47,0.88525,33,-9.08,21.87,0.11475,3,34,-13.64,24.67,0.01293,32,42.31,25.28,0.18891,33,13.16,22.12,0.79816,3,34,9.87,21.05,0.63423,32,64.58,33.63,0.0006,33,36.95,22.38,0.36516,1,34,44.6,4.17,1,1,34,38.51,-4.46,1,2,34,13.47,-14.22,0.98503,33,46.25,-11.84,0.01497],"hull":12,"edges":[2,4,4,6,6,8,8,10,10,12,16,18,18,20,12,14,14,16,20,22,2,0,22,0],"width":121,"height":47}},"hair_3":{"hair_3":{"type":"mesh","uvs":[0.32379,0.03495,0.50831,0.05361,0.68407,0.2453,0.78676,0.46138,0.86821,0.65703,0.94832,0.84946,0.99619,0.91492,0.87568,0.98298,0.72785,0.98389,0.60923,0.98462,0.44981,0.90327,0.29107,0.72567,0.11495,0.52862,0.04266,0.34358,0,0.22655,0.17192,0.01959],"triangles":[2,9,10,7,4,5,7,5,6,2,3,9,8,3,4,8,4,7,3,8,9,1,11,0,10,1,2,10,11,1,13,14,15,12,13,15,0,12,15,11,12,0],"vertices":[2,37,1.71,-16.18,0.78315,36,47.4,-14.58,0.21685,1,36,23.65,-21.54,1,2,36,-2.36,-18.29,0.42153,35,34.66,-18.43,0.57847,1,35,16.79,-12.25,1,1,35,2.02,-6.02,1,1,35,-12.5,0.11,1,1,35,-19.96,1.07,1,1,35,-6.91,11.41,1,1,35,11.14,19.58,1,2,36,-7.26,26.92,0.2583,35,25.62,26.14,0.7417,3,37,-13.89,36.32,0.06164,36,14.53,29.23,0.70934,35,47.11,30.44,0.22902,2,37,7.11,25.15,0.5361,36,38.11,26.05,0.4639,1,37,30.41,12.75,1,1,37,39.82,1.41,1,1,37,45.37,-5.75,1,1,37,22.03,-17.6,1],"hull":16,"edges":[10,12,12,14,24,26,26,28,28,30,22,24,20,22,20,18,14,16,16,18,6,8,8,10,4,6,4,2,2,0,0,30],"width":134,"height":60}},"hair_4":{"hair_4":{"type":"mesh","uvs":[0.49979,0.13418,0.77921,0.40229,0.87895,0.65686,0.98045,0.9159,0.97109,0.97922,0.77648,0.91191,0.56003,0.83704,0.34119,0.68794,0.11113,0.33547,0,0.04997,0,0,0.02995,0,0.23999,0.09641],"triangles":[6,7,1,2,6,1,5,6,2,5,2,3,4,5,3,7,0,1,7,8,0,9,10,11,12,9,11,8,9,12,0,8,12],"vertices":[2,40,-3.15,-16.02,0.15745,39,18.92,-16.07,0.84255,2,39,-8.24,-13.8,0.17661,38,26.94,-14.53,0.82339,1,38,11.3,-6.97,1,1,38,-4.62,0.72,1,1,38,-6.39,4.22,1,1,38,8.14,10.23,1,2,39,-7.85,17.75,0.23405,38,24.3,16.92,0.76595,2,39,11.44,19.12,0.92779,38,43.37,20.13,0.07221,1,40,16.45,10.17,1,1,40,32.87,-0.26,1,1,40,34.45,-2.87,1,1,40,32.45,-4.07,1,1,40,15.39,-7.51,1],"hull":13,"edges":[0,24,0,2,6,8,12,14,14,16,16,18,18,20,20,22,22,24,2,4,4,6,8,10,10,12],"width":78,"height":61}},"hand_1":{"hand_1":{"x":21.5,"y":5.54,"rotation":139.48,"width":60,"height":51}},"hand_2":{"hand_2":{"x":23.07,"y":5.32,"rotation":131.13,"width":89,"height":77}},"hand_3":{"hand_3":{"x":24.88,"y":-0.86,"rotation":130.6,"width":49,"height":59}},"hand_4":{"hand_4":{"x":43.67,"y":2.07,"rotation":-69.78,"width":54,"height":46}},"hand_5":{"hand_5":{"x":12.16,"y":-2.08,"rotation":-69.78,"width":52,"height":56}},"hand_6":{"hand_6":{"x":24.79,"y":-0.98,"rotation":35.54,"width":74,"height":78}},"head":{"head":{"type":"mesh","uvs":[0.54812,0.04013,0.70389,0.09322,0.84093,0.19935,0.89853,0.3889,0.91494,0.5244,0.97285,0.63344,0.99322,0.77761,0.93515,0.88197,0.73733,1,0.63407,1,0.47494,0.98667,0.3199,0.94994,0.24533,0.85403,0.20668,0.74157,0.12091,0.7805,0.08266,0.74793,0,0.64284,0,0.56892,0.03409,0.49063,0.08464,0.47358,0.09113,0.35962,0.16971,0.17913,0.31119,0.0889,0.38545,0.48566,0.41539,0.6005,0.48751,0.75626,0.73791,0.7787,0.74607,0.74834,0.71477,0.64406,0.6998,0.52394,0.65354,0.34574,0.35279,0.29426],"triangles":[31,22,0,21,22,31,30,0,1,30,1,2,31,0,30,20,21,31,30,2,3,23,31,30,20,31,23,19,20,23,29,30,3,23,30,29,29,3,4,24,23,29,19,16,17,28,29,4,28,4,5,24,29,28,13,19,23,13,23,24,18,19,17,13,16,19,13,15,16,27,28,5,25,24,28,25,28,27,13,24,25,27,5,6,26,25,27,14,15,13,12,13,25,7,27,6,26,27,7,11,12,25,10,11,25,9,10,25,26,9,25,8,9,26,7,8,26],"vertices":[142.27,-30.45,123.37,-56.31,95.36,-75.62,55.84,-75.35,28.98,-70.57,4.85,-75.01,-23.89,-70.46,-40.62,-53.64,-52.12,-10.07,-46.32,9.1,-34.84,37.88,-19.11,64.55,3.43,72.85,27.13,73.53,24.49,91.71,32.87,96.93,57.63,106.2,71.78,101.92,84.86,91.07,85.28,80.69,106.74,72.9,136.89,47.86,146.22,16.37,66.1,25.53,42.43,26.61,8.56,22.22,-9.78,-22.98,-4.42,-26.25,17.3,-26.47,41.13,-30.64,77.85,-32.35,104.57,20.52],"hull":23,"edges":[2,4,12,14,14,16,16,18,30,32,32,34,42,44,12,10,10,8,4,6,8,6,2,0,0,44,40,42,40,38,34,36,38,36,28,30,28,26,26,24,24,22,18,20,22,20,52,54],"width":194,"height":200}},"head2":{"head2":{"type":"clipping","end":"face_2_eye_5","vertexCount":44,"vertices":[49.21,25.21,53.08,21.43,54.23,15.97,52.63,7.03,50.07,-2.73,47.43,-9.46,44.86,-12.99,42.41,-42.21,45.65,-46.95,47.99,-53.9,47.67,-59.33,46.85,-64.01,44.08,-67.51,42.63,-67.96,40.34,-67.68,35.9,-66.86,33.91,-66.15,31.99,-65.09,30.54,-63.72,29.6,-62.05,28.89,-59.39,28.86,-56.86,28.9,-53.53,29.29,-49.83,29.77,-46.28,32.16,-43.25,34.62,-41.77,37.36,-41.13,40.23,-41.51,43.21,-12.52,40.26,-11.68,38.31,-11.09,35.9,-9.56,34.13,-7.32,32.8,-4.84,32.39,-1.78,33.29,0.99,34.14,4.09,35.03,7.23,35.85,9.33,36.92,12.5,38.61,16.25,40.01,19.08,44.14,22.86],"color":"ce3a3aff"}},"leg_1":{"leg_1":{"type":"mesh","uvs":[0.89417,0.05649,0.92079,0.15722,0.92135,0.2487,0.92189,0.33814,0.92364,0.43757,0.98724,0.46656,0.95124,0.63262,0.93656,0.74305,0.98834,0.77732,0.98861,0.85355,0.92056,0.88531,0.82031,0.92227,0.64179,0.92411,0.40088,0.96024,0.17586,0.96715,0.01204,0.93242,0.0113,0.83726,0.10341,0.74553,0.21424,0.63516,0.20947,0.52658,0.21824,0.40949,0.29347,0.38782,0.31546,0.30653,0.34051,0.21396,0.37589,0.0832,0.48868,0.01796,0.66005,0.0084,0.64146,0.31582],"triangles":[26,24,25,1,27,26,1,26,0,27,1,2,27,24,26,23,24,27,22,23,27,27,2,3,21,22,27,4,27,3,6,4,5,7,18,19,6,21,4,20,21,19,21,27,4,6,7,21,10,7,8,10,8,9,10,11,7,19,21,7,12,18,7,11,12,7,13,17,18,15,16,14,17,13,16,13,18,12,13,14,16],"vertices":[1,13,13.38,13.98,1,1,13,26.07,18.45,1,2,14,-12.07,23.2,0.13962,13,37.94,20.72,0.86038,2,14,-0.27,23.34,0.49668,13,49.53,22.93,0.50332,2,14,12.85,23.59,0.90154,13,62.41,25.49,0.09846,1,14,16.64,28.52,1,1,14,38.58,25.94,1,2,15,-21.36,12.98,0.09934,14,53.17,24.94,0.90066,2,15,-22.06,18.97,0.17475,14,57.66,28.96,0.82525,2,15,-16.35,27.25,0.27619,14,67.72,29.07,0.72381,2,15,-9.66,27.72,0.36375,14,71.96,23.87,0.63625,2,15,-0.53,27.34,0.54478,14,76.9,16.19,0.45522,2,15,10.91,19.71,0.87952,14,77.26,2.45,0.12048,1,15,28.87,13.07,1,1,15,43.64,3.96,1,1,15,51.4,-6.99,1,1,15,44.3,-17.35,1,2,15,31.57,-23.27,0.89243,14,54.05,-39.21,0.10757,2,15,16.26,-30.39,0.47168,14,39.41,-30.8,0.52832,2,15,8.41,-42.38,0.14358,14,25.08,-31.29,0.85642,1,14,9.62,-30.75,1,2,14,6.71,-24.99,0.86068,13,64.89,-23.42,0.13932,2,14,-4.04,-23.38,0.46855,13,54.04,-23.73,0.53145,2,14,-16.27,-21.56,0.10482,13,41.67,-24.09,0.89518,1,13,24.2,-24.59,1,1,13,14.14,-17.64,1,1,13,10.47,-4.9,1,1,13,50.62,1.17,1],"hull":27,"edges":[0,52,18,20,28,30,30,32,48,50,50,52,28,26,26,24,20,22,24,22,16,18,16,14,14,12,12,10,0,2,2,4,4,6,6,8,8,10,36,38,38,40,40,42,44,42,48,46,46,44,32,34,34,36],"width":77,"height":132}},"leg_2":{"leg_2":{"type":"mesh","uvs":[0.61477,0.06451,0.63283,0.139,0.65369,0.22506,0.67262,0.30316,0.69294,0.38699,0.78162,0.40912,0.77953,0.56349,0.77977,0.63053,0.98974,0.83885,0.98709,0.94717,0.86055,0.96058,0.69613,0.9724,0.50196,0.9485,0.35341,0.92309,0.18027,0.92242,0.0126,0.86037,0.01264,0.77757,0.05598,0.74218,0.04738,0.64277,0.01281,0.45305,0.07146,0.43574,0.07892,0.36493,0.08211,0.291,0.07276,0.18873,0.09207,0.10355,0.24675,0.01499,0.48022,0.01488,0.39625,0.27538],"triangles":[7,13,17,13,14,17,7,12,13,7,8,12,12,8,11,9,10,8,10,11,8,6,4,5,18,19,20,7,17,18,7,20,6,27,4,20,4,6,20,20,7,18,16,17,14,15,16,14,27,25,26,1,27,26,1,26,0,27,1,2,24,25,27,23,24,27,22,23,27,27,2,3,21,22,27,21,27,20,4,27,3],"vertices":[1,16,18.98,21.84,1,1,16,28.89,21.29,1,2,16,40.35,20.66,0.91156,17,-14.9,17.91,0.08844,2,16,50.74,20.09,0.59372,17,-4.62,19.55,0.40628,2,16,61.9,19.47,0.13437,17,6.42,21.32,0.86563,1,17,9.22,28.2,1,2,17,29.59,28.4,0.77272,18,13.67,33.84,0.22728,2,17,38.44,28.58,0.50531,18,18.13,26.2,0.49469,1,18,45.92,10.54,1,1,18,52.92,-1.93,1,1,18,45.38,-8.35,1,1,18,35.22,-16.06,1,1,18,20.7,-20.84,1,2,17,77.64,-3.55,0.12053,18,9.13,-23.68,0.87947,2,17,77.79,-16.88,0.3739,18,-2.45,-30.3,0.6261,2,17,69.84,-29.93,0.59081,18,-17.72,-29.7,0.40919,2,17,58.91,-30.13,0.71215,18,-23.21,-20.25,0.28785,2,17,54.18,-26.87,0.80806,18,-22.67,-14.53,0.19194,1,17,41.07,-27.77,1,2,16,60.28,-33.59,0.07945,17,16.08,-30.89,0.92055,2,16,58.92,-28.72,0.13533,17,13.71,-26.41,0.86467,2,16,49.86,-26.34,0.42401,17,4.36,-26.01,0.57599,2,16,40.33,-24.2,0.75657,17,-5.4,-25.94,0.24343,1,16,26.95,-22.28,1,1,16,16.21,-18.64,1,1,16,7.06,-4.69,1,1,16,10.54,12.95,1,1,16,43.01,-0.07,1],"hull":27,"edges":[0,52,12,14,14,16,16,18,48,50,50,52,28,30,28,26,26,24,24,22,18,20,22,20,30,32,32,34,34,36,36,38,38,40,40,42,42,44,46,48,44,46,12,10,10,8,0,2,2,4,8,6,6,4],"width":77,"height":132}},"mace":{"mace":{"type":"mesh","uvs":[0.60301,0,0.99912,0.11132,0.88853,0.25883,0.74763,0.28786,0.75523,0.36796,0.72027,0.50234,0.69129,0.61372,0.66352,0.72045,0.63005,0.84909,0.62506,0.99762,0.43896,0.99594,0.40358,0.97987,0.37697,0.85984,0.34802,0.72933,0.3231,0.61694,0.29663,0.49755,0.27297,0.39089,0.25437,0.30698,0.13986,0.27764,0.25236,0.20729,0.25157,0.16699,0,0.11926,0,0.10988,0.33098,0.02769,0.60055,0],"triangles":[6,15,5,14,15,6,7,14,6,13,14,7,8,13,7,12,13,8,11,12,8,9,10,11,8,9,11,17,3,4,16,17,4,5,15,16,4,5,16,20,21,22,23,20,22,24,19,20,1,3,0,3,24,0,23,24,20,3,1,2,3,19,24,17,19,3,18,19,17],"vertices":[1,48,69.09,-8.78,1,1,48,40.4,-47.94,1,2,48,2.51,-36.92,0.83294,47,61.06,-36.81,0.16706,2,48,-4.92,-22.96,0.46082,47,53.16,-23.11,0.53918,1,47,32.61,-24.53,1,2,47,-2.02,-22.18,0.26704,12,79.71,-21.5,0.73296,1,12,51,-19.65,1,1,12,23.49,-17.89,1,1,12,-9.66,-15.76,1,1,12,-47.83,-16.63,1,1,12,-48.06,1.8,1,1,12,-44.06,5.45,1,1,12,-13.32,9.18,1,1,12,20.1,13.25,1,1,12,48.87,16.74,1,2,47,-2.14,19.78,0.77113,12,79.44,20.46,0.22887,1,47,25.18,23,1,2,48,-9.74,25.88,0.26479,47,46.67,25.54,0.73521,2,48,-2.18,37.21,0.47493,47,53.85,37.11,0.52507,2,48,15.88,26.03,0.83198,47,72.28,26.56,0.16802,1,48,26.24,26.09,1,1,48,38.55,50.97,1,1,48,40.96,50.97,1,1,48,62.02,18.16,1,1,48,69.09,-8.54,1],"hull":25,"edges":[0,48,0,2,2,4,4,6,6,8,16,18,18,20,20,22,34,36,36,38,38,40,40,42,42,44,44,46,46,48,22,24,24,26,14,16,12,14,26,28,8,10,10,12,28,30,30,32,32,34],"width":99,"height":257}},"skirt":{"skirt":{"type":"mesh","uvs":[0.69395,0.0205,0.82959,0.09503,0.9089,0.22622,0.94783,0.34318,0.97226,0.48038,1,0.67704,0.94662,0.76355,0.8784,0.82893,0.80152,0.90261,0.70381,0.9606,0.59915,0.97623,0.47289,0.99509,0.34453,0.93161,0.22054,0.8703,0.11918,0.76854,0.07133,0.60492,0.10203,0.43822,0.14607,0.29682,0.19573,0.19466,0.26584,0.08208,0.48016,0,0.23913,0.67663,0.2673,0.49976,0.31828,0.30133,0.52218,0.82545,0.53425,0.63133,0.53962,0.44369,0.53291,0.27545,0.79181,0.76074,0.79047,0.60761,0.78108,0.44369,0.75828,0.2431],"triangles":[23,20,27,27,0,31,27,20,0,31,0,1,23,27,26,26,27,31,30,3,4,30,2,3,30,31,2,31,1,2,6,7,29,4,5,6,6,29,4,10,24,9,9,24,28,28,24,25,9,28,8,28,25,29,8,28,7,29,7,28,29,25,26,29,26,30,29,30,4,26,31,30,21,22,25,25,22,26,13,14,21,14,15,21,15,16,21,21,16,22,11,24,10,11,12,24,25,24,12,12,13,21,25,12,21,26,22,23,16,17,22,22,17,23,23,17,18,18,19,23,23,19,20],"vertices":[3,23,-38.69,23.68,0.08027,25,-42.05,-18.89,0.2008,3,17.19,-20.81,0.71894,3,23,-21.44,39.64,0.11614,25,-26.68,-1.11,0.59887,3,10.23,-43.27,0.28499,2,25,-9.4,5.95,0.94432,3,-2.77,-56.66,0.05568,1,25,4.05,7.4,1,2,26,1.97,6.18,0.82621,25,18.53,5.88,0.17379,1,26,22.52,5.47,1,2,24,20.27,28.68,0.2027,26,28.83,-5.24,0.7973,2,24,23.37,16.03,0.65019,26,32.43,-17.75,0.34981,1,24,26.85,1.77,1,2,22,5.16,65.85,0.09533,24,27.81,-15.28,0.90467,4,22,13.22,50.61,0.29897,21,22.74,51.92,0.07034,23,39.73,-36.29,0.09401,24,24.3,-32.16,0.53668,4,22,22.95,32.23,0.62542,21,34.82,34.99,0.0662,23,31.59,-55.43,0.07263,24,20.06,-52.52,0.23574,1,22,25.05,10.3,1,2,22,27.07,-10.87,0.72662,20,36.81,18.33,0.27338,2,22,23.87,-30.21,0.06521,20,30.77,-0.31,0.93479,1,20,16.48,-11.97,1,2,19,22.39,-11.08,0.53705,20,-1.24,-11.21,0.46295,1,19,6.31,-12.31,1,1,19,-6.82,-10.69,1,2,19,-22.58,-6.74,0.82156,3,8.87,49.19,0.17844,2,19,-47.84,19.09,0.11902,3,18.26,14.29,0.88098,3,22,7.66,-15.64,0.48164,20,16.9,16.5,0.45894,21,26.02,-14.48,0.05942,3,19,13.83,15.39,0.4671,20,-1.72,16.61,0.15551,21,8.11,-19.56,0.37739,4,19,-7.83,12.14,0.61727,21,-13.59,-22.52,0.22351,2,-39.78,-2.51,0.08295,3,-13.23,39.94,0.07627,4,22,3.86,33.05,0.41741,21,15.8,33.27,0.16198,23,20.2,-40.1,0.14836,24,5.89,-39.71,0.27224,4,22,-15.18,27.28,0.14445,21,-2.31,25.03,0.38266,23,3.71,-28.96,0.34178,2,-4.36,-36.17,0.13111,3,21,-19.3,16.16,0.25912,23,-12.72,-19.09,0.25243,2,-3.48,-17.03,0.48846,3,21,-33.58,6.58,0.05817,2,-4.58,0.13,0.82264,3,-9.57,4.83,0.11918,2,24,12.55,4.5,0.93737,26,22.09,-29.72,0.06263,4,23,21.53,9.17,0.44822,24,-2.45,8.87,0.35,26,6.93,-25.96,0.13445,25,19.41,-26.62,0.06733,3,23,6.08,15.76,0.61918,25,3.32,-21.79,0.35816,3,-25.55,-36.35,0.02266,3,23,-13.7,22.18,0.2899,25,-17.05,-17.6,0.45136,3,-5.2,-32.02,0.25873],"hull":21,"edges":[0,2,10,12,38,40,28,26,22,24,24,26,20,22,18,20,18,16,12,14,14,16,6,8,2,4,6,4,28,30,30,32,32,34,36,38,34,36,8,10,40,0],"width":164,"height":102}}}}],"events":{"finished_attacking":{}},"animations":{"attack_above":{"slots":{"face_1_brown_2":{"attachment":[{"name":null}]},"face_1_brown_3":{"attachment":[{"name":null}]},"face_1_eye_1":{"attachment":[{"time":0.7667,"name":"face_1_eye_1"},{"time":0.8667,"name":null}]},"face_1_eye_2":{"attachment":[{"time":0.7667,"name":"face_1_eye_2"},{"time":0.8667,"name":null}]},"face_2_eye_1":{"attachment":[{"time":0.7667,"name":null},{"time":0.8667,"name":"face_2_eye_1"}]},"face_2_eye_2":{"attachment":[{"time":0.7667,"name":null},{"time":0.8667,"name":"face_2_eye_2"}]},"face_2_eye_3":{"attachment":[{"time":0.7667,"name":null},{"time":0.8667,"name":"face_2_eye_3"}]},"face_2_eye_4":{"attachment":[{"time":0.7667,"name":null},{"time":0.8667,"name":"face_2_eye_4"}]},"face_2_eye_5":{"attachment":[{"time":0.7667,"name":null},{"time":0.8667,"name":"face_2_eye_5"}]},"face_2_eye_6":{"attachment":[{"time":0.7667,"name":null},{"time":0.8667,"name":"face_2_eye_6"}]},"mace":{"attachment":[{"time":0.7,"name":null}]}},"bones":{"hair_7":{"rotate":[{"angle":-17.59,"curve":0.311,"c2":0.26,"c3":0.651,"c4":0.61},{"time":0.2,"angle":35.65,"curve":0.332,"c2":0.33,"c3":0.665,"c4":0.66},{"time":0.3667,"angle":-24.79,"curve":0.333,"c2":0.33,"c3":0.666,"c4":0.66},{"time":0.4667,"angle":-31.27,"curve":0.333,"c2":0.33,"c3":0.666,"c4":0.67},{"time":0.6333,"angle":9.55,"curve":0.333,"c2":0.33,"c3":0.667,"c4":0.67},{"time":0.7,"angle":35.63,"curve":0.334,"c2":0.33,"c3":0.667,"c4":0.67},{"time":0.7667,"angle":-81.98,"curve":0.335,"c2":0.34,"c3":0.669,"c4":0.67},{"time":1.1667,"angle":-17.59}]},"body10":{"rotate":[{"angle":16.11,"curve":0.242,"c3":0.663,"c4":0.65},{"time":0.6,"angle":-84.93,"curve":0.25,"c4":0.42},{"time":0.7,"angle":-151.4,"curve":0.25,"c3":0.75},{"time":0.8333,"angle":-107.26,"curve":0.25,"c3":0.75},{"time":1.1667,"angle":16.11}],"translate":[{"time":0.6,"curve":0.25,"c4":0.42},{"time":0.7,"x":10.78,"y":2.72,"curve":0.25,"c3":0.75},{"time":0.8333,"x":6.79,"y":7.96,"curve":0.25,"c3":0.75},{"time":1.1667}],"scale":[{"time":0.7,"curve":0.25,"c3":0.75},{"time":0.7667,"x":1.254,"curve":0.25,"c3":0.75},{"time":1.1667}]},"body9":{"rotate":[{"angle":10.26,"curve":0.242,"c3":0.663,"c4":0.65},{"time":0.6,"angle":73.44,"curve":0.25,"c4":0.42},{"time":0.7,"angle":43.67,"curve":"stepped"},{"time":0.8333,"angle":43.67,"curve":0.25,"c3":0.75},{"time":1.1667,"angle":10.26}]},"body":{"rotate":[{"curve":0.25,"c3":0.75},{"time":0.6,"angle":14.15,"curve":0.25,"c3":0.75},{"time":0.7,"angle":-29.6,"curve":0.309,"c3":0.644,"c4":0.35},{"time":0.8333,"angle":-5.02,"curve":0.309,"c3":0.644,"c4":0.35},{"time":1.1667}],"translate":[{"curve":0.265,"c3":0.618,"c4":0.43},{"time":0.2,"x":18.9,"y":-40.16,"curve":0.351,"c2":0.4,"c3":0.757},{"time":0.6,"x":-28.55,"y":0.96,"curve":0.284,"c3":0.625,"c4":0.38},{"time":0.7,"x":66.72,"y":10.73,"curve":0.324,"c2":0.3,"c3":0.658,"c4":0.63},{"time":0.8333,"x":36.06,"y":-7.09,"curve":0.324,"c2":0.3,"c3":0.658,"c4":0.63},{"time":1.1667}]},"body3":{"rotate":[{"angle":-8.48,"curve":0.265,"c3":0.618,"c4":0.43},{"time":0.2,"angle":-13.39,"curve":0.351,"c2":0.4,"c3":0.757},{"time":0.6,"angle":-4.81,"curve":0.25,"c3":0.75},{"time":0.7,"angle":0.44,"curve":0.25,"c3":0.75},{"time":0.8333,"angle":-17.59,"curve":0.25,"c3":0.75},{"time":1.1667}],"translate":[{"x":2.69,"y":0.14,"curve":0.366,"c2":0.53,"c3":0.705,"c4":0.89},{"time":0.6,"x":-2.38,"y":-1.85,"curve":0.344,"c2":0.66,"c3":0.677},{"time":0.7,"x":-2.6,"y":-1.93,"curve":"stepped"},{"time":0.8333,"x":-2.6,"y":-1.93,"curve":0.243,"c3":0.68,"c4":0.71},{"time":1.1667,"x":2.69,"y":0.14}]},"head":{"rotate":[{"angle":-8.48,"curve":0.265,"c3":0.618,"c4":0.43},{"time":0.2,"angle":-13.39,"curve":0.351,"c2":0.4,"c3":0.757},{"time":0.6,"angle":-4.81,"curve":0.25,"c3":0.75},{"time":0.7,"angle":-3.07,"curve":0.25,"c3":0.75},{"time":0.8333,"angle":-10.79,"curve":0.25,"c3":0.75},{"time":1.1667}],"translate":[{"x":-0.17,"y":-0.63,"curve":0.349,"c2":0.39,"c3":0.689,"c4":0.74},{"time":0.6,"x":-1.61,"y":-1.07,"curve":0.349,"c2":0.39,"c3":0.689,"c4":0.74},{"time":0.7,"x":-2.84,"y":-1.45,"curve":"stepped"},{"time":0.8333,"x":-2.84,"y":-1.45,"curve":0.375,"c2":0.62,"c3":0.716},{"time":1.1667,"x":-0.17,"y":-0.63}]},"body5":{"rotate":[{"angle":16.94,"curve":0.375,"c2":0.62,"c3":0.716},{"time":0.2,"angle":-15.59,"curve":0.267,"c2":0.1,"c3":0.686,"c4":0.73},{"time":0.6,"angle":4.79,"curve":0.375,"c2":0.62,"c3":0.716},{"time":0.7,"angle":-40.37,"curve":0.243,"c3":0.68,"c4":0.71},{"time":1.1667,"angle":16.94}]},"body6":{"rotate":[{"angle":16.47,"curve":0.349,"c2":0.39,"c3":0.689,"c4":0.74},{"time":0.1333,"angle":16.94,"curve":0.375,"c2":0.62,"c3":0.716},{"time":0.2333,"angle":17.19,"curve":0.245,"c3":0.637,"c4":0.56},{"time":0.6,"angle":113.9,"curve":0.349,"c2":0.39,"c3":0.689,"c4":0.74},{"time":0.7,"angle":16.17,"curve":0.375,"c2":0.62,"c3":0.716},{"time":1.1667,"angle":16.47}],"translate":[{"x":-0.17,"y":0.39,"curve":0.25,"c3":0.75},{"time":0.6,"x":4.81,"y":3.96,"curve":0.25,"c3":0.75},{"time":0.7,"x":3.33,"y":0.97,"curve":0.25,"c3":0.75},{"time":1.1667,"x":-0.17,"y":0.39}]},"hair_2":{"rotate":[{"angle":1.43,"curve":0.375,"c2":0.62,"c3":0.716},{"time":0.2,"angle":-6.79,"curve":0.272,"c3":0.619,"c4":0.41},{"time":0.4667,"angle":-16.12,"curve":0.321,"c2":0.29,"c3":0.658,"c4":0.64},{"time":0.6333,"angle":26.64,"curve":0.333,"c2":0.33,"c3":0.67,"c4":0.68},{"time":0.7667,"angle":-17.14,"curve":0.381,"c2":0.55,"c3":0.742},{"time":1.1667,"angle":1.43}]},"hair_6":{"rotate":[{"angle":-9.68,"curve":0.33,"c2":0.32,"c3":0.67,"c4":0.68},{"time":0.2,"angle":44.31,"curve":0.336,"c2":0.34,"c3":0.669,"c4":0.67},{"time":0.3667,"angle":-18.92,"curve":0.336,"c2":0.34,"c3":0.669,"c4":0.67},{"time":0.4667,"angle":-26.25,"curve":0.337,"c2":0.35,"c3":0.671,"c4":0.68},{"time":0.6333,"angle":13.61,"curve":0.336,"c2":0.34,"c3":0.669,"c4":0.67},{"time":0.7,"angle":35.33,"curve":0.336,"c2":0.34,"c3":0.669,"c4":0.68},{"time":0.7667,"angle":-84.91,"curve":0.339,"c2":0.36,"c3":0.673,"c4":0.69},{"time":1.1667,"angle":-9.68}]},"hair_3":{"rotate":[{"angle":-1.24,"curve":0.349,"c2":0.39,"c3":0.689,"c4":0.74},{"time":0.2,"angle":46.76,"curve":0.338,"c2":0.36,"c3":0.672,"c4":0.69},{"time":0.3667,"angle":-6.37,"curve":0.338,"c2":0.35,"c3":0.671,"c4":0.69},{"time":0.4667,"angle":-16.42,"curve":0.34,"c2":0.37,"c3":0.673,"c4":0.7},{"time":0.6333,"angle":27.23,"curve":0.341,"c2":0.38,"c3":0.674,"c4":0.72},{"time":0.7667,"angle":-20.21,"curve":0.355,"c2":0.65,"c3":0.69},{"time":1.1667,"angle":-1.24}]},"body7":{"rotate":[{"angle":15.95,"curve":0.33,"c2":0.32,"c3":0.67,"c4":0.68},{"time":0.1333,"angle":16.47,"curve":0.349,"c2":0.39,"c3":0.689,"c4":0.74},{"time":0.2333,"angle":16.94,"curve":0.375,"c2":0.62,"c3":0.716},{"time":0.3667,"angle":17.19,"curve":0.258,"c3":0.619,"c4":0.45},{"time":0.6,"angle":16.47,"curve":0.33,"c2":0.32,"c3":0.67,"c4":0.68},{"time":0.7,"angle":6.76,"curve":0.381,"c2":0.55,"c3":0.742},{"time":1.1667,"angle":15.95}]},"hair_12":{"rotate":[{"angle":-9.68,"curve":0.33,"c2":0.32,"c3":0.67,"c4":0.68},{"time":0.2,"angle":44.31,"curve":0.336,"c2":0.34,"c3":0.669,"c4":0.67},{"time":0.3667,"angle":-18.92,"curve":0.336,"c2":0.34,"c3":0.669,"c4":0.67},{"time":0.4667,"angle":-26.25,"curve":0.337,"c2":0.35,"c3":0.671,"c4":0.68},{"time":0.6333,"angle":13.61,"curve":0.336,"c2":0.34,"c3":0.669,"c4":0.67},{"time":0.7,"angle":35.33,"curve":0.336,"c2":0.34,"c3":0.669,"c4":0.68},{"time":0.7667,"angle":-84.91,"curve":0.339,"c2":0.36,"c3":0.673,"c4":0.69},{"time":1.1667,"angle":-9.68}]},"hair_9":{"rotate":[{"angle":-17.59,"curve":0.311,"c2":0.26,"c3":0.651,"c4":0.61},{"time":0.2,"angle":35.65,"curve":0.332,"c2":0.33,"c3":0.665,"c4":0.66},{"time":0.3667,"angle":-24.79,"curve":0.333,"c2":0.33,"c3":0.666,"c4":0.66},{"time":0.4667,"angle":-31.27,"curve":0.333,"c2":0.33,"c3":0.666,"c4":0.67},{"time":0.6333,"angle":9.55,"curve":0.333,"c2":0.33,"c3":0.667,"c4":0.67},{"time":0.7,"angle":35.63,"curve":0.334,"c2":0.33,"c3":0.667,"c4":0.67},{"time":0.7667,"angle":-81.98,"curve":0.335,"c2":0.34,"c3":0.669,"c4":0.67},{"time":1.1667,"angle":-17.59}]},"hair_1":{"rotate":[{"curve":0.25,"c3":0.75},{"time":0.6,"angle":-3.26,"curve":0.25,"c3":0.75},{"time":1.1667}]},"hair_11":{"rotate":[{"angle":-1.24,"curve":0.349,"c2":0.39,"c3":0.689,"c4":0.74},{"time":0.2,"angle":46.76,"curve":0.338,"c2":0.36,"c3":0.672,"c4":0.69},{"time":0.3667,"angle":-6.37,"curve":0.338,"c2":0.35,"c3":0.671,"c4":0.69},{"time":0.4667,"angle":-16.42,"curve":0.34,"c2":0.37,"c3":0.673,"c4":0.7},{"time":0.6333,"angle":27.23,"curve":0.341,"c2":0.38,"c3":0.674,"c4":0.72},{"time":0.7667,"angle":-20.21,"curve":0.355,"c2":0.65,"c3":0.69},{"time":1.1667,"angle":-1.24}]},"hair_5":{"rotate":[{"angle":-1.24,"curve":0.349,"c2":0.39,"c3":0.689,"c4":0.74},{"time":0.2,"angle":-8.28,"curve":0.343,"c2":0.38,"c3":0.676,"c4":0.71},{"time":0.4667,"angle":-16.42,"curve":0.34,"c2":0.37,"c3":0.673,"c4":0.7},{"time":0.6333,"angle":27.23,"curve":0.341,"c2":0.38,"c3":0.674,"c4":0.72},{"time":0.7667,"angle":-20.21,"curve":0.355,"c2":0.65,"c3":0.69},{"time":1.1667,"angle":-1.24}]},"hair_10":{"rotate":[{"angle":-21.81,"curve":0.284,"c3":0.625,"c4":0.38},{"time":0.2,"angle":27.74,"curve":0.329,"c2":0.32,"c3":0.662,"c4":0.65},{"time":0.3667,"angle":-30.66,"curve":0.33,"c2":0.32,"c3":0.664,"c4":0.66},{"time":0.4667,"angle":-37.04,"curve":0.33,"c2":0.32,"c3":0.663,"c4":0.65},{"time":0.6333,"angle":4.4,"curve":0.332,"c2":0.33,"c3":0.665,"c4":0.66},{"time":0.7,"angle":33.13,"curve":0.332,"c2":0.33,"c3":0.665,"c4":0.66},{"time":0.7667,"angle":-82.83,"curve":0.328,"c2":0.32,"c3":0.662,"c4":0.65},{"time":1.1667,"angle":-21.81}]},"hair_8":{"rotate":[{"angle":-4.27,"curve":0.33,"c2":0.32,"c3":0.67,"c4":0.68},{"time":0.2,"angle":44.09,"curve":0.336,"c2":0.34,"c3":0.669,"c4":0.67},{"time":0.3667,"angle":-9.11,"curve":0.336,"c2":0.34,"c3":0.669,"c4":0.67},{"time":0.4667,"angle":-21.09,"curve":0.337,"c2":0.35,"c3":0.671,"c4":0.68},{"time":0.6333,"angle":21.68,"curve":0.338,"c2":0.35,"c3":0.672,"c4":0.68},{"time":0.7667,"angle":-28.66,"curve":0.339,"c2":0.36,"c3":0.673,"c4":0.69},{"time":1.1667,"angle":-4.27}]},"hair_13":{"rotate":[{"angle":-17.59,"curve":0.311,"c2":0.26,"c3":0.651,"c4":0.61},{"time":0.2,"angle":35.65,"curve":0.332,"c2":0.33,"c3":0.665,"c4":0.66},{"time":0.3667,"angle":-24.79,"curve":0.333,"c2":0.33,"c3":0.666,"c4":0.66},{"time":0.4667,"angle":-31.27,"curve":0.333,"c2":0.33,"c3":0.666,"c4":0.67},{"time":0.6333,"angle":9.55,"curve":0.333,"c2":0.33,"c3":0.667,"c4":0.67},{"time":0.7,"angle":35.63,"curve":0.334,"c2":0.33,"c3":0.667,"c4":0.67},{"time":0.7667,"angle":-81.98,"curve":0.335,"c2":0.34,"c3":0.669,"c4":0.67},{"time":1.1667,"angle":-17.59}]},"body8":{"rotate":[{"curve":0.25,"c3":0.75},{"time":0.6,"angle":72.21,"curve":0.25,"c4":0.42},{"time":0.7,"angle":-32.6,"curve":0.25,"c3":0.75},{"time":0.8333,"angle":6.39,"curve":0.25,"c3":0.75},{"time":1.1667}],"translate":[{"curve":0.243,"c3":0.689,"c4":0.75},{"time":0.6,"x":51.2,"y":41.99,"curve":0.371,"c2":0.62,"c3":0.71},{"time":0.7,"x":31.26,"y":-21.26,"curve":0.25,"c3":0.75},{"time":0.8333,"x":11.62,"y":-2.33}]},"body2":{"rotate":[{"angle":-8.48,"curve":0.265,"c3":0.618,"c4":0.43},{"time":0.2,"angle":-13.39,"curve":0.351,"c2":0.4,"c3":0.757},{"time":0.6,"angle":-4.81,"curve":0.25,"c3":0.75},{"time":0.7,"angle":-3.22,"curve":0.25,"c3":0.75},{"time":0.8333,"angle":-24.6,"curve":0.25,"c3":0.75},{"time":1.1667}]},"body11":{"rotate":[{"time":0.6,"angle":-32.78,"curve":0.243,"c3":0.649,"c4":0.6},{"time":0.6667,"angle":-45.96,"curve":0.382,"c2":0.57,"c3":0.735},{"time":0.7,"angle":-42.18,"curve":0.265,"c3":0.618,"c4":0.43},{"time":0.7333,"angle":-34.58,"curve":0.325,"c2":0.31,"c3":0.675,"c4":0.69},{"time":0.7667,"angle":-34.45,"curve":0.382,"c2":0.57,"c3":0.735},{"time":0.8333,"angle":-32.78}]},"head2":{"rotate":[{"angle":-8.48,"curve":0.265,"c3":0.618,"c4":0.43},{"time":0.2,"angle":-10.93,"curve":0.351,"c2":0.4,"c3":0.757},{"time":0.6,"angle":-4.81,"curve":0.25,"c3":0.75},{"time":0.7,"angle":-3.07,"curve":0.25,"c3":0.75},{"time":0.8333,"angle":-9.24,"curve":0.25,"c3":0.75},{"time":1.1667}]},"leg_3":{"rotate":[{"time":0.6,"curve":0.25,"c3":0.75},{"time":0.7,"angle":-20.13,"curve":0.25,"c3":0.75},{"time":0.8667,"angle":-49.05,"curve":0.25,"c3":0.75},{"time":1.1667}],"translate":[{"time":0.6,"curve":0.25,"c3":0.75},{"time":0.7,"x":-18.67,"y":126.06,"curve":0.25,"c3":0.75},{"time":0.8667,"x":-58.7,"y":125.23,"curve":0.25,"c3":0.75},{"time":1.1667}]},"body18":{"rotate":[{"curve":0.25,"c3":0.75},{"time":0.2333,"angle":-10.75,"curve":"stepped"},{"time":0.6,"angle":-10.75,"curve":0.25,"c3":0.75},{"time":0.7,"angle":-18.67,"curve":0.25,"c3":0.75},{"time":1.1667}]},"body19":{"rotate":[{"time":0.6,"curve":0.25,"c3":0.75},{"time":0.7,"angle":-8.8,"curve":0.25,"c3":0.75},{"time":1.1667}]},"body20":{"rotate":[{"time":0.6,"curve":0.25,"c3":0.75},{"time":0.7,"angle":-8.8,"curve":0.25,"c3":0.75},{"time":1.1667}]},"body21":{"rotate":[{"curve":0.265,"c3":0.618,"c4":0.43},{"time":0.2,"angle":16.18,"curve":0.351,"c2":0.4,"c3":0.757},{"time":0.6,"curve":0.25,"c3":0.75},{"time":0.7,"angle":-8.8,"curve":0.25,"c3":0.75},{"time":1.1667}]},"body22":{"rotate":[{"curve":0.265,"c3":0.618,"c4":0.43},{"time":0.2,"angle":16.18,"curve":0.351,"c2":0.4,"c3":0.757},{"time":0.6,"curve":0.25,"c3":0.75},{"time":0.7,"angle":-8.8,"curve":0.25,"c3":0.75},{"time":1.1667}]},"body17":{"rotate":[{"curve":0.25,"c3":0.75},{"time":0.2333,"angle":-10.75,"curve":"stepped"},{"time":0.6,"angle":-10.75,"curve":0.25,"c3":0.75},{"time":0.7,"angle":-18.67,"curve":0.25,"c3":0.75},{"time":1.1667}]},"body16":{"rotate":[{"curve":0.25,"c3":0.75},{"time":0.2333,"angle":-27.16,"curve":0.242,"c3":0.667,"c4":0.67},{"time":0.6,"angle":-16.39,"curve":0.379,"c2":0.6,"c3":0.724},{"time":0.7,"angle":-28.76,"curve":0.25,"c3":0.75},{"time":1.1667}]},"body15":{"rotate":[{"curve":0.25,"c3":0.75},{"time":0.2333,"angle":-27.16,"curve":0.25,"c3":0.75},{"time":0.6,"angle":11.4,"curve":0.25,"c3":0.75},{"time":0.7,"angle":-61.87,"curve":0.276,"c3":0.621,"c4":0.4},{"time":0.8333,"angle":-59.34,"curve":0.312,"c2":0.27,"c3":0.662,"c4":0.65},{"time":0.9667,"angle":-36.4,"curve":0.381,"c2":0.54,"c3":0.744},{"time":1.1667}],"translate":[{"curve":0.25,"c3":0.75},{"time":0.2333,"x":-5.91,"y":7.61,"curve":"stepped"},{"time":0.6,"x":-5.91,"y":7.61,"curve":0.25,"c3":0.75},{"time":0.7,"x":-13.23,"y":13.27,"curve":0.255,"c3":0.62,"c4":0.47},{"time":0.8333,"x":-6.99,"y":29.51,"curve":0.332,"c2":0.33,"c3":0.668,"c4":0.67},{"time":0.8667,"x":-12.02,"y":31.1,"curve":0.356,"c2":0.41,"c3":0.702,"c4":0.79},{"time":0.9333,"x":-20.05,"y":26.87,"curve":0.367,"c2":0.63,"c3":0.705},{"time":0.9667,"x":-21.13,"y":16.23,"curve":0.25,"c3":0.75},{"time":1.1667}]}},"events":[{"time":0.7,"name":"finished_attacking"}]},"attack_below":{"slots":{"face_1_brown_2":{"attachment":[{"name":null}]},"face_1_brown_3":{"attachment":[{"name":null}]},"face_1_eye_1":{"attachment":[{"time":0.8,"name":"face_1_eye_1"},{"time":0.8667,"name":null}]},"face_1_eye_2":{"attachment":[{"time":0.8,"name":"face_1_eye_2"},{"time":0.8667,"name":null}]},"face_2_eye_1":{"attachment":[{"time":0.8,"name":null},{"time":0.8667,"name":"face_2_eye_1"}]},"face_2_eye_2":{"attachment":[{"time":0.8,"name":null},{"time":0.8667,"name":"face_2_eye_2"}]},"face_2_eye_3":{"attachment":[{"time":0.8,"name":null},{"time":0.8667,"name":"face_2_eye_3"}]},"face_2_eye_4":{"attachment":[{"time":0.8,"name":null},{"time":0.8667,"name":"face_2_eye_4"}]},"face_2_eye_5":{"attachment":[{"time":0.8,"name":null},{"time":0.8667,"name":"face_2_eye_5"}]},"face_2_eye_6":{"attachment":[{"time":0.8,"name":null},{"time":0.8667,"name":"face_2_eye_6"}]},"mace":{"attachment":[{"time":0.7,"name":null}]}},"bones":{"body":{"rotate":[{"curve":0.25,"c3":0.75},{"time":0.6,"angle":25.92,"curve":0.25,"c3":0.75},{"time":0.7,"angle":-5.02,"curve":"stepped"},{"time":0.8333,"angle":-5.02,"curve":0.309,"c3":0.644,"c4":0.35},{"time":1.1667}],"translate":[{"curve":0.265,"c3":0.618,"c4":0.43},{"time":0.2,"x":18.9,"y":-40.16,"curve":0.351,"c2":0.4,"c3":0.757},{"time":0.6,"x":-25.23,"y":-8.98,"curve":0.284,"c3":0.625,"c4":0.38},{"time":0.7,"x":77.89,"y":28.62,"curve":0.324,"c2":0.3,"c3":0.658,"c4":0.63},{"time":0.8333,"x":36.06,"y":-7.09,"curve":0.324,"c2":0.3,"c3":0.658,"c4":0.63},{"time":1.1667}]},"head2":{"rotate":[{"curve":0.265,"c3":0.618,"c4":0.43},{"time":0.2,"angle":-23.75,"curve":0.351,"c2":0.4,"c3":0.757},{"time":0.6,"angle":-0.08,"curve":0.25,"c3":0.75},{"time":0.7}]},"hair_7":{"rotate":[{"angle":-17.59,"curve":0.311,"c2":0.26,"c3":0.651,"c4":0.61},{"time":0.2,"angle":35.65,"curve":0.332,"c2":0.33,"c3":0.665,"c4":0.66},{"time":0.3667,"angle":-24.79,"curve":0.333,"c2":0.33,"c3":0.666,"c4":0.66},{"time":0.4667,"angle":-31.27,"curve":0.333,"c2":0.33,"c3":0.666,"c4":0.67},{"time":0.6333,"angle":9.55,"curve":0.333,"c2":0.33,"c3":0.667,"c4":0.67},{"time":0.7,"angle":35.63,"curve":0.334,"c2":0.33,"c3":0.667,"c4":0.67},{"time":0.7667,"angle":-81.98,"curve":0.335,"c2":0.34,"c3":0.669,"c4":0.67},{"time":1.1667,"angle":-17.59}]},"body10":{"rotate":[{"angle":16.11,"curve":0.242,"c3":0.663,"c4":0.65},{"time":0.6,"angle":-84.93,"curve":0.25,"c4":0.42},{"time":0.7,"angle":-107.26,"curve":"stepped"},{"time":0.8333,"angle":-107.26,"curve":0.25,"c3":0.75},{"time":1.1667,"angle":16.11}],"translate":[{"time":0.6,"curve":0.25,"c4":0.42},{"time":0.7,"x":6.79,"y":7.96,"curve":"stepped"},{"time":0.8333,"x":6.79,"y":7.96,"curve":0.25,"c3":0.75},{"time":1.1667}],"scale":[{"time":0.6667,"curve":0.25,"c3":0.75},{"time":0.7,"x":1.005,"y":1.039},{"time":1.0333}]},"body9":{"rotate":[{"angle":10.26,"curve":0.242,"c3":0.663,"c4":0.65},{"time":0.6,"angle":73.44,"curve":0.25,"c4":0.42},{"time":0.7,"angle":43.67,"curve":"stepped"},{"time":0.8333,"angle":43.67,"curve":0.25,"c3":0.75},{"time":1.1667,"angle":10.26}],"scale":[{"time":0.6,"curve":0.25,"c4":0.42},{"time":0.7,"x":1.509,"y":1.093,"curve":"stepped"},{"time":0.8333,"x":1.509,"y":1.093,"curve":0.25,"c3":0.75},{"time":1.1667}]},"body8":{"rotate":[{"curve":0.25,"c3":0.75},{"time":0.6,"angle":72.21,"curve":0.25,"c4":0.42},{"time":0.7,"angle":68.11,"curve":"stepped"},{"time":0.8333,"angle":68.11,"curve":0.25,"c3":0.75},{"time":1.1667}],"translate":[{"curve":0.243,"c3":0.689,"c4":0.75},{"time":0.6,"x":0.8,"y":54.64,"curve":0.371,"c2":0.62,"c3":0.71},{"time":0.7,"x":31.26,"y":-21.26,"curve":0.25,"c3":0.75},{"time":0.8333,"x":11.62,"y":-2.33}]},"body3":{"rotate":[{"curve":0.265,"c3":0.618,"c4":0.43},{"time":0.2,"angle":-6.22,"curve":0.351,"c2":0.4,"c3":0.757},{"time":0.6,"angle":-0.08,"curve":0.25,"c3":0.75},{"time":0.7,"angle":3.51,"curve":0.25,"c3":0.75},{"time":0.8333,"angle":-11.31,"curve":0.25,"c3":0.75},{"time":1.1667}],"translate":[{"x":2.69,"y":0.14,"curve":0.366,"c2":0.53,"c3":0.705,"c4":0.89},{"time":0.6,"x":-2.38,"y":-1.85,"curve":0.344,"c2":0.66,"c3":0.677},{"time":0.7,"x":-2.6,"y":-1.93,"curve":"stepped"},{"time":0.8333,"x":-2.6,"y":-1.93,"curve":0.243,"c3":0.68,"c4":0.71},{"time":1.1667,"x":2.69,"y":0.14}]},"head":{"rotate":[{"curve":0.265,"c3":0.618,"c4":0.43},{"time":0.2,"angle":-6.22,"curve":0.351,"c2":0.4,"c3":0.757},{"time":0.6,"angle":-0.08,"curve":0.25,"c3":0.75},{"time":0.7}],"translate":[{"x":-0.17,"y":-0.63,"curve":0.349,"c2":0.39,"c3":0.689,"c4":0.74},{"time":0.6,"x":-1.61,"y":-1.07,"curve":0.349,"c2":0.39,"c3":0.689,"c4":0.74},{"time":0.7,"x":-2.84,"y":-1.45,"curve":"stepped"},{"time":0.8333,"x":-2.84,"y":-1.45,"curve":0.375,"c2":0.62,"c3":0.716},{"time":1.1667,"x":-0.17,"y":-0.63}]},"body5":{"rotate":[{"angle":16.94,"curve":0.375,"c2":0.62,"c3":0.716},{"time":0.2,"angle":-15.59,"curve":0.267,"c2":0.1,"c3":0.686,"c4":0.73},{"time":0.6,"angle":4.79,"curve":0.375,"c2":0.62,"c3":0.716},{"time":0.7,"angle":-40.37,"curve":0.243,"c3":0.68,"c4":0.71},{"time":1.1667,"angle":16.94}]},"body6":{"rotate":[{"angle":16.47,"curve":0.349,"c2":0.39,"c3":0.689,"c4":0.74},{"time":0.1333,"angle":16.94,"curve":0.375,"c2":0.62,"c3":0.716},{"time":0.2333,"angle":17.19,"curve":0.245,"c3":0.637,"c4":0.56},{"time":0.6,"angle":113.9,"curve":0.349,"c2":0.39,"c3":0.689,"c4":0.74},{"time":0.7,"angle":16.17,"curve":0.375,"c2":0.62,"c3":0.716},{"time":1.1667,"angle":16.47}],"translate":[{"x":-0.17,"y":0.39,"curve":0.25,"c3":0.75},{"time":0.6,"x":4.81,"y":3.96,"curve":0.25,"c3":0.75},{"time":0.7,"x":3.33,"y":0.97,"curve":0.25,"c3":0.75},{"time":1.1667,"x":-0.17,"y":0.39}]},"hair_2":{"rotate":[{"angle":1.43,"curve":0.375,"c2":0.62,"c3":0.716},{"time":0.2,"angle":-6.79,"curve":0.272,"c3":0.619,"c4":0.41},{"time":0.4667,"angle":-16.12,"curve":0.321,"c2":0.29,"c3":0.658,"c4":0.64},{"time":0.6333,"angle":26.64,"curve":0.333,"c2":0.33,"c3":0.67,"c4":0.68},{"time":0.7667,"angle":-17.14,"curve":0.381,"c2":0.55,"c3":0.742},{"time":1.1667,"angle":1.43}]},"hair_6":{"rotate":[{"angle":-9.68,"curve":0.33,"c2":0.32,"c3":0.67,"c4":0.68},{"time":0.2,"angle":44.31,"curve":0.336,"c2":0.34,"c3":0.669,"c4":0.67},{"time":0.3667,"angle":-18.92,"curve":0.336,"c2":0.34,"c3":0.669,"c4":0.67},{"time":0.4667,"angle":-26.25,"curve":0.337,"c2":0.35,"c3":0.671,"c4":0.68},{"time":0.6333,"angle":13.61,"curve":0.336,"c2":0.34,"c3":0.669,"c4":0.67},{"time":0.7,"angle":35.33,"curve":0.336,"c2":0.34,"c3":0.669,"c4":0.68},{"time":0.7667,"angle":-84.91,"curve":0.339,"c2":0.36,"c3":0.673,"c4":0.69},{"time":1.1667,"angle":-9.68}]},"hair_3":{"rotate":[{"angle":-1.24,"curve":0.349,"c2":0.39,"c3":0.689,"c4":0.74},{"time":0.2,"angle":46.76,"curve":0.338,"c2":0.36,"c3":0.672,"c4":0.69},{"time":0.3667,"angle":-6.37,"curve":0.338,"c2":0.35,"c3":0.671,"c4":0.69},{"time":0.4667,"angle":-16.42,"curve":0.34,"c2":0.37,"c3":0.673,"c4":0.7},{"time":0.6333,"angle":27.23,"curve":0.341,"c2":0.38,"c3":0.674,"c4":0.72},{"time":0.7667,"angle":-20.21,"curve":0.355,"c2":0.65,"c3":0.69},{"time":1.1667,"angle":-1.24}]},"body7":{"rotate":[{"angle":15.95,"curve":0.33,"c2":0.32,"c3":0.67,"c4":0.68},{"time":0.1333,"angle":16.47,"curve":0.349,"c2":0.39,"c3":0.689,"c4":0.74},{"time":0.2333,"angle":16.94,"curve":0.375,"c2":0.62,"c3":0.716},{"time":0.3667,"angle":17.19,"curve":0.258,"c3":0.619,"c4":0.45},{"time":0.6,"angle":16.47,"curve":0.33,"c2":0.32,"c3":0.67,"c4":0.68},{"time":0.7,"angle":6.76,"curve":0.381,"c2":0.55,"c3":0.742},{"time":1.1667,"angle":15.95}]},"hair_12":{"rotate":[{"angle":-9.68,"curve":0.33,"c2":0.32,"c3":0.67,"c4":0.68},{"time":0.2,"angle":44.31,"curve":0.336,"c2":0.34,"c3":0.669,"c4":0.67},{"time":0.3667,"angle":-18.92,"curve":0.336,"c2":0.34,"c3":0.669,"c4":0.67},{"time":0.4667,"angle":-26.25,"curve":0.337,"c2":0.35,"c3":0.671,"c4":0.68},{"time":0.6333,"angle":13.61,"curve":0.336,"c2":0.34,"c3":0.669,"c4":0.67},{"time":0.7,"angle":35.33,"curve":0.336,"c2":0.34,"c3":0.669,"c4":0.68},{"time":0.7667,"angle":-84.91,"curve":0.339,"c2":0.36,"c3":0.673,"c4":0.69},{"time":1.1667,"angle":-9.68}]},"hair_9":{"rotate":[{"angle":-17.59,"curve":0.311,"c2":0.26,"c3":0.651,"c4":0.61},{"time":0.2,"angle":35.65,"curve":0.332,"c2":0.33,"c3":0.665,"c4":0.66},{"time":0.3667,"angle":-24.79,"curve":0.333,"c2":0.33,"c3":0.666,"c4":0.66},{"time":0.4667,"angle":-31.27,"curve":0.333,"c2":0.33,"c3":0.666,"c4":0.67},{"time":0.6333,"angle":9.55,"curve":0.333,"c2":0.33,"c3":0.667,"c4":0.67},{"time":0.7,"angle":35.63,"curve":0.334,"c2":0.33,"c3":0.667,"c4":0.67},{"time":0.7667,"angle":-81.98,"curve":0.335,"c2":0.34,"c3":0.669,"c4":0.67},{"time":1.1667,"angle":-17.59}]},"hair_1":{"rotate":[{"curve":0.25,"c3":0.75},{"time":0.6,"angle":-3.26,"curve":0.25,"c3":0.75},{"time":1.1667}]},"hair_11":{"rotate":[{"angle":-1.24,"curve":0.349,"c2":0.39,"c3":0.689,"c4":0.74},{"time":0.2,"angle":46.76,"curve":0.338,"c2":0.36,"c3":0.672,"c4":0.69},{"time":0.3667,"angle":-6.37,"curve":0.338,"c2":0.35,"c3":0.671,"c4":0.69},{"time":0.4667,"angle":-16.42,"curve":0.34,"c2":0.37,"c3":0.673,"c4":0.7},{"time":0.6333,"angle":27.23,"curve":0.341,"c2":0.38,"c3":0.674,"c4":0.72},{"time":0.7667,"angle":-20.21,"curve":0.355,"c2":0.65,"c3":0.69},{"time":1.1667,"angle":-1.24}]},"hair_5":{"rotate":[{"angle":-1.24,"curve":0.349,"c2":0.39,"c3":0.689,"c4":0.74},{"time":0.2,"angle":-8.28,"curve":0.343,"c2":0.38,"c3":0.676,"c4":0.71},{"time":0.4667,"angle":-16.42,"curve":0.34,"c2":0.37,"c3":0.673,"c4":0.7},{"time":0.6333,"angle":27.23,"curve":0.341,"c2":0.38,"c3":0.674,"c4":0.72},{"time":0.7667,"angle":-20.21,"curve":0.355,"c2":0.65,"c3":0.69},{"time":1.1667,"angle":-1.24}]},"hair_10":{"rotate":[{"angle":-21.81,"curve":0.284,"c3":0.625,"c4":0.38},{"time":0.2,"angle":27.74,"curve":0.329,"c2":0.32,"c3":0.662,"c4":0.65},{"time":0.3667,"angle":-30.66,"curve":0.33,"c2":0.32,"c3":0.664,"c4":0.66},{"time":0.4667,"angle":-37.04,"curve":0.33,"c2":0.32,"c3":0.663,"c4":0.65},{"time":0.6333,"angle":4.4,"curve":0.332,"c2":0.33,"c3":0.665,"c4":0.66},{"time":0.7,"angle":33.13,"curve":0.332,"c2":0.33,"c3":0.665,"c4":0.66},{"time":0.7667,"angle":-82.83,"curve":0.328,"c2":0.32,"c3":0.662,"c4":0.65},{"time":1.1667,"angle":-21.81}]},"hair_8":{"rotate":[{"angle":-4.27,"curve":0.33,"c2":0.32,"c3":0.67,"c4":0.68},{"time":0.2,"angle":44.09,"curve":0.336,"c2":0.34,"c3":0.669,"c4":0.67},{"time":0.3667,"angle":-9.11,"curve":0.336,"c2":0.34,"c3":0.669,"c4":0.67},{"time":0.4667,"angle":-21.09,"curve":0.337,"c2":0.35,"c3":0.671,"c4":0.68},{"time":0.6333,"angle":21.68,"curve":0.338,"c2":0.35,"c3":0.672,"c4":0.68},{"time":0.7667,"angle":-28.66,"curve":0.339,"c2":0.36,"c3":0.673,"c4":0.69},{"time":1.1667,"angle":-4.27}]},"hair_13":{"rotate":[{"angle":-17.59,"curve":0.311,"c2":0.26,"c3":0.651,"c4":0.61},{"time":0.2,"angle":35.65,"curve":0.332,"c2":0.33,"c3":0.665,"c4":0.66},{"time":0.3667,"angle":-24.79,"curve":0.333,"c2":0.33,"c3":0.666,"c4":0.66},{"time":0.4667,"angle":-31.27,"curve":0.333,"c2":0.33,"c3":0.666,"c4":0.67},{"time":0.6333,"angle":9.55,"curve":0.333,"c2":0.33,"c3":0.667,"c4":0.67},{"time":0.7,"angle":35.63,"curve":0.334,"c2":0.33,"c3":0.667,"c4":0.67},{"time":0.7667,"angle":-81.98,"curve":0.335,"c2":0.34,"c3":0.669,"c4":0.67},{"time":1.1667,"angle":-17.59}]},"body2":{"rotate":[{"curve":0.265,"c3":0.618,"c4":0.43},{"time":0.2,"angle":-6.22,"curve":0.351,"c2":0.4,"c3":0.757},{"time":0.6,"angle":-0.08,"curve":0.25,"c3":0.75},{"time":0.7,"angle":-22.22,"curve":0.25,"c3":0.75},{"time":0.8333,"angle":-37.04,"curve":0.25,"c3":0.75},{"time":1.1667}]},"body11":{"rotate":[{"time":0.6,"angle":-32.78,"curve":0.243,"c3":0.649,"c4":0.6},{"time":0.6667,"angle":-45.96,"curve":0.382,"c2":0.57,"c3":0.735},{"time":0.7,"angle":-42.18,"curve":0.265,"c3":0.618,"c4":0.43},{"time":0.7333,"angle":-34.58,"curve":0.325,"c2":0.31,"c3":0.675,"c4":0.69},{"time":0.7667,"angle":-34.45,"curve":0.382,"c2":0.57,"c3":0.735},{"time":0.8333,"angle":-32.78}]},"leg_3":{"rotate":[{"time":0.6,"curve":0.25,"c3":0.75},{"time":0.7,"angle":-20.13,"curve":0.25,"c3":0.75},{"time":0.8667,"angle":-49.05,"curve":0.25,"c3":0.75},{"time":1.1667}],"translate":[{"time":0.6,"curve":0.25,"c3":0.75},{"time":0.7,"x":-18.67,"y":126.06,"curve":0.25,"c3":0.75},{"time":0.8667,"x":-58.7,"y":125.23,"curve":0.25,"c3":0.75},{"time":1.1667}]},"body15":{"rotate":[{"curve":0.25,"c3":0.75},{"time":0.2333,"angle":-27.16,"curve":"stepped"},{"time":0.6,"angle":-27.16,"curve":0.25,"c3":0.75},{"time":0.7,"angle":-61.87,"curve":0.276,"c3":0.621,"c4":0.4},{"time":0.8333,"angle":-59.34,"curve":0.312,"c2":0.27,"c3":0.662,"c4":0.65},{"time":0.9667,"angle":-36.4,"curve":0.381,"c2":0.54,"c3":0.744},{"time":1.1667}],"translate":[{"curve":0.25,"c3":0.75},{"time":0.2333,"x":-5.91,"y":7.61,"curve":"stepped"},{"time":0.6,"x":-5.91,"y":7.61,"curve":0.25,"c3":0.75},{"time":0.7,"x":-13.23,"y":13.27,"curve":0.255,"c3":0.62,"c4":0.47},{"time":0.8333,"x":-6.99,"y":29.51,"curve":0.332,"c2":0.33,"c3":0.668,"c4":0.67},{"time":0.8667,"x":-12.02,"y":31.1,"curve":0.356,"c2":0.41,"c3":0.702,"c4":0.79},{"time":0.9333,"x":-20.05,"y":26.87,"curve":0.367,"c2":0.63,"c3":0.705},{"time":0.9667,"x":-21.13,"y":16.23,"curve":0.25,"c3":0.75},{"time":1.1667}]},"body16":{"rotate":[{"curve":0.25,"c3":0.75},{"time":0.2333,"angle":-27.16,"curve":0.242,"c3":0.667,"c4":0.67},{"time":0.6,"angle":-54.96,"curve":0.379,"c2":0.6,"c3":0.724},{"time":0.7,"angle":-28.76,"curve":0.25,"c3":0.75},{"time":1.1667}]},"body18":{"rotate":[{"curve":0.25,"c3":0.75},{"time":0.2333,"angle":-10.75,"curve":"stepped"},{"time":0.6,"angle":-10.75,"curve":0.25,"c3":0.75},{"time":0.7,"angle":-18.67,"curve":0.25,"c3":0.75},{"time":1.1667}]},"body17":{"rotate":[{"curve":0.25,"c3":0.75},{"time":0.2333,"angle":-10.75,"curve":"stepped"},{"time":0.6,"angle":-10.75,"curve":0.25,"c3":0.75},{"time":0.7,"angle":-18.67,"curve":0.25,"c3":0.75},{"time":1.1667}]},"body19":{"rotate":[{"time":0.6,"curve":0.25,"c3":0.75},{"time":0.7,"angle":-8.8,"curve":0.25,"c3":0.75},{"time":1.1667}]},"body20":{"rotate":[{"time":0.6,"curve":0.25,"c3":0.75},{"time":0.7,"angle":-8.8,"curve":0.25,"c3":0.75},{"time":1.1667}]},"body21":{"rotate":[{"time":0.6,"curve":0.25,"c3":0.75},{"time":0.7,"angle":-8.8,"curve":0.25,"c3":0.75},{"time":1.1667}]},"body22":{"rotate":[{"time":0.6,"curve":0.25,"c3":0.75},{"time":0.7,"angle":-8.8,"curve":0.25,"c3":0.75},{"time":1.1667}]},"face_2_eye_5":{"translate":[{"x":1.44,"y":-1.52}]},"body12":{"scale":[{"curve":0.25,"c3":0.75},{"time":0.6,"x":1.107,"curve":0.25,"c3":0.75},{"time":0.7,"x":1.443,"curve":0.25,"c3":0.75},{"time":0.8667}]}},"events":[{"time":0.7,"name":"finished_attacking"}]},"die":{"slots":{"face_1_brown_2":{"attachment":[{"name":null}]},"face_1_brown_3":{"attachment":[{"name":null}]},"face_1_eye_1":{"attachment":[{"time":0.9667,"name":"face_1_eye_1"}]},"face_1_eye_2":{"attachment":[{"time":0.9667,"name":"face_1_eye_2"}]},"face_2_eye_1":{"attachment":[{"time":0.9667,"name":null}]},"face_2_eye_2":{"attachment":[{"time":0.9667,"name":null}]},"face_2_eye_3":{"attachment":[{"time":0.9667,"name":null}]},"face_2_eye_4":{"attachment":[{"time":0.9667,"name":null}]},"face_2_eye_5":{"attachment":[{"time":0.9667,"name":null}]},"face_2_eye_6":{"attachment":[{"time":0.9667,"name":null}]},"mace":{"attachment":[{"time":1.5,"name":null}]}},"bones":{"head":{"rotate":[{"curve":0.25,"c3":0.75},{"time":0.5333,"angle":-7.88,"curve":0.25,"c3":0.75},{"time":1.0333,"angle":7.36,"curve":0.25,"c3":0.75},{"time":1.1,"angle":-3.32}],"translate":[{"x":-0.17,"y":-0.63,"curve":0.25,"c3":0.75},{"time":0.8667,"x":-3.53,"y":-1.67}]},"head2":{"rotate":[{"curve":0.25,"c3":0.75},{"time":0.6333,"angle":-7.88,"curve":0.25,"c3":0.75},{"time":0.8333,"angle":15.18,"curve":0.373,"c2":0.62,"c3":0.713},{"time":1.0333,"angle":7.36,"curve":0.25,"c3":0.75},{"time":1.1,"angle":-3.32}]},"body3":{"rotate":[{"curve":0.25,"c3":0.75},{"time":0.4333,"angle":-7.88,"curve":0.25,"c3":0.75},{"time":1.0333,"angle":28.2,"curve":0.25,"c3":0.75},{"time":1.1,"angle":-3.32,"curve":0.25,"c3":0.75},{"time":1.2667,"angle":-3.67}],"translate":[{"x":2.69,"y":0.14}]},"body5":{"rotate":[{"angle":16.94,"curve":0.375,"c2":0.62,"c3":0.716},{"time":0.1,"angle":17.19,"curve":0.25,"c3":0.75},{"time":0.7667,"angle":15.22,"curve":0.243,"c3":0.68,"c4":0.71},{"time":1.1,"angle":16.94,"curve":0.375,"c2":0.62,"c3":0.716},{"time":1.2667,"angle":-54.27,"curve":0.25,"c3":0.75},{"time":1.8667,"angle":28.05}]},"body6":{"rotate":[{"angle":16.47,"curve":0.349,"c2":0.39,"c3":0.689,"c4":0.74},{"time":0.1,"angle":16.94,"curve":0.375,"c2":0.62,"c3":0.716},{"time":0.2,"angle":17.19,"curve":0.25,"c3":0.75},{"time":0.8667,"angle":15.22,"curve":0.245,"c3":0.637,"c4":0.56},{"time":1.1667,"angle":16.47,"curve":0.349,"c2":0.39,"c3":0.689,"c4":0.74},{"time":1.2667,"angle":-22.3,"curve":0.375,"c2":0.62,"c3":0.716},{"time":1.8667,"angle":27.79}]},"body7":{"rotate":[{"angle":15.95,"curve":0.33,"c2":0.32,"c3":0.67,"c4":0.68},{"time":0.1,"angle":16.47,"curve":0.349,"c2":0.39,"c3":0.689,"c4":0.74},{"time":0.2,"angle":16.94,"curve":0.375,"c2":0.62,"c3":0.716},{"time":0.3,"angle":17.19,"curve":0.25,"c3":0.75},{"time":0.9667,"angle":15.22,"curve":0.258,"c3":0.619,"c4":0.45},{"time":1.1667,"angle":15.95,"curve":0.33,"c2":0.32,"c3":0.67,"c4":0.68},{"time":1.2667,"angle":-22.76,"curve":0.349,"c2":0.39,"c3":0.689,"c4":0.74},{"time":1.8667,"angle":27.79,"curve":"stepped"},{"time":2.1667,"angle":27.79}]},"body9":{"rotate":[{"angle":10.26,"curve":0.243,"c3":0.688,"c4":0.74},{"time":0.9667,"angle":63.24,"curve":0.372,"c2":0.62,"c3":0.711},{"time":1.1667,"angle":125.57,"curve":0.25,"c3":0.75},{"time":1.3,"angle":102.73,"curve":0.25,"c3":0.75},{"time":1.4333,"angle":123.52}]},"body10":{"rotate":[{"angle":16.11,"curve":0.243,"c3":0.688,"c4":0.74},{"time":0.9667,"angle":-41.3,"curve":0.372,"c2":0.62,"c3":0.711},{"time":1.1667,"angle":-106.05,"curve":0.25,"c3":0.75},{"time":1.3,"angle":-100.63,"curve":0.25,"c3":0.75},{"time":1.4333,"angle":-108.1}]},"body2":{"rotate":[{"curve":0.25,"c3":0.75},{"time":0.3333,"angle":-7.88,"curve":0.25,"c3":0.75},{"time":1.0333,"angle":28.2,"curve":0.25,"c3":0.75},{"time":1.1,"angle":-3.32,"curve":0.25,"c3":0.75},{"time":1.2667,"angle":-3.67}]},"body":{"rotate":[{"curve":0.25,"c3":0.75},{"time":0.3,"angle":-1.72,"curve":0.25,"c3":0.75},{"time":0.8333,"angle":6.75,"curve":0.25,"c4":0.73},{"time":1.0667,"angle":-92.17}],"translate":[{"curve":0.25,"c3":0.75},{"time":0.3,"x":-7.15,"y":-0.89,"curve":0.25,"c3":0.75},{"time":0.8333,"x":-15.3,"y":-2.2,"curve":0.215,"c3":0.614,"c4":0.43},{"time":0.9333,"x":30.04,"y":-13.28,"curve":0.419,"c2":0.32,"c3":0.824,"c4":0.71},{"time":1.0333,"x":81.59,"y":-37.66,"curve":0.638,"c2":0.38,"c4":0.72},{"time":1.0667,"x":103.71,"y":-121.13,"curve":0.372,"c2":0.48,"c3":0.752},{"time":1.1667,"x":103.71,"y":-111.91,"curve":0.25,"c3":0.75},{"time":1.3,"x":103.71,"y":-121.13}]},"body14":{"rotate":[{"angle":0.06,"curve":"stepped"},{"time":1.0333,"angle":0.06,"curve":0.25,"c3":0.75},{"time":1.1667,"angle":146.54,"curve":0.25,"c3":0.75},{"time":1.4,"angle":-111.98}],"translate":[{"time":1.0333,"curve":0.25,"c3":0.75},{"time":1.1667,"x":-34.82,"y":99.5,"curve":0.25,"c3":0.75},{"time":1.4,"x":-92.27,"y":-10.05}]},"leg_3":{"rotate":[{"angle":0.06,"curve":"stepped"},{"time":1.0333,"angle":0.06,"curve":0.25,"c3":0.75},{"time":1.1667,"angle":-128.81,"curve":0.25,"c3":0.75},{"time":1.4,"angle":-27.33}],"translate":[{"time":1.0333,"curve":0.25,"c3":0.75},{"time":1.1667,"x":90.76,"y":131.56,"curve":0.25,"c3":0.75},{"time":1.4,"x":31.7,"y":7.14}]},"body11":{"rotate":[{"time":0.9667,"angle":-57.4}]},"hair_11":{"rotate":[{"angle":-1.24,"curve":0.349,"c2":0.39,"c3":0.689,"c4":0.74},{"time":0.1,"angle":1.43,"curve":0.375,"c2":0.62,"c3":0.716},{"time":0.2,"angle":2.92,"curve":0.243,"c3":0.68,"c4":0.71},{"time":0.7333,"angle":-45.84,"curve":0.375,"c2":0.62,"c3":0.716},{"time":1,"angle":1.02,"curve":0.25,"c3":0.75},{"time":1.1667,"angle":-30.33,"curve":0.258,"c3":0.619,"c4":0.45},{"time":1.3333,"angle":14.02,"curve":0.363,"c2":0.44,"c3":0.755},{"time":2,"angle":-44.03}]},"hair_7":{"rotate":[{"angle":-17.59,"curve":0.311,"c2":0.26,"c3":0.651,"c4":0.61},{"time":0.1,"angle":-9.68,"curve":0.33,"c2":0.32,"c3":0.67,"c4":0.68},{"time":0.2,"angle":-1.02,"curve":0.349,"c2":0.39,"c3":0.689,"c4":0.74},{"time":0.3,"angle":6.62,"curve":0.375,"c2":0.62,"c3":0.716},{"time":0.4,"angle":10.87,"curve":0.25,"c3":0.625,"c4":0.5},{"time":0.7333,"angle":-44.28,"curve":0.375,"c2":0.5,"c3":0.75},{"time":1,"angle":2.57,"curve":0.25,"c3":0.75},{"time":1.1667,"angle":-28.78,"curve":0.258,"c3":0.619,"c4":0.45},{"time":1.3333,"angle":-33.77,"curve":0.332,"c2":0.33,"c3":0.676,"c4":0.7},{"time":1.6333,"angle":-4.58,"curve":0.349,"c2":0.39,"c3":0.686,"c4":0.74},{"time":1.8,"angle":0.88,"curve":0.373,"c2":0.62,"c3":0.712},{"time":2,"angle":-42.47}]},"hair_12":{"rotate":[{"angle":-9.68,"curve":0.33,"c2":0.32,"c3":0.67,"c4":0.68},{"time":0.1,"angle":-1.02,"curve":0.349,"c2":0.39,"c3":0.689,"c4":0.74},{"time":0.2,"angle":6.62,"curve":0.375,"c2":0.62,"c3":0.716},{"time":0.3,"angle":10.87,"curve":0.244,"c3":0.646,"c4":0.59},{"time":0.7333,"angle":-50.67,"curve":0.382,"c2":0.57,"c3":0.737},{"time":1,"angle":-3.82,"curve":0.25,"c3":0.75},{"time":1.1667,"angle":-35.16,"curve":0.258,"c3":0.619,"c4":0.45},{"time":1.3333,"angle":9.19,"curve":0.363,"c2":0.44,"c3":0.755},{"time":2,"angle":-48.86}]},"hair_6":{"rotate":[{"angle":-9.68,"curve":0.33,"c2":0.32,"c3":0.67,"c4":0.68},{"time":0.1,"angle":-1.02,"curve":0.349,"c2":0.39,"c3":0.689,"c4":0.74},{"time":0.2,"angle":6.62,"curve":0.375,"c2":0.62,"c3":0.716},{"time":0.3,"angle":10.87,"curve":0.244,"c3":0.646,"c4":0.59},{"time":0.7333,"angle":-50.67,"curve":0.382,"c2":0.57,"c3":0.737},{"time":1,"angle":-3.82,"curve":0.25,"c3":0.75},{"time":1.1667,"angle":-35.16,"curve":0.258,"c3":0.619,"c4":0.45},{"time":1.3333,"angle":-40.16,"curve":0.332,"c2":0.33,"c3":0.676,"c4":0.7},{"time":1.6333,"angle":-10.97,"curve":0.349,"c2":0.39,"c3":0.686,"c4":0.74},{"time":1.8,"angle":-5.51,"curve":0.373,"c2":0.62,"c3":0.712},{"time":2,"angle":-48.86}]},"hair_8":{"rotate":[{"angle":-4.27,"curve":0.33,"c2":0.32,"c3":0.67,"c4":0.68},{"time":0.1,"angle":-1.24,"curve":0.349,"c2":0.39,"c3":0.689,"c4":0.74},{"time":0.2,"angle":1.43,"curve":0.375,"c2":0.62,"c3":0.716},{"time":0.3,"angle":2.92,"curve":0.244,"c3":0.646,"c4":0.59},{"time":0.7333,"angle":-43.84,"curve":0.382,"c2":0.57,"c3":0.737},{"time":1,"angle":3.01,"curve":0.25,"c3":0.75},{"time":1.1667,"angle":-28.34,"curve":0.258,"c3":0.619,"c4":0.45},{"time":1.3333,"angle":16.01,"curve":0.363,"c2":0.44,"c3":0.755},{"time":2,"angle":-42.03}]},"hair_9":{"rotate":[{"angle":-17.59,"curve":0.311,"c2":0.26,"c3":0.651,"c4":0.61},{"time":0.1,"angle":-9.68,"curve":0.33,"c2":0.32,"c3":0.67,"c4":0.68},{"time":0.2,"angle":-1.02,"curve":0.349,"c2":0.39,"c3":0.689,"c4":0.74},{"time":0.3,"angle":6.62,"curve":0.375,"c2":0.62,"c3":0.716},{"time":0.4,"angle":10.87,"curve":0.25,"c3":0.625,"c4":0.5},{"time":0.7333,"angle":-44.28,"curve":0.375,"c2":0.5,"c3":0.75},{"time":1,"angle":2.57,"curve":0.25,"c3":0.75},{"time":1.1667,"angle":-28.78,"curve":0.258,"c3":0.619,"c4":0.45},{"time":1.3333,"angle":-33.77,"curve":0.332,"c2":0.33,"c3":0.676,"c4":0.7},{"time":1.6333,"angle":-4.58,"curve":0.349,"c2":0.39,"c3":0.686,"c4":0.74},{"time":1.8,"angle":0.88,"curve":0.373,"c2":0.62,"c3":0.712},{"time":2,"angle":-42.47}]},"hair_10":{"rotate":[{"angle":-21.81,"curve":0.284,"c3":0.625,"c4":0.38},{"time":0.1,"angle":-17.59,"curve":0.311,"c2":0.26,"c3":0.651,"c4":0.61},{"time":0.2,"angle":-9.68,"curve":0.33,"c2":0.32,"c3":0.67,"c4":0.68},{"time":0.3,"angle":-1.02,"curve":0.349,"c2":0.39,"c3":0.689,"c4":0.74},{"time":0.4,"angle":6.62,"curve":0.375,"c2":0.62,"c3":0.716},{"time":0.5,"angle":10.87,"curve":0.25,"c3":0.75},{"time":0.7333,"angle":-27.94,"curve":0.25,"c3":0.75},{"time":1,"angle":18.91,"curve":0.25,"c3":0.75},{"time":1.1667,"angle":-12.44,"curve":0.258,"c3":0.619,"c4":0.45},{"time":1.3333,"angle":-17.43,"curve":0.332,"c2":0.33,"c3":0.676,"c4":0.7},{"time":1.6333,"angle":11.75,"curve":0.349,"c2":0.39,"c3":0.686,"c4":0.74},{"time":1.8,"angle":17.22,"curve":0.373,"c2":0.62,"c3":0.712},{"time":2,"angle":-26.14}]},"hair_1":{"rotate":[{"curve":0.25,"c3":0.75},{"time":0.5,"angle":-3.26}]},"hair_2":{"rotate":[{"angle":1.43,"curve":0.375,"c2":0.62,"c3":0.716},{"time":0.1,"angle":2.92,"curve":0.247,"c3":0.729,"c4":0.91},{"time":0.7333,"angle":-47.13,"curve":0.348,"c2":0.66,"c3":0.682},{"time":1,"angle":-0.28,"curve":0.25,"c3":0.75},{"time":1.1667,"angle":-31.62,"curve":0.258,"c3":0.619,"c4":0.45},{"time":1.3333,"angle":12.73,"curve":0.363,"c2":0.44,"c3":0.755},{"time":2,"angle":-45.32}]},"hair_3":{"rotate":[{"angle":-1.24,"curve":0.349,"c2":0.39,"c3":0.689,"c4":0.74},{"time":0.1,"angle":1.43,"curve":0.375,"c2":0.62,"c3":0.716},{"time":0.2,"angle":2.92,"curve":0.243,"c3":0.68,"c4":0.71},{"time":0.7333,"angle":-45.84,"curve":0.375,"c2":0.62,"c3":0.716},{"time":1,"angle":1.02,"curve":0.25,"c3":0.75},{"time":1.1667,"angle":-30.33,"curve":0.258,"c3":0.619,"c4":0.45},{"time":1.3333,"angle":14.02,"curve":0.363,"c2":0.44,"c3":0.755},{"time":2,"angle":-44.03}]},"hair_5":{"rotate":[{"angle":-1.24,"curve":0.349,"c2":0.39,"c3":0.689,"c4":0.74},{"time":0.1,"angle":1.43,"curve":0.375,"c2":0.62,"c3":0.716},{"time":0.2,"angle":2.92,"curve":0.243,"c3":0.68,"c4":0.71},{"time":0.7333,"angle":-45.84,"curve":0.375,"c2":0.62,"c3":0.716},{"time":1,"angle":1.02,"curve":0.25,"c3":0.75},{"time":1.1667,"angle":-30.33,"curve":0.258,"c3":0.619,"c4":0.45},{"time":1.3333,"angle":14.02,"curve":0.363,"c2":0.44,"c3":0.755},{"time":2,"angle":-44.03}]},"hair_13":{"rotate":[{"angle":-17.59,"curve":0.311,"c2":0.26,"c3":0.651,"c4":0.61},{"time":0.1,"angle":-9.68,"curve":0.33,"c2":0.32,"c3":0.67,"c4":0.68},{"time":0.2,"angle":-1.02,"curve":0.349,"c2":0.39,"c3":0.689,"c4":0.74},{"time":0.3,"angle":6.62,"curve":0.375,"c2":0.62,"c3":0.716},{"time":0.4,"angle":10.87,"curve":0.25,"c3":0.625,"c4":0.5},{"time":0.7333,"angle":-44.28,"curve":0.375,"c2":0.5,"c3":0.75},{"time":1,"angle":2.57,"curve":0.25,"c3":0.75},{"time":1.1667,"angle":-28.78,"curve":0.258,"c3":0.619,"c4":0.45},{"time":1.3333,"angle":-33.77,"curve":0.332,"c2":0.33,"c3":0.676,"c4":0.7},{"time":1.6333,"angle":-4.58,"curve":0.349,"c2":0.39,"c3":0.686,"c4":0.74},{"time":1.8,"angle":0.88,"curve":0.373,"c2":0.62,"c3":0.712},{"time":2,"angle":-42.47}]}},"deform":{"default":{"Shadiow":{"Shadiow":[{"curve":0.262,"c3":0.618,"c4":0.44},{"time":0.4333,"offset":2,"vertices":[-21.89349,0,-21.89349],"curve":0.356,"c2":0.42,"c3":0.756},{"time":0.5333,"curve":0.262,"c3":0.618,"c4":0.44},{"time":0.8333,"offset":2,"vertices":[-153.84,0,-153.84],"curve":0.25,"c3":0.75},{"time":0.9333,"offset":2,"vertices":[-74.14505,0,-74.14505],"curve":0.25,"c3":0.75},{"time":1.0667,"vertices":[262.94992,-15.521,1.04391,-15.521,-1.69504,0,260.21097],"curve":0.25,"c3":0.75},{"time":1.8333,"vertices":[265.6888,-19.17299,3.78281,-19.17299,-1.69504,0,260.21097]}]}}}},"idle":{"slots":{"face_1_brown_2":{"attachment":[{"name":null}]},"face_1_brown_3":{"attachment":[{"name":null}]},"face_1_eye_1":{"attachment":[{"time":0.9,"name":"face_1_eye_1"},{"time":1,"name":null}]},"face_1_eye_2":{"attachment":[{"time":0.9,"name":"face_1_eye_2"},{"time":1,"name":null}]},"face_2_eye_1":{"attachment":[{"time":0.9,"name":null},{"time":1,"name":"face_2_eye_1"}]},"face_2_eye_2":{"attachment":[{"time":0.9,"name":null},{"time":1,"name":"face_2_eye_2"}]},"face_2_eye_3":{"attachment":[{"time":0.9,"name":null},{"time":1,"name":"face_2_eye_3"}]},"face_2_eye_4":{"attachment":[{"time":0.9,"name":null},{"time":1,"name":"face_2_eye_4"}]},"face_2_eye_5":{"attachment":[{"time":0.9,"name":null},{"time":1,"name":"face_2_eye_5"}]},"face_2_eye_6":{"attachment":[{"time":0.9,"name":null},{"time":1,"name":"face_2_eye_6"}]}},"bones":{"body10":{"rotate":[{"angle":16.11}]},"body9":{"rotate":[{"angle":10.26}]},"body":{"translate":[{"curve":0.25,"c3":0.75},{"time":0.5,"y":-4.24,"curve":0.25,"c3":0.75},{"time":1,"curve":0.25,"c3":0.75},{"time":1.5,"y":-4.24,"curve":0.25,"c3":0.75},{"time":2}]},"body3":{"translate":[{"x":2.69,"y":0.14,"curve":0.375,"c2":0.62,"c3":0.716},{"time":0.1,"x":3.48,"y":0.45,"curve":0.25,"c3":0.75},{"time":0.6,"x":-2.6,"y":-1.93,"curve":0.243,"c3":0.68,"c4":0.71},{"time":1,"x":2.69,"y":0.14,"curve":0.375,"c2":0.62,"c3":0.716},{"time":1.1,"x":3.48,"y":0.45,"curve":0.25,"c3":0.75},{"time":1.6,"x":-2.6,"y":-1.93,"curve":0.243,"c3":0.68,"c4":0.71},{"time":2,"x":2.69,"y":0.14}]},"head":{"translate":[{"x":-0.17,"y":-0.63,"curve":0.349,"c2":0.39,"c3":0.689,"c4":0.74},{"time":0.1,"x":1.06,"y":-0.25,"curve":0.375,"c2":0.62,"c3":0.716},{"time":0.2,"x":1.74,"y":-0.04,"curve":0.25,"c3":0.75},{"time":0.7,"x":-3.53,"y":-1.67,"curve":0.245,"c3":0.637,"c4":0.56},{"time":1,"x":-0.17,"y":-0.63,"curve":0.349,"c2":0.39,"c3":0.689,"c4":0.74},{"time":1.1,"x":1.06,"y":-0.25,"curve":0.375,"c2":0.62,"c3":0.716},{"time":1.2,"x":1.74,"y":-0.04,"curve":0.25,"c3":0.75},{"time":1.7,"x":-3.53,"y":-1.67,"curve":0.245,"c3":0.637,"c4":0.56},{"time":2,"x":-0.17,"y":-0.63}]},"body5":{"rotate":[{"angle":16.94,"curve":0.375,"c2":0.62,"c3":0.716},{"time":0.1,"angle":17.19,"curve":0.25,"c3":0.75},{"time":0.6,"angle":15.22,"curve":0.243,"c3":0.68,"c4":0.71},{"time":1,"angle":16.94,"curve":0.375,"c2":0.62,"c3":0.716},{"time":1.1,"angle":17.19,"curve":0.25,"c3":0.75},{"time":1.6,"angle":15.22,"curve":0.243,"c3":0.68,"c4":0.71},{"time":2,"angle":16.94}]},"body6":{"rotate":[{"angle":16.47,"curve":0.349,"c2":0.39,"c3":0.689,"c4":0.74},{"time":0.1,"angle":16.94,"curve":0.375,"c2":0.62,"c3":0.716},{"time":0.2,"angle":17.19,"curve":0.25,"c3":0.75},{"time":0.7,"angle":15.22,"curve":0.245,"c3":0.637,"c4":0.56},{"time":1,"angle":16.47,"curve":0.349,"c2":0.39,"c3":0.689,"c4":0.74},{"time":1.1,"angle":16.94,"curve":0.375,"c2":0.62,"c3":0.716},{"time":1.2,"angle":17.19,"curve":0.25,"c3":0.75},{"time":1.7,"angle":15.22,"curve":0.245,"c3":0.637,"c4":0.56},{"time":2,"angle":16.47}]},"body7":{"rotate":[{"angle":15.95,"curve":0.33,"c2":0.32,"c3":0.67,"c4":0.68},{"time":0.1,"angle":16.47,"curve":0.349,"c2":0.39,"c3":0.689,"c4":0.74},{"time":0.2,"angle":16.94,"curve":0.375,"c2":0.62,"c3":0.716},{"time":0.3,"angle":17.19,"curve":0.25,"c3":0.75},{"time":0.8,"angle":15.22,"curve":0.258,"c3":0.619,"c4":0.45},{"time":1,"angle":15.95,"curve":0.33,"c2":0.32,"c3":0.67,"c4":0.68},{"time":1.1,"angle":16.47,"curve":0.349,"c2":0.39,"c3":0.689,"c4":0.74},{"time":1.2,"angle":16.94,"curve":0.375,"c2":0.62,"c3":0.716},{"time":1.3,"angle":17.19,"curve":0.25,"c3":0.75},{"time":1.8,"angle":15.22,"curve":0.258,"c3":0.619,"c4":0.45},{"time":2,"angle":15.95}]},"hair_1":{"rotate":[{"curve":0.25,"c3":0.75},{"time":0.5,"angle":-3.26,"curve":0.25,"c3":0.75},{"time":1,"curve":0.25,"c3":0.75},{"time":1.5,"angle":-3.26,"curve":0.25,"c3":0.75},{"time":2}]},"hair_2":{"rotate":[{"angle":1.43,"curve":0.375,"c2":0.62,"c3":0.716},{"time":0.1,"angle":2.92,"curve":0.25,"c3":0.75},{"time":0.6,"angle":-8.51,"curve":0.243,"c3":0.68,"c4":0.71},{"time":1,"angle":1.43,"curve":0.375,"c2":0.62,"c3":0.716},{"time":1.1,"angle":2.92,"curve":0.25,"c3":0.75},{"time":1.6,"angle":-8.51,"curve":0.243,"c3":0.68,"c4":0.71},{"time":2,"angle":1.43}]},"hair_3":{"rotate":[{"angle":-1.24,"curve":0.349,"c2":0.39,"c3":0.689,"c4":0.74},{"time":0.1,"angle":1.43,"curve":0.375,"c2":0.62,"c3":0.716},{"time":0.2,"angle":2.92,"curve":0.25,"c3":0.75},{"time":0.7,"angle":-8.51,"curve":0.245,"c3":0.637,"c4":0.56},{"time":1,"angle":-1.24,"curve":0.349,"c2":0.39,"c3":0.689,"c4":0.74},{"time":1.1,"angle":1.43,"curve":0.375,"c2":0.62,"c3":0.716},{"time":1.2,"angle":2.92,"curve":0.25,"c3":0.75},{"time":1.7,"angle":-8.51,"curve":0.245,"c3":0.637,"c4":0.56},{"time":2,"angle":-1.24}]},"hair_5":{"rotate":[{"angle":-1.24,"curve":0.349,"c2":0.39,"c3":0.689,"c4":0.74},{"time":0.1,"angle":1.43,"curve":0.375,"c2":0.62,"c3":0.716},{"time":0.2,"angle":2.92,"curve":0.25,"c3":0.75},{"time":0.7,"angle":-8.51,"curve":0.245,"c3":0.637,"c4":0.56},{"time":1,"angle":-1.24,"curve":0.349,"c2":0.39,"c3":0.689,"c4":0.74},{"time":1.1,"angle":1.43,"curve":0.375,"c2":0.62,"c3":0.716},{"time":1.2,"angle":2.92,"curve":0.25,"c3":0.75},{"time":1.7,"angle":-8.51,"curve":0.245,"c3":0.637,"c4":0.56},{"time":2,"angle":-1.24}]},"hair_6":{"rotate":[{"angle":-9.68,"curve":0.33,"c2":0.32,"c3":0.67,"c4":0.68},{"time":0.1,"angle":-1.02,"curve":0.349,"c2":0.39,"c3":0.689,"c4":0.74},{"time":0.2,"angle":6.62,"curve":0.375,"c2":0.62,"c3":0.716},{"time":0.3,"angle":10.87,"curve":0.25,"c3":0.75},{"time":0.8,"angle":-21.81,"curve":0.258,"c3":0.619,"c4":0.45},{"time":1,"angle":-9.68,"curve":0.33,"c2":0.32,"c3":0.67,"c4":0.68},{"time":1.1,"angle":-1.02,"curve":0.349,"c2":0.39,"c3":0.689,"c4":0.74},{"time":1.2,"angle":6.62,"curve":0.375,"c2":0.62,"c3":0.716},{"time":1.3,"angle":10.87,"curve":0.25,"c3":0.75},{"time":1.8,"angle":-21.81,"curve":0.258,"c3":0.619,"c4":0.45},{"time":2,"angle":-9.68}]},"hair_7":{"rotate":[{"angle":-17.59,"curve":0.311,"c2":0.26,"c3":0.651,"c4":0.61},{"time":0.1,"angle":-9.68,"curve":0.33,"c2":0.32,"c3":0.67,"c4":0.68},{"time":0.2,"angle":-1.02,"curve":0.349,"c2":0.39,"c3":0.689,"c4":0.74},{"time":0.3,"angle":6.62,"curve":0.375,"c2":0.62,"c3":0.716},{"time":0.4,"angle":10.87,"curve":0.25,"c3":0.75},{"time":0.9,"angle":-21.81,"curve":0.284,"c3":0.625,"c4":0.38},{"time":1,"angle":-17.59,"curve":0.311,"c2":0.26,"c3":0.651,"c4":0.61},{"time":1.1,"angle":-9.68,"curve":0.33,"c2":0.32,"c3":0.67,"c4":0.68},{"time":1.2,"angle":-1.02,"curve":0.349,"c2":0.39,"c3":0.689,"c4":0.74},{"time":1.3,"angle":6.62,"curve":0.375,"c2":0.62,"c3":0.716},{"time":1.4,"angle":10.87,"curve":0.25,"c3":0.75},{"time":1.9,"angle":-21.81,"curve":0.284,"c3":0.625,"c4":0.38},{"time":2,"angle":-17.59}]},"hair_8":{"rotate":[{"angle":-4.27,"curve":0.33,"c2":0.32,"c3":0.67,"c4":0.68},{"time":0.1,"angle":-1.24,"curve":0.349,"c2":0.39,"c3":0.689,"c4":0.74},{"time":0.2,"angle":1.43,"curve":0.375,"c2":0.62,"c3":0.716},{"time":0.3,"angle":2.92,"curve":0.25,"c3":0.75},{"time":0.8,"angle":-8.51,"curve":0.258,"c3":0.619,"c4":0.45},{"time":1,"angle":-4.27,"curve":0.33,"c2":0.32,"c3":0.67,"c4":0.68},{"time":1.1,"angle":-1.24,"curve":0.349,"c2":0.39,"c3":0.689,"c4":0.74},{"time":1.2,"angle":1.43,"curve":0.375,"c2":0.62,"c3":0.716},{"time":1.3,"angle":2.92,"curve":0.25,"c3":0.75},{"time":1.8,"angle":-8.51,"curve":0.258,"c3":0.619,"c4":0.45},{"time":2,"angle":-4.27}]},"hair_9":{"rotate":[{"angle":-17.59,"curve":0.311,"c2":0.26,"c3":0.651,"c4":0.61},{"time":0.1,"angle":-9.68,"curve":0.33,"c2":0.32,"c3":0.67,"c4":0.68},{"time":0.2,"angle":-1.02,"curve":0.349,"c2":0.39,"c3":0.689,"c4":0.74},{"time":0.3,"angle":6.62,"curve":0.375,"c2":0.62,"c3":0.716},{"time":0.4,"angle":10.87,"curve":0.25,"c3":0.75},{"time":0.9,"angle":-21.81,"curve":0.284,"c3":0.625,"c4":0.38},{"time":1,"angle":-17.59,"curve":0.311,"c2":0.26,"c3":0.651,"c4":0.61},{"time":1.1,"angle":-9.68,"curve":0.33,"c2":0.32,"c3":0.67,"c4":0.68},{"time":1.2,"angle":-1.02,"curve":0.349,"c2":0.39,"c3":0.689,"c4":0.74},{"time":1.3,"angle":6.62,"curve":0.375,"c2":0.62,"c3":0.716},{"time":1.4,"angle":10.87,"curve":0.25,"c3":0.75},{"time":1.9,"angle":-21.81,"curve":0.284,"c3":0.625,"c4":0.38},{"time":2,"angle":-17.59}]},"hair_10":{"rotate":[{"angle":-21.81,"curve":0.284,"c3":0.625,"c4":0.38},{"time":0.1,"angle":-17.59,"curve":0.311,"c2":0.26,"c3":0.651,"c4":0.61},{"time":0.2,"angle":-9.68,"curve":0.33,"c2":0.32,"c3":0.67,"c4":0.68},{"time":0.3,"angle":-1.02,"curve":0.349,"c2":0.39,"c3":0.689,"c4":0.74},{"time":0.4,"angle":6.62,"curve":0.375,"c2":0.62,"c3":0.716},{"time":0.5,"angle":10.87,"curve":0.25,"c3":0.75},{"time":1,"angle":-21.81,"curve":0.284,"c3":0.625,"c4":0.38},{"time":1.1,"angle":-17.59,"curve":0.311,"c2":0.26,"c3":0.651,"c4":0.61},{"time":1.2,"angle":-9.68,"curve":0.33,"c2":0.32,"c3":0.67,"c4":0.68},{"time":1.3,"angle":-1.02,"curve":0.349,"c2":0.39,"c3":0.689,"c4":0.74},{"time":1.4,"angle":6.62,"curve":0.375,"c2":0.62,"c3":0.716},{"time":1.5,"angle":10.87,"curve":0.25,"c3":0.75},{"time":2,"angle":-21.81}]},"hair_11":{"rotate":[{"angle":-1.24,"curve":0.349,"c2":0.39,"c3":0.689,"c4":0.74},{"time":0.1,"angle":1.43,"curve":0.375,"c2":0.62,"c3":0.716},{"time":0.2,"angle":2.92,"curve":0.25,"c3":0.75},{"time":0.7,"angle":-8.51,"curve":0.245,"c3":0.637,"c4":0.56},{"time":1,"angle":-1.24,"curve":0.349,"c2":0.39,"c3":0.689,"c4":0.74},{"time":1.1,"angle":1.43,"curve":0.375,"c2":0.62,"c3":0.716},{"time":1.2,"angle":2.92,"curve":0.25,"c3":0.75},{"time":1.7,"angle":-8.51,"curve":0.245,"c3":0.637,"c4":0.56},{"time":2,"angle":-1.24}]},"hair_12":{"rotate":[{"angle":-9.68,"curve":0.33,"c2":0.32,"c3":0.67,"c4":0.68},{"time":0.1,"angle":-1.02,"curve":0.349,"c2":0.39,"c3":0.689,"c4":0.74},{"time":0.2,"angle":6.62,"curve":0.375,"c2":0.62,"c3":0.716},{"time":0.3,"angle":10.87,"curve":0.25,"c3":0.75},{"time":0.8,"angle":-21.81,"curve":0.258,"c3":0.619,"c4":0.45},{"time":1,"angle":-9.68,"curve":0.33,"c2":0.32,"c3":0.67,"c4":0.68},{"time":1.1,"angle":-1.02,"curve":0.349,"c2":0.39,"c3":0.689,"c4":0.74},{"time":1.2,"angle":6.62,"curve":0.375,"c2":0.62,"c3":0.716},{"time":1.3,"angle":10.87,"curve":0.25,"c3":0.75},{"time":1.8,"angle":-21.81,"curve":0.258,"c3":0.619,"c4":0.45},{"time":2,"angle":-9.68}]},"hair_13":{"rotate":[{"angle":-17.59,"curve":0.311,"c2":0.26,"c3":0.651,"c4":0.61},{"time":0.1,"angle":-9.68,"curve":0.33,"c2":0.32,"c3":0.67,"c4":0.68},{"time":0.2,"angle":-1.02,"curve":0.349,"c2":0.39,"c3":0.689,"c4":0.74},{"time":0.3,"angle":6.62,"curve":0.375,"c2":0.62,"c3":0.716},{"time":0.4,"angle":10.87,"curve":0.25,"c3":0.75},{"time":0.9,"angle":-21.81,"curve":0.284,"c3":0.625,"c4":0.38},{"time":1,"angle":-17.59,"curve":0.311,"c2":0.26,"c3":0.651,"c4":0.61},{"time":1.1,"angle":-9.68,"curve":0.33,"c2":0.32,"c3":0.67,"c4":0.68},{"time":1.2,"angle":-1.02,"curve":0.349,"c2":0.39,"c3":0.689,"c4":0.74},{"time":1.3,"angle":6.62,"curve":0.375,"c2":0.62,"c3":0.716},{"time":1.4,"angle":10.87,"curve":0.25,"c3":0.75},{"time":1.9,"angle":-21.81,"curve":0.284,"c3":0.625,"c4":0.38},{"time":2,"angle":-17.59}]},"body15":{"rotate":[{"angle":-0.3,"curve":0.363,"c2":0.44,"c3":0.755},{"time":0.3,"angle":2.75,"curve":0.25,"c3":0.75},{"time":0.8,"angle":-2.08,"curve":0.25,"c3":0.75},{"time":1.3,"angle":2.75,"curve":0.25,"c3":0.75},{"time":1.8,"angle":-2.08,"curve":0.258,"c3":0.619,"c4":0.45},{"time":2,"angle":-0.3}]},"body16":{"rotate":[{"angle":-1.75,"curve":0.287,"c2":0.18,"c3":0.676,"c4":0.7},{"time":0.3,"angle":1.78,"curve":0.38,"c2":0.59,"c3":0.727},{"time":0.4333,"angle":2.75,"curve":0.25,"c3":0.75},{"time":0.9333,"angle":-2.08,"curve":0.25,"c3":0.75},{"time":1.4333,"angle":2.75,"curve":0.25,"c3":0.75},{"time":1.9333,"angle":-2.08,"curve":0.297,"c3":0.634,"c4":0.37},{"time":2,"angle":-1.75}]},"body17":{"rotate":[{"angle":2.75,"curve":0.25,"c3":0.75},{"time":0.5,"angle":-2.08,"curve":0.25,"c3":0.75},{"time":1,"angle":2.75,"curve":0.25,"c3":0.75},{"time":1.5,"angle":-2.08,"curve":0.25,"c3":0.75},{"time":2,"angle":2.75}]},"body18":{"rotate":[{"angle":1.78,"curve":0.38,"c2":0.59,"c3":0.727},{"time":0.1333,"angle":2.75,"curve":0.25,"c3":0.75},{"time":0.6333,"angle":-2.08,"curve":0.25,"c3":0.75},{"time":1.1333,"angle":2.75,"curve":0.25,"c3":0.75},{"time":1.6333,"angle":-2.08,"curve":0.242,"c3":0.663,"c4":0.65},{"time":2,"angle":1.78}]},"body19":{"rotate":[{"angle":-0.17,"curve":0.381,"c2":0.55,"c3":0.742},{"time":0.2,"angle":-2.74,"curve":0.25,"c3":0.75},{"time":0.7,"angle":4.26,"curve":0.25,"c3":0.75},{"time":1.2,"angle":-2.74,"curve":0.25,"c3":0.75},{"time":1.7,"angle":4.26,"curve":0.245,"c3":0.637,"c4":0.56},{"time":2,"angle":-0.17}]},"body20":{"rotate":[{"angle":2.26,"curve":0.327,"c2":0.31,"c3":0.685,"c4":0.72},{"time":0.2,"angle":-1.32,"curve":0.38,"c2":0.59,"c3":0.727},{"time":0.3333,"angle":-2.74,"curve":0.25,"c3":0.75},{"time":0.8333,"angle":4.26,"curve":0.25,"c3":0.75},{"time":1.3333,"angle":-2.74,"curve":0.25,"c3":0.75},{"time":1.8333,"angle":4.26,"curve":0.265,"c3":0.618,"c4":0.43},{"time":2,"angle":2.26}]},"body21":{"rotate":[{"angle":-2.74,"curve":0.25,"c3":0.75},{"time":0.5,"angle":4.26,"curve":0.25,"c3":0.75},{"time":1,"angle":-2.74,"curve":0.25,"c3":0.75},{"time":1.5,"angle":4.26,"curve":0.25,"c3":0.75},{"time":2,"angle":-2.74}]},"body22":{"rotate":[{"angle":-1.32,"curve":0.38,"c2":0.59,"c3":0.727},{"time":0.1333,"angle":-2.74,"curve":0.25,"c3":0.75},{"time":0.6333,"angle":4.26,"curve":0.25,"c3":0.75},{"time":1.1333,"angle":-2.74,"curve":0.25,"c3":0.75},{"time":1.6333,"angle":4.26,"curve":0.242,"c3":0.663,"c4":0.65},{"time":2,"angle":-1.32}]}}}}}