<?xml version="1.0" encoding="UTF-8"?><font><info face="SFProText-Bold" size="42" bold="0" italic="0" charset="" unicode="1" stretchH="100" smooth="1" aa="1" padding="1,1,1,1" spacing="1,1"/><common lineHeight="42" base="40" scaleW="307" scaleH="307" pages="1" packed="0"/><pages><page id="0" file="sf-pro-bold.png"/></pages><chars count="110"><char id="32" x="0" y="0" width="0" height="0" xoffset="0" yoffset="0" xadvance="11" page="0" chnl="15"/><!--   --><char id="33" x="171" y="274" width="9" height="33" xoffset="3" yoffset="9" xadvance="15" page="0" chnl="15"/><!-- ! --><char id="34" x="94" y="291" width="17" height="15" xoffset="2" yoffset="9" xadvance="21" page="0" chnl="15"/><!-- " --><char id="35" x="82" y="33" width="30" height="32" xoffset="-1" yoffset="9" xadvance="28" page="0" chnl="15"/><!-- # --><char id="36" x="171" y="66" width="25" height="38" xoffset="2" yoffset="6" xadvance="30" page="0" chnl="15"/><!-- $ --><char id="37" x="0" y="195" width="35" height="33" xoffset="0" yoffset="9" xadvance="35" page="0" chnl="15"/><!-- % --><char id="38" x="47" y="161" width="31" height="33" xoffset="1" yoffset="9" xadvance="32" page="0" chnl="15"/><!-- & --><char id="39" x="113" y="292" width="8" height="15" xoffset="2" yoffset="9" xadvance="12" page="0" chnl="15"/><!-- ' --><char id="40" x="293" y="0" width="14" height="39" xoffset="3" yoffset="8" xadvance="19" page="0" chnl="15"/><!-- ( --><char id="41" x="292" y="40" width="14" height="39" xoffset="1" yoffset="8" xadvance="19" page="0" chnl="15"/><!-- ) --><char id="42" x="249" y="269" width="19" height="18" xoffset="1" yoffset="9" xadvance="22" page="0" chnl="15"/><!-- * --><char id="43" x="198" y="85" width="25" height="24" xoffset="2" yoffset="16" xadvance="30" page="0" chnl="15"/><!-- + --><char id="44" x="82" y="291" width="11" height="15" xoffset="1" yoffset="34" xadvance="15" page="0" chnl="15"/><!-- , --><char id="45" x="58" y="296" width="16" height="8" xoffset="2" yoffset="24" xadvance="21" page="0" chnl="15"/><!-- - --><char id="46" x="47" y="296" width="10" height="10" xoffset="2" yoffset="32" xadvance="15" page="0" chnl="15"/><!-- . --><char id="47" x="249" y="229" width="19" height="39" xoffset="-1" yoffset="8" xadvance="17" page="0" chnl="15"/><!-- / --><char id="48" x="142" y="131" width="26" height="33" xoffset="1" yoffset="9" xadvance="29" page="0" chnl="15"/><!-- 0 --><char id="49" x="273" y="172" width="17" height="32" xoffset="1" yoffset="9" xadvance="22" page="0" chnl="15"/><!-- 1 --><char id="50" x="171" y="241" width="25" height="32" xoffset="1" yoffset="9" xadvance="28" page="0" chnl="15"/><!-- 2 --><char id="51" x="142" y="165" width="26" height="33" xoffset="1" yoffset="9" xadvance="29" page="0" chnl="15"/><!-- 3 --><char id="52" x="143" y="0" width="27" height="32" xoffset="1" yoffset="9" xadvance="29" page="0" chnl="15"/><!-- 4 --><char id="53" x="171" y="105" width="25" height="33" xoffset="2" yoffset="9" xadvance="28" page="0" chnl="15"/><!-- 5 --><char id="54" x="142" y="199" width="26" height="33" xoffset="1" yoffset="9" xadvance="29" page="0" chnl="15"/><!-- 6 --><char id="55" x="198" y="0" width="25" height="32" xoffset="0" yoffset="9" xadvance="26" page="0" chnl="15"/><!-- 7 --><char id="56" x="113" y="224" width="27" height="33" xoffset="1" yoffset="9" xadvance="30" page="0" chnl="15"/><!-- 8 --><char id="57" x="113" y="258" width="27" height="33" xoffset="1" yoffset="9" xadvance="29" page="0" chnl="15"/><!-- 9 --><char id="58" x="292" y="160" width="10" height="25" xoffset="2" yoffset="17" xadvance="15" page="0" chnl="15"/><!-- : --><char id="59" x="181" y="274" width="11" height="32" xoffset="1" yoffset="17" xadvance="15" page="0" chnl="15"/><!-- ; --><char id="60" x="224" y="165" width="23" height="27" xoffset="3" yoffset="14" xadvance="30" page="0" chnl="15"/><!-- < --><char id="61" x="198" y="150" width="25" height="18" xoffset="2" yoffset="19" xadvance="30" page="0" chnl="15"/><!-- = --><char id="62" x="224" y="137" width="23" height="27" xoffset="3" yoffset="14" xadvance="30" page="0" chnl="15"/><!-- > --><char id="63" x="249" y="26" width="22" height="33" xoffset="0" yoffset="9" xadvance="24" page="0" chnl="15"/><!-- ? --><char id="64" x="0" y="66" width="37" height="36" xoffset="1" yoffset="9" xadvance="39" page="0" chnl="15"/><!-- @ --><char id="65" x="82" y="0" width="30" height="32" xoffset="0" yoffset="9" xadvance="31" page="0" chnl="15"/><!-- A --><char id="75" x="113" y="165" width="28" height="32" xoffset="2" yoffset="9" xadvance="30" page="0" chnl="15"/><!-- K --><char id="81" x="47" y="91" width="31" height="35" xoffset="1" yoffset="9" xadvance="34" page="0" chnl="15"/><!-- Q --><char id="91" x="292" y="120" width="14" height="39" xoffset="4" yoffset="8" xadvance="19" page="0" chnl="15"/><!-- [ --><char id="92" x="273" y="0" width="19" height="39" xoffset="-1" yoffset="8" xadvance="17" page="0" chnl="15"/><!-- \ --><char id="93" x="292" y="80" width="14" height="39" xoffset="0" yoffset="8" xadvance="19" page="0" chnl="15"/><!-- ] --><char id="94" x="198" y="283" width="20" height="15" xoffset="1" yoffset="10" xadvance="22" page="0" chnl="15"/><!-- ^ --><char id="95" x="142" y="300" width="22" height="7" xoffset="-1" yoffset="41" xadvance="20" page="0" chnl="15"/><!-- _ --><char id="110" x="224" y="52" width="24" height="25" xoffset="1" yoffset="16" xadvance="27" page="0" chnl="15"/><!-- n --><char id="114" x="273" y="146" width="18" height="25" xoffset="1" yoffset="16" xadvance="19" page="0" chnl="15"/><!-- r --><char id="117" x="224" y="78" width="24" height="25" xoffset="1" yoffset="16" xadvance="27" page="0" chnl="15"/><!-- u --><char id="123" x="273" y="40" width="18" height="39" xoffset="0" yoffset="8" xadvance="19" page="0" chnl="15"/><!-- { --><char id="124" x="292" y="186" width="8" height="41" xoffset="4" yoffset="7" xadvance="17" page="0" chnl="15"/><!-- | --><char id="125" x="273" y="80" width="18" height="39" xoffset="0" yoffset="8" xadvance="19" page="0" chnl="15"/><!-- } --><char id="171" x="198" y="110" width="25" height="19" xoffset="2" yoffset="19" xadvance="30" page="0" chnl="15"/><!-- « --><char id="187" x="198" y="130" width="25" height="19" xoffset="2" yoffset="19" xadvance="30" page="0" chnl="15"/><!-- » --><char id="1040" x="47" y="195" width="31" height="32" xoffset="0" yoffset="9" xadvance="32" page="0" chnl="15"/><!-- А --><char id="1041" x="171" y="0" width="26" height="32" xoffset="2" yoffset="9" xadvance="29" page="0" chnl="15"/><!-- Б --><char id="1042" x="143" y="33" width="27" height="32" xoffset="2" yoffset="9" xadvance="30" page="0" chnl="15"/><!-- В --><char id="1043" x="249" y="60" width="22" height="32" xoffset="2" yoffset="9" xadvance="26" page="0" chnl="15"/><!-- Г --><char id="1044" x="0" y="262" width="34" height="38" xoffset="-1" yoffset="9" xadvance="33" page="0" chnl="15"/><!-- Д --><char id="1045" x="224" y="104" width="23" height="32" xoffset="2" yoffset="9" xadvance="27" page="0" chnl="15"/><!-- Е --><char id="1046" x="0" y="33" width="44" height="32" xoffset="0" yoffset="9" xadvance="45" page="0" chnl="15"/><!-- Ж --><char id="1047" x="142" y="233" width="26" height="33" xoffset="1" yoffset="9" xadvance="28" page="0" chnl="15"/><!-- З --><char id="1048" x="82" y="192" width="29" height="32" xoffset="2" yoffset="9" xadvance="34" page="0" chnl="15"/><!-- И --><char id="1049" x="82" y="150" width="29" height="41" xoffset="2" yoffset="0" xadvance="34" page="0" chnl="15"/><!-- Й --><char id="1050" x="113" y="99" width="28" height="32" xoffset="2" yoffset="9" xadvance="31" page="0" chnl="15"/><!-- К --><char id="1051" x="113" y="33" width="29" height="32" xoffset="0" yoffset="9" xadvance="32" page="0" chnl="15"/><!-- Л --><char id="1053" x="82" y="258" width="29" height="32" xoffset="2" yoffset="9" xadvance="34" page="0" chnl="15"/><!-- Н --><char id="1054" x="47" y="127" width="31" height="33" xoffset="1" yoffset="9" xadvance="34" page="0" chnl="15"/><!-- О --><char id="1055" x="113" y="0" width="29" height="32" xoffset="2" yoffset="9" xadvance="33" page="0" chnl="15"/><!-- П --><char id="1056" x="142" y="267" width="26" height="32" xoffset="2" yoffset="9" xadvance="29" page="0" chnl="15"/><!-- Р --><char id="1057" x="47" y="228" width="30" height="33" xoffset="1" yoffset="9" xadvance="32" page="0" chnl="15"/><!-- С --><char id="1058" x="143" y="66" width="27" height="32" xoffset="1" yoffset="9" xadvance="29" page="0" chnl="15"/><!-- Т --><char id="1059" x="82" y="225" width="29" height="32" xoffset="0" yoffset="9" xadvance="30" page="0" chnl="15"/><!-- У --><char id="1060" x="0" y="161" width="36" height="33" xoffset="1" yoffset="9" xadvance="39" page="0" chnl="15"/><!-- Ф --><char id="1061" x="113" y="66" width="29" height="32" xoffset="1" yoffset="9" xadvance="32" page="0" chnl="15"/><!-- Х --><char id="1062" x="47" y="52" width="32" height="38" xoffset="2" yoffset="9" xadvance="35" page="0" chnl="15"/><!-- Ц --><char id="1063" x="113" y="132" width="28" height="32" xoffset="1" yoffset="9" xadvance="32" page="0" chnl="15"/><!-- Ч --><char id="1067" x="0" y="229" width="35" height="32" xoffset="2" yoffset="9" xadvance="40" page="0" chnl="15"/><!-- Ы --><char id="1069" x="47" y="262" width="30" height="33" xoffset="1" yoffset="9" xadvance="32" page="0" chnl="15"/><!-- Э --><char id="1071" x="171" y="33" width="26" height="32" xoffset="1" yoffset="9" xadvance="30" page="0" chnl="15"/><!-- Я --><char id="1072" x="224" y="193" width="23" height="25" xoffset="1" yoffset="16" xadvance="26" page="0" chnl="15"/><!-- а --><char id="1073" x="171" y="207" width="25" height="33" xoffset="1" yoffset="8" xadvance="27" page="0" chnl="15"/><!-- б --><char id="1074" x="249" y="145" width="22" height="25" xoffset="2" yoffset="16" xadvance="26" page="0" chnl="15"/><!-- в --><char id="1075" x="273" y="120" width="18" height="25" xoffset="2" yoffset="16" xadvance="21" page="0" chnl="15"/><!-- г --><char id="1076" x="82" y="66" width="30" height="31" xoffset="-1" yoffset="16" xadvance="29" page="0" chnl="15"/><!-- д --><char id="1077" x="198" y="205" width="24" height="25" xoffset="1" yoffset="16" xadvance="26" page="0" chnl="15"/><!-- е --><char id="1078" x="0" y="135" width="37" height="25" xoffset="0" yoffset="16" xadvance="37" page="0" chnl="15"/><!-- ж --><char id="1079" x="249" y="171" width="22" height="25" xoffset="1" yoffset="16" xadvance="25" page="0" chnl="15"/><!-- з --><char id="1080" x="198" y="231" width="24" height="25" xoffset="2" yoffset="16" xadvance="28" page="0" chnl="15"/><!-- и --><char id="1081" x="198" y="169" width="24" height="35" xoffset="2" yoffset="6" xadvance="28" page="0" chnl="15"/><!-- й --><char id="1082" x="224" y="219" width="23" height="25" xoffset="2" yoffset="16" xadvance="26" page="0" chnl="15"/><!-- к --><char id="1083" x="198" y="33" width="25" height="25" xoffset="-1" yoffset="16" xadvance="27" page="0" chnl="15"/><!-- л --><char id="1084" x="82" y="124" width="30" height="25" xoffset="2" yoffset="16" xadvance="35" page="0" chnl="15"/><!-- м --><char id="1085" x="198" y="257" width="24" height="25" xoffset="2" yoffset="16" xadvance="28" page="0" chnl="15"/><!-- н --><char id="1086" x="198" y="59" width="25" height="25" xoffset="1" yoffset="16" xadvance="27" page="0" chnl="15"/><!-- о --><char id="1087" x="224" y="271" width="23" height="25" xoffset="2" yoffset="16" xadvance="28" page="0" chnl="15"/><!-- п --><char id="1088" x="171" y="139" width="25" height="33" xoffset="2" yoffset="16" xadvance="28" page="0" chnl="15"/><!-- р --><char id="1089" x="224" y="0" width="24" height="25" xoffset="1" yoffset="16" xadvance="26" page="0" chnl="15"/><!-- с --><char id="1090" x="249" y="93" width="22" height="25" xoffset="0" yoffset="16" xadvance="23" page="0" chnl="15"/><!-- т --><char id="1091" x="171" y="173" width="25" height="33" xoffset="0" yoffset="16" xadvance="26" page="0" chnl="15"/><!-- у --><char id="1093" x="224" y="26" width="24" height="25" xoffset="0" yoffset="16" xadvance="25" page="0" chnl="15"/><!-- х --><char id="1094" x="142" y="99" width="27" height="31" xoffset="2" yoffset="16" xadvance="29" page="0" chnl="15"/><!-- ц --><char id="1095" x="224" y="245" width="23" height="25" xoffset="1" yoffset="16" xadvance="27" page="0" chnl="15"/><!-- ч --><char id="1096" x="47" y="26" width="34" height="25" xoffset="2" yoffset="16" xadvance="38" page="0" chnl="15"/><!-- ш --><char id="1097" x="0" y="103" width="37" height="31" xoffset="2" yoffset="16" xadvance="39" page="0" chnl="15"/><!-- щ --><char id="1098" x="113" y="198" width="28" height="25" xoffset="0" yoffset="16" xadvance="29" page="0" chnl="15"/><!-- ъ --><char id="1099" x="82" y="98" width="30" height="25" xoffset="2" yoffset="16" xadvance="35" page="0" chnl="15"/><!-- ы --><char id="1100" x="249" y="119" width="22" height="25" xoffset="2" yoffset="16" xadvance="25" page="0" chnl="15"/><!-- ь --><char id="1102" x="47" y="0" width="34" height="25" xoffset="2" yoffset="16" xadvance="37" page="0" chnl="15"/><!-- ю --><char id="1103" x="249" y="0" width="23" height="25" xoffset="0" yoffset="16" xadvance="25" page="0" chnl="15"/><!-- я --><char id="8216" x="122" y="292" width="11" height="15" xoffset="1" yoffset="9" xadvance="14" page="0" chnl="15"/><!-- ‘ --><char id="8217" x="249" y="288" width="10" height="15" xoffset="2" yoffset="9" xadvance="14" page="0" chnl="15"/><!-- ’ --><char id="8220" x="249" y="197" width="20" height="15" xoffset="1" yoffset="9" xadvance="24" page="0" chnl="15"/><!-- “ --><char id="8221" x="249" y="213" width="20" height="15" xoffset="2" yoffset="9" xadvance="24" page="0" chnl="15"/><!-- ” --><char id="8470" x="0" y="0" width="46" height="32" xoffset="2" yoffset="9" xadvance="49" page="0" chnl="15"/><!-- № --></chars></font>