[1,["dcsouyYOdJKoIQDhUF+ant@6c48a"],["_textureSource"],["cc.SpriteFrame"],0,[{"name":"2","rect":{"x":0,"y":0,"width":468,"height":397},"offset":{"x":0,"y":0},"originalSize":{"width":468,"height":397},"rotated":false,"capInsets":[0,0,0,0],"vertices":{"rawPosition":[-234,-198.5,0,234,-198.5,0,-234,198.5,0,234,198.5,0],"indexes":[0,1,2,2,1,3],"uv":[0,397,468,397,0,0,468,0],"nuv":[0,0,1,0,0,1,1,1],"minPos":{"x":-234,"y":-198.5,"z":0},"maxPos":{"x":234,"y":198.5,"z":0}},"packable":true,"pixelsToUnit":100,"pivot":{"x":0.5,"y":0.5},"meshType":0}],[0],0,[0],[0],[0]]
