[1,0,0,[["cc.JsonAsset",["_name","json"],1]],[[0,0,1,3]],[[0,"level_00280",[{"x":0,"y":0,"type":"1/2","hash":"W29iamVjdCBPYmplY3RdLFtvYmplY3QgT2JqZWN0XSxbb2JqZWN0IE9iamVjdF0sW29iamVjdCBPYmplY3RdLFtvYmplY3QgT2JqZWN0XQ==","numOfWins":13,"layers":[{"tiles":[{"x":-3.5,"y":-2.5,"skinIdx":3,"active":true},{"x":-2.5,"y":-2.5,"skinIdx":15,"active":true},{"x":-1.5,"y":-2.5,"skinIdx":5,"active":true},{"x":-0.5,"y":-2.5,"skinIdx":15,"active":true},{"x":0.5,"y":-2.5,"skinIdx":14,"active":true},{"x":1.5,"y":-2.5,"skinIdx":14,"active":true},{"x":2.5,"y":-2.5,"skinIdx":13,"active":true},{"x":3.5,"y":-2.5,"skinIdx":12,"active":true},{"x":-3.5,"y":-1.5,"skinIdx":3,"active":true},{"x":-1.5,"y":-1.5,"skinIdx":2,"active":true},{"x":1.5,"y":-1.5,"skinIdx":11,"active":true},{"x":3.5,"y":-1.5,"skinIdx":3,"active":true},{"x":-3.5,"y":-0.5,"skinIdx":5,"active":true},{"x":-2.5,"y":-0.5,"skinIdx":15,"active":true},{"x":2.5,"y":-0.5,"skinIdx":7,"active":true},{"x":3.5,"y":-0.5,"skinIdx":6,"active":true},{"x":-3.5,"y":0.5,"skinIdx":0,"active":true},{"x":-2.5,"y":0.5,"skinIdx":5,"active":true},{"x":2.5,"y":0.5,"skinIdx":13,"active":true},{"x":3.5,"y":0.5,"skinIdx":15,"active":true},{"x":-3.5,"y":1.5,"skinIdx":2,"active":true},{"x":-1.5,"y":1.5,"skinIdx":2,"active":true},{"x":1.5,"y":1.5,"skinIdx":9,"active":true},{"x":3.5,"y":1.5,"skinIdx":15,"active":true},{"x":-3.5,"y":2.5,"skinIdx":12,"active":true},{"x":-2.5,"y":2.5,"skinIdx":11,"active":true},{"x":-1.5,"y":2.5,"skinIdx":17,"active":true},{"x":-0.5,"y":2.5,"skinIdx":17,"active":true},{"x":0.5,"y":2.5,"skinIdx":11,"active":true},{"x":1.5,"y":2.5,"skinIdx":1,"active":true},{"x":2.5,"y":2.5,"skinIdx":11,"active":true},{"x":3.5,"y":2.5,"skinIdx":14,"active":true}]},{"tiles":[{"x":-2,"y":-3,"skinIdx":7,"active":true},{"x":0,"y":-3,"skinIdx":0,"active":true},{"x":2,"y":-3,"skinIdx":10,"active":true},{"x":-3,"y":-2,"skinIdx":0,"active":true},{"x":-1,"y":-2,"skinIdx":0,"active":true},{"x":1,"y":-2,"skinIdx":17,"active":true},{"x":3,"y":-2,"skinIdx":16,"active":true},{"x":-2,"y":-1,"skinIdx":12,"active":true},{"x":2,"y":-1,"skinIdx":13,"active":true},{"x":-3,"y":0,"skinIdx":6,"active":true},{"x":3,"y":0,"skinIdx":9,"active":true},{"x":-2,"y":1,"skinIdx":1,"active":true},{"x":2,"y":1,"skinIdx":15,"active":true},{"x":-3,"y":2,"skinIdx":17,"active":true},{"x":-1,"y":2,"skinIdx":17,"active":true},{"x":1,"y":2,"skinIdx":0,"active":true},{"x":3,"y":2,"skinIdx":1,"active":true},{"x":-2,"y":3,"skinIdx":8,"active":true},{"x":0,"y":3,"skinIdx":7,"active":true},{"x":2,"y":3,"skinIdx":10,"active":true}]},{"tiles":[{"x":-2.5,"y":-2.5,"skinIdx":16,"active":true},{"x":-1.5,"y":-2.5,"skinIdx":0,"active":true},{"x":-0.5,"y":-2.5,"skinIdx":13,"active":true},{"x":0.5,"y":-2.5,"skinIdx":6,"active":true},{"x":1.5,"y":-2.5,"skinIdx":6,"active":true},{"x":2.5,"y":-2.5,"skinIdx":9,"active":true},{"x":-2.5,"y":-1.5,"skinIdx":4,"active":true},{"x":2.5,"y":-1.5,"skinIdx":17,"active":true},{"x":-2.5,"y":-0.5,"skinIdx":4,"active":true},{"x":2.5,"y":-0.5,"skinIdx":13,"active":true},{"x":-2.5,"y":0.5,"skinIdx":9,"active":true},{"x":2.5,"y":0.5,"skinIdx":11,"active":true},{"x":-2.5,"y":1.5,"skinIdx":11,"active":true},{"x":2.5,"y":1.5,"skinIdx":9,"active":true},{"x":-2.5,"y":2.5,"skinIdx":16,"active":true},{"x":-1.5,"y":2.5,"skinIdx":10,"active":true},{"x":-0.5,"y":2.5,"skinIdx":10,"active":true},{"x":0.5,"y":2.5,"skinIdx":13,"active":true},{"x":1.5,"y":2.5,"skinIdx":10,"active":true},{"x":2.5,"y":2.5,"skinIdx":6,"active":true}]},{"tiles":[{"x":0,"y":-3,"skinIdx":1,"active":true},{"x":-1,"y":-2,"skinIdx":4,"active":true},{"x":0,"y":-2,"skinIdx":3,"active":true},{"x":1,"y":-2,"skinIdx":3,"active":true},{"x":-2,"y":-1,"skinIdx":12,"active":true},{"x":2,"y":-1,"skinIdx":12,"active":true},{"x":-3,"y":0,"skinIdx":3,"active":true},{"x":3,"y":0,"skinIdx":4,"active":true},{"x":-2,"y":1,"skinIdx":4,"active":true},{"x":2,"y":1,"skinIdx":5,"active":true},{"x":-1,"y":2,"skinIdx":12,"active":true},{"x":1,"y":2,"skinIdx":5,"active":true},{"x":0,"y":3,"skinIdx":5,"active":true}]},{"tiles":[{"x":-0.5,"y":-3.5,"skinIdx":8,"active":true},{"x":0.5,"y":-3.5,"skinIdx":9,"active":true},{"x":-1.5,"y":-2.5,"skinIdx":7,"active":true},{"x":-0.5,"y":-2.5,"skinIdx":7,"active":true},{"x":0.5,"y":-2.5,"skinIdx":14,"active":true},{"x":1.5,"y":-2.5,"skinIdx":0,"active":true},{"x":-2.5,"y":-1.5,"skinIdx":16,"active":true},{"x":-1.5,"y":-1.5,"skinIdx":0,"active":true},{"x":1.5,"y":-1.5,"skinIdx":8,"active":true},{"x":2.5,"y":-1.5,"skinIdx":4,"active":true},{"x":-3.5,"y":-0.5,"skinIdx":6,"active":true},{"x":-2.5,"y":-0.5,"skinIdx":10,"active":true},{"x":2.5,"y":-0.5,"skinIdx":0,"active":true},{"x":3.5,"y":-0.5,"skinIdx":2,"active":true},{"x":-3.5,"y":0.5,"skinIdx":2,"active":true},{"x":-2.5,"y":0.5,"skinIdx":8,"active":true},{"x":2.5,"y":0.5,"skinIdx":14,"active":true},{"x":3.5,"y":0.5,"skinIdx":16,"active":true},{"x":-2.5,"y":1.5,"skinIdx":14,"active":true},{"x":-1.5,"y":1.5,"skinIdx":16,"active":true},{"x":1.5,"y":1.5,"skinIdx":8,"active":true},{"x":2.5,"y":1.5,"skinIdx":1,"active":true},{"x":-1.5,"y":2.5,"skinIdx":8,"active":true},{"x":-0.5,"y":2.5,"skinIdx":7,"active":true},{"x":0.5,"y":2.5,"skinIdx":1,"active":true},{"x":1.5,"y":2.5,"skinIdx":2,"active":true}]}]}]]],0,0,[],[],[]]
