[1,["18F60QystAdaIFEGoB3LcX@6c48a"],["_textureSource"],["cc.SpriteFrame"],0,[{"name":"9","rect":{"x":0,"y":0,"width":482,"height":427},"offset":{"x":0,"y":0},"originalSize":{"width":482,"height":427},"rotated":false,"capInsets":[0,0,0,0],"vertices":{"rawPosition":[-241,-213.5,0,241,-213.5,0,-241,213.5,0,241,213.5,0],"indexes":[0,1,2,2,1,3],"uv":[0,427,482,427,0,0,482,0],"nuv":[0,0,1,0,0,1,1,1],"minPos":{"x":-241,"y":-213.5,"z":0},"maxPos":{"x":241,"y":213.5,"z":0}},"packable":true,"pixelsToUnit":100,"pivot":{"x":0.5,"y":0.5},"meshType":0}],[0],0,[0],[0],[0]]
