{"textures":[{"image":"gameplay-resources.png","format":"RGBA8888","size":{"w":433,"h":433},"scale":0.5,"frames":[{"filename":"effect-text/purple-effect","rotated":false,"trimmed":false,"sourceSize":{"w":264,"h":80},"spriteSourceSize":{"x":0,"y":0,"w":264,"h":80},"frame":{"x":2,"y":2,"w":264,"h":80}},{"filename":"effect-text/win/glow","rotated":false,"trimmed":false,"sourceSize":{"w":277,"h":59},"spriteSourceSize":{"x":0,"y":0,"w":277,"h":59},"frame":{"x":2,"y":85,"w":277,"h":59}},{"filename":"effect-text/lose/glow","rotated":false,"trimmed":false,"sourceSize":{"w":254,"h":55},"spriteSourceSize":{"x":0,"y":0,"w":254,"h":55},"frame":{"x":2,"y":147,"w":254,"h":55}},{"filename":"dashboard/btn-free-gold-glow","rotated":false,"trimmed":true,"sourceSize":{"w":121,"h":118},"spriteSourceSize":{"x":4,"y":0,"w":113,"h":112},"frame":{"x":2,"y":205,"w":113,"h":112}},{"filename":"dashboard/btn-start","rotated":false,"trimmed":false,"sourceSize":{"w":159,"h":63},"spriteSourceSize":{"x":0,"y":0,"w":159,"h":63},"frame":{"x":269,"y":2,"w":159,"h":63}},{"filename":"dashboard/btn-start-landscape","rotated":false,"trimmed":false,"sourceSize":{"w":129,"h":43},"spriteSourceSize":{"x":0,"y":0,"w":129,"h":43},"frame":{"x":118,"y":205,"w":129,"h":43}},{"filename":"effect-text/lose/shape-below","rotated":false,"trimmed":false,"sourceSize":{"w":127,"h":26},"spriteSourceSize":{"x":0,"y":0,"w":127,"h":26},"frame":{"x":118,"y":251,"w":127,"h":26}},{"filename":"effect-text/win/shape-below","rotated":false,"trimmed":false,"sourceSize":{"w":147,"h":24},"spriteSourceSize":{"x":0,"y":0,"w":147,"h":24},"frame":{"x":282,"y":68,"w":147,"h":24}},{"filename":"dashboard/unitbar-bg","rotated":false,"trimmed":false,"sourceSize":{"w":71,"h":77},"spriteSourceSize":{"x":0,"y":0,"w":71,"h":77},"frame":{"x":2,"y":320,"w":71,"h":77}},{"filename":"dashboard/unitbar-bg-landscape","rotated":false,"trimmed":false,"sourceSize":{"w":69,"h":43},"spriteSourceSize":{"x":0,"y":0,"w":69,"h":43},"frame":{"x":282,"y":95,"w":69,"h":43}},{"filename":"effect-text/lose/shape-above","rotated":false,"trimmed":false,"sourceSize":{"w":86,"h":23},"spriteSourceSize":{"x":0,"y":0,"w":86,"h":23},"frame":{"x":118,"y":280,"w":86,"h":23}},{"filename":"dashboard/unitbar-stamps","rotated":false,"trimmed":false,"sourceSize":{"w":64,"h":39},"spriteSourceSize":{"x":0,"y":0,"w":64,"h":39},"frame":{"x":354,"y":95,"w":64,"h":39}},{"filename":"dashboard/bar/bg-front","rotated":false,"trimmed":false,"sourceSize":{"w":96,"h":12},"spriteSourceSize":{"x":0,"y":0,"w":96,"h":12},"frame":{"x":118,"y":306,"w":96,"h":12}},{"filename":"dashboard/coin-bar-bg","rotated":false,"trimmed":false,"sourceSize":{"w":75,"h":25},"spriteSourceSize":{"x":0,"y":0,"w":75,"h":25},"frame":{"x":2,"y":400,"w":75,"h":25}},{"filename":"dashboard/avatar-frame-blue","rotated":false,"trimmed":false,"sourceSize":{"w":36,"h":49},"spriteSourceSize":{"x":0,"y":0,"w":36,"h":49},"frame":{"x":76,"y":320,"w":36,"h":49}},{"filename":"hand-guide/hand","rotated":false,"trimmed":true,"sourceSize":{"w":66,"h":56},"spriteSourceSize":{"x":4,"y":0,"w":60,"h":56},"frame":{"x":115,"y":321,"w":60,"h":56}},{"filename":"dashboard/btn-battle-green","rotated":false,"trimmed":false,"sourceSize":{"w":51,"h":52},"spriteSourceSize":{"x":0,"y":0,"w":51,"h":52},"frame":{"x":178,"y":321,"w":51,"h":52}},{"filename":"dashboard/bar/bg","rotated":false,"trimmed":false,"sourceSize":{"w":95,"h":12},"spriteSourceSize":{"x":0,"y":0,"w":95,"h":12},"frame":{"x":282,"y":141,"w":95,"h":12}},{"filename":"effect-text/win/shape-above","rotated":false,"trimmed":false,"sourceSize":{"w":88,"h":19},"spriteSourceSize":{"x":0,"y":0,"w":88,"h":19},"frame":{"x":259,"y":156,"w":88,"h":19}},{"filename":"dashboard/bar/blue-bar/full-bar","rotated":false,"trimmed":false,"sourceSize":{"w":93,"h":10},"spriteSourceSize":{"x":0,"y":0,"w":93,"h":10},"frame":{"x":259,"y":178,"w":93,"h":10}},{"filename":"dashboard/bar/red-bar/full-bar","rotated":false,"trimmed":false,"sourceSize":{"w":93,"h":10},"spriteSourceSize":{"x":0,"y":0,"w":93,"h":10},"frame":{"x":259,"y":191,"w":93,"h":10}},{"filename":"hp-bar/bg","rotated":false,"trimmed":false,"sourceSize":{"w":93,"h":10},"spriteSourceSize":{"x":0,"y":0,"w":93,"h":10},"frame":{"x":259,"y":204,"w":93,"h":10}},{"filename":"projectiles/blue-fire","rotated":false,"trimmed":true,"sourceSize":{"w":71,"h":34},"spriteSourceSize":{"x":0,"y":0,"w":70,"h":33},"frame":{"x":250,"y":217,"w":70,"h":33}},{"filename":"blank","rotated":false,"trimmed":false,"sourceSize":{"w":50,"h":50},"spriteSourceSize":{"x":0,"y":0,"w":50,"h":50},"frame":{"x":248,"y":253,"w":50,"h":50}},{"filename":"dashboard/btn-free-gold-off","rotated":false,"trimmed":false,"sourceSize":{"w":47,"h":50},"spriteSourceSize":{"x":0,"y":0,"w":47,"h":50},"frame":{"x":301,"y":253,"w":47,"h":50}},{"filename":"dashboard/ad-icon","rotated":false,"trimmed":false,"sourceSize":{"w":33,"h":33},"spriteSourceSize":{"x":0,"y":0,"w":33,"h":33},"frame":{"x":323,"y":217,"w":33,"h":33}},{"filename":"dashboard/btn-free-gold","rotated":false,"trimmed":false,"sourceSize":{"w":47,"h":50},"spriteSourceSize":{"x":0,"y":0,"w":47,"h":50},"frame":{"x":232,"y":306,"w":47,"h":50}},{"filename":"dashboard/unitbar-dino","rotated":false,"trimmed":false,"sourceSize":{"w":49,"h":38},"spriteSourceSize":{"x":0,"y":0,"w":49,"h":38},"frame":{"x":282,"y":306,"w":49,"h":38}},{"filename":"projectiles/level11/green-fire-1","rotated":false,"trimmed":true,"sourceSize":{"w":50,"h":50},"spriteSourceSize":{"x":0,"y":7,"w":49,"h":36},"frame":{"x":232,"y":359,"w":49,"h":36}},{"filename":"projectiles/level11/green-fire-3","rotated":false,"trimmed":true,"sourceSize":{"w":50,"h":50},"spriteSourceSize":{"x":3,"y":6,"w":47,"h":39},"frame":{"x":284,"y":347,"w":47,"h":39}},{"filename":"dashboard/avatar-frame-red","rotated":false,"trimmed":false,"sourceSize":{"w":36,"h":49},"spriteSourceSize":{"x":0,"y":0,"w":36,"h":49},"frame":{"x":334,"y":306,"w":36,"h":49}},{"filename":"dashboard/icon-battle","rotated":false,"trimmed":false,"sourceSize":{"w":38,"h":34},"spriteSourceSize":{"x":0,"y":0,"w":38,"h":34},"frame":{"x":334,"y":358,"w":38,"h":34}},{"filename":"projectiles/bolt-1","rotated":false,"trimmed":false,"sourceSize":{"w":38,"h":6},"spriteSourceSize":{"x":0,"y":0,"w":38,"h":6},"frame":{"x":207,"y":280,"w":38,"h":6}},{"filename":"projectiles/bolt-2","rotated":false,"trimmed":false,"sourceSize":{"w":46,"h":10},"spriteSourceSize":{"x":0,"y":0,"w":46,"h":10},"frame":{"x":284,"y":389,"w":46,"h":10}},{"filename":"projectiles/level11/green-fire-2","rotated":false,"trimmed":true,"sourceSize":{"w":50,"h":50},"spriteSourceSize":{"x":0,"y":7,"w":49,"h":36},"frame":{"x":333,"y":395,"w":49,"h":36}},{"filename":"dev-tool/attack","rotated":false,"trimmed":false,"sourceSize":{"w":40,"h":40},"spriteSourceSize":{"x":0,"y":0,"w":40,"h":40},"frame":{"x":380,"y":137,"w":40,"h":40}},{"filename":"dashboard/btn-unit-list","rotated":false,"trimmed":false,"sourceSize":{"w":32,"h":36},"spriteSourceSize":{"x":0,"y":0,"w":32,"h":36},"frame":{"x":80,"y":372,"w":32,"h":36}},{"filename":"dev-tool/edit","rotated":false,"trimmed":false,"sourceSize":{"w":40,"h":40},"spriteSourceSize":{"x":0,"y":0,"w":40,"h":40},"frame":{"x":115,"y":380,"w":40,"h":40}},{"filename":"dashboard/btn-battle","rotated":false,"trimmed":false,"sourceSize":{"w":33,"h":41},"spriteSourceSize":{"x":0,"y":0,"w":33,"h":41},"frame":{"x":158,"y":380,"w":33,"h":41}},{"filename":"dashboard/unitbar-archer","rotated":false,"trimmed":false,"sourceSize":{"w":35,"h":43},"spriteSourceSize":{"x":0,"y":0,"w":35,"h":43},"frame":{"x":194,"y":376,"w":35,"h":43}},{"filename":"dashboard/coin-bar-coin","rotated":false,"trimmed":false,"sourceSize":{"w":31,"h":32},"spriteSourceSize":{"x":0,"y":0,"w":31,"h":32},"frame":{"x":232,"y":398,"w":31,"h":32}},{"filename":"projectiles/arrow-2","rotated":false,"trimmed":false,"sourceSize":{"w":37,"h":11},"spriteSourceSize":{"x":0,"y":0,"w":37,"h":11},"frame":{"x":207,"y":289,"w":37,"h":11}},{"filename":"dashboard/btn-leaderboard","rotated":false,"trimmed":false,"sourceSize":{"w":33,"h":41},"spriteSourceSize":{"x":0,"y":0,"w":33,"h":41},"frame":{"x":351,"y":253,"w":33,"h":41}},{"filename":"dashboard/bar/blue-bar/icon-heart-blue","rotated":false,"trimmed":false,"sourceSize":{"w":20,"h":19},"spriteSourceSize":{"x":0,"y":0,"w":20,"h":19},"frame":{"x":350,"y":156,"w":20,"h":19}},{"filename":"projectiles/javelin","rotated":false,"trimmed":false,"sourceSize":{"w":67,"h":4},"spriteSourceSize":{"x":0,"y":0,"w":67,"h":4},"frame":{"x":355,"y":180,"w":67,"h":4}},{"filename":"dashboard/ad-icon-landscape","rotated":false,"trimmed":false,"sourceSize":{"w":27,"h":26},"spriteSourceSize":{"x":0,"y":0,"w":27,"h":26},"frame":{"x":355,"y":187,"w":27,"h":26}},{"filename":"dev-tool/reset","rotated":false,"trimmed":false,"sourceSize":{"w":40,"h":36},"spriteSourceSize":{"x":0,"y":0,"w":40,"h":36},"frame":{"x":385,"y":187,"w":40,"h":36}},{"filename":"dev-tool/unit","rotated":false,"trimmed":false,"sourceSize":{"w":40,"h":39},"spriteSourceSize":{"x":0,"y":0,"w":40,"h":39},"frame":{"x":387,"y":226,"w":40,"h":39}},{"filename":"dashboard/btn-speed-off","rotated":false,"trimmed":false,"sourceSize":{"w":34,"h":39},"spriteSourceSize":{"x":0,"y":0,"w":34,"h":39},"frame":{"x":387,"y":268,"w":34,"h":39}},{"filename":"dashboard/btn-speed-on","rotated":false,"trimmed":false,"sourceSize":{"w":34,"h":39},"spriteSourceSize":{"x":0,"y":0,"w":34,"h":39},"frame":{"x":373,"y":310,"w":34,"h":39}},{"filename":"dashboard/btn-settings","rotated":false,"trimmed":false,"sourceSize":{"w":33,"h":39},"spriteSourceSize":{"x":0,"y":0,"w":33,"h":39},"frame":{"x":375,"y":352,"w":33,"h":39}},{"filename":"projectiles/fire-ring","rotated":false,"trimmed":true,"sourceSize":{"w":35,"h":36},"spriteSourceSize":{"x":0,"y":0,"w":34,"h":36},"frame":{"x":385,"y":394,"w":34,"h":36}},{"filename":"hand-guide/arrow-start","rotated":false,"trimmed":false,"sourceSize":{"w":20,"h":26},"spriteSourceSize":{"x":0,"y":0,"w":20,"h":26},"frame":{"x":359,"y":216,"w":20,"h":26}},{"filename":"projectiles/boomerang","rotated":false,"trimmed":false,"sourceSize":{"w":12,"h":28},"spriteSourceSize":{"x":0,"y":0,"w":12,"h":28},"frame":{"x":266,"y":398,"w":12,"h":28}},{"filename":"projectiles/mace","rotated":false,"trimmed":false,"sourceSize":{"w":37,"h":15},"spriteSourceSize":{"x":0,"y":0,"w":37,"h":15},"frame":{"x":281,"y":402,"w":37,"h":15}},{"filename":"projectiles/arrow-1","rotated":false,"trimmed":false,"sourceSize":{"w":39,"h":10},"spriteSourceSize":{"x":0,"y":0,"w":39,"h":10},"frame":{"x":281,"y":420,"w":39,"h":10}},{"filename":"dashboard/bar/red-bar/icon-heart-red","rotated":false,"trimmed":false,"sourceSize":{"w":20,"h":19},"spriteSourceSize":{"x":0,"y":0,"w":20,"h":19},"frame":{"x":80,"y":411,"w":20,"h":19}},{"filename":"hand-guide/arrow-end","rotated":false,"trimmed":false,"sourceSize":{"w":4,"h":13},"spriteSourceSize":{"x":0,"y":0,"w":4,"h":13},"frame":{"x":373,"y":156,"w":4,"h":13}},{"filename":"dashboard/icon-message","rotated":false,"trimmed":false,"sourceSize":{"w":19,"h":19},"spriteSourceSize":{"x":0,"y":0,"w":19,"h":19},"frame":{"x":410,"y":310,"w":19,"h":19}},{"filename":"dashboard/vs","rotated":false,"trimmed":false,"sourceSize":{"w":17,"h":14},"spriteSourceSize":{"x":0,"y":0,"w":17,"h":14},"frame":{"x":410,"y":332,"w":17,"h":14}},{"filename":"hand-guide/arrow-middle","rotated":false,"trimmed":false,"sourceSize":{"w":1,"h":13},"spriteSourceSize":{"x":0,"y":0,"w":1,"h":13},"frame":{"x":76,"y":372,"w":1,"h":13}},{"filename":"dashboard/coin-mini","rotated":false,"trimmed":false,"sourceSize":{"w":13,"h":14},"spriteSourceSize":{"x":0,"y":0,"w":13,"h":14},"frame":{"x":411,"y":349,"w":13,"h":14}},{"filename":"projectiles/rock","rotated":false,"trimmed":false,"sourceSize":{"w":8,"h":7},"spriteSourceSize":{"x":0,"y":0,"w":8,"h":7},"frame":{"x":269,"y":68,"w":8,"h":7}},{"filename":"dashboard/bar/blue-bar/bar-left","rotated":false,"trimmed":false,"sourceSize":{"w":3,"h":10},"spriteSourceSize":{"x":0,"y":0,"w":3,"h":10},"frame":{"x":421,"y":95,"w":3,"h":10}},{"filename":"dashboard/bar/blue-bar/bar-mid","rotated":false,"trimmed":false,"sourceSize":{"w":3,"h":10},"spriteSourceSize":{"x":0,"y":0,"w":3,"h":10},"frame":{"x":321,"y":402,"w":3,"h":10}},{"filename":"dashboard/bar/blue-bar/bar-right","rotated":false,"trimmed":false,"sourceSize":{"w":3,"h":10},"spriteSourceSize":{"x":0,"y":0,"w":3,"h":10},"frame":{"x":327,"y":402,"w":3,"h":10}},{"filename":"dashboard/bar/red-bar/bar-left","rotated":false,"trimmed":false,"sourceSize":{"w":3,"h":10},"spriteSourceSize":{"x":0,"y":0,"w":3,"h":10},"frame":{"x":103,"y":411,"w":3,"h":10}},{"filename":"dashboard/bar/red-bar/bar-mid","rotated":false,"trimmed":false,"sourceSize":{"w":3,"h":10},"spriteSourceSize":{"x":0,"y":0,"w":3,"h":10},"frame":{"x":109,"y":411,"w":3,"h":10}},{"filename":"dashboard/bar/red-bar/bar-right","rotated":false,"trimmed":false,"sourceSize":{"w":3,"h":10},"spriteSourceSize":{"x":0,"y":0,"w":3,"h":10},"frame":{"x":424,"y":268,"w":3,"h":10}}]}],"meta":{"app":"https://www.codeandweb.com/texturepacker","version":"3.0","smartupdate":"$TexturePacker:SmartUpdate:5ba971b02db370b146fd51fbced4ffc1:63dbcc9029c562d41810a65ae88b9d78:f8b844ae455f51390ed7080f036e8c41$"}}