{"textures":[{"image":"default-resources-0.png","format":"RGBA8888","size":{"w":1183,"h":1183},"scale":0.5,"frames":[{"filename":"bg/bg-middle-2","rotated":false,"trimmed":false,"sourceSize":{"w":450,"h":425},"spriteSourceSize":{"x":0,"y":0,"w":450,"h":425},"frame":{"x":2,"y":2,"w":450,"h":425}},{"filename":"bg/bg-middle","rotated":false,"trimmed":false,"sourceSize":{"w":360,"h":425},"spriteSourceSize":{"x":0,"y":0,"w":360,"h":425},"frame":{"x":2,"y":430,"w":360,"h":425}},{"filename":"ui-ngang/bg-middle","rotated":false,"trimmed":false,"sourceSize":{"w":360,"h":284},"spriteSourceSize":{"x":0,"y":0,"w":360,"h":284},"frame":{"x":455,"y":2,"w":360,"h":284}},{"filename":"ui-ngang/bg-top","rotated":false,"trimmed":false,"sourceSize":{"w":360,"h":89},"spriteSourceSize":{"x":0,"y":0,"w":360,"h":89},"frame":{"x":2,"y":858,"w":360,"h":89}},{"filename":"ui-ngang/bg-bottom","rotated":false,"trimmed":false,"sourceSize":{"w":360,"h":88},"spriteSourceSize":{"x":0,"y":0,"w":360,"h":88},"frame":{"x":455,"y":289,"w":360,"h":88}},{"filename":"leaderboards/bg-top","rotated":false,"trimmed":false,"sourceSize":{"w":475,"h":84},"spriteSourceSize":{"x":0,"y":0,"w":475,"h":84},"frame":{"x":2,"y":950,"w":475,"h":84}},{"filename":"leaderboards/bg-bottom","rotated":false,"trimmed":false,"sourceSize":{"w":475,"h":34},"spriteSourceSize":{"x":0,"y":0,"w":475,"h":34},"frame":{"x":2,"y":1037,"w":475,"h":34}},{"filename":"bg/bg-bottom-2","rotated":false,"trimmed":false,"sourceSize":{"w":450,"h":56},"spriteSourceSize":{"x":0,"y":0,"w":450,"h":56},"frame":{"x":2,"y":1074,"w":450,"h":56}},{"filename":"leaderboards/bg-middle","rotated":false,"trimmed":false,"sourceSize":{"w":475,"h":24},"spriteSourceSize":{"x":0,"y":0,"w":475,"h":24},"frame":{"x":2,"y":1133,"w":475,"h":24}},{"filename":"bg/bg-bottom","rotated":false,"trimmed":false,"sourceSize":{"w":360,"h":56},"spriteSourceSize":{"x":0,"y":0,"w":360,"h":56},"frame":{"x":818,"y":2,"w":360,"h":56}},{"filename":"bg/bg-top","rotated":false,"trimmed":false,"sourceSize":{"w":360,"h":56},"spriteSourceSize":{"x":0,"y":0,"w":360,"h":56},"frame":{"x":818,"y":61,"w":360,"h":56}},{"filename":"footer","rotated":false,"trimmed":false,"sourceSize":{"w":375,"h":77},"spriteSourceSize":{"x":0,"y":0,"w":375,"h":77},"frame":{"x":455,"y":380,"w":375,"h":77}},{"filename":"bg/bg-top-2","rotated":false,"trimmed":false,"sourceSize":{"w":450,"h":56},"spriteSourceSize":{"x":0,"y":0,"w":450,"h":56},"frame":{"x":365,"y":460,"w":450,"h":56}},{"filename":"daily-challenge/bg","rotated":false,"trimmed":false,"sourceSize":{"w":260,"h":143},"spriteSourceSize":{"x":0,"y":0,"w":260,"h":143},"frame":{"x":818,"y":120,"w":260,"h":143}},{"filename":"ui-ngang/khung-next-block","rotated":false,"trimmed":false,"sourceSize":{"w":100,"h":300},"spriteSourceSize":{"x":0,"y":0,"w":100,"h":300},"frame":{"x":1081,"y":120,"w":100,"h":300}},{"filename":"border-bottom-panel","rotated":false,"trimmed":false,"sourceSize":{"w":375,"h":18},"spriteSourceSize":{"x":0,"y":0,"w":375,"h":18},"frame":{"x":2,"y":1160,"w":375,"h":18}},{"filename":"leaf","rotated":false,"trimmed":false,"sourceSize":{"w":282,"h":66},"spriteSourceSize":{"x":0,"y":0,"w":282,"h":66},"frame":{"x":365,"y":519,"w":282,"h":66}},{"filename":"score-panel","rotated":false,"trimmed":false,"sourceSize":{"w":263,"h":76},"spriteSourceSize":{"x":0,"y":0,"w":263,"h":76},"frame":{"x":365,"y":588,"w":263,"h":76}},{"filename":"popup/middle","rotated":false,"trimmed":false,"sourceSize":{"w":216,"h":114},"spriteSourceSize":{"x":0,"y":0,"w":216,"h":114},"frame":{"x":365,"y":667,"w":216,"h":114}},{"filename":"popup/background","rotated":false,"trimmed":false,"sourceSize":{"w":198,"h":111},"spriteSourceSize":{"x":0,"y":0,"w":198,"h":111},"frame":{"x":818,"y":266,"w":198,"h":111}},{"filename":"lives/heart","rotated":false,"trimmed":false,"sourceSize":{"w":170,"h":140},"spriteSourceSize":{"x":0,"y":0,"w":170,"h":140},"frame":{"x":365,"y":784,"w":170,"h":140}},{"filename":"best-score-frame-long","rotated":false,"trimmed":false,"sourceSize":{"w":193,"h":77},"spriteSourceSize":{"x":0,"y":0,"w":193,"h":77},"frame":{"x":833,"y":380,"w":193,"h":77}},{"filename":"buttons/green-large","rotated":false,"trimmed":false,"sourceSize":{"w":242,"h":71},"spriteSourceSize":{"x":0,"y":0,"w":242,"h":71},"frame":{"x":818,"y":460,"w":242,"h":71}},{"filename":"bottom-panel","rotated":false,"trimmed":false,"sourceSize":{"w":141,"h":86},"spriteSourceSize":{"x":0,"y":0,"w":141,"h":86},"frame":{"x":650,"y":519,"w":141,"h":86}},{"filename":"buttons/brown","rotated":false,"trimmed":false,"sourceSize":{"w":242,"h":54},"spriteSourceSize":{"x":0,"y":0,"w":242,"h":54},"frame":{"x":794,"y":534,"w":242,"h":54}},{"filename":"daily-challenge/bg-item-dark","rotated":false,"trimmed":false,"sourceSize":{"w":254,"h":41},"spriteSourceSize":{"x":0,"y":0,"w":254,"h":41},"frame":{"x":794,"y":591,"w":254,"h":41}},{"filename":"ui-ngang/khung-mission","rotated":false,"trimmed":false,"sourceSize":{"w":48,"h":232},"spriteSourceSize":{"x":0,"y":0,"w":48,"h":232},"frame":{"x":480,"y":927,"w":48,"h":232}},{"filename":"bg/bg-dark","rotated":false,"trimmed":false,"sourceSize":{"w":122,"h":152},"spriteSourceSize":{"x":0,"y":0,"w":122,"h":152},"frame":{"x":538,"y":784,"w":122,"h":152}},{"filename":"bg-progress-circle","rotated":false,"trimmed":false,"sourceSize":{"w":116,"h":116},"spriteSourceSize":{"x":0,"y":0,"w":116,"h":116},"frame":{"x":531,"y":939,"w":116,"h":116}},{"filename":"popup/score-panel","rotated":false,"trimmed":false,"sourceSize":{"w":150,"h":46},"spriteSourceSize":{"x":0,"y":0,"w":150,"h":46},"frame":{"x":631,"y":608,"w":150,"h":46}},{"filename":"border-daily","rotated":false,"trimmed":false,"sourceSize":{"w":259,"h":26},"spriteSourceSize":{"x":0,"y":0,"w":259,"h":26},"frame":{"x":784,"y":635,"w":259,"h":26}},{"filename":"avatar/border-big","rotated":false,"trimmed":false,"sourceSize":{"w":88,"h":88},"spriteSourceSize":{"x":0,"y":0,"w":88,"h":88},"frame":{"x":531,"y":1058,"w":88,"h":88}},{"filename":"buttons/green-big","rotated":false,"trimmed":false,"sourceSize":{"w":118,"h":54},"spriteSourceSize":{"x":0,"y":0,"w":118,"h":54},"frame":{"x":1063,"y":423,"w":118,"h":54}},{"filename":"texts/play","rotated":false,"trimmed":false,"sourceSize":{"w":75,"h":20},"spriteSourceSize":{"x":0,"y":0,"w":75,"h":20},"frame":{"x":365,"y":927,"w":75,"h":20}},{"filename":"texts/refill-lives","rotated":false,"trimmed":false,"sourceSize":{"w":75,"h":21},"spriteSourceSize":{"x":0,"y":0,"w":75,"h":21},"frame":{"x":380,"y":1160,"w":75,"h":21}},{"filename":"texts/first-milestone","rotated":false,"trimmed":false,"sourceSize":{"w":145,"h":25},"spriteSourceSize":{"x":0,"y":0,"w":145,"h":25},"frame":{"x":631,"y":657,"w":145,"h":25}},{"filename":"daily-challenge/bottom-panel","rotated":false,"trimmed":false,"sourceSize":{"w":261,"h":15},"spriteSourceSize":{"x":0,"y":0,"w":261,"h":15},"frame":{"x":779,"y":664,"w":261,"h":15}},{"filename":"daily-challenge/top-panel","rotated":false,"trimmed":false,"sourceSize":{"w":261,"h":15},"spriteSourceSize":{"x":0,"y":0,"w":261,"h":15},"frame":{"x":779,"y":682,"w":261,"h":15}},{"filename":"buttons/dark-blue","rotated":false,"trimmed":false,"sourceSize":{"w":183,"h":54},"spriteSourceSize":{"x":0,"y":0,"w":183,"h":54},"frame":{"x":584,"y":685,"w":183,"h":54}},{"filename":"daily-challenge/bg-item-light","rotated":false,"trimmed":false,"sourceSize":{"w":254,"h":41},"spriteSourceSize":{"x":0,"y":0,"w":254,"h":41},"frame":{"x":770,"y":700,"w":254,"h":41}},{"filename":"leaderboards/bg-item","rotated":false,"trimmed":false,"sourceSize":{"w":159,"h":31},"spriteSourceSize":{"x":0,"y":0,"w":159,"h":31},"frame":{"x":584,"y":742,"w":159,"h":31}},{"filename":"daily-challenge/middle-panel","rotated":false,"trimmed":false,"sourceSize":{"w":261,"h":13},"spriteSourceSize":{"x":0,"y":0,"w":261,"h":13},"frame":{"x":746,"y":744,"w":261,"h":13}},{"filename":"popup/top-dark","rotated":false,"trimmed":false,"sourceSize":{"w":216,"h":45},"spriteSourceSize":{"x":0,"y":0,"w":216,"h":45},"frame":{"x":746,"y":760,"w":216,"h":45}},{"filename":"popup/top","rotated":false,"trimmed":false,"sourceSize":{"w":216,"h":45},"spriteSourceSize":{"x":0,"y":0,"w":216,"h":45},"frame":{"x":663,"y":808,"w":216,"h":45}},{"filename":"lives/time-block-2","rotated":false,"trimmed":false,"sourceSize":{"w":182,"h":54},"spriteSourceSize":{"x":0,"y":0,"w":182,"h":54},"frame":{"x":663,"y":856,"w":182,"h":54}},{"filename":"lives/time-block","rotated":false,"trimmed":false,"sourceSize":{"w":173,"h":44},"spriteSourceSize":{"x":0,"y":0,"w":173,"h":44},"frame":{"x":663,"y":913,"w":173,"h":44}},{"filename":"buttons/green","rotated":false,"trimmed":false,"sourceSize":{"w":172,"h":51},"spriteSourceSize":{"x":0,"y":0,"w":172,"h":51},"frame":{"x":650,"y":960,"w":172,"h":51}},{"filename":"popup/bottom","rotated":false,"trimmed":false,"sourceSize":{"w":216,"h":14},"spriteSourceSize":{"x":0,"y":0,"w":216,"h":14},"frame":{"x":650,"y":1014,"w":216,"h":14}},{"filename":"wood-panel","rotated":false,"trimmed":false,"sourceSize":{"w":151,"h":28},"spriteSourceSize":{"x":0,"y":0,"w":151,"h":28},"frame":{"x":650,"y":1031,"w":151,"h":28}},{"filename":"daily-challenge/title-panel","rotated":false,"trimmed":false,"sourceSize":{"w":141,"h":35},"spriteSourceSize":{"x":0,"y":0,"w":141,"h":35},"frame":{"x":622,"y":1062,"w":141,"h":35}},{"filename":"buttons/dark-blue-big","rotated":false,"trimmed":false,"sourceSize":{"w":120,"h":55},"spriteSourceSize":{"x":0,"y":0,"w":120,"h":55},"frame":{"x":622,"y":1100,"w":120,"h":55}},{"filename":"bg-combo","rotated":false,"trimmed":true,"sourceSize":{"w":106,"h":44},"spriteSourceSize":{"x":0,"y":4,"w":106,"h":40},"frame":{"x":1063,"y":480,"w":106,"h":40}},{"filename":"leaderboards/bg-item-0","rotated":false,"trimmed":false,"sourceSize":{"w":116,"h":23},"spriteSourceSize":{"x":0,"y":0,"w":116,"h":23},"frame":{"x":531,"y":1158,"w":116,"h":23}},{"filename":"leaderboards/bg-item-1","rotated":false,"trimmed":false,"sourceSize":{"w":116,"h":23},"spriteSourceSize":{"x":0,"y":0,"w":116,"h":23},"frame":{"x":650,"y":1158,"w":116,"h":23}},{"filename":"ui-ngang/khung-best-score","rotated":false,"trimmed":false,"sourceSize":{"w":56,"h":85},"spriteSourceSize":{"x":0,"y":0,"w":56,"h":85},"frame":{"x":1019,"y":266,"w":56,"h":85}},{"filename":"texts/invite-friends","rotated":false,"trimmed":false,"sourceSize":{"w":69,"h":19},"spriteSourceSize":{"x":0,"y":0,"w":69,"h":19},"frame":{"x":458,"y":1162,"w":69,"h":19}},{"filename":"texts/draw","rotated":false,"trimmed":false,"sourceSize":{"w":53,"h":27},"spriteSourceSize":{"x":0,"y":0,"w":53,"h":27},"frame":{"x":365,"y":430,"w":53,"h":27}},{"filename":"buttons/dark-blue-small","rotated":false,"trimmed":false,"sourceSize":{"w":119,"h":54},"spriteSourceSize":{"x":0,"y":0,"w":119,"h":54},"frame":{"x":882,"y":808,"w":119,"h":54}},{"filename":"texts/next-milestone","rotated":false,"trimmed":false,"sourceSize":{"w":145,"h":25},"spriteSourceSize":{"x":0,"y":0,"w":145,"h":25},"frame":{"x":848,"y":865,"w":145,"h":25}},{"filename":"texts/second-chance","rotated":false,"trimmed":false,"sourceSize":{"w":109,"h":25},"spriteSourceSize":{"x":0,"y":0,"w":109,"h":25},"frame":{"x":848,"y":893,"w":109,"h":25}},{"filename":"bg-streak","rotated":false,"trimmed":true,"sourceSize":{"w":106,"h":44},"spriteSourceSize":{"x":0,"y":4,"w":106,"h":40},"frame":{"x":839,"y":921,"w":106,"h":40}},{"filename":"bg/level-playing","rotated":false,"trimmed":false,"sourceSize":{"w":57,"h":47},"spriteSourceSize":{"x":0,"y":0,"w":57,"h":47},"frame":{"x":825,"y":964,"w":57,"h":47}},{"filename":"icons/sound","rotated":false,"trimmed":false,"sourceSize":{"w":31,"h":27},"spriteSourceSize":{"x":0,"y":0,"w":31,"h":27},"frame":{"x":421,"y":430,"w":31,"h":27}},{"filename":"ui-ngang/text-next-block","rotated":false,"trimmed":false,"sourceSize":{"w":103,"h":22},"spriteSourceSize":{"x":0,"y":0,"w":103,"h":22},"frame":{"x":1063,"y":523,"w":103,"h":22}},{"filename":"avatar/border-challenge","rotated":false,"trimmed":false,"sourceSize":{"w":60,"h":59},"spriteSourceSize":{"x":0,"y":0,"w":60,"h":59},"frame":{"x":885,"y":964,"w":60,"h":59}},{"filename":"texts/daily-challenge","rotated":false,"trimmed":false,"sourceSize":{"w":97,"h":26},"spriteSourceSize":{"x":0,"y":0,"w":97,"h":26},"frame":{"x":1039,"y":548,"w":97,"h":26}},{"filename":"ui-ngang/khung-score","rotated":false,"trimmed":false,"sourceSize":{"w":87,"h":50},"spriteSourceSize":{"x":0,"y":0,"w":87,"h":50},"frame":{"x":1051,"y":577,"w":87,"h":50}},{"filename":"buttons/minor","rotated":false,"trimmed":false,"sourceSize":{"w":62,"h":53},"spriteSourceSize":{"x":0,"y":0,"w":62,"h":53},"frame":{"x":804,"y":1031,"w":62,"h":53}},{"filename":"icon-journey","rotated":false,"trimmed":false,"sourceSize":{"w":75,"h":61},"spriteSourceSize":{"x":0,"y":0,"w":75,"h":61},"frame":{"x":869,"y":1026,"w":75,"h":61}},{"filename":"buttons/toggle-off","rotated":false,"trimmed":false,"sourceSize":{"w":89,"h":31},"spriteSourceSize":{"x":0,"y":0,"w":89,"h":31},"frame":{"x":1051,"y":630,"w":89,"h":31}},{"filename":"texts/your-score","rotated":false,"trimmed":false,"sourceSize":{"w":97,"h":26},"spriteSourceSize":{"x":0,"y":0,"w":97,"h":26},"frame":{"x":1043,"y":664,"w":97,"h":26}},{"filename":"texts/keep-playing","rotated":false,"trimmed":false,"sourceSize":{"w":97,"h":25},"spriteSourceSize":{"x":0,"y":0,"w":97,"h":25},"frame":{"x":1043,"y":693,"w":97,"h":25}},{"filename":"texts/out-of-live","rotated":false,"trimmed":false,"sourceSize":{"w":97,"h":25},"spriteSourceSize":{"x":0,"y":0,"w":97,"h":25},"frame":{"x":1027,"y":721,"w":97,"h":25}},{"filename":"best-score-frame","rotated":false,"trimmed":false,"sourceSize":{"w":56,"h":76},"spriteSourceSize":{"x":0,"y":0,"w":56,"h":76},"frame":{"x":948,"y":921,"w":56,"h":76}},{"filename":"texts/congratulations","rotated":false,"trimmed":false,"sourceSize":{"w":49,"h":25},"spriteSourceSize":{"x":0,"y":0,"w":49,"h":25},"frame":{"x":960,"y":893,"w":49,"h":25}},{"filename":"buttons/play","rotated":false,"trimmed":false,"sourceSize":{"w":56,"h":43},"spriteSourceSize":{"x":0,"y":0,"w":56,"h":43},"frame":{"x":965,"y":760,"w":56,"h":43}},{"filename":"preloader/dual-ring","rotated":false,"trimmed":true,"sourceSize":{"w":100,"h":100},"spriteSourceSize":{"x":13,"y":13,"w":74,"h":74},"frame":{"x":1024,"y":749,"w":74,"h":74}},{"filename":"buttons/toggle-on","rotated":false,"trimmed":false,"sourceSize":{"w":89,"h":31},"spriteSourceSize":{"x":0,"y":0,"w":89,"h":31},"frame":{"x":1004,"y":826,"w":89,"h":31}},{"filename":"avatar/border","rotated":false,"trimmed":true,"sourceSize":{"w":69,"h":72},"spriteSourceSize":{"x":0,"y":1,"w":69,"h":71},"frame":{"x":1101,"y":749,"w":69,"h":71}},{"filename":"score-panel-dark","rotated":false,"trimmed":false,"sourceSize":{"w":94,"h":26},"spriteSourceSize":{"x":0,"y":0,"w":94,"h":26},"frame":{"x":1004,"y":860,"w":94,"h":26}},{"filename":"texts/leader-board","rotated":false,"trimmed":false,"sourceSize":{"w":81,"h":28},"spriteSourceSize":{"x":0,"y":0,"w":81,"h":28},"frame":{"x":1012,"y":889,"w":81,"h":28}},{"filename":"texts/result","rotated":false,"trimmed":false,"sourceSize":{"w":49,"h":25},"spriteSourceSize":{"x":0,"y":0,"w":49,"h":25},"frame":{"x":1127,"y":721,"w":49,"h":25}},{"filename":"text-target-panel","rotated":false,"trimmed":false,"sourceSize":{"w":49,"h":23},"spriteSourceSize":{"x":0,"y":0,"w":49,"h":23},"frame":{"x":1019,"y":354,"w":49,"h":23}},{"filename":"texts/setting","rotated":false,"trimmed":false,"sourceSize":{"w":49,"h":25},"spriteSourceSize":{"x":0,"y":0,"w":49,"h":25},"frame":{"x":1029,"y":380,"w":49,"h":25}},{"filename":"icons/vibrate","rotated":false,"trimmed":false,"sourceSize":{"w":31,"h":37},"spriteSourceSize":{"x":0,"y":0,"w":31,"h":37},"frame":{"x":1029,"y":408,"w":31,"h":37}},{"filename":"texts/start-over","rotated":false,"trimmed":false,"sourceSize":{"w":71,"h":19},"spriteSourceSize":{"x":0,"y":0,"w":71,"h":19},"frame":{"x":663,"y":776,"w":71,"h":19}},{"filename":"buttons/random","rotated":false,"trimmed":false,"sourceSize":{"w":56,"h":43},"spriteSourceSize":{"x":0,"y":0,"w":56,"h":43},"frame":{"x":948,"y":1000,"w":56,"h":43}},{"filename":"avatar/background","rotated":false,"trimmed":false,"sourceSize":{"w":53,"h":54},"spriteSourceSize":{"x":0,"y":0,"w":53,"h":54},"frame":{"x":947,"y":1046,"w":53,"h":54}},{"filename":"daily-challenge/time-panel","rotated":false,"trimmed":false,"sourceSize":{"w":85,"h":24},"spriteSourceSize":{"x":0,"y":0,"w":85,"h":24},"frame":{"x":1012,"y":920,"w":85,"h":24}},{"filename":"texts/level-failed","rotated":false,"trimmed":false,"sourceSize":{"w":90,"h":23},"spriteSourceSize":{"x":0,"y":0,"w":90,"h":23},"frame":{"x":1007,"y":947,"w":90,"h":23}},{"filename":"texts/waiting-for-opponent","rotated":false,"trimmed":false,"sourceSize":{"w":89,"h":23},"spriteSourceSize":{"x":0,"y":0,"w":89,"h":23},"frame":{"x":1007,"y":973,"w":89,"h":23}},{"filename":"texts/play-single","rotated":false,"trimmed":false,"sourceSize":{"w":85,"h":22},"spriteSourceSize":{"x":0,"y":0,"w":85,"h":22},"frame":{"x":1007,"y":999,"w":85,"h":22}},{"filename":"texts/play-with","rotated":false,"trimmed":false,"sourceSize":{"w":81,"h":22},"spriteSourceSize":{"x":0,"y":0,"w":81,"h":22},"frame":{"x":1007,"y":1024,"w":81,"h":22}},{"filename":"blank","rotated":false,"trimmed":false,"sourceSize":{"w":50,"h":50},"spriteSourceSize":{"x":0,"y":0,"w":50,"h":50},"frame":{"x":1003,"y":1049,"w":50,"h":50}},{"filename":"bg/level-locked","rotated":false,"trimmed":false,"sourceSize":{"w":51,"h":42},"spriteSourceSize":{"x":0,"y":0,"w":51,"h":42},"frame":{"x":1056,"y":1049,"w":51,"h":42}},{"filename":"ui-ngang/text-mission","rotated":false,"trimmed":false,"sourceSize":{"w":42,"h":22},"spriteSourceSize":{"x":0,"y":0,"w":42,"h":22},"frame":{"x":1139,"y":548,"w":42,"h":22}},{"filename":"texts/vs","rotated":false,"trimmed":false,"sourceSize":{"w":35,"h":18},"spriteSourceSize":{"x":0,"y":0,"w":35,"h":18},"frame":{"x":766,"y":1062,"w":35,"h":18}},{"filename":"texts/target-score","rotated":false,"trimmed":false,"sourceSize":{"w":70,"h":17},"spriteSourceSize":{"x":0,"y":0,"w":70,"h":17},"frame":{"x":1101,"y":823,"w":70,"h":17}},{"filename":"buttons/skip","rotated":false,"trimmed":false,"sourceSize":{"w":60,"h":36},"spriteSourceSize":{"x":0,"y":0,"w":60,"h":36},"frame":{"x":1101,"y":843,"w":60,"h":36}},{"filename":"texts/no","rotated":false,"trimmed":false,"sourceSize":{"w":22,"h":22},"spriteSourceSize":{"x":0,"y":0,"w":22,"h":22},"frame":{"x":455,"y":1074,"w":22,"h":22}},{"filename":"texts/yes","rotated":false,"trimmed":false,"sourceSize":{"w":22,"h":22},"spriteSourceSize":{"x":0,"y":0,"w":22,"h":22},"frame":{"x":455,"y":1099,"w":22,"h":22}},{"filename":"buttons/close","rotated":false,"trimmed":false,"sourceSize":{"w":36,"h":36},"spriteSourceSize":{"x":0,"y":0,"w":36,"h":36},"frame":{"x":1141,"y":573,"w":36,"h":36}},{"filename":"icons/white-journey","rotated":false,"trimmed":false,"sourceSize":{"w":21,"h":20},"spriteSourceSize":{"x":0,"y":0,"w":21,"h":20},"frame":{"x":443,"y":927,"w":21,"h":20}},{"filename":"texts/no-thank","rotated":false,"trimmed":false,"sourceSize":{"w":66,"h":15},"spriteSourceSize":{"x":0,"y":0,"w":66,"h":15},"frame":{"x":1101,"y":882,"w":66,"h":15}},{"filename":"buttons/challenge_light","rotated":false,"trimmed":false,"sourceSize":{"w":54,"h":40},"spriteSourceSize":{"x":0,"y":0,"w":54,"h":40},"frame":{"x":1100,"y":900,"w":54,"h":40}},{"filename":"buttons/share","rotated":false,"trimmed":false,"sourceSize":{"w":54,"h":40},"spriteSourceSize":{"x":0,"y":0,"w":54,"h":40},"frame":{"x":1100,"y":943,"w":54,"h":40}},{"filename":"texts/text-next-level","rotated":false,"trimmed":false,"sourceSize":{"w":57,"h":20},"spriteSourceSize":{"x":0,"y":0,"w":57,"h":20},"frame":{"x":1099,"y":986,"w":57,"h":20}},{"filename":"leaderboards/tab-off","rotated":false,"trimmed":false,"sourceSize":{"w":57,"h":18},"spriteSourceSize":{"x":0,"y":0,"w":57,"h":18},"frame":{"x":1095,"y":1009,"w":57,"h":18}},{"filename":"bg/level-played","rotated":false,"trimmed":false,"sourceSize":{"w":50,"h":41},"spriteSourceSize":{"x":0,"y":0,"w":50,"h":41},"frame":{"x":1110,"y":1030,"w":50,"h":41}},{"filename":"texts/lose","rotated":false,"trimmed":false,"sourceSize":{"w":54,"h":28},"spriteSourceSize":{"x":0,"y":0,"w":54,"h":28},"frame":{"x":1110,"y":1074,"w":54,"h":28}},{"filename":"icons/play-green","rotated":false,"trimmed":false,"sourceSize":{"w":24,"h":24},"spriteSourceSize":{"x":0,"y":0,"w":24,"h":24},"frame":{"x":1157,"y":900,"w":24,"h":24}},{"filename":"icons/play","rotated":false,"trimmed":false,"sourceSize":{"w":24,"h":24},"spriteSourceSize":{"x":0,"y":0,"w":24,"h":24},"frame":{"x":1157,"y":927,"w":24,"h":24}},{"filename":"icons/home","rotated":false,"trimmed":false,"sourceSize":{"w":24,"h":22},"spriteSourceSize":{"x":0,"y":0,"w":24,"h":22},"frame":{"x":1157,"y":954,"w":24,"h":22}},{"filename":"icons/battle","rotated":false,"trimmed":false,"sourceSize":{"w":22,"h":21},"spriteSourceSize":{"x":0,"y":0,"w":22,"h":21},"frame":{"x":1159,"y":979,"w":22,"h":21}},{"filename":"texts/continue","rotated":false,"trimmed":false,"sourceSize":{"w":38,"h":20},"spriteSourceSize":{"x":0,"y":0,"w":38,"h":20},"frame":{"x":1143,"y":612,"w":38,"h":20}},{"filename":"texts/start","rotated":false,"trimmed":false,"sourceSize":{"w":38,"h":20},"spriteSourceSize":{"x":0,"y":0,"w":38,"h":20},"frame":{"x":1143,"y":635,"w":38,"h":20}},{"filename":"texts/replay","rotated":false,"trimmed":false,"sourceSize":{"w":38,"h":19},"spriteSourceSize":{"x":0,"y":0,"w":38,"h":19},"frame":{"x":1143,"y":658,"w":38,"h":19}},{"filename":"texts/collect","rotated":false,"trimmed":false,"sourceSize":{"w":38,"h":18},"spriteSourceSize":{"x":0,"y":0,"w":38,"h":18},"frame":{"x":1143,"y":680,"w":38,"h":18}},{"filename":"texts/world-disable","rotated":false,"trimmed":false,"sourceSize":{"w":32,"h":17},"spriteSourceSize":{"x":0,"y":0,"w":32,"h":17},"frame":{"x":1143,"y":701,"w":32,"h":17}},{"filename":"texts/text-tutorial","rotated":false,"trimmed":false,"sourceSize":{"w":49,"h":25},"spriteSourceSize":{"x":0,"y":0,"w":49,"h":25},"frame":{"x":1056,"y":1094,"w":49,"h":25}},{"filename":"leaderboards/tab-on","rotated":false,"trimmed":false,"sourceSize":{"w":57,"h":18},"spriteSourceSize":{"x":0,"y":0,"w":57,"h":18},"frame":{"x":1108,"y":1105,"w":57,"h":18}},{"filename":"icons/crown-big","rotated":false,"trimmed":false,"sourceSize":{"w":37,"h":35},"spriteSourceSize":{"x":0,"y":0,"w":37,"h":35},"frame":{"x":745,"y":1100,"w":37,"h":35}},{"filename":"texts/world","rotated":false,"trimmed":false,"sourceSize":{"w":32,"h":17},"spriteSourceSize":{"x":0,"y":0,"w":32,"h":17},"frame":{"x":745,"y":1138,"w":32,"h":17}},{"filename":"texts/text-journey","rotated":false,"trimmed":false,"sourceSize":{"w":43,"h":23},"spriteSourceSize":{"x":0,"y":0,"w":43,"h":23},"frame":{"x":769,"y":1158,"w":43,"h":23}},{"filename":"texts/on","rotated":false,"trimmed":false,"sourceSize":{"w":16,"h":15},"spriteSourceSize":{"x":0,"y":0,"w":16,"h":15},"frame":{"x":584,"y":667,"w":16,"h":15}},{"filename":"texts/off","rotated":false,"trimmed":false,"sourceSize":{"w":13,"h":17},"spriteSourceSize":{"x":0,"y":0,"w":13,"h":17},"frame":{"x":1027,"y":700,"w":13,"h":17}},{"filename":"icons/crown","rotated":false,"trimmed":false,"sourceSize":{"w":16,"h":14},"spriteSourceSize":{"x":0,"y":0,"w":16,"h":14},"frame":{"x":766,"y":1083,"w":16,"h":14}},{"filename":"texts/win","rotated":false,"trimmed":false,"sourceSize":{"w":53,"h":28},"spriteSourceSize":{"x":0,"y":0,"w":53,"h":28},"frame":{"x":785,"y":1087,"w":53,"h":28}},{"filename":"texts/text-ranking","rotated":false,"trimmed":false,"sourceSize":{"w":53,"h":15},"spriteSourceSize":{"x":0,"y":0,"w":53,"h":15},"frame":{"x":785,"y":1118,"w":53,"h":15}},{"filename":"texts/text-retry","rotated":false,"trimmed":false,"sourceSize":{"w":36,"h":19},"spriteSourceSize":{"x":0,"y":0,"w":36,"h":19},"frame":{"x":785,"y":1136,"w":36,"h":19}},{"filename":"icons/retry","rotated":false,"trimmed":false,"sourceSize":{"w":25,"h":27},"spriteSourceSize":{"x":0,"y":0,"w":25,"h":27},"frame":{"x":841,"y":1087,"w":25,"h":27}},{"filename":"texts/mission","rotated":false,"trimmed":false,"sourceSize":{"w":47,"h":25},"spriteSourceSize":{"x":0,"y":0,"w":47,"h":25},"frame":{"x":869,"y":1090,"w":47,"h":25}},{"filename":"icons/back","rotated":false,"trimmed":false,"sourceSize":{"w":25,"h":19},"spriteSourceSize":{"x":0,"y":0,"w":25,"h":19},"frame":{"x":919,"y":1090,"w":25,"h":19}},{"filename":"texts/play-with-blue","rotated":false,"trimmed":false,"sourceSize":{"w":58,"h":9},"spriteSourceSize":{"x":0,"y":0,"w":58,"h":9},"frame":{"x":947,"y":1103,"w":58,"h":9}},{"filename":"ui-ngang/text-score","rotated":false,"trimmed":false,"sourceSize":{"w":42,"h":21},"spriteSourceSize":{"x":0,"y":0,"w":42,"h":21},"frame":{"x":1008,"y":1102,"w":42,"h":21}},{"filename":"icons/clock","rotated":false,"trimmed":false,"sourceSize":{"w":17,"h":18},"spriteSourceSize":{"x":0,"y":0,"w":17,"h":18},"frame":{"x":1164,"y":843,"w":17,"h":18}},{"filename":"icons/check","rotated":false,"trimmed":false,"sourceSize":{"w":22,"h":18},"spriteSourceSize":{"x":0,"y":0,"w":22,"h":18},"frame":{"x":1159,"y":1003,"w":22,"h":18}},{"filename":"icons/share","rotated":false,"trimmed":false,"sourceSize":{"w":18,"h":24},"spriteSourceSize":{"x":0,"y":0,"w":18,"h":24},"frame":{"x":1163,"y":1024,"w":18,"h":24}},{"filename":"icons/sword-blue","rotated":false,"trimmed":false,"sourceSize":{"w":18,"h":16},"spriteSourceSize":{"x":0,"y":0,"w":18,"h":16},"frame":{"x":1163,"y":1051,"w":18,"h":16}},{"filename":"icons/flat-ad","rotated":false,"trimmed":false,"sourceSize":{"w":24,"h":21},"spriteSourceSize":{"x":0,"y":0,"w":24,"h":21},"frame":{"x":841,"y":1117,"w":24,"h":21}},{"filename":"icons/icon-journey","rotated":false,"trimmed":false,"sourceSize":{"w":37,"h":31},"spriteSourceSize":{"x":0,"y":0,"w":37,"h":31},"frame":{"x":868,"y":1118,"w":37,"h":31}},{"filename":"icons/dot","rotated":false,"trimmed":false,"sourceSize":{"w":34,"h":35},"spriteSourceSize":{"x":0,"y":0,"w":34,"h":35},"frame":{"x":908,"y":1118,"w":34,"h":35}},{"filename":"icons/icon-daily","rotated":false,"trimmed":false,"sourceSize":{"w":34,"h":34},"spriteSourceSize":{"x":0,"y":0,"w":34,"h":34},"frame":{"x":945,"y":1115,"w":34,"h":34}},{"filename":"icons/brown-journey","rotated":false,"trimmed":false,"sourceSize":{"w":23,"h":21},"spriteSourceSize":{"x":0,"y":0,"w":23,"h":21},"frame":{"x":982,"y":1115,"w":23,"h":21}},{"filename":"texts/text-share","rotated":false,"trimmed":false,"sourceSize":{"w":33,"h":18},"spriteSourceSize":{"x":0,"y":0,"w":33,"h":18},"frame":{"x":1008,"y":1126,"w":33,"h":18}},{"filename":"icons/sword","rotated":false,"trimmed":false,"sourceSize":{"w":23,"h":19},"spriteSourceSize":{"x":0,"y":0,"w":23,"h":19},"frame":{"x":982,"y":1139,"w":23,"h":19}},{"filename":"texts/friends-disable","rotated":false,"trimmed":false,"sourceSize":{"w":32,"h":18},"spriteSourceSize":{"x":0,"y":0,"w":32,"h":18},"frame":{"x":1008,"y":1147,"w":32,"h":18}},{"filename":"icons/i-play","rotated":false,"trimmed":false,"sourceSize":{"w":16,"h":20},"spriteSourceSize":{"x":0,"y":0,"w":16,"h":20},"frame":{"x":815,"y":1161,"w":16,"h":20}},{"filename":"icons/rank","rotated":false,"trimmed":false,"sourceSize":{"w":26,"h":25},"spriteSourceSize":{"x":0,"y":0,"w":26,"h":25},"frame":{"x":834,"y":1156,"w":26,"h":25}},{"filename":"buttons/circle-button","rotated":false,"trimmed":false,"sourceSize":{"w":28,"h":28},"spriteSourceSize":{"x":0,"y":0,"w":28,"h":28},"frame":{"x":863,"y":1152,"w":28,"h":28}},{"filename":"texts/friends","rotated":false,"trimmed":false,"sourceSize":{"w":32,"h":18},"spriteSourceSize":{"x":0,"y":0,"w":32,"h":18},"frame":{"x":894,"y":1156,"w":32,"h":18}},{"filename":"icons/replay","rotated":false,"trimmed":false,"sourceSize":{"w":20,"h":24},"spriteSourceSize":{"x":0,"y":0,"w":20,"h":24},"frame":{"x":929,"y":1156,"w":20,"h":24}},{"filename":"icons/plus","rotated":false,"trimmed":false,"sourceSize":{"w":21,"h":22},"spriteSourceSize":{"x":0,"y":0,"w":21,"h":22},"frame":{"x":952,"y":1152,"w":21,"h":22}},{"filename":"icons/cup-bronze","rotated":false,"trimmed":false,"sourceSize":{"w":22,"h":18},"spriteSourceSize":{"x":0,"y":0,"w":22,"h":18},"frame":{"x":976,"y":1161,"w":22,"h":18}},{"filename":"icons/music","rotated":false,"trimmed":false,"sourceSize":{"w":28,"h":31},"spriteSourceSize":{"x":0,"y":0,"w":28,"h":31},"frame":{"x":1053,"y":1122,"w":28,"h":31}},{"filename":"icons/setting","rotated":false,"trimmed":false,"sourceSize":{"w":21,"h":21},"spriteSourceSize":{"x":0,"y":0,"w":21,"h":21},"frame":{"x":1084,"y":1122,"w":21,"h":21}},{"filename":"buttons/dot-blue","rotated":false,"trimmed":false,"sourceSize":{"w":28,"h":27},"spriteSourceSize":{"x":0,"y":0,"w":28,"h":27},"frame":{"x":1108,"y":1126,"w":28,"h":27}},{"filename":"buttons/dot-green","rotated":false,"trimmed":false,"sourceSize":{"w":28,"h":27},"spriteSourceSize":{"x":0,"y":0,"w":28,"h":27},"frame":{"x":1139,"y":1126,"w":28,"h":27}},{"filename":"icons/share-blue","rotated":false,"trimmed":false,"sourceSize":{"w":16,"h":22},"spriteSourceSize":{"x":0,"y":0,"w":16,"h":22},"frame":{"x":1084,"y":1146,"w":16,"h":22}},{"filename":"icons/cup-gold","rotated":false,"trimmed":false,"sourceSize":{"w":22,"h":18},"spriteSourceSize":{"x":0,"y":0,"w":22,"h":18},"frame":{"x":1103,"y":1156,"w":22,"h":18}},{"filename":"icons/cup-silver","rotated":false,"trimmed":false,"sourceSize":{"w":22,"h":18},"spriteSourceSize":{"x":0,"y":0,"w":22,"h":18},"frame":{"x":1128,"y":1156,"w":22,"h":18}}]}],"meta":{"app":"https://www.codeandweb.com/texturepacker","version":"3.0","smartupdate":"$TexturePacker:SmartUpdate:02ff7bffdff34e9530e133c56f8c2d84:b38d811673fd030864bc556fe90ebc51:3e7944c06d121c41a747bba57afe2e59$"}}