[1,["8fQIH+p45PMIkLNAM8Hpwb@6c48a"],["_textureSource"],["cc.SpriteFrame"],0,[{"name":"bg_6","rect":{"x":0,"y":0,"width":2732,"height":1583},"offset":{"x":0,"y":0},"originalSize":{"width":2732,"height":1583},"rotated":false,"capInsets":[0,0,0,0],"vertices":{"rawPosition":[-1366,-791.5,0,1366,-791.5,0,-1366,791.5,0,1366,791.5,0],"indexes":[0,1,2,2,1,3],"uv":[0,1583,2732,1583,0,0,2732,0],"nuv":[0,0,1,0,0,1,1,1],"minPos":{"x":-1366,"y":-791.5,"z":0},"maxPos":{"x":1366,"y":791.5,"z":0}},"packable":true,"pixelsToUnit":100,"pivot":{"x":0.5,"y":0.5},"meshType":0}],[0],0,[0],[0],[0]]
