[1,["5fIGMFhChGCYkWHkshXKWz@6c48a"],["_textureSource"],["cc.SpriteFrame"],0,[{"name":"12","rect":{"x":0,"y":0,"width":445,"height":406},"offset":{"x":0,"y":0},"originalSize":{"width":445,"height":406},"rotated":false,"capInsets":[0,0,0,0],"vertices":{"rawPosition":[-222.5,-203,0,222.5,-203,0,-222.5,203,0,222.5,203,0],"indexes":[0,1,2,2,1,3],"uv":[0,406,445,406,0,0,445,0],"nuv":[0,0,1,0,0,1,1,1],"minPos":{"x":-222.5,"y":-203,"z":0},"maxPos":{"x":222.5,"y":203,"z":0}},"packable":true,"pixelsToUnit":100,"pivot":{"x":0.5,"y":0.5},"meshType":0}],[0],0,[0],[0],[0]]
