[1,["5fiC5IqPtKuZ4y1rct+t0V@6c48a"],["_textureSource"],["cc.SpriteFrame"],0,[{"name":"footer-landscape","rect":{"x":0,"y":0,"width":1352,"height":463},"offset":{"x":0,"y":31.5},"originalSize":{"width":1352,"height":526},"rotated":false,"capInsets":[0,0,0,0],"vertices":{"rawPosition":[-676,-231.5,0,676,-231.5,0,-676,231.5,0,676,231.5,0],"indexes":[0,1,2,2,1,3],"uv":[0,526,1352,526,0,63,1352,63],"nuv":[0,0.11977186311787072,1,0.11977186311787072,0,1,1,1],"minPos":{"x":-676,"y":-231.5,"z":0},"maxPos":{"x":676,"y":231.5,"z":0}},"packable":true,"pixelsToUnit":100,"pivot":{"x":0.5,"y":0.5},"meshType":0}],[0],0,[0],[0],[0]]
