{"compressionlevel":1,"height":30,"infinite":false,"layers":[{"draworder":"topdown","id":34,"name":"watcher","objects":[{"gid":159,"height":164,"id":180,"name":"boy","rotation":0,"type":"watcher","visible":true,"width":260,"x":-6,"y":262}],"opacity":1,"type":"objectgroup","visible":false,"x":0,"y":0},{"id":26,"layers":[{"draworder":"topdown","id":17,"name":"decor-obj","objects":[{"gid":89,"height":160,"id":119,"name":"handkerchief-1","rotation":0,"type":"handkerchief-1","visible":true,"width":347,"x":-337,"y":541},{"gid":90,"height":160,"id":120,"name":"handkerchief-2","rotation":0,"type":"handkerchief-2","visible":false,"width":345,"x":-337,"y":541},{"gid":91,"height":160,"id":121,"name":"handkerchief-3","rotation":0,"type":"handkerchief-3","visible":false,"width":346,"x":-337,"y":541},{"gid":92,"height":160,"id":122,"name":"handkerchief-4","rotation":0,"type":"handkerchief-4","visible":false,"width":344,"x":-337,"y":541},{"gid":93,"height":160,"id":123,"name":"handkerchief-5","rotation":0,"type":"handkerchief-5","visible":false,"width":344,"x":-337,"y":541},{"gid":94,"height":160,"id":124,"name":"handkerchief-6","rotation":0,"type":"handkerchief-6","visible":false,"width":344,"x":-337,"y":541}],"opacity":1,"type":"objectgroup","visible":false,"x":0,"y":0},{"draworder":"topdown","id":18,"name":"decor-obj-behind","objects":[{"gid":108,"height":48,"id":264,"name":"knife","rotation":0,"type":"knife","visible":true,"width":47,"x":895,"y":356},{"gid":106,"height":43,"id":265,"name":"fork-2","rotation":0,"type":"fork-2","visible":true,"width":74,"x":704,"y":353},{"gid":105,"height":43,"id":266,"name":"fork","rotation":0,"type":"fork","visible":true,"width":76,"x":336,"y":354},{"gid":112,"height":41,"id":267,"name":"wood-spoon","rotation":0,"type":"wood-spoon","visible":true,"width":71,"x":525,"y":366},{"gid":111,"height":41,"id":268,"name":"spoon","rotation":0,"type":"spoon","visible":true,"width":71,"x":170,"y":355}],"opacity":1,"type":"objectgroup","visible":true,"x":0,"y":0},{"draworder":"topdown","id":19,"name":"goal-obj","objects":[],"opacity":1,"type":"objectgroup","visible":true,"x":0,"y":0},{"draworder":"topdown","id":15,"name":"static-obj","objects":[],"opacity":1,"type":"objectgroup","visible":true,"x":0,"y":0},{"draworder":"topdown","id":22,"name":"moving-obj","objects":[{"gid":140,"height":140,"id":469,"name":"tank","properties":[{"name":"blockHeight","type":"int","value":70},{"name":"direction","type":"string","value":"right"},{"name":"movingLimit","type":"int","value":174},{"name":"speed","type":"int","value":47}],"rotation":0,"type":"tank","visible":true,"width":186,"x":624,"y":459}],"opacity":1,"type":"objectgroup","visible":true,"x":0,"y":0},{"draworder":"topdown","id":21,"name":"movement-modifier-obj","objects":[{"gid":137,"height":45,"id":468,"name":"liquid-4","properties":[{"name":"slippingFriction","type":"float","value":0.4},{"name":"slippingSpeed","type":"int","value":150}],"rotation":0,"type":"liquid-4","visible":true,"width":314,"x":666,"y":480}],"opacity":1,"type":"objectgroup","visible":true,"x":0,"y":0},{"draworder":"topdown","id":20,"name":"interactable-obj","objects":[{"gid":115,"height":32,"id":107,"name":"blue-button-down","rotation":0,"type":"blue-button-down","visible":false,"width":59,"x":972,"y":481},{"gid":119,"height":33,"id":109,"name":"red-button-down","rotation":0,"type":"red-button-down","visible":false,"width":59,"x":847,"y":481},{"gid":118,"height":59,"id":111,"name":"joystick-down","rotation":0,"type":"joystick-down","visible":false,"width":61,"x":685,"y":476}],"opacity":1,"type":"objectgroup","visible":true,"x":0,"y":0},{"draworder":"topdown","id":16,"name":"collect-obj","objects":[{"gid":85,"height":31,"id":457,"name":"coin","properties":[{"name":"isMoving","type":"bool","value":true},{"name":"value","type":"int","value":1}],"rotation":0,"type":"coin","visible":true,"width":31,"x":157.7,"y":450},{"gid":85,"height":31,"id":458,"name":"coin","properties":[{"name":"isMoving","type":"bool","value":true},{"name":"value","type":"int","value":1}],"rotation":0,"type":"coin","visible":true,"width":31,"x":191.7,"y":450},{"gid":85,"height":31,"id":459,"name":"coin","properties":[{"name":"isMoving","type":"bool","value":true},{"name":"value","type":"int","value":1}],"rotation":0,"type":"coin","visible":true,"width":31,"x":226.7,"y":450},{"gid":85,"height":31,"id":466,"name":"coin","properties":[{"name":"isMoving","type":"bool","value":true},{"name":"value","type":"int","value":1}],"rotation":0,"type":"coin","visible":true,"width":31,"x":261.7,"y":450},{"gid":85,"height":31,"id":467,"name":"coin","properties":[{"name":"isMoving","type":"bool","value":true},{"name":"value","type":"int","value":1}],"rotation":0,"type":"coin","visible":true,"width":31,"x":296.7,"y":450}],"opacity":1,"type":"objectgroup","visible":true,"x":0,"y":0}],"name":"objects","opacity":1,"type":"group","visible":true,"x":0,"y":0},{"draworder":"topdown","id":33,"name":"player","objects":[{"gid":160,"height":76,"id":471,"name":"mouse","rotation":0,"type":"player","visible":true,"width":63,"x":-6,"y":471}],"opacity":1,"type":"objectgroup","visible":false,"x":0,"y":0},{"draworder":"topdown","id":40,"name":"symbol","objects":[{"gid":179,"height":164,"id":473,"name":"rise","properties":[{"name":"duration","type":"float","value":2.1},{"name":"height","type":"int","value":100}],"rotation":0,"type":"rise","visible":true,"width":260,"x":24,"y":471},{"gid":180,"height":164,"id":474,"name":"stare-trigger","properties":[{"name":"beamDuration","type":"float","value":1},{"name":"beamHoldDuration","type":"float","value":3},{"name":"confuseDuration","type":"float","value":1},{"name":"fallDuration","type":"float","value":0.6},{"name":"winkDuration","type":"float","value":1}],"rotation":0,"type":"stare-trigger","visible":true,"width":260,"x":524,"y":471}],"opacity":1,"type":"objectgroup","visible":true,"x":0,"y":0}],"nextlayerid":44,"nextobjectid":475,"orientation":"orthogonal","renderorder":"right-down","tiledversion":"1.7.1","tileheight":29,"tilesets":[{"columns":0,"firstgid":1,"grid":{"height":1,"orientation":"orthogonal","width":1},"margin":0,"name":"static-obj","spacing":0,"tilecount":49,"tileheight":301,"tiles":[{"id":32,"image":"../../levels/assets/static-obj/apple.png","type":"apple"},{"id":33,"image":"../../levels/assets/static-obj/ball.png","type":"ball"},{"id":34,"image":"../../levels/assets/static-obj/banana.png","type":"banana"},{"id":35,"image":"../../levels/assets/static-obj/books.png","type":"books"},{"id":36,"image":"../../levels/assets/static-obj/cactus.png","type":"cactus"},{"id":37,"image":"../../levels/assets/static-obj/candy-bottle.png","type":"candy-bottle"},{"id":38,"image":"../../levels/assets/static-obj/clock.png","type":"clock"},{"id":39,"image":"../../levels/assets/static-obj/coca.png","type":"coca"},{"id":40,"image":"../../levels/assets/static-obj/cupcake.png","type":"cupcake"},{"id":41,"image":"../../levels/assets/static-obj/chest.png","type":"chest"},{"id":42,"image":"../../levels/assets/static-obj/chest-2.png","type":"chest-2"},{"id":43,"image":"../../levels/assets/static-obj/eraser.png","type":"eraser"},{"id":44,"image":"../../levels/assets/static-obj/fries.png","type":"fries"},{"id":45,"image":"../../levels/assets/static-obj/gavel-bottle.png","type":"gavel-bottle"},{"id":46,"image":"../../levels/assets/static-obj/gummy-candy.png","type":"gummy-candy"},{"id":47,"image":"../../levels/assets/static-obj/hamburger.png","type":"hamburger"},{"id":48,"image":"../../levels/assets/static-obj/hotdog.png","type":"hotdog"},{"id":49,"image":"../../levels/assets/static-obj/milk-bottle.png","type":"milk-bottle"},{"id":50,"image":"../../levels/assets/static-obj/milk-glass.png","type":"milk-glass"},{"id":51,"image":"../../levels/assets/static-obj/milk-tea.png","type":"milk-tea"},{"id":52,"image":"../../levels/assets/static-obj/milk-tea-2.png","type":"milk-tea-2"},{"id":53,"image":"../../levels/assets/static-obj/orange.png","type":"orange"},{"id":54,"image":"../../levels/assets/static-obj/orange-juice.png","type":"orange-juice"},{"id":55,"image":"../../levels/assets/static-obj/pencil.png","type":"pencil"},{"id":56,"image":"../../levels/assets/static-obj/sandwiches.png","type":"sandwiches"},{"id":57,"image":"../../levels/assets/static-obj/soft-drink-1.png","type":"soft-drink-1"},{"id":58,"image":"../../levels/assets/static-obj/sugar-bottle.png","type":"sugar-bottle"},{"id":59,"image":"../../levels/assets/static-obj/toaster.png","type":"toaster"},{"id":60,"image":"../../levels/assets/static-obj/toy.png","type":"toy"},{"id":61,"image":"../../levels/assets/static-obj/watermelon-1.png","type":"watermelon-1"},{"id":62,"image":"../../levels/assets/static-obj/watermelon-2.png","type":"watermelon-2"},{"id":63,"image":"../../levels/assets/static-obj/candy-star.png","type":"candy-star"},{"id":64,"image":"../../levels/assets/static-obj/candy-umbrella.png","type":"candy-umbrella"},{"id":65,"image":"../../levels/assets/static-obj/cat-mask.png","type":"cat-mask"},{"id":66,"image":"../../levels/assets/static-obj/desk-phone.png","type":"desk-phone"},{"id":67,"image":"../../levels/assets/static-obj/dying-tree.png","type":"dying-tree"},{"id":68,"image":"../../levels/assets/static-obj/eclock.png","type":"eclock"},{"id":69,"image":"../../levels/assets/static-obj/gift-box.png","type":"gift-box"},{"id":70,"image":"../../levels/assets/static-obj/marble-ball.png","type":"marble-ball"},{"id":71,"image":"../../levels/assets/static-obj/marble-ball-group.png","type":"marble-ball-group"},{"id":72,"image":"../../levels/assets/static-obj/origami-bird.png","type":"origami-bird"},{"id":73,"image":"../../levels/assets/static-obj/origami-rabbit.png","type":"origami-rabbit"},{"id":74,"image":"../../levels/assets/static-obj/piggy-bank.png","type":"piggy-bank"},{"id":75,"image":"../../levels/assets/static-obj/square-origami.png","type":"square-origami"},{"id":76,"image":"../../levels/assets/static-obj/teddy-bear.png","type":"teddy-bear"},{"id":77,"image":"../../levels/assets/static-obj/zippo.png","type":"zippo"},{"id":78,"image":"../../../Downloads/x2_2/x2/gameplay/static-obj/balloon.png","type":"balloon"},{"id":79,"image":"../../../Downloads/x2_2/x2/gameplay/static-obj/crab.png","type":"crab"},{"id":80,"image":"../../../Downloads/x2_2/x2/gameplay/static-obj/spaceship.png","type":"spaceship"}],"tilewidth":334},{"columns":0,"firstgid":82,"grid":{"height":1,"orientation":"orthogonal","width":1},"margin":0,"name":"collect-obj","spacing":0,"tilecount":4,"tileheight":82,"tiles":[{"id":0,"image":"../../levels/assets/collect-obj/gift-circle.png","properties":[{"name":"value","type":"int","value":10}],"type":"gift-circle"},{"id":1,"image":"../../levels/assets/collect-obj/gift-heart.png","properties":[{"name":"value","type":"int","value":10}],"type":"gift-heart"},{"id":2,"image":"../../levels/assets/collect-obj/gift-square.png","properties":[{"name":"value","type":"int","value":10}],"type":"gift-square"},{"id":3,"image":"../../levels/assets/collect-obj/coin.png","properties":[{"name":"value","type":"int","value":1}],"type":"coin"}],"tilewidth":82},{"columns":0,"firstgid":86,"grid":{"height":1,"orientation":"orthogonal","width":1},"margin":0,"name":"decor-obj","spacing":0,"tilecount":6,"tileheight":320,"tiles":[{"id":3,"image":"../../levels/assets/decor-obj/handkerchief-1.png","type":"handkerchief-1"},{"id":4,"image":"../../levels/assets/decor-obj/handkerchief-2.png","type":"handkerchief-2"},{"id":5,"image":"../../levels/assets/decor-obj/handkerchief-3.png","type":"handkerchief-3"},{"id":6,"image":"../../levels/assets/decor-obj/handkerchief-4.png","type":"handkerchief-4"},{"id":7,"image":"../../levels/assets/decor-obj/handkerchief-5.png","type":"handkerchief-5"},{"id":8,"image":"../../levels/assets/decor-obj/handkerchief-6.png","type":"handkerchief-6"}],"tilewidth":693},{"columns":0,"firstgid":95,"grid":{"height":1,"orientation":"orthogonal","width":1},"margin":0,"name":"decor-obj-behind","spacing":0,"tilecount":18,"tileheight":142,"tiles":[{"id":0,"image":"../../levels/assets/decor-obj-behind/book-1.png","type":"book-1"},{"id":1,"image":"../../levels/assets/decor-obj-behind/book-2.png","type":"book-2"},{"id":2,"image":"../../levels/assets/decor-obj-behind/book-3.png","type":"book-3"},{"id":3,"image":"../../levels/assets/decor-obj-behind/book-4.png","type":"book-4"},{"id":4,"image":"../../levels/assets/decor-obj-behind/book-5.png","type":"book-5"},{"id":5,"image":"../../levels/assets/decor-obj-behind/cookies-1.png","type":"cookies-1"},{"id":6,"image":"../../levels/assets/decor-obj-behind/cookies-2.png","type":"cookies-2"},{"id":7,"image":"../../levels/assets/decor-obj-behind/crayon-blue.png","type":"crayon-blue"},{"id":8,"image":"../../levels/assets/decor-obj-behind/crayon-green.png","type":"crayon-green"},{"id":9,"image":"../../levels/assets/decor-obj-behind/crayon-pink-yellow.png","type":"crayon-pink-yellow"},{"id":10,"image":"../../levels/assets/decor-obj-behind/fork.png","type":"fork"},{"id":11,"image":"../../levels/assets/decor-obj-behind/fork-2.png","type":"fork-2"},{"id":12,"image":"../../levels/assets/decor-obj-behind/glove.png","type":"glove"},{"id":13,"image":"../../levels/assets/decor-obj-behind/knife.png","type":"knife"},{"id":14,"image":"../../levels/assets/decor-obj-behind/rolling-pin.png","type":"rolling-pin"},{"id":15,"image":"../../levels/assets/decor-obj-behind/sandwich.png","type":"sandwich"},{"id":16,"image":"../../levels/assets/decor-obj-behind/spoon.png","type":"spoon"},{"id":17,"image":"../../levels/assets/decor-obj-behind/wood-spoon.png","type":"wood-spoon"}],"tilewidth":342},{"columns":0,"firstgid":113,"grid":{"height":1,"orientation":"orthogonal","width":1},"margin":0,"name":"goal-obj","spacing":0,"tilecount":2,"tileheight":192,"tiles":[{"id":0,"image":"../../levels/assets/goal-obj/cheese-1.png","type":"cheese-1"},{"id":1,"image":"../../levels/assets/goal-obj/cheese-2.png","type":"cheese-2"}],"tilewidth":307},{"columns":0,"firstgid":115,"grid":{"height":1,"orientation":"orthogonal","width":1},"margin":0,"name":"interactable-obj","spacing":0,"tilecount":6,"tileheight":134,"tiles":[{"id":0,"image":"../../levels/assets/interactable-obj/blue-button-down.png","properties":[{"name":"triggerID","type":"int","value":0}],"type":"blue-button-down"},{"id":1,"image":"../../levels/assets/interactable-obj/blue-button-up.png","properties":[{"name":"triggerID","type":"int","value":0}],"type":"blue-button-up"},{"id":2,"image":"../../levels/assets/interactable-obj/joystick.png","properties":[{"name":"triggerID","type":"int","value":0}],"type":"joystick"},{"id":3,"image":"../../levels/assets/interactable-obj/joystick-down.png","properties":[{"name":"triggerID","type":"int","value":0}],"type":"joystick-down"},{"id":4,"image":"../../levels/assets/interactable-obj/red-button-down.png","properties":[{"name":"triggerID","type":"int","value":0}],"type":"red-button-down"},{"id":5,"image":"../../levels/assets/interactable-obj/red-button-up.png","properties":[{"name":"triggerID","type":"int","value":0}],"type":"red-button-up"}],"tilewidth":121},{"columns":0,"firstgid":121,"grid":{"height":1,"orientation":"orthogonal","width":1},"margin":0,"name":"movement-modifier-obj","spacing":0,"tilecount":8,"tileheight":55,"tiles":[{"id":0,"image":"../../levels/assets/movement-modifier-obj/boxing.png","properties":[{"name":"direction","type":"string","value":"right"},{"name":"speed","type":"int","value":346}],"type":"boxing"},{"id":1,"image":"../../levels/assets/movement-modifier-obj/conveyor.png","properties":[{"name":"direction","type":"string","value":"left"},{"name":"speed","type":"int","value":51}],"type":"conveyor"},{"id":2,"image":"../../levels/assets/movement-modifier-obj/liquid.png","properties":[{"name":"slippingFriction","type":"float","value":0.4},{"name":"slippingSpeed","type":"int","value":150}],"type":"liquid"},{"id":13,"image":"../../levels/assets/movement-modifier-obj/liquid-1.png","properties":[{"name":"slippingFriction","type":"float","value":0.4},{"name":"slippingSpeed","type":"int","value":150}],"type":"liquid-1"},{"id":14,"image":"../../levels/assets/movement-modifier-obj/liquid-2.png","properties":[{"name":"slippingFriction","type":"float","value":0.4},{"name":"slippingSpeed","type":"int","value":150}],"type":"liquid-2"},{"id":15,"image":"../../levels/assets/movement-modifier-obj/liquid-3.png","properties":[{"name":"slippingFriction","type":"float","value":0.4},{"name":"slippingSpeed","type":"int","value":150}],"type":"liquid-3"},{"id":16,"image":"../../levels/assets/movement-modifier-obj/liquid-4.png","properties":[{"name":"slippingFriction","type":"float","value":0.4},{"name":"slippingSpeed","type":"int","value":150}],"type":"liquid-4"},{"id":17,"image":"../../levels/assets/movement-modifier-obj/liquid-5.png","properties":[{"name":"slippingFriction","type":"float","value":0.4},{"name":"slippingSpeed","type":"int","value":150}],"type":"liquid-5"}],"tilewidth":395},{"columns":0,"firstgid":139,"grid":{"height":1,"orientation":"orthogonal","width":1},"margin":0,"name":"moving-obj","spacing":0,"tilecount":2,"tileheight":424,"tiles":[{"id":0,"image":"../../levels/assets/moving-obj/icecream-truck.png","properties":[{"name":"blockHeight","type":"int","value":70},{"name":"direction","type":"string","value":"left"},{"name":"movingLimit","type":"int","value":700},{"name":"speed","type":"int","value":28}],"type":"icecream-truck"},{"id":1,"image":"../../levels/assets/moving-obj/tank.png","properties":[{"name":"blockHeight","type":"int","value":70},{"name":"direction","type":"string","value":"right"},{"name":"movingLimit","type":"int","value":700},{"name":"speed","type":"int","value":47}],"type":"tank"}],"tilewidth":564},{"columns":0,"firstgid":141,"grid":{"height":1,"orientation":"orthogonal","width":1},"margin":0,"name":"seethrough-obj","spacing":0,"tilecount":8,"tileheight":165,"tiles":[{"id":0,"image":"../../levels/assets/seethrough-obj/crystall-ball.png","type":"crystall-ball"},{"id":1,"image":"../../levels/assets/seethrough-obj/empty-bottle-1.png","type":"empty-bottle-1"},{"id":2,"image":"../../levels/assets/seethrough-obj/empty-bottle-2.png","type":"empty-bottle-2"},{"id":3,"image":"../../levels/assets/seethrough-obj/glass.png","type":"glass"},{"id":4,"image":"../../levels/assets/seethrough-obj/glasses.png","type":"glasses"},{"id":5,"image":"../../levels/assets/seethrough-obj/king.png","type":"king"},{"id":6,"image":"../../levels/assets/seethrough-obj/knight.png","type":"knight"},{"id":7,"image":"../../levels/assets/seethrough-obj/queen.png","type":"queen"}],"tilewidth":138},{"columns":0,"firstgid":149,"grid":{"height":1,"orientation":"orthogonal","width":1},"margin":0,"name":"speed-modifier-obj","spacing":0,"tilecount":6,"tileheight":55,"tiles":[{"id":0,"image":"../../levels/assets/speed-modifier-obj/chocolate.png","properties":[{"name":"speedBonusPercent","type":"float","value":0.5},{"name":"speedDuration","type":"float","value":1}],"type":"chocolate-1"},{"id":2,"image":"../../levels/assets/speed-modifier-obj/chocolate-2.png","type":"chocolate-2"},{"id":3,"image":"../../levels/assets/speed-modifier-obj/chocolate-3.png","type":"chocolate-3"},{"id":4,"image":"../../levels/assets/speed-modifier-obj/chocolate-4.png","type":"chocolate-4"},{"id":5,"image":"../../levels/assets/speed-modifier-obj/chocolate-5.png","type":"chocolate-5"},{"id":6,"image":"../../levels/assets/speed-modifier-obj/skateboard.png","properties":[{"name":"speedBonusPercent","type":"float","value":2},{"name":"speedDuration","type":"float","value":1.2}],"type":"skateboard"}],"tilewidth":409},{"columns":0,"firstgid":156,"grid":{"height":1,"orientation":"orthogonal","width":1},"margin":0,"name":"trap-obj","spacing":0,"tilecount":3,"tileheight":445,"tiles":[{"id":0,"image":"../../levels/assets/trap-obj/balloon.png","type":"balloon"},{"id":1,"image":"../../levels/assets/trap-obj/crab.png","type":"crab"},{"id":2,"image":"../../levels/assets/trap-obj/spaceship.png","type":"spaceship"}],"tilewidth":365},{"columns":0,"firstgid":159,"grid":{"height":1,"orientation":"orthogonal","width":1},"margin":0,"name":"players","spacing":0,"tilecount":2,"tileheight":328,"tiles":[{"id":0,"image":"../../levels/assets/players/boy.png","type":"watcher"},{"id":1,"image":"../../levels/assets/players/mouse.png","type":"player"}],"tilewidth":520},{"columns":4,"firstgid":161,"image":"../../levels/assets/tileset/tileset.png","imageheight":116,"imagewidth":116,"margin":0,"name":"tileset","spacing":0,"tilecount":0,"tileheight":29,"tilewidth":29},{"columns":0,"firstgid":161,"grid":{"height":1,"orientation":"orthogonal","width":1},"margin":0,"name":"symbol","spacing":0,"tilecount":5,"tileheight":100,"tiles":[{"id":0,"image":"../../levels/assets/symbol/eye.svg","properties":[{"name":"duration","type":"float","value":2},{"name":"watch-trigger-type","type":"string","value":"straight"}],"type":"watch-trigger"},{"id":1,"image":"../../levels/assets/symbol/start.svg","type":"start-point"},{"id":2,"image":"../../levels/assets/symbol/stand.svg","properties":[{"name":"duration","type":"float","value":2},{"name":"height-cap","type":"float","value":100}],"type":"stand-trigger"},{"id":3,"image":"../../levels/assets/symbol/monkey.png","properties":[{"name":"duration","type":"float","value":5}],"type":"monkey-trigger"},{"id":8,"image":"../../levels/assets/symbol/eye_end.png","type":"end-watch-trigger"}],"tilewidth":100},{"columns":0,"firstgid":170,"grid":{"height":1,"orientation":"orthogonal","width":1},"margin":0,"name":"symbol","spacing":0,"tilecount":10,"tileheight":164,"tiles":[{"id":0,"image":"../../levels/assets/symbol/eye.svg","properties":[{"name":"duration","type":"float","value":2}],"type":"watch-trigger"},{"id":1,"image":"../../levels/assets/symbol/start.svg","type":"start-point"},{"id":2,"image":"../../levels/assets/symbol/stand.svg","properties":[{"name":"duration","type":"float","value":2},{"name":"height-cap","type":"float","value":100}],"type":"stand-trigger"},{"id":3,"image":"../../levels/assets/symbol/monkey.png","properties":[{"name":"duration","type":"float","value":5}],"type":"monkey-trigger"},{"id":8,"image":"../../levels/assets/symbol/eye_end.png","type":"end-watch-trigger"},{"id":9,"image":"../../levels/assets/symbol/rise.png","properties":[{"name":"duration","type":"float","value":0},{"name":"height","type":"int","value":0}],"type":"rise"},{"id":10,"image":"../../levels/assets/symbol/stare-trigger.png","properties":[{"name":"beamDuration","type":"float","value":0},{"name":"beamHoldDuration","type":"float","value":0},{"name":"confuseDuration","type":"float","value":0},{"name":"fallDuration","type":"float","value":0},{"name":"winkDuration","type":"float","value":0}],"type":"stare-trigger"},{"id":11,"image":"../../levels/assets/symbol/watch-trigger.png","properties":[{"name":"beamDuration","type":"float","value":0},{"name":"beamHoldDuration","type":"float","value":0},{"name":"confuseDuration","type":"float","value":0},{"name":"fallDuration","type":"float","value":0},{"name":"winkDuration","type":"float","value":0}],"type":"watch-trigger"},{"id":12,"image":"../../levels/assets/symbol/end-trigger.png","type":"end-trigger"},{"id":13,"image":"../../levels/assets/symbol/fall.png","properties":[{"name":"duration","type":"float","value":0},{"name":"height","type":"int","value":0}],"type":"fall"}],"tilewidth":260}],"tilewidth":29,"type":"map","version":"1.6","width":37}