{"compressionlevel":-1,"height":96,"infinite":false,"layers":[{"id":2,"image":"../background/4ab0af106332567.5f91416c61956.jpg","name":"background","opacity":1,"type":"imagelayer","visible":true,"x":0,"y":0},{"draworder":"index","id":3,"name":"game-board","objects":[{"gid":146,"height":231,"id":14,"name":"","properties":[{"name":"addon","type":"string","value":"chain"},{"name":"addonValue","type":"int","value":5},{"name":"faceUp","type":"bool","value":false},{"name":"suit","type":"int","value":-1},{"name":"type","type":"string","value":"value"},{"name":"value","type":"int","value":-1}],"rotation":332.019490408201,"type":"","visible":true,"width":162,"x":200,"y":541},{"gid":146,"height":231,"id":66,"name":"","properties":[{"name":"addon","type":"string","value":"chain"},{"name":"addonValue","type":"int","value":4},{"name":"faceUp","type":"bool","value":false},{"name":"suit","type":"int","value":-1},{"name":"type","type":"string","value":"value"},{"name":"value","type":"int","value":-1}],"rotation":335.00962679176,"type":"","visible":true,"width":162,"x":330,"y":535},{"gid":146,"height":231,"id":67,"name":"","properties":[{"name":"addon","type":"string","value":"chain"},{"name":"addonValue","type":"int","value":3},{"name":"faceUp","type":"bool","value":false},{"name":"suit","type":"int","value":-1},{"name":"type","type":"string","value":"value"},{"name":"value","type":"int","value":-1}],"rotation":340.440858054836,"type":"","visible":true,"width":162,"x":170,"y":810},{"gid":146,"height":231,"id":68,"name":"","properties":[{"name":"addon","type":"string","value":"chain"},{"name":"addonValue","type":"int","value":2},{"name":"faceUp","type":"bool","value":false},{"name":"suit","type":"int","value":-1},{"name":"type","type":"string","value":"value"},{"name":"value","type":"int","value":-1}],"rotation":345.527269728597,"type":"","visible":true,"width":162,"x":300,"y":810},{"gid":146,"height":231,"id":69,"name":"","properties":[{"name":"addon","type":"string","value":"chain"},{"name":"addonValue","type":"int","value":1},{"name":"faceUp","type":"bool","value":false},{"name":"suit","type":"int","value":-1},{"name":"type","type":"string","value":"value"},{"name":"value","type":"int","value":-1}],"rotation":353.046695260383,"type":"","visible":true,"width":162,"x":425,"y":820},{"gid":2147483794,"height":231,"id":70,"name":"","properties":[{"name":"addon","type":"string","value":"chain"},{"name":"addonValue","type":"int","value":5},{"name":"faceUp","type":"bool","value":false},{"name":"suit","type":"int","value":-1},{"name":"type","type":"string","value":"value"},{"name":"value","type":"int","value":-1}],"rotation":-332.019,"type":"","visible":true,"width":162,"x":880,"y":541},{"gid":2147483794,"height":231,"id":71,"name":"","properties":[{"name":"addon","type":"string","value":"chain"},{"name":"addonValue","type":"int","value":4},{"name":"faceUp","type":"bool","value":false},{"name":"suit","type":"int","value":-1},{"name":"type","type":"string","value":"value"},{"name":"value","type":"int","value":-1}],"rotation":-335.01,"type":"","visible":true,"width":162,"x":750,"y":535},{"gid":2147483794,"height":231,"id":72,"name":"","properties":[{"name":"addon","type":"string","value":"chain"},{"name":"addonValue","type":"int","value":3},{"name":"faceUp","type":"bool","value":false},{"name":"suit","type":"int","value":-1},{"name":"type","type":"string","value":"value"},{"name":"value","type":"int","value":-1}],"rotation":-340.441,"type":"","visible":true,"width":162,"x":905,"y":810},{"gid":2147483794,"height":231,"id":73,"name":"","properties":[{"name":"addon","type":"string","value":"chain"},{"name":"addonValue","type":"int","value":2},{"name":"faceUp","type":"bool","value":false},{"name":"suit","type":"int","value":-1},{"name":"type","type":"string","value":"value"},{"name":"value","type":"int","value":-1}],"rotation":-345.527,"type":"","visible":true,"width":162,"x":775,"y":810},{"gid":2147483794,"height":231,"id":74,"name":"","properties":[{"name":"addon","type":"string","value":"chain"},{"name":"addonValue","type":"int","value":1},{"name":"faceUp","type":"bool","value":false},{"name":"suit","type":"int","value":-1},{"name":"type","type":"string","value":"value"},{"name":"value","type":"int","value":-1}],"rotation":-353.047,"type":"","visible":true,"width":162,"x":650,"y":820},{"gid":1073741970,"height":231,"id":75,"name":"","properties":[{"name":"addon","type":"string","value":"chain"},{"name":"addonValue","type":"int","value":10},{"name":"faceUp","type":"bool","value":false},{"name":"suit","type":"int","value":-1},{"name":"type","type":"string","value":"value"},{"name":"value","type":"int","value":-1}],"rotation":-332.019,"type":"","visible":true,"width":162,"x":200,"y":1377},{"gid":1073741970,"height":231,"id":76,"name":"","properties":[{"name":"addon","type":"string","value":"chain"},{"name":"addonValue","type":"int","value":9},{"name":"faceUp","type":"bool","value":false},{"name":"suit","type":"int","value":-1},{"name":"type","type":"string","value":"value"},{"name":"value","type":"int","value":-1}],"rotation":-335.01,"type":"","visible":true,"width":162,"x":330,"y":1382},{"gid":1073741970,"height":231,"id":77,"name":"","properties":[{"name":"addon","type":"string","value":"chain"},{"name":"addonValue","type":"int","value":8},{"name":"faceUp","type":"bool","value":false},{"name":"suit","type":"int","value":-1},{"name":"type","type":"string","value":"value"},{"name":"value","type":"int","value":-1}],"rotation":-340.441,"type":"","visible":true,"width":162,"x":170,"y":1107},{"gid":1073741970,"height":231,"id":78,"name":"","properties":[{"name":"addon","type":"string","value":"chain"},{"name":"addonValue","type":"int","value":7},{"name":"faceUp","type":"bool","value":false},{"name":"suit","type":"int","value":-1},{"name":"type","type":"string","value":"value"},{"name":"value","type":"int","value":-1}],"rotation":-345.527,"type":"","visible":true,"width":162,"x":302,"y":1107},{"gid":1073741970,"height":231,"id":79,"name":"","properties":[{"name":"addon","type":"string","value":"chain"},{"name":"addonValue","type":"int","value":-1},{"name":"connectedCardId","type":"int","value":6},{"name":"faceUp","type":"bool","value":false},{"name":"suit","type":"int","value":-1},{"name":"type","type":"string","value":"value"},{"name":"value","type":"int","value":-1}],"rotation":-353.047,"type":"","visible":true,"width":162,"x":425,"y":1097},{"gid":3221225618,"height":231,"id":80,"name":"","properties":[{"name":"addon","type":"string","value":"chain"},{"name":"addonValue","type":"int","value":10},{"name":"faceUp","type":"bool","value":false},{"name":"suit","type":"int","value":-1},{"name":"type","type":"string","value":"value"},{"name":"value","type":"int","value":-1}],"rotation":332.019,"type":"","visible":true,"width":162,"x":880,"y":1377},{"gid":3221225618,"height":231,"id":81,"name":"","properties":[{"name":"addon","type":"string","value":"chain"},{"name":"addonValue","type":"int","value":9},{"name":"faceUp","type":"bool","value":false},{"name":"suit","type":"int","value":-1},{"name":"type","type":"string","value":"value"},{"name":"value","type":"int","value":-1}],"rotation":335.01,"type":"","visible":true,"width":162,"x":750,"y":1382},{"gid":3221225618,"height":231,"id":82,"name":"","properties":[{"name":"addon","type":"string","value":"chain"},{"name":"addonValue","type":"int","value":8},{"name":"faceUp","type":"bool","value":false},{"name":"suit","type":"int","value":-1},{"name":"type","type":"string","value":"value"},{"name":"value","type":"int","value":-1}],"rotation":340.441,"type":"","visible":true,"width":162,"x":905,"y":1107},{"gid":3221225618,"height":231,"id":83,"name":"","properties":[{"name":"addon","type":"string","value":"chain"},{"name":"addonValue","type":"int","value":7},{"name":"faceUp","type":"bool","value":false},{"name":"suit","type":"int","value":-1},{"name":"type","type":"string","value":"value"},{"name":"value","type":"int","value":-1}],"rotation":345.527,"type":"","visible":true,"width":162,"x":777,"y":1107},{"gid":3221225618,"height":231,"id":84,"name":"","properties":[{"name":"addon","type":"string","value":"chain"},{"name":"addonValue","type":"int","value":-1},{"name":"connectedCardId","type":"int","value":6},{"name":"faceUp","type":"bool","value":false},{"name":"suit","type":"int","value":-1},{"name":"type","type":"string","value":"value"},{"name":"value","type":"int","value":-1}],"rotation":353.047,"type":"","visible":true,"width":162,"x":650,"y":1097},{"gid":146,"height":231,"id":85,"name":"","properties":[{"name":"addon","type":"string","value":""},{"name":"addonValue","type":"int","value":-1},{"name":"faceUp","type":"bool","value":false},{"name":"suit","type":"int","value":-1},{"name":"type","type":"string","value":"value"},{"name":"value","type":"int","value":-1}],"rotation":0,"type":"","visible":true,"width":162,"x":540,"y":755},{"gid":146,"height":231,"id":86,"name":"","properties":[{"name":"addon","type":"string","value":""},{"name":"addonValue","type":"int","value":-1},{"name":"faceUp","type":"bool","value":false},{"name":"suit","type":"int","value":-1},{"name":"type","type":"string","value":"value"},{"name":"value","type":"int","value":-1}],"rotation":0,"type":"","visible":true,"width":162,"x":540,"y":1162},{"gid":146,"height":231,"id":87,"name":"","properties":[{"name":"addon","type":"string","value":""},{"name":"addonValue","type":"int","value":-1},{"name":"faceUp","type":"bool","value":false},{"name":"suit","type":"int","value":-1},{"name":"type","type":"string","value":"value"},{"name":"value","type":"int","value":-1}],"rotation":342.547988162672,"type":"","visible":true,"width":162,"x":215,"y":745},{"gid":1073741970,"height":231,"id":88,"name":"","properties":[{"name":"addon","type":"string","value":""},{"name":"addonValue","type":"int","value":-1},{"name":"faceUp","type":"bool","value":false},{"name":"suit","type":"int","value":-1},{"name":"type","type":"string","value":"value"},{"name":"value","type":"int","value":-1}],"rotation":-342.548,"type":"","visible":true,"width":162,"x":215,"y":1172},{"gid":2147483794,"height":231,"id":89,"name":"","properties":[{"name":"addon","type":"string","value":""},{"name":"addonValue","type":"int","value":-1},{"name":"faceUp","type":"bool","value":false},{"name":"suit","type":"int","value":-1},{"name":"type","type":"string","value":"value"},{"name":"value","type":"int","value":-1}],"rotation":-342.548,"type":"","visible":true,"width":162,"x":865,"y":745},{"gid":3221225618,"height":231,"id":90,"name":"","properties":[{"name":"addon","type":"string","value":""},{"name":"addonValue","type":"int","value":-1},{"name":"faceUp","type":"bool","value":false},{"name":"suit","type":"int","value":-1},{"name":"type","type":"string","value":"value"},{"name":"value","type":"int","value":-1}],"rotation":342.548,"type":"","visible":true,"width":162,"x":865,"y":1172}],"opacity":1,"type":"objectgroup","visible":true,"x":0,"y":0},{"draworder":"index","id":4,"name":"settings","objects":[{"gid":146,"height":231,"id":5,"name":"","properties":[{"name":"addon","type":"string","value":""},{"name":"addonValue","type":"int","value":-1},{"name":"faceUp","type":"bool","value":false},{"name":"random","type":"bool","value":true},{"name":"suit","type":"int","value":-1},{"name":"type","type":"string","value":"value"},{"name":"value","type":"int","value":-1}],"rotation":0,"type":"","visible":true,"width":162,"x":240,"y":1680},{"gid":146,"height":231,"id":6,"name":"","properties":[{"name":"addon","type":"string","value":""},{"name":"addonValue","type":"int","value":-1},{"name":"faceUp","type":"bool","value":false},{"name":"random","type":"bool","value":true},{"name":"suit","type":"int","value":-1},{"name":"type","type":"string","value":"value"},{"name":"value","type":"int","value":-1}],"rotation":0,"type":"","visible":true,"width":162,"x":260,"y":1680},{"gid":146,"height":231,"id":7,"name":"","properties":[{"name":"addon","type":"string","value":""},{"name":"addonValue","type":"int","value":-1},{"name":"faceUp","type":"bool","value":false},{"name":"random","type":"bool","value":true},{"name":"suit","type":"int","value":-1},{"name":"type","type":"string","value":"value"},{"name":"value","type":"int","value":-1}],"rotation":0,"type":"","visible":true,"width":162,"x":280,"y":1680},{"gid":146,"height":231,"id":8,"name":"","properties":[{"name":"addon","type":"string","value":""},{"name":"addonValue","type":"int","value":-1},{"name":"faceUp","type":"bool","value":false},{"name":"random","type":"bool","value":true},{"name":"suit","type":"int","value":-1},{"name":"type","type":"string","value":"value"},{"name":"value","type":"int","value":-1}],"rotation":0,"type":"","visible":true,"width":162,"x":300,"y":1680},{"gid":146,"height":231,"id":9,"name":"","properties":[{"name":"addon","type":"string","value":""},{"name":"addonValue","type":"int","value":-1},{"name":"faceUp","type":"bool","value":false},{"name":"random","type":"bool","value":true},{"name":"suit","type":"int","value":-1},{"name":"type","type":"string","value":"value"},{"name":"value","type":"int","value":-1}],"rotation":0,"type":"","visible":true,"width":162,"x":320,"y":1680},{"gid":146,"height":231,"id":10,"name":"","properties":[{"name":"addon","type":"string","value":""},{"name":"addonValue","type":"int","value":-1},{"name":"faceUp","type":"bool","value":false},{"name":"random","type":"bool","value":true},{"name":"suit","type":"int","value":-1},{"name":"type","type":"string","value":"value"},{"name":"value","type":"int","value":-1}],"rotation":0,"type":"","visible":true,"width":162,"x":340,"y":1680},{"gid":146,"height":231,"id":11,"name":"","properties":[{"name":"addon","type":"string","value":""},{"name":"addonValue","type":"int","value":-1},{"name":"faceUp","type":"bool","value":false},{"name":"random","type":"bool","value":true},{"name":"suit","type":"int","value":-1},{"name":"type","type":"string","value":"value"},{"name":"value","type":"int","value":-1}],"rotation":0,"type":"","visible":true,"width":162,"x":360,"y":1680},{"gid":146,"height":231,"id":12,"name":"","properties":[{"name":"addon","type":"string","value":""},{"name":"addonValue","type":"int","value":-1},{"name":"faceUp","type":"bool","value":false},{"name":"random","type":"bool","value":true},{"name":"suit","type":"int","value":-1},{"name":"type","type":"string","value":"value"},{"name":"value","type":"int","value":-1}],"rotation":0,"type":"","visible":true,"width":162,"x":380,"y":1680},{"gid":146,"height":231,"id":13,"name":"","properties":[{"name":"addon","type":"string","value":""},{"name":"addonValue","type":"int","value":-1},{"name":"faceUp","type":"bool","value":false},{"name":"random","type":"bool","value":true},{"name":"suit","type":"int","value":-1},{"name":"type","type":"string","value":"value"},{"name":"value","type":"int","value":-1}],"rotation":0,"type":"","visible":true,"width":162,"x":400,"y":1680},{"gid":146,"height":231,"id":14,"name":"","properties":[{"name":"addon","type":"string","value":""},{"name":"addonValue","type":"int","value":-1},{"name":"faceUp","type":"bool","value":false},{"name":"random","type":"bool","value":true},{"name":"suit","type":"int","value":-1},{"name":"type","type":"string","value":"value"},{"name":"value","type":"int","value":-1}],"rotation":0,"type":"","visible":true,"width":162,"x":420,"y":1680},{"gid":146,"height":231,"id":15,"name":"","properties":[{"name":"addon","type":"string","value":""},{"name":"addonValue","type":"int","value":-1},{"name":"faceUp","type":"bool","value":false},{"name":"random","type":"bool","value":true},{"name":"suit","type":"int","value":-1},{"name":"type","type":"string","value":"value"},{"name":"value","type":"int","value":-1}],"rotation":0,"type":"","visible":true,"width":162,"x":440,"y":1680}],"opacity":1,"properties":[{"name":"mapProperties","type":"class","value":{}}],"type":"objectgroup","visible":true,"x":0,"y":0},{"draworder":"index","id":5,"name":"code-breakers","objects":[],"opacity":1,"properties":[{"name":"direction","type":"string","value":"left"}],"type":"objectgroup","visible":true,"x":0,"y":0}],"nextlayerid":8,"nextobjectid":91,"orientation":"orthogonal","renderorder":"right-down","tiledversion":"1.10.1","tileheight":20,"tilesets":[{"firstgid":1,"source":"../Cards.tsx"},{"firstgid":156,"source":"../CodeBreakers.tsx"}],"tilewidth":20,"type":"map","version":"1.10","width":54}