{"compressionlevel":-1,"height":96,"infinite":false,"layers":[{"id":2,"image":"../background/4ab0af106332567.5f91416c61956.jpg","name":"background","opacity":1,"type":"imagelayer","visible":true,"x":0,"y":0},{"draworder":"index","id":3,"name":"game-board","objects":[{"gid":146,"height":231,"id":50,"name":"","properties":[{"name":"addon","type":"string","value":""},{"name":"addonValue","type":"int","value":-1},{"name":"faceUp","type":"bool","value":false},{"name":"suit","type":"int","value":-1},{"name":"type","type":"string","value":"value"},{"name":"value","type":"int","value":-1}],"rotation":290.273219206556,"type":"","visible":true,"width":162,"x":208.083519729797,"y":861.098984624309},{"gid":146,"height":231,"id":81,"name":"","properties":[{"name":"addon","type":"string","value":""},{"name":"addonValue","type":"int","value":-1},{"name":"faceUp","type":"bool","value":false},{"name":"suit","type":"int","value":-1},{"name":"type","type":"string","value":"value"},{"name":"value","type":"int","value":-1}],"rotation":298.76462157683,"type":"","visible":true,"width":162,"x":203,"y":840.511817789898},{"gid":154,"height":231,"id":82,"name":"","properties":[{"name":"addon","type":"string","value":""},{"name":"addonValue","type":"string","value":"-1"},{"name":"faceUp","type":"bool","value":true},{"name":"suit","type":"int","value":-1},{"name":"type","type":"string","value":"plus"},{"name":"value","type":"int","value":1}],"rotation":309.409000938808,"type":"","visible":true,"width":162,"x":203.334336709407,"y":814.571728758348},{"gid":146,"height":231,"id":83,"name":"","properties":[{"name":"addon","type":"string","value":""},{"name":"addonValue","type":"int","value":-1},{"name":"faceUp","type":"bool","value":false},{"name":"suit","type":"int","value":-1},{"name":"type","type":"string","value":"value"},{"name":"value","type":"int","value":-1}],"rotation":320.923361323443,"type":"","visible":true,"width":162,"x":208.879629032486,"y":787.118237586986},{"gid":146,"height":231,"id":84,"name":"","properties":[{"name":"addon","type":"string","value":""},{"name":"addonValue","type":"int","value":-1},{"name":"faceUp","type":"bool","value":false},{"name":"suit","type":"int","value":-1},{"name":"type","type":"string","value":"value"},{"name":"value","type":"int","value":-1}],"rotation":332.257878182214,"type":"","visible":true,"width":162,"x":218.673962053338,"y":761},{"gid":2147483794,"height":231,"id":90,"name":"","properties":[{"name":"addon","type":"string","value":""},{"name":"addonValue","type":"int","value":-1},{"name":"faceUp","type":"bool","value":false},{"name":"suit","type":"int","value":-1},{"name":"type","type":"string","value":"value"},{"name":"value","type":"int","value":-1}],"rotation":-290.273,"type":"","visible":true,"width":162,"x":393.59,"y":641.099},{"gid":2147483794,"height":231,"id":91,"name":"","properties":[{"name":"addon","type":"string","value":""},{"name":"addonValue","type":"int","value":-1},{"name":"faceUp","type":"bool","value":false},{"name":"suit","type":"int","value":-1},{"name":"type","type":"string","value":"value"},{"name":"value","type":"int","value":-1}],"rotation":-298.765,"type":"","visible":true,"width":162,"x":398.674,"y":620.512},{"gid":2147483802,"height":231,"id":92,"name":"","properties":[{"name":"addon","type":"string","value":""},{"name":"addonValue","type":"string","value":"-1"},{"name":"faceUp","type":"bool","value":true},{"name":"suit","type":"int","value":-1},{"name":"type","type":"string","value":"plus"},{"name":"value","type":"int","value":1}],"rotation":-309.409,"type":"","visible":true,"width":162,"x":398.34,"y":594.572},{"gid":2147483794,"height":231,"id":93,"name":"","properties":[{"name":"addon","type":"string","value":""},{"name":"addonValue","type":"int","value":-1},{"name":"faceUp","type":"bool","value":false},{"name":"suit","type":"int","value":-1},{"name":"type","type":"string","value":"value"},{"name":"value","type":"int","value":-1}],"rotation":-320.923,"type":"","visible":true,"width":162,"x":392.794,"y":567.118},{"gid":2147483794,"height":231,"id":94,"name":"","properties":[{"name":"addon","type":"string","value":""},{"name":"addonValue","type":"int","value":-1},{"name":"faceUp","type":"bool","value":false},{"name":"suit","type":"int","value":-1},{"name":"type","type":"string","value":"value"},{"name":"value","type":"int","value":-1}],"rotation":-332.258,"type":"","visible":true,"width":162,"x":383,"y":541},{"gid":1073741970,"height":231,"id":95,"name":"","properties":[{"name":"addon","type":"string","value":""},{"name":"addonValue","type":"int","value":-1},{"name":"faceUp","type":"bool","value":false},{"name":"suit","type":"int","value":-1},{"name":"type","type":"string","value":"value"},{"name":"value","type":"int","value":-1}],"rotation":-290.273,"type":"","visible":true,"width":162,"x":198.084,"y":1281},{"gid":1073741970,"height":231,"id":96,"name":"","properties":[{"name":"addon","type":"string","value":""},{"name":"addonValue","type":"int","value":-1},{"name":"faceUp","type":"bool","value":false},{"name":"suit","type":"int","value":-1},{"name":"type","type":"string","value":"value"},{"name":"value","type":"int","value":-1}],"rotation":-298.765,"type":"","visible":true,"width":162,"x":193,"y":1301.587},{"gid":1073741978,"height":231,"id":97,"name":"","properties":[{"name":"addon","type":"string","value":""},{"name":"addonValue","type":"string","value":"-1"},{"name":"faceUp","type":"bool","value":true},{"name":"suit","type":"int","value":-1},{"name":"type","type":"string","value":"plus"},{"name":"value","type":"int","value":1}],"rotation":-309.409,"type":"","visible":true,"width":162,"x":193.334,"y":1327.527},{"gid":1073741970,"height":231,"id":98,"name":"","properties":[{"name":"addon","type":"string","value":""},{"name":"addonValue","type":"int","value":-1},{"name":"faceUp","type":"bool","value":false},{"name":"suit","type":"int","value":-1},{"name":"type","type":"string","value":"value"},{"name":"value","type":"int","value":-1}],"rotation":-320.923,"type":"","visible":true,"width":162,"x":198.88,"y":1354.981},{"gid":1073741970,"height":231,"id":99,"name":"","properties":[{"name":"addon","type":"string","value":""},{"name":"addonValue","type":"int","value":-1},{"name":"faceUp","type":"bool","value":false},{"name":"suit","type":"int","value":-1},{"name":"type","type":"string","value":"value"},{"name":"value","type":"int","value":-1}],"rotation":-332.258,"type":"","visible":true,"width":162,"x":208.674,"y":1381.099},{"gid":3221225618,"height":231,"id":100,"name":"","properties":[{"name":"addon","type":"string","value":""},{"name":"addonValue","type":"int","value":-1},{"name":"faceUp","type":"bool","value":false},{"name":"suit","type":"int","value":-1},{"name":"type","type":"string","value":"value"},{"name":"value","type":"int","value":-1}],"rotation":290.273,"type":"","visible":true,"width":162,"x":393.59,"y":1081},{"gid":3221225618,"height":231,"id":101,"name":"","properties":[{"name":"addon","type":"string","value":""},{"name":"addonValue","type":"int","value":-1},{"name":"faceUp","type":"bool","value":false},{"name":"suit","type":"int","value":-1},{"name":"type","type":"string","value":"value"},{"name":"value","type":"int","value":-1}],"rotation":298.765,"type":"","visible":true,"width":162,"x":398.674,"y":1101.587},{"gid":3221225626,"height":231,"id":102,"name":"","properties":[{"name":"addon","type":"string","value":""},{"name":"addonValue","type":"string","value":"-1"},{"name":"faceUp","type":"bool","value":true},{"name":"suit","type":"int","value":-1},{"name":"type","type":"string","value":"plus"},{"name":"value","type":"int","value":1}],"rotation":309.409,"type":"","visible":true,"width":162,"x":398.34,"y":1127.527},{"gid":3221225618,"height":231,"id":103,"name":"","properties":[{"name":"addon","type":"string","value":""},{"name":"addonValue","type":"int","value":-1},{"name":"faceUp","type":"bool","value":false},{"name":"suit","type":"int","value":-1},{"name":"type","type":"string","value":"value"},{"name":"value","type":"int","value":-1}],"rotation":320.923,"type":"","visible":true,"width":162,"x":392.794,"y":1154.981},{"gid":3221225618,"height":231,"id":104,"name":"","properties":[{"name":"addon","type":"string","value":""},{"name":"addonValue","type":"int","value":-1},{"name":"faceUp","type":"bool","value":false},{"name":"suit","type":"int","value":-1},{"name":"type","type":"string","value":"value"},{"name":"value","type":"int","value":-1}],"rotation":332.258,"type":"","visible":true,"width":162,"x":383,"y":1181.099},{"gid":146,"height":231,"id":105,"name":"","properties":[{"name":"addon","type":"string","value":""},{"name":"addonValue","type":"int","value":-1},{"name":"faceUp","type":"bool","value":false},{"name":"suit","type":"int","value":-1},{"name":"type","type":"string","value":"value"},{"name":"value","type":"int","value":-1}],"rotation":290.273,"type":"","visible":true,"width":162,"x":688.084,"y":641.099},{"gid":146,"height":231,"id":106,"name":"","properties":[{"name":"addon","type":"string","value":""},{"name":"addonValue","type":"int","value":-1},{"name":"faceUp","type":"bool","value":false},{"name":"suit","type":"int","value":-1},{"name":"type","type":"string","value":"value"},{"name":"value","type":"int","value":-1}],"rotation":298.765,"type":"","visible":true,"width":162,"x":683,"y":620.512},{"gid":154,"height":231,"id":107,"name":"","properties":[{"name":"addon","type":"string","value":""},{"name":"addonValue","type":"string","value":"-1"},{"name":"faceUp","type":"bool","value":true},{"name":"suit","type":"int","value":-1},{"name":"type","type":"string","value":"plus"},{"name":"value","type":"int","value":1}],"rotation":309.409,"type":"","visible":true,"width":162,"x":683.334,"y":594.572},{"gid":146,"height":231,"id":108,"name":"","properties":[{"name":"addon","type":"string","value":""},{"name":"addonValue","type":"int","value":-1},{"name":"faceUp","type":"bool","value":false},{"name":"suit","type":"int","value":-1},{"name":"type","type":"string","value":"value"},{"name":"value","type":"int","value":-1}],"rotation":320.923,"type":"","visible":true,"width":162,"x":688.88,"y":567.118},{"gid":146,"height":231,"id":109,"name":"","properties":[{"name":"addon","type":"string","value":""},{"name":"addonValue","type":"int","value":-1},{"name":"faceUp","type":"bool","value":false},{"name":"suit","type":"int","value":-1},{"name":"type","type":"string","value":"value"},{"name":"value","type":"int","value":-1}],"rotation":332.258,"type":"","visible":true,"width":162,"x":698.674,"y":541},{"gid":2147483794,"height":231,"id":110,"name":"","properties":[{"name":"addon","type":"string","value":""},{"name":"addonValue","type":"int","value":-1},{"name":"faceUp","type":"bool","value":false},{"name":"suit","type":"int","value":-1},{"name":"type","type":"string","value":"value"},{"name":"value","type":"int","value":-1}],"rotation":-290.273,"type":"","visible":true,"width":162,"x":873.59,"y":861.099},{"gid":2147483794,"height":231,"id":111,"name":"","properties":[{"name":"addon","type":"string","value":""},{"name":"addonValue","type":"int","value":-1},{"name":"faceUp","type":"bool","value":false},{"name":"suit","type":"int","value":-1},{"name":"type","type":"string","value":"value"},{"name":"value","type":"int","value":-1}],"rotation":-298.765,"type":"","visible":true,"width":162,"x":878.674,"y":840.512},{"gid":2147483802,"height":231,"id":112,"name":"","properties":[{"name":"addon","type":"string","value":""},{"name":"addonValue","type":"string","value":"-1"},{"name":"faceUp","type":"bool","value":true},{"name":"suit","type":"int","value":-1},{"name":"type","type":"string","value":"plus"},{"name":"value","type":"int","value":1}],"rotation":-309.409,"type":"","visible":true,"width":162,"x":878.34,"y":814.572},{"gid":2147483794,"height":231,"id":113,"name":"","properties":[{"name":"addon","type":"string","value":""},{"name":"addonValue","type":"int","value":-1},{"name":"faceUp","type":"bool","value":false},{"name":"suit","type":"int","value":-1},{"name":"type","type":"string","value":"value"},{"name":"value","type":"int","value":-1}],"rotation":-320.923,"type":"","visible":true,"width":162,"x":872.794,"y":787.118},{"gid":2147483794,"height":231,"id":114,"name":"","properties":[{"name":"addon","type":"string","value":""},{"name":"addonValue","type":"int","value":-1},{"name":"faceUp","type":"bool","value":false},{"name":"suit","type":"int","value":-1},{"name":"type","type":"string","value":"value"},{"name":"value","type":"int","value":-1}],"rotation":-332.258,"type":"","visible":true,"width":162,"x":863,"y":761},{"gid":1073741970,"height":231,"id":115,"name":"","properties":[{"name":"addon","type":"string","value":""},{"name":"addonValue","type":"int","value":-1},{"name":"faceUp","type":"bool","value":false},{"name":"suit","type":"int","value":-1},{"name":"type","type":"string","value":"value"},{"name":"value","type":"int","value":-1}],"rotation":-290.273,"type":"","visible":true,"width":162,"x":688.084,"y":1081},{"gid":1073741970,"height":231,"id":116,"name":"","properties":[{"name":"addon","type":"string","value":""},{"name":"addonValue","type":"int","value":-1},{"name":"faceUp","type":"bool","value":false},{"name":"suit","type":"int","value":-1},{"name":"type","type":"string","value":"value"},{"name":"value","type":"int","value":-1}],"rotation":-298.765,"type":"","visible":true,"width":162,"x":683,"y":1101.587},{"gid":1073741978,"height":231,"id":117,"name":"","properties":[{"name":"addon","type":"string","value":""},{"name":"addonValue","type":"string","value":"-1"},{"name":"faceUp","type":"bool","value":true},{"name":"suit","type":"int","value":-1},{"name":"type","type":"string","value":"plus"},{"name":"value","type":"int","value":1}],"rotation":-309.409,"type":"","visible":true,"width":162,"x":683.334,"y":1127.527},{"gid":1073741970,"height":231,"id":118,"name":"","properties":[{"name":"addon","type":"string","value":""},{"name":"addonValue","type":"int","value":-1},{"name":"faceUp","type":"bool","value":false},{"name":"suit","type":"int","value":-1},{"name":"type","type":"string","value":"value"},{"name":"value","type":"int","value":-1}],"rotation":-320.923,"type":"","visible":true,"width":162,"x":688.88,"y":1154.981},{"gid":1073741970,"height":231,"id":119,"name":"","properties":[{"name":"addon","type":"string","value":""},{"name":"addonValue","type":"int","value":-1},{"name":"faceUp","type":"bool","value":false},{"name":"suit","type":"int","value":-1},{"name":"type","type":"string","value":"value"},{"name":"value","type":"int","value":-1}],"rotation":-332.258,"type":"","visible":true,"width":162,"x":698.674,"y":1181.099},{"gid":3221225618,"height":231,"id":120,"name":"","properties":[{"name":"addon","type":"string","value":""},{"name":"addonValue","type":"int","value":-1},{"name":"faceUp","type":"bool","value":false},{"name":"suit","type":"int","value":-1},{"name":"type","type":"string","value":"value"},{"name":"value","type":"int","value":-1}],"rotation":290.273,"type":"","visible":true,"width":162,"x":883.59,"y":1281},{"gid":3221225618,"height":231,"id":121,"name":"","properties":[{"name":"addon","type":"string","value":""},{"name":"addonValue","type":"int","value":-1},{"name":"faceUp","type":"bool","value":false},{"name":"suit","type":"int","value":-1},{"name":"type","type":"string","value":"value"},{"name":"value","type":"int","value":-1}],"rotation":298.765,"type":"","visible":true,"width":162,"x":888.674,"y":1301.587},{"gid":3221225626,"height":231,"id":122,"name":"","properties":[{"name":"addon","type":"string","value":""},{"name":"addonValue","type":"string","value":"-1"},{"name":"faceUp","type":"bool","value":true},{"name":"suit","type":"int","value":-1},{"name":"type","type":"string","value":"plus"},{"name":"value","type":"int","value":1}],"rotation":309.409,"type":"","visible":true,"width":162,"x":888.34,"y":1327.527},{"gid":3221225618,"height":231,"id":123,"name":"","properties":[{"name":"addon","type":"string","value":""},{"name":"addonValue","type":"int","value":-1},{"name":"faceUp","type":"bool","value":false},{"name":"suit","type":"int","value":-1},{"name":"type","type":"string","value":"value"},{"name":"value","type":"int","value":-1}],"rotation":320.923,"type":"","visible":true,"width":162,"x":882.794,"y":1354.981},{"gid":3221225618,"height":231,"id":124,"name":"","properties":[{"name":"addon","type":"string","value":""},{"name":"addonValue","type":"int","value":-1},{"name":"faceUp","type":"bool","value":false},{"name":"suit","type":"int","value":-1},{"name":"type","type":"string","value":"value"},{"name":"value","type":"int","value":-1}],"rotation":332.258,"type":"","visible":true,"width":162,"x":873,"y":1381.099}],"opacity":1,"type":"objectgroup","visible":true,"x":0,"y":0},{"draworder":"index","id":4,"name":"settings","objects":[{"gid":146,"height":231,"id":16,"name":"","properties":[{"name":"addon","type":"string","value":""},{"name":"addonValue","type":"int","value":-1},{"name":"faceUp","type":"bool","value":false},{"name":"random","type":"bool","value":true},{"name":"suit","type":"int","value":-1},{"name":"type","type":"string","value":"value"},{"name":"value","type":"int","value":-1}],"rotation":0,"type":"","visible":true,"width":162,"x":240,"y":1680},{"gid":146,"height":231,"id":17,"name":"","properties":[{"name":"addon","type":"string","value":""},{"name":"addonValue","type":"int","value":-1},{"name":"faceUp","type":"bool","value":false},{"name":"random","type":"bool","value":true},{"name":"suit","type":"int","value":-1},{"name":"type","type":"string","value":"value"},{"name":"value","type":"int","value":-1}],"rotation":0,"type":"","visible":true,"width":162,"x":260,"y":1680},{"gid":146,"height":231,"id":18,"name":"","properties":[{"name":"addon","type":"string","value":""},{"name":"addonValue","type":"int","value":-1},{"name":"faceUp","type":"bool","value":false},{"name":"random","type":"bool","value":true},{"name":"suit","type":"int","value":-1},{"name":"type","type":"string","value":"value"},{"name":"value","type":"int","value":-1}],"rotation":0,"type":"","visible":true,"width":162,"x":280,"y":1680},{"gid":146,"height":231,"id":19,"name":"","properties":[{"name":"addon","type":"string","value":""},{"name":"addonValue","type":"int","value":-1},{"name":"faceUp","type":"bool","value":false},{"name":"random","type":"bool","value":true},{"name":"suit","type":"int","value":-1},{"name":"type","type":"string","value":"value"},{"name":"value","type":"int","value":-1}],"rotation":0,"type":"","visible":true,"width":162,"x":300,"y":1680},{"gid":146,"height":231,"id":20,"name":"","properties":[{"name":"addon","type":"string","value":""},{"name":"addonValue","type":"int","value":-1},{"name":"faceUp","type":"bool","value":false},{"name":"random","type":"bool","value":true},{"name":"suit","type":"int","value":-1},{"name":"type","type":"string","value":"value"},{"name":"value","type":"int","value":-1}],"rotation":0,"type":"","visible":true,"width":162,"x":320,"y":1680},{"gid":146,"height":231,"id":21,"name":"","properties":[{"name":"addon","type":"string","value":""},{"name":"addonValue","type":"int","value":-1},{"name":"faceUp","type":"bool","value":false},{"name":"random","type":"bool","value":true},{"name":"suit","type":"int","value":-1},{"name":"type","type":"string","value":"value"},{"name":"value","type":"int","value":-1}],"rotation":0,"type":"","visible":true,"width":162,"x":340,"y":1680},{"gid":146,"height":231,"id":22,"name":"","properties":[{"name":"addon","type":"string","value":""},{"name":"addonValue","type":"int","value":-1},{"name":"faceUp","type":"bool","value":false},{"name":"random","type":"bool","value":true},{"name":"suit","type":"int","value":-1},{"name":"type","type":"string","value":"value"},{"name":"value","type":"int","value":-1}],"rotation":0,"type":"","visible":true,"width":162,"x":360,"y":1680},{"gid":146,"height":231,"id":23,"name":"","properties":[{"name":"addon","type":"string","value":""},{"name":"addonValue","type":"int","value":-1},{"name":"faceUp","type":"bool","value":false},{"name":"random","type":"bool","value":true},{"name":"suit","type":"int","value":-1},{"name":"type","type":"string","value":"value"},{"name":"value","type":"int","value":-1}],"rotation":0,"type":"","visible":true,"width":162,"x":380,"y":1680}],"opacity":1,"properties":[{"name":"mapProperties","type":"class","value":{}}],"type":"objectgroup","visible":true,"x":0,"y":0},{"draworder":"index","id":5,"name":"code-breakers","objects":[],"opacity":1,"properties":[{"name":"direction","type":"string","value":"left"}],"type":"objectgroup","visible":true,"x":0,"y":0}],"nextlayerid":8,"nextobjectid":125,"orientation":"orthogonal","renderorder":"right-down","tiledversion":"1.11.0","tileheight":20,"tilesets":[{"firstgid":1,"source":"../Cards.tsx"},{"firstgid":156,"source":"../CodeBreakers.tsx"}],"tilewidth":20,"type":"map","version":"1.11","width":54}