[1,["13295a55c@6c48a"],["_textureSource"],["cc.SpriteFrame"],0,[[[{"name":"des-br","rect":{"x":3,"y":3,"width":572,"height":87},"offset":{"x":0,"y":0},"originalSize":{"width":572,"height":87},"rotated":true,"capInsets":[0,0,0,0],"packable":true,"pixelsToUnit":100,"pivot":{"x":0.5,"y":0.5},"meshType":0}],[0],0,[0],[0],[0]],[[{"name":"des-en","rect":{"x":3,"y":581,"width":422,"height":82},"offset":{"x":0,"y":0},"originalSize":{"width":422,"height":82},"rotated":true,"capInsets":[0,0,0,0],"packable":true,"pixelsToUnit":100,"pivot":{"x":0.5,"y":0.5},"meshType":0}],[0],0,[0],[0],[0]]]]
