[1,["135162f09@6c48a"],["_textureSource"],["cc.SpriteFrame"],0,[[[{"name":"clover-challenge-en","rect":{"x":159,"y":372,"width":413,"height":166},"offset":{"x":0,"y":0},"originalSize":{"width":413,"height":166},"rotated":true,"capInsets":[0,0,0,0],"packable":true,"pixelsToUnit":100,"pivot":{"x":0.5,"y":0.5},"meshType":0}],[0],0,[0],[0],[0]],[[{"name":"clover-challenge-guide-en","rect":{"x":81,"y":3,"width":654,"height":72},"offset":{"x":0,"y":0},"originalSize":{"width":654,"height":72},"rotated":true,"capInsets":[0,0,0,0],"packable":true,"pixelsToUnit":100,"pivot":{"x":0.5,"y":0.5},"meshType":0}],[0],0,[0],[0],[0]],[[{"name":"clover-challenge-guide-br","rect":{"x":3,"y":3,"width":628,"height":72},"offset":{"x":0,"y":0},"originalSize":{"width":628,"height":72},"rotated":true,"capInsets":[0,0,0,0],"packable":true,"pixelsToUnit":100,"pivot":{"x":0.5,"y":0.5},"meshType":0}],[0],0,[0],[0],[0]],[[{"name":"clover-challenge-br","rect":{"x":159,"y":3,"width":363,"height":166},"offset":{"x":0,"y":0},"originalSize":{"width":363,"height":166},"rotated":true,"capInsets":[0,0,0,0],"packable":true,"pixelsToUnit":100,"pivot":{"x":0.5,"y":0.5},"meshType":0}],[0],0,[0],[0],[0]]]]
