[1,["fd/T1w3ExGY78MCx1NXTrH@f9941","20hHp+pJtHRaOdAYIX032g","dbTeJ1F3dEKpsnHYn/yo/c","0dj3J9iKdKcL3lOly3Vh1V@6c48a","5b0GHj1MxKdrl5XKkVfQGP@6c48a","37Jp6VfjJLDZUZk/cT+eQT@f9941","88MaJ2M3ZMupV1JeIszc+U@f9941","e15B84PnFNg405jmQ2Dmbx","2bWS4W+aBHb7wN2uyEzcpK","89fgyl0xJHzLWdgru7Qqdb@f9941","ec59CXcnRKfaB7TUjG4QaV@f9941","fcjhkRXAZBprJqBJQNQzB/","d9Dnmjd4pMUYFGWtEghWC0@f9941","faSfZ1lXVBQqnJ9T/Rc0EV","c9Vo73yhlJ6bSw7+UUq9L9","f3VretS+5GIqWzHNVeUBzM","5b0GHj1MxKdrl5XKkVfQGP@f9941","0dj3J9iKdKcL3lOly3Vh1V@f9941","3eaUyjm0tA975y+4+zpDgO","2cd0ZeB2RPa45vXvXSUeDY","6fcREZCBlIw4Z+fc2ELlpZ","e43lfZJjlEg6lc1TxiN3A6@f9941","3cMjE310RCnqV/bU05E0+H@f9941","e3OHJQoVNMCYTmcQb738UX","7eGLFctkxJy5PiBfB8V9do@f9941","ee05cnG8VNo4zgoZxDjM5Q@f9941"],["node","targetInfo","target","source","root","_spriteFrame","asset","value","_parent","_font","_textureSource","container","label","data","backgroundMask","blackMaskOpacity","scrollerDashboard","headerButton","mapOverlay","bottomButtonsContainer","playGameButtonLabel","giftBlockPool","stampPool","tournamentLabel","rankLabel","blockPrefab","topBG","bottomBG","stampPrefab","giftBlockPrefab"],[["cc.Widget",["_alignFlags","_originalHeight","_originalWidth","_bottom","_top","_left","_right","node","__prefab"],-4,1,4],["cc.Node",["_name","_objFlags","__editorExtras__","_prefab","_components","_parent","_children","_lpos"],0,4,9,1,2,5],["cc.TargetOverrideInfo",["propertyPath","targetInfo","source","target","sourceInfo"],2,4,1,1,4],["cc.Node",["_name","_components","_prefab","_parent","_lpos","_children"],2,12,4,1,5,2],["cc.PrefabInstance",["fileId","prefabRootNode","propertyOverrides","mountedComponents","removedComponents"],2,1,9,9,9],["cc.Sprite",["_sizeMode","_type","node","__prefab","_spriteFrame","_color"],1,1,4,6,5],["cc.Label",["_string","_actualFontSize","_isSystemFontUsed","_fontSize","_enableShadow","_shadowBlur","_enableWrapText","_lineHeight","_cacheMode","_enableOutline","_outlineWidth","__prefab","node","_shadowColor","_shadowOffset","_color","_outlineColor"],-8,4,1,5,5,5,5],"cc.SpriteFrame",["cc.UITransform",["node","__prefab","_contentSize","_anchorPoint"],3,1,4,5,5],["cc.UIOpacity",["_opacity","node","__prefab"],2,1,4],["bce15LcVrxOfYMa9rbXN/qi",["_enabled","node","__prefab","label"],2,1,4,1],["cc.Prefab",["_name"],2],["cc.Node",["_name","_parent","_children","_components","_prefab","_lpos"],2,4,2,9,4,5],["cc.CompPrefabInfo",["fileId"],2],["cc.Animation",["node","__prefab","_clips"],3,1,4,3],["acb0egHPppFmYJalVNrDDv/",["node","__prefab","container","backgroundMask"],3,1,4,1,1],["32384LIH2tC06etA8kgHurP",["node","__prefab","container","blackMaskOpacity"],3,1,4,1,1],["cc.PrefabInfo",["fileId","instance","root","asset","targetOverrides","nestedPrefabInstanceRoots"],1,1,1,9,2],["cc.PrefabInfo",["fileId","instance","targetOverrides","nestedPrefabInstanceRoots","root","asset"],-1,1,1],["cc.PrefabInfo",["fileId","nestedPrefabInstanceRoots","root","instance","targetOverrides","asset"],1,1,4,9,6],["cc.PrefabInfo",["fileId","targetOverrides","nestedPrefabInstanceRoots","root","instance","asset"],0,1,4,6],["cc.TargetOverrideInfo",["source","target","targetInfo"],3,4,1,4],["cc.TargetInfo",["localID"],2],["7b5ffAbjUlGp6SCCd1513lw",["__prefab"],3,4],["CCPropertyOverrideInfo",["value","propertyPath","targetInfo"],1,1],["CCPropertyOverrideInfo",["propertyPath","targetInfo","value"],2,1,8],["CCPropertyOverrideInfo",["value","propertyPath","targetInfo"],1,4],["CCPropertyOverrideInfo",["propertyPath","targetInfo","value"],2,4,8],["CCPropertyOverrideInfo",["propertyPath","targetInfo","value"],2,1,6],["CCPropertyOverrideInfo",["propertyPath","targetInfo","value"],2,4,6],["f3521L4Mn5I3bhxr0QZJ9y9",["node","__prefab"],3,1,4],["cc.BlockInputEvents",["node","__prefab"],3,1,4],["32161i45TpLyYjOr+nb9ZX7",["node","__prefab"],3,1,4],["cc.MountedComponentsInfo",["targetInfo","components"],3,4,9],["cc.Layout",["_resizeMode","_layoutType","_spacingX","node","__prefab"],0,1,4],["ab297QlPQJAZIGzdDi11VOR",["node","__prefab"],3,1,4],["e625b5eYAtCXLc6pHzv4leE",["node","__prefab"],3,1,4],["8ab3e2kHVBOR75wbMu8efOp",["node","__prefab","gift"],3,1,4,1],["1e94elnHuBEGL7WG18omJU9",["node","__prefab"],3,1,4],["2b7f7FtltVHaIXoSYvYuiKM",["node","__prefab"],3,1,4]],[[22,0,2],[13,0,2],[24,0,1,2,3],[25,0,1,2,2],[8,0,1,2,1],[18,0,1,2,3,4,5,5],[2,0,2,3,1,2],[27,0,1,2,2],[1,0,2],[2,0,2,4,3,1,2],[1,1,2,5,3,3],[21,0,1,2,1],[0,0,2,1,7,8,4],[5,0,2,3,4,2],[1,0,5,4,3,7,2],[20,0,1,2,3,4,5,4],[4,0,1,2,2],[28,0,1,2,2],[0,0,5,4,3,1,7,8,6],[0,0,6,4,3,1,7,8,6],[9,1,2,1],[11,0,2],[1,0,6,4,3,2],[3,0,3,1,2,2],[3,0,1,2,4,2],[8,0,1,2,3,1],[0,0,5,6,3,2,7,8,6],[17,0,1,2,3,4,5,3],[19,0,1,2,3,4,5,3],[2,2,3,1,1],[2,3,1,1],[26,0,1,2,3],[30,0,1,1],[31,0,1,1],[32,0,1,1],[33,0,1,1],[1,0,5,4,3,2],[1,0,5,6,4,3,2],[1,0,5,6,4,3,7,2],[1,0,6,4,3,7,2],[3,0,3,5,1,2,2],[3,0,3,1,2,4,2],[12,0,1,2,3,4,5,2],[0,0,5,6,2,1,7,8,6],[0,0,3,7,8,3],[0,0,4,3,2,1,7,8,6],[0,0,3,2,1,7,8,5],[0,0,4,2,1,7,8,5],[14,0,1,2,1],[9,0,1,2,2],[15,0,1,2,3,1],[16,0,1,2,3,1],[2,0,1,2],[2,0,2,1,2],[2,1,1],[23,0,1],[4,0,1,3,2,2],[4,0,1,3,2,4,2],[29,0,1,2,2],[5,1,0,2,3,3],[5,1,0,2,3,5,4,3],[10,0,1,2,3,2],[10,1,2,3,1],[34,0,1,2,3,4,4],[35,0,1,1],[6,0,1,3,6,2,12,11,15,6],[6,0,1,3,7,2,8,4,5,12,11,13,14,9],[6,0,1,2,9,10,4,5,11,16,13,14,8],[36,0,1,1],[37,0,1,2,1],[38,0,1,1],[39,0,1,1]],[[[{"name":"bg-bottom","rect":{"x":0,"y":0,"width":2027,"height":1080},"offset":{"x":0,"y":0},"originalSize":{"width":2027,"height":1080},"rotated":false,"capInsets":[0,0,0,0],"vertices":{"rawPosition":[-1013.5,-540,0,1013.5,-540,0,-1013.5,540,0,1013.5,540,0],"indexes":[0,1,2,2,1,3],"uv":[0,1080,2027,1080,0,0,2027,0],"nuv":[0,0,1,0,0,1,1,1],"minPos":{"x":-1013.5,"y":-540,"z":0},"maxPos":{"x":1013.5,"y":540,"z":0}},"packable":true,"pixelsToUnit":100,"pivot":{"x":0.5,"y":0.5},"meshType":0}],[7],0,[0],[10],[3]],[[{"name":"bg-top","rect":{"x":0,"y":0,"width":2027,"height":1080},"offset":{"x":0,"y":0},"originalSize":{"width":2027,"height":1080},"rotated":false,"capInsets":[0,0,0,0],"vertices":{"rawPosition":[-1013.5,-540,0,1013.5,-540,0,-1013.5,540,0,1013.5,540,0],"indexes":[0,1,2,2,1,3],"uv":[0,1080,2027,1080,0,0,2027,0],"nuv":[0,0,1,0,0,1,1,1],"minPos":{"x":-1013.5,"y":-540,"z":0},"maxPos":{"x":1013.5,"y":540,"z":0}},"packable":true,"pixelsToUnit":100,"pivot":{"x":0.5,"y":0.5},"meshType":0}],[7],0,[0],[10],[4]],[[[21,"DashBoardScreenLandscape"],[22,"DashBoardScreenLandscape",[-38,-39,-40],[[4,-28,[1,"84A8IQf2tDqJ1gxLeIZDNy"],[5,1080,2280]],[12,45,750,1366,-29,[1,"63cfYSpp1BypOZ7QQu+/e1"]],[48,-30,[1,"255pUU7lxOd7LVPk7Usi2i"],[9,10]],[20,-31,[1,"fbdnKlNVdE+KDfd+ssjc3S"]],[50,-34,[1,"6euzCd/1RMW4kxEGEtDThz"],-33,-32],[51,-37,[1,"5d19ofbkBHKpf0JOXHOJoz"],-36,-35]],[27,"c46/YsCPVOJYA4mWEpNYRx",null,-27,0,[[52,["mill"],[0,["cfu1+FURVNdb1eTHsQrp01"]]],[53,["mill"],-4,[0,["cfu1+FURVNdb1eTHsQrp01"]]],[6,["tournamentButton"],-6,-5,[0,["70ACYOdbpDpKMB2+X+GAjK","d0EjQHKlJHjaX0NbS+kNpo"]]],[6,["playWithFriendsButton"],-8,-7,[0,["6awdwN151L55y0SKodiLPW","d0EjQHKlJHjaX0NbS+kNpo"]]],[6,["dailyMissionButton"],-10,-9,[0,["c6lfgh6TBII6/3sHVu6URE","d0EjQHKlJHjaX0NbS+kNpo"]]],[6,["shopButton"],-12,-11,[0,["0aP+jIMMhKQLDI2duKJEfq","d0EjQHKlJHjaX0NbS+kNpo"]]],[6,["globalLeaderboardButton"],-14,-13,[0,["86Q9sEd9dJ1JSFygdI4Ffq","d0EjQHKlJHjaX0NbS+kNpo"]]],[6,["dailyRewardButton"],-16,-15,[0,["36iLiCFHdLRLsVS/gcD6T8","d0EjQHKlJHjaX0NbS+kNpo"]]],[6,["playGameButton"],-18,-17,[0,["2ac0Dg/EVIDI2lXXmhXz8Y","3eOPlmpWtC1KO3lFhg3Ncj"]]],[6,["settingButton"],-20,-19,[0,["9fgJPg901BGYlqJe+tD2oZ","4boqtvWb5IT4wOqEmwoEZH"]]],[6,["playGameButtonLabel"],-22,-21,[0,["2ac0Dg/EVIDI2lXXmhXz8Y","a4frOoGmRLEqZEGJQ/SHPq"]]],[6,["dailyChallengeButton"],-24,-23,[0,["6db3SObslHNKjw2YLhmZAK","3eOPlmpWtC1KO3lFhg3Ncj"]]],[6,["leafRiseParticle"],-26,-25,[0,["591zW2fyBBua2lqGK/u9Yi"]]]],[-1,-2,-3]]],[55,[1,"8aA27bljpPkoezzd+PCOvz"]],[40,"Container",1,[-45,-46,-47],[[[4,-41,[1,"85bl4bDyxLDKqFJvkcQ45L"],[5,1080,2280]],[12,45,100,1366,-42,[1,"cfXb5ex8pKEqefyMMSRHZM"]],2,-43,-44],4,4,1,1,1],[5,"e2LwsybhhH1oS1YQTC2FaC",null,null,null,1,0]],[10,0,{},3,[28,"96GxZ6mCRIZoy7025gEYa8",null,-84,[16,"e0u86bz7ZMZKZkP55yNehE",1,[[2,"HeaderButtonsLandscape",["_name"],-80],[3,["_lpos"],-81,[1,0,1140,0]],[3,["_lrot"],-82,[3,0,0,0,1]],[3,["_euler"],-83,[1,0,0,0]]]],[[54,[0,["b8FHpChgpK9Ib4WeN/n3/F"]]],[29,-49,-48,[0,["12XFpJR41F4prlYOM+hGgw"]]],[11,[18,9,45.52800000000002,593.693,36.307000000000016,170,-51,[1,"a1EquLcNdIB47nqWVrb5uo"]],-50,[0,["a1EquLcNdIB47nqWVrb5uo"]]],[6,["rankLabel"],-53,-52,[0,["22Zgidk8hEqZ7b/J+dUsjf"]]],[6,["tournamentLabel"],-55,-54,[0,["20XaohKntHfqA48tZkM+nJ"]]],[11,[18,9,45.52800000000002,342.518,287.48199999999997,170,-57,[1,"a9hN0aAmFKPa8JfLEdVxPC"]],-56,[0,["a9hN0aAmFKPa8JfLEdVxPC"]]],[11,[18,9,45.52800000000002,91.34299999999999,538.657,170,-59,[1,"56qCQVps5Ds6pHP0ADidCI"]],-58,[0,["56qCQVps5Ds6pHP0ADidCI"]]],[9,["label"],-61,[0,["b714HxdZdECLuHzfrDdQ1H"]],-60,[0,["20XaohKntHfqA48tZkM+nJ"]]],[9,["label"],-63,[0,["b714HxdZdECLuHzfrDdQ1H"]],-62,[0,["20XaohKntHfqA48tZkM+nJ"]]],[11,[19,33,43.85700000000003,91.34299999999999,538.657,170,-65,[1,"19CIhETy5LD4wBzrSG6NLM"]],-64,[0,["19CIhETy5LD4wBzrSG6NLM"]]],[9,["label"],-67,[0,["b714HxdZdECLuHzfrDdQ1H"]],-66,[0,["20XaohKntHfqA48tZkM+nJ"]]],[9,["label"],-69,[0,["b714HxdZdECLuHzfrDdQ1H"]],-68,[0,["20XaohKntHfqA48tZkM+nJ"]]],[11,[19,33,43.85700000000003,341.674,288.326,170,-71,[1,"92bmw/Xw9K9YIKxBGc3Jwr"]],-70,[0,["92bmw/Xw9K9YIKxBGc3Jwr"]]],[11,[19,33,43.85700000000003,593.693,288.326,170,-73,[1,"77mgBqttZBWZ52Hzj8vab3"]],-72,[0,["77mgBqttZBWZ52Hzj8vab3"]]],[29,-75,-74,[0,["7fqY01uk1A8q6TCpJZPh3q"]]],[9,["label"],-77,[0,["b714HxdZdECLuHzfrDdQ1H"]],-76,[0,["20XaohKntHfqA48tZkM+nJ"]]],[6,["gift"],-79,-78,[0,["4b0xjFxeNFroWwwjOtf8ZD"]]]],3]],[36,"BackgroundMask",1,[[4,-85,[1,"18lbjuhGpEY7xy7AOXOe1i"],[5,1080,2280]],[49,0,-86,[1,"28n5gwXOhLtptS3Q/C37yX"]],[59,1,0,-87,[1,"37h04fzGVLT6m6NgG9xrvq"]],[12,45,3033,1334,-88,[1,"c5MuEQfGpCZppb/p5BKXHA"]],[32,-89,[1,"b93RT/XbNA6q0ROvWzr7eo"]],[33,-90,[1,"72I9kzQHJCO7BV+8nrViTh"]]],[5,"f7KQGA9yZEzIpqdcdZbwVI",null,null,null,1,0]],[22,"Cover",[-95,-96],[[4,-91,[1,"66UPADKc5IdZCMz4X72Qfv"],[5,2483,2280]],[43,5,-701.5,-701.5,2483,100,-92,[1,"62sS5WmlFPFbItqj0A2azm"]],[20,-93,[1,"89A0TUnHtHkaS3+oqgYluP"]],[34,-94,[1,"919OfcbAJMMqkFMfQWeR/K"]]],[5,"e4hJvmLP5EXLsOTqZTTh1a",null,null,null,1,0]],[8,"New Node"],[8,"New Node"],[10,0,{},3,[28,"b3g/sqyEtO6ojxr9fy0R5a",null,-106,[16,"ebSQa8CONP5YGEtjLGeFhb",1,[[2,"BottomButtonsLandscape",["_name"],-102],[3,["_lpos"],-103,[1,0,-1078.071,0]],[3,["_lrot"],-104,[3,0,0,0,1]],[3,["_euler"],-105,[1,0,0,0]]]],[[9,["iconTransform"],-98,[0,["cd2c3aCQBFIZh9ECx1AoBa"]],-97,[0,["09+QZQYnFBmrkqBN5Z5sFG"]]],[30,-99,[0,["56xLz9c0FNb65g614X8Sk0"]]],[9,["label"],-101,[0,["1fRol/IHtL7aybEbTBV86G"]],-100,[0,["a4frOoGmRLEqZEGJQ/SHPq"]]]],6]],[23,"BlackMask",1,[[[4,-107,[1,"83uzgzZnxGZrpXWciWzqRi"],[5,1080,2280]],-108,[60,1,0,-109,[1,"96bSl6vFVMtaNctj2iI5wM"],[4,4278190080],8],[12,45,3033,1334,-110,[1,"fdJrgtF3xPf4oB559LHmCO"]],[32,-111,[1,"bcYgBR0hZFirLk9U1H3/x4"]],[33,-112,[1,"70FxzI3/BN+q/5Ti5dDLeZ"]]],4,1,4,4,4,4],[5,"b4uA9cYk5OOZXBANrTNDxM",null,null,null,1,0]],[37,"ScrollGlowCover",3,[-115,6,-116],[[4,-113,[1,"f3acX6alRPHbW1dt0/2Seb"],[5,1080,2280]],[12,45,100,100,-114,[1,"a6LTYnxP1P95H4ZBdGo63K"]]],[5,"63EK3r19VEI5GZjzJymK+K",null,null,null,1,0]],[10,0,{},11,[15,"c46/YsCPVOJYA4mWEpNYRx",null,null,-122,[56,"e0OtjB2oFM8JBpUJXsw128",1,[[35,[0,["c46/YsCPVOJYA4mWEpNYRx"]],[[44,4,-100,-121,[1,"974YTI6UFJX6gOF3qtf7Gp"]]]]],[[2,"LeafRise",["_name"],-117],[3,["_lpos"],-118,[1,0,-990,0]],[3,["_lrot"],-119,[3,0,0,0,1]],[3,["_euler"],-120,[1,0,0,0]]]],2]],[23,"Scroller",11,[[[4,-123,[1,"15Eo9rGAhOrp7e0RQAOj7Y"],[5,1080,2880]],[45,45,-300,-300,100,100,-124,[1,"cfZgh6O81G8JEwFK6sk9B7"]],-125],4,4,1],[5,"91D+qkcAFEtLfxvg2MUfQJ",null,null,null,1,0]],[14,"DarkTop",6,[[25,-126,[1,"6bHc/TLKROd6dr871zyh+w"],[5,2483,2281],[0,0.5,1]],[46,45,-1,1080,2281,-127,[1,"a5a8k7RdtC6pUYATkhykln"]],[13,0,-128,[1,"caLQlazEpLEKMO5/49DgRW"],0]],[5,"af5KiggpNLQocL31ohLeeT",null,null,null,1,0],[1,0,1140,0]],[14,"DarkBottom",6,[[4,-129,[1,"93fps+YVlAeYB+VZMUYz1k"],[5,2483,2281]],[47,45,-1,1080,2281,-130,[1,"95U+bVqA1DBLY2zr3m9Tni"]],[13,0,-131,[1,"72c/FU1ydEKoLBHUq+feC7"],1]],[5,"29exnvlJ5OerTBUXoMgLhS",null,null,null,1,0],[1,0,0.5,0]],[0,["c46/YsCPVOJYA4mWEpNYRx"]],[0,["96GxZ6mCRIZoy7025gEYa8"]],[24,"Label",[[[4,-132,[1,"f3cRqbv1BELJ+9BbtRDBS/"],[5,119.89250183105469,50.4]],-133,[61,false,-135,[1,"b714HxdZdECLuHzfrDdQ1H"],-134]],4,1,4],[5,"8e25yrYFNBHKeGajGhols5",null,null,null,1,0],[1,-1.365,4.499,0]],[8,"New Node"],[8,"New Node"],[8,"New Node"],[8,"New Node"],[0,["b3g/sqyEtO6ojxr9fy0R5a"]],[24,"Label",[[[4,-136,[1,"d0XIkqwp9BXIKXxrRYP72c"],[5,250.46298217773438,80.136]],-137,[62,-139,[1,"1fRol/IHtL7aybEbTBV86G"],-138]],4,1,4],[5,"84V+HawL1FJ5DXuIi6gJED",null,null,null,1,0],[1,37.900000000000006,0,0]],[42,"Layout",[8,"New Node"],[-142,24],[[4,-140,[1,"56AKbD9ntAhJgCpyBZFZZ+"],[5,326.2629821777344,84.6]],[63,1,1,6,-141,[1,"cdZlWftOVOCYHCK1b1vEOw"]]],[5,"e7C1QmBDdIOZ96p+LF02Zz",null,null,null,1,0],[1,0,9,0]],[64,7,[1,"12XFpJR41F4prlYOM+hGgw"]],[65,"Tournament",25.8,25.8,false,false,18,[1,"20XaohKntHfqA48tZkM+nJ"],[4,4289017878]],[38,"CounterWhite",7,[18],[[4,-143,[1,"f5JrmaGCFONI/M8Mqkct+M"],[5,166,56]],[13,0,-144,[1,"865yHIimhN+qMcNMEdHpCD"],4]],[5,"92XxHkknJGbZ8NC8bEgWdP",null,null,null,1,0],[1,1.715,-82.257,0]],[14,"Icon",8,[[4,-145,[1,"d6tbKt8KVP244HCkefSsFH"],[5,149,160]],[13,2,-146,[1,"02yJYqsl1Il5T8dwb8xsc5"],5]],[5,"4b0xjFxeNFroWwwjOtf8ZD",null,null,null,1,0],[1,0,1.3279999999999745,0]],[8,"New Node"],[66,"LEVEL 17",73,73,63.6,false,1,true,5.7,24,[1,"a4frOoGmRLEqZEGJQ/SHPq"],[4,1325400064],[0,0,-2.8]],[14,"Icon",25,[[4,-147,[1,"64ZwWAKNlAMJqyFe2i/Umn"],[5,69.8,84.6]],[13,0,-148,[1,"12C5iY1Y5DsI8tWEuwtyXm"],7]],[5,"6eu1tsBk9Ga4oT+PCm7EaS",null,null,null,1,0],[1,-128.2314910888672,0,0]],[68,13,[1,"81Tl/gdVdMVq9DRL6BMwhN"]],[67,"5",40,false,true,1.6,true,0,[1,"22Zgidk8hEqZ7b/J+dUsjf"],[4,4278205118],[4,4278205118],[0,-1.5,-2.6]],[41,"RankText",7,[[[4,-149,[1,"1bYc0+wQZMVbO+paHbWeBc"],[5,23.839999389648437,53.6]],34],4,1],[5,"bd5BZlKltFiY/hQACE90PY",null,null,null,1,0],[1,0,-34,0]],[69,8,[1,"7fqY01uk1A8q6TCpJZPh3q"],29],[8,"New Node"],[70,3,[1,"e4gkkU1XZNga5qVnuus4Nl"]],[71,3,[1,"c9cdbdswNCNJgPqP4KCUB0"]],[20,10,[1,"03iyo7KbtE3rz9fU9rpuTn"]]],0,[0,-1,9,0,-2,4,0,-3,12,0,3,2,0,2,4,0,3,2,0,2,4,0,3,2,0,2,4,0,3,2,0,2,4,0,3,2,0,2,4,0,3,2,0,2,4,0,3,2,0,2,9,0,3,2,0,2,9,0,3,2,0,2,9,0,3,2,0,2,9,0,3,2,0,2,12,0,3,2,0,4,1,0,0,1,0,0,1,0,0,1,0,0,1,0,14,5,0,11,3,0,0,1,0,15,40,0,11,2,0,0,1,0,-1,5,0,-2,3,0,-3,10,0,0,3,0,0,3,0,-4,39,0,-5,38,0,-1,11,0,-2,4,0,-3,9,0,2,7,0,3,26,0,2,7,0,0,7,0,2,7,0,3,26,0,2,7,0,3,26,0,2,19,0,0,19,0,2,20,0,0,20,0,2,20,0,3,20,0,2,19,0,3,19,0,2,21,0,0,21,0,2,21,0,3,21,0,2,22,0,3,22,0,2,22,0,0,22,0,2,8,0,0,8,0,2,8,0,3,36,0,2,8,0,3,8,0,2,8,0,3,36,0,1,17,0,1,17,0,1,17,0,1,17,0,4,4,0,0,5,0,0,5,0,0,5,0,0,5,0,0,5,0,0,5,0,0,6,0,0,6,0,0,6,0,0,6,0,-1,14,0,-2,15,0,2,30,0,3,30,0,2,30,0,2,37,0,3,37,0,1,23,0,1,23,0,1,23,0,1,23,0,4,9,0,0,10,0,-2,40,0,0,10,0,0,10,0,0,10,0,0,10,0,0,11,0,0,11,0,-1,13,0,-3,12,0,1,16,0,1,16,0,1,16,0,1,16,0,0,12,0,4,12,0,0,13,0,0,13,0,-3,33,0,0,14,0,0,14,0,0,14,0,0,15,0,0,15,0,0,15,0,0,18,0,-2,27,0,12,27,0,0,18,0,0,24,0,-2,31,0,12,31,0,0,24,0,0,25,0,0,25,0,-1,32,0,0,28,0,0,28,0,0,29,0,0,29,0,0,32,0,0,32,0,0,35,0,13,1,2,16,33,2,17,4,2,18,6,2,19,9,2,20,31,2,21,39,2,22,38,2,0,3,6,8,11,18,8,28,24,8,25,26,23,27,26,24,34,34,0,35,149],[0,0,0,0,0,0,0,0,0,0,0,33,33,33,34,27,38,39,31],[5,5,6,6,5,5,6,5,5,-1,-2,25,26,27,9,9,28,29,9],[5,6,7,8,9,10,11,0,12,13,14,15,16,17,18,1,19,20,1]],[[[21,"BottomButtonsLandscape"],[39,"BottomButtonsLandscape",[-13,-14,-15],[[25,-10,[1,"c4HA5SRvRA6YQ2DsTW8GrD"],[5,2483,190.1],[0,0.5,0]],[26,4,-701.5,-701.5,61.92900000000009,2483,-11,[1,"bdOCLC351GiqKJ8UzUbISF"]],[34,-12,[1,"78nTdYoyVALJ3KUt8/F7fc"]]],[27,"b3g/sqyEtO6ojxr9fy0R5a",null,-9,0,[[9,["iconTransform"],-5,[0,["cd2c3aCQBFIZh9ECx1AoBa"]],-4,[0,["09+QZQYnFBmrkqBN5Z5sFG"]]],[30,-6,[0,["56xLz9c0FNb65g614X8Sk0"]]],[9,["label"],-8,[0,["1fRol/IHtL7aybEbTBV86G"]],-7,[0,["a4frOoGmRLEqZEGJQ/SHPq"]]]],[-1,-2,-3]],[1,0,-1078.071,0]],[10,0,{},1,[15,"fakQ6jWQ9DQIpjW1QsndY3",null,null,-24,[57,"9fgJPg901BGYlqJe+tD2oZ",1,[[35,[0,["fakQ6jWQ9DQIpjW1QsndY3"]],[[26,36,1638.318,65.5,51.94,73,-23,[1,"56xLz9c0FNb65g614X8Sk0"]]]]],[[2,"SettingButton",["_name"],-16],[3,["_lpos"],-17,[1,1135,92.94,0]],[3,["_lrot"],-18,[3,0,0,0,1]],[3,["_euler"],-19,[1,0,0,0]],[2,1073741824,["_layer"],-20],[31,0.67,["hitAreaIncreasePercent"],[0,["cd2c3aCQBFIZh9ECx1AoBa"]]],[7,["_contentSize"],[0,["09+QZQYnFBmrkqBN5Z5sFG"]],[5,73,80]],[17,["_spriteFrame"],-21,4],[2,0,["_sizeMode"],-22]],[[0,["f4Wb9gPL1A96pwLOybWrMF"]]]],3]],[10,0,{},1,[15,"fakQ6jWQ9DQIpjW1QsndY3",null,null,-38,[16,"6db3SObslHNKjw2YLhmZAK",1,[[2,"DailyChallengeButton",["_name"],-25],[3,["_lpos"],-26,[1,0,83.212,0]],[3,["_lrot"],-27,[3,0,0,0,1]],[3,["_euler"],-28,[1,0,0,0]],[2,1073741824,["_layer"],-29],[7,["_lpos"],[0,["e7C1QmBDdIOZ96p+LF02Zz"]],[1,0,6,0]],[7,["_contentSize"],[0,["64ZwWAKNlAMJqyFe2i/Umn"]],[5,78,79]],[17,["_spriteFrame"],-30,1],[2,1,["_sizeMode"],-31],[7,["_lpos"],[0,["84V+HawL1FJ5DXuIi6gJED"]],[1,42,0,0]],[7,["_contentSize"],[0,["56AKbD9ntAhJgCpyBZFZZ+"]],[5,292.5299530029297,79]],[7,["_lpos"],[0,["6eu1tsBk9Ga4oT+PCm7EaS"]],[1,-107.26497650146484,0,0]],[2,"CHALLENGE",["_string"],-32],[2,45,["_actualFontSize"],-33],[2,45,["_fontSize"],-34],[2,50,["_lineHeight"],-35],[7,["_contentSize"],[0,["d0XIkqwp9BXIKXxrRYP72c"]],[5,208.5299530029297,63]],[31,"CHALLENGE",["_key"],[0,["1fRol/IHtL7aybEbTBV86G"]]],[7,["_contentSize"],[0,["51nLj8MP1BEKAm/XQFV5/Y"]],[5,408,126]],[17,["_spriteFrame"],-36,2],[2,0,["_sizeMode"],-37]]],0]],[0,["fakQ6jWQ9DQIpjW1QsndY3"]],[0,["fakQ6jWQ9DQIpjW1QsndY3"]],[0,["fakQ6jWQ9DQIpjW1QsndY3"]],[0,["a4frOoGmRLEqZEGJQ/SHPq"]],[10,0,{},1,[15,"fakQ6jWQ9DQIpjW1QsndY3",null,null,-44,[16,"2ac0Dg/EVIDI2lXXmhXz8Y",1,[[2,"PlayLevelButton",["_name"],6],[3,["_lpos"],6,[1,0,283.212,0]],[3,["_lrot"],6,[3,0,0,0,1]],[3,["_euler"],6,[1,0,0,0]],[2,1073741824,["_layer"],6],[7,["_contentSize"],[0,["51nLj8MP1BEKAm/XQFV5/Y"]],[5,482,147]],[17,["_spriteFrame"],-39,6],[2,0,["_sizeMode"],-40],[7,["_lpos"],[0,["e7C1QmBDdIOZ96p+LF02Zz"]],[1,0,9,0]],[58,["_spriteFrame"],[0,["12C5iY1Y5DsI8tWEuwtyXm"]],7],[7,["_lpos"],[0,["6eu1tsBk9Ga4oT+PCm7EaS"]],[1,-140.23995971679688,0,0]],[2,"LEVEL 17",["_string"],-41],[7,["_contentSize"],[0,["d0XIkqwp9BXIKXxrRYP72c"]],[5,274.47991943359375,80.136]],[7,["_contentSize"],[0,["56AKbD9ntAhJgCpyBZFZZ+"]],[5,350.27991943359376,84.6]],[2,80,["_fontSize"],-42],[2,80,["_actualFontSize"],-43]]],5]],[0,["a4frOoGmRLEqZEGJQ/SHPq"]],[0,["12C5iY1Y5DsI8tWEuwtyXm"]],[0,["21l2dsf9JN2YrqHT15k4cb"]],[0,["568UEcOa1DhLOPUR/PnWbP"]],[0,["21l2dsf9JN2YrqHT15k4cb"]]],0,[0,-1,8,0,-2,2,0,-3,3,0,2,2,0,3,2,0,2,2,0,2,3,0,3,3,0,4,1,0,0,1,0,0,1,0,0,1,0,-1,3,0,-2,2,0,-3,8,0,1,5,0,1,5,0,1,5,0,1,5,0,1,5,0,1,12,0,1,12,0,0,2,0,4,2,0,1,4,0,1,4,0,1,4,0,1,4,0,1,4,0,1,10,0,1,10,0,1,7,0,1,7,0,1,7,0,1,7,0,1,11,0,1,11,0,4,3,0,1,13,0,1,13,0,1,9,0,1,9,0,1,9,0,4,8,0,13,1,44],[0,0,0,0,0,0,0,0],[6,7,7,6,7,6,7,7],[2,21,22,23,24,2,25,0]]]]
