[1,["137f41388@6c48a"],["_textureSource"],["cc.SpriteFrame"],0,[[[{"name":"score-u","rect":{"x":229,"y":3,"width":197,"height":76},"offset":{"x":0,"y":0},"originalSize":{"width":197,"height":76},"rotated":false,"capInsets":[0,0,0,0],"packable":true,"pixelsToUnit":100,"pivot":{"x":0.5,"y":0.5},"meshType":0}],[0],0,[0],[0],[0]],[[{"name":"blue-box-glow","rect":{"x":210,"y":229,"width":199,"height":199},"offset":{"x":0,"y":0},"originalSize":{"width":199,"height":199},"rotated":false,"capInsets":[0,0,0,0],"packable":true,"pixelsToUnit":100,"pivot":{"x":0.5,"y":0.5},"meshType":0}],[0],0,[0],[0],[0]],[[{"name":"purple-box-glow","rect":{"x":3,"y":3,"width":220,"height":220},"offset":{"x":0,"y":0},"originalSize":{"width":220,"height":220},"rotated":false,"capInsets":[0,0,0,0],"packable":true,"pixelsToUnit":100,"pivot":{"x":0.5,"y":0.5},"meshType":0}],[0],0,[0],[0],[0]],[[{"name":"pink-box-glow","rect":{"x":3,"y":229,"width":201,"height":201},"offset":{"x":0,"y":0},"originalSize":{"width":201,"height":201},"rotated":false,"capInsets":[0,0,0,0],"packable":true,"pixelsToUnit":100,"pivot":{"x":0.5,"y":0.5},"meshType":0}],[0],0,[0],[0],[0]]]]
