[1,["1318b7f7e@6c48a"],["_textureSource"],["cc.SpriteFrame"],0,[[[{"name":"counter-block-bg","rect":{"x":3,"y":1788,"width":240,"height":100},"offset":{"x":0,"y":0},"originalSize":{"width":240,"height":100},"rotated":false,"capInsets":[0,0,0,0],"packable":true,"pixelsToUnit":100,"pivot":{"x":0.5,"y":0.5},"meshType":0}],[0],0,[0],[0],[0]],[[{"name":"icon-back","rect":{"x":257,"y":1300,"width":69,"height":62},"offset":{"x":0,"y":0},"originalSize":{"width":69,"height":62},"rotated":false,"capInsets":[0,0,0,0],"packable":true,"pixelsToUnit":100,"pivot":{"x":0.5,"y":0.5},"meshType":0}],[0],0,[0],[0],[0]],[[{"name":"comet","rect":{"x":336,"y":1194,"width":64,"height":74},"offset":{"x":-1,"y":1},"originalSize":{"width":80,"height":80},"rotated":true,"capInsets":[0,0,0,0],"packable":true,"pixelsToUnit":100,"pivot":{"x":0.5,"y":0.5},"meshType":0}],[0],0,[0],[0],[0]],[[{"name":"soap","rect":{"x":113,"y":2018,"width":29,"height":27},"offset":{"x":0,"y":0},"originalSize":{"width":29,"height":27},"rotated":false,"capInsets":[0,0,0,0],"packable":true,"pixelsToUnit":100,"pivot":{"x":0.5,"y":0.5},"meshType":0}],[0],0,[0],[0],[0]],[[{"name":"ic-gem-group","rect":{"x":3,"y":1894,"width":146,"height":104},"offset":{"x":0,"y":0},"originalSize":{"width":146,"height":104},"rotated":true,"capInsets":[0,0,0,0],"packable":true,"pixelsToUnit":100,"pivot":{"x":0.5,"y":0.5},"meshType":0}],[0],0,[0],[0],[0]],[[{"name":"shuffle","rect":{"x":487,"y":382,"width":105,"height":130},"offset":{"x":0,"y":0},"originalSize":{"width":105,"height":130},"rotated":true,"capInsets":[0,0,0,0],"packable":true,"pixelsToUnit":100,"pivot":{"x":0.5,"y":0.5},"meshType":0}],[0],0,[0],[0],[0]],[[{"name":"ruby-bottom","rect":{"x":432,"y":612,"width":43,"height":39},"offset":{"x":0,"y":0},"originalSize":{"width":43,"height":39},"rotated":false,"capInsets":[0,0,0,0],"packable":true,"pixelsToUnit":100,"pivot":{"x":0.5,"y":0.5},"meshType":0}],[0],0,[0],[0],[0]],[[{"name":"lock","rect":{"x":431,"y":727,"width":174,"height":178},"offset":{"x":0,"y":0},"originalSize":{"width":174,"height":178},"rotated":true,"capInsets":[0,0,0,0],"packable":true,"pixelsToUnit":100,"pivot":{"x":0.5,"y":0.5},"meshType":0}],[0],0,[0],[0],[0]],[[{"name":"wand_add","rect":{"x":249,"y":1820,"width":122,"height":123},"offset":{"x":0,"y":0},"originalSize":{"width":122,"height":123},"rotated":true,"capInsets":[0,0,0,0],"packable":true,"pixelsToUnit":100,"pivot":{"x":0.5,"y":0.5},"meshType":0}],[0],0,[0],[0],[0]],[[{"name":"rack_single","rect":{"x":568,"y":1654,"width":124,"height":118},"offset":{"x":0,"y":0},"originalSize":{"width":124,"height":118},"rotated":false,"capInsets":[0,0,0,0],"packable":true,"pixelsToUnit":100,"pivot":{"x":0.5,"y":0.5},"meshType":0}],[0],0,[0],[0],[0]],[[{"name":"setting-base","rect":{"x":556,"y":1778,"width":100,"height":100},"offset":{"x":0,"y":0},"originalSize":{"width":100,"height":100},"rotated":false,"capInsets":[0,0,0,0],"packable":true,"pixelsToUnit":100,"pivot":{"x":0.5,"y":0.5},"meshType":0}],[0],0,[0],[0],[0]],[[{"name":"b_vfx_2","rect":{"x":583,"y":1523,"width":125,"height":125},"offset":{"x":0,"y":0},"originalSize":{"width":125,"height":125},"rotated":false,"capInsets":[0,0,0,0],"packable":true,"pixelsToUnit":100,"pivot":{"x":0.5,"y":0.5},"meshType":0}],[0],0,[0],[0],[0]],[[{"name":"dot","rect":{"x":623,"y":484,"width":80,"height":80},"offset":{"x":0,"y":0},"originalSize":{"width":80,"height":80},"rotated":false,"capInsets":[0,0,0,0],"packable":true,"pixelsToUnit":100,"pivot":{"x":0.5,"y":0.5},"meshType":0}],[0],0,[0],[0],[0]],[[{"name":"hand","rect":{"x":420,"y":1145,"width":173,"height":197},"offset":{"x":0,"y":0},"originalSize":{"width":173,"height":197},"rotated":false,"capInsets":[0,0,0,0],"packable":true,"pixelsToUnit":100,"pivot":{"x":0.5,"y":0.5},"meshType":0}],[0],0,[0],[0],[0]],[[{"name":"ic-gem","rect":{"x":336,"y":1264,"width":72,"height":64},"offset":{"x":0,"y":0},"originalSize":{"width":72,"height":64},"rotated":false,"capInsets":[0,0,0,0],"packable":true,"pixelsToUnit":100,"pivot":{"x":0.5,"y":0.5},"meshType":0}],[0],0,[0],[0],[0]],[[{"name":"undo","rect":{"x":613,"y":1130,"width":128,"height":78},"offset":{"x":0,"y":0},"originalSize":{"width":128,"height":78},"rotated":true,"capInsets":[0,0,0,0],"packable":true,"pixelsToUnit":100,"pivot":{"x":0.5,"y":0.5},"meshType":0}],[0],0,[0],[0],[0]],[[{"name":"ruby-bottom-base","rect":{"x":624,"y":3,"width":157,"height":85},"offset":{"x":0,"y":0},"originalSize":{"width":157,"height":85},"rotated":true,"capInsets":[0,0,0,0],"packable":true,"pixelsToUnit":100,"pivot":{"x":0.5,"y":0.5},"meshType":0}],[0],0,[0],[0],[0]],[[{"name":"shuffle_bottom","rect":{"x":621,"y":570,"width":91,"height":88},"offset":{"x":0,"y":0},"originalSize":{"width":111,"height":108},"rotated":true,"capInsets":[0,0,0,0],"packable":true,"pixelsToUnit":100,"pivot":{"x":0.5,"y":0.5},"meshType":0}],[0],0,[0],[0],[0]],[[{"name":"ic-remove-ad","rect":{"x":252,"y":1686,"width":128,"height":128},"offset":{"x":0,"y":0},"originalSize":{"width":128,"height":128},"rotated":false,"capInsets":[0,0,0,0],"packable":true,"pixelsToUnit":100,"pivot":{"x":0.5,"y":0.5},"meshType":0}],[0],0,[0],[0],[0]],[[{"name":"btn-green","rect":{"x":3,"y":3,"width":615,"height":241},"offset":{"x":0,"y":0},"originalSize":{"width":615,"height":241},"rotated":false,"capInsets":[0,0,0,0],"packable":true,"pixelsToUnit":100,"pivot":{"x":0.5,"y":0.5},"meshType":0}],[0],0,[0],[0],[0]],[[{"name":"undo_add","rect":{"x":624,"y":166,"width":138,"height":85},"offset":{"x":0,"y":0},"originalSize":{"width":138,"height":85},"rotated":true,"capInsets":[0,0,0,0],"packable":true,"pixelsToUnit":100,"pivot":{"x":0.5,"y":0.5},"meshType":0}],[0],0,[0],[0],[0]],[[{"name":"bright-dust","rect":{"x":432,"y":657,"width":36,"height":36},"offset":{"x":0,"y":0},"originalSize":{"width":36,"height":36},"rotated":false,"capInsets":[0,0,0,0],"packable":true,"pixelsToUnit":100,"pivot":{"x":0.5,"y":0.5},"meshType":0}],[0],0,[0],[0],[0]],[[{"name":"ic-magic-wand","rect":{"x":487,"y":250,"width":126,"height":131},"offset":{"x":0,"y":0},"originalSize":{"width":126,"height":131},"rotated":true,"capInsets":[0,0,0,0],"packable":true,"pixelsToUnit":100,"pivot":{"x":0.5,"y":0.5},"meshType":0}],[0],0,[0],[0],[0]],[[{"name":"shuffle_top","rect":{"x":617,"y":667,"width":87,"height":88},"offset":{"x":0,"y":0},"originalSize":{"width":107,"height":108},"rotated":true,"capInsets":[0,0,0,0],"packable":true,"pixelsToUnit":100,"pivot":{"x":0.5,"y":0.5},"meshType":0}],[0],0,[0],[0],[0]],[[{"name":"ic-shuffle","rect":{"x":252,"y":1576,"width":104,"height":135},"offset":{"x":0,"y":0},"originalSize":{"width":104,"height":135},"rotated":true,"capInsets":[0,0,0,0],"packable":true,"pixelsToUnit":100,"pivot":{"x":0.5,"y":0.5},"meshType":0}],[0],0,[0],[0],[0]],[[{"name":"star-white","rect":{"x":432,"y":566,"width":40,"height":44},"offset":{"x":-2,"y":2},"originalSize":{"width":70,"height":70},"rotated":true,"capInsets":[0,0,0,0],"packable":true,"pixelsToUnit":100,"pivot":{"x":0.5,"y":0.5},"meshType":0}],[0],0,[0],[0],[0]],[[{"name":"x","rect":{"x":257,"y":1368,"width":62,"height":66},"offset":{"x":0,"y":0},"originalSize":{"width":62,"height":66},"rotated":true,"capInsets":[0,0,0,0],"packable":true,"pixelsToUnit":100,"pivot":{"x":0.5,"y":0.5},"meshType":0}],[0],0,[0],[0],[0]],[[{"name":"soar-circle","rect":{"x":662,"y":1778,"width":32,"height":32},"offset":{"x":0,"y":0},"originalSize":{"width":32,"height":32},"rotated":false,"capInsets":[0,0,0,0],"packable":true,"pixelsToUnit":100,"pivot":{"x":0.5,"y":0.5},"meshType":0}],[0],0,[0],[0],[0]],[[{"name":"ic-undo","rect":{"x":482,"y":604,"width":117,"height":129},"offset":{"x":0,"y":0},"originalSize":{"width":117,"height":129},"rotated":true,"capInsets":[0,0,0,0],"packable":true,"pixelsToUnit":100,"pivot":{"x":0.5,"y":0.5},"meshType":0}],[0],0,[0],[0],[0]],[[{"name":"shuffle_add","rect":{"x":502,"y":1901,"width":107,"height":104},"offset":{"x":0,"y":0},"originalSize":{"width":107,"height":104},"rotated":true,"capInsets":[0,0,0,0],"packable":true,"pixelsToUnit":100,"pivot":{"x":0.5,"y":0.5},"meshType":0}],[0],0,[0],[0],[0]],[[{"name":"lock","rect":{"x":432,"y":516,"width":44,"height":47},"offset":{"x":-0.5,"y":0.5},"originalSize":{"width":49,"height":52},"rotated":true,"capInsets":[0,0,0,0],"packable":true,"pixelsToUnit":100,"pivot":{"x":0.5,"y":0.5},"meshType":0}],[0],0,[0],[0],[0]],[[{"name":"wand","rect":{"x":378,"y":1901,"width":118,"height":122},"offset":{"x":0,"y":0},"originalSize":{"width":118,"height":122},"rotated":false,"capInsets":[0,0,0,0],"packable":true,"pixelsToUnit":100,"pivot":{"x":0.5,"y":0.5},"meshType":0}],[0],0,[0],[0],[0]],[[{"name":"icon-gold-tile","rect":{"x":615,"y":868,"width":93,"height":93},"offset":{"x":0,"y":0},"originalSize":{"width":93,"height":93},"rotated":false,"capInsets":[0,0,0,0],"packable":true,"pixelsToUnit":100,"pivot":{"x":0.5,"y":0.5},"meshType":0}],[0],0,[0],[0],[0]],[[{"name":"shuffle","rect":{"x":485,"y":493,"width":105,"height":130},"offset":{"x":0,"y":0},"originalSize":{"width":105,"height":130},"rotated":true,"capInsets":[0,0,0,0],"packable":true,"pixelsToUnit":100,"pivot":{"x":0.5,"y":0.5},"meshType":0}],[0],0,[0],[0],[0]],[[{"name":"star_2_white","rect":{"x":405,"y":1348,"width":172,"height":213},"offset":{"x":-3.5,"y":-3.5},"originalSize":{"width":295,"height":292},"rotated":false,"capInsets":[0,0,0,0],"packable":true,"pixelsToUnit":100,"pivot":{"x":0.5,"y":0.5},"meshType":0}],[0],0,[0],[0],[0]],[[{"name":"ad_icon","rect":{"x":624,"y":310,"width":98,"height":85},"offset":{"x":0,"y":0},"originalSize":{"width":98,"height":85},"rotated":true,"capInsets":[0,0,0,0],"packable":true,"pixelsToUnit":100,"pivot":{"x":0.5,"y":0.5},"meshType":0}],[0],0,[0],[0],[0]],[[{"name":"wand_add_2","rect":{"x":599,"y":1264,"width":109,"height":121},"offset":{"x":0,"y":0},"originalSize":{"width":109,"height":121},"rotated":false,"capInsets":[0,0,0,0],"packable":true,"pixelsToUnit":100,"pivot":{"x":0.5,"y":0.5},"meshType":0}],[0],0,[0],[0],[0]],[[{"name":"booster_value","rect":{"x":615,"y":967,"width":76,"height":80},"offset":{"x":0,"y":0},"originalSize":{"width":76,"height":80},"rotated":true,"capInsets":[0,0,0,0],"packable":true,"pixelsToUnit":100,"pivot":{"x":0.5,"y":0.5},"meshType":0}],[0],0,[0],[0],[0]],[[{"name":"plus","rect":{"x":241,"y":1948,"width":50,"height":53},"offset":{"x":0,"y":0},"originalSize":{"width":50,"height":53},"rotated":false,"capInsets":[0,0,0,0],"packable":true,"pixelsToUnit":100,"pivot":{"x":0.5,"y":0.5},"meshType":0}],[0],0,[0],[0],[0]],[[{"name":"ic-basket-2","rect":{"x":3,"y":1060,"width":327,"height":234},"offset":{"x":0,"y":0},"originalSize":{"width":327,"height":234},"rotated":false,"capInsets":[0,0,0,0],"packable":true,"pixelsToUnit":100,"pivot":{"x":0.5,"y":0.5},"meshType":0}],[0],0,[0],[0],[0]],[[{"name":"lock_placeholder","rect":{"x":615,"y":1049,"width":75,"height":79},"offset":{"x":-0.5,"y":0.5},"originalSize":{"width":80,"height":84},"rotated":true,"capInsets":[0,0,0,0],"packable":true,"pixelsToUnit":100,"pivot":{"x":0.5,"y":0.5},"meshType":0}],[0],0,[0],[0],[0]],[[{"name":"ribbon","rect":{"x":420,"y":1087,"width":187,"height":52},"offset":{"x":0,"y":0},"originalSize":{"width":187,"height":52},"rotated":false,"capInsets":[0,0,0,0],"packable":true,"pixelsToUnit":100,"pivot":{"x":0.5,"y":0.5},"meshType":0}],[0],0,[0],[0],[0]],[[{"name":"tag","rect":{"x":623,"y":414,"width":83,"height":64},"offset":{"x":0,"y":0},"originalSize":{"width":83,"height":64},"rotated":false,"capInsets":[0,0,0,0],"packable":true,"pixelsToUnit":100,"pivot":{"x":0.5,"y":0.5},"meshType":0}],[0],0,[0],[0],[0]],[[{"name":"icon-setting","rect":{"x":332,"y":1334,"width":65,"height":67},"offset":{"x":0,"y":0},"originalSize":{"width":65,"height":67},"rotated":true,"capInsets":[0,0,0,0],"packable":true,"pixelsToUnit":100,"pivot":{"x":0.5,"y":0.5},"meshType":0}],[0],0,[0],[0],[0]]]]
