[1,["445ap6NPtFfbxHTIMfxlC8@6c48a"],["_textureSource"],["cc.SpriteFrame"],0,[{"name":"journey-portrait","rect":{"x":0,"y":0,"width":750,"height":1410},"offset":{"x":0,"y":0},"originalSize":{"width":750,"height":1410},"rotated":false,"capInsets":[0,0,0,0],"vertices":{"rawPosition":[-375,-705,0,375,-705,0,-375,705,0,375,705,0],"indexes":[0,1,2,2,1,3],"uv":[0,1410,750,1410,0,0,750,0],"nuv":[0,0,1,0,0,1,1,1],"minPos":{"x":-375,"y":-705,"z":0},"maxPos":{"x":375,"y":705,"z":0}},"packable":true,"pixelsToUnit":100,"pivot":{"x":0.5,"y":0.5},"meshType":0}],[0],0,[0],[0],[0]]
