{"textures":[{"image":"default-resources-0.png","format":"RGBA8888","size":{"w":1208,"h":1208},"scale":0.5,"frames":[{"filename":"bg/bg-middle-2","rotated":false,"trimmed":false,"sourceSize":{"w":450,"h":425},"spriteSourceSize":{"x":0,"y":0,"w":450,"h":425},"frame":{"x":2,"y":2,"w":450,"h":425}},{"filename":"bg/bg-middle","rotated":false,"trimmed":false,"sourceSize":{"w":360,"h":425},"spriteSourceSize":{"x":0,"y":0,"w":360,"h":425},"frame":{"x":2,"y":430,"w":360,"h":425}},{"filename":"ui-ngang/bg-middle","rotated":false,"trimmed":false,"sourceSize":{"w":360,"h":284},"spriteSourceSize":{"x":0,"y":0,"w":360,"h":284},"frame":{"x":455,"y":2,"w":360,"h":284}},{"filename":"footer","rotated":false,"trimmed":false,"sourceSize":{"w":375,"h":77},"spriteSourceSize":{"x":0,"y":0,"w":375,"h":77},"frame":{"x":818,"y":2,"w":375,"h":77}},{"filename":"ui-ngang/bg-top","rotated":false,"trimmed":false,"sourceSize":{"w":360,"h":89},"spriteSourceSize":{"x":0,"y":0,"w":360,"h":89},"frame":{"x":2,"y":858,"w":360,"h":89}},{"filename":"ui-ngang/bg-bottom","rotated":false,"trimmed":false,"sourceSize":{"w":360,"h":88},"spriteSourceSize":{"x":0,"y":0,"w":360,"h":88},"frame":{"x":455,"y":289,"w":360,"h":88}},{"filename":"leaderboards/bg-top","rotated":false,"trimmed":false,"sourceSize":{"w":475,"h":84},"spriteSourceSize":{"x":0,"y":0,"w":475,"h":84},"frame":{"x":2,"y":950,"w":475,"h":84}},{"filename":"leaderboards/bg-bottom","rotated":false,"trimmed":false,"sourceSize":{"w":475,"h":34},"spriteSourceSize":{"x":0,"y":0,"w":475,"h":34},"frame":{"x":2,"y":1037,"w":475,"h":34}},{"filename":"bg/bg-bottom-2","rotated":false,"trimmed":false,"sourceSize":{"w":450,"h":56},"spriteSourceSize":{"x":0,"y":0,"w":450,"h":56},"frame":{"x":2,"y":1074,"w":450,"h":56}},{"filename":"bg/bg-top-2","rotated":false,"trimmed":false,"sourceSize":{"w":450,"h":56},"spriteSourceSize":{"x":0,"y":0,"w":450,"h":56},"frame":{"x":2,"y":1133,"w":450,"h":56}},{"filename":"popup/bottom","rotated":false,"trimmed":false,"sourceSize":{"w":216,"h":14},"spriteSourceSize":{"x":0,"y":0,"w":216,"h":14},"frame":{"x":2,"y":1192,"w":216,"h":14}},{"filename":"bg/bg-bottom","rotated":false,"trimmed":false,"sourceSize":{"w":360,"h":56},"spriteSourceSize":{"x":0,"y":0,"w":360,"h":56},"frame":{"x":818,"y":82,"w":360,"h":56}},{"filename":"bg/bg-top","rotated":false,"trimmed":false,"sourceSize":{"w":360,"h":56},"spriteSourceSize":{"x":0,"y":0,"w":360,"h":56},"frame":{"x":818,"y":141,"w":360,"h":56}},{"filename":"daily-challenge/bg","rotated":false,"trimmed":false,"sourceSize":{"w":260,"h":143},"spriteSourceSize":{"x":0,"y":0,"w":260,"h":143},"frame":{"x":818,"y":200,"w":260,"h":143}},{"filename":"ui-ngang/khung-next-block","rotated":false,"trimmed":false,"sourceSize":{"w":100,"h":300},"spriteSourceSize":{"x":0,"y":0,"w":100,"h":300},"frame":{"x":365,"y":430,"w":100,"h":300}},{"filename":"leaderboards/bg-middle","rotated":false,"trimmed":false,"sourceSize":{"w":475,"h":24},"spriteSourceSize":{"x":0,"y":0,"w":475,"h":24},"frame":{"x":455,"y":380,"w":475,"h":24}},{"filename":"border-bottom-panel","rotated":false,"trimmed":false,"sourceSize":{"w":375,"h":18},"spriteSourceSize":{"x":0,"y":0,"w":375,"h":18},"frame":{"x":455,"y":407,"w":375,"h":18}},{"filename":"leaf","rotated":false,"trimmed":false,"sourceSize":{"w":282,"h":66},"spriteSourceSize":{"x":0,"y":0,"w":282,"h":66},"frame":{"x":468,"y":428,"w":282,"h":66}},{"filename":"score-panel","rotated":false,"trimmed":false,"sourceSize":{"w":263,"h":76},"spriteSourceSize":{"x":0,"y":0,"w":263,"h":76},"frame":{"x":468,"y":497,"w":263,"h":76}},{"filename":"texts/start-over","rotated":false,"trimmed":false,"sourceSize":{"w":161,"h":14},"spriteSourceSize":{"x":0,"y":0,"w":161,"h":14},"frame":{"x":221,"y":1192,"w":161,"h":14}},{"filename":"popup/middle","rotated":false,"trimmed":false,"sourceSize":{"w":216,"h":114},"spriteSourceSize":{"x":0,"y":0,"w":216,"h":114},"frame":{"x":468,"y":576,"w":216,"h":114}},{"filename":"leaderboards/bg-item","rotated":false,"trimmed":false,"sourceSize":{"w":159,"h":31},"spriteSourceSize":{"x":0,"y":0,"w":159,"h":31},"frame":{"x":818,"y":346,"w":159,"h":31}},{"filename":"buttons/green-large","rotated":false,"trimmed":false,"sourceSize":{"w":242,"h":71},"spriteSourceSize":{"x":0,"y":0,"w":242,"h":71},"frame":{"x":468,"y":693,"w":242,"h":71}},{"filename":"bg/bg-dark","rotated":false,"trimmed":false,"sourceSize":{"w":122,"h":152},"spriteSourceSize":{"x":0,"y":0,"w":122,"h":152},"frame":{"x":1081,"y":200,"w":122,"h":152}},{"filename":"buttons/brown","rotated":false,"trimmed":false,"sourceSize":{"w":242,"h":54},"spriteSourceSize":{"x":0,"y":0,"w":242,"h":54},"frame":{"x":480,"y":767,"w":242,"h":54}},{"filename":"daily-challenge/bg-item-dark","rotated":false,"trimmed":false,"sourceSize":{"w":254,"h":41},"spriteSourceSize":{"x":0,"y":0,"w":254,"h":41},"frame":{"x":480,"y":824,"w":254,"h":41}},{"filename":"daily-challenge/bg-item-light","rotated":false,"trimmed":false,"sourceSize":{"w":254,"h":41},"spriteSourceSize":{"x":0,"y":0,"w":254,"h":41},"frame":{"x":480,"y":868,"w":254,"h":41}},{"filename":"lives/heart","rotated":false,"trimmed":false,"sourceSize":{"w":170,"h":140},"spriteSourceSize":{"x":0,"y":0,"w":170,"h":140},"frame":{"x":480,"y":912,"w":170,"h":140}},{"filename":"bg-progress-circle","rotated":false,"trimmed":false,"sourceSize":{"w":116,"h":116},"spriteSourceSize":{"x":0,"y":0,"w":116,"h":116},"frame":{"x":653,"y":912,"w":116,"h":116}},{"filename":"texts/text-ranking","rotated":false,"trimmed":false,"sourceSize":{"w":109,"h":14},"spriteSourceSize":{"x":0,"y":0,"w":109,"h":14},"frame":{"x":385,"y":1192,"w":109,"h":14}},{"filename":"popup/background","rotated":false,"trimmed":false,"sourceSize":{"w":198,"h":111},"spriteSourceSize":{"x":0,"y":0,"w":198,"h":111},"frame":{"x":480,"y":1055,"w":198,"h":111}},{"filename":"texts/out-of-live","rotated":false,"trimmed":false,"sourceSize":{"w":216,"h":20},"spriteSourceSize":{"x":0,"y":0,"w":216,"h":20},"frame":{"x":455,"y":1169,"w":216,"h":20}},{"filename":"texts/text-retry","rotated":false,"trimmed":false,"sourceSize":{"w":90,"h":14},"spriteSourceSize":{"x":0,"y":0,"w":90,"h":14},"frame":{"x":497,"y":1192,"w":90,"h":14}},{"filename":"texts/no-thank","rotated":false,"trimmed":false,"sourceSize":{"w":84,"h":14},"spriteSourceSize":{"x":0,"y":0,"w":84,"h":14},"frame":{"x":590,"y":1192,"w":84,"h":14}},{"filename":"avatar/border-big","rotated":false,"trimmed":false,"sourceSize":{"w":88,"h":88},"spriteSourceSize":{"x":0,"y":0,"w":88,"h":88},"frame":{"x":365,"y":733,"w":88,"h":88}},{"filename":"bottom-panel","rotated":false,"trimmed":false,"sourceSize":{"w":141,"h":86},"spriteSourceSize":{"x":0,"y":0,"w":141,"h":86},"frame":{"x":681,"y":1031,"w":141,"h":86}},{"filename":"buttons/green","rotated":false,"trimmed":false,"sourceSize":{"w":172,"h":51},"spriteSourceSize":{"x":0,"y":0,"w":172,"h":51},"frame":{"x":681,"y":1120,"w":172,"h":51}},{"filename":"daily-challenge/bottom-panel","rotated":false,"trimmed":false,"sourceSize":{"w":261,"h":15},"spriteSourceSize":{"x":0,"y":0,"w":261,"h":15},"frame":{"x":674,"y":1174,"w":261,"h":15}},{"filename":"daily-challenge/middle-panel","rotated":false,"trimmed":false,"sourceSize":{"w":261,"h":13},"spriteSourceSize":{"x":0,"y":0,"w":261,"h":13},"frame":{"x":677,"y":1192,"w":261,"h":13}},{"filename":"preloader/dual-ring","rotated":false,"trimmed":true,"sourceSize":{"w":100,"h":100},"spriteSourceSize":{"x":13,"y":13,"w":74,"h":74},"frame":{"x":365,"y":824,"w":74,"h":74}},{"filename":"best-score-frame-long","rotated":false,"trimmed":false,"sourceSize":{"w":193,"h":77},"spriteSourceSize":{"x":0,"y":0,"w":193,"h":77},"frame":{"x":753,"y":428,"w":193,"h":77}},{"filename":"popup/top-dark","rotated":false,"trimmed":false,"sourceSize":{"w":216,"h":45},"spriteSourceSize":{"x":0,"y":0,"w":216,"h":45},"frame":{"x":734,"y":508,"w":216,"h":45}},{"filename":"popup/top","rotated":false,"trimmed":false,"sourceSize":{"w":216,"h":45},"spriteSourceSize":{"x":0,"y":0,"w":216,"h":45},"frame":{"x":734,"y":556,"w":216,"h":45}},{"filename":"border-daily","rotated":false,"trimmed":false,"sourceSize":{"w":259,"h":26},"spriteSourceSize":{"x":0,"y":0,"w":259,"h":26},"frame":{"x":687,"y":604,"w":259,"h":26}},{"filename":"texts/waiting-for-opponent","rotated":false,"trimmed":false,"sourceSize":{"w":262,"h":16},"spriteSourceSize":{"x":0,"y":0,"w":262,"h":16},"frame":{"x":687,"y":633,"w":262,"h":16}},{"filename":"daily-challenge/top-panel","rotated":false,"trimmed":false,"sourceSize":{"w":261,"h":15},"spriteSourceSize":{"x":0,"y":0,"w":261,"h":15},"frame":{"x":687,"y":652,"w":261,"h":15}},{"filename":"texts/second-chance","rotated":false,"trimmed":false,"sourceSize":{"w":259,"h":16},"spriteSourceSize":{"x":0,"y":0,"w":259,"h":16},"frame":{"x":687,"y":670,"w":259,"h":16}},{"filename":"texts/leader-board","rotated":false,"trimmed":false,"sourceSize":{"w":253,"h":19},"spriteSourceSize":{"x":0,"y":0,"w":253,"h":19},"frame":{"x":713,"y":689,"w":253,"h":19}},{"filename":"texts/play-single","rotated":false,"trimmed":false,"sourceSize":{"w":142,"h":18},"spriteSourceSize":{"x":0,"y":0,"w":142,"h":18},"frame":{"x":833,"y":407,"w":142,"h":18}},{"filename":"texts/keep-playing","rotated":false,"trimmed":false,"sourceSize":{"w":211,"h":20},"spriteSourceSize":{"x":0,"y":0,"w":211,"h":20},"frame":{"x":713,"y":711,"w":211,"h":20}},{"filename":"texts/setting","rotated":false,"trimmed":false,"sourceSize":{"w":194,"h":24},"spriteSourceSize":{"x":0,"y":0,"w":194,"h":24},"frame":{"x":713,"y":734,"w":194,"h":24}},{"filename":"buttons/dark-blue","rotated":false,"trimmed":false,"sourceSize":{"w":183,"h":54},"spriteSourceSize":{"x":0,"y":0,"w":183,"h":54},"frame":{"x":725,"y":761,"w":183,"h":54}},{"filename":"lives/time-block-2","rotated":false,"trimmed":false,"sourceSize":{"w":182,"h":54},"spriteSourceSize":{"x":0,"y":0,"w":182,"h":54},"frame":{"x":737,"y":818,"w":182,"h":54}},{"filename":"texts/daily-challenge","rotated":false,"trimmed":false,"sourceSize":{"w":188,"h":24},"spriteSourceSize":{"x":0,"y":0,"w":188,"h":24},"frame":{"x":737,"y":875,"w":188,"h":24}},{"filename":"lives/time-block","rotated":false,"trimmed":false,"sourceSize":{"w":173,"h":44},"spriteSourceSize":{"x":0,"y":0,"w":173,"h":44},"frame":{"x":772,"y":902,"w":173,"h":44}},{"filename":"texts/your-score","rotated":false,"trimmed":false,"sourceSize":{"w":188,"h":24},"spriteSourceSize":{"x":0,"y":0,"w":188,"h":24},"frame":{"x":772,"y":949,"w":188,"h":24}},{"filename":"texts/lose","rotated":false,"trimmed":false,"sourceSize":{"w":190,"h":23},"spriteSourceSize":{"x":0,"y":0,"w":190,"h":23},"frame":{"x":772,"y":976,"w":190,"h":23}},{"filename":"texts/win","rotated":false,"trimmed":false,"sourceSize":{"w":184,"h":23},"spriteSourceSize":{"x":0,"y":0,"w":184,"h":23},"frame":{"x":772,"y":1002,"w":184,"h":23}},{"filename":"popup/score-panel","rotated":false,"trimmed":false,"sourceSize":{"w":150,"h":46},"spriteSourceSize":{"x":0,"y":0,"w":150,"h":46},"frame":{"x":825,"y":1028,"w":150,"h":46}},{"filename":"wood-panel","rotated":false,"trimmed":false,"sourceSize":{"w":151,"h":28},"spriteSourceSize":{"x":0,"y":0,"w":151,"h":28},"frame":{"x":825,"y":1077,"w":151,"h":28}},{"filename":"buttons/dark-blue-big","rotated":false,"trimmed":false,"sourceSize":{"w":120,"h":55},"spriteSourceSize":{"x":0,"y":0,"w":120,"h":55},"frame":{"x":856,"y":1108,"w":120,"h":55}},{"filename":"bg-combo","rotated":false,"trimmed":true,"sourceSize":{"w":106,"h":44},"spriteSourceSize":{"x":0,"y":4,"w":106,"h":40},"frame":{"x":941,"y":1166,"w":106,"h":40}},{"filename":"buttons/toggle-off","rotated":false,"trimmed":false,"sourceSize":{"w":89,"h":31},"spriteSourceSize":{"x":0,"y":0,"w":89,"h":31},"frame":{"x":980,"y":346,"w":89,"h":31}},{"filename":"texts/next-milestone","rotated":false,"trimmed":false,"sourceSize":{"w":170,"h":24},"spriteSourceSize":{"x":0,"y":0,"w":170,"h":24},"frame":{"x":933,"y":380,"w":170,"h":24}},{"filename":"texts/draw","rotated":false,"trimmed":false,"sourceSize":{"w":109,"h":22},"spriteSourceSize":{"x":0,"y":0,"w":109,"h":22},"frame":{"x":1072,"y":355,"w":109,"h":22}},{"filename":"daily-challenge/title-panel","rotated":false,"trimmed":false,"sourceSize":{"w":141,"h":35},"spriteSourceSize":{"x":0,"y":0,"w":141,"h":35},"frame":{"x":978,"y":407,"w":141,"h":35}},{"filename":"texts/congratulations","rotated":false,"trimmed":false,"sourceSize":{"w":180,"h":20},"spriteSourceSize":{"x":0,"y":0,"w":180,"h":20},"frame":{"x":949,"y":445,"w":180,"h":20}},{"filename":"texts/target-score","rotated":false,"trimmed":false,"sourceSize":{"w":174,"h":18},"spriteSourceSize":{"x":0,"y":0,"w":174,"h":18},"frame":{"x":949,"y":468,"w":174,"h":18}},{"filename":"texts/text-next-level","rotated":false,"trimmed":false,"sourceSize":{"w":162,"h":16},"spriteSourceSize":{"x":0,"y":0,"w":162,"h":16},"frame":{"x":949,"y":489,"w":162,"h":16}},{"filename":"buttons/dark-blue-small","rotated":false,"trimmed":false,"sourceSize":{"w":119,"h":54},"spriteSourceSize":{"x":0,"y":0,"w":119,"h":54},"frame":{"x":953,"y":508,"w":119,"h":54}},{"filename":"buttons/green-big","rotated":false,"trimmed":false,"sourceSize":{"w":118,"h":54},"spriteSourceSize":{"x":0,"y":0,"w":118,"h":54},"frame":{"x":953,"y":565,"w":118,"h":54}},{"filename":"texts/result","rotated":false,"trimmed":false,"sourceSize":{"w":139,"h":20},"spriteSourceSize":{"x":0,"y":0,"w":139,"h":20},"frame":{"x":952,"y":622,"w":139,"h":20}},{"filename":"texts/first-milestone","rotated":false,"trimmed":false,"sourceSize":{"w":153,"h":20},"spriteSourceSize":{"x":0,"y":0,"w":153,"h":20},"frame":{"x":952,"y":645,"w":153,"h":20}},{"filename":"texts/level-failed","rotated":false,"trimmed":false,"sourceSize":{"w":136,"h":18},"spriteSourceSize":{"x":0,"y":0,"w":136,"h":18},"frame":{"x":951,"y":668,"w":136,"h":18}},{"filename":"ui-ngang/text-next-block","rotated":false,"trimmed":false,"sourceSize":{"w":125,"h":19},"spriteSourceSize":{"x":0,"y":0,"w":125,"h":19},"frame":{"x":969,"y":689,"w":125,"h":19}},{"filename":"texts/invite-friends","rotated":false,"trimmed":false,"sourceSize":{"w":166,"h":15},"spriteSourceSize":{"x":0,"y":0,"w":166,"h":15},"frame":{"x":927,"y":711,"w":166,"h":15}},{"filename":"texts/refill-lives","rotated":false,"trimmed":false,"sourceSize":{"w":163,"h":15},"spriteSourceSize":{"x":0,"y":0,"w":163,"h":15},"frame":{"x":927,"y":729,"w":163,"h":15}},{"filename":"texts/play-with","rotated":false,"trimmed":false,"sourceSize":{"w":122,"h":17},"spriteSourceSize":{"x":0,"y":0,"w":122,"h":17},"frame":{"x":928,"y":747,"w":122,"h":17}},{"filename":"bg-streak","rotated":false,"trimmed":true,"sourceSize":{"w":106,"h":44},"spriteSourceSize":{"x":0,"y":4,"w":106,"h":40},"frame":{"x":911,"y":767,"w":106,"h":40}},{"filename":"ui-ngang/khung-score","rotated":false,"trimmed":false,"sourceSize":{"w":87,"h":50},"spriteSourceSize":{"x":0,"y":0,"w":87,"h":50},"frame":{"x":922,"y":810,"w":87,"h":50}},{"filename":"daily-challenge/time-panel","rotated":false,"trimmed":false,"sourceSize":{"w":85,"h":24},"spriteSourceSize":{"x":0,"y":0,"w":85,"h":24},"frame":{"x":1106,"y":380,"w":85,"h":24}},{"filename":"buttons/toggle-on","rotated":false,"trimmed":false,"sourceSize":{"w":89,"h":31},"spriteSourceSize":{"x":0,"y":0,"w":89,"h":31},"frame":{"x":365,"y":901,"w":89,"h":31}},{"filename":"buttons/skip","rotated":false,"trimmed":false,"sourceSize":{"w":60,"h":36},"spriteSourceSize":{"x":0,"y":0,"w":60,"h":36},"frame":{"x":928,"y":863,"w":60,"h":36}},{"filename":"texts/mission","rotated":false,"trimmed":false,"sourceSize":{"w":80,"h":24},"spriteSourceSize":{"x":0,"y":0,"w":80,"h":24},"frame":{"x":1122,"y":407,"w":80,"h":24}},{"filename":"ui-ngang/khung-best-score","rotated":false,"trimmed":false,"sourceSize":{"w":56,"h":85},"spriteSourceSize":{"x":0,"y":0,"w":56,"h":85},"frame":{"x":1075,"y":508,"w":56,"h":85}},{"filename":"ui-ngang/khung-mission","rotated":false,"trimmed":false,"sourceSize":{"w":48,"h":232},"spriteSourceSize":{"x":0,"y":0,"w":48,"h":232},"frame":{"x":1134,"y":434,"w":48,"h":232}},{"filename":"leaderboards/tab-off","rotated":false,"trimmed":false,"sourceSize":{"w":57,"h":18},"spriteSourceSize":{"x":0,"y":0,"w":57,"h":18},"frame":{"x":1074,"y":596,"w":57,"h":18}},{"filename":"buttons/play","rotated":false,"trimmed":false,"sourceSize":{"w":56,"h":43},"spriteSourceSize":{"x":0,"y":0,"w":56,"h":43},"frame":{"x":948,"y":902,"w":56,"h":43}},{"filename":"icons/rank","rotated":false,"trimmed":false,"sourceSize":{"w":26,"h":25},"spriteSourceSize":{"x":0,"y":0,"w":26,"h":25},"frame":{"x":687,"y":576,"w":26,"h":25}},{"filename":"texts/yes","rotated":false,"trimmed":false,"sourceSize":{"w":22,"h":22},"spriteSourceSize":{"x":0,"y":0,"w":22,"h":22},"frame":{"x":1184,"y":355,"w":22,"h":22}},{"filename":"icons/flat-ad","rotated":false,"trimmed":false,"sourceSize":{"w":24,"h":21},"spriteSourceSize":{"x":0,"y":0,"w":24,"h":21},"frame":{"x":653,"y":1031,"w":24,"h":21}},{"filename":"buttons/close","rotated":false,"trimmed":false,"sourceSize":{"w":36,"h":36},"spriteSourceSize":{"x":0,"y":0,"w":36,"h":36},"frame":{"x":991,"y":863,"w":36,"h":36}},{"filename":"blank","rotated":false,"trimmed":false,"sourceSize":{"w":50,"h":50},"spriteSourceSize":{"x":0,"y":0,"w":50,"h":50},"frame":{"x":1012,"y":810,"w":50,"h":50}},{"filename":"buttons/challenge_light","rotated":false,"trimmed":false,"sourceSize":{"w":54,"h":40},"spriteSourceSize":{"x":0,"y":0,"w":54,"h":40},"frame":{"x":1020,"y":767,"w":54,"h":40}},{"filename":"icons/retry","rotated":false,"trimmed":false,"sourceSize":{"w":25,"h":27},"spriteSourceSize":{"x":0,"y":0,"w":25,"h":27},"frame":{"x":1181,"y":82,"w":25,"h":27}},{"filename":"best-score-frame","rotated":false,"trimmed":false,"sourceSize":{"w":56,"h":76},"spriteSourceSize":{"x":0,"y":0,"w":56,"h":76},"frame":{"x":1030,"y":863,"w":56,"h":76}},{"filename":"icons/replay","rotated":false,"trimmed":false,"sourceSize":{"w":20,"h":24},"spriteSourceSize":{"x":0,"y":0,"w":20,"h":24},"frame":{"x":1007,"y":902,"w":20,"h":24}},{"filename":"texts/play-with-blue","rotated":false,"trimmed":false,"sourceSize":{"w":58,"h":9},"spriteSourceSize":{"x":0,"y":0,"w":58,"h":9},"frame":{"x":365,"y":935,"w":58,"h":9}},{"filename":"icons/battle","rotated":false,"trimmed":false,"sourceSize":{"w":22,"h":21},"spriteSourceSize":{"x":0,"y":0,"w":22,"h":21},"frame":{"x":455,"y":1074,"w":22,"h":21}},{"filename":"icons/back","rotated":false,"trimmed":false,"sourceSize":{"w":25,"h":19},"spriteSourceSize":{"x":0,"y":0,"w":25,"h":19},"frame":{"x":1181,"y":112,"w":25,"h":19}},{"filename":"texts/vs","rotated":false,"trimmed":false,"sourceSize":{"w":24,"h":14},"spriteSourceSize":{"x":0,"y":0,"w":24,"h":14},"frame":{"x":949,"y":428,"w":24,"h":14}},{"filename":"icons/plus","rotated":false,"trimmed":false,"sourceSize":{"w":21,"h":22},"spriteSourceSize":{"x":0,"y":0,"w":21,"h":22},"frame":{"x":1185,"y":434,"w":21,"h":22}},{"filename":"icons/setting","rotated":false,"trimmed":false,"sourceSize":{"w":21,"h":21},"spriteSourceSize":{"x":0,"y":0,"w":21,"h":21},"frame":{"x":1185,"y":459,"w":21,"h":21}},{"filename":"icons/white-journey","rotated":false,"trimmed":false,"sourceSize":{"w":21,"h":20},"spriteSourceSize":{"x":0,"y":0,"w":21,"h":20},"frame":{"x":1185,"y":483,"w":21,"h":20}},{"filename":"text-target-panel","rotated":false,"trimmed":false,"sourceSize":{"w":49,"h":23},"spriteSourceSize":{"x":0,"y":0,"w":49,"h":23},"frame":{"x":963,"y":948,"w":49,"h":23}},{"filename":"icon-journey","rotated":false,"trimmed":false,"sourceSize":{"w":75,"h":61},"spriteSourceSize":{"x":0,"y":0,"w":75,"h":61},"frame":{"x":1015,"y":942,"w":75,"h":61}},{"filename":"leaderboards/bg-item-0","rotated":false,"trimmed":false,"sourceSize":{"w":116,"h":23},"spriteSourceSize":{"x":0,"y":0,"w":116,"h":23},"frame":{"x":978,"y":1006,"w":116,"h":23}},{"filename":"leaderboards/bg-item-1","rotated":false,"trimmed":false,"sourceSize":{"w":116,"h":23},"spriteSourceSize":{"x":0,"y":0,"w":116,"h":23},"frame":{"x":978,"y":1032,"w":116,"h":23}},{"filename":"avatar/border","rotated":false,"trimmed":true,"sourceSize":{"w":69,"h":72},"spriteSourceSize":{"x":0,"y":1,"w":69,"h":71},"frame":{"x":979,"y":1058,"w":69,"h":71}},{"filename":"icons/icon-journey","rotated":false,"trimmed":false,"sourceSize":{"w":37,"h":31},"spriteSourceSize":{"x":0,"y":0,"w":37,"h":31},"frame":{"x":979,"y":1132,"w":37,"h":31}},{"filename":"avatar/border-challenge","rotated":false,"trimmed":false,"sourceSize":{"w":60,"h":59},"spriteSourceSize":{"x":0,"y":0,"w":60,"h":59},"frame":{"x":1051,"y":1058,"w":60,"h":59}},{"filename":"icons/music","rotated":false,"trimmed":false,"sourceSize":{"w":28,"h":31},"spriteSourceSize":{"x":0,"y":0,"w":28,"h":31},"frame":{"x":1019,"y":1132,"w":28,"h":31}},{"filename":"buttons/minor","rotated":false,"trimmed":false,"sourceSize":{"w":62,"h":53},"spriteSourceSize":{"x":0,"y":0,"w":62,"h":53},"frame":{"x":1051,"y":1120,"w":62,"h":53}},{"filename":"score-panel-dark","rotated":false,"trimmed":false,"sourceSize":{"w":94,"h":26},"spriteSourceSize":{"x":0,"y":0,"w":94,"h":26},"frame":{"x":1050,"y":1176,"w":94,"h":26}},{"filename":"texts/continue","rotated":false,"trimmed":false,"sourceSize":{"w":101,"h":15},"spriteSourceSize":{"x":0,"y":0,"w":101,"h":15},"frame":{"x":1090,"y":669,"w":101,"h":15}},{"filename":"texts/collect","rotated":false,"trimmed":false,"sourceSize":{"w":93,"h":15},"spriteSourceSize":{"x":0,"y":0,"w":93,"h":15},"frame":{"x":1097,"y":687,"w":93,"h":15}},{"filename":"texts/text-share","rotated":false,"trimmed":false,"sourceSize":{"w":92,"h":13},"spriteSourceSize":{"x":0,"y":0,"w":92,"h":13},"frame":{"x":1097,"y":705,"w":92,"h":13}},{"filename":"ui-ngang/text-score","rotated":false,"trimmed":false,"sourceSize":{"w":85,"h":21},"spriteSourceSize":{"x":0,"y":0,"w":85,"h":21},"frame":{"x":1096,"y":721,"w":85,"h":21}},{"filename":"texts/start","rotated":false,"trimmed":false,"sourceSize":{"w":81,"h":15},"spriteSourceSize":{"x":0,"y":0,"w":81,"h":15},"frame":{"x":1097,"y":745,"w":81,"h":15}},{"filename":"texts/text-tutorial","rotated":false,"trimmed":false,"sourceSize":{"w":117,"h":20},"spriteSourceSize":{"x":0,"y":0,"w":117,"h":20},"frame":{"x":1089,"y":763,"w":117,"h":20}},{"filename":"texts/replay","rotated":false,"trimmed":false,"sourceSize":{"w":115,"h":20},"spriteSourceSize":{"x":0,"y":0,"w":115,"h":20},"frame":{"x":1077,"y":786,"w":115,"h":20}},{"filename":"texts/friends-disable","rotated":false,"trimmed":false,"sourceSize":{"w":64,"h":14},"spriteSourceSize":{"x":0,"y":0,"w":64,"h":14},"frame":{"x":1077,"y":809,"w":64,"h":14}},{"filename":"texts/text-journey","rotated":false,"trimmed":false,"sourceSize":{"w":62,"h":18},"spriteSourceSize":{"x":0,"y":0,"w":62,"h":18},"frame":{"x":1144,"y":809,"w":62,"h":18}},{"filename":"icons/icon-daily","rotated":false,"trimmed":false,"sourceSize":{"w":34,"h":34},"spriteSourceSize":{"x":0,"y":0,"w":34,"h":34},"frame":{"x":1065,"y":826,"w":34,"h":34}},{"filename":"texts/world-disable","rotated":false,"trimmed":false,"sourceSize":{"w":59,"h":14},"spriteSourceSize":{"x":0,"y":0,"w":59,"h":14},"frame":{"x":1147,"y":830,"w":59,"h":14}},{"filename":"texts/world","rotated":false,"trimmed":false,"sourceSize":{"w":59,"h":14},"spriteSourceSize":{"x":0,"y":0,"w":59,"h":14},"frame":{"x":1147,"y":847,"w":59,"h":14}},{"filename":"icons/crown-big","rotated":false,"trimmed":false,"sourceSize":{"w":37,"h":35},"spriteSourceSize":{"x":0,"y":0,"w":37,"h":35},"frame":{"x":1102,"y":826,"w":37,"h":35}},{"filename":"avatar/background","rotated":false,"trimmed":false,"sourceSize":{"w":53,"h":54},"spriteSourceSize":{"x":0,"y":0,"w":53,"h":54},"frame":{"x":1089,"y":864,"w":53,"h":54}},{"filename":"bg/level-playing","rotated":false,"trimmed":false,"sourceSize":{"w":57,"h":47},"spriteSourceSize":{"x":0,"y":0,"w":57,"h":47},"frame":{"x":1145,"y":864,"w":57,"h":47}},{"filename":"leaderboards/tab-on","rotated":false,"trimmed":false,"sourceSize":{"w":57,"h":18},"spriteSourceSize":{"x":0,"y":0,"w":57,"h":18},"frame":{"x":1089,"y":921,"w":57,"h":18}},{"filename":"buttons/random","rotated":false,"trimmed":false,"sourceSize":{"w":56,"h":43},"spriteSourceSize":{"x":0,"y":0,"w":56,"h":43},"frame":{"x":1093,"y":942,"w":56,"h":43}},{"filename":"buttons/share","rotated":false,"trimmed":false,"sourceSize":{"w":54,"h":40},"spriteSourceSize":{"x":0,"y":0,"w":54,"h":40},"frame":{"x":1152,"y":914,"w":54,"h":40}},{"filename":"bg/level-locked","rotated":false,"trimmed":false,"sourceSize":{"w":51,"h":42},"spriteSourceSize":{"x":0,"y":0,"w":51,"h":42},"frame":{"x":1152,"y":957,"w":51,"h":42}},{"filename":"bg/level-played","rotated":false,"trimmed":false,"sourceSize":{"w":50,"h":41},"spriteSourceSize":{"x":0,"y":0,"w":50,"h":41},"frame":{"x":1097,"y":988,"w":50,"h":41}},{"filename":"ui-ngang/text-mission","rotated":false,"trimmed":false,"sourceSize":{"w":49,"h":21},"spriteSourceSize":{"x":0,"y":0,"w":49,"h":21},"frame":{"x":1097,"y":1032,"w":49,"h":21}},{"filename":"icons/vibrate","rotated":false,"trimmed":false,"sourceSize":{"w":31,"h":37},"spriteSourceSize":{"x":0,"y":0,"w":31,"h":37},"frame":{"x":1114,"y":1056,"w":31,"h":37}},{"filename":"icons/check","rotated":false,"trimmed":false,"sourceSize":{"w":22,"h":18},"spriteSourceSize":{"x":0,"y":0,"w":22,"h":18},"frame":{"x":455,"y":1098,"w":22,"h":18}},{"filename":"icons/cup-bronze","rotated":false,"trimmed":false,"sourceSize":{"w":22,"h":18},"spriteSourceSize":{"x":0,"y":0,"w":22,"h":18},"frame":{"x":455,"y":1119,"w":22,"h":18}},{"filename":"icons/cup-gold","rotated":false,"trimmed":false,"sourceSize":{"w":22,"h":18},"spriteSourceSize":{"x":0,"y":0,"w":22,"h":18},"frame":{"x":455,"y":1140,"w":22,"h":18}},{"filename":"texts/off","rotated":false,"trimmed":false,"sourceSize":{"w":53,"h":9},"spriteSourceSize":{"x":0,"y":0,"w":53,"h":9},"frame":{"x":1150,"y":1002,"w":53,"h":9}},{"filename":"icons/sound","rotated":false,"trimmed":false,"sourceSize":{"w":31,"h":27},"spriteSourceSize":{"x":0,"y":0,"w":31,"h":27},"frame":{"x":965,"y":974,"w":31,"h":27}},{"filename":"icons/i-play","rotated":false,"trimmed":false,"sourceSize":{"w":16,"h":20},"spriteSourceSize":{"x":0,"y":0,"w":16,"h":20},"frame":{"x":959,"y":1004,"w":16,"h":20}},{"filename":"texts/on","rotated":false,"trimmed":false,"sourceSize":{"w":42,"h":9},"spriteSourceSize":{"x":0,"y":0,"w":42,"h":9},"frame":{"x":1150,"y":1014,"w":42,"h":9}},{"filename":"texts/no","rotated":false,"trimmed":false,"sourceSize":{"w":31,"h":18},"spriteSourceSize":{"x":0,"y":0,"w":31,"h":18},"frame":{"x":1114,"y":1096,"w":31,"h":18}},{"filename":"icons/dot","rotated":false,"trimmed":false,"sourceSize":{"w":34,"h":35},"spriteSourceSize":{"x":0,"y":0,"w":34,"h":35},"frame":{"x":1116,"y":1117,"w":34,"h":35}},{"filename":"icons/cup-silver","rotated":false,"trimmed":false,"sourceSize":{"w":22,"h":18},"spriteSourceSize":{"x":0,"y":0,"w":22,"h":18},"frame":{"x":1116,"y":1155,"w":22,"h":18}},{"filename":"icons/play-green","rotated":false,"trimmed":false,"sourceSize":{"w":24,"h":24},"spriteSourceSize":{"x":0,"y":0,"w":24,"h":24},"frame":{"x":1181,"y":134,"w":24,"h":24}},{"filename":"icons/play","rotated":false,"trimmed":false,"sourceSize":{"w":24,"h":24},"spriteSourceSize":{"x":0,"y":0,"w":24,"h":24},"frame":{"x":1181,"y":161,"w":24,"h":24}},{"filename":"icons/brown-journey","rotated":false,"trimmed":false,"sourceSize":{"w":23,"h":21},"spriteSourceSize":{"x":0,"y":0,"w":23,"h":21},"frame":{"x":1108,"y":617,"w":23,"h":21}},{"filename":"icons/sword","rotated":false,"trimmed":false,"sourceSize":{"w":23,"h":19},"spriteSourceSize":{"x":0,"y":0,"w":23,"h":19},"frame":{"x":1108,"y":641,"w":23,"h":19}},{"filename":"icons/share","rotated":false,"trimmed":false,"sourceSize":{"w":18,"h":24},"spriteSourceSize":{"x":0,"y":0,"w":18,"h":24},"frame":{"x":1185,"y":506,"w":18,"h":24}},{"filename":"buttons/circle-button","rotated":false,"trimmed":false,"sourceSize":{"w":28,"h":28},"spriteSourceSize":{"x":0,"y":0,"w":28,"h":28},"frame":{"x":442,"y":824,"w":28,"h":28}},{"filename":"buttons/dot-blue","rotated":false,"trimmed":false,"sourceSize":{"w":28,"h":27},"spriteSourceSize":{"x":0,"y":0,"w":28,"h":27},"frame":{"x":442,"y":855,"w":28,"h":27}},{"filename":"icons/share-blue","rotated":false,"trimmed":false,"sourceSize":{"w":16,"h":22},"spriteSourceSize":{"x":0,"y":0,"w":16,"h":22},"frame":{"x":1185,"y":533,"w":16,"h":22}},{"filename":"icons/clock","rotated":false,"trimmed":false,"sourceSize":{"w":17,"h":18},"spriteSourceSize":{"x":0,"y":0,"w":17,"h":18},"frame":{"x":1185,"y":558,"w":17,"h":18}},{"filename":"icons/sword-blue","rotated":false,"trimmed":false,"sourceSize":{"w":18,"h":16},"spriteSourceSize":{"x":0,"y":0,"w":18,"h":16},"frame":{"x":1053,"y":747,"w":18,"h":16}},{"filename":"buttons/dot-green","rotated":false,"trimmed":false,"sourceSize":{"w":28,"h":27},"spriteSourceSize":{"x":0,"y":0,"w":28,"h":27},"frame":{"x":1150,"y":1026,"w":28,"h":27}},{"filename":"texts/play","rotated":false,"trimmed":false,"sourceSize":{"w":58,"h":15},"spriteSourceSize":{"x":0,"y":0,"w":58,"h":15},"frame":{"x":1148,"y":1056,"w":58,"h":15}},{"filename":"icons/home","rotated":false,"trimmed":false,"sourceSize":{"w":24,"h":22},"spriteSourceSize":{"x":0,"y":0,"w":24,"h":22},"frame":{"x":1148,"y":1074,"w":24,"h":22}},{"filename":"icons/crown","rotated":false,"trimmed":false,"sourceSize":{"w":16,"h":14},"spriteSourceSize":{"x":0,"y":0,"w":16,"h":14},"frame":{"x":1185,"y":579,"w":16,"h":14}},{"filename":"texts/friends","rotated":false,"trimmed":false,"sourceSize":{"w":64,"h":14},"spriteSourceSize":{"x":0,"y":0,"w":64,"h":14},"frame":{"x":1141,"y":1155,"w":64,"h":14}}]}],"meta":{"app":"https://www.codeandweb.com/texturepacker","version":"3.0","smartupdate":"$TexturePacker:SmartUpdate:a42913d746b0ef6b3eec18c1b38be8d9:8a22fe720c3f2a16cfc5b83f65bc7c21:3e7944c06d121c41a747bba57afe2e59$"}}