{"skeleton":{"hash":"V9aPy82zrLaqdrGf//YLQD/0hqU","spine":"3.8.99","x":-173.03,"y":-7.28,"width":303.27,"height":185.3,"images":"./images/","audio":"D:/WORK/SUNDATA/MERGE MASTER/ANIMATION/Dinosaurs/lv09_Dilophosaurus/Project_Spine38"},"bones":[{"name":"root"},{"name":"[RED] SKELETON CONTROL","parent":"root","scaleX":0.2973,"scaleY":0.2973,"color":"ff0000ff"},{"name":"bone","parent":"[RED] SKELETON CONTROL","x":17.62,"y":303.39},{"name":"bone2","parent":"bone","length":71.82,"rotation":17.31,"x":7.54,"y":-1.15},{"name":"bone3","parent":"bone2","length":97.58,"rotation":14.09,"x":71.82},{"name":"bone4","parent":"bone3","length":86.67,"rotation":2.15,"x":103.03,"y":1.85},{"name":"head","parent":"bone4","length":143.24,"rotation":-32.27,"x":91,"y":2.45},{"name":"neck_1","parent":"head","length":73.68,"rotation":130.2,"x":1.62,"y":36.77},{"name":"neck_2","parent":"neck_1","length":49.02,"rotation":-15.33,"x":73.68},{"name":"head2","parent":"head","length":71.65,"rotation":-174.87,"x":-28.65,"y":7.04},{"name":"head3","parent":"head2","length":55.71,"rotation":9.42,"x":71.65},{"name":"head4","parent":"head","length":61.62,"rotation":-120.84,"x":-12.2,"y":-44.54},{"name":"head5","parent":"head4","length":64.82,"rotation":5.53,"x":61.62},{"name":"neck_3","parent":"head","length":48.98,"rotation":50.35,"x":7.56,"y":51.84},{"name":"neck_4","parent":"neck_3","length":50.85,"rotation":14.22,"x":49.6,"y":0.5},{"name":"neck_5","parent":"head","length":49.39,"rotation":-66.38,"x":-24.55,"y":-60.27},{"name":"neck_6","parent":"neck_5","length":69.23,"rotation":-2.49,"x":49.39},{"name":"head7","parent":"head","length":166.92,"rotation":-43.48,"x":8.03,"y":-9.36},{"name":"bone5","parent":"bone","length":99.16,"rotation":-174.29,"x":-23.91,"y":-1.46},{"name":"bone6","parent":"bone5","length":92.61,"rotation":-6.65,"x":99.16},{"name":"bone7","parent":"bone6","length":74.39,"rotation":-7.27,"x":92.61},{"name":"bone8","parent":"bone7","length":72.99,"rotation":-8.71,"x":72.13,"y":-0.33},{"name":"bone9","parent":"bone8","length":69.39,"rotation":-2.89,"x":72.99},{"name":"bone10","parent":"bone9","length":82.76,"rotation":8.72,"x":68.67,"y":-0.26},{"name":"bone11","parent":"bone10","length":83.55,"rotation":9.02,"x":82.76},{"name":"leg_right","parent":"bone5","length":120.62,"rotation":91.77,"x":44.75,"y":5.35},{"name":"leg_right2","parent":"leg_right","length":104.78,"rotation":-55.52,"x":120.62},{"name":"leg_right3","parent":"leg_right2","length":67.74,"rotation":51.1,"x":101.28,"y":1.52},{"name":"leg_right4","parent":"[RED] SKELETON CONTROL","length":43.31,"rotation":-8.02,"x":-105.26,"y":36.66,"color":"ff3f00ff"},{"name":"leg_right5","parent":"leg_right4","length":39.05,"rotation":-23.71,"x":43.22,"y":0.6},{"name":"leg_left","parent":"bone","length":107.32,"rotation":-83.25,"x":6.25,"y":-6.8},{"name":"leg_left2","parent":"leg_left","length":92,"rotation":-53.01,"x":107.32},{"name":"leg_left3","parent":"leg_left2","length":57.92,"rotation":48.53,"x":92},{"name":"leg_left4","parent":"[RED] SKELETON CONTROL","length":39.3,"rotation":-7.54,"x":-28.27,"y":68.53,"color":"ff3f00ff"},{"name":"leg_left5","parent":"leg_left4","length":38.98,"rotation":-16.77,"x":39.3},{"name":"hand_right","parent":"bone2","length":97.9,"rotation":-97.54,"x":36.58,"y":-11.86},{"name":"hand_right2","parent":"hand_right","length":61.65,"rotation":79.23,"x":97.9},{"name":"hand_right3","parent":"hand_right2","length":41.38,"rotation":-72.45,"x":61.65},{"name":"hand_right4","parent":"hand_right3","length":30.23,"rotation":-53.63,"x":41.23,"y":-0.51},{"name":"hand_left","parent":"bone2","length":81.11,"rotation":-75.08,"x":88.44,"y":-11.07},{"name":"hand_left2","parent":"hand_left","length":53.63,"rotation":71.92,"x":81.21,"y":0.97},{"name":"hand_left3","parent":"hand_left2","length":29.83,"rotation":-65.1,"x":53.63},{"name":"hand_left4","parent":"hand_left3","length":30.28,"rotation":-59.32,"x":29.55,"y":-0.34},{"name":"shadiow","parent":"[RED] SKELETON CONTROL","x":16.56,"y":21.49,"scaleX":0.5435,"scaleY":0.7333}],"slots":[{"name":"shadiow","bone":"shadiow","attachment":"shadiow"},{"name":"leg_left","bone":"leg_left","attachment":"leg_left"},{"name":"hand_left","bone":"hand_left","attachment":"hand_left"},{"name":"neck_2","bone":"neck_5","attachment":"neck_2"},{"name":"torso","bone":"[RED] SKELETON CONTROL","attachment":"torso"},{"name":"leg_right","bone":"leg_right","attachment":"leg_right"},{"name":"hand_right","bone":"hand_right","attachment":"hand_right"},{"name":"neck_1","bone":"neck_1","attachment":"neck_1"},{"name":"tongue","bone":"head7","attachment":"tongue"},{"name":"jaw","bone":"head7","attachment":"jaw"},{"name":"head","bone":"head","attachment":"head"},{"name":"matnham","bone":"head"},{"name":"lv09_Dilophosaurus mini_2","bone":"root"}],"ik":[{"name":"leg_left4","bones":["leg_left2","leg_left3"],"target":"leg_left4"},{"name":"leg_right4","order":1,"bones":["leg_right2","leg_right3"],"target":"leg_right4"}],"skins":[{"name":"default","attachments":{"hand_left":{"hand_left":{"type":"mesh","uvs":[0.27382,0.11428,0.35791,0.21939,0.38722,0.29831,0.38703,0.37869,0.43043,0.45586,0.47599,0.54065,0.53542,0.54572,0.63113,0.51853,0.78255,0.45619,0.86111,0.53715,0.93932,0.61774,1,0.72689,0.96413,0.8085,0.87995,1,0.66809,1,0.7638,0.81867,0.75368,0.72992,0.78825,0.69544,0.74337,0.63958,0.63533,0.64992,0.53603,0.68792,0.44943,0.7611,0.33171,0.71471,0.29334,0.63588,0.2267,0.52788,0.14896,0.44988,0.0415,0.34203,0,0.1626,0.03188,0.06222,0.09229,0.013,0.16929,0.01298,0.44211,0.63248,0.75356,0.56534,0.88077,0.70858],"triangles":[22,31,21,22,23,31,23,24,4,5,23,4,24,3,4,24,25,3,1,25,26,3,25,2,1,26,0,29,30,28,0,27,30,2,25,1,0,26,27,28,30,27,21,31,20,31,6,20,31,5,6,9,18,32,20,6,19,6,7,19,18,19,32,32,19,7,5,31,23,32,8,9,32,7,8,33,10,11,10,33,9,17,18,9,14,15,13,13,15,12,33,15,17,15,33,12,15,16,17,12,33,11,33,17,9],"vertices":[1,39,2.89,23.25,1,1,39,22.69,25.68,1,1,39,34.84,23.21,1,1,39,44.82,16.89,1,2,40,7.37,26.93,0.07483,39,57.89,16.34,0.92517,2,40,10.95,13.18,0.63937,39,72.08,15.47,0.36063,1,40,19.41,10.28,1,1,40,34.31,10.64,1,2,41,-10.59,10.37,0.25935,40,58.58,13.98,0.74065,1,41,6.07,12.02,1,1,41,22.66,13.67,1,1,41,40.86,10.63,1,2,42,9.46,14.43,0.58643,41,46.78,-1.11,0.41357,1,42,40.24,12.33,1,1,42,51.24,-17.48,1,1,42,21.27,-13.24,1,2,42,9.55,-19.19,0.9037,41,17.92,-18.35,0.0963,2,42,3,-16.08,0.57808,41,17.26,-11.12,0.42192,2,41,6.64,-11.18,0.44999,40,46.29,-10.73,0.55001,1,40,30.2,-8.24,1,1,40,14.39,-10.02,1,2,40,-0.83,-17.27,0.43845,39,97.37,-5.18,0.56155,1,39,82.18,-16.48,1,1,39,69.31,-15.17,1,1,39,50.55,-15.16,1,1,39,34.63,-18.9,1,1,39,12.62,-24.08,1,1,39,-13.01,-15.28,1,1,39,-22.94,-3.36,1,1,39,-24.23,8.16,1,1,39,-18.07,17.93,1,1,40,2.72,1.33,1,1,40,50.44,-0.52,1,1,42,0.01,-2.39,1],"hull":31,"edges":[28,30,42,44,44,46,46,48,48,50,50,52,52,54,54,56,56,58,58,60,60,0,0,2,2,4,4,6,6,8,8,10,12,14,14,16,16,18,18,20,20,22,22,24,24,26,36,34,30,32,34,32,36,38,38,40,40,42,10,12,26,28],"width":150,"height":147}},"hand_right":{"hand_right":{"type":"mesh","uvs":[0.28187,0.00836,0.30693,0.02802,0.38413,0.12863,0.43115,0.2147,0.43121,0.30538,0.3929,0.35668,0.43136,0.51524,0.50352,0.52965,0.60467,0.54985,0.76392,0.54967,0.85632,0.54956,0.91724,0.64228,0.97395,0.72859,1,0.8254,0.89619,0.89309,0.81516,0.94592,0.70415,1,0.4815,0.93296,0.59269,0.87704,0.68028,0.82281,0.67388,0.77582,0.75006,0.74505,0.73788,0.68745,0.65813,0.66369,0.53038,0.65032,0.41731,0.65975,0.28473,0.68619,0.1644,0.60711,0.15024,0.5119,0.11572,0.42011,0.07597,0.35415,0.02057,0.27712,0,0.19451,0.02025,0.11868,0.08046,0.042,0.17213,0.00627,0.30855,0.57805,0.75292,0.61415],"triangles":[17,18,16,16,18,15,18,19,15,15,19,14,19,21,14,19,20,21,13,21,12,12,21,11,21,13,14,11,22,37,11,37,10,11,21,22,22,23,37,37,9,10,26,36,25,37,23,8,25,7,24,25,6,7,25,36,6,23,24,8,24,7,8,37,8,9,26,27,36,27,28,36,36,28,6,28,5,6,28,29,5,29,30,5,4,5,30,4,30,3,2,3,31,34,2,33,34,1,2,31,3,30,1,35,0,1,34,35,31,32,2,33,2,32],"vertices":[1,35,-18.41,18.44,1,1,35,-13.98,20.98,1,1,35,7.55,27.46,1,1,35,25.55,30.56,1,1,35,43.42,27.49,1,1,35,52.69,20.84,1,2,35,84.79,20.39,0.42952,36,17.58,16.69,0.57048,2,35,89.22,29.14,0.07244,36,27.01,13.97,0.92756,1,36,40.23,10.16,1,2,36,60.92,10.55,0.8195,37,-10.28,2.49,0.1805,2,36,72.93,10.78,0.2798,37,-6.88,14.01,0.7202,1,37,13.15,16.32,1,1,37,31.8,18.47,1,1,37,51.32,16.19,1,2,37,60.46,-0.6,0.48243,38,11.47,15.43,0.51757,1,38,26.25,13.4,1,1,38,43.58,8.4,1,1,38,50.33,-22.77,1,1,38,32.7,-17.98,1,1,38,17.18,-15.44,1,2,37,29.74,-21.62,0.18361,38,10.18,-21.77,0.81639,2,37,26.66,-10.37,0.67264,38,-0.7,-17.57,0.32736,2,36,58.02,-17.06,0.13022,37,15.17,-8.61,0.86978,2,36,47.57,-12.49,0.77689,37,7.66,-17.19,0.22311,1,36,30.92,-10.1,1,1,36,16.25,-12.24,1,2,35,115.25,-4.2,0.11833,36,-0.89,-17.83,0.88167,1,35,97.01,-16.93,1,1,35,77.93,-15.52,1,1,35,59.08,-16.82,1,1,35,45.2,-19.68,1,1,35,28.79,-24.16,1,1,35,12.06,-23.99,1,1,35,-2.44,-18.82,1,1,35,-16.23,-8.51,1,1,35,-21.25,4.45,1,2,35,94.46,2.52,0.71164,36,1.83,3.85,0.28836,2,36,59.72,-2.37,0.57253,37,1.67,-2.56,0.42747],"hull":36,"edges":[32,34,48,50,50,52,52,54,54,56,56,58,58,60,60,62,10,8,6,8,6,4,4,2,0,2,70,0,64,66,68,70,66,68,10,12,12,14,14,16,16,18,18,20,20,22,48,46,46,44,42,40,40,38,38,36,36,34,32,30,26,28,28,30,22,24,26,24,42,44,62,64],"width":130,"height":200}},"head":{"head":{"type":"mesh","uvs":[0.00296,0.55004,0.13699,0.44079,0.08669,0.09596,0.16066,0.08913,0.27606,0.25984,0.27606,0.04133,0.4033,0,0.70215,0,0.8501,0.0345,0.98325,0.20862,1,0.46128,0.95662,0.62857,0.99805,0.77197,0.93887,0.97341,0.77021,1,0.45656,1,0.26126,0.89146,0.25831,0.81635,0.13995,0.71051,0,0.62516,0.1323,0.60921,0.20628,0.67749,0.30392,0.76285,0.48738,0.77992,0.76257,0.77309],"triangles":[15,16,23,23,16,22,16,17,22,18,21,17,17,21,22,21,4,22,19,20,18,18,20,21,15,23,14,23,24,14,14,24,13,13,24,12,24,23,7,24,11,12,11,24,10,7,10,24,22,7,23,7,4,6,7,22,4,20,1,21,21,1,4,9,7,8,10,7,9,19,0,20,20,0,1,4,2,3,4,1,2,4,5,6],"vertices":[-11.69,20.85,15.43,38.7,6.92,97.18,21.37,98.01,43.22,68.67,44.05,105.59,69.01,112.01,127.27,110.71,155.98,104.24,181.28,74.24,183.59,31.48,174.51,3.4,182.04,-21.01,169.74,-54.78,136.76,-58.54,75.62,-57.18,37.95,-37.99,37.66,-25.28,14.98,-6.88,-11.98,8.15,13.85,10.27,28.03,-1.59,46.75,-16.44,82.45,-20.13,136.13,-20.17],"hull":20,"edges":[0,2,2,4,4,6,6,8,8,10,10,12,12,14,14,16,16,18,18,20,20,22,22,24,24,26,26,28,28,30,30,32,32,34,34,36,36,38,0,38],"width":195,"height":169}},"jaw":{"jaw":{"x":79.27,"y":1.37,"scaleX":1.0111,"scaleY":1.0111,"rotation":42.2,"width":162,"height":166}},"leg_left":{"leg_left":{"type":"mesh","uvs":[0.86184,0.00273,0.9683,0.09983,1,0.22987,1,0.2822,0.9644,0.35711,0.93462,0.41979,0.93312,0.47347,0.78641,0.56546,0.62521,0.61363,0.48967,0.65775,0.41788,0.69962,0.4231,0.74378,0.42822,0.787,0.49427,0.8104,0.63474,0.78983,0.79975,0.81123,0.90226,0.83249,0.9814,0.87002,0.94372,0.90765,0.89911,0.94136,0.84249,0.96845,0.79517,0.99906,0.67501,0.96517,0.57684,0.95361,0.44223,0.95664,0.31835,0.91272,0.21607,0.90171,0.10723,0.90611,0.04689,0.91548,0,0.9171,0.02718,0.89513,0.11389,0.86237,0.19686,0.8418,0.21624,0.82987,0.2161,0.77619,0.2064,0.70974,0.15283,0.67657,0.16883,0.63576,0.26299,0.60109,0.33888,0.56653,0.38205,0.52526,0.39655,0.47713,0.42243,0.4591,0.50432,0.43311,0.57319,0.41895,0.52336,0.3888,0.46803,0.36293,0.37423,0.27146,0.34265,0.18114,0.38384,0.08589,0.57051,0.00329,0.67575,0.80987,0.87035,0.51247,0.75042,0.45569,0.37616,0.85473,0.3161,0.66807],"triangles":[50,47,48,1,50,0,50,1,2,3,4,2,49,50,48,2,46,47,50,2,47,2,45,46,4,45,2,44,45,4,4,53,44,5,53,4,6,53,5,52,53,6,7,53,52,7,52,6,53,43,44,8,53,7,8,43,53,40,41,42,42,43,40,8,40,43,39,40,8,9,39,8,55,38,39,9,55,39,37,38,55,15,51,14,18,16,17,18,15,16,36,37,55,10,55,9,35,36,55,35,11,34,10,35,55,11,35,10,34,11,12,33,34,12,29,30,28,51,13,14,54,12,13,54,26,32,25,26,54,51,23,13,54,13,23,24,25,54,23,24,54,20,22,19,21,22,20,18,19,15,22,23,51,22,15,19,22,51,15,54,33,12,54,32,33,31,32,26,27,31,26,27,30,31,28,30,27],"vertices":[1,30,-33.67,32.88,1,1,30,-1.35,44.92,1,1,30,40.01,44.76,1,1,30,56.43,42.81,1,1,30,79.32,34.8,1,1,30,98.47,28.1,1,2,31,-15.89,21.94,0.33852,30,115.29,25.88,0.66148,1,31,19.9,27.94,1,1,31,47.66,22.45,1,2,32,0.35,27.5,0.09919,31,71.79,18.66,0.90081,2,32,13.25,16.48,0.73221,31,88.62,20.88,0.26779,1,32,27.22,16.84,1,2,33,14.22,19.56,0.64995,32,40.9,17.18,0.35005,1,33,24.88,13.51,1,2,33,44.64,22.69,0.38283,34,-1.43,23.26,0.61717,2,33,69.74,19.19,0.17918,34,23.61,27.15,0.82082,2,33,85.66,14.52,0.25865,34,40.2,27.27,0.74135,2,33,98.83,4.3,0.44228,34,55.75,21.28,0.55772,2,33,94.86,-8.22,0.70854,34,55.57,8.15,0.29146,1,33,89.71,-19.65,1,1,33,82.53,-29.24,1,1,33,76.85,-39.74,1,1,33,57.82,-31.46,1,1,33,42.94,-29.75,1,1,33,23.31,-33.31,1,1,33,3.31,-21.96,1,1,33,-12.15,-20.49,1,1,33,-27.94,-23.99,1,1,33,-36.4,-28.09,1,1,33,-43.21,-29.51,1,1,33,-40.14,-22.1,1,1,33,-28.77,-10.15,1,2,33,-17.45,-2.1,0.94247,32,57.18,-17.56,0.05753,2,33,-15.1,2.02,0.77118,32,53.5,-14.58,0.22882,2,33,-17.35,18.83,0.35023,32,36.54,-14.09,0.64977,1,32,15.51,-14.9,1,2,32,4.8,-22.51,0.86432,31,111.93,-11.5,0.13568,2,32,-8.02,-19.75,0.57657,31,101.31,-19.18,0.42343,2,32,-18.56,-5.5,0.05831,31,83.66,-17.47,0.94169,1,31,68,-17.6,1,1,31,54.37,-22.61,1,1,31,42.31,-32.11,1,2,31,35.6,-33.58,0.93316,30,101.9,-48.64,0.06684,2,31,21.16,-31.14,0.76887,30,95.17,-35.64,0.23113,2,31,10.71,-27.33,0.40071,30,91.93,-24.99,0.59929,2,31,9.45,-39.31,0.09105,30,81.6,-31.2,0.90895,1,30,72.52,-38.37,1,1,30,42.18,-48.76,1,1,30,13.29,-50.05,1,1,30,-15.89,-40.46,1,1,30,-38.56,-9.96,1,2,33,51.49,17.2,0.35433,34,6.7,19.99,0.64567,2,31,-0.65,24.42,0.75305,30,126.44,15.21,0.24695,2,31,-0.23,-0.81,0.425,30,106.53,-0.31,0.575,1,33,9.39,-2.67,1,2,32,2.84,1.73,0.7654,31,92.61,3.26,0.2346],"hull":51,"edges":[0,100,0,2,2,4,4,6,90,92,98,100,58,60,62,64,60,62,58,56,56,54,54,52,52,50,50,48,48,46,46,44,44,42,42,40,40,38,36,38,36,34,34,32,32,30,30,102,28,30,102,28,28,26,26,24,24,22,22,20,20,18,18,16,16,14,14,104,104,12,12,10,6,8,8,10,90,88,88,86,86,84,82,84,82,80,80,78,78,76,76,74,74,72,72,70,70,68,68,66,66,64,12,14,92,94,96,98,94,96],"width":148,"height":316}},"leg_right":{"leg_right":{"type":"mesh","uvs":[0.82939,0,0.91269,0.05111,0.95856,0.10543,1,0.20234,0.98917,0.32365,0.93854,0.42369,0.93854,0.4785,0.87578,0.51464,0.79868,0.56477,0.58873,0.6268,0.46869,0.67405,0.41895,0.70174,0.42285,0.74447,0.42792,0.78918,0.48649,0.80778,0.62286,0.79114,0.6913,0.81204,0.81541,0.81584,0.91059,0.8382,0.98669,0.8724,0.94594,0.90645,0.90031,0.94459,0.84011,0.96526,0.8067,1,0.78572,0.99791,0.72273,0.97827,0.64627,0.95999,0.5195,0.95658,0.42904,0.95452,0.32642,0.91207,0.21374,0.89999,0.11648,0.90588,0.00248,0.9197,0.01005,0.90663,0.08391,0.86933,0.18935,0.85111,0.21752,0.8288,0.21153,0.71684,0.15281,0.67906,0.16429,0.64035,0.25198,0.60691,0.33375,0.5742,0.38479,0.53009,0.39967,0.47863,0.47378,0.4441,0.57191,0.42274,0.52607,0.39371,0.35212,0.29421,0.35309,0.16065,0.41839,0.06484,0.61065,0,0.75594,0.46367,0.3328,0.68339,0.36005,0.837],"triangles":[10,52,41,11,52,10,37,38,52,52,12,37,11,12,52,13,37,12,2,3,47,49,1,48,47,48,2,47,3,46,50,0,1,50,1,49,1,2,48,4,46,3,45,46,4,5,45,4,51,45,5,51,5,6,7,51,6,8,51,7,51,44,45,9,51,8,51,42,44,42,43,44,51,9,42,41,42,9,10,41,9,52,40,41,39,40,52,38,39,52,20,18,19,20,17,18,26,16,17,36,37,13,53,36,13,31,34,35,33,34,31,32,33,31,16,14,15,26,27,16,22,26,17,53,13,14,29,30,53,27,28,53,29,53,28,16,27,14,27,53,14,20,21,17,21,22,17,25,26,22,24,25,22,23,24,22,53,30,35,53,35,36,30,31,35],"vertices":[1,25,-40.66,32.9,1,1,25,-20.89,44.09,1,1,25,-0.79,49.04,1,1,25,34.2,51.29,1,1,25,76.67,43.93,1,1,25,110.8,31.07,1,2,26,-18.34,23.83,0.34605,25,130.09,28.54,0.65395,2,26,-2.13,26.61,0.71789,25,141.48,16.66,0.28211,1,26,19.13,31.55,1,2,26,65.34,24.87,0.89052,27,-3.74,42.7,0.10948,2,26,85.37,24.72,0.40601,27,8.48,26.82,0.59399,1,27,17.79,18.08,1,2,28,10.48,37.63,0.17243,27,32.97,17.79,0.82757,2,28,13.51,22.03,0.78883,27,48.86,17.65,0.21117,1,28,23.95,16.83,1,2,28,45.27,25.8,0.68109,29,-8.26,23.9,0.31891,2,28,57.42,20.02,0.34134,29,5.19,23.49,0.65866,1,29,23.21,33.04,1,2,28,94.33,15.84,0.22177,29,40.66,34.5,0.77823,2,28,108.38,5.56,0.43967,29,57.66,30.73,0.56033,2,28,103.45,-7.35,0.70545,29,58.34,16.94,0.29455,1,28,97.92,-21.8,1,1,28,89.17,-30.44,1,1,28,85.46,-43.42,1,1,28,81.95,-43.16,1,1,28,70.75,-37.7,1,1,28,57.43,-33.02,1,1,28,36.67,-34.72,1,1,28,21.88,-36.07,1,1,28,3.11,-23.49,1,1,28,-15.78,-21.82,1,1,28,-31.29,-26.12,1,1,28,-49.11,-33.58,1,1,28,-48.53,-28.82,1,2,28,-38.38,-14.01,0.83719,27,73.8,-40.41,0.16281,2,28,-22.16,-5.2,0.87354,27,68.41,-22.75,0.12646,2,28,-18.69,3.29,0.61697,27,60.79,-17.66,0.38303,2,26,127.01,8.14,0.27567,27,21.05,-16.2,0.72433,2,26,125.33,-8.29,0.89094,27,7.08,-24.99,0.10906,1,26,114.81,-17.33,1,1,26,96.18,-16.68,1,1,26,78.44,-16.49,1,1,26,61.79,-22.66,1,1,26,47.85,-34.72,1,2,26,30.63,-35.84,0.86328,25,108.06,-45.44,0.13672,2,26,13.55,-30.85,0.42431,25,102.64,-28.5,0.57569,2,26,12.35,-43.55,0.11416,25,91.44,-34.61,0.88584,1,25,52.71,-58.3,1,1,25,5.72,-51.97,1,1,25,-26.61,-36.92,1,1,25,-45.33,-2.66,1,2,26,0.59,0.03,0.55347,25,120.98,-0.47,0.44653,1,27,10.42,4.38,1,1,28,4.86,3.66,1],"hull":51,"edges":[0,100,92,94,92,90,90,88,88,86,86,84,84,82,82,80,80,78,78,76,76,74,74,72,72,70,70,68,64,66,68,66,64,62,62,60,60,58,58,56,56,54,54,52,52,50,46,48,50,48,46,44,44,42,40,42,38,40,38,36,36,34,34,32,32,30,30,28,28,26,26,24,24,22,22,20,20,18,18,16,16,14,14,12,12,10,10,8,8,6,6,4,0,2,4,2,98,100,94,96,98,96],"width":164,"height":355}},"matnham":{"matnham":{"x":62.07,"y":22.51,"rotation":-1.28,"width":38,"height":25}},"neck_1":{"neck_1":{"type":"mesh","uvs":[0.59482,0,0.59828,0,0.6456,0.13363,0.73748,0.23086,1,0.37597,1,0.37729,0.88242,0.44504,0.8323,0.53394,0.82764,0.64909,0.70733,0.78192,0.65095,0.8799,0.6133,1,0.57011,0.99544,0.24885,0.82927,0.06541,0.63602,0.00169,0.43811,0.11709,0.23581,0.25749,0.07246,0.58995,0.00879],"triangles":[6,3,4,5,6,4,6,15,3,18,0,1,2,18,1,17,18,2,16,17,2,16,2,3,7,14,15,16,3,15,6,7,15,8,9,7,9,14,7,13,14,9,10,13,9,12,13,10,11,12,10],"vertices":[1,8,69.53,-27.48,1,1,8,69.23,-28.09,1,1,8,22.42,-15.49,1,1,7,53.29,-11.51,1,1,7,-19.67,-16.04,1,1,7,-20.03,-15.72,1,2,9,-31.47,1.83,0.50748,7,-22.75,17.6,0.49252,2,11,-20.46,-6.99,0.55107,9,-18.13,32.18,0.44893,1,11,15.65,12.43,1,2,12,8.28,14.41,0.90117,11,68.48,15.14,0.09883,1,12,44.66,18.47,1,1,12,86.73,29.11,1,1,12,88.72,20.68,1,2,12,60.46,-61.21,0.83057,9,107.83,123.82,0.16943,2,12,12.35,-122.24,0.31151,9,136.06,51.42,0.68849,2,9,140.67,-19.99,0.91427,8,-18.98,146.14,0.08573,2,9,110.04,-89.02,0.48226,8,35.65,94,0.51774,2,9,76.06,-143.72,0.09796,8,75.66,43.54,0.90204,1,8,67.15,-25.24,1],"hull":19,"edges":[0,36,0,2,2,4,4,6,6,8,8,10,10,12,12,14,14,16,16,18,18,20,20,22,24,26,26,28,28,30,30,32,32,34,34,36,22,24],"width":197,"height":356}},"neck_2":{"neck_2":{"type":"mesh","uvs":[0.94752,0.13376,1,0.30059,0.99277,0.43988,0.98552,0.5798,0.98564,0.68813,0.77837,0.80134,0.59773,0.90001,0.26201,1,0.21064,1,0.06503,0.8809,0,0.75507,0.02645,0.62389,0.06254,0.45661,0.08814,0.34713,0.28771,0.22981,0.52288,0.09156,0.6088,0],"triangles":[14,15,0,15,16,0,3,12,2,2,12,13,2,13,14,1,2,14,1,14,0,6,7,9,7,8,9,6,9,10,5,6,10,4,5,11,5,10,11,11,3,4,11,12,3],"vertices":[2,13,111.86,-28.44,0.37225,14,53.24,-43.34,0.62775,2,15,-60.48,169.25,0.07247,13,71.55,-68.91,0.92753,2,15,-17.91,148.47,0.2468,13,33.85,-97.58,0.7532,2,15,24.85,127.59,0.50873,13,-4.03,-126.38,0.49127,3,15,58.26,112.1,0.58288,16,3.99,112.38,0.12009,13,-32.9,-149.26,0.29703,3,15,82,71.82,0.49918,16,29.46,73.17,0.38172,13,-79.54,-152.35,0.1191,2,15,102.69,36.72,0.17542,16,51.65,39,0.82458,1,16,66.69,-13.68,1,1,16,64.19,-19.76,1,1,16,19.64,-21.55,1,1,15,25.77,-11.92,1,2,15,-13.25,9.94,0.87236,13,-91.98,-39.44,0.12764,2,15,-62.9,38.08,0.29733,13,-44.52,-7.76,0.70267,1,13,-13.3,12.78,1,2,13,33.83,17.51,0.55807,14,-11.11,20.37,0.44193,1,14,44.1,12.13,1,1,14,77,14.82,1],"hull":17,"edges":[0,2,6,8,12,14,14,16,16,18,18,20,30,32,2,4,4,6,8,10,10,12,26,28,28,30,32,0,20,22,24,26,22,24],"width":128,"height":340}},"shadiow":{"shadiow":{"x":-6.02,"y":2.3,"scaleX":3.8784,"scaleY":2.1312,"width":165,"height":61}},"tongue":{"tongue":{"x":90.71,"y":9.85,"rotation":42.2,"width":124,"height":123}},"torso":{"torso":{"type":"mesh","uvs":[0.98305,0,1,0.05841,1,0.16271,0.98685,0.27605,0.92106,0.47882,0.88126,0.60147,0.83438,0.74594,0.79567,0.86523,0.7624,0.9249,0.71633,0.96966,0.66496,1,0.6227,1,0.55959,0.91303,0.50406,0.8365,0.45626,0.81154,0.40715,0.7907,0.35496,0.76855,0.30173,0.72658,0.26635,0.67052,0.23705,0.61043,0.20677,0.55955,0.17442,0.51885,0.141,0.48984,0.10939,0.46607,0.07479,0.4523,0.0401,0.45288,0.00641,0.44054,0,0.40549,0,0.37212,0.04114,0.2823,0.07295,0.27068,0.10012,0.27199,0.13045,0.27596,0.16,0.27295,0.19501,0.28738,0.22095,0.29807,0.25562,0.31963,0.28325,0.33681,0.30934,0.35091,0.33237,0.36334,0.35706,0.36568,0.38503,0.36834,0.40483,0.36226,0.42693,0.35548,0.44912,0.33898,0.4812,0.31514,0.50934,0.29423,0.54325,0.26903,0.56876,0.24742,0.58989,0.22952,0.60478,0.18918,0.61982,0.14844,0.64067,0.09198,0.65843,0.04386,0.70438,0.03099,0.75941,0.01557,0.80286,0.1526,0.86928,0.14942,0.96544,0],"triangles":[24,30,31,29,30,24,26,27,28,29,25,28,28,25,26,24,25,29,58,0,1,1,2,58,3,4,57,3,58,2,3,57,58,5,57,4,5,6,56,5,56,57,56,54,55,7,56,6,54,56,52,7,8,56,56,8,52,52,8,51,9,50,8,12,47,48,52,53,54,8,50,51,49,50,9,10,11,49,12,48,49,11,12,49,9,10,49,14,44,45,43,44,14,13,45,46,14,45,13,13,46,47,12,13,47,15,42,43,41,42,15,16,41,15,15,43,14,18,37,38,17,18,38,17,38,39,16,17,39,40,16,39,16,40,41,20,35,36,19,20,36,37,19,36,18,19,37,20,21,35,22,32,33,23,32,22,21,33,34,22,33,21,35,21,34,24,31,23,23,31,32],"vertices":[1,5,130.67,25.97,1,1,5,134.14,4.46,1,1,5,118.35,-19.36,1,1,5,91.63,-38.9,1,2,4,118.13,-51.11,0.67045,5,13.11,-53.49,0.32955,1,4,71,-61.7,1,2,3,104.9,-68.18,0.35599,4,15.48,-74.19,0.64401,2,3,62.95,-89.34,0.79527,4,-30.36,-84.49,0.20473,3,18,-80.46,91.07,0.06244,3,30.38,-96.32,0.87993,4,-63.64,-83.33,0.05763,2,18,-39.27,99.27,0.26379,3,-11.62,-96.07,0.73621,2,18,6.14,103.09,0.58627,3,-56.86,-90.67,0.41373,2,18,42.8,99.42,0.78389,3,-92.04,-79.71,0.21611,2,19,-12.08,69.3,0.29678,18,95.19,70.23,0.70322,2,19,36.68,49.13,0.91543,18,141.28,44.55,0.08457,2,20,-19.47,40.84,0.21061,19,78.47,42.97,0.78939,2,20,23.73,41.3,0.91822,19,121.38,37.96,0.08178,1,20,69.64,41.79,1,2,21,38.91,43.77,0.70708,20,117.22,37.04,0.29292,2,22,-2.02,38,0.43899,21,72.89,38.06,0.56101,1,22,27.6,31.18,1,2,23,-7.23,28.7,0.2057,22,57.17,27.02,0.7943,3,23,22.59,23.19,0.76837,22,87.49,26.09,0.05898,24,-55.79,32.34,0.17265,2,23,52.72,21.01,0.76,24,-26.38,25.46,0.24,2,23,81.02,19.92,0.63158,24,1.4,19.95,0.36842,2,23,111.36,22.03,0.3667,24,31.7,17.28,0.6333,1,24,61.92,18.53,1,1,24,91.4,16.22,1,1,24,97.33,6.83,1,1,24,97.67,-2.31,1,1,24,62.71,-28.21,1,2,23,122.51,-26.49,0.25352,24,35.11,-32.4,0.74648,2,23,99.2,-30.7,0.5403,24,11.42,-32.9,0.4597,2,23,73.04,-34.73,0.75967,24,-15.05,-32.77,0.24033,2,23,47.91,-40.5,0.83011,24,-40.77,-34.53,0.16989,2,23,17.19,-42.5,0.79738,22,92.11,-39.66,0.20262,2,23,-5.57,-43.98,0.41285,22,69.84,-44.58,0.58715,2,22,39.39,-49.27,0.92074,21,109.84,-51.2,0.07926,2,22,15.13,-53.01,0.67578,21,85.42,-53.71,0.32422,2,22,-7.59,-57.1,0.33994,21,62.53,-56.64,0.66006,2,22,-27.63,-60.7,0.12762,21,42.33,-59.23,0.87238,1,21,21.54,-64.88,1,3,21,-2,-71.29,0.70109,20,59.35,-70.48,0.20569,19,142.56,-77.43,0.09322,3,21,-18.04,-77.91,0.49787,20,42.5,-74.6,0.30118,19,125.32,-79.38,0.20095,3,21,-35.93,-85.29,0.30786,20,23.7,-79.19,0.31638,19,106.09,-81.55,0.37576,3,21,-53.13,-95.25,0.18017,20,5.18,-86.43,0.24697,19,86.81,-86.39,0.57286,4,21,-77.99,-109.65,0.06904,20,-21.57,-96.89,0.11229,19,58.95,-93.38,0.6729,18,146.9,-99.58,0.14577,2,19,34.51,-99.51,0.67902,18,121.92,-102.84,0.32098,2,19,5.06,-106.9,0.46762,18,91.81,-106.77,0.53238,2,19,-17.09,-113.18,0.31507,18,69.08,-110.44,0.68493,4,19,-35.43,-118.39,0.17376,18,50.26,-113.49,0.6727,3,-56.53,130.35,0.08221,4,-92.74,157.69,0.07133,4,19,-48.23,-129.66,0.10384,18,36.24,-123.2,0.65209,3,-40.84,137.04,0.13057,4,-75.89,160.35,0.1135,4,19,-61.16,-141.03,0.06149,18,22.08,-133,0.60542,3,-24.99,143.8,0.17327,4,-58.88,163.04,0.15982,3,18,2.45,-146.59,0.54141,3,-3.04,153.16,0.22354,4,-35.3,166.77,0.23505,3,18,-14.27,-158.16,0.47863,3,15.68,161.13,0.24028,4,-15.21,169.95,0.2811,3,18,-54.49,-157.69,0.3462,3,54.97,152.58,0.25363,4,20.82,152.09,0.40017,3,18,-102.66,-157.11,0.21968,3,102.05,142.33,0.22535,4,63.98,130.68,0.55497,4,18,-136.62,-115.99,0.08502,3,127.04,95.21,0.11474,4,76.75,78.89,0.66723,5,-23.38,77.97,0.13301,2,4,126.63,49.45,0.12059,5,25.37,46.68,0.87941,1,5,117.87,34.45,1],"hull":59,"edges":[0,116,0,2,2,4,4,6,20,22,26,28,52,54,54,56,110,112,112,114,114,116,56,58,58,60,60,62,62,64,64,66,66,68,68,70,70,72,72,74,74,76,76,78,82,80,80,78,82,84,84,86,86,88,88,90,90,92,92,94,94,96,96,98,98,100,100,102,102,104,104,106,106,108,108,110,50,52,50,48,48,46,46,44,44,42,42,40,40,38,38,36,34,36,34,32,28,30,30,32,22,24,24,26,18,20,18,16,16,14,12,14,10,12,6,8,8,10],"width":872,"height":274}}}}],"events":{"finished_attacking":{}},"animations":{"attack":{"slots":{"matnham":{"attachment":[{"time":0.6667,"name":"matnham"},{"time":0.7667,"name":null}]}},"bones":{"bone":{"rotate":[{"curve":0.25,"c3":0.625,"c4":0.5},{"time":0.5,"angle":-1.23,"curve":0.335,"c2":0.34,"c3":0.67,"c4":0.68},{"time":0.6,"angle":-10.51,"curve":0.381,"c2":0.55,"c3":0.742},{"time":1}],"translate":[{"curve":0.25,"c3":0.75},{"time":0.5,"x":-136.42,"y":-28.85,"curve":0.284,"c3":0.625,"c4":0.38},{"time":0.6,"x":67.61,"y":-10.95,"curve":0.32,"c2":0.29,"c3":0.757},{"time":1}]},"bone11":{"rotate":[{"angle":-36.55,"curve":0.311,"c2":0.26,"c3":0.651,"c4":0.61},{"time":0.3,"angle":-32.51,"curve":0.379,"c2":0.52,"c3":0.747},{"time":0.4667,"angle":32.39,"curve":0.25,"c3":0.75},{"time":0.5667,"angle":13.96,"curve":0.245,"c3":0.637,"c4":0.56},{"time":0.7667,"angle":-21.79,"curve":0.381,"c2":0.55,"c3":0.742},{"time":0.9,"angle":-41.12,"curve":0.284,"c3":0.625,"c4":0.38},{"time":1,"angle":-36.55}]},"bone8":{"rotate":[{"angle":-0.17,"curve":0.33,"c2":0.32,"c3":0.67,"c4":0.68},{"time":0.1,"angle":3.1,"curve":0.25,"c3":0.75},{"time":0.4667,"angle":29.56,"curve":0.25,"c3":0.75},{"time":0.5667,"angle":-14.58,"curve":0.25,"c3":0.75},{"time":1,"angle":-0.17}]},"bone9":{"rotate":[{"angle":-3.15,"curve":0.311,"c2":0.26,"c3":0.651,"c4":0.61},{"time":0.1,"angle":-0.17,"curve":0.247,"c3":0.63,"c4":0.52},{"time":0.3,"angle":-1.75,"curve":0.379,"c2":0.52,"c3":0.747},{"time":0.4667,"angle":7.24,"curve":0.25,"c3":0.75},{"time":0.5667,"angle":13.96,"curve":0.245,"c3":0.637,"c4":0.56},{"time":0.7667,"angle":-21.79,"curve":0.381,"c2":0.55,"c3":0.742},{"time":0.9,"angle":-5.81,"curve":0.284,"c3":0.625,"c4":0.38},{"time":1,"angle":-3.15}]},"bone6":{"rotate":[{"angle":5.99,"curve":0.375,"c2":0.62,"c3":0.716},{"time":0.1,"angle":7.59,"curve":0.25,"c3":0.75},{"time":0.4667,"angle":26.31,"curve":0.25,"c3":0.75},{"time":0.5667,"angle":-4.74,"curve":0.25,"c3":0.75},{"time":1,"angle":5.99}]},"bone7":{"rotate":[{"angle":3.1,"curve":0.349,"c2":0.39,"c3":0.689,"c4":0.74},{"time":0.1,"angle":5.99,"curve":0.25,"c3":0.75},{"time":0.4667,"angle":23.36,"curve":0.25,"c3":0.75},{"time":0.5667,"angle":-17.51,"curve":0.25,"c3":0.75},{"time":1,"angle":3.1}]},"bone5":{"rotate":[{"angle":7.59,"curve":0.25,"c3":0.75},{"time":0.5,"angle":-4.74,"curve":0.25,"c3":0.75},{"time":1,"angle":7.59}]},"bone10":{"rotate":[{"angle":-36.55,"curve":0.311,"c2":0.26,"c3":0.651,"c4":0.61},{"time":0.3,"angle":-20.09,"curve":0.379,"c2":0.52,"c3":0.747},{"time":0.4667,"angle":32.39,"curve":0.25,"c3":0.75},{"time":0.5667,"angle":13.96,"curve":0.245,"c3":0.637,"c4":0.56},{"time":0.7667,"angle":-21.79,"curve":0.381,"c2":0.55,"c3":0.742},{"time":0.9,"angle":-41.12,"curve":0.284,"c3":0.625,"c4":0.38},{"time":1,"angle":-36.55}]},"bone2":{"rotate":[{"angle":-2.51,"curve":0.375,"c2":0.62,"c3":0.716},{"time":0.1,"angle":-3.01,"curve":0.25,"c3":0.75},{"time":0.6,"angle":0.83,"curve":0.243,"c3":0.68,"c4":0.71},{"time":1,"angle":-2.51}]},"bone4":{"rotate":[{"angle":-0.6,"curve":0.25,"c3":0.75},{"time":0.5,"angle":-46.93,"curve":0.25,"c3":0.75},{"time":0.8,"angle":0.83,"curve":0.258,"c3":0.619,"c4":0.45},{"time":1,"angle":-0.6}],"translate":[{"curve":0.25,"c3":0.75},{"time":0.5,"x":-20.56,"y":15.36,"curve":0.25,"c3":0.75},{"time":0.6,"x":20.23,"y":0.41,"curve":0.25,"c3":0.75},{"time":1}]},"bone3":{"rotate":[{"angle":-1.61,"curve":0.349,"c2":0.39,"c3":0.689,"c4":0.74},{"time":0.1,"angle":-2.51,"curve":0.375,"c2":0.62,"c3":0.716},{"time":0.2,"angle":-3.01,"curve":0.245,"c3":0.637,"c4":0.56},{"time":0.5,"angle":38.6,"curve":0.381,"c2":0.55,"c3":0.742},{"time":0.7,"angle":0.83,"curve":0.245,"c3":0.637,"c4":0.56},{"time":1,"angle":-1.61}]},"head":{"rotate":[{"angle":0.33,"curve":0.311,"c2":0.26,"c3":0.651,"c4":0.61},{"time":0.1,"angle":-0.6,"curve":0.33,"c2":0.32,"c3":0.67,"c4":0.68},{"time":0.2,"angle":-1.61,"curve":0.349,"c2":0.39,"c3":0.689,"c4":0.74},{"time":0.3,"angle":-2.51,"curve":0.375,"c2":0.62,"c3":0.716},{"time":0.4,"angle":-3.01,"curve":0.25,"c3":0.75},{"time":0.9,"angle":0.83,"curve":0.284,"c3":0.625,"c4":0.38},{"time":1,"angle":0.33}]},"head7":{"rotate":[{"curve":0.25,"c3":0.75},{"time":0.5,"angle":-7.21,"curve":0.243,"c3":0.649,"c4":0.6},{"time":0.5667,"angle":-15.31,"curve":0.382,"c2":0.57,"c3":0.735},{"time":0.6,"angle":27.39,"curve":0.25,"c3":0.75},{"time":1}],"translate":[{"curve":0.246,"c3":0.633,"c4":0.54},{"time":0.5667,"x":10.75,"y":15.93,"curve":0.334,"c2":0.34,"c3":0.668,"c4":0.67},{"time":0.6,"x":11.55,"y":17.11,"curve":0.381,"c2":0.55,"c3":0.742},{"time":1}]},"leg_right":{"rotate":[{"curve":0.25,"c3":0.75},{"time":0.5,"angle":30.7,"curve":0.25,"c3":0.75},{"time":0.6,"angle":-18.77,"curve":0.25,"c3":0.75},{"time":1}]},"leg_left":{"rotate":[{"curve":0.25,"c3":0.75},{"time":0.5,"angle":30.7,"curve":0.25,"c3":0.75},{"time":0.6,"angle":-18.77,"curve":0.25,"c3":0.75},{"time":1}]},"neck_1":{"rotate":[{"angle":4.33,"curve":0.25,"c3":0.75},{"time":0.0667,"angle":-5.59,"curve":0.25,"c3":0.75},{"time":0.1333,"angle":4.33,"curve":0.25,"c3":0.75},{"time":0.2,"angle":-5.59,"curve":0.25,"c3":0.75},{"time":0.2667,"angle":4.33,"curve":0.25,"c3":0.75},{"time":0.3333,"angle":-5.59,"curve":0.25,"c3":0.75},{"time":0.4,"angle":4.33,"curve":0.25,"c3":0.75},{"time":0.4667,"angle":-5.59,"curve":0.25,"c3":0.75},{"time":0.5333,"angle":4.33,"curve":0.25,"c3":0.75},{"time":0.6,"angle":-5.59,"curve":0.25,"c3":0.75},{"time":0.6667,"angle":4.33,"curve":0.25,"c3":0.75},{"time":0.7333,"angle":-5.59,"curve":0.25,"c3":0.75},{"time":0.8,"angle":4.33,"curve":0.25,"c3":0.75},{"time":0.8667,"angle":-5.59,"curve":0.25,"c3":0.75},{"time":0.9333,"angle":4.33,"curve":0.25,"c3":0.75},{"time":1,"angle":-5.59}]},"neck_2":{"rotate":[{"angle":4.33,"curve":0.25,"c3":0.75},{"time":0.0667,"angle":-5.59,"curve":0.25,"c3":0.75},{"time":0.1333,"angle":4.33,"curve":0.25,"c3":0.75},{"time":0.2,"angle":-5.59,"curve":0.25,"c3":0.75},{"time":0.2667,"angle":4.33,"curve":0.25,"c3":0.75},{"time":0.3333,"angle":-5.59,"curve":0.25,"c3":0.75},{"time":0.4,"angle":4.33,"curve":0.25,"c3":0.75},{"time":0.4667,"angle":-5.59,"curve":0.25,"c3":0.75},{"time":0.5333,"angle":4.33,"curve":0.25,"c3":0.75},{"time":0.6,"angle":-5.59,"curve":0.25,"c3":0.75},{"time":0.6667,"angle":4.33,"curve":0.25,"c3":0.75},{"time":0.7333,"angle":-5.59,"curve":0.25,"c3":0.75},{"time":0.8,"angle":4.33,"curve":0.25,"c3":0.75},{"time":0.8667,"angle":-5.59,"curve":0.25,"c3":0.75},{"time":0.9333,"angle":4.33,"curve":0.25,"c3":0.75},{"time":1,"angle":-5.59}]},"head4":{"rotate":[{"angle":-1.06,"curve":0.25,"c3":0.75},{"time":0.0667,"angle":2.31,"curve":0.25,"c3":0.75},{"time":0.1333,"angle":-1.06,"curve":0.25,"c3":0.75},{"time":0.2,"angle":2.31,"curve":0.25,"c3":0.75},{"time":0.2667,"angle":-1.06,"curve":0.25,"c3":0.75},{"time":0.3333,"angle":2.31,"curve":0.25,"c3":0.75},{"time":0.4,"angle":-1.06,"curve":0.25,"c3":0.75},{"time":0.4667,"angle":2.31,"curve":0.25,"c3":0.75},{"time":0.5333,"angle":-1.06,"curve":0.25,"c3":0.75},{"time":0.6,"angle":2.31,"curve":0.25,"c3":0.75},{"time":0.6667,"angle":-1.06,"curve":0.25,"c3":0.75},{"time":0.7333,"angle":2.31,"curve":0.25,"c3":0.75},{"time":0.8,"angle":-1.06,"curve":0.25,"c3":0.75},{"time":0.8667,"angle":2.31,"curve":0.25,"c3":0.75},{"time":0.9333,"angle":-1.06,"curve":0.25,"c3":0.75},{"time":1,"angle":2.31}]},"head5":{"rotate":[{"angle":-1.06,"curve":0.25,"c3":0.75},{"time":0.0667,"angle":2.31,"curve":0.25,"c3":0.75},{"time":0.1333,"angle":-1.06,"curve":0.25,"c3":0.75},{"time":0.2,"angle":2.31,"curve":0.25,"c3":0.75},{"time":0.2667,"angle":-1.06,"curve":0.25,"c3":0.75},{"time":0.3333,"angle":2.31,"curve":0.25,"c3":0.75},{"time":0.4,"angle":-1.06,"curve":0.25,"c3":0.75},{"time":0.4667,"angle":2.31,"curve":0.25,"c3":0.75},{"time":0.5333,"angle":-1.06,"curve":0.25,"c3":0.75},{"time":0.6,"angle":2.31,"curve":0.25,"c3":0.75},{"time":0.6667,"angle":-1.06,"curve":0.25,"c3":0.75},{"time":0.7333,"angle":2.31,"curve":0.25,"c3":0.75},{"time":0.8,"angle":-1.06,"curve":0.25,"c3":0.75},{"time":0.8667,"angle":2.31,"curve":0.25,"c3":0.75},{"time":0.9333,"angle":-1.06,"curve":0.25,"c3":0.75},{"time":1,"angle":2.31}]},"head2":{"rotate":[{"angle":-0.5,"curve":0.25,"c3":0.75},{"time":0.0667,"angle":2.04,"curve":0.25,"c3":0.75},{"time":0.1333,"angle":-0.5,"curve":0.25,"c3":0.75},{"time":0.2,"angle":2.04,"curve":0.25,"c3":0.75},{"time":0.2667,"angle":-0.5,"curve":0.25,"c3":0.75},{"time":0.3333,"angle":2.04,"curve":0.25,"c3":0.75},{"time":0.4,"angle":-0.5,"curve":0.25,"c3":0.75},{"time":0.4667,"angle":2.04,"curve":0.25,"c3":0.75},{"time":0.5333,"angle":-0.5,"curve":0.25,"c3":0.75},{"time":0.6,"angle":2.04,"curve":0.25,"c3":0.75},{"time":0.6667,"angle":-0.5,"curve":0.25,"c3":0.75},{"time":0.7333,"angle":2.04,"curve":0.25,"c3":0.75},{"time":0.8,"angle":-0.5,"curve":0.25,"c3":0.75},{"time":0.8667,"angle":2.04,"curve":0.25,"c3":0.75},{"time":0.9333,"angle":-0.5,"curve":0.25,"c3":0.75},{"time":1,"angle":2.04}]},"head3":{"rotate":[{"angle":-0.5,"curve":0.25,"c3":0.75},{"time":0.0667,"angle":2.04,"curve":0.25,"c3":0.75},{"time":0.1333,"angle":-0.5,"curve":0.25,"c3":0.75},{"time":0.2,"angle":2.04,"curve":0.25,"c3":0.75},{"time":0.2667,"angle":-0.5,"curve":0.25,"c3":0.75},{"time":0.3333,"angle":2.04,"curve":0.25,"c3":0.75},{"time":0.4,"angle":-0.5,"curve":0.25,"c3":0.75},{"time":0.4667,"angle":2.04,"curve":0.25,"c3":0.75},{"time":0.5333,"angle":-0.5,"curve":0.25,"c3":0.75},{"time":0.6,"angle":2.04,"curve":0.25,"c3":0.75},{"time":0.6667,"angle":-0.5,"curve":0.25,"c3":0.75},{"time":0.7333,"angle":2.04,"curve":0.25,"c3":0.75},{"time":0.8,"angle":-0.5,"curve":0.25,"c3":0.75},{"time":0.8667,"angle":2.04,"curve":0.25,"c3":0.75},{"time":0.9333,"angle":-0.5,"curve":0.25,"c3":0.75},{"time":1,"angle":2.04}]},"neck_3":{"rotate":[{"angle":-3.32,"curve":0.25,"c3":0.75},{"time":0.0667,"angle":4.09,"curve":0.25,"c3":0.75},{"time":0.1333,"angle":-3.32,"curve":0.25,"c3":0.75},{"time":0.2,"angle":4.09,"curve":0.25,"c3":0.75},{"time":0.2667,"angle":-3.32,"curve":0.25,"c3":0.75},{"time":0.3333,"angle":4.09,"curve":0.25,"c3":0.75},{"time":0.4,"angle":-3.32,"curve":0.25,"c3":0.75},{"time":0.4667,"angle":4.09,"curve":0.25,"c3":0.75},{"time":0.5333,"angle":-3.32,"curve":0.25,"c3":0.75},{"time":0.6,"angle":4.09,"curve":0.25,"c3":0.75},{"time":0.6667,"angle":-3.32,"curve":0.25,"c3":0.75},{"time":0.7333,"angle":4.09,"curve":0.25,"c3":0.75},{"time":0.8,"angle":-3.32,"curve":0.25,"c3":0.75},{"time":0.8667,"angle":4.09,"curve":0.25,"c3":0.75},{"time":0.9333,"angle":-3.32,"curve":0.25,"c3":0.75},{"time":1,"angle":4.09}]},"neck_4":{"rotate":[{"angle":-3.32,"curve":0.25,"c3":0.75},{"time":0.0667,"angle":4.09,"curve":0.25,"c3":0.75},{"time":0.1333,"angle":-3.32,"curve":0.25,"c3":0.75},{"time":0.2,"angle":4.09,"curve":0.25,"c3":0.75},{"time":0.2667,"angle":-3.32,"curve":0.25,"c3":0.75},{"time":0.3333,"angle":4.09,"curve":0.25,"c3":0.75},{"time":0.4,"angle":-3.32,"curve":0.25,"c3":0.75},{"time":0.4667,"angle":4.09,"curve":0.25,"c3":0.75},{"time":0.5333,"angle":-3.32,"curve":0.25,"c3":0.75},{"time":0.6,"angle":4.09,"curve":0.25,"c3":0.75},{"time":0.6667,"angle":-3.32,"curve":0.25,"c3":0.75},{"time":0.7333,"angle":4.09,"curve":0.25,"c3":0.75},{"time":0.8,"angle":-3.32,"curve":0.25,"c3":0.75},{"time":0.8667,"angle":4.09,"curve":0.25,"c3":0.75},{"time":0.9333,"angle":-3.32,"curve":0.25,"c3":0.75},{"time":1,"angle":4.09}]},"neck_5":{"rotate":[{"angle":7.7,"curve":0.25,"c3":0.75},{"time":0.0667,"angle":-3.06,"curve":0.25,"c3":0.75},{"time":0.1333,"angle":7.7,"curve":0.25,"c3":0.75},{"time":0.2,"angle":-3.06,"curve":0.25,"c3":0.75},{"time":0.2667,"angle":7.7,"curve":0.25,"c3":0.75},{"time":0.3333,"angle":-3.06,"curve":0.25,"c3":0.75},{"time":0.4,"angle":7.7,"curve":0.25,"c3":0.75},{"time":0.4667,"angle":-3.06,"curve":0.25,"c3":0.75},{"time":0.5333,"angle":7.7,"curve":0.25,"c3":0.75},{"time":0.6,"angle":-3.06,"curve":0.25,"c3":0.75},{"time":0.6667,"angle":7.7,"curve":0.25,"c3":0.75},{"time":0.7333,"angle":-3.06,"curve":0.25,"c3":0.75},{"time":0.8,"angle":7.7,"curve":0.25,"c3":0.75},{"time":0.8667,"angle":-3.06,"curve":0.25,"c3":0.75},{"time":0.9333,"angle":7.7,"curve":0.25,"c3":0.75},{"time":1,"angle":-3.06}]},"neck_6":{"rotate":[{"angle":7.7,"curve":0.25,"c3":0.75},{"time":0.0667,"angle":-3.06,"curve":0.25,"c3":0.75},{"time":0.1333,"angle":7.7,"curve":0.25,"c3":0.75},{"time":0.2,"angle":-3.06,"curve":0.25,"c3":0.75},{"time":0.2667,"angle":7.7,"curve":0.25,"c3":0.75},{"time":0.3333,"angle":-3.06,"curve":0.25,"c3":0.75},{"time":0.4,"angle":7.7,"curve":0.25,"c3":0.75},{"time":0.4667,"angle":-3.06,"curve":0.25,"c3":0.75},{"time":0.5333,"angle":7.7,"curve":0.25,"c3":0.75},{"time":0.6,"angle":-3.06,"curve":0.25,"c3":0.75},{"time":0.6667,"angle":7.7,"curve":0.25,"c3":0.75},{"time":0.7333,"angle":-3.06,"curve":0.25,"c3":0.75},{"time":0.8,"angle":7.7,"curve":0.25,"c3":0.75},{"time":0.8667,"angle":-3.06,"curve":0.25,"c3":0.75},{"time":0.9333,"angle":7.7,"curve":0.25,"c3":0.75},{"time":1,"angle":-3.06}]},"hand_right2":{"rotate":[{"angle":0.31,"curve":0.356,"c2":0.42,"c3":0.696,"c4":0.78},{"time":0.1,"angle":-0.34,"curve":0.366,"c2":0.63,"c3":0.703},{"time":0.1667,"angle":-0.55,"curve":0.25,"c3":0.75},{"time":0.6667,"angle":2.55,"curve":0.243,"c3":0.649,"c4":0.6},{"time":1,"angle":0.31}]},"hand_left3":{"rotate":[{"angle":1.12,"curve":0.336,"c2":0.34,"c3":0.676,"c4":0.69},{"time":0.1,"angle":0.31,"curve":0.356,"c2":0.42,"c3":0.696,"c4":0.78},{"time":0.2,"angle":-0.34,"curve":0.366,"c2":0.63,"c3":0.703},{"time":0.2667,"angle":-0.55,"curve":0.25,"c3":0.75},{"time":0.7667,"angle":2.55,"curve":0.252,"c3":0.622,"c4":0.48},{"time":1,"angle":1.12}]},"hand_right":{"rotate":[{"angle":-0.34,"curve":0.366,"c2":0.63,"c3":0.703},{"time":0.0667,"angle":-0.55,"curve":0.244,"c3":0.7,"c4":0.79},{"time":0.5,"angle":49.22,"curve":0.366,"c2":0.63,"c3":0.703},{"time":0.6333,"angle":-32.43,"curve":0.244,"c3":0.7,"c4":0.79},{"time":1,"angle":-0.34}]},"hand_right3":{"rotate":[{"angle":1.12,"curve":0.336,"c2":0.34,"c3":0.676,"c4":0.69},{"time":0.1,"angle":0.31,"curve":0.356,"c2":0.42,"c3":0.696,"c4":0.78},{"time":0.2,"angle":-0.34,"curve":0.366,"c2":0.63,"c3":0.703},{"time":0.2667,"angle":-0.55,"curve":0.25,"c3":0.75},{"time":0.7667,"angle":2.55,"curve":0.252,"c3":0.622,"c4":0.48},{"time":1,"angle":1.12}]},"hand_left2":{"rotate":[{"angle":0.31,"curve":0.356,"c2":0.42,"c3":0.696,"c4":0.78},{"time":0.1,"angle":-0.34,"curve":0.366,"c2":0.63,"c3":0.703},{"time":0.1667,"angle":-0.55,"curve":0.25,"c3":0.75},{"time":0.6667,"angle":2.55,"curve":0.243,"c3":0.649,"c4":0.6},{"time":1,"angle":0.31}]},"hand_right4":{"rotate":[{"angle":1.12,"curve":0.336,"c2":0.34,"c3":0.676,"c4":0.69},{"time":0.1,"angle":0.31,"curve":0.356,"c2":0.42,"c3":0.696,"c4":0.78},{"time":0.2,"angle":-0.34,"curve":0.366,"c2":0.63,"c3":0.703},{"time":0.2667,"angle":-0.55,"curve":0.25,"c3":0.75},{"time":0.7667,"angle":2.55,"curve":0.252,"c3":0.622,"c4":0.48},{"time":1,"angle":1.12}]},"hand_left":{"rotate":[{"angle":-0.34,"curve":0.366,"c2":0.63,"c3":0.703},{"time":0.0667,"angle":-0.55,"curve":0.244,"c3":0.7,"c4":0.79},{"time":0.5,"angle":49.22,"curve":0.366,"c2":0.63,"c3":0.703},{"time":0.6333,"angle":-32.43,"curve":0.244,"c3":0.7,"c4":0.79},{"time":1,"angle":-0.34}]},"hand_left4":{"rotate":[{"angle":1.12,"curve":0.336,"c2":0.34,"c3":0.676,"c4":0.69},{"time":0.1,"angle":0.31,"curve":0.356,"c2":0.42,"c3":0.696,"c4":0.78},{"time":0.2,"angle":-0.34,"curve":0.366,"c2":0.63,"c3":0.703},{"time":0.2667,"angle":-0.55,"curve":0.25,"c3":0.75},{"time":0.7667,"angle":2.55,"curve":0.252,"c3":0.622,"c4":0.48},{"time":1,"angle":1.12}]},"shadiow":{"translate":[{"curve":0.25,"c3":0.75},{"time":0.5,"x":-21.05,"curve":0.25,"c3":0.75},{"time":0.6}]},"leg_right4":{"translate":[{"time":0.4667,"curve":0.25,"c3":0.75},{"time":0.5,"x":-17.16,"curve":0.25,"c3":0.75},{"time":0.6}]}},"deform":{"default":{"head":{"head":[{"time":0.5667},{"time":0.6,"offset":34,"vertices":[-6.28485,0.88626,-14.59926,-4.35138,-5.216,-3.92606]},{"time":0.6333}]},"neck_1":{"neck_1":[{"time":0.4333,"offset":16,"vertices":[-5.3497,5.80338,-7.84138,-0.90103,-8.22479,6.95168]},{"time":0.6,"offset":16,"vertices":[-2.02103,3.49466,-4.01699,0.39786,-8.87592,7.75941]}]},"neck_2":{"neck_2":[{"time":0.3333,"offset":22,"vertices":[-20.57266,29.60617,-23.34103,27.47689,36.04761,0.5719,0,0,0,0,0,0,0,0,0,0,0,0,-22.20575,17.58596,26.97961,8.62949]},{"time":0.6667,"offset":22,"vertices":[-26.46573,39.22614,-22.79578,41.46634,44.92957,14.84926,0,0,0,0,0,0,0,0,0,0,0,0,-31.86942,25.91275,33.57791,23.65738]}]}}},"events":[{"time":0.6,"name":"finished_attacking"}]},"die":{"slots":{"matnham":{"attachment":[{"time":0.3333,"name":"matnham"}]}},"bones":{"bone6":{"rotate":[{"angle":5.99,"curve":0.375,"c2":0.62,"c3":0.716},{"time":0.1,"angle":7.59,"curve":0.242,"c3":0.663,"c4":0.65},{"time":0.4333,"angle":-2.24,"curve":0.38,"c2":0.59,"c3":0.727},{"time":0.5,"angle":-18.18,"curve":0.243,"c3":0.68,"c4":0.71},{"time":0.9,"angle":5.99}]},"bone8":{"rotate":[{"angle":-0.17,"curve":0.33,"c2":0.32,"c3":0.67,"c4":0.68},{"time":0.1,"angle":3.1,"curve":0.349,"c2":0.39,"c3":0.689,"c4":0.74},{"time":0.2,"angle":5.99,"curve":0.375,"c2":0.62,"c3":0.716},{"time":0.3,"angle":7.59,"curve":0.242,"c3":0.663,"c4":0.65},{"time":0.5667,"angle":-2.24,"curve":0.38,"c2":0.59,"c3":0.727},{"time":0.7,"angle":-15.73,"curve":0.258,"c3":0.619,"c4":0.45},{"time":0.9,"angle":-0.17,"curve":0.33,"c2":0.32,"c3":0.67,"c4":0.68},{"time":0.9667,"angle":7.53}]},"bone":{"rotate":[{"curve":0.258,"c3":0.619,"c4":0.45},{"time":0.3333,"angle":-11.49}],"translate":[{"curve":0.208,"c3":0.667,"c4":0.5},{"time":0.2,"x":55,"y":-57.61,"curve":0.4,"c2":0.35,"c3":0.75,"c4":0.69},{"time":0.2667,"x":94.29,"y":-117.4,"curve":0.625,"c2":0.4,"c4":0.75},{"time":0.3333,"x":110.01,"y":-245.55,"curve":0.351,"c2":0.42,"c3":0.686,"c4":0.76},{"time":0.4333,"x":131.63,"y":-217.64,"curve":0.36,"c2":0.64,"c3":0.695},{"time":0.5333,"x":141.21,"y":-245.55}]},"neck_5":{"rotate":[{"angle":7.7,"curve":0.25,"c3":0.75},{"time":0.0667,"angle":-3.06,"curve":0.25,"c3":0.75},{"time":0.1333,"angle":7.7,"curve":0.25,"c3":0.75},{"time":0.2,"angle":-3.06,"curve":0.25,"c3":0.75},{"time":0.2667,"angle":7.7,"curve":0.25,"c3":0.75},{"time":0.3333,"angle":-3.06,"curve":0.25,"c3":0.75},{"time":0.4,"angle":7.7}]},"hand_right3":{"rotate":[{"angle":1.12,"curve":0.336,"c2":0.34,"c3":0.676,"c4":0.69},{"time":0.1,"angle":0.31,"curve":0.356,"c2":0.42,"c3":0.696,"c4":0.78},{"time":0.2,"angle":-0.34,"curve":0.366,"c2":0.63,"c3":0.703},{"time":0.2667,"angle":-0.55,"curve":0.25,"c3":0.75},{"time":0.7667,"angle":2.55,"curve":0.252,"c3":0.622,"c4":0.48},{"time":1,"angle":1.12}]},"neck_1":{"rotate":[{"angle":4.33,"curve":0.25,"c3":0.75},{"time":0.0667,"angle":-5.59,"curve":0.25,"c3":0.75},{"time":0.1333,"angle":4.33,"curve":0.25,"c3":0.75},{"time":0.2,"angle":-5.59,"curve":0.25,"c3":0.75},{"time":0.2667,"angle":4.33,"curve":0.25,"c3":0.75},{"time":0.3333,"angle":-5.59,"curve":0.25,"c3":0.75},{"time":0.4,"angle":4.33}]},"head3":{"rotate":[{"angle":-0.5,"curve":0.25,"c3":0.75},{"time":0.0667,"angle":2.04,"curve":0.25,"c3":0.75},{"time":0.1333,"angle":-0.5,"curve":0.25,"c3":0.75},{"time":0.2,"angle":2.04,"curve":0.25,"c3":0.75},{"time":0.2667,"angle":-0.5,"curve":0.25,"c3":0.75},{"time":0.3333,"angle":2.04,"curve":0.25,"c3":0.75},{"time":0.4,"angle":-0.5}]},"bone9":{"rotate":[{"angle":-3.15,"curve":0.311,"c2":0.26,"c3":0.651,"c4":0.61},{"time":0.1,"angle":-0.17,"curve":0.33,"c2":0.32,"c3":0.67,"c4":0.68},{"time":0.2,"angle":3.1,"curve":0.349,"c2":0.39,"c3":0.689,"c4":0.74},{"time":0.3,"angle":5.99,"curve":0.375,"c2":0.62,"c3":0.716},{"time":0.3667,"angle":7.59,"curve":0.268,"c3":0.618,"c4":0.42},{"time":0.5,"angle":2.86,"curve":0.321,"c2":0.3,"c3":0.663,"c4":0.65},{"time":0.6667,"angle":-38.55,"curve":0.378,"c2":0.52,"c3":0.747},{"time":0.8667,"angle":-4.74,"curve":0.284,"c3":0.625,"c4":0.38},{"time":0.9667,"angle":4.55}]},"hand_left3":{"rotate":[{"angle":1.12,"curve":0.336,"c2":0.34,"c3":0.676,"c4":0.69},{"time":0.1,"angle":0.31,"curve":0.356,"c2":0.42,"c3":0.696,"c4":0.78},{"time":0.2,"angle":-0.34,"curve":0.366,"c2":0.63,"c3":0.703},{"time":0.2667,"angle":-0.55,"curve":0.25,"c3":0.75},{"time":0.7667,"angle":2.55,"curve":0.252,"c3":0.622,"c4":0.48},{"time":1,"angle":1.12}]},"bone5":{"rotate":[{"angle":7.59,"curve":0.25,"c3":0.75},{"time":0.4,"angle":12.7}]},"bone7":{"rotate":[{"angle":3.1,"curve":0.349,"c2":0.39,"c3":0.689,"c4":0.74},{"time":0.1,"angle":5.99,"curve":0.375,"c2":0.62,"c3":0.716},{"time":0.2,"angle":7.59,"curve":0.243,"c3":0.649,"c4":0.6},{"time":0.4333,"angle":-1.24,"curve":0.382,"c2":0.57,"c3":0.735},{"time":0.6,"angle":-27.69,"curve":0.245,"c3":0.637,"c4":0.56},{"time":0.9,"angle":3.1,"curve":0.349,"c2":0.39,"c3":0.689,"c4":0.74},{"time":0.9667,"angle":10.8}]},"neck_2":{"rotate":[{"angle":4.33,"curve":0.25,"c3":0.75},{"time":0.0667,"angle":-5.59,"curve":0.25,"c3":0.75},{"time":0.1333,"angle":4.33,"curve":0.25,"c3":0.75},{"time":0.2,"angle":-5.59,"curve":0.25,"c3":0.75},{"time":0.2667,"angle":4.33,"curve":0.25,"c3":0.75},{"time":0.3333,"angle":-5.59,"curve":0.25,"c3":0.75},{"time":0.4,"angle":4.33}]},"bone10":{"rotate":[{"angle":-3.15,"curve":0.311,"c2":0.26,"c3":0.651,"c4":0.61},{"time":0.1,"angle":-0.17,"curve":0.33,"c2":0.32,"c3":0.67,"c4":0.68},{"time":0.2,"angle":3.1,"curve":0.349,"c2":0.39,"c3":0.689,"c4":0.74},{"time":0.3,"angle":5.99,"curve":0.375,"c2":0.62,"c3":0.716},{"time":0.3667,"angle":7.59,"curve":0.268,"c3":0.618,"c4":0.42},{"time":0.5,"angle":2.86,"curve":0.321,"c2":0.3,"c3":0.663,"c4":0.65},{"time":0.6667,"angle":-38.55,"curve":0.346,"c2":0.37,"c3":0.687,"c4":0.73},{"time":0.7667,"angle":-50.38,"curve":0.378,"c2":0.61,"c3":0.721},{"time":0.8667,"angle":-43.95,"curve":0.284,"c3":0.625,"c4":0.38},{"time":0.9667,"angle":4.55}]},"bone11":{"rotate":[{"angle":-3.15,"curve":0.311,"c2":0.26,"c3":0.651,"c4":0.61},{"time":0.1,"angle":-0.17,"curve":0.33,"c2":0.32,"c3":0.67,"c4":0.68},{"time":0.2,"angle":3.1,"curve":0.349,"c2":0.39,"c3":0.689,"c4":0.74},{"time":0.3,"angle":5.99,"curve":0.375,"c2":0.62,"c3":0.716},{"time":0.3667,"angle":7.59,"curve":0.268,"c3":0.618,"c4":0.42},{"time":0.5,"angle":2.86,"curve":0.321,"c2":0.3,"c3":0.663,"c4":0.65},{"time":0.6667,"angle":-38.55,"curve":0.346,"c2":0.37,"c3":0.687,"c4":0.73},{"time":0.7667,"angle":-50.38,"curve":0.378,"c2":0.61,"c3":0.721},{"time":0.8667,"angle":-43.95,"curve":0.284,"c3":0.625,"c4":0.38},{"time":0.9667,"angle":4.55,"curve":"stepped"},{"time":1.5,"angle":4.55}]},"bone2":{"rotate":[{"angle":-2.51,"curve":0.375,"c2":0.62,"c3":0.716},{"time":0.1,"angle":2.95,"curve":0.258,"c3":0.619,"c4":0.45},{"time":0.3,"angle":9.5,"curve":0.332,"c2":0.33,"c3":0.666,"c4":0.66},{"time":0.3333,"angle":-10.82,"curve":0.333,"c2":0.33,"c3":0.666,"c4":0.67},{"time":0.4333,"angle":-8.78,"curve":0.332,"c2":0.33,"c3":0.667,"c4":0.67},{"time":0.5667,"angle":-10.82}]},"bone3":{"rotate":[{"angle":-1.61,"curve":0.349,"c2":0.39,"c3":0.689,"c4":0.74},{"time":0.1,"angle":3.44,"curve":0.375,"c2":0.62,"c3":0.716},{"time":0.3,"angle":8.58,"curve":0.329,"c2":0.31,"c3":0.662,"c4":0.65},{"time":0.3333,"angle":-10.73,"curve":0.331,"c2":0.33,"c3":0.665,"c4":0.66},{"time":0.4333,"angle":-8.56,"curve":0.324,"c2":0.3,"c3":0.659,"c4":0.64},{"time":0.5667,"angle":-10.73}]},"bone4":{"rotate":[{"angle":-0.6,"curve":0.33,"c2":0.32,"c3":0.67,"c4":0.68},{"time":0.1,"angle":4.34,"curve":0.349,"c2":0.39,"c3":0.689,"c4":0.74},{"time":0.3,"angle":8.09,"curve":0.323,"c3":0.656,"c4":0.34},{"time":0.3333,"angle":-7.27,"curve":0.329,"c2":0.27,"c3":0.662,"c4":0.61},{"time":0.4333,"angle":-5.39,"curve":0.313,"c2":0.19,"c3":0.647,"c4":0.53},{"time":0.5667,"angle":-7.27}]},"head":{"rotate":[{"angle":0.33,"curve":0.311,"c2":0.26,"c3":0.651,"c4":0.61},{"time":0.1,"angle":-0.6,"curve":0.33,"c2":0.32,"c3":0.67,"c4":0.68},{"time":0.2,"angle":-1.61,"curve":0.349,"c2":0.39,"c3":0.689,"c4":0.74},{"time":0.3,"angle":-2.51,"curve":0.375,"c2":0.62,"c3":0.716},{"time":0.4,"angle":-3.01,"curve":0.25,"c3":0.75},{"time":0.9,"angle":0.83,"curve":0.284,"c3":0.625,"c4":0.38},{"time":1,"angle":0.33}]},"head4":{"rotate":[{"angle":-1.06,"curve":0.25,"c3":0.75},{"time":0.0667,"angle":2.31,"curve":0.25,"c3":0.75},{"time":0.1333,"angle":-1.06,"curve":0.25,"c3":0.75},{"time":0.2,"angle":2.31,"curve":0.25,"c3":0.75},{"time":0.2667,"angle":-1.06,"curve":0.25,"c3":0.75},{"time":0.3333,"angle":2.31,"curve":0.25,"c3":0.75},{"time":0.4,"angle":-1.06}]},"head5":{"rotate":[{"angle":-1.06,"curve":0.25,"c3":0.75},{"time":0.0667,"angle":2.31,"curve":0.25,"c3":0.75},{"time":0.1333,"angle":-1.06,"curve":0.25,"c3":0.75},{"time":0.2,"angle":2.31,"curve":0.25,"c3":0.75},{"time":0.2667,"angle":-1.06,"curve":0.25,"c3":0.75},{"time":0.3333,"angle":2.31,"curve":0.25,"c3":0.75},{"time":0.4,"angle":-1.06}]},"head2":{"rotate":[{"angle":-0.5,"curve":0.25,"c3":0.75},{"time":0.0667,"angle":2.04,"curve":0.25,"c3":0.75},{"time":0.1333,"angle":-0.5,"curve":0.25,"c3":0.75},{"time":0.2,"angle":2.04,"curve":0.25,"c3":0.75},{"time":0.2667,"angle":-0.5,"curve":0.25,"c3":0.75},{"time":0.3333,"angle":2.04,"curve":0.25,"c3":0.75},{"time":0.4,"angle":-0.5}]},"hand_left2":{"rotate":[{"angle":0.31,"curve":0.356,"c2":0.42,"c3":0.696,"c4":0.78},{"time":0.1,"angle":-0.34,"curve":0.366,"c2":0.63,"c3":0.703},{"time":0.1667,"angle":-0.55,"curve":0.25,"c3":0.75},{"time":0.6667,"angle":2.55,"curve":0.243,"c3":0.649,"c4":0.6},{"time":1,"angle":0.31}]},"neck_3":{"rotate":[{"angle":-3.32,"curve":0.25,"c3":0.75},{"time":0.0667,"angle":4.09,"curve":0.25,"c3":0.75},{"time":0.1333,"angle":-3.32,"curve":0.25,"c3":0.75},{"time":0.2,"angle":4.09,"curve":0.25,"c3":0.75},{"time":0.2667,"angle":-3.32,"curve":0.25,"c3":0.75},{"time":0.3333,"angle":4.09,"curve":0.25,"c3":0.75},{"time":0.4,"angle":-3.32}]},"neck_6":{"rotate":[{"angle":7.7,"curve":0.25,"c3":0.75},{"time":0.0667,"angle":-3.06,"curve":0.25,"c3":0.75},{"time":0.1333,"angle":7.7,"curve":0.25,"c3":0.75},{"time":0.2,"angle":-3.06,"curve":0.25,"c3":0.75},{"time":0.2667,"angle":7.7,"curve":0.25,"c3":0.75},{"time":0.3333,"angle":-3.06,"curve":0.25,"c3":0.75},{"time":0.4,"angle":7.7}]},"hand_left":{"rotate":[{"angle":-0.34,"curve":0.366,"c2":0.63,"c3":0.703},{"time":0.0667,"angle":-0.55,"curve":0.243,"c3":0.68,"c4":0.71},{"time":0.4667,"angle":2.15,"curve":0.375,"c2":0.62,"c3":0.716},{"time":0.5667,"angle":40.88}]},"neck_4":{"rotate":[{"angle":-3.32,"curve":0.25,"c3":0.75},{"time":0.0667,"angle":4.09,"curve":0.25,"c3":0.75},{"time":0.1333,"angle":-3.32,"curve":0.25,"c3":0.75},{"time":0.2,"angle":4.09,"curve":0.25,"c3":0.75},{"time":0.2667,"angle":-3.32,"curve":0.25,"c3":0.75},{"time":0.3333,"angle":4.09,"curve":0.25,"c3":0.75},{"time":0.4,"angle":-3.32}]},"hand_right":{"rotate":[{"angle":-0.34,"curve":0.366,"c2":0.63,"c3":0.703},{"time":0.0667,"angle":-0.55,"curve":0.243,"c3":0.68,"c4":0.71},{"time":0.4667,"angle":2.15,"curve":0.375,"c2":0.62,"c3":0.716},{"time":0.5667,"angle":40.88}]},"hand_right4":{"rotate":[{"angle":1.12,"curve":0.336,"c2":0.34,"c3":0.676,"c4":0.69},{"time":0.1,"angle":0.31,"curve":0.356,"c2":0.42,"c3":0.696,"c4":0.78},{"time":0.2,"angle":-0.34,"curve":0.366,"c2":0.63,"c3":0.703},{"time":0.2667,"angle":-0.55,"curve":0.25,"c3":0.75},{"time":0.7667,"angle":2.55,"curve":0.252,"c3":0.622,"c4":0.48},{"time":1,"angle":1.12}]},"hand_right2":{"rotate":[{"angle":0.31,"curve":0.356,"c2":0.42,"c3":0.696,"c4":0.78},{"time":0.1,"angle":-0.34,"curve":0.366,"c2":0.63,"c3":0.703},{"time":0.1667,"angle":-0.55,"curve":0.25,"c3":0.75},{"time":0.6667,"angle":2.55,"curve":0.243,"c3":0.649,"c4":0.6},{"time":1,"angle":0.31}]},"hand_left4":{"rotate":[{"angle":1.12,"curve":0.336,"c2":0.34,"c3":0.676,"c4":0.69},{"time":0.1,"angle":0.31,"curve":0.356,"c2":0.42,"c3":0.696,"c4":0.78},{"time":0.2,"angle":-0.34,"curve":0.366,"c2":0.63,"c3":0.703},{"time":0.2667,"angle":-0.55,"curve":0.25,"c3":0.75},{"time":0.7667,"angle":2.55,"curve":0.252,"c3":0.622,"c4":0.48},{"time":1,"angle":1.12}]},"leg_right":{"rotate":[{"time":0.3333,"angle":-54.4}]},"leg_left":{"rotate":[{"time":0.3333,"angle":-54.4}]},"leg_right4":{"rotate":[{"time":0.2333,"curve":0.25,"c3":0.75},{"time":0.3333,"angle":-121.47}],"translate":[{"time":0.2333,"curve":0.25,"c3":0.75},{"time":0.3333,"x":-101.2,"y":-6.33,"curve":0.25,"c3":0.75},{"time":0.5333,"x":-41.43,"y":-11.71}]},"leg_left4":{"rotate":[{"time":0.2333,"curve":0.25,"c3":0.75},{"time":0.3333,"angle":-121.47}],"translate":[{"time":0.2333,"curve":0.25,"c3":0.75},{"time":0.3333,"x":-72.1,"y":-25.3,"curve":0.25,"c3":0.75},{"time":0.5333,"x":-40.88,"y":-30.68}]},"head7":{"rotate":[{"curve":0.25,"c3":0.75},{"time":0.1667,"angle":37.42,"curve":"stepped"},{"time":0.3333,"angle":37.42,"curve":0.25,"c3":0.75},{"time":0.6,"angle":-1.38}]},"shadiow":{"translate":[{"curve":0.25,"c3":0.75},{"time":0.3333,"x":136.8,"y":-47.5}],"scale":[{"curve":0.25,"c3":0.75},{"time":0.3333,"x":1.66}]}}},"idle":{"slots":{"matnham":{"attachment":[{"time":0.8,"name":"matnham"},{"time":1,"name":null}]}},"bones":{"bone":{"translate":[{"curve":0.25,"c3":0.75},{"time":0.5,"y":-33.12,"curve":0.25,"c3":0.75},{"time":1,"curve":0.25,"c3":0.75},{"time":1.5,"y":-33.12,"curve":0.25,"c3":0.75},{"time":2}]},"bone5":{"rotate":[{"angle":7.59,"curve":0.25,"c3":0.75},{"time":0.5,"angle":-4.74,"curve":0.25,"c3":0.75},{"time":1,"angle":7.59,"curve":0.25,"c3":0.75},{"time":1.5,"angle":-4.74,"curve":0.25,"c3":0.75},{"time":2,"angle":7.59}]},"bone6":{"rotate":[{"angle":5.99,"curve":0.375,"c2":0.62,"c3":0.716},{"time":0.1,"angle":7.59,"curve":0.25,"c3":0.75},{"time":0.6,"angle":-4.74,"curve":0.243,"c3":0.68,"c4":0.71},{"time":1,"angle":5.99,"curve":0.375,"c2":0.62,"c3":0.716},{"time":1.1,"angle":7.59,"curve":0.25,"c3":0.75},{"time":1.6,"angle":-4.74,"curve":0.243,"c3":0.68,"c4":0.71},{"time":2,"angle":5.99}]},"bone7":{"rotate":[{"angle":3.1,"curve":0.349,"c2":0.39,"c3":0.689,"c4":0.74},{"time":0.1,"angle":5.99,"curve":0.375,"c2":0.62,"c3":0.716},{"time":0.2,"angle":7.59,"curve":0.25,"c3":0.75},{"time":0.7,"angle":-4.74,"curve":0.245,"c3":0.637,"c4":0.56},{"time":1,"angle":3.1,"curve":0.349,"c2":0.39,"c3":0.689,"c4":0.74},{"time":1.1,"angle":5.99,"curve":0.375,"c2":0.62,"c3":0.716},{"time":1.2,"angle":7.59,"curve":0.25,"c3":0.75},{"time":1.7,"angle":-4.74,"curve":0.245,"c3":0.637,"c4":0.56},{"time":2,"angle":3.1}]},"bone8":{"rotate":[{"angle":-0.17,"curve":0.33,"c2":0.32,"c3":0.67,"c4":0.68},{"time":0.1,"angle":3.1,"curve":0.349,"c2":0.39,"c3":0.689,"c4":0.74},{"time":0.2,"angle":5.99,"curve":0.375,"c2":0.62,"c3":0.716},{"time":0.3,"angle":7.59,"curve":0.25,"c3":0.75},{"time":0.8,"angle":-4.74,"curve":0.258,"c3":0.619,"c4":0.45},{"time":1,"angle":-0.17,"curve":0.33,"c2":0.32,"c3":0.67,"c4":0.68},{"time":1.1,"angle":3.1,"curve":0.349,"c2":0.39,"c3":0.689,"c4":0.74},{"time":1.2,"angle":5.99,"curve":0.375,"c2":0.62,"c3":0.716},{"time":1.3,"angle":7.59,"curve":0.25,"c3":0.75},{"time":1.8,"angle":-4.74,"curve":0.258,"c3":0.619,"c4":0.45},{"time":2,"angle":-0.17}]},"bone9":{"rotate":[{"angle":-3.15,"curve":0.311,"c2":0.26,"c3":0.651,"c4":0.61},{"time":0.1,"angle":-0.17,"curve":0.33,"c2":0.32,"c3":0.67,"c4":0.68},{"time":0.2,"angle":3.1,"curve":0.349,"c2":0.39,"c3":0.689,"c4":0.74},{"time":0.3,"angle":5.99,"curve":0.375,"c2":0.62,"c3":0.716},{"time":0.4,"angle":7.59,"curve":0.25,"c3":0.75},{"time":0.9,"angle":-4.74,"curve":0.284,"c3":0.625,"c4":0.38},{"time":1,"angle":-3.15,"curve":0.311,"c2":0.26,"c3":0.651,"c4":0.61},{"time":1.1,"angle":-0.17,"curve":0.33,"c2":0.32,"c3":0.67,"c4":0.68},{"time":1.2,"angle":3.1,"curve":0.349,"c2":0.39,"c3":0.689,"c4":0.74},{"time":1.3,"angle":5.99,"curve":0.375,"c2":0.62,"c3":0.716},{"time":1.4,"angle":7.59,"curve":0.25,"c3":0.75},{"time":1.9,"angle":-4.74,"curve":0.284,"c3":0.625,"c4":0.38},{"time":2,"angle":-3.15}]},"bone10":{"rotate":[{"angle":-3.15,"curve":0.311,"c2":0.26,"c3":0.651,"c4":0.61},{"time":0.1,"angle":-0.17,"curve":0.33,"c2":0.32,"c3":0.67,"c4":0.68},{"time":0.2,"angle":3.1,"curve":0.349,"c2":0.39,"c3":0.689,"c4":0.74},{"time":0.3,"angle":5.99,"curve":0.375,"c2":0.62,"c3":0.716},{"time":0.4,"angle":7.59,"curve":0.25,"c3":0.75},{"time":0.9,"angle":-4.74,"curve":0.284,"c3":0.625,"c4":0.38},{"time":1,"angle":-3.15,"curve":0.311,"c2":0.26,"c3":0.651,"c4":0.61},{"time":1.1,"angle":-0.17,"curve":0.33,"c2":0.32,"c3":0.67,"c4":0.68},{"time":1.2,"angle":3.1,"curve":0.349,"c2":0.39,"c3":0.689,"c4":0.74},{"time":1.3,"angle":5.99,"curve":0.375,"c2":0.62,"c3":0.716},{"time":1.4,"angle":7.59,"curve":0.25,"c3":0.75},{"time":1.9,"angle":-4.74,"curve":0.284,"c3":0.625,"c4":0.38},{"time":2,"angle":-3.15}]},"bone11":{"rotate":[{"angle":-3.15,"curve":0.311,"c2":0.26,"c3":0.651,"c4":0.61},{"time":0.1,"angle":-0.17,"curve":0.33,"c2":0.32,"c3":0.67,"c4":0.68},{"time":0.2,"angle":3.1,"curve":0.349,"c2":0.39,"c3":0.689,"c4":0.74},{"time":0.3,"angle":5.99,"curve":0.375,"c2":0.62,"c3":0.716},{"time":0.4,"angle":7.59,"curve":0.25,"c3":0.75},{"time":0.9,"angle":-4.74,"curve":0.284,"c3":0.625,"c4":0.38},{"time":1,"angle":-3.15,"curve":0.311,"c2":0.26,"c3":0.651,"c4":0.61},{"time":1.1,"angle":-0.17,"curve":0.33,"c2":0.32,"c3":0.67,"c4":0.68},{"time":1.2,"angle":3.1,"curve":0.349,"c2":0.39,"c3":0.689,"c4":0.74},{"time":1.3,"angle":5.99,"curve":0.375,"c2":0.62,"c3":0.716},{"time":1.4,"angle":7.59,"curve":0.25,"c3":0.75},{"time":1.9,"angle":-4.74,"curve":0.284,"c3":0.625,"c4":0.38},{"time":2,"angle":-3.15}]},"bone2":{"rotate":[{"angle":-2.51,"curve":0.375,"c2":0.62,"c3":0.716},{"time":0.1,"angle":-3.01,"curve":0.25,"c3":0.75},{"time":0.6,"angle":0.83,"curve":0.243,"c3":0.68,"c4":0.71},{"time":1,"angle":-2.51,"curve":0.375,"c2":0.62,"c3":0.716},{"time":1.1,"angle":-3.01,"curve":0.25,"c3":0.75},{"time":1.6,"angle":0.83,"curve":0.243,"c3":0.68,"c4":0.71},{"time":2,"angle":-2.51}]},"bone3":{"rotate":[{"angle":-1.61,"curve":0.349,"c2":0.39,"c3":0.689,"c4":0.74},{"time":0.1,"angle":-2.51,"curve":0.375,"c2":0.62,"c3":0.716},{"time":0.2,"angle":-3.01,"curve":0.25,"c3":0.75},{"time":0.7,"angle":0.83,"curve":0.245,"c3":0.637,"c4":0.56},{"time":1,"angle":-1.61,"curve":0.349,"c2":0.39,"c3":0.689,"c4":0.74},{"time":1.1,"angle":-2.51,"curve":0.375,"c2":0.62,"c3":0.716},{"time":1.2,"angle":-3.01,"curve":0.25,"c3":0.75},{"time":1.7,"angle":0.83,"curve":0.245,"c3":0.637,"c4":0.56},{"time":2,"angle":-1.61}]},"bone4":{"rotate":[{"angle":-0.6,"curve":0.33,"c2":0.32,"c3":0.67,"c4":0.68},{"time":0.1,"angle":-1.61,"curve":0.349,"c2":0.39,"c3":0.689,"c4":0.74},{"time":0.2,"angle":-2.51,"curve":0.375,"c2":0.62,"c3":0.716},{"time":0.3,"angle":-3.01,"curve":0.25,"c3":0.75},{"time":0.8,"angle":0.83,"curve":0.258,"c3":0.619,"c4":0.45},{"time":1,"angle":-0.6,"curve":0.33,"c2":0.32,"c3":0.67,"c4":0.68},{"time":1.1,"angle":-1.61,"curve":0.349,"c2":0.39,"c3":0.689,"c4":0.74},{"time":1.2,"angle":-2.51,"curve":0.375,"c2":0.62,"c3":0.716},{"time":1.3,"angle":-3.01,"curve":0.25,"c3":0.75},{"time":1.8,"angle":0.83,"curve":0.258,"c3":0.619,"c4":0.45},{"time":2,"angle":-0.6}]},"head":{"rotate":[{"angle":0.33,"curve":0.311,"c2":0.26,"c3":0.651,"c4":0.61},{"time":0.1,"angle":-0.6,"curve":0.33,"c2":0.32,"c3":0.67,"c4":0.68},{"time":0.2,"angle":-1.61,"curve":0.349,"c2":0.39,"c3":0.689,"c4":0.74},{"time":0.3,"angle":-2.51,"curve":0.375,"c2":0.62,"c3":0.716},{"time":0.4,"angle":-3.01,"curve":0.25,"c3":0.75},{"time":0.9,"angle":0.83,"curve":0.284,"c3":0.625,"c4":0.38},{"time":1.0667,"angle":0.33,"curve":0.311,"c2":0.26,"c3":0.651,"c4":0.61},{"time":1.1667,"angle":-0.6,"curve":0.33,"c2":0.32,"c3":0.67,"c4":0.68},{"time":1.2667,"angle":-1.61,"curve":0.349,"c2":0.39,"c3":0.689,"c4":0.74},{"time":1.3667,"angle":-2.51,"curve":0.375,"c2":0.62,"c3":0.716},{"time":1.4667,"angle":-3.01,"curve":0.25,"c3":0.75},{"time":1.9667,"angle":0.83,"curve":0.284,"c3":0.625,"c4":0.38},{"time":2.0667,"angle":0.33}]},"head4":{"rotate":[{"angle":-1.06,"curve":0.25,"c3":0.75},{"time":0.0667,"angle":2.31,"curve":0.25,"c3":0.75},{"time":0.1333,"angle":-1.06,"curve":0.25,"c3":0.75},{"time":0.2,"angle":2.31,"curve":0.25,"c3":0.75},{"time":0.2667,"angle":-1.06,"curve":0.25,"c3":0.75},{"time":0.3333,"angle":2.31,"curve":0.25,"c3":0.75},{"time":0.4,"angle":-1.06,"curve":0.25,"c3":0.75},{"time":0.4667,"angle":2.31,"curve":0.25,"c3":0.75},{"time":0.5333,"angle":-1.06,"curve":0.25,"c3":0.75},{"time":0.6,"angle":2.31,"curve":0.25,"c3":0.75},{"time":0.6667,"angle":-1.06,"curve":0.25,"c3":0.75},{"time":0.7333,"angle":2.31,"curve":0.25,"c3":0.75},{"time":0.8,"angle":-1.06,"curve":0.25,"c3":0.75},{"time":0.8667,"angle":2.31,"curve":0.25,"c3":0.75},{"time":0.9333,"angle":-1.06,"curve":"stepped"},{"time":1,"angle":-1.06,"curve":0.25,"c3":0.75},{"time":1.0667,"angle":2.31,"curve":0.25,"c3":0.75},{"time":1.1333,"angle":-1.06,"curve":0.25,"c3":0.75},{"time":1.2,"angle":2.31,"curve":0.25,"c3":0.75},{"time":1.2667,"angle":-1.06,"curve":0.25,"c3":0.75},{"time":1.3333,"angle":2.31,"curve":0.25,"c3":0.75},{"time":1.4,"angle":-1.06,"curve":0.25,"c3":0.75},{"time":1.4667,"angle":2.31,"curve":0.25,"c3":0.75},{"time":1.5333,"angle":-1.06,"curve":0.25,"c3":0.75},{"time":1.6,"angle":2.31,"curve":0.25,"c3":0.75},{"time":1.6667,"angle":-1.06,"curve":0.25,"c3":0.75},{"time":1.7333,"angle":2.31,"curve":0.25,"c3":0.75},{"time":1.8,"angle":-1.06,"curve":0.25,"c3":0.75},{"time":1.8667,"angle":2.31,"curve":0.25,"c3":0.75},{"time":1.9333,"angle":-1.06,"curve":0.25,"c3":0.75},{"time":2,"angle":2.31}]},"head5":{"rotate":[{"angle":-1.06,"curve":0.25,"c3":0.75},{"time":0.0667,"angle":2.31,"curve":0.25,"c3":0.75},{"time":0.1333,"angle":-1.06,"curve":0.25,"c3":0.75},{"time":0.2,"angle":2.31,"curve":0.25,"c3":0.75},{"time":0.2667,"angle":-1.06,"curve":0.25,"c3":0.75},{"time":0.3333,"angle":2.31,"curve":0.25,"c3":0.75},{"time":0.4,"angle":-1.06,"curve":0.25,"c3":0.75},{"time":0.4667,"angle":2.31,"curve":0.25,"c3":0.75},{"time":0.5333,"angle":-1.06,"curve":0.25,"c3":0.75},{"time":0.6,"angle":2.31,"curve":0.25,"c3":0.75},{"time":0.6667,"angle":-1.06,"curve":0.25,"c3":0.75},{"time":0.7333,"angle":2.31,"curve":0.25,"c3":0.75},{"time":0.8,"angle":-1.06,"curve":0.25,"c3":0.75},{"time":0.8667,"angle":2.31,"curve":0.25,"c3":0.75},{"time":0.9333,"angle":-1.06,"curve":"stepped"},{"time":1,"angle":-1.06,"curve":0.25,"c3":0.75},{"time":1.0667,"angle":2.31,"curve":0.25,"c3":0.75},{"time":1.1333,"angle":-1.06,"curve":0.25,"c3":0.75},{"time":1.2,"angle":2.31,"curve":0.25,"c3":0.75},{"time":1.2667,"angle":-1.06,"curve":0.25,"c3":0.75},{"time":1.3333,"angle":2.31,"curve":0.25,"c3":0.75},{"time":1.4,"angle":-1.06,"curve":0.25,"c3":0.75},{"time":1.4667,"angle":2.31,"curve":0.25,"c3":0.75},{"time":1.5333,"angle":-1.06,"curve":0.25,"c3":0.75},{"time":1.6,"angle":2.31,"curve":0.25,"c3":0.75},{"time":1.6667,"angle":-1.06,"curve":0.25,"c3":0.75},{"time":1.7333,"angle":2.31,"curve":0.25,"c3":0.75},{"time":1.8,"angle":-1.06,"curve":0.25,"c3":0.75},{"time":1.8667,"angle":2.31,"curve":0.25,"c3":0.75},{"time":1.9333,"angle":-1.06,"curve":0.25,"c3":0.75},{"time":2,"angle":2.31}]},"head2":{"rotate":[{"angle":-0.5,"curve":0.25,"c3":0.75},{"time":0.0667,"angle":2.04,"curve":0.25,"c3":0.75},{"time":0.1333,"angle":-0.5,"curve":0.25,"c3":0.75},{"time":0.2,"angle":2.04,"curve":0.25,"c3":0.75},{"time":0.2667,"angle":-0.5,"curve":0.25,"c3":0.75},{"time":0.3333,"angle":2.04,"curve":0.25,"c3":0.75},{"time":0.4,"angle":-0.5,"curve":0.25,"c3":0.75},{"time":0.4667,"angle":2.04,"curve":0.25,"c3":0.75},{"time":0.5333,"angle":-0.5,"curve":0.25,"c3":0.75},{"time":0.6,"angle":2.04,"curve":0.25,"c3":0.75},{"time":0.6667,"angle":-0.5,"curve":0.25,"c3":0.75},{"time":0.7333,"angle":2.04,"curve":0.25,"c3":0.75},{"time":0.8,"angle":-0.5,"curve":0.25,"c3":0.75},{"time":0.8667,"angle":2.04,"curve":0.25,"c3":0.75},{"time":0.9333,"angle":-0.5,"curve":"stepped"},{"time":1,"angle":-0.5,"curve":0.25,"c3":0.75},{"time":1.0667,"angle":2.04,"curve":0.25,"c3":0.75},{"time":1.1333,"angle":-0.5,"curve":0.25,"c3":0.75},{"time":1.2,"angle":2.04,"curve":0.25,"c3":0.75},{"time":1.2667,"angle":-0.5,"curve":0.25,"c3":0.75},{"time":1.3333,"angle":2.04,"curve":0.25,"c3":0.75},{"time":1.4,"angle":-0.5,"curve":0.25,"c3":0.75},{"time":1.4667,"angle":2.04,"curve":0.25,"c3":0.75},{"time":1.5333,"angle":-0.5,"curve":0.25,"c3":0.75},{"time":1.6,"angle":2.04,"curve":0.25,"c3":0.75},{"time":1.6667,"angle":-0.5,"curve":0.25,"c3":0.75},{"time":1.7333,"angle":2.04,"curve":0.25,"c3":0.75},{"time":1.8,"angle":-0.5,"curve":0.25,"c3":0.75},{"time":1.8667,"angle":2.04,"curve":0.25,"c3":0.75},{"time":1.9333,"angle":-0.5,"curve":0.25,"c3":0.75},{"time":2,"angle":2.04}]},"neck_1":{"rotate":[{"angle":4.33,"curve":0.25,"c3":0.75},{"time":0.0667,"angle":-5.59,"curve":0.25,"c3":0.75},{"time":0.1333,"angle":4.33,"curve":0.25,"c3":0.75},{"time":0.2,"angle":-5.59,"curve":0.25,"c3":0.75},{"time":0.2667,"angle":4.33,"curve":0.25,"c3":0.75},{"time":0.3333,"angle":-5.59,"curve":0.25,"c3":0.75},{"time":0.4,"angle":4.33,"curve":0.25,"c3":0.75},{"time":0.4667,"angle":-5.59,"curve":0.25,"c3":0.75},{"time":0.5333,"angle":4.33,"curve":0.25,"c3":0.75},{"time":0.6,"angle":-5.59,"curve":0.25,"c3":0.75},{"time":0.6667,"angle":4.33,"curve":0.25,"c3":0.75},{"time":0.7333,"angle":-5.59,"curve":0.25,"c3":0.75},{"time":0.8,"angle":4.33,"curve":0.25,"c3":0.75},{"time":0.8667,"angle":-5.59,"curve":0.25,"c3":0.75},{"time":0.9333,"angle":4.33,"curve":"stepped"},{"time":1,"angle":4.33,"curve":0.25,"c3":0.75},{"time":1.0667,"angle":-5.59,"curve":0.25,"c3":0.75},{"time":1.1333,"angle":4.33,"curve":0.25,"c3":0.75},{"time":1.2,"angle":-5.59,"curve":0.25,"c3":0.75},{"time":1.2667,"angle":4.33,"curve":0.25,"c3":0.75},{"time":1.3333,"angle":-5.59,"curve":0.25,"c3":0.75},{"time":1.4,"angle":4.33,"curve":0.25,"c3":0.75},{"time":1.4667,"angle":-5.59,"curve":0.25,"c3":0.75},{"time":1.5333,"angle":4.33,"curve":0.25,"c3":0.75},{"time":1.6,"angle":-5.59,"curve":0.25,"c3":0.75},{"time":1.6667,"angle":4.33,"curve":0.25,"c3":0.75},{"time":1.7333,"angle":-5.59,"curve":0.25,"c3":0.75},{"time":1.8,"angle":4.33,"curve":0.25,"c3":0.75},{"time":1.8667,"angle":-5.59,"curve":0.25,"c3":0.75},{"time":1.9333,"angle":4.33,"curve":0.25,"c3":0.75},{"time":2,"angle":-5.59}]},"neck_2":{"rotate":[{"angle":4.33,"curve":0.25,"c3":0.75},{"time":0.0667,"angle":-5.59,"curve":0.25,"c3":0.75},{"time":0.1333,"angle":4.33,"curve":0.25,"c3":0.75},{"time":0.2,"angle":-5.59,"curve":0.25,"c3":0.75},{"time":0.2667,"angle":4.33,"curve":0.25,"c3":0.75},{"time":0.3333,"angle":-5.59,"curve":0.25,"c3":0.75},{"time":0.4,"angle":4.33,"curve":0.25,"c3":0.75},{"time":0.4667,"angle":-5.59,"curve":0.25,"c3":0.75},{"time":0.5333,"angle":4.33,"curve":0.25,"c3":0.75},{"time":0.6,"angle":-5.59,"curve":0.25,"c3":0.75},{"time":0.6667,"angle":4.33,"curve":0.25,"c3":0.75},{"time":0.7333,"angle":-5.59,"curve":0.25,"c3":0.75},{"time":0.8,"angle":4.33,"curve":0.25,"c3":0.75},{"time":0.8667,"angle":-5.59,"curve":0.25,"c3":0.75},{"time":0.9333,"angle":4.33,"curve":"stepped"},{"time":1,"angle":4.33,"curve":0.25,"c3":0.75},{"time":1.0667,"angle":-5.59,"curve":0.25,"c3":0.75},{"time":1.1333,"angle":4.33,"curve":0.25,"c3":0.75},{"time":1.2,"angle":-5.59,"curve":0.25,"c3":0.75},{"time":1.2667,"angle":4.33,"curve":0.25,"c3":0.75},{"time":1.3333,"angle":-5.59,"curve":0.25,"c3":0.75},{"time":1.4,"angle":4.33,"curve":0.25,"c3":0.75},{"time":1.4667,"angle":-5.59,"curve":0.25,"c3":0.75},{"time":1.5333,"angle":4.33,"curve":0.25,"c3":0.75},{"time":1.6,"angle":-5.59,"curve":0.25,"c3":0.75},{"time":1.6667,"angle":4.33,"curve":0.25,"c3":0.75},{"time":1.7333,"angle":-5.59,"curve":0.25,"c3":0.75},{"time":1.8,"angle":4.33,"curve":0.25,"c3":0.75},{"time":1.8667,"angle":-5.59,"curve":0.25,"c3":0.75},{"time":1.9333,"angle":4.33,"curve":0.25,"c3":0.75},{"time":2,"angle":-5.59}]},"head3":{"rotate":[{"angle":-0.5,"curve":0.25,"c3":0.75},{"time":0.0667,"angle":2.04,"curve":0.25,"c3":0.75},{"time":0.1333,"angle":-0.5,"curve":0.25,"c3":0.75},{"time":0.2,"angle":2.04,"curve":0.25,"c3":0.75},{"time":0.2667,"angle":-0.5,"curve":0.25,"c3":0.75},{"time":0.3333,"angle":2.04,"curve":0.25,"c3":0.75},{"time":0.4,"angle":-0.5,"curve":0.25,"c3":0.75},{"time":0.4667,"angle":2.04,"curve":0.25,"c3":0.75},{"time":0.5333,"angle":-0.5,"curve":0.25,"c3":0.75},{"time":0.6,"angle":2.04,"curve":0.25,"c3":0.75},{"time":0.6667,"angle":-0.5,"curve":0.25,"c3":0.75},{"time":0.7333,"angle":2.04,"curve":0.25,"c3":0.75},{"time":0.8,"angle":-0.5,"curve":0.25,"c3":0.75},{"time":0.8667,"angle":2.04,"curve":0.25,"c3":0.75},{"time":0.9333,"angle":-0.5,"curve":"stepped"},{"time":1,"angle":-0.5,"curve":0.25,"c3":0.75},{"time":1.0667,"angle":2.04,"curve":0.25,"c3":0.75},{"time":1.1333,"angle":-0.5,"curve":0.25,"c3":0.75},{"time":1.2,"angle":2.04,"curve":0.25,"c3":0.75},{"time":1.2667,"angle":-0.5,"curve":0.25,"c3":0.75},{"time":1.3333,"angle":2.04,"curve":0.25,"c3":0.75},{"time":1.4,"angle":-0.5,"curve":0.25,"c3":0.75},{"time":1.4667,"angle":2.04,"curve":0.25,"c3":0.75},{"time":1.5333,"angle":-0.5,"curve":0.25,"c3":0.75},{"time":1.6,"angle":2.04,"curve":0.25,"c3":0.75},{"time":1.6667,"angle":-0.5,"curve":0.25,"c3":0.75},{"time":1.7333,"angle":2.04,"curve":0.25,"c3":0.75},{"time":1.8,"angle":-0.5,"curve":0.25,"c3":0.75},{"time":1.8667,"angle":2.04,"curve":0.25,"c3":0.75},{"time":1.9333,"angle":-0.5,"curve":0.25,"c3":0.75},{"time":2,"angle":2.04}]},"neck_5":{"rotate":[{"angle":7.7,"curve":0.25,"c3":0.75},{"time":0.0667,"angle":-3.06,"curve":0.25,"c3":0.75},{"time":0.1333,"angle":7.7,"curve":0.25,"c3":0.75},{"time":0.2,"angle":-3.06,"curve":0.25,"c3":0.75},{"time":0.2667,"angle":7.7,"curve":0.25,"c3":0.75},{"time":0.3333,"angle":-3.06,"curve":0.25,"c3":0.75},{"time":0.4,"angle":7.7,"curve":0.25,"c3":0.75},{"time":0.4667,"angle":-3.06,"curve":0.25,"c3":0.75},{"time":0.5333,"angle":7.7,"curve":0.25,"c3":0.75},{"time":0.6,"angle":-3.06,"curve":0.25,"c3":0.75},{"time":0.6667,"angle":7.7,"curve":0.25,"c3":0.75},{"time":0.7333,"angle":-3.06,"curve":0.25,"c3":0.75},{"time":0.8,"angle":7.7,"curve":0.25,"c3":0.75},{"time":0.8667,"angle":-3.06,"curve":0.25,"c3":0.75},{"time":0.9333,"angle":7.7,"curve":"stepped"},{"time":1,"angle":7.7,"curve":0.25,"c3":0.75},{"time":1.0667,"angle":-3.06,"curve":0.25,"c3":0.75},{"time":1.1333,"angle":7.7,"curve":0.25,"c3":0.75},{"time":1.2,"angle":-3.06,"curve":0.25,"c3":0.75},{"time":1.2667,"angle":7.7,"curve":0.25,"c3":0.75},{"time":1.3333,"angle":-3.06,"curve":0.25,"c3":0.75},{"time":1.4,"angle":7.7,"curve":0.25,"c3":0.75},{"time":1.4667,"angle":-3.06,"curve":0.25,"c3":0.75},{"time":1.5333,"angle":7.7,"curve":0.25,"c3":0.75},{"time":1.6,"angle":-3.06,"curve":0.25,"c3":0.75},{"time":1.6667,"angle":7.7,"curve":0.25,"c3":0.75},{"time":1.7333,"angle":-3.06,"curve":0.25,"c3":0.75},{"time":1.8,"angle":7.7,"curve":0.25,"c3":0.75},{"time":1.8667,"angle":-3.06,"curve":0.25,"c3":0.75},{"time":1.9333,"angle":7.7,"curve":0.25,"c3":0.75},{"time":2,"angle":-3.06}]},"neck_3":{"rotate":[{"angle":-3.32,"curve":0.25,"c3":0.75},{"time":0.0667,"angle":4.09,"curve":0.25,"c3":0.75},{"time":0.1333,"angle":-3.32,"curve":0.25,"c3":0.75},{"time":0.2,"angle":4.09,"curve":0.25,"c3":0.75},{"time":0.2667,"angle":-3.32,"curve":0.25,"c3":0.75},{"time":0.3333,"angle":4.09,"curve":0.25,"c3":0.75},{"time":0.4,"angle":-3.32,"curve":0.25,"c3":0.75},{"time":0.4667,"angle":4.09,"curve":0.25,"c3":0.75},{"time":0.5333,"angle":-3.32,"curve":0.25,"c3":0.75},{"time":0.6,"angle":4.09,"curve":0.25,"c3":0.75},{"time":0.6667,"angle":-3.32,"curve":0.25,"c3":0.75},{"time":0.7333,"angle":4.09,"curve":0.25,"c3":0.75},{"time":0.8,"angle":-3.32,"curve":0.25,"c3":0.75},{"time":0.8667,"angle":4.09,"curve":0.25,"c3":0.75},{"time":0.9333,"angle":-3.32,"curve":"stepped"},{"time":1,"angle":-3.32,"curve":0.25,"c3":0.75},{"time":1.0667,"angle":4.09,"curve":0.25,"c3":0.75},{"time":1.1333,"angle":-3.32,"curve":0.25,"c3":0.75},{"time":1.2,"angle":4.09,"curve":0.25,"c3":0.75},{"time":1.2667,"angle":-3.32,"curve":0.25,"c3":0.75},{"time":1.3333,"angle":4.09,"curve":0.25,"c3":0.75},{"time":1.4,"angle":-3.32,"curve":0.25,"c3":0.75},{"time":1.4667,"angle":4.09,"curve":0.25,"c3":0.75},{"time":1.5333,"angle":-3.32,"curve":0.25,"c3":0.75},{"time":1.6,"angle":4.09,"curve":0.25,"c3":0.75},{"time":1.6667,"angle":-3.32,"curve":0.25,"c3":0.75},{"time":1.7333,"angle":4.09,"curve":0.25,"c3":0.75},{"time":1.8,"angle":-3.32,"curve":0.25,"c3":0.75},{"time":1.8667,"angle":4.09,"curve":0.25,"c3":0.75},{"time":1.9333,"angle":-3.32,"curve":0.25,"c3":0.75},{"time":2,"angle":4.09}]},"neck_4":{"rotate":[{"angle":-3.32,"curve":0.25,"c3":0.75},{"time":0.0667,"angle":4.09,"curve":0.25,"c3":0.75},{"time":0.1333,"angle":-3.32,"curve":0.25,"c3":0.75},{"time":0.2,"angle":4.09,"curve":0.25,"c3":0.75},{"time":0.2667,"angle":-3.32,"curve":0.25,"c3":0.75},{"time":0.3333,"angle":4.09,"curve":0.25,"c3":0.75},{"time":0.4,"angle":-3.32,"curve":0.25,"c3":0.75},{"time":0.4667,"angle":4.09,"curve":0.25,"c3":0.75},{"time":0.5333,"angle":-3.32,"curve":0.25,"c3":0.75},{"time":0.6,"angle":4.09,"curve":0.25,"c3":0.75},{"time":0.6667,"angle":-3.32,"curve":0.25,"c3":0.75},{"time":0.7333,"angle":4.09,"curve":0.25,"c3":0.75},{"time":0.8,"angle":-3.32,"curve":0.25,"c3":0.75},{"time":0.8667,"angle":4.09,"curve":0.25,"c3":0.75},{"time":0.9333,"angle":-3.32,"curve":"stepped"},{"time":1,"angle":-3.32,"curve":0.25,"c3":0.75},{"time":1.0667,"angle":4.09,"curve":0.25,"c3":0.75},{"time":1.1333,"angle":-3.32,"curve":0.25,"c3":0.75},{"time":1.2,"angle":4.09,"curve":0.25,"c3":0.75},{"time":1.2667,"angle":-3.32,"curve":0.25,"c3":0.75},{"time":1.3333,"angle":4.09,"curve":0.25,"c3":0.75},{"time":1.4,"angle":-3.32,"curve":0.25,"c3":0.75},{"time":1.4667,"angle":4.09,"curve":0.25,"c3":0.75},{"time":1.5333,"angle":-3.32,"curve":0.25,"c3":0.75},{"time":1.6,"angle":4.09,"curve":0.25,"c3":0.75},{"time":1.6667,"angle":-3.32,"curve":0.25,"c3":0.75},{"time":1.7333,"angle":4.09,"curve":0.25,"c3":0.75},{"time":1.8,"angle":-3.32,"curve":0.25,"c3":0.75},{"time":1.8667,"angle":4.09,"curve":0.25,"c3":0.75},{"time":1.9333,"angle":-3.32,"curve":0.25,"c3":0.75},{"time":2,"angle":4.09}]},"neck_6":{"rotate":[{"angle":7.7,"curve":0.25,"c3":0.75},{"time":0.0667,"angle":-3.06,"curve":0.25,"c3":0.75},{"time":0.1333,"angle":7.7,"curve":0.25,"c3":0.75},{"time":0.2,"angle":-3.06,"curve":0.25,"c3":0.75},{"time":0.2667,"angle":7.7,"curve":0.25,"c3":0.75},{"time":0.3333,"angle":-3.06,"curve":0.25,"c3":0.75},{"time":0.4,"angle":7.7,"curve":0.25,"c3":0.75},{"time":0.4667,"angle":-3.06,"curve":0.25,"c3":0.75},{"time":0.5333,"angle":7.7,"curve":0.25,"c3":0.75},{"time":0.6,"angle":-3.06,"curve":0.25,"c3":0.75},{"time":0.6667,"angle":7.7,"curve":0.25,"c3":0.75},{"time":0.7333,"angle":-3.06,"curve":0.25,"c3":0.75},{"time":0.8,"angle":7.7,"curve":0.25,"c3":0.75},{"time":0.8667,"angle":-3.06,"curve":0.25,"c3":0.75},{"time":0.9333,"angle":7.7,"curve":"stepped"},{"time":1,"angle":7.7,"curve":0.25,"c3":0.75},{"time":1.0667,"angle":-3.06,"curve":0.25,"c3":0.75},{"time":1.1333,"angle":7.7,"curve":0.25,"c3":0.75},{"time":1.2,"angle":-3.06,"curve":0.25,"c3":0.75},{"time":1.2667,"angle":7.7,"curve":0.25,"c3":0.75},{"time":1.3333,"angle":-3.06,"curve":0.25,"c3":0.75},{"time":1.4,"angle":7.7,"curve":0.25,"c3":0.75},{"time":1.4667,"angle":-3.06,"curve":0.25,"c3":0.75},{"time":1.5333,"angle":7.7,"curve":0.25,"c3":0.75},{"time":1.6,"angle":-3.06,"curve":0.25,"c3":0.75},{"time":1.6667,"angle":7.7,"curve":0.25,"c3":0.75},{"time":1.7333,"angle":-3.06,"curve":0.25,"c3":0.75},{"time":1.8,"angle":7.7,"curve":0.25,"c3":0.75},{"time":1.8667,"angle":-3.06,"curve":0.25,"c3":0.75},{"time":1.9333,"angle":7.7,"curve":0.25,"c3":0.75},{"time":2,"angle":-3.06}]},"hand_right":{"rotate":[{"angle":-0.34,"curve":0.366,"c2":0.63,"c3":0.703},{"time":0.0667,"angle":-0.55,"curve":0.25,"c3":0.75},{"time":0.5667,"angle":2.55,"curve":0.244,"c3":0.7,"c4":0.79},{"time":1,"angle":-0.34,"curve":0.366,"c2":0.63,"c3":0.703},{"time":1.0667,"angle":-0.55,"curve":0.25,"c3":0.75},{"time":1.5667,"angle":2.55,"curve":0.244,"c3":0.7,"c4":0.79},{"time":2,"angle":-0.34}]},"hand_right2":{"rotate":[{"angle":0.31,"curve":0.356,"c2":0.42,"c3":0.696,"c4":0.78},{"time":0.1,"angle":-0.34,"curve":0.366,"c2":0.63,"c3":0.703},{"time":0.1667,"angle":-0.55,"curve":0.25,"c3":0.75},{"time":0.6667,"angle":2.55,"curve":0.243,"c3":0.649,"c4":0.6},{"time":1,"angle":0.31,"curve":0.356,"c2":0.42,"c3":0.696,"c4":0.78},{"time":1.1,"angle":-0.34,"curve":0.366,"c2":0.63,"c3":0.703},{"time":1.1667,"angle":-0.55,"curve":0.25,"c3":0.75},{"time":1.6667,"angle":2.55,"curve":0.243,"c3":0.649,"c4":0.6},{"time":2,"angle":0.31}]},"hand_right3":{"rotate":[{"angle":1.12,"curve":0.336,"c2":0.34,"c3":0.676,"c4":0.69},{"time":0.1,"angle":0.31,"curve":0.356,"c2":0.42,"c3":0.696,"c4":0.78},{"time":0.2,"angle":-0.34,"curve":0.366,"c2":0.63,"c3":0.703},{"time":0.2667,"angle":-0.55,"curve":0.25,"c3":0.75},{"time":0.7667,"angle":2.55,"curve":0.252,"c3":0.622,"c4":0.48},{"time":1,"angle":1.12,"curve":0.336,"c2":0.34,"c3":0.676,"c4":0.69},{"time":1.1,"angle":0.31,"curve":0.356,"c2":0.42,"c3":0.696,"c4":0.78},{"time":1.2,"angle":-0.34,"curve":0.366,"c2":0.63,"c3":0.703},{"time":1.2667,"angle":-0.55,"curve":0.25,"c3":0.75},{"time":1.7667,"angle":2.55,"curve":0.252,"c3":0.622,"c4":0.48},{"time":2,"angle":1.12}]},"hand_right4":{"rotate":[{"angle":1.12,"curve":0.336,"c2":0.34,"c3":0.676,"c4":0.69},{"time":0.1,"angle":0.31,"curve":0.356,"c2":0.42,"c3":0.696,"c4":0.78},{"time":0.2,"angle":-0.34,"curve":0.366,"c2":0.63,"c3":0.703},{"time":0.2667,"angle":-0.55,"curve":0.25,"c3":0.75},{"time":0.7667,"angle":2.55,"curve":0.252,"c3":0.622,"c4":0.48},{"time":1,"angle":1.12,"curve":0.336,"c2":0.34,"c3":0.676,"c4":0.69},{"time":1.1,"angle":0.31,"curve":0.356,"c2":0.42,"c3":0.696,"c4":0.78},{"time":1.2,"angle":-0.34,"curve":0.366,"c2":0.63,"c3":0.703},{"time":1.2667,"angle":-0.55,"curve":0.25,"c3":0.75},{"time":1.7667,"angle":2.55,"curve":0.252,"c3":0.622,"c4":0.48},{"time":2,"angle":1.12}]},"hand_left":{"rotate":[{"angle":-0.34,"curve":0.366,"c2":0.63,"c3":0.703},{"time":0.0667,"angle":-0.55,"curve":0.25,"c3":0.75},{"time":0.5667,"angle":2.55,"curve":0.244,"c3":0.7,"c4":0.79},{"time":1,"angle":-0.34,"curve":0.366,"c2":0.63,"c3":0.703},{"time":1.0667,"angle":-0.55,"curve":0.25,"c3":0.75},{"time":1.5667,"angle":2.55,"curve":0.244,"c3":0.7,"c4":0.79},{"time":2,"angle":-0.34}]},"hand_left2":{"rotate":[{"angle":0.31,"curve":0.356,"c2":0.42,"c3":0.696,"c4":0.78},{"time":0.1,"angle":-0.34,"curve":0.366,"c2":0.63,"c3":0.703},{"time":0.1667,"angle":-0.55,"curve":0.25,"c3":0.75},{"time":0.6667,"angle":2.55,"curve":0.243,"c3":0.649,"c4":0.6},{"time":1,"angle":0.31,"curve":0.356,"c2":0.42,"c3":0.696,"c4":0.78},{"time":1.1,"angle":-0.34,"curve":0.366,"c2":0.63,"c3":0.703},{"time":1.1667,"angle":-0.55,"curve":0.25,"c3":0.75},{"time":1.6667,"angle":2.55,"curve":0.243,"c3":0.649,"c4":0.6},{"time":2,"angle":0.31}]},"hand_left3":{"rotate":[{"angle":1.12,"curve":0.336,"c2":0.34,"c3":0.676,"c4":0.69},{"time":0.1,"angle":0.31,"curve":0.356,"c2":0.42,"c3":0.696,"c4":0.78},{"time":0.2,"angle":-0.34,"curve":0.366,"c2":0.63,"c3":0.703},{"time":0.2667,"angle":-0.55,"curve":0.25,"c3":0.75},{"time":0.7667,"angle":2.55,"curve":0.252,"c3":0.622,"c4":0.48},{"time":1,"angle":1.12,"curve":0.336,"c2":0.34,"c3":0.676,"c4":0.69},{"time":1.1,"angle":0.31,"curve":0.356,"c2":0.42,"c3":0.696,"c4":0.78},{"time":1.2,"angle":-0.34,"curve":0.366,"c2":0.63,"c3":0.703},{"time":1.2667,"angle":-0.55,"curve":0.25,"c3":0.75},{"time":1.7667,"angle":2.55,"curve":0.252,"c3":0.622,"c4":0.48},{"time":2,"angle":1.12}]},"hand_left4":{"rotate":[{"angle":1.12,"curve":0.336,"c2":0.34,"c3":0.676,"c4":0.69},{"time":0.1,"angle":0.31,"curve":0.356,"c2":0.42,"c3":0.696,"c4":0.78},{"time":0.2,"angle":-0.34,"curve":0.366,"c2":0.63,"c3":0.703},{"time":0.2667,"angle":-0.55,"curve":0.25,"c3":0.75},{"time":0.7667,"angle":2.55,"curve":0.252,"c3":0.622,"c4":0.48},{"time":1,"angle":1.12,"curve":0.336,"c2":0.34,"c3":0.676,"c4":0.69},{"time":1.1,"angle":0.31,"curve":0.356,"c2":0.42,"c3":0.696,"c4":0.78},{"time":1.2,"angle":-0.34,"curve":0.366,"c2":0.63,"c3":0.703},{"time":1.2667,"angle":-0.55,"curve":0.25,"c3":0.75},{"time":1.7667,"angle":2.55,"curve":0.252,"c3":0.622,"c4":0.48},{"time":2,"angle":1.12}]},"head7":{"rotate":[{"angle":5.28,"curve":0.25,"c3":0.75},{"time":0.2333,"angle":-3.71,"curve":0.25,"c3":0.75},{"time":0.5,"angle":5.28,"curve":0.25,"c3":0.75},{"time":0.7333,"angle":-3.71,"curve":0.25,"c3":0.75},{"time":1,"angle":5.28,"curve":0.25,"c3":0.75},{"time":1.2333,"angle":-3.71,"curve":0.25,"c3":0.75},{"time":1.5,"angle":5.28,"curve":0.25,"c3":0.75},{"time":1.7333,"angle":-3.71,"curve":0.25,"c3":0.75},{"time":2,"angle":5.28}]},"leg_right":{"rotate":[{"angle":-5.62,"curve":0.25,"c3":0.75},{"time":0.5,"angle":10.54,"curve":0.25,"c3":0.75},{"time":1,"angle":-10.07,"curve":0.25,"c3":0.75},{"time":1.5,"angle":10.54,"curve":0.25,"c3":0.75},{"time":2.0667,"angle":-5.62}]},"leg_left":{"rotate":[{"angle":-5.62,"curve":0.25,"c3":0.75},{"time":0.5,"angle":10.54,"curve":0.25,"c3":0.75},{"time":1,"angle":-10.07,"curve":0.25,"c3":0.75},{"time":1.5,"angle":10.54,"curve":0.25,"c3":0.75},{"time":2.0667,"angle":-5.62}]},"shadiow":{"scale":[{"curve":0.25,"c3":0.75},{"time":0.5,"x":1.037,"y":1.037,"curve":0.25,"c3":0.75},{"time":1,"curve":0.25,"c3":0.75},{"time":1.5,"x":1.037,"y":1.037,"curve":0.25,"c3":0.75},{"time":2.0667}]}}},"run":{"slots":{"matnham":{"attachment":[{"time":0.4333,"name":"matnham"},{"time":0.5333,"name":null}]}},"bones":{"bone":{"translate":[{"x":2.64,"y":-24.42,"curve":0.375,"c2":0.5,"c3":0.75},{"time":0.1,"x":1.32,"y":-55.44,"curve":0.25,"c3":0.75},{"time":0.3,"x":3.96,"y":6.6,"curve":0.25,"c3":0.75},{"time":0.5,"x":1.32,"y":-55.44,"curve":0.25,"c3":0.75},{"time":0.7,"x":3.96,"y":6.6,"curve":0.25,"c3":0.625,"c4":0.5},{"time":0.8,"x":2.64,"y":-24.42}]},"leg_right4":{"rotate":[{"time":0.3333,"curve":0.25,"c3":0.75},{"time":0.4,"angle":-10.51,"curve":0.265,"c3":0.618,"c4":0.43},{"time":0.5333,"angle":-38.38,"curve":0.324,"c2":0.3,"c3":0.667,"c4":0.67},{"time":0.6333,"angle":-22.94,"curve":0.344,"c2":0.37,"c3":0.682,"c4":0.72},{"time":0.7,"angle":22.78,"curve":0.379,"c2":0.6,"c3":0.724},{"time":0.8}],"translate":[{"x":174.69,"curve":0.243,"c3":0.689,"c4":0.75},{"time":0.3333,"x":-43.23,"y":7.13,"curve":0.371,"c2":0.62,"c3":0.71},{"time":0.4,"x":-72.58,"y":31.23,"curve":0.265,"c3":0.618,"c4":0.43},{"time":0.5333,"x":-4.44,"y":51.81,"curve":0.328,"c2":0.32,"c3":0.688,"c4":0.73},{"time":0.7,"x":130.56,"y":59.02,"curve":0.379,"c2":0.6,"c3":0.724},{"time":0.8,"x":174.69}]},"leg_left4":{"rotate":[{"angle":-18.87,"curve":0.25,"c3":0.625,"c4":0.5},{"time":0.1667,"angle":-25.35,"curve":0.375,"c2":0.5,"c3":0.75},{"time":0.3333,"angle":28.13,"curve":0.25,"c3":0.75},{"time":0.4,"angle":-2.79,"curve":"stepped"},{"time":0.7333,"angle":-2.79,"curve":0.371,"c2":0.62,"c3":0.71},{"time":0.8,"angle":-18.87}],"translate":[{"x":-86.79,"y":31.48,"curve":0.25,"c3":0.625,"c4":0.5},{"time":0.1667,"x":17.38,"y":48.08,"curve":0.375,"c2":0.5,"c3":0.75},{"time":0.3333,"x":121.55,"y":27.2,"curve":0.371,"c2":0.62,"c3":0.71},{"time":0.4,"x":132.99,"y":-22.54,"curve":0.243,"c3":0.689,"c4":0.75},{"time":0.7333,"x":-70.67,"y":-4.21,"curve":0.371,"c2":0.62,"c3":0.71},{"time":0.8,"x":-86.79,"y":31.48}]},"leg_right":{"rotate":[{"angle":37.97,"curve":0.25,"c3":0.75},{"time":0.4,"angle":-17.79,"curve":0.25,"c3":0.75},{"time":0.8,"angle":37.97}]},"leg_left":{"rotate":[{"angle":-42.08,"curve":0.25,"c3":0.75},{"time":0.4,"angle":27.87,"curve":0.25,"c3":0.75},{"time":0.8,"angle":-42.08}]},"bone6":{"rotate":[{"angle":-2.62,"curve":0.351,"c2":0.4,"c3":0.689,"c4":0.75},{"time":0.0667,"angle":-6.89,"curve":0.371,"c2":0.62,"c3":0.71},{"time":0.1333,"angle":-9.17,"curve":0.25,"c3":0.75},{"time":0.5333,"angle":14.47,"curve":0.243,"c3":0.649,"c4":0.6},{"time":0.8,"angle":-2.62}]},"bone7":{"rotate":[{"angle":2.51,"curve":0.338,"c2":0.35,"c3":0.675,"c4":0.69},{"time":0.0667,"angle":-2.62,"curve":0.351,"c2":0.4,"c3":0.689,"c4":0.75},{"time":0.1333,"angle":-6.89,"curve":0.371,"c2":0.62,"c3":0.71},{"time":0.2,"angle":-9.17,"curve":0.25,"c3":0.75},{"time":0.6,"angle":14.47,"curve":0.25,"c3":0.625,"c4":0.5},{"time":0.8,"angle":2.51}]},"bone8":{"rotate":[{"angle":7.72,"curve":0.325,"c2":0.31,"c3":0.662,"c4":0.65},{"time":0.0667,"angle":2.51,"curve":0.338,"c2":0.35,"c3":0.675,"c4":0.69},{"time":0.1333,"angle":-2.62,"curve":0.351,"c2":0.4,"c3":0.689,"c4":0.75},{"time":0.2,"angle":-6.89,"curve":0.371,"c2":0.62,"c3":0.71},{"time":0.2667,"angle":-9.17,"curve":0.25,"c3":0.75},{"time":0.6667,"angle":14.47,"curve":0.265,"c3":0.618,"c4":0.43},{"time":0.8,"angle":7.72}]},"bone9":{"rotate":[{"angle":12.21,"curve":0.311,"c2":0.25,"c3":0.649,"c4":0.6},{"time":0.0667,"angle":7.72,"curve":0.325,"c2":0.31,"c3":0.662,"c4":0.65},{"time":0.1333,"angle":2.51,"curve":0.338,"c2":0.35,"c3":0.675,"c4":0.69},{"time":0.2,"angle":-2.62,"curve":0.351,"c2":0.4,"c3":0.689,"c4":0.75},{"time":0.2667,"angle":-6.89,"curve":0.371,"c2":0.62,"c3":0.71},{"time":0.3333,"angle":-9.17,"curve":0.25,"c3":0.75},{"time":0.7333,"angle":14.47,"curve":0.29,"c3":0.629,"c4":0.38},{"time":0.8,"angle":12.21}]},"bone10":{"rotate":[{"angle":14.47,"curve":0.29,"c3":0.629,"c4":0.38},{"time":0.0667,"angle":9.69,"curve":0.311,"c2":0.25,"c3":0.649,"c4":0.6},{"time":0.1333,"angle":0.21,"curve":0.325,"c2":0.31,"c3":0.662,"c4":0.65},{"time":0.2,"angle":-10.78,"curve":0.338,"c2":0.35,"c3":0.675,"c4":0.69},{"time":0.2667,"angle":-21.61,"curve":0.351,"c2":0.4,"c3":0.689,"c4":0.75},{"time":0.3333,"angle":-30.63,"curve":0.371,"c2":0.62,"c3":0.71},{"time":0.4,"angle":-35.44,"curve":0.25,"c3":0.75},{"time":0.8,"angle":14.47}]},"bone11":{"rotate":[{"angle":9.66,"curve":0.371,"c2":0.62,"c3":0.71},{"time":0.0667,"angle":14.47,"curve":0.29,"c3":0.629,"c4":0.38},{"time":0.1333,"angle":9.69,"curve":0.311,"c2":0.25,"c3":0.649,"c4":0.6},{"time":0.2,"angle":0.21,"curve":0.325,"c2":0.31,"c3":0.662,"c4":0.65},{"time":0.2667,"angle":-10.78,"curve":0.338,"c2":0.35,"c3":0.675,"c4":0.69},{"time":0.3333,"angle":-21.61,"curve":0.351,"c2":0.4,"c3":0.689,"c4":0.75},{"time":0.4,"angle":-30.63,"curve":0.371,"c2":0.62,"c3":0.71},{"time":0.4667,"angle":-35.44,"curve":0.243,"c3":0.689,"c4":0.75},{"time":0.8,"angle":9.66}]},"bone2":{"rotate":[{"angle":-4.1,"curve":0.379,"c2":0.6,"c3":0.724},{"time":0.1,"angle":-5.41,"curve":0.246,"c3":0.717,"c4":0.86},{"time":0.4667,"angle":1.49,"curve":0.356,"c2":0.65,"c3":0.691},{"time":0.5,"angle":1.7,"curve":0.242,"c3":0.667,"c4":0.67},{"time":0.8,"angle":-4.1}]},"bone3":{"rotate":[{"angle":-1.88,"curve":0.343,"c2":0.36,"c3":0.686,"c4":0.73},{"time":0.1,"angle":-4.1,"curve":0.379,"c2":0.6,"c3":0.724},{"time":0.2,"angle":-5.41,"curve":0.243,"c3":0.649,"c4":0.6},{"time":0.4667,"angle":-0.32,"curve":0.382,"c2":0.57,"c3":0.735},{"time":0.6,"angle":1.7,"curve":0.25,"c3":0.625,"c4":0.5},{"time":0.8,"angle":-1.88}]},"bone4":{"rotate":[{"angle":0.39,"curve":0.314,"c2":0.27,"c3":0.657,"c4":0.64},{"time":0.1,"angle":-1.88,"curve":0.343,"c2":0.36,"c3":0.686,"c4":0.73},{"time":0.2,"angle":-4.1,"curve":0.379,"c2":0.6,"c3":0.724},{"time":0.3,"angle":-5.41,"curve":0.256,"c3":0.619,"c4":0.46},{"time":0.4667,"angle":-2.64,"curve":0.365,"c2":0.45,"c3":0.754},{"time":0.7,"angle":1.7,"curve":0.276,"c3":0.621,"c4":0.4},{"time":0.8,"angle":0.39}]},"neck_5":{"rotate":[{"angle":7.7,"curve":0.25,"c3":0.75},{"time":0.0667,"angle":-3.06,"curve":0.25,"c3":0.75},{"time":0.1333,"angle":7.7,"curve":0.25,"c3":0.75},{"time":0.2,"angle":-3.06,"curve":0.25,"c3":0.75},{"time":0.2667,"angle":7.7,"curve":0.25,"c3":0.75},{"time":0.3333,"angle":-3.06,"curve":0.25,"c3":0.75},{"time":0.4,"angle":7.7,"curve":0.25,"c3":0.75},{"time":0.4667,"angle":-3.06,"curve":0.25,"c3":0.75},{"time":0.5333,"angle":7.7,"curve":0.25,"c3":0.75},{"time":0.6,"angle":-3.06,"curve":0.25,"c3":0.75},{"time":0.6667,"angle":7.7,"curve":0.25,"c3":0.75},{"time":0.7333,"angle":-3.06,"curve":0.25,"c3":0.75},{"time":0.8,"angle":7.7}]},"neck_4":{"rotate":[{"angle":-3.32,"curve":0.25,"c3":0.75},{"time":0.0667,"angle":4.09,"curve":0.25,"c3":0.75},{"time":0.1333,"angle":-3.32,"curve":0.25,"c3":0.75},{"time":0.2,"angle":4.09,"curve":0.25,"c3":0.75},{"time":0.2667,"angle":-3.32,"curve":0.25,"c3":0.75},{"time":0.3333,"angle":4.09,"curve":0.25,"c3":0.75},{"time":0.4,"angle":-3.32,"curve":0.25,"c3":0.75},{"time":0.4667,"angle":4.09,"curve":0.25,"c3":0.75},{"time":0.5333,"angle":-3.32,"curve":0.25,"c3":0.75},{"time":0.6,"angle":4.09,"curve":0.25,"c3":0.75},{"time":0.6667,"angle":-3.32,"curve":0.25,"c3":0.75},{"time":0.7333,"angle":4.09,"curve":0.25,"c3":0.75},{"time":0.8,"angle":-3.32}]},"neck_3":{"rotate":[{"angle":-3.32,"curve":0.25,"c3":0.75},{"time":0.0667,"angle":4.09,"curve":0.25,"c3":0.75},{"time":0.1333,"angle":-3.32,"curve":0.25,"c3":0.75},{"time":0.2,"angle":4.09,"curve":0.25,"c3":0.75},{"time":0.2667,"angle":-3.32,"curve":0.25,"c3":0.75},{"time":0.3333,"angle":4.09,"curve":0.25,"c3":0.75},{"time":0.4,"angle":-3.32,"curve":0.25,"c3":0.75},{"time":0.4667,"angle":4.09,"curve":0.25,"c3":0.75},{"time":0.5333,"angle":-3.32,"curve":0.25,"c3":0.75},{"time":0.6,"angle":4.09,"curve":0.25,"c3":0.75},{"time":0.6667,"angle":-3.32,"curve":0.25,"c3":0.75},{"time":0.7333,"angle":4.09,"curve":0.25,"c3":0.75},{"time":0.8,"angle":-3.32}]},"head4":{"rotate":[{"angle":-1.06,"curve":0.25,"c3":0.75},{"time":0.0667,"angle":2.31,"curve":0.25,"c3":0.75},{"time":0.1333,"angle":-1.06,"curve":0.25,"c3":0.75},{"time":0.2,"angle":2.31,"curve":0.25,"c3":0.75},{"time":0.2667,"angle":-1.06,"curve":0.25,"c3":0.75},{"time":0.3333,"angle":2.31,"curve":0.25,"c3":0.75},{"time":0.4,"angle":-1.06,"curve":0.25,"c3":0.75},{"time":0.4667,"angle":2.31,"curve":0.25,"c3":0.75},{"time":0.5333,"angle":-1.06,"curve":0.25,"c3":0.75},{"time":0.6,"angle":2.31,"curve":0.25,"c3":0.75},{"time":0.6667,"angle":-1.06,"curve":0.25,"c3":0.75},{"time":0.7333,"angle":2.31,"curve":0.25,"c3":0.75},{"time":0.8,"angle":-1.06}]},"head5":{"rotate":[{"angle":-1.06,"curve":0.25,"c3":0.75},{"time":0.0667,"angle":2.31,"curve":0.25,"c3":0.75},{"time":0.1333,"angle":-1.06,"curve":0.25,"c3":0.75},{"time":0.2,"angle":2.31,"curve":0.25,"c3":0.75},{"time":0.2667,"angle":-1.06,"curve":0.25,"c3":0.75},{"time":0.3333,"angle":2.31,"curve":0.25,"c3":0.75},{"time":0.4,"angle":-1.06,"curve":0.25,"c3":0.75},{"time":0.4667,"angle":2.31,"curve":0.25,"c3":0.75},{"time":0.5333,"angle":-1.06,"curve":0.25,"c3":0.75},{"time":0.6,"angle":2.31,"curve":0.25,"c3":0.75},{"time":0.6667,"angle":-1.06,"curve":0.25,"c3":0.75},{"time":0.7333,"angle":2.31,"curve":0.25,"c3":0.75},{"time":0.8,"angle":-1.06}]},"head2":{"rotate":[{"angle":-0.5,"curve":0.25,"c3":0.75},{"time":0.0667,"angle":2.04,"curve":0.25,"c3":0.75},{"time":0.1333,"angle":-0.5,"curve":0.25,"c3":0.75},{"time":0.2,"angle":2.04,"curve":0.25,"c3":0.75},{"time":0.2667,"angle":-0.5,"curve":0.25,"c3":0.75},{"time":0.3333,"angle":2.04,"curve":0.25,"c3":0.75},{"time":0.4,"angle":-0.5,"curve":0.25,"c3":0.75},{"time":0.4667,"angle":2.04,"curve":0.25,"c3":0.75},{"time":0.5333,"angle":-0.5,"curve":0.25,"c3":0.75},{"time":0.6,"angle":2.04,"curve":0.25,"c3":0.75},{"time":0.6667,"angle":-0.5,"curve":0.25,"c3":0.75},{"time":0.7333,"angle":2.04,"curve":0.25,"c3":0.75},{"time":0.8,"angle":-0.5}]},"neck_1":{"rotate":[{"angle":4.33,"curve":0.25,"c3":0.75},{"time":0.0667,"angle":-5.59,"curve":0.25,"c3":0.75},{"time":0.1333,"angle":4.33,"curve":0.25,"c3":0.75},{"time":0.2,"angle":-5.59,"curve":0.25,"c3":0.75},{"time":0.2667,"angle":4.33,"curve":0.25,"c3":0.75},{"time":0.3333,"angle":-5.59,"curve":0.25,"c3":0.75},{"time":0.4,"angle":4.33,"curve":0.25,"c3":0.75},{"time":0.4667,"angle":-5.59,"curve":0.25,"c3":0.75},{"time":0.5333,"angle":4.33,"curve":0.25,"c3":0.75},{"time":0.6,"angle":-5.59,"curve":0.25,"c3":0.75},{"time":0.6667,"angle":4.33,"curve":0.25,"c3":0.75},{"time":0.7333,"angle":-5.59,"curve":0.25,"c3":0.75},{"time":0.8,"angle":4.33}]},"neck_2":{"rotate":[{"angle":4.33,"curve":0.25,"c3":0.75},{"time":0.0667,"angle":-5.59,"curve":0.25,"c3":0.75},{"time":0.1333,"angle":4.33,"curve":0.25,"c3":0.75},{"time":0.2,"angle":-5.59,"curve":0.25,"c3":0.75},{"time":0.2667,"angle":4.33,"curve":0.25,"c3":0.75},{"time":0.3333,"angle":-5.59,"curve":0.25,"c3":0.75},{"time":0.4,"angle":4.33,"curve":0.25,"c3":0.75},{"time":0.4667,"angle":-5.59,"curve":0.25,"c3":0.75},{"time":0.5333,"angle":4.33,"curve":0.25,"c3":0.75},{"time":0.6,"angle":-5.59,"curve":0.25,"c3":0.75},{"time":0.6667,"angle":4.33,"curve":0.25,"c3":0.75},{"time":0.7333,"angle":-5.59,"curve":0.25,"c3":0.75},{"time":0.8,"angle":4.33}]},"head3":{"rotate":[{"angle":-0.5,"curve":0.25,"c3":0.75},{"time":0.0667,"angle":2.04,"curve":0.25,"c3":0.75},{"time":0.1333,"angle":-0.5,"curve":0.25,"c3":0.75},{"time":0.2,"angle":2.04,"curve":0.25,"c3":0.75},{"time":0.2667,"angle":-0.5,"curve":0.25,"c3":0.75},{"time":0.3333,"angle":2.04,"curve":0.25,"c3":0.75},{"time":0.4,"angle":-0.5,"curve":0.25,"c3":0.75},{"time":0.4667,"angle":2.04,"curve":0.25,"c3":0.75},{"time":0.5333,"angle":-0.5,"curve":0.25,"c3":0.75},{"time":0.6,"angle":2.04,"curve":0.25,"c3":0.75},{"time":0.6667,"angle":-0.5,"curve":0.25,"c3":0.75},{"time":0.7333,"angle":2.04,"curve":0.25,"c3":0.75},{"time":0.8,"angle":-0.5}]},"neck_6":{"rotate":[{"angle":7.7,"curve":0.25,"c3":0.75},{"time":0.0667,"angle":-3.06,"curve":0.25,"c3":0.75},{"time":0.1333,"angle":7.7,"curve":0.25,"c3":0.75},{"time":0.2,"angle":-3.06,"curve":0.25,"c3":0.75},{"time":0.2667,"angle":7.7,"curve":0.25,"c3":0.75},{"time":0.3333,"angle":-3.06,"curve":0.25,"c3":0.75},{"time":0.4,"angle":7.7,"curve":0.25,"c3":0.75},{"time":0.4667,"angle":-3.06,"curve":0.25,"c3":0.75},{"time":0.5333,"angle":7.7,"curve":0.25,"c3":0.75},{"time":0.6,"angle":-3.06,"curve":0.25,"c3":0.75},{"time":0.6667,"angle":7.7,"curve":0.25,"c3":0.75},{"time":0.7333,"angle":-3.06,"curve":0.25,"c3":0.75},{"time":0.8,"angle":7.7}]},"hand_right":{"rotate":[{"angle":-0.02,"curve":0.382,"c2":0.57,"c3":0.735},{"time":0.0667,"angle":-4.41,"curve":0.25,"c3":0.75},{"time":0.2667,"angle":11.04,"curve":0.25,"c3":0.75},{"time":0.4667,"angle":-4.41,"curve":0.25,"c3":0.75},{"time":0.6667,"angle":11.04,"curve":0.243,"c3":0.649,"c4":0.6},{"time":0.8,"angle":-0.02}]},"hand_left":{"rotate":[{"angle":-0.02,"curve":0.382,"c2":0.57,"c3":0.735},{"time":0.0667,"angle":-4.41,"curve":0.25,"c3":0.75},{"time":0.2667,"angle":11.04,"curve":0.25,"c3":0.75},{"time":0.4667,"angle":-4.41,"curve":0.25,"c3":0.75},{"time":0.6667,"angle":11.04,"curve":0.243,"c3":0.649,"c4":0.6},{"time":0.8,"angle":-0.02}]},"head7":{"rotate":[{"angle":5.28,"curve":0.25,"c3":0.75},{"time":0.3667,"angle":-3.71,"curve":0.25,"c3":0.75},{"time":0.8,"angle":5.28}]},"shadiow":{"scale":[{"curve":0.25,"c3":0.75},{"time":0.2,"x":1.055,"y":1.055,"curve":0.25,"c3":0.75},{"time":0.4,"curve":0.25,"c3":0.75},{"time":0.6,"x":1.055,"y":1.055,"curve":0.25,"c3":0.75},{"time":0.8}]}}}}}