<?xml version="1.0" encoding="UTF-8"?><font><info face="SFProText-Bold" size="42" bold="0" italic="0" charset="" unicode="1" stretchH="100" smooth="1" aa="1" padding="1,1,1,1" spacing="1,1"/><common lineHeight="42" base="40" scaleW="260" scaleH="258" pages="1" packed="0"/><pages><page id="0" file="sf-pro-bold.png"/></pages><chars count="84"><char id="32" x="0" y="0" width="0" height="0" xoffset="0" yoffset="0" xadvance="11" page="0" chnl="15"/><!--   --><char id="33" x="127" y="43" width="9" height="33" xoffset="3" yoffset="9" xadvance="15" page="0" chnl="15"/><!-- ! --><char id="34" x="104" y="239" width="17" height="15" xoffset="2" yoffset="9" xadvance="21" page="0" chnl="15"/><!-- " --><char id="35" x="125" y="180" width="30" height="32" xoffset="-1" yoffset="9" xadvance="28" page="0" chnl="15"/><!-- # --><char id="37" x="225" y="43" width="35" height="33" xoffset="0" yoffset="9" xadvance="35" page="0" chnl="15"/><!-- % --><char id="39" x="95" y="239" width="8" height="15" xoffset="2" yoffset="9" xadvance="12" page="0" chnl="15"/><!-- ' --><char id="40" x="104" y="0" width="14" height="39" xoffset="3" yoffset="8" xadvance="19" page="0" chnl="15"/><!-- ( --><char id="41" x="119" y="0" width="14" height="39" xoffset="1" yoffset="8" xadvance="19" page="0" chnl="15"/><!-- ) --><char id="42" x="52" y="239" width="19" height="18" xoffset="1" yoffset="9" xadvance="22" page="0" chnl="15"/><!-- * --><char id="44" x="72" y="239" width="11" height="15" xoffset="1" yoffset="34" xadvance="15" page="0" chnl="15"/><!-- , --><char id="45" x="133" y="239" width="16" height="8" xoffset="2" yoffset="24" xadvance="21" page="0" chnl="15"/><!-- - --><char id="46" x="122" y="239" width="10" height="10" xoffset="2" yoffset="32" xadvance="15" page="0" chnl="15"/><!-- . --><char id="47" x="69" y="0" width="19" height="39" xoffset="-1" yoffset="8" xadvance="17" page="0" chnl="15"/><!-- / --><char id="48" x="26" y="113" width="26" height="33" xoffset="1" yoffset="9" xadvance="29" page="0" chnl="15"/><!-- 0 --><char id="49" x="214" y="113" width="17" height="32" xoffset="1" yoffset="9" xadvance="22" page="0" chnl="15"/><!-- 1 --><char id="50" x="0" y="147" width="25" height="32" xoffset="1" yoffset="9" xadvance="28" page="0" chnl="15"/><!-- 2 --><char id="51" x="137" y="43" width="26" height="33" xoffset="1" yoffset="9" xadvance="29" page="0" chnl="15"/><!-- 3 --><char id="52" x="59" y="180" width="27" height="32" xoffset="1" yoffset="9" xadvance="29" page="0" chnl="15"/><!-- 4 --><char id="53" x="53" y="113" width="25" height="33" xoffset="2" yoffset="9" xadvance="28" page="0" chnl="15"/><!-- 5 --><char id="54" x="79" y="113" width="26" height="33" xoffset="1" yoffset="9" xadvance="29" page="0" chnl="15"/><!-- 6 --><char id="55" x="87" y="180" width="25" height="32" xoffset="0" yoffset="9" xadvance="26" page="0" chnl="15"/><!-- 7 --><char id="56" x="106" y="113" width="27" height="33" xoffset="1" yoffset="9" xadvance="30" page="0" chnl="15"/><!-- 8 --><char id="57" x="134" y="113" width="27" height="33" xoffset="1" yoffset="9" xadvance="29" page="0" chnl="15"/><!-- 9 --><char id="58" x="201" y="180" width="10" height="25" xoffset="2" yoffset="17" xadvance="15" page="0" chnl="15"/><!-- : --><char id="59" x="113" y="180" width="11" height="32" xoffset="1" yoffset="17" xadvance="15" page="0" chnl="15"/><!-- ; --><char id="63" x="162" y="113" width="22" height="33" xoffset="0" yoffset="9" xadvance="24" page="0" chnl="15"/><!-- ? --><char id="65" x="26" y="147" width="30" height="32" xoffset="0" yoffset="9" xadvance="31" page="0" chnl="15"/><!-- A --><char id="66" x="156" y="180" width="26" height="32" xoffset="2" yoffset="9" xadvance="30" page="0" chnl="15"/><!-- B --><char id="67" x="164" y="43" width="29" height="33" xoffset="1" yoffset="9" xadvance="32" page="0" chnl="15"/><!-- C --><char id="68" x="232" y="113" width="28" height="32" xoffset="2" yoffset="9" xadvance="32" page="0" chnl="15"/><!-- D --><char id="69" x="57" y="147" width="23" height="32" xoffset="2" yoffset="9" xadvance="27" page="0" chnl="15"/><!-- E --><char id="71" x="194" y="43" width="30" height="33" xoffset="1" yoffset="9" xadvance="32" page="0" chnl="15"/><!-- G --><char id="73" x="81" y="147" width="9" height="32" xoffset="2" yoffset="9" xadvance="14" page="0" chnl="15"/><!-- I --><char id="74" x="0" y="79" width="23" height="33" xoffset="0" yoffset="9" xadvance="26" page="0" chnl="15"/><!-- J --><char id="75" x="91" y="147" width="28" height="32" xoffset="2" yoffset="9" xadvance="30" page="0" chnl="15"/><!-- K --><char id="76" x="120" y="147" width="22" height="32" xoffset="2" yoffset="9" xadvance="25" page="0" chnl="15"/><!-- L --><char id="77" x="143" y="147" width="34" height="32" xoffset="2" yoffset="9" xadvance="39" page="0" chnl="15"/><!-- M --><char id="78" x="178" y="147" width="28" height="32" xoffset="2" yoffset="9" xadvance="33" page="0" chnl="15"/><!-- N --><char id="79" x="24" y="79" width="31" height="33" xoffset="1" yoffset="9" xadvance="34" page="0" chnl="15"/><!-- O --><char id="80" x="207" y="147" width="26" height="32" xoffset="2" yoffset="9" xadvance="29" page="0" chnl="15"/><!-- P --><char id="81" x="0" y="43" width="31" height="35" xoffset="1" yoffset="9" xadvance="34" page="0" chnl="15"/><!-- Q --><char id="82" x="234" y="147" width="26" height="32" xoffset="2" yoffset="9" xadvance="30" page="0" chnl="15"/><!-- R --><char id="83" x="56" y="79" width="26" height="33" xoffset="1" yoffset="9" xadvance="29" page="0" chnl="15"/><!-- S --><char id="84" x="0" y="180" width="27" height="32" xoffset="0" yoffset="9" xadvance="28" page="0" chnl="15"/><!-- T --><char id="85" x="185" y="113" width="28" height="33" xoffset="2" yoffset="9" xadvance="33" page="0" chnl="15"/><!-- U --><char id="86" x="28" y="180" width="30" height="32" xoffset="0" yoffset="9" xadvance="31" page="0" chnl="15"/><!-- V --><char id="92" x="134" y="0" width="19" height="39" xoffset="-1" yoffset="8" xadvance="17" page="0" chnl="15"/><!-- \ --><char id="93" x="89" y="0" width="14" height="39" xoffset="0" yoffset="8" xadvance="19" page="0" chnl="15"/><!-- ] --><char id="97" x="212" y="180" width="23" height="25" xoffset="0" yoffset="16" xadvance="25" page="0" chnl="15"/><!-- a --><char id="98" x="83" y="79" width="25" height="33" xoffset="2" yoffset="8" xadvance="28" page="0" chnl="15"/><!-- b --><char id="99" x="236" y="180" width="24" height="25" xoffset="0" yoffset="16" xadvance="25" page="0" chnl="15"/><!-- c --><char id="100" x="109" y="79" width="25" height="33" xoffset="1" yoffset="8" xadvance="28" page="0" chnl="15"/><!-- d --><char id="101" x="0" y="213" width="25" height="25" xoffset="0" yoffset="16" xadvance="26" page="0" chnl="15"/><!-- e --><char id="102" x="135" y="79" width="17" height="33" xoffset="0" yoffset="8" xadvance="18" page="0" chnl="15"/><!-- f --><char id="103" x="79" y="43" width="26" height="34" xoffset="0" yoffset="16" xadvance="28" page="0" chnl="15"/><!-- g --><char id="104" x="153" y="79" width="23" height="33" xoffset="2" yoffset="8" xadvance="27" page="0" chnl="15"/><!-- h --><char id="105" x="106" y="43" width="10" height="34" xoffset="1" yoffset="7" xadvance="13" page="0" chnl="15"/><!-- i --><char id="106" x="0" y="0" width="13" height="42" xoffset="-2" yoffset="7" xadvance="13" page="0" chnl="15"/><!-- j --><char id="107" x="177" y="79" width="23" height="33" xoffset="2" yoffset="8" xadvance="26" page="0" chnl="15"/><!-- k --><char id="108" x="117" y="43" width="9" height="34" xoffset="2" yoffset="7" xadvance="13" page="0" chnl="15"/><!-- l --><char id="109" x="26" y="213" width="37" height="25" xoffset="1" yoffset="16" xadvance="39" page="0" chnl="15"/><!-- m --><char id="110" x="64" y="213" width="24" height="25" xoffset="1" yoffset="16" xadvance="27" page="0" chnl="15"/><!-- n --><char id="111" x="89" y="213" width="25" height="25" xoffset="1" yoffset="16" xadvance="27" page="0" chnl="15"/><!-- o --><char id="112" x="201" y="79" width="26" height="33" xoffset="1" yoffset="16" xadvance="28" page="0" chnl="15"/><!-- p --><char id="113" x="228" y="79" width="25" height="33" xoffset="1" yoffset="16" xadvance="28" page="0" chnl="15"/><!-- q --><char id="114" x="115" y="213" width="18" height="25" xoffset="1" yoffset="16" xadvance="19" page="0" chnl="15"/><!-- r --><char id="115" x="134" y="213" width="22" height="25" xoffset="1" yoffset="16" xadvance="24" page="0" chnl="15"/><!-- s --><char id="116" x="183" y="180" width="17" height="30" xoffset="0" yoffset="11" xadvance="18" page="0" chnl="15"/><!-- t --><char id="117" x="157" y="213" width="24" height="25" xoffset="1" yoffset="16" xadvance="27" page="0" chnl="15"/><!-- u --><char id="118" x="182" y="213" width="25" height="25" xoffset="0" yoffset="16" xadvance="25" page="0" chnl="15"/><!-- v --><char id="120" x="208" y="213" width="24" height="25" xoffset="0" yoffset="16" xadvance="25" page="0" chnl="15"/><!-- x --><char id="121" x="0" y="113" width="25" height="33" xoffset="0" yoffset="16" xadvance="26" page="0" chnl="15"/><!-- y --><char id="122" x="233" y="213" width="22" height="25" xoffset="1" yoffset="16" xadvance="24" page="0" chnl="15"/><!-- z --><char id="171" x="0" y="239" width="25" height="19" xoffset="2" yoffset="19" xadvance="30" page="0" chnl="15"/><!-- « --><char id="187" x="26" y="239" width="25" height="19" xoffset="2" yoffset="19" xadvance="30" page="0" chnl="15"/><!-- » --><char id="192" x="14" y="0" width="30" height="41" xoffset="0" yoffset="0" xadvance="31" page="0" chnl="15"/><!-- À --><char id="201" x="45" y="0" width="23" height="41" xoffset="2" yoffset="0" xadvance="27" page="0" chnl="15"/><!-- É --><char id="224" x="154" y="0" width="23" height="36" xoffset="0" yoffset="5" xadvance="25" page="0" chnl="15"/><!-- à --><char id="232" x="178" y="0" width="25" height="36" xoffset="0" yoffset="5" xadvance="26" page="0" chnl="15"/><!-- è --><char id="233" x="204" y="0" width="25" height="36" xoffset="0" yoffset="5" xadvance="26" page="0" chnl="15"/><!-- é --><char id="234" x="32" y="43" width="25" height="35" xoffset="0" yoffset="6" xadvance="26" page="0" chnl="15"/><!-- ê --><char id="238" x="58" y="43" width="20" height="35" xoffset="-4" yoffset="6" xadvance="13" page="0" chnl="15"/><!-- î --><char id="249" x="230" y="0" width="24" height="36" xoffset="1" yoffset="5" xadvance="27" page="0" chnl="15"/><!-- ù --><char id="8217" x="84" y="239" width="10" height="15" xoffset="2" yoffset="9" xadvance="14" page="0" chnl="15"/><!-- ’ --></chars></font>