<?xml version="1.0" encoding="UTF-8"?><font><info face="SFProText-Medium" size="42" bold="0" italic="0" charset="" unicode="1" stretchH="100" smooth="1" aa="1" padding="1,1,1,1" spacing="1,1"/><common lineHeight="42" base="40" scaleW="255" scaleH="253" pages="1" packed="0"/><pages><page id="0" file="sf-pro-normal.png"/></pages><chars count="84"><char id="32" x="0" y="0" width="0" height="0" xoffset="0" yoffset="-7" xadvance="12" page="0" chnl="15"/><!--   --><char id="33" x="62" y="113" width="9" height="32" xoffset="2" yoffset="2" xadvance="14" page="0" chnl="15"/><!-- ! --><char id="34" x="28" y="239" width="15" height="14" xoffset="2" yoffset="2" xadvance="20" page="0" chnl="15"/><!-- " --><char id="35" x="74" y="180" width="29" height="32" xoffset="-1" yoffset="2" xadvance="28" page="0" chnl="15"/><!-- # --><char id="37" x="0" y="113" width="33" height="33" xoffset="0" yoffset="2" xadvance="34" page="0" chnl="15"/><!-- % --><char id="39" x="20" y="239" width="7" height="14" xoffset="2" yoffset="2" xadvance="11" page="0" chnl="15"/><!-- ' --><char id="40" x="98" y="0" width="13" height="39" xoffset="3" yoffset="1" xadvance="17" page="0" chnl="15"/><!-- ( --><char id="41" x="112" y="0" width="12" height="39" xoffset="1" yoffset="1" xadvance="17" page="0" chnl="15"/><!-- ) --><char id="42" x="238" y="213" width="17" height="18" xoffset="2" yoffset="2" xadvance="22" page="0" chnl="15"/><!-- * --><char id="44" x="0" y="239" width="9" height="14" xoffset="2" yoffset="28" xadvance="14" page="0" chnl="15"/><!-- , --><char id="45" x="54" y="239" width="16" height="7" xoffset="2" yoffset="18" xadvance="20" page="0" chnl="15"/><!-- - --><char id="46" x="44" y="239" width="9" height="8" xoffset="2" yoffset="26" xadvance="14" page="0" chnl="15"/><!-- . --><char id="47" x="66" y="0" width="17" height="39" xoffset="-1" yoffset="1" xadvance="15" page="0" chnl="15"/><!-- / --><char id="48" x="120" y="79" width="25" height="33" xoffset="1" yoffset="2" xadvance="28" page="0" chnl="15"/><!-- 0 --><char id="49" x="72" y="113" width="15" height="32" xoffset="1" yoffset="2" xadvance="21" page="0" chnl="15"/><!-- 1 --><char id="50" x="88" y="113" width="23" height="32" xoffset="2" yoffset="2" xadvance="26" page="0" chnl="15"/><!-- 2 --><char id="51" x="92" y="43" width="25" height="33" xoffset="1" yoffset="2" xadvance="27" page="0" chnl="15"/><!-- 3 --><char id="52" x="0" y="180" width="26" height="32" xoffset="1" yoffset="2" xadvance="28" page="0" chnl="15"/><!-- 4 --><char id="53" x="146" y="79" width="24" height="33" xoffset="2" yoffset="2" xadvance="27" page="0" chnl="15"/><!-- 5 --><char id="54" x="171" y="79" width="25" height="33" xoffset="1" yoffset="2" xadvance="28" page="0" chnl="15"/><!-- 6 --><char id="55" x="27" y="180" width="24" height="32" xoffset="0" yoffset="2" xadvance="25" page="0" chnl="15"/><!-- 7 --><char id="56" x="197" y="79" width="25" height="33" xoffset="1" yoffset="2" xadvance="28" page="0" chnl="15"/><!-- 8 --><char id="57" x="223" y="79" width="25" height="33" xoffset="1" yoffset="2" xadvance="28" page="0" chnl="15"/><!-- 9 --><char id="58" x="178" y="213" width="9" height="23" xoffset="2" yoffset="11" xadvance="14" page="0" chnl="15"/><!-- : --><char id="59" x="241" y="147" width="10" height="31" xoffset="1" yoffset="11" xadvance="14" page="0" chnl="15"/><!-- ; --><char id="63" x="52" y="180" width="21" height="32" xoffset="0" yoffset="2" xadvance="23" page="0" chnl="15"/><!-- ? --><char id="65" x="112" y="113" width="29" height="32" xoffset="0" yoffset="2" xadvance="30" page="0" chnl="15"/><!-- A --><char id="66" x="104" y="180" width="25" height="32" xoffset="2" yoffset="2" xadvance="29" page="0" chnl="15"/><!-- B --><char id="67" x="118" y="43" width="28" height="33" xoffset="1" yoffset="2" xadvance="31" page="0" chnl="15"/><!-- C --><char id="68" x="142" y="113" width="28" height="32" xoffset="2" yoffset="2" xadvance="31" page="0" chnl="15"/><!-- D --><char id="69" x="171" y="113" width="22" height="32" xoffset="2" yoffset="2" xadvance="26" page="0" chnl="15"/><!-- E --><char id="71" x="147" y="43" width="29" height="33" xoffset="1" yoffset="2" xadvance="32" page="0" chnl="15"/><!-- G --><char id="73" x="194" y="113" width="8" height="32" xoffset="2" yoffset="2" xadvance="12" page="0" chnl="15"/><!-- I --><char id="74" x="177" y="43" width="21" height="33" xoffset="0" yoffset="2" xadvance="24" page="0" chnl="15"/><!-- J --><char id="75" x="203" y="113" width="26" height="32" xoffset="2" yoffset="2" xadvance="29" page="0" chnl="15"/><!-- K --><char id="76" x="0" y="147" width="22" height="32" xoffset="2" yoffset="2" xadvance="25" page="0" chnl="15"/><!-- L --><char id="77" x="23" y="147" width="33" height="32" xoffset="2" yoffset="2" xadvance="38" page="0" chnl="15"/><!-- M --><char id="78" x="57" y="147" width="27" height="32" xoffset="2" yoffset="2" xadvance="32" page="0" chnl="15"/><!-- N --><char id="79" x="199" y="43" width="30" height="33" xoffset="1" yoffset="2" xadvance="33" page="0" chnl="15"/><!-- O --><char id="80" x="85" y="147" width="24" height="32" xoffset="2" yoffset="2" xadvance="28" page="0" chnl="15"/><!-- P --><char id="81" x="143" y="0" width="30" height="35" xoffset="1" yoffset="2" xadvance="33" page="0" chnl="15"/><!-- Q --><char id="82" x="230" y="113" width="25" height="32" xoffset="2" yoffset="2" xadvance="29" page="0" chnl="15"/><!-- R --><char id="83" x="230" y="43" width="25" height="33" xoffset="1" yoffset="2" xadvance="28" page="0" chnl="15"/><!-- S --><char id="84" x="110" y="147" width="27" height="32" xoffset="0" yoffset="2" xadvance="28" page="0" chnl="15"/><!-- T --><char id="85" x="34" y="113" width="27" height="33" xoffset="2" yoffset="2" xadvance="32" page="0" chnl="15"/><!-- U --><char id="86" x="138" y="147" width="29" height="32" xoffset="0" yoffset="2" xadvance="30" page="0" chnl="15"/><!-- V --><char id="92" x="125" y="0" width="17" height="39" xoffset="-1" yoffset="1" xadvance="15" page="0" chnl="15"/><!-- \ --><char id="93" x="84" y="0" width="13" height="39" xoffset="0" yoffset="1" xadvance="17" page="0" chnl="15"/><!-- ] --><char id="97" x="146" y="180" width="21" height="25" xoffset="1" yoffset="9" xadvance="24" page="0" chnl="15"/><!-- a --><char id="98" x="0" y="79" width="24" height="33" xoffset="2" yoffset="1" xadvance="27" page="0" chnl="15"/><!-- b --><char id="99" x="168" y="180" width="22" height="25" xoffset="1" yoffset="9" xadvance="24" page="0" chnl="15"/><!-- c --><char id="100" x="25" y="79" width="23" height="33" xoffset="1" yoffset="1" xadvance="27" page="0" chnl="15"/><!-- d --><char id="101" x="191" y="180" width="23" height="25" xoffset="1" yoffset="9" xadvance="25" page="0" chnl="15"/><!-- e --><char id="102" x="49" y="79" width="16" height="33" xoffset="0" yoffset="1" xadvance="16" page="0" chnl="15"/><!-- f --><char id="103" x="24" y="43" width="23" height="34" xoffset="1" yoffset="9" xadvance="27" page="0" chnl="15"/><!-- g --><char id="104" x="66" y="79" width="22" height="33" xoffset="2" yoffset="1" xadvance="26" page="0" chnl="15"/><!-- h --><char id="105" x="244" y="0" width="9" height="34" xoffset="1" yoffset="0" xadvance="11" page="0" chnl="15"/><!-- i --><char id="106" x="0" y="0" width="12" height="42" xoffset="-2" yoffset="0" xadvance="11" page="0" chnl="15"/><!-- j --><char id="107" x="89" y="79" width="22" height="33" xoffset="2" yoffset="1" xadvance="24" page="0" chnl="15"/><!-- k --><char id="108" x="112" y="79" width="7" height="33" xoffset="2" yoffset="1" xadvance="12" page="0" chnl="15"/><!-- l --><char id="109" x="215" y="180" width="34" height="25" xoffset="2" yoffset="9" xadvance="38" page="0" chnl="15"/><!-- m --><char id="110" x="0" y="213" width="22" height="25" xoffset="2" yoffset="9" xadvance="26" page="0" chnl="15"/><!-- n --><char id="111" x="23" y="213" width="23" height="25" xoffset="1" yoffset="9" xadvance="26" page="0" chnl="15"/><!-- o --><char id="112" x="168" y="147" width="23" height="32" xoffset="2" yoffset="9" xadvance="27" page="0" chnl="15"/><!-- p --><char id="113" x="192" y="147" width="23" height="32" xoffset="1" yoffset="9" xadvance="27" page="0" chnl="15"/><!-- q --><char id="114" x="47" y="213" width="15" height="25" xoffset="2" yoffset="9" xadvance="17" page="0" chnl="15"/><!-- r --><char id="115" x="63" y="213" width="21" height="25" xoffset="1" yoffset="9" xadvance="23" page="0" chnl="15"/><!-- s --><char id="116" x="130" y="180" width="15" height="30" xoffset="0" yoffset="4" xadvance="16" page="0" chnl="15"/><!-- t --><char id="117" x="85" y="213" width="23" height="24" xoffset="1" yoffset="10" xadvance="26" page="0" chnl="15"/><!-- u --><char id="118" x="109" y="213" width="23" height="24" xoffset="0" yoffset="10" xadvance="24" page="0" chnl="15"/><!-- v --><char id="120" x="133" y="213" width="22" height="24" xoffset="0" yoffset="10" xadvance="23" page="0" chnl="15"/><!-- x --><char id="121" x="216" y="147" width="24" height="32" xoffset="0" yoffset="10" xadvance="24" page="0" chnl="15"/><!-- y --><char id="122" x="156" y="213" width="21" height="24" xoffset="1" yoffset="10" xadvance="24" page="0" chnl="15"/><!-- z --><char id="171" x="188" y="213" width="24" height="19" xoffset="2" yoffset="12" xadvance="29" page="0" chnl="15"/><!-- « --><char id="187" x="213" y="213" width="24" height="19" xoffset="2" yoffset="12" xadvance="29" page="0" chnl="15"/><!-- » --><char id="192" x="13" y="0" width="29" height="41" xoffset="0" yoffset="-7" xadvance="30" page="0" chnl="15"/><!-- À --><char id="201" x="43" y="0" width="22" height="41" xoffset="2" yoffset="-7" xadvance="26" page="0" chnl="15"/><!-- É --><char id="224" x="174" y="0" width="21" height="35" xoffset="1" yoffset="-1" xadvance="24" page="0" chnl="15"/><!-- à --><char id="232" x="196" y="0" width="23" height="35" xoffset="1" yoffset="-1" xadvance="25" page="0" chnl="15"/><!-- è --><char id="233" x="220" y="0" width="23" height="35" xoffset="1" yoffset="-1" xadvance="25" page="0" chnl="15"/><!-- é --><char id="234" x="48" y="43" width="23" height="34" xoffset="1" yoffset="0" xadvance="25" page="0" chnl="15"/><!-- ê --><char id="238" x="72" y="43" width="19" height="34" xoffset="-4" yoffset="0" xadvance="11" page="0" chnl="15"/><!-- î --><char id="249" x="0" y="43" width="23" height="35" xoffset="1" yoffset="-1" xadvance="26" page="0" chnl="15"/><!-- ù --><char id="8217" x="10" y="239" width="9" height="14" xoffset="2" yoffset="2" xadvance="13" page="0" chnl="15"/><!-- ’ --></chars></font>