{"textures":[{"image":"fruit-resources.png","format":"RGBA8888","size":{"w":256,"h":794},"scale":0.5,"frames":[{"filename":"tile-16","rotated":false,"trimmed":true,"sourceSize":{"w":88,"h":59},"spriteSourceSize":{"x":1,"y":1,"w":86,"h":57},"frame":{"x":2,"y":2,"w":86,"h":57}},{"filename":"tile-1","rotated":false,"trimmed":true,"sourceSize":{"w":87,"h":77},"spriteSourceSize":{"x":1,"y":1,"w":85,"h":75},"frame":{"x":91,"y":2,"w":85,"h":75}},{"filename":"tile-11","rotated":false,"trimmed":true,"sourceSize":{"w":87,"h":77},"spriteSourceSize":{"x":1,"y":1,"w":85,"h":75},"frame":{"x":2,"y":62,"w":85,"h":75}},{"filename":"tile-28","rotated":false,"trimmed":true,"sourceSize":{"w":74,"h":86},"spriteSourceSize":{"x":1,"y":1,"w":72,"h":84},"frame":{"x":179,"y":2,"w":72,"h":84}},{"filename":"tile-27","rotated":false,"trimmed":true,"sourceSize":{"w":86,"h":82},"spriteSourceSize":{"x":1,"y":1,"w":84,"h":80},"frame":{"x":90,"y":80,"w":84,"h":80}},{"filename":"tile-23","rotated":false,"trimmed":true,"sourceSize":{"w":79,"h":79},"spriteSourceSize":{"x":1,"y":1,"w":77,"h":77},"frame":{"x":177,"y":89,"w":77,"h":77}},{"filename":"tile-8","rotated":false,"trimmed":true,"sourceSize":{"w":86,"h":81},"spriteSourceSize":{"x":1,"y":1,"w":84,"h":79},"frame":{"x":2,"y":140,"w":84,"h":79}},{"filename":"tile-4","rotated":false,"trimmed":true,"sourceSize":{"w":86,"h":80},"spriteSourceSize":{"x":1,"y":1,"w":84,"h":78},"frame":{"x":89,"y":163,"w":84,"h":78}},{"filename":"tile-26","rotated":false,"trimmed":true,"sourceSize":{"w":80,"h":85},"spriteSourceSize":{"x":1,"y":1,"w":78,"h":83},"frame":{"x":176,"y":169,"w":78,"h":83}},{"filename":"tile-22","rotated":false,"trimmed":true,"sourceSize":{"w":84,"h":84},"spriteSourceSize":{"x":1,"y":1,"w":82,"h":82},"frame":{"x":2,"y":222,"w":82,"h":82}},{"filename":"tile-25","rotated":false,"trimmed":true,"sourceSize":{"w":83,"h":87},"spriteSourceSize":{"x":1,"y":1,"w":81,"h":85},"frame":{"x":87,"y":244,"w":81,"h":85}},{"filename":"tile-12","rotated":false,"trimmed":true,"sourceSize":{"w":83,"h":80},"spriteSourceSize":{"x":1,"y":1,"w":81,"h":78},"frame":{"x":2,"y":307,"w":81,"h":78}},{"filename":"tile-15","rotated":false,"trimmed":true,"sourceSize":{"w":82,"h":86},"spriteSourceSize":{"x":1,"y":1,"w":80,"h":84},"frame":{"x":171,"y":255,"w":80,"h":84}},{"filename":"tile-20","rotated":false,"trimmed":true,"sourceSize":{"w":82,"h":86},"spriteSourceSize":{"x":1,"y":1,"w":80,"h":84},"frame":{"x":86,"y":332,"w":80,"h":84}},{"filename":"tile-2","rotated":false,"trimmed":true,"sourceSize":{"w":82,"h":83},"spriteSourceSize":{"x":1,"y":1,"w":80,"h":81},"frame":{"x":2,"y":388,"w":80,"h":81}},{"filename":"tile-21","rotated":false,"trimmed":true,"sourceSize":{"w":82,"h":83},"spriteSourceSize":{"x":1,"y":1,"w":80,"h":81},"frame":{"x":169,"y":342,"w":80,"h":81}},{"filename":"tile-3","rotated":false,"trimmed":true,"sourceSize":{"w":82,"h":80},"spriteSourceSize":{"x":1,"y":1,"w":80,"h":78},"frame":{"x":85,"y":419,"w":80,"h":78}},{"filename":"tile-6","rotated":false,"trimmed":true,"sourceSize":{"w":82,"h":78},"spriteSourceSize":{"x":1,"y":1,"w":80,"h":76},"frame":{"x":2,"y":472,"w":80,"h":76}},{"filename":"tile-9","rotated":false,"trimmed":true,"sourceSize":{"w":82,"h":78},"spriteSourceSize":{"x":1,"y":1,"w":80,"h":76},"frame":{"x":168,"y":426,"w":80,"h":76}},{"filename":"tile-18","rotated":false,"trimmed":true,"sourceSize":{"w":82,"h":74},"spriteSourceSize":{"x":1,"y":1,"w":80,"h":72},"frame":{"x":85,"y":500,"w":80,"h":72}},{"filename":"tile-13","rotated":false,"trimmed":true,"sourceSize":{"w":82,"h":67},"spriteSourceSize":{"x":1,"y":1,"w":80,"h":65},"frame":{"x":2,"y":551,"w":80,"h":65}},{"filename":"tile-14","rotated":false,"trimmed":true,"sourceSize":{"w":80,"h":84},"spriteSourceSize":{"x":1,"y":1,"w":78,"h":82},"frame":{"x":168,"y":505,"w":78,"h":82}},{"filename":"tile-17","rotated":false,"trimmed":true,"sourceSize":{"w":80,"h":81},"spriteSourceSize":{"x":1,"y":1,"w":78,"h":79},"frame":{"x":85,"y":575,"w":78,"h":79}},{"filename":"tile-5","rotated":false,"trimmed":true,"sourceSize":{"w":80,"h":80},"spriteSourceSize":{"x":1,"y":1,"w":78,"h":78},"frame":{"x":2,"y":619,"w":78,"h":78}},{"filename":"tile-10","rotated":false,"trimmed":true,"sourceSize":{"w":78,"h":87},"spriteSourceSize":{"x":1,"y":1,"w":76,"h":86},"frame":{"x":166,"y":590,"w":76,"h":86}},{"filename":"tile-24","rotated":false,"trimmed":true,"sourceSize":{"w":78,"h":84},"spriteSourceSize":{"x":1,"y":1,"w":76,"h":82},"frame":{"x":83,"y":657,"w":76,"h":82}},{"filename":"tile-7","rotated":false,"trimmed":true,"sourceSize":{"w":70,"h":86},"spriteSourceSize":{"x":1,"y":1,"w":68,"h":84},"frame":{"x":2,"y":700,"w":68,"h":84}},{"filename":"tile-19","rotated":false,"trimmed":true,"sourceSize":{"w":68,"h":84},"spriteSourceSize":{"x":1,"y":1,"w":66,"h":82},"frame":{"x":162,"y":679,"w":66,"h":82}},{"filename":"blank","rotated":false,"trimmed":false,"sourceSize":{"w":50,"h":50},"spriteSourceSize":{"x":0,"y":0,"w":50,"h":50},"frame":{"x":73,"y":742,"w":50,"h":50}}]}],"meta":{"app":"https://www.codeandweb.com/texturepacker","version":"3.0","smartupdate":"$TexturePacker:SmartUpdate:6e3e49d090aa10c678bca92329eb8545:b6b3f8485ef52a4b2196bf06b26156bb:3985bba44094d8a9f2bf907ed4e63711$"}}