{"textures":[{"image":"umbrella-resources.png","format":"RGBA8888","size":{"w":99,"h":704},"scale":0.5,"frames":[{"filename":"blank","rotated":false,"trimmed":false,"sourceSize":{"w":50,"h":50},"spriteSourceSize":{"x":0,"y":0,"w":50,"h":50},"frame":{"x":2,"y":2,"w":50,"h":50}},{"filename":"tile-14","rotated":false,"trimmed":true,"sourceSize":{"w":50,"h":50},"spriteSourceSize":{"x":4,"y":4,"w":42,"h":44},"frame":{"x":55,"y":2,"w":42,"h":44}},{"filename":"tile-19","rotated":false,"trimmed":true,"sourceSize":{"w":50,"h":50},"spriteSourceSize":{"x":3,"y":4,"w":47,"h":46},"frame":{"x":2,"y":55,"w":47,"h":46}},{"filename":"tile-1","rotated":false,"trimmed":true,"sourceSize":{"w":50,"h":50},"spriteSourceSize":{"x":4,"y":5,"w":46,"h":45},"frame":{"x":2,"y":104,"w":46,"h":45}},{"filename":"tile-10","rotated":false,"trimmed":true,"sourceSize":{"w":50,"h":50},"spriteSourceSize":{"x":4,"y":4,"w":42,"h":43},"frame":{"x":55,"y":49,"w":42,"h":43}},{"filename":"tile-9","rotated":false,"trimmed":true,"sourceSize":{"w":50,"h":50},"spriteSourceSize":{"x":3,"y":4,"w":45,"h":44},"frame":{"x":52,"y":95,"w":45,"h":44}},{"filename":"tile-25","rotated":false,"trimmed":true,"sourceSize":{"w":50,"h":50},"spriteSourceSize":{"x":3,"y":3,"w":44,"h":45},"frame":{"x":2,"y":152,"w":44,"h":45}},{"filename":"tile-18","rotated":false,"trimmed":true,"sourceSize":{"w":50,"h":50},"spriteSourceSize":{"x":4,"y":4,"w":44,"h":44},"frame":{"x":2,"y":200,"w":44,"h":44}},{"filename":"tile-26","rotated":false,"trimmed":true,"sourceSize":{"w":50,"h":50},"spriteSourceSize":{"x":4,"y":3,"w":43,"h":45},"frame":{"x":2,"y":247,"w":43,"h":45}},{"filename":"tile-30","rotated":false,"trimmed":true,"sourceSize":{"w":50,"h":50},"spriteSourceSize":{"x":4,"y":3,"w":43,"h":45},"frame":{"x":2,"y":295,"w":43,"h":45}},{"filename":"tile-13","rotated":false,"trimmed":true,"sourceSize":{"w":50,"h":50},"spriteSourceSize":{"x":3,"y":4,"w":43,"h":44},"frame":{"x":2,"y":343,"w":43,"h":44}},{"filename":"tile-24","rotated":false,"trimmed":true,"sourceSize":{"w":50,"h":50},"spriteSourceSize":{"x":3,"y":4,"w":43,"h":44},"frame":{"x":2,"y":390,"w":43,"h":44}},{"filename":"tile-20","rotated":false,"trimmed":true,"sourceSize":{"w":50,"h":50},"spriteSourceSize":{"x":3,"y":3,"w":44,"h":43},"frame":{"x":2,"y":437,"w":44,"h":43}},{"filename":"tile-7","rotated":false,"trimmed":true,"sourceSize":{"w":50,"h":50},"spriteSourceSize":{"x":3,"y":4,"w":44,"h":43},"frame":{"x":2,"y":483,"w":44,"h":43}},{"filename":"tile-12","rotated":false,"trimmed":true,"sourceSize":{"w":50,"h":50},"spriteSourceSize":{"x":3,"y":5,"w":45,"h":42},"frame":{"x":2,"y":529,"w":45,"h":42}},{"filename":"tile-17","rotated":false,"trimmed":true,"sourceSize":{"w":50,"h":50},"spriteSourceSize":{"x":3,"y":5,"w":45,"h":42},"frame":{"x":2,"y":574,"w":45,"h":42}},{"filename":"tile-21","rotated":false,"trimmed":true,"sourceSize":{"w":50,"h":50},"spriteSourceSize":{"x":3,"y":4,"w":45,"h":42},"frame":{"x":2,"y":619,"w":45,"h":42}},{"filename":"tile-29","rotated":false,"trimmed":true,"sourceSize":{"w":50,"h":50},"spriteSourceSize":{"x":3,"y":8,"w":45,"h":37},"frame":{"x":2,"y":664,"w":45,"h":37}},{"filename":"tile-15","rotated":false,"trimmed":true,"sourceSize":{"w":50,"h":50},"spriteSourceSize":{"x":3,"y":5,"w":45,"h":41},"frame":{"x":51,"y":142,"w":45,"h":41}},{"filename":"tile-22","rotated":false,"trimmed":true,"sourceSize":{"w":50,"h":50},"spriteSourceSize":{"x":3,"y":7,"w":47,"h":39},"frame":{"x":49,"y":186,"w":47,"h":39}},{"filename":"tile-2","rotated":false,"trimmed":true,"sourceSize":{"w":50,"h":50},"spriteSourceSize":{"x":3,"y":6,"w":45,"h":39},"frame":{"x":49,"y":228,"w":45,"h":39}},{"filename":"tile-4","rotated":false,"trimmed":true,"sourceSize":{"w":50,"h":50},"spriteSourceSize":{"x":3,"y":6,"w":45,"h":41},"frame":{"x":48,"y":270,"w":45,"h":41}},{"filename":"tile-8","rotated":false,"trimmed":true,"sourceSize":{"w":50,"h":50},"spriteSourceSize":{"x":5,"y":3,"w":40,"h":46},"frame":{"x":48,"y":314,"w":40,"h":46}},{"filename":"tile-16","rotated":false,"trimmed":true,"sourceSize":{"w":50,"h":50},"spriteSourceSize":{"x":4,"y":5,"w":41,"h":43},"frame":{"x":48,"y":363,"w":41,"h":43}},{"filename":"tile-23","rotated":false,"trimmed":true,"sourceSize":{"w":50,"h":50},"spriteSourceSize":{"x":4,"y":5,"w":43,"h":42},"frame":{"x":49,"y":409,"w":43,"h":42}},{"filename":"tile-5","rotated":false,"trimmed":true,"sourceSize":{"w":50,"h":50},"spriteSourceSize":{"x":4,"y":5,"w":43,"h":42},"frame":{"x":49,"y":454,"w":43,"h":42}},{"filename":"tile-3","rotated":false,"trimmed":true,"sourceSize":{"w":50,"h":50},"spriteSourceSize":{"x":5,"y":5,"w":41,"h":41},"frame":{"x":50,"y":499,"w":41,"h":41}},{"filename":"tile-6","rotated":false,"trimmed":true,"sourceSize":{"w":50,"h":50},"spriteSourceSize":{"x":3,"y":5,"w":44,"h":40},"frame":{"x":50,"y":543,"w":44,"h":40}},{"filename":"tile-28","rotated":false,"trimmed":true,"sourceSize":{"w":50,"h":50},"spriteSourceSize":{"x":3,"y":5,"w":45,"h":39},"frame":{"x":50,"y":586,"w":45,"h":39}},{"filename":"tile-27","rotated":false,"trimmed":true,"sourceSize":{"w":50,"h":50},"spriteSourceSize":{"x":3,"y":8,"w":44,"h":36},"frame":{"x":50,"y":628,"w":44,"h":36}},{"filename":"tile-11","rotated":false,"trimmed":true,"sourceSize":{"w":50,"h":50},"spriteSourceSize":{"x":4,"y":8,"w":44,"h":35},"frame":{"x":50,"y":667,"w":44,"h":35}}]}],"meta":{"app":"https://www.codeandweb.com/texturepacker","version":"3.0","smartupdate":"$TexturePacker:SmartUpdate:d83643b724b00aeb27bf6e2b775fa356:8acfcc3a6575464ceb9021e9f2edf73f:3fb06c2ff2b4b3f31bee051b21335661$"}}