{"textures":[{"image":"effects-resources-0.png","format":"RGBA8888","size":{"w":436,"h":210},"scale":0.5,"frames":[{"filename":"circle","rotated":false,"trimmed":false,"sourceSize":{"w":162,"h":162},"spriteSourceSize":{"x":0,"y":0,"w":162,"h":162},"frame":{"x":1,"y":1,"w":162,"h":162}},{"filename":"fireworks/big-explosive-1","rotated":false,"trimmed":false,"sourceSize":{"w":141,"h":139},"spriteSourceSize":{"x":0,"y":0,"w":141,"h":139},"frame":{"x":165,"y":1,"w":141,"h":139}},{"filename":"white-glow","rotated":false,"trimmed":false,"sourceSize":{"w":127,"h":133},"spriteSourceSize":{"x":0,"y":0,"w":127,"h":133},"frame":{"x":308,"y":1,"w":127,"h":133}},{"filename":"fireworks/big-explosive-0","rotated":false,"trimmed":false,"sourceSize":{"w":69,"h":67},"spriteSourceSize":{"x":0,"y":0,"w":69,"h":67},"frame":{"x":308,"y":136,"w":69,"h":67}},{"filename":"blank","rotated":false,"trimmed":false,"sourceSize":{"w":50,"h":50},"spriteSourceSize":{"x":0,"y":0,"w":50,"h":50},"frame":{"x":379,"y":136,"w":50,"h":50}},{"filename":"confetti/hexagon-1","rotated":false,"trimmed":true,"sourceSize":{"w":25,"h":25},"spriteSourceSize":{"x":0,"y":2,"w":25,"h":21},"frame":{"x":379,"y":188,"w":25,"h":21}},{"filename":"confetti/hexagon-2","rotated":false,"trimmed":true,"sourceSize":{"w":25,"h":25},"spriteSourceSize":{"x":1,"y":3,"w":23,"h":19},"frame":{"x":406,"y":188,"w":23,"h":19}},{"filename":"circle-light","rotated":false,"trimmed":true,"sourceSize":{"w":76,"h":75},"spriteSourceSize":{"x":5,"y":3,"w":65,"h":67},"frame":{"x":165,"y":142,"w":65,"h":67}},{"filename":"fireworks/small","rotated":false,"trimmed":true,"sourceSize":{"w":49,"h":50},"spriteSourceSize":{"x":0,"y":1,"w":49,"h":49},"frame":{"x":232,"y":142,"w":49,"h":49}},{"filename":"star-white","rotated":false,"trimmed":true,"sourceSize":{"w":35,"h":35},"spriteSourceSize":{"x":5,"y":4,"w":23,"h":25},"frame":{"x":283,"y":142,"w":23,"h":25}},{"filename":"confetti/hexagon-4","rotated":false,"trimmed":true,"sourceSize":{"w":25,"h":25},"spriteSourceSize":{"x":1,"y":1,"w":23,"h":23},"frame":{"x":283,"y":169,"w":23,"h":23}},{"filename":"fireworks/soar-circle","rotated":false,"trimmed":false,"sourceSize":{"w":16,"h":16},"spriteSourceSize":{"x":0,"y":0,"w":16,"h":16},"frame":{"x":232,"y":193,"w":16,"h":16}},{"filename":"confetti/small-1","rotated":false,"trimmed":false,"sourceSize":{"w":14,"h":16},"spriteSourceSize":{"x":0,"y":0,"w":14,"h":16},"frame":{"x":250,"y":193,"w":14,"h":16}},{"filename":"confetti/small-2","rotated":false,"trimmed":true,"sourceSize":{"w":14,"h":16},"spriteSourceSize":{"x":0,"y":1,"w":14,"h":15},"frame":{"x":266,"y":193,"w":14,"h":15}},{"filename":"ribbon/falling-confetti/confetti-c/confetti-c-2","rotated":false,"trimmed":false,"sourceSize":{"w":13,"h":5},"spriteSourceSize":{"x":0,"y":0,"w":13,"h":5},"frame":{"x":282,"y":194,"w":13,"h":5}},{"filename":"star-y/star-3","rotated":false,"trimmed":true,"sourceSize":{"w":11,"h":10},"spriteSourceSize":{"x":3,"y":0,"w":6,"h":10},"frame":{"x":297,"y":194,"w":6,"h":10}},{"filename":"ribbon/falling-confetti/confetti-c/confetti-c-1","rotated":false,"trimmed":false,"sourceSize":{"w":12,"h":8},"spriteSourceSize":{"x":0,"y":0,"w":12,"h":8},"frame":{"x":282,"y":201,"w":12,"h":8}},{"filename":"ribbon/falling-confetti/confetti-b/confetti-b-3","rotated":false,"trimmed":false,"sourceSize":{"w":13,"h":3},"spriteSourceSize":{"x":0,"y":0,"w":13,"h":3},"frame":{"x":305,"y":205,"w":13,"h":3}},{"filename":"ribbon/falling-confetti/confetti-b/confetti-b-4","rotated":false,"trimmed":false,"sourceSize":{"w":13,"h":1},"spriteSourceSize":{"x":0,"y":0,"w":13,"h":1},"frame":{"x":320,"y":205,"w":13,"h":1}},{"filename":"ribbon/falling-confetti/confetti-c/confetti-c-3","rotated":false,"trimmed":false,"sourceSize":{"w":12,"h":4},"spriteSourceSize":{"x":0,"y":0,"w":12,"h":4},"frame":{"x":335,"y":205,"w":12,"h":4}},{"filename":"ribbon/falling-confetti/confetti-d/confetti-d-3","rotated":false,"trimmed":false,"sourceSize":{"w":12,"h":3},"spriteSourceSize":{"x":0,"y":0,"w":12,"h":3},"frame":{"x":349,"y":205,"w":12,"h":3}},{"filename":"ribbon/falling-confetti/confetti-d/confetti-d-4","rotated":false,"trimmed":false,"sourceSize":{"w":12,"h":2},"spriteSourceSize":{"x":0,"y":0,"w":12,"h":2},"frame":{"x":363,"y":205,"w":12,"h":2}},{"filename":"comet","rotated":false,"trimmed":true,"sourceSize":{"w":40,"h":40},"spriteSourceSize":{"x":2,"y":0,"w":35,"h":39},"frame":{"x":1,"y":165,"w":35,"h":39}},{"filename":"star-yellow","rotated":false,"trimmed":false,"sourceSize":{"w":35,"h":35},"spriteSourceSize":{"x":0,"y":0,"w":35,"h":35},"frame":{"x":38,"y":165,"w":35,"h":35}},{"filename":"confetti/hexagon-0","rotated":false,"trimmed":false,"sourceSize":{"w":25,"h":25},"spriteSourceSize":{"x":0,"y":0,"w":25,"h":25},"frame":{"x":75,"y":165,"w":25,"h":25}},{"filename":"confetti/hexagon-3","rotated":false,"trimmed":true,"sourceSize":{"w":25,"h":25},"spriteSourceSize":{"x":3,"y":3,"w":20,"h":19},"frame":{"x":102,"y":165,"w":20,"h":19}},{"filename":"spark","rotated":false,"trimmed":false,"sourceSize":{"w":17,"h":17},"spriteSourceSize":{"x":0,"y":0,"w":17,"h":17},"frame":{"x":124,"y":165,"w":17,"h":17}},{"filename":"fireworks/soar-line","rotated":false,"trimmed":false,"sourceSize":{"w":6,"h":23},"spriteSourceSize":{"x":0,"y":0,"w":6,"h":23},"frame":{"x":143,"y":165,"w":6,"h":23}},{"filename":"confetti/small-3","rotated":false,"trimmed":true,"sourceSize":{"w":14,"h":16},"spriteSourceSize":{"x":1,"y":0,"w":13,"h":16},"frame":{"x":124,"y":184,"w":13,"h":16}},{"filename":"confetti/small-4","rotated":false,"trimmed":true,"sourceSize":{"w":14,"h":16},"spriteSourceSize":{"x":1,"y":0,"w":12,"h":16},"frame":{"x":102,"y":186,"w":12,"h":16}},{"filename":"ribbon/falling-confetti/confetti-b/confetti-b-1","rotated":false,"trimmed":false,"sourceSize":{"w":12,"h":7},"spriteSourceSize":{"x":0,"y":0,"w":12,"h":7},"frame":{"x":139,"y":190,"w":12,"h":7}},{"filename":"ribbon/falling-confetti/confetti-b/confetti-b-2","rotated":false,"trimmed":false,"sourceSize":{"w":12,"h":5},"spriteSourceSize":{"x":0,"y":0,"w":12,"h":5},"frame":{"x":139,"y":199,"w":12,"h":5}},{"filename":"ribbon/falling-confetti/confetti-d/confetti-d-2","rotated":false,"trimmed":false,"sourceSize":{"w":12,"h":5},"spriteSourceSize":{"x":0,"y":0,"w":12,"h":5},"frame":{"x":116,"y":202,"w":12,"h":5}},{"filename":"star-x/star-1","rotated":false,"trimmed":false,"sourceSize":{"w":11,"h":10},"spriteSourceSize":{"x":0,"y":0,"w":11,"h":10},"frame":{"x":151,"y":165,"w":11,"h":10}},{"filename":"star-y/star-1","rotated":false,"trimmed":false,"sourceSize":{"w":11,"h":10},"spriteSourceSize":{"x":0,"y":0,"w":11,"h":10},"frame":{"x":151,"y":165,"w":11,"h":10}},{"filename":"star-x/star-2","rotated":false,"trimmed":false,"sourceSize":{"w":11,"h":10},"spriteSourceSize":{"x":0,"y":0,"w":11,"h":10},"frame":{"x":151,"y":177,"w":11,"h":10}},{"filename":"star-y/star-2","rotated":false,"trimmed":true,"sourceSize":{"w":11,"h":10},"spriteSourceSize":{"x":1,"y":0,"w":10,"h":10},"frame":{"x":153,"y":189,"w":10,"h":10}},{"filename":"star-y/star-4","rotated":false,"trimmed":false,"sourceSize":{"w":11,"h":10},"spriteSourceSize":{"x":0,"y":0,"w":11,"h":10},"frame":{"x":75,"y":192,"w":11,"h":10}},{"filename":"star-x/star-3","rotated":false,"trimmed":true,"sourceSize":{"w":11,"h":10},"spriteSourceSize":{"x":0,"y":1,"w":11,"h":8},"frame":{"x":88,"y":192,"w":11,"h":8}},{"filename":"ribbon/falling-confetti/confetti-a/confetti-a-1","rotated":false,"trimmed":false,"sourceSize":{"w":11,"h":7},"spriteSourceSize":{"x":0,"y":0,"w":11,"h":7},"frame":{"x":88,"y":202,"w":11,"h":7}},{"filename":"ribbon/falling-confetti/confetti-a/confetti-a-2","rotated":false,"trimmed":false,"sourceSize":{"w":11,"h":4},"spriteSourceSize":{"x":0,"y":0,"w":11,"h":4},"frame":{"x":101,"y":204,"w":11,"h":4}},{"filename":"ribbon/falling-confetti/confetti-c/confetti-c-4","rotated":false,"trimmed":false,"sourceSize":{"w":11,"h":3},"spriteSourceSize":{"x":0,"y":0,"w":11,"h":3},"frame":{"x":130,"y":206,"w":11,"h":3}},{"filename":"ribbon/falling-confetti/confetti-a/confetti-a-3","rotated":false,"trimmed":false,"sourceSize":{"w":11,"h":2},"spriteSourceSize":{"x":0,"y":0,"w":11,"h":2},"frame":{"x":143,"y":206,"w":11,"h":2}},{"filename":"ribbon/falling-confetti/confetti-d/confetti-d-1","rotated":false,"trimmed":false,"sourceSize":{"w":11,"h":7},"spriteSourceSize":{"x":0,"y":0,"w":11,"h":7},"frame":{"x":38,"y":202,"w":11,"h":7}},{"filename":"star-x/star-4","rotated":false,"trimmed":true,"sourceSize":{"w":11,"h":10},"spriteSourceSize":{"x":0,"y":2,"w":11,"h":6},"frame":{"x":51,"y":202,"w":11,"h":6}}]}],"meta":{"app":"https://www.codeandweb.com/texturepacker","version":"3.0","smartupdate":"$TexturePacker:SmartUpdate:a59a06b6a6875b8001c968883acf5c25:324904f81c7020bc1d87e9597a9aaf6a:0e554d0a20193f8e0b06bdb704999cfa$"}}