{"textures":[{"image":"default-resources-0.png","format":"RGBA8888","size":{"w":1218,"h":1218},"scale":0.5,"frames":[{"filename":"bg/bg-middle-2","rotated":false,"trimmed":false,"sourceSize":{"w":450,"h":425},"spriteSourceSize":{"x":0,"y":0,"w":450,"h":425},"frame":{"x":2,"y":2,"w":450,"h":425}},{"filename":"bg/bg-middle","rotated":false,"trimmed":false,"sourceSize":{"w":360,"h":425},"spriteSourceSize":{"x":0,"y":0,"w":360,"h":425},"frame":{"x":2,"y":430,"w":360,"h":425}},{"filename":"ui-ngang/bg-middle","rotated":false,"trimmed":false,"sourceSize":{"w":360,"h":284},"spriteSourceSize":{"x":0,"y":0,"w":360,"h":284},"frame":{"x":455,"y":2,"w":360,"h":284}},{"filename":"footer","rotated":false,"trimmed":false,"sourceSize":{"w":375,"h":77},"spriteSourceSize":{"x":0,"y":0,"w":375,"h":77},"frame":{"x":818,"y":2,"w":375,"h":77}},{"filename":"ui-ngang/bg-top","rotated":false,"trimmed":false,"sourceSize":{"w":360,"h":89},"spriteSourceSize":{"x":0,"y":0,"w":360,"h":89},"frame":{"x":2,"y":858,"w":360,"h":89}},{"filename":"ui-ngang/bg-bottom","rotated":false,"trimmed":false,"sourceSize":{"w":360,"h":88},"spriteSourceSize":{"x":0,"y":0,"w":360,"h":88},"frame":{"x":455,"y":289,"w":360,"h":88}},{"filename":"leaderboards/bg-top","rotated":false,"trimmed":false,"sourceSize":{"w":475,"h":84},"spriteSourceSize":{"x":0,"y":0,"w":475,"h":84},"frame":{"x":2,"y":950,"w":475,"h":84}},{"filename":"leaderboards/bg-bottom","rotated":false,"trimmed":false,"sourceSize":{"w":475,"h":34},"spriteSourceSize":{"x":0,"y":0,"w":475,"h":34},"frame":{"x":2,"y":1037,"w":475,"h":34}},{"filename":"bg/bg-bottom-2","rotated":false,"trimmed":false,"sourceSize":{"w":450,"h":56},"spriteSourceSize":{"x":0,"y":0,"w":450,"h":56},"frame":{"x":2,"y":1074,"w":450,"h":56}},{"filename":"bg/bg-top-2","rotated":false,"trimmed":false,"sourceSize":{"w":450,"h":56},"spriteSourceSize":{"x":0,"y":0,"w":450,"h":56},"frame":{"x":2,"y":1133,"w":450,"h":56}},{"filename":"leaderboards/bg-middle","rotated":false,"trimmed":false,"sourceSize":{"w":475,"h":24},"spriteSourceSize":{"x":0,"y":0,"w":475,"h":24},"frame":{"x":2,"y":1192,"w":475,"h":24}},{"filename":"bg/bg-bottom","rotated":false,"trimmed":false,"sourceSize":{"w":360,"h":56},"spriteSourceSize":{"x":0,"y":0,"w":360,"h":56},"frame":{"x":818,"y":82,"w":360,"h":56}},{"filename":"bg/bg-top","rotated":false,"trimmed":false,"sourceSize":{"w":360,"h":56},"spriteSourceSize":{"x":0,"y":0,"w":360,"h":56},"frame":{"x":818,"y":141,"w":360,"h":56}},{"filename":"daily-challenge/bg","rotated":false,"trimmed":false,"sourceSize":{"w":260,"h":143},"spriteSourceSize":{"x":0,"y":0,"w":260,"h":143},"frame":{"x":818,"y":200,"w":260,"h":143}},{"filename":"ui-ngang/khung-next-block","rotated":false,"trimmed":false,"sourceSize":{"w":100,"h":300},"spriteSourceSize":{"x":0,"y":0,"w":100,"h":300},"frame":{"x":365,"y":430,"w":100,"h":300}},{"filename":"border-bottom-panel","rotated":false,"trimmed":false,"sourceSize":{"w":375,"h":18},"spriteSourceSize":{"x":0,"y":0,"w":375,"h":18},"frame":{"x":455,"y":380,"w":375,"h":18}},{"filename":"leaf","rotated":false,"trimmed":false,"sourceSize":{"w":282,"h":66},"spriteSourceSize":{"x":0,"y":0,"w":282,"h":66},"frame":{"x":468,"y":401,"w":282,"h":66}},{"filename":"score-panel","rotated":false,"trimmed":false,"sourceSize":{"w":263,"h":76},"spriteSourceSize":{"x":0,"y":0,"w":263,"h":76},"frame":{"x":468,"y":470,"w":263,"h":76}},{"filename":"popup/middle","rotated":false,"trimmed":false,"sourceSize":{"w":216,"h":114},"spriteSourceSize":{"x":0,"y":0,"w":216,"h":114},"frame":{"x":468,"y":549,"w":216,"h":114}},{"filename":"border-daily","rotated":false,"trimmed":false,"sourceSize":{"w":259,"h":26},"spriteSourceSize":{"x":0,"y":0,"w":259,"h":26},"frame":{"x":818,"y":346,"w":259,"h":26}},{"filename":"buttons/green-large","rotated":false,"trimmed":false,"sourceSize":{"w":242,"h":71},"spriteSourceSize":{"x":0,"y":0,"w":242,"h":71},"frame":{"x":468,"y":666,"w":242,"h":71}},{"filename":"daily-challenge/bg-item-dark","rotated":false,"trimmed":false,"sourceSize":{"w":254,"h":41},"spriteSourceSize":{"x":0,"y":0,"w":254,"h":41},"frame":{"x":833,"y":375,"w":254,"h":41}},{"filename":"bg/bg-dark","rotated":false,"trimmed":false,"sourceSize":{"w":122,"h":152},"spriteSourceSize":{"x":0,"y":0,"w":122,"h":152},"frame":{"x":1081,"y":200,"w":122,"h":152}},{"filename":"buttons/brown","rotated":false,"trimmed":false,"sourceSize":{"w":242,"h":54},"spriteSourceSize":{"x":0,"y":0,"w":242,"h":54},"frame":{"x":480,"y":740,"w":242,"h":54}},{"filename":"daily-challenge/bg-item-light","rotated":false,"trimmed":false,"sourceSize":{"w":254,"h":41},"spriteSourceSize":{"x":0,"y":0,"w":254,"h":41},"frame":{"x":480,"y":797,"w":254,"h":41}},{"filename":"texts/out-of-live","rotated":false,"trimmed":false,"sourceSize":{"w":272,"h":21},"spriteSourceSize":{"x":0,"y":0,"w":272,"h":21},"frame":{"x":480,"y":841,"w":272,"h":21}},{"filename":"daily-challenge/bottom-panel","rotated":false,"trimmed":false,"sourceSize":{"w":261,"h":15},"spriteSourceSize":{"x":0,"y":0,"w":261,"h":15},"frame":{"x":480,"y":865,"w":261,"h":15}},{"filename":"daily-challenge/top-panel","rotated":false,"trimmed":false,"sourceSize":{"w":261,"h":15},"spriteSourceSize":{"x":0,"y":0,"w":261,"h":15},"frame":{"x":480,"y":883,"w":261,"h":15}},{"filename":"lives/heart","rotated":false,"trimmed":false,"sourceSize":{"w":170,"h":140},"spriteSourceSize":{"x":0,"y":0,"w":170,"h":140},"frame":{"x":480,"y":901,"w":170,"h":140}},{"filename":"bg-progress-circle","rotated":false,"trimmed":false,"sourceSize":{"w":116,"h":116},"spriteSourceSize":{"x":0,"y":0,"w":116,"h":116},"frame":{"x":653,"y":901,"w":116,"h":116}},{"filename":"texts/waiting-for-opponent","rotated":false,"trimmed":false,"sourceSize":{"w":260,"h":20},"spriteSourceSize":{"x":0,"y":0,"w":260,"h":20},"frame":{"x":753,"y":419,"w":260,"h":20}},{"filename":"texts/keep-playing","rotated":false,"trimmed":false,"sourceSize":{"w":254,"h":21},"spriteSourceSize":{"x":0,"y":0,"w":254,"h":21},"frame":{"x":753,"y":442,"w":254,"h":21}},{"filename":"texts/second-chance","rotated":false,"trimmed":false,"sourceSize":{"w":257,"h":16},"spriteSourceSize":{"x":0,"y":0,"w":257,"h":16},"frame":{"x":753,"y":466,"w":257,"h":16}},{"filename":"daily-challenge/middle-panel","rotated":false,"trimmed":false,"sourceSize":{"w":261,"h":13},"spriteSourceSize":{"x":0,"y":0,"w":261,"h":13},"frame":{"x":734,"y":485,"w":261,"h":13}},{"filename":"popup/top-dark","rotated":false,"trimmed":false,"sourceSize":{"w":216,"h":45},"spriteSourceSize":{"x":0,"y":0,"w":216,"h":45},"frame":{"x":734,"y":501,"w":216,"h":45}},{"filename":"popup/background","rotated":false,"trimmed":false,"sourceSize":{"w":198,"h":111},"spriteSourceSize":{"x":0,"y":0,"w":198,"h":111},"frame":{"x":687,"y":549,"w":198,"h":111}},{"filename":"buttons/dark-blue","rotated":false,"trimmed":false,"sourceSize":{"w":183,"h":54},"spriteSourceSize":{"x":0,"y":0,"w":183,"h":54},"frame":{"x":713,"y":663,"w":183,"h":54}},{"filename":"texts/invite-friends","rotated":false,"trimmed":false,"sourceSize":{"w":198,"h":17},"spriteSourceSize":{"x":0,"y":0,"w":198,"h":17},"frame":{"x":713,"y":720,"w":198,"h":17}},{"filename":"lives/time-block-2","rotated":false,"trimmed":false,"sourceSize":{"w":182,"h":54},"spriteSourceSize":{"x":0,"y":0,"w":182,"h":54},"frame":{"x":725,"y":740,"w":182,"h":54}},{"filename":"texts/your-score","rotated":false,"trimmed":false,"sourceSize":{"w":231,"h":30},"spriteSourceSize":{"x":0,"y":0,"w":231,"h":30},"frame":{"x":737,"y":797,"w":231,"h":30}},{"filename":"popup/top","rotated":false,"trimmed":false,"sourceSize":{"w":216,"h":45},"spriteSourceSize":{"x":0,"y":0,"w":216,"h":45},"frame":{"x":755,"y":830,"w":216,"h":45}},{"filename":"best-score-frame-long","rotated":false,"trimmed":false,"sourceSize":{"w":193,"h":77},"spriteSourceSize":{"x":0,"y":0,"w":193,"h":77},"frame":{"x":772,"y":878,"w":193,"h":77}},{"filename":"buttons/green","rotated":false,"trimmed":false,"sourceSize":{"w":172,"h":51},"spriteSourceSize":{"x":0,"y":0,"w":172,"h":51},"frame":{"x":772,"y":958,"w":172,"h":51}},{"filename":"lives/time-block","rotated":false,"trimmed":false,"sourceSize":{"w":173,"h":44},"spriteSourceSize":{"x":0,"y":0,"w":173,"h":44},"frame":{"x":480,"y":1044,"w":173,"h":44}},{"filename":"texts/leader-board","rotated":false,"trimmed":false,"sourceSize":{"w":202,"h":30},"spriteSourceSize":{"x":0,"y":0,"w":202,"h":30},"frame":{"x":455,"y":1091,"w":202,"h":30}},{"filename":"texts/daily-challenge","rotated":false,"trimmed":false,"sourceSize":{"w":223,"h":28},"spriteSourceSize":{"x":0,"y":0,"w":223,"h":28},"frame":{"x":455,"y":1124,"w":223,"h":28}},{"filename":"texts/next-milestone","rotated":false,"trimmed":false,"sourceSize":{"w":209,"h":25},"spriteSourceSize":{"x":0,"y":0,"w":209,"h":25},"frame":{"x":455,"y":1155,"w":209,"h":25}},{"filename":"texts/first-milestone","rotated":false,"trimmed":false,"sourceSize":{"w":212,"h":21},"spriteSourceSize":{"x":0,"y":0,"w":212,"h":21},"frame":{"x":480,"y":1183,"w":212,"h":21}},{"filename":"texts/play-single","rotated":false,"trimmed":false,"sourceSize":{"w":181,"h":18},"spriteSourceSize":{"x":0,"y":0,"w":181,"h":18},"frame":{"x":772,"y":1012,"w":181,"h":18}},{"filename":"avatar/border-big","rotated":false,"trimmed":false,"sourceSize":{"w":88,"h":88},"spriteSourceSize":{"x":0,"y":0,"w":88,"h":88},"frame":{"x":365,"y":733,"w":88,"h":88}},{"filename":"texts/play-with","rotated":false,"trimmed":false,"sourceSize":{"w":125,"h":17},"spriteSourceSize":{"x":0,"y":0,"w":125,"h":17},"frame":{"x":1080,"y":355,"w":125,"h":17}},{"filename":"buttons/dark-blue-big","rotated":false,"trimmed":false,"sourceSize":{"w":120,"h":55},"spriteSourceSize":{"x":0,"y":0,"w":120,"h":55},"frame":{"x":1090,"y":375,"w":120,"h":55}},{"filename":"bottom-panel","rotated":false,"trimmed":false,"sourceSize":{"w":141,"h":86},"spriteSourceSize":{"x":0,"y":0,"w":141,"h":86},"frame":{"x":888,"y":549,"w":141,"h":86}},{"filename":"texts/text-next-level","rotated":false,"trimmed":false,"sourceSize":{"w":164,"h":21},"spriteSourceSize":{"x":0,"y":0,"w":164,"h":21},"frame":{"x":888,"y":638,"w":164,"h":21}},{"filename":"popup/score-panel","rotated":false,"trimmed":false,"sourceSize":{"w":150,"h":46},"spriteSourceSize":{"x":0,"y":0,"w":150,"h":46},"frame":{"x":899,"y":662,"w":150,"h":46}},{"filename":"daily-challenge/title-panel","rotated":false,"trimmed":false,"sourceSize":{"w":141,"h":35},"spriteSourceSize":{"x":0,"y":0,"w":141,"h":35},"frame":{"x":914,"y":711,"w":141,"h":35}},{"filename":"leaderboards/bg-item","rotated":false,"trimmed":false,"sourceSize":{"w":159,"h":31},"spriteSourceSize":{"x":0,"y":0,"w":159,"h":31},"frame":{"x":910,"y":749,"w":159,"h":31}},{"filename":"preloader/dual-ring","rotated":false,"trimmed":true,"sourceSize":{"w":100,"h":100},"spriteSourceSize":{"x":13,"y":13,"w":74,"h":74},"frame":{"x":365,"y":824,"w":74,"h":74}},{"filename":"texts/level-failed","rotated":false,"trimmed":false,"sourceSize":{"w":144,"h":18},"spriteSourceSize":{"x":0,"y":0,"w":144,"h":18},"frame":{"x":1072,"y":433,"w":144,"h":18}},{"filename":"texts/setting","rotated":false,"trimmed":false,"sourceSize":{"w":143,"h":30},"spriteSourceSize":{"x":0,"y":0,"w":143,"h":30},"frame":{"x":1072,"y":454,"w":143,"h":30}},{"filename":"popup/bottom","rotated":false,"trimmed":false,"sourceSize":{"w":216,"h":14},"spriteSourceSize":{"x":0,"y":0,"w":216,"h":14},"frame":{"x":998,"y":487,"w":216,"h":14}},{"filename":"texts/result","rotated":false,"trimmed":false,"sourceSize":{"w":165,"h":23},"spriteSourceSize":{"x":0,"y":0,"w":165,"h":23},"frame":{"x":1032,"y":504,"w":165,"h":23}},{"filename":"wood-panel","rotated":false,"trimmed":false,"sourceSize":{"w":151,"h":28},"spriteSourceSize":{"x":0,"y":0,"w":151,"h":28},"frame":{"x":1032,"y":530,"w":151,"h":28}},{"filename":"texts/win","rotated":false,"trimmed":false,"sourceSize":{"w":152,"h":23},"spriteSourceSize":{"x":0,"y":0,"w":152,"h":23},"frame":{"x":1032,"y":561,"w":152,"h":23}},{"filename":"texts/lose","rotated":false,"trimmed":false,"sourceSize":{"w":148,"h":23},"spriteSourceSize":{"x":0,"y":0,"w":148,"h":23},"frame":{"x":1032,"y":587,"w":148,"h":23}},{"filename":"texts/draw","rotated":false,"trimmed":false,"sourceSize":{"w":109,"h":22},"spriteSourceSize":{"x":0,"y":0,"w":109,"h":22},"frame":{"x":1032,"y":613,"w":109,"h":22}},{"filename":"texts/start-over","rotated":false,"trimmed":false,"sourceSize":{"w":114,"h":19},"spriteSourceSize":{"x":0,"y":0,"w":114,"h":19},"frame":{"x":653,"y":1020,"w":114,"h":19}},{"filename":"texts/refill-lives","rotated":false,"trimmed":false,"sourceSize":{"w":121,"h":36},"spriteSourceSize":{"x":0,"y":0,"w":121,"h":36},"frame":{"x":656,"y":1042,"w":121,"h":36}},{"filename":"bg-combo","rotated":false,"trimmed":true,"sourceSize":{"w":106,"h":44},"spriteSourceSize":{"x":0,"y":4,"w":106,"h":40},"frame":{"x":660,"y":1081,"w":106,"h":40}},{"filename":"buttons/dark-blue-small","rotated":false,"trimmed":false,"sourceSize":{"w":119,"h":54},"spriteSourceSize":{"x":0,"y":0,"w":119,"h":54},"frame":{"x":780,"y":1033,"w":119,"h":54}},{"filename":"texts/congratulations","rotated":false,"trimmed":false,"sourceSize":{"w":137,"h":26},"spriteSourceSize":{"x":0,"y":0,"w":137,"h":26},"frame":{"x":769,"y":1090,"w":137,"h":26}},{"filename":"texts/target-score","rotated":false,"trimmed":false,"sourceSize":{"w":133,"h":18},"spriteSourceSize":{"x":0,"y":0,"w":133,"h":18},"frame":{"x":769,"y":1119,"w":133,"h":18}},{"filename":"texts/play-with-blue","rotated":false,"trimmed":false,"sourceSize":{"w":58,"h":9},"spriteSourceSize":{"x":0,"y":0,"w":58,"h":9},"frame":{"x":480,"y":1207,"w":58,"h":9}},{"filename":"daily-challenge/time-panel","rotated":false,"trimmed":false,"sourceSize":{"w":85,"h":24},"spriteSourceSize":{"x":0,"y":0,"w":85,"h":24},"frame":{"x":681,"y":1124,"w":85,"h":24}},{"filename":"texts/text-ranking","rotated":false,"trimmed":false,"sourceSize":{"w":130,"h":16},"spriteSourceSize":{"x":0,"y":0,"w":130,"h":16},"frame":{"x":769,"y":1140,"w":130,"h":16}},{"filename":"bg-streak","rotated":false,"trimmed":true,"sourceSize":{"w":106,"h":44},"spriteSourceSize":{"x":0,"y":4,"w":106,"h":40},"frame":{"x":971,"y":783,"w":106,"h":40}},{"filename":"buttons/green-big","rotated":false,"trimmed":false,"sourceSize":{"w":118,"h":54},"spriteSourceSize":{"x":0,"y":0,"w":118,"h":54},"frame":{"x":974,"y":826,"w":118,"h":54}},{"filename":"texts/text-tutorial","rotated":false,"trimmed":false,"sourceSize":{"w":121,"h":21},"spriteSourceSize":{"x":0,"y":0,"w":121,"h":21},"frame":{"x":968,"y":883,"w":121,"h":21}},{"filename":"leaderboards/bg-item-0","rotated":false,"trimmed":false,"sourceSize":{"w":116,"h":23},"spriteSourceSize":{"x":0,"y":0,"w":116,"h":23},"frame":{"x":968,"y":907,"w":116,"h":23}},{"filename":"leaderboards/bg-item-1","rotated":false,"trimmed":false,"sourceSize":{"w":116,"h":23},"spriteSourceSize":{"x":0,"y":0,"w":116,"h":23},"frame":{"x":968,"y":933,"w":116,"h":23}},{"filename":"ui-ngang/khung-score","rotated":false,"trimmed":false,"sourceSize":{"w":87,"h":50},"spriteSourceSize":{"x":0,"y":0,"w":87,"h":50},"frame":{"x":947,"y":959,"w":87,"h":50}},{"filename":"avatar/background","rotated":false,"trimmed":false,"sourceSize":{"w":53,"h":54},"spriteSourceSize":{"x":0,"y":0,"w":53,"h":54},"frame":{"x":1016,"y":419,"w":53,"h":54}},{"filename":"buttons/toggle-off","rotated":false,"trimmed":false,"sourceSize":{"w":89,"h":31},"spriteSourceSize":{"x":0,"y":0,"w":89,"h":31},"frame":{"x":1055,"y":638,"w":89,"h":31}},{"filename":"avatar/border","rotated":false,"trimmed":true,"sourceSize":{"w":69,"h":72},"spriteSourceSize":{"x":0,"y":1,"w":69,"h":71},"frame":{"x":1147,"y":613,"w":69,"h":71}},{"filename":"buttons/toggle-on","rotated":false,"trimmed":false,"sourceSize":{"w":89,"h":31},"spriteSourceSize":{"x":0,"y":0,"w":89,"h":31},"frame":{"x":1052,"y":672,"w":89,"h":31}},{"filename":"texts/mission","rotated":false,"trimmed":false,"sourceSize":{"w":107,"h":28},"spriteSourceSize":{"x":0,"y":0,"w":107,"h":28},"frame":{"x":1058,"y":706,"w":107,"h":28}},{"filename":"ui-ngang/khung-mission","rotated":false,"trimmed":false,"sourceSize":{"w":48,"h":232},"spriteSourceSize":{"x":0,"y":0,"w":48,"h":232},"frame":{"x":1168,"y":687,"w":48,"h":232}},{"filename":"buttons/minor","rotated":false,"trimmed":false,"sourceSize":{"w":62,"h":53},"spriteSourceSize":{"x":0,"y":0,"w":62,"h":53},"frame":{"x":902,"y":1033,"w":62,"h":53}},{"filename":"ui-ngang/khung-best-score","rotated":false,"trimmed":false,"sourceSize":{"w":56,"h":85},"spriteSourceSize":{"x":0,"y":0,"w":56,"h":85},"frame":{"x":967,"y":1012,"w":56,"h":85}},{"filename":"texts/text-journey","rotated":false,"trimmed":false,"sourceSize":{"w":85,"h":18},"spriteSourceSize":{"x":0,"y":0,"w":85,"h":18},"frame":{"x":1080,"y":737,"w":85,"h":18}},{"filename":"icon-journey","rotated":false,"trimmed":false,"sourceSize":{"w":75,"h":61},"spriteSourceSize":{"x":0,"y":0,"w":75,"h":61},"frame":{"x":1080,"y":758,"w":75,"h":61}},{"filename":"avatar/border-challenge","rotated":false,"trimmed":false,"sourceSize":{"w":60,"h":59},"spriteSourceSize":{"x":0,"y":0,"w":60,"h":59},"frame":{"x":1095,"y":822,"w":60,"h":59}},{"filename":"bg/level-locked","rotated":false,"trimmed":false,"sourceSize":{"w":51,"h":42},"spriteSourceSize":{"x":0,"y":0,"w":51,"h":42},"frame":{"x":953,"y":504,"w":51,"h":42}},{"filename":"score-panel-dark","rotated":false,"trimmed":false,"sourceSize":{"w":94,"h":26},"spriteSourceSize":{"x":0,"y":0,"w":94,"h":26},"frame":{"x":365,"y":901,"w":94,"h":26}},{"filename":"texts/continue","rotated":false,"trimmed":false,"sourceSize":{"w":106,"h":15},"spriteSourceSize":{"x":0,"y":0,"w":106,"h":15},"frame":{"x":365,"y":930,"w":106,"h":15}},{"filename":"texts/play","rotated":false,"trimmed":false,"sourceSize":{"w":73,"h":18},"spriteSourceSize":{"x":0,"y":0,"w":73,"h":18},"frame":{"x":1092,"y":884,"w":73,"h":18}},{"filename":"best-score-frame","rotated":false,"trimmed":false,"sourceSize":{"w":56,"h":76},"spriteSourceSize":{"x":0,"y":0,"w":56,"h":76},"frame":{"x":1037,"y":959,"w":56,"h":76}},{"filename":"bg/level-playing","rotated":false,"trimmed":false,"sourceSize":{"w":57,"h":47},"spriteSourceSize":{"x":0,"y":0,"w":57,"h":47},"frame":{"x":1026,"y":1038,"w":57,"h":47}},{"filename":"texts/replay","rotated":false,"trimmed":false,"sourceSize":{"w":82,"h":16},"spriteSourceSize":{"x":0,"y":0,"w":82,"h":16},"frame":{"x":681,"y":1151,"w":82,"h":16}},{"filename":"texts/no-thank","rotated":false,"trimmed":false,"sourceSize":{"w":118,"h":16},"spriteSourceSize":{"x":0,"y":0,"w":118,"h":16},"frame":{"x":766,"y":1159,"w":118,"h":16}},{"filename":"buttons/skip","rotated":false,"trimmed":false,"sourceSize":{"w":60,"h":36},"spriteSourceSize":{"x":0,"y":0,"w":60,"h":36},"frame":{"x":695,"y":1170,"w":60,"h":36}},{"filename":"ui-ngang/text-next-block","rotated":false,"trimmed":false,"sourceSize":{"w":117,"h":15},"spriteSourceSize":{"x":0,"y":0,"w":117,"h":15},"frame":{"x":758,"y":1178,"w":117,"h":15}},{"filename":"texts/start","rotated":false,"trimmed":false,"sourceSize":{"w":91,"h":20},"spriteSourceSize":{"x":0,"y":0,"w":91,"h":20},"frame":{"x":758,"y":1196,"w":91,"h":20}},{"filename":"buttons/challenge_light","rotated":false,"trimmed":false,"sourceSize":{"w":54,"h":40},"spriteSourceSize":{"x":0,"y":0,"w":54,"h":40},"frame":{"x":909,"y":1089,"w":54,"h":40}},{"filename":"buttons/play","rotated":false,"trimmed":false,"sourceSize":{"w":56,"h":43},"spriteSourceSize":{"x":0,"y":0,"w":56,"h":43},"frame":{"x":966,"y":1100,"w":56,"h":43}},{"filename":"texts/friends-disable","rotated":false,"trimmed":false,"sourceSize":{"w":64,"h":14},"spriteSourceSize":{"x":0,"y":0,"w":64,"h":14},"frame":{"x":753,"y":401,"w":64,"h":14}},{"filename":"icons/replay","rotated":false,"trimmed":false,"sourceSize":{"w":20,"h":24},"spriteSourceSize":{"x":0,"y":0,"w":20,"h":24},"frame":{"x":1196,"y":2,"w":20,"h":24}},{"filename":"icons/battle","rotated":false,"trimmed":false,"sourceSize":{"w":22,"h":21},"spriteSourceSize":{"x":0,"y":0,"w":22,"h":21},"frame":{"x":1007,"y":504,"w":22,"h":21}},{"filename":"icons/check","rotated":false,"trimmed":false,"sourceSize":{"w":22,"h":18},"spriteSourceSize":{"x":0,"y":0,"w":22,"h":18},"frame":{"x":1007,"y":528,"w":22,"h":18}},{"filename":"leaderboards/tab-off","rotated":false,"trimmed":false,"sourceSize":{"w":57,"h":18},"spriteSourceSize":{"x":0,"y":0,"w":57,"h":18},"frame":{"x":1026,"y":1088,"w":57,"h":18}},{"filename":"buttons/random","rotated":false,"trimmed":false,"sourceSize":{"w":56,"h":43},"spriteSourceSize":{"x":0,"y":0,"w":56,"h":43},"frame":{"x":1025,"y":1109,"w":56,"h":43}},{"filename":"icons/white-journey","rotated":false,"trimmed":false,"sourceSize":{"w":21,"h":20},"spriteSourceSize":{"x":0,"y":0,"w":21,"h":20},"frame":{"x":852,"y":1196,"w":21,"h":20}},{"filename":"texts/friends","rotated":false,"trimmed":false,"sourceSize":{"w":64,"h":14},"spriteSourceSize":{"x":0,"y":0,"w":64,"h":14},"frame":{"x":1092,"y":905,"w":64,"h":14}},{"filename":"texts/collect","rotated":false,"trimmed":false,"sourceSize":{"w":103,"h":15},"spriteSourceSize":{"x":0,"y":0,"w":103,"h":15},"frame":{"x":1087,"y":922,"w":103,"h":15}},{"filename":"texts/text-share","rotated":false,"trimmed":false,"sourceSize":{"w":91,"h":14},"spriteSourceSize":{"x":0,"y":0,"w":91,"h":14},"frame":{"x":1087,"y":940,"w":91,"h":14}},{"filename":"ui-ngang/text-score","rotated":false,"trimmed":false,"sourceSize":{"w":89,"h":19},"spriteSourceSize":{"x":0,"y":0,"w":89,"h":19},"frame":{"x":1096,"y":957,"w":89,"h":19}},{"filename":"blank","rotated":false,"trimmed":false,"sourceSize":{"w":50,"h":50},"spriteSourceSize":{"x":0,"y":0,"w":50,"h":50},"frame":{"x":1096,"y":979,"w":50,"h":50}},{"filename":"bg/level-played","rotated":false,"trimmed":false,"sourceSize":{"w":50,"h":41},"spriteSourceSize":{"x":0,"y":0,"w":50,"h":41},"frame":{"x":1149,"y":979,"w":50,"h":41}},{"filename":"icons/brown-journey","rotated":false,"trimmed":false,"sourceSize":{"w":23,"h":21},"spriteSourceSize":{"x":0,"y":0,"w":23,"h":21},"frame":{"x":1193,"y":922,"w":23,"h":21}},{"filename":"buttons/circle-button","rotated":false,"trimmed":false,"sourceSize":{"w":28,"h":28},"spriteSourceSize":{"x":0,"y":0,"w":28,"h":28},"frame":{"x":1188,"y":946,"w":28,"h":28}},{"filename":"icons/share-blue","rotated":false,"trimmed":false,"sourceSize":{"w":16,"h":22},"spriteSourceSize":{"x":0,"y":0,"w":16,"h":22},"frame":{"x":1200,"y":504,"w":16,"h":22}},{"filename":"leaderboards/tab-on","rotated":false,"trimmed":false,"sourceSize":{"w":57,"h":18},"spriteSourceSize":{"x":0,"y":0,"w":57,"h":18},"frame":{"x":905,"y":1132,"w":57,"h":18}},{"filename":"texts/text-retry","rotated":false,"trimmed":false,"sourceSize":{"w":78,"h":15},"spriteSourceSize":{"x":0,"y":0,"w":78,"h":15},"frame":{"x":902,"y":1153,"w":78,"h":15}},{"filename":"icons/plus","rotated":false,"trimmed":false,"sourceSize":{"w":21,"h":22},"spriteSourceSize":{"x":0,"y":0,"w":21,"h":22},"frame":{"x":456,"y":740,"w":21,"h":22}},{"filename":"icons/setting","rotated":false,"trimmed":false,"sourceSize":{"w":21,"h":21},"spriteSourceSize":{"x":0,"y":0,"w":21,"h":21},"frame":{"x":456,"y":765,"w":21,"h":21}},{"filename":"buttons/share","rotated":false,"trimmed":false,"sourceSize":{"w":54,"h":40},"spriteSourceSize":{"x":0,"y":0,"w":54,"h":40},"frame":{"x":1149,"y":1023,"w":54,"h":40}},{"filename":"icons/back","rotated":false,"trimmed":false,"sourceSize":{"w":25,"h":19},"spriteSourceSize":{"x":0,"y":0,"w":25,"h":19},"frame":{"x":744,"y":878,"w":25,"h":19}},{"filename":"icons/sword-blue","rotated":false,"trimmed":false,"sourceSize":{"w":18,"h":16},"spriteSourceSize":{"x":0,"y":0,"w":18,"h":16},"frame":{"x":1144,"y":687,"w":18,"h":16}},{"filename":"icons/crown-big","rotated":false,"trimmed":false,"sourceSize":{"w":37,"h":35},"spriteSourceSize":{"x":0,"y":0,"w":37,"h":35},"frame":{"x":983,"y":1146,"w":37,"h":35}},{"filename":"text-target-panel","rotated":false,"trimmed":false,"sourceSize":{"w":49,"h":23},"spriteSourceSize":{"x":0,"y":0,"w":49,"h":23},"frame":{"x":1023,"y":1155,"w":49,"h":23}},{"filename":"icons/dot","rotated":false,"trimmed":false,"sourceSize":{"w":34,"h":35},"spriteSourceSize":{"x":0,"y":0,"w":34,"h":35},"frame":{"x":1023,"y":1181,"w":34,"h":35}},{"filename":"icons/crown","rotated":false,"trimmed":false,"sourceSize":{"w":16,"h":14},"spriteSourceSize":{"x":0,"y":0,"w":16,"h":14},"frame":{"x":455,"y":1074,"w":16,"h":14}},{"filename":"icons/vibrate","rotated":false,"trimmed":false,"sourceSize":{"w":31,"h":37},"spriteSourceSize":{"x":0,"y":0,"w":31,"h":37},"frame":{"x":1181,"y":82,"w":31,"h":37}},{"filename":"icons/icon-daily","rotated":false,"trimmed":false,"sourceSize":{"w":34,"h":34},"spriteSourceSize":{"x":0,"y":0,"w":34,"h":34},"frame":{"x":1181,"y":122,"w":34,"h":34}},{"filename":"icons/music","rotated":false,"trimmed":false,"sourceSize":{"w":28,"h":31},"spriteSourceSize":{"x":0,"y":0,"w":28,"h":31},"frame":{"x":1181,"y":159,"w":28,"h":31}},{"filename":"texts/no","rotated":false,"trimmed":false,"sourceSize":{"w":45,"h":22},"spriteSourceSize":{"x":0,"y":0,"w":45,"h":22},"frame":{"x":1096,"y":1032,"w":45,"h":22}},{"filename":"buttons/close","rotated":false,"trimmed":false,"sourceSize":{"w":36,"h":36},"spriteSourceSize":{"x":0,"y":0,"w":36,"h":36},"frame":{"x":1086,"y":1057,"w":36,"h":36}},{"filename":"texts/world-disable","rotated":false,"trimmed":false,"sourceSize":{"w":59,"h":14},"spriteSourceSize":{"x":0,"y":0,"w":59,"h":14},"frame":{"x":1125,"y":1066,"w":59,"h":14}},{"filename":"texts/world","rotated":false,"trimmed":false,"sourceSize":{"w":59,"h":14},"spriteSourceSize":{"x":0,"y":0,"w":59,"h":14},"frame":{"x":1125,"y":1083,"w":59,"h":14}},{"filename":"ui-ngang/text-mission","rotated":false,"trimmed":false,"sourceSize":{"w":56,"h":16},"spriteSourceSize":{"x":0,"y":0,"w":56,"h":16},"frame":{"x":887,"y":1171,"w":56,"h":16}},{"filename":"texts/off","rotated":false,"trimmed":false,"sourceSize":{"w":56,"h":13},"spriteSourceSize":{"x":0,"y":0,"w":56,"h":13},"frame":{"x":878,"y":1190,"w":56,"h":13}},{"filename":"icons/sound","rotated":false,"trimmed":false,"sourceSize":{"w":31,"h":27},"spriteSourceSize":{"x":0,"y":0,"w":31,"h":27},"frame":{"x":946,"y":1171,"w":31,"h":27}},{"filename":"icons/icon-journey","rotated":false,"trimmed":false,"sourceSize":{"w":37,"h":31},"spriteSourceSize":{"x":0,"y":0,"w":37,"h":31},"frame":{"x":980,"y":1184,"w":37,"h":31}},{"filename":"buttons/dot-blue","rotated":false,"trimmed":false,"sourceSize":{"w":28,"h":27},"spriteSourceSize":{"x":0,"y":0,"w":28,"h":27},"frame":{"x":1187,"y":1066,"w":28,"h":27}},{"filename":"icons/share","rotated":false,"trimmed":false,"sourceSize":{"w":18,"h":24},"spriteSourceSize":{"x":0,"y":0,"w":18,"h":24},"frame":{"x":456,"y":789,"w":18,"h":24}},{"filename":"buttons/dot-green","rotated":false,"trimmed":false,"sourceSize":{"w":28,"h":27},"spriteSourceSize":{"x":0,"y":0,"w":28,"h":27},"frame":{"x":1060,"y":1181,"w":28,"h":27}},{"filename":"icons/retry","rotated":false,"trimmed":false,"sourceSize":{"w":25,"h":27},"spriteSourceSize":{"x":0,"y":0,"w":25,"h":27},"frame":{"x":1186,"y":530,"w":25,"h":27}},{"filename":"icons/rank","rotated":false,"trimmed":false,"sourceSize":{"w":26,"h":25},"spriteSourceSize":{"x":0,"y":0,"w":26,"h":25},"frame":{"x":1187,"y":560,"w":26,"h":25}},{"filename":"icons/home","rotated":false,"trimmed":false,"sourceSize":{"w":24,"h":22},"spriteSourceSize":{"x":0,"y":0,"w":24,"h":22},"frame":{"x":1183,"y":588,"w":24,"h":22}},{"filename":"icons/i-play","rotated":false,"trimmed":false,"sourceSize":{"w":16,"h":20},"spriteSourceSize":{"x":0,"y":0,"w":16,"h":20},"frame":{"x":1196,"y":29,"w":16,"h":20}},{"filename":"icons/play-green","rotated":false,"trimmed":false,"sourceSize":{"w":24,"h":24},"spriteSourceSize":{"x":0,"y":0,"w":24,"h":24},"frame":{"x":442,"y":824,"w":24,"h":24}},{"filename":"icons/play","rotated":false,"trimmed":false,"sourceSize":{"w":24,"h":24},"spriteSourceSize":{"x":0,"y":0,"w":24,"h":24},"frame":{"x":442,"y":851,"w":24,"h":24}},{"filename":"icons/sword","rotated":false,"trimmed":false,"sourceSize":{"w":23,"h":19},"spriteSourceSize":{"x":0,"y":0,"w":23,"h":19},"frame":{"x":442,"y":878,"w":23,"h":19}},{"filename":"icons/clock","rotated":false,"trimmed":false,"sourceSize":{"w":17,"h":18},"spriteSourceSize":{"x":0,"y":0,"w":17,"h":18},"frame":{"x":1196,"y":52,"w":17,"h":18}},{"filename":"icons/flat-ad","rotated":false,"trimmed":false,"sourceSize":{"w":24,"h":21},"spriteSourceSize":{"x":0,"y":0,"w":24,"h":21},"frame":{"x":1086,"y":1096,"w":24,"h":21}},{"filename":"texts/yes","rotated":false,"trimmed":false,"sourceSize":{"w":37,"h":18},"spriteSourceSize":{"x":0,"y":0,"w":37,"h":18},"frame":{"x":1084,"y":1120,"w":37,"h":18}},{"filename":"texts/on","rotated":false,"trimmed":false,"sourceSize":{"w":37,"h":13},"spriteSourceSize":{"x":0,"y":0,"w":37,"h":13},"frame":{"x":1084,"y":1141,"w":37,"h":13}},{"filename":"icons/cup-bronze","rotated":false,"trimmed":false,"sourceSize":{"w":22,"h":18},"spriteSourceSize":{"x":0,"y":0,"w":22,"h":18},"frame":{"x":1075,"y":1157,"w":22,"h":18}},{"filename":"icons/cup-gold","rotated":false,"trimmed":false,"sourceSize":{"w":22,"h":18},"spriteSourceSize":{"x":0,"y":0,"w":22,"h":18},"frame":{"x":1100,"y":1157,"w":22,"h":18}},{"filename":"icons/cup-silver","rotated":false,"trimmed":false,"sourceSize":{"w":22,"h":18},"spriteSourceSize":{"x":0,"y":0,"w":22,"h":18},"frame":{"x":1091,"y":1178,"w":22,"h":18}},{"filename":"texts/vs","rotated":false,"trimmed":false,"sourceSize":{"w":24,"h":14},"spriteSourceSize":{"x":0,"y":0,"w":24,"h":14},"frame":{"x":1091,"y":1199,"w":24,"h":14}}]}],"meta":{"app":"https://www.codeandweb.com/texturepacker","version":"3.0","smartupdate":"$TexturePacker:SmartUpdate:d2452ac8242a691344cc567a7533580a:75a6fee32b458aead25f602162598d92:3e7944c06d121c41a747bba57afe2e59$"}}