<?xml version="1.0" encoding="UTF-8"?><font><info face="SFProText-Bold" size="42" bold="0" italic="0" charset="" unicode="1" stretchH="100" smooth="1" aa="1" padding="1,1,1,1" spacing="1,1"/><common lineHeight="42" base="40" scaleW="582" scaleH="582" pages="1" packed="0"/><pages><page id="0" file="sf-pro-bold.png"/></pages><chars count="266"><char id="32" x="0" y="0" width="0" height="0" xoffset="0" yoffset="0" xadvance="11" page="0" chnl="15"/><!--   --><char id="33" x="27" y="549" width="9" height="33" xoffset="3" yoffset="9" xadvance="15" page="0" chnl="15"/><!-- ! --><char id="34" x="564" y="113" width="17" height="15" xoffset="2" yoffset="9" xadvance="21" page="0" chnl="15"/><!-- " --><char id="35" x="505" y="226" width="30" height="32" xoffset="-1" yoffset="9" xadvance="28" page="0" chnl="15"/><!-- # --><char id="36" x="537" y="101" width="25" height="38" xoffset="2" yoffset="6" xadvance="30" page="0" chnl="15"/><!-- $ --><char id="37" x="433" y="527" width="35" height="33" xoffset="0" yoffset="9" xadvance="35" page="0" chnl="15"/><!-- % --><char id="38" x="505" y="70" width="31" height="33" xoffset="1" yoffset="9" xadvance="32" page="0" chnl="15"/><!-- & --><char id="39" x="564" y="483" width="8" height="15" xoffset="2" yoffset="9" xadvance="12" page="0" chnl="15"/><!-- ' --><char id="40" x="564" y="129" width="14" height="39" xoffset="3" yoffset="8" xadvance="19" page="0" chnl="15"/><!-- ( --><char id="41" x="564" y="169" width="14" height="39" xoffset="1" yoffset="8" xadvance="19" page="0" chnl="15"/><!-- ) --><char id="42" x="470" y="563" width="19" height="18" xoffset="1" yoffset="9" xadvance="22" page="0" chnl="15"/><!-- * --><char id="43" x="537" y="269" width="25" height="24" xoffset="2" yoffset="16" xadvance="30" page="0" chnl="15"/><!-- + --><char id="44" x="420" y="555" width="11" height="15" xoffset="1" yoffset="34" xadvance="15" page="0" chnl="15"/><!-- , --><char id="45" x="180" y="572" width="16" height="8" xoffset="2" yoffset="24" xadvance="21" page="0" chnl="15"/><!-- - --><char id="46" x="169" y="572" width="10" height="10" xoffset="2" yoffset="32" xadvance="15" page="0" chnl="15"/><!-- . --><char id="47" x="537" y="503" width="19" height="39" xoffset="-1" yoffset="8" xadvance="17" page="0" chnl="15"/><!-- / --><char id="48" x="0" y="549" width="26" height="33" xoffset="1" yoffset="9" xadvance="29" page="0" chnl="15"/><!-- 0 --><char id="49" x="565" y="0" width="17" height="32" xoffset="1" yoffset="9" xadvance="22" page="0" chnl="15"/><!-- 1 --><char id="50" x="537" y="174" width="25" height="32" xoffset="1" yoffset="9" xadvance="28" page="0" chnl="15"/><!-- 2 --><char id="51" x="537" y="33" width="26" height="33" xoffset="1" yoffset="9" xadvance="29" page="0" chnl="15"/><!-- 3 --><char id="52" x="537" y="0" width="27" height="32" xoffset="1" yoffset="9" xadvance="29" page="0" chnl="15"/><!-- 4 --><char id="53" x="537" y="140" width="25" height="33" xoffset="2" yoffset="9" xadvance="28" page="0" chnl="15"/><!-- 5 --><char id="54" x="537" y="67" width="26" height="33" xoffset="1" yoffset="9" xadvance="29" page="0" chnl="15"/><!-- 6 --><char id="55" x="537" y="207" width="25" height="32" xoffset="0" yoffset="9" xadvance="26" page="0" chnl="15"/><!-- 7 --><char id="56" x="505" y="512" width="27" height="33" xoffset="1" yoffset="9" xadvance="30" page="0" chnl="15"/><!-- 8 --><char id="57" x="505" y="546" width="27" height="33" xoffset="1" yoffset="9" xadvance="29" page="0" chnl="15"/><!-- 9 --><char id="58" x="564" y="441" width="10" height="25" xoffset="2" yoffset="17" xadvance="15" page="0" chnl="15"/><!-- : --><char id="59" x="564" y="408" width="11" height="32" xoffset="1" yoffset="17" xadvance="15" page="0" chnl="15"/><!-- ; --><char id="60" x="537" y="359" width="23" height="27" xoffset="3" yoffset="14" xadvance="30" page="0" chnl="15"/><!-- < --><char id="61" x="442" y="561" width="25" height="18" xoffset="2" yoffset="19" xadvance="30" page="0" chnl="15"/><!-- = --><char id="62" x="396" y="555" width="23" height="27" xoffset="3" yoffset="14" xadvance="30" page="0" chnl="15"/><!-- > --><char id="63" x="537" y="413" width="22" height="33" xoffset="0" yoffset="9" xadvance="24" page="0" chnl="15"/><!-- ? --><char id="64" x="283" y="111" width="37" height="36" xoffset="1" yoffset="9" xadvance="39" page="0" chnl="15"/><!-- @ --><char id="65" x="505" y="193" width="30" height="32" xoffset="0" yoffset="9" xadvance="31" page="0" chnl="15"/><!-- A --><char id="75" x="505" y="439" width="28" height="32" xoffset="2" yoffset="9" xadvance="30" page="0" chnl="15"/><!-- K --><char id="79" x="505" y="36" width="31" height="33" xoffset="1" yoffset="9" xadvance="34" page="0" chnl="15"/><!-- O --><char id="81" x="505" y="0" width="31" height="35" xoffset="1" yoffset="9" xadvance="34" page="0" chnl="15"/><!-- Q --><char id="91" x="564" y="209" width="14" height="39" xoffset="4" yoffset="8" xadvance="19" page="0" chnl="15"/><!-- [ --><char id="92" x="537" y="543" width="19" height="39" xoffset="-1" yoffset="8" xadvance="17" page="0" chnl="15"/><!-- \ --><char id="93" x="564" y="249" width="14" height="39" xoffset="0" yoffset="8" xadvance="19" page="0" chnl="15"/><!-- ] --><char id="94" x="537" y="455" width="20" height="15" xoffset="1" yoffset="10" xadvance="22" page="0" chnl="15"/><!-- ^ --><char id="95" x="537" y="447" width="22" height="7" xoffset="-1" yoffset="41" xadvance="20" page="0" chnl="15"/><!-- _ --><char id="97" x="537" y="387" width="23" height="25" xoffset="0" yoffset="16" xadvance="25" page="0" chnl="15"/><!-- a --><char id="106" x="564" y="289" width="13" height="42" xoffset="-2" yoffset="7" xadvance="13" page="0" chnl="15"/><!-- j --><char id="110" x="537" y="333" width="24" height="25" xoffset="1" yoffset="16" xadvance="27" page="0" chnl="15"/><!-- n --><char id="123" x="564" y="33" width="18" height="39" xoffset="0" yoffset="8" xadvance="19" page="0" chnl="15"/><!-- { --><char id="124" x="387" y="541" width="8" height="41" xoffset="4" yoffset="7" xadvance="17" page="0" chnl="15"/><!-- | --><char id="125" x="564" y="73" width="18" height="39" xoffset="0" yoffset="8" xadvance="19" page="0" chnl="15"/><!-- } --><char id="8216" x="490" y="563" width="11" height="15" xoffset="1" yoffset="9" xadvance="14" page="0" chnl="15"/><!-- ‘ --><char id="8217" x="564" y="467" width="10" height="15" xoffset="2" yoffset="9" xadvance="14" page="0" chnl="15"/><!-- ’ --><char id="8220" x="537" y="471" width="20" height="15" xoffset="1" yoffset="9" xadvance="24" page="0" chnl="15"/><!-- “ --><char id="8221" x="537" y="487" width="20" height="15" xoffset="2" yoffset="9" xadvance="24" page="0" chnl="15"/><!-- ” --><char id="8470" x="0" y="0" width="46" height="32" xoffset="2" yoffset="9" xadvance="49" page="0" chnl="15"/><!-- № --><char id="12289" x="221" y="570" width="13" height="12" xoffset="2" yoffset="29" xadvance="23" page="0" chnl="15"/><!-- 、 --><char id="12290" x="207" y="570" width="13" height="12" xoffset="2" yoffset="29" xadvance="25" page="0" chnl="15"/><!-- 。 --><char id="12300" x="321" y="556" width="16" height="25" xoffset="10" yoffset="3" xadvance="26" page="0" chnl="15"/><!-- 「 --><char id="12301" x="338" y="556" width="15" height="25" xoffset="0" yoffset="15" xadvance="26" page="0" chnl="15"/><!-- 」 --><char id="12354" x="89" y="505" width="38" height="40" xoffset="2" yoffset="1" xadvance="42" page="0" chnl="15"/><!-- あ --><char id="12356" x="89" y="354" width="39" height="34" xoffset="2" yoffset="5" xadvance="42" page="0" chnl="15"/><!-- い --><char id="12358" x="470" y="485" width="31" height="40" xoffset="5" yoffset="1" xadvance="42" page="0" chnl="15"/><!-- う --><char id="12363" x="47" y="119" width="41" height="38" xoffset="1" yoffset="2" xadvance="42" page="0" chnl="15"/><!-- か --><char id="12364" x="0" y="466" width="41" height="41" xoffset="1" yoffset="-1" xadvance="42" page="0" chnl="15"/><!-- が --><char id="12365" x="359" y="82" width="36" height="39" xoffset="3" yoffset="1" xadvance="42" page="0" chnl="15"/><!-- き --><char id="12367" x="359" y="541" width="27" height="41" xoffset="7" yoffset="1" xadvance="42" page="0" chnl="15"/><!-- く --><char id="12369" x="89" y="234" width="39" height="40" xoffset="2" yoffset="1" xadvance="42" page="0" chnl="15"/><!-- け --><char id="12371" x="470" y="416" width="32" height="35" xoffset="5" yoffset="4" xadvance="42" page="0" chnl="15"/><!-- こ --><char id="12372" x="283" y="444" width="37" height="35" xoffset="5" yoffset="4" xadvance="42" page="0" chnl="15"/><!-- ご --><char id="12373" x="130" y="343" width="37" height="39" xoffset="2" yoffset="1" xadvance="42" page="0" chnl="15"/><!-- さ --><char id="12375" x="470" y="304" width="32" height="38" xoffset="8" yoffset="2" xadvance="42" page="0" chnl="15"/><!-- し --><char id="12377" x="47" y="283" width="40" height="41" xoffset="1" yoffset="1" xadvance="42" page="0" chnl="15"/><!-- す --><char id="12379" x="89" y="41" width="40" height="38" xoffset="1" yoffset="2" xadvance="42" page="0" chnl="15"/><!-- せ --><char id="12381" x="89" y="275" width="39" height="39" xoffset="1" yoffset="2" xadvance="42" page="0" chnl="15"/><!-- そ --><char id="12382" x="0" y="201" width="42" height="41" xoffset="1" yoffset="0" xadvance="42" page="0" chnl="15"/><!-- ぞ --><char id="12383" x="89" y="464" width="38" height="40" xoffset="2" yoffset="1" xadvance="42" page="0" chnl="15"/><!-- た --><char id="12384" x="47" y="325" width="40" height="41" xoffset="2" yoffset="0" xadvance="42" page="0" chnl="15"/><!-- だ --><char id="12385" x="359" y="41" width="36" height="40" xoffset="2" yoffset="1" xadvance="42" page="0" chnl="15"/><!-- ち --><char id="12387" x="245" y="556" width="33" height="26" xoffset="4" yoffset="13" xadvance="42" page="0" chnl="15"/><!-- っ --><char id="12388" x="89" y="117" width="40" height="31" xoffset="1" yoffset="7" xadvance="42" page="0" chnl="15"/><!-- つ --><char id="12390" x="130" y="503" width="37" height="38" xoffset="2" yoffset="3" xadvance="42" page="0" chnl="15"/><!-- て --><char id="12391" x="47" y="80" width="41" height="38" xoffset="2" yoffset="3" xadvance="42" page="0" chnl="15"/><!-- で --><char id="12392" x="470" y="263" width="32" height="40" xoffset="5" yoffset="1" xadvance="42" page="0" chnl="15"/><!-- と --><char id="12393" x="321" y="472" width="36" height="42" xoffset="5" yoffset="-1" xadvance="42" page="0" chnl="15"/><!-- ど --><char id="12394" x="89" y="423" width="38" height="40" xoffset="2" yoffset="1" xadvance="42" page="0" chnl="15"/><!-- な --><char id="12395" x="169" y="230" width="37" height="37" xoffset="3" yoffset="3" xadvance="42" page="0" chnl="15"/><!-- に --><char id="12397" x="47" y="451" width="40" height="40" xoffset="1" yoffset="1" xadvance="42" page="0" chnl="15"/><!-- ね --><char id="12398" x="89" y="80" width="40" height="36" xoffset="1" yoffset="4" xadvance="42" page="0" chnl="15"/><!-- の --><char id="12399" x="130" y="161" width="38" height="38" xoffset="2" yoffset="2" xadvance="42" page="0" chnl="15"/><!-- は --><char id="12400" x="0" y="508" width="41" height="40" xoffset="2" yoffset="0" xadvance="42" page="0" chnl="15"/><!-- ば --><char id="12403" x="0" y="159" width="42" height="41" xoffset="1" yoffset="-1" xadvance="42" page="0" chnl="15"/><!-- び --><char id="12408" x="0" y="436" width="42" height="29" xoffset="0" yoffset="7" xadvance="42" page="0" chnl="15"/><!-- へ --><char id="12409" x="0" y="324" width="42" height="37" xoffset="0" yoffset="0" xadvance="42" page="0" chnl="15"/><!-- べ --><char id="12414" x="321" y="515" width="36" height="40" xoffset="3" yoffset="1" xadvance="42" page="0" chnl="15"/><!-- ま --><char id="12415" x="47" y="40" width="41" height="39" xoffset="1" yoffset="2" xadvance="42" page="0" chnl="15"/><!-- み --><char id="12417" x="47" y="533" width="40" height="40" xoffset="1" yoffset="1" xadvance="42" page="0" chnl="15"/><!-- め --><char id="12418" x="130" y="423" width="37" height="39" xoffset="2" yoffset="1" xadvance="42" page="0" chnl="15"/><!-- も --><char id="12420" x="89" y="0" width="40" height="40" xoffset="1" yoffset="1" xadvance="42" page="0" chnl="15"/><!-- や --><char id="12424" x="359" y="0" width="36" height="40" xoffset="3" yoffset="1" xadvance="42" page="0" chnl="15"/><!-- よ --><char id="12425" x="470" y="115" width="33" height="40" xoffset="5" yoffset="1" xadvance="42" page="0" chnl="15"/><!-- ら --><char id="12426" x="505" y="363" width="28" height="39" xoffset="7" yoffset="2" xadvance="42" page="0" chnl="15"/><!-- り --><char id="12427" x="130" y="383" width="37" height="39" xoffset="2" yoffset="2" xadvance="42" page="0" chnl="15"/><!-- る --><char id="12428" x="47" y="0" width="41" height="39" xoffset="1" yoffset="1" xadvance="42" page="0" chnl="15"/><!-- れ --><char id="12434" x="130" y="41" width="38" height="39" xoffset="2" yoffset="1" xadvance="42" page="0" chnl="15"/><!-- を --><char id="12435" x="47" y="158" width="41" height="38" xoffset="1" yoffset="2" xadvance="42" page="0" chnl="15"/><!-- ん --><char id="12449" x="505" y="137" width="31" height="30" xoffset="6" yoffset="10" xadvance="42" page="0" chnl="15"/><!-- ァ --><char id="12450" x="130" y="200" width="38" height="37" xoffset="2" yoffset="3" xadvance="42" page="0" chnl="15"/><!-- ア --><char id="12452" x="130" y="463" width="37" height="39" xoffset="2" yoffset="2" xadvance="42" page="0" chnl="15"/><!-- イ --><char id="12454" x="433" y="113" width="35" height="40" xoffset="4" yoffset="1" xadvance="42" page="0" chnl="15"/><!-- ウ --><char id="12455" x="505" y="168" width="31" height="24" xoffset="5" yoffset="13" xadvance="42" page="0" chnl="15"/><!-- ェ --><char id="12456" x="130" y="313" width="38" height="29" xoffset="2" yoffset="7" xadvance="42" page="0" chnl="15"/><!-- エ --><char id="12457" x="505" y="104" width="31" height="32" xoffset="5" yoffset="9" xadvance="42" page="0" chnl="15"/><!-- ォ --><char id="12459" x="359" y="122" width="36" height="38" xoffset="2" yoffset="2" xadvance="42" page="0" chnl="15"/><!-- カ --><char id="12461" x="130" y="81" width="38" height="39" xoffset="2" yoffset="2" xadvance="42" page="0" chnl="15"/><!-- キ --><char id="12463" x="433" y="72" width="35" height="40" xoffset="3" yoffset="1" xadvance="42" page="0" chnl="15"/><!-- ク --><char id="12464" x="47" y="197" width="40" height="42" xoffset="3" yoffset="-1" xadvance="42" page="0" chnl="15"/><!-- グ --><char id="12466" x="47" y="367" width="40" height="41" xoffset="2" yoffset="0" xadvance="42" page="0" chnl="15"/><!-- ゲ --><char id="12467" x="470" y="231" width="33" height="31" xoffset="4" yoffset="7" xadvance="42" page="0" chnl="15"/><!-- コ --><char id="12471" x="130" y="238" width="38" height="37" xoffset="2" yoffset="3" xadvance="42" page="0" chnl="15"/><!-- シ --><char id="12472" x="47" y="409" width="40" height="41" xoffset="2" yoffset="-1" xadvance="42" page="0" chnl="15"/><!-- ジ --><char id="12473" x="89" y="546" width="38" height="36" xoffset="2" yoffset="4" xadvance="42" page="0" chnl="15"/><!-- ス --><char id="12475" x="130" y="276" width="38" height="36" xoffset="2" yoffset="3" xadvance="42" page="0" chnl="15"/><!-- セ --><char id="12479" x="470" y="0" width="34" height="40" xoffset="3" yoffset="1" xadvance="42" page="0" chnl="15"/><!-- タ --><char id="12481" x="130" y="121" width="38" height="39" xoffset="2" yoffset="2" xadvance="42" page="0" chnl="15"/><!-- チ --><char id="12483" x="505" y="259" width="30" height="29" xoffset="6" yoffset="11" xadvance="42" page="0" chnl="15"/><!-- ッ --><char id="12486" x="169" y="0" width="37" height="38" xoffset="3" yoffset="3" xadvance="42" page="0" chnl="15"/><!-- テ --><char id="12487" x="47" y="240" width="40" height="42" xoffset="3" yoffset="-1" xadvance="42" page="0" chnl="15"/><!-- デ --><char id="12488" x="537" y="294" width="24" height="38" xoffset="13" yoffset="2" xadvance="42" page="0" chnl="15"/><!-- ト --><char id="12489" x="130" y="542" width="28" height="40" xoffset="13" yoffset="0" xadvance="42" page="0" chnl="15"/><!-- ド --><char id="12490" x="130" y="0" width="38" height="40" xoffset="2" yoffset="1" xadvance="42" page="0" chnl="15"/><!-- ナ --><char id="12496" x="0" y="33" width="43" height="39" xoffset="0" yoffset="-1" xadvance="42" page="0" chnl="15"/><!-- バ --><char id="12498" x="470" y="343" width="32" height="36" xoffset="6" yoffset="3" xadvance="42" page="0" chnl="15"/><!-- ヒ --><char id="12501" x="433" y="36" width="36" height="35" xoffset="3" yoffset="5" xadvance="42" page="0" chnl="15"/><!-- フ --><char id="12502" x="89" y="149" width="39" height="42" xoffset="4" yoffset="-1" xadvance="42" page="0" chnl="15"/><!-- ブ --><char id="12503" x="89" y="192" width="39" height="41" xoffset="4" yoffset="-1" xadvance="42" page="0" chnl="15"/><!-- プ --><char id="12505" x="0" y="362" width="42" height="36" xoffset="0" yoffset="1" xadvance="42" page="0" chnl="15"/><!-- ベ --><char id="12506" x="0" y="399" width="42" height="36" xoffset="0" yoffset="1" xadvance="42" page="0" chnl="15"/><!-- ペ --><char id="12510" x="89" y="389" width="39" height="33" xoffset="1" yoffset="6" xadvance="42" page="0" chnl="15"/><!-- マ --><char id="12512" x="89" y="315" width="39" height="38" xoffset="2" yoffset="2" xadvance="42" page="0" chnl="15"/><!-- ム --><char id="12513" x="433" y="154" width="35" height="39" xoffset="2" yoffset="1" xadvance="42" page="0" chnl="15"/><!-- メ --><char id="12514" x="321" y="108" width="37" height="35" xoffset="2" yoffset="4" xadvance="42" page="0" chnl="15"/><!-- モ --><char id="12515" x="470" y="452" width="32" height="32" xoffset="5" yoffset="9" xadvance="42" page="0" chnl="15"/><!-- ャ --><char id="12519" x="537" y="240" width="25" height="28" xoffset="8" yoffset="12" xadvance="42" page="0" chnl="15"/><!-- ョ --><char id="12522" x="505" y="472" width="27" height="39" xoffset="8" yoffset="2" xadvance="42" page="0" chnl="15"/><!-- リ --><char id="12523" x="0" y="284" width="42" height="39" xoffset="0" yoffset="2" xadvance="42" page="0" chnl="15"/><!-- ル --><char id="12524" x="470" y="41" width="34" height="37" xoffset="7" yoffset="3" xadvance="42" page="0" chnl="15"/><!-- レ --><char id="12525" x="283" y="552" width="33" height="30" xoffset="4" yoffset="7" xadvance="42" page="0" chnl="15"/><!-- ロ --><char id="12531" x="396" y="75" width="36" height="36" xoffset="4" yoffset="4" xadvance="42" page="0" chnl="15"/><!-- ン --><char id="12540" x="47" y="574" width="38" height="8" xoffset="2" yoffset="17" xadvance="42" page="0" chnl="15"/><!-- ー --><char id="19968" x="321" y="466" width="37" height="5" xoffset="0" yoffset="19" xadvance="38" page="0" chnl="15"/><!-- 一 --><char id="19978" x="283" y="516" width="37" height="35" xoffset="0" yoffset="4" xadvance="38" page="0" chnl="15"/><!-- 上 --><char id="19979" x="321" y="36" width="37" height="35" xoffset="0" yoffset="5" xadvance="38" page="0" chnl="15"/><!-- 下 --><char id="20006" x="321" y="288" width="37" height="35" xoffset="0" yoffset="4" xadvance="38" page="0" chnl="15"/><!-- 並 --><char id="20013" x="470" y="156" width="33" height="37" xoffset="2" yoffset="3" xadvance="38" page="0" chnl="15"/><!-- 中 --><char id="20102" x="470" y="380" width="32" height="35" xoffset="2" yoffset="5" xadvance="38" page="0" chnl="15"/><!-- 了 --><char id="20114" x="321" y="431" width="37" height="34" xoffset="0" yoffset="5" xadvance="38" page="0" chnl="15"/><!-- 互 --><char id="20132" x="359" y="275" width="36" height="37" xoffset="1" yoffset="3" xadvance="38" page="0" chnl="15"/><!-- 交 --><char id="20197" x="433" y="307" width="35" height="36" xoffset="2" yoffset="4" xadvance="38" page="0" chnl="15"/><!-- 以 --><char id="20250" x="207" y="266" width="37" height="37" xoffset="0" yoffset="3" xadvance="38" page="0" chnl="15"/><!-- 会 --><char id="20316" x="207" y="342" width="37" height="37" xoffset="0" yoffset="3" xadvance="38" page="0" chnl="15"/><!-- 作 --><char id="20778" x="207" y="114" width="37" height="37" xoffset="0" yoffset="3" xadvance="38" page="0" chnl="15"/><!-- 優 --><char id="20803" x="321" y="144" width="37" height="35" xoffset="0" yoffset="5" xadvance="38" page="0" chnl="15"/><!-- 元 --><char id="20877" x="321" y="360" width="37" height="35" xoffset="0" yoffset="5" xadvance="38" page="0" chnl="15"/><!-- 再 --><char id="21015" x="433" y="270" width="35" height="36" xoffset="1" yoffset="4" xadvance="38" page="0" chnl="15"/><!-- 列 --><char id="21021" x="359" y="199" width="36" height="37" xoffset="0" yoffset="3" xadvance="38" page="0" chnl="15"/><!-- 初 --><char id="21033" x="396" y="186" width="36" height="36" xoffset="0" yoffset="4" xadvance="38" page="0" chnl="15"/><!-- 利 --><char id="21152" x="396" y="482" width="36" height="36" xoffset="0" yoffset="4" xadvance="38" page="0" chnl="15"/><!-- 加 --><char id="21177" x="359" y="313" width="36" height="37" xoffset="0" yoffset="3" xadvance="38" page="0" chnl="15"/><!-- 効 --><char id="21205" x="396" y="38" width="36" height="36" xoffset="0" yoffset="4" xadvance="38" page="0" chnl="15"/><!-- 動 --><char id="21213" x="245" y="482" width="37" height="36" xoffset="0" yoffset="4" xadvance="38" page="0" chnl="15"/><!-- 勝 --><char id="21271" x="396" y="260" width="36" height="36" xoffset="1" yoffset="4" xadvance="38" page="0" chnl="15"/><!-- 北 --><char id="21442" x="169" y="39" width="37" height="38" xoffset="0" yoffset="3" xadvance="38" page="0" chnl="15"/><!-- 参 --><char id="21451" x="283" y="296" width="37" height="36" xoffset="0" yoffset="4" xadvance="38" page="0" chnl="15"/><!-- 友 --><char id="21488" x="359" y="465" width="36" height="37" xoffset="1" yoffset="3" xadvance="38" page="0" chnl="15"/><!-- 台 --><char id="21491" x="169" y="344" width="37" height="37" xoffset="0" yoffset="3" xadvance="38" page="0" chnl="15"/><!-- 右 --><char id="21508" x="169" y="420" width="37" height="37" xoffset="0" yoffset="3" xadvance="38" page="0" chnl="15"/><!-- 各 --><char id="21512" x="169" y="306" width="37" height="37" xoffset="0" yoffset="3" xadvance="38" page="0" chnl="15"/><!-- 合 --><char id="21578" x="283" y="0" width="37" height="36" xoffset="0" yoffset="4" xadvance="38" page="0" chnl="15"/><!-- 告 --><char id="21839" x="470" y="79" width="34" height="35" xoffset="2" yoffset="5" xadvance="38" page="0" chnl="15"/><!-- 問 --><char id="22303" x="321" y="216" width="37" height="35" xoffset="0" yoffset="4" xadvance="38" page="0" chnl="15"/><!-- 土 --><char id="22312" x="207" y="456" width="37" height="37" xoffset="0" yoffset="3" xadvance="38" page="0" chnl="15"/><!-- 在 --><char id="22343" x="359" y="389" width="36" height="37" xoffset="0" yoffset="3" xadvance="38" page="0" chnl="15"/><!-- 均 --><char id="22580" x="245" y="334" width="37" height="36" xoffset="0" yoffset="4" xadvance="38" page="0" chnl="15"/><!-- 場 --><char id="22823" x="245" y="186" width="37" height="36" xoffset="0" yoffset="4" xadvance="38" page="0" chnl="15"/><!-- 大 --><char id="23383" x="359" y="237" width="36" height="37" xoffset="1" yoffset="3" xadvance="38" page="0" chnl="15"/><!-- 字 --><char id="23436" x="396" y="149" width="36" height="36" xoffset="1" yoffset="4" xadvance="38" page="0" chnl="15"/><!-- 完 --><char id="23450" x="169" y="496" width="37" height="37" xoffset="0" yoffset="3" xadvance="38" page="0" chnl="15"/><!-- 定 --><char id="23567" x="245" y="260" width="37" height="36" xoffset="0" yoffset="4" xadvance="38" page="0" chnl="15"/><!-- 小 --><char id="24038" x="245" y="371" width="37" height="36" xoffset="0" yoffset="3" xadvance="38" page="0" chnl="15"/><!-- 左 --><char id="24179" x="321" y="180" width="37" height="35" xoffset="0" yoffset="5" xadvance="38" page="0" chnl="15"/><!-- 平 --><char id="24195" x="396" y="297" width="36" height="36" xoffset="0" yoffset="4" xadvance="38" page="0" chnl="15"/><!-- 広 --><char id="24341" x="470" y="194" width="33" height="36" xoffset="1" yoffset="4" xadvance="38" page="0" chnl="15"/><!-- 引 --><char id="24375" x="359" y="503" width="36" height="37" xoffset="1" yoffset="3" xadvance="38" page="0" chnl="15"/><!-- 強 --><char id="24453" x="169" y="534" width="37" height="37" xoffset="0" yoffset="3" xadvance="38" page="0" chnl="15"/><!-- 待 --><char id="24517" x="283" y="259" width="37" height="36" xoffset="0" yoffset="4" xadvance="38" page="0" chnl="15"/><!-- 必 --><char id="25104" x="207" y="380" width="37" height="37" xoffset="0" yoffset="3" xadvance="38" page="0" chnl="15"/><!-- 成 --><char id="25147" x="207" y="76" width="37" height="37" xoffset="0" yoffset="3" xadvance="38" page="0" chnl="15"/><!-- 戻 --><char id="25152" x="283" y="222" width="37" height="36" xoffset="0" yoffset="4" xadvance="38" page="0" chnl="15"/><!-- 所 --><char id="25163" x="245" y="519" width="37" height="36" xoffset="0" yoffset="4" xadvance="38" page="0" chnl="15"/><!-- 手 --><char id="25307" x="396" y="112" width="36" height="36" xoffset="0" yoffset="4" xadvance="38" page="0" chnl="15"/><!-- 招 --><char id="25391" x="245" y="408" width="37" height="36" xoffset="0" yoffset="4" xadvance="38" page="0" chnl="15"/><!-- 振 --><char id="25943" x="396" y="223" width="36" height="36" xoffset="1" yoffset="4" xadvance="38" page="0" chnl="15"/><!-- 敗 --><char id="25968" x="245" y="223" width="37" height="36" xoffset="0" yoffset="4" xadvance="38" page="0" chnl="15"/><!-- 数 --><char id="26032" x="207" y="152" width="37" height="37" xoffset="0" yoffset="3" xadvance="38" page="0" chnl="15"/><!-- 新 --><char id="26041" x="359" y="161" width="36" height="37" xoffset="1" yoffset="3" xadvance="38" page="0" chnl="15"/><!-- 方 --><char id="26085" x="505" y="403" width="28" height="35" xoffset="5" yoffset="5" xadvance="38" page="0" chnl="15"/><!-- 日 --><char id="26178" x="396" y="408" width="36" height="36" xoffset="1" yoffset="4" xadvance="38" page="0" chnl="15"/><!-- 時 --><char id="26223" x="283" y="74" width="37" height="36" xoffset="0" yoffset="4" xadvance="38" page="0" chnl="15"/><!-- 景 --><char id="26228" x="396" y="445" width="36" height="36" xoffset="1" yoffset="4" xadvance="38" page="0" chnl="15"/><!-- 晴 --><char id="26368" x="433" y="0" width="36" height="35" xoffset="1" yoffset="5" xadvance="38" page="0" chnl="15"/><!-- 最 --><char id="26413" x="169" y="192" width="37" height="37" xoffset="0" yoffset="3" xadvance="38" page="0" chnl="15"/><!-- 札 --><char id="26522" x="245" y="445" width="37" height="36" xoffset="0" yoffset="4" xadvance="38" page="0" chnl="15"/><!-- 枚 --><char id="26524" x="321" y="72" width="37" height="35" xoffset="0" yoffset="5" xadvance="38" page="0" chnl="15"/><!-- 果 --><char id="27161" x="283" y="148" width="37" height="36" xoffset="0" yoffset="4" xadvance="38" page="0" chnl="15"/><!-- 標 --><char id="27231" x="283" y="407" width="37" height="36" xoffset="0" yoffset="4" xadvance="38" page="0" chnl="15"/><!-- 機 --><char id="27425" x="169" y="116" width="37" height="37" xoffset="0" yoffset="3" xadvance="38" page="0" chnl="15"/><!-- 次 --><char id="28310" x="207" y="304" width="37" height="37" xoffset="0" yoffset="3" xadvance="38" page="0" chnl="15"/><!-- 準 --><char id="29694" x="321" y="324" width="37" height="35" xoffset="0" yoffset="5" xadvance="38" page="0" chnl="15"/><!-- 現 --><char id="29992" x="433" y="455" width="35" height="35" xoffset="0" yoffset="5" xadvance="38" page="0" chnl="15"/><!-- 用 --><char id="30003" x="470" y="526" width="31" height="36" xoffset="3" yoffset="4" xadvance="38" page="0" chnl="15"/><!-- 申 --><char id="30058" x="245" y="112" width="37" height="36" xoffset="0" yoffset="4" xadvance="38" page="0" chnl="15"/><!-- 番 --><char id="30340" x="433" y="194" width="35" height="37" xoffset="1" yoffset="3" xadvance="38" page="0" chnl="15"/><!-- 的 --><char id="30446" x="505" y="327" width="29" height="35" xoffset="4" yoffset="5" xadvance="38" page="0" chnl="15"/><!-- 目 --><char id="31034" x="433" y="491" width="35" height="35" xoffset="1" yoffset="5" xadvance="38" page="0" chnl="15"/><!-- 示 --><char id="31168" x="433" y="344" width="35" height="36" xoffset="1" yoffset="4" xadvance="38" page="0" chnl="15"/><!-- 秀 --><char id="31227" x="169" y="268" width="37" height="37" xoffset="0" yoffset="3" xadvance="38" page="0" chnl="15"/><!-- 移 --><char id="31354" x="433" y="381" width="35" height="36" xoffset="1" yoffset="3" xadvance="38" page="0" chnl="15"/><!-- 空 --><char id="32032" x="433" y="418" width="35" height="36" xoffset="1" yoffset="4" xadvance="38" page="0" chnl="15"/><!-- 素 --><char id="32066" x="169" y="154" width="37" height="37" xoffset="0" yoffset="3" xadvance="38" page="0" chnl="15"/><!-- 終 --><char id="32068" x="245" y="38" width="37" height="36" xoffset="0" yoffset="4" xadvance="38" page="0" chnl="15"/><!-- 組 --><char id="32113" x="207" y="0" width="37" height="37" xoffset="0" yoffset="3" xadvance="38" page="0" chnl="15"/><!-- 統 --><char id="32154" x="245" y="149" width="37" height="36" xoffset="0" yoffset="4" xadvance="38" page="0" chnl="15"/><!-- 続 --><char id="32207" x="0" y="116" width="42" height="42" xoffset="0" yoffset="0" xadvance="42" page="0" chnl="15"/><!-- 総 --><char id="32622" x="321" y="396" width="37" height="34" xoffset="0" yoffset="5" xadvance="38" page="0" chnl="15"/><!-- 置 --><char id="32972" x="396" y="334" width="36" height="36" xoffset="1" yoffset="4" xadvance="38" page="0" chnl="15"/><!-- 背 --><char id="33258" x="505" y="289" width="29" height="37" xoffset="4" yoffset="3" xadvance="38" page="0" chnl="15"/><!-- 自 --><char id="34892" x="283" y="370" width="37" height="36" xoffset="0" yoffset="4" xadvance="38" page="0" chnl="15"/><!-- 行 --><char id="34920" x="396" y="371" width="36" height="36" xoffset="0" yoffset="4" xadvance="38" page="0" chnl="15"/><!-- 表 --><char id="35023" x="359" y="427" width="36" height="37" xoffset="1" yoffset="3" xadvance="38" page="0" chnl="15"/><!-- 裏 --><char id="35201" x="321" y="252" width="37" height="35" xoffset="0" yoffset="5" xadvance="38" page="0" chnl="15"/><!-- 要 --><char id="35299" x="169" y="382" width="37" height="37" xoffset="0" yoffset="3" xadvance="38" page="0" chnl="15"/><!-- 解 --><char id="35328" x="207" y="532" width="37" height="37" xoffset="0" yoffset="3" xadvance="38" page="0" chnl="15"/><!-- 言 --><char id="35336" x="207" y="38" width="37" height="37" xoffset="0" yoffset="3" xadvance="38" page="0" chnl="15"/><!-- 計 --><char id="35373" x="169" y="458" width="37" height="37" xoffset="0" yoffset="3" xadvance="38" page="0" chnl="15"/><!-- 設 --><char id="35379" x="207" y="418" width="37" height="37" xoffset="0" yoffset="3" xadvance="38" page="0" chnl="15"/><!-- 訳 --><char id="35430" x="207" y="494" width="37" height="37" xoffset="0" yoffset="3" xadvance="38" page="0" chnl="15"/><!-- 試 --><char id="35440" x="0" y="73" width="42" height="42" xoffset="0" yoffset="0" xadvance="42" page="0" chnl="15"/><!-- 詰 --><char id="35486" x="245" y="0" width="37" height="37" xoffset="0" yoffset="3" xadvance="38" page="0" chnl="15"/><!-- 語 --><char id="35501" x="207" y="228" width="37" height="37" xoffset="0" yoffset="3" xadvance="38" page="0" chnl="15"/><!-- 読 --><char id="35519" x="396" y="0" width="36" height="37" xoffset="0" yoffset="3" xadvance="38" page="0" chnl="15"/><!-- 調 --><char id="36000" x="433" y="232" width="35" height="37" xoffset="0" yoffset="3" xadvance="38" page="0" chnl="15"/><!-- 負 --><char id="36196" x="245" y="297" width="37" height="36" xoffset="0" yoffset="4" xadvance="38" page="0" chnl="15"/><!-- 赤 --><char id="36796" x="283" y="37" width="37" height="36" xoffset="0" yoffset="4" xadvance="38" page="0" chnl="15"/><!-- 込 --><char id="36938" x="169" y="78" width="37" height="37" xoffset="0" yoffset="3" xadvance="38" page="0" chnl="15"/><!-- 遊 --><char id="36948" x="283" y="333" width="37" height="36" xoffset="0" yoffset="4" xadvance="38" page="0" chnl="15"/><!-- 達 --><char id="36969" x="207" y="190" width="37" height="37" xoffset="0" yoffset="3" xadvance="38" page="0" chnl="15"/><!-- 適 --><char id="37197" x="283" y="480" width="37" height="35" xoffset="0" yoffset="5" xadvance="38" page="0" chnl="15"/><!-- 配 --><char id="37325" x="396" y="519" width="36" height="35" xoffset="1" yoffset="4" xadvance="38" page="0" chnl="15"/><!-- 重 --><char id="38533" x="47" y="492" width="40" height="40" xoffset="1" yoffset="2" xadvance="42" page="0" chnl="15"/><!-- 隅 --><char id="38899" x="359" y="351" width="36" height="37" xoffset="1" yoffset="3" xadvance="38" page="0" chnl="15"/><!-- 音 --><char id="38918" x="245" y="75" width="37" height="36" xoffset="0" yoffset="4" xadvance="38" page="0" chnl="15"/><!-- 順 --><char id="38936" x="283" y="185" width="37" height="36" xoffset="0" yoffset="4" xadvance="38" page="0" chnl="15"/><!-- 領 --><char id="38988" x="321" y="0" width="37" height="35" xoffset="0" yoffset="5" xadvance="38" page="0" chnl="15"/><!-- 題 --><char id="40658" x="0" y="243" width="42" height="40" xoffset="0" yoffset="2" xadvance="42" page="0" chnl="15"/><!-- 黒 --><char id="65281" x="159" y="542" width="8" height="28" xoffset="5" yoffset="8" xadvance="23" page="0" chnl="15"/><!-- ！ --><char id="65288" x="564" y="332" width="12" height="37" xoffset="11" yoffset="3" xadvance="25" page="0" chnl="15"/><!-- （ --><char id="65289" x="564" y="370" width="12" height="37" xoffset="2" yoffset="3" xadvance="25" page="0" chnl="15"/><!-- ） --><char id="65306" x="433" y="561" width="8" height="21" xoffset="5" yoffset="11" xadvance="22" page="0" chnl="15"/><!-- ： --></chars></font>