<?xml version="1.0" encoding="UTF-8"?><font><info face="SFProText-Medium" size="42" bold="0" italic="0" charset="" unicode="1" stretchH="100" smooth="1" aa="1" padding="1,1,1,1" spacing="1,1"/><common lineHeight="42" base="40" scaleW="623" scaleH="625" pages="1" packed="0"/><pages><page id="0" file="sf-pro-normal.png"/></pages><chars count="263"><char id="32" x="0" y="0" width="0" height="0" xoffset="0" yoffset="0" xadvance="12" page="0" chnl="15"/><!--   --><char id="33" x="605" y="450" width="9" height="32" xoffset="2" yoffset="9" xadvance="14" page="0" chnl="15"/><!-- ! --><char id="34" x="605" y="153" width="15" height="14" xoffset="2" yoffset="9" xadvance="20" page="0" chnl="15"/><!-- " --><char id="35" x="545" y="516" width="29" height="32" xoffset="-1" yoffset="9" xadvance="28" page="0" chnl="15"/><!-- # --><char id="36" x="545" y="587" width="24" height="38" xoffset="2" yoffset="6" xadvance="28" page="0" chnl="15"/><!-- $ --><char id="37" x="509" y="422" width="33" height="33" xoffset="0" yoffset="9" xadvance="34" page="0" chnl="15"/><!-- % --><char id="38" x="545" y="324" width="30" height="33" xoffset="1" yoffset="9" xadvance="31" page="0" chnl="15"/><!-- & --><char id="39" x="205" y="602" width="7" height="14" xoffset="2" yoffset="9" xadvance="11" page="0" chnl="15"/><!-- ' --><char id="40" x="605" y="256" width="13" height="39" xoffset="3" yoffset="8" xadvance="17" page="0" chnl="15"/><!-- ( --><char id="41" x="605" y="376" width="12" height="39" xoffset="1" yoffset="8" xadvance="17" page="0" chnl="15"/><!-- ) --><char id="42" x="46" y="607" width="17" height="18" xoffset="2" yoffset="9" xadvance="22" page="0" chnl="15"/><!-- * --><char id="43" x="578" y="369" width="24" height="24" xoffset="2" yoffset="16" xadvance="28" page="0" chnl="15"/><!-- + --><char id="44" x="31" y="611" width="9" height="14" xoffset="2" yoffset="35" xadvance="14" page="0" chnl="15"/><!-- , --><char id="45" x="186" y="618" width="16" height="7" xoffset="2" yoffset="25" xadvance="20" page="0" chnl="15"/><!-- - --><char id="46" x="470" y="612" width="9" height="8" xoffset="2" yoffset="33" xadvance="14" page="0" chnl="15"/><!-- . --><char id="47" x="606" y="0" width="17" height="39" xoffset="-1" yoffset="8" xadvance="15" page="0" chnl="15"/><!-- / --><char id="48" x="578" y="132" width="25" height="33" xoffset="1" yoffset="9" xadvance="28" page="0" chnl="15"/><!-- 0 --><char id="49" x="605" y="120" width="15" height="32" xoffset="1" yoffset="9" xadvance="21" page="0" chnl="15"/><!-- 1 --><char id="50" x="578" y="394" width="23" height="32" xoffset="2" yoffset="9" xadvance="26" page="0" chnl="15"/><!-- 2 --><char id="51" x="578" y="166" width="25" height="33" xoffset="1" yoffset="9" xadvance="27" page="0" chnl="15"/><!-- 3 --><char id="52" x="578" y="40" width="26" height="32" xoffset="1" yoffset="9" xadvance="28" page="0" chnl="15"/><!-- 4 --><char id="53" x="578" y="302" width="24" height="33" xoffset="2" yoffset="9" xadvance="27" page="0" chnl="15"/><!-- 5 --><char id="54" x="578" y="200" width="25" height="33" xoffset="1" yoffset="9" xadvance="28" page="0" chnl="15"/><!-- 6 --><char id="55" x="578" y="336" width="24" height="32" xoffset="0" yoffset="9" xadvance="25" page="0" chnl="15"/><!-- 7 --><char id="56" x="578" y="234" width="25" height="33" xoffset="1" yoffset="9" xadvance="28" page="0" chnl="15"/><!-- 8 --><char id="57" x="578" y="268" width="25" height="33" xoffset="1" yoffset="9" xadvance="28" page="0" chnl="15"/><!-- 9 --><char id="58" x="176" y="602" width="9" height="23" xoffset="2" yoffset="18" xadvance="14" page="0" chnl="15"/><!-- : --><char id="59" x="429" y="594" width="10" height="31" xoffset="1" yoffset="18" xadvance="14" page="0" chnl="15"/><!-- ; --><char id="60" x="578" y="427" width="22" height="26" xoffset="3" yoffset="15" xadvance="28" page="0" chnl="15"/><!-- < --><char id="61" x="64" y="607" width="24" height="14" xoffset="2" yoffset="21" xadvance="28" page="0" chnl="15"/><!-- = --><char id="62" x="323" y="596" width="22" height="26" xoffset="3" yoffset="15" xadvance="28" page="0" chnl="15"/><!-- > --><char id="63" x="578" y="454" width="21" height="32" xoffset="0" yoffset="9" xadvance="23" page="0" chnl="15"/><!-- ? --><char id="64" x="470" y="537" width="36" height="37" xoffset="2" yoffset="9" xadvance="39" page="0" chnl="15"/><!-- @ --><char id="65" x="545" y="483" width="29" height="32" xoffset="0" yoffset="9" xadvance="30" page="0" chnl="15"/><!-- A --><char id="75" x="578" y="73" width="26" height="32" xoffset="2" yoffset="9" xadvance="29" page="0" chnl="15"/><!-- K --><char id="79" x="545" y="290" width="30" height="33" xoffset="1" yoffset="9" xadvance="33" page="0" chnl="15"/><!-- O --><char id="81" x="545" y="254" width="30" height="35" xoffset="1" yoffset="9" xadvance="33" page="0" chnl="15"/><!-- Q --><char id="91" x="605" y="296" width="13" height="39" xoffset="4" yoffset="8" xadvance="17" page="0" chnl="15"/><!-- [ --><char id="93" x="605" y="336" width="13" height="39" xoffset="0" yoffset="8" xadvance="17" page="0" chnl="15"/><!-- ] --><char id="94" x="133" y="606" width="19" height="15" xoffset="1" yoffset="10" xadvance="21" page="0" chnl="15"/><!-- ^ --><char id="95" x="480" y="612" width="21" height="6" xoffset="-1" yoffset="41" xadvance="19" page="0" chnl="15"/><!-- _ --><char id="123" x="605" y="40" width="17" height="39" xoffset="0" yoffset="8" xadvance="17" page="0" chnl="15"/><!-- { --><char id="124" x="605" y="498" width="7" height="40" xoffset="4" yoffset="8" xadvance="15" page="0" chnl="15"/><!-- | --><char id="125" x="605" y="80" width="17" height="39" xoffset="0" yoffset="8" xadvance="17" page="0" chnl="15"/><!-- } --><char id="8216" x="31" y="596" width="10" height="14" xoffset="1" yoffset="9" xadvance="13" page="0" chnl="15"/><!-- ‘ --><char id="8217" x="605" y="483" width="9" height="14" xoffset="2" yoffset="9" xadvance="13" page="0" chnl="15"/><!-- ’ --><char id="8220" x="153" y="606" width="17" height="15" xoffset="2" yoffset="9" xadvance="22" page="0" chnl="15"/><!-- “ --><char id="8221" x="186" y="602" width="18" height="15" xoffset="2" yoffset="9" xadvance="22" page="0" chnl="15"/><!-- ” --><char id="8470" x="0" y="43" width="45" height="32" xoffset="2" yoffset="9" xadvance="47" page="0" chnl="15"/><!-- № --><char id="12289" x="405" y="610" width="15" height="14" xoffset="3" yoffset="26" xadvance="42" page="0" chnl="15"/><!-- 、 --><char id="12290" x="389" y="610" width="15" height="14" xoffset="3" yoffset="26" xadvance="42" page="0" chnl="15"/><!-- 。 --><char id="12300" x="440" y="594" width="17" height="30" xoffset="25" yoffset="-3" xadvance="42" page="0" chnl="15"/><!-- 「 --><char id="12301" x="305" y="596" width="17" height="29" xoffset="0" yoffset="11" xadvance="42" page="0" chnl="15"/><!-- 」 --><char id="12354" x="430" y="355" width="38" height="40" xoffset="2" yoffset="-2" xadvance="42" page="0" chnl="15"/><!-- あ --><char id="12356" x="347" y="592" width="40" height="33" xoffset="2" yoffset="3" xadvance="42" page="0" chnl="15"/><!-- い --><char id="12358" x="509" y="573" width="32" height="39" xoffset="5" yoffset="-1" xadvance="42" page="0" chnl="15"/><!-- う --><char id="12363" x="305" y="556" width="41" height="39" xoffset="2" yoffset="-1" xadvance="42" page="0" chnl="15"/><!-- か --><char id="12364" x="133" y="176" width="42" height="42" xoffset="2" yoffset="-4" xadvance="42" page="0" chnl="15"/><!-- が --><char id="12365" x="430" y="396" width="38" height="39" xoffset="2" yoffset="-2" xadvance="42" page="0" chnl="15"/><!-- き --><char id="12367" x="545" y="175" width="30" height="40" xoffset="6" yoffset="-1" xadvance="42" page="0" chnl="15"/><!-- く --><char id="12369" x="430" y="40" width="39" height="39" xoffset="2" yoffset="0" xadvance="42" page="0" chnl="15"/><!-- け --><char id="12371" x="509" y="238" width="34" height="34" xoffset="4" yoffset="3" xadvance="42" page="0" chnl="15"/><!-- こ --><char id="12372" x="347" y="424" width="40" height="41" xoffset="4" yoffset="-4" xadvance="42" page="0" chnl="15"/><!-- ご --><char id="12373" x="389" y="520" width="39" height="40" xoffset="2" yoffset="-2" xadvance="42" page="0" chnl="15"/><!-- さ --><char id="12375" x="509" y="383" width="33" height="38" xoffset="8" yoffset="0" xadvance="42" page="0" chnl="15"/><!-- し --><char id="12377" x="430" y="0" width="39" height="39" xoffset="2" yoffset="-1" xadvance="42" page="0" chnl="15"/><!-- す --><char id="12379" x="389" y="366" width="40" height="37" xoffset="1" yoffset="0" xadvance="42" page="0" chnl="15"/><!-- せ --><char id="12381" x="430" y="159" width="39" height="36" xoffset="1" yoffset="1" xadvance="42" page="0" chnl="15"/><!-- そ --><char id="12382" x="46" y="0" width="43" height="41" xoffset="1" yoffset="-4" xadvance="42" page="0" chnl="15"/><!-- ぞ --><char id="12383" x="389" y="561" width="39" height="40" xoffset="1" yoffset="-2" xadvance="42" page="0" chnl="15"/><!-- た --><char id="12384" x="347" y="338" width="40" height="42" xoffset="1" yoffset="-4" xadvance="42" page="0" chnl="15"/><!-- だ --><char id="12385" x="429" y="476" width="38" height="39" xoffset="2" yoffset="-2" xadvance="42" page="0" chnl="15"/><!-- ち --><char id="12387" x="545" y="150" width="31" height="24" xoffset="5" yoffset="12" xadvance="42" page="0" chnl="15"/><!-- っ --><char id="12388" x="389" y="404" width="40" height="31" xoffset="1" yoffset="5" xadvance="42" page="0" chnl="15"/><!-- つ --><char id="12390" x="470" y="76" width="38" height="35" xoffset="2" yoffset="2" xadvance="42" page="0" chnl="15"/><!-- て --><char id="12391" x="430" y="233" width="39" height="35" xoffset="2" yoffset="2" xadvance="42" page="0" chnl="15"/><!-- で --><char id="12392" x="509" y="344" width="33" height="38" xoffset="5" yoffset="-1" xadvance="42" page="0" chnl="15"/><!-- と --><char id="12393" x="470" y="186" width="37" height="39" xoffset="5" yoffset="-2" xadvance="42" page="0" chnl="15"/><!-- ど --><char id="12394" x="219" y="550" width="42" height="40" xoffset="0" yoffset="-2" xadvance="42" page="0" chnl="15"/><!-- な --><char id="12395" x="470" y="226" width="37" height="38" xoffset="4" yoffset="0" xadvance="42" page="0" chnl="15"/><!-- に --><char id="12397" x="0" y="76" width="44" height="39" xoffset="-1" yoffset="-1" xadvance="42" page="0" chnl="15"/><!-- ね --><char id="12398" x="219" y="591" width="38" height="34" xoffset="2" yoffset="3" xadvance="42" page="0" chnl="15"/><!-- の --><char id="12399" x="430" y="80" width="39" height="39" xoffset="3" yoffset="-1" xadvance="42" page="0" chnl="15"/><!-- は --><char id="12400" x="305" y="130" width="41" height="42" xoffset="3" yoffset="-4" xadvance="42" page="0" chnl="15"/><!-- ば --><char id="12403" x="0" y="0" width="45" height="42" xoffset="-1" yoffset="-4" xadvance="42" page="0" chnl="15"/><!-- び --><char id="12408" x="0" y="220" width="44" height="28" xoffset="-1" yoffset="6" xadvance="42" page="0" chnl="15"/><!-- へ --><char id="12409" x="0" y="116" width="44" height="34" xoffset="-1" yoffset="0" xadvance="42" page="0" chnl="15"/><!-- べ --><char id="12414" x="509" y="80" width="35" height="38" xoffset="4" yoffset="-1" xadvance="42" page="0" chnl="15"/><!-- ま --><char id="12415" x="262" y="283" width="42" height="37" xoffset="1" yoffset="1" xadvance="42" page="0" chnl="15"/><!-- み --><char id="12417" x="389" y="248" width="40" height="39" xoffset="1" yoffset="-1" xadvance="42" page="0" chnl="15"/><!-- め --><char id="12418" x="429" y="436" width="38" height="39" xoffset="2" yoffset="-2" xadvance="42" page="0" chnl="15"/><!-- も --><char id="12420" x="262" y="82" width="42" height="40" xoffset="0" yoffset="-2" xadvance="42" page="0" chnl="15"/><!-- や --><char id="12424" x="470" y="498" width="36" height="38" xoffset="3" yoffset="-1" xadvance="42" page="0" chnl="15"/><!-- よ --><char id="12425" x="509" y="304" width="33" height="39" xoffset="5" yoffset="-1" xadvance="42" page="0" chnl="15"/><!-- ら --><char id="12426" x="545" y="216" width="30" height="37" xoffset="6" yoffset="1" xadvance="42" page="0" chnl="15"/><!-- り --><char id="12427" x="470" y="575" width="36" height="36" xoffset="3" yoffset="1" xadvance="42" page="0" chnl="15"/><!-- る --><char id="12428" x="46" y="83" width="43" height="39" xoffset="0" yoffset="-1" xadvance="42" page="0" chnl="15"/><!-- れ --><char id="12434" x="470" y="378" width="36" height="39" xoffset="3" yoffset="-2" xadvance="42" page="0" chnl="15"/><!-- を --><char id="12435" x="389" y="327" width="40" height="38" xoffset="1" yoffset="0" xadvance="42" page="0" chnl="15"/><!-- ん --><char id="12449" x="545" y="389" width="30" height="28" xoffset="7" yoffset="10" xadvance="42" page="0" chnl="15"/><!-- ァ --><char id="12450" x="470" y="265" width="37" height="36" xoffset="3" yoffset="2" xadvance="42" page="0" chnl="15"/><!-- ア --><char id="12452" x="470" y="458" width="36" height="39" xoffset="1" yoffset="-1" xadvance="42" page="0" chnl="15"/><!-- イ --><char id="12454" x="509" y="198" width="34" height="39" xoffset="4" yoffset="-1" xadvance="42" page="0" chnl="15"/><!-- ウ --><char id="12455" x="545" y="418" width="30" height="24" xoffset="6" yoffset="12" xadvance="42" page="0" chnl="15"/><!-- ェ --><char id="12456" x="470" y="112" width="38" height="30" xoffset="2" yoffset="5" xadvance="42" page="0" chnl="15"/><!-- エ --><char id="12457" x="545" y="358" width="30" height="30" xoffset="6" yoffset="7" xadvance="42" page="0" chnl="15"/><!-- ォ --><char id="12459" x="470" y="338" width="36" height="39" xoffset="3" yoffset="-1" xadvance="42" page="0" chnl="15"/><!-- カ --><char id="12461" x="389" y="208" width="40" height="39" xoffset="1" yoffset="-1" xadvance="42" page="0" chnl="15"/><!-- キ --><char id="12463" x="509" y="40" width="35" height="39" xoffset="2" yoffset="-1" xadvance="42" page="0" chnl="15"/><!-- ク --><char id="12464" x="133" y="219" width="42" height="42" xoffset="2" yoffset="-4" xadvance="42" page="0" chnl="15"/><!-- グ --><char id="12466" x="0" y="554" width="43" height="41" xoffset="0" yoffset="-3" xadvance="42" page="0" chnl="15"/><!-- ゲ --><char id="12467" x="509" y="456" width="33" height="30" xoffset="4" yoffset="5" xadvance="42" page="0" chnl="15"/><!-- コ --><char id="12471" x="429" y="555" width="38" height="38" xoffset="2" yoffset="0" xadvance="42" page="0" chnl="15"/><!-- シ --><char id="12472" x="389" y="478" width="39" height="41" xoffset="2" yoffset="-3" xadvance="42" page="0" chnl="15"/><!-- ジ --><char id="12473" x="347" y="40" width="41" height="35" xoffset="1" yoffset="3" xadvance="42" page="0" chnl="15"/><!-- ス --><char id="12475" x="389" y="288" width="40" height="38" xoffset="1" yoffset="-1" xadvance="42" page="0" chnl="15"/><!-- セ --><char id="12479" x="470" y="418" width="36" height="39" xoffset="2" yoffset="-1" xadvance="42" page="0" chnl="15"/><!-- タ --><char id="12481" x="430" y="120" width="39" height="38" xoffset="2" yoffset="0" xadvance="42" page="0" chnl="15"/><!-- チ --><char id="12483" x="0" y="596" width="30" height="29" xoffset="6" yoffset="9" xadvance="42" page="0" chnl="15"/><!-- ッ --><char id="12486" x="430" y="196" width="39" height="36" xoffset="1" yoffset="2" xadvance="42" page="0" chnl="15"/><!-- テ --><char id="12487" x="0" y="469" width="43" height="42" xoffset="1" yoffset="-4" xadvance="42" page="0" chnl="15"/><!-- デ --><char id="12488" x="578" y="0" width="27" height="39" xoffset="11" yoffset="-1" xadvance="42" page="0" chnl="15"/><!-- ト --><char id="12489" x="545" y="443" width="29" height="39" xoffset="11" yoffset="-1" xadvance="42" page="0" chnl="15"/><!-- ド --><char id="12490" x="389" y="167" width="40" height="40" xoffset="1" yoffset="-1" xadvance="42" page="0" chnl="15"/><!-- ナ --><char id="12496" x="46" y="42" width="43" height="40" xoffset="0" yoffset="-3" xadvance="42" page="0" chnl="15"/><!-- バ --><char id="12498" x="545" y="112" width="31" height="37" xoffset="7" yoffset="0" xadvance="42" page="0" chnl="15"/><!-- ヒ --><char id="12501" x="509" y="119" width="35" height="35" xoffset="2" yoffset="3" xadvance="42" page="0" chnl="15"/><!-- フ --><char id="12502" x="176" y="215" width="42" height="42" xoffset="2" yoffset="-4" xadvance="42" page="0" chnl="15"/><!-- ブ --><char id="12503" x="176" y="0" width="42" height="42" xoffset="2" yoffset="-4" xadvance="42" page="0" chnl="15"/><!-- プ --><char id="12505" x="0" y="151" width="44" height="34" xoffset="-1" yoffset="0" xadvance="42" page="0" chnl="15"/><!-- ベ --><char id="12506" x="0" y="186" width="44" height="33" xoffset="-1" yoffset="1" xadvance="42" page="0" chnl="15"/><!-- ペ --><char id="12510" x="470" y="38" width="38" height="37" xoffset="2" yoffset="2" xadvance="42" page="0" chnl="15"/><!-- マ --><char id="12512" x="389" y="126" width="40" height="40" xoffset="1" yoffset="-1" xadvance="42" page="0" chnl="15"/><!-- ム --><char id="12513" x="429" y="516" width="38" height="38" xoffset="3" yoffset="0" xadvance="42" page="0" chnl="15"/><!-- メ --><char id="12514" x="470" y="302" width="37" height="35" xoffset="2" yoffset="2" xadvance="42" page="0" chnl="15"/><!-- モ --><char id="12515" x="545" y="39" width="32" height="30" xoffset="5" yoffset="7" xadvance="42" page="0" chnl="15"/><!-- ャ --><char id="12519" x="578" y="106" width="26" height="25" xoffset="8" yoffset="11" xadvance="42" page="0" chnl="15"/><!-- ョ --><char id="12522" x="545" y="549" width="28" height="37" xoffset="7" yoffset="1" xadvance="42" page="0" chnl="15"/><!-- リ --><char id="12523" x="262" y="245" width="42" height="37" xoffset="1" yoffset="1" xadvance="42" page="0" chnl="15"/><!-- ル --><char id="12524" x="545" y="0" width="32" height="38" xoffset="9" yoffset="0" xadvance="42" page="0" chnl="15"/><!-- レ --><char id="12525" x="509" y="273" width="34" height="30" xoffset="4" yoffset="5" xadvance="42" page="0" chnl="15"/><!-- ロ --><char id="12531" x="470" y="0" width="38" height="37" xoffset="2" yoffset="1" xadvance="42" page="0" chnl="15"/><!-- ン --><char id="12540" x="389" y="602" width="36" height="7" xoffset="3" yoffset="15" xadvance="42" page="0" chnl="15"/><!-- ー --><char id="19968" x="90" y="616" width="42" height="7" xoffset="0" yoffset="15" xadvance="42" page="0" chnl="15"/><!-- 一 --><char id="19978" x="262" y="41" width="42" height="40" xoffset="0" yoffset="-2" xadvance="42" page="0" chnl="15"/><!-- 上 --><char id="19979" x="262" y="123" width="42" height="40" xoffset="0" yoffset="0" xadvance="42" page="0" chnl="15"/><!-- 下 --><char id="20006" x="305" y="515" width="41" height="40" xoffset="1" yoffset="-2" xadvance="42" page="0" chnl="15"/><!-- 並 --><char id="20013" x="430" y="269" width="38" height="43" xoffset="2" yoffset="-3" xadvance="42" page="0" chnl="15"/><!-- 中 --><char id="20102" x="509" y="0" width="35" height="39" xoffset="3" yoffset="0" xadvance="42" page="0" chnl="15"/><!-- 了 --><char id="20114" x="262" y="205" width="42" height="39" xoffset="0" yoffset="-1" xadvance="42" page="0" chnl="15"/><!-- 互 --><char id="20132" x="46" y="299" width="42" height="43" xoffset="0" yoffset="-3" xadvance="42" page="0" chnl="15"/><!-- 交 --><char id="20197" x="389" y="0" width="40" height="41" xoffset="2" yoffset="-2" xadvance="42" page="0" chnl="15"/><!-- 以 --><char id="20250" x="0" y="425" width="43" height="43" xoffset="-1" yoffset="-3" xadvance="42" page="0" chnl="15"/><!-- 会 --><char id="20316" x="90" y="484" width="42" height="43" xoffset="0" yoffset="-3" xadvance="42" page="0" chnl="15"/><!-- 作 --><char id="20491" x="305" y="388" width="41" height="42" xoffset="0" yoffset="-2" xadvance="42" page="0" chnl="15"/><!-- 個 --><char id="20778" x="90" y="88" width="42" height="43" xoffset="0" yoffset="-3" xadvance="42" page="0" chnl="15"/><!-- 優 --><char id="20803" x="262" y="585" width="41" height="40" xoffset="0" yoffset="0" xadvance="42" page="0" chnl="15"/><!-- 元 --><char id="20877" x="219" y="508" width="42" height="41" xoffset="0" yoffset="-1" xadvance="42" page="0" chnl="15"/><!-- 再 --><char id="21015" x="305" y="473" width="41" height="41" xoffset="0" yoffset="-2" xadvance="42" page="0" chnl="15"/><!-- 列 --><char id="21021" x="262" y="365" width="41" height="43" xoffset="0" yoffset="-3" xadvance="42" page="0" chnl="15"/><!-- 初 --><char id="21033" x="347" y="295" width="40" height="42" xoffset="0" yoffset="-2" xadvance="42" page="0" chnl="15"/><!-- 利 --><char id="21152" x="347" y="381" width="40" height="42" xoffset="0" yoffset="-2" xadvance="42" page="0" chnl="15"/><!-- 加 --><char id="21177" x="262" y="409" width="41" height="43" xoffset="0" yoffset="-3" xadvance="42" page="0" chnl="15"/><!-- 効 --><char id="21205" x="305" y="44" width="41" height="42" xoffset="0" yoffset="-2" xadvance="42" page="0" chnl="15"/><!-- 動 --><char id="21213" x="176" y="86" width="42" height="42" xoffset="0" yoffset="-2" xadvance="42" page="0" chnl="15"/><!-- 勝 --><char id="21271" x="176" y="172" width="42" height="42" xoffset="0" yoffset="-2" xadvance="42" page="0" chnl="15"/><!-- 北 --><char id="21442" x="90" y="396" width="42" height="43" xoffset="0" yoffset="-3" xadvance="42" page="0" chnl="15"/><!-- 参 --><char id="21451" x="176" y="559" width="42" height="42" xoffset="0" yoffset="-2" xadvance="42" page="0" chnl="15"/><!-- 友 --><char id="21488" x="262" y="497" width="41" height="43" xoffset="1" yoffset="-3" xadvance="42" page="0" chnl="15"/><!-- 台 --><char id="21491" x="46" y="343" width="42" height="43" xoffset="0" yoffset="-3" xadvance="42" page="0" chnl="15"/><!-- 右 --><char id="21508" x="46" y="431" width="42" height="43" xoffset="0" yoffset="-3" xadvance="42" page="0" chnl="15"/><!-- 各 --><char id="21512" x="0" y="293" width="43" height="43" xoffset="-1" yoffset="-3" xadvance="42" page="0" chnl="15"/><!-- 合 --><char id="21578" x="176" y="258" width="42" height="42" xoffset="0" yoffset="-2" xadvance="42" page="0" chnl="15"/><!-- 告 --><char id="21839" x="430" y="313" width="38" height="41" xoffset="2" yoffset="-1" xadvance="42" page="0" chnl="15"/><!-- 問 --><char id="22303" x="262" y="164" width="42" height="40" xoffset="0" yoffset="-2" xadvance="42" page="0" chnl="15"/><!-- 土 --><char id="22312" x="133" y="0" width="42" height="43" xoffset="0" yoffset="-3" xadvance="42" page="0" chnl="15"/><!-- 在 --><char id="22343" x="262" y="453" width="41" height="43" xoffset="0" yoffset="-3" xadvance="42" page="0" chnl="15"/><!-- 均 --><char id="22580" x="133" y="477" width="42" height="42" xoffset="0" yoffset="-2" xadvance="42" page="0" chnl="15"/><!-- 場 --><char id="22823" x="133" y="391" width="42" height="42" xoffset="0" yoffset="-2" xadvance="42" page="0" chnl="15"/><!-- 大 --><char id="23383" x="347" y="76" width="40" height="43" xoffset="1" yoffset="-3" xadvance="42" page="0" chnl="15"/><!-- 字 --><char id="23436" x="176" y="43" width="42" height="42" xoffset="0" yoffset="-2" xadvance="42" page="0" chnl="15"/><!-- 完 --><char id="23450" x="46" y="475" width="42" height="43" xoffset="0" yoffset="-3" xadvance="42" page="0" chnl="15"/><!-- 定 --><char id="23567" x="0" y="512" width="43" height="41" xoffset="-1" yoffset="-2" xadvance="42" page="0" chnl="15"/><!-- 小 --><char id="24038" x="133" y="520" width="42" height="42" xoffset="0" yoffset="-3" xadvance="42" page="0" chnl="15"/><!-- 左 --><char id="24179" x="389" y="42" width="40" height="41" xoffset="1" yoffset="-1" xadvance="42" page="0" chnl="15"/><!-- 平 --><char id="24195" x="305" y="259" width="41" height="42" xoffset="0" yoffset="-2" xadvance="42" page="0" chnl="15"/><!-- 広 --><char id="24341" x="470" y="143" width="37" height="42" xoffset="1" yoffset="-2" xadvance="42" page="0" chnl="15"/><!-- 引 --><char id="24375" x="262" y="541" width="41" height="43" xoffset="1" yoffset="-3" xadvance="42" page="0" chnl="15"/><!-- 強 --><char id="24453" x="46" y="519" width="42" height="43" xoffset="0" yoffset="-3" xadvance="42" page="0" chnl="15"/><!-- 待 --><char id="24517" x="176" y="516" width="42" height="42" xoffset="0" yoffset="-2" xadvance="42" page="0" chnl="15"/><!-- 必 --><char id="25104" x="90" y="528" width="42" height="43" xoffset="0" yoffset="-3" xadvance="42" page="0" chnl="15"/><!-- 成 --><char id="25147" x="90" y="44" width="42" height="43" xoffset="0" yoffset="-3" xadvance="42" page="0" chnl="15"/><!-- 戻 --><char id="25152" x="176" y="473" width="42" height="42" xoffset="0" yoffset="-2" xadvance="42" page="0" chnl="15"/><!-- 所 --><char id="25163" x="219" y="340" width="42" height="41" xoffset="0" yoffset="-2" xadvance="42" page="0" chnl="15"/><!-- 手 --><char id="25307" x="305" y="173" width="41" height="42" xoffset="0" yoffset="-2" xadvance="42" page="0" chnl="15"/><!-- 招 --><char id="25391" x="133" y="563" width="42" height="42" xoffset="0" yoffset="-2" xadvance="42" page="0" chnl="15"/><!-- 振 --><char id="25943" x="176" y="129" width="42" height="42" xoffset="0" yoffset="-2" xadvance="42" page="0" chnl="15"/><!-- 敗 --><char id="25968" x="133" y="434" width="42" height="42" xoffset="0" yoffset="-2" xadvance="42" page="0" chnl="15"/><!-- 数 --><char id="26032" x="90" y="176" width="42" height="43" xoffset="0" yoffset="-3" xadvance="42" page="0" chnl="15"/><!-- 新 --><char id="26041" x="262" y="321" width="41" height="43" xoffset="1" yoffset="-3" xadvance="42" page="0" chnl="15"/><!-- 方 --><char id="26085" x="545" y="70" width="31" height="41" xoffset="6" yoffset="-1" xadvance="42" page="0" chnl="15"/><!-- 日 --><char id="26178" x="305" y="302" width="41" height="42" xoffset="1" yoffset="-2" xadvance="42" page="0" chnl="15"/><!-- 時 --><char id="26223" x="219" y="382" width="42" height="41" xoffset="0" yoffset="-1" xadvance="42" page="0" chnl="15"/><!-- 景 --><char id="26228" x="305" y="345" width="41" height="42" xoffset="1" yoffset="-2" xadvance="42" page="0" chnl="15"/><!-- 晴 --><char id="26368" x="305" y="431" width="41" height="41" xoffset="1" yoffset="-1" xadvance="42" page="0" chnl="15"/><!-- 最 --><char id="26413" x="46" y="255" width="42" height="43" xoffset="0" yoffset="-3" xadvance="42" page="0" chnl="15"/><!-- 札 --><char id="26522" x="0" y="381" width="43" height="43" xoffset="0" yoffset="-3" xadvance="42" page="0" chnl="15"/><!-- 枚 --><char id="26524" x="219" y="298" width="42" height="41" xoffset="0" yoffset="-1" xadvance="42" page="0" chnl="15"/><!-- 果 --><char id="27161" x="176" y="387" width="42" height="42" xoffset="0" yoffset="-2" xadvance="42" page="0" chnl="15"/><!-- 標 --><char id="27231" x="219" y="86" width="42" height="42" xoffset="0" yoffset="-2" xadvance="42" page="0" chnl="15"/><!-- 機 --><char id="27425" x="46" y="167" width="42" height="43" xoffset="0" yoffset="-3" xadvance="42" page="0" chnl="15"/><!-- 次 --><char id="28310" x="90" y="440" width="42" height="43" xoffset="0" yoffset="-3" xadvance="42" page="0" chnl="15"/><!-- 準 --><char id="29694" x="219" y="466" width="42" height="41" xoffset="0" yoffset="-1" xadvance="42" page="0" chnl="15"/><!-- 現 --><char id="29992" x="389" y="436" width="39" height="41" xoffset="0" yoffset="-1" xadvance="42" page="0" chnl="15"/><!-- 用 --><char id="30003" x="509" y="155" width="34" height="42" xoffset="4" yoffset="-2" xadvance="42" page="0" chnl="15"/><!-- 申 --><char id="30058" x="133" y="305" width="42" height="42" xoffset="0" yoffset="-2" xadvance="42" page="0" chnl="15"/><!-- 番 --><char id="30340" x="347" y="252" width="40" height="42" xoffset="1" yoffset="-3" xadvance="42" page="0" chnl="15"/><!-- 的 --><char id="30446" x="509" y="531" width="32" height="41" xoffset="5" yoffset="-1" xadvance="42" page="0" chnl="15"/><!-- 目 --><char id="31034" x="347" y="0" width="41" height="39" xoffset="0" yoffset="0" xadvance="42" page="0" chnl="15"/><!-- 示 --><char id="31168" x="305" y="216" width="41" height="42" xoffset="1" yoffset="-2" xadvance="42" page="0" chnl="15"/><!-- 秀 --><char id="31227" x="0" y="249" width="43" height="43" xoffset="-1" yoffset="-3" xadvance="42" page="0" chnl="15"/><!-- 移 --><char id="31354" x="389" y="84" width="40" height="41" xoffset="1" yoffset="-3" xadvance="42" page="0" chnl="15"/><!-- 空 --><char id="32032" x="347" y="208" width="40" height="43" xoffset="1" yoffset="-3" xadvance="42" page="0" chnl="15"/><!-- 素 --><char id="32066" x="46" y="211" width="42" height="43" xoffset="0" yoffset="-3" xadvance="42" page="0" chnl="15"/><!-- 終 --><char id="32068" x="219" y="172" width="42" height="41" xoffset="0" yoffset="-2" xadvance="42" page="0" chnl="15"/><!-- 組 --><char id="32113" x="46" y="563" width="42" height="43" xoffset="0" yoffset="-3" xadvance="42" page="0" chnl="15"/><!-- 統 --><char id="32154" x="133" y="348" width="42" height="42" xoffset="0" yoffset="-2" xadvance="42" page="0" chnl="15"/><!-- 続 --><char id="32207" x="219" y="129" width="42" height="42" xoffset="0" yoffset="-3" xadvance="42" page="0" chnl="15"/><!-- 総 --><char id="32622" x="262" y="0" width="42" height="40" xoffset="0" yoffset="-1" xadvance="42" page="0" chnl="15"/><!-- 置 --><char id="32972" x="90" y="308" width="42" height="43" xoffset="0" yoffset="-3" xadvance="42" page="0" chnl="15"/><!-- 背 --><char id="33258" x="509" y="487" width="32" height="43" xoffset="5" yoffset="-3" xadvance="42" page="0" chnl="15"/><!-- 自 --><char id="34892" x="219" y="43" width="42" height="42" xoffset="0" yoffset="-2" xadvance="42" page="0" chnl="15"/><!-- 行 --><char id="34920" x="176" y="344" width="42" height="42" xoffset="0" yoffset="-2" xadvance="42" page="0" chnl="15"/><!-- 表 --><char id="35023" x="90" y="352" width="42" height="43" xoffset="0" yoffset="-3" xadvance="42" page="0" chnl="15"/><!-- 裏 --><char id="35201" x="219" y="424" width="42" height="41" xoffset="0" yoffset="-1" xadvance="42" page="0" chnl="15"/><!-- 要 --><char id="35299" x="46" y="387" width="42" height="43" xoffset="0" yoffset="-3" xadvance="42" page="0" chnl="15"/><!-- 解 --><char id="35328" x="133" y="88" width="42" height="43" xoffset="0" yoffset="-3" xadvance="42" page="0" chnl="15"/><!-- 言 --><char id="35336" x="90" y="0" width="42" height="43" xoffset="0" yoffset="-3" xadvance="42" page="0" chnl="15"/><!-- 計 --><char id="35373" x="0" y="337" width="43" height="43" xoffset="0" yoffset="-3" xadvance="42" page="0" chnl="15"/><!-- 設 --><char id="35379" x="90" y="572" width="42" height="43" xoffset="0" yoffset="-3" xadvance="42" page="0" chnl="15"/><!-- 訳 --><char id="35430" x="133" y="44" width="42" height="43" xoffset="0" yoffset="-3" xadvance="42" page="0" chnl="15"/><!-- 試 --><char id="35440" x="90" y="132" width="42" height="43" xoffset="0" yoffset="-3" xadvance="42" page="0" chnl="15"/><!-- 詰 --><char id="35486" x="133" y="132" width="42" height="43" xoffset="0" yoffset="-3" xadvance="42" page="0" chnl="15"/><!-- 語 --><char id="35501" x="90" y="264" width="42" height="43" xoffset="0" yoffset="-3" xadvance="42" page="0" chnl="15"/><!-- 読 --><char id="35519" x="305" y="0" width="41" height="43" xoffset="0" yoffset="-3" xadvance="42" page="0" chnl="15"/><!-- 調 --><char id="36000" x="347" y="164" width="40" height="43" xoffset="0" yoffset="-3" xadvance="42" page="0" chnl="15"/><!-- 負 --><char id="36196" x="305" y="87" width="41" height="42" xoffset="0" yoffset="-2" xadvance="42" page="0" chnl="15"/><!-- 赤 --><char id="36796" x="176" y="301" width="42" height="42" xoffset="0" yoffset="-2" xadvance="42" page="0" chnl="15"/><!-- 込 --><char id="36938" x="46" y="123" width="42" height="43" xoffset="0" yoffset="-3" xadvance="42" page="0" chnl="15"/><!-- 遊 --><char id="36948" x="219" y="0" width="42" height="42" xoffset="0" yoffset="-2" xadvance="42" page="0" chnl="15"/><!-- 達 --><char id="36969" x="90" y="220" width="42" height="43" xoffset="0" yoffset="-3" xadvance="42" page="0" chnl="15"/><!-- 適 --><char id="37197" x="219" y="214" width="42" height="41" xoffset="0" yoffset="-1" xadvance="42" page="0" chnl="15"/><!-- 配 --><char id="37325" x="347" y="466" width="40" height="41" xoffset="1" yoffset="-2" xadvance="42" page="0" chnl="15"/><!-- 重 --><char id="38533" x="347" y="550" width="40" height="41" xoffset="1" yoffset="-1" xadvance="42" page="0" chnl="15"/><!-- 隅 --><char id="38899" x="347" y="120" width="40" height="43" xoffset="1" yoffset="-3" xadvance="42" page="0" chnl="15"/><!-- 音 --><char id="38918" x="133" y="262" width="42" height="42" xoffset="0" yoffset="-2" xadvance="42" page="0" chnl="15"/><!-- 順 --><char id="38936" x="176" y="430" width="42" height="42" xoffset="0" yoffset="-2" xadvance="42" page="0" chnl="15"/><!-- 領 --><char id="38988" x="219" y="256" width="42" height="41" xoffset="0" yoffset="-1" xadvance="42" page="0" chnl="15"/><!-- 題 --><char id="40658" x="347" y="508" width="40" height="41" xoffset="1" yoffset="-1" xadvance="42" page="0" chnl="15"/><!-- 黒 --><char id="65281" x="605" y="416" width="9" height="33" xoffset="6" yoffset="2" xadvance="42" page="0" chnl="15"/><!-- ！ --><char id="65288" x="605" y="168" width="13" height="43" xoffset="27" yoffset="-3" xadvance="42" page="0" chnl="15"/><!-- （ --><char id="65289" x="605" y="212" width="13" height="43" xoffset="2" yoffset="-3" xadvance="42" page="0" chnl="15"/><!-- ） --><char id="65306" x="458" y="594" width="9" height="25" xoffset="6" yoffset="6" xadvance="42" page="0" chnl="15"/><!-- ： --></chars></font>