{"levels":[{"level_id":1001,"enemy_row1":"r11-r11-r11-r11-r11","enemy_row2":"r7-r11-r11-r10-r5","enemy_row3":"0-m3-m4-m2-0"},{"level_id":1002,"enemy_row1":"r11-r11-r11-r11-r11","enemy_row2":"r3-r7-r10-r6-r2","enemy_row3":"0-m11-0-m11-0"},{"level_id":1003,"enemy_row1":"r7-r11-r11-r10-r6","enemy_row2":"m11-r11-r11-m11-r11","enemy_row3":"0-m3-m4-m2-0"},{"level_id":1004,"enemy_row1":"r11-r11-r11-r11-r11","enemy_row2":"r7-r11-r11-r10-r6","enemy_row3":"0-m3-m5-m2-0"},{"level_id":1005,"enemy_row1":"r7-r11-r11-r10-r6","enemy_row2":"m11-r11-r11-m11-r11","enemy_row3":"m2-m4-m5-m3-0"},{"level_id":1006,"enemy_row1":"r11-r11-r11-r11-r11","enemy_row2":"r8-r11-r11-r10-r3","enemy_row3":"0-0-m2-0-0"},{"level_id":1007,"enemy_row1":"r11-r11-r11-r11-r11","enemy_row2":"r4-r10-r11-r8-r3","enemy_row3":"0-m11-0-m2-0"},{"level_id":1008,"enemy_row1":"r11-r11-r11-r11-r11","enemy_row2":"r5-r10-r11-r8-r3","enemy_row3":"0-m11-0-m2-0"},{"level_id":1009,"enemy_row1":"r11-r11-r11-r11-r11","enemy_row2":"r8-r11-r11-r10-r6","enemy_row3":"0-0-m2-0-0"},{"level_id":1010,"enemy_row1":"r11-r11-r11-r11-r10","enemy_row2":"r2-m6-m8-r4-0","enemy_row3":"0-m11-m11-m11-0"},{"level_id":1011,"enemy_row1":"r11-r11-r11-r11-r11","enemy_row2":"r6-r10-r11-r8-r5","enemy_row3":"0-m11-0-m2-0"},{"level_id":1012,"enemy_row1":"r8-r11-r11-r10-r6","enemy_row2":"m11-r11-r11-m11-r11","enemy_row3":"0-m4-m5-m2-0"},{"level_id":1013,"enemy_row1":"r11-r11-r11-r11-r11","enemy_row2":"r7-r10-r11-r8-r2","enemy_row3":"0-0-m11-0-0"},{"level_id":1014,"enemy_row1":"r8-r11-r11-r10-r7","enemy_row2":"m11-r11-r11-m11-r11","enemy_row3":"0-m4-0-m2-0"},{"level_id":1015,"enemy_row1":"r8-r11-r11-r10-r7","enemy_row2":"m11-r11-r11-m11-r11","enemy_row3":"0-m5-0-m2-0"},{"level_id":1016,"enemy_row1":"r11-r11-r11-r11-r11","enemy_row2":"r5-r8-r10-r7-r4","enemy_row3":"0-m11-m11-m2-0"},{"level_id":1017,"enemy_row1":"r11-r11-r11-r11-r11","enemy_row2":"r6-r8-r10-r7-r2","enemy_row3":"0-m11-0-m11-0"},{"level_id":1018,"enemy_row1":"r11-r11-r11-r11-r11","enemy_row2":"r7-r10-r11-r8-r6","enemy_row3":"0-m4-m11-m2-0"},{"level_id":1019,"enemy_row1":"r11-r11-r11-r11-r11","enemy_row2":"r7-r10-r11-r8-r6","enemy_row3":"m2-m5-m11-m3-0"},{"level_id":1020,"enemy_row1":"r11-r11-r11-r11-r11","enemy_row2":"r7-r10-r11-r8-r6","enemy_row3":"m3-m5-m11-m4-m2"},{"level_id":1021,"enemy_row1":"r11-r11-r11-r11-r11","enemy_row2":"r9-r11-r11-r10-r3","enemy_row3":"0-0-m2-0-0"},{"level_id":1022,"enemy_row1":"r11-r11-r11-r11-r10","enemy_row2":"r2-m4-m9-r3-0","enemy_row3":"0-m11-m11-m11-0"},{"level_id":1023,"enemy_row1":"r11-r11-r11-r11-r10","enemy_row2":"r2-m5-m9-r3-0","enemy_row3":"0-m11-m11-m11-0"},{"level_id":1024,"enemy_row1":"r11-r11-r11-r11-r11","enemy_row2":"r4-r9-r10-r5-r3","enemy_row3":"0-m11-m11-m2-0"},{"level_id":1025,"enemy_row1":"r11-r11-r11-r11-r11","enemy_row2":"r6-r10-r11-r9-r3","enemy_row3":"0-m11-0-m2-0"},{"level_id":1026,"enemy_row1":"r11-r11-r11-r11-r11","enemy_row2":"r6-r10-r11-r9-r4","enemy_row3":"0-m3-m11-m2-0"},{"level_id":1027,"enemy_row1":"r11-r11-r11-r11-r11","enemy_row2":"r6-r10-r11-r9-r5","enemy_row3":"0-m3-m11-m2-0"},{"level_id":1028,"enemy_row1":"r11-r11-r11-r11-r11","enemy_row2":"r9-r11-r11-r10-r6","enemy_row3":"m2-m4-m5-m3-0"},{"level_id":1029,"enemy_row1":"r11-r11-r11-r11-r10","enemy_row2":"r2-m7-m9-r4-0","enemy_row3":"0-m11-m11-m11-0"},{"level_id":1030,"enemy_row1":"r11-r11-r11-r11-r11","enemy_row2":"r5-r9-r10-r7-r2","enemy_row3":"0-m11-0-m11-0"},{"level_id":1031,"enemy_row1":"r11-r11-r11-r11-r11","enemy_row2":"r7-r10-r11-r9-r5","enemy_row3":"0-m4-m11-m2-0"},{"level_id":1032,"enemy_row1":"r11-r11-r11-r11-r11","enemy_row2":"r9-r11-r11-r10-r7","enemy_row3":"0-m6-0-m2-0"},{"level_id":1033,"enemy_row1":"r11-r11-r11-r11-r11","enemy_row2":"r7-r10-r11-r9-r6","enemy_row3":"0-m4-m11-m2-0"},{"level_id":1034,"enemy_row1":"r11-r11-r11-r11-r11","enemy_row2":"r9-r11-r11-r10-r7","enemy_row3":"0-m5-m6-m2-0"},{"level_id":1035,"enemy_row1":"r11-r11-r11-r11-r11","enemy_row2":"r7-r10-r11-r9-r6","enemy_row3":"m2-m5-m11-m4-0"},{"level_id":1036,"enemy_row1":"r11-r11-r11-r11-r11","enemy_row2":"r8-r10-r11-r9-r2","enemy_row3":"0-0-m11-0-0"},{"level_id":1037,"enemy_row1":"r11-r11-r11-r11-r11","enemy_row2":"r8-r10-r11-r9-r4","enemy_row3":"0-m11-0-m2-0"},{"level_id":1038,"enemy_row1":"r11-r11-r11-r11-r11","enemy_row2":"r8-r10-r11-r9-r5","enemy_row3":"0-m11-0-m2-0"},{"level_id":1039,"enemy_row1":"r11-r11-r11-r11-r11","enemy_row2":"r9-r11-r11-r10-r8","enemy_row3":"m2-m4-m5-m3-0"},{"level_id":1040,"enemy_row1":"r11-r11-r11-r11-r11","enemy_row2":"r9-r11-r11-r10-r8","enemy_row3":"0-m3-m6-m2-0"},{"level_id":1041,"enemy_row1":"r11-r11-r11-r11-r11","enemy_row2":"r6-r9-r10-r8-r4","enemy_row3":"m2-m11-m11-m3-0"},{"level_id":1042,"enemy_row1":"r11-r11-r11-r11-r11","enemy_row2":"r8-r10-r11-r9-r6","enemy_row3":"m2-m5-m11-m3-0"},{"level_id":1043,"enemy_row1":"r11-r11-r11-r11-r11","enemy_row2":"r8-r10-r11-r9-r6","enemy_row3":"m3-m5-m11-m4-m2"},{"level_id":1044,"enemy_row1":"r11-r11-r11-r11-r11","enemy_row2":"r9-r11-r11-r10-r8","enemy_row3":"0-m3-m7-m2-0"},{"level_id":1045,"enemy_row1":"r11-r11-r11-r11-r10","enemy_row2":"r4-m8-m9-r7-r3","enemy_row3":"m2-m11-m11-m11-0"},{"level_id":1046,"enemy_row1":"r11-r11-r11-r11-r11","enemy_row2":"r9-r11-r11-r10-r8","enemy_row3":"m2-m5-m7-m3-0"},{"level_id":1047,"enemy_row1":"r11-r11-r11-r11-r11","enemy_row2":"r7-r9-r10-r8-r5","enemy_row3":"m3-m11-m11-m4-m2"},{"level_id":1048,"enemy_row1":"r9-r11-r11-r10-r8","enemy_row2":"m11-r11-r11-m11-r11","enemy_row3":"m2-m6-m7-m3-0"},{"level_id":1049,"enemy_row1":"r11-r11-r11-r11-r11","enemy_row2":"r8-r10-r11-r9-r7","enemy_row3":"m2-m6-m11-m5-0"},{"level_id":1050,"enemy_row1":"r11-r11-r11-r11-r11","enemy_row2":"r8-r10-r11-r9-r7","enemy_row3":"m4-m6-m11-m5-m2"},{"level_id":1051,"enemy_row1":"r2-r11-r11-r11-0","enemy_row2":"m11-r11-r11-m11-r11","enemy_row3":"0-0-0-0-0"},{"level_id":1052,"enemy_row1":"r11-r11-r11-r11-r11","enemy_row2":"0-r4-r11-r2-0","enemy_row3":"0-m11-0-m11-0"},{"level_id":1053,"enemy_row1":"r11-r11-r11-r11-r11","enemy_row2":"r2-r11-r11-r5-0","enemy_row3":"0-0-m11-0-0"},{"level_id":1054,"enemy_row1":"r11-r11-r11-r11-r11","enemy_row2":"r5-r11-r11-r11-r4","enemy_row3":"0-0-m2-0-0"},{"level_id":1055,"enemy_row1":"r11-r11-r11-r11-r11","enemy_row2":"0-r6-r11-r2-0","enemy_row3":"0-m11-0-m11-0"},{"level_id":1056,"enemy_row1":"r11-r11-r11-r11-r11","enemy_row2":"0-m4-m6-r2-0","enemy_row3":"0-m11-m11-m11-0"},{"level_id":1057,"enemy_row1":"r11-r11-r11-r11-r11","enemy_row2":"0-m5-m6-r2-0","enemy_row3":"0-m11-m11-m11-0"},{"level_id":1058,"enemy_row1":"r6-r11-r11-r11-r5","enemy_row2":"m11-r11-r11-m11-r11","enemy_row3":"0-m4-0-m2-0"},{"level_id":1059,"enemy_row1":"r7-r11-r11-r11-r3","enemy_row2":"m11-r11-r11-m11-r11","enemy_row3":"0-0-m2-0-0"},{"level_id":1060,"enemy_row1":"r11-r11-r11-r11-r11","enemy_row2":"r2-m4-m7-r3-0","enemy_row3":"0-m11-m11-m11-0"},{"level_id":1061,"enemy_row1":"r11-r11-r11-r11-r11","enemy_row2":"r3-r7-r11-r5-r2","enemy_row3":"0-m11-0-m11-0"},{"level_id":1062,"enemy_row1":"r11-r11-r11-r11-r11","enemy_row2":"r5-r11-r11-r7-r4","enemy_row3":"0-m3-m11-m2-0"},{"level_id":1063,"enemy_row1":"r11-r11-r11-r11-r11","enemy_row2":"r7-r11-r11-r11-r6","enemy_row3":"0-m3-0-m2-0"},{"level_id":1064,"enemy_row1":"r7-r11-r11-r11-r6","enemy_row2":"m11-r11-r11-m11-r11","enemy_row3":"0-m3-m4-m2-0"},{"level_id":1065,"enemy_row1":"r11-r11-r11-r11-r11","enemy_row2":"r3-m6-m7-r5-r2","enemy_row3":"0-m11-m11-m11-0"},{"level_id":1066,"enemy_row1":"r11-r11-r11-r11-r11","enemy_row2":"r6-r11-r11-r7-r5","enemy_row3":"m2-m4-m11-m3-0"},{"level_id":1067,"enemy_row1":"r11-r11-r11-r11-r11","enemy_row2":"r3-r11-r11-r8-r2","enemy_row3":"0-0-m11-0-0"},{"level_id":1068,"enemy_row1":"r11-r11-r11-r11-r11","enemy_row2":"r4-r11-r11-r8-r3","enemy_row3":"0-m11-0-m2-0"},{"level_id":1069,"enemy_row1":"r11-r11-r11-r11-r11","enemy_row2":"r4-r8-r11-r5-r2","enemy_row3":"0-m11-0-m11-0"},{"level_id":1070,"enemy_row1":"r11-r11-r11-r11-r11","enemy_row2":"r6-r11-r11-r8-r2","enemy_row3":"0-0-m11-0-0"},{"level_id":1071,"enemy_row1":"r8-r11-r11-r11-r6","enemy_row2":"m11-r11-r11-m11-r11","enemy_row3":"0-m4-0-m2-0"},{"level_id":1072,"enemy_row1":"r11-r11-r11-r11-r11","enemy_row2":"r5-r8-r11-r6-r2","enemy_row3":"0-m11-0-m11-0"},{"level_id":1073,"enemy_row1":"r11-r11-r11-r11-r11","enemy_row2":"r6-r11-r11-r8-r5","enemy_row3":"0-m4-m11-m2-0"},{"level_id":1074,"enemy_row1":"r8-r11-r11-r11-r7","enemy_row2":"m11-r11-r11-m11-r11","enemy_row3":"0-0-m2-0-0"},{"level_id":1075,"enemy_row1":"r11-r11-r11-r11-r11","enemy_row2":"r4-r8-r11-r7-r2","enemy_row3":"0-m11-0-m11-0"},{"level_id":1076,"enemy_row1":"r8-r11-r11-r11-r7","enemy_row2":"m11-r11-r11-m11-r11","enemy_row3":"0-m5-0-m2-0"},{"level_id":1077,"enemy_row1":"r11-r11-r11-r11-r11","enemy_row2":"r7-r11-r11-r8-r5","enemy_row3":"0-m4-m11-m2-0"},{"level_id":1078,"enemy_row1":"r8-r11-r11-r11-r7","enemy_row2":"m11-r11-r11-m11-r11","enemy_row3":"0-m6-0-m2-0"},{"level_id":1079,"enemy_row1":"r11-r11-r11-r11-r11","enemy_row2":"r6-r8-r11-r7-r4","enemy_row3":"m2-m11-m11-m3-0"},{"level_id":1080,"enemy_row1":"r11-r11-r11-r11-r11","enemy_row2":"r7-r11-r11-r8-r6","enemy_row3":"m2-m5-m11-m3-0"},{"level_id":1081,"enemy_row1":"r8-r11-r11-r11-r7","enemy_row2":"m11-r11-r11-m11-r11","enemy_row3":"m3-m5-m6-m4-m2"},{"level_id":1082,"enemy_row1":"r11-r11-r11-r11-r11","enemy_row2":"r9-r11-r11-r11-r3","enemy_row3":"0-0-m2-0-0"},{"level_id":1083,"enemy_row1":"r11-r11-r11-r11-r11","enemy_row2":"r2-m4-m9-r3-0","enemy_row3":"0-m11-m11-m11-0"},{"level_id":1084,"enemy_row1":"r11-r11-r11-r11-r11","enemy_row2":"r9-r11-r11-r11-r5","enemy_row3":"0-m3-0-m2-0"},{"level_id":1085,"enemy_row1":"r9-r11-r11-r11-r5","enemy_row2":"m11-r11-r11-m11-r11","enemy_row3":"0-m3-m4-m2-0"},{"level_id":1086,"enemy_row1":"r11-r11-r11-r11-r11","enemy_row2":"r2-m6-m9-r3-0","enemy_row3":"0-m11-m11-m11-0"},{"level_id":1087,"enemy_row1":"r11-r11-r11-r11-r11","enemy_row2":"r6-r11-r11-r9-r4","enemy_row3":"0-m3-m11-m2-0"},{"level_id":1088,"enemy_row1":"r11-r11-r11-r11-r11","enemy_row2":"r9-r11-r11-r11-r6","enemy_row3":"0-m3-m5-m2-0"},{"level_id":1089,"enemy_row1":"r11-r11-r11-r11-r11","enemy_row2":"r2-r9-r11-r7-0","enemy_row3":"0-m11-0-m11-0"},{"level_id":1090,"enemy_row1":"r11-r11-r11-r11-r11","enemy_row2":"r4-r9-r11-r7-r2","enemy_row3":"0-m11-0-m11-0"},{"level_id":1091,"enemy_row1":"r11-r11-r11-r11-r11","enemy_row2":"r7-r11-r11-r9-r5","enemy_row3":"0-m11-0-m2-0"},{"level_id":1092,"enemy_row1":"r11-r11-r11-r11-r11","enemy_row2":"r9-r11-r11-r11-r7","enemy_row3":"0-m4-m5-m2-0"},{"level_id":1093,"enemy_row1":"r11-r11-r11-r11-r11","enemy_row2":"r2-m7-m9-r6-0","enemy_row3":"0-m11-m11-m11-0"},{"level_id":1094,"enemy_row1":"r11-r11-r11-r11-r11","enemy_row2":"r9-r11-r11-r11-r7","enemy_row3":"0-m4-m6-m2-0"},{"level_id":1095,"enemy_row1":"r9-r11-r11-r11-r7","enemy_row2":"m11-r11-r11-m11-r11","enemy_row3":"0-m5-m6-m2-0"},{"level_id":1096,"enemy_row1":"r11-r11-r11-r11-r11","enemy_row2":"r6-r9-r11-r7-r5","enemy_row3":"m2-m11-m11-m4-0"},{"level_id":1097,"enemy_row1":"r11-r11-r11-r11-r11","enemy_row2":"r8-r11-r11-r9-r2","enemy_row3":"0-0-m11-0-0"},{"level_id":1098,"enemy_row1":"r11-r11-r11-r11-r11","enemy_row2":"r4-r9-r11-r8-r2","enemy_row3":"0-m11-0-m11-0"},{"level_id":1099,"enemy_row1":"r11-r11-r11-r11-r11","enemy_row2":"r9-r11-r11-r11-r8","enemy_row3":"0-m3-m5-m2-0"},{"level_id":1100,"enemy_row1":"r11-r11-r11-r11-r11","enemy_row2":"r8-r11-r11-r9-r5","enemy_row3":"m2-m4-m11-m3-0"}]}