{"levels":[{"level_id":601,"enemy_row1":"r9-r11-r11-r11-r6","enemy_row2":"r2-r4-r5-r3-0","enemy_row3":"0-0-m11-0-0"},{"level_id":602,"enemy_row1":"r7-r11-r11-r9-r3","enemy_row2":"0-r11-0-r2-0","enemy_row3":"0-0-m11-0-0"},{"level_id":603,"enemy_row1":"r2-r4-r7-r3-0","enemy_row2":"m11-r11-r11-m11-r9","enemy_row3":"0-0-0-0-0"},{"level_id":604,"enemy_row1":"r5-r9-r11-r7-r3","enemy_row2":"0-0-m2-0-0","enemy_row3":"0-m11-m11-m11-0"},{"level_id":605,"enemy_row1":"r5-r9-r11-r7-r4","enemy_row2":"0-m3-0-m2-0","enemy_row3":"0-m11-m11-m11-0"},{"level_id":606,"enemy_row1":"r11-r11-r11-r11-r9","enemy_row2":"r2-r6-r7-r3-0","enemy_row3":"0-0-0-0-0"},{"level_id":607,"enemy_row1":"r3-r6-r7-r4-r2","enemy_row2":"m11-r11-r11-m11-r9","enemy_row3":"0-0-0-0-0"},{"level_id":608,"enemy_row1":"r7-r11-r11-r9-r6","enemy_row2":"r2-r5-r11-r3-0","enemy_row3":"0-0-m11-0-0"},{"level_id":609,"enemy_row1":"r9-r11-r11-r11-r8","enemy_row2":"0-0-r2-0-0","enemy_row3":"0-0-m11-0-0"},{"level_id":610,"enemy_row1":"0-r4-r8-r2-0","enemy_row2":"m11-r11-r11-m11-r9","enemy_row3":"0-0-0-0-0"},{"level_id":611,"enemy_row1":"r11-r11-r11-r11-r9","enemy_row2":"0-r5-r8-r2-0","enemy_row3":"0-0-0-0-0"},{"level_id":612,"enemy_row1":"r2-r5-r8-r4-0","enemy_row2":"m11-r11-r11-m11-r9","enemy_row3":"0-0-0-0-0"},{"level_id":613,"enemy_row1":"0-r6-r8-r2-0","enemy_row2":"m11-r11-r11-m11-r9","enemy_row3":"0-0-0-0-0"},{"level_id":614,"enemy_row1":"r6-r9-r11-r8-r4","enemy_row2":"0-0-m2-0-0","enemy_row3":"0-m11-m11-m11-0"},{"level_id":615,"enemy_row1":"r8-r11-r11-r9-r6","enemy_row2":"0-r5-0-r2-0","enemy_row3":"0-m11-0-m11-0"},{"level_id":616,"enemy_row1":"r6-r9-r11-r8-r5","enemy_row2":"0-m4-0-m2-0","enemy_row3":"0-m11-m11-m11-0"},{"level_id":617,"enemy_row1":"r8-r11-r11-r9-r7","enemy_row2":"0-r11-0-r2-0","enemy_row3":"0-0-m11-0-0"},{"level_id":618,"enemy_row1":"r2-r7-r8-r4-0","enemy_row2":"m11-r11-r11-m11-r9","enemy_row3":"0-0-0-0-0"},{"level_id":619,"enemy_row1":"r8-r11-r11-r9-r7","enemy_row2":"0-r3-r5-r2-0","enemy_row3":"0-m11-0-m11-0"},{"level_id":620,"enemy_row1":"r8-r11-r11-r9-r7","enemy_row2":"r3-r5-r11-r4-r2","enemy_row3":"0-0-m11-0-0"},{"level_id":621,"enemy_row1":"r7-r9-r11-r8-r6","enemy_row2":"0-m3-0-m2-0","enemy_row3":"0-m11-m11-m11-0"},{"level_id":622,"enemy_row1":"r11-r11-r11-r11-r9","enemy_row2":"r4-r7-r8-r6-r3","enemy_row3":"0-0-m2-0-0"},{"level_id":623,"enemy_row1":"r7-r9-r11-r8-r6","enemy_row2":"0-m3-m5-r2-0","enemy_row3":"0-m11-m11-m11-0"},{"level_id":624,"enemy_row1":"r9-r11-r11-r11-r8","enemy_row2":"r4-r6-r7-r5-r3","enemy_row3":"0-m11-0-m2-0"},{"level_id":625,"enemy_row1":"r3-r11-r11-r10-r2","enemy_row2":"0-0-0-0-0","enemy_row3":"0-m11-0-m11-0"},{"level_id":626,"enemy_row1":"r4-r11-r11-r10-r3","enemy_row2":"0-0-r2-0-0","enemy_row3":"0-m11-0-m11-0"},{"level_id":627,"enemy_row1":"r5-r11-r11-r10-r3","enemy_row2":"0-0-r2-0-0","enemy_row3":"0-m11-0-m11-0"},{"level_id":628,"enemy_row1":"r10-r11-r11-r11-r5","enemy_row2":"0-r3-r4-r2-0","enemy_row3":"0-0-m11-0-0"},{"level_id":629,"enemy_row1":"r10-r11-r11-r11-r6","enemy_row2":"0-r4-0-r2-0","enemy_row3":"0-0-m11-0-0"},{"level_id":630,"enemy_row1":"0-r5-r6-r2-0","enemy_row2":"m11-r11-r11-m11-r10","enemy_row3":"0-0-0-0-0"},{"level_id":631,"enemy_row1":"r6-r11-r11-r10-r5","enemy_row2":"0-r4-0-r2-0","enemy_row3":"0-m11-0-m11-0"},{"level_id":632,"enemy_row1":"r11-r11-r11-r11-r10","enemy_row2":"0-r7-0-r2-0","enemy_row3":"0-0-0-0-0"},{"level_id":633,"enemy_row1":"r10-r11-r11-r11-r7","enemy_row2":"0-r4-0-r2-0","enemy_row3":"0-0-m11-0-0"},{"level_id":634,"enemy_row1":"0-r5-r7-r2-0","enemy_row2":"m11-r11-r11-m11-r10","enemy_row3":"0-0-0-0-0"},{"level_id":635,"enemy_row1":"r10-r11-r11-r11-r7","enemy_row2":"0-r4-r5-r2-0","enemy_row3":"0-0-m11-0-0"},{"level_id":636,"enemy_row1":"r7-r11-r11-r10-r6","enemy_row2":"0-0-r2-0-0","enemy_row3":"0-m11-0-m11-0"},{"level_id":637,"enemy_row1":"r7-r11-r11-r10-r6","enemy_row2":"0-r4-0-r2-0","enemy_row3":"0-m11-0-m11-0"},{"level_id":638,"enemy_row1":"r11-r11-r11-r11-r10","enemy_row2":"r2-r6-r7-r5-0","enemy_row3":"0-0-0-0-0"},{"level_id":639,"enemy_row1":"r4-r6-r7-r5-r3","enemy_row2":"m11-r11-r11-m11-r10","enemy_row3":"0-0-m2-0-0"},{"level_id":640,"enemy_row1":"r8-r11-r11-r10-r3","enemy_row2":"0-0-r2-0-0","enemy_row3":"0-m11-0-m11-0"},{"level_id":641,"enemy_row1":"r8-r11-r11-r10-r4","enemy_row2":"0-r3-0-r2-0","enemy_row3":"0-m11-0-m11-0"},{"level_id":642,"enemy_row1":"r5-r10-r11-r8-r3","enemy_row2":"0-0-m2-0-0","enemy_row3":"0-m11-m11-m11-0"},{"level_id":643,"enemy_row1":"r3-r5-r8-r4-r2","enemy_row2":"m11-r11-r11-m11-r10","enemy_row3":"0-0-0-0-0"},{"level_id":644,"enemy_row1":"r6-r10-r11-r8-r3","enemy_row2":"0-0-m2-0-0","enemy_row3":"0-m11-m11-m11-0"},{"level_id":645,"enemy_row1":"r10-r11-r11-r11-r8","enemy_row2":"r2-r4-r6-r3-0","enemy_row3":"0-0-m11-0-0"},{"level_id":646,"enemy_row1":"r6-r10-r11-r8-r5","enemy_row2":"0-m3-0-m2-0","enemy_row3":"0-m11-m11-m11-0"},{"level_id":647,"enemy_row1":"r11-r11-r11-r11-r10","enemy_row2":"r4-r6-r8-r5-r3","enemy_row3":"0-0-m2-0-0"},{"level_id":648,"enemy_row1":"r2-r7-r8-r3-0","enemy_row2":"m11-r11-r11-m11-r10","enemy_row3":"0-0-0-0-0"},{"level_id":649,"enemy_row1":"r10-r11-r11-r11-r8","enemy_row2":"0-r5-r7-r2-0","enemy_row3":"0-0-m11-0-0"},{"level_id":650,"enemy_row1":"r10-r11-r11-r11-r8","enemy_row2":"r2-r5-r7-r4-0","enemy_row3":"0-0-m11-0-0"},{"level_id":651,"enemy_row1":"r11-r11-r11-r11-r10","enemy_row2":"r2-r7-r8-r6-0","enemy_row3":"0-0-0-0-0"},{"level_id":652,"enemy_row1":"r10-r11-r11-r11-r8","enemy_row2":"r2-r6-r7-r4-0","enemy_row3":"0-0-m11-0-0"},{"level_id":653,"enemy_row1":"r10-r11-r11-r11-r8","enemy_row2":"r2-r6-r7-r5-0","enemy_row3":"0-0-m11-0-0"},{"level_id":654,"enemy_row1":"r5-r7-r8-r6-r4","enemy_row2":"m11-r11-r11-m11-r10","enemy_row3":"0-0-m2-0-0"},{"level_id":655,"enemy_row1":"r2-r10-r11-r9-0","enemy_row2":"0-0-0-0-0","enemy_row3":"0-m11-m11-m11-0"},{"level_id":656,"enemy_row1":"r11-r11-r11-r11-r10","enemy_row2":"0-r4-r9-r2-0","enemy_row3":"0-0-0-0-0"},{"level_id":657,"enemy_row1":"r11-r11-r11-r11-r10","enemy_row2":"0-r5-r9-r2-0","enemy_row3":"0-0-0-0-0"},{"level_id":658,"enemy_row1":"r10-r11-r11-r11-r9","enemy_row2":"0-r4-r5-r2-0","enemy_row3":"0-0-m11-0-0"},{"level_id":659,"enemy_row1":"r9-r11-r11-r10-r6","enemy_row2":"0-r3-r11-r2-0","enemy_row3":"0-0-m11-0-0"},{"level_id":660,"enemy_row1":"r10-r11-r11-r11-r9","enemy_row2":"r2-r4-r6-r3-0","enemy_row3":"0-0-m11-0-0"},{"level_id":661,"enemy_row1":"r9-r11-r11-r10-r6","enemy_row2":"0-r3-r5-r2-0","enemy_row3":"0-m11-0-m11-0"},{"level_id":662,"enemy_row1":"r11-r11-r11-r11-r10","enemy_row2":"r4-r6-r9-r5-r3","enemy_row3":"0-0-m2-0-0"},{"level_id":663,"enemy_row1":"r2-r7-r9-r3-0","enemy_row2":"m11-r11-r11-m11-r10","enemy_row3":"0-0-0-0-0"},{"level_id":664,"enemy_row1":"r11-r11-r11-r11-r10","enemy_row2":"r3-r7-r9-r4-r2","enemy_row3":"0-0-0-0-0"},{"level_id":665,"enemy_row1":"r9-r11-r11-r10-r7","enemy_row2":"0-r3-r5-r2-0","enemy_row3":"0-m11-0-m11-0"},{"level_id":666,"enemy_row1":"r11-r11-r11-r11-r10","enemy_row2":"r4-r7-r9-r5-r3","enemy_row3":"0-0-m2-0-0"},{"level_id":667,"enemy_row1":"r9-r11-r11-r10-r7","enemy_row2":"r2-r6-r11-r3-0","enemy_row3":"0-0-m11-0-0"},{"level_id":668,"enemy_row1":"r9-r11-r11-r10-r7","enemy_row2":"r2-r4-r6-r3-0","enemy_row3":"0-m11-0-m11-0"},{"level_id":669,"enemy_row1":"r5-r7-r9-r6-r4","enemy_row2":"m11-r11-r11-m11-r10","enemy_row3":"0-0-m2-0-0"},{"level_id":670,"enemy_row1":"r9-r11-r11-r10-r8","enemy_row2":"0-0-r2-0-0","enemy_row3":"0-m11-0-m11-0"},{"level_id":671,"enemy_row1":"r10-r11-r11-r11-r9","enemy_row2":"0-r4-r8-r2-0","enemy_row3":"0-0-m11-0-0"},{"level_id":672,"enemy_row1":"r9-r11-r11-r10-r8","enemy_row2":"0-r5-r11-r2-0","enemy_row3":"0-0-m11-0-0"},{"level_id":673,"enemy_row1":"r9-r11-r11-r10-r8","enemy_row2":"0-r4-r5-r2-0","enemy_row3":"0-m11-0-m11-0"},{"level_id":674,"enemy_row1":"r8-r10-r11-r9-r6","enemy_row2":"0-0-m2-0-0","enemy_row3":"0-m11-m11-m11-0"},{"level_id":675,"enemy_row1":"r8-r10-r11-r9-r6","enemy_row2":"0-m4-0-m2-0","enemy_row3":"0-m11-m11-m11-0"},{"level_id":676,"enemy_row1":"r5-r8-r9-r6-r2","enemy_row2":"m11-r11-r11-m11-r10","enemy_row3":"0-0-0-0-0"},{"level_id":677,"enemy_row1":"r9-r11-r11-r10-r8","enemy_row2":"r2-r5-r6-r4-0","enemy_row3":"0-m11-0-m11-0"},{"level_id":678,"enemy_row1":"r9-r11-r11-r10-r8","enemy_row2":"0-r7-r11-r2-0","enemy_row3":"0-0-m11-0-0"},{"level_id":679,"enemy_row1":"r8-r10-r11-r9-r7","enemy_row2":"0-m3-m4-r2-0","enemy_row3":"0-m11-m11-m11-0"},{"level_id":680,"enemy_row1":"r10-r11-r11-r11-r9","enemy_row2":"r3-r7-r8-r5-r2","enemy_row3":"0-0-m11-0-0"},{"level_id":681,"enemy_row1":"r9-r11-r11-r10-r8","enemy_row2":"r4-r7-r11-r5-r3","enemy_row3":"0-m11-0-m2-0"},{"level_id":682,"enemy_row1":"r11-r11-r11-r11-r10","enemy_row2":"r6-r8-r9-r7-r3","enemy_row3":"0-0-m2-0-0"},{"level_id":683,"enemy_row1":"r9-r11-r11-r10-r8","enemy_row2":"r4-r7-r11-r6-r3","enemy_row3":"0-m11-0-m2-0"},{"level_id":684,"enemy_row1":"r11-r11-r11-r11-r10","enemy_row2":"r6-r8-r9-r7-r5","enemy_row3":"0-m3-0-m2-0"},{"level_id":685,"enemy_row1":"r6-r8-r9-r7-r5","enemy_row2":"m11-r11-r11-m11-r10","enemy_row3":"0-m3-m4-m2-0"},{"level_id":686,"enemy_row1":"r11-r11-r11-r11-r3","enemy_row2":"0-0-r2-0-0","enemy_row3":"0-0-m11-0-0"},{"level_id":687,"enemy_row1":"r11-r11-r11-r11-r4","enemy_row2":"0-r3-0-r2-0","enemy_row3":"0-0-m11-0-0"},{"level_id":688,"enemy_row1":"r3-r11-r11-r5-r2","enemy_row2":"0-0-0-0-0","enemy_row3":"0-m11-m11-m11-0"},{"level_id":689,"enemy_row1":"0-r6-0-r2-0","enemy_row2":"m11-r11-r11-m11-r11","enemy_row3":"0-0-0-0-0"},{"level_id":690,"enemy_row1":"r11-r11-r11-r11-r11","enemy_row2":"0-r4-r6-r2-0","enemy_row3":"0-0-0-0-0"},{"level_id":691,"enemy_row1":"r6-r11-r11-r11-r5","enemy_row2":"0-0-r2-0-0","enemy_row3":"0-m11-0-m11-0"},{"level_id":692,"enemy_row1":"r5-r11-r11-r6-r4","enemy_row2":"0-0-m2-0-0","enemy_row3":"0-m11-m11-m11-0"},{"level_id":693,"enemy_row1":"0-r7-0-r2-0","enemy_row2":"m11-r11-r11-m11-r11","enemy_row3":"0-0-0-0-0"},{"level_id":694,"enemy_row1":"0-r4-r7-r2-0","enemy_row2":"m11-r11-r11-m11-r11","enemy_row3":"0-0-0-0-0"},{"level_id":695,"enemy_row1":"0-r5-r7-r2-0","enemy_row2":"m11-r11-r11-m11-r11","enemy_row3":"0-0-0-0-0"},{"level_id":696,"enemy_row1":"r7-r11-r11-r11-r5","enemy_row2":"0-r4-r11-r2-0","enemy_row3":"0-0-m11-0-0"},{"level_id":697,"enemy_row1":"r7-r11-r11-r11-r6","enemy_row2":"0-r11-0-r2-0","enemy_row3":"0-0-m11-0-0"},{"level_id":698,"enemy_row1":"r11-r11-r11-r11-r11","enemy_row2":"r2-r6-r7-r4-0","enemy_row3":"0-0-0-0-0"},{"level_id":699,"enemy_row1":"r6-r11-r11-r7-r5","enemy_row2":"0-m3-0-m2-0","enemy_row3":"0-m11-m11-m11-0"},{"level_id":700,"enemy_row1":"r7-r11-r11-r11-r6","enemy_row2":"r2-r4-r5-r3-0","enemy_row3":"0-m11-0-m11-0"}]}