{"textures":[{"image":"default-resources-0.png","format":"RGBA8888","size":{"w":2029,"h":2029},"scale":1,"frames":[{"filename":"bg/bg-middle-2","rotated":false,"trimmed":false,"sourceSize":{"w":900,"h":849},"spriteSourceSize":{"x":0,"y":0,"w":900,"h":849},"frame":{"x":2,"y":2,"w":900,"h":849}},{"filename":"bg/bg-middle","rotated":false,"trimmed":false,"sourceSize":{"w":719,"h":849},"spriteSourceSize":{"x":0,"y":0,"w":719,"h":849},"frame":{"x":2,"y":854,"w":719,"h":849}},{"filename":"ui-ngang/bg-middle","rotated":false,"trimmed":false,"sourceSize":{"w":719,"h":568},"spriteSourceSize":{"x":0,"y":0,"w":719,"h":568},"frame":{"x":905,"y":2,"w":719,"h":568}},{"filename":"ui-ngang/bg-top","rotated":false,"trimmed":false,"sourceSize":{"w":719,"h":178},"spriteSourceSize":{"x":0,"y":0,"w":719,"h":178},"frame":{"x":2,"y":1706,"w":719,"h":178}},{"filename":"leaderboards/bg-top","rotated":false,"trimmed":false,"sourceSize":{"w":949,"h":168},"spriteSourceSize":{"x":0,"y":0,"w":949,"h":168},"frame":{"x":905,"y":573,"w":949,"h":168}},{"filename":"footer","rotated":false,"trimmed":false,"sourceSize":{"w":750,"h":153},"spriteSourceSize":{"x":0,"y":0,"w":750,"h":153},"frame":{"x":905,"y":744,"w":750,"h":153}},{"filename":"bg/bg-bottom","rotated":false,"trimmed":false,"sourceSize":{"w":719,"h":111},"spriteSourceSize":{"x":0,"y":0,"w":719,"h":111},"frame":{"x":2,"y":1887,"w":719,"h":111}},{"filename":"daily-challenge/bg","rotated":false,"trimmed":false,"sourceSize":{"w":520,"h":285},"spriteSourceSize":{"x":0,"y":0,"w":520,"h":285},"frame":{"x":724,"y":900,"w":520,"h":285}},{"filename":"ui-ngang/khung-next-block","rotated":false,"trimmed":false,"sourceSize":{"w":200,"h":600},"spriteSourceSize":{"x":0,"y":0,"w":200,"h":600},"frame":{"x":724,"y":1188,"w":200,"h":600}},{"filename":"popup/middle","rotated":false,"trimmed":false,"sourceSize":{"w":431,"h":227},"spriteSourceSize":{"x":0,"y":0,"w":431,"h":227},"frame":{"x":1247,"y":900,"w":431,"h":227}},{"filename":"lives/heart","rotated":false,"trimmed":false,"sourceSize":{"w":339,"h":279},"spriteSourceSize":{"x":0,"y":0,"w":339,"h":279},"frame":{"x":1627,"y":2,"w":339,"h":279}},{"filename":"popup/background","rotated":false,"trimmed":false,"sourceSize":{"w":395,"h":221},"spriteSourceSize":{"x":0,"y":0,"w":395,"h":221},"frame":{"x":1627,"y":284,"w":395,"h":221}},{"filename":"ui-ngang/khung-mission","rotated":false,"trimmed":false,"sourceSize":{"w":95,"h":464},"spriteSourceSize":{"x":0,"y":0,"w":95,"h":464},"frame":{"x":927,"y":1188,"w":95,"h":464}},{"filename":"bg/bg-dark","rotated":false,"trimmed":false,"sourceSize":{"w":243,"h":303},"spriteSourceSize":{"x":0,"y":0,"w":243,"h":303},"frame":{"x":1025,"y":1188,"w":243,"h":303}},{"filename":"score-panel","rotated":false,"trimmed":false,"sourceSize":{"w":526,"h":152},"spriteSourceSize":{"x":0,"y":0,"w":526,"h":152},"frame":{"x":1271,"y":1130,"w":526,"h":152}},{"filename":"daily-challenge/bg-item-dark","rotated":false,"trimmed":false,"sourceSize":{"w":508,"h":81},"spriteSourceSize":{"x":0,"y":0,"w":508,"h":81},"frame":{"x":1271,"y":1285,"w":508,"h":81}},{"filename":"popup/top-dark","rotated":false,"trimmed":false,"sourceSize":{"w":431,"h":89},"spriteSourceSize":{"x":0,"y":0,"w":431,"h":89},"frame":{"x":1271,"y":1369,"w":431,"h":89}},{"filename":"best-score-frame-long","rotated":false,"trimmed":false,"sourceSize":{"w":386,"h":154},"spriteSourceSize":{"x":0,"y":0,"w":386,"h":154},"frame":{"x":1271,"y":1461,"w":386,"h":154}},{"filename":"bg-progress-circle","rotated":false,"trimmed":false,"sourceSize":{"w":232,"h":231},"spriteSourceSize":{"x":0,"y":0,"w":232,"h":231},"frame":{"x":724,"y":1791,"w":232,"h":231}},{"filename":"texts/no-thank","rotated":false,"trimmed":false,"sourceSize":{"w":167,"h":26},"spriteSourceSize":{"x":0,"y":0,"w":167,"h":26},"frame":{"x":2,"y":2001,"w":167,"h":26}},{"filename":"buttons/dark-blue-big","rotated":false,"trimmed":false,"sourceSize":{"w":240,"h":109},"spriteSourceSize":{"x":0,"y":0,"w":240,"h":109},"frame":{"x":1025,"y":1494,"w":240,"h":109}},{"filename":"lives/time-block-2","rotated":false,"trimmed":false,"sourceSize":{"w":363,"h":108},"spriteSourceSize":{"x":0,"y":0,"w":363,"h":108},"frame":{"x":1658,"y":744,"w":363,"h":108}},{"filename":"lives/time-block","rotated":false,"trimmed":false,"sourceSize":{"w":346,"h":87},"spriteSourceSize":{"x":0,"y":0,"w":346,"h":87},"frame":{"x":1681,"y":855,"w":346,"h":87}},{"filename":"bottom-panel","rotated":false,"trimmed":false,"sourceSize":{"w":281,"h":171},"spriteSourceSize":{"x":0,"y":0,"w":281,"h":171},"frame":{"x":1681,"y":945,"w":281,"h":171}},{"filename":"avatar/border-big","rotated":false,"trimmed":false,"sourceSize":{"w":175,"h":175},"spriteSourceSize":{"x":0,"y":0,"w":175,"h":175},"frame":{"x":1800,"y":1119,"w":175,"h":175}},{"filename":"texts/play-with","rotated":false,"trimmed":false,"sourceSize":{"w":264,"h":34},"spriteSourceSize":{"x":0,"y":0,"w":264,"h":34},"frame":{"x":1627,"y":508,"w":264,"h":34}},{"filename":"buttons/dark-blue-small","rotated":false,"trimmed":false,"sourceSize":{"w":237,"h":108},"spriteSourceSize":{"x":0,"y":0,"w":237,"h":108},"frame":{"x":1025,"y":1606,"w":237,"h":108}},{"filename":"buttons/dark-blue","rotated":false,"trimmed":false,"sourceSize":{"w":365,"h":107},"spriteSourceSize":{"x":0,"y":0,"w":365,"h":107},"frame":{"x":1265,"y":1618,"w":365,"h":107}},{"filename":"popup/score-panel","rotated":false,"trimmed":false,"sourceSize":{"w":299,"h":92},"spriteSourceSize":{"x":0,"y":0,"w":299,"h":92},"frame":{"x":959,"y":1717,"w":299,"h":92}},{"filename":"preloader/dual-ring","rotated":false,"trimmed":true,"sourceSize":{"w":200,"h":200},"spriteSourceSize":{"x":27,"y":26,"w":146,"h":148},"frame":{"x":959,"y":1812,"w":146,"h":148}},{"filename":"bg-combo","rotated":false,"trimmed":true,"sourceSize":{"w":212,"h":87},"spriteSourceSize":{"x":0,"y":9,"w":212,"h":78},"frame":{"x":1261,"y":1728,"w":212,"h":78}},{"filename":"avatar/border","rotated":false,"trimmed":true,"sourceSize":{"w":138,"h":144},"spriteSourceSize":{"x":0,"y":4,"w":138,"h":140},"frame":{"x":1108,"y":1812,"w":138,"h":140}},{"filename":"bg-streak","rotated":false,"trimmed":true,"sourceSize":{"w":212,"h":87},"spriteSourceSize":{"x":0,"y":9,"w":212,"h":78},"frame":{"x":1782,"y":1297,"w":212,"h":78}},{"filename":"ui-ngang/khung-score","rotated":false,"trimmed":false,"sourceSize":{"w":173,"h":99},"spriteSourceSize":{"x":0,"y":0,"w":173,"h":99},"frame":{"x":1476,"y":1728,"w":173,"h":99}},{"filename":"icons/vibrate","rotated":false,"trimmed":false,"sourceSize":{"w":62,"h":73},"spriteSourceSize":{"x":0,"y":0,"w":62,"h":73},"frame":{"x":1965,"y":945,"w":62,"h":73}},{"filename":"buttons/toggle-off","rotated":false,"trimmed":false,"sourceSize":{"w":177,"h":61},"spriteSourceSize":{"x":0,"y":0,"w":177,"h":61},"frame":{"x":959,"y":1963,"w":177,"h":61}},{"filename":"texts/draw","rotated":false,"trimmed":false,"sourceSize":{"w":200,"h":43},"spriteSourceSize":{"x":0,"y":0,"w":200,"h":43},"frame":{"x":1261,"y":1809,"w":200,"h":43}},{"filename":"icon-journey","rotated":false,"trimmed":false,"sourceSize":{"w":150,"h":122},"spriteSourceSize":{"x":0,"y":0,"w":150,"h":122},"frame":{"x":1249,"y":1855,"w":150,"h":122}},{"filename":"ui-ngang/khung-best-score","rotated":false,"trimmed":false,"sourceSize":{"w":111,"h":169},"spriteSourceSize":{"x":0,"y":0,"w":111,"h":169},"frame":{"x":1660,"y":1461,"w":111,"h":169}},{"filename":"score-panel-dark","rotated":false,"trimmed":false,"sourceSize":{"w":187,"h":51},"spriteSourceSize":{"x":0,"y":0,"w":187,"h":51},"frame":{"x":1464,"y":1830,"w":187,"h":51}},{"filename":"ui-ngang/text-score","rotated":false,"trimmed":false,"sourceSize":{"w":156,"h":36},"spriteSourceSize":{"x":0,"y":0,"w":156,"h":36},"frame":{"x":724,"y":854,"w":156,"h":36}},{"filename":"buttons/toggle-on","rotated":false,"trimmed":false,"sourceSize":{"w":177,"h":61},"spriteSourceSize":{"x":0,"y":0,"w":177,"h":61},"frame":{"x":1402,"y":1884,"w":177,"h":61}},{"filename":"buttons/challenge_light","rotated":false,"trimmed":false,"sourceSize":{"w":108,"h":79},"spriteSourceSize":{"x":0,"y":0,"w":108,"h":79},"frame":{"x":1402,"y":1948,"w":108,"h":79}},{"filename":"buttons/share","rotated":false,"trimmed":false,"sourceSize":{"w":108,"h":79},"spriteSourceSize":{"x":0,"y":0,"w":108,"h":79},"frame":{"x":1513,"y":1948,"w":108,"h":79}},{"filename":"icons/sound","rotated":false,"trimmed":false,"sourceSize":{"w":62,"h":54},"spriteSourceSize":{"x":0,"y":0,"w":62,"h":54},"frame":{"x":1965,"y":1021,"w":62,"h":54}},{"filename":"best-score-frame","rotated":false,"trimmed":false,"sourceSize":{"w":111,"h":152},"spriteSourceSize":{"x":0,"y":0,"w":111,"h":152},"frame":{"x":1774,"y":1378,"w":111,"h":152}},{"filename":"avatar/border-challenge","rotated":false,"trimmed":false,"sourceSize":{"w":119,"h":118},"spriteSourceSize":{"x":0,"y":0,"w":119,"h":118},"frame":{"x":1888,"y":1378,"w":119,"h":118}},{"filename":"buttons/minor","rotated":false,"trimmed":false,"sourceSize":{"w":124,"h":106},"spriteSourceSize":{"x":0,"y":0,"w":124,"h":106},"frame":{"x":1774,"y":1533,"w":124,"h":106}},{"filename":"avatar/background","rotated":false,"trimmed":false,"sourceSize":{"w":105,"h":107},"spriteSourceSize":{"x":0,"y":0,"w":105,"h":107},"frame":{"x":1901,"y":1499,"w":105,"h":107}},{"filename":"buttons/play","rotated":false,"trimmed":false,"sourceSize":{"w":112,"h":85},"spriteSourceSize":{"x":0,"y":0,"w":112,"h":85},"frame":{"x":1633,"y":1633,"w":112,"h":85}},{"filename":"blank","rotated":false,"trimmed":false,"sourceSize":{"w":100,"h":100},"spriteSourceSize":{"x":0,"y":0,"w":100,"h":100},"frame":{"x":1652,"y":1721,"w":100,"h":100}},{"filename":"daily-challenge/time-panel","rotated":false,"trimmed":false,"sourceSize":{"w":170,"h":48},"spriteSourceSize":{"x":0,"y":0,"w":170,"h":48},"frame":{"x":1748,"y":1642,"w":170,"h":48}},{"filename":"bg/level-playing","rotated":false,"trimmed":false,"sourceSize":{"w":113,"h":94},"spriteSourceSize":{"x":0,"y":0,"w":113,"h":94},"frame":{"x":1755,"y":1693,"w":113,"h":94}},{"filename":"texts/continue","rotated":false,"trimmed":false,"sourceSize":{"w":126,"h":29},"spriteSourceSize":{"x":0,"y":0,"w":126,"h":29},"frame":{"x":1901,"y":1609,"w":126,"h":29}},{"filename":"icons/music","rotated":false,"trimmed":false,"sourceSize":{"w":56,"h":61},"spriteSourceSize":{"x":0,"y":0,"w":56,"h":61},"frame":{"x":1582,"y":1884,"w":56,"h":61}},{"filename":"texts/text-ranking","rotated":false,"trimmed":false,"sourceSize":{"w":132,"h":23},"spriteSourceSize":{"x":0,"y":0,"w":132,"h":23},"frame":{"x":172,"y":2001,"w":132,"h":23}},{"filename":"buttons/skip","rotated":false,"trimmed":false,"sourceSize":{"w":120,"h":71},"spriteSourceSize":{"x":0,"y":0,"w":120,"h":71},"frame":{"x":1894,"y":508,"w":120,"h":71}},{"filename":"buttons/random","rotated":false,"trimmed":false,"sourceSize":{"w":112,"h":85},"spriteSourceSize":{"x":0,"y":0,"w":112,"h":85},"frame":{"x":1857,"y":582,"w":112,"h":85}},{"filename":"buttons/close","rotated":false,"trimmed":false,"sourceSize":{"w":71,"h":71},"spriteSourceSize":{"x":0,"y":0,"w":71,"h":71},"frame":{"x":1857,"y":670,"w":71,"h":71}},{"filename":"buttons/circle-button","rotated":false,"trimmed":false,"sourceSize":{"w":55,"h":55},"spriteSourceSize":{"x":0,"y":0,"w":55,"h":55},"frame":{"x":1972,"y":582,"w":55,"h":55}},{"filename":"bg/level-locked","rotated":false,"trimmed":false,"sourceSize":{"w":101,"h":83},"spriteSourceSize":{"x":0,"y":0,"w":101,"h":83},"frame":{"x":1654,"y":1824,"w":101,"h":83}},{"filename":"bg/level-played","rotated":false,"trimmed":false,"sourceSize":{"w":100,"h":82},"spriteSourceSize":{"x":0,"y":0,"w":100,"h":82},"frame":{"x":1921,"y":1641,"w":100,"h":82}},{"filename":"texts/start","rotated":false,"trimmed":false,"sourceSize":{"w":150,"h":29},"spriteSourceSize":{"x":0,"y":0,"w":150,"h":29},"frame":{"x":1755,"y":1790,"w":150,"h":29}},{"filename":"texts/friends-disable","rotated":false,"trimmed":false,"sourceSize":{"w":152,"h":27},"spriteSourceSize":{"x":0,"y":0,"w":152,"h":27},"frame":{"x":1758,"y":1822,"w":152,"h":27}},{"filename":"texts/friends","rotated":false,"trimmed":false,"sourceSize":{"w":152,"h":27},"spriteSourceSize":{"x":0,"y":0,"w":152,"h":27},"frame":{"x":1758,"y":1852,"w":152,"h":27}},{"filename":"texts/play","rotated":false,"trimmed":false,"sourceSize":{"w":136,"h":29},"spriteSourceSize":{"x":0,"y":0,"w":136,"h":29},"frame":{"x":1758,"y":1882,"w":136,"h":29}},{"filename":"text-target-panel","rotated":false,"trimmed":false,"sourceSize":{"w":98,"h":46},"spriteSourceSize":{"x":0,"y":0,"w":98,"h":46},"frame":{"x":1139,"y":1955,"w":98,"h":46}},{"filename":"leaderboards/tab-off","rotated":false,"trimmed":false,"sourceSize":{"w":113,"h":36},"spriteSourceSize":{"x":0,"y":0,"w":113,"h":36},"frame":{"x":1641,"y":1910,"w":113,"h":36}},{"filename":"ui-ngang/text-mission","rotated":false,"trimmed":false,"sourceSize":{"w":115,"h":36},"spriteSourceSize":{"x":0,"y":0,"w":115,"h":36},"frame":{"x":1757,"y":1914,"w":115,"h":36}},{"filename":"texts/play-with-blue","rotated":false,"trimmed":false,"sourceSize":{"w":115,"h":18},"spriteSourceSize":{"x":0,"y":0,"w":115,"h":18},"frame":{"x":307,"y":2001,"w":115,"h":18}},{"filename":"leaderboards/tab-on","rotated":false,"trimmed":false,"sourceSize":{"w":113,"h":36},"spriteSourceSize":{"x":0,"y":0,"w":113,"h":36},"frame":{"x":1624,"y":1949,"w":113,"h":36}},{"filename":"texts/text-share","rotated":false,"trimmed":false,"sourceSize":{"w":115,"h":27},"spriteSourceSize":{"x":0,"y":0,"w":115,"h":27},"frame":{"x":1624,"y":1988,"w":115,"h":27}},{"filename":"icons/play-green","rotated":false,"trimmed":false,"sourceSize":{"w":47,"h":47},"spriteSourceSize":{"x":0,"y":0,"w":47,"h":47},"frame":{"x":1871,"y":1693,"w":47,"h":47}},{"filename":"icons/plus","rotated":false,"trimmed":false,"sourceSize":{"w":42,"h":44},"spriteSourceSize":{"x":0,"y":0,"w":42,"h":44},"frame":{"x":1871,"y":1743,"w":42,"h":44}},{"filename":"texts/off","rotated":false,"trimmed":false,"sourceSize":{"w":49,"h":23},"spriteSourceSize":{"x":0,"y":0,"w":49,"h":23},"frame":{"x":1139,"y":2004,"w":49,"h":23}},{"filename":"texts/world-disable","rotated":false,"trimmed":false,"sourceSize":{"w":89,"h":27},"spriteSourceSize":{"x":0,"y":0,"w":89,"h":27},"frame":{"x":927,"y":1655,"w":89,"h":27}},{"filename":"texts/world","rotated":false,"trimmed":false,"sourceSize":{"w":89,"h":27},"spriteSourceSize":{"x":0,"y":0,"w":89,"h":27},"frame":{"x":927,"y":1685,"w":89,"h":27}},{"filename":"texts/no","rotated":false,"trimmed":false,"sourceSize":{"w":98,"h":35},"spriteSourceSize":{"x":0,"y":0,"w":98,"h":35},"frame":{"x":1921,"y":1726,"w":98,"h":35}},{"filename":"buttons/dot-blue","rotated":false,"trimmed":false,"sourceSize":{"w":56,"h":54},"spriteSourceSize":{"x":0,"y":0,"w":56,"h":54},"frame":{"x":1969,"y":2,"w":56,"h":54}},{"filename":"buttons/dot-green","rotated":false,"trimmed":false,"sourceSize":{"w":56,"h":54},"spriteSourceSize":{"x":0,"y":0,"w":56,"h":54},"frame":{"x":1705,"y":1369,"w":56,"h":54}},{"filename":"icons/play","rotated":false,"trimmed":false,"sourceSize":{"w":47,"h":47},"spriteSourceSize":{"x":0,"y":0,"w":47,"h":47},"frame":{"x":1240,"y":1980,"w":47,"h":47}},{"filename":"icons/replay","rotated":false,"trimmed":false,"sourceSize":{"w":40,"h":47},"spriteSourceSize":{"x":0,"y":0,"w":40,"h":47},"frame":{"x":1290,"y":1980,"w":40,"h":47}},{"filename":"icons/share","rotated":false,"trimmed":false,"sourceSize":{"w":36,"h":47},"spriteSourceSize":{"x":0,"y":0,"w":36,"h":47},"frame":{"x":1333,"y":1980,"w":36,"h":47}},{"filename":"icons/crown-big","rotated":false,"trimmed":false,"sourceSize":{"w":74,"h":70},"spriteSourceSize":{"x":0,"y":0,"w":74,"h":70},"frame":{"x":1931,"y":670,"w":74,"h":70}},{"filename":"texts/on","rotated":false,"trimmed":false,"sourceSize":{"w":40,"h":23},"spriteSourceSize":{"x":0,"y":0,"w":40,"h":23},"frame":{"x":1191,"y":2004,"w":40,"h":23}},{"filename":"texts/vs","rotated":false,"trimmed":false,"sourceSize":{"w":85,"h":20},"spriteSourceSize":{"x":0,"y":0,"w":85,"h":20},"frame":{"x":1627,"y":545,"w":85,"h":20}},{"filename":"icons/retry","rotated":false,"trimmed":false,"sourceSize":{"w":50,"h":53},"spriteSourceSize":{"x":0,"y":0,"w":50,"h":53},"frame":{"x":1969,"y":59,"w":50,"h":53}},{"filename":"icons/back","rotated":false,"trimmed":false,"sourceSize":{"w":50,"h":38},"spriteSourceSize":{"x":0,"y":0,"w":50,"h":38},"frame":{"x":1965,"y":1078,"w":50,"h":38}},{"filename":"icons/rank","rotated":false,"trimmed":false,"sourceSize":{"w":51,"h":49},"spriteSourceSize":{"x":0,"y":0,"w":51,"h":49},"frame":{"x":1969,"y":115,"w":51,"h":49}},{"filename":"texts/full","rotated":false,"trimmed":false,"sourceSize":{"w":74,"h":24},"spriteSourceSize":{"x":0,"y":0,"w":74,"h":24},"frame":{"x":1715,"y":545,"w":74,"h":24}},{"filename":"icons/crown","rotated":false,"trimmed":false,"sourceSize":{"w":31,"h":27},"spriteSourceSize":{"x":0,"y":0,"w":31,"h":27},"frame":{"x":1972,"y":640,"w":31,"h":27}},{"filename":"icons/icon-journey","rotated":false,"trimmed":false,"sourceSize":{"w":73,"h":62},"spriteSourceSize":{"x":0,"y":0,"w":73,"h":62},"frame":{"x":1916,"y":1764,"w":73,"h":62}},{"filename":"icons/dot","rotated":false,"trimmed":false,"sourceSize":{"w":68,"h":70},"spriteSourceSize":{"x":0,"y":0,"w":68,"h":70},"frame":{"x":1913,"y":1829,"w":68,"h":70}},{"filename":"icons/sword-blue","rotated":false,"trimmed":false,"sourceSize":{"w":35,"h":31},"spriteSourceSize":{"x":0,"y":0,"w":35,"h":31},"frame":{"x":1992,"y":1764,"w":35,"h":31}},{"filename":"icons/home","rotated":false,"trimmed":false,"sourceSize":{"w":47,"h":43},"spriteSourceSize":{"x":0,"y":0,"w":47,"h":43},"frame":{"x":1969,"y":167,"w":47,"h":43}},{"filename":"icons/flat-ad","rotated":false,"trimmed":false,"sourceSize":{"w":47,"h":41},"spriteSourceSize":{"x":0,"y":0,"w":47,"h":41},"frame":{"x":1969,"y":213,"w":47,"h":41}},{"filename":"icons/cup-bronze","rotated":false,"trimmed":false,"sourceSize":{"w":43,"h":36},"spriteSourceSize":{"x":0,"y":0,"w":43,"h":36},"frame":{"x":1984,"y":1829,"w":43,"h":36}},{"filename":"icons/cup-gold","rotated":false,"trimmed":false,"sourceSize":{"w":43,"h":36},"spriteSourceSize":{"x":0,"y":0,"w":43,"h":36},"frame":{"x":1984,"y":1868,"w":43,"h":36}},{"filename":"icons/icon-daily","rotated":false,"trimmed":false,"sourceSize":{"w":67,"h":67},"spriteSourceSize":{"x":0,"y":0,"w":67,"h":67},"frame":{"x":1742,"y":1953,"w":67,"h":67}},{"filename":"texts/yes","rotated":false,"trimmed":false,"sourceSize":{"w":53,"h":35},"spriteSourceSize":{"x":0,"y":0,"w":53,"h":35},"frame":{"x":1812,"y":1953,"w":53,"h":35}},{"filename":"icons/cup-silver","rotated":false,"trimmed":false,"sourceSize":{"w":43,"h":36},"spriteSourceSize":{"x":0,"y":0,"w":43,"h":36},"frame":{"x":1812,"y":1991,"w":43,"h":36}},{"filename":"icons/brown-journey","rotated":false,"trimmed":false,"sourceSize":{"w":45,"h":42},"spriteSourceSize":{"x":0,"y":0,"w":45,"h":42},"frame":{"x":1978,"y":1119,"w":45,"h":42}},{"filename":"icons/battle","rotated":false,"trimmed":false,"sourceSize":{"w":44,"h":41},"spriteSourceSize":{"x":0,"y":0,"w":44,"h":41},"frame":{"x":1978,"y":1164,"w":44,"h":41}},{"filename":"icons/setting","rotated":false,"trimmed":false,"sourceSize":{"w":42,"h":41},"spriteSourceSize":{"x":0,"y":0,"w":42,"h":41},"frame":{"x":1978,"y":1208,"w":42,"h":41}},{"filename":"icons/white-journey","rotated":false,"trimmed":false,"sourceSize":{"w":42,"h":40},"spriteSourceSize":{"x":0,"y":0,"w":42,"h":40},"frame":{"x":1978,"y":1252,"w":42,"h":40}},{"filename":"icons/share-blue","rotated":false,"trimmed":false,"sourceSize":{"w":32,"h":43},"spriteSourceSize":{"x":0,"y":0,"w":32,"h":43},"frame":{"x":1875,"y":1914,"w":32,"h":43}},{"filename":"icons/sword","rotated":false,"trimmed":false,"sourceSize":{"w":46,"h":38},"spriteSourceSize":{"x":0,"y":0,"w":46,"h":38},"frame":{"x":1910,"y":1902,"w":46,"h":38}},{"filename":"icons/check","rotated":false,"trimmed":false,"sourceSize":{"w":44,"h":35},"spriteSourceSize":{"x":0,"y":0,"w":44,"h":35},"frame":{"x":1868,"y":1960,"w":44,"h":35}},{"filename":"icons/i-play","rotated":false,"trimmed":false,"sourceSize":{"w":31,"h":39},"spriteSourceSize":{"x":0,"y":0,"w":31,"h":39},"frame":{"x":1915,"y":1943,"w":31,"h":39}},{"filename":"icons/clock","rotated":false,"trimmed":false,"sourceSize":{"w":34,"h":35},"spriteSourceSize":{"x":0,"y":0,"w":34,"h":35},"frame":{"x":1959,"y":1907,"w":34,"h":35}}]},{"image":"default-resources-1.png","format":"RGBA8888","size":{"w":1253,"h":1253},"scale":1,"frames":[{"filename":"leaderboards/bg-bottom","rotated":false,"trimmed":false,"sourceSize":{"w":949,"h":67},"spriteSourceSize":{"x":0,"y":0,"w":949,"h":67},"frame":{"x":2,"y":2,"w":949,"h":67}},{"filename":"texts/leader-board","rotated":false,"trimmed":false,"sourceSize":{"w":290,"h":38},"spriteSourceSize":{"x":0,"y":0,"w":290,"h":38},"frame":{"x":954,"y":2,"w":290,"h":38}},{"filename":"daily-challenge/title-panel","rotated":false,"trimmed":false,"sourceSize":{"w":282,"h":69},"spriteSourceSize":{"x":0,"y":0,"w":282,"h":69},"frame":{"x":954,"y":43,"w":282,"h":69}},{"filename":"leaderboards/bg-middle","rotated":false,"trimmed":false,"sourceSize":{"w":949,"h":47},"spriteSourceSize":{"x":0,"y":0,"w":949,"h":47},"frame":{"x":2,"y":72,"w":949,"h":47}},{"filename":"texts/text-next-level","rotated":false,"trimmed":false,"sourceSize":{"w":264,"h":33},"spriteSourceSize":{"x":0,"y":0,"w":264,"h":33},"frame":{"x":954,"y":115,"w":264,"h":33}},{"filename":"bg/bg-bottom-2","rotated":false,"trimmed":false,"sourceSize":{"w":900,"h":112},"spriteSourceSize":{"x":0,"y":0,"w":900,"h":112},"frame":{"x":2,"y":122,"w":900,"h":112}},{"filename":"buttons/green","rotated":false,"trimmed":false,"sourceSize":{"w":343,"h":102},"spriteSourceSize":{"x":0,"y":0,"w":343,"h":102},"frame":{"x":905,"y":151,"w":343,"h":102}},{"filename":"bg/bg-top-2","rotated":false,"trimmed":false,"sourceSize":{"w":900,"h":112},"spriteSourceSize":{"x":0,"y":0,"w":900,"h":112},"frame":{"x":2,"y":237,"w":900,"h":112}},{"filename":"texts/play-single","rotated":false,"trimmed":false,"sourceSize":{"w":339,"h":34},"spriteSourceSize":{"x":0,"y":0,"w":339,"h":34},"frame":{"x":905,"y":256,"w":339,"h":34}},{"filename":"texts/setting","rotated":false,"trimmed":false,"sourceSize":{"w":338,"h":36},"spriteSourceSize":{"x":0,"y":0,"w":338,"h":36},"frame":{"x":905,"y":293,"w":338,"h":36}},{"filename":"texts/replay","rotated":false,"trimmed":false,"sourceSize":{"w":329,"h":31},"spriteSourceSize":{"x":0,"y":0,"w":329,"h":31},"frame":{"x":905,"y":332,"w":329,"h":31}},{"filename":"border-bottom-panel","rotated":false,"trimmed":false,"sourceSize":{"w":750,"h":36},"spriteSourceSize":{"x":0,"y":0,"w":750,"h":36},"frame":{"x":2,"y":352,"w":750,"h":36}},{"filename":"buttons/green-large","rotated":false,"trimmed":false,"sourceSize":{"w":484,"h":142},"spriteSourceSize":{"x":0,"y":0,"w":484,"h":142},"frame":{"x":755,"y":366,"w":484,"h":142}},{"filename":"ui-ngang/bg-bottom","rotated":false,"trimmed":false,"sourceSize":{"w":719,"h":175},"spriteSourceSize":{"x":0,"y":0,"w":719,"h":175},"frame":{"x":2,"y":391,"w":719,"h":175}},{"filename":"daily-challenge/bottom-panel","rotated":false,"trimmed":false,"sourceSize":{"w":521,"h":30},"spriteSourceSize":{"x":0,"y":0,"w":521,"h":30},"frame":{"x":724,"y":511,"w":521,"h":30}},{"filename":"daily-challenge/top-panel","rotated":false,"trimmed":false,"sourceSize":{"w":521,"h":30},"spriteSourceSize":{"x":0,"y":0,"w":521,"h":30},"frame":{"x":724,"y":544,"w":521,"h":30}},{"filename":"bg/bg-top","rotated":false,"trimmed":false,"sourceSize":{"w":719,"h":111},"spriteSourceSize":{"x":0,"y":0,"w":719,"h":111},"frame":{"x":2,"y":569,"w":719,"h":111}},{"filename":"daily-challenge/middle-panel","rotated":false,"trimmed":false,"sourceSize":{"w":521,"h":26},"spriteSourceSize":{"x":0,"y":0,"w":521,"h":26},"frame":{"x":724,"y":577,"w":521,"h":26}},{"filename":"border-daily","rotated":false,"trimmed":false,"sourceSize":{"w":518,"h":51},"spriteSourceSize":{"x":0,"y":0,"w":518,"h":51},"frame":{"x":724,"y":606,"w":518,"h":51}},{"filename":"daily-challenge/bg-item-light","rotated":false,"trimmed":false,"sourceSize":{"w":508,"h":81},"spriteSourceSize":{"x":0,"y":0,"w":508,"h":81},"frame":{"x":724,"y":660,"w":508,"h":81}},{"filename":"leaf","rotated":false,"trimmed":false,"sourceSize":{"w":563,"h":132},"spriteSourceSize":{"x":0,"y":0,"w":563,"h":132},"frame":{"x":2,"y":683,"w":563,"h":132}},{"filename":"texts/next-milestone","rotated":false,"trimmed":false,"sourceSize":{"w":504,"h":43},"spriteSourceSize":{"x":0,"y":0,"w":504,"h":43},"frame":{"x":568,"y":744,"w":504,"h":43}},{"filename":"buttons/brown","rotated":false,"trimmed":false,"sourceSize":{"w":483,"h":108},"spriteSourceSize":{"x":0,"y":0,"w":483,"h":108},"frame":{"x":568,"y":790,"w":483,"h":108}},{"filename":"texts/mission","rotated":false,"trimmed":false,"sourceSize":{"w":192,"h":38},"spriteSourceSize":{"x":0,"y":0,"w":192,"h":38},"frame":{"x":1054,"y":790,"w":192,"h":38}},{"filename":"texts/waiting-for-opponent","rotated":false,"trimmed":false,"sourceSize":{"w":477,"h":37},"spriteSourceSize":{"x":0,"y":0,"w":477,"h":37},"frame":{"x":2,"y":818,"w":477,"h":37}},{"filename":"texts/first-milestone","rotated":false,"trimmed":false,"sourceSize":{"w":473,"h":38},"spriteSourceSize":{"x":0,"y":0,"w":473,"h":38},"frame":{"x":2,"y":858,"w":473,"h":38}},{"filename":"popup/top","rotated":false,"trimmed":false,"sourceSize":{"w":431,"h":89},"spriteSourceSize":{"x":0,"y":0,"w":431,"h":89},"frame":{"x":2,"y":899,"w":431,"h":89}},{"filename":"buttons/green-big","rotated":false,"trimmed":false,"sourceSize":{"w":236,"h":108},"spriteSourceSize":{"x":0,"y":0,"w":236,"h":108},"frame":{"x":2,"y":991,"w":236,"h":108}},{"filename":"texts/daily-challenge","rotated":false,"trimmed":false,"sourceSize":{"w":402,"h":90},"spriteSourceSize":{"x":0,"y":0,"w":402,"h":90},"frame":{"x":2,"y":1102,"w":402,"h":90}},{"filename":"wood-panel","rotated":false,"trimmed":false,"sourceSize":{"w":301,"h":56},"spriteSourceSize":{"x":0,"y":0,"w":301,"h":56},"frame":{"x":2,"y":1195,"w":301,"h":56}},{"filename":"texts/congratulations","rotated":false,"trimmed":false,"sourceSize":{"w":355,"h":47},"spriteSourceSize":{"x":0,"y":0,"w":355,"h":47},"frame":{"x":306,"y":1195,"w":355,"h":47}},{"filename":"leaderboards/bg-item","rotated":false,"trimmed":false,"sourceSize":{"w":317,"h":61},"spriteSourceSize":{"x":0,"y":0,"w":317,"h":61},"frame":{"x":241,"y":991,"w":317,"h":61}},{"filename":"texts/your-score","rotated":false,"trimmed":false,"sourceSize":{"w":409,"h":38},"spriteSourceSize":{"x":0,"y":0,"w":409,"h":38},"frame":{"x":241,"y":1055,"w":409,"h":38}},{"filename":"leaderboards/bg-item-0","rotated":false,"trimmed":false,"sourceSize":{"w":232,"h":46},"spriteSourceSize":{"x":0,"y":0,"w":232,"h":46},"frame":{"x":436,"y":901,"w":232,"h":46}},{"filename":"texts/keep-playing","rotated":false,"trimmed":false,"sourceSize":{"w":351,"h":38},"spriteSourceSize":{"x":0,"y":0,"w":351,"h":38},"frame":{"x":436,"y":950,"w":351,"h":38}},{"filename":"leaderboards/bg-item-1","rotated":false,"trimmed":false,"sourceSize":{"w":232,"h":46},"spriteSourceSize":{"x":0,"y":0,"w":232,"h":46},"frame":{"x":671,"y":901,"w":232,"h":46}},{"filename":"texts/win","rotated":false,"trimmed":false,"sourceSize":{"w":326,"h":45},"spriteSourceSize":{"x":0,"y":0,"w":326,"h":45},"frame":{"x":561,"y":991,"w":326,"h":45}},{"filename":"texts/out-of-live","rotated":false,"trimmed":false,"sourceSize":{"w":395,"h":36},"spriteSourceSize":{"x":0,"y":0,"w":395,"h":36},"frame":{"x":790,"y":950,"w":395,"h":36}},{"filename":"texts/lose","rotated":false,"trimmed":false,"sourceSize":{"w":303,"h":45},"spriteSourceSize":{"x":0,"y":0,"w":303,"h":45},"frame":{"x":906,"y":901,"w":303,"h":45}},{"filename":"texts/second-chance","rotated":false,"trimmed":false,"sourceSize":{"w":359,"h":36},"spriteSourceSize":{"x":0,"y":0,"w":359,"h":36},"frame":{"x":890,"y":989,"w":359,"h":36}},{"filename":"texts/invite-friends","rotated":false,"trimmed":false,"sourceSize":{"w":358,"h":29},"spriteSourceSize":{"x":0,"y":0,"w":358,"h":29},"frame":{"x":890,"y":1028,"w":358,"h":29}},{"filename":"texts/target-score","rotated":false,"trimmed":false,"sourceSize":{"w":230,"h":34},"spriteSourceSize":{"x":0,"y":0,"w":230,"h":34},"frame":{"x":653,"y":1039,"w":230,"h":34}},{"filename":"texts/text-tutorial","rotated":false,"trimmed":false,"sourceSize":{"w":352,"h":36},"spriteSourceSize":{"x":0,"y":0,"w":352,"h":36},"frame":{"x":886,"y":1060,"w":352,"h":36}},{"filename":"texts/collect","rotated":false,"trimmed":false,"sourceSize":{"w":230,"h":28},"spriteSourceSize":{"x":0,"y":0,"w":230,"h":28},"frame":{"x":653,"y":1076,"w":230,"h":28}},{"filename":"ui-ngang/text-next-block","rotated":false,"trimmed":false,"sourceSize":{"w":218,"h":36},"spriteSourceSize":{"x":0,"y":0,"w":218,"h":36},"frame":{"x":407,"y":1096,"w":218,"h":36}},{"filename":"texts/result","rotated":false,"trimmed":false,"sourceSize":{"w":204,"h":36},"spriteSourceSize":{"x":0,"y":0,"w":204,"h":36},"frame":{"x":407,"y":1135,"w":204,"h":36}},{"filename":"texts/text-journey","rotated":false,"trimmed":false,"sourceSize":{"w":314,"h":35},"spriteSourceSize":{"x":0,"y":0,"w":314,"h":35},"frame":{"x":614,"y":1135,"w":314,"h":35}},{"filename":"texts/start-over","rotated":false,"trimmed":false,"sourceSize":{"w":214,"h":30},"spriteSourceSize":{"x":0,"y":0,"w":214,"h":30},"frame":{"x":886,"y":1099,"w":214,"h":30}},{"filename":"texts/text-retry","rotated":false,"trimmed":false,"sourceSize":{"w":213,"h":20},"spriteSourceSize":{"x":0,"y":0,"w":213,"h":20},"frame":{"x":628,"y":1107,"w":213,"h":20}},{"filename":"texts/refill-lives","rotated":false,"trimmed":false,"sourceSize":{"w":309,"h":35},"spriteSourceSize":{"x":0,"y":0,"w":309,"h":35},"frame":{"x":931,"y":1132,"w":309,"h":35}},{"filename":"texts/level-failed","rotated":false,"trimmed":false,"sourceSize":{"w":306,"h":34},"spriteSourceSize":{"x":0,"y":0,"w":306,"h":34},"frame":{"x":931,"y":1170,"w":306,"h":34}},{"filename":"popup/bottom","rotated":false,"trimmed":false,"sourceSize":{"w":431,"h":27},"spriteSourceSize":{"x":0,"y":0,"w":431,"h":27},"frame":{"x":664,"y":1207,"w":431,"h":27}}]}],"meta":{"app":"https://www.codeandweb.com/texturepacker","version":"3.0","smartupdate":"$TexturePacker:SmartUpdate:4c98f7c7593472d5823b354ff32200b9:4434d2994b729090dfcb1dff11f1646f:3e7944c06d121c41a747bba57afe2e59$"}}