[1,["e5LgcEEdFNN4mjXnxJzRAa@6c48a"],["_textureSource"],["cc.SpriteFrame"],0,[{"name":"journey-portrait","rect":{"x":0,"y":0,"width":375,"height":705},"offset":{"x":0,"y":0},"originalSize":{"width":375,"height":705},"rotated":false,"capInsets":[0,0,0,0],"vertices":{"rawPosition":[-187.5,-352.5,0,187.5,-352.5,0,-187.5,352.5,0,187.5,352.5,0],"indexes":[0,1,2,2,1,3],"uv":[0,705,375,705,0,0,375,0],"nuv":[0,0,1,0,0,1,1,1],"minPos":{"x":-187.5,"y":-352.5,"z":0},"maxPos":{"x":187.5,"y":352.5,"z":0}},"packable":true,"pixelsToUnit":100,"pivot":{"x":0.5,"y":0.5},"meshType":0}],[0],0,[0],[0],[0]]
