[1,["3eNIqE1BpBiK/y9KcmOG3c@6c48a"],["_textureSource"],["cc.SpriteFrame"],0,[{"name":"Awesome","rect":{"x":0,"y":0,"width":295,"height":134},"offset":{"x":0,"y":0},"originalSize":{"width":295,"height":134},"rotated":false,"capInsets":[0,0,0,0],"vertices":{"rawPosition":[-147.5,-67,0,147.5,-67,0,-147.5,67,0,147.5,67,0],"indexes":[0,1,2,2,1,3],"uv":[0,134,295,134,0,0,295,0],"nuv":[0,0,1,0,0,1,1,1],"minPos":{"x":-147.5,"y":-67,"z":0},"maxPos":{"x":147.5,"y":67,"z":0}},"packable":true,"pixelsToUnit":100,"pivot":{"x":0.5,"y":0.5},"meshType":0}],[0],0,[0],[0],[0]]
