[1,["3eQxsMFqtFj7PPrFk8J8NV@6c48a"],["_textureSource"],["cc.SpriteFrame"],0,[{"name":"bg_6","rect":{"x":0,"y":0,"width":960,"height":540},"offset":{"x":0,"y":0},"originalSize":{"width":960,"height":540},"rotated":false,"capInsets":[0,0,0,0],"vertices":{"rawPosition":[-480,-270,0,480,-270,0,-480,270,0,480,270,0],"indexes":[0,1,2,2,1,3],"uv":[0,540,960,540,0,0,960,0],"nuv":[0,0,1,0,0,1,1,1],"minPos":{"x":-480,"y":-270,"z":0},"maxPos":{"x":480,"y":270,"z":0}},"packable":true,"pixelsToUnit":100,"pivot":{"x":0.5,"y":0.5},"meshType":0}],[0],0,[0],[0],[0]]
