[1,0,0,[["cc.JsonAsset",["_name","json"],1]],[[0,0,1,3]],[[0,"level_000931-30",[{"layers":[{"index":0,"tiles":[{"x":3.5,"y":-8.5},{"x":5.5,"y":-8.5},{"x":2.5,"y":-8},{"x":4.5,"y":-8},{"x":6.5,"y":-8},{"x":1.5,"y":-7.5},{"x":3.5,"y":-7.5},{"x":5.5,"y":-7.5},{"x":7.5,"y":-7.5},{"x":2.5,"y":-7},{"x":4.5,"y":-7},{"x":6.5,"y":-7},{"x":8.5,"y":-7},{"x":7.5,"y":-6.5},{"x":9,"y":-6},{"x":8,"y":-5.5},{"x":3.5,"y":-5},{"x":4.5,"y":-5},{"x":9.5,"y":-5},{"x":2.5,"y":-4.5},{"x":5.5,"y":-4.5},{"x":8.5,"y":-4.5},{"x":4,"y":-4},{"x":10,"y":-4},{"x":2,"y":-3.5},{"x":3,"y":-3.5},{"x":5,"y":-3.5},{"x":6,"y":-3.5},{"x":9,"y":-3.5},{"x":4,"y":-3},{"x":10,"y":-3},{"x":2.5,"y":-2.5},{"x":5.5,"y":-2.5},{"x":9,"y":-2.5},{"x":3.5,"y":-2},{"x":4.5,"y":-2},{"x":10,"y":-2},{"x":9,"y":-1.5},{"x":10,"y":-1}]},{"index":1,"tiles":[{"x":3,"y":-8},{"x":5,"y":-8},{"x":2,"y":-7.5},{"x":4,"y":-7.5},{"x":6,"y":-7.5},{"x":7,"y":-7},{"x":8,"y":-6.5},{"x":9,"y":-6},{"x":8,"y":-5.5},{"x":3.5,"y":-5},{"x":4.5,"y":-5},{"x":9,"y":-5},{"x":2.5,"y":-4.5},{"x":5.5,"y":-4.5},{"x":4,"y":-4},{"x":9,"y":-4},{"x":2,"y":-3.5},{"x":3,"y":-3.5},{"x":5,"y":-3.5},{"x":6,"y":-3.5},{"x":10,"y":-3.5},{"x":4,"y":-3},{"x":9,"y":-3},{"x":2.5,"y":-2.5},{"x":5.5,"y":-2.5},{"x":10,"y":-2.5},{"x":3.5,"y":-2},{"x":4.5,"y":-2},{"x":9,"y":-2},{"x":10,"y":-1.5}]},{"index":2,"tiles":[{"x":3.5,"y":-8.5},{"x":5.5,"y":-8.5},{"x":2.5,"y":-8},{"x":4.5,"y":-8},{"x":6.5,"y":-8},{"x":1.5,"y":-7.5},{"x":3.5,"y":-7.5},{"x":5.5,"y":-7.5},{"x":7.5,"y":-7.5},{"x":2.5,"y":-7},{"x":4.5,"y":-7},{"x":6.5,"y":-7},{"x":8.5,"y":-7},{"x":7.5,"y":-6.5},{"x":9,"y":-6},{"x":8,"y":-5.5},{"x":3.5,"y":-5},{"x":4.5,"y":-5},{"x":9.5,"y":-5},{"x":2.5,"y":-4.5},{"x":5.5,"y":-4.5},{"x":8.5,"y":-4.5},{"x":3.5,"y":-4},{"x":4.5,"y":-4},{"x":10,"y":-4},{"x":2,"y":-3.5},{"x":6,"y":-3.5},{"x":9,"y":-3.5},{"x":3.5,"y":-3},{"x":4.5,"y":-3},{"x":10,"y":-3},{"x":2.5,"y":-2.5},{"x":5.5,"y":-2.5},{"x":9,"y":-2.5},{"x":3.5,"y":-2},{"x":4.5,"y":-2},{"x":10,"y":-2},{"x":9,"y":-1.5},{"x":10,"y":-1}]}],"seeds":["CsidQtBtWBGKBPgFGOc00cQhCJF4jhRmEldqFNMNg3eoV7cwwReE4tIY1mUG00MJYyYaiBWIIuJxZPV5FQR2BmREH6cdqCimYCEqIRiC25OE"]},{"layers":[{"index":0,"tiles":[{"x":2,"y":-9},{"x":5.5,"y":-9},{"x":9,"y":-9},{"x":1,"y":-8.5},{"x":3,"y":-8.5},{"x":4.5,"y":-8.5},{"x":6.5,"y":-8.5},{"x":8,"y":-8.5},{"x":10,"y":-8.5},{"x":2,"y":-8},{"x":5.5,"y":-8},{"x":9,"y":-8},{"x":1,"y":-7.5},{"x":3,"y":-7.5},{"x":4.5,"y":-7.5},{"x":6.5,"y":-7.5},{"x":8,"y":-7.5},{"x":10,"y":-7.5},{"x":2,"y":-7},{"x":5.5,"y":-7},{"x":9,"y":-7},{"x":4.5,"y":-6.5},{"x":6.5,"y":-6.5},{"x":5.5,"y":-6},{"x":4.5,"y":-5.5},{"x":6.5,"y":-5.5},{"x":5.5,"y":-5},{"x":4.5,"y":-4.5},{"x":6.5,"y":-4.5},{"x":5.5,"y":-4},{"x":4.5,"y":-3.5},{"x":6.5,"y":-3.5},{"x":2,"y":-3},{"x":5.5,"y":-3},{"x":9,"y":-3},{"x":1,"y":-2.5},{"x":3,"y":-2.5},{"x":4.5,"y":-2.5},{"x":6.5,"y":-2.5},{"x":8,"y":-2.5},{"x":10,"y":-2.5},{"x":2,"y":-2},{"x":5.5,"y":-2},{"x":9,"y":-2},{"x":1,"y":-1.5},{"x":3,"y":-1.5},{"x":4.5,"y":-1.5},{"x":6.5,"y":-1.5},{"x":8,"y":-1.5},{"x":10,"y":-1.5},{"x":2,"y":-1},{"x":5.5,"y":-1},{"x":9,"y":-1}]},{"index":1,"tiles":[{"x":2,"y":-9},{"x":5.5,"y":-9},{"x":9,"y":-9},{"x":1,"y":-8.5},{"x":3,"y":-8.5},{"x":4.5,"y":-8.5},{"x":6.5,"y":-8.5},{"x":8,"y":-8.5},{"x":10,"y":-8.5},{"x":2,"y":-8},{"x":5.5,"y":-8},{"x":9,"y":-8},{"x":1,"y":-7.5},{"x":3,"y":-7.5},{"x":4.5,"y":-7.5},{"x":6.5,"y":-7.5},{"x":8,"y":-7.5},{"x":10,"y":-7.5},{"x":2,"y":-7},{"x":5.5,"y":-7},{"x":9,"y":-7},{"x":4.5,"y":-6.5},{"x":6.5,"y":-6.5},{"x":5.5,"y":-6},{"x":4.5,"y":-5.5},{"x":6.5,"y":-5.5},{"x":5.5,"y":-5},{"x":4.5,"y":-4.5},{"x":6.5,"y":-4.5},{"x":5.5,"y":-4},{"x":4.5,"y":-3.5},{"x":6.5,"y":-3.5},{"x":2,"y":-3},{"x":5.5,"y":-3},{"x":9,"y":-3},{"x":1,"y":-2.5},{"x":3,"y":-2.5},{"x":4.5,"y":-2.5},{"x":6.5,"y":-2.5},{"x":8,"y":-2.5},{"x":10,"y":-2.5},{"x":2,"y":-2},{"x":5.5,"y":-2},{"x":9,"y":-2},{"x":1,"y":-1.5},{"x":3,"y":-1.5},{"x":4.5,"y":-1.5},{"x":6.5,"y":-1.5},{"x":8,"y":-1.5},{"x":10,"y":-1.5},{"x":2,"y":-1},{"x":5.5,"y":-1},{"x":9,"y":-1}]}],"seeds":["hdZ5XZh13gEakyg1BYINShhchtVt4PQxmtUNDtcs25KIBCN6nJgqlCIiGJgFBxlxXAiBHCUEnmNOySc9YhhUT1hxJTh1FzFCwhmpH4iGnwIA"]},{"layers":[{"index":0,"tiles":[{"x":1,"y":-9},{"x":10,"y":-9},{"x":3.5,"y":-8.5},{"x":4.5,"y":-8.5},{"x":6.5,"y":-8.5},{"x":7.5,"y":-8.5},{"x":1,"y":-8},{"x":5.5,"y":-8},{"x":10,"y":-8},{"x":2,"y":-7.5},{"x":3,"y":-7.5},{"x":4,"y":-7.5},{"x":7,"y":-7.5},{"x":8,"y":-7.5},{"x":9,"y":-7.5},{"x":1,"y":-7},{"x":5.5,"y":-7},{"x":10,"y":-7},{"x":3,"y":-6.5},{"x":8,"y":-6.5},{"x":1,"y":-6},{"x":4.5,"y":-6},{"x":5.5,"y":-6},{"x":6.5,"y":-6},{"x":10,"y":-6},{"x":2.5,"y":-5},{"x":3.5,"y":-5},{"x":4.5,"y":-5},{"x":6.5,"y":-5},{"x":7.5,"y":-5},{"x":8.5,"y":-5},{"x":1,"y":-4},{"x":4.5,"y":-4},{"x":5.5,"y":-4},{"x":6.5,"y":-4},{"x":10,"y":-4},{"x":3,"y":-3.5},{"x":8,"y":-3.5},{"x":1,"y":-3},{"x":5.5,"y":-3},{"x":10,"y":-3},{"x":2,"y":-2.5},{"x":3,"y":-2.5},{"x":4,"y":-2.5},{"x":7,"y":-2.5},{"x":8,"y":-2.5},{"x":9,"y":-2.5},{"x":1,"y":-2},{"x":5.5,"y":-2},{"x":10,"y":-2},{"x":3.5,"y":-1.5},{"x":4.5,"y":-1.5},{"x":6.5,"y":-1.5},{"x":7.5,"y":-1.5},{"x":1,"y":-1},{"x":10,"y":-1}]},{"index":1,"tiles":[{"x":1,"y":-9},{"x":10,"y":-9},{"x":3.5,"y":-8.5},{"x":4.5,"y":-8.5},{"x":6.5,"y":-8.5},{"x":7.5,"y":-8.5},{"x":1,"y":-8},{"x":5.5,"y":-8},{"x":10,"y":-8},{"x":2,"y":-7.5},{"x":3,"y":-7.5},{"x":4,"y":-7.5},{"x":7,"y":-7.5},{"x":8,"y":-7.5},{"x":9,"y":-7.5},{"x":1,"y":-7},{"x":5.5,"y":-7},{"x":10,"y":-7},{"x":3,"y":-6.5},{"x":8,"y":-6.5},{"x":1,"y":-6},{"x":4.5,"y":-6},{"x":5.5,"y":-6},{"x":6.5,"y":-6},{"x":10,"y":-6},{"x":2.5,"y":-5},{"x":3.5,"y":-5},{"x":4.5,"y":-5},{"x":6.5,"y":-5},{"x":7.5,"y":-5},{"x":8.5,"y":-5},{"x":1,"y":-4},{"x":4.5,"y":-4},{"x":5.5,"y":-4},{"x":6.5,"y":-4},{"x":10,"y":-4},{"x":3,"y":-3.5},{"x":8,"y":-3.5},{"x":1,"y":-3},{"x":5.5,"y":-3},{"x":10,"y":-3},{"x":2,"y":-2.5},{"x":3,"y":-2.5},{"x":4,"y":-2.5},{"x":7,"y":-2.5},{"x":8,"y":-2.5},{"x":9,"y":-2.5},{"x":1,"y":-2},{"x":5.5,"y":-2},{"x":10,"y":-2},{"x":3.5,"y":-1.5},{"x":4.5,"y":-1.5},{"x":6.5,"y":-1.5},{"x":7.5,"y":-1.5},{"x":1,"y":-1},{"x":10,"y":-1}]},{"index":2,"tiles":[{"x":5.5,"y":-8},{"x":5.5,"y":-7},{"x":4.5,"y":-6},{"x":5.5,"y":-6},{"x":6.5,"y":-6},{"x":2.5,"y":-5},{"x":3.5,"y":-5},{"x":4.5,"y":-5},{"x":6.5,"y":-5},{"x":7.5,"y":-5},{"x":8.5,"y":-5},{"x":4.5,"y":-4},{"x":5.5,"y":-4},{"x":6.5,"y":-4},{"x":5.5,"y":-3},{"x":5.5,"y":-2}]}],"seeds":["VAd+jFh8XrVUQyc65JR4mRiETMVdHPI0WLGJ38CJ0dctkycRWsiMIdioSSaAAmR6iPIRHGeEgdg9UKBYoKGk3YFOlLKAmkg54dZ9A7WAYRUK4hFdJWNNoTdIJxhggseB"]},{"layers":[{"index":0,"tiles":[{"x":5,"y":-9},{"x":6,"y":-9},{"x":3,"y":-8},{"x":4,"y":-8},{"x":5,"y":-8},{"x":6,"y":-8},{"x":7,"y":-8},{"x":8,"y":-8},{"x":2,"y":-7.5},{"x":9,"y":-7.5},{"x":5,"y":-7},{"x":6,"y":-7},{"x":1.5,"y":-6.5},{"x":9.5,"y":-6.5},{"x":5,"y":-6},{"x":6,"y":-6},{"x":1.5,"y":-5.5},{"x":9.5,"y":-5.5},{"x":1.5,"y":-4.5},{"x":2.5,"y":-4.5},{"x":3.5,"y":-4.5},{"x":4.5,"y":-4.5},{"x":6.5,"y":-4.5},{"x":7.5,"y":-4.5},{"x":8.5,"y":-4.5},{"x":9.5,"y":-4.5},{"x":1.5,"y":-3.5},{"x":2.5,"y":-3.5},{"x":3.5,"y":-3.5},{"x":4.5,"y":-3.5},{"x":6.5,"y":-3.5},{"x":7.5,"y":-3.5},{"x":8.5,"y":-3.5},{"x":9.5,"y":-3.5},{"x":1.5,"y":-2.5},{"x":4.5,"y":-2.5},{"x":6.5,"y":-2.5},{"x":9.5,"y":-2.5},{"x":1.5,"y":-1.5},{"x":4.5,"y":-1.5},{"x":6.5,"y":-1.5},{"x":9.5,"y":-1.5}]},{"index":1,"tiles":[{"x":5,"y":-9},{"x":6,"y":-9},{"x":3,"y":-8},{"x":4,"y":-8},{"x":5,"y":-8},{"x":6,"y":-8},{"x":7,"y":-8},{"x":8,"y":-8},{"x":2,"y":-7.5},{"x":9,"y":-7.5},{"x":5,"y":-7},{"x":6,"y":-7},{"x":1.5,"y":-6.5},{"x":9.5,"y":-6.5},{"x":5,"y":-6},{"x":6,"y":-6},{"x":1.5,"y":-5.5},{"x":9.5,"y":-5.5},{"x":1.5,"y":-4.5},{"x":2.5,"y":-4.5},{"x":3.5,"y":-4.5},{"x":4.5,"y":-4.5},{"x":6.5,"y":-4.5},{"x":7.5,"y":-4.5},{"x":8.5,"y":-4.5},{"x":9.5,"y":-4.5},{"x":1.5,"y":-3.5},{"x":2.5,"y":-3.5},{"x":3.5,"y":-3.5},{"x":4.5,"y":-3.5},{"x":6.5,"y":-3.5},{"x":7.5,"y":-3.5},{"x":8.5,"y":-3.5},{"x":9.5,"y":-3.5},{"x":1.5,"y":-2.5},{"x":4.5,"y":-2.5},{"x":6.5,"y":-2.5},{"x":9.5,"y":-2.5},{"x":1.5,"y":-1.5},{"x":4.5,"y":-1.5},{"x":6.5,"y":-1.5},{"x":9.5,"y":-1.5}]},{"index":2,"tiles":[{"x":5,"y":-9},{"x":6,"y":-9},{"x":3,"y":-8},{"x":4,"y":-8},{"x":5,"y":-8},{"x":6,"y":-8},{"x":7,"y":-8},{"x":8,"y":-8},{"x":2,"y":-7.5},{"x":9,"y":-7.5},{"x":5,"y":-7},{"x":6,"y":-7},{"x":1.5,"y":-6.5},{"x":9.5,"y":-6.5},{"x":5,"y":-6},{"x":6,"y":-6},{"x":1.5,"y":-5.5},{"x":9.5,"y":-5.5},{"x":1.5,"y":-4.5},{"x":2.5,"y":-4.5},{"x":3.5,"y":-4.5},{"x":4.5,"y":-4.5},{"x":6.5,"y":-4.5},{"x":7.5,"y":-4.5},{"x":8.5,"y":-4.5},{"x":9.5,"y":-4.5},{"x":1.5,"y":-3.5},{"x":2.5,"y":-3.5},{"x":3.5,"y":-3.5},{"x":4.5,"y":-3.5},{"x":6.5,"y":-3.5},{"x":7.5,"y":-3.5},{"x":8.5,"y":-3.5},{"x":9.5,"y":-3.5},{"x":1.5,"y":-2.5},{"x":4.5,"y":-2.5},{"x":6.5,"y":-2.5},{"x":9.5,"y":-2.5},{"x":1.5,"y":-1.5},{"x":4.5,"y":-1.5},{"x":6.5,"y":-1.5},{"x":9.5,"y":-1.5}]}],"seeds":["IYd1zrQoaOh8X6BsRdKBUygOEWgGklY2nTappJhVGGdch2eBIhEGoJWA4oKM4kNxVUeI0+MxoBKCVNAEBlhMgxhOnicGjQUKjBRk1zGd3Nd9U8Q1ohAgoNJtlsilEAQA"]},{"layers":[{"index":0,"tiles":[{"x":3,"y":-8.5},{"x":8,"y":-8.5},{"x":2,"y":-8},{"x":4,"y":-8},{"x":7,"y":-8},{"x":9,"y":-8},{"x":5,"y":-7.5},{"x":6,"y":-7.5},{"x":2,"y":-7},{"x":4,"y":-7},{"x":7,"y":-7},{"x":9,"y":-7},{"x":3,"y":-6.5},{"x":5.5,"y":-6.5},{"x":8,"y":-6.5},{"x":5,"y":-5.5},{"x":6,"y":-5.5},{"x":4,"y":-5},{"x":7,"y":-5},{"x":3,"y":-4.5},{"x":5,"y":-4.5},{"x":6,"y":-4.5},{"x":8,"y":-4.5},{"x":4,"y":-4},{"x":7,"y":-4},{"x":2.5,"y":-3.5},{"x":5.5,"y":-3.5},{"x":8.5,"y":-3.5},{"x":3.5,"y":-3},{"x":4.5,"y":-3},{"x":6.5,"y":-3},{"x":7.5,"y":-3},{"x":2.5,"y":-2.5},{"x":5.5,"y":-2.5},{"x":8.5,"y":-2.5},{"x":4,"y":-2},{"x":7,"y":-2},{"x":3,"y":-1.5},{"x":5,"y":-1.5},{"x":6,"y":-1.5},{"x":8,"y":-1.5},{"x":4,"y":-1},{"x":7,"y":-1}]},{"index":1,"tiles":[{"x":3,"y":-8.5},{"x":8,"y":-8.5},{"x":2,"y":-8},{"x":4,"y":-8},{"x":7,"y":-8},{"x":9,"y":-8},{"x":5,"y":-7.5},{"x":6,"y":-7.5},{"x":2,"y":-7},{"x":4,"y":-7},{"x":7,"y":-7},{"x":9,"y":-7},{"x":3,"y":-6.5},{"x":5.5,"y":-6.5},{"x":8,"y":-6.5},{"x":5,"y":-5.5},{"x":6,"y":-5.5},{"x":3,"y":-4.5},{"x":4,"y":-4.5},{"x":5,"y":-4.5},{"x":6,"y":-4.5},{"x":7,"y":-4.5},{"x":8,"y":-4.5},{"x":2.5,"y":-3.5},{"x":3.5,"y":-3.5},{"x":4.5,"y":-3.5},{"x":5.5,"y":-3.5},{"x":6.5,"y":-3.5},{"x":7.5,"y":-3.5},{"x":8.5,"y":-3.5},{"x":2.5,"y":-2.5},{"x":3.5,"y":-2.5},{"x":4.5,"y":-2.5},{"x":5.5,"y":-2.5},{"x":6.5,"y":-2.5},{"x":7.5,"y":-2.5},{"x":8.5,"y":-2.5},{"x":3,"y":-1.5},{"x":4,"y":-1.5},{"x":5,"y":-1.5},{"x":6,"y":-1.5},{"x":7,"y":-1.5},{"x":8,"y":-1.5}]},{"index":2,"tiles":[{"x":3,"y":-8.5},{"x":8,"y":-8.5},{"x":2,"y":-8},{"x":4,"y":-8},{"x":7,"y":-8},{"x":9,"y":-8},{"x":5,"y":-7.5},{"x":6,"y":-7.5},{"x":2,"y":-7},{"x":4,"y":-7},{"x":7,"y":-7},{"x":9,"y":-7},{"x":3,"y":-6.5},{"x":5.5,"y":-6.5},{"x":8,"y":-6.5},{"x":5,"y":-5.5},{"x":6,"y":-5.5},{"x":4,"y":-5},{"x":7,"y":-5},{"x":3,"y":-4.5},{"x":8,"y":-4.5},{"x":2.5,"y":-3.5},{"x":8.5,"y":-3.5},{"x":2.5,"y":-2.5},{"x":5.5,"y":-2.5},{"x":8.5,"y":-2.5},{"x":3,"y":-1.5},{"x":5,"y":-1.5},{"x":6,"y":-1.5},{"x":8,"y":-1.5},{"x":4,"y":-1},{"x":7,"y":-1}]}],"seeds":["2GVeHuGBzBYNypSBVkA1oGiFHSl+1XhgYkKpE0FlYiExixiWgaAgCPh9hncmH7eBRPc03AKKlKgIogN9HAcWQhBAnBOKjzCAx0Zs2hdVSieloWZ4IdpxYggA"]},{"layers":[{"index":0,"tiles":[{"x":5.5,"y":-9.5},{"x":4.5,"y":-9},{"x":6.5,"y":-9},{"x":3.5,"y":-8.5},{"x":5.5,"y":-8.5},{"x":7.5,"y":-8.5},{"x":2.5,"y":-8},{"x":4.5,"y":-8},{"x":6.5,"y":-8},{"x":8.5,"y":-8},{"x":3.5,"y":-7.5},{"x":5.5,"y":-7.5},{"x":7.5,"y":-7.5},{"x":1.5,"y":-7},{"x":2.5,"y":-7},{"x":8.5,"y":-7},{"x":9.5,"y":-7},{"x":4,"y":-6.5},{"x":5.5,"y":-6.5},{"x":7,"y":-6.5},{"x":1,"y":-6},{"x":2,"y":-6},{"x":9,"y":-6},{"x":10,"y":-6},{"x":4.5,"y":-5.5},{"x":5.5,"y":-5.5},{"x":6.5,"y":-5.5},{"x":0.5,"y":-5},{"x":1.5,"y":-5},{"x":2.5,"y":-5},{"x":3.5,"y":-5},{"x":7.5,"y":-5},{"x":8.5,"y":-5},{"x":9.5,"y":-5},{"x":10.5,"y":-5},{"x":4.5,"y":-4.5},{"x":5.5,"y":-4.5},{"x":6.5,"y":-4.5},{"x":1,"y":-4},{"x":2,"y":-4},{"x":9,"y":-4},{"x":10,"y":-4},{"x":4,"y":-3.5},{"x":5.5,"y":-3.5},{"x":7,"y":-3.5},{"x":1.5,"y":-3},{"x":2.5,"y":-3},{"x":8.5,"y":-3},{"x":9.5,"y":-3},{"x":3.5,"y":-2.5},{"x":5.5,"y":-2.5},{"x":7.5,"y":-2.5},{"x":2.5,"y":-2},{"x":4.5,"y":-2},{"x":6.5,"y":-2},{"x":8.5,"y":-2},{"x":3.5,"y":-1.5},{"x":5.5,"y":-1.5},{"x":7.5,"y":-1.5},{"x":4.5,"y":-1},{"x":6.5,"y":-1},{"x":5.5,"y":-0.5}]},{"index":1,"tiles":[{"x":5.5,"y":-9.5},{"x":4.5,"y":-9},{"x":6.5,"y":-9},{"x":3.5,"y":-8.5},{"x":5.5,"y":-8.5},{"x":7.5,"y":-8.5},{"x":4.5,"y":-8},{"x":6.5,"y":-8},{"x":2,"y":-7.5},{"x":5.5,"y":-7.5},{"x":9,"y":-7.5},{"x":3,"y":-7},{"x":8,"y":-7},{"x":4,"y":-6.5},{"x":5.5,"y":-6.5},{"x":7,"y":-6.5},{"x":1,"y":-6},{"x":2,"y":-6},{"x":9,"y":-6},{"x":10,"y":-6},{"x":4.5,"y":-5.5},{"x":5.5,"y":-5.5},{"x":6.5,"y":-5.5},{"x":0.5,"y":-5},{"x":1.5,"y":-5},{"x":2.5,"y":-5},{"x":3.5,"y":-5},{"x":7.5,"y":-5},{"x":8.5,"y":-5},{"x":9.5,"y":-5},{"x":10.5,"y":-5},{"x":4.5,"y":-4.5},{"x":5.5,"y":-4.5},{"x":6.5,"y":-4.5},{"x":1,"y":-4},{"x":2,"y":-4},{"x":9,"y":-4},{"x":10,"y":-4},{"x":4,"y":-3.5},{"x":5.5,"y":-3.5},{"x":7,"y":-3.5},{"x":3,"y":-3},{"x":8,"y":-3},{"x":2,"y":-2.5},{"x":5.5,"y":-2.5},{"x":9,"y":-2.5},{"x":4.5,"y":-2},{"x":6.5,"y":-2},{"x":3.5,"y":-1.5},{"x":5.5,"y":-1.5},{"x":7.5,"y":-1.5},{"x":4.5,"y":-1},{"x":6.5,"y":-1},{"x":5.5,"y":-0.5}]},{"index":2,"tiles":[{"x":5.5,"y":-9.5},{"x":4.5,"y":-9},{"x":6.5,"y":-9},{"x":3.5,"y":-8.5},{"x":7.5,"y":-8.5},{"x":2.5,"y":-8},{"x":8.5,"y":-8},{"x":1.5,"y":-7},{"x":9.5,"y":-7},{"x":1,"y":-6},{"x":10,"y":-6},{"x":0.5,"y":-5},{"x":10.5,"y":-5},{"x":1,"y":-4},{"x":10,"y":-4},{"x":1.5,"y":-3},{"x":9.5,"y":-3},{"x":2.5,"y":-2},{"x":8.5,"y":-2},{"x":3.5,"y":-1.5},{"x":7.5,"y":-1.5},{"x":4.5,"y":-1},{"x":6.5,"y":-1},{"x":5.5,"y":-0.5}]}],"seeds":["gyhZjKCJkIUJIteAHvoJFklJUweKTEWMk4NgjbJ8U/KFGdhVoUc0BLNRG/gsARgtZoMNnHh9HiUqiDYsxlCkHFdMoCB0AfZZoOE9XXg5HUhxIZh5IMF5ISOEQXgoStJBXyWKQXWWahQe"]},{"layers":[{"index":0,"tiles":[{"x":1.5,"y":-9},{"x":5.5,"y":-9},{"x":9.5,"y":-9},{"x":2.5,"y":-8.5},{"x":4.5,"y":-8.5},{"x":6.5,"y":-8.5},{"x":8.5,"y":-8.5},{"x":3.5,"y":-8},{"x":7.5,"y":-8},{"x":2.5,"y":-7},{"x":5,"y":-7},{"x":6,"y":-7},{"x":8.5,"y":-7},{"x":4,"y":-6.5},{"x":7,"y":-6.5},{"x":2,"y":-6},{"x":9,"y":-6},{"x":3.5,"y":-5.5},{"x":7.5,"y":-5.5},{"x":1.5,"y":-5},{"x":5,"y":-5},{"x":6,"y":-5},{"x":9.5,"y":-5},{"x":3.5,"y":-4.5},{"x":7.5,"y":-4.5},{"x":2,"y":-4},{"x":9,"y":-4},{"x":4,"y":-3.5},{"x":7,"y":-3.5},{"x":2.5,"y":-3},{"x":5,"y":-3},{"x":6,"y":-3},{"x":8.5,"y":-3},{"x":3.5,"y":-2},{"x":7.5,"y":-2},{"x":2.5,"y":-1.5},{"x":4.5,"y":-1.5},{"x":6.5,"y":-1.5},{"x":8.5,"y":-1.5},{"x":1.5,"y":-1},{"x":5.5,"y":-1},{"x":9.5,"y":-1}]},{"index":1,"tiles":[{"x":1.5,"y":-9},{"x":5.5,"y":-9},{"x":9.5,"y":-9},{"x":4.5,"y":-8.5},{"x":6.5,"y":-8.5},{"x":2,"y":-8},{"x":3.5,"y":-8},{"x":7.5,"y":-8},{"x":9,"y":-8},{"x":2.5,"y":-7},{"x":5,"y":-7},{"x":6,"y":-7},{"x":8.5,"y":-7},{"x":4,"y":-6.5},{"x":7,"y":-6.5},{"x":2,"y":-6},{"x":9,"y":-6},{"x":3.5,"y":-5.5},{"x":5.5,"y":-5.5},{"x":7.5,"y":-5.5},{"x":1.5,"y":-5},{"x":9.5,"y":-5},{"x":3.5,"y":-4.5},{"x":5.5,"y":-4.5},{"x":7.5,"y":-4.5},{"x":2,"y":-4},{"x":9,"y":-4},{"x":4,"y":-3.5},{"x":7,"y":-3.5},{"x":2.5,"y":-3},{"x":5,"y":-3},{"x":6,"y":-3},{"x":8.5,"y":-3},{"x":2,"y":-2},{"x":3.5,"y":-2},{"x":7.5,"y":-2},{"x":9,"y":-2},{"x":4.5,"y":-1.5},{"x":6.5,"y":-1.5},{"x":1.5,"y":-1},{"x":5.5,"y":-1},{"x":9.5,"y":-1}]}],"seeds":["BcQFUeV4wcF5ISl6ZmhAnvc8nfiFHLNQWTNQIQhiDiiiB6JiRkcooHUN4MSMoMBNlZBGXdFclogoS+edH1Fm"]},{"layers":[{"index":0,"tiles":[{"x":2.5,"y":-9},{"x":3.5,"y":-9},{"x":7.5,"y":-9},{"x":8.5,"y":-9},{"x":1.5,"y":-8.5},{"x":9.5,"y":-8.5},{"x":3.5,"y":-8},{"x":7.5,"y":-8},{"x":1,"y":-7.5},{"x":10,"y":-7.5},{"x":3.5,"y":-7},{"x":7.5,"y":-7},{"x":1.5,"y":-6.5},{"x":9.5,"y":-6.5},{"x":2.5,"y":-6},{"x":3.5,"y":-6},{"x":5.5,"y":-6},{"x":7.5,"y":-6},{"x":8.5,"y":-6},{"x":4.5,"y":-5.5},{"x":6.5,"y":-5.5},{"x":3.5,"y":-5},{"x":5.5,"y":-5},{"x":7.5,"y":-5},{"x":4.5,"y":-4.5},{"x":6.5,"y":-4.5},{"x":2.5,"y":-4},{"x":3.5,"y":-4},{"x":5.5,"y":-4},{"x":7.5,"y":-4},{"x":8.5,"y":-4},{"x":1.5,"y":-3.5},{"x":9.5,"y":-3.5},{"x":3.5,"y":-3},{"x":7.5,"y":-3},{"x":1,"y":-2.5},{"x":10,"y":-2.5},{"x":3.5,"y":-2},{"x":7.5,"y":-2},{"x":1.5,"y":-1.5},{"x":9.5,"y":-1.5},{"x":2.5,"y":-1},{"x":3.5,"y":-1},{"x":7.5,"y":-1},{"x":8.5,"y":-1}]},{"index":1,"tiles":[{"x":2.5,"y":-9},{"x":3.5,"y":-9},{"x":7.5,"y":-9},{"x":8.5,"y":-9},{"x":1.5,"y":-8.5},{"x":9.5,"y":-8.5},{"x":3.5,"y":-8},{"x":7.5,"y":-8},{"x":1,"y":-7.5},{"x":10,"y":-7.5},{"x":3.5,"y":-7},{"x":7.5,"y":-7},{"x":1.5,"y":-6.5},{"x":9.5,"y":-6.5},{"x":2.5,"y":-6},{"x":3.5,"y":-6},{"x":5.5,"y":-6},{"x":7.5,"y":-6},{"x":8.5,"y":-6},{"x":4.5,"y":-5.5},{"x":6.5,"y":-5.5},{"x":3.5,"y":-5},{"x":5.5,"y":-5},{"x":7.5,"y":-5},{"x":4.5,"y":-4.5},{"x":6.5,"y":-4.5},{"x":2.5,"y":-4},{"x":3.5,"y":-4},{"x":5.5,"y":-4},{"x":7.5,"y":-4},{"x":8.5,"y":-4},{"x":1.5,"y":-3.5},{"x":9.5,"y":-3.5},{"x":3.5,"y":-3},{"x":7.5,"y":-3},{"x":1,"y":-2.5},{"x":10,"y":-2.5},{"x":3.5,"y":-2},{"x":7.5,"y":-2},{"x":1.5,"y":-1.5},{"x":9.5,"y":-1.5},{"x":2.5,"y":-1},{"x":3.5,"y":-1},{"x":7.5,"y":-1},{"x":8.5,"y":-1}]},{"index":2,"tiles":[{"x":2.5,"y":-9},{"x":3.5,"y":-9},{"x":7.5,"y":-9},{"x":8.5,"y":-9},{"x":1.5,"y":-8.5},{"x":9.5,"y":-8.5},{"x":3.5,"y":-8},{"x":7.5,"y":-8},{"x":1,"y":-7.5},{"x":10,"y":-7.5},{"x":3.5,"y":-7},{"x":7.5,"y":-7},{"x":1.5,"y":-6.5},{"x":9.5,"y":-6.5},{"x":2.5,"y":-6},{"x":3.5,"y":-6},{"x":5.5,"y":-6},{"x":7.5,"y":-6},{"x":8.5,"y":-6},{"x":4.5,"y":-5.5},{"x":6.5,"y":-5.5},{"x":3.5,"y":-5},{"x":7.5,"y":-5},{"x":4.5,"y":-4.5},{"x":6.5,"y":-4.5},{"x":2.5,"y":-4},{"x":3.5,"y":-4},{"x":5.5,"y":-4},{"x":7.5,"y":-4},{"x":8.5,"y":-4},{"x":1.5,"y":-3.5},{"x":9.5,"y":-3.5},{"x":3.5,"y":-3},{"x":7.5,"y":-3},{"x":1,"y":-2.5},{"x":10,"y":-2.5},{"x":3.5,"y":-2},{"x":7.5,"y":-2},{"x":1.5,"y":-1.5},{"x":9.5,"y":-1.5},{"x":2.5,"y":-1},{"x":3.5,"y":-1},{"x":7.5,"y":-1},{"x":8.5,"y":-1}]}],"seeds":["2rQEg1cg1MQlXEYUoxFSBEQuUSVMTqQE4iUG4oFx5gROlgMaIiRd3YJsp+RNRwIukfAtENdsUPNFiphNogcqzEd5HWeVQ1dRk6il4QeGHIh1nhB2qKKEnhJ2CxeGj6CKD8gxAQgA"]},{"layers":[{"index":0,"tiles":[{"x":5.5,"y":-9},{"x":4.5,"y":-8.5},{"x":6.5,"y":-8.5},{"x":3.5,"y":-8},{"x":5.5,"y":-8},{"x":7.5,"y":-8},{"x":2.5,"y":-7.5},{"x":8.5,"y":-7.5},{"x":1.5,"y":-7},{"x":9.5,"y":-7},{"x":2.5,"y":-6.5},{"x":8.5,"y":-6.5},{"x":1.5,"y":-6},{"x":4.5,"y":-6},{"x":5.5,"y":-6},{"x":6.5,"y":-6},{"x":9.5,"y":-6},{"x":1.5,"y":-5},{"x":4.5,"y":-5},{"x":6.5,"y":-5},{"x":9.5,"y":-5},{"x":1.5,"y":-4},{"x":4.5,"y":-4},{"x":5.5,"y":-4},{"x":6.5,"y":-4},{"x":9.5,"y":-4},{"x":2.5,"y":-3.5},{"x":8.5,"y":-3.5},{"x":1.5,"y":-3},{"x":9.5,"y":-3},{"x":2.5,"y":-2.5},{"x":8.5,"y":-2.5},{"x":3.5,"y":-2},{"x":5.5,"y":-2},{"x":7.5,"y":-2},{"x":4.5,"y":-1.5},{"x":6.5,"y":-1.5},{"x":5.5,"y":-1}]},{"index":1,"tiles":[{"x":5.5,"y":-9},{"x":4.5,"y":-8.5},{"x":6.5,"y":-8.5},{"x":3.5,"y":-8},{"x":5.5,"y":-8},{"x":7.5,"y":-8},{"x":2.5,"y":-7.5},{"x":8.5,"y":-7.5},{"x":1.5,"y":-7},{"x":9.5,"y":-7},{"x":2.5,"y":-6.5},{"x":8.5,"y":-6.5},{"x":1.5,"y":-6},{"x":9.5,"y":-6},{"x":5,"y":-5.5},{"x":6,"y":-5.5},{"x":1.5,"y":-5},{"x":9.5,"y":-5},{"x":5,"y":-4.5},{"x":6,"y":-4.5},{"x":1.5,"y":-4},{"x":9.5,"y":-4},{"x":2.5,"y":-3.5},{"x":8.5,"y":-3.5},{"x":1.5,"y":-3},{"x":9.5,"y":-3},{"x":2.5,"y":-2.5},{"x":8.5,"y":-2.5},{"x":3.5,"y":-2},{"x":5.5,"y":-2},{"x":7.5,"y":-2},{"x":4.5,"y":-1.5},{"x":6.5,"y":-1.5},{"x":5.5,"y":-1}]},{"index":2,"tiles":[{"x":5.5,"y":-9},{"x":4.5,"y":-8.5},{"x":6.5,"y":-8.5},{"x":3.5,"y":-8},{"x":5.5,"y":-8},{"x":7.5,"y":-8},{"x":2.5,"y":-7.5},{"x":8.5,"y":-7.5},{"x":1.5,"y":-7},{"x":9.5,"y":-7},{"x":2.5,"y":-6.5},{"x":8.5,"y":-6.5},{"x":1.5,"y":-6},{"x":9.5,"y":-6},{"x":5,"y":-5.5},{"x":6,"y":-5.5},{"x":1.5,"y":-5},{"x":9.5,"y":-5},{"x":5,"y":-4.5},{"x":6,"y":-4.5},{"x":1.5,"y":-4},{"x":9.5,"y":-4},{"x":2.5,"y":-3.5},{"x":8.5,"y":-3.5},{"x":1.5,"y":-3},{"x":9.5,"y":-3},{"x":2.5,"y":-2.5},{"x":8.5,"y":-2.5},{"x":3.5,"y":-2},{"x":5.5,"y":-2},{"x":7.5,"y":-2},{"x":4.5,"y":-1.5},{"x":6.5,"y":-1.5},{"x":5.5,"y":-1}]},{"index":3,"tiles":[{"x":5.5,"y":-8},{"x":2.5,"y":-6.5},{"x":8.5,"y":-6.5},{"x":5.5,"y":-5},{"x":2.5,"y":-3.5},{"x":8.5,"y":-3.5},{"x":5.5,"y":-2}]},{"index":4,"tiles":[{"x":5.5,"y":-8},{"x":2.5,"y":-6.5},{"x":8.5,"y":-6.5},{"x":5.5,"y":-5},{"x":2.5,"y":-3.5},{"x":8.5,"y":-3.5},{"x":5.5,"y":-2}]}],"seeds":["FMV4AYIo2gBqhxUM2dZ0Yoc5YHc0StoFkyBYX1hU4wdxyhMxmVeJ2+eFkhguxRVKySRBCYctaiE6Zfdd3WMICxdIIGl4EgpyExhyUSialFKAE0hQBAeKp7BI"]},{"layers":[{"index":0,"tiles":[{"x":4.5,"y":-9.5},{"x":6.5,"y":-9.5},{"x":5,"y":-8.5},{"x":6,"y":-8.5},{"x":1,"y":-8},{"x":2,"y":-8},{"x":3,"y":-8},{"x":4,"y":-8},{"x":7,"y":-8},{"x":8,"y":-8},{"x":9,"y":-8},{"x":10,"y":-8},{"x":5,"y":-7.5},{"x":6,"y":-7.5},{"x":3,"y":-7},{"x":8,"y":-7},{"x":5.5,"y":-6.5},{"x":9,"y":-5.5},{"x":6.5,"y":-5},{"x":10,"y":-5},{"x":3.5,"y":-4.5},{"x":7.5,"y":-4.5},{"x":9,"y":-4.5},{"x":1,"y":-4},{"x":4.5,"y":-4},{"x":6.5,"y":-4},{"x":10,"y":-4},{"x":2,"y":-3.5},{"x":3.5,"y":-3.5},{"x":7.5,"y":-3.5},{"x":9,"y":-3.5},{"x":1,"y":-3},{"x":4.5,"y":-3},{"x":6.5,"y":-3},{"x":10,"y":-3},{"x":2,"y":-2.5},{"x":3.5,"y":-2.5},{"x":7.5,"y":-2.5},{"x":9,"y":-2.5},{"x":1,"y":-2},{"x":4.5,"y":-2},{"x":6.5,"y":-2},{"x":10,"y":-2},{"x":2,"y":-1.5},{"x":3.5,"y":-1.5},{"x":7.5,"y":-1.5},{"x":1,"y":-1},{"x":4.5,"y":-1},{"x":2,"y":-0.5}]},{"index":1,"tiles":[{"x":4.5,"y":-9.5},{"x":6.5,"y":-9.5},{"x":1,"y":-8},{"x":2,"y":-8},{"x":3,"y":-8},{"x":4,"y":-8},{"x":5.5,"y":-8},{"x":7,"y":-8},{"x":8,"y":-8},{"x":9,"y":-8},{"x":10,"y":-8},{"x":3,"y":-7},{"x":8,"y":-7},{"x":5.5,"y":-6.5},{"x":9,"y":-5.5},{"x":6.5,"y":-5},{"x":10,"y":-5},{"x":3.5,"y":-4.5},{"x":7.5,"y":-4.5},{"x":9,"y":-4.5},{"x":1,"y":-4},{"x":4.5,"y":-4},{"x":6.5,"y":-4},{"x":10,"y":-4},{"x":2,"y":-3.5},{"x":3.5,"y":-3.5},{"x":7.5,"y":-3.5},{"x":9,"y":-3.5},{"x":1,"y":-3},{"x":4.5,"y":-3},{"x":6.5,"y":-3},{"x":10,"y":-3},{"x":2,"y":-2.5},{"x":3.5,"y":-2.5},{"x":7.5,"y":-2.5},{"x":9,"y":-2.5},{"x":1,"y":-2},{"x":4.5,"y":-2},{"x":6.5,"y":-2},{"x":10,"y":-2},{"x":2,"y":-1.5},{"x":3.5,"y":-1.5},{"x":7.5,"y":-1.5},{"x":1,"y":-1},{"x":4.5,"y":-1},{"x":2,"y":-0.5}]},{"index":2,"tiles":[{"x":4.5,"y":-9.5},{"x":6.5,"y":-9.5},{"x":1,"y":-8},{"x":2,"y":-8},{"x":3,"y":-8},{"x":4,"y":-8},{"x":5,"y":-8},{"x":6,"y":-8},{"x":7,"y":-8},{"x":8,"y":-8},{"x":9,"y":-8},{"x":10,"y":-8},{"x":3,"y":-7},{"x":8,"y":-7},{"x":5.5,"y":-6.5},{"x":9,"y":-5.5},{"x":6.5,"y":-5},{"x":10,"y":-5},{"x":3.5,"y":-4.5},{"x":7.5,"y":-4.5},{"x":9,"y":-4.5},{"x":1,"y":-4},{"x":4.5,"y":-4},{"x":6.5,"y":-4},{"x":10,"y":-4},{"x":2,"y":-3.5},{"x":3.5,"y":-3.5},{"x":7.5,"y":-3.5},{"x":9,"y":-3.5},{"x":1,"y":-3},{"x":4.5,"y":-3},{"x":6.5,"y":-3},{"x":10,"y":-3},{"x":2,"y":-2.5},{"x":3.5,"y":-2.5},{"x":7.5,"y":-2.5},{"x":9,"y":-2.5},{"x":1,"y":-2},{"x":4.5,"y":-2},{"x":6.5,"y":-2},{"x":10,"y":-2},{"x":2,"y":-1.5},{"x":3.5,"y":-1.5},{"x":7.5,"y":-1.5},{"x":1,"y":-1},{"x":4.5,"y":-1},{"x":2,"y":-0.5}]},{"index":3,"tiles":[{"x":4.5,"y":-9.5},{"x":6.5,"y":-9.5},{"x":5,"y":-8.5},{"x":6,"y":-8.5},{"x":2,"y":-8},{"x":3,"y":-8},{"x":4,"y":-8},{"x":7,"y":-8},{"x":8,"y":-8},{"x":9,"y":-8},{"x":5.5,"y":-7.5},{"x":5.5,"y":-6.5}]}],"seeds":["oXkEmBdNT0GiD+N4DbcIWGeFVBic4uc5RkdcUcgdy8JhhnANotpxhOcInBISVVc0jbEgCQNylqFYnGJxFAaKQximZfNRmfZlYNANYwdKBXQ9IAWK4RUGoSh2zLRNYCJ43fds0geBHkNUFVhUw+SIoqZ8IAIA"]},{"layers":[{"index":0,"tiles":[{"x":1.5,"y":-8.5},{"x":2.5,"y":-8.5},{"x":5.5,"y":-8.5},{"x":8.5,"y":-8.5},{"x":9.5,"y":-8.5},{"x":3.5,"y":-8},{"x":7.5,"y":-8},{"x":1.5,"y":-7.5},{"x":2.5,"y":-7.5},{"x":4.5,"y":-7.5},{"x":5.5,"y":-7.5},{"x":6.5,"y":-7.5},{"x":8.5,"y":-7.5},{"x":9.5,"y":-7.5},{"x":3.5,"y":-7},{"x":7.5,"y":-7},{"x":1.5,"y":-6.5},{"x":2.5,"y":-6.5},{"x":4.5,"y":-6.5},{"x":5.5,"y":-6.5},{"x":6.5,"y":-6.5},{"x":8.5,"y":-6.5},{"x":9.5,"y":-6.5},{"x":3.5,"y":-6},{"x":7.5,"y":-6},{"x":4.5,"y":-5.5},{"x":5.5,"y":-5.5},{"x":6.5,"y":-5.5},{"x":4.5,"y":-4.5},{"x":5.5,"y":-4.5},{"x":6.5,"y":-4.5},{"x":3.5,"y":-4},{"x":7.5,"y":-4},{"x":1.5,"y":-3.5},{"x":2.5,"y":-3.5},{"x":4.5,"y":-3.5},{"x":5.5,"y":-3.5},{"x":6.5,"y":-3.5},{"x":8.5,"y":-3.5},{"x":9.5,"y":-3.5},{"x":3.5,"y":-3},{"x":7.5,"y":-3},{"x":1.5,"y":-2.5},{"x":2.5,"y":-2.5},{"x":4.5,"y":-2.5},{"x":5.5,"y":-2.5},{"x":6.5,"y":-2.5},{"x":8.5,"y":-2.5},{"x":9.5,"y":-2.5},{"x":3.5,"y":-2},{"x":7.5,"y":-2},{"x":1.5,"y":-1.5},{"x":2.5,"y":-1.5},{"x":5.5,"y":-1.5},{"x":8.5,"y":-1.5},{"x":9.5,"y":-1.5}]},{"index":1,"tiles":[{"x":5.5,"y":-8.5},{"x":2,"y":-8},{"x":9,"y":-8},{"x":3,"y":-7.5},{"x":8,"y":-7.5},{"x":2,"y":-7},{"x":4,"y":-7},{"x":5,"y":-7},{"x":6,"y":-7},{"x":7,"y":-7},{"x":9,"y":-7},{"x":3,"y":-6.5},{"x":8,"y":-6.5},{"x":4,"y":-6},{"x":5,"y":-6},{"x":6,"y":-6},{"x":7,"y":-6},{"x":5,"y":-5},{"x":6,"y":-5},{"x":4,"y":-4},{"x":5,"y":-4},{"x":6,"y":-4},{"x":7,"y":-4},{"x":3,"y":-3.5},{"x":8,"y":-3.5},{"x":2,"y":-3},{"x":4,"y":-3},{"x":5,"y":-3},{"x":6,"y":-3},{"x":7,"y":-3},{"x":9,"y":-3},{"x":3,"y":-2.5},{"x":8,"y":-2.5},{"x":2,"y":-2},{"x":9,"y":-2},{"x":5.5,"y":-1.5}]},{"index":2,"tiles":[{"x":1.5,"y":-8.5},{"x":2.5,"y":-8.5},{"x":5.5,"y":-8.5},{"x":8.5,"y":-8.5},{"x":9.5,"y":-8.5},{"x":3.5,"y":-8},{"x":7.5,"y":-8},{"x":1.5,"y":-7.5},{"x":2.5,"y":-7.5},{"x":4.5,"y":-7.5},{"x":5.5,"y":-7.5},{"x":6.5,"y":-7.5},{"x":8.5,"y":-7.5},{"x":9.5,"y":-7.5},{"x":3.5,"y":-7},{"x":7.5,"y":-7},{"x":1.5,"y":-6.5},{"x":2.5,"y":-6.5},{"x":4.5,"y":-6.5},{"x":5.5,"y":-6.5},{"x":6.5,"y":-6.5},{"x":8.5,"y":-6.5},{"x":9.5,"y":-6.5},{"x":3.5,"y":-6},{"x":7.5,"y":-6},{"x":4.5,"y":-5.5},{"x":5.5,"y":-5.5},{"x":6.5,"y":-5.5},{"x":4.5,"y":-4.5},{"x":5.5,"y":-4.5},{"x":6.5,"y":-4.5},{"x":3.5,"y":-4},{"x":7.5,"y":-4},{"x":1.5,"y":-3.5},{"x":2.5,"y":-3.5},{"x":4.5,"y":-3.5},{"x":5.5,"y":-3.5},{"x":6.5,"y":-3.5},{"x":8.5,"y":-3.5},{"x":9.5,"y":-3.5},{"x":3.5,"y":-3},{"x":7.5,"y":-3},{"x":1.5,"y":-2.5},{"x":2.5,"y":-2.5},{"x":4.5,"y":-2.5},{"x":5.5,"y":-2.5},{"x":6.5,"y":-2.5},{"x":8.5,"y":-2.5},{"x":9.5,"y":-2.5},{"x":3.5,"y":-2},{"x":7.5,"y":-2},{"x":1.5,"y":-1.5},{"x":2.5,"y":-1.5},{"x":5.5,"y":-1.5},{"x":8.5,"y":-1.5},{"x":9.5,"y":-1.5}]}],"seeds":["VFd1aANZS6V13sB8hGCklOgJkhcIUVhA3CMKSfExITh8geCZhvaAAuVlVBaWwXeByLFwh9KIg7F14DJMYhVOWJd9HBgwDOGF4LJVQ+goAzZwzIcEItNxFMWJpwcqTmCJ6kgOkwQqkdcZYSdeYTYl"]},{"layers":[{"index":0,"tiles":[{"x":2,"y":-8.5},{"x":3,"y":-8.5},{"x":4,"y":-8.5},{"x":5,"y":-8.5},{"x":6,"y":-8.5},{"x":7,"y":-8.5},{"x":8,"y":-8.5},{"x":9,"y":-8.5},{"x":2,"y":-7.5},{"x":3,"y":-7.5},{"x":4,"y":-7.5},{"x":5,"y":-7.5},{"x":6,"y":-7.5},{"x":2,"y":-6.5},{"x":3,"y":-6.5},{"x":5,"y":-6.5},{"x":6,"y":-6.5},{"x":8,"y":-6.5},{"x":9,"y":-6.5},{"x":5,"y":-5.5},{"x":6,"y":-5.5},{"x":7,"y":-5.5},{"x":8,"y":-5.5},{"x":9,"y":-5.5},{"x":2,"y":-4.5},{"x":3,"y":-4.5},{"x":4,"y":-4.5},{"x":5,"y":-4.5},{"x":6,"y":-4.5},{"x":2,"y":-3.5},{"x":3,"y":-3.5},{"x":5,"y":-3.5},{"x":6,"y":-3.5},{"x":8,"y":-3.5},{"x":9,"y":-3.5},{"x":5,"y":-2.5},{"x":6,"y":-2.5},{"x":7,"y":-2.5},{"x":8,"y":-2.5},{"x":9,"y":-2.5},{"x":2,"y":-1.5},{"x":3,"y":-1.5},{"x":4,"y":-1.5},{"x":5,"y":-1.5},{"x":6,"y":-1.5},{"x":7,"y":-1.5},{"x":8,"y":-1.5},{"x":9,"y":-1.5}]},{"index":1,"tiles":[{"x":2,"y":-8.5},{"x":3,"y":-8.5},{"x":4,"y":-8.5},{"x":5,"y":-8.5},{"x":6,"y":-8.5},{"x":7,"y":-8.5},{"x":8,"y":-8.5},{"x":9,"y":-8.5},{"x":2,"y":-7.5},{"x":3,"y":-7.5},{"x":4,"y":-7.5},{"x":5,"y":-7.5},{"x":6,"y":-7.5},{"x":2,"y":-6.5},{"x":3,"y":-6.5},{"x":5,"y":-6.5},{"x":6,"y":-6.5},{"x":8,"y":-6.5},{"x":9,"y":-6.5},{"x":5,"y":-5.5},{"x":6,"y":-5.5},{"x":7,"y":-5.5},{"x":8,"y":-5.5},{"x":9,"y":-5.5},{"x":2,"y":-4.5},{"x":3,"y":-4.5},{"x":4,"y":-4.5},{"x":5,"y":-4.5},{"x":6,"y":-4.5},{"x":2,"y":-3.5},{"x":3,"y":-3.5},{"x":5,"y":-3.5},{"x":6,"y":-3.5},{"x":8,"y":-3.5},{"x":9,"y":-3.5},{"x":5,"y":-2.5},{"x":6,"y":-2.5},{"x":7,"y":-2.5},{"x":8,"y":-2.5},{"x":9,"y":-2.5},{"x":2,"y":-1.5},{"x":3,"y":-1.5},{"x":4,"y":-1.5},{"x":5,"y":-1.5},{"x":6,"y":-1.5},{"x":7,"y":-1.5},{"x":8,"y":-1.5},{"x":9,"y":-1.5}]}],"seeds":["okaojyEN3BRQXXZtDRKCIliEFReGXyJCwqRslJUuXlaIDChgIGMkHQge0MeR5eU5h+eNyiJFyNOZWONEYfANHWhVHxgSJ4dq"]},{"layers":[{"index":0,"tiles":[{"x":2,"y":-9},{"x":3,"y":-9},{"x":8,"y":-9},{"x":9,"y":-9},{"x":5,"y":-8.5},{"x":6,"y":-8.5},{"x":2,"y":-8},{"x":3,"y":-8},{"x":4,"y":-8},{"x":7,"y":-8},{"x":8,"y":-8},{"x":9,"y":-8},{"x":5,"y":-7.5},{"x":6,"y":-7.5},{"x":3,"y":-7},{"x":4,"y":-7},{"x":7,"y":-7},{"x":8,"y":-7},{"x":5,"y":-6.5},{"x":6,"y":-6.5},{"x":2.5,"y":-6},{"x":4,"y":-6},{"x":7,"y":-6},{"x":8.5,"y":-6},{"x":2,"y":-5},{"x":4,"y":-5},{"x":5,"y":-5},{"x":6,"y":-5},{"x":7,"y":-5},{"x":9,"y":-5},{"x":2.5,"y":-4},{"x":4,"y":-4},{"x":7,"y":-4},{"x":8.5,"y":-4},{"x":5,"y":-3.5},{"x":6,"y":-3.5},{"x":3,"y":-3},{"x":4,"y":-3},{"x":7,"y":-3},{"x":8,"y":-3},{"x":5,"y":-2.5},{"x":6,"y":-2.5},{"x":2,"y":-2},{"x":3,"y":-2},{"x":4,"y":-2},{"x":7,"y":-2},{"x":8,"y":-2},{"x":9,"y":-2},{"x":5,"y":-1.5},{"x":6,"y":-1.5},{"x":2,"y":-1},{"x":3,"y":-1},{"x":8,"y":-1},{"x":9,"y":-1}]},{"index":1,"tiles":[{"x":2,"y":-9},{"x":3,"y":-9},{"x":8,"y":-9},{"x":9,"y":-9},{"x":5.5,"y":-8.5},{"x":2,"y":-8},{"x":3,"y":-8},{"x":4,"y":-8},{"x":7,"y":-8},{"x":8,"y":-8},{"x":9,"y":-8},{"x":5.5,"y":-7.5},{"x":3,"y":-7},{"x":4,"y":-7},{"x":7,"y":-7},{"x":8,"y":-7},{"x":5.5,"y":-6.5},{"x":5.5,"y":-5.5},{"x":5.5,"y":-4.5},{"x":5.5,"y":-3.5},{"x":3,"y":-3},{"x":4,"y":-3},{"x":7,"y":-3},{"x":8,"y":-3},{"x":5.5,"y":-2.5},{"x":2,"y":-2},{"x":3,"y":-2},{"x":4,"y":-2},{"x":7,"y":-2},{"x":8,"y":-2},{"x":9,"y":-2},{"x":5.5,"y":-1.5},{"x":2,"y":-1},{"x":3,"y":-1},{"x":8,"y":-1},{"x":9,"y":-1}]},{"index":2,"tiles":[{"x":2,"y":-9},{"x":3,"y":-9},{"x":8,"y":-9},{"x":9,"y":-9},{"x":2,"y":-8},{"x":3,"y":-8},{"x":4,"y":-8},{"x":7,"y":-8},{"x":8,"y":-8},{"x":9,"y":-8},{"x":2,"y":-2},{"x":3,"y":-2},{"x":4,"y":-2},{"x":7,"y":-2},{"x":8,"y":-2},{"x":9,"y":-2},{"x":2,"y":-1},{"x":3,"y":-1},{"x":8,"y":-1},{"x":9,"y":-1}]},{"index":3,"tiles":[{"x":2,"y":-9},{"x":3,"y":-9},{"x":8,"y":-9},{"x":9,"y":-9},{"x":2,"y":-1},{"x":3,"y":-1},{"x":8,"y":-1},{"x":9,"y":-1}]}],"seeds":["VxgcYGcISZdMH8gxBaI0BmZQoaYgUegMYhaAlCihpyCknUmJYxMu3xcU2GKQYBhqHKeCh1d6ndcRy0V1nCKC1rZsAVeB0/SJjBBxmTQ41iOI0ANOhKB4UAUA"]},{"layers":[{"index":0,"tiles":[{"x":5.5,"y":-9},{"x":2.5,"y":-8.5},{"x":4.5,"y":-8.5},{"x":6.5,"y":-8.5},{"x":8.5,"y":-8.5},{"x":1.5,"y":-8},{"x":3.5,"y":-8},{"x":5.5,"y":-8},{"x":7.5,"y":-8},{"x":9.5,"y":-8},{"x":4.5,"y":-7.5},{"x":6.5,"y":-7.5},{"x":3.5,"y":-7},{"x":5.5,"y":-7},{"x":7.5,"y":-7},{"x":2.5,"y":-6.5},{"x":4.5,"y":-6.5},{"x":6.5,"y":-6.5},{"x":8.5,"y":-6.5},{"x":5.5,"y":-6},{"x":2,"y":-5.5},{"x":3,"y":-5.5},{"x":8,"y":-5.5},{"x":9,"y":-5.5},{"x":4,"y":-5},{"x":7,"y":-5},{"x":2,"y":-4.5},{"x":3,"y":-4.5},{"x":8,"y":-4.5},{"x":9,"y":-4.5},{"x":5.5,"y":-4},{"x":2.5,"y":-3.5},{"x":4.5,"y":-3.5},{"x":6.5,"y":-3.5},{"x":8.5,"y":-3.5},{"x":3.5,"y":-3},{"x":5.5,"y":-3},{"x":7.5,"y":-3},{"x":4.5,"y":-2.5},{"x":6.5,"y":-2.5},{"x":1.5,"y":-2},{"x":3.5,"y":-2},{"x":5.5,"y":-2},{"x":7.5,"y":-2},{"x":9.5,"y":-2},{"x":2.5,"y":-1.5},{"x":4.5,"y":-1.5},{"x":6.5,"y":-1.5},{"x":8.5,"y":-1.5},{"x":5.5,"y":-1}]},{"index":1,"tiles":[{"x":5.5,"y":-9},{"x":2.5,"y":-8.5},{"x":4.5,"y":-8.5},{"x":6.5,"y":-8.5},{"x":8.5,"y":-8.5},{"x":3.5,"y":-8},{"x":5.5,"y":-8},{"x":7.5,"y":-8},{"x":4.5,"y":-7.5},{"x":6.5,"y":-7.5},{"x":3.5,"y":-7},{"x":5.5,"y":-7},{"x":7.5,"y":-7},{"x":2.5,"y":-6.5},{"x":4.5,"y":-6.5},{"x":6.5,"y":-6.5},{"x":8.5,"y":-6.5},{"x":5.5,"y":-6},{"x":2,"y":-5.5},{"x":3,"y":-5.5},{"x":8,"y":-5.5},{"x":9,"y":-5.5},{"x":4,"y":-5},{"x":7,"y":-5},{"x":2,"y":-4.5},{"x":3,"y":-4.5},{"x":8,"y":-4.5},{"x":9,"y":-4.5},{"x":5.5,"y":-4},{"x":2.5,"y":-3.5},{"x":4.5,"y":-3.5},{"x":6.5,"y":-3.5},{"x":8.5,"y":-3.5},{"x":3.5,"y":-3},{"x":5.5,"y":-3},{"x":7.5,"y":-3},{"x":4.5,"y":-2.5},{"x":6.5,"y":-2.5},{"x":3.5,"y":-2},{"x":5.5,"y":-2},{"x":7.5,"y":-2},{"x":2.5,"y":-1.5},{"x":4.5,"y":-1.5},{"x":6.5,"y":-1.5},{"x":8.5,"y":-1.5},{"x":5.5,"y":-1}]},{"index":2,"tiles":[{"x":3.5,"y":-8},{"x":7.5,"y":-8},{"x":4.5,"y":-7.5},{"x":5.5,"y":-7.5},{"x":6.5,"y":-7.5},{"x":2.5,"y":-6.5},{"x":3.5,"y":-6.5},{"x":4.5,"y":-6.5},{"x":5.5,"y":-6.5},{"x":6.5,"y":-6.5},{"x":7.5,"y":-6.5},{"x":8.5,"y":-6.5},{"x":2,"y":-5.5},{"x":3,"y":-5.5},{"x":8,"y":-5.5},{"x":9,"y":-5.5},{"x":2,"y":-4.5},{"x":3,"y":-4.5},{"x":8,"y":-4.5},{"x":9,"y":-4.5},{"x":2.5,"y":-3.5},{"x":3.5,"y":-3.5},{"x":4.5,"y":-3.5},{"x":5.5,"y":-3.5},{"x":6.5,"y":-3.5},{"x":7.5,"y":-3.5},{"x":8.5,"y":-3.5},{"x":4.5,"y":-2.5},{"x":5.5,"y":-2.5},{"x":6.5,"y":-2.5},{"x":3.5,"y":-2},{"x":7.5,"y":-2}]},{"index":3,"tiles":[{"x":5.5,"y":-6.5},{"x":4.5,"y":-6},{"x":6.5,"y":-6},{"x":3.5,"y":-5.5},{"x":7.5,"y":-5.5},{"x":2.5,"y":-5},{"x":8.5,"y":-5},{"x":3.5,"y":-4.5},{"x":7.5,"y":-4.5},{"x":4.5,"y":-4},{"x":6.5,"y":-4},{"x":5.5,"y":-3.5}]}],"seeds":["jQIZILc0FhlORPI4W0dZkqh1wqYEINdZR4iIw9gtYRRqwyKFX+VMnnKBk/h5nhgGSuedghV8y+KJXhYGQ8VkRpNwD7EIFvZRF/SZH1g0KhoeyVcKAgVGSagJAwNSxQRiXAhynYhYKad9"]},{"layers":[{"index":0,"tiles":[{"x":3,"y":-9.5},{"x":4,"y":-9.5},{"x":5,"y":-9.5},{"x":6,"y":-9.5},{"x":7,"y":-9.5},{"x":8,"y":-9.5},{"x":3,"y":-8.5},{"x":4,"y":-8.5},{"x":5,"y":-8.5},{"x":6,"y":-8.5},{"x":7,"y":-8.5},{"x":8,"y":-8.5},{"x":4,"y":-7.5},{"x":5,"y":-7.5},{"x":6,"y":-7.5},{"x":7,"y":-7.5},{"x":4.5,"y":-6.5},{"x":5.5,"y":-6.5},{"x":6.5,"y":-6.5},{"x":4.5,"y":-5.5},{"x":5.5,"y":-5.5},{"x":6.5,"y":-5.5},{"x":4,"y":-4.5},{"x":5,"y":-4.5},{"x":6,"y":-4.5},{"x":7,"y":-4.5},{"x":3.5,"y":-3.5},{"x":5,"y":-3.5},{"x":6,"y":-3.5},{"x":7.5,"y":-3.5},{"x":3,"y":-2.5},{"x":5,"y":-2.5},{"x":6,"y":-2.5},{"x":8,"y":-2.5},{"x":3,"y":-1.5},{"x":5,"y":-1.5},{"x":6,"y":-1.5},{"x":8,"y":-1.5}]},{"index":1,"tiles":[{"x":3,"y":-9.5},{"x":4,"y":-9.5},{"x":5,"y":-9.5},{"x":6,"y":-9.5},{"x":7,"y":-9.5},{"x":8,"y":-9.5},{"x":3,"y":-8.5},{"x":4,"y":-8.5},{"x":5,"y":-8.5},{"x":6,"y":-8.5},{"x":7,"y":-8.5},{"x":8,"y":-8.5},{"x":4,"y":-7.5},{"x":5,"y":-7.5},{"x":6,"y":-7.5},{"x":7,"y":-7.5},{"x":4.5,"y":-6.5},{"x":5.5,"y":-6.5},{"x":6.5,"y":-6.5},{"x":4.5,"y":-5.5},{"x":5.5,"y":-5.5},{"x":6.5,"y":-5.5},{"x":4,"y":-4.5},{"x":5,"y":-4.5},{"x":6,"y":-4.5},{"x":7,"y":-4.5},{"x":3.5,"y":-3.5},{"x":4.5,"y":-3.5},{"x":5.5,"y":-3.5},{"x":6.5,"y":-3.5},{"x":7.5,"y":-3.5},{"x":3,"y":-2.5},{"x":5,"y":-2.5},{"x":6,"y":-2.5},{"x":8,"y":-2.5},{"x":3,"y":-1.5},{"x":5,"y":-1.5},{"x":6,"y":-1.5},{"x":8,"y":-1.5}]},{"index":2,"tiles":[{"x":3,"y":-9.5},{"x":4,"y":-9.5},{"x":5,"y":-9.5},{"x":6,"y":-9.5},{"x":7,"y":-9.5},{"x":8,"y":-9.5},{"x":3,"y":-8.5},{"x":4,"y":-8.5},{"x":5,"y":-8.5},{"x":6,"y":-8.5},{"x":7,"y":-8.5},{"x":8,"y":-8.5},{"x":4,"y":-7.5},{"x":5,"y":-7.5},{"x":6,"y":-7.5},{"x":7,"y":-7.5},{"x":4.5,"y":-6.5},{"x":5.5,"y":-6.5},{"x":6.5,"y":-6.5},{"x":4.5,"y":-5.5},{"x":5.5,"y":-5.5},{"x":6.5,"y":-5.5},{"x":4,"y":-4.5},{"x":5,"y":-4.5},{"x":6,"y":-4.5},{"x":7,"y":-4.5},{"x":3.5,"y":-3.5},{"x":4.5,"y":-3.5},{"x":5.5,"y":-3.5},{"x":6.5,"y":-3.5},{"x":7.5,"y":-3.5},{"x":3,"y":-2.5},{"x":5,"y":-2.5},{"x":6,"y":-2.5},{"x":8,"y":-2.5},{"x":3,"y":-1.5},{"x":5,"y":-1.5},{"x":6,"y":-1.5},{"x":8,"y":-1.5}]}],"seeds":["nygNWhCmWagsiSMY2zElHMaA3TR90RI2oONxl/GRQQaCatWJFih6HSUKYDkGQhUhUsGByskVxCF03LUFneiZ36M8njIRiPcFAxgGGoh9EER5YIdyViMy"]},{"layers":[{"index":0,"tiles":[{"x":5,"y":-9.5},{"x":6,"y":-9.5},{"x":4,"y":-9},{"x":7,"y":-9},{"x":3,"y":-8.5},{"x":5,"y":-8.5},{"x":6,"y":-8.5},{"x":8,"y":-8.5},{"x":2,"y":-8},{"x":9,"y":-8},{"x":5.5,"y":-7.5},{"x":1.5,"y":-7},{"x":4,"y":-7},{"x":7,"y":-7},{"x":9.5,"y":-7},{"x":5.5,"y":-6.5},{"x":1.5,"y":-6},{"x":3,"y":-6},{"x":4,"y":-6},{"x":7,"y":-6},{"x":8,"y":-6},{"x":9.5,"y":-6},{"x":5.5,"y":-5.5},{"x":2,"y":-5},{"x":4,"y":-5},{"x":7,"y":-5},{"x":9,"y":-5},{"x":4,"y":-4},{"x":7,"y":-4},{"x":2,"y":-3},{"x":4,"y":-3},{"x":5.5,"y":-3},{"x":7,"y":-3},{"x":9,"y":-3},{"x":1.5,"y":-2},{"x":3,"y":-2},{"x":4,"y":-2},{"x":5.5,"y":-2},{"x":7,"y":-2},{"x":8,"y":-2},{"x":9.5,"y":-2},{"x":1.5,"y":-1},{"x":4,"y":-1},{"x":5.5,"y":-1},{"x":7,"y":-1},{"x":9.5,"y":-1}]},{"index":1,"tiles":[{"x":5,"y":-9.5},{"x":6,"y":-9.5},{"x":4,"y":-9},{"x":7,"y":-9},{"x":3,"y":-8.5},{"x":5,"y":-8.5},{"x":6,"y":-8.5},{"x":8,"y":-8.5},{"x":2,"y":-8},{"x":9,"y":-8},{"x":5.5,"y":-7.5},{"x":1.5,"y":-7},{"x":4,"y":-7},{"x":7,"y":-7},{"x":9.5,"y":-7},{"x":5.5,"y":-6.5},{"x":1.5,"y":-6},{"x":3,"y":-6},{"x":4,"y":-6},{"x":7,"y":-6},{"x":8,"y":-6},{"x":9.5,"y":-6},{"x":5.5,"y":-5.5},{"x":2,"y":-5},{"x":4,"y":-5},{"x":7,"y":-5},{"x":9,"y":-5},{"x":4,"y":-4},{"x":7,"y":-4},{"x":2,"y":-3},{"x":4,"y":-3},{"x":5.5,"y":-3},{"x":7,"y":-3},{"x":9,"y":-3},{"x":1.5,"y":-2},{"x":3,"y":-2},{"x":4,"y":-2},{"x":5.5,"y":-2},{"x":7,"y":-2},{"x":8,"y":-2},{"x":9.5,"y":-2},{"x":1.5,"y":-1},{"x":4,"y":-1},{"x":5.5,"y":-1},{"x":7,"y":-1},{"x":9.5,"y":-1}]},{"index":2,"tiles":[{"x":5,"y":-9.5},{"x":6,"y":-9.5},{"x":4,"y":-9},{"x":7,"y":-9},{"x":3,"y":-8.5},{"x":8,"y":-8.5},{"x":2,"y":-8},{"x":9,"y":-8},{"x":1.5,"y":-7},{"x":4,"y":-7},{"x":7,"y":-7},{"x":9.5,"y":-7},{"x":1.5,"y":-6},{"x":3,"y":-6},{"x":4,"y":-6},{"x":7,"y":-6},{"x":8,"y":-6},{"x":9.5,"y":-6},{"x":2,"y":-5},{"x":4,"y":-5},{"x":7,"y":-5},{"x":9,"y":-5},{"x":4,"y":-4},{"x":7,"y":-4},{"x":2,"y":-3},{"x":4,"y":-3},{"x":7,"y":-3},{"x":9,"y":-3},{"x":1.5,"y":-2},{"x":3,"y":-2},{"x":4,"y":-2},{"x":7,"y":-2},{"x":8,"y":-2},{"x":9.5,"y":-2},{"x":1.5,"y":-1},{"x":4,"y":-1},{"x":7,"y":-1},{"x":9.5,"y":-1}]}],"seeds":["y1Z1HxJ41aNNDxEgIWiFUKQQnMBgYHAJGzdZ4PeJiyCJihRw0AAqwhIZndccnNhpodh1F8iMQ8FQzOSBINaQGRF63lB5YiI6X1iZC2gUTqJ2g8iF4ZFNVEpQXEih5yd+SgkA"]},{"layers":[{"index":0,"tiles":[{"x":2.5,"y":-8},{"x":8.5,"y":-8},{"x":3.5,"y":-7.5},{"x":4.5,"y":-7.5},{"x":6.5,"y":-7.5},{"x":7.5,"y":-7.5},{"x":2.5,"y":-7},{"x":5.5,"y":-7},{"x":8.5,"y":-7},{"x":3.5,"y":-6.5},{"x":7.5,"y":-6.5},{"x":2.5,"y":-6},{"x":4.5,"y":-6},{"x":5.5,"y":-6},{"x":6.5,"y":-6},{"x":8.5,"y":-6},{"x":3.5,"y":-5.5},{"x":7.5,"y":-5.5},{"x":2.5,"y":-5},{"x":4.5,"y":-5},{"x":5.5,"y":-5},{"x":6.5,"y":-5},{"x":8.5,"y":-5},{"x":3.5,"y":-4.5},{"x":7.5,"y":-4.5},{"x":2.5,"y":-4},{"x":4.5,"y":-4},{"x":5.5,"y":-4},{"x":6.5,"y":-4},{"x":8.5,"y":-4},{"x":3.5,"y":-3.5},{"x":7.5,"y":-3.5},{"x":2.5,"y":-3},{"x":5.5,"y":-3},{"x":8.5,"y":-3},{"x":3.5,"y":-2.5},{"x":4.5,"y":-2.5},{"x":6.5,"y":-2.5},{"x":7.5,"y":-2.5},{"x":2.5,"y":-2},{"x":8.5,"y":-2}]},{"index":1,"tiles":[{"x":3,"y":-7.5},{"x":8,"y":-7.5},{"x":4,"y":-7},{"x":7,"y":-7},{"x":3,"y":-6.5},{"x":5,"y":-6.5},{"x":6,"y":-6.5},{"x":8,"y":-6.5},{"x":3,"y":-5.5},{"x":5,"y":-5.5},{"x":6,"y":-5.5},{"x":8,"y":-5.5},{"x":4,"y":-5},{"x":7,"y":-5},{"x":3,"y":-4.5},{"x":5,"y":-4.5},{"x":6,"y":-4.5},{"x":8,"y":-4.5},{"x":3,"y":-3.5},{"x":5,"y":-3.5},{"x":6,"y":-3.5},{"x":8,"y":-3.5},{"x":4,"y":-3},{"x":7,"y":-3},{"x":3,"y":-2.5},{"x":8,"y":-2.5}]},{"index":2,"tiles":[{"x":3.5,"y":-7},{"x":7.5,"y":-7},{"x":4.5,"y":-6.5},{"x":5.5,"y":-6.5},{"x":6.5,"y":-6.5},{"x":3.5,"y":-6},{"x":7.5,"y":-6},{"x":4.5,"y":-5.5},{"x":6.5,"y":-5.5},{"x":3.5,"y":-5},{"x":7.5,"y":-5},{"x":4.5,"y":-4.5},{"x":6.5,"y":-4.5},{"x":3.5,"y":-4},{"x":7.5,"y":-4},{"x":4.5,"y":-3.5},{"x":5.5,"y":-3.5},{"x":6.5,"y":-3.5},{"x":3.5,"y":-3},{"x":7.5,"y":-3}]},{"index":3,"tiles":[{"x":4,"y":-6.5},{"x":7,"y":-6.5},{"x":5,"y":-6},{"x":6,"y":-6},{"x":4,"y":-5.5},{"x":7,"y":-5.5},{"x":5,"y":-5},{"x":6,"y":-5},{"x":4,"y":-4.5},{"x":7,"y":-4.5},{"x":5,"y":-4},{"x":6,"y":-4},{"x":4,"y":-3.5},{"x":7,"y":-3.5}]},{"index":4,"tiles":[{"x":4.5,"y":-6},{"x":6.5,"y":-6},{"x":4.5,"y":-5},{"x":5.5,"y":-5},{"x":6.5,"y":-5},{"x":4.5,"y":-4},{"x":6.5,"y":-4}]},{"index":5,"tiles":[{"x":5,"y":-5.5},{"x":6,"y":-5.5},{"x":5,"y":-4.5},{"x":6,"y":-4.5}]}],"seeds":["QdBxncGRmogdX3EKIzaFRFd0WiSEnoqIIAISoZg8orFN4rZ836MMA7hklyImjlNFFJg1UwMyCghOocdxoJd6AhSg3NEFyyeFgsJ0pgRxJbWEVmVd"]},{"layers":[{"index":0,"tiles":[{"x":2,"y":-9},{"x":3,"y":-9},{"x":4,"y":-9},{"x":5,"y":-9},{"x":8,"y":-9},{"x":7,"y":-8.5},{"x":9,"y":-8.5},{"x":2,"y":-8},{"x":3,"y":-8},{"x":4,"y":-8},{"x":7,"y":-7.5},{"x":9,"y":-7.5},{"x":2,"y":-7},{"x":3,"y":-7},{"x":8,"y":-7},{"x":2,"y":-6},{"x":5.5,"y":-6},{"x":4.5,"y":-5.5},{"x":6.5,"y":-5.5},{"x":3.5,"y":-5},{"x":7.5,"y":-5},{"x":4.5,"y":-4.5},{"x":6.5,"y":-4.5},{"x":5.5,"y":-4},{"x":9,"y":-4},{"x":3,"y":-3},{"x":8,"y":-3},{"x":9,"y":-3},{"x":2,"y":-2.5},{"x":4,"y":-2.5},{"x":7,"y":-2},{"x":8,"y":-2},{"x":9,"y":-2},{"x":2,"y":-1.5},{"x":4,"y":-1.5},{"x":3,"y":-1},{"x":6,"y":-1},{"x":7,"y":-1},{"x":8,"y":-1},{"x":9,"y":-1}]},{"index":1,"tiles":[{"x":2,"y":-9},{"x":3,"y":-9},{"x":4,"y":-9},{"x":5,"y":-9},{"x":8,"y":-9},{"x":7,"y":-8.5},{"x":9,"y":-8.5},{"x":2,"y":-8},{"x":3,"y":-8},{"x":4,"y":-8},{"x":7,"y":-7.5},{"x":9,"y":-7.5},{"x":2,"y":-7},{"x":3,"y":-7},{"x":8,"y":-7},{"x":2,"y":-6},{"x":5.5,"y":-6},{"x":4.5,"y":-5.5},{"x":6.5,"y":-5.5},{"x":3.5,"y":-5},{"x":7.5,"y":-5},{"x":4.5,"y":-4.5},{"x":6.5,"y":-4.5},{"x":5.5,"y":-4},{"x":9,"y":-4},{"x":3,"y":-3},{"x":8,"y":-3},{"x":9,"y":-3},{"x":2,"y":-2.5},{"x":4,"y":-2.5},{"x":7,"y":-2},{"x":8,"y":-2},{"x":9,"y":-2},{"x":2,"y":-1.5},{"x":4,"y":-1.5},{"x":3,"y":-1},{"x":6,"y":-1},{"x":7,"y":-1},{"x":8,"y":-1},{"x":9,"y":-1}]},{"index":2,"tiles":[{"x":3,"y":-9},{"x":4,"y":-9},{"x":2,"y":-8},{"x":3,"y":-8},{"x":2,"y":-7},{"x":9,"y":-3},{"x":8,"y":-2},{"x":9,"y":-2},{"x":7,"y":-1},{"x":8,"y":-1}]}],"seeds":["InedmsEVT4eKopN5FRkmXDeUzIcYE9h1yZRyhwYSgYARXoUUYchY4WOqVBMsDXiMkOCBihJG1ydG1rBgIEh9X+hBmQMA"]},{"layers":[{"index":0,"tiles":[{"x":2,"y":-7.5},{"x":9,"y":-7.5},{"x":1,"y":-7},{"x":10,"y":-7},{"x":2.5,"y":-6.5},{"x":4.5,"y":-6.5},{"x":5.5,"y":-6.5},{"x":6.5,"y":-6.5},{"x":8.5,"y":-6.5},{"x":1.5,"y":-6},{"x":3.5,"y":-6},{"x":7.5,"y":-6},{"x":9.5,"y":-6},{"x":5,"y":-5.5},{"x":6,"y":-5.5},{"x":2,"y":-5},{"x":3,"y":-5},{"x":4,"y":-5},{"x":7,"y":-5},{"x":8,"y":-5},{"x":9,"y":-5},{"x":5,"y":-4.5},{"x":6,"y":-4.5},{"x":1.5,"y":-4},{"x":3.5,"y":-4},{"x":7.5,"y":-4},{"x":9.5,"y":-4},{"x":2.5,"y":-3.5},{"x":4.5,"y":-3.5},{"x":5.5,"y":-3.5},{"x":6.5,"y":-3.5},{"x":8.5,"y":-3.5},{"x":1,"y":-3},{"x":10,"y":-3},{"x":2,"y":-2.5},{"x":9,"y":-2.5}]},{"index":1,"tiles":[{"x":2,"y":-7.5},{"x":9,"y":-7.5},{"x":1,"y":-7},{"x":10,"y":-7},{"x":2.5,"y":-6.5},{"x":4.5,"y":-6.5},{"x":5.5,"y":-6.5},{"x":6.5,"y":-6.5},{"x":8.5,"y":-6.5},{"x":1.5,"y":-6},{"x":3.5,"y":-6},{"x":7.5,"y":-6},{"x":9.5,"y":-6},{"x":5,"y":-5.5},{"x":6,"y":-5.5},{"x":2.5,"y":-5},{"x":3.5,"y":-5},{"x":7.5,"y":-5},{"x":8.5,"y":-5},{"x":5,"y":-4.5},{"x":6,"y":-4.5},{"x":1.5,"y":-4},{"x":3.5,"y":-4},{"x":7.5,"y":-4},{"x":9.5,"y":-4},{"x":2.5,"y":-3.5},{"x":4.5,"y":-3.5},{"x":5.5,"y":-3.5},{"x":6.5,"y":-3.5},{"x":8.5,"y":-3.5},{"x":1,"y":-3},{"x":10,"y":-3},{"x":2,"y":-2.5},{"x":9,"y":-2.5}]},{"index":2,"tiles":[{"x":2,"y":-7.5},{"x":9,"y":-7.5},{"x":1,"y":-7},{"x":10,"y":-7},{"x":2.5,"y":-6.5},{"x":4.5,"y":-6.5},{"x":5.5,"y":-6.5},{"x":6.5,"y":-6.5},{"x":8.5,"y":-6.5},{"x":1.5,"y":-6},{"x":3.5,"y":-6},{"x":7.5,"y":-6},{"x":9.5,"y":-6},{"x":5,"y":-5.5},{"x":6,"y":-5.5},{"x":2.5,"y":-5},{"x":3.5,"y":-5},{"x":7.5,"y":-5},{"x":8.5,"y":-5},{"x":5,"y":-4.5},{"x":6,"y":-4.5},{"x":1.5,"y":-4},{"x":3.5,"y":-4},{"x":7.5,"y":-4},{"x":9.5,"y":-4},{"x":2.5,"y":-3.5},{"x":4.5,"y":-3.5},{"x":5.5,"y":-3.5},{"x":6.5,"y":-3.5},{"x":8.5,"y":-3.5},{"x":1,"y":-3},{"x":10,"y":-3},{"x":2,"y":-2.5},{"x":9,"y":-2.5}]},{"index":3,"tiles":[{"x":2,"y":-7.5},{"x":9,"y":-7.5},{"x":1,"y":-7},{"x":10,"y":-7},{"x":2.5,"y":-6.5},{"x":8.5,"y":-6.5},{"x":1.5,"y":-6},{"x":9.5,"y":-6},{"x":3.5,"y":-5.5},{"x":5,"y":-5.5},{"x":6,"y":-5.5},{"x":7.5,"y":-5.5},{"x":2.5,"y":-5},{"x":8.5,"y":-5},{"x":3.5,"y":-4.5},{"x":5,"y":-4.5},{"x":6,"y":-4.5},{"x":7.5,"y":-4.5},{"x":1.5,"y":-4},{"x":9.5,"y":-4},{"x":2.5,"y":-3.5},{"x":8.5,"y":-3.5},{"x":1,"y":-3},{"x":10,"y":-3},{"x":2,"y":-2.5},{"x":9,"y":-2.5}]}],"seeds":["3DJSnsJ5CDeEIbGA5QR5R6QIIOINoEl5gTdtjzGIwpIoRVRNZ6gZzbeIIalAh6h9Acc9F4gp35ZtHSiCnSRm29ZdX5NWQsJNoLSJHRg4nNJZAaoWBmUwAsUMncNZYRiGGAEA"]},{"layers":[{"index":0,"tiles":[{"x":1.5,"y":-9},{"x":2.5,"y":-9},{"x":3.5,"y":-9},{"x":4.5,"y":-9},{"x":5.5,"y":-9},{"x":6.5,"y":-9},{"x":7.5,"y":-9},{"x":8.5,"y":-9},{"x":9.5,"y":-8.5},{"x":2,"y":-7.5},{"x":3,"y":-7.5},{"x":4,"y":-7.5},{"x":7.5,"y":-7.5},{"x":8.5,"y":-7.5},{"x":9.5,"y":-7.5},{"x":1,"y":-6.5},{"x":2,"y":-6.5},{"x":3,"y":-6.5},{"x":4,"y":-6.5},{"x":5,"y":-6.5},{"x":6.5,"y":-6.5},{"x":7.5,"y":-6.5},{"x":8.5,"y":-6.5},{"x":9.5,"y":-6.5},{"x":10.5,"y":-6.5},{"x":1,"y":-5.5},{"x":2,"y":-5.5},{"x":3,"y":-5.5},{"x":4,"y":-5.5},{"x":5,"y":-5.5},{"x":6.5,"y":-5.5},{"x":7.5,"y":-5.5},{"x":8.5,"y":-5.5},{"x":9.5,"y":-5.5},{"x":10.5,"y":-5.5},{"x":1,"y":-4.5},{"x":2,"y":-4.5},{"x":3,"y":-4.5},{"x":4,"y":-4.5},{"x":5,"y":-4.5},{"x":6.5,"y":-4.5},{"x":7.5,"y":-4.5},{"x":8.5,"y":-4.5},{"x":9.5,"y":-4.5},{"x":10.5,"y":-4.5},{"x":1,"y":-3.5},{"x":2,"y":-3.5},{"x":3,"y":-3.5},{"x":4,"y":-3.5},{"x":5,"y":-3.5},{"x":6.5,"y":-3.5},{"x":7.5,"y":-3.5},{"x":8.5,"y":-3.5},{"x":9.5,"y":-3.5},{"x":10.5,"y":-3.5},{"x":2,"y":-2.5},{"x":3,"y":-2.5},{"x":4,"y":-2.5},{"x":7.5,"y":-2.5},{"x":8.5,"y":-2.5},{"x":9.5,"y":-2.5},{"x":2,"y":-1.5},{"x":3,"y":-1},{"x":4,"y":-1},{"x":5,"y":-1},{"x":6,"y":-1},{"x":7,"y":-1},{"x":8,"y":-1},{"x":9,"y":-1},{"x":10,"y":-1}]},{"index":1,"tiles":[{"x":2.5,"y":-7},{"x":3.5,"y":-7},{"x":8,"y":-7},{"x":9,"y":-7},{"x":1.5,"y":-6},{"x":2.5,"y":-6},{"x":3.5,"y":-6},{"x":4.5,"y":-6},{"x":7,"y":-6},{"x":8,"y":-6},{"x":9,"y":-6},{"x":10,"y":-6},{"x":1.5,"y":-5},{"x":2.5,"y":-5},{"x":3.5,"y":-5},{"x":4.5,"y":-5},{"x":7,"y":-5},{"x":8,"y":-5},{"x":9,"y":-5},{"x":10,"y":-5},{"x":1.5,"y":-4},{"x":2.5,"y":-4},{"x":3.5,"y":-4},{"x":4.5,"y":-4},{"x":7,"y":-4},{"x":8,"y":-4},{"x":9,"y":-4},{"x":10,"y":-4},{"x":2.5,"y":-3},{"x":3.5,"y":-3},{"x":8,"y":-3},{"x":9,"y":-3}]},{"index":2,"tiles":[{"x":3,"y":-6.5},{"x":8.5,"y":-6.5},{"x":2,"y":-5.5},{"x":4,"y":-5.5},{"x":7.5,"y":-5.5},{"x":9.5,"y":-5.5},{"x":2,"y":-4.5},{"x":4,"y":-4.5},{"x":7.5,"y":-4.5},{"x":9.5,"y":-4.5},{"x":3,"y":-3.5},{"x":8.5,"y":-3.5}]},{"index":3,"tiles":[{"x":3,"y":-6.5},{"x":8.5,"y":-6.5},{"x":2.5,"y":-5.5},{"x":3.5,"y":-5.5},{"x":8,"y":-5.5},{"x":9,"y":-5.5},{"x":2.5,"y":-4.5},{"x":3.5,"y":-4.5},{"x":8,"y":-4.5},{"x":9,"y":-4.5},{"x":3,"y":-3.5},{"x":8.5,"y":-3.5}]},{"index":4,"tiles":[{"x":3,"y":-6},{"x":8.5,"y":-6},{"x":2,"y":-5},{"x":3,"y":-5},{"x":4,"y":-5},{"x":7.5,"y":-5},{"x":8.5,"y":-5},{"x":9.5,"y":-5},{"x":3,"y":-4},{"x":8.5,"y":-4}]}],"seeds":["XDBG4FOVoMAUhDdxIJEpKulVy4c1YvIhaUIQzQJCYvAxUxhuFKh8aHMeHcUNg2h0WQhGn6A5TtNZi2heITV8HagMEFNZofiEhygsotdx4hUGnuFxGjJtXsh1SlFJwcSBFsdQkoUJ"]},{"layers":[{"index":0,"tiles":[{"x":5.5,"y":-9},{"x":4.5,"y":-8.5},{"x":6.5,"y":-8.5},{"x":5.5,"y":-8},{"x":4.5,"y":-7.5},{"x":6.5,"y":-7.5},{"x":1.5,"y":-7},{"x":3.5,"y":-7},{"x":7.5,"y":-7},{"x":9.5,"y":-7},{"x":0.5,"y":-6.5},{"x":2.5,"y":-6.5},{"x":5.5,"y":-6.5},{"x":8.5,"y":-6.5},{"x":10.5,"y":-6.5},{"x":1.5,"y":-6},{"x":4.5,"y":-6},{"x":6.5,"y":-6},{"x":9.5,"y":-6},{"x":1.5,"y":-5},{"x":2.5,"y":-5},{"x":4.5,"y":-5},{"x":6.5,"y":-5},{"x":8.5,"y":-5},{"x":9.5,"y":-5},{"x":1.5,"y":-4},{"x":4.5,"y":-4},{"x":6.5,"y":-4},{"x":9.5,"y":-4},{"x":0.5,"y":-3.5},{"x":2.5,"y":-3.5},{"x":5.5,"y":-3.5},{"x":8.5,"y":-3.5},{"x":10.5,"y":-3.5},{"x":1.5,"y":-3},{"x":3.5,"y":-3},{"x":7.5,"y":-3},{"x":9.5,"y":-3},{"x":4.5,"y":-2.5},{"x":6.5,"y":-2.5},{"x":5.5,"y":-2},{"x":4.5,"y":-1.5},{"x":6.5,"y":-1.5},{"x":5.5,"y":-1}]},{"index":1,"tiles":[{"x":5.5,"y":-9},{"x":4.5,"y":-8.5},{"x":6.5,"y":-8.5},{"x":5.5,"y":-8},{"x":4.5,"y":-7.5},{"x":6.5,"y":-7.5},{"x":1.5,"y":-7},{"x":3.5,"y":-7},{"x":7.5,"y":-7},{"x":9.5,"y":-7},{"x":0.5,"y":-6.5},{"x":2.5,"y":-6.5},{"x":5.5,"y":-6.5},{"x":8.5,"y":-6.5},{"x":10.5,"y":-6.5},{"x":1.5,"y":-6},{"x":4.5,"y":-6},{"x":6.5,"y":-6},{"x":9.5,"y":-6},{"x":1.5,"y":-5},{"x":2.5,"y":-5},{"x":4.5,"y":-5},{"x":6.5,"y":-5},{"x":8.5,"y":-5},{"x":9.5,"y":-5},{"x":1.5,"y":-4},{"x":4.5,"y":-4},{"x":6.5,"y":-4},{"x":9.5,"y":-4},{"x":0.5,"y":-3.5},{"x":2.5,"y":-3.5},{"x":5.5,"y":-3.5},{"x":8.5,"y":-3.5},{"x":10.5,"y":-3.5},{"x":1.5,"y":-3},{"x":3.5,"y":-3},{"x":7.5,"y":-3},{"x":9.5,"y":-3},{"x":4.5,"y":-2.5},{"x":6.5,"y":-2.5},{"x":5.5,"y":-2},{"x":4.5,"y":-1.5},{"x":6.5,"y":-1.5},{"x":5.5,"y":-1}]}],"seeds":["IQhSlhYaYgc+XxScV+aZEIN4yzeIUYhOIqMsXvUQqpYRlJJen9iBTjk5IYlxxcFZ4+GFINcVhtCFwQeBmMANVdMg"]},{"layers":[{"index":0,"tiles":[{"x":4.5,"y":-9.5},{"x":6.5,"y":-9.5},{"x":2,"y":-9},{"x":9,"y":-9},{"x":1,"y":-8.5},{"x":4.5,"y":-8.5},{"x":5.5,"y":-8.5},{"x":6.5,"y":-8.5},{"x":10,"y":-8.5},{"x":2,"y":-8},{"x":9,"y":-8},{"x":3,"y":-7.5},{"x":8,"y":-7.5},{"x":2,"y":-7},{"x":4,"y":-7},{"x":7,"y":-7},{"x":9,"y":-7},{"x":5,"y":-6.5},{"x":6,"y":-6.5},{"x":2,"y":-6},{"x":9,"y":-6},{"x":3,"y":-5.5},{"x":5.5,"y":-5.5},{"x":8,"y":-5.5},{"x":2,"y":-5},{"x":4,"y":-5},{"x":7,"y":-5},{"x":9,"y":-5},{"x":5,"y":-4.5},{"x":6,"y":-4.5},{"x":2,"y":-4},{"x":9,"y":-4},{"x":3,"y":-3.5},{"x":8,"y":-3.5},{"x":2,"y":-3},{"x":4,"y":-3},{"x":7,"y":-3},{"x":9,"y":-3},{"x":5,"y":-2.5},{"x":6,"y":-2.5},{"x":2,"y":-2},{"x":9,"y":-2},{"x":1,"y":-1.5},{"x":4.5,"y":-1.5},{"x":5.5,"y":-1.5},{"x":6.5,"y":-1.5},{"x":10,"y":-1.5},{"x":2,"y":-1},{"x":9,"y":-1},{"x":4.5,"y":-0.5},{"x":6.5,"y":-0.5}]},{"index":1,"tiles":[{"x":4.5,"y":-9.5},{"x":6.5,"y":-9.5},{"x":2,"y":-9},{"x":9,"y":-9},{"x":1,"y":-8.5},{"x":4.5,"y":-8.5},{"x":5.5,"y":-8.5},{"x":6.5,"y":-8.5},{"x":10,"y":-8.5},{"x":2,"y":-8},{"x":9,"y":-8},{"x":3,"y":-7.5},{"x":8,"y":-7.5},{"x":2,"y":-7},{"x":4,"y":-7},{"x":7,"y":-7},{"x":9,"y":-7},{"x":5,"y":-6.5},{"x":6,"y":-6.5},{"x":2,"y":-6},{"x":9,"y":-6},{"x":3,"y":-5.5},{"x":5.5,"y":-5.5},{"x":8,"y":-5.5},{"x":2,"y":-5},{"x":4,"y":-5},{"x":7,"y":-5},{"x":9,"y":-5},{"x":5,"y":-4.5},{"x":6,"y":-4.5},{"x":2,"y":-4},{"x":9,"y":-4},{"x":3,"y":-3.5},{"x":8,"y":-3.5},{"x":2,"y":-3},{"x":4,"y":-3},{"x":7,"y":-3},{"x":9,"y":-3},{"x":5,"y":-2.5},{"x":6,"y":-2.5},{"x":2,"y":-2},{"x":9,"y":-2},{"x":1,"y":-1.5},{"x":4.5,"y":-1.5},{"x":5.5,"y":-1.5},{"x":6.5,"y":-1.5},{"x":10,"y":-1.5},{"x":2,"y":-1},{"x":9,"y":-1},{"x":4.5,"y":-0.5},{"x":6.5,"y":-0.5}]},{"index":2,"tiles":[{"x":4.5,"y":-9.5},{"x":6.5,"y":-9.5},{"x":4.5,"y":-8.5},{"x":5.5,"y":-8.5},{"x":6.5,"y":-8.5},{"x":4,"y":-7},{"x":7,"y":-7},{"x":5,"y":-6.5},{"x":6,"y":-6.5},{"x":5.5,"y":-5.5},{"x":4,"y":-5},{"x":7,"y":-5},{"x":5,"y":-4.5},{"x":6,"y":-4.5},{"x":4,"y":-3},{"x":7,"y":-3},{"x":5,"y":-2.5},{"x":6,"y":-2.5},{"x":4.5,"y":-1.5},{"x":5.5,"y":-1.5},{"x":6.5,"y":-1.5},{"x":4.5,"y":-0.5},{"x":6.5,"y":-0.5}]},{"index":3,"tiles":[{"x":4.5,"y":-9.5},{"x":6.5,"y":-9.5},{"x":4.5,"y":-8.5},{"x":5.5,"y":-8.5},{"x":6.5,"y":-8.5},{"x":5,"y":-6.5},{"x":6,"y":-6.5},{"x":5.5,"y":-5.5},{"x":5,"y":-4.5},{"x":6,"y":-4.5},{"x":5,"y":-2.5},{"x":6,"y":-2.5},{"x":4.5,"y":-1.5},{"x":5.5,"y":-1.5},{"x":6.5,"y":-1.5},{"x":4.5,"y":-0.5},{"x":6.5,"y":-0.5}]}],"seeds":["WeqZ5wMFYbUckSdmAgNWH6qInARyyvd5UNBpWihuWJhcIGJxQ0gFzSA1nyEu3iR64qR0VNNMFwEKDRKICYGBBleSQlhtRFh4YSdWHReGiveBHEGBDihyyyA0HLN41hAyDjWNXfE9YncwkQoA"]},{"layers":[{"index":0,"tiles":[{"x":3.5,"y":-9},{"x":4.5,"y":-9},{"x":5.5,"y":-9},{"x":6.5,"y":-9},{"x":7.5,"y":-9},{"x":2.5,"y":-8},{"x":3.5,"y":-8},{"x":7.5,"y":-8},{"x":8.5,"y":-8},{"x":2.5,"y":-7},{"x":4.5,"y":-7},{"x":6.5,"y":-7},{"x":8.5,"y":-7},{"x":1.5,"y":-6.5},{"x":9.5,"y":-6.5},{"x":2.5,"y":-6},{"x":4.5,"y":-6},{"x":6.5,"y":-6},{"x":8.5,"y":-6},{"x":1.5,"y":-5.5},{"x":5.5,"y":-5.5},{"x":9.5,"y":-5.5},{"x":1.5,"y":-4.5},{"x":5.5,"y":-4.5},{"x":9.5,"y":-4.5},{"x":2.5,"y":-4},{"x":4.5,"y":-4},{"x":6.5,"y":-4},{"x":8.5,"y":-4},{"x":1.5,"y":-3.5},{"x":9.5,"y":-3.5},{"x":2.5,"y":-3},{"x":4.5,"y":-3},{"x":6.5,"y":-3},{"x":8.5,"y":-3},{"x":2.5,"y":-2},{"x":3.5,"y":-2},{"x":7.5,"y":-2},{"x":8.5,"y":-2},{"x":3.5,"y":-1},{"x":4.5,"y":-1},{"x":5.5,"y":-1},{"x":6.5,"y":-1},{"x":7.5,"y":-1}]},{"index":1,"tiles":[{"x":3.5,"y":-9},{"x":4.5,"y":-9},{"x":5.5,"y":-9},{"x":6.5,"y":-9},{"x":7.5,"y":-9},{"x":2.5,"y":-8},{"x":3.5,"y":-8},{"x":7.5,"y":-8},{"x":8.5,"y":-8},{"x":2.5,"y":-7},{"x":4.5,"y":-7},{"x":6.5,"y":-7},{"x":8.5,"y":-7},{"x":1.5,"y":-6.5},{"x":9.5,"y":-6.5},{"x":2.5,"y":-6},{"x":4.5,"y":-6},{"x":6.5,"y":-6},{"x":8.5,"y":-6},{"x":1.5,"y":-5.5},{"x":5.5,"y":-5.5},{"x":9.5,"y":-5.5},{"x":1.5,"y":-4.5},{"x":5.5,"y":-4.5},{"x":9.5,"y":-4.5},{"x":2.5,"y":-4},{"x":4.5,"y":-4},{"x":6.5,"y":-4},{"x":8.5,"y":-4},{"x":1.5,"y":-3.5},{"x":9.5,"y":-3.5},{"x":2.5,"y":-3},{"x":4.5,"y":-3},{"x":6.5,"y":-3},{"x":8.5,"y":-3},{"x":2.5,"y":-2},{"x":3.5,"y":-2},{"x":7.5,"y":-2},{"x":8.5,"y":-2},{"x":3.5,"y":-1},{"x":4.5,"y":-1},{"x":5.5,"y":-1},{"x":6.5,"y":-1},{"x":7.5,"y":-1}]}],"seeds":["oPZYx4RBnhkxCCVUalh24YBOQaU9haFYxWiIIfZ1YEY0IHcwCxQ4lwiSH9JRp+J9YphFYQOKHCF0HLdcXuh46TeA"]},{"layers":[{"index":0,"tiles":[{"x":2,"y":-9},{"x":3,"y":-9},{"x":8,"y":-9},{"x":9,"y":-9},{"x":1,"y":-8},{"x":3,"y":-8},{"x":5.5,"y":-8},{"x":8,"y":-8},{"x":10,"y":-8},{"x":4.5,"y":-7.5},{"x":6.5,"y":-7.5},{"x":1,"y":-7},{"x":2,"y":-7},{"x":3,"y":-7},{"x":8,"y":-7},{"x":9,"y":-7},{"x":10,"y":-7},{"x":4.5,"y":-6.5},{"x":6.5,"y":-6.5},{"x":2.5,"y":-6},{"x":8.5,"y":-6},{"x":4.5,"y":-5.5},{"x":6.5,"y":-5.5},{"x":1.5,"y":-5},{"x":2.5,"y":-5},{"x":8.5,"y":-5},{"x":9.5,"y":-5},{"x":4.5,"y":-4.5},{"x":6.5,"y":-4.5},{"x":2.5,"y":-4},{"x":8.5,"y":-4},{"x":4.5,"y":-3.5},{"x":6.5,"y":-3.5},{"x":1,"y":-3},{"x":2,"y":-3},{"x":3,"y":-3},{"x":8,"y":-3},{"x":9,"y":-3},{"x":10,"y":-3},{"x":4.5,"y":-2.5},{"x":6.5,"y":-2.5},{"x":1,"y":-2},{"x":3,"y":-2},{"x":5.5,"y":-2},{"x":8,"y":-2},{"x":10,"y":-2},{"x":2,"y":-1},{"x":3,"y":-1},{"x":8,"y":-1},{"x":9,"y":-1}]},{"index":1,"tiles":[{"x":2,"y":-9},{"x":3,"y":-9},{"x":8,"y":-9},{"x":9,"y":-9},{"x":1,"y":-8},{"x":3,"y":-8},{"x":5.5,"y":-8},{"x":8,"y":-8},{"x":10,"y":-8},{"x":4.5,"y":-7.5},{"x":6.5,"y":-7.5},{"x":1,"y":-7},{"x":2,"y":-7},{"x":3,"y":-7},{"x":8,"y":-7},{"x":9,"y":-7},{"x":10,"y":-7},{"x":4.5,"y":-6.5},{"x":6.5,"y":-6.5},{"x":2.5,"y":-6},{"x":8.5,"y":-6},{"x":4.5,"y":-5.5},{"x":6.5,"y":-5.5},{"x":1.5,"y":-5},{"x":2.5,"y":-5},{"x":8.5,"y":-5},{"x":9.5,"y":-5},{"x":4.5,"y":-4.5},{"x":6.5,"y":-4.5},{"x":2.5,"y":-4},{"x":8.5,"y":-4},{"x":4.5,"y":-3.5},{"x":6.5,"y":-3.5},{"x":1,"y":-3},{"x":2,"y":-3},{"x":3,"y":-3},{"x":8,"y":-3},{"x":9,"y":-3},{"x":10,"y":-3},{"x":4.5,"y":-2.5},{"x":6.5,"y":-2.5},{"x":1,"y":-2},{"x":3,"y":-2},{"x":5.5,"y":-2},{"x":8,"y":-2},{"x":10,"y":-2},{"x":2,"y":-1},{"x":3,"y":-1},{"x":8,"y":-1},{"x":9,"y":-1}]}],"seeds":["YxoOWtKEwhNWzmV8ktghnIl43cFhnPN5ibJx3WkQgSo9IWMFX8dtJAgSF1ZwFVqCVhQeyydmYiEEQ6Q0GQNS0AKKkziFIhRoIOV5"]},{"layers":[{"index":0,"tiles":[{"x":5,"y":-9.5},{"x":6,"y":-9.5},{"x":5,"y":-8.5},{"x":6,"y":-8.5},{"x":5,"y":-7.5},{"x":6,"y":-7.5},{"x":4.5,"y":-6.5},{"x":6.5,"y":-6.5},{"x":5.5,"y":-6},{"x":3.5,"y":-5.5},{"x":4.5,"y":-5.5},{"x":6.5,"y":-5.5},{"x":7.5,"y":-5.5},{"x":2.5,"y":-5},{"x":8.5,"y":-5},{"x":1.5,"y":-4.5},{"x":4,"y":-4.5},{"x":5,"y":-4.5},{"x":6,"y":-4.5},{"x":7,"y":-4.5},{"x":9.5,"y":-4.5},{"x":1,"y":-3.5},{"x":3,"y":-3.5},{"x":4,"y":-3.5},{"x":5.5,"y":-3.5},{"x":7,"y":-3.5},{"x":8,"y":-3.5},{"x":10,"y":-3.5},{"x":2,"y":-3},{"x":9,"y":-3},{"x":1,"y":-2.5},{"x":3,"y":-2.5},{"x":4,"y":-2.5},{"x":5.5,"y":-2.5},{"x":7,"y":-2.5},{"x":8,"y":-2.5},{"x":10,"y":-2.5},{"x":1,"y":-1.5},{"x":2,"y":-1.5},{"x":4,"y":-1.5},{"x":5.5,"y":-1.5},{"x":7,"y":-1.5},{"x":9,"y":-1.5},{"x":10,"y":-1.5},{"x":3,"y":-1},{"x":8,"y":-1},{"x":4,"y":-0.5},{"x":5.5,"y":-0.5},{"x":7,"y":-0.5}]},{"index":1,"tiles":[{"x":5,"y":-9.5},{"x":6,"y":-9.5},{"x":5,"y":-8.5},{"x":6,"y":-8.5},{"x":5,"y":-7.5},{"x":6,"y":-7.5},{"x":4.5,"y":-6.5},{"x":6.5,"y":-6.5},{"x":5.5,"y":-6},{"x":3.5,"y":-5.5},{"x":4.5,"y":-5.5},{"x":6.5,"y":-5.5},{"x":7.5,"y":-5.5},{"x":2.5,"y":-5},{"x":8.5,"y":-5},{"x":1.5,"y":-4.5},{"x":4,"y":-4.5},{"x":5,"y":-4.5},{"x":6,"y":-4.5},{"x":7,"y":-4.5},{"x":9.5,"y":-4.5},{"x":1,"y":-3.5},{"x":3,"y":-3.5},{"x":4,"y":-3.5},{"x":5.5,"y":-3.5},{"x":7,"y":-3.5},{"x":8,"y":-3.5},{"x":10,"y":-3.5},{"x":2,"y":-3},{"x":9,"y":-3},{"x":1,"y":-2.5},{"x":3,"y":-2.5},{"x":4,"y":-2.5},{"x":5.5,"y":-2.5},{"x":7,"y":-2.5},{"x":8,"y":-2.5},{"x":10,"y":-2.5},{"x":1,"y":-1.5},{"x":2,"y":-1.5},{"x":4,"y":-1.5},{"x":5.5,"y":-1.5},{"x":7,"y":-1.5},{"x":9,"y":-1.5},{"x":10,"y":-1.5},{"x":3,"y":-1},{"x":8,"y":-1},{"x":4,"y":-0.5},{"x":5.5,"y":-0.5},{"x":7,"y":-0.5}]},{"index":2,"tiles":[{"x":5.5,"y":-6},{"x":4,"y":-4.5},{"x":5.5,"y":-4.5},{"x":7,"y":-4.5},{"x":4,"y":-3.5},{"x":5.5,"y":-3.5},{"x":7,"y":-3.5},{"x":4,"y":-2.5},{"x":5.5,"y":-2.5},{"x":7,"y":-2.5},{"x":4,"y":-1.5},{"x":5.5,"y":-1.5},{"x":7,"y":-1.5},{"x":4,"y":-0.5},{"x":5.5,"y":-0.5},{"x":7,"y":-0.5}]}],"seeds":["GReKxlEFhDp5yVdRUTgsoodBIal8qbmAIgR6UIhsocMslbhx0HNgTAIqIQh61mcIIGhdA9J53II+zAgWAtFtzpZd0gdGpeZNIPM1HNh8GkgVQdedlQQA"]},{"layers":[{"index":0,"tiles":[{"x":5.5,"y":-8.5},{"x":1.5,"y":-8},{"x":2.5,"y":-8},{"x":3.5,"y":-8},{"x":7.5,"y":-8},{"x":8.5,"y":-8},{"x":9.5,"y":-8},{"x":5.5,"y":-7.5},{"x":4,"y":-7},{"x":7,"y":-7},{"x":3,"y":-6.5},{"x":5,"y":-6.5},{"x":6,"y":-6.5},{"x":8,"y":-6.5},{"x":2,"y":-6},{"x":9,"y":-6},{"x":4,"y":-5.5},{"x":7,"y":-5.5},{"x":1.5,"y":-5},{"x":3,"y":-5},{"x":8,"y":-5},{"x":9.5,"y":-5},{"x":4,"y":-4.5},{"x":7,"y":-4.5},{"x":2,"y":-4},{"x":9,"y":-4},{"x":3,"y":-3.5},{"x":5,"y":-3.5},{"x":6,"y":-3.5},{"x":8,"y":-3.5},{"x":4,"y":-3},{"x":7,"y":-3},{"x":5.5,"y":-2.5},{"x":1.5,"y":-2},{"x":2.5,"y":-2},{"x":3.5,"y":-2},{"x":7.5,"y":-2},{"x":8.5,"y":-2},{"x":9.5,"y":-2},{"x":5.5,"y":-1.5}]},{"index":1,"tiles":[{"x":5.5,"y":-8.5},{"x":1.5,"y":-8},{"x":2.5,"y":-8},{"x":3.5,"y":-8},{"x":7.5,"y":-8},{"x":8.5,"y":-8},{"x":9.5,"y":-8},{"x":5.5,"y":-7.5},{"x":4,"y":-7},{"x":7,"y":-7},{"x":3,"y":-6.5},{"x":5,"y":-6.5},{"x":6,"y":-6.5},{"x":8,"y":-6.5},{"x":2,"y":-6},{"x":9,"y":-6},{"x":4,"y":-5.5},{"x":7,"y":-5.5},{"x":1.5,"y":-5},{"x":3,"y":-5},{"x":8,"y":-5},{"x":9.5,"y":-5},{"x":4,"y":-4.5},{"x":7,"y":-4.5},{"x":2,"y":-4},{"x":9,"y":-4},{"x":3,"y":-3.5},{"x":5,"y":-3.5},{"x":6,"y":-3.5},{"x":8,"y":-3.5},{"x":4,"y":-3},{"x":7,"y":-3},{"x":5.5,"y":-2.5},{"x":1.5,"y":-2},{"x":2.5,"y":-2},{"x":3.5,"y":-2},{"x":7.5,"y":-2},{"x":8.5,"y":-2},{"x":9.5,"y":-2},{"x":5.5,"y":-1.5}]},{"index":2,"tiles":[{"x":5.5,"y":-8.5},{"x":1.5,"y":-8},{"x":2.5,"y":-8},{"x":3.5,"y":-8},{"x":7.5,"y":-8},{"x":8.5,"y":-8},{"x":9.5,"y":-8},{"x":5.5,"y":-7.5},{"x":4,"y":-7},{"x":7,"y":-7},{"x":3,"y":-6.5},{"x":5.5,"y":-6.5},{"x":8,"y":-6.5},{"x":2,"y":-6},{"x":9,"y":-6},{"x":1.5,"y":-5},{"x":3,"y":-5},{"x":4,"y":-5},{"x":7,"y":-5},{"x":8,"y":-5},{"x":9.5,"y":-5},{"x":2,"y":-4},{"x":9,"y":-4},{"x":3,"y":-3.5},{"x":5.5,"y":-3.5},{"x":8,"y":-3.5},{"x":4,"y":-3},{"x":7,"y":-3},{"x":5.5,"y":-2.5},{"x":1.5,"y":-2},{"x":2.5,"y":-2},{"x":3.5,"y":-2},{"x":7.5,"y":-2},{"x":8.5,"y":-2},{"x":9.5,"y":-2},{"x":5.5,"y":-1.5}]}],"seeds":["ouhVHieBk4CAIDlVj5hGwcFdmBEFGAOG4rMwF6Qt3CcqHKeFoQAWntop3Kcsgtlt0oQ2TdAdxjlRlBgKnfcRmwKCVPZlYQdSozeES1CUxIAkiQNZVud4"]},{"layers":[{"index":0,"tiles":[{"x":3.5,"y":-9},{"x":7.5,"y":-9},{"x":2.5,"y":-8.5},{"x":8.5,"y":-8.5},{"x":1.5,"y":-8},{"x":3.5,"y":-8},{"x":7.5,"y":-8},{"x":9.5,"y":-8},{"x":2.5,"y":-7.5},{"x":8.5,"y":-7.5},{"x":1.5,"y":-7},{"x":3.5,"y":-7},{"x":5.5,"y":-7},{"x":7.5,"y":-7},{"x":9.5,"y":-7},{"x":2.5,"y":-6.5},{"x":4.5,"y":-6.5},{"x":6.5,"y":-6.5},{"x":8.5,"y":-6.5},{"x":1.5,"y":-6},{"x":3.5,"y":-6},{"x":5.5,"y":-6},{"x":7.5,"y":-6},{"x":9.5,"y":-6},{"x":2.5,"y":-5.5},{"x":4.5,"y":-5.5},{"x":6.5,"y":-5.5},{"x":8.5,"y":-5.5},{"x":1.5,"y":-5},{"x":3.5,"y":-5},{"x":5.5,"y":-5},{"x":7.5,"y":-5},{"x":9.5,"y":-5},{"x":2.5,"y":-4.5},{"x":8.5,"y":-4.5},{"x":0.5,"y":-4},{"x":1.5,"y":-4},{"x":3.5,"y":-4},{"x":7.5,"y":-4},{"x":9.5,"y":-4},{"x":10.5,"y":-4},{"x":2.5,"y":-3.5},{"x":4.5,"y":-3.5},{"x":6.5,"y":-3.5},{"x":8.5,"y":-3.5},{"x":1.5,"y":-3},{"x":3.5,"y":-3},{"x":7.5,"y":-3},{"x":9.5,"y":-3},{"x":2.5,"y":-2.5},{"x":8.5,"y":-2.5},{"x":3.5,"y":-2},{"x":5.5,"y":-2},{"x":7.5,"y":-2},{"x":4.5,"y":-1.5},{"x":6.5,"y":-1.5},{"x":5.5,"y":-1}]},{"index":1,"tiles":[{"x":3.5,"y":-9},{"x":7.5,"y":-9},{"x":2.5,"y":-8.5},{"x":8.5,"y":-8.5},{"x":1.5,"y":-8},{"x":3.5,"y":-8},{"x":7.5,"y":-8},{"x":9.5,"y":-8},{"x":2.5,"y":-7.5},{"x":8.5,"y":-7.5},{"x":1.5,"y":-7},{"x":3.5,"y":-7},{"x":5.5,"y":-7},{"x":7.5,"y":-7},{"x":9.5,"y":-7},{"x":2.5,"y":-6.5},{"x":4.5,"y":-6.5},{"x":6.5,"y":-6.5},{"x":8.5,"y":-6.5},{"x":1.5,"y":-6},{"x":3.5,"y":-6},{"x":5.5,"y":-6},{"x":7.5,"y":-6},{"x":9.5,"y":-6},{"x":2.5,"y":-5.5},{"x":4.5,"y":-5.5},{"x":6.5,"y":-5.5},{"x":8.5,"y":-5.5},{"x":1.5,"y":-5},{"x":3.5,"y":-5},{"x":5.5,"y":-5},{"x":7.5,"y":-5},{"x":9.5,"y":-5},{"x":2.5,"y":-4.5},{"x":8.5,"y":-4.5},{"x":0.5,"y":-4},{"x":1.5,"y":-4},{"x":3.5,"y":-4},{"x":7.5,"y":-4},{"x":9.5,"y":-4},{"x":10.5,"y":-4},{"x":2.5,"y":-3.5},{"x":4.5,"y":-3.5},{"x":6.5,"y":-3.5},{"x":8.5,"y":-3.5},{"x":1.5,"y":-3},{"x":3.5,"y":-3},{"x":7.5,"y":-3},{"x":9.5,"y":-3},{"x":5.5,"y":-2},{"x":5.5,"y":-1}]},{"index":2,"tiles":[{"x":5.5,"y":-7},{"x":5.5,"y":-6},{"x":4.5,"y":-5.5},{"x":6.5,"y":-5.5},{"x":3.5,"y":-5},{"x":7.5,"y":-5},{"x":2.5,"y":-4.5},{"x":8.5,"y":-4.5},{"x":1.5,"y":-4},{"x":9.5,"y":-4}]}],"seeds":["YJJ6UCgy4RVVgQd6WdcsTeUEg6cpVDCCRSgSR8EIX8dRh0QOoch1WqeAU/dtqmB94YNwp7QJXCI82GRwARheROiBS+SB2LcYIgWJYKZ0lIWYyjI5JcqJUwgA"]},{"layers":[{"index":0,"tiles":[{"x":2,"y":-9},{"x":10,"y":-9},{"x":3,"y":-8.5},{"x":9,"y":-8.5},{"x":4,"y":-8},{"x":6,"y":-8},{"x":8,"y":-8},{"x":3,"y":-7.5},{"x":5,"y":-7.5},{"x":7,"y":-7.5},{"x":9,"y":-7.5},{"x":2,"y":-7},{"x":6,"y":-7},{"x":10,"y":-7},{"x":2,"y":-6},{"x":6,"y":-6},{"x":10,"y":-6},{"x":3,"y":-5.5},{"x":5,"y":-5.5},{"x":7,"y":-5.5},{"x":9,"y":-5.5},{"x":4,"y":-5},{"x":6,"y":-5},{"x":8,"y":-5},{"x":3,"y":-4.5},{"x":5,"y":-4.5},{"x":7,"y":-4.5},{"x":9,"y":-4.5},{"x":2,"y":-4},{"x":6,"y":-4},{"x":10,"y":-4},{"x":2,"y":-3},{"x":6,"y":-3},{"x":10,"y":-3},{"x":3,"y":-2.5},{"x":5,"y":-2.5},{"x":7,"y":-2.5},{"x":9,"y":-2.5},{"x":4,"y":-2},{"x":6,"y":-2},{"x":8,"y":-2},{"x":3,"y":-1.5},{"x":9,"y":-1.5},{"x":2,"y":-1},{"x":10,"y":-1}]},{"index":1,"tiles":[{"x":2,"y":-9},{"x":10,"y":-9},{"x":3,"y":-8.5},{"x":9,"y":-8.5},{"x":4,"y":-8},{"x":8,"y":-8},{"x":3,"y":-7.5},{"x":5,"y":-7.5},{"x":7,"y":-7.5},{"x":9,"y":-7.5},{"x":2,"y":-7},{"x":6,"y":-7},{"x":10,"y":-7},{"x":2,"y":-6},{"x":6,"y":-6},{"x":10,"y":-6},{"x":3,"y":-5.5},{"x":5,"y":-5.5},{"x":7,"y":-5.5},{"x":9,"y":-5.5},{"x":4,"y":-5},{"x":6,"y":-5},{"x":8,"y":-5},{"x":3,"y":-4.5},{"x":5,"y":-4.5},{"x":7,"y":-4.5},{"x":9,"y":-4.5},{"x":2,"y":-4},{"x":6,"y":-4},{"x":10,"y":-4},{"x":2,"y":-3},{"x":6,"y":-3},{"x":10,"y":-3},{"x":3,"y":-2.5},{"x":5,"y":-2.5},{"x":7,"y":-2.5},{"x":9,"y":-2.5},{"x":4,"y":-2},{"x":8,"y":-2},{"x":3,"y":-1.5},{"x":9,"y":-1.5},{"x":2,"y":-1},{"x":10,"y":-1}]},{"index":2,"tiles":[{"x":6,"y":-7},{"x":6,"y":-6},{"x":3,"y":-5.5},{"x":5,"y":-5.5},{"x":7,"y":-5.5},{"x":9,"y":-5.5},{"x":4,"y":-5},{"x":6,"y":-5},{"x":8,"y":-5},{"x":3,"y":-4.5},{"x":5,"y":-4.5},{"x":7,"y":-4.5},{"x":9,"y":-4.5},{"x":6,"y":-4},{"x":6,"y":-3}]},{"index":3,"tiles":[{"x":6,"y":-5}]}],"seeds":["1SaKDfeE0McQiHJQmtgMy6KIlpFMIMFBIPaFqiR0XcJ1JVeJoKGFUQQGG4UEF5YJHuqcRwByaSiKzxc6RcdcYkF2nsRNQ9B5WfiZoDda"]},{"layers":[{"index":0,"tiles":[{"x":2.5,"y":-8.5},{"x":4.5,"y":-8.5},{"x":6.5,"y":-8.5},{"x":8.5,"y":-8.5},{"x":1.5,"y":-8},{"x":3.5,"y":-8},{"x":5.5,"y":-8},{"x":7.5,"y":-8},{"x":9.5,"y":-8},{"x":2.5,"y":-7.5},{"x":4.5,"y":-7.5},{"x":6.5,"y":-7.5},{"x":8.5,"y":-7.5},{"x":3,"y":-6.5},{"x":4,"y":-6.5},{"x":5.5,"y":-6.5},{"x":7,"y":-6.5},{"x":8,"y":-6.5},{"x":3.5,"y":-5.5},{"x":4.5,"y":-5.5},{"x":6.5,"y":-5.5},{"x":7.5,"y":-5.5},{"x":3,"y":-4.5},{"x":4,"y":-4.5},{"x":5.5,"y":-4.5},{"x":7,"y":-4.5},{"x":8,"y":-4.5},{"x":2.5,"y":-3.5},{"x":4.5,"y":-3.5},{"x":6.5,"y":-3.5},{"x":8.5,"y":-3.5},{"x":5.5,"y":-3},{"x":2,"y":-2.5},{"x":3.5,"y":-2.5},{"x":7.5,"y":-2.5},{"x":9,"y":-2.5},{"x":5.5,"y":-2},{"x":2.5,"y":-1.5},{"x":4.5,"y":-1.5},{"x":6.5,"y":-1.5},{"x":8.5,"y":-1.5},{"x":3.5,"y":-1},{"x":7.5,"y":-1}]},{"index":1,"tiles":[{"x":3,"y":-7.5},{"x":4.5,"y":-7.5},{"x":5.5,"y":-7.5},{"x":6.5,"y":-7.5},{"x":8,"y":-7.5},{"x":3.5,"y":-6.5},{"x":4.5,"y":-6.5},{"x":5.5,"y":-6.5},{"x":6.5,"y":-6.5},{"x":7.5,"y":-6.5},{"x":4,"y":-5.5},{"x":5,"y":-5.5},{"x":6,"y":-5.5},{"x":7,"y":-5.5},{"x":3.5,"y":-4.5},{"x":4.5,"y":-4.5},{"x":5.5,"y":-4.5},{"x":6.5,"y":-4.5},{"x":7.5,"y":-4.5},{"x":3,"y":-3.5},{"x":4,"y":-3.5},{"x":5,"y":-3.5},{"x":6,"y":-3.5},{"x":7,"y":-3.5},{"x":8,"y":-3.5},{"x":2.5,"y":-2.5},{"x":4,"y":-2.5},{"x":5,"y":-2.5},{"x":6,"y":-2.5},{"x":7,"y":-2.5},{"x":8.5,"y":-2.5},{"x":3,"y":-1.5},{"x":4,"y":-1.5},{"x":7,"y":-1.5},{"x":8,"y":-1.5}]},{"index":2,"tiles":[{"x":3.5,"y":-7.5},{"x":4.5,"y":-7.5},{"x":5.5,"y":-7.5},{"x":6.5,"y":-7.5},{"x":7.5,"y":-7.5},{"x":4,"y":-6.5},{"x":5,"y":-6.5},{"x":6,"y":-6.5},{"x":7,"y":-6.5},{"x":4.5,"y":-5.5},{"x":5.5,"y":-5.5},{"x":6.5,"y":-5.5},{"x":4,"y":-4.5},{"x":5,"y":-4.5},{"x":6,"y":-4.5},{"x":7,"y":-4.5},{"x":4.5,"y":-3.5},{"x":5.5,"y":-3.5},{"x":6.5,"y":-3.5},{"x":3.5,"y":-3},{"x":7.5,"y":-3},{"x":4.5,"y":-2.5},{"x":5.5,"y":-2.5},{"x":6.5,"y":-2.5},{"x":3.5,"y":-2},{"x":7.5,"y":-2}]}],"seeds":["zZSS03VNCQc5SBhmziNyIkQMUah5SsBFIbFxH2IVTAKO2iKBAtoo5VGZDGdlXciJKgiK4hIEn9B1lNGBmBKC20cNHiadj6cYYvEdXhVM"]},{"layers":[{"index":0,"tiles":[{"x":3,"y":-8.5},{"x":4.5,"y":-8.5},{"x":5.5,"y":-8.5},{"x":6.5,"y":-8.5},{"x":8,"y":-8.5},{"x":2,"y":-7.5},{"x":3.5,"y":-7.5},{"x":5,"y":-7.5},{"x":6,"y":-7.5},{"x":7.5,"y":-7.5},{"x":9,"y":-7.5},{"x":1.5,"y":-6.5},{"x":3,"y":-6.5},{"x":4,"y":-6.5},{"x":5,"y":-6.5},{"x":6,"y":-6.5},{"x":7,"y":-6.5},{"x":8,"y":-6.5},{"x":9.5,"y":-6.5},{"x":1,"y":-5.5},{"x":4,"y":-5.5},{"x":7,"y":-5.5},{"x":10,"y":-5.5},{"x":5,"y":-5},{"x":6,"y":-5},{"x":1,"y":-4.5},{"x":4,"y":-4.5},{"x":7,"y":-4.5},{"x":10,"y":-4.5},{"x":5,"y":-4},{"x":6,"y":-4},{"x":1.5,"y":-3.5},{"x":4,"y":-3.5},{"x":7,"y":-3.5},{"x":9.5,"y":-3.5},{"x":3,"y":-2.5},{"x":4,"y":-2.5},{"x":5,"y":-2.5},{"x":6,"y":-2.5},{"x":7,"y":-2.5},{"x":8,"y":-2.5},{"x":3.5,"y":-1.5},{"x":5,"y":-1.5},{"x":6,"y":-1.5},{"x":7.5,"y":-1.5}]},{"index":1,"tiles":[{"x":3,"y":-8.5},{"x":4,"y":-8.5},{"x":5,"y":-8.5},{"x":6,"y":-8.5},{"x":7,"y":-8.5},{"x":8,"y":-8.5},{"x":2.5,"y":-7.5},{"x":3.5,"y":-7.5},{"x":4.5,"y":-7.5},{"x":5.5,"y":-7.5},{"x":6.5,"y":-7.5},{"x":7.5,"y":-7.5},{"x":8.5,"y":-7.5},{"x":1.5,"y":-6.5},{"x":3,"y":-6.5},{"x":4,"y":-6.5},{"x":5.5,"y":-6.5},{"x":7,"y":-6.5},{"x":8,"y":-6.5},{"x":9.5,"y":-6.5},{"x":1,"y":-5.5},{"x":4,"y":-5.5},{"x":5.5,"y":-5.5},{"x":7,"y":-5.5},{"x":10,"y":-5.5},{"x":1,"y":-4.5},{"x":4,"y":-4.5},{"x":5,"y":-4.5},{"x":6,"y":-4.5},{"x":7,"y":-4.5},{"x":10,"y":-4.5},{"x":1.5,"y":-3.5},{"x":4,"y":-3.5},{"x":5.5,"y":-3.5},{"x":7,"y":-3.5},{"x":9.5,"y":-3.5},{"x":3,"y":-2.5},{"x":4,"y":-2.5},{"x":5.5,"y":-2.5},{"x":7,"y":-2.5},{"x":8,"y":-2.5},{"x":3.5,"y":-1.5},{"x":4.5,"y":-1.5},{"x":5.5,"y":-1.5},{"x":6.5,"y":-1.5},{"x":7.5,"y":-1.5}]},{"index":2,"tiles":[{"x":3.5,"y":-8.5},{"x":4.5,"y":-8.5},{"x":6.5,"y":-8.5},{"x":7.5,"y":-8.5},{"x":5.5,"y":-8},{"x":3.5,"y":-7.5},{"x":4.5,"y":-7.5},{"x":6.5,"y":-7.5},{"x":7.5,"y":-7.5},{"x":2.5,"y":-7},{"x":5.5,"y":-7},{"x":8.5,"y":-7},{"x":3.5,"y":-6.5},{"x":4.5,"y":-6.5},{"x":6.5,"y":-6.5},{"x":7.5,"y":-6.5},{"x":5.5,"y":-6},{"x":4,"y":-5.5},{"x":7,"y":-5.5},{"x":5,"y":-5},{"x":6,"y":-5},{"x":4,"y":-4.5},{"x":7,"y":-4.5},{"x":5,"y":-4},{"x":6,"y":-4},{"x":4,"y":-3.5},{"x":7,"y":-3.5},{"x":5.5,"y":-3},{"x":4.5,"y":-2.5},{"x":6.5,"y":-2.5},{"x":5.5,"y":-2}]}],"seeds":["SQN2zCKGA6gejBcooERAWeKJhwiSl8h1VDOBwkB9YvRMH6EVoFUOYbacE8UsXSd1Y+eEIPpUGhUxgfAh3OV9A+eFgSiE3mYgQqp4VRhinMkZSuiAysZZU4EtUAAA"]}]]],0,0,[],[],[]]
