[1,["d1FkrbFH9HALHU7TW3jtMr@6c48a"],["_textureSource"],["cc.SpriteFrame"],0,[{"name":"footer-landscape","rect":{"x":0,"y":0,"width":1453,"height":442},"offset":{"x":0,"y":0},"originalSize":{"width":1453,"height":442},"rotated":false,"capInsets":[0,0,0,0],"vertices":{"rawPosition":[-726.5,-221,0,726.5,-221,0,-726.5,221,0,726.5,221,0],"indexes":[0,1,2,2,1,3],"uv":[0,442,1453,442,0,0,1453,0],"nuv":[0,0,1,0,0,1,1,1],"minPos":{"x":-726.5,"y":-221,"z":0},"maxPos":{"x":726.5,"y":221,"z":0}},"packable":true,"pixelsToUnit":100,"pivot":{"x":0.5,"y":0.5},"meshType":0}],[0],0,[0],[0],[0]]
