[1,["f3Mv7d9UdHjLeGI2vbd3yu@6c48a"],["_textureSource"],["cc.SpriteFrame"],0,[{"name":"1","rect":{"x":0,"y":0,"width":493,"height":399},"offset":{"x":0,"y":0},"originalSize":{"width":493,"height":399},"rotated":false,"capInsets":[0,0,0,0],"vertices":{"rawPosition":[-246.5,-199.5,0,246.5,-199.5,0,-246.5,199.5,0,246.5,199.5,0],"indexes":[0,1,2,2,1,3],"uv":[0,399,493,399,0,0,493,0],"nuv":[0,0,1,0,0,1,1,1],"minPos":{"x":-246.5,"y":-199.5,"z":0},"maxPos":{"x":246.5,"y":199.5,"z":0}},"packable":true,"pixelsToUnit":100,"pivot":{"x":0.5,"y":0.5},"meshType":0}],[0],0,[0],[0],[0]]
