[1,["fcKv2E/zJHf4lhibWxIPwg@6c48a"],["_textureSource"],["cc.SpriteFrame"],0,[{"name":"Amazing","rect":{"x":0,"y":0,"width":706,"height":143},"offset":{"x":0,"y":0},"originalSize":{"width":706,"height":143},"rotated":false,"capInsets":[0,0,0,0],"vertices":{"rawPosition":[-353,-71.5,0,353,-71.5,0,-353,71.5,0,353,71.5,0],"indexes":[0,1,2,2,1,3],"uv":[0,143,706,143,0,0,706,0],"nuv":[0,0,1,0,0,1,1,1],"minPos":{"x":-353,"y":-71.5,"z":0},"maxPos":{"x":353,"y":71.5,"z":0}},"packable":true,"pixelsToUnit":100,"pivot":{"x":0.5,"y":0.5},"meshType":0}],[0],0,[0],[0],[0]]
