[1,["fcoCfYagdIlbH99JsDBeM6@6c48a"],["_textureSource"],["cc.SpriteFrame"],0,[{"name":"Combo","rect":{"x":0,"y":0,"width":265,"height":72},"offset":{"x":0,"y":0},"originalSize":{"width":265,"height":72},"rotated":false,"capInsets":[0,0,0,0],"vertices":{"rawPosition":[-132.5,-36,0,132.5,-36,0,-132.5,36,0,132.5,36,0],"indexes":[0,1,2,2,1,3],"uv":[0,72,265,72,0,0,265,0],"nuv":[0,0,1,0,0,1,1,1],"minPos":{"x":-132.5,"y":-36,"z":0},"maxPos":{"x":132.5,"y":36,"z":0}},"packable":true,"pixelsToUnit":100,"pivot":{"x":0.5,"y":0.5},"meshType":0}],[0],0,[0],[0],[0]]
