{"compressionlevel":1,"height":30,"infinite":false,"layers":[{"draworder":"topdown","id":34,"name":"watcher","objects":[],"opacity":1,"type":"objectgroup","visible":false,"x":0,"y":0},{"id":26,"layers":[{"draworder":"topdown","id":18,"name":"decor-obj-behind","objects":[],"opacity":1,"type":"objectgroup","visible":true,"x":0,"y":0},{"draworder":"topdown","id":19,"name":"goal-obj","objects":[],"opacity":1,"type":"objectgroup","visible":true,"x":0,"y":0},{"draworder":"topdown","id":25,"name":"trap-obj","objects":[{"gid":123,"height":223,"id":605,"name":"balloon","rotation":0,"type":"balloon","visible":true,"width":147,"x":561,"y":459}],"opacity":1,"type":"objectgroup","visible":true,"x":0,"y":0},{"draworder":"topdown","id":23,"name":"seethrough-obj","objects":[{"gid":111,"height":105,"id":594,"name":"glass","rotation":0,"type":"glass","visible":true,"width":68,"x":287,"y":461}],"opacity":1,"type":"objectgroup","visible":true,"x":0,"y":0},{"draworder":"topdown","id":15,"name":"static-obj","objects":[{"gid":54,"height":108,"id":595,"name":"orange","rotation":0,"type":"orange","visible":true,"width":98,"x":436,"y":461}],"opacity":1,"type":"objectgroup","visible":true,"x":0,"y":0},{"draworder":"topdown","id":16,"name":"collect-obj","objects":[],"opacity":1,"type":"objectgroup","visible":true,"x":0,"y":0}],"name":"objects","opacity":1,"type":"group","visible":true,"x":0,"y":0},{"draworder":"topdown","id":33,"name":"player","objects":[],"opacity":1,"type":"objectgroup","visible":false,"x":0,"y":0},{"draworder":"topdown","id":40,"name":"symbol","objects":[{"gid":227,"height":164,"id":609,"name":"rise","properties":[{"name":"duration","type":"float","value":1},{"name":"height","type":"int","value":100}],"rotation":0,"type":"rise","visible":true,"width":260,"x":53,"y":471},{"gid":228,"height":164,"id":610,"name":"stare-trigger","properties":[{"name":"beamDuration","type":"float","value":1},{"name":"beamHoldDuration","type":"float","value":1},{"name":"confuseDuration","type":"float","value":1},{"name":"fallDuration","type":"float","value":0.6},{"name":"winkDuration","type":"float","value":1}],"rotation":0,"type":"stare-trigger","visible":true,"width":260,"x":293,"y":471}],"opacity":1,"type":"objectgroup","visible":true,"x":0,"y":0}],"nextlayerid":45,"nextobjectid":611,"orientation":"orthogonal","renderorder":"right-down","tiledversion":"1.7.1","tileheight":29,"tilesets":[{"columns":0,"firstgid":1,"grid":{"height":1,"orientation":"orthogonal","width":1},"margin":0,"name":"static-obj","spacing":0,"tilecount":31,"tileheight":419,"tiles":[{"id":32,"image":"../../levels/assets/static-obj/apple.png"},{"id":33,"image":"../../levels/assets/static-obj/ball.png"},{"id":34,"image":"../../levels/assets/static-obj/banana.png"},{"id":35,"image":"../../levels/assets/static-obj/books.png"},{"id":36,"image":"../../levels/assets/static-obj/cactus.png"},{"id":37,"image":"../../levels/assets/static-obj/candy-bottle.png"},{"id":38,"image":"../../levels/assets/static-obj/clock.png"},{"id":39,"image":"../../levels/assets/static-obj/coca.png"},{"id":40,"image":"../../levels/assets/static-obj/cupcake.png"},{"id":41,"image":"../../levels/assets/static-obj/chest.png"},{"id":42,"image":"../../levels/assets/static-obj/chest-2.png"},{"id":43,"image":"../../levels/assets/static-obj/eraser.png"},{"id":44,"image":"../../levels/assets/static-obj/fries.png"},{"id":45,"image":"../../levels/assets/static-obj/gavel-bottle.png"},{"id":46,"image":"../../levels/assets/static-obj/gummy-candy.png"},{"id":47,"image":"../../levels/assets/static-obj/hamburger.png"},{"id":48,"image":"../../levels/assets/static-obj/hotdog.png"},{"id":49,"image":"../../levels/assets/static-obj/milk-bottle.png"},{"id":50,"image":"../../levels/assets/static-obj/milk-glass.png"},{"id":51,"image":"../../levels/assets/static-obj/milk-tea.png"},{"id":52,"image":"../../levels/assets/static-obj/milk-tea-2.png"},{"id":53,"image":"../../levels/assets/static-obj/orange.png"},{"id":54,"image":"../../levels/assets/static-obj/orange-juice.png"},{"id":55,"image":"../../levels/assets/static-obj/pencil.png"},{"id":56,"image":"../../levels/assets/static-obj/sandwiches.png"},{"id":57,"image":"../../levels/assets/static-obj/soft-drink-1.png"},{"id":58,"image":"../../levels/assets/static-obj/sugar-bottle.png"},{"id":59,"image":"../../levels/assets/static-obj/toaster.png"},{"id":60,"image":"../../levels/assets/static-obj/toy.png"},{"id":61,"image":"../../levels/assets/static-obj/watermelon-1.png"},{"id":62,"image":"../../levels/assets/static-obj/watermelon-2.png"}],"tilewidth":474},{"columns":0,"firstgid":64,"grid":{"height":1,"orientation":"orthogonal","width":1},"margin":0,"name":"collect-obj","spacing":0,"tilecount":4,"tileheight":82,"tiles":[{"id":0,"image":"../../levels/assets/collect-obj/gift-circle.png","properties":[{"name":"value","type":"int","value":100}],"type":"gift-circle"},{"id":1,"image":"../../levels/assets/collect-obj/gift-heart.png","properties":[{"name":"value","type":"int","value":50}],"type":"gift-heart"},{"id":2,"image":"../../levels/assets/collect-obj/gift-square.png","properties":[{"name":"value","type":"int","value":30}],"type":"gift-square"},{"id":3,"image":"../../levels/assets/collect-obj/coin.png","properties":[{"name":"value","type":"int","value":10}],"type":"coin"}],"tilewidth":82},{"columns":0,"firstgid":68,"grid":{"height":1,"orientation":"orthogonal","width":1},"margin":0,"name":"decor-obj","spacing":0,"tilecount":6,"tileheight":320,"tiles":[{"id":3,"image":"../../levels/assets/decor-obj/handkerchief-1.png"},{"id":4,"image":"../../levels/assets/decor-obj/handkerchief-2.png"},{"id":5,"image":"../../levels/assets/decor-obj/handkerchief-3.png"},{"id":6,"image":"../../levels/assets/decor-obj/handkerchief-4.png"},{"id":7,"image":"../../levels/assets/decor-obj/handkerchief-5.png"},{"id":8,"image":"../../levels/assets/decor-obj/handkerchief-6.png"}],"tilewidth":693},{"columns":0,"firstgid":77,"grid":{"height":1,"orientation":"orthogonal","width":1},"margin":0,"name":"decor-obj-behind","spacing":0,"tilecount":18,"tileheight":142,"tiles":[{"id":0,"image":"../../levels/assets/decor-obj-behind/book-1.png"},{"id":1,"image":"../../levels/assets/decor-obj-behind/book-2.png"},{"id":2,"image":"../../levels/assets/decor-obj-behind/book-3.png"},{"id":3,"image":"../../levels/assets/decor-obj-behind/book-4.png"},{"id":4,"image":"../../levels/assets/decor-obj-behind/book-5.png"},{"id":5,"image":"../../levels/assets/decor-obj-behind/cookies-1.png"},{"id":6,"image":"../../levels/assets/decor-obj-behind/cookies-2.png"},{"id":7,"image":"../../levels/assets/decor-obj-behind/crayon-blue.png"},{"id":8,"image":"../../levels/assets/decor-obj-behind/crayon-green.png"},{"id":9,"image":"../../levels/assets/decor-obj-behind/crayon-pink-yellow.png"},{"id":10,"image":"../../levels/assets/decor-obj-behind/fork.png"},{"id":11,"image":"../../levels/assets/decor-obj-behind/fork-2.png"},{"id":12,"image":"../../levels/assets/decor-obj-behind/glove.png"},{"id":13,"image":"../../levels/assets/decor-obj-behind/knife.png"},{"id":14,"image":"../../levels/assets/decor-obj-behind/rolling-pin.png"},{"id":15,"image":"../../levels/assets/decor-obj-behind/sandwich.png"},{"id":16,"image":"../../levels/assets/decor-obj-behind/spoon.png"},{"id":17,"image":"../../levels/assets/decor-obj-behind/wood-spoon.png"}],"tilewidth":342},{"columns":0,"firstgid":95,"grid":{"height":1,"orientation":"orthogonal","width":1},"margin":0,"name":"goal-obj","spacing":0,"tilecount":2,"tileheight":192,"tiles":[{"id":0,"image":"../../levels/assets/goal-obj/cheese-1.png"},{"id":1,"image":"../../levels/assets/goal-obj/cheese-2.png"}],"tilewidth":307},{"columns":0,"firstgid":97,"grid":{"height":1,"orientation":"orthogonal","width":1},"margin":0,"name":"interactable-obj","spacing":0,"tilecount":6,"tileheight":134,"tiles":[{"id":0,"image":"../../levels/assets/interactable-obj/blue-button-down.png"},{"id":1,"image":"../../levels/assets/interactable-obj/blue-button-up.png"},{"id":2,"image":"../../levels/assets/interactable-obj/joystick.png"},{"id":3,"image":"../../levels/assets/interactable-obj/joystick-down.png"},{"id":4,"image":"../../levels/assets/interactable-obj/red-button-down.png"},{"id":5,"image":"../../levels/assets/interactable-obj/red-button-up.png"}],"tilewidth":121},{"columns":0,"firstgid":103,"grid":{"height":1,"orientation":"orthogonal","width":1},"margin":0,"name":"movement-modifier-obj","spacing":0,"tilecount":3,"tileheight":110,"tiles":[{"id":0,"image":"../../levels/assets/movement-modifier-obj/boxing.png"},{"id":1,"image":"../../levels/assets/movement-modifier-obj/conveyor.png"},{"id":2,"image":"../../levels/assets/movement-modifier-obj/liquid.png"}],"tilewidth":241},{"columns":0,"firstgid":106,"grid":{"height":1,"orientation":"orthogonal","width":1},"margin":0,"name":"moving-obj","spacing":0,"tilecount":2,"tileheight":424,"tiles":[{"id":0,"image":"../../levels/assets/moving-obj/icecream-truck.png"},{"id":1,"image":"../../levels/assets/moving-obj/tank.png"}],"tilewidth":564},{"columns":0,"firstgid":108,"grid":{"height":1,"orientation":"orthogonal","width":1},"margin":0,"name":"seethrough-obj","spacing":0,"tilecount":8,"tileheight":165,"tiles":[{"id":0,"image":"../../levels/assets/seethrough-obj/crystall-ball.png","type":"crystall-ball"},{"id":1,"image":"../../levels/assets/seethrough-obj/empty-bottle-1.png","type":"empty-bottle-1"},{"id":2,"image":"../../levels/assets/seethrough-obj/empty-bottle-2.png","type":"empty-bottle-2"},{"id":3,"image":"../../levels/assets/seethrough-obj/glass.png","type":"glass"},{"id":4,"image":"../../levels/assets/seethrough-obj/glasses.png","type":"glasses"},{"id":5,"image":"../../levels/assets/seethrough-obj/king.png","type":"king"},{"id":6,"image":"../../levels/assets/seethrough-obj/knight.png","type":"knight"},{"id":7,"image":"../../levels/assets/seethrough-obj/queen.png","type":"queen"}],"tilewidth":138},{"columns":0,"firstgid":116,"grid":{"height":1,"orientation":"orthogonal","width":1},"margin":0,"name":"speed-modifier-obj","spacing":0,"tilecount":6,"tileheight":55,"tiles":[{"id":0,"image":"../../levels/assets/speed-modifier-obj/chocolate.png","properties":[{"name":"speedBonusPercent","type":"float","value":0.5},{"name":"speedDuration","type":"float","value":1}],"type":"chocolate-1"},{"id":2,"image":"../../levels/assets/speed-modifier-obj/chocolate-2.png","type":"chocolate-2"},{"id":3,"image":"../../levels/assets/speed-modifier-obj/chocolate-3.png","type":"chocolate-3"},{"id":4,"image":"../../levels/assets/speed-modifier-obj/chocolate-4.png","type":"chocolate-4"},{"id":5,"image":"../../levels/assets/speed-modifier-obj/chocolate-5.png","type":"chocolate-5"},{"id":6,"image":"../../levels/assets/speed-modifier-obj/skateboard.png","properties":[{"name":"speedBonusPercent","type":"float","value":2},{"name":"speedDuration","type":"float","value":1.2}],"type":"skateboard"}],"tilewidth":409},{"columns":0,"firstgid":123,"grid":{"height":1,"orientation":"orthogonal","width":1},"margin":0,"name":"trap-obj","spacing":0,"tilecount":3,"tileheight":445,"tiles":[{"id":0,"image":"../../levels/assets/trap-obj/balloon.png"},{"id":1,"image":"../../levels/assets/trap-obj/crab.png"},{"id":2,"image":"../../levels/assets/trap-obj/spaceship.png"}],"tilewidth":365},{"columns":0,"firstgid":126,"grid":{"height":1,"orientation":"orthogonal","width":1},"margin":0,"name":"players","spacing":0,"tilecount":2,"tileheight":328,"tiles":[{"id":0,"image":"../../levels/assets/players/boy.png","type":"watcher"},{"id":1,"image":"../../levels/assets/players/mouse.png","type":"player"}],"tilewidth":520},{"columns":4,"firstgid":128,"image":"../../levels/assets/tileset/tileset.png","imageheight":116,"imagewidth":116,"margin":0,"name":"tileset","spacing":0,"tilecount":0,"tileheight":29,"tilewidth":29},{"columns":0,"firstgid":128,"grid":{"height":1,"orientation":"orthogonal","width":1},"margin":0,"name":"symbol","spacing":0,"tilecount":5,"tileheight":100,"tiles":[{"id":0,"image":"../../levels/assets/symbol/eye.svg","properties":[{"name":"duration","type":"float","value":2},{"name":"watch-trigger-type","type":"string","value":"straight"}],"type":"watch-trigger"},{"id":1,"image":"../../levels/assets/symbol/start.svg","type":"start-point"},{"id":2,"image":"../../levels/assets/symbol/stand.svg","properties":[{"name":"duration","type":"float","value":2},{"name":"height-cap","type":"float","value":100}],"type":"stand-trigger"},{"id":3,"image":"../../levels/assets/symbol/monkey.png","properties":[{"name":"duration","type":"float","value":5}],"type":"monkey-trigger"},{"id":8,"image":"../../levels/assets/symbol/eye_end.png","type":"end-watch-trigger"}],"tilewidth":100},{"columns":0,"firstgid":137,"grid":{"height":1,"orientation":"orthogonal","width":1},"margin":0,"name":"static-obj","spacing":0,"tilecount":49,"tileheight":301,"tiles":[{"id":32,"image":"../../levels/assets/static-obj/apple.png","type":"apple"},{"id":33,"image":"../../levels/assets/static-obj/ball.png","type":"ball"},{"id":34,"image":"../../levels/assets/static-obj/banana.png","type":"banana"},{"id":35,"image":"../../levels/assets/static-obj/books.png","type":"books"},{"id":36,"image":"../../levels/assets/static-obj/cactus.png","type":"cactus"},{"id":37,"image":"../../levels/assets/static-obj/candy-bottle.png","type":"candy-bottle"},{"id":38,"image":"../../levels/assets/static-obj/clock.png","type":"clock"},{"id":39,"image":"../../levels/assets/static-obj/coca.png","type":"coca"},{"id":40,"image":"../../levels/assets/static-obj/cupcake.png","type":"cupcake"},{"id":41,"image":"../../levels/assets/static-obj/chest.png","type":"chest"},{"id":42,"image":"../../levels/assets/static-obj/chest-2.png","type":"chest-2"},{"id":43,"image":"../../levels/assets/static-obj/eraser.png","type":"eraser"},{"id":44,"image":"../../levels/assets/static-obj/fries.png","type":"fries"},{"id":45,"image":"../../levels/assets/static-obj/gavel-bottle.png","type":"gavel-bottle"},{"id":46,"image":"../../levels/assets/static-obj/gummy-candy.png","type":"gummy-candy"},{"id":47,"image":"../../levels/assets/static-obj/hamburger.png","type":"hamburger"},{"id":48,"image":"../../levels/assets/static-obj/hotdog.png","type":"hotdog"},{"id":49,"image":"../../levels/assets/static-obj/milk-bottle.png","type":"milk-bottle"},{"id":50,"image":"../../levels/assets/static-obj/milk-glass.png","type":"milk-glass"},{"id":51,"image":"../../levels/assets/static-obj/milk-tea.png","type":"milk-tea"},{"id":52,"image":"../../levels/assets/static-obj/milk-tea-2.png","type":"milk-tea-2"},{"id":53,"image":"../../levels/assets/static-obj/orange.png","type":"orange"},{"id":54,"image":"../../levels/assets/static-obj/orange-juice.png","type":"orange-juice"},{"id":55,"image":"../../levels/assets/static-obj/pencil.png","type":"pencil"},{"id":56,"image":"../../levels/assets/static-obj/sandwiches.png","type":"sandwiches"},{"id":57,"image":"../../levels/assets/static-obj/soft-drink-1.png","type":"soft-drink-1"},{"id":58,"image":"../../levels/assets/static-obj/sugar-bottle.png","type":"sugar-bottle"},{"id":59,"image":"../../levels/assets/static-obj/toaster.png","type":"toaster"},{"id":60,"image":"../../levels/assets/static-obj/toy.png","type":"toy"},{"id":61,"image":"../../levels/assets/static-obj/watermelon-1.png","type":"watermelon-1"},{"id":62,"image":"../../levels/assets/static-obj/watermelon-2.png","type":"watermelon-2"},{"id":63,"image":"../../levels/assets/static-obj/candy-star.png","type":"candy-star"},{"id":64,"image":"../../levels/assets/static-obj/candy-umbrella.png","type":"candy-umbrella"},{"id":65,"image":"../../levels/assets/static-obj/cat-mask.png","type":"cat-mask"},{"id":66,"image":"../../levels/assets/static-obj/desk-phone.png","type":"desk-phone"},{"id":67,"image":"../../levels/assets/static-obj/dying-tree.png","type":"dying-tree"},{"id":68,"image":"../../levels/assets/static-obj/eclock.png","type":"eclock"},{"id":69,"image":"../../levels/assets/static-obj/gift-box.png","type":"gift-box"},{"id":70,"image":"../../levels/assets/static-obj/marble-ball.png","type":"marble-ball"},{"id":71,"image":"../../levels/assets/static-obj/marble-ball-group.png","type":"marble-ball-group"},{"id":72,"image":"../../levels/assets/static-obj/origami-bird.png","type":"origami-bird"},{"id":73,"image":"../../levels/assets/static-obj/origami-rabbit.png","type":"origami-rabbit"},{"id":74,"image":"../../levels/assets/static-obj/piggy-bank.png","type":"piggy-bank"},{"id":75,"image":"../../levels/assets/static-obj/square-origami.png","type":"square-origami"},{"id":76,"image":"../../levels/assets/static-obj/teddy-bear.png","type":"teddy-bear"},{"id":77,"image":"../../levels/assets/static-obj/zippo.png","type":"zippo"},{"id":78,"image":"../../../Downloads/x2_2/x2/gameplay/static-obj/balloon.png","type":"balloon"},{"id":79,"image":"../../../Downloads/x2_2/x2/gameplay/static-obj/crab.png","type":"crab"},{"id":80,"image":"../../../Downloads/x2_2/x2/gameplay/static-obj/spaceship.png","type":"spaceship"}],"tilewidth":334},{"columns":0,"firstgid":218,"grid":{"height":1,"orientation":"orthogonal","width":1},"margin":0,"name":"symbol","spacing":0,"tilecount":10,"tileheight":164,"tiles":[{"id":0,"image":"../../levels/assets/symbol/eye.svg","properties":[{"name":"duration","type":"float","value":2}],"type":"watch-trigger"},{"id":1,"image":"../../levels/assets/symbol/start.svg","type":"start-point"},{"id":2,"image":"../../levels/assets/symbol/stand.svg","properties":[{"name":"duration","type":"float","value":2},{"name":"height-cap","type":"float","value":100}],"type":"stand-trigger"},{"id":3,"image":"../../levels/assets/symbol/monkey.png","properties":[{"name":"duration","type":"float","value":5}],"type":"monkey-trigger"},{"id":8,"image":"../../levels/assets/symbol/eye_end.png","type":"end-watch-trigger"},{"id":9,"image":"../../levels/assets/symbol/rise.png","properties":[{"name":"duration","type":"float","value":0},{"name":"height","type":"int","value":0}],"type":"rise"},{"id":10,"image":"../../levels/assets/symbol/stare-trigger.png","properties":[{"name":"beamDuration","type":"float","value":0},{"name":"beamHoldDuration","type":"float","value":0},{"name":"confuseDuration","type":"float","value":0},{"name":"fallDuration","type":"float","value":0},{"name":"winkDuration","type":"float","value":0}],"type":"stare-trigger"},{"id":11,"image":"../../levels/assets/symbol/watch-trigger.png","properties":[{"name":"beamDuration","type":"float","value":0},{"name":"beamHoldDuration","type":"float","value":0},{"name":"confuseDuration","type":"float","value":0},{"name":"fallDuration","type":"float","value":0},{"name":"winkDuration","type":"float","value":0}],"type":"watch-trigger"},{"id":12,"image":"../../levels/assets/symbol/end-trigger.png","type":"end-trigger"},{"id":13,"image":"../../levels/assets/symbol/fall.png","properties":[{"name":"duration","type":"float","value":0},{"name":"height","type":"int","value":0}],"type":"fall"}],"tilewidth":260}],"tilewidth":29,"type":"map","version":"1.6","width":25}