{"levels":[{"level_id":701,"enemy_row1":"r3-r11-r11-r8-r2","enemy_row2":"0-0-0-0-0","enemy_row3":"0-m11-m11-m11-0"},{"level_id":702,"enemy_row1":"r2-r4-r8-r3-0","enemy_row2":"m11-r11-r11-m11-r11","enemy_row3":"0-0-0-0-0"},{"level_id":703,"enemy_row1":"r11-r11-r11-r11-r11","enemy_row2":"r2-r5-r8-r3-0","enemy_row3":"0-0-0-0-0"},{"level_id":704,"enemy_row1":"r3-r5-r8-r4-r2","enemy_row2":"m11-r11-r11-m11-r11","enemy_row3":"0-0-0-0-0"},{"level_id":705,"enemy_row1":"r8-r11-r11-r11-r6","enemy_row2":"0-r3-0-r2-0","enemy_row3":"0-m11-0-m11-0"},{"level_id":706,"enemy_row1":"r8-r11-r11-r11-r6","enemy_row2":"r2-r4-r11-r3-0","enemy_row3":"0-0-m11-0-0"},{"level_id":707,"enemy_row1":"r11-r11-r11-r11-r8","enemy_row2":"r2-r5-r6-r3-0","enemy_row3":"0-0-m11-0-0"},{"level_id":708,"enemy_row1":"r8-r11-r11-r11-r6","enemy_row2":"r2-r4-r5-r3-0","enemy_row3":"0-m11-0-m11-0"},{"level_id":709,"enemy_row1":"r8-r11-r11-r11-r7","enemy_row2":"0-r4-0-r2-0","enemy_row3":"0-m11-0-m11-0"},{"level_id":710,"enemy_row1":"r8-r11-r11-r11-r7","enemy_row2":"0-r5-r11-r2-0","enemy_row3":"0-0-m11-0-0"},{"level_id":711,"enemy_row1":"r11-r11-r11-r11-r8","enemy_row2":"r2-r5-r7-r4-0","enemy_row3":"0-0-m11-0-0"},{"level_id":712,"enemy_row1":"r11-r11-r11-r11-r11","enemy_row2":"r2-r7-r8-r6-0","enemy_row3":"0-0-0-0-0"},{"level_id":713,"enemy_row1":"r11-r11-r11-r11-r11","enemy_row2":"r4-r7-r8-r6-r2","enemy_row3":"0-0-0-0-0"},{"level_id":714,"enemy_row1":"r8-r11-r11-r11-r7","enemy_row2":"0-r5-r6-r2-0","enemy_row3":"0-m11-0-m11-0"},{"level_id":715,"enemy_row1":"r8-r11-r11-r11-r7","enemy_row2":"r2-r5-r6-r4-0","enemy_row3":"0-m11-0-m11-0"},{"level_id":716,"enemy_row1":"r9-r11-r11-r11-r2","enemy_row2":"0-0-0-0-0","enemy_row3":"0-m11-0-m11-0"},{"level_id":717,"enemy_row1":"r9-r11-r11-r11-r4","enemy_row2":"0-0-r2-0-0","enemy_row3":"0-m11-0-m11-0"},{"level_id":718,"enemy_row1":"r11-r11-r11-r11-r11","enemy_row2":"0-r5-r9-r2-0","enemy_row3":"0-0-0-0-0"},{"level_id":719,"enemy_row1":"r9-r11-r11-r11-r5","enemy_row2":"r2-r4-r11-r3-0","enemy_row3":"0-0-m11-0-0"},{"level_id":720,"enemy_row1":"r6-r11-r11-r9-r3","enemy_row2":"0-0-m2-0-0","enemy_row3":"0-m11-m11-m11-0"},{"level_id":721,"enemy_row1":"r11-r11-r11-r11-r11","enemy_row2":"r3-r6-r9-r4-r2","enemy_row3":"0-0-0-0-0"},{"level_id":722,"enemy_row1":"r3-r6-r9-r5-r2","enemy_row2":"m11-r11-r11-m11-r11","enemy_row3":"0-0-0-0-0"},{"level_id":723,"enemy_row1":"r6-r11-r11-r9-r5","enemy_row2":"0-m3-m4-r2-0","enemy_row3":"0-m11-m11-m11-0"},{"level_id":724,"enemy_row1":"r9-r11-r11-r11-r7","enemy_row2":"0-r3-r11-r2-0","enemy_row3":"0-0-m11-0-0"},{"level_id":725,"enemy_row1":"r3-r7-r9-r4-r2","enemy_row2":"m11-r11-r11-m11-r11","enemy_row3":"0-0-0-0-0"},{"level_id":726,"enemy_row1":"r3-r7-r9-r5-r2","enemy_row2":"m11-r11-r11-m11-r11","enemy_row3":"0-0-0-0-0"},{"level_id":727,"enemy_row1":"r9-r11-r11-r11-r7","enemy_row2":"r3-r5-r11-r4-r2","enemy_row3":"0-0-m11-0-0"},{"level_id":728,"enemy_row1":"r11-r11-r11-r11-r9","enemy_row2":"r2-r6-r7-r3-0","enemy_row3":"0-0-m11-0-0"},{"level_id":729,"enemy_row1":"r5-r7-r9-r6-r2","enemy_row2":"m11-r11-r11-m11-r11","enemy_row3":"0-0-0-0-0"},{"level_id":730,"enemy_row1":"r7-r11-r11-r9-r6","enemy_row2":"0-m4-m5-r2-0","enemy_row3":"0-m11-m11-m11-0"},{"level_id":731,"enemy_row1":"r11-r11-r11-r11-r9","enemy_row2":"0-r8-0-r2-0","enemy_row3":"0-0-m11-0-0"},{"level_id":732,"enemy_row1":"r8-r11-r11-r9-r4","enemy_row2":"0-0-m2-0-0","enemy_row3":"0-m11-m11-m11-0"},{"level_id":733,"enemy_row1":"r11-r11-r11-r11-r11","enemy_row2":"r2-r8-r9-r5-0","enemy_row3":"0-0-0-0-0"},{"level_id":734,"enemy_row1":"r11-r11-r11-r11-r11","enemy_row2":"r4-r8-r9-r5-r2","enemy_row3":"0-0-0-0-0"},{"level_id":735,"enemy_row1":"r9-r11-r11-r11-r8","enemy_row2":"0-r6-r11-r2-0","enemy_row3":"0-0-m11-0-0"},{"level_id":736,"enemy_row1":"r9-r11-r11-r11-r8","enemy_row2":"0-r4-r6-r2-0","enemy_row3":"0-m11-0-m11-0"},{"level_id":737,"enemy_row1":"r9-r11-r11-r11-r8","enemy_row2":"r2-r6-r11-r5-0","enemy_row3":"0-0-m11-0-0"},{"level_id":738,"enemy_row1":"r9-r11-r11-r11-r8","enemy_row2":"r2-r5-r6-r4-0","enemy_row3":"0-m11-0-m11-0"},{"level_id":739,"enemy_row1":"r9-r11-r11-r11-r8","enemy_row2":"0-r3-r7-r2-0","enemy_row3":"0-m11-0-m11-0"},{"level_id":740,"enemy_row1":"r8-r11-r11-r9-r7","enemy_row2":"0-m3-m4-r2-0","enemy_row3":"0-m11-m11-m11-0"},{"level_id":741,"enemy_row1":"r11-r11-r11-r11-r11","enemy_row2":"r5-r8-r9-r7-r3","enemy_row3":"0-0-m2-0-0"},{"level_id":742,"enemy_row1":"r11-r11-r11-r11-r9","enemy_row2":"r4-r7-r8-r5-r3","enemy_row3":"0-m11-0-m2-0"},{"level_id":743,"enemy_row1":"r6-r8-r9-r7-r3","enemy_row2":"m11-r11-r11-m11-r11","enemy_row3":"0-0-m2-0-0"},{"level_id":744,"enemy_row1":"r9-r11-r11-r11-r8","enemy_row2":"r3-r6-r7-r4-r2","enemy_row3":"0-m11-0-m11-0"},{"level_id":745,"enemy_row1":"r11-r11-r11-r11-r11","enemy_row2":"r6-r8-r9-r7-r5","enemy_row3":"0-m3-0-m2-0"},{"level_id":746,"enemy_row1":"r6-r8-r9-r7-r5","enemy_row2":"m11-r11-r11-m11-r11","enemy_row3":"0-m3-m4-m2-0"},{"level_id":747,"enemy_row1":"r11-r11-r11-r11-r11","enemy_row2":"0-r3-r10-r2-0","enemy_row3":"0-0-0-0-0"},{"level_id":748,"enemy_row1":"r10-r11-r11-r11-r4","enemy_row2":"0-r3-r11-r2-0","enemy_row3":"0-0-m11-0-0"},{"level_id":749,"enemy_row1":"r2-r5-r10-r4-0","enemy_row2":"m11-r11-r11-m11-r11","enemy_row3":"0-0-0-0-0"},{"level_id":750,"enemy_row1":"r11-r11-r11-r11-r10","enemy_row2":"0-r6-0-r2-0","enemy_row3":"0-0-m11-0-0"},{"level_id":751,"enemy_row1":"r6-r11-r11-r10-r4","enemy_row2":"0-0-m2-0-0","enemy_row3":"0-m11-m11-m11-0"},{"level_id":752,"enemy_row1":"r10-r11-r11-r11-r6","enemy_row2":"0-r5-0-r2-0","enemy_row3":"0-m11-0-m11-0"},{"level_id":753,"enemy_row1":"r10-r11-r11-r11-r6","enemy_row2":"0-r4-r5-r2-0","enemy_row3":"0-m11-0-m11-0"},{"level_id":754,"enemy_row1":"r11-r11-r11-r11-r10","enemy_row2":"0-r7-0-r2-0","enemy_row3":"0-0-m11-0-0"},{"level_id":755,"enemy_row1":"r11-r11-r11-r11-r10","enemy_row2":"0-r4-r7-r2-0","enemy_row3":"0-0-m11-0-0"},{"level_id":756,"enemy_row1":"r10-r11-r11-r11-r7","enemy_row2":"0-r5-0-r2-0","enemy_row3":"0-m11-0-m11-0"},{"level_id":757,"enemy_row1":"r7-r11-r11-r10-r5","enemy_row2":"0-m4-0-m2-0","enemy_row3":"0-m11-m11-m11-0"},{"level_id":758,"enemy_row1":"r10-r11-r11-r11-r7","enemy_row2":"0-r6-0-r2-0","enemy_row3":"0-m11-0-m11-0"},{"level_id":759,"enemy_row1":"r4-r7-r10-r6-r3","enemy_row2":"m11-r11-r11-m11-r11","enemy_row3":"0-0-m2-0-0"},{"level_id":760,"enemy_row1":"r5-r7-r10-r6-r3","enemy_row2":"m11-r11-r11-m11-r11","enemy_row3":"0-0-m2-0-0"},{"level_id":761,"enemy_row1":"r10-r11-r11-r11-r7","enemy_row2":"r3-r5-r6-r4-r2","enemy_row3":"0-m11-0-m11-0"},{"level_id":762,"enemy_row1":"r2-r8-r10-r3-0","enemy_row2":"m11-r11-r11-m11-r11","enemy_row3":"0-0-0-0-0"},{"level_id":763,"enemy_row1":"r8-r11-r11-r10-r4","enemy_row2":"0-m3-0-m2-0","enemy_row3":"0-m11-m11-m11-0"},{"level_id":764,"enemy_row1":"r3-r8-r10-r5-r2","enemy_row2":"m11-r11-r11-m11-r11","enemy_row3":"0-0-0-0-0"},{"level_id":765,"enemy_row1":"r10-r11-r11-r11-r8","enemy_row2":"r2-r4-r5-r3-0","enemy_row3":"0-m11-0-m11-0"},{"level_id":766,"enemy_row1":"r11-r11-r11-r11-r11","enemy_row2":"r3-r8-r10-r6-r2","enemy_row3":"0-0-0-0-0"},{"level_id":767,"enemy_row1":"r10-r11-r11-r11-r8","enemy_row2":"r3-r6-r11-r4-r2","enemy_row3":"0-0-m11-0-0"},{"level_id":768,"enemy_row1":"r10-r11-r11-r11-r8","enemy_row2":"r2-r5-r6-r3-0","enemy_row3":"0-m11-0-m11-0"},{"level_id":769,"enemy_row1":"r10-r11-r11-r11-r8","enemy_row2":"0-r7-r11-r2-0","enemy_row3":"0-0-m11-0-0"},{"level_id":770,"enemy_row1":"r11-r11-r11-r11-r11","enemy_row2":"r4-r8-r10-r7-r2","enemy_row3":"0-0-0-0-0"},{"level_id":771,"enemy_row1":"r8-r11-r11-r10-r7","enemy_row2":"0-m5-0-m2-0","enemy_row3":"0-m11-m11-m11-0"},{"level_id":772,"enemy_row1":"r5-r8-r10-r7-r4","enemy_row2":"m11-r11-r11-m11-r11","enemy_row3":"0-0-m2-0-0"},{"level_id":773,"enemy_row1":"r10-r11-r11-r11-r8","enemy_row2":"r2-r7-r11-r6-0","enemy_row3":"0-0-m11-0-0"},{"level_id":774,"enemy_row1":"r10-r11-r11-r11-r8","enemy_row2":"r4-r7-r11-r6-r2","enemy_row3":"0-0-m11-0-0"},{"level_id":775,"enemy_row1":"r10-r11-r11-r11-r8","enemy_row2":"r5-r7-r11-r6-r2","enemy_row3":"0-0-m11-0-0"},{"level_id":776,"enemy_row1":"r6-r8-r10-r7-r5","enemy_row2":"m11-r11-r11-m11-r11","enemy_row3":"0-m4-0-m2-0"},{"level_id":777,"enemy_row1":"0-r9-r10-r2-0","enemy_row2":"m11-r11-r11-m11-r11","enemy_row3":"0-0-0-0-0"},{"level_id":778,"enemy_row1":"r11-r11-r11-r11-r11","enemy_row2":"r2-r9-r10-r4-0","enemy_row3":"0-0-0-0-0"},{"level_id":779,"enemy_row1":"r3-r9-r10-r5-r2","enemy_row2":"m11-r11-r11-m11-r11","enemy_row3":"0-0-0-0-0"},{"level_id":780,"enemy_row1":"r4-r9-r10-r5-r3","enemy_row2":"m11-r11-r11-m11-r11","enemy_row3":"0-0-m2-0-0"},{"level_id":781,"enemy_row1":"r11-r11-r11-r11-r11","enemy_row2":"r3-r9-r10-r6-r2","enemy_row3":"0-0-0-0-0"},{"level_id":782,"enemy_row1":"r11-r11-r11-r11-r10","enemy_row2":"r3-r6-r9-r4-r2","enemy_row3":"0-0-m11-0-0"},{"level_id":783,"enemy_row1":"r10-r11-r11-r11-r9","enemy_row2":"r2-r5-r6-r3-0","enemy_row3":"0-m11-0-m11-0"},{"level_id":784,"enemy_row1":"r11-r11-r11-r11-r10","enemy_row2":"r4-r6-r9-r5-r3","enemy_row3":"0-m11-0-m2-0"},{"level_id":785,"enemy_row1":"r10-r11-r11-r11-r9","enemy_row2":"0-r3-r7-r2-0","enemy_row3":"0-m11-0-m11-0"},{"level_id":786,"enemy_row1":"r11-r11-r11-r11-r10","enemy_row2":"r3-r7-r9-r4-r2","enemy_row3":"0-0-m11-0-0"},{"level_id":787,"enemy_row1":"r9-r11-r11-r10-r7","enemy_row2":"0-m3-m5-r2-0","enemy_row3":"0-m11-m11-m11-0"},{"level_id":788,"enemy_row1":"r11-r11-r11-r11-r10","enemy_row2":"r4-r7-r9-r5-r3","enemy_row3":"0-m11-0-m2-0"},{"level_id":789,"enemy_row1":"r10-r11-r11-r11-r9","enemy_row2":"r4-r7-r11-r6-r2","enemy_row3":"0-0-m11-0-0"},{"level_id":790,"enemy_row1":"r6-r9-r10-r7-r5","enemy_row2":"m11-r11-r11-m11-r11","enemy_row3":"0-0-m2-0-0"},{"level_id":791,"enemy_row1":"r10-r11-r11-r11-r9","enemy_row2":"r4-r6-r7-r5-r2","enemy_row3":"0-m11-0-m11-0"},{"level_id":792,"enemy_row1":"r11-r11-r11-r11-r11","enemy_row2":"r2-r9-r10-r8-0","enemy_row3":"0-0-0-0-0"},{"level_id":793,"enemy_row1":"r11-r11-r11-r11-r11","enemy_row2":"r4-r9-r10-r8-r2","enemy_row3":"0-0-0-0-0"},{"level_id":794,"enemy_row1":"r10-r11-r11-r11-r9","enemy_row2":"0-r5-r8-r2-0","enemy_row3":"0-m11-0-m11-0"},{"level_id":795,"enemy_row1":"r11-r11-r11-r11-r11","enemy_row2":"r5-r9-r10-r8-r4","enemy_row3":"0-0-m2-0-0"},{"level_id":796,"enemy_row1":"r6-r9-r10-r8-r2","enemy_row2":"m11-r11-r11-m11-r11","enemy_row3":"0-0-0-0-0"},{"level_id":797,"enemy_row1":"r6-r9-r10-r8-r4","enemy_row2":"m11-r11-r11-m11-r11","enemy_row3":"0-0-m2-0-0"},{"level_id":798,"enemy_row1":"r10-r11-r11-r11-r9","enemy_row2":"r5-r8-r11-r6-r2","enemy_row3":"0-0-m11-0-0"},{"level_id":799,"enemy_row1":"r6-r9-r10-r8-r5","enemy_row2":"m11-r11-r11-m11-r11","enemy_row3":"0-m3-m4-m2-0"},{"level_id":800,"enemy_row1":"r10-r11-r11-r11-r9","enemy_row2":"r2-r7-r8-r3-0","enemy_row3":"0-m11-0-m11-0"}]}