<?xml version="1.0" encoding="UTF-8"?><font><info face="LilitaOneRus" size="72" bold="0" italic="0" charset="" unicode="1" stretchH="100" smooth="1" aa="1" padding="1,1,1,1" spacing="1,1"/><common lineHeight="72" base="66" scaleW="521" scaleH="521" pages="1" packed="0"/><pages><page id="0" file="LilitaOne-de.png"/></pages><chars count="98"><char id="32" x="0" y="0" width="0" height="0" xoffset="0" yoffset="0" xadvance="14" page="0" chnl="15"/><!--   --><char id="33" x="472" y="216" width="22" height="59" xoffset="-1" yoffset="12" xadvance="21" page="0" chnl="15"/><!-- ! --><char id="34" x="385" y="448" width="33" height="28" xoffset="0" yoffset="13" xadvance="34" page="0" chnl="15"/><!-- " --><char id="35" x="46" y="395" width="58" height="57" xoffset="2" yoffset="14" xadvance="60" page="0" chnl="15"/><!-- # --><char id="36" x="316" y="0" width="43" height="73" xoffset="-2" yoffset="6" xadvance="39" page="0" chnl="15"/><!-- $ --><char id="37" x="147" y="155" width="60" height="60" xoffset="-2" yoffset="12" xadvance="58" page="0" chnl="15"/><!-- % --><char id="38" x="250" y="155" width="50" height="60" xoffset="-1" yoffset="12" xadvance="49" page="0" chnl="15"/><!-- & --><char id="39" x="495" y="245" width="19" height="28" xoffset="1" yoffset="13" xadvance="22" page="0" chnl="15"/><!-- ' --><char id="40" x="0" y="91" width="27" height="63" xoffset="2" yoffset="13" xadvance="31" page="0" chnl="15"/><!-- ( --><char id="41" x="28" y="91" width="26" height="63" xoffset="3" yoffset="13" xadvance="31" page="0" chnl="15"/><!-- ) --><char id="42" x="252" y="448" width="37" height="36" xoffset="2" yoffset="13" xadvance="41" page="0" chnl="15"/><!-- * --><char id="43" x="474" y="18" width="46" height="45" xoffset="-2" yoffset="20" xadvance="44" page="0" chnl="15"/><!-- + --><char id="44" x="495" y="216" width="26" height="28" xoffset="-1" yoffset="51" xadvance="22" page="0" chnl="15"/><!-- , --><char id="45" x="91" y="499" width="42" height="16" xoffset="-2" yoffset="41" xadvance="38" page="0" chnl="15"/><!-- - --><char id="46" x="0" y="499" width="23" height="22" xoffset="-3" yoffset="50" xadvance="17" page="0" chnl="15"/><!-- . --><char id="47" x="266" y="0" width="49" height="73" xoffset="-4" yoffset="6" xadvance="42" page="0" chnl="15"/><!-- / --><char id="48" x="119" y="91" width="50" height="60" xoffset="-2" yoffset="12" xadvance="47" page="0" chnl="15"/><!-- 0 --><char id="49" x="246" y="276" width="33" height="58" xoffset="-3" yoffset="13" xadvance="30" page="0" chnl="15"/><!-- 1 --><char id="50" x="301" y="155" width="41" height="59" xoffset="-1" yoffset="12" xadvance="38" page="0" chnl="15"/><!-- 2 --><char id="51" x="170" y="91" width="42" height="60" xoffset="-3" yoffset="12" xadvance="39" page="0" chnl="15"/><!-- 3 --><char id="52" x="343" y="155" width="48" height="59" xoffset="-4" yoffset="12" xadvance="44" page="0" chnl="15"/><!-- 4 --><char id="53" x="392" y="155" width="39" height="59" xoffset="-1" yoffset="13" xadvance="38" page="0" chnl="15"/><!-- 5 --><char id="54" x="213" y="91" width="45" height="60" xoffset="-2" yoffset="12" xadvance="42" page="0" chnl="15"/><!-- 6 --><char id="55" x="280" y="276" width="42" height="58" xoffset="-3" yoffset="13" xadvance="37" page="0" chnl="15"/><!-- 7 --><char id="56" x="259" y="91" width="45" height="60" xoffset="-2" yoffset="12" xadvance="42" page="0" chnl="15"/><!-- 8 --><char id="57" x="305" y="91" width="43" height="60" xoffset="-1" yoffset="12" xadvance="41" page="0" chnl="15"/><!-- 9 --><char id="58" x="36" y="453" width="22" height="45" xoffset="0" yoffset="27" xadvance="20" page="0" chnl="15"/><!-- : --><char id="59" x="139" y="395" width="25" height="52" xoffset="-3" yoffset="27" xadvance="20" page="0" chnl="15"/><!-- ; --><char id="61" x="342" y="448" width="42" height="32" xoffset="0" yoffset="27" xadvance="42" page="0" chnl="15"/><!-- = --><char id="63" x="208" y="155" width="41" height="60" xoffset="0" yoffset="12" xadvance="43" page="0" chnl="15"/><!-- ? --><char id="64" x="55" y="91" width="63" height="62" xoffset="-2" yoffset="15" xadvance="63" page="0" chnl="15"/><!-- @ --><char id="65" x="323" y="276" width="53" height="58" xoffset="-3" yoffset="13" xadvance="48" page="0" chnl="15"/><!-- A --><char id="66" x="377" y="276" width="45" height="58" xoffset="0" yoffset="13" xadvance="43" page="0" chnl="15"/><!-- B --><char id="67" x="438" y="91" width="45" height="60" xoffset="-2" yoffset="12" xadvance="41" page="0" chnl="15"/><!-- C --><char id="68" x="423" y="276" width="48" height="58" xoffset="-1" yoffset="13" xadvance="45" page="0" chnl="15"/><!-- D --><char id="69" x="0" y="336" width="38" height="58" xoffset="-1" yoffset="13" xadvance="36" page="0" chnl="15"/><!-- E --><char id="70" x="484" y="91" width="37" height="59" xoffset="-1" yoffset="13" xadvance="34" page="0" chnl="15"/><!-- F --><char id="71" x="0" y="155" width="48" height="60" xoffset="-2" yoffset="12" xadvance="45" page="0" chnl="15"/><!-- G --><char id="72" x="39" y="336" width="48" height="58" xoffset="-1" yoffset="13" xadvance="47" page="0" chnl="15"/><!-- H --><char id="73" x="88" y="336" width="37" height="58" xoffset="-3" yoffset="13" xadvance="31" page="0" chnl="15"/><!-- I --><char id="74" x="218" y="216" width="39" height="59" xoffset="-4" yoffset="13" xadvance="34" page="0" chnl="15"/><!-- J --><char id="75" x="258" y="216" width="50" height="59" xoffset="-1" yoffset="12" xadvance="45" page="0" chnl="15"/><!-- K --><char id="76" x="309" y="216" width="37" height="59" xoffset="-2" yoffset="12" xadvance="32" page="0" chnl="15"/><!-- L --><char id="77" x="126" y="336" width="67" height="58" xoffset="-1" yoffset="13" xadvance="66" page="0" chnl="15"/><!-- M --><char id="78" x="472" y="276" width="49" height="58" xoffset="-1" yoffset="13" xadvance="47" page="0" chnl="15"/><!-- N --><char id="79" x="49" y="155" width="54" height="60" xoffset="-2" yoffset="12" xadvance="51" page="0" chnl="15"/><!-- O --><char id="80" x="194" y="336" width="44" height="58" xoffset="-1" yoffset="13" xadvance="42" page="0" chnl="15"/><!-- P --><char id="81" x="419" y="0" width="54" height="72" xoffset="-2" yoffset="12" xadvance="51" page="0" chnl="15"/><!-- Q --><char id="82" x="239" y="336" width="46" height="58" xoffset="-1" yoffset="13" xadvance="43" page="0" chnl="15"/><!-- R --><char id="83" x="104" y="155" width="42" height="60" xoffset="-2" yoffset="12" xadvance="39" page="0" chnl="15"/><!-- S --><char id="84" x="286" y="336" width="44" height="58" xoffset="-4" yoffset="13" xadvance="37" page="0" chnl="15"/><!-- T --><char id="85" x="347" y="216" width="49" height="59" xoffset="-2" yoffset="13" xadvance="46" page="0" chnl="15"/><!-- U --><char id="86" x="331" y="336" width="54" height="58" xoffset="-3" yoffset="13" xadvance="48" page="0" chnl="15"/><!-- V --><char id="87" x="397" y="216" width="74" height="59" xoffset="-3" yoffset="12" xadvance="69" page="0" chnl="15"/><!-- W --><char id="88" x="0" y="276" width="56" height="59" xoffset="-3" yoffset="12" xadvance="50" page="0" chnl="15"/><!-- X --><char id="89" x="57" y="276" width="55" height="59" xoffset="-5" yoffset="12" xadvance="45" page="0" chnl="15"/><!-- Y --><char id="90" x="386" y="336" width="44" height="58" xoffset="-1" yoffset="13" xadvance="41" page="0" chnl="15"/><!-- Z --><char id="91" x="360" y="0" width="29" height="73" xoffset="1" yoffset="6" xadvance="28" page="0" chnl="15"/><!-- [ --><char id="93" x="390" y="0" width="28" height="73" xoffset="-2" yoffset="6" xadvance="28" page="0" chnl="15"/><!-- ] --><char id="94" x="290" y="448" width="51" height="33" xoffset="-1" yoffset="13" xadvance="50" page="0" chnl="15"/><!-- ^ --><char id="95" x="474" y="0" width="47" height="17" xoffset="-1" yoffset="65" xadvance="46" page="0" chnl="15"/><!-- _ --><char id="97" x="165" y="395" width="44" height="46" xoffset="-3" yoffset="26" xadvance="38" page="0" chnl="15"/><!-- a --><char id="98" x="349" y="91" width="41" height="60" xoffset="-1" yoffset="12" xadvance="38" page="0" chnl="15"/><!-- b --><char id="99" x="210" y="395" width="37" height="46" xoffset="-3" yoffset="26" xadvance="31" page="0" chnl="15"/><!-- c --><char id="100" x="391" y="91" width="46" height="60" xoffset="-2" yoffset="12" xadvance="41" page="0" chnl="15"/><!-- d --><char id="101" x="248" y="395" width="40" height="46" xoffset="-2" yoffset="26" xadvance="35" page="0" chnl="15"/><!-- e --><char id="102" x="432" y="155" width="36" height="59" xoffset="-3" yoffset="12" xadvance="28" page="0" chnl="15"/><!-- f --><char id="103" x="469" y="155" width="41" height="59" xoffset="-3" yoffset="26" xadvance="38" page="0" chnl="15"/><!-- g --><char id="104" x="0" y="216" width="39" height="59" xoffset="-1" yoffset="12" xadvance="37" page="0" chnl="15"/><!-- h --><char id="105" x="40" y="216" width="22" height="59" xoffset="-1" yoffset="12" xadvance="20" page="0" chnl="15"/><!-- i --><char id="106" x="231" y="0" width="34" height="73" xoffset="-13" yoffset="12" xadvance="20" page="0" chnl="15"/><!-- j --><char id="107" x="63" y="216" width="43" height="59" xoffset="-1" yoffset="12" xadvance="39" page="0" chnl="15"/><!-- k --><char id="108" x="107" y="216" width="22" height="59" xoffset="-1" yoffset="12" xadvance="20" page="0" chnl="15"/><!-- l --><char id="109" x="370" y="395" width="61" height="45" xoffset="-3" yoffset="26" xadvance="57" page="0" chnl="15"/><!-- m --><char id="110" x="432" y="395" width="44" height="45" xoffset="-3" yoffset="26" xadvance="40" page="0" chnl="15"/><!-- n --><char id="111" x="289" y="395" width="42" height="46" xoffset="-3" yoffset="26" xadvance="37" page="0" chnl="15"/><!-- o --><char id="112" x="130" y="216" width="45" height="59" xoffset="-3" yoffset="26" xadvance="40" page="0" chnl="15"/><!-- p --><char id="113" x="176" y="216" width="41" height="59" xoffset="-3" yoffset="26" xadvance="37" page="0" chnl="15"/><!-- q --><char id="114" x="0" y="453" width="35" height="45" xoffset="-3" yoffset="26" xadvance="29" page="0" chnl="15"/><!-- r --><char id="115" x="332" y="395" width="37" height="46" xoffset="-2" yoffset="26" xadvance="33" page="0" chnl="15"/><!-- s --><char id="116" x="105" y="395" width="33" height="52" xoffset="-3" yoffset="19" xadvance="27" page="0" chnl="15"/><!-- t --><char id="117" x="477" y="395" width="44" height="45" xoffset="-2" yoffset="27" xadvance="40" page="0" chnl="15"/><!-- u --><char id="118" x="59" y="453" width="45" height="44" xoffset="-4" yoffset="27" xadvance="38" page="0" chnl="15"/><!-- v --><char id="119" x="105" y="448" width="61" height="44" xoffset="-4" yoffset="27" xadvance="55" page="0" chnl="15"/><!-- w --><char id="120" x="167" y="448" width="46" height="44" xoffset="-3" yoffset="27" xadvance="41" page="0" chnl="15"/><!-- x --><char id="121" x="0" y="395" width="45" height="57" xoffset="-3" yoffset="27" xadvance="39" page="0" chnl="15"/><!-- y --><char id="122" x="214" y="448" width="37" height="44" xoffset="-2" yoffset="27" xadvance="33" page="0" chnl="15"/><!-- z --><char id="123" x="18" y="0" width="26" height="84" xoffset="-2" yoffset="2" xadvance="27" page="0" chnl="15"/><!-- { --><char id="124" x="0" y="0" width="17" height="90" xoffset="14" yoffset="-3" xadvance="46" page="0" chnl="15"/><!-- | --><char id="125" x="45" y="0" width="26" height="84" xoffset="2" yoffset="2" xadvance="27" page="0" chnl="15"/><!-- } --><char id="196" x="122" y="0" width="53" height="74" xoffset="-3" yoffset="-2" xadvance="48" page="0" chnl="15"/><!-- Ä --><char id="214" x="176" y="0" width="54" height="74" xoffset="-2" yoffset="-2" xadvance="51" page="0" chnl="15"/><!-- Ö --><char id="220" x="72" y="0" width="49" height="74" xoffset="-2" yoffset="-2" xadvance="46" page="0" chnl="15"/><!-- Ü --><char id="228" x="156" y="276" width="44" height="59" xoffset="-3" yoffset="13" xadvance="38" page="0" chnl="15"/><!-- ä --><char id="246" x="113" y="276" width="42" height="59" xoffset="-3" yoffset="13" xadvance="37" page="0" chnl="15"/><!-- ö --><char id="252" x="201" y="276" width="44" height="59" xoffset="-2" yoffset="13" xadvance="40" page="0" chnl="15"/><!-- ü --><char id="8230" x="24" y="499" width="66" height="22" xoffset="0" yoffset="50" xadvance="66" page="0" chnl="15"/><!-- … --><char id="8470" x="431" y="336" width="76" height="58" xoffset="-5" yoffset="5" xadvance="69" page="0" chnl="15"/><!-- № --></chars><kernings count="110"><kerning first="102" second="97" amount="-2"/><kerning first="102" second="99" amount="-2"/><kerning first="102" second="100" amount="-1"/><kerning first="102" second="101" amount="-2"/><kerning first="102" second="103" amount="-1"/><kerning first="102" second="111" amount="-2"/><kerning first="102" second="113" amount="-1"/><kerning first="102" second="115" amount="-1"/><kerning first="102" second="116" amount="-2"/><kerning first="102" second="117" amount="-2"/><kerning first="102" second="118" amount="-1"/><kerning first="102" second="119" amount="-1"/><kerning first="102" second="120" amount="-1"/><kerning first="107" second="97" amount="-1"/><kerning first="107" second="99" amount="-1"/><kerning first="107" second="101" amount="-2"/><kerning first="107" second="111" amount="-2"/><kerning first="107" second="113" amount="-2"/><kerning first="107" second="115" amount="-1"/><kerning first="107" second="116" amount="-2"/><kerning first="107" second="118" amount="-1"/><kerning first="107" second="121" amount="-3"/><kerning first="121" second="99" amount="-1"/><kerning first="65" second="118" amount="-1"/><kerning first="65" second="121" amount="-1"/><kerning first="65" second="84" amount="-2"/><kerning first="65" second="86" amount="-3"/><kerning first="65" second="87" amount="-3"/><kerning first="65" second="89" amount="-3"/><kerning first="70" second="97" amount="-3"/><kerning first="70" second="101" amount="-3"/><kerning first="70" second="109" amount="-1"/><kerning first="70" second="110" amount="-1"/><kerning first="70" second="111" amount="-3"/><kerning first="70" second="113" amount="-2"/><kerning first="70" second="114" amount="-2"/><kerning first="70" second="115" amount="-2"/><kerning first="70" second="117" amount="-2"/><kerning first="70" second="120" amount="-3"/><kerning first="70" second="121" amount="-3"/><kerning first="70" second="122" amount="-2"/><kerning first="70" second="65" amount="-3"/><kerning first="75" second="118" amount="-1"/><kerning first="75" second="121" amount="-1"/><kerning first="76" second="84" amount="-3"/><kerning first="76" second="86" amount="-1"/><kerning first="76" second="89" amount="-3"/><kerning first="77" second="89" amount="-1"/><kerning first="80" second="97" amount="-2"/><kerning first="80" second="99" amount="-1"/><kerning first="80" second="101" amount="-1"/><kerning first="80" second="103" amount="-2"/><kerning first="80" second="111" amount="-2"/><kerning first="80" second="113" amount="-2"/><kerning first="80" second="115" amount="-2"/><kerning first="80" second="65" amount="-4"/><kerning first="80" second="74" amount="-3"/><kerning first="80" second="86" amount="-3"/><kerning first="80" second="89" amount="-3"/><kerning first="80" second="90" amount="-1"/><kerning first="81" second="89" amount="-2"/><kerning first="84" second="97" amount="-2"/><kerning first="84" second="99" amount="-3"/><kerning first="84" second="101" amount="-3"/><kerning first="84" second="103" amount="-2"/><kerning first="84" second="109" amount="-1"/><kerning first="84" second="110" amount="-1"/><kerning first="84" second="111" amount="-3"/><kerning first="84" second="113" amount="-3"/><kerning first="84" second="114" amount="-1"/><kerning first="84" second="115" amount="-2"/><kerning first="84" second="117" amount="-3"/><kerning first="84" second="118" amount="-2"/><kerning first="84" second="119" amount="-2"/><kerning first="84" second="121" amount="-1"/><kerning first="84" second="65" amount="-2"/><kerning first="84" second="74" amount="-3"/><kerning first="86" second="97" amount="-3"/><kerning first="86" second="99" amount="-3"/><kerning first="86" second="100" amount="-3"/><kerning first="86" second="101" amount="-3"/><kerning first="86" second="103" amount="-3"/><kerning first="86" second="111" amount="-3"/><kerning first="86" second="113" amount="-3"/><kerning first="86" second="121" amount="-2"/><kerning first="86" second="65" amount="-3"/><kerning first="86" second="74" amount="-1"/><kerning first="87" second="97" amount="-1"/><kerning first="87" second="101" amount="-2"/><kerning first="87" second="65" amount="-3"/><kerning first="87" second="74" amount="-1"/><kerning first="87" second="79" amount="-1"/><kerning first="89" second="97" amount="-2"/><kerning first="89" second="99" amount="-3"/><kerning first="89" second="100" amount="-3"/><kerning first="89" second="101" amount="-3"/><kerning first="89" second="103" amount="-3"/><kerning first="89" second="109" amount="-3"/><kerning first="89" second="110" amount="-3"/><kerning first="89" second="111" amount="-3"/><kerning first="89" second="113" amount="-3"/><kerning first="89" second="114" amount="-2"/><kerning first="89" second="115" amount="-3"/><kerning first="89" second="120" amount="-2"/><kerning first="89" second="121" amount="-3"/><kerning first="89" second="122" amount="-1"/><kerning first="89" second="65" amount="-4"/><kerning first="89" second="74" amount="-3"/><kerning first="89" second="77" amount="-1"/><kerning first="89" second="81" amount="-1"/></kernings></font>