[1,["d2NpkX1l5Ep6huqL4C6zgs@6c48a"],["_textureSource"],["cc.SpriteFrame"],0,[{"name":"Good","rect":{"x":0,"y":0,"width":398,"height":137},"offset":{"x":0,"y":0},"originalSize":{"width":398,"height":137},"rotated":false,"capInsets":[0,0,0,0],"vertices":{"rawPosition":[-199,-68.5,0,199,-68.5,0,-199,68.5,0,199,68.5,0],"indexes":[0,1,2,2,1,3],"uv":[0,137,398,137,0,0,398,0],"nuv":[0,0,1,0,0,1,1,1],"minPos":{"x":-199,"y":-68.5,"z":0},"maxPos":{"x":199,"y":68.5,"z":0}},"packable":true,"pixelsToUnit":100,"pivot":{"x":0.5,"y":0.5},"meshType":0}],[0],0,[0],[0],[0]]
