[1,["b9kn3Ln95KuroMhH3RMfZo@6c48a"],["_textureSource"],["cc.SpriteFrame"],0,[{"name":"2","rect":{"x":0,"y":0,"width":350,"height":316},"offset":{"x":0,"y":0},"originalSize":{"width":350,"height":316},"rotated":false,"capInsets":[0,0,0,0],"vertices":{"rawPosition":[-175,-158,0,175,-158,0,-175,158,0,175,158,0],"indexes":[0,1,2,2,1,3],"uv":[0,316,350,316,0,0,350,0],"nuv":[0,0,1,0,0,1,1,1],"minPos":{"x":-175,"y":-158,"z":0},"maxPos":{"x":175,"y":158,"z":0}},"packable":true,"pixelsToUnit":100,"pivot":{"x":0.5,"y":0.5},"meshType":0}],[0],0,[0],[0],[0]]
