{"textures":[{"image":"gameplay-default.png","format":"RGBA8888","size":{"w":427,"h":775},"scale":0.5,"frames":[{"filename":"lose_beam_axis","rotated":false,"trimmed":true,"sourceSize":{"w":66,"h":533},"spriteSourceSize":{"x":0,"y":0,"w":66,"h":532},"frame":{"x":2,"y":2,"w":66,"h":532}},{"filename":"no-tournament","rotated":false,"trimmed":true,"sourceSize":{"w":240,"h":240},"spriteSourceSize":{"x":24,"y":25,"w":194,"h":194},"frame":{"x":71,"y":2,"w":194,"h":194}},{"filename":"beam_axis","rotated":false,"trimmed":true,"sourceSize":{"w":52,"h":295},"spriteSourceSize":{"x":0,"y":0,"w":52,"h":293},"frame":{"x":71,"y":199,"w":52,"h":293}},{"filename":"lightning/left_lightning","rotated":false,"trimmed":true,"sourceSize":{"w":183,"h":180},"spriteSourceSize":{"x":50,"y":3,"w":75,"h":174},"frame":{"x":268,"y":2,"w":75,"h":174}},{"filename":"string/right","rotated":false,"trimmed":true,"sourceSize":{"w":209,"h":92},"spriteSourceSize":{"x":10,"y":0,"w":199,"h":91},"frame":{"x":126,"y":199,"w":199,"h":91}},{"filename":"string/left","rotated":false,"trimmed":true,"sourceSize":{"w":216,"h":97},"spriteSourceSize":{"x":0,"y":0,"w":186,"h":90},"frame":{"x":126,"y":293,"w":186,"h":90}},{"filename":"bottom_bg","rotated":false,"trimmed":false,"sourceSize":{"w":188,"h":25},"spriteSourceSize":{"x":0,"y":0,"w":188,"h":25},"frame":{"x":126,"y":386,"w":188,"h":25}},{"filename":"lightning/right_lightning","rotated":false,"trimmed":true,"sourceSize":{"w":131,"h":116},"spriteSourceSize":{"x":32,"y":3,"w":69,"h":111},"frame":{"x":346,"y":2,"w":69,"h":111}},{"filename":"lightning/middle_lightning","rotated":false,"trimmed":true,"sourceSize":{"w":106,"h":126},"spriteSourceSize":{"x":29,"y":0,"w":45,"h":121},"frame":{"x":2,"y":537,"w":45,"h":121}},{"filename":"ic_bg_off","rotated":false,"trimmed":true,"sourceSize":{"w":102,"h":102},"spriteSourceSize":{"x":8,"y":8,"w":86,"h":86},"frame":{"x":126,"y":414,"w":86,"h":86}},{"filename":"footer-bg","rotated":false,"trimmed":false,"sourceSize":{"w":375,"h":68},"spriteSourceSize":{"x":0,"y":0,"w":375,"h":68},"frame":{"x":50,"y":537,"w":375,"h":68}},{"filename":"bottom_logo","rotated":false,"trimmed":false,"sourceSize":{"w":353,"h":27},"spriteSourceSize":{"x":0,"y":0,"w":353,"h":27},"frame":{"x":50,"y":608,"w":353,"h":27}},{"filename":"hint","rotated":false,"trimmed":false,"sourceSize":{"w":61,"h":83},"spriteSourceSize":{"x":0,"y":0,"w":61,"h":83},"frame":{"x":215,"y":414,"w":61,"h":83}},{"filename":"card-bg","rotated":false,"trimmed":false,"sourceSize":{"w":50,"h":76},"spriteSourceSize":{"x":0,"y":0,"w":50,"h":76},"frame":{"x":2,"y":661,"w":50,"h":76}},{"filename":"hand","rotated":false,"trimmed":true,"sourceSize":{"w":66,"h":56},"spriteSourceSize":{"x":4,"y":0,"w":60,"h":56},"frame":{"x":346,"y":116,"w":60,"h":56}},{"filename":"ic_slot","rotated":false,"trimmed":false,"sourceSize":{"w":49,"h":72},"spriteSourceSize":{"x":0,"y":0,"w":49,"h":72},"frame":{"x":279,"y":414,"w":49,"h":72}},{"filename":"flags/left/4","rotated":false,"trimmed":false,"sourceSize":{"w":30,"h":39},"spriteSourceSize":{"x":0,"y":0,"w":30,"h":39},"frame":{"x":71,"y":495,"w":30,"h":39}},{"filename":"ic_slot_a","rotated":false,"trimmed":false,"sourceSize":{"w":49,"h":72},"spriteSourceSize":{"x":0,"y":0,"w":49,"h":72},"frame":{"x":55,"y":638,"w":49,"h":72}},{"filename":"logo_text","rotated":false,"trimmed":true,"sourceSize":{"w":90,"h":24},"spriteSourceSize":{"x":2,"y":1,"w":86,"h":22},"frame":{"x":107,"y":638,"w":86,"h":22}},{"filename":"ic_new_best","rotated":false,"trimmed":false,"sourceSize":{"w":76,"h":30},"spriteSourceSize":{"x":0,"y":0,"w":76,"h":30},"frame":{"x":107,"y":663,"w":76,"h":30}},{"filename":"flags/right/2","rotated":false,"trimmed":false,"sourceSize":{"w":29,"h":33},"spriteSourceSize":{"x":0,"y":0,"w":29,"h":33},"frame":{"x":2,"y":740,"w":29,"h":33}},{"filename":"text/back-to-game","rotated":false,"trimmed":true,"sourceSize":{"w":82,"h":16},"spriteSourceSize":{"x":0,"y":2,"w":82,"h":12},"frame":{"x":196,"y":638,"w":82,"h":12}},{"filename":"text/text-tournaments","rotated":false,"trimmed":true,"sourceSize":{"w":76,"h":16},"spriteSourceSize":{"x":0,"y":2,"w":76,"h":12},"frame":{"x":107,"y":696,"w":76,"h":12}},{"filename":"flags/right/3","rotated":false,"trimmed":false,"sourceSize":{"w":27,"h":33},"spriteSourceSize":{"x":0,"y":0,"w":27,"h":33},"frame":{"x":34,"y":740,"w":27,"h":33}},{"filename":"suit_heart","rotated":false,"trimmed":true,"sourceSize":{"w":47,"h":47},"spriteSourceSize":{"x":5,"y":7,"w":37,"h":34},"frame":{"x":215,"y":500,"w":37,"h":34}},{"filename":"flags/right/4","rotated":false,"trimmed":false,"sourceSize":{"w":26,"h":34},"spriteSourceSize":{"x":0,"y":0,"w":26,"h":34},"frame":{"x":255,"y":500,"w":26,"h":34}},{"filename":"disable_recycle","rotated":false,"trimmed":true,"sourceSize":{"w":54,"h":54},"spriteSourceSize":{"x":6,"y":6,"w":42,"h":42},"frame":{"x":284,"y":489,"w":42,"h":42}},{"filename":"ic_recycle","rotated":false,"trimmed":true,"sourceSize":{"w":60,"h":60},"spriteSourceSize":{"x":1,"y":6,"w":58,"h":48},"frame":{"x":281,"y":638,"w":58,"h":48}},{"filename":"ic_events_shining","rotated":false,"trimmed":true,"sourceSize":{"w":54,"h":54},"spriteSourceSize":{"x":2,"y":2,"w":51,"h":51},"frame":{"x":342,"y":638,"w":51,"h":51}},{"filename":"flags/left/6","rotated":false,"trimmed":false,"sourceSize":{"w":29,"h":39},"spriteSourceSize":{"x":0,"y":0,"w":29,"h":39},"frame":{"x":396,"y":638,"w":29,"h":39}},{"filename":"ic_hint_settings","rotated":false,"trimmed":true,"sourceSize":{"w":24,"h":24},"spriteSourceSize":{"x":3,"y":1,"w":19,"h":22},"frame":{"x":406,"y":608,"w":19,"h":22}},{"filename":"text/text-settings","rotated":false,"trimmed":true,"sourceSize":{"w":50,"h":16},"spriteSourceSize":{"x":0,"y":1,"w":50,"h":15},"frame":{"x":268,"y":179,"w":50,"h":15}},{"filename":"blank","rotated":false,"trimmed":false,"sourceSize":{"w":50,"h":50},"spriteSourceSize":{"x":0,"y":0,"w":50,"h":50},"frame":{"x":64,"y":713,"w":50,"h":50}},{"filename":"ic_circle_close","rotated":false,"trimmed":false,"sourceSize":{"w":48,"h":48},"spriteSourceSize":{"x":0,"y":0,"w":48,"h":48},"frame":{"x":117,"y":711,"w":48,"h":48}},{"filename":"ic_highlight","rotated":false,"trimmed":true,"sourceSize":{"w":40,"h":40},"spriteSourceSize":{"x":4,"y":0,"w":32,"h":40},"frame":{"x":168,"y":711,"w":32,"h":40}},{"filename":"ic_group","rotated":false,"trimmed":true,"sourceSize":{"w":24,"h":24},"spriteSourceSize":{"x":0,"y":2,"w":24,"h":19},"frame":{"x":168,"y":754,"w":24,"h":19}},{"filename":"ic_languages","rotated":false,"trimmed":false,"sourceSize":{"w":24,"h":19},"spriteSourceSize":{"x":0,"y":0,"w":24,"h":19},"frame":{"x":195,"y":754,"w":24,"h":19}},{"filename":"flags/left/5","rotated":false,"trimmed":false,"sourceSize":{"w":28,"h":39},"spriteSourceSize":{"x":0,"y":0,"w":28,"h":39},"frame":{"x":315,"y":293,"w":28,"h":39}},{"filename":"flags/left/3","rotated":false,"trimmed":false,"sourceSize":{"w":32,"h":38},"spriteSourceSize":{"x":0,"y":0,"w":32,"h":38},"frame":{"x":315,"y":335,"w":32,"h":38}},{"filename":"ic_home_btn","rotated":false,"trimmed":true,"sourceSize":{"w":42,"h":42},"spriteSourceSize":{"x":2,"y":3,"w":38,"h":35},"frame":{"x":317,"y":376,"w":38,"h":35}},{"filename":"flags/left/7","rotated":false,"trimmed":false,"sourceSize":{"w":30,"h":38},"spriteSourceSize":{"x":0,"y":0,"w":30,"h":38},"frame":{"x":331,"y":414,"w":30,"h":38}},{"filename":"flags/left/2","rotated":false,"trimmed":false,"sourceSize":{"w":34,"h":37},"spriteSourceSize":{"x":0,"y":0,"w":34,"h":37},"frame":{"x":331,"y":455,"w":34,"h":37}},{"filename":"ic_new_deal","rotated":false,"trimmed":false,"sourceSize":{"w":38,"h":38},"spriteSourceSize":{"x":0,"y":0,"w":38,"h":38},"frame":{"x":329,"y":495,"w":38,"h":38}},{"filename":"bronze","rotated":false,"trimmed":false,"sourceSize":{"w":19,"h":21},"spriteSourceSize":{"x":0,"y":0,"w":19,"h":21},"frame":{"x":104,"y":495,"w":19,"h":21}},{"filename":"ic_switch_off","rotated":false,"trimmed":false,"sourceSize":{"w":40,"h":25},"spriteSourceSize":{"x":0,"y":0,"w":40,"h":25},"frame":{"x":126,"y":503,"w":40,"h":25}},{"filename":"ic_switch_on","rotated":false,"trimmed":false,"sourceSize":{"w":40,"h":25},"spriteSourceSize":{"x":0,"y":0,"w":40,"h":25},"frame":{"x":169,"y":503,"w":40,"h":25}},{"filename":"avatar_crown","rotated":false,"trimmed":false,"sourceSize":{"w":19,"h":14},"spriteSourceSize":{"x":0,"y":0,"w":19,"h":14},"frame":{"x":104,"y":519,"w":19,"h":14}},{"filename":"ic_restart","rotated":false,"trimmed":true,"sourceSize":{"w":38,"h":38},"spriteSourceSize":{"x":1,"y":0,"w":36,"h":38},"frame":{"x":186,"y":663,"w":36,"h":38}},{"filename":"suit_diamonds","rotated":false,"trimmed":true,"sourceSize":{"w":47,"h":47},"spriteSourceSize":{"x":5,"y":6,"w":37,"h":37},"frame":{"x":225,"y":653,"w":37,"h":37}},{"filename":"ic_stars","rotated":false,"trimmed":true,"sourceSize":{"w":38,"h":38},"spriteSourceSize":{"x":1,"y":2,"w":36,"h":36},"frame":{"x":203,"y":704,"w":36,"h":36}},{"filename":"suit_clubs","rotated":false,"trimmed":true,"sourceSize":{"w":47,"h":47},"spriteSourceSize":{"x":5,"y":6,"w":37,"h":36},"frame":{"x":242,"y":693,"w":37,"h":36}},{"filename":"suit_spades","rotated":false,"trimmed":true,"sourceSize":{"w":47,"h":47},"spriteSourceSize":{"x":8,"y":6,"w":34,"h":36},"frame":{"x":282,"y":689,"w":34,"h":36}},{"filename":"ic_auto_complete","rotated":false,"trimmed":true,"sourceSize":{"w":24,"h":24},"spriteSourceSize":{"x":2,"y":0,"w":20,"h":23},"frame":{"x":319,"y":689,"w":20,"h":23}},{"filename":"loading_club","rotated":false,"trimmed":false,"sourceSize":{"w":32,"h":32},"spriteSourceSize":{"x":0,"y":0,"w":32,"h":32},"frame":{"x":342,"y":692,"w":32,"h":32}},{"filename":"flags/right/5","rotated":false,"trimmed":false,"sourceSize":{"w":24,"h":34},"spriteSourceSize":{"x":0,"y":0,"w":24,"h":34},"frame":{"x":377,"y":692,"w":24,"h":34}},{"filename":"uncheck","rotated":false,"trimmed":false,"sourceSize":{"w":21,"h":21},"spriteSourceSize":{"x":0,"y":0,"w":21,"h":21},"frame":{"x":404,"y":680,"w":21,"h":21}},{"filename":"flags/left/1","rotated":false,"trimmed":true,"sourceSize":{"w":36,"h":16},"spriteSourceSize":{"x":1,"y":0,"w":35,"h":16},"frame":{"x":242,"y":732,"w":35,"h":16}},{"filename":"flash","rotated":false,"trimmed":true,"sourceSize":{"w":24,"h":24},"spriteSourceSize":{"x":0,"y":1,"w":24,"h":22},"frame":{"x":222,"y":751,"w":24,"h":22}},{"filename":"ic_statistics","rotated":false,"trimmed":true,"sourceSize":{"w":24,"h":24},"spriteSourceSize":{"x":0,"y":1,"w":24,"h":22},"frame":{"x":249,"y":751,"w":24,"h":22}},{"filename":"vibration","rotated":false,"trimmed":true,"sourceSize":{"w":24,"h":24},"spriteSourceSize":{"x":0,"y":1,"w":24,"h":22},"frame":{"x":276,"y":751,"w":24,"h":22}},{"filename":"check","rotated":false,"trimmed":false,"sourceSize":{"w":26,"h":20},"spriteSourceSize":{"x":0,"y":0,"w":26,"h":20},"frame":{"x":282,"y":728,"w":26,"h":20}},{"filename":"star","rotated":false,"trimmed":true,"sourceSize":{"w":24,"h":24},"spriteSourceSize":{"x":0,"y":1,"w":23,"h":22},"frame":{"x":303,"y":751,"w":23,"h":22}},{"filename":"add-square","rotated":false,"trimmed":false,"sourceSize":{"w":20,"h":20},"spriteSourceSize":{"x":0,"y":0,"w":20,"h":20},"frame":{"x":311,"y":728,"w":20,"h":20}},{"filename":"arrow-swap-horizontal","rotated":false,"trimmed":true,"sourceSize":{"w":24,"h":24},"spriteSourceSize":{"x":1,"y":1,"w":22,"h":22},"frame":{"x":329,"y":751,"w":22,"h":22}},{"filename":"gold","rotated":false,"trimmed":false,"sourceSize":{"w":19,"h":21},"spriteSourceSize":{"x":0,"y":0,"w":19,"h":21},"frame":{"x":334,"y":727,"w":19,"h":21}},{"filename":"crown","rotated":false,"trimmed":true,"sourceSize":{"w":24,"h":24},"spriteSourceSize":{"x":1,"y":1,"w":22,"h":22},"frame":{"x":354,"y":751,"w":22,"h":22}},{"filename":"ic_ace_slot","rotated":false,"trimmed":false,"sourceSize":{"w":20,"h":22},"spriteSourceSize":{"x":0,"y":0,"w":20,"h":22},"frame":{"x":404,"y":704,"w":20,"h":22}},{"filename":"loading_heart","rotated":false,"trimmed":false,"sourceSize":{"w":32,"h":32},"spriteSourceSize":{"x":0,"y":0,"w":32,"h":32},"frame":{"x":379,"y":729,"w":32,"h":32}},{"filename":"ic_replay","rotated":false,"trimmed":true,"sourceSize":{"w":21,"h":20},"spriteSourceSize":{"x":1,"y":1,"w":20,"h":19},"frame":{"x":356,"y":729,"w":20,"h":19}},{"filename":"text/text-game","rotated":false,"trimmed":true,"sourceSize":{"w":35,"h":16},"spriteSourceSize":{"x":0,"y":2,"w":35,"h":12},"frame":{"x":346,"y":175,"w":35,"h":12}},{"filename":"loading_diamond","rotated":false,"trimmed":true,"sourceSize":{"w":32,"h":32},"spriteSourceSize":{"x":1,"y":0,"w":30,"h":32},"frame":{"x":328,"y":190,"w":30,"h":32}},{"filename":"loading_spade","rotated":false,"trimmed":true,"sourceSize":{"w":32,"h":32},"spriteSourceSize":{"x":1,"y":0,"w":30,"h":32},"frame":{"x":328,"y":225,"w":30,"h":32}},{"filename":"flags/right/1","rotated":false,"trimmed":false,"sourceSize":{"w":31,"h":26},"spriteSourceSize":{"x":0,"y":0,"w":31,"h":26},"frame":{"x":328,"y":260,"w":31,"h":26}},{"filename":"flags/right/6","rotated":false,"trimmed":false,"sourceSize":{"w":25,"h":34},"spriteSourceSize":{"x":0,"y":0,"w":25,"h":34},"frame":{"x":361,"y":190,"w":25,"h":34}},{"filename":"ic_play","rotated":false,"trimmed":false,"sourceSize":{"w":28,"h":28},"spriteSourceSize":{"x":0,"y":0,"w":28,"h":28},"frame":{"x":361,"y":227,"w":28,"h":28}},{"filename":"flags/right/7","rotated":false,"trimmed":false,"sourceSize":{"w":26,"h":33},"spriteSourceSize":{"x":0,"y":0,"w":26,"h":33},"frame":{"x":362,"y":258,"w":26,"h":33}},{"filename":"flags/right/8","rotated":false,"trimmed":false,"sourceSize":{"w":26,"h":32},"spriteSourceSize":{"x":0,"y":0,"w":26,"h":32},"frame":{"x":346,"y":294,"w":26,"h":32}},{"filename":"ic_hint","rotated":false,"trimmed":true,"sourceSize":{"w":28,"h":28},"spriteSourceSize":{"x":3,"y":1,"w":22,"h":26},"frame":{"x":350,"y":329,"w":22,"h":26}},{"filename":"ic_setting","rotated":false,"trimmed":true,"sourceSize":{"w":28,"h":28},"spriteSourceSize":{"x":1,"y":1,"w":26,"h":26},"frame":{"x":375,"y":294,"w":26,"h":26}},{"filename":"ic_undo","rotated":false,"trimmed":true,"sourceSize":{"w":28,"h":28},"spriteSourceSize":{"x":1,"y":1,"w":26,"h":26},"frame":{"x":375,"y":323,"w":26,"h":26}},{"filename":"text/text-undo","rotated":false,"trimmed":true,"sourceSize":{"w":32,"h":16},"spriteSourceSize":{"x":0,"y":2,"w":32,"h":12},"frame":{"x":384,"y":175,"w":32,"h":12}},{"filename":"ic_book","rotated":false,"trimmed":false,"sourceSize":{"w":24,"h":24},"spriteSourceSize":{"x":0,"y":0,"w":24,"h":24},"frame":{"x":389,"y":190,"w":24,"h":24}},{"filename":"ic_move","rotated":false,"trimmed":false,"sourceSize":{"w":24,"h":24},"spriteSourceSize":{"x":0,"y":0,"w":24,"h":24},"frame":{"x":392,"y":217,"w":24,"h":24}},{"filename":"menu_statistics","rotated":false,"trimmed":true,"sourceSize":{"w":33,"h":33},"spriteSourceSize":{"x":4,"y":5,"w":25,"h":23},"frame":{"x":392,"y":244,"w":25,"h":23}},{"filename":"silver","rotated":false,"trimmed":false,"sourceSize":{"w":19,"h":21},"spriteSourceSize":{"x":0,"y":0,"w":19,"h":21},"frame":{"x":391,"y":270,"w":19,"h":21}},{"filename":"text/text-hint","rotated":false,"trimmed":true,"sourceSize":{"w":25,"h":16},"spriteSourceSize":{"x":0,"y":1,"w":25,"h":13},"frame":{"x":350,"y":358,"w":25,"h":13}},{"filename":"flag","rotated":false,"trimmed":true,"sourceSize":{"w":24,"h":24},"spriteSourceSize":{"x":2,"y":0,"w":18,"h":24},"frame":{"x":358,"y":374,"w":18,"h":24}},{"filename":"ic_next","rotated":false,"trimmed":true,"sourceSize":{"w":16,"h":16},"spriteSourceSize":{"x":4,"y":1,"w":9,"h":14},"frame":{"x":416,"y":190,"w":9,"h":14}},{"filename":"ic_close_gray","rotated":false,"trimmed":true,"sourceSize":{"w":24,"h":24},"spriteSourceSize":{"x":3,"y":3,"w":18,"h":18},"frame":{"x":378,"y":352,"w":18,"h":18}},{"filename":"cup","rotated":false,"trimmed":true,"sourceSize":{"w":24,"h":24},"spriteSourceSize":{"x":1,"y":1,"w":22,"h":22},"frame":{"x":379,"y":373,"w":22,"h":22}},{"filename":"stats_timer","rotated":false,"trimmed":true,"sourceSize":{"w":24,"h":24},"spriteSourceSize":{"x":2,"y":1,"w":20,"h":22},"frame":{"x":404,"y":294,"w":20,"h":22}},{"filename":"timer","rotated":false,"trimmed":true,"sourceSize":{"w":24,"h":24},"spriteSourceSize":{"x":2,"y":1,"w":20,"h":22},"frame":{"x":404,"y":319,"w":20,"h":22}},{"filename":"custom_medal","rotated":false,"trimmed":false,"sourceSize":{"w":20,"h":20},"spriteSourceSize":{"x":0,"y":0,"w":20,"h":20},"frame":{"x":404,"y":344,"w":20,"h":20}},{"filename":"ic_close","rotated":false,"trimmed":true,"sourceSize":{"w":36,"h":36},"spriteSourceSize":{"x":8,"y":8,"w":20,"h":20},"frame":{"x":404,"y":367,"w":20,"h":20}},{"filename":"ic_share","rotated":false,"trimmed":true,"sourceSize":{"w":21,"h":20},"spriteSourceSize":{"x":1,"y":0,"w":19,"h":20},"frame":{"x":404,"y":390,"w":19,"h":20}},{"filename":"ic_draw_mode","rotated":false,"trimmed":true,"sourceSize":{"w":24,"h":24},"spriteSourceSize":{"x":1,"y":1,"w":22,"h":22},"frame":{"x":379,"y":398,"w":22,"h":22}},{"filename":"ic_invite","rotated":false,"trimmed":true,"sourceSize":{"w":24,"h":24},"spriteSourceSize":{"x":1,"y":1,"w":22,"h":22},"frame":{"x":364,"y":423,"w":22,"h":22}},{"filename":"ic_sound","rotated":false,"trimmed":true,"sourceSize":{"w":24,"h":24},"spriteSourceSize":{"x":1,"y":1,"w":22,"h":22},"frame":{"x":389,"y":423,"w":22,"h":22}},{"filename":"ic_theme","rotated":false,"trimmed":true,"sourceSize":{"w":24,"h":24},"spriteSourceSize":{"x":1,"y":1,"w":22,"h":22},"frame":{"x":368,"y":448,"w":22,"h":22}},{"filename":"medal-star","rotated":false,"trimmed":true,"sourceSize":{"w":24,"h":24},"spriteSourceSize":{"x":1,"y":1,"w":22,"h":22},"frame":{"x":393,"y":448,"w":22,"h":22}},{"filename":"stock-bg","rotated":false,"trimmed":false,"sourceSize":{"w":18,"h":18},"spriteSourceSize":{"x":0,"y":0,"w":18,"h":18},"frame":{"x":368,"y":473,"w":18,"h":18}},{"filename":"stats_cup","rotated":false,"trimmed":true,"sourceSize":{"w":24,"h":24},"spriteSourceSize":{"x":1,"y":1,"w":22,"h":22},"frame":{"x":389,"y":473,"w":22,"h":22}},{"filename":"stats_medal_star","rotated":false,"trimmed":true,"sourceSize":{"w":24,"h":24},"spriteSourceSize":{"x":1,"y":1,"w":22,"h":22},"frame":{"x":370,"y":498,"w":22,"h":22}},{"filename":"tournament_timer","rotated":false,"trimmed":true,"sourceSize":{"w":20,"h":20},"spriteSourceSize":{"x":1,"y":0,"w":18,"h":20},"frame":{"x":395,"y":498,"w":18,"h":20}}]}],"meta":{"app":"https://www.codeandweb.com/texturepacker","version":"3.0","smartupdate":"$TexturePacker:SmartUpdate:c508ba5c730183bbbc2b5e022713090b:506dda42f5149c663f77121997f9b017:66a0808f743e5a186baaa17661b45e1c$"}}