{"textures":[{"image":"how-to-play.jpg","format":"RGB888","size":{"w":1200,"h":200},"scale":0.5,"frames":[{"filename":"how_to_play_1","rotated":false,"trimmed":false,"sourceSize":{"w":300,"h":200},"spriteSourceSize":{"x":0,"y":0,"w":300,"h":200},"frame":{"x":0,"y":0,"w":300,"h":200}},{"filename":"how_to_play_2","rotated":false,"trimmed":false,"sourceSize":{"w":300,"h":200},"spriteSourceSize":{"x":0,"y":0,"w":300,"h":200},"frame":{"x":300,"y":0,"w":300,"h":200}},{"filename":"how_to_play_3","rotated":false,"trimmed":false,"sourceSize":{"w":300,"h":200},"spriteSourceSize":{"x":0,"y":0,"w":300,"h":200},"frame":{"x":600,"y":0,"w":300,"h":200}},{"filename":"how_to_play_4","rotated":false,"trimmed":false,"sourceSize":{"w":300,"h":200},"spriteSourceSize":{"x":0,"y":0,"w":300,"h":200},"frame":{"x":900,"y":0,"w":300,"h":200}}]}],"meta":{"app":"https://www.codeandweb.com/texturepacker","version":"3.0","smartupdate":"$TexturePacker:SmartUpdate:98528c684c771962c7e747c9fbbc1d2e:9283f425b91e963fbd3a1acb22c2a208:2f82d5451285b0f4d4d3cd5ec90906c2$"}}