<?xml version="1.0" encoding="UTF-8"?><font><info face="SFProText-Bold" size="42" bold="0" italic="0" charset="" unicode="1" stretchH="100" smooth="1" aa="1" padding="1,1,1,1" spacing="1,1"/><common lineHeight="42" base="40" scaleW="255" scaleH="255" pages="1" packed="0"/><pages><page id="0" file="sf-pro-bold.png"/></pages><chars count="80"><char id="32" x="0" y="0" width="0" height="0" xoffset="0" yoffset="0" xadvance="11" page="0" chnl="15"/><!--   --><char id="33" x="0" y="43" width="9" height="33" xoffset="3" yoffset="9" xadvance="15" page="0" chnl="15"/><!-- ! --><char id="34" x="71" y="237" width="17" height="15" xoffset="2" yoffset="9" xadvance="21" page="0" chnl="15"/><!-- " --><char id="35" x="123" y="178" width="30" height="32" xoffset="-1" yoffset="9" xadvance="28" page="0" chnl="15"/><!-- # --><char id="37" x="163" y="77" width="35" height="33" xoffset="0" yoffset="9" xadvance="35" page="0" chnl="15"/><!-- % --><char id="39" x="62" y="237" width="8" height="15" xoffset="2" yoffset="9" xadvance="12" page="0" chnl="15"/><!-- ' --><char id="42" x="0" y="237" width="19" height="18" xoffset="1" yoffset="9" xadvance="22" page="0" chnl="15"/><!-- * --><char id="44" x="242" y="211" width="11" height="15" xoffset="1" yoffset="34" xadvance="15" page="0" chnl="15"/><!-- , --><char id="45" x="134" y="237" width="16" height="8" xoffset="2" yoffset="24" xadvance="21" page="0" chnl="15"/><!-- - --><char id="46" x="89" y="237" width="10" height="10" xoffset="2" yoffset="32" xadvance="15" page="0" chnl="15"/><!-- . --><char id="47" x="43" y="0" width="19" height="39" xoffset="-1" yoffset="8" xadvance="17" page="0" chnl="15"/><!-- / --><char id="48" x="27" y="77" width="26" height="33" xoffset="1" yoffset="9" xadvance="29" page="0" chnl="15"/><!-- 0 --><char id="49" x="30" y="111" width="17" height="32" xoffset="1" yoffset="9" xadvance="22" page="0" chnl="15"/><!-- 1 --><char id="50" x="48" y="111" width="25" height="32" xoffset="1" yoffset="9" xadvance="28" page="0" chnl="15"/><!-- 2 --><char id="51" x="10" y="43" width="26" height="33" xoffset="1" yoffset="9" xadvance="29" page="0" chnl="15"/><!-- 3 --><char id="52" x="69" y="178" width="27" height="32" xoffset="1" yoffset="9" xadvance="29" page="0" chnl="15"/><!-- 4 --><char id="53" x="54" y="77" width="25" height="33" xoffset="2" yoffset="9" xadvance="28" page="0" chnl="15"/><!-- 5 --><char id="54" x="80" y="77" width="26" height="33" xoffset="1" yoffset="9" xadvance="29" page="0" chnl="15"/><!-- 6 --><char id="55" x="97" y="178" width="25" height="32" xoffset="0" yoffset="9" xadvance="26" page="0" chnl="15"/><!-- 7 --><char id="56" x="107" y="77" width="27" height="33" xoffset="1" yoffset="9" xadvance="30" page="0" chnl="15"/><!-- 8 --><char id="57" x="135" y="77" width="27" height="33" xoffset="1" yoffset="9" xadvance="29" page="0" chnl="15"/><!-- 9 --><char id="58" x="245" y="43" width="10" height="25" xoffset="2" yoffset="17" xadvance="15" page="0" chnl="15"/><!-- : --><char id="59" x="238" y="111" width="11" height="32" xoffset="1" yoffset="17" xadvance="15" page="0" chnl="15"/><!-- ; --><char id="63" x="199" y="77" width="22" height="33" xoffset="0" yoffset="9" xadvance="24" page="0" chnl="15"/><!-- ? --><char id="65" x="74" y="111" width="30" height="32" xoffset="0" yoffset="9" xadvance="31" page="0" chnl="15"/><!-- A --><char id="66" x="105" y="111" width="26" height="32" xoffset="2" yoffset="9" xadvance="30" page="0" chnl="15"/><!-- B --><char id="67" x="0" y="111" width="29" height="33" xoffset="1" yoffset="9" xadvance="32" page="0" chnl="15"/><!-- C --><char id="68" x="132" y="111" width="28" height="32" xoffset="2" yoffset="9" xadvance="32" page="0" chnl="15"/><!-- D --><char id="69" x="161" y="111" width="23" height="32" xoffset="2" yoffset="9" xadvance="27" page="0" chnl="15"/><!-- E --><char id="70" x="185" y="111" width="22" height="32" xoffset="2" yoffset="9" xadvance="26" page="0" chnl="15"/><!-- F --><char id="71" x="37" y="43" width="30" height="33" xoffset="1" yoffset="9" xadvance="32" page="0" chnl="15"/><!-- G --><char id="72" x="208" y="111" width="29" height="32" xoffset="2" yoffset="9" xadvance="33" page="0" chnl="15"/><!-- H --><char id="73" x="154" y="178" width="9" height="32" xoffset="2" yoffset="9" xadvance="14" page="0" chnl="15"/><!-- I --><char id="75" x="0" y="145" width="28" height="32" xoffset="2" yoffset="9" xadvance="30" page="0" chnl="15"/><!-- K --><char id="76" x="29" y="145" width="22" height="32" xoffset="2" yoffset="9" xadvance="25" page="0" chnl="15"/><!-- L --><char id="77" x="52" y="145" width="34" height="32" xoffset="2" yoffset="9" xadvance="39" page="0" chnl="15"/><!-- M --><char id="78" x="87" y="145" width="28" height="32" xoffset="2" yoffset="9" xadvance="33" page="0" chnl="15"/><!-- N --><char id="79" x="68" y="43" width="31" height="33" xoffset="1" yoffset="9" xadvance="34" page="0" chnl="15"/><!-- O --><char id="80" x="116" y="145" width="26" height="32" xoffset="2" yoffset="9" xadvance="29" page="0" chnl="15"/><!-- P --><char id="81" x="98" y="0" width="31" height="35" xoffset="1" yoffset="9" xadvance="34" page="0" chnl="15"/><!-- Q --><char id="82" x="143" y="145" width="26" height="32" xoffset="2" yoffset="9" xadvance="30" page="0" chnl="15"/><!-- R --><char id="83" x="100" y="43" width="26" height="33" xoffset="1" yoffset="9" xadvance="29" page="0" chnl="15"/><!-- S --><char id="84" x="170" y="145" width="27" height="32" xoffset="0" yoffset="9" xadvance="28" page="0" chnl="15"/><!-- T --><char id="85" x="222" y="77" width="28" height="33" xoffset="2" yoffset="9" xadvance="33" page="0" chnl="15"/><!-- U --><char id="86" x="198" y="145" width="30" height="32" xoffset="0" yoffset="9" xadvance="31" page="0" chnl="15"/><!-- V --><char id="87" x="0" y="178" width="41" height="32" xoffset="1" yoffset="9" xadvance="43" page="0" chnl="15"/><!-- W --><char id="90" x="229" y="145" width="26" height="32" xoffset="1" yoffset="9" xadvance="29" page="0" chnl="15"/><!-- Z --><char id="92" x="78" y="0" width="19" height="39" xoffset="-1" yoffset="8" xadvance="17" page="0" chnl="15"/><!-- \ --><char id="93" x="63" y="0" width="14" height="39" xoffset="0" yoffset="8" xadvance="19" page="0" chnl="15"/><!-- ] --><char id="97" x="182" y="178" width="23" height="25" xoffset="0" yoffset="16" xadvance="25" page="0" chnl="15"/><!-- a --><char id="98" x="127" y="43" width="25" height="33" xoffset="2" yoffset="8" xadvance="28" page="0" chnl="15"/><!-- b --><char id="99" x="206" y="178" width="24" height="25" xoffset="0" yoffset="16" xadvance="25" page="0" chnl="15"/><!-- c --><char id="100" x="153" y="43" width="25" height="33" xoffset="1" yoffset="8" xadvance="28" page="0" chnl="15"/><!-- d --><char id="101" x="0" y="211" width="25" height="25" xoffset="0" yoffset="16" xadvance="26" page="0" chnl="15"/><!-- e --><char id="102" x="179" y="43" width="17" height="33" xoffset="0" yoffset="8" xadvance="18" page="0" chnl="15"/><!-- f --><char id="103" x="130" y="0" width="26" height="34" xoffset="0" yoffset="16" xadvance="28" page="0" chnl="15"/><!-- g --><char id="104" x="197" y="43" width="23" height="33" xoffset="2" yoffset="8" xadvance="27" page="0" chnl="15"/><!-- h --><char id="105" x="157" y="0" width="10" height="34" xoffset="1" yoffset="7" xadvance="13" page="0" chnl="15"/><!-- i --><char id="106" x="0" y="0" width="13" height="42" xoffset="-2" yoffset="7" xadvance="13" page="0" chnl="15"/><!-- j --><char id="107" x="221" y="43" width="23" height="33" xoffset="2" yoffset="8" xadvance="26" page="0" chnl="15"/><!-- k --><char id="108" x="168" y="0" width="9" height="34" xoffset="2" yoffset="7" xadvance="13" page="0" chnl="15"/><!-- l --><char id="109" x="26" y="211" width="37" height="25" xoffset="1" yoffset="16" xadvance="39" page="0" chnl="15"/><!-- m --><char id="110" x="231" y="178" width="24" height="25" xoffset="1" yoffset="16" xadvance="27" page="0" chnl="15"/><!-- n --><char id="111" x="64" y="211" width="25" height="25" xoffset="1" yoffset="16" xadvance="27" page="0" chnl="15"/><!-- o --><char id="112" x="0" y="77" width="26" height="33" xoffset="1" yoffset="16" xadvance="28" page="0" chnl="15"/><!-- p --><char id="114" x="90" y="211" width="18" height="25" xoffset="1" yoffset="16" xadvance="19" page="0" chnl="15"/><!-- r --><char id="115" x="109" y="211" width="22" height="25" xoffset="1" yoffset="16" xadvance="24" page="0" chnl="15"/><!-- s --><char id="116" x="164" y="178" width="17" height="30" xoffset="0" yoffset="11" xadvance="18" page="0" chnl="15"/><!-- t --><char id="117" x="132" y="211" width="24" height="25" xoffset="1" yoffset="16" xadvance="27" page="0" chnl="15"/><!-- u --><char id="118" x="157" y="211" width="25" height="25" xoffset="0" yoffset="16" xadvance="25" page="0" chnl="15"/><!-- v --><char id="119" x="183" y="211" width="35" height="25" xoffset="0" yoffset="16" xadvance="36" page="0" chnl="15"/><!-- w --><char id="122" x="219" y="211" width="22" height="25" xoffset="1" yoffset="16" xadvance="24" page="0" chnl="15"/><!-- z --><char id="220" x="14" y="0" width="28" height="42" xoffset="2" yoffset="0" xadvance="33" page="0" chnl="15"/><!-- Ü --><char id="223" x="42" y="178" width="26" height="32" xoffset="2" yoffset="9" xadvance="29" page="0" chnl="15"/><!-- ß --><char id="228" x="178" y="0" width="23" height="34" xoffset="0" yoffset="7" xadvance="25" page="0" chnl="15"/><!-- ä --><char id="246" x="202" y="0" width="25" height="34" xoffset="1" yoffset="7" xadvance="27" page="0" chnl="15"/><!-- ö --><char id="252" x="228" y="0" width="24" height="34" xoffset="1" yoffset="7" xadvance="27" page="0" chnl="15"/><!-- ü --><char id="8220" x="20" y="237" width="20" height="15" xoffset="1" yoffset="9" xadvance="24" page="0" chnl="15"/><!-- “ --><char id="8222" x="41" y="237" width="20" height="15" xoffset="2" yoffset="34" xadvance="24" page="0" chnl="15"/><!-- „ --><char id="8230" x="100" y="237" width="33" height="10" xoffset="2" yoffset="32" xadvance="38" page="0" chnl="15"/><!-- … --></chars></font>