{"skeleton":{"hash":"D1THSS5sMhs","spine":"3.8-from-4.0-from-4.1.06","x":-44.67,"y":-10.05,"width":73.58,"height":141.07},"bones":[{"name":"root"},{"name":"[RED] SKELETON CONTROL","parent":"root","scaleX":0.245,"scaleY":0.245},{"name":"[ORANGE] MOVE_LR","parent":"[RED] SKELETON CONTROL"},{"name":"[BLUE] HIP","parent":"[ORANGE] MOVE_LR","x":20.88,"y":117.48},{"name":"torso2","parent":"[BLUE] HIP","length":41.41,"rotation":97.73,"x":0.53,"y":1},{"name":"torso1","parent":"torso2","length":106.17,"rotation":5.51,"x":42.62,"y":1.37},{"name":"head","parent":"torso1","length":203.23,"rotation":1.29,"x":102.4,"y":-2.76},{"name":"shoulder1","parent":"torso1","rotation":1.29,"x":110.06,"y":40.11},{"name":"shoulder2","parent":"torso1","x":100.07,"y":-28.27},{"name":"arm_left_1","parent":"torso1","length":40.51,"rotation":-106.31,"x":68.6,"y":-32.45},{"name":"arm_left_2","parent":"arm_left_1","length":55.56,"rotation":-87.04,"x":43.06,"y":0.71},{"name":"hand_left","parent":"arm_left_2","length":57.53,"rotation":-24.64,"x":58.93,"y":0.77},{"name":"coat_right","parent":"torso1","length":47.34,"rotation":140.19,"x":47.32,"y":58.53},{"name":"coat_left","parent":"torso1","length":44.15,"rotation":-167.48,"x":44.98,"y":-42.14},{"name":"leg_right_control","parent":"[BLUE] HIP","x":-51.18,"y":28.09},{"name":"leg_right_1","parent":"leg_right_control","length":60.02,"rotation":-118.34,"x":-0.65,"y":-4.61},{"name":"leg_left_control","parent":"[BLUE] HIP","x":36.07,"y":40.24},{"name":"leg_left_1","parent":"leg_left_control","length":60.41,"rotation":-79.24,"x":1.14,"y":-3.11},{"name":"torso3","parent":"torso1","length":41.3,"rotation":119.11,"x":92.96,"y":30.11},{"name":"torso4","parent":"torso3","length":56.8,"rotation":-42.35,"x":42.47,"y":-1.59},{"name":"hand_right","parent":"torso4","length":57.19,"rotation":-30.9,"x":58.73,"y":-0.77},{"name":"arm_right_IK","parent":"[RED] SKELETON CONTROL","x":-127.09,"y":227.12},{"name":"leg_right_2","parent":"leg_right_1","length":76.14,"rotation":3.49,"x":62.35,"y":1.21},{"name":"foot_right","parent":"leg_right_2","length":42.17,"rotation":-43.62,"x":75.76,"y":0.16},{"name":"leg_left_2","parent":"leg_left_1","length":75.96,"rotation":-15.38,"x":60.58,"y":-0.31},{"name":"foot_left","parent":"leg_left_2","length":35.7,"rotation":63.66,"x":77.84,"y":0.8},{"name":"coat_right2","parent":"coat_right","length":47.34,"x":47.34},{"name":"coat_right3","parent":"coat_right2","length":47.34,"x":47.34},{"name":"coat_left2","parent":"coat_left","length":44.15,"x":44.15},{"name":"coat_left3","parent":"coat_left2","length":44.15,"x":44.15},{"name":"javelin","parent":"hand_right","length":196.2,"rotation":127.95,"x":10.18,"y":31.75},{"name":"javelin_IK","parent":"[RED] SKELETON CONTROL","x":-160.39,"y":5.29},{"name":"leg_right_IK","parent":"[RED] SKELETON CONTROL","x":-91.47,"y":16.4},{"name":"leg_left_IK","parent":"[RED] SKELETON CONTROL","x":62.97,"y":19.31},{"name":"shadiow","parent":"[RED] SKELETON CONTROL","x":-12.58,"y":11.11}],"slots":[{"name":"shadiow","bone":"shadiow","attachment":"shadiow"},{"name":"coat","bone":"[RED] SKELETON CONTROL","attachment":"coat"},{"name":"leg_left","bone":"[RED] SKELETON CONTROL","attachment":"leg_left"},{"name":"leg_right","bone":"[RED] SKELETON CONTROL","attachment":"leg_right"},{"name":"arm_left","bone":"[RED] SKELETON CONTROL","attachment":"arm_left"},{"name":"torso","bone":"[RED] SKELETON CONTROL","attachment":"torso"},{"name":"arm_right_1","bone":"torso3","attachment":"arm_right_1"},{"name":"arm_right_2","bone":"torso4","attachment":"arm_right_2"},{"name":"shoulder_2","bone":"shoulder2","attachment":"shoulder_2"},{"name":"shoulder_1","bone":"shoulder1","attachment":"shoulder_1"},{"name":"head_eye_close","bone":"head","attachment":"head_eye_close"},{"name":"head_eye_open","bone":"head","attachment":"head_eye_open"},{"name":"javelin","bone":"javelin","attachment":"javelin"},{"name":"hand_1","bone":"hand_right","attachment":"hand_1"},{"name":"hand_2","bone":"hand_right"},{"name":"Javelin_thrower mini_2","bone":"root"}],"ik":[{"name":"arm_right_IK","bones":["torso3","torso4"],"target":"arm_right_IK","bendPositive":false},{"name":"javelin_IK","order":1,"bones":["javelin"],"target":"javelin_IK"},{"name":"leg_left_IK","order":3,"bones":["leg_left_1","leg_left_2"],"target":"leg_left_IK","bendPositive":false},{"name":"leg_right_IK","order":2,"bones":["leg_right_1","leg_right_2"],"target":"leg_right_IK"}],"skins":[{"name":"default","attachments":{"arm_left":{"arm_left":{"type":"mesh","uvs":[0,0.65929,0.04839,0.51375,0.19173,0.43437,0.29353,0.42775,0.32677,0.43437,0.35793,0.4079,0.49296,0.32521,0.6737,0.24582,0.84405,0,0.98947,0.03082,1,0.45091,0.87521,0.67914,0.72979,0.68245,0.59891,0.79822,0.45765,0.86107,0.3582,0.92322,0.23536,1,0.06293,1,0,0.78168],"triangles":[12,7,11,11,7,10,10,8,9,8,10,7,4,5,14,13,14,6,14,5,6,13,6,12,6,7,12,2,15,16,2,16,18,15,3,4,15,2,3,18,16,17,1,2,0,15,4,14,2,18,0],"vertices":[1,9,-20.38,11.45,1,1,9,-9.73,24.66,1,1,9,14.9,28.21,1,2,9,31.42,25.7,0.70619,10,-8.48,26.23,0.29381,2,9,36.64,23.99,0.50106,10,-3.51,23.89,0.49894,2,9,42.18,25.69,0.27159,10,2.2,24.9,0.72841,1,10,25.89,26.14,1,2,10,56.61,24.73,0.35546,11,7.96,22.71,0.64454,1,11,45.66,22.23,1,1,11,60.97,3.67,1,1,11,32.78,-29.2,1,2,10,74.2,-27.95,0.11334,11,1.78,-32.48,0.88666,2,10,51.42,-20.88,0.78906,11,-15.92,-16.49,0.21094,1,10,27.32,-25.57,1,2,9,49.34,-23.24,0.30453,10,3.28,-24.55,0.69547,2,9,32.11,-26.42,0.86227,10,-14.2,-25.58,0.13773,1,9,10.83,-30.35,1,1,9,-16.93,-24.96,1,1,9,-22.78,-0.92,1],"hull":19}},"arm_right_1":{"arm_right_1":{"type":"mesh","uvs":[1,1,0,1,0,0,1,0],"triangles":[1,2,3,1,3,0],"vertices":[32.92,49.52,112.53,-23.46,61.17,-79.48,-18.44,-6.5],"hull":4}},"arm_right_2":{"arm_right_2":{"type":"mesh","uvs":[1,1,0,1,0,0,1,0],"triangles":[1,2,3,1,3,0],"vertices":[-11.91,30.56,87.08,29.55,86.5,-27.45,-12.49,-26.44],"hull":4}},"coat":{"coat":{"type":"mesh","uvs":[0.00496,0.82909,0.0121,0.73387,0.06209,0.63271,0.12755,0.5363,0.19896,0.38752,0.2799,0.09473,0.4251,0,0.6441,0.02094,0.75598,0.15901,0.875,0.33992,0.96307,0.55772,1,0.78981,0.89523,0.76839,0.82739,0.88741,0.78811,0.84456,0.70123,0.96953,0.61553,0.88741,0.4977,1,0.46914,1,0.2799,0.82909,0.09899,0.92907,0.05971,0.816],"triangles":[13,14,12,12,14,10,12,10,11,10,14,9,15,16,14,14,16,9,9,16,19,8,9,4,20,21,19,21,2,19,0,1,21,21,1,2,17,18,16,18,19,16,2,3,19,3,4,19,19,4,9,8,4,7,6,7,5,5,7,4],"vertices":[1,27,51.75,-22.07,1,1,27,28.95,-31.41,1,2,26,47.17,-31.55,0.5254,27,-0.16,-31.55,0.4746,2,12,64.71,-27.56,0.09021,26,17.37,-27.56,0.90979,1,12,22.13,-28.25,1,2,5,117.15,56.77,0.60995,12,-54.77,-43.36,0.39005,2,5,132.37,14.71,0.93883,12,-93.38,-20.78,0.06117,2,5,114.17,-39.05,0.81436,13,-68.21,11.99,0.18564,2,5,72.88,-58.99,0.22034,13,-23.58,22.5,0.77966,1,13,31.8,29.87,1,1,29,3.98,25.92,1,1,29,62.04,8.47,1,1,29,45.32,-13.47,1,2,3,52.59,-60.43,0.07395,29,65.37,-42.58,0.92605,1,29,51.01,-46.9,1,2,26,51.15,154.81,0.18187,29,70.3,-81.1,0.81813,3,26,42.09,125.56,0.583,27,-5.24,125.56,0.06139,29,41.61,-91.81,0.35562,2,26,81.67,111.36,0.85121,27,34.33,111.36,0.14879,2,26,84.96,104.76,0.84702,27,37.63,104.76,0.15298,3,3,-88.66,-45.38,0.13784,26,67.36,41.37,0.39432,27,20.02,41.37,0.46784,1,27,63.97,11.16,1,1,27,42.41,-10.95,1],"hull":22}},"hand_1":{"hand_1":{"x":20.9,"y":-0.29,"rotation":-150.03,"width":66,"height":61}},"hand_2":{"hand_2":{"x":26.43,"y":-1.25,"rotation":-163.57,"width":67,"height":56}},"head_eye_close":{"head_eye_close":{"x":101.15,"y":16.28,"rotation":-104.53,"width":203,"height":215}},"head_eye_open":{"head_eye_open":{"x":101.05,"y":15.78,"rotation":-104.53,"width":203,"height":215}},"javelin":{"javelin":{"x":-50.82,"y":2.59,"rotation":91.58,"width":41,"height":548}},"leg_left":{"leg_left":{"type":"mesh","uvs":[0.26491,0.00001,0.57765,0.02527,0.69882,0.16286,0.71813,0.26579,0.73867,0.40346,0.74114,0.43031,0.74544,0.45042,0.74871,0.47747,0.75469,0.61934,0.76229,0.79989,0.77651,0.82518,0.80585,0.83231,0.97029,0.927,0.98864,0.98981,0.02501,0.9869,0.01441,0.86134,0.01579,0.84154,0.01698,0.82118,0.05803,0.6321,0.11093,0.48018,0.11439,0.46213,0.11637,0.44616,0.07888,0.28328,0.07971,0.13108],"triangles":[14,10,13,10,11,13,11,12,13,10,15,9,18,9,17,18,8,9,18,19,8,19,7,8,19,20,7,20,6,7,20,21,6,10,14,15,16,9,15,17,9,16,21,5,6,21,4,5,21,3,4,3,22,2,2,22,1,0,1,23,21,22,3,23,1,22],"vertices":[1,17,-14.82,-8.21,1,1,17,-5.38,18.32,1,1,17,19.74,24.53,1,1,17,37.36,22.93,1,1,17,60.82,20.33,1,1,17,65.38,19.69,1,2,17,68.83,19.42,0.49929,24,2.72,21.21,0.50071,2,17,73.42,18.85,0.11605,24,7.3,21.88,0.88395,3,17,97.36,14.84,0.06459,24,31.44,24.36,0.723,25,0.53,52.03,0.21241,2,24,62.16,27.52,0.52499,25,16.99,25.91,0.47501,2,24,66.37,29.13,0.32963,25,20.3,22.85,0.67037,2,24,67.37,31.83,0.23954,25,23.17,23.15,0.76046,1,25,44.05,16.79,1,1,25,50.98,8.43,1,2,24,99.32,-35.3,0.89689,25,-22.82,-35.27,0.10311,1,24,78,-37.98,1,1,24,74.61,-38.13,1,1,24,71.13,-38.3,1,1,24,38.61,-37.26,1,2,17,63.28,-37,0.14219,24,12.34,-34.67,0.85781,2,17,60.31,-36.13,0.2019,24,9.24,-34.61,0.7981,2,17,57.66,-35.44,0.26537,24,6.5,-34.65,0.73463,2,17,29.67,-33.52,0.85937,24,-20.99,-40.22,0.14063,1,17,4.12,-28.59,1],"hull":24}},"leg_right":{"leg_right":{"type":"mesh","uvs":[0.00895,0.92539,0.16011,0.82441,0.17136,0.81659,0.18015,0.80846,0.29817,0.60127,0.4615,0.40919,0.47661,0.39077,0.48593,0.36952,0.57003,0.19797,0.70324,0,0.89885,0,1,0.13814,0.97683,0.31008,0.92966,0.43583,0.87554,0.53242,0.86424,0.5476,0.8508,0.56649,0.76732,0.72039,0.67375,0.87219,0.62745,0.99039,0.01219,0.98695],"triangles":[20,1,19,1,2,19,2,3,19,19,3,18,20,0,1,14,7,13,3,4,18,18,4,17,4,5,17,17,5,16,16,5,6,16,6,15,14,15,7,15,6,7,13,7,8,12,13,9,9,13,8,11,12,9,11,9,10],"vertices":[1,23,51.15,-8.31,1,1,23,26.38,-15.47,1,2,22,82.44,-28.38,0.08409,23,24.52,-16.05,0.91591,2,22,80.79,-27.83,0.12556,23,22.95,-16.79,0.87444,1,22,44.76,-26.96,1,2,15,71.84,-17.78,0.40539,22,8.31,-19.54,0.59461,2,15,68.34,-17.35,0.5597,22,4.84,-18.89,0.4403,2,15,64.82,-17.82,0.71617,22,1.31,-19.15,0.28383,1,15,35.88,-20.53,1,2,14,-17.76,4.44,0.43544,15,0.16,-19.36,0.56456,2,14,8.65,4.44,0.77584,15,-12.37,3.88,0.22416,1,15,0.11,26.13,1,2,15,25.2,36.11,0.83542,22,-34.95,37.1,0.16458,2,15,45.49,39.82,0.50658,22,-14.48,39.56,0.49342,2,15,62.22,40.54,0.19398,22,2.27,39.26,0.80602,2,15,65.03,40.32,0.15285,22,5.06,38.87,0.84715,2,15,68.49,40.12,0.10648,22,8.49,38.46,0.89352,2,22,35.01,38.32,0.83935,23,-55.82,-0.47,0.16065,2,22,61.81,36.81,0.50278,23,-35.38,16.92,0.49722,2,22,81.17,38.89,0.44761,23,-22.8,31.77,0.55239,1,23,54.27,0.78,1],"hull":21}},"shadiow":{"shadiow":{"x":-1.42,"y":-5.11,"width":254,"height":94}},"shoulder_1":{"shoulder_1":{"x":0.15,"y":6.06,"rotation":-104.53,"width":62,"height":40}},"shoulder_2":{"shoulder_2":{"x":-13.07,"y":2.98,"rotation":-103.24,"width":48,"height":50}},"torso":{"torso":{"type":"mesh","uvs":[0.34573,0.09837,0.63054,0.11997,0.70484,0.25499,0.76321,0.38867,0.78444,0.48318,0.78371,0.5077,0.81729,0.57073,0.96101,0.72634,1,0.82479,0.86759,0.80318,0.72076,0.97871,0.63408,0.895,0.51732,0.97871,0.48548,0.94901,0.37049,1,0.27851,0.95711,0.2219,0.88015,0.11399,0.90175,0.08568,0.80724,0,0.81129,0.03085,0.72352,0.11576,0.6155,0.13932,0.57741,0.14583,0.5669,0.15114,0.46293,0.13876,0.33736,0.15821,0.23069,0.23959,0.13348,0.48771,0.25305,0.51681,0.33449,0.54914,0.44184,0.56854,0.53932,0.58956,0.6405,0.60236,0.72096],"triangles":[28,0,1,28,1,2,29,28,2,29,2,3,30,29,3,25,29,24,27,0,28,26,27,28,30,3,4,4,31,30,28,25,26,23,24,31,24,29,30,28,29,25,24,30,31,23,31,32,32,22,23,33,22,32,18,20,21,19,20,18,33,21,22,16,21,33,5,31,4,6,32,31,6,31,5,33,32,6,9,33,6,7,9,6,9,7,8,11,33,9,13,16,33,11,13,33,15,16,13,12,13,11,10,11,9,14,15,13,18,21,16,17,18,16],"vertices":[1,5,130.73,3.82,1,1,5,113.38,-46.81,1,2,4,125.32,-43.66,0.09395,5,77.99,-52.76,0.90605,2,4,91.4,-50.07,0.27414,5,43.61,-55.89,0.72586,2,4,67.92,-50.89,0.47567,5,20.16,-54.45,0.52433,2,4,61.98,-49.95,0.69254,5,14.35,-52.94,0.30746,2,4,45.84,-54.09,0.84097,5,-2.12,-55.51,0.15903,1,4,4.44,-75.59,1,2,3,82.12,-8.55,0.07475,4,-20.44,-79.57,0.92525,3,3,57.36,-3.26,0.25614,4,-11.86,-55.75,0.61334,5,-59.71,-51.62,0.13053,2,3,29.91,-46.26,0.29066,4,-50.78,-22.75,0.70934,2,3,13.7,-25.75,0.33205,4,-28.28,-9.45,0.66795,2,3,-8.14,-46.26,0.24249,4,-45.66,14.94,0.75751,2,3,-14.09,-38.98,0.32013,4,-37.65,19.86,0.67987,2,3,-35.59,-51.48,0.18157,4,-47.13,42.85,0.81843,3,3,-52.8,-40.97,0.40665,4,-34.41,58.48,0.46552,5,-71.19,64.24,0.12783,3,3,-63.38,-22.11,0.45432,4,-14.3,66.44,0.32832,5,-50.41,70.23,0.21736,3,3,-83.56,-27.4,0.40029,4,-16.83,87.14,0.32305,5,-50.94,91.08,0.27665,3,3,-88.85,-4.25,0.43772,4,6.83,89.27,0.19468,5,-27.19,90.93,0.36759,3,3,-104.88,-5.24,0.46481,4,8,105.28,0.08465,5,-24.49,106.76,0.45054,2,3,-99.11,16.26,0.44789,5,-4.88,96.22,0.55211,2,3,-83.23,42.73,0.37047,5,17.25,74.7,0.62953,3,3,-78.82,52.06,0.27036,4,61.27,71.76,0.20013,5,25.32,68.27,0.52951,2,3,-77.61,54.63,0.2093,5,27.55,66.5,0.7907,2,3,-76.61,80.11,0.12239,5,52.12,59.7,0.87761,1,5,82.6,54.9,1,1,5,107.2,45.38,1,1,5,126.9,25.11,1,2,4,131.25,-3.49,0.12801,5,87.76,-13.35,0.87199,2,4,110.75,-6.2,0.29193,5,67.09,-14.07,0.70807,2,4,83.88,-8.65,0.40428,5,40.1,-13.93,0.59572,3,3,1.44,61.39,0.11643,4,59.72,-9.03,0.41489,5,16.02,-12,0.46868,3,3,5.37,36.6,0.19652,4,34.63,-9.59,0.44273,5,-9.01,-10.14,0.36075,3,3,7.76,16.89,0.26132,4,14.77,-9.31,0.46285,5,-28.74,-7.96,0.27583],"hull":28}}}}],"events":{"finished_attacking":{}},"animations":{"attack_above":{"slots":{"hand_1":{"attachment":[{"name":null}]},"hand_2":{"attachment":[{"name":"hand_2"}]},"head_eye_open":{"attachment":[{"time":0.8333,"name":null},{"time":0.9333,"name":"head_eye_open"}]},"javelin":{"attachment":[{"time":0.3333,"name":null},{"time":1,"name":"javelin"}]}},"bones":{"[BLUE] HIP":{"rotate":[{},{"time":0.1667,"angle":10.95},{"time":0.4333,"angle":-21.44},{"time":1}],"translate":[{},{"time":0.1667,"x":-12.22,"y":-5.61},{"time":0.4333,"x":22.23,"y":-9.32},{"time":0.7667,"x":-12.22,"y":-5.61},{"time":1}]},"foot_right":{"rotate":[{"angle":-34.16},{"time":0.1667,"angle":-31.86},{"time":0.6333,"angle":-20.92},{"time":0.8333,"angle":-39.12},{"time":1,"angle":-34.16}]},"head":{"rotate":[{},{"time":0.4333,"angle":-18.4},{"time":1}]},"javelin_IK":{"rotate":[{},{"time":0.2333,"angle":148.88},{"time":1}],"translate":[{"x":-126.63,"y":65.44},{"time":0.1667,"x":-195.42,"y":100.98},{"time":0.2333,"x":-153.18,"y":307.41},{"time":1,"x":-126.63,"y":65.44}]},"javelin":{"rotate":[{"angle":-61.98}],"translate":[{"x":11.59,"y":-41.65},{"time":0.1,"x":11.94,"y":-40.84},{"time":0.3,"x":33.17,"y":-31.46},{"time":1,"x":11.59,"y":-41.65}]},"coat_right":{"rotate":[{},{"time":0.2333,"angle":13.38},{"time":0.5,"angle":-5.78},{"time":0.7667,"angle":-6.37},{"time":1}]},"coat_right2":{"rotate":[{"angle":0.8},{"time":0.2333,"angle":14.17},{"time":0.5667,"angle":37.06},{"time":0.8,"angle":-8.1},{"time":1,"angle":0.8}]},"coat_right3":{"rotate":[{"angle":1.59},{"time":0.2333,"angle":14.97},{"time":0.6,"angle":-15.19},{"time":0.8667,"angle":5.36},{"time":1,"angle":1.59}]},"coat_left":{"rotate":[{},{"time":0.1667,"angle":-7.3},{"time":0.4333,"angle":8.41},{"time":1}]},"coat_left2":{"rotate":[{"angle":0.46},{"time":0.2,"angle":26.02},{"time":0.5,"angle":-28.98},{"time":1,"angle":0.46}]},"coat_left3":{"rotate":[{"angle":0.67},{"time":0.2667,"angle":-30.88},{"time":0.5667,"angle":-5.96},{"time":1,"angle":0.67}]},"leg_right_IK":{"translate":[{"x":28.54,"y":-1.3},{"time":0.1667,"x":-2.6,"y":-1.98},{"time":0.4333,"x":15.91,"y":19.29},{"time":0.6333,"x":-21.15,"y":28.05},{"time":0.7667,"x":28.42,"y":-4.67},{"time":1,"x":28.54,"y":-1.3}]},"leg_left_IK":{"translate":[{},{"time":0.2,"y":0.86},{"time":0.3667,"x":4.83,"y":-6.87},{"time":0.4333,"x":6.04,"y":-17.44},{"time":1}]},"arm_left_1":{"rotate":[{"angle":2.77},{"time":0.1667,"angle":15.66},{"time":0.5667,"angle":-10.51},{"time":0.7667,"angle":1.23},{"time":1,"angle":2.77}]},"arm_left_2":{"rotate":[{"angle":53.8},{"time":0.1667,"angle":92.59},{"time":0.2333,"angle":97.31},{"time":0.3667,"angle":71},{"time":0.8,"angle":74.36},{"time":1,"angle":53.8}]},"hand_left":{"rotate":[{"angle":38.17},{"time":0.2,"angle":38.1},{"time":0.5333,"angle":12.05},{"time":0.7667,"angle":12.5},{"time":1,"angle":38.17}]},"arm_right_IK":{"translate":[{"x":4.69,"y":23.36},{"time":0.1667,"x":-10.15,"y":3.01},{"time":0.2,"x":74.05,"y":-46.83},{"time":0.4,"x":233.18,"y":-97.21},{"time":0.5333,"x":219.44,"y":-4.18},{"time":0.6,"x":103.65,"y":72.68},{"time":1,"x":4.69,"y":23.36}]},"hand_right":{"rotate":[{"angle":47.85}],"translate":[{"x":-1.32,"y":-6.71},{"time":0.2,"x":-1.45,"y":2.06},{"time":1,"x":-1.32,"y":-6.71}]},"leg_right_control":{"translate":[{},{"time":0.2667,"x":0.4,"y":11.93},{"time":0.5,"x":-4.12,"y":-3.7},{"time":0.7667,"x":5.16,"y":-1.82},{"time":1}]},"leg_left_control":{"translate":[{},{"time":0.2,"x":-2.38,"y":-3.75},{"time":0.3333,"x":3.57,"y":-4.8},{"time":0.5,"x":-1.64,"y":-9.75},{"time":0.6333,"x":-3.71,"y":-6.19},{"time":1}]},"foot_left":{"rotate":[{},{"time":0.2333,"angle":0.75},{"time":0.3667,"angle":30.41},{"time":0.4333,"angle":36.86},{"time":0.5333,"angle":29.74},{"time":0.6333,"angle":23.81},{"time":1}],"scale":[{},{"time":0.4333,"y":1.772},{"time":0.5,"y":1.743},{"time":1}]},"torso1":{"rotate":[{},{"time":0.1667,"angle":3.04},{"time":0.5,"angle":-18.09},{"time":1}]},"torso2":{"rotate":[{},{"time":0.5,"angle":-6},{"time":1}]},"torso3":{"translate":[{},{"time":0.2667,"x":-1.02,"y":15.27},{"time":0.3,"x":-0.44,"y":22.12},{"time":0.6333,"x":-0.33,"y":-2.76},{"time":0.7,"x":-4.77,"y":3.62},{"time":1}]}},"ik":{"arm_right_IK":[{"bendPositive":false,"stretch":true,"curve":"stepped"},{"time":0.2,"curve":"stepped"},{"time":0.5667,"bendPositive":false}],"leg_right_IK":[{"stretch":true}]},"drawOrder":[{"time":0.0333,"offsets":[{"slot":"arm_right_2","offset":5}]},{"time":0.1667,"offsets":[{"slot":"arm_right_2","offset":4}]},{"time":0.2333,"offsets":[{"slot":"arm_right_1","offset":5},{"slot":"arm_right_2","offset":5}]},{"time":0.8667,"offsets":[{"slot":"arm_right_2","offset":5}]},{"time":1}],"events":[{"time":0.3333,"name":"finished_attacking"}]},"attack_below":{"slots":{"hand_1":{"attachment":[{"name":null}]},"hand_2":{"attachment":[{"name":"hand_2"}]},"head_eye_open":{"attachment":[{"time":0.8333,"name":null},{"time":0.9333,"name":"head_eye_open"}]},"javelin":{"attachment":[{"time":0.3333,"name":null},{"time":1,"name":"javelin"}]}},"bones":{"[BLUE] HIP":{"rotate":[{},{"time":0.1667,"angle":10.95},{"time":0.4333,"angle":-21.44},{"time":1}],"translate":[{},{"time":0.1667,"x":-12.22,"y":-5.61},{"time":0.4333,"x":22.23,"y":-9.32},{"time":0.7667,"x":-12.22,"y":-5.61},{"time":1}]},"foot_right":{"rotate":[{"angle":-34.16},{"time":0.1667,"angle":-31.86},{"time":0.6333,"angle":-20.92},{"time":0.8333,"angle":-39.12},{"time":1,"angle":-34.16}]},"head":{"rotate":[{},{"time":0.1,"angle":14.82},{"time":0.3,"angle":-1.12},{"time":0.4333,"angle":-18.4},{"time":0.8333,"angle":-6.07},{"time":0.9,"angle":-0.56},{"time":1}]},"javelin_IK":{"translate":[{"x":-126.63,"y":65.44},{"time":0.1667,"x":-195.42,"y":100.98},{"time":1,"x":-126.63,"y":65.44}]},"javelin":{"rotate":[{"angle":-61.98}],"translate":[{"x":11.59,"y":-41.65},{"time":0.1,"x":11.94,"y":-40.84},{"time":0.1667,"x":16.03,"y":-44.66},{"time":0.3,"x":33.17,"y":-31.46},{"time":1,"x":11.59,"y":-41.65}]},"coat_right":{"rotate":[{},{"time":0.2333,"angle":13.38},{"time":0.5,"angle":-5.78},{"time":0.7667,"angle":-6.37},{"time":1}]},"coat_right2":{"rotate":[{"angle":0.8},{"time":0.2333,"angle":14.17},{"time":0.5667,"angle":23.72},{"time":0.8,"angle":-8.1},{"time":1,"angle":0.8}]},"coat_right3":{"rotate":[{"angle":1.59},{"time":0.2333,"angle":14.97},{"time":0.6,"angle":20.73},{"time":0.8667,"angle":5.36},{"time":1,"angle":1.59}]},"coat_left":{"rotate":[{},{"time":0.1667,"angle":-7.3},{"time":0.4333,"angle":8.41},{"time":1}]},"coat_left2":{"rotate":[{"angle":0.46},{"time":0.2,"angle":14.89},{"time":0.5,"angle":-4.77},{"time":1,"angle":0.46}]},"coat_left3":{"rotate":[{"angle":0.67},{"time":0.2667,"angle":-15.33},{"time":0.5667,"angle":-1.66},{"time":1,"angle":0.67}]},"leg_right_IK":{"translate":[{"x":28.54,"y":-1.3},{"time":0.1667,"x":-2.6,"y":-1.98},{"time":0.4333,"x":15.91,"y":19.29},{"time":0.6333,"x":-23.13,"y":27.06},{"time":0.7667,"x":28.42,"y":-4.67},{"time":1,"x":28.54,"y":-1.3}]},"leg_left_IK":{"translate":[{},{"time":0.2,"y":0.86},{"time":0.3667,"x":4.83,"y":-6.87},{"time":0.4333,"x":6.04,"y":-17.44},{"time":1}]},"arm_left_1":{"rotate":[{"angle":2.77},{"time":0.1667,"angle":15.66},{"time":0.5667,"angle":-10.51},{"time":1,"angle":2.77}]},"arm_left_2":{"rotate":[{"angle":53.8},{"time":0.1667,"angle":92.59},{"time":0.2333,"angle":97.31},{"time":0.3667,"angle":71},{"time":0.5667,"angle":70.49},{"time":1,"angle":53.8}],"scale":[{"time":0.1667},{"time":0.6667,"x":0.804,"y":0.804,"curve":"stepped"},{"time":0.9333,"x":0.804,"y":0.804},{"time":1}]},"hand_left":{"rotate":[{"angle":38.17},{"time":0.2,"angle":38.1},{"time":0.5333,"angle":12.05},{"time":0.7667,"angle":12.5},{"time":1,"angle":38.17}]},"arm_right_IK":{"translate":[{"x":4.69,"y":23.36},{"time":0.0333,"x":0.81,"y":18.58},{"time":0.1667,"x":-10.15,"y":3.01},{"time":0.2667,"x":116.28,"y":61.75},{"time":0.3333,"x":236.58,"y":69.92},{"time":0.4,"x":271.87,"y":72.34},{"time":0.6667,"x":130.94,"y":68.5},{"time":0.8333,"x":28.28,"y":40.37},{"time":1,"x":4.69,"y":23.36}]},"hand_right":{"rotate":[{"angle":47.85}],"translate":[{"x":-1.32,"y":-6.71},{"time":0.2,"x":-1.45,"y":2.06},{"time":1,"x":-1.32,"y":-6.71}]},"leg_right_control":{"translate":[{},{"time":0.2667,"x":0.4,"y":11.93},{"time":0.5,"x":-4.12,"y":-3.7},{"time":0.7667,"x":5.16,"y":-1.82},{"time":1}]},"leg_left_control":{"translate":[{},{"time":0.2,"x":-2.38,"y":-3.75},{"time":0.3333,"x":3.57,"y":-4.8},{"time":0.5,"x":-1.64,"y":-9.75},{"time":0.6333,"x":-3.71,"y":-6.19},{"time":1}]},"foot_left":{"rotate":[{},{"time":0.2333,"angle":0.75},{"time":0.3667,"angle":30.41},{"time":0.4333,"angle":36.86},{"time":0.5333,"angle":29.74},{"time":0.6333,"angle":23.81},{"time":1}],"scale":[{},{"time":0.4333,"y":1.772},{"time":0.5,"y":1.743},{"time":1}]},"torso1":{"rotate":[{},{"time":0.1667,"angle":3.04},{"time":0.5,"angle":-18.09},{"time":1}]},"torso2":{"rotate":[{},{"time":0.5,"angle":-6},{"time":1}]},"torso3":{"translate":[{},{"time":0.2667,"x":-16.05,"y":3.04},{"time":0.3,"x":-29.65,"y":32.37},{"time":1}]}},"ik":{"arm_right_IK":[{"bendPositive":false,"stretch":true}],"leg_right_IK":[{"stretch":true}]},"drawOrder":[{"time":0.0333,"offsets":[{"slot":"arm_right_2","offset":5}]},{"time":0.2333,"offsets":[{"slot":"arm_right_1","offset":5},{"slot":"arm_right_2","offset":5}]},{"time":0.8667,"offsets":[{"slot":"arm_right_2","offset":5}]},{"time":1}],"events":[{"time":0.3333,"name":"finished_attacking"}]},"die":{"slots":{"hand_1":{"attachment":[{"time":0.5667,"name":null}]},"hand_2":{"attachment":[{"time":0.5667,"name":"hand_2"}]},"head_eye_open":{"attachment":[{"time":0.4333,"name":null}]},"javelin":{"color":[{"time":0.5667,"color":"ffffffff"},{"time":0.6667,"color":"ffffff00"}]}},"bones":{"[BLUE] HIP":{"rotate":[{},{"time":0.3333,"angle":73.19},{"time":0.5667,"angle":79.37}],"translate":[{},{"time":0.3333,"x":-112.91,"y":-60.22},{"time":0.4333,"x":-92.25,"y":-29.77},{"time":0.5667,"x":-121.61,"y":-83.05}]},"foot_right":{"rotate":[{"angle":-15.65},{"time":0.3333,"angle":2.64}],"translate":[{},{"time":0.3333,"x":1.72,"y":-1.86}]},"head":{"rotate":[{},{"time":0.0667,"angle":-16.88},{"time":0.3333,"angle":-28.12},{"time":0.4,"angle":11.75},{"time":0.4667,"angle":-27.43}]},"leg_right_1":{"rotate":[{"angle":-5.79},{"time":0.8333,"angle":21.62}],"translate":[{"x":27.56}]},"javelin_IK":{"translate":[{},{"time":0.3333,"x":141.35,"y":-115.26},{"time":0.5,"x":133.12,"y":-72.27}]},"javelin":{"rotate":[{"angle":-0.23},{"time":0.8333,"angle":14.7}],"translate":[{},{"time":0.3333,"x":-11.56,"y":-8.21},{"time":0.4333,"x":-53.62,"y":-37.29},{"time":0.5,"x":-35.04,"y":42.06}]},"coat_right2":{"rotate":[{"angle":0.8}]},"coat_right3":{"rotate":[{"angle":1.59}]},"coat_left2":{"rotate":[{"angle":0.46}]},"coat_left3":{"rotate":[{"angle":0.67}]},"leg_right_IK":{"translate":[{"x":38.71,"y":-2.15},{"time":0.1667,"x":112.6,"y":3.76},{"time":0.3333,"x":121.93,"y":14.23},{"time":0.8333,"x":117.56,"y":-17.09}]},"leg_left_IK":{"translate":[{},{"time":0.3333,"x":-54.13,"y":87.68},{"time":0.4333,"x":-48.04,"y":48.87},{"time":0.5333,"x":-57.17,"y":71.7},{"time":0.6,"x":-63.26,"y":41.26}]},"leg_right_control":{"translate":[{},{"time":0.2,"x":0.77,"y":7.41},{"time":0.3333,"x":1.01,"y":-18.61}]},"arm_right_IK":{"translate":[{},{"time":0.3333,"x":-111.91,"y":-267.76}]},"arm_left_1":{"rotate":[{},{"time":0.2333,"angle":-5.56},{"time":0.4,"angle":-29.84}]},"arm_left_2":{"rotate":[{},{"time":0.2333,"angle":67.43},{"time":0.4,"angle":42.56}],"scale":[{"time":0.5},{"time":0.5333,"x":0.767,"y":0.767}]},"hand_left":{"rotate":[{},{"time":0.2333,"angle":45.81},{"time":0.4,"angle":47.63}]},"hand_right":{"rotate":[{"time":0.5},{"time":0.5667,"angle":35.55}]},"shadiow":{"translate":[{},{"time":0.6333,"x":-179.62}],"scale":[{},{"time":0.6333,"x":2.214,"y":1.223}]}},"ik":{"leg_right_IK":[{"stretch":true}]},"drawOrder":[{"time":0.5333,"offsets":[{"slot":"shoulder_1","offset":-3}]},{"time":1.1667,"offsets":[{"slot":"shoulder_1","offset":-3}]}]},"idle":{"slots":{"head_eye_open":{"attachment":[{"time":0.7667,"name":null},{"time":0.8333,"name":"head_eye_open"}]}},"bones":{"[BLUE] HIP":{"rotate":[{},{"time":0.7,"angle":-1.72},{"time":1.1667}],"translate":[{},{"time":0.7,"x":-11.61,"y":-2.32},{"time":1.1667}]},"foot_right":{"rotate":[{"angle":-15.65},{"time":0.7333,"angle":-28.26},{"time":1.1667,"angle":-15.65}]},"head":{"rotate":[{},{"time":0.6,"angle":-8.24},{"time":1.1667}],"translate":[{},{"time":0.6,"x":-7.09,"y":-0.3},{"time":1.1667}]},"shoulder1":{"translate":[{},{"time":0.6,"x":-4.71,"y":2.73},{"time":1.1667}]},"leg_right_1":{"rotate":[{"angle":-5.79}],"translate":[{"x":27.56}]},"javelin":{"rotate":[{"angle":-0.23}]},"coat_right":{"rotate":[{},{"time":0.4,"angle":-3.42},{"time":0.8,"angle":4.38},{"time":1.1667}]},"coat_right2":{"rotate":[{"angle":0.8},{"time":0.0667},{"time":0.4667,"angle":-9.56},{"time":0.8667,"angle":4.38},{"time":1.1667,"angle":0.8}]},"coat_right3":{"rotate":[{"angle":1.59},{"time":0.1333,"angle":10.11},{"time":0.5333,"angle":-3.42},{"time":0.9333,"angle":4.38},{"time":1.1667,"angle":1.59}]},"coat_left":{"rotate":[{},{"time":0.4667,"angle":-10.64},{"time":1.1667}]},"coat_left2":{"rotate":[{"angle":0.46},{"time":0.1333},{"time":0.6,"angle":-10.64},{"time":1.1667,"angle":0.46}]},"coat_left3":{"rotate":[{"angle":0.67},{"time":0.1667},{"time":0.6333,"angle":-10.64},{"time":1.1667,"angle":0.67}]},"leg_right_IK":{"translate":[{"x":38.71,"y":-2.15}]}}}}}