{"textures":[{"image":"gameplay-resources-32-default.png","format":"RGBA8888","size":{"w":438,"h":438},"scale":1,"frames":[{"filename":"gem/block_gradient/block_color1","rotated":false,"trimmed":false,"sourceSize":{"w":71,"h":71},"spriteSourceSize":{"x":0,"y":0,"w":71,"h":71},"frame":{"x":1,"y":1,"w":71,"h":71}},{"filename":"gem/block_gradient/block_color2","rotated":false,"trimmed":false,"sourceSize":{"w":71,"h":71},"spriteSourceSize":{"x":0,"y":0,"w":71,"h":71},"frame":{"x":74,"y":1,"w":71,"h":71}},{"filename":"gem/block_gradient/block_color3","rotated":false,"trimmed":false,"sourceSize":{"w":71,"h":71},"spriteSourceSize":{"x":0,"y":0,"w":71,"h":71},"frame":{"x":147,"y":1,"w":71,"h":71}},{"filename":"gem/block_gradient/block_color4","rotated":false,"trimmed":false,"sourceSize":{"w":71,"h":71},"spriteSourceSize":{"x":0,"y":0,"w":71,"h":71},"frame":{"x":220,"y":1,"w":71,"h":71}},{"filename":"gem/block_gradient/block_color5","rotated":false,"trimmed":false,"sourceSize":{"w":71,"h":71},"spriteSourceSize":{"x":0,"y":0,"w":71,"h":71},"frame":{"x":293,"y":1,"w":71,"h":71}},{"filename":"gem/block_gradient/block_color6","rotated":false,"trimmed":false,"sourceSize":{"w":71,"h":71},"spriteSourceSize":{"x":0,"y":0,"w":71,"h":71},"frame":{"x":366,"y":1,"w":71,"h":71}},{"filename":"gem/block_gradient/block_color7","rotated":false,"trimmed":false,"sourceSize":{"w":71,"h":71},"spriteSourceSize":{"x":0,"y":0,"w":71,"h":71},"frame":{"x":1,"y":74,"w":71,"h":71}},{"filename":"gem/block_gradient/block_color8","rotated":false,"trimmed":false,"sourceSize":{"w":71,"h":71},"spriteSourceSize":{"x":0,"y":0,"w":71,"h":71},"frame":{"x":74,"y":74,"w":71,"h":71}},{"filename":"gem/block_gradient/block_color9","rotated":false,"trimmed":false,"sourceSize":{"w":71,"h":71},"spriteSourceSize":{"x":0,"y":0,"w":71,"h":71},"frame":{"x":147,"y":74,"w":71,"h":71}},{"filename":"gem/block_gradient/block_color10","rotated":false,"trimmed":false,"sourceSize":{"w":71,"h":71},"spriteSourceSize":{"x":0,"y":0,"w":71,"h":71},"frame":{"x":220,"y":74,"w":71,"h":71}},{"filename":"gem/diamond/diamond-10","rotated":false,"trimmed":false,"sourceSize":{"w":71,"h":71},"spriteSourceSize":{"x":0,"y":0,"w":71,"h":71},"frame":{"x":293,"y":74,"w":71,"h":71}},{"filename":"gem/diamond/diamond-10_light","rotated":false,"trimmed":false,"sourceSize":{"w":71,"h":71},"spriteSourceSize":{"x":0,"y":0,"w":71,"h":71},"frame":{"x":366,"y":74,"w":71,"h":71}},{"filename":"gem/diamond/diamond-11","rotated":false,"trimmed":false,"sourceSize":{"w":71,"h":71},"spriteSourceSize":{"x":0,"y":0,"w":71,"h":71},"frame":{"x":1,"y":147,"w":71,"h":71}},{"filename":"gem/diamond/diamond-11_light","rotated":false,"trimmed":false,"sourceSize":{"w":71,"h":71},"spriteSourceSize":{"x":0,"y":0,"w":71,"h":71},"frame":{"x":74,"y":147,"w":71,"h":71}},{"filename":"gem/diamond/diamond-12","rotated":false,"trimmed":false,"sourceSize":{"w":71,"h":71},"spriteSourceSize":{"x":0,"y":0,"w":71,"h":71},"frame":{"x":147,"y":147,"w":71,"h":71}},{"filename":"gem/diamond/diamond-12_light","rotated":false,"trimmed":false,"sourceSize":{"w":71,"h":71},"spriteSourceSize":{"x":0,"y":0,"w":71,"h":71},"frame":{"x":220,"y":147,"w":71,"h":71}},{"filename":"gem/diamond/diamond-13","rotated":false,"trimmed":false,"sourceSize":{"w":71,"h":71},"spriteSourceSize":{"x":0,"y":0,"w":71,"h":71},"frame":{"x":293,"y":147,"w":71,"h":71}},{"filename":"gem/diamond/diamond-13_light","rotated":false,"trimmed":false,"sourceSize":{"w":71,"h":71},"spriteSourceSize":{"x":0,"y":0,"w":71,"h":71},"frame":{"x":366,"y":147,"w":71,"h":71}},{"filename":"gem/diamond/diamond-14","rotated":false,"trimmed":false,"sourceSize":{"w":71,"h":71},"spriteSourceSize":{"x":0,"y":0,"w":71,"h":71},"frame":{"x":1,"y":220,"w":71,"h":71}},{"filename":"gem/diamond/diamond-14_light","rotated":false,"trimmed":false,"sourceSize":{"w":71,"h":71},"spriteSourceSize":{"x":0,"y":0,"w":71,"h":71},"frame":{"x":74,"y":220,"w":71,"h":71}},{"filename":"gem/diamond/diamond-15","rotated":false,"trimmed":false,"sourceSize":{"w":71,"h":71},"spriteSourceSize":{"x":0,"y":0,"w":71,"h":71},"frame":{"x":147,"y":220,"w":71,"h":71}},{"filename":"gem/diamond/diamond-15_light","rotated":false,"trimmed":false,"sourceSize":{"w":71,"h":71},"spriteSourceSize":{"x":0,"y":0,"w":71,"h":71},"frame":{"x":220,"y":220,"w":71,"h":71}},{"filename":"gem/gem","rotated":false,"trimmed":false,"sourceSize":{"w":71,"h":71},"spriteSourceSize":{"x":0,"y":0,"w":71,"h":71},"frame":{"x":293,"y":220,"w":71,"h":71}},{"filename":"gem/gem_glare","rotated":false,"trimmed":false,"sourceSize":{"w":71,"h":71},"spriteSourceSize":{"x":0,"y":0,"w":71,"h":71},"frame":{"x":366,"y":220,"w":71,"h":71}},{"filename":"gem/gem_highlight","rotated":false,"trimmed":false,"sourceSize":{"w":71,"h":71},"spriteSourceSize":{"x":0,"y":0,"w":71,"h":71},"frame":{"x":1,"y":293,"w":71,"h":71}},{"filename":"gem/gem_light","rotated":false,"trimmed":false,"sourceSize":{"w":71,"h":71},"spriteSourceSize":{"x":0,"y":0,"w":71,"h":71},"frame":{"x":74,"y":293,"w":71,"h":71}},{"filename":"gem/gem_silver","rotated":false,"trimmed":false,"sourceSize":{"w":71,"h":71},"spriteSourceSize":{"x":0,"y":0,"w":71,"h":71},"frame":{"x":147,"y":293,"w":71,"h":71}},{"filename":"gem/gem_transparent","rotated":false,"trimmed":true,"sourceSize":{"w":71,"h":71},"spriteSourceSize":{"x":0,"y":0,"w":3,"h":3},"frame":{"x":220,"y":293,"w":3,"h":3}},{"filename":"gem/gem_white","rotated":false,"trimmed":false,"sourceSize":{"w":71,"h":71},"spriteSourceSize":{"x":0,"y":0,"w":71,"h":71},"frame":{"x":225,"y":293,"w":71,"h":71}}]}],"meta":{"app":"https://www.codeandweb.com/texturepacker","version":"3.0","smartupdate":"$TexturePacker:SmartUpdate:bc88979405f00bc11152a434bef1d6f2:7ea34fa7043f70f8763472f702cec0f9:ec6239479e9e3a22c554b9c3beafd09f$"}}