{"textures":[{"image":"gameplay-resources.png","format":"RGBA8888","size":{"w":829,"h":857},"scale":1,"frames":[{"filename":"icons/star","rotated":false,"trimmed":false,"sourceSize":{"w":12,"h":12},"spriteSourceSize":{"x":0,"y":0,"w":12,"h":12},"frame":{"x":1,"y":1,"w":12,"h":12}},{"filename":"dust","rotated":false,"trimmed":false,"sourceSize":{"w":15,"h":16},"spriteSourceSize":{"x":0,"y":0,"w":15,"h":16},"frame":{"x":15,"y":1,"w":15,"h":16}},{"filename":"progress/bar-left","rotated":false,"trimmed":true,"sourceSize":{"w":25,"h":25},"spriteSourceSize":{"x":2,"y":2,"w":23,"h":21},"frame":{"x":32,"y":1,"w":23,"h":21}},{"filename":"progress/bar-mid","rotated":false,"trimmed":true,"sourceSize":{"w":25,"h":25},"spriteSourceSize":{"x":0,"y":2,"w":25,"h":21},"frame":{"x":57,"y":1,"w":25,"h":21}},{"filename":"progress/bar-right","rotated":false,"trimmed":true,"sourceSize":{"w":25,"h":25},"spriteSourceSize":{"x":0,"y":2,"w":23,"h":21},"frame":{"x":84,"y":1,"w":23,"h":21}},{"filename":"progress/bar-right-white","rotated":false,"trimmed":true,"sourceSize":{"w":25,"h":25},"spriteSourceSize":{"x":0,"y":2,"w":24,"h":22},"frame":{"x":109,"y":1,"w":24,"h":22}},{"filename":"progress/bg-left","rotated":false,"trimmed":false,"sourceSize":{"w":25,"h":25},"spriteSourceSize":{"x":0,"y":0,"w":25,"h":25},"frame":{"x":135,"y":1,"w":25,"h":25}},{"filename":"progress/bg-mid","rotated":false,"trimmed":false,"sourceSize":{"w":25,"h":25},"spriteSourceSize":{"x":0,"y":0,"w":25,"h":25},"frame":{"x":162,"y":1,"w":25,"h":25}},{"filename":"progress/bg-right","rotated":false,"trimmed":false,"sourceSize":{"w":25,"h":25},"spriteSourceSize":{"x":0,"y":0,"w":25,"h":25},"frame":{"x":189,"y":1,"w":25,"h":25}},{"filename":"text/next-level","rotated":false,"trimmed":false,"sourceSize":{"w":192,"h":25},"spriteSourceSize":{"x":0,"y":0,"w":192,"h":25},"frame":{"x":216,"y":1,"w":192,"h":25}},{"filename":"icons/star-1","rotated":false,"trimmed":false,"sourceSize":{"w":27,"h":26},"spriteSourceSize":{"x":0,"y":0,"w":27,"h":26},"frame":{"x":410,"y":1,"w":27,"h":26}},{"filename":"mask","rotated":false,"trimmed":false,"sourceSize":{"w":29,"h":29},"spriteSourceSize":{"x":0,"y":0,"w":29,"h":29},"frame":{"x":439,"y":1,"w":29,"h":29}},{"filename":"icons/check","rotated":false,"trimmed":false,"sourceSize":{"w":44,"h":35},"spriteSourceSize":{"x":0,"y":0,"w":44,"h":35},"frame":{"x":470,"y":1,"w":44,"h":35}},{"filename":"icons/cup","rotated":false,"trimmed":false,"sourceSize":{"w":42,"h":35},"spriteSourceSize":{"x":0,"y":0,"w":42,"h":35},"frame":{"x":516,"y":1,"w":42,"h":35}},{"filename":"icons/battle","rotated":false,"trimmed":false,"sourceSize":{"w":44,"h":41},"spriteSourceSize":{"x":0,"y":0,"w":44,"h":41},"frame":{"x":560,"y":1,"w":44,"h":41}},{"filename":"icons/setting","rotated":false,"trimmed":false,"sourceSize":{"w":42,"h":41},"spriteSourceSize":{"x":0,"y":0,"w":42,"h":41},"frame":{"x":606,"y":1,"w":42,"h":41}},{"filename":"flag","rotated":false,"trimmed":false,"sourceSize":{"w":32,"h":43},"spriteSourceSize":{"x":0,"y":0,"w":32,"h":43},"frame":{"x":650,"y":1,"w":32,"h":43}},{"filename":"icons/add-friends","rotated":false,"trimmed":false,"sourceSize":{"w":46,"h":45},"spriteSourceSize":{"x":0,"y":0,"w":46,"h":45},"frame":{"x":684,"y":1,"w":46,"h":45}},{"filename":"icons/home","rotated":false,"trimmed":false,"sourceSize":{"w":53,"h":46},"spriteSourceSize":{"x":0,"y":0,"w":53,"h":46},"frame":{"x":732,"y":1,"w":53,"h":46}},{"filename":"cup-glare","rotated":false,"trimmed":false,"sourceSize":{"w":55,"h":54},"spriteSourceSize":{"x":0,"y":0,"w":55,"h":54},"frame":{"x":1,"y":49,"w":55,"h":54}},{"filename":"avatars/background","rotated":false,"trimmed":false,"sourceSize":{"w":63,"h":63},"spriteSourceSize":{"x":0,"y":0,"w":63,"h":63},"frame":{"x":58,"y":49,"w":63,"h":63}},{"filename":"avatars/border","rotated":false,"trimmed":false,"sourceSize":{"w":72,"h":71},"spriteSourceSize":{"x":0,"y":0,"w":72,"h":71},"frame":{"x":123,"y":49,"w":72,"h":71}},{"filename":"bg-main-score","rotated":false,"trimmed":false,"sourceSize":{"w":276,"h":71},"spriteSourceSize":{"x":0,"y":0,"w":276,"h":71},"frame":{"x":197,"y":49,"w":276,"h":71}},{"filename":"bg-score","rotated":false,"trimmed":false,"sourceSize":{"w":276,"h":71},"spriteSourceSize":{"x":0,"y":0,"w":276,"h":71},"frame":{"x":197,"y":49,"w":276,"h":71}},{"filename":"violet-glow","rotated":false,"trimmed":false,"sourceSize":{"w":74,"h":74},"spriteSourceSize":{"x":0,"y":0,"w":74,"h":74},"frame":{"x":475,"y":49,"w":74,"h":74}},{"filename":"buttons/wood-small","rotated":false,"trimmed":false,"sourceSize":{"w":109,"h":94},"spriteSourceSize":{"x":0,"y":0,"w":109,"h":94},"frame":{"x":551,"y":49,"w":109,"h":94}},{"filename":"blank","rotated":false,"trimmed":false,"sourceSize":{"w":100,"h":100},"spriteSourceSize":{"x":0,"y":0,"w":100,"h":100},"frame":{"x":662,"y":49,"w":100,"h":100}},{"filename":"hand","rotated":false,"trimmed":true,"sourceSize":{"w":131,"h":111},"spriteSourceSize":{"x":8,"y":0,"w":118,"h":111},"frame":{"x":1,"y":151,"w":118,"h":111}},{"filename":"board","rotated":false,"trimmed":false,"sourceSize":{"w":707,"h":705},"spriteSourceSize":{"x":0,"y":0,"w":707,"h":705},"frame":{"x":121,"y":151,"w":707,"h":705}}]}],"meta":{"app":"https://www.codeandweb.com/texturepacker","version":"3.0","smartupdate":"$TexturePacker:SmartUpdate:aee37f04db532b37a5b66f2321f1c71d:b29d240239f1b5f39803ca6f15daa554:f8b844ae455f51390ed7080f036e8c41$"}}