[1,["1d128c455@6c48a"],["_textureSource"],["cc.SpriteFrame"],0,[[[{"name":"sparkle-item","rect":{"x":816,"y":591,"width":150,"height":150},"offset":{"x":0,"y":0},"originalSize":{"width":150,"height":150},"rotated":false,"capInsets":[0,0,0,0],"packable":true,"pixelsToUnit":100,"pivot":{"x":0.5,"y":0.5},"meshType":0}],[0],0,[0],[0],[0]],[[{"name":"gift-green-box","rect":{"x":216,"y":419,"width":262,"height":182},"offset":{"x":0,"y":0},"originalSize":{"width":262,"height":182},"rotated":false,"capInsets":[0,0,0,0],"packable":true,"pixelsToUnit":100,"pivot":{"x":0.5,"y":0.5},"meshType":0}],[0],0,[0],[0],[0]],[[{"name":"glow-item","rect":{"x":491,"y":145,"width":440,"height":440},"offset":{"x":0,"y":0},"originalSize":{"width":440,"height":440},"rotated":false,"capInsets":[0,0,0,0],"packable":true,"pixelsToUnit":100,"pivot":{"x":0.5,"y":0.5},"meshType":0}],[0],0,[0],[0],[0]],[[{"name":"gift-blue-lid","rect":{"x":3,"y":229,"width":277,"height":206},"offset":{"x":0,"y":0},"originalSize":{"width":277,"height":206},"rotated":true,"capInsets":[0,0,0,0],"packable":true,"pixelsToUnit":100,"pivot":{"x":0.5,"y":0.5},"meshType":0}],[0],0,[0],[0],[0]],[[{"name":"sparkle","rect":{"x":941,"y":76,"width":45,"height":54},"offset":{"x":0,"y":0},"originalSize":{"width":45,"height":54},"rotated":true,"capInsets":[0,0,0,0],"packable":true,"pixelsToUnit":100,"pivot":{"x":0.5,"y":0.5},"meshType":0}],[0],0,[0],[0],[0]],[[{"name":"btn-green","rect":{"x":491,"y":3,"width":444,"height":136},"offset":{"x":0,"y":0},"originalSize":{"width":444,"height":136},"rotated":false,"capInsets":[0,0,0,0],"packable":true,"pixelsToUnit":100,"pivot":{"x":0.5,"y":0.5},"meshType":0}],[0],0,[0],[0],[0]],[[{"name":"gift-blue-box","rect":{"x":428,"y":607,"width":262,"height":182},"offset":{"x":0,"y":0},"originalSize":{"width":262,"height":182},"rotated":true,"capInsets":[0,0,0,0],"packable":true,"pixelsToUnit":100,"pivot":{"x":0.5,"y":0.5},"meshType":0}],[0],0,[0],[0],[0]],[[{"name":"light-effect-open-box","rect":{"x":3,"y":3,"width":482,"height":220},"offset":{"x":0,"y":0},"originalSize":{"width":482,"height":220},"rotated":false,"capInsets":[0,0,0,0],"packable":true,"pixelsToUnit":100,"pivot":{"x":0.5,"y":0.5},"meshType":0}],[0],0,[0],[0],[0]],[[{"name":"star-yellow","rect":{"x":941,"y":3,"width":67,"height":70},"offset":{"x":1.5,"y":0},"originalSize":{"width":70,"height":70},"rotated":true,"capInsets":[0,0,0,0],"packable":true,"pixelsToUnit":100,"pivot":{"x":0.5,"y":0.5},"meshType":0}],[0],0,[0],[0],[0]],[[{"name":"item-base","rect":{"x":616,"y":591,"width":194,"height":194},"offset":{"x":0,"y":0},"originalSize":{"width":194,"height":194},"rotated":false,"capInsets":[0,0,0,0],"packable":true,"pixelsToUnit":100,"pivot":{"x":0.5,"y":0.5},"meshType":0}],[0],0,[0],[0],[0]],[[{"name":"gift-red-lid","rect":{"x":216,"y":607,"width":277,"height":206},"offset":{"x":0,"y":0},"originalSize":{"width":277,"height":206},"rotated":true,"capInsets":[0,0,0,0],"packable":true,"pixelsToUnit":100,"pivot":{"x":0.5,"y":0.5},"meshType":0}],[0],0,[0],[0],[0]],[[{"name":"gift-green-lid","rect":{"x":3,"y":591,"width":280,"height":207},"offset":{"x":0,"y":0},"originalSize":{"width":280,"height":207},"rotated":true,"capInsets":[0,0,0,0],"packable":true,"pixelsToUnit":100,"pivot":{"x":0.5,"y":0.5},"meshType":0}],[0],0,[0],[0],[0]],[[{"name":"gift-red-box","rect":{"x":216,"y":229,"width":268,"height":184},"offset":{"x":0,"y":0},"originalSize":{"width":268,"height":184},"rotated":false,"capInsets":[0,0,0,0],"packable":true,"pixelsToUnit":100,"pivot":{"x":0.5,"y":0.5},"meshType":0}],[0],0,[0],[0],[0]]]]
