[1,["1d1e47654@6c48a"],["_textureSource"],["cc.SpriteFrame"],0,[[[{"name":"sparkle","rect":{"x":959,"y":75,"width":29,"height":28},"offset":{"x":0,"y":0},"originalSize":{"width":29,"height":28},"rotated":true,"capInsets":[0,0,0,0],"packable":true,"pixelsToUnit":100,"pivot":{"x":0.5,"y":0.5},"meshType":0}],[0],0,[0],[0],[0]],[[{"name":"close","rect":{"x":959,"y":3,"width":60,"height":66},"offset":{"x":0,"y":0},"originalSize":{"width":60,"height":66},"rotated":false,"capInsets":[0,0,0,0],"packable":true,"pixelsToUnit":100,"pivot":{"x":0.5,"y":0.5},"meshType":0}],[0],0,[0],[0],[0]],[[{"name":"background","rect":{"x":3,"y":3,"width":950,"height":957},"offset":{"x":0,"y":0},"originalSize":{"width":950,"height":957},"rotated":false,"capInsets":[0,0,0,0],"packable":true,"pixelsToUnit":100,"pivot":{"x":0.5,"y":0.5},"meshType":0}],[0],0,[0],[0],[0]]]]
