[1,["58CTNIGapASal6WHc/SXWm@f9941","e1id3tpidBQrA/N7hjX53S@f9941","2dkwPBT3RFEqXd3zQRBlGO@6c48a","53z5+jY8dF7qwBK0k9qOg7@6c48a","d9Dnmjd4pMUYFGWtEghWC0@f9941","52QHnxEfpCBJrkRiLbELKu","53z5+jY8dF7qwBK0k9qOg7@f9941","b3425DnL9GNJA5W2aWH1id","30mIvHXzdL4pAACT4udfHd@f9941","dbTeJ1F3dEKpsnHYn/yo/c","80OTGIR1lBnplhH2keXdaA@f9941","39+p2uQRNGgIvowGvx3SbL@f9941","48xqYlERlIv6fWZ8jh7da4@f9941","f1MIPBj3NNjqI8AtZlw+ID@f9941","22jDlfvC1Go7pdbd1LReNj@f9941","13QoYMlHVLkJcpRcJQfwBQ","b8mQw3WapMuoWvQChk9xsE@f9941","faSfZ1lXVBQqnJ9T/Rc0EV","c9Vo73yhlJ6bSw7+UUq9L9","2dkwPBT3RFEqXd3zQRBlGO@f9941","20hHp+pJtHRaOdAYIX032g"],["node","targetInfo","value","target","source","_spriteFrame","root","asset","_textureSource","backgroundMask","container","sprite","data","_parent","watchVideoText","_font"],[["cc.Node",["_name","_objFlags","__editorExtras__","_prefab","_components","_parent","_children","_lpos"],0,4,12,1,2,5],["cc.Node",["_name","_objFlags","_parent","_components","_prefab","_lpos","_children"],1,1,9,4,5,2],["cc.Sprite",["_sizeMode","_type","node","__prefab","_spriteFrame","_color"],1,1,4,6,5],"cc.SpriteFrame",["cc.TargetOverrideInfo",["propertyPath","source","target","targetInfo","sourceInfo"],2,1,1,4,4],["cc.Prefab",["_name"],2],["cc.UITransform",["node","__prefab","_contentSize"],3,1,4,5],["cc.CompPrefabInfo",["fileId"],2],["acb0egHPppFmYJalVNrDDv/",["node","__prefab","container","backgroundMask"],3,1,4,1,1],["cc.Widget",["_alignFlags","_originalWidth","_originalHeight","node","__prefab"],0,1,4],["cc.Animation",["node","__prefab","_clips"],3,1,4,3],["cc.UIOpacity",["node","__prefab"],3,1,4],["cc.PrefabInfo",["fileId","instance","root","asset","targetOverrides","nestedPrefabInstanceRoots"],1,1,1,9,2],["cc.PrefabInfo",["fileId","targetOverrides","nestedPrefabInstanceRoots","root","instance","asset"],0,1,4,6],["cc.PrefabInfo",["fileId","instance","targetOverrides","nestedPrefabInstanceRoots","root","asset"],-1,1,1],["cc.TargetInfo",["localID"],2],["cc.PrefabInstance",["fileId","prefabRootNode","propertyOverrides"],2,1,9],["CCPropertyOverrideInfo",["value","propertyPath","targetInfo"],1,4],["CCPropertyOverrideInfo",["propertyPath","targetInfo","value"],2,4,8],["CCPropertyOverrideInfo",["propertyPath","targetInfo","value"],2,4,6],["CCPropertyOverrideInfo",["value","propertyPath","targetInfo"],1,1],["CCPropertyOverrideInfo",["propertyPath","targetInfo","value"],2,1,4],["CCPropertyOverrideInfo",["propertyPath","targetInfo","value"],2,1,1],["CCPropertyOverrideInfo",["propertyPath","targetInfo","value"],2,1,8],["cc.ClickEvent",["_componentId","handler","target"],1,1],["f3521L4Mn5I3bhxr0QZJ9y9",["node","__prefab"],3,1,4],["cc.BlockInputEvents",["node","__prefab"],3,1,4],["bce15LcVrxOfYMa9rbXN/qi",["_l10nType","label","_key","node","__prefab","sprite"],0,1,4,1],["1db83Uh/bNNyr/6sjnB3I7v",["node","__prefab","container","bowl"],3,1,4,1,1],["cc.Label",["_string","_actualFontSize","_fontSize","_lineHeight","_isSystemFontUsed","_cacheMode","_enableShadow","_shadowBlur","node","__prefab","_shadowColor","_shadowOffset"],-5,1,4,5,5]],[[15,0,2],[7,0,2],[18,0,1,2,2],[19,0,1,2,2],[6,0,1,2,1],[14,0,1,2,3,4,5,5],[23,0,1,2,2],[17,0,1,2,3],[4,0,1,4,2,3,2],[20,0,1,2,3],[13,0,1,2,3,4,5,4],[16,0,1,2,2],[0,1,2,5,3,3],[1,0,2,3,4,5,2],[11,0,1,1],[2,2,3,4,1],[0,0,5,4,3,7,2],[1,0,2,6,3,4,5,2],[9,0,1,2,3,4,4],[4,0,1,2,3,2],[21,0,1,2,2],[22,0,1,2,2],[24,0,1,2,3],[5,0,2],[0,0,6,4,3,2],[0,1,2,3,3],[1,0,1,2,3,4,3],[1,0,2,3,4,2],[8,0,1,2,3,1],[10,0,1,2,1],[12,0,1,2,3,4,5,3],[2,0,2,3,4,2],[2,1,0,2,3,5,4,3],[2,2,3,1],[25,0,1,1],[26,0,1,1],[27,0,1,2,3,4,5,4],[28,0,1,2,3,1],[29,0,1,2,3,4,5,6,7,8,9,10,11,9]],[[[{"name":"title-en","rect":{"x":0,"y":0,"width":437,"height":73},"offset":{"x":0,"y":0},"originalSize":{"width":437,"height":73},"rotated":false,"capInsets":[0,0,0,0],"vertices":{"rawPosition":[-218.5,-36.5,0,218.5,-36.5,0,-218.5,36.5,0,218.5,36.5,0],"indexes":[0,1,2,2,1,3],"uv":[0,73,437,73,0,0,437,0],"nuv":[0,0,1,0,0,1,1,1],"minPos":{"x":-218.5,"y":-36.5,"z":0},"maxPos":{"x":218.5,"y":36.5,"z":0}},"packable":true,"pixelsToUnit":100,"pivot":{"x":0.5,"y":0.5},"meshType":0}],[3],0,[0],[8],[2]],[[{"name":"glow","rect":{"x":0,"y":0,"width":1079,"height":1325},"offset":{"x":0,"y":0},"originalSize":{"width":1079,"height":1325},"rotated":false,"capInsets":[0,0,0,0],"vertices":{"rawPosition":[-539.5,-662.5,0,539.5,-662.5,0,-539.5,662.5,0,539.5,662.5,0],"indexes":[0,1,2,2,1,3],"uv":[0,1325,1079,1325,0,0,1079,0],"nuv":[0,0,1,0,0,1,1,1],"minPos":{"x":-539.5,"y":-662.5,"z":0},"maxPos":{"x":539.5,"y":662.5,"z":0}},"packable":true,"pixelsToUnit":100,"pivot":{"x":0.5,"y":0.5},"meshType":0}],[3],0,[0],[8],[3]],[[[23,"FreeRubiesScreen"],[24,"FreeRubiesScreen",[-28,-29,-30,-31],[[[4,-20,[1,"11g3NdbgBKSLFT7+xJARCg"],[5,1080,2280]],[28,-23,[1,"11rqrfFtdCj6HnpW79uefG"],-22,-21],[18,45,750,1334,-24,[1,"69ocFBID1K+6xt+x8iYg7u"]],[29,-25,[1,"15ty/PmW9CnokpGnDI4YT/"],[23,24]],[14,-26,[1,"94Gfu+mmBIzIGsPkoWNZ9b"]],-27],4,4,4,4,4,1],[30,"87CPJf0ghIspNZkDB+cb/i",null,-19,0,[[19,["glowBowl"],-6,-5,[0,["2bcYbEOH5EmosrGDlPzUcF"]]],[19,["glowDot"],-8,-7,[0,["9ejdE4butPY5HAftn6tAdG"]]],[8,["iconTransform"],-10,[0,["7cIhtDluxASpwr2uTJc1pR"]],-9,[0,["52Sh3rf+9DD5KjiIVhJirq"]]],[8,["label"],-12,[0,["1fRol/IHtL7aybEbTBV86G"]],-11,[0,["a4frOoGmRLEqZEGJQ/SHPq"]]],[8,["layout"],-14,[0,["3eOPlmpWtC1KO3lFhg3Ncj"]],-13,[0,["cdZlWftOVOCYHCK1b1vEOw"]]],[8,["icon"],-16,[0,["3eOPlmpWtC1KO3lFhg3Ncj"]],-15,[0,["12C5iY1Y5DsI8tWEuwtyXm"]]],[8,["label"],-18,[0,["3eOPlmpWtC1KO3lFhg3Ncj"]],-17,[0,["a4frOoGmRLEqZEGJQ/SHPq"]]]],[-1,-2,-3,-4]]],[25,0,{},[10,"fakQ6jWQ9DQIpjW1QsndY3",null,null,-36,[11,"b9ZEbIzSlId7ogaWZBHthA",1,[[7,"WatchAdsButton",["_name"],[0,["fakQ6jWQ9DQIpjW1QsndY3"]]],[2,["_lpos"],[0,["fakQ6jWQ9DQIpjW1QsndY3"]],[1,0,-398.713,0]],[2,["_lrot"],[0,["fakQ6jWQ9DQIpjW1QsndY3"]],[3,0,0,0,1]],[2,["_euler"],[0,["fakQ6jWQ9DQIpjW1QsndY3"]],[1,0,0,0]],[2,["_contentSize"],[0,["d0XIkqwp9BXIKXxrRYP72c"]],[5,157,70.56]],[2,["_contentSize"],[0,["56AKbD9ntAhJgCpyBZFZZ+"]],[5,259,84.6]],[2,["_lpos"],[0,["6eu1tsBk9Ga4oT+PCm7EaS"]],[1,-81.5,0,0]],[7,56,["_fontSize"],[0,["a4frOoGmRLEqZEGJQ/SHPq"]]],[7,56,["_actualFontSize"],[0,["a4frOoGmRLEqZEGJQ/SHPq"]]],[7,0,["_lineHeight"],[0,["a4frOoGmRLEqZEGJQ/SHPq"]]],[7,"WATCH",["_string"],[0,["a4frOoGmRLEqZEGJQ/SHPq"]]],[7,"WATCH",["_key"],[0,["1fRol/IHtL7aybEbTBV86G"]]],[3,["_spriteFrame"],[0,["12C5iY1Y5DsI8tWEuwtyXm"]],16],[2,["_contentSize"],[0,["64ZwWAKNlAMJqyFe2i/Umn"]],[5,96,82]],[2,["_lpos"],[0,["84V+HawL1FJ5DXuIi6gJED"]],[1,51,7.895,0]],[2,["_contentSize"],[0,["51nLj8MP1BEKAm/XQFV5/Y"]],[5,448,146]],[3,["_spriteFrame"],[0,["21l2dsf9JN2YrqHT15k4cb"]],17],[9,1,["clickEvents","length"],-32],[20,["clickEvents","0"],-33,[22,"1db83Uh/bNNyr/6sjnB3I7v","handleClickedAd",1]],[21,["_target"],-35,-34]]],15]],[17,"Container",1,[-40,-41,-42,2,-43],[[4,-37,[1,"06YiMwdilG6ZEr5xKwTRA2"],[5,950,957]],[31,0,-38,[1,"f5aDma7/hFMpeUObRTumtP"],22],[14,-39,[1,"8adGNzbHRKTadsVp1RAnHw"]]],[5,"bajoGk0HFP3qM30rXfxfIh",null,null,null,1,0],[1,0,65,0]],[26,"BackgroundMask",512,1,[[4,-44,[1,"53jMSIefZK7pAN6AK8rf0s"],[5,1080,2280]],[14,-45,[1,"5dNPSmODxKNYOIc+0PtWYT"]],[32,1,0,-46,[1,"b4kbeqb1dOr4UqST7Ok9hv"],[4,3026588979],0],[18,45,1080,1334,-47,[1,"6f2pAercxCUYOcTbZ0/hh5"]],[34,-48,[1,"53Eukjrn1CS6U3GOS7AZkI"]],[35,-49,[1,"44J7YgWABPIqTtnJDIJPKy"]]],[5,"97mvF0iXpMYKph0vJcRb+a",null,null,null,1,0]],[12,0,{},3,[10,"dceQUSTe9Gb5Of9+Z8M7Lz",null,null,-58,[11,"d26dRFsehOFbbX16Wctjwo",1,[[9,"FreeRubiesCloseBtn",["_name"],-50],[6,["_lpos"],-51,[1,357,195,0]],[6,["_lrot"],-52,[3,0,0,0,1]],[6,["_euler"],-53,[1,0,0,0]],[2,["_contentSize"],[0,["52Sh3rf+9DD5KjiIVhJirq"]],[5,60,66]],[3,["_spriteFrame"],[0,["20wkhLScVB9Y4KgS79H5cE"]],14],[9,1,["clickEvents","length"],-54],[20,["clickEvents","0"],-55,[22,"1db83Uh/bNNyr/6sjnB3I7v","handleClose",1]],[21,["_target"],-57,-56],[7,0.65,["hitAreaIncreasePercent"],[0,["7cIhtDluxASpwr2uTJc1pR"]]],[2,["_contentSize"],[0,["39dajyvoNFF6lnDTW60IAm"]],[5,60,66]]]],13]],[17,"Rubies",3,[-60,-61,-62,-63],[[4,-59,[1,"abHHl3/FFHBqxRIUiWrBFR"],[5,674,382]]],[5,"ccf7H9k7hE5LOtRL3mcNgB",null,null,null,1,0],[1,12,-135,0]],[12,0,{},1,[10,"10g3OudShD55+yxbG/JtFe",null,null,-68,[11,"c2mhrid75HFbkit5mihHvq",1,[[9,"GlowDot",["_name"],-64],[6,["_lpos"],-65,[1,0,-129,0]],[6,["_lrot"],-66,[3,0,0,0,1]],[6,["_euler"],-67,[1,0,0,0]],[2,["_contentSize"],[0,["25j9M/4gpIe4BNHYAkqpsx"]],[5,90,90]],[3,["_spriteFrame"],[0,["f9LEBeiBBCJrgC/XiNkYOq"]],2],[2,["_contentSize"],[0,["fbutGWJLtARKrc2wsUKSx2"]],[5,98,98]],[3,["_spriteFrame"],[0,["57zl4AK9FA54NXBncKOjby"]],3],[2,["_contentSize"],[0,["7ahCYNC/RBkYw59PAF+r1F"]],[5,90,90]],[3,["_spriteFrame"],[0,["49B58MaIdP+6RAYP49+AqX"]],4],[2,["_contentSize"],[0,["7dvAn0etNGN5zvia0Cauwy"]],[5,90,90]],[3,["_spriteFrame"],[0,["famvUrLChE17mFQL8AG7iz"]],5],[2,["_contentSize"],[0,["84FCANZhxNnYqQpqXshxEr"]],[5,98,98]],[3,["_spriteFrame"],[0,["04bdlUoaVDPbUIQNKGPrY4"]],6],[2,["_contentSize"],[0,["35exBndxRA04hFkqS/TiAo"]],[5,90,90]],[3,["_spriteFrame"],[0,["9fxhJDFQZHm6jp0yL87VEA"]],7],[2,["_contentSize"],[0,["36S8r1sxBJMJGFqF3+WXKQ"]],[5,90,90]],[3,["_spriteFrame"],[0,["b9zoKlINFOXJdTrlgi04kn"]],8],[2,["_contentSize"],[0,["fbEftpocZBIKkb1fG9A60H"]],[5,90,90]],[3,["_spriteFrame"],[0,["13mTMbJH9NUZrKxR6UNG0G"]],9],[2,["_contentSize"],[0,["32KO48XQdP7qKcSPM4BvEH"]],[5,90,90]],[3,["_spriteFrame"],[0,["53awiFGhtEL4zkHAS7C9yr"]],10],[2,["_contentSize"],[0,["ddBjbbYZRF1YlALT2zPN4N"]],[5,90,90]],[3,["_spriteFrame"],[0,["11g6ALsTpC1ZPJMwPzsQLH"]],11],[2,["_contentSize"],[0,["13bJcWRSdNvrGPGNrgLhOm"]],[5,1079,1372]],[3,["_spriteFrame"],[0,["1eqymiVfxBuqp+39zEqtes"]],12]]],1]],[0,["10g3OudShD55+yxbG/JtFe"]],[16,"Title",3,[[[4,-69,[1,"4cko/fM6ZGRo8TwE8wcIsY"],[5,437,73]],-70,[36,1,null,"FreeRubiesScreenTitleTexture",-72,[1,"cbaXNXiktPKacvWEZGFbnt"],-71]],4,1,4],[5,"b1bYjGAxFBlImopBhHUUSH",null,null,null,1,0],[1,0,197.853,0]],[0,["dceQUSTe9Gb5Of9+Z8M7Lz"]],[13,"Bowl",6,[[4,-73,[1,"45HyR2oulPr4b/d9wgljcK"],[5,422,367]],[15,-74,[1,"62594a1rJCqJtsyH0JqKof"],20]],[5,"e98tgUBBVDnKqLTMGluK1J",null,null,null,1,0],[1,-11,8,0]],[12,0,{},6,[10,"10g3OudShD55+yxbG/JtFe",null,null,-79,[11,"7dVqVmvthHcZF7ejP9rYZI",1,[[9,"GlowBowl",["_name"],-75],[6,["_lpos"],-76,[1,-11,8,0]],[6,["_lrot"],-77,[3,0,0,0,1]],[6,["_euler"],-78,[1,0,0,0]]]],21]],[0,["10g3OudShD55+yxbG/JtFe"]],[0,["3eDTcDjBJI4pRFQh0x4R2+"]],[16,"TextWatchVideo",3,[[[4,-80,[1,"1a6xbwkohIwLP281ZYwpV3"],[5,662,70.56]],-81],4,1],[5,"aeK7E2g1RO56sSaQI5enjm",null,null,null,1,0],[1,-9,84.759,0]],[0,["3eOPlmpWtC1KO3lFhg3Ncj"]],[13,"DecorLeft",6,[[4,-82,[1,"3bZiT9spNNZq4Kd5JoAEEF"],[5,230,168]],[15,-83,[1,"e2sWmAGbdIMpac+CpEwzeU"],18]],[5,"4ccouAEhpIXJbN+oipnn34",null,null,null,1,0],[1,-222,-107,0]],[13,"DecorRight",6,[[4,-84,[1,"1f85HSAEJO2r2rJpuRA3Ln"],[5,375,186]],[15,-85,[1,"16QqLhBZNH/qX1OVbc3mzb"],19]],[5,"bcsFQJcHNCz4vTli6Vwaqz",null,null,null,1,0],[1,149,-97,0]],[37,1,[1,"25Ix5vZmVNNLqmQaySrOfa"],3,11],[27,"TouchZone",1,[[4,-86,[1,"5fX7NSUR5Af4TZh5jShlAC"],[5,1080,2280]]],[5,"6cugnLHydLQptH9tGc0HOB",null,null,null,1,0]],[33,9,[1,"40mAH3snRGWp0FEMen0ZFZ"]],[38,"Watch a video for x50 RUBIES",56,56,0,false,1,true,5.7,15,[1,"66Cs+oAo9DwoXQNuS0GwvP"],[4,1325400064],[0,0,-2.8]]],0,[0,-1,12,0,-2,2,0,-3,5,0,-4,7,0,3,12,0,4,19,0,3,7,0,4,19,0,3,5,0,4,5,0,3,2,0,4,2,0,3,2,0,4,2,0,3,2,0,4,2,0,3,2,0,4,2,0,6,1,0,0,1,0,9,4,0,10,3,0,0,1,0,0,1,0,0,1,0,0,1,0,-6,19,0,-1,4,0,-2,20,0,-3,7,0,-4,3,0,1,16,0,1,16,0,2,2,0,1,16,0,6,2,0,0,3,0,0,3,0,0,3,0,-1,9,0,-2,5,0,-3,15,0,-5,6,0,0,4,0,0,4,0,0,4,0,0,4,0,0,4,0,0,4,0,1,10,0,1,10,0,1,10,0,1,10,0,1,14,0,1,14,0,2,5,0,1,14,0,6,5,0,0,6,0,-1,17,0,-2,18,0,-3,11,0,-4,12,0,1,8,0,1,8,0,1,8,0,1,8,0,6,7,0,0,9,0,-2,21,0,11,21,0,0,9,0,0,11,0,0,11,0,1,13,0,1,13,0,1,13,0,1,13,0,6,12,0,0,15,0,-2,22,0,0,17,0,0,17,0,0,18,0,0,18,0,0,20,0,12,1,2,13,3,19,14,22,86],[0,0,0,0,0,0,0,0,0,0,0,0,0,0,0,0,0,0,0,0,0,0,0,0,0,21,22],[5,7,2,2,2,2,2,2,2,2,2,2,2,7,2,7,2,2,5,5,5,7,5,-1,-2,5,15],[4,5,0,1,0,0,1,0,0,0,0,0,6,7,8,9,10,11,12,13,14,15,16,17,18,19,20]]]]
