{"skeleton":{"hash":"s3a/DUKZUcjrz2KB2UfdvZsWxTc","spine":"3.8.99","x":-55.93,"y":-4.84,"width":92.4,"height":133.39,"images":"./images/","audio":""},"bones":[{"name":"root"},{"name":"[RED] SKELETON CONTROL","parent":"root","scaleX":0.2671,"scaleY":0.2671,"color":"ff0000ff"},{"name":"body","parent":"[RED] SKELETON CONTROL","x":-3.15,"y":156.75},{"name":"body2","parent":"body","length":20.2,"rotation":96.55,"x":-0.15,"y":6.15},{"name":"body3","parent":"body2","length":26.78,"rotation":-0.91,"x":20.2},{"name":"body4","parent":"body3","length":27.34,"rotation":-8.4,"x":26.78},{"name":"hand_left_4","parent":"body4","length":33.89,"rotation":-87.24,"x":20.26,"y":-17.14},{"name":"hand_left_3","parent":"hand_left_4","length":45.9,"rotation":4.93,"x":34.22,"y":-0.66},{"name":"hand_left_2","parent":"hand_left_3","length":39.34,"rotation":24.63,"x":46.58,"y":0.27},{"name":"hand_left_1","parent":"hand_left_2","length":21.78,"rotation":-4.55,"x":10.38,"y":-18.37},{"name":"hand_right_4","parent":"body4","length":41.35,"rotation":127.83,"x":18.65,"y":22.93},{"name":"hand_right_3","parent":"hand_right_4","length":49.1,"rotation":-53.6,"x":40.74,"y":-0.45},{"name":"hand_right_2","parent":"hand_right_3","length":21.75,"rotation":7.71,"x":49.79,"y":0.23},{"name":"hand_right_1","parent":"hand_right_2","length":23.76,"rotation":-60.93,"x":22.92,"y":0.23},{"name":"boomerang","parent":"hand_right_1","length":93.11,"rotation":12.3,"x":24.59,"y":-3.77},{"name":"leg_left","parent":"body","length":54.03,"rotation":-82,"x":20.31,"y":-17.24},{"name":"leg_left2","parent":"leg_left","length":61.03,"rotation":-7.61,"x":54.03},{"name":"leg_left3","parent":"[RED] SKELETON CONTROL","length":27.86,"rotation":-25.8,"x":25.1,"y":24.97,"color":"ff3f00ff"},{"name":"leg_right","parent":"body","length":56.28,"rotation":-98.97,"x":-24.41,"y":-18.5},{"name":"leg_right2","parent":"leg_right","length":59.79,"rotation":7.77,"x":56.28},{"name":"leg_right3","parent":"[RED] SKELETON CONTROL","length":29.77,"rotation":-141.84,"x":-37.6,"y":22.88,"color":"ff3f00ff"},{"name":"skirt_1","parent":"body","x":-31.83,"y":-2.91},{"name":"skirt_2","parent":"skirt_1","length":19.35,"rotation":-109.59,"x":-4.33,"y":-7.72},{"name":"skirt_3","parent":"skirt_2","length":24.53,"rotation":0.47,"x":19.35},{"name":"skirt_4","parent":"skirt_3","length":22.32,"rotation":-2.83,"x":24.53},{"name":"skirt_5","parent":"body","x":28.84,"y":3.68},{"name":"skirt_6","parent":"skirt_5","length":16.69,"rotation":-68.84,"x":4.77,"y":-6.53},{"name":"skirt_7","parent":"skirt_6","length":15.81,"rotation":-0.71,"x":16.69},{"name":"skirt_8","parent":"skirt_7","length":17.24,"rotation":-4.39,"x":15.81},{"name":"body5","parent":"body","length":20.59,"rotation":-88.6,"x":2.49,"y":-15.65},{"name":"body6","parent":"body5","length":18.58,"rotation":-0.62,"x":20.59},{"name":"body7","parent":"body6","length":20.61,"rotation":2.02,"x":18.58},{"name":"body8","parent":"body7","length":18.66,"rotation":2.61,"x":20.36,"y":0.01},{"name":"body9","parent":"body","x":-20.85,"y":-19.66},{"name":"body10","parent":"body4","length":21.19,"rotation":9.1,"x":33.01,"y":-1.84},{"name":"head","parent":"body10","length":144.69,"rotation":11.07,"x":22.05,"y":0.69},{"name":"hair_back","parent":"head","length":35.26,"rotation":77.85,"x":161.88,"y":2.4},{"name":"hair_back2","parent":"hair_back","length":50.19,"rotation":63.13,"x":35.26},{"name":"hair_back3","parent":"hair_back2","length":40.67,"rotation":20.3,"x":50.19},{"name":"hair_back4","parent":"hair_back3","length":51.03,"rotation":6.5,"x":40.67},{"name":"hair_back5","parent":"hair_back4","length":42.25,"rotation":8.08,"x":51.03},{"name":"face_2_eye_2","parent":"head","x":37.28,"y":-25.92},{"name":"shadow","parent":"[RED] SKELETON CONTROL","x":-4.03,"y":18.58,"color":"000000ff"}],"slots":[{"name":"shadow","bone":"shadow","attachment":"shadow"},{"name":"hand_left_4","bone":"hand_left_4","attachment":"hand_left_4"},{"name":"hand_left_3","bone":"hand_left_3","attachment":"hand_left_3"},{"name":"hand_left_2","bone":"hand_left_2","attachment":"hand_left_2"},{"name":"hand_left_1","bone":"hand_left_1","attachment":"hand_left_1"},{"name":"leg_left","bone":"leg_left","attachment":"leg_left"},{"name":"leg_right","bone":"leg_right","attachment":"leg_right"},{"name":"body","bone":"body","attachment":"body"},{"name":"skirt_3","bone":"[RED] SKELETON CONTROL","attachment":"skirt_3"},{"name":"skirt_2","bone":"[RED] SKELETON CONTROL","attachment":"skirt_2"},{"name":"skirt_1","bone":"skirt_5","attachment":"skirt_1"},{"name":"hair_back","bone":"hair_back","attachment":"hair_back"},{"name":"head","bone":"head","attachment":"head"},{"name":"face_2_eye_6","bone":"head","attachment":"face_2_eye_6"},{"name":"face_2_eye_5","bone":"head","attachment":"face_2_eye_5"},{"name":"face_2_eye_4","bone":"face_2_eye_2","attachment":"face_2_eye_4"},{"name":"face_2_nose","bone":"head","attachment":"face_2_nose"},{"name":"face_2_eye_3","bone":"head","attachment":"face_2_eye_3"},{"name":"face_2_eye_2","bone":"face_2_eye_2","attachment":"face_2_eye_2"},{"name":"face_2_eye_1","bone":"head","attachment":"face_2_eye_1"},{"name":"face_2_mouth","bone":"head","attachment":"face_2_mouth"},{"name":"face_1_eye_close_1b","bone":"head"},{"name":"face_1_eye_close_1","bone":"head"},{"name":"face_1_brown_2b","bone":"head"},{"name":"face_1_brown_1b","bone":"head"},{"name":"face_1_noseb","bone":"head"},{"name":"face_1_mouthb","bone":"head"},{"name":"face_2_brown_2","bone":"head","attachment":"face_2_brown_2"},{"name":"face_2_brown_1","bone":"head","attachment":"face_2_brown_1"},{"name":"hand_right_4","bone":"hand_right_4","attachment":"hand_right_4"},{"name":"necklace","bone":"body4","attachment":"necklace"},{"name":"boomerang","bone":"boomerang","attachment":"boomerang"},{"name":"hand_right_3","bone":"hand_right_3","attachment":"hand_right_3"},{"name":"hand_right_2","bone":"hand_right_2","attachment":"hand_right_2"},{"name":"hand_right_1","bone":"hand_right_1","attachment":"hand_right_1"},{"name":"bomerang_mini_2","bone":"root"}],"ik":[{"name":"leg_left3","order":1,"bones":["leg_left","leg_left2"],"target":"leg_left3","bendPositive":false},{"name":"leg_right3","bones":["leg_right","leg_right2"],"target":"leg_right3"}],"skins":[{"name":"default","attachments":{"body":{"body":{"type":"mesh","uvs":[0.42286,0.01297,0.51855,0.01161,0.61687,0.0262,0.66367,0.07237,0.66134,0.14103,0.66403,0.18903,0.73127,0.20043,0.81469,0.22137,0.86136,0.26742,0.90908,0.34074,0.95362,0.41022,0.9768,0.47961,0.96108,0.53729,0.92322,0.57833,0.86621,0.61679,0.88272,0.69708,0.89374,0.75575,0.89474,0.83405,0.81174,0.88558,0.64863,0.91944,0.46765,0.91429,0.33519,0.90398,0.20819,0.89135,0.10456,0.86841,0.09936,0.78935,0.09484,0.72066,0.07118,0.62341,0.03669,0.54569,0.01251,0.43072,0.01169,0.34762,0.02324,0.27565,0.11696,0.23375,0.20799,0.21259,0.30886,0.18563,0.31124,0.15337,0.31419,0.11335,0.31464,0.06634,0.36176,0.0325,0.36293,0.41608,0.4297,0.5139,0.43692,0.67211,0.67512,0.38347,0.77438,0.51269,0.73107,0.59965],"triangles":[5,1,4,3,4,1,38,1,5,35,0,1,1,38,33,34,1,33,35,1,34,37,0,35,37,35,36,41,8,9,41,7,8,41,6,7,41,5,6,3,1,2,39,27,38,38,28,31,31,32,38,38,27,28,30,31,29,41,38,5,41,39,38,31,28,29,32,33,38,15,43,14,40,43,16,24,25,40,25,26,40,26,39,40,40,39,43,39,26,27,13,14,42,14,43,42,43,39,42,13,42,12,12,42,11,39,41,42,42,10,11,10,41,9,10,42,41,16,18,19,21,22,40,40,22,24,16,19,40,18,16,17,16,43,15,22,23,24,40,19,20,40,20,21],"vertices":[1,34,28.76,3.69,1,1,34,28.02,-4.6,1,1,34,25.19,-12.89,1,1,34,18.78,-16.28,1,1,34,9.93,-15.09,1,2,5,38.98,-15.7,0.06534,34,3.7,-14.63,0.93466,3,4,60.99,-26.91,0.10701,5,37.78,-21.62,0.15824,34,1.58,-20.28,0.73475,3,4,57.57,-33.86,0.17269,5,35.41,-29,0.21196,34,-1.93,-27.2,0.61535,3,4,51.22,-37.31,0.24316,5,29.62,-33.34,0.24562,34,-8.32,-30.57,0.51122,3,4,41.32,-40.51,0.39881,5,20.3,-37.95,0.25793,34,-18.26,-33.64,0.34327,3,4,31.95,-43.48,0.55637,5,11.47,-42.25,0.21598,34,-27.66,-36.5,0.22765,4,3,42.27,-44.95,0.06518,4,22.78,-44.6,0.62644,5,2.55,-44.7,0.15582,34,-36.85,-37.51,0.15256,4,3,34.98,-42.74,0.10302,4,15.45,-42.5,0.66508,5,-5,-43.7,0.11786,34,-44.15,-35.32,0.11403,4,3,30.05,-38.86,0.15316,4,10.46,-38.7,0.67409,5,-10.49,-40.66,0.08705,34,-49.09,-31.46,0.0857,3,3,25.65,-33.36,0.2945,4,5.98,-33.27,0.65642,34,-53.51,-25.97,0.04908,4,2,31.5,25,0.07418,3,15.12,-33.6,0.53181,4,-4.55,-33.67,0.3827,34,-64.04,-26.25,0.01131,4,2,32.46,17.37,0.14027,3,7.43,-33.68,0.62163,4,-12.24,-33.88,0.23464,34,-71.73,-26.36,0.00346,3,2,32.55,7.2,0.23057,3,-2.69,-32.61,0.64671,4,-22.38,-32.96,0.12272,3,2,25.33,0.5,0.32433,3,-8.53,-24.67,0.61045,4,-28.33,-25.12,0.06522,2,2,11.13,-3.91,0.67204,3,-11.28,-10.07,0.32796,2,2,-4.61,-3.24,0.84099,3,-8.82,5.5,0.15901,2,2,-16.13,-1.9,0.34544,3,-6.18,16.79,0.65456,3,2,-27.18,-0.25,0.17012,3,-3.29,27.58,0.71465,4,-23.92,27.21,0.11523,3,2,-36.2,2.73,0.12716,3,0.71,36.2,0.70747,4,-20.07,35.89,0.16536,3,2,-36.65,13.01,0.08654,3,10.97,35.48,0.64987,4,-9.79,35.33,0.26358,3,3,19.88,34.85,0.49784,4,-0.87,34.84,0.43137,5,-32.44,30.43,0.07079,3,3,32.68,35.46,0.20695,4,11.92,35.65,0.54151,5,-19.91,33.09,0.25154,3,3,43.06,37.29,0.07535,4,22.27,37.64,0.45057,5,-9.96,36.58,0.47408,2,4,37.35,38.27,0.22334,5,4.87,39.4,0.77666,2,4,48.1,37.28,0.09954,5,15.65,39.99,0.90046,1,5,25.05,39.44,1,1,5,30.88,31.56,1,2,5,34.01,23.78,0.88283,34,5.04,25.14,0.11717,2,5,37.93,15.18,0.49488,34,7.55,16.03,0.50512,2,5,42.13,15.18,0.24789,34,11.7,15.36,0.75211,2,5,47.34,15.17,0.0902,34,16.84,14.53,0.9098,1,34,22.91,13.82,1,1,34,26.83,9.26,1,1,5,8.23,9.04,1,2,4,23.02,3.21,0.93873,5,-4.19,2.63,0.06127,2,3,22.76,4.57,0.23356,4,2.49,4.61,0.76644,3,4,37.79,-19.71,0.30626,5,13.78,-17.89,0.48726,34,-21.53,-12.8,0.20648,4,3,40,-26.96,0.08554,4,20.23,-26.65,0.68443,5,-2.59,-27.32,0.13912,34,-39.18,-19.53,0.09091,3,3,29.2,-21.93,0.23853,4,9.35,-21.79,0.72941,34,-50,-14.53,0.03205],"hull":38,"edges":[54,52,52,50,46,48,48,50,46,44,44,42,42,40,40,38,38,36,36,34,34,32,32,30,30,28,28,26,26,24,24,22,22,20,20,18,18,16,14,16,14,12,12,10,10,8,8,6,4,6,4,2,2,0,0,74,72,74,72,70,70,68,68,66,54,56,56,58,58,60,60,62,62,64,64,66],"width":87,"height":130}},"boomerang":{"boomerang":{"x":75.28,"y":-31.5,"rotation":-120.56,"width":121,"height":214}},"face_1_brown_1b":{"face_1_brown_1b":{"x":69.41,"y":2.36,"rotation":-107.41,"width":49,"height":33}},"face_1_brown_2b":{"face_1_brown_2b":{"x":66.52,"y":-57,"rotation":-107.41,"width":32,"height":17}},"face_1_eye_close_1":{"face_1_eye_close_1":{"x":42.02,"y":-45.12,"rotation":-107.41,"width":48,"height":50}},"face_1_eye_close_1b":{"face_1_eye_close_1b":{"x":45.4,"y":5.17,"rotation":-107.41,"width":72,"height":63}},"face_1_mouthb":{"face_1_mouthb":{"x":7.91,"y":-25,"rotation":-107.41,"width":16,"height":20}},"face_1_noseb":{"face_1_noseb":{"x":26.13,"y":-35.42,"rotation":-107.41,"width":17,"height":17}},"face_2_brown_1":{"face_2_brown_1":{"x":66.48,"y":-1.97,"rotation":-107.41,"width":49,"height":24}},"face_2_brown_2":{"face_2_brown_2":{"x":59.09,"y":-57.29,"rotation":-107.41,"width":31,"height":35}},"face_2_eye_1":{"face_2_eye_1":{"x":42.75,"y":7.57,"rotation":-107.41,"width":57,"height":45}},"face_2_eye_2":{"face_2_eye_2":{"x":3.28,"y":23.17,"rotation":-107.41,"width":30,"height":29}},"face_2_eye_3":{"face_2_eye_3":{"x":42.42,"y":8.2,"rotation":-107.41,"width":54,"height":40}},"face_2_eye_4":{"face_2_eye_4":{"x":1.23,"y":-30.16,"rotation":-107.41,"width":21,"height":29}},"face_2_eye_5":{"face_2_eye_5":{"x":37.83,"y":-53.24,"rotation":-107.41,"width":36,"height":44}},"face_2_eye_6":{"face_2_eye_6":{"x":36.88,"y":-52.94,"rotation":-107.41,"width":32,"height":40}},"face_2_mouth":{"face_2_mouth":{"x":13.58,"y":-23.63,"rotation":-107.41,"width":28,"height":16}},"face_2_nose":{"face_2_nose":{"x":25.35,"y":-36.23,"rotation":-107.41,"width":15,"height":14}},"hair_back":{"hair_back":{"type":"mesh","uvs":[0.78682,0,0.99511,0.06022,0.99264,0.26372,0.94624,0.35682,0.92208,0.44516,0.92093,0.52909,0.94985,0.61233,0.98746,0.69125,0.98682,0.74464,0.93339,0.78718,0.88828,0.84171,0.77918,0.91388,0.71076,0.95914,0.62534,0.99137,0.53193,0.99324,0.4411,0.97156,0.33248,0.93766,0.27237,0.88583,0.18857,0.85117,0.14013,0.8041,0.08942,0.74914,0.04905,0.67221,0.02443,0.58429,0,0.49705,0,0.36708,0.1262,0.13471,0.55502,0,0.43609,0.80521,0.39641,0.72253,0.35921,0.63694,0.32946,0.55136,0.33194,0.44547,0.5204,0.89515],"triangles":[2,0,1,2,26,0,2,3,26,3,31,26,4,31,3,31,25,26,24,25,31,23,24,31,5,31,4,30,23,31,30,31,5,22,23,30,29,30,5,29,22,30,29,5,6,29,21,22,28,29,6,9,28,6,6,7,9,20,21,29,20,29,28,8,9,7,19,20,28,27,28,9,18,19,28,10,27,9,27,18,28,17,18,27,32,27,10,16,17,27,11,32,10,32,16,27,12,32,11,15,16,32,13,32,12,14,15,32,13,14,32],"vertices":[1,36,-2.47,-63.32,1,1,36,-31.77,-45.32,1,1,36,-26.69,5.92,1,3,38,-24.57,73.3,0.10322,37,1.71,60.22,0.0843,36,-17.69,28.74,0.81248,4,39,-34.59,74.63,0.13041,38,-2.14,70.24,0.27015,37,23.81,65.13,0.14527,36,-12.08,50.67,0.45417,4,39,-13.46,72.54,0.32543,38,19.09,70.55,0.36574,37,43.61,72.79,0.09257,36,-9.96,71.8,0.21626,3,39,7.91,74.89,0.58537,38,40.05,75.31,0.31711,36,-12.29,93.16,0.09752,4,40,-11.46,81.04,0.12408,39,28.29,78.63,0.64348,38,59.88,81.32,0.19205,36,-16,113.56,0.04039,4,40,1.67,77.85,0.17896,39,41.74,77.31,0.64668,38,73.39,81.54,0.1478,36,-14.67,127,0.02656,4,40,10.33,67.68,0.26635,39,51.74,68.46,0.61348,38,84.33,73.88,0.10404,36,-5.81,136.99,0.01613,3,40,22.22,58.02,0.42652,39,64.87,60.56,0.5178,38,98.27,67.51,0.05568,2,40,36.29,38.11,0.75202,39,81.6,42.83,0.24798,2,40,45.11,25.62,0.90965,39,92.08,31.71,0.09035,1,40,50.14,11.45,1,1,40,47.42,-2.12,1,1,40,39,-13.94,1,2,40,26.96,-27.62,0.85459,39,81.6,-23.56,0.14541,2,40,12.15,-33.27,0.52222,39,67.74,-31.23,0.47778,2,40,0.77,-43.32,0.22319,39,57.88,-42.79,0.77681,3,40,-12.47,-47.57,0.0834,39,45.37,-48.85,0.85545,38,91.27,-43.4,0.06114,2,39,30.85,-55.06,0.84663,38,77.54,-51.22,0.15337,2,39,10.92,-59.25,0.66359,38,58.22,-57.64,0.33641,3,39,-11.56,-60.87,0.37805,38,36.07,-61.78,0.54943,37,105.45,-45.43,0.07252,3,39,-33.87,-62.47,0.15661,38,14.08,-65.9,0.60287,37,86.26,-56.92,0.24052,2,38,-18.79,-66.65,0.38736,37,55.69,-69.03,0.61264,2,37,-5.85,-73.31,0.90472,36,98.01,-38.35,0.09528,2,37,-60.9,-26.85,0.14685,36,31.69,-66.46,0.85315,2,40,-2.13,-5,0.20745,39,49.62,-5.25,0.79255,1,39,28.26,-9.21,1,2,39,6.19,-12.73,0.77247,38,48.26,-11.94,0.22753,2,39,-15.77,-15.15,0.12896,38,26.71,-16.84,0.87104,2,38,-0.08,-17.08,0.61062,37,56.04,-16.05,0.38938,1,40,22.88,1.92,1],"hull":27,"edges":[0,52,0,2,46,48,48,50,50,52,14,12,10,8,8,6,2,4,6,4,14,16,16,18,18,20,20,22,22,24,24,26,26,28,28,30,30,32,32,34,34,36,36,38,38,40,40,42,42,44,44,46,12,10],"width":148,"height":253}},"hand_left_1":{"hand_left_1":{"x":8.52,"y":0.52,"rotation":-25.02,"width":37,"height":27}},"hand_left_2":{"hand_left_2":{"x":16.95,"y":-4.76,"rotation":-29.57,"width":58,"height":49}},"hand_left_3":{"hand_left_3":{"x":25.15,"y":0.84,"rotation":-4.93,"width":67,"height":40}},"hand_left_4":{"hand_left_4":{"x":16.2,"y":0.84,"width":67,"height":47}},"hand_right_1":{"hand_right_1":{"x":7.55,"y":2.53,"rotation":-108.25,"width":34,"height":42}},"hand_right_2":{"hand_right_2":{"x":14.6,"y":-2.76,"rotation":-169.19,"width":41,"height":38}},"hand_right_3":{"hand_right_3":{"x":26.84,"y":0.5,"rotation":-161.48,"width":68,"height":54}},"hand_right_4":{"hand_right_4":{"x":19.49,"y":2.18,"rotation":144.93,"width":57,"height":56}},"head":{"head":{"x":81.97,"y":-1.06,"rotation":-107.41,"width":170,"height":191}},"leg_left":{"leg_left":{"type":"mesh","uvs":[0.57163,0.0834,0.69072,0.33571,0.69175,0.37235,0.6929,0.41277,0.69406,0.45382,0.69503,0.48806,0.69668,0.54619,0.75031,0.5659,0.82931,0.65842,0.73862,0.7034,0.7445,0.76062,0.75333,0.79072,0.89453,0.83347,0.97407,0.87209,0.93993,0.93305,0.77817,0.98623,0.696,1,0.42257,0.95056,0.28086,0.92494,0.22029,0.87736,0.22101,0.80991,0.22178,0.73626,0.13787,0.71583,0.0722,0.67558,0.15942,0.55203,0.18899,0.50029,0.18092,0.44827,0.17501,0.41015,0.16659,0.35588,0.13274,0.13762,0.17434,0.08001,0.39226,0.01973,0.52575,0.8112,0.42881,0.47145],"triangles":[4,33,3,2,3,33,33,26,27,1,2,33,33,27,28,33,28,1,1,29,0,0,29,30,30,31,0,29,1,28,18,19,32,19,20,32,20,21,32,32,10,11,32,9,10,32,21,9,21,6,9,6,33,5,33,6,24,22,24,21,6,21,24,33,24,25,22,23,24,9,7,8,9,6,7,25,26,33,33,4,5,15,16,32,16,17,32,32,11,15,15,12,14,15,11,12,17,18,32,14,12,13],"vertices":[1,15,-6.43,17.58,1,1,15,35.52,20.58,1,1,15,41.44,19.83,1,2,16,-8.51,18.03,0.1882,15,47.98,18.99,0.8118,2,16,-1.82,18.07,0.46999,15,54.62,18.15,0.53001,2,16,3.76,18.1,0.73426,15,60.15,17.44,0.26575,1,16,13.23,18.16,1,1,16,16.47,22.1,1,1,16,31.6,27.84,1,2,17,9.14,29.18,0.10566,16,38.88,21.08,0.89434,2,17,13.59,20.97,0.40138,16,48.21,21.45,0.59862,2,17,16.32,16.84,0.66481,16,53.12,22.07,0.33519,1,17,28.76,15.11,1,1,17,36.8,12.01,1,1,17,38.85,1.96,1,1,17,31.84,-11.05,1,1,17,27.34,-15.72,1,1,17,5.62,-17.27,1,2,17,-5.64,-18.07,0.66758,16,74.76,-13.04,0.33242,2,17,-13.05,-13.04,0.38318,16,66.97,-17.47,0.61682,2,17,-17.79,-3.12,0.0579,16,55.98,-17.34,0.9421,1,16,43.97,-17.2,1,1,16,40.6,-23.38,1,1,16,34.01,-28.2,1,2,16,13.91,-21.61,0.93831,15,64.96,-23.26,0.06169,2,16,5.5,-19.36,0.71016,15,56.91,-19.92,0.28984,2,16,-2.99,-19.9,0.33139,15,48.43,-19.33,0.66861,2,16,-9.2,-20.29,0.132,15,42.22,-18.9,0.868,1,15,33.37,-18.28,1,1,15,-2.21,-15.81,1,1,15,-11.08,-11.45,1,1,15,-18.56,5.89,1,2,17,2.61,6.51,0.37392,16,56.34,5.21,0.62608,2,16,0.92,-1.58,0.70136,15,54.73,-1.69,0.29864],"hull":32,"edges":[0,62,46,48,48,50,58,60,60,62,46,44,44,42,38,36,38,40,40,42,32,34,34,36,32,30,30,28,28,26,24,26,24,22,22,20,20,18,18,16,16,14,14,12,0,2,10,12,50,52,52,54,54,56,56,58,2,4,4,6,6,8,8,10],"width":74,"height":163}},"leg_right":{"leg_right":{"type":"mesh","uvs":[0.92883,0.04593,0.92951,0.14496,0.90498,0.24488,0.89382,0.29035,0.89504,0.32332,0.89615,0.35355,0.89812,0.40715,0.90014,0.46215,0.90086,0.51087,0.90156,0.55898,0.9913,0.65589,0.87905,0.71008,0.87387,0.77688,0.86537,0.88644,0.45098,0.98916,0.13986,0.98712,0,0.92389,0,0.88702,0.11645,0.8324,0.2948,0.76355,0.31109,0.71521,0.20874,0.65231,0.25087,0.54848,0.32097,0.52018,0.32748,0.4769,0.33307,0.43971,0.34173,0.38214,0.35329,0.34156,0.36813,0.28948,0.39685,0.18866,0.45589,0.04313,0.56337,0.00598,0.82463,0.0063,0.5567,0.79269,0.61201,0.38681],"triangles":[25,26,34,8,25,34,8,34,7,7,34,6,34,5,6,26,27,34,27,28,34,34,4,5,34,3,4,34,28,3,3,28,2,2,28,29,2,29,1,1,29,30,1,30,31,1,32,0,31,32,1,14,33,13,13,33,12,11,12,33,33,19,20,11,33,20,11,20,23,9,11,23,9,23,24,9,24,25,20,21,23,23,21,22,11,9,10,8,9,25,14,19,33,14,18,19,16,18,15,14,15,18,16,17,18],"vertices":[1,18,-9.14,13.88,1,1,18,6.31,16.37,1,1,18,22.17,17.13,1,1,18,29.39,17.48,1,1,18,34.52,18.38,1,1,18,39.23,19.2,1,2,19,-5.84,21.65,0.24535,18,47.57,20.66,0.75465,2,19,2.85,21.97,0.58104,18,56.13,22.15,0.41896,2,19,10.54,22.18,0.83108,18,63.73,23.4,0.16892,1,19,18.14,22.39,1,1,19,33.32,28.99,1,1,19,42.04,21.32,1,2,20,-20.93,7.87,0.06428,19,52.6,21.17,0.93572,2,20,-9.77,21.12,0.48387,19,69.92,20.94,0.51613,1,20,23.07,15.96,1,1,20,40,2.25,1,1,20,41.52,-11.65,1,1,20,37.92,-16.23,1,1,20,26.18,-17.98,1,2,20,9.64,-18.83,0.54245,19,51.35,-19.39,0.45755,2,20,4.03,-24.13,0.16553,19,43.69,-18.42,0.83447,1,19,33.9,-25.79,1,1,19,17.44,-23.18,1,1,19,12.87,-18.37,1,2,19,6.02,-18.06,0.81106,18,64.69,-17.08,0.18894,2,19,0.14,-17.79,0.56776,18,58.82,-17.61,0.43224,2,19,-8.97,-17.37,0.17847,18,49.74,-18.43,0.82153,1,18,43.29,-18.63,1,1,18,34.99,-18.89,1,1,18,18.95,-19.38,1,1,18,-4.41,-18.89,1,1,18,-11.38,-12.37,1,1,18,-14.19,5.7,1,1,19,55.57,-0.97,1,1,18,47.52,0.37,1],"hull":33,"edges":[0,64,0,2,26,28,28,30,30,32,32,34,60,62,62,64,34,36,36,38,38,40,40,42,26,24,24,22,22,20,20,18,42,44,44,46,58,60,58,56,2,4,4,6,46,48,48,50,50,52,52,54,54,56,6,8,8,10,10,12,12,14,14,16,16,18],"width":70,"height":158}},"necklace":{"necklace":{"x":27.8,"y":-0.45,"rotation":-87.24,"width":60,"height":32}},"shadow":{"shadow":{"x":0.08,"y":-3.71,"width":181,"height":66}},"skirt_1":{"skirt_1":{"x":-30.64,"y":-2.06,"width":95,"height":52}},"skirt_2":{"skirt_2":{"type":"mesh","uvs":[0.47046,0.00733,0.6569,0.02294,0.77292,0.06266,0.84521,0.17904,0.90315,0.27232,0.94452,0.39943,0.98599,0.52683,0.88687,0.63127,0.78575,0.73783,0.67231,0.82458,0.55459,0.9146,0.45501,0.98847,0.34676,0.94436,0.24421,0.90258,0.12403,0.84101,0.10263,0.6931,0.08121,0.54504,0.06111,0.40606,0.0555,0.11207,0.31179,0.00563,0.40616,0.30524,0.42216,0.45278,0.43416,0.57378,0.43616,0.71303,0.43016,0.81912],"triangles":[18,19,20,20,19,0,1,20,0,7,8,22,6,7,5,5,7,21,1,2,3,10,11,24,11,12,24,12,13,24,10,24,9,24,13,23,8,9,23,9,24,23,23,13,14,23,14,15,15,22,23,8,23,22,15,16,22,16,21,22,7,22,21,16,17,21,4,21,3,5,21,4,17,20,21,1,3,20,21,20,3,17,18,20],"vertices":[2,25,-19.86,4.13,0.30512,2,8.99,7.81,0.69488,1,25,-2.71,2.39,1,2,26,-3.05,4.61,0.86037,25,7.97,-2.02,0.13963,1,26,11.4,6.15,1,1,27,6.2,7.46,1,1,28,4.46,6.46,1,1,28,19.1,6.21,1,2,32,-9.57,44.15,0.16277,28,27.72,-5.76,0.83723,2,32,1.33,33.77,0.52675,28,36.52,-17.97,0.47325,2,32,9.93,22.47,0.82006,28,42.88,-30.66,0.17994,1,32,18.86,10.75,1,1,32,26.16,0.86,1,2,31,41.08,-7.65,0.1539,32,20.35,-8.59,0.8461,2,31,35.99,-16.84,0.60856,32,14.85,-17.55,0.39144,2,31,28.62,-27.55,0.92511,32,7,-27.91,0.07489,2,30,31.71,-28.28,0.20146,31,12.13,-28.72,0.79854,3,29,35.51,-30.19,0.16917,30,15.25,-30.02,0.44717,31,-4.39,-29.89,0.38366,4,29,20.04,-31.66,0.46497,30,-0.2,-31.67,0.3763,31,-19.88,-30.98,0.10281,2,-28.67,-36.45,0.05591,2,29,-12.6,-31.38,0.49801,2,-29.19,-3.82,0.50199,1,2,-5.61,8,1,1,29,9.63,0.35,1,1,30,5.43,1.48,1,2,30,18.87,2.4,0.37399,31,0.38,2.39,0.62601,2,31,15.83,1.82,0.87107,32,-4.44,2.01,0.12893,1,32,7.23,0.35,1],"hull":20,"edges":[16,18,18,20,16,14,14,12,8,10,10,12,8,6,6,4,4,2,0,38,2,0,22,20,22,24,24,26,26,28,28,30,34,32,32,30,36,38,34,36],"width":92,"height":111}},"skirt_3":{"skirt_3":{"type":"mesh","uvs":[0.38455,0.23839,0.47906,0.14062,0.56591,0.05078,0.76874,0.03201,1,0.09582,1,0.26392,0.85645,0.44014,0.75368,0.5663,0.67877,0.65826,0.5946,0.76159,0.51376,0.86083,0.41622,0.98057,0.20937,0.91589,0.01213,0.78729,0.06668,0.7067,0.13228,0.59341,0.20287,0.47304,0.27254,0.35426],"triangles":[3,4,5,3,1,2,3,5,1,5,0,1,6,0,5,17,0,6,7,17,6,16,17,7,8,16,7,15,16,8,9,15,8,14,15,9,10,14,9,12,13,14,10,12,14,11,12,10],"vertices":[1,22,8.46,-10.53,1,2,22,-1.61,-8.8,0.81756,21,-12.07,-3.26,0.18244,2,22,-10.85,-7.2,0.16845,21,-7.47,4.91,0.83155,1,21,3.28,6.62,1,2,22,-14.71,15.85,0.14299,21,15.54,0.82,0.85701,2,22,-0.29,20.98,0.6105,21,15.54,-14.48,0.3895,2,23,-1.83,19.2,0.44626,22,17.36,19.19,0.55374,2,23,10.8,17.82,0.91037,22,30.01,17.91,0.08963,2,24,-5.34,16.56,0.1788,23,20.01,16.81,0.8212,2,24,5.05,15.94,0.70097,23,30.36,15.67,0.29903,1,24,15.02,15.34,1,1,24,27.06,14.62,1,1,24,25.7,2.25,1,1,24,18.76,-11.82,1,1,24,10.87,-11.88,1,2,24,0.01,-12.51,0.54505,23,23.92,-12.49,0.45495,1,23,12.35,-12.55,1,2,23,0.92,-12.6,0.65118,22,20.38,-12.59,0.34882],"hull":18,"edges":[8,10,28,30,34,32,32,30,6,8,4,6,2,4,34,0,0,2,26,28,26,24,24,22,20,22,18,20,16,18,14,16,10,12,12,14],"width":53,"height":91}}}}],"events":{"finished_attacking":{}},"animations":{"attack_above":{"slots":{"boomerang":{"attachment":[{"time":0.7667,"name":null}]},"face_1_eye_close_1":{"attachment":[{"time":0.8333,"name":"face_1_eye_close_1"},{"time":0.9667,"name":null}]},"face_1_eye_close_1b":{"attachment":[{"time":0.8333,"name":"face_1_eye_close_1b"},{"time":0.9667,"name":null}]}},"bones":{"body2":{"rotate":[{"angle":0.84,"curve":0.375,"c2":0.62,"c3":0.716},{"time":0.1333,"angle":1.23,"curve":0.243,"c3":0.68,"c4":0.71},{"time":0.6667,"angle":11.29,"curve":0.375,"c2":0.62,"c3":0.716},{"time":0.8,"angle":-11.56,"curve":0.243,"c3":0.68,"c4":0.71},{"time":1.3333,"angle":0.84}]},"body3":{"rotate":[{"angle":0.15,"curve":0.349,"c2":0.39,"c3":0.689,"c4":0.74},{"time":0.1333,"angle":0.84,"curve":0.375,"c2":0.62,"c3":0.716},{"time":0.2667,"angle":1.23,"curve":0.245,"c3":0.637,"c4":0.56},{"time":0.6667,"angle":11.99,"curve":0.349,"c2":0.39,"c3":0.689,"c4":0.74},{"time":0.8,"angle":-6.79,"curve":0.375,"c2":0.62,"c3":0.716},{"time":1.3333,"angle":0.15}]},"body4":{"rotate":[{"angle":-10.63,"curve":0.331,"c2":0.33,"c3":0.665,"c4":0.66},{"time":0.2333,"angle":-26.4,"curve":0.334,"c2":0.34,"c3":0.67,"c4":0.68},{"time":0.6667,"angle":0.98,"curve":0.33,"c2":0.32,"c3":0.67,"c4":0.68},{"time":0.8,"angle":-9.47,"curve":0.363,"c2":0.44,"c3":0.711,"c4":0.83},{"time":1.2,"angle":-13.55,"curve":0.36,"c2":0.64,"c3":0.695},{"time":1.3333,"angle":-10.63}]},"body10":{"rotate":[{"angle":-11.35,"curve":0.324,"c2":0.3,"c3":0.658,"c4":0.63},{"time":0.2333,"angle":-14.86,"curve":0.322,"c2":0.3,"c3":0.658,"c4":0.64},{"time":0.6667,"angle":-13.65,"curve":0.311,"c2":0.26,"c3":0.651,"c4":0.61},{"time":0.8,"angle":-25.07,"curve":0.363,"c2":0.44,"c3":0.755},{"time":1.2,"angle":6.11,"curve":0.284,"c3":0.625,"c4":0.38},{"time":1.3333,"angle":-11.35}]},"body":{"rotate":[{"curve":0.25,"c3":0.75},{"time":0.6667,"angle":9.22,"curve":0.25,"c3":0.75},{"time":0.8,"angle":-40.18,"curve":0.25,"c3":0.75},{"time":1.3333}],"translate":[{"curve":0.25,"c3":0.75},{"time":0.6667,"x":-47.39,"y":-29,"curve":0.284,"c3":0.625,"c4":0.38},{"time":0.8,"x":5.16,"y":-34.49,"curve":0.32,"c2":0.29,"c3":0.757},{"time":1.3333}]},"hand_left_4":{"rotate":[{"angle":-1.26,"curve":0.375,"c2":0.62,"c3":0.716},{"time":0.1333,"angle":-1.76,"curve":0.242,"c3":0.663,"c4":0.65},{"time":0.6667,"angle":-17.62,"curve":0.38,"c2":0.59,"c3":0.727},{"time":0.8,"angle":-10.41,"curve":0.243,"c3":0.68,"c4":0.71},{"time":1.3333,"angle":-1.26}],"translate":[{"curve":0.25,"c3":0.75},{"time":0.6667,"x":1.72,"y":4.42},{"time":1.3333}]},"hand_left_3":{"rotate":[{"angle":-0.35,"curve":0.349,"c2":0.39,"c3":0.689,"c4":0.74},{"time":0.1333,"angle":-1.26,"curve":0.375,"c2":0.62,"c3":0.716},{"time":0.2667,"angle":-1.76,"curve":0.245,"c3":0.637,"c4":0.56},{"time":0.6667,"angle":12.58,"curve":0.349,"c2":0.39,"c3":0.689,"c4":0.74},{"time":0.8,"angle":96.14,"curve":0.375,"c2":0.62,"c3":0.716},{"time":0.9333,"angle":2.13,"curve":0.245,"c3":0.637,"c4":0.56},{"time":1.3333,"angle":-0.35}]},"hand_left_2":{"rotate":[{"angle":0.68,"curve":0.33,"c2":0.32,"c3":0.67,"c4":0.68},{"time":0.1333,"angle":-0.35,"curve":0.349,"c2":0.39,"c3":0.689,"c4":0.74},{"time":0.2667,"angle":-1.26,"curve":0.375,"c2":0.62,"c3":0.716},{"time":0.4,"angle":-1.76,"curve":0.258,"c3":0.619,"c4":0.45},{"time":0.6667,"angle":-0.33,"curve":0.33,"c2":0.32,"c3":0.67,"c4":0.68},{"time":0.8,"angle":0.7,"curve":0.381,"c2":0.55,"c3":0.742},{"time":1.0667,"angle":2.13,"curve":0.258,"c3":0.619,"c4":0.45},{"time":1.3333,"angle":0.68}]},"hand_left_1":{"rotate":[{"angle":0.68,"curve":0.33,"c2":0.32,"c3":0.67,"c4":0.68},{"time":0.1333,"angle":-0.35,"curve":0.349,"c2":0.39,"c3":0.689,"c4":0.74},{"time":0.2667,"angle":-1.26,"curve":0.375,"c2":0.62,"c3":0.716},{"time":0.4,"angle":-1.76,"curve":0.25,"c3":0.75},{"time":1.0667,"angle":2.13,"curve":0.258,"c3":0.619,"c4":0.45},{"time":1.3333,"angle":0.68}]},"hand_right_4":{"rotate":[{"angle":-1.78,"curve":0.25,"c3":0.75},{"time":0.6667,"angle":-19.57,"curve":0.284,"c3":0.625,"c4":0.38},{"time":0.8,"angle":-139.95,"curve":0.32,"c2":0.29,"c3":0.757},{"time":1.3333,"angle":-1.78}],"translate":[{"time":0.6667,"curve":0.25,"c3":0.75},{"time":0.8,"x":-12.47,"y":6.84,"curve":0.25,"c3":0.75},{"time":1.3333}]},"hand_right_3":{"rotate":[{"angle":-1.78,"curve":0.25,"c3":0.75},{"time":0.6667,"angle":38.76,"curve":0.284,"c3":0.625,"c4":0.38},{"time":0.8,"angle":-2.73,"curve":0.32,"c2":0.29,"c3":0.757},{"time":1.3333,"angle":-1.78}]},"hand_right_2":{"rotate":[{"angle":-1.78,"curve":0.25,"c3":0.75},{"time":0.6667,"angle":-3.13,"curve":0.25,"c3":0.75},{"time":1.3333,"angle":-1.78}]},"hand_right_1":{"rotate":[{"angle":-1.78,"curve":0.25,"c3":0.75},{"time":0.6667,"angle":-3.13,"curve":0.25,"c3":0.75},{"time":1.3333,"angle":-1.78}]},"head":{"rotate":[{"angle":-11.35,"curve":0.311,"c2":0.26,"c3":0.651,"c4":0.61},{"time":0.2333,"angle":3.41,"curve":0.33,"c2":0.32,"c3":0.67,"c4":0.68},{"time":0.6667,"angle":-19.65,"curve":0.311,"c2":0.26,"c3":0.651,"c4":0.61},{"time":0.8,"angle":47.84,"curve":0.363,"c2":0.44,"c3":0.755},{"time":1.2,"angle":-11.73,"curve":0.284,"c3":0.625,"c4":0.38},{"time":1.3333,"angle":-11.35}]},"leg_right3":{"translate":[{"time":0.6667,"curve":0.25,"c3":0.75},{"time":0.8,"x":-79.82,"y":51.82,"curve":0.25,"c3":0.75},{"time":0.9333,"x":-77.71,"y":36.01,"curve":0.25,"c3":0.75},{"time":1.1}]},"skirt_2":{"rotate":[{"curve":0.25,"c3":0.75},{"time":0.6667,"angle":1.37,"curve":0.25,"c3":0.75},{"time":0.8667,"angle":-86.45,"curve":0.25,"c3":0.75},{"time":1.3333}]},"skirt_3":{"rotate":[{"curve":0.25,"c3":0.75},{"time":0.6667,"angle":1.37,"curve":0.245,"c3":0.637,"c4":0.56},{"time":0.8,"angle":21.41,"curve":0.381,"c2":0.55,"c3":0.742},{"time":0.9667,"angle":-64.48,"curve":0.25,"c3":0.75},{"time":1.3333}]},"skirt_4":{"rotate":[{"curve":0.25,"c3":0.75},{"time":0.6667,"angle":1.37,"curve":0.245,"c3":0.637,"c4":0.56},{"time":0.8,"angle":21.41,"curve":0.381,"c2":0.55,"c3":0.742},{"time":0.9667,"angle":-64.48,"curve":0.25,"c3":0.75},{"time":1.3333}]},"skirt_6":{"rotate":[{"curve":0.25,"c3":0.75},{"time":0.6667,"angle":-0.57,"curve":0.25,"c3":0.75},{"time":0.8,"angle":66.04,"curve":0.25,"c3":0.75},{"time":1.3333}],"translate":[{"time":0.6667,"curve":0.25,"c3":0.75},{"time":0.8,"x":5.92,"y":13.98,"curve":0.25,"c3":0.75},{"time":1.3333}]},"skirt_7":{"rotate":[{"curve":0.25,"c3":0.75},{"time":0.6667,"angle":-0.57,"curve":0.25,"c3":0.75},{"time":0.8,"angle":12.15,"curve":0.25,"c3":0.75},{"time":1.3333}]},"skirt_8":{"rotate":[{"curve":0.25,"c3":0.75},{"time":0.6667,"angle":-0.57,"curve":0.25,"c3":0.75},{"time":0.8,"angle":12.15,"curve":0.25,"c3":0.75},{"time":1.3333}]},"body5":{"rotate":[{"curve":0.25,"c3":0.75},{"time":0.6667,"angle":1.23,"curve":0.25,"c3":0.75},{"time":0.8,"angle":16.38,"curve":0.25,"c3":0.75},{"time":1.3333}]},"body6":{"rotate":[{"curve":0.25,"c3":0.75},{"time":0.6667,"angle":1.23,"curve":0.25,"c3":0.75},{"time":0.8,"angle":16.38,"curve":0.25,"c3":0.75},{"time":1.3333}]},"body7":{"rotate":[{"curve":0.25,"c3":0.75},{"time":0.6667,"angle":1.23,"curve":0.25,"c3":0.75},{"time":0.8,"angle":16.38,"curve":0.25,"c3":0.75},{"time":1.3333}]},"body8":{"rotate":[{"curve":0.25,"c3":0.75},{"time":0.6667,"angle":1.23,"curve":0.25,"c3":0.75},{"time":0.8,"angle":16.38,"curve":0.25,"c3":0.75},{"time":1.3333}]},"hair_back3":{"rotate":[{"angle":3.86,"curve":0.33,"c2":0.32,"c3":0.67,"c4":0.68},{"time":0.1333,"angle":3.51,"curve":0.339,"c2":0.35,"c3":0.673,"c4":0.69},{"time":0.6667,"angle":7,"curve":0.335,"c2":0.34,"c3":0.669,"c4":0.67},{"time":0.7333,"angle":12.89,"curve":0.336,"c2":0.34,"c3":0.669,"c4":0.68},{"time":0.8333,"angle":-38.07,"curve":0.342,"c2":0.37,"c3":0.676,"c4":0.7},{"time":1.3333,"angle":3.86}]},"hair_back5":{"rotate":[{"angle":-7.39,"curve":0.284,"c3":0.625,"c4":0.38},{"time":0.1333,"angle":-6.35,"curve":0.322,"c2":0.29,"c3":0.656,"c4":0.63},{"time":0.6667,"angle":-3.29,"curve":0.331,"c2":0.33,"c3":0.665,"c4":0.66},{"time":0.7333,"angle":2.21,"curve":0.332,"c2":0.33,"c3":0.665,"c4":0.66},{"time":0.8333,"angle":38.83,"curve":0.333,"c2":0.33,"c3":0.666,"c4":0.66},{"time":0.9333,"angle":-68.38,"curve":0.329,"c2":0.32,"c3":0.663,"c4":0.65},{"time":1.3333,"angle":-7.39}]},"hair_back":{"rotate":[{"angle":7.78,"curve":0.375,"c2":0.62,"c3":0.716},{"time":0.1333,"angle":6.38,"curve":0.254,"c3":0.621,"c4":0.47},{"time":0.6667,"angle":10.42,"curve":0.332,"c2":0.33,"c3":0.668,"c4":0.67},{"time":0.7333,"angle":0.75,"curve":0.338,"c2":0.35,"c3":0.673,"c4":0.69},{"time":0.8333,"angle":-72.03,"curve":0.382,"c2":0.57,"c3":0.735},{"time":1.3333,"angle":7.78}]},"hair_back4":{"rotate":[{"angle":-3.92,"curve":0.311,"c2":0.26,"c3":0.651,"c4":0.61},{"time":0.1333,"angle":0.15,"curve":0.331,"c2":0.32,"c3":0.665,"c4":0.66},{"time":0.6667,"angle":1.75,"curve":0.333,"c2":0.33,"c3":0.667,"c4":0.67},{"time":0.7333,"angle":7.01,"curve":0.333,"c2":0.33,"c3":0.667,"c4":0.67},{"time":0.8333,"angle":43.24,"curve":0.333,"c2":0.33,"c3":0.667,"c4":0.67},{"time":0.9333,"angle":-63.91,"curve":0.335,"c2":0.34,"c3":0.669,"c4":0.67},{"time":1.3333,"angle":-3.92}]},"hair_back2":{"rotate":[{"angle":5.94,"curve":0.349,"c2":0.39,"c3":0.689,"c4":0.74},{"time":0.1333,"angle":5.35,"curve":0.349,"c2":0.41,"c3":0.684,"c4":0.75},{"time":0.6667,"angle":-36.84,"curve":0.338,"c2":0.37,"c3":0.672,"c4":0.7},{"time":0.7333,"angle":-0.41,"curve":0.339,"c2":0.38,"c3":0.672,"c4":0.71},{"time":0.8333,"angle":54.24,"curve":0.352,"c2":0.65,"c3":0.687},{"time":1.3333,"angle":5.94}]},"face_2_eye_2":{"translate":[{"x":-3.03,"y":2.67}]}},"drawOrder":[{"offsets":[{"slot":"necklace","offset":4}]},{"time":0.4333,"offsets":[{"slot":"necklace","offset":-18}]},{"time":0.8,"offsets":[{"slot":"hand_right_4","offset":1}]},{"time":1.1333,"offsets":[{"slot":"necklace","offset":4}]}],"events":[{"time":0.7333,"name":"finished_attacking"}]},"attack_below":{"slots":{"boomerang":{"attachment":[{"time":0.8,"name":null}]},"face_1_eye_close_1":{"attachment":[{"time":0.8667,"name":"face_1_eye_close_1"},{"time":0.9667,"name":null}]},"face_1_eye_close_1b":{"attachment":[{"time":0.8667,"name":"face_1_eye_close_1b"},{"time":0.9667,"name":null}]}},"bones":{"body2":{"rotate":[{"angle":0.84,"curve":0.375,"c2":0.62,"c3":0.716},{"time":0.1333,"angle":1.23,"curve":0.243,"c3":0.68,"c4":0.71},{"time":0.6667,"angle":-2.8,"curve":0.375,"c2":0.62,"c3":0.716},{"time":0.8,"angle":-11.56,"curve":0.243,"c3":0.68,"c4":0.71},{"time":1.3333,"angle":0.84}]},"body3":{"rotate":[{"angle":0.15,"curve":0.349,"c2":0.39,"c3":0.689,"c4":0.74},{"time":0.1333,"angle":0.84,"curve":0.375,"c2":0.62,"c3":0.716},{"time":0.2667,"angle":1.23,"curve":0.245,"c3":0.637,"c4":0.56},{"time":0.6667,"angle":-0.51,"curve":0.349,"c2":0.39,"c3":0.689,"c4":0.74},{"time":0.8,"angle":-6.79,"curve":0.375,"c2":0.62,"c3":0.716},{"time":1.3333,"angle":0.15}]},"body4":{"rotate":[{"angle":9.37,"curve":0.331,"c2":0.33,"c3":0.665,"c4":0.66},{"time":0.2333,"angle":-6.4,"curve":0.334,"c2":0.34,"c3":0.67,"c4":0.68},{"time":0.6667,"angle":8.73,"curve":0.33,"c2":0.32,"c3":0.67,"c4":0.68},{"time":0.8,"angle":-7.73,"curve":0.363,"c2":0.44,"c3":0.711,"c4":0.83},{"time":1.2,"angle":8.6,"curve":0.36,"c2":0.64,"c3":0.695},{"time":1.3333,"angle":9.37}]},"body10":{"rotate":[{"angle":-11.67,"curve":0.324,"c2":0.3,"c3":0.658,"c4":0.63},{"time":0.2333,"angle":-5.81,"curve":0.322,"c2":0.3,"c3":0.658,"c4":0.64},{"time":0.6667,"angle":32.65,"curve":0.311,"c2":0.26,"c3":0.651,"c4":0.61},{"time":0.8,"angle":-5.07,"curve":0.363,"c2":0.44,"c3":0.755},{"time":1.2,"angle":8.27,"curve":0.284,"c3":0.625,"c4":0.38},{"time":1.3333,"angle":-11.67}],"translate":[{"curve":0.25,"c3":0.75},{"time":0.6667,"x":7.02,"y":-4.86},{"time":1.3333}]},"body":{"rotate":[{"curve":0.25,"c3":0.75},{"time":0.6667,"angle":12.38,"curve":0.25,"c3":0.75},{"time":0.8,"angle":-30.83,"curve":0.25,"c3":0.75},{"time":1.3333}],"translate":[{"curve":0.25,"c3":0.75},{"time":0.6667,"x":-32.18,"y":-30.76,"curve":0.284,"c3":0.625,"c4":0.38},{"time":0.8,"x":49.5,"y":26.61,"curve":0.32,"c2":0.29,"c3":0.757},{"time":1.3333}]},"hand_left_4":{"rotate":[{"angle":-1.26,"curve":0.375,"c2":0.62,"c3":0.716},{"time":0.1333,"angle":-1.76,"curve":0.242,"c3":0.663,"c4":0.65},{"time":0.6667,"angle":-71.74,"curve":0.38,"c2":0.59,"c3":0.727},{"time":0.8,"angle":-10.41,"curve":0.243,"c3":0.68,"c4":0.71},{"time":1.3333,"angle":-1.26}],"translate":[{"curve":0.25,"c3":0.75},{"time":0.6667,"x":1,"y":-16.71},{"time":1.3333}]},"hand_left_3":{"rotate":[{"angle":-0.35,"curve":0.349,"c2":0.39,"c3":0.689,"c4":0.74},{"time":0.1333,"angle":-1.26,"curve":0.375,"c2":0.62,"c3":0.716},{"time":0.2667,"angle":-1.76,"curve":0.245,"c3":0.637,"c4":0.56},{"time":0.6667,"angle":-0.92,"curve":0.349,"c2":0.39,"c3":0.689,"c4":0.74},{"time":0.8,"angle":96.14,"curve":0.375,"c2":0.62,"c3":0.716},{"time":0.9333,"angle":2.13,"curve":0.245,"c3":0.637,"c4":0.56},{"time":1.3333,"angle":-0.35}]},"hand_left_2":{"rotate":[{"angle":0.68,"curve":0.33,"c2":0.32,"c3":0.67,"c4":0.68},{"time":0.1333,"angle":-0.35,"curve":0.349,"c2":0.39,"c3":0.689,"c4":0.74},{"time":0.2667,"angle":-1.26,"curve":0.375,"c2":0.62,"c3":0.716},{"time":0.4,"angle":-1.76,"curve":0.258,"c3":0.619,"c4":0.45},{"time":0.6667,"angle":-0.33,"curve":0.33,"c2":0.32,"c3":0.67,"c4":0.68},{"time":0.8,"angle":0.7,"curve":0.381,"c2":0.55,"c3":0.742},{"time":1.0667,"angle":2.13,"curve":0.258,"c3":0.619,"c4":0.45},{"time":1.3333,"angle":0.68}]},"hand_left_1":{"rotate":[{"angle":0.68,"curve":0.33,"c2":0.32,"c3":0.67,"c4":0.68},{"time":0.1333,"angle":-0.35,"curve":0.349,"c2":0.39,"c3":0.689,"c4":0.74},{"time":0.2667,"angle":-1.26,"curve":0.375,"c2":0.62,"c3":0.716},{"time":0.4,"angle":-1.76,"curve":0.25,"c3":0.75},{"time":1.0667,"angle":2.13,"curve":0.258,"c3":0.619,"c4":0.45},{"time":1.3333,"angle":0.68}]},"hand_right_4":{"rotate":[{"angle":-1.78,"curve":0.25,"c3":0.75},{"time":0.6667,"angle":-29.81,"curve":0.284,"c3":0.625,"c4":0.38},{"time":0.8,"angle":-75.3,"curve":0.32,"c2":0.29,"c3":0.757},{"time":1.3333,"angle":-1.78}]},"hand_right_3":{"rotate":[{"angle":-1.78,"curve":0.25,"c3":0.75},{"time":0.6667,"angle":33.78,"curve":0.284,"c3":0.625,"c4":0.38},{"time":0.8,"angle":-2.73,"curve":0.32,"c2":0.29,"c3":0.757},{"time":1.3333,"angle":-1.78}]},"hand_right_2":{"rotate":[{"angle":-1.78,"curve":0.25,"c3":0.75},{"time":0.6667,"angle":-3.13,"curve":0.25,"c3":0.75},{"time":1.3333,"angle":-1.78}]},"hand_right_1":{"rotate":[{"angle":-1.78,"curve":0.25,"c3":0.75},{"time":0.6667,"angle":-3.13,"curve":0.25,"c3":0.75},{"time":1.3333,"angle":-1.78}]},"hair_back":{"rotate":[{"angle":1.3,"curve":0.375,"c2":0.62,"c3":0.716},{"time":0.1333,"angle":2.32,"curve":0.254,"c3":0.621,"c4":0.47},{"time":0.6667,"angle":-7.45,"curve":0.332,"c2":0.33,"c3":0.668,"c4":0.67},{"time":0.7333,"angle":0.75,"curve":0.338,"c2":0.35,"c3":0.673,"c4":0.69},{"time":0.8333,"angle":-72.03,"curve":0.382,"c2":0.57,"c3":0.735},{"time":1.3333,"angle":1.3}]},"hair_back2":{"rotate":[{"angle":-0.54,"curve":0.349,"c2":0.39,"c3":0.689,"c4":0.74},{"time":0.1333,"angle":1.3,"curve":0.349,"c2":0.41,"c3":0.684,"c4":0.75},{"time":0.6667,"angle":-9.2,"curve":0.338,"c2":0.37,"c3":0.672,"c4":0.7},{"time":0.7333,"angle":-0.41,"curve":0.339,"c2":0.38,"c3":0.672,"c4":0.71},{"time":0.8333,"angle":32.64,"curve":0.352,"c2":0.65,"c3":0.687},{"time":1.3333,"angle":-0.54}]},"hair_back3":{"rotate":[{"angle":-2.63,"curve":0.33,"c2":0.32,"c3":0.67,"c4":0.68},{"time":0.1333,"angle":-0.54,"curve":0.339,"c2":0.35,"c3":0.673,"c4":0.69},{"time":0.6667,"angle":-10.88,"curve":0.335,"c2":0.34,"c3":0.669,"c4":0.67},{"time":0.7333,"angle":12.89,"curve":0.336,"c2":0.34,"c3":0.669,"c4":0.68},{"time":0.8333,"angle":-38.07,"curve":0.342,"c2":0.37,"c3":0.676,"c4":0.7},{"time":1.3333,"angle":-2.63}]},"hair_back4":{"rotate":[{"angle":-10.41,"curve":0.311,"c2":0.26,"c3":0.651,"c4":0.61},{"time":0.1333,"angle":-3.9,"curve":0.331,"c2":0.32,"c3":0.665,"c4":0.66},{"time":0.6667,"angle":-16.13,"curve":0.333,"c2":0.33,"c3":0.667,"c4":0.67},{"time":0.7333,"angle":7.01,"curve":0.333,"c2":0.33,"c3":0.667,"c4":0.67},{"time":0.8333,"angle":43.24,"curve":0.333,"c2":0.33,"c3":0.667,"c4":0.67},{"time":0.9333,"angle":-63.91,"curve":0.335,"c2":0.34,"c3":0.669,"c4":0.67},{"time":1.3333,"angle":-10.41}]},"hair_back5":{"rotate":[{"angle":-13.87,"curve":0.284,"c3":0.625,"c4":0.38},{"time":0.1333,"angle":-10.41,"curve":0.322,"c2":0.29,"c3":0.656,"c4":0.63},{"time":0.6667,"angle":-21.17,"curve":0.331,"c2":0.33,"c3":0.665,"c4":0.66},{"time":0.7333,"angle":2.21,"curve":0.332,"c2":0.33,"c3":0.665,"c4":0.66},{"time":0.8333,"angle":38.83,"curve":0.333,"c2":0.33,"c3":0.666,"c4":0.66},{"time":0.9333,"angle":-68.38,"curve":0.329,"c2":0.32,"c3":0.663,"c4":0.65},{"time":1.3333,"angle":-13.87}]},"head":{"rotate":[{"angle":8.65,"curve":0.311,"c2":0.26,"c3":0.651,"c4":0.61},{"time":0.2333,"angle":23.41,"curve":0.33,"c2":0.32,"c3":0.67,"c4":0.68},{"time":0.6667,"angle":-65.89,"curve":0.311,"c2":0.26,"c3":0.651,"c4":0.61},{"time":0.8,"angle":67.84,"curve":0.363,"c2":0.44,"c3":0.755},{"time":1.2,"angle":8.27,"curve":0.284,"c3":0.625,"c4":0.38},{"time":1.3333,"angle":8.65}]},"leg_right3":{"translate":[{"time":0.6667,"curve":0.25,"c3":0.75},{"time":0.8,"x":-60.46,"y":74.9,"curve":0.25,"c3":0.75},{"time":0.9333,"x":-54.1,"y":62.19,"curve":0.25,"c3":0.75},{"time":1.1}]},"skirt_2":{"rotate":[{"curve":0.252,"c3":0.622,"c4":0.48},{"time":0.3,"angle":-17.83,"curve":0.372,"c2":0.48,"c3":0.752},{"time":0.6667,"angle":-17.86,"curve":0.25,"c3":0.75},{"time":0.8667,"angle":-86.45,"curve":0.25,"c3":0.75},{"time":1.3333}]},"skirt_3":{"rotate":[{"curve":0.25,"c3":0.75},{"time":0.6667,"angle":1.37,"curve":0.245,"c3":0.637,"c4":0.56},{"time":0.8,"angle":21.41,"curve":0.381,"c2":0.55,"c3":0.742},{"time":0.9667,"angle":-64.48,"curve":0.25,"c3":0.75},{"time":1.3333}]},"skirt_4":{"rotate":[{"curve":0.25,"c3":0.75},{"time":0.6667,"angle":1.37,"curve":0.245,"c3":0.637,"c4":0.56},{"time":0.8,"angle":21.41,"curve":0.381,"c2":0.55,"c3":0.742},{"time":0.9667,"angle":-64.48,"curve":0.25,"c3":0.75},{"time":1.3333}]},"skirt_6":{"rotate":[{"curve":0.25,"c3":0.75},{"time":0.6667,"angle":22.49,"curve":0.25,"c3":0.75},{"time":0.8,"angle":12.15,"curve":0.25,"c3":0.75},{"time":1.3333}]},"skirt_7":{"rotate":[{"curve":0.25,"c3":0.75},{"time":0.6667,"angle":-0.57,"curve":0.25,"c3":0.75},{"time":0.8,"angle":12.15,"curve":0.25,"c3":0.75},{"time":1.3333}]},"skirt_8":{"rotate":[{"curve":0.25,"c3":0.75},{"time":0.6667,"angle":-0.57,"curve":0.25,"c3":0.75},{"time":0.8,"angle":12.15,"curve":0.25,"c3":0.75},{"time":1.3333}]},"body5":{"rotate":[{"curve":0.25,"c3":0.75},{"time":0.6667,"angle":1.23,"curve":0.25,"c3":0.75},{"time":0.8,"angle":-15.02,"curve":0.25,"c3":0.75},{"time":1.3333}]},"body6":{"rotate":[{"curve":0.25,"c3":0.75},{"time":0.6667,"angle":1.23,"curve":0.25,"c3":0.75},{"time":0.8,"angle":-15.02,"curve":0.25,"c3":0.75},{"time":1.3333}]},"body7":{"rotate":[{"curve":0.25,"c3":0.75},{"time":0.6667,"angle":1.23,"curve":0.25,"c3":0.75},{"time":0.8,"angle":-15.02,"curve":0.25,"c3":0.75},{"time":1.3333}]},"body8":{"rotate":[{"curve":0.25,"c3":0.75},{"time":0.6667,"angle":1.23,"curve":0.25,"c3":0.75},{"time":0.8,"angle":-15.02,"curve":0.25,"c3":0.75},{"time":1.3333}]},"face_2_eye_2":{"translate":[{"x":1.08,"y":-0.58}]}},"ik":{"leg_right3":[{"time":0.8,"stretch":true}]},"events":[{"time":0.7333,"name":"finished_attacking"}]},"die":{"slots":{"boomerang":{"attachment":[{"time":0.6667,"name":null}]},"face_1_brown_1b":{"attachment":[{"time":0.0333,"name":"face_1_brown_1b"}]},"face_1_brown_2b":{"attachment":[{"time":0.0333,"name":"face_1_brown_2b"}]},"face_1_eye_close_1":{"attachment":[{"time":0.0333,"name":"face_1_eye_close_1"}]},"face_1_eye_close_1b":{"attachment":[{"time":0.0333,"name":"face_1_eye_close_1b"}]},"face_1_mouthb":{"attachment":[{"time":0.0333,"name":"face_1_mouthb"}]},"face_1_noseb":{"attachment":[{"time":0.0333,"name":"face_1_noseb"}]},"face_2_brown_1":{"attachment":[{"time":0.0333,"name":null}]},"face_2_brown_2":{"attachment":[{"time":0.0333,"name":null}]},"face_2_eye_1":{"attachment":[{"time":0.0333,"name":null}]},"face_2_eye_2":{"attachment":[{"time":0.3,"name":null}]},"face_2_eye_3":{"attachment":[{"time":0.0333,"name":null}]},"face_2_eye_4":{"attachment":[{"time":0.3,"name":null}]},"face_2_eye_5":{"attachment":[{"time":0.0333,"name":null}]},"face_2_eye_6":{"attachment":[{"time":0.0333,"name":null}]},"face_2_mouth":{"attachment":[{"time":0.0333,"name":null}]},"face_2_nose":{"attachment":[{"time":0.0333,"name":null}]}},"bones":{"hair_back2":{"rotate":[{"angle":-0.54,"curve":0.349,"c2":0.39,"c3":0.689,"c4":0.74},{"time":0.1,"angle":-7.1,"curve":0.339,"c2":0.36,"c3":0.672,"c4":0.69},{"time":0.3,"angle":-3.24,"curve":0.338,"c2":0.36,"c3":0.672,"c4":0.69},{"time":0.4667,"angle":-7.05,"curve":0.338,"c2":0.36,"c3":0.671,"c4":0.69},{"time":0.6,"angle":-1.58,"curve":0.336,"c2":0.35,"c3":0.669,"c4":0.68},{"time":0.6667,"angle":9.77,"curve":0.342,"c2":0.4,"c3":0.676,"c4":0.73},{"time":0.9,"angle":4.95,"curve":0.353,"c2":0.65,"c3":0.688},{"time":1.3333,"angle":-0.54}]},"hair_back3":{"rotate":[{"angle":-2.63,"curve":0.33,"c2":0.32,"c3":0.67,"c4":0.68},{"time":0.1667,"angle":-37.71,"curve":0.335,"c2":0.34,"c3":0.668,"c4":0.67},{"time":0.3,"angle":18.95,"curve":0.335,"c2":0.34,"c3":0.669,"c4":0.67},{"time":0.4667,"angle":-7.56,"curve":0.335,"c2":0.34,"c3":0.668,"c4":0.67},{"time":0.6,"angle":-1.39,"curve":0.334,"c2":0.34,"c3":0.668,"c4":0.67},{"time":0.6667,"angle":10.72,"curve":0.337,"c2":0.35,"c3":0.671,"c4":0.68},{"time":0.9,"angle":6.49,"curve":0.342,"c2":0.37,"c3":0.676,"c4":0.7},{"time":1.3333,"angle":-2.63}]},"hair_back4":{"rotate":[{"angle":-10.41,"curve":0.319,"c2":0.28,"c3":0.655,"c4":0.62},{"time":0.1667,"angle":-56.78,"curve":0.327,"c2":0.31,"c3":0.661,"c4":0.65},{"time":0.3,"angle":34.92,"curve":0.333,"c2":0.33,"c3":0.666,"c4":0.67},{"time":0.4,"angle":-13.32,"curve":0.333,"c2":0.33,"c3":0.666,"c4":0.67},{"time":0.4667,"angle":-11.98,"curve":0.333,"c2":0.33,"c3":0.666,"c4":0.67},{"time":0.6,"angle":-6.19,"curve":0.333,"c2":0.33,"c3":0.667,"c4":0.67},{"time":0.6667,"angle":5.84,"curve":0.333,"c2":0.33,"c3":0.667,"c4":0.67},{"time":0.9,"angle":0.85,"curve":0.335,"c2":0.34,"c3":0.669,"c4":0.67},{"time":1.3333,"angle":-10.41}]},"hair_back5":{"rotate":[{"angle":-13.87,"curve":0.302,"c3":0.638,"c4":0.36},{"time":0.1667,"angle":-54.27,"curve":0.316,"c2":0.25,"c3":0.651,"c4":0.59},{"time":0.3,"angle":47.94,"curve":0.349,"c2":0.39,"c3":0.689,"c4":0.74},{"time":0.4,"angle":-0.79,"curve":0.375,"c2":0.62,"c3":0.716},{"time":0.5,"angle":13,"curve":0.25,"c3":0.75},{"time":1,"angle":-13.87}]},"body2":{"rotate":[{"angle":0.84,"curve":0.375,"c2":0.62,"c3":0.716},{"time":0.1,"angle":1.23,"curve":0.25,"c3":0.75},{"time":0.6,"angle":-1.73,"curve":0.243,"c3":0.68,"c4":0.71},{"time":1,"angle":0.84}]},"body3":{"rotate":[{"angle":0.15,"curve":0.349,"c2":0.39,"c3":0.689,"c4":0.74},{"time":0.2,"angle":-6.76,"curve":0.25,"c3":0.75},{"time":0.5333,"angle":-21.07,"curve":0.265,"c3":0.618,"c4":0.43},{"time":0.7,"angle":-1.63}]},"body4":{"rotate":[{"angle":-0.63,"curve":0.33,"c2":0.32,"c3":0.67,"c4":0.68},{"time":0.2,"angle":-7.14,"curve":0.375,"c2":0.62,"c3":0.716},{"time":0.3,"angle":1.23,"curve":0.25,"c3":0.75},{"time":0.5333,"angle":-21.07,"curve":0.265,"c3":0.618,"c4":0.43},{"time":0.7,"angle":-1.63}]},"body10":{"rotate":[{"angle":-1.35,"curve":0.311,"c2":0.26,"c3":0.651,"c4":0.61},{"time":0.2,"angle":-7.83,"curve":0.349,"c2":0.39,"c3":0.689,"c4":0.74},{"time":0.3,"angle":0.84,"curve":0.375,"c2":0.62,"c3":0.716},{"time":0.4,"angle":1.23,"curve":0.25,"c3":0.75},{"time":0.5333,"angle":-21.07,"curve":0.265,"c3":0.618,"c4":0.43},{"time":0.7,"angle":-1.63}]},"body":{"rotate":[{"curve":0.25,"c3":0.75},{"time":0.2667,"angle":64.54,"curve":0.25,"c3":0.75},{"time":0.5333,"angle":76.62,"curve":0.25,"c3":0.75},{"time":0.6333,"angle":90.29,"curve":0.25,"c3":0.75},{"time":0.7333,"angle":86.22}],"translate":[{"curve":0,"c2":0.41,"c3":0.75},{"time":0.2667,"x":-24.59,"y":54.6,"curve":0.25,"c4":0.62},{"time":0.5333,"x":-120.98,"y":-112.6,"curve":0,"c2":0.19,"c3":0.75},{"time":0.6333,"x":-129.34,"y":-89.39,"curve":0.25,"c4":0.69},{"time":0.7333,"x":-142.47,"y":-112.6}]},"hand_left_4":{"rotate":[{"angle":-1.26,"curve":0.375,"c2":0.62,"c3":0.716},{"time":0.1,"angle":-1.76,"curve":0.25,"c3":0.75},{"time":0.6,"angle":2.13,"curve":0.297,"c3":0.634,"c4":0.37},{"time":0.6667,"angle":29.11}]},"hand_left_3":{"rotate":[{"angle":-0.35,"curve":0.349,"c2":0.39,"c3":0.689,"c4":0.74},{"time":0.1,"angle":-1.26,"curve":0.375,"c2":0.62,"c3":0.716},{"time":0.2,"angle":-1.76,"curve":0.246,"c3":0.723,"c4":0.88},{"time":0.6667,"angle":69.6}]},"hand_left_2":{"rotate":[{"angle":0.68,"curve":0.33,"c2":0.32,"c3":0.67,"c4":0.68},{"time":0.1,"angle":-0.35,"curve":0.349,"c2":0.39,"c3":0.689,"c4":0.74},{"time":0.2,"angle":-1.26,"curve":0.375,"c2":0.62,"c3":0.716},{"time":0.3,"angle":-1.76,"curve":0.25,"c3":0.75},{"time":0.8,"angle":2.13,"curve":0.258,"c3":0.619,"c4":0.45},{"time":1,"angle":0.68}]},"hand_left_1":{"rotate":[{"angle":0.68,"curve":0.33,"c2":0.32,"c3":0.67,"c4":0.68},{"time":0.1,"angle":-0.35,"curve":0.349,"c2":0.39,"c3":0.689,"c4":0.74},{"time":0.2,"angle":-1.26,"curve":0.375,"c2":0.62,"c3":0.716},{"time":0.3,"angle":-1.76,"curve":0.25,"c3":0.75},{"time":0.8,"angle":2.13,"curve":0.258,"c3":0.619,"c4":0.45},{"time":1,"angle":0.68}]},"hand_right_4":{"rotate":[{"angle":-1.78,"curve":0.265,"c3":0.618,"c4":0.43},{"time":0.1667,"angle":-78.78,"curve":0.331,"c2":0.33,"c3":0.698,"c4":0.77},{"time":0.4,"angle":-140.06,"curve":0.375,"c2":0.62,"c3":0.716},{"time":0.4667,"angle":-132.36,"curve":0.265,"c3":0.618,"c4":0.43},{"time":0.6667,"angle":-42.3,"curve":0.351,"c2":0.4,"c3":0.757},{"time":1,"angle":-1.78}]},"hand_right_3":{"rotate":[{"angle":-1.78,"curve":0.265,"c3":0.618,"c4":0.43},{"time":0.1667,"angle":79.77,"curve":0.331,"c2":0.33,"c3":0.698,"c4":0.77},{"time":0.4,"angle":90.5,"curve":0.375,"c2":0.62,"c3":0.716},{"time":0.5,"angle":-3.13,"curve":0.265,"c3":0.618,"c4":0.43},{"time":0.6667,"angle":44.37,"curve":0.351,"c2":0.4,"c3":0.757},{"time":1,"angle":-1.78}]},"hand_right_2":{"rotate":[{"angle":-1.78,"curve":0.25,"c3":0.75},{"time":0.5,"angle":-3.13,"curve":0.25,"c3":0.75},{"time":1,"angle":-1.78}]},"hand_right_1":{"rotate":[{"angle":-1.78,"curve":0.25,"c3":0.75},{"time":0.5,"angle":-3.13,"curve":0.25,"c3":0.75},{"time":1,"angle":-1.78}]},"hair_back":{"rotate":[{"angle":1.3,"curve":0.375,"c2":0.62,"c3":0.716},{"time":0.1,"angle":-6.08,"curve":0.291,"c3":0.63,"c4":0.37},{"time":0.3,"angle":-3.19,"curve":0.314,"c2":0.26,"c3":0.65,"c4":0.6},{"time":0.4667,"angle":-4.45,"curve":0.325,"c2":0.31,"c3":0.66,"c4":0.65},{"time":0.6,"angle":1.36,"curve":0.331,"c2":0.33,"c3":0.665,"c4":0.66},{"time":0.6667,"angle":13.7,"curve":0.335,"c2":0.34,"c3":0.674,"c4":0.69},{"time":0.9,"angle":8.88,"curve":0.382,"c2":0.56,"c3":0.737},{"time":1.3333,"angle":1.3}]},"head":{"rotate":[{"angle":-1.35,"curve":0.311,"c2":0.26,"c3":0.651,"c4":0.61},{"time":0.2,"angle":-7.83,"curve":0.349,"c2":0.39,"c3":0.689,"c4":0.74},{"time":0.3,"angle":0.84,"curve":0.375,"c2":0.62,"c3":0.716},{"time":0.4,"angle":1.23,"curve":0.25,"c3":0.75},{"time":0.5333,"angle":-21.07,"curve":0.265,"c3":0.618,"c4":0.43},{"time":0.7,"angle":-1.63}]},"leg_right3":{"rotate":[{"curve":0.243,"c3":0.68,"c4":0.71},{"time":0.4,"angle":175.51,"curve":0.375,"c2":0.62,"c3":0.716},{"time":0.5,"angle":-176.36,"curve":0.25,"c3":0.75},{"time":0.6667,"angle":155.46,"curve":0.25,"c3":0.75},{"time":0.8333,"angle":172.25}],"translate":[{"curve":0.25,"c3":0.75},{"time":0.1,"x":66.49,"y":47.21,"curve":0.25,"c3":0.625,"c4":0.5},{"time":0.1667,"x":64.18,"y":47.78,"curve":0.375,"c2":0.5,"c3":0.75},{"time":0.2333,"x":84.83,"y":71.5,"curve":0.25,"c3":0.75},{"time":0.4,"x":106.82,"y":87.15,"curve":0.25,"c3":0.75},{"time":0.5,"x":69.19,"y":76.82,"curve":0.276,"c3":0.621,"c4":0.4},{"time":0.5333,"x":46.76,"y":-29.29,"curve":0.333,"c2":0.33,"c3":0.758},{"time":0.6667,"x":32.47,"y":-6.26}]},"leg_left3":{"rotate":[{"curve":0.265,"c3":0.618,"c4":0.43},{"time":0.1667,"angle":-39.38,"curve":0.351,"c2":0.4,"c3":0.757},{"time":0.5,"angle":116.72,"curve":0.25,"c3":0.75},{"time":0.6667,"angle":34.5}],"translate":[{"curve":0.25,"c3":0.75},{"time":0.1,"x":49.1,"y":81.72,"curve":0.25,"c3":0.625,"c4":0.5},{"time":0.1667,"x":56.06,"y":116.97,"curve":0.375,"c2":0.5,"c3":0.75},{"time":0.2333,"x":66.62,"y":140.76,"curve":0.25,"c3":0.75},{"time":0.4,"x":49.3,"y":146.15,"curve":0.25,"c3":0.75},{"time":0.5,"x":7.19,"y":123.69,"curve":0.276,"c3":0.621,"c4":0.4},{"time":0.5333,"x":-14.41,"y":39.92,"curve":0.333,"c2":0.33,"c3":0.758},{"time":0.6667,"x":-46.36,"y":19.12}]},"skirt_6":{"rotate":[{"curve":0.244,"c3":0.643,"c4":0.58},{"time":0.2333,"angle":20.73,"curve":0.382,"c2":0.56,"c3":0.739},{"time":0.3667,"angle":92.35,"curve":0.246,"c3":0.633,"c4":0.54},{"time":0.5,"angle":59.59,"curve":0.38,"c2":0.53,"c3":0.745},{"time":0.6,"angle":17.24,"curve":0.25,"c3":0.75},{"time":0.7333,"angle":-2.22}]},"skirt_7":{"rotate":[{"curve":0.25,"c3":0.75},{"time":0.3667,"angle":-17.56,"curve":0.25,"c3":0.75},{"time":0.6,"angle":17.24,"curve":0.25,"c3":0.75},{"time":0.7333,"angle":-2.22}]},"skirt_8":{"rotate":[{"curve":0.25,"c3":0.75},{"time":0.3667,"angle":-17.56,"curve":0.25,"c3":0.75},{"time":0.6,"angle":17.24,"curve":0.25,"c3":0.75},{"time":0.7333,"angle":-2.22}]},"body6":{"rotate":[{"curve":0.25,"c3":0.75},{"time":0.3667,"angle":-17.56,"curve":0.25,"c3":0.75},{"time":0.6,"angle":17.24,"curve":0.25,"c3":0.75},{"time":0.7333,"angle":-2.22}]},"body7":{"rotate":[{"curve":0.25,"c3":0.75},{"time":0.3667,"angle":-17.56,"curve":0.25,"c3":0.75},{"time":0.6,"angle":17.24,"curve":0.25,"c3":0.75},{"time":0.7333,"angle":-2.22}]},"body8":{"rotate":[{"curve":0.25,"c3":0.75},{"time":0.3667,"angle":-17.56,"curve":0.25,"c3":0.75},{"time":0.6,"angle":17.24,"curve":0.25,"c3":0.75},{"time":0.7333,"angle":-2.22}]},"skirt_3":{"rotate":[{"curve":0.25,"c3":0.75},{"time":0.3667,"angle":-17.56,"curve":0.25,"c3":0.75},{"time":0.6,"angle":17.24,"curve":0.25,"c3":0.75},{"time":0.7333,"angle":-2.22}]},"skirt_4":{"rotate":[{"curve":0.25,"c3":0.75},{"time":0.3667,"angle":-17.56,"curve":0.25,"c3":0.75},{"time":0.6,"angle":17.24,"curve":0.25,"c3":0.75},{"time":0.7333,"angle":-2.22}]},"body5":{"rotate":[{"curve":0.25,"c3":0.75},{"time":0.3667,"angle":-17.56,"curve":0.25,"c3":0.75},{"time":0.6,"angle":17.24,"curve":0.25,"c3":0.75},{"time":0.7333,"angle":-2.22}]},"shadow":{"translate":[{"curve":0.25,"c3":0.75},{"time":0.3333,"x":-56.23,"curve":0.25,"c3":0.75},{"time":0.6667,"x":-206.18}],"scale":[{"curve":0.25,"c3":0.625,"c4":0.5},{"time":0.1667,"x":0.846,"curve":0.375,"c2":0.5,"c3":0.75},{"time":0.3333,"x":1.784,"curve":0.25,"c3":0.75},{"time":0.6667,"x":2.817}]}},"ik":{"leg_right3":[{"time":0.1,"bendPositive":false}]}},"idle":{"slots":{"face_1_eye_close_1":{"attachment":[{"time":1.3667,"name":"face_1_eye_close_1"},{"time":1.4667,"name":null}]},"face_1_eye_close_1b":{"attachment":[{"time":1.3667,"name":"face_1_eye_close_1b"},{"time":1.4667,"name":null}]},"face_2_eye_1":{"attachment":[{"time":1.3667,"name":null},{"time":1.4667,"name":"face_2_eye_1"}]},"face_2_eye_2":{"attachment":[{"time":1.3667,"name":null},{"time":1.4667,"name":"face_2_eye_2"}]},"face_2_eye_3":{"attachment":[{"time":1.3667,"name":null},{"time":1.4667,"name":"face_2_eye_3"}]},"face_2_eye_4":{"attachment":[{"time":1.3667,"name":null},{"time":1.4667,"name":"face_2_eye_4"}]},"face_2_eye_5":{"attachment":[{"time":1.3667,"name":null},{"time":1.4667,"name":"face_2_eye_5"}]},"face_2_eye_6":{"attachment":[{"time":1.3667,"name":null},{"time":1.4667,"name":"face_2_eye_6"}]}},"bones":{"body":{"translate":[{"curve":0.25,"c3":0.75},{"time":0.5,"y":-2.63,"curve":0.25,"c3":0.75},{"time":1,"curve":0.25,"c3":0.75},{"time":1.5,"y":-2.63,"curve":0.25,"c3":0.75},{"time":2}]},"hand_left_4":{"rotate":[{"angle":-20.69,"curve":0.375,"c2":0.62,"c3":0.716},{"time":0.1,"angle":-18.05,"curve":0.375,"c2":0.62,"c3":0.716},{"time":0.6,"angle":-9.43,"curve":0.243,"c3":0.68,"c4":0.71},{"time":1,"angle":-20.69,"curve":0.375,"c2":0.62,"c3":0.716},{"time":1.1,"angle":-18.05,"curve":0.375,"c2":0.62,"c3":0.716},{"time":1.6,"angle":-9.43,"curve":0.243,"c3":0.68,"c4":0.71},{"time":2,"angle":-20.69}]},"hand_left_3":{"rotate":[{"angle":-0.35,"curve":0.349,"c2":0.39,"c3":0.689,"c4":0.74},{"time":0.1,"angle":-1.26,"curve":0.375,"c2":0.62,"c3":0.716},{"time":0.2,"angle":-1.76,"curve":0.25,"c3":0.75},{"time":0.7,"angle":-0.03,"curve":0.245,"c3":0.637,"c4":0.56},{"time":1,"angle":-0.35,"curve":0.349,"c2":0.39,"c3":0.689,"c4":0.74},{"time":1.1,"angle":-1.26,"curve":0.375,"c2":0.62,"c3":0.716},{"time":1.2,"angle":-1.76,"curve":0.25,"c3":0.75},{"time":1.7,"angle":-0.03,"curve":0.245,"c3":0.637,"c4":0.56},{"time":2,"angle":-0.35}]},"hand_left_2":{"rotate":[{"angle":0.68,"curve":0.33,"c2":0.32,"c3":0.67,"c4":0.68},{"time":0.1,"angle":-0.35,"curve":0.349,"c2":0.39,"c3":0.689,"c4":0.74},{"time":0.2,"angle":-1.26,"curve":0.375,"c2":0.62,"c3":0.716},{"time":0.3,"angle":-1.76,"curve":0.25,"c3":0.75},{"time":0.8,"angle":10.07,"curve":0.258,"c3":0.619,"c4":0.45},{"time":1,"angle":0.68,"curve":0.33,"c2":0.32,"c3":0.67,"c4":0.68},{"time":1.1,"angle":-0.35,"curve":0.349,"c2":0.39,"c3":0.689,"c4":0.74},{"time":1.2,"angle":-1.26,"curve":0.375,"c2":0.62,"c3":0.716},{"time":1.3,"angle":-1.76,"curve":0.25,"c3":0.75},{"time":1.8,"angle":2.13,"curve":0.258,"c3":0.619,"c4":0.45},{"time":2,"angle":0.68}]},"hand_left_1":{"rotate":[{"angle":0.68,"curve":0.33,"c2":0.32,"c3":0.67,"c4":0.68},{"time":0.1,"angle":-0.35,"curve":0.349,"c2":0.39,"c3":0.689,"c4":0.74},{"time":0.2,"angle":-1.26,"curve":0.375,"c2":0.62,"c3":0.716},{"time":0.3,"angle":-1.76,"curve":0.25,"c3":0.75},{"time":0.8,"angle":2.13,"curve":0.258,"c3":0.619,"c4":0.45},{"time":1,"angle":0.68,"curve":0.33,"c2":0.32,"c3":0.67,"c4":0.68},{"time":1.1,"angle":-0.35,"curve":0.349,"c2":0.39,"c3":0.689,"c4":0.74},{"time":1.2,"angle":-1.26,"curve":0.375,"c2":0.62,"c3":0.716},{"time":1.3,"angle":-1.76,"curve":0.25,"c3":0.75},{"time":1.8,"angle":2.13,"curve":0.258,"c3":0.619,"c4":0.45},{"time":2,"angle":0.68}]},"hand_right_4":{"rotate":[{"angle":-1.78,"curve":0.25,"c3":0.75},{"time":0.5,"angle":-3.13,"curve":0.25,"c3":0.75},{"time":1,"angle":-1.78,"curve":0.25,"c3":0.75},{"time":1.5,"angle":-3.13,"curve":0.25,"c3":0.75},{"time":2,"angle":-1.78}]},"hand_right_3":{"rotate":[{"angle":-1.78,"curve":0.25,"c3":0.75},{"time":0.5,"angle":-3.13,"curve":0.25,"c3":0.75},{"time":1,"angle":-1.78,"curve":0.25,"c3":0.75},{"time":1.5,"angle":-3.13,"curve":0.25,"c3":0.75},{"time":2,"angle":-1.78}]},"hand_right_2":{"rotate":[{"angle":-1.78,"curve":0.25,"c3":0.75},{"time":0.5,"angle":-3.13,"curve":0.25,"c3":0.75},{"time":1,"angle":-1.78,"curve":0.25,"c3":0.75},{"time":1.5,"angle":-3.13,"curve":0.25,"c3":0.75},{"time":2,"angle":-1.78}]},"hand_right_1":{"rotate":[{"angle":-1.78,"curve":0.25,"c3":0.75},{"time":0.5,"angle":-3.13,"curve":0.25,"c3":0.75},{"time":1,"angle":-1.78,"curve":0.25,"c3":0.75},{"time":1.5,"angle":-3.13,"curve":0.25,"c3":0.75},{"time":2,"angle":-1.78}]},"hair_back":{"rotate":[{"angle":1.3,"curve":0.375,"c2":0.62,"c3":0.716},{"time":0.1,"angle":2.32,"curve":0.25,"c3":0.75},{"time":0.6,"angle":-5.55,"curve":0.243,"c3":0.68,"c4":0.71},{"time":1,"angle":1.3,"curve":0.375,"c2":0.62,"c3":0.716},{"time":1.1,"angle":2.32,"curve":0.25,"c3":0.75},{"time":1.6,"angle":-5.55,"curve":0.243,"c3":0.68,"c4":0.71},{"time":2,"angle":1.3}]},"hair_back2":{"rotate":[{"angle":-0.54,"curve":0.349,"c2":0.39,"c3":0.689,"c4":0.74},{"time":0.1,"angle":1.3,"curve":0.375,"c2":0.62,"c3":0.716},{"time":0.2,"angle":2.32,"curve":0.25,"c3":0.75},{"time":0.7,"angle":-5.55,"curve":0.245,"c3":0.637,"c4":0.56},{"time":1,"angle":-0.54,"curve":0.349,"c2":0.39,"c3":0.689,"c4":0.74},{"time":1.1,"angle":1.3,"curve":0.375,"c2":0.62,"c3":0.716},{"time":1.2,"angle":2.32,"curve":0.25,"c3":0.75},{"time":1.7,"angle":-5.55,"curve":0.245,"c3":0.637,"c4":0.56},{"time":2,"angle":-0.54}]},"hair_back3":{"rotate":[{"angle":-2.63,"curve":0.33,"c2":0.32,"c3":0.67,"c4":0.68},{"time":0.1,"angle":-0.54,"curve":0.349,"c2":0.39,"c3":0.689,"c4":0.74},{"time":0.2,"angle":1.3,"curve":0.375,"c2":0.62,"c3":0.716},{"time":0.3,"angle":2.32,"curve":0.25,"c3":0.75},{"time":0.8,"angle":-5.55,"curve":0.258,"c3":0.619,"c4":0.45},{"time":1,"angle":-2.63,"curve":0.33,"c2":0.32,"c3":0.67,"c4":0.68},{"time":1.1,"angle":-0.54,"curve":0.349,"c2":0.39,"c3":0.689,"c4":0.74},{"time":1.2,"angle":1.3,"curve":0.375,"c2":0.62,"c3":0.716},{"time":1.3,"angle":2.32,"curve":0.25,"c3":0.75},{"time":1.8,"angle":-5.55,"curve":0.258,"c3":0.619,"c4":0.45},{"time":2,"angle":-2.63}]},"hair_back4":{"rotate":[{"angle":-10.41,"curve":0.311,"c2":0.26,"c3":0.651,"c4":0.61},{"time":0.1,"angle":-3.9,"curve":0.33,"c2":0.32,"c3":0.67,"c4":0.68},{"time":0.2,"angle":3.22,"curve":0.349,"c2":0.39,"c3":0.689,"c4":0.74},{"time":0.3,"angle":9.51,"curve":0.375,"c2":0.62,"c3":0.716},{"time":0.4,"angle":13,"curve":0.25,"c3":0.75},{"time":0.9,"angle":-13.87,"curve":0.284,"c3":0.625,"c4":0.38},{"time":1,"angle":-10.41,"curve":0.311,"c2":0.26,"c3":0.651,"c4":0.61},{"time":1.1,"angle":-3.9,"curve":0.33,"c2":0.32,"c3":0.67,"c4":0.68},{"time":1.2,"angle":3.22,"curve":0.349,"c2":0.39,"c3":0.689,"c4":0.74},{"time":1.3,"angle":9.51,"curve":0.375,"c2":0.62,"c3":0.716},{"time":1.4,"angle":13,"curve":0.25,"c3":0.75},{"time":1.9,"angle":-13.87,"curve":0.284,"c3":0.625,"c4":0.38},{"time":2,"angle":-10.41}]},"hair_back5":{"rotate":[{"angle":-13.87,"curve":0.284,"c3":0.625,"c4":0.38},{"time":0.1,"angle":-10.41,"curve":0.311,"c2":0.26,"c3":0.651,"c4":0.61},{"time":0.2,"angle":-3.9,"curve":0.33,"c2":0.32,"c3":0.67,"c4":0.68},{"time":0.3,"angle":3.22,"curve":0.349,"c2":0.39,"c3":0.689,"c4":0.74},{"time":0.4,"angle":9.51,"curve":0.375,"c2":0.62,"c3":0.716},{"time":0.5,"angle":13,"curve":0.25,"c3":0.75},{"time":1,"angle":-13.87,"curve":0.284,"c3":0.625,"c4":0.38},{"time":1.1,"angle":-10.41,"curve":0.311,"c2":0.26,"c3":0.651,"c4":0.61},{"time":1.2,"angle":-3.9,"curve":0.33,"c2":0.32,"c3":0.67,"c4":0.68},{"time":1.3,"angle":3.22,"curve":0.349,"c2":0.39,"c3":0.689,"c4":0.74},{"time":1.4,"angle":9.51,"curve":0.375,"c2":0.62,"c3":0.716},{"time":1.5,"angle":13,"curve":0.25,"c3":0.75},{"time":2,"angle":-13.87}]},"body2":{"rotate":[{"angle":0.84,"curve":0.375,"c2":0.62,"c3":0.716},{"time":0.1,"angle":1.23,"curve":0.25,"c3":0.75},{"time":0.6,"angle":-1.73,"curve":0.243,"c3":0.68,"c4":0.71},{"time":1,"angle":0.84,"curve":0.375,"c2":0.62,"c3":0.716},{"time":1.1,"angle":1.23,"curve":0.25,"c3":0.75},{"time":1.6,"angle":-1.73,"curve":0.243,"c3":0.68,"c4":0.71},{"time":2,"angle":0.84}]},"body3":{"rotate":[{"angle":0.15,"curve":0.349,"c2":0.39,"c3":0.689,"c4":0.74},{"time":0.1,"angle":0.84,"curve":0.375,"c2":0.62,"c3":0.716},{"time":0.2,"angle":1.23,"curve":0.25,"c3":0.75},{"time":0.7,"angle":-1.73,"curve":0.245,"c3":0.637,"c4":0.56},{"time":1,"angle":0.15,"curve":0.349,"c2":0.39,"c3":0.689,"c4":0.74},{"time":1.1,"angle":0.84,"curve":0.375,"c2":0.62,"c3":0.716},{"time":1.2,"angle":1.23,"curve":0.25,"c3":0.75},{"time":1.7,"angle":-1.73,"curve":0.245,"c3":0.637,"c4":0.56},{"time":2,"angle":0.15}]},"body4":{"rotate":[{"angle":-0.63,"curve":0.33,"c2":0.32,"c3":0.67,"c4":0.68},{"time":0.1,"angle":0.15,"curve":0.349,"c2":0.39,"c3":0.689,"c4":0.74},{"time":0.2,"angle":0.84,"curve":0.375,"c2":0.62,"c3":0.716},{"time":0.3,"angle":1.23,"curve":0.25,"c3":0.75},{"time":0.8,"angle":-1.73,"curve":0.258,"c3":0.619,"c4":0.45},{"time":1,"angle":-0.63,"curve":0.33,"c2":0.32,"c3":0.67,"c4":0.68},{"time":1.1,"angle":0.15,"curve":0.349,"c2":0.39,"c3":0.689,"c4":0.74},{"time":1.2,"angle":0.84,"curve":0.375,"c2":0.62,"c3":0.716},{"time":1.3,"angle":1.23,"curve":0.25,"c3":0.75},{"time":1.8,"angle":-1.73,"curve":0.258,"c3":0.619,"c4":0.45},{"time":2,"angle":-0.63}]},"body10":{"rotate":[{"angle":-1.35,"curve":0.311,"c2":0.26,"c3":0.651,"c4":0.61},{"time":0.1,"angle":-0.63,"curve":0.33,"c2":0.32,"c3":0.67,"c4":0.68},{"time":0.2,"angle":0.15,"curve":0.349,"c2":0.39,"c3":0.689,"c4":0.74},{"time":0.3,"angle":0.84,"curve":0.375,"c2":0.62,"c3":0.716},{"time":0.4,"angle":1.23,"curve":0.25,"c3":0.75},{"time":0.9,"angle":-1.73,"curve":0.284,"c3":0.625,"c4":0.38},{"time":1,"angle":-1.35,"curve":0.311,"c2":0.26,"c3":0.651,"c4":0.61},{"time":1.1,"angle":-0.63,"curve":0.33,"c2":0.32,"c3":0.67,"c4":0.68},{"time":1.2,"angle":0.15,"curve":0.349,"c2":0.39,"c3":0.689,"c4":0.74},{"time":1.3,"angle":0.84,"curve":0.375,"c2":0.62,"c3":0.716},{"time":1.4,"angle":1.23,"curve":0.25,"c3":0.75},{"time":1.9,"angle":-1.73,"curve":0.284,"c3":0.625,"c4":0.38},{"time":2,"angle":-1.35}]},"head":{"rotate":[{"angle":-1.35,"curve":0.311,"c2":0.26,"c3":0.651,"c4":0.61},{"time":0.1,"angle":-0.63,"curve":0.33,"c2":0.32,"c3":0.67,"c4":0.68},{"time":0.2,"angle":0.15,"curve":0.349,"c2":0.39,"c3":0.689,"c4":0.74},{"time":0.3,"angle":0.84,"curve":0.375,"c2":0.62,"c3":0.716},{"time":0.4,"angle":1.23,"curve":0.25,"c3":0.75},{"time":0.9,"angle":-1.73,"curve":0.284,"c3":0.625,"c4":0.38},{"time":1,"angle":-1.35,"curve":0.311,"c2":0.26,"c3":0.651,"c4":0.61},{"time":1.1,"angle":-0.63,"curve":0.33,"c2":0.32,"c3":0.67,"c4":0.68},{"time":1.2,"angle":0.15,"curve":0.349,"c2":0.39,"c3":0.689,"c4":0.74},{"time":1.3,"angle":0.84,"curve":0.375,"c2":0.62,"c3":0.716},{"time":1.4,"angle":1.23,"curve":0.25,"c3":0.75},{"time":1.9,"angle":-1.73,"curve":0.284,"c3":0.625,"c4":0.38},{"time":2,"angle":-1.35}]},"shadow":{"scale":[{"curve":0.25,"c3":0.75},{"time":0.5,"x":1.034,"y":1.051,"curve":0.25,"c3":0.75},{"time":1,"curve":0.25,"c3":0.75},{"time":1.5,"x":1.034,"y":1.051,"curve":0.25,"c3":0.75},{"time":2}]}}}}}