{"textures":[{"image":"default-resources-0.png","format":"RGBA8888","size":{"w":2030,"h":2030},"scale":1,"frames":[{"filename":"bg/bg-middle-2","rotated":false,"trimmed":false,"sourceSize":{"w":900,"h":849},"spriteSourceSize":{"x":0,"y":0,"w":900,"h":849},"frame":{"x":2,"y":2,"w":900,"h":849}},{"filename":"bg/bg-middle","rotated":false,"trimmed":false,"sourceSize":{"w":719,"h":849},"spriteSourceSize":{"x":0,"y":0,"w":719,"h":849},"frame":{"x":2,"y":854,"w":719,"h":849}},{"filename":"ui-ngang/bg-middle","rotated":false,"trimmed":false,"sourceSize":{"w":719,"h":568},"spriteSourceSize":{"x":0,"y":0,"w":719,"h":568},"frame":{"x":905,"y":2,"w":719,"h":568}},{"filename":"ui-ngang/bg-top","rotated":false,"trimmed":false,"sourceSize":{"w":719,"h":178},"spriteSourceSize":{"x":0,"y":0,"w":719,"h":178},"frame":{"x":2,"y":1706,"w":719,"h":178}},{"filename":"leaderboards/bg-top","rotated":false,"trimmed":false,"sourceSize":{"w":949,"h":168},"spriteSourceSize":{"x":0,"y":0,"w":949,"h":168},"frame":{"x":905,"y":573,"w":949,"h":168}},{"filename":"bg/bg-bottom-2","rotated":false,"trimmed":false,"sourceSize":{"w":900,"h":112},"spriteSourceSize":{"x":0,"y":0,"w":900,"h":112},"frame":{"x":905,"y":744,"w":900,"h":112}},{"filename":"bg/bg-bottom","rotated":false,"trimmed":false,"sourceSize":{"w":719,"h":111},"spriteSourceSize":{"x":0,"y":0,"w":719,"h":111},"frame":{"x":2,"y":1887,"w":719,"h":111}},{"filename":"daily-challenge/bg","rotated":false,"trimmed":false,"sourceSize":{"w":520,"h":285},"spriteSourceSize":{"x":0,"y":0,"w":520,"h":285},"frame":{"x":724,"y":859,"w":520,"h":285}},{"filename":"ui-ngang/khung-next-block","rotated":false,"trimmed":false,"sourceSize":{"w":200,"h":600},"spriteSourceSize":{"x":0,"y":0,"w":200,"h":600},"frame":{"x":724,"y":1147,"w":200,"h":600}},{"filename":"score-panel","rotated":false,"trimmed":false,"sourceSize":{"w":526,"h":152},"spriteSourceSize":{"x":0,"y":0,"w":526,"h":152},"frame":{"x":1247,"y":859,"w":526,"h":152}},{"filename":"lives/heart","rotated":false,"trimmed":false,"sourceSize":{"w":339,"h":279},"spriteSourceSize":{"x":0,"y":0,"w":339,"h":279},"frame":{"x":1627,"y":2,"w":339,"h":279}},{"filename":"daily-challenge/bg-item-dark","rotated":false,"trimmed":false,"sourceSize":{"w":508,"h":81},"spriteSourceSize":{"x":0,"y":0,"w":508,"h":81},"frame":{"x":1247,"y":1014,"w":508,"h":81}},{"filename":"popup/background","rotated":false,"trimmed":false,"sourceSize":{"w":395,"h":221},"spriteSourceSize":{"x":0,"y":0,"w":395,"h":221},"frame":{"x":1627,"y":284,"w":395,"h":221}},{"filename":"ui-ngang/khung-mission","rotated":false,"trimmed":false,"sourceSize":{"w":95,"h":464},"spriteSourceSize":{"x":0,"y":0,"w":95,"h":464},"frame":{"x":927,"y":1147,"w":95,"h":464}},{"filename":"daily-challenge/bg-item-light","rotated":false,"trimmed":false,"sourceSize":{"w":508,"h":81},"spriteSourceSize":{"x":0,"y":0,"w":508,"h":81},"frame":{"x":1247,"y":1098,"w":508,"h":81}},{"filename":"popup/middle","rotated":false,"trimmed":false,"sourceSize":{"w":431,"h":227},"spriteSourceSize":{"x":0,"y":0,"w":431,"h":227},"frame":{"x":1025,"y":1182,"w":431,"h":227}},{"filename":"best-score-frame-long","rotated":false,"trimmed":false,"sourceSize":{"w":386,"h":154},"spriteSourceSize":{"x":0,"y":0,"w":386,"h":154},"frame":{"x":1025,"y":1412,"w":386,"h":154}},{"filename":"bg/bg-dark","rotated":false,"trimmed":false,"sourceSize":{"w":243,"h":303},"spriteSourceSize":{"x":0,"y":0,"w":243,"h":303},"frame":{"x":1459,"y":1182,"w":243,"h":303}},{"filename":"bg-progress-circle","rotated":false,"trimmed":false,"sourceSize":{"w":232,"h":231},"spriteSourceSize":{"x":0,"y":0,"w":232,"h":231},"frame":{"x":724,"y":1750,"w":232,"h":231}},{"filename":"daily-challenge/bottom-panel","rotated":false,"trimmed":false,"sourceSize":{"w":521,"h":30},"spriteSourceSize":{"x":0,"y":0,"w":521,"h":30},"frame":{"x":1025,"y":1569,"w":521,"h":30}},{"filename":"bg-combo","rotated":false,"trimmed":true,"sourceSize":{"w":212,"h":87},"spriteSourceSize":{"x":0,"y":9,"w":212,"h":78},"frame":{"x":1414,"y":1488,"w":212,"h":78}},{"filename":"texts/text-share","rotated":false,"trimmed":false,"sourceSize":{"w":145,"h":27},"spriteSourceSize":{"x":0,"y":0,"w":145,"h":27},"frame":{"x":2,"y":2001,"w":145,"h":27}},{"filename":"texts/your-score","rotated":false,"trimmed":false,"sourceSize":{"w":271,"h":37},"spriteSourceSize":{"x":0,"y":0,"w":271,"h":37},"frame":{"x":1627,"y":508,"w":271,"h":37}},{"filename":"bottom-panel","rotated":false,"trimmed":false,"sourceSize":{"w":281,"h":171},"spriteSourceSize":{"x":0,"y":0,"w":281,"h":171},"frame":{"x":1025,"y":1602,"w":281,"h":171}},{"filename":"avatar/border-big","rotated":false,"trimmed":false,"sourceSize":{"w":175,"h":175},"spriteSourceSize":{"x":0,"y":0,"w":175,"h":175},"frame":{"x":1309,"y":1602,"w":175,"h":175}},{"filename":"buttons/dark-blue-big","rotated":false,"trimmed":false,"sourceSize":{"w":240,"h":109},"spriteSourceSize":{"x":0,"y":0,"w":240,"h":109},"frame":{"x":959,"y":1776,"w":240,"h":109}},{"filename":"avatar/border","rotated":false,"trimmed":true,"sourceSize":{"w":138,"h":144},"spriteSourceSize":{"x":0,"y":4,"w":138,"h":140},"frame":{"x":959,"y":1888,"w":138,"h":140}},{"filename":"texts/no-thank","rotated":false,"trimmed":false,"sourceSize":{"w":255,"h":26},"spriteSourceSize":{"x":0,"y":0,"w":255,"h":26},"frame":{"x":150,"y":2001,"w":255,"h":26}},{"filename":"texts/draw","rotated":false,"trimmed":false,"sourceSize":{"w":130,"h":44},"spriteSourceSize":{"x":0,"y":0,"w":130,"h":44},"frame":{"x":724,"y":1984,"w":130,"h":44}},{"filename":"texts/friends-disable","rotated":false,"trimmed":false,"sourceSize":{"w":112,"h":27},"spriteSourceSize":{"x":0,"y":0,"w":112,"h":27},"frame":{"x":408,"y":2001,"w":112,"h":27}},{"filename":"texts/friends","rotated":false,"trimmed":false,"sourceSize":{"w":112,"h":27},"spriteSourceSize":{"x":0,"y":0,"w":112,"h":27},"frame":{"x":523,"y":2001,"w":112,"h":27}},{"filename":"texts/text-retry","rotated":false,"trimmed":false,"sourceSize":{"w":209,"h":28},"spriteSourceSize":{"x":0,"y":0,"w":209,"h":28},"frame":{"x":1025,"y":1147,"w":209,"h":28}},{"filename":"buttons/dark-blue-small","rotated":false,"trimmed":false,"sourceSize":{"w":237,"h":108},"spriteSourceSize":{"x":0,"y":0,"w":237,"h":108},"frame":{"x":1202,"y":1780,"w":237,"h":108}},{"filename":"buttons/green-big","rotated":false,"trimmed":false,"sourceSize":{"w":236,"h":108},"spriteSourceSize":{"x":0,"y":0,"w":236,"h":108},"frame":{"x":1100,"y":1891,"w":236,"h":108}},{"filename":"texts/text-ranking","rotated":false,"trimmed":false,"sourceSize":{"w":212,"h":23},"spriteSourceSize":{"x":0,"y":0,"w":212,"h":23},"frame":{"x":1100,"y":2002,"w":212,"h":23}},{"filename":"ui-ngang/khung-best-score","rotated":false,"trimmed":false,"sourceSize":{"w":111,"h":169},"spriteSourceSize":{"x":0,"y":0,"w":111,"h":169},"frame":{"x":1487,"y":1602,"w":111,"h":169}},{"filename":"icon-journey","rotated":false,"trimmed":false,"sourceSize":{"w":150,"h":122},"spriteSourceSize":{"x":0,"y":0,"w":150,"h":122},"frame":{"x":1339,"y":1891,"w":150,"h":122}},{"filename":"best-score-frame","rotated":false,"trimmed":false,"sourceSize":{"w":111,"h":152},"spriteSourceSize":{"x":0,"y":0,"w":111,"h":152},"frame":{"x":1705,"y":1182,"w":111,"h":152}},{"filename":"preloader/dual-ring","rotated":false,"trimmed":true,"sourceSize":{"w":200,"h":200},"spriteSourceSize":{"x":27,"y":26,"w":146,"h":148},"frame":{"x":1705,"y":1337,"w":146,"h":148}},{"filename":"bg-streak","rotated":false,"trimmed":true,"sourceSize":{"w":212,"h":87},"spriteSourceSize":{"x":0,"y":9,"w":212,"h":78},"frame":{"x":1629,"y":1488,"w":212,"h":78}},{"filename":"texts/start-over","rotated":false,"trimmed":false,"sourceSize":{"w":248,"h":30},"spriteSourceSize":{"x":0,"y":0,"w":248,"h":30},"frame":{"x":1549,"y":1569,"w":248,"h":30}},{"filename":"ui-ngang/khung-score","rotated":false,"trimmed":false,"sourceSize":{"w":173,"h":99},"spriteSourceSize":{"x":0,"y":0,"w":173,"h":99},"frame":{"x":1601,"y":1602,"w":173,"h":99}},{"filename":"buttons/toggle-off","rotated":false,"trimmed":false,"sourceSize":{"w":177,"h":61},"spriteSourceSize":{"x":0,"y":0,"w":177,"h":61},"frame":{"x":1601,"y":1704,"w":177,"h":61}},{"filename":"buttons/toggle-on","rotated":false,"trimmed":false,"sourceSize":{"w":177,"h":61},"spriteSourceSize":{"x":0,"y":0,"w":177,"h":61},"frame":{"x":1601,"y":1768,"w":177,"h":61}},{"filename":"avatar/border-challenge","rotated":false,"trimmed":false,"sourceSize":{"w":119,"h":118},"spriteSourceSize":{"x":0,"y":0,"w":119,"h":118},"frame":{"x":1808,"y":744,"w":119,"h":118}},{"filename":"buttons/minor","rotated":false,"trimmed":false,"sourceSize":{"w":124,"h":106},"spriteSourceSize":{"x":0,"y":0,"w":124,"h":106},"frame":{"x":1776,"y":865,"w":124,"h":106}},{"filename":"texts/result","rotated":false,"trimmed":false,"sourceSize":{"w":132,"h":37},"spriteSourceSize":{"x":0,"y":0,"w":132,"h":37},"frame":{"x":1776,"y":974,"w":132,"h":37}},{"filename":"avatar/background","rotated":false,"trimmed":false,"sourceSize":{"w":105,"h":107},"spriteSourceSize":{"x":0,"y":0,"w":105,"h":107},"frame":{"x":1758,"y":1014,"w":105,"h":107}},{"filename":"buttons/circle-button","rotated":false,"trimmed":false,"sourceSize":{"w":55,"h":55},"spriteSourceSize":{"x":0,"y":0,"w":55,"h":55},"frame":{"x":1758,"y":1124,"w":55,"h":55}},{"filename":"buttons/skip","rotated":false,"trimmed":false,"sourceSize":{"w":120,"h":71},"spriteSourceSize":{"x":0,"y":0,"w":120,"h":71},"frame":{"x":1901,"y":508,"w":120,"h":71}},{"filename":"daily-challenge/time-panel","rotated":false,"trimmed":false,"sourceSize":{"w":170,"h":48},"spriteSourceSize":{"x":0,"y":0,"w":170,"h":48},"frame":{"x":1857,"y":582,"w":170,"h":48}},{"filename":"bg/level-playing","rotated":false,"trimmed":false,"sourceSize":{"w":113,"h":94},"spriteSourceSize":{"x":0,"y":0,"w":113,"h":94},"frame":{"x":1857,"y":633,"w":113,"h":94}},{"filename":"texts/world-disable","rotated":false,"trimmed":false,"sourceSize":{"w":99,"h":27},"spriteSourceSize":{"x":0,"y":0,"w":99,"h":27},"frame":{"x":857,"y":1984,"w":99,"h":27}},{"filename":"icons/crown-big","rotated":false,"trimmed":false,"sourceSize":{"w":74,"h":70},"spriteSourceSize":{"x":0,"y":0,"w":74,"h":70},"frame":{"x":927,"y":1614,"w":74,"h":70}},{"filename":"blank","rotated":false,"trimmed":false,"sourceSize":{"w":100,"h":100},"spriteSourceSize":{"x":0,"y":0,"w":100,"h":100},"frame":{"x":1442,"y":1780,"w":100,"h":100}},{"filename":"leaderboards/bg-item-0","rotated":false,"trimmed":false,"sourceSize":{"w":232,"h":46},"spriteSourceSize":{"x":0,"y":0,"w":232,"h":46},"frame":{"x":1545,"y":1832,"w":232,"h":46}},{"filename":"leaderboards/bg-item-1","rotated":false,"trimmed":false,"sourceSize":{"w":232,"h":46},"spriteSourceSize":{"x":0,"y":0,"w":232,"h":46},"frame":{"x":1545,"y":1881,"w":232,"h":46}},{"filename":"ui-ngang/text-next-block","rotated":false,"trimmed":false,"sourceSize":{"w":242,"h":36},"spriteSourceSize":{"x":0,"y":0,"w":242,"h":36},"frame":{"x":1492,"y":1930,"w":242,"h":36}},{"filename":"texts/replay","rotated":false,"trimmed":false,"sourceSize":{"w":237,"h":31},"spriteSourceSize":{"x":0,"y":0,"w":237,"h":31},"frame":{"x":1492,"y":1969,"w":237,"h":31}},{"filename":"icons/plus","rotated":false,"trimmed":false,"sourceSize":{"w":42,"h":44},"spriteSourceSize":{"x":0,"y":0,"w":42,"h":44},"frame":{"x":1414,"y":1412,"w":42,"h":44}},{"filename":"texts/play-with-blue","rotated":false,"trimmed":false,"sourceSize":{"w":115,"h":18},"spriteSourceSize":{"x":0,"y":0,"w":115,"h":18},"frame":{"x":1627,"y":548,"w":115,"h":18}},{"filename":"buttons/play","rotated":false,"trimmed":false,"sourceSize":{"w":112,"h":85},"spriteSourceSize":{"x":0,"y":0,"w":112,"h":85},"frame":{"x":1866,"y":1014,"w":112,"h":85}},{"filename":"buttons/random","rotated":false,"trimmed":false,"sourceSize":{"w":112,"h":85},"spriteSourceSize":{"x":0,"y":0,"w":112,"h":85},"frame":{"x":1866,"y":1102,"w":112,"h":85}},{"filename":"score-panel-dark","rotated":false,"trimmed":false,"sourceSize":{"w":187,"h":51},"spriteSourceSize":{"x":0,"y":0,"w":187,"h":51},"frame":{"x":1819,"y":1190,"w":187,"h":51}},{"filename":"texts/target-score","rotated":false,"trimmed":false,"sourceSize":{"w":199,"h":34},"spriteSourceSize":{"x":0,"y":0,"w":199,"h":34},"frame":{"x":1819,"y":1244,"w":199,"h":34}},{"filename":"texts/continue","rotated":false,"trimmed":false,"sourceSize":{"w":201,"h":29},"spriteSourceSize":{"x":0,"y":0,"w":201,"h":29},"frame":{"x":1819,"y":1281,"w":201,"h":29}},{"filename":"buttons/challenge_light","rotated":false,"trimmed":false,"sourceSize":{"w":108,"h":79},"spriteSourceSize":{"x":0,"y":0,"w":108,"h":79},"frame":{"x":1854,"y":1313,"w":108,"h":79}},{"filename":"buttons/share","rotated":false,"trimmed":false,"sourceSize":{"w":108,"h":79},"spriteSourceSize":{"x":0,"y":0,"w":108,"h":79},"frame":{"x":1854,"y":1395,"w":108,"h":79}},{"filename":"icons/play-green","rotated":false,"trimmed":false,"sourceSize":{"w":47,"h":47},"spriteSourceSize":{"x":0,"y":0,"w":47,"h":47},"frame":{"x":1816,"y":1124,"w":47,"h":47}},{"filename":"icons/vibrate","rotated":false,"trimmed":false,"sourceSize":{"w":62,"h":73},"spriteSourceSize":{"x":0,"y":0,"w":62,"h":73},"frame":{"x":1965,"y":1313,"w":62,"h":73}},{"filename":"texts/yes","rotated":false,"trimmed":false,"sourceSize":{"w":55,"h":35},"spriteSourceSize":{"x":0,"y":0,"w":55,"h":35},"frame":{"x":1973,"y":633,"w":55,"h":35}},{"filename":"icons/back","rotated":false,"trimmed":false,"sourceSize":{"w":50,"h":38},"spriteSourceSize":{"x":0,"y":0,"w":50,"h":38},"frame":{"x":1492,"y":1883,"w":50,"h":38}},{"filename":"text-target-panel","rotated":false,"trimmed":false,"sourceSize":{"w":98,"h":46},"spriteSourceSize":{"x":0,"y":0,"w":98,"h":46},"frame":{"x":1930,"y":730,"w":98,"h":46}},{"filename":"buttons/close","rotated":false,"trimmed":false,"sourceSize":{"w":71,"h":71},"spriteSourceSize":{"x":0,"y":0,"w":71,"h":71},"frame":{"x":1930,"y":779,"w":71,"h":71}},{"filename":"icons/music","rotated":false,"trimmed":false,"sourceSize":{"w":56,"h":61},"spriteSourceSize":{"x":0,"y":0,"w":56,"h":61},"frame":{"x":1969,"y":2,"w":56,"h":61}},{"filename":"icons/sound","rotated":false,"trimmed":false,"sourceSize":{"w":62,"h":54},"spriteSourceSize":{"x":0,"y":0,"w":62,"h":54},"frame":{"x":927,"y":1687,"w":62,"h":54}},{"filename":"texts/mission","rotated":false,"trimmed":false,"sourceSize":{"w":110,"h":45},"spriteSourceSize":{"x":0,"y":0,"w":110,"h":45},"frame":{"x":1854,"y":1477,"w":110,"h":45}},{"filename":"texts/no","rotated":false,"trimmed":false,"sourceSize":{"w":129,"h":35},"spriteSourceSize":{"x":0,"y":0,"w":129,"h":35},"frame":{"x":1844,"y":1525,"w":129,"h":35}},{"filename":"leaderboards/tab-off","rotated":false,"trimmed":false,"sourceSize":{"w":113,"h":36},"spriteSourceSize":{"x":0,"y":0,"w":113,"h":36},"frame":{"x":1844,"y":1563,"w":113,"h":36}},{"filename":"texts/text-tutorial","rotated":false,"trimmed":false,"sourceSize":{"w":227,"h":37},"spriteSourceSize":{"x":0,"y":0,"w":227,"h":37},"frame":{"x":1777,"y":1602,"w":227,"h":37}},{"filename":"texts/collect","rotated":false,"trimmed":false,"sourceSize":{"w":230,"h":28},"spriteSourceSize":{"x":0,"y":0,"w":230,"h":28},"frame":{"x":1777,"y":1642,"w":230,"h":28}},{"filename":"texts/congratulations","rotated":false,"trimmed":false,"sourceSize":{"w":214,"h":37},"spriteSourceSize":{"x":0,"y":0,"w":214,"h":37},"frame":{"x":1781,"y":1673,"w":214,"h":37}},{"filename":"texts/level-failed","rotated":false,"trimmed":false,"sourceSize":{"w":192,"h":33},"spriteSourceSize":{"x":0,"y":0,"w":192,"h":33},"frame":{"x":1781,"y":1713,"w":192,"h":33}},{"filename":"bg/level-locked","rotated":false,"trimmed":false,"sourceSize":{"w":101,"h":83},"spriteSourceSize":{"x":0,"y":0,"w":101,"h":83},"frame":{"x":1781,"y":1749,"w":101,"h":83}},{"filename":"bg/level-played","rotated":false,"trimmed":false,"sourceSize":{"w":100,"h":82},"spriteSourceSize":{"x":0,"y":0,"w":100,"h":82},"frame":{"x":1780,"y":1835,"w":100,"h":82}},{"filename":"icons/dot","rotated":false,"trimmed":false,"sourceSize":{"w":68,"h":70},"spriteSourceSize":{"x":0,"y":0,"w":68,"h":70},"frame":{"x":1885,"y":1749,"w":68,"h":70}},{"filename":"buttons/dot-blue","rotated":false,"trimmed":false,"sourceSize":{"w":56,"h":54},"spriteSourceSize":{"x":0,"y":0,"w":56,"h":54},"frame":{"x":1969,"y":66,"w":56,"h":54}},{"filename":"buttons/dot-green","rotated":false,"trimmed":false,"sourceSize":{"w":56,"h":54},"spriteSourceSize":{"x":0,"y":0,"w":56,"h":54},"frame":{"x":1965,"y":1389,"w":56,"h":54}},{"filename":"leaderboards/tab-on","rotated":false,"trimmed":false,"sourceSize":{"w":113,"h":36},"spriteSourceSize":{"x":0,"y":0,"w":113,"h":36},"frame":{"x":1780,"y":1920,"w":113,"h":36}},{"filename":"icons/replay","rotated":false,"trimmed":false,"sourceSize":{"w":40,"h":47},"spriteSourceSize":{"x":0,"y":0,"w":40,"h":47},"frame":{"x":1737,"y":1930,"w":40,"h":47}},{"filename":"texts/start","rotated":false,"trimmed":false,"sourceSize":{"w":110,"h":29},"spriteSourceSize":{"x":0,"y":0,"w":110,"h":29},"frame":{"x":1780,"y":1959,"w":110,"h":29}},{"filename":"icons/retry","rotated":false,"trimmed":false,"sourceSize":{"w":50,"h":53},"spriteSourceSize":{"x":0,"y":0,"w":50,"h":53},"frame":{"x":1973,"y":671,"w":50,"h":53}},{"filename":"icons/rank","rotated":false,"trimmed":false,"sourceSize":{"w":51,"h":49},"spriteSourceSize":{"x":0,"y":0,"w":51,"h":49},"frame":{"x":1969,"y":123,"w":51,"h":49}},{"filename":"ui-ngang/text-mission","rotated":false,"trimmed":false,"sourceSize":{"w":61,"h":36},"spriteSourceSize":{"x":0,"y":0,"w":61,"h":36},"frame":{"x":1967,"y":1446,"w":61,"h":36}},{"filename":"icons/cup-bronze","rotated":false,"trimmed":false,"sourceSize":{"w":43,"h":36},"spriteSourceSize":{"x":0,"y":0,"w":43,"h":36},"frame":{"x":1960,"y":1563,"w":43,"h":36}},{"filename":"icons/play","rotated":false,"trimmed":false,"sourceSize":{"w":47,"h":47},"spriteSourceSize":{"x":0,"y":0,"w":47,"h":47},"frame":{"x":1969,"y":175,"w":47,"h":47}},{"filename":"icons/crown","rotated":false,"trimmed":false,"sourceSize":{"w":31,"h":27},"spriteSourceSize":{"x":0,"y":0,"w":31,"h":27},"frame":{"x":638,"y":2001,"w":31,"h":27}},{"filename":"icons/icon-daily","rotated":false,"trimmed":false,"sourceSize":{"w":67,"h":67},"spriteSourceSize":{"x":0,"y":0,"w":67,"h":67},"frame":{"x":1903,"y":865,"w":67,"h":67}},{"filename":"ui-ngang/text-score","rotated":false,"trimmed":false,"sourceSize":{"w":73,"h":36},"spriteSourceSize":{"x":0,"y":0,"w":73,"h":36},"frame":{"x":1903,"y":935,"w":73,"h":36}},{"filename":"texts/play","rotated":false,"trimmed":false,"sourceSize":{"w":103,"h":35},"spriteSourceSize":{"x":0,"y":0,"w":103,"h":35},"frame":{"x":1911,"y":974,"w":103,"h":35}},{"filename":"icons/home","rotated":false,"trimmed":false,"sourceSize":{"w":47,"h":43},"spriteSourceSize":{"x":0,"y":0,"w":47,"h":43},"frame":{"x":1981,"y":1012,"w":47,"h":43}},{"filename":"icons/flat-ad","rotated":false,"trimmed":false,"sourceSize":{"w":47,"h":41},"spriteSourceSize":{"x":0,"y":0,"w":47,"h":41},"frame":{"x":1981,"y":1058,"w":47,"h":41}},{"filename":"texts/vs","rotated":false,"trimmed":false,"sourceSize":{"w":47,"h":28},"spriteSourceSize":{"x":0,"y":0,"w":47,"h":28},"frame":{"x":1981,"y":1102,"w":47,"h":28}},{"filename":"icons/brown-journey","rotated":false,"trimmed":false,"sourceSize":{"w":45,"h":42},"spriteSourceSize":{"x":0,"y":0,"w":45,"h":42},"frame":{"x":1969,"y":225,"w":45,"h":42}},{"filename":"icons/battle","rotated":false,"trimmed":false,"sourceSize":{"w":44,"h":41},"spriteSourceSize":{"x":0,"y":0,"w":44,"h":41},"frame":{"x":1981,"y":1133,"w":44,"h":41}},{"filename":"icons/sword-blue","rotated":false,"trimmed":false,"sourceSize":{"w":35,"h":31},"spriteSourceSize":{"x":0,"y":0,"w":35,"h":31},"frame":{"x":1857,"y":548,"w":35,"h":31}},{"filename":"icons/cup-gold","rotated":false,"trimmed":false,"sourceSize":{"w":43,"h":36},"spriteSourceSize":{"x":0,"y":0,"w":43,"h":36},"frame":{"x":1967,"y":1485,"w":43,"h":36}},{"filename":"icons/cup-silver","rotated":false,"trimmed":false,"sourceSize":{"w":43,"h":36},"spriteSourceSize":{"x":0,"y":0,"w":43,"h":36},"frame":{"x":1976,"y":1524,"w":43,"h":36}},{"filename":"icons/icon-journey","rotated":false,"trimmed":false,"sourceSize":{"w":73,"h":62},"spriteSourceSize":{"x":0,"y":0,"w":73,"h":62},"frame":{"x":1885,"y":1822,"w":73,"h":62}},{"filename":"texts/on","rotated":false,"trimmed":false,"sourceSize":{"w":75,"h":28},"spriteSourceSize":{"x":0,"y":0,"w":75,"h":28},"frame":{"x":1883,"y":1887,"w":75,"h":28}},{"filename":"texts/world","rotated":false,"trimmed":false,"sourceSize":{"w":99,"h":27},"spriteSourceSize":{"x":0,"y":0,"w":99,"h":27},"frame":{"x":1896,"y":1918,"w":99,"h":27}},{"filename":"icons/sword","rotated":false,"trimmed":false,"sourceSize":{"w":46,"h":38},"spriteSourceSize":{"x":0,"y":0,"w":46,"h":38},"frame":{"x":1545,"y":1774,"w":46,"h":38}},{"filename":"icons/share","rotated":false,"trimmed":false,"sourceSize":{"w":36,"h":47},"spriteSourceSize":{"x":0,"y":0,"w":36,"h":47},"frame":{"x":1956,"y":1749,"w":36,"h":47}},{"filename":"texts/off","rotated":false,"trimmed":false,"sourceSize":{"w":54,"h":23},"spriteSourceSize":{"x":0,"y":0,"w":54,"h":23},"frame":{"x":1492,"y":2003,"w":54,"h":23}},{"filename":"icons/share-blue","rotated":false,"trimmed":false,"sourceSize":{"w":32,"h":43},"spriteSourceSize":{"x":0,"y":0,"w":32,"h":43},"frame":{"x":1973,"y":853,"w":32,"h":43}},{"filename":"icons/check","rotated":false,"trimmed":false,"sourceSize":{"w":44,"h":35},"spriteSourceSize":{"x":0,"y":0,"w":44,"h":35},"frame":{"x":1732,"y":1980,"w":44,"h":35}},{"filename":"icons/clock","rotated":false,"trimmed":false,"sourceSize":{"w":34,"h":35},"spriteSourceSize":{"x":0,"y":0,"w":34,"h":35},"frame":{"x":1779,"y":1991,"w":34,"h":35}},{"filename":"icons/setting","rotated":false,"trimmed":false,"sourceSize":{"w":42,"h":41},"spriteSourceSize":{"x":0,"y":0,"w":42,"h":41},"frame":{"x":1896,"y":1948,"w":42,"h":41}},{"filename":"icons/white-journey","rotated":false,"trimmed":false,"sourceSize":{"w":42,"h":40},"spriteSourceSize":{"x":0,"y":0,"w":42,"h":40},"frame":{"x":1941,"y":1948,"w":42,"h":40}},{"filename":"icons/i-play","rotated":false,"trimmed":false,"sourceSize":{"w":31,"h":39},"spriteSourceSize":{"x":0,"y":0,"w":31,"h":39},"frame":{"x":1986,"y":1948,"w":31,"h":39}}]},{"image":"default-resources-1.png","format":"RGBA8888","size":{"w":1249,"h":1249},"scale":1,"frames":[{"filename":"ui-ngang/bg-bottom","rotated":false,"trimmed":false,"sourceSize":{"w":719,"h":175},"spriteSourceSize":{"x":0,"y":0,"w":719,"h":175},"frame":{"x":2,"y":2,"w":719,"h":175}},{"filename":"footer","rotated":false,"trimmed":false,"sourceSize":{"w":750,"h":153},"spriteSourceSize":{"x":0,"y":0,"w":750,"h":153},"frame":{"x":2,"y":180,"w":750,"h":153}},{"filename":"buttons/green-large","rotated":false,"trimmed":false,"sourceSize":{"w":484,"h":142},"spriteSourceSize":{"x":0,"y":0,"w":484,"h":142},"frame":{"x":724,"y":2,"w":484,"h":142}},{"filename":"daily-challenge/top-panel","rotated":false,"trimmed":false,"sourceSize":{"w":521,"h":30},"spriteSourceSize":{"x":0,"y":0,"w":521,"h":30},"frame":{"x":724,"y":147,"w":521,"h":30}},{"filename":"leaf","rotated":false,"trimmed":false,"sourceSize":{"w":563,"h":132},"spriteSourceSize":{"x":0,"y":0,"w":563,"h":132},"frame":{"x":2,"y":336,"w":563,"h":132}},{"filename":"bg/bg-top-2","rotated":false,"trimmed":false,"sourceSize":{"w":900,"h":112},"spriteSourceSize":{"x":0,"y":0,"w":900,"h":112},"frame":{"x":2,"y":471,"w":900,"h":112}},{"filename":"daily-challenge/middle-panel","rotated":false,"trimmed":false,"sourceSize":{"w":521,"h":26},"spriteSourceSize":{"x":0,"y":0,"w":521,"h":26},"frame":{"x":568,"y":336,"w":521,"h":26}},{"filename":"buttons/brown","rotated":false,"trimmed":false,"sourceSize":{"w":483,"h":108},"spriteSourceSize":{"x":0,"y":0,"w":483,"h":108},"frame":{"x":755,"y":180,"w":483,"h":108}},{"filename":"texts/daily-challenge","rotated":false,"trimmed":false,"sourceSize":{"w":473,"h":39},"spriteSourceSize":{"x":0,"y":0,"w":473,"h":39},"frame":{"x":755,"y":291,"w":473,"h":39}},{"filename":"border-daily","rotated":false,"trimmed":false,"sourceSize":{"w":518,"h":51},"spriteSourceSize":{"x":0,"y":0,"w":518,"h":51},"frame":{"x":568,"y":365,"w":518,"h":51}},{"filename":"texts/next-milestone","rotated":false,"trimmed":false,"sourceSize":{"w":512,"h":32},"spriteSourceSize":{"x":0,"y":0,"w":512,"h":32},"frame":{"x":568,"y":419,"w":512,"h":32}},{"filename":"bg/bg-top","rotated":false,"trimmed":false,"sourceSize":{"w":719,"h":111},"spriteSourceSize":{"x":0,"y":0,"w":719,"h":111},"frame":{"x":2,"y":586,"w":719,"h":111}},{"filename":"leaderboards/bg-bottom","rotated":false,"trimmed":false,"sourceSize":{"w":949,"h":67},"spriteSourceSize":{"x":0,"y":0,"w":949,"h":67},"frame":{"x":2,"y":700,"w":949,"h":67}},{"filename":"texts/second-chance","rotated":false,"trimmed":false,"sourceSize":{"w":502,"h":37},"spriteSourceSize":{"x":0,"y":0,"w":502,"h":37},"frame":{"x":724,"y":586,"w":502,"h":37}},{"filename":"texts/first-milestone","rotated":false,"trimmed":false,"sourceSize":{"w":497,"h":37},"spriteSourceSize":{"x":0,"y":0,"w":497,"h":37},"frame":{"x":724,"y":626,"w":497,"h":37}},{"filename":"popup/score-panel","rotated":false,"trimmed":false,"sourceSize":{"w":299,"h":92},"spriteSourceSize":{"x":0,"y":0,"w":299,"h":92},"frame":{"x":905,"y":454,"w":299,"h":92}},{"filename":"texts/invite-friends","rotated":false,"trimmed":false,"sourceSize":{"w":335,"h":34},"spriteSourceSize":{"x":0,"y":0,"w":335,"h":34},"frame":{"x":905,"y":549,"w":335,"h":34}},{"filename":"popup/bottom","rotated":false,"trimmed":false,"sourceSize":{"w":431,"h":27},"spriteSourceSize":{"x":0,"y":0,"w":431,"h":27},"frame":{"x":724,"y":666,"w":431,"h":27}},{"filename":"leaderboards/bg-middle","rotated":false,"trimmed":false,"sourceSize":{"w":949,"h":47},"spriteSourceSize":{"x":0,"y":0,"w":949,"h":47},"frame":{"x":2,"y":770,"w":949,"h":47}},{"filename":"daily-challenge/title-panel","rotated":false,"trimmed":false,"sourceSize":{"w":282,"h":69},"spriteSourceSize":{"x":0,"y":0,"w":282,"h":69},"frame":{"x":954,"y":696,"w":282,"h":69}},{"filename":"texts/text-journey","rotated":false,"trimmed":false,"sourceSize":{"w":289,"h":35},"spriteSourceSize":{"x":0,"y":0,"w":289,"h":35},"frame":{"x":954,"y":768,"w":289,"h":35}},{"filename":"texts/play-with","rotated":false,"trimmed":false,"sourceSize":{"w":292,"h":34},"spriteSourceSize":{"x":0,"y":0,"w":292,"h":34},"frame":{"x":954,"y":806,"w":292,"h":34}},{"filename":"border-bottom-panel","rotated":false,"trimmed":false,"sourceSize":{"w":750,"h":36},"spriteSourceSize":{"x":0,"y":0,"w":750,"h":36},"frame":{"x":2,"y":820,"w":750,"h":36}},{"filename":"lives/time-block-2","rotated":false,"trimmed":false,"sourceSize":{"w":363,"h":108},"spriteSourceSize":{"x":0,"y":0,"w":363,"h":108},"frame":{"x":755,"y":843,"w":363,"h":108}},{"filename":"popup/top-dark","rotated":false,"trimmed":false,"sourceSize":{"w":431,"h":89},"spriteSourceSize":{"x":0,"y":0,"w":431,"h":89},"frame":{"x":2,"y":859,"w":431,"h":89}},{"filename":"texts/waiting-for-opponent","rotated":false,"trimmed":false,"sourceSize":{"w":442,"h":37},"spriteSourceSize":{"x":0,"y":0,"w":442,"h":37},"frame":{"x":2,"y":951,"w":442,"h":37}},{"filename":"wood-panel","rotated":false,"trimmed":false,"sourceSize":{"w":301,"h":56},"spriteSourceSize":{"x":0,"y":0,"w":301,"h":56},"frame":{"x":436,"y":859,"w":301,"h":56}},{"filename":"texts/out-of-live","rotated":false,"trimmed":false,"sourceSize":{"w":441,"h":37},"spriteSourceSize":{"x":0,"y":0,"w":441,"h":37},"frame":{"x":447,"y":954,"w":441,"h":37}},{"filename":"buttons/dark-blue","rotated":false,"trimmed":false,"sourceSize":{"w":365,"h":107},"spriteSourceSize":{"x":0,"y":0,"w":365,"h":107},"frame":{"x":2,"y":991,"w":365,"h":107}},{"filename":"buttons/green","rotated":false,"trimmed":false,"sourceSize":{"w":343,"h":102},"spriteSourceSize":{"x":0,"y":0,"w":343,"h":102},"frame":{"x":891,"y":954,"w":343,"h":102}},{"filename":"popup/top","rotated":false,"trimmed":false,"sourceSize":{"w":431,"h":89},"spriteSourceSize":{"x":0,"y":0,"w":431,"h":89},"frame":{"x":370,"y":994,"w":431,"h":89}},{"filename":"lives/time-block","rotated":false,"trimmed":false,"sourceSize":{"w":346,"h":87},"spriteSourceSize":{"x":0,"y":0,"w":346,"h":87},"frame":{"x":804,"y":1059,"w":346,"h":87}},{"filename":"leaderboards/bg-item","rotated":false,"trimmed":false,"sourceSize":{"w":317,"h":61},"spriteSourceSize":{"x":0,"y":0,"w":317,"h":61},"frame":{"x":370,"y":1086,"w":317,"h":61}},{"filename":"texts/lose","rotated":false,"trimmed":false,"sourceSize":{"w":357,"h":44},"spriteSourceSize":{"x":0,"y":0,"w":357,"h":44},"frame":{"x":2,"y":1101,"w":357,"h":44}},{"filename":"texts/setting","rotated":false,"trimmed":false,"sourceSize":{"w":307,"h":37},"spriteSourceSize":{"x":0,"y":0,"w":307,"h":37},"frame":{"x":2,"y":1148,"w":307,"h":37}},{"filename":"texts/leader-board","rotated":false,"trimmed":false,"sourceSize":{"w":426,"h":37},"spriteSourceSize":{"x":0,"y":0,"w":426,"h":37},"frame":{"x":690,"y":1149,"w":426,"h":37}},{"filename":"texts/play-single","rotated":false,"trimmed":false,"sourceSize":{"w":334,"h":35},"spriteSourceSize":{"x":0,"y":0,"w":334,"h":35},"frame":{"x":312,"y":1150,"w":334,"h":35}},{"filename":"texts/win","rotated":false,"trimmed":false,"sourceSize":{"w":415,"h":45},"spriteSourceSize":{"x":0,"y":0,"w":415,"h":45},"frame":{"x":2,"y":1188,"w":415,"h":45}},{"filename":"texts/keep-playing","rotated":false,"trimmed":false,"sourceSize":{"w":378,"h":37},"spriteSourceSize":{"x":0,"y":0,"w":378,"h":37},"frame":{"x":420,"y":1189,"w":378,"h":37}},{"filename":"texts/refill-lives","rotated":false,"trimmed":false,"sourceSize":{"w":322,"h":30},"spriteSourceSize":{"x":0,"y":0,"w":322,"h":30},"frame":{"x":801,"y":1189,"w":322,"h":30}},{"filename":"texts/text-next-level","rotated":false,"trimmed":false,"sourceSize":{"w":322,"h":25},"spriteSourceSize":{"x":0,"y":0,"w":322,"h":25},"frame":{"x":801,"y":1222,"w":322,"h":25}}]}],"meta":{"app":"https://www.codeandweb.com/texturepacker","version":"3.0","smartupdate":"$TexturePacker:SmartUpdate:abda5317fd700476a57adeacf0618927:b3951ea6331b3df10ad16b1fce37047b:3e7944c06d121c41a747bba57afe2e59$"}}