{"textures":[{"image":"card-back.png","format":"RGBA8888","size":{"w":506,"h":148},"scale":1,"frames":[{"filename":"card-back-0","rotated":false,"trimmed":false,"sourceSize":{"w":98,"h":144},"spriteSourceSize":{"x":0,"y":0,"w":98,"h":144},"frame":{"x":2,"y":2,"w":98,"h":144}},{"filename":"card-back-1","rotated":false,"trimmed":false,"sourceSize":{"w":98,"h":144},"spriteSourceSize":{"x":0,"y":0,"w":98,"h":144},"frame":{"x":103,"y":2,"w":98,"h":144}},{"filename":"card-back-2","rotated":false,"trimmed":false,"sourceSize":{"w":98,"h":144},"spriteSourceSize":{"x":0,"y":0,"w":98,"h":144},"frame":{"x":204,"y":2,"w":98,"h":144}},{"filename":"card-back-3","rotated":false,"trimmed":false,"sourceSize":{"w":98,"h":144},"spriteSourceSize":{"x":0,"y":0,"w":98,"h":144},"frame":{"x":305,"y":2,"w":98,"h":144}},{"filename":"card-back-4","rotated":false,"trimmed":false,"sourceSize":{"w":98,"h":144},"spriteSourceSize":{"x":0,"y":0,"w":98,"h":144},"frame":{"x":406,"y":2,"w":98,"h":144}}]}],"meta":{"app":"https://www.codeandweb.com/texturepacker","version":"3.0","smartupdate":"$TexturePacker:SmartUpdate:2f486e8edd59841fd2305d942901436e:f818471d36f3d4f1fdaa6ad9f3a85720:f320e573f397d74014ee38516b863c41$"}}