{"textures":[{"image":"card-style-3.png","format":"RGBA8888","size":{"w":506,"h":1618},"scale":1,"frames":[{"filename":"101","rotated":false,"trimmed":false,"sourceSize":{"w":98,"h":144},"spriteSourceSize":{"x":0,"y":0,"w":98,"h":144},"frame":{"x":2,"y":2,"w":98,"h":144}},{"filename":"102","rotated":false,"trimmed":false,"sourceSize":{"w":98,"h":144},"spriteSourceSize":{"x":0,"y":0,"w":98,"h":144},"frame":{"x":103,"y":2,"w":98,"h":144}},{"filename":"103","rotated":false,"trimmed":false,"sourceSize":{"w":98,"h":144},"spriteSourceSize":{"x":0,"y":0,"w":98,"h":144},"frame":{"x":204,"y":2,"w":98,"h":144}},{"filename":"104","rotated":false,"trimmed":false,"sourceSize":{"w":98,"h":144},"spriteSourceSize":{"x":0,"y":0,"w":98,"h":144},"frame":{"x":305,"y":2,"w":98,"h":144}},{"filename":"105","rotated":false,"trimmed":false,"sourceSize":{"w":98,"h":144},"spriteSourceSize":{"x":0,"y":0,"w":98,"h":144},"frame":{"x":406,"y":2,"w":98,"h":144}},{"filename":"106","rotated":false,"trimmed":false,"sourceSize":{"w":98,"h":144},"spriteSourceSize":{"x":0,"y":0,"w":98,"h":144},"frame":{"x":2,"y":149,"w":98,"h":144}},{"filename":"107","rotated":false,"trimmed":false,"sourceSize":{"w":98,"h":144},"spriteSourceSize":{"x":0,"y":0,"w":98,"h":144},"frame":{"x":103,"y":149,"w":98,"h":144}},{"filename":"108","rotated":false,"trimmed":false,"sourceSize":{"w":98,"h":144},"spriteSourceSize":{"x":0,"y":0,"w":98,"h":144},"frame":{"x":204,"y":149,"w":98,"h":144}},{"filename":"109","rotated":false,"trimmed":false,"sourceSize":{"w":98,"h":144},"spriteSourceSize":{"x":0,"y":0,"w":98,"h":144},"frame":{"x":305,"y":149,"w":98,"h":144}},{"filename":"110","rotated":false,"trimmed":false,"sourceSize":{"w":98,"h":144},"spriteSourceSize":{"x":0,"y":0,"w":98,"h":144},"frame":{"x":406,"y":149,"w":98,"h":144}},{"filename":"111","rotated":false,"trimmed":false,"sourceSize":{"w":98,"h":144},"spriteSourceSize":{"x":0,"y":0,"w":98,"h":144},"frame":{"x":2,"y":296,"w":98,"h":144}},{"filename":"112","rotated":false,"trimmed":false,"sourceSize":{"w":98,"h":144},"spriteSourceSize":{"x":0,"y":0,"w":98,"h":144},"frame":{"x":103,"y":296,"w":98,"h":144}},{"filename":"113","rotated":false,"trimmed":false,"sourceSize":{"w":98,"h":144},"spriteSourceSize":{"x":0,"y":0,"w":98,"h":144},"frame":{"x":204,"y":296,"w":98,"h":144}},{"filename":"201","rotated":false,"trimmed":false,"sourceSize":{"w":98,"h":144},"spriteSourceSize":{"x":0,"y":0,"w":98,"h":144},"frame":{"x":305,"y":296,"w":98,"h":144}},{"filename":"202","rotated":false,"trimmed":false,"sourceSize":{"w":98,"h":144},"spriteSourceSize":{"x":0,"y":0,"w":98,"h":144},"frame":{"x":406,"y":296,"w":98,"h":144}},{"filename":"203","rotated":false,"trimmed":false,"sourceSize":{"w":98,"h":144},"spriteSourceSize":{"x":0,"y":0,"w":98,"h":144},"frame":{"x":2,"y":443,"w":98,"h":144}},{"filename":"204","rotated":false,"trimmed":false,"sourceSize":{"w":98,"h":144},"spriteSourceSize":{"x":0,"y":0,"w":98,"h":144},"frame":{"x":103,"y":443,"w":98,"h":144}},{"filename":"205","rotated":false,"trimmed":false,"sourceSize":{"w":98,"h":144},"spriteSourceSize":{"x":0,"y":0,"w":98,"h":144},"frame":{"x":204,"y":443,"w":98,"h":144}},{"filename":"206","rotated":false,"trimmed":false,"sourceSize":{"w":98,"h":144},"spriteSourceSize":{"x":0,"y":0,"w":98,"h":144},"frame":{"x":305,"y":443,"w":98,"h":144}},{"filename":"207","rotated":false,"trimmed":false,"sourceSize":{"w":98,"h":144},"spriteSourceSize":{"x":0,"y":0,"w":98,"h":144},"frame":{"x":406,"y":443,"w":98,"h":144}},{"filename":"208","rotated":false,"trimmed":false,"sourceSize":{"w":98,"h":144},"spriteSourceSize":{"x":0,"y":0,"w":98,"h":144},"frame":{"x":2,"y":590,"w":98,"h":144}},{"filename":"209","rotated":false,"trimmed":false,"sourceSize":{"w":98,"h":144},"spriteSourceSize":{"x":0,"y":0,"w":98,"h":144},"frame":{"x":103,"y":590,"w":98,"h":144}},{"filename":"210","rotated":false,"trimmed":false,"sourceSize":{"w":98,"h":144},"spriteSourceSize":{"x":0,"y":0,"w":98,"h":144},"frame":{"x":204,"y":590,"w":98,"h":144}},{"filename":"211","rotated":false,"trimmed":false,"sourceSize":{"w":98,"h":144},"spriteSourceSize":{"x":0,"y":0,"w":98,"h":144},"frame":{"x":305,"y":590,"w":98,"h":144}},{"filename":"212","rotated":false,"trimmed":false,"sourceSize":{"w":98,"h":144},"spriteSourceSize":{"x":0,"y":0,"w":98,"h":144},"frame":{"x":406,"y":590,"w":98,"h":144}},{"filename":"213","rotated":false,"trimmed":false,"sourceSize":{"w":98,"h":144},"spriteSourceSize":{"x":0,"y":0,"w":98,"h":144},"frame":{"x":2,"y":737,"w":98,"h":144}},{"filename":"301","rotated":false,"trimmed":false,"sourceSize":{"w":98,"h":144},"spriteSourceSize":{"x":0,"y":0,"w":98,"h":144},"frame":{"x":103,"y":737,"w":98,"h":144}},{"filename":"302","rotated":false,"trimmed":false,"sourceSize":{"w":98,"h":144},"spriteSourceSize":{"x":0,"y":0,"w":98,"h":144},"frame":{"x":204,"y":737,"w":98,"h":144}},{"filename":"303","rotated":false,"trimmed":false,"sourceSize":{"w":98,"h":144},"spriteSourceSize":{"x":0,"y":0,"w":98,"h":144},"frame":{"x":305,"y":737,"w":98,"h":144}},{"filename":"304","rotated":false,"trimmed":false,"sourceSize":{"w":98,"h":144},"spriteSourceSize":{"x":0,"y":0,"w":98,"h":144},"frame":{"x":406,"y":737,"w":98,"h":144}},{"filename":"305","rotated":false,"trimmed":false,"sourceSize":{"w":98,"h":144},"spriteSourceSize":{"x":0,"y":0,"w":98,"h":144},"frame":{"x":2,"y":884,"w":98,"h":144}},{"filename":"306","rotated":false,"trimmed":false,"sourceSize":{"w":98,"h":144},"spriteSourceSize":{"x":0,"y":0,"w":98,"h":144},"frame":{"x":103,"y":884,"w":98,"h":144}},{"filename":"307","rotated":false,"trimmed":false,"sourceSize":{"w":98,"h":144},"spriteSourceSize":{"x":0,"y":0,"w":98,"h":144},"frame":{"x":204,"y":884,"w":98,"h":144}},{"filename":"308","rotated":false,"trimmed":false,"sourceSize":{"w":98,"h":144},"spriteSourceSize":{"x":0,"y":0,"w":98,"h":144},"frame":{"x":305,"y":884,"w":98,"h":144}},{"filename":"309","rotated":false,"trimmed":false,"sourceSize":{"w":98,"h":144},"spriteSourceSize":{"x":0,"y":0,"w":98,"h":144},"frame":{"x":406,"y":884,"w":98,"h":144}},{"filename":"310","rotated":false,"trimmed":false,"sourceSize":{"w":98,"h":144},"spriteSourceSize":{"x":0,"y":0,"w":98,"h":144},"frame":{"x":2,"y":1031,"w":98,"h":144}},{"filename":"311","rotated":false,"trimmed":false,"sourceSize":{"w":98,"h":144},"spriteSourceSize":{"x":0,"y":0,"w":98,"h":144},"frame":{"x":103,"y":1031,"w":98,"h":144}},{"filename":"312","rotated":false,"trimmed":false,"sourceSize":{"w":98,"h":144},"spriteSourceSize":{"x":0,"y":0,"w":98,"h":144},"frame":{"x":204,"y":1031,"w":98,"h":144}},{"filename":"313","rotated":false,"trimmed":false,"sourceSize":{"w":98,"h":144},"spriteSourceSize":{"x":0,"y":0,"w":98,"h":144},"frame":{"x":305,"y":1031,"w":98,"h":144}},{"filename":"401","rotated":false,"trimmed":false,"sourceSize":{"w":98,"h":144},"spriteSourceSize":{"x":0,"y":0,"w":98,"h":144},"frame":{"x":406,"y":1031,"w":98,"h":144}},{"filename":"402","rotated":false,"trimmed":false,"sourceSize":{"w":98,"h":144},"spriteSourceSize":{"x":0,"y":0,"w":98,"h":144},"frame":{"x":2,"y":1178,"w":98,"h":144}},{"filename":"403","rotated":false,"trimmed":false,"sourceSize":{"w":98,"h":144},"spriteSourceSize":{"x":0,"y":0,"w":98,"h":144},"frame":{"x":103,"y":1178,"w":98,"h":144}},{"filename":"404","rotated":false,"trimmed":false,"sourceSize":{"w":98,"h":144},"spriteSourceSize":{"x":0,"y":0,"w":98,"h":144},"frame":{"x":204,"y":1178,"w":98,"h":144}},{"filename":"405","rotated":false,"trimmed":false,"sourceSize":{"w":98,"h":144},"spriteSourceSize":{"x":0,"y":0,"w":98,"h":144},"frame":{"x":305,"y":1178,"w":98,"h":144}},{"filename":"406","rotated":false,"trimmed":false,"sourceSize":{"w":98,"h":144},"spriteSourceSize":{"x":0,"y":0,"w":98,"h":144},"frame":{"x":406,"y":1178,"w":98,"h":144}},{"filename":"407","rotated":false,"trimmed":false,"sourceSize":{"w":98,"h":144},"spriteSourceSize":{"x":0,"y":0,"w":98,"h":144},"frame":{"x":2,"y":1325,"w":98,"h":144}},{"filename":"408","rotated":false,"trimmed":false,"sourceSize":{"w":98,"h":144},"spriteSourceSize":{"x":0,"y":0,"w":98,"h":144},"frame":{"x":103,"y":1325,"w":98,"h":144}},{"filename":"409","rotated":false,"trimmed":false,"sourceSize":{"w":98,"h":144},"spriteSourceSize":{"x":0,"y":0,"w":98,"h":144},"frame":{"x":204,"y":1325,"w":98,"h":144}},{"filename":"410","rotated":false,"trimmed":false,"sourceSize":{"w":98,"h":144},"spriteSourceSize":{"x":0,"y":0,"w":98,"h":144},"frame":{"x":305,"y":1325,"w":98,"h":144}},{"filename":"411","rotated":false,"trimmed":false,"sourceSize":{"w":98,"h":144},"spriteSourceSize":{"x":0,"y":0,"w":98,"h":144},"frame":{"x":406,"y":1325,"w":98,"h":144}},{"filename":"412","rotated":false,"trimmed":false,"sourceSize":{"w":98,"h":144},"spriteSourceSize":{"x":0,"y":0,"w":98,"h":144},"frame":{"x":2,"y":1472,"w":98,"h":144}},{"filename":"413","rotated":false,"trimmed":false,"sourceSize":{"w":98,"h":144},"spriteSourceSize":{"x":0,"y":0,"w":98,"h":144},"frame":{"x":103,"y":1472,"w":98,"h":144}}]}],"meta":{"app":"https://www.codeandweb.com/texturepacker","version":"3.0","smartupdate":"$TexturePacker:SmartUpdate:8447426fdbb3eae1b073c3271612bcae:98a73b034246738dc530f5d0f3997a5d:19ad8a3e0b198d5b6d3cddfbe8ffcc4f$"}}