{"textures":[{"image":"default-resources-32bit.png","format":"RGBA8888","size":{"w":1992,"h":496},"scale":1,"frames":[{"filename":"blank","rotated":false,"trimmed":false,"sourceSize":{"w":100,"h":100},"spriteSourceSize":{"x":0,"y":0,"w":100,"h":100},"frame":{"x":2,"y":2,"w":100,"h":100}},{"filename":"cards/slot","rotated":false,"trimmed":false,"sourceSize":{"w":100,"h":150},"spriteSourceSize":{"x":0,"y":0,"w":100,"h":150},"frame":{"x":105,"y":2,"w":100,"h":150}},{"filename":"cards/101","rotated":false,"trimmed":false,"sourceSize":{"w":102,"h":154},"spriteSourceSize":{"x":0,"y":0,"w":102,"h":154},"frame":{"x":208,"y":2,"w":102,"h":154}},{"filename":"cards/102","rotated":false,"trimmed":false,"sourceSize":{"w":102,"h":154},"spriteSourceSize":{"x":0,"y":0,"w":102,"h":154},"frame":{"x":313,"y":2,"w":102,"h":154}},{"filename":"cards/103","rotated":false,"trimmed":false,"sourceSize":{"w":102,"h":154},"spriteSourceSize":{"x":0,"y":0,"w":102,"h":154},"frame":{"x":418,"y":2,"w":102,"h":154}},{"filename":"cards/104","rotated":false,"trimmed":false,"sourceSize":{"w":102,"h":154},"spriteSourceSize":{"x":0,"y":0,"w":102,"h":154},"frame":{"x":523,"y":2,"w":102,"h":154}},{"filename":"cards/105","rotated":false,"trimmed":false,"sourceSize":{"w":102,"h":154},"spriteSourceSize":{"x":0,"y":0,"w":102,"h":154},"frame":{"x":628,"y":2,"w":102,"h":154}},{"filename":"cards/106","rotated":false,"trimmed":false,"sourceSize":{"w":102,"h":154},"spriteSourceSize":{"x":0,"y":0,"w":102,"h":154},"frame":{"x":733,"y":2,"w":102,"h":154}},{"filename":"cards/107","rotated":false,"trimmed":false,"sourceSize":{"w":102,"h":154},"spriteSourceSize":{"x":0,"y":0,"w":102,"h":154},"frame":{"x":838,"y":2,"w":102,"h":154}},{"filename":"cards/108","rotated":false,"trimmed":false,"sourceSize":{"w":102,"h":154},"spriteSourceSize":{"x":0,"y":0,"w":102,"h":154},"frame":{"x":943,"y":2,"w":102,"h":154}},{"filename":"cards/109","rotated":false,"trimmed":false,"sourceSize":{"w":102,"h":154},"spriteSourceSize":{"x":0,"y":0,"w":102,"h":154},"frame":{"x":1048,"y":2,"w":102,"h":154}},{"filename":"cards/110","rotated":false,"trimmed":false,"sourceSize":{"w":102,"h":154},"spriteSourceSize":{"x":0,"y":0,"w":102,"h":154},"frame":{"x":1153,"y":2,"w":102,"h":154}},{"filename":"cards/111","rotated":false,"trimmed":false,"sourceSize":{"w":102,"h":154},"spriteSourceSize":{"x":0,"y":0,"w":102,"h":154},"frame":{"x":1258,"y":2,"w":102,"h":154}},{"filename":"cards/112","rotated":false,"trimmed":false,"sourceSize":{"w":102,"h":154},"spriteSourceSize":{"x":0,"y":0,"w":102,"h":154},"frame":{"x":1363,"y":2,"w":102,"h":154}},{"filename":"cards/113","rotated":false,"trimmed":false,"sourceSize":{"w":102,"h":154},"spriteSourceSize":{"x":0,"y":0,"w":102,"h":154},"frame":{"x":1468,"y":2,"w":102,"h":154}},{"filename":"cards/201","rotated":false,"trimmed":false,"sourceSize":{"w":102,"h":154},"spriteSourceSize":{"x":0,"y":0,"w":102,"h":154},"frame":{"x":1573,"y":2,"w":102,"h":154}},{"filename":"cards/202","rotated":false,"trimmed":false,"sourceSize":{"w":102,"h":154},"spriteSourceSize":{"x":0,"y":0,"w":102,"h":154},"frame":{"x":1678,"y":2,"w":102,"h":154}},{"filename":"cards/203","rotated":false,"trimmed":false,"sourceSize":{"w":102,"h":154},"spriteSourceSize":{"x":0,"y":0,"w":102,"h":154},"frame":{"x":1783,"y":2,"w":102,"h":154}},{"filename":"cards/204","rotated":false,"trimmed":false,"sourceSize":{"w":102,"h":154},"spriteSourceSize":{"x":0,"y":0,"w":102,"h":154},"frame":{"x":1888,"y":2,"w":102,"h":154}},{"filename":"cards/205","rotated":false,"trimmed":false,"sourceSize":{"w":102,"h":154},"spriteSourceSize":{"x":0,"y":0,"w":102,"h":154},"frame":{"x":2,"y":159,"w":102,"h":154}},{"filename":"cards/206","rotated":false,"trimmed":false,"sourceSize":{"w":102,"h":154},"spriteSourceSize":{"x":0,"y":0,"w":102,"h":154},"frame":{"x":107,"y":159,"w":102,"h":154}},{"filename":"cards/207","rotated":false,"trimmed":false,"sourceSize":{"w":102,"h":154},"spriteSourceSize":{"x":0,"y":0,"w":102,"h":154},"frame":{"x":212,"y":159,"w":102,"h":154}},{"filename":"cards/208","rotated":false,"trimmed":false,"sourceSize":{"w":102,"h":154},"spriteSourceSize":{"x":0,"y":0,"w":102,"h":154},"frame":{"x":317,"y":159,"w":102,"h":154}},{"filename":"cards/209","rotated":false,"trimmed":false,"sourceSize":{"w":102,"h":154},"spriteSourceSize":{"x":0,"y":0,"w":102,"h":154},"frame":{"x":422,"y":159,"w":102,"h":154}},{"filename":"cards/210","rotated":false,"trimmed":false,"sourceSize":{"w":102,"h":154},"spriteSourceSize":{"x":0,"y":0,"w":102,"h":154},"frame":{"x":527,"y":159,"w":102,"h":154}},{"filename":"cards/211","rotated":false,"trimmed":false,"sourceSize":{"w":102,"h":154},"spriteSourceSize":{"x":0,"y":0,"w":102,"h":154},"frame":{"x":632,"y":159,"w":102,"h":154}},{"filename":"cards/212","rotated":false,"trimmed":false,"sourceSize":{"w":102,"h":154},"spriteSourceSize":{"x":0,"y":0,"w":102,"h":154},"frame":{"x":737,"y":159,"w":102,"h":154}},{"filename":"cards/213","rotated":false,"trimmed":false,"sourceSize":{"w":102,"h":154},"spriteSourceSize":{"x":0,"y":0,"w":102,"h":154},"frame":{"x":842,"y":159,"w":102,"h":154}},{"filename":"cards/301","rotated":false,"trimmed":false,"sourceSize":{"w":102,"h":154},"spriteSourceSize":{"x":0,"y":0,"w":102,"h":154},"frame":{"x":947,"y":159,"w":102,"h":154}},{"filename":"cards/302","rotated":false,"trimmed":false,"sourceSize":{"w":102,"h":154},"spriteSourceSize":{"x":0,"y":0,"w":102,"h":154},"frame":{"x":1052,"y":159,"w":102,"h":154}},{"filename":"cards/303","rotated":false,"trimmed":false,"sourceSize":{"w":102,"h":154},"spriteSourceSize":{"x":0,"y":0,"w":102,"h":154},"frame":{"x":1157,"y":159,"w":102,"h":154}},{"filename":"cards/304","rotated":false,"trimmed":false,"sourceSize":{"w":102,"h":154},"spriteSourceSize":{"x":0,"y":0,"w":102,"h":154},"frame":{"x":1262,"y":159,"w":102,"h":154}},{"filename":"cards/305","rotated":false,"trimmed":false,"sourceSize":{"w":102,"h":154},"spriteSourceSize":{"x":0,"y":0,"w":102,"h":154},"frame":{"x":1367,"y":159,"w":102,"h":154}},{"filename":"cards/306","rotated":false,"trimmed":false,"sourceSize":{"w":102,"h":154},"spriteSourceSize":{"x":0,"y":0,"w":102,"h":154},"frame":{"x":1472,"y":159,"w":102,"h":154}},{"filename":"cards/307","rotated":false,"trimmed":false,"sourceSize":{"w":102,"h":154},"spriteSourceSize":{"x":0,"y":0,"w":102,"h":154},"frame":{"x":1577,"y":159,"w":102,"h":154}},{"filename":"cards/308","rotated":false,"trimmed":false,"sourceSize":{"w":102,"h":154},"spriteSourceSize":{"x":0,"y":0,"w":102,"h":154},"frame":{"x":1682,"y":159,"w":102,"h":154}},{"filename":"cards/309","rotated":false,"trimmed":false,"sourceSize":{"w":102,"h":154},"spriteSourceSize":{"x":0,"y":0,"w":102,"h":154},"frame":{"x":1787,"y":159,"w":102,"h":154}},{"filename":"cards/310","rotated":false,"trimmed":false,"sourceSize":{"w":102,"h":154},"spriteSourceSize":{"x":0,"y":0,"w":102,"h":154},"frame":{"x":2,"y":316,"w":102,"h":154}},{"filename":"cards/311","rotated":false,"trimmed":false,"sourceSize":{"w":102,"h":154},"spriteSourceSize":{"x":0,"y":0,"w":102,"h":154},"frame":{"x":107,"y":316,"w":102,"h":154}},{"filename":"cards/312","rotated":false,"trimmed":false,"sourceSize":{"w":102,"h":154},"spriteSourceSize":{"x":0,"y":0,"w":102,"h":154},"frame":{"x":212,"y":316,"w":102,"h":154}},{"filename":"cards/313","rotated":false,"trimmed":false,"sourceSize":{"w":102,"h":154},"spriteSourceSize":{"x":0,"y":0,"w":102,"h":154},"frame":{"x":317,"y":316,"w":102,"h":154}},{"filename":"cards/401","rotated":false,"trimmed":false,"sourceSize":{"w":102,"h":154},"spriteSourceSize":{"x":0,"y":0,"w":102,"h":154},"frame":{"x":422,"y":316,"w":102,"h":154}},{"filename":"cards/402","rotated":false,"trimmed":false,"sourceSize":{"w":102,"h":154},"spriteSourceSize":{"x":0,"y":0,"w":102,"h":154},"frame":{"x":527,"y":316,"w":102,"h":154}},{"filename":"cards/403","rotated":false,"trimmed":false,"sourceSize":{"w":102,"h":154},"spriteSourceSize":{"x":0,"y":0,"w":102,"h":154},"frame":{"x":632,"y":316,"w":102,"h":154}},{"filename":"cards/404","rotated":false,"trimmed":false,"sourceSize":{"w":102,"h":154},"spriteSourceSize":{"x":0,"y":0,"w":102,"h":154},"frame":{"x":737,"y":316,"w":102,"h":154}},{"filename":"cards/405","rotated":false,"trimmed":false,"sourceSize":{"w":102,"h":154},"spriteSourceSize":{"x":0,"y":0,"w":102,"h":154},"frame":{"x":842,"y":316,"w":102,"h":154}},{"filename":"cards/406","rotated":false,"trimmed":false,"sourceSize":{"w":102,"h":154},"spriteSourceSize":{"x":0,"y":0,"w":102,"h":154},"frame":{"x":947,"y":316,"w":102,"h":154}},{"filename":"cards/407","rotated":false,"trimmed":false,"sourceSize":{"w":102,"h":154},"spriteSourceSize":{"x":0,"y":0,"w":102,"h":154},"frame":{"x":1052,"y":316,"w":102,"h":154}},{"filename":"cards/408","rotated":false,"trimmed":false,"sourceSize":{"w":102,"h":154},"spriteSourceSize":{"x":0,"y":0,"w":102,"h":154},"frame":{"x":1157,"y":316,"w":102,"h":154}},{"filename":"cards/409","rotated":false,"trimmed":false,"sourceSize":{"w":102,"h":154},"spriteSourceSize":{"x":0,"y":0,"w":102,"h":154},"frame":{"x":1262,"y":316,"w":102,"h":154}},{"filename":"cards/410","rotated":false,"trimmed":false,"sourceSize":{"w":102,"h":154},"spriteSourceSize":{"x":0,"y":0,"w":102,"h":154},"frame":{"x":1367,"y":316,"w":102,"h":154}},{"filename":"cards/411","rotated":false,"trimmed":false,"sourceSize":{"w":102,"h":154},"spriteSourceSize":{"x":0,"y":0,"w":102,"h":154},"frame":{"x":1472,"y":316,"w":102,"h":154}},{"filename":"cards/412","rotated":false,"trimmed":false,"sourceSize":{"w":102,"h":154},"spriteSourceSize":{"x":0,"y":0,"w":102,"h":154},"frame":{"x":1577,"y":316,"w":102,"h":154}},{"filename":"cards/413","rotated":false,"trimmed":false,"sourceSize":{"w":102,"h":154},"spriteSourceSize":{"x":0,"y":0,"w":102,"h":154},"frame":{"x":1682,"y":316,"w":102,"h":154}},{"filename":"cards/hint","rotated":false,"trimmed":false,"sourceSize":{"w":126,"h":178},"spriteSourceSize":{"x":0,"y":0,"w":126,"h":178},"frame":{"x":1787,"y":316,"w":126,"h":178}}]}],"meta":{"app":"https://www.codeandweb.com/texturepacker","version":"3.0","smartupdate":"$TexturePacker:SmartUpdate:05d0206d153a7196c9db6db310818fe8:e9c7bed6ef13ed440134daf8f98df26b:0d468957a782894db8a57dcd348e750f$"}}