{"textures":[{"image":"effects-resources-0.png","format":"RGBA8888","size":{"w":450,"h":126},"scale":1,"frames":[{"filename":"blank","rotated":false,"trimmed":false,"sourceSize":{"w":100,"h":100},"spriteSourceSize":{"x":0,"y":0,"w":100,"h":100},"frame":{"x":1,"y":1,"w":100,"h":100}},{"filename":"comet","rotated":false,"trimmed":true,"sourceSize":{"w":80,"h":80},"spriteSourceSize":{"x":6,"y":1,"w":66,"h":76},"frame":{"x":102,"y":1,"w":66,"h":76}},{"filename":"star-yellow","rotated":false,"trimmed":true,"sourceSize":{"w":70,"h":70},"spriteSourceSize":{"x":2,"y":0,"w":68,"h":70},"frame":{"x":169,"y":1,"w":68,"h":70}},{"filename":"confetti/hexagon-0","rotated":false,"trimmed":true,"sourceSize":{"w":50,"h":50},"spriteSourceSize":{"x":0,"y":2,"w":50,"h":46},"frame":{"x":238,"y":1,"w":50,"h":46}},{"filename":"star-white","rotated":false,"trimmed":true,"sourceSize":{"w":70,"h":70},"spriteSourceSize":{"x":12,"y":10,"w":42,"h":46},"frame":{"x":289,"y":1,"w":42,"h":46}},{"filename":"confetti/hexagon-1","rotated":false,"trimmed":true,"sourceSize":{"w":50,"h":50},"spriteSourceSize":{"x":1,"y":6,"w":49,"h":39},"frame":{"x":332,"y":1,"w":49,"h":39}},{"filename":"confetti/hexagon-4","rotated":false,"trimmed":true,"sourceSize":{"w":50,"h":50},"spriteSourceSize":{"x":4,"y":4,"w":43,"h":42},"frame":{"x":382,"y":1,"w":43,"h":42}},{"filename":"confetti/papers/0037","rotated":false,"trimmed":false,"sourceSize":{"w":23,"h":25},"spriteSourceSize":{"x":0,"y":0,"w":23,"h":25},"frame":{"x":426,"y":1,"w":23,"h":25}},{"filename":"ribbon/ribbon","rotated":false,"trimmed":false,"sourceSize":{"w":64,"h":2},"spriteSourceSize":{"x":0,"y":0,"w":64,"h":2},"frame":{"x":1,"y":102,"w":64,"h":2}},{"filename":"confetti/hexagon-2","rotated":false,"trimmed":true,"sourceSize":{"w":50,"h":50},"spriteSourceSize":{"x":4,"y":8,"w":42,"h":35},"frame":{"x":102,"y":78,"w":42,"h":35}},{"filename":"confetti/papers/0007","rotated":false,"trimmed":false,"sourceSize":{"w":22,"h":20},"spriteSourceSize":{"x":0,"y":0,"w":22,"h":20},"frame":{"x":1,"y":105,"w":22,"h":20}},{"filename":"confetti/papers/0027","rotated":false,"trimmed":false,"sourceSize":{"w":21,"h":20},"spriteSourceSize":{"x":0,"y":0,"w":21,"h":20},"frame":{"x":24,"y":105,"w":21,"h":20}},{"filename":"star-x/star-1","rotated":false,"trimmed":false,"sourceSize":{"w":21,"h":20},"spriteSourceSize":{"x":0,"y":0,"w":21,"h":20},"frame":{"x":46,"y":105,"w":21,"h":20}},{"filename":"star-y/star-1","rotated":false,"trimmed":false,"sourceSize":{"w":21,"h":20},"spriteSourceSize":{"x":0,"y":0,"w":21,"h":20},"frame":{"x":46,"y":105,"w":21,"h":20}},{"filename":"confetti/papers/0028","rotated":false,"trimmed":false,"sourceSize":{"w":21,"h":23},"spriteSourceSize":{"x":0,"y":0,"w":21,"h":23},"frame":{"x":68,"y":102,"w":21,"h":23}},{"filename":"confetti/hexagon-3","rotated":false,"trimmed":true,"sourceSize":{"w":50,"h":50},"spriteSourceSize":{"x":8,"y":7,"w":36,"h":36},"frame":{"x":238,"y":48,"w":36,"h":36}},{"filename":"spark","rotated":false,"trimmed":false,"sourceSize":{"w":34,"h":34},"spriteSourceSize":{"x":0,"y":0,"w":34,"h":34},"frame":{"x":275,"y":48,"w":34,"h":34}},{"filename":"confetti/small-1","rotated":false,"trimmed":false,"sourceSize":{"w":28,"h":31},"spriteSourceSize":{"x":0,"y":0,"w":28,"h":31},"frame":{"x":145,"y":78,"w":28,"h":31}},{"filename":"ribbon/falling-confetti/confetti-b/confetti-b-1","rotated":false,"trimmed":false,"sourceSize":{"w":23,"h":14},"spriteSourceSize":{"x":0,"y":0,"w":23,"h":14},"frame":{"x":426,"y":27,"w":23,"h":14}},{"filename":"confetti/small-3","rotated":false,"trimmed":true,"sourceSize":{"w":28,"h":31},"spriteSourceSize":{"x":4,"y":1,"w":22,"h":30},"frame":{"x":310,"y":48,"w":22,"h":30}},{"filename":"confetti/small-2","rotated":false,"trimmed":true,"sourceSize":{"w":28,"h":31},"spriteSourceSize":{"x":1,"y":3,"w":26,"h":27},"frame":{"x":174,"y":72,"w":26,"h":27}},{"filename":"confetti/small-4","rotated":false,"trimmed":true,"sourceSize":{"w":28,"h":31},"spriteSourceSize":{"x":4,"y":2,"w":20,"h":28},"frame":{"x":201,"y":72,"w":20,"h":28}},{"filename":"confetti/papers/0029","rotated":false,"trimmed":false,"sourceSize":{"w":15,"h":23},"spriteSourceSize":{"x":0,"y":0,"w":15,"h":23},"frame":{"x":222,"y":72,"w":15,"h":23}},{"filename":"confetti/papers/0000","rotated":false,"trimmed":false,"sourceSize":{"w":19,"h":15},"spriteSourceSize":{"x":0,"y":0,"w":19,"h":15},"frame":{"x":145,"y":110,"w":19,"h":15}},{"filename":"confetti/papers/0023","rotated":false,"trimmed":false,"sourceSize":{"w":11,"h":18},"spriteSourceSize":{"x":0,"y":0,"w":11,"h":18},"frame":{"x":90,"y":102,"w":11,"h":18}},{"filename":"confetti/papers/0005","rotated":false,"trimmed":false,"sourceSize":{"w":17,"h":15},"spriteSourceSize":{"x":0,"y":0,"w":17,"h":15},"frame":{"x":165,"y":110,"w":17,"h":15}},{"filename":"ribbon/falling-confetti/confetti-b/confetti-b-2","rotated":false,"trimmed":false,"sourceSize":{"w":23,"h":9},"spriteSourceSize":{"x":0,"y":0,"w":23,"h":9},"frame":{"x":174,"y":100,"w":23,"h":9}},{"filename":"confetti/papers/0008","rotated":false,"trimmed":false,"sourceSize":{"w":21,"h":24},"spriteSourceSize":{"x":0,"y":0,"w":21,"h":24},"frame":{"x":198,"y":101,"w":21,"h":24}},{"filename":"ribbon/falling-confetti/confetti-d/confetti-d-4","rotated":false,"trimmed":false,"sourceSize":{"w":23,"h":4},"spriteSourceSize":{"x":0,"y":0,"w":23,"h":4},"frame":{"x":90,"y":121,"w":23,"h":4}},{"filename":"ribbon/falling-confetti/confetti-d/confetti-d-3","rotated":false,"trimmed":false,"sourceSize":{"w":23,"h":6},"spriteSourceSize":{"x":0,"y":0,"w":23,"h":6},"frame":{"x":102,"y":114,"w":23,"h":6}},{"filename":"confetti/papers/0039","rotated":false,"trimmed":false,"sourceSize":{"w":14,"h":12},"spriteSourceSize":{"x":0,"y":0,"w":14,"h":12},"frame":{"x":183,"y":110,"w":14,"h":12}},{"filename":"confetti/papers/0016","rotated":false,"trimmed":false,"sourceSize":{"w":21,"h":22},"spriteSourceSize":{"x":0,"y":0,"w":21,"h":22},"frame":{"x":333,"y":41,"w":21,"h":22}},{"filename":"confetti/papers/0025","rotated":false,"trimmed":false,"sourceSize":{"w":20,"h":22},"spriteSourceSize":{"x":0,"y":0,"w":20,"h":22},"frame":{"x":355,"y":41,"w":20,"h":22}},{"filename":"ribbon/falling-confetti/confetti-c/confetti-c-1","rotated":false,"trimmed":false,"sourceSize":{"w":24,"h":16},"spriteSourceSize":{"x":0,"y":0,"w":24,"h":16},"frame":{"x":333,"y":64,"w":24,"h":16}},{"filename":"ribbon/falling-confetti/confetti-c/confetti-c-2","rotated":false,"trimmed":false,"sourceSize":{"w":25,"h":10},"spriteSourceSize":{"x":0,"y":0,"w":25,"h":10},"frame":{"x":238,"y":85,"w":25,"h":10}},{"filename":"confetti/papers/0014","rotated":false,"trimmed":false,"sourceSize":{"w":22,"h":19},"spriteSourceSize":{"x":0,"y":0,"w":22,"h":19},"frame":{"x":376,"y":44,"w":22,"h":19}},{"filename":"star-x/star-2","rotated":false,"trimmed":true,"sourceSize":{"w":21,"h":20},"spriteSourceSize":{"x":0,"y":1,"w":21,"h":18},"frame":{"x":399,"y":44,"w":21,"h":18}},{"filename":"confetti/papers/0020","rotated":false,"trimmed":false,"sourceSize":{"w":20,"h":21},"spriteSourceSize":{"x":0,"y":0,"w":20,"h":21},"frame":{"x":358,"y":64,"w":20,"h":21}},{"filename":"star-y/star-4","rotated":false,"trimmed":true,"sourceSize":{"w":21,"h":20},"spriteSourceSize":{"x":1,"y":0,"w":20,"h":20},"frame":{"x":379,"y":64,"w":20,"h":20}},{"filename":"confetti/papers/0006","rotated":false,"trimmed":false,"sourceSize":{"w":17,"h":21},"spriteSourceSize":{"x":0,"y":0,"w":17,"h":21},"frame":{"x":400,"y":63,"w":17,"h":21}},{"filename":"confetti/papers/0024","rotated":false,"trimmed":false,"sourceSize":{"w":14,"h":11},"spriteSourceSize":{"x":0,"y":0,"w":14,"h":11},"frame":{"x":126,"y":114,"w":14,"h":11}},{"filename":"ribbon/falling-confetti/confetti-d/confetti-d-2","rotated":false,"trimmed":false,"sourceSize":{"w":23,"h":9},"spriteSourceSize":{"x":0,"y":0,"w":23,"h":9},"frame":{"x":426,"y":42,"w":23,"h":9}},{"filename":"ribbon/falling-confetti/confetti-b/confetti-b-3","rotated":false,"trimmed":false,"sourceSize":{"w":25,"h":5},"spriteSourceSize":{"x":0,"y":0,"w":25,"h":5},"frame":{"x":222,"y":96,"w":25,"h":5}},{"filename":"confetti/papers/0001","rotated":false,"trimmed":false,"sourceSize":{"w":13,"h":23},"spriteSourceSize":{"x":0,"y":0,"w":13,"h":23},"frame":{"x":220,"y":102,"w":13,"h":23}},{"filename":"star-y/star-2","rotated":false,"trimmed":true,"sourceSize":{"w":21,"h":20},"spriteSourceSize":{"x":4,"y":0,"w":15,"h":20},"frame":{"x":234,"y":102,"w":15,"h":20}},{"filename":"ribbon/falling-confetti/confetti-b/confetti-b-4","rotated":false,"trimmed":false,"sourceSize":{"w":26,"h":2},"spriteSourceSize":{"x":0,"y":0,"w":26,"h":2},"frame":{"x":234,"y":123,"w":26,"h":2}},{"filename":"confetti/papers/0013","rotated":false,"trimmed":false,"sourceSize":{"w":22,"h":13},"spriteSourceSize":{"x":0,"y":0,"w":22,"h":13},"frame":{"x":310,"y":79,"w":22,"h":13}},{"filename":"ribbon/falling-confetti/confetti-a/confetti-a-1","rotated":false,"trimmed":false,"sourceSize":{"w":21,"h":14},"spriteSourceSize":{"x":0,"y":0,"w":21,"h":14},"frame":{"x":333,"y":81,"w":21,"h":14}},{"filename":"ribbon/falling-confetti/confetti-c/confetti-c-3","rotated":false,"trimmed":false,"sourceSize":{"w":23,"h":7},"spriteSourceSize":{"x":0,"y":0,"w":23,"h":7},"frame":{"x":355,"y":86,"w":23,"h":7}},{"filename":"ribbon/falling-confetti/confetti-d/confetti-d-1","rotated":false,"trimmed":false,"sourceSize":{"w":21,"h":14},"spriteSourceSize":{"x":0,"y":0,"w":21,"h":14},"frame":{"x":379,"y":85,"w":21,"h":14}},{"filename":"confetti/papers/0033","rotated":false,"trimmed":false,"sourceSize":{"w":16,"h":19},"spriteSourceSize":{"x":0,"y":0,"w":16,"h":19},"frame":{"x":401,"y":85,"w":16,"h":19}},{"filename":"confetti/papers/0036","rotated":false,"trimmed":false,"sourceSize":{"w":20,"h":17},"spriteSourceSize":{"x":0,"y":0,"w":20,"h":17},"frame":{"x":250,"y":105,"w":20,"h":17}},{"filename":"star-x/star-4","rotated":false,"trimmed":true,"sourceSize":{"w":21,"h":20},"spriteSourceSize":{"x":0,"y":6,"w":21,"h":8},"frame":{"x":250,"y":96,"w":21,"h":8}},{"filename":"confetti/papers/0003","rotated":false,"trimmed":false,"sourceSize":{"w":17,"h":10},"spriteSourceSize":{"x":0,"y":0,"w":17,"h":10},"frame":{"x":264,"y":85,"w":17,"h":10}},{"filename":"star-x/star-3","rotated":false,"trimmed":true,"sourceSize":{"w":21,"h":20},"spriteSourceSize":{"x":0,"y":3,"w":21,"h":14},"frame":{"x":282,"y":83,"w":21,"h":14}},{"filename":"star-y/star-3","rotated":false,"trimmed":true,"sourceSize":{"w":21,"h":20},"spriteSourceSize":{"x":7,"y":0,"w":8,"h":20},"frame":{"x":271,"y":105,"w":8,"h":20}},{"filename":"ribbon/falling-confetti/confetti-c/confetti-c-4","rotated":false,"trimmed":false,"sourceSize":{"w":22,"h":6},"spriteSourceSize":{"x":0,"y":0,"w":22,"h":6},"frame":{"x":272,"y":98,"w":22,"h":6}},{"filename":"confetti/papers/0034","rotated":false,"trimmed":false,"sourceSize":{"w":17,"h":17},"spriteSourceSize":{"x":0,"y":0,"w":17,"h":17},"frame":{"x":280,"y":105,"w":17,"h":17}},{"filename":"confetti/papers/0019","rotated":false,"trimmed":false,"sourceSize":{"w":19,"h":16},"spriteSourceSize":{"x":0,"y":0,"w":19,"h":16},"frame":{"x":421,"y":52,"w":19,"h":16}},{"filename":"confetti/papers/0004","rotated":false,"trimmed":false,"sourceSize":{"w":18,"h":16},"spriteSourceSize":{"x":0,"y":0,"w":18,"h":16},"frame":{"x":418,"y":69,"w":18,"h":16}},{"filename":"confetti/papers/0009","rotated":false,"trimmed":true,"sourceSize":{"w":17,"h":17},"spriteSourceSize":{"x":1,"y":0,"w":16,"h":17},"frame":{"x":418,"y":86,"w":16,"h":17}},{"filename":"confetti/papers/0026","rotated":false,"trimmed":false,"sourceSize":{"w":14,"h":16},"spriteSourceSize":{"x":0,"y":0,"w":14,"h":16},"frame":{"x":435,"y":86,"w":14,"h":16}},{"filename":"confetti/papers/0018","rotated":false,"trimmed":false,"sourceSize":{"w":10,"h":16},"spriteSourceSize":{"x":0,"y":0,"w":10,"h":16},"frame":{"x":437,"y":69,"w":10,"h":16}},{"filename":"ribbon/falling-confetti/confetti-a/confetti-a-3","rotated":false,"trimmed":false,"sourceSize":{"w":21,"h":3},"spriteSourceSize":{"x":0,"y":0,"w":21,"h":3},"frame":{"x":355,"y":94,"w":21,"h":3}},{"filename":"ribbon/falling-confetti/confetti-a/confetti-a-2","rotated":false,"trimmed":false,"sourceSize":{"w":21,"h":7},"spriteSourceSize":{"x":0,"y":0,"w":21,"h":7},"frame":{"x":304,"y":93,"w":21,"h":7}},{"filename":"confetti/papers/0022","rotated":false,"trimmed":false,"sourceSize":{"w":16,"h":17},"spriteSourceSize":{"x":0,"y":0,"w":16,"h":17},"frame":{"x":298,"y":101,"w":16,"h":17}},{"filename":"confetti/papers/0035","rotated":false,"trimmed":false,"sourceSize":{"w":16,"h":17},"spriteSourceSize":{"x":0,"y":0,"w":16,"h":17},"frame":{"x":315,"y":101,"w":16,"h":17}},{"filename":"confetti/papers/0017","rotated":false,"trimmed":false,"sourceSize":{"w":16,"h":16},"spriteSourceSize":{"x":0,"y":0,"w":16,"h":16},"frame":{"x":332,"y":96,"w":16,"h":16}},{"filename":"confetti/papers/0030","rotated":false,"trimmed":false,"sourceSize":{"w":17,"h":12},"spriteSourceSize":{"x":0,"y":0,"w":17,"h":12},"frame":{"x":332,"y":113,"w":17,"h":12}},{"filename":"confetti/papers/0021","rotated":false,"trimmed":false,"sourceSize":{"w":17,"h":14},"spriteSourceSize":{"x":0,"y":0,"w":17,"h":14},"frame":{"x":349,"y":98,"w":17,"h":14}},{"filename":"confetti/papers/0012","rotated":false,"trimmed":false,"sourceSize":{"w":13,"h":12},"spriteSourceSize":{"x":0,"y":0,"w":13,"h":12},"frame":{"x":350,"y":113,"w":13,"h":12}},{"filename":"confetti/papers/0015","rotated":false,"trimmed":false,"sourceSize":{"w":12,"h":12},"spriteSourceSize":{"x":0,"y":0,"w":12,"h":12},"frame":{"x":364,"y":113,"w":12,"h":12}},{"filename":"confetti/papers/0038","rotated":false,"trimmed":false,"sourceSize":{"w":11,"h":13},"spriteSourceSize":{"x":0,"y":0,"w":11,"h":13},"frame":{"x":367,"y":98,"w":11,"h":13}},{"filename":"confetti/papers/0031","rotated":false,"trimmed":true,"sourceSize":{"w":18,"h":10},"spriteSourceSize":{"x":1,"y":0,"w":17,"h":10},"frame":{"x":379,"y":100,"w":17,"h":10}},{"filename":"confetti/papers/0032","rotated":false,"trimmed":false,"sourceSize":{"w":17,"h":9},"spriteSourceSize":{"x":0,"y":0,"w":17,"h":9},"frame":{"x":397,"y":105,"w":17,"h":9}},{"filename":"confetti/papers/0002","rotated":false,"trimmed":false,"sourceSize":{"w":13,"h":10},"spriteSourceSize":{"x":0,"y":0,"w":13,"h":10},"frame":{"x":377,"y":115,"w":13,"h":10}},{"filename":"confetti/papers/0011","rotated":false,"trimmed":false,"sourceSize":{"w":11,"h":10},"spriteSourceSize":{"x":0,"y":0,"w":11,"h":10},"frame":{"x":391,"y":115,"w":11,"h":10}},{"filename":"confetti/papers/0010","rotated":false,"trimmed":false,"sourceSize":{"w":15,"h":16},"spriteSourceSize":{"x":0,"y":0,"w":15,"h":16},"frame":{"x":418,"y":104,"w":15,"h":16}}]}],"meta":{"app":"https://www.codeandweb.com/texturepacker","version":"3.0","smartupdate":"$TexturePacker:SmartUpdate:2b88f03fc05193e7e78b4d42a9af9d28:d154f175ad4eef52cc8b409a1e6fa19d:0e554d0a20193f8e0b06bdb704999cfa$"}}