{"textures":[{"image":"tutorial-resources.png","format":"RGBA8888","size":{"w":496,"h":496},"scale":1,"frames":[{"filename":"talk-popup","rotated":false,"trimmed":false,"sourceSize":{"w":439,"h":248},"spriteSourceSize":{"x":0,"y":0,"w":439,"h":248},"frame":{"x":1,"y":1,"w":439,"h":248}},{"filename":"avatar-cat","rotated":false,"trimmed":true,"sourceSize":{"w":252,"h":253},"spriteSourceSize":{"x":0,"y":9,"w":252,"h":244},"frame":{"x":1,"y":251,"w":252,"h":244}},{"filename":"hand","rotated":false,"trimmed":true,"sourceSize":{"w":131,"h":111},"spriteSourceSize":{"x":8,"y":0,"w":118,"h":111},"frame":{"x":255,"y":251,"w":118,"h":111}},{"filename":"blank","rotated":false,"trimmed":false,"sourceSize":{"w":100,"h":100},"spriteSourceSize":{"x":0,"y":0,"w":100,"h":100},"frame":{"x":255,"y":364,"w":100,"h":100}}]}],"meta":{"app":"https://www.codeandweb.com/texturepacker","version":"3.0","smartupdate":"$TexturePacker:SmartUpdate:72b8a39db0341332dd99c5201ac5f488:22584a22cc100feedc074f71fa9aa5eb:3998b16de870b2ed7b39522da8e735e5$"}}