{"textures":[{"image":"default-8bit-resources-0.png","format":"RGBA8888","size":{"w":1969,"h":1612},"scale":1,"frames":[{"filename":"leaderboards/tab-focus","rotated":false,"trimmed":false,"sourceSize":{"w":114,"h":7},"spriteSourceSize":{"x":0,"y":0,"w":114,"h":7},"frame":{"x":0,"y":0,"w":114,"h":7}},{"filename":"unit-screen/tab-focus","rotated":false,"trimmed":false,"sourceSize":{"w":114,"h":7},"spriteSourceSize":{"x":0,"y":0,"w":114,"h":7},"frame":{"x":115,"y":0,"w":114,"h":7}},{"filename":"unit-screen/ad-icon","rotated":false,"trimmed":false,"sourceSize":{"w":18,"h":15},"spriteSourceSize":{"x":0,"y":0,"w":18,"h":15},"frame":{"x":230,"y":0,"w":18,"h":15}},{"filename":"unit-reward/ellipse-fx","rotated":false,"trimmed":false,"sourceSize":{"w":17,"h":17},"spriteSourceSize":{"x":0,"y":0,"w":17,"h":17},"frame":{"x":249,"y":0,"w":17,"h":17}},{"filename":"loading","rotated":false,"trimmed":false,"sourceSize":{"w":137,"h":19},"spriteSourceSize":{"x":0,"y":0,"w":137,"h":19},"frame":{"x":267,"y":0,"w":137,"h":19}},{"filename":"unit-screen/coin-icon","rotated":false,"trimmed":false,"sourceSize":{"w":24,"h":23},"spriteSourceSize":{"x":0,"y":0,"w":24,"h":23},"frame":{"x":405,"y":0,"w":24,"h":23}},{"filename":"unit-screen/icon-battle","rotated":false,"trimmed":false,"sourceSize":{"w":28,"h":26},"spriteSourceSize":{"x":0,"y":0,"w":28,"h":26},"frame":{"x":430,"y":0,"w":28,"h":26}},{"filename":"unit-screen/icon-heart","rotated":false,"trimmed":false,"sourceSize":{"w":30,"h":27},"spriteSourceSize":{"x":0,"y":0,"w":30,"h":27},"frame":{"x":459,"y":0,"w":30,"h":27}},{"filename":"offline-reward/particle-2","rotated":false,"trimmed":false,"sourceSize":{"w":29,"h":30},"spriteSourceSize":{"x":0,"y":0,"w":29,"h":30},"frame":{"x":490,"y":0,"w":29,"h":30}},{"filename":"result-screen/mini-gold","rotated":false,"trimmed":false,"sourceSize":{"w":32,"h":32},"spriteSourceSize":{"x":0,"y":0,"w":32,"h":32},"frame":{"x":520,"y":0,"w":32,"h":32}},{"filename":"unit-screen/ad-count-bg","rotated":false,"trimmed":false,"sourceSize":{"w":137,"h":35},"spriteSourceSize":{"x":0,"y":0,"w":137,"h":35},"frame":{"x":553,"y":0,"w":137,"h":35}},{"filename":"unit-screen/bg","rotated":false,"trimmed":false,"sourceSize":{"w":113,"h":36},"spriteSourceSize":{"x":0,"y":0,"w":113,"h":36},"frame":{"x":691,"y":0,"w":113,"h":36}},{"filename":"unit-unlock/icon-battle","rotated":false,"trimmed":false,"sourceSize":{"w":41,"h":36},"spriteSourceSize":{"x":0,"y":0,"w":41,"h":36},"frame":{"x":805,"y":0,"w":41,"h":36}},{"filename":"unit-reward/no-thanks-text","rotated":false,"trimmed":false,"sourceSize":{"w":247,"h":37},"spriteSourceSize":{"x":0,"y":0,"w":247,"h":37},"frame":{"x":847,"y":0,"w":247,"h":37}},{"filename":"unit-unlock/icon-heart","rotated":false,"trimmed":false,"sourceSize":{"w":43,"h":38},"spriteSourceSize":{"x":0,"y":0,"w":43,"h":38},"frame":{"x":1095,"y":0,"w":43,"h":38}},{"filename":"icons/music","rotated":false,"trimmed":false,"sourceSize":{"w":40,"h":40},"spriteSourceSize":{"x":0,"y":0,"w":40,"h":40},"frame":{"x":1139,"y":0,"w":40,"h":40}},{"filename":"leaderboards/dino-icon","rotated":false,"trimmed":false,"sourceSize":{"w":52,"h":40},"spriteSourceSize":{"x":0,"y":0,"w":52,"h":40},"frame":{"x":1180,"y":0,"w":52,"h":40}},{"filename":"icons/back-to","rotated":false,"trimmed":false,"sourceSize":{"w":57,"h":41},"spriteSourceSize":{"x":0,"y":0,"w":57,"h":41},"frame":{"x":1233,"y":0,"w":57,"h":41}},{"filename":"icons/battle","rotated":false,"trimmed":false,"sourceSize":{"w":46,"h":42},"spriteSourceSize":{"x":0,"y":0,"w":46,"h":42},"frame":{"x":1291,"y":0,"w":46,"h":42}},{"filename":"icons/share","rotated":false,"trimmed":false,"sourceSize":{"w":38,"h":42},"spriteSourceSize":{"x":0,"y":0,"w":38,"h":42},"frame":{"x":1338,"y":0,"w":38,"h":42}},{"filename":"offline-reward/particle-1","rotated":false,"trimmed":false,"sourceSize":{"w":46,"h":46},"spriteSourceSize":{"x":0,"y":0,"w":46,"h":46},"frame":{"x":1377,"y":0,"w":46,"h":46}},{"filename":"icons/quick-fight","rotated":false,"trimmed":false,"sourceSize":{"w":38,"h":47},"spriteSourceSize":{"x":0,"y":0,"w":38,"h":47},"frame":{"x":1424,"y":0,"w":38,"h":47}},{"filename":"icons/sound","rotated":false,"trimmed":false,"sourceSize":{"w":52,"h":48},"spriteSourceSize":{"x":0,"y":0,"w":52,"h":48},"frame":{"x":1463,"y":0,"w":52,"h":48}},{"filename":"unit-unlock/bg-1","rotated":false,"trimmed":false,"sourceSize":{"w":159,"h":50},"spriteSourceSize":{"x":0,"y":0,"w":159,"h":50},"frame":{"x":1516,"y":0,"w":159,"h":50}},{"filename":"reward-wheel/arrow","rotated":false,"trimmed":false,"sourceSize":{"w":34,"h":52},"spriteSourceSize":{"x":0,"y":0,"w":34,"h":52},"frame":{"x":1676,"y":0,"w":34,"h":52}},{"filename":"icons/ad-icon","rotated":false,"trimmed":false,"sourceSize":{"w":51,"h":54},"spriteSourceSize":{"x":0,"y":0,"w":51,"h":54},"frame":{"x":1711,"y":0,"w":51,"h":54}},{"filename":"icons/replay","rotated":false,"trimmed":false,"sourceSize":{"w":47,"h":55},"spriteSourceSize":{"x":0,"y":0,"w":47,"h":55},"frame":{"x":1763,"y":0,"w":47,"h":55}},{"filename":"icons/vib","rotated":false,"trimmed":false,"sourceSize":{"w":61,"h":55},"spriteSourceSize":{"x":0,"y":0,"w":61,"h":55},"frame":{"x":1811,"y":0,"w":61,"h":55}},{"filename":"unit-screen/icon-lock","rotated":false,"trimmed":false,"sourceSize":{"w":42,"h":56},"spriteSourceSize":{"x":0,"y":0,"w":42,"h":56},"frame":{"x":1873,"y":0,"w":42,"h":56}},{"filename":"leaderboards/tab-bg","rotated":false,"trimmed":false,"sourceSize":{"w":658,"h":58},"spriteSourceSize":{"x":0,"y":0,"w":658,"h":58},"frame":{"x":0,"y":57,"w":658,"h":58}},{"filename":"unit-screen/tab-bg","rotated":false,"trimmed":false,"sourceSize":{"w":658,"h":58},"spriteSourceSize":{"x":0,"y":0,"w":658,"h":58},"frame":{"x":659,"y":57,"w":658,"h":58}},{"filename":"offline-reward/ads","rotated":false,"trimmed":false,"sourceSize":{"w":64,"h":60},"spriteSourceSize":{"x":0,"y":0,"w":64,"h":60},"frame":{"x":1318,"y":57,"w":64,"h":60}},{"filename":"offline-reward/gold","rotated":false,"trimmed":false,"sourceSize":{"w":65,"h":61},"spriteSourceSize":{"x":0,"y":0,"w":65,"h":61},"frame":{"x":1383,"y":57,"w":65,"h":61}},{"filename":"buttons/close","rotated":false,"trimmed":false,"sourceSize":{"w":63,"h":63},"spriteSourceSize":{"x":0,"y":0,"w":63,"h":63},"frame":{"x":1449,"y":57,"w":63,"h":63}},{"filename":"leaderboards/rank-silver","rotated":false,"trimmed":false,"sourceSize":{"w":65,"h":64},"spriteSourceSize":{"x":0,"y":0,"w":65,"h":64},"frame":{"x":1513,"y":57,"w":65,"h":64}},{"filename":"offline-reward/close-btn","rotated":false,"trimmed":false,"sourceSize":{"w":64,"h":65},"spriteSourceSize":{"x":0,"y":0,"w":64,"h":65},"frame":{"x":1579,"y":57,"w":64,"h":65}},{"filename":"leaderboards/rank-gold","rotated":false,"trimmed":false,"sourceSize":{"w":78,"h":69},"spriteSourceSize":{"x":0,"y":0,"w":78,"h":69},"frame":{"x":1644,"y":57,"w":78,"h":69}},{"filename":"unit-unlock/bg","rotated":false,"trimmed":false,"sourceSize":{"w":408,"h":69},"spriteSourceSize":{"x":0,"y":0,"w":408,"h":69},"frame":{"x":0,"y":127,"w":408,"h":69}},{"filename":"leaderboards/rank-copper","rotated":false,"trimmed":false,"sourceSize":{"w":54,"h":71},"spriteSourceSize":{"x":0,"y":0,"w":54,"h":71},"frame":{"x":409,"y":127,"w":54,"h":71}},{"filename":"leaderboards/green-button","rotated":false,"trimmed":false,"sourceSize":{"w":161,"h":73},"spriteSourceSize":{"x":0,"y":0,"w":161,"h":73},"frame":{"x":464,"y":127,"w":161,"h":73}},{"filename":"challenge-screen/vs","rotated":false,"trimmed":false,"sourceSize":{"w":81,"h":75},"spriteSourceSize":{"x":0,"y":0,"w":81,"h":75},"frame":{"x":626,"y":127,"w":81,"h":75}},{"filename":"leaderboards/avatar","rotated":false,"trimmed":false,"sourceSize":{"w":68,"h":76},"spriteSourceSize":{"x":0,"y":0,"w":68,"h":76},"frame":{"x":708,"y":127,"w":68,"h":76}},{"filename":"offline-reward/golds","rotated":false,"trimmed":false,"sourceSize":{"w":110,"h":79},"spriteSourceSize":{"x":0,"y":0,"w":110,"h":79},"frame":{"x":777,"y":127,"w":110,"h":79}},{"filename":"result-screen/golds","rotated":false,"trimmed":false,"sourceSize":{"w":110,"h":79},"spriteSourceSize":{"x":0,"y":0,"w":110,"h":79},"frame":{"x":888,"y":127,"w":110,"h":79}},{"filename":"leaderboards/bg-lose","rotated":false,"trimmed":false,"sourceSize":{"w":627,"h":81},"spriteSourceSize":{"x":0,"y":0,"w":627,"h":81},"frame":{"x":999,"y":127,"w":627,"h":81}},{"filename":"leaderboards/bg-light","rotated":false,"trimmed":false,"sourceSize":{"w":627,"h":82},"spriteSourceSize":{"x":0,"y":0,"w":627,"h":82},"frame":{"x":0,"y":209,"w":627,"h":82}},{"filename":"leaderboards/bg-win","rotated":false,"trimmed":false,"sourceSize":{"w":627,"h":82},"spriteSourceSize":{"x":0,"y":0,"w":627,"h":82},"frame":{"x":628,"y":209,"w":627,"h":82}},{"filename":"unit-screen/ad-button","rotated":false,"trimmed":false,"sourceSize":{"w":290,"h":82},"spriteSourceSize":{"x":0,"y":0,"w":290,"h":82},"frame":{"x":1256,"y":209,"w":290,"h":82}},{"filename":"unit-screen/bar","rotated":false,"trimmed":false,"sourceSize":{"w":7,"h":83},"spriteSourceSize":{"x":0,"y":0,"w":7,"h":83},"frame":{"x":1547,"y":209,"w":7,"h":83}},{"filename":"leaderboards/bg-dark","rotated":false,"trimmed":false,"sourceSize":{"w":629,"h":84},"spriteSourceSize":{"x":0,"y":0,"w":629,"h":84},"frame":{"x":0,"y":293,"w":629,"h":84}},{"filename":"offline-reward/ribbon","rotated":false,"trimmed":false,"sourceSize":{"w":494,"h":87},"spriteSourceSize":{"x":0,"y":0,"w":494,"h":87},"frame":{"x":630,"y":293,"w":494,"h":87}},{"filename":"offline-reward/green-btn","rotated":false,"trimmed":false,"sourceSize":{"w":257,"h":91},"spriteSourceSize":{"x":0,"y":0,"w":257,"h":91},"frame":{"x":1125,"y":293,"w":257,"h":91}},{"filename":"offline-reward/yellow-btn","rotated":false,"trimmed":false,"sourceSize":{"w":257,"h":91},"spriteSourceSize":{"x":0,"y":0,"w":257,"h":91},"frame":{"x":1383,"y":293,"w":257,"h":91}},{"filename":"result-screen/green-button","rotated":false,"trimmed":true,"sourceSize":{"w":258,"h":92},"spriteSourceSize":{"x":0,"y":0,"w":257,"h":91},"frame":{"x":1641,"y":293,"w":257,"h":91}},{"filename":"result-screen/yellow-button","rotated":false,"trimmed":true,"sourceSize":{"w":258,"h":92},"spriteSourceSize":{"x":0,"y":0,"w":257,"h":91},"frame":{"x":0,"y":385,"w":257,"h":91}},{"filename":"result-screen/ribbon-red","rotated":false,"trimmed":false,"sourceSize":{"w":556,"h":99},"spriteSourceSize":{"x":0,"y":0,"w":556,"h":99},"frame":{"x":258,"y":385,"w":556,"h":99}},{"filename":"blank","rotated":false,"trimmed":false,"sourceSize":{"w":100,"h":100},"spriteSourceSize":{"x":0,"y":0,"w":100,"h":100},"frame":{"x":815,"y":385,"w":100,"h":100}},{"filename":"result-screen/ribbon-green","rotated":false,"trimmed":false,"sourceSize":{"w":560,"h":100},"spriteSourceSize":{"x":0,"y":0,"w":560,"h":100},"frame":{"x":916,"y":385,"w":560,"h":100}},{"filename":"unit-reward/particle","rotated":false,"trimmed":false,"sourceSize":{"w":108,"h":107},"spriteSourceSize":{"x":0,"y":0,"w":108,"h":107},"frame":{"x":1477,"y":385,"w":108,"h":107}},{"filename":"buttons/green","rotated":false,"trimmed":false,"sourceSize":{"w":287,"h":114},"spriteSourceSize":{"x":0,"y":0,"w":287,"h":114},"frame":{"x":1586,"y":385,"w":287,"h":114}},{"filename":"buttons/red","rotated":false,"trimmed":false,"sourceSize":{"w":287,"h":114},"spriteSourceSize":{"x":0,"y":0,"w":287,"h":114},"frame":{"x":0,"y":500,"w":287,"h":114}},{"filename":"challenge-screen/fx","rotated":false,"trimmed":false,"sourceSize":{"w":743,"h":118},"spriteSourceSize":{"x":0,"y":0,"w":743,"h":118},"frame":{"x":288,"y":500,"w":743,"h":118}},{"filename":"buttons/green-long","rotated":false,"trimmed":true,"sourceSize":{"w":400,"h":128},"spriteSourceSize":{"x":0,"y":0,"w":399,"h":128},"frame":{"x":1032,"y":500,"w":399,"h":128}},{"filename":"ribbon/green","rotated":false,"trimmed":false,"sourceSize":{"w":478,"h":130},"spriteSourceSize":{"x":0,"y":0,"w":478,"h":130},"frame":{"x":1432,"y":500,"w":478,"h":130}},{"filename":"result-screen/green-button-result","rotated":false,"trimmed":true,"sourceSize":{"w":362,"h":142},"spriteSourceSize":{"x":0,"y":0,"w":362,"h":141},"frame":{"x":0,"y":631,"w":362,"h":141}},{"filename":"preloader/dual-ring","rotated":false,"trimmed":true,"sourceSize":{"w":200,"h":200},"spriteSourceSize":{"x":28,"y":27,"w":144,"h":146},"frame":{"x":363,"y":631,"w":144,"h":146}},{"filename":"challenge-screen/glow","rotated":false,"trimmed":true,"sourceSize":{"w":1036,"h":177},"spriteSourceSize":{"x":116,"y":4,"w":805,"h":169},"frame":{"x":508,"y":631,"w":805,"h":169}},{"filename":"unit-reward/gift","rotated":false,"trimmed":true,"sourceSize":{"w":337,"h":336},"spriteSourceSize":{"x":74,"y":74,"w":188,"h":186},"frame":{"x":1314,"y":631,"w":188,"h":186}},{"filename":"unit-reward/gift-ad","rotated":false,"trimmed":true,"sourceSize":{"w":337,"h":336},"spriteSourceSize":{"x":74,"y":74,"w":214,"h":204},"frame":{"x":1503,"y":631,"w":214,"h":204}},{"filename":"icons/alert","rotated":false,"trimmed":false,"sourceSize":{"w":251,"h":212},"spriteSourceSize":{"x":0,"y":0,"w":251,"h":212},"frame":{"x":1718,"y":631,"w":251,"h":212}},{"filename":"challenge-screen/icon-energy","rotated":false,"trimmed":false,"sourceSize":{"w":192,"h":213},"spriteSourceSize":{"x":0,"y":0,"w":192,"h":213},"frame":{"x":0,"y":844,"w":192,"h":213}},{"filename":"reward-wheel/lucky-spin","rotated":false,"trimmed":false,"sourceSize":{"w":357,"h":229},"spriteSourceSize":{"x":0,"y":0,"w":357,"h":229},"frame":{"x":193,"y":844,"w":357,"h":229}},{"filename":"challenge-screen/shape","rotated":false,"trimmed":false,"sourceSize":{"w":408,"h":247},"spriteSourceSize":{"x":0,"y":0,"w":408,"h":247},"frame":{"x":551,"y":844,"w":408,"h":247}},{"filename":"offline-reward/ticket","rotated":false,"trimmed":false,"sourceSize":{"w":311,"h":249},"spriteSourceSize":{"x":0,"y":0,"w":311,"h":249},"frame":{"x":960,"y":844,"w":311,"h":249}},{"filename":"unit-reward/gift-glow","rotated":false,"trimmed":true,"sourceSize":{"w":337,"h":336},"spriteSourceSize":{"x":17,"y":19,"w":302,"h":299},"frame":{"x":1272,"y":844,"w":302,"h":299}},{"filename":"challenge-screen/grade-blue","rotated":false,"trimmed":false,"sourceSize":{"w":238,"h":307},"spriteSourceSize":{"x":0,"y":0,"w":238,"h":307},"frame":{"x":1575,"y":844,"w":238,"h":307}},{"filename":"challenge-screen/grade-red","rotated":false,"trimmed":false,"sourceSize":{"w":238,"h":307},"spriteSourceSize":{"x":0,"y":0,"w":238,"h":307},"frame":{"x":0,"y":1152,"w":238,"h":307}},{"filename":"icons/title","rotated":false,"trimmed":false,"sourceSize":{"w":455,"h":378},"spriteSourceSize":{"x":0,"y":0,"w":455,"h":378},"frame":{"x":239,"y":1152,"w":455,"h":378}},{"filename":"unit-screen/frame-locked","rotated":false,"trimmed":false,"sourceSize":{"w":290,"h":405},"spriteSourceSize":{"x":0,"y":0,"w":290,"h":405},"frame":{"x":695,"y":1152,"w":290,"h":405}},{"filename":"unit-screen/frame-1","rotated":false,"trimmed":false,"sourceSize":{"w":290,"h":410},"spriteSourceSize":{"x":0,"y":0,"w":290,"h":410},"frame":{"x":986,"y":1152,"w":290,"h":410}},{"filename":"challenge-screen/back-effect","rotated":false,"trimmed":false,"sourceSize":{"w":460,"h":460},"spriteSourceSize":{"x":0,"y":0,"w":460,"h":460},"frame":{"x":1277,"y":1152,"w":460,"h":460}}]},{"image":"default-8bit-resources-1.png","format":"RGBA8888","size":{"w":1843,"h":1282},"scale":1,"frames":[{"filename":"unit-reward/fx","rotated":false,"trimmed":false,"sourceSize":{"w":750,"h":469},"spriteSourceSize":{"x":0,"y":0,"w":750,"h":469},"frame":{"x":0,"y":0,"w":750,"h":469}},{"filename":"result-screen/lose-fx","rotated":false,"trimmed":false,"sourceSize":{"w":527,"h":527},"spriteSourceSize":{"x":0,"y":0,"w":527,"h":527},"frame":{"x":751,"y":0,"w":527,"h":527}},{"filename":"result-screen/win-fx","rotated":false,"trimmed":false,"sourceSize":{"w":527,"h":527},"spriteSourceSize":{"x":0,"y":0,"w":527,"h":527},"frame":{"x":1279,"y":0,"w":527,"h":527}},{"filename":"unit-screen/slidebar-bg","rotated":false,"trimmed":false,"sourceSize":{"w":13,"h":536},"spriteSourceSize":{"x":0,"y":0,"w":13,"h":536},"frame":{"x":1807,"y":0,"w":13,"h":536}},{"filename":"unit-unlock/frame","rotated":false,"trimmed":false,"sourceSize":{"w":415,"h":584},"spriteSourceSize":{"x":0,"y":0,"w":415,"h":584},"frame":{"x":0,"y":537,"w":415,"h":584}},{"filename":"unit-unlock/glow","rotated":false,"trimmed":false,"sourceSize":{"w":681,"h":699},"spriteSourceSize":{"x":0,"y":0,"w":681,"h":699},"frame":{"x":416,"y":537,"w":681,"h":699}},{"filename":"unit-reward/glow","rotated":false,"trimmed":false,"sourceSize":{"w":745,"h":745},"spriteSourceSize":{"x":0,"y":0,"w":745,"h":745},"frame":{"x":1098,"y":537,"w":745,"h":745}}]}],"meta":{"app":"https://www.codeandweb.com/texturepacker","version":"3.0","smartupdate":"$TexturePacker:SmartUpdate:72b638005e7db369becee63a01dc2096:070efb550502418b7fa3e131728dbdac:ef2a834f632d410651d03a413e8496d1$"}}