{"textures":[{"image":"gameplay-resources.png","format":"RGBA8888","size":{"w":852,"h":852},"scale":1,"frames":[{"filename":"effect-text/purple-effect","rotated":false,"trimmed":false,"sourceSize":{"w":527,"h":159},"spriteSourceSize":{"x":0,"y":0,"w":527,"h":159},"frame":{"x":2,"y":2,"w":527,"h":159}},{"filename":"effect-text/win/glow","rotated":false,"trimmed":false,"sourceSize":{"w":553,"h":117},"spriteSourceSize":{"x":0,"y":0,"w":553,"h":117},"frame":{"x":2,"y":164,"w":553,"h":117}},{"filename":"effect-text/lose/glow","rotated":false,"trimmed":false,"sourceSize":{"w":507,"h":110},"spriteSourceSize":{"x":0,"y":0,"w":507,"h":110},"frame":{"x":2,"y":284,"w":507,"h":110}},{"filename":"dashboard/btn-start","rotated":false,"trimmed":false,"sourceSize":{"w":318,"h":126},"spriteSourceSize":{"x":0,"y":0,"w":318,"h":126},"frame":{"x":532,"y":2,"w":318,"h":126}},{"filename":"dashboard/btn-free-gold-glow","rotated":false,"trimmed":true,"sourceSize":{"w":241,"h":235},"spriteSourceSize":{"x":5,"y":0,"w":231,"h":226},"frame":{"x":2,"y":397,"w":231,"h":226}},{"filename":"dashboard/btn-start-landscape","rotated":false,"trimmed":false,"sourceSize":{"w":258,"h":85},"spriteSourceSize":{"x":0,"y":0,"w":258,"h":85},"frame":{"x":236,"y":397,"w":258,"h":85}},{"filename":"effect-text/win/shape-below","rotated":false,"trimmed":false,"sourceSize":{"w":294,"h":47},"spriteSourceSize":{"x":0,"y":0,"w":294,"h":47},"frame":{"x":236,"y":485,"w":294,"h":47}},{"filename":"effect-text/lose/shape-below","rotated":false,"trimmed":false,"sourceSize":{"w":253,"h":51},"spriteSourceSize":{"x":0,"y":0,"w":253,"h":51},"frame":{"x":236,"y":535,"w":253,"h":51}},{"filename":"dashboard/unitbar-bg","rotated":false,"trimmed":false,"sourceSize":{"w":142,"h":154},"spriteSourceSize":{"x":0,"y":0,"w":142,"h":154},"frame":{"x":2,"y":626,"w":142,"h":154}},{"filename":"projectiles/blue-fire","rotated":false,"trimmed":true,"sourceSize":{"w":141,"h":67},"spriteSourceSize":{"x":0,"y":0,"w":139,"h":67},"frame":{"x":2,"y":783,"w":139,"h":67}},{"filename":"dashboard/bar/bg-front","rotated":false,"trimmed":false,"sourceSize":{"w":191,"h":23},"spriteSourceSize":{"x":0,"y":0,"w":191,"h":23},"frame":{"x":532,"y":131,"w":191,"h":23}},{"filename":"hand-guide/hand","rotated":false,"trimmed":true,"sourceSize":{"w":131,"h":111},"spriteSourceSize":{"x":8,"y":0,"w":118,"h":111},"frame":{"x":558,"y":157,"w":118,"h":111}},{"filename":"dashboard/bar/bg","rotated":false,"trimmed":false,"sourceSize":{"w":189,"h":23},"spriteSourceSize":{"x":0,"y":0,"w":189,"h":23},"frame":{"x":236,"y":589,"w":189,"h":23}},{"filename":"dashboard/btn-boss-off","rotated":false,"trimmed":true,"sourceSize":{"w":94,"h":110},"spriteSourceSize":{"x":0,"y":1,"w":94,"h":109},"frame":{"x":147,"y":626,"w":94,"h":109}},{"filename":"dashboard/unitbar-bg-landscape","rotated":false,"trimmed":false,"sourceSize":{"w":137,"h":86},"spriteSourceSize":{"x":0,"y":0,"w":137,"h":86},"frame":{"x":244,"y":615,"w":137,"h":86}},{"filename":"dashboard/coin-bar-bg","rotated":false,"trimmed":false,"sourceSize":{"w":150,"h":49},"spriteSourceSize":{"x":0,"y":0,"w":150,"h":49},"frame":{"x":244,"y":704,"w":150,"h":49}},{"filename":"dashboard/btn-boss-on","rotated":false,"trimmed":true,"sourceSize":{"w":94,"h":110},"spriteSourceSize":{"x":0,"y":1,"w":94,"h":109},"frame":{"x":147,"y":738,"w":94,"h":109}},{"filename":"dashboard/unitbar-stamps","rotated":false,"trimmed":false,"sourceSize":{"w":128,"h":78},"spriteSourceSize":{"x":0,"y":0,"w":128,"h":78},"frame":{"x":244,"y":756,"w":128,"h":78}},{"filename":"dashboard/btn-battle-green","rotated":false,"trimmed":false,"sourceSize":{"w":102,"h":104},"spriteSourceSize":{"x":0,"y":0,"w":102,"h":104},"frame":{"x":679,"y":157,"w":102,"h":104}},{"filename":"dashboard/btn-battle","rotated":false,"trimmed":false,"sourceSize":{"w":66,"h":81},"spriteSourceSize":{"x":0,"y":0,"w":66,"h":81},"frame":{"x":784,"y":131,"w":66,"h":81}},{"filename":"dashboard/btn-leaderboard","rotated":false,"trimmed":false,"sourceSize":{"w":66,"h":81},"spriteSourceSize":{"x":0,"y":0,"w":66,"h":81},"frame":{"x":784,"y":215,"w":66,"h":81}},{"filename":"blank","rotated":false,"trimmed":false,"sourceSize":{"w":100,"h":100},"spriteSourceSize":{"x":0,"y":0,"w":100,"h":100},"frame":{"x":512,"y":284,"w":100,"h":100}},{"filename":"dashboard/btn-free-gold-off","rotated":false,"trimmed":false,"sourceSize":{"w":94,"h":100},"spriteSourceSize":{"x":0,"y":0,"w":94,"h":100},"frame":{"x":615,"y":271,"w":94,"h":100}},{"filename":"projectiles/fire-ring","rotated":false,"trimmed":false,"sourceSize":{"w":69,"h":72},"spriteSourceSize":{"x":0,"y":0,"w":69,"h":72},"frame":{"x":712,"y":264,"w":69,"h":72}},{"filename":"dashboard/ad-icon","rotated":false,"trimmed":false,"sourceSize":{"w":66,"h":66},"spriteSourceSize":{"x":0,"y":0,"w":66,"h":66},"frame":{"x":784,"y":299,"w":66,"h":66}},{"filename":"dashboard/unitbar-archer","rotated":false,"trimmed":false,"sourceSize":{"w":70,"h":86},"spriteSourceSize":{"x":0,"y":0,"w":70,"h":86},"frame":{"x":384,"y":615,"w":70,"h":86}},{"filename":"projectiles/javelin","rotated":false,"trimmed":false,"sourceSize":{"w":134,"h":7},"spriteSourceSize":{"x":0,"y":0,"w":134,"h":7},"frame":{"x":244,"y":837,"w":134,"h":7}},{"filename":"dashboard/bar/blue-bar/full-bar","rotated":false,"trimmed":false,"sourceSize":{"w":185,"h":19},"spriteSourceSize":{"x":0,"y":0,"w":185,"h":19},"frame":{"x":512,"y":387,"w":185,"h":19}},{"filename":"effect-text/lose/shape-above","rotated":false,"trimmed":false,"sourceSize":{"w":172,"h":45},"spriteSourceSize":{"x":0,"y":0,"w":172,"h":45},"frame":{"x":497,"y":409,"w":172,"h":45}},{"filename":"dashboard/bar/red-bar/full-bar","rotated":false,"trimmed":false,"sourceSize":{"w":185,"h":19},"spriteSourceSize":{"x":0,"y":0,"w":185,"h":19},"frame":{"x":497,"y":457,"w":185,"h":19}},{"filename":"effect-text/win/shape-above","rotated":false,"trimmed":false,"sourceSize":{"w":175,"h":37},"spriteSourceSize":{"x":0,"y":0,"w":175,"h":37},"frame":{"x":533,"y":479,"w":175,"h":37}},{"filename":"hp-bar/bg","rotated":false,"trimmed":false,"sourceSize":{"w":185,"h":19},"spriteSourceSize":{"x":0,"y":0,"w":185,"h":19},"frame":{"x":533,"y":519,"w":185,"h":19}},{"filename":"dashboard/avatar-frame-blue","rotated":false,"trimmed":false,"sourceSize":{"w":71,"h":97},"spriteSourceSize":{"x":0,"y":0,"w":71,"h":97},"frame":{"x":397,"y":704,"w":71,"h":97}},{"filename":"dashboard/btn-free-gold","rotated":false,"trimmed":false,"sourceSize":{"w":94,"h":100},"spriteSourceSize":{"x":0,"y":0,"w":94,"h":100},"frame":{"x":457,"y":589,"w":94,"h":100}},{"filename":"dashboard/avatar-frame-red","rotated":false,"trimmed":false,"sourceSize":{"w":71,"h":97},"spriteSourceSize":{"x":0,"y":0,"w":71,"h":97},"frame":{"x":471,"y":692,"w":71,"h":97}},{"filename":"dashboard/unitbar-dino","rotated":false,"trimmed":false,"sourceSize":{"w":98,"h":75},"spriteSourceSize":{"x":0,"y":0,"w":98,"h":75},"frame":{"x":554,"y":541,"w":98,"h":75}},{"filename":"projectiles/level11/green-fire-1","rotated":false,"trimmed":true,"sourceSize":{"w":100,"h":100},"spriteSourceSize":{"x":0,"y":13,"w":99,"h":73},"frame":{"x":554,"y":619,"w":99,"h":73}},{"filename":"projectiles/level11/green-fire-2","rotated":false,"trimmed":true,"sourceSize":{"w":100,"h":100},"spriteSourceSize":{"x":0,"y":13,"w":99,"h":73},"frame":{"x":545,"y":695,"w":99,"h":73}},{"filename":"dashboard/btn-unit-list","rotated":false,"trimmed":false,"sourceSize":{"w":63,"h":72},"spriteSourceSize":{"x":0,"y":0,"w":63,"h":72},"frame":{"x":655,"y":541,"w":63,"h":72}},{"filename":"dashboard/btn-settings","rotated":false,"trimmed":false,"sourceSize":{"w":65,"h":78},"spriteSourceSize":{"x":0,"y":0,"w":65,"h":78},"frame":{"x":656,"y":616,"w":65,"h":78}},{"filename":"dev-tool/attack","rotated":false,"trimmed":false,"sourceSize":{"w":80,"h":80},"spriteSourceSize":{"x":0,"y":0,"w":80,"h":80},"frame":{"x":647,"y":697,"w":80,"h":80}},{"filename":"projectiles/level11/green-fire-3","rotated":false,"trimmed":true,"sourceSize":{"w":100,"h":100},"spriteSourceSize":{"x":4,"y":13,"w":95,"h":77},"frame":{"x":545,"y":771,"w":95,"h":77}},{"filename":"dashboard/icon-battle","rotated":false,"trimmed":false,"sourceSize":{"w":75,"h":67},"spriteSourceSize":{"x":0,"y":0,"w":75,"h":67},"frame":{"x":643,"y":780,"w":75,"h":67}},{"filename":"dashboard/btn-speed-off","rotated":false,"trimmed":false,"sourceSize":{"w":68,"h":77},"spriteSourceSize":{"x":0,"y":0,"w":68,"h":77},"frame":{"x":712,"y":339,"w":68,"h":77}},{"filename":"dashboard/coin-bar-coin","rotated":false,"trimmed":false,"sourceSize":{"w":61,"h":63},"spriteSourceSize":{"x":0,"y":0,"w":61,"h":63},"frame":{"x":783,"y":368,"w":61,"h":63}},{"filename":"projectiles/bolt-2","rotated":false,"trimmed":false,"sourceSize":{"w":92,"h":19},"spriteSourceSize":{"x":0,"y":0,"w":92,"h":19},"frame":{"x":375,"y":804,"w":92,"h":19}},{"filename":"dashboard/btn-speed-on","rotated":false,"trimmed":false,"sourceSize":{"w":68,"h":77},"spriteSourceSize":{"x":0,"y":0,"w":68,"h":77},"frame":{"x":711,"y":419,"w":68,"h":77}},{"filename":"dev-tool/edit","rotated":false,"trimmed":false,"sourceSize":{"w":80,"h":80},"spriteSourceSize":{"x":0,"y":0,"w":80,"h":80},"frame":{"x":721,"y":499,"w":80,"h":80}},{"filename":"dev-tool/unit","rotated":false,"trimmed":false,"sourceSize":{"w":80,"h":77},"spriteSourceSize":{"x":0,"y":0,"w":80,"h":77},"frame":{"x":724,"y":582,"w":80,"h":77}},{"filename":"dev-tool/reset","rotated":false,"trimmed":false,"sourceSize":{"w":80,"h":71},"spriteSourceSize":{"x":0,"y":0,"w":80,"h":71},"frame":{"x":730,"y":662,"w":80,"h":71}},{"filename":"dashboard/ad-icon-landscape","rotated":false,"trimmed":false,"sourceSize":{"w":53,"h":52},"spriteSourceSize":{"x":0,"y":0,"w":53,"h":52},"frame":{"x":782,"y":434,"w":53,"h":52}},{"filename":"projectiles/mace","rotated":false,"trimmed":false,"sourceSize":{"w":73,"h":29},"spriteSourceSize":{"x":0,"y":0,"w":73,"h":29},"frame":{"x":730,"y":736,"w":73,"h":29}},{"filename":"projectiles/arrow-1","rotated":false,"trimmed":false,"sourceSize":{"w":77,"h":20},"spriteSourceSize":{"x":0,"y":0,"w":77,"h":20},"frame":{"x":381,"y":826,"w":77,"h":20}},{"filename":"dashboard/icon-message","rotated":false,"trimmed":false,"sourceSize":{"w":38,"h":38},"spriteSourceSize":{"x":0,"y":0,"w":38,"h":38},"frame":{"x":492,"y":535,"w":38,"h":38}},{"filename":"projectiles/arrow-2","rotated":false,"trimmed":false,"sourceSize":{"w":74,"h":22},"spriteSourceSize":{"x":0,"y":0,"w":74,"h":22},"frame":{"x":730,"y":768,"w":74,"h":22}},{"filename":"hand-guide/arrow-start","rotated":false,"trimmed":false,"sourceSize":{"w":39,"h":52},"spriteSourceSize":{"x":0,"y":0,"w":39,"h":52},"frame":{"x":721,"y":793,"w":39,"h":52}},{"filename":"dashboard/bar/blue-bar/icon-heart-blue","rotated":false,"trimmed":false,"sourceSize":{"w":39,"h":38},"spriteSourceSize":{"x":0,"y":0,"w":39,"h":38},"frame":{"x":763,"y":793,"w":39,"h":38}},{"filename":"projectiles/boomerang","rotated":false,"trimmed":false,"sourceSize":{"w":24,"h":55},"spriteSourceSize":{"x":0,"y":0,"w":24,"h":55},"frame":{"x":804,"y":489,"w":24,"h":55}},{"filename":"dashboard/vs","rotated":false,"trimmed":false,"sourceSize":{"w":34,"h":28},"spriteSourceSize":{"x":0,"y":0,"w":34,"h":28},"frame":{"x":672,"y":409,"w":34,"h":28}},{"filename":"dashboard/coin-mini","rotated":false,"trimmed":false,"sourceSize":{"w":25,"h":27},"spriteSourceSize":{"x":0,"y":0,"w":25,"h":27},"frame":{"x":804,"y":547,"w":25,"h":27}},{"filename":"dashboard/bar/red-bar/icon-heart-red","rotated":false,"trimmed":false,"sourceSize":{"w":39,"h":38},"spriteSourceSize":{"x":0,"y":0,"w":39,"h":38},"frame":{"x":807,"y":577,"w":39,"h":38}},{"filename":"projectiles/bolt-1","rotated":false,"trimmed":false,"sourceSize":{"w":76,"h":12},"spriteSourceSize":{"x":0,"y":0,"w":76,"h":12},"frame":{"x":763,"y":834,"w":76,"h":12}},{"filename":"hand-guide/arrow-end","rotated":false,"trimmed":false,"sourceSize":{"w":8,"h":25},"spriteSourceSize":{"x":0,"y":0,"w":8,"h":25},"frame":{"x":375,"y":756,"w":8,"h":25}},{"filename":"projectiles/rock","rotated":false,"trimmed":false,"sourceSize":{"w":15,"h":13},"spriteSourceSize":{"x":0,"y":0,"w":15,"h":13},"frame":{"x":726,"y":131,"w":15,"h":13}},{"filename":"hand-guide/arrow-middle","rotated":false,"trimmed":false,"sourceSize":{"w":2,"h":25},"spriteSourceSize":{"x":0,"y":0,"w":2,"h":25},"frame":{"x":724,"y":662,"w":2,"h":25}},{"filename":"dashboard/bar/blue-bar/bar-left","rotated":false,"trimmed":false,"sourceSize":{"w":6,"h":20},"spriteSourceSize":{"x":0,"y":0,"w":6,"h":20},"frame":{"x":428,"y":589,"w":6,"h":20}},{"filename":"dashboard/bar/blue-bar/bar-mid","rotated":false,"trimmed":false,"sourceSize":{"w":6,"h":20},"spriteSourceSize":{"x":0,"y":0,"w":6,"h":20},"frame":{"x":461,"y":826,"w":6,"h":20}},{"filename":"dashboard/bar/blue-bar/bar-right","rotated":false,"trimmed":false,"sourceSize":{"w":6,"h":20},"spriteSourceSize":{"x":0,"y":0,"w":6,"h":20},"frame":{"x":533,"y":541,"w":6,"h":20}},{"filename":"dashboard/bar/red-bar/bar-left","rotated":false,"trimmed":false,"sourceSize":{"w":6,"h":19},"spriteSourceSize":{"x":0,"y":0,"w":6,"h":19},"frame":{"x":838,"y":434,"w":6,"h":19}},{"filename":"dashboard/bar/red-bar/bar-mid","rotated":false,"trimmed":false,"sourceSize":{"w":6,"h":19},"spriteSourceSize":{"x":0,"y":0,"w":6,"h":19},"frame":{"x":807,"y":618,"w":6,"h":19}},{"filename":"dashboard/bar/red-bar/bar-right","rotated":false,"trimmed":false,"sourceSize":{"w":6,"h":19},"spriteSourceSize":{"x":0,"y":0,"w":6,"h":19},"frame":{"x":807,"y":640,"w":6,"h":19}}]}],"meta":{"app":"https://www.codeandweb.com/texturepacker","version":"3.0","smartupdate":"$TexturePacker:SmartUpdate:b976e7609f7f5aa67ae566e8d19d7416:8031659fb8c7b21ee51915e976ebd6f8:f8b844ae455f51390ed7080f036e8c41$"}}