[1,["1fp5iTPHBFto4ZwBWcDpLM@6c48a"],["_textureSource"],["cc.SpriteFrame"],0,[{"name":"Amazing","rect":{"x":0,"y":0,"width":646,"height":130},"offset":{"x":0,"y":0},"originalSize":{"width":646,"height":130},"rotated":false,"capInsets":[0,0,0,0],"vertices":{"rawPosition":[-323,-65,0,323,-65,0,-323,65,0,323,65,0],"indexes":[0,1,2,2,1,3],"uv":[0,130,646,130,0,0,646,0],"nuv":[0,0,1,0,0,1,1,1],"minPos":{"x":-323,"y":-65,"z":0},"maxPos":{"x":323,"y":65,"z":0}},"packable":true,"pixelsToUnit":100,"pivot":{"x":0.5,"y":0.5},"meshType":0}],[0],0,[0],[0],[0]]
