[1,0,0,[["cc.JsonAsset",["_name","json"],1]],[[0,0,1,3]],[[0,"level_000571-30",[{"layers":[{"index":0,"tiles":[{"x":1,"y":-9},{"x":10,"y":-9},{"x":5.5,"y":-8.5},{"x":1,"y":-8},{"x":10,"y":-8},{"x":5.5,"y":-7.5},{"x":2,"y":-7},{"x":9,"y":-7},{"x":4.5,"y":-6.5},{"x":5.5,"y":-6.5},{"x":6.5,"y":-6.5},{"x":0,"y":-6},{"x":11,"y":-6},{"x":3.5,"y":-5.5},{"x":5.5,"y":-5.5},{"x":7.5,"y":-5.5},{"x":1,"y":-5},{"x":2,"y":-5},{"x":9,"y":-5},{"x":10,"y":-5},{"x":3.5,"y":-4.5},{"x":5.5,"y":-4.5},{"x":7.5,"y":-4.5},{"x":4.5,"y":-3.5},{"x":5.5,"y":-3.5},{"x":6.5,"y":-3.5},{"x":2,"y":-3},{"x":9,"y":-3},{"x":4.5,"y":-2.5},{"x":5.5,"y":-2.5},{"x":6.5,"y":-2.5},{"x":1,"y":-2},{"x":10,"y":-2},{"x":5.5,"y":-1.5},{"x":1,"y":-1},{"x":10,"y":-1}]},{"index":1,"tiles":[{"x":1,"y":-9},{"x":10,"y":-9},{"x":5.5,"y":-8.5},{"x":1,"y":-8},{"x":10,"y":-8},{"x":5.5,"y":-7.5},{"x":2,"y":-7},{"x":9,"y":-7},{"x":4.5,"y":-6.5},{"x":5.5,"y":-6.5},{"x":6.5,"y":-6.5},{"x":0,"y":-6},{"x":11,"y":-6},{"x":3.5,"y":-5.5},{"x":5.5,"y":-5.5},{"x":7.5,"y":-5.5},{"x":1,"y":-5},{"x":2,"y":-5},{"x":9,"y":-5},{"x":10,"y":-5},{"x":3.5,"y":-4.5},{"x":5.5,"y":-4.5},{"x":7.5,"y":-4.5},{"x":4.5,"y":-3.5},{"x":5.5,"y":-3.5},{"x":6.5,"y":-3.5},{"x":2,"y":-3},{"x":9,"y":-3},{"x":4.5,"y":-2.5},{"x":5.5,"y":-2.5},{"x":6.5,"y":-2.5},{"x":1,"y":-2},{"x":10,"y":-2},{"x":5.5,"y":-1.5},{"x":1,"y":-1},{"x":10,"y":-1}]},{"index":2,"tiles":[{"x":1,"y":-9},{"x":10,"y":-9},{"x":5.5,"y":-8.5},{"x":1,"y":-8},{"x":10,"y":-8},{"x":5.5,"y":-7.5},{"x":2,"y":-7},{"x":9,"y":-7},{"x":4.5,"y":-6.5},{"x":5.5,"y":-6.5},{"x":6.5,"y":-6.5},{"x":0,"y":-6},{"x":11,"y":-6},{"x":3.5,"y":-5.5},{"x":5.5,"y":-5.5},{"x":7.5,"y":-5.5},{"x":1,"y":-5},{"x":2,"y":-5},{"x":9,"y":-5},{"x":10,"y":-5},{"x":3.5,"y":-4.5},{"x":5.5,"y":-4.5},{"x":7.5,"y":-4.5},{"x":4.5,"y":-3.5},{"x":5.5,"y":-3.5},{"x":6.5,"y":-3.5},{"x":2,"y":-3},{"x":9,"y":-3},{"x":4.5,"y":-2.5},{"x":5.5,"y":-2.5},{"x":6.5,"y":-2.5},{"x":1,"y":-2},{"x":10,"y":-2},{"x":5.5,"y":-1.5},{"x":1,"y":-1},{"x":10,"y":-1}]},{"index":3,"tiles":[{"x":1,"y":-9},{"x":10,"y":-9},{"x":5.5,"y":-8.5},{"x":1,"y":-8},{"x":10,"y":-8},{"x":5.5,"y":-7.5},{"x":2,"y":-7},{"x":9,"y":-7},{"x":4.5,"y":-6.5},{"x":5.5,"y":-6.5},{"x":6.5,"y":-6.5},{"x":0,"y":-6},{"x":11,"y":-6},{"x":3.5,"y":-5.5},{"x":5.5,"y":-5.5},{"x":7.5,"y":-5.5},{"x":1,"y":-5},{"x":2,"y":-5},{"x":9,"y":-5},{"x":10,"y":-5},{"x":3.5,"y":-4.5},{"x":5.5,"y":-4.5},{"x":7.5,"y":-4.5},{"x":4.5,"y":-3.5},{"x":5.5,"y":-3.5},{"x":6.5,"y":-3.5},{"x":2,"y":-3},{"x":9,"y":-3},{"x":4.5,"y":-2.5},{"x":5.5,"y":-2.5},{"x":6.5,"y":-2.5},{"x":1,"y":-2},{"x":10,"y":-2},{"x":5.5,"y":-1.5},{"x":1,"y":-1},{"x":10,"y":-1}]}],"seeds":["oIV8HsIIRPhRzjdY4ZR24SSGjSh0R+OBUJCATgMageh41rR9StlJBUgSIpMs0Fh5laYFH9YNodcxn8JMHMENiyUa2BFxwtlt1KUoAlF4TlaBC0eEWWOKIFeFz8MVoAhSxDIUAUdJYQSK3IWq"]},{"layers":[{"index":0,"tiles":[{"x":1,"y":-9},{"x":3,"y":-9},{"x":4,"y":-9},{"x":7,"y":-9},{"x":8,"y":-9},{"x":10,"y":-9},{"x":2,"y":-8.5},{"x":5.5,"y":-8.5},{"x":9,"y":-8.5},{"x":1,"y":-8},{"x":3,"y":-8},{"x":8,"y":-8},{"x":10,"y":-8},{"x":2,"y":-7.5},{"x":5.5,"y":-7.5},{"x":9,"y":-7.5},{"x":1,"y":-7},{"x":4.5,"y":-7},{"x":6.5,"y":-7},{"x":10,"y":-7},{"x":2,"y":-6.5},{"x":9,"y":-6.5},{"x":5.5,"y":-6},{"x":1.5,"y":-5.5},{"x":2.5,"y":-5.5},{"x":8.5,"y":-5.5},{"x":9.5,"y":-5.5},{"x":3.5,"y":-5},{"x":7.5,"y":-5},{"x":1.5,"y":-4.5},{"x":2.5,"y":-4.5},{"x":8.5,"y":-4.5},{"x":9.5,"y":-4.5},{"x":5.5,"y":-4},{"x":2,"y":-3.5},{"x":9,"y":-3.5},{"x":1,"y":-3},{"x":4.5,"y":-3},{"x":6.5,"y":-3},{"x":10,"y":-3},{"x":2,"y":-2.5},{"x":5.5,"y":-2.5},{"x":9,"y":-2.5},{"x":1,"y":-2},{"x":3,"y":-2},{"x":8,"y":-2},{"x":10,"y":-2},{"x":2,"y":-1.5},{"x":5.5,"y":-1.5},{"x":9,"y":-1.5},{"x":1,"y":-1},{"x":3,"y":-1},{"x":4,"y":-1},{"x":7,"y":-1},{"x":8,"y":-1},{"x":10,"y":-1}]},{"index":1,"tiles":[{"x":1,"y":-9},{"x":4,"y":-9},{"x":7,"y":-9},{"x":10,"y":-9},{"x":5.5,"y":-8.5},{"x":1,"y":-8},{"x":3,"y":-8},{"x":8,"y":-8},{"x":10,"y":-8},{"x":1,"y":-7},{"x":4.5,"y":-7},{"x":6.5,"y":-7},{"x":10,"y":-7},{"x":2,"y":-6.5},{"x":9,"y":-6.5},{"x":5.5,"y":-6},{"x":1.5,"y":-5.5},{"x":9.5,"y":-5.5},{"x":3.5,"y":-5},{"x":7.5,"y":-5},{"x":1.5,"y":-4.5},{"x":9.5,"y":-4.5},{"x":5.5,"y":-4},{"x":2,"y":-3.5},{"x":9,"y":-3.5},{"x":1,"y":-3},{"x":4.5,"y":-3},{"x":6.5,"y":-3},{"x":10,"y":-3},{"x":1,"y":-2},{"x":3,"y":-2},{"x":8,"y":-2},{"x":10,"y":-2},{"x":5.5,"y":-1.5},{"x":1,"y":-1},{"x":4,"y":-1},{"x":7,"y":-1},{"x":10,"y":-1}]},{"index":2,"tiles":[{"x":1,"y":-9},{"x":4,"y":-9},{"x":7,"y":-9},{"x":10,"y":-9},{"x":5.5,"y":-8.5},{"x":1,"y":-8},{"x":10,"y":-8},{"x":1,"y":-7},{"x":10,"y":-7},{"x":2,"y":-6.5},{"x":9,"y":-6.5},{"x":1.5,"y":-5.5},{"x":9.5,"y":-5.5},{"x":1.5,"y":-4.5},{"x":9.5,"y":-4.5},{"x":2,"y":-3.5},{"x":9,"y":-3.5},{"x":1,"y":-3},{"x":10,"y":-3},{"x":1,"y":-2},{"x":10,"y":-2},{"x":5.5,"y":-1.5},{"x":1,"y":-1},{"x":4,"y":-1},{"x":7,"y":-1},{"x":10,"y":-1}]}],"seeds":["oQpGGCguXHY9Bth9nDeNp4cS4uQNxNFZnicFIbMF4BYqi6akXSVYXTiFFAhyWfeJIWWIYtIFwkBiCoh4DVgWyBM6kCBM3KVwVBFJyzFwWkN9Sbh8plgFzOBA"]},{"layers":[{"index":0,"tiles":[{"x":5.5,"y":-9.5},{"x":1.5,"y":-9},{"x":4.5,"y":-9},{"x":6.5,"y":-9},{"x":9.5,"y":-9},{"x":3.5,"y":-8.5},{"x":7.5,"y":-8.5},{"x":2.5,"y":-8},{"x":5.5,"y":-8},{"x":8.5,"y":-8},{"x":4.5,"y":-7.5},{"x":6.5,"y":-7.5},{"x":2,"y":-7},{"x":3.5,"y":-7},{"x":7.5,"y":-7},{"x":9,"y":-7},{"x":5.5,"y":-6.5},{"x":1.5,"y":-6},{"x":3,"y":-6},{"x":4.5,"y":-6},{"x":6.5,"y":-6},{"x":8,"y":-6},{"x":9.5,"y":-6},{"x":1,"y":-5},{"x":2.5,"y":-5},{"x":4,"y":-5},{"x":5.5,"y":-5},{"x":7,"y":-5},{"x":8.5,"y":-5},{"x":10,"y":-5},{"x":1.5,"y":-4},{"x":3,"y":-4},{"x":4.5,"y":-4},{"x":6.5,"y":-4},{"x":8,"y":-4},{"x":9.5,"y":-4},{"x":5.5,"y":-3.5},{"x":2,"y":-3},{"x":3.5,"y":-3},{"x":7.5,"y":-3},{"x":9,"y":-3},{"x":4.5,"y":-2.5},{"x":6.5,"y":-2.5},{"x":2.5,"y":-2},{"x":5.5,"y":-2},{"x":8.5,"y":-2},{"x":3.5,"y":-1.5},{"x":7.5,"y":-1.5},{"x":1.5,"y":-1},{"x":4.5,"y":-1},{"x":6.5,"y":-1},{"x":9.5,"y":-1},{"x":5.5,"y":-0.5}]},{"index":1,"tiles":[{"x":5.5,"y":-9.5},{"x":1.5,"y":-9},{"x":4.5,"y":-9},{"x":6.5,"y":-9},{"x":9.5,"y":-9},{"x":3.5,"y":-8.5},{"x":7.5,"y":-8.5},{"x":2.5,"y":-8},{"x":5.5,"y":-8},{"x":8.5,"y":-8},{"x":4.5,"y":-7.5},{"x":6.5,"y":-7.5},{"x":2,"y":-7},{"x":3.5,"y":-7},{"x":7.5,"y":-7},{"x":9,"y":-7},{"x":5.5,"y":-6.5},{"x":1.5,"y":-6},{"x":3,"y":-6},{"x":4.5,"y":-6},{"x":6.5,"y":-6},{"x":8,"y":-6},{"x":9.5,"y":-6},{"x":1,"y":-5},{"x":2.5,"y":-5},{"x":4,"y":-5},{"x":5.5,"y":-5},{"x":7,"y":-5},{"x":8.5,"y":-5},{"x":10,"y":-5},{"x":1.5,"y":-4},{"x":3,"y":-4},{"x":4.5,"y":-4},{"x":6.5,"y":-4},{"x":8,"y":-4},{"x":9.5,"y":-4},{"x":5.5,"y":-3.5},{"x":2,"y":-3},{"x":3.5,"y":-3},{"x":7.5,"y":-3},{"x":9,"y":-3},{"x":4.5,"y":-2.5},{"x":6.5,"y":-2.5},{"x":2.5,"y":-2},{"x":5.5,"y":-2},{"x":8.5,"y":-2},{"x":3.5,"y":-1.5},{"x":7.5,"y":-1.5},{"x":1.5,"y":-1},{"x":4.5,"y":-1},{"x":6.5,"y":-1},{"x":9.5,"y":-1},{"x":5.5,"y":-0.5}]},{"index":2,"tiles":[{"x":1.5,"y":-9},{"x":9.5,"y":-9},{"x":2.5,"y":-8},{"x":8.5,"y":-8},{"x":2,"y":-7},{"x":3.5,"y":-7},{"x":7.5,"y":-7},{"x":9,"y":-7},{"x":1.5,"y":-6},{"x":3,"y":-6},{"x":4.5,"y":-6},{"x":6.5,"y":-6},{"x":8,"y":-6},{"x":9.5,"y":-6},{"x":1,"y":-5},{"x":2.5,"y":-5},{"x":4,"y":-5},{"x":7,"y":-5},{"x":8.5,"y":-5},{"x":10,"y":-5},{"x":1.5,"y":-4},{"x":3,"y":-4},{"x":4.5,"y":-4},{"x":6.5,"y":-4},{"x":8,"y":-4},{"x":9.5,"y":-4},{"x":2,"y":-3},{"x":3.5,"y":-3},{"x":7.5,"y":-3},{"x":9,"y":-3},{"x":2.5,"y":-2},{"x":8.5,"y":-2},{"x":1.5,"y":-1},{"x":9.5,"y":-1}]}],"seeds":["lsZU3zRYmUc0iUgkXrGJItWIIHcUoCIoXsBxFfhxXYWBDDiCj3d92hJ+EReGStlkoVhc0kKFYZc6R6BsQch43XQK0EdxCAk60yN2pjcYnTBglgSCYFcZgtoMwQdZHCNGC4EQUyiiS8FR"]},{"layers":[{"index":0,"tiles":[{"x":3,"y":-8.5},{"x":4.5,"y":-8.5},{"x":6.5,"y":-8.5},{"x":8,"y":-8.5},{"x":4.5,"y":-7.5},{"x":5.5,"y":-7.5},{"x":6.5,"y":-7.5},{"x":1.5,"y":-7},{"x":3,"y":-7},{"x":8,"y":-7},{"x":9.5,"y":-7},{"x":4.5,"y":-6.5},{"x":6.5,"y":-6.5},{"x":5.5,"y":-6},{"x":1.5,"y":-5.5},{"x":2.5,"y":-5.5},{"x":3.5,"y":-5.5},{"x":4.5,"y":-5.5},{"x":6.5,"y":-5.5},{"x":7.5,"y":-5.5},{"x":8.5,"y":-5.5},{"x":9.5,"y":-5.5},{"x":2.5,"y":-4.5},{"x":4,"y":-4.5},{"x":5.5,"y":-4.5},{"x":7,"y":-4.5},{"x":8.5,"y":-4.5},{"x":1.5,"y":-3.5},{"x":2.5,"y":-3.5},{"x":3.5,"y":-3.5},{"x":4.5,"y":-3.5},{"x":6.5,"y":-3.5},{"x":7.5,"y":-3.5},{"x":8.5,"y":-3.5},{"x":9.5,"y":-3.5},{"x":5.5,"y":-3},{"x":4.5,"y":-2.5},{"x":6.5,"y":-2.5},{"x":1.5,"y":-2},{"x":3,"y":-2},{"x":8,"y":-2},{"x":9.5,"y":-2},{"x":4.5,"y":-1.5},{"x":5.5,"y":-1.5},{"x":6.5,"y":-1.5},{"x":3,"y":-0.5},{"x":4.5,"y":-0.5},{"x":6.5,"y":-0.5},{"x":8,"y":-0.5}]},{"index":1,"tiles":[{"x":4,"y":-8},{"x":7,"y":-8},{"x":3,"y":-7.5},{"x":5,"y":-7.5},{"x":6,"y":-7.5},{"x":8,"y":-7.5},{"x":4,"y":-7},{"x":7,"y":-7},{"x":2,"y":-6},{"x":3,"y":-6},{"x":4,"y":-6},{"x":5,"y":-6},{"x":6,"y":-6},{"x":7,"y":-6},{"x":8,"y":-6},{"x":9,"y":-6},{"x":2.5,"y":-5},{"x":4,"y":-5},{"x":7,"y":-5},{"x":8.5,"y":-5},{"x":5,"y":-4.5},{"x":6,"y":-4.5},{"x":2.5,"y":-4},{"x":4,"y":-4},{"x":7,"y":-4},{"x":8.5,"y":-4},{"x":2,"y":-3},{"x":3,"y":-3},{"x":4,"y":-3},{"x":5,"y":-3},{"x":6,"y":-3},{"x":7,"y":-3},{"x":8,"y":-3},{"x":9,"y":-3},{"x":4,"y":-2},{"x":7,"y":-2},{"x":3,"y":-1.5},{"x":5,"y":-1.5},{"x":6,"y":-1.5},{"x":8,"y":-1.5},{"x":4,"y":-1},{"x":7,"y":-1}]},{"index":2,"tiles":[{"x":5.5,"y":-8},{"x":2.5,"y":-7.5},{"x":3.5,"y":-7.5},{"x":4.5,"y":-7.5},{"x":6.5,"y":-7.5},{"x":7.5,"y":-7.5},{"x":8.5,"y":-7.5},{"x":5.5,"y":-7},{"x":2.5,"y":-6.5},{"x":3.5,"y":-6.5},{"x":7.5,"y":-6.5},{"x":8.5,"y":-6.5},{"x":5.5,"y":-6},{"x":2.5,"y":-5.5},{"x":4.5,"y":-5.5},{"x":6.5,"y":-5.5},{"x":8.5,"y":-5.5},{"x":5.5,"y":-5},{"x":2.5,"y":-4.5},{"x":3.5,"y":-4.5},{"x":4.5,"y":-4.5},{"x":6.5,"y":-4.5},{"x":7.5,"y":-4.5},{"x":8.5,"y":-4.5},{"x":5.5,"y":-4},{"x":2.5,"y":-3.5},{"x":4.5,"y":-3.5},{"x":6.5,"y":-3.5},{"x":8.5,"y":-3.5},{"x":5.5,"y":-3},{"x":2.5,"y":-2.5},{"x":3.5,"y":-2.5},{"x":7.5,"y":-2.5},{"x":8.5,"y":-2.5},{"x":5.5,"y":-2},{"x":2.5,"y":-1.5},{"x":3.5,"y":-1.5},{"x":4.5,"y":-1.5},{"x":6.5,"y":-1.5},{"x":7.5,"y":-1.5},{"x":8.5,"y":-1.5},{"x":5.5,"y":-1}]},{"index":3,"tiles":[{"x":5.5,"y":-4.5}]}],"seeds":["XaB82dAVikcRzGJVXgKCYiZeZXomShA2wiA5gsSgYKiRoVgVXQhywxM8XPBBEYcEE+R5wtcdXvSNKgWGRyhyU2M4C0iBi7AFFNiJHuEFSjCEQRdSQXhRoeaJHIItmOeZTbNZnAEA"]},{"layers":[{"index":0,"tiles":[{"x":1.5,"y":-8.5},{"x":2.5,"y":-8.5},{"x":8.5,"y":-8.5},{"x":9.5,"y":-8.5},{"x":3.5,"y":-8},{"x":4.5,"y":-8},{"x":5.5,"y":-8},{"x":6.5,"y":-8},{"x":7.5,"y":-8},{"x":1.5,"y":-7.5},{"x":2.5,"y":-7.5},{"x":8.5,"y":-7.5},{"x":9.5,"y":-7.5},{"x":3.5,"y":-7},{"x":4.5,"y":-7},{"x":5.5,"y":-7},{"x":6.5,"y":-7},{"x":7.5,"y":-7},{"x":1.5,"y":-6.5},{"x":2.5,"y":-6.5},{"x":8.5,"y":-6.5},{"x":9.5,"y":-6.5},{"x":4.5,"y":-6},{"x":5.5,"y":-6},{"x":6.5,"y":-6},{"x":1.5,"y":-5.5},{"x":2.5,"y":-5.5},{"x":8.5,"y":-5.5},{"x":9.5,"y":-5.5},{"x":3.5,"y":-5},{"x":5.5,"y":-5},{"x":7.5,"y":-5},{"x":1.5,"y":-4.5},{"x":2.5,"y":-4.5},{"x":8.5,"y":-4.5},{"x":9.5,"y":-4.5},{"x":3.5,"y":-4},{"x":5.5,"y":-4},{"x":7.5,"y":-4},{"x":1.5,"y":-3.5},{"x":2.5,"y":-3.5},{"x":8.5,"y":-3.5},{"x":9.5,"y":-3.5},{"x":3.5,"y":-3},{"x":4.5,"y":-3},{"x":5.5,"y":-3},{"x":6.5,"y":-3},{"x":7.5,"y":-3},{"x":2.5,"y":-2.5},{"x":8.5,"y":-2.5},{"x":4.5,"y":-2},{"x":5.5,"y":-2},{"x":6.5,"y":-2},{"x":5.5,"y":-1}]},{"index":1,"tiles":[{"x":1.5,"y":-8.5},{"x":2.5,"y":-8.5},{"x":8.5,"y":-8.5},{"x":9.5,"y":-8.5},{"x":3.5,"y":-8},{"x":4.5,"y":-8},{"x":5.5,"y":-8},{"x":6.5,"y":-8},{"x":7.5,"y":-8},{"x":1.5,"y":-7.5},{"x":2.5,"y":-7.5},{"x":8.5,"y":-7.5},{"x":9.5,"y":-7.5},{"x":3.5,"y":-7},{"x":4.5,"y":-7},{"x":5.5,"y":-7},{"x":6.5,"y":-7},{"x":7.5,"y":-7},{"x":1.5,"y":-6.5},{"x":2.5,"y":-6.5},{"x":8.5,"y":-6.5},{"x":9.5,"y":-6.5},{"x":4.5,"y":-6},{"x":5.5,"y":-6},{"x":6.5,"y":-6},{"x":1.5,"y":-5.5},{"x":2.5,"y":-5.5},{"x":8.5,"y":-5.5},{"x":9.5,"y":-5.5},{"x":3.5,"y":-5},{"x":5.5,"y":-5},{"x":7.5,"y":-5},{"x":1.5,"y":-4.5},{"x":2.5,"y":-4.5},{"x":8.5,"y":-4.5},{"x":9.5,"y":-4.5},{"x":3.5,"y":-4},{"x":5.5,"y":-4},{"x":7.5,"y":-4},{"x":1.5,"y":-3.5},{"x":2.5,"y":-3.5},{"x":8.5,"y":-3.5},{"x":9.5,"y":-3.5},{"x":3.5,"y":-3},{"x":4.5,"y":-3},{"x":5.5,"y":-3},{"x":6.5,"y":-3},{"x":7.5,"y":-3},{"x":2.5,"y":-2.5},{"x":8.5,"y":-2.5},{"x":4.5,"y":-2},{"x":5.5,"y":-2},{"x":6.5,"y":-2},{"x":5.5,"y":-1}]},{"index":2,"tiles":[{"x":5.5,"y":-8},{"x":1.5,"y":-7},{"x":2.5,"y":-7},{"x":3.5,"y":-7},{"x":4.5,"y":-7},{"x":5.5,"y":-7},{"x":6.5,"y":-7},{"x":7.5,"y":-7},{"x":8.5,"y":-7},{"x":9.5,"y":-7},{"x":1.5,"y":-6},{"x":5.5,"y":-6},{"x":9.5,"y":-6},{"x":1.5,"y":-5},{"x":2.5,"y":-5},{"x":3.5,"y":-5},{"x":5.5,"y":-5},{"x":7.5,"y":-5},{"x":8.5,"y":-5},{"x":9.5,"y":-5},{"x":3.5,"y":-4},{"x":5.5,"y":-4},{"x":7.5,"y":-4},{"x":3.5,"y":-3},{"x":4.5,"y":-3},{"x":5.5,"y":-3},{"x":6.5,"y":-3},{"x":7.5,"y":-3},{"x":5.5,"y":-2},{"x":5.5,"y":-1}]}],"seeds":["legIFxlIDsOBoNIgy5AIkOlcgkEUDuFV6SRaSzeFQ1dtA+h1X/igXxhyWoYEYtcp4aCAHMWJEDWcUkhViRoI3MdMnCh23tBt4eKBUYgdjYEt4gdaIgg+4hdMTJQVodZ5IvUpoTeWBwMA"]},{"layers":[{"index":0,"tiles":[{"x":1.5,"y":-9.5},{"x":9.5,"y":-9.5},{"x":2.5,"y":-9},{"x":3.5,"y":-9},{"x":4.5,"y":-9},{"x":5.5,"y":-9},{"x":6.5,"y":-9},{"x":7.5,"y":-9},{"x":8.5,"y":-9},{"x":3.5,"y":-8},{"x":7.5,"y":-8},{"x":3.5,"y":-7},{"x":7.5,"y":-7},{"x":2.5,"y":-6},{"x":3.5,"y":-6},{"x":4.5,"y":-6},{"x":5.5,"y":-6},{"x":6.5,"y":-6},{"x":7.5,"y":-6},{"x":8.5,"y":-6},{"x":1.5,"y":-5.5},{"x":9.5,"y":-5.5},{"x":1.5,"y":-4},{"x":2.5,"y":-4},{"x":3.5,"y":-4},{"x":4.5,"y":-4},{"x":6.5,"y":-4},{"x":7.5,"y":-4},{"x":8.5,"y":-4},{"x":9.5,"y":-4},{"x":4,"y":-3},{"x":7,"y":-3},{"x":4,"y":-2},{"x":7,"y":-2},{"x":5,"y":-1.5},{"x":6,"y":-1.5}]},{"index":1,"tiles":[{"x":1.5,"y":-9.5},{"x":9.5,"y":-9.5},{"x":2.5,"y":-9},{"x":4.5,"y":-9},{"x":5.5,"y":-9},{"x":6.5,"y":-9},{"x":8.5,"y":-9},{"x":3.5,"y":-8.5},{"x":7.5,"y":-8.5},{"x":3.5,"y":-7.5},{"x":7.5,"y":-7.5},{"x":3.5,"y":-6.5},{"x":7.5,"y":-6.5},{"x":2.5,"y":-6},{"x":4.5,"y":-6},{"x":5.5,"y":-6},{"x":6.5,"y":-6},{"x":8.5,"y":-6},{"x":1.5,"y":-5.5},{"x":9.5,"y":-5.5},{"x":2,"y":-4},{"x":3,"y":-4},{"x":4,"y":-4},{"x":7,"y":-4},{"x":8,"y":-4},{"x":9,"y":-4},{"x":4,"y":-3},{"x":7,"y":-3},{"x":4,"y":-2},{"x":7,"y":-2},{"x":5,"y":-1.5},{"x":6,"y":-1.5}]},{"index":2,"tiles":[{"x":1.5,"y":-9.5},{"x":9.5,"y":-9.5},{"x":2.5,"y":-9},{"x":4.5,"y":-9},{"x":5.5,"y":-9},{"x":6.5,"y":-9},{"x":8.5,"y":-9},{"x":3.5,"y":-8.5},{"x":7.5,"y":-8.5},{"x":3.5,"y":-7.5},{"x":7.5,"y":-7.5},{"x":3.5,"y":-6.5},{"x":7.5,"y":-6.5},{"x":2.5,"y":-6},{"x":4.5,"y":-6},{"x":5.5,"y":-6},{"x":6.5,"y":-6},{"x":8.5,"y":-6},{"x":1.5,"y":-5.5},{"x":9.5,"y":-5.5},{"x":2,"y":-4},{"x":3,"y":-4},{"x":4,"y":-4},{"x":7,"y":-4},{"x":8,"y":-4},{"x":9,"y":-4},{"x":4,"y":-3},{"x":7,"y":-3},{"x":4,"y":-2},{"x":7,"y":-2},{"x":5,"y":-1.5},{"x":6,"y":-1.5}]}],"seeds":["JFdwpaGF2iKCIfOAyBQ+3nd5YBBiGNdUSXQUXWMZUgR9CkhR3hdk6NIFgbCJiCpyXUaYRFqNlsgIm3Me0wUO0hCKzpcoIch1HsSJ"]},{"layers":[{"index":0,"tiles":[{"x":5.5,"y":-9.5},{"x":4.5,"y":-9},{"x":6.5,"y":-9},{"x":3.5,"y":-8.5},{"x":5.5,"y":-8.5},{"x":7.5,"y":-8.5},{"x":2.5,"y":-8},{"x":4.5,"y":-8},{"x":6.5,"y":-8},{"x":8.5,"y":-8},{"x":1.5,"y":-7.5},{"x":3.5,"y":-7.5},{"x":5.5,"y":-7.5},{"x":7.5,"y":-7.5},{"x":9.5,"y":-7.5},{"x":2.5,"y":-7},{"x":4.5,"y":-7},{"x":6.5,"y":-7},{"x":8.5,"y":-7},{"x":3.5,"y":-6.5},{"x":5.5,"y":-6.5},{"x":7.5,"y":-6.5},{"x":2.5,"y":-6},{"x":4.5,"y":-6},{"x":6.5,"y":-6},{"x":8.5,"y":-6},{"x":2.5,"y":-4.5},{"x":4.5,"y":-4.5},{"x":6.5,"y":-4.5},{"x":8.5,"y":-4.5},{"x":3.5,"y":-4},{"x":5.5,"y":-4},{"x":7.5,"y":-4},{"x":2.5,"y":-3.5},{"x":4.5,"y":-3.5},{"x":6.5,"y":-3.5},{"x":8.5,"y":-3.5},{"x":1.5,"y":-3},{"x":3.5,"y":-3},{"x":5.5,"y":-3},{"x":7.5,"y":-3},{"x":9.5,"y":-3},{"x":2.5,"y":-2.5},{"x":4.5,"y":-2.5},{"x":6.5,"y":-2.5},{"x":8.5,"y":-2.5},{"x":3.5,"y":-2},{"x":5.5,"y":-2},{"x":7.5,"y":-2},{"x":4.5,"y":-1.5},{"x":6.5,"y":-1.5},{"x":5.5,"y":-1}]},{"index":1,"tiles":[{"x":4,"y":-8.5},{"x":5,"y":-8.5},{"x":6,"y":-8.5},{"x":7,"y":-8.5},{"x":3,"y":-8},{"x":8,"y":-8},{"x":2,"y":-7.5},{"x":4,"y":-7.5},{"x":7,"y":-7.5},{"x":9,"y":-7.5},{"x":3,"y":-7},{"x":5,"y":-7},{"x":6,"y":-7},{"x":8,"y":-7},{"x":2,"y":-6.5},{"x":4,"y":-6.5},{"x":7,"y":-6.5},{"x":9,"y":-6.5},{"x":3,"y":-6},{"x":8,"y":-6},{"x":3,"y":-4.5},{"x":8,"y":-4.5},{"x":2,"y":-4},{"x":4,"y":-4},{"x":7,"y":-4},{"x":9,"y":-4},{"x":3,"y":-3.5},{"x":5,"y":-3.5},{"x":6,"y":-3.5},{"x":8,"y":-3.5},{"x":2,"y":-3},{"x":4,"y":-3},{"x":7,"y":-3},{"x":9,"y":-3},{"x":3,"y":-2.5},{"x":8,"y":-2.5},{"x":4,"y":-2},{"x":5,"y":-2},{"x":6,"y":-2},{"x":7,"y":-2}]},{"index":2,"tiles":[{"x":4,"y":-8.5},{"x":5,"y":-8.5},{"x":6,"y":-8.5},{"x":7,"y":-8.5},{"x":3,"y":-8},{"x":8,"y":-8},{"x":2,"y":-7.5},{"x":4,"y":-7.5},{"x":7,"y":-7.5},{"x":9,"y":-7.5},{"x":3,"y":-7},{"x":5,"y":-7},{"x":6,"y":-7},{"x":8,"y":-7},{"x":2,"y":-6.5},{"x":4,"y":-6.5},{"x":7,"y":-6.5},{"x":9,"y":-6.5},{"x":3,"y":-6},{"x":8,"y":-6},{"x":3,"y":-4.5},{"x":8,"y":-4.5},{"x":2,"y":-4},{"x":4,"y":-4},{"x":7,"y":-4},{"x":9,"y":-4},{"x":3,"y":-3.5},{"x":5,"y":-3.5},{"x":6,"y":-3.5},{"x":8,"y":-3.5},{"x":2,"y":-3},{"x":4,"y":-3},{"x":7,"y":-3},{"x":9,"y":-3},{"x":3,"y":-2.5},{"x":8,"y":-2.5},{"x":4,"y":-2},{"x":5,"y":-2},{"x":6,"y":-2},{"x":7,"y":-2}]}],"seeds":["DteYWTMV4eZs1AeBwXl14PGBSph4AQROUzGpTqllUicZSyIqzdA8CwOS1sJ1hiB2YOQEIahUn/c9xXdpxcF41YB9ywA2IgJ6TUhFnihwnBB6lMgFHIUSIWilGNgJ4kh04KAg"]},{"layers":[{"index":0,"tiles":[{"x":2.5,"y":-9},{"x":3.5,"y":-9},{"x":7.5,"y":-9},{"x":8.5,"y":-9},{"x":2.5,"y":-8},{"x":3.5,"y":-8},{"x":7.5,"y":-8},{"x":8.5,"y":-8},{"x":2.5,"y":-7},{"x":3.5,"y":-7},{"x":4.5,"y":-7},{"x":6.5,"y":-7},{"x":7.5,"y":-7},{"x":8.5,"y":-7},{"x":2.5,"y":-6},{"x":3.5,"y":-6},{"x":4.5,"y":-6},{"x":5.5,"y":-6},{"x":6.5,"y":-6},{"x":7.5,"y":-6},{"x":8.5,"y":-6},{"x":4.5,"y":-5},{"x":5.5,"y":-5},{"x":6.5,"y":-5},{"x":2.5,"y":-4},{"x":3.5,"y":-4},{"x":4.5,"y":-4},{"x":5.5,"y":-4},{"x":6.5,"y":-4},{"x":7.5,"y":-4},{"x":8.5,"y":-4},{"x":2.5,"y":-3},{"x":3.5,"y":-3},{"x":4.5,"y":-3},{"x":6.5,"y":-3},{"x":7.5,"y":-3},{"x":8.5,"y":-3},{"x":2.5,"y":-2},{"x":3.5,"y":-2},{"x":7.5,"y":-2},{"x":8.5,"y":-2},{"x":2.5,"y":-1},{"x":3.5,"y":-1},{"x":7.5,"y":-1},{"x":8.5,"y":-1}]},{"index":1,"tiles":[{"x":2.5,"y":-9},{"x":3.5,"y":-9},{"x":7.5,"y":-9},{"x":8.5,"y":-9},{"x":2.5,"y":-8},{"x":3.5,"y":-8},{"x":7.5,"y":-8},{"x":8.5,"y":-8},{"x":2.5,"y":-7},{"x":3.5,"y":-7},{"x":4.5,"y":-7},{"x":6.5,"y":-7},{"x":7.5,"y":-7},{"x":8.5,"y":-7},{"x":2.5,"y":-6},{"x":3.5,"y":-6},{"x":4.5,"y":-6},{"x":5.5,"y":-6},{"x":6.5,"y":-6},{"x":7.5,"y":-6},{"x":8.5,"y":-6},{"x":4.5,"y":-5},{"x":5.5,"y":-5},{"x":6.5,"y":-5},{"x":2.5,"y":-4},{"x":3.5,"y":-4},{"x":4.5,"y":-4},{"x":5.5,"y":-4},{"x":6.5,"y":-4},{"x":7.5,"y":-4},{"x":8.5,"y":-4},{"x":2.5,"y":-3},{"x":3.5,"y":-3},{"x":4.5,"y":-3},{"x":6.5,"y":-3},{"x":7.5,"y":-3},{"x":8.5,"y":-3},{"x":2.5,"y":-2},{"x":3.5,"y":-2},{"x":7.5,"y":-2},{"x":8.5,"y":-2},{"x":2.5,"y":-1},{"x":3.5,"y":-1},{"x":7.5,"y":-1},{"x":8.5,"y":-1}]},{"index":2,"tiles":[{"x":3,"y":-8.5},{"x":8,"y":-8.5},{"x":3,"y":-7.5},{"x":8,"y":-7.5},{"x":3,"y":-6.5},{"x":4,"y":-6.5},{"x":5,"y":-6.5},{"x":6,"y":-6.5},{"x":7,"y":-6.5},{"x":8,"y":-6.5},{"x":5,"y":-5.5},{"x":6,"y":-5.5},{"x":5,"y":-4.5},{"x":6,"y":-4.5},{"x":3,"y":-3.5},{"x":4,"y":-3.5},{"x":5,"y":-3.5},{"x":6,"y":-3.5},{"x":7,"y":-3.5},{"x":8,"y":-3.5},{"x":3,"y":-2.5},{"x":8,"y":-2.5},{"x":3,"y":-1.5},{"x":8,"y":-1.5}]}],"seeds":["SpSBnQiKXIkwzqBMUNYV5CRNTONgmMBdyBJa3/ZoqmF0pnJMUCF2gZeCguiJU8hdlFZ9x6OIFhF14FZw3kAsHkhJBxpyIThOxxSEQTF1SfMFCfedYQUA"]},{"layers":[{"index":0,"tiles":[{"x":2,"y":-8.5},{"x":4,"y":-8.5},{"x":7,"y":-8.5},{"x":9,"y":-8.5},{"x":3,"y":-8},{"x":5,"y":-8},{"x":6,"y":-8},{"x":8,"y":-8},{"x":1.5,"y":-7},{"x":2.5,"y":-7},{"x":3.5,"y":-7},{"x":4.5,"y":-7},{"x":6.5,"y":-7},{"x":7.5,"y":-7},{"x":8.5,"y":-7},{"x":9.5,"y":-7},{"x":5.5,"y":-6.5},{"x":1,"y":-6},{"x":2,"y":-6},{"x":3.5,"y":-6},{"x":4.5,"y":-6},{"x":6.5,"y":-6},{"x":7.5,"y":-6},{"x":9,"y":-6},{"x":10,"y":-6},{"x":5.5,"y":-5.5},{"x":0.5,"y":-5},{"x":1.5,"y":-5},{"x":2.5,"y":-5},{"x":3.5,"y":-5},{"x":4.5,"y":-5},{"x":6.5,"y":-5},{"x":7.5,"y":-5},{"x":8.5,"y":-5},{"x":9.5,"y":-5},{"x":10.5,"y":-5},{"x":5.5,"y":-4.5},{"x":1,"y":-4},{"x":2,"y":-4},{"x":3.5,"y":-4},{"x":4.5,"y":-4},{"x":6.5,"y":-4},{"x":7.5,"y":-4},{"x":9,"y":-4},{"x":10,"y":-4},{"x":5.5,"y":-3.5},{"x":1.5,"y":-3},{"x":2.5,"y":-3},{"x":3.5,"y":-3},{"x":4.5,"y":-3},{"x":6.5,"y":-3},{"x":7.5,"y":-3},{"x":8.5,"y":-3},{"x":9.5,"y":-3},{"x":3,"y":-2},{"x":5,"y":-2},{"x":6,"y":-2},{"x":8,"y":-2},{"x":2,"y":-1.5},{"x":4,"y":-1.5},{"x":7,"y":-1.5},{"x":9,"y":-1.5}]},{"index":1,"tiles":[{"x":2,"y":-8.5},{"x":4,"y":-8.5},{"x":7,"y":-8.5},{"x":9,"y":-8.5},{"x":3,"y":-8},{"x":5,"y":-8},{"x":6,"y":-8},{"x":8,"y":-8},{"x":1.5,"y":-7},{"x":2.5,"y":-7},{"x":3.5,"y":-7},{"x":4.5,"y":-7},{"x":6.5,"y":-7},{"x":7.5,"y":-7},{"x":8.5,"y":-7},{"x":9.5,"y":-7},{"x":5.5,"y":-6.5},{"x":1,"y":-6},{"x":2,"y":-6},{"x":3.5,"y":-6},{"x":4.5,"y":-6},{"x":6.5,"y":-6},{"x":7.5,"y":-6},{"x":9,"y":-6},{"x":10,"y":-6},{"x":5.5,"y":-5.5},{"x":0.5,"y":-5},{"x":1.5,"y":-5},{"x":2.5,"y":-5},{"x":3.5,"y":-5},{"x":4.5,"y":-5},{"x":6.5,"y":-5},{"x":7.5,"y":-5},{"x":8.5,"y":-5},{"x":9.5,"y":-5},{"x":10.5,"y":-5},{"x":5.5,"y":-4.5},{"x":1,"y":-4},{"x":2,"y":-4},{"x":3.5,"y":-4},{"x":4.5,"y":-4},{"x":6.5,"y":-4},{"x":7.5,"y":-4},{"x":9,"y":-4},{"x":10,"y":-4},{"x":5.5,"y":-3.5},{"x":1.5,"y":-3},{"x":2.5,"y":-3},{"x":3.5,"y":-3},{"x":4.5,"y":-3},{"x":6.5,"y":-3},{"x":7.5,"y":-3},{"x":8.5,"y":-3},{"x":9.5,"y":-3},{"x":3,"y":-2},{"x":5,"y":-2},{"x":6,"y":-2},{"x":8,"y":-2},{"x":2,"y":-1.5},{"x":4,"y":-1.5},{"x":7,"y":-1.5},{"x":9,"y":-1.5}]},{"index":2,"tiles":[{"x":3.5,"y":-7.5},{"x":4.5,"y":-7.5},{"x":5.5,"y":-7.5},{"x":6.5,"y":-7.5},{"x":7.5,"y":-7.5},{"x":2.5,"y":-7},{"x":8.5,"y":-7},{"x":1.5,"y":-6.5},{"x":9.5,"y":-6.5},{"x":1,"y":-5.5},{"x":10,"y":-5.5},{"x":1,"y":-4.5},{"x":10,"y":-4.5},{"x":1.5,"y":-3.5},{"x":9.5,"y":-3.5},{"x":2.5,"y":-3},{"x":8.5,"y":-3},{"x":3.5,"y":-2.5},{"x":4.5,"y":-2.5},{"x":5.5,"y":-2.5},{"x":6.5,"y":-2.5},{"x":7.5,"y":-2.5}]}],"seeds":["08RZoaApw4CISRBAHdNQD0QOnFZZICWFleEx5xJ4pug1XsAFnhCK26gEFGhd4aFMnRB9S6Ye4rA0BOgET9KF3JeCQvV1DIhYxTeBYiR2RCE2hEFd38Jt2BIuFEaUHOOAmdIFgUSJXgh2AfpVYQcA"]},{"layers":[{"index":0,"tiles":[{"x":4.5,"y":-7.5},{"x":5.5,"y":-7.5},{"x":6.5,"y":-7.5},{"x":3.5,"y":-7},{"x":7.5,"y":-7},{"x":2.5,"y":-6.5},{"x":5.5,"y":-6.5},{"x":8.5,"y":-6.5},{"x":3.5,"y":-6},{"x":7.5,"y":-6},{"x":2,"y":-5.5},{"x":4.5,"y":-5.5},{"x":5.5,"y":-5.5},{"x":6.5,"y":-5.5},{"x":9,"y":-5.5},{"x":1.5,"y":-4.5},{"x":2.5,"y":-4.5},{"x":3.5,"y":-4.5},{"x":4.5,"y":-4.5},{"x":5.5,"y":-4.5},{"x":6.5,"y":-4.5},{"x":7.5,"y":-4.5},{"x":8.5,"y":-4.5},{"x":9.5,"y":-4.5},{"x":2,"y":-3.5},{"x":4.5,"y":-3.5},{"x":5.5,"y":-3.5},{"x":6.5,"y":-3.5},{"x":9,"y":-3.5},{"x":3.5,"y":-3},{"x":7.5,"y":-3},{"x":2.5,"y":-2.5},{"x":5.5,"y":-2.5},{"x":8.5,"y":-2.5},{"x":3.5,"y":-2},{"x":7.5,"y":-2},{"x":4.5,"y":-1.5},{"x":5.5,"y":-1.5},{"x":6.5,"y":-1.5}]},{"index":1,"tiles":[{"x":4.5,"y":-7.5},{"x":5.5,"y":-7.5},{"x":6.5,"y":-7.5},{"x":3.5,"y":-7},{"x":7.5,"y":-7},{"x":2.5,"y":-6.5},{"x":5.5,"y":-6.5},{"x":8.5,"y":-6.5},{"x":3.5,"y":-6},{"x":7.5,"y":-6},{"x":2,"y":-5.5},{"x":4.5,"y":-5.5},{"x":5.5,"y":-5.5},{"x":6.5,"y":-5.5},{"x":9,"y":-5.5},{"x":1.5,"y":-4.5},{"x":2.5,"y":-4.5},{"x":3.5,"y":-4.5},{"x":4.5,"y":-4.5},{"x":5.5,"y":-4.5},{"x":6.5,"y":-4.5},{"x":7.5,"y":-4.5},{"x":8.5,"y":-4.5},{"x":9.5,"y":-4.5},{"x":2,"y":-3.5},{"x":4.5,"y":-3.5},{"x":5.5,"y":-3.5},{"x":6.5,"y":-3.5},{"x":9,"y":-3.5},{"x":3.5,"y":-3},{"x":7.5,"y":-3},{"x":2.5,"y":-2.5},{"x":5.5,"y":-2.5},{"x":8.5,"y":-2.5},{"x":3.5,"y":-2},{"x":7.5,"y":-2},{"x":4.5,"y":-1.5},{"x":5.5,"y":-1.5},{"x":6.5,"y":-1.5}]},{"index":2,"tiles":[{"x":4.5,"y":-7.5},{"x":5.5,"y":-7.5},{"x":6.5,"y":-7.5},{"x":3.5,"y":-7},{"x":7.5,"y":-7},{"x":2.5,"y":-6.5},{"x":5.5,"y":-6.5},{"x":8.5,"y":-6.5},{"x":3.5,"y":-6},{"x":7.5,"y":-6},{"x":2,"y":-5.5},{"x":4.5,"y":-5.5},{"x":5.5,"y":-5.5},{"x":6.5,"y":-5.5},{"x":9,"y":-5.5},{"x":1.5,"y":-4.5},{"x":2.5,"y":-4.5},{"x":3.5,"y":-4.5},{"x":4.5,"y":-4.5},{"x":5.5,"y":-4.5},{"x":6.5,"y":-4.5},{"x":7.5,"y":-4.5},{"x":8.5,"y":-4.5},{"x":9.5,"y":-4.5},{"x":2,"y":-3.5},{"x":4.5,"y":-3.5},{"x":5.5,"y":-3.5},{"x":6.5,"y":-3.5},{"x":9,"y":-3.5},{"x":3.5,"y":-3},{"x":7.5,"y":-3},{"x":2.5,"y":-2.5},{"x":5.5,"y":-2.5},{"x":8.5,"y":-2.5},{"x":3.5,"y":-2},{"x":7.5,"y":-2},{"x":4.5,"y":-1.5},{"x":5.5,"y":-1.5},{"x":6.5,"y":-1.5}]},{"index":3,"tiles":[{"x":4.5,"y":-7.5},{"x":5.5,"y":-7.5},{"x":6.5,"y":-7.5},{"x":3.5,"y":-7},{"x":7.5,"y":-7},{"x":2.5,"y":-6.5},{"x":2,"y":-5.5},{"x":5,"y":-5},{"x":6,"y":-5},{"x":1.5,"y":-4.5},{"x":9.5,"y":-4.5},{"x":5,"y":-4},{"x":6,"y":-4},{"x":2,"y":-3.5},{"x":9,"y":-3.5},{"x":2.5,"y":-2.5},{"x":8.5,"y":-2.5},{"x":3.5,"y":-2},{"x":7.5,"y":-2},{"x":4.5,"y":-1.5},{"x":5.5,"y":-1.5},{"x":6.5,"y":-1.5}]},{"index":4,"tiles":[{"x":5.5,"y":-4.5}]}],"seeds":["iyeExQB2n1JYQoVmTQASigiRFMGFnGJ0jLBwDVJ9YNgxYYcIW5V+F1UQYndowxB5zZcE27REpWU9BkeETGUpQwGCEwQyoPhpGHZ4TxNc1CRO3BdIIpd5ieiBUtiJYnhyngMu4MipDhWa"]},{"layers":[{"index":0,"tiles":[{"x":2,"y":-9},{"x":9,"y":-9},{"x":1,"y":-8},{"x":2,"y":-8},{"x":3,"y":-8},{"x":8,"y":-8},{"x":9,"y":-8},{"x":10,"y":-8},{"x":5.5,"y":-7.5},{"x":2,"y":-7},{"x":4.5,"y":-7},{"x":6.5,"y":-7},{"x":9,"y":-7},{"x":3.5,"y":-6.5},{"x":5.5,"y":-6.5},{"x":7.5,"y":-6.5},{"x":4.5,"y":-6},{"x":6.5,"y":-6},{"x":2.5,"y":-5.5},{"x":3.5,"y":-5.5},{"x":5.5,"y":-5.5},{"x":7.5,"y":-5.5},{"x":8.5,"y":-5.5},{"x":1.5,"y":-4.5},{"x":2.5,"y":-4.5},{"x":3.5,"y":-4.5},{"x":7.5,"y":-4.5},{"x":8.5,"y":-4.5},{"x":9.5,"y":-4.5},{"x":2.5,"y":-3.5},{"x":3.5,"y":-3.5},{"x":5.5,"y":-3.5},{"x":7.5,"y":-3.5},{"x":8.5,"y":-3.5},{"x":4.5,"y":-3},{"x":6.5,"y":-3},{"x":3.5,"y":-2.5},{"x":5.5,"y":-2.5},{"x":7.5,"y":-2.5},{"x":2,"y":-2},{"x":4.5,"y":-2},{"x":6.5,"y":-2},{"x":9,"y":-2},{"x":5.5,"y":-1.5},{"x":1,"y":-1},{"x":2,"y":-1},{"x":3,"y":-1},{"x":8,"y":-1},{"x":9,"y":-1},{"x":10,"y":-1},{"x":2,"y":0},{"x":9,"y":0}]},{"index":1,"tiles":[{"x":2,"y":-9},{"x":9,"y":-9},{"x":1,"y":-8},{"x":2,"y":-8},{"x":3,"y":-8},{"x":8,"y":-8},{"x":9,"y":-8},{"x":10,"y":-8},{"x":5.5,"y":-7.5},{"x":2,"y":-7},{"x":4.5,"y":-7},{"x":6.5,"y":-7},{"x":9,"y":-7},{"x":3.5,"y":-6.5},{"x":5.5,"y":-6.5},{"x":7.5,"y":-6.5},{"x":4.5,"y":-6},{"x":6.5,"y":-6},{"x":2.5,"y":-5.5},{"x":3.5,"y":-5.5},{"x":5.5,"y":-5.5},{"x":7.5,"y":-5.5},{"x":8.5,"y":-5.5},{"x":1.5,"y":-4.5},{"x":2.5,"y":-4.5},{"x":3.5,"y":-4.5},{"x":7.5,"y":-4.5},{"x":8.5,"y":-4.5},{"x":9.5,"y":-4.5},{"x":2.5,"y":-3.5},{"x":3.5,"y":-3.5},{"x":5.5,"y":-3.5},{"x":7.5,"y":-3.5},{"x":8.5,"y":-3.5},{"x":4.5,"y":-3},{"x":6.5,"y":-3},{"x":3.5,"y":-2.5},{"x":5.5,"y":-2.5},{"x":7.5,"y":-2.5},{"x":2,"y":-2},{"x":4.5,"y":-2},{"x":6.5,"y":-2},{"x":9,"y":-2},{"x":5.5,"y":-1.5},{"x":1,"y":-1},{"x":2,"y":-1},{"x":3,"y":-1},{"x":8,"y":-1},{"x":9,"y":-1},{"x":10,"y":-1},{"x":2,"y":0},{"x":9,"y":0}]},{"index":2,"tiles":[{"x":3.5,"y":-6},{"x":7.5,"y":-6},{"x":2.5,"y":-5},{"x":3.5,"y":-5},{"x":7.5,"y":-5},{"x":8.5,"y":-5},{"x":1.5,"y":-4.5},{"x":9.5,"y":-4.5},{"x":2.5,"y":-4},{"x":3.5,"y":-4},{"x":7.5,"y":-4},{"x":8.5,"y":-4},{"x":3.5,"y":-3},{"x":7.5,"y":-3}]}],"seeds":["4IQ9IIeMkTR8m+NwJidBXNJY4QFSTRdmnqoojEKBhcaJ3pdMR4YG1sFBgbY9IbdgnqiE3GmAaSgiCFdNZMkJIVcZAid2U+cdRPeBBOhdIgiKVwEy3hAtyAcA"]},{"layers":[{"index":0,"tiles":[{"x":3.5,"y":-9.5},{"x":4.5,"y":-9.5},{"x":5.5,"y":-9.5},{"x":6.5,"y":-9.5},{"x":7.5,"y":-9.5},{"x":3.5,"y":-8.5},{"x":4.5,"y":-8.5},{"x":5.5,"y":-8.5},{"x":6.5,"y":-8.5},{"x":7.5,"y":-8.5},{"x":3.5,"y":-7.5},{"x":7.5,"y":-7.5},{"x":5,"y":-7},{"x":6,"y":-7},{"x":1.5,"y":-6.5},{"x":2.5,"y":-6.5},{"x":8.5,"y":-6.5},{"x":9.5,"y":-6.5},{"x":5,"y":-6},{"x":6,"y":-6},{"x":1.5,"y":-5.5},{"x":4,"y":-5.5},{"x":7,"y":-5.5},{"x":9.5,"y":-5.5},{"x":5,"y":-5},{"x":6,"y":-5},{"x":1.5,"y":-4.5},{"x":2.5,"y":-4.5},{"x":8.5,"y":-4.5},{"x":9.5,"y":-4.5},{"x":5,"y":-4},{"x":6,"y":-4},{"x":3.5,"y":-3.5},{"x":7.5,"y":-3.5},{"x":3.5,"y":-2.5},{"x":4.5,"y":-2.5},{"x":5.5,"y":-2.5},{"x":6.5,"y":-2.5},{"x":7.5,"y":-2.5},{"x":3.5,"y":-1.5},{"x":4.5,"y":-1.5},{"x":5.5,"y":-1.5},{"x":6.5,"y":-1.5},{"x":7.5,"y":-1.5}]},{"index":1,"tiles":[{"x":3.5,"y":-9.5},{"x":4.5,"y":-9.5},{"x":5.5,"y":-9.5},{"x":6.5,"y":-9.5},{"x":7.5,"y":-9.5},{"x":3.5,"y":-8.5},{"x":4.5,"y":-8.5},{"x":5.5,"y":-8.5},{"x":6.5,"y":-8.5},{"x":7.5,"y":-8.5},{"x":3.5,"y":-7.5},{"x":7.5,"y":-7.5},{"x":5,"y":-7},{"x":6,"y":-7},{"x":1.5,"y":-6.5},{"x":2.5,"y":-6.5},{"x":8.5,"y":-6.5},{"x":9.5,"y":-6.5},{"x":5,"y":-6},{"x":6,"y":-6},{"x":1.5,"y":-5.5},{"x":4,"y":-5.5},{"x":7,"y":-5.5},{"x":9.5,"y":-5.5},{"x":5,"y":-5},{"x":6,"y":-5},{"x":1.5,"y":-4.5},{"x":2.5,"y":-4.5},{"x":8.5,"y":-4.5},{"x":9.5,"y":-4.5},{"x":5,"y":-4},{"x":6,"y":-4},{"x":3.5,"y":-3.5},{"x":7.5,"y":-3.5},{"x":3.5,"y":-2.5},{"x":4.5,"y":-2.5},{"x":5.5,"y":-2.5},{"x":6.5,"y":-2.5},{"x":7.5,"y":-2.5},{"x":3.5,"y":-1.5},{"x":4.5,"y":-1.5},{"x":5.5,"y":-1.5},{"x":6.5,"y":-1.5},{"x":7.5,"y":-1.5}]},{"index":2,"tiles":[{"x":4,"y":-9},{"x":5,"y":-9},{"x":6,"y":-9},{"x":7,"y":-9},{"x":3.5,"y":-8},{"x":7.5,"y":-8},{"x":2,"y":-6.5},{"x":5.5,"y":-6.5},{"x":9,"y":-6.5},{"x":1.5,"y":-5.5},{"x":4.5,"y":-5.5},{"x":5.5,"y":-5.5},{"x":6.5,"y":-5.5},{"x":9.5,"y":-5.5},{"x":2,"y":-4.5},{"x":5.5,"y":-4.5},{"x":9,"y":-4.5},{"x":3.5,"y":-3},{"x":7.5,"y":-3},{"x":4,"y":-2},{"x":5,"y":-2},{"x":6,"y":-2},{"x":7,"y":-2}]},{"index":3,"tiles":[{"x":5.5,"y":-5.5}]}],"seeds":["nRYOW4GFIPhMSJCCC2acKvE0VCSIXYJ2E8c0pHYVAcWFgqRkYJY4VRV631d61jSBXCgxwUcYoqgs3MBFn9OBW4hw1xhyUGeGlhJ0oghCyuGJoMcd"]},{"layers":[{"index":0,"tiles":[{"x":5.5,"y":-8.5},{"x":3.5,"y":-8},{"x":4.5,"y":-8},{"x":6.5,"y":-8},{"x":7.5,"y":-8},{"x":2.5,"y":-7.5},{"x":5.5,"y":-7.5},{"x":8.5,"y":-7.5},{"x":3.5,"y":-7},{"x":4.5,"y":-7},{"x":6.5,"y":-7},{"x":7.5,"y":-7},{"x":1.5,"y":-6.5},{"x":2.5,"y":-6.5},{"x":5.5,"y":-6.5},{"x":8.5,"y":-6.5},{"x":9.5,"y":-6.5},{"x":3.5,"y":-6},{"x":4.5,"y":-6},{"x":6.5,"y":-6},{"x":7.5,"y":-6},{"x":1,"y":-5.5},{"x":2.5,"y":-5.5},{"x":5.5,"y":-5.5},{"x":8.5,"y":-5.5},{"x":10,"y":-5.5},{"x":3.5,"y":-5},{"x":4.5,"y":-5},{"x":6.5,"y":-5},{"x":7.5,"y":-5},{"x":1.5,"y":-4.5},{"x":2.5,"y":-4.5},{"x":5.5,"y":-4.5},{"x":8.5,"y":-4.5},{"x":9.5,"y":-4.5},{"x":3.5,"y":-4},{"x":4.5,"y":-4},{"x":6.5,"y":-4},{"x":7.5,"y":-4},{"x":2.5,"y":-3.5},{"x":5.5,"y":-3.5},{"x":8.5,"y":-3.5},{"x":3.5,"y":-3},{"x":4.5,"y":-3},{"x":6.5,"y":-3},{"x":7.5,"y":-3},{"x":5.5,"y":-2.5}]},{"index":1,"tiles":[{"x":3.5,"y":-8},{"x":4.5,"y":-8},{"x":6.5,"y":-8},{"x":7.5,"y":-8},{"x":2.5,"y":-7.5},{"x":5.5,"y":-7.5},{"x":8.5,"y":-7.5},{"x":3.5,"y":-7},{"x":4.5,"y":-7},{"x":6.5,"y":-7},{"x":7.5,"y":-7},{"x":3.5,"y":-6},{"x":4.5,"y":-6},{"x":6.5,"y":-6},{"x":7.5,"y":-6},{"x":2.5,"y":-5.5},{"x":5.5,"y":-5.5},{"x":8.5,"y":-5.5},{"x":3.5,"y":-5},{"x":4.5,"y":-5},{"x":6.5,"y":-5},{"x":7.5,"y":-5},{"x":3.5,"y":-4},{"x":4.5,"y":-4},{"x":6.5,"y":-4},{"x":7.5,"y":-4},{"x":2.5,"y":-3.5},{"x":5.5,"y":-3.5},{"x":8.5,"y":-3.5},{"x":3.5,"y":-3},{"x":4.5,"y":-3},{"x":6.5,"y":-3},{"x":7.5,"y":-3}]},{"index":2,"tiles":[{"x":4.5,"y":-7.5},{"x":5.5,"y":-7.5},{"x":6.5,"y":-7.5},{"x":4,"y":-6.5},{"x":7,"y":-6.5},{"x":3,"y":-6},{"x":5,"y":-6},{"x":6,"y":-6},{"x":8,"y":-6},{"x":4,"y":-5.5},{"x":7,"y":-5.5},{"x":3,"y":-5},{"x":5,"y":-5},{"x":6,"y":-5},{"x":8,"y":-5},{"x":4,"y":-4.5},{"x":7,"y":-4.5},{"x":4.5,"y":-3.5},{"x":5.5,"y":-3.5},{"x":6.5,"y":-3.5}]},{"index":3,"tiles":[{"x":4.5,"y":-7.5},{"x":5.5,"y":-7.5},{"x":6.5,"y":-7.5},{"x":4,"y":-6.5},{"x":7,"y":-6.5},{"x":3,"y":-6},{"x":5,"y":-6},{"x":6,"y":-6},{"x":8,"y":-6},{"x":4,"y":-5.5},{"x":7,"y":-5.5},{"x":3,"y":-5},{"x":5,"y":-5},{"x":6,"y":-5},{"x":8,"y":-5},{"x":4,"y":-4.5},{"x":7,"y":-4.5},{"x":4.5,"y":-3.5},{"x":5.5,"y":-3.5},{"x":6.5,"y":-3.5}]}],"seeds":["T1ItwZQtYQdKYih0itU8IRh4IgUFmhZ+KYIp5JUMIHUZX4F84rRt0QJOXQl6EyOEBCRGRXY0jGV0CiiqFTViKEd0nzcMg8MFHLc4ngCegtgdVOiFnKdIJgeG"]},{"layers":[{"index":0,"tiles":[{"x":4.5,"y":-9.5},{"x":6.5,"y":-9.5},{"x":5.5,"y":-8.5},{"x":5.5,"y":-7.5},{"x":4,"y":-7},{"x":7,"y":-7},{"x":5,"y":-6.5},{"x":6,"y":-6.5},{"x":3,"y":-5.5},{"x":5.5,"y":-5.5},{"x":8,"y":-5.5},{"x":4,"y":-5},{"x":7,"y":-5},{"x":5,"y":-4.5},{"x":6,"y":-4.5},{"x":2,"y":-4},{"x":9,"y":-4},{"x":3,"y":-3.5},{"x":5.5,"y":-3.5},{"x":8,"y":-3.5},{"x":4,"y":-3},{"x":7,"y":-3},{"x":5,"y":-2.5},{"x":6,"y":-2.5},{"x":4.5,"y":-1.5},{"x":5.5,"y":-1.5},{"x":6.5,"y":-1.5},{"x":5.5,"y":-0.5}]},{"index":1,"tiles":[{"x":4.5,"y":-9.5},{"x":6.5,"y":-9.5},{"x":5.5,"y":-8.5},{"x":5.5,"y":-7.5},{"x":4,"y":-7},{"x":7,"y":-7},{"x":5,"y":-6.5},{"x":6,"y":-6.5},{"x":3,"y":-5.5},{"x":5.5,"y":-5.5},{"x":8,"y":-5.5},{"x":4,"y":-5},{"x":7,"y":-5},{"x":5,"y":-4.5},{"x":6,"y":-4.5},{"x":2,"y":-4},{"x":9,"y":-4},{"x":3,"y":-3.5},{"x":5.5,"y":-3.5},{"x":8,"y":-3.5},{"x":4,"y":-3},{"x":7,"y":-3},{"x":5,"y":-2.5},{"x":6,"y":-2.5},{"x":4.5,"y":-1.5},{"x":5.5,"y":-1.5},{"x":6.5,"y":-1.5},{"x":5.5,"y":-0.5}]},{"index":2,"tiles":[{"x":4.5,"y":-9.5},{"x":6.5,"y":-9.5},{"x":5.5,"y":-8.5},{"x":5.5,"y":-7.5},{"x":4,"y":-7},{"x":7,"y":-7},{"x":5,"y":-6.5},{"x":6,"y":-6.5},{"x":3,"y":-5.5},{"x":5.5,"y":-5.5},{"x":8,"y":-5.5},{"x":4,"y":-5},{"x":7,"y":-5},{"x":5,"y":-4.5},{"x":6,"y":-4.5},{"x":2,"y":-4},{"x":9,"y":-4},{"x":3,"y":-3.5},{"x":5.5,"y":-3.5},{"x":8,"y":-3.5},{"x":4,"y":-3},{"x":7,"y":-3},{"x":5,"y":-2.5},{"x":6,"y":-2.5},{"x":4.5,"y":-1.5},{"x":5.5,"y":-1.5},{"x":6.5,"y":-1.5},{"x":5.5,"y":-0.5}]},{"index":3,"tiles":[{"x":5.5,"y":-8.5},{"x":5.5,"y":-7.5},{"x":5.5,"y":-6.5},{"x":5.5,"y":-5.5},{"x":4,"y":-5},{"x":7,"y":-5},{"x":5.5,"y":-4.5},{"x":3,"y":-3.5},{"x":5.5,"y":-3.5},{"x":8,"y":-3.5},{"x":4,"y":-3},{"x":7,"y":-3},{"x":5.5,"y":-2.5},{"x":4.5,"y":-1.5},{"x":5.5,"y":-1.5},{"x":6.5,"y":-1.5},{"x":5.5,"y":-0.5}]},{"index":4,"tiles":[{"x":5.5,"y":-7},{"x":5.5,"y":-5},{"x":5.5,"y":-3}]}],"seeds":["4ac04TM8jCApxmhwXTFVagimWvZVgndtRUBtmIMgieWZXQh6oiUx3SRGl1YtFCcmZYSBjhgyC/iFHHiAoRhChzhkAclB3fl5BEpUHNNw"]},{"layers":[{"index":0,"tiles":[{"x":3,"y":-9.5},{"x":5,"y":-9.5},{"x":6,"y":-9.5},{"x":8,"y":-9.5},{"x":4,"y":-9},{"x":7,"y":-9},{"x":5,"y":-8.5},{"x":6,"y":-8.5},{"x":5,"y":-7.5},{"x":6,"y":-7.5},{"x":4.5,"y":-6.5},{"x":5.5,"y":-6.5},{"x":6.5,"y":-6.5},{"x":3.5,"y":-5.5},{"x":4.5,"y":-5.5},{"x":5.5,"y":-5.5},{"x":6.5,"y":-5.5},{"x":7.5,"y":-5.5},{"x":2.5,"y":-5},{"x":8.5,"y":-5},{"x":1.5,"y":-4.5},{"x":4,"y":-4.5},{"x":5,"y":-4.5},{"x":6,"y":-4.5},{"x":7,"y":-4.5},{"x":9.5,"y":-4.5},{"x":3,"y":-4},{"x":8,"y":-4},{"x":1,"y":-3.5},{"x":2,"y":-3.5},{"x":4,"y":-3.5},{"x":5,"y":-3.5},{"x":6,"y":-3.5},{"x":7,"y":-3.5},{"x":9,"y":-3.5},{"x":10,"y":-3.5},{"x":3,"y":-3},{"x":8,"y":-3},{"x":1,"y":-2.5},{"x":2,"y":-2.5},{"x":4,"y":-2.5},{"x":5,"y":-2.5},{"x":6,"y":-2.5},{"x":7,"y":-2.5},{"x":9,"y":-2.5},{"x":10,"y":-2.5},{"x":3,"y":-2},{"x":8,"y":-2},{"x":1,"y":-1.5},{"x":2,"y":-1.5},{"x":4,"y":-1.5},{"x":5,"y":-1.5},{"x":6,"y":-1.5},{"x":7,"y":-1.5},{"x":9,"y":-1.5},{"x":10,"y":-1.5},{"x":3,"y":-1},{"x":8,"y":-1},{"x":4,"y":-0.5},{"x":5,"y":-0.5},{"x":6,"y":-0.5},{"x":7,"y":-0.5}]},{"index":1,"tiles":[{"x":3,"y":-9.5},{"x":5,"y":-9.5},{"x":6,"y":-9.5},{"x":8,"y":-9.5},{"x":4,"y":-9},{"x":7,"y":-9},{"x":5,"y":-8.5},{"x":6,"y":-8.5},{"x":5,"y":-7.5},{"x":6,"y":-7.5},{"x":4.5,"y":-6.5},{"x":5.5,"y":-6.5},{"x":6.5,"y":-6.5},{"x":3.5,"y":-5.5},{"x":4.5,"y":-5.5},{"x":5.5,"y":-5.5},{"x":6.5,"y":-5.5},{"x":7.5,"y":-5.5},{"x":2.5,"y":-5},{"x":8.5,"y":-5},{"x":1.5,"y":-4.5},{"x":4,"y":-4.5},{"x":5,"y":-4.5},{"x":6,"y":-4.5},{"x":7,"y":-4.5},{"x":9.5,"y":-4.5},{"x":3,"y":-4},{"x":8,"y":-4},{"x":1,"y":-3.5},{"x":2,"y":-3.5},{"x":4,"y":-3.5},{"x":5,"y":-3.5},{"x":6,"y":-3.5},{"x":7,"y":-3.5},{"x":9,"y":-3.5},{"x":10,"y":-3.5},{"x":3,"y":-3},{"x":8,"y":-3},{"x":1,"y":-2.5},{"x":2,"y":-2.5},{"x":4,"y":-2.5},{"x":5,"y":-2.5},{"x":6,"y":-2.5},{"x":7,"y":-2.5},{"x":9,"y":-2.5},{"x":10,"y":-2.5},{"x":3,"y":-2},{"x":8,"y":-2},{"x":1,"y":-1.5},{"x":2,"y":-1.5},{"x":4,"y":-1.5},{"x":5,"y":-1.5},{"x":6,"y":-1.5},{"x":7,"y":-1.5},{"x":9,"y":-1.5},{"x":10,"y":-1.5},{"x":3,"y":-1},{"x":8,"y":-1},{"x":4,"y":-0.5},{"x":5,"y":-0.5},{"x":6,"y":-0.5},{"x":7,"y":-0.5}]}],"seeds":["QmVYVRdEl0B0WdBxjRgEyMld3RRunSk1YzBYznOIlMCJapoYxeWFnaKBCeR4YNcNk7ZEELKB4teFYtSESgiGAqh8YCZKXxNdE8mEmHco2PNxHMF4SwmiYBeEFDcV"]},{"layers":[{"index":0,"tiles":[{"x":0,"y":-8.5},{"x":1,"y":-8.5},{"x":10,"y":-8.5},{"x":11,"y":-8.5},{"x":0.5,"y":-7.5},{"x":1.5,"y":-7.5},{"x":9.5,"y":-7.5},{"x":10.5,"y":-7.5},{"x":1,"y":-6.5},{"x":2,"y":-6.5},{"x":9,"y":-6.5},{"x":10,"y":-6.5},{"x":1.5,"y":-5.5},{"x":2.5,"y":-5.5},{"x":3.5,"y":-5.5},{"x":4.5,"y":-5.5},{"x":5.5,"y":-5.5},{"x":6.5,"y":-5.5},{"x":7.5,"y":-5.5},{"x":8.5,"y":-5.5},{"x":9.5,"y":-5.5},{"x":2,"y":-4.5},{"x":3,"y":-4.5},{"x":4,"y":-4.5},{"x":5,"y":-4.5},{"x":6,"y":-4.5},{"x":7,"y":-4.5},{"x":8,"y":-4.5},{"x":9,"y":-4.5},{"x":2.5,"y":-3.5},{"x":3.5,"y":-3.5},{"x":7.5,"y":-3.5},{"x":8.5,"y":-3.5},{"x":3,"y":-2.5},{"x":4,"y":-2.5},{"x":7,"y":-2.5},{"x":8,"y":-2.5},{"x":3.5,"y":-1.5},{"x":4.5,"y":-1.5},{"x":6.5,"y":-1.5},{"x":7.5,"y":-1.5},{"x":5.5,"y":-1},{"x":4.5,"y":-0.5},{"x":6.5,"y":-0.5},{"x":5.5,"y":0}]},{"index":1,"tiles":[{"x":0,"y":-8.5},{"x":1,"y":-8.5},{"x":10,"y":-8.5},{"x":11,"y":-8.5},{"x":0.5,"y":-7.5},{"x":1.5,"y":-7.5},{"x":9.5,"y":-7.5},{"x":10.5,"y":-7.5},{"x":1,"y":-6.5},{"x":2,"y":-6.5},{"x":9,"y":-6.5},{"x":10,"y":-6.5},{"x":1.5,"y":-5.5},{"x":2.5,"y":-5.5},{"x":3.5,"y":-5.5},{"x":4.5,"y":-5.5},{"x":5.5,"y":-5.5},{"x":6.5,"y":-5.5},{"x":7.5,"y":-5.5},{"x":8.5,"y":-5.5},{"x":9.5,"y":-5.5},{"x":2,"y":-4.5},{"x":3,"y":-4.5},{"x":4,"y":-4.5},{"x":5,"y":-4.5},{"x":6,"y":-4.5},{"x":7,"y":-4.5},{"x":8,"y":-4.5},{"x":9,"y":-4.5},{"x":2.5,"y":-3.5},{"x":3.5,"y":-3.5},{"x":7.5,"y":-3.5},{"x":8.5,"y":-3.5},{"x":3,"y":-2.5},{"x":4,"y":-2.5},{"x":7,"y":-2.5},{"x":8,"y":-2.5},{"x":3.5,"y":-1.5},{"x":4.5,"y":-1.5},{"x":6.5,"y":-1.5},{"x":7.5,"y":-1.5},{"x":5.5,"y":-1},{"x":4.5,"y":-0.5},{"x":6.5,"y":-0.5},{"x":5.5,"y":0}]}],"seeds":["lsYJYPhhUSYqZDh9GoRRjBg01Rh0oREWw3SJRqh2Kehww/ExCuFYXCV4kddlYHc1H9ghiMcRB/Sg5WMupwh2i0eBRQgA"]},{"layers":[{"index":0,"tiles":[{"x":3.5,"y":-9},{"x":4.5,"y":-9},{"x":6.5,"y":-9},{"x":7.5,"y":-9},{"x":5.5,"y":-8.5},{"x":4,"y":-8},{"x":7,"y":-8},{"x":3,"y":-7.5},{"x":5,"y":-7.5},{"x":6,"y":-7.5},{"x":8,"y":-7.5},{"x":4,"y":-7},{"x":7,"y":-7},{"x":2.5,"y":-6.5},{"x":5.5,"y":-6.5},{"x":8.5,"y":-6.5},{"x":3.5,"y":-6},{"x":4.5,"y":-6},{"x":6.5,"y":-6},{"x":7.5,"y":-6},{"x":2.5,"y":-5.5},{"x":8.5,"y":-5.5},{"x":3.5,"y":-5},{"x":4.5,"y":-5},{"x":6.5,"y":-5},{"x":7.5,"y":-5},{"x":2.5,"y":-4.5},{"x":5.5,"y":-4.5},{"x":8.5,"y":-4.5},{"x":4,"y":-4},{"x":7,"y":-4},{"x":3,"y":-3.5},{"x":5,"y":-3.5},{"x":6,"y":-3.5},{"x":8,"y":-3.5},{"x":4,"y":-3},{"x":7,"y":-3},{"x":5.5,"y":-2.5},{"x":3.5,"y":-2},{"x":4.5,"y":-2},{"x":6.5,"y":-2},{"x":7.5,"y":-2}]},{"index":1,"tiles":[{"x":5.5,"y":-9},{"x":3.5,"y":-8.5},{"x":4.5,"y":-8.5},{"x":6.5,"y":-8.5},{"x":7.5,"y":-8.5},{"x":4,"y":-7.5},{"x":5,"y":-7.5},{"x":6,"y":-7.5},{"x":7,"y":-7.5},{"x":3.5,"y":-6.5},{"x":4.5,"y":-6.5},{"x":6.5,"y":-6.5},{"x":7.5,"y":-6.5},{"x":5.5,"y":-6},{"x":3,"y":-5.5},{"x":4,"y":-5.5},{"x":7,"y":-5.5},{"x":8,"y":-5.5},{"x":5.5,"y":-5},{"x":3.5,"y":-4.5},{"x":4.5,"y":-4.5},{"x":6.5,"y":-4.5},{"x":7.5,"y":-4.5},{"x":4,"y":-3.5},{"x":5,"y":-3.5},{"x":6,"y":-3.5},{"x":7,"y":-3.5},{"x":3.5,"y":-2.5},{"x":4.5,"y":-2.5},{"x":6.5,"y":-2.5},{"x":7.5,"y":-2.5},{"x":5.5,"y":-2}]},{"index":2,"tiles":[{"x":3.5,"y":-8},{"x":4.5,"y":-8},{"x":5.5,"y":-8},{"x":6.5,"y":-8},{"x":7.5,"y":-8},{"x":3.5,"y":-7},{"x":7.5,"y":-7},{"x":3.5,"y":-6},{"x":7.5,"y":-6},{"x":3.5,"y":-5},{"x":7.5,"y":-5},{"x":3.5,"y":-4},{"x":7.5,"y":-4},{"x":3.5,"y":-3},{"x":4.5,"y":-3},{"x":5.5,"y":-3},{"x":6.5,"y":-3},{"x":7.5,"y":-3}]},{"index":3,"tiles":[{"x":3.5,"y":-7.5},{"x":4.5,"y":-7.5},{"x":5.5,"y":-7.5},{"x":6.5,"y":-7.5},{"x":7.5,"y":-7.5},{"x":3.5,"y":-6.5},{"x":7.5,"y":-6.5},{"x":3.5,"y":-5.5},{"x":7.5,"y":-5.5},{"x":3.5,"y":-4.5},{"x":7.5,"y":-4.5},{"x":3.5,"y":-3.5},{"x":4.5,"y":-3.5},{"x":5.5,"y":-3.5},{"x":6.5,"y":-3.5},{"x":7.5,"y":-3.5}]},{"index":4,"tiles":[{"x":4,"y":-7},{"x":5,"y":-7},{"x":6,"y":-7},{"x":7,"y":-7},{"x":4,"y":-6},{"x":7,"y":-6},{"x":4,"y":-5},{"x":7,"y":-5},{"x":4,"y":-4},{"x":5,"y":-4},{"x":6,"y":-4},{"x":7,"y":-4}]}],"seeds":["BjgoHYYpCAWJD+VMUidQXGCo3ylYzKaE2egEEDgw20RJiiZ+XSV8RJEUCwguYNQ14NOVWdOZICkmh3cdk7cIIDGBIYJOXMWFFhcGweVx3JeCngaCYbSIohhO"]},{"layers":[{"index":0,"tiles":[{"x":3.5,"y":-8.5},{"x":4.5,"y":-8.5},{"x":5.5,"y":-8.5},{"x":6.5,"y":-8.5},{"x":7.5,"y":-8.5},{"x":3,"y":-7.5},{"x":4,"y":-7.5},{"x":5,"y":-7.5},{"x":6,"y":-7.5},{"x":7,"y":-7.5},{"x":8,"y":-7.5},{"x":2.5,"y":-6.5},{"x":3.5,"y":-6.5},{"x":4.5,"y":-6.5},{"x":5.5,"y":-6.5},{"x":6.5,"y":-6.5},{"x":7.5,"y":-6.5},{"x":8.5,"y":-6.5},{"x":2,"y":-5.5},{"x":3,"y":-5.5},{"x":4,"y":-5.5},{"x":5,"y":-5.5},{"x":6,"y":-5.5},{"x":7,"y":-5.5},{"x":8,"y":-5.5},{"x":9,"y":-5.5},{"x":2,"y":-4.5},{"x":3,"y":-4.5},{"x":4,"y":-4.5},{"x":5,"y":-4.5},{"x":6,"y":-4.5},{"x":7,"y":-4.5},{"x":8,"y":-4.5},{"x":9,"y":-4.5},{"x":2.5,"y":-3.5},{"x":3.5,"y":-3.5},{"x":4.5,"y":-3.5},{"x":5.5,"y":-3.5},{"x":6.5,"y":-3.5},{"x":7.5,"y":-3.5},{"x":8.5,"y":-3.5},{"x":3,"y":-2.5},{"x":4,"y":-2.5},{"x":5,"y":-2.5},{"x":6,"y":-2.5},{"x":7,"y":-2.5},{"x":8,"y":-2.5},{"x":3.5,"y":-1.5},{"x":4.5,"y":-1.5},{"x":5.5,"y":-1.5},{"x":6.5,"y":-1.5},{"x":7.5,"y":-1.5}]},{"index":1,"tiles":[{"x":4,"y":-8},{"x":5,"y":-8},{"x":6,"y":-8},{"x":7,"y":-8},{"x":3.5,"y":-7},{"x":4.5,"y":-7},{"x":5.5,"y":-7},{"x":6.5,"y":-7},{"x":7.5,"y":-7},{"x":3,"y":-6},{"x":4,"y":-6},{"x":5,"y":-6},{"x":6,"y":-6},{"x":7,"y":-6},{"x":8,"y":-6},{"x":2,"y":-5},{"x":3,"y":-5},{"x":4,"y":-5},{"x":5,"y":-5},{"x":6,"y":-5},{"x":7,"y":-5},{"x":8,"y":-5},{"x":9,"y":-5},{"x":3,"y":-4},{"x":4,"y":-4},{"x":5,"y":-4},{"x":6,"y":-4},{"x":7,"y":-4},{"x":8,"y":-4},{"x":3.5,"y":-3},{"x":4.5,"y":-3},{"x":5.5,"y":-3},{"x":6.5,"y":-3},{"x":7.5,"y":-3},{"x":4,"y":-2},{"x":5,"y":-2},{"x":6,"y":-2},{"x":7,"y":-2}]},{"index":2,"tiles":[{"x":4,"y":-8},{"x":5,"y":-8},{"x":6,"y":-8},{"x":7,"y":-8},{"x":3.5,"y":-7},{"x":7.5,"y":-7},{"x":3,"y":-6},{"x":5,"y":-6},{"x":6,"y":-6},{"x":8,"y":-6},{"x":2,"y":-5},{"x":4,"y":-5},{"x":5,"y":-5},{"x":6,"y":-5},{"x":7,"y":-5},{"x":9,"y":-5},{"x":3,"y":-4},{"x":5,"y":-4},{"x":6,"y":-4},{"x":8,"y":-4},{"x":3.5,"y":-3},{"x":7.5,"y":-3},{"x":4,"y":-2},{"x":5,"y":-2},{"x":6,"y":-2},{"x":7,"y":-2}]},{"index":3,"tiles":[{"x":4,"y":-7.5},{"x":5,"y":-7.5},{"x":6,"y":-7.5},{"x":7,"y":-7.5},{"x":3.5,"y":-6.5},{"x":7.5,"y":-6.5},{"x":2.5,"y":-5.5},{"x":5.5,"y":-5.5},{"x":8.5,"y":-5.5},{"x":4.5,"y":-5},{"x":6.5,"y":-5},{"x":2.5,"y":-4.5},{"x":5.5,"y":-4.5},{"x":8.5,"y":-4.5},{"x":3.5,"y":-3.5},{"x":7.5,"y":-3.5},{"x":4,"y":-2.5},{"x":5,"y":-2.5},{"x":6,"y":-2.5},{"x":7,"y":-2.5}]}],"seeds":["SZGkoAWBoQh2UJZlD6EpUrhUooeJp7Jw3hJODwWOncYwYDdcohhMFdVNRzdh27IIXPh910GExUZxwmJaIvgtIeJxXelxQbCIFBVwCzktBtJMEqiEHIcqzWdQ3eB0YOgIKscJUSRm"]},{"layers":[{"index":0,"tiles":[{"x":3,"y":-8.5},{"x":8.5,"y":-8.5},{"x":2,"y":-7.5},{"x":3,"y":-7.5},{"x":4,"y":-7.5},{"x":7.5,"y":-7.5},{"x":8.5,"y":-7.5},{"x":9.5,"y":-7.5},{"x":1,"y":-6.5},{"x":2,"y":-6.5},{"x":3,"y":-6.5},{"x":4,"y":-6.5},{"x":5,"y":-6.5},{"x":6.5,"y":-6.5},{"x":7.5,"y":-6.5},{"x":8.5,"y":-6.5},{"x":9.5,"y":-6.5},{"x":10.5,"y":-6.5},{"x":1,"y":-5.5},{"x":2,"y":-5.5},{"x":3,"y":-5.5},{"x":4,"y":-5.5},{"x":5,"y":-5.5},{"x":6.5,"y":-5.5},{"x":7.5,"y":-5.5},{"x":8.5,"y":-5.5},{"x":9.5,"y":-5.5},{"x":10.5,"y":-5.5},{"x":1,"y":-4.5},{"x":2,"y":-4.5},{"x":3,"y":-4.5},{"x":4,"y":-4.5},{"x":5,"y":-4.5},{"x":6.5,"y":-4.5},{"x":7.5,"y":-4.5},{"x":8.5,"y":-4.5},{"x":9.5,"y":-4.5},{"x":10.5,"y":-4.5},{"x":1,"y":-3.5},{"x":2,"y":-3.5},{"x":3,"y":-3.5},{"x":4,"y":-3.5},{"x":5,"y":-3.5},{"x":6.5,"y":-3.5},{"x":7.5,"y":-3.5},{"x":8.5,"y":-3.5},{"x":9.5,"y":-3.5},{"x":10.5,"y":-3.5},{"x":2,"y":-2.5},{"x":3,"y":-2.5},{"x":4,"y":-2.5},{"x":7.5,"y":-2.5},{"x":8.5,"y":-2.5},{"x":9.5,"y":-2.5},{"x":3,"y":-1.5},{"x":8.5,"y":-1.5}]},{"index":1,"tiles":[{"x":3,"y":-8},{"x":8.5,"y":-8},{"x":2.5,"y":-7},{"x":3.5,"y":-7},{"x":8,"y":-7},{"x":9,"y":-7},{"x":1.5,"y":-6},{"x":2.5,"y":-6},{"x":3.5,"y":-6},{"x":4.5,"y":-6},{"x":7,"y":-6},{"x":8,"y":-6},{"x":9,"y":-6},{"x":10,"y":-6},{"x":1.5,"y":-5},{"x":2.5,"y":-5},{"x":3.5,"y":-5},{"x":4.5,"y":-5},{"x":7,"y":-5},{"x":8,"y":-5},{"x":9,"y":-5},{"x":10,"y":-5},{"x":1.5,"y":-4},{"x":2.5,"y":-4},{"x":3.5,"y":-4},{"x":4.5,"y":-4},{"x":7,"y":-4},{"x":8,"y":-4},{"x":9,"y":-4},{"x":10,"y":-4},{"x":2.5,"y":-3},{"x":3.5,"y":-3},{"x":8,"y":-3},{"x":9,"y":-3},{"x":3,"y":-2},{"x":8.5,"y":-2}]},{"index":2,"tiles":[{"x":3,"y":-7.5},{"x":8.5,"y":-7.5},{"x":3,"y":-6.5},{"x":8.5,"y":-6.5},{"x":2,"y":-5.5},{"x":3,"y":-5.5},{"x":4,"y":-5.5},{"x":7.5,"y":-5.5},{"x":8.5,"y":-5.5},{"x":9.5,"y":-5.5},{"x":2,"y":-4.5},{"x":3,"y":-4.5},{"x":4,"y":-4.5},{"x":7.5,"y":-4.5},{"x":8.5,"y":-4.5},{"x":9.5,"y":-4.5},{"x":3,"y":-3.5},{"x":8.5,"y":-3.5},{"x":3,"y":-2.5},{"x":8.5,"y":-2.5}]},{"index":3,"tiles":[{"x":3,"y":-7},{"x":8.5,"y":-7},{"x":3,"y":-6},{"x":8.5,"y":-6},{"x":2,"y":-5},{"x":3,"y":-5},{"x":4,"y":-5},{"x":7.5,"y":-5},{"x":8.5,"y":-5},{"x":9.5,"y":-5},{"x":3,"y":-4},{"x":8.5,"y":-4},{"x":3,"y":-3},{"x":8.5,"y":-3}]}],"seeds":["ywYG30JFVUdhGCgGH+E8UZaKHYgcoDcO4dAhl8p5iwZWFRoqCshl00cowhUyluc1m/KFB+cxSeJJgiAVVhgOExVyJRV6HTM5XaeJBQcunBiY5BQwjygapyEMkNdUEAgA"]},{"layers":[{"index":0,"tiles":[{"x":3.5,"y":-9.5},{"x":4.5,"y":-9.5},{"x":5.5,"y":-9.5},{"x":6.5,"y":-9.5},{"x":7.5,"y":-9.5},{"x":2.5,"y":-8.5},{"x":3.5,"y":-8.5},{"x":4.5,"y":-8.5},{"x":5.5,"y":-8.5},{"x":6.5,"y":-8.5},{"x":7.5,"y":-8.5},{"x":8.5,"y":-8.5},{"x":1.5,"y":-7.5},{"x":2.5,"y":-7.5},{"x":3.5,"y":-7.5},{"x":5.5,"y":-7.5},{"x":7.5,"y":-7.5},{"x":8.5,"y":-7.5},{"x":9.5,"y":-7.5},{"x":0.5,"y":-6.5},{"x":1.5,"y":-6.5},{"x":2.5,"y":-6.5},{"x":5.5,"y":-6.5},{"x":8.5,"y":-6.5},{"x":9.5,"y":-6.5},{"x":10.5,"y":-6.5},{"x":3.5,"y":-6},{"x":7.5,"y":-6},{"x":2.5,"y":-5.5},{"x":5.5,"y":-5.5},{"x":8.5,"y":-5.5},{"x":3.5,"y":-5},{"x":4.5,"y":-5},{"x":6.5,"y":-5},{"x":7.5,"y":-5},{"x":2.5,"y":-4.5},{"x":5.5,"y":-4.5},{"x":8.5,"y":-4.5},{"x":3.5,"y":-4},{"x":7.5,"y":-4},{"x":0.5,"y":-3.5},{"x":1.5,"y":-3.5},{"x":2.5,"y":-3.5},{"x":5.5,"y":-3.5},{"x":8.5,"y":-3.5},{"x":9.5,"y":-3.5},{"x":10.5,"y":-3.5},{"x":1.5,"y":-2.5},{"x":2.5,"y":-2.5},{"x":3.5,"y":-2.5},{"x":5.5,"y":-2.5},{"x":7.5,"y":-2.5},{"x":8.5,"y":-2.5},{"x":9.5,"y":-2.5},{"x":2.5,"y":-1.5},{"x":3.5,"y":-1.5},{"x":4.5,"y":-1.5},{"x":5.5,"y":-1.5},{"x":6.5,"y":-1.5},{"x":7.5,"y":-1.5},{"x":8.5,"y":-1.5},{"x":3.5,"y":-0.5},{"x":4.5,"y":-0.5},{"x":5.5,"y":-0.5},{"x":6.5,"y":-0.5},{"x":7.5,"y":-0.5}]},{"index":1,"tiles":[{"x":3.5,"y":-9.5},{"x":4.5,"y":-9.5},{"x":5.5,"y":-9.5},{"x":6.5,"y":-9.5},{"x":7.5,"y":-9.5},{"x":2.5,"y":-8.5},{"x":3.5,"y":-8.5},{"x":4.5,"y":-8.5},{"x":5.5,"y":-8.5},{"x":6.5,"y":-8.5},{"x":7.5,"y":-8.5},{"x":8.5,"y":-8.5},{"x":1.5,"y":-7.5},{"x":2.5,"y":-7.5},{"x":3.5,"y":-7.5},{"x":7.5,"y":-7.5},{"x":8.5,"y":-7.5},{"x":9.5,"y":-7.5},{"x":0.5,"y":-6.5},{"x":1.5,"y":-6.5},{"x":2.5,"y":-6.5},{"x":8.5,"y":-6.5},{"x":9.5,"y":-6.5},{"x":10.5,"y":-6.5},{"x":2.5,"y":-5.5},{"x":8.5,"y":-5.5},{"x":2.5,"y":-4.5},{"x":8.5,"y":-4.5},{"x":0.5,"y":-3.5},{"x":1.5,"y":-3.5},{"x":2.5,"y":-3.5},{"x":8.5,"y":-3.5},{"x":9.5,"y":-3.5},{"x":10.5,"y":-3.5},{"x":1.5,"y":-2.5},{"x":2.5,"y":-2.5},{"x":3.5,"y":-2.5},{"x":7.5,"y":-2.5},{"x":8.5,"y":-2.5},{"x":9.5,"y":-2.5},{"x":2.5,"y":-1.5},{"x":3.5,"y":-1.5},{"x":4.5,"y":-1.5},{"x":5.5,"y":-1.5},{"x":6.5,"y":-1.5},{"x":7.5,"y":-1.5},{"x":8.5,"y":-1.5},{"x":3.5,"y":-0.5},{"x":4.5,"y":-0.5},{"x":5.5,"y":-0.5},{"x":6.5,"y":-0.5},{"x":7.5,"y":-0.5}]},{"index":2,"tiles":[{"x":4.5,"y":-8.5},{"x":5.5,"y":-8.5},{"x":6.5,"y":-8.5},{"x":3.5,"y":-7.5},{"x":7.5,"y":-7.5},{"x":2.5,"y":-6.5},{"x":8.5,"y":-6.5},{"x":2.5,"y":-5.5},{"x":8.5,"y":-5.5},{"x":2.5,"y":-4.5},{"x":8.5,"y":-4.5},{"x":2.5,"y":-3.5},{"x":8.5,"y":-3.5},{"x":3.5,"y":-2.5},{"x":7.5,"y":-2.5},{"x":4.5,"y":-1.5},{"x":5.5,"y":-1.5},{"x":6.5,"y":-1.5}]}],"seeds":["aUYhC+iEIGIMkyNyU8VFUldQD8gNqkWFF1N94mI1lSdoXLh9R5CF1CgU5ckN36F8IuQpHbEEIYl2luKFHQiKQdV42MBswfRwU6cx0oUlCSgSn7l0ROMZTShwggiKCsQQYvRZXOiB"]},{"layers":[{"index":0,"tiles":[{"x":5.5,"y":-8.5},{"x":4,"y":-7.5},{"x":5.5,"y":-7.5},{"x":7,"y":-7.5},{"x":2.5,"y":-6.5},{"x":4.5,"y":-6.5},{"x":5.5,"y":-6.5},{"x":6.5,"y":-6.5},{"x":8.5,"y":-6.5},{"x":3.5,"y":-6},{"x":7.5,"y":-6},{"x":5,"y":-5.5},{"x":6,"y":-5.5},{"x":2,"y":-5},{"x":3,"y":-5},{"x":4,"y":-5},{"x":7,"y":-5},{"x":8,"y":-5},{"x":9,"y":-5},{"x":5,"y":-4.5},{"x":6,"y":-4.5},{"x":3.5,"y":-4},{"x":7.5,"y":-4},{"x":2.5,"y":-3.5},{"x":4.5,"y":-3.5},{"x":5.5,"y":-3.5},{"x":6.5,"y":-3.5},{"x":8.5,"y":-3.5},{"x":4,"y":-2.5},{"x":5.5,"y":-2.5},{"x":7,"y":-2.5},{"x":5.5,"y":-1.5}]},{"index":1,"tiles":[{"x":5.5,"y":-8.5},{"x":4,"y":-7.5},{"x":5.5,"y":-7.5},{"x":7,"y":-7.5},{"x":2.5,"y":-6.5},{"x":4.5,"y":-6.5},{"x":5.5,"y":-6.5},{"x":6.5,"y":-6.5},{"x":8.5,"y":-6.5},{"x":3.5,"y":-6},{"x":7.5,"y":-6},{"x":5,"y":-5.5},{"x":6,"y":-5.5},{"x":2.5,"y":-5},{"x":3.5,"y":-5},{"x":7.5,"y":-5},{"x":8.5,"y":-5},{"x":5,"y":-4.5},{"x":6,"y":-4.5},{"x":3.5,"y":-4},{"x":7.5,"y":-4},{"x":2.5,"y":-3.5},{"x":4.5,"y":-3.5},{"x":5.5,"y":-3.5},{"x":6.5,"y":-3.5},{"x":8.5,"y":-3.5},{"x":4,"y":-2.5},{"x":5.5,"y":-2.5},{"x":7,"y":-2.5},{"x":5.5,"y":-1.5}]},{"index":2,"tiles":[{"x":5.5,"y":-8.5},{"x":4,"y":-7.5},{"x":5.5,"y":-7.5},{"x":7,"y":-7.5},{"x":2.5,"y":-6.5},{"x":4.5,"y":-6.5},{"x":5.5,"y":-6.5},{"x":6.5,"y":-6.5},{"x":8.5,"y":-6.5},{"x":3.5,"y":-6},{"x":7.5,"y":-6},{"x":5,"y":-5.5},{"x":6,"y":-5.5},{"x":2.5,"y":-5},{"x":3.5,"y":-5},{"x":7.5,"y":-5},{"x":8.5,"y":-5},{"x":5,"y":-4.5},{"x":6,"y":-4.5},{"x":3.5,"y":-4},{"x":7.5,"y":-4},{"x":2.5,"y":-3.5},{"x":4.5,"y":-3.5},{"x":5.5,"y":-3.5},{"x":6.5,"y":-3.5},{"x":8.5,"y":-3.5},{"x":4,"y":-2.5},{"x":5.5,"y":-2.5},{"x":7,"y":-2.5},{"x":5.5,"y":-1.5}]},{"index":3,"tiles":[{"x":5.5,"y":-8.5},{"x":4,"y":-7.5},{"x":5.5,"y":-7.5},{"x":7,"y":-7.5},{"x":2.5,"y":-6.5},{"x":8.5,"y":-6.5},{"x":5,"y":-5.5},{"x":6,"y":-5.5},{"x":2.5,"y":-5},{"x":3.5,"y":-5},{"x":7.5,"y":-5},{"x":8.5,"y":-5},{"x":5,"y":-4.5},{"x":6,"y":-4.5},{"x":2.5,"y":-3.5},{"x":8.5,"y":-3.5},{"x":4,"y":-2.5},{"x":5.5,"y":-2.5},{"x":7,"y":-2.5},{"x":5.5,"y":-1.5}]}],"seeds":["hbiEycOE6hWWhwCmn9doGXdNoMgtlDQFCcd4HvWdn+iEhoIKmhNOTQAplSVFWUhUyKEQlhhxGwJeWxAWoggO4tUN4AeFnRKIHMmJZieC2Gh0z4R5"]},{"layers":[{"index":0,"tiles":[{"x":5.5,"y":-9},{"x":4.5,"y":-8.5},{"x":6.5,"y":-8.5},{"x":3.5,"y":-8},{"x":5.5,"y":-8},{"x":7.5,"y":-8},{"x":2.5,"y":-7.5},{"x":4.5,"y":-7.5},{"x":6.5,"y":-7.5},{"x":8.5,"y":-7.5},{"x":1.5,"y":-7},{"x":3.5,"y":-7},{"x":7.5,"y":-7},{"x":9.5,"y":-7},{"x":0.5,"y":-6.5},{"x":2.5,"y":-6.5},{"x":5.5,"y":-6.5},{"x":8.5,"y":-6.5},{"x":10.5,"y":-6.5},{"x":1.5,"y":-6},{"x":4.5,"y":-6},{"x":6.5,"y":-6},{"x":9.5,"y":-6},{"x":0.5,"y":-5.5},{"x":3.5,"y":-5.5},{"x":5.5,"y":-5.5},{"x":7.5,"y":-5.5},{"x":10.5,"y":-5.5},{"x":1.5,"y":-5},{"x":2.5,"y":-5},{"x":4.5,"y":-5},{"x":6.5,"y":-5},{"x":8.5,"y":-5},{"x":9.5,"y":-5},{"x":0.5,"y":-4.5},{"x":3.5,"y":-4.5},{"x":5.5,"y":-4.5},{"x":7.5,"y":-4.5},{"x":10.5,"y":-4.5},{"x":1.5,"y":-4},{"x":4.5,"y":-4},{"x":6.5,"y":-4},{"x":9.5,"y":-4},{"x":0.5,"y":-3.5},{"x":2.5,"y":-3.5},{"x":5.5,"y":-3.5},{"x":8.5,"y":-3.5},{"x":10.5,"y":-3.5},{"x":1.5,"y":-3},{"x":3.5,"y":-3},{"x":7.5,"y":-3},{"x":9.5,"y":-3},{"x":2.5,"y":-2.5},{"x":4.5,"y":-2.5},{"x":6.5,"y":-2.5},{"x":8.5,"y":-2.5},{"x":3.5,"y":-2},{"x":5.5,"y":-2},{"x":7.5,"y":-2},{"x":4.5,"y":-1.5},{"x":6.5,"y":-1.5},{"x":5.5,"y":-1}]},{"index":1,"tiles":[{"x":5.5,"y":-9},{"x":4.5,"y":-8.5},{"x":6.5,"y":-8.5},{"x":3.5,"y":-8},{"x":5.5,"y":-8},{"x":7.5,"y":-8},{"x":2.5,"y":-7.5},{"x":4.5,"y":-7.5},{"x":6.5,"y":-7.5},{"x":8.5,"y":-7.5},{"x":1.5,"y":-7},{"x":3.5,"y":-7},{"x":7.5,"y":-7},{"x":9.5,"y":-7},{"x":0.5,"y":-6.5},{"x":2.5,"y":-6.5},{"x":5.5,"y":-6.5},{"x":8.5,"y":-6.5},{"x":10.5,"y":-6.5},{"x":1.5,"y":-6},{"x":4.5,"y":-6},{"x":6.5,"y":-6},{"x":9.5,"y":-6},{"x":0.5,"y":-5.5},{"x":3.5,"y":-5.5},{"x":5.5,"y":-5.5},{"x":7.5,"y":-5.5},{"x":10.5,"y":-5.5},{"x":1.5,"y":-5},{"x":2.5,"y":-5},{"x":4.5,"y":-5},{"x":6.5,"y":-5},{"x":8.5,"y":-5},{"x":9.5,"y":-5},{"x":0.5,"y":-4.5},{"x":3.5,"y":-4.5},{"x":5.5,"y":-4.5},{"x":7.5,"y":-4.5},{"x":10.5,"y":-4.5},{"x":1.5,"y":-4},{"x":4.5,"y":-4},{"x":6.5,"y":-4},{"x":9.5,"y":-4},{"x":0.5,"y":-3.5},{"x":2.5,"y":-3.5},{"x":5.5,"y":-3.5},{"x":8.5,"y":-3.5},{"x":10.5,"y":-3.5},{"x":1.5,"y":-3},{"x":3.5,"y":-3},{"x":7.5,"y":-3},{"x":9.5,"y":-3},{"x":2.5,"y":-2.5},{"x":4.5,"y":-2.5},{"x":6.5,"y":-2.5},{"x":8.5,"y":-2.5},{"x":3.5,"y":-2},{"x":5.5,"y":-2},{"x":7.5,"y":-2},{"x":4.5,"y":-1.5},{"x":6.5,"y":-1.5},{"x":5.5,"y":-1}]}],"seeds":["k1hY3jWJXAdyBWcEHQgpy6AIXcBVqWiF4tcFnuloD4gNRsOApfI4YUQmoqaIQugJRJSABIQygYgpozhJ4DKporV1lrWBJ2gp39UdIiiESwgeHNUgX/hxVLVkEpJ5"]},{"layers":[{"index":0,"tiles":[{"x":1.5,"y":-8},{"x":3.5,"y":-8},{"x":5.5,"y":-8},{"x":7.5,"y":-8},{"x":2,"y":-7},{"x":4,"y":-7},{"x":6,"y":-7},{"x":8,"y":-7},{"x":2.5,"y":-6},{"x":4.5,"y":-6},{"x":6.5,"y":-6},{"x":8.5,"y":-6},{"x":3,"y":-5},{"x":5,"y":-5},{"x":7,"y":-5},{"x":9,"y":-5},{"x":2.5,"y":-4},{"x":3.5,"y":-4},{"x":4.5,"y":-4},{"x":5.5,"y":-4},{"x":6.5,"y":-4},{"x":7.5,"y":-4},{"x":8.5,"y":-4},{"x":1.5,"y":-3.5},{"x":9.5,"y":-3.5},{"x":2.5,"y":-3},{"x":3.5,"y":-3},{"x":4.5,"y":-3},{"x":5.5,"y":-3},{"x":6.5,"y":-3},{"x":7.5,"y":-3},{"x":8.5,"y":-3},{"x":1,"y":-2.5},{"x":10,"y":-2.5},{"x":3.5,"y":-2},{"x":5.5,"y":-2},{"x":7.5,"y":-2},{"x":8.5,"y":-2},{"x":1.5,"y":-1.5},{"x":2.5,"y":-1.5},{"x":4.5,"y":-1.5},{"x":6.5,"y":-1.5},{"x":9.5,"y":-1.5},{"x":3.5,"y":-1},{"x":5.5,"y":-1},{"x":7.5,"y":-1},{"x":8.5,"y":-1},{"x":4.5,"y":-0.5}]},{"index":1,"tiles":[{"x":1.5,"y":-8},{"x":3.5,"y":-8},{"x":5.5,"y":-8},{"x":7.5,"y":-8},{"x":2,"y":-7},{"x":4,"y":-7},{"x":6,"y":-7},{"x":8,"y":-7},{"x":2.5,"y":-6},{"x":4.5,"y":-6},{"x":6.5,"y":-6},{"x":8.5,"y":-6},{"x":3,"y":-5},{"x":5,"y":-5},{"x":7,"y":-5},{"x":9,"y":-5},{"x":2.5,"y":-4},{"x":3.5,"y":-4},{"x":4.5,"y":-4},{"x":5.5,"y":-4},{"x":6.5,"y":-4},{"x":7.5,"y":-4},{"x":8.5,"y":-4},{"x":1.5,"y":-3.5},{"x":9.5,"y":-3.5},{"x":1,"y":-2.5},{"x":2,"y":-2.5},{"x":3,"y":-2.5},{"x":4,"y":-2.5},{"x":5,"y":-2.5},{"x":6,"y":-2.5},{"x":7,"y":-2.5},{"x":8,"y":-2.5},{"x":9,"y":-2.5},{"x":10,"y":-2.5},{"x":1.5,"y":-1.5},{"x":2.5,"y":-1.5},{"x":6.5,"y":-1.5},{"x":9.5,"y":-1.5},{"x":3.5,"y":-1},{"x":5.5,"y":-1},{"x":7.5,"y":-1},{"x":8.5,"y":-1},{"x":4.5,"y":-0.5}]},{"index":2,"tiles":[{"x":1.5,"y":-8},{"x":3.5,"y":-8},{"x":5.5,"y":-8},{"x":7.5,"y":-8},{"x":2,"y":-7},{"x":4,"y":-7},{"x":6,"y":-7},{"x":8,"y":-7},{"x":2.5,"y":-6},{"x":4.5,"y":-6},{"x":6.5,"y":-6},{"x":8.5,"y":-6},{"x":3,"y":-5},{"x":5,"y":-5},{"x":7,"y":-5},{"x":9,"y":-5},{"x":2.5,"y":-4},{"x":3.5,"y":-4},{"x":4.5,"y":-4},{"x":5.5,"y":-4},{"x":6.5,"y":-4},{"x":7.5,"y":-4},{"x":8.5,"y":-4},{"x":1.5,"y":-3.5},{"x":9.5,"y":-3.5},{"x":1,"y":-2.5},{"x":2,"y":-2.5},{"x":3,"y":-2.5},{"x":4,"y":-2.5},{"x":5,"y":-2.5},{"x":6,"y":-2.5},{"x":7,"y":-2.5},{"x":8,"y":-2.5},{"x":9,"y":-2.5},{"x":10,"y":-2.5},{"x":1.5,"y":-1.5},{"x":2.5,"y":-1.5},{"x":6.5,"y":-1.5},{"x":9.5,"y":-1.5},{"x":3.5,"y":-1},{"x":5.5,"y":-1},{"x":7.5,"y":-1},{"x":8.5,"y":-1},{"x":4.5,"y":-0.5}]}],"seeds":["0DYIoDVhERVeomcWndh1C2g5XDZoXMcpXOU1IhFURnNthgB+C+E1n/hoHBhaz+QhisMwy9RNWNkcwZeMB6KGlQQRlMKEIJUOgsiBX+h5YEiJkTB8IdcFIHeiSaaIVhhUxEKKzFdI"]},{"layers":[{"index":0,"tiles":[{"x":1.5,"y":-9},{"x":2.5,"y":-9},{"x":3.5,"y":-9},{"x":4.5,"y":-9},{"x":5.5,"y":-9},{"x":6.5,"y":-9},{"x":7.5,"y":-9},{"x":8.5,"y":-9},{"x":9.5,"y":-9},{"x":1.5,"y":-8},{"x":2.5,"y":-8},{"x":3.5,"y":-8},{"x":4.5,"y":-8},{"x":5.5,"y":-8},{"x":6.5,"y":-8},{"x":7.5,"y":-8},{"x":8.5,"y":-8},{"x":9.5,"y":-8},{"x":2.5,"y":-7},{"x":3.5,"y":-7},{"x":4.5,"y":-7},{"x":5.5,"y":-7},{"x":6.5,"y":-7},{"x":7.5,"y":-7},{"x":8.5,"y":-7},{"x":2.5,"y":-6},{"x":3.5,"y":-6},{"x":4.5,"y":-6},{"x":5.5,"y":-6},{"x":6.5,"y":-6},{"x":7.5,"y":-6},{"x":8.5,"y":-6},{"x":3.5,"y":-5},{"x":4.5,"y":-5},{"x":5.5,"y":-5},{"x":6.5,"y":-5},{"x":7.5,"y":-5},{"x":3.5,"y":-4},{"x":4.5,"y":-4},{"x":6.5,"y":-4},{"x":7.5,"y":-4},{"x":3.5,"y":-3},{"x":7.5,"y":-3},{"x":4.5,"y":-2},{"x":6.5,"y":-2},{"x":5.5,"y":-1}]},{"index":1,"tiles":[{"x":1.5,"y":-9},{"x":2.5,"y":-9},{"x":3.5,"y":-9},{"x":4.5,"y":-9},{"x":5.5,"y":-9},{"x":6.5,"y":-9},{"x":7.5,"y":-9},{"x":8.5,"y":-9},{"x":9.5,"y":-9},{"x":1.5,"y":-8},{"x":2.5,"y":-8},{"x":3.5,"y":-8},{"x":4.5,"y":-8},{"x":5.5,"y":-8},{"x":6.5,"y":-8},{"x":7.5,"y":-8},{"x":8.5,"y":-8},{"x":9.5,"y":-8},{"x":2.5,"y":-7},{"x":3.5,"y":-7},{"x":4.5,"y":-7},{"x":5.5,"y":-7},{"x":6.5,"y":-7},{"x":7.5,"y":-7},{"x":8.5,"y":-7},{"x":2.5,"y":-6},{"x":3.5,"y":-6},{"x":4.5,"y":-6},{"x":5.5,"y":-6},{"x":6.5,"y":-6},{"x":7.5,"y":-6},{"x":8.5,"y":-6},{"x":3.5,"y":-5},{"x":4.5,"y":-5},{"x":5.5,"y":-5},{"x":6.5,"y":-5},{"x":7.5,"y":-5},{"x":3.5,"y":-4},{"x":4.5,"y":-4},{"x":6.5,"y":-4},{"x":7.5,"y":-4},{"x":3.5,"y":-3},{"x":7.5,"y":-3},{"x":4.5,"y":-2},{"x":6.5,"y":-2},{"x":5.5,"y":-1}]},{"index":2,"tiles":[{"x":1.5,"y":-9},{"x":2.5,"y":-9},{"x":3.5,"y":-9},{"x":4.5,"y":-9},{"x":5.5,"y":-9},{"x":6.5,"y":-9},{"x":7.5,"y":-9},{"x":8.5,"y":-9},{"x":9.5,"y":-9},{"x":1.5,"y":-8},{"x":2.5,"y":-8},{"x":3.5,"y":-8},{"x":4.5,"y":-8},{"x":5.5,"y":-8},{"x":6.5,"y":-8},{"x":7.5,"y":-8},{"x":8.5,"y":-8},{"x":9.5,"y":-8},{"x":2.5,"y":-7},{"x":3.5,"y":-7},{"x":4.5,"y":-7},{"x":5.5,"y":-7},{"x":6.5,"y":-7},{"x":7.5,"y":-7},{"x":8.5,"y":-7},{"x":2.5,"y":-6},{"x":3.5,"y":-6},{"x":4.5,"y":-6},{"x":5.5,"y":-6},{"x":6.5,"y":-6},{"x":7.5,"y":-6},{"x":8.5,"y":-6}]},{"index":3,"tiles":[{"x":1.5,"y":-9},{"x":2.5,"y":-9},{"x":3.5,"y":-9},{"x":4.5,"y":-9},{"x":5.5,"y":-9},{"x":6.5,"y":-9},{"x":7.5,"y":-9},{"x":8.5,"y":-9},{"x":9.5,"y":-9},{"x":1.5,"y":-8},{"x":2.5,"y":-8},{"x":3.5,"y":-8},{"x":4.5,"y":-8},{"x":5.5,"y":-8},{"x":6.5,"y":-8},{"x":7.5,"y":-8},{"x":8.5,"y":-8},{"x":9.5,"y":-8}]}],"seeds":["nScsouGJAlgxHdiFB+iMC3SiDSN21hUE3hQul0dxwddsSMVEYkJRQ9g8IOiFHdcN3KQciMANChZOFsM5oOU9haYEaTGIYBlKnAmKxiJ+1UQQ1gdSAhd+m5RZSihmCUZ8BKh5HOSp1lc1EQkA"]},{"layers":[{"index":0,"tiles":[{"x":1.5,"y":-8},{"x":2.5,"y":-8},{"x":8.5,"y":-8},{"x":9.5,"y":-8},{"x":1.5,"y":-7},{"x":2.5,"y":-7},{"x":8.5,"y":-7},{"x":9.5,"y":-7},{"x":3.5,"y":-6.5},{"x":7.5,"y":-6.5},{"x":1.5,"y":-6},{"x":2.5,"y":-6},{"x":4.5,"y":-6},{"x":5.5,"y":-6},{"x":6.5,"y":-6},{"x":8.5,"y":-6},{"x":9.5,"y":-6},{"x":3.5,"y":-5.5},{"x":7.5,"y":-5.5},{"x":0.5,"y":-5},{"x":1.5,"y":-5},{"x":2.5,"y":-5},{"x":4.5,"y":-5},{"x":5.5,"y":-5},{"x":6.5,"y":-5},{"x":8.5,"y":-5},{"x":9.5,"y":-5},{"x":10.5,"y":-5},{"x":3.5,"y":-4.5},{"x":7.5,"y":-4.5},{"x":4.5,"y":-4},{"x":5.5,"y":-4},{"x":6.5,"y":-4},{"x":3.5,"y":-3.5},{"x":7.5,"y":-3.5},{"x":3.5,"y":-2.5},{"x":4.5,"y":-2.5},{"x":6.5,"y":-2.5},{"x":7.5,"y":-2.5},{"x":5.5,"y":-2},{"x":4.5,"y":-1.5},{"x":6.5,"y":-1.5},{"x":5.5,"y":-1}]},{"index":1,"tiles":[{"x":1.5,"y":-8},{"x":2.5,"y":-8},{"x":8.5,"y":-8},{"x":9.5,"y":-8},{"x":1.5,"y":-7},{"x":2.5,"y":-7},{"x":8.5,"y":-7},{"x":9.5,"y":-7},{"x":3.5,"y":-6.5},{"x":7.5,"y":-6.5},{"x":1.5,"y":-6},{"x":2.5,"y":-6},{"x":4.5,"y":-6},{"x":5.5,"y":-6},{"x":6.5,"y":-6},{"x":8.5,"y":-6},{"x":9.5,"y":-6},{"x":3.5,"y":-5.5},{"x":7.5,"y":-5.5},{"x":0.5,"y":-5},{"x":1.5,"y":-5},{"x":2.5,"y":-5},{"x":4.5,"y":-5},{"x":5.5,"y":-5},{"x":6.5,"y":-5},{"x":8.5,"y":-5},{"x":9.5,"y":-5},{"x":10.5,"y":-5},{"x":3.5,"y":-4.5},{"x":7.5,"y":-4.5},{"x":4.5,"y":-4},{"x":5.5,"y":-4},{"x":6.5,"y":-4},{"x":3.5,"y":-3.5},{"x":7.5,"y":-3.5},{"x":3.5,"y":-2.5},{"x":4.5,"y":-2.5},{"x":6.5,"y":-2.5},{"x":7.5,"y":-2.5},{"x":5.5,"y":-2},{"x":4.5,"y":-1.5},{"x":6.5,"y":-1.5},{"x":5.5,"y":-1}]},{"index":2,"tiles":[{"x":1.5,"y":-8},{"x":2.5,"y":-8},{"x":8.5,"y":-8},{"x":9.5,"y":-8},{"x":1.5,"y":-7},{"x":2.5,"y":-7},{"x":8.5,"y":-7},{"x":9.5,"y":-7},{"x":3.5,"y":-6.5},{"x":7.5,"y":-6.5},{"x":1.5,"y":-6},{"x":2.5,"y":-6},{"x":4.5,"y":-6},{"x":5.5,"y":-6},{"x":6.5,"y":-6},{"x":8.5,"y":-6},{"x":9.5,"y":-6},{"x":3.5,"y":-5.5},{"x":7.5,"y":-5.5},{"x":0.5,"y":-5},{"x":1.5,"y":-5},{"x":2.5,"y":-5},{"x":4.5,"y":-5},{"x":5.5,"y":-5},{"x":6.5,"y":-5},{"x":8.5,"y":-5},{"x":9.5,"y":-5},{"x":10.5,"y":-5},{"x":3.5,"y":-4.5},{"x":7.5,"y":-4.5},{"x":4.5,"y":-4},{"x":5.5,"y":-4},{"x":6.5,"y":-4}]},{"index":3,"tiles":[{"x":0.5,"y":-5},{"x":1.5,"y":-5},{"x":2.5,"y":-5},{"x":8.5,"y":-5},{"x":9.5,"y":-5},{"x":10.5,"y":-5},{"x":3.5,"y":-4.5},{"x":7.5,"y":-4.5},{"x":4.5,"y":-4},{"x":5.5,"y":-4},{"x":6.5,"y":-4}]}],"seeds":["hhBwYJYRTECZmsV03jJIYvJxhFeEzeN54FeIipgeG3gQT0KVnLAo1+cIVYiI3aciomZNXAeClEKBIyctRIRNBoOFIQQOYkB6UBiGYvVFXVCFw1Q53idwYHcpQyc2y4Qy5wYA"]},{"layers":[{"index":0,"tiles":[{"x":5.5,"y":-9},{"x":4.5,"y":-8},{"x":5.5,"y":-8},{"x":6.5,"y":-8},{"x":2.5,"y":-7.5},{"x":8.5,"y":-7.5},{"x":3.5,"y":-7},{"x":4.5,"y":-7},{"x":5.5,"y":-7},{"x":6.5,"y":-7},{"x":7.5,"y":-7},{"x":1.5,"y":-6.5},{"x":9.5,"y":-6.5},{"x":2.5,"y":-6},{"x":3.5,"y":-6},{"x":4.5,"y":-6},{"x":5.5,"y":-6},{"x":6.5,"y":-6},{"x":7.5,"y":-6},{"x":8.5,"y":-6},{"x":3.5,"y":-5},{"x":4.5,"y":-5},{"x":5.5,"y":-5},{"x":6.5,"y":-5},{"x":7.5,"y":-5},{"x":2.5,"y":-4},{"x":3.5,"y":-4},{"x":4.5,"y":-4},{"x":5.5,"y":-4},{"x":6.5,"y":-4},{"x":7.5,"y":-4},{"x":8.5,"y":-4},{"x":1.5,"y":-3.5},{"x":9.5,"y":-3.5},{"x":3.5,"y":-3},{"x":4.5,"y":-3},{"x":5.5,"y":-3},{"x":6.5,"y":-3},{"x":7.5,"y":-3},{"x":2.5,"y":-2.5},{"x":8.5,"y":-2.5},{"x":4.5,"y":-2},{"x":5.5,"y":-2},{"x":6.5,"y":-2},{"x":5.5,"y":-1}]},{"index":1,"tiles":[{"x":5.5,"y":-9},{"x":4.5,"y":-8},{"x":5.5,"y":-8},{"x":6.5,"y":-8},{"x":2.5,"y":-7.5},{"x":8.5,"y":-7.5},{"x":3.5,"y":-7},{"x":4.5,"y":-7},{"x":5.5,"y":-7},{"x":6.5,"y":-7},{"x":7.5,"y":-7},{"x":1.5,"y":-6.5},{"x":9.5,"y":-6.5},{"x":2.5,"y":-6},{"x":3.5,"y":-6},{"x":4.5,"y":-6},{"x":5.5,"y":-6},{"x":6.5,"y":-6},{"x":7.5,"y":-6},{"x":8.5,"y":-6},{"x":3.5,"y":-5},{"x":4.5,"y":-5},{"x":5.5,"y":-5},{"x":6.5,"y":-5},{"x":7.5,"y":-5},{"x":2.5,"y":-4},{"x":3.5,"y":-4},{"x":4.5,"y":-4},{"x":5.5,"y":-4},{"x":6.5,"y":-4},{"x":7.5,"y":-4},{"x":8.5,"y":-4},{"x":1.5,"y":-3.5},{"x":9.5,"y":-3.5},{"x":3.5,"y":-3},{"x":4.5,"y":-3},{"x":5.5,"y":-3},{"x":6.5,"y":-3},{"x":7.5,"y":-3},{"x":2.5,"y":-2.5},{"x":8.5,"y":-2.5},{"x":4.5,"y":-2},{"x":5.5,"y":-2},{"x":6.5,"y":-2},{"x":5.5,"y":-1}]},{"index":2,"tiles":[{"x":5.5,"y":-8.5},{"x":5,"y":-7.5},{"x":6,"y":-7.5},{"x":2.5,"y":-6.5},{"x":3.5,"y":-6.5},{"x":4.5,"y":-6.5},{"x":5.5,"y":-6.5},{"x":6.5,"y":-6.5},{"x":7.5,"y":-6.5},{"x":8.5,"y":-6.5},{"x":3.5,"y":-5.5},{"x":4.5,"y":-5.5},{"x":5.5,"y":-5.5},{"x":6.5,"y":-5.5},{"x":7.5,"y":-5.5},{"x":3.5,"y":-4.5},{"x":4.5,"y":-4.5},{"x":5.5,"y":-4.5},{"x":6.5,"y":-4.5},{"x":7.5,"y":-4.5},{"x":2.5,"y":-3.5},{"x":3.5,"y":-3.5},{"x":4.5,"y":-3.5},{"x":5.5,"y":-3.5},{"x":6.5,"y":-3.5},{"x":7.5,"y":-3.5},{"x":8.5,"y":-3.5},{"x":5,"y":-2.5},{"x":6,"y":-2.5},{"x":5.5,"y":-1.5}]}],"seeds":["YLGMSMNwW/eg0eGJIXUY3kUSkyg+XYdonKRwWOiBYDGF0BR2IuGYXrl4VsZ1yZB9FhOCQ8cpwcYZFDhhjZiGlROEiwh6QhAJAxgMlfopIEV9kPIJobBIiXZe"]},{"layers":[{"index":0,"tiles":[{"x":4.5,"y":-9},{"x":5.5,"y":-9},{"x":6.5,"y":-9},{"x":3.5,"y":-8},{"x":4.5,"y":-8},{"x":5.5,"y":-8},{"x":6.5,"y":-8},{"x":7.5,"y":-8},{"x":3.5,"y":-7},{"x":4.5,"y":-7},{"x":5.5,"y":-7},{"x":6.5,"y":-7},{"x":7.5,"y":-7},{"x":2,"y":-6},{"x":3,"y":-6},{"x":4,"y":-6},{"x":5,"y":-6},{"x":6,"y":-6},{"x":7,"y":-6},{"x":8,"y":-6},{"x":9,"y":-6},{"x":1.5,"y":-5},{"x":2.5,"y":-5},{"x":3.5,"y":-5},{"x":4.5,"y":-5},{"x":5.5,"y":-5},{"x":6.5,"y":-5},{"x":7.5,"y":-5},{"x":8.5,"y":-5},{"x":9.5,"y":-5},{"x":2,"y":-4},{"x":3,"y":-4},{"x":4,"y":-4},{"x":5,"y":-4},{"x":6,"y":-4},{"x":7,"y":-4},{"x":8,"y":-4},{"x":9,"y":-4},{"x":3.5,"y":-3},{"x":4.5,"y":-3},{"x":5.5,"y":-3},{"x":6.5,"y":-3},{"x":7.5,"y":-3},{"x":3.5,"y":-2},{"x":4.5,"y":-2},{"x":5.5,"y":-2},{"x":6.5,"y":-2},{"x":7.5,"y":-2},{"x":4.5,"y":-1},{"x":5.5,"y":-1},{"x":6.5,"y":-1}]},{"index":1,"tiles":[{"x":5,"y":-9},{"x":6,"y":-9},{"x":4,"y":-8.5},{"x":7,"y":-8.5},{"x":3,"y":-7.5},{"x":4,"y":-7.5},{"x":5,"y":-7.5},{"x":6,"y":-7.5},{"x":7,"y":-7.5},{"x":8,"y":-7.5},{"x":3,"y":-6.5},{"x":5,"y":-6.5},{"x":6,"y":-6.5},{"x":8,"y":-6.5},{"x":2,"y":-6},{"x":4,"y":-6},{"x":7,"y":-6},{"x":9,"y":-6},{"x":1.5,"y":-5},{"x":2.5,"y":-5},{"x":3.5,"y":-5},{"x":4.5,"y":-5},{"x":5.5,"y":-5},{"x":6.5,"y":-5},{"x":7.5,"y":-5},{"x":8.5,"y":-5},{"x":9.5,"y":-5},{"x":2,"y":-4},{"x":4,"y":-4},{"x":7,"y":-4},{"x":9,"y":-4},{"x":3,"y":-3.5},{"x":5,"y":-3.5},{"x":6,"y":-3.5},{"x":8,"y":-3.5},{"x":3,"y":-2.5},{"x":4,"y":-2.5},{"x":5,"y":-2.5},{"x":6,"y":-2.5},{"x":7,"y":-2.5},{"x":8,"y":-2.5},{"x":4,"y":-1.5},{"x":7,"y":-1.5},{"x":5,"y":-1},{"x":6,"y":-1}]},{"index":2,"tiles":[{"x":5,"y":-9},{"x":6,"y":-9},{"x":4,"y":-8.5},{"x":7,"y":-8.5},{"x":3,"y":-7.5},{"x":8,"y":-7.5},{"x":3,"y":-6.5},{"x":8,"y":-6.5},{"x":2,"y":-6},{"x":9,"y":-6},{"x":1.5,"y":-5},{"x":2.5,"y":-5},{"x":3.5,"y":-5},{"x":4.5,"y":-5},{"x":6.5,"y":-5},{"x":7.5,"y":-5},{"x":8.5,"y":-5},{"x":9.5,"y":-5},{"x":2,"y":-4},{"x":9,"y":-4},{"x":3,"y":-3.5},{"x":8,"y":-3.5},{"x":3,"y":-2.5},{"x":8,"y":-2.5},{"x":4,"y":-1.5},{"x":7,"y":-1.5},{"x":5,"y":-1},{"x":6,"y":-1}]}],"seeds":["VMR53BdyQrV1j7Qx3OVdqZVg1vd9oPgskyhKoCI6U0OUYacN4hCSxAKCXuJUU9FxUNR1CiVwwQEG01IN6BgGYqMYFRMcxgIKnaeCZziYlIBlVJiFGsMgkOJ5YIGE"]},{"layers":[{"index":0,"tiles":[{"x":3.5,"y":-8.5},{"x":4.5,"y":-8.5},{"x":5.5,"y":-8.5},{"x":6.5,"y":-8.5},{"x":7.5,"y":-8},{"x":2.5,"y":-7.5},{"x":3.5,"y":-7.5},{"x":4.5,"y":-7.5},{"x":5.5,"y":-7.5},{"x":6.5,"y":-7.5},{"x":8.5,"y":-7.5},{"x":7.5,"y":-7},{"x":2,"y":-6.5},{"x":3,"y":-6.5},{"x":8.5,"y":-6.5},{"x":1.5,"y":-5.5},{"x":2.5,"y":-5.5},{"x":1.5,"y":-4.5},{"x":2.5,"y":-4.5},{"x":1.5,"y":-3.5},{"x":2.5,"y":-3.5},{"x":2,"y":-2.5},{"x":3,"y":-2.5},{"x":8.5,"y":-2.5},{"x":7.5,"y":-2},{"x":2.5,"y":-1.5},{"x":3.5,"y":-1.5},{"x":4.5,"y":-1.5},{"x":5.5,"y":-1.5},{"x":6.5,"y":-1.5},{"x":8.5,"y":-1.5},{"x":7.5,"y":-1},{"x":3.5,"y":-0.5},{"x":4.5,"y":-0.5},{"x":5.5,"y":-0.5},{"x":6.5,"y":-0.5}]},{"index":1,"tiles":[{"x":3.5,"y":-8.5},{"x":4.5,"y":-8.5},{"x":5.5,"y":-8.5},{"x":6.5,"y":-8.5},{"x":7.5,"y":-8},{"x":2.5,"y":-7.5},{"x":3.5,"y":-7.5},{"x":4.5,"y":-7.5},{"x":5.5,"y":-7.5},{"x":6.5,"y":-7.5},{"x":8.5,"y":-7.5},{"x":7.5,"y":-7},{"x":2,"y":-6.5},{"x":3,"y":-6.5},{"x":8.5,"y":-6.5},{"x":1.5,"y":-5.5},{"x":2.5,"y":-5.5},{"x":1.5,"y":-4.5},{"x":2.5,"y":-4.5},{"x":1.5,"y":-3.5},{"x":2.5,"y":-3.5},{"x":2,"y":-2.5},{"x":3,"y":-2.5},{"x":8.5,"y":-2.5},{"x":7.5,"y":-2},{"x":2.5,"y":-1.5},{"x":3.5,"y":-1.5},{"x":4.5,"y":-1.5},{"x":5.5,"y":-1.5},{"x":6.5,"y":-1.5},{"x":8.5,"y":-1.5},{"x":7.5,"y":-1},{"x":3.5,"y":-0.5},{"x":4.5,"y":-0.5},{"x":5.5,"y":-0.5},{"x":6.5,"y":-0.5}]},{"index":2,"tiles":[{"x":3.5,"y":-8.5},{"x":4.5,"y":-8.5},{"x":5.5,"y":-8.5},{"x":6.5,"y":-8.5},{"x":7.5,"y":-8},{"x":2.5,"y":-7.5},{"x":3.5,"y":-7.5},{"x":4.5,"y":-7.5},{"x":5.5,"y":-7.5},{"x":6.5,"y":-7.5},{"x":8.5,"y":-7.5},{"x":7.5,"y":-7},{"x":2,"y":-6.5},{"x":3,"y":-6.5},{"x":8.5,"y":-6.5},{"x":1.5,"y":-5.5},{"x":2.5,"y":-5.5},{"x":1.5,"y":-4.5},{"x":2.5,"y":-4.5},{"x":1.5,"y":-3.5},{"x":2.5,"y":-3.5},{"x":2,"y":-2.5},{"x":3,"y":-2.5},{"x":8.5,"y":-2.5},{"x":7.5,"y":-2},{"x":2.5,"y":-1.5},{"x":3.5,"y":-1.5},{"x":4.5,"y":-1.5},{"x":5.5,"y":-1.5},{"x":6.5,"y":-1.5},{"x":8.5,"y":-1.5},{"x":7.5,"y":-1},{"x":3.5,"y":-0.5},{"x":4.5,"y":-0.5},{"x":5.5,"y":-0.5},{"x":6.5,"y":-0.5}]}],"seeds":["IgkShuYVSgKBHJihShd+wXc4UMGZwcgNoQQ2z7lw0rQNYRelHyKBBxMNVOhQYHkJT4cQoChkhnhVlShik+M0YeipoMdhg8ctHGNZmtgl3PZJ"]},{"layers":[{"index":0,"tiles":[{"x":4.5,"y":-8.5},{"x":5.5,"y":-8.5},{"x":6.5,"y":-8.5},{"x":1.5,"y":-8},{"x":2.5,"y":-8},{"x":3.5,"y":-8},{"x":7.5,"y":-8},{"x":8.5,"y":-8},{"x":9.5,"y":-8},{"x":4.5,"y":-7.5},{"x":5.5,"y":-7.5},{"x":6.5,"y":-7.5},{"x":1.5,"y":-7},{"x":2.5,"y":-7},{"x":3.5,"y":-7},{"x":7.5,"y":-7},{"x":8.5,"y":-7},{"x":9.5,"y":-7},{"x":4.5,"y":-6.5},{"x":5.5,"y":-6.5},{"x":6.5,"y":-6.5},{"x":1.5,"y":-6},{"x":2.5,"y":-6},{"x":3.5,"y":-6},{"x":7.5,"y":-6},{"x":8.5,"y":-6},{"x":9.5,"y":-6},{"x":4.5,"y":-5.5},{"x":5.5,"y":-5.5},{"x":6.5,"y":-5.5},{"x":1.5,"y":-5},{"x":2.5,"y":-5},{"x":3.5,"y":-5},{"x":7.5,"y":-5},{"x":8.5,"y":-5},{"x":9.5,"y":-5},{"x":4.5,"y":-4.5},{"x":5.5,"y":-4.5},{"x":6.5,"y":-4.5},{"x":1.5,"y":-4},{"x":2.5,"y":-4},{"x":3.5,"y":-4},{"x":7.5,"y":-4},{"x":8.5,"y":-4},{"x":9.5,"y":-4},{"x":4.5,"y":-3.5},{"x":5.5,"y":-3.5},{"x":6.5,"y":-3.5},{"x":1.5,"y":-3},{"x":2.5,"y":-3},{"x":3.5,"y":-3},{"x":7.5,"y":-3},{"x":8.5,"y":-3},{"x":9.5,"y":-3},{"x":4.5,"y":-2.5},{"x":5.5,"y":-2.5},{"x":6.5,"y":-2.5},{"x":3.5,"y":-2},{"x":7.5,"y":-2},{"x":1.5,"y":-1.5},{"x":2.5,"y":-1.5},{"x":4.5,"y":-1.5},{"x":6.5,"y":-1.5},{"x":8.5,"y":-1.5},{"x":9.5,"y":-1.5},{"x":3.5,"y":-1},{"x":7.5,"y":-1},{"x":1.5,"y":-0.5},{"x":2.5,"y":-0.5},{"x":8.5,"y":-0.5},{"x":9.5,"y":-0.5}]},{"index":1,"tiles":[{"x":4.5,"y":-8.5},{"x":5.5,"y":-8.5},{"x":6.5,"y":-8.5},{"x":4.5,"y":-7.5},{"x":5.5,"y":-7.5},{"x":6.5,"y":-7.5},{"x":4.5,"y":-6.5},{"x":5.5,"y":-6.5},{"x":6.5,"y":-6.5},{"x":4.5,"y":-5.5},{"x":5.5,"y":-5.5},{"x":6.5,"y":-5.5},{"x":4.5,"y":-4.5},{"x":5.5,"y":-4.5},{"x":6.5,"y":-4.5},{"x":4.5,"y":-3.5},{"x":5.5,"y":-3.5},{"x":6.5,"y":-3.5},{"x":4.5,"y":-2.5},{"x":5.5,"y":-2.5},{"x":6.5,"y":-2.5},{"x":3.5,"y":-2},{"x":7.5,"y":-2},{"x":1.5,"y":-1.5},{"x":2.5,"y":-1.5},{"x":4.5,"y":-1.5},{"x":6.5,"y":-1.5},{"x":8.5,"y":-1.5},{"x":9.5,"y":-1.5},{"x":3.5,"y":-1},{"x":7.5,"y":-1},{"x":1.5,"y":-0.5},{"x":2.5,"y":-0.5},{"x":8.5,"y":-0.5},{"x":9.5,"y":-0.5}]},{"index":2,"tiles":[{"x":4.5,"y":-7.5},{"x":5.5,"y":-7.5},{"x":6.5,"y":-7.5},{"x":4.5,"y":-6.5},{"x":5.5,"y":-6.5},{"x":6.5,"y":-6.5},{"x":4.5,"y":-5.5},{"x":5.5,"y":-5.5},{"x":6.5,"y":-5.5},{"x":4.5,"y":-4.5},{"x":5.5,"y":-4.5},{"x":6.5,"y":-4.5},{"x":4.5,"y":-3.5},{"x":5.5,"y":-3.5},{"x":6.5,"y":-3.5},{"x":4.5,"y":-2.5},{"x":5.5,"y":-2.5},{"x":6.5,"y":-2.5}]}],"seeds":["kAc2Fxgdpgh2zyRQpKJNQcCIIRcin+GElcQIoqCMgUiEXjJ02BJOAyUqRFR4QuelnbdUH6qARghuy9VxqnB+VIB11oNw3KRxkGB5IQgOYuhwVJYsGxhmxycNTVgW"]},{"layers":[{"index":0,"tiles":[{"x":5.5,"y":-8.5},{"x":3.5,"y":-8},{"x":4.5,"y":-8},{"x":6.5,"y":-8},{"x":7.5,"y":-8},{"x":2.5,"y":-7.5},{"x":5.5,"y":-7.5},{"x":8.5,"y":-7.5},{"x":3.5,"y":-7},{"x":4.5,"y":-7},{"x":6.5,"y":-7},{"x":7.5,"y":-7},{"x":2.5,"y":-6.5},{"x":5.5,"y":-6.5},{"x":8.5,"y":-6.5},{"x":1.5,"y":-6},{"x":3.5,"y":-6},{"x":4.5,"y":-6},{"x":6.5,"y":-6},{"x":7.5,"y":-6},{"x":9.5,"y":-6},{"x":2.5,"y":-5.5},{"x":5.5,"y":-5.5},{"x":8.5,"y":-5.5},{"x":1.5,"y":-5},{"x":3.5,"y":-5},{"x":4.5,"y":-5},{"x":6.5,"y":-5},{"x":7.5,"y":-5},{"x":9.5,"y":-5},{"x":2.5,"y":-4.5},{"x":5.5,"y":-4.5},{"x":8.5,"y":-4.5},{"x":1.5,"y":-4},{"x":3.5,"y":-4},{"x":4.5,"y":-4},{"x":6.5,"y":-4},{"x":7.5,"y":-4},{"x":9.5,"y":-4},{"x":2.5,"y":-3.5},{"x":5.5,"y":-3.5},{"x":8.5,"y":-3.5},{"x":3.5,"y":-3},{"x":4.5,"y":-3},{"x":6.5,"y":-3},{"x":7.5,"y":-3},{"x":2.5,"y":-2.5},{"x":5.5,"y":-2.5},{"x":8.5,"y":-2.5},{"x":3.5,"y":-2},{"x":4.5,"y":-2},{"x":6.5,"y":-2},{"x":7.5,"y":-2},{"x":5.5,"y":-1.5}]},{"index":1,"tiles":[{"x":5.5,"y":-8.5},{"x":3.5,"y":-8},{"x":4.5,"y":-8},{"x":6.5,"y":-8},{"x":7.5,"y":-8},{"x":2.5,"y":-7.5},{"x":8.5,"y":-7.5},{"x":3.5,"y":-7},{"x":7.5,"y":-7},{"x":2.5,"y":-6.5},{"x":4.5,"y":-6.5},{"x":5.5,"y":-6.5},{"x":6.5,"y":-6.5},{"x":8.5,"y":-6.5},{"x":1.5,"y":-6},{"x":3.5,"y":-6},{"x":7.5,"y":-6},{"x":9.5,"y":-6},{"x":2.5,"y":-5.5},{"x":8.5,"y":-5.5},{"x":1.5,"y":-5},{"x":3.5,"y":-5},{"x":4.5,"y":-5},{"x":5.5,"y":-5},{"x":6.5,"y":-5},{"x":7.5,"y":-5},{"x":9.5,"y":-5},{"x":2.5,"y":-4.5},{"x":8.5,"y":-4.5},{"x":1.5,"y":-4},{"x":3.5,"y":-4},{"x":7.5,"y":-4},{"x":9.5,"y":-4},{"x":2.5,"y":-3.5},{"x":4.5,"y":-3.5},{"x":5.5,"y":-3.5},{"x":6.5,"y":-3.5},{"x":8.5,"y":-3.5},{"x":3.5,"y":-3},{"x":7.5,"y":-3},{"x":2.5,"y":-2.5},{"x":8.5,"y":-2.5},{"x":3.5,"y":-2},{"x":4.5,"y":-2},{"x":6.5,"y":-2},{"x":7.5,"y":-2},{"x":5.5,"y":-1.5}]},{"index":2,"tiles":[{"x":5.5,"y":-8.5},{"x":3.5,"y":-8},{"x":4.5,"y":-8},{"x":6.5,"y":-8},{"x":7.5,"y":-8},{"x":2.5,"y":-7.5},{"x":8.5,"y":-7.5},{"x":5.5,"y":-7},{"x":2.5,"y":-6.5},{"x":3.5,"y":-6.5},{"x":4.5,"y":-6.5},{"x":6.5,"y":-6.5},{"x":7.5,"y":-6.5},{"x":8.5,"y":-6.5},{"x":1.5,"y":-6},{"x":5.5,"y":-6},{"x":9.5,"y":-6},{"x":1.5,"y":-5},{"x":2.5,"y":-5},{"x":3.5,"y":-5},{"x":4.5,"y":-5},{"x":5.5,"y":-5},{"x":6.5,"y":-5},{"x":7.5,"y":-5},{"x":8.5,"y":-5},{"x":9.5,"y":-5},{"x":1.5,"y":-4},{"x":5.5,"y":-4},{"x":9.5,"y":-4},{"x":2.5,"y":-3.5},{"x":3.5,"y":-3.5},{"x":4.5,"y":-3.5},{"x":6.5,"y":-3.5},{"x":7.5,"y":-3.5},{"x":8.5,"y":-3.5},{"x":5.5,"y":-3},{"x":2.5,"y":-2.5},{"x":8.5,"y":-2.5},{"x":3.5,"y":-2},{"x":4.5,"y":-2},{"x":6.5,"y":-2},{"x":7.5,"y":-2},{"x":5.5,"y":-1.5}]}],"seeds":["0LY1RNRNYkN9GmYJkeExyJc5FENcEiV6oLJ0g+B5KbScXNhN4Ed0pniAHQeS3JQ8nGdV1qCAVbc0k1NYCBiG1IMFXONpgfQdoFBwolqgQ5gFCiheY8IpYRmIzCVy4VBV1wcSi1OEHyMajhCC"]}]]],0,0,[],[],[]]
