<?xml version="1.0" encoding="UTF-8"?><font><info face="SFProText-Medium" size="42" bold="0" italic="0" charset="" unicode="1" stretchH="100" smooth="1" aa="1" padding="1,1,1,1" spacing="1,1"/><common lineHeight="42" base="40" scaleW="293" scaleH="293" pages="1" packed="0"/><pages><page id="0" file="sf-pro-normal.png"/></pages><chars count="109"><char id="32" x="0" y="0" width="0" height="0" xoffset="0" yoffset="-7" xadvance="12" page="0" chnl="15"/><!--   --><char id="33" x="284" y="35" width="9" height="32" xoffset="2" yoffset="2" xadvance="14" page="0" chnl="15"/><!-- ! --><char id="34" x="116" y="270" width="15" height="14" xoffset="2" yoffset="2" xadvance="20" page="0" chnl="15"/><!-- " --><char id="35" x="46" y="168" width="29" height="32" xoffset="-1" yoffset="2" xadvance="28" page="0" chnl="15"/><!-- # --><char id="36" x="132" y="33" width="24" height="38" xoffset="2" yoffset="-1" xadvance="28" page="0" chnl="15"/><!-- $ --><char id="37" x="0" y="130" width="33" height="33" xoffset="0" yoffset="2" xadvance="34" page="0" chnl="15"/><!-- % --><char id="38" x="46" y="34" width="30" height="33" xoffset="1" yoffset="2" xadvance="31" page="0" chnl="15"/><!-- & --><char id="39" x="142" y="279" width="7" height="14" xoffset="2" yoffset="2" xadvance="11" page="0" chnl="15"/><!-- ' --><char id="40" x="252" y="188" width="13" height="39" xoffset="3" yoffset="1" xadvance="17" page="0" chnl="15"/><!-- ( --><char id="41" x="270" y="83" width="12" height="39" xoffset="1" yoffset="1" xadvance="17" page="0" chnl="15"/><!-- ) --><char id="42" x="207" y="275" width="17" height="18" xoffset="2" yoffset="2" xadvance="22" page="0" chnl="15"/><!-- * --><char id="43" x="132" y="239" width="24" height="24" xoffset="2" yoffset="9" xadvance="28" page="0" chnl="15"/><!-- + --><char id="44" x="132" y="279" width="9" height="14" xoffset="2" yoffset="28" xadvance="14" page="0" chnl="15"/><!-- , --><char id="45" x="252" y="90" width="16" height="7" xoffset="2" yoffset="18" xadvance="20" page="0" chnl="15"/><!-- - --><char id="46" x="116" y="285" width="9" height="8" xoffset="2" yoffset="26" xadvance="14" page="0" chnl="15"/><!-- . --><char id="47" x="230" y="169" width="17" height="39" xoffset="-1" yoffset="1" xadvance="15" page="0" chnl="15"/><!-- / --><char id="48" x="106" y="33" width="25" height="33" xoffset="1" yoffset="2" xadvance="28" page="0" chnl="15"/><!-- 0 --><char id="49" x="252" y="98" width="15" height="32" xoffset="1" yoffset="2" xadvance="21" page="0" chnl="15"/><!-- 1 --><char id="50" x="159" y="211" width="23" height="32" xoffset="2" yoffset="2" xadvance="26" page="0" chnl="15"/><!-- 2 --><char id="51" x="106" y="67" width="25" height="33" xoffset="1" yoffset="2" xadvance="27" page="0" chnl="15"/><!-- 3 --><char id="52" x="77" y="199" width="26" height="32" xoffset="1" yoffset="2" xadvance="28" page="0" chnl="15"/><!-- 4 --><char id="53" x="132" y="72" width="24" height="33" xoffset="2" yoffset="2" xadvance="27" page="0" chnl="15"/><!-- 5 --><char id="54" x="106" y="101" width="25" height="33" xoffset="1" yoffset="2" xadvance="28" page="0" chnl="15"/><!-- 6 --><char id="55" x="132" y="140" width="24" height="32" xoffset="0" yoffset="2" xadvance="25" page="0" chnl="15"/><!-- 7 --><char id="56" x="106" y="135" width="25" height="33" xoffset="1" yoffset="2" xadvance="28" page="0" chnl="15"/><!-- 8 --><char id="57" x="106" y="169" width="25" height="33" xoffset="1" yoffset="2" xadvance="28" page="0" chnl="15"/><!-- 9 --><char id="58" x="106" y="270" width="9" height="23" xoffset="2" yoffset="11" xadvance="14" page="0" chnl="15"/><!-- : --><char id="59" x="270" y="159" width="10" height="31" xoffset="1" yoffset="11" xadvance="14" page="0" chnl="15"/><!-- ; --><char id="60" x="207" y="99" width="22" height="26" xoffset="3" yoffset="8" xadvance="28" page="0" chnl="15"/><!-- < --><char id="61" x="132" y="264" width="24" height="14" xoffset="2" yoffset="14" xadvance="28" page="0" chnl="15"/><!-- = --><char id="62" x="77" y="265" width="22" height="26" xoffset="3" yoffset="8" xadvance="28" page="0" chnl="15"/><!-- > --><char id="63" x="230" y="69" width="21" height="32" xoffset="0" yoffset="2" xadvance="23" page="0" chnl="15"/><!-- ? --><char id="64" x="0" y="66" width="36" height="37" xoffset="2" yoffset="2" xadvance="39" page="0" chnl="15"/><!-- @ --><char id="65" x="46" y="102" width="29" height="32" xoffset="0" yoffset="2" xadvance="30" page="0" chnl="15"/><!-- A --><char id="66" x="106" y="237" width="25" height="32" xoffset="2" yoffset="2" xadvance="29" page="0" chnl="15"/><!-- B --><char id="67" x="46" y="201" width="28" height="33" xoffset="1" yoffset="2" xadvance="31" page="0" chnl="15"/><!-- C --><char id="68" x="46" y="235" width="28" height="32" xoffset="2" yoffset="2" xadvance="31" page="0" chnl="15"/><!-- D --><char id="69" x="207" y="0" width="22" height="32" xoffset="2" yoffset="2" xadvance="26" page="0" chnl="15"/><!-- E --><char id="70" x="207" y="33" width="22" height="32" xoffset="2" yoffset="2" xadvance="25" page="0" chnl="15"/><!-- F --><char id="71" x="46" y="68" width="29" height="33" xoffset="1" yoffset="2" xadvance="32" page="0" chnl="15"/><!-- G --><char id="72" x="77" y="0" width="28" height="32" xoffset="2" yoffset="2" xadvance="32" page="0" chnl="15"/><!-- H --><char id="73" x="284" y="83" width="8" height="32" xoffset="2" yoffset="2" xadvance="12" page="0" chnl="15"/><!-- I --><char id="74" x="230" y="35" width="21" height="33" xoffset="0" yoffset="2" xadvance="24" page="0" chnl="15"/><!-- J --><char id="75" x="77" y="232" width="26" height="32" xoffset="2" yoffset="2" xadvance="29" page="0" chnl="15"/><!-- K --><char id="76" x="207" y="66" width="22" height="32" xoffset="2" yoffset="2" xadvance="25" page="0" chnl="15"/><!-- L --><char id="77" x="0" y="164" width="33" height="32" xoffset="2" yoffset="2" xadvance="38" page="0" chnl="15"/><!-- M --><char id="78" x="77" y="100" width="27" height="32" xoffset="2" yoffset="2" xadvance="32" page="0" chnl="15"/><!-- N --><char id="79" x="46" y="0" width="30" height="33" xoffset="1" yoffset="2" xadvance="33" page="0" chnl="15"/><!-- O --><char id="80" x="132" y="206" width="24" height="32" xoffset="2" yoffset="2" xadvance="28" page="0" chnl="15"/><!-- P --><char id="81" x="0" y="222" width="30" height="35" xoffset="1" yoffset="2" xadvance="33" page="0" chnl="15"/><!-- Q --><char id="82" x="133" y="0" width="25" height="32" xoffset="2" yoffset="2" xadvance="29" page="0" chnl="15"/><!-- R --><char id="83" x="106" y="203" width="25" height="33" xoffset="1" yoffset="2" xadvance="28" page="0" chnl="15"/><!-- S --><char id="84" x="77" y="133" width="27" height="32" xoffset="0" yoffset="2" xadvance="28" page="0" chnl="15"/><!-- T --><char id="85" x="77" y="66" width="27" height="33" xoffset="2" yoffset="2" xadvance="32" page="0" chnl="15"/><!-- U --><char id="86" x="46" y="135" width="29" height="32" xoffset="0" yoffset="2" xadvance="30" page="0" chnl="15"/><!-- V --><char id="87" x="0" y="33" width="39" height="32" xoffset="1" yoffset="2" xadvance="42" page="0" chnl="15"/><!-- W --><char id="88" x="77" y="166" width="27" height="32" xoffset="1" yoffset="2" xadvance="30" page="0" chnl="15"/><!-- X --><char id="89" x="77" y="33" width="28" height="32" xoffset="0" yoffset="2" xadvance="29" page="0" chnl="15"/><!-- Y --><char id="90" x="106" y="0" width="26" height="32" xoffset="1" yoffset="2" xadvance="28" page="0" chnl="15"/><!-- Z --><char id="91" x="252" y="228" width="13" height="39" xoffset="4" yoffset="1" xadvance="17" page="0" chnl="15"/><!-- [ --><char id="92" x="252" y="0" width="17" height="39" xoffset="-1" yoffset="1" xadvance="15" page="0" chnl="15"/><!-- \ --><char id="93" x="270" y="0" width="13" height="39" xoffset="0" yoffset="1" xadvance="17" page="0" chnl="15"/><!-- ] --><char id="94" x="159" y="277" width="19" height="15" xoffset="1" yoffset="3" xadvance="21" page="0" chnl="15"/><!-- ^ --><char id="95" x="183" y="281" width="21" height="6" xoffset="-1" yoffset="34" xadvance="19" page="0" chnl="15"/><!-- _ --><char id="97" x="46" y="268" width="21" height="25" xoffset="1" yoffset="9" xadvance="24" page="0" chnl="15"/><!-- a --><char id="98" x="132" y="106" width="24" height="33" xoffset="2" yoffset="1" xadvance="27" page="0" chnl="15"/><!-- b --><char id="99" x="207" y="126" width="22" height="25" xoffset="1" yoffset="9" xadvance="24" page="0" chnl="15"/><!-- c --><char id="100" x="159" y="177" width="23" height="33" xoffset="1" yoffset="1" xadvance="27" page="0" chnl="15"/><!-- d --><char id="101" x="183" y="33" width="23" height="25" xoffset="1" yoffset="9" xadvance="25" page="0" chnl="15"/><!-- e --><char id="102" x="252" y="56" width="16" height="33" xoffset="0" yoffset="1" xadvance="16" page="0" chnl="15"/><!-- f --><char id="103" x="159" y="72" width="23" height="34" xoffset="1" yoffset="9" xadvance="27" page="0" chnl="15"/><!-- g --><char id="104" x="183" y="213" width="22" height="33" xoffset="2" yoffset="1" xadvance="26" page="0" chnl="15"/><!-- h --><char id="105" x="284" y="0" width="9" height="34" xoffset="1" yoffset="0" xadvance="11" page="0" chnl="15"/><!-- i --><char id="106" x="270" y="40" width="12" height="42" xoffset="-2" yoffset="0" xadvance="11" page="0" chnl="15"/><!-- j --><char id="107" x="183" y="247" width="22" height="33" xoffset="2" yoffset="1" xadvance="24" page="0" chnl="15"/><!-- k --><char id="108" x="284" y="157" width="7" height="33" xoffset="2" yoffset="1" xadvance="12" page="0" chnl="15"/><!-- l --><char id="109" x="0" y="104" width="34" height="25" xoffset="2" yoffset="9" xadvance="38" page="0" chnl="15"/><!-- m --><char id="110" x="207" y="152" width="22" height="25" xoffset="2" yoffset="9" xadvance="26" page="0" chnl="15"/><!-- n --><char id="111" x="183" y="59" width="23" height="25" xoffset="1" yoffset="9" xadvance="26" page="0" chnl="15"/><!-- o --><char id="112" x="159" y="244" width="23" height="32" xoffset="2" yoffset="9" xadvance="27" page="0" chnl="15"/><!-- p --><char id="113" x="183" y="0" width="23" height="32" xoffset="1" yoffset="9" xadvance="27" page="0" chnl="15"/><!-- q --><char id="114" x="252" y="162" width="15" height="25" xoffset="2" yoffset="9" xadvance="17" page="0" chnl="15"/><!-- r --><char id="115" x="230" y="102" width="21" height="25" xoffset="1" yoffset="9" xadvance="23" page="0" chnl="15"/><!-- s --><char id="116" x="252" y="131" width="15" height="30" xoffset="0" yoffset="4" xadvance="16" page="0" chnl="15"/><!-- t --><char id="117" x="183" y="85" width="23" height="24" xoffset="1" yoffset="10" xadvance="26" page="0" chnl="15"/><!-- u --><char id="118" x="183" y="110" width="23" height="24" xoffset="0" yoffset="10" xadvance="24" page="0" chnl="15"/><!-- v --><char id="119" x="0" y="197" width="33" height="24" xoffset="0" yoffset="10" xadvance="34" page="0" chnl="15"/><!-- w --><char id="120" x="207" y="178" width="22" height="24" xoffset="0" yoffset="10" xadvance="23" page="0" chnl="15"/><!-- x --><char id="121" x="132" y="173" width="24" height="32" xoffset="0" yoffset="10" xadvance="24" page="0" chnl="15"/><!-- y --><char id="122" x="230" y="128" width="21" height="24" xoffset="1" yoffset="10" xadvance="24" page="0" chnl="15"/><!-- z --><char id="123" x="230" y="209" width="17" height="39" xoffset="0" yoffset="1" xadvance="17" page="0" chnl="15"/><!-- { --><char id="124" x="284" y="116" width="7" height="40" xoffset="4" yoffset="1" xadvance="15" page="0" chnl="15"/><!-- | --><char id="125" x="230" y="249" width="17" height="39" xoffset="0" yoffset="1" xadvance="17" page="0" chnl="15"/><!-- } --><char id="201" x="183" y="135" width="22" height="41" xoffset="2" yoffset="-7" xadvance="26" page="0" chnl="15"/><!-- É --><char id="224" x="207" y="239" width="21" height="35" xoffset="1" yoffset="-1" xadvance="24" page="0" chnl="15"/><!-- à --><char id="225" x="207" y="203" width="21" height="35" xoffset="1" yoffset="-1" xadvance="24" page="0" chnl="15"/><!-- á --><char id="227" x="230" y="0" width="21" height="34" xoffset="1" yoffset="0" xadvance="24" page="0" chnl="15"/><!-- ã --><char id="231" x="183" y="177" width="22" height="35" xoffset="1" yoffset="9" xadvance="24" page="0" chnl="15"/><!-- ç --><char id="233" x="159" y="36" width="23" height="35" xoffset="1" yoffset="-1" xadvance="25" page="0" chnl="15"/><!-- é --><char id="234" x="159" y="107" width="23" height="34" xoffset="1" yoffset="0" xadvance="25" page="0" chnl="15"/><!-- ê --><char id="237" x="270" y="123" width="12" height="35" xoffset="2" yoffset="-1" xadvance="11" page="0" chnl="15"/><!-- í --><char id="243" x="0" y="258" width="23" height="35" xoffset="1" yoffset="-1" xadvance="26" page="0" chnl="15"/><!-- ó --><char id="245" x="159" y="142" width="23" height="34" xoffset="1" yoffset="0" xadvance="26" page="0" chnl="15"/><!-- õ --><char id="250" x="159" y="0" width="23" height="35" xoffset="1" yoffset="-1" xadvance="26" page="0" chnl="15"/><!-- ú --><char id="8216" x="252" y="268" width="10" height="14" xoffset="1" yoffset="2" xadvance="13" page="0" chnl="15"/><!-- ‘ --><char id="8217" x="284" y="68" width="9" height="14" xoffset="2" yoffset="2" xadvance="13" page="0" chnl="15"/><!-- ’ --><char id="8220" x="252" y="40" width="17" height="15" xoffset="2" yoffset="2" xadvance="22" page="0" chnl="15"/><!-- “ --><char id="8221" x="230" y="153" width="18" height="15" xoffset="2" yoffset="2" xadvance="22" page="0" chnl="15"/><!-- ” --><char id="8470" x="0" y="0" width="45" height="32" xoffset="2" yoffset="2" xadvance="47" page="0" chnl="15"/><!-- № --></chars></font>