{"skeleton":{"hash":"jLP8qmmxZWPHGYIrJ2lmN6GlfpU","spine":"3.8.99","x":-180.13,"y":-16.68,"width":318.65,"height":226.23,"images":"./images/","audio":"D:/WORK/SUNDATA/MERGE MASTER/ANIMATION/Dinosaurs/lv11_Spinosaurus/Project_Spine38"},"bones":[{"name":"root"},{"name":"[RED] SKELETON CONTROL","parent":"root","scaleX":0.2689,"scaleY":0.2689,"color":"ff0000ff"},{"name":"torso","parent":"[RED] SKELETON CONTROL","x":3.45,"y":344.02},{"name":"torso2","parent":"torso","length":81.6,"rotation":4.86,"x":9.52},{"name":"torso3","parent":"torso2","length":74.06,"rotation":9.33,"x":81.6},{"name":"torso4","parent":"torso3","length":78.44,"rotation":27.23,"x":74.06},{"name":"torso5","parent":"torso4","length":96.2,"rotation":10.88,"x":78.44},{"name":"head","parent":"torso5","length":214.44,"rotation":-41.14,"x":90.32,"y":1.29},{"name":"head3","parent":"head","length":204.04,"rotation":-30.14,"x":-3.09,"y":-77.93},{"name":"torso6","parent":"torso","length":89.04,"rotation":-178.51,"x":-11.93,"y":-3.01},{"name":"torso7","parent":"torso6","length":110.24,"rotation":2.94,"x":89.04},{"name":"torso8","parent":"torso7","length":75.27,"rotation":-0.3,"x":114.83,"y":1.97},{"name":"torso9","parent":"torso8","length":96.76,"rotation":-3.21,"x":75.27},{"name":"torso10","parent":"torso9","length":76.66,"rotation":-2.65,"x":96.76},{"name":"torso11","parent":"torso10","length":88.82,"rotation":-8.3,"x":76.66},{"name":"torso12","parent":"torso11","length":83.03,"rotation":-1.8,"x":88.82},{"name":"torso13","parent":"torso12","length":51.25,"rotation":-3.04,"x":83.03},{"name":"leg_left","parent":"torso6","length":119.14,"rotation":99.47,"x":-14.1,"y":-0.5},{"name":"leg_left2","parent":"leg_left","length":92.94,"rotation":-50.54,"x":119.14},{"name":"leg_left3","parent":"leg_left2","length":96.77,"rotation":50.46,"x":92.94},{"name":"leg_left4","parent":"[RED] SKELETON CONTROL","length":57.79,"rotation":-2.17,"x":-9.01,"y":57.52,"color":"ff3f00ff"},{"name":"leg_left5","parent":"leg_left4","length":64.76,"rotation":-26.13,"x":57.79},{"name":"leg_right","parent":"torso6","length":140.6,"rotation":102.04,"x":75.54,"y":16.17},{"name":"leg_right2","parent":"leg_right","length":104,"rotation":-55.97,"x":140.6},{"name":"leg_right3","parent":"leg_right2","length":97.69,"rotation":55.85,"x":104},{"name":"leg_right4","parent":"[RED] SKELETON CONTROL","length":51.69,"rotation":-8.13,"x":-98.19,"y":14.39,"color":"ff3f00ff"},{"name":"leg_right5","parent":"leg_right4","length":62.58,"rotation":-6.07,"x":51.69},{"name":"hand_left","parent":"torso2","length":87.71,"rotation":-92.37,"x":140.8,"y":11.87},{"name":"hand_left2","parent":"hand_left","length":76.23,"rotation":85.79,"x":87.71},{"name":"hand_left3","parent":"hand_left2","length":65.98,"rotation":-12.32,"x":76.21,"y":0.76},{"name":"hand_right","parent":"torso2","length":104.04,"rotation":-96.85,"x":84.78,"y":-25.12},{"name":"hand_right2","parent":"hand_right","length":73.43,"rotation":81.14,"x":104.04},{"name":"hand_right3","parent":"hand_right2","length":83.33,"rotation":-0.38,"x":73.43},{"name":"shadiow","parent":"[RED] SKELETON CONTROL","x":2.08,"y":12.87,"scaleX":0.7121,"scaleY":0.7121,"color":"000000ff"}],"slots":[{"name":"shadiow","bone":"shadiow","attachment":"shadiow"},{"name":"leg_left","bone":"leg_left","attachment":"leg_left"},{"name":"hand_left","bone":"hand_left","attachment":"hand_left"},{"name":"torso","bone":"torso","attachment":"torso"},{"name":"leg_right","bone":"leg_right","attachment":"leg_right"},{"name":"hand_right","bone":"hand_right","attachment":"hand_right"},{"name":"head","bone":"head3","attachment":"head"},{"name":"eye","bone":"head","attachment":"eye"},{"name":"lv11_Spinosaurus mini_2","bone":"root"}],"ik":[{"name":"leg_left4","bones":["leg_left2","leg_left3"],"target":"leg_left4"},{"name":"leg_right4","order":1,"bones":["leg_right2","leg_right3"],"target":"leg_right4"}],"skins":[{"name":"default","attachments":{"eye":{"eye":{"x":49.29,"y":19.84,"rotation":-11.17,"width":51,"height":38},"eye copy":{"x":49.29,"y":19.84,"rotation":-11.17,"width":49,"height":36}},"hand_left":{"hand_left":{"type":"mesh","uvs":[0.22394,0,0.34219,0.17051,0.30425,0.34098,0.26038,0.46366,0.25687,0.55384,0.34427,0.57105,0.42944,0.58782,0.59498,0.51299,0.80358,0.54237,0.87343,0.61954,0.9904,0.87381,0.8868,0.99972,0.72478,0.83484,0.58979,0.76594,0.45989,0.70687,0.34783,0.73692,0.25961,0.72121,0.17365,0.74129,0.11036,0.74288,0.09454,0.67052,0.10242,0.56943,0.07455,0.47735,0.02876,0.36958,0,0.238,0,0.18221,0.05461,0.02744,0.18462,0],"triangles":[13,14,7,13,7,8,12,13,8,12,8,9,12,9,10,11,12,10,14,6,7,16,4,5,4,17,19,15,5,6,15,6,14,16,5,15,16,17,4,18,19,17,26,23,24,1,26,0,26,22,23,2,26,1,25,26,24,2,22,26,3,22,2,21,22,3,3,20,21,4,20,3,19,20,4],"vertices":[1,27,-23.77,17.16,1,1,27,8.32,40.74,1,1,27,38.97,31.4,1,2,27,60.87,21.18,0.90599,28,19.15,28.32,0.09401,2,27,77.24,19.73,0.30218,28,18.9,11.89,0.69782,1,28,37.43,9.31,1,1,28,55.49,6.8,1,1,29,9.05,23.16,1,1,29,53.04,28.65,1,1,29,70.75,18.6,1,1,29,105.92,-20.31,1,1,29,90.27,-47.84,1,1,29,49.82,-27.02,1,2,28,90.28,-24.59,0.40081,29,19.15,-21.76,0.59919,1,28,62.56,-14.66,1,1,28,39.09,-20.84,1,1,28,20.4,-18.54,1,1,28,2.38,-22.74,1,2,27,110.27,-12.65,0.15145,28,-10.96,-23.43,0.84855,2,27,96.97,-15.41,0.41933,28,-14.69,-10.36,0.58067,1,27,78.66,-12.95,1,1,27,61.66,-18.1,1,1,27,41.65,-26.9,1,1,27,17.46,-31.92,1,1,27,7.31,-31.48,1,1,27,-20.33,-18.75,1,1,27,-24.13,8.87,1],"hull":27,"edges":[0,52,0,2,12,14,14,16,16,18,18,20,20,22,46,48,48,50,50,52,36,38,38,40,40,42,44,46,42,44,8,6,2,4,6,4,8,10,10,12,34,36,34,32,32,30,30,28,28,26,26,24,24,22],"width":211,"height":182}},"hand_right":{"hand_right":{"type":"mesh","uvs":[0.1987,0,0.30918,0.09282,0.3394,0.26412,0.2337,0.52189,0.23615,0.62636,0.31853,0.65068,0.44807,0.693,0.5796,0.63147,0.66273,0.65304,0.78687,0.6439,0.94562,0.60454,0.99706,0.73994,0.81918,0.95366,0.7442,0.98266,0.65672,0.99423,0.51033,0.95563,0.42449,0.82623,0.22798,0.96164,0,0.91499,0,0.9143,0.07919,0.76829,0.0912,0.61414,0.06664,0.47177,0.02039,0.20364,0.07851,0.03322,0.1609,0,0.44482,0.7673,0.18179,0.68256],"triangles":[23,2,22,25,0,1,23,24,25,25,1,23,2,23,1,3,22,2,21,22,3,21,3,4,27,21,4,26,5,6,20,21,27,16,5,26,17,18,19,7,26,6,16,26,15,5,17,27,5,27,4,17,5,16,20,27,17,17,19,20,11,12,9,11,9,10,15,26,7,15,7,8,13,8,9,13,9,12,14,15,8,13,14,8],"vertices":[1,30,-33.22,3.08,1,1,30,-15.49,30.23,1,1,30,18.67,38.67,1,1,30,71.33,15.11,1,2,31,14.42,14.13,0.5636,30,92.29,16.43,0.4364,1,31,34.76,13.05,1,2,32,-6.61,10.51,0.20661,31,66.9,10.55,0.79339,1,32,21.95,28.79,1,1,32,42.36,28.42,1,1,32,71.23,36.02,1,1,32,107.06,51.2,1,1,32,124.47,26.91,1,1,32,90.96,-23.54,1,1,32,74.44,-32.76,1,1,32,54.3,-39.13,1,1,32,18.33,-38.36,1,2,32,-6.94,-16.86,0.23807,31,66.38,-16.81,0.76193,1,31,25.18,-52.42,1,1,31,-30.32,-53.51,1,1,31,-30.34,-53.38,1,2,31,-17.2,-20.98,0.78451,30,122.11,-20.23,0.21549,1,30,91.04,-18.42,1,1,30,62.65,-25.3,1,1,30,9.17,-38.27,1,1,30,-25.54,-25.51,1,1,30,-32.9,-5.98,1,2,32,-4.46,-4.29,0.09342,31,68.94,-4.26,0.90658,1,31,3.74,0.58,1],"hull":26,"edges":[0,50,0,2,2,4,4,6,20,22,22,24,30,32,32,34,34,36,36,38,38,40,40,42,46,48,48,50,6,8,8,10,10,12,12,14,42,44,44,46,14,16,16,18,18,20,28,30,24,26,28,26],"width":240,"height":201}},"head":{"head":{"type":"mesh","uvs":[0.32776,0.00783,0.37459,0.11893,0.4229,0.17859,0.63146,0.34463,0.8322,0.31057,0.75293,0.20198,0.74792,0.18507,0.86759,0.22126,0.98517,0.35013,1,0.40345,0.94139,0.53757,0.75092,0.55894,0.70567,0.58537,0.56132,0.59327,0.55367,0.67414,0.94451,0.64907,0.99271,0.90833,0.95971,0.97017,0.89003,1,0.86527,1,0.71093,0.90359,0.50708,0.86381,0.38143,0.85279,0.24474,0.86936,0.14917,0.83434,0.05072,0.73607,0.00226,0.43778,0.0496,0.3445,0.17885,0.30456,0.11344,0.17012,0.18482,0,0.18971,0,0.25867,0.14332,0.25477,0.5628,0.18984,0.62768,0.31225,0.68469,0.41443,0.59229,0.46446,0.61883,0.36451,0.74299,0.48338,0.79611,0.63484,0.83152,0.76712,0.86693,0.87448,0.91119],"triangles":[17,18,42,20,41,19,18,19,42,19,41,42,17,42,16,16,42,15,42,41,15,21,40,20,20,40,41,22,23,38,41,40,15,22,39,21,21,39,40,38,23,35,22,38,39,23,24,35,39,14,40,40,14,15,38,37,39,39,37,14,38,36,37,38,35,36,14,37,13,37,36,13,12,13,3,13,36,3,36,2,3,12,3,11,26,27,33,11,4,10,11,3,4,9,4,8,9,10,4,4,7,8,4,5,7,7,5,6,24,34,35,24,25,34,25,26,34,34,33,35,34,26,33,36,33,2,32,2,28,2,32,1,27,28,33,2,33,28,28,29,32,29,30,32,30,31,32,32,0,1,35,33,36],"vertices":[1,6,237.72,93.87,1,1,6,216.02,57.81,1,2,6,208.99,32.47,0.83168,7,68.86,101.55,0.16832,1,7,124.2,30.88,1,1,7,190.73,30,1,1,7,172.81,72.61,1,1,7,172.36,78.78,1,1,7,208.16,58.69,1,1,7,236.95,6.64,1,1,7,238.05,-12.76,1,1,7,210.13,-55.51,1,1,7,147.76,-50.88,1,1,7,131.48,-57.18,1,2,7,84.77,-50.8,0.73631,8,62.36,67.58,0.26369,2,7,76.79,-78.32,0.19801,8,69.28,39.77,0.80199,1,8,186.9,89.56,1,1,8,231.51,8.12,1,1,8,228.43,-16.02,1,1,8,210.38,-33.36,1,1,8,202.74,-35.99,1,1,8,144.1,-20.16,1,1,8,76.69,-28.48,1,1,8,36.68,-38.12,1,2,6,-19.47,-70.67,0.20096,8,-3.55,-58.14,0.79904,2,6,-28.74,-38.45,0.54437,8,-37.04,-56.58,0.45563,1,6,-20.91,8.15,1,2,6,52.75,85.04,0.24522,7,-83.4,38.36,0.75478,2,6,88.24,92.96,0.24651,7,-61.88,67.67,0.75349,2,6,125.16,68.24,0.72892,7,-17.81,73.34,0.27108,1,6,149.67,114.13,1,1,6,211.42,132.44,1,1,6,212.39,131.17,1,1,6,186.1,82.45,1,1,6,68.16,-7.08,1,1,6,37.09,-4.34,1,2,6,45.57,-48.22,0.15876,8,-3.93,10.66,0.84124,3,6,91.75,-54.64,0.07922,7,37.86,-41.18,0.54767,8,16.97,52.34,0.37311,2,7,52.04,-53.53,0.49106,8,35.44,48.78,0.50894,3,6,39.7,-74.29,0.07104,7,11.59,-90.22,0.08628,8,18.87,-3.26,0.84268,2,7,45.97,-116.12,0.06238,8,61.61,-8.39,0.93762,2,7,91.99,-137.95,0.057,8,112.37,-4.16,0.943,1,8,157.21,-1.97,1,1,8,195.39,-5.36,1],"hull":33,"edges":[0,64,0,2,2,4,4,6,8,10,10,12,12,14,14,16,18,20,20,22,28,30,30,32,32,34,34,36,36,38,40,42,42,44,44,46,46,48,48,50,50,52,52,54,56,58,58,60,60,62,62,64,66,68,68,70,72,74,74,28,72,26,22,24,26,24,26,28,72,66,16,18,6,8,38,40,54,56,70,76,76,78,78,80,80,82,82,84],"width":326,"height":353}},"leg_left":{"leg_left":{"type":"mesh","uvs":[0.38613,0,0.55143,0.03211,0.66566,0.12266,0.67604,0.22222,0.66199,0.35608,0.69831,0.4359,0.615,0.5164,0.48963,0.5554,0.36759,0.62877,0.36807,0.67834,0.37466,0.73414,0.40049,0.77437,0.48305,0.80314,0.56003,0.76684,0.63826,0.72898,0.74932,0.70778,0.85804,0.71447,0.94738,0.74666,1,0.80879,1,0.85839,0.75784,0.99944,0.59249,0.99246,0.4411,0.98607,0.3604,0.93966,0.29609,0.90268,0.23224,0.90963,0.16206,0.90678,0.07706,0.90373,0.01716,0.92294,0,0.92401,0.0223,0.87989,0.06866,0.85693,0.12903,0.83916,0.1799,0.84641,0.19751,0.81888,0.19448,0.78697,0.18479,0.7421,0.17208,0.69893,0.09515,0.65893,0.0692,0.59578,0.13392,0.57156,0.19898,0.54375,0.2218,0.4905,0.24507,0.4524,0.31901,0.39212,0.2409,0.34533,0.18025,0.29535,0.14264,0.21979,0.14245,0.12174,0.16961,0.04338,0.28246,0,0.30244,0.84289,0.20536,0.61122,0.52896,0.40539],"triangles":[50,47,48,49,50,48,0,46,47,0,47,50,1,46,0,46,3,45,2,46,1,3,46,2,45,53,44,45,3,53,4,53,3,53,4,5,6,53,5,7,44,53,7,53,6,43,44,7,42,43,7,41,42,7,8,52,41,40,41,52,7,8,41,52,38,39,52,39,40,37,38,52,36,37,10,52,9,37,8,9,52,10,37,9,35,36,10,35,10,11,30,31,27,26,27,31,25,26,33,13,20,21,51,24,25,28,30,27,28,29,30,23,51,12,24,51,23,22,23,12,12,13,21,22,12,21,51,11,12,51,25,33,26,31,32,26,32,33,33,34,51,51,34,35,11,51,35,16,17,18,15,19,14,16,19,15,13,14,20,19,16,18,14,19,20],"vertices":[1,17,-46.58,8.72,1,1,17,-27.02,43.83,1,1,17,12.66,63.02,1,1,17,51.24,57.98,1,1,17,101.88,44.87,1,2,18,-26.12,42.02,0.38815,17,134.03,47.18,0.61185,2,18,10.44,46.45,0.85647,17,161.19,22.32,0.14353,1,18,40.35,33.22,1,2,19,14.32,28.12,0.45813,18,80.29,28.91,0.54187,2,19,33.24,24.14,0.91909,18,95.36,41.01,0.08091,1,19,54.83,21.02,1,2,20,16.5,30.39,0.5632,19,71.43,23.53,0.4368,1,20,35.98,19.91,1,2,21,-19.4,29.16,0.45253,20,53.21,34.73,0.54747,2,21,-10.49,50.73,0.77717,20,70.71,50.17,0.22283,2,21,8.18,70.17,0.93154,20,96.03,59.4,0.06846,1,21,31.53,79.78,1,1,21,55.65,78.51,1,1,21,77.84,62.94,1,1,21,87.01,45.91,1,2,21,63.84,-29.05,0.39927,20,102.32,-54.19,0.60073,1,20,64.05,-52.92,1,1,20,29.01,-51.75,1,1,20,9.69,-34.38,1,1,20,-5.7,-20.53,1,1,20,-20.34,-23.79,1,1,20,-36.58,-23.3,1,1,20,-56.25,-22.86,1,1,20,-69.79,-30.87,1,1,20,-73.73,-31.43,1,1,20,-69.24,-14.05,1,2,20,-58.88,-4.69,0.81738,19,86.68,-58.2,0.18262,2,20,-45.21,2.76,0.4338,19,82.86,-43.1,0.5662,2,20,-33.35,0.39,0.65606,19,88.11,-32.21,0.34394,2,20,-29.7,11.27,0.50271,19,78.48,-25.97,0.49729,2,20,-30.87,23.68,0.26518,19,66.16,-24.02,0.73482,1,19,48.59,-22.5,1,1,19,31.51,-21.81,1,1,19,12.51,-35.88,1,2,19,-12.83,-36.53,0.68613,18,113.04,-33.09,0.31387,2,19,-18.9,-19.92,0.41219,18,96.35,-27.25,0.58781,1,18,78.51,-22.21,1,1,18,58.97,-30.99,1,2,18,43.98,-36.01,0.93294,17,120.43,-56.83,0.06706,2,18,14.95,-37.24,0.41038,17,100.6,-35.59,0.58962,2,18,11.87,-62.71,0.05511,17,79.26,-49.83,0.94489,1,17,57.45,-59.88,1,1,17,26.87,-62.8,1,1,17,-10.68,-55.57,1,1,17,-39.49,-43.6,1,1,17,-51.14,-14.79,1,2,20,-5.12,2.83,0.93581,19,92.76,-4.26,0.06419,2,19,-0.29,-7.06,0.65128,18,98.21,-4.71,0.34872,2,18,-11.13,3.98,0.12469,17,114.91,11.04,0.87531],"hull":51,"edges":[0,100,0,2,2,4,36,38,38,40,48,50,66,64,64,62,66,68,68,70,70,72,72,74,74,76,76,78,78,80,80,82,82,84,86,88,84,86,88,90,90,92,92,94,94,96,98,100,96,98,4,6,6,8,8,10,10,12,12,14,14,16,16,18,18,20,20,22,22,24,24,26,26,28,28,30,30,32,34,36,32,34,60,62,60,58,56,58,56,54,54,52,52,50,44,46,46,48,40,42,42,44],"width":231,"height":390}},"leg_right":{"leg_right":{"type":"mesh","uvs":[0.35895,0,0.54879,0.02709,0.67087,0.12806,0.67752,0.20642,0.67165,0.30405,0.66967,0.37966,0.69748,0.4415,0.62469,0.5121,0.46388,0.57412,0.36889,0.62965,0.37451,0.70269,0.39559,0.77331,0.47264,0.80398,0.58686,0.75749,0.69915,0.71178,0.91905,0.72047,1,0.81206,1,0.85954,0.75286,0.99932,0.45024,0.98635,0.36635,0.93731,0.29581,0.90669,0.21545,0.91209,0.1615,0.90432,0.06986,0.90606,0.00533,0.92621,0.00676,0.90778,0.02829,0.87248,0.13587,0.83943,0.18181,0.84757,0.20091,0.81945,0.19144,0.7612,0.1695,0.6969,0.10462,0.66768,0.07019,0.59453,0.20164,0.54401,0.2453,0.45044,0.32051,0.38856,0.2233,0.34587,0.1278,0.2319,0.15127,0.04714,0.29689,0,0.30216,0.81176,0.25568,0.62032,0.52218,0.39514],"triangles":[2,3,0,40,0,39,0,38,39,41,0,40,38,0,3,2,0,1,38,4,37,3,4,38,4,44,37,5,44,4,6,7,44,6,44,5,44,36,37,8,44,7,8,36,44,35,36,8,9,43,35,34,35,43,8,9,35,33,34,43,32,33,43,10,31,32,32,43,10,10,43,9,11,31,10,24,27,28,26,27,24,25,26,24,23,28,29,21,29,42,22,23,29,42,11,12,21,22,29,12,21,42,20,21,12,19,20,12,19,12,18,23,24,28,42,29,30,11,42,31,30,31,42,14,15,16,14,17,13,16,17,14,18,13,17,12,13,18],"vertices":[1,22,-52.23,6.91,1,1,22,-29.66,50.88,1,1,22,19.77,70.76,1,1,22,52.93,64.51,1,1,22,93.39,53.24,1,1,22,124.88,45.15,1,2,23,-31.33,35.38,0.3017,22,152.39,45.77,0.6983,2,23,3.5,42.28,0.83969,22,177.59,20.76,0.16031,1,23,50.63,30.24,1,2,24,12.73,32.23,0.37658,23,84.47,28.62,0.62342,1,24,43.6,26.32,1,2,25,14.2,30.67,0.87022,24,74.38,24.47,0.12978,1,25,35.36,20.37,1,2,26,4.72,45,0.69444,25,61.14,44.25,0.30556,1,26,27.44,71.02,1,1,26,82.29,81.05,1,1,26,111.81,47.89,1,1,26,116.82,28.1,1,1,26,70.94,-45.51,1,1,25,40.84,-58.06,1,1,25,16.85,-40.19,1,1,25,-2.68,-29.68,1,1,25,-22.48,-34.85,1,1,25,-36.46,-33.47,1,1,25,-59.31,-37.49,1,1,25,-74.25,-48.38,1,1,25,-75.01,-40.48,1,2,25,-71.76,-24.69,0.7532,24,94.31,-75.81,0.2468,2,25,-46.83,-6.77,0.75206,24,86.79,-46.04,0.24794,1,25,-34.83,-8.59,1,2,25,-31.76,4.06,0.68922,24,82.25,-28.04,0.31078,2,25,-37.67,28.52,0.15114,24,57.33,-24.57,0.84886,1,24,29.15,-23.55,1,1,24,13.12,-36.6,1,2,24,-19.5,-37.78,0.71174,23,124.32,-37.35,0.28826,2,24,-32.91,-0.39,0.06946,23,85.85,-27.46,0.93054,2,23,48.7,-46.45,0.84441,22,129.36,-66.36,0.15559,2,23,16.22,-50.37,0.29529,22,107.94,-41.63,0.70471,1,22,84.34,-61.25,1,1,22,31.04,-73.27,1,1,22,-44.81,-48.91,1,1,22,-55.9,-8.35,1,2,25,-6.86,10.96,0.76741,24,84.98,-2.36,0.23259,2,24,2.18,5.3,0.43705,23,100.84,4.77,0.56295,1,22,122.63,7.31,1],"hull":42,"edges":[0,82,0,2,2,4,18,20,28,30,30,32,32,34,34,36,36,38,60,62,74,76,76,78,78,80,80,82,20,22,22,24,24,26,26,28,18,16,16,14,14,12,12,10,10,8,4,6,8,6,72,74,72,70,70,68,68,66,66,64,64,62,60,58,54,56,58,56,52,54,50,52,50,48,48,46,42,44,46,44,42,40,40,38],"width":253,"height":430}},"shadiow":{"shadiow":{"x":-3.29,"y":-3.87,"scaleX":2.8145,"scaleY":2.8145,"width":199,"height":72}},"torso":{"torso":{"type":"mesh","uvs":[0.64226,0,0.72091,0.04737,0.78507,0.17533,0.82981,0.31025,0.85891,0.61442,0.87695,0.59771,0.91964,0.52301,0.98164,0.55161,0.99793,0.64073,0.9982,0.73897,0.96536,0.78259,0.92312,0.83868,0.88378,0.87061,0.83382,0.91114,0.79058,0.94254,0.73643,0.98186,0.6835,0.9819,0.62244,0.98195,0.56997,0.96813,0.50537,0.93016,0.45435,0.90017,0.41307,0.89211,0.37077,0.89287,0.33068,0.89358,0.29212,0.89427,0.25116,0.895,0.21039,0.88514,0.1757,0.87674,0.13217,0.85795,0.09474,0.84099,0.06735,0.82109,0.03404,0.79689,0.00203,0.77364,0,0.74082,0.03015,0.70998,0.05198,0.71073,0.06863,0.70864,0.0946,0.70563,0.11406,0.69709,0.13997,0.69629,0.15921,0.68449,0.18127,0.68257,0.19915,0.68102,0.22221,0.68469,0.24486,0.67549,0.26331,0.66414,0.28149,0.65296,0.3051,0.64374,0.33104,0.6336,0.3508,0.62325,0.36872,0.61387,0.39728,0.57883,0.41191,0.54264,0.42999,0.49793,0.44123,0.44617,0.45368,0.38882,0.46473,0.27564,0.51071,0.15756,0.56999,0.01476,0.50626,0.4416,0.48755,0.49798,0.49446,0.70589,0.53535,0.66706,0.6069,0.59265,0.67938,0.56515,0.73235,0.58779,0.79647,0.60882,0.41083,0.74472,0.36995,0.75604,0.32255,0.76736],"triangles":[8,6,7,6,8,5,12,4,11,4,5,11,11,5,10,10,5,8,10,8,9,12,66,4,12,13,66,3,4,66,16,65,15,15,65,14,14,66,13,14,65,66,65,3,66,65,64,3,64,2,3,16,17,63,65,16,64,64,16,63,62,63,17,19,62,18,17,18,62,20,61,19,19,61,62,61,51,52,52,60,61,52,53,60,50,51,67,61,67,51,61,60,62,62,60,63,60,59,63,63,59,64,59,57,64,57,2,64,57,58,0,2,57,1,1,57,0,53,54,60,60,54,59,54,55,59,55,56,59,59,56,57,61,20,67,68,67,21,20,21,67,69,44,45,24,69,23,23,69,22,69,68,22,22,68,21,45,46,69,46,47,69,69,48,68,69,47,48,48,49,68,49,50,68,68,50,67,26,43,25,43,44,25,24,25,69,69,25,44,43,26,42,42,26,27,27,41,42,40,41,28,28,39,40,27,28,41,28,38,39,29,38,28,29,30,37,30,36,37,29,37,38,31,35,30,30,35,36,32,34,31,31,34,35,32,33,34],"vertices":[4,10,-78.7,-435.81,0.50419,9,32.76,-439.26,0.09781,3,-28.5,439.25,0.26113,4,-37.4,451.29,0.13687,4,10,-152.05,-403.9,0.46413,9,-42.12,-411.15,0.09793,3,44.6,406.79,0.28202,4,29.46,407.4,0.15592,4,10,-208.06,-328.71,0.39507,9,-101.91,-338.94,0.09714,3,100.04,331.18,0.31551,4,71.91,323.8,0.19228,4,10,-245.18,-251.14,0.30804,3,136.57,253.32,0.35252,4,95.32,241.06,0.24838,5,129.19,204.62,0.09107,4,3,150.2,83.66,0.12667,4,81.25,71.43,0.33356,5,39.08,60.22,0.48683,6,-27.29,66.57,0.05293,3,4,100.32,76.12,0.13774,5,58.18,55.67,0.57557,6,-9.39,58.5,0.28669,2,5,116.22,59.44,0.05806,6,48.32,51.24,0.94194,1,6,72.26,-5.56,1,2,5,129.64,-39.07,0.14282,6,42.91,-48.03,0.85718,2,5,93.96,-79.9,0.55554,6,0.15,-81.39,0.44446,2,5,54.36,-77.07,0.80271,6,-38.2,-71.13,0.19729,2,4,110.71,-63.72,0.26166,5,3.44,-73.43,0.73834,2,4,69.73,-71.53,0.69603,5,-36.57,-61.63,0.30397,2,3,112.29,-77.5,0.32854,4,17.71,-81.45,0.67146,3,9,-96.17,84.56,0.10523,3,69.41,-91.24,0.6349,4,-26.83,-88.06,0.25987,2,9,-43.58,104.9,0.40336,3,15.72,-108.46,0.59664,2,9,7.27,103.6,0.71934,3,-34.97,-104.17,0.28066,2,10,-17.86,103.14,0.27475,9,65.93,102.09,0.72525,3,11,-83.47,89.23,0.05658,10,31.83,91.64,0.60693,9,116.13,93.15,0.33648,2,11,-23.06,63.86,0.42931,10,92.11,65.95,0.57069,1,11,24.66,43.82,1,2,12,-13.4,35.83,0.19945,11,63.9,36.52,0.80055,2,12,27.25,35.59,0.93901,11,104.48,34.01,0.06099,1,12,65.78,35.37,1,2,13,4.44,35.4,0.62315,12,102.83,35.16,0.37685,1,13,43.77,37,1,2,14,1.64,33.33,0.58284,13,83.1,32.74,0.41716,1,14,35.28,34.58,1,2,15,-11.53,31.31,0.23288,14,78.28,31.65,0.76712,2,15,25.6,29.52,0.9446,14,115.33,28.7,0.0554,1,15,53.61,24.17,1,2,16,3.7,17.88,0.58393,15,87.68,17.66,0.41607,1,16,36.73,13.37,1,1,16,43.26,-3.64,1,2,16,19.63,-27.53,0.82256,15,101.17,-28.53,0.17744,2,16,-0.75,-32.51,0.3611,15,80.56,-32.43,0.6389,2,16,-15.92,-37.73,0.10013,15,65.14,-36.84,0.89987,2,15,41.05,-43.58,0.90304,14,128.48,-44.85,0.09696,2,15,23.71,-52.03,0.71425,14,110.89,-52.75,0.28575,2,15,-0.56,-57.57,0.35912,14,86.45,-57.52,0.64088,2,15,-17.33,-67.74,0.15258,14,69.38,-67.16,0.84742,2,14,48.69,-71.9,0.86902,13,114.46,-78.17,0.13098,2,14,31.92,-75.74,0.76516,13,97.31,-79.55,0.23484,2,14,9.74,-77.6,0.56335,13,75.09,-78.19,0.43665,3,14,-10.81,-86.4,0.299,13,53.49,-83.93,0.54566,12,146.31,-86.32,0.15534,3,14,-27.17,-95.65,0.16772,13,35.96,-90.73,0.55192,12,128.49,-92.3,0.28036,3,14,-43.3,-104.78,0.09111,13,18.69,-97.43,0.49268,12,110.92,-98.19,0.41621,3,13,-3.83,-103.21,0.36214,12,88.16,-102.92,0.56385,10,271.78,-106.55,0.07401,3,13,-28.58,-109.55,0.20954,12,63.14,-108.11,0.63758,10,246.5,-110.2,0.15288,4,13,-47.4,-115.84,0.12362,12,44.06,-113.52,0.61922,10,227.12,-114.43,0.25528,4,-393.32,186.47,0.00188,4,13,-64.45,-121.53,0.05853,12,26.76,-118.42,0.47591,11,95.35,-119.73,0.11996,10,209.55,-118.26,0.3456,4,12,-1,-137.33,0.27537,11,66.59,-137.05,0.11364,10,180.69,-135.43,0.58344,3,-290.16,140.85,0.02755,4,12,-15.37,-157.07,0.16997,11,51.13,-155.96,0.07664,10,165.13,-154.26,0.7068,3,-274.46,159.56,0.04658,3,12,-33.14,-181.47,0.096,10,145.9,-177.52,0.82353,3,-255.06,182.68,0.08046,3,10,132.93,-205.17,0.81196,9,232.3,-198.1,0.07557,3,-241.88,210.23,0.11247,4,10,118.56,-235.82,0.72168,9,219.52,-229.44,0.08635,3,-227.27,240.77,0.13634,4,-265.74,287.67,0.05563,4,10,103.14,-297.28,0.65061,9,207.26,-291.61,0.09653,3,-211.38,302.11,0.17584,4,-240.11,345.63,0.07702,4,10,54.05,-358.85,0.58298,9,161.4,-355.62,0.09989,3,-161.84,363.31,0.2152,4,-181.29,397.98,0.10193,4,10,-8.83,-433.05,0.53037,9,102.4,-432.93,0.09812,3,-98.39,437.02,0.24663,4,-106.73,460.43,0.12488,4,10,70.42,-202.87,0.71557,9,169.76,-198.99,0.09825,3,-179.39,207.45,0.13358,4,-223.89,247.04,0.05259,3,10,90.76,-173.23,0.81122,9,188.55,-168.35,0.08336,3,-199.95,177.97,0.10541,1,10,92.99,-58.29,1,3,10,52.17,-76.62,0.8991,9,145.06,-73.85,0.08929,4,-227.32,119.52,0.01162,3,10,-19.56,-112.27,0.51305,9,75.25,-113.12,0.31836,3,-90.09,116.17,0.16859,4,10,-90.18,-122.02,0.26385,9,5.23,-126.48,0.27387,3,-19.4,125.39,0.35567,4,-79.33,140.11,0.10661,4,10,-139.96,-105.63,0.14807,9,-45.33,-112.65,0.16138,3,30.26,108.62,0.49771,4,-33.05,115.51,0.19284,4,10,-200.5,-89.29,0.07556,3,90.67,91.82,0.37619,4,23.84,89.14,0.39553,5,-3.88,102.24,0.15272,3,12,-12.55,-45.56,0.30202,11,60.19,-44.78,0.46237,10,174.78,-43.13,0.23561,3,12,26.84,-39.94,0.78561,11,99.83,-41.38,0.12528,10,214.44,-39.93,0.08911,2,13,-22.67,-35.5,0.16391,12,72.47,-34.42,0.83609],"hull":59,"edges":[4,6,6,8,8,10,10,12,12,14,14,16,16,18,34,36,40,42,66,68,106,120,120,118,118,110,68,70,70,72,72,74,74,76,76,78,78,80,80,82,82,84,84,86,88,90,90,92,92,94,94,96,100,98,98,96,100,102,102,104,104,106,106,108,108,110,110,112,112,114,114,116,0,2,116,0,2,4,86,88,64,66,62,64,60,62,58,60,58,56,56,54,50,52,52,54,48,50,46,48,42,44,44,46,36,38,38,40,30,32,32,34,26,28,28,30,22,24,24,26,18,20,20,22],"width":961,"height":552}}}}],"events":{"finished_attacking":{}},"animations":{"attack":{"slots":{"eye":{"attachment":[{"time":0.7333,"name":"eye copy"},{"time":0.8333,"name":"eye"}]}},"bones":{"hand_left3":{"rotate":[{"angle":-1.16,"curve":0.375,"c2":0.62,"c3":0.716},{"time":0.1,"angle":-2.23,"curve":0.243,"c3":0.68,"c4":0.71},{"time":0.5,"angle":16.12,"curve":0.375,"c2":0.62,"c3":0.716},{"time":0.6,"angle":-2.21,"curve":0.243,"c3":0.68,"c4":0.71},{"time":1,"angle":-1.16}]},"hand_right2":{"rotate":[{"angle":-1.16,"curve":0.375,"c2":0.62,"c3":0.716},{"time":0.1,"angle":-2.23,"curve":0.243,"c3":0.68,"c4":0.71},{"time":0.5,"angle":16.12,"curve":0.375,"c2":0.62,"c3":0.716},{"time":0.6,"angle":-2.21,"curve":0.243,"c3":0.68,"c4":0.71},{"time":1,"angle":-1.16}]},"torso":{"translate":[{"curve":0.25,"c3":0.75},{"time":0.5,"x":-140.28,"y":-27.05,"curve":0.284,"c3":0.625,"c4":0.38},{"time":0.6,"x":59.95,"y":-30.79,"curve":"stepped"},{"time":0.7333,"x":59.95,"y":-30.79,"curve":0.32,"c2":0.29,"c3":0.757},{"time":1}]},"hand_right3":{"rotate":[{"angle":-1.16,"curve":0.375,"c2":0.62,"c3":0.716},{"time":0.1,"angle":-2.23,"curve":0.243,"c3":0.68,"c4":0.71},{"time":0.5,"angle":16.12,"curve":0.375,"c2":0.62,"c3":0.716},{"time":0.6,"angle":-2.21,"curve":0.243,"c3":0.68,"c4":0.71},{"time":1,"angle":-1.16}]},"torso3":{"rotate":[{"angle":-0.29,"curve":0.349,"c2":0.39,"c3":0.689,"c4":0.74},{"time":0.1,"angle":-0.92,"curve":0.375,"c2":0.62,"c3":0.716},{"time":0.2,"angle":-1.27,"curve":0.26,"c3":0.618,"c4":0.44},{"time":0.5,"angle":14.69,"curve":0.329,"c2":0.32,"c3":0.664,"c4":0.66},{"time":0.6,"angle":-1.03,"curve":0.375,"c2":0.5,"c3":0.75},{"time":1,"angle":-0.29}]},"torso2":{"rotate":[{"angle":-0.92,"curve":0.375,"c2":0.62,"c3":0.716},{"time":0.1,"angle":-1.27,"curve":0.254,"c3":0.621,"c4":0.47},{"time":0.5,"angle":14.51,"curve":0.332,"c2":0.33,"c3":0.668,"c4":0.67},{"time":0.6,"angle":-1.48,"curve":0.379,"c2":0.53,"c3":0.746},{"time":1,"angle":-0.92}]},"torso4":{"rotate":[{"angle":0.18,"curve":0.334,"c2":0.34,"c3":0.67,"c4":0.68},{"time":0.0667,"angle":-0.29,"curve":0.349,"c2":0.39,"c3":0.689,"c4":0.74},{"time":0.1667,"angle":-0.92,"curve":0.375,"c2":0.62,"c3":0.716},{"time":0.2667,"angle":-1.27,"curve":0.267,"c3":0.618,"c4":0.42},{"time":0.5,"angle":-14.87,"curve":0.325,"c2":0.31,"c3":0.661,"c4":0.65},{"time":0.6,"angle":-23.35,"curve":0.37,"c2":0.48,"c3":0.753},{"time":1,"angle":0.18}]},"torso5":{"rotate":[{"angle":0.87,"curve":0.318,"c2":0.28,"c3":0.658,"c4":0.64},{"time":0.1,"angle":0.18,"curve":0.334,"c2":0.34,"c3":0.67,"c4":0.68},{"time":0.1667,"angle":-0.29,"curve":0.349,"c2":0.39,"c3":0.689,"c4":0.74},{"time":0.2667,"angle":-0.92,"curve":0.375,"c2":0.62,"c3":0.716},{"time":0.3667,"angle":-1.27,"curve":0.273,"c3":0.62,"c4":0.41},{"time":0.5,"angle":-14.71,"curve":0.318,"c2":0.28,"c3":0.658,"c4":0.64},{"time":0.6,"angle":7.55,"curve":0.372,"c2":0.48,"c3":0.752},{"time":0.8667,"angle":1.41,"curve":0.273,"c3":0.62,"c4":0.41},{"time":1,"angle":0.87}],"translate":[{"curve":0.25,"c3":0.75},{"time":0.5,"x":-32.92,"y":32.3,"curve":0.25,"c3":0.75},{"time":0.6,"x":12.36,"y":2.25,"curve":0.25,"c3":0.75},{"time":1}]},"torso8":{"rotate":[{"angle":-1.92,"curve":0.349,"c2":0.39,"c3":0.689,"c4":0.74},{"time":0.1,"angle":1.4,"curve":0.375,"c2":0.62,"c3":0.716},{"time":0.2,"angle":3.25,"curve":0.258,"c3":0.619,"c4":0.45},{"time":0.4,"angle":13.5,"curve":0.363,"c2":0.44,"c3":0.755},{"time":0.7,"angle":-28.06,"curve":0.245,"c3":0.637,"c4":0.56},{"time":1,"angle":-1.92}]},"head":{"rotate":[{"angle":1.36,"curve":0.295,"c2":0.15,"c3":0.635,"c4":0.52},{"time":0.1,"angle":0.87,"curve":0.318,"c2":0.28,"c3":0.658,"c4":0.64},{"time":0.2,"angle":0.18,"curve":0.334,"c2":0.34,"c3":0.67,"c4":0.68},{"time":0.2667,"angle":-0.29,"curve":0.349,"c2":0.39,"c3":0.689,"c4":0.74},{"time":0.3667,"angle":-0.92,"curve":0.375,"c2":0.62,"c3":0.716},{"time":0.5,"angle":-13.77,"curve":0.273,"c3":0.62,"c4":0.41},{"time":0.6,"angle":9.46,"curve":0.337,"c2":0.35,"c3":0.758},{"time":0.9667,"angle":1.41,"curve":0.313,"c3":0.648,"c4":0.35},{"time":1,"angle":1.36}]},"torso9":{"rotate":[{"angle":0.8,"curve":0.334,"c2":0.34,"c3":0.67,"c4":0.68},{"time":0.0667,"angle":5.33,"curve":0.349,"c2":0.39,"c3":0.689,"c4":0.74},{"time":0.1667,"angle":11.32,"curve":0.375,"c2":0.62,"c3":0.716},{"time":0.2667,"angle":14.65,"curve":0.252,"c3":0.622,"c4":0.48},{"time":0.5,"angle":8.55,"curve":0.372,"c2":0.48,"c3":0.752},{"time":0.7667,"angle":-29.36,"curve":0.252,"c3":0.622,"c4":0.48},{"time":1,"angle":0.8}]},"torso10":{"rotate":[{"angle":-10.7,"curve":0.318,"c2":0.28,"c3":0.658,"c4":0.64},{"time":0.1,"angle":-2.55,"curve":0.334,"c2":0.34,"c3":0.67,"c4":0.68},{"time":0.1667,"angle":3.07,"curve":0.349,"c2":0.39,"c3":0.689,"c4":0.74},{"time":0.2667,"angle":10.51,"curve":0.375,"c2":0.62,"c3":0.716},{"time":0.3667,"angle":14.65,"curve":0.252,"c3":0.622,"c4":0.48},{"time":0.6,"angle":18.07,"curve":0.372,"c2":0.48,"c3":0.752},{"time":0.8667,"angle":-34.4,"curve":0.273,"c3":0.62,"c4":0.41},{"time":1,"angle":-10.7}]},"torso7":{"rotate":[{"angle":1.4,"curve":0.375,"c2":0.62,"c3":0.716},{"time":0.1,"angle":3.25,"curve":0.25,"c3":0.75},{"time":0.6,"angle":-10.96,"curve":0.243,"c3":0.68,"c4":0.71},{"time":1,"angle":1.4}]},"torso11":{"rotate":[{"angle":-16.31,"curve":0.295,"c2":0.15,"c3":0.635,"c4":0.52},{"time":0.1,"angle":-8.23,"curve":0.318,"c2":0.28,"c3":0.658,"c4":0.64},{"time":0.2,"angle":3.03,"curve":0.334,"c2":0.34,"c3":0.67,"c4":0.68},{"time":0.2667,"angle":10.79,"curve":0.349,"c2":0.39,"c3":0.689,"c4":0.74},{"time":0.3667,"angle":21.07,"curve":0.375,"c2":0.62,"c3":0.716},{"time":0.4667,"angle":26.78,"curve":0.252,"c3":0.622,"c4":0.48},{"time":0.7,"angle":24.49,"curve":0.372,"c2":0.48,"c3":0.752},{"time":0.9667,"angle":-17.16,"curve":0.313,"c3":0.648,"c4":0.35},{"time":1,"angle":-16.31}]},"torso13":{"rotate":[{"angle":-16.16,"curve":0.352,"c2":0.65,"c3":0.687},{"time":0.0333,"angle":-17.16,"curve":0.313,"c3":0.648,"c4":0.35},{"time":0.0667,"angle":-16.31,"curve":0.295,"c2":0.15,"c3":0.635,"c4":0.52},{"time":0.1667,"angle":-8.23,"curve":0.318,"c2":0.28,"c3":0.658,"c4":0.64},{"time":0.2667,"angle":3.03,"curve":0.334,"c2":0.34,"c3":0.67,"c4":0.68},{"time":0.3333,"angle":10.79,"curve":0.349,"c2":0.39,"c3":0.689,"c4":0.74},{"time":0.4333,"angle":21.07,"curve":0.375,"c2":0.62,"c3":0.716},{"time":0.5333,"angle":26.78,"curve":0.246,"c3":0.723,"c4":0.88},{"time":1,"angle":-16.16}]},"hand_left2":{"rotate":[{"angle":-1.16,"curve":0.375,"c2":0.62,"c3":0.716},{"time":0.1,"angle":-2.23,"curve":0.243,"c3":0.68,"c4":0.71},{"time":0.5,"angle":16.12,"curve":0.375,"c2":0.62,"c3":0.716},{"time":0.6,"angle":-2.21,"curve":0.243,"c3":0.68,"c4":0.71},{"time":1,"angle":-1.16}]},"torso12":{"rotate":[{"angle":-16.16,"curve":0.352,"c2":0.65,"c3":0.687},{"time":0.0333,"angle":-17.16,"curve":0.313,"c3":0.648,"c4":0.35},{"time":0.0667,"angle":-16.31,"curve":0.295,"c2":0.15,"c3":0.635,"c4":0.52},{"time":0.1667,"angle":-8.23,"curve":0.318,"c2":0.28,"c3":0.658,"c4":0.64},{"time":0.2667,"angle":3.03,"curve":0.334,"c2":0.34,"c3":0.67,"c4":0.68},{"time":0.3333,"angle":10.79,"curve":0.349,"c2":0.39,"c3":0.689,"c4":0.74},{"time":0.4333,"angle":21.07,"curve":0.375,"c2":0.62,"c3":0.716},{"time":0.5333,"angle":26.78,"curve":0.246,"c3":0.723,"c4":0.88},{"time":1,"angle":-16.16}]},"head3":{"rotate":[{"angle":16.78,"curve":0.243,"c3":0.649,"c4":0.6},{"time":0.3333,"angle":29.63,"curve":0.382,"c2":0.57,"c3":0.735},{"time":0.5,"angle":-19.95,"curve":0.297,"c3":0.634,"c4":0.37},{"time":0.5667,"angle":-17.4,"curve":0.321,"c2":0.28,"c3":0.655,"c4":0.61},{"time":0.6,"angle":31.73,"curve":0.32,"c2":0.29,"c3":0.757},{"time":0.7667,"angle":16.78}]},"hand_left":{"rotate":[{"curve":0.25,"c3":0.75},{"time":0.5,"angle":14.59,"curve":0.25,"c3":0.75},{"time":0.6,"angle":-23.38,"curve":0.25,"c3":0.75},{"time":1}]},"hand_right":{"rotate":[{"curve":0.25,"c3":0.75},{"time":0.5,"angle":14.59,"curve":0.25,"c3":0.75},{"time":0.6,"angle":-23.38,"curve":0.25,"c3":0.75},{"time":1}]},"shadiow":{"translate":[{"curve":0.25,"c3":0.75},{"time":0.5,"x":-24.14,"curve":0.25,"c3":0.75},{"time":0.6333,"x":-0.06,"curve":0.25,"c3":0.75},{"time":1}]},"leg_right4":{"translate":[{"time":0.4667,"curve":0.25,"c3":0.75},{"time":0.5333,"x":-44.95,"y":13.01,"curve":0.25,"c3":0.75},{"time":0.6}]}},"deform":{"default":{"head":{"head":[{"offset":86,"vertices":[6.53839,5.08187,-0.14337,8.27988,0,0,0,0,0,0,0,0,0,0,15.56448,3.10725,9.97461,12.34546,6.85123,14.31702,2.28101,10.39908,-0.18427,10.64542,1.52029,6.93277,-0.12347,7.09747]},{"time":0.3333,"offset":28,"vertices":[-2.97508,-10.85028,-2.87996,-10.87903,10.05127,15.38724,9.91322,15.46732,41.31493,-5.12347,5.63307,1.7406,0,0,0,0,0,0,0,0,0,0,0,0,0,0,0,0,0,0,0,0,0,0,0,0,0,0,0,0,0,0,0,0,0,0,0,0,0,0,0,0,0,0,-0.0004,-0.00009,20.95483,-1.36534,31.98526,5.74445,19.75858,25.79297,2.70636,-4.20316,4.82121,-1.32333,4.83168,-1.28558,8.89517,11.16849,8.79482,11.24161,32.92139,10.06451,17.79987,29.46683,17.53918,29.62094,1.12711,23.02103,0.92392,23.02933,-0.03922,11.67538,-0.14253,11.67361,0.92381,1.04739]},{"time":0.4,"curve":"stepped"},{"time":0.5667},{"time":0.6,"offset":28,"vertices":[-2.97508,-10.85028,-2.87996,-10.87903,10.05127,15.38724,9.91322,15.46732,41.31493,-5.12347,5.63307,1.7406,0,0,0,0,0,0,0,0,0,0,0,0,0,0,0,0,0,0,0,0,0,0,0,0,0,0,0,0,0,0,0,0,0,0,0,0,0,0,0,0,0,0,-0.0004,-0.00009,20.95483,-1.36534,31.98526,5.74445,19.75858,25.79297,2.70636,-4.20316,4.82121,-1.32333,4.83168,-1.28558,8.89517,11.16849,8.79482,11.24161,32.92139,10.06451,17.79987,29.46683,17.53918,29.62094,1.12711,23.02103,0.92392,23.02933,-0.03922,11.67538,-0.14253,11.67361,0.92381,1.04739],"curve":"stepped"},{"time":0.6667,"offset":28,"vertices":[-2.97508,-10.85028,-2.87996,-10.87903,10.05127,15.38724,9.91322,15.46732,41.31493,-5.12347,5.63307,1.7406,0,0,0,0,0,0,0,0,0,0,0,0,0,0,0,0,0,0,0,0,0,0,0,0,0,0,0,0,0,0,0,0,0,0,0,0,0,0,0,0,0,0,-0.0004,-0.00009,20.95483,-1.36534,31.98526,5.74445,19.75858,25.79297,2.70636,-4.20316,4.82121,-1.32333,4.83168,-1.28558,8.89517,11.16849,8.79482,11.24161,32.92139,10.06451,17.79987,29.46683,17.53918,29.62094,1.12711,23.02103,0.92392,23.02933,-0.03922,11.67538,-0.14253,11.67361,0.92381,1.04739]},{"time":0.7},{"time":1,"offset":86,"vertices":[6.53839,5.08187,-0.14337,8.27988,0,0,0,0,0,0,0,0,0,0,15.56448,3.10725,9.97461,12.34546,6.85123,14.31702,2.28101,10.39908,-0.18427,10.64542,1.52029,6.93277,-0.12347,7.09747]}]}}},"events":[{"time":0.6,"name":"finished_attacking"}]},"die":{"slots":{"eye":{"attachment":[{"time":0.3667,"name":"eye copy"}]}},"bones":{"torso13":{"rotate":[{"angle":-16.16,"curve":0.346,"c2":0.5,"c3":0.68,"c4":0.84},{"time":0.2333,"angle":12.19,"curve":0.34,"c2":0.66,"c3":0.673},{"time":0.3333,"angle":-33.2,"curve":0.25,"c4":0.4},{"time":0.8,"angle":18.57}]},"hand_left2":{"rotate":[{"angle":-1.16,"curve":"stepped"},{"time":0.3333,"angle":-1.16,"curve":0.25,"c3":0.75},{"time":0.5,"angle":-36.59}]},"hand_right2":{"rotate":[{"angle":-1.16,"curve":"stepped"},{"time":0.3333,"angle":-1.16,"curve":0.25,"c3":0.75},{"time":0.5,"angle":-36.59}]},"hand_left3":{"rotate":[{"angle":-1.16}]},"torso":{"translate":[{"curve":0.25,"c4":0.35},{"time":0.3333,"x":181.37,"y":-291.54,"curve":0,"c2":0.39,"c3":0.75},{"time":0.4333,"x":181.37,"y":-267.81,"curve":0.25,"c4":0.66},{"time":0.5333,"x":181.37,"y":-291.54,"curve":"stepped"},{"time":1.3333,"x":181.37,"y":-291.54}]},"hand_right3":{"rotate":[{"angle":-1.16}]},"torso2":{"rotate":[{"angle":-0.92,"curve":0.375,"c2":0.62,"c3":0.716},{"time":0.1667,"angle":7.27,"curve":0.25,"c3":0.75},{"time":0.3333,"angle":11.45,"curve":0.25,"c3":0.75},{"time":0.4,"angle":-7.37}]},"torso3":{"rotate":[{"angle":-0.29,"curve":0.349,"c2":0.39,"c3":0.689,"c4":0.74},{"time":0.1667,"angle":7.9,"curve":0.25,"c3":0.75},{"time":0.3333,"angle":12.08,"curve":0.25,"c3":0.75},{"time":0.4,"angle":-6.74}]},"head":{"rotate":[{"angle":1.36,"curve":0.295,"c2":0.15,"c3":0.635,"c4":0.52},{"time":0.1667,"angle":9.55,"curve":0.25,"c3":0.75},{"time":0.3333,"angle":13.73,"curve":0.25,"c3":0.75},{"time":0.4,"angle":-5.09}]},"torso4":{"rotate":[{"angle":0.18,"curve":0.334,"c2":0.34,"c3":0.67,"c4":0.68},{"time":0.1667,"angle":8.37,"curve":0.25,"c3":0.75},{"time":0.3333,"angle":12.55,"curve":0.25,"c3":0.75},{"time":0.4,"angle":-6.27}]},"torso7":{"rotate":[{"angle":1.4,"curve":0.36,"c2":0.48,"c3":0.697,"c4":0.83},{"time":0.2333,"angle":-10.29,"curve":0.351,"c2":0.65,"c3":0.685},{"time":0.3333,"angle":-15.64,"curve":0.25,"c4":0.4},{"time":0.7,"angle":1.4}]},"torso8":{"rotate":[{"angle":-1.92,"curve":0.343,"c2":0.36,"c3":0.679,"c4":0.71},{"time":0.2333,"angle":-11.12,"curve":0.341,"c2":0.36,"c3":0.675,"c4":0.7},{"time":0.3333,"angle":-18.97,"curve":0.25,"c4":0.4},{"time":0.7,"angle":-1.92}]},"torso5":{"rotate":[{"angle":0.87,"curve":0.318,"c2":0.28,"c3":0.658,"c4":0.64},{"time":0.1667,"angle":9.06,"curve":0.25,"c3":0.75},{"time":0.3333,"angle":13.24,"curve":0.25,"c3":0.75},{"time":0.4,"angle":-5.58}]},"torso9":{"rotate":[{"angle":0.8,"curve":0.333,"c2":0.33,"c3":0.668,"c4":0.67},{"time":0.2333,"angle":-7.92,"curve":0.335,"c2":0.34,"c3":0.668,"c4":0.67},{"time":0.3333,"angle":-16.24,"curve":0.25,"c4":0.4},{"time":0.7,"angle":0.8}]},"torso11":{"rotate":[{"angle":-16.31,"curve":0.304,"c2":0.18,"c3":0.641,"c4":0.53},{"time":0.2333,"angle":16.67,"curve":0.325,"c2":0.3,"c3":0.659,"c4":0.64},{"time":0.3333,"angle":-33.36,"curve":0.25,"c4":0.4},{"time":0.8,"angle":18.41}]},"torso12":{"rotate":[{"angle":-16.16,"curve":0.346,"c2":0.5,"c3":0.68,"c4":0.84},{"time":0.2333,"angle":12.19,"curve":0.34,"c2":0.66,"c3":0.673},{"time":0.3333,"angle":-33.2,"curve":0.25,"c4":0.4},{"time":0.8,"angle":18.57}]},"torso10":{"rotate":[{"angle":-10.7,"curve":0.321,"c2":0.29,"c3":0.658,"c4":0.64},{"time":0.2333,"angle":21.27,"curve":0.331,"c2":0.33,"c3":0.665,"c4":0.66},{"time":0.3333,"angle":-27.75,"curve":0.25,"c4":0.4},{"time":0.7,"angle":-10.7}]},"head3":{"rotate":[{"angle":16.78,"curve":0.243,"c3":0.649,"c4":0.6},{"time":0.3333,"angle":-7.92,"curve":0.347,"c2":0.38,"c3":0.683,"c4":0.73},{"time":0.4,"angle":39.5,"curve":0.375,"c2":0.62,"c3":0.716},{"time":0.6,"angle":-17.91}]},"leg_right4":{"rotate":[{"time":0.2667,"curve":0.25,"c3":0.75},{"time":0.3333,"angle":-146.57}],"translate":[{"time":0.2667,"curve":0.25,"c3":0.75},{"time":0.3333,"x":-121.46,"y":-52.06}]},"leg_left4":{"rotate":[{"time":0.2667,"curve":0.25,"c3":0.75},{"time":0.3333,"angle":148.33}],"translate":[{"time":0.2667,"curve":0.25,"c3":0.75},{"time":0.3333,"x":-87.14,"y":-3.81}]},"leg_left":{"rotate":[{"curve":0.245,"c3":0.711,"c4":0.83},{"time":0.3,"angle":-25.07,"curve":0.36,"c2":0.64,"c3":0.695},{"time":0.3333,"angle":-83.87}]},"leg_right":{"rotate":[{"curve":0.245,"c3":0.711,"c4":0.83},{"time":0.3,"angle":-25.07,"curve":0.36,"c2":0.64,"c3":0.695},{"time":0.3333,"angle":-83.87}]},"hand_right":{"rotate":[{"curve":0.25,"c3":0.75},{"time":0.3333,"angle":57.38}]},"hand_left":{"rotate":[{"curve":0.25,"c3":0.75},{"time":0.3333,"angle":57.38}]},"shadiow":{"translate":[{"curve":0.25,"c3":0.625,"c4":0.5},{"time":0.1667,"x":87.88,"curve":0.347,"c2":0.38,"c3":0.694,"c4":0.76},{"time":0.2667,"x":156.87,"curve":0.375,"c2":0.62,"c3":0.716},{"time":0.3333,"x":202.1}],"scale":[{"curve":0.25,"c3":0.75},{"time":0.3333,"x":1.372,"curve":0.25,"c3":0.75},{"time":0.4333,"x":2.28}]}}},"idle":{"slots":{"eye":{"attachment":[{"time":0.7667,"name":"eye copy"},{"time":0.9333,"name":"eye"}]}},"bones":{"torso":{"translate":[{"curve":0.25,"c3":0.75},{"time":0.5,"y":-49.59,"curve":0.25,"c3":0.75},{"time":1,"curve":0.25,"c3":0.75},{"time":1.5,"y":-49.59,"curve":0.25,"c3":0.75},{"time":2}]},"torso2":{"rotate":[{"angle":-0.92,"curve":0.375,"c2":0.62,"c3":0.716},{"time":0.1,"angle":-1.27,"curve":0.25,"c3":0.75},{"time":0.6,"angle":1.41,"curve":0.243,"c3":0.68,"c4":0.71},{"time":1,"angle":-0.92,"curve":0.375,"c2":0.62,"c3":0.716},{"time":1.1,"angle":-1.27,"curve":0.25,"c3":0.75},{"time":1.6,"angle":1.41,"curve":0.243,"c3":0.68,"c4":0.71},{"time":2,"angle":-0.92}]},"torso3":{"rotate":[{"angle":-0.29,"curve":0.349,"c2":0.39,"c3":0.689,"c4":0.74},{"time":0.1,"angle":-0.92,"curve":0.375,"c2":0.62,"c3":0.716},{"time":0.2,"angle":-1.27,"curve":0.25,"c3":0.75},{"time":0.7,"angle":1.41,"curve":0.245,"c3":0.637,"c4":0.56},{"time":1,"angle":-0.29,"curve":0.349,"c2":0.39,"c3":0.689,"c4":0.74},{"time":1.1,"angle":-0.92,"curve":0.375,"c2":0.62,"c3":0.716},{"time":1.2,"angle":-1.27,"curve":0.25,"c3":0.75},{"time":1.7,"angle":1.41,"curve":0.245,"c3":0.637,"c4":0.56},{"time":2,"angle":-0.29}]},"torso4":{"rotate":[{"angle":0.18,"curve":0.334,"c2":0.34,"c3":0.67,"c4":0.68},{"time":0.0667,"angle":-0.29,"curve":0.349,"c2":0.39,"c3":0.689,"c4":0.74},{"time":0.1667,"angle":-0.92,"curve":0.375,"c2":0.62,"c3":0.716},{"time":0.2667,"angle":-1.27,"curve":0.25,"c3":0.75},{"time":0.7667,"angle":1.41,"curve":0.252,"c3":0.622,"c4":0.48},{"time":1,"angle":0.18,"curve":0.334,"c2":0.34,"c3":0.67,"c4":0.68},{"time":1.0667,"angle":-0.29,"curve":0.349,"c2":0.39,"c3":0.689,"c4":0.74},{"time":1.1667,"angle":-0.92,"curve":0.375,"c2":0.62,"c3":0.716},{"time":1.2667,"angle":-1.27,"curve":0.25,"c3":0.75},{"time":1.7667,"angle":1.41,"curve":0.252,"c3":0.622,"c4":0.48},{"time":2,"angle":0.18}]},"torso5":{"rotate":[{"angle":0.87,"curve":0.318,"c2":0.28,"c3":0.658,"c4":0.64},{"time":0.1,"angle":0.18,"curve":0.334,"c2":0.34,"c3":0.67,"c4":0.68},{"time":0.1667,"angle":-0.29,"curve":0.349,"c2":0.39,"c3":0.689,"c4":0.74},{"time":0.2667,"angle":-0.92,"curve":0.375,"c2":0.62,"c3":0.716},{"time":0.3667,"angle":-1.27,"curve":0.25,"c3":0.75},{"time":0.8667,"angle":1.41,"curve":0.273,"c3":0.62,"c4":0.41},{"time":1,"angle":0.87,"curve":0.318,"c2":0.28,"c3":0.658,"c4":0.64},{"time":1.1,"angle":0.18,"curve":0.334,"c2":0.34,"c3":0.67,"c4":0.68},{"time":1.1667,"angle":-0.29,"curve":0.349,"c2":0.39,"c3":0.689,"c4":0.74},{"time":1.2667,"angle":-0.92,"curve":0.375,"c2":0.62,"c3":0.716},{"time":1.3667,"angle":-1.27,"curve":0.25,"c3":0.75},{"time":1.8667,"angle":1.41,"curve":0.273,"c3":0.62,"c4":0.41},{"time":2,"angle":0.87}]},"head":{"rotate":[{"angle":1.36,"curve":0.295,"c2":0.15,"c3":0.635,"c4":0.52},{"time":0.1,"angle":0.87,"curve":0.318,"c2":0.28,"c3":0.658,"c4":0.64},{"time":0.2,"angle":0.18,"curve":0.334,"c2":0.34,"c3":0.67,"c4":0.68},{"time":0.2667,"angle":-0.29,"curve":0.349,"c2":0.39,"c3":0.689,"c4":0.74},{"time":0.3667,"angle":-0.92,"curve":0.375,"c2":0.62,"c3":0.716},{"time":0.4667,"angle":-1.27,"curve":0.25,"c3":0.75},{"time":0.9667,"angle":1.41,"curve":0.313,"c3":0.648,"c4":0.35},{"time":1,"angle":1.36,"curve":0.295,"c2":0.15,"c3":0.635,"c4":0.52},{"time":1.1,"angle":0.87,"curve":0.318,"c2":0.28,"c3":0.658,"c4":0.64},{"time":1.2,"angle":0.18,"curve":0.334,"c2":0.34,"c3":0.67,"c4":0.68},{"time":1.2667,"angle":-0.29,"curve":0.349,"c2":0.39,"c3":0.689,"c4":0.74},{"time":1.3667,"angle":-0.92,"curve":0.375,"c2":0.62,"c3":0.716},{"time":1.4667,"angle":-1.27,"curve":0.25,"c3":0.75},{"time":1.9667,"angle":1.41,"curve":0.313,"c3":0.648,"c4":0.35},{"time":2,"angle":1.36}]},"torso7":{"rotate":[{"angle":1.4,"curve":0.375,"c2":0.62,"c3":0.716},{"time":0.1,"angle":3.25,"curve":0.25,"c3":0.75},{"time":0.6,"angle":-10.96,"curve":0.243,"c3":0.68,"c4":0.71},{"time":1,"angle":1.4,"curve":0.375,"c2":0.62,"c3":0.716},{"time":1.1,"angle":3.25,"curve":0.25,"c3":0.75},{"time":1.6,"angle":-10.96,"curve":0.243,"c3":0.68,"c4":0.71},{"time":2,"angle":1.4}]},"torso8":{"rotate":[{"angle":-1.92,"curve":0.349,"c2":0.39,"c3":0.689,"c4":0.74},{"time":0.1,"angle":1.4,"curve":0.375,"c2":0.62,"c3":0.716},{"time":0.2,"angle":3.25,"curve":0.25,"c3":0.75},{"time":0.7,"angle":-10.96,"curve":0.245,"c3":0.637,"c4":0.56},{"time":1,"angle":-1.92,"curve":0.349,"c2":0.39,"c3":0.689,"c4":0.74},{"time":1.1,"angle":1.4,"curve":0.375,"c2":0.62,"c3":0.716},{"time":1.2,"angle":3.25,"curve":0.25,"c3":0.75},{"time":1.7,"angle":-10.96,"curve":0.245,"c3":0.637,"c4":0.56},{"time":2,"angle":-1.92}]},"torso9":{"rotate":[{"angle":0.8,"curve":0.334,"c2":0.34,"c3":0.67,"c4":0.68},{"time":0.0667,"angle":5.33,"curve":0.349,"c2":0.39,"c3":0.689,"c4":0.74},{"time":0.1667,"angle":11.32,"curve":0.375,"c2":0.62,"c3":0.716},{"time":0.2667,"angle":14.65,"curve":0.25,"c3":0.75},{"time":0.7667,"angle":-10.96,"curve":0.252,"c3":0.622,"c4":0.48},{"time":1,"angle":0.8,"curve":0.334,"c2":0.34,"c3":0.67,"c4":0.68},{"time":1.0667,"angle":5.33,"curve":0.349,"c2":0.39,"c3":0.689,"c4":0.74},{"time":1.1667,"angle":11.32,"curve":0.375,"c2":0.62,"c3":0.716},{"time":1.2667,"angle":14.65,"curve":0.25,"c3":0.75},{"time":1.7667,"angle":-10.96,"curve":0.252,"c3":0.622,"c4":0.48},{"time":2,"angle":0.8}]},"torso10":{"rotate":[{"angle":-10.7,"curve":0.318,"c2":0.28,"c3":0.658,"c4":0.64},{"time":0.1,"angle":-2.55,"curve":0.334,"c2":0.34,"c3":0.67,"c4":0.68},{"time":0.1667,"angle":3.07,"curve":0.349,"c2":0.39,"c3":0.689,"c4":0.74},{"time":0.2667,"angle":10.51,"curve":0.375,"c2":0.62,"c3":0.716},{"time":0.3667,"angle":14.65,"curve":0.25,"c3":0.75},{"time":0.8667,"angle":-17.16,"curve":0.273,"c3":0.62,"c4":0.41},{"time":1,"angle":-10.7,"curve":0.318,"c2":0.28,"c3":0.658,"c4":0.64},{"time":1.1,"angle":-2.55,"curve":0.334,"c2":0.34,"c3":0.67,"c4":0.68},{"time":1.1667,"angle":3.07,"curve":0.349,"c2":0.39,"c3":0.689,"c4":0.74},{"time":1.2667,"angle":10.51,"curve":0.375,"c2":0.62,"c3":0.716},{"time":1.3667,"angle":14.65,"curve":0.25,"c3":0.75},{"time":1.8667,"angle":-17.16,"curve":0.273,"c3":0.62,"c4":0.41},{"time":2,"angle":-10.7}]},"torso11":{"rotate":[{"angle":-16.31,"curve":0.295,"c2":0.15,"c3":0.635,"c4":0.52},{"time":0.1,"angle":-8.23,"curve":0.318,"c2":0.28,"c3":0.658,"c4":0.64},{"time":0.2,"angle":3.03,"curve":0.334,"c2":0.34,"c3":0.67,"c4":0.68},{"time":0.2667,"angle":10.79,"curve":0.349,"c2":0.39,"c3":0.689,"c4":0.74},{"time":0.3667,"angle":21.07,"curve":0.375,"c2":0.62,"c3":0.716},{"time":0.4667,"angle":26.78,"curve":0.25,"c3":0.75},{"time":0.9667,"angle":-17.16,"curve":0.313,"c3":0.648,"c4":0.35},{"time":1,"angle":-16.31,"curve":0.295,"c2":0.15,"c3":0.635,"c4":0.52},{"time":1.1,"angle":-8.23,"curve":0.318,"c2":0.28,"c3":0.658,"c4":0.64},{"time":1.2,"angle":3.03,"curve":0.334,"c2":0.34,"c3":0.67,"c4":0.68},{"time":1.2667,"angle":10.79,"curve":0.349,"c2":0.39,"c3":0.689,"c4":0.74},{"time":1.3667,"angle":21.07,"curve":0.375,"c2":0.62,"c3":0.716},{"time":1.4667,"angle":26.78,"curve":0.25,"c3":0.75},{"time":1.9667,"angle":-17.16,"curve":0.313,"c3":0.648,"c4":0.35},{"time":2,"angle":-16.31}]},"torso12":{"rotate":[{"angle":-16.16,"curve":0.352,"c2":0.65,"c3":0.687},{"time":0.0333,"angle":-17.16,"curve":0.313,"c3":0.648,"c4":0.35},{"time":0.0667,"angle":-16.31,"curve":0.295,"c2":0.15,"c3":0.635,"c4":0.52},{"time":0.1667,"angle":-8.23,"curve":0.318,"c2":0.28,"c3":0.658,"c4":0.64},{"time":0.2667,"angle":3.03,"curve":0.334,"c2":0.34,"c3":0.67,"c4":0.68},{"time":0.3333,"angle":10.79,"curve":0.349,"c2":0.39,"c3":0.689,"c4":0.74},{"time":0.4333,"angle":21.07,"curve":0.375,"c2":0.62,"c3":0.716},{"time":0.5333,"angle":26.78,"curve":0.246,"c3":0.723,"c4":0.88},{"time":1,"angle":-16.16,"curve":0.352,"c2":0.65,"c3":0.687},{"time":1.0333,"angle":-17.16,"curve":0.313,"c3":0.648,"c4":0.35},{"time":1.0667,"angle":-16.31,"curve":0.295,"c2":0.15,"c3":0.635,"c4":0.52},{"time":1.1667,"angle":-8.23,"curve":0.318,"c2":0.28,"c3":0.658,"c4":0.64},{"time":1.2667,"angle":3.03,"curve":0.334,"c2":0.34,"c3":0.67,"c4":0.68},{"time":1.3333,"angle":10.79,"curve":0.349,"c2":0.39,"c3":0.689,"c4":0.74},{"time":1.4333,"angle":21.07,"curve":0.375,"c2":0.62,"c3":0.716},{"time":1.5333,"angle":26.78,"curve":0.246,"c3":0.723,"c4":0.88},{"time":2,"angle":-16.16}]},"torso13":{"rotate":[{"angle":-16.16,"curve":0.352,"c2":0.65,"c3":0.687},{"time":0.0333,"angle":-17.16,"curve":0.313,"c3":0.648,"c4":0.35},{"time":0.0667,"angle":-16.31,"curve":0.295,"c2":0.15,"c3":0.635,"c4":0.52},{"time":0.1667,"angle":-8.23,"curve":0.318,"c2":0.28,"c3":0.658,"c4":0.64},{"time":0.2667,"angle":3.03,"curve":0.334,"c2":0.34,"c3":0.67,"c4":0.68},{"time":0.3333,"angle":10.79,"curve":0.349,"c2":0.39,"c3":0.689,"c4":0.74},{"time":0.4333,"angle":21.07,"curve":0.375,"c2":0.62,"c3":0.716},{"time":0.5333,"angle":26.78,"curve":0.246,"c3":0.723,"c4":0.88},{"time":1,"angle":-16.16,"curve":0.352,"c2":0.65,"c3":0.687},{"time":1.0333,"angle":-17.16,"curve":0.313,"c3":0.648,"c4":0.35},{"time":1.0667,"angle":-16.31,"curve":0.295,"c2":0.15,"c3":0.635,"c4":0.52},{"time":1.1667,"angle":-8.23,"curve":0.318,"c2":0.28,"c3":0.658,"c4":0.64},{"time":1.2667,"angle":3.03,"curve":0.334,"c2":0.34,"c3":0.67,"c4":0.68},{"time":1.3333,"angle":10.79,"curve":0.349,"c2":0.39,"c3":0.689,"c4":0.74},{"time":1.4333,"angle":21.07,"curve":0.375,"c2":0.62,"c3":0.716},{"time":1.5333,"angle":26.78,"curve":0.246,"c3":0.723,"c4":0.88},{"time":2,"angle":-16.16}]},"hand_left2":{"rotate":[{"angle":-1.16,"curve":0.375,"c2":0.62,"c3":0.716},{"time":0.1,"angle":-2.23,"curve":0.25,"c3":0.75},{"time":0.6,"angle":6.04,"curve":0.243,"c3":0.68,"c4":0.71},{"time":1,"angle":-1.16,"curve":0.375,"c2":0.62,"c3":0.716},{"time":1.1,"angle":-2.23,"curve":0.25,"c3":0.75},{"time":1.6,"angle":6.04,"curve":0.243,"c3":0.68,"c4":0.71},{"time":2,"angle":-1.16}]},"hand_left3":{"rotate":[{"angle":-1.16,"curve":0.375,"c2":0.62,"c3":0.716},{"time":0.1,"angle":-2.23,"curve":0.25,"c3":0.75},{"time":0.6,"angle":6.04,"curve":0.243,"c3":0.68,"c4":0.71},{"time":1,"angle":-1.16,"curve":0.375,"c2":0.62,"c3":0.716},{"time":1.1,"angle":-2.23,"curve":0.25,"c3":0.75},{"time":1.6,"angle":6.04,"curve":0.243,"c3":0.68,"c4":0.71},{"time":2,"angle":-1.16}]},"hand_right2":{"rotate":[{"angle":-1.16,"curve":0.375,"c2":0.62,"c3":0.716},{"time":0.1,"angle":-2.23,"curve":0.25,"c3":0.75},{"time":0.6,"angle":6.04,"curve":0.243,"c3":0.68,"c4":0.71},{"time":1,"angle":-1.16,"curve":0.375,"c2":0.62,"c3":0.716},{"time":1.1,"angle":-2.23,"curve":0.25,"c3":0.75},{"time":1.6,"angle":6.04,"curve":0.243,"c3":0.68,"c4":0.71},{"time":2,"angle":-1.16}]},"hand_right3":{"rotate":[{"angle":-1.16,"curve":0.375,"c2":0.62,"c3":0.716},{"time":0.1,"angle":-2.23,"curve":0.25,"c3":0.75},{"time":0.6,"angle":6.04,"curve":0.243,"c3":0.68,"c4":0.71},{"time":1,"angle":-1.16,"curve":0.375,"c2":0.62,"c3":0.716},{"time":1.1,"angle":-2.23,"curve":0.25,"c3":0.75},{"time":1.6,"angle":6.04,"curve":0.243,"c3":0.68,"c4":0.71},{"time":2,"angle":-1.16}]},"head3":{"rotate":[{"angle":2.85,"curve":0.25,"c3":0.75},{"time":0.5,"angle":13.3,"curve":0.25,"c3":0.75},{"time":1,"angle":2.85,"curve":0.25,"c3":0.75},{"time":1.5,"angle":13.3,"curve":0.25,"c3":0.75},{"time":2,"angle":2.85}]},"shadiow":{"scale":[{"curve":0.25,"c3":0.75},{"time":0.5,"x":1.071,"y":1.071,"curve":0.25,"c3":0.75},{"time":1,"curve":0.25,"c3":0.75},{"time":1.5,"x":1.071,"y":1.071,"curve":0.25,"c3":0.75},{"time":2}]}}},"run":{"slots":{"eye":{"attachment":[{"time":0.3667,"name":"eye copy"},{"time":0.4333,"name":"eye"}]}},"bones":{"torso":{"translate":[{"y":-8.08,"curve":0.375,"c2":0.5,"c3":0.75},{"time":0.1,"y":-31.26,"curve":0.25,"c3":0.75},{"time":0.3,"y":15.09,"curve":0.25,"c3":0.75},{"time":0.5,"y":-31.26,"curve":0.25,"c3":0.75},{"time":0.7,"y":15.09,"curve":0.25,"c3":0.625,"c4":0.5},{"time":0.8,"y":-8.08}]},"leg_right4":{"rotate":[{"angle":-13.32,"curve":0.265,"c3":0.618,"c4":0.43},{"time":0.1,"angle":-68.82,"curve":0.351,"c2":0.4,"c3":0.757},{"time":0.3,"angle":12.59,"curve":0.25,"c3":0.75},{"time":0.4,"curve":"stepped"},{"time":0.7,"curve":0.379,"c2":0.6,"c3":0.724},{"time":0.8,"angle":-13.32}],"translate":[{"x":-142.9,"y":56.62,"curve":0.25,"c3":0.75},{"time":0.1,"x":-61.94,"y":101.53,"curve":0.314,"c2":0.27,"c3":0.686,"c4":0.73},{"time":0.3,"x":133.52,"y":101.44,"curve":0.379,"c2":0.6,"c3":0.724},{"time":0.4,"x":184.27,"y":8.42,"curve":0.242,"c3":0.667,"c4":0.67},{"time":0.7,"x":-76.53,"y":8.63,"curve":0.379,"c2":0.6,"c3":0.724},{"time":0.8,"x":-142.9,"y":56.62}]},"leg_left4":{"rotate":[{"time":0.3,"curve":0.25,"c3":0.75},{"time":0.4,"angle":-29.6,"curve":0.265,"c3":0.618,"c4":0.43},{"time":0.5,"angle":-64.48,"curve":0.351,"c2":0.4,"c3":0.757},{"time":0.7,"angle":17.47,"curve":0.25,"c3":0.75},{"time":0.8}],"translate":[{"x":149.53,"y":-22.11,"curve":0.242,"c3":0.667,"c4":0.67},{"time":0.3,"x":-60.87,"y":-24.69,"curve":0.379,"c2":0.6,"c3":0.724},{"time":0.4,"x":-110.52,"y":18.11,"curve":0.276,"c3":0.621,"c4":0.4},{"time":0.5,"x":-59.19,"y":19.48,"curve":0.314,"c2":0.27,"c3":0.686,"c4":0.73},{"time":0.7,"x":113.59,"y":92.02,"curve":0.379,"c2":0.6,"c3":0.724},{"time":0.8,"x":149.53,"y":-22.11}]},"leg_left":{"rotate":[{"angle":19.46,"curve":0.25,"c3":0.75},{"time":0.4,"angle":-20.58,"curve":0.25,"c3":0.75},{"time":0.8,"angle":19.46}],"translate":[{"x":-14.42,"y":27.13,"curve":0.25,"c3":0.75},{"time":0.4,"x":4.89,"y":9.18,"curve":0.246,"c3":0.635,"c4":0.55},{"time":0.6333,"x":-4.1,"y":-6.7,"curve":0.381,"c2":0.54,"c3":0.744},{"time":0.8,"x":-14.42,"y":27.13}]},"leg_right":{"rotate":[{"angle":-29.97,"curve":0.25,"c3":0.75},{"time":0.4,"angle":25.78,"curve":0.25,"c3":0.75},{"time":0.8,"angle":-29.97}]},"torso2":{"rotate":[{"angle":2.97,"curve":0.371,"c2":0.62,"c3":0.71},{"time":0.0667,"angle":3.85,"curve":0.25,"c3":0.75},{"time":0.4667,"angle":-5.24,"curve":0.243,"c3":0.689,"c4":0.75},{"time":0.8,"angle":2.97}]},"torso3":{"rotate":[{"angle":1.33,"curve":0.351,"c2":0.4,"c3":0.689,"c4":0.75},{"time":0.0667,"angle":2.97,"curve":0.371,"c2":0.62,"c3":0.71},{"time":0.1333,"angle":3.85,"curve":0.25,"c3":0.75},{"time":0.5333,"angle":-5.24,"curve":0.243,"c3":0.649,"c4":0.6},{"time":0.8,"angle":1.33}]},"torso4":{"rotate":[{"angle":-0.64,"curve":0.338,"c2":0.35,"c3":0.675,"c4":0.69},{"time":0.0667,"angle":1.33,"curve":0.351,"c2":0.4,"c3":0.689,"c4":0.75},{"time":0.1333,"angle":2.97,"curve":0.371,"c2":0.62,"c3":0.71},{"time":0.2,"angle":3.85,"curve":0.25,"c3":0.75},{"time":0.6,"angle":-5.24,"curve":0.25,"c3":0.625,"c4":0.5},{"time":0.8,"angle":-0.64}]},"torso5":{"rotate":[{"angle":-2.64,"curve":0.325,"c2":0.31,"c3":0.662,"c4":0.65},{"time":0.0667,"angle":-0.64,"curve":0.338,"c2":0.35,"c3":0.675,"c4":0.69},{"time":0.1333,"angle":1.33,"curve":0.351,"c2":0.4,"c3":0.689,"c4":0.75},{"time":0.2,"angle":2.97,"curve":0.371,"c2":0.62,"c3":0.71},{"time":0.2667,"angle":3.85,"curve":0.25,"c3":0.75},{"time":0.6667,"angle":-5.24,"curve":0.265,"c3":0.618,"c4":0.43},{"time":0.8,"angle":-2.64}]},"head":{"rotate":[{"angle":-4.37,"curve":0.311,"c2":0.25,"c3":0.649,"c4":0.6},{"time":0.0667,"angle":-2.64,"curve":0.325,"c2":0.31,"c3":0.662,"c4":0.65},{"time":0.1333,"angle":-0.64,"curve":0.338,"c2":0.35,"c3":0.675,"c4":0.69},{"time":0.2,"angle":1.33,"curve":0.351,"c2":0.4,"c3":0.689,"c4":0.75},{"time":0.2667,"angle":2.97,"curve":0.371,"c2":0.62,"c3":0.71},{"time":0.3333,"angle":3.85,"curve":0.25,"c3":0.75},{"time":0.7333,"angle":-5.24,"curve":0.29,"c3":0.629,"c4":0.38},{"time":0.8,"angle":-4.37}]},"torso7":{"rotate":[{"angle":-12.19,"curve":0.25,"c3":0.625,"c4":0.5},{"time":0.2,"angle":-4.4,"curve":0.351,"c2":0.39,"c3":0.701,"c4":0.78},{"time":0.3333,"angle":1.72,"curve":0.371,"c2":0.62,"c3":0.71},{"time":0.4,"angle":3.21,"curve":0.25,"c3":0.75},{"time":0.8,"angle":-12.19}]},"torso8":{"rotate":[{"angle":-10.71,"curve":0.371,"c2":0.62,"c3":0.71},{"time":0.0667,"angle":-12.19,"curve":0.265,"c3":0.618,"c4":0.43},{"time":0.2,"angle":-7.77,"curve":0.325,"c2":0.31,"c3":0.675,"c4":0.69},{"time":0.3333,"angle":-1.06,"curve":0.351,"c2":0.4,"c3":0.689,"c4":0.75},{"time":0.4,"angle":1.72,"curve":0.371,"c2":0.62,"c3":0.71},{"time":0.4667,"angle":3.21,"curve":0.243,"c3":0.689,"c4":0.75},{"time":0.8,"angle":-10.71}]},"torso9":{"rotate":[{"angle":-9.96,"curve":0.382,"c2":0.57,"c3":0.735},{"time":0.1333,"angle":-15.18,"curve":0.29,"c3":0.629,"c4":0.38},{"time":0.2,"angle":-13.4,"curve":0.299,"c2":0.22,"c3":0.649,"c4":0.61},{"time":0.3333,"angle":-5.87,"curve":0.338,"c2":0.35,"c3":0.675,"c4":0.69},{"time":0.4,"angle":-1.89,"curve":0.351,"c2":0.4,"c3":0.689,"c4":0.75},{"time":0.4667,"angle":1.43,"curve":0.371,"c2":0.62,"c3":0.71},{"time":0.5333,"angle":3.21,"curve":0.243,"c3":0.649,"c4":0.6},{"time":0.8,"angle":-9.96}]},"torso10":{"rotate":[{"angle":0.04,"curve":0.375,"c2":0.5,"c3":0.75},{"time":0.2,"angle":-15.18,"curve":0.265,"c3":0.618,"c4":0.43},{"time":0.3333,"angle":-6.48,"curve":0.325,"c2":0.31,"c3":0.662,"c4":0.65},{"time":0.4,"angle":0.23,"curve":0.338,"c2":0.35,"c3":0.675,"c4":0.69},{"time":0.4667,"angle":6.83,"curve":0.351,"c2":0.4,"c3":0.689,"c4":0.75},{"time":0.5333,"angle":12.33,"curve":0.371,"c2":0.62,"c3":0.71},{"time":0.6,"angle":15.26,"curve":0.25,"c3":0.625,"c4":0.5},{"time":0.8,"angle":0.04}]},"torso11":{"rotate":[{"angle":6.51,"curve":0.333,"c2":0.33,"c3":0.705,"c4":0.79},{"time":0.2,"angle":-12.24,"curve":0.371,"c2":0.62,"c3":0.71},{"time":0.2667,"angle":-15.18,"curve":0.29,"c3":0.629,"c4":0.38},{"time":0.3333,"angle":-12.26,"curve":0.311,"c2":0.25,"c3":0.649,"c4":0.6},{"time":0.4,"angle":-6.48,"curve":0.325,"c2":0.31,"c3":0.662,"c4":0.65},{"time":0.4667,"angle":0.23,"curve":0.338,"c2":0.35,"c3":0.675,"c4":0.69},{"time":0.5333,"angle":6.83,"curve":0.351,"c2":0.4,"c3":0.689,"c4":0.75},{"time":0.6,"angle":12.33,"curve":0.371,"c2":0.62,"c3":0.71},{"time":0.6667,"angle":15.26,"curve":0.265,"c3":0.618,"c4":0.43},{"time":0.8,"angle":6.51}]},"torso12":{"rotate":[{"angle":12.32,"curve":0.295,"c2":0.21,"c3":0.667,"c4":0.67},{"time":0.2,"angle":-6.54,"curve":0.382,"c2":0.57,"c3":0.735},{"time":0.3333,"angle":-15.18,"curve":0.29,"c3":0.629,"c4":0.38},{"time":0.4,"angle":-12.26,"curve":0.311,"c2":0.25,"c3":0.649,"c4":0.6},{"time":0.4667,"angle":-6.48,"curve":0.325,"c2":0.31,"c3":0.662,"c4":0.65},{"time":0.5333,"angle":0.23,"curve":0.338,"c2":0.35,"c3":0.675,"c4":0.69},{"time":0.6,"angle":6.83,"curve":0.351,"c2":0.4,"c3":0.689,"c4":0.75},{"time":0.6667,"angle":12.33,"curve":0.371,"c2":0.62,"c3":0.71},{"time":0.7333,"angle":15.26,"curve":0.29,"c3":0.629,"c4":0.37},{"time":0.8,"angle":12.32}]},"torso13":{"rotate":[{"angle":12.32,"curve":0.295,"c2":0.21,"c3":0.667,"c4":0.67},{"time":0.2,"angle":-6.54,"curve":0.382,"c2":0.57,"c3":0.735},{"time":0.3333,"angle":-15.18,"curve":0.29,"c3":0.629,"c4":0.38},{"time":0.4,"angle":-12.26,"curve":0.311,"c2":0.25,"c3":0.649,"c4":0.6},{"time":0.4667,"angle":-6.48,"curve":0.325,"c2":0.31,"c3":0.662,"c4":0.65},{"time":0.5333,"angle":0.23,"curve":0.338,"c2":0.35,"c3":0.675,"c4":0.69},{"time":0.6,"angle":6.83,"curve":0.351,"c2":0.4,"c3":0.689,"c4":0.75},{"time":0.6667,"angle":12.33,"curve":0.371,"c2":0.62,"c3":0.71},{"time":0.7333,"angle":15.26,"curve":0.29,"c3":0.629,"c4":0.37},{"time":0.8,"angle":12.32}]},"head3":{"rotate":[{"angle":-0.07,"curve":0.25,"c3":0.75},{"time":0.2,"angle":15.33,"curve":0.25,"c3":0.75},{"time":0.4,"angle":9.37,"curve":0.25,"c3":0.75},{"time":0.6,"angle":15.33,"curve":0.25,"c3":0.75},{"time":0.8,"angle":-0.07}]},"shadiow":{"scale":[{"curve":0.25,"c3":0.75},{"time":0.2,"x":0.924,"y":0.924,"curve":0.25,"c3":0.75},{"time":0.4,"curve":0.25,"c3":0.75},{"time":0.6,"x":0.924,"y":0.924,"curve":0.25,"c3":0.75},{"time":0.8}]}}}}}