{"textures":[{"image":"gameplay-default.png","format":"RGBA8888","size":{"w":1020,"h":1214},"scale":1,"frames":[{"filename":"lose_beam_axis","rotated":false,"trimmed":false,"sourceSize":{"w":131,"h":1066},"spriteSourceSize":{"x":0,"y":0,"w":131,"h":1066},"frame":{"x":2,"y":2,"w":131,"h":1066}},{"filename":"footer-bg","rotated":false,"trimmed":false,"sourceSize":{"w":750,"h":136},"spriteSourceSize":{"x":0,"y":0,"w":750,"h":136},"frame":{"x":136,"y":2,"w":750,"h":136}},{"filename":"no-tournament","rotated":false,"trimmed":true,"sourceSize":{"w":480,"h":480},"spriteSourceSize":{"x":49,"y":51,"w":385,"h":385},"frame":{"x":136,"y":141,"w":385,"h":385}},{"filename":"beam_axis","rotated":false,"trimmed":true,"sourceSize":{"w":104,"h":590},"spriteSourceSize":{"x":0,"y":0,"w":104,"h":588},"frame":{"x":136,"y":529,"w":104,"h":588}},{"filename":"string/right","rotated":false,"trimmed":true,"sourceSize":{"w":418,"h":183},"spriteSourceSize":{"x":22,"y":0,"w":396,"h":179},"frame":{"x":524,"y":141,"w":396,"h":179}},{"filename":"string/left","rotated":false,"trimmed":true,"sourceSize":{"w":431,"h":193},"spriteSourceSize":{"x":0,"y":0,"w":369,"h":178},"frame":{"x":524,"y":323,"w":369,"h":178}},{"filename":"lightning/left_lightning","rotated":false,"trimmed":true,"sourceSize":{"w":365,"h":360},"spriteSourceSize":{"x":101,"y":7,"w":148,"h":347},"frame":{"x":243,"y":529,"w":148,"h":347}},{"filename":"bottom_bg","rotated":false,"trimmed":false,"sourceSize":{"w":375,"h":50},"spriteSourceSize":{"x":0,"y":0,"w":375,"h":50},"frame":{"x":524,"y":504,"w":375,"h":50}},{"filename":"hint","rotated":false,"trimmed":false,"sourceSize":{"w":122,"h":166},"spriteSourceSize":{"x":0,"y":0,"w":122,"h":166},"frame":{"x":896,"y":323,"w":122,"h":166}},{"filename":"lightning/right_lightning","rotated":false,"trimmed":true,"sourceSize":{"w":261,"h":232},"spriteSourceSize":{"x":64,"y":5,"w":136,"h":223},"frame":{"x":243,"y":879,"w":136,"h":223}},{"filename":"lightning/middle_lightning","rotated":false,"trimmed":true,"sourceSize":{"w":212,"h":251},"spriteSourceSize":{"x":57,"y":0,"w":91,"h":240},"frame":{"x":394,"y":529,"w":91,"h":240}},{"filename":"ic_bg_off","rotated":false,"trimmed":true,"sourceSize":{"w":204,"h":204},"spriteSourceSize":{"x":17,"y":17,"w":170,"h":170},"frame":{"x":488,"y":557,"w":170,"h":170}},{"filename":"card-bg","rotated":false,"trimmed":false,"sourceSize":{"w":100,"h":152},"spriteSourceSize":{"x":0,"y":0,"w":100,"h":152},"frame":{"x":661,"y":557,"w":100,"h":152}},{"filename":"ic_slot","rotated":false,"trimmed":false,"sourceSize":{"w":98,"h":144},"spriteSourceSize":{"x":0,"y":0,"w":98,"h":144},"frame":{"x":764,"y":557,"w":98,"h":144}},{"filename":"hand","rotated":false,"trimmed":true,"sourceSize":{"w":131,"h":111},"spriteSourceSize":{"x":8,"y":0,"w":118,"h":111},"frame":{"x":2,"y":1071,"w":118,"h":111}},{"filename":"ic_recycle","rotated":false,"trimmed":true,"sourceSize":{"w":120,"h":120},"spriteSourceSize":{"x":4,"y":14,"w":112,"h":92},"frame":{"x":123,"y":1120,"w":112,"h":92}},{"filename":"logo_text","rotated":false,"trimmed":true,"sourceSize":{"w":180,"h":48},"spriteSourceSize":{"x":6,"y":4,"w":168,"h":40},"frame":{"x":488,"y":730,"w":168,"h":40}},{"filename":"blank","rotated":false,"trimmed":false,"sourceSize":{"w":100,"h":100},"spriteSourceSize":{"x":0,"y":0,"w":100,"h":100},"frame":{"x":889,"y":2,"w":100,"h":100}},{"filename":"ic_slot_a","rotated":false,"trimmed":false,"sourceSize":{"w":98,"h":144},"spriteSourceSize":{"x":0,"y":0,"w":98,"h":144},"frame":{"x":865,"y":557,"w":98,"h":144}},{"filename":"loading_spade","rotated":false,"trimmed":true,"sourceSize":{"w":64,"h":64},"spriteSourceSize":{"x":3,"y":1,"w":57,"h":62},"frame":{"x":902,"y":492,"w":57,"h":62}},{"filename":"ic_play","rotated":false,"trimmed":false,"sourceSize":{"w":56,"h":56},"spriteSourceSize":{"x":0,"y":0,"w":56,"h":56},"frame":{"x":962,"y":492,"w":56,"h":56}},{"filename":"text/back-to-game","rotated":false,"trimmed":true,"sourceSize":{"w":164,"h":32},"spriteSourceSize":{"x":2,"y":5,"w":160,"h":21},"frame":{"x":764,"y":704,"w":160,"h":21}},{"filename":"disable_recycle","rotated":false,"trimmed":true,"sourceSize":{"w":108,"h":108},"spriteSourceSize":{"x":13,"y":13,"w":82,"h":82},"frame":{"x":394,"y":772,"w":82,"h":82}},{"filename":"ic_new_best","rotated":false,"trimmed":false,"sourceSize":{"w":152,"h":60},"spriteSourceSize":{"x":0,"y":0,"w":152,"h":60},"frame":{"x":479,"y":773,"w":152,"h":60}},{"filename":"text/text-tournaments","rotated":false,"trimmed":true,"sourceSize":{"w":152,"h":32},"spriteSourceSize":{"x":0,"y":6,"w":152,"h":20},"frame":{"x":479,"y":836,"w":152,"h":20}},{"filename":"bottom_logo","rotated":false,"trimmed":false,"sourceSize":{"w":705,"h":53},"spriteSourceSize":{"x":0,"y":0,"w":705,"h":53},"frame":{"x":243,"y":1105,"w":705,"h":53}},{"filename":"check","rotated":false,"trimmed":false,"sourceSize":{"w":52,"h":40},"spriteSourceSize":{"x":0,"y":0,"w":52,"h":40},"frame":{"x":966,"y":551,"w":52,"h":40}},{"filename":"ic_switch_off","rotated":false,"trimmed":false,"sourceSize":{"w":80,"h":50},"spriteSourceSize":{"x":0,"y":0,"w":80,"h":50},"frame":{"x":238,"y":1161,"w":80,"h":50}},{"filename":"ic_switch_on","rotated":false,"trimmed":false,"sourceSize":{"w":80,"h":50},"spriteSourceSize":{"x":0,"y":0,"w":80,"h":50},"frame":{"x":321,"y":1161,"w":80,"h":50}},{"filename":"text/text-settings","rotated":false,"trimmed":true,"sourceSize":{"w":100,"h":32},"spriteSourceSize":{"x":1,"y":4,"w":97,"h":26},"frame":{"x":2,"y":1185,"w":97,"h":26}},{"filename":"flags/right/4","rotated":false,"trimmed":false,"sourceSize":{"w":51,"h":67},"spriteSourceSize":{"x":0,"y":0,"w":51,"h":67},"frame":{"x":966,"y":594,"w":51,"h":67}},{"filename":"ic_events_shining","rotated":false,"trimmed":true,"sourceSize":{"w":108,"h":108},"spriteSourceSize":{"x":5,"y":5,"w":99,"h":100},"frame":{"x":661,"y":712,"w":99,"h":100}},{"filename":"ic_circle_close","rotated":false,"trimmed":false,"sourceSize":{"w":96,"h":96},"spriteSourceSize":{"x":0,"y":0,"w":96,"h":96},"frame":{"x":763,"y":728,"w":96,"h":96}},{"filename":"ic_highlight","rotated":false,"trimmed":true,"sourceSize":{"w":80,"h":80},"spriteSourceSize":{"x":9,"y":0,"w":61,"h":80},"frame":{"x":862,"y":728,"w":61,"h":80}},{"filename":"ic_restart","rotated":false,"trimmed":true,"sourceSize":{"w":75,"h":75},"spriteSourceSize":{"x":4,"y":0,"w":67,"h":75},"frame":{"x":923,"y":105,"w":67,"h":75}},{"filename":"flags/left/2","rotated":false,"trimmed":false,"sourceSize":{"w":67,"h":74},"spriteSourceSize":{"x":0,"y":0,"w":67,"h":74},"frame":{"x":923,"y":183,"w":67,"h":74}},{"filename":"flags/right/1","rotated":false,"trimmed":false,"sourceSize":{"w":61,"h":52},"spriteSourceSize":{"x":0,"y":0,"w":61,"h":52},"frame":{"x":923,"y":260,"w":61,"h":52}},{"filename":"ic_undo","rotated":false,"trimmed":true,"sourceSize":{"w":56,"h":56},"spriteSourceSize":{"x":3,"y":3,"w":49,"h":50},"frame":{"x":404,"y":1161,"w":49,"h":50}},{"filename":"flags/left/1","rotated":false,"trimmed":true,"sourceSize":{"w":71,"h":31},"spriteSourceSize":{"x":4,"y":0,"w":67,"h":31},"frame":{"x":456,"y":1161,"w":67,"h":31}},{"filename":"ic_home_btn","rotated":false,"trimmed":true,"sourceSize":{"w":84,"h":84},"spriteSourceSize":{"x":5,"y":8,"w":74,"h":67},"frame":{"x":394,"y":857,"w":74,"h":67}},{"filename":"suit_diamonds","rotated":false,"trimmed":true,"sourceSize":{"w":93,"h":93},"spriteSourceSize":{"x":11,"y":13,"w":71,"h":72},"frame":{"x":382,"y":927,"w":71,"h":72}},{"filename":"ic_new_deal","rotated":false,"trimmed":true,"sourceSize":{"w":75,"h":75},"spriteSourceSize":{"x":2,"y":2,"w":71,"h":71},"frame":{"x":382,"y":1002,"w":71,"h":71}},{"filename":"ic_stars","rotated":false,"trimmed":true,"sourceSize":{"w":75,"h":75},"spriteSourceSize":{"x":3,"y":5,"w":69,"h":69},"frame":{"x":471,"y":859,"w":69,"h":69}},{"filename":"suit_clubs","rotated":false,"trimmed":true,"sourceSize":{"w":93,"h":93},"spriteSourceSize":{"x":12,"y":13,"w":69,"h":69},"frame":{"x":543,"y":859,"w":69,"h":69}},{"filename":"flags/left/3","rotated":false,"trimmed":true,"sourceSize":{"w":64,"h":76},"spriteSourceSize":{"x":1,"y":0,"w":63,"h":76},"frame":{"x":456,"y":931,"w":63,"h":76}},{"filename":"flags/left/4","rotated":false,"trimmed":true,"sourceSize":{"w":60,"h":77},"spriteSourceSize":{"x":1,"y":0,"w":59,"h":77},"frame":{"x":522,"y":931,"w":59,"h":77}},{"filename":"loading_club","rotated":false,"trimmed":true,"sourceSize":{"w":64,"h":64},"spriteSourceSize":{"x":1,"y":0,"w":62,"h":64},"frame":{"x":456,"y":1010,"w":62,"h":64}},{"filename":"suit_heart","rotated":false,"trimmed":true,"sourceSize":{"w":93,"h":93},"spriteSourceSize":{"x":12,"y":16,"w":70,"h":63},"frame":{"x":521,"y":1011,"w":70,"h":63}},{"filename":"flags/left/5","rotated":false,"trimmed":false,"sourceSize":{"w":56,"h":77},"spriteSourceSize":{"x":0,"y":0,"w":56,"h":77},"frame":{"x":584,"y":931,"w":56,"h":77}},{"filename":"suit_spades","rotated":false,"trimmed":true,"sourceSize":{"w":93,"h":93},"spriteSourceSize":{"x":18,"y":13,"w":64,"h":69},"frame":{"x":615,"y":859,"w":64,"h":69}},{"filename":"flags/left/6","rotated":false,"trimmed":false,"sourceSize":{"w":57,"h":77},"spriteSourceSize":{"x":0,"y":0,"w":57,"h":77},"frame":{"x":643,"y":931,"w":57,"h":77}},{"filename":"loading_heart","rotated":false,"trimmed":true,"sourceSize":{"w":64,"h":64},"spriteSourceSize":{"x":1,"y":1,"w":62,"h":61},"frame":{"x":594,"y":1011,"w":62,"h":61}},{"filename":"flags/left/7","rotated":false,"trimmed":false,"sourceSize":{"w":59,"h":76},"spriteSourceSize":{"x":0,"y":0,"w":59,"h":76},"frame":{"x":659,"y":1011,"w":59,"h":76}},{"filename":"uncheck","rotated":false,"trimmed":false,"sourceSize":{"w":41,"h":41},"spriteSourceSize":{"x":0,"y":0,"w":41,"h":41},"frame":{"x":634,"y":815,"w":41,"h":41}},{"filename":"flags/right/7","rotated":false,"trimmed":false,"sourceSize":{"w":51,"h":66},"spriteSourceSize":{"x":0,"y":0,"w":51,"h":66},"frame":{"x":966,"y":664,"w":51,"h":66}},{"filename":"text/text-game","rotated":false,"trimmed":true,"sourceSize":{"w":70,"h":32},"spriteSourceSize":{"x":2,"y":5,"w":67,"h":21},"frame":{"x":526,"y":1161,"w":67,"h":21}},{"filename":"add-square","rotated":false,"trimmed":true,"sourceSize":{"w":40,"h":40},"spriteSourceSize":{"x":2,"y":2,"w":36,"h":36},"frame":{"x":927,"y":704,"w":36,"h":36}},{"filename":"flags/right/2","rotated":false,"trimmed":false,"sourceSize":{"w":58,"h":65},"spriteSourceSize":{"x":0,"y":0,"w":58,"h":65},"frame":{"x":926,"y":743,"w":58,"h":65}},{"filename":"ic_languages","rotated":false,"trimmed":false,"sourceSize":{"w":48,"h":37},"spriteSourceSize":{"x":0,"y":0,"w":48,"h":37},"frame":{"x":678,"y":815,"w":48,"h":37}},{"filename":"flags/right/5","rotated":false,"trimmed":false,"sourceSize":{"w":48,"h":67},"spriteSourceSize":{"x":0,"y":0,"w":48,"h":67},"frame":{"x":682,"y":855,"w":48,"h":67}},{"filename":"flags/right/6","rotated":false,"trimmed":false,"sourceSize":{"w":50,"h":67},"spriteSourceSize":{"x":0,"y":0,"w":50,"h":67},"frame":{"x":703,"y":925,"w":50,"h":67}},{"filename":"text/text-undo","rotated":false,"trimmed":true,"sourceSize":{"w":64,"h":32},"spriteSourceSize":{"x":1,"y":5,"w":62,"h":21},"frame":{"x":382,"y":1076,"w":62,"h":21}},{"filename":"flags/right/3","rotated":false,"trimmed":false,"sourceSize":{"w":54,"h":66},"spriteSourceSize":{"x":0,"y":0,"w":54,"h":66},"frame":{"x":721,"y":995,"w":54,"h":66}},{"filename":"ic_close","rotated":false,"trimmed":true,"sourceSize":{"w":72,"h":72},"spriteSourceSize":{"x":17,"y":17,"w":38,"h":38},"frame":{"x":721,"y":1064,"w":38,"h":38}},{"filename":"tournament_timer","rotated":false,"trimmed":true,"sourceSize":{"w":40,"h":40},"spriteSourceSize":{"x":3,"y":1,"w":34,"h":38},"frame":{"x":762,"y":1064,"w":34,"h":38}},{"filename":"ic_setting","rotated":false,"trimmed":true,"sourceSize":{"w":56,"h":56},"spriteSourceSize":{"x":3,"y":4,"w":50,"h":48},"frame":{"x":596,"y":1161,"w":50,"h":48}},{"filename":"ic_move","rotated":false,"trimmed":true,"sourceSize":{"w":48,"h":48},"spriteSourceSize":{"x":1,"y":1,"w":46,"h":46},"frame":{"x":649,"y":1161,"w":46,"h":46}},{"filename":"menu_statistics","rotated":false,"trimmed":true,"sourceSize":{"w":66,"h":66},"spriteSourceSize":{"x":9,"y":11,"w":48,"h":44},"frame":{"x":698,"y":1161,"w":48,"h":44}},{"filename":"ic_book","rotated":false,"trimmed":true,"sourceSize":{"w":48,"h":48},"spriteSourceSize":{"x":1,"y":2,"w":46,"h":44},"frame":{"x":749,"y":1161,"w":46,"h":44}},{"filename":"flash","rotated":false,"trimmed":true,"sourceSize":{"w":48,"h":48},"spriteSourceSize":{"x":0,"y":3,"w":46,"h":42},"frame":{"x":798,"y":1161,"w":46,"h":42}},{"filename":"ic_statistics","rotated":false,"trimmed":true,"sourceSize":{"w":48,"h":48},"spriteSourceSize":{"x":1,"y":3,"w":46,"h":42},"frame":{"x":847,"y":1161,"w":46,"h":42}},{"filename":"vibration","rotated":false,"trimmed":true,"sourceSize":{"w":48,"h":48},"spriteSourceSize":{"x":2,"y":3,"w":44,"h":42},"frame":{"x":896,"y":1161,"w":44,"h":42}},{"filename":"loading_diamond","rotated":false,"trimmed":true,"sourceSize":{"w":64,"h":64},"spriteSourceSize":{"x":4,"y":0,"w":56,"h":64},"frame":{"x":862,"y":811,"w":56,"h":64}},{"filename":"flags/right/8","rotated":false,"trimmed":false,"sourceSize":{"w":51,"h":64},"spriteSourceSize":{"x":0,"y":0,"w":51,"h":64},"frame":{"x":921,"y":811,"w":51,"h":64}},{"filename":"star","rotated":false,"trimmed":true,"sourceSize":{"w":48,"h":48},"spriteSourceSize":{"x":2,"y":3,"w":43,"h":42},"frame":{"x":975,"y":811,"w":43,"h":42}},{"filename":"ic_ace_slot","rotated":false,"trimmed":false,"sourceSize":{"w":40,"h":44},"spriteSourceSize":{"x":0,"y":0,"w":40,"h":44},"frame":{"x":733,"y":878,"w":40,"h":44}},{"filename":"ic_hint","rotated":false,"trimmed":true,"sourceSize":{"w":56,"h":56},"spriteSourceSize":{"x":7,"y":3,"w":41,"h":50},"frame":{"x":756,"y":925,"w":41,"h":50}},{"filename":"arrow-swap-horizontal","rotated":false,"trimmed":true,"sourceSize":{"w":48,"h":48},"spriteSourceSize":{"x":3,"y":3,"w":42,"h":42},"frame":{"x":975,"y":856,"w":42,"h":42}},{"filename":"text/text-hint","rotated":false,"trimmed":true,"sourceSize":{"w":50,"h":32},"spriteSourceSize":{"x":2,"y":4,"w":48,"h":22},"frame":{"x":447,"y":1077,"w":48,"h":22}},{"filename":"flag","rotated":false,"trimmed":true,"sourceSize":{"w":48,"h":48},"spriteSourceSize":{"x":5,"y":1,"w":34,"h":46},"frame":{"x":778,"y":978,"w":34,"h":46}},{"filename":"ic_close_gray","rotated":false,"trimmed":true,"sourceSize":{"w":48,"h":48},"spriteSourceSize":{"x":7,"y":7,"w":34,"h":34},"frame":{"x":778,"y":1027,"w":34,"h":34}},{"filename":"ic_share","rotated":false,"trimmed":true,"sourceSize":{"w":41,"h":40},"spriteSourceSize":{"x":4,"y":2,"w":33,"h":38},"frame":{"x":799,"y":1064,"w":33,"h":38}},{"filename":"crown","rotated":false,"trimmed":true,"sourceSize":{"w":48,"h":48},"spriteSourceSize":{"x":3,"y":3,"w":42,"h":42},"frame":{"x":943,"y":1161,"w":42,"h":42}},{"filename":"ic_group","rotated":false,"trimmed":true,"sourceSize":{"w":48,"h":48},"spriteSourceSize":{"x":0,"y":6,"w":48,"h":35},"frame":{"x":776,"y":827,"w":48,"h":35}},{"filename":"cup","rotated":false,"trimmed":true,"sourceSize":{"w":48,"h":48},"spriteSourceSize":{"x":3,"y":3,"w":42,"h":42},"frame":{"x":776,"y":865,"w":42,"h":42}},{"filename":"custom_medal","rotated":false,"trimmed":false,"sourceSize":{"w":40,"h":40},"spriteSourceSize":{"x":0,"y":0,"w":40,"h":40},"frame":{"x":733,"y":827,"w":40,"h":40}},{"filename":"stats_timer","rotated":false,"trimmed":true,"sourceSize":{"w":48,"h":48},"spriteSourceSize":{"x":5,"y":3,"w":38,"h":42},"frame":{"x":821,"y":865,"w":38,"h":42}},{"filename":"ic_draw_mode","rotated":false,"trimmed":true,"sourceSize":{"w":48,"h":48},"spriteSourceSize":{"x":3,"y":3,"w":42,"h":42},"frame":{"x":862,"y":878,"w":42,"h":42}},{"filename":"ic_theme","rotated":false,"trimmed":true,"sourceSize":{"w":48,"h":48},"spriteSourceSize":{"x":3,"y":3,"w":42,"h":42},"frame":{"x":907,"y":878,"w":42,"h":42}},{"filename":"medal-star","rotated":false,"trimmed":true,"sourceSize":{"w":48,"h":48},"spriteSourceSize":{"x":3,"y":3,"w":42,"h":42},"frame":{"x":800,"y":910,"w":42,"h":42}},{"filename":"ic_sound","rotated":false,"trimmed":true,"sourceSize":{"w":48,"h":48},"spriteSourceSize":{"x":3,"y":4,"w":42,"h":40},"frame":{"x":845,"y":923,"w":42,"h":40}},{"filename":"stats_cup","rotated":false,"trimmed":true,"sourceSize":{"w":48,"h":48},"spriteSourceSize":{"x":3,"y":3,"w":42,"h":42},"frame":{"x":890,"y":923,"w":42,"h":42}},{"filename":"ic_auto_complete","rotated":false,"trimmed":true,"sourceSize":{"w":48,"h":48},"spriteSourceSize":{"x":6,"y":2,"w":36,"h":43},"frame":{"x":935,"y":923,"w":36,"h":43}},{"filename":"stats_medal_star","rotated":false,"trimmed":true,"sourceSize":{"w":48,"h":48},"spriteSourceSize":{"x":3,"y":3,"w":42,"h":42},"frame":{"x":974,"y":901,"w":42,"h":42}},{"filename":"ic_invite","rotated":false,"trimmed":true,"sourceSize":{"w":48,"h":48},"spriteSourceSize":{"x":4,"y":3,"w":41,"h":42},"frame":{"x":974,"y":946,"w":41,"h":42}},{"filename":"ic_next","rotated":false,"trimmed":true,"sourceSize":{"w":32,"h":32},"spriteSourceSize":{"x":9,"y":3,"w":15,"h":26},"frame":{"x":102,"y":1185,"w":15,"h":26}},{"filename":"ic_hint_settings","rotated":false,"trimmed":true,"sourceSize":{"w":48,"h":48},"spriteSourceSize":{"x":7,"y":3,"w":35,"h":42},"frame":{"x":815,"y":991,"w":35,"h":42}},{"filename":"timer","rotated":false,"trimmed":true,"sourceSize":{"w":48,"h":48},"spriteSourceSize":{"x":5,"y":3,"w":38,"h":42},"frame":{"x":853,"y":991,"w":38,"h":42}},{"filename":"bronze","rotated":false,"trimmed":false,"sourceSize":{"w":38,"h":41},"spriteSourceSize":{"x":0,"y":0,"w":38,"h":41},"frame":{"x":894,"y":968,"w":38,"h":41}},{"filename":"stock-bg","rotated":false,"trimmed":false,"sourceSize":{"w":36,"h":36},"spriteSourceSize":{"x":0,"y":0,"w":36,"h":36},"frame":{"x":935,"y":969,"w":36,"h":36}},{"filename":"avatar_crown","rotated":false,"trimmed":false,"sourceSize":{"w":38,"h":28},"spriteSourceSize":{"x":0,"y":0,"w":38,"h":28},"frame":{"x":894,"y":1012,"w":38,"h":28}},{"filename":"gold","rotated":false,"trimmed":false,"sourceSize":{"w":38,"h":41},"spriteSourceSize":{"x":0,"y":0,"w":38,"h":41},"frame":{"x":935,"y":1008,"w":38,"h":41}},{"filename":"silver","rotated":false,"trimmed":false,"sourceSize":{"w":38,"h":41},"spriteSourceSize":{"x":0,"y":0,"w":38,"h":41},"frame":{"x":976,"y":991,"w":38,"h":41}},{"filename":"ic_replay","rotated":false,"trimmed":true,"sourceSize":{"w":41,"h":40},"spriteSourceSize":{"x":3,"y":3,"w":37,"h":36},"frame":{"x":976,"y":1035,"w":37,"h":36}}]}],"meta":{"app":"https://www.codeandweb.com/texturepacker","version":"3.0","smartupdate":"$TexturePacker:SmartUpdate:c508ba5c730183bbbc2b5e022713090b:506dda42f5149c663f77121997f9b017:66a0808f743e5a186baaa17661b45e1c$"}}