[1,["1df8f005c@6c48a"],["_textureSource"],["cc.SpriteFrame"],0,[[[{"name":"tab_you_3","rect":{"x":3,"y":858,"width":43,"height":231},"offset":{"x":0,"y":0},"originalSize":{"width":43,"height":231},"rotated":true,"capInsets":[0,0,0,0],"packable":true,"pixelsToUnit":100,"pivot":{"x":0.5,"y":0.5},"meshType":0}],[0],0,[0],[0],[0]],[[{"name":"mock3","rect":{"x":401,"y":725,"width":55,"height":55},"offset":{"x":0,"y":0},"originalSize":{"width":55,"height":55},"rotated":false,"capInsets":[0,0,0,0],"packable":true,"pixelsToUnit":100,"pivot":{"x":0.5,"y":0.5},"meshType":0}],[0],0,[0],[0],[0]],[[{"name":"mock1","rect":{"x":462,"y":725,"width":55,"height":55},"offset":{"x":0,"y":0},"originalSize":{"width":55,"height":55},"rotated":false,"capInsets":[0,0,0,0],"packable":true,"pixelsToUnit":100,"pivot":{"x":0.5,"y":0.5},"meshType":0}],[0],0,[0],[0],[0]],[[{"name":"icon_silver","rect":{"x":586,"y":731,"width":35,"height":35},"offset":{"x":0,"y":0},"originalSize":{"width":35,"height":35},"rotated":false,"capInsets":[0,0,0,0],"packable":true,"pixelsToUnit":100,"pivot":{"x":0.5,"y":0.5},"meshType":0}],[0],0,[0],[0],[0]],[[{"name":"GoldTiles_s","rect":{"x":573,"y":795,"width":32,"height":42},"offset":{"x":0,"y":0},"originalSize":{"width":32,"height":42},"rotated":true,"capInsets":[0,0,0,0],"packable":true,"pixelsToUnit":100,"pivot":{"x":0.5,"y":0.5},"meshType":0}],[0],0,[0],[0],[0]],[[{"name":"box_green","rect":{"x":461,"y":786,"width":50,"height":43},"offset":{"x":0,"y":0},"originalSize":{"width":50,"height":43},"rotated":false,"capInsets":[0,0,0,0],"packable":true,"pixelsToUnit":100,"pivot":{"x":0.5,"y":0.5},"meshType":0}],[0],0,[0],[0],[0]],[[{"name":"avatar_bg","rect":{"x":401,"y":786,"width":54,"height":53},"offset":{"x":0,"y":0},"originalSize":{"width":54,"height":53},"rotated":false,"capInsets":[0,0,0,0],"packable":true,"pixelsToUnit":100,"pivot":{"x":0.5,"y":0.5},"meshType":0}],[0],0,[0],[0],[0]],[[{"name":"tab","rect":{"x":132,"y":907,"width":100,"height":94},"offset":{"x":0,"y":0},"originalSize":{"width":100,"height":94},"rotated":true,"capInsets":[20,20,20,25],"packable":true,"pixelsToUnit":100,"pivot":{"x":0.5,"y":0.5},"meshType":0}],[0],0,[0],[0],[0]],[[{"name":"score","rect":{"x":240,"y":858,"width":95,"height":30},"offset":{"x":0,"y":0},"originalSize":{"width":95,"height":30},"rotated":true,"capInsets":[0,0,0,0],"packable":true,"pixelsToUnit":100,"pivot":{"x":0.5,"y":0.5},"meshType":0}],[0],0,[0],[0],[0]],[[{"name":"tab_you_2","rect":{"x":310,"y":608,"width":85,"height":231},"offset":{"x":0,"y":0},"originalSize":{"width":85,"height":231},"rotated":false,"capInsets":[0,0,0,0],"packable":true,"pixelsToUnit":100,"pivot":{"x":0.5,"y":0.5},"meshType":0}],[0],0,[0],[0],[0]],[[{"name":"icon_copper","rect":{"x":546,"y":904,"width":35,"height":35},"offset":{"x":0,"y":0},"originalSize":{"width":35,"height":35},"rotated":false,"capInsets":[0,0,0,0],"packable":true,"pixelsToUnit":100,"pivot":{"x":0.5,"y":0.5},"meshType":0}],[0],0,[0],[0],[0]],[[{"name":"WinLevels","rect":{"x":3,"y":608,"width":244,"height":301},"offset":{"x":0,"y":0},"originalSize":{"width":244,"height":301},"rotated":true,"capInsets":[0,0,0,0],"packable":true,"pixelsToUnit":100,"pivot":{"x":0.5,"y":0.5},"meshType":0}],[0],0,[0],[0],[0]],[[{"name":"GoldTiles","rect":{"x":3,"y":3,"width":599,"height":599},"offset":{"x":0,"y":0},"originalSize":{"width":599,"height":599},"rotated":false,"capInsets":[0,0,0,0],"packable":true,"pixelsToUnit":100,"pivot":{"x":0.5,"y":0.5},"meshType":0}],[0],0,[0],[0],[0]],[[{"name":"box_pink","rect":{"x":586,"y":676,"width":49,"height":43},"offset":{"x":0,"y":0},"originalSize":{"width":49,"height":43},"rotated":true,"capInsets":[0,0,0,0],"packable":true,"pixelsToUnit":100,"pivot":{"x":0.5,"y":0.5},"meshType":0}],[0],0,[0],[0],[0]],[[{"name":"box_red","rect":{"x":517,"y":795,"width":50,"height":42},"offset":{"x":0,"y":0},"originalSize":{"width":50,"height":42},"rotated":false,"capInsets":[0,0,0,0],"packable":true,"pixelsToUnit":100,"pivot":{"x":0.5,"y":0.5},"meshType":0}],[0],0,[0],[0],[0]],[[{"name":"icon_gold","rect":{"x":587,"y":904,"width":35,"height":35},"offset":{"x":0,"y":0},"originalSize":{"width":35,"height":35},"rotated":false,"capInsets":[0,0,0,0],"packable":true,"pixelsToUnit":100,"pivot":{"x":0.5,"y":0.5},"meshType":0}],[0],0,[0],[0],[0]],[[{"name":"score_you","rect":{"x":523,"y":608,"width":94,"height":29},"offset":{"x":0,"y":0},"originalSize":{"width":94,"height":29},"rotated":true,"capInsets":[0,0,0,0],"packable":true,"pixelsToUnit":100,"pivot":{"x":0.5,"y":0.5},"meshType":0}],[0],0,[0],[0],[0]],[[{"name":"avatar","rect":{"x":558,"y":608,"width":62,"height":62},"offset":{"x":0,"y":0},"originalSize":{"width":62,"height":62},"rotated":false,"capInsets":[0,0,0,0],"packable":true,"pixelsToUnit":100,"pivot":{"x":0.5,"y":0.5},"meshType":0}],[0],0,[0],[0],[0]],[[{"name":"tab_you_1","rect":{"x":310,"y":845,"width":65,"height":230},"offset":{"x":0,"y":0},"originalSize":{"width":65,"height":230},"rotated":true,"capInsets":[0,0,0,0],"packable":true,"pixelsToUnit":100,"pivot":{"x":0.5,"y":0.5},"meshType":0}],[0],0,[0],[0],[0]],[[{"name":"icn_arrow_2","rect":{"x":401,"y":608,"width":116,"height":111},"offset":{"x":0,"y":0},"originalSize":{"width":116,"height":111},"rotated":false,"capInsets":[0,0,0,0],"packable":true,"pixelsToUnit":100,"pivot":{"x":0.5,"y":0.5},"meshType":0}],[0],0,[0],[0],[0]],[[{"name":"Arrow_up","rect":{"x":523,"y":708,"width":57,"height":81},"offset":{"x":0,"y":0},"originalSize":{"width":57,"height":81},"rotated":false,"capInsets":[0,0,0,0],"packable":true,"pixelsToUnit":100,"pivot":{"x":0.5,"y":0.5},"meshType":0}],[0],0,[0],[0],[0]],[[{"name":"icn_arrow","rect":{"x":3,"y":907,"width":123,"height":105},"offset":{"x":0,"y":0},"originalSize":{"width":123,"height":105},"rotated":false,"capInsets":[0,0,0,0],"packable":true,"pixelsToUnit":100,"pivot":{"x":0.5,"y":0.5},"meshType":0}],[0],0,[0],[0],[0]],[[{"name":"mock2","rect":{"x":546,"y":843,"width":55,"height":55},"offset":{"x":0,"y":0},"originalSize":{"width":55,"height":55},"rotated":false,"capInsets":[0,0,0,0],"packable":true,"pixelsToUnit":100,"pivot":{"x":0.5,"y":0.5},"meshType":0}],[0],0,[0],[0],[0]]]]
