<?xml version="1.0" encoding="UTF-8"?><font><info face="MyriadPro-Bold" size="98" bold="0" italic="0" charset="" unicode="1" stretchH="100" smooth="1" aa="1" padding="2,2,2,2" spacing="2,2"/><common lineHeight="98" base="74" scaleW="581" scaleH="581" pages="1" packed="0"/><pages><page id="0" file="myriad-normal.png"/></pages><chars count="91"><char id="32" x="0" y="0" width="0" height="0" xoffset="0" yoffset="0" xadvance="20" page="0" chnl="15"/><char id="33" x="399" y="180" width="22" height="72" xoffset="2" yoffset="6" xadvance="27" page="0" chnl="15"/><char id="34" x="541" y="399" width="37" height="31" xoffset="1" yoffset="5" xadvance="39" page="0" chnl="15"/><char id="35" x="530" y="104" width="51" height="68" xoffset="2" yoffset="8" xadvance="54" page="0" chnl="15"/><char id="36" x="104" y="0" width="48" height="84" xoffset="3" yoffset="1" xadvance="55" page="0" chnl="15"/><char id="37" x="220" y="254" width="85" height="71" xoffset="1" yoffset="7" xadvance="87" page="0" chnl="15"/><char id="38" x="461" y="104" width="67" height="73" xoffset="1" yoffset="5" xadvance="67" page="0" chnl="15"/><char id="39" x="541" y="432" width="18" height="31" xoffset="1" yoffset="5" xadvance="21" page="0" chnl="15"/><char id="40" x="49" y="0" width="25" height="84" xoffset="4" yoffset="4" xadvance="31" page="0" chnl="15"/><char id="41" x="76" y="0" width="26" height="84" xoffset="1" yoffset="4" xadvance="31" page="0" chnl="15"/><char id="42" x="294" y="529" width="43" height="43" xoffset="1" yoffset="5" xadvance="45" page="0" chnl="15"/><char id="43" x="0" y="471" width="55" height="56" xoffset="2" yoffset="20" xadvance="59" page="0" chnl="15"/><char id="44" x="549" y="344" width="27" height="33" xoffset="-2" yoffset="55" xadvance="26" page="0" chnl="15"/><char id="45" x="549" y="327" width="30" height="15" xoffset="1" yoffset="41" xadvance="32" page="0" chnl="15"/><char id="46" x="547" y="471" width="22" height="22" xoffset="3" yoffset="55" xadvance="26" page="0" chnl="15"/><char id="47" x="491" y="0" width="35" height="75" xoffset="0" yoffset="5" xadvance="33" page="0" chnl="15"/><char id="48" x="464" y="180" width="53" height="71" xoffset="1" yoffset="7" xadvance="55" page="0" chnl="15"/><char id="49" x="237" y="399" width="34" height="68" xoffset="6" yoffset="8" xadvance="55" page="0" chnl="15"/><char id="50" x="185" y="399" width="50" height="69" xoffset="2" yoffset="7" xadvance="55" page="0" chnl="15"/><char id="51" x="519" y="180" width="49" height="71" xoffset="2" yoffset="7" xadvance="55" page="0" chnl="15"/><char id="52" x="273" y="399" width="55" height="68" xoffset="0" yoffset="8" xadvance="55" page="0" chnl="15"/><char id="53" x="307" y="254" width="50" height="70" xoffset="2" yoffset="8" xadvance="55" page="0" chnl="15"/><char id="54" x="0" y="254" width="53" height="71" xoffset="1" yoffset="7" xadvance="55" page="0" chnl="15"/><char id="55" x="330" y="399" width="49" height="68" xoffset="3" yoffset="8" xadvance="55" page="0" chnl="15"/><char id="56" x="55" y="254" width="53" height="71" xoffset="1" yoffset="7" xadvance="55" page="0" chnl="15"/><char id="57" x="359" y="254" width="52" height="70" xoffset="1" yoffset="7" xadvance="55" page="0" chnl="15"/><char id="58" x="356" y="471" width="22" height="54" xoffset="3" yoffset="23" xadvance="26" page="0" chnl="15"/><char id="59" x="512" y="399" width="27" height="65" xoffset="-2" yoffset="23" xadvance="26" page="0" chnl="15"/><char id="61" x="339" y="529" width="55" height="34" xoffset="2" yoffset="31" xadvance="59" page="0" chnl="15"/><char id="63" x="423" y="180" width="39" height="72" xoffset="3" yoffset="5" xadvance="44" page="0" chnl="15"/><char id="64" x="388" y="104" width="71" height="73" xoffset="3" yoffset="14" xadvance="76" page="0" chnl="15"/><char id="65" x="413" y="254" width="64" height="70" xoffset="0" yoffset="6" xadvance="65" page="0" chnl="15"/><char id="66" x="0" y="180" width="54" height="72" xoffset="4" yoffset="5" xadvance="60" page="0" chnl="15"/><char id="67" x="56" y="180" width="57" height="72" xoffset="1" yoffset="5" xadvance="59" page="0" chnl="15"/><char id="68" x="115" y="180" width="63" height="72" xoffset="4" yoffset="5" xadvance="69" page="0" chnl="15"/><char id="69" x="479" y="254" width="47" height="70" xoffset="4" yoffset="6" xadvance="53" page="0" chnl="15"/><char id="70" x="528" y="254" width="45" height="70" xoffset="4" yoffset="6" xadvance="52" page="0" chnl="15"/><char id="71" x="180" y="180" width="63" height="72" xoffset="1" yoffset="5" xadvance="67" page="0" chnl="15"/><char id="72" x="0" y="327" width="59" height="70" xoffset="4" yoffset="6" xadvance="68" page="0" chnl="15"/><char id="73" x="61" y="327" width="20" height="70" xoffset="4" yoffset="6" xadvance="28" page="0" chnl="15"/><char id="74" x="245" y="180" width="39" height="72" xoffset="-2" yoffset="6" xadvance="41" page="0" chnl="15"/><char id="75" x="83" y="327" width="59" height="70" xoffset="4" yoffset="6" xadvance="61" page="0" chnl="15"/><char id="76" x="144" y="327" width="46" height="70" xoffset="4" yoffset="6" xadvance="51" page="0" chnl="15"/><char id="77" x="192" y="327" width="77" height="70" xoffset="3" yoffset="6" xadvance="83" page="0" chnl="15"/><char id="78" x="271" y="327" width="60" height="70" xoffset="4" yoffset="6" xadvance="68" page="0" chnl="15"/><char id="79" x="318" y="104" width="68" height="73" xoffset="1" yoffset="5" xadvance="71" page="0" chnl="15"/><char id="80" x="110" y="254" width="52" height="71" xoffset="4" yoffset="5" xadvance="57" page="0" chnl="15"/><char id="81" x="180" y="0" width="68" height="82" xoffset="1" yoffset="5" xadvance="71" page="0" chnl="15"/><char id="82" x="164" y="254" width="54" height="71" xoffset="4" yoffset="5" xadvance="59" page="0" chnl="15"/><char id="83" x="286" y="180" width="50" height="72" xoffset="2" yoffset="5" xadvance="53" page="0" chnl="15"/><char id="84" x="333" y="327" width="56" height="70" xoffset="-1" yoffset="6" xadvance="54" page="0" chnl="15"/><char id="85" x="338" y="180" width="59" height="72" xoffset="4" yoffset="6" xadvance="67" page="0" chnl="15"/><char id="86" x="391" y="327" width="65" height="70" xoffset="-1" yoffset="6" xadvance="63" page="0" chnl="15"/><char id="87" x="458" y="327" width="89" height="70" xoffset="-1" yoffset="6" xadvance="88" page="0" chnl="15"/><char id="88" x="0" y="399" width="61" height="70" xoffset="0" yoffset="6" xadvance="61" page="0" chnl="15"/><char id="89" x="63" y="399" width="62" height="70" xoffset="-1" yoffset="6" xadvance="60" page="0" chnl="15"/><char id="90" x="127" y="399" width="56" height="70" xoffset="0" yoffset="6" xadvance="57" page="0" chnl="15"/><char id="91" x="154" y="0" width="24" height="83" xoffset="5" yoffset="5" xadvance="31" page="0" chnl="15"/><char id="93" x="312" y="0" width="25" height="82" xoffset="2" yoffset="5" xadvance="31" page="0" chnl="15"/><char id="94" x="238" y="529" width="54" height="51" xoffset="2" yoffset="8" xadvance="59" page="0" chnl="15"/><char id="95" x="396" y="529" width="53" height="10" xoffset="-2" yoffset="79" xadvance="49" page="0" chnl="15"/><char id="97" x="57" y="471" width="48" height="55" xoffset="1" yoffset="23" xadvance="52" page="0" chnl="15"/><char id="98" x="339" y="0" width="54" height="76" xoffset="4" yoffset="2" xadvance="59" page="0" chnl="15"/><char id="99" x="164" y="471" width="43" height="54" xoffset="1" yoffset="23" xadvance="45" page="0" chnl="15"/><char id="100" x="395" y="0" width="54" height="76" xoffset="1" yoffset="2" xadvance="59" page="0" chnl="15"/><char id="101" x="209" y="471" width="50" height="54" xoffset="1" yoffset="23" xadvance="52" page="0" chnl="15"/><char id="102" x="451" y="0" width="38" height="75" xoffset="-1" yoffset="1" xadvance="34" page="0" chnl="15"/><char id="103" x="528" y="0" width="53" height="74" xoffset="1" yoffset="23" xadvance="58" page="0" chnl="15"/><char id="104" x="0" y="104" width="50" height="74" xoffset="4" yoffset="2" xadvance="58" page="0" chnl="15"/><char id="105" x="184" y="104" width="20" height="73" xoffset="4" yoffset="3" xadvance="27" page="0" chnl="15"/><char id="106" x="16" y="0" width="31" height="94" xoffset="-6" yoffset="3" xadvance="29" page="0" chnl="15"/><char id="107" x="52" y="104" width="53" height="74" xoffset="4" yoffset="2" xadvance="54" page="0" chnl="15"/><char id="108" x="107" y="104" width="19" height="74" xoffset="4" yoffset="2" xadvance="27" page="0" chnl="15"/><char id="109" x="380" y="471" width="77" height="53" xoffset="4" yoffset="23" xadvance="85" page="0" chnl="15"/><char id="110" x="459" y="471" width="50" height="53" xoffset="4" yoffset="23" xadvance="58" page="0" chnl="15"/><char id="111" x="107" y="471" width="55" height="55" xoffset="1" yoffset="23" xadvance="57" page="0" chnl="15"/><char id="112" x="206" y="104" width="54" height="73" xoffset="4" yoffset="23" xadvance="59" page="0" chnl="15"/><char id="113" x="262" y="104" width="54" height="73" xoffset="1" yoffset="23" xadvance="59" page="0" chnl="15"/><char id="114" x="511" y="471" width="34" height="53" xoffset="4" yoffset="23" xadvance="38" page="0" chnl="15"/><char id="115" x="261" y="471" width="41" height="54" xoffset="1" yoffset="23" xadvance="43" page="0" chnl="15"/><char id="116" x="474" y="399" width="36" height="67" xoffset="0" yoffset="10" xadvance="36" page="0" chnl="15"/><char id="117" x="304" y="471" width="50" height="54" xoffset="4" yoffset="24" xadvance="58" page="0" chnl="15"/><char id="118" x="0" y="529" width="54" height="52" xoffset="-1" yoffset="24" xadvance="52" page="0" chnl="15"/><char id="119" x="56" y="529" width="76" height="52" xoffset="-1" yoffset="24" xadvance="75" page="0" chnl="15"/><char id="120" x="134" y="529" width="54" height="52" xoffset="-2" yoffset="24" xadvance="51" page="0" chnl="15"/><char id="121" x="128" y="104" width="54" height="74" xoffset="-1" yoffset="24" xadvance="52" page="0" chnl="15"/><char id="122" x="190" y="529" width="46" height="52" xoffset="0" yoffset="24" xadvance="46" page="0" chnl="15"/><char id="123" x="250" y="0" width="29" height="82" xoffset="1" yoffset="5" xadvance="31" page="0" chnl="15"/><char id="124" x="0" y="0" width="14" height="102" xoffset="7" yoffset="-1" xadvance="28" page="0" chnl="15"/><char id="125" x="281" y="0" width="29" height="82" xoffset="1" yoffset="5" xadvance="31" page="0" chnl="15"/><char id="8470" x="381" y="399" width="91" height="68" xoffset="4" yoffset="8" xadvance="95" page="0" chnl="15"/></chars><kernings count="868"><kerning first="32" second="84" amount="-4"/><kerning first="32" second="86" amount="-4"/><kerning first="32" second="87" amount="-4"/><kerning first="32" second="89" amount="-4"/><kerning first="97" second="116" amount="-1"/><kerning first="97" second="118" amount="-1"/><kerning first="97" second="119" amount="-1"/><kerning first="97" second="121" amount="-1"/><kerning first="97" second="84" amount="-6"/><kerning first="97" second="34" amount="-1"/><kerning first="97" second="39" amount="-1"/><kerning first="98" second="118" amount="-1"/><kerning first="98" second="119" amount="-1"/><kerning first="98" second="120" amount="-2"/><kerning first="98" second="121" amount="-1"/><kerning first="98" second="122" amount="-1"/><kerning first="98" second="84" amount="-5"/><kerning first="98" second="41" amount="-1"/><kerning first="98" second="45" amount="2"/><kerning first="98" second="46" amount="-3"/><kerning first="98" second="44" amount="-3"/><kerning first="98" second="34" amount="-2"/><kerning first="98" second="39" amount="-2"/><kerning first="98" second="125" amount="-1"/><kerning first="98" second="93" amount="-1"/><kerning first="99" second="99" amount="-1"/><kerning first="99" second="100" amount="-1"/><kerning first="99" second="101" amount="-1"/><kerning first="99" second="102" amount="1"/><kerning first="99" second="111" amount="-1"/><kerning first="99" second="113" amount="-1"/><kerning first="99" second="116" amount="2"/><kerning first="99" second="118" amount="1"/><kerning first="99" second="119" amount="1"/><kerning first="99" second="121" amount="1"/><kerning first="99" second="84" amount="-1"/><kerning first="99" second="45" amount="1"/><kerning first="99" second="46" amount="-1"/><kerning first="99" second="44" amount="-1"/><kerning first="99" second="34" amount="1"/><kerning first="99" second="39" amount="1"/><kerning first="100" second="46" amount="-1"/><kerning first="100" second="44" amount="-1"/><kerning first="101" second="118" amount="-1"/><kerning first="101" second="119" amount="-1"/><kerning first="101" second="120" amount="-1"/><kerning first="101" second="121" amount="-1"/><kerning first="101" second="84" amount="-4"/><kerning first="101" second="45" amount="3"/><kerning first="101" second="46" amount="-2"/><kerning first="101" second="44" amount="-2"/><kerning first="102" second="99" amount="-1"/><kerning first="102" second="100" amount="-1"/><kerning first="102" second="101" amount="-1"/><kerning first="102" second="103" amount="-1"/><kerning first="102" second="111" amount="-1"/><kerning first="102" second="113" amount="-1"/><kerning first="102" second="115" amount="-1"/><kerning first="102" second="116" amount="1"/><kerning first="102" second="59" amount="3"/><kerning first="102" second="58" amount="3"/><kerning first="102" second="41" amount="7"/><kerning first="102" second="46" amount="-4"/><kerning first="102" second="44" amount="-4"/><kerning first="102" second="34" amount="4"/><kerning first="102" second="39" amount="4"/><kerning first="102" second="125" amount="7"/><kerning first="102" second="93" amount="7"/><kerning first="103" second="84" amount="-3"/><kerning first="103" second="46" amount="-2"/><kerning first="103" second="44" amount="-2"/><kerning first="104" second="116" amount="-1"/><kerning first="104" second="118" amount="-2"/><kerning first="104" second="119" amount="-2"/><kerning first="104" second="121" amount="-2"/><kerning first="104" second="84" amount="-6"/><kerning first="104" second="34" amount="-1"/><kerning first="104" second="39" amount="-1"/><kerning first="106" second="46" amount="-1"/><kerning first="106" second="44" amount="-1"/><kerning first="107" second="98" amount="1"/><kerning first="107" second="99" amount="-1"/><kerning first="107" second="100" amount="-1"/><kerning first="107" second="101" amount="-1"/><kerning first="107" second="103" amount="-1"/><kerning first="107" second="104" amount="1"/><kerning first="107" second="105" amount="1"/><kerning first="107" second="107" amount="1"/><kerning first="107" second="108" amount="1"/><kerning first="107" second="109" amount="1"/><kerning first="107" second="110" amount="1"/><kerning first="107" second="111" amount="-1"/><kerning first="107" second="112" amount="1"/><kerning first="107" second="113" amount="-1"/><kerning first="107" second="114" amount="1"/><kerning first="107" second="84" amount="-3"/><kerning first="108" second="46" amount="-1"/><kerning first="108" second="44" amount="-1"/><kerning first="109" second="116" amount="-1"/><kerning first="109" second="118" amount="-2"/><kerning first="109" second="119" amount="-2"/><kerning first="109" second="121" amount="-2"/><kerning first="109" second="84" amount="-6"/><kerning first="109" second="34" amount="-1"/><kerning first="109" second="39" amount="-1"/><kerning first="110" second="116" amount="-1"/><kerning first="110" second="118" amount="-2"/><kerning first="110" second="119" amount="-2"/><kerning first="110" second="121" amount="-2"/><kerning first="110" second="84" amount="-6"/><kerning first="110" second="34" amount="-1"/><kerning first="110" second="39" amount="-1"/><kerning first="111" second="118" amount="-1"/><kerning first="111" second="119" amount="-1"/><kerning first="111" second="120" amount="-2"/><kerning first="111" second="121" amount="-1"/><kerning first="111" second="122" amount="-1"/><kerning first="111" second="84" amount="-5"/><kerning first="111" second="41" amount="-1"/><kerning first="111" second="45" amount="2"/><kerning first="111" second="46" amount="-3"/><kerning first="111" second="44" amount="-3"/><kerning first="111" second="34" amount="-2"/><kerning first="111" second="39" amount="-2"/><kerning first="111" second="125" amount="-1"/><kerning first="111" second="93" amount="-1"/><kerning first="112" second="118" amount="-1"/><kerning first="112" second="119" amount="-1"/><kerning first="112" second="120" amount="-2"/><kerning first="112" second="121" amount="-1"/><kerning first="112" second="122" amount="-1"/><kerning first="112" second="84" amount="-5"/><kerning first="112" second="41" amount="-1"/><kerning first="112" second="45" amount="2"/><kerning first="112" second="46" amount="-3"/><kerning first="112" second="44" amount="-3"/><kerning first="112" second="34" amount="-2"/><kerning first="112" second="39" amount="-2"/><kerning first="112" second="125" amount="-1"/><kerning first="112" second="93" amount="-1"/><kerning first="113" second="84" amount="-4"/><kerning first="113" second="46" amount="-1"/><kerning first="113" second="44" amount="-1"/><kerning first="114" second="97" amount="-1"/><kerning first="114" second="99" amount="-1"/><kerning first="114" second="100" amount="-1"/><kerning first="114" second="101" amount="-1"/><kerning first="114" second="102" amount="3"/><kerning first="114" second="103" amount="-1"/><kerning first="114" second="111" amount="-1"/><kerning first="114" second="113" amount="-1"/><kerning first="114" second="116" amount="2"/><kerning first="114" second="118" amount="2"/><kerning first="114" second="119" amount="2"/><kerning first="114" second="120" amount="1"/><kerning first="114" second="121" amount="2"/><kerning first="114" second="122" amount="1"/><kerning first="114" second="84" amount="-2"/><kerning first="114" second="46" amount="-6"/><kerning first="114" second="44" amount="-6"/><kerning first="115" second="84" amount="-3"/><kerning first="115" second="46" amount="-1"/><kerning first="115" second="44" amount="-1"/><kerning first="116" second="46" amount="-1"/><kerning first="116" second="44" amount="-1"/><kerning first="117" second="84" amount="-4"/><kerning first="117" second="46" amount="-1"/><kerning first="117" second="44" amount="-1"/><kerning first="118" second="97" amount="-1"/><kerning first="118" second="99" amount="-1"/><kerning first="118" second="100" amount="-1"/><kerning first="118" second="101" amount="-1"/><kerning first="118" second="103" amount="-1"/><kerning first="118" second="111" amount="-1"/><kerning first="118" second="113" amount="-1"/><kerning first="118" second="115" amount="-2"/><kerning first="118" second="118" amount="2"/><kerning first="118" second="119" amount="2"/><kerning first="118" second="121" amount="2"/><kerning first="118" second="84" amount="-4"/><kerning first="118" second="45" amount="-1"/><kerning first="118" second="46" amount="-5"/><kerning first="118" second="44" amount="-5"/><kerning first="119" second="97" amount="-1"/><kerning first="119" second="99" amount="-1"/><kerning first="119" second="100" amount="-1"/><kerning first="119" second="101" amount="-1"/><kerning first="119" second="103" amount="-1"/><kerning first="119" second="111" amount="-1"/><kerning first="119" second="113" amount="-1"/><kerning first="119" second="115" amount="-2"/><kerning first="119" second="118" amount="2"/><kerning first="119" second="119" amount="2"/><kerning first="119" second="121" amount="2"/><kerning first="119" second="84" amount="-4"/><kerning first="119" second="45" amount="-1"/><kerning first="119" second="46" amount="-5"/><kerning first="119" second="44" amount="-5"/><kerning first="120" second="99" amount="-2"/><kerning first="120" second="100" amount="-2"/><kerning first="120" second="101" amount="-2"/><kerning first="120" second="111" amount="-2"/><kerning first="120" second="113" amount="-2"/><kerning first="120" second="115" amount="-1"/><kerning first="120" second="116" amount="1"/><kerning first="120" second="118" amount="2"/><kerning first="120" second="119" amount="2"/><kerning first="120" second="121" amount="2"/><kerning first="120" second="84" amount="-3"/><kerning first="121" second="97" amount="-1"/><kerning first="121" second="99" amount="-1"/><kerning first="121" second="100" amount="-1"/><kerning first="121" second="101" amount="-1"/><kerning first="121" second="103" amount="-1"/><kerning first="121" second="111" amount="-1"/><kerning first="121" second="113" amount="-1"/><kerning first="121" second="115" amount="-2"/><kerning first="121" second="118" amount="2"/><kerning first="121" second="119" amount="2"/><kerning first="121" second="121" amount="2"/><kerning first="121" second="84" amount="-4"/><kerning first="121" second="45" amount="-1"/><kerning first="121" second="46" amount="-5"/><kerning first="121" second="44" amount="-5"/><kerning first="122" second="99" amount="-1"/><kerning first="122" second="100" amount="-1"/><kerning first="122" second="101" amount="-1"/><kerning first="122" second="111" amount="-1"/><kerning first="122" second="113" amount="-1"/><kerning first="122" second="118" amount="1"/><kerning first="122" second="119" amount="1"/><kerning first="122" second="121" amount="1"/><kerning first="122" second="84" amount="-3"/><kerning first="65" second="98" amount="-1"/><kerning first="65" second="99" amount="-1"/><kerning first="65" second="100" amount="-1"/><kerning first="65" second="101" amount="-1"/><kerning first="65" second="102" amount="-1"/><kerning first="65" second="103" amount="-1"/><kerning first="65" second="104" amount="-1"/><kerning first="65" second="105" amount="-1"/><kerning first="65" second="106" amount="-1"/><kerning first="65" second="107" amount="-1"/><kerning first="65" second="108" amount="-1"/><kerning first="65" second="109" amount="-1"/><kerning first="65" second="110" amount="-1"/><kerning first="65" second="111" amount="-1"/><kerning first="65" second="112" amount="-1"/><kerning first="65" second="113" amount="-1"/><kerning first="65" second="114" amount="-1"/><kerning first="65" second="116" amount="-2"/><kerning first="65" second="117" amount="-1"/><kerning first="65" second="118" amount="-3"/><kerning first="65" second="119" amount="-3"/><kerning first="65" second="121" amount="-3"/><kerning first="65" second="67" amount="-2"/><kerning first="65" second="71" amount="-2"/><kerning first="65" second="74" amount="1"/><kerning first="65" second="79" amount="-2"/><kerning first="65" second="81" amount="-2"/><kerning first="65" second="84" amount="-8"/><kerning first="65" second="85" amount="-3"/><kerning first="65" second="86" amount="-6"/><kerning first="65" second="87" amount="-6"/><kerning first="65" second="88" amount="-2"/><kerning first="65" second="89" amount="-9"/><kerning first="65" second="90" amount="1"/><kerning first="65" second="41" amount="-2"/><kerning first="65" second="45" amount="-1"/><kerning first="65" second="34" amount="-5"/><kerning first="65" second="39" amount="-5"/><kerning first="65" second="125" amount="-2"/><kerning first="65" second="93" amount="-2"/><kerning first="66" second="99" amount="1"/><kerning first="66" second="100" amount="1"/><kerning first="66" second="101" amount="1"/><kerning first="66" second="111" amount="1"/><kerning first="66" second="113" amount="1"/><kerning first="66" second="118" amount="-1"/><kerning first="66" second="119" amount="-1"/><kerning first="66" second="121" amount="-1"/><kerning first="66" second="84" amount="-2"/><kerning first="66" second="86" amount="-1"/><kerning first="66" second="87" amount="-1"/><kerning first="66" second="89" amount="-3"/><kerning first="66" second="45" amount="1"/><kerning first="66" second="46" amount="-1"/><kerning first="66" second="44" amount="-1"/><kerning first="67" second="97" amount="-1"/><kerning first="67" second="99" amount="-2"/><kerning first="67" second="100" amount="-2"/><kerning first="67" second="101" amount="-2"/><kerning first="67" second="111" amount="-2"/><kerning first="67" second="113" amount="-2"/><kerning first="67" second="117" amount="-2"/><kerning first="67" second="118" amount="-3"/><kerning first="67" second="119" amount="-3"/><kerning first="67" second="121" amount="-3"/><kerning first="67" second="122" amount="1"/><kerning first="67" second="65" amount="1"/><kerning first="67" second="67" amount="-3"/><kerning first="67" second="71" amount="-3"/><kerning first="67" second="74" amount="1"/><kerning first="67" second="79" amount="-3"/><kerning first="67" second="81" amount="-3"/><kerning first="67" second="84" amount="1"/><kerning first="67" second="86" amount="1"/><kerning first="67" second="87" amount="1"/><kerning first="67" second="89" amount="1"/><kerning first="67" second="41" amount="1"/><kerning first="67" second="34" amount="1"/><kerning first="67" second="39" amount="1"/><kerning first="67" second="125" amount="1"/><kerning first="67" second="93" amount="1"/><kerning first="68" second="102" amount="1"/><kerning first="68" second="116" amount="1"/><kerning first="68" second="118" amount="1"/><kerning first="68" second="119" amount="1"/><kerning first="68" second="120" amount="-1"/><kerning first="68" second="121" amount="1"/><kerning first="68" second="65" amount="-2"/><kerning first="68" second="84" amount="-3"/><kerning first="68" second="86" amount="-1"/><kerning first="68" second="87" amount="-1"/><kerning first="68" second="88" amount="-3"/><kerning first="68" second="89" amount="-4"/><kerning first="68" second="41" amount="-2"/><kerning first="68" second="45" amount="1"/><kerning first="68" second="46" amount="-4"/><kerning first="68" second="44" amount="-4"/><kerning first="68" second="125" amount="-2"/><kerning first="68" second="93" amount="-2"/><kerning first="69" second="103" amount="-1"/><kerning first="69" second="116" amount="-1"/><kerning first="69" second="117" amount="-1"/><kerning first="69" second="118" amount="-1"/><kerning first="69" second="119" amount="-1"/><kerning first="69" second="121" amount="-1"/><kerning first="69" second="122" amount="1"/><kerning first="69" second="74" amount="2"/><kerning first="69" second="86" amount="1"/><kerning first="69" second="87" amount="1"/><kerning first="69" second="46" amount="-1"/><kerning first="69" second="44" amount="-1"/><kerning first="70" second="97" amount="-4"/><kerning first="70" second="98" amount="-1"/><kerning first="70" second="99" amount="-3"/><kerning first="70" second="100" amount="-3"/><kerning first="70" second="101" amount="-3"/><kerning first="70" second="103" amount="-1"/><kerning first="70" second="104" amount="-1"/><kerning first="70" second="105" amount="-2"/><kerning first="70" second="107" amount="-1"/><kerning first="70" second="108" amount="-1"/><kerning first="70" second="109" amount="-2"/><kerning first="70" second="110" amount="-2"/><kerning first="70" second="111" amount="-3"/><kerning first="70" second="112" amount="-2"/><kerning first="70" second="113" amount="-3"/><kerning first="70" second="114" amount="-2"/><kerning first="70" second="117" amount="-3"/><kerning first="70" second="118" amount="-2"/><kerning first="70" second="119" amount="-2"/><kerning first="70" second="121" amount="-2"/><kerning first="70" second="65" amount="-7"/><kerning first="70" second="74" amount="-7"/><kerning first="70" second="77" amount="-1"/><kerning first="70" second="59" amount="-2"/><kerning first="70" second="58" amount="-2"/><kerning first="70" second="46" amount="-9"/><kerning first="70" second="44" amount="-9"/><kerning first="71" second="97" amount="1"/><kerning first="71" second="99" amount="1"/><kerning first="71" second="100" amount="1"/><kerning first="71" second="101" amount="1"/><kerning first="71" second="111" amount="1"/><kerning first="71" second="113" amount="1"/><kerning first="71" second="118" amount="-1"/><kerning first="71" second="119" amount="-1"/><kerning first="71" second="121" amount="-1"/><kerning first="72" second="116" amount="1"/><kerning first="72" second="89" amount="-2"/><kerning first="73" second="116" amount="1"/><kerning first="73" second="89" amount="-2"/><kerning first="74" second="41" amount="1"/><kerning first="74" second="46" amount="-1"/><kerning first="74" second="44" amount="-1"/><kerning first="74" second="125" amount="1"/><kerning first="74" second="93" amount="1"/><kerning first="75" second="99" amount="-2"/><kerning first="75" second="100" amount="-2"/><kerning first="75" second="101" amount="-2"/><kerning first="75" second="103" amount="-1"/><kerning first="75" second="111" amount="-2"/><kerning first="75" second="113" amount="-2"/><kerning first="75" second="117" amount="-2"/><kerning first="75" second="118" amount="-4"/><kerning first="75" second="119" amount="-4"/><kerning first="75" second="121" amount="-4"/><kerning first="75" second="65" amount="1"/><kerning first="75" second="67" amount="-3"/><kerning first="75" second="71" amount="-3"/><kerning first="75" second="74" amount="3"/><kerning first="75" second="79" amount="-3"/><kerning first="75" second="81" amount="-3"/><kerning first="75" second="84" amount="1"/><kerning first="75" second="89" amount="-1"/><kerning first="75" second="90" amount="2"/><kerning first="75" second="59" amount="1"/><kerning first="75" second="58" amount="1"/><kerning first="75" second="41" amount="1"/><kerning first="75" second="45" amount="-2"/><kerning first="75" second="46" amount="1"/><kerning first="75" second="44" amount="1"/><kerning first="75" second="125" amount="1"/><kerning first="75" second="93" amount="1"/><kerning first="76" second="99" amount="-1"/><kerning first="76" second="100" amount="-1"/><kerning first="76" second="101" amount="-1"/><kerning first="76" second="111" amount="-1"/><kerning first="76" second="113" amount="-1"/><kerning first="76" second="117" amount="-1"/><kerning first="76" second="118" amount="-4"/><kerning first="76" second="119" amount="-4"/><kerning first="76" second="121" amount="-4"/><kerning first="76" second="65" amount="1"/><kerning first="76" second="67" amount="-4"/><kerning first="76" second="71" amount="-4"/><kerning first="76" second="74" amount="3"/><kerning first="76" second="79" amount="-4"/><kerning first="76" second="81" amount="-4"/><kerning first="76" second="84" amount="-10"/><kerning first="76" second="85" amount="-3"/><kerning first="76" second="86" amount="-6"/><kerning first="76" second="87" amount="-6"/><kerning first="76" second="89" amount="-9"/><kerning first="76" second="45" amount="-2"/><kerning first="76" second="34" amount="-10"/><kerning first="76" second="39" amount="-10"/><kerning first="77" second="105" amount="1"/><kerning first="77" second="109" amount="1"/><kerning first="77" second="110" amount="1"/><kerning first="77" second="112" amount="1"/><kerning first="77" second="114" amount="1"/><kerning first="77" second="84" amount="-1"/><kerning first="78" second="116" amount="1"/><kerning first="78" second="89" amount="-2"/><kerning first="79" second="102" amount="1"/><kerning first="79" second="116" amount="1"/><kerning first="79" second="118" amount="1"/><kerning first="79" second="119" amount="1"/><kerning first="79" second="120" amount="-1"/><kerning first="79" second="121" amount="1"/><kerning first="79" second="65" amount="-2"/><kerning first="79" second="84" amount="-3"/><kerning first="79" second="86" amount="-1"/><kerning first="79" second="87" amount="-1"/><kerning first="79" second="88" amount="-3"/><kerning first="79" second="89" amount="-4"/><kerning first="79" second="41" amount="-2"/><kerning first="79" second="45" amount="1"/><kerning first="79" second="46" amount="-4"/><kerning first="79" second="44" amount="-4"/><kerning first="79" second="125" amount="-2"/><kerning first="79" second="93" amount="-2"/><kerning first="80" second="97" amount="-2"/><kerning first="80" second="99" amount="-2"/><kerning first="80" second="100" amount="-2"/><kerning first="80" second="101" amount="-2"/><kerning first="80" second="103" amount="-2"/><kerning first="80" second="105" amount="-1"/><kerning first="80" second="109" amount="-1"/><kerning first="80" second="110" amount="-1"/><kerning first="80" second="111" amount="-2"/><kerning first="80" second="112" amount="-1"/><kerning first="80" second="113" amount="-2"/><kerning first="80" second="114" amount="-1"/><kerning first="80" second="115" amount="-2"/><kerning first="80" second="116" amount="1"/><kerning first="80" second="117" amount="-1"/><kerning first="80" second="118" amount="1"/><kerning first="80" second="119" amount="1"/><kerning first="80" second="121" amount="1"/><kerning first="80" second="65" amount="-6"/><kerning first="80" second="74" amount="-7"/><kerning first="80" second="77" amount="-1"/><kerning first="80" second="86" amount="-1"/><kerning first="80" second="87" amount="-1"/><kerning first="80" second="88" amount="-3"/><kerning first="80" second="89" amount="-2"/><kerning first="80" second="90" amount="-1"/><kerning first="80" second="59" amount="-1"/><kerning first="80" second="58" amount="-1"/><kerning first="80" second="45" amount="-1"/><kerning first="80" second="46" amount="-14"/><kerning first="80" second="44" amount="-14"/><kerning first="81" second="102" amount="1"/><kerning first="81" second="116" amount="1"/><kerning first="81" second="118" amount="1"/><kerning first="81" second="119" amount="1"/><kerning first="81" second="120" amount="-1"/><kerning first="81" second="121" amount="1"/><kerning first="81" second="65" amount="-2"/><kerning first="81" second="84" amount="-3"/><kerning first="81" second="86" amount="-1"/><kerning first="81" second="87" amount="-1"/><kerning first="81" second="88" amount="-3"/><kerning first="81" second="89" amount="-4"/><kerning first="81" second="41" amount="-2"/><kerning first="81" second="45" amount="1"/><kerning first="81" second="46" amount="-4"/><kerning first="81" second="44" amount="-4"/><kerning first="81" second="125" amount="-2"/><kerning first="81" second="93" amount="-2"/><kerning first="82" second="97" amount="1"/><kerning first="82" second="98" amount="1"/><kerning first="82" second="104" amount="1"/><kerning first="82" second="105" amount="1"/><kerning first="82" second="107" amount="1"/><kerning first="82" second="108" amount="1"/><kerning first="82" second="109" amount="1"/><kerning first="82" second="110" amount="1"/><kerning first="82" second="112" amount="1"/><kerning first="82" second="114" amount="1"/><kerning first="82" second="116" amount="1"/><kerning first="82" second="65" amount="1"/><kerning first="82" second="74" amount="1"/><kerning first="82" second="86" amount="-1"/><kerning first="82" second="87" amount="-1"/><kerning first="82" second="88" amount="1"/><kerning first="82" second="89" amount="-2"/><kerning first="83" second="97" amount="1"/><kerning first="83" second="99" amount="1"/><kerning first="83" second="100" amount="1"/><kerning first="83" second="101" amount="1"/><kerning first="83" second="106" amount="-1"/><kerning first="83" second="111" amount="1"/><kerning first="83" second="113" amount="1"/><kerning first="83" second="118" amount="-1"/><kerning first="83" second="119" amount="-1"/><kerning first="83" second="121" amount="-1"/><kerning first="83" second="45" amount="1"/><kerning first="84" second="97" amount="-6"/><kerning first="84" second="98" amount="-1"/><kerning first="84" second="99" amount="-8"/><kerning first="84" second="100" amount="-8"/><kerning first="84" second="101" amount="-8"/><kerning first="84" second="103" amount="-6"/><kerning first="84" second="104" amount="-1"/><kerning first="84" second="105" amount="-2"/><kerning first="84" second="107" amount="-1"/><kerning first="84" second="108" amount="-1"/><kerning first="84" second="109" amount="-5"/><kerning first="84" second="110" amount="-5"/><kerning first="84" second="111" amount="-8"/><kerning first="84" second="112" amount="-5"/><kerning first="84" second="113" amount="-8"/><kerning first="84" second="114" amount="-5"/><kerning first="84" second="115" amount="-7"/><kerning first="84" second="117" amount="-5"/><kerning first="84" second="118" amount="-5"/><kerning first="84" second="119" amount="-5"/><kerning first="84" second="120" amount="-1"/><kerning first="84" second="121" amount="-5"/><kerning first="84" second="122" amount="-6"/><kerning first="84" second="65" amount="-7"/><kerning first="84" second="67" amount="-3"/><kerning first="84" second="71" amount="-3"/><kerning first="84" second="74" amount="-5"/><kerning first="84" second="79" amount="-3"/><kerning first="84" second="81" amount="-3"/><kerning first="84" second="83" amount="-1"/><kerning first="84" second="84" amount="2"/><kerning first="84" second="86" amount="3"/><kerning first="84" second="87" amount="3"/><kerning first="84" second="88" amount="2"/><kerning first="84" second="89" amount="1"/><kerning first="84" second="59" amount="-4"/><kerning first="84" second="58" amount="-4"/><kerning first="84" second="41" amount="3"/><kerning first="84" second="45" amount="-6"/><kerning first="84" second="46" amount="-8"/><kerning first="84" second="44" amount="-8"/><kerning first="84" second="34" amount="1"/><kerning first="84" second="39" amount="1"/><kerning first="84" second="125" amount="3"/><kerning first="84" second="93" amount="3"/><kerning first="85" second="97" amount="-1"/><kerning first="85" second="115" amount="-1"/><kerning first="85" second="120" amount="-1"/><kerning first="85" second="122" amount="-1"/><kerning first="85" second="65" amount="-3"/><kerning first="85" second="46" amount="-2"/><kerning first="85" second="44" amount="-2"/><kerning first="86" second="97" amount="-4"/><kerning first="86" second="98" amount="-1"/><kerning first="86" second="99" amount="-4"/><kerning first="86" second="100" amount="-4"/><kerning first="86" second="101" amount="-4"/><kerning first="86" second="103" amount="-1"/><kerning first="86" second="104" amount="-1"/><kerning first="86" second="105" amount="-3"/><kerning first="86" second="107" amount="-1"/><kerning first="86" second="108" amount="-1"/><kerning first="86" second="109" amount="-3"/><kerning first="86" second="110" amount="-3"/><kerning first="86" second="111" amount="-4"/><kerning first="86" second="112" amount="-3"/><kerning first="86" second="113" amount="-4"/><kerning first="86" second="114" amount="-3"/><kerning first="86" second="115" amount="-4"/><kerning first="86" second="116" amount="-1"/><kerning first="86" second="117" amount="-3"/><kerning first="86" second="118" amount="-1"/><kerning first="86" second="119" amount="-1"/><kerning first="86" second="121" amount="-1"/><kerning first="86" second="65" amount="-5"/><kerning first="86" second="67" amount="-1"/><kerning first="86" second="71" amount="-1"/><kerning first="86" second="74" amount="-4"/><kerning first="86" second="79" amount="-1"/><kerning first="86" second="81" amount="-1"/><kerning first="86" second="83" amount="-1"/><kerning first="86" second="84" amount="2"/><kerning first="86" second="59" amount="-2"/><kerning first="86" second="58" amount="-2"/><kerning first="86" second="41" amount="3"/><kerning first="86" second="45" amount="-2"/><kerning first="86" second="46" amount="-7"/><kerning first="86" second="44" amount="-7"/><kerning first="86" second="34" amount="1"/><kerning first="86" second="39" amount="1"/><kerning first="86" second="125" amount="3"/><kerning first="86" second="93" amount="3"/><kerning first="87" second="97" amount="-4"/><kerning first="87" second="98" amount="-1"/><kerning first="87" second="99" amount="-4"/><kerning first="87" second="100" amount="-4"/><kerning first="87" second="101" amount="-4"/><kerning first="87" second="103" amount="-1"/><kerning first="87" second="104" amount="-1"/><kerning first="87" second="105" amount="-3"/><kerning first="87" second="107" amount="-1"/><kerning first="87" second="108" amount="-1"/><kerning first="87" second="109" amount="-3"/><kerning first="87" second="110" amount="-3"/><kerning first="87" second="111" amount="-4"/><kerning first="87" second="112" amount="-3"/><kerning first="87" second="113" amount="-4"/><kerning first="87" second="114" amount="-3"/><kerning first="87" second="115" amount="-4"/><kerning first="87" second="116" amount="-1"/><kerning first="87" second="117" amount="-3"/><kerning first="87" second="118" amount="-1"/><kerning first="87" second="119" amount="-1"/><kerning first="87" second="121" amount="-1"/><kerning first="87" second="65" amount="-5"/><kerning first="87" second="67" amount="-1"/><kerning first="87" second="71" amount="-1"/><kerning first="87" second="74" amount="-4"/><kerning first="87" second="79" amount="-1"/><kerning first="87" second="81" amount="-1"/><kerning first="87" second="83" amount="-1"/><kerning first="87" second="84" amount="2"/><kerning first="87" second="59" amount="-2"/><kerning first="87" second="58" amount="-2"/><kerning first="87" second="41" amount="3"/><kerning first="87" second="45" amount="-2"/><kerning first="87" second="46" amount="-7"/><kerning first="87" second="44" amount="-7"/><kerning first="87" second="34" amount="1"/><kerning first="87" second="39" amount="1"/><kerning first="87" second="125" amount="3"/><kerning first="87" second="93" amount="3"/><kerning first="88" second="97" amount="-1"/><kerning first="88" second="99" amount="-2"/><kerning first="88" second="100" amount="-2"/><kerning first="88" second="101" amount="-2"/><kerning first="88" second="111" amount="-2"/><kerning first="88" second="113" amount="-2"/><kerning first="88" second="117" amount="-1"/><kerning first="88" second="118" amount="-4"/><kerning first="88" second="119" amount="-4"/><kerning first="88" second="121" amount="-4"/><kerning first="88" second="65" amount="-1"/><kerning first="88" second="67" amount="-4"/><kerning first="88" second="71" amount="-4"/><kerning first="88" second="74" amount="1"/><kerning first="88" second="79" amount="-4"/><kerning first="88" second="81" amount="-4"/><kerning first="88" second="84" amount="1"/><kerning first="88" second="86" amount="1"/><kerning first="88" second="87" amount="1"/><kerning first="88" second="88" amount="-1"/><kerning first="88" second="89" amount="1"/><kerning first="88" second="45" amount="-2"/><kerning first="89" second="97" amount="-9"/><kerning first="89" second="98" amount="-1"/><kerning first="89" second="99" amount="-11"/><kerning first="89" second="100" amount="-11"/><kerning first="89" second="101" amount="-11"/><kerning first="89" second="103" amount="-8"/><kerning first="89" second="104" amount="-1"/><kerning first="89" second="105" amount="-2"/><kerning first="89" second="107" amount="-1"/><kerning first="89" second="108" amount="-1"/><kerning first="89" second="109" amount="-2"/><kerning first="89" second="110" amount="-2"/><kerning first="89" second="111" amount="-11"/><kerning first="89" second="112" amount="-2"/><kerning first="89" second="113" amount="-11"/><kerning first="89" second="114" amount="-2"/><kerning first="89" second="115" amount="-6"/><kerning first="89" second="116" amount="-4"/><kerning first="89" second="117" amount="-7"/><kerning first="89" second="118" amount="-5"/><kerning first="89" second="119" amount="-5"/><kerning first="89" second="120" amount="-5"/><kerning first="89" second="121" amount="-5"/><kerning first="89" second="122" amount="-5"/><kerning first="89" second="65" amount="-9"/><kerning first="89" second="66" amount="-2"/><kerning first="89" second="67" amount="-5"/><kerning first="89" second="68" amount="-2"/><kerning first="89" second="69" amount="-2"/><kerning first="89" second="70" amount="-2"/><kerning first="89" second="71" amount="-5"/><kerning first="89" second="72" amount="-2"/><kerning first="89" second="73" amount="-2"/><kerning first="89" second="74" amount="-7"/><kerning first="89" second="75" amount="-2"/><kerning first="89" second="76" amount="-2"/><kerning first="89" second="77" amount="-2"/><kerning first="89" second="78" amount="-2"/><kerning first="89" second="79" amount="-5"/><kerning first="89" second="80" amount="-2"/><kerning first="89" second="81" amount="-5"/><kerning first="89" second="82" amount="-2"/><kerning first="89" second="83" amount="-3"/><kerning first="89" second="86" amount="2"/><kerning first="89" second="87" amount="2"/><kerning first="89" second="88" amount="-2"/><kerning first="89" second="89" amount="-3"/><kerning first="89" second="59" amount="-5"/><kerning first="89" second="58" amount="-5"/><kerning first="89" second="41" amount="3"/><kerning first="89" second="45" amount="-6"/><kerning first="89" second="46" amount="-12"/><kerning first="89" second="44" amount="-12"/><kerning first="89" second="34" amount="1"/><kerning first="89" second="39" amount="1"/><kerning first="89" second="125" amount="3"/><kerning first="89" second="93" amount="3"/><kerning first="90" second="99" amount="-1"/><kerning first="90" second="100" amount="-1"/><kerning first="90" second="101" amount="-1"/><kerning first="90" second="111" amount="-1"/><kerning first="90" second="113" amount="-1"/><kerning first="90" second="117" amount="-1"/><kerning first="90" second="118" amount="-2"/><kerning first="90" second="119" amount="-2"/><kerning first="90" second="121" amount="-2"/><kerning first="90" second="65" amount="1"/><kerning first="90" second="67" amount="-2"/><kerning first="90" second="71" amount="-2"/><kerning first="90" second="74" amount="2"/><kerning first="90" second="79" amount="-2"/><kerning first="90" second="81" amount="-2"/><kerning first="90" second="89" amount="1"/><kerning first="90" second="45" amount="-1"/><kerning first="40" second="106" amount="5"/><kerning first="40" second="65" amount="-2"/><kerning first="40" second="67" amount="-2"/><kerning first="40" second="71" amount="-2"/><kerning first="40" second="74" amount="1"/><kerning first="40" second="79" amount="-2"/><kerning first="40" second="81" amount="-2"/><kerning first="40" second="84" amount="2"/><kerning first="40" second="86" amount="3"/><kerning first="40" second="87" amount="3"/><kerning first="40" second="89" amount="3"/><kerning first="45" second="99" amount="2"/><kerning first="45" second="100" amount="2"/><kerning first="45" second="101" amount="2"/><kerning first="45" second="111" amount="2"/><kerning first="45" second="113" amount="2"/><kerning first="45" second="67" amount="1"/><kerning first="45" second="71" amount="1"/><kerning first="45" second="74" amount="-1"/><kerning first="45" second="79" amount="1"/><kerning first="45" second="81" amount="1"/><kerning first="45" second="84" amount="-5"/><kerning first="45" second="86" amount="-2"/><kerning first="45" second="87" amount="-2"/><kerning first="45" second="88" amount="-2"/><kerning first="45" second="89" amount="-6"/><kerning first="46" second="34" amount="-12"/><kerning first="46" second="39" amount="-12"/><kerning first="44" second="34" amount="-12"/><kerning first="44" second="39" amount="-12"/><kerning first="34" second="99" amount="-1"/><kerning first="34" second="100" amount="-1"/><kerning first="34" second="101" amount="-1"/><kerning first="34" second="102" amount="2"/><kerning first="34" second="103" amount="-2"/><kerning first="34" second="111" amount="-1"/><kerning first="34" second="113" amount="-1"/><kerning first="34" second="116" amount="2"/><kerning first="34" second="118" amount="1"/><kerning first="34" second="119" amount="1"/><kerning first="34" second="121" amount="1"/><kerning first="34" second="65" amount="-5"/><kerning first="34" second="67" amount="-1"/><kerning first="34" second="71" amount="-1"/><kerning first="34" second="74" amount="-6"/><kerning first="34" second="79" amount="-1"/><kerning first="34" second="81" amount="-1"/><kerning first="34" second="84" amount="1"/><kerning first="34" second="86" amount="1"/><kerning first="34" second="87" amount="1"/><kerning first="34" second="89" amount="1"/><kerning first="34" second="46" amount="-12"/><kerning first="34" second="44" amount="-12"/><kerning first="39" second="99" amount="-1"/><kerning first="39" second="100" amount="-1"/><kerning first="39" second="101" amount="-1"/><kerning first="39" second="102" amount="2"/><kerning first="39" second="103" amount="-2"/><kerning first="39" second="111" amount="-1"/><kerning first="39" second="113" amount="-1"/><kerning first="39" second="116" amount="2"/><kerning first="39" second="118" amount="1"/><kerning first="39" second="119" amount="1"/><kerning first="39" second="121" amount="1"/><kerning first="39" second="65" amount="-5"/><kerning first="39" second="67" amount="-1"/><kerning first="39" second="71" amount="-1"/><kerning first="39" second="74" amount="-6"/><kerning first="39" second="79" amount="-1"/><kerning first="39" second="81" amount="-1"/><kerning first="39" second="84" amount="1"/><kerning first="39" second="86" amount="1"/><kerning first="39" second="87" amount="1"/><kerning first="39" second="89" amount="1"/><kerning first="39" second="46" amount="-12"/><kerning first="39" second="44" amount="-12"/><kerning first="123" second="106" amount="5"/><kerning first="123" second="65" amount="-2"/><kerning first="123" second="67" amount="-2"/><kerning first="123" second="71" amount="-2"/><kerning first="123" second="74" amount="1"/><kerning first="123" second="79" amount="-2"/><kerning first="123" second="81" amount="-2"/><kerning first="123" second="84" amount="2"/><kerning first="123" second="86" amount="3"/><kerning first="123" second="87" amount="3"/><kerning first="123" second="89" amount="3"/><kerning first="91" second="106" amount="5"/><kerning first="91" second="65" amount="-2"/><kerning first="91" second="67" amount="-2"/><kerning first="91" second="71" amount="-2"/><kerning first="91" second="74" amount="1"/><kerning first="91" second="79" amount="-2"/><kerning first="91" second="81" amount="-2"/><kerning first="91" second="84" amount="2"/><kerning first="91" second="86" amount="3"/><kerning first="91" second="87" amount="3"/><kerning first="91" second="89" amount="3"/></kernings></font>