[1,["3bd8jIr4tIMJAaN5F0woRa@6c48a"],["_textureSource"],["cc.SpriteFrame"],0,[{"name":"5","rect":{"x":0,"y":0,"width":444,"height":391},"offset":{"x":0,"y":0},"originalSize":{"width":444,"height":391},"rotated":false,"capInsets":[0,0,0,0],"vertices":{"rawPosition":[-222,-195.5,0,222,-195.5,0,-222,195.5,0,222,195.5,0],"indexes":[0,1,2,2,1,3],"uv":[0,391,444,391,0,0,444,0],"nuv":[0,0,1,0,0,1,1,1],"minPos":{"x":-222,"y":-195.5,"z":0},"maxPos":{"x":222,"y":195.5,"z":0}},"packable":true,"pixelsToUnit":100,"pivot":{"x":0.5,"y":0.5},"meshType":0}],[0],0,[0],[0],[0]]
