[1,0,0,[["cc.JsonAsset",["_name","json"],1]],[[0,0,1,3]],[[0,"level_000001-30",[{"layers":[{"index":0,"tiles":[{"x":1,"y":-1.5},{"x":-2,"y":-1.5},{"x":-1,"y":-1.5},{"x":2,"y":-1.5},{"x":-1,"y":-0.5},{"x":-2,"y":-0.5},{"x":1,"y":-0.5},{"x":2,"y":-0.5},{"x":-0.5,"y":0.5},{"x":0.5,"y":0.5},{"x":-2,"y":1},{"x":2,"y":1},{"x":-2,"y":2},{"x":-1,"y":2},{"x":2,"y":2},{"x":1,"y":2}]},{"index":1,"tiles":[{"x":-1.5,"y":-1},{"x":1.5,"y":-1},{"x":-2,"y":1.5},{"x":2,"y":1.5}]}],"seeds":["FKVwCwgKQTAp3CJMXdiF"]},{"layers":[{"index":0,"tiles":[{"x":-1.5,"y":-1.5},{"x":1.5,"y":-1.5},{"x":0.5,"y":-1.5},{"x":-0.5,"y":-1.5},{"x":-1.5,"y":-0.5},{"x":-0.5,"y":-0.5},{"x":0.5,"y":-0.5},{"x":1.5,"y":-0.5},{"x":-1.5,"y":1},{"x":1.5,"y":1},{"x":-0.5,"y":1.5},{"x":0.5,"y":1.5},{"x":-1.5,"y":2},{"x":1.5,"y":2}]},{"index":1,"tiles":[{"x":-1.5,"y":-1},{"x":-0.5,"y":-1},{"x":0.5,"y":-1},{"x":1.5,"y":-1},{"x":-1.5,"y":1},{"x":1.5,"y":1},{"x":0.5,"y":1.5},{"x":-0.5,"y":1.5},{"x":-1.5,"y":2},{"x":1.5,"y":2}]},{"index":2,"tiles":[{"x":-1,"y":-1},{"x":1,"y":-1},{"x":-1,"y":1.5},{"x":1,"y":1.5}]}],"seeds":["i7dU1dANlMBNggcqTMBMgRJ2HAWG"]},{"layers":[{"index":0,"tiles":[{"x":-1.5,"y":-1.5},{"x":-0.5,"y":-1.5},{"x":0.5,"y":-1.5},{"x":1.5,"y":-1.5},{"x":-1,"y":-0.5},{"x":-2,"y":-0.5},{"x":1,"y":-0.5},{"x":2,"y":-0.5},{"x":-2,"y":0.5},{"x":2,"y":0.5},{"x":-0.5,"y":0.5},{"x":0.5,"y":0.5},{"x":-1.5,"y":1.5},{"x":-0.5,"y":1.5},{"x":0.5,"y":1.5},{"x":1.5,"y":1.5}]},{"index":1,"tiles":[{"x":-1,"y":-1},{"x":1,"y":-1},{"x":-2,"y":0},{"x":2,"y":0},{"x":-0.5,"y":1},{"x":0.5,"y":1}]}],"seeds":["ggJSyhJyQUdN4BAKwcJNQwcA"]},{"layers":[{"index":0,"tiles":[{"x":-1.5,"y":-1},{"x":-2,"y":0},{"x":-2,"y":1},{"x":-1,"y":0},{"x":-2,"y":2},{"x":-0.5,"y":1},{"x":1.5,"y":-1},{"x":-1,"y":2},{"x":1,"y":0},{"x":0.5,"y":1},{"x":2,"y":0},{"x":1,"y":2},{"x":2,"y":1},{"x":2,"y":2}]},{"index":1,"tiles":[{"x":-1.5,"y":-1},{"x":-2,"y":0},{"x":-2,"y":1},{"x":-1,"y":0},{"x":-0.5,"y":1},{"x":1.5,"y":-1},{"x":1,"y":0},{"x":0.5,"y":1},{"x":2,"y":0},{"x":2,"y":1}]},{"index":2,"tiles":[{"x":-1.5,"y":-1},{"x":-1.5,"y":0},{"x":-2,"y":1},{"x":-0.5,"y":1},{"x":1.5,"y":-1},{"x":0.5,"y":1},{"x":1.5,"y":0},{"x":2,"y":1}]},{"index":3,"tiles":[{"x":-2,"y":1},{"x":-0.5,"y":1},{"x":0.5,"y":1},{"x":2,"y":1}]}],"seeds":["ZkmOU/M136RpQpVYi1UpBdEZhLIUlyFwXXJx"]},{"layers":[{"index":0,"tiles":[{"x":-0.5,"y":-1.5},{"x":0.5,"y":-1.5},{"x":-2,"y":-1.5},{"x":2,"y":-1.5},{"x":0.5,"y":-0.5},{"x":-0.5,"y":-0.5},{"x":-2,"y":-0.5},{"x":2,"y":-0.5},{"x":-0.5,"y":0.5},{"x":0.5,"y":0.5},{"x":-2,"y":0.5},{"x":2,"y":0.5},{"x":1.5,"y":1.5},{"x":0.5,"y":1.5},{"x":-0.5,"y":1.5},{"x":-1.5,"y":1.5}]},{"index":1,"tiles":[{"x":-0.5,"y":-1},{"x":0.5,"y":-1},{"x":-2,"y":0.5},{"x":2,"y":0.5},{"x":0.5,"y":0.5},{"x":-0.5,"y":0.5},{"x":1.5,"y":1.5},{"x":0.5,"y":1.5},{"x":-0.5,"y":1.5},{"x":-1.5,"y":1.5}]},{"index":2,"tiles":[{"x":-1,"y":1.5},{"x":1,"y":1.5}]}],"seeds":["XBh2lAmCgyJMQrBwC0NSAzN1Y6kE"]},{"layers":[{"index":0,"tiles":[{"x":-2,"y":-1},{"x":-2,"y":0},{"x":-1,"y":-1},{"x":-1.5,"y":1},{"x":-0.5,"y":0},{"x":-2,"y":2},{"x":1,"y":-1},{"x":-0.5,"y":1},{"x":0.5,"y":0},{"x":2,"y":-1},{"x":-0.5,"y":2},{"x":0.5,"y":1},{"x":2,"y":0},{"x":0.5,"y":2},{"x":1.5,"y":1},{"x":2,"y":2}]},{"index":1,"tiles":[{"x":-1.5,"y":-1},{"x":-2,"y":0},{"x":-0.5,"y":0},{"x":-2,"y":2},{"x":-1,"y":1},{"x":0.5,"y":0},{"x":1.5,"y":-1},{"x":1,"y":1},{"x":2,"y":0},{"x":2,"y":2}]},{"index":2,"tiles":[{"x":-2,"y":0},{"x":-0.5,"y":0},{"x":0.5,"y":0},{"x":2,"y":0}]},{"index":3,"tiles":[{"x":-2,"y":0},{"x":-0.5,"y":0},{"x":0.5,"y":0},{"x":2,"y":0}]}],"seeds":["aoqeWBgs0veF1oIxgdU00FZJDjNAFbENDgEA"]},{"layers":[{"index":0,"tiles":[{"x":-1.5,"y":-2.5},{"x":-0.5,"y":-2.5},{"x":0.5,"y":-2.5},{"x":1.5,"y":-2.5},{"x":-1.5,"y":-1.5},{"x":-0.5,"y":-1.5},{"x":0.5,"y":-1.5},{"x":1.5,"y":-1.5},{"x":1.5,"y":-0.5},{"x":0.5,"y":-0.5},{"x":-0.5,"y":-0.5},{"x":-1.5,"y":-0.5},{"x":-1.5,"y":0.5},{"x":-0.5,"y":0.5},{"x":0.5,"y":0.5},{"x":1.5,"y":0.5},{"x":-1.5,"y":1.5},{"x":1.5,"y":1.5},{"x":-1.5,"y":2.5},{"x":-0.5,"y":2.5},{"x":0.5,"y":2.5},{"x":1.5,"y":2.5}]},{"index":1,"tiles":[{"x":-1.5,"y":-2},{"x":-0.5,"y":-2},{"x":0.5,"y":-2},{"x":1.5,"y":-2},{"x":-1.5,"y":-1},{"x":1.5,"y":-1},{"x":0.5,"y":-1},{"x":-0.5,"y":-1},{"x":-1.5,"y":0},{"x":-0.5,"y":0},{"x":0.5,"y":0},{"x":1.5,"y":0},{"x":-1.5,"y":1},{"x":1.5,"y":1},{"x":-1.5,"y":2},{"x":1.5,"y":2},{"x":-0.5,"y":2.5},{"x":0.5,"y":2.5}]},{"index":2,"tiles":[{"x":-1,"y":-2},{"x":1,"y":-2},{"x":0,"y":-1.5},{"x":-1,"y":-1},{"x":1,"y":-1},{"x":0,"y":-0.5},{"x":-1,"y":0},{"x":1,"y":0},{"x":-1.5,"y":1.5},{"x":1.5,"y":1.5}]},{"index":3,"tiles":[{"x":-1,"y":-1.5},{"x":1,"y":-1.5},{"x":0,"y":-1.5},{"x":-1,"y":-0.5},{"x":1,"y":-0.5},{"x":0,"y":-0.5}]}],"seeds":["QTdcYvF5YAd+Q3UF3lJNzmKJjsUUYUNMHAcKnKBQKco1pkoxZKicJTgS"]},{"layers":[{"index":0,"tiles":[{"x":-1.5,"y":-2.5},{"x":1.5,"y":-2.5},{"x":0.5,"y":-2.5},{"x":-0.5,"y":-2.5},{"x":-1.5,"y":-1.5},{"x":1.5,"y":-1.5},{"x":-0.5,"y":-1.5},{"x":0.5,"y":-1.5},{"x":-1.5,"y":-0.5},{"x":-0.5,"y":-0.5},{"x":1.5,"y":-0.5},{"x":0.5,"y":-0.5},{"x":-1.5,"y":0.5},{"x":-0.5,"y":0.5},{"x":0.5,"y":0.5},{"x":1.5,"y":0.5},{"x":-1.5,"y":1.5},{"x":1.5,"y":1.5},{"x":-0.5,"y":1.5},{"x":0.5,"y":1.5},{"x":-1.5,"y":2.5},{"x":-0.5,"y":2.5},{"x":0.5,"y":2.5},{"x":1.5,"y":2.5}]},{"index":1,"tiles":[{"x":1,"y":-2},{"x":-1,"y":-2},{"x":1.5,"y":-1},{"x":0.5,"y":-1},{"x":-0.5,"y":-1},{"x":-1.5,"y":-1},{"x":-1.5,"y":0},{"x":-0.5,"y":0},{"x":0.5,"y":0},{"x":1.5,"y":0},{"x":1.5,"y":1},{"x":0.5,"y":1},{"x":-0.5,"y":1},{"x":-1.5,"y":1},{"x":-1.5,"y":2},{"x":-0.5,"y":2},{"x":0.5,"y":2},{"x":1.5,"y":2}]},{"index":2,"tiles":[{"x":-1,"y":-1.5},{"x":1,"y":-1.5},{"x":-1.5,"y":-0.5},{"x":-0.5,"y":-0.5},{"x":0.5,"y":-0.5},{"x":1.5,"y":-0.5},{"x":-1.5,"y":0.5},{"x":0.5,"y":0.5},{"x":-0.5,"y":0.5},{"x":1.5,"y":0.5},{"x":-0.5,"y":1.5},{"x":0.5,"y":1.5},{"x":1.5,"y":1.5},{"x":-1.5,"y":1.5}]}],"seeds":["QtMJzXCmFBUMZsV5XhcSC6cyIBEwFRqEFciR3TQQ3cRVSyCKpTJ2g9IR"]},{"layers":[{"index":0,"tiles":[{"x":-0.5,"y":-2.5},{"x":0.5,"y":-2.5},{"x":-2.5,"y":-2.5},{"x":2.5,"y":-2.5},{"x":2.5,"y":-1.5},{"x":1.5,"y":-1.5},{"x":0.5,"y":-1.5},{"x":-0.5,"y":-1.5},{"x":-1.5,"y":-1.5},{"x":-2.5,"y":-1.5},{"x":-2.5,"y":-0.5},{"x":-1.5,"y":-0.5},{"x":-0.5,"y":-0.5},{"x":0.5,"y":-0.5},{"x":1.5,"y":-0.5},{"x":2.5,"y":-0.5},{"x":-2.5,"y":0.5},{"x":-1.5,"y":0.5},{"x":-0.5,"y":0.5},{"x":0.5,"y":0.5},{"x":1.5,"y":0.5},{"x":2.5,"y":0.5},{"x":-2.5,"y":1.5},{"x":-1.5,"y":1.5},{"x":0.5,"y":1.5},{"x":1.5,"y":1.5},{"x":2.5,"y":1.5},{"x":-0.5,"y":1.5},{"x":-0.5,"y":2.5},{"x":0.5,"y":2.5}]},{"index":1,"tiles":[{"x":-2.5,"y":-2},{"x":2.5,"y":-2},{"x":-0.5,"y":-2},{"x":0.5,"y":-2},{"x":2.5,"y":-1},{"x":1.5,"y":-1},{"x":0.5,"y":-1},{"x":-0.5,"y":-1},{"x":-1.5,"y":-1},{"x":-2.5,"y":-1},{"x":-2,"y":0},{"x":-1,"y":0},{"x":1,"y":0},{"x":2,"y":0},{"x":-2,"y":1},{"x":-1,"y":1},{"x":1,"y":1},{"x":2,"y":1},{"x":-0.5,"y":2},{"x":0.5,"y":2}]},{"index":2,"tiles":[{"x":-2.5,"y":-1.5},{"x":2.5,"y":-1.5},{"x":-0.5,"y":-1.5},{"x":0.5,"y":-1.5},{"x":-1.5,"y":-1},{"x":1.5,"y":-1},{"x":1.5,"y":0},{"x":-1.5,"y":0},{"x":1.5,"y":1},{"x":-1.5,"y":1}]},{"index":3,"tiles":[{"x":-1.5,"y":0.5},{"x":1.5,"y":0.5}]}],"seeds":["IxeAXLAw1iAYofGJnkN5HRh2D8mFHFOGylOAlNmIzkRcllBc1aCeygQuRNV8aAoA"]},{"layers":[{"index":0,"tiles":[{"x":-2.5,"y":-2.5},{"x":-1.5,"y":-2.5},{"x":-0.5,"y":-2.5},{"x":0.5,"y":-2.5},{"x":1.5,"y":-2.5},{"x":2.5,"y":-2.5},{"x":-2.5,"y":-1.5},{"x":1.5,"y":-1.5},{"x":0.5,"y":-1.5},{"x":-0.5,"y":-1.5},{"x":-1.5,"y":-1.5},{"x":2.5,"y":-1.5},{"x":-2.5,"y":-0.5},{"x":-1.5,"y":-0.5},{"x":-0.5,"y":-0.5},{"x":0.5,"y":-0.5},{"x":1.5,"y":-0.5},{"x":2.5,"y":-0.5},{"x":-0.5,"y":0.5},{"x":0.5,"y":0.5},{"x":-1.5,"y":0.5},{"x":1.5,"y":0.5},{"x":-2.5,"y":1.5},{"x":2.5,"y":1.5},{"x":-0.5,"y":1.5},{"x":0.5,"y":1.5},{"x":-1.5,"y":2},{"x":1.5,"y":2},{"x":-2.5,"y":2.5},{"x":-0.5,"y":2.5},{"x":0.5,"y":2.5},{"x":2.5,"y":2.5}]},{"index":1,"tiles":[{"x":-2,"y":-2},{"x":2,"y":-2},{"x":-1,"y":-1.5},{"x":1,"y":-1.5},{"x":-2,"y":-1},{"x":2,"y":-1},{"x":-1,"y":-0.5},{"x":1,"y":-0.5},{"x":-1,"y":0.5},{"x":1,"y":0.5},{"x":-2,"y":2},{"x":-1,"y":2},{"x":1,"y":2},{"x":2,"y":2}]},{"index":2,"tiles":[{"x":-1.5,"y":-1.5},{"x":1.5,"y":-1.5},{"x":-1,"y":0},{"x":1,"y":0},{"x":-1.5,"y":2},{"x":1.5,"y":2}]}],"seeds":["yskw4bRUyjCBYDdUJcWZTFWRHMgIw8JxnCoI1AAKQToEKKcM4dgp"]},{"layers":[{"index":0,"tiles":[{"x":-1.5,"y":-2.5},{"x":-0.5,"y":-2.5},{"x":0.5,"y":-2.5},{"x":1.5,"y":-2.5},{"x":-0.5,"y":-1.5},{"x":0.5,"y":-1.5},{"x":-2.5,"y":-1.5},{"x":2.5,"y":-1.5},{"x":-2.5,"y":-0.5},{"x":-1.5,"y":-0.5},{"x":-0.5,"y":-0.5},{"x":0.5,"y":-0.5},{"x":1.5,"y":-0.5},{"x":2.5,"y":-0.5},{"x":2.5,"y":0.5},{"x":1.5,"y":0.5},{"x":0.5,"y":0.5},{"x":-0.5,"y":0.5},{"x":-1.5,"y":0.5},{"x":-2.5,"y":0.5},{"x":-2.5,"y":1.5},{"x":-1.5,"y":1.5},{"x":-0.5,"y":1.5},{"x":0.5,"y":1.5},{"x":1.5,"y":1.5},{"x":2.5,"y":1.5},{"x":-2.5,"y":2.5},{"x":0.5,"y":2.5},{"x":-0.5,"y":2.5},{"x":2.5,"y":2.5}]},{"index":1,"tiles":[{"x":-1,"y":-2.5},{"x":1,"y":-2.5},{"x":-2.5,"y":-1},{"x":2.5,"y":-1},{"x":-1,"y":-0.5},{"x":1,"y":-0.5},{"x":-2.5,"y":0},{"x":2.5,"y":0},{"x":-1,"y":0.5},{"x":1,"y":0.5},{"x":-2.5,"y":1},{"x":2.5,"y":1},{"x":-1,"y":1.5},{"x":1,"y":1.5},{"x":-2.5,"y":2},{"x":2.5,"y":2}]},{"index":2,"tiles":[{"x":-2.5,"y":-0.5},{"x":2.5,"y":-0.5},{"x":-1,"y":0},{"x":1,"y":0},{"x":-2.5,"y":0.5},{"x":2.5,"y":0.5},{"x":-1,"y":1},{"x":1,"y":1},{"x":-2.5,"y":1.5},{"x":2.5,"y":1.5}]},{"index":3,"tiles":[{"x":-2.5,"y":0},{"x":2.5,"y":0},{"x":-2.5,"y":1},{"x":2.5,"y":1}]}],"seeds":["3tSkYGWGqKh802WVjrNU4QIKYzhYpPFxgaowA9UwAVcIBUgRBHdyoQh2Rnd5"]},{"layers":[{"index":0,"tiles":[{"x":0.5,"y":-2.5},{"x":-0.5,"y":-2.5},{"x":-2.5,"y":-2},{"x":2.5,"y":-2},{"x":-1.5,"y":-1.5},{"x":-0.5,"y":-1.5},{"x":0.5,"y":-1.5},{"x":1.5,"y":-1.5},{"x":-2.5,"y":-1},{"x":2.5,"y":-1},{"x":-1.5,"y":-0.5},{"x":-0.5,"y":-0.5},{"x":0.5,"y":-0.5},{"x":1.5,"y":-0.5},{"x":-2.5,"y":0},{"x":2.5,"y":0},{"x":1.5,"y":0.5},{"x":0.5,"y":0.5},{"x":-0.5,"y":0.5},{"x":-1.5,"y":0.5},{"x":-2.5,"y":1},{"x":2.5,"y":1},{"x":-1.5,"y":1.5},{"x":-0.5,"y":1.5},{"x":0.5,"y":1.5},{"x":1.5,"y":1.5},{"x":2.5,"y":2},{"x":-2.5,"y":2}]},{"index":1,"tiles":[{"x":-2,"y":-1.5},{"x":2,"y":-1.5},{"x":-0.5,"y":-1},{"x":0.5,"y":-1},{"x":-2,"y":-0.5},{"x":2,"y":-0.5},{"x":0.5,"y":0},{"x":-0.5,"y":0},{"x":2,"y":0.5},{"x":-2,"y":0.5},{"x":-0.5,"y":1},{"x":0.5,"y":1},{"x":-2,"y":1.5},{"x":2,"y":1.5}]},{"index":2,"tiles":[{"x":2,"y":-1},{"x":-2,"y":-1},{"x":0.5,"y":-0.5},{"x":-0.5,"y":-0.5},{"x":-2,"y":0},{"x":2,"y":0},{"x":0.5,"y":0.5},{"x":-0.5,"y":0.5},{"x":2,"y":1},{"x":-2,"y":1}]},{"index":3,"tiles":[{"x":-2,"y":-0.5},{"x":2,"y":-0.5},{"x":-2,"y":0.5},{"x":2,"y":0.5}]}],"seeds":["JgkG0xJMzQJ6jHIJIkEUjFOJXEUJiuU0I9WV6HcV6dcNYcgNHAieHqda"]},{"layers":[{"index":0,"tiles":[{"x":1.5,"y":-2.5},{"x":0.5,"y":-2.5},{"x":-0.5,"y":-2.5},{"x":-1.5,"y":-2.5},{"x":2.5,"y":-2},{"x":-2.5,"y":-2},{"x":-1.5,"y":-1.5},{"x":-0.5,"y":-1.5},{"x":0.5,"y":-1.5},{"x":1.5,"y":-1.5},{"x":2.5,"y":-1},{"x":-2.5,"y":-1},{"x":-1.5,"y":-0.5},{"x":-0.5,"y":-0.5},{"x":0.5,"y":-0.5},{"x":1.5,"y":-0.5},{"x":-2,"y":0.5},{"x":-1,"y":0.5},{"x":1,"y":0.5},{"x":2,"y":0.5},{"x":-1,"y":1.5},{"x":-2,"y":1.5},{"x":1,"y":1.5},{"x":2,"y":1.5},{"x":-2,"y":2.5},{"x":-1,"y":2.5},{"x":1,"y":2.5},{"x":2,"y":2.5}]},{"index":1,"tiles":[{"x":2,"y":-2},{"x":-2,"y":-2},{"x":-1,"y":-2},{"x":1,"y":-2},{"x":2,"y":-1},{"x":-1,"y":-1},{"x":-2,"y":-1},{"x":1,"y":-1},{"x":-1,"y":0},{"x":1,"y":0},{"x":-1,"y":1},{"x":1,"y":1},{"x":-2,"y":1},{"x":2,"y":1},{"x":-1,"y":2},{"x":1,"y":2},{"x":-2,"y":2},{"x":2,"y":2}]},{"index":2,"tiles":[{"x":2,"y":-1.5},{"x":-2,"y":-1.5},{"x":-1,"y":-1.5},{"x":1,"y":-1.5},{"x":-1,"y":-0.5},{"x":1,"y":-0.5},{"x":-1,"y":0.5},{"x":1,"y":0.5},{"x":-1.5,"y":1.5},{"x":1.5,"y":1.5}]},{"index":3,"tiles":[{"x":-1,"y":-1},{"x":1,"y":-1},{"x":-1,"y":0},{"x":1,"y":0}]}],"seeds":["n6hylvNxQ+gYBlcp6aSE1QB63MlYjBiE0wKC1xJ4aHORJUWMJlU0hSB0HRgS"]},{"layers":[{"index":0,"tiles":[{"x":-1.5,"y":-2.5},{"x":-2.5,"y":-2.5},{"x":2.5,"y":-2.5},{"x":1.5,"y":-2.5},{"x":-2,"y":-1.5},{"x":-3,"y":-1.5},{"x":3,"y":-1.5},{"x":2,"y":-1.5},{"x":1,"y":-1.5},{"x":-1,"y":-1.5},{"x":-2.5,"y":-0.5},{"x":-1.5,"y":-0.5},{"x":0.5,"y":-0.5},{"x":1.5,"y":-0.5},{"x":-0.5,"y":-0.5},{"x":2.5,"y":-0.5},{"x":2,"y":0.5},{"x":1,"y":0.5},{"x":0,"y":0.5},{"x":-1,"y":0.5},{"x":-2,"y":0.5},{"x":1,"y":1.5},{"x":0,"y":1.5},{"x":-1,"y":1.5},{"x":0,"y":2.5}]},{"index":1,"tiles":[{"x":2.5,"y":-2.5},{"x":-1.5,"y":-2.5},{"x":-2.5,"y":-2.5},{"x":1.5,"y":-2.5},{"x":-1,"y":-1.5},{"x":-2,"y":-1.5},{"x":-3,"y":-1.5},{"x":3,"y":-1.5},{"x":2,"y":-1.5},{"x":1,"y":-1.5},{"x":1,"y":-0.5},{"x":2,"y":-0.5},{"x":-2,"y":-0.5},{"x":-1,"y":-0.5},{"x":0,"y":-0.5},{"x":0.5,"y":0.5},{"x":1.5,"y":0.5},{"x":-1.5,"y":0.5},{"x":-0.5,"y":0.5},{"x":-0.5,"y":1.5},{"x":0.5,"y":1.5},{"x":0,"y":2.5}]},{"index":2,"tiles":[{"x":-2,"y":-2.5},{"x":2,"y":-2.5},{"x":-2.5,"y":-1.5},{"x":2.5,"y":-1.5},{"x":-1.5,"y":-1.5},{"x":1.5,"y":-1.5},{"x":0.5,"y":-0.5},{"x":-0.5,"y":-0.5},{"x":-1.5,"y":-0.5},{"x":1.5,"y":-0.5},{"x":-1,"y":0.5},{"x":0,"y":0.5},{"x":1,"y":0.5},{"x":0,"y":1.5}]},{"index":3,"tiles":[{"x":-2,"y":-1.5},{"x":2,"y":-1.5},{"x":0,"y":-0.5},{"x":-1,"y":-0.5},{"x":1,"y":-0.5},{"x":0.5,"y":0.5},{"x":-0.5,"y":0.5}]}],"seeds":["DmqF5OcUkylOVBqeHNdxylhyjSA2AWgRHfZ11OVdlQEyaoUxYbgIwwAu4KN0XiASjyEW"]},{"layers":[{"index":0,"tiles":[{"x":0.5,"y":-2.5},{"x":-1.5,"y":-2.5},{"x":1.5,"y":-2.5},{"x":-0.5,"y":-2.5},{"x":-1,"y":-1.5},{"x":1,"y":-1.5},{"x":0,"y":-1.5},{"x":2,"y":-1.5},{"x":-2,"y":-1.5},{"x":-1,"y":-0.5},{"x":0,"y":-0.5},{"x":-2,"y":-0.5},{"x":1,"y":-0.5},{"x":2,"y":-0.5},{"x":0.5,"y":0.5},{"x":-2.5,"y":0.5},{"x":2.5,"y":0.5},{"x":1.5,"y":0.5},{"x":-0.5,"y":0.5},{"x":-1.5,"y":0.5},{"x":1,"y":1.5},{"x":-2.5,"y":1.5},{"x":2.5,"y":1.5},{"x":-1,"y":1.5},{"x":1,"y":2.5},{"x":-2.5,"y":2.5},{"x":-1,"y":2.5},{"x":2.5,"y":2.5}]},{"index":1,"tiles":[{"x":1,"y":-2.5},{"x":-1,"y":-2.5},{"x":1.5,"y":-1},{"x":-1.5,"y":-1},{"x":-0.5,"y":-1},{"x":0.5,"y":-1},{"x":-0.5,"y":0},{"x":1.5,"y":0},{"x":0.5,"y":0},{"x":-1.5,"y":0},{"x":-2.5,"y":1},{"x":2.5,"y":1},{"x":-2.5,"y":2},{"x":2.5,"y":2},{"x":-1,"y":2},{"x":1,"y":2}]},{"index":2,"tiles":[{"x":0,"y":-1},{"x":-1,"y":-1},{"x":1,"y":-1},{"x":1,"y":0},{"x":-1,"y":0},{"x":0,"y":0},{"x":-2.5,"y":1.5},{"x":2.5,"y":1.5},{"x":1,"y":2},{"x":-1,"y":2}]},{"index":3,"tiles":[{"x":-0.5,"y":-1},{"x":0.5,"y":-1},{"x":0.5,"y":0},{"x":-0.5,"y":0}]}],"seeds":["njMQE3U5Q2CBIFeaYUMExYgW00J5VSU0onJ2KgNeIRdyAkcuYNp9lhgqHwMA"]},{"layers":[{"index":0,"tiles":[{"x":-2.5,"y":-2.5},{"x":2.5,"y":-2.5},{"x":-1.5,"y":-2},{"x":1.5,"y":-2},{"x":-2.5,"y":-1.5},{"x":2.5,"y":-1.5},{"x":0.5,"y":-1.5},{"x":-0.5,"y":-1.5},{"x":-2.5,"y":-0.5},{"x":-1.5,"y":-0.5},{"x":-0.5,"y":-0.5},{"x":0.5,"y":-0.5},{"x":1.5,"y":-0.5},{"x":2.5,"y":-0.5},{"x":2.5,"y":0.5},{"x":1.5,"y":0.5},{"x":0.5,"y":0.5},{"x":-0.5,"y":0.5},{"x":-1.5,"y":0.5},{"x":-2.5,"y":0.5},{"x":-2.5,"y":1.5},{"x":-1.5,"y":1.5},{"x":-0.5,"y":1.5},{"x":0.5,"y":1.5},{"x":1.5,"y":1.5},{"x":2.5,"y":1.5},{"x":-2.5,"y":2.5},{"x":-1.5,"y":2.5},{"x":-0.5,"y":2.5},{"x":0.5,"y":2.5},{"x":1.5,"y":2.5},{"x":2.5,"y":2.5}]},{"index":1,"tiles":[{"x":2,"y":-2},{"x":-2,"y":-2},{"x":0,"y":-1},{"x":-1,"y":-0.5},{"x":1,"y":-0.5},{"x":-2.5,"y":0},{"x":2.5,"y":0},{"x":0,"y":0},{"x":2.5,"y":1},{"x":1.5,"y":1},{"x":0.5,"y":1},{"x":-0.5,"y":1},{"x":-1.5,"y":1},{"x":-2.5,"y":1},{"x":-1,"y":2},{"x":-2,"y":2},{"x":1,"y":2},{"x":2,"y":2}]},{"index":2,"tiles":[{"x":-2.5,"y":0.5},{"x":2.5,"y":0.5},{"x":-1,"y":1.5},{"x":-2,"y":1.5},{"x":1,"y":1.5},{"x":2,"y":1.5}]},{"index":3,"tiles":[{"x":-1.5,"y":1.5},{"x":1.5,"y":1.5}]}],"seeds":["TTNO3OQNBbosnxUSzKB0FeV0oPOJpqhe3iVwHFhyFlEJIROkYEEGZxiCCgUA"]},{"layers":[{"index":0,"tiles":[{"x":-0.5,"y":-2.5},{"x":0.5,"y":-2.5},{"x":-2,"y":-2.5},{"x":2,"y":-2.5},{"x":-0.5,"y":-1.5},{"x":0.5,"y":-1.5},{"x":-2,"y":-1.5},{"x":2,"y":-1.5},{"x":-1.5,"y":-0.5},{"x":1.5,"y":-0.5},{"x":0.5,"y":-0.5},{"x":-0.5,"y":-0.5},{"x":2.5,"y":0},{"x":-2.5,"y":0},{"x":-1.5,"y":0.5},{"x":-0.5,"y":0.5},{"x":0.5,"y":0.5},{"x":1.5,"y":0.5},{"x":-2,"y":1.5},{"x":-0.5,"y":1.5},{"x":0.5,"y":1.5},{"x":2,"y":1.5},{"x":-2,"y":2.5},{"x":-0.5,"y":2.5},{"x":0.5,"y":2.5},{"x":2,"y":2.5}]},{"index":1,"tiles":[{"x":-0.5,"y":-2},{"x":2,"y":-2},{"x":0.5,"y":-2},{"x":-2,"y":-2},{"x":-0.5,"y":-1},{"x":0.5,"y":-1},{"x":1,"y":0},{"x":0,"y":0},{"x":-1,"y":0},{"x":-2,"y":0},{"x":2,"y":0},{"x":0.5,"y":1},{"x":-0.5,"y":1},{"x":-2,"y":2},{"x":-0.5,"y":2},{"x":0.5,"y":2},{"x":2,"y":2}]},{"index":2,"tiles":[{"x":0,"y":-2},{"x":0,"y":-1},{"x":-1.5,"y":0},{"x":-0.5,"y":0},{"x":0.5,"y":0},{"x":1.5,"y":0},{"x":0,"y":1},{"x":0,"y":2}]},{"index":3,"tiles":[{"x":0,"y":0},{"x":1,"y":0},{"x":-1,"y":0}]}],"seeds":["VWWRIuh1DQMOhVdMncVQxDU2nMOVzics5rBQqjKJafCBYBAKRKhcJwoA"]},{"layers":[{"index":0,"tiles":[{"x":0.5,"y":-2.5},{"x":-0.5,"y":-2.5},{"x":-1.5,"y":-2.5},{"x":1.5,"y":-2.5},{"x":-2.5,"y":-2.5},{"x":2.5,"y":-2.5},{"x":-1.5,"y":-1.5},{"x":-0.5,"y":-1.5},{"x":0.5,"y":-1.5},{"x":1.5,"y":-1.5},{"x":-1.5,"y":-0.5},{"x":-0.5,"y":-0.5},{"x":0.5,"y":-0.5},{"x":1.5,"y":-0.5},{"x":-1.5,"y":0.5},{"x":-0.5,"y":0.5},{"x":0.5,"y":0.5},{"x":1.5,"y":0.5},{"x":-2.5,"y":0.5},{"x":2.5,"y":0.5},{"x":-2.5,"y":1.5},{"x":-1.5,"y":1.5},{"x":1.5,"y":1.5},{"x":2.5,"y":1.5},{"x":-2.5,"y":2.5},{"x":-1.5,"y":2.5},{"x":1.5,"y":2.5},{"x":2.5,"y":2.5}]},{"index":1,"tiles":[{"x":2,"y":-2.5},{"x":1,"y":-2.5},{"x":-2,"y":-2.5},{"x":-1,"y":-2.5},{"x":0,"y":-2.5},{"x":1,"y":-1.5},{"x":0,"y":-1.5},{"x":-1,"y":-1.5},{"x":1,"y":-0.5},{"x":-1,"y":-0.5},{"x":0,"y":-0.5},{"x":0,"y":0.5},{"x":1,"y":0.5},{"x":2,"y":0.5},{"x":-2,"y":0.5},{"x":-1,"y":0.5},{"x":-2,"y":1.5},{"x":2,"y":1.5},{"x":-2,"y":2.5},{"x":2,"y":2.5}]},{"index":2,"tiles":[{"x":-0.5,"y":-2},{"x":0.5,"y":-2},{"x":-0.5,"y":0},{"x":0.5,"y":0},{"x":-2,"y":1},{"x":2,"y":1},{"x":2,"y":2},{"x":-2,"y":2}]},{"index":3,"tiles":[{"x":0,"y":-2},{"x":0,"y":0},{"x":2,"y":1.5},{"x":-2,"y":1.5}]}],"seeds":["hDgNnwJ25tJwKRUIAlVxYfCJSqgS3lJNJMo5Vnk5Y8cV4Al6YGEx4WWEBtMM"]},{"layers":[{"index":0,"tiles":[{"x":0.5,"y":-2.5},{"x":-0.5,"y":-2.5},{"x":2.5,"y":-2.5},{"x":-2.5,"y":-2.5},{"x":0.5,"y":-1.5},{"x":-0.5,"y":-1.5},{"x":-1.5,"y":-1.5},{"x":-2.5,"y":-1.5},{"x":1.5,"y":-1.5},{"x":2.5,"y":-1.5},{"x":0.5,"y":-0.5},{"x":-0.5,"y":-0.5},{"x":2.5,"y":-0.5},{"x":-2.5,"y":-0.5},{"x":-1.5,"y":0},{"x":1.5,"y":0},{"x":0.5,"y":0.5},{"x":-0.5,"y":0.5},{"x":-1.5,"y":1},{"x":1.5,"y":1},{"x":-2.5,"y":2},{"x":-1.5,"y":2},{"x":-0.5,"y":2},{"x":0.5,"y":2},{"x":1.5,"y":2},{"x":2.5,"y":2},{"x":-2.5,"y":3},{"x":-1.5,"y":3},{"x":0.5,"y":3},{"x":1.5,"y":3},{"x":2.5,"y":3},{"x":-0.5,"y":3}]},{"index":1,"tiles":[{"x":2.5,"y":-2},{"x":-2.5,"y":-2},{"x":-1,"y":-1.5},{"x":1,"y":-1.5},{"x":0,"y":-1.5},{"x":2.5,"y":-1},{"x":-2.5,"y":-1},{"x":-0.5,"y":0},{"x":0.5,"y":0},{"x":-1.5,"y":0.5},{"x":1.5,"y":0.5},{"x":-2,"y":2},{"x":2,"y":2},{"x":-0.5,"y":2.5},{"x":0.5,"y":2.5},{"x":-2,"y":3},{"x":2,"y":3}]},{"index":2,"tiles":[{"x":0.5,"y":-1.5},{"x":-0.5,"y":-1.5},{"x":-2.5,"y":-1.5},{"x":2.5,"y":-1.5},{"x":0,"y":2.5},{"x":-2,"y":2.5},{"x":2,"y":2.5}]}],"seeds":["kxkGZed1V6BeoFcx1HJOxESGHNV8nPUNTCWiSuGMUyMORSo4IAGC1qII"]},{"layers":[{"index":0,"tiles":[{"x":2,"y":-2.5},{"x":-2,"y":-2.5},{"x":0.5,"y":-2.5},{"x":-0.5,"y":-2.5},{"x":-0.5,"y":-1.5},{"x":0.5,"y":-1.5},{"x":-1.5,"y":-1.5},{"x":-2.5,"y":-1.5},{"x":1.5,"y":-1.5},{"x":2.5,"y":-1.5},{"x":-0.5,"y":-0.5},{"x":0.5,"y":-0.5},{"x":-1.5,"y":-0.5},{"x":1.5,"y":-0.5},{"x":0.5,"y":0.5},{"x":-0.5,"y":0.5},{"x":-1.5,"y":0.5},{"x":-2.5,"y":0.5},{"x":1.5,"y":0.5},{"x":2.5,"y":0.5},{"x":0.5,"y":1.5},{"x":-0.5,"y":1.5},{"x":-2.5,"y":1.5},{"x":-1.5,"y":1.5},{"x":2.5,"y":1.5},{"x":1.5,"y":1.5},{"x":0.5,"y":2.5},{"x":-0.5,"y":2.5},{"x":-1.5,"y":2.5},{"x":-2.5,"y":2.5},{"x":2.5,"y":2.5},{"x":1.5,"y":2.5},{"x":-0.5,"y":3.5},{"x":0.5,"y":3.5},{"x":2.5,"y":3.5},{"x":-2.5,"y":3.5}]},{"index":1,"tiles":[{"x":-0.5,"y":-2},{"x":0.5,"y":-2},{"x":-2,"y":-2},{"x":2,"y":-2},{"x":-1,"y":-1},{"x":1,"y":-1},{"x":-1.5,"y":0},{"x":-0.5,"y":0},{"x":1.5,"y":0},{"x":0.5,"y":0},{"x":-2.5,"y":1},{"x":-1.5,"y":1},{"x":-0.5,"y":1},{"x":0.5,"y":1},{"x":1.5,"y":1},{"x":2.5,"y":1},{"x":-2.5,"y":2},{"x":2.5,"y":2},{"x":0.5,"y":2},{"x":-0.5,"y":2},{"x":-1.5,"y":2},{"x":1.5,"y":2},{"x":-2.5,"y":3},{"x":2.5,"y":3},{"x":-0.5,"y":3},{"x":0.5,"y":3}]},{"index":2,"tiles":[{"x":-2,"y":-2},{"x":2,"y":-2},{"x":0,"y":-2},{"x":1,"y":-0.5},{"x":-1,"y":-0.5},{"x":-1,"y":0.5},{"x":1,"y":0.5},{"x":-2.5,"y":1.5},{"x":2.5,"y":1.5},{"x":-1,"y":1.5},{"x":1,"y":1.5},{"x":-0.5,"y":2.5},{"x":0.5,"y":2.5},{"x":-2.5,"y":2.5},{"x":2.5,"y":2.5}]},{"index":3,"tiles":[{"x":-1,"y":0},{"x":1,"y":0},{"x":-1,"y":1},{"x":1,"y":1},{"x":2.5,"y":2},{"x":-2.5,"y":2},{"x":0,"y":2.5}]}],"seeds":["zaF65gd6YoiFAjp5hUiN0PmRnJWVgcMwncdxhshd3KOID5SCxLJ0QhYQoGWAylCAHMUNXMhNYBV2FXd0ztVg"]},{"layers":[{"index":0,"tiles":[{"x":-1.5,"y":-2.5},{"x":-0.5,"y":-2.5},{"x":0.5,"y":-2.5},{"x":1.5,"y":-2.5},{"x":2.5,"y":-2.5},{"x":-2.5,"y":-2.5},{"x":-2.5,"y":-1.5},{"x":-1.5,"y":-1.5},{"x":1.5,"y":-1.5},{"x":2.5,"y":-1.5},{"x":0.5,"y":-1},{"x":-0.5,"y":-1},{"x":-2.5,"y":-0.5},{"x":2.5,"y":-0.5},{"x":1.5,"y":-0.5},{"x":-1.5,"y":-0.5},{"x":0.5,"y":0},{"x":-0.5,"y":0},{"x":1.5,"y":0.5},{"x":2.5,"y":0.5},{"x":-1.5,"y":0.5},{"x":-2.5,"y":0.5},{"x":-1.5,"y":1.5},{"x":1.5,"y":1.5},{"x":-0.5,"y":1.5},{"x":0.5,"y":1.5},{"x":-2,"y":2.5},{"x":-1,"y":2.5},{"x":2,"y":2.5},{"x":1,"y":2.5}]},{"index":1,"tiles":[{"x":-2.5,"y":-2},{"x":-1.5,"y":-2},{"x":1.5,"y":-2},{"x":2.5,"y":-2},{"x":-2.5,"y":-1},{"x":-1.5,"y":-1},{"x":1.5,"y":-1},{"x":2.5,"y":-1},{"x":-2.5,"y":0},{"x":-1.5,"y":0},{"x":1.5,"y":0},{"x":2.5,"y":0},{"x":1.5,"y":2.5},{"x":-1.5,"y":2.5}]},{"index":2,"tiles":[{"x":2.5,"y":-1.5},{"x":1.5,"y":-1.5},{"x":-1.5,"y":-1.5},{"x":-2.5,"y":-1.5},{"x":-2.5,"y":-0.5},{"x":-1.5,"y":-0.5},{"x":1.5,"y":-0.5},{"x":2.5,"y":-0.5}]},{"index":3,"tiles":[{"x":2,"y":-1.5},{"x":-2,"y":-1.5},{"x":-2,"y":-0.5},{"x":2,"y":-0.5}]}],"seeds":["IjFdVRN6Q1OB3uIIorBcRQpSqMINDEEq06d2H1V0gQWWjGWeTgiOHMcF"]},{"layers":[{"index":0,"tiles":[{"x":2.5,"y":-2.5},{"x":1.5,"y":-2.5},{"x":-2.5,"y":-2.5},{"x":0.5,"y":-2.5},{"x":-0.5,"y":-2.5},{"x":-1.5,"y":-2.5},{"x":-1.5,"y":-1.5},{"x":1.5,"y":-1.5},{"x":-0.5,"y":-1.5},{"x":0.5,"y":-1.5},{"x":-2.5,"y":-0.5},{"x":2.5,"y":-0.5},{"x":1.5,"y":-0.5},{"x":0.5,"y":-0.5},{"x":-0.5,"y":-0.5},{"x":-1.5,"y":-0.5},{"x":-2.5,"y":0.5},{"x":-1.5,"y":0.5},{"x":-0.5,"y":0.5},{"x":0.5,"y":0.5},{"x":1.5,"y":0.5},{"x":2.5,"y":0.5},{"x":-0.5,"y":1.5},{"x":0.5,"y":1.5},{"x":-1.5,"y":2},{"x":1.5,"y":2},{"x":-2.5,"y":3},{"x":-1.5,"y":3},{"x":-0.5,"y":3},{"x":0.5,"y":3},{"x":1.5,"y":3},{"x":2.5,"y":3}]},{"index":1,"tiles":[{"x":2,"y":-2.5},{"x":-2,"y":-2.5},{"x":1,"y":-2},{"x":-1,"y":-2},{"x":0,"y":-2},{"x":0,"y":-1},{"x":1,"y":-1},{"x":-1,"y":-1},{"x":-1,"y":0},{"x":-2,"y":0},{"x":2,"y":0},{"x":1,"y":0},{"x":0,"y":0.5},{"x":0,"y":1.5},{"x":-1.5,"y":2.5},{"x":1.5,"y":2.5}]},{"index":2,"tiles":[{"x":0.5,"y":-2},{"x":-0.5,"y":-2},{"x":0.5,"y":-1},{"x":-0.5,"y":-1},{"x":-1.5,"y":0},{"x":1.5,"y":0}]},{"index":3,"tiles":[{"x":0.5,"y":-1.5},{"x":-0.5,"y":-1.5}]}],"seeds":["IgU2gdKE6NKk50AMDBdWZsOFITkF6iRS4tRQCsU0VVN6nihMAtiNDbF0"]},{"layers":[{"index":0,"tiles":[{"x":-1.5,"y":-2.5},{"x":-2.5,"y":-2.5},{"x":1.5,"y":-2.5},{"x":2.5,"y":-2.5},{"x":-2.5,"y":-1.5},{"x":-1.5,"y":-1.5},{"x":-0.5,"y":-1.5},{"x":0.5,"y":-1.5},{"x":1.5,"y":-1.5},{"x":2.5,"y":-1.5},{"x":-1.5,"y":-0.5},{"x":-0.5,"y":-0.5},{"x":0.5,"y":-0.5},{"x":1.5,"y":-0.5},{"x":-2.5,"y":0.5},{"x":-1.5,"y":0.5},{"x":-0.5,"y":0.5},{"x":0.5,"y":0.5},{"x":1.5,"y":0.5},{"x":2.5,"y":0.5},{"x":-0.5,"y":1.5},{"x":0.5,"y":1.5},{"x":-1.5,"y":2},{"x":-2.5,"y":2},{"x":2.5,"y":2},{"x":1.5,"y":2},{"x":-0.5,"y":2.5},{"x":0.5,"y":2.5},{"x":-2.5,"y":3},{"x":-1.5,"y":3},{"x":1.5,"y":3},{"x":2.5,"y":3}]},{"index":1,"tiles":[{"x":-2,"y":-2.5},{"x":2,"y":-2.5},{"x":-2,"y":-1.5},{"x":2,"y":-1.5},{"x":-1,"y":-1},{"x":1,"y":-1},{"x":-1.5,"y":0},{"x":-0.5,"y":0},{"x":0.5,"y":0},{"x":1.5,"y":0},{"x":-0.5,"y":1},{"x":0.5,"y":1},{"x":-0.5,"y":2},{"x":0.5,"y":2},{"x":-2.5,"y":2.5},{"x":-1.5,"y":2.5},{"x":2.5,"y":2.5},{"x":1.5,"y":2.5}]},{"index":2,"tiles":[{"x":-2,"y":-2},{"x":2,"y":-2},{"x":-1,"y":-0.5},{"x":1,"y":-0.5},{"x":-0.5,"y":0.5},{"x":0.5,"y":0.5},{"x":-0.5,"y":1.5},{"x":0.5,"y":1.5},{"x":-2,"y":2.5},{"x":2,"y":2.5}]}],"seeds":["RSNYk1lMIcdwpagoTDWQnBB6FPiN6HU5KQieDjgEXEV4V9h1KrEsTWB9InWF"]},{"layers":[{"index":0,"tiles":[{"x":-1.5,"y":-2.5},{"x":1.5,"y":-2.5},{"x":-2.5,"y":-1.5},{"x":-1.5,"y":-1.5},{"x":-0.5,"y":-1.5},{"x":0.5,"y":-1.5},{"x":1.5,"y":-1.5},{"x":2.5,"y":-1.5},{"x":2.5,"y":-0.5},{"x":1.5,"y":-0.5},{"x":0.5,"y":-0.5},{"x":-0.5,"y":-0.5},{"x":-1.5,"y":-0.5},{"x":-2.5,"y":-0.5},{"x":-1.5,"y":0.5},{"x":-0.5,"y":0.5},{"x":0.5,"y":0.5},{"x":1.5,"y":0.5},{"x":-0.5,"y":1.5},{"x":0.5,"y":1.5},{"x":-1.5,"y":2},{"x":-2.5,"y":2},{"x":1.5,"y":2},{"x":2.5,"y":2},{"x":-0.5,"y":2.5},{"x":0.5,"y":2.5},{"x":-1.5,"y":3},{"x":-2.5,"y":3},{"x":1.5,"y":3},{"x":2.5,"y":3},{"x":0.5,"y":3.5},{"x":-0.5,"y":3.5}]},{"index":1,"tiles":[{"x":1.5,"y":-2},{"x":-1.5,"y":-2},{"x":-2,"y":-1},{"x":-1,"y":-1},{"x":1,"y":-1},{"x":2,"y":-1},{"x":-1,"y":0},{"x":1,"y":0},{"x":-0.5,"y":1},{"x":0.5,"y":1},{"x":-2,"y":2},{"x":-1,"y":2},{"x":1,"y":2},{"x":2,"y":2},{"x":-2,"y":3},{"x":2,"y":3},{"x":-0.5,"y":3},{"x":0.5,"y":3}]},{"index":2,"tiles":[{"x":-1.5,"y":-1},{"x":1.5,"y":-1},{"x":0,"y":1},{"x":-1.5,"y":2},{"x":1.5,"y":2},{"x":0,"y":3}]}],"seeds":["00lNRKVwA/OBldhR4meBagku1SgwioeGn9iAHRcMZGhWXrCIn9V8AvGl"]},{"layers":[{"index":0,"tiles":[{"x":-2,"y":-2.5},{"x":1,"y":-2.5},{"x":-1,"y":-2.5},{"x":2,"y":-2.5},{"x":-2,"y":-1.5},{"x":-1,"y":-1.5},{"x":1,"y":-1.5},{"x":2,"y":-1.5},{"x":-2,"y":-0.5},{"x":-1,"y":-0.5},{"x":1,"y":-0.5},{"x":2,"y":-0.5},{"x":-1.5,"y":0.5},{"x":0.5,"y":0.5},{"x":-0.5,"y":0.5},{"x":1.5,"y":0.5},{"x":-2.5,"y":1},{"x":2.5,"y":1},{"x":-1.5,"y":1.5},{"x":0.5,"y":1.5},{"x":-0.5,"y":1.5},{"x":1.5,"y":1.5},{"x":-2.5,"y":2},{"x":2.5,"y":2},{"x":-1.5,"y":2.5},{"x":-0.5,"y":2.5},{"x":0.5,"y":2.5},{"x":1.5,"y":2.5}]},{"index":1,"tiles":[{"x":-2,"y":-2},{"x":-1,"y":-2},{"x":1,"y":-2},{"x":2,"y":-2},{"x":-2,"y":-1},{"x":-1,"y":-1},{"x":1,"y":-1},{"x":2,"y":-1},{"x":-1,"y":0.5},{"x":1,"y":0.5},{"x":0,"y":0.5},{"x":-2,"y":1},{"x":2,"y":1},{"x":-1,"y":1.5},{"x":1,"y":1.5},{"x":0,"y":1.5},{"x":-2,"y":2},{"x":2,"y":2}]},{"index":2,"tiles":[{"x":-2,"y":-1.5},{"x":-1,"y":-1.5},{"x":1,"y":-1.5},{"x":2,"y":-1.5},{"x":2,"y":1.5},{"x":-2,"y":1.5}]},{"index":3,"tiles":[{"x":-1.5,"y":-1.5},{"x":1.5,"y":-1.5}]}],"seeds":["lYoOzEBVjLJ4FQGGithUU9cQ1CSAIlWdHJMG1DCGS9CF3lCRpcCEnAkA"]},{"layers":[{"index":0,"tiles":[{"x":-1.5,"y":-2.5},{"x":1.5,"y":-2.5},{"x":-2.5,"y":-2},{"x":2.5,"y":-2},{"x":-1.5,"y":-1.5},{"x":-0.5,"y":-1.5},{"x":0.5,"y":-1.5},{"x":1.5,"y":-1.5},{"x":-0.5,"y":-0.5},{"x":0.5,"y":-0.5},{"x":-2.5,"y":-0.5},{"x":2.5,"y":-0.5},{"x":-1.5,"y":0},{"x":1.5,"y":0},{"x":-2.5,"y":0.5},{"x":2.5,"y":0.5},{"x":0.5,"y":0.5},{"x":-0.5,"y":0.5},{"x":1.5,"y":1},{"x":-1.5,"y":1},{"x":-2.5,"y":1.5},{"x":-0.5,"y":1.5},{"x":0.5,"y":1.5},{"x":2.5,"y":1.5},{"x":-1.5,"y":2},{"x":1.5,"y":2},{"x":-0.5,"y":2.5},{"x":0.5,"y":2.5},{"x":2.5,"y":3},{"x":1.5,"y":3},{"x":-2.5,"y":3},{"x":-1.5,"y":3}]},{"index":1,"tiles":[{"x":2,"y":-2},{"x":-2,"y":-2},{"x":-0.5,"y":-1},{"x":0.5,"y":-1},{"x":-2,"y":0.5},{"x":-1,"y":0.5},{"x":1,"y":0.5},{"x":2,"y":0.5},{"x":-2,"y":1.5},{"x":-1,"y":1.5},{"x":1,"y":1.5},{"x":2,"y":1.5},{"x":-2,"y":3},{"x":2,"y":3}]},{"index":2,"tiles":[{"x":-2,"y":1},{"x":-1,"y":1},{"x":1,"y":1},{"x":2,"y":1}]},{"index":3,"tiles":[{"x":-1.5,"y":1},{"x":1.5,"y":1}]}],"seeds":["S1Mp00d2igUOn1CGZ+OFQgeKyoh6phhwYMCoFKWA1pAKAkEs1cRw"]},{"layers":[{"index":0,"tiles":[{"x":1.5,"y":-2.5},{"x":0.5,"y":-2.5},{"x":-0.5,"y":-2.5},{"x":-1.5,"y":-2.5},{"x":1.5,"y":-1.5},{"x":-1.5,"y":-1.5},{"x":-2.5,"y":-1},{"x":2.5,"y":-1},{"x":-1.5,"y":-0.5},{"x":-0.5,"y":-0.5},{"x":0.5,"y":-0.5},{"x":1.5,"y":-0.5},{"x":-2.5,"y":0},{"x":2.5,"y":0},{"x":-1.5,"y":0.5},{"x":-0.5,"y":0.5},{"x":0.5,"y":0.5},{"x":1.5,"y":0.5},{"x":-2,"y":1.5},{"x":-1,"y":1.5},{"x":2,"y":1.5},{"x":1,"y":1.5},{"x":-2,"y":2.5},{"x":-1,"y":2.5},{"x":2,"y":2.5},{"x":1,"y":2.5}]},{"index":1,"tiles":[{"x":-0.5,"y":-2.5},{"x":0.5,"y":-2.5},{"x":-1.5,"y":-2},{"x":1.5,"y":-2},{"x":-1.5,"y":-1},{"x":1.5,"y":-1},{"x":-2.5,"y":-0.5},{"x":2.5,"y":-0.5},{"x":-1.5,"y":0},{"x":-0.5,"y":0},{"x":0.5,"y":0},{"x":1.5,"y":0},{"x":-1,"y":1},{"x":1,"y":1},{"x":-1,"y":2},{"x":1,"y":2},{"x":-2,"y":2},{"x":2,"y":2}]},{"index":2,"tiles":[{"x":0,"y":-2.5},{"x":1.5,"y":-1.5},{"x":-1.5,"y":-1.5},{"x":2.5,"y":-0.5},{"x":-2.5,"y":-0.5},{"x":1.5,"y":-0.5},{"x":-1.5,"y":-0.5},{"x":0.5,"y":0},{"x":-0.5,"y":0},{"x":1,"y":1},{"x":-1,"y":1},{"x":1.5,"y":2},{"x":-1.5,"y":2}]},{"index":3,"tiles":[{"x":-2,"y":-0.5},{"x":2,"y":-0.5},{"x":0,"y":0}]}],"seeds":["niAKFBgaYrBQHxhwX8ekToFeRjgxVUUWXWha0wUOpTVwKkeM3Nk4SqOAXkgs"]},{"layers":[{"index":0,"tiles":[{"x":-1.5,"y":-2},{"x":1.5,"y":-2},{"x":0.5,"y":-2},{"x":-0.5,"y":-2},{"x":-2.5,"y":-2},{"x":2.5,"y":-2},{"x":-0.5,"y":-1},{"x":0.5,"y":-1},{"x":1.5,"y":-1},{"x":-1.5,"y":-1},{"x":-2.5,"y":-1},{"x":2.5,"y":-1},{"x":-1.5,"y":0},{"x":-0.5,"y":0},{"x":0.5,"y":0},{"x":1.5,"y":0},{"x":2.5,"y":0},{"x":-2.5,"y":0},{"x":-2.5,"y":1},{"x":-1.5,"y":1},{"x":-0.5,"y":1},{"x":0.5,"y":1},{"x":1.5,"y":1},{"x":2.5,"y":1},{"x":2.5,"y":2},{"x":1.5,"y":2},{"x":0.5,"y":2},{"x":-0.5,"y":2},{"x":-1.5,"y":2},{"x":-2.5,"y":2}]},{"index":1,"tiles":[{"x":-2,"y":-2},{"x":2,"y":-2},{"x":1,"y":-1.5},{"x":-1,"y":-1.5},{"x":-2,"y":-1},{"x":2,"y":-1},{"x":1,"y":-0.5},{"x":-1,"y":-0.5},{"x":-1,"y":0.5},{"x":1,"y":0.5},{"x":-2,"y":1},{"x":2,"y":1},{"x":-1,"y":1.5},{"x":1,"y":1.5},{"x":-2,"y":2},{"x":2,"y":2}]},{"index":2,"tiles":[{"x":-2,"y":-1.5},{"x":2,"y":-1.5},{"x":1,"y":-1},{"x":-1,"y":-1},{"x":-1,"y":0},{"x":1,"y":0},{"x":1,"y":1},{"x":-1,"y":1},{"x":2,"y":1.5},{"x":-2,"y":1.5}]}],"seeds":["gdWZ18ddRcB5lAdyHCOkaNksjEAozgeGVrOMYuhQw0SCk6hUA3GqXVWA"]},{"layers":[{"index":0,"tiles":[{"x":1.5,"y":-3.5},{"x":-1.5,"y":-3.5},{"x":-1.5,"y":-2.5},{"x":-0.5,"y":-2.5},{"x":0.5,"y":-2.5},{"x":1.5,"y":-2.5},{"x":2.5,"y":-2},{"x":-2.5,"y":-2},{"x":-1.5,"y":-1.5},{"x":0.5,"y":-1.5},{"x":1.5,"y":-1.5},{"x":-0.5,"y":-1.5},{"x":-2.5,"y":-1},{"x":2.5,"y":-1},{"x":-1.5,"y":-0.5},{"x":-0.5,"y":-0.5},{"x":0.5,"y":-0.5},{"x":1.5,"y":-0.5},{"x":-2.5,"y":0},{"x":2.5,"y":0},{"x":1.5,"y":0.5},{"x":0.5,"y":0.5},{"x":-0.5,"y":0.5},{"x":-1.5,"y":0.5},{"x":-2.5,"y":1},{"x":2.5,"y":1},{"x":-0.5,"y":1.5},{"x":0.5,"y":1.5},{"x":-2.5,"y":2},{"x":2.5,"y":2}]},{"index":1,"tiles":[{"x":-1.5,"y":-3},{"x":1.5,"y":-3},{"x":-2,"y":-1.5},{"x":-1,"y":-1.5},{"x":1,"y":-1.5},{"x":2,"y":-1.5},{"x":0,"y":-1},{"x":-2,"y":-0.5},{"x":-1,"y":-0.5},{"x":1,"y":-0.5},{"x":2,"y":-0.5},{"x":0,"y":0},{"x":-2,"y":0.5},{"x":-1,"y":0.5},{"x":1,"y":0.5},{"x":2,"y":0.5},{"x":0,"y":1},{"x":2.5,"y":1.5},{"x":-2.5,"y":1.5}]},{"index":2,"tiles":[{"x":-1.5,"y":-1},{"x":1.5,"y":-1},{"x":0,"y":-0.5},{"x":1.5,"y":0},{"x":-1.5,"y":0},{"x":0,"y":0.5}]},{"index":3,"tiles":[{"x":-1.5,"y":-0.5},{"x":1.5,"y":-0.5},{"x":0,"y":0}]}],"seeds":["X/kpQtgJgWKJhHOGwxCCYcVVFMd0VkCkU2OOC7h4HsegBdiQlwqKxTU5FAcA"]},{"layers":[{"index":0,"tiles":[{"x":-2.5,"y":-3.5},{"x":-1.5,"y":-3.5},{"x":-0.5,"y":-3.5},{"x":0.5,"y":-3.5},{"x":1.5,"y":-3.5},{"x":2.5,"y":-3.5},{"x":-2.5,"y":-2.5},{"x":-1.5,"y":-2.5},{"x":-0.5,"y":-2.5},{"x":0.5,"y":-2.5},{"x":1.5,"y":-2.5},{"x":2.5,"y":-2.5},{"x":-2.5,"y":-1.5},{"x":2.5,"y":-1.5},{"x":1.5,"y":-1.5},{"x":0.5,"y":-1.5},{"x":-0.5,"y":-1.5},{"x":-1.5,"y":-1.5},{"x":-2.5,"y":-0.5},{"x":2.5,"y":-0.5},{"x":-1.5,"y":-0.5},{"x":-0.5,"y":-0.5},{"x":0.5,"y":-0.5},{"x":1.5,"y":-0.5},{"x":-2.5,"y":0.5},{"x":2.5,"y":0.5},{"x":1.5,"y":0.5},{"x":-1.5,"y":0.5},{"x":-0.5,"y":0.5},{"x":0.5,"y":0.5},{"x":-2.5,"y":1.5},{"x":2.5,"y":1.5},{"x":1.5,"y":1.5},{"x":0.5,"y":1.5},{"x":-0.5,"y":1.5},{"x":-1.5,"y":1.5},{"x":-2.5,"y":2.5},{"x":2.5,"y":2.5},{"x":-0.5,"y":2.5},{"x":0.5,"y":2.5}]},{"index":1,"tiles":[{"x":-2.5,"y":-3},{"x":-1.5,"y":-3},{"x":-0.5,"y":-3},{"x":0.5,"y":-3},{"x":1.5,"y":-3},{"x":2.5,"y":-3},{"x":2.5,"y":-2},{"x":1.5,"y":-2},{"x":0.5,"y":-2},{"x":-0.5,"y":-2},{"x":-1.5,"y":-2},{"x":-2.5,"y":-2},{"x":-0.5,"y":-1},{"x":0.5,"y":-1},{"x":2,"y":-1},{"x":-2,"y":-1},{"x":-2,"y":0},{"x":2,"y":0},{"x":-1,"y":0},{"x":1,"y":0},{"x":0,"y":0.5},{"x":-1,"y":1},{"x":1,"y":1},{"x":-2,"y":1},{"x":2,"y":1},{"x":0,"y":1.5},{"x":-2.5,"y":2},{"x":2.5,"y":2},{"x":0,"y":2.5}]},{"index":2,"tiles":[{"x":-2,"y":-3},{"x":2,"y":-3},{"x":0,"y":-3},{"x":-1,"y":-2.5},{"x":1,"y":-2.5},{"x":-2,"y":-2},{"x":2,"y":-2},{"x":-0.5,"y":-1.5},{"x":0.5,"y":-1.5},{"x":-2,"y":-0.5},{"x":2,"y":-0.5},{"x":1,"y":0},{"x":-1,"y":0},{"x":-2,"y":0.5},{"x":2,"y":0.5},{"x":1,"y":1},{"x":-1,"y":1},{"x":0,"y":1},{"x":0,"y":2}]},{"index":3,"tiles":[{"x":1.5,"y":-2.5},{"x":-1.5,"y":-2.5},{"x":0,"y":-1.5},{"x":2,"y":0},{"x":-2,"y":0},{"x":1,"y":0.5},{"x":-1,"y":0.5},{"x":0,"y":1.5}]}],"seeds":["XYdcSDZ43gdlYgpxR8VNYQNOi9E4RiWqxAcOwVcoIahpUdSFiBWKHYNK23YRQhhwx8KEIMlZDyKVn/gkoAKOXkKZmEcV2OkI"]}]]],0,0,[],[],[]]
