{"skeleton":{"hash":"cv+DbU6j0yJ2sPS9rDrzYygnbMQ","spine":"3.8.99","x":-41.33,"y":-12.75,"width":114.13,"height":166.08,"images":"./images/","audio":"D:/SUN.STUDIO/Merge Master - Art/Animation/Warriors/lv08_Crossbow_male/Project_Spine38"},"bones":[{"name":"root"},{"name":"[RED] SKELETON CONTROL","parent":"root","scaleX":0.3328,"scaleY":0.3328,"color":"ff0000ff"},{"name":"torso","parent":"[RED] SKELETON CONTROL","x":2.28,"y":151.27,"color":"0025ffff"},{"name":"torso2","parent":"torso","length":32.73,"rotation":93.01,"x":-2.3,"y":3.76},{"name":"torso4","parent":"torso2","length":38.83,"rotation":5.12,"x":44.56,"y":-1.41},{"name":"torso5","parent":"torso4","length":26.35,"rotation":3.18,"x":38.83},{"name":"head","parent":"torso5","length":108.38,"rotation":-5.84,"x":26.61,"y":1.27},{"name":"torso6","parent":"torso4","length":26.75,"rotation":-104.91,"x":33.88,"y":-0.11},{"name":"arm_left_2","parent":"torso6","length":40.34,"rotation":-20.74,"x":31.55,"y":-0.04},{"name":"arm_left_3","parent":"arm_left_2","length":42.46,"rotation":13.58,"x":55.62,"y":-0.73},{"name":"crossbow","parent":"arm_left_3","length":14.64,"rotation":-9.75,"x":56.48,"y":-4.84},{"name":"torso7","parent":"torso4","length":28.69,"rotation":98.63,"x":35.79,"y":3},{"name":"arm_right_1","parent":"torso7","length":38.78,"rotation":99.33,"x":28.82,"y":-0.73},{"name":"arm_right_3","parent":"arm_right_1","length":52.11,"rotation":52.38,"x":38.48,"y":-1.63},{"name":"arm_right_4","parent":"arm_right_3","length":21.98,"rotation":7.97,"x":52.85},{"name":"coat","parent":"torso7","length":62.96,"rotation":-114.15,"x":24.3,"y":1.94,"transform":"noRotationOrReflection"},{"name":"coat2","parent":"coat","length":44.7,"rotation":1.38,"x":62.96},{"name":"coat3","parent":"coat2","length":41.85,"rotation":-0.01,"x":44.7},{"name":"coat4","parent":"coat3","length":47.02,"rotation":5.78,"x":41.85},{"name":"coat5","parent":"torso6","length":43.74,"rotation":-69.93,"x":23.7,"y":18.37,"transform":"noRotationOrReflection"},{"name":"coat6","parent":"coat5","length":39.95,"rotation":-5.76,"x":43.74},{"name":"coat7","parent":"coat6","length":43.37,"rotation":5.94,"x":39.95},{"name":"coat8","parent":"coat7","length":41.68,"rotation":-5.4,"x":43.37},{"name":"coat9","parent":"coat8","length":41.66,"rotation":-5.95,"x":41.68},{"name":"leg_left","parent":"torso","length":62.52,"rotation":-77.34,"x":19.51,"y":-9.46},{"name":"leg_left2","parent":"leg_left","length":65.88,"rotation":-14.2,"x":62.52},{"name":"leg_left3","parent":"[RED] SKELETON CONTROL","length":33.47,"rotation":-33.69,"x":33.73,"y":14.96,"color":"ff3f00ff"},{"name":"leg_right","parent":"torso","length":63.17,"rotation":-96.18,"x":-26.01,"y":-14.13},{"name":"leg_right2","parent":"leg_right","length":56.8,"rotation":6.18,"x":63.17},{"name":"leg_right3","parent":"[RED] SKELETON CONTROL","length":36.18,"rotation":-144.9,"x":-30.53,"y":17.54,"color":"ff3f00ff"},{"name":"torso3","parent":"torso","x":-29.08,"y":3.92},{"name":"torso8","parent":"torso3","length":25,"rotation":-118.3,"x":-4.75,"y":-4.54},{"name":"torso9","parent":"torso8","length":18.41,"rotation":-2.78,"x":22.06,"y":0.28},{"name":"torso10","parent":"torso","length":32,"rotation":-87.22,"x":0.73,"y":-9.04},{"name":"torso11","parent":"torso10","length":37,"rotation":-9.32,"x":35.3,"y":0.15},{"name":"torso12","parent":"torso","x":28.81,"y":1.33},{"name":"torso13","parent":"torso12","length":27,"rotation":-68.9,"x":2.59,"y":-7.34},{"name":"torso14","parent":"torso13","length":25,"rotation":-2.94,"x":25.26,"y":-0.19},{"name":"crossbow2","parent":"crossbow","length":103,"rotation":11.61,"x":-50.5,"y":-1.81},{"name":"crossbow3","parent":"crossbow2","length":44.51,"rotation":128.28,"x":103.21,"y":1},{"name":"crossbow4","parent":"crossbow3","length":26.76,"rotation":18.24,"x":44.51},{"name":"crossbow5","parent":"crossbow4","length":18.46,"rotation":-20.27,"x":26.76},{"name":"crossbow6","parent":"crossbow2","length":39.38,"rotation":-118.63,"x":103.84,"y":-3.57},{"name":"crossbow7","parent":"crossbow6","length":41.43,"rotation":-42.23,"x":39.38},{"name":"crossbow8","parent":"crossbow7","length":42.28,"rotation":7.37,"x":41.43},{"name":"arrow","parent":"crossbow2","length":246.64,"rotation":-6.79,"x":-35.89,"y":13.85},{"name":"arrow2","parent":"arm_right_4","length":246.64,"rotation":74.29,"x":11.62,"y":-15.59},{"name":"shoulder","parent":"torso4","length":55,"rotation":128.28,"x":56.04,"y":27.36},{"name":"head2","parent":"head","x":20.19,"y":75.13},{"name":"head4","parent":"head","x":94.98,"y":89.28},{"name":"head5","parent":"head","x":174.86,"y":53.6},{"name":"head6","parent":"head","x":157.25,"y":-18.94},{"name":"head7","parent":"head","x":132.1,"y":-83.65},{"name":"day","parent":"crossbow2","length":34.63,"rotation":-2.01,"x":25.93,"y":2.49},{"name":"shadiow","parent":"[RED] SKELETON CONTROL","x":-1.3,"y":-7.56,"color":"000000ff"}],"slots":[{"name":"shadiow","bone":"shadiow","attachment":"shadiow"},{"name":"coat","bone":"[RED] SKELETON CONTROL","attachment":"coat"},{"name":"arm_right_1","bone":"arm_left_2","attachment":"arm_right_1"},{"name":"leg_left","bone":"[RED] SKELETON CONTROL","attachment":"leg_left"},{"name":"leg_right","bone":"[RED] SKELETON CONTROL","attachment":"leg_right"},{"name":"torso","bone":"[RED] SKELETON CONTROL","attachment":"torso"},{"name":"shoulder_left","bone":"arm_left_2","attachment":"shoulder_left"},{"name":"head","bone":"head","attachment":"head"},{"name":"eyeclose","bone":"head"},{"name":"crossbow2","bone":"arm_left_3","attachment":"crossbow"},{"name":"day","bone":"day","attachment":"day"},{"name":"arrow","bone":"arrow2"},{"name":"arrow2","bone":"arrow"},{"name":"arm_right_4","bone":"arm_right_1","attachment":"arm_right_1"},{"name":"shoulder_right","bone":"shoulder","attachment":"shoulder_right"},{"name":"torso2","bone":"arm_right_4","attachment":"torso"},{"name":"arm_right_2","bone":"arm_right_3","attachment":"arm_right_2"},{"name":"eye","bone":"head","attachment":"eye"},{"name":"Crossbow_male mini_2","bone":"root"}],"ik":[{"name":"leg_left3","bones":["leg_left","leg_left2"],"target":"leg_left3","bendPositive":false},{"name":"leg_right3","order":1,"bones":["leg_right","leg_right2"],"target":"leg_right3"}],"skins":[{"name":"default","attachments":{"arm_right_1":{"arm_right_1":{"type":"mesh","uvs":[1,1,0.48953,1,0.49203,0,1,0],"triangles":[2,3,0,1,2,0],"vertices":[89.68,-42.01,12.72,-82.11,-29.87,0.57,46.71,40.47],"hull":4,"edges":[0,6,4,6,0,2,4,2],"width":170,"height":93}},"arm_right_2":{"arm_right_2":{"x":20.18,"y":-6.42,"rotation":122.98,"width":45,"height":71}},"arm_right_4":{"arm_right_1":{"type":"mesh","uvs":[0.48953,1,0,1,0,0,0.49203,0],"triangles":[0,1,2,3,0,2],"vertices":[33.6,63.91,70.76,-10.56,-12.46,-52.08,-49.81,22.76],"hull":4,"edges":[2,4,4,6,0,2,6,0],"width":170,"height":93}},"arrow":{"arrow":{"x":137.29,"y":2.17,"rotation":-1.58,"width":323,"height":102}},"arrow2":{"arrow":{"x":127.17,"y":0.62,"rotation":-0.08,"width":323,"height":102}},"coat":{"coat":{"type":"mesh","uvs":[0.47857,0,0.67656,0.02508,0.7698,0.1111,0.79877,0.19988,0.8369,0.31675,0.87539,0.43475,0.9134,0.55124,0.95606,0.682,0.99452,0.79988,0.94891,0.8974,0.8216,0.94137,0.6793,0.9691,0.52076,1,0.37002,1,0.20687,1,0.0922,0.95087,0.01882,0.86436,0.05838,0.74431,0.09828,0.62322,0.13207,0.52069,0.16584,0.4182,0.20103,0.31143,0.24456,0.17934,0.28291,0.06297,0.40856,0,0.40088,0.78922,0.40657,0.65897,0.41605,0.52708,0.42932,0.37566,0.42363,0.23889,0.45206,0.11677,0.68711,0.76154,0.66246,0.61989,0.64541,0.48312,0.6473,0.35123,0.62455,0.20958],"triangles":[31,11,12,11,31,10,10,31,9,9,31,8,31,7,8,26,32,31,31,32,7,32,6,7,6,32,33,27,28,33,33,28,34,27,33,32,6,33,5,34,5,33,28,29,34,34,3,4,34,35,3,5,34,4,35,30,1,35,2,3,35,1,2,1,30,0,21,29,28,29,35,34,21,22,29,29,30,35,29,22,30,22,23,30,23,24,30,30,24,0,26,27,32,26,19,27,19,20,27,27,20,28,20,21,28,25,18,26,18,19,26,12,13,25,13,14,25,14,15,25,31,12,25,16,17,15,15,17,25,17,18,25,25,26,31],"vertices":[2,15,-30.71,0.15,0.22021,5,17.82,9.24,0.77979,1,19,0.98,0.43,1,1,19,26.32,11.12,1,2,19,47.83,9.46,0.17896,20,3.12,9.83,0.82104,2,20,31.52,10.49,0.83789,21,-7.3,11.31,0.16211,1,21,21.28,9.01,1,2,21,49.5,6.74,0.05652,22,5.47,7.29,0.94348,2,22,37.25,7.73,0.86977,23,-5.21,7.23,0.13023,1,23,23.24,10.6,1,1,23,44.36,-1.99,1,3,18,11.44,150.86,0.09096,22,88.98,-33.95,0.00965,23,50.57,-28.86,0.89939,3,18,26.01,125.4,0.27119,22,87.92,-63.26,0.03803,23,52.55,-58.12,0.69078,3,18,42.25,97.04,0.51973,22,86.74,-95.92,0.03781,23,54.77,-90.72,0.44247,3,18,51.11,68.07,0.74308,22,78.97,-125.2,0.02179,23,50.08,-120.66,0.23513,2,18,60.7,36.71,0.92031,23,45.01,-153.06,0.07969,1,18,56.45,11.31,1,1,18,41.4,-8.72,1,1,18,12.21,-9.33,1,1,17,25.71,-11.63,1,2,17,0.96,-14.66,0.55255,16,45.66,-14.66,0.44745,1,16,20.92,-17.68,1,2,16,-4.85,-20.83,0.28708,15,58.61,-20.95,0.71292,1,15,26.82,-25.61,1,1,15,-1.18,-29.71,1,2,15,-24.96,-12.7,0.56795,5,20.58,23.04,0.43205,4,18,2.13,59.58,0.52655,17,37.97,59.49,0.20158,22,32.89,-106.56,0.05963,23,2.31,-106.9,0.21224,4,18,-27.35,51.76,0.29178,17,9.42,48.74,0.45272,22,3.72,-97.64,0.10079,23,-27.63,-101.05,0.15472,4,16,24.95,38.55,0.68781,21,9.59,-85.09,0.18623,22,-25.62,-87.89,0.07142,23,-57.82,-94.4,0.05454,4,20,24.62,-72.3,0.49486,21,-22.73,-70.32,0.43035,22,-59.19,-76.23,0.05492,23,-92.41,-86.28,0.01987,2,15,24.81,12.94,0.98964,21,-53.15,-60.32,0.01036,2,15,-3.6,6.46,0.77012,5,-7.93,19.82,0.22988,4,18,-20.89,112.7,0.15375,21,79.92,-52.96,0.06679,22,41.38,-49.29,0.23704,23,4.81,-49.06,0.54242,4,16,25.8,92.62,0.1129,21,47.11,-46.14,0.32106,22,8.07,-45.58,0.37751,23,-28.7,-48.82,0.18853,4,16,-2.38,77.07,0.15081,21,15.9,-38.28,0.67759,22,-23.75,-40.69,0.13412,23,-60.85,-47.26,0.03748,4,20,29.91,-28.43,0.6903,21,-12.92,-27.24,0.297,22,-53.48,-32.41,0.01057,23,-91.28,-42.11,0.00214,4,15,2.03,46.98,0.186,5,-36.02,-9.92,0.16063,19,37.94,-24.21,0.31668,20,-3.33,-24.67,0.33669],"hull":25,"edges":[0,48,0,2,2,4,46,48,28,30,32,30,24,26,26,28,22,24,20,22,16,18,20,18,32,34,34,36,36,38,38,40,40,42,42,44,44,46,14,16,12,14,10,12,8,10,4,6,6,8],"width":201,"height":234}},"crossbow2":{"crossbow":{"type":"mesh","uvs":[1,1,0,1,0,0,1,0],"triangles":[1,2,3,1,3,0],"vertices":[160.62,-49.18,-13.11,-92.29,-47.08,44.55,126.65,87.67],"hull":4,"edges":[0,2,2,4,4,6,0,6],"width":179,"height":141}},"day":{"day":{"type":"mesh","uvs":[1,0.01215,0.57437,0.4476,0.03442,1,0,0.98979,0.53855,0.43868,0.96724,0],"triangles":[1,4,5,1,2,4,0,1,5,2,3,4],"vertices":[1,41,13.12,5.64,1,1,53,2.34,2.64,1,1,44,33.24,-6.96,1,1,44,35.32,-8.96,1,1,53,-0.57,2.89,1,1,41,15.81,6.74,1],"hull":6,"edges":[6,4,0,10,0,2,2,4,6,8,8,10],"width":75,"height":127}},"eye":{"eye":{"x":36.39,"y":-20.22,"rotation":-88.27,"width":98,"height":71}},"eyeclose":{"eye_close":{"x":24.32,"y":-22.14,"rotation":-95.47,"width":98,"height":99}},"head":{"head":{"x":90,"y":13.26,"rotation":-95.47,"width":179,"height":217}},"leg_left":{"leg_left":{"type":"mesh","uvs":[0.43739,0.01833,0.55526,0.20923,0.56497,0.38703,0.63851,0.43221,0.57817,0.52435,0.60804,0.67479,0.67564,0.71754,0.75234,0.78167,0.89274,0.83358,0.97671,0.89177,0.93793,0.97283,0.73346,0.99584,0.5215,0.97169,0.36001,0.9253,0.2263,0.90839,0.04363,0.87034,0.00951,0.73474,0.01314,0.71162,0.06162,0.68774,0.05958,0.53577,0.06694,0.47124,0.07487,0.40175,0.08103,0.34781,0.11001,0.09382,0.18496,0.00005,0.36512,0.74677,0.32942,0.41627],"triangles":[9,10,11,8,9,11,12,13,7,7,8,11,11,12,7,13,25,7,13,14,25,7,25,6,6,25,5,14,15,25,15,16,25,18,16,17,16,18,25,25,18,4,25,4,5,19,26,4,19,20,26,4,18,19,4,26,3,3,26,2,20,21,26,1,2,26,26,21,22,26,22,1,22,23,1,23,0,1,23,24,0],"vertices":[1,24,14.22,13.85,1,1,24,43.79,15.67,1,2,24,69.78,10.52,0.0925,25,4.46,11.98,0.9075,1,25,11.05,17.31,1,1,25,24.89,13.46,1,2,25,47.24,16.15,0.82563,26,3.75,24.37,0.17437,2,25,53.48,21.05,0.52331,26,11.22,21.7,0.47669,2,25,62.89,26.67,0.14245,26,20.99,16.73,0.85755,1,26,33.46,15.74,1,1,26,43.16,11.79,1,1,26,47.6,0.23,1,1,26,37.59,-10.56,1,1,26,23.25,-15.79,1,1,26,10.01,-16.31,1,2,25,82.75,-9.63,0.23752,26,0.83,-19.41,0.76248,2,25,77.43,-22.56,0.59909,26,-12.96,-21.79,0.40091,1,25,57.3,-25.49,1,1,25,53.85,-25.33,1,1,25,50.2,-22.04,1,1,25,27.57,-22.79,1,1,25,17.94,-22.53,1,2,24,64.4,-23.43,0.26913,25,7.58,-22.25,0.73087,2,24,56.65,-21.25,0.57391,25,-0.47,-22.04,0.42609,1,24,20.18,-10.97,1,1,24,7.69,-2.79,1,1,25,58.42,-0.56,1,1,25,9.26,-4.38,1],"hull":25,"edges":[0,48,46,48,32,30,30,28,28,26,26,24,24,22,20,22,20,18,18,16,16,14,14,12,12,10,10,8,8,6,6,4,0,2,4,2,32,34,34,36,36,38,40,38,42,40,46,44,44,42],"width":70,"height":149}},"leg_right":{"leg_right":{"type":"mesh","uvs":[0.8832,0.01072,0.92175,0.31192,0.93048,0.38017,0.94112,0.46328,0.94953,0.52899,0.98137,0.68557,1,0.77719,1,0.88041,0.36259,1,0.08083,1,0.0104,0.91411,0.10385,0.83387,0.21785,0.79179,0.32507,0.75162,0.30471,0.71783,0.38885,0.68148,0.42557,0.51316,0.36586,0.43473,0.42557,0.39457,0.43955,0.21703,0.56537,0.01265,0.60296,0.76196,0.66929,0.41821],"triangles":[18,19,22,22,1,2,22,19,1,1,19,0,19,20,0,21,5,6,21,15,4,21,4,5,3,4,22,22,4,16,15,16,4,17,18,16,16,18,22,22,2,3,8,10,11,11,12,8,12,13,8,8,21,7,8,13,21,8,9,10,21,6,7,13,15,21,13,14,15],"vertices":[1,27,4.75,2.9,1,1,27,49.08,10.41,1,2,28,-2.71,12.48,0.27991,27,59.13,12.11,0.72009,2,28,9.67,13.22,0.92094,27,71.36,14.18,0.07906,1,28,19.46,13.81,1,1,28,42.79,16.04,1,2,29,-14.39,9.68,0.23756,28,56.44,17.34,0.76244,2,29,-5.55,22.26,0.71143,28,71.82,17.34,0.28857,1,29,41.2,11.19,1,1,29,57.34,-0.15,1,1,29,54.01,-13.46,1,1,29,41.79,-19.48,1,1,29,31.65,-20.02,1,2,29,22.07,-20.6,0.75596,28,52.63,-29.9,0.24404,2,29,20.34,-25.54,0.62817,28,47.6,-31.33,0.37183,2,29,12.41,-26.59,0.40734,28,42.18,-25.44,0.59266,2,28,17.1,-22.87,0.93429,27,82.63,-20.89,0.06571,2,28,5.42,-27.05,0.73021,27,71.46,-26.31,0.26979,2,28,-0.57,-22.87,0.52961,27,65.06,-22.8,0.47039,1,27,38.66,-24.67,1,1,27,7.44,-19.19,1,2,29,7.04,-8.16,0.61559,28,54.17,-10.45,0.38441,2,28,2.95,-5.81,0.76022,27,66.73,-5.46,0.23978],"hull":21,"edges":[0,40,12,14,14,16,16,18,18,20,20,22,22,24,24,26,26,28,28,30,30,32,32,34,34,36,38,40,36,38,6,8,4,6,0,2,2,4,8,10,10,12],"width":70,"height":149}},"shadiow":{"shadiow":{"x":-0.39,"y":-0.24,"width":165,"height":61}},"shoulder_left":{"shoulder_left":{"x":6.57,"y":7.15,"rotation":27.52,"width":58,"height":72}},"shoulder_right":{"shoulder_right":{"x":27.9,"y":6.22,"rotation":133.59,"width":93,"height":80}},"torso":{"torso":{"type":"mesh","uvs":[0.60744,0,0.71243,0.02019,0.76762,0.04327,0.801,0.09509,0.83235,0.13765,0.87107,0.19023,0.88438,0.23848,0.88131,0.32508,0.88131,0.39313,0.87719,0.45256,0.85351,0.46548,0.84939,0.51372,0.88689,0.55632,0.91501,0.59214,0.98216,0.59283,0.98722,0.66539,0.98674,0.75188,0.94648,0.76592,0.94366,0.83298,0.84804,0.93693,0.77665,0.97591,0.69323,1,0.5752,1,0.49843,0.97667,0.4502,0.90689,0.40599,0.85977,0.29702,0.79621,0.2577,0.69801,0.27163,0.67734,0.28578,0.65634,0.33993,0.57602,0.40519,0.54364,0.41055,0.47929,0.3817,0.46624,0.36896,0.38127,0.35785,0.30714,0.37067,0.20107,0.42833,0.11696,0.50296,0.03179,0.89388,0.88664,0.39837,0.85164,0.27631,0.7269,0.64895,0.81526,0.69058,0.76275,0.69546,0.7396,0.68732,0.65247,0.67593,0.56671,0.52135,0.53403,0.78496,0.52587,0.70034,0.42921,0.70359,0.30668,0.72638,0.18007,0.55389,0.14059,0.53274,0.25903,0.52297,0.34752,0.5246,0.46052,0.50583,0.78502,0.55837,0.67072,0.79657,0.66633,0.81934,0.76011,0.81584,0.85243],"triangles":[52,1,51,52,0,1,51,2,3,51,1,2,37,38,52,52,38,0,8,50,7,50,8,49,7,50,6,6,50,51,49,54,50,34,35,54,54,53,50,54,35,53,5,6,51,35,36,53,51,4,5,50,53,51,51,53,52,36,37,53,53,37,52,51,3,4,57,47,46,58,46,48,47,55,46,46,49,48,46,55,49,55,54,49,8,10,49,57,31,47,31,32,47,47,32,55,55,32,34,32,33,34,34,54,55,12,48,11,12,58,48,11,48,10,9,10,8,10,48,49,16,17,15,15,17,59,13,15,58,15,59,58,14,15,13,58,12,13,19,39,18,19,60,39,39,60,18,60,59,18,60,43,59,18,59,17,20,21,42,42,21,22,22,23,42,42,24,56,42,23,24,20,60,19,20,42,60,42,43,60,42,56,57,43,42,57,43,44,59,43,57,44,44,58,59,57,45,44,44,45,58,57,46,45,58,45,46,41,29,56,56,29,57,57,29,30,31,57,30,27,28,41,41,28,29,24,25,56,26,40,25,25,40,56,40,26,56,27,41,26,26,41,56],"vertices":[1,5,30.09,-5.93,1,2,4,62.65,-21.24,0.09243,5,22.61,-22.53,0.90757,2,4,56.72,-29.81,0.2226,5,16.21,-30.76,0.7774,2,4,45.55,-33.92,0.45784,5,4.84,-34.24,0.54216,2,4,36.29,-37.94,0.68766,5,-4.63,-37.75,0.31234,3,35,6.93,77.67,0.06883,4,24.86,-42.92,0.80045,5,-16.33,-42.08,0.13073,3,35,9.18,67.93,0.10828,4,14.89,-43.77,0.82997,5,-26.33,-42.37,0.06175,3,35,8.66,50.43,0.21924,3,45.85,-42.23,0.14447,4,-2.36,-40.78,0.63629,3,35,8.66,36.69,0.35281,3,32.12,-41.51,0.25422,4,-15.96,-38.84,0.39298,3,35,7.97,24.68,0.46929,3,20.17,-40.19,0.29288,4,-27.75,-36.45,0.23783,3,35,3.96,22.07,0.52233,3,17.77,-36.05,0.29385,4,-29.77,-32.12,0.18382,2,35,3.27,12.33,0.81473,3,8.08,-34.85,0.18527,2,36,-7.8,10.53,0.25853,35,9.6,3.72,0.74147,2,36,0.66,12.35,0.82907,35,14.36,-3.51,0.17093,1,36,4.88,22.89,1,1,36,18.86,18.41,1,2,37,9.23,12.72,0.21885,36,35.13,12.05,0.78115,2,37,9.8,5.37,0.6869,36,35.33,4.68,0.3131,1,37,22.52,0.69,1,2,34,24.04,32.21,0.56609,37,37.44,-21.21,0.43391,2,34,33.23,21.12,0.8155,37,41.16,-35.12,0.1845,1,34,39.67,7.66,1,1,34,41.94,-12.15,1,2,32,42.45,45.21,0.16181,34,38.74,-25.58,0.83819,2,32,34.58,30.95,0.41083,34,25.66,-35.28,0.58917,3,32,30.29,19.64,0.66403,33,45.04,-45.82,0.05597,34,17.05,-43.79,0.28,1,32,28.8,-2.77,1,2,32,15.24,-18.7,0.3961,31,36.37,-19.13,0.6039,2,32,10.45,-18.84,0.26218,31,31.58,-19.04,0.73782,2,32,5.58,-18.98,0.10975,31,26.71,-18.94,0.89025,1,31,8.09,-18.58,1,2,31,-2.9,-11.97,0.63312,30,-13.91,3.69,0.36688,3,30,-13.01,16.69,0.72184,3,18.92,38.85,0.1621,4,-21.94,42.38,0.11606,3,30,-17.88,19.33,0.66729,3,21.81,43.58,0.17382,4,-18.64,46.84,0.1589,3,30,-20.04,36.49,0.48888,3,39.06,44.83,0.1668,4,-1.35,46.54,0.34432,3,30,-21.92,51.46,0.33983,3,54.11,45.92,0.10734,4,13.74,46.28,0.55283,3,30,-19.75,72.89,0.15435,4,34.65,41.11,0.61507,5,-1.89,41.28,0.23058,2,4,50.09,29.06,0.36357,5,12.86,28.39,0.63643,1,5,27.25,12.65,1,2,34,13.06,38.75,0.27409,37,30.2,-10.68,0.72591,2,32,29.55,17.68,0.75167,34,15.57,-45.25,0.24833,2,32,18.61,-12.99,0.62052,31,40.02,-13.6,0.37948,2,33,38.05,-4.38,0.11454,34,3.45,-4.02,0.88546,1,33,27.79,3.16,1,1,33,23.16,4.21,1,1,33,5.52,3.69,1,3,33,-11.88,2.61,0.14851,35,-26.05,1.62,0.0875,3,-1.07,-5.01,0.76399,2,30,5.72,5.63,0.75675,3,6.89,20.73,0.24325,2,35,-7.62,9.87,0.68857,3,6.2,-23.84,0.31143,3,35,-21.92,29.4,0.13606,3,26.45,-10.59,0.74075,4,-18.85,-7.53,0.12319,1,4,5.57,-11.58,1,2,4,30.34,-19,0.78809,5,-9.52,-18.5,0.21191,2,4,42.36,8.73,0.282,5,4.01,8.52,0.718,2,30,7.64,61.18,0.09622,4,19.18,15.65,0.90378,3,30,5.99,43.31,0.23278,3,44.5,18.48,0.23486,4,1.72,19.81,0.53236,3,30,6.27,20.48,0.4976,3,21.69,19.4,0.43934,4,-20.91,22.77,0.06306,3,32,8.64,26.29,0.53418,33,30.77,-28.24,0.24734,34,0.13,-28.74,0.21848,4,32,-15.71,21.98,0.27685,31,7.43,23,0.08783,33,8.14,-18.25,0.55553,30,11.97,-21.98,0.07978,3,33,9.21,22,0.31016,37,-17.21,-12.43,0.07271,36,7.44,-11.71,0.61714,4,33,28.32,24.92,0.16132,34,-10.9,23.32,0.13278,37,1.99,-14.68,0.62047,36,26.5,-14.95,0.08542,2,34,7.7,24.86,0.45419,37,19.52,-21.05,0.54581],"hull":39,"edges":[60,62,62,64,64,66,66,68,68,70,70,72,72,74,74,76,76,0,0,2,2,4,4,6,10,8,8,6,10,12,12,14,14,16,16,18,18,20,20,22,22,24,24,26,26,28,28,30,30,32,32,34,34,36,36,78,78,38,38,40,42,44,40,42,44,46,46,48,48,50,50,80,50,52,52,82,58,60,82,58,52,54,54,56,56,58,36,38,86,88],"width":169,"height":202}},"torso2":{"torso":{"type":"mesh","uvs":[0.27521,1,0,1,0,0,0.29433,0],"triangles":[0,1,2,3,0,2],"vertices":[53.29,34.85,64.74,-10.23,-131.03,-59.98,-143.28,-11.77],"hull":4,"edges":[2,4,0,2,4,6,0,6],"width":169,"height":202}}}}],"events":{"finished_attacking":{}},"animations":{"attack_above":{"slots":{"arrow":{"attachment":[{"time":0.2333,"name":"arrow"},{"time":0.5333,"name":null}]},"arrow2":{"attachment":[{"time":0.5333,"name":"arrow"},{"time":0.7333,"name":null}]},"eye":{"attachment":[{"time":0.8,"name":null},{"time":0.8667,"name":"eye"}]},"eyeclose":{"attachment":[{"time":0.8,"name":"eye_close"},{"time":0.8667,"name":null}]}},"bones":{"coat":{"rotate":[{"angle":1.91,"curve":0.375,"c2":0.62,"c3":0.716},{"time":0.3333,"angle":9.72,"curve":0.25,"c3":0.75},{"time":0.7333,"angle":19.42,"curve":0.25,"c3":0.75},{"time":0.8667,"angle":0.1,"curve":0.25,"c3":0.75},{"time":1.2,"angle":1.91}]},"torso5":{"rotate":[{"curve":0.25,"c3":0.75},{"time":0.2667,"angle":-7.4,"curve":0.25,"c3":0.75},{"time":0.5667,"angle":10,"curve":0.25,"c3":0.75},{"time":0.7,"angle":-1.69,"curve":0.25,"c3":0.75},{"time":0.8,"angle":3.61,"curve":0.25,"c3":0.75},{"time":1.2}]},"torso":{"rotate":[{"time":0.7,"curve":0.25,"c3":0.75},{"time":0.7667,"angle":13.51,"curve":0.25,"c3":0.75},{"time":0.8667,"angle":5.91,"curve":0.25,"c3":0.75},{"time":1.2}],"translate":[{"time":0.4,"curve":0.25,"c3":0.625,"c4":0.5},{"time":0.7,"x":17.73,"y":-0.19,"curve":0.334,"c2":0.34,"c3":0.668,"c4":0.67},{"time":0.7667,"x":-50.4,"y":18.19,"curve":0.38,"c2":0.53,"c3":0.745},{"time":1.2}]},"arm_left_3":{"rotate":[{"curve":0.25,"c3":0.75},{"time":0.3333,"angle":71.06,"curve":0.25,"c3":0.75},{"time":0.7,"angle":18.05,"curve":0.25,"c3":0.75},{"time":0.9667,"angle":-5.32}]},"head":{"rotate":[{"curve":0.25,"c3":0.75},{"time":0.2667,"angle":-7.4,"curve":0.25,"c3":0.75},{"time":0.5667,"angle":-17.69,"curve":0.25,"c3":0.75},{"time":0.7,"angle":-0.98,"curve":0.25,"c3":0.75},{"time":0.8,"angle":-9.11,"curve":0.25,"c3":0.75},{"time":1.2}],"translate":[{"x":-0.58,"y":0.06,"curve":0.366,"c2":0.63,"c3":0.703},{"time":0.0667,"x":0.35,"y":-0.04,"curve":0.25,"c3":0.75},{"time":1.2,"x":-0.58,"y":0.06}]},"arm_left_2":{"rotate":[{"angle":-35.89,"curve":0.252,"c3":0.623,"c4":0.49},{"time":0.3333,"angle":-40.19,"curve":0.373,"c2":0.49,"c3":0.751},{"time":0.7,"angle":-60.41,"curve":0.276,"c3":0.621,"c4":0.4},{"time":0.7667,"angle":-78.31,"curve":0.333,"c2":0.33,"c3":0.758},{"time":0.9667,"angle":18.03,"curve":0.25,"c3":0.75},{"time":1.2,"angle":-35.89}]},"torso10":{"rotate":[{"angle":1.54,"curve":0.375,"c2":0.62,"c3":0.716},{"time":0.1,"curve":0.25,"c3":0.75},{"time":0.8,"angle":11.82,"curve":0.243,"c3":0.68,"c4":0.71},{"time":1.2,"angle":1.54}]},"arm_right_1":{"rotate":[{"angle":-58.29,"curve":0.243,"c3":0.649,"c4":0.6},{"time":0.2333,"angle":97.98,"curve":0.356,"c2":0.42,"c3":0.696,"c4":0.78},{"time":0.3333,"angle":92.66,"curve":0.366,"c2":0.63,"c3":0.703},{"time":0.4,"angle":53.32,"curve":0.243,"c3":0.685,"c4":0.73},{"time":0.7,"angle":-47.05,"curve":"stepped"},{"time":0.7667,"angle":-47.05,"curve":0.373,"c2":0.62,"c3":0.713},{"time":1.2,"angle":-58.29}]},"torso9":{"rotate":[{"angle":-0.87,"curve":0.375,"c2":0.62,"c3":0.716},{"time":0.1,"curve":0.25,"c3":0.75},{"time":0.8,"angle":-6.68,"curve":0.243,"c3":0.68,"c4":0.71},{"time":1.2,"angle":-0.87}]},"torso11":{"rotate":[{"angle":4.3,"curve":0.349,"c2":0.39,"c3":0.689,"c4":0.74},{"time":0.1,"angle":1.54,"curve":0.375,"c2":0.62,"c3":0.716},{"time":0.2,"curve":0.25,"c3":0.75},{"time":0.9,"angle":11.82,"curve":0.245,"c3":0.637,"c4":0.56},{"time":1.2,"angle":4.3}]},"torso4":{"rotate":[{"curve":0.25,"c3":0.75},{"time":0.2667,"angle":-7.4,"curve":0.25,"c3":0.75},{"time":0.5667,"angle":10,"curve":0.25,"c3":0.75},{"time":0.7,"angle":-1.69,"curve":0.25,"c3":0.75},{"time":0.8,"angle":17.19,"curve":0.25,"c3":0.75},{"time":1.2}],"translate":[{"x":1.8,"y":0.16,"curve":0.366,"c2":0.63,"c3":0.703},{"time":0.0667,"x":2.2,"y":0.2,"curve":0.25,"c3":0.75},{"time":0.7667,"x":-3.57,"y":-0.32,"curve":0.244,"c3":0.7,"c4":0.79},{"time":1.2,"x":1.8,"y":0.16}]},"head2":{"translate":[{"x":-3.21,"y":5.43,"curve":0.25,"c3":0.75},{"time":0.7,"x":4.52,"y":-7.59,"curve":0.25,"c3":0.75},{"time":1.2,"x":-3.21,"y":5.43}]},"head4":{"translate":[{"x":-0.46,"y":3.07,"curve":0.38,"c2":0.59,"c3":0.727},{"time":0.1333,"x":0.02,"y":5.12,"curve":0.25,"c3":0.75},{"time":0.8333,"x":-2.39,"y":-5.02,"curve":0.242,"c3":0.663,"c4":0.65},{"time":1.2,"x":-0.46,"y":3.07}]},"coat9":{"rotate":[{"angle":3.07,"curve":0.311,"c2":0.26,"c3":0.651,"c4":0.61},{"time":0.6,"angle":0.98,"curve":0.25,"c3":0.75},{"time":0.8333,"angle":-4.07,"curve":0.25,"c3":0.75},{"time":1.1333,"angle":23.2,"curve":0.25,"c3":0.75},{"time":1.2,"angle":3.07}]},"head5":{"translate":[{"x":-4.52,"y":1.24,"curve":0.34,"c2":0.35,"c3":0.684,"c4":0.72},{"time":0.1333,"x":-1.39,"y":3.64,"curve":0.38,"c2":0.59,"c3":0.727},{"time":0.2667,"x":0.49,"y":5.08,"curve":0.25,"c3":0.75},{"time":0.9667,"x":-8.78,"y":-2.02,"curve":0.252,"c3":0.622,"c4":0.48},{"time":1.2,"x":-4.52,"y":1.24}]},"head6":{"translate":[{"x":-4.7,"y":-0.8,"curve":0.307,"c2":0.25,"c3":0.651,"c4":0.62},{"time":0.1333,"x":-1.87,"y":-0.59,"curve":0.34,"c2":0.35,"c3":0.684,"c4":0.72},{"time":0.2667,"x":1.03,"y":-0.39,"curve":0.38,"c2":0.59,"c3":0.727},{"time":0.4,"x":2.77,"y":-0.27,"curve":0.25,"c3":0.75},{"time":1.1,"x":-5.81,"y":-0.87,"curve":0.284,"c3":0.625,"c4":0.38},{"time":1.2,"x":-4.7,"y":-0.8}]},"coat8":{"rotate":[{"angle":0.85,"curve":0.33,"c2":0.32,"c3":0.67,"c4":0.68},{"time":0.5333,"angle":-1.24,"curve":0.25,"c3":0.75},{"time":0.7667,"angle":-6.29,"curve":0.25,"c3":0.75},{"time":1.0667,"angle":22.37,"curve":0.25,"c3":0.75},{"time":1.2,"angle":0.85}]},"head7":{"translate":[{"x":-1.42,"y":2.85,"curve":0.352,"c2":0.65,"c3":0.687},{"time":0.0333,"x":-1.58,"y":2.95,"curve":0.284,"c3":0.625,"c4":0.38},{"time":0.1333,"x":-0.67,"y":2.38,"curve":0.307,"c2":0.25,"c3":0.651,"c4":0.62},{"time":0.2667,"x":1.65,"y":0.93,"curve":0.34,"c2":0.35,"c3":0.684,"c4":0.72},{"time":0.4,"x":4.03,"y":-0.56,"curve":0.38,"c2":0.59,"c3":0.727},{"time":0.7333,"x":5.45,"y":-1.45,"curve":0.246,"c3":0.723,"c4":0.88},{"time":1.2,"x":-1.42,"y":2.85}]},"coat5":{"rotate":[{"angle":-1.55,"curve":0.25,"c3":0.75},{"time":0.3667,"angle":-9.91,"curve":0.25,"c3":0.75},{"time":0.6,"angle":0.76,"curve":0.25,"c3":0.75},{"time":0.9,"angle":24.03,"curve":0.25,"c3":0.75},{"time":1.2,"angle":-1.55}]},"arm_right_3":{"rotate":[{"angle":-29.61,"curve":0.243,"c3":0.649,"c4":0.6},{"time":0.2333,"angle":58.39,"curve":0.356,"c2":0.42,"c3":0.696,"c4":0.78},{"time":0.3333,"angle":-12.42,"curve":0.366,"c2":0.63,"c3":0.703},{"time":0.4,"angle":-13.33,"curve":0.243,"c3":0.685,"c4":0.73},{"time":0.7,"angle":48.88,"curve":"stepped"},{"time":0.7667,"angle":48.88,"curve":0.373,"c2":0.62,"c3":0.713},{"time":1.2,"angle":-29.61}]},"coat6":{"rotate":[{"angle":-0.8,"curve":0.375,"c2":0.62,"c3":0.716},{"time":0.4,"angle":-2.89,"curve":0.25,"c3":0.75},{"time":0.6333,"angle":-3.49,"curve":0.25,"c3":0.75},{"time":0.9333,"angle":17.02,"curve":0.25,"c3":0.75},{"time":1.2,"angle":-0.8}]},"coat7":{"rotate":[{"angle":-1.58,"curve":0.349,"c2":0.39,"c3":0.689,"c4":0.74},{"time":0.4667,"angle":-3.67,"curve":0.25,"c3":0.75},{"time":0.7,"angle":-8.72,"curve":0.25,"c3":0.75},{"time":1,"angle":-12.26,"curve":0.25,"c3":0.75},{"time":1.2,"angle":-1.58}]},"coat2":{"rotate":[{"angle":0.3,"curve":0.349,"c2":0.39,"c3":0.689,"c4":0.74},{"time":0.4,"angle":2.62,"curve":0.25,"c3":0.75},{"time":0.8,"angle":4.8,"curve":0.25,"c3":0.75},{"time":0.9333,"angle":-14.53,"curve":0.25,"c3":0.75},{"time":1.2,"angle":0.3}]},"coat3":{"rotate":[{"angle":-1.53,"curve":0.33,"c2":0.32,"c3":0.67,"c4":0.68},{"time":0.4667,"angle":3,"curve":0.25,"c3":0.75},{"time":0.8667,"angle":5.17,"curve":0.25,"c3":0.75},{"time":1,"angle":-14.15,"curve":0.25,"c3":0.75},{"time":1.2,"angle":-1.53}]},"coat4":{"rotate":[{"angle":-3.2,"curve":0.311,"c2":0.26,"c3":0.651,"c4":0.61},{"time":0.5333,"angle":-0.09,"curve":0.25,"c3":0.75},{"time":0.9333,"angle":2.08,"curve":0.25,"c3":0.75},{"time":1.0667,"angle":-17.24,"curve":0.25,"c3":0.75},{"time":1.2,"angle":-3.2}]},"torso13":{"rotate":[{"angle":4.83,"curve":0.349,"c2":0.39,"c3":0.689,"c4":0.74},{"time":0.1,"angle":1.73,"curve":0.375,"c2":0.62,"c3":0.716},{"time":0.2,"curve":0.25,"c3":0.75},{"time":0.9,"angle":13.26,"curve":0.245,"c3":0.637,"c4":0.56},{"time":1.2,"angle":4.83}]},"torso14":{"rotate":[{"angle":8.34,"curve":0.33,"c2":0.32,"c3":0.67,"c4":0.68},{"time":0.1,"angle":4.83,"curve":0.349,"c2":0.39,"c3":0.689,"c4":0.74},{"time":0.2,"angle":1.73,"curve":0.375,"c2":0.62,"c3":0.716},{"time":0.3,"curve":0.25,"c3":0.75},{"time":1,"angle":13.26,"curve":0.258,"c3":0.619,"c4":0.45},{"time":1.2,"angle":8.34}]},"torso8":{"rotate":[{"curve":0.25,"c3":0.75},{"time":0.7,"angle":-6.68,"curve":0.25,"c3":0.75},{"time":1.2}]},"torso6":{"rotate":[{"time":0.4,"curve":0.25,"c3":0.75},{"time":0.5667,"angle":40.58,"curve":0.25,"c3":0.75},{"time":0.7,"angle":28.89,"curve":0.25,"c3":0.75},{"time":1.2}]},"arrow2":{"rotate":[{"time":0.4,"angle":-101.98}],"translate":[{"time":0.4,"x":-36.32,"y":16.59}]},"crossbow7":{"rotate":[{"time":0.7,"curve":0.25,"c3":0.75},{"time":0.7667,"angle":6.32,"curve":0.25,"c3":0.75},{"time":0.8333}]},"crossbow5":{"rotate":[{"time":0.7,"curve":0.25,"c3":0.75},{"time":0.7667,"angle":-7,"curve":0.25,"c3":0.75},{"time":0.8333}]},"crossbow8":{"rotate":[{"time":0.3333,"curve":0.25,"c3":0.75},{"time":0.7,"angle":-5.58,"curve":0.25,"c3":0.75},{"time":0.7667,"angle":6.32,"curve":0.25,"c3":0.75},{"time":0.8333}]},"crossbow6":{"rotate":[{"time":0.3333,"curve":0.25,"c3":0.75},{"time":0.7,"angle":-7.5,"curve":0.25,"c3":0.75},{"time":0.7667,"angle":6.32,"curve":0.25,"c3":0.75},{"time":0.8333}]},"day":{"translate":[{"time":0.3333,"curve":0.25,"c3":0.75},{"time":0.7,"x":-79.89,"y":-36.18,"curve":0.25,"c3":0.75},{"time":0.7667,"x":16.27,"y":-0.57,"curve":0.25,"c3":0.75},{"time":0.8,"x":2.08,"y":0.12,"curve":0.25,"c3":0.75},{"time":0.8333,"x":-0.72,"y":0.03}]},"crossbow3":{"rotate":[{"time":0.3333,"curve":0.25,"c3":0.75},{"time":0.7,"angle":25.27,"curve":0.25,"c3":0.75},{"time":0.7667,"angle":-7,"curve":0.25,"c3":0.75},{"time":0.8333}]},"crossbow4":{"rotate":[{"time":0.3333,"curve":0.25,"c3":0.75},{"time":0.7,"angle":-10.53,"curve":0.25,"c3":0.75},{"time":0.7667,"angle":-7,"curve":0.25,"c3":0.75},{"time":0.8333}]},"arrow":{"rotate":[{"time":0.7,"angle":17.03}],"translate":[{"time":0.7,"x":-7.46,"y":-41.99,"curve":0.25,"c3":0.75},{"time":0.7333,"x":225.41,"y":-3.96}]},"torso2":{"rotate":[{"curve":0.25,"c3":0.75},{"time":0.7,"angle":-11.69,"curve":0.25,"c3":0.75},{"time":1.2}]},"torso7":{"rotate":[{"time":0.7,"angle":-11.69}]},"shoulder":{"rotate":[{"curve":0.25,"c3":0.75},{"time":0.2667,"angle":8.5,"curve":0.25,"c3":0.75},{"time":0.7,"angle":12.69,"curve":0.25,"c3":0.75},{"time":0.9,"angle":-45.29,"curve":0.25,"c3":0.75},{"time":1.2}],"translate":[{"curve":0.25,"c3":0.75},{"time":0.2667,"x":6.97,"y":5.63,"curve":0.25,"c3":0.75},{"time":0.7}]},"shadiow":{"translate":[{"time":0.7,"curve":0.25,"c3":0.75},{"time":0.8333,"x":-34.92,"y":-0.74,"curve":0.25,"c3":0.75},{"time":1}],"scale":[{"x":0.985,"y":0.985,"curve":0.25,"c3":0.75},{"time":0.5,"x":1.016,"y":1.016,"curve":0.258,"c3":0.619,"c4":0.45},{"time":0.7,"x":1.004,"y":1.004,"curve":0.332,"c2":0.33,"c3":0.676,"c4":0.7},{"time":0.8333,"x":1.282,"y":0.994,"curve":0.382,"c2":0.57,"c3":0.735},{"time":1,"x":0.985,"y":0.985,"curve":0.25,"c3":0.75},{"time":1.2,"x":1.004,"y":1.004}]},"leg_right3":{"rotate":[{"time":0.7667,"curve":0.25,"c3":0.75},{"time":0.9667,"angle":26.83,"curve":0.25,"c3":0.75},{"time":1.2}],"translate":[{"time":0.7,"curve":0.25,"c3":0.75},{"time":0.7667,"x":-43.04,"curve":0.253,"c3":0.622,"c4":0.48},{"time":0.9667,"x":-9.76,"y":8.07,"curve":0.371,"c2":0.48,"c3":0.752},{"time":1.0667}]},"leg_right":{"scale":[{"time":0.7,"curve":0.25,"c3":0.75},{"time":0.7667,"x":1.115,"curve":0.25,"c3":0.75},{"time":1.2}]},"leg_left":{"scale":[{"time":0.7,"curve":0.25,"c3":0.75},{"time":0.7667,"x":1.276,"curve":0.25,"c3":0.75},{"time":1.2}]}},"deform":{"default":{"day":{"day":[{"time":0.4667,"vertices":[0.47089,-10.40773,0,0,-0.31871,5.15003,-1.19371,7.72047,0,0,0.02238,-12.67123]},{"time":0.5333,"vertices":[-2.22896,-21.13351,0,0,-5.05915,10.17236,-9.89802,13.59751,0,0,-2.11205,-21.8194]},{"time":0.6333,"vertices":[-1.92075,-25.73837,0,0,-5.05915,10.17236,-9.89802,13.59751,0,0,-1.80389,-26.42419]},{"time":0.7,"vertices":[-1.98662,-29.30069,10.22589,19.64678,-7.61652,15.09244,-8.31203,21.02632,8.35582,18.87273,-1.02875,-31.70544]},{"time":0.7333,"vertices":[0.32136,-10.96671,12.53383,28.30881,-3.27105,-3.16394,-8.00041,-1.01403,12.53374,28.3091,0.42471,-11.0129]}]}}},"events":[{"time":0.7333,"name":"finished_attacking"}]},"attack_below":{"slots":{"arrow":{"attachment":[{"time":0.2333,"name":"arrow"},{"time":0.5333,"name":null}]},"arrow2":{"attachment":[{"time":0.5333,"name":"arrow"},{"time":0.7333,"name":null}]},"eye":{"attachment":[{"time":0.8667,"name":null},{"time":0.9333,"name":"eye"}]},"eyeclose":{"attachment":[{"time":0.8667,"name":"eye_close"},{"time":0.9333,"name":null}]}},"bones":{"torso11":{"rotate":[{"angle":4.3,"curve":0.349,"c2":0.39,"c3":0.689,"c4":0.74},{"time":0.1,"angle":1.54,"curve":0.375,"c2":0.62,"c3":0.716},{"time":0.2,"curve":0.25,"c3":0.75},{"time":0.9,"angle":11.82,"curve":0.245,"c3":0.637,"c4":0.56},{"time":1.2,"angle":4.3}]},"arm_left_2":{"rotate":[{"angle":-35.89,"curve":0.252,"c3":0.623,"c4":0.49},{"time":0.3333,"angle":-53.39,"curve":0.373,"c2":0.49,"c3":0.751},{"time":0.7,"angle":18.03,"curve":"stepped"},{"time":0.9667,"angle":18.03,"curve":0.25,"c3":0.75},{"time":1.2,"angle":-35.89}]},"torso":{"rotate":[{"time":0.7,"curve":0.25,"c3":0.75},{"time":0.7667,"angle":13.51,"curve":0.25,"c3":0.75},{"time":0.8667,"angle":5.91,"curve":0.25,"c3":0.75},{"time":1.2}],"translate":[{"time":0.4,"curve":0.25,"c3":0.625,"c4":0.5},{"time":0.7,"x":17.73,"y":-0.19,"curve":0.334,"c2":0.34,"c3":0.668,"c4":0.67},{"time":0.7667,"x":-51.36,"y":-21.62,"curve":0.38,"c2":0.53,"c3":0.745},{"time":1.2}]},"arm_right_1":{"rotate":[{"angle":-58.29,"curve":0.243,"c3":0.649,"c4":0.6},{"time":0.2333,"angle":97.98,"curve":0.356,"c2":0.42,"c3":0.696,"c4":0.78},{"time":0.3333,"angle":92.66,"curve":0.366,"c2":0.63,"c3":0.703},{"time":0.4,"angle":53.32,"curve":0.243,"c3":0.685,"c4":0.73},{"time":0.7,"angle":78.4,"curve":0.373,"c2":0.62,"c3":0.713},{"time":0.7667,"angle":53.32,"curve":0.25,"c3":0.75},{"time":1.2,"angle":-58.29}]},"head":{"rotate":[{"curve":0.25,"c3":0.75},{"time":0.2667,"angle":-7.4,"curve":0.25,"c3":0.75},{"time":0.5667,"angle":-4.62,"curve":0.25,"c3":0.75},{"time":0.7,"angle":-3.85,"curve":0.25,"c3":0.75},{"time":0.8,"angle":-20.53,"curve":0.25,"c3":0.75},{"time":1.2}],"translate":[{"x":-0.58,"y":0.06,"curve":0.366,"c2":0.63,"c3":0.703},{"time":0.0667,"x":0.35,"y":-0.04,"curve":0.25,"c3":0.75},{"time":1.2,"x":-0.58,"y":0.06}]},"torso4":{"rotate":[{"curve":0.25,"c3":0.75},{"time":0.2667,"angle":-7.4,"curve":0.25,"c3":0.75},{"time":0.5667,"angle":10,"curve":"stepped"},{"time":0.7,"angle":10,"curve":0.25,"c3":0.75},{"time":0.8,"angle":17.19,"curve":0.25,"c3":0.75},{"time":1.2}],"translate":[{"x":1.8,"y":0.16,"curve":0.366,"c2":0.63,"c3":0.703},{"time":0.0667,"x":2.2,"y":0.2,"curve":0.25,"c3":0.75},{"time":0.7667,"x":-3.57,"y":-0.32,"curve":0.244,"c3":0.7,"c4":0.79},{"time":1.2,"x":1.8,"y":0.16}]},"head2":{"translate":[{"x":-3.21,"y":5.43,"curve":0.25,"c3":0.75},{"time":0.7,"x":4.52,"y":-7.59,"curve":0.25,"c3":0.75},{"time":1.2,"x":-3.21,"y":5.43}]},"head4":{"translate":[{"x":-0.46,"y":3.07,"curve":0.38,"c2":0.59,"c3":0.727},{"time":0.1333,"x":0.02,"y":5.12,"curve":0.25,"c3":0.75},{"time":0.8333,"x":-2.39,"y":-5.02,"curve":0.242,"c3":0.663,"c4":0.65},{"time":1.2,"x":-0.46,"y":3.07}]},"head5":{"translate":[{"x":-4.52,"y":1.24,"curve":0.34,"c2":0.35,"c3":0.684,"c4":0.72},{"time":0.1333,"x":-1.39,"y":3.64,"curve":0.38,"c2":0.59,"c3":0.727},{"time":0.2667,"x":0.49,"y":5.08,"curve":0.25,"c3":0.75},{"time":0.9667,"x":-8.78,"y":-2.02,"curve":0.252,"c3":0.622,"c4":0.48},{"time":1.2,"x":-4.52,"y":1.24}]},"head6":{"translate":[{"x":-4.7,"y":-0.8,"curve":0.307,"c2":0.25,"c3":0.651,"c4":0.62},{"time":0.1333,"x":-1.87,"y":-0.59,"curve":0.34,"c2":0.35,"c3":0.684,"c4":0.72},{"time":0.2667,"x":1.03,"y":-0.39,"curve":0.38,"c2":0.59,"c3":0.727},{"time":0.4,"x":2.77,"y":-0.27,"curve":0.25,"c3":0.75},{"time":1.1,"x":-5.81,"y":-0.87,"curve":0.284,"c3":0.625,"c4":0.38},{"time":1.2,"x":-4.7,"y":-0.8}]},"head7":{"translate":[{"x":-1.42,"y":2.85,"curve":0.352,"c2":0.65,"c3":0.687},{"time":0.0333,"x":-1.58,"y":2.95,"curve":0.284,"c3":0.625,"c4":0.38},{"time":0.1333,"x":-0.67,"y":2.38,"curve":0.307,"c2":0.25,"c3":0.651,"c4":0.62},{"time":0.2667,"x":1.65,"y":0.93,"curve":0.34,"c2":0.35,"c3":0.684,"c4":0.72},{"time":0.4,"x":4.03,"y":-0.56,"curve":0.38,"c2":0.59,"c3":0.727},{"time":0.7333,"x":5.45,"y":-1.45,"curve":0.246,"c3":0.723,"c4":0.88},{"time":1.2,"x":-1.42,"y":2.85}]},"coat5":{"rotate":[{"angle":0.43,"curve":0.349,"c2":0.39,"c3":0.689,"c4":0.74},{"time":0.3667,"angle":-13.92,"curve":0.25,"c3":0.75},{"time":0.7333,"angle":-8.77,"curve":0.25,"c3":0.75},{"time":0.8667,"angle":23.47,"curve":0.25,"c3":0.75},{"time":1.2,"angle":0.43}]},"coat6":{"rotate":[{"angle":1.41,"curve":0.33,"c2":0.32,"c3":0.67,"c4":0.68},{"time":0.4333,"angle":-1.31,"curve":0.25,"c3":0.75},{"time":0.8,"angle":3.84,"curve":0.25,"c3":0.75},{"time":0.9333,"angle":7.3,"curve":0.25,"c3":0.75},{"time":1.2,"angle":1.41}]},"coat7":{"rotate":[{"angle":3.98,"curve":0.311,"c2":0.26,"c3":0.651,"c4":0.61},{"time":0.5,"angle":1.26,"curve":0.25,"c3":0.75},{"time":0.8667,"angle":-3.76,"curve":0.25,"c3":0.75},{"time":1,"angle":-2.13,"curve":0.25,"c3":0.75},{"time":1.2,"angle":3.98}]},"coat8":{"rotate":[{"angle":4.71,"curve":0.284,"c3":0.625,"c4":0.38},{"time":0.5667,"angle":1.98,"curve":0.25,"c3":0.75},{"time":0.9333,"angle":-3.03,"curve":0.25,"c3":0.75},{"time":1.0667,"angle":24.37,"curve":0.25,"c3":0.75},{"time":1.2,"angle":4.71}]},"coat9":{"rotate":[{"angle":3.97,"curve":0.375,"c2":0.62,"c3":0.716},{"time":0.6333,"angle":1.25,"curve":0.25,"c3":0.75},{"time":1,"angle":-3.77,"curve":0.25,"c3":0.75},{"time":1.1333,"angle":9.39,"curve":0.25,"c3":0.75},{"time":1.2,"angle":3.97}]},"coat":{"rotate":[{"angle":4.76,"curve":0.25,"c3":0.75},{"time":0.3333,"angle":9.09,"curve":0.25,"c3":0.75},{"time":0.7,"angle":15.13,"curve":0.25,"c3":0.75},{"time":0.8667,"angle":-16.66,"curve":0.25,"c3":0.75},{"time":1.2,"angle":4.76}]},"coat2":{"rotate":[{"angle":3.52,"curve":0.375,"c2":0.62,"c3":0.716},{"time":0.4,"angle":4.65,"curve":0.25,"c3":0.75},{"time":0.7667,"angle":6.84,"curve":0.25,"c3":0.75},{"time":0.9333,"angle":11,"curve":0.25,"c3":0.75},{"time":1.2,"angle":3.52}]},"coat3":{"rotate":[{"angle":1.29,"curve":0.349,"c2":0.39,"c3":0.689,"c4":0.74},{"time":0.4667,"angle":2.42,"curve":0.25,"c3":0.75},{"time":0.8333,"angle":4.61,"curve":0.25,"c3":0.75},{"time":1,"angle":-27.18,"curve":0.25,"c3":0.75},{"time":1.2,"angle":1.29}]},"coat4":{"rotate":[{"angle":-1.24,"curve":0.33,"c2":0.32,"c3":0.67,"c4":0.68},{"time":0.5333,"angle":-0.1,"curve":0.25,"c3":0.75},{"time":0.9,"angle":2.09,"curve":0.25,"c3":0.75},{"time":1.0667,"angle":-29.71,"curve":0.25,"c3":0.75},{"time":1.2,"angle":-1.24}]},"torso13":{"rotate":[{"angle":4.83,"curve":0.349,"c2":0.39,"c3":0.689,"c4":0.74},{"time":0.1,"angle":1.73,"curve":0.375,"c2":0.62,"c3":0.716},{"time":0.2,"curve":0.25,"c3":0.75},{"time":0.9,"angle":13.26,"curve":0.245,"c3":0.637,"c4":0.56},{"time":1.2,"angle":4.83}]},"torso14":{"rotate":[{"angle":8.34,"curve":0.33,"c2":0.32,"c3":0.67,"c4":0.68},{"time":0.1,"angle":4.83,"curve":0.349,"c2":0.39,"c3":0.689,"c4":0.74},{"time":0.2,"angle":1.73,"curve":0.375,"c2":0.62,"c3":0.716},{"time":0.3,"curve":0.25,"c3":0.75},{"time":1,"angle":13.26,"curve":0.258,"c3":0.619,"c4":0.45},{"time":1.2,"angle":8.34}]},"torso8":{"rotate":[{"curve":0.25,"c3":0.75},{"time":0.7,"angle":-6.68,"curve":0.25,"c3":0.75},{"time":1.2}]},"torso9":{"rotate":[{"angle":-0.87,"curve":0.375,"c2":0.62,"c3":0.716},{"time":0.1,"curve":0.25,"c3":0.75},{"time":0.8,"angle":-6.68,"curve":0.243,"c3":0.68,"c4":0.71},{"time":1.2,"angle":-0.87}]},"torso10":{"rotate":[{"angle":1.54,"curve":0.375,"c2":0.62,"c3":0.716},{"time":0.1,"curve":0.25,"c3":0.75},{"time":0.8,"angle":11.82,"curve":0.243,"c3":0.68,"c4":0.71},{"time":1.2,"angle":1.54}]},"arm_right_3":{"rotate":[{"angle":-29.61,"curve":0.243,"c3":0.649,"c4":0.6},{"time":0.2333,"angle":58.39,"curve":0.356,"c2":0.42,"c3":0.696,"c4":0.78},{"time":0.3333,"angle":-12.42,"curve":0.366,"c2":0.63,"c3":0.703},{"time":0.4,"angle":-13.33,"curve":"stepped"},{"time":0.7667,"angle":-13.33,"curve":0.25,"c3":0.75},{"time":1.2,"angle":-29.61}]},"torso5":{"rotate":[{"curve":0.25,"c3":0.75},{"time":0.2667,"angle":-7.4,"curve":0.25,"c3":0.75},{"time":0.5667,"angle":10,"curve":"stepped"},{"time":0.7,"angle":10,"curve":0.25,"c3":0.75},{"time":0.8,"angle":3.61,"curve":0.25,"c3":0.75},{"time":1.2}]},"day":{"translate":[{"time":0.3333,"curve":0.25,"c3":0.75},{"time":0.7,"x":-74.12,"y":2.6,"curve":0.25,"c3":0.75},{"time":0.7667,"x":16.27,"y":-0.57,"curve":0.25,"c3":0.75},{"time":0.8,"x":-3.55,"y":0.12,"curve":0.25,"c3":0.75},{"time":0.8333,"x":-0.72,"y":0.03}]},"crossbow3":{"rotate":[{"time":0.3333,"curve":0.25,"c3":0.75},{"time":0.7,"angle":25.27,"curve":0.25,"c3":0.75},{"time":0.7667,"angle":-7,"curve":0.25,"c3":0.75},{"time":0.8333}]},"crossbow4":{"rotate":[{"time":0.3333,"curve":0.25,"c3":0.75},{"time":0.7,"angle":-10.53,"curve":0.25,"c3":0.75},{"time":0.7667,"angle":-7,"curve":0.25,"c3":0.75},{"time":0.8333}]},"crossbow6":{"rotate":[{"time":0.3333,"curve":0.25,"c3":0.75},{"time":0.7,"angle":-7.5,"curve":0.25,"c3":0.75},{"time":0.7667,"angle":6.32,"curve":0.25,"c3":0.75},{"time":0.8333}]},"crossbow5":{"rotate":[{"time":0.7,"curve":0.25,"c3":0.75},{"time":0.7667,"angle":-7,"curve":0.25,"c3":0.75},{"time":0.8333}]},"crossbow7":{"rotate":[{"time":0.7,"curve":0.25,"c3":0.75},{"time":0.7667,"angle":6.32,"curve":0.25,"c3":0.75},{"time":0.8333}]},"crossbow8":{"rotate":[{"time":0.3333,"curve":0.25,"c3":0.75},{"time":0.7,"angle":-5.58,"curve":0.25,"c3":0.75},{"time":0.7667,"angle":6.32,"curve":0.25,"c3":0.75},{"time":0.8333}]},"arm_left_3":{"rotate":[{"curve":0.25,"c3":0.75},{"time":0.3333,"angle":71.06,"curve":0.25,"c3":0.75},{"time":0.7,"angle":-5.32}]},"arrow2":{"rotate":[{"time":0.4,"angle":-101.98}],"translate":[{"time":0.4,"x":-36.32,"y":16.59}]},"arrow":{"translate":[{"time":0.7,"curve":0.25,"c3":0.75},{"time":0.7333,"x":225.41,"y":-3.96}]},"torso6":{"rotate":[{"time":0.4,"curve":0.25,"c3":0.75},{"time":0.5667,"angle":40.58,"curve":"stepped"},{"time":0.7,"angle":40.58,"curve":0.25,"c3":0.75},{"time":1.2}]},"shoulder":{"rotate":[{"curve":0.25,"c3":0.75},{"time":0.2667,"angle":18.01,"curve":0.25,"c3":0.75},{"time":0.7,"angle":12.69,"curve":0.25,"c3":0.75},{"time":0.9,"angle":-45.29,"curve":0.25,"c3":0.75},{"time":1.2}],"translate":[{"curve":0.25,"c3":0.75},{"time":0.2667,"x":2.44,"y":3.32,"curve":0.25,"c3":0.75},{"time":0.7}]},"shadiow":{"translate":[{"time":0.7,"curve":0.25,"c3":0.75},{"time":0.8333,"x":-34.92,"y":-0.74,"curve":0.25,"c3":0.75},{"time":1}],"scale":[{"x":0.985,"y":0.985,"curve":0.25,"c3":0.75},{"time":0.5,"x":1.016,"y":1.016,"curve":0.258,"c3":0.619,"c4":0.45},{"time":0.7,"x":1.004,"y":1.004,"curve":0.332,"c2":0.33,"c3":0.676,"c4":0.7},{"time":0.8333,"x":1.282,"y":0.994,"curve":0.382,"c2":0.57,"c3":0.735},{"time":1,"x":0.985,"y":0.985,"curve":0.25,"c3":0.75},{"time":1.2,"x":1.004,"y":1.004}]},"leg_right3":{"rotate":[{"time":0.7667,"curve":0.25,"c3":0.75},{"time":0.9667,"angle":20.86,"curve":0.25,"c3":0.75},{"time":1.2}],"translate":[{"time":0.7,"curve":0.25,"c3":0.75},{"time":0.7667,"x":-51.27,"y":-9.97,"curve":0.253,"c3":0.622,"c4":0.48},{"time":0.9667,"x":-24.41,"y":4.56,"curve":0.371,"c2":0.48,"c3":0.752},{"time":1.0333}]}},"deform":{"default":{"day":{"day":[{"time":0.4667,"vertices":[-1.40337,-14.70874,0,0,-2.1814,10.67825,-1.93262,14.71831,0,0,-2.38004,-16.48129]},{"time":0.6333,"vertices":[-2.79057,-25.57587,0,0,-2.1814,10.67825,-1.93262,14.71831,0,0,-2.83445,-28.89978]},{"time":0.7,"vertices":[-1.21821,-26.12935,0,0,-3.80491,17.2856,-6.86281,16.65739,0,0,-1.6483,-28.79759]},{"time":0.7667,"vertices":[-8.87383,11.38975,-14.61777,-0.45003,-5.5783,-18.27747,-3.12098,-19.19629,-12.29739,0.63017,-11.88138,13.96766]},{"time":0.8,"vertices":[-6.50468,5.79944,0,0,-5.62189,-11.46428,-3.36859,-7.14421,0,0,-7.1757,5.67783]},{"time":0.8333,"vertices":[-0.52269,-0.39365,0,0,-2.06107,-2.1009,-1.59,0.75347,0,0,-1.14894,0.12326]}]}}},"events":[{"time":0.7333,"name":"finished_attacking"}]},"die":{"slots":{"crossbow2":{"color":[{"time":0.6333,"color":"ffffffff","curve":0.25,"c3":0.75},{"time":1,"color":"ffffff00"}]},"day":{"color":[{"time":0.3,"color":"ffffffff","curve":0.25,"c3":0.75},{"time":0.6667,"color":"ffffff00"}]},"eye":{"attachment":[{"time":0.4667,"name":null}]},"eyeclose":{"attachment":[{"time":0.4667,"name":"eye_close"}]}},"bones":{"torso14":{"rotate":[{"angle":8.34,"curve":0.33,"c2":0.32,"c3":0.67,"c4":0.68},{"time":0.1,"angle":4.83,"curve":0.349,"c2":0.39,"c3":0.689,"c4":0.74},{"time":0.2,"angle":1.73,"curve":0.375,"c2":0.62,"c3":0.716},{"time":0.3,"curve":0.25,"c3":0.75},{"time":0.8,"angle":13.26,"curve":0.258,"c3":0.619,"c4":0.45},{"time":1,"angle":8.34}]},"torso8":{"rotate":[{"curve":0.25,"c3":0.75},{"time":0.5,"angle":-6.68,"curve":0.25,"c3":0.75},{"time":1}]},"torso":{"rotate":[{"curve":0.25,"c3":0.75},{"time":0.2667,"angle":50.11,"curve":0.25,"c3":0.75},{"time":0.5333,"angle":81.7,"curve":0.25,"c3":0.75},{"time":0.8,"angle":85.74}],"translate":[{"curve":0,"c2":0.47,"c3":0.75},{"time":0.2667,"x":-51.57,"y":21.82,"curve":0.25,"c4":0.42},{"time":0.5333,"x":-110.5,"y":-126.84,"curve":0.25,"c3":0.625,"c4":0.5},{"time":0.6667,"x":-119.33,"y":-100.64,"curve":0.375,"c2":0.5,"c3":0.75},{"time":0.8,"x":-128.16,"y":-126.78}]},"torso9":{"rotate":[{"angle":-0.87,"curve":0.375,"c2":0.62,"c3":0.716},{"time":0.1,"curve":0.25,"c3":0.75},{"time":0.6,"angle":-6.68,"curve":0.243,"c3":0.68,"c4":0.71},{"time":1,"angle":-0.87}]},"torso10":{"rotate":[{"angle":1.54,"curve":0.375,"c2":0.62,"c3":0.716},{"time":0.1,"curve":0.25,"c3":0.75},{"time":0.6,"angle":11.82,"curve":0.243,"c3":0.68,"c4":0.71},{"time":1,"angle":1.54}]},"torso11":{"rotate":[{"angle":4.3,"curve":0.349,"c2":0.39,"c3":0.689,"c4":0.74},{"time":0.1,"angle":1.54,"curve":0.375,"c2":0.62,"c3":0.716},{"time":0.2,"curve":0.25,"c3":0.75},{"time":0.7,"angle":11.82,"curve":0.245,"c3":0.637,"c4":0.56},{"time":1,"angle":4.3}]},"arm_left_2":{"rotate":[{"angle":-35.89,"curve":0.248,"c3":0.628,"c4":0.52},{"time":0.2667,"angle":-9.79,"curve":0.378,"c2":0.52,"c3":0.748},{"time":0.5,"angle":25.87,"curve":0.284,"c3":0.625,"c4":0.38},{"time":0.6,"angle":-85.6}]},"arm_right_1":{"rotate":[{"angle":-58.29,"curve":0.248,"c3":0.628,"c4":0.52},{"time":0.2667,"angle":-72.47,"curve":0.378,"c2":0.52,"c3":0.748},{"time":0.5,"angle":24.14,"curve":0.25,"c3":0.75},{"time":1,"angle":-58.29}]},"head":{"rotate":[{"curve":0.25,"c3":0.75},{"time":0.2667,"angle":-16.5,"curve":0.25,"c3":0.75},{"time":0.4333,"angle":-7.14,"curve":0.242,"c3":0.667,"c4":0.67},{"time":0.5333,"angle":-19.91,"curve":0.379,"c2":0.6,"c3":0.724},{"time":0.5667,"angle":8.94}],"translate":[{"x":-0.58,"y":0.06,"curve":0.366,"c2":0.63,"c3":0.703},{"time":0.0667,"x":0.35,"y":-0.04,"curve":0.25,"c3":0.75},{"time":0.5667,"x":-13.06,"y":1.34,"curve":0.244,"c3":0.7,"c4":0.79},{"time":1,"x":-0.58,"y":0.06}]},"torso4":{"rotate":[{"curve":0.25,"c3":0.75},{"time":0.2667,"angle":16.74,"curve":0.25,"c3":0.75},{"time":0.4333,"angle":-7.14,"curve":0.242,"c3":0.667,"c4":0.67},{"time":0.5333,"angle":-19.91,"curve":0.379,"c2":0.6,"c3":0.724},{"time":0.5667,"angle":8.94}],"translate":[{"x":1.8,"y":0.16,"curve":0.366,"c2":0.63,"c3":0.703},{"time":0.0667,"x":2.2,"y":0.2,"curve":0.25,"c3":0.75},{"time":0.5667,"x":-3.57,"y":-0.32,"curve":0.244,"c3":0.7,"c4":0.79},{"time":1,"x":1.8,"y":0.16}]},"head2":{"translate":[{"x":-3.21,"y":5.43,"curve":0.25,"c3":0.75},{"time":0.5,"x":4.52,"y":-7.59,"curve":0.25,"c3":0.75},{"time":1,"x":-3.21,"y":5.43}]},"head4":{"translate":[{"x":-0.46,"y":3.07,"curve":0.38,"c2":0.59,"c3":0.727},{"time":0.1333,"x":0.02,"y":5.12,"curve":0.25,"c3":0.75},{"time":0.6333,"x":-2.39,"y":-5.02,"curve":0.242,"c3":0.663,"c4":0.65},{"time":1,"x":-0.46,"y":3.07}]},"head5":{"translate":[{"x":-4.52,"y":1.24,"curve":0.34,"c2":0.35,"c3":0.684,"c4":0.72},{"time":0.1333,"x":-1.39,"y":3.64,"curve":0.38,"c2":0.59,"c3":0.727},{"time":0.2667,"x":0.49,"y":5.08,"curve":0.25,"c3":0.75},{"time":0.7667,"x":-8.78,"y":-2.02,"curve":0.252,"c3":0.622,"c4":0.48},{"time":1,"x":-4.52,"y":1.24}]},"head6":{"translate":[{"x":-4.7,"y":-0.8,"curve":0.307,"c2":0.25,"c3":0.651,"c4":0.62},{"time":0.1333,"x":-1.87,"y":-0.59,"curve":0.34,"c2":0.35,"c3":0.684,"c4":0.72},{"time":0.2667,"x":1.03,"y":-0.39,"curve":0.38,"c2":0.59,"c3":0.727},{"time":0.4,"x":2.77,"y":-0.27,"curve":0.25,"c3":0.75},{"time":0.9,"x":-5.81,"y":-0.87,"curve":0.284,"c3":0.625,"c4":0.38},{"time":1,"x":-4.7,"y":-0.8}]},"head7":{"translate":[{"x":-1.42,"y":2.85,"curve":0.352,"c2":0.65,"c3":0.687},{"time":0.0333,"x":-1.58,"y":2.95,"curve":0.284,"c3":0.625,"c4":0.38},{"time":0.1333,"x":-0.67,"y":2.38,"curve":0.307,"c2":0.25,"c3":0.651,"c4":0.62},{"time":0.2667,"x":1.65,"y":0.93,"curve":0.34,"c2":0.35,"c3":0.684,"c4":0.72},{"time":0.4,"x":4.03,"y":-0.56,"curve":0.38,"c2":0.59,"c3":0.727},{"time":0.5333,"x":5.45,"y":-1.45,"curve":0.246,"c3":0.723,"c4":0.88},{"time":1,"x":-1.42,"y":2.85}]},"coat5":{"rotate":[{"angle":-1.55,"curve":0.25,"c3":0.75},{"time":0.5,"angle":106.57,"curve":0.284,"c3":0.625,"c4":0.38},{"time":0.6,"angle":129.66,"curve":0.32,"c2":0.29,"c3":0.757},{"time":1,"angle":78.03}]},"coat6":{"rotate":[{"angle":-0.8,"curve":0.375,"c2":0.62,"c3":0.716},{"time":0.1,"angle":-1.55,"curve":0.25,"c3":0.75},{"time":0.6,"angle":4.25,"curve":0.284,"c3":0.625,"c4":0.38},{"time":0.7,"angle":27.8,"curve":0.306,"c2":0.24,"c3":0.694,"c4":0.76},{"time":1,"angle":-0.8}]},"coat7":{"rotate":[{"angle":-1.58,"curve":0.349,"c2":0.39,"c3":0.689,"c4":0.74},{"time":0.1,"angle":-3.73,"curve":0.375,"c2":0.62,"c3":0.716},{"time":0.2,"angle":-4.92,"curve":0.243,"c3":0.68,"c4":0.71},{"time":0.6,"angle":3.06,"curve":0.375,"c2":0.62,"c3":0.716},{"time":0.7,"angle":28.56,"curve":0.245,"c3":0.637,"c4":0.56},{"time":1,"angle":-1.58}]},"coat8":{"rotate":[{"angle":0.85,"curve":0.33,"c2":0.32,"c3":0.67,"c4":0.68},{"time":0.1,"angle":-1.58,"curve":0.349,"c2":0.39,"c3":0.689,"c4":0.74},{"time":0.2,"angle":-3.73,"curve":0.375,"c2":0.62,"c3":0.716},{"time":0.3,"angle":-4.92,"curve":0.255,"c3":0.62,"c4":0.47},{"time":0.6,"angle":-2.58,"curve":0.332,"c2":0.33,"c3":0.668,"c4":0.67},{"time":0.7,"angle":22.81,"curve":0.38,"c2":0.53,"c3":0.745},{"time":1.2,"angle":0.85}]},"coat9":{"rotate":[{"angle":3.07,"curve":0.311,"c2":0.26,"c3":0.651,"c4":0.61},{"time":0.1,"angle":0.85,"curve":0.33,"c2":0.32,"c3":0.67,"c4":0.68},{"time":0.2,"angle":-1.58,"curve":0.349,"c2":0.39,"c3":0.689,"c4":0.74},{"time":0.3,"angle":-3.73,"curve":0.375,"c2":0.62,"c3":0.716},{"time":0.4,"angle":-4.92,"curve":0.265,"c3":0.618,"c4":0.43},{"time":0.6,"angle":-2.66,"curve":0.325,"c2":0.31,"c3":0.663,"c4":0.65},{"time":0.7,"angle":23.37,"curve":0.375,"c2":0.5,"c3":0.75},{"time":1.4,"angle":3.07}]},"coat":{"rotate":[{"angle":4.76,"curve":0.248,"c3":0.628,"c4":0.52},{"time":0.2667,"angle":55.23,"curve":0.378,"c2":0.52,"c3":0.748},{"time":0.5,"angle":97.54,"curve":0.284,"c3":0.625,"c4":0.38},{"time":0.6,"angle":122.63,"curve":0.32,"c2":0.29,"c3":0.757},{"time":1,"angle":105.9}]},"coat2":{"rotate":[{"angle":3.52,"curve":0.375,"c2":0.62,"c3":0.716},{"time":0.1,"angle":4.76,"curve":0.25,"c3":0.75},{"time":0.6,"angle":-4.78,"curve":0.243,"c3":0.68,"c4":0.71},{"time":1,"angle":3.52}]},"coat3":{"rotate":[{"angle":1.29,"curve":0.349,"c2":0.39,"c3":0.689,"c4":0.74},{"time":0.1,"angle":3.52,"curve":0.375,"c2":0.62,"c3":0.716},{"time":0.2,"angle":4.76,"curve":0.25,"c3":0.75},{"time":0.7,"angle":-4.78,"curve":0.245,"c3":0.637,"c4":0.56},{"time":1,"angle":1.29}]},"coat4":{"rotate":[{"angle":-1.24,"curve":0.33,"c2":0.32,"c3":0.67,"c4":0.68},{"time":0.1,"angle":1.29,"curve":0.349,"c2":0.39,"c3":0.689,"c4":0.74},{"time":0.2,"angle":3.52,"curve":0.375,"c2":0.62,"c3":0.716},{"time":0.3,"angle":4.76,"curve":0.25,"c3":0.75},{"time":0.8,"angle":-4.78,"curve":0.258,"c3":0.619,"c4":0.45},{"time":1,"angle":-1.24}]},"torso13":{"rotate":[{"angle":4.83,"curve":0.349,"c2":0.39,"c3":0.689,"c4":0.74},{"time":0.1,"angle":1.73,"curve":0.375,"c2":0.62,"c3":0.716},{"time":0.2,"curve":0.25,"c3":0.75},{"time":0.7,"angle":13.26,"curve":0.245,"c3":0.637,"c4":0.56},{"time":1,"angle":4.83}]},"arm_right_3":{"rotate":[{"angle":-29.61,"curve":0.25,"c3":0.75},{"time":0.5,"angle":-13.33,"curve":0.25,"c3":0.75},{"time":1,"angle":-29.61}]},"leg_left3":{"rotate":[{"curve":0.25,"c3":0.75},{"time":0.2667,"angle":-15.52,"curve":0.25,"c3":0.75},{"time":0.5333,"angle":37.48,"curve":0.25,"c3":0.625,"c4":0.5},{"time":0.5667,"angle":141.14,"curve":0.375,"c2":0.5,"c3":0.75},{"time":0.6,"angle":37.48}],"translate":[{"curve":0.25,"c3":0.75},{"time":0.2667,"x":-0.51,"y":69.7,"curve":0.25,"c3":0.625,"c4":0.5},{"time":0.5333,"x":-23.1,"y":57.55,"curve":0.25,"c3":0.625,"c4":0.5},{"time":0.5667,"x":-32.14,"y":103.98,"curve":0.375,"c2":0.5,"c3":0.75},{"time":0.6,"x":-37.65,"y":9.04}]},"leg_right3":{"rotate":[{"curve":0.25,"c3":0.625,"c4":0.5},{"time":0.2667,"angle":56.07,"curve":0.375,"c2":0.5,"c3":0.75},{"time":0.5333,"angle":112.14}],"translate":[{"curve":0.25,"c3":0.75},{"time":0.2667,"x":51.75,"y":36.64,"curve":0.25,"c3":0.625,"c4":0.5},{"time":0.5333,"x":42.87,"y":51.43,"curve":0.25,"c3":0.75},{"time":0.6,"x":41.02,"y":0.61}]},"torso5":{"rotate":[{"curve":0.25,"c3":0.75},{"time":0.2667,"angle":16.74,"curve":0.25,"c3":0.75},{"time":0.4333,"angle":-7.14,"curve":0.242,"c3":0.667,"c4":0.67},{"time":0.5333,"angle":-19.91,"curve":0.379,"c2":0.6,"c3":0.724},{"time":0.5667,"angle":8.94}]},"crossbow":{"rotate":[{"time":0.6,"curve":0.25,"c3":0.75},{"time":0.9,"angle":0.31}]},"arm_left_3":{"rotate":[{"time":0.4333,"curve":0.25,"c3":0.75},{"time":0.6333,"angle":44.35,"curve":0.25,"c3":0.75},{"time":0.9,"angle":8.24}]},"shadiow":{"translate":[{"curve":0.25,"c3":0.75},{"time":0.3333,"x":-115.47,"curve":0.25,"c3":0.75},{"time":0.5667,"x":-147.43,"y":-5.15}],"scale":[{"curve":0.25,"c3":0.75},{"time":0.3333,"x":2.103,"curve":0.25,"c3":0.75},{"time":0.5667,"x":2.233}]}},"drawOrder":[{"time":0.6667,"offsets":[{"slot":"crossbow2","offset":-7}]}]},"idle":{"slots":{"eye":{"attachment":[{"time":1,"name":null},{"time":1.0667,"name":"eye"}]},"eyeclose":{"attachment":[{"time":1,"name":"eye_close"},{"time":1.0667,"name":null}]}},"bones":{"torso":{"translate":[{"curve":0.25,"c3":0.75},{"time":0.5,"y":-2.73,"curve":0.25,"c3":0.75},{"time":1,"curve":0.25,"c3":0.75},{"time":1.5,"y":-2.73,"curve":0.25,"c3":0.75},{"time":2}]},"torso4":{"rotate":[{"angle":-0.17,"curve":0.349,"c2":0.39,"c3":0.689,"c4":0.74},{"time":0.1,"angle":-0.06,"curve":0.375,"c2":0.62,"c3":0.716},{"time":0.2,"curve":0.25,"c3":0.75},{"time":0.7,"angle":-0.46,"curve":0.245,"c3":0.637,"c4":0.56},{"time":1,"angle":-0.17,"curve":0.349,"c2":0.39,"c3":0.689,"c4":0.74},{"time":1.1,"angle":-0.06,"curve":0.375,"c2":0.62,"c3":0.716},{"time":1.2,"curve":0.25,"c3":0.75},{"time":1.7,"angle":-0.46,"curve":0.245,"c3":0.637,"c4":0.56},{"time":2,"angle":-0.17}],"translate":[{"curve":0.25,"c3":0.75},{"time":0.5,"x":-0.96,"y":0.05,"curve":0.243,"c3":0.68,"c4":0.71},{"time":0.9,"x":-0.13,"y":0.01,"curve":0.375,"c2":0.62,"c3":0.716},{"time":1,"curve":0.25,"c3":0.75},{"time":1.5,"x":-0.96,"y":0.05,"curve":0.243,"c3":0.68,"c4":0.71},{"time":1.9,"x":-0.13,"y":0.01,"curve":0.375,"c2":0.62,"c3":0.716},{"time":2}]},"torso5":{"rotate":[{"angle":-0.29,"curve":0.33,"c2":0.32,"c3":0.67,"c4":0.68},{"time":0.1,"angle":-0.17,"curve":0.349,"c2":0.39,"c3":0.689,"c4":0.74},{"time":0.2,"angle":-0.06,"curve":0.375,"c2":0.62,"c3":0.716},{"time":0.3,"curve":0.25,"c3":0.75},{"time":0.8,"angle":-0.46,"curve":0.258,"c3":0.619,"c4":0.45},{"time":1,"angle":-0.29,"curve":0.33,"c2":0.32,"c3":0.67,"c4":0.68},{"time":1.1,"angle":-0.17,"curve":0.349,"c2":0.39,"c3":0.689,"c4":0.74},{"time":1.2,"angle":-0.06,"curve":0.375,"c2":0.62,"c3":0.716},{"time":1.3,"curve":0.25,"c3":0.75},{"time":1.8,"angle":-0.46,"curve":0.258,"c3":0.619,"c4":0.45},{"time":2,"angle":-0.29}],"translate":[{"x":-0.19,"y":0.03,"curve":0.375,"c2":0.62,"c3":0.716},{"time":0.1,"curve":0.25,"c3":0.75},{"time":0.6,"x":-1.43,"y":0.2,"curve":0.245,"c3":0.637,"c4":0.56},{"time":0.9,"x":-0.52,"y":0.07,"curve":0.349,"c2":0.39,"c3":0.689,"c4":0.74},{"time":1,"x":-0.19,"y":0.03,"curve":0.375,"c2":0.62,"c3":0.716},{"time":1.1,"curve":0.25,"c3":0.75},{"time":1.6,"x":-1.43,"y":0.2,"curve":0.245,"c3":0.637,"c4":0.56},{"time":1.9,"x":-0.52,"y":0.07,"curve":0.349,"c2":0.39,"c3":0.689,"c4":0.74},{"time":2,"x":-0.19,"y":0.03}]},"head":{"rotate":[{"angle":-0.4,"curve":0.311,"c2":0.26,"c3":0.651,"c4":0.61},{"time":0.1,"angle":-0.29,"curve":0.33,"c2":0.32,"c3":0.67,"c4":0.68},{"time":0.2,"angle":-0.17,"curve":0.349,"c2":0.39,"c3":0.689,"c4":0.74},{"time":0.3,"angle":-0.06,"curve":0.375,"c2":0.62,"c3":0.716},{"time":0.4,"curve":0.25,"c3":0.75},{"time":0.9,"angle":-0.46,"curve":0.284,"c3":0.625,"c4":0.38},{"time":1,"angle":-0.4,"curve":0.311,"c2":0.26,"c3":0.651,"c4":0.61},{"time":1.1,"angle":-0.29,"curve":0.33,"c2":0.32,"c3":0.67,"c4":0.68},{"time":1.2,"angle":-0.17,"curve":0.349,"c2":0.39,"c3":0.689,"c4":0.74},{"time":1.3,"angle":-0.06,"curve":0.375,"c2":0.62,"c3":0.716},{"time":1.4,"curve":0.25,"c3":0.75},{"time":1.9,"angle":-0.46,"curve":0.284,"c3":0.625,"c4":0.38},{"time":2,"angle":-0.4}],"translate":[{"x":-0.17,"y":0.03,"curve":0.349,"c2":0.39,"c3":0.689,"c4":0.74},{"time":0.1,"x":-0.06,"y":0.01,"curve":0.375,"c2":0.62,"c3":0.716},{"time":0.2,"curve":0.25,"c3":0.75},{"time":0.7,"x":-0.47,"y":0.09,"curve":0.258,"c3":0.619,"c4":0.45},{"time":0.9,"x":-0.3,"y":0.06,"curve":0.33,"c2":0.32,"c3":0.67,"c4":0.68},{"time":1,"x":-0.17,"y":0.03,"curve":0.349,"c2":0.39,"c3":0.689,"c4":0.74},{"time":1.1,"x":-0.06,"y":0.01,"curve":0.375,"c2":0.62,"c3":0.716},{"time":1.2,"curve":0.25,"c3":0.75},{"time":1.7,"x":-0.47,"y":0.09,"curve":0.258,"c3":0.619,"c4":0.45},{"time":1.9,"x":-0.3,"y":0.06,"curve":0.33,"c2":0.32,"c3":0.67,"c4":0.68},{"time":2,"x":-0.17,"y":0.03}]},"arm_right_1":{"rotate":[{"angle":-56.84,"curve":0.375,"c2":0.62,"c3":0.716},{"time":0.1,"angle":-56.67,"curve":0.25,"c3":0.75},{"time":0.6,"angle":-57.98,"curve":0.243,"c3":0.68,"c4":0.71},{"time":1,"angle":-56.84,"curve":0.375,"c2":0.62,"c3":0.716},{"time":1.1,"angle":-56.67,"curve":0.25,"c3":0.75},{"time":1.6,"angle":-57.98,"curve":0.243,"c3":0.68,"c4":0.71},{"time":2,"angle":-56.84}]},"arm_right_3":{"rotate":[{"angle":-24.9,"curve":0.349,"c2":0.39,"c3":0.689,"c4":0.74},{"time":0.1,"angle":-24.6,"curve":0.375,"c2":0.62,"c3":0.716},{"time":0.2,"angle":-24.43,"curve":0.25,"c3":0.75},{"time":0.7,"angle":-25.73,"curve":0.245,"c3":0.637,"c4":0.56},{"time":1,"angle":-24.9,"curve":0.349,"c2":0.39,"c3":0.689,"c4":0.74},{"time":1.1,"angle":-24.6,"curve":0.375,"c2":0.62,"c3":0.716},{"time":1.2,"angle":-24.43,"curve":0.25,"c3":0.75},{"time":1.7,"angle":-25.73,"curve":0.245,"c3":0.637,"c4":0.56},{"time":2,"angle":-24.9}]},"arm_right_4":{"rotate":[{"angle":-0.82,"curve":0.33,"c2":0.32,"c3":0.67,"c4":0.68},{"time":0.1,"angle":-0.47,"curve":0.349,"c2":0.39,"c3":0.689,"c4":0.74},{"time":0.2,"angle":-0.17,"curve":0.375,"c2":0.62,"c3":0.716},{"time":0.3,"curve":0.25,"c3":0.75},{"time":0.8,"angle":-1.3,"curve":0.258,"c3":0.619,"c4":0.45},{"time":1,"angle":-0.82,"curve":0.33,"c2":0.32,"c3":0.67,"c4":0.68},{"time":1.1,"angle":-0.47,"curve":0.349,"c2":0.39,"c3":0.689,"c4":0.74},{"time":1.2,"angle":-0.17,"curve":0.375,"c2":0.62,"c3":0.716},{"time":1.3,"curve":0.25,"c3":0.75},{"time":1.8,"angle":-1.3,"curve":0.258,"c3":0.619,"c4":0.45},{"time":2,"angle":-0.82}]},"arm_left_2":{"rotate":[{"angle":-30.11,"curve":0.347,"c2":0.38,"c3":0.683,"c4":0.73},{"time":0.0667,"angle":-30.21,"curve":0.375,"c2":0.62,"c3":0.716},{"time":0.1667,"angle":-30.3,"curve":0.25,"c3":0.75},{"time":0.6667,"angle":-29.64,"curve":0.243,"c3":0.649,"c4":0.6},{"time":1,"angle":-30.11,"curve":0.347,"c2":0.38,"c3":0.683,"c4":0.73},{"time":1.0667,"angle":-30.21,"curve":0.375,"c2":0.62,"c3":0.716},{"time":1.1667,"angle":-30.3,"curve":0.25,"c3":0.75},{"time":1.6667,"angle":-29.64,"curve":0.243,"c3":0.649,"c4":0.6},{"time":2,"angle":-30.11}]},"arm_left_3":{"rotate":[{"angle":21.52,"curve":0.334,"c2":0.34,"c3":0.67,"c4":0.68},{"time":0.0667,"angle":21.41,"curve":0.349,"c2":0.39,"c3":0.689,"c4":0.74},{"time":0.1667,"angle":21.25,"curve":0.375,"c2":0.62,"c3":0.716},{"time":0.2667,"angle":21.17,"curve":0.25,"c3":0.75},{"time":0.7667,"angle":21.82,"curve":0.252,"c3":0.622,"c4":0.48},{"time":1,"angle":21.52,"curve":0.334,"c2":0.34,"c3":0.67,"c4":0.68},{"time":1.0667,"angle":21.41,"curve":0.349,"c2":0.39,"c3":0.689,"c4":0.74},{"time":1.1667,"angle":21.25,"curve":0.375,"c2":0.62,"c3":0.716},{"time":1.2667,"angle":21.17,"curve":0.25,"c3":0.75},{"time":1.7667,"angle":21.82,"curve":0.252,"c3":0.622,"c4":0.48},{"time":2,"angle":21.52}]},"crossbow":{"rotate":[{"angle":0.52,"curve":0.322,"c2":0.3,"c3":0.658,"c4":0.64},{"time":0.0667,"angle":0.41,"curve":0.33,"c2":0.32,"c3":0.67,"c4":0.68},{"time":0.1667,"angle":0.24,"curve":0.349,"c2":0.39,"c3":0.689,"c4":0.74},{"time":0.2667,"angle":0.09,"curve":0.375,"c2":0.62,"c3":0.716},{"time":0.3667,"curve":0.25,"c3":0.75},{"time":0.8667,"angle":0.66,"curve":0.273,"c3":0.62,"c4":0.41},{"time":1,"angle":0.52,"curve":0.322,"c2":0.3,"c3":0.658,"c4":0.64},{"time":1.0667,"angle":0.41,"curve":0.33,"c2":0.32,"c3":0.67,"c4":0.68},{"time":1.1667,"angle":0.24,"curve":0.349,"c2":0.39,"c3":0.689,"c4":0.74},{"time":1.2667,"angle":0.09,"curve":0.375,"c2":0.62,"c3":0.716},{"time":1.3667,"curve":0.25,"c3":0.75},{"time":1.8667,"angle":0.66,"curve":0.273,"c3":0.62,"c4":0.41},{"time":2,"angle":0.52}]},"coat":{"rotate":[{"angle":1.91,"curve":0.375,"c2":0.62,"c3":0.716},{"time":0.1,"angle":2.81,"curve":0.25,"c3":0.75},{"time":0.6,"angle":-4.09,"curve":0.243,"c3":0.68,"c4":0.71},{"time":1,"angle":1.91,"curve":0.375,"c2":0.62,"c3":0.716},{"time":1.1,"angle":2.81,"curve":0.25,"c3":0.75},{"time":1.6,"angle":-4.09,"curve":0.243,"c3":0.68,"c4":0.71},{"time":2,"angle":1.91}]},"coat2":{"rotate":[{"angle":0.3,"curve":0.349,"c2":0.39,"c3":0.689,"c4":0.74},{"time":0.1,"angle":1.91,"curve":0.375,"c2":0.62,"c3":0.716},{"time":0.2,"angle":2.81,"curve":0.25,"c3":0.75},{"time":0.7,"angle":-4.09,"curve":0.245,"c3":0.637,"c4":0.56},{"time":1,"angle":0.3,"curve":0.349,"c2":0.39,"c3":0.689,"c4":0.74},{"time":1.1,"angle":1.91,"curve":0.375,"c2":0.62,"c3":0.716},{"time":1.2,"angle":2.81,"curve":0.25,"c3":0.75},{"time":1.7,"angle":-4.09,"curve":0.245,"c3":0.637,"c4":0.56},{"time":2,"angle":0.3}]},"coat3":{"rotate":[{"angle":-1.53,"curve":0.33,"c2":0.32,"c3":0.67,"c4":0.68},{"time":0.1,"angle":0.3,"curve":0.349,"c2":0.39,"c3":0.689,"c4":0.74},{"time":0.2,"angle":1.91,"curve":0.375,"c2":0.62,"c3":0.716},{"time":0.3,"angle":2.81,"curve":0.25,"c3":0.75},{"time":0.8,"angle":-4.09,"curve":0.258,"c3":0.619,"c4":0.45},{"time":1,"angle":-1.53,"curve":0.33,"c2":0.32,"c3":0.67,"c4":0.68},{"time":1.1,"angle":0.3,"curve":0.349,"c2":0.39,"c3":0.689,"c4":0.74},{"time":1.2,"angle":1.91,"curve":0.375,"c2":0.62,"c3":0.716},{"time":1.3,"angle":2.81,"curve":0.25,"c3":0.75},{"time":1.8,"angle":-4.09,"curve":0.258,"c3":0.619,"c4":0.45},{"time":2,"angle":-1.53}]},"coat4":{"rotate":[{"angle":-3.2,"curve":0.311,"c2":0.26,"c3":0.651,"c4":0.61},{"time":0.1,"angle":-1.53,"curve":0.33,"c2":0.32,"c3":0.67,"c4":0.68},{"time":0.2,"angle":0.3,"curve":0.349,"c2":0.39,"c3":0.689,"c4":0.74},{"time":0.3,"angle":1.91,"curve":0.375,"c2":0.62,"c3":0.716},{"time":0.4,"angle":2.81,"curve":0.25,"c3":0.75},{"time":0.9,"angle":-4.09,"curve":0.284,"c3":0.625,"c4":0.38},{"time":1,"angle":-3.2,"curve":0.311,"c2":0.26,"c3":0.651,"c4":0.61},{"time":1.1,"angle":-1.53,"curve":0.33,"c2":0.32,"c3":0.67,"c4":0.68},{"time":1.2,"angle":0.3,"curve":0.349,"c2":0.39,"c3":0.689,"c4":0.74},{"time":1.3,"angle":1.91,"curve":0.375,"c2":0.62,"c3":0.716},{"time":1.4,"angle":2.81,"curve":0.25,"c3":0.75},{"time":1.9,"angle":-4.09,"curve":0.284,"c3":0.625,"c4":0.38},{"time":2,"angle":-3.2}]},"coat5":{"rotate":[{"angle":0.43,"curve":0.349,"c2":0.39,"c3":0.689,"c4":0.74},{"time":0.1,"angle":-0.43,"curve":0.375,"c2":0.62,"c3":0.716},{"time":0.2,"angle":-0.91,"curve":0.25,"c3":0.75},{"time":0.7,"angle":2.79,"curve":0.245,"c3":0.637,"c4":0.56},{"time":1,"angle":0.43,"curve":0.349,"c2":0.39,"c3":0.689,"c4":0.74},{"time":1.1,"angle":-0.43,"curve":0.375,"c2":0.62,"c3":0.716},{"time":1.2,"angle":-0.91,"curve":0.25,"c3":0.75},{"time":1.7,"angle":2.79,"curve":0.245,"c3":0.637,"c4":0.56},{"time":2,"angle":0.43}]},"coat6":{"rotate":[{"angle":1.41,"curve":0.33,"c2":0.32,"c3":0.67,"c4":0.68},{"time":0.1,"angle":0.43,"curve":0.349,"c2":0.39,"c3":0.689,"c4":0.74},{"time":0.2,"angle":-0.43,"curve":0.375,"c2":0.62,"c3":0.716},{"time":0.3,"angle":-0.91,"curve":0.25,"c3":0.75},{"time":0.8,"angle":2.79,"curve":0.258,"c3":0.619,"c4":0.45},{"time":1,"angle":1.41,"curve":0.33,"c2":0.32,"c3":0.67,"c4":0.68},{"time":1.1,"angle":0.43,"curve":0.349,"c2":0.39,"c3":0.689,"c4":0.74},{"time":1.2,"angle":-0.43,"curve":0.375,"c2":0.62,"c3":0.716},{"time":1.3,"angle":-0.91,"curve":0.25,"c3":0.75},{"time":1.8,"angle":2.79,"curve":0.258,"c3":0.619,"c4":0.45},{"time":2,"angle":1.41}]},"coat7":{"rotate":[{"angle":3.98,"curve":0.311,"c2":0.26,"c3":0.651,"c4":0.61},{"time":0.1,"angle":2.62,"curve":0.33,"c2":0.32,"c3":0.67,"c4":0.68},{"time":0.2,"angle":1.13,"curve":0.349,"c2":0.39,"c3":0.689,"c4":0.74},{"time":0.3,"angle":-0.18,"curve":0.375,"c2":0.62,"c3":0.716},{"time":0.4,"angle":-0.91,"curve":0.25,"c3":0.75},{"time":0.9,"angle":4.71,"curve":0.284,"c3":0.625,"c4":0.38},{"time":1,"angle":3.98,"curve":0.311,"c2":0.26,"c3":0.651,"c4":0.61},{"time":1.1,"angle":2.62,"curve":0.33,"c2":0.32,"c3":0.67,"c4":0.68},{"time":1.2,"angle":1.13,"curve":0.349,"c2":0.39,"c3":0.689,"c4":0.74},{"time":1.3,"angle":-0.18,"curve":0.375,"c2":0.62,"c3":0.716},{"time":1.4,"angle":-0.91,"curve":0.25,"c3":0.75},{"time":1.9,"angle":4.71,"curve":0.284,"c3":0.625,"c4":0.38},{"time":2,"angle":3.98}]},"coat8":{"rotate":[{"angle":4.71,"curve":0.284,"c3":0.625,"c4":0.38},{"time":0.1,"angle":3.98,"curve":0.311,"c2":0.26,"c3":0.651,"c4":0.61},{"time":0.2,"angle":2.62,"curve":0.33,"c2":0.32,"c3":0.67,"c4":0.68},{"time":0.3,"angle":1.13,"curve":0.349,"c2":0.39,"c3":0.689,"c4":0.74},{"time":0.4,"angle":-0.18,"curve":0.375,"c2":0.62,"c3":0.716},{"time":0.5,"angle":-0.91,"curve":0.25,"c3":0.75},{"time":1,"angle":4.71,"curve":0.284,"c3":0.625,"c4":0.38},{"time":1.1,"angle":3.98,"curve":0.311,"c2":0.26,"c3":0.651,"c4":0.61},{"time":1.2,"angle":2.62,"curve":0.33,"c2":0.32,"c3":0.67,"c4":0.68},{"time":1.3,"angle":1.13,"curve":0.349,"c2":0.39,"c3":0.689,"c4":0.74},{"time":1.4,"angle":-0.18,"curve":0.375,"c2":0.62,"c3":0.716},{"time":1.5,"angle":-0.91,"curve":0.25,"c3":0.75},{"time":2,"angle":4.71}]},"coat9":{"rotate":[{"angle":3.97,"curve":0.375,"c2":0.62,"c3":0.716},{"time":0.1,"angle":4.71,"curve":0.284,"c3":0.625,"c4":0.38},{"time":0.2,"angle":3.98,"curve":0.311,"c2":0.26,"c3":0.651,"c4":0.61},{"time":0.3,"angle":2.62,"curve":0.33,"c2":0.32,"c3":0.67,"c4":0.68},{"time":0.4,"angle":1.13,"curve":0.349,"c2":0.39,"c3":0.689,"c4":0.74},{"time":0.5,"angle":-0.18,"curve":0.375,"c2":0.62,"c3":0.716},{"time":0.6,"angle":-0.91,"curve":0.243,"c3":0.68,"c4":0.71},{"time":1,"angle":3.97,"curve":0.375,"c2":0.62,"c3":0.716},{"time":1.1,"angle":4.71,"curve":0.284,"c3":0.625,"c4":0.38},{"time":1.2,"angle":3.98,"curve":0.311,"c2":0.26,"c3":0.651,"c4":0.61},{"time":1.3,"angle":2.62,"curve":0.33,"c2":0.32,"c3":0.67,"c4":0.68},{"time":1.4,"angle":1.13,"curve":0.349,"c2":0.39,"c3":0.689,"c4":0.74},{"time":1.5,"angle":-0.18,"curve":0.375,"c2":0.62,"c3":0.716},{"time":1.6,"angle":-0.91,"curve":0.243,"c3":0.68,"c4":0.71},{"time":2,"angle":3.97}]},"torso2":{"rotate":[{"angle":-0.06,"curve":0.375,"c2":0.62,"c3":0.716},{"time":0.1,"curve":0.25,"c3":0.75},{"time":0.6,"angle":-0.46,"curve":0.243,"c3":0.68,"c4":0.71},{"time":1,"angle":-0.06,"curve":0.375,"c2":0.62,"c3":0.716},{"time":1.1,"curve":0.25,"c3":0.75},{"time":1.6,"angle":-0.46,"curve":0.243,"c3":0.68,"c4":0.71},{"time":2,"angle":-0.06}]},"torso8":{"rotate":[{"angle":0.55,"curve":0.375,"c2":0.62,"c3":0.716},{"time":0.1,"angle":1.08,"curve":0.25,"c3":0.75},{"time":0.6,"angle":-2.97,"curve":0.243,"c3":0.68,"c4":0.71},{"time":1,"angle":0.55,"curve":0.375,"c2":0.62,"c3":0.716},{"time":1.1,"angle":1.08,"curve":0.25,"c3":0.75},{"time":1.6,"angle":-2.97,"curve":0.243,"c3":0.68,"c4":0.71},{"time":2,"angle":0.55}]},"torso9":{"rotate":[{"angle":-0.39,"curve":0.349,"c2":0.39,"c3":0.689,"c4":0.74},{"time":0.1,"angle":0.55,"curve":0.375,"c2":0.62,"c3":0.716},{"time":0.2,"angle":1.08,"curve":0.25,"c3":0.75},{"time":0.7,"angle":-2.97,"curve":0.245,"c3":0.637,"c4":0.56},{"time":1,"angle":-0.39,"curve":0.349,"c2":0.39,"c3":0.689,"c4":0.74},{"time":1.1,"angle":0.55,"curve":0.375,"c2":0.62,"c3":0.716},{"time":1.2,"angle":1.08,"curve":0.25,"c3":0.75},{"time":1.7,"angle":-2.97,"curve":0.245,"c3":0.637,"c4":0.56},{"time":2,"angle":-0.39}]},"torso10":{"rotate":[{"angle":2.51,"curve":0.366,"c2":0.63,"c3":0.703},{"time":0.0667,"angle":2.83,"curve":0.25,"c3":0.75},{"time":0.5667,"angle":-1.77,"curve":0.244,"c3":0.7,"c4":0.79},{"time":1,"angle":2.51,"curve":0.366,"c2":0.63,"c3":0.703},{"time":1.0667,"angle":2.83,"curve":0.25,"c3":0.75},{"time":1.5667,"angle":-1.77,"curve":0.244,"c3":0.7,"c4":0.79},{"time":2,"angle":2.51}]},"torso11":{"rotate":[{"angle":1.91,"curve":0.352,"c2":0.41,"c3":0.688,"c4":0.76},{"time":0.0667,"angle":2.51,"curve":0.366,"c2":0.63,"c3":0.703},{"time":0.1333,"angle":2.83,"curve":0.25,"c3":0.75},{"time":0.6333,"angle":-1.77,"curve":0.242,"c3":0.663,"c4":0.65},{"time":1,"angle":1.91,"curve":0.352,"c2":0.41,"c3":0.688,"c4":0.76},{"time":1.0667,"angle":2.51,"curve":0.366,"c2":0.63,"c3":0.703},{"time":1.1333,"angle":2.83,"curve":0.25,"c3":0.75},{"time":1.6333,"angle":-1.77,"curve":0.242,"c3":0.663,"c4":0.65},{"time":2,"angle":1.91}]},"torso13":{"rotate":[{"angle":-0.3,"curve":0.38,"c2":0.59,"c3":0.727},{"time":0.1333,"angle":-1.11,"curve":0.25,"c3":0.75},{"time":0.6333,"angle":2.89,"curve":0.242,"c3":0.663,"c4":0.65},{"time":1,"angle":-0.3,"curve":0.38,"c2":0.59,"c3":0.727},{"time":1.1333,"angle":-1.11,"curve":0.25,"c3":0.75},{"time":1.6333,"angle":2.89,"curve":0.242,"c3":0.663,"c4":0.65},{"time":2,"angle":-0.3}]},"torso14":{"rotate":[{"angle":1.05,"curve":0.34,"c2":0.35,"c3":0.684,"c4":0.72},{"time":0.1333,"angle":-0.3,"curve":0.38,"c2":0.59,"c3":0.727},{"time":0.2667,"angle":-1.11,"curve":0.25,"c3":0.75},{"time":0.7667,"angle":2.89,"curve":0.252,"c3":0.622,"c4":0.48},{"time":1,"angle":1.05,"curve":0.34,"c2":0.35,"c3":0.684,"c4":0.72},{"time":1.1333,"angle":-0.3,"curve":0.38,"c2":0.59,"c3":0.727},{"time":1.2667,"angle":-1.11,"curve":0.25,"c3":0.75},{"time":1.7667,"angle":2.89,"curve":0.252,"c3":0.622,"c4":0.48},{"time":2,"angle":1.05}]}},"deform":{"default":{"torso":{"torso":[{"offset":198,"vertices":[0.21544,0,-0.01132,-0.21514,-0.03048,-0.21328,-0.03048,-0.21328,-0.03048,-0.21328,-0.04226,-0.21126],"curve":0.378,"c2":0.52,"c3":0.748},{"time":0.2333,"offset":198,"vertices":[0.396,0,-0.02081,-0.39545,-0.05602,-0.39202,-0.05602,-0.39202,-0.05602,-0.39202,-0.07767,-0.38831],"curve":0.25,"c3":0.75},{"time":0.7333,"curve":0.248,"c3":0.628,"c4":0.52},{"time":1,"offset":198,"vertices":[0.21544,0,-0.01132,-0.21514,-0.03048,-0.21328,-0.03048,-0.21328,-0.03048,-0.21328,-0.04226,-0.21126],"curve":0.378,"c2":0.52,"c3":0.748},{"time":1.2333,"offset":198,"vertices":[0.396,0,-0.02081,-0.39545,-0.05602,-0.39202,-0.05602,-0.39202,-0.05602,-0.39202,-0.07767,-0.38831],"curve":0.25,"c3":0.75},{"time":1.7333,"curve":0.248,"c3":0.628,"c4":0.52},{"time":2,"offset":198,"vertices":[0.21544,0,-0.01132,-0.21514,-0.03048,-0.21328,-0.03048,-0.21328,-0.03048,-0.21328,-0.04226,-0.21126]}]}}}}}}