{"skeleton":{"hash":"zECxfargoqZbURWQgeuFHYVH+Yk","spine":"3.8.99","x":-63.55,"y":1.87,"width":112.42,"height":189.7,"images":"./images/","audio":"D:/WORK/SUNDATA/MERGE MASTER/ANIMATION/Warriors/lv09_Wizard_female/Project_Spine38"},"bones":[{"name":"root"},{"name":"[RED] SKELETON CONTROL","parent":"root","scaleX":0.3167,"scaleY":0.3167,"color":"ff0000ff"},{"name":"torso","parent":"[RED] SKELETON CONTROL","x":6.64,"y":208.53},{"name":"torso2","parent":"torso","length":24.98,"rotation":94.03,"x":-1.44,"y":6.22},{"name":"torso3","parent":"torso2","length":41.25,"rotation":1.34,"x":24.98},{"name":"torso4","parent":"torso3","length":36.32,"rotation":-10.92,"x":41.25},{"name":"torso5","parent":"torso3","length":26.5,"rotation":-109.11,"x":41.97,"y":-2.22},{"name":"hand_left","parent":"torso5","length":40.43,"rotation":-36.72,"x":26.63,"y":-1.73},{"name":"hand_left2","parent":"hand_left","length":57.94,"rotation":35.36,"x":35.04,"y":-1.49},{"name":"hand_left3","parent":"hand_left2","length":25.75,"rotation":-12.18,"x":57.94,"transform":"noRotationOrReflection"},{"name":"hand_left4","parent":"hand_left3","length":22.75,"rotation":26.74,"x":25.75},{"name":"hand_right","parent":"torso3","length":29.64,"rotation":94.46,"x":42.82,"y":0.89},{"name":"hand_right3","parent":"hand_right","length":55.57,"rotation":52.02,"x":29.87,"y":-0.04},{"name":"hand_right4","parent":"hand_right3","length":49.53,"rotation":-10.91,"x":55.57},{"name":"hand_right5","parent":"hand_right4","length":30.45,"rotation":-62.58,"x":49.39,"y":-0.5},{"name":"hand_right6","parent":"hand_right5","length":27.87,"rotation":-27.68,"x":30.45},{"name":"torso6","parent":"torso","length":40.73,"rotation":-103.78,"x":-33.4,"y":-0.53},{"name":"torso7","parent":"torso6","length":57.93,"rotation":8.37,"x":40.88,"y":-0.44},{"name":"torso8","parent":"torso7","length":50.04,"rotation":-8.71,"x":57.93},{"name":"torso9","parent":"torso8","length":52.66,"rotation":-53.43,"x":50.04},{"name":"torso10","parent":"torso","length":49.54,"rotation":-76.41,"x":25.94,"y":3.15},{"name":"torso11","parent":"torso10","length":59.74,"rotation":-8.44,"x":49.54},{"name":"torso12","parent":"torso11","length":38.94,"rotation":7.73,"x":59.74},{"name":"torso13","parent":"torso12","length":46.32,"rotation":60.08,"x":38.94},{"name":"torso14","parent":"torso","length":46.48,"rotation":-92.7,"x":-0.32,"y":-15.62},{"name":"torso15","parent":"torso14","length":41.17,"rotation":2.09,"x":46.48},{"name":"torso16","parent":"torso15","length":35.93,"rotation":2.01,"x":41.17},{"name":"torso17","parent":"torso16","length":44.94,"rotation":8.71,"x":35.93},{"name":"head","parent":"torso4","length":116.66,"rotation":9.38,"x":36.91,"y":1.35},{"name":"book","parent":"[RED] SKELETON CONTROL","rotation":-129.06,"x":-80.56,"y":212.51},{"name":"book2","parent":"book","length":49.94,"rotation":150.25,"x":-8.44,"y":5.24},{"name":"book3","parent":"book","length":50.46,"rotation":-70.15,"x":4.91,"y":-16.94},{"name":"shadow","parent":"[RED] SKELETON CONTROL","x":9.74,"y":52.89,"color":"000000ff"},{"name":"bone2","parent":"hand_left2","x":65.37,"y":5.79,"scaleX":0.5024,"transform":"noRotationOrReflection"},{"name":"bone3","parent":"bone2"}],"slots":[{"name":"shadiow2","bone":"shadow","attachment":"shadiow"},{"name":"hand_left4","bone":"[RED] SKELETON CONTROL","attachment":"hand_left"},{"name":"torso2","bone":"[RED] SKELETON CONTROL","attachment":"torso"},{"name":"hand_left3","bone":"[RED] SKELETON CONTROL","attachment":"hand_left"},{"name":"hand_right2","bone":"[RED] SKELETON CONTROL","attachment":"hand_right"},{"name":"head2","bone":"head","attachment":"head"},{"name":"shoulder","bone":"hand_right","attachment":"shoulder"},{"name":"book","bone":"book","attachment":"book"},{"name":"fx2","bone":"bone3"},{"name":"lv09_Wizard_female mini_2","bone":"root"}],"skins":[{"name":"default","attachments":{"book":{"book":{"type":"mesh","uvs":[1,0.20826,0.89827,0.51865,0.79855,0.82289,0.64445,0.82677,0.55424,0.87667,0.4729,0.94316,0.39323,0.86523,0.34691,0.79339,0.26091,0.76777,0.12829,0.78363,0.03089,0.55795,0,0.19856,0,0,1,0,0.39779,0.67745,0.54306,0.69437,0.18022,0.23369,0.38777,0.13891,0.60962,0.14733,0.78317,0.28214,0.47544,0.39588,0.46112,0.60442,0.29652,0.44433,0.65256,0.44433],"triangles":[5,6,4,15,14,21,18,17,13,19,18,13,0,19,13,23,20,18,19,23,18,1,19,0,23,19,1,21,20,23,15,21,23,2,23,1,3,15,23,2,3,23,4,15,3,6,15,4,17,12,13,16,11,12,17,16,12,20,17,18,22,16,17,22,17,20,10,11,16,10,16,22,21,22,20,14,22,21,8,10,22,8,22,14,9,10,8,7,8,14,6,7,14,15,6,14],"vertices":[1,30,101.31,44.15,1,1,30,69.75,9.45,1,1,30,38.81,-24.57,1,2,30,14.76,-15.84,0.85576,29,-13.4,26.32,0.14424,2,30,-1.74,-16.99,0.67725,29,1.5,19.12,0.32275,3,31,-25.57,18.81,0.10982,30,-15.31,-18.26,0.2476,29,13.92,13.5,0.64258,3,31,-9.3,16.31,0.49188,30,-26.08,-5.82,0.07311,29,17.09,-2.65,0.43501,2,31,1.29,9.27,0.70578,29,14.07,-15,0.29422,2,31,15.96,10.56,0.93874,29,20.26,-28.36,0.06126,1,31,36.01,19.92,1,1,31,61.75,-4.81,1,2,31,83.27,-50.97,0.93284,30,-52.97,105.42,0.06716,2,31,92.48,-77.41,0.62635,30,-42.85,131.52,0.37365,2,31,-64.27,-132.04,0.34356,30,111.93,71.53,0.65644,3,31,-1.31,-8.94,0.56148,30,-15.8,18.59,0.06714,29,-3.94,-18.74,0.37138,2,30,5.82,7.65,0.77899,29,-17.29,1.48,0.22101,2,31,53.39,-56.14,0.84578,30,-26.87,89.98,0.15422,2,31,25.25,-80.1,0.63337,30,10.09,90,0.36663,2,31,-9.91,-91.1,0.42652,30,44,75.58,0.57348,2,31,-43.37,-82.63,0.21817,30,63.99,47.44,0.78183,2,31,-0.41,-50.67,0.65903,30,10.56,50.95,0.34097,2,31,-7.84,-22.12,0.57715,30,-2.28,24.39,0.42285,2,31,25.39,-34.45,0.84059,30,-19.6,55.32,0.15941,2,31,-30.43,-53.9,0.2375,30,35.51,33.96,0.7625],"hull":14,"edges":[24,26,12,28,30,8,8,10,12,10,8,6,6,4,0,26,0,2,2,4,12,14,14,16,16,18,18,20,22,24,20,22],"width":166,"height":141}},"fx2":{"fx":{"x":2.07,"y":1.14,"scaleX":1.4734,"scaleY":1.2627,"width":214,"height":236}},"hand_left3":{"hand_left":{"type":"mesh","uvs":[0.324,0.39059,0.37862,0.42645,0.55014,0.58881,0.63124,0.6455,0.71544,0.58189,0.80117,0.56392,0.8638,0.49781,1,0.78432,0.96031,0.82914,0.87618,0.88823,0.84741,0.95662,0.73166,0.98608,0.60181,0.8707,0.49961,0.84819,0.37332,0.81192,0.27572,0.74399],"triangles":[9,5,8,5,6,8,8,6,7,3,4,11,10,11,9,9,11,4,5,9,4,12,3,11,3,12,2,12,13,2,13,14,2,14,1,2,14,15,1,15,0,1],"vertices":[2,7,30.41,12.66,0.66051,8,4.41,14.22,0.33949,2,7,37.69,16.92,0.13059,8,12.82,13.48,0.86941,1,8,40.25,7.25,1,2,8,52.8,5.88,0.86643,9,-4.83,6.14,0.13357,1,9,6.01,13.75,1,2,9,17.86,17.79,0.61355,10,0.96,19.44,0.38645,2,9,25.6,24.95,0.33694,10,11.1,22.34,0.66306,1,10,24.38,-5.08,1,1,10,17.89,-7.15,1,2,9,34.03,-5.59,0.13322,10,4.88,-8.72,0.86678,2,9,31.12,-11.88,0.51156,10,-0.55,-13.03,0.48844,1,9,15.22,-17.76,1,2,8,53.43,-12.84,0.79283,9,-5.16,-12.6,0.20717,1,8,38.65,-14.94,1,2,7,61.28,-3.55,0.33189,8,20.2,-16.87,0.66811,2,7,48.02,-10.96,0.76999,8,5.11,-15.24,0.23001],"hull":16,"edges":[30,28,28,26,26,24,22,24,22,20,20,18,14,16,18,16,14,12,12,10,10,8,8,6,6,4,4,2,2,0,30,0],"width":145,"height":81}},"hand_left4":{"hand_left":{"type":"mesh","uvs":[0.113,0,0.18303,0.04643,0.28667,0.28141,0.324,0.39059,0.37862,0.42645,0.55014,0.58881,0.63124,0.6455,0.71544,0.58189,0.80117,0.56392,0.8638,0.49781,1,0.78432,0.96031,0.82914,0.87618,0.88823,0.84741,0.95662,0.73166,0.98608,0.60181,0.8707,0.49961,0.84819,0.37332,0.81192,0.27572,0.74399,0.2245,0.67436,0.18026,0.6185,0.05129,0.45563,0,0.33938,0,0.13989,0.10944,0,0.26118,0.53074],"triangles":[12,8,11,8,9,11,11,9,10,6,7,14,13,14,12,12,14,7,8,12,7,15,6,14,6,15,5,15,16,5,16,17,5,17,4,5,17,18,4,19,25,18,4,25,3,4,18,25,19,20,25,21,25,20,23,24,1,2,25,21,1,24,0,25,2,3,1,2,21,1,21,22,1,22,23],"vertices":[1,7,-13.47,9.21,1,1,7,-4.1,14.65,1,1,7,20.14,14.12,1,2,7,30.41,12.66,0.66051,8,4.41,14.22,0.33949,2,7,37.69,16.92,0.13059,8,12.82,13.48,0.86941,1,8,40.25,7.25,1,2,8,52.8,5.88,0.86643,9,-4.83,6.14,0.13357,1,9,6.01,13.75,1,2,9,17.86,17.79,0.61355,10,0.96,19.44,0.38645,2,9,25.6,24.95,0.33694,10,11.1,22.34,0.66306,1,10,24.38,-5.08,1,1,10,17.89,-7.15,1,2,9,34.03,-5.59,0.13322,10,4.88,-8.72,0.86678,2,9,31.12,-11.88,0.51156,10,-0.55,-13.03,0.48844,1,9,15.22,-17.76,1,2,8,53.43,-12.84,0.79283,9,-5.16,-12.6,0.20717,1,8,38.65,-14.94,1,2,7,61.28,-3.55,0.33189,8,20.2,-16.87,0.66811,2,7,48.02,-10.96,0.76999,8,5.11,-15.24,0.23001,2,7,38.95,-13.1,0.26267,8,-3.53,-11.73,0.73733,2,7,31.37,-15.17,0.15579,8,-10.9,-9.03,0.84421,2,7,9.29,-21.19,0.89125,8,-32.39,-1.16,0.10875,1,7,-2.7,-20.93,1,1,7,-15.16,-10.64,1,1,7,-13.8,8.81,1,2,7,33.36,-1.59,0.37827,8,-1.43,0.89,0.62173],"hull":25,"edges":[0,48,44,46,46,48,42,44,38,36,36,34,34,32,32,30,28,30,28,26,26,24,20,22,24,22,20,18,18,16,16,14,14,12,12,10,10,8,8,6,6,4,0,2,4,2,42,40,40,38],"width":145,"height":81}},"hand_right2":{"hand_right":{"type":"mesh","uvs":[0.78639,0.13698,0.82575,0.23399,0.73071,0.51837,0.6968,0.57027,0.62647,0.63538,0.41391,0.83214,0.423,0.94694,0.29254,0.98449,0.18533,0.98449,0.04989,0.94757,0.00556,0.83012,0.02703,0.7562,0.16459,0.70461,0.22926,0.73708,0.29881,0.62083,0.39556,0.5061,0.47395,0.43321,0.49602,0.36871,0.55463,0.19742,0.60067,0.14867,0.68383,0.10914,0.57288,0.47782,0.30967,0.78338],"triangles":[18,1,17,21,17,1,16,17,21,1,19,20,1,20,0,1,18,19,2,21,1,3,21,2,4,21,3,15,16,21,15,21,4,4,14,15,14,5,22,13,14,22,4,5,14,13,8,9,7,22,5,7,5,6,13,22,8,7,8,22,11,13,10,13,11,12,9,10,13],"vertices":[1,12,-12.87,2.11,1,1,12,-4.03,11.71,1,1,12,32.7,19.62,1,1,12,40.26,19.47,1,2,13,-7.46,15.48,0.13422,12,51.16,16.61,0.86578,1,13,26.54,13.24,1,1,13,37.23,23.19,1,1,13,49.9,15.16,1,1,13,57.26,6.08,1,2,14,13.19,8.4,0.89835,13,62.92,-8.33,0.10165,1,14,20.93,-5.23,1,2,14,20.53,-14.9,0.92868,13,45.62,-25.58,0.07132,2,14,7.17,-24.34,0.524,13,31.09,-18.07,0.476,2,14,-0.57,-21.73,0.18587,13,29.85,-10,0.81413,1,13,13.61,-13.42,1,2,13,-4.35,-14.41,0.27976,12,48.56,-13.33,0.72024,1,12,36.37,-10.16,1,1,12,28.01,-11.9,1,1,12,5.82,-16.54,1,1,12,-2.01,-15.04,1,1,12,-10.71,-9.41,1,1,12,36.28,2.02,1,1,13,28.89,0.51,1],"hull":21,"edges":[36,38,32,30,36,34,34,32,30,28,28,26,26,24,24,22,22,20,20,18,18,16,14,16,14,12,12,10,4,6,4,2,2,0,38,40,0,40,6,8,8,10],"width":109,"height":127}},"head2":{"head":{"x":126.99,"y":21.04,"rotation":-93.83,"width":346,"height":324}},"shadiow2":{"shadiow":{"x":-5.91,"y":-10.49,"width":199,"height":73}},"shoulder":{"shoulder":{"x":29.7,"y":0.25,"rotation":170.17,"width":60,"height":84}},"torso2":{"torso":{"type":"mesh","uvs":[0.50715,0.00624,0.54112,0.03369,0.5454,0.07318,0.54724,0.10059,0.5812,0.10836,0.63059,0.12769,0.65182,0.16173,0.6749,0.18567,0.70004,0.18962,0.71654,0.20729,0.73032,0.23888,0.71025,0.274,0.67721,0.29617,0.67025,0.33094,0.6662,0.36679,0.69053,0.39504,0.71024,0.41894,0.74989,0.42398,0.77761,0.47445,0.81407,0.54083,0.85413,0.61378,0.81945,0.67358,0.79007,0.72424,0.83373,0.82733,0.90578,0.84864,0.99252,0.8743,1,0.9185,0.96946,0.9537,0.86117,0.97002,0.77441,0.9831,0.68919,0.9403,0.54778,1,0.39807,0.99306,0.24769,0.98608,0.14862,0.96634,0.0458,0.94585,0,0.90217,0,0.8817,0.01968,0.85248,0.11639,0.82421,0.19449,0.80139,0.16834,0.74748,0.17176,0.69788,0.20265,0.63085,0.20297,0.58941,0.1967,0.55548,0.20293,0.52861,0.21639,0.4962,0.22274,0.45883,0.25577,0.42892,0.28008,0.39785,0.29041,0.37441,0.31324,0.33805,0.30128,0.31359,0.28715,0.28207,0.28987,0.25795,0.27084,0.22431,0.26078,0.19061,0.26658,0.151,0.29412,0.12793,0.33269,0.11326,0.37461,0.09754,0.38076,0.06714,0.383,0.03605,0.3556,0.02007,0.36495,0.00632,0.50566,0.86021,0.52185,0.75468,0.53342,0.64916,0.55654,0.587,0.56811,0.50461],"triangles":[5,6,4,63,65,0,64,65,63,63,0,1,62,63,1,2,62,1,61,62,2,61,2,3,55,60,61,55,61,3,4,6,3,3,6,52,59,57,58,60,56,57,60,55,56,8,9,7,11,9,10,9,12,7,11,12,9,57,59,60,54,55,53,6,12,52,12,6,7,53,55,3,52,12,13,13,70,52,14,70,13,70,14,15,70,15,16,18,70,16,18,16,17,20,69,19,19,70,18,19,69,70,21,69,20,22,68,21,26,27,24,26,24,25,28,23,24,28,24,27,30,23,28,29,30,28,30,66,23,66,33,40,32,33,66,31,32,66,30,31,66,23,67,22,66,40,67,67,23,66,41,42,67,40,41,67,69,47,70,68,44,69,21,68,69,67,43,68,67,68,22,3,52,53,51,52,70,50,51,70,49,50,70,49,47,48,49,70,47,46,47,69,45,46,69,44,45,69,43,44,68,42,43,67,35,36,37,35,38,39,35,37,38,34,39,40,33,34,40,35,39,34],"vertices":[1,5,44.65,-2.33,1,1,5,36.77,-9.75,1,2,4,63.16,-16.22,0.07727,5,24.59,-11.77,0.92273,2,4,54.61,-15.77,0.18089,5,16.11,-12.96,0.81911,2,4,51.58,-22.14,0.33228,5,14.34,-19.78,0.66772,2,4,44.67,-31.16,0.50735,5,9.27,-29.95,0.49265,3,20,-62.51,17.01,0.08756,4,33.71,-34.29,0.61387,5,-0.9,-35.1,0.29857,3,20,-54.19,19.63,0.12862,4,25.85,-38.07,0.69869,5,-7.9,-40.3,0.17269,3,20,-51.84,24.11,0.17268,4,24.17,-42.84,0.73309,5,-8.66,-45.3,0.09423,2,20,-45.73,25.94,0.23614,4,18.38,-45.53,0.76386,3,20,-35.52,26.24,0.28426,3,34.4,-47.07,0.07901,4,8.31,-47.28,0.63673,3,20,-25.79,19.86,0.38386,3,23.75,-42.4,0.10328,4,-2.23,-42.36,0.51286,3,20,-20.58,11.97,0.52944,3,17.3,-35.48,0.10977,4,-8.51,-35.29,0.3608,3,20,-10.35,8.1,0.69971,3,6.57,-33.37,0.0897,4,-19.19,-32.93,0.21059,2,20,0.34,4.71,0.89915,4,-30.25,-31.09,0.10085,1,20,10.02,7.25,1,1,20,18.17,9.23,1,1,20,21.52,16.38,1,2,22,-69.85,28.46,0.11679,20,38.09,17.93,0.88321,2,22,-48.01,29.96,0.27044,20,59.89,19.98,0.72956,2,22,-24,31.6,0.4622,20,83.85,22.22,0.5378,3,23,-18.71,47.3,0.131,22,-7.73,20.23,0.56248,20,100.4,11.27,0.30652,3,23,-15.77,30.75,0.33609,22,6.05,10.6,0.52184,20,114.41,1.98,0.14207,2,23,7.68,7.14,0.61886,22,39.32,10.48,0.38114,2,23,23.17,8.41,0.82568,22,49.38,22.33,0.17432,1,23,41.82,9.93,1,1,23,49.98,-1.28,1,1,23,50.31,-13.77,1,2,27,56.84,61.67,0.13702,23,34.57,-28.74,0.86298,2,27,57.89,44.3,0.30043,23,21.95,-40.73,0.69957,2,27,41.83,30.28,0.51387,23,0.89,-37.47,0.48613,3,19,-21.44,77.62,0.16978,27,55.33,-0.13,0.59464,23,-13.69,-67.39,0.23557,3,19,-0.17,57.5,0.36309,27,48.07,-28.49,0.55377,23,-40.05,-80.1,0.08313,2,19,21.18,37.29,0.6033,27,40.79,-56.98,0.3967,2,19,32.27,20.31,0.79437,27,31.33,-74.92,0.20563,2,19,43.78,2.69,0.92245,27,21.52,-93.54,0.07755,1,19,42.09,-13.51,1,2,19,38.06,-18.47,0.94249,18,67.11,-38.7,0.05751,2,19,29.32,-23.11,0.81315,18,57.45,-36.59,0.18685,2,19,9.13,-18.03,0.59516,18,45.34,-19.66,0.40484,3,19,-7.17,-13.93,0.33856,17,92.81,-9.13,0.06875,18,35.56,-5.98,0.59269,3,19,-13.84,-30.19,0.13648,17,76.55,-15.79,0.211,18,19.95,-14.07,0.65251,2,17,61.08,-16.58,0.4583,18,4.61,-16.24,0.5417,2,17,39.69,-12.56,0.69016,18,-17.05,-14.13,0.30984,2,17,26.81,-13.71,0.87682,18,-29.77,-16.43,0.12318,2,17,16.39,-15.93,0.87128,16,59.41,-13.81,0.12872,2,17,7.93,-15.51,0.69992,16,50.98,-14.62,0.30008,2,17,-2.38,-13.85,0.46649,16,40.53,-14.48,0.53351,2,17,-14.11,-13.71,0.24271,16,28.91,-16.06,0.75729,2,17,-24.01,-8.18,0.09148,16,18.32,-12.02,0.90852,1,16,7.77,-9.73,1,3,16,0.19,-9.51,0.84461,3,-1.75,41.47,0.06715,4,-25.76,42.08,0.08824,3,16,-11.89,-7.89,0.69495,3,9.25,36.23,0.1137,4,-14.88,36.59,0.19135,3,16,-18.74,-11.97,0.52107,3,17.03,38.02,0.14525,4,-7.06,38.2,0.33368,3,16,-27.64,-16.99,0.36539,3,27.03,40.08,0.14358,4,2.99,40.02,0.49103,3,16,-35.08,-18.27,0.24515,3,34.5,39.02,0.1143,4,10.43,38.79,0.64056,4,16,-44.39,-24.37,0.14516,3,45.23,41.99,0.0659,4,21.23,41.5,0.68084,5,-27.52,36.96,0.10811,3,16,-54.13,-28.78,0.08962,4,31.88,42.47,0.71404,5,-17.24,39.93,0.19635,2,4,44.08,40.19,0.68007,5,-4.83,39.99,0.31993,2,4,50.74,34.17,0.54634,5,2.85,35.34,0.45366,2,4,54.59,26.25,0.38881,5,8.13,28.3,0.61119,2,4,58.71,17.65,0.233,5,13.8,20.64,0.767,2,4,68.04,15.57,0.10997,5,23.36,20.36,0.89003,1,5,33.06,20.87,1,1,5,37.5,26.67,1,1,5,41.95,25.27,1,1,27,10.95,-0.57,1,1,26,14,5.06,1,1,25,22.04,7.45,1,2,25,2.6,11.75,0.84409,20,62.1,-32.22,0.15591,4,16,26.75,52.76,0.06795,25,-23.13,13.73,0.36022,20,37.64,-23.99,0.50844,3,-46.08,-9.69,0.06339],"hull":66,"edges":[0,130,44,46,50,52,52,54,60,62,70,72,72,74,74,76,80,82,58,60,62,64,64,66,66,68,68,70,54,56,56,58,76,78,78,80,46,48,48,50,82,84,40,42,42,44,38,40,36,38,34,36,34,32,32,30,30,28,28,26,26,24,24,22,20,22,20,18,16,18,16,14,14,12,12,10,10,8,8,6,6,4,0,2,4,2,116,118,118,120,120,122,122,124,124,126,128,130,126,128,114,116,114,112,112,110,110,108,108,106,106,104,104,102,102,100,100,98,98,96,96,94,94,92,92,90,90,88,88,86,86,84],"width":195,"height":312}}}}],"events":{"finished_attacking":{}},"animations":{"attack_above":{"slots":{"fx2":{"color":[{"time":0.1667,"color":"ffffff00","curve":0.25,"c3":0.75},{"time":0.4333,"color":"ffffffff","curve":"stepped"},{"time":0.5667,"color":"ffffffff","curve":0.25,"c3":0.75},{"time":0.6667,"color":"ffffff00"}],"attachment":[{"time":0.1667,"name":"fx"}]}},"bones":{"torso3":{"rotate":[{"angle":0.25,"curve":0.335,"c2":0.34,"c3":0.669,"c4":0.67},{"time":0.5,"angle":8.53,"curve":0.349,"c2":0.38,"c3":0.693,"c4":0.75},{"time":0.7333,"angle":4.93,"curve":0.375,"c2":0.62,"c3":0.716},{"time":0.9,"angle":1.44,"curve":0.248,"c3":0.628,"c4":0.52},{"time":1.3333,"angle":0.25}]},"head":{"rotate":[{"angle":-8.71,"curve":0.321,"c2":0.28,"c3":0.655,"c4":0.61},{"time":0.5,"angle":-19.59,"curve":0.335,"c2":0.34,"c3":0.669,"c4":0.67},{"time":0.7333,"angle":-9.37,"curve":0.34,"c2":0.36,"c3":0.675,"c4":0.69},{"time":1.2333,"angle":-8.56,"curve":0.297,"c3":0.634,"c4":0.37},{"time":1.3333,"angle":-8.71}]},"torso2":{"rotate":[{"angle":-0.28,"curve":0.38,"c2":0.59,"c3":0.727},{"time":0.1333,"angle":-0.72,"curve":0.242,"c3":0.663,"c4":0.65},{"time":0.5,"angle":-9.35,"curve":0.38,"c2":0.59,"c3":0.727},{"time":0.7333,"angle":8.12,"curve":0.242,"c3":0.663,"c4":0.65},{"time":1.3333,"angle":-0.28}]},"torso4":{"rotate":[{"angle":0.82,"curve":0.329,"c2":0.32,"c3":0.663,"c4":0.65},{"time":0.5,"angle":-9.52,"curve":0.345,"c2":0.4,"c3":0.679,"c4":0.74},{"time":0.7333,"angle":3.66,"curve":0.356,"c2":0.65,"c3":0.691},{"time":1.0667,"angle":1.44,"curve":0.265,"c3":0.618,"c4":0.43},{"time":1.3333,"angle":0.82}]},"torso":{"rotate":[{"angle":-3.16,"curve":0.242,"c3":0.667,"c4":0.67},{"time":0.5,"angle":-13.96,"curve":0.379,"c2":0.6,"c3":0.724},{"time":0.7,"angle":-26.7,"curve":0.25,"c3":0.75},{"time":1.3333,"angle":-3.16}],"translate":[{"curve":0.25,"c3":0.75},{"time":0.5,"x":-35.61,"y":14.85,"curve":0.284,"c3":0.625,"c4":0.38},{"time":0.7,"x":54.93,"y":-25.02,"curve":0.32,"c2":0.29,"c3":0.757},{"time":1.3333}]},"torso14":{"rotate":[{"angle":-3.04,"curve":0.25,"c3":0.75},{"time":0.5,"angle":3.5,"curve":0.284,"c3":0.625,"c4":0.38},{"time":0.6667,"angle":7.96,"curve":0.32,"c2":0.29,"c3":0.757},{"time":1.3333,"angle":-3.04}],"scale":[{"curve":0.25,"c3":0.75},{"time":0.6667,"x":0.967,"y":0.996,"curve":0.25,"c3":0.75},{"time":1.3333}]},"torso15":{"rotate":[{"angle":-2.19,"curve":0.375,"c2":0.62,"c3":0.716},{"time":0.1,"angle":-3.04,"curve":0.25,"c3":0.75},{"time":0.6667,"angle":8.81,"curve":0.243,"c3":0.68,"c4":0.71},{"time":1.3333,"angle":-2.19}],"scale":[{"curve":0.25,"c3":0.75},{"time":0.6667,"x":0.967,"y":0.996,"curve":0.25,"c3":0.75},{"time":1.3333}]},"torso16":{"rotate":[{"angle":-0.66,"curve":0.349,"c2":0.39,"c3":0.689,"c4":0.74},{"time":0.1,"angle":-2.19,"curve":0.375,"c2":0.62,"c3":0.716},{"time":0.2,"angle":-3.04,"curve":0.242,"c3":0.664,"c4":0.66},{"time":0.6667,"angle":7.51,"curve":0.38,"c2":0.6,"c3":0.726},{"time":0.8333,"angle":3.5,"curve":0.245,"c3":0.637,"c4":0.56},{"time":1.3333,"angle":-0.66}],"scale":[{"curve":0.25,"c3":0.75},{"time":0.6667,"x":0.967,"y":0.996,"curve":0.25,"c3":0.75},{"time":1.3333}]},"torso17":{"rotate":[{"angle":1.07,"curve":0.33,"c2":0.32,"c3":0.67,"c4":0.68},{"time":0.1,"angle":-0.66,"curve":0.349,"c2":0.39,"c3":0.689,"c4":0.74},{"time":0.2,"angle":-2.19,"curve":0.375,"c2":0.62,"c3":0.716},{"time":0.3,"angle":-3.04,"curve":0.249,"c3":0.627,"c4":0.51},{"time":0.6667,"angle":5.75,"curve":0.377,"c2":0.51,"c3":0.748},{"time":1,"angle":3.5,"curve":0.258,"c3":0.619,"c4":0.45},{"time":1.3333,"angle":1.07}],"scale":[{"curve":0.25,"c3":0.75},{"time":0.6667,"x":0.967,"y":0.996,"curve":0.25,"c3":0.75},{"time":1,"x":0.807,"curve":0.25,"c3":0.75},{"time":1.3333}]},"torso6":{"rotate":[{"angle":-2.21,"curve":0.25,"c3":0.75},{"time":0.5,"angle":8.25,"curve":0.25,"c3":0.75},{"time":1.3333,"angle":-2.21}]},"torso7":{"rotate":[{"angle":-1.71,"curve":0.375,"c2":0.62,"c3":0.716},{"time":0.1,"angle":-2.21,"curve":0.25,"c3":0.75},{"time":0.6667,"angle":7.67,"curve":0.243,"c3":0.68,"c4":0.71},{"time":1.3333,"angle":-1.71}]},"hand_right5":{"rotate":[{"curve":0.25,"c3":0.75},{"time":0.5,"angle":8.22,"curve":0.25,"c3":0.75},{"time":1.3333}]},"hand_left":{"rotate":[{"curve":0.25,"c3":0.75},{"time":0.5,"angle":14.9,"curve":0.284,"c3":0.625,"c4":0.38},{"time":0.6667,"angle":18.03,"curve":0.32,"c2":0.29,"c3":0.757},{"time":1,"angle":-6.25,"curve":0.32,"c2":0.29,"c3":0.757},{"time":1.3333}]},"hand_left2":{"rotate":[{"angle":-5.9,"curve":0.366,"c2":0.63,"c3":0.703},{"time":0.0333,"curve":0.25,"c3":0.75},{"time":0.3,"angle":65.25,"curve":0.378,"c2":0.52,"c3":0.748},{"time":0.5667,"angle":126.99,"curve":0.297,"c3":0.634,"c4":0.37},{"time":0.6667,"angle":-15.76,"curve":0.321,"c2":0.28,"c3":0.655,"c4":0.61},{"time":0.7333,"angle":-24,"curve":0.32,"c2":0.29,"c3":0.757},{"time":1.0667,"angle":-14.82,"curve":0.309,"c2":0.25,"c3":0.712,"c4":0.82},{"time":1.3333,"angle":-5.9}]},"hand_right3":{"rotate":[{"curve":0.25,"c3":0.75},{"time":0.5,"angle":1.22,"curve":0.273,"c3":0.62,"c4":0.41},{"time":0.7333,"angle":0.35,"curve":0.337,"c2":0.35,"c3":0.758},{"time":1.3333}]},"hand_right4":{"rotate":[{"curve":0.25,"c3":0.75},{"time":0.5,"angle":-5.79,"curve":0.273,"c3":0.62,"c4":0.41},{"time":0.7333,"angle":-20.09,"curve":0.337,"c2":0.35,"c3":0.758},{"time":1.3333}]},"hand_left3":{"rotate":[{"curve":0.242,"c3":0.663,"c4":0.65},{"time":0.3667,"angle":121.59,"curve":0.38,"c2":0.59,"c3":0.727},{"time":0.5,"angle":-147.02,"curve":0.254,"c3":0.621,"c4":0.47},{"time":0.6,"angle":138.25,"curve":0.335,"c2":0.34,"c3":0.676,"c4":0.69},{"time":0.6667,"angle":-65.27,"curve":"stepped"},{"time":1,"angle":-65.27,"curve":0.25,"c3":0.75},{"time":1.3333}]},"book":{"translate":[{"x":-9.15,"y":4.85,"curve":0.382,"c2":0.57,"c3":0.735},{"time":0.4667,"x":-27.64,"y":79.86,"curve":0.326,"c2":0.31,"c3":0.665,"c4":0.66},{"time":0.6,"x":-12.9,"y":59.52,"curve":0.344,"c2":0.37,"c3":0.684,"c4":0.72},{"time":0.7333,"x":43.06,"y":32.68,"curve":0.379,"c2":0.6,"c3":0.724},{"time":1.3333,"x":-9.15,"y":4.85}]},"book3":{"rotate":[{"angle":-10.28,"curve":0.345,"c2":0.37,"c3":0.757},{"time":0.4667,"curve":0.25,"c3":0.75},{"time":1.1333,"angle":-13.56,"curve":0.269,"c3":0.618,"c4":0.42},{"time":1.3333,"angle":-10.28}]},"book2":{"rotate":[{"angle":18.86,"curve":0.345,"c2":0.37,"c3":0.757},{"time":0.4667,"curve":0.25,"c3":0.75},{"time":1.1333,"angle":24.89,"curve":0.269,"c3":0.618,"c4":0.42},{"time":1.3333,"angle":18.86}]},"bone2":{"rotate":[{"time":0.1667,"angle":-32.1}],"scale":[{"time":0.1667,"x":0.627,"y":0.627},{"time":0.6667,"x":1.14,"y":1.14}]},"bone3":{"rotate":[{"time":0.1667},{"time":0.4333,"angle":180},{"time":0.6667}]},"torso10":{"rotate":[{"curve":0.244,"c3":0.702,"c4":0.8},{"time":0.4667,"angle":21.15,"curve":0.364,"c2":0.64,"c3":0.701},{"time":0.5333,"angle":19.24,"curve":0.309,"c3":0.644,"c4":0.35},{"time":0.6,"angle":24.87,"curve":0.324,"c2":0.27,"c3":0.658,"c4":0.61},{"time":0.6333,"angle":20.45,"curve":0.298,"c2":0.2,"c3":0.756},{"time":1.3333}],"scale":[{},{"time":0.4667,"x":1.137},{"time":0.6,"x":0.95},{"time":0.6333,"x":0.882},{"time":0.7667,"x":0.831,"curve":0.25,"c3":0.75},{"time":1.3333}]},"torso8":{"rotate":[{"curve":0.25,"c3":0.75},{"time":0.4667,"angle":12.3,"curve":0.25,"c3":0.75},{"time":1.3333}],"scale":[{"curve":0.25,"c3":0.75},{"time":0.4667,"x":1.168,"curve":0.25,"c3":0.75},{"time":1.3333}]},"shadow":{"translate":[{"x":-8.39,"curve":0.25,"c3":0.75},{"time":0.3333,"x":-13.42,"curve":0.25,"c3":0.75},{"time":0.4,"x":-16.95,"y":5.51,"curve":0.25,"c3":0.75},{"time":0.5333,"x":-27.05,"y":6.68,"curve":0.25,"c3":0.75},{"time":0.6,"x":-5.49,"y":3.4,"curve":0.25,"c3":0.75},{"time":0.6667,"x":11.88,"y":-4.12,"curve":0.25,"c3":0.75},{"time":0.7,"x":25.17,"y":-7.55,"curve":0.25,"c3":0.75},{"time":1.1333,"x":-3.48,"y":-0.3,"curve":0.25,"c3":0.75},{"time":1.3333}],"scale":[{"curve":0.25,"c3":0.75},{"time":0.3333,"x":1.117,"curve":0.25,"c3":0.75},{"time":1.3333}]}},"drawOrder":[{"offsets":[{"slot":"hand_left3","offset":5}]},{"time":0.2667,"offsets":[{"slot":"hand_left3","offset":2}]},{"time":1.3333,"offsets":[{"slot":"hand_left3","offset":5}]}],"events":[{"time":0.6667,"name":"finished_attacking"}]},"attack_below":{"slots":{"fx2":{"color":[{"time":0.1667,"color":"ffffff00","curve":0.25,"c3":0.75},{"time":0.4333,"color":"ffffffff","curve":"stepped"},{"time":0.5667,"color":"ffffffff","curve":0.25,"c3":0.75},{"time":0.6667,"color":"ffffff00"}],"attachment":[{"time":0.1667,"name":"fx"}]}},"bones":{"torso3":{"rotate":[{"angle":0.25,"curve":0.342,"c2":0.36,"c3":0.682,"c4":0.72},{"time":0.5,"angle":-9.9,"curve":0.349,"c2":0.38,"c3":0.693,"c4":0.75},{"time":0.7333,"angle":4.93,"curve":0.375,"c2":0.62,"c3":0.716},{"time":0.9,"angle":1.44,"curve":0.248,"c3":0.628,"c4":0.52},{"time":1.3333,"angle":0.25}]},"torso4":{"rotate":[{"angle":0.82,"curve":0.324,"c2":0.31,"c3":0.664,"c4":0.66},{"time":0.5,"angle":-9.52,"curve":0.345,"c2":0.4,"c3":0.679,"c4":0.74},{"time":0.7333,"angle":3.66,"curve":0.356,"c2":0.65,"c3":0.691},{"time":1.0667,"angle":1.44,"curve":0.265,"c3":0.618,"c4":0.43},{"time":1.3333,"angle":0.82}]},"torso":{"translate":[{"curve":0.25,"c3":0.75},{"time":0.5,"x":-37.39,"y":-15.7,"curve":0.284,"c3":0.625,"c4":0.38},{"time":0.7667,"x":10.89,"y":-8.71,"curve":0.32,"c2":0.29,"c3":0.757},{"time":1.3333}]},"torso14":{"rotate":[{"angle":-3.04,"curve":0.25,"c3":0.75},{"time":0.5,"angle":3.5,"curve":0.25,"c3":0.75},{"time":1.3333,"angle":-3.04}]},"torso15":{"rotate":[{"angle":-2.19,"curve":0.375,"c2":0.62,"c3":0.716},{"time":0.1,"angle":-3.04,"curve":0.25,"c3":0.75},{"time":0.6667,"angle":3.5,"curve":0.243,"c3":0.68,"c4":0.71},{"time":1.3333,"angle":-2.19}]},"torso16":{"rotate":[{"angle":-0.66,"curve":0.349,"c2":0.39,"c3":0.689,"c4":0.74},{"time":0.1,"angle":-2.19,"curve":0.375,"c2":0.62,"c3":0.716},{"time":0.2,"angle":-3.04,"curve":0.25,"c3":0.75},{"time":0.8333,"angle":3.5,"curve":0.245,"c3":0.637,"c4":0.56},{"time":1.3333,"angle":-0.66}]},"torso17":{"rotate":[{"angle":1.07,"curve":0.33,"c2":0.32,"c3":0.67,"c4":0.68},{"time":0.1,"angle":-0.66,"curve":0.349,"c2":0.39,"c3":0.689,"c4":0.74},{"time":0.2,"angle":-2.19,"curve":0.375,"c2":0.62,"c3":0.716},{"time":0.3,"angle":-3.04,"curve":0.25,"c3":0.75},{"time":1,"angle":3.5,"curve":0.258,"c3":0.619,"c4":0.45},{"time":1.3333,"angle":1.07}]},"torso10":{"rotate":[{"angle":-1.62,"curve":0.25,"c3":0.75},{"time":0.5,"angle":0.42,"curve":0.25,"c3":0.75},{"time":1.3333,"angle":-1.62}]},"torso11":{"rotate":[{"angle":-1.15,"curve":0.375,"c2":0.62,"c3":0.716},{"time":0.1,"angle":-1.62,"curve":0.248,"c3":0.628,"c4":0.52},{"time":0.3667,"angle":9.61,"curve":0.349,"c2":0.38,"c3":0.693,"c4":0.75},{"time":0.5,"angle":12.56,"curve":0.375,"c2":0.62,"c3":0.716},{"time":0.7667,"angle":2.03,"curve":0.243,"c3":0.68,"c4":0.71},{"time":1.3333,"angle":-1.15}],"scale":[{"curve":0.25,"c3":0.75},{"time":0.3667,"x":0.951,"curve":0.25,"c3":0.75},{"time":1.3333}]},"torso6":{"rotate":[{"angle":-2.21,"curve":0.25,"c3":0.75},{"time":0.5,"angle":1.64,"curve":0.25,"c3":0.75},{"time":1.3333,"angle":-2.21}]},"torso7":{"rotate":[{"angle":-1.71,"curve":0.375,"c2":0.62,"c3":0.716},{"time":0.1,"angle":-2.21,"curve":0.25,"c3":0.75},{"time":0.6667,"angle":1.64,"curve":0.243,"c3":0.68,"c4":0.71},{"time":1.3333,"angle":-1.71}]},"hand_left":{"rotate":[{"curve":0.25,"c3":0.75},{"time":0.5,"angle":-6.03,"curve":0.284,"c3":0.625,"c4":0.38},{"time":0.6667,"angle":78.87,"curve":0.32,"c2":0.29,"c3":0.757},{"time":1,"angle":70.51,"curve":0.32,"c2":0.29,"c3":0.757},{"time":1.3333}]},"hand_left2":{"rotate":[{"curve":0.25,"c3":0.75},{"time":0.5,"angle":131.33,"curve":0.297,"c3":0.634,"c4":0.37},{"time":0.6,"angle":89.12,"curve":0.321,"c2":0.28,"c3":0.655,"c4":0.61},{"time":0.6667,"angle":-19.67,"curve":0.32,"c2":0.29,"c3":0.757},{"time":1,"angle":-12.77,"curve":0.32,"c2":0.29,"c3":0.757},{"time":1.3333}]},"hand_right3":{"rotate":[{"curve":0.25,"c3":0.75},{"time":0.5,"angle":30.49,"curve":0.284,"c3":0.625,"c4":0.38},{"time":0.6667,"angle":-2.91,"curve":0.32,"c2":0.29,"c3":0.757},{"time":1.3333}]},"hand_right4":{"rotate":[{"curve":0.25,"c3":0.75},{"time":0.5,"angle":-13.74,"curve":0.284,"c3":0.625,"c4":0.38},{"time":0.6667,"angle":-2.91,"curve":0.32,"c2":0.29,"c3":0.757},{"time":1.3333}]},"torso2":{"rotate":[{"angle":-0.28,"curve":0.38,"c2":0.59,"c3":0.727},{"time":0.1333,"angle":-0.72,"curve":0.242,"c3":0.663,"c4":0.65},{"time":0.5,"angle":-9.35,"curve":0.38,"c2":0.59,"c3":0.727},{"time":0.7333,"angle":8.12,"curve":0.242,"c3":0.663,"c4":0.65},{"time":1.3333,"angle":-0.28}]},"hand_right5":{"rotate":[{"curve":0.25,"c3":0.75},{"time":0.5,"angle":8.22,"curve":0.25,"c3":0.75},{"time":1.3333}]},"head":{"rotate":[{"angle":11.29,"curve":0.304,"c2":0.22,"c3":0.644,"c4":0.58},{"time":0.5,"angle":0.41,"curve":0.335,"c2":0.34,"c3":0.669,"c4":0.67},{"time":0.7333,"angle":10.63,"curve":0.34,"c2":0.36,"c3":0.675,"c4":0.69},{"time":1.2333,"angle":11.44,"curve":0.297,"c3":0.634,"c4":0.37},{"time":1.3333,"angle":11.29}]},"hand_left3":{"rotate":[{"curve":0.242,"c3":0.663,"c4":0.65},{"time":0.3667,"angle":121.59,"curve":0.38,"c2":0.59,"c3":0.727},{"time":0.5,"angle":-147.02,"curve":0.243,"c3":0.649,"c4":0.6},{"time":0.6,"angle":-158.51,"curve":0.382,"c2":0.57,"c3":0.735},{"time":0.6667,"angle":26.55,"curve":"stepped"},{"time":1,"angle":26.55,"curve":0.25,"c3":0.75},{"time":1.3333}]},"book":{"translate":[{"x":-9.15,"y":4.85,"curve":0.382,"c2":0.57,"c3":0.735},{"time":0.2333,"x":-9.15,"y":0.83,"curve":0.244,"c3":0.646,"c4":0.59},{"time":0.6667,"x":-24.18,"y":-6.73,"curve":0.382,"c2":0.57,"c3":0.737},{"time":0.9,"x":-9.15,"y":14.98,"curve":0.243,"c3":0.649,"c4":0.6},{"time":1.3333,"x":-9.15,"y":4.85}]},"book3":{"rotate":[{"angle":-10.28,"curve":0.345,"c2":0.37,"c3":0.757},{"time":0.4667,"curve":0.25,"c3":0.75},{"time":1.1333,"angle":-13.56,"curve":0.269,"c3":0.618,"c4":0.42},{"time":1.3333,"angle":-10.28}]},"book2":{"rotate":[{"angle":18.86,"curve":0.345,"c2":0.37,"c3":0.757},{"time":0.4667,"curve":0.25,"c3":0.75},{"time":1.1333,"angle":24.89,"curve":0.269,"c3":0.618,"c4":0.42},{"time":1.3333,"angle":18.86}]},"bone2":{"rotate":[{"time":0.1667,"angle":44}],"scale":[{"time":0.1667,"x":0.627,"y":0.627},{"time":0.6667,"x":1.14,"y":1.14}]},"bone3":{"rotate":[{"time":0.1667},{"time":0.4333,"angle":180},{"time":0.6667}]},"shadow":{"translate":[{},{"time":0.4667,"x":-13.42,"y":-10.07},{"time":0.8333,"x":6.52,"y":-7.49},{"time":1.3333}]}},"deform":{"default":{"hand_left3":{"hand_left":[{"time":0.1,"curve":0.25,"c3":0.75},{"time":0.4667,"vertices":[-3.2556,-8.97066,0.60692,9.52366,-8.0822,3.44961,8.7254,-1.04318,9.73669,-3.55477,-3.35391,-1.50503,-0.73871,3.6001,0,0,0,0,0,0,0,0,0,0,0,0,0,0,0,0,0,0,0,0,0,0,-6.65543,4.23587,0,0,0,0,0,0,-0.33142,-0.01491,0.31378,0.1073,-4.4722,8.73592,6.74361,-7.1301],"curve":0.25,"c3":0.75},{"time":0.6}]},"hand_left4":{"hand_left":[{"time":0.1,"curve":0.25,"c3":0.75},{"time":0.4667,"offset":54,"vertices":[-4.50883,10.60101,7.30228,-8.90996,0.06221,-2.15099,-0.66335,2.04711,-6.89145,-4.88987,5.24246,6.62712],"curve":0.25,"c3":0.75},{"time":0.6}]}}},"drawOrder":[{"time":0.2667,"offsets":[{"slot":"hand_left3","offset":2}]}],"events":[{"time":0.6667,"name":"finished_attacking"}]},"die":{"slots":{"book":{"color":[{"time":0.3667,"color":"ffffffff","curve":0.25,"c3":0.75},{"time":0.7333,"color":"ffffff00"}]}},"bones":{"hand_right3":{"rotate":[{"curve":0.25,"c3":0.75},{"time":0.3333,"angle":-12.63,"curve":0.25,"c3":0.75},{"time":0.4333,"angle":-105,"curve":0.25,"c3":0.75},{"time":0.7333,"angle":16.96}]},"torso":{"rotate":[{"curve":0.25,"c3":0.75},{"time":0.3333,"angle":-97.86}],"translate":[{"curve":0.25,"c4":0.58},{"time":0.3333,"x":178.49,"y":-176.87,"curve":0.25,"c3":0.625,"c4":0.5},{"time":0.4333,"x":200.81,"y":-133.3,"curve":0.375,"c2":0.5,"c3":0.75},{"time":0.5333,"x":210.51,"y":-181.29,"curve":"stepped"},{"time":1.3333,"x":210.51,"y":-181.29}]},"torso2":{"rotate":[{"angle":-0.28}]},"torso12":{"rotate":[{"angle":10.2}]},"torso13":{"rotate":[{"angle":-8.87}]},"torso14":{"rotate":[{"angle":-3.04}]},"torso15":{"rotate":[{"angle":-2.19,"curve":0.375,"c2":0.62,"c3":0.716},{"time":0.4667,"angle":11.61},{"time":0.7,"angle":23.68}]},"torso8":{"rotate":[{"angle":9.15,"curve":0.25,"c3":0.75},{"time":0.5667,"angle":20.5}]},"torso9":{"rotate":[{"angle":-5.11,"curve":0.25,"c3":0.75},{"time":0.4333,"angle":71.84}]},"hand_right5":{"rotate":[{"curve":0.25,"c3":0.75},{"time":0.4333,"angle":-32.53,"curve":0.25,"c3":0.75},{"time":0.6333,"angle":23.49}]},"torso17":{"rotate":[{"angle":1.07}]},"torso4":{"rotate":[{"angle":0.82,"curve":0.329,"c2":0.32,"c3":0.663,"c4":0.65},{"time":0.1333,"angle":15.78,"curve":0.33,"c2":0.32,"c3":0.665,"c4":0.66},{"time":0.3333,"angle":21.08,"curve":0.333,"c2":0.33,"c3":0.667,"c4":0.67},{"time":0.4,"angle":0.82}]},"hand_left3":{"rotate":[{"curve":0.25,"c3":0.75},{"time":0.2,"angle":55.33,"curve":0.25,"c3":0.75},{"time":0.3333,"angle":49.68,"curve":0.25,"c3":0.75},{"time":0.4333,"angle":63.19,"curve":0.25,"c3":0.75},{"time":0.6,"angle":-10.79}]},"head":{"rotate":[{"angle":1.29,"curve":0.321,"c2":0.28,"c3":0.655,"c4":0.61},{"time":0.1333,"angle":15.4,"curve":0.32,"c2":0.29,"c3":0.655,"c4":0.63},{"time":0.3333,"angle":21.55,"curve":0.33,"c2":0.32,"c3":0.664,"c4":0.66},{"time":0.4,"angle":1.29}]},"torso3":{"rotate":[{"angle":0.25,"curve":0.335,"c2":0.34,"c3":0.669,"c4":0.67},{"time":0.1333,"angle":15.67,"curve":0.339,"c2":0.35,"c3":0.674,"c4":0.69},{"time":0.3333,"angle":20.51,"curve":0.337,"c2":0.34,"c3":0.67,"c4":0.68},{"time":0.4,"angle":0.25}]},"hand_left":{"rotate":[{"curve":0.25,"c3":0.75},{"time":0.2,"angle":123.29,"curve":0.25,"c3":0.75},{"time":0.3333,"angle":117.64,"curve":0.25,"c3":0.75},{"time":0.4333,"angle":131.15,"curve":0.25,"c3":0.75},{"time":0.6,"angle":115.02}]},"hand_left2":{"rotate":[{"curve":0.25,"c3":0.75},{"time":0.2,"angle":-39.17,"curve":0.25,"c3":0.75},{"time":0.3333,"angle":-44.82,"curve":0.25,"c3":0.75},{"time":0.4333,"angle":-31.31,"curve":0.25,"c3":0.75},{"time":0.6,"angle":-47.44}]},"hand_right4":{"rotate":[{"curve":0.25,"c3":0.75},{"time":0.3333,"angle":-10.17,"curve":0.25,"c3":0.75},{"time":0.4333,"angle":29.84,"curve":0.25,"c3":0.75},{"time":0.6333,"angle":10.62,"curve":0.25,"c3":0.75},{"time":1.0333,"angle":31.97}]},"torso6":{"rotate":[{"angle":-2.21}]},"torso7":{"rotate":[{"angle":-1.71}]},"torso10":{"rotate":[{"angle":-1.62}]},"torso11":{"rotate":[{"angle":-1.15,"curve":"stepped"},{"time":0.5,"angle":-1.15},{"time":0.6333,"angle":8.62}]},"torso16":{"rotate":[{"angle":-0.66}]},"hand_left4":{"rotate":[{"time":0.2,"angle":22.32}]},"book":{"rotate":[{"curve":0.25,"c3":0.75},{"time":0.6,"angle":-159.59}],"translate":[{"curve":0.225,"c3":0.6,"c4":0.38},{"time":0.1,"x":22.35,"y":-7.33,"curve":0.471,"c2":0.23,"c4":0.64},{"time":0.3,"x":47.19,"y":245.02,"curve":0.25,"c4":0.55},{"time":0.6,"x":79.86,"y":-170.61}]},"shadow":{"translate":[{"curve":0.25,"c3":0.75},{"time":0.4,"x":233.06,"y":-21.68,"curve":0.25,"c3":0.75},{"time":0.5667,"x":288.9,"y":-42.79}],"scale":[{"curve":0.25,"c3":0.75},{"time":0.4,"x":2.429,"y":1.016}]}},"drawOrder":[{"time":0.5667,"offsets":[{"slot":"book","offset":-5}]},{"time":0.7333,"offsets":[{"slot":"hand_right2","offset":-3},{"slot":"book","offset":-4}]}]},"idle":{"bones":{"torso":{"translate":[{"curve":0.25,"c3":0.75},{"time":0.6667,"y":-5.87,"curve":0.25,"c3":0.75},{"time":1.3333}]},"torso14":{"rotate":[{"angle":-3.04,"curve":0.25,"c3":0.75},{"time":0.6667,"angle":3.5,"curve":0.25,"c3":0.75},{"time":1.3333,"angle":-3.04}]},"torso15":{"rotate":[{"angle":-2.19,"curve":0.375,"c2":0.62,"c3":0.716},{"time":0.1333,"angle":-3.04,"curve":0.25,"c3":0.75},{"time":0.8,"angle":3.5,"curve":0.243,"c3":0.68,"c4":0.71},{"time":1.3333,"angle":-2.19}]},"torso16":{"rotate":[{"angle":-0.66,"curve":0.349,"c2":0.39,"c3":0.689,"c4":0.74},{"time":0.1333,"angle":-2.19,"curve":0.375,"c2":0.62,"c3":0.716},{"time":0.2667,"angle":-3.04,"curve":0.25,"c3":0.75},{"time":0.9333,"angle":3.5,"curve":0.245,"c3":0.637,"c4":0.56},{"time":1.3333,"angle":-0.66}]},"torso17":{"rotate":[{"angle":1.07,"curve":0.33,"c2":0.32,"c3":0.67,"c4":0.68},{"time":0.1333,"angle":-0.66,"curve":0.349,"c2":0.39,"c3":0.689,"c4":0.74},{"time":0.2667,"angle":-2.19,"curve":0.375,"c2":0.62,"c3":0.716},{"time":0.4,"angle":-3.04,"curve":0.25,"c3":0.75},{"time":1.0667,"angle":3.5,"curve":0.258,"c3":0.619,"c4":0.45},{"time":1.3333,"angle":1.07}]},"torso10":{"rotate":[{"angle":-1.62,"curve":0.25,"c3":0.75},{"time":0.6667,"angle":2.03,"curve":0.25,"c3":0.75},{"time":1.3333,"angle":-1.62}]},"torso11":{"rotate":[{"angle":-1.15,"curve":0.375,"c2":0.62,"c3":0.716},{"time":0.1333,"angle":-1.62,"curve":0.25,"c3":0.75},{"time":0.8,"angle":2.03,"curve":0.243,"c3":0.68,"c4":0.71},{"time":1.3333,"angle":-1.15}]},"torso6":{"rotate":[{"angle":-2.21,"curve":0.25,"c3":0.75},{"time":0.6667,"angle":1.64,"curve":0.25,"c3":0.75},{"time":1.3333,"angle":-2.21}]},"torso7":{"rotate":[{"angle":-1.71,"curve":0.375,"c2":0.62,"c3":0.716},{"time":0.1333,"angle":-2.21,"curve":0.25,"c3":0.75},{"time":0.8,"angle":1.64,"curve":0.243,"c3":0.68,"c4":0.71},{"time":1.3333,"angle":-1.71}]},"hand_left":{"rotate":[{"curve":0.25,"c3":0.75},{"time":0.6667,"angle":5.06,"curve":0.25,"c3":0.75},{"time":1.3333}]},"hand_left2":{"rotate":[{"curve":0.25,"c3":0.75},{"time":0.6667,"angle":5.06,"curve":0.25,"c3":0.75},{"time":1.3333}]},"hand_right3":{"rotate":[{"curve":0.25,"c3":0.75},{"time":0.6667,"angle":-7.53,"curve":0.25,"c3":0.75},{"time":1.3333}]},"hand_right4":{"rotate":[{"curve":0.25,"c3":0.75},{"time":0.6667,"angle":-7.53,"curve":0.25,"c3":0.75},{"time":1.3333}]},"hand_right5":{"rotate":[{"curve":0.25,"c3":0.75},{"time":0.6667,"angle":8.22,"curve":0.25,"c3":0.75},{"time":1.3333}]},"torso2":{"rotate":[{"angle":-0.28,"curve":0.38,"c2":0.59,"c3":0.727},{"time":0.1667,"angle":-0.72,"curve":0.25,"c3":0.75},{"time":0.8333,"angle":1.44,"curve":0.242,"c3":0.663,"c4":0.65},{"time":1.3333,"angle":-0.28}]},"torso3":{"rotate":[{"angle":0.25,"curve":0.342,"c2":0.36,"c3":0.682,"c4":0.72},{"time":0.1333,"angle":-0.28,"curve":0.38,"c2":0.59,"c3":0.727},{"time":0.3,"angle":-0.72,"curve":0.25,"c3":0.75},{"time":0.9667,"angle":1.44,"curve":0.248,"c3":0.628,"c4":0.52},{"time":1.3333,"angle":0.25}]},"torso4":{"rotate":[{"angle":0.82,"curve":0.324,"c2":0.31,"c3":0.664,"c4":0.66},{"time":0.1333,"angle":0.25,"curve":0.342,"c2":0.36,"c3":0.682,"c4":0.72},{"time":0.2667,"angle":-0.28,"curve":0.38,"c2":0.59,"c3":0.727},{"time":0.4333,"angle":-0.72,"curve":0.25,"c3":0.75},{"time":1.1,"angle":1.44,"curve":0.265,"c3":0.618,"c4":0.43},{"time":1.3333,"angle":0.82}]},"head":{"rotate":[{"angle":1.29,"curve":0.304,"c2":0.22,"c3":0.644,"c4":0.58},{"time":0.1333,"angle":0.82,"curve":0.324,"c2":0.31,"c3":0.664,"c4":0.66},{"time":0.2667,"angle":0.25,"curve":0.342,"c2":0.36,"c3":0.682,"c4":0.72},{"time":0.4,"angle":-0.28,"curve":0.38,"c2":0.59,"c3":0.727},{"time":0.5667,"angle":-0.72,"curve":0.25,"c3":0.75},{"time":1.2333,"angle":1.44,"curve":0.297,"c3":0.634,"c4":0.37},{"time":1.3333,"angle":1.29}]},"torso8":{"rotate":[{"angle":9.15}]},"torso9":{"rotate":[{"angle":-5.11}]},"torso12":{"rotate":[{"angle":10.2}]},"torso13":{"rotate":[{"angle":-8.87}]},"book":{"translate":[{"x":-9.15,"y":4.85,"curve":0.382,"c2":0.57,"c3":0.735},{"time":0.2333,"x":-9.15,"y":0.83,"curve":0.25,"c3":0.75},{"time":0.9,"x":-9.15,"y":14.98,"curve":0.243,"c3":0.649,"c4":0.6},{"time":1.3333,"x":-9.15,"y":4.85}]},"book3":{"rotate":[{"angle":-10.28,"curve":0.345,"c2":0.37,"c3":0.757},{"time":0.4667,"curve":0.25,"c3":0.75},{"time":1.1333,"angle":-13.56,"curve":0.269,"c3":0.618,"c4":0.42},{"time":1.3333,"angle":-10.28}]},"book2":{"rotate":[{"angle":18.86,"curve":0.345,"c2":0.37,"c3":0.757},{"time":0.4667,"curve":0.25,"c3":0.75},{"time":1.1333,"angle":24.89,"curve":0.269,"c3":0.618,"c4":0.42},{"time":1.3333,"angle":18.86}]},"shadow":{"scale":[{"curve":0.25,"c3":0.75},{"time":0.6667,"x":1.037,"y":1.037,"curve":0.25,"c3":0.75},{"time":1.3333}]},"root":{"translate":[{"time":1.0667,"y":0.71}]}}}}}