[1,["e2ECSt/k1No5u+6QItpWPp@6c48a"],["_textureSource"],["cc.SpriteFrame"],0,[{"name":"footer-landscape","rect":{"x":55,"y":4,"width":1420,"height":456},"offset":{"x":0.5,"y":-2},"originalSize":{"width":1529,"height":460},"rotated":false,"capInsets":[0,0,0,0],"vertices":{"rawPosition":[-710,-228,0,710,-228,0,-710,228,0,710,228,0],"indexes":[0,1,2,2,1,3],"uv":[55,456,1475,456,55,0,1475,0],"nuv":[0.03597122302158273,0,0.9646827992151733,0,0.03597122302158273,0.991304347826087,0.9646827992151733,0.991304347826087],"minPos":{"x":-710,"y":-228,"z":0},"maxPos":{"x":710,"y":228,"z":0}},"packable":true,"pixelsToUnit":100,"pivot":{"x":0.5,"y":0.5},"meshType":0}],[0],0,[0],[0],[0]]
