{"textures":[{"image":"units-resources-0.png","format":"RGBA8888","size":{"w":1856,"h":1279},"scale":1,"frames":[{"filename":"dino-locked/lv06-ankylosaurus","rotated":false,"trimmed":true,"sourceSize":{"w":284,"h":284},"spriteSourceSize":{"x":0,"y":73,"w":262,"h":211},"frame":{"x":2,"y":2,"w":262,"h":211}},{"filename":"dino-locked/lv01-velociraptor","rotated":false,"trimmed":true,"sourceSize":{"w":284,"h":284},"spriteSourceSize":{"x":0,"y":59,"w":251,"h":225},"frame":{"x":267,"y":2,"w":251,"h":225}},{"filename":"dino-locked/lv03-pachysaurus","rotated":false,"trimmed":true,"sourceSize":{"w":284,"h":284},"spriteSourceSize":{"x":0,"y":56,"w":266,"h":228},"frame":{"x":521,"y":2,"w":266,"h":228}},{"filename":"dino-locked/lv05-stegosaurus","rotated":false,"trimmed":true,"sourceSize":{"w":284,"h":284},"spriteSourceSize":{"x":0,"y":50,"w":265,"h":234},"frame":{"x":790,"y":2,"w":265,"h":234}},{"filename":"dino-locked/lv08-tyrannosaurus","rotated":false,"trimmed":true,"sourceSize":{"w":284,"h":284},"spriteSourceSize":{"x":0,"y":41,"w":250,"h":243},"frame":{"x":1058,"y":2,"w":250,"h":243}},{"filename":"dino-locked/lv11-spinosaurus-rex","rotated":false,"trimmed":true,"sourceSize":{"w":284,"h":284},"spriteSourceSize":{"x":0,"y":36,"w":280,"h":248},"frame":{"x":1311,"y":2,"w":280,"h":248}},{"filename":"dino-locked/lv07-baroptiloraptor","rotated":false,"trimmed":true,"sourceSize":{"w":284,"h":284},"spriteSourceSize":{"x":0,"y":35,"w":260,"h":249},"frame":{"x":1594,"y":2,"w":260,"h":249}},{"filename":"warriors-locked/lv06-william","rotated":false,"trimmed":true,"sourceSize":{"w":284,"h":284},"spriteSourceSize":{"x":9,"y":16,"w":223,"h":268},"frame":{"x":2,"y":216,"w":223,"h":268}},{"filename":"warriors-locked/lv05-artemis","rotated":false,"trimmed":true,"sourceSize":{"w":284,"h":284},"spriteSourceSize":{"x":0,"y":10,"w":269,"h":274},"frame":{"x":228,"y":230,"w":269,"h":274}},{"filename":"dino-locked/lv04-triceratops","rotated":false,"trimmed":true,"sourceSize":{"w":284,"h":284},"spriteSourceSize":{"x":0,"y":9,"w":263,"h":275},"frame":{"x":500,"y":233,"w":263,"h":275}},{"filename":"warriors-locked/lv10-shaman","rotated":false,"trimmed":true,"sourceSize":{"w":284,"h":284},"spriteSourceSize":{"x":10,"y":9,"w":274,"h":275},"frame":{"x":766,"y":239,"w":274,"h":275}},{"filename":"warriors-locked/lv04-macer","rotated":false,"trimmed":true,"sourceSize":{"w":284,"h":284},"spriteSourceSize":{"x":4,"y":6,"w":258,"h":278},"frame":{"x":1043,"y":248,"w":258,"h":278}},{"filename":"warriors-locked/lv02-javelineer","rotated":false,"trimmed":true,"sourceSize":{"w":284,"h":284},"spriteSourceSize":{"x":39,"y":5,"w":234,"h":279},"frame":{"x":1304,"y":253,"w":234,"h":279}},{"filename":"warriors-locked/lv09-oracle","rotated":false,"trimmed":true,"sourceSize":{"w":284,"h":284},"spriteSourceSize":{"x":0,"y":4,"w":284,"h":280},"frame":{"x":1541,"y":254,"w":284,"h":280}},{"filename":"dino-unlocked/lv08-tyrannosaurus","rotated":false,"trimmed":true,"sourceSize":{"w":400,"h":400},"spriteSourceSize":{"x":0,"y":71,"w":349,"h":329},"frame":{"x":2,"y":507,"w":349,"h":329}},{"filename":"dino-unlocked/lv07-baroptiloraptor","rotated":false,"trimmed":true,"sourceSize":{"w":400,"h":400},"spriteSourceSize":{"x":0,"y":63,"w":361,"h":337},"frame":{"x":354,"y":511,"w":361,"h":337}},{"filename":"dino-unlocked/lv11-spinosaurus-rex","rotated":false,"trimmed":true,"sourceSize":{"w":400,"h":400},"spriteSourceSize":{"x":0,"y":63,"w":388,"h":337},"frame":{"x":718,"y":529,"w":388,"h":337}},{"filename":"dino-unlocked/lv02-saurolophus","rotated":false,"trimmed":true,"sourceSize":{"w":400,"h":400},"spriteSourceSize":{"x":0,"y":49,"w":378,"h":351},"frame":{"x":1109,"y":535,"w":378,"h":351}},{"filename":"dino-unlocked/lv09-dilophosaurus","rotated":false,"trimmed":true,"sourceSize":{"w":400,"h":400},"spriteSourceSize":{"x":0,"y":48,"w":361,"h":352},"frame":{"x":1490,"y":537,"w":361,"h":352}},{"filename":"dino-unlocked/lv04-triceratops","rotated":false,"trimmed":true,"sourceSize":{"w":400,"h":400},"spriteSourceSize":{"x":0,"y":28,"w":366,"h":372},"frame":{"x":2,"y":851,"w":366,"h":372}},{"filename":"warriors-unlocked/lv02-javelineer","rotated":false,"trimmed":true,"sourceSize":{"w":400,"h":400},"spriteSourceSize":{"x":42,"y":10,"w":325,"h":390},"frame":{"x":371,"y":851,"w":325,"h":390}},{"filename":"warriors-unlocked/lv06-william","rotated":false,"trimmed":true,"sourceSize":{"w":400,"h":400},"spriteSourceSize":{"x":0,"y":25,"w":392,"h":375},"frame":{"x":699,"y":869,"w":392,"h":375}},{"filename":"warriors-unlocked/lv05-artemis","rotated":false,"trimmed":true,"sourceSize":{"w":400,"h":400},"spriteSourceSize":{"x":0,"y":17,"w":361,"h":383},"frame":{"x":1094,"y":889,"w":361,"h":383}},{"filename":"warriors-unlocked/lv10-shaman","rotated":false,"trimmed":true,"sourceSize":{"w":400,"h":400},"spriteSourceSize":{"x":1,"y":15,"w":394,"h":385},"frame":{"x":1458,"y":892,"w":394,"h":385}}]},{"image":"units-resources-1.png","format":"RGBA8888","size":{"w":1789,"h":1320},"scale":1,"frames":[{"filename":"warriors-unlocked/lv09-oracle","rotated":false,"trimmed":true,"sourceSize":{"w":400,"h":400},"spriteSourceSize":{"x":0,"y":8,"w":400,"h":392},"frame":{"x":2,"y":2,"w":400,"h":392}},{"filename":"warriors-unlocked/lv11-seraph","rotated":false,"trimmed":true,"sourceSize":{"w":400,"h":400},"spriteSourceSize":{"x":0,"y":1,"w":390,"h":399},"frame":{"x":2,"y":397,"w":390,"h":399}},{"filename":"warriors-unlocked/lv01-rockthrower","rotated":false,"trimmed":true,"sourceSize":{"w":400,"h":400},"spriteSourceSize":{"x":25,"y":35,"w":375,"h":365},"frame":{"x":405,"y":2,"w":375,"h":365}},{"filename":"warriors-unlocked/lv04-macer","rotated":false,"trimmed":true,"sourceSize":{"w":400,"h":400},"spriteSourceSize":{"x":0,"y":11,"w":351,"h":389},"frame":{"x":2,"y":799,"w":351,"h":389}},{"filename":"warriors-unlocked/lv03-boomeranger","rotated":false,"trimmed":true,"sourceSize":{"w":400,"h":400},"spriteSourceSize":{"x":15,"y":33,"w":366,"h":367},"frame":{"x":783,"y":2,"w":366,"h":367}},{"filename":"warriors-unlocked/lv08-phantom","rotated":false,"trimmed":true,"sourceSize":{"w":400,"h":400},"spriteSourceSize":{"x":20,"y":29,"w":360,"h":371},"frame":{"x":1152,"y":2,"w":360,"h":371}},{"filename":"dino-locked/lv02-saurolophus","rotated":false,"trimmed":true,"sourceSize":{"w":284,"h":284},"spriteSourceSize":{"x":0,"y":25,"w":272,"h":259},"frame":{"x":1515,"y":2,"w":272,"h":259}},{"filename":"warriors-unlocked/lv07-blanchette","rotated":false,"trimmed":true,"sourceSize":{"w":400,"h":400},"spriteSourceSize":{"x":13,"y":38,"w":357,"h":362},"frame":{"x":356,"y":799,"w":357,"h":362}},{"filename":"dino-unlocked/lv03-pachysaurus","rotated":false,"trimmed":true,"sourceSize":{"w":400,"h":400},"spriteSourceSize":{"x":0,"y":90,"w":370,"h":310},"frame":{"x":405,"y":370,"w":370,"h":310}},{"filename":"dino-unlocked/lv05-stegosaurus","rotated":false,"trimmed":true,"sourceSize":{"w":400,"h":400},"spriteSourceSize":{"x":0,"y":83,"w":368,"h":317},"frame":{"x":778,"y":372,"w":368,"h":317}},{"filename":"dino-unlocked/lv10-triceradonosaurus","rotated":false,"trimmed":true,"sourceSize":{"w":400,"h":400},"spriteSourceSize":{"x":0,"y":43,"w":347,"h":357},"frame":{"x":1149,"y":376,"w":347,"h":357}},{"filename":"dino-unlocked/lv01-velociraptor","rotated":false,"trimmed":true,"sourceSize":{"w":400,"h":400},"spriteSourceSize":{"x":0,"y":96,"w":349,"h":304},"frame":{"x":716,"y":692,"w":349,"h":304}},{"filename":"dino-unlocked/lv06-ankylosaurus","rotated":false,"trimmed":true,"sourceSize":{"w":400,"h":400},"spriteSourceSize":{"x":0,"y":113,"w":365,"h":287},"frame":{"x":1068,"y":736,"w":365,"h":287}},{"filename":"warriors-locked/lv11-seraph","rotated":false,"trimmed":true,"sourceSize":{"w":284,"h":284},"spriteSourceSize":{"x":4,"y":0,"w":280,"h":284},"frame":{"x":716,"y":999,"w":280,"h":284}},{"filename":"warriors-locked/lv03-boomeranger","rotated":false,"trimmed":true,"sourceSize":{"w":284,"h":284},"spriteSourceSize":{"x":20,"y":22,"w":263,"h":262},"frame":{"x":999,"y":1026,"w":263,"h":262}},{"filename":"dino-locked/lv10-triceradonosaurus","rotated":false,"trimmed":true,"sourceSize":{"w":284,"h":284},"spriteSourceSize":{"x":0,"y":21,"w":250,"h":263},"frame":{"x":1265,"y":1026,"w":250,"h":263}},{"filename":"dino-locked/lv09-dilophosaurus","rotated":false,"trimmed":true,"sourceSize":{"w":284,"h":284},"spriteSourceSize":{"x":0,"y":24,"w":260,"h":260},"frame":{"x":1515,"y":264,"w":260,"h":260}},{"filename":"warriors-locked/lv08-phantom","rotated":false,"trimmed":true,"sourceSize":{"w":284,"h":284},"spriteSourceSize":{"x":23,"y":19,"w":259,"h":265},"frame":{"x":1499,"y":527,"w":259,"h":265}},{"filename":"warriors-locked/lv01-rockthrower","rotated":false,"trimmed":true,"sourceSize":{"w":284,"h":284},"spriteSourceSize":{"x":27,"y":23,"w":257,"h":261},"frame":{"x":1518,"y":795,"w":257,"h":261}},{"filename":"warriors-locked/lv07-blanchette","rotated":false,"trimmed":true,"sourceSize":{"w":284,"h":284},"spriteSourceSize":{"x":18,"y":25,"w":258,"h":259},"frame":{"x":1518,"y":1059,"w":258,"h":259}}]}],"meta":{"app":"https://www.codeandweb.com/texturepacker","version":"3.0","smartupdate":"$TexturePacker:SmartUpdate:0a597df58f52526dd6bac84b566fb80f:dbde6d426fea3dd444d35e1f1e8ba7c3:2468d1b98e5668cb0b8b35ec87d1b8c4$"}}