[1,0,0,[["cc.JsonAsset",["_name","json"],1]],[[0,0,1,3]],[[0,"level_002461-30",[{"layers":[{"index":0,"tiles":[{"x":3,"y":-8.5},{"x":8,"y":-8.5},{"x":4,"y":-8},{"x":7,"y":-8},{"x":3,"y":-7.5},{"x":5,"y":-7.5},{"x":6,"y":-7.5},{"x":8,"y":-7.5},{"x":3.5,"y":-6.5},{"x":4.5,"y":-6.5},{"x":6.5,"y":-6.5},{"x":7.5,"y":-6.5},{"x":3,"y":-5.5},{"x":4,"y":-5.5},{"x":7,"y":-5.5},{"x":8,"y":-5.5},{"x":3,"y":-4.5},{"x":4,"y":-4.5},{"x":7,"y":-4.5},{"x":8,"y":-4.5},{"x":3.5,"y":-3.5},{"x":4.5,"y":-3.5},{"x":6.5,"y":-3.5},{"x":7.5,"y":-3.5},{"x":3,"y":-2.5},{"x":5,"y":-2.5},{"x":6,"y":-2.5},{"x":8,"y":-2.5},{"x":4,"y":-2},{"x":7,"y":-2},{"x":3,"y":-1.5},{"x":8,"y":-1.5}]},{"index":1,"tiles":[{"x":3,"y":-8.5},{"x":8,"y":-8.5},{"x":4,"y":-8},{"x":7,"y":-8},{"x":3,"y":-7.5},{"x":5,"y":-7.5},{"x":6,"y":-7.5},{"x":8,"y":-7.5},{"x":4.5,"y":-6.5},{"x":6.5,"y":-6.5},{"x":3.5,"y":-6},{"x":7.5,"y":-6},{"x":3.5,"y":-5},{"x":7.5,"y":-5},{"x":3.5,"y":-4},{"x":7.5,"y":-4},{"x":4.5,"y":-3.5},{"x":6.5,"y":-3.5},{"x":3,"y":-2.5},{"x":5,"y":-2.5},{"x":6,"y":-2.5},{"x":8,"y":-2.5},{"x":4,"y":-2},{"x":7,"y":-2},{"x":3,"y":-1.5},{"x":8,"y":-1.5}]},{"index":2,"tiles":[{"x":3,"y":-8.5},{"x":8,"y":-8.5},{"x":4,"y":-8},{"x":7,"y":-8},{"x":3,"y":-7.5},{"x":5,"y":-7.5},{"x":6,"y":-7.5},{"x":8,"y":-7.5},{"x":4.5,"y":-6.5},{"x":6.5,"y":-6.5},{"x":3.5,"y":-6},{"x":7.5,"y":-6},{"x":3.5,"y":-5},{"x":7.5,"y":-5},{"x":3.5,"y":-4},{"x":7.5,"y":-4},{"x":4.5,"y":-3.5},{"x":6.5,"y":-3.5},{"x":3,"y":-2.5},{"x":5,"y":-2.5},{"x":6,"y":-2.5},{"x":8,"y":-2.5},{"x":4,"y":-2},{"x":7,"y":-2},{"x":3,"y":-1.5},{"x":8,"y":-1.5}]},{"index":3,"tiles":[{"x":3,"y":-8.5},{"x":8,"y":-8.5},{"x":4,"y":-8},{"x":7,"y":-8},{"x":3,"y":-7.5},{"x":5,"y":-7.5},{"x":6,"y":-7.5},{"x":8,"y":-7.5},{"x":4.5,"y":-6.5},{"x":6.5,"y":-6.5},{"x":3.5,"y":-6},{"x":7.5,"y":-6},{"x":3.5,"y":-5},{"x":7.5,"y":-5},{"x":3.5,"y":-4},{"x":7.5,"y":-4},{"x":4.5,"y":-3.5},{"x":6.5,"y":-3.5},{"x":3,"y":-2.5},{"x":5,"y":-2.5},{"x":6,"y":-2.5},{"x":8,"y":-2.5},{"x":4,"y":-2},{"x":7,"y":-2},{"x":3,"y":-1.5},{"x":8,"y":-1.5}]}],"seeds":["04RWYZhayTQiIAaSxPGJmig+BOcFYeZxmGiIT4I4RSWKYRGCxUd9oSgxXqc6IBhM4XlkmCKFpdc5DmY2wjcI4iVGzQUNHSNSVrFAnLKAkSZynQEA"]},{"layers":[{"index":0,"tiles":[{"x":4.5,"y":-8.5},{"x":6.5,"y":-8.5},{"x":3,"y":-8},{"x":8,"y":-8},{"x":5,"y":-7},{"x":6,"y":-7},{"x":3.5,"y":-6.5},{"x":7.5,"y":-6.5},{"x":4.5,"y":-5.5},{"x":6.5,"y":-5.5},{"x":4,"y":-4.5},{"x":5,"y":-4.5},{"x":6,"y":-4.5},{"x":7,"y":-4.5},{"x":3,"y":-3.5},{"x":5,"y":-3.5},{"x":6,"y":-3.5},{"x":8,"y":-3.5},{"x":2.5,"y":-2.5},{"x":3.5,"y":-2.5},{"x":5,"y":-2.5},{"x":6,"y":-2.5},{"x":7.5,"y":-2.5},{"x":8.5,"y":-2.5},{"x":5,"y":-1.5},{"x":6,"y":-1.5}]},{"index":1,"tiles":[{"x":4.5,"y":-8.5},{"x":6.5,"y":-8.5},{"x":3,"y":-8},{"x":8,"y":-8},{"x":5,"y":-7},{"x":6,"y":-7},{"x":3.5,"y":-6.5},{"x":7.5,"y":-6.5},{"x":4.5,"y":-5.5},{"x":6.5,"y":-5.5},{"x":4,"y":-4.5},{"x":5,"y":-4.5},{"x":6,"y":-4.5},{"x":7,"y":-4.5},{"x":3,"y":-3.5},{"x":5,"y":-3.5},{"x":6,"y":-3.5},{"x":8,"y":-3.5},{"x":2.5,"y":-2.5},{"x":3.5,"y":-2.5},{"x":5,"y":-2.5},{"x":6,"y":-2.5},{"x":7.5,"y":-2.5},{"x":8.5,"y":-2.5},{"x":5,"y":-1.5},{"x":6,"y":-1.5}]},{"index":2,"tiles":[{"x":4.5,"y":-8.5},{"x":6.5,"y":-8.5},{"x":3,"y":-8},{"x":8,"y":-8},{"x":5,"y":-7},{"x":6,"y":-7},{"x":3.5,"y":-6.5},{"x":7.5,"y":-6.5},{"x":4.5,"y":-5.5},{"x":6.5,"y":-5.5},{"x":4,"y":-4.5},{"x":5,"y":-4.5},{"x":6,"y":-4.5},{"x":7,"y":-4.5},{"x":3,"y":-3.5},{"x":5,"y":-3.5},{"x":6,"y":-3.5},{"x":8,"y":-3.5},{"x":2.5,"y":-2.5},{"x":3.5,"y":-2.5},{"x":5,"y":-2.5},{"x":6,"y":-2.5},{"x":7.5,"y":-2.5},{"x":8.5,"y":-2.5},{"x":5,"y":-1.5},{"x":6,"y":-1.5}]},{"index":3,"tiles":[{"x":4.5,"y":-8.5},{"x":6.5,"y":-8.5},{"x":3,"y":-8},{"x":8,"y":-8},{"x":5,"y":-7},{"x":6,"y":-7},{"x":3.5,"y":-6.5},{"x":7.5,"y":-6.5},{"x":4.5,"y":-5.5},{"x":6.5,"y":-5.5},{"x":4,"y":-4.5},{"x":5,"y":-4.5},{"x":6,"y":-4.5},{"x":7,"y":-4.5},{"x":3,"y":-3.5},{"x":5,"y":-3.5},{"x":6,"y":-3.5},{"x":8,"y":-3.5},{"x":2.5,"y":-2.5},{"x":3.5,"y":-2.5},{"x":5,"y":-2.5},{"x":6,"y":-2.5},{"x":7.5,"y":-2.5},{"x":8.5,"y":-2.5},{"x":5,"y":-1.5},{"x":6,"y":-1.5}]}],"seeds":["RDVy1XktXap0oIRhW5AwiZN5n8kFHjhBkHVoHCogTYc8H+co6lEw1LN4ogKGRikGwUUSHNdtQmaF4NQUlBiBxiSGnyR+QyiGSjSB2uCF"]},{"layers":[{"index":0,"tiles":[{"x":4,"y":-9},{"x":7,"y":-9},{"x":2.5,"y":-8.5},{"x":5.5,"y":-8.5},{"x":8.5,"y":-8.5},{"x":4.5,"y":-7.5},{"x":5.5,"y":-7.5},{"x":6.5,"y":-7.5},{"x":3.5,"y":-6.5},{"x":4.5,"y":-6.5},{"x":5.5,"y":-6.5},{"x":6.5,"y":-6.5},{"x":7.5,"y":-6.5},{"x":2.5,"y":-5.5},{"x":3.5,"y":-5.5},{"x":4.5,"y":-5.5},{"x":6.5,"y":-5.5},{"x":7.5,"y":-5.5},{"x":8.5,"y":-5.5},{"x":2.5,"y":-4.5},{"x":3.5,"y":-4.5},{"x":4.5,"y":-4.5},{"x":6.5,"y":-4.5},{"x":7.5,"y":-4.5},{"x":8.5,"y":-4.5},{"x":3.5,"y":-3.5},{"x":4.5,"y":-3.5},{"x":5.5,"y":-3.5},{"x":6.5,"y":-3.5},{"x":7.5,"y":-3.5},{"x":4.5,"y":-2.5},{"x":5.5,"y":-2.5},{"x":6.5,"y":-2.5},{"x":2.5,"y":-1.5},{"x":5.5,"y":-1.5},{"x":8.5,"y":-1.5},{"x":4,"y":-1},{"x":7,"y":-1}]},{"index":1,"tiles":[{"x":4,"y":-9},{"x":7,"y":-9},{"x":2.5,"y":-8.5},{"x":5.5,"y":-8.5},{"x":8.5,"y":-8.5},{"x":4.5,"y":-7.5},{"x":5.5,"y":-7.5},{"x":6.5,"y":-7.5},{"x":3.5,"y":-6.5},{"x":4.5,"y":-6.5},{"x":5.5,"y":-6.5},{"x":6.5,"y":-6.5},{"x":7.5,"y":-6.5},{"x":2.5,"y":-5.5},{"x":3.5,"y":-5.5},{"x":4.5,"y":-5.5},{"x":6.5,"y":-5.5},{"x":7.5,"y":-5.5},{"x":8.5,"y":-5.5},{"x":2.5,"y":-4.5},{"x":3.5,"y":-4.5},{"x":4.5,"y":-4.5},{"x":6.5,"y":-4.5},{"x":7.5,"y":-4.5},{"x":8.5,"y":-4.5},{"x":3.5,"y":-3.5},{"x":4.5,"y":-3.5},{"x":5.5,"y":-3.5},{"x":6.5,"y":-3.5},{"x":7.5,"y":-3.5},{"x":4.5,"y":-2.5},{"x":5.5,"y":-2.5},{"x":6.5,"y":-2.5},{"x":2.5,"y":-1.5},{"x":5.5,"y":-1.5},{"x":8.5,"y":-1.5},{"x":4,"y":-1},{"x":7,"y":-1}]},{"index":2,"tiles":[{"x":4,"y":-9},{"x":7,"y":-9},{"x":2.5,"y":-8.5},{"x":5.5,"y":-8.5},{"x":8.5,"y":-8.5},{"x":4.5,"y":-7.5},{"x":5.5,"y":-7.5},{"x":6.5,"y":-7.5},{"x":3.5,"y":-6.5},{"x":4.5,"y":-6.5},{"x":5.5,"y":-6.5},{"x":6.5,"y":-6.5},{"x":7.5,"y":-6.5},{"x":2.5,"y":-5.5},{"x":3.5,"y":-5.5},{"x":4.5,"y":-5.5},{"x":6.5,"y":-5.5},{"x":7.5,"y":-5.5},{"x":8.5,"y":-5.5},{"x":2.5,"y":-4.5},{"x":3.5,"y":-4.5},{"x":4.5,"y":-4.5},{"x":6.5,"y":-4.5},{"x":7.5,"y":-4.5},{"x":8.5,"y":-4.5},{"x":3.5,"y":-3.5},{"x":4.5,"y":-3.5},{"x":5.5,"y":-3.5},{"x":6.5,"y":-3.5},{"x":7.5,"y":-3.5},{"x":4.5,"y":-2.5},{"x":5.5,"y":-2.5},{"x":6.5,"y":-2.5},{"x":2.5,"y":-1.5},{"x":5.5,"y":-1.5},{"x":8.5,"y":-1.5},{"x":4,"y":-1},{"x":7,"y":-1}]}],"seeds":["w/QdYKMZHBWIUPeBoTkthFcFmoeC5EExRFcJXdSFBZdRSigsoCB1SihZS6aC2HRBIiKmXNAsxSc6HMggivMMn2d0osKBEcgJYjJuk3UG17OFWFhSiQcA"]},{"layers":[{"index":0,"tiles":[{"x":2.5,"y":-8.5},{"x":3.5,"y":-8.5},{"x":4.5,"y":-8.5},{"x":5.5,"y":-8.5},{"x":6.5,"y":-8.5},{"x":7.5,"y":-8.5},{"x":8.5,"y":-8.5},{"x":5,"y":-7.5},{"x":6,"y":-7.5},{"x":2.5,"y":-7},{"x":8.5,"y":-7},{"x":5,"y":-6.5},{"x":6,"y":-6.5},{"x":2.5,"y":-6},{"x":8.5,"y":-6},{"x":5,"y":-5.5},{"x":6,"y":-5.5},{"x":2.5,"y":-5},{"x":8.5,"y":-5},{"x":4,"y":-4.5},{"x":5,"y":-4.5},{"x":6,"y":-4.5},{"x":7,"y":-4.5},{"x":2.5,"y":-4},{"x":8.5,"y":-4},{"x":4,"y":-3.5},{"x":7,"y":-3.5},{"x":2.5,"y":-3},{"x":5,"y":-3},{"x":6,"y":-3},{"x":8.5,"y":-3},{"x":4.5,"y":-2},{"x":5.5,"y":-2},{"x":6.5,"y":-2},{"x":2.5,"y":-1.5},{"x":8.5,"y":-1.5}]},{"index":1,"tiles":[{"x":2.5,"y":-8.5},{"x":3.5,"y":-8.5},{"x":4.5,"y":-8.5},{"x":5.5,"y":-8.5},{"x":6.5,"y":-8.5},{"x":7.5,"y":-8.5},{"x":8.5,"y":-8.5},{"x":5,"y":-7.5},{"x":6,"y":-7.5},{"x":2.5,"y":-7},{"x":8.5,"y":-7},{"x":5,"y":-6.5},{"x":6,"y":-6.5},{"x":2.5,"y":-6},{"x":8.5,"y":-6},{"x":5,"y":-5.5},{"x":6,"y":-5.5},{"x":2.5,"y":-5},{"x":8.5,"y":-5},{"x":5,"y":-4.5},{"x":6,"y":-4.5},{"x":2.5,"y":-4},{"x":4,"y":-4},{"x":7,"y":-4},{"x":8.5,"y":-4},{"x":2.5,"y":-3},{"x":5,"y":-3},{"x":6,"y":-3},{"x":8.5,"y":-3},{"x":4.5,"y":-2},{"x":5.5,"y":-2},{"x":6.5,"y":-2},{"x":2.5,"y":-1.5},{"x":8.5,"y":-1.5}]},{"index":2,"tiles":[{"x":2.5,"y":-8.5},{"x":3.5,"y":-8.5},{"x":4.5,"y":-8.5},{"x":5.5,"y":-8.5},{"x":6.5,"y":-8.5},{"x":7.5,"y":-8.5},{"x":8.5,"y":-8.5},{"x":5,"y":-7.5},{"x":6,"y":-7.5},{"x":2.5,"y":-7},{"x":8.5,"y":-7},{"x":5,"y":-6.5},{"x":6,"y":-6.5},{"x":2.5,"y":-6},{"x":8.5,"y":-6},{"x":5,"y":-5.5},{"x":6,"y":-5.5},{"x":2.5,"y":-5},{"x":8.5,"y":-5},{"x":5,"y":-4.5},{"x":6,"y":-4.5},{"x":2.5,"y":-4},{"x":4,"y":-4},{"x":7,"y":-4},{"x":8.5,"y":-4},{"x":2.5,"y":-3},{"x":5,"y":-3},{"x":6,"y":-3},{"x":8.5,"y":-3},{"x":4.5,"y":-2},{"x":5.5,"y":-2},{"x":6.5,"y":-2},{"x":2.5,"y":-1.5},{"x":8.5,"y":-1.5}]}],"seeds":["AmNGgzZRnOAhz1E4l0hB4aksDBhG2IdoVgp6wQca15IxTNdZXkg+otJUGPV5IBh2IAgd4AR2I5FRAxcWgSiCavAxKBM4RsSUHNdEFUOE"]},{"layers":[{"index":0,"tiles":[{"x":4,"y":-8.5},{"x":5,"y":-8.5},{"x":6,"y":-8.5},{"x":7,"y":-8.5},{"x":3,"y":-8},{"x":8,"y":-8},{"x":5.5,"y":-7.5},{"x":3,"y":-7},{"x":4,"y":-7},{"x":7,"y":-7},{"x":8,"y":-7},{"x":5.5,"y":-6.5},{"x":2.5,"y":-6},{"x":4.5,"y":-6},{"x":6.5,"y":-6},{"x":8.5,"y":-6},{"x":3.5,"y":-5.5},{"x":5.5,"y":-5.5},{"x":7.5,"y":-5.5},{"x":2.5,"y":-5},{"x":8.5,"y":-5},{"x":3.5,"y":-4.5},{"x":4.5,"y":-4.5},{"x":6.5,"y":-4.5},{"x":7.5,"y":-4.5},{"x":2.5,"y":-3.5},{"x":5.5,"y":-3.5},{"x":8.5,"y":-3.5},{"x":4.5,"y":-3},{"x":6.5,"y":-3},{"x":3,"y":-2.5},{"x":8,"y":-2.5},{"x":5,"y":-2},{"x":6,"y":-2},{"x":2.5,"y":-1.5},{"x":3.5,"y":-1.5},{"x":7.5,"y":-1.5},{"x":8.5,"y":-1.5}]},{"index":1,"tiles":[{"x":4,"y":-8.5},{"x":5,"y":-8.5},{"x":6,"y":-8.5},{"x":7,"y":-8.5},{"x":3,"y":-8},{"x":8,"y":-8},{"x":5.5,"y":-7.5},{"x":3,"y":-7},{"x":4,"y":-7},{"x":7,"y":-7},{"x":8,"y":-7},{"x":5.5,"y":-6.5},{"x":2.5,"y":-6},{"x":4.5,"y":-6},{"x":6.5,"y":-6},{"x":8.5,"y":-6},{"x":3.5,"y":-5.5},{"x":5.5,"y":-5.5},{"x":7.5,"y":-5.5},{"x":2.5,"y":-5},{"x":8.5,"y":-5},{"x":3.5,"y":-4.5},{"x":4.5,"y":-4.5},{"x":6.5,"y":-4.5},{"x":7.5,"y":-4.5},{"x":2.5,"y":-3.5},{"x":5.5,"y":-3.5},{"x":8.5,"y":-3.5},{"x":4.5,"y":-3},{"x":6.5,"y":-3},{"x":3,"y":-2.5},{"x":8,"y":-2.5},{"x":5,"y":-2},{"x":6,"y":-2},{"x":2.5,"y":-1.5},{"x":3.5,"y":-1.5},{"x":7.5,"y":-1.5},{"x":8.5,"y":-1.5}]},{"index":2,"tiles":[{"x":4,"y":-8.5},{"x":5,"y":-8.5},{"x":6,"y":-8.5},{"x":7,"y":-8.5},{"x":3,"y":-8},{"x":8,"y":-8},{"x":5.5,"y":-7.5},{"x":3,"y":-7},{"x":4,"y":-7},{"x":7,"y":-7},{"x":8,"y":-7},{"x":5.5,"y":-6.5},{"x":2.5,"y":-6},{"x":4.5,"y":-6},{"x":6.5,"y":-6},{"x":8.5,"y":-6},{"x":3.5,"y":-5.5},{"x":5.5,"y":-5.5},{"x":7.5,"y":-5.5},{"x":2.5,"y":-5},{"x":8.5,"y":-5},{"x":3.5,"y":-4.5},{"x":4.5,"y":-4.5},{"x":6.5,"y":-4.5},{"x":7.5,"y":-4.5},{"x":2.5,"y":-3.5},{"x":5.5,"y":-3.5},{"x":8.5,"y":-3.5},{"x":4.5,"y":-3},{"x":6.5,"y":-3},{"x":3,"y":-2.5},{"x":8,"y":-2.5},{"x":5,"y":-2},{"x":6,"y":-2},{"x":2.5,"y":-1.5},{"x":3.5,"y":-1.5},{"x":7.5,"y":-1.5},{"x":8.5,"y":-1.5}]}],"seeds":["GSgKCZdZWFFc5bc46qk0ydNBnhkOXdVNyoiJxMWFnAgun2J0wSGG2hYGFXRE1lR1W6cFqOchA1eRE9IwBAMGX8SJwvNRFCeAoARKRphNXgamoBgKjgIA"]},{"layers":[{"index":0,"tiles":[{"x":2.5,"y":-8},{"x":8.5,"y":-8},{"x":3,"y":-7},{"x":5,"y":-7},{"x":6,"y":-7},{"x":8,"y":-7},{"x":3.5,"y":-6},{"x":4.5,"y":-6},{"x":6.5,"y":-6},{"x":7.5,"y":-6},{"x":2.5,"y":-5.5},{"x":8.5,"y":-5.5},{"x":4.5,"y":-5},{"x":6.5,"y":-5},{"x":2.5,"y":-4.5},{"x":8.5,"y":-4.5},{"x":4.5,"y":-4},{"x":6.5,"y":-4},{"x":2.5,"y":-3.5},{"x":8.5,"y":-3.5},{"x":3.5,"y":-3},{"x":5,"y":-3},{"x":6,"y":-3},{"x":7.5,"y":-3},{"x":4.5,"y":-2},{"x":5.5,"y":-2},{"x":6.5,"y":-2}]},{"index":1,"tiles":[{"x":2.5,"y":-8},{"x":8.5,"y":-8},{"x":3,"y":-7},{"x":5,"y":-7},{"x":6,"y":-7},{"x":8,"y":-7},{"x":3.5,"y":-6},{"x":4.5,"y":-6},{"x":6.5,"y":-6},{"x":7.5,"y":-6},{"x":2.5,"y":-5.5},{"x":8.5,"y":-5.5},{"x":4.5,"y":-5},{"x":6.5,"y":-5},{"x":2.5,"y":-4.5},{"x":8.5,"y":-4.5},{"x":4.5,"y":-4},{"x":6.5,"y":-4},{"x":2.5,"y":-3.5},{"x":8.5,"y":-3.5},{"x":3.5,"y":-3},{"x":5,"y":-3},{"x":6,"y":-3},{"x":7.5,"y":-3},{"x":4.5,"y":-2},{"x":5.5,"y":-2},{"x":6.5,"y":-2}]},{"index":2,"tiles":[{"x":2.5,"y":-8},{"x":8.5,"y":-8},{"x":3,"y":-7},{"x":5,"y":-7},{"x":6,"y":-7},{"x":8,"y":-7},{"x":3.5,"y":-6},{"x":4.5,"y":-6},{"x":6.5,"y":-6},{"x":7.5,"y":-6},{"x":2.5,"y":-5.5},{"x":8.5,"y":-5.5},{"x":4.5,"y":-5},{"x":6.5,"y":-5},{"x":2.5,"y":-4.5},{"x":8.5,"y":-4.5},{"x":4.5,"y":-4},{"x":6.5,"y":-4},{"x":2.5,"y":-3.5},{"x":8.5,"y":-3.5},{"x":3.5,"y":-3},{"x":5,"y":-3},{"x":6,"y":-3},{"x":7.5,"y":-3},{"x":4.5,"y":-2},{"x":5.5,"y":-2},{"x":6.5,"y":-2}]},{"index":3,"tiles":[{"x":2.5,"y":-8},{"x":8.5,"y":-8},{"x":3,"y":-7},{"x":5,"y":-7},{"x":6,"y":-7},{"x":8,"y":-7},{"x":3.5,"y":-6},{"x":4.5,"y":-6},{"x":6.5,"y":-6},{"x":7.5,"y":-6},{"x":2.5,"y":-5.5},{"x":8.5,"y":-5.5},{"x":4.5,"y":-5},{"x":6.5,"y":-5},{"x":2.5,"y":-4.5},{"x":8.5,"y":-4.5},{"x":4.5,"y":-4},{"x":6.5,"y":-4},{"x":2.5,"y":-3.5},{"x":8.5,"y":-3.5},{"x":3.5,"y":-3},{"x":5,"y":-3},{"x":6,"y":-3},{"x":7.5,"y":-3},{"x":4.5,"y":-2},{"x":5.5,"y":-2},{"x":6.5,"y":-2}]}],"seeds":["HANJX+dRnCOAWOU1gVhyE4gwiIiFSbRYlPlBIGh4neRpIiEawbEcg6OI2ceBChiF6WVdwzeh3JScQSeoJLg9U7aFnVaNYsgp3VMEoRKCRUc0"]},{"layers":[{"index":0,"tiles":[{"x":3.5,"y":-8.5},{"x":5,"y":-8.5},{"x":6,"y":-8.5},{"x":7.5,"y":-8.5},{"x":4,"y":-7.5},{"x":7,"y":-7.5},{"x":5,"y":-7},{"x":6,"y":-7},{"x":3,"y":-6.5},{"x":8,"y":-6.5},{"x":5,"y":-6},{"x":6,"y":-6},{"x":3.5,"y":-5},{"x":5,"y":-5},{"x":6,"y":-5},{"x":7.5,"y":-5},{"x":3.5,"y":-4},{"x":4.5,"y":-4},{"x":6.5,"y":-4},{"x":7.5,"y":-4},{"x":4.5,"y":-3},{"x":6.5,"y":-3},{"x":3.5,"y":-2.5},{"x":7.5,"y":-2.5},{"x":5,"y":-2},{"x":6,"y":-2},{"x":3,"y":-1.5},{"x":8,"y":-1.5}]},{"index":1,"tiles":[{"x":3.5,"y":-8.5},{"x":5,"y":-8.5},{"x":6,"y":-8.5},{"x":7.5,"y":-8.5},{"x":4,"y":-7.5},{"x":7,"y":-7.5},{"x":5,"y":-7},{"x":6,"y":-7},{"x":3,"y":-6.5},{"x":8,"y":-6.5},{"x":5,"y":-6},{"x":6,"y":-6},{"x":3.5,"y":-5},{"x":5,"y":-5},{"x":6,"y":-5},{"x":7.5,"y":-5},{"x":3.5,"y":-4},{"x":4.5,"y":-4},{"x":6.5,"y":-4},{"x":7.5,"y":-4},{"x":4.5,"y":-3},{"x":6.5,"y":-3},{"x":3.5,"y":-2.5},{"x":7.5,"y":-2.5},{"x":5,"y":-2},{"x":6,"y":-2},{"x":3,"y":-1.5},{"x":8,"y":-1.5}]},{"index":2,"tiles":[{"x":3.5,"y":-8.5},{"x":5,"y":-8.5},{"x":6,"y":-8.5},{"x":7.5,"y":-8.5},{"x":4,"y":-7.5},{"x":7,"y":-7.5},{"x":5,"y":-7},{"x":6,"y":-7},{"x":3,"y":-6.5},{"x":8,"y":-6.5},{"x":5,"y":-6},{"x":6,"y":-6},{"x":3.5,"y":-5},{"x":5,"y":-5},{"x":6,"y":-5},{"x":7.5,"y":-5},{"x":3.5,"y":-4},{"x":4.5,"y":-4},{"x":6.5,"y":-4},{"x":7.5,"y":-4},{"x":4.5,"y":-3},{"x":6.5,"y":-3},{"x":3.5,"y":-2.5},{"x":7.5,"y":-2.5},{"x":5,"y":-2},{"x":6,"y":-2},{"x":3,"y":-1.5},{"x":8,"y":-1.5}]},{"index":3,"tiles":[{"x":3.5,"y":-8.5},{"x":5,"y":-8.5},{"x":6,"y":-8.5},{"x":7.5,"y":-8.5},{"x":4,"y":-7.5},{"x":7,"y":-7.5},{"x":5,"y":-7},{"x":6,"y":-7},{"x":3,"y":-6.5},{"x":8,"y":-6.5},{"x":5,"y":-6},{"x":6,"y":-6},{"x":3.5,"y":-5},{"x":5,"y":-5},{"x":6,"y":-5},{"x":7.5,"y":-5},{"x":3.5,"y":-4},{"x":4.5,"y":-4},{"x":6.5,"y":-4},{"x":7.5,"y":-4},{"x":4.5,"y":-3},{"x":6.5,"y":-3},{"x":3.5,"y":-2.5},{"x":7.5,"y":-2.5},{"x":5,"y":-2},{"x":6,"y":-2},{"x":3,"y":-1.5},{"x":8,"y":-1.5}]}],"seeds":["QTh5ShYNoSgyhceBiviBBGF826SeFENiodcFxeSADQZ6GrN1jYEcJrhUioYuzoVQYZKKUuApl/dATCVGwlgeVsdx4BeK3dAJSTBZkCh9IhdmHcc9"]},{"layers":[{"index":0,"tiles":[{"x":2.5,"y":-8.5},{"x":8.5,"y":-8.5},{"x":2.5,"y":-7.5},{"x":4,"y":-7.5},{"x":7,"y":-7.5},{"x":8.5,"y":-7.5},{"x":3,"y":-6.5},{"x":5,"y":-6.5},{"x":6,"y":-6.5},{"x":8,"y":-6.5},{"x":3,"y":-5.5},{"x":5,"y":-5.5},{"x":6,"y":-5.5},{"x":8,"y":-5.5},{"x":3,"y":-4.5},{"x":5,"y":-4.5},{"x":6,"y":-4.5},{"x":8,"y":-4.5},{"x":3,"y":-3.5},{"x":5,"y":-3.5},{"x":6,"y":-3.5},{"x":8,"y":-3.5},{"x":2.5,"y":-2.5},{"x":4,"y":-2.5},{"x":7,"y":-2.5},{"x":8.5,"y":-2.5},{"x":2.5,"y":-1.5},{"x":8.5,"y":-1.5}]},{"index":1,"tiles":[{"x":2.5,"y":-8.5},{"x":8.5,"y":-8.5},{"x":2.5,"y":-7.5},{"x":4,"y":-7.5},{"x":7,"y":-7.5},{"x":8.5,"y":-7.5},{"x":3,"y":-6.5},{"x":5,"y":-6.5},{"x":6,"y":-6.5},{"x":8,"y":-6.5},{"x":3,"y":-5.5},{"x":5,"y":-5.5},{"x":6,"y":-5.5},{"x":8,"y":-5.5},{"x":3,"y":-4.5},{"x":5,"y":-4.5},{"x":6,"y":-4.5},{"x":8,"y":-4.5},{"x":3,"y":-3.5},{"x":5,"y":-3.5},{"x":6,"y":-3.5},{"x":8,"y":-3.5},{"x":2.5,"y":-2.5},{"x":4,"y":-2.5},{"x":7,"y":-2.5},{"x":8.5,"y":-2.5},{"x":2.5,"y":-1.5},{"x":8.5,"y":-1.5}]},{"index":2,"tiles":[{"x":2.5,"y":-8.5},{"x":8.5,"y":-8.5},{"x":2.5,"y":-7.5},{"x":4,"y":-7.5},{"x":7,"y":-7.5},{"x":8.5,"y":-7.5},{"x":3,"y":-6.5},{"x":5,"y":-6.5},{"x":6,"y":-6.5},{"x":8,"y":-6.5},{"x":3,"y":-5.5},{"x":5,"y":-5.5},{"x":6,"y":-5.5},{"x":8,"y":-5.5},{"x":3,"y":-4.5},{"x":5,"y":-4.5},{"x":6,"y":-4.5},{"x":8,"y":-4.5},{"x":3,"y":-3.5},{"x":5,"y":-3.5},{"x":6,"y":-3.5},{"x":8,"y":-3.5},{"x":2.5,"y":-2.5},{"x":4,"y":-2.5},{"x":7,"y":-2.5},{"x":8.5,"y":-2.5},{"x":2.5,"y":-1.5},{"x":8.5,"y":-1.5}]},{"index":3,"tiles":[{"x":2.5,"y":-8.5},{"x":8.5,"y":-8.5},{"x":2.5,"y":-7.5},{"x":4,"y":-7.5},{"x":7,"y":-7.5},{"x":8.5,"y":-7.5},{"x":3,"y":-6.5},{"x":5,"y":-6.5},{"x":6,"y":-6.5},{"x":8,"y":-6.5},{"x":3,"y":-5.5},{"x":5,"y":-5.5},{"x":6,"y":-5.5},{"x":8,"y":-5.5},{"x":3,"y":-4.5},{"x":5,"y":-4.5},{"x":6,"y":-4.5},{"x":8,"y":-4.5},{"x":3,"y":-3.5},{"x":5,"y":-3.5},{"x":6,"y":-3.5},{"x":8,"y":-3.5},{"x":2.5,"y":-2.5},{"x":4,"y":-2.5},{"x":7,"y":-2.5},{"x":8.5,"y":-2.5},{"x":2.5,"y":-1.5},{"x":8.5,"y":-1.5}]}],"seeds":["oSeYXdhB1IA9xQROaTkQVvWBZ+d5oiUqXkApXcQRjShBybMgobN9mhYl27dw4UcWEHgdHKNyV3ZAYUZxFQZenPQ5xhgaV8CFTMh9lICGHAeCYYOI"]},{"layers":[{"index":0,"tiles":[{"x":5,"y":-8.5},{"x":6,"y":-8.5},{"x":2.5,"y":-7.5},{"x":5,"y":-7.5},{"x":6,"y":-7.5},{"x":8.5,"y":-7.5},{"x":3.5,"y":-6.5},{"x":5,"y":-6.5},{"x":6,"y":-6.5},{"x":7.5,"y":-6.5},{"x":2.5,"y":-5.5},{"x":4.5,"y":-5.5},{"x":6.5,"y":-5.5},{"x":8.5,"y":-5.5},{"x":2.5,"y":-4.5},{"x":4.5,"y":-4.5},{"x":6.5,"y":-4.5},{"x":8.5,"y":-4.5},{"x":3.5,"y":-3.5},{"x":5,"y":-3.5},{"x":6,"y":-3.5},{"x":7.5,"y":-3.5},{"x":2.5,"y":-2.5},{"x":5,"y":-2.5},{"x":6,"y":-2.5},{"x":8.5,"y":-2.5},{"x":5,"y":-1.5},{"x":6,"y":-1.5}]},{"index":1,"tiles":[{"x":5,"y":-8.5},{"x":6,"y":-8.5},{"x":2.5,"y":-7.5},{"x":5,"y":-7.5},{"x":6,"y":-7.5},{"x":8.5,"y":-7.5},{"x":3.5,"y":-6.5},{"x":5,"y":-6.5},{"x":6,"y":-6.5},{"x":7.5,"y":-6.5},{"x":2.5,"y":-5.5},{"x":4.5,"y":-5.5},{"x":6.5,"y":-5.5},{"x":8.5,"y":-5.5},{"x":2.5,"y":-4.5},{"x":4.5,"y":-4.5},{"x":6.5,"y":-4.5},{"x":8.5,"y":-4.5},{"x":3.5,"y":-3.5},{"x":5,"y":-3.5},{"x":6,"y":-3.5},{"x":7.5,"y":-3.5},{"x":2.5,"y":-2.5},{"x":5,"y":-2.5},{"x":6,"y":-2.5},{"x":8.5,"y":-2.5},{"x":5,"y":-1.5},{"x":6,"y":-1.5}]},{"index":2,"tiles":[{"x":5,"y":-8.5},{"x":6,"y":-8.5},{"x":2.5,"y":-7.5},{"x":5,"y":-7.5},{"x":6,"y":-7.5},{"x":8.5,"y":-7.5},{"x":3.5,"y":-6.5},{"x":5,"y":-6.5},{"x":6,"y":-6.5},{"x":7.5,"y":-6.5},{"x":2.5,"y":-5.5},{"x":4.5,"y":-5.5},{"x":6.5,"y":-5.5},{"x":8.5,"y":-5.5},{"x":2.5,"y":-4.5},{"x":4.5,"y":-4.5},{"x":6.5,"y":-4.5},{"x":8.5,"y":-4.5},{"x":3.5,"y":-3.5},{"x":5,"y":-3.5},{"x":6,"y":-3.5},{"x":7.5,"y":-3.5},{"x":2.5,"y":-2.5},{"x":5,"y":-2.5},{"x":6,"y":-2.5},{"x":8.5,"y":-2.5},{"x":5,"y":-1.5},{"x":6,"y":-1.5}]},{"index":3,"tiles":[{"x":5,"y":-8.5},{"x":6,"y":-8.5},{"x":2.5,"y":-7.5},{"x":5,"y":-7.5},{"x":6,"y":-7.5},{"x":8.5,"y":-7.5},{"x":3.5,"y":-6.5},{"x":5,"y":-6.5},{"x":6,"y":-6.5},{"x":7.5,"y":-6.5},{"x":2.5,"y":-5.5},{"x":4.5,"y":-5.5},{"x":6.5,"y":-5.5},{"x":8.5,"y":-5.5},{"x":2.5,"y":-4.5},{"x":4.5,"y":-4.5},{"x":6.5,"y":-4.5},{"x":8.5,"y":-4.5},{"x":3.5,"y":-3.5},{"x":5,"y":-3.5},{"x":6,"y":-3.5},{"x":7.5,"y":-3.5},{"x":2.5,"y":-2.5},{"x":5,"y":-2.5},{"x":6,"y":-2.5},{"x":8.5,"y":-2.5},{"x":5,"y":-1.5},{"x":6,"y":-1.5}]}],"seeds":["V6JUoWcN3BAUVSB2VxR6WbZ81Bd1oORQHnMeUwB5ILJwpTRuShFozcaBCKEIIdZ1YgCGHyQGDRh+ZPKk2DQdIicSmsKJ6NNNFmgETqCGQscZgsCY"]},{"layers":[{"index":0,"tiles":[{"x":3,"y":-8.5},{"x":4,"y":-8.5},{"x":5,"y":-8.5},{"x":6,"y":-8.5},{"x":7,"y":-8.5},{"x":8,"y":-8.5},{"x":3.5,"y":-7.5},{"x":5,"y":-7.5},{"x":6,"y":-7.5},{"x":7.5,"y":-7.5},{"x":3,"y":-6.5},{"x":8,"y":-6.5},{"x":3,"y":-5.5},{"x":4.5,"y":-5.5},{"x":6.5,"y":-5.5},{"x":8,"y":-5.5},{"x":3.5,"y":-4.5},{"x":7.5,"y":-4.5},{"x":5,"y":-4},{"x":6,"y":-4},{"x":3.5,"y":-3.5},{"x":7.5,"y":-3.5},{"x":4.5,"y":-3},{"x":6.5,"y":-3},{"x":3,"y":-2.5},{"x":8,"y":-2.5},{"x":4,"y":-2},{"x":5,"y":-2},{"x":6,"y":-2},{"x":7,"y":-2},{"x":3,"y":-1.5},{"x":8,"y":-1.5}]},{"index":1,"tiles":[{"x":3,"y":-8.5},{"x":4,"y":-8.5},{"x":5,"y":-8.5},{"x":6,"y":-8.5},{"x":7,"y":-8.5},{"x":8,"y":-8.5},{"x":3.5,"y":-7.5},{"x":5,"y":-7.5},{"x":6,"y":-7.5},{"x":7.5,"y":-7.5},{"x":3,"y":-6.5},{"x":8,"y":-6.5},{"x":3,"y":-5.5},{"x":4.5,"y":-5.5},{"x":6.5,"y":-5.5},{"x":8,"y":-5.5},{"x":3.5,"y":-4.5},{"x":7.5,"y":-4.5},{"x":5,"y":-4},{"x":6,"y":-4},{"x":3.5,"y":-3.5},{"x":7.5,"y":-3.5},{"x":4.5,"y":-3},{"x":6.5,"y":-3},{"x":3,"y":-2.5},{"x":8,"y":-2.5},{"x":4,"y":-2},{"x":5,"y":-2},{"x":6,"y":-2},{"x":7,"y":-2},{"x":3,"y":-1.5},{"x":8,"y":-1.5}]},{"index":2,"tiles":[{"x":3,"y":-8.5},{"x":4,"y":-8.5},{"x":5,"y":-8.5},{"x":6,"y":-8.5},{"x":7,"y":-8.5},{"x":8,"y":-8.5},{"x":3.5,"y":-7.5},{"x":5,"y":-7.5},{"x":6,"y":-7.5},{"x":7.5,"y":-7.5},{"x":3,"y":-6.5},{"x":8,"y":-6.5},{"x":3,"y":-5.5},{"x":4.5,"y":-5.5},{"x":6.5,"y":-5.5},{"x":8,"y":-5.5},{"x":3.5,"y":-4.5},{"x":7.5,"y":-4.5},{"x":5,"y":-4},{"x":6,"y":-4},{"x":3.5,"y":-3.5},{"x":7.5,"y":-3.5},{"x":4.5,"y":-3},{"x":6.5,"y":-3},{"x":3,"y":-2.5},{"x":8,"y":-2.5},{"x":4,"y":-2},{"x":5,"y":-2},{"x":6,"y":-2},{"x":7,"y":-2},{"x":3,"y":-1.5},{"x":8,"y":-1.5}]},{"index":3,"tiles":[{"x":3,"y":-8.5},{"x":4,"y":-8.5},{"x":5,"y":-8.5},{"x":6,"y":-8.5},{"x":7,"y":-8.5},{"x":8,"y":-8.5},{"x":3.5,"y":-7.5},{"x":5,"y":-7.5},{"x":6,"y":-7.5},{"x":7.5,"y":-7.5},{"x":3,"y":-6.5},{"x":8,"y":-6.5},{"x":3,"y":-5.5},{"x":4.5,"y":-5.5},{"x":6.5,"y":-5.5},{"x":8,"y":-5.5},{"x":3.5,"y":-4.5},{"x":7.5,"y":-4.5},{"x":5,"y":-4},{"x":6,"y":-4},{"x":3.5,"y":-3.5},{"x":7.5,"y":-3.5},{"x":4.5,"y":-3},{"x":6.5,"y":-3},{"x":3,"y":-2.5},{"x":8,"y":-2.5},{"x":4,"y":-2},{"x":5,"y":-2},{"x":6,"y":-2},{"x":7,"y":-2},{"x":3,"y":-1.5},{"x":8,"y":-1.5}]}],"seeds":["yzR4i1dQCjgN0YFwmoFx4QAeEMOYVRh2WNN1VBV+4CVqHzR8oNIJy4IESeKFz8J4kvKJzMeNF8FZXic+QQcSkRVO4EKJnyEoIsidnBRWXhOKjlNNQlCQaJpt6hYIIFVm"]},{"layers":[{"index":0,"tiles":[{"x":5,"y":-8.5},{"x":6,"y":-8.5},{"x":2.5,"y":-8},{"x":3.5,"y":-8},{"x":7.5,"y":-8},{"x":8.5,"y":-8},{"x":2.5,"y":-7},{"x":4.5,"y":-7},{"x":6.5,"y":-7},{"x":8.5,"y":-7},{"x":3.5,"y":-6.5},{"x":7.5,"y":-6.5},{"x":5,"y":-6},{"x":6,"y":-6},{"x":2.5,"y":-5.5},{"x":8.5,"y":-5.5},{"x":4,"y":-5},{"x":5,"y":-5},{"x":6,"y":-5},{"x":7,"y":-5},{"x":2.5,"y":-4.5},{"x":8.5,"y":-4.5},{"x":5,"y":-4},{"x":6,"y":-4},{"x":3,"y":-3.5},{"x":4,"y":-3.5},{"x":7,"y":-3.5},{"x":8,"y":-3.5},{"x":2.5,"y":-2.5},{"x":8.5,"y":-2.5},{"x":2.5,"y":-1.5},{"x":8.5,"y":-1.5}]},{"index":1,"tiles":[{"x":5,"y":-8.5},{"x":6,"y":-8.5},{"x":3.5,"y":-8},{"x":7.5,"y":-8},{"x":2.5,"y":-7.5},{"x":8.5,"y":-7.5},{"x":4.5,"y":-7},{"x":6.5,"y":-7},{"x":3.5,"y":-6.5},{"x":7.5,"y":-6.5},{"x":5,"y":-6},{"x":6,"y":-6},{"x":2.5,"y":-5.5},{"x":8.5,"y":-5.5},{"x":4,"y":-5},{"x":5,"y":-5},{"x":6,"y":-5},{"x":7,"y":-5},{"x":2.5,"y":-4.5},{"x":8.5,"y":-4.5},{"x":5,"y":-4},{"x":6,"y":-4},{"x":3,"y":-3.5},{"x":4,"y":-3.5},{"x":7,"y":-3.5},{"x":8,"y":-3.5},{"x":2.5,"y":-2.5},{"x":8.5,"y":-2.5},{"x":2.5,"y":-1.5},{"x":8.5,"y":-1.5}]},{"index":2,"tiles":[{"x":5,"y":-8.5},{"x":6,"y":-8.5},{"x":3.5,"y":-8},{"x":7.5,"y":-8},{"x":2.5,"y":-7.5},{"x":8.5,"y":-7.5},{"x":4.5,"y":-7},{"x":6.5,"y":-7},{"x":3.5,"y":-6.5},{"x":7.5,"y":-6.5},{"x":5,"y":-6},{"x":6,"y":-6},{"x":2.5,"y":-5.5},{"x":8.5,"y":-5.5},{"x":4,"y":-5},{"x":5,"y":-5},{"x":6,"y":-5},{"x":7,"y":-5},{"x":2.5,"y":-4.5},{"x":8.5,"y":-4.5},{"x":5,"y":-4},{"x":6,"y":-4},{"x":3,"y":-3.5},{"x":4,"y":-3.5},{"x":7,"y":-3.5},{"x":8,"y":-3.5},{"x":2.5,"y":-2.5},{"x":8.5,"y":-2.5},{"x":2.5,"y":-1.5},{"x":8.5,"y":-1.5}]},{"index":3,"tiles":[{"x":5,"y":-8.5},{"x":6,"y":-8.5},{"x":3.5,"y":-8},{"x":7.5,"y":-8},{"x":2.5,"y":-7.5},{"x":8.5,"y":-7.5},{"x":4.5,"y":-7},{"x":6.5,"y":-7},{"x":3.5,"y":-6.5},{"x":7.5,"y":-6.5},{"x":5,"y":-6},{"x":6,"y":-6},{"x":2.5,"y":-5.5},{"x":8.5,"y":-5.5},{"x":4,"y":-5},{"x":5,"y":-5},{"x":6,"y":-5},{"x":7,"y":-5},{"x":2.5,"y":-4.5},{"x":8.5,"y":-4.5},{"x":5,"y":-4},{"x":6,"y":-4},{"x":3,"y":-3.5},{"x":4,"y":-3.5},{"x":7,"y":-3.5},{"x":8,"y":-3.5},{"x":2.5,"y":-2.5},{"x":8.5,"y":-2.5},{"x":2.5,"y":-1.5},{"x":8.5,"y":-1.5}]}],"seeds":["BiM+QymOoCBkihdSTTeImMJ02GKECjhQmVMcyicRoeoUwYSIkgcGILc8ZnKIHuEFH8R1guI9SZeCFZJdIrdlihgIDfl53Ikqw+OFUXh9YRBwoFJZ2qRZmydCXAQA"]},{"layers":[{"index":0,"tiles":[{"x":2.5,"y":-8.5},{"x":4.5,"y":-8.5},{"x":6.5,"y":-8.5},{"x":8.5,"y":-8.5},{"x":2.5,"y":-7.5},{"x":3.5,"y":-7.5},{"x":5,"y":-7.5},{"x":6,"y":-7.5},{"x":7.5,"y":-7.5},{"x":8.5,"y":-7.5},{"x":3,"y":-6.5},{"x":4,"y":-6.5},{"x":7,"y":-6.5},{"x":8,"y":-6.5},{"x":2.5,"y":-5.5},{"x":3.5,"y":-5.5},{"x":7.5,"y":-5.5},{"x":8.5,"y":-5.5},{"x":2.5,"y":-4.5},{"x":3.5,"y":-4.5},{"x":7.5,"y":-4.5},{"x":8.5,"y":-4.5},{"x":3,"y":-3.5},{"x":4,"y":-3.5},{"x":7,"y":-3.5},{"x":8,"y":-3.5},{"x":2.5,"y":-2.5},{"x":3.5,"y":-2.5},{"x":5,"y":-2.5},{"x":6,"y":-2.5},{"x":7.5,"y":-2.5},{"x":8.5,"y":-2.5},{"x":2.5,"y":-1.5},{"x":4.5,"y":-1.5},{"x":6.5,"y":-1.5},{"x":8.5,"y":-1.5}]},{"index":1,"tiles":[{"x":4.5,"y":-8.5},{"x":6.5,"y":-8.5},{"x":2.5,"y":-8},{"x":8.5,"y":-8},{"x":3.5,"y":-7.5},{"x":5,"y":-7.5},{"x":6,"y":-7.5},{"x":7.5,"y":-7.5},{"x":3,"y":-6.5},{"x":4,"y":-6.5},{"x":7,"y":-6.5},{"x":8,"y":-6.5},{"x":2.5,"y":-5.5},{"x":3.5,"y":-5.5},{"x":7.5,"y":-5.5},{"x":8.5,"y":-5.5},{"x":2.5,"y":-4.5},{"x":3.5,"y":-4.5},{"x":7.5,"y":-4.5},{"x":8.5,"y":-4.5},{"x":3,"y":-3.5},{"x":4,"y":-3.5},{"x":7,"y":-3.5},{"x":8,"y":-3.5},{"x":3.5,"y":-2.5},{"x":5,"y":-2.5},{"x":6,"y":-2.5},{"x":7.5,"y":-2.5},{"x":2.5,"y":-2},{"x":8.5,"y":-2},{"x":4.5,"y":-1.5},{"x":6.5,"y":-1.5}]},{"index":2,"tiles":[{"x":4.5,"y":-8.5},{"x":6.5,"y":-8.5},{"x":2.5,"y":-8},{"x":8.5,"y":-8},{"x":3.5,"y":-7.5},{"x":5,"y":-7.5},{"x":6,"y":-7.5},{"x":7.5,"y":-7.5},{"x":3,"y":-6.5},{"x":4,"y":-6.5},{"x":7,"y":-6.5},{"x":8,"y":-6.5},{"x":2.5,"y":-5.5},{"x":3.5,"y":-5.5},{"x":7.5,"y":-5.5},{"x":8.5,"y":-5.5},{"x":2.5,"y":-4.5},{"x":3.5,"y":-4.5},{"x":7.5,"y":-4.5},{"x":8.5,"y":-4.5},{"x":3,"y":-3.5},{"x":4,"y":-3.5},{"x":7,"y":-3.5},{"x":8,"y":-3.5},{"x":3.5,"y":-2.5},{"x":5,"y":-2.5},{"x":6,"y":-2.5},{"x":7.5,"y":-2.5},{"x":2.5,"y":-2},{"x":8.5,"y":-2},{"x":4.5,"y":-1.5},{"x":6.5,"y":-1.5}]},{"index":3,"tiles":[{"x":4.5,"y":-8.5},{"x":6.5,"y":-8.5},{"x":2.5,"y":-8},{"x":8.5,"y":-8},{"x":3.5,"y":-7.5},{"x":5,"y":-7.5},{"x":6,"y":-7.5},{"x":7.5,"y":-7.5},{"x":3,"y":-6.5},{"x":4,"y":-6.5},{"x":7,"y":-6.5},{"x":8,"y":-6.5},{"x":3,"y":-3.5},{"x":4,"y":-3.5},{"x":7,"y":-3.5},{"x":8,"y":-3.5},{"x":3.5,"y":-2.5},{"x":5,"y":-2.5},{"x":6,"y":-2.5},{"x":7.5,"y":-2.5},{"x":2.5,"y":-2},{"x":8.5,"y":-2},{"x":4.5,"y":-1.5},{"x":6.5,"y":-1.5}]}],"seeds":["SWAVE9GFIdZxI7IdYjB1UDUEYCF5oUidA6Q81IUtjRh5Weh13YCkYOkZH6OpTyRIhlcUX1NFAyp9CeFcWfdZIucsYTiJgcB1hzdJIrlpASeKHDNNE6h0HBiAkwlG"]},{"layers":[{"index":0,"tiles":[{"x":5,"y":-9},{"x":6,"y":-9},{"x":2,"y":-8.5},{"x":9,"y":-8.5},{"x":3,"y":-8},{"x":4.5,"y":-8},{"x":6.5,"y":-8},{"x":8,"y":-8},{"x":2,"y":-7.5},{"x":9,"y":-7.5},{"x":4.5,"y":-7},{"x":6.5,"y":-7},{"x":2,"y":-6.5},{"x":3,"y":-6.5},{"x":8,"y":-6.5},{"x":9,"y":-6.5},{"x":4,"y":-6},{"x":7,"y":-6},{"x":3,"y":-5.5},{"x":8,"y":-5.5},{"x":3,"y":-4.5},{"x":8,"y":-4.5},{"x":4,"y":-4},{"x":7,"y":-4},{"x":2,"y":-3.5},{"x":3,"y":-3.5},{"x":8,"y":-3.5},{"x":9,"y":-3.5},{"x":4.5,"y":-3},{"x":6.5,"y":-3},{"x":2,"y":-2.5},{"x":9,"y":-2.5},{"x":3,"y":-2},{"x":4.5,"y":-2},{"x":6.5,"y":-2},{"x":8,"y":-2},{"x":2,"y":-1.5},{"x":9,"y":-1.5},{"x":5,"y":-1},{"x":6,"y":-1}]},{"index":1,"tiles":[{"x":5,"y":-9},{"x":6,"y":-9},{"x":2,"y":-8.5},{"x":9,"y":-8.5},{"x":3,"y":-8},{"x":4.5,"y":-8},{"x":6.5,"y":-8},{"x":8,"y":-8},{"x":2,"y":-7.5},{"x":9,"y":-7.5},{"x":4.5,"y":-7},{"x":6.5,"y":-7},{"x":2,"y":-6.5},{"x":3,"y":-6.5},{"x":8,"y":-6.5},{"x":9,"y":-6.5},{"x":4,"y":-6},{"x":7,"y":-6},{"x":3,"y":-5.5},{"x":8,"y":-5.5},{"x":3,"y":-4.5},{"x":8,"y":-4.5},{"x":4,"y":-4},{"x":7,"y":-4},{"x":2,"y":-3.5},{"x":3,"y":-3.5},{"x":8,"y":-3.5},{"x":9,"y":-3.5},{"x":4.5,"y":-3},{"x":6.5,"y":-3},{"x":2,"y":-2.5},{"x":9,"y":-2.5},{"x":3,"y":-2},{"x":4.5,"y":-2},{"x":6.5,"y":-2},{"x":8,"y":-2},{"x":2,"y":-1.5},{"x":9,"y":-1.5},{"x":5,"y":-1},{"x":6,"y":-1}]},{"index":2,"tiles":[{"x":5,"y":-9},{"x":6,"y":-9},{"x":2,"y":-8.5},{"x":9,"y":-8.5},{"x":3,"y":-8},{"x":4.5,"y":-8},{"x":6.5,"y":-8},{"x":8,"y":-8},{"x":2,"y":-7.5},{"x":9,"y":-7.5},{"x":4.5,"y":-7},{"x":6.5,"y":-7},{"x":2,"y":-6.5},{"x":3,"y":-6.5},{"x":8,"y":-6.5},{"x":9,"y":-6.5},{"x":4,"y":-6},{"x":7,"y":-6},{"x":3,"y":-5.5},{"x":8,"y":-5.5},{"x":3,"y":-4.5},{"x":8,"y":-4.5},{"x":4,"y":-4},{"x":7,"y":-4},{"x":2,"y":-3.5},{"x":3,"y":-3.5},{"x":8,"y":-3.5},{"x":9,"y":-3.5},{"x":4.5,"y":-3},{"x":6.5,"y":-3},{"x":2,"y":-2.5},{"x":9,"y":-2.5},{"x":3,"y":-2},{"x":4.5,"y":-2},{"x":6.5,"y":-2},{"x":8,"y":-2},{"x":2,"y":-1.5},{"x":9,"y":-1.5},{"x":5,"y":-1},{"x":6,"y":-1}]}],"seeds":["SxgF4GQFShdmogCBD4JtnRZyV+dw5hVEmzYcGNUoJeeBncIZacUwi8h5SsFNoVdkhvqJE9qFoweCX4gMAxWK4gIKH+kl1CNZh/NRgjhUUwcSiyA1QQKFxOmB"]},{"layers":[{"index":0,"tiles":[{"x":5,"y":-9},{"x":6,"y":-9},{"x":2,"y":-8.5},{"x":9,"y":-8.5},{"x":3.5,"y":-8},{"x":4.5,"y":-8},{"x":6.5,"y":-8},{"x":7.5,"y":-8},{"x":2.5,"y":-7.5},{"x":8.5,"y":-7.5},{"x":2,"y":-6.5},{"x":5.5,"y":-6.5},{"x":9,"y":-6.5},{"x":3,"y":-6},{"x":8,"y":-6},{"x":2,"y":-5.5},{"x":4,"y":-5.5},{"x":5,"y":-5.5},{"x":6,"y":-5.5},{"x":7,"y":-5.5},{"x":9,"y":-5.5},{"x":2,"y":-4.5},{"x":4,"y":-4.5},{"x":5,"y":-4.5},{"x":6,"y":-4.5},{"x":7,"y":-4.5},{"x":9,"y":-4.5},{"x":3,"y":-4},{"x":8,"y":-4},{"x":2,"y":-3.5},{"x":5.5,"y":-3.5},{"x":9,"y":-3.5},{"x":2.5,"y":-2.5},{"x":8.5,"y":-2.5},{"x":3.5,"y":-2},{"x":4.5,"y":-2},{"x":6.5,"y":-2},{"x":7.5,"y":-2},{"x":2,"y":-1.5},{"x":9,"y":-1.5},{"x":5,"y":-1},{"x":6,"y":-1}]},{"index":1,"tiles":[{"x":5,"y":-9},{"x":6,"y":-9},{"x":2,"y":-8.5},{"x":9,"y":-8.5},{"x":3.5,"y":-8},{"x":4.5,"y":-8},{"x":6.5,"y":-8},{"x":7.5,"y":-8},{"x":2.5,"y":-7.5},{"x":8.5,"y":-7.5},{"x":2,"y":-6.5},{"x":5.5,"y":-6.5},{"x":9,"y":-6.5},{"x":3,"y":-6},{"x":8,"y":-6},{"x":2,"y":-5.5},{"x":4,"y":-5.5},{"x":5,"y":-5.5},{"x":6,"y":-5.5},{"x":7,"y":-5.5},{"x":9,"y":-5.5},{"x":2,"y":-4.5},{"x":4,"y":-4.5},{"x":5,"y":-4.5},{"x":6,"y":-4.5},{"x":7,"y":-4.5},{"x":9,"y":-4.5},{"x":3,"y":-4},{"x":8,"y":-4},{"x":2,"y":-3.5},{"x":5.5,"y":-3.5},{"x":9,"y":-3.5},{"x":2.5,"y":-2.5},{"x":8.5,"y":-2.5},{"x":3.5,"y":-2},{"x":4.5,"y":-2},{"x":6.5,"y":-2},{"x":7.5,"y":-2},{"x":2,"y":-1.5},{"x":9,"y":-1.5},{"x":5,"y":-1},{"x":6,"y":-1}]},{"index":2,"tiles":[{"x":5,"y":-9},{"x":6,"y":-9},{"x":2,"y":-8.5},{"x":9,"y":-8.5},{"x":3.5,"y":-8},{"x":4.5,"y":-8},{"x":6.5,"y":-8},{"x":7.5,"y":-8},{"x":2.5,"y":-7.5},{"x":8.5,"y":-7.5},{"x":2,"y":-6.5},{"x":5.5,"y":-6.5},{"x":9,"y":-6.5},{"x":3,"y":-6},{"x":8,"y":-6},{"x":2,"y":-5.5},{"x":4,"y":-5.5},{"x":5,"y":-5.5},{"x":6,"y":-5.5},{"x":7,"y":-5.5},{"x":9,"y":-5.5},{"x":2,"y":-4.5},{"x":4,"y":-4.5},{"x":5,"y":-4.5},{"x":6,"y":-4.5},{"x":7,"y":-4.5},{"x":9,"y":-4.5},{"x":3,"y":-4},{"x":8,"y":-4},{"x":2,"y":-3.5},{"x":5.5,"y":-3.5},{"x":9,"y":-3.5},{"x":2.5,"y":-2.5},{"x":8.5,"y":-2.5},{"x":3.5,"y":-2},{"x":4.5,"y":-2},{"x":6.5,"y":-2},{"x":7.5,"y":-2},{"x":2,"y":-1.5},{"x":9,"y":-1.5},{"x":5,"y":-1},{"x":6,"y":-1}]}],"seeds":["wrNtomh1Hid6n0Zxk+pARDaVHnaGzGBMXXNAXHANzqJo0SQ8gZGFA/ZlItSJlgRWRyh6YxB84beAINOZ3PBdXlFBSHFxIAiKGUIoSuiFaRd9H/pRIqeIZCISF9ElUgMA"]},{"layers":[{"index":0,"tiles":[{"x":3.5,"y":-9},{"x":7.5,"y":-9},{"x":2.5,"y":-8},{"x":5,"y":-8},{"x":6,"y":-8},{"x":8.5,"y":-8},{"x":3.5,"y":-7.5},{"x":7.5,"y":-7.5},{"x":5,"y":-7},{"x":6,"y":-7},{"x":2,"y":-6.5},{"x":3.5,"y":-6.5},{"x":7.5,"y":-6.5},{"x":9,"y":-6.5},{"x":4.5,"y":-6},{"x":6.5,"y":-6},{"x":2,"y":-5.5},{"x":9,"y":-5.5},{"x":4.5,"y":-5},{"x":6.5,"y":-5},{"x":2.5,"y":-4.5},{"x":8.5,"y":-4.5},{"x":3.5,"y":-4},{"x":5,"y":-4},{"x":6,"y":-4},{"x":7.5,"y":-4},{"x":5,"y":-3},{"x":6,"y":-3},{"x":4,"y":-2},{"x":7,"y":-2},{"x":4,"y":-1},{"x":7,"y":-1}]},{"index":1,"tiles":[{"x":3.5,"y":-9},{"x":7.5,"y":-9},{"x":2.5,"y":-8},{"x":5,"y":-8},{"x":6,"y":-8},{"x":8.5,"y":-8},{"x":3.5,"y":-7.5},{"x":7.5,"y":-7.5},{"x":5,"y":-7},{"x":6,"y":-7},{"x":2,"y":-6.5},{"x":3.5,"y":-6.5},{"x":7.5,"y":-6.5},{"x":9,"y":-6.5},{"x":4.5,"y":-6},{"x":6.5,"y":-6},{"x":2,"y":-5.5},{"x":9,"y":-5.5},{"x":4.5,"y":-5},{"x":6.5,"y":-5},{"x":2.5,"y":-4.5},{"x":8.5,"y":-4.5},{"x":3.5,"y":-4},{"x":5,"y":-4},{"x":6,"y":-4},{"x":7.5,"y":-4},{"x":5,"y":-3},{"x":6,"y":-3},{"x":4,"y":-2},{"x":7,"y":-2},{"x":4,"y":-1},{"x":7,"y":-1}]},{"index":2,"tiles":[{"x":3.5,"y":-9},{"x":7.5,"y":-9},{"x":2.5,"y":-8},{"x":5,"y":-8},{"x":6,"y":-8},{"x":8.5,"y":-8},{"x":3.5,"y":-7.5},{"x":7.5,"y":-7.5},{"x":5,"y":-7},{"x":6,"y":-7},{"x":2,"y":-6.5},{"x":3.5,"y":-6.5},{"x":7.5,"y":-6.5},{"x":9,"y":-6.5},{"x":4.5,"y":-6},{"x":6.5,"y":-6},{"x":2,"y":-5.5},{"x":9,"y":-5.5},{"x":4.5,"y":-5},{"x":6.5,"y":-5},{"x":2.5,"y":-4.5},{"x":8.5,"y":-4.5},{"x":3.5,"y":-4},{"x":5,"y":-4},{"x":6,"y":-4},{"x":7.5,"y":-4},{"x":5,"y":-3},{"x":6,"y":-3},{"x":4,"y":-2},{"x":7,"y":-2},{"x":4,"y":-1},{"x":7,"y":-1}]},{"index":3,"tiles":[{"x":3.5,"y":-9},{"x":7.5,"y":-9},{"x":2.5,"y":-8},{"x":5,"y":-8},{"x":6,"y":-8},{"x":8.5,"y":-8},{"x":3.5,"y":-7.5},{"x":7.5,"y":-7.5},{"x":5,"y":-7},{"x":6,"y":-7},{"x":2,"y":-6.5},{"x":3.5,"y":-6.5},{"x":7.5,"y":-6.5},{"x":9,"y":-6.5},{"x":4.5,"y":-6},{"x":6.5,"y":-6},{"x":2,"y":-5.5},{"x":9,"y":-5.5},{"x":4.5,"y":-5},{"x":6.5,"y":-5},{"x":2.5,"y":-4.5},{"x":8.5,"y":-4.5},{"x":3.5,"y":-4},{"x":5,"y":-4},{"x":6,"y":-4},{"x":7.5,"y":-4},{"x":5,"y":-3},{"x":6,"y":-3},{"x":4,"y":-2},{"x":7,"y":-2},{"x":4,"y":-1},{"x":7,"y":-1}]}],"seeds":["S7CFXjg8nXJxDRdmI8ddQQQVXMMpm1BFCiFyywQaYIhZRndKlSgc4CeGZQheiDVAF+h1SYhpIqcpalaIJkh81JRaU2hNlph4yNcFShAdg0ORjmQNDKOI4RN9oed5ndih"]},{"layers":[{"index":0,"tiles":[{"x":4,"y":-9},{"x":5,"y":-9},{"x":6,"y":-9},{"x":7,"y":-9},{"x":3,"y":-8.5},{"x":8,"y":-8.5},{"x":4,"y":-7.5},{"x":5,"y":-7.5},{"x":6,"y":-7.5},{"x":7,"y":-7.5},{"x":2,"y":-7},{"x":3,"y":-7},{"x":8,"y":-7},{"x":9,"y":-7},{"x":5,"y":-6.5},{"x":6,"y":-6.5},{"x":5,"y":-5.5},{"x":6,"y":-5.5},{"x":5,"y":-4.5},{"x":6,"y":-4.5},{"x":5,"y":-3.5},{"x":6,"y":-3.5},{"x":2,"y":-3},{"x":3,"y":-3},{"x":8,"y":-3},{"x":9,"y":-3},{"x":4,"y":-2.5},{"x":5,"y":-2.5},{"x":6,"y":-2.5},{"x":7,"y":-2.5},{"x":3,"y":-1.5},{"x":8,"y":-1.5},{"x":4,"y":-1},{"x":5,"y":-1},{"x":6,"y":-1},{"x":7,"y":-1}]},{"index":1,"tiles":[{"x":4,"y":-9},{"x":5,"y":-9},{"x":6,"y":-9},{"x":7,"y":-9},{"x":3,"y":-8.5},{"x":8,"y":-8.5},{"x":4,"y":-7.5},{"x":5,"y":-7.5},{"x":6,"y":-7.5},{"x":7,"y":-7.5},{"x":2,"y":-7},{"x":3,"y":-7},{"x":8,"y":-7},{"x":9,"y":-7},{"x":5,"y":-6.5},{"x":6,"y":-6.5},{"x":5,"y":-5.5},{"x":6,"y":-5.5},{"x":5,"y":-4.5},{"x":6,"y":-4.5},{"x":5,"y":-3.5},{"x":6,"y":-3.5},{"x":2,"y":-3},{"x":3,"y":-3},{"x":8,"y":-3},{"x":9,"y":-3},{"x":4,"y":-2.5},{"x":5,"y":-2.5},{"x":6,"y":-2.5},{"x":7,"y":-2.5},{"x":3,"y":-1.5},{"x":8,"y":-1.5},{"x":4,"y":-1},{"x":5,"y":-1},{"x":6,"y":-1},{"x":7,"y":-1}]},{"index":2,"tiles":[{"x":4,"y":-9},{"x":5,"y":-9},{"x":6,"y":-9},{"x":7,"y":-9},{"x":3,"y":-8.5},{"x":8,"y":-8.5},{"x":4,"y":-7.5},{"x":5,"y":-7.5},{"x":6,"y":-7.5},{"x":7,"y":-7.5},{"x":2,"y":-7},{"x":3,"y":-7},{"x":8,"y":-7},{"x":9,"y":-7},{"x":5,"y":-6.5},{"x":6,"y":-6.5},{"x":5,"y":-5.5},{"x":6,"y":-5.5},{"x":5,"y":-4.5},{"x":6,"y":-4.5},{"x":5,"y":-3.5},{"x":6,"y":-3.5},{"x":2,"y":-3},{"x":3,"y":-3},{"x":8,"y":-3},{"x":9,"y":-3},{"x":4,"y":-2.5},{"x":5,"y":-2.5},{"x":6,"y":-2.5},{"x":7,"y":-2.5},{"x":3,"y":-1.5},{"x":8,"y":-1.5},{"x":4,"y":-1},{"x":5,"y":-1},{"x":6,"y":-1},{"x":7,"y":-1}]}],"seeds":["CidS4fkhoTUUiiF8kMNEX8OEoJdug3iIndQ5RdkFicApl5hM4IZyIvJ4izJNhtYcoNd9ajBZVGSCYKgRldhh0RMuowd2pMRxQXBFWcgRWFZB"]},{"layers":[{"index":0,"tiles":[{"x":2,"y":-9},{"x":3,"y":-9},{"x":5,"y":-9},{"x":6,"y":-9},{"x":8,"y":-9},{"x":9,"y":-9},{"x":4,"y":-8},{"x":5,"y":-8},{"x":6,"y":-8},{"x":7,"y":-8},{"x":2,"y":-7.5},{"x":9,"y":-7.5},{"x":3.5,"y":-7},{"x":4.5,"y":-7},{"x":6.5,"y":-7},{"x":7.5,"y":-7},{"x":2.5,"y":-6},{"x":3.5,"y":-6},{"x":5,"y":-6},{"x":6,"y":-6},{"x":7.5,"y":-6},{"x":8.5,"y":-6},{"x":2,"y":-5},{"x":4,"y":-5},{"x":5,"y":-5},{"x":6,"y":-5},{"x":7,"y":-5},{"x":9,"y":-5},{"x":2.5,"y":-4},{"x":3.5,"y":-4},{"x":5,"y":-4},{"x":6,"y":-4},{"x":7.5,"y":-4},{"x":8.5,"y":-4},{"x":3.5,"y":-3},{"x":4.5,"y":-3},{"x":6.5,"y":-3},{"x":7.5,"y":-3},{"x":2,"y":-2.5},{"x":9,"y":-2.5},{"x":4,"y":-2},{"x":5,"y":-2},{"x":6,"y":-2},{"x":7,"y":-2},{"x":2,"y":-1},{"x":3,"y":-1},{"x":5,"y":-1},{"x":6,"y":-1},{"x":8,"y":-1},{"x":9,"y":-1}]},{"index":1,"tiles":[{"x":2,"y":-9},{"x":3,"y":-9},{"x":5,"y":-9},{"x":6,"y":-9},{"x":8,"y":-9},{"x":9,"y":-9},{"x":4,"y":-8},{"x":5,"y":-8},{"x":6,"y":-8},{"x":7,"y":-8},{"x":2,"y":-7.5},{"x":9,"y":-7.5},{"x":3.5,"y":-7},{"x":4.5,"y":-7},{"x":6.5,"y":-7},{"x":7.5,"y":-7},{"x":2.5,"y":-6},{"x":3.5,"y":-6},{"x":5,"y":-6},{"x":6,"y":-6},{"x":7.5,"y":-6},{"x":8.5,"y":-6},{"x":2,"y":-5},{"x":4,"y":-5},{"x":5,"y":-5},{"x":6,"y":-5},{"x":7,"y":-5},{"x":9,"y":-5},{"x":2.5,"y":-4},{"x":3.5,"y":-4},{"x":5,"y":-4},{"x":6,"y":-4},{"x":7.5,"y":-4},{"x":8.5,"y":-4},{"x":3.5,"y":-3},{"x":4.5,"y":-3},{"x":6.5,"y":-3},{"x":7.5,"y":-3},{"x":2,"y":-2.5},{"x":9,"y":-2.5},{"x":4,"y":-2},{"x":5,"y":-2},{"x":6,"y":-2},{"x":7,"y":-2},{"x":2,"y":-1},{"x":3,"y":-1},{"x":5,"y":-1},{"x":6,"y":-1},{"x":8,"y":-1},{"x":9,"y":-1}]},{"index":2,"tiles":[{"x":2,"y":-9},{"x":3,"y":-9},{"x":8,"y":-9},{"x":9,"y":-9},{"x":2,"y":-7.5},{"x":9,"y":-7.5},{"x":2,"y":-2.5},{"x":9,"y":-2.5},{"x":2,"y":-1},{"x":3,"y":-1},{"x":8,"y":-1},{"x":9,"y":-1}]}],"seeds":["JRl8oidSXiIQAghFoSoqIZNWotkdATUdoKBxQdc14xMWXOcEi4EpmRVh34UaAzNp0lBdmSc+TjeFjfiBxCaAJ7JxirJIYGclSDF5EMd1HAh2XwiG"]},{"layers":[{"index":0,"tiles":[{"x":2.5,"y":-9},{"x":8.5,"y":-9},{"x":3.5,"y":-8.5},{"x":7.5,"y":-8.5},{"x":2,"y":-8},{"x":4.5,"y":-8},{"x":6.5,"y":-8},{"x":9,"y":-8},{"x":3,"y":-7.5},{"x":8,"y":-7.5},{"x":2,"y":-6.5},{"x":9,"y":-6.5},{"x":4,"y":-6},{"x":5,"y":-6},{"x":6,"y":-6},{"x":7,"y":-6},{"x":2.5,"y":-5.5},{"x":8.5,"y":-5.5},{"x":3.5,"y":-5},{"x":7.5,"y":-5},{"x":2.5,"y":-4.5},{"x":8.5,"y":-4.5},{"x":2,"y":-3.5},{"x":3,"y":-3.5},{"x":8,"y":-3.5},{"x":9,"y":-3.5},{"x":5,"y":-3},{"x":6,"y":-3},{"x":2.5,"y":-2.5},{"x":8.5,"y":-2.5},{"x":3.5,"y":-2},{"x":5,"y":-2},{"x":6,"y":-2},{"x":7.5,"y":-2},{"x":4,"y":-1},{"x":5,"y":-1},{"x":6,"y":-1},{"x":7,"y":-1}]},{"index":1,"tiles":[{"x":2.5,"y":-9},{"x":8.5,"y":-9},{"x":3.5,"y":-8.5},{"x":7.5,"y":-8.5},{"x":2,"y":-8},{"x":4.5,"y":-8},{"x":6.5,"y":-8},{"x":9,"y":-8},{"x":3,"y":-7.5},{"x":8,"y":-7.5},{"x":2,"y":-6.5},{"x":9,"y":-6.5},{"x":4,"y":-6},{"x":5,"y":-6},{"x":6,"y":-6},{"x":7,"y":-6},{"x":2.5,"y":-5.5},{"x":8.5,"y":-5.5},{"x":3.5,"y":-5},{"x":7.5,"y":-5},{"x":2.5,"y":-4.5},{"x":8.5,"y":-4.5},{"x":2,"y":-3.5},{"x":3,"y":-3.5},{"x":8,"y":-3.5},{"x":9,"y":-3.5},{"x":5,"y":-3},{"x":6,"y":-3},{"x":2.5,"y":-2.5},{"x":8.5,"y":-2.5},{"x":3.5,"y":-2},{"x":5,"y":-2},{"x":6,"y":-2},{"x":7.5,"y":-2},{"x":4,"y":-1},{"x":5,"y":-1},{"x":6,"y":-1},{"x":7,"y":-1}]},{"index":2,"tiles":[{"x":2.5,"y":-9},{"x":8.5,"y":-9},{"x":3.5,"y":-8.5},{"x":7.5,"y":-8.5},{"x":2,"y":-8},{"x":4.5,"y":-8},{"x":6.5,"y":-8},{"x":9,"y":-8},{"x":3,"y":-7.5},{"x":8,"y":-7.5},{"x":2,"y":-6.5},{"x":9,"y":-6.5},{"x":4,"y":-6},{"x":5,"y":-6},{"x":6,"y":-6},{"x":7,"y":-6},{"x":2.5,"y":-5.5},{"x":8.5,"y":-5.5},{"x":3.5,"y":-5},{"x":7.5,"y":-5},{"x":2.5,"y":-4.5},{"x":8.5,"y":-4.5},{"x":2,"y":-3.5},{"x":3,"y":-3.5},{"x":8,"y":-3.5},{"x":9,"y":-3.5},{"x":5,"y":-3},{"x":6,"y":-3},{"x":2.5,"y":-2.5},{"x":8.5,"y":-2.5},{"x":3.5,"y":-2},{"x":5,"y":-2},{"x":6,"y":-2},{"x":7.5,"y":-2},{"x":4,"y":-1},{"x":5,"y":-1},{"x":6,"y":-1},{"x":7,"y":-1}]}],"seeds":["k8qBnOJRX0hsHiWUIMd5ELI4m8IxjjhNnWiAYkh0WBaEYCeIy3cpR2dkWgSSjHRUkwZKSBGO0vBh6dMFSRJ00AmaQxM2VoZKlac8QQYW3GddUSeKXQgA"]},{"layers":[{"index":0,"tiles":[{"x":2.5,"y":-9},{"x":3.5,"y":-9},{"x":4.5,"y":-9},{"x":6.5,"y":-9},{"x":7.5,"y":-9},{"x":8.5,"y":-9},{"x":2.5,"y":-8},{"x":4,"y":-8},{"x":7,"y":-8},{"x":8.5,"y":-8},{"x":3.5,"y":-7},{"x":5,"y":-7},{"x":6,"y":-7},{"x":7.5,"y":-7},{"x":4.5,"y":-6},{"x":6.5,"y":-6},{"x":5,"y":-5},{"x":6,"y":-5},{"x":4.5,"y":-4},{"x":6.5,"y":-4},{"x":3.5,"y":-3},{"x":5,"y":-3},{"x":6,"y":-3},{"x":7.5,"y":-3},{"x":2.5,"y":-2},{"x":4,"y":-2},{"x":7,"y":-2},{"x":8.5,"y":-2},{"x":2.5,"y":-1},{"x":3.5,"y":-1},{"x":4.5,"y":-1},{"x":6.5,"y":-1},{"x":7.5,"y":-1},{"x":8.5,"y":-1}]},{"index":1,"tiles":[{"x":2.5,"y":-9},{"x":3.5,"y":-9},{"x":4.5,"y":-9},{"x":6.5,"y":-9},{"x":7.5,"y":-9},{"x":8.5,"y":-9},{"x":2.5,"y":-8},{"x":4,"y":-8},{"x":7,"y":-8},{"x":8.5,"y":-8},{"x":3.5,"y":-7},{"x":5,"y":-7},{"x":6,"y":-7},{"x":7.5,"y":-7},{"x":4.5,"y":-6},{"x":6.5,"y":-6},{"x":5,"y":-5},{"x":6,"y":-5},{"x":4.5,"y":-4},{"x":6.5,"y":-4},{"x":3.5,"y":-3},{"x":5,"y":-3},{"x":6,"y":-3},{"x":7.5,"y":-3},{"x":2.5,"y":-2},{"x":4,"y":-2},{"x":7,"y":-2},{"x":8.5,"y":-2},{"x":2.5,"y":-1},{"x":3.5,"y":-1},{"x":4.5,"y":-1},{"x":6.5,"y":-1},{"x":7.5,"y":-1},{"x":8.5,"y":-1}]},{"index":2,"tiles":[{"x":2.5,"y":-9},{"x":3.5,"y":-9},{"x":4.5,"y":-9},{"x":6.5,"y":-9},{"x":7.5,"y":-9},{"x":8.5,"y":-9},{"x":2.5,"y":-8},{"x":4,"y":-8},{"x":7,"y":-8},{"x":8.5,"y":-8},{"x":3.5,"y":-7},{"x":5,"y":-7},{"x":6,"y":-7},{"x":7.5,"y":-7},{"x":4.5,"y":-6},{"x":6.5,"y":-6},{"x":5,"y":-5},{"x":6,"y":-5},{"x":4.5,"y":-4},{"x":6.5,"y":-4},{"x":3.5,"y":-3},{"x":5,"y":-3},{"x":6,"y":-3},{"x":7.5,"y":-3},{"x":2.5,"y":-2},{"x":4,"y":-2},{"x":7,"y":-2},{"x":8.5,"y":-2},{"x":2.5,"y":-1},{"x":3.5,"y":-1},{"x":4.5,"y":-1},{"x":6.5,"y":-1},{"x":7.5,"y":-1},{"x":8.5,"y":-1}]}],"seeds":["3aRw1MBwX9cFhlOAjASWoJN2nJhRKmSJR4BwYihyR5NFoEI8kicaiRAS2oc2VxV9U6hUxYJhZLI9HAIt4miC4eV5Z/CFHqgpQrBZQwgA"]},{"layers":[{"index":0,"tiles":[{"x":3,"y":-9},{"x":5,"y":-9},{"x":6,"y":-9},{"x":8,"y":-9},{"x":2,"y":-8.5},{"x":9,"y":-8.5},{"x":4,"y":-8},{"x":5,"y":-8},{"x":6,"y":-8},{"x":7,"y":-8},{"x":3.5,"y":-7},{"x":5,"y":-7},{"x":6,"y":-7},{"x":7.5,"y":-7},{"x":2.5,"y":-6.5},{"x":8.5,"y":-6.5},{"x":4.5,"y":-6},{"x":6.5,"y":-6},{"x":2,"y":-5.5},{"x":9,"y":-5.5},{"x":2,"y":-4.5},{"x":9,"y":-4.5},{"x":4.5,"y":-4},{"x":6.5,"y":-4},{"x":2.5,"y":-3.5},{"x":8.5,"y":-3.5},{"x":3.5,"y":-3},{"x":5,"y":-3},{"x":6,"y":-3},{"x":7.5,"y":-3},{"x":4,"y":-2},{"x":5,"y":-2},{"x":6,"y":-2},{"x":7,"y":-2},{"x":2,"y":-1.5},{"x":9,"y":-1.5},{"x":3,"y":-1},{"x":5,"y":-1},{"x":6,"y":-1},{"x":8,"y":-1}]},{"index":1,"tiles":[{"x":3,"y":-9},{"x":5,"y":-9},{"x":6,"y":-9},{"x":8,"y":-9},{"x":2,"y":-8.5},{"x":9,"y":-8.5},{"x":4,"y":-8},{"x":5,"y":-8},{"x":6,"y":-8},{"x":7,"y":-8},{"x":3.5,"y":-7},{"x":5,"y":-7},{"x":6,"y":-7},{"x":7.5,"y":-7},{"x":2.5,"y":-6.5},{"x":8.5,"y":-6.5},{"x":4.5,"y":-6},{"x":6.5,"y":-6},{"x":2,"y":-5.5},{"x":9,"y":-5.5},{"x":2,"y":-4.5},{"x":9,"y":-4.5},{"x":4.5,"y":-4},{"x":6.5,"y":-4},{"x":2.5,"y":-3.5},{"x":8.5,"y":-3.5},{"x":3.5,"y":-3},{"x":5,"y":-3},{"x":6,"y":-3},{"x":7.5,"y":-3},{"x":4.5,"y":-2},{"x":6.5,"y":-2},{"x":2,"y":-1.5},{"x":9,"y":-1.5},{"x":3,"y":-1},{"x":5,"y":-1},{"x":6,"y":-1},{"x":8,"y":-1}]},{"index":2,"tiles":[{"x":3,"y":-9},{"x":5,"y":-9},{"x":6,"y":-9},{"x":8,"y":-9},{"x":2,"y":-8.5},{"x":9,"y":-8.5},{"x":4,"y":-8},{"x":5,"y":-8},{"x":6,"y":-8},{"x":7,"y":-8},{"x":3.5,"y":-7},{"x":5,"y":-7},{"x":6,"y":-7},{"x":7.5,"y":-7},{"x":2.5,"y":-6.5},{"x":8.5,"y":-6.5},{"x":4.5,"y":-6},{"x":6.5,"y":-6},{"x":2,"y":-5.5},{"x":9,"y":-5.5},{"x":2,"y":-4.5},{"x":9,"y":-4.5},{"x":4.5,"y":-4},{"x":6.5,"y":-4},{"x":2.5,"y":-3.5},{"x":8.5,"y":-3.5},{"x":3.5,"y":-3},{"x":5,"y":-3},{"x":6,"y":-3},{"x":7.5,"y":-3},{"x":4.5,"y":-2},{"x":6.5,"y":-2},{"x":2,"y":-1.5},{"x":9,"y":-1.5},{"x":3,"y":-1},{"x":5,"y":-1},{"x":6,"y":-1},{"x":8,"y":-1}]}],"seeds":["4NVA3IRsQqVEnal4X7cx4MJQIieCWeChVNad1RB6hZaE0iVOoCd4ZHhAorOAXMeFixeFhNJZlIg9UjFw4GM4CdGAWqCW6ReOYmBgVsB9H4WAQqcshzBN"]},{"layers":[{"index":0,"tiles":[{"x":3,"y":-9},{"x":8,"y":-9},{"x":4,"y":-8.5},{"x":7,"y":-8.5},{"x":3,"y":-8},{"x":8,"y":-8},{"x":5,"y":-7.5},{"x":6,"y":-7.5},{"x":2,"y":-6.5},{"x":3,"y":-6.5},{"x":4,"y":-6.5},{"x":5,"y":-6.5},{"x":6,"y":-6.5},{"x":7,"y":-6.5},{"x":8,"y":-6.5},{"x":9,"y":-6.5},{"x":3,"y":-5.5},{"x":5,"y":-5.5},{"x":6,"y":-5.5},{"x":8,"y":-5.5},{"x":2,"y":-5},{"x":9,"y":-5},{"x":3.5,"y":-4.5},{"x":5,"y":-4.5},{"x":6,"y":-4.5},{"x":7.5,"y":-4.5},{"x":2.5,"y":-3.5},{"x":4,"y":-3.5},{"x":5,"y":-3.5},{"x":6,"y":-3.5},{"x":7,"y":-3.5},{"x":8.5,"y":-3.5},{"x":3.5,"y":-2.5},{"x":5,"y":-2.5},{"x":6,"y":-2.5},{"x":7.5,"y":-2.5},{"x":2.5,"y":-2},{"x":8.5,"y":-2},{"x":5,"y":-1.5},{"x":6,"y":-1.5},{"x":2,"y":-1},{"x":9,"y":-1}]},{"index":1,"tiles":[{"x":3,"y":-9},{"x":8,"y":-9},{"x":4,"y":-8.5},{"x":7,"y":-8.5},{"x":3,"y":-8},{"x":8,"y":-8},{"x":5,"y":-7.5},{"x":6,"y":-7.5},{"x":2,"y":-6.5},{"x":3,"y":-6.5},{"x":4,"y":-6.5},{"x":5,"y":-6.5},{"x":6,"y":-6.5},{"x":7,"y":-6.5},{"x":8,"y":-6.5},{"x":9,"y":-6.5},{"x":3,"y":-5.5},{"x":5,"y":-5.5},{"x":6,"y":-5.5},{"x":8,"y":-5.5},{"x":2,"y":-5},{"x":9,"y":-5},{"x":3.5,"y":-4.5},{"x":5,"y":-4.5},{"x":6,"y":-4.5},{"x":7.5,"y":-4.5},{"x":2.5,"y":-3.5},{"x":4.5,"y":-3.5},{"x":6.5,"y":-3.5},{"x":8.5,"y":-3.5},{"x":3.5,"y":-2.5},{"x":5,"y":-2.5},{"x":6,"y":-2.5},{"x":7.5,"y":-2.5},{"x":2.5,"y":-2},{"x":8.5,"y":-2},{"x":5,"y":-1.5},{"x":6,"y":-1.5},{"x":2,"y":-1},{"x":9,"y":-1}]},{"index":2,"tiles":[{"x":3,"y":-9},{"x":8,"y":-9},{"x":4,"y":-8.5},{"x":7,"y":-8.5},{"x":3,"y":-8},{"x":8,"y":-8},{"x":5,"y":-7.5},{"x":6,"y":-7.5},{"x":2,"y":-6.5},{"x":3,"y":-6.5},{"x":4,"y":-6.5},{"x":5,"y":-6.5},{"x":6,"y":-6.5},{"x":7,"y":-6.5},{"x":8,"y":-6.5},{"x":9,"y":-6.5},{"x":3,"y":-5.5},{"x":5,"y":-5.5},{"x":6,"y":-5.5},{"x":8,"y":-5.5},{"x":2,"y":-5},{"x":9,"y":-5},{"x":3.5,"y":-4.5},{"x":5,"y":-4.5},{"x":6,"y":-4.5},{"x":7.5,"y":-4.5},{"x":2.5,"y":-3.5},{"x":4.5,"y":-3.5},{"x":6.5,"y":-3.5},{"x":8.5,"y":-3.5},{"x":3.5,"y":-2.5},{"x":5,"y":-2.5},{"x":6,"y":-2.5},{"x":7.5,"y":-2.5},{"x":2.5,"y":-2},{"x":8.5,"y":-2},{"x":5,"y":-1.5},{"x":6,"y":-1.5},{"x":2,"y":-1},{"x":9,"y":-1}]}],"seeds":["nBWQjOgFzxSCoAdu4CSoiwYuYiUc18YpJqSJBxKV4Ud4EUoZE9YpINdwXtB9XAIxHVdlSpEFmSMOCAdeaSKGFiGOBXgynBJ0gYF9jEg9YBh24ueE0ic1U9aBwwcA"]},{"layers":[{"index":0,"tiles":[{"x":2.5,"y":-9},{"x":4,"y":-9},{"x":5,"y":-9},{"x":6,"y":-9},{"x":7,"y":-9},{"x":8.5,"y":-9},{"x":3,"y":-8},{"x":5,"y":-8},{"x":6,"y":-8},{"x":8,"y":-8},{"x":2,"y":-7.5},{"x":9,"y":-7.5},{"x":5,"y":-7},{"x":6,"y":-7},{"x":2.5,"y":-6.5},{"x":8.5,"y":-6.5},{"x":4.5,"y":-6},{"x":6.5,"y":-6},{"x":5,"y":-5},{"x":6,"y":-5},{"x":4.5,"y":-4},{"x":6.5,"y":-4},{"x":2.5,"y":-3.5},{"x":8.5,"y":-3.5},{"x":5,"y":-3},{"x":6,"y":-3},{"x":2,"y":-2.5},{"x":9,"y":-2.5},{"x":3,"y":-2},{"x":5,"y":-2},{"x":6,"y":-2},{"x":8,"y":-2},{"x":2.5,"y":-1},{"x":4,"y":-1},{"x":5,"y":-1},{"x":6,"y":-1},{"x":7,"y":-1},{"x":8.5,"y":-1}]},{"index":1,"tiles":[{"x":2.5,"y":-9},{"x":4,"y":-9},{"x":5,"y":-9},{"x":6,"y":-9},{"x":7,"y":-9},{"x":8.5,"y":-9},{"x":3,"y":-8},{"x":5,"y":-8},{"x":6,"y":-8},{"x":8,"y":-8},{"x":2,"y":-7.5},{"x":9,"y":-7.5},{"x":5,"y":-7},{"x":6,"y":-7},{"x":2.5,"y":-6.5},{"x":8.5,"y":-6.5},{"x":4.5,"y":-6},{"x":6.5,"y":-6},{"x":5,"y":-5},{"x":6,"y":-5},{"x":4.5,"y":-4},{"x":6.5,"y":-4},{"x":2.5,"y":-3.5},{"x":8.5,"y":-3.5},{"x":5,"y":-3},{"x":6,"y":-3},{"x":2,"y":-2.5},{"x":9,"y":-2.5},{"x":3,"y":-2},{"x":5,"y":-2},{"x":6,"y":-2},{"x":8,"y":-2},{"x":2.5,"y":-1},{"x":4,"y":-1},{"x":5,"y":-1},{"x":6,"y":-1},{"x":7,"y":-1},{"x":8.5,"y":-1}]},{"index":2,"tiles":[{"x":2.5,"y":-9},{"x":4,"y":-9},{"x":5,"y":-9},{"x":6,"y":-9},{"x":7,"y":-9},{"x":8.5,"y":-9},{"x":3,"y":-8},{"x":5,"y":-8},{"x":6,"y":-8},{"x":8,"y":-8},{"x":2,"y":-7.5},{"x":9,"y":-7.5},{"x":5,"y":-7},{"x":6,"y":-7},{"x":2.5,"y":-6.5},{"x":8.5,"y":-6.5},{"x":4.5,"y":-6},{"x":6.5,"y":-6},{"x":5,"y":-5},{"x":6,"y":-5},{"x":4.5,"y":-4},{"x":6.5,"y":-4},{"x":2.5,"y":-3.5},{"x":8.5,"y":-3.5},{"x":5,"y":-3},{"x":6,"y":-3},{"x":2,"y":-2.5},{"x":9,"y":-2.5},{"x":3,"y":-2},{"x":5,"y":-2},{"x":6,"y":-2},{"x":8,"y":-2},{"x":2.5,"y":-1},{"x":4,"y":-1},{"x":5,"y":-1},{"x":6,"y":-1},{"x":7,"y":-1},{"x":8.5,"y":-1}]}],"seeds":["k9eJIThVoxN84QR2XSmI0uGBVLaA3KV+i4BxjvgYgkUcy0UgCvUpgwhyw1JQYtCBnEg9CqRFEqN1oMAYXnFyzbZNJpd2URhgX1KBkBeiSBOSVpCFiQIA"]},{"layers":[{"index":0,"tiles":[{"x":2.5,"y":-9},{"x":8.5,"y":-9},{"x":3.5,"y":-8.5},{"x":4.5,"y":-8.5},{"x":6.5,"y":-8.5},{"x":7.5,"y":-8.5},{"x":2.5,"y":-8},{"x":8.5,"y":-8},{"x":5,"y":-7.5},{"x":6,"y":-7.5},{"x":2,"y":-7},{"x":9,"y":-7},{"x":3.5,"y":-6.5},{"x":4.5,"y":-6.5},{"x":6.5,"y":-6.5},{"x":7.5,"y":-6.5},{"x":2,"y":-6},{"x":9,"y":-6},{"x":4.5,"y":-5.5},{"x":6.5,"y":-5.5},{"x":3.5,"y":-5},{"x":7.5,"y":-5},{"x":3,"y":-4},{"x":4,"y":-4},{"x":7,"y":-4},{"x":8,"y":-4},{"x":2,"y":-3.5},{"x":9,"y":-3.5},{"x":4,"y":-3},{"x":7,"y":-3},{"x":4,"y":-2},{"x":5,"y":-2},{"x":6,"y":-2},{"x":7,"y":-2},{"x":3,"y":-1},{"x":8,"y":-1}]},{"index":1,"tiles":[{"x":2.5,"y":-9},{"x":8.5,"y":-9},{"x":3.5,"y":-8.5},{"x":4.5,"y":-8.5},{"x":6.5,"y":-8.5},{"x":7.5,"y":-8.5},{"x":2.5,"y":-8},{"x":8.5,"y":-8},{"x":5,"y":-7.5},{"x":6,"y":-7.5},{"x":2,"y":-7},{"x":9,"y":-7},{"x":3.5,"y":-6.5},{"x":4.5,"y":-6.5},{"x":6.5,"y":-6.5},{"x":7.5,"y":-6.5},{"x":2,"y":-6},{"x":9,"y":-6},{"x":4.5,"y":-5.5},{"x":6.5,"y":-5.5},{"x":3.5,"y":-5},{"x":7.5,"y":-5},{"x":3,"y":-4},{"x":4,"y":-4},{"x":7,"y":-4},{"x":8,"y":-4},{"x":2,"y":-3.5},{"x":9,"y":-3.5},{"x":4,"y":-3},{"x":7,"y":-3},{"x":4,"y":-2},{"x":5,"y":-2},{"x":6,"y":-2},{"x":7,"y":-2},{"x":3,"y":-1},{"x":8,"y":-1}]},{"index":2,"tiles":[{"x":2.5,"y":-9},{"x":8.5,"y":-9},{"x":3.5,"y":-8.5},{"x":4.5,"y":-8.5},{"x":6.5,"y":-8.5},{"x":7.5,"y":-8.5},{"x":2.5,"y":-8},{"x":8.5,"y":-8},{"x":5,"y":-7.5},{"x":6,"y":-7.5},{"x":2,"y":-7},{"x":9,"y":-7},{"x":3.5,"y":-6.5},{"x":4.5,"y":-6.5},{"x":6.5,"y":-6.5},{"x":7.5,"y":-6.5},{"x":2,"y":-6},{"x":9,"y":-6},{"x":4.5,"y":-5.5},{"x":6.5,"y":-5.5},{"x":3.5,"y":-5},{"x":7.5,"y":-5},{"x":3,"y":-4},{"x":4,"y":-4},{"x":7,"y":-4},{"x":8,"y":-4},{"x":2,"y":-3.5},{"x":9,"y":-3.5},{"x":4,"y":-3},{"x":7,"y":-3},{"x":4,"y":-2},{"x":5,"y":-2},{"x":6,"y":-2},{"x":7,"y":-2},{"x":3,"y":-1},{"x":8,"y":-1}]},{"index":3,"tiles":[{"x":2.5,"y":-9},{"x":8.5,"y":-9},{"x":3.5,"y":-8.5},{"x":4.5,"y":-8.5},{"x":6.5,"y":-8.5},{"x":7.5,"y":-8.5},{"x":2.5,"y":-8},{"x":8.5,"y":-8},{"x":5,"y":-7.5},{"x":6,"y":-7.5},{"x":2,"y":-7},{"x":9,"y":-7},{"x":3.5,"y":-6.5},{"x":4.5,"y":-6.5},{"x":6.5,"y":-6.5},{"x":7.5,"y":-6.5},{"x":2,"y":-6},{"x":9,"y":-6},{"x":4.5,"y":-5.5},{"x":6.5,"y":-5.5},{"x":3.5,"y":-5},{"x":7.5,"y":-5},{"x":3,"y":-4},{"x":4,"y":-4},{"x":7,"y":-4},{"x":8,"y":-4},{"x":2,"y":-3.5},{"x":9,"y":-3.5},{"x":4,"y":-3},{"x":7,"y":-3},{"x":4,"y":-2},{"x":5,"y":-2},{"x":6,"y":-2},{"x":7,"y":-2},{"x":3,"y":-1},{"x":8,"y":-1}]}],"seeds":["HmeIU+p1DVg9RwOhSxEoz4BUC0SJUzhwnVOBYPKBAkia1heGgQZeB3cx4qYlFjVwnecsxGCFDMIp4RWCgcd8YiYUncOEBJWFHFeOYmEUagcGkkRwp7cogiB6VICJDvE11zdZStU10Ydt4hQF"]},{"layers":[{"index":0,"tiles":[{"x":3,"y":-9},{"x":4.5,"y":-9},{"x":6.5,"y":-9},{"x":8,"y":-9},{"x":2,"y":-8},{"x":3.5,"y":-8},{"x":5,"y":-8},{"x":6,"y":-8},{"x":7.5,"y":-8},{"x":9,"y":-8},{"x":3,"y":-7},{"x":8,"y":-7},{"x":2,"y":-6.5},{"x":4,"y":-6.5},{"x":7,"y":-6.5},{"x":9,"y":-6.5},{"x":3,"y":-5.5},{"x":8,"y":-5.5},{"x":3,"y":-4.5},{"x":8,"y":-4.5},{"x":2,"y":-3.5},{"x":4,"y":-3.5},{"x":7,"y":-3.5},{"x":9,"y":-3.5},{"x":3,"y":-3},{"x":8,"y":-3},{"x":2,"y":-2},{"x":3.5,"y":-2},{"x":5,"y":-2},{"x":6,"y":-2},{"x":7.5,"y":-2},{"x":9,"y":-2},{"x":3,"y":-1},{"x":4.5,"y":-1},{"x":6.5,"y":-1},{"x":8,"y":-1}]},{"index":1,"tiles":[{"x":3,"y":-9},{"x":4.5,"y":-9},{"x":6.5,"y":-9},{"x":8,"y":-9},{"x":2,"y":-8},{"x":3.5,"y":-8},{"x":5,"y":-8},{"x":6,"y":-8},{"x":7.5,"y":-8},{"x":9,"y":-8},{"x":3,"y":-7},{"x":8,"y":-7},{"x":2,"y":-6.5},{"x":4,"y":-6.5},{"x":7,"y":-6.5},{"x":9,"y":-6.5},{"x":3,"y":-5.5},{"x":8,"y":-5.5},{"x":3,"y":-4.5},{"x":8,"y":-4.5},{"x":2,"y":-3.5},{"x":4,"y":-3.5},{"x":7,"y":-3.5},{"x":9,"y":-3.5},{"x":3,"y":-3},{"x":8,"y":-3},{"x":2,"y":-2},{"x":3.5,"y":-2},{"x":5,"y":-2},{"x":6,"y":-2},{"x":7.5,"y":-2},{"x":9,"y":-2},{"x":3,"y":-1},{"x":4.5,"y":-1},{"x":6.5,"y":-1},{"x":8,"y":-1}]},{"index":2,"tiles":[{"x":3,"y":-9},{"x":4.5,"y":-9},{"x":6.5,"y":-9},{"x":8,"y":-9},{"x":2,"y":-8},{"x":3.5,"y":-8},{"x":5,"y":-8},{"x":6,"y":-8},{"x":7.5,"y":-8},{"x":9,"y":-8},{"x":3,"y":-7},{"x":8,"y":-7},{"x":2,"y":-6.5},{"x":4,"y":-6.5},{"x":7,"y":-6.5},{"x":9,"y":-6.5},{"x":3,"y":-5.5},{"x":8,"y":-5.5},{"x":3,"y":-4.5},{"x":8,"y":-4.5},{"x":2,"y":-3.5},{"x":4,"y":-3.5},{"x":7,"y":-3.5},{"x":9,"y":-3.5},{"x":3,"y":-3},{"x":8,"y":-3},{"x":2,"y":-2},{"x":3.5,"y":-2},{"x":5,"y":-2},{"x":6,"y":-2},{"x":7.5,"y":-2},{"x":9,"y":-2},{"x":3,"y":-1},{"x":4.5,"y":-1},{"x":6.5,"y":-1},{"x":8,"y":-1}]}],"seeds":["IJo8IChGnKYoYrhIZXEyjxZm00KG4RdSDVd5KVZZW2B2WtgR4wV2FpJ4oSEMIgg13+FoBxhyDBFN0cRNjscFBlRc4keJgjg02YY1XPR5KtJJ"]},{"layers":[{"index":0,"tiles":[{"x":3.5,"y":-9},{"x":7.5,"y":-9},{"x":2.5,"y":-8.5},{"x":8.5,"y":-8.5},{"x":4.5,"y":-8},{"x":6.5,"y":-8},{"x":3,"y":-7.5},{"x":8,"y":-7.5},{"x":4.5,"y":-7},{"x":6.5,"y":-7},{"x":2.5,"y":-6.5},{"x":3.5,"y":-6.5},{"x":7.5,"y":-6.5},{"x":8.5,"y":-6.5},{"x":2.5,"y":-5.5},{"x":8.5,"y":-5.5},{"x":2.5,"y":-4.5},{"x":8.5,"y":-4.5},{"x":5,"y":-4},{"x":6,"y":-4},{"x":2.5,"y":-3.5},{"x":3.5,"y":-3.5},{"x":7.5,"y":-3.5},{"x":8.5,"y":-3.5},{"x":4.5,"y":-3},{"x":6.5,"y":-3},{"x":3,"y":-2.5},{"x":8,"y":-2.5},{"x":4.5,"y":-2},{"x":6.5,"y":-2},{"x":2.5,"y":-1.5},{"x":8.5,"y":-1.5},{"x":3.5,"y":-1},{"x":7.5,"y":-1}]},{"index":1,"tiles":[{"x":3.5,"y":-9},{"x":7.5,"y":-9},{"x":2.5,"y":-8.5},{"x":8.5,"y":-8.5},{"x":4.5,"y":-8},{"x":6.5,"y":-8},{"x":3,"y":-7.5},{"x":8,"y":-7.5},{"x":4.5,"y":-7},{"x":6.5,"y":-7},{"x":2.5,"y":-6.5},{"x":3.5,"y":-6.5},{"x":7.5,"y":-6.5},{"x":8.5,"y":-6.5},{"x":2.5,"y":-5.5},{"x":8.5,"y":-5.5},{"x":2.5,"y":-4.5},{"x":8.5,"y":-4.5},{"x":5,"y":-4},{"x":6,"y":-4},{"x":2.5,"y":-3.5},{"x":3.5,"y":-3.5},{"x":7.5,"y":-3.5},{"x":8.5,"y":-3.5},{"x":4.5,"y":-3},{"x":6.5,"y":-3},{"x":3,"y":-2.5},{"x":8,"y":-2.5},{"x":4.5,"y":-2},{"x":6.5,"y":-2},{"x":2.5,"y":-1.5},{"x":8.5,"y":-1.5},{"x":3.5,"y":-1},{"x":7.5,"y":-1}]},{"index":2,"tiles":[{"x":3.5,"y":-9},{"x":7.5,"y":-9},{"x":2.5,"y":-8.5},{"x":8.5,"y":-8.5},{"x":4.5,"y":-8},{"x":6.5,"y":-8},{"x":3,"y":-7.5},{"x":8,"y":-7.5},{"x":4.5,"y":-7},{"x":6.5,"y":-7},{"x":2.5,"y":-6.5},{"x":3.5,"y":-6.5},{"x":7.5,"y":-6.5},{"x":8.5,"y":-6.5},{"x":2.5,"y":-5.5},{"x":8.5,"y":-5.5},{"x":2.5,"y":-4.5},{"x":8.5,"y":-4.5},{"x":5,"y":-4},{"x":6,"y":-4},{"x":2.5,"y":-3.5},{"x":3.5,"y":-3.5},{"x":7.5,"y":-3.5},{"x":8.5,"y":-3.5},{"x":4.5,"y":-3},{"x":6.5,"y":-3},{"x":3,"y":-2.5},{"x":8,"y":-2.5},{"x":4.5,"y":-2},{"x":6.5,"y":-2},{"x":2.5,"y":-1.5},{"x":8.5,"y":-1.5},{"x":3.5,"y":-1},{"x":7.5,"y":-1}]},{"index":3,"tiles":[{"x":3.5,"y":-9},{"x":7.5,"y":-9},{"x":2.5,"y":-8.5},{"x":8.5,"y":-8.5},{"x":4.5,"y":-8},{"x":6.5,"y":-8},{"x":3,"y":-7.5},{"x":8,"y":-7.5},{"x":4.5,"y":-7},{"x":6.5,"y":-7},{"x":2.5,"y":-6.5},{"x":3.5,"y":-6.5},{"x":7.5,"y":-6.5},{"x":8.5,"y":-6.5},{"x":2.5,"y":-5.5},{"x":8.5,"y":-5.5},{"x":2.5,"y":-4.5},{"x":8.5,"y":-4.5},{"x":5,"y":-4},{"x":6,"y":-4},{"x":2.5,"y":-3.5},{"x":3.5,"y":-3.5},{"x":7.5,"y":-3.5},{"x":8.5,"y":-3.5},{"x":4.5,"y":-3},{"x":6.5,"y":-3},{"x":3,"y":-2.5},{"x":8,"y":-2.5},{"x":4.5,"y":-2},{"x":6.5,"y":-2},{"x":2.5,"y":-1.5},{"x":8.5,"y":-1.5},{"x":3.5,"y":-1},{"x":7.5,"y":-1}]}],"seeds":["ikURxgeV6sCYVFVwClFRGSeKnbJ43AEdH6OByAZ20wOK2SCg4vKEk3hW3iU44BBqRgIqChca4vI5njd6SPOBFgZyoQKKXNJhJCUMTBeJweRFwSJIYSeFYaEIWzA1VRiEinB1oZEy"]},{"layers":[{"index":0,"tiles":[{"x":2.5,"y":-8.5},{"x":8.5,"y":-8.5},{"x":3.5,"y":-8},{"x":4.5,"y":-8},{"x":5.5,"y":-8},{"x":6.5,"y":-8},{"x":7.5,"y":-8},{"x":2.5,"y":-7.5},{"x":8.5,"y":-7.5},{"x":4,"y":-7},{"x":5.5,"y":-7},{"x":7,"y":-7},{"x":3,"y":-6.5},{"x":8,"y":-6.5},{"x":5,"y":-6},{"x":6,"y":-6},{"x":2.5,"y":-5.5},{"x":4,"y":-5.5},{"x":7,"y":-5.5},{"x":8.5,"y":-5.5},{"x":2.5,"y":-4.5},{"x":4,"y":-4.5},{"x":7,"y":-4.5},{"x":8.5,"y":-4.5},{"x":5,"y":-4},{"x":6,"y":-4},{"x":3,"y":-3.5},{"x":8,"y":-3.5},{"x":4,"y":-3},{"x":5.5,"y":-3},{"x":7,"y":-3},{"x":2.5,"y":-2.5},{"x":8.5,"y":-2.5},{"x":3.5,"y":-2},{"x":4.5,"y":-2},{"x":5.5,"y":-2},{"x":6.5,"y":-2},{"x":7.5,"y":-2},{"x":2.5,"y":-1.5},{"x":8.5,"y":-1.5}]},{"index":1,"tiles":[{"x":2.5,"y":-8.5},{"x":8.5,"y":-8.5},{"x":3.5,"y":-8},{"x":4.5,"y":-8},{"x":5.5,"y":-8},{"x":6.5,"y":-8},{"x":7.5,"y":-8},{"x":2.5,"y":-7.5},{"x":8.5,"y":-7.5},{"x":4,"y":-7},{"x":5.5,"y":-7},{"x":7,"y":-7},{"x":3,"y":-6.5},{"x":8,"y":-6.5},{"x":5,"y":-6},{"x":6,"y":-6},{"x":2.5,"y":-5.5},{"x":4,"y":-5.5},{"x":7,"y":-5.5},{"x":8.5,"y":-5.5},{"x":2.5,"y":-4.5},{"x":4,"y":-4.5},{"x":7,"y":-4.5},{"x":8.5,"y":-4.5},{"x":5,"y":-4},{"x":6,"y":-4},{"x":3,"y":-3.5},{"x":8,"y":-3.5},{"x":4,"y":-3},{"x":5.5,"y":-3},{"x":7,"y":-3},{"x":2.5,"y":-2.5},{"x":8.5,"y":-2.5},{"x":3.5,"y":-2},{"x":4.5,"y":-2},{"x":5.5,"y":-2},{"x":6.5,"y":-2},{"x":7.5,"y":-2},{"x":2.5,"y":-1.5},{"x":8.5,"y":-1.5}]},{"index":2,"tiles":[{"x":2.5,"y":-8.5},{"x":8.5,"y":-8.5},{"x":3.5,"y":-8},{"x":4.5,"y":-8},{"x":5.5,"y":-8},{"x":6.5,"y":-8},{"x":7.5,"y":-8},{"x":2.5,"y":-7.5},{"x":8.5,"y":-7.5},{"x":4,"y":-7},{"x":5.5,"y":-7},{"x":7,"y":-7},{"x":3,"y":-6.5},{"x":8,"y":-6.5},{"x":5,"y":-6},{"x":6,"y":-6},{"x":2.5,"y":-5.5},{"x":4,"y":-5.5},{"x":7,"y":-5.5},{"x":8.5,"y":-5.5},{"x":2.5,"y":-4.5},{"x":4,"y":-4.5},{"x":7,"y":-4.5},{"x":8.5,"y":-4.5},{"x":5,"y":-4},{"x":6,"y":-4},{"x":3,"y":-3.5},{"x":8,"y":-3.5},{"x":4,"y":-3},{"x":5.5,"y":-3},{"x":7,"y":-3},{"x":2.5,"y":-2.5},{"x":8.5,"y":-2.5},{"x":3.5,"y":-2},{"x":4.5,"y":-2},{"x":5.5,"y":-2},{"x":6.5,"y":-2},{"x":7.5,"y":-2},{"x":2.5,"y":-1.5},{"x":8.5,"y":-1.5}]}],"seeds":["YdA9g6hRHZmlWrggQbJwFngUFeRB4jeCw8R0E3gtjBhYXaOeRLh8kkARDsYZ1eVgiiSAE7ehX5cpnPBx4iFGohCW5oaADOd1SscwyhM1YMKElFEEVAhOnteB"]},{"layers":[{"index":0,"tiles":[{"x":2.5,"y":-9},{"x":3.5,"y":-9},{"x":5.5,"y":-9},{"x":7.5,"y":-9},{"x":8.5,"y":-9},{"x":4.5,"y":-8.5},{"x":6.5,"y":-8.5},{"x":3,"y":-8},{"x":5.5,"y":-8},{"x":8,"y":-8},{"x":4.5,"y":-7.5},{"x":6.5,"y":-7.5},{"x":2.5,"y":-7},{"x":3.5,"y":-7},{"x":7.5,"y":-7},{"x":8.5,"y":-7},{"x":5,"y":-6.5},{"x":6,"y":-6.5},{"x":2.5,"y":-6},{"x":3.5,"y":-6},{"x":7.5,"y":-6},{"x":8.5,"y":-6},{"x":4.5,"y":-5.5},{"x":6.5,"y":-5.5},{"x":2.5,"y":-5},{"x":3.5,"y":-5},{"x":5.5,"y":-5},{"x":7.5,"y":-5},{"x":8.5,"y":-5},{"x":2.5,"y":-4},{"x":3.5,"y":-4},{"x":4.5,"y":-4},{"x":5.5,"y":-4},{"x":6.5,"y":-4},{"x":7.5,"y":-4},{"x":8.5,"y":-4},{"x":2.5,"y":-3},{"x":3.5,"y":-3},{"x":4.5,"y":-3},{"x":5.5,"y":-3},{"x":6.5,"y":-3},{"x":7.5,"y":-3},{"x":8.5,"y":-3},{"x":2.5,"y":-2},{"x":3.5,"y":-2},{"x":4.5,"y":-2},{"x":5.5,"y":-2},{"x":6.5,"y":-2},{"x":7.5,"y":-2},{"x":8.5,"y":-2},{"x":3.5,"y":-1},{"x":7.5,"y":-1}]},{"index":1,"tiles":[{"x":2.5,"y":-9},{"x":3.5,"y":-9},{"x":5.5,"y":-9},{"x":7.5,"y":-9},{"x":8.5,"y":-9},{"x":4.5,"y":-8.5},{"x":6.5,"y":-8.5},{"x":3,"y":-8},{"x":5.5,"y":-8},{"x":8,"y":-8},{"x":4.5,"y":-7.5},{"x":6.5,"y":-7.5},{"x":2.5,"y":-7},{"x":3.5,"y":-7},{"x":7.5,"y":-7},{"x":8.5,"y":-7},{"x":5,"y":-6.5},{"x":6,"y":-6.5},{"x":2.5,"y":-6},{"x":3.5,"y":-6},{"x":7.5,"y":-6},{"x":8.5,"y":-6},{"x":4.5,"y":-5.5},{"x":6.5,"y":-5.5},{"x":2.5,"y":-5},{"x":3.5,"y":-5},{"x":5.5,"y":-5},{"x":7.5,"y":-5},{"x":8.5,"y":-5},{"x":2.5,"y":-4},{"x":3.5,"y":-4},{"x":4.5,"y":-4},{"x":5.5,"y":-4},{"x":6.5,"y":-4},{"x":7.5,"y":-4},{"x":8.5,"y":-4},{"x":2.5,"y":-3},{"x":3.5,"y":-3},{"x":4.5,"y":-3},{"x":5.5,"y":-3},{"x":6.5,"y":-3},{"x":7.5,"y":-3},{"x":8.5,"y":-3},{"x":2.5,"y":-2},{"x":3.5,"y":-2},{"x":4.5,"y":-2},{"x":5.5,"y":-2},{"x":6.5,"y":-2},{"x":7.5,"y":-2},{"x":8.5,"y":-2},{"x":3.5,"y":-1},{"x":7.5,"y":-1}]},{"index":2,"tiles":[{"x":2.5,"y":-9},{"x":3.5,"y":-9},{"x":5.5,"y":-9},{"x":7.5,"y":-9},{"x":8.5,"y":-9},{"x":4.5,"y":-8.5},{"x":6.5,"y":-8.5},{"x":3,"y":-8},{"x":5.5,"y":-8},{"x":8,"y":-8},{"x":4.5,"y":-7.5},{"x":6.5,"y":-7.5},{"x":2.5,"y":-7},{"x":3.5,"y":-7},{"x":7.5,"y":-7},{"x":8.5,"y":-7},{"x":5,"y":-6.5},{"x":6,"y":-6.5},{"x":2.5,"y":-6},{"x":3.5,"y":-6},{"x":7.5,"y":-6},{"x":8.5,"y":-6},{"x":4.5,"y":-5.5},{"x":6.5,"y":-5.5},{"x":2.5,"y":-5},{"x":3.5,"y":-5},{"x":5.5,"y":-5},{"x":7.5,"y":-5},{"x":8.5,"y":-5},{"x":2.5,"y":-4},{"x":3.5,"y":-4},{"x":4.5,"y":-4},{"x":5.5,"y":-4},{"x":6.5,"y":-4},{"x":7.5,"y":-4},{"x":8.5,"y":-4},{"x":2.5,"y":-3},{"x":3.5,"y":-3},{"x":4.5,"y":-3},{"x":5.5,"y":-3},{"x":6.5,"y":-3},{"x":7.5,"y":-3},{"x":8.5,"y":-3},{"x":2.5,"y":-2},{"x":3.5,"y":-2},{"x":4.5,"y":-2},{"x":5.5,"y":-2},{"x":6.5,"y":-2},{"x":7.5,"y":-2},{"x":8.5,"y":-2},{"x":3.5,"y":-1},{"x":7.5,"y":-1}]}],"seeds":["VlBRXApmBDiCw/J1E4FwRchZYVcuIpeRlteJAtWI4PZwXjVgw2IKCGVcnSg6jgAdkvCJCthdggcGmjFc0cedish0QRdV0+N9wWU5Ilc0qCqG3gQmQuh9WrgoIEV4oaOAYFElHNR5GFg0U9gwoMh4Urh5zPER"]},{"layers":[{"index":0,"tiles":[{"x":3,"y":-8},{"x":4,"y":-8},{"x":7,"y":-8},{"x":8,"y":-8},{"x":2,"y":-7.5},{"x":5,"y":-7.5},{"x":6,"y":-7.5},{"x":9,"y":-7.5},{"x":4,"y":-7},{"x":7,"y":-7},{"x":2,"y":-6.5},{"x":3,"y":-6.5},{"x":5,"y":-6.5},{"x":6,"y":-6.5},{"x":8,"y":-6.5},{"x":9,"y":-6.5},{"x":2,"y":-5.5},{"x":3,"y":-5.5},{"x":4,"y":-5.5},{"x":7,"y":-5.5},{"x":8,"y":-5.5},{"x":9,"y":-5.5},{"x":5,"y":-5},{"x":6,"y":-5},{"x":2,"y":-4.5},{"x":4,"y":-4.5},{"x":7,"y":-4.5},{"x":9,"y":-4.5},{"x":3,"y":-4},{"x":8,"y":-4},{"x":2,"y":-3.5},{"x":4.5,"y":-3.5},{"x":6.5,"y":-3.5},{"x":9,"y":-3.5},{"x":3,"y":-3},{"x":8,"y":-3},{"x":2,"y":-2.5},{"x":5,"y":-2.5},{"x":6,"y":-2.5},{"x":9,"y":-2.5},{"x":4,"y":-2},{"x":7,"y":-2}]},{"index":1,"tiles":[{"x":3,"y":-8},{"x":4,"y":-8},{"x":7,"y":-8},{"x":8,"y":-8},{"x":2,"y":-7.5},{"x":5,"y":-7.5},{"x":6,"y":-7.5},{"x":9,"y":-7.5},{"x":4,"y":-7},{"x":7,"y":-7},{"x":2,"y":-6.5},{"x":3,"y":-6.5},{"x":5,"y":-6.5},{"x":6,"y":-6.5},{"x":8,"y":-6.5},{"x":9,"y":-6.5},{"x":2,"y":-5.5},{"x":3,"y":-5.5},{"x":4,"y":-5.5},{"x":7,"y":-5.5},{"x":8,"y":-5.5},{"x":9,"y":-5.5},{"x":5,"y":-5},{"x":6,"y":-5},{"x":2,"y":-4.5},{"x":4,"y":-4.5},{"x":7,"y":-4.5},{"x":9,"y":-4.5},{"x":3,"y":-4},{"x":8,"y":-4},{"x":2,"y":-3.5},{"x":4.5,"y":-3.5},{"x":6.5,"y":-3.5},{"x":9,"y":-3.5},{"x":3,"y":-3},{"x":8,"y":-3},{"x":2,"y":-2.5},{"x":5,"y":-2.5},{"x":6,"y":-2.5},{"x":9,"y":-2.5},{"x":4,"y":-2},{"x":7,"y":-2}]},{"index":2,"tiles":[{"x":3,"y":-8},{"x":4,"y":-8},{"x":7,"y":-8},{"x":8,"y":-8},{"x":2,"y":-7.5},{"x":5,"y":-7.5},{"x":6,"y":-7.5},{"x":9,"y":-7.5},{"x":4,"y":-7},{"x":7,"y":-7},{"x":2,"y":-6.5},{"x":3,"y":-6.5},{"x":5,"y":-6.5},{"x":6,"y":-6.5},{"x":8,"y":-6.5},{"x":9,"y":-6.5},{"x":2,"y":-5.5},{"x":3,"y":-5.5},{"x":4,"y":-5.5},{"x":7,"y":-5.5},{"x":8,"y":-5.5},{"x":9,"y":-5.5},{"x":5,"y":-5},{"x":6,"y":-5},{"x":2,"y":-4.5},{"x":4,"y":-4.5},{"x":7,"y":-4.5},{"x":9,"y":-4.5},{"x":3,"y":-4},{"x":8,"y":-4},{"x":2,"y":-3.5},{"x":4.5,"y":-3.5},{"x":6.5,"y":-3.5},{"x":9,"y":-3.5},{"x":3,"y":-3},{"x":8,"y":-3},{"x":2,"y":-2.5},{"x":5,"y":-2.5},{"x":6,"y":-2.5},{"x":9,"y":-2.5},{"x":4,"y":-2},{"x":7,"y":-2}]}],"seeds":["1xV0TAhGA9UpTjE1irEoQcWFVvho3ueIC6GGVWeC0cQVAoWIxBBilKR1gSaIj/cJygJ2JCVuILQFTYIcGJNg3ncQoaWBY8eJ3geCmpZ5p4RyUymCHAalnEeA2TIZoAAA"]},{"layers":[{"index":0,"tiles":[{"x":2,"y":-8.5},{"x":5,"y":-8.5},{"x":6,"y":-8.5},{"x":9,"y":-8.5},{"x":3,"y":-8},{"x":4,"y":-8},{"x":7,"y":-8},{"x":8,"y":-8},{"x":2,"y":-7.5},{"x":5,"y":-7.5},{"x":6,"y":-7.5},{"x":9,"y":-7.5},{"x":2,"y":-6.5},{"x":3.5,"y":-6.5},{"x":5,"y":-6.5},{"x":6,"y":-6.5},{"x":7.5,"y":-6.5},{"x":9,"y":-6.5},{"x":3.5,"y":-5.5},{"x":7.5,"y":-5.5},{"x":4.5,"y":-5},{"x":5.5,"y":-5},{"x":6.5,"y":-5},{"x":3.5,"y":-4.5},{"x":7.5,"y":-4.5},{"x":2,"y":-3.5},{"x":3.5,"y":-3.5},{"x":5,"y":-3.5},{"x":6,"y":-3.5},{"x":7.5,"y":-3.5},{"x":9,"y":-3.5},{"x":2,"y":-2.5},{"x":5,"y":-2.5},{"x":6,"y":-2.5},{"x":9,"y":-2.5},{"x":3,"y":-2},{"x":4,"y":-2},{"x":7,"y":-2},{"x":8,"y":-2},{"x":2,"y":-1.5},{"x":5,"y":-1.5},{"x":6,"y":-1.5},{"x":9,"y":-1.5}]},{"index":1,"tiles":[{"x":2,"y":-8.5},{"x":5,"y":-8.5},{"x":6,"y":-8.5},{"x":9,"y":-8.5},{"x":3,"y":-8},{"x":4,"y":-8},{"x":7,"y":-8},{"x":8,"y":-8},{"x":2,"y":-7.5},{"x":5,"y":-7.5},{"x":6,"y":-7.5},{"x":9,"y":-7.5},{"x":2,"y":-6.5},{"x":3.5,"y":-6.5},{"x":5,"y":-6.5},{"x":6,"y":-6.5},{"x":7.5,"y":-6.5},{"x":9,"y":-6.5},{"x":3.5,"y":-5.5},{"x":7.5,"y":-5.5},{"x":4.5,"y":-5},{"x":5.5,"y":-5},{"x":6.5,"y":-5},{"x":3.5,"y":-4.5},{"x":7.5,"y":-4.5},{"x":2,"y":-3.5},{"x":3.5,"y":-3.5},{"x":5,"y":-3.5},{"x":6,"y":-3.5},{"x":7.5,"y":-3.5},{"x":9,"y":-3.5},{"x":2,"y":-2.5},{"x":5,"y":-2.5},{"x":6,"y":-2.5},{"x":9,"y":-2.5},{"x":3,"y":-2},{"x":4,"y":-2},{"x":7,"y":-2},{"x":8,"y":-2},{"x":2,"y":-1.5},{"x":5,"y":-1.5},{"x":6,"y":-1.5},{"x":9,"y":-1.5}]},{"index":2,"tiles":[{"x":2,"y":-8.5},{"x":5,"y":-8.5},{"x":6,"y":-8.5},{"x":9,"y":-8.5},{"x":3,"y":-8},{"x":4,"y":-8},{"x":7,"y":-8},{"x":8,"y":-8},{"x":2,"y":-7.5},{"x":5,"y":-7.5},{"x":6,"y":-7.5},{"x":9,"y":-7.5},{"x":2,"y":-6.5},{"x":3.5,"y":-6.5},{"x":5,"y":-6.5},{"x":6,"y":-6.5},{"x":7.5,"y":-6.5},{"x":9,"y":-6.5},{"x":3.5,"y":-5.5},{"x":7.5,"y":-5.5},{"x":3.5,"y":-4.5},{"x":7.5,"y":-4.5},{"x":2,"y":-3.5},{"x":3.5,"y":-3.5},{"x":5,"y":-3.5},{"x":6,"y":-3.5},{"x":7.5,"y":-3.5},{"x":9,"y":-3.5},{"x":2,"y":-2.5},{"x":5,"y":-2.5},{"x":6,"y":-2.5},{"x":9,"y":-2.5},{"x":3,"y":-2},{"x":4,"y":-2},{"x":7,"y":-2},{"x":8,"y":-2},{"x":2,"y":-1.5},{"x":5,"y":-1.5},{"x":6,"y":-1.5},{"x":9,"y":-1.5}]}],"seeds":["k4g4mShWyOhQUVh+laVYYMpQy+BxXgByTxV2YrEtIMh1nRGKkqk032B02TUFyfCEkRZSxxdsoBdq4nByEONBArcoBEOAGJqAn6ROXKOAIVMJnEdOnbBcGHcUHiV0QQgA"]},{"layers":[{"index":0,"tiles":[{"x":2.5,"y":-8},{"x":5,"y":-8},{"x":6,"y":-8},{"x":7.5,"y":-7.5},{"x":8.5,"y":-7.5},{"x":2.5,"y":-7},{"x":4,"y":-7},{"x":5,"y":-7},{"x":6.5,"y":-7},{"x":3,"y":-6},{"x":4,"y":-6},{"x":5,"y":-5.5},{"x":6,"y":-5.5},{"x":7,"y":-5.5},{"x":8,"y":-5.5},{"x":2.5,"y":-5},{"x":4,"y":-5},{"x":5,"y":-4.5},{"x":6,"y":-4.5},{"x":7,"y":-4.5},{"x":8,"y":-4.5},{"x":3,"y":-4},{"x":4,"y":-4},{"x":2.5,"y":-3},{"x":4,"y":-3},{"x":5,"y":-3},{"x":6.5,"y":-3},{"x":7.5,"y":-2.5},{"x":8.5,"y":-2.5},{"x":2.5,"y":-2},{"x":5,"y":-2},{"x":6,"y":-2}]},{"index":1,"tiles":[{"x":2.5,"y":-8},{"x":5,"y":-8},{"x":6,"y":-8},{"x":7.5,"y":-7.5},{"x":8.5,"y":-7.5},{"x":2.5,"y":-7},{"x":4,"y":-7},{"x":5,"y":-7},{"x":6.5,"y":-7},{"x":3,"y":-6},{"x":4,"y":-6},{"x":5,"y":-5.5},{"x":6,"y":-5.5},{"x":7,"y":-5.5},{"x":8,"y":-5.5},{"x":2.5,"y":-5},{"x":4,"y":-5},{"x":5,"y":-4.5},{"x":6,"y":-4.5},{"x":7,"y":-4.5},{"x":8,"y":-4.5},{"x":3,"y":-4},{"x":4,"y":-4},{"x":2.5,"y":-3},{"x":4,"y":-3},{"x":5,"y":-3},{"x":6.5,"y":-3},{"x":7.5,"y":-2.5},{"x":8.5,"y":-2.5},{"x":2.5,"y":-2},{"x":5,"y":-2},{"x":6,"y":-2}]},{"index":2,"tiles":[{"x":2.5,"y":-8},{"x":5,"y":-8},{"x":6,"y":-8},{"x":7.5,"y":-7.5},{"x":8.5,"y":-7.5},{"x":2.5,"y":-7},{"x":4,"y":-7},{"x":5,"y":-7},{"x":6.5,"y":-7},{"x":3,"y":-6},{"x":4,"y":-6},{"x":5,"y":-5.5},{"x":6,"y":-5.5},{"x":7,"y":-5.5},{"x":8,"y":-5.5},{"x":2.5,"y":-5},{"x":4,"y":-5},{"x":5,"y":-4.5},{"x":6,"y":-4.5},{"x":7,"y":-4.5},{"x":8,"y":-4.5},{"x":3,"y":-4},{"x":4,"y":-4},{"x":2.5,"y":-3},{"x":4,"y":-3},{"x":5,"y":-3},{"x":6.5,"y":-3},{"x":7.5,"y":-2.5},{"x":8.5,"y":-2.5},{"x":2.5,"y":-2},{"x":5,"y":-2},{"x":6,"y":-2}]}],"seeds":["C0EFTSGEwQR5mPUtIilaYJeAoSl01yCBByU5nMeBx8eNoceI2mcUXhpNmlgZQ6Uk3QaFKNYpF/htiAqGDpeVDcE8D3hGSAaG"]}]]],0,0,[],[],[]]
