{"skeleton":{"hash":"LsI03gE6jelo+ligmZhzki+/Ri4","spine":"3.8.99","x":-162.32,"y":-8.4,"width":264.96,"height":208.49,"images":"./images/","audio":""},"bones":[{"name":"root"},{"name":"[RED] SKELETON CONTROL","parent":"root","scaleX":0.347,"scaleY":0.347,"color":"ff0000ff"},{"name":"shadow","parent":"[RED] SKELETON CONTROL","x":-2.12,"y":26.69,"scaleX":0.6069,"scaleY":0.5535,"color":"000000ff"},{"name":"body","parent":"[RED] SKELETON CONTROL","x":-36.56,"y":251.9,"color":"0c00c4ff"},{"name":"body2","parent":"body","length":74.37,"rotation":20.75,"x":6.98,"y":6.94},{"name":"body3","parent":"body2","length":80.22,"rotation":4.64,"x":74.37},{"name":"body4","parent":"body3","length":64.65,"rotation":33.97,"x":80.22},{"name":"head","parent":"body4","length":121.45,"rotation":-48.6,"x":114.71,"y":16.03},{"name":"mouth_2","parent":"head","length":112.01,"rotation":-40.92,"x":13.17,"y":-52.01},{"name":"body5","parent":"body","length":83.1,"rotation":-159.65,"x":-11.66,"y":-2.03},{"name":"body6","parent":"body5","length":68.63,"rotation":-10.39,"x":83.1},{"name":"body7","parent":"body6","length":58.42,"rotation":-13.5,"x":68.63},{"name":"body8","parent":"body7","length":55.48,"rotation":-14.89,"x":58.42},{"name":"body9","parent":"body8","length":54.79,"rotation":-11.51,"x":55.48},{"name":"body10","parent":"body9","length":56.09,"rotation":1.97,"x":54.79},{"name":"body11","parent":"body10","length":60.93,"rotation":20.19,"x":56.09},{"name":"leg_1","parent":"body","length":88.9,"rotation":-103.61,"x":-16.73,"y":-25.64},{"name":"leg_3","parent":"leg_1","length":71.56,"rotation":-67.71,"x":87.72,"y":-0.8},{"name":"leg_5","parent":"leg_3","length":105.31,"rotation":89.57,"x":71.27,"y":1.68},{"name":"leg_6","parent":"[RED] SKELETON CONTROL","length":45.98,"rotation":-1.21,"x":-130.34,"y":24.56,"color":"ff3f00ff"},{"name":"leg_4","parent":"body","length":88.2,"rotation":-93.27,"x":73.41,"y":5.61},{"name":"leg_7","parent":"leg_4","length":63.98,"rotation":-79.95,"x":88.2},{"name":"leg_8","parent":"leg_7","length":103.82,"rotation":92.29,"x":63.98},{"name":"leg_9","parent":"[RED] SKELETON CONTROL","length":56.96,"rotation":-6.34,"x":-15.36,"y":59.37,"color":"ff3f00ff"},{"name":"hand_3","parent":"body2","length":55.82,"rotation":-94.15,"x":79.92,"y":-55.76},{"name":"hand_4","parent":"hand_3","length":54.41,"rotation":54.85,"x":55.82},{"name":"hand_5","parent":"hand_4","length":30.43,"rotation":68.09,"x":54.41},{"name":"hand_6","parent":"hand_5","length":21.65,"rotation":-61.06,"x":30.43},{"name":"hand_7","parent":"body2","length":54.78,"rotation":-89.56,"x":133.88,"y":-30.34},{"name":"hand_8","parent":"hand_7","length":59.3,"rotation":49.39,"x":54.78},{"name":"hand_9","parent":"hand_8","length":30.35,"rotation":66.4,"x":59.3},{"name":"hand_10","parent":"hand_9","length":28.54,"rotation":-51.77,"x":30.35}],"slots":[{"name":"shadow","bone":"shadow","attachment":"shadow"},{"name":"leg_5","bone":"[RED] SKELETON CONTROL","attachment":"leg_5"},{"name":"leg_4","bone":"leg_7","attachment":"leg_4"},{"name":"hand_5","bone":"hand_7","attachment":"hand_5"},{"name":"hand_4","bone":"hand_9","attachment":"hand_4"},{"name":"tail","bone":"body","attachment":"tail"},{"name":"body","bone":"body","attachment":"body"},{"name":"leg_3","bone":"leg_5","attachment":"leg_3"},{"name":"leg_2","bone":"leg_3","attachment":"leg_2"},{"name":"leg_1","bone":"leg_1","attachment":"leg_1"},{"name":"hand_6","bone":"hand_3","attachment":"hand_3"},{"name":"hand_3","bone":"hand_3"},{"name":"hand_2","bone":"hand_4","attachment":"hand_2"},{"name":"hand_1","bone":"hand_5","attachment":"hand_1"},{"name":"mouth_2","bone":"mouth_2","attachment":"mouth_2"},{"name":"mouth_1","bone":"mouth_2","attachment":"mouth_1"},{"name":"head_3","bone":"head","attachment":"head_2"},{"name":"head_2","bone":"head"},{"name":"head2","bone":"head","attachment":"head"},{"name":"head","bone":"head"},{"name":"eye_close","bone":"head"},{"name":"lv10_Tricenatorus mini_2","bone":"root"}],"ik":[{"name":"leg_6","bones":["leg_3","leg_5"],"target":"leg_6"},{"name":"leg_9","order":1,"bones":["leg_7","leg_8"],"target":"leg_9"}],"skins":[{"name":"default","attachments":{"body":{"body":{"type":"mesh","uvs":[0.36554,0.02832,0.45455,0.08873,0.55526,0.23293,0.59162,0.20606,0.64759,0.18357,0.70892,0.17142,0.75153,0.1084,0.79633,0.05478,0.84226,0.02085,0.90553,0.02057,0.95656,0.0434,0.99202,0.08998,1,0.17416,0.99292,0.25476,0.96546,0.32365,0.94186,0.36337,0.89846,0.4015,0.84591,0.42725,0.81769,0.47498,0.78907,0.55461,0.75731,0.64112,0.71994,0.72529,0.67683,0.80933,0.62039,0.8682,0.54997,0.92526,0.48374,0.96048,0.39026,0.97808,0.32363,0.97255,0.23049,0.96481,0.1564,0.89018,0.09309,0.72733,0.0657,0.55925,0,0.48789,0,0.39643,0.05084,0.24659,0.12971,0.16314,0.22144,0.06608,0.28708,0,0.11456,0.47927,0.25203,0.33043,0.37722,0.25691,0.48278,0.22284,0.2884,0.78971,0.41258,0.74662,0.52899,0.67405,0.6423,0.5584,0.72612,0.39738,0.80994,0.26585],"triangles":[11,12,10,47,7,8,6,7,47,10,12,9,8,9,47,13,14,12,12,14,9,9,14,47,15,47,14,16,47,15,16,17,47,5,6,47,46,5,47,4,5,46,17,46,47,18,46,17,19,46,18,3,46,2,46,3,4,2,41,1,45,46,19,45,2,46,20,45,19,44,41,2,44,2,45,21,45,20,22,44,45,21,22,45,23,44,22,40,0,1,40,1,41,36,40,39,0,36,37,40,36,0,35,36,39,40,41,44,43,40,44,39,40,43,24,44,23,43,44,24,25,43,24,25,26,43,39,38,34,39,34,35,33,34,38,32,33,38,31,32,38,30,31,38,42,38,39,42,30,38,39,43,42,29,30,42,28,29,42,26,27,42,43,26,42,28,42,27],"vertices":[4,9,-86.05,-165.8,0.15776,4,66.62,163.4,0.56589,5,5.5,163.49,0.26627,6,29.4,177.34,0.01008,4,9,-115.83,-135.75,0.08281,4,96.18,133.14,0.51108,5,32.52,130.94,0.36543,6,33.61,135.25,0.04069,4,9,-141.73,-80.77,0.00776,4,121.69,77.99,0.18373,5,53.48,73.9,0.51546,6,19.12,76.23,0.29304,4,9,-159.18,-82.76,0.00103,4,139.15,79.84,0.06807,5,71.04,74.34,0.39856,6,33.93,66.78,0.53234,4,4,164.06,77.5,0.01475,5,95.68,69.99,0.1936,6,51.93,49.4,0.79045,7,-66.55,-25.03,0.0012,4,4,190.05,71.48,0.00063,5,121.09,61.89,0.03356,6,68.48,28.48,0.89577,7,-39.92,-26.44,0.07005,4,5,145.66,70.81,0.00035,6,93.83,22.15,0.4834,8,-50.32,9.85,0.04199,7,-18.4,-11.61,0.47426,3,6,117.28,13.6,0.00348,8,-41.57,33.23,0.00001,7,3.52,0.32,0.9965,1,7,24.84,6.46,1,2,8,-5.94,65.59,0.00451,7,51.65,1.44,0.99549,2,8,16.46,70.81,0.20908,7,71.99,-9.29,0.79092,2,8,36.58,66.61,0.39025,7,84.44,-25.64,0.60975,2,8,52.03,46.86,0.64425,7,83.18,-50.68,0.35575,2,8,61.33,24.77,0.87533,7,75.74,-73.46,0.12467,2,8,61.3,1.25,0.9979,7,60.32,-91.22,0.0021,2,6,70.91,-86.76,0.02561,8,58.39,-13.99,0.97439,3,5,165.78,-34.46,0.00171,6,51.7,-76.39,0.15898,8,47.87,-33.11,0.83931,3,5,142.06,-31.61,0.04066,6,33.62,-60.77,0.44281,8,32.1,-51.05,0.51653,3,5,125.04,-39.11,0.18985,6,15.31,-57.48,0.56227,8,28.65,-69.34,0.24788,4,4,182.3,-46.46,0.00491,5,103.82,-55.04,0.55878,6,-11.19,-58.83,0.36336,8,29.78,-95.85,0.07294,4,4,160.45,-65.47,0.04323,5,80.51,-72.23,0.83032,6,-40.12,-60.06,0.11369,8,30.76,-124.79,0.01275,5,9,-157.77,80.09,0.00156,4,136.59,-82.99,0.14316,5,55.31,-87.75,0.83833,6,-69.7,-58.85,0.0165,8,29.31,-154.35,0.00046,4,9,-131.73,96.87,0.01429,4,110.44,-99.59,0.29058,5,27.89,-102.18,0.69506,6,-100.49,-55.49,0.00006,3,9,-102.89,104.7,0.05052,4,81.53,-107.21,0.44142,5,-1.53,-107.44,0.50805,3,9,-68.58,109.93,0.14696,4,47.19,-112.19,0.56764,5,-36.17,-109.62,0.2854,3,9,-38.2,109.74,0.28833,4,16.81,-111.79,0.56653,5,-66.41,-106.77,0.14514,3,9,1.38,100.6,0.56394,4,-22.7,-102.37,0.39789,5,-105.04,-94.18,0.03817,3,9,27.74,89.09,0.77476,4,-48.98,-90.67,0.2172,5,-130.28,-80.39,0.00804,2,9,64.58,72.99,0.95518,4,-85.71,-74.31,0.04482,2,9,86.87,41.24,0.99895,4,-107.77,-42.4,0.00105,2,9,95.75,-13.29,0.99515,4,-116.26,12.19,0.00485,3,9,89.57,-63.88,0.88467,4,-109.73,62.74,0.11399,5,-178.41,77.43,0.00133,3,9,108.8,-93.47,0.82382,4,-128.75,92.46,0.17254,5,-194.97,108.59,0.00364,3,9,99.42,-118.77,0.78644,4,-119.19,117.69,0.20532,5,-183.39,132.97,0.00824,3,9,63.51,-152.59,0.65519,4,-83.04,151.26,0.31182,5,-144.64,163.5,0.03299,3,9,23.08,-163.85,0.49482,4,-42.52,162.23,0.42684,5,-103.38,171.16,0.07834,4,9,-23.95,-176.95,0.29339,4,4.59,175,0.54106,5,-55.38,180.07,0.16539,6,-11.83,225.11,0.00016,4,9,-57.6,-186.33,0.21411,4,38.31,184.13,0.56853,5,-21.03,186.45,0.21533,6,20.22,211.2,0.00202,3,9,61.63,-78.68,0.81229,4,-81.67,77.34,0.18016,5,-149.27,89.71,0.00755,4,9,-9.19,-99.25,0.39947,4,-10.71,97.4,0.51271,5,-76.92,103.97,0.08764,6,-72.21,174.03,0.00018,4,9,-67.33,-100.82,0.1246,4,47.43,98.56,0.59007,5,-18.87,100.42,0.26753,6,-26.06,138.65,0.01781,4,9,-113.48,-94.43,0.03649,4,93.53,91.84,0.40749,5,26.54,89.99,0.46097,6,5.77,104.62,0.09505,3,9,23.22,33.24,0.92495,4,-44.06,-34.85,0.07498,5,-120.86,-25.15,0.00006,3,9,-31.38,39.93,0.26661,4,10.49,-41.93,0.70236,5,-67.06,-36.62,0.03103,3,9,-85.87,37.3,0.02245,4,64.99,-39.69,0.62548,5,-12.55,-38.8,0.35206,4,4,122.75,-25.09,0.0305,5,46.2,-28.92,0.96817,6,-44.38,-4.97,0.0012,8,-24.35,-128.58,0.00014,3,5,99.2,-1.51,0.01132,6,14.9,-11.86,0.95124,8,-16.97,-69.37,0.03744,2,6,66.69,-23.17,0.42764,8,-5.22,-17.67,0.57236],"hull":38,"edges":[2,4,64,66,66,68,56,58,58,60,60,62,62,64,4,6,6,8,8,10,10,12,12,14,14,16,16,18,18,20,20,22,22,24,24,26,26,28,34,32,28,30,32,30,34,36,36,38,38,40,40,42,42,44,44,46,46,48,48,50,50,52,52,54,54,56,68,70,70,72,72,74,0,2,74,0],"width":427,"height":295}},"eye_close":{"eye_close":{"x":10.73,"y":-4.97,"rotation":-10.77,"width":38,"height":32}},"hand_1":{"hand_1":{"x":24.69,"y":-8.98,"rotation":-49.5,"width":72,"height":63}},"hand_2":{"hand_2":{"x":19.99,"y":1.54,"rotation":18.6,"width":78,"height":54}},"hand_4":{"hand_4":{"type":"mesh","uvs":[1,1,0,1,0,0,1,0],"triangles":[1,2,3,1,3,0],"vertices":[26.18,-57.96,-21.62,-6.83,24.4,36.19,72.2,-14.94],"hull":4,"edges":[0,2,2,4,4,6,0,6],"width":70,"height":63}},"hand_5":{"hand_5":{"type":"mesh","uvs":[0.41368,0.13919,0.42092,0.38214,0.54904,0.57161,0.72535,0.65017,0.90705,0.67418,1,0.77496,1,0.87077,0.95136,1,0.89636,1,0.64302,0.89878,0.51467,0.84749,0.2714,0.82694,0.13461,0.70253,0.05134,0.54695,0,0.35473,0.05671,0.01498,0.29408,0.0095,0.24535,0.46694],"triangles":[7,8,6,9,3,8,8,4,6,8,3,4,9,10,3,4,5,6,10,2,3,10,11,2,12,17,11,2,17,1,2,11,17,12,13,17,13,14,17,14,15,17,17,0,1,17,16,0,17,15,16],"vertices":[1,28,31.4,26.04,1,2,28,48.87,20.02,0.52723,29,11.35,17.52,0.47277,1,29,27.75,8.04,1,1,29,45.7,8.06,1,1,29,62.75,12.15,1,1,29,73.72,7.9,1,1,29,76.14,1.03,1,1,29,75.01,-9.78,1,1,29,70.03,-11.54,1,1,29,44.54,-12.39,1,1,29,31.62,-12.82,1,1,29,9.08,-19.13,1,2,28,61.66,-14.39,0.3151,29,-6.45,-14.6,0.6849,2,28,47.75,-17.58,0.9374,29,-17.92,-6.11,0.0626,1,28,32.35,-16.91,1,1,28,10.23,-2.52,1,1,28,18.06,18.88,1,2,28,48.8,1.98,0.94275,29,-2.39,5.83,0.05725],"hull":17,"edges":[10,12,12,14,14,16,28,30,30,32,28,26,24,26,24,22,22,20,0,32,0,2,2,4,4,6,8,10,6,8,16,18,18,20],"width":96,"height":76}},"hand_6":{"hand_3":{"x":26.93,"y":-0.34,"rotation":73.44,"width":52,"height":87}},"head2":{"head":{"x":54.39,"y":36.11,"rotation":-10.77,"width":184,"height":209}},"head_3":{"head_2":{"x":-34.53,"y":12.81,"rotation":-10.77,"width":117,"height":132}},"leg_1":{"leg_1":{"x":44.41,"y":0.01,"rotation":103.61,"width":84,"height":145}},"leg_2":{"leg_2":{"x":30.19,"y":-4.51,"rotation":171.32,"width":131,"height":63}},"leg_3":{"leg_3":{"type":"mesh","uvs":[0.01174,0.06455,0.08225,0.01309,0.24263,0.01208,0.32576,0.06672,0.36276,0.16743,0.37162,0.36203,0.38792,0.51149,0.43185,0.57934,0.52482,0.58099,0.61596,0.4984,0.72697,0.4496,0.87248,0.46352,0.96767,0.55356,0.98607,0.67948,0.98439,0.94904,0.91069,0.95665,0.85464,0.90828,0.73799,0.91647,0.68586,0.9799,0.4914,1,0.30278,0.9804,0.19011,0.91943,0.14584,0.83889,0.14466,0.71186,0.1252,0.56826,0.09831,0.36978,0.01164,0.15518,0.30395,0.68012],"triangles":[20,27,19,18,19,17,8,17,19,8,19,27,15,16,14,14,16,13,16,17,13,13,17,8,13,8,9,13,10,12,12,10,11,9,10,13,20,21,27,21,22,27,27,7,8,22,23,27,23,24,27,27,6,7,27,24,6,6,25,5,6,24,25,25,26,4,1,4,26,25,4,5,3,4,2,2,4,1,26,0,1],"vertices":[1,18,-4.88,-24.83,1,1,18,-11.08,-14.53,1,1,18,-8.19,6.45,1,1,18,1.39,16.14,1,1,18,16.84,18.84,1,1,18,45.51,15.86,1,1,18,67.42,14.29,1,2,18,76.32,16.58,0.66692,19,19.11,27.11,0.33308,2,18,73.58,26.08,0.21243,19,28.19,28.73,0.78757,1,19,39.09,42.04,1,1,19,53.52,49.64,1,1,19,72.77,47.98,1,1,19,85.61,34.93,1,1,19,88.43,16.35,1,1,19,89.05,-23.54,1,1,19,79.35,-24.88,1,1,19,71.79,-17.91,1,1,19,56.34,-19.68,1,1,19,49.44,-29.46,1,1,19,23.17,-33.15,1,2,18,136.17,0.31,0.08541,19,-1.47,-30.05,0.91459,2,18,128.46,-15.18,0.34012,19,-15.86,-21.38,0.65988,2,18,116.37,-22.52,0.62098,19,-22.13,-9.16,0.37902,1,18,93.62,-22.1,1,1,18,71.05,-20.71,1,1,18,41.47,-20.01,1,1,18,8.39,-26.77,1,1,18,90.82,0.25,1],"hull":27,"edges":[38,40,40,42,42,44,44,46,50,52,52,0,0,2,2,4,4,6,6,8,8,10,10,12,12,14,14,16,18,20,16,18,46,48,48,50,20,22,22,24,26,28,24,26,36,38,36,34,34,32,28,30,32,30],"width":132,"height":148}},"leg_4":{"leg_4":{"x":23.16,"y":-8.95,"rotation":173.22,"width":135,"height":78}},"leg_5":{"leg_5":{"type":"mesh","uvs":[0.34335,0.08498,0.35261,0.15206,0.34791,0.26568,0.36019,0.39943,0.38244,0.52007,0.42772,0.59612,0.51316,0.5723,0.5949,0.50548,0.71486,0.46816,0.85092,0.48261,0.92633,0.56062,0.94968,0.66748,0.92124,0.93351,0.81929,0.87273,0.70034,0.88996,0.61963,0.95347,0.40587,0.95722,0.22895,0.9228,0.14999,0.82573,0.14713,0.70043,0.13268,0.58179,0.10141,0.38967,0.00501,0.12761,0.0146,0.0453,0.10229,0.00489,0.25604,0.00709,0.30485,0.69605],"triangles":[7,8,11,10,8,9,11,8,10,11,6,7,11,14,6,13,14,11,12,13,11,14,5,6,15,26,14,16,17,26,15,16,26,24,0,1,22,23,1,23,24,1,0,24,25,2,21,1,21,22,1,21,2,3,20,21,3,20,3,4,26,20,4,26,4,5,19,20,26,18,19,26,17,18,26,14,26,5],"vertices":[1,22,5.97,17.55,1,1,22,16.16,17.13,1,1,22,33.01,13.83,1,1,22,53.2,12.21,1,1,22,71.64,12.18,1,2,22,83.9,16.14,0.62726,23,10.27,23.49,0.37274,2,22,82.09,27.59,0.19301,23,20.82,28.28,0.80699,1,23,30.19,39.47,1,1,23,44.95,46.78,1,1,23,62.63,46.55,1,1,23,73.6,35.92,1,1,23,78.38,20.22,1,1,23,79.17,-20.11,1,1,23,65.08,-12.44,1,1,23,50.12,-16.73,1,1,23,40.83,-27.41,1,1,23,13.49,-31.01,1,2,22,128.58,-16.96,0.199,23,-9.77,-28.37,0.801,2,22,112.5,-24.71,0.56564,23,-21.51,-14.93,0.43436,1,22,93.76,-22.09,1,1,22,75.77,-21.11,1,1,22,46.49,-20.52,1,1,22,5.45,-26.57,1,1,22,-6.63,-23.39,1,1,22,-10.87,-11.26,1,1,22,-7.42,8.28,1,1,22,96.31,-1.89,1],"hull":26,"edges":[10,8,8,6,6,4,4,2,10,12,12,14,14,16,16,18,18,20,20,22,22,24,24,26,26,28,28,30,30,32,32,34,34,36,36,38,38,40,40,42,42,44,44,46,46,48,48,50,2,0,50,0],"width":129,"height":151}},"mouth_1":{"mouth_1":{"x":45.47,"y":9.38,"rotation":30.15,"width":142,"height":113}},"mouth_2":{"mouth_2":{"x":47.08,"y":26.5,"rotation":30.15,"width":109,"height":96}},"shadow":{"shadow":{"x":-7.6,"y":-6.23,"scaleX":2.8208,"scaleY":2.5673,"rotation":-0.22,"width":181,"height":66}},"tail":{"tail":{"type":"mesh","uvs":[0.18952,0.02909,0.22793,0.06142,0.26919,0.09286,0.33076,0.16556,0.37993,0.22362,0.43539,0.28911,0.52986,0.31175,0.60714,0.2775,0.70357,0.23477,0.78212,0.19996,0.84421,0.20934,0.91313,0.2717,0.95368,0.3547,0.98004,0.44939,1,0.55905,1,0.69975,0.9858,0.87253,0.96241,0.97919,0.89238,0.99297,0.80035,0.99405,0.70199,0.99521,0.6059,0.96254,0.52421,0.89336,0.44893,0.82041,0.38154,0.73879,0.32269,0.65085,0.2722,0.54955,0.23336,0.46345,0.19843,0.37163,0.15943,0.29489,0.11447,0.248,0.06039,0.21134,0.01389,0.1894,0,0.16864,0,0.1145,0.05065,0.07702,0.09839,0.06729,0.13463,0.05383,0.14902,0.00424],"triangles":[18,19,11,19,9,10,17,18,15,18,11,12,11,19,10,16,17,15,18,13,15,12,13,18,13,14,15,20,8,19,20,7,8,8,9,19,21,7,20,21,22,7,7,22,6,22,23,6,6,23,5,23,24,5,24,25,5,25,4,5,25,26,4,26,3,4,26,27,3,27,2,3,27,28,2,28,1,2,28,29,1,29,37,0,29,0,1,30,37,29,0,37,38,31,36,30,30,36,37,32,35,31,31,35,36,35,32,34,32,33,34],"vertices":[2,15,-10.58,-26.81,0.25964,14,55.42,-28.82,0.74036,3,15,-27.35,-24.02,0.02469,14,38.71,-31.99,0.96521,13,94.57,-30.64,0.0101,2,14,20.99,-35.84,0.88033,13,77,-35.1,0.11967,3,14,-7.33,-38.05,0.32833,13,48.77,-38.28,0.66102,12,95.63,-47.24,0.01065,4,14,-29.94,-39.81,0.04288,13,26.23,-40.81,0.82012,12,73.03,-45.22,0.13531,11,117.38,-62.47,0.0017,3,13,0.8,-43.67,0.40433,12,47.55,-42.95,0.54292,11,93.33,-53.72,0.05275,4,13,-35.59,-60.56,0.01682,12,8.52,-52.24,0.44314,11,53.23,-52.67,0.49495,10,108.09,-63.64,0.04509,4,12,-20.8,-67.64,0.09468,11,20.94,-60.02,0.58465,10,74.97,-63.25,0.31233,9,145.44,-75.74,0.00834,4,12,-57.39,-86.86,0.00252,11,-19.37,-69.2,0.17057,10,33.64,-62.76,0.66153,9,104.87,-67.8,0.16538,3,11,-52.19,-76.67,0.02359,10,-0.02,-62.37,0.43739,9,71.83,-61.34,0.53902,3,11,-78.5,-76.84,0.00119,10,-25.64,-56.39,0.17003,9,47.72,-50.84,0.82879,2,10,-52.67,-41.76,0.01405,9,23.76,-31.58,0.98595,1,9,12.18,-13.47,1,1,9,6.87,4.25,1,1,9,4.9,23.23,1,2,10,-77.31,30.36,0.00016,9,12.53,43.81,0.99984,2,10,-66.74,55.87,0.0197,9,27.54,66.99,0.9803,2,10,-54.11,70.55,0.04854,9,42.6,79.15,0.95146,2,10,-24.57,67.54,0.19072,9,71.12,70.87,0.80928,3,11,-67.55,46.49,0.00278,10,13.8,60.98,0.66102,9,107.67,57.49,0.33621,3,11,-26.03,49.24,0.18699,10,54.81,53.96,0.79158,9,146.75,43.19,0.02143,2,11,14.85,46.67,0.79804,10,93.97,41.91,0.20196,3,12,-17.9,34.6,0.16134,11,50.01,38.04,0.83755,10,126.14,25.31,0.00111,2,12,15.9,33.87,0.86422,11,82.49,28.65,0.13578,2,13,-14.48,28.49,0.18686,12,46.97,30.81,0.81314,2,13,13.94,29.03,0.86822,12,74.93,25.66,0.13178,2,14,-13.56,26.48,0.07541,13,40.33,25.99,0.92459,2,14,7.26,22.32,0.66048,13,61.27,22.56,0.33952,2,14,27.03,16.61,0.99661,13,81.23,17.52,0.00339,2,15,-3.58,15.99,0.13497,14,47.21,13.77,0.86503,2,15,16.25,11.32,0.9664,14,67.44,16.23,0.0336,1,15,39.69,8.75,1,1,15,59.64,8.03,1,1,15,65.9,5.62,1,1,15,67.05,-2.75,1,1,15,46.61,-11.45,1,2,15,26.81,-15.69,0.99916,14,86.67,-5.47,0.00084,2,15,11.9,-19.85,0.83784,14,74.12,-14.52,0.16216,2,15,6.92,-28.34,0.64639,14,72.37,-24.2,0.35361],"hull":39,"edges":[10,12,28,30,66,68,68,70,70,72,72,74,74,76,76,0,0,2,2,4,4,6,6,8,8,10,12,14,14,16,16,18,18,20,20,22,22,24,26,28,24,26,30,32,36,34,34,32,64,66,64,62,62,60,60,58,58,56,56,54,54,52,52,50,48,50,48,46,46,44,44,42,42,40,36,38,38,40],"width":423,"height":156}}}}],"events":{"finished_attacking":{}},"animations":{"attack":{"slots":{"eye_close":{"attachment":[{"time":0.7,"name":"eye_close"},{"time":0.7667,"name":null}]}},"bones":{"hand_5":{"rotate":[{"angle":1.54,"curve":0.347,"c2":0.38,"c3":0.683,"c4":0.73},{"time":0.0667,"angle":4.68,"curve":0.375,"c2":0.62,"c3":0.716},{"time":0.1667,"angle":7.42,"curve":0.265,"c3":0.618,"c4":0.43},{"time":0.3333,"angle":1.45,"curve":0.351,"c2":0.4,"c3":0.757},{"time":0.6667,"angle":-13.62,"curve":0.245,"c3":0.637,"c4":0.56},{"time":0.9667,"angle":-0.24,"curve":0.337,"c2":0.35,"c3":0.671,"c4":0.68},{"time":1,"angle":1.54}]},"hand_8":{"rotate":[{"angle":6.03,"curve":0.366,"c2":0.63,"c3":0.703},{"time":0.0667,"angle":7.42,"curve":0.248,"c3":0.628,"c4":0.52},{"time":0.3333,"angle":-4.03,"curve":0.378,"c2":0.52,"c3":0.748},{"time":0.5667,"angle":-13.62,"curve":0.243,"c3":0.68,"c4":0.71},{"time":0.9667,"angle":4.68,"curve":0.345,"c2":0.39,"c3":0.679,"c4":0.72},{"time":1,"angle":6.03}]},"body":{"rotate":[{"curve":0.25,"c3":0.625,"c4":0.5},{"time":0.5,"angle":9.28,"curve":0.335,"c2":0.34,"c3":0.67,"c4":0.68},{"time":0.6,"angle":-22.69,"curve":0.381,"c2":0.55,"c3":0.742},{"time":0.7,"angle":-29.47,"curve":0.381,"c2":0.55,"c3":0.742},{"time":1}],"translate":[{"curve":0.25,"c3":0.75},{"time":0.5,"x":-142.15,"y":-15.47,"curve":0.284,"c3":0.625,"c4":0.38},{"time":0.6,"x":61.78,"y":-22.64,"curve":"stepped"},{"time":0.7,"x":61.78,"y":-22.64,"curve":0.32,"c2":0.29,"c3":0.757},{"time":1}]},"hand_9":{"rotate":[{"angle":1.54,"curve":0.347,"c2":0.38,"c3":0.683,"c4":0.73},{"time":0.0667,"angle":4.68,"curve":0.375,"c2":0.62,"c3":0.716},{"time":0.1667,"angle":7.42,"curve":0.265,"c3":0.618,"c4":0.43},{"time":0.3333,"angle":1.45,"curve":0.351,"c2":0.4,"c3":0.757},{"time":0.6667,"angle":-13.62,"curve":0.245,"c3":0.637,"c4":0.56},{"time":0.9667,"angle":-0.24,"curve":0.337,"c2":0.35,"c3":0.671,"c4":0.68},{"time":1,"angle":1.54}]},"body2":{"rotate":[{"angle":-6.38,"curve":0.375,"c2":0.62,"c3":0.716},{"time":0.1,"angle":-7.91,"curve":0.243,"c3":0.68,"c4":0.71},{"time":0.5,"angle":21.06,"curve":0.375,"c2":0.62,"c3":0.716},{"time":0.6,"angle":2.76,"curve":0.243,"c3":0.68,"c4":0.71},{"time":1,"angle":-6.38}]},"body3":{"rotate":[{"angle":-3.62,"curve":0.349,"c2":0.39,"c3":0.689,"c4":0.74},{"time":0.1,"angle":-6.38,"curve":0.375,"c2":0.62,"c3":0.716},{"time":0.2,"angle":-7.91,"curve":0.245,"c3":0.637,"c4":0.56},{"time":0.5,"angle":18.25,"curve":0.349,"c2":0.39,"c3":0.689,"c4":0.74},{"time":0.6,"angle":7.75,"curve":0.375,"c2":0.62,"c3":0.716},{"time":0.7,"angle":3.89,"curve":0.245,"c3":0.637,"c4":0.56},{"time":1,"angle":-3.62}]},"body4":{"rotate":[{"angle":-0.49,"curve":0.33,"c2":0.32,"c3":0.67,"c4":0.68},{"time":0.1,"angle":-3.62,"curve":0.349,"c2":0.39,"c3":0.689,"c4":0.74},{"time":0.2,"angle":-6.38,"curve":0.375,"c2":0.62,"c3":0.716},{"time":0.3,"angle":-7.91,"curve":0.258,"c3":0.619,"c4":0.45},{"time":0.5,"angle":-58.38,"curve":0.33,"c2":0.32,"c3":0.67,"c4":0.68},{"time":0.6,"angle":-34.27,"curve":0.381,"c2":0.55,"c3":0.742},{"time":0.8,"angle":3.89,"curve":0.258,"c3":0.619,"c4":0.45},{"time":1,"angle":-0.49}]},"body9":{"rotate":[{"angle":-1.92,"curve":0.329,"c2":0.32,"c3":0.663,"c4":0.65},{"time":0.0333,"angle":0.71,"curve":0.33,"c2":0.32,"c3":0.67,"c4":0.68},{"time":0.1333,"angle":8.67,"curve":0.349,"c2":0.39,"c3":0.689,"c4":0.74},{"time":0.2333,"angle":15.7,"curve":0.375,"c2":0.62,"c3":0.716},{"time":0.3333,"angle":19.61,"curve":0.25,"c3":0.75},{"time":0.8333,"angle":-10.45,"curve":0.284,"c3":0.625,"c4":0.38},{"time":0.9333,"angle":-6.57,"curve":0.317,"c2":0.27,"c3":0.653,"c4":0.62},{"time":1,"angle":-1.92}]},"head":{"rotate":[{"angle":2.37,"curve":0.311,"c2":0.26,"c3":0.651,"c4":0.61},{"time":0.1,"angle":-0.49,"curve":0.33,"c2":0.32,"c3":0.67,"c4":0.68},{"time":0.2,"angle":-3.62,"curve":0.349,"c2":0.39,"c3":0.689,"c4":0.74},{"time":0.3,"angle":-6.38,"curve":0.375,"c2":0.62,"c3":0.716},{"time":0.4,"angle":-7.91,"curve":0.284,"c3":0.625,"c4":0.38},{"time":0.5,"angle":-19.01,"curve":0.311,"c2":0.26,"c3":0.651,"c4":0.61},{"time":0.6,"angle":35.48,"curve":0.363,"c2":0.44,"c3":0.755},{"time":0.7333,"angle":21.04,"curve":0.363,"c2":0.44,"c3":0.755},{"time":0.9,"angle":3.89,"curve":0.284,"c3":0.625,"c4":0.38},{"time":1,"angle":2.37}]},"body7":{"rotate":[{"angle":13.58,"curve":0.342,"c2":0.37,"c3":0.676,"c4":0.7},{"time":0.0333,"angle":15.7,"curve":0.375,"c2":0.62,"c3":0.716},{"time":0.1333,"angle":19.61,"curve":0.25,"c3":0.75},{"time":0.6333,"angle":-10.45,"curve":0.258,"c3":0.619,"c4":0.45},{"time":0.8333,"angle":0.71,"curve":0.33,"c2":0.32,"c3":0.67,"c4":0.68},{"time":0.9333,"angle":8.67,"curve":0.342,"c2":0.36,"c3":0.678,"c4":0.7},{"time":1,"angle":13.58}]},"mouth_2":{"rotate":[{"angle":34.28,"curve":0.38,"c2":0.59,"c3":0.727},{"time":0.1333,"angle":47.8,"curve":0.351,"c2":0.4,"c3":0.687,"c4":0.75},{"time":0.3667,"angle":33.73,"curve":0.349,"c2":0.43,"c3":0.683,"c4":0.77},{"time":0.5,"angle":26.58,"curve":0.338,"c2":0.38,"c3":0.671,"c4":0.71},{"time":0.5333,"angle":2.82,"curve":0.344,"c2":0.49,"c3":0.677,"c4":0.83},{"time":0.5667,"angle":-29.25,"curve":0.339,"c2":0.66,"c3":0.672},{"time":0.6,"angle":52.47,"curve":0.242,"c3":0.663,"c4":0.65},{"time":1,"angle":34.28}]},"body6":{"rotate":[{"angle":3.37,"curve":0.352,"c2":0.65,"c3":0.687},{"time":0.0333,"angle":3.64,"curve":0.25,"c3":0.75},{"time":0.5333,"angle":-10.45,"curve":0.245,"c3":0.637,"c4":0.56},{"time":0.8333,"angle":-1.49,"curve":0.349,"c2":0.39,"c3":0.689,"c4":0.74},{"time":0.9333,"angle":1.81,"curve":0.358,"c2":0.47,"c3":0.695,"c4":0.82},{"time":1,"angle":3.37}]},"body5":{"rotate":[{"angle":2.66,"curve":0.3,"c2":0.21,"c3":0.756},{"time":0.4333,"angle":-10.45,"curve":0.243,"c3":0.68,"c4":0.71},{"time":0.8333,"angle":1.81,"curve":0.375,"c2":0.62,"c3":0.716},{"time":0.9333,"angle":3.64,"curve":0.297,"c3":0.634,"c4":0.37},{"time":1,"angle":2.66}]},"body8":{"rotate":[{"angle":6.03,"curve":0.335,"c2":0.34,"c3":0.669,"c4":0.67},{"time":0.0333,"angle":8.67,"curve":0.349,"c2":0.39,"c3":0.689,"c4":0.74},{"time":0.1333,"angle":15.7,"curve":0.375,"c2":0.62,"c3":0.716},{"time":0.2333,"angle":19.61,"curve":0.25,"c3":0.75},{"time":0.7333,"angle":-10.45,"curve":0.284,"c3":0.625,"c4":0.38},{"time":0.8333,"angle":-6.57,"curve":0.311,"c2":0.26,"c3":0.651,"c4":0.61},{"time":0.9333,"angle":0.71,"curve":0.33,"c2":0.32,"c3":0.666,"c4":0.66},{"time":1,"angle":6.03}]},"body10":{"rotate":[{"angle":-8.49,"curve":0.321,"c2":0.28,"c3":0.655,"c4":0.61},{"time":0.0333,"angle":-6.57,"curve":0.311,"c2":0.26,"c3":0.651,"c4":0.61},{"time":0.1333,"angle":0.71,"curve":0.33,"c2":0.32,"c3":0.67,"c4":0.68},{"time":0.2333,"angle":8.67,"curve":0.349,"c2":0.39,"c3":0.689,"c4":0.74},{"time":0.3333,"angle":15.7,"curve":0.375,"c2":0.62,"c3":0.716},{"time":0.4333,"angle":19.61,"curve":0.243,"c3":0.68,"c4":0.71},{"time":0.8333,"angle":-6.54,"curve":0.375,"c2":0.62,"c3":0.716},{"time":0.9333,"angle":-10.45,"curve":0.297,"c3":0.634,"c4":0.37},{"time":1,"angle":-8.49}]},"body11":{"rotate":[{"angle":-8.49,"curve":0.321,"c2":0.28,"c3":0.655,"c4":0.61},{"time":0.0333,"angle":-6.57,"curve":0.311,"c2":0.26,"c3":0.651,"c4":0.61},{"time":0.1333,"angle":0.71,"curve":0.33,"c2":0.32,"c3":0.67,"c4":0.68},{"time":0.2333,"angle":8.67,"curve":0.349,"c2":0.39,"c3":0.689,"c4":0.74},{"time":0.3333,"angle":15.7,"curve":0.375,"c2":0.62,"c3":0.716},{"time":0.4333,"angle":19.61,"curve":0.243,"c3":0.68,"c4":0.71},{"time":0.8333,"angle":-6.54,"curve":0.375,"c2":0.62,"c3":0.716},{"time":0.9333,"angle":-10.45,"curve":0.297,"c3":0.634,"c4":0.37},{"time":1,"angle":-8.49}]},"hand_3":{"rotate":[{"angle":6.97,"curve":0.267,"c2":0.1,"c3":0.67,"c4":0.68},{"time":0.3333,"angle":-9.36,"curve":0.38,"c2":0.59,"c3":0.727},{"time":0.4667,"angle":-13.62,"curve":0.25,"c3":0.75},{"time":0.9667,"angle":7.42,"curve":0.313,"c3":0.648,"c4":0.35},{"time":1,"angle":6.97}]},"hand_6":{"rotate":[{"angle":1.54,"curve":0.347,"c2":0.38,"c3":0.683,"c4":0.73},{"time":0.0667,"angle":4.68,"curve":0.375,"c2":0.62,"c3":0.716},{"time":0.1667,"angle":7.42,"curve":0.265,"c3":0.618,"c4":0.43},{"time":0.3333,"angle":1.45,"curve":0.351,"c2":0.4,"c3":0.757},{"time":0.6667,"angle":-13.62,"curve":0.245,"c3":0.637,"c4":0.56},{"time":0.9667,"angle":-0.24,"curve":0.337,"c2":0.35,"c3":0.671,"c4":0.68},{"time":1,"angle":1.54}]},"leg_1":{"rotate":[{"curve":0.25,"c3":0.75},{"time":0.5,"angle":15.2,"curve":0.25,"c3":0.75},{"time":1}]},"hand_4":{"rotate":[{"angle":6.03,"curve":0.366,"c2":0.63,"c3":0.703},{"time":0.0667,"angle":7.42,"curve":0.248,"c3":0.628,"c4":0.52},{"time":0.3333,"angle":-4.03,"curve":0.378,"c2":0.52,"c3":0.748},{"time":0.5667,"angle":-13.62,"curve":0.243,"c3":0.68,"c4":0.71},{"time":0.9667,"angle":4.68,"curve":0.345,"c2":0.39,"c3":0.679,"c4":0.72},{"time":1,"angle":6.03}]},"leg_4":{"rotate":[{"curve":0.25,"c3":0.75},{"time":0.5,"angle":15.2,"curve":0.25,"c3":0.75},{"time":1}]},"hand_7":{"rotate":[{"angle":6.97,"curve":0.267,"c2":0.1,"c3":0.67,"c4":0.68},{"time":0.3333,"angle":-9.36,"curve":0.38,"c2":0.59,"c3":0.727},{"time":0.4667,"angle":-13.62,"curve":0.25,"c3":0.75},{"time":0.9667,"angle":7.42,"curve":0.313,"c3":0.648,"c4":0.35},{"time":1,"angle":6.97}]},"hand_10":{"rotate":[{"angle":1.54,"curve":0.347,"c2":0.38,"c3":0.683,"c4":0.73},{"time":0.0667,"angle":4.68,"curve":0.375,"c2":0.62,"c3":0.716},{"time":0.1667,"angle":7.42,"curve":0.265,"c3":0.618,"c4":0.43},{"time":0.3333,"angle":1.45,"curve":0.351,"c2":0.4,"c3":0.757},{"time":0.6667,"angle":-13.62,"curve":0.245,"c3":0.637,"c4":0.56},{"time":0.9667,"angle":-0.24,"curve":0.337,"c2":0.35,"c3":0.671,"c4":0.68},{"time":1,"angle":1.54}]},"shadow":{"translate":[{"curve":0.25,"c3":0.75},{"time":0.5,"x":-36.1,"curve":0.25,"c3":0.75},{"time":1}],"scale":[{"curve":0.25,"c3":0.75},{"time":0.5,"x":0.957,"y":0.957,"curve":0.25,"c3":0.75},{"time":0.6333,"x":0.975,"y":0.975,"curve":0.25,"c3":0.75},{"time":1}]},"leg_6":{"translate":[{},{"time":0.3333,"x":-26.12},{"time":0.6,"x":7.92},{"time":1}]}},"events":[{"time":0.6,"name":"finished_attacking"}]},"die":{"slots":{"eye_close":{"attachment":[{"time":0.6333,"name":"eye_close"}]}},"bones":{"mouth_2":{"rotate":[{"angle":34.28,"curve":0.38,"c2":0.59,"c3":0.727},{"time":0.1333,"angle":30.72,"curve":0.242,"c3":0.663,"c4":0.65},{"time":0.5,"angle":50.64,"curve":0.346,"c2":0.38,"c3":0.681,"c4":0.72},{"time":0.6333,"angle":56.54,"curve":0.371,"c2":0.62,"c3":0.71},{"time":0.8667,"angle":26.42}]},"body9":{"rotate":[{"angle":-1.92,"curve":0.329,"c2":0.32,"c3":0.663,"c4":0.65},{"time":0.0333,"angle":0.71,"curve":0.33,"c2":0.32,"c3":0.67,"c4":0.68},{"time":0.1333,"angle":8.67,"curve":0.349,"c2":0.39,"c3":0.689,"c4":0.74},{"time":0.2333,"angle":15.7,"curve":0.375,"c2":0.62,"c3":0.716},{"time":0.3333,"angle":19.61,"curve":0.25,"c3":0.75},{"time":0.8333,"angle":-10.45,"curve":0.284,"c3":0.625,"c4":0.38},{"time":0.9333,"angle":-6.57,"curve":0.317,"c2":0.27,"c3":0.653,"c4":0.62},{"time":1,"angle":-1.92,"curve":0.25,"c3":0.75},{"time":1.2667,"angle":4.99}]},"leg_1":{"rotate":[{"curve":0.25,"c3":0.75},{"time":0.5,"angle":15.2,"curve":0.258,"c3":0.619,"c4":0.45},{"time":0.7,"angle":-30.36}]},"hand_3":{"rotate":[{"angle":6.97,"curve":0.267,"c2":0.1,"c3":0.67,"c4":0.68},{"time":0.3333,"angle":-9.36,"curve":0.38,"c2":0.59,"c3":0.727},{"time":0.4667,"angle":-25.32,"curve":0.258,"c3":0.619,"c4":0.45},{"time":0.6667,"angle":61.64,"curve":0.332,"c2":0.33,"c3":0.676,"c4":0.7},{"time":0.8,"angle":8.64,"curve":0.382,"c2":0.57,"c3":0.735},{"time":0.9667,"angle":7.42,"curve":0.313,"c3":0.648,"c4":0.35},{"time":1,"angle":6.97}]},"leg_4":{"rotate":[{"curve":0.25,"c3":0.75},{"time":0.5,"angle":15.2,"curve":0.258,"c3":0.619,"c4":0.45},{"time":0.7,"angle":-30.36}]},"body4":{"rotate":[{"angle":-0.49,"curve":0.33,"c2":0.32,"c3":0.67,"c4":0.68},{"time":0.1,"angle":-3.62,"curve":0.349,"c2":0.39,"c3":0.689,"c4":0.74},{"time":0.2,"angle":-6.38,"curve":0.375,"c2":0.62,"c3":0.716},{"time":0.3,"angle":-7.91,"curve":0.258,"c3":0.619,"c4":0.45},{"time":0.5,"angle":2.34,"curve":0.33,"c2":0.32,"c3":0.667,"c4":0.67},{"time":0.6,"angle":-1.36,"curve":0.347,"c2":0.38,"c3":0.688,"c4":0.74},{"time":0.7333,"angle":-25.85,"curve":0.377,"c2":0.61,"c3":0.719},{"time":0.8667,"angle":-22.24,"curve":0.25,"c3":0.75},{"time":1,"angle":-25.85}]},"hand_9":{"rotate":[{"angle":1.54,"curve":0.347,"c2":0.38,"c3":0.683,"c4":0.73},{"time":0.0667,"angle":4.68,"curve":0.375,"c2":0.62,"c3":0.716},{"time":0.1667,"angle":7.42,"curve":0.265,"c3":0.618,"c4":0.43},{"time":0.3333,"angle":1.45,"curve":0.351,"c2":0.4,"c3":0.757},{"time":0.6667,"angle":-13.62,"curve":0.245,"c3":0.637,"c4":0.56},{"time":0.9667,"angle":-0.24,"curve":0.337,"c2":0.35,"c3":0.671,"c4":0.68},{"time":1,"angle":1.54}]},"body2":{"rotate":[{"angle":-6.38,"curve":0.375,"c2":0.62,"c3":0.716},{"time":0.1,"angle":-7.91,"curve":0.243,"c3":0.68,"c4":0.71},{"time":0.5,"angle":8.26,"curve":0.342,"c2":0.37,"c3":0.676,"c4":0.71},{"time":0.6,"angle":2.84,"curve":0.349,"c2":0.43,"c3":0.683,"c4":0.77},{"time":0.7333,"angle":-21.67,"curve":0.354,"c2":0.65,"c3":0.688},{"time":0.8667,"angle":-16.31,"curve":0.25,"c3":0.75},{"time":1,"angle":-21.67}]},"hand_8":{"rotate":[{"angle":6.03,"curve":0.366,"c2":0.63,"c3":0.703},{"time":0.0667,"angle":7.42,"curve":0.248,"c3":0.628,"c4":0.52},{"time":0.3333,"angle":-4.03,"curve":0.378,"c2":0.52,"c3":0.748},{"time":0.5667,"angle":-13.62,"curve":0.243,"c3":0.68,"c4":0.71},{"time":0.9667,"angle":4.68,"curve":0.345,"c2":0.39,"c3":0.679,"c4":0.72},{"time":1,"angle":6.03}]},"hand_7":{"rotate":[{"angle":6.97,"curve":0.267,"c2":0.1,"c3":0.67,"c4":0.68},{"time":0.3333,"angle":-9.36,"curve":0.38,"c2":0.59,"c3":0.727},{"time":0.4667,"angle":-25.32,"curve":0.258,"c3":0.619,"c4":0.45},{"time":0.6667,"angle":61.64,"curve":0.332,"c2":0.33,"c3":0.676,"c4":0.7},{"time":0.8,"angle":8.64,"curve":0.382,"c2":0.57,"c3":0.735},{"time":0.9667,"angle":7.42,"curve":0.313,"c3":0.648,"c4":0.35},{"time":1,"angle":6.97}]},"hand_6":{"rotate":[{"angle":1.54,"curve":0.347,"c2":0.38,"c3":0.683,"c4":0.73},{"time":0.0667,"angle":4.68,"curve":0.375,"c2":0.62,"c3":0.716},{"time":0.1667,"angle":7.42,"curve":0.265,"c3":0.618,"c4":0.43},{"time":0.3333,"angle":1.45,"curve":0.351,"c2":0.4,"c3":0.757},{"time":0.6667,"angle":-13.62,"curve":0.245,"c3":0.637,"c4":0.56},{"time":0.9667,"angle":-0.24,"curve":0.337,"c2":0.35,"c3":0.671,"c4":0.68},{"time":1,"angle":1.54}]},"hand_4":{"rotate":[{"angle":6.03,"curve":0.366,"c2":0.63,"c3":0.703},{"time":0.0667,"angle":7.42,"curve":0.248,"c3":0.628,"c4":0.52},{"time":0.3333,"angle":-4.03,"curve":0.378,"c2":0.52,"c3":0.748},{"time":0.5667,"angle":-13.62,"curve":0.243,"c3":0.68,"c4":0.71},{"time":0.9667,"angle":4.68,"curve":0.345,"c2":0.39,"c3":0.679,"c4":0.72},{"time":1,"angle":6.03}]},"body":{"rotate":[{"curve":0.278,"c3":0.622,"c4":0.39},{"time":0.3333,"angle":18.62,"curve":0.25,"c3":0.75},{"time":0.7,"angle":-11.51}],"translate":[{"curve":0.272,"c3":0.619,"c4":0.41},{"time":0.1333,"x":-44.58,"y":-8.93,"curve":0.32,"c2":0.29,"c3":0.659,"c4":0.64},{"time":0.3333,"x":-97.78,"y":-18.72,"curve":0.209,"c3":0.646,"c4":0.4},{"time":0.5333,"x":0.69,"y":-23.55,"curve":0.554,"c2":0.28,"c4":0.64},{"time":0.7,"x":134.36,"y":-165.91,"curve":0.25,"c3":0.625,"c4":0.5},{"time":0.8,"x":144.67,"y":-146.36,"curve":0.375,"c2":0.5,"c3":0.75},{"time":0.9,"x":154.98,"y":-165.91,"curve":"stepped"},{"time":1.6667,"x":154.98,"y":-165.91}]},"hand_5":{"rotate":[{"angle":1.54,"curve":0.347,"c2":0.38,"c3":0.683,"c4":0.73},{"time":0.0667,"angle":4.68,"curve":0.375,"c2":0.62,"c3":0.716},{"time":0.1667,"angle":7.42,"curve":0.265,"c3":0.618,"c4":0.43},{"time":0.3333,"angle":1.45,"curve":0.351,"c2":0.4,"c3":0.757},{"time":0.6667,"angle":-13.62,"curve":0.245,"c3":0.637,"c4":0.56},{"time":0.9667,"angle":-0.24,"curve":0.337,"c2":0.35,"c3":0.671,"c4":0.68},{"time":1,"angle":1.54}]},"body3":{"rotate":[{"angle":-3.62,"curve":0.349,"c2":0.39,"c3":0.689,"c4":0.74},{"time":0.1,"angle":-6.38,"curve":0.375,"c2":0.62,"c3":0.716},{"time":0.2,"angle":-26.59,"curve":0.245,"c3":0.637,"c4":0.56},{"time":0.5,"angle":5.46,"curve":0.34,"c2":0.36,"c3":0.675,"c4":0.69},{"time":0.6,"angle":14.7,"curve":0.346,"c2":0.38,"c3":0.682,"c4":0.72},{"time":0.7,"angle":19.76,"curve":0.34,"c2":0.36,"c3":0.673,"c4":0.7},{"time":0.7333,"angle":-23.56,"curve":0.368,"c2":0.63,"c3":0.705},{"time":0.8667,"angle":-19.12,"curve":0.25,"c3":0.75},{"time":1,"angle":-23.56}]},"head":{"rotate":[{"angle":2.37,"curve":0.311,"c2":0.26,"c3":0.651,"c4":0.61},{"time":0.1,"angle":-0.49,"curve":0.33,"c2":0.32,"c3":0.67,"c4":0.68},{"time":0.2,"angle":-3.62,"curve":0.349,"c2":0.39,"c3":0.689,"c4":0.74},{"time":0.3,"angle":-6.38,"curve":0.375,"c2":0.62,"c3":0.716},{"time":0.4,"angle":-7.91,"curve":0.284,"c3":0.625,"c4":0.38},{"time":0.5,"angle":-0.47,"curve":0.32,"c2":0.29,"c3":0.757},{"time":0.8667,"angle":-24.68}]},"hand_10":{"rotate":[{"angle":1.54,"curve":0.347,"c2":0.38,"c3":0.683,"c4":0.73},{"time":0.0667,"angle":4.68,"curve":0.375,"c2":0.62,"c3":0.716},{"time":0.1667,"angle":7.42,"curve":0.265,"c3":0.618,"c4":0.43},{"time":0.3333,"angle":1.45,"curve":0.351,"c2":0.4,"c3":0.757},{"time":0.6667,"angle":-13.62,"curve":0.245,"c3":0.637,"c4":0.56},{"time":0.9667,"angle":-0.24,"curve":0.337,"c2":0.35,"c3":0.671,"c4":0.68},{"time":1,"angle":1.54}]},"body7":{"rotate":[{"angle":13.58,"curve":0.342,"c2":0.37,"c3":0.676,"c4":0.7},{"time":0.0333,"angle":15.7,"curve":0.375,"c2":0.62,"c3":0.716},{"time":0.1333,"angle":19.61,"curve":0.25,"c3":0.75},{"time":0.6333,"angle":-10.45,"curve":0.258,"c3":0.619,"c4":0.45},{"time":0.8333,"angle":0.71,"curve":0.33,"c2":0.32,"c3":0.67,"c4":0.68},{"time":0.9333,"angle":8.67,"curve":0.342,"c2":0.36,"c3":0.678,"c4":0.7},{"time":1,"angle":13.58,"curve":0.25,"c3":0.75},{"time":1.2667,"angle":20.5}]},"body10":{"rotate":[{"angle":-8.49,"curve":0.321,"c2":0.28,"c3":0.655,"c4":0.61},{"time":0.0333,"angle":-6.57,"curve":0.311,"c2":0.26,"c3":0.651,"c4":0.61},{"time":0.1333,"angle":0.71,"curve":0.33,"c2":0.32,"c3":0.67,"c4":0.68},{"time":0.2333,"angle":8.67,"curve":0.349,"c2":0.39,"c3":0.689,"c4":0.74},{"time":0.3333,"angle":15.7,"curve":0.375,"c2":0.62,"c3":0.716},{"time":0.4333,"angle":19.61,"curve":0.243,"c3":0.68,"c4":0.71},{"time":0.8333,"angle":-6.54,"curve":0.375,"c2":0.62,"c3":0.716},{"time":0.9333,"angle":-10.45,"curve":0.297,"c3":0.634,"c4":0.37},{"time":1,"angle":-8.49,"curve":0.242,"c3":0.667,"c4":0.67},{"time":1.2,"angle":-27.73,"curve":0.379,"c2":0.6,"c3":0.724},{"time":1.2667,"angle":-1.57}]},"body5":{"rotate":[{"angle":2.66,"curve":0.3,"c2":0.21,"c3":0.756},{"time":0.4333,"angle":-10.45,"curve":0.243,"c3":0.68,"c4":0.71},{"time":0.8333,"angle":1.81,"curve":0.375,"c2":0.62,"c3":0.716},{"time":0.9333,"angle":3.64,"curve":0.297,"c3":0.634,"c4":0.37},{"time":1,"angle":2.66}]},"body8":{"rotate":[{"angle":6.03,"curve":0.335,"c2":0.34,"c3":0.669,"c4":0.67},{"time":0.0333,"angle":8.67,"curve":0.349,"c2":0.39,"c3":0.689,"c4":0.74},{"time":0.1333,"angle":15.7,"curve":0.375,"c2":0.62,"c3":0.716},{"time":0.2333,"angle":19.61,"curve":0.25,"c3":0.75},{"time":0.7333,"angle":-10.45,"curve":0.284,"c3":0.625,"c4":0.38},{"time":0.8333,"angle":-6.57,"curve":0.311,"c2":0.26,"c3":0.651,"c4":0.61},{"time":0.9333,"angle":0.71,"curve":0.33,"c2":0.32,"c3":0.666,"c4":0.66},{"time":1,"angle":6.03,"curve":0.25,"c3":0.75},{"time":1.2667,"angle":12.94}]},"body6":{"rotate":[{"angle":3.37,"curve":0.352,"c2":0.65,"c3":0.687},{"time":0.0333,"angle":3.64,"curve":0.25,"c3":0.75},{"time":0.5333,"angle":-10.45,"curve":0.245,"c3":0.637,"c4":0.56},{"time":0.8333,"angle":-1.49,"curve":0.349,"c2":0.39,"c3":0.689,"c4":0.74},{"time":0.9333,"angle":1.81,"curve":0.358,"c2":0.47,"c3":0.695,"c4":0.82},{"time":1,"angle":3.37,"curve":0.25,"c3":0.75},{"time":1.2667,"angle":10.28}]},"body11":{"rotate":[{"angle":-8.49,"curve":0.321,"c2":0.28,"c3":0.655,"c4":0.61},{"time":0.0333,"angle":-6.57,"curve":0.311,"c2":0.26,"c3":0.651,"c4":0.61},{"time":0.1333,"angle":0.71,"curve":0.33,"c2":0.32,"c3":0.67,"c4":0.68},{"time":0.2333,"angle":8.67,"curve":0.349,"c2":0.39,"c3":0.689,"c4":0.74},{"time":0.3333,"angle":15.7,"curve":0.375,"c2":0.62,"c3":0.716},{"time":0.4333,"angle":19.61,"curve":0.243,"c3":0.68,"c4":0.71},{"time":0.8333,"angle":-6.54,"curve":0.375,"c2":0.62,"c3":0.716},{"time":0.9333,"angle":-10.45,"curve":0.297,"c3":0.634,"c4":0.37},{"time":1,"angle":-8.49,"curve":0.242,"c3":0.667,"c4":0.67},{"time":1.2,"angle":-27.73,"curve":0.379,"c2":0.6,"c3":0.724},{"time":1.2667,"angle":-1.57}]},"leg_6":{"rotate":[{"time":0.5667,"curve":0.25,"c3":0.75},{"time":0.7333,"angle":-103.44}],"translate":[{"time":0.5667,"curve":0.25,"c3":0.75},{"time":0.7333,"x":29.06,"y":-96.49}]},"leg_9":{"rotate":[{"time":0.5667,"curve":0.25,"c3":0.75},{"time":0.7333,"angle":-171.54}],"translate":[{"time":0.5667,"curve":0.25,"c3":0.75},{"time":0.7333,"x":-43.3,"y":-51.54}]},"shadow":{"translate":[{"curve":0.25,"c3":0.75},{"time":0.3333,"x":-50.47,"curve":0.25,"c3":0.75},{"time":0.5333,"x":-9.7,"curve":0.25,"c3":0.75},{"time":0.7333,"x":157.22,"y":-48.53}],"scale":[{"curve":0.25,"c3":0.75},{"time":0.3333,"x":1.072,"y":1.072,"curve":0.25,"c3":0.75},{"time":0.7333,"x":2.138,"y":1.072}]}}},"idle":{"slots":{"eye_close":{"attachment":[{"time":0.7667,"name":"eye_close"},{"time":0.9333,"name":null}]}},"bones":{"body":{"translate":[{"curve":0.25,"c3":0.75},{"time":0.5,"y":-26.71,"curve":0.25,"c3":0.75},{"time":1}]},"body2":{"rotate":[{"angle":-6.38,"curve":0.375,"c2":0.62,"c3":0.716},{"time":0.1,"angle":-7.91,"curve":0.25,"c3":0.75},{"time":0.6,"angle":3.89,"curve":0.243,"c3":0.68,"c4":0.71},{"time":1,"angle":-6.38}]},"body3":{"rotate":[{"angle":-3.62,"curve":0.349,"c2":0.39,"c3":0.689,"c4":0.74},{"time":0.1,"angle":-6.38,"curve":0.375,"c2":0.62,"c3":0.716},{"time":0.2,"angle":-7.91,"curve":0.25,"c3":0.75},{"time":0.7,"angle":3.89,"curve":0.245,"c3":0.637,"c4":0.56},{"time":1,"angle":-3.62}]},"body4":{"rotate":[{"angle":-0.49,"curve":0.33,"c2":0.32,"c3":0.67,"c4":0.68},{"time":0.1,"angle":-3.62,"curve":0.349,"c2":0.39,"c3":0.689,"c4":0.74},{"time":0.2,"angle":-6.38,"curve":0.375,"c2":0.62,"c3":0.716},{"time":0.3,"angle":-7.91,"curve":0.25,"c3":0.75},{"time":0.8,"angle":3.89,"curve":0.258,"c3":0.619,"c4":0.45},{"time":1,"angle":-0.49}]},"head":{"rotate":[{"angle":2.37,"curve":0.311,"c2":0.26,"c3":0.651,"c4":0.61},{"time":0.1,"angle":-0.49,"curve":0.33,"c2":0.32,"c3":0.67,"c4":0.68},{"time":0.2,"angle":-3.62,"curve":0.349,"c2":0.39,"c3":0.689,"c4":0.74},{"time":0.3,"angle":-6.38,"curve":0.375,"c2":0.62,"c3":0.716},{"time":0.4,"angle":-7.91,"curve":0.25,"c3":0.75},{"time":0.9,"angle":3.89,"curve":0.284,"c3":0.625,"c4":0.38},{"time":1,"angle":2.37}]},"mouth_2":{"rotate":[{"angle":34.28,"curve":0.38,"c2":0.59,"c3":0.727},{"time":0.1333,"angle":30.72,"curve":0.25,"c3":0.75},{"time":0.6333,"angle":48.29,"curve":0.242,"c3":0.663,"c4":0.65},{"time":1,"angle":34.28}]},"body5":{"rotate":[{"angle":2.66,"curve":0.3,"c2":0.21,"c3":0.756},{"time":0.4333,"angle":-10.45,"curve":0.243,"c3":0.68,"c4":0.71},{"time":0.8333,"angle":1.81,"curve":0.375,"c2":0.62,"c3":0.716},{"time":0.9333,"angle":3.64,"curve":0.297,"c3":0.634,"c4":0.37},{"time":1,"angle":2.66}]},"body6":{"rotate":[{"angle":3.37,"curve":0.352,"c2":0.65,"c3":0.687},{"time":0.0333,"angle":3.64,"curve":0.25,"c3":0.75},{"time":0.5333,"angle":-10.45,"curve":0.245,"c3":0.637,"c4":0.56},{"time":0.8333,"angle":-1.49,"curve":0.349,"c2":0.39,"c3":0.689,"c4":0.74},{"time":0.9333,"angle":1.81,"curve":0.358,"c2":0.47,"c3":0.695,"c4":0.82},{"time":1,"angle":3.37}]},"body7":{"rotate":[{"angle":13.58,"curve":0.342,"c2":0.37,"c3":0.676,"c4":0.7},{"time":0.0333,"angle":15.7,"curve":0.375,"c2":0.62,"c3":0.716},{"time":0.1333,"angle":19.61,"curve":0.25,"c3":0.75},{"time":0.6333,"angle":-10.45,"curve":0.258,"c3":0.619,"c4":0.45},{"time":0.8333,"angle":0.71,"curve":0.33,"c2":0.32,"c3":0.67,"c4":0.68},{"time":0.9333,"angle":8.67,"curve":0.342,"c2":0.36,"c3":0.678,"c4":0.7},{"time":1,"angle":13.58}]},"body8":{"rotate":[{"angle":6.03,"curve":0.335,"c2":0.34,"c3":0.669,"c4":0.67},{"time":0.0333,"angle":8.67,"curve":0.349,"c2":0.39,"c3":0.689,"c4":0.74},{"time":0.1333,"angle":15.7,"curve":0.375,"c2":0.62,"c3":0.716},{"time":0.2333,"angle":19.61,"curve":0.25,"c3":0.75},{"time":0.7333,"angle":-10.45,"curve":0.284,"c3":0.625,"c4":0.38},{"time":0.8333,"angle":-6.57,"curve":0.311,"c2":0.26,"c3":0.651,"c4":0.61},{"time":0.9333,"angle":0.71,"curve":0.33,"c2":0.32,"c3":0.666,"c4":0.66},{"time":1,"angle":6.03}]},"body9":{"rotate":[{"angle":-1.92,"curve":0.329,"c2":0.32,"c3":0.663,"c4":0.65},{"time":0.0333,"angle":0.71,"curve":0.33,"c2":0.32,"c3":0.67,"c4":0.68},{"time":0.1333,"angle":8.67,"curve":0.349,"c2":0.39,"c3":0.689,"c4":0.74},{"time":0.2333,"angle":15.7,"curve":0.375,"c2":0.62,"c3":0.716},{"time":0.3333,"angle":19.61,"curve":0.25,"c3":0.75},{"time":0.8333,"angle":-10.45,"curve":0.284,"c3":0.625,"c4":0.38},{"time":0.9333,"angle":-6.57,"curve":0.317,"c2":0.27,"c3":0.653,"c4":0.62},{"time":1,"angle":-1.92}]},"body10":{"rotate":[{"angle":-8.49,"curve":0.321,"c2":0.28,"c3":0.655,"c4":0.61},{"time":0.0333,"angle":-6.57,"curve":0.311,"c2":0.26,"c3":0.651,"c4":0.61},{"time":0.1333,"angle":0.71,"curve":0.33,"c2":0.32,"c3":0.67,"c4":0.68},{"time":0.2333,"angle":8.67,"curve":0.349,"c2":0.39,"c3":0.689,"c4":0.74},{"time":0.3333,"angle":15.7,"curve":0.375,"c2":0.62,"c3":0.716},{"time":0.4333,"angle":19.61,"curve":0.243,"c3":0.68,"c4":0.71},{"time":0.8333,"angle":-6.54,"curve":0.375,"c2":0.62,"c3":0.716},{"time":0.9333,"angle":-10.45,"curve":0.297,"c3":0.634,"c4":0.37},{"time":1,"angle":-8.49}]},"body11":{"rotate":[{"angle":-8.49,"curve":0.321,"c2":0.28,"c3":0.655,"c4":0.61},{"time":0.0333,"angle":-6.57,"curve":0.311,"c2":0.26,"c3":0.651,"c4":0.61},{"time":0.1333,"angle":0.71,"curve":0.33,"c2":0.32,"c3":0.67,"c4":0.68},{"time":0.2333,"angle":8.67,"curve":0.349,"c2":0.39,"c3":0.689,"c4":0.74},{"time":0.3333,"angle":15.7,"curve":0.375,"c2":0.62,"c3":0.716},{"time":0.4333,"angle":19.61,"curve":0.243,"c3":0.68,"c4":0.71},{"time":0.8333,"angle":-6.54,"curve":0.375,"c2":0.62,"c3":0.716},{"time":0.9333,"angle":-10.45,"curve":0.297,"c3":0.634,"c4":0.37},{"time":1,"angle":-8.49}]},"leg_1":{"rotate":[{"curve":0.25,"c3":0.75},{"time":0.5,"angle":15.2,"curve":0.25,"c3":0.75},{"time":1}]},"leg_4":{"rotate":[{"curve":0.25,"c3":0.75},{"time":0.5,"angle":15.2,"curve":0.25,"c3":0.75},{"time":1}]},"hand_3":{"rotate":[{"angle":6.97,"curve":0.267,"c2":0.1,"c3":0.67,"c4":0.68},{"time":0.3333,"angle":-9.36,"curve":0.38,"c2":0.59,"c3":0.727},{"time":0.4667,"angle":-13.62,"curve":0.25,"c3":0.75},{"time":0.9667,"angle":7.42,"curve":0.313,"c3":0.648,"c4":0.35},{"time":1,"angle":6.97}]},"hand_4":{"rotate":[{"angle":6.03,"curve":0.366,"c2":0.63,"c3":0.703},{"time":0.0667,"angle":7.42,"curve":0.248,"c3":0.628,"c4":0.52},{"time":0.3333,"angle":-4.03,"curve":0.378,"c2":0.52,"c3":0.748},{"time":0.5667,"angle":-13.62,"curve":0.243,"c3":0.68,"c4":0.71},{"time":0.9667,"angle":4.68,"curve":0.345,"c2":0.39,"c3":0.679,"c4":0.72},{"time":1,"angle":6.03}]},"hand_5":{"rotate":[{"angle":1.54,"curve":0.347,"c2":0.38,"c3":0.683,"c4":0.73},{"time":0.0667,"angle":4.68,"curve":0.375,"c2":0.62,"c3":0.716},{"time":0.1667,"angle":7.42,"curve":0.265,"c3":0.618,"c4":0.43},{"time":0.3333,"angle":1.45,"curve":0.351,"c2":0.4,"c3":0.757},{"time":0.6667,"angle":-13.62,"curve":0.245,"c3":0.637,"c4":0.56},{"time":0.9667,"angle":-0.24,"curve":0.337,"c2":0.35,"c3":0.671,"c4":0.68},{"time":1,"angle":1.54}]},"hand_6":{"rotate":[{"angle":1.54,"curve":0.347,"c2":0.38,"c3":0.683,"c4":0.73},{"time":0.0667,"angle":4.68,"curve":0.375,"c2":0.62,"c3":0.716},{"time":0.1667,"angle":7.42,"curve":0.265,"c3":0.618,"c4":0.43},{"time":0.3333,"angle":1.45,"curve":0.351,"c2":0.4,"c3":0.757},{"time":0.6667,"angle":-13.62,"curve":0.245,"c3":0.637,"c4":0.56},{"time":0.9667,"angle":-0.24,"curve":0.337,"c2":0.35,"c3":0.671,"c4":0.68},{"time":1,"angle":1.54}]},"hand_7":{"rotate":[{"angle":6.97,"curve":0.267,"c2":0.1,"c3":0.67,"c4":0.68},{"time":0.3333,"angle":-9.36,"curve":0.38,"c2":0.59,"c3":0.727},{"time":0.4667,"angle":-13.62,"curve":0.25,"c3":0.75},{"time":0.9667,"angle":7.42,"curve":0.313,"c3":0.648,"c4":0.35},{"time":1,"angle":6.97}]},"hand_8":{"rotate":[{"angle":6.03,"curve":0.366,"c2":0.63,"c3":0.703},{"time":0.0667,"angle":7.42,"curve":0.248,"c3":0.628,"c4":0.52},{"time":0.3333,"angle":-4.03,"curve":0.378,"c2":0.52,"c3":0.748},{"time":0.5667,"angle":-13.62,"curve":0.243,"c3":0.68,"c4":0.71},{"time":0.9667,"angle":4.68,"curve":0.345,"c2":0.39,"c3":0.679,"c4":0.72},{"time":1,"angle":6.03}]},"hand_9":{"rotate":[{"angle":1.54,"curve":0.347,"c2":0.38,"c3":0.683,"c4":0.73},{"time":0.0667,"angle":4.68,"curve":0.375,"c2":0.62,"c3":0.716},{"time":0.1667,"angle":7.42,"curve":0.265,"c3":0.618,"c4":0.43},{"time":0.3333,"angle":1.45,"curve":0.351,"c2":0.4,"c3":0.757},{"time":0.6667,"angle":-13.62,"curve":0.245,"c3":0.637,"c4":0.56},{"time":0.9667,"angle":-0.24,"curve":0.337,"c2":0.35,"c3":0.671,"c4":0.68},{"time":1,"angle":1.54}]},"hand_10":{"rotate":[{"angle":1.54,"curve":0.347,"c2":0.38,"c3":0.683,"c4":0.73},{"time":0.0667,"angle":4.68,"curve":0.375,"c2":0.62,"c3":0.716},{"time":0.1667,"angle":7.42,"curve":0.265,"c3":0.618,"c4":0.43},{"time":0.3333,"angle":1.45,"curve":0.351,"c2":0.4,"c3":0.757},{"time":0.6667,"angle":-13.62,"curve":0.245,"c3":0.637,"c4":0.56},{"time":0.9667,"angle":-0.24,"curve":0.337,"c2":0.35,"c3":0.671,"c4":0.68},{"time":1,"angle":1.54}]}}},"run":{"bones":{"body":{"translate":[{"y":-22.85,"curve":0.375,"c2":0.5,"c3":0.75},{"time":0.1,"y":-45.71,"curve":0.25,"c3":0.75},{"time":0.3,"curve":0.25,"c3":0.75},{"time":0.5,"y":-45.71,"curve":0.25,"c3":0.75},{"time":0.7,"curve":0.25,"c3":0.625,"c4":0.5},{"time":0.8,"y":-22.85}]},"leg_6":{"rotate":[{"curve":0.25,"c3":0.75},{"time":0.3333,"angle":-0.42,"curve":0.25,"c3":0.75},{"time":0.5333,"angle":-59.16,"curve":0.242,"c3":0.667,"c4":0.67},{"time":0.7333,"angle":14.14,"curve":0.379,"c2":0.6,"c3":0.724},{"time":0.8}],"translate":[{"x":186.63,"y":-2.29,"curve":0.25,"c3":0.75},{"time":0.3333,"x":-62.25,"y":3.9,"curve":0.265,"c3":0.618,"c4":0.43},{"time":0.4,"x":-94.76,"y":20.42,"curve":0.351,"c2":0.4,"c3":0.757},{"time":0.5333,"x":0.52,"y":46.46,"curve":0.333,"c2":0.33,"c3":0.705,"c4":0.79},{"time":0.7333,"x":172,"y":40.46,"curve":0.371,"c2":0.62,"c3":0.71},{"time":0.8,"x":186.63,"y":-2.29}]},"leg_9":{"rotate":[{"angle":-21.13,"curve":0.297,"c3":0.634,"c4":0.37},{"time":0.1,"angle":-76.53,"curve":0.311,"c2":0.24,"c3":0.648,"c4":0.59},{"time":0.2,"angle":-35.95,"curve":0.322,"c2":0.3,"c3":0.658,"c4":0.64},{"time":0.3,"angle":17.37,"curve":0.331,"c2":0.33,"c3":0.667,"c4":0.67},{"time":0.4,"angle":-12.65,"curve":0.379,"c2":0.52,"c3":0.747},{"time":0.7333,"curve":0.25,"c3":0.75},{"time":0.8,"angle":-21.13}],"translate":[{"x":-112.56,"y":21.98,"curve":0.265,"c3":0.618,"c4":0.43},{"time":0.1333,"x":-38.57,"y":35.97,"curve":0.328,"c2":0.32,"c3":0.688,"c4":0.73},{"time":0.3,"x":86.77,"y":31.53,"curve":0.379,"c2":0.6,"c3":0.724},{"time":0.4,"x":123.09,"y":-22.7,"curve":0.243,"c3":0.689,"c4":0.75},{"time":0.7333,"x":-72.96,"y":4.02,"curve":0.371,"c2":0.62,"c3":0.71},{"time":0.8,"x":-112.56,"y":21.98}]},"body2":{"rotate":[{"angle":-0.76,"curve":0.379,"c2":0.6,"c3":0.724},{"time":0.1,"angle":0.95,"curve":0.25,"c3":0.75},{"time":0.5,"angle":-8.31,"curve":0.242,"c3":0.667,"c4":0.67},{"time":0.8,"angle":-0.76}]},"body3":{"rotate":[{"angle":-3.65,"curve":0.343,"c2":0.36,"c3":0.686,"c4":0.73},{"time":0.1,"angle":-0.76,"curve":0.379,"c2":0.6,"c3":0.724},{"time":0.2,"angle":0.95,"curve":0.25,"c3":0.75},{"time":0.6,"angle":-8.31,"curve":0.25,"c3":0.625,"c4":0.5},{"time":0.8,"angle":-3.65}]},"body4":{"rotate":[{"angle":-6.61,"curve":0.314,"c2":0.27,"c3":0.657,"c4":0.64},{"time":0.1,"angle":-3.65,"curve":0.343,"c2":0.36,"c3":0.686,"c4":0.73},{"time":0.2,"angle":-0.76,"curve":0.379,"c2":0.6,"c3":0.724},{"time":0.3,"angle":0.95,"curve":0.25,"c3":0.75},{"time":0.7,"angle":-8.31,"curve":0.276,"c3":0.621,"c4":0.4},{"time":0.8,"angle":-6.61}]},"head":{"rotate":[{"angle":-8.31,"curve":0.276,"c3":0.621,"c4":0.4},{"time":0.1,"angle":-6.61,"curve":0.314,"c2":0.27,"c3":0.657,"c4":0.64},{"time":0.2,"angle":-3.65,"curve":0.343,"c2":0.36,"c3":0.686,"c4":0.73},{"time":0.3,"angle":-0.76,"curve":0.379,"c2":0.6,"c3":0.724},{"time":0.4,"angle":0.95,"curve":0.25,"c3":0.75},{"time":0.8,"angle":-8.31}]},"body10":{"rotate":[{"angle":-8.49,"curve":0.321,"c2":0.28,"c3":0.655,"c4":0.61},{"time":0.0333,"angle":-6.57,"curve":0.311,"c2":0.26,"c3":0.651,"c4":0.61},{"time":0.1,"angle":0.71,"curve":0.33,"c2":0.32,"c3":0.67,"c4":0.68},{"time":0.2,"angle":8.67,"curve":0.349,"c2":0.39,"c3":0.689,"c4":0.74},{"time":0.2667,"angle":15.7,"curve":0.375,"c2":0.62,"c3":0.716},{"time":0.3667,"angle":19.61,"curve":0.243,"c3":0.68,"c4":0.71},{"time":0.6667,"angle":-6.54,"curve":0.375,"c2":0.62,"c3":0.716},{"time":0.7667,"angle":-10.45,"curve":0.297,"c3":0.634,"c4":0.37},{"time":0.8,"angle":-8.49}]},"body8":{"rotate":[{"angle":6.03,"curve":0.335,"c2":0.34,"c3":0.669,"c4":0.67},{"time":0.0333,"angle":8.67,"curve":0.349,"c2":0.39,"c3":0.689,"c4":0.74},{"time":0.1,"angle":15.7,"curve":0.375,"c2":0.62,"c3":0.716},{"time":0.2,"angle":19.61,"curve":0.25,"c3":0.75},{"time":0.6,"angle":-10.45,"curve":0.284,"c3":0.625,"c4":0.38},{"time":0.6667,"angle":-6.57,"curve":0.311,"c2":0.26,"c3":0.651,"c4":0.61},{"time":0.7667,"angle":0.71,"curve":0.33,"c2":0.32,"c3":0.666,"c4":0.66},{"time":0.8,"angle":6.03}]},"body5":{"rotate":[{"angle":2.66,"curve":0.3,"c2":0.21,"c3":0.756},{"time":0.3667,"angle":-10.45,"curve":0.243,"c3":0.68,"c4":0.71},{"time":0.6667,"angle":1.81,"curve":0.375,"c2":0.62,"c3":0.716},{"time":0.7667,"angle":3.64,"curve":0.297,"c3":0.634,"c4":0.37},{"time":0.8,"angle":2.66}]},"body7":{"rotate":[{"angle":13.58,"curve":0.342,"c2":0.37,"c3":0.676,"c4":0.7},{"time":0.0333,"angle":15.7,"curve":0.375,"c2":0.62,"c3":0.716},{"time":0.1,"angle":19.61,"curve":0.25,"c3":0.75},{"time":0.5,"angle":-10.45,"curve":0.258,"c3":0.619,"c4":0.45},{"time":0.6667,"angle":0.71,"curve":0.33,"c2":0.32,"c3":0.67,"c4":0.68},{"time":0.7667,"angle":8.67,"curve":0.342,"c2":0.36,"c3":0.678,"c4":0.7},{"time":0.8,"angle":13.58}]},"body6":{"rotate":[{"angle":3.37,"curve":0.352,"c2":0.65,"c3":0.687},{"time":0.0333,"angle":3.64,"curve":0.25,"c3":0.75},{"time":0.4333,"angle":-10.45,"curve":0.245,"c3":0.637,"c4":0.56},{"time":0.6667,"angle":-1.49,"curve":0.349,"c2":0.39,"c3":0.689,"c4":0.74},{"time":0.7667,"angle":1.81,"curve":0.358,"c2":0.47,"c3":0.695,"c4":0.82},{"time":0.8,"angle":3.37}]},"body9":{"rotate":[{"angle":-1.92,"curve":0.329,"c2":0.32,"c3":0.663,"c4":0.65},{"time":0.0333,"angle":0.71,"curve":0.33,"c2":0.32,"c3":0.67,"c4":0.68},{"time":0.1,"angle":8.67,"curve":0.349,"c2":0.39,"c3":0.689,"c4":0.74},{"time":0.2,"angle":15.7,"curve":0.375,"c2":0.62,"c3":0.716},{"time":0.2667,"angle":19.61,"curve":0.25,"c3":0.75},{"time":0.6667,"angle":-10.45,"curve":0.284,"c3":0.625,"c4":0.38},{"time":0.7667,"angle":-6.57,"curve":0.317,"c2":0.27,"c3":0.653,"c4":0.62},{"time":0.8,"angle":-1.92}]},"body11":{"rotate":[{"angle":-8.49,"curve":0.321,"c2":0.28,"c3":0.655,"c4":0.61},{"time":0.0333,"angle":-6.57,"curve":0.311,"c2":0.26,"c3":0.651,"c4":0.61},{"time":0.1,"angle":0.71,"curve":0.33,"c2":0.32,"c3":0.67,"c4":0.68},{"time":0.2,"angle":8.67,"curve":0.349,"c2":0.39,"c3":0.689,"c4":0.74},{"time":0.2667,"angle":15.7,"curve":0.375,"c2":0.62,"c3":0.716},{"time":0.3667,"angle":19.61,"curve":0.243,"c3":0.68,"c4":0.71},{"time":0.6667,"angle":-6.54,"curve":0.375,"c2":0.62,"c3":0.716},{"time":0.7667,"angle":-10.45,"curve":0.297,"c3":0.634,"c4":0.37},{"time":0.8,"angle":-8.49}]},"leg_1":{"rotate":[{"angle":58.44,"curve":0.25,"c3":0.75},{"time":0.4,"angle":-12.53,"curve":0.25,"c3":0.75},{"time":0.8,"angle":58.44}]},"leg_4":{"rotate":[{"angle":-23.57,"curve":0.25,"c3":0.75},{"time":0.4,"angle":30,"curve":0.25,"c3":0.75},{"time":0.8,"angle":-23.57}]},"mouth_2":{"rotate":[{"angle":34.28,"curve":0.38,"c2":0.59,"c3":0.727},{"time":0.4,"angle":29.52,"curve":0.25,"c3":0.75},{"time":0.8,"angle":34.28}]},"shadow":{"scale":[{"curve":0.25,"c3":0.75},{"time":0.2,"x":0.922,"y":0.922,"curve":0.25,"c3":0.75},{"time":0.4,"curve":0.25,"c3":0.75},{"time":0.6,"x":0.922,"y":0.922,"curve":0.25,"c3":0.75},{"time":0.8}]}}}}}