[1,["1ddeb9c56@6c48a"],["_textureSource"],["cc.SpriteFrame"],0,[[[{"name":"ad","rect":{"x":866,"y":179,"width":107,"height":87},"offset":{"x":0,"y":0},"originalSize":{"width":107,"height":87},"rotated":true,"capInsets":[0,0,0,0],"packable":true,"pixelsToUnit":100,"pivot":{"x":0.5,"y":0.5},"meshType":0}],[0],0,[0],[0],[0]],[[{"name":"title","rect":{"x":3,"y":820,"width":350,"height":157},"offset":{"x":0,"y":0},"originalSize":{"width":350,"height":157},"rotated":false,"capInsets":[175,0,170,0],"packable":true,"pixelsToUnit":100,"pivot":{"x":0.5,"y":0.5},"meshType":0}],[0],0,[0],[0],[0]],[[{"name":"btn-green-large","rect":{"x":3,"y":615,"width":689,"height":199},"offset":{"x":0,"y":0},"originalSize":{"width":689,"height":199},"rotated":false,"capInsets":[0,0,0,0],"packable":true,"pixelsToUnit":100,"pivot":{"x":0.5,"y":0.5},"meshType":0}],[0],0,[0],[0],[0]],[[{"name":"title-flower","rect":{"x":864,"y":399,"width":400,"height":145},"offset":{"x":0,"y":0},"originalSize":{"width":400,"height":145},"rotated":true,"capInsets":[195,0,195,0],"packable":true,"pixelsToUnit":100,"pivot":{"x":0.5,"y":0.5},"meshType":0}],[0],0,[0],[0],[0]],[[{"name":"btn-brown","rect":{"x":3,"y":409,"width":689,"height":200},"offset":{"x":0,"y":0},"originalSize":{"width":689,"height":200},"rotated":false,"capInsets":[0,0,0,0],"packable":true,"pixelsToUnit":100,"pivot":{"x":0.5,"y":0.5},"meshType":0}],[0],0,[0],[0],[0]],[[{"name":"mask","rect":{"x":409,"y":3,"width":338,"height":451},"offset":{"x":0,"y":0},"originalSize":{"width":338,"height":451},"rotated":true,"capInsets":[0,0,0,0],"packable":true,"pixelsToUnit":100,"pivot":{"x":0.5,"y":0.5},"meshType":0}],[0],0,[0],[0],[0]],[[{"name":"board","rect":{"x":3,"y":3,"width":400,"height":400},"offset":{"x":0,"y":0},"originalSize":{"width":400,"height":400},"rotated":false,"capInsets":[111,107,110,125],"packable":true,"pixelsToUnit":100,"pivot":{"x":0.5,"y":0.5},"meshType":0}],[0],0,[0],[0],[0]],[[{"name":"btn-green-medium","rect":{"x":698,"y":399,"width":573,"height":160},"offset":{"x":0,"y":0},"originalSize":{"width":573,"height":160},"rotated":true,"capInsets":[0,0,0,0],"packable":true,"pixelsToUnit":100,"pivot":{"x":0.5,"y":0.5},"meshType":0}],[0],0,[0],[0],[0]]]]
