{"textures":[{"image":"default-resources.png","format":"RGBA8888","size":{"w":2038,"h":1390},"scale":1,"frames":[{"filename":"popup/popup","rotated":false,"trimmed":false,"sourceSize":{"w":583,"h":748},"spriteSourceSize":{"x":0,"y":0,"w":583,"h":748},"frame":{"x":2,"y":2,"w":583,"h":748}},{"filename":"result-screen/ribbon","rotated":false,"trimmed":false,"sourceSize":{"w":731,"h":230},"spriteSourceSize":{"x":0,"y":0,"w":731,"h":230},"frame":{"x":588,"y":2,"w":731,"h":230}},{"filename":"logo/gift_white","rotated":false,"trimmed":true,"sourceSize":{"w":300,"h":300},"spriteSourceSize":{"x":15,"y":5,"w":273,"h":289},"frame":{"x":2,"y":753,"w":273,"h":289}},{"filename":"preloader/loading","rotated":false,"trimmed":false,"sourceSize":{"w":264,"h":264},"spriteSourceSize":{"x":0,"y":0,"w":264,"h":264},"frame":{"x":588,"y":235,"w":264,"h":264}},{"filename":"logo/gift-ad","rotated":false,"trimmed":true,"sourceSize":{"w":300,"h":300},"spriteSourceSize":{"x":32,"y":23,"w":254,"h":269},"frame":{"x":2,"y":1045,"w":254,"h":269}},{"filename":"texts/italian/text-failed","rotated":false,"trimmed":false,"sourceSize":{"w":463,"h":59},"spriteSourceSize":{"x":0,"y":0,"w":463,"h":59},"frame":{"x":1322,"y":2,"w":463,"h":59}},{"filename":"art/white-glow","rotated":false,"trimmed":false,"sourceSize":{"w":254,"h":265},"spriteSourceSize":{"x":0,"y":0,"w":254,"h":265},"frame":{"x":278,"y":753,"w":254,"h":265}},{"filename":"progress/circle-background","rotated":false,"trimmed":false,"sourceSize":{"w":258,"h":258},"spriteSourceSize":{"x":0,"y":0,"w":258,"h":258},"frame":{"x":855,"y":235,"w":258,"h":258}},{"filename":"texts/german/text-failed","rotated":false,"trimmed":false,"sourceSize":{"w":444,"h":59},"spriteSourceSize":{"x":0,"y":0,"w":444,"h":59},"frame":{"x":1322,"y":64,"w":444,"h":59}},{"filename":"texts/french/text-failed","rotated":false,"trimmed":false,"sourceSize":{"w":214,"h":71},"spriteSourceSize":{"x":0,"y":0,"w":214,"h":71},"frame":{"x":2,"y":1317,"w":214,"h":71}},{"filename":"logo/gift","rotated":false,"trimmed":true,"sourceSize":{"w":300,"h":300},"spriteSourceSize":{"x":32,"y":23,"w":246,"h":266},"frame":{"x":588,"y":502,"w":246,"h":266}},{"filename":"buttons/orange","rotated":false,"trimmed":true,"sourceSize":{"w":382,"h":106},"spriteSourceSize":{"x":1,"y":1,"w":380,"h":104},"frame":{"x":1322,"y":126,"w":380,"h":104}},{"filename":"art/bg-light","rotated":false,"trimmed":false,"sourceSize":{"w":244,"h":244},"spriteSourceSize":{"x":0,"y":0,"w":244,"h":244},"frame":{"x":1116,"y":235,"w":244,"h":244}},{"filename":"progress/progress-circle","rotated":false,"trimmed":true,"sourceSize":{"w":258,"h":258},"spriteSourceSize":{"x":10,"y":10,"w":238,"h":238},"frame":{"x":1363,"y":233,"w":238,"h":238}},{"filename":"buttons/button-bg","rotated":false,"trimmed":false,"sourceSize":{"w":368,"h":101},"spriteSourceSize":{"x":0,"y":0,"w":368,"h":101},"frame":{"x":535,"y":771,"w":368,"h":101}},{"filename":"buttons/blue-rounded-rect","rotated":false,"trimmed":true,"sourceSize":{"w":368,"h":101},"spriteSourceSize":{"x":4,"y":4,"w":360,"h":93},"frame":{"x":535,"y":875,"w":360,"h":93}},{"filename":"buttons/green-rounded-rect","rotated":false,"trimmed":true,"sourceSize":{"w":368,"h":101},"spriteSourceSize":{"x":4,"y":4,"w":360,"h":93},"frame":{"x":535,"y":971,"w":360,"h":93}},{"filename":"texts/text-failed","rotated":false,"trimmed":false,"sourceSize":{"w":236,"h":60},"spriteSourceSize":{"x":0,"y":0,"w":236,"h":60},"frame":{"x":1788,"y":2,"w":236,"h":60}},{"filename":"texts/portuguese/victory","rotated":false,"trimmed":false,"sourceSize":{"w":260,"h":69},"spriteSourceSize":{"x":0,"y":0,"w":260,"h":69},"frame":{"x":1769,"y":65,"w":260,"h":69}},{"filename":"texts/text-continue","rotated":false,"trimmed":false,"sourceSize":{"w":327,"h":49},"spriteSourceSize":{"x":0,"y":0,"w":327,"h":49},"frame":{"x":1705,"y":137,"w":327,"h":49}},{"filename":"texts/spanish/get-and-continue","rotated":false,"trimmed":false,"sourceSize":{"w":328,"h":36},"spriteSourceSize":{"x":0,"y":0,"w":328,"h":36},"frame":{"x":1705,"y":189,"w":328,"h":36}},{"filename":"texts/turkish/text-pause","rotated":false,"trimmed":false,"sourceSize":{"w":306,"h":49},"spriteSourceSize":{"x":0,"y":0,"w":306,"h":49},"frame":{"x":1705,"y":228,"w":306,"h":49}},{"filename":"texts/russian/text-continue","rotated":false,"trimmed":false,"sourceSize":{"w":425,"h":56},"spriteSourceSize":{"x":0,"y":0,"w":425,"h":56},"frame":{"x":1604,"y":280,"w":425,"h":56}},{"filename":"texts/indonesian/victory","rotated":false,"trimmed":false,"sourceSize":{"w":410,"h":49},"spriteSourceSize":{"x":0,"y":0,"w":410,"h":49},"frame":{"x":1604,"y":339,"w":410,"h":49}},{"filename":"texts/indonesian/get-and-continue","rotated":false,"trimmed":false,"sourceSize":{"w":410,"h":37},"spriteSourceSize":{"x":0,"y":0,"w":410,"h":37},"frame":{"x":1604,"y":391,"w":410,"h":37}},{"filename":"texts/italian/text-continue","rotated":false,"trimmed":false,"sourceSize":{"w":377,"h":47},"spriteSourceSize":{"x":0,"y":0,"w":377,"h":47},"frame":{"x":1604,"y":431,"w":377,"h":47}},{"filename":"texts/portuguese/text-failed","rotated":false,"trimmed":false,"sourceSize":{"w":253,"h":59},"spriteSourceSize":{"x":0,"y":0,"w":253,"h":59},"frame":{"x":278,"y":1021,"w":253,"h":59}},{"filename":"texts/french/get-and-continue","rotated":false,"trimmed":false,"sourceSize":{"w":470,"h":36},"spriteSourceSize":{"x":0,"y":0,"w":470,"h":36},"frame":{"x":534,"y":1067,"w":470,"h":36}},{"filename":"texts/russian/victory","rotated":false,"trimmed":false,"sourceSize":{"w":266,"h":68},"spriteSourceSize":{"x":0,"y":0,"w":266,"h":68},"frame":{"x":259,"y":1083,"w":266,"h":68}},{"filename":"texts/german/get-and-continue","rotated":false,"trimmed":false,"sourceSize":{"w":448,"h":36},"spriteSourceSize":{"x":0,"y":0,"w":448,"h":36},"frame":{"x":528,"y":1106,"w":448,"h":36}},{"filename":"texts/russian/get-and-continue","rotated":false,"trimmed":false,"sourceSize":{"w":448,"h":35},"spriteSourceSize":{"x":0,"y":0,"w":448,"h":35},"frame":{"x":528,"y":1145,"w":448,"h":35}},{"filename":"texts/portuguese/rocket","rotated":false,"trimmed":false,"sourceSize":{"w":263,"h":49},"spriteSourceSize":{"x":0,"y":0,"w":263,"h":49},"frame":{"x":259,"y":1154,"w":263,"h":49}},{"filename":"texts/portuguese/get-and-continue","rotated":false,"trimmed":false,"sourceSize":{"w":378,"h":36},"spriteSourceSize":{"x":0,"y":0,"w":378,"h":36},"frame":{"x":525,"y":1183,"w":378,"h":36}},{"filename":"texts/indonesian/text-continue","rotated":false,"trimmed":false,"sourceSize":{"w":261,"h":49},"spriteSourceSize":{"x":0,"y":0,"w":261,"h":49},"frame":{"x":259,"y":1206,"w":261,"h":49}},{"filename":"texts/japanese/text-continue","rotated":false,"trimmed":false,"sourceSize":{"w":375,"h":53},"spriteSourceSize":{"x":0,"y":0,"w":375,"h":53},"frame":{"x":523,"y":1222,"w":375,"h":53}},{"filename":"texts/no-thank","rotated":false,"trimmed":false,"sourceSize":{"w":257,"h":49},"spriteSourceSize":{"x":0,"y":0,"w":257,"h":49},"frame":{"x":259,"y":1258,"w":257,"h":49}},{"filename":"texts/german/text-continue","rotated":false,"trimmed":false,"sourceSize":{"w":374,"h":47},"spriteSourceSize":{"x":0,"y":0,"w":374,"h":47},"frame":{"x":519,"y":1278,"w":374,"h":47}},{"filename":"buttons/green","rotated":false,"trimmed":false,"sourceSize":{"w":360,"h":93},"spriteSourceSize":{"x":0,"y":0,"w":360,"h":93},"frame":{"x":855,"y":496,"w":360,"h":93}},{"filename":"buttons/yellow-rounded-rect","rotated":false,"trimmed":true,"sourceSize":{"w":368,"h":101},"spriteSourceSize":{"x":4,"y":4,"w":360,"h":93},"frame":{"x":837,"y":592,"w":360,"h":93}},{"filename":"texts/russian/text-failed","rotated":false,"trimmed":false,"sourceSize":{"w":362,"h":59},"spriteSourceSize":{"x":0,"y":0,"w":362,"h":59},"frame":{"x":837,"y":688,"w":362,"h":59}},{"filename":"texts/turkish/text-failed","rotated":false,"trimmed":false,"sourceSize":{"w":345,"h":74},"spriteSourceSize":{"x":0,"y":0,"w":345,"h":74},"frame":{"x":906,"y":750,"w":345,"h":74}},{"filename":"texts/french/text-continue","rotated":false,"trimmed":false,"sourceSize":{"w":355,"h":47},"spriteSourceSize":{"x":0,"y":0,"w":355,"h":47},"frame":{"x":906,"y":827,"w":355,"h":47}},{"filename":"texts/spanish/text-continue","rotated":false,"trimmed":false,"sourceSize":{"w":374,"h":57},"spriteSourceSize":{"x":0,"y":0,"w":374,"h":57},"frame":{"x":898,"y":877,"w":374,"h":57}},{"filename":"texts/italian/get-and-continue","rotated":false,"trimmed":false,"sourceSize":{"w":368,"h":36},"spriteSourceSize":{"x":0,"y":0,"w":368,"h":36},"frame":{"x":898,"y":937,"w":368,"h":36}},{"filename":"texts/portuguese/text-continue","rotated":false,"trimmed":false,"sourceSize":{"w":345,"h":47},"spriteSourceSize":{"x":0,"y":0,"w":345,"h":47},"frame":{"x":898,"y":976,"w":345,"h":47}},{"filename":"texts/get-and-continue","rotated":false,"trimmed":false,"sourceSize":{"w":304,"h":37},"spriteSourceSize":{"x":0,"y":0,"w":304,"h":37},"frame":{"x":898,"y":1026,"w":304,"h":37}},{"filename":"texts/japanese/victory","rotated":false,"trimmed":false,"sourceSize":{"w":135,"h":71},"spriteSourceSize":{"x":0,"y":0,"w":135,"h":71},"frame":{"x":219,"y":1317,"w":135,"h":71}},{"filename":"texts/french/rocket","rotated":false,"trimmed":false,"sourceSize":{"w":180,"h":60},"spriteSourceSize":{"x":0,"y":0,"w":180,"h":60},"frame":{"x":357,"y":1328,"w":180,"h":60}},{"filename":"texts/spanish/text-failed","rotated":false,"trimmed":false,"sourceSize":{"w":305,"h":59},"spriteSourceSize":{"x":0,"y":0,"w":305,"h":59},"frame":{"x":540,"y":1328,"w":305,"h":59}},{"filename":"texts/spanish/rocket","rotated":false,"trimmed":false,"sourceSize":{"w":233,"h":49},"spriteSourceSize":{"x":0,"y":0,"w":233,"h":49},"frame":{"x":1363,"y":474,"w":233,"h":49}},{"filename":"texts/spanish/victory","rotated":false,"trimmed":false,"sourceSize":{"w":304,"h":57},"spriteSourceSize":{"x":0,"y":0,"w":304,"h":57},"frame":{"x":1599,"y":481,"w":304,"h":57}},{"filename":"texts/french/victory","rotated":false,"trimmed":false,"sourceSize":{"w":294,"h":57},"spriteSourceSize":{"x":0,"y":0,"w":294,"h":57},"frame":{"x":1007,"y":1066,"w":294,"h":57}},{"filename":"texts/victory","rotated":false,"trimmed":false,"sourceSize":{"w":304,"h":62},"spriteSourceSize":{"x":0,"y":0,"w":304,"h":62},"frame":{"x":979,"y":1126,"w":304,"h":62}},{"filename":"texts/italian/victory","rotated":false,"trimmed":false,"sourceSize":{"w":302,"h":57},"spriteSourceSize":{"x":0,"y":0,"w":302,"h":57},"frame":{"x":906,"y":1191,"w":302,"h":57}},{"filename":"texts/turkish/text-continue","rotated":false,"trimmed":false,"sourceSize":{"w":299,"h":47},"spriteSourceSize":{"x":0,"y":0,"w":299,"h":47},"frame":{"x":901,"y":1251,"w":299,"h":47}},{"filename":"texts/indonesian/text-replay","rotated":false,"trimmed":false,"sourceSize":{"w":298,"h":37},"spriteSourceSize":{"x":0,"y":0,"w":298,"h":37},"frame":{"x":896,"y":1301,"w":298,"h":37}},{"filename":"texts/turkish/get-and-continue","rotated":false,"trimmed":false,"sourceSize":{"w":292,"h":35},"spriteSourceSize":{"x":0,"y":0,"w":292,"h":35},"frame":{"x":848,"y":1341,"w":292,"h":35}},{"filename":"texts/german/text-replay","rotated":false,"trimmed":false,"sourceSize":{"w":286,"h":36},"spriteSourceSize":{"x":0,"y":0,"w":286,"h":36},"frame":{"x":1304,"y":526,"w":286,"h":36}},{"filename":"texts/turkish/text-replay","rotated":false,"trimmed":false,"sourceSize":{"w":286,"h":36},"spriteSourceSize":{"x":0,"y":0,"w":286,"h":36},"frame":{"x":1593,"y":541,"w":286,"h":36}},{"filename":"texts/italian/text-replay","rotated":false,"trimmed":false,"sourceSize":{"w":274,"h":36},"spriteSourceSize":{"x":0,"y":0,"w":274,"h":36},"frame":{"x":1304,"y":565,"w":274,"h":36}},{"filename":"texts/portuguese/text-pause","rotated":false,"trimmed":false,"sourceSize":{"w":231,"h":49},"spriteSourceSize":{"x":0,"y":0,"w":231,"h":49},"frame":{"x":1581,"y":580,"w":231,"h":49}},{"filename":"texts/spanish/text-pause","rotated":false,"trimmed":false,"sourceSize":{"w":231,"h":49},"spriteSourceSize":{"x":0,"y":0,"w":231,"h":49},"frame":{"x":1304,"y":604,"w":231,"h":49}},{"filename":"texts/rocket","rotated":false,"trimmed":false,"sourceSize":{"w":230,"h":49},"spriteSourceSize":{"x":0,"y":0,"w":230,"h":49},"frame":{"x":1304,"y":656,"w":230,"h":49}},{"filename":"texts/german/rocket","rotated":false,"trimmed":false,"sourceSize":{"w":225,"h":49},"spriteSourceSize":{"x":0,"y":0,"w":225,"h":49},"frame":{"x":1304,"y":708,"w":225,"h":49}},{"filename":"texts/indonesian/text-failed","rotated":false,"trimmed":false,"sourceSize":{"w":225,"h":59},"spriteSourceSize":{"x":0,"y":0,"w":225,"h":59},"frame":{"x":1254,"y":760,"w":225,"h":59}},{"filename":"texts/russian/rocket","rotated":false,"trimmed":false,"sourceSize":{"w":219,"h":49},"spriteSourceSize":{"x":0,"y":0,"w":219,"h":49},"frame":{"x":1264,"y":822,"w":219,"h":49}},{"filename":"texts/japanese/text-pause","rotated":false,"trimmed":false,"sourceSize":{"w":224,"h":59},"spriteSourceSize":{"x":0,"y":0,"w":224,"h":59},"frame":{"x":1275,"y":874,"w":224,"h":59}},{"filename":"texts/japanese/get-and-continue","rotated":false,"trimmed":false,"sourceSize":{"w":216,"h":44},"spriteSourceSize":{"x":0,"y":0,"w":216,"h":44},"frame":{"x":1275,"y":936,"w":216,"h":44}},{"filename":"texts/spanish/text-replay","rotated":false,"trimmed":false,"sourceSize":{"w":214,"h":43},"spriteSourceSize":{"x":0,"y":0,"w":214,"h":43},"frame":{"x":1246,"y":983,"w":214,"h":43}},{"filename":"result-screen/star","rotated":false,"trimmed":false,"sourceSize":{"w":152,"h":154},"spriteSourceSize":{"x":0,"y":0,"w":152,"h":154},"frame":{"x":1304,"y":1029,"w":152,"h":154}},{"filename":"texts/turkish/boom","rotated":false,"trimmed":false,"sourceSize":{"w":214,"h":49},"spriteSourceSize":{"x":0,"y":0,"w":214,"h":49},"frame":{"x":1538,"y":632,"w":214,"h":49}},{"filename":"texts/portuguese/boom","rotated":false,"trimmed":false,"sourceSize":{"w":212,"h":49},"spriteSourceSize":{"x":0,"y":0,"w":212,"h":49},"frame":{"x":1537,"y":684,"w":212,"h":49}},{"filename":"texts/turkish/victory","rotated":false,"trimmed":false,"sourceSize":{"w":203,"h":55},"spriteSourceSize":{"x":0,"y":0,"w":203,"h":55},"frame":{"x":1532,"y":736,"w":203,"h":55}},{"filename":"texts/japanese/rocket","rotated":false,"trimmed":false,"sourceSize":{"w":198,"h":58},"spriteSourceSize":{"x":0,"y":0,"w":198,"h":58},"frame":{"x":1486,"y":794,"w":198,"h":58}},{"filename":"buttons/green-small-bg","rotated":false,"trimmed":false,"sourceSize":{"w":178,"h":66},"spriteSourceSize":{"x":0,"y":0,"w":178,"h":66},"frame":{"x":1502,"y":855,"w":178,"h":66}},{"filename":"texts/french/text-pause","rotated":false,"trimmed":false,"sourceSize":{"w":186,"h":49},"spriteSourceSize":{"x":0,"y":0,"w":186,"h":49},"frame":{"x":1502,"y":924,"w":186,"h":49}},{"filename":"texts/indonesian/rocket","rotated":false,"trimmed":false,"sourceSize":{"w":194,"h":49},"spriteSourceSize":{"x":0,"y":0,"w":194,"h":49},"frame":{"x":1494,"y":976,"w":194,"h":49}},{"filename":"texts/spanish/boom","rotated":false,"trimmed":false,"sourceSize":{"w":130,"h":49},"spriteSourceSize":{"x":0,"y":0,"w":130,"h":49},"frame":{"x":1906,"y":481,"w":130,"h":49}},{"filename":"icons/timeout-clock","rotated":false,"trimmed":false,"sourceSize":{"w":79,"h":109},"spriteSourceSize":{"x":0,"y":0,"w":79,"h":109},"frame":{"x":1218,"y":482,"w":79,"h":109}},{"filename":"texts/russian/text-pause","rotated":false,"trimmed":false,"sourceSize":{"w":201,"h":51},"spriteSourceSize":{"x":0,"y":0,"w":201,"h":51},"frame":{"x":1463,"y":1028,"w":201,"h":51}},{"filename":"texts/portuguese/text-replay","rotated":false,"trimmed":false,"sourceSize":{"w":200,"h":43},"spriteSourceSize":{"x":0,"y":0,"w":200,"h":43},"frame":{"x":1459,"y":1082,"w":200,"h":43}},{"filename":"texts/italian/rocket","rotated":false,"trimmed":false,"sourceSize":{"w":193,"h":49},"spriteSourceSize":{"x":0,"y":0,"w":193,"h":49},"frame":{"x":1459,"y":1128,"w":193,"h":49}},{"filename":"texts/italian/text-pause","rotated":false,"trimmed":false,"sourceSize":{"w":193,"h":49},"spriteSourceSize":{"x":0,"y":0,"w":193,"h":49},"frame":{"x":1459,"y":1180,"w":193,"h":49}},{"filename":"texts/french/boom","rotated":false,"trimmed":false,"sourceSize":{"w":170,"h":49},"spriteSourceSize":{"x":0,"y":0,"w":170,"h":49},"frame":{"x":1286,"y":1186,"w":170,"h":49}},{"filename":"texts/turkish/rocket","rotated":false,"trimmed":false,"sourceSize":{"w":192,"h":49},"spriteSourceSize":{"x":0,"y":0,"w":192,"h":49},"frame":{"x":1459,"y":1232,"w":192,"h":49}},{"filename":"icons/music-off","rotated":false,"trimmed":false,"sourceSize":{"w":90,"h":90},"spriteSourceSize":{"x":0,"y":0,"w":90,"h":90},"frame":{"x":1200,"y":594,"w":90,"h":90}},{"filename":"texts/x2","rotated":false,"trimmed":false,"sourceSize":{"w":84,"h":54},"spriteSourceSize":{"x":0,"y":0,"w":84,"h":54},"frame":{"x":1202,"y":687,"w":84,"h":54}},{"filename":"texts/russian/boom","rotated":false,"trimmed":false,"sourceSize":{"w":126,"h":49},"spriteSourceSize":{"x":0,"y":0,"w":126,"h":49},"frame":{"x":1906,"y":533,"w":126,"h":49}},{"filename":"texts/text-pause","rotated":false,"trimmed":false,"sourceSize":{"w":188,"h":49},"spriteSourceSize":{"x":0,"y":0,"w":188,"h":49},"frame":{"x":1815,"y":585,"w":188,"h":49}},{"filename":"texts/german/text-pause","rotated":false,"trimmed":false,"sourceSize":{"w":186,"h":49},"spriteSourceSize":{"x":0,"y":0,"w":186,"h":49},"frame":{"x":1755,"y":637,"w":186,"h":49}},{"filename":"texts/boom","rotated":false,"trimmed":false,"sourceSize":{"w":172,"h":49},"spriteSourceSize":{"x":0,"y":0,"w":172,"h":49},"frame":{"x":1752,"y":689,"w":172,"h":49}},{"filename":"texts/german/boom","rotated":false,"trimmed":false,"sourceSize":{"w":172,"h":49},"spriteSourceSize":{"x":0,"y":0,"w":172,"h":49},"frame":{"x":1738,"y":741,"w":172,"h":49}},{"filename":"texts/chinese/get-and-continue","rotated":false,"trimmed":false,"sourceSize":{"w":176,"h":36},"spriteSourceSize":{"x":0,"y":0,"w":176,"h":36},"frame":{"x":1738,"y":793,"w":176,"h":36}},{"filename":"texts/italian/boom","rotated":false,"trimmed":false,"sourceSize":{"w":172,"h":49},"spriteSourceSize":{"x":0,"y":0,"w":172,"h":49},"frame":{"x":1687,"y":832,"w":172,"h":49}},{"filename":"icons/bomb","rotated":false,"trimmed":false,"sourceSize":{"w":114,"h":125},"spriteSourceSize":{"x":0,"y":0,"w":114,"h":125},"frame":{"x":1691,"y":884,"w":114,"h":125}},{"filename":"blank","rotated":false,"trimmed":false,"sourceSize":{"w":100,"h":100},"spriteSourceSize":{"x":0,"y":0,"w":100,"h":100},"frame":{"x":1808,"y":884,"w":100,"h":100}},{"filename":"texts/indonesian/boom","rotated":false,"trimmed":false,"sourceSize":{"w":160,"h":49},"spriteSourceSize":{"x":0,"y":0,"w":160,"h":49},"frame":{"x":1862,"y":832,"w":160,"h":49}},{"filename":"icons/music-on","rotated":false,"trimmed":false,"sourceSize":{"w":90,"h":90},"spriteSourceSize":{"x":0,"y":0,"w":90,"h":90},"frame":{"x":1911,"y":884,"w":90,"h":90}},{"filename":"buttons/red-circle","rotated":false,"trimmed":false,"sourceSize":{"w":71,"h":71},"spriteSourceSize":{"x":0,"y":0,"w":71,"h":71},"frame":{"x":1211,"y":1191,"w":71,"h":71}},{"filename":"texts/japanese/boom","rotated":false,"trimmed":false,"sourceSize":{"w":170,"h":63},"spriteSourceSize":{"x":0,"y":0,"w":170,"h":63},"frame":{"x":1285,"y":1238,"w":170,"h":63}},{"filename":"buttons/green-small","rotated":false,"trimmed":false,"sourceSize":{"w":166,"h":53},"spriteSourceSize":{"x":0,"y":0,"w":166,"h":53},"frame":{"x":1458,"y":1284,"w":166,"h":53}},{"filename":"texts/chinese/text-continue","rotated":false,"trimmed":false,"sourceSize":{"w":147,"h":54},"spriteSourceSize":{"x":0,"y":0,"w":147,"h":54},"frame":{"x":1691,"y":1012,"w":147,"h":54}},{"filename":"texts/french/text-replay","rotated":false,"trimmed":false,"sourceSize":{"w":162,"h":36},"spriteSourceSize":{"x":0,"y":0,"w":162,"h":36},"frame":{"x":1667,"y":1069,"w":162,"h":36}},{"filename":"texts/indonesian/text-pause","rotated":false,"trimmed":false,"sourceSize":{"w":153,"h":49},"spriteSourceSize":{"x":0,"y":0,"w":153,"h":49},"frame":{"x":1662,"y":1108,"w":153,"h":49}},{"filename":"texts/japanese/text-failed","rotated":false,"trimmed":false,"sourceSize":{"w":140,"h":74},"spriteSourceSize":{"x":0,"y":0,"w":140,"h":74},"frame":{"x":1655,"y":1160,"w":140,"h":74}},{"filename":"texts/german/victory","rotated":false,"trimmed":false,"sourceSize":{"w":143,"h":57},"spriteSourceSize":{"x":0,"y":0,"w":143,"h":57},"frame":{"x":1654,"y":1237,"w":143,"h":57}},{"filename":"texts/russian/text-replay","rotated":false,"trimmed":false,"sourceSize":{"w":150,"h":36},"spriteSourceSize":{"x":0,"y":0,"w":150,"h":36},"frame":{"x":1627,"y":1297,"w":150,"h":36}},{"filename":"texts/chinese/text-replay","rotated":false,"trimmed":false,"sourceSize":{"w":140,"h":36},"spriteSourceSize":{"x":0,"y":0,"w":140,"h":36},"frame":{"x":1627,"y":1336,"w":140,"h":36}},{"filename":"icons/sound-off","rotated":false,"trimmed":false,"sourceSize":{"w":90,"h":90},"spriteSourceSize":{"x":0,"y":0,"w":90,"h":90},"frame":{"x":1841,"y":987,"w":90,"h":90}},{"filename":"icons/sound-on","rotated":false,"trimmed":false,"sourceSize":{"w":90,"h":90},"spriteSourceSize":{"x":0,"y":0,"w":90,"h":90},"frame":{"x":1934,"y":977,"w":90,"h":90}},{"filename":"texts/chinese/rocket","rotated":false,"trimmed":false,"sourceSize":{"w":107,"h":57},"spriteSourceSize":{"x":0,"y":0,"w":107,"h":57},"frame":{"x":1832,"y":1080,"w":107,"h":57}},{"filename":"icons/vibrate-off","rotated":false,"trimmed":false,"sourceSize":{"w":90,"h":90},"spriteSourceSize":{"x":0,"y":0,"w":90,"h":90},"frame":{"x":1942,"y":1070,"w":90,"h":90}},{"filename":"texts/text-replay","rotated":false,"trimmed":false,"sourceSize":{"w":118,"h":37},"spriteSourceSize":{"x":0,"y":0,"w":118,"h":37},"frame":{"x":1818,"y":1140,"w":118,"h":37}},{"filename":"texts/japanese/text-replay","rotated":false,"trimmed":false,"sourceSize":{"w":134,"h":45},"spriteSourceSize":{"x":0,"y":0,"w":134,"h":45},"frame":{"x":1798,"y":1180,"w":134,"h":45}},{"filename":"texts/chinese/text-failed","rotated":false,"trimmed":false,"sourceSize":{"w":124,"h":66},"spriteSourceSize":{"x":0,"y":0,"w":124,"h":66},"frame":{"x":1800,"y":1228,"w":124,"h":66}},{"filename":"texts/chinese/victory","rotated":false,"trimmed":false,"sourceSize":{"w":123,"h":65},"spriteSourceSize":{"x":0,"y":0,"w":123,"h":65},"frame":{"x":1780,"y":1297,"w":123,"h":65}},{"filename":"buttons/close","rotated":false,"trimmed":false,"sourceSize":{"w":76,"h":78},"spriteSourceSize":{"x":0,"y":0,"w":76,"h":78},"frame":{"x":1944,"y":637,"w":76,"h":78}},{"filename":"icons/vibrate-on","rotated":false,"trimmed":false,"sourceSize":{"w":90,"h":90},"spriteSourceSize":{"x":0,"y":0,"w":90,"h":90},"frame":{"x":1939,"y":1163,"w":90,"h":90}},{"filename":"icons/x","rotated":false,"trimmed":false,"sourceSize":{"w":30,"h":33},"spriteSourceSize":{"x":0,"y":0,"w":30,"h":33},"frame":{"x":2006,"y":585,"w":30,"h":33}},{"filename":"icons/ads","rotated":false,"trimmed":false,"sourceSize":{"w":61,"h":66},"spriteSourceSize":{"x":0,"y":0,"w":61,"h":66},"frame":{"x":1927,"y":1256,"w":61,"h":66}},{"filename":"texts/chinese/text-pause","rotated":false,"trimmed":false,"sourceSize":{"w":112,"h":58},"spriteSourceSize":{"x":0,"y":0,"w":112,"h":58},"frame":{"x":1906,"y":1325,"w":112,"h":58}},{"filename":"icons/continue","rotated":false,"trimmed":false,"sourceSize":{"w":42,"h":52},"spriteSourceSize":{"x":0,"y":0,"w":42,"h":52},"frame":{"x":1991,"y":1256,"w":42,"h":52}},{"filename":"texts/chinese/boom","rotated":false,"trimmed":false,"sourceSize":{"w":58,"h":55},"spriteSourceSize":{"x":0,"y":0,"w":58,"h":55},"frame":{"x":1203,"y":1265,"w":58,"h":55}},{"filename":"icons/lose","rotated":false,"trimmed":true,"sourceSize":{"w":58,"h":61},"spriteSourceSize":{"x":1,"y":0,"w":57,"h":61},"frame":{"x":1197,"y":1323,"w":57,"h":61}},{"filename":"icons/clock","rotated":false,"trimmed":true,"sourceSize":{"w":56,"h":56},"spriteSourceSize":{"x":1,"y":1,"w":54,"h":55},"frame":{"x":1257,"y":1323,"w":54,"h":55}},{"filename":"icons/invite","rotated":false,"trimmed":false,"sourceSize":{"w":54,"h":55},"spriteSourceSize":{"x":0,"y":0,"w":54,"h":55},"frame":{"x":1314,"y":1304,"w":54,"h":55}},{"filename":"icons/restart","rotated":false,"trimmed":false,"sourceSize":{"w":50,"h":54},"spriteSourceSize":{"x":0,"y":0,"w":50,"h":54},"frame":{"x":1371,"y":1304,"w":50,"h":54}}]}],"meta":{"app":"https://www.codeandweb.com/texturepacker","version":"3.0","smartupdate":"$TexturePacker:SmartUpdate:400561ce44d3483238188ba19fbdcffc:b32734c6a0e74fc53ff5e09f0758aab6:3ed7f446b7e32ba5f09387362d473a40$"}}