{"textures":[{"image":"flower-resources.png","format":"RGBA8888","size":{"w":2043,"h":184},"scale":1,"frames":[{"filename":"blank","rotated":false,"trimmed":false,"sourceSize":{"w":100,"h":100},"spriteSourceSize":{"x":0,"y":0,"w":100,"h":100},"frame":{"x":2,"y":2,"w":100,"h":100}},{"filename":"tile-16","rotated":false,"trimmed":true,"sourceSize":{"w":100,"h":100},"spriteSourceSize":{"x":7,"y":14,"w":89,"h":77},"frame":{"x":2,"y":105,"w":89,"h":77}},{"filename":"tile-24","rotated":false,"trimmed":true,"sourceSize":{"w":100,"h":100},"spriteSourceSize":{"x":2,"y":0,"w":94,"h":96},"frame":{"x":105,"y":2,"w":94,"h":96}},{"filename":"tile-30","rotated":false,"trimmed":true,"sourceSize":{"w":100,"h":100},"spriteSourceSize":{"x":5,"y":6,"w":92,"h":92},"frame":{"x":202,"y":2,"w":92,"h":92}},{"filename":"tile-44","rotated":false,"trimmed":true,"sourceSize":{"w":100,"h":100},"spriteSourceSize":{"x":7,"y":10,"w":90,"h":85},"frame":{"x":202,"y":97,"w":90,"h":85}},{"filename":"tile-19","rotated":false,"trimmed":true,"sourceSize":{"w":100,"h":100},"spriteSourceSize":{"x":6,"y":11,"w":89,"h":81},"frame":{"x":105,"y":101,"w":89,"h":81}},{"filename":"tile-32","rotated":false,"trimmed":true,"sourceSize":{"w":100,"h":100},"spriteSourceSize":{"x":6,"y":3,"w":90,"h":93},"frame":{"x":297,"y":2,"w":90,"h":93}},{"filename":"tile-7","rotated":false,"trimmed":true,"sourceSize":{"w":100,"h":100},"spriteSourceSize":{"x":5,"y":11,"w":91,"h":84},"frame":{"x":295,"y":98,"w":91,"h":84}},{"filename":"tile-28","rotated":false,"trimmed":true,"sourceSize":{"w":100,"h":100},"spriteSourceSize":{"x":6,"y":7,"w":91,"h":90},"frame":{"x":390,"y":2,"w":91,"h":90}},{"filename":"tile-23","rotated":false,"trimmed":true,"sourceSize":{"w":100,"h":100},"spriteSourceSize":{"x":6,"y":10,"w":89,"h":87},"frame":{"x":390,"y":95,"w":89,"h":87}},{"filename":"tile-31","rotated":false,"trimmed":true,"sourceSize":{"w":100,"h":100},"spriteSourceSize":{"x":6,"y":7,"w":91,"h":90},"frame":{"x":484,"y":2,"w":91,"h":90}},{"filename":"tile-18","rotated":false,"trimmed":true,"sourceSize":{"w":100,"h":100},"spriteSourceSize":{"x":8,"y":8,"w":88,"h":87},"frame":{"x":482,"y":95,"w":88,"h":87}},{"filename":"tile-33","rotated":false,"trimmed":true,"sourceSize":{"w":100,"h":100},"spriteSourceSize":{"x":6,"y":7,"w":91,"h":90},"frame":{"x":578,"y":2,"w":91,"h":90}},{"filename":"tile-8","rotated":false,"trimmed":true,"sourceSize":{"w":100,"h":100},"spriteSourceSize":{"x":8,"y":9,"w":86,"h":87},"frame":{"x":573,"y":95,"w":86,"h":87}},{"filename":"tile-6","rotated":false,"trimmed":true,"sourceSize":{"w":100,"h":100},"spriteSourceSize":{"x":9,"y":9,"w":85,"h":87},"frame":{"x":662,"y":95,"w":85,"h":87}},{"filename":"tile-35","rotated":false,"trimmed":true,"sourceSize":{"w":100,"h":100},"spriteSourceSize":{"x":6,"y":7,"w":91,"h":90},"frame":{"x":672,"y":2,"w":91,"h":90}},{"filename":"tile-39","rotated":false,"trimmed":true,"sourceSize":{"w":100,"h":100},"spriteSourceSize":{"x":6,"y":7,"w":91,"h":89},"frame":{"x":766,"y":2,"w":91,"h":89}},{"filename":"tile-15","rotated":false,"trimmed":true,"sourceSize":{"w":100,"h":100},"spriteSourceSize":{"x":6,"y":8,"w":90,"h":89},"frame":{"x":860,"y":2,"w":90,"h":89}},{"filename":"tile-25","rotated":false,"trimmed":true,"sourceSize":{"w":100,"h":100},"spriteSourceSize":{"x":7,"y":8,"w":89,"h":88},"frame":{"x":766,"y":94,"w":89,"h":88}},{"filename":"tile-42","rotated":false,"trimmed":true,"sourceSize":{"w":100,"h":100},"spriteSourceSize":{"x":7,"y":8,"w":89,"h":88},"frame":{"x":858,"y":94,"w":89,"h":88}},{"filename":"tile-14","rotated":false,"trimmed":true,"sourceSize":{"w":100,"h":100},"spriteSourceSize":{"x":7,"y":8,"w":88,"h":88},"frame":{"x":950,"y":94,"w":88,"h":88}},{"filename":"tile-26","rotated":false,"trimmed":true,"sourceSize":{"w":100,"h":100},"spriteSourceSize":{"x":7,"y":6,"w":88,"h":89},"frame":{"x":953,"y":2,"w":88,"h":89}},{"filename":"tile-22","rotated":false,"trimmed":true,"sourceSize":{"w":100,"h":100},"spriteSourceSize":{"x":5,"y":9,"w":92,"h":86},"frame":{"x":1044,"y":2,"w":92,"h":86}},{"filename":"tile-2","rotated":false,"trimmed":true,"sourceSize":{"w":100,"h":100},"spriteSourceSize":{"x":7,"y":7,"w":88,"h":91},"frame":{"x":1044,"y":91,"w":88,"h":91}},{"filename":"tile-13","rotated":false,"trimmed":true,"sourceSize":{"w":100,"h":100},"spriteSourceSize":{"x":6,"y":8,"w":80,"h":91},"frame":{"x":1135,"y":91,"w":80,"h":91}},{"filename":"tile-37","rotated":false,"trimmed":true,"sourceSize":{"w":100,"h":100},"spriteSourceSize":{"x":7,"y":9,"w":89,"h":86},"frame":{"x":1139,"y":2,"w":89,"h":86}},{"filename":"tile-38","rotated":false,"trimmed":true,"sourceSize":{"w":100,"h":100},"spriteSourceSize":{"x":6,"y":10,"w":90,"h":84},"frame":{"x":1231,"y":2,"w":90,"h":84}},{"filename":"tile-43","rotated":false,"trimmed":true,"sourceSize":{"w":100,"h":100},"spriteSourceSize":{"x":6,"y":11,"w":91,"h":83},"frame":{"x":1324,"y":2,"w":91,"h":83}},{"filename":"tile-12","rotated":false,"trimmed":true,"sourceSize":{"w":100,"h":100},"spriteSourceSize":{"x":7,"y":11,"w":88,"h":82},"frame":{"x":1418,"y":2,"w":88,"h":82}},{"filename":"tile-3","rotated":false,"trimmed":true,"sourceSize":{"w":100,"h":100},"spriteSourceSize":{"x":8,"y":11,"w":87,"h":82},"frame":{"x":1509,"y":2,"w":87,"h":82}},{"filename":"tile-27","rotated":false,"trimmed":true,"sourceSize":{"w":100,"h":100},"spriteSourceSize":{"x":8,"y":12,"w":87,"h":81},"frame":{"x":1599,"y":2,"w":87,"h":81}},{"filename":"tile-9","rotated":false,"trimmed":true,"sourceSize":{"w":100,"h":100},"spriteSourceSize":{"x":7,"y":10,"w":89,"h":78},"frame":{"x":1689,"y":2,"w":89,"h":78}},{"filename":"tile-34","rotated":false,"trimmed":true,"sourceSize":{"w":100,"h":100},"spriteSourceSize":{"x":8,"y":9,"w":85,"h":86},"frame":{"x":1781,"y":2,"w":85,"h":86}},{"filename":"tile-36","rotated":false,"trimmed":true,"sourceSize":{"w":100,"h":100},"spriteSourceSize":{"x":9,"y":8,"w":85,"h":89},"frame":{"x":1869,"y":2,"w":85,"h":89}},{"filename":"tile-20","rotated":false,"trimmed":true,"sourceSize":{"w":100,"h":100},"spriteSourceSize":{"x":9,"y":7,"w":84,"h":89},"frame":{"x":1957,"y":2,"w":84,"h":89}},{"filename":"tile-5","rotated":false,"trimmed":true,"sourceSize":{"w":100,"h":100},"spriteSourceSize":{"x":11,"y":8,"w":80,"h":88},"frame":{"x":1218,"y":94,"w":80,"h":88}},{"filename":"tile-21","rotated":false,"trimmed":true,"sourceSize":{"w":100,"h":100},"spriteSourceSize":{"x":16,"y":8,"w":70,"h":90},"frame":{"x":1301,"y":89,"w":70,"h":90}},{"filename":"tile-17","rotated":false,"trimmed":true,"sourceSize":{"w":100,"h":100},"spriteSourceSize":{"x":12,"y":9,"w":78,"h":86},"frame":{"x":1374,"y":88,"w":78,"h":86}},{"filename":"tile-1","rotated":false,"trimmed":true,"sourceSize":{"w":100,"h":100},"spriteSourceSize":{"x":9,"y":12,"w":84,"h":82},"frame":{"x":1455,"y":87,"w":84,"h":82}},{"filename":"tile-29","rotated":false,"trimmed":true,"sourceSize":{"w":100,"h":100},"spriteSourceSize":{"x":16,"y":9,"w":71,"h":86},"frame":{"x":1542,"y":87,"w":71,"h":86}},{"filename":"tile-4","rotated":false,"trimmed":true,"sourceSize":{"w":100,"h":100},"spriteSourceSize":{"x":10,"y":11,"w":81,"h":82},"frame":{"x":1616,"y":86,"w":81,"h":82}},{"filename":"tile-40","rotated":false,"trimmed":true,"sourceSize":{"w":100,"h":100},"spriteSourceSize":{"x":14,"y":12,"w":77,"h":79},"frame":{"x":1700,"y":83,"w":77,"h":79}},{"filename":"tile-41","rotated":false,"trimmed":true,"sourceSize":{"w":100,"h":100},"spriteSourceSize":{"x":9,"y":15,"w":84,"h":80},"frame":{"x":1780,"y":91,"w":84,"h":80}},{"filename":"tile-11","rotated":false,"trimmed":true,"sourceSize":{"w":100,"h":100},"spriteSourceSize":{"x":8,"y":14,"w":87,"h":73},"frame":{"x":1867,"y":94,"w":87,"h":73}},{"filename":"tile-10","rotated":false,"trimmed":true,"sourceSize":{"w":100,"h":100},"spriteSourceSize":{"x":11,"y":13,"w":80,"h":79},"frame":{"x":1957,"y":94,"w":80,"h":79}}]}],"meta":{"app":"https://www.codeandweb.com/texturepacker","version":"3.0","smartupdate":"$TexturePacker:SmartUpdate:339b98500d3b92f6b60898c06739ec24:5afeb8982cbf25a64191ed34410d931d:46cf23d7d3a25ca30e135c3228e0a1ea$"}}