[1,["bfZLFuCaJEzpiI3v9wDdey@f9941"],["spriteFrame"],[["cc.BitmapFont",["_name","fontSize","fntConfig"],0]],[[0,0,1,2,4]],[[0,"GloryBold",40,{"commonHeight":40,"fontSize":40,"atlasName":"GloryBold.png","fontDefDictionary":{"32":{"xOffset":0,"yOffset":0,"xAdvance":10,"rect":{"x":0,"y":0,"width":0,"height":0}},"33":{"xOffset":1,"yOffset":8,"xAdvance":10,"rect":{"x":234,"y":32,"width":8,"height":30}},"34":{"xOffset":0,"yOffset":6,"xAdvance":15,"rect":{"x":219,"y":76,"width":14,"height":14}},"35":{"xOffset":1,"yOffset":6,"xAdvance":32,"rect":{"x":0,"y":124,"width":29,"height":31}},"36":{"xOffset":0,"yOffset":5,"xAdvance":20,"rect":{"x":140,"y":112,"width":19,"height":38}},"37":{"xOffset":0,"yOffset":6,"xAdvance":33,"rect":{"x":0,"y":92,"width":32,"height":31}},"38":{"xOffset":-1,"yOffset":8,"xAdvance":29,"rect":{"x":0,"y":156,"width":29,"height":30}},"39":{"xOffset":1,"yOffset":6,"xAdvance":11,"rect":{"x":234,"y":93,"width":8,"height":14}},"40":{"xOffset":0,"yOffset":7,"xAdvance":15,"rect":{"x":201,"y":116,"width":15,"height":34}},"41":{"xOffset":0,"yOffset":7,"xAdvance":15,"rect":{"x":201,"y":151,"width":15,"height":34}},"42":{"xOffset":0,"yOffset":6,"xAdvance":22,"rect":{"x":118,"y":57,"width":21,"height":21}},"43":{"xOffset":1,"yOffset":14,"xAdvance":20,"rect":{"x":181,"y":158,"width":18,"height":19}},"44":{"xOffset":0,"yOffset":31,"xAdvance":9,"rect":{"x":234,"y":108,"width":8,"height":11}},"45":{"xOffset":0,"yOffset":22,"xAdvance":17,"rect":{"x":201,"y":109,"width":16,"height":6}},"46":{"xOffset":0,"yOffset":31,"xAdvance":9,"rect":{"x":118,"y":232,"width":8,"height":7}},"47":{"xOffset":0,"yOffset":6,"xAdvance":24,"rect":{"x":41,"y":174,"width":24,"height":31}},"48":{"xOffset":0,"yOffset":7,"xAdvance":22,"rect":{"x":95,"y":0,"width":22,"height":31}},"49":{"xOffset":-1,"yOffset":8,"xAdvance":15,"rect":{"x":201,"y":208,"width":14,"height":29}},"50":{"xOffset":0,"yOffset":8,"xAdvance":21,"rect":{"x":118,"y":172,"width":20,"height":29}},"51":{"xOffset":0,"yOffset":8,"xAdvance":21,"rect":{"x":118,"y":79,"width":20,"height":30}},"52":{"xOffset":-1,"yOffset":8,"xAdvance":22,"rect":{"x":95,"y":63,"width":22,"height":29}},"53":{"xOffset":0,"yOffset":8,"xAdvance":21,"rect":{"x":118,"y":110,"width":20,"height":30}},"54":{"xOffset":0,"yOffset":8,"xAdvance":23,"rect":{"x":70,"y":121,"width":23,"height":30}},"55":{"xOffset":0,"yOffset":8,"xAdvance":20,"rect":{"x":118,"y":202,"width":20,"height":29}},"56":{"xOffset":0,"yOffset":7,"xAdvance":22,"rect":{"x":95,"y":183,"width":21,"height":31}},"57":{"xOffset":0,"yOffset":8,"xAdvance":23,"rect":{"x":70,"y":152,"width":23,"height":30}},"58":{"xOffset":0,"yOffset":15,"xAdvance":9,"rect":{"x":219,"y":149,"width":9,"height":23}},"59":{"xOffset":0,"yOffset":15,"xAdvance":10,"rect":{"x":219,"y":121,"width":9,"height":27}},"61":{"xOffset":1,"yOffset":17,"xAdvance":21,"rect":{"x":181,"y":22,"width":19,"height":14}},"63":{"xOffset":0,"yOffset":8,"xAdvance":19,"rect":{"x":181,"y":37,"width":18,"height":30}},"64":{"xOffset":0,"yOffset":7,"xAdvance":34,"rect":{"x":0,"y":60,"width":34,"height":31}},"65":{"xOffset":-1,"yOffset":8,"xAdvance":22,"rect":{"x":70,"y":31,"width":24,"height":29}},"66":{"xOffset":1,"yOffset":8,"xAdvance":22,"rect":{"x":140,"y":0,"width":20,"height":29}},"67":{"xOffset":0,"yOffset":7,"xAdvance":19,"rect":{"x":161,"y":32,"width":19,"height":31}},"68":{"xOffset":1,"yOffset":8,"xAdvance":24,"rect":{"x":95,"y":93,"width":22,"height":29}},"69":{"xOffset":1,"yOffset":8,"xAdvance":19,"rect":{"x":181,"y":68,"width":18,"height":29}},"70":{"xOffset":1,"yOffset":8,"xAdvance":18,"rect":{"x":181,"y":98,"width":18,"height":29}},"71":{"xOffset":0,"yOffset":8,"xAdvance":23,"rect":{"x":95,"y":32,"width":22,"height":30}},"72":{"xOffset":1,"yOffset":8,"xAdvance":25,"rect":{"x":70,"y":183,"width":23,"height":29}},"73":{"xOffset":1,"yOffset":8,"xAdvance":11,"rect":{"x":234,"y":63,"width":8,"height":29}},"74":{"xOffset":-1,"yOffset":8,"xAdvance":14,"rect":{"x":219,"y":91,"width":13,"height":29}},"75":{"xOffset":1,"yOffset":8,"xAdvance":23,"rect":{"x":95,"y":123,"width":22,"height":29}},"76":{"xOffset":1,"yOffset":8,"xAdvance":18,"rect":{"x":181,"y":128,"width":18,"height":29}},"77":{"xOffset":1,"yOffset":8,"xAdvance":29,"rect":{"x":41,"y":22,"width":27,"height":29}},"78":{"xOffset":1,"yOffset":8,"xAdvance":26,"rect":{"x":70,"y":61,"width":24,"height":29}},"79":{"xOffset":0,"yOffset":8,"xAdvance":26,"rect":{"x":41,"y":106,"width":25,"height":30}},"80":{"xOffset":1,"yOffset":8,"xAdvance":20,"rect":{"x":161,"y":95,"width":19,"height":29}},"81":{"xOffset":0,"yOffset":8,"xAdvance":26,"rect":{"x":41,"y":68,"width":25,"height":37}},"82":{"xOffset":1,"yOffset":8,"xAdvance":23,"rect":{"x":95,"y":153,"width":22,"height":29}},"83":{"xOffset":0,"yOffset":8,"xAdvance":20,"rect":{"x":118,"y":141,"width":20,"height":30}},"84":{"xOffset":-1,"yOffset":8,"xAdvance":19,"rect":{"x":140,"y":30,"width":20,"height":29}},"85":{"xOffset":1,"yOffset":8,"xAdvance":26,"rect":{"x":70,"y":0,"width":24,"height":30}},"86":{"xOffset":0,"yOffset":8,"xAdvance":23,"rect":{"x":70,"y":213,"width":23,"height":29}},"87":{"xOffset":-1,"yOffset":8,"xAdvance":35,"rect":{"x":0,"y":30,"width":36,"height":29}},"88":{"xOffset":-1,"yOffset":8,"xAdvance":23,"rect":{"x":41,"y":137,"width":25,"height":29}},"89":{"xOffset":-1,"yOffset":8,"xAdvance":22,"rect":{"x":70,"y":91,"width":24,"height":29}},"90":{"xOffset":-1,"yOffset":8,"xAdvance":20,"rect":{"x":118,"y":0,"width":21,"height":29}},"91":{"xOffset":0,"yOffset":5,"xAdvance":15,"rect":{"x":219,"y":0,"width":14,"height":37}},"93":{"xOffset":1,"yOffset":5,"xAdvance":15,"rect":{"x":219,"y":38,"width":14,"height":37}},"94":{"xOffset":0,"yOffset":6,"xAdvance":26,"rect":{"x":41,"y":52,"width":26,"height":15}},"95":{"xOffset":-1,"yOffset":36,"xAdvance":23,"rect":{"x":41,"y":167,"width":25,"height":6}},"97":{"xOffset":0,"yOffset":16,"xAdvance":19,"rect":{"x":161,"y":149,"width":19,"height":22}},"98":{"xOffset":0,"yOffset":6,"xAdvance":20,"rect":{"x":0,"y":209,"width":19,"height":32}},"99":{"xOffset":0,"yOffset":15,"xAdvance":17,"rect":{"x":181,"y":216,"width":17,"height":23}},"100":{"xOffset":0,"yOffset":7,"xAdvance":20,"rect":{"x":140,"y":151,"width":19,"height":31}},"101":{"xOffset":0,"yOffset":15,"xAdvance":19,"rect":{"x":161,"y":125,"width":19,"height":23}},"102":{"xOffset":-1,"yOffset":6,"xAdvance":15,"rect":{"x":140,"y":183,"width":19,"height":31}},"103":{"xOffset":0,"yOffset":16,"xAdvance":20,"rect":{"x":95,"y":215,"width":19,"height":27}},"104":{"xOffset":0,"yOffset":6,"xAdvance":19,"rect":{"x":161,"y":0,"width":19,"height":31}},"105":{"xOffset":0,"yOffset":8,"xAdvance":9,"rect":{"x":20,"y":209,"width":9,"height":29}},"106":{"xOffset":-5,"yOffset":8,"xAdvance":9,"rect":{"x":51,"y":206,"width":14,"height":34}},"107":{"xOffset":0,"yOffset":7,"xAdvance":18,"rect":{"x":161,"y":64,"width":19,"height":30}},"108":{"xOffset":0,"yOffset":6,"xAdvance":9,"rect":{"x":234,"y":0,"width":8,"height":31}},"109":{"xOffset":0,"yOffset":16,"xAdvance":29,"rect":{"x":0,"y":187,"width":29,"height":21}},"110":{"xOffset":0,"yOffset":15,"xAdvance":19,"rect":{"x":161,"y":172,"width":19,"height":22}},"111":{"xOffset":0,"yOffset":15,"xAdvance":21,"rect":{"x":140,"y":88,"width":20,"height":23}},"112":{"xOffset":0,"yOffset":15,"xAdvance":20,"rect":{"x":140,"y":60,"width":20,"height":27}},"113":{"xOffset":0,"yOffset":15,"xAdvance":20,"rect":{"x":140,"y":215,"width":19,"height":27}},"114":{"xOffset":0,"yOffset":16,"xAdvance":14,"rect":{"x":201,"y":186,"width":15,"height":21}},"115":{"xOffset":0,"yOffset":16,"xAdvance":17,"rect":{"x":201,"y":38,"width":17,"height":22}},"116":{"xOffset":-1,"yOffset":12,"xAdvance":15,"rect":{"x":201,"y":61,"width":16,"height":25}},"117":{"xOffset":0,"yOffset":16,"xAdvance":19,"rect":{"x":161,"y":195,"width":19,"height":22}},"118":{"xOffset":-1,"yOffset":16,"xAdvance":17,"rect":{"x":161,"y":218,"width":19,"height":21}},"119":{"xOffset":-1,"yOffset":16,"xAdvance":26,"rect":{"x":41,"y":0,"width":28,"height":21}},"120":{"xOffset":-1,"yOffset":16,"xAdvance":17,"rect":{"x":181,"y":0,"width":19,"height":21}},"121":{"xOffset":-3,"yOffset":16,"xAdvance":17,"rect":{"x":118,"y":30,"width":21,"height":26}},"122":{"xOffset":0,"yOffset":16,"xAdvance":16,"rect":{"x":201,"y":87,"width":16,"height":21}},"123":{"xOffset":0,"yOffset":5,"xAdvance":18,"rect":{"x":181,"y":178,"width":17,"height":37}},"124":{"xOffset":1,"yOffset":6,"xAdvance":11,"rect":{"x":41,"y":206,"width":9,"height":36}},"125":{"xOffset":1,"yOffset":5,"xAdvance":18,"rect":{"x":201,"y":0,"width":17,"height":37}},"8470":{"xOffset":-1,"yOffset":4,"xAdvance":39,"rect":{"x":0,"y":0,"width":40,"height":29}}},"kerningDict":{"3014705":-3,"3014706":2,"3080239":-6,"3276846":1,"3604526":-5,"3604532":-3,"3604534":-1,"3735598":-2,"3801135":2,"4259924":-2,"4259926":-3,"4259927":-3,"4259961":-1,"4456532":-1,"4456535":-1,"4456536":-1,"4456537":-1,"4587585":-2,"4587619":-2,"4587620":-2,"4587621":-2,"4587623":-2,"4587631":-2,"4587633":-2,"4587637":-1,"4980820":-2,"4980822":-3,"4980825":-3,"5177428":-1,"5177431":-1,"5177432":-1,"5177433":-1,"5308500":-1,"5308503":-1,"5308504":-1,"5308505":-1,"5505089":-2,"5505091":-1,"5505095":-1,"5505103":-1,"5505105":-1,"5505121":-3,"5505123":-3,"5505124":-3,"5505125":-3,"5505127":-3,"5505135":-3,"5505137":-3,"5505141":-3,"5636161":-3,"5636193":-2,"5636195":-2,"5636196":-2,"5636197":-2,"5636199":-2,"5636207":-2,"5636209":-2,"5701697":-3,"5701699":-1,"5701703":-1,"5701711":-1,"5701713":-1,"5701731":-2,"5701732":-2,"5701733":-2,"5701735":-2,"5701743":-2,"5701745":-2,"5767235":-1,"5767239":-1,"5767247":-1,"5767249":-1,"5832771":-1,"5832775":-1,"5832783":-1,"5832785":-1,"5832803":-3,"5832804":-3,"5832805":-3,"5832807":-3,"5832815":-3,"5832817":-3,"5832821":-2,"6684771":-1,"6684772":-1,"6684773":-1,"6684775":-1,"6684783":-1,"6684785":-1,"7012451":-1,"7012452":-1,"7012453":-1,"7012455":-1,"7012463":-1,"7012465":-1,"7012469":-1,"7012473":-2,"7471215":-1,"7602275":-1,"7602276":-1,"7602277":-1,"7602279":-1,"7602287":-1,"7602289":-1,"7929902":-3}}]],0,0,[0],[0],[0]]
