{"skeleton":{"hash":"8C660t9Y5IA","spine":"3.8-from-4.0.64","x":-41.95,"y":-6.29,"width":115.17,"height":134.46,"images":"./images/","audio":"D:/WORK/SUNDATA/MERGE MASTER/ANIMATION/Warriors/lv05_Archers/Project_Spine_4.0"},"bones":[{"name":"root"},{"name":"SKELETON CONTROL","parent":"root","scaleX":0.2913,"scaleY":0.2913,"color":"ff0000ff"},{"name":"MOVE_LR","parent":"SKELETON CONTROL","color":"ff0000ff"},{"name":"hip","parent":"MOVE_LR","x":-2.82,"y":135.99,"color":"800256ff"},{"name":"body_down","parent":"hip","length":41.63,"rotation":89.04,"x":0.75,"y":1.83,"color":"fb611bff"},{"name":"body_up","parent":"body_down","length":71.7,"rotation":0.68,"x":44.43,"y":0.05,"color":"fb611bff"},{"name":"head","parent":"body_up","length":170.31,"rotation":-1.76,"x":74.42,"y":-0.14,"color":"e7ee04ff"},{"name":"leg_R_up","parent":"hip","length":51.16,"rotation":-90.51,"x":-34.51,"y":5.78,"color":"325cd8ff"},{"name":"leg_R_down","parent":"leg_R_up","length":62.97,"rotation":2.36,"x":52.52,"y":-0.21,"color":"325cd8ff"},{"name":"leg_R_IK","parent":"SKELETON CONTROL","x":-35.65,"y":23.77,"color":"ff3f00ff"},{"name":"foot_R","parent":"leg_R_IK","length":34.91,"rotation":-137.61,"x":0.4,"y":2.69,"color":"6c4420ff"},{"name":"leg_L_up","parent":"hip","length":49.26,"rotation":-85.78,"x":27.52,"y":7.36,"color":"1e8e5aff"},{"name":"leg_L_down","parent":"leg_L_up","length":68.94,"rotation":-7.61,"x":51.97,"y":-0.2,"color":"1e8e5aff"},{"name":"leg_L_IK","parent":"SKELETON CONTROL","x":24.24,"y":22.68,"color":"ff3f00ff"},{"name":"foot_L","parent":"leg_L_IK","length":39.39,"rotation":-25.53,"x":-0.23,"y":-1.36,"color":"6d8e16ff"},{"name":"arm_R_control","parent":"body_up","x":48.46,"y":37.34,"color":"250f27ff"},{"name":"arm_R_up","parent":"arm_R_control","length":52.1,"rotation":-139.24,"x":-1.14,"y":-0.58,"color":"ad209bff"},{"name":"arm_R_down","parent":"arm_R_up","length":43.49,"rotation":43.25,"x":52.64,"y":0.02,"color":"ad209bff"},{"name":"hand_R","parent":"arm_R_down","length":35.78,"rotation":14.68,"x":45.37,"y":0.33,"color":"ad209bff"},{"name":"arm_L_control","parent":"body_up","x":48.41,"y":-29.35,"color":"1e1d30ff"},{"name":"arm_L_up","parent":"arm_L_control","length":40.13,"rotation":-146.13,"x":-0.25,"y":0.24,"color":"1b98fbff"},{"name":"arm_L_down","parent":"arm_L_up","length":39.98,"rotation":4.47,"x":42.57,"y":0.14,"color":"1b98fbff"},{"name":"hand_L","parent":"arm_L_down","length":31.14,"rotation":19.75,"x":41.92,"y":-0.28,"color":"1b98fbff"},{"name":"back_pack","parent":"body_up","length":130.39,"rotation":34.47,"x":-17.67,"y":22.65,"color":"fb611bff"},{"name":"hair_back","parent":"head","length":134.18,"rotation":164.26,"x":20.67,"y":24,"color":"e7ee04ff"},{"name":"arrow","parent":"hand_R","length":221.78,"rotation":-31.62,"x":30.74,"y":-4.42,"color":"ad2020ff"},{"name":"bow","parent":"hand_L","x":22.45,"y":-2.32,"color":"a30026ff"},{"name":"shadow","parent":"MOVE_LR","x":-5.02,"y":14.23,"color":"535353ff"},{"name":"hand_R_IK","parent":"MOVE_LR","x":14.23,"y":162.78,"color":"ff3f00ff"},{"name":"hand_L_IK","parent":"SKELETON CONTROL","x":73.2,"y":163.91,"color":"ff3f00ff"}],"slots":[{"name":"bg_desert","bone":"MOVE_LR"},{"name":"Shadiow","bone":"shadow","attachment":"Shadiow"},{"name":"Hair_back","bone":"hair_back","attachment":"Hair_back"},{"name":"Quiver","bone":"back_pack","attachment":"Quiver"},{"name":"BOW","bone":"bow","attachment":"BOW"},{"name":"leg_L","bone":"MOVE_LR","attachment":"leg_L"},{"name":"leg_R","bone":"MOVE_LR","attachment":"leg_R"},{"name":"arm_L","bone":"MOVE_LR","attachment":"arm_L"},{"name":"hand_L","bone":"hand_L","attachment":"hand_L"},{"name":"Torso","bone":"MOVE_LR","attachment":"Torso"},{"name":"arm_R_upper","bone":"arm_R_up","attachment":"arm_R_upper"},{"name":"arm_R","bone":"arm_R_down","attachment":"arm_R"},{"name":"Head_close_eye","bone":"head","attachment":"Head_close_eye"},{"name":"Head_open_eye","bone":"head","attachment":"Head_open_eye"},{"name":"ARROW","bone":"arrow","attachment":"ARROW"},{"name":"Archer mini_2","bone":"root"}],"ik":[{"name":"hand_L_IK","order":3,"bones":["arm_L_up","arm_L_down"],"target":"hand_L_IK"},{"name":"hand_R_IK","order":2,"bones":["arm_R_up","arm_R_down"],"target":"hand_R_IK"},{"name":"leg_L_IK","order":1,"bones":["leg_L_up","leg_L_down"],"target":"leg_L_IK","bendPositive":false},{"name":"leg_R_IK","bones":["leg_R_up","leg_R_down"],"target":"leg_R_IK"}],"skins":[{"name":"default","attachments":{"arm_L":{"arm_L":{"type":"mesh","uvs":[0.06815,0.02481,0.23804,0,0.37961,0.08819,0.46455,0.23607,0.58253,0.3586,0.69107,0.36283,0.79017,0.50648,0.88455,0.62901,1,0.8445,0.78545,1,0.66276,0.94168,0.5259,0.84027,0.43624,0.7938,0.30883,0.75577,0.30411,0.56564,0.19085,0.45578,0.054,0.32902,0,0.18537],"triangles":[9,10,8,8,10,7,10,11,7,11,6,7,11,12,6,14,6,12,12,13,14,6,4,5,4,6,14,4,14,3,3,15,16,14,15,3,3,16,2,2,16,17,1,17,0,2,17,1],"vertices":[2,19,6.32,9.99,0.10257,20,-10.88,-4.43,0.89743,2,19,8.51,-3.08,0.89216,20,-5.42,7.64,0.10784,2,19,0.98,-14.02,0.69622,20,6.93,12.53,0.30378,1,20,21.14,10.94,1,2,20,34.95,12.67,0.80248,21,-6.62,13.09,0.19752,2,20,39.87,19.44,0.56107,21,-1.18,19.45,0.43893,2,20,54.39,18.96,0.19608,21,13.25,17.84,0.80392,2,21,26.02,17.07,0.93757,22,-9.1,21.7,0.06243,2,21,46.1,12.64,0.25697,22,8.29,10.76,0.74303,2,21,46.44,-8.61,0.32217,22,1.44,-9.36,0.67783,2,21,36.67,-12.96,0.94037,22,-9.23,-10.15,0.05963,1,21,23.3,-15.88,1,1,21,15.9,-18.85,1,1,21,7.28,-24.56,1,2,20,37.92,-15.03,0.56398,21,-5.82,-14.77,0.43602,1,20,25.22,-17.07,1,1,20,10.31,-19.82,1,1,20,-2.28,-16.45,1],"hull":18,"edges":[0,2,2,4,4,6,6,8,8,10,10,12,12,14,14,16,16,18,18,20,20,22,22,24,24,26,26,28,28,30,30,32,32,34,0,34],"width":77,"height":86}},"arm_R":{"arm_R":{"type":"mesh","uvs":[0.39394,0.81542,0.49038,0.7928,0.54497,0.8222,0.70445,0.84987,0.71706,0.85178,0.73131,0.84504,0.86886,0.79619,0.99987,0.86065,0.92709,0.96696,0.72419,0.96484,0.71055,0.96469,0.69812,0.96572,0.50494,0.98166,0.42851,1,0.34481,0.97035,0.33935,0.88327],"triangles":[9,5,8,8,5,7,7,5,6,10,4,9,9,4,5,10,11,4,4,11,3,13,14,12,2,12,15,12,2,11,2,0,1,12,14,15,11,2,3,2,15,0],"vertices":[2,16,43.42,11.99,0.5859,17,1.48,15.03,0.4141,2,16,48.07,24.88,0.27533,17,13.7,21.24,0.72467,2,16,57.57,26.32,0.12206,17,21.6,15.78,0.87795,2,17,43.33,12.21,0.39333,18,1.04,12.01,0.60667,2,17,45.05,11.99,0.25256,18,2.64,11.36,0.74744,2,17,46.77,13.63,0.11554,18,4.72,12.51,0.88446,1,18,24.35,20.17,1,1,18,39.57,3.98,1,1,18,26.66,-17.11,1,2,17,48.63,-11.96,0.36944,18,0.03,-12.71,0.63056,2,17,46.82,-12.13,0.49766,18,-1.76,-12.42,0.50234,2,17,45.2,-12.53,0.61636,18,-3.42,-12.39,0.38364,1,17,20.03,-18.72,1,1,17,10.36,-23.73,1,1,17,-1.4,-18.64,1,1,16,49.75,-2.96,1],"hull":16,"edges":[0,2,2,4,12,14,14,16,24,26,26,28,28,30,0,30,4,6,6,8,8,10,10,12,16,18,18,20,20,22,22,24],"width":133,"height":214}},"arm_R_upper":{"arm_R_upper":{"type":"mesh","uvs":[0.07429,0.20599,0.25977,0.15973,0.3914,0.22547,0.53499,0.42514,0.71149,0.57367,0.98372,0.75142,1,0.93892,0.83713,1,0.67858,0.95596,0.52901,0.86343,0.36746,0.74168,0.15806,0.59802,0.07429,0.50306,0,0.33991],"triangles":[0,2,13,1,2,0,5,8,4,5,7,8,6,7,5,8,9,4,2,12,13,12,2,3,11,12,3,10,11,3,10,3,4,9,10,4],"vertices":[1,15,8.38,5.36,1,2,16,-5.68,14.18,0.45711,15,12.42,-7.61,0.54289,2,16,4.61,17.51,0.82094,15,6.81,-16.85,0.17906,1,16,24.19,14.01,1,2,16,41.93,15.11,0.84934,17,2.54,18.33,0.15066,1,17,23.15,5.21,1,1,17,26.04,-10.69,1,1,17,15.28,-17.15,1,1,17,3.83,-14.6,1,2,16,52.59,-10.78,0.42296,17,-7.44,-7.83,0.57704,1,16,37.28,-12.58,1,1,16,18.37,-15.71,1,2,16,8.35,-14.87,0.7993,15,-17.17,5.23,0.2007,2,16,-5.7,-9.72,0.06454,15,-3.17,10.5,0.93546],"hull":14,"edges":[0,2,2,4,4,6,6,8,8,10,10,12,12,14,14,16,16,18,18,20,20,22,22,24,24,26,0,26],"width":70,"height":86}},"ARROW":{"ARROW":{"x":91.39,"y":5.08,"rotation":30.21,"width":241,"height":157}},"BOW":{"BOW":{"x":-25.43,"y":3.76,"rotation":32.2,"width":141,"height":191}},"Hair_back":{"Hair_back":{"x":30.46,"y":11.99,"rotation":107.78,"width":244,"height":191}},"hand_L":{"hand_L":{"x":14.99,"y":-0.83,"rotation":32.2,"width":47,"height":42}},"Head_close_eye":{"Head_close_eye":{"x":83.52,"y":10.61,"rotation":-87.96,"width":193,"height":199}},"Head_open_eye":{"Head_open_eye":{"x":83.52,"y":10.61,"rotation":-87.96,"width":193,"height":199}},"leg_L":{"leg_L":{"type":"mesh","uvs":[0.67656,0.00233,0.55851,0.04171,0.52605,0.05971,0.52458,0.20823,0.5231,0.22623,0.52458,0.24536,0.5231,0.28811,0.53048,0.33087,0.50392,0.35112,0.45227,0.50414,0.48916,0.53227,0.48326,0.61553,0.48326,0.6794,0.48326,0.69091,0.47713,0.70164,0.43309,0.77867,0.4567,0.82592,0.62049,0.8698,0.84035,0.8788,0.99824,0.86643,0.9702,0.75392,0.82706,0.69147,0.81526,0.68191,0.81084,0.66391,0.81969,0.52889,0.88314,0.49739,0.85363,0.36237,0.82412,0.33537,0.82117,0.31624,0.82264,0.26111,0.82559,0.24086,0.82117,0.21948,0.82264,0.08221,0.78723,0.00233],"triangles":[17,21,18,18,20,19,18,21,20,16,14,17,14,13,17,17,22,21,22,17,13,16,15,14,22,13,23,13,12,23,12,11,23,23,11,24,24,11,10,24,10,8,10,9,8,24,26,25,24,8,26,26,7,27,26,8,7,7,28,27,7,6,28,28,6,29,6,5,29,29,5,30,5,4,30,30,4,3,3,31,30,31,3,32,3,2,32,2,1,32,1,0,32,0,33,32],"vertices":[1,11,4.91,2.49,1,1,11,10.14,-12.33,1,1,11,12.72,-16.5,1,2,11,36.41,-18.42,0.91061,12,-13.01,-20.12,0.08939,2,11,39.26,-18.81,0.85068,12,-10.13,-20.13,0.14932,2,11,42.33,-18.86,0.76324,12,-7.08,-19.77,0.23676,2,11,49.14,-19.54,0.49145,12,-0.24,-19.55,0.50855,2,11,56.03,-19.15,0.17777,12,6.53,-18.24,0.82223,2,11,59.02,-22.62,0.07016,12,9.96,-21.29,0.92984,1,12,34.77,-26.13,1,1,12,39,-21.37,1,2,12,52.34,-21.3,0.9091,14,-26.37,8.67,0.0909,2,12,62.54,-20.7,0.61596,14,-21.97,-0.55,0.38404,2,12,64.38,-20.59,0.52071,14,-21.17,-2.21,0.47929,2,12,66.14,-21.24,0.42475,14,-21.11,-4.08,0.57525,2,12,78.76,-25.87,0.06107,14,-20.64,-17.52,0.93893,1,14,-14.78,-23.1,1,1,14,6.27,-20.82,1,1,14,31.1,-10.56,1,1,14,47.62,-0.47,1,1,14,36.78,14.3,1,2,12,61.99,21.29,0.3466,14,16.71,15.79,0.6534,2,12,60.55,19.76,0.48368,14,14.76,16.55,0.51632,2,12,57.7,19.05,0.67055,14,13.03,18.91,0.32945,1,12,36.07,18.85,1,1,12,30.59,26.28,1,1,12,9.23,21.41,1,2,11,59.38,16.53,0.1362,12,5.13,17.56,0.8638,2,11,56.3,16.39,0.27141,12,2.1,17.02,0.72859,2,11,47.52,17.22,0.72098,12,-6.72,16.68,0.27902,2,11,44.31,17.82,0.83415,12,-9.97,16.85,0.16585,2,11,40.86,17.53,0.91977,12,-13.36,16.1,0.08023,1,11,18.97,19.33,1,1,11,5.91,15.96,1],"hull":34,"edges":[0,2,2,4,4,6,6,8,8,10,10,12,12,14,14,16,16,18,18,20,20,22,30,32,32,34,34,36,36,38,38,40,40,42,42,44,44,46,46,48,48,50,50,52,52,54,54,56,56,58,58,60,60,62,62,64,64,66,0,66,60,6,64,4,52,16,22,24,24,26,26,28,28,30],"width":122,"height":160}},"leg_R":{"leg_R":{"type":"mesh","uvs":[0.59934,0.56665,0.7874,0.58342,0.85973,0.62441,0.84255,0.70197,0.84195,0.71647,0.85159,0.72934,0.85562,0.74887,0.85973,0.76881,1,0.8331,0.87901,0.86012,0.83562,0.91043,0.85973,0.96539,0.56077,0.99148,0.35342,0.99986,0.01107,0.98775,0.00143,0.94583,0.24915,0.90373,0.27638,0.89797,0.28009,0.89126,0.27347,0.84684,0.18333,0.83223,0.27977,0.77521,0.32487,0.77137,0.32374,0.76436,0.32483,0.74417,0.32582,0.72589,0.32582,0.7148,0.32873,0.70747,0.3549,0.61029,0.42469,0.57602],"triangles":[16,12,13,16,13,15,16,17,12,12,17,11,15,13,14,17,10,11,17,18,10,10,18,9,9,19,22,22,7,9,9,18,19,22,19,21,9,7,8,19,20,21,23,7,22,7,23,6,23,24,6,5,6,24,5,24,25,25,4,5,25,26,4,26,27,4,4,27,3,3,27,28,3,28,2,1,28,0,28,29,0,2,28,1],"vertices":[1,7,-20.25,4.51,1,1,7,-13.96,18.48,1,1,7,1.7,23.97,1,1,7,31.41,22.96,1,1,7,36.97,22.97,1,1,7,41.89,23.72,1,2,7,49.37,24.09,0.87045,8,-2.15,24.41,0.12955,2,7,57,24.46,0.61265,8,5.49,24.47,0.38735,2,7,81.53,35.06,0.11572,8,30.43,34.05,0.88428,2,8,40.49,24.76,0.81559,10,-34.39,-0.73,0.18441,2,8,59.64,20.93,0.1719,10,-18.82,11.05,0.8281,1,10,-5.64,27.57,1,1,10,17.29,19.62,1,1,10,30.64,11.4,1,1,10,45.86,-9.38,1,1,10,35.34,-21.53,1,2,8,55.67,-22.36,0.53479,10,10.94,-20.64,0.46521,2,8,53.53,-20.28,0.68425,10,7.96,-20.86,0.31575,2,8,50.97,-19.92,0.79947,10,5.99,-22.54,0.20053,1,8,33.95,-19.86,1,1,8,28.15,-26.34,1,1,8,6.55,-18.51,1,2,7,58.33,-15.11,0.13319,8,5.19,-15.12,0.86681,2,7,55.65,-15.22,0.27663,8,2.5,-15.12,0.72337,2,7,47.91,-15.2,0.72827,8,-5.23,-14.79,0.27173,1,7,40.91,-15.19,1,1,7,36.66,-15.23,1,1,7,33.86,-15.04,1,1,7,-3.38,-13.43,1,1,7,-16.55,-8.39,1],"hull":30,"edges":[0,2,2,4,4,6,6,8,8,10,14,16,16,18,18,20,20,22,22,24,24,26,26,28,28,30,30,32,32,34,34,36,36,38,38,40,40,42,42,44,50,52,52,54,54,56,56,58,0,58,34,22,44,46,46,48,48,50,10,12,12,14],"width":74,"height":383}},"Quiver":{"Quiver":{"x":27.68,"y":17.93,"rotation":-124.19,"width":145,"height":291}},"Shadiow":{"Shadiow":{"x":-2.48,"y":-3.73,"rotation":0.39,"width":167,"height":63}},"Torso":{"Torso":{"type":"mesh","uvs":[0.4367,0.3762,0.61248,0.38002,0.61854,0.43225,0.68521,0.43352,0.72764,0.46919,0.8125,0.47938,0.83068,0.52906,0.89432,0.58511,0.87311,0.62842,0.82159,0.64499,0.82159,0.67301,0.86934,0.72783,1,0.90091,1,0.95303,0.8757,0.97976,0.5959,1,0.31134,0.98978,0.17462,0.96372,0.01088,0.9283,0.09195,0.82406,0.1937,0.74588,0.25093,0.71647,0.27,0.67037,0.29703,0.66569,0.23344,0.54206,0.23662,0.48192,0.35426,0.46054,0.35744,0.43381,0.42103,0.43515],"triangles":[2,0,1,22,23,10,10,23,9,24,4,9,4,24,26,9,4,6,4,26,2,4,2,3,2,26,28,2,28,0,9,23,24,26,24,25,8,9,7,6,4,5,7,9,6,26,27,28,11,15,21,10,21,22,21,10,11,12,15,11,13,14,12,12,14,15,16,19,20,16,20,15,21,15,20,18,19,17,16,17,19],"vertices":[2,5,85.71,14.89,0.25378,6,10.83,15.37,0.74622,1,6,10.48,-6.45,1,2,5,69.29,-7.74,0.89888,6,-4.89,-7.75,0.10112,1,5,68.95,-16.01,1,1,5,58.45,-21.32,1,1,5,55.5,-31.86,1,1,5,40.85,-34.18,1,1,5,24.36,-42.15,1,1,5,11.57,-39.59,1,2,4,51.47,-33.09,0.15438,5,6.65,-33.22,0.84562,2,4,43.21,-33.23,0.43328,5,-1.62,-33.26,0.56672,2,4,27.14,-39.42,0.84746,5,-17.76,-39.26,0.15254,2,3,56.82,-22.75,0.34837,4,-23.64,-56.48,0.65163,2,3,56.82,-38.13,0.42471,4,-39.01,-56.74,0.57529,2,3,41.41,-46.01,0.52814,4,-47.16,-41.46,0.47186,2,3,6.72,-51.99,0.90748,4,-53.71,-6.87,0.09252,1,3,-28.57,-48.97,1,1,3,-45.52,-41.28,1,1,3,-65.83,-30.83,1,2,3,-55.77,-0.08,0.8415,4,-2.87,56.48,0.1585,3,3,-43.16,22.98,0.45862,4,20.41,44.25,0.44038,5,-23.49,44.49,0.101,3,3,-36.06,31.66,0.25177,4,29.2,37.3,0.51333,5,-14.78,37.44,0.2349,3,3,-33.7,45.26,0.08869,4,42.84,35.17,0.41008,5,-1.17,35.14,0.50123,3,3,-30.34,46.64,0.06391,4,44.27,31.84,0.35499,5,0.23,31.79,0.5811,1,5,36.66,39.86,1,1,5,54.4,39.55,1,1,5,60.78,24.99,1,2,5,68.67,24.64,0.93141,6,-6.51,24.59,0.06859,2,5,68.31,16.75,0.83379,6,-6.62,16.7,0.16621],"hull":29,"edges":[0,2,2,4,4,6,6,8,8,10,10,12,12,14,14,16,16,18,18,20,20,22,22,24,24,26,26,28,28,30,30,32,32,34,34,36,36,38,38,40,40,42,42,44,44,46,46,48,48,50,50,52,52,54,54,56,0,56,20,44],"width":124,"height":295}}}}],"events":{"finished_attacking":{}},"animations":{"attack_above":{"slots":{"ARROW":{"attachment":[{"time":0.6333,"name":null},{"time":1,"name":"ARROW"}]},"Head_close_eye":{"attachment":[{"name":null},{"time":0.6333,"name":"Head_close_eye"}]},"Head_open_eye":{"attachment":[{"time":0.6333,"name":null},{"time":0.7,"name":"Head_open_eye"}]}},"bones":{"hip":{"rotate":[{"angle":0.92},{"time":0.4667,"angle":3.69},{"time":1,"angle":0.92}],"translate":[{"x":0.92,"y":0.92},{"time":0.4667,"x":-9,"y":0.92},{"time":1,"x":0.92,"y":0.92}]},"hand_R_IK":{"translate":[{"x":6.16,"y":5.06},{"time":0.2667,"x":16.76,"y":8.46},{"time":0.5333,"x":18.08,"y":4.48},{"time":0.6333,"x":-70.51,"y":26.72},{"time":0.7333,"x":-70.51,"y":26.72},{"time":1,"x":6.16,"y":5.06}]},"hand_R":{"rotate":[{"angle":-1.69},{"time":0.2667,"angle":-5.97},{"time":0.5667,"angle":-4.22},{"time":1,"angle":-1.69}]},"arrow":{"rotate":[{},{"time":0.3333,"angle":17.45},{"time":0.5333,"angle":17.45},{"time":0.6,"angle":3.31},{"time":1}]},"arm_L_up":{"rotate":[{},{"time":0.2333,"angle":29.43,"curve":"stepped"},{"time":0.6,"angle":29.43},{"time":1}]},"hand_L_IK":{"rotate":[{},{"time":0.9,"angle":13.71}],"translate":[{"x":-1.06,"y":0.35},{"time":0.4667,"x":-7.18,"y":-3.97},{"time":0.6,"x":-6.51,"y":-1.98},{"time":0.9667,"x":-8.72,"y":-1.52},{"time":1,"x":-1.06,"y":0.35}]},"bow":{"rotate":[{},{"time":0.3,"angle":3.69},{"time":0.5,"angle":4.34},{"time":0.7333,"angle":3.69},{"time":1}]},"head":{"rotate":[{"angle":1.9},{"time":0.4667,"angle":-8.51,"curve":"stepped"},{"time":0.6333,"angle":-8.51},{"time":1,"angle":1.9}]}},"deform":{"default":{"arm_L":{"arm_L":[{"time":0.6333,"offset":8,"vertices":[3.53223,2.1541,-1.84432,3.70349]}]}}},"events":[{"time":0.6333,"name":"finished_attacking"}]},"attack_below":{"slots":{"ARROW":{"attachment":[{"time":0.6333,"name":null},{"time":1,"name":"ARROW"}]},"Head_close_eye":{"attachment":[{"name":null},{"time":0.6333,"name":"Head_close_eye"}]},"Head_open_eye":{"attachment":[{"time":0.6333,"name":null},{"time":0.7,"name":"Head_open_eye"}]}},"bones":{"hip":{"rotate":[{"angle":0.92,"curve":"stepped"},{"time":0.2667,"angle":0.92},{"time":0.5333,"angle":10.19,"curve":"stepped"},{"time":0.6,"angle":10.19},{"time":1,"angle":0.92}],"translate":[{"x":0.92,"y":0.92,"curve":"stepped"},{"time":0.2667,"x":0.92,"y":0.92},{"time":0.5333,"x":2.2,"y":-4.21,"curve":"stepped"},{"time":0.6,"x":2.2,"y":-4.21},{"time":1,"x":0.92,"y":0.92}]},"hand_R_IK":{"translate":[{"x":6.16,"y":5.06},{"time":0.2667,"x":41.55,"y":58.04},{"time":0.5333,"x":26.06,"y":64.23},{"time":0.6333,"x":-59.93,"y":38.67},{"time":0.7333,"x":-59.93,"y":38.67},{"time":1,"x":6.16,"y":5.06}]},"hand_R":{"rotate":[{"angle":-1.69},{"time":0.2667,"angle":-5.97},{"time":0.5667,"angle":-4.22},{"time":1,"angle":-1.69}]},"arrow":{"rotate":[{},{"time":0.3333,"angle":33.5},{"time":0.5333,"angle":27.98},{"time":0.6,"angle":-26.02},{"time":1}]},"arm_L_up":{"rotate":[{},{"time":0.2333,"angle":29.43,"curve":"stepped"},{"time":0.6,"angle":29.43},{"time":1}]},"hand_L_IK":{"rotate":[{},{"time":0.9,"angle":13.71}],"translate":[{"x":-1.06,"y":0.35},{"time":0.2333,"x":29.76,"y":48.75},{"time":0.4667,"x":28.87,"y":89.18},{"time":0.6,"x":14.09,"y":99.66,"curve":"stepped"},{"time":0.7333,"x":14.09,"y":99.66},{"time":0.8667,"x":1.54,"y":24.63},{"time":0.9667,"x":-8.72,"y":-1.52},{"time":1,"x":-1.06,"y":0.35}]},"bow":{"rotate":[{},{"time":0.3,"angle":-15.62},{"time":0.5,"angle":-16.8,"curve":"stepped"},{"time":0.7667,"angle":-16.8},{"time":1}]},"head":{"rotate":[{"angle":1.9},{"time":1,"angle":1.9}]},"leg_R_IK":{"translate":[{"time":0.3},{"time":0.5,"x":-4.71,"y":-1.45,"curve":"stepped"},{"time":0.7,"x":-4.71,"y":-1.45},{"time":1}]}},"deform":{"default":{"arm_L":{"arm_L":[{"time":0.6333,"offset":8,"vertices":[3.53223,2.1541,-1.84432,3.70349]}]}}},"events":[{"time":0.6333,"name":"finished_attacking"}]},"die":{"slots":{"ARROW":{"attachment":[{"time":0.6667,"name":null}]},"Head_open_eye":{"attachment":[{"time":0.3333,"name":null}]}},"bones":{"hip":{"rotate":[{"angle":0.92},{"time":0.3333,"angle":75.09,"curve":"stepped"},{"time":0.4,"angle":75.09},{"time":0.5333,"angle":83.95}],"translate":[{"x":0.92,"y":0.92},{"time":0.3333,"x":-97.13,"y":-76.19},{"time":0.4,"x":-92.72,"y":-49.76},{"time":0.5333,"x":-90.52,"y":-109.24}]},"leg_R_IK":{"rotate":[{},{"time":0.3333,"angle":115.92}],"translate":[{},{"time":0.3333,"x":23.46,"y":17.15},{"time":0.6,"x":40.86,"y":-15.33}]},"leg_L_IK":{"rotate":[{},{"time":0.3333,"angle":89.4},{"time":0.5,"angle":58.37}],"translate":[{},{"time":0.3333,"x":-12.59,"y":30.08},{"time":0.5,"x":-5.28,"y":13.03},{"time":0.5667,"x":-4.67,"y":4.51}]},"hand_R_IK":{"translate":[{},{"time":0.3,"x":-144.31,"y":-53.98},{"time":0.6667,"x":-124.31,"y":-165.42}]},"hand_L_IK":{"translate":[{},{"time":0.1667,"x":-13.97,"y":37.32},{"time":0.2333,"x":-90.11,"y":33.71},{"time":0.2667,"x":-150.3,"y":17.01},{"time":0.3,"x":-176.15,"y":-8.21},{"time":0.3333,"x":-184.96,"y":-15.93},{"time":0.3667,"x":-175.35,"y":-18.32},{"time":0.5,"x":-196.02,"y":-41.95},{"time":0.5667,"x":-181.9,"y":-83.06},{"time":0.8333,"x":-181.22,"y":-97.9},{"time":1.1667,"x":-181.22,"y":-97.9}]},"head":{"rotate":[{},{"time":0.3333,"angle":-11.81},{"time":0.4,"angle":1.67},{"time":0.4667,"angle":-13.1}]},"leg_R_up":{"rotate":[{"angle":0.24}]},"arrow":{"rotate":[{},{"time":0.2,"angle":57.54},{"time":0.2667,"angle":-8.67},{"time":0.6,"angle":-35.57},{"time":0.6667,"angle":-23.83}],"translate":[{},{"time":0.2,"x":15.22,"y":38.94},{"time":0.2667,"x":167.03,"y":-24.42},{"time":0.6,"x":65.3,"y":-38.51}]},"shadow":{"translate":[{},{"time":0.5333,"x":-150.03}],"scale":[{},{"time":0.5333,"x":2.861,"y":1.801}]}},"drawOrder":[{"time":0.5667,"offsets":[{"slot":"ARROW","offset":-12}]}]},"idle":{"slots":{"Head_open_eye":{"attachment":[{"time":0.4333,"name":null},{"time":0.6333,"name":"Head_open_eye"}]}},"bones":{"hip":{"rotate":[{"angle":0.92}],"translate":[{"x":0.92,"y":0.92},{"time":0.6667,"x":13.98,"y":-0.69},{"time":1.1667,"x":0.92,"y":0.92}]},"head":{"rotate":[{"angle":1.9},{"time":0.2,"angle":0.73},{"time":0.4667,"angle":-1.13},{"time":0.7667,"angle":0.63},{"time":1.0333,"angle":2.34},{"time":1.1667,"angle":1.9}]},"hand_R_IK":{"translate":[{"x":6.16,"y":5.06},{"time":0.2333,"x":7.94,"y":3.58},{"time":0.8333,"x":9.27,"y":0.48},{"time":1.1667,"x":6.16,"y":5.06}]},"hand_R":{"rotate":[{"angle":-1.69},{"time":0.2667,"angle":-4.7},{"time":0.6333,"angle":-5.36},{"time":1.1667,"angle":-1.69}]},"hand_L_IK":{"translate":[{"x":-1.06,"y":0.35},{"time":0.0333,"x":-1.35,"y":0.26},{"time":0.6333,"x":12.44,"y":0.74},{"time":1.1667,"x":-1.06,"y":0.35}]}}}}}