[1,0,0,[["cc.JsonAsset",["_name","json"],1]],[[0,0,1,3]],[[0,"level_000421-30",[{"layers":[{"index":0,"tiles":[{"x":-1,"y":-4},{"x":-2.5,"y":-2.5},{"x":-1.5,"y":-2.5},{"x":-0.5,"y":-2.5},{"x":1,"y":-2},{"x":3.5,"y":-2},{"x":-3,"y":-1.5},{"x":-2,"y":-1.5},{"x":-1,"y":-1.5},{"x":0.5,"y":-1},{"x":-3.5,"y":-0.5},{"x":-2.5,"y":-0.5},{"x":-1.5,"y":-0.5},{"x":2,"y":-0.5},{"x":3,"y":-0.5},{"x":4,"y":-0.5},{"x":-4,"y":0.5},{"x":-3,"y":0.5},{"x":-2,"y":0.5},{"x":1.5,"y":0.5},{"x":2.5,"y":0.5},{"x":3.5,"y":0.5},{"x":-0.5,"y":1},{"x":1,"y":1.5},{"x":2,"y":1.5},{"x":3,"y":1.5},{"x":-3.5,"y":2},{"x":-1,"y":2},{"x":0.5,"y":2.5},{"x":1.5,"y":2.5},{"x":2.5,"y":2.5},{"x":1,"y":4}]},{"index":1,"tiles":[{"x":-1,"y":-4},{"x":-2.5,"y":-2.5},{"x":-1.5,"y":-2.5},{"x":-0.5,"y":-2.5},{"x":1,"y":-2},{"x":3.5,"y":-2},{"x":-3,"y":-1.5},{"x":-2,"y":-1.5},{"x":-1,"y":-1.5},{"x":0.5,"y":-1},{"x":-3.5,"y":-0.5},{"x":-2.5,"y":-0.5},{"x":-1.5,"y":-0.5},{"x":2,"y":-0.5},{"x":3,"y":-0.5},{"x":4,"y":-0.5},{"x":-4,"y":0.5},{"x":-3,"y":0.5},{"x":-2,"y":0.5},{"x":1.5,"y":0.5},{"x":2.5,"y":0.5},{"x":3.5,"y":0.5},{"x":-0.5,"y":1},{"x":1,"y":1.5},{"x":2,"y":1.5},{"x":3,"y":1.5},{"x":-3.5,"y":2},{"x":-1,"y":2},{"x":0.5,"y":2.5},{"x":1.5,"y":2.5},{"x":2.5,"y":2.5},{"x":1,"y":4}]},{"index":2,"tiles":[{"x":-1,"y":-4},{"x":-2.5,"y":-2.5},{"x":-1.5,"y":-2.5},{"x":-0.5,"y":-2.5},{"x":1,"y":-2},{"x":3.5,"y":-2},{"x":-3,"y":-1.5},{"x":-2,"y":-1.5},{"x":-1,"y":-1.5},{"x":0.5,"y":-1},{"x":-3.5,"y":-0.5},{"x":-2.5,"y":-0.5},{"x":-1.5,"y":-0.5},{"x":2,"y":-0.5},{"x":3,"y":-0.5},{"x":4,"y":-0.5},{"x":-4,"y":0.5},{"x":-3,"y":0.5},{"x":-2,"y":0.5},{"x":1.5,"y":0.5},{"x":2.5,"y":0.5},{"x":3.5,"y":0.5},{"x":-0.5,"y":1},{"x":1,"y":1.5},{"x":2,"y":1.5},{"x":3,"y":1.5},{"x":-3.5,"y":2},{"x":-1,"y":2},{"x":0.5,"y":2.5},{"x":1.5,"y":2.5},{"x":2.5,"y":2.5},{"x":1,"y":4}]},{"index":3,"tiles":[{"x":-1,"y":-4},{"x":-2.5,"y":-2.5},{"x":-1.5,"y":-2.5},{"x":-0.5,"y":-2.5},{"x":3.5,"y":-2},{"x":-3,"y":-1.5},{"x":-2,"y":-1.5},{"x":-1,"y":-1.5},{"x":-3.5,"y":-0.5},{"x":-2.5,"y":-0.5},{"x":-1.5,"y":-0.5},{"x":2,"y":-0.5},{"x":3,"y":-0.5},{"x":4,"y":-0.5},{"x":-4,"y":0.5},{"x":-3,"y":0.5},{"x":-2,"y":0.5},{"x":1.5,"y":0.5},{"x":2.5,"y":0.5},{"x":3.5,"y":0.5},{"x":1,"y":1.5},{"x":2,"y":1.5},{"x":3,"y":1.5},{"x":-3.5,"y":2},{"x":0.5,"y":2.5},{"x":1.5,"y":2.5},{"x":2.5,"y":2.5},{"x":1,"y":4}]},{"index":4,"tiles":[{"x":-1,"y":-4},{"x":-1.5,"y":-2.5},{"x":3.5,"y":-2},{"x":-2,"y":-1.5},{"x":-2.5,"y":-0.5},{"x":3,"y":-0.5},{"x":-3,"y":0.5},{"x":2.5,"y":0.5},{"x":2,"y":1.5},{"x":-3.5,"y":2},{"x":1.5,"y":2.5},{"x":1,"y":4}]}],"seeds":["mGZtoBIOV+QNJTVFSjghFPd13igqVNYdEBQI35ISEucEHGgs2idNgURITXWCzFFQ6vFQYUgpyfeAIsJcXmU0XRceGzmZnSgejwc6gqcUlAcuoChyKJVZXxeEAQYeHCUoicB9zxJQ"]},{"layers":[{"index":0,"tiles":[{"x":-3,"y":-3},{"x":-1.5,"y":-3},{"x":0,"y":-3},{"x":1.5,"y":-3},{"x":3,"y":-3},{"x":-3.5,"y":-2},{"x":3.5,"y":-2},{"x":-2.5,"y":-1.5},{"x":0,"y":-1.5},{"x":2.5,"y":-1.5},{"x":-1.5,"y":-1},{"x":1.5,"y":-1},{"x":-4,"y":0},{"x":-3,"y":0},{"x":-1.5,"y":0},{"x":1.5,"y":0},{"x":3,"y":0},{"x":4,"y":0},{"x":-1.5,"y":1},{"x":1.5,"y":1},{"x":-2.5,"y":1.5},{"x":0,"y":1.5},{"x":2.5,"y":1.5},{"x":-3.5,"y":2},{"x":3.5,"y":2},{"x":-3,"y":3},{"x":-1.5,"y":3},{"x":0,"y":3},{"x":1.5,"y":3},{"x":3,"y":3}]},{"index":1,"tiles":[{"x":-3,"y":-3},{"x":-1.5,"y":-3},{"x":0,"y":-3},{"x":1.5,"y":-3},{"x":3,"y":-3},{"x":-3.5,"y":-2},{"x":3.5,"y":-2},{"x":-2.5,"y":-1.5},{"x":0,"y":-1.5},{"x":2.5,"y":-1.5},{"x":-1.5,"y":-1},{"x":1.5,"y":-1},{"x":-4,"y":0},{"x":-3,"y":0},{"x":-1.5,"y":0},{"x":1.5,"y":0},{"x":3,"y":0},{"x":4,"y":0},{"x":-1.5,"y":1},{"x":1.5,"y":1},{"x":-2.5,"y":1.5},{"x":0,"y":1.5},{"x":2.5,"y":1.5},{"x":-3.5,"y":2},{"x":3.5,"y":2},{"x":-3,"y":3},{"x":-1.5,"y":3},{"x":0,"y":3},{"x":1.5,"y":3},{"x":3,"y":3}]},{"index":2,"tiles":[{"x":-3,"y":-3},{"x":-1.5,"y":-3},{"x":0,"y":-3},{"x":1.5,"y":-3},{"x":3,"y":-3},{"x":-3.5,"y":-2},{"x":3.5,"y":-2},{"x":-2.5,"y":-1.5},{"x":0,"y":-1.5},{"x":2.5,"y":-1.5},{"x":-1.5,"y":-1},{"x":1.5,"y":-1},{"x":-4,"y":0},{"x":-3,"y":0},{"x":-1.5,"y":0},{"x":1.5,"y":0},{"x":3,"y":0},{"x":4,"y":0},{"x":-1.5,"y":1},{"x":1.5,"y":1},{"x":-2.5,"y":1.5},{"x":0,"y":1.5},{"x":2.5,"y":1.5},{"x":-3.5,"y":2},{"x":3.5,"y":2},{"x":-3,"y":3},{"x":-1.5,"y":3},{"x":0,"y":3},{"x":1.5,"y":3},{"x":3,"y":3}]},{"index":3,"tiles":[{"x":-3,"y":-3},{"x":0,"y":-3},{"x":3,"y":-3},{"x":-3.5,"y":-2},{"x":3.5,"y":-2},{"x":-2.5,"y":-1.5},{"x":0,"y":-1.5},{"x":2.5,"y":-1.5},{"x":-1.5,"y":-1},{"x":1.5,"y":-1},{"x":-4,"y":0},{"x":-3,"y":0},{"x":-1.5,"y":0},{"x":1.5,"y":0},{"x":3,"y":0},{"x":4,"y":0},{"x":-1.5,"y":1},{"x":1.5,"y":1},{"x":-2.5,"y":1.5},{"x":0,"y":1.5},{"x":2.5,"y":1.5},{"x":-3.5,"y":2},{"x":3.5,"y":2},{"x":-3,"y":3},{"x":0,"y":3},{"x":3,"y":3}]},{"index":4,"tiles":[{"x":-3,"y":-3},{"x":0,"y":-3},{"x":3,"y":-3},{"x":-3.5,"y":-2},{"x":3.5,"y":-2},{"x":-2.5,"y":-1.5},{"x":0,"y":-1.5},{"x":2.5,"y":-1.5},{"x":-1.5,"y":-1},{"x":1.5,"y":-1},{"x":-4,"y":0},{"x":-3,"y":0},{"x":-1.5,"y":0},{"x":1.5,"y":0},{"x":3,"y":0},{"x":4,"y":0},{"x":-1.5,"y":1},{"x":1.5,"y":1},{"x":-2.5,"y":1.5},{"x":0,"y":1.5},{"x":2.5,"y":1.5},{"x":-3.5,"y":2},{"x":3.5,"y":2},{"x":-3,"y":3},{"x":0,"y":3},{"x":3,"y":3}]}],"seeds":["nAaCIXKJ1MYInnd1nfBlFYJRYIhNGzcQAnmGn1GVHhF2RKQSTBJq2Tg0kUJR4AJ64AR+TAh1VXgUZmAoU8OAiWgN6PSJh/J5ziOJRriIBSVIn2OIC+cNXGg9QRAQHEV04bek3acQFSGKHAQA"]},{"layers":[{"index":0,"tiles":[{"x":-1.5,"y":-3},{"x":-0.5,"y":-3},{"x":0.5,"y":-3},{"x":1.5,"y":-3},{"x":-2.5,"y":-2},{"x":-1.5,"y":-2},{"x":-0.5,"y":-2},{"x":0.5,"y":-2},{"x":1.5,"y":-2},{"x":2.5,"y":-2},{"x":-3.5,"y":-1},{"x":-2.5,"y":-1},{"x":-1.5,"y":-1},{"x":-0.5,"y":-1},{"x":0.5,"y":-1},{"x":1.5,"y":-1},{"x":2.5,"y":-1},{"x":3.5,"y":-1},{"x":-3.5,"y":0},{"x":-2.5,"y":0},{"x":-1.5,"y":0},{"x":-0.5,"y":0},{"x":0.5,"y":0},{"x":1.5,"y":0},{"x":2.5,"y":0},{"x":3.5,"y":0},{"x":-3.5,"y":1},{"x":-2.5,"y":1},{"x":-1.5,"y":1},{"x":-0.5,"y":1},{"x":0.5,"y":1},{"x":1.5,"y":1},{"x":2.5,"y":1},{"x":3.5,"y":1},{"x":-2.5,"y":2},{"x":-1.5,"y":2},{"x":-0.5,"y":2},{"x":0.5,"y":2},{"x":1.5,"y":2},{"x":2.5,"y":2},{"x":-1.5,"y":3},{"x":-0.5,"y":3},{"x":0.5,"y":3},{"x":1.5,"y":3}]},{"index":1,"tiles":[{"x":-1.5,"y":-3},{"x":0,"y":-3},{"x":1.5,"y":-3},{"x":-2.5,"y":-2},{"x":-1.5,"y":-2},{"x":0,"y":-2},{"x":1.5,"y":-2},{"x":2.5,"y":-2},{"x":-3,"y":-1},{"x":-1,"y":-1},{"x":1,"y":-1},{"x":3,"y":-1},{"x":-3.5,"y":0},{"x":-2,"y":0},{"x":0,"y":0},{"x":2,"y":0},{"x":3.5,"y":0},{"x":-3,"y":1},{"x":-1,"y":1},{"x":1,"y":1},{"x":3,"y":1},{"x":-2.5,"y":2},{"x":-1.5,"y":2},{"x":0,"y":2},{"x":1.5,"y":2},{"x":2.5,"y":2},{"x":-1.5,"y":3},{"x":0,"y":3},{"x":1.5,"y":3}]},{"index":2,"tiles":[{"x":0,"y":-3},{"x":0,"y":-2},{"x":-3,"y":-1},{"x":-1,"y":-1},{"x":1,"y":-1},{"x":3,"y":-1},{"x":-3.5,"y":0},{"x":-2,"y":0},{"x":0,"y":0},{"x":2,"y":0},{"x":3.5,"y":0},{"x":-3,"y":1},{"x":-1,"y":1},{"x":1,"y":1},{"x":3,"y":1},{"x":0,"y":2},{"x":0,"y":3}]},{"index":3,"tiles":[{"x":0,"y":-3},{"x":0,"y":-2},{"x":-3,"y":-1},{"x":-1,"y":-1},{"x":1,"y":-1},{"x":3,"y":-1},{"x":-3.5,"y":0},{"x":-2,"y":0},{"x":0,"y":0},{"x":2,"y":0},{"x":3.5,"y":0},{"x":-3,"y":1},{"x":-1,"y":1},{"x":1,"y":1},{"x":3,"y":1},{"x":0,"y":2},{"x":0,"y":3}]},{"index":4,"tiles":[{"x":0,"y":-3},{"x":0,"y":-2},{"x":-3.5,"y":0},{"x":-2,"y":0},{"x":0,"y":0},{"x":2,"y":0},{"x":3.5,"y":0},{"x":0,"y":2},{"x":0,"y":3}]}],"seeds":["YkA8INdg1cJwk9gUhOCBodGdnWd6gtA9IBgOU1aAkBJGKYJQSvBBDpdIGudFWcgEodct23UcIIUqn+hcoSaKU+eBicFRnahyG4VJwfSVwqCAo2WR31It"]},{"layers":[{"index":0,"tiles":[{"x":-2,"y":-3.5},{"x":-1,"y":-3.5},{"x":0,"y":-3.5},{"x":1,"y":-3.5},{"x":2,"y":-3.5},{"x":-1.5,"y":-2.5},{"x":-0.5,"y":-2.5},{"x":0.5,"y":-2.5},{"x":1.5,"y":-2.5},{"x":-1,"y":-1.5},{"x":0,"y":-1.5},{"x":1,"y":-1.5},{"x":-0.5,"y":-0.5},{"x":0.5,"y":-0.5},{"x":-3,"y":0},{"x":3,"y":0},{"x":-4,"y":0.5},{"x":-2,"y":0.5},{"x":0,"y":0.5},{"x":2,"y":0.5},{"x":4,"y":0.5},{"x":-3,"y":1},{"x":3,"y":1},{"x":0,"y":2},{"x":-2,"y":2.5},{"x":2,"y":2.5},{"x":-3,"y":3},{"x":-1,"y":3},{"x":1,"y":3},{"x":3,"y":3},{"x":-2,"y":3.5},{"x":2,"y":3.5}]},{"index":1,"tiles":[{"x":-2,"y":-3.5},{"x":2,"y":-3.5},{"x":-0.5,"y":-3},{"x":0.5,"y":-3},{"x":-1.5,"y":-2.5},{"x":1.5,"y":-2.5},{"x":0,"y":-2},{"x":-1,"y":-1.5},{"x":1,"y":-1.5},{"x":-0.5,"y":-0.5},{"x":0.5,"y":-0.5},{"x":-3,"y":0},{"x":3,"y":0},{"x":-4,"y":0.5},{"x":-2,"y":0.5},{"x":0,"y":0.5},{"x":2,"y":0.5},{"x":4,"y":0.5},{"x":-3,"y":1},{"x":3,"y":1},{"x":0,"y":2},{"x":-2,"y":2.5},{"x":2,"y":2.5},{"x":-3,"y":3},{"x":-1,"y":3},{"x":1,"y":3},{"x":3,"y":3},{"x":-2,"y":3.5},{"x":2,"y":3.5}]},{"index":2,"tiles":[{"x":-2,"y":-3.5},{"x":2,"y":-3.5},{"x":-0.5,"y":-3},{"x":0.5,"y":-3},{"x":-1.5,"y":-2.5},{"x":1.5,"y":-2.5},{"x":0,"y":-2},{"x":-1,"y":-1.5},{"x":1,"y":-1.5},{"x":-0.5,"y":-0.5},{"x":0.5,"y":-0.5},{"x":-3.5,"y":0.5},{"x":-2.5,"y":0.5},{"x":0,"y":0.5},{"x":2.5,"y":0.5},{"x":3.5,"y":0.5},{"x":0,"y":2},{"x":-2.5,"y":3},{"x":-1.5,"y":3},{"x":1.5,"y":3},{"x":2.5,"y":3}]},{"index":3,"tiles":[{"x":-2,"y":-3.5},{"x":2,"y":-3.5},{"x":-0.5,"y":-3},{"x":0.5,"y":-3},{"x":-1.5,"y":-2.5},{"x":1.5,"y":-2.5},{"x":0,"y":-2},{"x":-1,"y":-1.5},{"x":1,"y":-1.5},{"x":-0.5,"y":-0.5},{"x":0.5,"y":-0.5},{"x":-3.5,"y":0.5},{"x":-2.5,"y":0.5},{"x":0,"y":0.5},{"x":2.5,"y":0.5},{"x":3.5,"y":0.5},{"x":0,"y":2},{"x":-2.5,"y":3},{"x":-1.5,"y":3},{"x":1.5,"y":3},{"x":2.5,"y":3}]},{"index":4,"tiles":[{"x":-2,"y":-3.5},{"x":2,"y":-3.5},{"x":-0.5,"y":-3},{"x":0.5,"y":-3},{"x":-1.5,"y":-2.5},{"x":1.5,"y":-2.5},{"x":0,"y":-2},{"x":-1,"y":-1.5},{"x":1,"y":-1.5},{"x":-0.5,"y":-0.5},{"x":0.5,"y":-0.5},{"x":-3,"y":0.5},{"x":0,"y":0.5},{"x":3,"y":0.5},{"x":0,"y":2},{"x":-2,"y":3},{"x":2,"y":3}]}],"seeds":["GlZ52FQhTLaJXCh6hpeFoCZGCIaak4d9mCBe0QZ+FxYkjAqWYsh1YLc0B1aEpPg0AoaFhkQVC8UpoMJ9p3d8HTYEKYERn0dwjuRgFpSInUUMUEiAHzEmycOJ"]},{"layers":[{"index":0,"tiles":[{"x":-1,"y":-3},{"x":0,"y":-3},{"x":1,"y":-3},{"x":-1.5,"y":-2},{"x":-0.5,"y":-2},{"x":0.5,"y":-2},{"x":1.5,"y":-2},{"x":-2.5,"y":-1},{"x":-1.5,"y":-1},{"x":0,"y":-1},{"x":1.5,"y":-1},{"x":2.5,"y":-1},{"x":-3.5,"y":0},{"x":-2.5,"y":0},{"x":-1.5,"y":0},{"x":-0.5,"y":0},{"x":0.5,"y":0},{"x":1.5,"y":0},{"x":2.5,"y":0},{"x":3.5,"y":0},{"x":-2.5,"y":1},{"x":2.5,"y":1},{"x":-1,"y":1.5},{"x":1,"y":1.5},{"x":-2.5,"y":2},{"x":2.5,"y":2},{"x":-2.5,"y":3},{"x":-1.5,"y":3},{"x":-0.5,"y":3},{"x":0.5,"y":3},{"x":1.5,"y":3},{"x":2.5,"y":3}]},{"index":1,"tiles":[{"x":-1,"y":-3},{"x":1,"y":-3},{"x":0,"y":-2.5},{"x":-1.5,"y":-2},{"x":1.5,"y":-2},{"x":-2.5,"y":-1},{"x":-1.5,"y":-1},{"x":0,"y":-1},{"x":1.5,"y":-1},{"x":2.5,"y":-1},{"x":-3.5,"y":0},{"x":-2,"y":0},{"x":-1,"y":0},{"x":0,"y":0},{"x":1,"y":0},{"x":2,"y":0},{"x":3.5,"y":0},{"x":-2.5,"y":1},{"x":2.5,"y":1},{"x":-1,"y":1.5},{"x":1,"y":1.5},{"x":-2.5,"y":2},{"x":2.5,"y":2},{"x":-2,"y":3},{"x":-1,"y":3},{"x":0,"y":3},{"x":1,"y":3},{"x":2,"y":3}]},{"index":2,"tiles":[{"x":-1,"y":-3},{"x":1,"y":-3},{"x":0,"y":-2.5},{"x":-1.5,"y":-2},{"x":1.5,"y":-2},{"x":-2.5,"y":-1},{"x":-1.5,"y":-1},{"x":0,"y":-1},{"x":1.5,"y":-1},{"x":2.5,"y":-1},{"x":-3.5,"y":0},{"x":-2,"y":0},{"x":-1,"y":0},{"x":0,"y":0},{"x":1,"y":0},{"x":2,"y":0},{"x":3.5,"y":0},{"x":-2.5,"y":1.5},{"x":-1,"y":1.5},{"x":1,"y":1.5},{"x":2.5,"y":1.5},{"x":-2,"y":3},{"x":-1,"y":3},{"x":0,"y":3},{"x":1,"y":3},{"x":2,"y":3}]},{"index":3,"tiles":[{"x":-1,"y":-3},{"x":1,"y":-3},{"x":-1.5,"y":-2},{"x":1.5,"y":-2},{"x":-2.5,"y":-1},{"x":0,"y":-1},{"x":2.5,"y":-1},{"x":-1.5,"y":-0.5},{"x":1.5,"y":-0.5},{"x":-3.5,"y":0},{"x":0,"y":0},{"x":3.5,"y":0},{"x":-1,"y":1.5},{"x":1,"y":1.5},{"x":-2,"y":3},{"x":-1,"y":3},{"x":0,"y":3},{"x":1,"y":3},{"x":2,"y":3}]},{"index":4,"tiles":[{"x":-1,"y":-3},{"x":1,"y":-3},{"x":-1.5,"y":-2},{"x":1.5,"y":-2},{"x":-2.5,"y":-1},{"x":2.5,"y":-1},{"x":0,"y":-0.5},{"x":-3.5,"y":0},{"x":3.5,"y":0},{"x":-1,"y":1.5},{"x":1,"y":1.5}]}],"seeds":["3pNqyfddAymZHmeI0EdcSkOV44ksSNVdXKBxHMhcWSQaYOU83dUkIBV6oaCpxPcJqBcFyBcqSFeIGlVIh4FhSGZZl3E51wdOYBgeHRWCCIgwyCBCE7h8"]},{"layers":[{"index":0,"tiles":[{"x":-2.5,"y":-2.5},{"x":0,"y":-2.5},{"x":2.5,"y":-2.5},{"x":-2,"y":-1.5},{"x":0,"y":-1.5},{"x":2,"y":-1.5},{"x":-1.5,"y":-0.5},{"x":0,"y":-0.5},{"x":1.5,"y":-0.5},{"x":-3.5,"y":0.5},{"x":-2.5,"y":0.5},{"x":-1.5,"y":0.5},{"x":0,"y":0.5},{"x":1.5,"y":0.5},{"x":2.5,"y":0.5},{"x":3.5,"y":0.5},{"x":-3,"y":1.5},{"x":-1.5,"y":1.5},{"x":0,"y":1.5},{"x":1.5,"y":1.5},{"x":3,"y":1.5},{"x":-3,"y":2.5},{"x":-1.5,"y":2.5},{"x":0,"y":2.5},{"x":1.5,"y":2.5},{"x":3,"y":2.5}]},{"index":1,"tiles":[{"x":-2.5,"y":-2.5},{"x":0,"y":-2.5},{"x":2.5,"y":-2.5},{"x":-2,"y":-1.5},{"x":0,"y":-1.5},{"x":2,"y":-1.5},{"x":-1.5,"y":-0.5},{"x":0,"y":-0.5},{"x":1.5,"y":-0.5},{"x":-3.5,"y":0.5},{"x":-2.5,"y":0.5},{"x":-1.5,"y":0.5},{"x":0,"y":0.5},{"x":1.5,"y":0.5},{"x":2.5,"y":0.5},{"x":3.5,"y":0.5},{"x":-3,"y":1.5},{"x":-1.5,"y":1.5},{"x":0,"y":1.5},{"x":1.5,"y":1.5},{"x":3,"y":1.5},{"x":-3,"y":2.5},{"x":-1.5,"y":2.5},{"x":0,"y":2.5},{"x":1.5,"y":2.5},{"x":3,"y":2.5}]},{"index":2,"tiles":[{"x":-2.5,"y":-2.5},{"x":2.5,"y":-2.5},{"x":0,"y":-2},{"x":-2,"y":-1.5},{"x":2,"y":-1.5},{"x":0,"y":-1},{"x":-1.5,"y":-0.5},{"x":1.5,"y":-0.5},{"x":0,"y":0},{"x":-1.5,"y":0.5},{"x":1.5,"y":0.5},{"x":0,"y":1},{"x":-1.5,"y":1.5},{"x":1.5,"y":1.5},{"x":0,"y":2},{"x":-1.5,"y":2.5},{"x":1.5,"y":2.5}]},{"index":3,"tiles":[{"x":-2.5,"y":-2.5},{"x":2.5,"y":-2.5},{"x":0,"y":-2},{"x":-2,"y":-1.5},{"x":2,"y":-1.5},{"x":0,"y":-1},{"x":-1.5,"y":-0.5},{"x":1.5,"y":-0.5},{"x":0,"y":0},{"x":-1.5,"y":0.5},{"x":1.5,"y":0.5},{"x":0,"y":1},{"x":-1.5,"y":1.5},{"x":1.5,"y":1.5},{"x":0,"y":2},{"x":-1.5,"y":2.5},{"x":1.5,"y":2.5}]},{"index":4,"tiles":[{"x":-2.5,"y":-2.5},{"x":2.5,"y":-2.5},{"x":-2,"y":-1.5},{"x":0,"y":-1.5},{"x":2,"y":-1.5},{"x":-1.5,"y":-0.5},{"x":1.5,"y":-0.5},{"x":-1.5,"y":0.5},{"x":1.5,"y":0.5},{"x":-1.5,"y":1.5},{"x":0,"y":1.5},{"x":1.5,"y":1.5},{"x":-1.5,"y":2.5},{"x":1.5,"y":2.5}]}],"seeds":["UeIdWah4kkapXFaFyscwUHoZW2lQUUNg4vNtgRgsH0J03dVRUKIIjRB2IYh508hNFWihimZRhyiB4AOGXMENTjF4HwciIXc6IrmY"]},{"layers":[{"index":0,"tiles":[{"x":-2,"y":-3.5},{"x":-1,"y":-3.5},{"x":-3,"y":-3},{"x":0,"y":-3},{"x":2,"y":-3},{"x":3.5,"y":-3},{"x":-3.5,"y":-2},{"x":-1.5,"y":-2},{"x":0.5,"y":-2},{"x":2,"y":-2},{"x":3.5,"y":-2},{"x":-3,"y":-1},{"x":0,"y":-1},{"x":2,"y":-1},{"x":3.5,"y":-1},{"x":-2,"y":-0.5},{"x":-1,"y":-0.5},{"x":1,"y":0.5},{"x":2,"y":0.5},{"x":-3.5,"y":1},{"x":-2,"y":1},{"x":0,"y":1},{"x":3,"y":1},{"x":-3.5,"y":2},{"x":-2,"y":2},{"x":-0.5,"y":2},{"x":1.5,"y":2},{"x":3.5,"y":2},{"x":-3.5,"y":3},{"x":-2,"y":3},{"x":0,"y":3},{"x":3,"y":3},{"x":1,"y":3.5},{"x":2,"y":3.5}]},{"index":1,"tiles":[{"x":-2,"y":-3.5},{"x":-1,"y":-3.5},{"x":-3,"y":-3},{"x":0,"y":-3},{"x":2,"y":-3},{"x":3.5,"y":-3},{"x":-3.5,"y":-2},{"x":-1.5,"y":-2},{"x":0.5,"y":-2},{"x":2,"y":-2},{"x":3.5,"y":-2},{"x":-3,"y":-1},{"x":0,"y":-1},{"x":2,"y":-1},{"x":3.5,"y":-1},{"x":-2,"y":-0.5},{"x":-1,"y":-0.5},{"x":1,"y":0.5},{"x":2,"y":0.5},{"x":-3.5,"y":1},{"x":-2,"y":1},{"x":0,"y":1},{"x":3,"y":1},{"x":-3.5,"y":2},{"x":-2,"y":2},{"x":-0.5,"y":2},{"x":1.5,"y":2},{"x":3.5,"y":2},{"x":-3.5,"y":3},{"x":-2,"y":3},{"x":0,"y":3},{"x":3,"y":3},{"x":1,"y":3.5},{"x":2,"y":3.5}]},{"index":2,"tiles":[{"x":-2,"y":-3.5},{"x":-1,"y":-3.5},{"x":-3,"y":-3},{"x":0,"y":-3},{"x":2,"y":-2.5},{"x":3.5,"y":-2.5},{"x":-3.5,"y":-2},{"x":-1.5,"y":-2},{"x":0.5,"y":-2},{"x":2,"y":-1.5},{"x":3.5,"y":-1.5},{"x":-3,"y":-1},{"x":0,"y":-1},{"x":-2,"y":-0.5},{"x":-1,"y":-0.5},{"x":1,"y":0.5},{"x":2,"y":0.5},{"x":0,"y":1},{"x":3,"y":1},{"x":-3.5,"y":1.5},{"x":-2,"y":1.5},{"x":-0.5,"y":2},{"x":1.5,"y":2},{"x":3.5,"y":2},{"x":-3.5,"y":2.5},{"x":-2,"y":2.5},{"x":0,"y":3},{"x":3,"y":3},{"x":1,"y":3.5},{"x":2,"y":3.5}]},{"index":3,"tiles":[{"x":-2,"y":-3.5},{"x":-1,"y":-3.5},{"x":-3,"y":-3},{"x":0,"y":-3},{"x":2,"y":-2.5},{"x":3.5,"y":-2.5},{"x":-3.5,"y":-2},{"x":-1.5,"y":-2},{"x":0.5,"y":-2},{"x":2,"y":-1.5},{"x":3.5,"y":-1.5},{"x":-3,"y":-1},{"x":0,"y":-1},{"x":-2,"y":-0.5},{"x":-1,"y":-0.5},{"x":1,"y":0.5},{"x":2,"y":0.5},{"x":0,"y":1},{"x":3,"y":1},{"x":-3.5,"y":1.5},{"x":-2,"y":1.5},{"x":-0.5,"y":2},{"x":1.5,"y":2},{"x":3.5,"y":2},{"x":-3.5,"y":2.5},{"x":-2,"y":2.5},{"x":0,"y":3},{"x":3,"y":3},{"x":1,"y":3.5},{"x":2,"y":3.5}]},{"index":4,"tiles":[{"x":-1.5,"y":-2},{"x":2,"y":-2},{"x":3.5,"y":-2},{"x":-3.5,"y":2},{"x":-2,"y":2},{"x":1.5,"y":2}]}],"seeds":["TSdqX4UE0eAx1OksD4h4xfUYRzWIIag2XbNoGyiihCeEoaB8RcYNlPI15uRgUxcSIRNylSRaIBhSndJNTJBMoagEQsUR1mFwIpRcX7aUHtF5pChxIfaB1BZBocAsICcOn5eCYwAA"]},{"layers":[{"index":0,"tiles":[{"x":-3,"y":-3},{"x":-2,"y":-3},{"x":-1,"y":-3},{"x":0,"y":-3},{"x":1,"y":-3},{"x":2,"y":-3},{"x":3,"y":-3},{"x":-3,"y":-2},{"x":-2,"y":-2},{"x":-1,"y":-2},{"x":1,"y":-2},{"x":2,"y":-2},{"x":3,"y":-2},{"x":2,"y":-1},{"x":3,"y":-1},{"x":-1.5,"y":-0.5},{"x":0.5,"y":-0.5},{"x":-3,"y":0},{"x":3,"y":0},{"x":-0.5,"y":0.5},{"x":1.5,"y":0.5},{"x":-3,"y":1},{"x":-2,"y":1},{"x":-3,"y":2},{"x":-2,"y":2},{"x":-1,"y":2},{"x":1,"y":2},{"x":2,"y":2},{"x":3,"y":2},{"x":-3,"y":3},{"x":-2,"y":3},{"x":-1,"y":3},{"x":0,"y":3},{"x":1,"y":3},{"x":2,"y":3},{"x":3,"y":3}]},{"index":1,"tiles":[{"x":0,"y":-3},{"x":1,"y":-3},{"x":2,"y":-3},{"x":3,"y":-3},{"x":-3,"y":-2.5},{"x":-2,"y":-2.5},{"x":-1,"y":-2.5},{"x":1,"y":-2},{"x":2,"y":-2},{"x":3,"y":-2},{"x":2,"y":-1},{"x":3,"y":-1},{"x":-1.5,"y":-0.5},{"x":0.5,"y":-0.5},{"x":-3,"y":0},{"x":3,"y":0},{"x":-0.5,"y":0.5},{"x":1.5,"y":0.5},{"x":-3,"y":1},{"x":-2,"y":1},{"x":-3,"y":2},{"x":-2,"y":2},{"x":-1,"y":2},{"x":1,"y":2.5},{"x":2,"y":2.5},{"x":3,"y":2.5},{"x":-3,"y":3},{"x":-2,"y":3},{"x":-1,"y":3},{"x":0,"y":3}]},{"index":2,"tiles":[{"x":0,"y":-3},{"x":1,"y":-3},{"x":2,"y":-3},{"x":3,"y":-3},{"x":-3,"y":-2.5},{"x":-2,"y":-2.5},{"x":-1,"y":-2.5},{"x":1,"y":-2},{"x":2,"y":-2},{"x":3,"y":-2},{"x":2,"y":-1},{"x":3,"y":-1},{"x":-1.5,"y":-0.5},{"x":0.5,"y":-0.5},{"x":-3,"y":0},{"x":3,"y":0},{"x":-0.5,"y":0.5},{"x":1.5,"y":0.5},{"x":-3,"y":1},{"x":-2,"y":1},{"x":-3,"y":2},{"x":-2,"y":2},{"x":-1,"y":2},{"x":1,"y":2.5},{"x":2,"y":2.5},{"x":3,"y":2.5},{"x":-3,"y":3},{"x":-2,"y":3},{"x":-1,"y":3},{"x":0,"y":3}]},{"index":3,"tiles":[{"x":-3,"y":-2.5},{"x":-2,"y":-2.5},{"x":-1,"y":-2.5},{"x":1.5,"y":-2.5},{"x":2.5,"y":-2.5},{"x":2.5,"y":-1.5},{"x":-1.5,"y":-0.5},{"x":0.5,"y":-0.5},{"x":-0.5,"y":0.5},{"x":1.5,"y":0.5},{"x":-2.5,"y":1.5},{"x":-2.5,"y":2.5},{"x":-1.5,"y":2.5},{"x":1,"y":2.5},{"x":2,"y":2.5},{"x":3,"y":2.5}]},{"index":4,"tiles":[{"x":-3,"y":-2.5},{"x":-2,"y":-2.5},{"x":-1,"y":-2.5},{"x":-1.5,"y":-0.5},{"x":0.5,"y":-0.5},{"x":-0.5,"y":0.5},{"x":1.5,"y":0.5},{"x":1,"y":2.5},{"x":2,"y":2.5},{"x":3,"y":2.5}]}],"seeds":["XdUsy6CADjZJqsORpiYaQ8AMkUJZn+dFIRhmG3E1oMeJWLWhICiEmgCKBuV1RfIJz8V5GCRyVoA81BeWzJJ63UIdIKFkRXhOIhRwXYcNnwImAhIeYRdO0iRyYwAA"]},{"layers":[{"index":0,"tiles":[{"x":-2.5,"y":-3},{"x":-1.5,"y":-3},{"x":0,"y":-3},{"x":1.5,"y":-3},{"x":2.5,"y":-3},{"x":-3.5,"y":-2},{"x":-2,"y":-2},{"x":2,"y":-2},{"x":3.5,"y":-2},{"x":0,"y":-1.5},{"x":-3,"y":-1},{"x":-2,"y":-1},{"x":-1,"y":-1},{"x":1,"y":-1},{"x":2,"y":-1},{"x":3,"y":-1},{"x":-3.5,"y":0},{"x":-2,"y":0},{"x":0,"y":0},{"x":2,"y":0},{"x":3.5,"y":0},{"x":-3,"y":1},{"x":-2,"y":1},{"x":-1,"y":1},{"x":1,"y":1},{"x":2,"y":1},{"x":3,"y":1},{"x":0,"y":1.5},{"x":-3.5,"y":2},{"x":-2,"y":2},{"x":2,"y":2},{"x":3.5,"y":2},{"x":-2.5,"y":3},{"x":-1.5,"y":3},{"x":0,"y":3},{"x":1.5,"y":3},{"x":2.5,"y":3}]},{"index":1,"tiles":[{"x":-2.5,"y":-3},{"x":-1.5,"y":-3},{"x":0,"y":-3},{"x":1.5,"y":-3},{"x":2.5,"y":-3},{"x":-3.5,"y":-2},{"x":-2,"y":-2},{"x":2,"y":-2},{"x":3.5,"y":-2},{"x":0,"y":-1.5},{"x":-3,"y":-1},{"x":-2,"y":-1},{"x":-1,"y":-1},{"x":1,"y":-1},{"x":2,"y":-1},{"x":3,"y":-1},{"x":-3.5,"y":0},{"x":-2,"y":0},{"x":0,"y":0},{"x":2,"y":0},{"x":3.5,"y":0},{"x":-3,"y":1},{"x":-2,"y":1},{"x":-1,"y":1},{"x":1,"y":1},{"x":2,"y":1},{"x":3,"y":1},{"x":0,"y":1.5},{"x":-3.5,"y":2},{"x":-2,"y":2},{"x":2,"y":2},{"x":3.5,"y":2},{"x":-2.5,"y":3},{"x":-1.5,"y":3},{"x":0,"y":3},{"x":1.5,"y":3},{"x":2.5,"y":3}]},{"index":2,"tiles":[{"x":-2.5,"y":-3},{"x":-1.5,"y":-3},{"x":0,"y":-3},{"x":1.5,"y":-3},{"x":2.5,"y":-3},{"x":-3.5,"y":-2},{"x":-2,"y":-2},{"x":2,"y":-2},{"x":3.5,"y":-2},{"x":0,"y":-1.5},{"x":-3,"y":-1},{"x":-2,"y":-1},{"x":-1,"y":-1},{"x":1,"y":-1},{"x":2,"y":-1},{"x":3,"y":-1},{"x":-3.5,"y":0},{"x":-2,"y":0},{"x":0,"y":0},{"x":2,"y":0},{"x":3.5,"y":0},{"x":-3,"y":1},{"x":-2,"y":1},{"x":-1,"y":1},{"x":1,"y":1},{"x":2,"y":1},{"x":3,"y":1},{"x":0,"y":1.5},{"x":-3.5,"y":2},{"x":-2,"y":2},{"x":2,"y":2},{"x":3.5,"y":2},{"x":-2.5,"y":3},{"x":-1.5,"y":3},{"x":0,"y":3},{"x":1.5,"y":3},{"x":2.5,"y":3}]},{"index":3,"tiles":[{"x":0,"y":-3},{"x":-3.5,"y":-2},{"x":-2,"y":-2},{"x":2,"y":-2},{"x":3.5,"y":-2},{"x":0,"y":-1.5},{"x":-3.5,"y":0},{"x":-2,"y":0},{"x":0,"y":0},{"x":2,"y":0},{"x":3.5,"y":0},{"x":0,"y":1.5},{"x":-3.5,"y":2},{"x":-2,"y":2},{"x":2,"y":2},{"x":3.5,"y":2},{"x":0,"y":3}]},{"index":4,"tiles":[{"x":-3.5,"y":-2},{"x":-2,"y":-2},{"x":2,"y":-2},{"x":3.5,"y":-2},{"x":-3.5,"y":0},{"x":-2,"y":0},{"x":2,"y":0},{"x":3.5,"y":0},{"x":-3.5,"y":2},{"x":-2,"y":2},{"x":2,"y":2},{"x":3.5,"y":2}]}],"seeds":["oLl0mzhwmvBhXiB2RoOE2URhlVKK3UKpVkhyyxIWoKA8YHKNn+hJT/VNknhRn8JYHBd2nYYKwcAoYMBl4RY6HUikE3NWDeF5HncYAvM1x4dwDig2VsIRAThwBAh5UQRyIjRVViiCBRUO"]},{"layers":[{"index":0,"tiles":[{"x":0.5,"y":-3.5},{"x":-0.5,"y":-3},{"x":1.5,"y":-3},{"x":-1.5,"y":-2.5},{"x":2.5,"y":-2.5},{"x":-2,"y":-1.5},{"x":1.5,"y":-1.5},{"x":-3,"y":-1},{"x":0.5,"y":-1},{"x":-0.5,"y":-0.5},{"x":-1.5,"y":0},{"x":1,"y":0},{"x":2,"y":0},{"x":3,"y":0},{"x":-0.5,"y":0.5},{"x":-3,"y":1},{"x":0.5,"y":1},{"x":-2,"y":1.5},{"x":1.5,"y":1.5},{"x":-1.5,"y":2.5},{"x":2.5,"y":2.5},{"x":-0.5,"y":3},{"x":1.5,"y":3},{"x":0.5,"y":3.5}]},{"index":1,"tiles":[{"x":0.5,"y":-3.5},{"x":-0.5,"y":-3},{"x":1.5,"y":-3},{"x":-1.5,"y":-2.5},{"x":2.5,"y":-2.5},{"x":-2,"y":-1.5},{"x":1.5,"y":-1.5},{"x":-3,"y":-1},{"x":0.5,"y":-1},{"x":-0.5,"y":-0.5},{"x":-1.5,"y":0},{"x":1,"y":0},{"x":2,"y":0},{"x":3,"y":0},{"x":-0.5,"y":0.5},{"x":-3,"y":1},{"x":0.5,"y":1},{"x":-2,"y":1.5},{"x":1.5,"y":1.5},{"x":-1.5,"y":2.5},{"x":2.5,"y":2.5},{"x":-0.5,"y":3},{"x":1.5,"y":3},{"x":0.5,"y":3.5}]},{"index":2,"tiles":[{"x":0.5,"y":-3.5},{"x":-0.5,"y":-3},{"x":1.5,"y":-3},{"x":-1.5,"y":-2.5},{"x":2.5,"y":-2.5},{"x":-2,"y":-1.5},{"x":1.5,"y":-1.5},{"x":-3,"y":-1},{"x":0.5,"y":-1},{"x":-0.5,"y":-0.5},{"x":-1.5,"y":0},{"x":1,"y":0},{"x":2,"y":0},{"x":3,"y":0},{"x":-0.5,"y":0.5},{"x":-3,"y":1},{"x":0.5,"y":1},{"x":-2,"y":1.5},{"x":1.5,"y":1.5},{"x":-1.5,"y":2.5},{"x":2.5,"y":2.5},{"x":-0.5,"y":3},{"x":1.5,"y":3},{"x":0.5,"y":3.5}]},{"index":3,"tiles":[{"x":0.5,"y":-3.5},{"x":-0.5,"y":-3},{"x":1.5,"y":-3},{"x":-1.5,"y":-2.5},{"x":2.5,"y":-2.5},{"x":-2,"y":-1.5},{"x":1.5,"y":-1.5},{"x":-3,"y":-1},{"x":0.5,"y":-1},{"x":-0.5,"y":-0.5},{"x":-1.5,"y":0},{"x":1,"y":0},{"x":2,"y":0},{"x":3,"y":0},{"x":-0.5,"y":0.5},{"x":-3,"y":1},{"x":0.5,"y":1},{"x":-2,"y":1.5},{"x":1.5,"y":1.5},{"x":-1.5,"y":2.5},{"x":2.5,"y":2.5},{"x":-0.5,"y":3},{"x":1.5,"y":3},{"x":0.5,"y":3.5}]},{"index":4,"tiles":[{"x":0.5,"y":-3.5},{"x":-0.5,"y":-3},{"x":1.5,"y":-3},{"x":-1.5,"y":-2.5},{"x":2.5,"y":-2.5},{"x":-2,"y":-1.5},{"x":1.5,"y":-1.5},{"x":-3,"y":-1},{"x":0.5,"y":-1},{"x":-1,"y":0},{"x":1,"y":0},{"x":2,"y":0},{"x":3,"y":0},{"x":-3,"y":1},{"x":0.5,"y":1},{"x":-2,"y":1.5},{"x":1.5,"y":1.5},{"x":-1.5,"y":2.5},{"x":2.5,"y":2.5},{"x":-0.5,"y":3},{"x":1.5,"y":3},{"x":0.5,"y":3.5}]}],"seeds":["igcxlYZ1AQdtzTYRWEcxRuRYn/AkTemRXhSakzhR2uIIoiFRE0GEBzJ0ClcsIsgRn9ilIaiG4Zh1T7icR4CEEgpaogB+wyeA18JlgeJVBRgoHHiFHCWCSQcA"]},{"layers":[{"index":0,"tiles":[{"x":-2.5,"y":-3.5},{"x":0,"y":-3.5},{"x":2.5,"y":-3.5},{"x":-3,"y":-2.5},{"x":-2,"y":-2.5},{"x":-0.5,"y":-2.5},{"x":0.5,"y":-2.5},{"x":2,"y":-2.5},{"x":3,"y":-2.5},{"x":-3,"y":-1.5},{"x":-2,"y":-1.5},{"x":-0.5,"y":-1.5},{"x":0.5,"y":-1.5},{"x":2,"y":-1.5},{"x":3,"y":-1.5},{"x":-2.5,"y":-0.5},{"x":0,"y":-0.5},{"x":2.5,"y":-0.5},{"x":-2,"y":0.5},{"x":0,"y":0.5},{"x":2,"y":0.5},{"x":-1.5,"y":1.5},{"x":0,"y":1.5},{"x":1.5,"y":1.5},{"x":-1,"y":2.5},{"x":0,"y":2.5},{"x":1,"y":2.5},{"x":-1,"y":3.5},{"x":0,"y":3.5},{"x":1,"y":3.5}]},{"index":1,"tiles":[{"x":-2.5,"y":-3.5},{"x":0,"y":-3.5},{"x":2.5,"y":-3.5},{"x":-3,"y":-2},{"x":-2,"y":-2},{"x":-0.5,"y":-2},{"x":0.5,"y":-2},{"x":2,"y":-2},{"x":3,"y":-2},{"x":-2.5,"y":-0.5},{"x":0,"y":-0.5},{"x":2.5,"y":-0.5},{"x":-2,"y":0.5},{"x":0,"y":0.5},{"x":2,"y":0.5},{"x":-1.5,"y":1.5},{"x":0,"y":1.5},{"x":1.5,"y":1.5},{"x":-1,"y":2.5},{"x":0,"y":2.5},{"x":1,"y":2.5},{"x":-1,"y":3.5},{"x":0,"y":3.5},{"x":1,"y":3.5}]},{"index":2,"tiles":[{"x":-2.5,"y":-3.5},{"x":0,"y":-3.5},{"x":2.5,"y":-3.5},{"x":-3,"y":-2},{"x":-2,"y":-2},{"x":-0.5,"y":-2},{"x":0.5,"y":-2},{"x":2,"y":-2},{"x":3,"y":-2},{"x":-2.5,"y":-0.5},{"x":0,"y":-0.5},{"x":2.5,"y":-0.5},{"x":-2,"y":0.5},{"x":0,"y":0.5},{"x":2,"y":0.5},{"x":-1.5,"y":1.5},{"x":0,"y":1.5},{"x":1.5,"y":1.5},{"x":-1,"y":2.5},{"x":0,"y":2.5},{"x":1,"y":2.5},{"x":-1,"y":3.5},{"x":0,"y":3.5},{"x":1,"y":3.5}]},{"index":3,"tiles":[{"x":-2.5,"y":-3.5},{"x":0,"y":-3.5},{"x":2.5,"y":-3.5},{"x":-2.5,"y":-2},{"x":0,"y":-2},{"x":2.5,"y":-2},{"x":-2.5,"y":-0.5},{"x":0,"y":-0.5},{"x":2.5,"y":-0.5},{"x":-2,"y":0.5},{"x":0,"y":0.5},{"x":2,"y":0.5},{"x":-1.5,"y":1.5},{"x":0,"y":1.5},{"x":1.5,"y":1.5},{"x":-1,"y":2.5},{"x":0,"y":2.5},{"x":1,"y":2.5},{"x":-1,"y":3.5},{"x":0,"y":3.5},{"x":1,"y":3.5}]},{"index":4,"tiles":[{"x":-2.5,"y":-3.5},{"x":0,"y":-3.5},{"x":2.5,"y":-3.5},{"x":-2.5,"y":-2},{"x":0,"y":-2},{"x":2.5,"y":-2},{"x":-2.5,"y":-0.5},{"x":0,"y":-0.5},{"x":2.5,"y":-0.5},{"x":-2,"y":0.5},{"x":0,"y":0.5},{"x":2,"y":0.5},{"x":-1.5,"y":1.5},{"x":0,"y":1.5},{"x":1.5,"y":1.5},{"x":-1,"y":2.5},{"x":0,"y":2.5},{"x":1,"y":2.5},{"x":-1,"y":3.5},{"x":0,"y":3.5},{"x":1,"y":3.5}]}],"seeds":["VpN8XnddWiiEzPSBSaSBYGiFg1MMjDOSIRUFHedJ0tOpC9d4kxhxoAga1HaAYihompJ1WBgenAFWy7KgEXIGnPKExVZiXAKBIRSmXlVxWfh9XAV2HQImBGGK"]},{"layers":[{"index":0,"tiles":[{"x":-1,"y":-3.5},{"x":0,"y":-3.5},{"x":1,"y":-3.5},{"x":-1,"y":-2.5},{"x":0,"y":-2.5},{"x":1,"y":-2.5},{"x":-1,"y":-1.5},{"x":0,"y":-1.5},{"x":1,"y":-1.5},{"x":-2.5,"y":-0.5},{"x":-1.5,"y":-0.5},{"x":-0.5,"y":-0.5},{"x":0.5,"y":-0.5},{"x":1.5,"y":-0.5},{"x":2.5,"y":-0.5},{"x":-2,"y":0.5},{"x":-1,"y":0.5},{"x":0,"y":0.5},{"x":1,"y":0.5},{"x":2,"y":0.5},{"x":-1.5,"y":1.5},{"x":-0.5,"y":1.5},{"x":0.5,"y":1.5},{"x":1.5,"y":1.5},{"x":-1,"y":2.5},{"x":0,"y":2.5},{"x":1,"y":2.5},{"x":0,"y":3.5}]},{"index":1,"tiles":[{"x":-1,"y":-3.5},{"x":0,"y":-3.5},{"x":1,"y":-3.5},{"x":-1,"y":-2.5},{"x":0,"y":-2.5},{"x":1,"y":-2.5},{"x":-1,"y":-1.5},{"x":0,"y":-1.5},{"x":1,"y":-1.5},{"x":-2.5,"y":-0.5},{"x":-1.5,"y":-0.5},{"x":-0.5,"y":-0.5},{"x":0.5,"y":-0.5},{"x":1.5,"y":-0.5},{"x":2.5,"y":-0.5},{"x":-2,"y":0.5},{"x":-1,"y":0.5},{"x":0,"y":0.5},{"x":1,"y":0.5},{"x":2,"y":0.5},{"x":-1.5,"y":1.5},{"x":-0.5,"y":1.5},{"x":0.5,"y":1.5},{"x":1.5,"y":1.5},{"x":-1,"y":2.5},{"x":0,"y":2.5},{"x":1,"y":2.5},{"x":0,"y":3.5}]},{"index":2,"tiles":[{"x":-1,"y":-3},{"x":0,"y":-3},{"x":1,"y":-3},{"x":-1,"y":-2},{"x":0,"y":-2},{"x":1,"y":-2},{"x":-2.5,"y":-0.5},{"x":-1.5,"y":-0.5},{"x":-0.5,"y":-0.5},{"x":0.5,"y":-0.5},{"x":1.5,"y":-0.5},{"x":2.5,"y":-0.5},{"x":-2,"y":0.5},{"x":-1,"y":0.5},{"x":0,"y":0.5},{"x":1,"y":0.5},{"x":2,"y":0.5},{"x":-1.5,"y":1.5},{"x":-0.5,"y":1.5},{"x":0.5,"y":1.5},{"x":1.5,"y":1.5},{"x":-1,"y":2.5},{"x":0,"y":2.5},{"x":1,"y":2.5},{"x":0,"y":3.5}]},{"index":3,"tiles":[{"x":-2.5,"y":-0.5},{"x":-1.5,"y":-0.5},{"x":-0.5,"y":-0.5},{"x":0.5,"y":-0.5},{"x":1.5,"y":-0.5},{"x":2.5,"y":-0.5},{"x":-2,"y":0.5},{"x":-1,"y":0.5},{"x":0,"y":0.5},{"x":1,"y":0.5},{"x":2,"y":0.5},{"x":-1.5,"y":1.5},{"x":-0.5,"y":1.5},{"x":0.5,"y":1.5},{"x":1.5,"y":1.5},{"x":-1,"y":2.5},{"x":0,"y":2.5},{"x":1,"y":2.5},{"x":0,"y":3.5}]},{"index":4,"tiles":[{"x":0,"y":-0.5},{"x":-0.5,"y":0.5},{"x":0.5,"y":0.5},{"x":0,"y":1.5},{"x":0,"y":2.5},{"x":0,"y":3.5}]}],"seeds":["kCmCTahFDZd1zHeJIOpEk5IhXIUNivFhBCVx4uaA4Qd+5KYIlAhxVgWCXaA+pxdwSLd4IuFpzJEehFUEyRUmgeiFYWgRnTU+BVcO06IYkgAA"]},{"layers":[{"index":0,"tiles":[{"x":-3,"y":-3},{"x":-1,"y":-3},{"x":0,"y":-3},{"x":1,"y":-3},{"x":3,"y":-3},{"x":-3,"y":-2},{"x":-1,"y":-2},{"x":0,"y":-2},{"x":1,"y":-2},{"x":3,"y":-2},{"x":-2,"y":-1},{"x":-0.5,"y":-1},{"x":0.5,"y":-1},{"x":2,"y":-1},{"x":-3,"y":0},{"x":-1,"y":0},{"x":0,"y":0},{"x":1,"y":0},{"x":3,"y":0},{"x":-2,"y":1},{"x":-0.5,"y":1},{"x":0.5,"y":1},{"x":2,"y":1},{"x":-1,"y":2},{"x":0,"y":2},{"x":1,"y":2},{"x":0,"y":3}]},{"index":1,"tiles":[{"x":-3,"y":-3},{"x":-1,"y":-3},{"x":0,"y":-3},{"x":1,"y":-3},{"x":3,"y":-3},{"x":-3,"y":-2},{"x":-1,"y":-2},{"x":0,"y":-2},{"x":1,"y":-2},{"x":3,"y":-2},{"x":-2,"y":-1},{"x":-0.5,"y":-1},{"x":0.5,"y":-1},{"x":2,"y":-1},{"x":-3,"y":0},{"x":-1,"y":0},{"x":0,"y":0},{"x":1,"y":0},{"x":3,"y":0},{"x":-2,"y":1},{"x":-0.5,"y":1},{"x":0.5,"y":1},{"x":2,"y":1},{"x":-1,"y":2},{"x":0,"y":2},{"x":1,"y":2},{"x":0,"y":3}]},{"index":2,"tiles":[{"x":-3,"y":-3},{"x":-1,"y":-3},{"x":0,"y":-3},{"x":1,"y":-3},{"x":3,"y":-3},{"x":-3,"y":-2},{"x":-1,"y":-2},{"x":0,"y":-2},{"x":1,"y":-2},{"x":3,"y":-2},{"x":-2,"y":-1},{"x":-0.5,"y":-1},{"x":0.5,"y":-1},{"x":2,"y":-1},{"x":-3,"y":0},{"x":-1,"y":0},{"x":0,"y":0},{"x":1,"y":0},{"x":3,"y":0},{"x":-2,"y":1},{"x":-0.5,"y":1},{"x":0.5,"y":1},{"x":2,"y":1},{"x":-1,"y":2},{"x":0,"y":2},{"x":1,"y":2},{"x":0,"y":3}]},{"index":3,"tiles":[{"x":-3,"y":-3},{"x":-1,"y":-3},{"x":0,"y":-3},{"x":1,"y":-3},{"x":3,"y":-3},{"x":-3,"y":-2},{"x":-1,"y":-2},{"x":0,"y":-2},{"x":1,"y":-2},{"x":3,"y":-2},{"x":-2,"y":-1},{"x":2,"y":-1},{"x":-0.5,"y":-0.5},{"x":0.5,"y":-0.5},{"x":-3,"y":0},{"x":3,"y":0},{"x":-0.5,"y":0.5},{"x":0.5,"y":0.5},{"x":-2,"y":1},{"x":2,"y":1},{"x":-1,"y":2},{"x":0,"y":2},{"x":1,"y":2},{"x":0,"y":3}]},{"index":4,"tiles":[{"x":-3,"y":-3},{"x":3,"y":-3},{"x":0,"y":-2.5},{"x":-3,"y":-2},{"x":3,"y":-2},{"x":-2,"y":-1},{"x":2,"y":-1},{"x":-0.5,"y":-0.5},{"x":0.5,"y":-0.5},{"x":-3,"y":0},{"x":3,"y":0},{"x":-0.5,"y":0.5},{"x":0.5,"y":0.5},{"x":-2,"y":1},{"x":2,"y":1},{"x":-1,"y":2},{"x":0,"y":2},{"x":1,"y":2},{"x":0,"y":3}]}],"seeds":["i4hRQuiFRyOqhMdwg8AUqaSdnRJFzjJxDkiAFZiFXqBNnNh93IQ9hvh1isUFiXd0YPcIRtNtyNGhVSiFVCJCygKBXCFS05YEw0VeHRgI1JKA5mhtyBdmXykIB7gp"]},{"layers":[{"index":0,"tiles":[{"x":-1.5,"y":-3},{"x":-0.5,"y":-3},{"x":0.5,"y":-3},{"x":1.5,"y":-3},{"x":-2,"y":-2},{"x":-0.5,"y":-2},{"x":0.5,"y":-2},{"x":2,"y":-2},{"x":-3,"y":-1.5},{"x":3,"y":-1.5},{"x":-2,"y":-1},{"x":-1,"y":-1},{"x":0,"y":-1},{"x":1,"y":-1},{"x":2,"y":-1},{"x":-1.5,"y":0},{"x":-0.5,"y":0},{"x":0.5,"y":0},{"x":1.5,"y":0},{"x":-2,"y":1},{"x":-1,"y":1},{"x":1,"y":1},{"x":2,"y":1},{"x":0,"y":1.5},{"x":-2.5,"y":2},{"x":-1.5,"y":2},{"x":1.5,"y":2},{"x":2.5,"y":2},{"x":-0.5,"y":2.5},{"x":0.5,"y":2.5},{"x":-2,"y":3},{"x":2,"y":3},{"x":-1,"y":3.5},{"x":0,"y":3.5},{"x":1,"y":3.5}]},{"index":1,"tiles":[{"x":-1.5,"y":-3},{"x":-0.5,"y":-3},{"x":0.5,"y":-3},{"x":1.5,"y":-3},{"x":-2,"y":-2},{"x":-0.5,"y":-2},{"x":0.5,"y":-2},{"x":2,"y":-2},{"x":-3,"y":-1.5},{"x":3,"y":-1.5},{"x":-2,"y":-1},{"x":-1,"y":-1},{"x":0,"y":-1},{"x":1,"y":-1},{"x":2,"y":-1},{"x":-1.5,"y":0},{"x":-0.5,"y":0},{"x":0.5,"y":0},{"x":1.5,"y":0},{"x":-2,"y":1},{"x":-1,"y":1},{"x":1,"y":1},{"x":2,"y":1},{"x":0,"y":1.5},{"x":-2.5,"y":2},{"x":-1.5,"y":2},{"x":1.5,"y":2},{"x":2.5,"y":2},{"x":-0.5,"y":2.5},{"x":0.5,"y":2.5},{"x":-2,"y":3},{"x":2,"y":3},{"x":-1,"y":3.5},{"x":0,"y":3.5},{"x":1,"y":3.5}]},{"index":2,"tiles":[{"x":-1.5,"y":-3},{"x":-0.5,"y":-3},{"x":0.5,"y":-3},{"x":1.5,"y":-3},{"x":-2,"y":-2},{"x":-0.5,"y":-2},{"x":0.5,"y":-2},{"x":2,"y":-2},{"x":-3,"y":-1.5},{"x":3,"y":-1.5},{"x":-2,"y":-1},{"x":-1,"y":-1},{"x":0,"y":-1},{"x":1,"y":-1},{"x":2,"y":-1},{"x":-1,"y":0},{"x":0,"y":0},{"x":1,"y":0},{"x":-1,"y":1},{"x":1,"y":1},{"x":-2,"y":1.5},{"x":0,"y":1.5},{"x":2,"y":1.5},{"x":-0.5,"y":2.5},{"x":0.5,"y":2.5},{"x":-2,"y":3},{"x":2,"y":3},{"x":-1,"y":3.5},{"x":0,"y":3.5},{"x":1,"y":3.5}]},{"index":3,"tiles":[{"x":-1,"y":-3},{"x":1,"y":-3},{"x":0,"y":-1.5},{"x":-1,"y":-0.5},{"x":1,"y":-0.5},{"x":-1,"y":0.5},{"x":1,"y":0.5},{"x":0,"y":3}]}],"seeds":["FjeclaQMFcg15pgJirhpqjOFjQV5oeeBhAIpniJd3dZ1ZIh0QRo9oOggzCI6n4agyUJFIDg5SmhcxQcyxXd0WIkl4cNxHGJwQRSJxBF2VPYJ"]},{"layers":[{"index":0,"tiles":[{"x":0,"y":-4},{"x":-0.5,"y":-3},{"x":0.5,"y":-3},{"x":-2,"y":-2},{"x":-1,"y":-2},{"x":0,"y":-2},{"x":1,"y":-2},{"x":2,"y":-2},{"x":-1,"y":-1},{"x":1,"y":-1},{"x":-1,"y":0},{"x":0,"y":0},{"x":1,"y":0},{"x":-1.5,"y":1},{"x":-0.5,"y":1},{"x":0.5,"y":1},{"x":1.5,"y":1},{"x":-2,"y":2},{"x":-1,"y":2},{"x":1,"y":2},{"x":2,"y":2},{"x":-2.5,"y":3},{"x":-1.5,"y":3},{"x":-0.5,"y":3},{"x":0.5,"y":3},{"x":1.5,"y":3},{"x":2.5,"y":3},{"x":-2.5,"y":4},{"x":-1.5,"y":4},{"x":1.5,"y":4},{"x":2.5,"y":4}]},{"index":1,"tiles":[{"x":0,"y":-4},{"x":-0.5,"y":-3},{"x":0.5,"y":-3},{"x":-2,"y":-2},{"x":-1,"y":-2},{"x":0,"y":-2},{"x":1,"y":-2},{"x":2,"y":-2},{"x":-1,"y":-1},{"x":1,"y":-1},{"x":-1,"y":0},{"x":0,"y":0},{"x":1,"y":0},{"x":-1.5,"y":1},{"x":-0.5,"y":1},{"x":0.5,"y":1},{"x":1.5,"y":1},{"x":-2,"y":2},{"x":-1,"y":2},{"x":1,"y":2},{"x":2,"y":2},{"x":-2.5,"y":3},{"x":-1.5,"y":3},{"x":-0.5,"y":3},{"x":0.5,"y":3},{"x":1.5,"y":3},{"x":2.5,"y":3},{"x":-2.5,"y":4},{"x":-1.5,"y":4},{"x":1.5,"y":4},{"x":2.5,"y":4}]},{"index":2,"tiles":[{"x":0,"y":-4},{"x":-0.5,"y":-3},{"x":0.5,"y":-3},{"x":-2,"y":-2},{"x":-1,"y":-2},{"x":0,"y":-2},{"x":1,"y":-2},{"x":2,"y":-2},{"x":-1,"y":-1},{"x":1,"y":-1},{"x":-1,"y":0},{"x":0,"y":0},{"x":1,"y":0},{"x":-1.5,"y":1},{"x":-0.5,"y":1},{"x":0.5,"y":1},{"x":1.5,"y":1},{"x":-2,"y":2},{"x":-1,"y":2},{"x":1,"y":2},{"x":2,"y":2},{"x":-2.5,"y":3},{"x":-1.5,"y":3},{"x":-0.5,"y":3},{"x":0.5,"y":3},{"x":1.5,"y":3},{"x":2.5,"y":3},{"x":-2.5,"y":4},{"x":-1.5,"y":4},{"x":1.5,"y":4},{"x":2.5,"y":4}]},{"index":3,"tiles":[{"x":0,"y":-4},{"x":-0.5,"y":-3},{"x":0.5,"y":-3},{"x":-2,"y":-2},{"x":-1,"y":-2},{"x":0,"y":-2},{"x":1,"y":-2},{"x":2,"y":-2},{"x":-1,"y":-1},{"x":1,"y":-1},{"x":-1,"y":0},{"x":0,"y":0},{"x":1,"y":0},{"x":-1.5,"y":1},{"x":-0.5,"y":1},{"x":0.5,"y":1},{"x":1.5,"y":1},{"x":-2,"y":2},{"x":-1,"y":2},{"x":1,"y":2},{"x":2,"y":2},{"x":-2.5,"y":3},{"x":-1.5,"y":3},{"x":-0.5,"y":3},{"x":0.5,"y":3},{"x":1.5,"y":3},{"x":2.5,"y":3},{"x":-2.5,"y":4},{"x":-1.5,"y":4},{"x":1.5,"y":4},{"x":2.5,"y":4}]},{"index":4,"tiles":[{"x":0,"y":-4},{"x":-0.5,"y":-3},{"x":0.5,"y":-3},{"x":-2,"y":-2},{"x":-1,"y":-2},{"x":0,"y":-2},{"x":1,"y":-2},{"x":2,"y":-2}]}],"seeds":["DngpnXJ84+RQCsiBIidyFfchwoARZgVmBsKc00ZlgdpQ4dJwXdgJ02IkkhhSAXdNWycEkJiIQgdaU5cWDIl1B6hB3RJqysA8lsR0IOh1oAJOJcN9YqFEnCd6aPAwYfh5hLhE"]},{"layers":[{"index":0,"tiles":[{"x":-1,"y":-3.5},{"x":0,"y":-3.5},{"x":1,"y":-3.5},{"x":-1.5,"y":-2.5},{"x":-0.5,"y":-2.5},{"x":0.5,"y":-2.5},{"x":1.5,"y":-2.5},{"x":-2,"y":-1.5},{"x":-1,"y":-1.5},{"x":0,"y":-1.5},{"x":1,"y":-1.5},{"x":2,"y":-1.5},{"x":-2.5,"y":-0.5},{"x":-1.5,"y":-0.5},{"x":-0.5,"y":-0.5},{"x":0.5,"y":-0.5},{"x":1.5,"y":-0.5},{"x":2.5,"y":-0.5},{"x":-3,"y":0.5},{"x":-2,"y":0.5},{"x":-1,"y":0.5},{"x":0,"y":0.5},{"x":1,"y":0.5},{"x":2,"y":0.5},{"x":3,"y":0.5},{"x":-3.5,"y":1.5},{"x":-2.5,"y":1.5},{"x":-1.5,"y":1.5},{"x":-0.5,"y":1.5},{"x":0.5,"y":1.5},{"x":1.5,"y":1.5},{"x":2.5,"y":1.5},{"x":3.5,"y":1.5},{"x":-3.5,"y":2.5},{"x":-2.5,"y":2.5},{"x":-1.5,"y":2.5},{"x":1.5,"y":2.5},{"x":2.5,"y":2.5},{"x":3.5,"y":2.5},{"x":-3.5,"y":3.5},{"x":-2.5,"y":3.5},{"x":2.5,"y":3.5},{"x":3.5,"y":3.5}]},{"index":1,"tiles":[{"x":-1,"y":-3.5},{"x":0,"y":-3.5},{"x":1,"y":-3.5},{"x":-1.5,"y":-2.5},{"x":-0.5,"y":-2.5},{"x":0.5,"y":-2.5},{"x":1.5,"y":-2.5},{"x":-2,"y":-1.5},{"x":-1,"y":-1.5},{"x":0,"y":-1.5},{"x":1,"y":-1.5},{"x":2,"y":-1.5},{"x":-2.5,"y":-0.5},{"x":-1.5,"y":-0.5},{"x":-0.5,"y":-0.5},{"x":0.5,"y":-0.5},{"x":1.5,"y":-0.5},{"x":2.5,"y":-0.5},{"x":-3,"y":0.5},{"x":-2,"y":0.5},{"x":-1,"y":0.5},{"x":0,"y":0.5},{"x":1,"y":0.5},{"x":2,"y":0.5},{"x":3,"y":0.5},{"x":-3.5,"y":1.5},{"x":-2.5,"y":1.5},{"x":-1.5,"y":1.5},{"x":-0.5,"y":1.5},{"x":0.5,"y":1.5},{"x":1.5,"y":1.5},{"x":2.5,"y":1.5},{"x":3.5,"y":1.5},{"x":-3.5,"y":2.5},{"x":-2.5,"y":2.5},{"x":-1.5,"y":2.5},{"x":1.5,"y":2.5},{"x":2.5,"y":2.5},{"x":3.5,"y":2.5},{"x":-3.5,"y":3.5},{"x":-2.5,"y":3.5},{"x":2.5,"y":3.5},{"x":3.5,"y":3.5}]},{"index":2,"tiles":[{"x":-0.5,"y":-3.5},{"x":0.5,"y":-3.5},{"x":-1,"y":-2.5},{"x":0,"y":-2.5},{"x":1,"y":-2.5},{"x":-1.5,"y":-1.5},{"x":-0.5,"y":-1.5},{"x":0.5,"y":-1.5},{"x":1.5,"y":-1.5},{"x":-2,"y":-0.5},{"x":-1,"y":-0.5},{"x":0,"y":-0.5},{"x":1,"y":-0.5},{"x":2,"y":-0.5},{"x":-2.5,"y":0.5},{"x":-1.5,"y":0.5},{"x":-0.5,"y":0.5},{"x":0.5,"y":0.5},{"x":1.5,"y":0.5},{"x":2.5,"y":0.5},{"x":-3,"y":1.5},{"x":-2,"y":1.5},{"x":-1,"y":1.5},{"x":0,"y":1.5},{"x":1,"y":1.5},{"x":2,"y":1.5},{"x":3,"y":1.5},{"x":-3,"y":2.5},{"x":-2,"y":2.5},{"x":2,"y":2.5},{"x":3,"y":2.5},{"x":-3,"y":3.5},{"x":3,"y":3.5}]},{"index":3,"tiles":[{"x":0,"y":-3.5},{"x":-0.5,"y":-2.5},{"x":0.5,"y":-2.5},{"x":-1,"y":-1.5},{"x":0,"y":-1.5},{"x":1,"y":-1.5},{"x":-1.5,"y":-0.5},{"x":-0.5,"y":-0.5},{"x":0.5,"y":-0.5},{"x":1.5,"y":-0.5},{"x":-2,"y":0.5},{"x":-1,"y":0.5},{"x":0,"y":0.5},{"x":1,"y":0.5},{"x":2,"y":0.5},{"x":-2.5,"y":1.5},{"x":-1.5,"y":1.5},{"x":-0.5,"y":1.5},{"x":0.5,"y":1.5},{"x":1.5,"y":1.5},{"x":2.5,"y":1.5}]}],"seeds":["YMCJlAGCmGUR3xV5mueEnvcpKhUuYSFyVcil4LJBSFgpjfIdyLcJ4DCAizUoHxEWBwkV3ARSBNFlEyddYpF5INg9TjBRTNgwoshxAidYYTA00vIxhiZ4SSUGVYc14MhEpSh2ydmhnTk9"]},{"layers":[{"index":0,"tiles":[{"x":-3,"y":-2.5},{"x":-2,"y":-2.5},{"x":0,"y":-2.5},{"x":2,"y":-2.5},{"x":3,"y":-2.5},{"x":-3,"y":-1.5},{"x":-1,"y":-1.5},{"x":0,"y":-1.5},{"x":1,"y":-1.5},{"x":3,"y":-1.5},{"x":0,"y":-0.5},{"x":-3,"y":0},{"x":3,"y":0},{"x":0,"y":0.5},{"x":-3,"y":1.5},{"x":-1,"y":1.5},{"x":0,"y":1.5},{"x":1,"y":1.5},{"x":3,"y":1.5},{"x":-3,"y":2.5},{"x":-2,"y":2.5},{"x":0,"y":2.5},{"x":2,"y":2.5},{"x":3,"y":2.5}]},{"index":1,"tiles":[{"x":-3,"y":-2.5},{"x":-2,"y":-2.5},{"x":0,"y":-2.5},{"x":2,"y":-2.5},{"x":3,"y":-2.5},{"x":-3,"y":-1.5},{"x":-1,"y":-1.5},{"x":0,"y":-1.5},{"x":1,"y":-1.5},{"x":3,"y":-1.5},{"x":0,"y":-0.5},{"x":-3,"y":0},{"x":3,"y":0},{"x":0,"y":0.5},{"x":-3,"y":1.5},{"x":-1,"y":1.5},{"x":0,"y":1.5},{"x":1,"y":1.5},{"x":3,"y":1.5},{"x":-3,"y":2.5},{"x":-2,"y":2.5},{"x":0,"y":2.5},{"x":2,"y":2.5},{"x":3,"y":2.5}]},{"index":2,"tiles":[{"x":-3,"y":-2.5},{"x":-2,"y":-2.5},{"x":0,"y":-2.5},{"x":2,"y":-2.5},{"x":3,"y":-2.5},{"x":-3,"y":-1.5},{"x":-1,"y":-1.5},{"x":0,"y":-1.5},{"x":1,"y":-1.5},{"x":3,"y":-1.5},{"x":0,"y":-0.5},{"x":-3,"y":0},{"x":3,"y":0},{"x":0,"y":0.5},{"x":-3,"y":1.5},{"x":-1,"y":1.5},{"x":0,"y":1.5},{"x":1,"y":1.5},{"x":3,"y":1.5},{"x":-3,"y":2.5},{"x":-2,"y":2.5},{"x":0,"y":2.5},{"x":2,"y":2.5},{"x":3,"y":2.5}]},{"index":3,"tiles":[{"x":-3,"y":-2.5},{"x":-2,"y":-2.5},{"x":0,"y":-2.5},{"x":2,"y":-2.5},{"x":3,"y":-2.5},{"x":-3,"y":-1.5},{"x":-1,"y":-1.5},{"x":0,"y":-1.5},{"x":1,"y":-1.5},{"x":3,"y":-1.5},{"x":0,"y":-0.5},{"x":-3,"y":0},{"x":3,"y":0},{"x":0,"y":0.5},{"x":-3,"y":1.5},{"x":-1,"y":1.5},{"x":0,"y":1.5},{"x":1,"y":1.5},{"x":3,"y":1.5},{"x":-3,"y":2.5},{"x":-2,"y":2.5},{"x":0,"y":2.5},{"x":2,"y":2.5},{"x":3,"y":2.5}]},{"index":4,"tiles":[{"x":-3,"y":-2.5},{"x":-2,"y":-2.5},{"x":0,"y":-2.5},{"x":2,"y":-2.5},{"x":3,"y":-2.5},{"x":-3,"y":-1.5},{"x":-1,"y":-1.5},{"x":0,"y":-1.5},{"x":1,"y":-1.5},{"x":3,"y":-1.5},{"x":0,"y":-0.5},{"x":-3,"y":0},{"x":3,"y":0},{"x":0,"y":0.5},{"x":-3,"y":1.5},{"x":-1,"y":1.5},{"x":0,"y":1.5},{"x":1,"y":1.5},{"x":3,"y":1.5},{"x":-3,"y":2.5},{"x":-2,"y":2.5},{"x":0,"y":2.5},{"x":2,"y":2.5},{"x":3,"y":2.5}]}],"seeds":["B2dwIMJAxtCdH8ccoihkCicMWqQ8WpcUE2qWGdKonWItkpR2ojdxH6hUVRdaE1SA5NJcQbAom0CB2OKFhcONArUFiTN1GEF8wQVG4BROHSh6XRGGn+iJSviA"]},{"layers":[{"index":0,"tiles":[{"x":-3,"y":-4},{"x":0,"y":-4},{"x":3,"y":-4},{"x":-3,"y":-2.5},{"x":0,"y":-2.5},{"x":3,"y":-2.5},{"x":-3.5,"y":-1.5},{"x":-2.5,"y":-1.5},{"x":-0.5,"y":-1.5},{"x":0.5,"y":-1.5},{"x":2.5,"y":-1.5},{"x":3.5,"y":-1.5},{"x":-4,"y":-0.5},{"x":-3,"y":-0.5},{"x":-2,"y":-0.5},{"x":-1,"y":-0.5},{"x":1,"y":-0.5},{"x":2,"y":-0.5},{"x":3,"y":-0.5},{"x":4,"y":-0.5},{"x":-4,"y":0.5},{"x":-3,"y":0.5},{"x":-2,"y":0.5},{"x":-1,"y":0.5},{"x":1,"y":0.5},{"x":2,"y":0.5},{"x":3,"y":0.5},{"x":4,"y":0.5},{"x":-3.5,"y":1.5},{"x":-2.5,"y":1.5},{"x":-0.5,"y":1.5},{"x":0.5,"y":1.5},{"x":2.5,"y":1.5},{"x":3.5,"y":1.5},{"x":-3,"y":2.5},{"x":0,"y":2.5},{"x":3,"y":2.5},{"x":-3,"y":4},{"x":0,"y":4},{"x":3,"y":4}]},{"index":1,"tiles":[{"x":-3,"y":-4},{"x":0,"y":-4},{"x":3,"y":-4},{"x":-3,"y":-2.5},{"x":0,"y":-2.5},{"x":3,"y":-2.5},{"x":-3.5,"y":-1.5},{"x":-2.5,"y":-1.5},{"x":-0.5,"y":-1.5},{"x":0.5,"y":-1.5},{"x":2.5,"y":-1.5},{"x":3.5,"y":-1.5},{"x":-4,"y":-0.5},{"x":-3,"y":-0.5},{"x":-2,"y":-0.5},{"x":-1,"y":-0.5},{"x":1,"y":-0.5},{"x":2,"y":-0.5},{"x":3,"y":-0.5},{"x":4,"y":-0.5},{"x":-4,"y":0.5},{"x":-3,"y":0.5},{"x":-2,"y":0.5},{"x":-1,"y":0.5},{"x":1,"y":0.5},{"x":2,"y":0.5},{"x":3,"y":0.5},{"x":4,"y":0.5},{"x":-3.5,"y":1.5},{"x":-2.5,"y":1.5},{"x":-0.5,"y":1.5},{"x":0.5,"y":1.5},{"x":2.5,"y":1.5},{"x":3.5,"y":1.5},{"x":-3,"y":2.5},{"x":0,"y":2.5},{"x":3,"y":2.5},{"x":-3,"y":4},{"x":0,"y":4},{"x":3,"y":4}]},{"index":2,"tiles":[{"x":-3,"y":-4},{"x":0,"y":-4},{"x":3,"y":-4},{"x":-3,"y":-2.5},{"x":0,"y":-2.5},{"x":3,"y":-2.5},{"x":-3.5,"y":-1.5},{"x":-2.5,"y":-1.5},{"x":-0.5,"y":-1.5},{"x":0.5,"y":-1.5},{"x":2.5,"y":-1.5},{"x":3.5,"y":-1.5},{"x":-4,"y":-0.5},{"x":-3,"y":-0.5},{"x":-2,"y":-0.5},{"x":-1,"y":-0.5},{"x":1,"y":-0.5},{"x":2,"y":-0.5},{"x":3,"y":-0.5},{"x":4,"y":-0.5},{"x":-4,"y":0.5},{"x":-3,"y":0.5},{"x":-2,"y":0.5},{"x":-1,"y":0.5},{"x":1,"y":0.5},{"x":2,"y":0.5},{"x":3,"y":0.5},{"x":4,"y":0.5},{"x":-3.5,"y":1.5},{"x":-2.5,"y":1.5},{"x":-0.5,"y":1.5},{"x":0.5,"y":1.5},{"x":2.5,"y":1.5},{"x":3.5,"y":1.5},{"x":-3,"y":2.5},{"x":0,"y":2.5},{"x":3,"y":2.5},{"x":-3,"y":4},{"x":0,"y":4},{"x":3,"y":4}]},{"index":3,"tiles":[{"x":-3,"y":-4},{"x":0,"y":-4},{"x":3,"y":-4},{"x":-3,"y":-2},{"x":3,"y":-2},{"x":-3.5,"y":-1},{"x":-2.5,"y":-1},{"x":2.5,"y":-1},{"x":3.5,"y":-1},{"x":-3.5,"y":0},{"x":-2.5,"y":0},{"x":2.5,"y":0},{"x":3.5,"y":0},{"x":-3.5,"y":1},{"x":-2.5,"y":1},{"x":2.5,"y":1},{"x":3.5,"y":1},{"x":-3,"y":2},{"x":3,"y":2},{"x":-3,"y":4},{"x":0,"y":4},{"x":3,"y":4}]}],"seeds":["GgFCzAIiFCUGkwdOwehtpphUAtcpYld+RxcKYfcxJ/hVT6RFHMlN0yJBmMcc3kCFIuV0xLNUHRiCoBgwzKBsmxEq1RcighRYQTRRy3QNQceFVyamH2U0XKFsYFN02ad6ISMkKAhy0WBhjgcA"]},{"layers":[{"index":0,"tiles":[{"x":-3.5,"y":-3},{"x":-2.5,"y":-3},{"x":0,"y":-3},{"x":2.5,"y":-3},{"x":3.5,"y":-3},{"x":-1.5,"y":-2.5},{"x":1.5,"y":-2.5},{"x":-3.5,"y":-2},{"x":-2.5,"y":-2},{"x":-0.5,"y":-2},{"x":0.5,"y":-2},{"x":2.5,"y":-2},{"x":3.5,"y":-2},{"x":-3.5,"y":-1},{"x":-0.5,"y":-1},{"x":0.5,"y":-1},{"x":3.5,"y":-1},{"x":-3.5,"y":0},{"x":-1.5,"y":0},{"x":-0.5,"y":0},{"x":0.5,"y":0},{"x":1.5,"y":0},{"x":3.5,"y":0},{"x":-3.5,"y":1},{"x":-0.5,"y":1},{"x":0.5,"y":1},{"x":3.5,"y":1},{"x":-3.5,"y":2},{"x":-2.5,"y":2},{"x":-0.5,"y":2},{"x":0.5,"y":2},{"x":2.5,"y":2},{"x":3.5,"y":2},{"x":-1.5,"y":2.5},{"x":1.5,"y":2.5},{"x":-3.5,"y":3},{"x":-2.5,"y":3},{"x":0,"y":3},{"x":2.5,"y":3},{"x":3.5,"y":3}]},{"index":1,"tiles":[{"x":-3.5,"y":-3},{"x":-2.5,"y":-3},{"x":0,"y":-3},{"x":2.5,"y":-3},{"x":3.5,"y":-3},{"x":-1.5,"y":-2.5},{"x":1.5,"y":-2.5},{"x":-3.5,"y":-2},{"x":-2.5,"y":-2},{"x":-0.5,"y":-2},{"x":0.5,"y":-2},{"x":2.5,"y":-2},{"x":3.5,"y":-2},{"x":-3.5,"y":-1},{"x":-0.5,"y":-1},{"x":0.5,"y":-1},{"x":3.5,"y":-1},{"x":-3.5,"y":0},{"x":-1.5,"y":0},{"x":-0.5,"y":0},{"x":0.5,"y":0},{"x":1.5,"y":0},{"x":3.5,"y":0},{"x":-3.5,"y":1},{"x":-0.5,"y":1},{"x":0.5,"y":1},{"x":3.5,"y":1},{"x":-3.5,"y":2},{"x":-2.5,"y":2},{"x":-0.5,"y":2},{"x":0.5,"y":2},{"x":2.5,"y":2},{"x":3.5,"y":2},{"x":-1.5,"y":2.5},{"x":1.5,"y":2.5},{"x":-3.5,"y":3},{"x":-2.5,"y":3},{"x":0,"y":3},{"x":2.5,"y":3},{"x":3.5,"y":3}]},{"index":2,"tiles":[{"x":-3.5,"y":-3},{"x":-2.5,"y":-3},{"x":0,"y":-3},{"x":2.5,"y":-3},{"x":3.5,"y":-3},{"x":-1.5,"y":-2.5},{"x":1.5,"y":-2.5},{"x":-3.5,"y":-2},{"x":-2.5,"y":-2},{"x":-0.5,"y":-2},{"x":0.5,"y":-2},{"x":2.5,"y":-2},{"x":3.5,"y":-2},{"x":-3.5,"y":-1},{"x":-0.5,"y":-1},{"x":0.5,"y":-1},{"x":3.5,"y":-1},{"x":-3.5,"y":0},{"x":-1.5,"y":0},{"x":-0.5,"y":0},{"x":0.5,"y":0},{"x":1.5,"y":0},{"x":3.5,"y":0},{"x":-3.5,"y":1},{"x":-0.5,"y":1},{"x":0.5,"y":1},{"x":3.5,"y":1},{"x":-3.5,"y":2},{"x":-2.5,"y":2},{"x":-0.5,"y":2},{"x":0.5,"y":2},{"x":2.5,"y":2},{"x":3.5,"y":2},{"x":-1.5,"y":2.5},{"x":1.5,"y":2.5},{"x":-3.5,"y":3},{"x":-2.5,"y":3},{"x":0,"y":3},{"x":2.5,"y":3},{"x":3.5,"y":3}]},{"index":3,"tiles":[{"x":-1.5,"y":-2.5},{"x":0,"y":-2.5},{"x":1.5,"y":-2.5},{"x":-0.5,"y":-1.5},{"x":0.5,"y":-1.5},{"x":-0.5,"y":-0.5},{"x":0.5,"y":-0.5},{"x":-1.5,"y":0},{"x":1.5,"y":0},{"x":-0.5,"y":0.5},{"x":0.5,"y":0.5},{"x":-0.5,"y":1.5},{"x":0.5,"y":1.5},{"x":-1.5,"y":2.5},{"x":0,"y":2.5},{"x":1.5,"y":2.5}]},{"index":4,"tiles":[{"x":0,"y":-2.5},{"x":0,"y":-1.5},{"x":-0.5,"y":0},{"x":0.5,"y":0},{"x":0,"y":1.5},{"x":-1.5,"y":2.5},{"x":0,"y":2.5},{"x":1.5,"y":2.5}]}],"seeds":["EUhBYcYhGqeEUNKIotMxIDNaITGFDCc0SsQ9gSeG4SQ9Q8ARFcMtXNVtgoV5SwaCHeZxxyWdqEioZilsYEd5i+BRadgIovMNE9VpoJAo4WJ0YcANHvhVICiG0dCQQQRyVPFdxVcZlTJVB0Eh"]},{"layers":[{"index":0,"tiles":[{"x":-4,"y":-3.5},{"x":4,"y":-3.5},{"x":-3,"y":-3},{"x":-2,"y":-3},{"x":-1,"y":-3},{"x":0,"y":-3},{"x":1,"y":-3},{"x":2,"y":-3},{"x":3,"y":-3},{"x":-4,"y":-2.5},{"x":4,"y":-2.5},{"x":-3,"y":-2},{"x":-2,"y":-2},{"x":2,"y":-2},{"x":3,"y":-2},{"x":-4,"y":-1.5},{"x":4,"y":-1.5},{"x":-3,"y":-1},{"x":-2,"y":-1},{"x":-1,"y":-1},{"x":1,"y":-1},{"x":2,"y":-1},{"x":3,"y":-1},{"x":-4,"y":-0.5},{"x":4,"y":-0.5},{"x":-3,"y":0},{"x":-2,"y":0},{"x":-1,"y":0},{"x":1,"y":0},{"x":2,"y":0},{"x":3,"y":0},{"x":-4,"y":0.5},{"x":4,"y":0.5},{"x":-3,"y":1},{"x":3,"y":1},{"x":-4,"y":1.5},{"x":-2,"y":1.5},{"x":2,"y":1.5},{"x":4,"y":1.5},{"x":-3,"y":2},{"x":3,"y":2},{"x":-4,"y":2.5},{"x":-2,"y":2.5},{"x":-1,"y":2.5},{"x":1,"y":2.5},{"x":2,"y":2.5},{"x":4,"y":2.5},{"x":-3,"y":3},{"x":0,"y":3},{"x":3,"y":3},{"x":-2,"y":3.5},{"x":2,"y":3.5}]},{"index":1,"tiles":[{"x":-4,"y":-3},{"x":-3,"y":-3},{"x":-2,"y":-3},{"x":-1,"y":-3},{"x":0,"y":-3},{"x":1,"y":-3},{"x":2,"y":-3},{"x":3,"y":-3},{"x":4,"y":-3},{"x":-4,"y":-2},{"x":-3,"y":-2},{"x":-2,"y":-2},{"x":2,"y":-2},{"x":3,"y":-2},{"x":4,"y":-2},{"x":-4,"y":-1},{"x":-3,"y":-1},{"x":-2,"y":-1},{"x":-1,"y":-1},{"x":1,"y":-1},{"x":2,"y":-1},{"x":3,"y":-1},{"x":4,"y":-1},{"x":-4,"y":0},{"x":-3,"y":0},{"x":-2,"y":0},{"x":-1,"y":0},{"x":1,"y":0},{"x":2,"y":0},{"x":3,"y":0},{"x":4,"y":0},{"x":-4,"y":1},{"x":-3,"y":1},{"x":3,"y":1},{"x":4,"y":1},{"x":-2,"y":1.5},{"x":2,"y":1.5},{"x":-4,"y":2},{"x":-3,"y":2},{"x":3,"y":2},{"x":4,"y":2},{"x":-2,"y":2.5},{"x":-1,"y":2.5},{"x":1,"y":2.5},{"x":2,"y":2.5},{"x":-3,"y":3},{"x":0,"y":3},{"x":3,"y":3},{"x":-2,"y":3.5},{"x":2,"y":3.5}]},{"index":2,"tiles":[{"x":-2,"y":-3},{"x":-1,"y":-3},{"x":0,"y":-3},{"x":1,"y":-3},{"x":2,"y":-3},{"x":-3,"y":-2.5},{"x":3,"y":-2.5},{"x":-2,"y":-2},{"x":2,"y":-2},{"x":-3,"y":-1.5},{"x":3,"y":-1.5},{"x":-2,"y":-1},{"x":-1,"y":-1},{"x":1,"y":-1},{"x":2,"y":-1},{"x":-3,"y":-0.5},{"x":3,"y":-0.5},{"x":-2,"y":0},{"x":-1,"y":0},{"x":1,"y":0},{"x":2,"y":0},{"x":-3,"y":0.5},{"x":3,"y":0.5},{"x":-3,"y":1.5},{"x":-2,"y":1.5},{"x":2,"y":1.5},{"x":3,"y":1.5},{"x":-3,"y":2.5},{"x":-2,"y":2.5},{"x":-1,"y":2.5},{"x":1,"y":2.5},{"x":2,"y":2.5},{"x":3,"y":2.5},{"x":0,"y":3},{"x":-2,"y":3.5},{"x":2,"y":3.5}]}],"seeds":["VPUh4PE1idkFniRYYCKFJ/cJXKQs08QEBUgRHShkXuV50UOEwaWCXwCFTbVYS8dQS4M4jcgYw8QVHfhRHKaQRIYxilhZz6SAIiGmnCiC3KWFofOF4laCgzZ4QydCnsVx4QGioyFsYQcA"]},{"layers":[{"index":0,"tiles":[{"x":-4,"y":-4},{"x":4,"y":-4},{"x":-3,"y":-3.5},{"x":3,"y":-3.5},{"x":-2,"y":-3},{"x":0,"y":-3},{"x":2,"y":-3},{"x":-3,"y":-2.5},{"x":-1,"y":-2.5},{"x":1,"y":-2.5},{"x":3,"y":-2.5},{"x":-4,"y":-2},{"x":0,"y":-2},{"x":4,"y":-2},{"x":-4,"y":-1},{"x":0,"y":-1},{"x":4,"y":-1},{"x":-3,"y":-0.5},{"x":-1,"y":-0.5},{"x":1,"y":-0.5},{"x":3,"y":-0.5},{"x":-2,"y":0},{"x":0,"y":0},{"x":2,"y":0},{"x":-3,"y":0.5},{"x":-1,"y":0.5},{"x":1,"y":0.5},{"x":3,"y":0.5},{"x":-4,"y":1},{"x":0,"y":1},{"x":4,"y":1},{"x":-4,"y":2},{"x":0,"y":2},{"x":4,"y":2},{"x":-3,"y":2.5},{"x":-1,"y":2.5},{"x":1,"y":2.5},{"x":3,"y":2.5},{"x":-2,"y":3},{"x":0,"y":3},{"x":2,"y":3},{"x":-3,"y":3.5},{"x":3,"y":3.5},{"x":-4,"y":4},{"x":4,"y":4}]},{"index":1,"tiles":[{"x":-4,"y":-4},{"x":4,"y":-4},{"x":-3,"y":-3.5},{"x":3,"y":-3.5},{"x":-2,"y":-3},{"x":2,"y":-3},{"x":-3,"y":-2.5},{"x":-1,"y":-2.5},{"x":0,"y":-2.5},{"x":1,"y":-2.5},{"x":3,"y":-2.5},{"x":-4,"y":-2},{"x":4,"y":-2},{"x":0,"y":-1.5},{"x":-4,"y":-1},{"x":4,"y":-1},{"x":-3,"y":-0.5},{"x":-1,"y":-0.5},{"x":0,"y":-0.5},{"x":1,"y":-0.5},{"x":3,"y":-0.5},{"x":-2,"y":0},{"x":2,"y":0},{"x":-3,"y":0.5},{"x":-1,"y":0.5},{"x":0,"y":0.5},{"x":1,"y":0.5},{"x":3,"y":0.5},{"x":-4,"y":1},{"x":4,"y":1},{"x":0,"y":1.5},{"x":-4,"y":2},{"x":4,"y":2},{"x":-3,"y":2.5},{"x":-1,"y":2.5},{"x":0,"y":2.5},{"x":1,"y":2.5},{"x":3,"y":2.5},{"x":-2,"y":3},{"x":2,"y":3},{"x":-3,"y":3.5},{"x":3,"y":3.5},{"x":-4,"y":4},{"x":4,"y":4}]},{"index":2,"tiles":[{"x":-4,"y":-4},{"x":4,"y":-4},{"x":-3,"y":-3.5},{"x":3,"y":-3.5},{"x":-2,"y":-3},{"x":2,"y":-3},{"x":-3,"y":-2.5},{"x":-1,"y":-2.5},{"x":1,"y":-2.5},{"x":3,"y":-2.5},{"x":-4,"y":-2},{"x":0,"y":-2},{"x":4,"y":-2},{"x":-4,"y":-1},{"x":0,"y":-1},{"x":4,"y":-1},{"x":-3,"y":-0.5},{"x":-1,"y":-0.5},{"x":1,"y":-0.5},{"x":3,"y":-0.5},{"x":-2,"y":0},{"x":0,"y":0},{"x":2,"y":0},{"x":-3,"y":0.5},{"x":-1,"y":0.5},{"x":1,"y":0.5},{"x":3,"y":0.5},{"x":-4,"y":1},{"x":0,"y":1},{"x":4,"y":1},{"x":-4,"y":2},{"x":0,"y":2},{"x":4,"y":2},{"x":-3,"y":2.5},{"x":1,"y":2.5},{"x":3,"y":2.5},{"x":-2,"y":3},{"x":2,"y":3},{"x":-3,"y":3.5},{"x":3,"y":3.5},{"x":-4,"y":4},{"x":4,"y":4}]},{"index":3,"tiles":[{"x":0,"y":-2},{"x":0,"y":-1},{"x":-2.5,"y":0},{"x":-1.5,"y":0},{"x":0,"y":0},{"x":1.5,"y":0},{"x":2.5,"y":0},{"x":0,"y":1},{"x":0,"y":2}]},{"index":4,"tiles":[{"x":-2,"y":0},{"x":2,"y":0}]}],"seeds":["1KGaz6BwRVVBoCNBYMQgIvY1U+BI4AQSnEYhSuQxnAeGU9YxykNxoZgMoXcJlBcuYRh6gSJ6n2cYSyAkgycOWTellrhBzYhxwhZ24MGdxIcKnad8y1Ben1gon3aIHjd0HAlqCwSKHXNYgQYA"]},{"layers":[{"index":0,"tiles":[{"x":-3,"y":-4},{"x":3,"y":-4},{"x":-4,"y":-3.5},{"x":-2,"y":-3.5},{"x":2,"y":-3.5},{"x":4,"y":-3.5},{"x":-3,"y":-3},{"x":0,"y":-3},{"x":3,"y":-3},{"x":-4,"y":-2.5},{"x":-2,"y":-2.5},{"x":2,"y":-2.5},{"x":4,"y":-2.5},{"x":-3,"y":-2},{"x":0,"y":-2},{"x":3,"y":-2},{"x":-4,"y":-1.5},{"x":-2,"y":-1.5},{"x":2,"y":-1.5},{"x":4,"y":-1.5},{"x":-3,"y":-1},{"x":0,"y":-1},{"x":3,"y":-1},{"x":-4,"y":-0.5},{"x":-2,"y":-0.5},{"x":2,"y":-0.5},{"x":4,"y":-0.5},{"x":-3,"y":0},{"x":0,"y":0},{"x":3,"y":0},{"x":-4,"y":0.5},{"x":-2,"y":0.5},{"x":2,"y":0.5},{"x":4,"y":0.5},{"x":-3,"y":1},{"x":0,"y":1},{"x":3,"y":1},{"x":-4,"y":1.5},{"x":-2,"y":1.5},{"x":2,"y":1.5},{"x":4,"y":1.5},{"x":0,"y":2},{"x":-4,"y":2.5},{"x":-3,"y":2.5},{"x":-2,"y":2.5},{"x":-1,"y":2.5},{"x":1,"y":2.5},{"x":2,"y":2.5},{"x":3,"y":2.5},{"x":4,"y":2.5},{"x":0,"y":3},{"x":-3.5,"y":3.5},{"x":-2.5,"y":3.5},{"x":2.5,"y":3.5},{"x":3.5,"y":3.5},{"x":-1.5,"y":4},{"x":-0.5,"y":4},{"x":0.5,"y":4},{"x":1.5,"y":4}]},{"index":1,"tiles":[{"x":-3,"y":-4},{"x":3,"y":-4},{"x":-3.5,"y":-3},{"x":-2.5,"y":-3},{"x":2.5,"y":-3},{"x":3.5,"y":-3},{"x":0,"y":-2.5},{"x":-3.5,"y":-2},{"x":-2.5,"y":-2},{"x":2.5,"y":-2},{"x":3.5,"y":-2},{"x":0,"y":-1.5},{"x":-3.5,"y":-1},{"x":-2.5,"y":-1},{"x":2.5,"y":-1},{"x":3.5,"y":-1},{"x":0,"y":-0.5},{"x":-3.5,"y":0},{"x":-2.5,"y":0},{"x":2.5,"y":0},{"x":3.5,"y":0},{"x":0,"y":0.5},{"x":-3.5,"y":1},{"x":-2.5,"y":1},{"x":2.5,"y":1},{"x":3.5,"y":1},{"x":0,"y":1.5},{"x":-3.5,"y":2.5},{"x":-2.5,"y":2.5},{"x":-1.5,"y":2.5},{"x":-0.5,"y":2.5},{"x":0.5,"y":2.5},{"x":1.5,"y":2.5},{"x":2.5,"y":2.5},{"x":3.5,"y":2.5},{"x":-3,"y":3.5},{"x":3,"y":3.5},{"x":-1,"y":4},{"x":0,"y":4},{"x":1,"y":4}]},{"index":2,"tiles":[{"x":-3,"y":-3.5},{"x":3,"y":-3.5},{"x":-3,"y":-2.5},{"x":3,"y":-2.5},{"x":0,"y":-2},{"x":-3,"y":-1.5},{"x":3,"y":-1.5},{"x":0,"y":-1},{"x":-3,"y":-0.5},{"x":3,"y":-0.5},{"x":0,"y":0},{"x":-3,"y":0.5},{"x":3,"y":0.5},{"x":0,"y":1},{"x":-3,"y":2.5},{"x":-2,"y":2.5},{"x":-1,"y":2.5},{"x":0,"y":2.5},{"x":1,"y":2.5},{"x":2,"y":2.5},{"x":3,"y":2.5},{"x":-3,"y":3.5},{"x":3,"y":3.5},{"x":-0.5,"y":4},{"x":0.5,"y":4}]},{"index":3,"tiles":[{"x":0,"y":-1.5},{"x":0,"y":-0.5},{"x":0,"y":0.5},{"x":-2.5,"y":2.5},{"x":-1.5,"y":2.5},{"x":-0.5,"y":2.5},{"x":0.5,"y":2.5},{"x":1.5,"y":2.5},{"x":2.5,"y":2.5},{"x":-3,"y":3.5},{"x":3,"y":3.5},{"x":0,"y":4}]},{"index":4,"tiles":[{"x":0,"y":-1},{"x":0,"y":0}]}],"seeds":["30EZohiKYWcO0oJ4VHcIyuUcymNwRTQNBOZ9A3WQiPOpUBKe3kUEQRlRXjApoDeG1BdwoMQpS+BlXuGFWeiFngdWlTiJkMANG7N04GJtItcIVhh4IdV5YOppQqCFTAdOHdiAScA9KAYA"]},{"layers":[{"index":0,"tiles":[{"x":0.5,"y":-3.5},{"x":1.5,"y":-3.5},{"x":2.5,"y":-3.5},{"x":3.5,"y":-3.5},{"x":-3,"y":-3},{"x":-2,"y":-3},{"x":-1,"y":-3},{"x":1,"y":-2.5},{"x":2,"y":-2.5},{"x":3,"y":-2.5},{"x":-2.5,"y":-2},{"x":-1.5,"y":-2},{"x":-0.5,"y":-2},{"x":1.5,"y":-1.5},{"x":2.5,"y":-1.5},{"x":-2,"y":-1},{"x":-1,"y":-1},{"x":0,"y":-1},{"x":2,"y":-0.5},{"x":-0.5,"y":0},{"x":0.5,"y":0},{"x":-2,"y":0.5},{"x":0,"y":1},{"x":1,"y":1},{"x":2,"y":1},{"x":-2.5,"y":1.5},{"x":-1.5,"y":1.5},{"x":0.5,"y":2},{"x":1.5,"y":2},{"x":2.5,"y":2},{"x":-3,"y":2.5},{"x":-2,"y":2.5},{"x":-1,"y":2.5},{"x":1,"y":3},{"x":2,"y":3},{"x":3,"y":3},{"x":-3.5,"y":3.5},{"x":-2.5,"y":3.5},{"x":-1.5,"y":3.5},{"x":-0.5,"y":3.5}]},{"index":1,"tiles":[{"x":0.5,"y":-3.5},{"x":1.5,"y":-3.5},{"x":2.5,"y":-3.5},{"x":3.5,"y":-3.5},{"x":-3,"y":-3},{"x":-2,"y":-3},{"x":-1,"y":-3},{"x":1,"y":-2.5},{"x":2,"y":-2.5},{"x":3,"y":-2.5},{"x":-2.5,"y":-2},{"x":-1.5,"y":-2},{"x":-0.5,"y":-2},{"x":1.5,"y":-1.5},{"x":2.5,"y":-1.5},{"x":-2,"y":-1},{"x":-1,"y":-1},{"x":0,"y":-1},{"x":2,"y":-0.5},{"x":-0.5,"y":0},{"x":0.5,"y":0},{"x":-2,"y":0.5},{"x":0,"y":1},{"x":1,"y":1},{"x":2,"y":1},{"x":-2.5,"y":1.5},{"x":-1.5,"y":1.5},{"x":0.5,"y":2},{"x":1.5,"y":2},{"x":2.5,"y":2},{"x":-3,"y":2.5},{"x":-2,"y":2.5},{"x":-1,"y":2.5},{"x":1,"y":3},{"x":2,"y":3},{"x":3,"y":3},{"x":-3.5,"y":3.5},{"x":-2.5,"y":3.5},{"x":-1.5,"y":3.5},{"x":-0.5,"y":3.5}]},{"index":2,"tiles":[{"x":-2.5,"y":-3},{"x":-1.5,"y":-3},{"x":1,"y":-3},{"x":2,"y":-3},{"x":3,"y":-3},{"x":-2,"y":-2},{"x":-1,"y":-2},{"x":1.5,"y":-2},{"x":2.5,"y":-2},{"x":-1.5,"y":-1},{"x":-0.5,"y":-1},{"x":2,"y":-1},{"x":-0.5,"y":0},{"x":0.5,"y":0},{"x":-2,"y":1},{"x":0.5,"y":1},{"x":1.5,"y":1},{"x":-2.5,"y":2},{"x":-1.5,"y":2},{"x":1,"y":2},{"x":2,"y":2},{"x":-3,"y":3},{"x":-2,"y":3},{"x":-1,"y":3},{"x":1.5,"y":3},{"x":2.5,"y":3}]},{"index":3,"tiles":[{"x":-2,"y":-3},{"x":1,"y":-3},{"x":2,"y":-3},{"x":3,"y":-3},{"x":-1.5,"y":-2},{"x":1.5,"y":-2},{"x":2.5,"y":-2},{"x":-1,"y":-1},{"x":2,"y":-1},{"x":0,"y":0},{"x":-2,"y":1},{"x":1,"y":1},{"x":-2.5,"y":2},{"x":-1.5,"y":2},{"x":1.5,"y":2},{"x":-3,"y":3},{"x":-2,"y":3},{"x":-1,"y":3},{"x":2,"y":3}]},{"index":4,"tiles":[{"x":-2,"y":-3},{"x":1.5,"y":-2.5},{"x":2.5,"y":-2.5},{"x":-1.5,"y":-2},{"x":2,"y":-1.5},{"x":-1,"y":-1},{"x":0,"y":0},{"x":1,"y":1},{"x":-2,"y":1.5},{"x":1.5,"y":2},{"x":-2.5,"y":2.5},{"x":-1.5,"y":2.5},{"x":2,"y":3}]}],"seeds":["VKEl20coSpM8FPh9wzEs4MYVXGNpESiGjlepQcV5S/gN04FwYNZUIRFOoMJxkAeCzCCmEhGJDdNVnzSJY2CZjNhdoNOJz4kyonBh1sd1CNSJiuV5ARhMRueFQkgJoUERGLlkZcgJ4AIA"]},{"layers":[{"index":0,"tiles":[{"x":-3.5,"y":-3.5},{"x":3.5,"y":-3.5},{"x":-3,"y":-2.5},{"x":0,"y":-2.5},{"x":3,"y":-2.5},{"x":-3.5,"y":-1.5},{"x":-1.5,"y":-1.5},{"x":-0.5,"y":-1.5},{"x":0.5,"y":-1.5},{"x":1.5,"y":-1.5},{"x":3.5,"y":-1.5},{"x":-1.5,"y":-0.5},{"x":1.5,"y":-0.5},{"x":-2.5,"y":0},{"x":-0.5,"y":0},{"x":0.5,"y":0},{"x":2.5,"y":0},{"x":-1.5,"y":0.5},{"x":1.5,"y":0.5},{"x":-3.5,"y":1.5},{"x":-1.5,"y":1.5},{"x":-0.5,"y":1.5},{"x":0.5,"y":1.5},{"x":1.5,"y":1.5},{"x":3.5,"y":1.5},{"x":-3,"y":2.5},{"x":0,"y":2.5},{"x":3,"y":2.5},{"x":-3.5,"y":3.5},{"x":3.5,"y":3.5}]},{"index":1,"tiles":[{"x":-3.5,"y":-3.5},{"x":3.5,"y":-3.5},{"x":-3,"y":-2.5},{"x":0,"y":-2.5},{"x":3,"y":-2.5},{"x":-3.5,"y":-1.5},{"x":-1.5,"y":-1.5},{"x":-0.5,"y":-1.5},{"x":0.5,"y":-1.5},{"x":1.5,"y":-1.5},{"x":3.5,"y":-1.5},{"x":-1.5,"y":-0.5},{"x":1.5,"y":-0.5},{"x":-2.5,"y":0},{"x":-0.5,"y":0},{"x":0.5,"y":0},{"x":2.5,"y":0},{"x":-1.5,"y":0.5},{"x":1.5,"y":0.5},{"x":-3.5,"y":1.5},{"x":-1.5,"y":1.5},{"x":-0.5,"y":1.5},{"x":0.5,"y":1.5},{"x":1.5,"y":1.5},{"x":3.5,"y":1.5},{"x":-3,"y":2.5},{"x":0,"y":2.5},{"x":3,"y":2.5},{"x":-3.5,"y":3.5},{"x":3.5,"y":3.5}]},{"index":2,"tiles":[{"x":-3.5,"y":-3.5},{"x":3.5,"y":-3.5},{"x":-3,"y":-2.5},{"x":0,"y":-2.5},{"x":3,"y":-2.5},{"x":-3.5,"y":-1.5},{"x":-1.5,"y":-1.5},{"x":-0.5,"y":-1.5},{"x":0.5,"y":-1.5},{"x":1.5,"y":-1.5},{"x":3.5,"y":-1.5},{"x":-1.5,"y":-0.5},{"x":1.5,"y":-0.5},{"x":-2.5,"y":0},{"x":-0.5,"y":0},{"x":0.5,"y":0},{"x":2.5,"y":0},{"x":-1.5,"y":0.5},{"x":1.5,"y":0.5},{"x":-3.5,"y":1.5},{"x":-1.5,"y":1.5},{"x":-0.5,"y":1.5},{"x":0.5,"y":1.5},{"x":1.5,"y":1.5},{"x":3.5,"y":1.5},{"x":-3,"y":2.5},{"x":0,"y":2.5},{"x":3,"y":2.5},{"x":-3.5,"y":3.5},{"x":3.5,"y":3.5}]},{"index":3,"tiles":[{"x":-3.5,"y":-3.5},{"x":3.5,"y":-3.5},{"x":-3,"y":-2.5},{"x":3,"y":-2.5},{"x":0,"y":-2},{"x":-3.5,"y":-1.5},{"x":-1.5,"y":-1.5},{"x":1.5,"y":-1.5},{"x":3.5,"y":-1.5},{"x":-2,"y":0},{"x":-0.5,"y":0},{"x":0.5,"y":0},{"x":2,"y":0},{"x":-3.5,"y":1.5},{"x":-1.5,"y":1.5},{"x":1.5,"y":1.5},{"x":3.5,"y":1.5},{"x":0,"y":2},{"x":-3,"y":2.5},{"x":3,"y":2.5},{"x":-3.5,"y":3.5},{"x":3.5,"y":3.5}]},{"index":4,"tiles":[{"x":-3.5,"y":-3.5},{"x":3.5,"y":-3.5},{"x":-3,"y":-2.5},{"x":3,"y":-2.5},{"x":0,"y":-2},{"x":-3.5,"y":-1.5},{"x":3.5,"y":-1.5},{"x":-2,"y":0},{"x":2,"y":0},{"x":-3.5,"y":1.5},{"x":3.5,"y":1.5},{"x":0,"y":2},{"x":-3,"y":2.5},{"x":3,"y":2.5},{"x":-3.5,"y":3.5},{"x":3.5,"y":3.5}]}],"seeds":["zSIoGQIimRZgoZgEYmh9YdVw4KAmZneGUAeBl/YQ3BM44HR1QxQU2EGJE1OCjbBIGwcelaJ8oqYYSoh+XuSEWuhsHDiB4KgIINmAYtVNoPAJXWeEksB5qUdUIsU5HmMV"]},{"layers":[{"index":0,"tiles":[{"x":-1,"y":-4},{"x":0,"y":-4},{"x":1,"y":-4},{"x":-4,"y":-3.5},{"x":-2,"y":-3.5},{"x":2,"y":-3.5},{"x":4,"y":-3.5},{"x":-3,"y":-3},{"x":-0.5,"y":-3},{"x":0.5,"y":-3},{"x":3,"y":-3},{"x":0,"y":-2},{"x":-3,"y":-1},{"x":-0.5,"y":-1},{"x":0.5,"y":-1},{"x":3,"y":-1},{"x":-4,"y":-0.5},{"x":-2,"y":-0.5},{"x":2,"y":-0.5},{"x":4,"y":-0.5},{"x":-1,"y":0},{"x":0,"y":0},{"x":1,"y":0},{"x":-4,"y":0.5},{"x":-2,"y":0.5},{"x":2,"y":0.5},{"x":4,"y":0.5},{"x":-3,"y":1},{"x":-0.5,"y":1},{"x":0.5,"y":1},{"x":3,"y":1},{"x":0,"y":2},{"x":-3,"y":3},{"x":-0.5,"y":3},{"x":0.5,"y":3},{"x":3,"y":3},{"x":-4,"y":3.5},{"x":-2,"y":3.5},{"x":2,"y":3.5},{"x":4,"y":3.5},{"x":-1,"y":4},{"x":0,"y":4},{"x":1,"y":4}]},{"index":1,"tiles":[{"x":-1,"y":-4},{"x":0,"y":-4},{"x":1,"y":-4},{"x":-4,"y":-3.5},{"x":-2,"y":-3.5},{"x":2,"y":-3.5},{"x":4,"y":-3.5},{"x":-3,"y":-3},{"x":-0.5,"y":-3},{"x":0.5,"y":-3},{"x":3,"y":-3},{"x":0,"y":-2},{"x":-3,"y":-1},{"x":-0.5,"y":-1},{"x":0.5,"y":-1},{"x":3,"y":-1},{"x":-4,"y":-0.5},{"x":-2,"y":-0.5},{"x":2,"y":-0.5},{"x":4,"y":-0.5},{"x":-1,"y":0},{"x":0,"y":0},{"x":1,"y":0},{"x":-4,"y":0.5},{"x":-2,"y":0.5},{"x":2,"y":0.5},{"x":4,"y":0.5},{"x":-3,"y":1},{"x":-0.5,"y":1},{"x":0.5,"y":1},{"x":3,"y":1},{"x":0,"y":2},{"x":-3,"y":3},{"x":-0.5,"y":3},{"x":0.5,"y":3},{"x":3,"y":3},{"x":-4,"y":3.5},{"x":-2,"y":3.5},{"x":2,"y":3.5},{"x":4,"y":3.5},{"x":-1,"y":4},{"x":0,"y":4},{"x":1,"y":4}]},{"index":2,"tiles":[{"x":-1,"y":-4},{"x":0,"y":-4},{"x":1,"y":-4},{"x":-4,"y":-3.5},{"x":-2,"y":-3.5},{"x":2,"y":-3.5},{"x":4,"y":-3.5},{"x":-3,"y":-3},{"x":-0.5,"y":-3},{"x":0.5,"y":-3},{"x":3,"y":-3},{"x":0,"y":-2},{"x":-3,"y":-1},{"x":-0.5,"y":-1},{"x":0.5,"y":-1},{"x":3,"y":-1},{"x":-4,"y":-0.5},{"x":-2,"y":-0.5},{"x":2,"y":-0.5},{"x":4,"y":-0.5},{"x":-1,"y":0},{"x":0,"y":0},{"x":1,"y":0},{"x":-4,"y":0.5},{"x":-2,"y":0.5},{"x":2,"y":0.5},{"x":4,"y":0.5},{"x":-3,"y":1},{"x":-0.5,"y":1},{"x":0.5,"y":1},{"x":3,"y":1},{"x":0,"y":2},{"x":-3,"y":3},{"x":-0.5,"y":3},{"x":0.5,"y":3},{"x":3,"y":3},{"x":-4,"y":3.5},{"x":-2,"y":3.5},{"x":2,"y":3.5},{"x":4,"y":3.5},{"x":-1,"y":4},{"x":0,"y":4},{"x":1,"y":4}]},{"index":3,"tiles":[{"x":-0.5,"y":-4},{"x":0.5,"y":-4},{"x":0,"y":-3},{"x":0,"y":-2},{"x":0,"y":-1},{"x":-0.5,"y":0},{"x":0.5,"y":0},{"x":0,"y":1},{"x":0,"y":2},{"x":0,"y":3},{"x":-0.5,"y":4},{"x":0.5,"y":4}]},{"index":4,"tiles":[{"x":0,"y":0}]}],"seeds":["kpBxyaIIXRFyzThxDRk43cAoXlOqoMFwCmURYGhOHmcV1/FZAQSKn1ER2DYEhxBWDhdKW3cxnCVG4UAgIBRin/CIHLEookcV3feA2lSdoid2HuN8wSJW4beA4VSgFDiAied0YAZSaaQ1iAgA"]},{"layers":[{"index":0,"tiles":[{"x":-1.5,"y":-3},{"x":-0.5,"y":-3},{"x":0.5,"y":-3},{"x":1.5,"y":-3},{"x":-2,"y":-2},{"x":2,"y":-2},{"x":-1,"y":-1.5},{"x":1,"y":-1.5},{"x":-2,"y":-0.5},{"x":-1,"y":-0.5},{"x":1,"y":-0.5},{"x":2,"y":-0.5},{"x":-2,"y":0.5},{"x":2,"y":0.5},{"x":-2.5,"y":1.5},{"x":-1.5,"y":1.5},{"x":1.5,"y":1.5},{"x":2.5,"y":1.5},{"x":-0.5,"y":2},{"x":0.5,"y":2},{"x":-2,"y":2.5},{"x":2,"y":2.5},{"x":-3,"y":3},{"x":3,"y":3}]},{"index":1,"tiles":[{"x":-1.5,"y":-3},{"x":-0.5,"y":-3},{"x":0.5,"y":-3},{"x":1.5,"y":-3},{"x":-2,"y":-2},{"x":2,"y":-2},{"x":-1,"y":-1.5},{"x":1,"y":-1.5},{"x":-2,"y":-0.5},{"x":-1,"y":-0.5},{"x":1,"y":-0.5},{"x":2,"y":-0.5},{"x":-2,"y":0.5},{"x":2,"y":0.5},{"x":-2.5,"y":1.5},{"x":-1.5,"y":1.5},{"x":1.5,"y":1.5},{"x":2.5,"y":1.5},{"x":-0.5,"y":2},{"x":0.5,"y":2},{"x":-2,"y":2.5},{"x":2,"y":2.5},{"x":-3,"y":3},{"x":3,"y":3}]},{"index":2,"tiles":[{"x":-1.5,"y":-3},{"x":-0.5,"y":-3},{"x":0.5,"y":-3},{"x":1.5,"y":-3},{"x":-2,"y":-2},{"x":2,"y":-2},{"x":-1,"y":-1.5},{"x":1,"y":-1.5},{"x":-2,"y":-0.5},{"x":-1,"y":-0.5},{"x":1,"y":-0.5},{"x":2,"y":-0.5},{"x":-2,"y":0.5},{"x":2,"y":0.5},{"x":-2.5,"y":1.5},{"x":-1.5,"y":1.5},{"x":1.5,"y":1.5},{"x":2.5,"y":1.5},{"x":-0.5,"y":2},{"x":0.5,"y":2},{"x":-2,"y":2.5},{"x":2,"y":2.5},{"x":-3,"y":3},{"x":3,"y":3}]},{"index":3,"tiles":[{"x":-1.5,"y":-3},{"x":-0.5,"y":-3},{"x":0.5,"y":-3},{"x":1.5,"y":-3},{"x":-2,"y":-2},{"x":2,"y":-2},{"x":-1,"y":-1.5},{"x":1,"y":-1.5},{"x":-2,"y":-0.5},{"x":-1,"y":-0.5},{"x":1,"y":-0.5},{"x":2,"y":-0.5},{"x":-2,"y":0.5},{"x":2,"y":0.5},{"x":-2.5,"y":1.5},{"x":-1.5,"y":1.5},{"x":1.5,"y":1.5},{"x":2.5,"y":1.5},{"x":-0.5,"y":2},{"x":0.5,"y":2},{"x":-2,"y":2.5},{"x":2,"y":2.5},{"x":-3,"y":3},{"x":3,"y":3}]},{"index":4,"tiles":[{"x":-1.5,"y":-3},{"x":-0.5,"y":-3},{"x":0.5,"y":-3},{"x":1.5,"y":-3},{"x":-2,"y":-2},{"x":2,"y":-2},{"x":-1,"y":-1.5},{"x":1,"y":-1.5},{"x":-2,"y":-0.5},{"x":-1,"y":-0.5},{"x":1,"y":-0.5},{"x":2,"y":-0.5},{"x":-2,"y":0.5},{"x":2,"y":0.5},{"x":-2,"y":1.5},{"x":2,"y":1.5},{"x":-0.5,"y":2},{"x":0.5,"y":2},{"x":-2,"y":2.5},{"x":2,"y":2.5},{"x":-3,"y":3},{"x":3,"y":3}]}],"seeds":["yeQJAWiGoBQe6XNM5eVZhreJhCOFE0gsnYEGggqGXREKXMZBHNQIXdcxYLN4GaYpHvdhixggyyBylshMCdcVl0KB3xMpA+eFwVeJ3EhpZ/RVDogs5KaAiwgA"]},{"layers":[{"index":0,"tiles":[{"x":1.5,"y":-9},{"x":2.5,"y":-9},{"x":3.5,"y":-9},{"x":4.5,"y":-9},{"x":6.5,"y":-9},{"x":7.5,"y":-9},{"x":8.5,"y":-9},{"x":9.5,"y":-9},{"x":1.5,"y":-8},{"x":3,"y":-8},{"x":4.5,"y":-8},{"x":6.5,"y":-8},{"x":8,"y":-8},{"x":9.5,"y":-8},{"x":1.5,"y":-7},{"x":3,"y":-7},{"x":8,"y":-7},{"x":9.5,"y":-7},{"x":4.5,"y":-6.5},{"x":6.5,"y":-6.5},{"x":1.5,"y":-6},{"x":2.5,"y":-6},{"x":3.5,"y":-6},{"x":5.5,"y":-6},{"x":7.5,"y":-6},{"x":8.5,"y":-6},{"x":9.5,"y":-6},{"x":4.5,"y":-5},{"x":5.5,"y":-5},{"x":6.5,"y":-5},{"x":1.5,"y":-4},{"x":2.5,"y":-4},{"x":3.5,"y":-4},{"x":5.5,"y":-4},{"x":7.5,"y":-4},{"x":8.5,"y":-4},{"x":9.5,"y":-4},{"x":4.5,"y":-3.5},{"x":6.5,"y":-3.5},{"x":1.5,"y":-3},{"x":9.5,"y":-3},{"x":2.5,"y":-2.5},{"x":3.5,"y":-2.5},{"x":7.5,"y":-2.5},{"x":8.5,"y":-2.5},{"x":1.5,"y":-2},{"x":4.5,"y":-2},{"x":6.5,"y":-2},{"x":9.5,"y":-2},{"x":1.5,"y":-1},{"x":2.5,"y":-1},{"x":3.5,"y":-1},{"x":4.5,"y":-1},{"x":6.5,"y":-1},{"x":7.5,"y":-1},{"x":8.5,"y":-1},{"x":9.5,"y":-1}]},{"index":1,"tiles":[{"x":2.5,"y":-8},{"x":4.5,"y":-8},{"x":6.5,"y":-8},{"x":8.5,"y":-8},{"x":3.5,"y":-7},{"x":7.5,"y":-7},{"x":2.5,"y":-6},{"x":5,"y":-6},{"x":6,"y":-6},{"x":8.5,"y":-6},{"x":4,"y":-5.5},{"x":7,"y":-5.5},{"x":5,"y":-5},{"x":6,"y":-5},{"x":4,"y":-4.5},{"x":7,"y":-4.5},{"x":2.5,"y":-4},{"x":5,"y":-4},{"x":6,"y":-4},{"x":8.5,"y":-4},{"x":3.5,"y":-3},{"x":7.5,"y":-3},{"x":2.5,"y":-2},{"x":4.5,"y":-2},{"x":6.5,"y":-2},{"x":8.5,"y":-2}]},{"index":2,"tiles":[{"x":3,"y":-7.5},{"x":4,"y":-7.5},{"x":7,"y":-7.5},{"x":8,"y":-7.5},{"x":3,"y":-6.5},{"x":4,"y":-6.5},{"x":7,"y":-6.5},{"x":8,"y":-6.5},{"x":5,"y":-5.5},{"x":6,"y":-5.5},{"x":5,"y":-4.5},{"x":6,"y":-4.5},{"x":3,"y":-3.5},{"x":4,"y":-3.5},{"x":7,"y":-3.5},{"x":8,"y":-3.5},{"x":3,"y":-2.5},{"x":4,"y":-2.5},{"x":7,"y":-2.5},{"x":8,"y":-2.5}]},{"index":3,"tiles":[{"x":3.5,"y":-7.5},{"x":7.5,"y":-7.5},{"x":3.5,"y":-6.5},{"x":7.5,"y":-6.5},{"x":4.5,"y":-6},{"x":5.5,"y":-6},{"x":6.5,"y":-6},{"x":4.5,"y":-5},{"x":5.5,"y":-5},{"x":6.5,"y":-5},{"x":4.5,"y":-4},{"x":5.5,"y":-4},{"x":6.5,"y":-4},{"x":3.5,"y":-3.5},{"x":7.5,"y":-3.5},{"x":3.5,"y":-2.5},{"x":7.5,"y":-2.5}]},{"index":4,"tiles":[{"x":5,"y":-5.5},{"x":6,"y":-5.5},{"x":5,"y":-4.5},{"x":6,"y":-4.5}]},{"index":5,"tiles":[{"x":5,"y":-5},{"x":6,"y":-5}]}],"seeds":["3sdh3SF+kwguk3JdqAWBnycVVdY03BYWaXcGmxIkgcKIYvIxn6Y8QZA9ZjMWYMKBBxJqQ0WRXACBS6hwoieFlqM0YhgWQphwEWhQnQdyoKhGAvZxhGgMU4cQTjl1XQgA"]},{"layers":[{"index":0,"tiles":[{"x":5,"y":-8},{"x":6,"y":-8},{"x":4,"y":-7.5},{"x":7,"y":-7.5},{"x":3,"y":-7},{"x":5.5,"y":-7},{"x":8,"y":-7},{"x":4.5,"y":-6.5},{"x":6.5,"y":-6.5},{"x":2.5,"y":-6},{"x":8.5,"y":-6},{"x":4,"y":-5.5},{"x":5.5,"y":-5.5},{"x":7,"y":-5.5},{"x":2,"y":-5},{"x":3,"y":-5},{"x":8,"y":-5},{"x":9,"y":-5},{"x":4.5,"y":-4.5},{"x":5.5,"y":-4.5},{"x":6.5,"y":-4.5},{"x":1.5,"y":-4},{"x":3,"y":-4},{"x":8,"y":-4},{"x":9.5,"y":-4},{"x":4.5,"y":-3.5},{"x":5.5,"y":-3.5},{"x":6.5,"y":-3.5},{"x":1,"y":-3},{"x":2.5,"y":-3},{"x":8.5,"y":-3},{"x":10,"y":-3},{"x":4,"y":-2.5},{"x":5.5,"y":-2.5},{"x":7,"y":-2.5},{"x":1,"y":-2},{"x":3,"y":-2},{"x":8,"y":-2},{"x":10,"y":-2},{"x":2,"y":-1.5},{"x":5,"y":-1.5},{"x":6,"y":-1.5},{"x":9,"y":-1.5},{"x":3,"y":-1},{"x":4,"y":-1},{"x":7,"y":-1},{"x":8,"y":-1}]},{"index":1,"tiles":[{"x":4.5,"y":-6.5},{"x":5.5,"y":-6.5},{"x":6.5,"y":-6.5},{"x":3.5,"y":-5.5},{"x":4.5,"y":-5.5},{"x":5.5,"y":-5.5},{"x":6.5,"y":-5.5},{"x":7.5,"y":-5.5},{"x":3.5,"y":-4.5},{"x":4.5,"y":-4.5},{"x":5.5,"y":-4.5},{"x":6.5,"y":-4.5},{"x":7.5,"y":-4.5},{"x":9.5,"y":-4},{"x":3.5,"y":-3.5},{"x":4.5,"y":-3.5},{"x":5.5,"y":-3.5},{"x":6.5,"y":-3.5},{"x":7.5,"y":-3.5},{"x":10,"y":-3},{"x":3.5,"y":-2.5},{"x":4.5,"y":-2.5},{"x":5.5,"y":-2.5},{"x":6.5,"y":-2.5},{"x":7.5,"y":-2.5}]},{"index":2,"tiles":[{"x":5,"y":-6},{"x":6,"y":-6},{"x":4,"y":-5},{"x":5,"y":-5},{"x":6,"y":-5},{"x":7,"y":-5},{"x":4,"y":-4},{"x":5,"y":-4},{"x":6,"y":-4},{"x":7,"y":-4},{"x":4,"y":-3},{"x":5,"y":-3},{"x":6,"y":-3},{"x":7,"y":-3}]},{"index":3,"tiles":[{"x":5.5,"y":-5.5},{"x":4.5,"y":-4.5},{"x":5.5,"y":-4.5},{"x":6.5,"y":-4.5},{"x":4.5,"y":-3.5},{"x":5.5,"y":-3.5},{"x":6.5,"y":-3.5}]},{"index":4,"tiles":[{"x":5.5,"y":-5},{"x":5,"y":-4},{"x":6,"y":-4}]}],"seeds":["URBQIFZQF1EsTEiIHxg+oBSC0FR51oBoH+h4nsNNHEdyopkNHXQ9XlNtQtaEFiZxBgciSWp0aoJu4nJ+ohB22tcx4XEoSlSO"]},{"layers":[{"index":0,"tiles":[{"x":4,"y":-8},{"x":7,"y":-8},{"x":1.5,"y":-7},{"x":3.5,"y":-7},{"x":5.5,"y":-7},{"x":7.5,"y":-7},{"x":9.5,"y":-7},{"x":2.5,"y":-6.5},{"x":4.5,"y":-6.5},{"x":6.5,"y":-6.5},{"x":8.5,"y":-6.5},{"x":3.5,"y":-5.5},{"x":5.5,"y":-5.5},{"x":7.5,"y":-5.5},{"x":2.5,"y":-5},{"x":4.5,"y":-5},{"x":6.5,"y":-5},{"x":8.5,"y":-5},{"x":3.5,"y":-4},{"x":5.5,"y":-4},{"x":7.5,"y":-4},{"x":4.5,"y":-3.5},{"x":6.5,"y":-3.5},{"x":2.5,"y":-2.5},{"x":5.5,"y":-2.5},{"x":8.5,"y":-2.5},{"x":4.5,"y":-2},{"x":6.5,"y":-2},{"x":5.5,"y":-1}]},{"index":1,"tiles":[{"x":2.5,"y":-6.5},{"x":4.5,"y":-6.5},{"x":6.5,"y":-6.5},{"x":8.5,"y":-6.5},{"x":3.5,"y":-6},{"x":5.5,"y":-6},{"x":7.5,"y":-6},{"x":4.5,"y":-5.5},{"x":6.5,"y":-5.5},{"x":3.5,"y":-4.5},{"x":5.5,"y":-4.5},{"x":7.5,"y":-4.5},{"x":4.5,"y":-4},{"x":6.5,"y":-4},{"x":3.5,"y":-3.5},{"x":7.5,"y":-3.5},{"x":4.5,"y":-3},{"x":6.5,"y":-3},{"x":5.5,"y":-2.5},{"x":4.5,"y":-2},{"x":6.5,"y":-2}]},{"index":2,"tiles":[{"x":4.5,"y":-6.5},{"x":6.5,"y":-6.5},{"x":3.5,"y":-6},{"x":5.5,"y":-6},{"x":7.5,"y":-6},{"x":4.5,"y":-5.5},{"x":6.5,"y":-5.5},{"x":3.5,"y":-5},{"x":7.5,"y":-5},{"x":5.5,"y":-4.5},{"x":3.5,"y":-4},{"x":4.5,"y":-4},{"x":6.5,"y":-4},{"x":7.5,"y":-4},{"x":4.5,"y":-3},{"x":6.5,"y":-3},{"x":5.5,"y":-2.5}]},{"index":3,"tiles":[{"x":4.5,"y":-6.5},{"x":6.5,"y":-6.5},{"x":5.5,"y":-6},{"x":3.5,"y":-5.5},{"x":4.5,"y":-5.5},{"x":6.5,"y":-5.5},{"x":7.5,"y":-5.5},{"x":5.5,"y":-5},{"x":3.5,"y":-4.5},{"x":7.5,"y":-4.5},{"x":4.5,"y":-4},{"x":5.5,"y":-4},{"x":6.5,"y":-4},{"x":4.5,"y":-3},{"x":6.5,"y":-3},{"x":5.5,"y":-2.5}]},{"index":4,"tiles":[{"x":4.5,"y":-5.5},{"x":5.5,"y":-5.5},{"x":6.5,"y":-5.5},{"x":5.5,"y":-4.5},{"x":4.5,"y":-3.5},{"x":6.5,"y":-3.5},{"x":5.5,"y":-2.5}]}],"seeds":["x6R5F8eABQc2ThIMnLAYZ1cSGWiKBfSFBCgKSxV5GNlBFCVWX2glYMqhnnYdiDhgUxgGY4Z4ofUZisJ0jhp+T/N0YAQA"]},{"layers":[{"index":0,"tiles":[{"x":5.5,"y":-8.5},{"x":4.5,"y":-8},{"x":6.5,"y":-8},{"x":3.5,"y":-7.5},{"x":5.5,"y":-7.5},{"x":7.5,"y":-7.5},{"x":2.5,"y":-7},{"x":4.5,"y":-7},{"x":6.5,"y":-7},{"x":8.5,"y":-7},{"x":1.5,"y":-6.5},{"x":3.5,"y":-6.5},{"x":5.5,"y":-6.5},{"x":7.5,"y":-6.5},{"x":9.5,"y":-6.5},{"x":2.5,"y":-6},{"x":4.5,"y":-6},{"x":6.5,"y":-6},{"x":8.5,"y":-6},{"x":3.5,"y":-5.5},{"x":5.5,"y":-5.5},{"x":7.5,"y":-5.5},{"x":2.5,"y":-5},{"x":4.5,"y":-5},{"x":6.5,"y":-5},{"x":8.5,"y":-5},{"x":1.5,"y":-4.5},{"x":3.5,"y":-4.5},{"x":5.5,"y":-4.5},{"x":7.5,"y":-4.5},{"x":9.5,"y":-4.5},{"x":2.5,"y":-4},{"x":4.5,"y":-4},{"x":6.5,"y":-4},{"x":8.5,"y":-4},{"x":3.5,"y":-3.5},{"x":5.5,"y":-3.5},{"x":7.5,"y":-3.5},{"x":2.5,"y":-3},{"x":4.5,"y":-3},{"x":6.5,"y":-3},{"x":8.5,"y":-3},{"x":1.5,"y":-2.5},{"x":3.5,"y":-2.5},{"x":5.5,"y":-2.5},{"x":7.5,"y":-2.5},{"x":9.5,"y":-2.5},{"x":2.5,"y":-2},{"x":4.5,"y":-2},{"x":6.5,"y":-2},{"x":8.5,"y":-2},{"x":3.5,"y":-1.5},{"x":5.5,"y":-1.5},{"x":7.5,"y":-1.5},{"x":4.5,"y":-1},{"x":6.5,"y":-1},{"x":5.5,"y":-0.5}]},{"index":1,"tiles":[{"x":5.5,"y":-8},{"x":4.5,"y":-7.5},{"x":6.5,"y":-7.5},{"x":3.5,"y":-7},{"x":5.5,"y":-7},{"x":7.5,"y":-7},{"x":2.5,"y":-6.5},{"x":4.5,"y":-6.5},{"x":6.5,"y":-6.5},{"x":8.5,"y":-6.5},{"x":3.5,"y":-6},{"x":5.5,"y":-6},{"x":7.5,"y":-6},{"x":2.5,"y":-5.5},{"x":4.5,"y":-5.5},{"x":6.5,"y":-5.5},{"x":8.5,"y":-5.5},{"x":3.5,"y":-5},{"x":5.5,"y":-5},{"x":7.5,"y":-5},{"x":2.5,"y":-4.5},{"x":4.5,"y":-4.5},{"x":6.5,"y":-4.5},{"x":8.5,"y":-4.5},{"x":3.5,"y":-4},{"x":5.5,"y":-4},{"x":7.5,"y":-4},{"x":2.5,"y":-3.5},{"x":4.5,"y":-3.5},{"x":6.5,"y":-3.5},{"x":8.5,"y":-3.5},{"x":3.5,"y":-3},{"x":5.5,"y":-3},{"x":7.5,"y":-3},{"x":2.5,"y":-2.5},{"x":4.5,"y":-2.5},{"x":6.5,"y":-2.5},{"x":8.5,"y":-2.5},{"x":3.5,"y":-2},{"x":5.5,"y":-2},{"x":7.5,"y":-2},{"x":4.5,"y":-1.5},{"x":6.5,"y":-1.5},{"x":5.5,"y":-1}]},{"index":2,"tiles":[{"x":5,"y":-7},{"x":6,"y":-7},{"x":4,"y":-6.5},{"x":7,"y":-6.5},{"x":5,"y":-6},{"x":6,"y":-6},{"x":2.5,"y":-5.5},{"x":8.5,"y":-5.5},{"x":5.5,"y":-5},{"x":3.5,"y":-4.5},{"x":4.5,"y":-4.5},{"x":6.5,"y":-4.5},{"x":7.5,"y":-4.5},{"x":5.5,"y":-4},{"x":2.5,"y":-3.5},{"x":8.5,"y":-3.5},{"x":5,"y":-3},{"x":6,"y":-3},{"x":4,"y":-2.5},{"x":7,"y":-2.5},{"x":5,"y":-2},{"x":6,"y":-2}]},{"index":3,"tiles":[{"x":5.5,"y":-6.5},{"x":4.5,"y":-4.5},{"x":5.5,"y":-4.5},{"x":6.5,"y":-4.5},{"x":5.5,"y":-2.5}]}],"seeds":["ydV9mbJogiJNJQVOm1eBzSdM1dBxoPQpZ2hWYeIRSgcOIBU2BaWJnGE8HcNxorVUy+BxZHCJYecwHxIGn1UcnzigmBdCjhiNQncIgQdtoReIyMIQD4iloAiGlMgxapRN"]}]]],0,0,[],[],[]]
