<?xml version="1.0" encoding="UTF-8"?><font><info face="SFProText-Bold" size="42" bold="0" italic="0" charset="" unicode="1" stretchH="100" smooth="1" aa="1" padding="1,1,1,1" spacing="1,1"/><common lineHeight="42" base="40" scaleW="274" scaleH="276" pages="1" packed="0"/><pages><page id="0" file="gamefont-bold.png"/></pages><chars count="97"><char id="32" x="0" y="0" width="0" height="0" xoffset="0" yoffset="0" xadvance="11" page="0" chnl="15"/><char id="33" x="264" y="102" width="9" height="33" xoffset="3" yoffset="9" xadvance="15" page="0" chnl="15"/><char id="34" x="208" y="247" width="17" height="15" xoffset="2" yoffset="9" xadvance="21" page="0" chnl="15"/><char id="35" x="77" y="0" width="28" height="32" xoffset="0" yoffset="9" xadvance="28" page="0" chnl="15"/><char id="36" x="106" y="67" width="25" height="38" xoffset="2" yoffset="6" xadvance="30" page="0" chnl="15"/><char id="37" x="0" y="103" width="35" height="33" xoffset="0" yoffset="9" xadvance="35" page="0" chnl="15"/><char id="38" x="45" y="34" width="31" height="33" xoffset="1" yoffset="9" xadvance="32" page="0" chnl="15"/><char id="39" x="143" y="260" width="8" height="15" xoffset="2" yoffset="9" xadvance="12" page="0" chnl="15"/><char id="40" x="249" y="123" width="13" height="39" xoffset="4" yoffset="8" xadvance="19" page="0" chnl="15"/><char id="41" x="249" y="163" width="13" height="39" xoffset="1" yoffset="8" xadvance="19" page="0" chnl="15"/><char id="42" x="0" y="258" width="18" height="18" xoffset="2" yoffset="9" xadvance="22" page="0" chnl="15"/><char id="43" x="132" y="133" width="25" height="24" xoffset="2" yoffset="16" xadvance="30" page="0" chnl="15"/><char id="44" x="132" y="260" width="10" height="16" xoffset="2" yoffset="34" xadvance="15" page="0" chnl="15"/><char id="45" x="45" y="268" width="16" height="8" xoffset="2" yoffset="24" xadvance="21" page="0" chnl="15"/><char id="46" x="77" y="266" width="9" height="10" xoffset="3" yoffset="32" xadvance="15" page="0" chnl="15"/><char id="47" x="230" y="0" width="18" height="40" xoffset="-1" yoffset="8" xadvance="17" page="0" chnl="15"/><char id="48" x="106" y="106" width="25" height="33" xoffset="2" yoffset="9" xadvance="29" page="0" chnl="15"/><char id="49" x="230" y="212" width="15" height="32" xoffset="2" yoffset="9" xadvance="22" page="0" chnl="15"/><char id="50" x="184" y="0" width="23" height="32" xoffset="2" yoffset="9" xadvance="28" page="0" chnl="15"/><char id="51" x="106" y="140" width="25" height="33" xoffset="2" yoffset="9" xadvance="29" page="0" chnl="15"/><char id="52" x="77" y="33" width="27" height="32" xoffset="1" yoffset="9" xadvance="29" page="0" chnl="15"/><char id="53" x="132" y="158" width="24" height="33" xoffset="2" yoffset="9" xadvance="28" page="0" chnl="15"/><char id="54" x="106" y="174" width="25" height="33" xoffset="2" yoffset="9" xadvance="29" page="0" chnl="15"/><char id="55" x="184" y="33" width="23" height="32" xoffset="1" yoffset="9" xadvance="26" page="0" chnl="15"/><char id="56" x="77" y="198" width="26" height="33" xoffset="2" yoffset="9" xadvance="30" page="0" chnl="15"/><char id="57" x="106" y="208" width="25" height="33" xoffset="2" yoffset="9" xadvance="29" page="0" chnl="15"/><char id="58" x="264" y="136" width="9" height="25" xoffset="3" yoffset="17" xadvance="15" page="0" chnl="15"/><char id="59" x="264" y="0" width="10" height="32" xoffset="2" yoffset="17" xadvance="15" page="0" chnl="15"/><char id="60" x="208" y="161" width="21" height="27" xoffset="4" yoffset="14" xadvance="30" page="0" chnl="15"/><char id="61" x="159" y="179" width="24" height="18" xoffset="3" yoffset="19" xadvance="30" page="0" chnl="15"/><char id="62" x="208" y="133" width="21" height="27" xoffset="4" yoffset="14" xadvance="30" page="0" chnl="15"/><char id="63" x="208" y="0" width="21" height="33" xoffset="1" yoffset="9" xadvance="24" page="0" chnl="15"/><char id="64" x="0" y="66" width="35" height="36" xoffset="2" yoffset="9" xadvance="39" page="0" chnl="15"/><char id="65" x="45" y="102" width="30" height="32" xoffset="0" yoffset="9" xadvance="31" page="0" chnl="15"/><char id="66" x="133" y="34" width="25" height="32" xoffset="3" yoffset="9" xadvance="30" page="0" chnl="15"/><char id="67" x="45" y="168" width="29" height="33" xoffset="1" yoffset="9" xadvance="32" page="0" chnl="15"/><char id="68" x="77" y="66" width="27" height="32" xoffset="3" yoffset="9" xadvance="32" page="0" chnl="15"/><char id="69" x="208" y="34" width="21" height="32" xoffset="3" yoffset="9" xadvance="27" page="0" chnl="15"/><char id="70" x="208" y="67" width="21" height="32" xoffset="3" yoffset="9" xadvance="26" page="0" chnl="15"/><char id="71" x="45" y="68" width="30" height="33" xoffset="1" yoffset="9" xadvance="32" page="0" chnl="15"/><char id="72" x="77" y="99" width="27" height="32" xoffset="3" yoffset="9" xadvance="33" page="0" chnl="15"/><char id="73" x="264" y="203" width="8" height="32" xoffset="3" yoffset="9" xadvance="14" page="0" chnl="15"/><char id="74" x="184" y="144" width="22" height="33" xoffset="1" yoffset="9" xadvance="26" page="0" chnl="15"/><char id="75" x="77" y="132" width="27" height="32" xoffset="3" yoffset="9" xadvance="30" page="0" chnl="15"/><char id="76" x="208" y="100" width="21" height="32" xoffset="3" yoffset="9" xadvance="25" page="0" chnl="15"/><char id="77" x="0" y="189" width="33" height="32" xoffset="3" yoffset="9" xadvance="39" page="0" chnl="15"/><char id="78" x="77" y="165" width="27" height="32" xoffset="3" yoffset="9" xadvance="33" page="0" chnl="15"/><char id="79" x="45" y="0" width="31" height="33" xoffset="1" yoffset="9" xadvance="34" page="0" chnl="15"/><char id="80" x="159" y="68" width="24" height="32" xoffset="3" yoffset="9" xadvance="29" page="0" chnl="15"/><char id="81" x="0" y="222" width="31" height="35" xoffset="1" yoffset="9" xadvance="34" page="0" chnl="15"/><char id="82" x="132" y="67" width="25" height="32" xoffset="3" yoffset="9" xadvance="30" page="0" chnl="15"/><char id="83" x="77" y="232" width="26" height="33" xoffset="1" yoffset="9" xadvance="29" page="0" chnl="15"/><char id="84" x="106" y="34" width="26" height="32" xoffset="1" yoffset="9" xadvance="28" page="0" chnl="15"/><char id="85" x="106" y="0" width="26" height="33" xoffset="3" yoffset="9" xadvance="33" page="0" chnl="15"/><char id="86" x="45" y="135" width="30" height="32" xoffset="0" yoffset="9" xadvance="31" page="0" chnl="15"/><char id="87" x="0" y="33" width="41" height="32" xoffset="1" yoffset="9" xadvance="43" page="0" chnl="15"/><char id="88" x="45" y="202" width="29" height="32" xoffset="1" yoffset="9" xadvance="31" page="0" chnl="15"/><char id="89" x="45" y="235" width="29" height="32" xoffset="0" yoffset="9" xadvance="30" page="0" chnl="15"/><char id="90" x="132" y="100" width="25" height="32" xoffset="2" yoffset="9" xadvance="29" page="0" chnl="15"/><char id="91" x="249" y="0" width="14" height="39" xoffset="4" yoffset="8" xadvance="19" page="0" chnl="15"/><char id="93" x="249" y="40" width="14" height="39" xoffset="0" yoffset="8" xadvance="19" page="0" chnl="15"/><char id="94" x="184" y="256" width="20" height="15" xoffset="1" yoffset="10" xadvance="22" page="0" chnl="15"/><char id="95" x="159" y="266" width="22" height="7" xoffset="-1" yoffset="41" xadvance="20" page="0" chnl="15"/><char id="97" x="184" y="178" width="22" height="25" xoffset="1" yoffset="16" xadvance="25" page="0" chnl="15"/><char id="98" x="132" y="192" width="24" height="33" xoffset="2" yoffset="8" xadvance="28" page="0" chnl="15"/><char id="99" x="184" y="66" width="23" height="25" xoffset="1" yoffset="16" xadvance="25" page="0" chnl="15"/><char id="100" x="132" y="226" width="24" height="33" xoffset="1" yoffset="8" xadvance="28" page="0" chnl="15"/><char id="101" x="184" y="92" width="23" height="25" xoffset="1" yoffset="16" xadvance="26" page="0" chnl="15"/><char id="102" x="230" y="121" width="17" height="33" xoffset="0" yoffset="8" xadvance="18" page="0" chnl="15"/><char id="103" x="106" y="242" width="24" height="34" xoffset="1" yoffset="16" xadvance="28" page="0" chnl="15"/><char id="104" x="159" y="198" width="23" height="33" xoffset="2" yoffset="8" xadvance="27" page="0" chnl="15"/><char id="105" x="264" y="33" width="9" height="34" xoffset="2" yoffset="7" xadvance="13" page="0" chnl="15"/><char id="106" x="249" y="80" width="13" height="42" xoffset="-2" yoffset="7" xadvance="13" page="0" chnl="15"/><char id="107" x="159" y="232" width="23" height="33" xoffset="2" yoffset="8" xadvance="26" page="0" chnl="15"/><char id="108" x="264" y="68" width="9" height="33" xoffset="2" yoffset="8" xadvance="13" page="0" chnl="15"/><char id="109" x="0" y="137" width="35" height="25" xoffset="2" yoffset="16" xadvance="39" page="0" chnl="15"/><char id="110" x="184" y="118" width="23" height="25" xoffset="2" yoffset="16" xadvance="27" page="0" chnl="15"/><char id="111" x="159" y="101" width="24" height="25" xoffset="1" yoffset="16" xadvance="27" page="0" chnl="15"/><char id="112" x="159" y="0" width="24" height="33" xoffset="2" yoffset="16" xadvance="28" page="0" chnl="15"/><char id="113" x="159" y="34" width="24" height="33" xoffset="1" yoffset="16" xadvance="28" page="0" chnl="15"/><char id="114" x="230" y="186" width="16" height="25" xoffset="2" yoffset="16" xadvance="19" page="0" chnl="15"/><char id="115" x="184" y="204" width="22" height="25" xoffset="1" yoffset="16" xadvance="24" page="0" chnl="15"/><char id="116" x="230" y="155" width="16" height="30" xoffset="0" yoffset="11" xadvance="18" page="0" chnl="15"/><char id="117" x="184" y="230" width="22" height="25" xoffset="2" yoffset="16" xadvance="27" page="0" chnl="15"/><char id="118" x="159" y="127" width="24" height="25" xoffset="0" yoffset="16" xadvance="25" page="0" chnl="15"/><char id="119" x="0" y="163" width="35" height="25" xoffset="0" yoffset="16" xadvance="36" page="0" chnl="15"/><char id="120" x="159" y="153" width="24" height="25" xoffset="0" yoffset="16" xadvance="25" page="0" chnl="15"/><char id="121" x="133" y="0" width="25" height="33" xoffset="0" yoffset="16" xadvance="26" page="0" chnl="15"/><char id="122" x="208" y="189" width="21" height="25" xoffset="1" yoffset="16" xadvance="24" page="0" chnl="15"/><char id="123" x="230" y="41" width="18" height="39" xoffset="0" yoffset="8" xadvance="19" page="0" chnl="15"/><char id="124" x="264" y="162" width="8" height="40" xoffset="4" yoffset="8" xadvance="17" page="0" chnl="15"/><char id="125" x="230" y="81" width="18" height="39" xoffset="0" yoffset="8" xadvance="19" page="0" chnl="15"/><char id="8216" x="19" y="258" width="11" height="15" xoffset="1" yoffset="9" xadvance="14" page="0" chnl="15"/><char id="8217" x="230" y="245" width="10" height="15" xoffset="2" yoffset="9" xadvance="14" page="0" chnl="15"/><char id="8220" x="208" y="215" width="20" height="15" xoffset="1" yoffset="9" xadvance="24" page="0" chnl="15"/><char id="8221" x="208" y="231" width="20" height="15" xoffset="2" yoffset="9" xadvance="24" page="0" chnl="15"/><char id="8470" x="0" y="0" width="44" height="32" xoffset="3" yoffset="9" xadvance="49" page="0" chnl="15"/></chars></font>