<?xml version="1.0" encoding="UTF-8"?><font><info face="NotoSansJP-Black" size="30" bold="0" italic="0" charset="" unicode="1" stretchH="100" smooth="1" aa="1" padding="1,1,1,1" spacing="1,1"/><common lineHeight="30" base="35" scaleW="505" scaleH="504" pages="1" packed="0"/><pages><page id="0" file="Noto-Black-Red-Stroke.png"/></pages><chars count="194"><char id="32" x="0" y="0" width="0" height="0" xoffset="3" yoffset="0" xadvance="9" page="0" chnl="15"/><char id="33" x="287" y="351" width="17" height="34" xoffset="1" yoffset="7" xadvance="14" page="0" chnl="15"/><char id="46" x="37" y="487" width="17" height="17" xoffset="1" yoffset="24" xadvance="13" page="0" chnl="15"/><char id="48" x="438" y="315" width="26" height="34" xoffset="0" yoffset="7" xadvance="21" page="0" chnl="15"/><char id="49" x="387" y="351" width="25" height="33" xoffset="1" yoffset="7" xadvance="21" page="0" chnl="15"/><char id="50" x="413" y="351" width="26" height="33" xoffset="0" yoffset="7" xadvance="21" page="0" chnl="15"/><char id="51" x="465" y="315" width="26" height="34" xoffset="0" yoffset="7" xadvance="21" page="0" chnl="15"/><char id="52" x="440" y="351" width="28" height="33" xoffset="-1" yoffset="7" xadvance="21" page="0" chnl="15"/><char id="53" x="0" y="351" width="27" height="34" xoffset="-1" yoffset="7" xadvance="21" page="0" chnl="15"/><char id="54" x="469" y="351" width="26" height="33" xoffset="0" yoffset="7" xadvance="21" page="0" chnl="15"/><char id="55" x="0" y="386" width="26" height="33" xoffset="0" yoffset="7" xadvance="21" page="0" chnl="15"/><char id="56" x="28" y="351" width="26" height="34" xoffset="0" yoffset="7" xadvance="21" page="0" chnl="15"/><char id="57" x="27" y="386" width="26" height="33" xoffset="0" yoffset="7" xadvance="21" page="0" chnl="15"/><char id="65" x="78" y="386" width="31" height="33" xoffset="-2" yoffset="7" xadvance="22" page="0" chnl="15"/><char id="66" x="110" y="386" width="28" height="33" xoffset="1" yoffset="7" xadvance="23" page="0" chnl="15"/><char id="67" x="167" y="351" width="29" height="34" xoffset="0" yoffset="7" xadvance="23" page="0" chnl="15"/><char id="68" x="139" y="386" width="29" height="33" xoffset="1" yoffset="7" xadvance="24" page="0" chnl="15"/><char id="69" x="169" y="386" width="25" height="33" xoffset="1" yoffset="7" xadvance="21" page="0" chnl="15"/><char id="70" x="195" y="386" width="25" height="33" xoffset="1" yoffset="7" xadvance="21" page="0" chnl="15"/><char id="71" x="197" y="351" width="29" height="34" xoffset="0" yoffset="7" xadvance="24" page="0" chnl="15"/><char id="72" x="221" y="386" width="29" height="33" xoffset="1" yoffset="7" xadvance="26" page="0" chnl="15"/><char id="73" x="251" y="386" width="16" height="33" xoffset="1" yoffset="7" xadvance="13" page="0" chnl="15"/><char id="74" x="268" y="386" width="26" height="33" xoffset="-1" yoffset="7" xadvance="20" page="0" chnl="15"/><char id="75" x="295" y="386" width="30" height="33" xoffset="1" yoffset="7" xadvance="24" page="0" chnl="15"/><char id="76" x="326" y="386" width="25" height="33" xoffset="1" yoffset="7" xadvance="20" page="0" chnl="15"/><char id="77" x="352" y="386" width="32" height="33" xoffset="1" yoffset="7" xadvance="29" page="0" chnl="15"/><char id="78" x="385" y="386" width="29" height="33" xoffset="1" yoffset="7" xadvance="25" page="0" chnl="15"/><char id="79" x="227" y="351" width="31" height="34" xoffset="0" yoffset="7" xadvance="26" page="0" chnl="15"/><char id="80" x="415" y="386" width="28" height="33" xoffset="1" yoffset="7" xadvance="23" page="0" chnl="15"/><char id="81" x="21" y="0" width="32" height="40" xoffset="0" yoffset="7" xadvance="26" page="0" chnl="15"/><char id="82" x="444" y="386" width="29" height="33" xoffset="1" yoffset="7" xadvance="24" page="0" chnl="15"/><char id="83" x="259" y="351" width="27" height="34" xoffset="0" yoffset="7" xadvance="22" page="0" chnl="15"/><char id="84" x="0" y="420" width="29" height="33" xoffset="-1" yoffset="7" xadvance="22" page="0" chnl="15"/><char id="85" x="30" y="420" width="29" height="33" xoffset="1" yoffset="7" xadvance="25" page="0" chnl="15"/><char id="86" x="474" y="386" width="31" height="33" xoffset="-2" yoffset="7" xadvance="22" page="0" chnl="15"/><char id="87" x="60" y="420" width="38" height="33" xoffset="-1" yoffset="7" xadvance="31" page="0" chnl="15"/><char id="88" x="99" y="420" width="29" height="33" xoffset="-1" yoffset="7" xadvance="22" page="0" chnl="15"/><char id="89" x="129" y="420" width="30" height="33" xoffset="-2" yoffset="7" xadvance="21" page="0" chnl="15"/><char id="90" x="160" y="420" width="27" height="33" xoffset="0" yoffset="7" xadvance="21" page="0" chnl="15"/><char id="97" x="130" y="454" width="26" height="29" xoffset="0" yoffset="12" xadvance="21" page="0" chnl="15"/><char id="98" x="55" y="351" width="27" height="34" xoffset="1" yoffset="6" xadvance="22" page="0" chnl="15"/><char id="99" x="480" y="420" width="25" height="29" xoffset="0" yoffset="12" xadvance="19" page="0" chnl="15"/><char id="100" x="411" y="278" width="27" height="35" xoffset="0" yoffset="6" xadvance="22" page="0" chnl="15"/><char id="101" x="157" y="454" width="26" height="29" xoffset="0" yoffset="12" xadvance="20" page="0" chnl="15"/><char id="102" x="439" y="278" width="23" height="35" xoffset="-1" yoffset="5" xadvance="14" page="0" chnl="15"/><char id="103" x="463" y="278" width="27" height="35" xoffset="0" yoffset="12" xadvance="21" page="0" chnl="15"/><char id="104" x="83" y="351" width="26" height="34" xoffset="1" yoffset="6" xadvance="22" page="0" chnl="15"/><char id="105" x="486" y="240" width="16" height="35" xoffset="1" yoffset="5" xadvance="12" page="0" chnl="15"/><char id="106" x="0" y="0" width="20" height="42" xoffset="-3" yoffset="5" xadvance="12" page="0" chnl="15"/><char id="107" x="110" y="351" width="27" height="34" xoffset="1" yoffset="6" xadvance="22" page="0" chnl="15"/><char id="108" x="0" y="315" width="18" height="35" xoffset="1" yoffset="6" xadvance="12" page="0" chnl="15"/><char id="109" x="210" y="454" width="36" height="28" xoffset="1" yoffset="12" xadvance="32" page="0" chnl="15"/><char id="110" x="247" y="454" width="26" height="28" xoffset="1" yoffset="12" xadvance="22" page="0" chnl="15"/><char id="111" x="274" y="454" width="27" height="28" xoffset="0" yoffset="12" xadvance="22" page="0" chnl="15"/><char id="112" x="19" y="315" width="27" height="35" xoffset="1" yoffset="12" xadvance="22" page="0" chnl="15"/><char id="113" x="47" y="315" width="27" height="35" xoffset="0" yoffset="12" xadvance="22" page="0" chnl="15"/><char id="114" x="483" y="83" width="22" height="28" xoffset="1" yoffset="12" xadvance="16" page="0" chnl="15"/><char id="115" x="184" y="454" width="25" height="29" xoffset="-1" yoffset="12" xadvance="18" page="0" chnl="15"/><char id="116" x="54" y="386" width="23" height="33" xoffset="-1" yoffset="8" xadvance="16" page="0" chnl="15"/><char id="117" x="302" y="454" width="27" height="28" xoffset="0" yoffset="13" xadvance="22" page="0" chnl="15"/><char id="118" x="330" y="454" width="28" height="27" xoffset="-1" yoffset="13" xadvance="21" page="0" chnl="15"/><char id="119" x="359" y="454" width="35" height="27" xoffset="0" yoffset="13" xadvance="29" page="0" chnl="15"/><char id="120" x="395" y="454" width="27" height="27" xoffset="-1" yoffset="13" xadvance="20" page="0" chnl="15"/><char id="121" x="138" y="351" width="28" height="34" xoffset="-1" yoffset="13" xadvance="21" page="0" chnl="15"/><char id="122" x="423" y="454" width="25" height="27" xoffset="0" yoffset="13" xadvance="18" page="0" chnl="15"/><char id="12289" x="482" y="454" width="20" height="20" xoffset="0" yoffset="22" xadvance="32" page="0" chnl="15"/><char id="12300" x="484" y="43" width="21" height="30" xoffset="18" yoffset="4" xadvance="32" page="0" chnl="15"/><char id="12301" x="108" y="454" width="21" height="30" xoffset="-1" yoffset="13" xadvance="32" page="0" chnl="15"/><char id="12354" x="245" y="240" width="36" height="37" xoffset="1" yoffset="5" xadvance="32" page="0" chnl="15"/><char id="12356" x="442" y="420" width="37" height="33" xoffset="1" yoffset="8" xadvance="32" page="0" chnl="15"/><char id="12360" x="145" y="240" width="35" height="37" xoffset="2" yoffset="5" xadvance="32" page="0" chnl="15"/><char id="12363" x="461" y="202" width="39" height="37" xoffset="0" yoffset="5" xadvance="32" page="0" chnl="15"/><char id="12364" x="265" y="163" width="39" height="38" xoffset="0" yoffset="4" xadvance="32" page="0" chnl="15"/><char id="12365" x="282" y="240" width="33" height="37" xoffset="3" yoffset="5" xadvance="32" page="0" chnl="15"/><char id="12368" x="232" y="163" width="32" height="38" xoffset="3" yoffset="5" xadvance="32" page="0" chnl="15"/><char id="12371" x="368" y="315" width="32" height="35" xoffset="3" yoffset="7" xadvance="32" page="0" chnl="15"/><char id="12373" x="111" y="240" width="33" height="37" xoffset="3" yoffset="5" xadvance="32" page="0" chnl="15"/><char id="12375" x="452" y="240" width="33" height="36" xoffset="4" yoffset="6" xadvance="32" page="0" chnl="15"/><char id="12376" x="212" y="240" width="32" height="37" xoffset="4" yoffset="6" xadvance="32" page="0" chnl="15"/><char id="12377" x="116" y="163" width="37" height="38" xoffset="1" yoffset="5" xadvance="32" page="0" chnl="15"/><char id="12379" x="296" y="278" width="37" height="36" xoffset="0" yoffset="6" xadvance="32" page="0" chnl="15"/><char id="12383" x="424" y="202" width="36" height="37" xoffset="1" yoffset="5" xadvance="32" page="0" chnl="15"/><char id="12388" x="0" y="454" width="37" height="32" xoffset="0" yoffset="9" xadvance="32" page="0" chnl="15"/><char id="12390" x="221" y="315" width="36" height="35" xoffset="0" yoffset="7" xadvance="32" page="0" chnl="15"/><char id="12391" x="183" y="315" width="37" height="35" xoffset="0" yoffset="7" xadvance="32" page="0" chnl="15"/><char id="12394" x="311" y="202" width="38" height="37" xoffset="0" yoffset="5" xadvance="32" page="0" chnl="15"/><char id="12395" x="106" y="278" width="36" height="36" xoffset="1" yoffset="6" xadvance="32" page="0" chnl="15"/><char id="12398" x="258" y="315" width="37" height="35" xoffset="0" yoffset="7" xadvance="32" page="0" chnl="15"/><char id="12399" x="257" y="278" width="38" height="36" xoffset="1" yoffset="6" xadvance="32" page="0" chnl="15"/><char id="12409" x="333" y="420" width="38" height="33" xoffset="0" yoffset="7" xadvance="32" page="0" chnl="15"/><char id="12414" x="390" y="202" width="33" height="37" xoffset="3" yoffset="5" xadvance="32" page="0" chnl="15"/><char id="12415" x="218" y="278" width="38" height="36" xoffset="0" yoffset="6" xadvance="32" page="0" chnl="15"/><char id="12425" x="472" y="123" width="33" height="38" xoffset="3" yoffset="5" xadvance="32" page="0" chnl="15"/><char id="12426" x="181" y="240" width="30" height="37" xoffset="4" yoffset="5" xadvance="32" page="0" chnl="15"/><char id="12427" x="182" y="278" width="35" height="36" xoffset="1" yoffset="6" xadvance="32" page="0" chnl="15"/><char id="12428" x="112" y="202" width="39" height="37" xoffset="0" yoffset="5" xadvance="32" page="0" chnl="15"/><char id="12434" x="76" y="202" width="35" height="37" xoffset="1" yoffset="5" xadvance="32" page="0" chnl="15"/><char id="12435" x="334" y="278" width="38" height="36" xoffset="0" yoffset="6" xadvance="32" page="0" chnl="15"/><char id="12450" x="296" y="315" width="36" height="35" xoffset="2" yoffset="7" xadvance="32" page="0" chnl="15"/><char id="12451" x="261" y="420" width="32" height="33" xoffset="2" yoffset="10" xadvance="32" page="0" chnl="15"/><char id="12452" x="0" y="202" width="36" height="37" xoffset="0" yoffset="5" xadvance="32" page="0" chnl="15"/><char id="12461" x="0" y="240" width="36" height="37" xoffset="1" yoffset="5" xadvance="32" page="0" chnl="15"/><char id="12463" x="435" y="123" width="36" height="38" xoffset="1" yoffset="5" xadvance="32" page="0" chnl="15"/><char id="12464" x="240" y="43" width="39" height="39" xoffset="0" yoffset="4" xadvance="32" page="0" chnl="15"/><char id="12465" x="73" y="240" width="37" height="37" xoffset="0" yoffset="5" xadvance="32" page="0" chnl="15"/><char id="12467" x="188" y="420" width="33" height="33" xoffset="3" yoffset="8" xadvance="32" page="0" chnl="15"/><char id="12471" x="69" y="278" width="36" height="36" xoffset="1" yoffset="6" xadvance="32" page="0" chnl="15"/><char id="12473" x="146" y="315" width="36" height="35" xoffset="1" yoffset="7" xadvance="32" page="0" chnl="15"/><char id="12475" x="373" y="278" width="37" height="36" xoffset="0" yoffset="6" xadvance="32" page="0" chnl="15"/><char id="12479" x="397" y="123" width="37" height="38" xoffset="0" yoffset="4" xadvance="32" page="0" chnl="15"/><char id="12481" x="32" y="278" width="36" height="36" xoffset="1" yoffset="6" xadvance="32" page="0" chnl="15"/><char id="12483" x="74" y="454" width="33" height="31" xoffset="3" yoffset="12" xadvance="32" page="0" chnl="15"/><char id="12486" x="384" y="240" width="36" height="36" xoffset="1" yoffset="6" xadvance="32" page="0" chnl="15"/><char id="12488" x="355" y="240" width="28" height="36" xoffset="7" yoffset="6" xadvance="32" page="0" chnl="15"/><char id="12489" x="0" y="278" width="31" height="36" xoffset="6" yoffset="6" xadvance="32" page="0" chnl="15"/><char id="12491" x="38" y="454" width="35" height="31" xoffset="1" yoffset="9" xadvance="32" page="0" chnl="15"/><char id="12493" x="37" y="202" width="38" height="37" xoffset="0" yoffset="5" xadvance="32" page="0" chnl="15"/><char id="12501" x="333" y="315" width="34" height="35" xoffset="2" yoffset="7" xadvance="32" page="0" chnl="15"/><char id="12502" x="346" y="163" width="38" height="38" xoffset="1" yoffset="4" xadvance="32" page="0" chnl="15"/><char id="12503" x="154" y="163" width="38" height="38" xoffset="1" yoffset="4" xadvance="32" page="0" chnl="15"/><char id="12505" x="222" y="420" width="38" height="33" xoffset="0" yoffset="7" xadvance="32" page="0" chnl="15"/><char id="12506" x="294" y="420" width="38" height="33" xoffset="0" yoffset="7" xadvance="32" page="0" chnl="15"/><char id="12508" x="232" y="202" width="39" height="37" xoffset="0" yoffset="5" xadvance="32" page="0" chnl="15"/><char id="12510" x="322" y="351" width="37" height="34" xoffset="1" yoffset="8" xadvance="32" page="0" chnl="15"/><char id="12512" x="143" y="278" width="38" height="36" xoffset="0" yoffset="6" xadvance="32" page="0" chnl="15"/><char id="12515" x="372" y="420" width="34" height="33" xoffset="2" yoffset="10" xadvance="32" page="0" chnl="15"/><char id="12517" x="449" y="454" width="32" height="27" xoffset="3" yoffset="14" xadvance="32" page="0" chnl="15"/><char id="12522" x="421" y="240" width="30" height="36" xoffset="4" yoffset="6" xadvance="32" page="0" chnl="15"/><char id="12523" x="316" y="240" width="38" height="36" xoffset="0" yoffset="6" xadvance="32" page="0" chnl="15"/><char id="12524" x="75" y="315" width="33" height="35" xoffset="4" yoffset="7" xadvance="32" page="0" chnl="15"/><char id="12525" x="407" y="420" width="34" height="33" xoffset="2" yoffset="8" xadvance="32" page="0" chnl="15"/><char id="12527" x="401" y="315" width="36" height="35" xoffset="1" yoffset="7" xadvance="32" page="0" chnl="15"/><char id="12531" x="109" y="315" width="36" height="35" xoffset="2" yoffset="7" xadvance="32" page="0" chnl="15"/><char id="12540" x="0" y="487" width="36" height="17" xoffset="1" yoffset="15" xadvance="32" page="0" chnl="15"/><char id="19968" x="55" y="487" width="38" height="15" xoffset="0" yoffset="16" xadvance="32" page="0" chnl="15"/><char id="19978" x="193" y="163" width="38" height="38" xoffset="0" yoffset="4" xadvance="32" page="0" chnl="15"/><char id="20006" x="385" y="163" width="38" height="38" xoffset="0" yoffset="4" xadvance="32" page="0" chnl="15"/><char id="20013" x="280" y="123" width="36" height="39" xoffset="1" yoffset="4" xadvance="32" page="0" chnl="15"/><char id="20102" x="37" y="240" width="35" height="37" xoffset="2" yoffset="6" xadvance="32" page="0" chnl="15"/><char id="20170" x="80" y="83" width="40" height="39" xoffset="-1" yoffset="4" xadvance="32" page="0" chnl="15"/><char id="20449" x="198" y="123" width="40" height="39" xoffset="-1" yoffset="4" xadvance="32" page="0" chnl="15"/><char id="20493" x="39" y="43" width="40" height="39" xoffset="-1" yoffset="4" xadvance="32" page="0" chnl="15"/><char id="20572" x="175" y="0" width="40" height="39" xoffset="-1" yoffset="4" xadvance="32" page="0" chnl="15"/><char id="20837" x="152" y="202" width="38" height="37" xoffset="0" yoffset="6" xadvance="32" page="0" chnl="15"/><char id="20998" x="305" y="163" width="40" height="38" xoffset="-1" yoffset="5" xadvance="32" page="0" chnl="15"/><char id="20999" x="76" y="163" width="39" height="38" xoffset="-1" yoffset="5" xadvance="32" page="0" chnl="15"/><char id="21033" x="0" y="43" width="38" height="39" xoffset="-1" yoffset="4" xadvance="32" page="0" chnl="15"/><char id="21066" x="284" y="83" width="38" height="39" xoffset="-1" yoffset="4" xadvance="32" page="0" chnl="15"/><char id="21069" x="444" y="83" width="38" height="39" xoffset="0" yoffset="4" xadvance="32" page="0" chnl="15"/><char id="21213" x="459" y="0" width="40" height="39" xoffset="-1" yoffset="4" xadvance="32" page="0" chnl="15"/><char id="21451" x="216" y="0" width="39" height="39" xoffset="-1" yoffset="4" xadvance="32" page="0" chnl="15"/><char id="21462" x="191" y="202" width="40" height="37" xoffset="-1" yoffset="6" xadvance="32" page="0" chnl="15"/><char id="21487" x="272" y="202" width="38" height="37" xoffset="0" yoffset="6" xadvance="32" page="0" chnl="15"/><char id="21578" x="358" y="123" width="38" height="39" xoffset="0" yoffset="4" xadvance="32" page="0" chnl="15"/><char id="22730" x="402" y="43" width="40" height="39" xoffset="-1" yoffset="4" xadvance="32" page="0" chnl="15"/><char id="22833" x="296" y="0" width="40" height="39" xoffset="-1" yoffset="4" xadvance="32" page="0" chnl="15"/><char id="24195" x="317" y="123" width="40" height="39" xoffset="-1" yoffset="4" xadvance="32" page="0" chnl="15"/><char id="24382" x="0" y="83" width="39" height="39" xoffset="0" yoffset="4" xadvance="32" page="0" chnl="15"/><char id="24453" x="94" y="0" width="40" height="39" xoffset="-1" yoffset="4" xadvance="32" page="0" chnl="15"/><char id="24460" x="403" y="83" width="40" height="39" xoffset="-1" yoffset="4" xadvance="32" page="0" chnl="15"/><char id="24471" x="119" y="43" width="39" height="39" xoffset="-1" yoffset="4" xadvance="32" page="0" chnl="15"/><char id="24489" x="378" y="0" width="40" height="39" xoffset="-1" yoffset="4" xadvance="32" page="0" chnl="15"/><char id="25163" x="80" y="43" width="38" height="39" xoffset="0" yoffset="4" xadvance="32" page="0" chnl="15"/><char id="25307" x="54" y="0" width="39" height="39" xoffset="-1" yoffset="4" xadvance="32" page="0" chnl="15"/><char id="25509" x="363" y="83" width="39" height="39" xoffset="-1" yoffset="4" xadvance="32" page="0" chnl="15"/><char id="25943" x="337" y="0" width="40" height="39" xoffset="-1" yoffset="4" xadvance="32" page="0" chnl="15"/><char id="26009" x="161" y="83" width="40" height="39" xoffset="-1" yoffset="4" xadvance="32" page="0" chnl="15"/><char id="26178" x="135" y="0" width="39" height="39" xoffset="0" yoffset="4" xadvance="32" page="0" chnl="15"/><char id="26228" x="119" y="123" width="39" height="39" xoffset="0" yoffset="4" xadvance="32" page="0" chnl="15"/><char id="26367" x="0" y="123" width="40" height="39" xoffset="-1" yoffset="4" xadvance="32" page="0" chnl="15"/><char id="26368" x="424" y="163" width="38" height="38" xoffset="0" yoffset="5" xadvance="32" page="0" chnl="15"/><char id="27490" x="0" y="163" width="38" height="38" xoffset="0" yoffset="4" xadvance="32" page="0" chnl="15"/><char id="27963" x="419" y="0" width="39" height="39" xoffset="0" yoffset="4" xadvance="32" page="0" chnl="15"/><char id="28040" x="40" y="83" width="39" height="39" xoffset="-1" yoffset="4" xadvance="32" page="0" chnl="15"/><char id="28961" x="121" y="83" width="39" height="39" xoffset="-1" yoffset="4" xadvance="32" page="0" chnl="15"/><char id="29190" x="443" y="43" width="40" height="39" xoffset="-1" yoffset="4" xadvance="32" page="0" chnl="15"/><char id="30330" x="202" y="83" width="40" height="39" xoffset="-1" yoffset="4" xadvance="32" page="0" chnl="15"/><char id="30772" x="362" y="43" width="39" height="39" xoffset="-1" yoffset="4" xadvance="32" page="0" chnl="15"/><char id="31034" x="350" y="202" width="39" height="37" xoffset="-1" yoffset="6" xadvance="32" page="0" chnl="15"/><char id="32032" x="79" y="123" width="39" height="39" xoffset="0" yoffset="4" xadvance="32" page="0" chnl="15"/><char id="32066" x="243" y="83" width="40" height="39" xoffset="-1" yoffset="4" xadvance="32" page="0" chnl="15"/><char id="32154" x="159" y="43" width="40" height="39" xoffset="-1" yoffset="4" xadvance="32" page="0" chnl="15"/><char id="33021" x="280" y="43" width="40" height="39" xoffset="-1" yoffset="4" xadvance="32" page="0" chnl="15"/><char id="33391" x="41" y="123" width="37" height="39" xoffset="1" yoffset="4" xadvance="32" page="0" chnl="15"/><char id="34892" x="200" y="43" width="39" height="39" xoffset="-1" yoffset="4" xadvance="32" page="0" chnl="15"/><char id="34920" x="321" y="43" width="40" height="39" xoffset="-1" yoffset="4" xadvance="32" page="0" chnl="15"/><char id="35501" x="239" y="123" width="40" height="39" xoffset="-1" yoffset="4" xadvance="32" page="0" chnl="15"/><char id="36796" x="463" y="163" width="40" height="38" xoffset="-1" yoffset="5" xadvance="32" page="0" chnl="15"/><char id="36948" x="256" y="0" width="39" height="39" xoffset="0" yoffset="4" xadvance="32" page="0" chnl="15"/><char id="38291" x="39" y="163" width="36" height="38" xoffset="1" yoffset="5" xadvance="32" page="0" chnl="15"/><char id="38500" x="323" y="83" width="39" height="39" xoffset="0" yoffset="4" xadvance="32" page="0" chnl="15"/><char id="39640" x="159" y="123" width="38" height="39" xoffset="0" yoffset="4" xadvance="32" page="0" chnl="15"/><char id="65281" x="305" y="351" width="16" height="34" xoffset="11" yoffset="7" xadvance="32" page="0" chnl="15"/><char id="65311" x="360" y="351" width="26" height="34" xoffset="6" yoffset="7" xadvance="32" page="0" chnl="15"/></chars><kernings count="546"><kerning first="97" second="116" amount="-1"/><kerning first="97" second="84" amount="-1"/><kerning first="97" second="86" amount="-1"/><kerning first="97" second="89" amount="-1"/><kerning first="98" second="116" amount="-1"/><kerning first="98" second="120" amount="-1"/><kerning first="98" second="84" amount="-2"/><kerning first="98" second="86" amount="-1"/><kerning first="98" second="89" amount="-2"/><kerning first="99" second="99" amount="-1"/><kerning first="99" second="100" amount="-1"/><kerning first="99" second="101" amount="-1"/><kerning first="99" second="111" amount="-1"/><kerning first="99" second="113" amount="-1"/><kerning first="99" second="84" amount="-1"/><kerning first="99" second="86" amount="-1"/><kerning first="99" second="89" amount="-1"/><kerning first="101" second="120" amount="-1"/><kerning first="101" second="74" amount="-1"/><kerning first="101" second="83" amount="-1"/><kerning first="101" second="84" amount="-1"/><kerning first="101" second="86" amount="-1"/><kerning first="101" second="89" amount="-1"/><kerning first="102" second="97" amount="-1"/><kerning first="102" second="122" amount="-1"/><kerning first="102" second="84" amount="1"/><kerning first="102" second="86" amount="2"/><kerning first="102" second="87" amount="1"/><kerning first="102" second="88" amount="1"/><kerning first="102" second="89" amount="2"/><kerning first="102" second="46" amount="-2"/><kerning first="103" second="97" amount="-1"/><kerning first="103" second="99" amount="-1"/><kerning first="103" second="100" amount="-1"/><kerning first="103" second="101" amount="-1"/><kerning first="103" second="106" amount="2"/><kerning first="103" second="111" amount="-1"/><kerning first="103" second="113" amount="-1"/><kerning first="103" second="122" amount="-1"/><kerning first="103" second="84" amount="-1"/><kerning first="103" second="89" amount="-1"/><kerning first="104" second="84" amount="-1"/><kerning first="104" second="89" amount="-1"/><kerning first="107" second="99" amount="-1"/><kerning first="107" second="100" amount="-1"/><kerning first="107" second="101" amount="-1"/><kerning first="107" second="111" amount="-1"/><kerning first="107" second="113" amount="-1"/><kerning first="107" second="116" amount="-1"/><kerning first="107" second="117" amount="-1"/><kerning first="107" second="120" amount="-1"/><kerning first="107" second="122" amount="-1"/><kerning first="107" second="84" amount="-2"/><kerning first="107" second="89" amount="-1"/><kerning first="109" second="84" amount="-1"/><kerning first="109" second="89" amount="-1"/><kerning first="110" second="84" amount="-1"/><kerning first="110" second="89" amount="-1"/><kerning first="111" second="116" amount="-1"/><kerning first="111" second="120" amount="-1"/><kerning first="111" second="84" amount="-2"/><kerning first="111" second="86" amount="-1"/><kerning first="111" second="89" amount="-2"/><kerning first="112" second="116" amount="-1"/><kerning first="112" second="120" amount="-1"/><kerning first="112" second="84" amount="-2"/><kerning first="112" second="86" amount="-1"/><kerning first="112" second="89" amount="-2"/><kerning first="113" second="84" amount="-1"/><kerning first="113" second="86" amount="-1"/><kerning first="113" second="89" amount="-1"/><kerning first="114" second="97" amount="-1"/><kerning first="114" second="65" amount="-1"/><kerning first="114" second="74" amount="-3"/><kerning first="114" second="46" amount="-3"/><kerning first="115" second="116" amount="-1"/><kerning first="115" second="84" amount="-1"/><kerning first="115" second="89" amount="-1"/><kerning first="116" second="97" amount="-1"/><kerning first="116" second="99" amount="-1"/><kerning first="116" second="100" amount="-1"/><kerning first="116" second="101" amount="-1"/><kerning first="116" second="111" amount="-1"/><kerning first="116" second="113" amount="-1"/><kerning first="116" second="116" amount="-1"/><kerning first="116" second="84" amount="-1"/><kerning first="116" second="46" amount="-1"/><kerning first="117" second="84" amount="-1"/><kerning first="117" second="86" amount="-1"/><kerning first="117" second="89" amount="-1"/><kerning first="118" second="97" amount="-1"/><kerning first="118" second="122" amount="-1"/><kerning first="118" second="74" amount="-1"/><kerning first="118" second="84" amount="-1"/><kerning first="118" second="89" amount="-1"/><kerning first="118" second="46" amount="-2"/><kerning first="119" second="122" amount="-1"/><kerning first="119" second="74" amount="-1"/><kerning first="119" second="84" amount="-1"/><kerning first="119" second="88" amount="-1"/><kerning first="119" second="89" amount="-1"/><kerning first="119" second="46" amount="-3"/><kerning first="120" second="99" amount="-1"/><kerning first="120" second="100" amount="-1"/><kerning first="120" second="101" amount="-1"/><kerning first="120" second="111" amount="-1"/><kerning first="120" second="113" amount="-1"/><kerning first="120" second="116" amount="-1"/><kerning first="120" second="121" amount="-1"/><kerning first="120" second="84" amount="-1"/><kerning first="120" second="86" amount="-1"/><kerning first="120" second="89" amount="-1"/><kerning first="120" second="33" amount="-1"/><kerning first="120" second="46" amount="-1"/><kerning first="121" second="97" amount="-1"/><kerning first="121" second="120" amount="-1"/><kerning first="121" second="122" amount="-1"/><kerning first="121" second="74" amount="-1"/><kerning first="121" second="84" amount="-1"/><kerning first="121" second="89" amount="-1"/><kerning first="121" second="46" amount="-2"/><kerning first="122" second="84" amount="-1"/><kerning first="65" second="116" amount="-1"/><kerning first="65" second="118" amount="-1"/><kerning first="65" second="121" amount="-1"/><kerning first="65" second="84" amount="-3"/><kerning first="65" second="86" amount="-1"/><kerning first="65" second="89" amount="-1"/><kerning first="66" second="118" amount="-1"/><kerning first="66" second="121" amount="-1"/><kerning first="66" second="74" amount="-1"/><kerning first="66" second="83" amount="-1"/><kerning first="66" second="84" amount="-1"/><kerning first="66" second="89" amount="-1"/><kerning first="67" second="103" amount="-1"/><kerning first="67" second="116" amount="-1"/><kerning first="67" second="118" amount="-1"/><kerning first="67" second="121" amount="-1"/><kerning first="67" second="67" amount="-1"/><kerning first="67" second="71" amount="-1"/><kerning first="67" second="79" amount="-1"/><kerning first="67" second="81" amount="-1"/><kerning first="67" second="83" amount="-1"/><kerning first="67" second="85" amount="-1"/><kerning first="67" second="89" amount="-1"/><kerning first="68" second="120" amount="-1"/><kerning first="68" second="122" amount="-1"/><kerning first="68" second="74" amount="-2"/><kerning first="68" second="84" amount="-1"/><kerning first="68" second="88" amount="-1"/><kerning first="68" second="89" amount="-1"/><kerning first="68" second="90" amount="-1"/><kerning first="69" second="116" amount="-1"/><kerning first="69" second="120" amount="-2"/><kerning first="70" second="97" amount="-1"/><kerning first="70" second="99" amount="-1"/><kerning first="70" second="100" amount="-1"/><kerning first="70" second="101" amount="-1"/><kerning first="70" second="103" amount="-1"/><kerning first="70" second="109" amount="-1"/><kerning first="70" second="110" amount="-1"/><kerning first="70" second="111" amount="-1"/><kerning first="70" second="112" amount="-1"/><kerning first="70" second="113" amount="-1"/><kerning first="70" second="114" amount="-1"/><kerning first="70" second="115" amount="-1"/><kerning first="70" second="117" amount="-1"/><kerning first="70" second="118" amount="-1"/><kerning first="70" second="119" amount="-1"/><kerning first="70" second="120" amount="-1"/><kerning first="70" second="121" amount="-1"/><kerning first="70" second="122" amount="-2"/><kerning first="70" second="65" amount="-1"/><kerning first="70" second="74" amount="-5"/><kerning first="70" second="83" amount="-1"/><kerning first="70" second="88" amount="-1"/><kerning first="70" second="89" amount="-1"/><kerning first="70" second="90" amount="-1"/><kerning first="70" second="46" amount="-3"/><kerning first="71" second="84" amount="-1"/><kerning first="71" second="86" amount="-1"/><kerning first="74" second="74" amount="-1"/><kerning first="74" second="46" amount="-1"/><kerning first="75" second="99" amount="-1"/><kerning first="75" second="100" amount="-1"/><kerning first="75" second="101" amount="-1"/><kerning first="75" second="111" amount="-1"/><kerning first="75" second="113" amount="-1"/><kerning first="75" second="116" amount="-2"/><kerning first="75" second="118" amount="-1"/><kerning first="75" second="119" amount="-1"/><kerning first="75" second="120" amount="-1"/><kerning first="75" second="121" amount="-1"/><kerning first="75" second="122" amount="-1"/><kerning first="75" second="67" amount="-1"/><kerning first="75" second="71" amount="-1"/><kerning first="75" second="79" amount="-1"/><kerning first="75" second="81" amount="-1"/><kerning first="75" second="83" amount="-1"/><kerning first="75" second="84" amount="-1"/><kerning first="75" second="85" amount="-1"/><kerning first="75" second="86" amount="-1"/><kerning first="75" second="89" amount="-1"/><kerning first="76" second="102" amount="-1"/><kerning first="76" second="116" amount="-1"/><kerning first="76" second="118" amount="-2"/><kerning first="76" second="119" amount="-1"/><kerning first="76" second="121" amount="-2"/><kerning first="76" second="67" amount="-1"/><kerning first="76" second="71" amount="-1"/><kerning first="76" second="79" amount="-1"/><kerning first="76" second="81" amount="-1"/><kerning first="76" second="83" amount="-1"/><kerning first="76" second="84" amount="-4"/><kerning first="76" second="85" amount="-1"/><kerning first="76" second="86" amount="-3"/><kerning first="76" second="87" amount="-2"/><kerning first="76" second="89" amount="-3"/><kerning first="79" second="120" amount="-1"/><kerning first="79" second="122" amount="-1"/><kerning first="79" second="74" amount="-2"/><kerning first="79" second="84" amount="-1"/><kerning first="79" second="88" amount="-1"/><kerning first="79" second="89" amount="-1"/><kerning first="79" second="90" amount="-1"/><kerning first="80" second="97" amount="-1"/><kerning first="80" second="99" amount="-1"/><kerning first="80" second="100" amount="-1"/><kerning first="80" second="101" amount="-1"/><kerning first="80" second="111" amount="-1"/><kerning first="80" second="113" amount="-1"/><kerning first="80" second="120" amount="-1"/><kerning first="80" second="122" amount="-1"/><kerning first="80" second="65" amount="-2"/><kerning first="80" second="74" amount="-5"/><kerning first="80" second="88" amount="-1"/><kerning first="80" second="90" amount="-2"/><kerning first="80" second="46" amount="-5"/><kerning first="81" second="120" amount="-1"/><kerning first="81" second="122" amount="-1"/><kerning first="81" second="74" amount="-2"/><kerning first="81" second="84" amount="-1"/><kerning first="81" second="88" amount="-1"/><kerning first="81" second="89" amount="-1"/><kerning first="81" second="90" amount="-1"/><kerning first="82" second="120" amount="-1"/><kerning first="82" second="122" amount="-1"/><kerning first="82" second="84" amount="-1"/><kerning first="82" second="86" amount="-1"/><kerning first="82" second="89" amount="-1"/><kerning first="83" second="116" amount="-1"/><kerning first="83" second="122" amount="-1"/><kerning first="83" second="74" amount="-1"/><kerning first="83" second="83" amount="-1"/><kerning first="83" second="84" amount="-1"/><kerning first="83" second="89" amount="-1"/><kerning first="84" second="97" amount="-2"/><kerning first="84" second="99" amount="-3"/><kerning first="84" second="100" amount="-3"/><kerning first="84" second="101" amount="-3"/><kerning first="84" second="103" amount="-2"/><kerning first="84" second="109" amount="-1"/><kerning first="84" second="110" amount="-1"/><kerning first="84" second="111" amount="-3"/><kerning first="84" second="112" amount="-1"/><kerning first="84" second="113" amount="-3"/><kerning first="84" second="114" amount="-1"/><kerning first="84" second="115" amount="-2"/><kerning first="84" second="117" amount="-1"/><kerning first="84" second="118" amount="-1"/><kerning first="84" second="119" amount="-1"/><kerning first="84" second="120" amount="-1"/><kerning first="84" second="121" amount="-1"/><kerning first="84" second="122" amount="-2"/><kerning first="84" second="65" amount="-1"/><kerning first="84" second="67" amount="-1"/><kerning first="84" second="71" amount="-1"/><kerning first="84" second="74" amount="-4"/><kerning first="84" second="79" amount="-1"/><kerning first="84" second="81" amount="-1"/><kerning first="84" second="83" amount="-1"/><kerning first="84" second="88" amount="-1"/><kerning first="84" second="89" amount="-1"/><kerning first="84" second="90" amount="-1"/><kerning first="84" second="46" amount="-4"/><kerning first="85" second="120" amount="-1"/><kerning first="85" second="74" amount="-2"/><kerning first="85" second="89" amount="-1"/><kerning first="85" second="46" amount="-1"/><kerning first="86" second="97" amount="-1"/><kerning first="86" second="99" amount="-1"/><kerning first="86" second="100" amount="-1"/><kerning first="86" second="101" amount="-1"/><kerning first="86" second="103" amount="-1"/><kerning first="86" second="109" amount="-1"/><kerning first="86" second="110" amount="-1"/><kerning first="86" second="111" amount="-1"/><kerning first="86" second="112" amount="-1"/><kerning first="86" second="113" amount="-1"/><kerning first="86" second="114" amount="-1"/><kerning first="86" second="115" amount="-1"/><kerning first="86" second="117" amount="-1"/><kerning first="86" second="120" amount="-1"/><kerning first="86" second="122" amount="-1"/><kerning first="86" second="65" amount="-1"/><kerning first="86" second="74" amount="-2"/><kerning first="86" second="90" amount="-1"/><kerning first="86" second="46" amount="-3"/><kerning first="87" second="74" amount="-2"/><kerning first="87" second="46" amount="-1"/><kerning first="88" second="99" amount="-1"/><kerning first="88" second="100" amount="-1"/><kerning first="88" second="101" amount="-1"/><kerning first="88" second="102" amount="-1"/><kerning first="88" second="111" amount="-1"/><kerning first="88" second="113" amount="-1"/><kerning first="88" second="116" amount="-1"/><kerning first="88" second="118" amount="-1"/><kerning first="88" second="119" amount="-1"/><kerning first="88" second="121" amount="-1"/><kerning first="88" second="122" amount="-1"/><kerning first="88" second="67" amount="-1"/><kerning first="88" second="71" amount="-1"/><kerning first="88" second="74" amount="-1"/><kerning first="88" second="79" amount="-1"/><kerning first="88" second="81" amount="-1"/><kerning first="88" second="83" amount="-1"/><kerning first="88" second="84" amount="-1"/><kerning first="89" second="97" amount="-3"/><kerning first="89" second="99" amount="-2"/><kerning first="89" second="100" amount="-2"/><kerning first="89" second="101" amount="-2"/><kerning first="89" second="103" amount="-2"/><kerning first="89" second="109" amount="-1"/><kerning first="89" second="110" amount="-1"/><kerning first="89" second="111" amount="-2"/><kerning first="89" second="112" amount="-1"/><kerning first="89" second="113" amount="-2"/><kerning first="89" second="114" amount="-1"/><kerning first="89" second="115" amount="-2"/><kerning first="89" second="116" amount="-2"/><kerning first="89" second="117" amount="-1"/><kerning first="89" second="118" amount="-1"/><kerning first="89" second="119" amount="-1"/><kerning first="89" second="120" amount="-1"/><kerning first="89" second="121" amount="-1"/><kerning first="89" second="122" amount="-2"/><kerning first="89" second="65" amount="-1"/><kerning first="89" second="67" amount="-1"/><kerning first="89" second="71" amount="-1"/><kerning first="89" second="74" amount="-3"/><kerning first="89" second="79" amount="-1"/><kerning first="89" second="81" amount="-1"/><kerning first="89" second="83" amount="-1"/><kerning first="89" second="84" amount="-1"/><kerning first="89" second="90" amount="-1"/><kerning first="89" second="46" amount="-4"/><kerning first="90" second="102" amount="-1"/><kerning first="90" second="116" amount="-1"/><kerning first="90" second="120" amount="-1"/><kerning first="90" second="67" amount="-1"/><kerning first="90" second="71" amount="-1"/><kerning first="90" second="74" amount="-1"/><kerning first="90" second="79" amount="-1"/><kerning first="90" second="81" amount="-1"/><kerning first="90" second="83" amount="-1"/><kerning first="90" second="89" amount="-1"/><kerning first="12479" second="12289" amount="-1"/><kerning first="12452" second="12479" amount="-1"/><kerning first="12452" second="12463" amount="-1"/><kerning first="12452" second="12486" amount="-1"/><kerning first="12452" second="12473" amount="-1"/><kerning first="12452" second="12464" amount="-1"/><kerning first="12452" second="12289" amount="-1"/><kerning first="12452" second="12512" amount="-1"/><kerning first="12523" second="12467" amount="-1"/><kerning first="12523" second="12531" amount="-1"/><kerning first="12523" second="12512" amount="-1"/><kerning first="12493" second="12467" amount="-1"/><kerning first="12463" second="12479" amount="-1"/><kerning first="12463" second="12523" amount="-1"/><kerning first="12463" second="12463" amount="-1"/><kerning first="12463" second="12473" amount="-1"/><kerning first="12463" second="12464" amount="-1"/><kerning first="12463" second="12289" amount="-3"/><kerning first="12463" second="12512" amount="-2"/><kerning first="12488" second="12289" amount="-1"/><kerning first="12524" second="12512" amount="-1"/><kerning first="12505" second="12473" amount="1"/><kerning first="12531" second="12493" amount="-1"/><kerning first="12531" second="12473" amount="-1"/><kerning first="12531" second="12503" amount="-1"/><kerning first="12531" second="12501" amount="-1"/><kerning first="12531" second="12289" amount="-2"/><kerning first="12531" second="12502" amount="-1"/><kerning first="12531" second="12512" amount="-1"/><kerning first="12486" second="12451" amount="-2"/><kerning first="12486" second="12289" amount="-1"/><kerning first="12486" second="12512" amount="-1"/><kerning first="12517" second="12524" amount="-1"/><kerning first="12517" second="12450" amount="-1"/><kerning first="12517" second="12289" amount="-1"/><kerning first="12540" second="12531" amount="-1"/><kerning first="12540" second="12451" amount="-1"/><kerning first="12540" second="12473" amount="-1"/><kerning first="12540" second="12391" amount="-2"/><kerning first="12540" second="12503" amount="-2"/><kerning first="12540" second="12390" amount="-2"/><kerning first="12540" second="12450" amount="-1"/><kerning first="12540" second="12471" amount="-1"/><kerning first="12540" second="12501" amount="-2"/><kerning first="12540" second="12502" amount="-2"/><kerning first="12540" second="12512" amount="-1"/><kerning first="12522" second="12289" amount="-2"/><kerning first="12473" second="12505" amount="-2"/><kerning first="12473" second="12510" amount="-1"/><kerning first="12473" second="12506" amount="-2"/><kerning first="12428" second="12391" amount="-1"/><kerning first="12428" second="12390" amount="-1"/><kerning first="12428" second="12388" amount="-1"/><kerning first="12391" second="12368" amount="1"/><kerning first="12391" second="12289" amount="-1"/><kerning first="12377" second="12463" amount="-1"/><kerning first="12377" second="12505" amount="-2"/><kerning first="12377" second="12506" amount="-3"/><kerning first="12377" second="12409" amount="-2"/><kerning first="12377" second="12289" amount="-2"/><kerning first="12503" second="12451" amount="-1"/><kerning first="12503" second="12517" amount="-1"/><kerning first="12503" second="12289" amount="-1"/><kerning first="12375" second="12391" amount="-1"/><kerning first="12375" second="12377" amount="-1"/><kerning first="12375" second="12390" amount="-1"/><kerning first="12375" second="12388" amount="-2"/><kerning first="12390" second="12434" amount="-1"/><kerning first="12390" second="12388" amount="-1"/><kerning first="12390" second="12368" amount="-1"/><kerning first="12390" second="12414" amount="-1"/><kerning first="12390" second="12289" amount="-1"/><kerning first="12390" second="12399" amount="-1"/><kerning first="12390" second="12354" amount="-1"/><kerning first="12390" second="12365" amount="-1"/><kerning first="12489" second="12289" amount="-1"/><kerning first="12398" second="12365" amount="-1"/><kerning first="12510" second="12289" amount="-1"/><kerning first="12481" second="12289" amount="-2"/><kerning first="12481" second="12512" amount="-1"/><kerning first="12464" second="12463" amount="-1"/><kerning first="12464" second="12464" amount="-1"/><kerning first="12464" second="12289" amount="-2"/><kerning first="12464" second="12512" amount="-1"/><kerning first="12450" second="12452" amount="-1"/><kerning first="12450" second="12463" amount="-1"/><kerning first="12450" second="12505" amount="-1"/><kerning first="12450" second="12531" amount="-1"/><kerning first="12450" second="12491" amount="-1"/><kerning first="12450" second="12540" amount="-2"/><kerning first="12450" second="12481" amount="-1"/><kerning first="12450" second="12464" amount="-1"/><kerning first="12450" second="12506" amount="-1"/><kerning first="12450" second="12471" amount="-1"/><kerning first="12450" second="12289" amount="-3"/><kerning first="12450" second="12512" amount="-2"/><kerning first="12450" second="12475" amount="-1"/><kerning first="12388" second="12289" amount="-1"/><kerning first="12409" second="12391" amount="-1"/><kerning first="12409" second="12390" amount="-1"/><kerning first="12471" second="12289" amount="-1"/><kerning first="12515" second="12289" amount="-1"/><kerning first="12501" second="12531" amount="1"/><kerning first="12501" second="12451" amount="-1"/><kerning first="12501" second="12289" amount="-1"/><kerning first="12501" second="12512" amount="-1"/><kerning first="12368" second="12289" amount="-1"/><kerning first="12368" second="12427" amount="-1"/><kerning first="12368" second="12415" amount="1"/><kerning first="12364" second="12289" amount="-1"/><kerning first="12414" second="12289" amount="-1"/><kerning first="12414" second="12379" amount="-1"/><kerning first="12383" second="12414" amount="-1"/><kerning first="12363" second="12289" amount="-1"/><kerning first="12363" second="12399" amount="-1"/><kerning first="12461" second="12531" amount="-1"/><kerning first="12461" second="12473" amount="-1"/><kerning first="12461" second="12289" amount="-1"/><kerning first="12395" second="12368" amount="-1"/><kerning first="12395" second="12364" amount="-1"/><kerning first="12395" second="12289" amount="-1"/><kerning first="12395" second="12373" amount="-1"/><kerning first="12395" second="12371" amount="-1"/><kerning first="12465" second="12452" amount="-1"/><kerning first="12465" second="12524" amount="-1"/><kerning first="12465" second="12505" amount="-1"/><kerning first="12465" second="12531" amount="-1"/><kerning first="12465" second="12486" amount="-1"/><kerning first="12465" second="12506" amount="-1"/><kerning first="12465" second="12289" amount="-2"/><kerning first="12465" second="12512" amount="-2"/><kerning first="12425" second="12391" amount="-1"/><kerning first="12425" second="12377" amount="-1"/><kerning first="12425" second="12390" amount="-1"/><kerning first="12425" second="12379" amount="-1"/><kerning first="12360" second="12505" amount="-1"/><kerning first="12360" second="12391" amount="-1"/><kerning first="12360" second="12390" amount="-1"/><kerning first="12360" second="12506" amount="-1"/><kerning first="12360" second="12388" amount="-1"/><kerning first="12360" second="12409" amount="-2"/><kerning first="12360" second="12501" amount="-1"/><kerning first="12360" second="12368" amount="-1"/><kerning first="12360" second="12502" amount="-1"/><kerning first="12360" second="12427" amount="-1"/><kerning first="12360" second="12365" amount="-1"/><kerning first="12426" second="12289" amount="-1"/><kerning first="12502" second="12451" amount="-1"/><kerning first="12502" second="12289" amount="-1"/><kerning first="12512" second="12503" amount="-2"/><kerning first="12512" second="12501" amount="-2"/><kerning first="12512" second="12502" amount="-2"/><kerning first="12427" second="12510" amount="-1"/><kerning first="12427" second="12388" amount="-1"/><kerning first="12371" second="12377" amount="-1"/><kerning first="12371" second="12289" amount="-1"/><kerning first="12356" second="12391" amount="-1"/><kerning first="12356" second="12390" amount="-1"/><kerning first="12527" second="12451" amount="-1"/><kerning first="12527" second="12289" amount="-2"/><kerning first="12399" second="12383" amount="-1"/><kerning first="12354" second="12391" amount="-1"/><kerning first="12354" second="12390" amount="-1"/><kerning first="12354" second="12501" amount="-1"/><kerning first="12435" second="12391" amount="-1"/><kerning first="12435" second="12377" amount="-1"/><kerning first="12435" second="12390" amount="-1"/><kerning first="12365" second="12289" amount="-2"/><kerning first="12365" second="12427" amount="-1"/><kerning first="46" second="106" amount="1"/><kerning first="46" second="116" amount="-2"/><kerning first="46" second="118" amount="-2"/><kerning first="46" second="119" amount="-1"/><kerning first="46" second="121" amount="-1"/><kerning first="46" second="84" amount="-3"/><kerning first="46" second="85" amount="-1"/><kerning first="46" second="86" amount="-3"/><kerning first="46" second="87" amount="-1"/><kerning first="46" second="89" amount="-4"/></kernings></font>