<?xml version="1.0" encoding="UTF-8"?><font><info face="NotoSansJP-Black" size="50" bold="0" italic="0" charset="" unicode="1" stretchH="100" smooth="1" aa="1" padding="1,1,1,1" spacing="1,1"/><common lineHeight="50" base="58" scaleW="733" scaleH="732" pages="1" packed="0"/><pages><page id="0" file="Noto-Black-White-Stroke.png"/></pages><chars count="220"><char id="32" x="0" y="0" width="0" height="0" xoffset="1" yoffset="0" xadvance="13" page="0" chnl="15"/><char id="33" x="686" y="457" width="18" height="48" xoffset="2" yoffset="15" xadvance="21" page="0" chnl="15"/><char id="34" x="177" y="650" width="32" height="28" xoffset="1" yoffset="15" xadvance="33" page="0" chnl="15"/><char id="35" x="691" y="604" width="35" height="45" xoffset="-1" yoffset="17" xadvance="32" page="0" chnl="15"/><char id="36" x="110" y="0" width="33" height="58" xoffset="-1" yoffset="11" xadvance="32" page="0" chnl="15"/><char id="37" x="517" y="507" width="55" height="47" xoffset="-2" yoffset="16" xadvance="51" page="0" chnl="15"/><char id="38" x="573" y="507" width="45" height="47" xoffset="-2" yoffset="16" xadvance="40" page="0" chnl="15"/><char id="39" x="711" y="694" width="18" height="28" xoffset="1" yoffset="15" xadvance="19" page="0" chnl="15"/><char id="40" x="40" y="0" width="21" height="61" xoffset="1" yoffset="12" xadvance="21" page="0" chnl="15"/><char id="41" x="62" y="0" width="21" height="61" xoffset="0" yoffset="12" xadvance="21" page="0" chnl="15"/><char id="42" x="622" y="694" width="31" height="30" xoffset="-1" yoffset="13" xadvance="28" page="0" chnl="15"/><char id="43" x="552" y="694" width="35" height="36" xoffset="-1" yoffset="21" xadvance="32" page="0" chnl="15"/><char id="44" x="654" y="694" width="20" height="30" xoffset="0" yoffset="44" xadvance="19" page="0" chnl="15"/><char id="45" x="363" y="650" width="23" height="15" xoffset="-1" yoffset="36" xadvance="21" page="0" chnl="15"/><char id="46" x="236" y="650" width="19" height="19" xoffset="0" yoffset="44" xadvance="19" page="0" chnl="15"/><char id="47" x="84" y="0" width="25" height="59" xoffset="-2" yoffset="13" xadvance="21" page="0" chnl="15"/><char id="48" x="180" y="507" width="35" height="47" xoffset="-1" yoffset="16" xadvance="32" page="0" chnl="15"/><char id="49" x="541" y="556" width="32" height="45" xoffset="1" yoffset="17" xadvance="32" page="0" chnl="15"/><char id="50" x="93" y="556" width="34" height="46" xoffset="-1" yoffset="16" xadvance="32" page="0" chnl="15"/><char id="51" x="216" y="507" width="35" height="47" xoffset="-2" yoffset="16" xadvance="32" page="0" chnl="15"/><char id="52" x="574" y="556" width="37" height="45" xoffset="-2" yoffset="17" xadvance="32" page="0" chnl="15"/><char id="53" x="128" y="556" width="35" height="46" xoffset="-2" yoffset="17" xadvance="32" page="0" chnl="15"/><char id="54" x="252" y="507" width="35" height="47" xoffset="-1" yoffset="16" xadvance="32" page="0" chnl="15"/><char id="55" x="612" y="556" width="35" height="45" xoffset="-1" yoffset="17" xadvance="32" page="0" chnl="15"/><char id="56" x="288" y="507" width="34" height="47" xoffset="-1" yoffset="16" xadvance="32" page="0" chnl="15"/><char id="57" x="323" y="507" width="34" height="47" xoffset="-1" yoffset="16" xadvance="32" page="0" chnl="15"/><char id="58" x="208" y="694" width="19" height="38" xoffset="0" yoffset="25" xadvance="19" page="0" chnl="15"/><char id="59" x="163" y="457" width="20" height="49" xoffset="0" yoffset="25" xadvance="19" page="0" chnl="15"/><char id="61" x="675" y="694" width="35" height="28" xoffset="-1" yoffset="25" xadvance="32" page="0" chnl="15"/><char id="63" x="0" y="507" width="31" height="48" xoffset="-1" yoffset="15" xadvance="28" page="0" chnl="15"/><char id="64" x="284" y="0" width="55" height="57" xoffset="0" yoffset="15" xadvance="54" page="0" chnl="15"/><char id="65" x="678" y="556" width="42" height="45" xoffset="-3" yoffset="17" xadvance="34" page="0" chnl="15"/><char id="66" x="0" y="604" width="37" height="45" xoffset="1" yoffset="17" xadvance="36" page="0" chnl="15"/><char id="67" x="358" y="507" width="37" height="47" xoffset="0" yoffset="16" xadvance="35" page="0" chnl="15"/><char id="68" x="38" y="604" width="38" height="45" xoffset="1" yoffset="17" xadvance="38" page="0" chnl="15"/><char id="69" x="77" y="604" width="33" height="45" xoffset="1" yoffset="17" xadvance="33" page="0" chnl="15"/><char id="70" x="111" y="604" width="33" height="45" xoffset="1" yoffset="17" xadvance="32" page="0" chnl="15"/><char id="71" x="396" y="507" width="39" height="47" xoffset="0" yoffset="16" xadvance="38" page="0" chnl="15"/><char id="72" x="145" y="604" width="39" height="45" xoffset="1" yoffset="17" xadvance="40" page="0" chnl="15"/><char id="73" x="185" y="604" width="18" height="45" xoffset="1" yoffset="17" xadvance="19" page="0" chnl="15"/><char id="74" x="164" y="556" width="33" height="46" xoffset="-2" yoffset="17" xadvance="31" page="0" chnl="15"/><char id="75" x="204" y="604" width="40" height="45" xoffset="1" yoffset="17" xadvance="37" page="0" chnl="15"/><char id="76" x="245" y="604" width="32" height="45" xoffset="1" yoffset="17" xadvance="31" page="0" chnl="15"/><char id="77" x="278" y="604" width="44" height="45" xoffset="1" yoffset="17" xadvance="45" page="0" chnl="15"/><char id="78" x="323" y="604" width="38" height="45" xoffset="1" yoffset="17" xadvance="40" page="0" chnl="15"/><char id="79" x="436" y="507" width="43" height="47" xoffset="-1" yoffset="16" xadvance="41" page="0" chnl="15"/><char id="80" x="362" y="604" width="37" height="45" xoffset="1" yoffset="17" xadvance="36" page="0" chnl="15"/><char id="81" x="238" y="0" width="45" height="57" xoffset="-1" yoffset="16" xadvance="41" page="0" chnl="15"/><char id="82" x="400" y="604" width="38" height="45" xoffset="1" yoffset="17" xadvance="37" page="0" chnl="15"/><char id="83" x="480" y="507" width="36" height="47" xoffset="-1" yoffset="16" xadvance="33" page="0" chnl="15"/><char id="84" x="439" y="604" width="38" height="45" xoffset="-2" yoffset="17" xadvance="33" page="0" chnl="15"/><char id="85" x="198" y="556" width="39" height="46" xoffset="1" yoffset="17" xadvance="40" page="0" chnl="15"/><char id="86" x="478" y="604" width="41" height="45" xoffset="-3" yoffset="17" xadvance="34" page="0" chnl="15"/><char id="87" x="520" y="604" width="53" height="45" xoffset="-2" yoffset="17" xadvance="48" page="0" chnl="15"/><char id="88" x="574" y="604" width="39" height="45" xoffset="-2" yoffset="17" xadvance="34" page="0" chnl="15"/><char id="89" x="614" y="604" width="39" height="45" xoffset="-3" yoffset="17" xadvance="32" page="0" chnl="15"/><char id="90" x="654" y="604" width="36" height="45" xoffset="-1" yoffset="17" xadvance="32" page="0" chnl="15"/><char id="91" x="194" y="0" width="21" height="58" xoffset="2" yoffset="13" xadvance="21" page="0" chnl="15"/><char id="93" x="216" y="0" width="21" height="58" xoffset="0" yoffset="13" xadvance="21" page="0" chnl="15"/><char id="94" x="588" y="694" width="33" height="32" xoffset="0" yoffset="15" xadvance="32" page="0" chnl="15"/><char id="95" x="387" y="650" width="35" height="14" xoffset="-2" yoffset="57" xadvance="30" page="0" chnl="15"/><char id="97" x="0" y="694" width="34" height="38" xoffset="-1" yoffset="25" xadvance="32" page="0" chnl="15"/><char id="98" x="0" y="457" width="36" height="49" xoffset="0" yoffset="14" xadvance="34" page="0" chnl="15"/><char id="99" x="35" y="694" width="32" height="38" xoffset="-1" yoffset="25" xadvance="28" page="0" chnl="15"/><char id="100" x="37" y="457" width="36" height="49" xoffset="-1" yoffset="14" xadvance="34" page="0" chnl="15"/><char id="101" x="68" y="694" width="34" height="38" xoffset="-1" yoffset="25" xadvance="31" page="0" chnl="15"/><char id="102" x="74" y="457" width="29" height="49" xoffset="-2" yoffset="13" xadvance="21" page="0" chnl="15"/><char id="103" x="104" y="457" width="36" height="49" xoffset="-1" yoffset="25" xadvance="32" page="0" chnl="15"/><char id="104" x="500" y="457" width="35" height="48" xoffset="0" yoffset="14" xadvance="34" page="0" chnl="15"/><char id="105" x="706" y="350" width="18" height="50" xoffset="0" yoffset="12" xadvance="18" page="0" chnl="15"/><char id="106" x="15" y="0" width="24" height="62" xoffset="-6" yoffset="12" xadvance="18" page="0" chnl="15"/><char id="107" x="536" y="457" width="37" height="48" xoffset="0" yoffset="14" xadvance="33" page="0" chnl="15"/><char id="108" x="141" y="457" width="21" height="49" xoffset="0" yoffset="14" xadvance="18" page="0" chnl="15"/><char id="109" x="228" y="694" width="51" height="37" xoffset="0" yoffset="25" xadvance="51" page="0" chnl="15"/><char id="110" x="280" y="694" width="35" height="37" xoffset="0" yoffset="25" xadvance="34" page="0" chnl="15"/><char id="111" x="103" y="694" width="36" height="38" xoffset="-1" yoffset="25" xadvance="33" page="0" chnl="15"/><char id="112" x="574" y="457" width="36" height="48" xoffset="0" yoffset="25" xadvance="34" page="0" chnl="15"/><char id="113" x="611" y="457" width="36" height="48" xoffset="-1" yoffset="25" xadvance="34" page="0" chnl="15"/><char id="114" x="316" y="694" width="29" height="37" xoffset="0" yoffset="25" xadvance="25" page="0" chnl="15"/><char id="115" x="140" y="694" width="31" height="38" xoffset="-2" yoffset="25" xadvance="27" page="0" chnl="15"/><char id="116" x="648" y="556" width="29" height="45" xoffset="-2" yoffset="18" xadvance="24" page="0" chnl="15"/><char id="117" x="172" y="694" width="35" height="38" xoffset="0" yoffset="25" xadvance="34" page="0" chnl="15"/><char id="118" x="346" y="694" width="37" height="37" xoffset="-2" yoffset="25" xadvance="32" page="0" chnl="15"/><char id="119" x="384" y="694" width="51" height="37" xoffset="-2" yoffset="25" xadvance="46" page="0" chnl="15"/><char id="120" x="436" y="694" width="36" height="37" xoffset="-2" yoffset="25" xadvance="31" page="0" chnl="15"/><char id="121" x="648" y="457" width="37" height="48" xoffset="-2" yoffset="25" xadvance="32" page="0" chnl="15"/><char id="122" x="473" y="694" width="32" height="37" xoffset="-1" yoffset="25" xadvance="28" page="0" chnl="15"/><char id="123" x="144" y="0" width="24" height="58" xoffset="-1" yoffset="13" xadvance="21" page="0" chnl="15"/><char id="124" x="0" y="0" width="14" height="66" xoffset="2" yoffset="11" xadvance="17" page="0" chnl="15"/><char id="125" x="169" y="0" width="24" height="58" xoffset="0" yoffset="13" xadvance="21" page="0" chnl="15"/><char id="8470" x="238" y="556" width="61" height="46" xoffset="-1" yoffset="17" xadvance="57" page="0" chnl="15"/><char id="12289" x="210" y="650" width="25" height="25" xoffset="-1" yoffset="41" xadvance="51" page="0" chnl="15"/><char id="12300" x="151" y="650" width="25" height="40" xoffset="29" yoffset="11" xadvance="51" page="0" chnl="15"/><char id="12301" x="705" y="238" width="26" height="40" xoffset="-2" yoffset="27" xadvance="51" page="0" chnl="15"/><char id="12354" x="393" y="350" width="51" height="53" xoffset="1" yoffset="13" xadvance="51" page="0" chnl="15"/><char id="12356" x="489" y="556" width="51" height="46" xoffset="2" yoffset="18" xadvance="51" page="0" chnl="15"/><char id="12360" x="300" y="350" width="50" height="53" xoffset="2" yoffset="13" xadvance="51" page="0" chnl="15"/><char id="12363" x="52" y="404" width="56" height="52" xoffset="-1" yoffset="13" xadvance="51" page="0" chnl="15"/><char id="12364" x="571" y="124" width="56" height="56" xoffset="-1" yoffset="10" xadvance="51" page="0" chnl="15"/><char id="12365" x="166" y="295" width="45" height="54" xoffset="4" yoffset="12" xadvance="51" page="0" chnl="15"/><char id="12368" x="279" y="238" width="45" height="55" xoffset="4" yoffset="12" xadvance="51" page="0" chnl="15"/><char id="12371" x="85" y="507" width="44" height="48" xoffset="4" yoffset="17" xadvance="51" page="0" chnl="15"/><char id="12373" x="207" y="350" width="45" height="53" xoffset="4" yoffset="13" xadvance="51" page="0" chnl="15"/><char id="12375" x="608" y="350" width="44" height="52" xoffset="7" yoffset="14" xadvance="51" page="0" chnl="15"/><char id="12376" x="109" y="404" width="45" height="52" xoffset="6" yoffset="14" xadvance="51" page="0" chnl="15"/><char id="12377" x="320" y="295" width="51" height="53" xoffset="1" yoffset="13" xadvance="51" page="0" chnl="15"/><char id="12379" x="474" y="404" width="54" height="51" xoffset="-2" yoffset="14" xadvance="51" page="0" chnl="15"/><char id="12383" x="0" y="404" width="51" height="52" xoffset="1" yoffset="13" xadvance="51" page="0" chnl="15"/><char id="12388" x="47" y="650" width="53" height="43" xoffset="-1" yoffset="20" xadvance="51" page="0" chnl="15"/><char id="12390" x="342" y="457" width="50" height="49" xoffset="0" yoffset="16" xadvance="51" page="0" chnl="15"/><char id="12391" x="289" y="457" width="52" height="49" xoffset="0" yoffset="16" xadvance="51" page="0" chnl="15"/><char id="12394" x="640" y="295" width="54" height="53" xoffset="-1" yoffset="13" xadvance="51" page="0" chnl="15"/><char id="12395" x="260" y="404" width="50" height="51" xoffset="1" yoffset="14" xadvance="51" page="0" chnl="15"/><char id="12398" x="393" y="457" width="53" height="49" xoffset="-1" yoffset="16" xadvance="51" page="0" chnl="15"/><char id="12399" x="420" y="404" width="53" height="51" xoffset="1" yoffset="14" xadvance="51" page="0" chnl="15"/><char id="12409" x="0" y="556" width="56" height="47" xoffset="-2" yoffset="16" xadvance="51" page="0" chnl="15"/><char id="12414" x="56" y="350" width="44" height="53" xoffset="5" yoffset="13" xadvance="51" page="0" chnl="15"/><char id="12415" x="365" y="404" width="54" height="51" xoffset="-1" yoffset="15" xadvance="51" page="0" chnl="15"/><char id="12425" x="253" y="350" width="46" height="53" xoffset="4" yoffset="13" xadvance="51" page="0" chnl="15"/><char id="12426" x="351" y="350" width="41" height="53" xoffset="6" yoffset="13" xadvance="51" page="0" chnl="15"/><char id="12427" x="684" y="67" width="49" height="52" xoffset="1" yoffset="14" xadvance="51" page="0" chnl="15"/><char id="12428" x="552" y="350" width="55" height="52" xoffset="-1" yoffset="13" xadvance="51" page="0" chnl="15"/><char id="12434" x="268" y="295" width="51" height="53" xoffset="0" yoffset="13" xadvance="51" page="0" chnl="15"/><char id="12435" x="445" y="350" width="54" height="53" xoffset="-1" yoffset="13" xadvance="51" page="0" chnl="15"/><char id="12450" x="447" y="457" width="52" height="49" xoffset="2" yoffset="16" xadvance="51" page="0" chnl="15"/><char id="12451" x="347" y="556" width="45" height="46" xoffset="2" yoffset="21" xadvance="51" page="0" chnl="15"/><char id="12452" x="500" y="350" width="51" height="52" xoffset="-1" yoffset="13" xadvance="51" page="0" chnl="15"/><char id="12461" x="101" y="350" width="50" height="53" xoffset="1" yoffset="13" xadvance="51" page="0" chnl="15"/><char id="12463" x="544" y="238" width="51" height="54" xoffset="0" yoffset="12" xadvance="51" page="0" chnl="15"/><char id="12464" x="340" y="0" width="57" height="57" xoffset="-2" yoffset="10" xadvance="51" page="0" chnl="15"/><char id="12465" x="152" y="350" width="54" height="53" xoffset="-2" yoffset="13" xadvance="51" page="0" chnl="15"/><char id="12467" x="300" y="556" width="46" height="46" xoffset="4" yoffset="18" xadvance="51" page="0" chnl="15"/><char id="12471" x="207" y="404" width="52" height="51" xoffset="0" yoffset="14" xadvance="51" page="0" chnl="15"/><char id="12473" x="236" y="457" width="52" height="49" xoffset="0" yoffset="16" xadvance="51" page="0" chnl="15"/><char id="12475" x="529" y="404" width="53" height="51" xoffset="-1" yoffset="14" xadvance="51" page="0" chnl="15"/><char id="12479" x="491" y="238" width="52" height="54" xoffset="-1" yoffset="12" xadvance="51" page="0" chnl="15"/><char id="12481" x="653" y="350" width="52" height="52" xoffset="0" yoffset="14" xadvance="51" page="0" chnl="15"/><char id="12483" x="0" y="650" width="46" height="43" xoffset="4" yoffset="24" xadvance="51" page="0" chnl="15"/><char id="12486" x="155" y="404" width="51" height="51" xoffset="1" yoffset="15" xadvance="51" page="0" chnl="15"/><char id="12488" x="695" y="295" width="38" height="51" xoffset="11" yoffset="14" xadvance="51" page="0" chnl="15"/><char id="12489" x="487" y="295" width="41" height="53" xoffset="10" yoffset="13" xadvance="51" page="0" chnl="15"/><char id="12491" x="101" y="650" width="49" height="42" xoffset="1" yoffset="19" xadvance="51" page="0" chnl="15"/><char id="12493" x="212" y="295" width="55" height="53" xoffset="-1" yoffset="13" xadvance="51" page="0" chnl="15"/><char id="12501" x="686" y="124" width="47" height="48" xoffset="3" yoffset="17" xadvance="51" page="0" chnl="15"/><char id="12502" x="325" y="238" width="53" height="55" xoffset="1" yoffset="10" xadvance="51" page="0" chnl="15"/><char id="12503" x="56" y="295" width="53" height="54" xoffset="1" yoffset="11" xadvance="51" page="0" chnl="15"/><char id="12505" x="619" y="507" width="55" height="47" xoffset="-2" yoffset="16" xadvance="51" page="0" chnl="15"/><char id="12506" x="675" y="507" width="55" height="47" xoffset="-2" yoffset="16" xadvance="51" page="0" chnl="15"/><char id="12508" x="164" y="238" width="56" height="55" xoffset="-2" yoffset="11" xadvance="51" page="0" chnl="15"/><char id="12510" x="32" y="507" width="52" height="48" xoffset="1" yoffset="18" xadvance="51" page="0" chnl="15"/><char id="12512" x="311" y="404" width="53" height="51" xoffset="0" yoffset="14" xadvance="51" page="0" chnl="15"/><char id="12515" x="393" y="556" width="47" height="46" xoffset="3" yoffset="22" xadvance="51" page="0" chnl="15"/><char id="12517" x="506" y="694" width="45" height="37" xoffset="4" yoffset="27" xadvance="51" page="0" chnl="15"/><char id="12522" x="687" y="404" width="40" height="50" xoffset="6" yoffset="15" xadvance="51" page="0" chnl="15"/><char id="12523" x="583" y="404" width="56" height="50" xoffset="-2" yoffset="15" xadvance="51" page="0" chnl="15"/><char id="12524" x="640" y="404" width="46" height="50" xoffset="6" yoffset="15" xadvance="51" page="0" chnl="15"/><char id="12525" x="441" y="556" width="47" height="46" xoffset="3" yoffset="18" xadvance="51" page="0" chnl="15"/><char id="12527" x="130" y="507" width="49" height="48" xoffset="2" yoffset="17" xadvance="51" page="0" chnl="15"/><char id="12531" x="184" y="457" width="51" height="49" xoffset="2" yoffset="15" xadvance="51" page="0" chnl="15"/><char id="12540" x="256" y="650" width="50" height="18" xoffset="1" yoffset="30" xadvance="51" page="0" chnl="15"/><char id="19968" x="307" y="650" width="55" height="17" xoffset="-1" yoffset="30" xadvance="51" page="0" chnl="15"/><char id="19978" x="529" y="295" width="55" height="53" xoffset="-1" yoffset="12" xadvance="51" page="0" chnl="15"/><char id="20006" x="379" y="238" width="54" height="55" xoffset="-1" yoffset="11" xadvance="51" page="0" chnl="15"/><char id="20013" x="0" y="238" width="51" height="56" xoffset="1" yoffset="11" xadvance="51" page="0" chnl="15"/><char id="20102" x="684" y="0" width="49" height="53" xoffset="2" yoffset="14" xadvance="51" page="0" chnl="15"/><char id="20170" x="400" y="124" width="56" height="56" xoffset="-2" yoffset="11" xadvance="51" page="0" chnl="15"/><char id="20449" x="617" y="181" width="57" height="56" xoffset="-3" yoffset="11" xadvance="51" page="0" chnl="15"/><char id="20493" x="454" y="67" width="57" height="56" xoffset="-3" yoffset="11" xadvance="51" page="0" chnl="15"/><char id="20572" x="625" y="0" width="58" height="56" xoffset="-3" yoffset="11" xadvance="51" page="0" chnl="15"/><char id="20837" x="372" y="295" width="56" height="53" xoffset="-2" yoffset="14" xadvance="51" page="0" chnl="15"/><char id="20998" x="225" y="181" width="58" height="56" xoffset="-3" yoffset="12" xadvance="51" page="0" chnl="15"/><char id="20999" x="0" y="295" width="55" height="54" xoffset="-2" yoffset="13" xadvance="51" page="0" chnl="15"/><char id="21033" x="399" y="67" width="54" height="56" xoffset="-2" yoffset="11" xadvance="51" page="0" chnl="15"/><char id="21066" x="0" y="181" width="54" height="56" xoffset="-2" yoffset="11" xadvance="51" page="0" chnl="15"/><char id="21069" x="284" y="181" width="54" height="56" xoffset="-1" yoffset="11" xadvance="51" page="0" chnl="15"/><char id="21213" x="341" y="67" width="57" height="56" xoffset="-2" yoffset="11" xadvance="51" page="0" chnl="15"/><char id="21451" x="0" y="67" width="55" height="56" xoffset="-2" yoffset="11" xadvance="51" page="0" chnl="15"/><char id="21462" x="429" y="295" width="57" height="53" xoffset="-2" yoffset="14" xadvance="51" page="0" chnl="15"/><char id="21487" x="585" y="295" width="54" height="53" xoffset="-1" yoffset="14" xadvance="51" page="0" chnl="15"/><char id="21578" x="109" y="238" width="54" height="56" xoffset="-1" yoffset="11" xadvance="51" page="0" chnl="15"/><char id="22730" x="229" y="124" width="57" height="56" xoffset="-2" yoffset="11" xadvance="51" page="0" chnl="15"/><char id="22833" x="113" y="67" width="56" height="56" xoffset="-2" yoffset="11" xadvance="51" page="0" chnl="15"/><char id="24195" x="52" y="238" width="56" height="56" xoffset="-2" yoffset="11" xadvance="51" page="0" chnl="15"/><char id="24382" x="287" y="124" width="55" height="56" xoffset="-1" yoffset="11" xadvance="51" page="0" chnl="15"/><char id="24453" x="513" y="0" width="56" height="56" xoffset="-2" yoffset="11" xadvance="51" page="0" chnl="15"/><char id="24460" x="168" y="181" width="56" height="56" xoffset="-2" yoffset="11" xadvance="51" page="0" chnl="15"/><char id="24471" x="568" y="67" width="56" height="56" xoffset="-3" yoffset="11" xadvance="51" page="0" chnl="15"/><char id="24489" x="228" y="67" width="56" height="56" xoffset="-2" yoffset="11" xadvance="51" page="0" chnl="15"/><char id="25163" x="512" y="67" width="55" height="56" xoffset="-1" yoffset="11" xadvance="51" page="0" chnl="15"/><char id="25307" x="457" y="0" width="55" height="56" xoffset="-2" yoffset="11" xadvance="51" page="0" chnl="15"/><char id="25509" x="111" y="181" width="56" height="56" xoffset="-2" yoffset="11" xadvance="51" page="0" chnl="15"/><char id="25943" x="170" y="67" width="57" height="56" xoffset="-2" yoffset="11" xadvance="51" page="0" chnl="15"/><char id="26009" x="514" y="124" width="56" height="56" xoffset="-2" yoffset="11" xadvance="51" page="0" chnl="15"/><char id="26178" x="570" y="0" width="54" height="56" xoffset="0" yoffset="11" xadvance="51" page="0" chnl="15"/><char id="26228" x="508" y="181" width="54" height="56" xoffset="0" yoffset="11" xadvance="51" page="0" chnl="15"/><char id="26367" x="339" y="181" width="57" height="56" xoffset="-2" yoffset="11" xadvance="51" page="0" chnl="15"/><char id="26368" x="110" y="295" width="55" height="54" xoffset="-1" yoffset="13" xadvance="51" page="0" chnl="15"/><char id="27490" x="596" y="238" width="55" height="54" xoffset="-1" yoffset="11" xadvance="51" page="0" chnl="15"/><char id="27963" x="285" y="67" width="55" height="56" xoffset="-1" yoffset="11" xadvance="51" page="0" chnl="15"/><char id="28040" x="343" y="124" width="56" height="56" xoffset="-2" yoffset="11" xadvance="51" page="0" chnl="15"/><char id="28961" x="457" y="124" width="56" height="56" xoffset="-2" yoffset="11" xadvance="51" page="0" chnl="15"/><char id="29190" x="221" y="238" width="57" height="55" xoffset="-2" yoffset="12" xadvance="51" page="0" chnl="15"/><char id="30330" x="628" y="124" width="57" height="56" xoffset="-2" yoffset="11" xadvance="51" page="0" chnl="15"/><char id="30772" x="172" y="124" width="56" height="56" xoffset="-2" yoffset="11" xadvance="51" page="0" chnl="15"/><char id="31034" x="0" y="350" width="55" height="53" xoffset="-2" yoffset="14" xadvance="51" page="0" chnl="15"/><char id="32032" x="452" y="181" width="55" height="56" xoffset="-1" yoffset="11" xadvance="51" page="0" chnl="15"/><char id="32066" x="398" y="0" width="58" height="57" xoffset="-3" yoffset="11" xadvance="51" page="0" chnl="15"/><char id="32154" x="625" y="67" width="58" height="56" xoffset="-3" yoffset="11" xadvance="51" page="0" chnl="15"/><char id="33021" x="58" y="124" width="56" height="56" xoffset="-2" yoffset="11" xadvance="51" page="0" chnl="15"/><char id="33391" x="397" y="181" width="54" height="56" xoffset="0" yoffset="11" xadvance="51" page="0" chnl="15"/><char id="34892" x="0" y="124" width="57" height="56" xoffset="-3" yoffset="11" xadvance="51" page="0" chnl="15"/><char id="34920" x="115" y="124" width="56" height="56" xoffset="-2" yoffset="11" xadvance="51" page="0" chnl="15"/><char id="35501" x="675" y="181" width="57" height="56" xoffset="-2" yoffset="11" xadvance="51" page="0" chnl="15"/><char id="36796" x="434" y="238" width="56" height="55" xoffset="-2" yoffset="12" xadvance="51" page="0" chnl="15"/><char id="36948" x="56" y="67" width="56" height="56" xoffset="-2" yoffset="11" xadvance="51" page="0" chnl="15"/><char id="38291" x="652" y="238" width="52" height="54" xoffset="0" yoffset="13" xadvance="51" page="0" chnl="15"/><char id="38500" x="55" y="181" width="55" height="56" xoffset="0" yoffset="11" xadvance="51" page="0" chnl="15"/><char id="39640" x="563" y="181" width="53" height="56" xoffset="0" yoffset="11" xadvance="51" page="0" chnl="15"/><char id="65281" x="705" y="457" width="18" height="47" xoffset="17" yoffset="16" xadvance="51" page="0" chnl="15"/><char id="65311" x="57" y="556" width="35" height="47" xoffset="9" yoffset="16" xadvance="51" page="0" chnl="15"/></chars><kernings count="971"><kerning first="97" second="116" amount="-1"/><kerning first="97" second="84" amount="-2"/><kerning first="97" second="86" amount="-2"/><kerning first="97" second="87" amount="-1"/><kerning first="97" second="89" amount="-2"/><kerning first="97" second="63" amount="-2"/><kerning first="97" second="42" amount="-2"/><kerning first="98" second="97" amount="-1"/><kerning first="98" second="116" amount="-2"/><kerning first="98" second="118" amount="-1"/><kerning first="98" second="119" amount="-1"/><kerning first="98" second="120" amount="-2"/><kerning first="98" second="121" amount="-1"/><kerning first="98" second="122" amount="-1"/><kerning first="98" second="84" amount="-3"/><kerning first="98" second="86" amount="-1"/><kerning first="98" second="88" amount="-1"/><kerning first="98" second="89" amount="-3"/><kerning first="98" second="63" amount="-2"/><kerning first="98" second="46" amount="-1"/><kerning first="98" second="44" amount="-1"/><kerning first="98" second="34" amount="-1"/><kerning first="98" second="39" amount="-1"/><kerning first="99" second="97" amount="-1"/><kerning first="99" second="99" amount="-2"/><kerning first="99" second="100" amount="-2"/><kerning first="99" second="101" amount="-2"/><kerning first="99" second="103" amount="-1"/><kerning first="99" second="111" amount="-2"/><kerning first="99" second="113" amount="-2"/><kerning first="99" second="116" amount="-1"/><kerning first="99" second="84" amount="-1"/><kerning first="99" second="86" amount="-1"/><kerning first="99" second="89" amount="-2"/><kerning first="99" second="45" amount="-2"/><kerning first="101" second="97" amount="-1"/><kerning first="101" second="103" amount="-1"/><kerning first="101" second="116" amount="-1"/><kerning first="101" second="120" amount="-1"/><kerning first="101" second="74" amount="-1"/><kerning first="101" second="83" amount="-1"/><kerning first="101" second="84" amount="-2"/><kerning first="101" second="86" amount="-2"/><kerning first="101" second="87" amount="-1"/><kerning first="101" second="89" amount="-2"/><kerning first="101" second="63" amount="-1"/><kerning first="101" second="42" amount="-1"/><kerning first="101" second="45" amount="1"/><kerning first="102" second="97" amount="-1"/><kerning first="102" second="99" amount="-1"/><kerning first="102" second="100" amount="-1"/><kerning first="102" second="101" amount="-1"/><kerning first="102" second="103" amount="-1"/><kerning first="102" second="106" amount="-1"/><kerning first="102" second="111" amount="-1"/><kerning first="102" second="113" amount="-1"/><kerning first="102" second="115" amount="-1"/><kerning first="102" second="120" amount="-1"/><kerning first="102" second="122" amount="-1"/><kerning first="102" second="84" amount="2"/><kerning first="102" second="86" amount="4"/><kerning first="102" second="87" amount="2"/><kerning first="102" second="88" amount="1"/><kerning first="102" second="89" amount="3"/><kerning first="102" second="63" amount="1"/><kerning first="102" second="41" amount="2"/><kerning first="102" second="45" amount="-1"/><kerning first="102" second="46" amount="-4"/><kerning first="102" second="44" amount="-4"/><kerning first="102" second="34" amount="2"/><kerning first="102" second="39" amount="2"/><kerning first="102" second="125" amount="2"/><kerning first="102" second="93" amount="2"/><kerning first="103" second="97" amount="-1"/><kerning first="103" second="99" amount="-1"/><kerning first="103" second="100" amount="-1"/><kerning first="103" second="101" amount="-1"/><kerning first="103" second="106" amount="3"/><kerning first="103" second="111" amount="-1"/><kerning first="103" second="113" amount="-1"/><kerning first="103" second="118" amount="-1"/><kerning first="103" second="119" amount="-1"/><kerning first="103" second="122" amount="-1"/><kerning first="103" second="84" amount="-2"/><kerning first="103" second="89" amount="-1"/><kerning first="103" second="63" amount="-3"/><kerning first="103" second="42" amount="-1"/><kerning first="103" second="47" amount="1"/><kerning first="104" second="84" amount="-2"/><kerning first="104" second="86" amount="-1"/><kerning first="104" second="89" amount="-2"/><kerning first="104" second="63" amount="-1"/><kerning first="104" second="42" amount="-1"/><kerning first="107" second="97" amount="-1"/><kerning first="107" second="99" amount="-2"/><kerning first="107" second="100" amount="-2"/><kerning first="107" second="101" amount="-2"/><kerning first="107" second="103" amount="-1"/><kerning first="107" second="106" amount="-1"/><kerning first="107" second="111" amount="-2"/><kerning first="107" second="113" amount="-2"/><kerning first="107" second="116" amount="-2"/><kerning first="107" second="117" amount="-1"/><kerning first="107" second="120" amount="-1"/><kerning first="107" second="122" amount="-1"/><kerning first="107" second="84" amount="-3"/><kerning first="107" second="89" amount="-1"/><kerning first="107" second="63" amount="-2"/><kerning first="107" second="42" amount="-1"/><kerning first="107" second="45" amount="-5"/><kerning first="108" second="106" amount="1"/><kerning first="109" second="84" amount="-2"/><kerning first="109" second="86" amount="-1"/><kerning first="109" second="89" amount="-2"/><kerning first="109" second="63" amount="-1"/><kerning first="109" second="42" amount="-1"/><kerning first="110" second="84" amount="-2"/><kerning first="110" second="86" amount="-1"/><kerning first="110" second="89" amount="-2"/><kerning first="110" second="63" amount="-1"/><kerning first="110" second="42" amount="-1"/><kerning first="111" second="97" amount="-1"/><kerning first="111" second="116" amount="-2"/><kerning first="111" second="118" amount="-1"/><kerning first="111" second="119" amount="-1"/><kerning first="111" second="120" amount="-2"/><kerning first="111" second="121" amount="-1"/><kerning first="111" second="122" amount="-1"/><kerning first="111" second="84" amount="-3"/><kerning first="111" second="86" amount="-1"/><kerning first="111" second="88" amount="-1"/><kerning first="111" second="89" amount="-3"/><kerning first="111" second="63" amount="-2"/><kerning first="111" second="46" amount="-1"/><kerning first="111" second="44" amount="-1"/><kerning first="111" second="34" amount="-1"/><kerning first="111" second="39" amount="-1"/><kerning first="112" second="97" amount="-1"/><kerning first="112" second="116" amount="-2"/><kerning first="112" second="118" amount="-1"/><kerning first="112" second="119" amount="-1"/><kerning first="112" second="120" amount="-2"/><kerning first="112" second="121" amount="-1"/><kerning first="112" second="122" amount="-1"/><kerning first="112" second="84" amount="-3"/><kerning first="112" second="86" amount="-1"/><kerning first="112" second="88" amount="-1"/><kerning first="112" second="89" amount="-3"/><kerning first="112" second="63" amount="-2"/><kerning first="112" second="46" amount="-1"/><kerning first="112" second="44" amount="-1"/><kerning first="112" second="34" amount="-1"/><kerning first="112" second="39" amount="-1"/><kerning first="113" second="84" amount="-1"/><kerning first="113" second="86" amount="-1"/><kerning first="113" second="89" amount="-2"/><kerning first="113" second="42" amount="-1"/><kerning first="114" second="97" amount="-2"/><kerning first="114" second="99" amount="-1"/><kerning first="114" second="100" amount="-1"/><kerning first="114" second="101" amount="-1"/><kerning first="114" second="103" amount="-1"/><kerning first="114" second="111" amount="-1"/><kerning first="114" second="113" amount="-1"/><kerning first="114" second="115" amount="-1"/><kerning first="114" second="122" amount="-1"/><kerning first="114" second="65" amount="-1"/><kerning first="114" second="74" amount="-4"/><kerning first="114" second="90" amount="-1"/><kerning first="114" second="45" amount="-2"/><kerning first="114" second="46" amount="-5"/><kerning first="114" second="44" amount="-5"/><kerning first="114" second="47" amount="-1"/><kerning first="115" second="116" amount="-1"/><kerning first="115" second="84" amount="-2"/><kerning first="115" second="86" amount="-1"/><kerning first="115" second="89" amount="-1"/><kerning first="115" second="63" amount="-2"/><kerning first="115" second="42" amount="-1"/><kerning first="115" second="45" amount="1"/><kerning first="116" second="97" amount="-1"/><kerning first="116" second="99" amount="-1"/><kerning first="116" second="100" amount="-1"/><kerning first="116" second="101" amount="-1"/><kerning first="116" second="103" amount="-1"/><kerning first="116" second="111" amount="-1"/><kerning first="116" second="113" amount="-1"/><kerning first="116" second="115" amount="-1"/><kerning first="116" second="116" amount="-1"/><kerning first="116" second="120" amount="-1"/><kerning first="116" second="84" amount="-1"/><kerning first="116" second="89" amount="-1"/><kerning first="116" second="63" amount="-2"/><kerning first="116" second="45" amount="-2"/><kerning first="116" second="46" amount="-1"/><kerning first="116" second="44" amount="-1"/><kerning first="117" second="84" amount="-1"/><kerning first="117" second="86" amount="-1"/><kerning first="117" second="89" amount="-2"/><kerning first="117" second="42" amount="-1"/><kerning first="118" second="97" amount="-1"/><kerning first="118" second="99" amount="-1"/><kerning first="118" second="100" amount="-1"/><kerning first="118" second="101" amount="-1"/><kerning first="118" second="106" amount="-1"/><kerning first="118" second="111" amount="-1"/><kerning first="118" second="113" amount="-1"/><kerning first="118" second="122" amount="-2"/><kerning first="118" second="65" amount="-1"/><kerning first="118" second="74" amount="-2"/><kerning first="118" second="84" amount="-1"/><kerning first="118" second="86" amount="-1"/><kerning first="118" second="89" amount="-1"/><kerning first="118" second="90" amount="-1"/><kerning first="118" second="42" amount="-1"/><kerning first="118" second="45" amount="-1"/><kerning first="118" second="46" amount="-4"/><kerning first="118" second="44" amount="-4"/><kerning first="118" second="47" amount="-1"/><kerning first="119" second="97" amount="-1"/><kerning first="119" second="99" amount="-1"/><kerning first="119" second="100" amount="-1"/><kerning first="119" second="101" amount="-1"/><kerning first="119" second="106" amount="-1"/><kerning first="119" second="111" amount="-1"/><kerning first="119" second="113" amount="-1"/><kerning first="119" second="122" amount="-2"/><kerning first="119" second="65" amount="-1"/><kerning first="119" second="74" amount="-2"/><kerning first="119" second="84" amount="-2"/><kerning first="119" second="86" amount="-1"/><kerning first="119" second="88" amount="-1"/><kerning first="119" second="89" amount="-2"/><kerning first="119" second="42" amount="-1"/><kerning first="119" second="46" amount="-5"/><kerning first="119" second="44" amount="-5"/><kerning first="120" second="97" amount="-1"/><kerning first="120" second="99" amount="-2"/><kerning first="120" second="100" amount="-2"/><kerning first="120" second="101" amount="-2"/><kerning first="120" second="111" amount="-2"/><kerning first="120" second="113" amount="-2"/><kerning first="120" second="116" amount="-2"/><kerning first="120" second="121" amount="-1"/><kerning first="120" second="67" amount="-1"/><kerning first="120" second="71" amount="-1"/><kerning first="120" second="79" amount="-1"/><kerning first="120" second="81" amount="-1"/><kerning first="120" second="83" amount="-1"/><kerning first="120" second="84" amount="-1"/><kerning first="120" second="86" amount="-1"/><kerning first="120" second="88" amount="-1"/><kerning first="120" second="89" amount="-2"/><kerning first="120" second="33" amount="-1"/><kerning first="120" second="59" amount="1"/><kerning first="120" second="42" amount="-1"/><kerning first="120" second="45" amount="-1"/><kerning first="120" second="46" amount="-1"/><kerning first="120" second="44" amount="1"/><kerning first="121" second="97" amount="-1"/><kerning first="121" second="99" amount="-1"/><kerning first="121" second="100" amount="-1"/><kerning first="121" second="101" amount="-1"/><kerning first="121" second="106" amount="-1"/><kerning first="121" second="111" amount="-1"/><kerning first="121" second="113" amount="-1"/><kerning first="121" second="120" amount="-1"/><kerning first="121" second="122" amount="-2"/><kerning first="121" second="74" amount="-2"/><kerning first="121" second="84" amount="-1"/><kerning first="121" second="86" amount="-1"/><kerning first="121" second="88" amount="-1"/><kerning first="121" second="89" amount="-1"/><kerning first="121" second="46" amount="-4"/><kerning first="121" second="44" amount="-4"/><kerning first="122" second="97" amount="-1"/><kerning first="122" second="99" amount="-1"/><kerning first="122" second="100" amount="-1"/><kerning first="122" second="101" amount="-1"/><kerning first="122" second="111" amount="-1"/><kerning first="122" second="113" amount="-1"/><kerning first="122" second="117" amount="-1"/><kerning first="122" second="118" amount="-1"/><kerning first="122" second="121" amount="-1"/><kerning first="122" second="84" amount="-1"/><kerning first="122" second="89" amount="-1"/><kerning first="122" second="45" amount="-2"/><kerning first="65" second="97" amount="1"/><kerning first="65" second="102" amount="-1"/><kerning first="65" second="115" amount="1"/><kerning first="65" second="116" amount="-1"/><kerning first="65" second="118" amount="-1"/><kerning first="65" second="119" amount="-1"/><kerning first="65" second="120" amount="-1"/><kerning first="65" second="121" amount="-1"/><kerning first="65" second="67" amount="-1"/><kerning first="65" second="71" amount="-1"/><kerning first="65" second="79" amount="-1"/><kerning first="65" second="81" amount="-1"/><kerning first="65" second="84" amount="-4"/><kerning first="65" second="85" amount="-1"/><kerning first="65" second="86" amount="-1"/><kerning first="65" second="89" amount="-1"/><kerning first="65" second="63" amount="-2"/><kerning first="65" second="42" amount="-5"/><kerning first="65" second="34" amount="-4"/><kerning first="65" second="39" amount="-4"/><kerning first="66" second="116" amount="-1"/><kerning first="66" second="118" amount="-1"/><kerning first="66" second="119" amount="-1"/><kerning first="66" second="120" amount="-1"/><kerning first="66" second="121" amount="-1"/><kerning first="66" second="74" amount="-1"/><kerning first="66" second="83" amount="-1"/><kerning first="66" second="84" amount="-2"/><kerning first="66" second="86" amount="-1"/><kerning first="66" second="87" amount="-1"/><kerning first="66" second="88" amount="-1"/><kerning first="66" second="89" amount="-1"/><kerning first="66" second="90" amount="-1"/><kerning first="66" second="42" amount="-2"/><kerning first="67" second="103" amount="-1"/><kerning first="67" second="116" amount="-2"/><kerning first="67" second="117" amount="-1"/><kerning first="67" second="118" amount="-1"/><kerning first="67" second="119" amount="-1"/><kerning first="67" second="121" amount="-1"/><kerning first="67" second="67" amount="-2"/><kerning first="67" second="71" amount="-2"/><kerning first="67" second="74" amount="-1"/><kerning first="67" second="79" amount="-2"/><kerning first="67" second="81" amount="-2"/><kerning first="67" second="83" amount="-2"/><kerning first="67" second="84" amount="-1"/><kerning first="67" second="85" amount="-1"/><kerning first="67" second="86" amount="-1"/><kerning first="67" second="87" amount="-1"/><kerning first="67" second="88" amount="-1"/><kerning first="67" second="89" amount="-1"/><kerning first="67" second="90" amount="-1"/><kerning first="67" second="45" amount="-2"/><kerning first="68" second="120" amount="-1"/><kerning first="68" second="122" amount="-1"/><kerning first="68" second="65" amount="-1"/><kerning first="68" second="74" amount="-3"/><kerning first="68" second="84" amount="-2"/><kerning first="68" second="86" amount="-1"/><kerning first="68" second="88" amount="-2"/><kerning first="68" second="89" amount="-1"/><kerning first="68" second="90" amount="-1"/><kerning first="68" second="42" amount="-1"/><kerning first="68" second="47" amount="-1"/><kerning first="69" second="99" amount="-1"/><kerning first="69" second="100" amount="-1"/><kerning first="69" second="101" amount="-1"/><kerning first="69" second="111" amount="-1"/><kerning first="69" second="113" amount="-1"/><kerning first="69" second="116" amount="-2"/><kerning first="69" second="118" amount="-1"/><kerning first="69" second="120" amount="-3"/><kerning first="69" second="121" amount="-1"/><kerning first="70" second="97" amount="-2"/><kerning first="70" second="99" amount="-1"/><kerning first="70" second="100" amount="-1"/><kerning first="70" second="101" amount="-1"/><kerning first="70" second="103" amount="-2"/><kerning first="70" second="109" amount="-1"/><kerning first="70" second="110" amount="-1"/><kerning first="70" second="111" amount="-1"/><kerning first="70" second="112" amount="-1"/><kerning first="70" second="113" amount="-1"/><kerning first="70" second="114" amount="-1"/><kerning first="70" second="115" amount="-2"/><kerning first="70" second="116" amount="-1"/><kerning first="70" second="117" amount="-1"/><kerning first="70" second="118" amount="-2"/><kerning first="70" second="119" amount="-2"/><kerning first="70" second="120" amount="-2"/><kerning first="70" second="121" amount="-2"/><kerning first="70" second="122" amount="-3"/><kerning first="70" second="65" amount="-2"/><kerning first="70" second="67" amount="-1"/><kerning first="70" second="71" amount="-1"/><kerning first="70" second="74" amount="-8"/><kerning first="70" second="79" amount="-1"/><kerning first="70" second="81" amount="-1"/><kerning first="70" second="83" amount="-2"/><kerning first="70" second="88" amount="-2"/><kerning first="70" second="89" amount="-1"/><kerning first="70" second="90" amount="-2"/><kerning first="70" second="46" amount="-5"/><kerning first="70" second="44" amount="-5"/><kerning first="70" second="47" amount="-3"/><kerning first="71" second="65" amount="-1"/><kerning first="71" second="84" amount="-1"/><kerning first="71" second="86" amount="-1"/><kerning first="71" second="87" amount="-1"/><kerning first="71" second="42" amount="-1"/><kerning first="74" second="74" amount="-2"/><kerning first="74" second="46" amount="-2"/><kerning first="74" second="44" amount="-2"/><kerning first="75" second="99" amount="-1"/><kerning first="75" second="100" amount="-1"/><kerning first="75" second="101" amount="-1"/><kerning first="75" second="106" amount="-1"/><kerning first="75" second="111" amount="-1"/><kerning first="75" second="113" amount="-1"/><kerning first="75" second="116" amount="-3"/><kerning first="75" second="117" amount="-1"/><kerning first="75" second="118" amount="-2"/><kerning first="75" second="119" amount="-2"/><kerning first="75" second="120" amount="-2"/><kerning first="75" second="121" amount="-2"/><kerning first="75" second="122" amount="-1"/><kerning first="75" second="65" amount="-1"/><kerning first="75" second="67" amount="-2"/><kerning first="75" second="71" amount="-2"/><kerning first="75" second="79" amount="-2"/><kerning first="75" second="81" amount="-2"/><kerning first="75" second="83" amount="-1"/><kerning first="75" second="84" amount="-2"/><kerning first="75" second="85" amount="-1"/><kerning first="75" second="86" amount="-1"/><kerning first="75" second="87" amount="-1"/><kerning first="75" second="89" amount="-2"/><kerning first="75" second="63" amount="-1"/><kerning first="75" second="42" amount="-2"/><kerning first="75" second="45" amount="-3"/><kerning first="75" second="34" amount="-2"/><kerning first="75" second="39" amount="-2"/><kerning first="76" second="99" amount="-1"/><kerning first="76" second="100" amount="-1"/><kerning first="76" second="101" amount="-1"/><kerning first="76" second="102" amount="-1"/><kerning first="76" second="103" amount="-1"/><kerning first="76" second="111" amount="-1"/><kerning first="76" second="113" amount="-1"/><kerning first="76" second="116" amount="-2"/><kerning first="76" second="117" amount="-1"/><kerning first="76" second="118" amount="-3"/><kerning first="76" second="119" amount="-2"/><kerning first="76" second="121" amount="-3"/><kerning first="76" second="67" amount="-2"/><kerning first="76" second="71" amount="-2"/><kerning first="76" second="79" amount="-2"/><kerning first="76" second="81" amount="-2"/><kerning first="76" second="83" amount="-2"/><kerning first="76" second="84" amount="-7"/><kerning first="76" second="85" amount="-2"/><kerning first="76" second="86" amount="-5"/><kerning first="76" second="87" amount="-3"/><kerning first="76" second="89" amount="-5"/><kerning first="76" second="63" amount="-3"/><kerning first="76" second="42" amount="-10"/><kerning first="76" second="45" amount="-2"/><kerning first="76" second="34" amount="-8"/><kerning first="76" second="39" amount="-8"/><kerning first="79" second="120" amount="-1"/><kerning first="79" second="122" amount="-1"/><kerning first="79" second="65" amount="-1"/><kerning first="79" second="74" amount="-3"/><kerning first="79" second="84" amount="-2"/><kerning first="79" second="86" amount="-1"/><kerning first="79" second="88" amount="-2"/><kerning first="79" second="89" amount="-1"/><kerning first="79" second="90" amount="-1"/><kerning first="79" second="42" amount="-1"/><kerning first="79" second="47" amount="-1"/><kerning first="80" second="97" amount="-2"/><kerning first="80" second="99" amount="-1"/><kerning first="80" second="100" amount="-1"/><kerning first="80" second="101" amount="-1"/><kerning first="80" second="103" amount="-1"/><kerning first="80" second="111" amount="-1"/><kerning first="80" second="113" amount="-1"/><kerning first="80" second="115" amount="-1"/><kerning first="80" second="120" amount="-1"/><kerning first="80" second="122" amount="-1"/><kerning first="80" second="65" amount="-3"/><kerning first="80" second="74" amount="-8"/><kerning first="80" second="83" amount="-1"/><kerning first="80" second="84" amount="-1"/><kerning first="80" second="88" amount="-2"/><kerning first="80" second="89" amount="-1"/><kerning first="80" second="90" amount="-3"/><kerning first="80" second="45" amount="-1"/><kerning first="80" second="46" amount="-8"/><kerning first="80" second="44" amount="-8"/><kerning first="80" second="47" amount="-3"/><kerning first="81" second="120" amount="-1"/><kerning first="81" second="122" amount="-1"/><kerning first="81" second="65" amount="-1"/><kerning first="81" second="74" amount="-3"/><kerning first="81" second="84" amount="-2"/><kerning first="81" second="86" amount="-1"/><kerning first="81" second="88" amount="-2"/><kerning first="81" second="89" amount="-1"/><kerning first="81" second="90" amount="-1"/><kerning first="81" second="42" amount="-1"/><kerning first="81" second="47" amount="-1"/><kerning first="82" second="97" amount="-1"/><kerning first="82" second="99" amount="-1"/><kerning first="82" second="100" amount="-1"/><kerning first="82" second="101" amount="-1"/><kerning first="82" second="103" amount="-1"/><kerning first="82" second="111" amount="-1"/><kerning first="82" second="113" amount="-1"/><kerning first="82" second="120" amount="-1"/><kerning first="82" second="122" amount="-1"/><kerning first="82" second="65" amount="-1"/><kerning first="82" second="74" amount="-1"/><kerning first="82" second="83" amount="-1"/><kerning first="82" second="84" amount="-1"/><kerning first="82" second="86" amount="-1"/><kerning first="82" second="88" amount="-1"/><kerning first="82" second="89" amount="-1"/><kerning first="82" second="90" amount="-1"/><kerning first="82" second="42" amount="-1"/><kerning first="82" second="45" amount="-2"/><kerning first="83" second="116" amount="-2"/><kerning first="83" second="122" amount="-1"/><kerning first="83" second="74" amount="-1"/><kerning first="83" second="83" amount="-1"/><kerning first="83" second="84" amount="-1"/><kerning first="83" second="89" amount="-1"/><kerning first="83" second="42" amount="-1"/><kerning first="83" second="45" amount="1"/><kerning first="84" second="97" amount="-4"/><kerning first="84" second="99" amount="-4"/><kerning first="84" second="100" amount="-4"/><kerning first="84" second="101" amount="-4"/><kerning first="84" second="102" amount="-1"/><kerning first="84" second="103" amount="-4"/><kerning first="84" second="109" amount="-2"/><kerning first="84" second="110" amount="-2"/><kerning first="84" second="111" amount="-4"/><kerning first="84" second="112" amount="-2"/><kerning first="84" second="113" amount="-4"/><kerning first="84" second="114" amount="-2"/><kerning first="84" second="115" amount="-3"/><kerning first="84" second="116" amount="-1"/><kerning first="84" second="117" amount="-2"/><kerning first="84" second="118" amount="-1"/><kerning first="84" second="119" amount="-1"/><kerning first="84" second="120" amount="-1"/><kerning first="84" second="121" amount="-1"/><kerning first="84" second="122" amount="-4"/><kerning first="84" second="65" amount="-2"/><kerning first="84" second="67" amount="-2"/><kerning first="84" second="71" amount="-2"/><kerning first="84" second="74" amount="-7"/><kerning first="84" second="79" amount="-2"/><kerning first="84" second="81" amount="-2"/><kerning first="84" second="83" amount="-1"/><kerning first="84" second="88" amount="-1"/><kerning first="84" second="89" amount="-1"/><kerning first="84" second="90" amount="-2"/><kerning first="84" second="59" amount="-1"/><kerning first="84" second="58" amount="-1"/><kerning first="84" second="45" amount="-4"/><kerning first="84" second="46" amount="-7"/><kerning first="84" second="44" amount="-7"/><kerning first="84" second="47" amount="-4"/><kerning first="85" second="97" amount="-1"/><kerning first="85" second="103" amount="-1"/><kerning first="85" second="115" amount="-1"/><kerning first="85" second="120" amount="-1"/><kerning first="85" second="65" amount="-1"/><kerning first="85" second="74" amount="-3"/><kerning first="85" second="83" amount="-1"/><kerning first="85" second="86" amount="-1"/><kerning first="85" second="88" amount="-1"/><kerning first="85" second="89" amount="-1"/><kerning first="85" second="46" amount="-2"/><kerning first="85" second="44" amount="-2"/><kerning first="85" second="47" amount="-1"/><kerning first="86" second="97" amount="-2"/><kerning first="86" second="99" amount="-1"/><kerning first="86" second="100" amount="-1"/><kerning first="86" second="101" amount="-1"/><kerning first="86" second="103" amount="-1"/><kerning first="86" second="109" amount="-1"/><kerning first="86" second="110" amount="-1"/><kerning first="86" second="111" amount="-1"/><kerning first="86" second="112" amount="-1"/><kerning first="86" second="113" amount="-1"/><kerning first="86" second="114" amount="-1"/><kerning first="86" second="115" amount="-1"/><kerning first="86" second="117" amount="-2"/><kerning first="86" second="118" amount="-1"/><kerning first="86" second="119" amount="-1"/><kerning first="86" second="120" amount="-1"/><kerning first="86" second="121" amount="-1"/><kerning first="86" second="122" amount="-1"/><kerning first="86" second="65" amount="-1"/><kerning first="86" second="67" amount="-1"/><kerning first="86" second="71" amount="-1"/><kerning first="86" second="74" amount="-4"/><kerning first="86" second="79" amount="-1"/><kerning first="86" second="81" amount="-1"/><kerning first="86" second="83" amount="-1"/><kerning first="86" second="85" amount="-1"/><kerning first="86" second="86" amount="1"/><kerning first="86" second="90" amount="-1"/><kerning first="86" second="45" amount="-1"/><kerning first="86" second="46" amount="-4"/><kerning first="86" second="44" amount="-4"/><kerning first="86" second="47" amount="-1"/><kerning first="87" second="97" amount="-1"/><kerning first="87" second="122" amount="-1"/><kerning first="87" second="74" amount="-3"/><kerning first="87" second="45" amount="-1"/><kerning first="87" second="46" amount="-2"/><kerning first="87" second="44" amount="-2"/><kerning first="88" second="97" amount="-1"/><kerning first="88" second="99" amount="-1"/><kerning first="88" second="100" amount="-1"/><kerning first="88" second="101" amount="-1"/><kerning first="88" second="102" amount="-2"/><kerning first="88" second="111" amount="-1"/><kerning first="88" second="113" amount="-1"/><kerning first="88" second="116" amount="-2"/><kerning first="88" second="117" amount="-1"/><kerning first="88" second="118" amount="-2"/><kerning first="88" second="119" amount="-1"/><kerning first="88" second="120" amount="-1"/><kerning first="88" second="121" amount="-2"/><kerning first="88" second="122" amount="-1"/><kerning first="88" second="67" amount="-2"/><kerning first="88" second="71" amount="-2"/><kerning first="88" second="74" amount="-1"/><kerning first="88" second="79" amount="-2"/><kerning first="88" second="81" amount="-2"/><kerning first="88" second="83" amount="-1"/><kerning first="88" second="84" amount="-1"/><kerning first="88" second="85" amount="-1"/><kerning first="88" second="42" amount="-1"/><kerning first="88" second="45" amount="-2"/><kerning first="88" second="34" amount="-1"/><kerning first="88" second="39" amount="-1"/><kerning first="89" second="97" amount="-4"/><kerning first="89" second="99" amount="-3"/><kerning first="89" second="100" amount="-3"/><kerning first="89" second="101" amount="-3"/><kerning first="89" second="103" amount="-3"/><kerning first="89" second="109" amount="-2"/><kerning first="89" second="110" amount="-2"/><kerning first="89" second="111" amount="-3"/><kerning first="89" second="112" amount="-2"/><kerning first="89" second="113" amount="-3"/><kerning first="89" second="114" amount="-2"/><kerning first="89" second="115" amount="-3"/><kerning first="89" second="116" amount="-3"/><kerning first="89" second="117" amount="-2"/><kerning first="89" second="118" amount="-1"/><kerning first="89" second="119" amount="-2"/><kerning first="89" second="120" amount="-2"/><kerning first="89" second="121" amount="-1"/><kerning first="89" second="122" amount="-3"/><kerning first="89" second="65" amount="-1"/><kerning first="89" second="67" amount="-1"/><kerning first="89" second="71" amount="-1"/><kerning first="89" second="74" amount="-6"/><kerning first="89" second="79" amount="-1"/><kerning first="89" second="81" amount="-1"/><kerning first="89" second="83" amount="-1"/><kerning first="89" second="84" amount="-1"/><kerning first="89" second="85" amount="-1"/><kerning first="89" second="90" amount="-1"/><kerning first="89" second="59" amount="-2"/><kerning first="89" second="58" amount="-2"/><kerning first="89" second="63" amount="-1"/><kerning first="89" second="45" amount="-4"/><kerning first="89" second="46" amount="-7"/><kerning first="89" second="44" amount="-7"/><kerning first="89" second="47" amount="-3"/><kerning first="90" second="97" amount="-1"/><kerning first="90" second="99" amount="-1"/><kerning first="90" second="100" amount="-1"/><kerning first="90" second="101" amount="-1"/><kerning first="90" second="102" amount="-1"/><kerning first="90" second="103" amount="-1"/><kerning first="90" second="111" amount="-1"/><kerning first="90" second="113" amount="-1"/><kerning first="90" second="116" amount="-1"/><kerning first="90" second="117" amount="-1"/><kerning first="90" second="118" amount="-1"/><kerning first="90" second="119" amount="-1"/><kerning first="90" second="120" amount="-2"/><kerning first="90" second="121" amount="-1"/><kerning first="90" second="67" amount="-1"/><kerning first="90" second="71" amount="-1"/><kerning first="90" second="74" amount="-1"/><kerning first="90" second="79" amount="-1"/><kerning first="90" second="81" amount="-1"/><kerning first="90" second="83" amount="-2"/><kerning first="90" second="85" amount="-1"/><kerning first="90" second="89" amount="-1"/><kerning first="90" second="90" amount="-1"/><kerning first="90" second="45" amount="-1"/><kerning first="59" second="89" amount="-2"/><kerning first="59" second="42" amount="-1"/><kerning first="58" second="89" amount="-2"/><kerning first="58" second="42" amount="-1"/><kerning first="40" second="106" amount="5"/><kerning first="40" second="74" amount="-1"/><kerning first="45" second="116" amount="-1"/><kerning first="45" second="118" amount="-1"/><kerning first="45" second="120" amount="-1"/><kerning first="45" second="74" amount="-1"/><kerning first="45" second="83" amount="-2"/><kerning first="45" second="84" amount="-3"/><kerning first="45" second="86" amount="-1"/><kerning first="45" second="87" amount="-1"/><kerning first="45" second="88" amount="-2"/><kerning first="45" second="89" amount="-4"/><kerning first="45" second="90" amount="-1"/><kerning first="46" second="99" amount="-1"/><kerning first="46" second="100" amount="-1"/><kerning first="46" second="101" amount="-1"/><kerning first="46" second="106" amount="2"/><kerning first="46" second="111" amount="-1"/><kerning first="46" second="113" amount="-1"/><kerning first="46" second="116" amount="-4"/><kerning first="46" second="118" amount="-4"/><kerning first="46" second="119" amount="-2"/><kerning first="46" second="121" amount="-1"/><kerning first="46" second="84" amount="-6"/><kerning first="46" second="85" amount="-2"/><kerning first="46" second="86" amount="-4"/><kerning first="46" second="87" amount="-2"/><kerning first="46" second="89" amount="-7"/><kerning first="46" second="42" amount="-10"/><kerning first="46" second="34" amount="-8"/><kerning first="46" second="39" amount="-8"/><kerning first="44" second="99" amount="-1"/><kerning first="44" second="100" amount="-1"/><kerning first="44" second="101" amount="-1"/><kerning first="44" second="106" amount="2"/><kerning first="44" second="111" amount="-1"/><kerning first="44" second="113" amount="-1"/><kerning first="44" second="116" amount="-4"/><kerning first="44" second="118" amount="-4"/><kerning first="44" second="119" amount="-2"/><kerning first="44" second="121" amount="-1"/><kerning first="44" second="84" amount="-6"/><kerning first="44" second="85" amount="-2"/><kerning first="44" second="86" amount="-4"/><kerning first="44" second="87" amount="-2"/><kerning first="44" second="89" amount="-7"/><kerning first="44" second="42" amount="-10"/><kerning first="44" second="34" amount="-8"/><kerning first="44" second="39" amount="-8"/><kerning first="47" second="97" amount="-2"/><kerning first="47" second="99" amount="-1"/><kerning first="47" second="100" amount="-1"/><kerning first="47" second="101" amount="-1"/><kerning first="47" second="103" amount="-1"/><kerning first="47" second="111" amount="-1"/><kerning first="47" second="113" amount="-1"/><kerning first="47" second="117" amount="-1"/><kerning first="47" second="65" amount="-2"/><kerning first="47" second="67" amount="-1"/><kerning first="47" second="71" amount="-1"/><kerning first="47" second="74" amount="-5"/><kerning first="47" second="79" amount="-1"/><kerning first="47" second="81" amount="-1"/><kerning first="34" second="99" amount="-1"/><kerning first="34" second="100" amount="-1"/><kerning first="34" second="101" amount="-1"/><kerning first="34" second="111" amount="-1"/><kerning first="34" second="113" amount="-1"/><kerning first="34" second="115" amount="-1"/><kerning first="34" second="65" amount="-4"/><kerning first="34" second="74" amount="-7"/><kerning first="34" second="83" amount="-1"/><kerning first="34" second="88" amount="-1"/><kerning first="34" second="46" amount="-8"/><kerning first="34" second="44" amount="-8"/><kerning first="39" second="99" amount="-1"/><kerning first="39" second="100" amount="-1"/><kerning first="39" second="101" amount="-1"/><kerning first="39" second="111" amount="-1"/><kerning first="39" second="113" amount="-1"/><kerning first="39" second="115" amount="-1"/><kerning first="39" second="65" amount="-4"/><kerning first="39" second="74" amount="-7"/><kerning first="39" second="83" amount="-1"/><kerning first="39" second="88" amount="-1"/><kerning first="39" second="46" amount="-8"/><kerning first="39" second="44" amount="-8"/><kerning first="123" second="106" amount="5"/><kerning first="123" second="74" amount="-1"/><kerning first="91" second="106" amount="5"/><kerning first="91" second="74" amount="-1"/><kerning first="12479" second="12289" amount="-1"/><kerning first="12452" second="12479" amount="-2"/><kerning first="12452" second="12463" amount="-1"/><kerning first="12452" second="12486" amount="-1"/><kerning first="12452" second="12473" amount="-1"/><kerning first="12452" second="12464" amount="-1"/><kerning first="12452" second="12289" amount="-1"/><kerning first="12452" second="12512" amount="-1"/><kerning first="12523" second="12467" amount="-1"/><kerning first="12523" second="12531" amount="-1"/><kerning first="12523" second="12512" amount="-1"/><kerning first="12493" second="12467" amount="-1"/><kerning first="12463" second="12479" amount="-2"/><kerning first="12463" second="12523" amount="-1"/><kerning first="12463" second="12463" amount="-2"/><kerning first="12463" second="12473" amount="-1"/><kerning first="12463" second="12464" amount="-2"/><kerning first="12463" second="12289" amount="-4"/><kerning first="12463" second="12512" amount="-4"/><kerning first="12488" second="12289" amount="-1"/><kerning first="12524" second="12512" amount="-1"/><kerning first="12505" second="12473" amount="1"/><kerning first="12531" second="12493" amount="-1"/><kerning first="12531" second="12473" amount="-1"/><kerning first="12531" second="12503" amount="-1"/><kerning first="12531" second="12501" amount="-1"/><kerning first="12531" second="12289" amount="-3"/><kerning first="12531" second="12502" amount="-1"/><kerning first="12531" second="12512" amount="-1"/><kerning first="12486" second="12451" amount="-3"/><kerning first="12486" second="12289" amount="-1"/><kerning first="12486" second="12512" amount="-1"/><kerning first="12517" second="12524" amount="-1"/><kerning first="12517" second="12450" amount="-1"/><kerning first="12517" second="12289" amount="-1"/><kerning first="12540" second="12531" amount="-2"/><kerning first="12540" second="12451" amount="-2"/><kerning first="12540" second="12473" amount="-2"/><kerning first="12540" second="12391" amount="-3"/><kerning first="12540" second="12503" amount="-3"/><kerning first="12540" second="12390" amount="-3"/><kerning first="12540" second="12450" amount="-2"/><kerning first="12540" second="12471" amount="-1"/><kerning first="12540" second="12501" amount="-3"/><kerning first="12540" second="12502" amount="-3"/><kerning first="12540" second="12512" amount="-1"/><kerning first="12522" second="12289" amount="-3"/><kerning first="12473" second="12505" amount="-3"/><kerning first="12473" second="12510" amount="-1"/><kerning first="12473" second="12506" amount="-3"/><kerning first="12428" second="12391" amount="-1"/><kerning first="12428" second="12390" amount="-1"/><kerning first="12428" second="12388" amount="-1"/><kerning first="12428" second="12289" amount="1"/><kerning first="12391" second="12368" amount="1"/><kerning first="12391" second="12289" amount="-2"/><kerning first="12377" second="12463" amount="-1"/><kerning first="12377" second="12505" amount="-3"/><kerning first="12377" second="12391" amount="1"/><kerning first="12377" second="12390" amount="1"/><kerning first="12377" second="12506" amount="-4"/><kerning first="12377" second="12409" amount="-3"/><kerning first="12377" second="12289" amount="-4"/><kerning first="12503" second="12451" amount="-1"/><kerning first="12503" second="12517" amount="-1"/><kerning first="12503" second="12289" amount="-1"/><kerning first="12375" second="12391" amount="-1"/><kerning first="12375" second="12377" amount="-1"/><kerning first="12375" second="12390" amount="-1"/><kerning first="12375" second="12388" amount="-3"/><kerning first="12390" second="12434" amount="-1"/><kerning first="12390" second="12388" amount="-1"/><kerning first="12390" second="12368" amount="-1"/><kerning first="12390" second="12414" amount="-2"/><kerning first="12390" second="12289" amount="-2"/><kerning first="12390" second="12399" amount="-1"/><kerning first="12390" second="12354" amount="-1"/><kerning first="12390" second="12365" amount="-1"/><kerning first="12489" second="12289" amount="-2"/><kerning first="12398" second="12365" amount="-1"/><kerning first="12510" second="12289" amount="-2"/><kerning first="12481" second="12289" amount="-3"/><kerning first="12481" second="12512" amount="-1"/><kerning first="12464" second="12463" amount="-1"/><kerning first="12464" second="12464" amount="-1"/><kerning first="12464" second="12289" amount="-3"/><kerning first="12464" second="12512" amount="-1"/><kerning first="12450" second="12452" amount="-2"/><kerning first="12450" second="12463" amount="-2"/><kerning first="12450" second="12505" amount="-1"/><kerning first="12450" second="12531" amount="-2"/><kerning first="12450" second="12491" amount="-1"/><kerning first="12450" second="12540" amount="-3"/><kerning first="12450" second="12481" amount="-1"/><kerning first="12450" second="12464" amount="-2"/><kerning first="12450" second="12506" amount="-1"/><kerning first="12450" second="12471" amount="-2"/><kerning first="12450" second="12289" amount="-5"/><kerning first="12450" second="12512" amount="-3"/><kerning first="12450" second="12475" amount="-1"/><kerning first="12388" second="12289" amount="-2"/><kerning first="12409" second="12391" amount="-2"/><kerning first="12409" second="12390" amount="-2"/><kerning first="12471" second="12289" amount="-1"/><kerning first="12515" second="12289" amount="-1"/><kerning first="12501" second="12531" amount="1"/><kerning first="12501" second="12451" amount="-1"/><kerning first="12501" second="12289" amount="-2"/><kerning first="12501" second="12512" amount="-1"/><kerning first="12368" second="12391" amount="1"/><kerning first="12368" second="12390" amount="1"/><kerning first="12368" second="12289" amount="-1"/><kerning first="12368" second="12427" amount="-1"/><kerning first="12368" second="12415" amount="2"/><kerning first="12364" second="12289" amount="-1"/><kerning first="12414" second="12289" amount="-2"/><kerning first="12414" second="12379" amount="-1"/><kerning first="12383" second="12414" amount="-1"/><kerning first="12363" second="12289" amount="-1"/><kerning first="12363" second="12399" amount="-2"/><kerning first="12461" second="12531" amount="-1"/><kerning first="12461" second="12473" amount="-1"/><kerning first="12461" second="12289" amount="-2"/><kerning first="12395" second="12377" amount="1"/><kerning first="12395" second="12368" amount="-1"/><kerning first="12395" second="12364" amount="-1"/><kerning first="12395" second="12289" amount="-1"/><kerning first="12395" second="12373" amount="-1"/><kerning first="12395" second="12371" amount="-1"/><kerning first="12465" second="12452" amount="-1"/><kerning first="12465" second="12524" amount="-1"/><kerning first="12465" second="12505" amount="-1"/><kerning first="12465" second="12531" amount="-1"/><kerning first="12465" second="12486" amount="-1"/><kerning first="12465" second="12506" amount="-1"/><kerning first="12465" second="12289" amount="-4"/><kerning first="12465" second="12512" amount="-3"/><kerning first="12425" second="12391" amount="-1"/><kerning first="12425" second="12377" amount="-1"/><kerning first="12425" second="12390" amount="-1"/><kerning first="12425" second="12379" amount="-1"/><kerning first="12360" second="12505" amount="-1"/><kerning first="12360" second="12391" amount="-1"/><kerning first="12360" second="12390" amount="-2"/><kerning first="12360" second="12506" amount="-1"/><kerning first="12360" second="12388" amount="-1"/><kerning first="12360" second="12409" amount="-3"/><kerning first="12360" second="12501" amount="-1"/><kerning first="12360" second="12368" amount="-1"/><kerning first="12360" second="12502" amount="-1"/><kerning first="12360" second="12427" amount="-1"/><kerning first="12360" second="12365" amount="-1"/><kerning first="12426" second="12388" amount="1"/><kerning first="12426" second="12289" amount="-2"/><kerning first="12502" second="12451" amount="-1"/><kerning first="12502" second="12289" amount="-1"/><kerning first="12512" second="12503" amount="-3"/><kerning first="12512" second="12501" amount="-3"/><kerning first="12512" second="12502" amount="-3"/><kerning first="12427" second="12510" amount="-2"/><kerning first="12427" second="12388" amount="-2"/><kerning first="12371" second="12377" amount="-1"/><kerning first="12371" second="12289" amount="-1"/><kerning first="12356" second="12391" amount="-1"/><kerning first="12356" second="12390" amount="-1"/><kerning first="12527" second="12451" amount="-1"/><kerning first="12527" second="12289" amount="-3"/><kerning first="12399" second="12383" amount="-1"/><kerning first="12354" second="12391" amount="-1"/><kerning first="12354" second="12390" amount="-1"/><kerning first="12354" second="12501" amount="-1"/><kerning first="12435" second="12391" amount="-2"/><kerning first="12435" second="12377" amount="-1"/><kerning first="12435" second="12390" amount="-2"/><kerning first="12365" second="12289" amount="-3"/><kerning first="12365" second="12427" amount="-1"/></kernings></font>