<?xml version="1.0" encoding="UTF-8"?><font><info face="NotoSansSC-Black" size="70" bold="0" italic="0" charset="" unicode="1" stretchH="100" smooth="1" aa="1" padding="1,1,1,1" spacing="1,1"/><common lineHeight="70" base="81" scaleW="895" scaleH="892" pages="1" packed="0"/><pages><page id="0" file="NotoZh-Wood.png"/></pages><chars count="213"><char id="32" x="0" y="0" width="0" height="0" xoffset="1" yoffset="0" xadvance="18" page="0" chnl="15"/><char id="33" x="240" y="708" width="16" height="57" xoffset="7" yoffset="27" xadvance="29" page="0" chnl="15"/><char id="34" x="822" y="823" width="34" height="29" xoffset="6" yoffset="26" xadvance="46" page="0" chnl="15"/><char id="35" x="0" y="823" width="39" height="54" xoffset="3" yoffset="29" xadvance="44" page="0" chnl="15"/><char id="36" x="105" y="0" width="37" height="71" xoffset="3" yoffset="21" xadvance="44" page="0" chnl="15"/><char id="37" x="637" y="708" width="67" height="56" xoffset="2" yoffset="28" xadvance="71" page="0" chnl="15"/><char id="38" x="837" y="365" width="54" height="56" xoffset="2" yoffset="28" xadvance="56" page="0" chnl="15"/><char id="39" x="766" y="823" width="15" height="30" xoffset="6" yoffset="26" xadvance="26" page="0" chnl="15"/><char id="40" x="36" y="0" width="20" height="75" xoffset="6" yoffset="22" xadvance="30" page="0" chnl="15"/><char id="41" x="57" y="0" width="20" height="75" xoffset="4" yoffset="22" xadvance="30" page="0" chnl="15"/><char id="42" x="712" y="823" width="33" height="32" xoffset="3" yoffset="24" xadvance="39" page="0" chnl="15"/><char id="43" x="634" y="823" width="39" height="41" xoffset="3" yoffset="35" xadvance="44" page="0" chnl="15"/><char id="44" x="746" y="823" width="19" height="32" xoffset="4" yoffset="67" xadvance="26" page="0" chnl="15"/><char id="45" x="844" y="55" width="22" height="12" xoffset="4" yoffset="56" xadvance="28" page="0" chnl="15"/><char id="46" x="875" y="798" width="17" height="17" xoffset="5" yoffset="67" xadvance="26" page="0" chnl="15"/><char id="47" x="78" y="0" width="26" height="72" xoffset="1" yoffset="24" xadvance="28" page="0" chnl="15"/><char id="48" x="257" y="708" width="39" height="56" xoffset="3" yoffset="28" xadvance="44" page="0" chnl="15"/><char id="49" x="45" y="767" width="35" height="54" xoffset="5" yoffset="29" xadvance="44" page="0" chnl="15"/><char id="50" x="739" y="708" width="39" height="55" xoffset="2" yoffset="28" xadvance="44" page="0" chnl="15"/><char id="51" x="297" y="708" width="39" height="56" xoffset="2" yoffset="28" xadvance="44" page="0" chnl="15"/><char id="52" x="81" y="767" width="41" height="54" xoffset="2" yoffset="29" xadvance="44" page="0" chnl="15"/><char id="53" x="779" y="708" width="39" height="55" xoffset="2" yoffset="29" xadvance="44" page="0" chnl="15"/><char id="54" x="337" y="708" width="39" height="56" xoffset="3" yoffset="28" xadvance="44" page="0" chnl="15"/><char id="55" x="123" y="767" width="37" height="54" xoffset="4" yoffset="29" xadvance="44" page="0" chnl="15"/><char id="56" x="377" y="708" width="38" height="56" xoffset="3" yoffset="28" xadvance="44" page="0" chnl="15"/><char id="57" x="416" y="708" width="38" height="56" xoffset="3" yoffset="28" xadvance="44" page="0" chnl="15"/><char id="58" x="432" y="823" width="17" height="43" xoffset="5" yoffset="41" xadvance="26" page="0" chnl="15"/><char id="59" x="872" y="642" width="19" height="58" xoffset="4" yoffset="41" xadvance="26" page="0" chnl="15"/><char id="61" x="782" y="823" width="39" height="29" xoffset="3" yoffset="41" xadvance="44" page="0" chnl="15"/><char id="63" x="81" y="708" width="33" height="58" xoffset="3" yoffset="26" xadvance="39" page="0" chnl="15"/><char id="64" x="285" y="0" width="67" height="70" xoffset="4" yoffset="27" xadvance="74" page="0" chnl="15"/><char id="65" x="841" y="435" width="50" height="54" xoffset="-1" yoffset="29" xadvance="48" page="0" chnl="15"/><char id="66" x="161" y="767" width="42" height="54" xoffset="6" yoffset="29" xadvance="50" page="0" chnl="15"/><char id="67" x="455" y="708" width="43" height="56" xoffset="4" yoffset="28" xadvance="48" page="0" chnl="15"/><char id="68" x="204" y="767" width="43" height="54" xoffset="6" yoffset="29" xadvance="53" page="0" chnl="15"/><char id="69" x="248" y="767" width="36" height="54" xoffset="6" yoffset="29" xadvance="46" page="0" chnl="15"/><char id="70" x="285" y="767" width="35" height="54" xoffset="6" yoffset="29" xadvance="44" page="0" chnl="15"/><char id="71" x="499" y="708" width="45" height="56" xoffset="4" yoffset="28" xadvance="53" page="0" chnl="15"/><char id="72" x="321" y="767" width="44" height="54" xoffset="6" yoffset="29" xadvance="56" page="0" chnl="15"/><char id="73" x="874" y="708" width="15" height="54" xoffset="6" yoffset="29" xadvance="26" page="0" chnl="15"/><char id="74" x="819" y="708" width="36" height="55" xoffset="1" yoffset="29" xadvance="43" page="0" chnl="15"/><char id="75" x="366" y="767" width="46" height="54" xoffset="6" yoffset="29" xadvance="51" page="0" chnl="15"/><char id="76" x="413" y="767" width="35" height="54" xoffset="6" yoffset="29" xadvance="43" page="0" chnl="15"/><char id="77" x="844" y="0" width="51" height="54" xoffset="6" yoffset="29" xadvance="63" page="0" chnl="15"/><char id="78" x="449" y="767" width="43" height="54" xoffset="6" yoffset="29" xadvance="55" page="0" chnl="15"/><char id="79" x="545" y="708" width="49" height="56" xoffset="4" yoffset="28" xadvance="57" page="0" chnl="15"/><char id="80" x="493" y="767" width="41" height="54" xoffset="6" yoffset="29" xadvance="50" page="0" chnl="15"/><char id="81" x="232" y="0" width="52" height="70" xoffset="4" yoffset="28" xadvance="57" page="0" chnl="15"/><char id="82" x="535" y="767" width="44" height="54" xoffset="6" yoffset="29" xadvance="51" page="0" chnl="15"/><char id="83" x="595" y="708" width="41" height="56" xoffset="3" yoffset="28" xadvance="46" page="0" chnl="15"/><char id="84" x="580" y="767" width="43" height="54" xoffset="2" yoffset="29" xadvance="46" page="0" chnl="15"/><char id="85" x="0" y="767" width="44" height="55" xoffset="6" yoffset="29" xadvance="55" page="0" chnl="15"/><char id="86" x="624" y="767" width="49" height="54" xoffset="-1" yoffset="29" xadvance="47" page="0" chnl="15"/><char id="87" x="674" y="767" width="65" height="54" xoffset="1" yoffset="29" xadvance="67" page="0" chnl="15"/><char id="88" x="740" y="767" width="46" height="54" xoffset="1" yoffset="29" xadvance="47" page="0" chnl="15"/><char id="89" x="787" y="767" width="46" height="54" xoffset="-1" yoffset="29" xadvance="44" page="0" chnl="15"/><char id="90" x="834" y="767" width="40" height="54" xoffset="3" yoffset="29" xadvance="45" page="0" chnl="15"/><char id="91" x="192" y="0" width="19" height="71" xoffset="7" yoffset="24" xadvance="30" page="0" chnl="15"/><char id="93" x="212" y="0" width="19" height="71" xoffset="4" yoffset="24" xadvance="30" page="0" chnl="15"/><char id="94" x="674" y="823" width="37" height="34" xoffset="4" yoffset="27" xadvance="44" page="0" chnl="15"/><char id="95" x="837" y="422" width="41" height="10" xoffset="1" yoffset="85" xadvance="42" page="0" chnl="15"/><char id="97" x="72" y="823" width="37" height="44" xoffset="3" yoffset="40" xadvance="44" page="0" chnl="15"/><char id="98" x="738" y="642" width="40" height="59" xoffset="5" yoffset="25" xadvance="48" page="0" chnl="15"/><char id="99" x="110" y="823" width="35" height="44" xoffset="3" yoffset="40" xadvance="39" page="0" chnl="15"/><char id="100" x="779" y="642" width="40" height="59" xoffset="3" yoffset="25" xadvance="48" page="0" chnl="15"/><char id="101" x="146" y="823" width="38" height="44" xoffset="3" yoffset="40" xadvance="43" page="0" chnl="15"/><char id="102" x="820" y="642" width="30" height="59" xoffset="2" yoffset="24" xadvance="29" page="0" chnl="15"/><char id="103" x="835" y="505" width="41" height="60" xoffset="3" yoffset="40" xadvance="45" page="0" chnl="15"/><char id="104" x="0" y="708" width="38" height="58" xoffset="5" yoffset="25" xadvance="48" page="0" chnl="15"/><char id="105" x="877" y="505" width="16" height="60" xoffset="4" yoffset="23" xadvance="24" page="0" chnl="15"/><char id="106" x="11" y="0" width="24" height="75" xoffset="-4" yoffset="23" xadvance="24" page="0" chnl="15"/><char id="107" x="39" y="708" width="41" height="58" xoffset="5" yoffset="25" xadvance="46" page="0" chnl="15"/><char id="108" x="851" y="642" width="20" height="59" xoffset="5" yoffset="25" xadvance="25" page="0" chnl="15"/><char id="109" x="262" y="823" width="61" height="43" xoffset="5" yoffset="40" xadvance="70" page="0" chnl="15"/><char id="110" x="324" y="823" width="38" height="43" xoffset="5" yoffset="40" xadvance="48" page="0" chnl="15"/><char id="111" x="185" y="823" width="41" height="44" xoffset="3" yoffset="40" xadvance="46" page="0" chnl="15"/><char id="112" x="115" y="708" width="40" height="57" xoffset="5" yoffset="40" xadvance="48" page="0" chnl="15"/><char id="113" x="156" y="708" width="40" height="57" xoffset="3" yoffset="40" xadvance="48" page="0" chnl="15"/><char id="114" x="363" y="823" width="29" height="43" xoffset="5" yoffset="40" xadvance="34" page="0" chnl="15"/><char id="115" x="227" y="823" width="34" height="44" xoffset="2" yoffset="40" xadvance="37" page="0" chnl="15"/><char id="116" x="40" y="823" width="31" height="53" xoffset="1" yoffset="31" xadvance="33" page="0" chnl="15"/><char id="117" x="393" y="823" width="38" height="43" xoffset="5" yoffset="41" xadvance="47" page="0" chnl="15"/><char id="118" x="450" y="823" width="43" height="42" xoffset="1" yoffset="41" xadvance="44" page="0" chnl="15"/><char id="119" x="494" y="823" width="61" height="42" xoffset="2" yoffset="41" xadvance="64" page="0" chnl="15"/><char id="120" x="556" y="823" width="42" height="42" xoffset="1" yoffset="41" xadvance="43" page="0" chnl="15"/><char id="121" x="197" y="708" width="42" height="57" xoffset="1" yoffset="41" xadvance="44" page="0" chnl="15"/><char id="122" x="599" y="823" width="34" height="42" xoffset="3" yoffset="41" xadvance="39" page="0" chnl="15"/><char id="123" x="143" y="0" width="23" height="71" xoffset="3" yoffset="24" xadvance="30" page="0" chnl="15"/><char id="124" x="0" y="0" width="10" height="83" xoffset="7" yoffset="21" xadvance="23" page="0" chnl="15"/><char id="125" x="167" y="0" width="24" height="71" xoffset="4" yoffset="24" xadvance="30" page="0" chnl="15"/><char id="19968" x="0" y="878" width="68" height="14" xoffset="2" yoffset="48" xadvance="71" page="0" chnl="15"/><char id="19981" x="397" y="642" width="69" height="64" xoffset="2" yoffset="26" xadvance="71" page="0" chnl="15"/><char id="20004" x="136" y="642" width="64" height="65" xoffset="4" yoffset="25" xadvance="71" page="0" chnl="15"/><char id="20010" x="279" y="365" width="70" height="69" xoffset="1" yoffset="21" xadvance="71" page="0" chnl="15"/><char id="20013" x="624" y="295" width="60" height="69" xoffset="6" yoffset="21" xadvance="71" page="0" chnl="15"/><char id="20043" x="209" y="84" width="67" height="70" xoffset="3" yoffset="20" xadvance="71" page="0" chnl="15"/><char id="20081" x="631" y="435" width="69" height="68" xoffset="2" yoffset="21" xadvance="71" page="0" chnl="15"/><char id="20102" x="268" y="642" width="61" height="65" xoffset="6" yoffset="25" xadvance="71" page="0" chnl="15"/><char id="20110" x="602" y="642" width="66" height="64" xoffset="3" yoffset="25" xadvance="71" page="0" chnl="15"/><char id="20197" x="744" y="574" width="67" height="66" xoffset="4" yoffset="24" xadvance="71" page="0" chnl="15"/><char id="20284" x="558" y="365" width="70" height="69" xoffset="1" yoffset="21" xadvance="71" page="0" chnl="15"/><char id="20320" x="0" y="365" width="70" height="69" xoffset="0" yoffset="21" xadvance="71" page="0" chnl="15"/><char id="20572" x="421" y="0" width="69" height="70" xoffset="1" yoffset="20" xadvance="71" page="0" chnl="15"/><char id="20801" x="138" y="84" width="70" height="70" xoffset="1" yoffset="20" xadvance="71" page="0" chnl="15"/><char id="20813" x="771" y="435" width="69" height="68" xoffset="1" yoffset="21" xadvance="71" page="0" chnl="15"/><char id="20851" x="413" y="84" width="70" height="69" xoffset="1" yoffset="21" xadvance="71" page="0" chnl="15"/><char id="20987" x="620" y="225" width="66" height="69" xoffset="3" yoffset="21" xadvance="71" page="0" chnl="15"/><char id="21033" x="828" y="84" width="67" height="69" xoffset="1" yoffset="21" xadvance="71" page="0" chnl="15"/><char id="21040" x="698" y="505" width="65" height="67" xoffset="3" yoffset="22" xadvance="71" page="0" chnl="15"/><char id="21069" x="482" y="225" width="66" height="69" xoffset="3" yoffset="21" xadvance="71" page="0" chnl="15"/><char id="21152" x="283" y="505" width="66" height="68" xoffset="1" yoffset="22" xadvance="71" page="0" chnl="15"/><char id="21169" x="492" y="505" width="68" height="68" xoffset="1" yoffset="22" xadvance="71" page="0" chnl="15"/><char id="21345" x="484" y="84" width="66" height="69" xoffset="3" yoffset="21" xadvance="71" page="0" chnl="15"/><char id="21363" x="201" y="642" width="66" height="65" xoffset="2" yoffset="25" xadvance="71" page="0" chnl="15"/><char id="21385" x="605" y="574" width="68" height="66" xoffset="1" yoffset="24" xadvance="71" page="0" chnl="15"/><char id="21451" x="70" y="155" width="69" height="69" xoffset="1" yoffset="21" xadvance="71" page="0" chnl="15"/><char id="21462" x="674" y="574" width="69" height="66" xoffset="2" yoffset="24" xadvance="71" page="0" chnl="15"/><char id="21478" x="403" y="574" width="63" height="66" xoffset="3" yoffset="24" xadvance="71" page="0" chnl="15"/><char id="21487" x="330" y="642" width="66" height="64" xoffset="3" yoffset="26" xadvance="71" page="0" chnl="15"/><char id="21512" x="350" y="365" width="69" height="69" xoffset="2" yoffset="21" xadvance="71" page="0" chnl="15"/><char id="21518" x="0" y="295" width="69" height="69" xoffset="1" yoffset="21" xadvance="71" page="0" chnl="15"/><char id="21578" x="71" y="365" width="65" height="69" xoffset="3" yoffset="21" xadvance="71" page="0" chnl="15"/><char id="22238" x="138" y="574" width="63" height="67" xoffset="5" yoffset="23" xadvance="71" page="0" chnl="15"/><char id="22270" x="339" y="574" width="63" height="66" xoffset="5" yoffset="24" xadvance="71" page="0" chnl="15"/><char id="22312" x="275" y="225" width="68" height="69" xoffset="1" yoffset="21" xadvance="71" page="0" chnl="15"/><char id="22359" x="211" y="435" width="69" height="68" xoffset="1" yoffset="22" xadvance="71" page="0" chnl="15"/><char id="22797" x="276" y="155" width="70" height="69" xoffset="1" yoffset="21" xadvance="71" page="0" chnl="15"/><char id="22806" x="140" y="295" width="70" height="69" xoffset="1" yoffset="21" xadvance="71" page="0" chnl="15"/><char id="22826" x="419" y="295" width="70" height="69" xoffset="1" yoffset="21" xadvance="71" page="0" chnl="15"/><char id="22833" x="140" y="155" width="69" height="69" xoffset="2" yoffset="21" xadvance="71" page="0" chnl="15"/><char id="22870" x="421" y="505" width="70" height="68" xoffset="2" yoffset="21" xadvance="71" page="0" chnl="15"/><char id="22909" x="0" y="155" width="69" height="69" xoffset="1" yoffset="21" xadvance="71" page="0" chnl="15"/><char id="22987" x="757" y="84" width="70" height="69" xoffset="2" yoffset="21" xadvance="71" page="0" chnl="15"/><char id="23450" x="632" y="0" width="69" height="70" xoffset="1" yoffset="20" xadvance="71" page="0" chnl="15"/><char id="23475" x="490" y="295" width="65" height="69" xoffset="4" yoffset="21" xadvance="71" page="0" chnl="15"/><char id="23545" x="344" y="84" width="68" height="69" xoffset="2" yoffset="21" xadvance="71" page="0" chnl="15"/><char id="23558" x="70" y="295" width="69" height="69" xoffset="1" yoffset="21" xadvance="71" page="0" chnl="15"/><char id="23569" x="826" y="295" width="69" height="69" xoffset="1" yoffset="21" xadvance="71" page="0" chnl="15"/><char id="23616" x="537" y="574" width="67" height="66" xoffset="1" yoffset="24" xadvance="71" page="0" chnl="15"/><char id="24067" x="211" y="295" width="68" height="69" xoffset="1" yoffset="21" xadvance="71" page="0" chnl="15"/><char id="24182" x="555" y="155" width="66" height="69" xoffset="3" yoffset="21" xadvance="71" page="0" chnl="15"/><char id="24191" x="0" y="84" width="67" height="70" xoffset="1" yoffset="21" xadvance="71" page="0" chnl="15"/><char id="24207" x="491" y="0" width="68" height="70" xoffset="1" yoffset="20" xadvance="71" page="0" chnl="15"/><char id="24320" x="0" y="642" width="66" height="65" xoffset="3" yoffset="25" xadvance="71" page="0" chnl="15"/><char id="24377" x="138" y="225" width="66" height="69" xoffset="4" yoffset="21" xadvance="71" page="0" chnl="15"/><char id="24471" x="485" y="155" width="69" height="69" xoffset="0" yoffset="21" xadvance="71" page="0" chnl="15"/><char id="24605" x="467" y="642" width="68" height="64" xoffset="2" yoffset="24" xadvance="71" page="0" chnl="15"/><char id="25152" x="701" y="435" width="69" height="68" xoffset="1" yoffset="22" xadvance="71" page="0" chnl="15"/><char id="25171" x="562" y="435" width="68" height="68" xoffset="2" yoffset="21" xadvance="71" page="0" chnl="15"/><char id="25265" x="685" y="295" width="69" height="69" xoffset="1" yoffset="21" xadvance="71" page="0" chnl="15"/><char id="25509" x="420" y="365" width="69" height="69" xoffset="1" yoffset="21" xadvance="71" page="0" chnl="15"/><char id="25773" x="137" y="365" width="70" height="69" xoffset="1" yoffset="21" xadvance="71" page="0" chnl="15"/><char id="25918" x="208" y="365" width="70" height="69" xoffset="1" yoffset="21" xadvance="71" page="0" chnl="15"/><char id="26032" x="352" y="435" width="69" height="68" xoffset="1" yoffset="21" xadvance="71" page="0" chnl="15"/><char id="26041" x="353" y="0" width="67" height="70" xoffset="2" yoffset="20" xadvance="71" page="0" chnl="15"/><char id="26102" x="272" y="574" width="66" height="66" xoffset="4" yoffset="22" xadvance="71" page="0" chnl="15"/><char id="26174" x="669" y="642" width="68" height="63" xoffset="2" yoffset="24" xadvance="71" page="0" chnl="15"/><char id="26242" x="620" y="84" width="66" height="69" xoffset="3" yoffset="21" xadvance="71" page="0" chnl="15"/><char id="26377" x="691" y="155" width="68" height="69" xoffset="1" yoffset="21" xadvance="71" page="0" chnl="15"/><char id="26463" x="413" y="225" width="68" height="69" xoffset="2" yoffset="21" xadvance="71" page="0" chnl="15"/><char id="26469" x="687" y="225" width="70" height="69" xoffset="1" yoffset="21" xadvance="71" page="0" chnl="15"/><char id="26631" x="549" y="225" width="70" height="69" xoffset="1" yoffset="21" xadvance="71" page="0" chnl="15"/><char id="26834" x="347" y="295" width="71" height="69" xoffset="1" yoffset="21" xadvance="71" page="0" chnl="15"/><char id="27465" x="755" y="295" width="70" height="69" xoffset="1" yoffset="21" xadvance="71" page="0" chnl="15"/><char id="27809" x="350" y="505" width="70" height="68" xoffset="1" yoffset="22" xadvance="71" page="0" chnl="15"/><char id="27963" x="347" y="155" width="68" height="69" xoffset="2" yoffset="21" xadvance="71" page="0" chnl="15"/><char id="28040" x="622" y="155" width="68" height="69" xoffset="2" yoffset="21" xadvance="71" page="0" chnl="15"/><char id="28165" x="70" y="435" width="69" height="69" xoffset="1" yoffset="21" xadvance="71" page="0" chnl="15"/><char id="28779" x="213" y="505" width="69" height="68" xoffset="2" yoffset="22" xadvance="71" page="0" chnl="15"/><char id="28781" x="764" y="505" width="70" height="67" xoffset="1" yoffset="23" xadvance="71" page="0" chnl="15"/><char id="28856" x="68" y="225" width="69" height="69" xoffset="1" yoffset="21" xadvance="71" page="0" chnl="15"/><char id="28857" x="144" y="505" width="68" height="68" xoffset="2" yoffset="21" xadvance="71" page="0" chnl="15"/><char id="29190" x="0" y="505" width="71" height="68" xoffset="1" yoffset="22" xadvance="71" page="0" chnl="15"/><char id="29289" x="0" y="435" width="69" height="69" xoffset="1" yoffset="21" xadvance="71" page="0" chnl="15"/><char id="29943" x="629" y="365" width="67" height="69" xoffset="3" yoffset="21" xadvance="71" page="0" chnl="15"/><char id="29992" x="536" y="642" width="65" height="64" xoffset="1" yoffset="26" xadvance="71" page="0" chnl="15"/><char id="30340" x="760" y="155" width="64" height="69" xoffset="5" yoffset="21" xadvance="71" page="0" chnl="15"/><char id="30456" x="490" y="365" width="67" height="69" xoffset="1" yoffset="21" xadvance="71" page="0" chnl="15"/><char id="30495" x="280" y="295" width="66" height="69" xoffset="3" yoffset="21" xadvance="71" page="0" chnl="15"/><char id="30742" x="68" y="84" width="69" height="70" xoffset="1" yoffset="21" xadvance="71" page="0" chnl="15"/><char id="30768" x="467" y="574" width="69" height="66" xoffset="1" yoffset="24" xadvance="71" page="0" chnl="15"/><char id="30830" x="828" y="225" width="67" height="69" xoffset="1" yoffset="21" xadvance="71" page="0" chnl="15"/><char id="30861" x="202" y="574" width="69" height="67" xoffset="1" yoffset="23" xadvance="71" page="0" chnl="15"/><char id="31034" x="67" y="642" width="68" height="65" xoffset="1" yoffset="25" xadvance="71" page="0" chnl="15"/><char id="31435" x="71" y="574" width="66" height="67" xoffset="3" yoffset="20" xadvance="71" page="0" chnl="15"/><char id="31661" x="758" y="225" width="69" height="69" xoffset="1" yoffset="20" xadvance="71" page="0" chnl="15"/><char id="32467" x="344" y="225" width="68" height="69" xoffset="1" yoffset="21" xadvance="71" page="0" chnl="15"/><char id="32487" x="561" y="505" width="69" height="67" xoffset="1" yoffset="20" xadvance="71" page="0" chnl="15"/><char id="32493" x="687" y="84" width="69" height="69" xoffset="1" yoffset="21" xadvance="71" page="0" chnl="15"/><char id="32988" x="492" y="435" width="69" height="68" xoffset="1" yoffset="22" xadvance="71" page="0" chnl="15"/><char id="33719" x="416" y="155" width="68" height="69" xoffset="2" yoffset="21" xadvance="71" page="0" chnl="15"/><char id="35758" x="774" y="0" width="69" height="70" xoffset="2" yoffset="21" xadvance="71" page="0" chnl="15"/><char id="35768" x="697" y="365" width="68" height="69" xoffset="2" yoffset="21" xadvance="71" page="0" chnl="15"/><char id="35831" x="551" y="84" width="68" height="69" xoffset="2" yoffset="21" xadvance="71" page="0" chnl="15"/><char id="36133" x="422" y="435" width="69" height="68" xoffset="2" yoffset="22" xadvance="71" page="0" chnl="15"/><char id="36153" x="205" y="225" width="69" height="69" xoffset="2" yoffset="21" xadvance="71" page="0" chnl="15"/><char id="36194" x="140" y="435" width="70" height="69" xoffset="1" yoffset="21" xadvance="71" page="0" chnl="15"/><char id="36229" x="766" y="365" width="70" height="69" xoffset="1" yoffset="21" xadvance="71" page="0" chnl="15"/><char id="36339" x="825" y="155" width="70" height="69" xoffset="1" yoffset="21" xadvance="71" page="0" chnl="15"/><char id="36733" x="556" y="295" width="67" height="69" xoffset="3" yoffset="21" xadvance="71" page="0" chnl="15"/><char id="36807" x="72" y="505" width="71" height="68" xoffset="1" yoffset="22" xadvance="71" page="0" chnl="15"/><char id="36824" x="560" y="0" width="71" height="70" xoffset="0" yoffset="21" xadvance="71" page="0" chnl="15"/><char id="36830" x="702" y="0" width="71" height="70" xoffset="0" yoffset="21" xadvance="71" page="0" chnl="15"/><char id="36992" x="281" y="435" width="70" height="68" xoffset="1" yoffset="21" xadvance="71" page="0" chnl="15"/><char id="37197" x="812" y="574" width="69" height="65" xoffset="2" yoffset="24" xadvance="71" page="0" chnl="15"/><char id="37325" x="631" y="505" width="66" height="67" xoffset="3" yoffset="21" xadvance="71" page="0" chnl="15"/><char id="38388" x="210" y="155" width="65" height="69" xoffset="4" yoffset="21" xadvance="71" page="0" chnl="15"/><char id="38500" x="0" y="225" width="67" height="69" xoffset="4" yoffset="20" xadvance="71" page="0" chnl="15"/><char id="38556" x="277" y="84" width="66" height="70" xoffset="4" yoffset="20" xadvance="71" page="0" chnl="15"/><char id="39034" x="0" y="574" width="70" height="67" xoffset="0" yoffset="23" xadvance="71" page="0" chnl="15"/><char id="65281" x="856" y="708" width="17" height="55" xoffset="10" yoffset="29" xadvance="71" page="0" chnl="15"/><char id="65292" x="875" y="767" width="20" height="30" xoffset="12" yoffset="64" xadvance="71" page="0" chnl="15"/><char id="65311" x="705" y="708" width="33" height="56" xoffset="2" yoffset="28" xadvance="71" page="0" chnl="15"/></chars><kernings count="807"><kerning first="97" second="116" amount="-2"/><kerning first="97" second="84" amount="-2"/><kerning first="97" second="86" amount="-2"/><kerning first="97" second="87" amount="-1"/><kerning first="97" second="89" amount="-2"/><kerning first="97" second="63" amount="-3"/><kerning first="97" second="42" amount="-3"/><kerning first="98" second="97" amount="-1"/><kerning first="98" second="116" amount="-2"/><kerning first="98" second="118" amount="-1"/><kerning first="98" second="119" amount="-1"/><kerning first="98" second="120" amount="-2"/><kerning first="98" second="121" amount="-1"/><kerning first="98" second="122" amount="-1"/><kerning first="98" second="84" amount="-5"/><kerning first="98" second="86" amount="-2"/><kerning first="98" second="88" amount="-1"/><kerning first="98" second="89" amount="-5"/><kerning first="98" second="63" amount="-3"/><kerning first="98" second="46" amount="-1"/><kerning first="98" second="44" amount="-1"/><kerning first="98" second="34" amount="-1"/><kerning first="98" second="39" amount="-1"/><kerning first="99" second="97" amount="-1"/><kerning first="99" second="99" amount="-2"/><kerning first="99" second="100" amount="-2"/><kerning first="99" second="101" amount="-2"/><kerning first="99" second="103" amount="-1"/><kerning first="99" second="111" amount="-2"/><kerning first="99" second="113" amount="-2"/><kerning first="99" second="116" amount="-1"/><kerning first="99" second="120" amount="-1"/><kerning first="99" second="84" amount="-2"/><kerning first="99" second="86" amount="-2"/><kerning first="99" second="89" amount="-2"/><kerning first="99" second="45" amount="-3"/><kerning first="101" second="97" amount="-1"/><kerning first="101" second="103" amount="-1"/><kerning first="101" second="116" amount="-1"/><kerning first="101" second="118" amount="-1"/><kerning first="101" second="119" amount="-1"/><kerning first="101" second="120" amount="-1"/><kerning first="101" second="121" amount="-1"/><kerning first="101" second="122" amount="-1"/><kerning first="101" second="74" amount="-2"/><kerning first="101" second="83" amount="-2"/><kerning first="101" second="84" amount="-2"/><kerning first="101" second="86" amount="-2"/><kerning first="101" second="87" amount="-1"/><kerning first="101" second="89" amount="-3"/><kerning first="101" second="63" amount="-1"/><kerning first="101" second="42" amount="-2"/><kerning first="101" second="45" amount="1"/><kerning first="102" second="97" amount="-2"/><kerning first="102" second="99" amount="-1"/><kerning first="102" second="100" amount="-1"/><kerning first="102" second="101" amount="-1"/><kerning first="102" second="103" amount="-1"/><kerning first="102" second="106" amount="-1"/><kerning first="102" second="111" amount="-1"/><kerning first="102" second="113" amount="-1"/><kerning first="102" second="115" amount="-1"/><kerning first="102" second="120" amount="-1"/><kerning first="102" second="122" amount="-2"/><kerning first="102" second="84" amount="3"/><kerning first="102" second="86" amount="5"/><kerning first="102" second="87" amount="3"/><kerning first="102" second="88" amount="2"/><kerning first="102" second="89" amount="4"/><kerning first="102" second="63" amount="2"/><kerning first="102" second="41" amount="3"/><kerning first="102" second="45" amount="-2"/><kerning first="102" second="46" amount="-5"/><kerning first="102" second="44" amount="-5"/><kerning first="102" second="34" amount="3"/><kerning first="102" second="39" amount="3"/><kerning first="102" second="125" amount="3"/><kerning first="102" second="93" amount="3"/><kerning first="103" second="97" amount="-2"/><kerning first="103" second="99" amount="-2"/><kerning first="103" second="100" amount="-2"/><kerning first="103" second="101" amount="-2"/><kerning first="103" second="106" amount="4"/><kerning first="103" second="111" amount="-2"/><kerning first="103" second="113" amount="-2"/><kerning first="103" second="118" amount="-1"/><kerning first="103" second="119" amount="-1"/><kerning first="103" second="122" amount="-2"/><kerning first="103" second="84" amount="-3"/><kerning first="103" second="89" amount="-2"/><kerning first="103" second="63" amount="-4"/><kerning first="103" second="42" amount="-2"/><kerning first="103" second="47" amount="2"/><kerning first="104" second="84" amount="-2"/><kerning first="104" second="86" amount="-1"/><kerning first="104" second="89" amount="-2"/><kerning first="104" second="63" amount="-1"/><kerning first="104" second="42" amount="-2"/><kerning first="107" second="97" amount="-1"/><kerning first="107" second="99" amount="-2"/><kerning first="107" second="100" amount="-2"/><kerning first="107" second="101" amount="-2"/><kerning first="107" second="103" amount="-1"/><kerning first="107" second="106" amount="-1"/><kerning first="107" second="111" amount="-2"/><kerning first="107" second="113" amount="-2"/><kerning first="107" second="116" amount="-3"/><kerning first="107" second="117" amount="-2"/><kerning first="107" second="120" amount="-1"/><kerning first="107" second="122" amount="-1"/><kerning first="107" second="84" amount="-4"/><kerning first="107" second="89" amount="-1"/><kerning first="107" second="63" amount="-3"/><kerning first="107" second="42" amount="-2"/><kerning first="107" second="45" amount="-7"/><kerning first="108" second="106" amount="1"/><kerning first="109" second="84" amount="-2"/><kerning first="109" second="86" amount="-1"/><kerning first="109" second="89" amount="-2"/><kerning first="109" second="63" amount="-1"/><kerning first="109" second="42" amount="-2"/><kerning first="110" second="84" amount="-2"/><kerning first="110" second="86" amount="-1"/><kerning first="110" second="89" amount="-2"/><kerning first="110" second="63" amount="-1"/><kerning first="110" second="42" amount="-2"/><kerning first="111" second="97" amount="-1"/><kerning first="111" second="116" amount="-2"/><kerning first="111" second="118" amount="-1"/><kerning first="111" second="119" amount="-1"/><kerning first="111" second="120" amount="-2"/><kerning first="111" second="121" amount="-1"/><kerning first="111" second="122" amount="-1"/><kerning first="111" second="84" amount="-5"/><kerning first="111" second="86" amount="-2"/><kerning first="111" second="88" amount="-1"/><kerning first="111" second="89" amount="-5"/><kerning first="111" second="63" amount="-3"/><kerning first="111" second="46" amount="-1"/><kerning first="111" second="44" amount="-1"/><kerning first="111" second="34" amount="-1"/><kerning first="111" second="39" amount="-1"/><kerning first="112" second="97" amount="-1"/><kerning first="112" second="116" amount="-2"/><kerning first="112" second="118" amount="-1"/><kerning first="112" second="119" amount="-1"/><kerning first="112" second="120" amount="-2"/><kerning first="112" second="121" amount="-1"/><kerning first="112" second="122" amount="-1"/><kerning first="112" second="84" amount="-5"/><kerning first="112" second="86" amount="-2"/><kerning first="112" second="88" amount="-1"/><kerning first="112" second="89" amount="-5"/><kerning first="112" second="63" amount="-3"/><kerning first="112" second="46" amount="-1"/><kerning first="112" second="44" amount="-1"/><kerning first="112" second="34" amount="-1"/><kerning first="112" second="39" amount="-1"/><kerning first="113" second="84" amount="-2"/><kerning first="113" second="86" amount="-2"/><kerning first="113" second="89" amount="-2"/><kerning first="113" second="42" amount="-1"/><kerning first="114" second="97" amount="-2"/><kerning first="114" second="99" amount="-1"/><kerning first="114" second="100" amount="-1"/><kerning first="114" second="101" amount="-1"/><kerning first="114" second="103" amount="-1"/><kerning first="114" second="111" amount="-1"/><kerning first="114" second="113" amount="-1"/><kerning first="114" second="115" amount="-1"/><kerning first="114" second="122" amount="-1"/><kerning first="114" second="65" amount="-2"/><kerning first="114" second="74" amount="-6"/><kerning first="114" second="90" amount="-1"/><kerning first="114" second="45" amount="-2"/><kerning first="114" second="46" amount="-7"/><kerning first="114" second="44" amount="-7"/><kerning first="114" second="47" amount="-2"/><kerning first="115" second="116" amount="-2"/><kerning first="115" second="84" amount="-2"/><kerning first="115" second="86" amount="-1"/><kerning first="115" second="89" amount="-2"/><kerning first="115" second="63" amount="-2"/><kerning first="115" second="42" amount="-2"/><kerning first="115" second="45" amount="1"/><kerning first="116" second="97" amount="-2"/><kerning first="116" second="99" amount="-2"/><kerning first="116" second="100" amount="-2"/><kerning first="116" second="101" amount="-2"/><kerning first="116" second="103" amount="-1"/><kerning first="116" second="111" amount="-2"/><kerning first="116" second="113" amount="-2"/><kerning first="116" second="115" amount="-1"/><kerning first="116" second="116" amount="-2"/><kerning first="116" second="120" amount="-1"/><kerning first="116" second="84" amount="-2"/><kerning first="116" second="89" amount="-1"/><kerning first="116" second="63" amount="-3"/><kerning first="116" second="45" amount="-3"/><kerning first="116" second="46" amount="-1"/><kerning first="116" second="44" amount="-1"/><kerning first="116" second="47" amount="-1"/><kerning first="117" second="84" amount="-2"/><kerning first="117" second="86" amount="-2"/><kerning first="117" second="89" amount="-2"/><kerning first="117" second="42" amount="-1"/><kerning first="118" second="97" amount="-2"/><kerning first="118" second="99" amount="-1"/><kerning first="118" second="100" amount="-1"/><kerning first="118" second="101" amount="-1"/><kerning first="118" second="106" amount="-1"/><kerning first="118" second="111" amount="-1"/><kerning first="118" second="113" amount="-1"/><kerning first="118" second="122" amount="-2"/><kerning first="118" second="65" amount="-1"/><kerning first="118" second="74" amount="-3"/><kerning first="118" second="84" amount="-2"/><kerning first="118" second="86" amount="-1"/><kerning first="118" second="89" amount="-2"/><kerning first="118" second="90" amount="-1"/><kerning first="118" second="42" amount="-1"/><kerning first="118" second="45" amount="-1"/><kerning first="118" second="46" amount="-5"/><kerning first="118" second="44" amount="-5"/><kerning first="118" second="47" amount="-2"/><kerning first="119" second="97" amount="-1"/><kerning first="119" second="99" amount="-1"/><kerning first="119" second="100" amount="-1"/><kerning first="119" second="101" amount="-1"/><kerning first="119" second="106" amount="-1"/><kerning first="119" second="111" amount="-1"/><kerning first="119" second="113" amount="-1"/><kerning first="119" second="122" amount="-2"/><kerning first="119" second="65" amount="-1"/><kerning first="119" second="74" amount="-2"/><kerning first="119" second="84" amount="-2"/><kerning first="119" second="86" amount="-1"/><kerning first="119" second="88" amount="-2"/><kerning first="119" second="89" amount="-2"/><kerning first="119" second="42" amount="-1"/><kerning first="119" second="46" amount="-7"/><kerning first="119" second="44" amount="-7"/><kerning first="120" second="97" amount="-1"/><kerning first="120" second="99" amount="-2"/><kerning first="120" second="100" amount="-2"/><kerning first="120" second="101" amount="-2"/><kerning first="120" second="111" amount="-2"/><kerning first="120" second="113" amount="-2"/><kerning first="120" second="116" amount="-2"/><kerning first="120" second="121" amount="-1"/><kerning first="120" second="67" amount="-1"/><kerning first="120" second="71" amount="-1"/><kerning first="120" second="79" amount="-1"/><kerning first="120" second="81" amount="-1"/><kerning first="120" second="83" amount="-1"/><kerning first="120" second="84" amount="-2"/><kerning first="120" second="86" amount="-2"/><kerning first="120" second="88" amount="-1"/><kerning first="120" second="89" amount="-3"/><kerning first="120" second="33" amount="-2"/><kerning first="120" second="59" amount="1"/><kerning first="120" second="42" amount="-2"/><kerning first="120" second="45" amount="-2"/><kerning first="120" second="46" amount="-1"/><kerning first="120" second="44" amount="1"/><kerning first="121" second="97" amount="-2"/><kerning first="121" second="99" amount="-1"/><kerning first="121" second="100" amount="-1"/><kerning first="121" second="101" amount="-1"/><kerning first="121" second="106" amount="-1"/><kerning first="121" second="111" amount="-1"/><kerning first="121" second="113" amount="-1"/><kerning first="121" second="120" amount="-2"/><kerning first="121" second="122" amount="-2"/><kerning first="121" second="74" amount="-3"/><kerning first="121" second="84" amount="-2"/><kerning first="121" second="86" amount="-1"/><kerning first="121" second="88" amount="-1"/><kerning first="121" second="89" amount="-1"/><kerning first="121" second="46" amount="-5"/><kerning first="121" second="44" amount="-5"/><kerning first="122" second="97" amount="-1"/><kerning first="122" second="99" amount="-1"/><kerning first="122" second="100" amount="-1"/><kerning first="122" second="101" amount="-1"/><kerning first="122" second="111" amount="-1"/><kerning first="122" second="113" amount="-1"/><kerning first="122" second="117" amount="-1"/><kerning first="122" second="118" amount="-1"/><kerning first="122" second="121" amount="-1"/><kerning first="122" second="84" amount="-2"/><kerning first="122" second="89" amount="-1"/><kerning first="122" second="45" amount="-2"/><kerning first="65" second="97" amount="1"/><kerning first="65" second="102" amount="-1"/><kerning first="65" second="115" amount="1"/><kerning first="65" second="116" amount="-2"/><kerning first="65" second="118" amount="-1"/><kerning first="65" second="119" amount="-1"/><kerning first="65" second="120" amount="-1"/><kerning first="65" second="121" amount="-1"/><kerning first="65" second="67" amount="-1"/><kerning first="65" second="71" amount="-1"/><kerning first="65" second="79" amount="-1"/><kerning first="65" second="81" amount="-1"/><kerning first="65" second="84" amount="-6"/><kerning first="65" second="85" amount="-1"/><kerning first="65" second="86" amount="-2"/><kerning first="65" second="88" amount="-1"/><kerning first="65" second="89" amount="-2"/><kerning first="65" second="63" amount="-3"/><kerning first="65" second="42" amount="-7"/><kerning first="65" second="34" amount="-6"/><kerning first="65" second="39" amount="-6"/><kerning first="66" second="116" amount="-1"/><kerning first="66" second="118" amount="-2"/><kerning first="66" second="119" amount="-1"/><kerning first="66" second="120" amount="-1"/><kerning first="66" second="121" amount="-2"/><kerning first="66" second="74" amount="-2"/><kerning first="66" second="83" amount="-2"/><kerning first="66" second="84" amount="-2"/><kerning first="66" second="86" amount="-1"/><kerning first="66" second="87" amount="-1"/><kerning first="66" second="88" amount="-1"/><kerning first="66" second="89" amount="-2"/><kerning first="66" second="90" amount="-1"/><kerning first="66" second="42" amount="-2"/><kerning first="67" second="103" amount="-2"/><kerning first="67" second="116" amount="-3"/><kerning first="67" second="117" amount="-1"/><kerning first="67" second="118" amount="-2"/><kerning first="67" second="119" amount="-1"/><kerning first="67" second="121" amount="-2"/><kerning first="67" second="67" amount="-3"/><kerning first="67" second="71" amount="-3"/><kerning first="67" second="74" amount="-1"/><kerning first="67" second="79" amount="-3"/><kerning first="67" second="81" amount="-3"/><kerning first="67" second="83" amount="-2"/><kerning first="67" second="84" amount="-1"/><kerning first="67" second="85" amount="-2"/><kerning first="67" second="86" amount="-1"/><kerning first="67" second="87" amount="-1"/><kerning first="67" second="88" amount="-1"/><kerning first="67" second="89" amount="-1"/><kerning first="67" second="90" amount="-1"/><kerning first="67" second="45" amount="-3"/><kerning first="68" second="120" amount="-2"/><kerning first="68" second="122" amount="-1"/><kerning first="68" second="65" amount="-1"/><kerning first="68" second="74" amount="-4"/><kerning first="68" second="84" amount="-2"/><kerning first="68" second="86" amount="-1"/><kerning first="68" second="88" amount="-2"/><kerning first="68" second="89" amount="-2"/><kerning first="68" second="90" amount="-2"/><kerning first="68" second="42" amount="-2"/><kerning first="68" second="47" amount="-1"/><kerning first="69" second="99" amount="-1"/><kerning first="69" second="100" amount="-1"/><kerning first="69" second="101" amount="-1"/><kerning first="69" second="111" amount="-1"/><kerning first="69" second="113" amount="-1"/><kerning first="69" second="116" amount="-2"/><kerning first="69" second="118" amount="-1"/><kerning first="69" second="120" amount="-4"/><kerning first="69" second="121" amount="-1"/><kerning first="70" second="97" amount="-3"/><kerning first="70" second="99" amount="-2"/><kerning first="70" second="100" amount="-2"/><kerning first="70" second="101" amount="-2"/><kerning first="70" second="103" amount="-2"/><kerning first="70" second="109" amount="-2"/><kerning first="70" second="110" amount="-2"/><kerning first="70" second="111" amount="-2"/><kerning first="70" second="112" amount="-2"/><kerning first="70" second="113" amount="-2"/><kerning first="70" second="114" amount="-2"/><kerning first="70" second="115" amount="-2"/><kerning first="70" second="116" amount="-1"/><kerning first="70" second="117" amount="-2"/><kerning first="70" second="118" amount="-3"/><kerning first="70" second="119" amount="-2"/><kerning first="70" second="120" amount="-3"/><kerning first="70" second="121" amount="-2"/><kerning first="70" second="122" amount="-4"/><kerning first="70" second="65" amount="-3"/><kerning first="70" second="67" amount="-1"/><kerning first="70" second="71" amount="-1"/><kerning first="70" second="74" amount="-11"/><kerning first="70" second="79" amount="-1"/><kerning first="70" second="81" amount="-1"/><kerning first="70" second="83" amount="-2"/><kerning first="70" second="86" amount="-1"/><kerning first="70" second="87" amount="-1"/><kerning first="70" second="88" amount="-2"/><kerning first="70" second="89" amount="-1"/><kerning first="70" second="90" amount="-2"/><kerning first="70" second="46" amount="-8"/><kerning first="70" second="44" amount="-8"/><kerning first="70" second="47" amount="-4"/><kerning first="71" second="65" amount="-1"/><kerning first="71" second="84" amount="-2"/><kerning first="71" second="86" amount="-2"/><kerning first="71" second="87" amount="-1"/><kerning first="71" second="42" amount="-2"/><kerning first="74" second="74" amount="-3"/><kerning first="74" second="46" amount="-2"/><kerning first="74" second="44" amount="-2"/><kerning first="75" second="99" amount="-1"/><kerning first="75" second="100" amount="-1"/><kerning first="75" second="101" amount="-1"/><kerning first="75" second="106" amount="-1"/><kerning first="75" second="111" amount="-1"/><kerning first="75" second="113" amount="-1"/><kerning first="75" second="116" amount="-4"/><kerning first="75" second="117" amount="-1"/><kerning first="75" second="118" amount="-3"/><kerning first="75" second="119" amount="-2"/><kerning first="75" second="120" amount="-2"/><kerning first="75" second="121" amount="-3"/><kerning first="75" second="122" amount="-2"/><kerning first="75" second="65" amount="-1"/><kerning first="75" second="67" amount="-2"/><kerning first="75" second="71" amount="-2"/><kerning first="75" second="79" amount="-2"/><kerning first="75" second="81" amount="-2"/><kerning first="75" second="83" amount="-2"/><kerning first="75" second="84" amount="-2"/><kerning first="75" second="85" amount="-2"/><kerning first="75" second="86" amount="-1"/><kerning first="75" second="87" amount="-1"/><kerning first="75" second="89" amount="-2"/><kerning first="75" second="63" amount="-1"/><kerning first="75" second="42" amount="-3"/><kerning first="75" second="45" amount="-4"/><kerning first="75" second="34" amount="-3"/><kerning first="75" second="39" amount="-3"/><kerning first="76" second="99" amount="-1"/><kerning first="76" second="100" amount="-1"/><kerning first="76" second="101" amount="-1"/><kerning first="76" second="102" amount="-2"/><kerning first="76" second="103" amount="-1"/><kerning first="76" second="111" amount="-1"/><kerning first="76" second="113" amount="-1"/><kerning first="76" second="116" amount="-2"/><kerning first="76" second="117" amount="-1"/><kerning first="76" second="118" amount="-4"/><kerning first="76" second="119" amount="-3"/><kerning first="76" second="121" amount="-4"/><kerning first="76" second="65" amount="-1"/><kerning first="76" second="67" amount="-3"/><kerning first="76" second="71" amount="-3"/><kerning first="76" second="79" amount="-3"/><kerning first="76" second="81" amount="-3"/><kerning first="76" second="83" amount="-2"/><kerning first="76" second="84" amount="-10"/><kerning first="76" second="85" amount="-3"/><kerning first="76" second="86" amount="-6"/><kerning first="76" second="87" amount="-5"/><kerning first="76" second="89" amount="-7"/><kerning first="76" second="63" amount="-4"/><kerning first="76" second="42" amount="-14"/><kerning first="76" second="45" amount="-3"/><kerning first="76" second="34" amount="-12"/><kerning first="76" second="39" amount="-12"/><kerning first="79" second="120" amount="-2"/><kerning first="79" second="122" amount="-1"/><kerning first="79" second="65" amount="-1"/><kerning first="79" second="74" amount="-4"/><kerning first="79" second="84" amount="-2"/><kerning first="79" second="86" amount="-1"/><kerning first="79" second="88" amount="-2"/><kerning first="79" second="89" amount="-2"/><kerning first="79" second="90" amount="-2"/><kerning first="79" second="42" amount="-2"/><kerning first="79" second="47" amount="-1"/><kerning first="80" second="97" amount="-3"/><kerning first="80" second="99" amount="-2"/><kerning first="80" second="100" amount="-2"/><kerning first="80" second="101" amount="-2"/><kerning first="80" second="103" amount="-1"/><kerning first="80" second="111" amount="-2"/><kerning first="80" second="113" amount="-2"/><kerning first="80" second="115" amount="-1"/><kerning first="80" second="120" amount="-2"/><kerning first="80" second="122" amount="-2"/><kerning first="80" second="65" amount="-4"/><kerning first="80" second="74" amount="-11"/><kerning first="80" second="83" amount="-1"/><kerning first="80" second="84" amount="-1"/><kerning first="80" second="88" amount="-2"/><kerning first="80" second="89" amount="-1"/><kerning first="80" second="90" amount="-4"/><kerning first="80" second="45" amount="-2"/><kerning first="80" second="46" amount="-11"/><kerning first="80" second="44" amount="-11"/><kerning first="80" second="47" amount="-4"/><kerning first="81" second="120" amount="-2"/><kerning first="81" second="122" amount="-1"/><kerning first="81" second="65" amount="-1"/><kerning first="81" second="74" amount="-4"/><kerning first="81" second="84" amount="-2"/><kerning first="81" second="86" amount="-1"/><kerning first="81" second="88" amount="-2"/><kerning first="81" second="89" amount="-2"/><kerning first="81" second="90" amount="-2"/><kerning first="81" second="42" amount="-2"/><kerning first="81" second="47" amount="-1"/><kerning first="82" second="97" amount="-1"/><kerning first="82" second="99" amount="-1"/><kerning first="82" second="100" amount="-1"/><kerning first="82" second="101" amount="-1"/><kerning first="82" second="103" amount="-1"/><kerning first="82" second="111" amount="-1"/><kerning first="82" second="113" amount="-1"/><kerning first="82" second="120" amount="-1"/><kerning first="82" second="122" amount="-1"/><kerning first="82" second="65" amount="-1"/><kerning first="82" second="74" amount="-1"/><kerning first="82" second="83" amount="-1"/><kerning first="82" second="84" amount="-2"/><kerning first="82" second="86" amount="-1"/><kerning first="82" second="88" amount="-1"/><kerning first="82" second="89" amount="-1"/><kerning first="82" second="90" amount="-1"/><kerning first="82" second="42" amount="-1"/><kerning first="82" second="45" amount="-2"/><kerning first="83" second="116" amount="-2"/><kerning first="83" second="122" amount="-1"/><kerning first="83" second="74" amount="-2"/><kerning first="83" second="83" amount="-2"/><kerning first="83" second="84" amount="-2"/><kerning first="83" second="89" amount="-2"/><kerning first="83" second="42" amount="-1"/><kerning first="83" second="45" amount="2"/><kerning first="84" second="97" amount="-5"/><kerning first="84" second="99" amount="-6"/><kerning first="84" second="100" amount="-6"/><kerning first="84" second="101" amount="-6"/><kerning first="84" second="102" amount="-1"/><kerning first="84" second="103" amount="-5"/><kerning first="84" second="109" amount="-3"/><kerning first="84" second="110" amount="-3"/><kerning first="84" second="111" amount="-6"/><kerning first="84" second="112" amount="-3"/><kerning first="84" second="113" amount="-6"/><kerning first="84" second="114" amount="-3"/><kerning first="84" second="115" amount="-5"/><kerning first="84" second="116" amount="-1"/><kerning first="84" second="117" amount="-3"/><kerning first="84" second="118" amount="-2"/><kerning first="84" second="119" amount="-2"/><kerning first="84" second="120" amount="-2"/><kerning first="84" second="121" amount="-2"/><kerning first="84" second="122" amount="-5"/><kerning first="84" second="65" amount="-3"/><kerning first="84" second="67" amount="-2"/><kerning first="84" second="71" amount="-2"/><kerning first="84" second="74" amount="-10"/><kerning first="84" second="79" amount="-2"/><kerning first="84" second="81" amount="-2"/><kerning first="84" second="83" amount="-2"/><kerning first="84" second="88" amount="-2"/><kerning first="84" second="89" amount="-2"/><kerning first="84" second="90" amount="-3"/><kerning first="84" second="59" amount="-2"/><kerning first="84" second="58" amount="-2"/><kerning first="84" second="45" amount="-5"/><kerning first="84" second="46" amount="-9"/><kerning first="84" second="44" amount="-9"/><kerning first="84" second="47" amount="-5"/><kerning first="85" second="97" amount="-1"/><kerning first="85" second="103" amount="-1"/><kerning first="85" second="115" amount="-1"/><kerning first="85" second="120" amount="-1"/><kerning first="85" second="65" amount="-1"/><kerning first="85" second="74" amount="-5"/><kerning first="85" second="83" amount="-1"/><kerning first="85" second="86" amount="-1"/><kerning first="85" second="88" amount="-1"/><kerning first="85" second="89" amount="-2"/><kerning first="85" second="46" amount="-2"/><kerning first="85" second="44" amount="-2"/><kerning first="85" second="47" amount="-1"/><kerning first="86" second="97" amount="-3"/><kerning first="86" second="99" amount="-2"/><kerning first="86" second="100" amount="-2"/><kerning first="86" second="101" amount="-2"/><kerning first="86" second="103" amount="-2"/><kerning first="86" second="109" amount="-2"/><kerning first="86" second="110" amount="-2"/><kerning first="86" second="111" amount="-2"/><kerning first="86" second="112" amount="-2"/><kerning first="86" second="113" amount="-2"/><kerning first="86" second="114" amount="-2"/><kerning first="86" second="115" amount="-1"/><kerning first="86" second="117" amount="-2"/><kerning first="86" second="118" amount="-1"/><kerning first="86" second="119" amount="-1"/><kerning first="86" second="120" amount="-2"/><kerning first="86" second="121" amount="-1"/><kerning first="86" second="122" amount="-2"/><kerning first="86" second="65" amount="-2"/><kerning first="86" second="67" amount="-1"/><kerning first="86" second="71" amount="-1"/><kerning first="86" second="74" amount="-5"/><kerning first="86" second="79" amount="-1"/><kerning first="86" second="81" amount="-1"/><kerning first="86" second="83" amount="-1"/><kerning first="86" second="85" amount="-1"/><kerning first="86" second="86" amount="1"/><kerning first="86" second="90" amount="-2"/><kerning first="86" second="45" amount="-2"/><kerning first="86" second="46" amount="-6"/><kerning first="86" second="44" amount="-6"/><kerning first="86" second="47" amount="-2"/><kerning first="87" second="97" amount="-1"/><kerning first="87" second="122" amount="-1"/><kerning first="87" second="74" amount="-4"/><kerning first="87" second="45" amount="-1"/><kerning first="87" second="46" amount="-3"/><kerning first="87" second="44" amount="-3"/><kerning first="88" second="97" amount="-1"/><kerning first="88" second="99" amount="-1"/><kerning first="88" second="100" amount="-1"/><kerning first="88" second="101" amount="-1"/><kerning first="88" second="102" amount="-2"/><kerning first="88" second="111" amount="-1"/><kerning first="88" second="113" amount="-1"/><kerning first="88" second="116" amount="-2"/><kerning first="88" second="117" amount="-1"/><kerning first="88" second="118" amount="-2"/><kerning first="88" second="119" amount="-2"/><kerning first="88" second="120" amount="-1"/><kerning first="88" second="121" amount="-2"/><kerning first="88" second="122" amount="-2"/><kerning first="88" second="65" amount="-1"/><kerning first="88" second="67" amount="-2"/><kerning first="88" second="71" amount="-2"/><kerning first="88" second="74" amount="-1"/><kerning first="88" second="79" amount="-2"/><kerning first="88" second="81" amount="-2"/><kerning first="88" second="83" amount="-2"/><kerning first="88" second="84" amount="-2"/><kerning first="88" second="85" amount="-1"/><kerning first="88" second="42" amount="-1"/><kerning first="88" second="45" amount="-3"/><kerning first="88" second="34" amount="-1"/><kerning first="88" second="39" amount="-1"/><kerning first="89" second="97" amount="-6"/><kerning first="89" second="99" amount="-5"/><kerning first="89" second="100" amount="-5"/><kerning first="89" second="101" amount="-5"/><kerning first="89" second="103" amount="-5"/><kerning first="89" second="109" amount="-3"/><kerning first="89" second="110" amount="-3"/><kerning first="89" second="111" amount="-5"/><kerning first="89" second="112" amount="-3"/><kerning first="89" second="113" amount="-5"/><kerning first="89" second="114" amount="-3"/><kerning first="89" second="115" amount="-5"/><kerning first="89" second="116" amount="-4"/><kerning first="89" second="117" amount="-3"/><kerning first="89" second="118" amount="-2"/><kerning first="89" second="119" amount="-2"/><kerning first="89" second="120" amount="-3"/><kerning first="89" second="121" amount="-2"/><kerning first="89" second="122" amount="-5"/><kerning first="89" second="65" amount="-2"/><kerning first="89" second="67" amount="-2"/><kerning first="89" second="71" amount="-2"/><kerning first="89" second="74" amount="-8"/><kerning first="89" second="79" amount="-2"/><kerning first="89" second="81" amount="-2"/><kerning first="89" second="83" amount="-2"/><kerning first="89" second="84" amount="-2"/><kerning first="89" second="85" amount="-1"/><kerning first="89" second="90" amount="-2"/><kerning first="89" second="59" amount="-3"/><kerning first="89" second="58" amount="-3"/><kerning first="89" second="63" amount="-1"/><kerning first="89" second="45" amount="-6"/><kerning first="89" second="46" amount="-9"/><kerning first="89" second="44" amount="-9"/><kerning first="89" second="47" amount="-4"/><kerning first="90" second="97" amount="-1"/><kerning first="90" second="99" amount="-1"/><kerning first="90" second="100" amount="-1"/><kerning first="90" second="101" amount="-1"/><kerning first="90" second="102" amount="-2"/><kerning first="90" second="103" amount="-1"/><kerning first="90" second="111" amount="-1"/><kerning first="90" second="113" amount="-1"/><kerning first="90" second="116" amount="-2"/><kerning first="90" second="117" amount="-1"/><kerning first="90" second="118" amount="-1"/><kerning first="90" second="119" amount="-1"/><kerning first="90" second="120" amount="-2"/><kerning first="90" second="121" amount="-1"/><kerning first="90" second="67" amount="-2"/><kerning first="90" second="71" amount="-2"/><kerning first="90" second="74" amount="-2"/><kerning first="90" second="79" amount="-2"/><kerning first="90" second="81" amount="-2"/><kerning first="90" second="83" amount="-2"/><kerning first="90" second="85" amount="-1"/><kerning first="90" second="89" amount="-2"/><kerning first="90" second="90" amount="-1"/><kerning first="90" second="45" amount="-2"/><kerning first="59" second="89" amount="-3"/><kerning first="59" second="42" amount="-2"/><kerning first="58" second="89" amount="-3"/><kerning first="58" second="42" amount="-2"/><kerning first="40" second="106" amount="6"/><kerning first="40" second="74" amount="-2"/><kerning first="45" second="116" amount="-2"/><kerning first="45" second="118" amount="-1"/><kerning first="45" second="120" amount="-2"/><kerning first="45" second="74" amount="-2"/><kerning first="45" second="83" amount="-2"/><kerning first="45" second="84" amount="-5"/><kerning first="45" second="86" amount="-2"/><kerning first="45" second="87" amount="-1"/><kerning first="45" second="88" amount="-3"/><kerning first="45" second="89" amount="-6"/><kerning first="45" second="90" amount="-2"/><kerning first="46" second="99" amount="-1"/><kerning first="46" second="100" amount="-1"/><kerning first="46" second="101" amount="-1"/><kerning first="46" second="106" amount="3"/><kerning first="46" second="111" amount="-1"/><kerning first="46" second="113" amount="-1"/><kerning first="46" second="116" amount="-5"/><kerning first="46" second="118" amount="-5"/><kerning first="46" second="119" amount="-3"/><kerning first="46" second="121" amount="-2"/><kerning first="46" second="84" amount="-8"/><kerning first="46" second="85" amount="-2"/><kerning first="46" second="86" amount="-6"/><kerning first="46" second="87" amount="-3"/><kerning first="46" second="89" amount="-9"/><kerning first="46" second="42" amount="-14"/><kerning first="46" second="34" amount="-11"/><kerning first="46" second="39" amount="-11"/><kerning first="44" second="99" amount="-1"/><kerning first="44" second="100" amount="-1"/><kerning first="44" second="101" amount="-1"/><kerning first="44" second="106" amount="3"/><kerning first="44" second="111" amount="-1"/><kerning first="44" second="113" amount="-1"/><kerning first="44" second="116" amount="-5"/><kerning first="44" second="118" amount="-5"/><kerning first="44" second="119" amount="-3"/><kerning first="44" second="121" amount="-2"/><kerning first="44" second="84" amount="-8"/><kerning first="44" second="85" amount="-2"/><kerning first="44" second="86" amount="-6"/><kerning first="44" second="87" amount="-3"/><kerning first="44" second="89" amount="-9"/><kerning first="44" second="42" amount="-14"/><kerning first="44" second="34" amount="-11"/><kerning first="44" second="39" amount="-11"/><kerning first="47" second="97" amount="-2"/><kerning first="47" second="99" amount="-1"/><kerning first="47" second="100" amount="-1"/><kerning first="47" second="101" amount="-1"/><kerning first="47" second="103" amount="-1"/><kerning first="47" second="111" amount="-1"/><kerning first="47" second="113" amount="-1"/><kerning first="47" second="116" amount="-1"/><kerning first="47" second="117" amount="-2"/><kerning first="47" second="65" amount="-3"/><kerning first="47" second="67" amount="-1"/><kerning first="47" second="71" amount="-1"/><kerning first="47" second="74" amount="-6"/><kerning first="47" second="79" amount="-1"/><kerning first="47" second="81" amount="-1"/><kerning first="34" second="99" amount="-1"/><kerning first="34" second="100" amount="-1"/><kerning first="34" second="101" amount="-1"/><kerning first="34" second="111" amount="-1"/><kerning first="34" second="113" amount="-1"/><kerning first="34" second="115" amount="-2"/><kerning first="34" second="65" amount="-6"/><kerning first="34" second="74" amount="-9"/><kerning first="34" second="83" amount="-1"/><kerning first="34" second="88" amount="-1"/><kerning first="34" second="46" amount="-11"/><kerning first="34" second="44" amount="-11"/><kerning first="39" second="99" amount="-1"/><kerning first="39" second="100" amount="-1"/><kerning first="39" second="101" amount="-1"/><kerning first="39" second="111" amount="-1"/><kerning first="39" second="113" amount="-1"/><kerning first="39" second="115" amount="-2"/><kerning first="39" second="65" amount="-6"/><kerning first="39" second="74" amount="-9"/><kerning first="39" second="83" amount="-1"/><kerning first="39" second="88" amount="-1"/><kerning first="39" second="46" amount="-11"/><kerning first="39" second="44" amount="-11"/><kerning first="123" second="106" amount="6"/><kerning first="123" second="74" amount="-2"/><kerning first="91" second="106" amount="6"/><kerning first="91" second="74" amount="-2"/></kernings></font>