<?xml version="1.0" encoding="UTF-8"?><font><info face="NotoSansSC-Black" size="70" bold="0" italic="0" charset="" unicode="1" stretchH="100" smooth="1" aa="1" padding="1,1,1,1" spacing="1,1"/><common lineHeight="70" base="81" scaleW="981" scaleH="981" pages="1" packed="0"/><pages><page id="0" file="NotoZh-Black-Yellow-Stroke.png"/></pages><chars count="193"><char id="32" x="0" y="0" width="0" height="0" xoffset="1" yoffset="0" xadvance="18" page="0" chnl="15"/><char id="33" x="947" y="652" width="27" height="67" xoffset="1" yoffset="22" xadvance="29" page="0" chnl="15"/><char id="34" x="447" y="929" width="45" height="40" xoffset="1" yoffset="21" xadvance="46" page="0" chnl="15"/><char id="35" x="411" y="864" width="50" height="64" xoffset="-2" yoffset="24" xadvance="44" page="0" chnl="15"/><char id="36" x="289" y="0" width="47" height="81" xoffset="-2" yoffset="16" xadvance="44" page="0" chnl="15"/><char id="37" x="725" y="729" width="77" height="66" xoffset="-3" yoffset="23" xadvance="71" page="0" chnl="15"/><char id="38" x="803" y="729" width="63" height="66" xoffset="-3" yoffset="23" xadvance="56" page="0" chnl="15"/><char id="39" x="946" y="821" width="25" height="40" xoffset="1" yoffset="21" xadvance="26" page="0" chnl="15"/><char id="40" x="56" y="0" width="30" height="86" xoffset="1" yoffset="17" xadvance="30" page="0" chnl="15"/><char id="41" x="87" y="0" width="31" height="86" xoffset="-1" yoffset="17" xadvance="30" page="0" chnl="15"/><char id="42" x="353" y="929" width="43" height="42" xoffset="-2" yoffset="19" xadvance="39" page="0" chnl="15"/><char id="43" x="225" y="929" width="49" height="51" xoffset="-2" yoffset="30" xadvance="44" page="0" chnl="15"/><char id="44" x="323" y="929" width="29" height="43" xoffset="-1" yoffset="61" xadvance="26" page="0" chnl="15"/><char id="45" x="946" y="798" width="33" height="22" xoffset="-2" yoffset="51" xadvance="28" page="0" chnl="15"/><char id="46" x="903" y="889" width="27" height="27" xoffset="0" yoffset="62" xadvance="26" page="0" chnl="15"/><char id="47" x="119" y="0" width="36" height="82" xoffset="-4" yoffset="19" xadvance="28" page="0" chnl="15"/><char id="48" x="252" y="729" width="49" height="66" xoffset="-2" yoffset="23" xadvance="44" page="0" chnl="15"/><char id="49" x="204" y="798" width="46" height="64" xoffset="0" yoffset="24" xadvance="44" page="0" chnl="15"/><char id="50" x="0" y="798" width="50" height="65" xoffset="-3" yoffset="23" xadvance="44" page="0" chnl="15"/><char id="51" x="302" y="729" width="49" height="66" xoffset="-3" yoffset="23" xadvance="44" page="0" chnl="15"/><char id="52" x="251" y="798" width="52" height="64" xoffset="-4" yoffset="24" xadvance="44" page="0" chnl="15"/><char id="53" x="51" y="798" width="49" height="65" xoffset="-3" yoffset="24" xadvance="44" page="0" chnl="15"/><char id="54" x="352" y="729" width="49" height="66" xoffset="-2" yoffset="23" xadvance="44" page="0" chnl="15"/><char id="55" x="304" y="798" width="49" height="64" xoffset="-2" yoffset="24" xadvance="44" page="0" chnl="15"/><char id="56" x="402" y="729" width="49" height="66" xoffset="-2" yoffset="23" xadvance="44" page="0" chnl="15"/><char id="57" x="452" y="729" width="49" height="66" xoffset="-2" yoffset="23" xadvance="44" page="0" chnl="15"/><char id="58" x="875" y="864" width="27" height="53" xoffset="0" yoffset="36" xadvance="26" page="0" chnl="15"/><char id="59" x="952" y="255" width="29" height="68" xoffset="-1" yoffset="36" xadvance="26" page="0" chnl="15"/><char id="61" x="397" y="929" width="49" height="40" xoffset="-2" yoffset="36" xadvance="44" page="0" chnl="15"/><char id="63" x="208" y="729" width="43" height="68" xoffset="-2" yoffset="21" xadvance="39" page="0" chnl="15"/><char id="64" x="479" y="0" width="77" height="80" xoffset="-1" yoffset="22" xadvance="74" page="0" chnl="15"/><char id="65" x="354" y="798" width="60" height="64" xoffset="-6" yoffset="24" xadvance="48" page="0" chnl="15"/><char id="66" x="415" y="798" width="52" height="64" xoffset="1" yoffset="24" xadvance="50" page="0" chnl="15"/><char id="67" x="502" y="729" width="53" height="66" xoffset="-1" yoffset="23" xadvance="48" page="0" chnl="15"/><char id="68" x="468" y="798" width="54" height="64" xoffset="1" yoffset="24" xadvance="53" page="0" chnl="15"/><char id="69" x="523" y="798" width="46" height="64" xoffset="1" yoffset="24" xadvance="46" page="0" chnl="15"/><char id="70" x="570" y="798" width="46" height="64" xoffset="1" yoffset="24" xadvance="44" page="0" chnl="15"/><char id="71" x="556" y="729" width="55" height="66" xoffset="-1" yoffset="23" xadvance="53" page="0" chnl="15"/><char id="72" x="617" y="798" width="55" height="64" xoffset="1" yoffset="24" xadvance="56" page="0" chnl="15"/><char id="73" x="956" y="174" width="25" height="64" xoffset="1" yoffset="24" xadvance="26" page="0" chnl="15"/><char id="74" x="101" y="798" width="47" height="65" xoffset="-4" yoffset="24" xadvance="43" page="0" chnl="15"/><char id="75" x="673" y="798" width="56" height="64" xoffset="1" yoffset="24" xadvance="51" page="0" chnl="15"/><char id="76" x="730" y="798" width="45" height="64" xoffset="1" yoffset="24" xadvance="43" page="0" chnl="15"/><char id="77" x="776" y="798" width="62" height="64" xoffset="1" yoffset="24" xadvance="63" page="0" chnl="15"/><char id="78" x="839" y="798" width="54" height="64" xoffset="1" yoffset="24" xadvance="55" page="0" chnl="15"/><char id="79" x="612" y="729" width="60" height="66" xoffset="-1" yoffset="23" xadvance="57" page="0" chnl="15"/><char id="80" x="894" y="798" width="51" height="64" xoffset="1" yoffset="24" xadvance="50" page="0" chnl="15"/><char id="81" x="415" y="0" width="63" height="80" xoffset="-1" yoffset="23" xadvance="57" page="0" chnl="15"/><char id="82" x="0" y="864" width="54" height="64" xoffset="1" yoffset="24" xadvance="51" page="0" chnl="15"/><char id="83" x="673" y="729" width="51" height="66" xoffset="-2" yoffset="23" xadvance="46" page="0" chnl="15"/><char id="84" x="55" y="864" width="53" height="64" xoffset="-3" yoffset="24" xadvance="46" page="0" chnl="15"/><char id="85" x="149" y="798" width="54" height="65" xoffset="1" yoffset="24" xadvance="55" page="0" chnl="15"/><char id="86" x="109" y="864" width="59" height="64" xoffset="-6" yoffset="24" xadvance="47" page="0" chnl="15"/><char id="87" x="169" y="864" width="75" height="64" xoffset="-4" yoffset="24" xadvance="67" page="0" chnl="15"/><char id="88" x="245" y="864" width="56" height="64" xoffset="-4" yoffset="24" xadvance="47" page="0" chnl="15"/><char id="89" x="302" y="864" width="57" height="64" xoffset="-6" yoffset="24" xadvance="44" page="0" chnl="15"/><char id="90" x="360" y="864" width="50" height="64" xoffset="-2" yoffset="24" xadvance="45" page="0" chnl="15"/><char id="91" x="227" y="0" width="30" height="82" xoffset="2" yoffset="19" xadvance="30" page="0" chnl="15"/><char id="93" x="258" y="0" width="30" height="82" xoffset="-1" yoffset="19" xadvance="30" page="0" chnl="15"/><char id="94" x="275" y="929" width="47" height="45" xoffset="-1" yoffset="22" xadvance="44" page="0" chnl="15"/><char id="95" x="524" y="929" width="51" height="20" xoffset="-4" yoffset="80" xadvance="42" page="0" chnl="15"/><char id="97" x="462" y="864" width="47" height="54" xoffset="-2" yoffset="35" xadvance="44" page="0" chnl="15"/><char id="98" x="753" y="652" width="50" height="69" xoffset="0" yoffset="20" xadvance="48" page="0" chnl="15"/><char id="99" x="510" y="864" width="45" height="54" xoffset="-2" yoffset="35" xadvance="39" page="0" chnl="15"/><char id="100" x="804" y="652" width="51" height="69" xoffset="-2" yoffset="20" xadvance="48" page="0" chnl="15"/><char id="101" x="556" y="864" width="48" height="54" xoffset="-2" yoffset="35" xadvance="43" page="0" chnl="15"/><char id="102" x="856" y="652" width="40" height="69" xoffset="-3" yoffset="19" xadvance="29" page="0" chnl="15"/><char id="103" x="701" y="652" width="51" height="70" xoffset="-2" yoffset="35" xadvance="45" page="0" chnl="15"/><char id="104" x="897" y="652" width="49" height="68" xoffset="0" yoffset="20" xadvance="48" page="0" chnl="15"/><char id="105" x="955" y="0" width="26" height="70" xoffset="-1" yoffset="18" xadvance="24" page="0" chnl="15"/><char id="106" x="21" y="0" width="34" height="86" xoffset="-9" yoffset="18" xadvance="24" page="0" chnl="15"/><char id="107" x="0" y="729" width="51" height="68" xoffset="0" yoffset="20" xadvance="46" page="0" chnl="15"/><char id="108" x="950" y="415" width="30" height="69" xoffset="0" yoffset="20" xadvance="25" page="0" chnl="15"/><char id="109" x="702" y="864" width="72" height="53" xoffset="0" yoffset="35" xadvance="70" page="0" chnl="15"/><char id="110" x="775" y="864" width="49" height="53" xoffset="0" yoffset="35" xadvance="48" page="0" chnl="15"/><char id="111" x="605" y="864" width="51" height="54" xoffset="-2" yoffset="35" xadvance="46" page="0" chnl="15"/><char id="112" x="52" y="729" width="50" height="68" xoffset="0" yoffset="35" xadvance="48" page="0" chnl="15"/><char id="113" x="103" y="729" width="51" height="68" xoffset="-2" yoffset="35" xadvance="48" page="0" chnl="15"/><char id="114" x="940" y="729" width="40" height="53" xoffset="0" yoffset="35" xadvance="34" page="0" chnl="15"/><char id="115" x="657" y="864" width="44" height="54" xoffset="-3" yoffset="35" xadvance="37" page="0" chnl="15"/><char id="116" x="940" y="574" width="41" height="64" xoffset="-4" yoffset="25" xadvance="33" page="0" chnl="15"/><char id="117" x="825" y="864" width="49" height="53" xoffset="-1" yoffset="36" xadvance="47" page="0" chnl="15"/><char id="118" x="0" y="929" width="53" height="52" xoffset="-4" yoffset="36" xadvance="44" page="0" chnl="15"/><char id="119" x="54" y="929" width="71" height="52" xoffset="-3" yoffset="36" xadvance="64" page="0" chnl="15"/><char id="120" x="126" y="929" width="52" height="52" xoffset="-4" yoffset="36" xadvance="43" page="0" chnl="15"/><char id="121" x="155" y="729" width="52" height="68" xoffset="-4" yoffset="36" xadvance="44" page="0" chnl="15"/><char id="122" x="179" y="929" width="45" height="52" xoffset="-2" yoffset="36" xadvance="39" page="0" chnl="15"/><char id="123" x="156" y="0" width="35" height="82" xoffset="-3" yoffset="19" xadvance="30" page="0" chnl="15"/><char id="124" x="0" y="0" width="20" height="93" xoffset="2" yoffset="16" xadvance="23" page="0" chnl="15"/><char id="125" x="192" y="0" width="34" height="82" xoffset="-1" yoffset="19" xadvance="30" page="0" chnl="15"/><char id="19968" x="903" y="864" width="78" height="24" xoffset="-3" yoffset="43" xadvance="71" page="0" chnl="15"/><char id="19981" x="541" y="652" width="79" height="74" xoffset="-3" yoffset="21" xadvance="71" page="0" chnl="15"/><char id="20004" x="235" y="652" width="75" height="75" xoffset="-1" yoffset="20" xadvance="71" page="0" chnl="15"/><char id="20013" x="236" y="415" width="71" height="79" xoffset="1" yoffset="16" xadvance="71" page="0" chnl="15"/><char id="20081" x="80" y="255" width="80" height="79" xoffset="-4" yoffset="16" xadvance="71" page="0" chnl="15"/><char id="20102" x="311" y="652" width="71" height="75" xoffset="1" yoffset="20" xadvance="71" page="0" chnl="15"/><char id="20197" x="0" y="652" width="77" height="76" xoffset="-1" yoffset="19" xadvance="71" page="0" chnl="15"/><char id="20320" x="629" y="415" width="81" height="79" xoffset="-5" yoffset="16" xadvance="71" page="0" chnl="15"/><char id="20572" x="635" y="0" width="80" height="80" xoffset="-4" yoffset="15" xadvance="71" page="0" chnl="15"/><char id="20813" x="559" y="495" width="80" height="78" xoffset="-4" yoffset="16" xadvance="71" page="0" chnl="15"/><char id="20851" x="482" y="94" width="80" height="79" xoffset="-4" yoffset="16" xadvance="71" page="0" chnl="15"/><char id="20987" x="161" y="335" width="77" height="79" xoffset="-2" yoffset="16" xadvance="71" page="0" chnl="15"/><char id="21033" x="640" y="174" width="77" height="79" xoffset="-4" yoffset="16" xadvance="71" page="0" chnl="15"/><char id="21040" x="158" y="574" width="75" height="77" xoffset="-2" yoffset="17" xadvance="71" page="0" chnl="15"/><char id="21069" x="874" y="255" width="77" height="79" xoffset="-2" yoffset="16" xadvance="71" page="0" chnl="15"/><char id="21152" x="803" y="495" width="77" height="78" xoffset="-4" yoffset="17" xadvance="71" page="0" chnl="15"/><char id="21169" x="550" y="415" width="78" height="79" xoffset="-4" yoffset="17" xadvance="71" page="0" chnl="15"/><char id="21345" x="563" y="94" width="77" height="79" xoffset="-2" yoffset="16" xadvance="71" page="0" chnl="15"/><char id="21363" x="551" y="574" width="76" height="76" xoffset="-3" yoffset="19" xadvance="71" page="0" chnl="15"/><char id="21385" x="861" y="574" width="78" height="76" xoffset="-4" yoffset="19" xadvance="71" page="0" chnl="15"/><char id="21451" x="243" y="175" width="79" height="79" xoffset="-4" yoffset="16" xadvance="71" page="0" chnl="15"/><char id="21462" x="471" y="574" width="79" height="77" xoffset="-3" yoffset="18" xadvance="71" page="0" chnl="15"/><char id="21478" x="628" y="574" width="73" height="76" xoffset="-2" yoffset="19" xadvance="71" page="0" chnl="15"/><char id="21487" x="463" y="652" width="77" height="74" xoffset="-2" yoffset="21" xadvance="71" page="0" chnl="15"/><char id="21518" x="400" y="335" width="80" height="79" xoffset="-4" yoffset="16" xadvance="71" page="0" chnl="15"/><char id="21578" x="711" y="415" width="76" height="79" xoffset="-2" yoffset="16" xadvance="71" page="0" chnl="15"/><char id="22270" x="396" y="574" width="74" height="77" xoffset="-1" yoffset="18" xadvance="71" page="0" chnl="15"/><char id="22312" x="636" y="255" width="78" height="79" xoffset="-4" yoffset="16" xadvance="71" page="0" chnl="15"/><char id="22359" x="0" y="495" width="79" height="78" xoffset="-4" yoffset="17" xadvance="71" page="0" chnl="15"/><char id="22797" x="479" y="174" width="80" height="79" xoffset="-4" yoffset="16" xadvance="71" page="0" chnl="15"/><char id="22806" x="561" y="335" width="80" height="79" xoffset="-4" yoffset="16" xadvance="71" page="0" chnl="15"/><char id="22826" x="0" y="415" width="80" height="79" xoffset="-4" yoffset="16" xadvance="71" page="0" chnl="15"/><char id="22833" x="323" y="175" width="79" height="79" xoffset="-3" yoffset="16" xadvance="71" page="0" chnl="15"/><char id="22870" x="470" y="415" width="79" height="79" xoffset="-3" yoffset="16" xadvance="71" page="0" chnl="15"/><char id="22909" x="162" y="175" width="80" height="79" xoffset="-4" yoffset="16" xadvance="71" page="0" chnl="15"/><char id="22987" x="81" y="175" width="80" height="79" xoffset="-3" yoffset="16" xadvance="71" page="0" chnl="15"/><char id="23450" x="82" y="94" width="79" height="80" xoffset="-4" yoffset="15" xadvance="71" page="0" chnl="15"/><char id="23475" x="81" y="415" width="75" height="79" xoffset="-1" yoffset="16" xadvance="71" page="0" chnl="15"/><char id="23545" x="403" y="94" width="78" height="79" xoffset="-3" yoffset="16" xadvance="71" page="0" chnl="15"/><char id="23558" x="481" y="335" width="79" height="79" xoffset="-4" yoffset="16" xadvance="71" page="0" chnl="15"/><char id="23616" x="783" y="574" width="77" height="76" xoffset="-4" yoffset="19" xadvance="71" page="0" chnl="15"/><char id="24067" x="721" y="335" width="78" height="79" xoffset="-4" yoffset="16" xadvance="71" page="0" chnl="15"/><char id="24182" x="337" y="0" width="77" height="81" xoffset="-2" yoffset="15" xadvance="71" page="0" chnl="15"/><char id="24191" x="324" y="94" width="78" height="80" xoffset="-4" yoffset="16" xadvance="71" page="0" chnl="15"/><char id="24207" x="716" y="0" width="79" height="80" xoffset="-4" yoffset="15" xadvance="71" page="0" chnl="15"/><char id="24320" x="78" y="652" width="77" height="75" xoffset="-2" yoffset="20" xadvance="71" page="0" chnl="15"/><char id="24377" x="397" y="255" width="77" height="79" xoffset="-1" yoffset="16" xadvance="71" page="0" chnl="15"/><char id="24471" x="797" y="174" width="79" height="79" xoffset="-5" yoffset="16" xadvance="71" page="0" chnl="15"/><char id="24605" x="383" y="652" width="79" height="75" xoffset="-3" yoffset="19" xadvance="71" page="0" chnl="15"/><char id="25152" x="400" y="495" width="80" height="78" xoffset="-4" yoffset="17" xadvance="71" page="0" chnl="15"/><char id="25171" x="0" y="255" width="79" height="79" xoffset="-3" yoffset="16" xadvance="71" page="0" chnl="15"/><char id="25265" x="308" y="415" width="80" height="79" xoffset="-4" yoffset="16" xadvance="71" page="0" chnl="15"/><char id="25773" x="788" y="415" width="80" height="79" xoffset="-4" yoffset="16" xadvance="71" page="0" chnl="15"/><char id="25918" x="869" y="415" width="80" height="79" xoffset="-4" yoffset="16" xadvance="71" page="0" chnl="15"/><char id="26032" x="0" y="175" width="80" height="79" xoffset="-4" yoffset="16" xadvance="71" page="0" chnl="15"/><char id="26041" x="557" y="0" width="77" height="80" xoffset="-3" yoffset="15" xadvance="71" page="0" chnl="15"/><char id="26102" x="241" y="495" width="77" height="78" xoffset="-1" yoffset="16" xadvance="71" page="0" chnl="15"/><char id="26174" x="621" y="652" width="79" height="73" xoffset="-3" yoffset="19" xadvance="71" page="0" chnl="15"/><char id="26242" x="802" y="94" width="77" height="79" xoffset="-2" yoffset="16" xadvance="71" page="0" chnl="15"/><char id="26377" x="161" y="255" width="78" height="79" xoffset="-4" yoffset="16" xadvance="71" page="0" chnl="15"/><char id="26463" x="795" y="255" width="78" height="79" xoffset="-3" yoffset="16" xadvance="71" page="0" chnl="15"/><char id="26469" x="239" y="335" width="80" height="79" xoffset="-4" yoffset="16" xadvance="71" page="0" chnl="15"/><char id="26631" x="0" y="335" width="80" height="79" xoffset="-4" yoffset="16" xadvance="71" page="0" chnl="15"/><char id="26834" x="878" y="335" width="81" height="79" xoffset="-4" yoffset="16" xadvance="71" page="0" chnl="15"/><char id="27465" x="389" y="415" width="80" height="79" xoffset="-4" yoffset="16" xadvance="71" page="0" chnl="15"/><char id="27809" x="881" y="495" width="80" height="78" xoffset="-4" yoffset="17" xadvance="71" page="0" chnl="15"/><char id="27963" x="560" y="174" width="79" height="79" xoffset="-3" yoffset="16" xadvance="71" page="0" chnl="15"/><char id="28040" x="877" y="174" width="78" height="79" xoffset="-3" yoffset="16" xadvance="71" page="0" chnl="15"/><char id="28779" x="320" y="335" width="79" height="79" xoffset="-3" yoffset="16" xadvance="71" page="0" chnl="15"/><char id="28781" x="234" y="574" width="80" height="77" xoffset="-4" yoffset="18" xadvance="71" page="0" chnl="15"/><char id="28856" x="316" y="255" width="80" height="79" xoffset="-4" yoffset="16" xadvance="71" page="0" chnl="15"/><char id="28857" x="81" y="335" width="79" height="79" xoffset="-3" yoffset="16" xadvance="71" page="0" chnl="15"/><char id="29190" x="640" y="495" width="81" height="78" xoffset="-4" yoffset="17" xadvance="71" page="0" chnl="15"/><char id="30340" x="240" y="255" width="75" height="79" xoffset="-1" yoffset="16" xadvance="71" page="0" chnl="15"/><char id="30495" x="800" y="335" width="77" height="79" xoffset="-2" yoffset="16" xadvance="71" page="0" chnl="15"/><char id="30768" x="702" y="574" width="80" height="76" xoffset="-4" yoffset="19" xadvance="71" page="0" chnl="15"/><char id="30830" x="642" y="335" width="78" height="79" xoffset="-4" yoffset="16" xadvance="71" page="0" chnl="15"/><char id="31034" x="156" y="652" width="78" height="75" xoffset="-4" yoffset="20" xadvance="71" page="0" chnl="15"/><char id="31435" x="481" y="495" width="77" height="78" xoffset="-2" yoffset="15" xadvance="71" page="0" chnl="15"/><char id="31661" x="875" y="0" width="79" height="80" xoffset="-4" yoffset="15" xadvance="71" page="0" chnl="15"/><char id="32467" x="715" y="255" width="79" height="79" xoffset="-4" yoffset="16" xadvance="71" page="0" chnl="15"/><char id="32487" x="80" y="495" width="80" height="78" xoffset="-4" yoffset="15" xadvance="71" page="0" chnl="15"/><char id="32493" x="880" y="94" width="79" height="79" xoffset="-4" yoffset="16" xadvance="71" page="0" chnl="15"/><char id="32988" x="319" y="495" width="80" height="78" xoffset="-4" yoffset="17" xadvance="71" page="0" chnl="15"/><char id="33719" x="718" y="174" width="78" height="79" xoffset="-3" yoffset="16" xadvance="71" page="0" chnl="15"/><char id="35758" x="244" y="94" width="79" height="80" xoffset="-3" yoffset="16" xadvance="71" page="0" chnl="15"/><char id="35831" x="722" y="94" width="79" height="79" xoffset="-3" yoffset="16" xadvance="71" page="0" chnl="15"/><char id="36133" x="161" y="495" width="79" height="78" xoffset="-3" yoffset="17" xadvance="71" page="0" chnl="15"/><char id="36153" x="475" y="255" width="79" height="79" xoffset="-3" yoffset="16" xadvance="71" page="0" chnl="15"/><char id="36339" x="555" y="255" width="80" height="79" xoffset="-4" yoffset="16" xadvance="71" page="0" chnl="15"/><char id="36733" x="157" y="415" width="78" height="79" xoffset="-2" yoffset="16" xadvance="71" page="0" chnl="15"/><char id="36807" x="722" y="495" width="80" height="78" xoffset="-4" yoffset="17" xadvance="71" page="0" chnl="15"/><char id="36824" x="0" y="94" width="81" height="80" xoffset="-5" yoffset="16" xadvance="71" page="0" chnl="15"/><char id="36830" x="162" y="94" width="81" height="80" xoffset="-5" yoffset="16" xadvance="71" page="0" chnl="15"/><char id="36992" x="641" y="94" width="80" height="79" xoffset="-4" yoffset="16" xadvance="71" page="0" chnl="15"/><char id="37197" x="0" y="574" width="79" height="77" xoffset="-3" yoffset="18" xadvance="71" page="0" chnl="15"/><char id="37325" x="80" y="574" width="77" height="77" xoffset="-2" yoffset="16" xadvance="71" page="0" chnl="15"/><char id="38388" x="403" y="174" width="75" height="79" xoffset="-1" yoffset="16" xadvance="71" page="0" chnl="15"/><char id="38500" x="796" y="0" width="78" height="80" xoffset="-1" yoffset="15" xadvance="71" page="0" chnl="15"/><char id="39034" x="315" y="574" width="80" height="77" xoffset="-5" yoffset="18" xadvance="71" page="0" chnl="15"/><char id="65281" x="867" y="729" width="27" height="66" xoffset="5" yoffset="23" xadvance="71" page="0" chnl="15"/><char id="65292" x="493" y="929" width="30" height="40" xoffset="7" yoffset="59" xadvance="71" page="0" chnl="15"/><char id="65311" x="895" y="729" width="44" height="66" xoffset="-3" yoffset="23" xadvance="71" page="0" chnl="15"/></chars><kernings count="807"><kerning first="97" second="116" amount="-2"/><kerning first="97" second="84" amount="-2"/><kerning first="97" second="86" amount="-2"/><kerning first="97" second="87" amount="-1"/><kerning first="97" second="89" amount="-2"/><kerning first="97" second="63" amount="-3"/><kerning first="97" second="42" amount="-3"/><kerning first="98" second="97" amount="-1"/><kerning first="98" second="116" amount="-2"/><kerning first="98" second="118" amount="-1"/><kerning first="98" second="119" amount="-1"/><kerning first="98" second="120" amount="-2"/><kerning first="98" second="121" amount="-1"/><kerning first="98" second="122" amount="-1"/><kerning first="98" second="84" amount="-5"/><kerning first="98" second="86" amount="-2"/><kerning first="98" second="88" amount="-1"/><kerning first="98" second="89" amount="-5"/><kerning first="98" second="63" amount="-3"/><kerning first="98" second="46" amount="-1"/><kerning first="98" second="44" amount="-1"/><kerning first="98" second="34" amount="-1"/><kerning first="98" second="39" amount="-1"/><kerning first="99" second="97" amount="-1"/><kerning first="99" second="99" amount="-2"/><kerning first="99" second="100" amount="-2"/><kerning first="99" second="101" amount="-2"/><kerning first="99" second="103" amount="-1"/><kerning first="99" second="111" amount="-2"/><kerning first="99" second="113" amount="-2"/><kerning first="99" second="116" amount="-1"/><kerning first="99" second="120" amount="-1"/><kerning first="99" second="84" amount="-2"/><kerning first="99" second="86" amount="-2"/><kerning first="99" second="89" amount="-2"/><kerning first="99" second="45" amount="-3"/><kerning first="101" second="97" amount="-1"/><kerning first="101" second="103" amount="-1"/><kerning first="101" second="116" amount="-1"/><kerning first="101" second="118" amount="-1"/><kerning first="101" second="119" amount="-1"/><kerning first="101" second="120" amount="-1"/><kerning first="101" second="121" amount="-1"/><kerning first="101" second="122" amount="-1"/><kerning first="101" second="74" amount="-2"/><kerning first="101" second="83" amount="-2"/><kerning first="101" second="84" amount="-2"/><kerning first="101" second="86" amount="-2"/><kerning first="101" second="87" amount="-1"/><kerning first="101" second="89" amount="-3"/><kerning first="101" second="63" amount="-1"/><kerning first="101" second="42" amount="-2"/><kerning first="101" second="45" amount="1"/><kerning first="102" second="97" amount="-2"/><kerning first="102" second="99" amount="-1"/><kerning first="102" second="100" amount="-1"/><kerning first="102" second="101" amount="-1"/><kerning first="102" second="103" amount="-1"/><kerning first="102" second="106" amount="-1"/><kerning first="102" second="111" amount="-1"/><kerning first="102" second="113" amount="-1"/><kerning first="102" second="115" amount="-1"/><kerning first="102" second="120" amount="-1"/><kerning first="102" second="122" amount="-2"/><kerning first="102" second="84" amount="3"/><kerning first="102" second="86" amount="5"/><kerning first="102" second="87" amount="3"/><kerning first="102" second="88" amount="2"/><kerning first="102" second="89" amount="4"/><kerning first="102" second="63" amount="2"/><kerning first="102" second="41" amount="3"/><kerning first="102" second="45" amount="-2"/><kerning first="102" second="46" amount="-5"/><kerning first="102" second="44" amount="-5"/><kerning first="102" second="34" amount="3"/><kerning first="102" second="39" amount="3"/><kerning first="102" second="125" amount="3"/><kerning first="102" second="93" amount="3"/><kerning first="103" second="97" amount="-2"/><kerning first="103" second="99" amount="-2"/><kerning first="103" second="100" amount="-2"/><kerning first="103" second="101" amount="-2"/><kerning first="103" second="106" amount="4"/><kerning first="103" second="111" amount="-2"/><kerning first="103" second="113" amount="-2"/><kerning first="103" second="118" amount="-1"/><kerning first="103" second="119" amount="-1"/><kerning first="103" second="122" amount="-2"/><kerning first="103" second="84" amount="-3"/><kerning first="103" second="89" amount="-2"/><kerning first="103" second="63" amount="-4"/><kerning first="103" second="42" amount="-2"/><kerning first="103" second="47" amount="2"/><kerning first="104" second="84" amount="-2"/><kerning first="104" second="86" amount="-1"/><kerning first="104" second="89" amount="-2"/><kerning first="104" second="63" amount="-1"/><kerning first="104" second="42" amount="-2"/><kerning first="107" second="97" amount="-1"/><kerning first="107" second="99" amount="-2"/><kerning first="107" second="100" amount="-2"/><kerning first="107" second="101" amount="-2"/><kerning first="107" second="103" amount="-1"/><kerning first="107" second="106" amount="-1"/><kerning first="107" second="111" amount="-2"/><kerning first="107" second="113" amount="-2"/><kerning first="107" second="116" amount="-3"/><kerning first="107" second="117" amount="-2"/><kerning first="107" second="120" amount="-1"/><kerning first="107" second="122" amount="-1"/><kerning first="107" second="84" amount="-4"/><kerning first="107" second="89" amount="-1"/><kerning first="107" second="63" amount="-3"/><kerning first="107" second="42" amount="-2"/><kerning first="107" second="45" amount="-7"/><kerning first="108" second="106" amount="1"/><kerning first="109" second="84" amount="-2"/><kerning first="109" second="86" amount="-1"/><kerning first="109" second="89" amount="-2"/><kerning first="109" second="63" amount="-1"/><kerning first="109" second="42" amount="-2"/><kerning first="110" second="84" amount="-2"/><kerning first="110" second="86" amount="-1"/><kerning first="110" second="89" amount="-2"/><kerning first="110" second="63" amount="-1"/><kerning first="110" second="42" amount="-2"/><kerning first="111" second="97" amount="-1"/><kerning first="111" second="116" amount="-2"/><kerning first="111" second="118" amount="-1"/><kerning first="111" second="119" amount="-1"/><kerning first="111" second="120" amount="-2"/><kerning first="111" second="121" amount="-1"/><kerning first="111" second="122" amount="-1"/><kerning first="111" second="84" amount="-5"/><kerning first="111" second="86" amount="-2"/><kerning first="111" second="88" amount="-1"/><kerning first="111" second="89" amount="-5"/><kerning first="111" second="63" amount="-3"/><kerning first="111" second="46" amount="-1"/><kerning first="111" second="44" amount="-1"/><kerning first="111" second="34" amount="-1"/><kerning first="111" second="39" amount="-1"/><kerning first="112" second="97" amount="-1"/><kerning first="112" second="116" amount="-2"/><kerning first="112" second="118" amount="-1"/><kerning first="112" second="119" amount="-1"/><kerning first="112" second="120" amount="-2"/><kerning first="112" second="121" amount="-1"/><kerning first="112" second="122" amount="-1"/><kerning first="112" second="84" amount="-5"/><kerning first="112" second="86" amount="-2"/><kerning first="112" second="88" amount="-1"/><kerning first="112" second="89" amount="-5"/><kerning first="112" second="63" amount="-3"/><kerning first="112" second="46" amount="-1"/><kerning first="112" second="44" amount="-1"/><kerning first="112" second="34" amount="-1"/><kerning first="112" second="39" amount="-1"/><kerning first="113" second="84" amount="-2"/><kerning first="113" second="86" amount="-2"/><kerning first="113" second="89" amount="-2"/><kerning first="113" second="42" amount="-1"/><kerning first="114" second="97" amount="-2"/><kerning first="114" second="99" amount="-1"/><kerning first="114" second="100" amount="-1"/><kerning first="114" second="101" amount="-1"/><kerning first="114" second="103" amount="-1"/><kerning first="114" second="111" amount="-1"/><kerning first="114" second="113" amount="-1"/><kerning first="114" second="115" amount="-1"/><kerning first="114" second="122" amount="-1"/><kerning first="114" second="65" amount="-2"/><kerning first="114" second="74" amount="-6"/><kerning first="114" second="90" amount="-1"/><kerning first="114" second="45" amount="-2"/><kerning first="114" second="46" amount="-7"/><kerning first="114" second="44" amount="-7"/><kerning first="114" second="47" amount="-2"/><kerning first="115" second="116" amount="-2"/><kerning first="115" second="84" amount="-2"/><kerning first="115" second="86" amount="-1"/><kerning first="115" second="89" amount="-2"/><kerning first="115" second="63" amount="-2"/><kerning first="115" second="42" amount="-2"/><kerning first="115" second="45" amount="1"/><kerning first="116" second="97" amount="-2"/><kerning first="116" second="99" amount="-2"/><kerning first="116" second="100" amount="-2"/><kerning first="116" second="101" amount="-2"/><kerning first="116" second="103" amount="-1"/><kerning first="116" second="111" amount="-2"/><kerning first="116" second="113" amount="-2"/><kerning first="116" second="115" amount="-1"/><kerning first="116" second="116" amount="-2"/><kerning first="116" second="120" amount="-1"/><kerning first="116" second="84" amount="-2"/><kerning first="116" second="89" amount="-1"/><kerning first="116" second="63" amount="-3"/><kerning first="116" second="45" amount="-3"/><kerning first="116" second="46" amount="-1"/><kerning first="116" second="44" amount="-1"/><kerning first="116" second="47" amount="-1"/><kerning first="117" second="84" amount="-2"/><kerning first="117" second="86" amount="-2"/><kerning first="117" second="89" amount="-2"/><kerning first="117" second="42" amount="-1"/><kerning first="118" second="97" amount="-2"/><kerning first="118" second="99" amount="-1"/><kerning first="118" second="100" amount="-1"/><kerning first="118" second="101" amount="-1"/><kerning first="118" second="106" amount="-1"/><kerning first="118" second="111" amount="-1"/><kerning first="118" second="113" amount="-1"/><kerning first="118" second="122" amount="-2"/><kerning first="118" second="65" amount="-1"/><kerning first="118" second="74" amount="-3"/><kerning first="118" second="84" amount="-2"/><kerning first="118" second="86" amount="-1"/><kerning first="118" second="89" amount="-2"/><kerning first="118" second="90" amount="-1"/><kerning first="118" second="42" amount="-1"/><kerning first="118" second="45" amount="-1"/><kerning first="118" second="46" amount="-5"/><kerning first="118" second="44" amount="-5"/><kerning first="118" second="47" amount="-2"/><kerning first="119" second="97" amount="-1"/><kerning first="119" second="99" amount="-1"/><kerning first="119" second="100" amount="-1"/><kerning first="119" second="101" amount="-1"/><kerning first="119" second="106" amount="-1"/><kerning first="119" second="111" amount="-1"/><kerning first="119" second="113" amount="-1"/><kerning first="119" second="122" amount="-2"/><kerning first="119" second="65" amount="-1"/><kerning first="119" second="74" amount="-2"/><kerning first="119" second="84" amount="-2"/><kerning first="119" second="86" amount="-1"/><kerning first="119" second="88" amount="-2"/><kerning first="119" second="89" amount="-2"/><kerning first="119" second="42" amount="-1"/><kerning first="119" second="46" amount="-7"/><kerning first="119" second="44" amount="-7"/><kerning first="120" second="97" amount="-1"/><kerning first="120" second="99" amount="-2"/><kerning first="120" second="100" amount="-2"/><kerning first="120" second="101" amount="-2"/><kerning first="120" second="111" amount="-2"/><kerning first="120" second="113" amount="-2"/><kerning first="120" second="116" amount="-2"/><kerning first="120" second="121" amount="-1"/><kerning first="120" second="67" amount="-1"/><kerning first="120" second="71" amount="-1"/><kerning first="120" second="79" amount="-1"/><kerning first="120" second="81" amount="-1"/><kerning first="120" second="83" amount="-1"/><kerning first="120" second="84" amount="-2"/><kerning first="120" second="86" amount="-2"/><kerning first="120" second="88" amount="-1"/><kerning first="120" second="89" amount="-3"/><kerning first="120" second="33" amount="-2"/><kerning first="120" second="59" amount="1"/><kerning first="120" second="42" amount="-2"/><kerning first="120" second="45" amount="-2"/><kerning first="120" second="46" amount="-1"/><kerning first="120" second="44" amount="1"/><kerning first="121" second="97" amount="-2"/><kerning first="121" second="99" amount="-1"/><kerning first="121" second="100" amount="-1"/><kerning first="121" second="101" amount="-1"/><kerning first="121" second="106" amount="-1"/><kerning first="121" second="111" amount="-1"/><kerning first="121" second="113" amount="-1"/><kerning first="121" second="120" amount="-2"/><kerning first="121" second="122" amount="-2"/><kerning first="121" second="74" amount="-3"/><kerning first="121" second="84" amount="-2"/><kerning first="121" second="86" amount="-1"/><kerning first="121" second="88" amount="-1"/><kerning first="121" second="89" amount="-1"/><kerning first="121" second="46" amount="-5"/><kerning first="121" second="44" amount="-5"/><kerning first="122" second="97" amount="-1"/><kerning first="122" second="99" amount="-1"/><kerning first="122" second="100" amount="-1"/><kerning first="122" second="101" amount="-1"/><kerning first="122" second="111" amount="-1"/><kerning first="122" second="113" amount="-1"/><kerning first="122" second="117" amount="-1"/><kerning first="122" second="118" amount="-1"/><kerning first="122" second="121" amount="-1"/><kerning first="122" second="84" amount="-2"/><kerning first="122" second="89" amount="-1"/><kerning first="122" second="45" amount="-2"/><kerning first="65" second="97" amount="1"/><kerning first="65" second="102" amount="-1"/><kerning first="65" second="115" amount="1"/><kerning first="65" second="116" amount="-2"/><kerning first="65" second="118" amount="-1"/><kerning first="65" second="119" amount="-1"/><kerning first="65" second="120" amount="-1"/><kerning first="65" second="121" amount="-1"/><kerning first="65" second="67" amount="-1"/><kerning first="65" second="71" amount="-1"/><kerning first="65" second="79" amount="-1"/><kerning first="65" second="81" amount="-1"/><kerning first="65" second="84" amount="-6"/><kerning first="65" second="85" amount="-1"/><kerning first="65" second="86" amount="-2"/><kerning first="65" second="88" amount="-1"/><kerning first="65" second="89" amount="-2"/><kerning first="65" second="63" amount="-3"/><kerning first="65" second="42" amount="-7"/><kerning first="65" second="34" amount="-6"/><kerning first="65" second="39" amount="-6"/><kerning first="66" second="116" amount="-1"/><kerning first="66" second="118" amount="-2"/><kerning first="66" second="119" amount="-1"/><kerning first="66" second="120" amount="-1"/><kerning first="66" second="121" amount="-2"/><kerning first="66" second="74" amount="-2"/><kerning first="66" second="83" amount="-2"/><kerning first="66" second="84" amount="-2"/><kerning first="66" second="86" amount="-1"/><kerning first="66" second="87" amount="-1"/><kerning first="66" second="88" amount="-1"/><kerning first="66" second="89" amount="-2"/><kerning first="66" second="90" amount="-1"/><kerning first="66" second="42" amount="-2"/><kerning first="67" second="103" amount="-2"/><kerning first="67" second="116" amount="-3"/><kerning first="67" second="117" amount="-1"/><kerning first="67" second="118" amount="-2"/><kerning first="67" second="119" amount="-1"/><kerning first="67" second="121" amount="-2"/><kerning first="67" second="67" amount="-3"/><kerning first="67" second="71" amount="-3"/><kerning first="67" second="74" amount="-1"/><kerning first="67" second="79" amount="-3"/><kerning first="67" second="81" amount="-3"/><kerning first="67" second="83" amount="-2"/><kerning first="67" second="84" amount="-1"/><kerning first="67" second="85" amount="-2"/><kerning first="67" second="86" amount="-1"/><kerning first="67" second="87" amount="-1"/><kerning first="67" second="88" amount="-1"/><kerning first="67" second="89" amount="-1"/><kerning first="67" second="90" amount="-1"/><kerning first="67" second="45" amount="-3"/><kerning first="68" second="120" amount="-2"/><kerning first="68" second="122" amount="-1"/><kerning first="68" second="65" amount="-1"/><kerning first="68" second="74" amount="-4"/><kerning first="68" second="84" amount="-2"/><kerning first="68" second="86" amount="-1"/><kerning first="68" second="88" amount="-2"/><kerning first="68" second="89" amount="-2"/><kerning first="68" second="90" amount="-2"/><kerning first="68" second="42" amount="-2"/><kerning first="68" second="47" amount="-1"/><kerning first="69" second="99" amount="-1"/><kerning first="69" second="100" amount="-1"/><kerning first="69" second="101" amount="-1"/><kerning first="69" second="111" amount="-1"/><kerning first="69" second="113" amount="-1"/><kerning first="69" second="116" amount="-2"/><kerning first="69" second="118" amount="-1"/><kerning first="69" second="120" amount="-4"/><kerning first="69" second="121" amount="-1"/><kerning first="70" second="97" amount="-3"/><kerning first="70" second="99" amount="-2"/><kerning first="70" second="100" amount="-2"/><kerning first="70" second="101" amount="-2"/><kerning first="70" second="103" amount="-2"/><kerning first="70" second="109" amount="-2"/><kerning first="70" second="110" amount="-2"/><kerning first="70" second="111" amount="-2"/><kerning first="70" second="112" amount="-2"/><kerning first="70" second="113" amount="-2"/><kerning first="70" second="114" amount="-2"/><kerning first="70" second="115" amount="-2"/><kerning first="70" second="116" amount="-1"/><kerning first="70" second="117" amount="-2"/><kerning first="70" second="118" amount="-3"/><kerning first="70" second="119" amount="-2"/><kerning first="70" second="120" amount="-3"/><kerning first="70" second="121" amount="-2"/><kerning first="70" second="122" amount="-4"/><kerning first="70" second="65" amount="-3"/><kerning first="70" second="67" amount="-1"/><kerning first="70" second="71" amount="-1"/><kerning first="70" second="74" amount="-11"/><kerning first="70" second="79" amount="-1"/><kerning first="70" second="81" amount="-1"/><kerning first="70" second="83" amount="-2"/><kerning first="70" second="86" amount="-1"/><kerning first="70" second="87" amount="-1"/><kerning first="70" second="88" amount="-2"/><kerning first="70" second="89" amount="-1"/><kerning first="70" second="90" amount="-2"/><kerning first="70" second="46" amount="-8"/><kerning first="70" second="44" amount="-8"/><kerning first="70" second="47" amount="-4"/><kerning first="71" second="65" amount="-1"/><kerning first="71" second="84" amount="-2"/><kerning first="71" second="86" amount="-2"/><kerning first="71" second="87" amount="-1"/><kerning first="71" second="42" amount="-2"/><kerning first="74" second="74" amount="-3"/><kerning first="74" second="46" amount="-2"/><kerning first="74" second="44" amount="-2"/><kerning first="75" second="99" amount="-1"/><kerning first="75" second="100" amount="-1"/><kerning first="75" second="101" amount="-1"/><kerning first="75" second="106" amount="-1"/><kerning first="75" second="111" amount="-1"/><kerning first="75" second="113" amount="-1"/><kerning first="75" second="116" amount="-4"/><kerning first="75" second="117" amount="-1"/><kerning first="75" second="118" amount="-3"/><kerning first="75" second="119" amount="-2"/><kerning first="75" second="120" amount="-2"/><kerning first="75" second="121" amount="-3"/><kerning first="75" second="122" amount="-2"/><kerning first="75" second="65" amount="-1"/><kerning first="75" second="67" amount="-2"/><kerning first="75" second="71" amount="-2"/><kerning first="75" second="79" amount="-2"/><kerning first="75" second="81" amount="-2"/><kerning first="75" second="83" amount="-2"/><kerning first="75" second="84" amount="-2"/><kerning first="75" second="85" amount="-2"/><kerning first="75" second="86" amount="-1"/><kerning first="75" second="87" amount="-1"/><kerning first="75" second="89" amount="-2"/><kerning first="75" second="63" amount="-1"/><kerning first="75" second="42" amount="-3"/><kerning first="75" second="45" amount="-4"/><kerning first="75" second="34" amount="-3"/><kerning first="75" second="39" amount="-3"/><kerning first="76" second="99" amount="-1"/><kerning first="76" second="100" amount="-1"/><kerning first="76" second="101" amount="-1"/><kerning first="76" second="102" amount="-2"/><kerning first="76" second="103" amount="-1"/><kerning first="76" second="111" amount="-1"/><kerning first="76" second="113" amount="-1"/><kerning first="76" second="116" amount="-2"/><kerning first="76" second="117" amount="-1"/><kerning first="76" second="118" amount="-4"/><kerning first="76" second="119" amount="-3"/><kerning first="76" second="121" amount="-4"/><kerning first="76" second="65" amount="-1"/><kerning first="76" second="67" amount="-3"/><kerning first="76" second="71" amount="-3"/><kerning first="76" second="79" amount="-3"/><kerning first="76" second="81" amount="-3"/><kerning first="76" second="83" amount="-2"/><kerning first="76" second="84" amount="-10"/><kerning first="76" second="85" amount="-3"/><kerning first="76" second="86" amount="-6"/><kerning first="76" second="87" amount="-5"/><kerning first="76" second="89" amount="-7"/><kerning first="76" second="63" amount="-4"/><kerning first="76" second="42" amount="-14"/><kerning first="76" second="45" amount="-3"/><kerning first="76" second="34" amount="-12"/><kerning first="76" second="39" amount="-12"/><kerning first="79" second="120" amount="-2"/><kerning first="79" second="122" amount="-1"/><kerning first="79" second="65" amount="-1"/><kerning first="79" second="74" amount="-4"/><kerning first="79" second="84" amount="-2"/><kerning first="79" second="86" amount="-1"/><kerning first="79" second="88" amount="-2"/><kerning first="79" second="89" amount="-2"/><kerning first="79" second="90" amount="-2"/><kerning first="79" second="42" amount="-2"/><kerning first="79" second="47" amount="-1"/><kerning first="80" second="97" amount="-3"/><kerning first="80" second="99" amount="-2"/><kerning first="80" second="100" amount="-2"/><kerning first="80" second="101" amount="-2"/><kerning first="80" second="103" amount="-1"/><kerning first="80" second="111" amount="-2"/><kerning first="80" second="113" amount="-2"/><kerning first="80" second="115" amount="-1"/><kerning first="80" second="120" amount="-2"/><kerning first="80" second="122" amount="-2"/><kerning first="80" second="65" amount="-4"/><kerning first="80" second="74" amount="-11"/><kerning first="80" second="83" amount="-1"/><kerning first="80" second="84" amount="-1"/><kerning first="80" second="88" amount="-2"/><kerning first="80" second="89" amount="-1"/><kerning first="80" second="90" amount="-4"/><kerning first="80" second="45" amount="-2"/><kerning first="80" second="46" amount="-11"/><kerning first="80" second="44" amount="-11"/><kerning first="80" second="47" amount="-4"/><kerning first="81" second="120" amount="-2"/><kerning first="81" second="122" amount="-1"/><kerning first="81" second="65" amount="-1"/><kerning first="81" second="74" amount="-4"/><kerning first="81" second="84" amount="-2"/><kerning first="81" second="86" amount="-1"/><kerning first="81" second="88" amount="-2"/><kerning first="81" second="89" amount="-2"/><kerning first="81" second="90" amount="-2"/><kerning first="81" second="42" amount="-2"/><kerning first="81" second="47" amount="-1"/><kerning first="82" second="97" amount="-1"/><kerning first="82" second="99" amount="-1"/><kerning first="82" second="100" amount="-1"/><kerning first="82" second="101" amount="-1"/><kerning first="82" second="103" amount="-1"/><kerning first="82" second="111" amount="-1"/><kerning first="82" second="113" amount="-1"/><kerning first="82" second="120" amount="-1"/><kerning first="82" second="122" amount="-1"/><kerning first="82" second="65" amount="-1"/><kerning first="82" second="74" amount="-1"/><kerning first="82" second="83" amount="-1"/><kerning first="82" second="84" amount="-2"/><kerning first="82" second="86" amount="-1"/><kerning first="82" second="88" amount="-1"/><kerning first="82" second="89" amount="-1"/><kerning first="82" second="90" amount="-1"/><kerning first="82" second="42" amount="-1"/><kerning first="82" second="45" amount="-2"/><kerning first="83" second="116" amount="-2"/><kerning first="83" second="122" amount="-1"/><kerning first="83" second="74" amount="-2"/><kerning first="83" second="83" amount="-2"/><kerning first="83" second="84" amount="-2"/><kerning first="83" second="89" amount="-2"/><kerning first="83" second="42" amount="-1"/><kerning first="83" second="45" amount="2"/><kerning first="84" second="97" amount="-5"/><kerning first="84" second="99" amount="-6"/><kerning first="84" second="100" amount="-6"/><kerning first="84" second="101" amount="-6"/><kerning first="84" second="102" amount="-1"/><kerning first="84" second="103" amount="-5"/><kerning first="84" second="109" amount="-3"/><kerning first="84" second="110" amount="-3"/><kerning first="84" second="111" amount="-6"/><kerning first="84" second="112" amount="-3"/><kerning first="84" second="113" amount="-6"/><kerning first="84" second="114" amount="-3"/><kerning first="84" second="115" amount="-5"/><kerning first="84" second="116" amount="-1"/><kerning first="84" second="117" amount="-3"/><kerning first="84" second="118" amount="-2"/><kerning first="84" second="119" amount="-2"/><kerning first="84" second="120" amount="-2"/><kerning first="84" second="121" amount="-2"/><kerning first="84" second="122" amount="-5"/><kerning first="84" second="65" amount="-3"/><kerning first="84" second="67" amount="-2"/><kerning first="84" second="71" amount="-2"/><kerning first="84" second="74" amount="-10"/><kerning first="84" second="79" amount="-2"/><kerning first="84" second="81" amount="-2"/><kerning first="84" second="83" amount="-2"/><kerning first="84" second="88" amount="-2"/><kerning first="84" second="89" amount="-2"/><kerning first="84" second="90" amount="-3"/><kerning first="84" second="59" amount="-2"/><kerning first="84" second="58" amount="-2"/><kerning first="84" second="45" amount="-5"/><kerning first="84" second="46" amount="-9"/><kerning first="84" second="44" amount="-9"/><kerning first="84" second="47" amount="-5"/><kerning first="85" second="97" amount="-1"/><kerning first="85" second="103" amount="-1"/><kerning first="85" second="115" amount="-1"/><kerning first="85" second="120" amount="-1"/><kerning first="85" second="65" amount="-1"/><kerning first="85" second="74" amount="-5"/><kerning first="85" second="83" amount="-1"/><kerning first="85" second="86" amount="-1"/><kerning first="85" second="88" amount="-1"/><kerning first="85" second="89" amount="-2"/><kerning first="85" second="46" amount="-2"/><kerning first="85" second="44" amount="-2"/><kerning first="85" second="47" amount="-1"/><kerning first="86" second="97" amount="-3"/><kerning first="86" second="99" amount="-2"/><kerning first="86" second="100" amount="-2"/><kerning first="86" second="101" amount="-2"/><kerning first="86" second="103" amount="-2"/><kerning first="86" second="109" amount="-2"/><kerning first="86" second="110" amount="-2"/><kerning first="86" second="111" amount="-2"/><kerning first="86" second="112" amount="-2"/><kerning first="86" second="113" amount="-2"/><kerning first="86" second="114" amount="-2"/><kerning first="86" second="115" amount="-1"/><kerning first="86" second="117" amount="-2"/><kerning first="86" second="118" amount="-1"/><kerning first="86" second="119" amount="-1"/><kerning first="86" second="120" amount="-2"/><kerning first="86" second="121" amount="-1"/><kerning first="86" second="122" amount="-2"/><kerning first="86" second="65" amount="-2"/><kerning first="86" second="67" amount="-1"/><kerning first="86" second="71" amount="-1"/><kerning first="86" second="74" amount="-5"/><kerning first="86" second="79" amount="-1"/><kerning first="86" second="81" amount="-1"/><kerning first="86" second="83" amount="-1"/><kerning first="86" second="85" amount="-1"/><kerning first="86" second="86" amount="1"/><kerning first="86" second="90" amount="-2"/><kerning first="86" second="45" amount="-2"/><kerning first="86" second="46" amount="-6"/><kerning first="86" second="44" amount="-6"/><kerning first="86" second="47" amount="-2"/><kerning first="87" second="97" amount="-1"/><kerning first="87" second="122" amount="-1"/><kerning first="87" second="74" amount="-4"/><kerning first="87" second="45" amount="-1"/><kerning first="87" second="46" amount="-3"/><kerning first="87" second="44" amount="-3"/><kerning first="88" second="97" amount="-1"/><kerning first="88" second="99" amount="-1"/><kerning first="88" second="100" amount="-1"/><kerning first="88" second="101" amount="-1"/><kerning first="88" second="102" amount="-2"/><kerning first="88" second="111" amount="-1"/><kerning first="88" second="113" amount="-1"/><kerning first="88" second="116" amount="-2"/><kerning first="88" second="117" amount="-1"/><kerning first="88" second="118" amount="-2"/><kerning first="88" second="119" amount="-2"/><kerning first="88" second="120" amount="-1"/><kerning first="88" second="121" amount="-2"/><kerning first="88" second="122" amount="-2"/><kerning first="88" second="65" amount="-1"/><kerning first="88" second="67" amount="-2"/><kerning first="88" second="71" amount="-2"/><kerning first="88" second="74" amount="-1"/><kerning first="88" second="79" amount="-2"/><kerning first="88" second="81" amount="-2"/><kerning first="88" second="83" amount="-2"/><kerning first="88" second="84" amount="-2"/><kerning first="88" second="85" amount="-1"/><kerning first="88" second="42" amount="-1"/><kerning first="88" second="45" amount="-3"/><kerning first="88" second="34" amount="-1"/><kerning first="88" second="39" amount="-1"/><kerning first="89" second="97" amount="-6"/><kerning first="89" second="99" amount="-5"/><kerning first="89" second="100" amount="-5"/><kerning first="89" second="101" amount="-5"/><kerning first="89" second="103" amount="-5"/><kerning first="89" second="109" amount="-3"/><kerning first="89" second="110" amount="-3"/><kerning first="89" second="111" amount="-5"/><kerning first="89" second="112" amount="-3"/><kerning first="89" second="113" amount="-5"/><kerning first="89" second="114" amount="-3"/><kerning first="89" second="115" amount="-5"/><kerning first="89" second="116" amount="-4"/><kerning first="89" second="117" amount="-3"/><kerning first="89" second="118" amount="-2"/><kerning first="89" second="119" amount="-2"/><kerning first="89" second="120" amount="-3"/><kerning first="89" second="121" amount="-2"/><kerning first="89" second="122" amount="-5"/><kerning first="89" second="65" amount="-2"/><kerning first="89" second="67" amount="-2"/><kerning first="89" second="71" amount="-2"/><kerning first="89" second="74" amount="-8"/><kerning first="89" second="79" amount="-2"/><kerning first="89" second="81" amount="-2"/><kerning first="89" second="83" amount="-2"/><kerning first="89" second="84" amount="-2"/><kerning first="89" second="85" amount="-1"/><kerning first="89" second="90" amount="-2"/><kerning first="89" second="59" amount="-3"/><kerning first="89" second="58" amount="-3"/><kerning first="89" second="63" amount="-1"/><kerning first="89" second="45" amount="-6"/><kerning first="89" second="46" amount="-9"/><kerning first="89" second="44" amount="-9"/><kerning first="89" second="47" amount="-4"/><kerning first="90" second="97" amount="-1"/><kerning first="90" second="99" amount="-1"/><kerning first="90" second="100" amount="-1"/><kerning first="90" second="101" amount="-1"/><kerning first="90" second="102" amount="-2"/><kerning first="90" second="103" amount="-1"/><kerning first="90" second="111" amount="-1"/><kerning first="90" second="113" amount="-1"/><kerning first="90" second="116" amount="-2"/><kerning first="90" second="117" amount="-1"/><kerning first="90" second="118" amount="-1"/><kerning first="90" second="119" amount="-1"/><kerning first="90" second="120" amount="-2"/><kerning first="90" second="121" amount="-1"/><kerning first="90" second="67" amount="-2"/><kerning first="90" second="71" amount="-2"/><kerning first="90" second="74" amount="-2"/><kerning first="90" second="79" amount="-2"/><kerning first="90" second="81" amount="-2"/><kerning first="90" second="83" amount="-2"/><kerning first="90" second="85" amount="-1"/><kerning first="90" second="89" amount="-2"/><kerning first="90" second="90" amount="-1"/><kerning first="90" second="45" amount="-2"/><kerning first="59" second="89" amount="-3"/><kerning first="59" second="42" amount="-2"/><kerning first="58" second="89" amount="-3"/><kerning first="58" second="42" amount="-2"/><kerning first="40" second="106" amount="6"/><kerning first="40" second="74" amount="-2"/><kerning first="45" second="116" amount="-2"/><kerning first="45" second="118" amount="-1"/><kerning first="45" second="120" amount="-2"/><kerning first="45" second="74" amount="-2"/><kerning first="45" second="83" amount="-2"/><kerning first="45" second="84" amount="-5"/><kerning first="45" second="86" amount="-2"/><kerning first="45" second="87" amount="-1"/><kerning first="45" second="88" amount="-3"/><kerning first="45" second="89" amount="-6"/><kerning first="45" second="90" amount="-2"/><kerning first="46" second="99" amount="-1"/><kerning first="46" second="100" amount="-1"/><kerning first="46" second="101" amount="-1"/><kerning first="46" second="106" amount="3"/><kerning first="46" second="111" amount="-1"/><kerning first="46" second="113" amount="-1"/><kerning first="46" second="116" amount="-5"/><kerning first="46" second="118" amount="-5"/><kerning first="46" second="119" amount="-3"/><kerning first="46" second="121" amount="-2"/><kerning first="46" second="84" amount="-8"/><kerning first="46" second="85" amount="-2"/><kerning first="46" second="86" amount="-6"/><kerning first="46" second="87" amount="-3"/><kerning first="46" second="89" amount="-9"/><kerning first="46" second="42" amount="-14"/><kerning first="46" second="34" amount="-11"/><kerning first="46" second="39" amount="-11"/><kerning first="44" second="99" amount="-1"/><kerning first="44" second="100" amount="-1"/><kerning first="44" second="101" amount="-1"/><kerning first="44" second="106" amount="3"/><kerning first="44" second="111" amount="-1"/><kerning first="44" second="113" amount="-1"/><kerning first="44" second="116" amount="-5"/><kerning first="44" second="118" amount="-5"/><kerning first="44" second="119" amount="-3"/><kerning first="44" second="121" amount="-2"/><kerning first="44" second="84" amount="-8"/><kerning first="44" second="85" amount="-2"/><kerning first="44" second="86" amount="-6"/><kerning first="44" second="87" amount="-3"/><kerning first="44" second="89" amount="-9"/><kerning first="44" second="42" amount="-14"/><kerning first="44" second="34" amount="-11"/><kerning first="44" second="39" amount="-11"/><kerning first="47" second="97" amount="-2"/><kerning first="47" second="99" amount="-1"/><kerning first="47" second="100" amount="-1"/><kerning first="47" second="101" amount="-1"/><kerning first="47" second="103" amount="-1"/><kerning first="47" second="111" amount="-1"/><kerning first="47" second="113" amount="-1"/><kerning first="47" second="116" amount="-1"/><kerning first="47" second="117" amount="-2"/><kerning first="47" second="65" amount="-3"/><kerning first="47" second="67" amount="-1"/><kerning first="47" second="71" amount="-1"/><kerning first="47" second="74" amount="-6"/><kerning first="47" second="79" amount="-1"/><kerning first="47" second="81" amount="-1"/><kerning first="34" second="99" amount="-1"/><kerning first="34" second="100" amount="-1"/><kerning first="34" second="101" amount="-1"/><kerning first="34" second="111" amount="-1"/><kerning first="34" second="113" amount="-1"/><kerning first="34" second="115" amount="-2"/><kerning first="34" second="65" amount="-6"/><kerning first="34" second="74" amount="-9"/><kerning first="34" second="83" amount="-1"/><kerning first="34" second="88" amount="-1"/><kerning first="34" second="46" amount="-11"/><kerning first="34" second="44" amount="-11"/><kerning first="39" second="99" amount="-1"/><kerning first="39" second="100" amount="-1"/><kerning first="39" second="101" amount="-1"/><kerning first="39" second="111" amount="-1"/><kerning first="39" second="113" amount="-1"/><kerning first="39" second="115" amount="-2"/><kerning first="39" second="65" amount="-6"/><kerning first="39" second="74" amount="-9"/><kerning first="39" second="83" amount="-1"/><kerning first="39" second="88" amount="-1"/><kerning first="39" second="46" amount="-11"/><kerning first="39" second="44" amount="-11"/><kerning first="123" second="106" amount="6"/><kerning first="123" second="74" amount="-2"/><kerning first="91" second="106" amount="6"/><kerning first="91" second="74" amount="-2"/></kernings></font>