<?xml version="1.0" encoding="UTF-8"?><font><info face="Roboto-Black" size="70" bold="0" italic="0" charset="" unicode="1" stretchH="100" smooth="1" aa="1" padding="1,1,1,1" spacing="1,1"/><common lineHeight="70" base="73" scaleW="432" scaleH="426" pages="1" packed="0"/><pages><page id="0" file="Roboto-Wood-fr.png"/></pages><chars count="96"><char id="32" x="0" y="0" width="0" height="0" xoffset="1" yoffset="0" xadvance="19" page="0" chnl="15"/><char id="33" x="416" y="185" width="14" height="52" xoffset="4" yoffset="23" xadvance="21" page="0" chnl="15"/><char id="34" x="249" y="387" width="22" height="19" xoffset="1" yoffset="20" xadvance="24" page="0" chnl="15"/><char id="35" x="327" y="292" width="40" height="52" xoffset="1" yoffset="23" xadvance="42" page="0" chnl="15"/><char id="36" x="151" y="0" width="37" height="67" xoffset="3" yoffset="15" xadvance="42" page="0" chnl="15"/><char id="37" x="87" y="185" width="48" height="53" xoffset="3" yoffset="23" xadvance="53" page="0" chnl="15"/><char id="38" x="136" y="185" width="46" height="53" xoffset="2" yoffset="23" xadvance="49" page="0" chnl="15"/><char id="39" x="224" y="387" width="10" height="22" xoffset="1" yoffset="20" xadvance="12" page="0" chnl="15"/><char id="40" x="0" y="0" width="21" height="72" xoffset="4" yoffset="18" xadvance="26" page="0" chnl="15"/><char id="41" x="22" y="0" width="22" height="72" xoffset="2" yoffset="18" xadvance="26" page="0" chnl="15"/><char id="42" x="125" y="387" width="31" height="33" xoffset="1" yoffset="23" xadvance="33" page="0" chnl="15"/><char id="43" x="88" y="387" width="36" height="38" xoffset="2" yoffset="32" xadvance="39" page="0" chnl="15"/><char id="44" x="411" y="292" width="14" height="22" xoffset="2" yoffset="64" xadvance="20" page="0" chnl="15"/><char id="45" x="272" y="387" width="23" height="12" xoffset="5" yoffset="47" xadvance="33" page="0" chnl="15"/><char id="46" x="411" y="315" width="14" height="12" xoffset="5" yoffset="63" xadvance="23" page="0" chnl="15"/><char id="47" x="346" y="0" width="27" height="57" xoffset="-1" yoffset="23" xadvance="26" page="0" chnl="15"/><char id="48" x="37" y="130" width="37" height="53" xoffset="3" yoffset="23" xadvance="42" page="0" chnl="15"/><char id="49" x="183" y="185" width="25" height="52" xoffset="5" yoffset="23" xadvance="42" page="0" chnl="15"/><char id="50" x="209" y="185" width="38" height="52" xoffset="2" yoffset="23" xadvance="42" page="0" chnl="15"/><char id="51" x="75" y="130" width="38" height="53" xoffset="2" yoffset="23" xadvance="42" page="0" chnl="15"/><char id="52" x="248" y="185" width="39" height="52" xoffset="2" yoffset="23" xadvance="42" page="0" chnl="15"/><char id="53" x="114" y="130" width="37" height="53" xoffset="3" yoffset="23" xadvance="42" page="0" chnl="15"/><char id="54" x="152" y="130" width="37" height="53" xoffset="3" yoffset="23" xadvance="42" page="0" chnl="15"/><char id="55" x="288" y="185" width="38" height="52" xoffset="2" yoffset="23" xadvance="42" page="0" chnl="15"/><char id="56" x="190" y="130" width="37" height="53" xoffset="3" yoffset="23" xadvance="42" page="0" chnl="15"/><char id="57" x="228" y="130" width="36" height="53" xoffset="3" yoffset="23" xadvance="42" page="0" chnl="15"/><char id="58" x="74" y="387" width="13" height="39" xoffset="5" yoffset="36" xadvance="22" page="0" chnl="15"/><char id="59" x="368" y="292" width="15" height="50" xoffset="3" yoffset="36" xadvance="21" page="0" chnl="15"/><char id="61" x="189" y="387" width="34" height="26" xoffset="4" yoffset="39" xadvance="42" page="0" chnl="15"/><char id="63" x="290" y="292" width="36" height="52" xoffset="1" yoffset="23" xadvance="37" page="0" chnl="15"/><char id="64" x="189" y="0" width="60" height="65" xoffset="1" yoffset="25" xadvance="63" page="0" chnl="15"/><char id="65" x="327" y="185" width="47" height="52" xoffset="0" yoffset="23" xadvance="46" page="0" chnl="15"/><char id="66" x="375" y="185" width="40" height="52" xoffset="4" yoffset="23" xadvance="46" page="0" chnl="15"/><char id="67" x="265" y="130" width="42" height="53" xoffset="3" yoffset="23" xadvance="46" page="0" chnl="15"/><char id="68" x="0" y="239" width="40" height="52" xoffset="4" yoffset="23" xadvance="47" page="0" chnl="15"/><char id="69" x="41" y="239" width="37" height="52" xoffset="4" yoffset="23" xadvance="41" page="0" chnl="15"/><char id="70" x="79" y="239" width="37" height="52" xoffset="4" yoffset="23" xadvance="42" page="0" chnl="15"/><char id="71" x="308" y="130" width="42" height="53" xoffset="3" yoffset="23" xadvance="48" page="0" chnl="15"/><char id="72" x="117" y="239" width="43" height="52" xoffset="4" yoffset="23" xadvance="51" page="0" chnl="15"/><char id="73" x="418" y="73" width="14" height="52" xoffset="5" yoffset="23" xadvance="22" page="0" chnl="15"/><char id="74" x="351" y="130" width="37" height="53" xoffset="2" yoffset="23" xadvance="42" page="0" chnl="15"/><char id="75" x="161" y="239" width="44" height="52" xoffset="4" yoffset="23" xadvance="47" page="0" chnl="15"/><char id="76" x="206" y="239" width="35" height="52" xoffset="4" yoffset="23" xadvance="39" page="0" chnl="15"/><char id="77" x="242" y="239" width="55" height="52" xoffset="4" yoffset="23" xadvance="62" page="0" chnl="15"/><char id="78" x="298" y="239" width="43" height="52" xoffset="4" yoffset="23" xadvance="51" page="0" chnl="15"/><char id="79" x="0" y="185" width="44" height="53" xoffset="3" yoffset="23" xadvance="49" page="0" chnl="15"/><char id="80" x="342" y="239" width="41" height="52" xoffset="4" yoffset="23" xadvance="47" page="0" chnl="15"/><char id="81" x="298" y="0" width="47" height="60" xoffset="3" yoffset="23" xadvance="51" page="0" chnl="15"/><char id="82" x="384" y="239" width="43" height="52" xoffset="4" yoffset="23" xadvance="48" page="0" chnl="15"/><char id="83" x="45" y="185" width="41" height="53" xoffset="3" yoffset="23" xadvance="46" page="0" chnl="15"/><char id="84" x="0" y="292" width="40" height="52" xoffset="1" yoffset="23" xadvance="41" page="0" chnl="15"/><char id="85" x="389" y="130" width="43" height="53" xoffset="4" yoffset="23" xadvance="50" page="0" chnl="15"/><char id="86" x="41" y="292" width="47" height="52" xoffset="0" yoffset="23" xadvance="46" page="0" chnl="15"/><char id="87" x="89" y="292" width="64" height="52" xoffset="0" yoffset="23" xadvance="64" page="0" chnl="15"/><char id="88" x="154" y="292" width="47" height="52" xoffset="0" yoffset="23" xadvance="46" page="0" chnl="15"/><char id="89" x="202" y="292" width="47" height="52" xoffset="0" yoffset="23" xadvance="46" page="0" chnl="15"/><char id="90" x="250" y="292" width="39" height="52" xoffset="2" yoffset="23" xadvance="42" page="0" chnl="15"/><char id="91" x="45" y="0" width="17" height="72" xoffset="4" yoffset="15" xadvance="21" page="0" chnl="15"/><char id="93" x="63" y="0" width="18" height="72" xoffset="0" yoffset="15" xadvance="21" page="0" chnl="15"/><char id="94" x="157" y="387" width="31" height="27" xoffset="1" yoffset="23" xadvance="33" page="0" chnl="15"/><char id="95" x="296" y="387" width="33" height="11" xoffset="0" yoffset="73" xadvance="32" page="0" chnl="15"/><char id="97" x="0" y="345" width="36" height="41" xoffset="2" yoffset="35" xadvance="39" page="0" chnl="15"/><char id="98" x="374" y="0" width="37" height="56" xoffset="3" yoffset="20" xadvance="41" page="0" chnl="15"/><char id="99" x="37" y="345" width="34" height="41" xoffset="2" yoffset="35" xadvance="37" page="0" chnl="15"/><char id="100" x="0" y="73" width="36" height="56" xoffset="2" yoffset="20" xadvance="41" page="0" chnl="15"/><char id="101" x="72" y="345" width="35" height="41" xoffset="2" yoffset="35" xadvance="39" page="0" chnl="15"/><char id="102" x="37" y="73" width="28" height="56" xoffset="0" yoffset="19" xadvance="27" page="0" chnl="15"/><char id="103" x="66" y="73" width="36" height="55" xoffset="2" yoffset="35" xadvance="41" page="0" chnl="15"/><char id="104" x="103" y="73" width="35" height="55" xoffset="3" yoffset="20" xadvance="41" page="0" chnl="15"/><char id="105" x="412" y="0" width="13" height="55" xoffset="4" yoffset="20" xadvance="21" page="0" chnl="15"/><char id="106" x="82" y="0" width="22" height="70" xoffset="-4" yoffset="20" xadvance="20" page="0" chnl="15"/><char id="107" x="139" y="73" width="38" height="55" xoffset="3" yoffset="20" xadvance="40" page="0" chnl="15"/><char id="108" x="178" y="73" width="14" height="55" xoffset="4" yoffset="20" xadvance="21" page="0" chnl="15"/><char id="109" x="183" y="345" width="56" height="40" xoffset="3" yoffset="35" xadvance="62" page="0" chnl="15"/><char id="110" x="240" y="345" width="35" height="40" xoffset="3" yoffset="35" xadvance="41" page="0" chnl="15"/><char id="111" x="108" y="345" width="38" height="41" xoffset="2" yoffset="35" xadvance="41" page="0" chnl="15"/><char id="112" x="232" y="73" width="37" height="54" xoffset="3" yoffset="35" xadvance="41" page="0" chnl="15"/><char id="113" x="270" y="73" width="36" height="54" xoffset="2" yoffset="35" xadvance="41" page="0" chnl="15"/><char id="114" x="276" y="345" width="24" height="40" xoffset="3" yoffset="35" xadvance="27" page="0" chnl="15"/><char id="115" x="147" y="345" width="35" height="41" xoffset="1" yoffset="35" xadvance="37" page="0" chnl="15"/><char id="116" x="384" y="292" width="26" height="49" xoffset="0" yoffset="27" xadvance="27" page="0" chnl="15"/><char id="117" x="301" y="345" width="35" height="40" xoffset="3" yoffset="36" xadvance="41" page="0" chnl="15"/><char id="118" x="337" y="345" width="38" height="39" xoffset="0" yoffset="36" xadvance="37" page="0" chnl="15"/><char id="119" x="376" y="345" width="52" height="39" xoffset="1" yoffset="36" xadvance="52" page="0" chnl="15"/><char id="120" x="0" y="387" width="38" height="39" xoffset="0" yoffset="36" xadvance="37" page="0" chnl="15"/><char id="121" x="307" y="73" width="38" height="54" xoffset="0" yoffset="36" xadvance="37" page="0" chnl="15"/><char id="122" x="39" y="387" width="34" height="39" xoffset="2" yoffset="36" xadvance="37" page="0" chnl="15"/><char id="123" x="105" y="0" width="22" height="69" xoffset="1" yoffset="18" xadvance="24" page="0" chnl="15"/><char id="124" x="288" y="0" width="9" height="62" xoffset="6" yoffset="23" xadvance="19" page="0" chnl="15"/><char id="125" x="128" y="0" width="22" height="69" xoffset="1" yoffset="18" xadvance="24" page="0" chnl="15"/><char id="201" x="250" y="0" width="37" height="64" xoffset="4" yoffset="11" xadvance="41" page="0" chnl="15"/><char id="224" x="0" y="130" width="36" height="54" xoffset="2" yoffset="22" xadvance="39" page="0" chnl="15"/><char id="232" x="382" y="73" width="35" height="54" xoffset="2" yoffset="22" xadvance="39" page="0" chnl="15"/><char id="233" x="346" y="73" width="35" height="54" xoffset="2" yoffset="22" xadvance="39" page="0" chnl="15"/><char id="244" x="193" y="73" width="38" height="55" xoffset="2" yoffset="21" xadvance="41" page="0" chnl="15"/><char id="8217" x="235" y="387" width="13" height="20" xoffset="2" yoffset="20" xadvance="15" page="0" chnl="15"/></chars><kernings count="501"><kerning first="97" second="118" amount="-1"/><kerning first="97" second="121" amount="-1"/><kerning first="97" second="34" amount="-1"/><kerning first="97" second="39" amount="-1"/><kerning first="97" second="8217" amount="-1"/><kerning first="98" second="120" amount="-1"/><kerning first="98" second="122" amount="-1"/><kerning first="98" second="34" amount="-1"/><kerning first="98" second="39" amount="-1"/><kerning first="98" second="8217" amount="-1"/><kerning first="102" second="99" amount="-1"/><kerning first="102" second="100" amount="-1"/><kerning first="102" second="101" amount="-1"/><kerning first="102" second="103" amount="-1"/><kerning first="102" second="113" amount="-1"/><kerning first="102" second="41" amount="1"/><kerning first="102" second="34" amount="1"/><kerning first="102" second="39" amount="1"/><kerning first="102" second="125" amount="1"/><kerning first="102" second="93" amount="1"/><kerning first="102" second="233" amount="-1"/><kerning first="102" second="8217" amount="1"/><kerning first="102" second="232" amount="-1"/><kerning first="104" second="34" amount="-1"/><kerning first="104" second="39" amount="-1"/><kerning first="104" second="8217" amount="-1"/><kerning first="107" second="99" amount="-1"/><kerning first="107" second="100" amount="-1"/><kerning first="107" second="101" amount="-1"/><kerning first="107" second="103" amount="-1"/><kerning first="107" second="113" amount="-1"/><kerning first="107" second="233" amount="-1"/><kerning first="107" second="232" amount="-1"/><kerning first="109" second="34" amount="-1"/><kerning first="109" second="39" amount="-1"/><kerning first="109" second="8217" amount="-1"/><kerning first="110" second="34" amount="-1"/><kerning first="110" second="39" amount="-1"/><kerning first="110" second="8217" amount="-1"/><kerning first="111" second="118" amount="-1"/><kerning first="111" second="120" amount="-1"/><kerning first="111" second="121" amount="-1"/><kerning first="111" second="122" amount="-1"/><kerning first="111" second="34" amount="-1"/><kerning first="111" second="39" amount="-1"/><kerning first="111" second="8217" amount="-1"/><kerning first="112" second="120" amount="-1"/><kerning first="112" second="122" amount="-1"/><kerning first="112" second="34" amount="-1"/><kerning first="112" second="39" amount="-1"/><kerning first="112" second="8217" amount="-1"/><kerning first="114" second="97" amount="-1"/><kerning first="114" second="99" amount="-1"/><kerning first="114" second="100" amount="-1"/><kerning first="114" second="101" amount="-1"/><kerning first="114" second="102" amount="1"/><kerning first="114" second="103" amount="-1"/><kerning first="114" second="111" amount="-1"/><kerning first="114" second="113" amount="-1"/><kerning first="114" second="116" amount="1"/><kerning first="114" second="118" amount="1"/><kerning first="114" second="119" amount="1"/><kerning first="114" second="121" amount="1"/><kerning first="114" second="46" amount="-6"/><kerning first="114" second="44" amount="-6"/><kerning first="114" second="34" amount="1"/><kerning first="114" second="39" amount="1"/><kerning first="114" second="233" amount="-1"/><kerning first="114" second="8217" amount="1"/><kerning first="114" second="244" amount="-1"/><kerning first="114" second="232" amount="-1"/><kerning first="114" second="224" amount="-1"/><kerning first="116" second="111" amount="-1"/><kerning first="116" second="244" amount="-1"/><kerning first="118" second="97" amount="-1"/><kerning first="118" second="111" amount="-1"/><kerning first="118" second="46" amount="-6"/><kerning first="118" second="44" amount="-6"/><kerning first="118" second="34" amount="1"/><kerning first="118" second="39" amount="1"/><kerning first="118" second="8217" amount="1"/><kerning first="118" second="244" amount="-1"/><kerning first="118" second="224" amount="-1"/><kerning first="119" second="46" amount="-4"/><kerning first="119" second="44" amount="-4"/><kerning first="120" second="99" amount="-1"/><kerning first="120" second="100" amount="-1"/><kerning first="120" second="101" amount="-1"/><kerning first="120" second="103" amount="-1"/><kerning first="120" second="111" amount="-1"/><kerning first="120" second="113" amount="-1"/><kerning first="120" second="233" amount="-1"/><kerning first="120" second="244" amount="-1"/><kerning first="120" second="232" amount="-1"/><kerning first="121" second="97" amount="-1"/><kerning first="121" second="111" amount="-1"/><kerning first="121" second="46" amount="-6"/><kerning first="121" second="44" amount="-6"/><kerning first="121" second="34" amount="1"/><kerning first="121" second="39" amount="1"/><kerning first="121" second="8217" amount="1"/><kerning first="121" second="244" amount="-1"/><kerning first="121" second="224" amount="-1"/><kerning first="122" second="99" amount="-1"/><kerning first="122" second="100" amount="-1"/><kerning first="122" second="101" amount="-1"/><kerning first="122" second="103" amount="-1"/><kerning first="122" second="111" amount="-1"/><kerning first="122" second="113" amount="-1"/><kerning first="122" second="233" amount="-1"/><kerning first="122" second="244" amount="-1"/><kerning first="122" second="232" amount="-1"/><kerning first="65" second="109" amount="-2"/><kerning first="65" second="110" amount="-2"/><kerning first="65" second="112" amount="-2"/><kerning first="65" second="116" amount="-1"/><kerning first="65" second="118" amount="-2"/><kerning first="65" second="119" amount="-1"/><kerning first="65" second="121" amount="-2"/><kerning first="65" second="84" amount="-3"/><kerning first="65" second="85" amount="-1"/><kerning first="65" second="86" amount="-3"/><kerning first="65" second="87" amount="-1"/><kerning first="65" second="89" amount="-5"/><kerning first="65" second="63" amount="-3"/><kerning first="65" second="34" amount="-4"/><kerning first="65" second="39" amount="-4"/><kerning first="65" second="8217" amount="-4"/><kerning first="66" second="84" amount="-1"/><kerning first="66" second="86" amount="-1"/><kerning first="66" second="89" amount="-2"/><kerning first="67" second="84" amount="-1"/><kerning first="67" second="41" amount="-1"/><kerning first="67" second="125" amount="-1"/><kerning first="68" second="65" amount="-1"/><kerning first="68" second="84" amount="-1"/><kerning first="68" second="86" amount="-1"/><kerning first="68" second="88" amount="-1"/><kerning first="68" second="89" amount="-1"/><kerning first="68" second="90" amount="-1"/><kerning first="68" second="46" amount="-4"/><kerning first="68" second="44" amount="-4"/><kerning first="69" second="99" amount="-1"/><kerning first="69" second="100" amount="-1"/><kerning first="69" second="101" amount="-1"/><kerning first="69" second="102" amount="-1"/><kerning first="69" second="103" amount="-1"/><kerning first="69" second="111" amount="-1"/><kerning first="69" second="113" amount="-1"/><kerning first="69" second="117" amount="-1"/><kerning first="69" second="118" amount="-1"/><kerning first="69" second="119" amount="-1"/><kerning first="69" second="121" amount="-1"/><kerning first="69" second="84" amount="1"/><kerning first="69" second="233" amount="-1"/><kerning first="69" second="244" amount="-1"/><kerning first="69" second="232" amount="-1"/><kerning first="70" second="97" amount="-1"/><kerning first="70" second="99" amount="-1"/><kerning first="70" second="100" amount="-1"/><kerning first="70" second="101" amount="-1"/><kerning first="70" second="103" amount="-1"/><kerning first="70" second="111" amount="-1"/><kerning first="70" second="113" amount="-1"/><kerning first="70" second="114" amount="-1"/><kerning first="70" second="117" amount="-1"/><kerning first="70" second="118" amount="-1"/><kerning first="70" second="121" amount="-1"/><kerning first="70" second="65" amount="-2"/><kerning first="70" second="74" amount="-7"/><kerning first="70" second="84" amount="1"/><kerning first="70" second="46" amount="-9"/><kerning first="70" second="44" amount="-9"/><kerning first="70" second="233" amount="-1"/><kerning first="70" second="244" amount="-1"/><kerning first="70" second="232" amount="-1"/><kerning first="70" second="224" amount="-1"/><kerning first="72" second="65" amount="1"/><kerning first="72" second="84" amount="-1"/><kerning first="72" second="88" amount="1"/><kerning first="72" second="89" amount="-1"/><kerning first="73" second="65" amount="1"/><kerning first="73" second="84" amount="-1"/><kerning first="73" second="88" amount="1"/><kerning first="73" second="89" amount="-1"/><kerning first="74" second="65" amount="-1"/><kerning first="75" second="99" amount="-1"/><kerning first="75" second="100" amount="-1"/><kerning first="75" second="101" amount="-1"/><kerning first="75" second="103" amount="-1"/><kerning first="75" second="111" amount="-1"/><kerning first="75" second="113" amount="-1"/><kerning first="75" second="117" amount="-1"/><kerning first="75" second="118" amount="-1"/><kerning first="75" second="119" amount="-2"/><kerning first="75" second="121" amount="-1"/><kerning first="75" second="67" amount="-1"/><kerning first="75" second="71" amount="-1"/><kerning first="75" second="79" amount="-1"/><kerning first="75" second="81" amount="-1"/><kerning first="75" second="45" amount="-6"/><kerning first="75" second="233" amount="-1"/><kerning first="75" second="244" amount="-1"/><kerning first="75" second="232" amount="-1"/><kerning first="76" second="118" amount="-4"/><kerning first="76" second="119" amount="-2"/><kerning first="76" second="121" amount="-4"/><kerning first="76" second="65" amount="1"/><kerning first="76" second="67" amount="-1"/><kerning first="76" second="71" amount="-1"/><kerning first="76" second="79" amount="-1"/><kerning first="76" second="81" amount="-1"/><kerning first="76" second="84" amount="-7"/><kerning first="76" second="85" amount="-1"/><kerning first="76" second="86" amount="-7"/><kerning first="76" second="87" amount="-3"/><kerning first="76" second="89" amount="-10"/><kerning first="76" second="34" amount="-9"/><kerning first="76" second="39" amount="-9"/><kerning first="76" second="8217" amount="-9"/><kerning first="77" second="65" amount="1"/><kerning first="77" second="84" amount="-1"/><kerning first="77" second="88" amount="1"/><kerning first="77" second="89" amount="-1"/><kerning first="78" second="65" amount="1"/><kerning first="78" second="84" amount="-1"/><kerning first="78" second="88" amount="1"/><kerning first="78" second="89" amount="-1"/><kerning first="79" second="65" amount="-1"/><kerning first="79" second="84" amount="-1"/><kerning first="79" second="86" amount="-1"/><kerning first="79" second="88" amount="-1"/><kerning first="79" second="89" amount="-1"/><kerning first="79" second="90" amount="-1"/><kerning first="79" second="46" amount="-4"/><kerning first="79" second="44" amount="-4"/><kerning first="80" second="118" amount="1"/><kerning first="80" second="121" amount="1"/><kerning first="80" second="65" amount="-6"/><kerning first="80" second="74" amount="-6"/><kerning first="80" second="88" amount="-2"/><kerning first="80" second="90" amount="-1"/><kerning first="80" second="46" amount="-14"/><kerning first="80" second="44" amount="-14"/><kerning first="81" second="84" amount="-1"/><kerning first="81" second="86" amount="-1"/><kerning first="81" second="87" amount="-1"/><kerning first="81" second="89" amount="-1"/><kerning first="82" second="84" amount="-2"/><kerning first="82" second="86" amount="-1"/><kerning first="82" second="89" amount="-2"/><kerning first="84" second="97" amount="-3"/><kerning first="84" second="99" amount="-3"/><kerning first="84" second="100" amount="-3"/><kerning first="84" second="101" amount="-3"/><kerning first="84" second="103" amount="-3"/><kerning first="84" second="109" amount="-3"/><kerning first="84" second="110" amount="-3"/><kerning first="84" second="111" amount="-3"/><kerning first="84" second="112" amount="-3"/><kerning first="84" second="113" amount="-3"/><kerning first="84" second="114" amount="-2"/><kerning first="84" second="115" amount="-3"/><kerning first="84" second="117" amount="-2"/><kerning first="84" second="118" amount="-3"/><kerning first="84" second="119" amount="-2"/><kerning first="84" second="120" amount="-3"/><kerning first="84" second="121" amount="-3"/><kerning first="84" second="122" amount="-2"/><kerning first="84" second="65" amount="-4"/><kerning first="84" second="67" amount="-1"/><kerning first="84" second="71" amount="-1"/><kerning first="84" second="74" amount="-7"/><kerning first="84" second="79" amount="-1"/><kerning first="84" second="81" amount="-1"/><kerning first="84" second="83" amount="-1"/><kerning first="84" second="84" amount="1"/><kerning first="84" second="86" amount="1"/><kerning first="84" second="87" amount="1"/><kerning first="84" second="89" amount="1"/><kerning first="84" second="45" amount="-9"/><kerning first="84" second="46" amount="-9"/><kerning first="84" second="44" amount="-9"/><kerning first="84" second="233" amount="-3"/><kerning first="84" second="244" amount="-3"/><kerning first="84" second="232" amount="-3"/><kerning first="84" second="224" amount="-3"/><kerning first="85" second="65" amount="-1"/><kerning first="86" second="97" amount="-2"/><kerning first="86" second="99" amount="-2"/><kerning first="86" second="100" amount="-2"/><kerning first="86" second="101" amount="-2"/><kerning first="86" second="103" amount="-2"/><kerning first="86" second="111" amount="-2"/><kerning first="86" second="113" amount="-2"/><kerning first="86" second="114" amount="-1"/><kerning first="86" second="117" amount="-1"/><kerning first="86" second="65" amount="-3"/><kerning first="86" second="41" amount="1"/><kerning first="86" second="45" amount="-5"/><kerning first="86" second="46" amount="-7"/><kerning first="86" second="44" amount="-7"/><kerning first="86" second="125" amount="1"/><kerning first="86" second="93" amount="1"/><kerning first="86" second="233" amount="-2"/><kerning first="86" second="244" amount="-2"/><kerning first="86" second="232" amount="-2"/><kerning first="86" second="224" amount="-2"/><kerning first="87" second="97" amount="-1"/><kerning first="87" second="99" amount="-1"/><kerning first="87" second="100" amount="-1"/><kerning first="87" second="101" amount="-1"/><kerning first="87" second="103" amount="-1"/><kerning first="87" second="111" amount="-1"/><kerning first="87" second="113" amount="-1"/><kerning first="87" second="114" amount="-1"/><kerning first="87" second="117" amount="-1"/><kerning first="87" second="65" amount="-1"/><kerning first="87" second="41" amount="1"/><kerning first="87" second="45" amount="-2"/><kerning first="87" second="46" amount="-5"/><kerning first="87" second="44" amount="-5"/><kerning first="87" second="233" amount="-1"/><kerning first="87" second="244" amount="-1"/><kerning first="87" second="232" amount="-1"/><kerning first="87" second="224" amount="-1"/><kerning first="88" second="99" amount="-1"/><kerning first="88" second="100" amount="-1"/><kerning first="88" second="101" amount="-1"/><kerning first="88" second="103" amount="-1"/><kerning first="88" second="111" amount="-1"/><kerning first="88" second="113" amount="-1"/><kerning first="88" second="117" amount="-1"/><kerning first="88" second="118" amount="-1"/><kerning first="88" second="121" amount="-1"/><kerning first="88" second="67" amount="-1"/><kerning first="88" second="71" amount="-1"/><kerning first="88" second="79" amount="-1"/><kerning first="88" second="81" amount="-1"/><kerning first="88" second="45" amount="-5"/><kerning first="88" second="233" amount="-1"/><kerning first="88" second="244" amount="-1"/><kerning first="88" second="232" amount="-1"/><kerning first="89" second="97" amount="-2"/><kerning first="89" second="99" amount="-2"/><kerning first="89" second="100" amount="-2"/><kerning first="89" second="101" amount="-2"/><kerning first="89" second="102" amount="-1"/><kerning first="89" second="103" amount="-2"/><kerning first="89" second="109" amount="-1"/><kerning first="89" second="110" amount="-1"/><kerning first="89" second="111" amount="-2"/><kerning first="89" second="112" amount="-1"/><kerning first="89" second="113" amount="-2"/><kerning first="89" second="114" amount="-1"/><kerning first="89" second="115" amount="-2"/><kerning first="89" second="116" amount="-1"/><kerning first="89" second="117" amount="-1"/><kerning first="89" second="118" amount="-1"/><kerning first="89" second="120" amount="-1"/><kerning first="89" second="121" amount="-1"/><kerning first="89" second="122" amount="-1"/><kerning first="89" second="65" amount="-5"/><kerning first="89" second="67" amount="-1"/><kerning first="89" second="71" amount="-1"/><kerning first="89" second="74" amount="-3"/><kerning first="89" second="79" amount="-1"/><kerning first="89" second="81" amount="-1"/><kerning first="89" second="83" amount="-1"/><kerning first="89" second="84" amount="1"/><kerning first="89" second="85" amount="-3"/><kerning first="89" second="86" amount="1"/><kerning first="89" second="87" amount="1"/><kerning first="89" second="89" amount="1"/><kerning first="89" second="42" amount="-2"/><kerning first="89" second="41" amount="1"/><kerning first="89" second="45" amount="-5"/><kerning first="89" second="46" amount="-8"/><kerning first="89" second="44" amount="-8"/><kerning first="89" second="38" amount="-1"/><kerning first="89" second="125" amount="1"/><kerning first="89" second="93" amount="1"/><kerning first="89" second="233" amount="-2"/><kerning first="89" second="244" amount="-2"/><kerning first="89" second="232" amount="-2"/><kerning first="89" second="224" amount="-2"/><kerning first="90" second="99" amount="-1"/><kerning first="90" second="100" amount="-1"/><kerning first="90" second="101" amount="-1"/><kerning first="90" second="103" amount="-1"/><kerning first="90" second="111" amount="-1"/><kerning first="90" second="113" amount="-1"/><kerning first="90" second="117" amount="-1"/><kerning first="90" second="118" amount="-1"/><kerning first="90" second="119" amount="-1"/><kerning first="90" second="121" amount="-1"/><kerning first="90" second="67" amount="-1"/><kerning first="90" second="71" amount="-1"/><kerning first="90" second="79" amount="-1"/><kerning first="90" second="81" amount="-1"/><kerning first="90" second="233" amount="-1"/><kerning first="90" second="244" amount="-1"/><kerning first="90" second="232" amount="-1"/><kerning first="40" second="86" amount="1"/><kerning first="40" second="87" amount="1"/><kerning first="40" second="89" amount="1"/><kerning first="46" second="34" amount="-10"/><kerning first="46" second="39" amount="-10"/><kerning first="46" second="8217" amount="-10"/><kerning first="44" second="34" amount="-10"/><kerning first="44" second="39" amount="-10"/><kerning first="44" second="8217" amount="-10"/><kerning first="47" second="47" amount="-8"/><kerning first="34" second="97" amount="-2"/><kerning first="34" second="99" amount="-2"/><kerning first="34" second="100" amount="-2"/><kerning first="34" second="101" amount="-2"/><kerning first="34" second="103" amount="-2"/><kerning first="34" second="109" amount="-1"/><kerning first="34" second="110" amount="-1"/><kerning first="34" second="111" amount="-3"/><kerning first="34" second="112" amount="-1"/><kerning first="34" second="113" amount="-2"/><kerning first="34" second="115" amount="-3"/><kerning first="34" second="65" amount="-4"/><kerning first="34" second="34" amount="-1"/><kerning first="34" second="39" amount="-1"/><kerning first="34" second="233" amount="-2"/><kerning first="34" second="8217" amount="-1"/><kerning first="34" second="244" amount="-3"/><kerning first="34" second="232" amount="-2"/><kerning first="34" second="224" amount="-2"/><kerning first="39" second="97" amount="-2"/><kerning first="39" second="99" amount="-2"/><kerning first="39" second="100" amount="-2"/><kerning first="39" second="101" amount="-2"/><kerning first="39" second="103" amount="-2"/><kerning first="39" second="109" amount="-1"/><kerning first="39" second="110" amount="-1"/><kerning first="39" second="111" amount="-3"/><kerning first="39" second="112" amount="-1"/><kerning first="39" second="113" amount="-2"/><kerning first="39" second="115" amount="-3"/><kerning first="39" second="65" amount="-4"/><kerning first="39" second="34" amount="-1"/><kerning first="39" second="39" amount="-1"/><kerning first="39" second="233" amount="-2"/><kerning first="39" second="8217" amount="-1"/><kerning first="39" second="244" amount="-3"/><kerning first="39" second="232" amount="-2"/><kerning first="39" second="224" amount="-2"/><kerning first="123" second="74" amount="-1"/><kerning first="123" second="85" amount="-1"/><kerning first="91" second="74" amount="-1"/><kerning first="91" second="85" amount="-1"/><kerning first="201" second="99" amount="-1"/><kerning first="201" second="100" amount="-1"/><kerning first="201" second="101" amount="-1"/><kerning first="201" second="102" amount="-1"/><kerning first="201" second="103" amount="-1"/><kerning first="201" second="111" amount="-1"/><kerning first="201" second="113" amount="-1"/><kerning first="201" second="117" amount="-1"/><kerning first="201" second="118" amount="-1"/><kerning first="201" second="119" amount="-1"/><kerning first="201" second="121" amount="-1"/><kerning first="201" second="84" amount="1"/><kerning first="201" second="233" amount="-1"/><kerning first="201" second="244" amount="-1"/><kerning first="201" second="232" amount="-1"/><kerning first="8217" second="97" amount="-2"/><kerning first="8217" second="99" amount="-2"/><kerning first="8217" second="100" amount="-2"/><kerning first="8217" second="101" amount="-2"/><kerning first="8217" second="103" amount="-2"/><kerning first="8217" second="109" amount="-1"/><kerning first="8217" second="110" amount="-1"/><kerning first="8217" second="111" amount="-3"/><kerning first="8217" second="112" amount="-1"/><kerning first="8217" second="113" amount="-2"/><kerning first="8217" second="115" amount="-3"/><kerning first="8217" second="65" amount="-4"/><kerning first="8217" second="34" amount="-1"/><kerning first="8217" second="39" amount="-1"/><kerning first="8217" second="233" amount="-2"/><kerning first="8217" second="8217" amount="-1"/><kerning first="8217" second="244" amount="-3"/><kerning first="8217" second="232" amount="-2"/><kerning first="8217" second="224" amount="-2"/><kerning first="244" second="118" amount="-1"/><kerning first="244" second="120" amount="-1"/><kerning first="244" second="121" amount="-1"/><kerning first="244" second="122" amount="-1"/><kerning first="244" second="34" amount="-1"/><kerning first="244" second="39" amount="-1"/><kerning first="244" second="8217" amount="-1"/><kerning first="224" second="118" amount="-1"/><kerning first="224" second="121" amount="-1"/><kerning first="224" second="34" amount="-1"/><kerning first="224" second="39" amount="-1"/><kerning first="224" second="8217" amount="-1"/></kernings></font>