<?xml version="1.0" encoding="UTF-8"?><font><info face="Roboto-Black" size="50" bold="0" italic="0" charset="" unicode="1" stretchH="100" smooth="1" aa="1" padding="1,1,1,1" spacing="1,1"/><common lineHeight="50" base="52" scaleW="385" scaleH="371" pages="1" packed="0"/><pages><page id="0" file="Roboto-Black-White-Stroke-fr.png"/></pages><chars count="96"><char id="32" x="0" y="0" width="0" height="0" xoffset="1" yoffset="0" xadvance="14" page="0" chnl="15"/><char id="33" x="324" y="246" width="17" height="44" xoffset="0" yoffset="13" xadvance="15" page="0" chnl="15"/><char id="34" x="362" y="16" width="22" height="21" xoffset="-2" yoffset="11" xadvance="17" page="0" chnl="15"/><char id="35" x="0" y="291" width="36" height="44" xoffset="-2" yoffset="13" xadvance="31" page="0" chnl="15"/><char id="36" x="211" y="0" width="33" height="55" xoffset="-1" yoffset="8" xadvance="30" page="0" chnl="15"/><char id="37" x="149" y="155" width="41" height="45" xoffset="-1" yoffset="13" xadvance="39" page="0" chnl="15"/><char id="38" x="191" y="155" width="40" height="45" xoffset="-2" yoffset="13" xadvance="35" page="0" chnl="15"/><char id="39" x="370" y="60" width="14" height="22" xoffset="-2" yoffset="11" xadvance="9" page="0" chnl="15"/><char id="40" x="42" y="0" width="22" height="58" xoffset="0" yoffset="10" xadvance="19" page="0" chnl="15"/><char id="41" x="65" y="0" width="23" height="58" xoffset="-2" yoffset="10" xadvance="19" page="0" chnl="15"/><char id="42" x="206" y="336" width="29" height="30" xoffset="-2" yoffset="13" xadvance="24" page="0" chnl="15"/><char id="43" x="172" y="336" width="33" height="35" xoffset="-2" yoffset="19" xadvance="28" page="0" chnl="15"/><char id="44" x="298" y="336" width="18" height="22" xoffset="-2" yoffset="43" xadvance="15" page="0" chnl="15"/><char id="45" x="362" y="0" width="23" height="15" xoffset="1" yoffset="30" xadvance="24" page="0" chnl="15"/><char id="46" x="367" y="336" width="17" height="15" xoffset="0" yoffset="42" xadvance="17" page="0" chnl="15"/><char id="47" x="335" y="0" width="26" height="48" xoffset="-4" yoffset="13" xadvance="19" page="0" chnl="15"/><char id="48" x="102" y="108" width="33" height="45" xoffset="-1" yoffset="13" xadvance="30" page="0" chnl="15"/><char id="49" x="232" y="155" width="25" height="44" xoffset="0" yoffset="13" xadvance="30" page="0" chnl="15"/><char id="50" x="258" y="155" width="35" height="44" xoffset="-2" yoffset="13" xadvance="30" page="0" chnl="15"/><char id="51" x="136" y="108" width="34" height="45" xoffset="-2" yoffset="13" xadvance="30" page="0" chnl="15"/><char id="52" x="294" y="155" width="35" height="44" xoffset="-2" yoffset="13" xadvance="30" page="0" chnl="15"/><char id="53" x="171" y="108" width="33" height="45" xoffset="-1" yoffset="13" xadvance="30" page="0" chnl="15"/><char id="54" x="205" y="108" width="34" height="45" xoffset="-1" yoffset="13" xadvance="30" page="0" chnl="15"/><char id="55" x="330" y="155" width="34" height="44" xoffset="-2" yoffset="13" xadvance="30" page="0" chnl="15"/><char id="56" x="240" y="108" width="33" height="45" xoffset="-1" yoffset="13" xadvance="30" page="0" chnl="15"/><char id="57" x="274" y="108" width="33" height="45" xoffset="-1" yoffset="13" xadvance="30" page="0" chnl="15"/><char id="58" x="365" y="291" width="17" height="35" xoffset="0" yoffset="22" xadvance="16" page="0" chnl="15"/><char id="59" x="37" y="291" width="18" height="43" xoffset="-1" yoffset="22" xadvance="16" page="0" chnl="15"/><char id="61" x="266" y="336" width="31" height="25" xoffset="0" yoffset="25" xadvance="31" page="0" chnl="15"/><char id="63" x="342" y="246" width="33" height="44" xoffset="-3" yoffset="13" xadvance="27" page="0" chnl="15"/><char id="64" x="160" y="0" width="50" height="55" xoffset="-2" yoffset="14" xadvance="46" page="0" chnl="15"/><char id="65" x="0" y="201" width="40" height="44" xoffset="-3" yoffset="13" xadvance="33" page="0" chnl="15"/><char id="66" x="41" y="201" width="36" height="44" xoffset="0" yoffset="13" xadvance="34" page="0" chnl="15"/><char id="67" x="308" y="108" width="37" height="45" xoffset="-1" yoffset="13" xadvance="34" page="0" chnl="15"/><char id="68" x="78" y="201" width="36" height="44" xoffset="0" yoffset="13" xadvance="34" page="0" chnl="15"/><char id="69" x="115" y="201" width="33" height="44" xoffset="0" yoffset="13" xadvance="30" page="0" chnl="15"/><char id="70" x="149" y="201" width="33" height="44" xoffset="0" yoffset="13" xadvance="30" page="0" chnl="15"/><char id="71" x="0" y="155" width="37" height="45" xoffset="-1" yoffset="13" xadvance="35" page="0" chnl="15"/><char id="72" x="183" y="201" width="38" height="44" xoffset="0" yoffset="13" xadvance="37" page="0" chnl="15"/><char id="73" x="365" y="155" width="17" height="44" xoffset="0" yoffset="13" xadvance="16" page="0" chnl="15"/><char id="74" x="38" y="155" width="34" height="45" xoffset="-2" yoffset="13" xadvance="31" page="0" chnl="15"/><char id="75" x="222" y="201" width="38" height="44" xoffset="0" yoffset="13" xadvance="34" page="0" chnl="15"/><char id="76" x="261" y="201" width="32" height="44" xoffset="0" yoffset="13" xadvance="29" page="0" chnl="15"/><char id="77" x="294" y="201" width="46" height="44" xoffset="0" yoffset="13" xadvance="45" page="0" chnl="15"/><char id="78" x="341" y="201" width="38" height="44" xoffset="0" yoffset="13" xadvance="37" page="0" chnl="15"/><char id="79" x="346" y="108" width="39" height="45" xoffset="-1" yoffset="13" xadvance="36" page="0" chnl="15"/><char id="80" x="0" y="246" width="36" height="44" xoffset="0" yoffset="13" xadvance="34" page="0" chnl="15"/><char id="81" x="293" y="0" width="41" height="50" xoffset="-1" yoffset="13" xadvance="37" page="0" chnl="15"/><char id="82" x="37" y="246" width="37" height="44" xoffset="0" yoffset="13" xadvance="35" page="0" chnl="15"/><char id="83" x="73" y="155" width="36" height="45" xoffset="-1" yoffset="13" xadvance="33" page="0" chnl="15"/><char id="84" x="75" y="246" width="36" height="44" xoffset="-3" yoffset="13" xadvance="30" page="0" chnl="15"/><char id="85" x="110" y="155" width="38" height="45" xoffset="-1" yoffset="13" xadvance="36" page="0" chnl="15"/><char id="86" x="112" y="246" width="40" height="44" xoffset="-3" yoffset="13" xadvance="33" page="0" chnl="15"/><char id="87" x="153" y="246" width="52" height="44" xoffset="-3" yoffset="13" xadvance="46" page="0" chnl="15"/><char id="88" x="206" y="246" width="40" height="44" xoffset="-3" yoffset="13" xadvance="33" page="0" chnl="15"/><char id="89" x="247" y="246" width="40" height="44" xoffset="-3" yoffset="13" xadvance="33" page="0" chnl="15"/><char id="90" x="288" y="246" width="35" height="44" xoffset="-2" yoffset="13" xadvance="31" page="0" chnl="15"/><char id="91" x="0" y="0" width="20" height="59" xoffset="-1" yoffset="7" xadvance="16" page="0" chnl="15"/><char id="93" x="21" y="0" width="20" height="59" xoffset="-3" yoffset="7" xadvance="16" page="0" chnl="15"/><char id="94" x="236" y="336" width="29" height="27" xoffset="-2" yoffset="13" xadvance="24" page="0" chnl="15"/><char id="95" x="335" y="336" width="31" height="15" xoffset="-3" yoffset="49" xadvance="24" page="0" chnl="15"/><char id="97" x="83" y="291" width="33" height="36" xoffset="-2" yoffset="22" xadvance="28" page="0" chnl="15"/><char id="98" x="0" y="60" width="33" height="47" xoffset="-1" yoffset="11" xadvance="30" page="0" chnl="15"/><char id="99" x="117" y="291" width="32" height="36" xoffset="-2" yoffset="22" xadvance="27" page="0" chnl="15"/><char id="100" x="34" y="60" width="33" height="47" xoffset="-2" yoffset="11" xadvance="30" page="0" chnl="15"/><char id="101" x="150" y="291" width="33" height="36" xoffset="-2" yoffset="22" xadvance="28" page="0" chnl="15"/><char id="102" x="68" y="60" width="27" height="47" xoffset="-3" yoffset="10" xadvance="20" page="0" chnl="15"/><char id="103" x="131" y="60" width="33" height="46" xoffset="-2" yoffset="22" xadvance="30" page="0" chnl="15"/><char id="104" x="165" y="60" width="32" height="46" xoffset="-1" yoffset="11" xadvance="30" page="0" chnl="15"/><char id="105" x="198" y="60" width="16" height="46" xoffset="0" yoffset="11" xadvance="15" page="0" chnl="15"/><char id="106" x="89" y="0" width="23" height="57" xoffset="-6" yoffset="11" xadvance="15" page="0" chnl="15"/><char id="107" x="215" y="60" width="34" height="46" xoffset="-1" yoffset="11" xadvance="29" page="0" chnl="15"/><char id="108" x="250" y="60" width="16" height="46" xoffset="0" yoffset="11" xadvance="15" page="0" chnl="15"/><char id="109" x="284" y="291" width="47" height="35" xoffset="-1" yoffset="22" xadvance="45" page="0" chnl="15"/><char id="110" x="332" y="291" width="32" height="35" xoffset="-1" yoffset="22" xadvance="30" page="0" chnl="15"/><char id="111" x="184" y="291" width="34" height="36" xoffset="-2" yoffset="22" xadvance="30" page="0" chnl="15"/><char id="112" x="267" y="60" width="33" height="46" xoffset="-1" yoffset="22" xadvance="30" page="0" chnl="15"/><char id="113" x="301" y="60" width="33" height="46" xoffset="-2" yoffset="22" xadvance="30" page="0" chnl="15"/><char id="114" x="0" y="336" width="24" height="35" xoffset="-1" yoffset="22" xadvance="20" page="0" chnl="15"/><char id="115" x="219" y="291" width="31" height="36" xoffset="-2" yoffset="22" xadvance="27" page="0" chnl="15"/><char id="116" x="56" y="291" width="26" height="42" xoffset="-3" yoffset="16" xadvance="20" page="0" chnl="15"/><char id="117" x="251" y="291" width="32" height="36" xoffset="-1" yoffset="22" xadvance="30" page="0" chnl="15"/><char id="118" x="25" y="336" width="34" height="35" xoffset="-3" yoffset="22" xadvance="27" page="0" chnl="15"/><char id="119" x="60" y="336" width="43" height="35" xoffset="-2" yoffset="22" xadvance="38" page="0" chnl="15"/><char id="120" x="104" y="336" width="34" height="35" xoffset="-3" yoffset="22" xadvance="27" page="0" chnl="15"/><char id="121" x="335" y="60" width="34" height="46" xoffset="-3" yoffset="22" xadvance="27" page="0" chnl="15"/><char id="122" x="139" y="336" width="32" height="35" xoffset="-2" yoffset="22" xadvance="27" page="0" chnl="15"/><char id="123" x="113" y="0" width="22" height="56" xoffset="-2" yoffset="10" xadvance="18" page="0" chnl="15"/><char id="124" x="279" y="0" width="13" height="51" xoffset="1" yoffset="13" xadvance="14" page="0" chnl="15"/><char id="125" x="136" y="0" width="23" height="56" xoffset="-2" yoffset="10" xadvance="18" page="0" chnl="15"/><char id="201" x="245" y="0" width="33" height="53" xoffset="0" yoffset="4" xadvance="30" page="0" chnl="15"/><char id="224" x="68" y="108" width="33" height="46" xoffset="-2" yoffset="12" xadvance="28" page="0" chnl="15"/><char id="232" x="34" y="108" width="33" height="46" xoffset="-2" yoffset="12" xadvance="28" page="0" chnl="15"/><char id="233" x="0" y="108" width="33" height="46" xoffset="-2" yoffset="12" xadvance="28" page="0" chnl="15"/><char id="244" x="96" y="60" width="34" height="47" xoffset="-2" yoffset="11" xadvance="30" page="0" chnl="15"/><char id="8217" x="317" y="336" width="17" height="22" xoffset="-2" yoffset="11" xadvance="11" page="0" chnl="15"/></chars><kernings count="329"><kerning first="98" second="34" amount="-1"/><kerning first="98" second="39" amount="-1"/><kerning first="98" second="8217" amount="-1"/><kerning first="102" second="99" amount="-1"/><kerning first="102" second="100" amount="-1"/><kerning first="102" second="101" amount="-1"/><kerning first="102" second="103" amount="-1"/><kerning first="102" second="113" amount="-1"/><kerning first="102" second="233" amount="-1"/><kerning first="102" second="232" amount="-1"/><kerning first="111" second="120" amount="-1"/><kerning first="112" second="34" amount="-1"/><kerning first="112" second="39" amount="-1"/><kerning first="112" second="8217" amount="-1"/><kerning first="114" second="116" amount="1"/><kerning first="114" second="46" amount="-4"/><kerning first="114" second="44" amount="-4"/><kerning first="116" second="111" amount="-1"/><kerning first="116" second="244" amount="-1"/><kerning first="118" second="46" amount="-4"/><kerning first="118" second="44" amount="-4"/><kerning first="119" second="46" amount="-3"/><kerning first="119" second="44" amount="-3"/><kerning first="120" second="111" amount="-1"/><kerning first="120" second="244" amount="-1"/><kerning first="121" second="46" amount="-4"/><kerning first="121" second="44" amount="-4"/><kerning first="65" second="109" amount="-1"/><kerning first="65" second="110" amount="-1"/><kerning first="65" second="112" amount="-1"/><kerning first="65" second="118" amount="-1"/><kerning first="65" second="119" amount="-1"/><kerning first="65" second="121" amount="-1"/><kerning first="65" second="84" amount="-2"/><kerning first="65" second="86" amount="-2"/><kerning first="65" second="87" amount="-1"/><kerning first="65" second="89" amount="-4"/><kerning first="65" second="63" amount="-2"/><kerning first="65" second="34" amount="-3"/><kerning first="65" second="39" amount="-3"/><kerning first="65" second="8217" amount="-3"/><kerning first="66" second="84" amount="-1"/><kerning first="66" second="86" amount="-1"/><kerning first="66" second="89" amount="-1"/><kerning first="67" second="84" amount="-1"/><kerning first="67" second="41" amount="-1"/><kerning first="68" second="65" amount="-1"/><kerning first="68" second="84" amount="-1"/><kerning first="68" second="86" amount="-1"/><kerning first="68" second="88" amount="-1"/><kerning first="68" second="89" amount="-1"/><kerning first="68" second="90" amount="-1"/><kerning first="68" second="46" amount="-3"/><kerning first="68" second="44" amount="-3"/><kerning first="69" second="118" amount="-1"/><kerning first="69" second="119" amount="-1"/><kerning first="69" second="121" amount="-1"/><kerning first="70" second="97" amount="-1"/><kerning first="70" second="99" amount="-1"/><kerning first="70" second="100" amount="-1"/><kerning first="70" second="101" amount="-1"/><kerning first="70" second="103" amount="-1"/><kerning first="70" second="111" amount="-1"/><kerning first="70" second="113" amount="-1"/><kerning first="70" second="114" amount="-1"/><kerning first="70" second="117" amount="-1"/><kerning first="70" second="118" amount="-1"/><kerning first="70" second="121" amount="-1"/><kerning first="70" second="65" amount="-1"/><kerning first="70" second="74" amount="-5"/><kerning first="70" second="46" amount="-7"/><kerning first="70" second="44" amount="-7"/><kerning first="70" second="233" amount="-1"/><kerning first="70" second="244" amount="-1"/><kerning first="70" second="232" amount="-1"/><kerning first="70" second="224" amount="-1"/><kerning first="72" second="84" amount="-1"/><kerning first="72" second="89" amount="-1"/><kerning first="73" second="84" amount="-1"/><kerning first="73" second="89" amount="-1"/><kerning first="74" second="65" amount="-1"/><kerning first="75" second="99" amount="-1"/><kerning first="75" second="100" amount="-1"/><kerning first="75" second="101" amount="-1"/><kerning first="75" second="103" amount="-1"/><kerning first="75" second="111" amount="-1"/><kerning first="75" second="113" amount="-1"/><kerning first="75" second="117" amount="-1"/><kerning first="75" second="118" amount="-1"/><kerning first="75" second="119" amount="-2"/><kerning first="75" second="121" amount="-1"/><kerning first="75" second="67" amount="-1"/><kerning first="75" second="71" amount="-1"/><kerning first="75" second="79" amount="-1"/><kerning first="75" second="81" amount="-1"/><kerning first="75" second="45" amount="-4"/><kerning first="75" second="233" amount="-1"/><kerning first="75" second="244" amount="-1"/><kerning first="75" second="232" amount="-1"/><kerning first="76" second="118" amount="-3"/><kerning first="76" second="119" amount="-1"/><kerning first="76" second="121" amount="-3"/><kerning first="76" second="67" amount="-1"/><kerning first="76" second="71" amount="-1"/><kerning first="76" second="79" amount="-1"/><kerning first="76" second="81" amount="-1"/><kerning first="76" second="84" amount="-5"/><kerning first="76" second="85" amount="-1"/><kerning first="76" second="86" amount="-5"/><kerning first="76" second="87" amount="-2"/><kerning first="76" second="89" amount="-7"/><kerning first="76" second="34" amount="-6"/><kerning first="76" second="39" amount="-6"/><kerning first="76" second="8217" amount="-6"/><kerning first="77" second="84" amount="-1"/><kerning first="77" second="89" amount="-1"/><kerning first="78" second="84" amount="-1"/><kerning first="78" second="89" amount="-1"/><kerning first="79" second="65" amount="-1"/><kerning first="79" second="84" amount="-1"/><kerning first="79" second="86" amount="-1"/><kerning first="79" second="88" amount="-1"/><kerning first="79" second="89" amount="-1"/><kerning first="79" second="90" amount="-1"/><kerning first="79" second="46" amount="-3"/><kerning first="79" second="44" amount="-3"/><kerning first="80" second="65" amount="-4"/><kerning first="80" second="74" amount="-4"/><kerning first="80" second="88" amount="-1"/><kerning first="80" second="90" amount="-1"/><kerning first="80" second="46" amount="-10"/><kerning first="80" second="44" amount="-10"/><kerning first="81" second="84" amount="-1"/><kerning first="81" second="86" amount="-1"/><kerning first="81" second="89" amount="-1"/><kerning first="82" second="84" amount="-1"/><kerning first="82" second="89" amount="-1"/><kerning first="84" second="97" amount="-2"/><kerning first="84" second="99" amount="-2"/><kerning first="84" second="100" amount="-2"/><kerning first="84" second="101" amount="-2"/><kerning first="84" second="103" amount="-2"/><kerning first="84" second="109" amount="-2"/><kerning first="84" second="110" amount="-2"/><kerning first="84" second="111" amount="-2"/><kerning first="84" second="112" amount="-2"/><kerning first="84" second="113" amount="-2"/><kerning first="84" second="114" amount="-2"/><kerning first="84" second="115" amount="-2"/><kerning first="84" second="117" amount="-2"/><kerning first="84" second="118" amount="-2"/><kerning first="84" second="119" amount="-1"/><kerning first="84" second="120" amount="-2"/><kerning first="84" second="121" amount="-2"/><kerning first="84" second="122" amount="-1"/><kerning first="84" second="65" amount="-3"/><kerning first="84" second="67" amount="-1"/><kerning first="84" second="71" amount="-1"/><kerning first="84" second="74" amount="-5"/><kerning first="84" second="79" amount="-1"/><kerning first="84" second="81" amount="-1"/><kerning first="84" second="45" amount="-7"/><kerning first="84" second="46" amount="-6"/><kerning first="84" second="44" amount="-6"/><kerning first="84" second="233" amount="-2"/><kerning first="84" second="244" amount="-2"/><kerning first="84" second="232" amount="-2"/><kerning first="84" second="224" amount="-2"/><kerning first="85" second="65" amount="-1"/><kerning first="86" second="97" amount="-1"/><kerning first="86" second="99" amount="-1"/><kerning first="86" second="100" amount="-1"/><kerning first="86" second="101" amount="-1"/><kerning first="86" second="103" amount="-1"/><kerning first="86" second="111" amount="-1"/><kerning first="86" second="113" amount="-1"/><kerning first="86" second="114" amount="-1"/><kerning first="86" second="117" amount="-1"/><kerning first="86" second="65" amount="-2"/><kerning first="86" second="45" amount="-4"/><kerning first="86" second="46" amount="-5"/><kerning first="86" second="44" amount="-5"/><kerning first="86" second="233" amount="-1"/><kerning first="86" second="244" amount="-1"/><kerning first="86" second="232" amount="-1"/><kerning first="86" second="224" amount="-1"/><kerning first="87" second="97" amount="-1"/><kerning first="87" second="99" amount="-1"/><kerning first="87" second="100" amount="-1"/><kerning first="87" second="101" amount="-1"/><kerning first="87" second="103" amount="-1"/><kerning first="87" second="111" amount="-1"/><kerning first="87" second="113" amount="-1"/><kerning first="87" second="114" amount="-1"/><kerning first="87" second="65" amount="-1"/><kerning first="87" second="45" amount="-1"/><kerning first="87" second="46" amount="-3"/><kerning first="87" second="44" amount="-3"/><kerning first="87" second="233" amount="-1"/><kerning first="87" second="244" amount="-1"/><kerning first="87" second="232" amount="-1"/><kerning first="87" second="224" amount="-1"/><kerning first="88" second="99" amount="-1"/><kerning first="88" second="100" amount="-1"/><kerning first="88" second="101" amount="-1"/><kerning first="88" second="103" amount="-1"/><kerning first="88" second="111" amount="-1"/><kerning first="88" second="113" amount="-1"/><kerning first="88" second="117" amount="-1"/><kerning first="88" second="118" amount="-1"/><kerning first="88" second="121" amount="-1"/><kerning first="88" second="67" amount="-1"/><kerning first="88" second="71" amount="-1"/><kerning first="88" second="79" amount="-1"/><kerning first="88" second="81" amount="-1"/><kerning first="88" second="45" amount="-4"/><kerning first="88" second="233" amount="-1"/><kerning first="88" second="244" amount="-1"/><kerning first="88" second="232" amount="-1"/><kerning first="89" second="97" amount="-2"/><kerning first="89" second="99" amount="-2"/><kerning first="89" second="100" amount="-2"/><kerning first="89" second="101" amount="-2"/><kerning first="89" second="102" amount="-1"/><kerning first="89" second="103" amount="-2"/><kerning first="89" second="109" amount="-1"/><kerning first="89" second="110" amount="-1"/><kerning first="89" second="111" amount="-2"/><kerning first="89" second="112" amount="-1"/><kerning first="89" second="113" amount="-2"/><kerning first="89" second="114" amount="-1"/><kerning first="89" second="115" amount="-1"/><kerning first="89" second="116" amount="-1"/><kerning first="89" second="117" amount="-1"/><kerning first="89" second="120" amount="-1"/><kerning first="89" second="122" amount="-1"/><kerning first="89" second="65" amount="-4"/><kerning first="89" second="67" amount="-1"/><kerning first="89" second="71" amount="-1"/><kerning first="89" second="74" amount="-2"/><kerning first="89" second="79" amount="-1"/><kerning first="89" second="81" amount="-1"/><kerning first="89" second="85" amount="-2"/><kerning first="89" second="42" amount="-1"/><kerning first="89" second="45" amount="-4"/><kerning first="89" second="46" amount="-6"/><kerning first="89" second="44" amount="-6"/><kerning first="89" second="38" amount="-1"/><kerning first="89" second="233" amount="-2"/><kerning first="89" second="244" amount="-2"/><kerning first="89" second="232" amount="-2"/><kerning first="89" second="224" amount="-2"/><kerning first="90" second="99" amount="-1"/><kerning first="90" second="100" amount="-1"/><kerning first="90" second="101" amount="-1"/><kerning first="90" second="103" amount="-1"/><kerning first="90" second="111" amount="-1"/><kerning first="90" second="113" amount="-1"/><kerning first="90" second="118" amount="-1"/><kerning first="90" second="119" amount="-1"/><kerning first="90" second="121" amount="-1"/><kerning first="90" second="67" amount="-1"/><kerning first="90" second="71" amount="-1"/><kerning first="90" second="79" amount="-1"/><kerning first="90" second="81" amount="-1"/><kerning first="90" second="233" amount="-1"/><kerning first="90" second="244" amount="-1"/><kerning first="90" second="232" amount="-1"/><kerning first="40" second="87" amount="1"/><kerning first="40" second="89" amount="1"/><kerning first="46" second="34" amount="-7"/><kerning first="46" second="39" amount="-7"/><kerning first="46" second="8217" amount="-7"/><kerning first="44" second="34" amount="-7"/><kerning first="44" second="39" amount="-7"/><kerning first="44" second="8217" amount="-7"/><kerning first="47" second="47" amount="-6"/><kerning first="34" second="97" amount="-1"/><kerning first="34" second="99" amount="-1"/><kerning first="34" second="100" amount="-1"/><kerning first="34" second="101" amount="-1"/><kerning first="34" second="103" amount="-1"/><kerning first="34" second="111" amount="-2"/><kerning first="34" second="113" amount="-1"/><kerning first="34" second="115" amount="-2"/><kerning first="34" second="65" amount="-3"/><kerning first="34" second="34" amount="-1"/><kerning first="34" second="39" amount="-1"/><kerning first="34" second="233" amount="-1"/><kerning first="34" second="8217" amount="-1"/><kerning first="34" second="244" amount="-2"/><kerning first="34" second="232" amount="-1"/><kerning first="34" second="224" amount="-1"/><kerning first="39" second="97" amount="-1"/><kerning first="39" second="99" amount="-1"/><kerning first="39" second="100" amount="-1"/><kerning first="39" second="101" amount="-1"/><kerning first="39" second="103" amount="-1"/><kerning first="39" second="111" amount="-2"/><kerning first="39" second="113" amount="-1"/><kerning first="39" second="115" amount="-2"/><kerning first="39" second="65" amount="-3"/><kerning first="39" second="34" amount="-1"/><kerning first="39" second="39" amount="-1"/><kerning first="39" second="233" amount="-1"/><kerning first="39" second="8217" amount="-1"/><kerning first="39" second="244" amount="-2"/><kerning first="39" second="232" amount="-1"/><kerning first="39" second="224" amount="-1"/><kerning first="201" second="118" amount="-1"/><kerning first="201" second="119" amount="-1"/><kerning first="201" second="121" amount="-1"/><kerning first="8217" second="97" amount="-1"/><kerning first="8217" second="99" amount="-1"/><kerning first="8217" second="100" amount="-1"/><kerning first="8217" second="101" amount="-1"/><kerning first="8217" second="103" amount="-1"/><kerning first="8217" second="111" amount="-2"/><kerning first="8217" second="113" amount="-1"/><kerning first="8217" second="115" amount="-2"/><kerning first="8217" second="65" amount="-3"/><kerning first="8217" second="34" amount="-1"/><kerning first="8217" second="39" amount="-1"/><kerning first="8217" second="233" amount="-1"/><kerning first="8217" second="8217" amount="-1"/><kerning first="8217" second="244" amount="-2"/><kerning first="8217" second="232" amount="-1"/><kerning first="8217" second="224" amount="-1"/><kerning first="244" second="120" amount="-1"/></kernings></font>