<?xml version="1.0" encoding="UTF-8"?><font><info face="Roboto-Black-Red-Stroke" size="30" bold="0" italic="0" charset="" unicode="1" stretchH="100" smooth="1" aa="1" padding="1,1,1,1" spacing="1,1"/><common lineHeight="30" base="31" scaleW="374" scaleH="379" pages="1" packed="0"/><pages><page id="0" file="Roboto-Black-Red-Stroke.png"/></pages><chars count="156"><char id="32" x="0" y="0" width="0" height="0" xoffset="3" yoffset="0" xadvance="10" page="0" chnl="15"/><char id="33" x="355" y="189" width="16" height="32" xoffset="0" yoffset="5" xadvance="11" page="0" chnl="15"/><char id="34" x="138" y="361" width="19" height="18" xoffset="-1" yoffset="4" xadvance="12" page="0" chnl="15"/><char id="35" x="168" y="198" width="27" height="32" xoffset="-1" yoffset="5" xadvance="20" page="0" chnl="15"/><char id="36" x="251" y="108" width="25" height="39" xoffset="0" yoffset="2" xadvance="20" page="0" chnl="15"/><char id="37" x="77" y="0" width="30" height="32" xoffset="0" yoffset="5" xadvance="25" page="0" chnl="15"/><char id="38" x="77" y="159" width="29" height="33" xoffset="0" yoffset="5" xadvance="23" page="0" chnl="15"/><char id="39" x="355" y="351" width="14" height="19" xoffset="-1" yoffset="4" xadvance="7" page="0" chnl="15"/><char id="40" x="330" y="326" width="19" height="39" xoffset="0" yoffset="4" xadvance="13" page="0" chnl="15"/><char id="41" x="330" y="146" width="20" height="39" xoffset="-1" yoffset="4" xadvance="13" page="0" chnl="15"/><char id="42" x="330" y="27" width="23" height="24" xoffset="-1" yoffset="5" xadvance="16" page="0" chnl="15"/><char id="43" x="223" y="337" width="26" height="26" xoffset="-1" yoffset="9" xadvance="19" page="0" chnl="15"/><char id="44" x="77" y="359" width="15" height="19" xoffset="0" yoffset="23" xadvance="10" page="0" chnl="15"/><char id="45" x="223" y="364" width="19" height="14" xoffset="1" yoffset="16" xadvance="16" page="0" chnl="15"/><char id="46" x="108" y="363" width="15" height="15" xoffset="1" yoffset="22" xadvance="12" page="0" chnl="15"/><char id="47" x="330" y="52" width="22" height="34" xoffset="-2" yoffset="5" xadvance="13" page="0" chnl="15"/><char id="48" x="251" y="285" width="25" height="32" xoffset="0" yoffset="5" xadvance="20" page="0" chnl="15"/><char id="49" x="330" y="225" width="20" height="32" xoffset="1" yoffset="5" xadvance="20" page="0" chnl="15"/><char id="50" x="138" y="295" width="27" height="32" xoffset="-1" yoffset="5" xadvance="20" page="0" chnl="15"/><char id="51" x="251" y="318" width="25" height="32" xoffset="0" yoffset="5" xadvance="20" page="0" chnl="15"/><char id="52" x="138" y="328" width="27" height="32" xoffset="-1" yoffset="5" xadvance="20" page="0" chnl="15"/><char id="53" x="278" y="0" width="25" height="32" xoffset="0" yoffset="5" xadvance="20" page="0" chnl="15"/><char id="54" x="224" y="0" width="26" height="32" xoffset="0" yoffset="5" xadvance="20" page="0" chnl="15"/><char id="55" x="168" y="0" width="27" height="32" xoffset="-1" yoffset="5" xadvance="20" page="0" chnl="15"/><char id="56" x="278" y="33" width="25" height="32" xoffset="0" yoffset="5" xadvance="20" page="0" chnl="15"/><char id="57" x="251" y="183" width="25" height="33" xoffset="0" yoffset="5" xadvance="20" page="0" chnl="15"/><char id="58" x="355" y="287" width="15" height="26" xoffset="1" yoffset="11" xadvance="11" page="0" chnl="15"/><char id="59" x="355" y="222" width="16" height="31" xoffset="0" yoffset="11" xadvance="11" page="0" chnl="15"/><char id="61" x="304" y="351" width="25" height="21" xoffset="0" yoffset="12" xadvance="20" page="0" chnl="15"/><char id="63" x="278" y="165" width="25" height="32" xoffset="-1" yoffset="5" xadvance="18" page="0" chnl="15"/><char id="64" x="0" y="229" width="36" height="38" xoffset="-1" yoffset="6" xadvance="29" page="0" chnl="15"/><char id="65" x="77" y="227" width="29" height="32" xoffset="-1" yoffset="5" xadvance="22" page="0" chnl="15"/><char id="66" x="168" y="33" width="27" height="32" xoffset="0" yoffset="5" xadvance="22" page="0" chnl="15"/><char id="67" x="168" y="66" width="27" height="32" xoffset="0" yoffset="5" xadvance="22" page="0" chnl="15"/><char id="68" x="138" y="98" width="28" height="32" xoffset="0" yoffset="5" xadvance="22" page="0" chnl="15"/><char id="69" x="224" y="66" width="26" height="32" xoffset="0" yoffset="5" xadvance="20" page="0" chnl="15"/><char id="70" x="223" y="99" width="26" height="32" xoffset="0" yoffset="5" xadvance="20" page="0" chnl="15"/><char id="71" x="138" y="131" width="28" height="32" xoffset="0" yoffset="5" xadvance="22" page="0" chnl="15"/><char id="72" x="77" y="260" width="29" height="32" xoffset="0" yoffset="5" xadvance="24" page="0" chnl="15"/><char id="73" x="355" y="254" width="15" height="32" xoffset="1" yoffset="5" xadvance="11" page="0" chnl="15"/><char id="74" x="278" y="99" width="25" height="32" xoffset="0" yoffset="5" xadvance="20" page="0" chnl="15"/><char id="75" x="77" y="293" width="29" height="32" xoffset="0" yoffset="5" xadvance="22" page="0" chnl="15"/><char id="76" x="278" y="132" width="25" height="32" xoffset="0" yoffset="5" xadvance="19" page="0" chnl="15"/><char id="77" x="0" y="268" width="34" height="32" xoffset="0" yoffset="5" xadvance="29" page="0" chnl="15"/><char id="78" x="77" y="326" width="29" height="32" xoffset="0" yoffset="5" xadvance="24" page="0" chnl="15"/><char id="79" x="108" y="0" width="29" height="32" xoffset="0" yoffset="5" xadvance="23" page="0" chnl="15"/><char id="80" x="138" y="164" width="28" height="32" xoffset="0" yoffset="5" xadvance="22" page="0" chnl="15"/><char id="81" x="42" y="321" width="30" height="35" xoffset="0" yoffset="5" xadvance="24" page="0" chnl="15"/><char id="82" x="138" y="197" width="28" height="32" xoffset="0" yoffset="5" xadvance="22" page="0" chnl="15"/><char id="83" x="168" y="99" width="27" height="32" xoffset="0" yoffset="5" xadvance="21" page="0" chnl="15"/><char id="84" x="168" y="132" width="27" height="32" xoffset="-1" yoffset="5" xadvance="19" page="0" chnl="15"/><char id="85" x="108" y="33" width="29" height="32" xoffset="0" yoffset="5" xadvance="23" page="0" chnl="15"/><char id="86" x="108" y="66" width="29" height="32" xoffset="-1" yoffset="5" xadvance="22" page="0" chnl="15"/><char id="87" x="0" y="71" width="37" height="32" xoffset="-1" yoffset="5" xadvance="29" page="0" chnl="15"/><char id="88" x="108" y="99" width="29" height="32" xoffset="-1" yoffset="5" xadvance="22" page="0" chnl="15"/><char id="89" x="108" y="132" width="29" height="32" xoffset="-1" yoffset="5" xadvance="22" page="0" chnl="15"/><char id="90" x="168" y="165" width="27" height="32" xoffset="-1" yoffset="5" xadvance="20" page="0" chnl="15"/><char id="91" x="355" y="39" width="18" height="40" xoffset="0" yoffset="2" xadvance="11" page="0" chnl="15"/><char id="93" x="355" y="80" width="17" height="40" xoffset="-1" yoffset="2" xadvance="11" page="0" chnl="15"/><char id="94" x="42" y="357" width="23" height="22" xoffset="-1" yoffset="5" xadvance="16" page="0" chnl="15"/><char id="95" x="168" y="363" width="24" height="14" xoffset="-1" yoffset="27" xadvance="16" page="0" chnl="15"/><char id="97" x="223" y="198" width="26" height="27" xoffset="-1" yoffset="11" xadvance="18" page="0" chnl="15"/><char id="98" x="251" y="148" width="25" height="34" xoffset="0" yoffset="4" xadvance="19" page="0" chnl="15"/><char id="99" x="278" y="292" width="25" height="26" xoffset="-1" yoffset="11" xadvance="18" page="0" chnl="15"/><char id="100" x="196" y="137" width="26" height="34" xoffset="-1" yoffset="4" xadvance="19" page="0" chnl="15"/><char id="101" x="223" y="226" width="26" height="27" xoffset="-1" yoffset="11" xadvance="18" page="0" chnl="15"/><char id="102" x="278" y="346" width="22" height="33" xoffset="-1" yoffset="4" xadvance="13" page="0" chnl="15"/><char id="103" x="196" y="172" width="26" height="33" xoffset="-1" yoffset="11" xadvance="19" page="0" chnl="15"/><char id="104" x="251" y="217" width="25" height="33" xoffset="0" yoffset="4" xadvance="19" page="0" chnl="15"/><char id="105" x="355" y="121" width="16" height="33" xoffset="0" yoffset="4" xadvance="11" page="0" chnl="15"/><char id="106" x="330" y="285" width="19" height="40" xoffset="-3" yoffset="4" xadvance="11" page="0" chnl="15"/><char id="107" x="196" y="206" width="26" height="33" xoffset="0" yoffset="4" xadvance="19" page="0" chnl="15"/><char id="108" x="355" y="155" width="16" height="33" xoffset="0" yoffset="4" xadvance="11" page="0" chnl="15"/><char id="109" x="42" y="0" width="34" height="26" xoffset="0" yoffset="11" xadvance="28" page="0" chnl="15"/><char id="110" x="278" y="319" width="25" height="26" xoffset="0" yoffset="11" xadvance="19" page="0" chnl="15"/><char id="111" x="304" y="0" width="25" height="26" xoffset="0" yoffset="11" xadvance="19" page="0" chnl="15"/><char id="112" x="278" y="66" width="25" height="32" xoffset="0" yoffset="11" xadvance="19" page="0" chnl="15"/><char id="113" x="224" y="33" width="26" height="32" xoffset="-1" yoffset="11" xadvance="19" page="0" chnl="15"/><char id="114" x="330" y="258" width="20" height="26" xoffset="0" yoffset="11" xadvance="14" page="0" chnl="15"/><char id="115" x="251" y="351" width="25" height="27" xoffset="-1" yoffset="11" xadvance="18" page="0" chnl="15"/><char id="116" x="330" y="114" width="21" height="31" xoffset="-1" yoffset="7" xadvance="13" page="0" chnl="15"/><char id="117" x="278" y="264" width="25" height="27" xoffset="0" yoffset="11" xadvance="19" page="0" chnl="15"/><char id="118" x="223" y="310" width="26" height="26" xoffset="-1" yoffset="11" xadvance="18" page="0" chnl="15"/><char id="119" x="42" y="254" width="32" height="26" xoffset="-1" yoffset="11" xadvance="24" page="0" chnl="15"/><char id="120" x="304" y="27" width="25" height="26" xoffset="-1" yoffset="11" xadvance="18" page="0" chnl="15"/><char id="121" x="196" y="240" width="26" height="33" xoffset="-1" yoffset="11" xadvance="18" page="0" chnl="15"/><char id="122" x="304" y="54" width="25" height="26" xoffset="-1" yoffset="11" xadvance="18" page="0" chnl="15"/><char id="123" x="355" y="0" width="19" height="38" xoffset="-1" yoffset="4" xadvance="12" page="0" chnl="15"/><char id="124" x="355" y="314" width="14" height="36" xoffset="1" yoffset="5" xadvance="10" page="0" chnl="15"/><char id="125" x="330" y="186" width="20" height="38" xoffset="-1" yoffset="4" xadvance="12" page="0" chnl="15"/><char id="1025" x="196" y="99" width="26" height="37" xoffset="0" yoffset="0" xadvance="20" page="0" chnl="15"/><char id="1040" x="108" y="165" width="29" height="32" xoffset="-1" yoffset="5" xadvance="22" page="0" chnl="15"/><char id="1041" x="168" y="231" width="27" height="32" xoffset="0" yoffset="5" xadvance="21" page="0" chnl="15"/><char id="1042" x="168" y="264" width="27" height="32" xoffset="0" yoffset="5" xadvance="22" page="0" chnl="15"/><char id="1043" x="278" y="198" width="25" height="32" xoffset="0" yoffset="5" xadvance="19" page="0" chnl="15"/><char id="1044" x="42" y="176" width="32" height="38" xoffset="-1" yoffset="5" xadvance="25" page="0" chnl="15"/><char id="1045" x="223" y="132" width="26" height="32" xoffset="0" yoffset="5" xadvance="20" page="0" chnl="15"/><char id="1046" x="0" y="0" width="41" height="32" xoffset="-1" yoffset="5" xadvance="33" page="0" chnl="15"/><char id="1047" x="223" y="165" width="26" height="32" xoffset="0" yoffset="5" xadvance="21" page="0" chnl="15"/><char id="1048" x="108" y="198" width="29" height="32" xoffset="0" yoffset="5" xadvance="23" page="0" chnl="15"/><char id="1049" x="77" y="120" width="29" height="38" xoffset="0" yoffset="-1" xadvance="23" page="0" chnl="15"/><char id="1050" x="108" y="231" width="29" height="32" xoffset="0" yoffset="5" xadvance="22" page="0" chnl="15"/><char id="1051" x="77" y="33" width="30" height="32" xoffset="-1" yoffset="5" xadvance="24" page="0" chnl="15"/><char id="1052" x="0" y="301" width="34" height="32" xoffset="0" yoffset="5" xadvance="29" page="0" chnl="15"/><char id="1053" x="108" y="264" width="29" height="32" xoffset="0" yoffset="5" xadvance="24" page="0" chnl="15"/><char id="1054" x="108" y="297" width="29" height="32" xoffset="0" yoffset="5" xadvance="23" page="0" chnl="15"/><char id="1055" x="108" y="330" width="29" height="32" xoffset="0" yoffset="5" xadvance="24" page="0" chnl="15"/><char id="1056" x="138" y="230" width="28" height="32" xoffset="0" yoffset="5" xadvance="22" page="0" chnl="15"/><char id="1057" x="168" y="297" width="27" height="32" xoffset="0" yoffset="5" xadvance="22" page="0" chnl="15"/><char id="1058" x="168" y="330" width="27" height="32" xoffset="-1" yoffset="5" xadvance="19" page="0" chnl="15"/><char id="1059" x="77" y="193" width="29" height="33" xoffset="-1" yoffset="5" xadvance="21" page="0" chnl="15"/><char id="1060" x="42" y="27" width="33" height="34" xoffset="0" yoffset="4" xadvance="28" page="0" chnl="15"/><char id="1061" x="138" y="0" width="29" height="32" xoffset="-1" yoffset="5" xadvance="22" page="0" chnl="15"/><char id="1062" x="42" y="215" width="32" height="38" xoffset="0" yoffset="5" xadvance="26" page="0" chnl="15"/><char id="1063" x="138" y="33" width="29" height="32" xoffset="0" yoffset="5" xadvance="23" page="0" chnl="15"/><char id="1064" x="0" y="104" width="37" height="32" xoffset="0" yoffset="5" xadvance="31" page="0" chnl="15"/><char id="1065" x="0" y="33" width="40" height="37" xoffset="0" yoffset="5" xadvance="34" page="0" chnl="15"/><char id="1066" x="42" y="62" width="33" height="32" xoffset="-1" yoffset="5" xadvance="26" page="0" chnl="15"/><char id="1067" x="0" y="334" width="34" height="32" xoffset="0" yoffset="5" xadvance="29" page="0" chnl="15"/><char id="1068" x="196" y="0" width="27" height="32" xoffset="0" yoffset="5" xadvance="21" page="0" chnl="15"/><char id="1069" x="196" y="33" width="27" height="32" xoffset="-1" yoffset="5" xadvance="21" page="0" chnl="15"/><char id="1070" x="0" y="137" width="37" height="32" xoffset="0" yoffset="5" xadvance="32" page="0" chnl="15"/><char id="1071" x="196" y="66" width="27" height="32" xoffset="-2" yoffset="5" xadvance="20" page="0" chnl="15"/><char id="1072" x="223" y="254" width="26" height="27" xoffset="-1" yoffset="11" xadvance="18" page="0" chnl="15"/><char id="1073" x="196" y="274" width="26" height="33" xoffset="0" yoffset="4" xadvance="20" page="0" chnl="15"/><char id="1074" x="304" y="81" width="25" height="26" xoffset="0" yoffset="11" xadvance="19" page="0" chnl="15"/><char id="1075" x="330" y="87" width="22" height="26" xoffset="0" yoffset="11" xadvance="15" page="0" chnl="15"/><char id="1076" x="138" y="66" width="29" height="31" xoffset="-1" yoffset="11" xadvance="22" page="0" chnl="15"/><char id="1077" x="223" y="282" width="26" height="27" xoffset="-1" yoffset="11" xadvance="18" page="0" chnl="15"/><char id="1078" x="0" y="202" width="37" height="26" xoffset="-1" yoffset="11" xadvance="30" page="0" chnl="15"/><char id="1079" x="330" y="0" width="24" height="26" xoffset="0" yoffset="11" xadvance="18" page="0" chnl="15"/><char id="1080" x="304" y="108" width="25" height="26" xoffset="0" yoffset="11" xadvance="19" page="0" chnl="15"/><char id="1081" x="251" y="251" width="25" height="33" xoffset="0" yoffset="4" xadvance="19" page="0" chnl="15"/><char id="1082" x="251" y="0" width="26" height="26" xoffset="0" yoffset="11" xadvance="20" page="0" chnl="15"/><char id="1083" x="251" y="27" width="26" height="26" xoffset="-1" yoffset="11" xadvance="19" page="0" chnl="15"/><char id="1084" x="77" y="66" width="30" height="26" xoffset="0" yoffset="11" xadvance="26" page="0" chnl="15"/><char id="1085" x="304" y="135" width="25" height="26" xoffset="0" yoffset="11" xadvance="19" page="0" chnl="15"/><char id="1086" x="304" y="162" width="25" height="26" xoffset="0" yoffset="11" xadvance="19" page="0" chnl="15"/><char id="1087" x="304" y="189" width="25" height="26" xoffset="0" yoffset="11" xadvance="19" page="0" chnl="15"/><char id="1088" x="278" y="231" width="25" height="32" xoffset="0" yoffset="11" xadvance="19" page="0" chnl="15"/><char id="1089" x="304" y="216" width="25" height="26" xoffset="-1" yoffset="11" xadvance="18" page="0" chnl="15"/><char id="1090" x="251" y="54" width="26" height="26" xoffset="-1" yoffset="11" xadvance="18" page="0" chnl="15"/><char id="1091" x="196" y="342" width="26" height="33" xoffset="-1" yoffset="11" xadvance="18" page="0" chnl="15"/><char id="1092" x="42" y="281" width="31" height="39" xoffset="-1" yoffset="4" xadvance="25" page="0" chnl="15"/><char id="1093" x="304" y="243" width="25" height="26" xoffset="-1" yoffset="11" xadvance="18" page="0" chnl="15"/><char id="1094" x="138" y="263" width="28" height="31" xoffset="0" yoffset="11" xadvance="21" page="0" chnl="15"/><char id="1095" x="304" y="270" width="25" height="26" xoffset="0" yoffset="11" xadvance="19" page="0" chnl="15"/><char id="1096" x="42" y="95" width="33" height="26" xoffset="0" yoffset="11" xadvance="28" page="0" chnl="15"/><char id="1097" x="0" y="170" width="37" height="31" xoffset="0" yoffset="11" xadvance="31" page="0" chnl="15"/><char id="1098" x="77" y="93" width="30" height="26" xoffset="-1" yoffset="11" xadvance="23" page="0" chnl="15"/><char id="1099" x="42" y="122" width="33" height="26" xoffset="0" yoffset="11" xadvance="28" page="0" chnl="15"/><char id="1100" x="251" y="81" width="26" height="26" xoffset="0" yoffset="11" xadvance="19" page="0" chnl="15"/><char id="1101" x="304" y="297" width="25" height="26" xoffset="-1" yoffset="11" xadvance="18" page="0" chnl="15"/><char id="1102" x="42" y="149" width="33" height="26" xoffset="0" yoffset="11" xadvance="27" page="0" chnl="15"/><char id="1103" x="304" y="324" width="25" height="26" xoffset="0" yoffset="11" xadvance="19" page="0" chnl="15"/><char id="1105" x="196" y="308" width="26" height="33" xoffset="-1" yoffset="5" xadvance="18" page="0" chnl="15"/></chars><kernings count="552"><kerning first="111" second="1076" amount="-1"/><kerning first="114" second="46" amount="-3"/><kerning first="114" second="44" amount="-3"/><kerning first="118" second="46" amount="-2"/><kerning first="118" second="44" amount="-2"/><kerning first="118" second="1076" amount="-1"/><kerning first="118" second="1083" amount="-1"/><kerning first="119" second="46" amount="-2"/><kerning first="119" second="44" amount="-2"/><kerning first="120" second="111" amount="-1"/><kerning first="120" second="1086" amount="-1"/><kerning first="121" second="46" amount="-2"/><kerning first="121" second="44" amount="-2"/><kerning first="121" second="1076" amount="-1"/><kerning first="121" second="1083" amount="-1"/><kerning first="65" second="109" amount="-1"/><kerning first="65" second="110" amount="-1"/><kerning first="65" second="112" amount="-1"/><kerning first="65" second="118" amount="-1"/><kerning first="65" second="121" amount="-1"/><kerning first="65" second="84" amount="-1"/><kerning first="65" second="86" amount="-1"/><kerning first="65" second="87" amount="-1"/><kerning first="65" second="89" amount="-2"/><kerning first="65" second="63" amount="-1"/><kerning first="65" second="34" amount="-2"/><kerning first="65" second="39" amount="-2"/><kerning first="65" second="1075" amount="-1"/><kerning first="65" second="1080" amount="-1"/><kerning first="65" second="1081" amount="-1"/><kerning first="65" second="1082" amount="-1"/><kerning first="65" second="1084" amount="-1"/><kerning first="65" second="1085" amount="-1"/><kerning first="65" second="1087" amount="-1"/><kerning first="65" second="1088" amount="-1"/><kerning first="65" second="1058" amount="-1"/><kerning first="65" second="1090" amount="-1"/><kerning first="65" second="1091" amount="-1"/><kerning first="65" second="1094" amount="-1"/><kerning first="65" second="1063" amount="-1"/><kerning first="65" second="1096" amount="-1"/><kerning first="65" second="1097" amount="-1"/><kerning first="65" second="1068" amount="-1"/><kerning first="65" second="1100" amount="-1"/><kerning first="65" second="1102" amount="-1"/><kerning first="66" second="89" amount="-1"/><kerning first="68" second="89" amount="-1"/><kerning first="68" second="46" amount="-2"/><kerning first="68" second="44" amount="-2"/><kerning first="70" second="65" amount="-1"/><kerning first="70" second="74" amount="-3"/><kerning first="70" second="46" amount="-4"/><kerning first="70" second="44" amount="-4"/><kerning first="70" second="1040" amount="-1"/><kerning first="75" second="118" amount="-1"/><kerning first="75" second="119" amount="-1"/><kerning first="75" second="121" amount="-1"/><kerning first="75" second="45" amount="-2"/><kerning first="75" second="1073" amount="-1"/><kerning first="75" second="1090" amount="-1"/><kerning first="75" second="1091" amount="-1"/><kerning first="75" second="1095" amount="-1"/><kerning first="76" second="118" amount="-2"/><kerning first="76" second="119" amount="-1"/><kerning first="76" second="121" amount="-2"/><kerning first="76" second="84" amount="-3"/><kerning first="76" second="86" amount="-3"/><kerning first="76" second="87" amount="-1"/><kerning first="76" second="89" amount="-4"/><kerning first="76" second="34" amount="-4"/><kerning first="76" second="39" amount="-4"/><kerning first="76" second="1058" amount="-3"/><kerning first="76" second="1091" amount="-2"/><kerning first="79" second="89" amount="-1"/><kerning first="79" second="46" amount="-2"/><kerning first="79" second="44" amount="-2"/><kerning first="80" second="65" amount="-3"/><kerning first="80" second="74" amount="-3"/><kerning first="80" second="88" amount="-1"/><kerning first="80" second="90" amount="-1"/><kerning first="80" second="46" amount="-6"/><kerning first="80" second="44" amount="-6"/><kerning first="80" second="1040" amount="-3"/><kerning first="80" second="1044" amount="-3"/><kerning first="80" second="1076" amount="-3"/><kerning first="80" second="1046" amount="-1"/><kerning first="80" second="1051" amount="-2"/><kerning first="80" second="1083" amount="-1"/><kerning first="80" second="1061" amount="-1"/><kerning first="81" second="89" amount="-1"/><kerning first="82" second="84" amount="-1"/><kerning first="82" second="89" amount="-1"/><kerning first="82" second="1058" amount="-1"/><kerning first="84" second="97" amount="-1"/><kerning first="84" second="99" amount="-1"/><kerning first="84" second="100" amount="-1"/><kerning first="84" second="101" amount="-1"/><kerning first="84" second="103" amount="-1"/><kerning first="84" second="109" amount="-1"/><kerning first="84" second="110" amount="-1"/><kerning first="84" second="111" amount="-1"/><kerning first="84" second="112" amount="-1"/><kerning first="84" second="113" amount="-1"/><kerning first="84" second="114" amount="-1"/><kerning first="84" second="115" amount="-1"/><kerning first="84" second="117" amount="-1"/><kerning first="84" second="118" amount="-1"/><kerning first="84" second="119" amount="-1"/><kerning first="84" second="120" amount="-1"/><kerning first="84" second="121" amount="-1"/><kerning first="84" second="122" amount="-1"/><kerning first="84" second="65" amount="-2"/><kerning first="84" second="74" amount="-3"/><kerning first="84" second="45" amount="-4"/><kerning first="84" second="46" amount="-4"/><kerning first="84" second="44" amount="-4"/><kerning first="84" second="1040" amount="-2"/><kerning first="84" second="1072" amount="-1"/><kerning first="84" second="1074" amount="-1"/><kerning first="84" second="1075" amount="-1"/><kerning first="84" second="1044" amount="-1"/><kerning first="84" second="1076" amount="-2"/><kerning first="84" second="1077" amount="-1"/><kerning first="84" second="1105" amount="-1"/><kerning first="84" second="1078" amount="-1"/><kerning first="84" second="1079" amount="-2"/><kerning first="84" second="1080" amount="-1"/><kerning first="84" second="1081" amount="-1"/><kerning first="84" second="1082" amount="-1"/><kerning first="84" second="1051" amount="-1"/><kerning first="84" second="1083" amount="-2"/><kerning first="84" second="1084" amount="-1"/><kerning first="84" second="1085" amount="-1"/><kerning first="84" second="1086" amount="-1"/><kerning first="84" second="1087" amount="-1"/><kerning first="84" second="1088" amount="-1"/><kerning first="84" second="1089" amount="-1"/><kerning first="84" second="1090" amount="-1"/><kerning first="84" second="1091" amount="-1"/><kerning first="84" second="1092" amount="-1"/><kerning first="84" second="1093" amount="-1"/><kerning first="84" second="1094" amount="-1"/><kerning first="84" second="1095" amount="-2"/><kerning first="84" second="1096" amount="-1"/><kerning first="84" second="1097" amount="-1"/><kerning first="84" second="1099" amount="-2"/><kerning first="84" second="1100" amount="-1"/><kerning first="84" second="1101" amount="-2"/><kerning first="84" second="1102" amount="-1"/><kerning first="84" second="1103" amount="-2"/><kerning first="86" second="97" amount="-1"/><kerning first="86" second="99" amount="-1"/><kerning first="86" second="100" amount="-1"/><kerning first="86" second="101" amount="-1"/><kerning first="86" second="103" amount="-1"/><kerning first="86" second="111" amount="-1"/><kerning first="86" second="113" amount="-1"/><kerning first="86" second="65" amount="-1"/><kerning first="86" second="45" amount="-2"/><kerning first="86" second="46" amount="-3"/><kerning first="86" second="44" amount="-3"/><kerning first="86" second="1040" amount="-1"/><kerning first="86" second="1072" amount="-1"/><kerning first="86" second="1077" amount="-1"/><kerning first="86" second="1105" amount="-1"/><kerning first="86" second="1086" amount="-1"/><kerning first="86" second="1089" amount="-1"/><kerning first="86" second="1092" amount="-1"/><kerning first="87" second="65" amount="-1"/><kerning first="87" second="45" amount="-1"/><kerning first="87" second="46" amount="-2"/><kerning first="87" second="44" amount="-2"/><kerning first="87" second="1040" amount="-1"/><kerning first="88" second="45" amount="-2"/><kerning first="88" second="1090" amount="-1"/><kerning first="88" second="1095" amount="-1"/><kerning first="89" second="97" amount="-1"/><kerning first="89" second="99" amount="-1"/><kerning first="89" second="100" amount="-1"/><kerning first="89" second="101" amount="-1"/><kerning first="89" second="103" amount="-1"/><kerning first="89" second="109" amount="-1"/><kerning first="89" second="110" amount="-1"/><kerning first="89" second="111" amount="-1"/><kerning first="89" second="112" amount="-1"/><kerning first="89" second="113" amount="-1"/><kerning first="89" second="114" amount="-1"/><kerning first="89" second="115" amount="-1"/><kerning first="89" second="117" amount="-1"/><kerning first="89" second="65" amount="-2"/><kerning first="89" second="74" amount="-1"/><kerning first="89" second="85" amount="-1"/><kerning first="89" second="42" amount="-1"/><kerning first="89" second="45" amount="-2"/><kerning first="89" second="46" amount="-3"/><kerning first="89" second="44" amount="-3"/><kerning first="89" second="1040" amount="-2"/><kerning first="89" second="1072" amount="-1"/><kerning first="89" second="1075" amount="-1"/><kerning first="89" second="1077" amount="-1"/><kerning first="89" second="1105" amount="-1"/><kerning first="89" second="1080" amount="-1"/><kerning first="89" second="1081" amount="-1"/><kerning first="89" second="1082" amount="-1"/><kerning first="89" second="1084" amount="-1"/><kerning first="89" second="1085" amount="-1"/><kerning first="89" second="1086" amount="-1"/><kerning first="89" second="1087" amount="-1"/><kerning first="89" second="1088" amount="-1"/><kerning first="89" second="1089" amount="-1"/><kerning first="89" second="1092" amount="-1"/><kerning first="89" second="1094" amount="-1"/><kerning first="89" second="1096" amount="-1"/><kerning first="89" second="1097" amount="-1"/><kerning first="89" second="1100" amount="-1"/><kerning first="89" second="1102" amount="-1"/><kerning first="40" second="87" amount="1"/><kerning first="46" second="34" amount="-4"/><kerning first="46" second="39" amount="-4"/><kerning first="44" second="34" amount="-4"/><kerning first="44" second="39" amount="-4"/><kerning first="47" second="47" amount="-4"/><kerning first="34" second="97" amount="-1"/><kerning first="34" second="99" amount="-1"/><kerning first="34" second="100" amount="-1"/><kerning first="34" second="101" amount="-1"/><kerning first="34" second="103" amount="-1"/><kerning first="34" second="111" amount="-1"/><kerning first="34" second="113" amount="-1"/><kerning first="34" second="115" amount="-1"/><kerning first="34" second="65" amount="-2"/><kerning first="34" second="34" amount="-1"/><kerning first="34" second="39" amount="-1"/><kerning first="34" second="1040" amount="-2"/><kerning first="34" second="1072" amount="-1"/><kerning first="34" second="1077" amount="-1"/><kerning first="34" second="1105" amount="-1"/><kerning first="34" second="1086" amount="-1"/><kerning first="34" second="1089" amount="-1"/><kerning first="34" second="1092" amount="-1"/><kerning first="39" second="97" amount="-1"/><kerning first="39" second="99" amount="-1"/><kerning first="39" second="100" amount="-1"/><kerning first="39" second="101" amount="-1"/><kerning first="39" second="103" amount="-1"/><kerning first="39" second="111" amount="-1"/><kerning first="39" second="113" amount="-1"/><kerning first="39" second="115" amount="-1"/><kerning first="39" second="65" amount="-2"/><kerning first="39" second="34" amount="-1"/><kerning first="39" second="39" amount="-1"/><kerning first="39" second="1040" amount="-2"/><kerning first="39" second="1072" amount="-1"/><kerning first="39" second="1077" amount="-1"/><kerning first="39" second="1105" amount="-1"/><kerning first="39" second="1086" amount="-1"/><kerning first="39" second="1089" amount="-1"/><kerning first="39" second="1092" amount="-1"/><kerning first="1040" second="109" amount="-1"/><kerning first="1040" second="110" amount="-1"/><kerning first="1040" second="112" amount="-1"/><kerning first="1040" second="118" amount="-1"/><kerning first="1040" second="121" amount="-1"/><kerning first="1040" second="84" amount="-1"/><kerning first="1040" second="86" amount="-1"/><kerning first="1040" second="87" amount="-1"/><kerning first="1040" second="89" amount="-2"/><kerning first="1040" second="63" amount="-1"/><kerning first="1040" second="34" amount="-2"/><kerning first="1040" second="39" amount="-2"/><kerning first="1040" second="1075" amount="-1"/><kerning first="1040" second="1080" amount="-1"/><kerning first="1040" second="1081" amount="-1"/><kerning first="1040" second="1082" amount="-1"/><kerning first="1040" second="1084" amount="-1"/><kerning first="1040" second="1085" amount="-1"/><kerning first="1040" second="1087" amount="-1"/><kerning first="1040" second="1088" amount="-1"/><kerning first="1040" second="1058" amount="-1"/><kerning first="1040" second="1090" amount="-1"/><kerning first="1040" second="1091" amount="-1"/><kerning first="1040" second="1094" amount="-1"/><kerning first="1040" second="1063" amount="-1"/><kerning first="1040" second="1096" amount="-1"/><kerning first="1040" second="1097" amount="-1"/><kerning first="1040" second="1068" amount="-1"/><kerning first="1040" second="1100" amount="-1"/><kerning first="1040" second="1102" amount="-1"/><kerning first="1041" second="109" amount="-1"/><kerning first="1041" second="110" amount="-1"/><kerning first="1041" second="112" amount="-1"/><kerning first="1041" second="1075" amount="-1"/><kerning first="1041" second="1080" amount="-1"/><kerning first="1041" second="1081" amount="-1"/><kerning first="1041" second="1082" amount="-1"/><kerning first="1041" second="1084" amount="-1"/><kerning first="1041" second="1085" amount="-1"/><kerning first="1041" second="1087" amount="-1"/><kerning first="1041" second="1088" amount="-1"/><kerning first="1041" second="1090" amount="-1"/><kerning first="1041" second="1094" amount="-1"/><kerning first="1041" second="1096" amount="-1"/><kerning first="1041" second="1097" amount="-1"/><kerning first="1041" second="1100" amount="-1"/><kerning first="1041" second="1102" amount="-1"/><kerning first="1042" second="89" amount="-1"/><kerning first="1043" second="97" amount="-2"/><kerning first="1043" second="99" amount="-3"/><kerning first="1043" second="100" amount="-3"/><kerning first="1043" second="101" amount="-3"/><kerning first="1043" second="103" amount="-3"/><kerning first="1043" second="109" amount="-3"/><kerning first="1043" second="110" amount="-3"/><kerning first="1043" second="111" amount="-2"/><kerning first="1043" second="112" amount="-3"/><kerning first="1043" second="113" amount="-3"/><kerning first="1043" second="114" amount="-2"/><kerning first="1043" second="115" amount="-2"/><kerning first="1043" second="117" amount="-2"/><kerning first="1043" second="118" amount="-2"/><kerning first="1043" second="119" amount="-1"/><kerning first="1043" second="120" amount="-2"/><kerning first="1043" second="121" amount="-2"/><kerning first="1043" second="122" amount="-2"/><kerning first="1043" second="65" amount="-3"/><kerning first="1043" second="67" amount="-1"/><kerning first="1043" second="71" amount="-1"/><kerning first="1043" second="79" amount="-1"/><kerning first="1043" second="81" amount="-1"/><kerning first="1043" second="83" amount="-1"/><kerning first="1043" second="45" amount="-7"/><kerning first="1043" second="46" amount="-7"/><kerning first="1043" second="44" amount="-7"/><kerning first="1043" second="1040" amount="-3"/><kerning first="1043" second="1072" amount="-2"/><kerning first="1043" second="1073" amount="-1"/><kerning first="1043" second="1074" amount="-3"/><kerning first="1043" second="1075" amount="-3"/><kerning first="1043" second="1044" amount="-2"/><kerning first="1043" second="1076" amount="-4"/><kerning first="1043" second="1077" amount="-3"/><kerning first="1043" second="1105" amount="-3"/><kerning first="1043" second="1078" amount="-2"/><kerning first="1043" second="1079" amount="-3"/><kerning first="1043" second="1080" amount="-3"/><kerning first="1043" second="1081" amount="-3"/><kerning first="1043" second="1082" amount="-3"/><kerning first="1043" second="1051" amount="-2"/><kerning first="1043" second="1083" amount="-4"/><kerning first="1043" second="1084" amount="-3"/><kerning first="1043" second="1085" amount="-3"/><kerning first="1043" second="1054" amount="-1"/><kerning first="1043" second="1086" amount="-2"/><kerning first="1043" second="1087" amount="-3"/><kerning first="1043" second="1088" amount="-3"/><kerning first="1043" second="1057" amount="-1"/><kerning first="1043" second="1089" amount="-3"/><kerning first="1043" second="1090" amount="-2"/><kerning first="1043" second="1091" amount="-2"/><kerning first="1043" second="1092" amount="-3"/><kerning first="1043" second="1093" amount="-2"/><kerning first="1043" second="1094" amount="-3"/><kerning first="1043" second="1095" amount="-4"/><kerning first="1043" second="1096" amount="-3"/><kerning first="1043" second="1097" amount="-3"/><kerning first="1043" second="1099" amount="-4"/><kerning first="1043" second="1100" amount="-2"/><kerning first="1043" second="1101" amount="-3"/><kerning first="1043" second="1102" amount="-3"/><kerning first="1043" second="1103" amount="-4"/><kerning first="1075" second="1076" amount="-2"/><kerning first="1075" second="1083" amount="-1"/><kerning first="1076" second="1098" amount="-1"/><kerning first="1046" second="45" amount="-2"/><kerning first="1046" second="1090" amount="-1"/><kerning first="1046" second="1095" amount="-1"/><kerning first="1078" second="111" amount="-1"/><kerning first="1078" second="1086" amount="-1"/><kerning first="1050" second="118" amount="-1"/><kerning first="1050" second="119" amount="-1"/><kerning first="1050" second="121" amount="-1"/><kerning first="1050" second="45" amount="-2"/><kerning first="1050" second="1073" amount="-1"/><kerning first="1050" second="1090" amount="-1"/><kerning first="1050" second="1091" amount="-1"/><kerning first="1050" second="1095" amount="-1"/><kerning first="1082" second="111" amount="-1"/><kerning first="1082" second="1086" amount="-1"/><kerning first="1054" second="89" amount="-1"/><kerning first="1054" second="46" amount="-2"/><kerning first="1054" second="44" amount="-2"/><kerning first="1086" second="1076" amount="-1"/><kerning first="1056" second="65" amount="-3"/><kerning first="1056" second="74" amount="-3"/><kerning first="1056" second="88" amount="-1"/><kerning first="1056" second="90" amount="-1"/><kerning first="1056" second="46" amount="-6"/><kerning first="1056" second="44" amount="-6"/><kerning first="1056" second="1040" amount="-3"/><kerning first="1056" second="1044" amount="-3"/><kerning first="1056" second="1076" amount="-3"/><kerning first="1056" second="1046" amount="-1"/><kerning first="1056" second="1051" amount="-2"/><kerning first="1056" second="1083" amount="-1"/><kerning first="1056" second="1061" amount="-1"/><kerning first="1058" second="97" amount="-1"/><kerning first="1058" second="99" amount="-1"/><kerning first="1058" second="100" amount="-1"/><kerning first="1058" second="101" amount="-1"/><kerning first="1058" second="103" amount="-1"/><kerning first="1058" second="109" amount="-1"/><kerning first="1058" second="110" amount="-1"/><kerning first="1058" second="111" amount="-1"/><kerning first="1058" second="112" amount="-1"/><kerning first="1058" second="113" amount="-1"/><kerning first="1058" second="114" amount="-1"/><kerning first="1058" second="115" amount="-1"/><kerning first="1058" second="117" amount="-1"/><kerning first="1058" second="118" amount="-1"/><kerning first="1058" second="119" amount="-1"/><kerning first="1058" second="120" amount="-1"/><kerning first="1058" second="121" amount="-1"/><kerning first="1058" second="122" amount="-1"/><kerning first="1058" second="65" amount="-2"/><kerning first="1058" second="74" amount="-3"/><kerning first="1058" second="45" amount="-4"/><kerning first="1058" second="46" amount="-4"/><kerning first="1058" second="44" amount="-4"/><kerning first="1058" second="1040" amount="-2"/><kerning first="1058" second="1072" amount="-1"/><kerning first="1058" second="1074" amount="-1"/><kerning first="1058" second="1075" amount="-1"/><kerning first="1058" second="1044" amount="-1"/><kerning first="1058" second="1076" amount="-2"/><kerning first="1058" second="1077" amount="-1"/><kerning first="1058" second="1105" amount="-1"/><kerning first="1058" second="1078" amount="-1"/><kerning first="1058" second="1079" amount="-2"/><kerning first="1058" second="1080" amount="-1"/><kerning first="1058" second="1081" amount="-1"/><kerning first="1058" second="1082" amount="-1"/><kerning first="1058" second="1051" amount="-1"/><kerning first="1058" second="1083" amount="-2"/><kerning first="1058" second="1084" amount="-1"/><kerning first="1058" second="1085" amount="-1"/><kerning first="1058" second="1086" amount="-1"/><kerning first="1058" second="1087" amount="-1"/><kerning first="1058" second="1088" amount="-1"/><kerning first="1058" second="1089" amount="-1"/><kerning first="1058" second="1090" amount="-1"/><kerning first="1058" second="1091" amount="-1"/><kerning first="1058" second="1092" amount="-1"/><kerning first="1058" second="1093" amount="-1"/><kerning first="1058" second="1094" amount="-1"/><kerning first="1058" second="1095" amount="-2"/><kerning first="1058" second="1096" amount="-1"/><kerning first="1058" second="1097" amount="-1"/><kerning first="1058" second="1099" amount="-2"/><kerning first="1058" second="1100" amount="-1"/><kerning first="1058" second="1101" amount="-2"/><kerning first="1058" second="1102" amount="-1"/><kerning first="1058" second="1103" amount="-2"/><kerning first="1090" second="1076" amount="-1"/><kerning first="1090" second="1083" amount="-1"/><kerning first="1059" second="97" amount="-1"/><kerning first="1059" second="99" amount="-1"/><kerning first="1059" second="100" amount="-1"/><kerning first="1059" second="101" amount="-1"/><kerning first="1059" second="103" amount="-1"/><kerning first="1059" second="109" amount="-1"/><kerning first="1059" second="110" amount="-1"/><kerning first="1059" second="111" amount="-1"/><kerning first="1059" second="112" amount="-1"/><kerning first="1059" second="113" amount="-1"/><kerning first="1059" second="115" amount="-1"/><kerning first="1059" second="65" amount="-1"/><kerning first="1059" second="45" amount="-3"/><kerning first="1059" second="46" amount="-6"/><kerning first="1059" second="44" amount="-6"/><kerning first="1059" second="1040" amount="-1"/><kerning first="1059" second="1072" amount="-1"/><kerning first="1059" second="1075" amount="-1"/><kerning first="1059" second="1044" amount="-1"/><kerning first="1059" second="1076" amount="-1"/><kerning first="1059" second="1077" amount="-1"/><kerning first="1059" second="1105" amount="-1"/><kerning first="1059" second="1079" amount="-1"/><kerning first="1059" second="1080" amount="-1"/><kerning first="1059" second="1081" amount="-1"/><kerning first="1059" second="1082" amount="-1"/><kerning first="1059" second="1051" amount="-1"/><kerning first="1059" second="1083" amount="-1"/><kerning first="1059" second="1084" amount="-1"/><kerning first="1059" second="1085" amount="-1"/><kerning first="1059" second="1086" amount="-1"/><kerning first="1059" second="1087" amount="-1"/><kerning first="1059" second="1088" amount="-1"/><kerning first="1059" second="1089" amount="-1"/><kerning first="1059" second="1092" amount="-1"/><kerning first="1059" second="1094" amount="-1"/><kerning first="1059" second="1096" amount="-1"/><kerning first="1059" second="1097" amount="-1"/><kerning first="1059" second="1100" amount="-1"/><kerning first="1059" second="1102" amount="-1"/><kerning first="1059" second="1103" amount="-1"/><kerning first="1091" second="46" amount="-2"/><kerning first="1091" second="44" amount="-2"/><kerning first="1091" second="1076" amount="-1"/><kerning first="1091" second="1083" amount="-1"/><kerning first="1061" second="45" amount="-2"/><kerning first="1061" second="1090" amount="-1"/><kerning first="1061" second="1095" amount="-1"/><kerning first="1093" second="111" amount="-1"/><kerning first="1093" second="1086" amount="-1"/><kerning first="1097" second="1098" amount="-1"/><kerning first="1066" second="120" amount="-1"/><kerning first="1066" second="84" amount="-1"/><kerning first="1066" second="86" amount="-1"/><kerning first="1066" second="89" amount="-1"/><kerning first="1066" second="34" amount="-1"/><kerning first="1066" second="39" amount="-1"/><kerning first="1066" second="1078" amount="-1"/><kerning first="1066" second="1058" amount="-1"/><kerning first="1066" second="1090" amount="-1"/><kerning first="1066" second="1093" amount="-1"/><kerning first="1066" second="1068" amount="-1"/><kerning first="1066" second="1100" amount="-1"/><kerning first="1098" second="118" amount="-1"/><kerning first="1098" second="121" amount="-1"/><kerning first="1098" second="34" amount="-2"/><kerning first="1098" second="39" amount="-2"/><kerning first="1098" second="1090" amount="-2"/><kerning first="1098" second="1091" amount="-1"/><kerning first="1068" second="120" amount="-1"/><kerning first="1068" second="84" amount="-1"/><kerning first="1068" second="86" amount="-1"/><kerning first="1068" second="89" amount="-1"/><kerning first="1068" second="34" amount="-1"/><kerning first="1068" second="39" amount="-1"/><kerning first="1068" second="1078" amount="-1"/><kerning first="1068" second="1058" amount="-1"/><kerning first="1068" second="1090" amount="-1"/><kerning first="1068" second="1093" amount="-1"/><kerning first="1068" second="1068" amount="-1"/><kerning first="1068" second="1100" amount="-1"/><kerning first="1100" second="118" amount="-1"/><kerning first="1100" second="121" amount="-1"/><kerning first="1100" second="34" amount="-2"/><kerning first="1100" second="39" amount="-2"/><kerning first="1100" second="1090" amount="-2"/><kerning first="1100" second="1091" amount="-1"/><kerning first="1100" second="1100" amount="-1"/></kernings></font>