<?xml version="1.0" encoding="UTF-8"?><font><info face="Roboto-Black-Yellow-Stroke" size="70" bold="0" italic="0" charset="" unicode="1" stretchH="100" smooth="1" aa="1" padding="1,1,1,1" spacing="1,1"/><common lineHeight="70" base="73" scaleW="698" scaleH="719" pages="1" packed="0"/><pages><page id="0" file="Unnamed.png"/></pages><chars count="156"><char id="32" x="0" y="0" width="0" height="0" xoffset="1" yoffset="0" xadvance="19" page="0" chnl="15"/><char id="33" x="665" y="639" width="24" height="62" xoffset="-1" yoffset="18" xadvance="21" page="0" chnl="15"/><char id="34" x="619" y="664" width="32" height="31" xoffset="-4" yoffset="14" xadvance="24" page="0" chnl="15"/><char id="35" x="321" y="382" width="51" height="62" xoffset="-4" yoffset="18" xadvance="42" page="0" chnl="15"/><char id="36" x="427" y="381" width="47" height="78" xoffset="-2" yoffset="10" xadvance="42" page="0" chnl="15"/><char id="37" x="152" y="0" width="58" height="64" xoffset="-2" yoffset="17" xadvance="53" page="0" chnl="15"/><char id="38" x="152" y="606" width="56" height="64" xoffset="-3" yoffset="17" xadvance="49" page="0" chnl="15"/><char id="39" x="402" y="684" width="20" height="33" xoffset="-4" yoffset="14" xadvance="12" page="0" chnl="15"/><char id="40" x="267" y="636" width="32" height="83" xoffset="-1" yoffset="13" xadvance="26" page="0" chnl="15"/><char id="41" x="619" y="500" width="33" height="83" xoffset="-4" yoffset="13" xadvance="26" page="0" chnl="15"/><char id="42" x="85" y="675" width="42" height="43" xoffset="-4" yoffset="18" xadvance="33" page="0" chnl="15"/><char id="43" x="152" y="671" width="47" height="48" xoffset="-4" yoffset="27" xadvance="39" page="0" chnl="15"/><char id="44" x="376" y="684" width="25" height="33" xoffset="-3" yoffset="59" xadvance="20" page="0" chnl="15"/><char id="45" x="321" y="697" width="33" height="22" xoffset="0" yoffset="42" xadvance="33" page="0" chnl="15"/><char id="46" x="524" y="695" width="25" height="22" xoffset="-1" yoffset="58" xadvance="23" page="0" chnl="15"/><char id="47" x="619" y="258" width="37" height="67" xoffset="-6" yoffset="18" xadvance="26" page="0" chnl="15"/><char id="48" x="476" y="264" width="47" height="64" xoffset="-2" yoffset="17" xadvance="42" page="0" chnl="15"/><char id="49" x="619" y="386" width="35" height="62" xoffset="0" yoffset="18" xadvance="42" page="0" chnl="15"/><char id="50" x="427" y="0" width="48" height="63" xoffset="-3" yoffset="17" xadvance="42" page="0" chnl="15"/><char id="51" x="376" y="424" width="48" height="64" xoffset="-3" yoffset="17" xadvance="42" page="0" chnl="15"/><char id="52" x="376" y="194" width="49" height="62" xoffset="-3" yoffset="18" xadvance="42" page="0" chnl="15"/><char id="53" x="476" y="459" width="47" height="63" xoffset="-2" yoffset="18" xadvance="42" page="0" chnl="15"/><char id="54" x="376" y="489" width="48" height="64" xoffset="-2" yoffset="17" xadvance="42" page="0" chnl="15"/><char id="55" x="427" y="64" width="48" height="62" xoffset="-3" yoffset="18" xadvance="42" page="0" chnl="15"/><char id="56" x="476" y="329" width="47" height="64" xoffset="-2" yoffset="17" xadvance="42" page="0" chnl="15"/><char id="57" x="476" y="394" width="47" height="64" xoffset="-2" yoffset="17" xadvance="42" page="0" chnl="15"/><char id="58" x="665" y="455" width="25" height="49" xoffset="-1" yoffset="31" xadvance="22" page="0" chnl="15"/><char id="59" x="665" y="393" width="25" height="61" xoffset="-2" yoffset="31" xadvance="21" page="0" chnl="15"/><char id="61" x="427" y="671" width="45" height="36" xoffset="-1" yoffset="34" xadvance="42" page="0" chnl="15"/><char id="63" x="524" y="516" width="46" height="63" xoffset="-4" yoffset="17" xadvance="37" page="0" chnl="15"/><char id="64" x="0" y="440" width="71" height="76" xoffset="-4" yoffset="20" xadvance="63" page="0" chnl="15"/><char id="65" x="152" y="115" width="57" height="62" xoffset="-5" yoffset="18" xadvance="46" page="0" chnl="15"/><char id="66" x="321" y="256" width="51" height="62" xoffset="-1" yoffset="18" xadvance="46" page="0" chnl="15"/><char id="67" x="267" y="380" width="52" height="64" xoffset="-2" yoffset="17" xadvance="46" page="0" chnl="15"/><char id="68" x="321" y="319" width="51" height="62" xoffset="-1" yoffset="18" xadvance="47" page="0" chnl="15"/><char id="69" x="476" y="587" width="47" height="62" xoffset="-1" yoffset="18" xadvance="41" page="0" chnl="15"/><char id="70" x="476" y="650" width="47" height="62" xoffset="-1" yoffset="18" xadvance="42" page="0" chnl="15"/><char id="71" x="267" y="126" width="53" height="64" xoffset="-2" yoffset="17" xadvance="48" page="0" chnl="15"/><char id="72" x="211" y="398" width="54" height="62" xoffset="-1" yoffset="18" xadvance="51" page="0" chnl="15"/><char id="73" x="665" y="330" width="25" height="62" xoffset="-1" yoffset="18" xadvance="22" page="0" chnl="15"/><char id="74" x="476" y="523" width="47" height="63" xoffset="-3" yoffset="18" xadvance="42" page="0" chnl="15"/><char id="75" x="211" y="461" width="54" height="62" xoffset="-1" yoffset="18" xadvance="47" page="0" chnl="15"/><char id="76" x="572" y="508" width="45" height="62" xoffset="-1" yoffset="18" xadvance="39" page="0" chnl="15"/><char id="77" x="85" y="51" width="65" height="62" xoffset="-1" yoffset="18" xadvance="62" page="0" chnl="15"/><char id="78" x="211" y="524" width="54" height="62" xoffset="-1" yoffset="18" xadvance="51" page="0" chnl="15"/><char id="79" x="211" y="126" width="55" height="64" xoffset="-2" yoffset="17" xadvance="49" page="0" chnl="15"/><char id="80" x="267" y="510" width="52" height="62" xoffset="-1" yoffset="18" xadvance="47" page="0" chnl="15"/><char id="81" x="0" y="648" width="58" height="71" xoffset="-2" yoffset="17" xadvance="51" page="0" chnl="15"/><char id="82" x="267" y="191" width="53" height="62" xoffset="-1" yoffset="18" xadvance="48" page="0" chnl="15"/><char id="83" x="323" y="61" width="51" height="64" xoffset="-2" yoffset="17" xadvance="46" page="0" chnl="15"/><char id="84" x="321" y="508" width="50" height="62" xoffset="-4" yoffset="18" xadvance="41" page="0" chnl="15"/><char id="85" x="211" y="334" width="54" height="63" xoffset="-2" yoffset="18" xadvance="50" page="0" chnl="15"/><char id="86" x="152" y="178" width="57" height="62" xoffset="-5" yoffset="18" xadvance="46" page="0" chnl="15"/><char id="87" x="0" y="138" width="74" height="62" xoffset="-5" yoffset="18" xadvance="64" page="0" chnl="15"/><char id="88" x="152" y="241" width="57" height="62" xoffset="-5" yoffset="18" xadvance="46" page="0" chnl="15"/><char id="89" x="152" y="304" width="57" height="62" xoffset="-5" yoffset="18" xadvance="46" page="0" chnl="15"/><char id="90" x="321" y="571" width="50" height="62" xoffset="-3" yoffset="18" xadvance="42" page="0" chnl="15"/><char id="91" x="665" y="162" width="29" height="83" xoffset="-2" yoffset="9" xadvance="21" page="0" chnl="15"/><char id="93" x="665" y="246" width="29" height="83" xoffset="-5" yoffset="9" xadvance="21" page="0" chnl="15"/><char id="94" x="619" y="102" width="42" height="38" xoffset="-4" yoffset="18" xadvance="33" page="0" chnl="15"/><char id="95" x="572" y="675" width="43" height="21" xoffset="-5" yoffset="68" xadvance="32" page="0" chnl="15"/><char id="97" x="524" y="63" width="47" height="51" xoffset="-4" yoffset="30" xadvance="39" page="0" chnl="15"/><char id="98" x="427" y="535" width="47" height="67" xoffset="-2" yoffset="14" xadvance="41" page="0" chnl="15"/><char id="99" x="524" y="643" width="46" height="51" xoffset="-4" yoffset="30" xadvance="37" page="0" chnl="15"/><char id="100" x="427" y="603" width="47" height="67" xoffset="-3" yoffset="14" xadvance="41" page="0" chnl="15"/><char id="101" x="572" y="0" width="46" height="51" xoffset="-3" yoffset="30" xadvance="39" page="0" chnl="15"/><char id="102" x="619" y="191" width="38" height="66" xoffset="-5" yoffset="14" xadvance="27" page="0" chnl="15"/><char id="103" x="476" y="0" width="47" height="65" xoffset="-3" yoffset="30" xadvance="41" page="0" chnl="15"/><char id="104" x="524" y="317" width="46" height="66" xoffset="-2" yoffset="14" xadvance="41" page="0" chnl="15"/><char id="105" x="665" y="505" width="24" height="66" xoffset="-1" yoffset="14" xadvance="21" page="0" chnl="15"/><char id="106" x="665" y="80" width="32" height="81" xoffset="-9" yoffset="14" xadvance="20" page="0" chnl="15"/><char id="107" x="376" y="357" width="48" height="66" xoffset="-2" yoffset="14" xadvance="40" page="0" chnl="15"/><char id="108" x="665" y="572" width="24" height="66" xoffset="-1" yoffset="14" xadvance="21" page="0" chnl="15"/><char id="109" x="85" y="0" width="66" height="50" xoffset="-2" yoffset="30" xadvance="62" page="0" chnl="15"/><char id="110" x="572" y="156" width="46" height="50" xoffset="-2" yoffset="30" xadvance="41" page="0" chnl="15"/><char id="111" x="427" y="127" width="48" height="51" xoffset="-3" yoffset="30" xadvance="41" page="0" chnl="15"/><char id="112" x="476" y="66" width="47" height="65" xoffset="-2" yoffset="30" xadvance="41" page="0" chnl="15"/><char id="113" x="476" y="132" width="47" height="65" xoffset="-3" yoffset="30" xadvance="41" page="0" chnl="15"/><char id="114" x="619" y="449" width="35" height="50" xoffset="-2" yoffset="30" xadvance="27" page="0" chnl="15"/><char id="115" x="572" y="571" width="45" height="51" xoffset="-4" yoffset="30" xadvance="37" page="0" chnl="15"/><char id="116" x="619" y="326" width="36" height="59" xoffset="-5" yoffset="22" xadvance="27" page="0" chnl="15"/><char id="117" x="572" y="207" width="46" height="50" xoffset="-2" yoffset="31" xadvance="41" page="0" chnl="15"/><char id="118" x="427" y="231" width="48" height="49" xoffset="-5" yoffset="31" xadvance="37" page="0" chnl="15"/><char id="119" x="85" y="543" width="61" height="49" xoffset="-4" yoffset="31" xadvance="52" page="0" chnl="15"/><char id="120" x="427" y="281" width="48" height="49" xoffset="-5" yoffset="31" xadvance="37" page="0" chnl="15"/><char id="121" x="376" y="554" width="48" height="64" xoffset="-5" yoffset="31" xadvance="37" page="0" chnl="15"/><char id="122" x="619" y="52" width="44" height="49" xoffset="-3" yoffset="31" xadvance="37" page="0" chnl="15"/><char id="123" x="619" y="584" width="33" height="79" xoffset="-4" yoffset="13" xadvance="24" page="0" chnl="15"/><char id="124" x="300" y="636" width="19" height="72" xoffset="1" yoffset="18" xadvance="19" page="0" chnl="15"/><char id="125" x="665" y="0" width="33" height="79" xoffset="-4" yoffset="13" xadvance="24" page="0" chnl="15"/><char id="1025" x="427" y="460" width="47" height="74" xoffset="-1" yoffset="6" xadvance="41" page="0" chnl="15"/><char id="1040" x="152" y="367" width="57" height="62" xoffset="-5" yoffset="18" xadvance="46" page="0" chnl="15"/><char id="1041" x="321" y="634" width="50" height="62" xoffset="-1" yoffset="18" xadvance="45" page="0" chnl="15"/><char id="1042" x="321" y="445" width="51" height="62" xoffset="-1" yoffset="18" xadvance="46" page="0" chnl="15"/><char id="1043" x="524" y="580" width="46" height="62" xoffset="-1" yoffset="18" xadvance="41" page="0" chnl="15"/><char id="1044" x="85" y="177" width="64" height="75" xoffset="-5" yoffset="18" xadvance="54" page="0" chnl="15"/><char id="1045" x="524" y="0" width="47" height="62" xoffset="-1" yoffset="18" xadvance="41" page="0" chnl="15"/><char id="1046" x="0" y="0" width="84" height="62" xoffset="-5" yoffset="18" xadvance="74" page="0" chnl="15"/><char id="1047" x="321" y="126" width="51" height="64" xoffset="-3" yoffset="17" xadvance="45" page="0" chnl="15"/><char id="1048" x="211" y="587" width="54" height="62" xoffset="-2" yoffset="18" xadvance="50" page="0" chnl="15"/><char id="1049" x="211" y="256" width="54" height="77" xoffset="-2" yoffset="3" xadvance="50" page="0" chnl="15"/><char id="1050" x="211" y="650" width="54" height="62" xoffset="-1" yoffset="18" xadvance="47" page="0" chnl="15"/><char id="1051" x="152" y="430" width="57" height="62" xoffset="-4" yoffset="18" xadvance="51" page="0" chnl="15"/><char id="1052" x="85" y="114" width="65" height="62" xoffset="-1" yoffset="18" xadvance="62" page="0" chnl="15"/><char id="1053" x="268" y="0" width="54" height="62" xoffset="-1" yoffset="18" xadvance="51" page="0" chnl="15"/><char id="1054" x="211" y="191" width="55" height="64" xoffset="-2" yoffset="17" xadvance="49" page="0" chnl="15"/><char id="1055" x="268" y="63" width="54" height="62" xoffset="-1" yoffset="18" xadvance="51" page="0" chnl="15"/><char id="1056" x="267" y="573" width="52" height="62" xoffset="-1" yoffset="18" xadvance="47" page="0" chnl="15"/><char id="1057" x="267" y="445" width="52" height="64" xoffset="-2" yoffset="17" xadvance="46" page="0" chnl="15"/><char id="1058" x="376" y="0" width="50" height="62" xoffset="-4" yoffset="18" xadvance="41" page="0" chnl="15"/><char id="1059" x="211" y="0" width="56" height="63" xoffset="-5" yoffset="18" xadvance="46" page="0" chnl="15"/><char id="1060" x="0" y="517" width="67" height="67" xoffset="-3" yoffset="16" xadvance="60" page="0" chnl="15"/><char id="1061" x="152" y="493" width="57" height="62" xoffset="-5" yoffset="18" xadvance="46" page="0" chnl="15"/><char id="1062" x="85" y="468" width="62" height="74" xoffset="-2" yoffset="18" xadvance="55" page="0" chnl="15"/><char id="1063" x="267" y="254" width="53" height="62" xoffset="-1" yoffset="18" xadvance="50" page="0" chnl="15"/><char id="1064" x="0" y="377" width="72" height="62" xoffset="-1" yoffset="18" xadvance="69" page="0" chnl="15"/><char id="1065" x="0" y="63" width="80" height="74" xoffset="-1" yoffset="18" xadvance="75" page="0" chnl="15"/><char id="1066" x="85" y="253" width="64" height="62" xoffset="-4" yoffset="18" xadvance="56" page="0" chnl="15"/><char id="1067" x="0" y="585" width="66" height="62" xoffset="-1" yoffset="18" xadvance="63" page="0" chnl="15"/><char id="1068" x="376" y="63" width="50" height="62" xoffset="-1" yoffset="18" xadvance="45" page="0" chnl="15"/><char id="1069" x="321" y="191" width="51" height="64" xoffset="-4" yoffset="17" xadvance="44" page="0" chnl="15"/><char id="1070" x="0" y="312" width="72" height="64" xoffset="-1" yoffset="17" xadvance="70" page="0" chnl="15"/><char id="1071" x="267" y="317" width="53" height="62" xoffset="-8" yoffset="18" xadvance="42" page="0" chnl="15"/><char id="1072" x="524" y="115" width="47" height="51" xoffset="-4" yoffset="30" xadvance="39" page="0" chnl="15"/><char id="1073" x="376" y="126" width="49" height="67" xoffset="-3" yoffset="14" xadvance="42" page="0" chnl="15"/><char id="1074" x="572" y="258" width="46" height="49" xoffset="-1" yoffset="31" xadvance="41" page="0" chnl="15"/><char id="1075" x="619" y="141" width="39" height="49" xoffset="-2" yoffset="31" xadvance="31" page="0" chnl="15"/><char id="1076" x="211" y="64" width="56" height="61" xoffset="-4" yoffset="31" xadvance="47" page="0" chnl="15"/><char id="1077" x="572" y="52" width="46" height="51" xoffset="-3" yoffset="30" xadvance="39" page="0" chnl="15"/><char id="1078" x="0" y="201" width="74" height="49" xoffset="-4" yoffset="31" xadvance="65" page="0" chnl="15"/><char id="1079" x="572" y="623" width="45" height="51" xoffset="-3" yoffset="30" xadvance="38" page="0" chnl="15"/><char id="1080" x="572" y="308" width="46" height="49" xoffset="-2" yoffset="31" xadvance="41" page="0" chnl="15"/><char id="1081" x="524" y="384" width="46" height="66" xoffset="-2" yoffset="14" xadvance="41" page="0" chnl="15"/><char id="1082" x="376" y="257" width="49" height="49" xoffset="-1" yoffset="31" xadvance="42" page="0" chnl="15"/><char id="1083" x="376" y="307" width="49" height="49" xoffset="-5" yoffset="31" xadvance="41" page="0" chnl="15"/><char id="1084" x="152" y="65" width="58" height="49" xoffset="-1" yoffset="31" xadvance="55" page="0" chnl="15"/><char id="1085" x="572" y="358" width="46" height="49" xoffset="-2" yoffset="31" xadvance="41" page="0" chnl="15"/><char id="1086" x="427" y="179" width="48" height="51" xoffset="-3" yoffset="30" xadvance="41" page="0" chnl="15"/><char id="1087" x="572" y="408" width="46" height="49" xoffset="-2" yoffset="31" xadvance="41" page="0" chnl="15"/><char id="1088" x="476" y="198" width="47" height="65" xoffset="-2" yoffset="30" xadvance="41" page="0" chnl="15"/><char id="1089" x="572" y="104" width="46" height="51" xoffset="-4" yoffset="30" xadvance="37" page="0" chnl="15"/><char id="1090" x="524" y="167" width="47" height="49" xoffset="-4" yoffset="31" xadvance="38" page="0" chnl="15"/><char id="1091" x="376" y="619" width="48" height="64" xoffset="-5" yoffset="31" xadvance="37" page="0" chnl="15"/><char id="1092" x="85" y="593" width="60" height="81" xoffset="-3" yoffset="14" xadvance="53" page="0" chnl="15"/><char id="1093" x="427" y="331" width="48" height="49" xoffset="-5" yoffset="31" xadvance="37" page="0" chnl="15"/><char id="1094" x="323" y="0" width="52" height="60" xoffset="-2" yoffset="31" xadvance="45" page="0" chnl="15"/><char id="1095" x="572" y="458" width="46" height="49" xoffset="-2" yoffset="31" xadvance="41" page="0" chnl="15"/><char id="1096" x="85" y="316" width="64" height="49" xoffset="-2" yoffset="31" xadvance="60" page="0" chnl="15"/><char id="1097" x="0" y="251" width="73" height="60" xoffset="-2" yoffset="31" xadvance="67" page="0" chnl="15"/><char id="1098" x="152" y="556" width="57" height="49" xoffset="-4" yoffset="31" xadvance="49" page="0" chnl="15"/><char id="1099" x="85" y="366" width="64" height="49" xoffset="-1" yoffset="31" xadvance="61" page="0" chnl="15"/><char id="1100" x="524" y="217" width="47" height="49" xoffset="-1" yoffset="31" xadvance="41" page="0" chnl="15"/><char id="1101" x="619" y="0" width="45" height="51" xoffset="-3" yoffset="30" xadvance="37" page="0" chnl="15"/><char id="1102" x="85" y="416" width="63" height="51" xoffset="-1" yoffset="30" xadvance="58" page="0" chnl="15"/><char id="1103" x="524" y="267" width="47" height="49" xoffset="-4" yoffset="31" xadvance="41" page="0" chnl="15"/><char id="1105" x="524" y="451" width="46" height="64" xoffset="-3" yoffset="17" xadvance="39" page="0" chnl="15"/></chars><kernings count="1485"><kerning first="97" second="118" amount="-1"/><kerning first="97" second="121" amount="-1"/><kerning first="97" second="34" amount="-1"/><kerning first="97" second="39" amount="-1"/><kerning first="97" second="1090" amount="-1"/><kerning first="97" second="1091" amount="-1"/><kerning first="97" second="1100" amount="-1"/><kerning first="98" second="120" amount="-1"/><kerning first="98" second="122" amount="-1"/><kerning first="98" second="34" amount="-1"/><kerning first="98" second="39" amount="-1"/><kerning first="98" second="1076" amount="-1"/><kerning first="98" second="1078" amount="-1"/><kerning first="98" second="1090" amount="-1"/><kerning first="98" second="1093" amount="-1"/><kerning first="98" second="1100" amount="-1"/><kerning first="102" second="99" amount="-1"/><kerning first="102" second="100" amount="-1"/><kerning first="102" second="101" amount="-1"/><kerning first="102" second="103" amount="-1"/><kerning first="102" second="113" amount="-1"/><kerning first="102" second="41" amount="1"/><kerning first="102" second="34" amount="1"/><kerning first="102" second="39" amount="1"/><kerning first="102" second="125" amount="1"/><kerning first="102" second="93" amount="1"/><kerning first="102" second="1077" amount="-1"/><kerning first="102" second="1105" amount="-1"/><kerning first="102" second="1089" amount="-1"/><kerning first="102" second="1092" amount="-1"/><kerning first="104" second="34" amount="-1"/><kerning first="104" second="39" amount="-1"/><kerning first="107" second="99" amount="-1"/><kerning first="107" second="100" amount="-1"/><kerning first="107" second="101" amount="-1"/><kerning first="107" second="103" amount="-1"/><kerning first="107" second="113" amount="-1"/><kerning first="107" second="1077" amount="-1"/><kerning first="107" second="1105" amount="-1"/><kerning first="107" second="1089" amount="-1"/><kerning first="107" second="1092" amount="-1"/><kerning first="109" second="34" amount="-1"/><kerning first="109" second="39" amount="-1"/><kerning first="110" second="34" amount="-1"/><kerning first="110" second="39" amount="-1"/><kerning first="111" second="118" amount="-1"/><kerning first="111" second="120" amount="-1"/><kerning first="111" second="121" amount="-1"/><kerning first="111" second="122" amount="-1"/><kerning first="111" second="34" amount="-1"/><kerning first="111" second="39" amount="-1"/><kerning first="111" second="1076" amount="-2"/><kerning first="111" second="1078" amount="-1"/><kerning first="111" second="1083" amount="-1"/><kerning first="111" second="1090" amount="-1"/><kerning first="111" second="1091" amount="-1"/><kerning first="111" second="1093" amount="-1"/><kerning first="112" second="120" amount="-1"/><kerning first="112" second="122" amount="-1"/><kerning first="112" second="34" amount="-1"/><kerning first="112" second="39" amount="-1"/><kerning first="112" second="1076" amount="-1"/><kerning first="112" second="1078" amount="-1"/><kerning first="112" second="1090" amount="-1"/><kerning first="112" second="1093" amount="-1"/><kerning first="112" second="1100" amount="-1"/><kerning first="114" second="97" amount="-1"/><kerning first="114" second="99" amount="-1"/><kerning first="114" second="100" amount="-1"/><kerning first="114" second="101" amount="-1"/><kerning first="114" second="102" amount="1"/><kerning first="114" second="103" amount="-1"/><kerning first="114" second="111" amount="-1"/><kerning first="114" second="113" amount="-1"/><kerning first="114" second="116" amount="1"/><kerning first="114" second="118" amount="1"/><kerning first="114" second="119" amount="1"/><kerning first="114" second="121" amount="1"/><kerning first="114" second="46" amount="-6"/><kerning first="114" second="44" amount="-6"/><kerning first="114" second="34" amount="1"/><kerning first="114" second="39" amount="1"/><kerning first="114" second="1072" amount="-1"/><kerning first="114" second="1077" amount="-1"/><kerning first="114" second="1105" amount="-1"/><kerning first="114" second="1086" amount="-1"/><kerning first="114" second="1089" amount="-1"/><kerning first="114" second="1091" amount="1"/><kerning first="114" second="1092" amount="-1"/><kerning first="116" second="111" amount="-1"/><kerning first="116" second="1086" amount="-1"/><kerning first="118" second="97" amount="-1"/><kerning first="118" second="111" amount="-1"/><kerning first="118" second="46" amount="-6"/><kerning first="118" second="44" amount="-6"/><kerning first="118" second="34" amount="1"/><kerning first="118" second="39" amount="1"/><kerning first="118" second="1072" amount="-1"/><kerning first="118" second="1076" amount="-2"/><kerning first="118" second="1083" amount="-1"/><kerning first="118" second="1086" amount="-1"/><kerning first="119" second="46" amount="-4"/><kerning first="119" second="44" amount="-4"/><kerning first="120" second="99" amount="-1"/><kerning first="120" second="100" amount="-1"/><kerning first="120" second="101" amount="-1"/><kerning first="120" second="103" amount="-1"/><kerning first="120" second="111" amount="-1"/><kerning first="120" second="113" amount="-1"/><kerning first="120" second="1077" amount="-1"/><kerning first="120" second="1105" amount="-1"/><kerning first="120" second="1086" amount="-1"/><kerning first="120" second="1089" amount="-1"/><kerning first="120" second="1092" amount="-1"/><kerning first="121" second="97" amount="-1"/><kerning first="121" second="111" amount="-1"/><kerning first="121" second="46" amount="-6"/><kerning first="121" second="44" amount="-6"/><kerning first="121" second="34" amount="1"/><kerning first="121" second="39" amount="1"/><kerning first="121" second="1072" amount="-1"/><kerning first="121" second="1076" amount="-2"/><kerning first="121" second="1083" amount="-1"/><kerning first="121" second="1086" amount="-1"/><kerning first="122" second="99" amount="-1"/><kerning first="122" second="100" amount="-1"/><kerning first="122" second="101" amount="-1"/><kerning first="122" second="103" amount="-1"/><kerning first="122" second="111" amount="-1"/><kerning first="122" second="113" amount="-1"/><kerning first="122" second="1077" amount="-1"/><kerning first="122" second="1105" amount="-1"/><kerning first="122" second="1086" amount="-1"/><kerning first="122" second="1089" amount="-1"/><kerning first="122" second="1092" amount="-1"/><kerning first="65" second="109" amount="-2"/><kerning first="65" second="110" amount="-2"/><kerning first="65" second="112" amount="-2"/><kerning first="65" second="116" amount="-1"/><kerning first="65" second="118" amount="-2"/><kerning first="65" second="119" amount="-1"/><kerning first="65" second="121" amount="-2"/><kerning first="65" second="84" amount="-3"/><kerning first="65" second="85" amount="-1"/><kerning first="65" second="86" amount="-3"/><kerning first="65" second="87" amount="-1"/><kerning first="65" second="89" amount="-5"/><kerning first="65" second="63" amount="-3"/><kerning first="65" second="34" amount="-4"/><kerning first="65" second="39" amount="-4"/><kerning first="65" second="1075" amount="-2"/><kerning first="65" second="1044" amount="1"/><kerning first="65" second="1080" amount="-2"/><kerning first="65" second="1081" amount="-2"/><kerning first="65" second="1082" amount="-2"/><kerning first="65" second="1051" amount="1"/><kerning first="65" second="1083" amount="1"/><kerning first="65" second="1084" amount="-2"/><kerning first="65" second="1085" amount="-2"/><kerning first="65" second="1087" amount="-2"/><kerning first="65" second="1088" amount="-2"/><kerning first="65" second="1058" amount="-3"/><kerning first="65" second="1090" amount="-2"/><kerning first="65" second="1091" amount="-2"/><kerning first="65" second="1094" amount="-2"/><kerning first="65" second="1063" amount="-2"/><kerning first="65" second="1095" amount="-1"/><kerning first="65" second="1096" amount="-2"/><kerning first="65" second="1097" amount="-2"/><kerning first="65" second="1068" amount="-2"/><kerning first="65" second="1100" amount="-2"/><kerning first="65" second="1102" amount="-2"/><kerning first="66" second="84" amount="-1"/><kerning first="66" second="86" amount="-1"/><kerning first="66" second="89" amount="-2"/><kerning first="66" second="1058" amount="-1"/><kerning first="67" second="84" amount="-1"/><kerning first="67" second="41" amount="-1"/><kerning first="67" second="125" amount="-1"/><kerning first="67" second="1058" amount="-1"/><kerning first="68" second="65" amount="-1"/><kerning first="68" second="84" amount="-1"/><kerning first="68" second="86" amount="-1"/><kerning first="68" second="88" amount="-1"/><kerning first="68" second="89" amount="-1"/><kerning first="68" second="90" amount="-1"/><kerning first="68" second="46" amount="-4"/><kerning first="68" second="44" amount="-4"/><kerning first="68" second="1040" amount="-1"/><kerning first="68" second="1044" amount="-1"/><kerning first="68" second="1046" amount="-1"/><kerning first="68" second="1051" amount="-1"/><kerning first="68" second="1058" amount="-1"/><kerning first="68" second="1061" amount="-1"/><kerning first="68" second="1068" amount="-1"/><kerning first="69" second="99" amount="-1"/><kerning first="69" second="100" amount="-1"/><kerning first="69" second="101" amount="-1"/><kerning first="69" second="102" amount="-1"/><kerning first="69" second="103" amount="-1"/><kerning first="69" second="111" amount="-1"/><kerning first="69" second="113" amount="-1"/><kerning first="69" second="117" amount="-1"/><kerning first="69" second="118" amount="-1"/><kerning first="69" second="119" amount="-1"/><kerning first="69" second="121" amount="-1"/><kerning first="69" second="84" amount="1"/><kerning first="69" second="1077" amount="-1"/><kerning first="69" second="1105" amount="-1"/><kerning first="69" second="1086" amount="-1"/><kerning first="69" second="1089" amount="-1"/><kerning first="69" second="1058" amount="1"/><kerning first="69" second="1091" amount="-1"/><kerning first="69" second="1092" amount="-1"/><kerning first="70" second="97" amount="-1"/><kerning first="70" second="99" amount="-1"/><kerning first="70" second="100" amount="-1"/><kerning first="70" second="101" amount="-1"/><kerning first="70" second="103" amount="-1"/><kerning first="70" second="111" amount="-1"/><kerning first="70" second="113" amount="-1"/><kerning first="70" second="114" amount="-1"/><kerning first="70" second="117" amount="-1"/><kerning first="70" second="118" amount="-1"/><kerning first="70" second="121" amount="-1"/><kerning first="70" second="65" amount="-2"/><kerning first="70" second="74" amount="-7"/><kerning first="70" second="84" amount="1"/><kerning first="70" second="46" amount="-9"/><kerning first="70" second="44" amount="-9"/><kerning first="70" second="1040" amount="-2"/><kerning first="70" second="1072" amount="-1"/><kerning first="70" second="1077" amount="-1"/><kerning first="70" second="1105" amount="-1"/><kerning first="70" second="1086" amount="-1"/><kerning first="70" second="1089" amount="-1"/><kerning first="70" second="1058" amount="1"/><kerning first="70" second="1091" amount="-1"/><kerning first="70" second="1092" amount="-1"/><kerning first="72" second="65" amount="1"/><kerning first="72" second="84" amount="-1"/><kerning first="72" second="88" amount="1"/><kerning first="72" second="89" amount="-1"/><kerning first="72" second="1040" amount="1"/><kerning first="72" second="1044" amount="1"/><kerning first="72" second="1076" amount="1"/><kerning first="72" second="1046" amount="1"/><kerning first="72" second="1051" amount="1"/><kerning first="72" second="1083" amount="1"/><kerning first="72" second="1058" amount="-1"/><kerning first="72" second="1061" amount="1"/><kerning first="72" second="1063" amount="-1"/><kerning first="72" second="1095" amount="-1"/><kerning first="73" second="65" amount="1"/><kerning first="73" second="84" amount="-1"/><kerning first="73" second="88" amount="1"/><kerning first="73" second="89" amount="-1"/><kerning first="73" second="1040" amount="1"/><kerning first="73" second="1044" amount="1"/><kerning first="73" second="1076" amount="1"/><kerning first="73" second="1046" amount="1"/><kerning first="73" second="1051" amount="1"/><kerning first="73" second="1083" amount="1"/><kerning first="73" second="1058" amount="-1"/><kerning first="73" second="1061" amount="1"/><kerning first="73" second="1063" amount="-1"/><kerning first="73" second="1095" amount="-1"/><kerning first="74" second="65" amount="-1"/><kerning first="74" second="1040" amount="-1"/><kerning first="75" second="99" amount="-1"/><kerning first="75" second="100" amount="-1"/><kerning first="75" second="101" amount="-1"/><kerning first="75" second="103" amount="-1"/><kerning first="75" second="111" amount="-1"/><kerning first="75" second="113" amount="-1"/><kerning first="75" second="117" amount="-1"/><kerning first="75" second="118" amount="-1"/><kerning first="75" second="119" amount="-2"/><kerning first="75" second="121" amount="-1"/><kerning first="75" second="67" amount="-1"/><kerning first="75" second="71" amount="-1"/><kerning first="75" second="79" amount="-1"/><kerning first="75" second="81" amount="-1"/><kerning first="75" second="45" amount="-6"/><kerning first="75" second="1073" amount="-1"/><kerning first="75" second="1077" amount="-1"/><kerning first="75" second="1105" amount="-1"/><kerning first="75" second="1054" amount="-1"/><kerning first="75" second="1086" amount="-1"/><kerning first="75" second="1057" amount="-1"/><kerning first="75" second="1089" amount="-1"/><kerning first="75" second="1090" amount="-2"/><kerning first="75" second="1091" amount="-1"/><kerning first="75" second="1092" amount="-1"/><kerning first="75" second="1095" amount="-3"/><kerning first="75" second="1100" amount="-1"/><kerning first="76" second="118" amount="-4"/><kerning first="76" second="119" amount="-2"/><kerning first="76" second="121" amount="-4"/><kerning first="76" second="65" amount="1"/><kerning first="76" second="67" amount="-1"/><kerning first="76" second="71" amount="-1"/><kerning first="76" second="79" amount="-1"/><kerning first="76" second="81" amount="-1"/><kerning first="76" second="84" amount="-7"/><kerning first="76" second="85" amount="-1"/><kerning first="76" second="86" amount="-7"/><kerning first="76" second="87" amount="-3"/><kerning first="76" second="89" amount="-10"/><kerning first="76" second="34" amount="-9"/><kerning first="76" second="39" amount="-9"/><kerning first="76" second="1040" amount="1"/><kerning first="76" second="1054" amount="-1"/><kerning first="76" second="1057" amount="-1"/><kerning first="76" second="1058" amount="-7"/><kerning first="76" second="1091" amount="-4"/><kerning first="77" second="65" amount="1"/><kerning first="77" second="84" amount="-1"/><kerning first="77" second="88" amount="1"/><kerning first="77" second="89" amount="-1"/><kerning first="77" second="1040" amount="1"/><kerning first="77" second="1044" amount="1"/><kerning first="77" second="1076" amount="1"/><kerning first="77" second="1046" amount="1"/><kerning first="77" second="1051" amount="1"/><kerning first="77" second="1083" amount="1"/><kerning first="77" second="1058" amount="-1"/><kerning first="77" second="1061" amount="1"/><kerning first="77" second="1063" amount="-1"/><kerning first="77" second="1095" amount="-1"/><kerning first="78" second="65" amount="1"/><kerning first="78" second="84" amount="-1"/><kerning first="78" second="88" amount="1"/><kerning first="78" second="89" amount="-1"/><kerning first="78" second="1040" amount="1"/><kerning first="78" second="1044" amount="1"/><kerning first="78" second="1076" amount="1"/><kerning first="78" second="1046" amount="1"/><kerning first="78" second="1051" amount="1"/><kerning first="78" second="1083" amount="1"/><kerning first="78" second="1058" amount="-1"/><kerning first="78" second="1061" amount="1"/><kerning first="78" second="1063" amount="-1"/><kerning first="78" second="1095" amount="-1"/><kerning first="79" second="65" amount="-1"/><kerning first="79" second="84" amount="-1"/><kerning first="79" second="86" amount="-1"/><kerning first="79" second="88" amount="-1"/><kerning first="79" second="89" amount="-1"/><kerning first="79" second="90" amount="-1"/><kerning first="79" second="46" amount="-4"/><kerning first="79" second="44" amount="-4"/><kerning first="79" second="1040" amount="-1"/><kerning first="79" second="1044" amount="-1"/><kerning first="79" second="1046" amount="-1"/><kerning first="79" second="1051" amount="-1"/><kerning first="79" second="1058" amount="-1"/><kerning first="79" second="1061" amount="-1"/><kerning first="79" second="1068" amount="-1"/><kerning first="80" second="118" amount="1"/><kerning first="80" second="121" amount="1"/><kerning first="80" second="65" amount="-6"/><kerning first="80" second="74" amount="-6"/><kerning first="80" second="88" amount="-2"/><kerning first="80" second="90" amount="-1"/><kerning first="80" second="46" amount="-14"/><kerning first="80" second="44" amount="-14"/><kerning first="80" second="1040" amount="-6"/><kerning first="80" second="1044" amount="-8"/><kerning first="80" second="1076" amount="-6"/><kerning first="80" second="1046" amount="-2"/><kerning first="80" second="1051" amount="-5"/><kerning first="80" second="1083" amount="-3"/><kerning first="80" second="1091" amount="1"/><kerning first="80" second="1061" amount="-2"/><kerning first="81" second="84" amount="-1"/><kerning first="81" second="86" amount="-1"/><kerning first="81" second="87" amount="-1"/><kerning first="81" second="89" amount="-1"/><kerning first="81" second="1058" amount="-1"/><kerning first="82" second="84" amount="-2"/><kerning first="82" second="86" amount="-1"/><kerning first="82" second="89" amount="-2"/><kerning first="82" second="1058" amount="-2"/><kerning first="84" second="97" amount="-3"/><kerning first="84" second="99" amount="-3"/><kerning first="84" second="100" amount="-3"/><kerning first="84" second="101" amount="-3"/><kerning first="84" second="103" amount="-3"/><kerning first="84" second="109" amount="-3"/><kerning first="84" second="110" amount="-3"/><kerning first="84" second="111" amount="-3"/><kerning first="84" second="112" amount="-3"/><kerning first="84" second="113" amount="-3"/><kerning first="84" second="114" amount="-2"/><kerning first="84" second="115" amount="-3"/><kerning first="84" second="117" amount="-2"/><kerning first="84" second="118" amount="-3"/><kerning first="84" second="119" amount="-2"/><kerning first="84" second="120" amount="-3"/><kerning first="84" second="121" amount="-3"/><kerning first="84" second="122" amount="-2"/><kerning first="84" second="65" amount="-4"/><kerning first="84" second="67" amount="-1"/><kerning first="84" second="71" amount="-1"/><kerning first="84" second="74" amount="-7"/><kerning first="84" second="79" amount="-1"/><kerning first="84" second="81" amount="-1"/><kerning first="84" second="83" amount="-1"/><kerning first="84" second="84" amount="1"/><kerning first="84" second="86" amount="1"/><kerning first="84" second="87" amount="1"/><kerning first="84" second="89" amount="1"/><kerning first="84" second="45" amount="-9"/><kerning first="84" second="46" amount="-9"/><kerning first="84" second="44" amount="-9"/><kerning first="84" second="1040" amount="-4"/><kerning first="84" second="1072" amount="-3"/><kerning first="84" second="1073" amount="-1"/><kerning first="84" second="1074" amount="-3"/><kerning first="84" second="1075" amount="-3"/><kerning first="84" second="1044" amount="-3"/><kerning first="84" second="1076" amount="-5"/><kerning first="84" second="1077" amount="-3"/><kerning first="84" second="1105" amount="-3"/><kerning first="84" second="1078" amount="-3"/><kerning first="84" second="1079" amount="-4"/><kerning first="84" second="1080" amount="-3"/><kerning first="84" second="1081" amount="-3"/><kerning first="84" second="1082" amount="-3"/><kerning first="84" second="1051" amount="-2"/><kerning first="84" second="1083" amount="-4"/><kerning first="84" second="1084" amount="-3"/><kerning first="84" second="1085" amount="-3"/><kerning first="84" second="1054" amount="-1"/><kerning first="84" second="1086" amount="-3"/><kerning first="84" second="1087" amount="-3"/><kerning first="84" second="1088" amount="-3"/><kerning first="84" second="1057" amount="-1"/><kerning first="84" second="1089" amount="-3"/><kerning first="84" second="1058" amount="1"/><kerning first="84" second="1090" amount="-3"/><kerning first="84" second="1091" amount="-3"/><kerning first="84" second="1092" amount="-3"/><kerning first="84" second="1093" amount="-3"/><kerning first="84" second="1094" amount="-3"/><kerning first="84" second="1095" amount="-5"/><kerning first="84" second="1096" amount="-3"/><kerning first="84" second="1097" amount="-3"/><kerning first="84" second="1099" amount="-4"/><kerning first="84" second="1068" amount="1"/><kerning first="84" second="1100" amount="-3"/><kerning first="84" second="1101" amount="-4"/><kerning first="84" second="1102" amount="-3"/><kerning first="84" second="1103" amount="-5"/><kerning first="85" second="65" amount="-1"/><kerning first="85" second="1040" amount="-1"/><kerning first="86" second="97" amount="-2"/><kerning first="86" second="99" amount="-2"/><kerning first="86" second="100" amount="-2"/><kerning first="86" second="101" amount="-2"/><kerning first="86" second="103" amount="-2"/><kerning first="86" second="111" amount="-2"/><kerning first="86" second="113" amount="-2"/><kerning first="86" second="114" amount="-1"/><kerning first="86" second="117" amount="-1"/><kerning first="86" second="65" amount="-3"/><kerning first="86" second="41" amount="1"/><kerning first="86" second="45" amount="-5"/><kerning first="86" second="46" amount="-7"/><kerning first="86" second="44" amount="-7"/><kerning first="86" second="125" amount="1"/><kerning first="86" second="93" amount="1"/><kerning first="86" second="1040" amount="-3"/><kerning first="86" second="1072" amount="-2"/><kerning first="86" second="1077" amount="-2"/><kerning first="86" second="1105" amount="-2"/><kerning first="86" second="1086" amount="-2"/><kerning first="86" second="1089" amount="-2"/><kerning first="86" second="1092" amount="-2"/><kerning first="87" second="97" amount="-1"/><kerning first="87" second="99" amount="-1"/><kerning first="87" second="100" amount="-1"/><kerning first="87" second="101" amount="-1"/><kerning first="87" second="103" amount="-1"/><kerning first="87" second="111" amount="-1"/><kerning first="87" second="113" amount="-1"/><kerning first="87" second="114" amount="-1"/><kerning first="87" second="117" amount="-1"/><kerning first="87" second="65" amount="-1"/><kerning first="87" second="41" amount="1"/><kerning first="87" second="45" amount="-2"/><kerning first="87" second="46" amount="-5"/><kerning first="87" second="44" amount="-5"/><kerning first="87" second="1040" amount="-1"/><kerning first="87" second="1072" amount="-1"/><kerning first="87" second="1077" amount="-1"/><kerning first="87" second="1105" amount="-1"/><kerning first="87" second="1086" amount="-1"/><kerning first="87" second="1089" amount="-1"/><kerning first="87" second="1092" amount="-1"/><kerning first="88" second="99" amount="-1"/><kerning first="88" second="100" amount="-1"/><kerning first="88" second="101" amount="-1"/><kerning first="88" second="103" amount="-1"/><kerning first="88" second="111" amount="-1"/><kerning first="88" second="113" amount="-1"/><kerning first="88" second="117" amount="-1"/><kerning first="88" second="118" amount="-1"/><kerning first="88" second="121" amount="-1"/><kerning first="88" second="67" amount="-1"/><kerning first="88" second="71" amount="-1"/><kerning first="88" second="79" amount="-1"/><kerning first="88" second="81" amount="-1"/><kerning first="88" second="45" amount="-5"/><kerning first="88" second="1073" amount="-1"/><kerning first="88" second="1044" amount="1"/><kerning first="88" second="1077" amount="-1"/><kerning first="88" second="1105" amount="-1"/><kerning first="88" second="1051" amount="1"/><kerning first="88" second="1083" amount="1"/><kerning first="88" second="1054" amount="-1"/><kerning first="88" second="1086" amount="-1"/><kerning first="88" second="1057" amount="-1"/><kerning first="88" second="1089" amount="-1"/><kerning first="88" second="1090" amount="-1"/><kerning first="88" second="1091" amount="-1"/><kerning first="88" second="1092" amount="-1"/><kerning first="88" second="1095" amount="-2"/><kerning first="89" second="97" amount="-2"/><kerning first="89" second="99" amount="-2"/><kerning first="89" second="100" amount="-2"/><kerning first="89" second="101" amount="-2"/><kerning first="89" second="102" amount="-1"/><kerning first="89" second="103" amount="-2"/><kerning first="89" second="109" amount="-1"/><kerning first="89" second="110" amount="-1"/><kerning first="89" second="111" amount="-2"/><kerning first="89" second="112" amount="-1"/><kerning first="89" second="113" amount="-2"/><kerning first="89" second="114" amount="-1"/><kerning first="89" second="115" amount="-2"/><kerning first="89" second="116" amount="-1"/><kerning first="89" second="117" amount="-1"/><kerning first="89" second="118" amount="-1"/><kerning first="89" second="120" amount="-1"/><kerning first="89" second="121" amount="-1"/><kerning first="89" second="122" amount="-1"/><kerning first="89" second="65" amount="-5"/><kerning first="89" second="67" amount="-1"/><kerning first="89" second="71" amount="-1"/><kerning first="89" second="74" amount="-3"/><kerning first="89" second="79" amount="-1"/><kerning first="89" second="81" amount="-1"/><kerning first="89" second="83" amount="-1"/><kerning first="89" second="84" amount="1"/><kerning first="89" second="85" amount="-3"/><kerning first="89" second="86" amount="1"/><kerning first="89" second="87" amount="1"/><kerning first="89" second="89" amount="1"/><kerning first="89" second="42" amount="-2"/><kerning first="89" second="41" amount="1"/><kerning first="89" second="45" amount="-5"/><kerning first="89" second="46" amount="-8"/><kerning first="89" second="44" amount="-8"/><kerning first="89" second="38" amount="-1"/><kerning first="89" second="125" amount="1"/><kerning first="89" second="93" amount="1"/><kerning first="89" second="1040" amount="-5"/><kerning first="89" second="1072" amount="-2"/><kerning first="89" second="1075" amount="-1"/><kerning first="89" second="1077" amount="-2"/><kerning first="89" second="1105" amount="-2"/><kerning first="89" second="1078" amount="-1"/><kerning first="89" second="1080" amount="-1"/><kerning first="89" second="1081" amount="-1"/><kerning first="89" second="1082" amount="-1"/><kerning first="89" second="1084" amount="-1"/><kerning first="89" second="1085" amount="-1"/><kerning first="89" second="1054" amount="-1"/><kerning first="89" second="1086" amount="-2"/><kerning first="89" second="1087" amount="-1"/><kerning first="89" second="1088" amount="-1"/><kerning first="89" second="1057" amount="-1"/><kerning first="89" second="1089" amount="-2"/><kerning first="89" second="1058" amount="1"/><kerning first="89" second="1091" amount="-1"/><kerning first="89" second="1092" amount="-2"/><kerning first="89" second="1093" amount="-1"/><kerning first="89" second="1094" amount="-1"/><kerning first="89" second="1096" amount="-1"/><kerning first="89" second="1097" amount="-1"/><kerning first="89" second="1100" amount="-1"/><kerning first="89" second="1102" amount="-1"/><kerning first="90" second="99" amount="-1"/><kerning first="90" second="100" amount="-1"/><kerning first="90" second="101" amount="-1"/><kerning first="90" second="103" amount="-1"/><kerning first="90" second="111" amount="-1"/><kerning first="90" second="113" amount="-1"/><kerning first="90" second="117" amount="-1"/><kerning first="90" second="118" amount="-1"/><kerning first="90" second="119" amount="-1"/><kerning first="90" second="121" amount="-1"/><kerning first="90" second="67" amount="-1"/><kerning first="90" second="71" amount="-1"/><kerning first="90" second="79" amount="-1"/><kerning first="90" second="81" amount="-1"/><kerning first="90" second="1077" amount="-1"/><kerning first="90" second="1105" amount="-1"/><kerning first="90" second="1054" amount="-1"/><kerning first="90" second="1086" amount="-1"/><kerning first="90" second="1057" amount="-1"/><kerning first="90" second="1089" amount="-1"/><kerning first="90" second="1091" amount="-1"/><kerning first="90" second="1092" amount="-1"/><kerning first="40" second="86" amount="1"/><kerning first="40" second="87" amount="1"/><kerning first="40" second="89" amount="1"/><kerning first="46" second="34" amount="-10"/><kerning first="46" second="39" amount="-10"/><kerning first="44" second="34" amount="-10"/><kerning first="44" second="39" amount="-10"/><kerning first="47" second="47" amount="-8"/><kerning first="34" second="97" amount="-2"/><kerning first="34" second="99" amount="-2"/><kerning first="34" second="100" amount="-2"/><kerning first="34" second="101" amount="-2"/><kerning first="34" second="103" amount="-2"/><kerning first="34" second="109" amount="-1"/><kerning first="34" second="110" amount="-1"/><kerning first="34" second="111" amount="-3"/><kerning first="34" second="112" amount="-1"/><kerning first="34" second="113" amount="-2"/><kerning first="34" second="115" amount="-3"/><kerning first="34" second="65" amount="-4"/><kerning first="34" second="34" amount="-1"/><kerning first="34" second="39" amount="-1"/><kerning first="34" second="1040" amount="-4"/><kerning first="34" second="1072" amount="-2"/><kerning first="34" second="1075" amount="-1"/><kerning first="34" second="1077" amount="-2"/><kerning first="34" second="1105" amount="-2"/><kerning first="34" second="1080" amount="-1"/><kerning first="34" second="1081" amount="-1"/><kerning first="34" second="1082" amount="-1"/><kerning first="34" second="1084" amount="-1"/><kerning first="34" second="1085" amount="-1"/><kerning first="34" second="1086" amount="-3"/><kerning first="34" second="1087" amount="-1"/><kerning first="34" second="1088" amount="-1"/><kerning first="34" second="1089" amount="-2"/><kerning first="34" second="1092" amount="-2"/><kerning first="34" second="1094" amount="-1"/><kerning first="34" second="1096" amount="-1"/><kerning first="34" second="1097" amount="-1"/><kerning first="34" second="1100" amount="-1"/><kerning first="34" second="1102" amount="-1"/><kerning first="39" second="97" amount="-2"/><kerning first="39" second="99" amount="-2"/><kerning first="39" second="100" amount="-2"/><kerning first="39" second="101" amount="-2"/><kerning first="39" second="103" amount="-2"/><kerning first="39" second="109" amount="-1"/><kerning first="39" second="110" amount="-1"/><kerning first="39" second="111" amount="-3"/><kerning first="39" second="112" amount="-1"/><kerning first="39" second="113" amount="-2"/><kerning first="39" second="115" amount="-3"/><kerning first="39" second="65" amount="-4"/><kerning first="39" second="34" amount="-1"/><kerning first="39" second="39" amount="-1"/><kerning first="39" second="1040" amount="-4"/><kerning first="39" second="1072" amount="-2"/><kerning first="39" second="1075" amount="-1"/><kerning first="39" second="1077" amount="-2"/><kerning first="39" second="1105" amount="-2"/><kerning first="39" second="1080" amount="-1"/><kerning first="39" second="1081" amount="-1"/><kerning first="39" second="1082" amount="-1"/><kerning first="39" second="1084" amount="-1"/><kerning first="39" second="1085" amount="-1"/><kerning first="39" second="1086" amount="-3"/><kerning first="39" second="1087" amount="-1"/><kerning first="39" second="1088" amount="-1"/><kerning first="39" second="1089" amount="-2"/><kerning first="39" second="1092" amount="-2"/><kerning first="39" second="1094" amount="-1"/><kerning first="39" second="1096" amount="-1"/><kerning first="39" second="1097" amount="-1"/><kerning first="39" second="1100" amount="-1"/><kerning first="39" second="1102" amount="-1"/><kerning first="123" second="74" amount="-1"/><kerning first="123" second="85" amount="-1"/><kerning first="91" second="74" amount="-1"/><kerning first="91" second="85" amount="-1"/><kerning first="1040" second="109" amount="-2"/><kerning first="1040" second="110" amount="-2"/><kerning first="1040" second="112" amount="-2"/><kerning first="1040" second="116" amount="-1"/><kerning first="1040" second="118" amount="-2"/><kerning first="1040" second="119" amount="-1"/><kerning first="1040" second="121" amount="-2"/><kerning first="1040" second="84" amount="-3"/><kerning first="1040" second="85" amount="-1"/><kerning first="1040" second="86" amount="-3"/><kerning first="1040" second="87" amount="-1"/><kerning first="1040" second="89" amount="-5"/><kerning first="1040" second="63" amount="-3"/><kerning first="1040" second="34" amount="-4"/><kerning first="1040" second="39" amount="-4"/><kerning first="1040" second="1075" amount="-2"/><kerning first="1040" second="1044" amount="1"/><kerning first="1040" second="1080" amount="-2"/><kerning first="1040" second="1081" amount="-2"/><kerning first="1040" second="1082" amount="-2"/><kerning first="1040" second="1051" amount="1"/><kerning first="1040" second="1083" amount="1"/><kerning first="1040" second="1084" amount="-2"/><kerning first="1040" second="1085" amount="-2"/><kerning first="1040" second="1087" amount="-2"/><kerning first="1040" second="1088" amount="-2"/><kerning first="1040" second="1058" amount="-3"/><kerning first="1040" second="1090" amount="-2"/><kerning first="1040" second="1091" amount="-2"/><kerning first="1040" second="1094" amount="-2"/><kerning first="1040" second="1063" amount="-2"/><kerning first="1040" second="1095" amount="-1"/><kerning first="1040" second="1096" amount="-2"/><kerning first="1040" second="1097" amount="-2"/><kerning first="1040" second="1068" amount="-2"/><kerning first="1040" second="1100" amount="-2"/><kerning first="1040" second="1102" amount="-2"/><kerning first="1072" second="118" amount="-1"/><kerning first="1072" second="121" amount="-1"/><kerning first="1072" second="34" amount="-1"/><kerning first="1072" second="39" amount="-1"/><kerning first="1072" second="1090" amount="-1"/><kerning first="1072" second="1091" amount="-1"/><kerning first="1072" second="1100" amount="-1"/><kerning first="1041" second="109" amount="-1"/><kerning first="1041" second="110" amount="-1"/><kerning first="1041" second="112" amount="-1"/><kerning first="1041" second="120" amount="-1"/><kerning first="1041" second="84" amount="-1"/><kerning first="1041" second="86" amount="-1"/><kerning first="1041" second="89" amount="-1"/><kerning first="1041" second="1075" amount="-1"/><kerning first="1041" second="1078" amount="-1"/><kerning first="1041" second="1080" amount="-1"/><kerning first="1041" second="1081" amount="-1"/><kerning first="1041" second="1082" amount="-1"/><kerning first="1041" second="1084" amount="-1"/><kerning first="1041" second="1085" amount="-1"/><kerning first="1041" second="1087" amount="-1"/><kerning first="1041" second="1088" amount="-1"/><kerning first="1041" second="1058" amount="-1"/><kerning first="1041" second="1090" amount="-2"/><kerning first="1041" second="1059" amount="-1"/><kerning first="1041" second="1093" amount="-1"/><kerning first="1041" second="1094" amount="-1"/><kerning first="1041" second="1063" amount="-1"/><kerning first="1041" second="1096" amount="-1"/><kerning first="1041" second="1097" amount="-1"/><kerning first="1041" second="1068" amount="-1"/><kerning first="1041" second="1100" amount="-1"/><kerning first="1041" second="1102" amount="-1"/><kerning first="1073" second="109" amount="-1"/><kerning first="1073" second="110" amount="-1"/><kerning first="1073" second="112" amount="-1"/><kerning first="1073" second="120" amount="-1"/><kerning first="1073" second="1075" amount="-1"/><kerning first="1073" second="1076" amount="-1"/><kerning first="1073" second="1078" amount="-1"/><kerning first="1073" second="1080" amount="-1"/><kerning first="1073" second="1081" amount="-1"/><kerning first="1073" second="1082" amount="-1"/><kerning first="1073" second="1084" amount="-1"/><kerning first="1073" second="1085" amount="-1"/><kerning first="1073" second="1087" amount="-1"/><kerning first="1073" second="1088" amount="-1"/><kerning first="1073" second="1090" amount="-1"/><kerning first="1073" second="1093" amount="-1"/><kerning first="1073" second="1094" amount="-1"/><kerning first="1073" second="1096" amount="-1"/><kerning first="1073" second="1097" amount="-1"/><kerning first="1073" second="1100" amount="-1"/><kerning first="1073" second="1102" amount="-1"/><kerning first="1042" second="84" amount="-1"/><kerning first="1042" second="86" amount="-1"/><kerning first="1042" second="89" amount="-2"/><kerning first="1042" second="1058" amount="-1"/><kerning first="1043" second="97" amount="-6"/><kerning first="1043" second="99" amount="-6"/><kerning first="1043" second="100" amount="-6"/><kerning first="1043" second="101" amount="-6"/><kerning first="1043" second="103" amount="-6"/><kerning first="1043" second="109" amount="-6"/><kerning first="1043" second="110" amount="-6"/><kerning first="1043" second="111" amount="-5"/><kerning first="1043" second="112" amount="-6"/><kerning first="1043" second="113" amount="-6"/><kerning first="1043" second="114" amount="-4"/><kerning first="1043" second="115" amount="-5"/><kerning first="1043" second="117" amount="-4"/><kerning first="1043" second="118" amount="-5"/><kerning first="1043" second="119" amount="-3"/><kerning first="1043" second="120" amount="-5"/><kerning first="1043" second="121" amount="-5"/><kerning first="1043" second="122" amount="-4"/><kerning first="1043" second="65" amount="-7"/><kerning first="1043" second="67" amount="-2"/><kerning first="1043" second="71" amount="-2"/><kerning first="1043" second="79" amount="-2"/><kerning first="1043" second="81" amount="-2"/><kerning first="1043" second="83" amount="-2"/><kerning first="1043" second="45" amount="-16"/><kerning first="1043" second="46" amount="-16"/><kerning first="1043" second="44" amount="-16"/><kerning first="1043" second="1040" amount="-7"/><kerning first="1043" second="1072" amount="-6"/><kerning first="1043" second="1073" amount="-2"/><kerning first="1043" second="1074" amount="-6"/><kerning first="1043" second="1075" amount="-6"/><kerning first="1043" second="1044" amount="-5"/><kerning first="1043" second="1076" amount="-9"/><kerning first="1043" second="1077" amount="-6"/><kerning first="1043" second="1105" amount="-6"/><kerning first="1043" second="1078" amount="-5"/><kerning first="1043" second="1079" amount="-8"/><kerning first="1043" second="1080" amount="-6"/><kerning first="1043" second="1081" amount="-6"/><kerning first="1043" second="1082" amount="-6"/><kerning first="1043" second="1051" amount="-4"/><kerning first="1043" second="1083" amount="-8"/><kerning first="1043" second="1084" amount="-6"/><kerning first="1043" second="1085" amount="-6"/><kerning first="1043" second="1054" amount="-2"/><kerning first="1043" second="1086" amount="-5"/><kerning first="1043" second="1087" amount="-6"/><kerning first="1043" second="1088" amount="-6"/><kerning first="1043" second="1057" amount="-2"/><kerning first="1043" second="1089" amount="-6"/><kerning first="1043" second="1090" amount="-5"/><kerning first="1043" second="1091" amount="-5"/><kerning first="1043" second="1092" amount="-6"/><kerning first="1043" second="1093" amount="-5"/><kerning first="1043" second="1094" amount="-6"/><kerning first="1043" second="1095" amount="-8"/><kerning first="1043" second="1096" amount="-6"/><kerning first="1043" second="1097" amount="-6"/><kerning first="1043" second="1099" amount="-8"/><kerning first="1043" second="1100" amount="-5"/><kerning first="1043" second="1101" amount="-8"/><kerning first="1043" second="1102" amount="-6"/><kerning first="1043" second="1103" amount="-9"/><kerning first="1075" second="99" amount="-1"/><kerning first="1075" second="100" amount="-1"/><kerning first="1075" second="101" amount="-1"/><kerning first="1075" second="103" amount="-1"/><kerning first="1075" second="111" amount="-1"/><kerning first="1075" second="113" amount="-1"/><kerning first="1075" second="1076" amount="-5"/><kerning first="1075" second="1077" amount="-1"/><kerning first="1075" second="1105" amount="-1"/><kerning first="1075" second="1083" amount="-1"/><kerning first="1075" second="1086" amount="-1"/><kerning first="1075" second="1089" amount="-1"/><kerning first="1075" second="1092" amount="-1"/><kerning first="1044" second="65" amount="1"/><kerning first="1044" second="67" amount="-1"/><kerning first="1044" second="71" amount="-1"/><kerning first="1044" second="79" amount="-1"/><kerning first="1044" second="81" amount="-1"/><kerning first="1044" second="84" amount="-1"/><kerning first="1044" second="86" amount="-1"/><kerning first="1044" second="89" amount="-1"/><kerning first="1044" second="1040" amount="1"/><kerning first="1044" second="1044" amount="1"/><kerning first="1044" second="1076" amount="1"/><kerning first="1044" second="1051" amount="1"/><kerning first="1044" second="1083" amount="1"/><kerning first="1044" second="1054" amount="-1"/><kerning first="1044" second="1057" amount="-1"/><kerning first="1044" second="1058" amount="-1"/><kerning first="1044" second="1063" amount="-1"/><kerning first="1044" second="1095" amount="-1"/><kerning first="1044" second="1068" amount="-1"/><kerning first="1076" second="109" amount="-1"/><kerning first="1076" second="110" amount="-1"/><kerning first="1076" second="112" amount="-1"/><kerning first="1076" second="1075" amount="-1"/><kerning first="1076" second="1076" amount="1"/><kerning first="1076" second="1080" amount="-1"/><kerning first="1076" second="1081" amount="-1"/><kerning first="1076" second="1082" amount="-1"/><kerning first="1076" second="1084" amount="-1"/><kerning first="1076" second="1085" amount="-1"/><kerning first="1076" second="1087" amount="-1"/><kerning first="1076" second="1088" amount="-1"/><kerning first="1076" second="1090" amount="-1"/><kerning first="1076" second="1094" amount="-1"/><kerning first="1076" second="1095" amount="-1"/><kerning first="1076" second="1096" amount="-1"/><kerning first="1076" second="1097" amount="-1"/><kerning first="1076" second="1098" amount="-2"/><kerning first="1076" second="1100" amount="-1"/><kerning first="1076" second="1102" amount="-1"/><kerning first="1045" second="99" amount="-1"/><kerning first="1045" second="100" amount="-1"/><kerning first="1045" second="101" amount="-1"/><kerning first="1045" second="102" amount="-1"/><kerning first="1045" second="103" amount="-1"/><kerning first="1045" second="111" amount="-1"/><kerning first="1045" second="113" amount="-1"/><kerning first="1045" second="117" amount="-1"/><kerning first="1045" second="118" amount="-1"/><kerning first="1045" second="119" amount="-1"/><kerning first="1045" second="121" amount="-1"/><kerning first="1045" second="84" amount="1"/><kerning first="1045" second="1077" amount="-1"/><kerning first="1045" second="1105" amount="-1"/><kerning first="1045" second="1086" amount="-1"/><kerning first="1045" second="1089" amount="-1"/><kerning first="1045" second="1058" amount="1"/><kerning first="1045" second="1091" amount="-1"/><kerning first="1045" second="1092" amount="-1"/><kerning first="1025" second="99" amount="-1"/><kerning first="1025" second="100" amount="-1"/><kerning first="1025" second="101" amount="-1"/><kerning first="1025" second="102" amount="-1"/><kerning first="1025" second="103" amount="-1"/><kerning first="1025" second="111" amount="-1"/><kerning first="1025" second="113" amount="-1"/><kerning first="1025" second="117" amount="-1"/><kerning first="1025" second="118" amount="-1"/><kerning first="1025" second="119" amount="-1"/><kerning first="1025" second="121" amount="-1"/><kerning first="1025" second="84" amount="1"/><kerning first="1025" second="1077" amount="-1"/><kerning first="1025" second="1105" amount="-1"/><kerning first="1025" second="1086" amount="-1"/><kerning first="1025" second="1089" amount="-1"/><kerning first="1025" second="1058" amount="1"/><kerning first="1025" second="1091" amount="-1"/><kerning first="1025" second="1092" amount="-1"/><kerning first="1046" second="99" amount="-1"/><kerning first="1046" second="100" amount="-1"/><kerning first="1046" second="101" amount="-1"/><kerning first="1046" second="103" amount="-1"/><kerning first="1046" second="111" amount="-1"/><kerning first="1046" second="113" amount="-1"/><kerning first="1046" second="117" amount="-1"/><kerning first="1046" second="118" amount="-1"/><kerning first="1046" second="121" amount="-1"/><kerning first="1046" second="67" amount="-1"/><kerning first="1046" second="71" amount="-1"/><kerning first="1046" second="79" amount="-1"/><kerning first="1046" second="81" amount="-1"/><kerning first="1046" second="45" amount="-5"/><kerning first="1046" second="1073" amount="-1"/><kerning first="1046" second="1044" amount="1"/><kerning first="1046" second="1077" amount="-1"/><kerning first="1046" second="1105" amount="-1"/><kerning first="1046" second="1051" amount="1"/><kerning first="1046" second="1083" amount="1"/><kerning first="1046" second="1054" amount="-1"/><kerning first="1046" second="1086" amount="-1"/><kerning first="1046" second="1057" amount="-1"/><kerning first="1046" second="1089" amount="-1"/><kerning first="1046" second="1090" amount="-1"/><kerning first="1046" second="1091" amount="-1"/><kerning first="1046" second="1092" amount="-1"/><kerning first="1046" second="1095" amount="-2"/><kerning first="1078" second="99" amount="-1"/><kerning first="1078" second="100" amount="-1"/><kerning first="1078" second="101" amount="-1"/><kerning first="1078" second="103" amount="-1"/><kerning first="1078" second="111" amount="-1"/><kerning first="1078" second="113" amount="-1"/><kerning first="1078" second="1077" amount="-1"/><kerning first="1078" second="1105" amount="-1"/><kerning first="1078" second="1086" amount="-1"/><kerning first="1078" second="1089" amount="-1"/><kerning first="1078" second="1092" amount="-1"/><kerning first="1047" second="84" amount="-1"/><kerning first="1047" second="89" amount="-1"/><kerning first="1047" second="1058" amount="-1"/><kerning first="1047" second="1068" amount="-1"/><kerning first="1048" second="65" amount="1"/><kerning first="1048" second="84" amount="-1"/><kerning first="1048" second="88" amount="1"/><kerning first="1048" second="89" amount="-1"/><kerning first="1048" second="1040" amount="1"/><kerning first="1048" second="1044" amount="1"/><kerning first="1048" second="1076" amount="1"/><kerning first="1048" second="1046" amount="1"/><kerning first="1048" second="1051" amount="1"/><kerning first="1048" second="1083" amount="1"/><kerning first="1048" second="1058" amount="-1"/><kerning first="1048" second="1061" amount="1"/><kerning first="1048" second="1063" amount="-1"/><kerning first="1048" second="1095" amount="-1"/><kerning first="1050" second="99" amount="-1"/><kerning first="1050" second="100" amount="-1"/><kerning first="1050" second="101" amount="-1"/><kerning first="1050" second="103" amount="-1"/><kerning first="1050" second="111" amount="-1"/><kerning first="1050" second="113" amount="-1"/><kerning first="1050" second="117" amount="-1"/><kerning first="1050" second="118" amount="-1"/><kerning first="1050" second="119" amount="-2"/><kerning first="1050" second="121" amount="-1"/><kerning first="1050" second="67" amount="-1"/><kerning first="1050" second="71" amount="-1"/><kerning first="1050" second="79" amount="-1"/><kerning first="1050" second="81" amount="-1"/><kerning first="1050" second="45" amount="-6"/><kerning first="1050" second="1073" amount="-1"/><kerning first="1050" second="1077" amount="-1"/><kerning first="1050" second="1105" amount="-1"/><kerning first="1050" second="1054" amount="-1"/><kerning first="1050" second="1086" amount="-1"/><kerning first="1050" second="1057" amount="-1"/><kerning first="1050" second="1089" amount="-1"/><kerning first="1050" second="1090" amount="-2"/><kerning first="1050" second="1091" amount="-1"/><kerning first="1050" second="1092" amount="-1"/><kerning first="1050" second="1095" amount="-3"/><kerning first="1050" second="1100" amount="-1"/><kerning first="1082" second="99" amount="-1"/><kerning first="1082" second="100" amount="-1"/><kerning first="1082" second="101" amount="-1"/><kerning first="1082" second="103" amount="-1"/><kerning first="1082" second="111" amount="-2"/><kerning first="1082" second="113" amount="-1"/><kerning first="1082" second="1077" amount="-1"/><kerning first="1082" second="1105" amount="-1"/><kerning first="1082" second="1086" amount="-2"/><kerning first="1082" second="1089" amount="-1"/><kerning first="1082" second="1092" amount="-1"/><kerning first="1051" second="65" amount="1"/><kerning first="1051" second="84" amount="-1"/><kerning first="1051" second="88" amount="1"/><kerning first="1051" second="89" amount="-1"/><kerning first="1051" second="1040" amount="1"/><kerning first="1051" second="1044" amount="1"/><kerning first="1051" second="1076" amount="1"/><kerning first="1051" second="1046" amount="1"/><kerning first="1051" second="1051" amount="1"/><kerning first="1051" second="1083" amount="1"/><kerning first="1051" second="1058" amount="-1"/><kerning first="1051" second="1061" amount="1"/><kerning first="1051" second="1063" amount="-1"/><kerning first="1051" second="1095" amount="-1"/><kerning first="1052" second="65" amount="1"/><kerning first="1052" second="84" amount="-1"/><kerning first="1052" second="88" amount="1"/><kerning first="1052" second="89" amount="-1"/><kerning first="1052" second="1040" amount="1"/><kerning first="1052" second="1044" amount="1"/><kerning first="1052" second="1076" amount="1"/><kerning first="1052" second="1046" amount="1"/><kerning first="1052" second="1051" amount="1"/><kerning first="1052" second="1083" amount="1"/><kerning first="1052" second="1058" amount="-1"/><kerning first="1052" second="1061" amount="1"/><kerning first="1052" second="1063" amount="-1"/><kerning first="1052" second="1095" amount="-1"/><kerning first="1053" second="65" amount="1"/><kerning first="1053" second="84" amount="-1"/><kerning first="1053" second="88" amount="1"/><kerning first="1053" second="89" amount="-1"/><kerning first="1053" second="1040" amount="1"/><kerning first="1053" second="1044" amount="1"/><kerning first="1053" second="1076" amount="1"/><kerning first="1053" second="1046" amount="1"/><kerning first="1053" second="1051" amount="1"/><kerning first="1053" second="1083" amount="1"/><kerning first="1053" second="1058" amount="-1"/><kerning first="1053" second="1061" amount="1"/><kerning first="1053" second="1063" amount="-1"/><kerning first="1053" second="1095" amount="-1"/><kerning first="1054" second="65" amount="-1"/><kerning first="1054" second="84" amount="-1"/><kerning first="1054" second="86" amount="-1"/><kerning first="1054" second="88" amount="-1"/><kerning first="1054" second="89" amount="-1"/><kerning first="1054" second="90" amount="-1"/><kerning first="1054" second="46" amount="-4"/><kerning first="1054" second="44" amount="-4"/><kerning first="1054" second="1040" amount="-1"/><kerning first="1054" second="1044" amount="-1"/><kerning first="1054" second="1046" amount="-1"/><kerning first="1054" second="1051" amount="-1"/><kerning first="1054" second="1058" amount="-1"/><kerning first="1054" second="1061" amount="-1"/><kerning first="1054" second="1068" amount="-1"/><kerning first="1086" second="118" amount="-1"/><kerning first="1086" second="120" amount="-1"/><kerning first="1086" second="121" amount="-1"/><kerning first="1086" second="122" amount="-1"/><kerning first="1086" second="34" amount="-1"/><kerning first="1086" second="39" amount="-1"/><kerning first="1086" second="1076" amount="-2"/><kerning first="1086" second="1078" amount="-1"/><kerning first="1086" second="1083" amount="-1"/><kerning first="1086" second="1090" amount="-1"/><kerning first="1086" second="1091" amount="-1"/><kerning first="1086" second="1093" amount="-1"/><kerning first="1056" second="118" amount="1"/><kerning first="1056" second="121" amount="1"/><kerning first="1056" second="65" amount="-6"/><kerning first="1056" second="74" amount="-6"/><kerning first="1056" second="88" amount="-2"/><kerning first="1056" second="90" amount="-1"/><kerning first="1056" second="46" amount="-14"/><kerning first="1056" second="44" amount="-14"/><kerning first="1056" second="1040" amount="-6"/><kerning first="1056" second="1044" amount="-8"/><kerning first="1056" second="1076" amount="-6"/><kerning first="1056" second="1046" amount="-2"/><kerning first="1056" second="1051" amount="-5"/><kerning first="1056" second="1083" amount="-3"/><kerning first="1056" second="1091" amount="1"/><kerning first="1056" second="1061" amount="-2"/><kerning first="1088" second="120" amount="-1"/><kerning first="1088" second="122" amount="-1"/><kerning first="1088" second="34" amount="-1"/><kerning first="1088" second="39" amount="-1"/><kerning first="1088" second="1076" amount="-1"/><kerning first="1088" second="1078" amount="-1"/><kerning first="1088" second="1090" amount="-1"/><kerning first="1088" second="1093" amount="-1"/><kerning first="1088" second="1100" amount="-1"/><kerning first="1057" second="84" amount="-1"/><kerning first="1057" second="41" amount="-1"/><kerning first="1057" second="125" amount="-1"/><kerning first="1057" second="1058" amount="-1"/><kerning first="1058" second="97" amount="-3"/><kerning first="1058" second="99" amount="-3"/><kerning first="1058" second="100" amount="-3"/><kerning first="1058" second="101" amount="-3"/><kerning first="1058" second="103" amount="-3"/><kerning first="1058" second="109" amount="-3"/><kerning first="1058" second="110" amount="-3"/><kerning first="1058" second="111" amount="-3"/><kerning first="1058" second="112" amount="-3"/><kerning first="1058" second="113" amount="-3"/><kerning first="1058" second="114" amount="-2"/><kerning first="1058" second="115" amount="-3"/><kerning first="1058" second="117" amount="-2"/><kerning first="1058" second="118" amount="-3"/><kerning first="1058" second="119" amount="-2"/><kerning first="1058" second="120" amount="-3"/><kerning first="1058" second="121" amount="-3"/><kerning first="1058" second="122" amount="-2"/><kerning first="1058" second="65" amount="-4"/><kerning first="1058" second="67" amount="-1"/><kerning first="1058" second="71" amount="-1"/><kerning first="1058" second="74" amount="-7"/><kerning first="1058" second="79" amount="-1"/><kerning first="1058" second="81" amount="-1"/><kerning first="1058" second="83" amount="-1"/><kerning first="1058" second="84" amount="1"/><kerning first="1058" second="86" amount="1"/><kerning first="1058" second="87" amount="1"/><kerning first="1058" second="89" amount="1"/><kerning first="1058" second="45" amount="-9"/><kerning first="1058" second="46" amount="-9"/><kerning first="1058" second="44" amount="-9"/><kerning first="1058" second="1040" amount="-4"/><kerning first="1058" second="1072" amount="-3"/><kerning first="1058" second="1073" amount="-1"/><kerning first="1058" second="1074" amount="-3"/><kerning first="1058" second="1075" amount="-3"/><kerning first="1058" second="1044" amount="-3"/><kerning first="1058" second="1076" amount="-5"/><kerning first="1058" second="1077" amount="-3"/><kerning first="1058" second="1105" amount="-3"/><kerning first="1058" second="1078" amount="-3"/><kerning first="1058" second="1079" amount="-4"/><kerning first="1058" second="1080" amount="-3"/><kerning first="1058" second="1081" amount="-3"/><kerning first="1058" second="1082" amount="-3"/><kerning first="1058" second="1051" amount="-2"/><kerning first="1058" second="1083" amount="-4"/><kerning first="1058" second="1084" amount="-3"/><kerning first="1058" second="1085" amount="-3"/><kerning first="1058" second="1054" amount="-1"/><kerning first="1058" second="1086" amount="-3"/><kerning first="1058" second="1087" amount="-3"/><kerning first="1058" second="1088" amount="-3"/><kerning first="1058" second="1057" amount="-1"/><kerning first="1058" second="1089" amount="-3"/><kerning first="1058" second="1058" amount="1"/><kerning first="1058" second="1090" amount="-3"/><kerning first="1058" second="1091" amount="-3"/><kerning first="1058" second="1092" amount="-3"/><kerning first="1058" second="1093" amount="-3"/><kerning first="1058" second="1094" amount="-3"/><kerning first="1058" second="1095" amount="-5"/><kerning first="1058" second="1096" amount="-3"/><kerning first="1058" second="1097" amount="-3"/><kerning first="1058" second="1099" amount="-4"/><kerning first="1058" second="1068" amount="1"/><kerning first="1058" second="1100" amount="-3"/><kerning first="1058" second="1101" amount="-4"/><kerning first="1058" second="1102" amount="-3"/><kerning first="1058" second="1103" amount="-5"/><kerning first="1090" second="97" amount="-1"/><kerning first="1090" second="99" amount="-1"/><kerning first="1090" second="100" amount="-1"/><kerning first="1090" second="101" amount="-1"/><kerning first="1090" second="103" amount="-1"/><kerning first="1090" second="111" amount="-1"/><kerning first="1090" second="113" amount="-1"/><kerning first="1090" second="1072" amount="-1"/><kerning first="1090" second="1076" amount="-2"/><kerning first="1090" second="1077" amount="-1"/><kerning first="1090" second="1105" amount="-1"/><kerning first="1090" second="1083" amount="-1"/><kerning first="1090" second="1086" amount="-1"/><kerning first="1090" second="1089" amount="-1"/><kerning first="1090" second="1092" amount="-1"/><kerning first="1059" second="97" amount="-3"/><kerning first="1059" second="99" amount="-2"/><kerning first="1059" second="100" amount="-2"/><kerning first="1059" second="101" amount="-2"/><kerning first="1059" second="103" amount="-2"/><kerning first="1059" second="109" amount="-3"/><kerning first="1059" second="110" amount="-3"/><kerning first="1059" second="111" amount="-2"/><kerning first="1059" second="112" amount="-3"/><kerning first="1059" second="113" amount="-2"/><kerning first="1059" second="115" amount="-2"/><kerning first="1059" second="65" amount="-3"/><kerning first="1059" second="67" amount="-1"/><kerning first="1059" second="71" amount="-1"/><kerning first="1059" second="79" amount="-1"/><kerning first="1059" second="81" amount="-1"/><kerning first="1059" second="84" amount="1"/><kerning first="1059" second="89" amount="1"/><kerning first="1059" second="45" amount="-7"/><kerning first="1059" second="46" amount="-13"/><kerning first="1059" second="44" amount="-13"/><kerning first="1059" second="1040" amount="-3"/><kerning first="1059" second="1072" amount="-3"/><kerning first="1059" second="1074" amount="-1"/><kerning first="1059" second="1075" amount="-3"/><kerning first="1059" second="1044" amount="-3"/><kerning first="1059" second="1076" amount="-3"/><kerning first="1059" second="1077" amount="-2"/><kerning first="1059" second="1105" amount="-2"/><kerning first="1059" second="1079" amount="-1"/><kerning first="1059" second="1080" amount="-3"/><kerning first="1059" second="1081" amount="-3"/><kerning first="1059" second="1082" amount="-3"/><kerning first="1059" second="1051" amount="-2"/><kerning first="1059" second="1083" amount="-2"/><kerning first="1059" second="1084" amount="-3"/><kerning first="1059" second="1085" amount="-3"/><kerning first="1059" second="1054" amount="-1"/><kerning first="1059" second="1086" amount="-2"/><kerning first="1059" second="1087" amount="-3"/><kerning first="1059" second="1088" amount="-3"/><kerning first="1059" second="1057" amount="-1"/><kerning first="1059" second="1089" amount="-2"/><kerning first="1059" second="1058" amount="1"/><kerning first="1059" second="1092" amount="-2"/><kerning first="1059" second="1094" amount="-3"/><kerning first="1059" second="1095" amount="-1"/><kerning first="1059" second="1096" amount="-3"/><kerning first="1059" second="1097" amount="-3"/><kerning first="1059" second="1099" amount="-1"/><kerning first="1059" second="1068" amount="1"/><kerning first="1059" second="1100" amount="-3"/><kerning first="1059" second="1102" amount="-3"/><kerning first="1059" second="1103" amount="-2"/><kerning first="1091" second="97" amount="-1"/><kerning first="1091" second="111" amount="-1"/><kerning first="1091" second="46" amount="-6"/><kerning first="1091" second="44" amount="-6"/><kerning first="1091" second="34" amount="1"/><kerning first="1091" second="39" amount="1"/><kerning first="1091" second="1072" amount="-1"/><kerning first="1091" second="1076" amount="-2"/><kerning first="1091" second="1083" amount="-1"/><kerning first="1091" second="1086" amount="-1"/><kerning first="1092" second="120" amount="-1"/><kerning first="1092" second="122" amount="-1"/><kerning first="1092" second="34" amount="-1"/><kerning first="1092" second="39" amount="-1"/><kerning first="1092" second="1076" amount="-1"/><kerning first="1092" second="1078" amount="-1"/><kerning first="1092" second="1090" amount="-1"/><kerning first="1092" second="1093" amount="-1"/><kerning first="1092" second="1100" amount="-1"/><kerning first="1061" second="99" amount="-1"/><kerning first="1061" second="100" amount="-1"/><kerning first="1061" second="101" amount="-1"/><kerning first="1061" second="103" amount="-1"/><kerning first="1061" second="111" amount="-1"/><kerning first="1061" second="113" amount="-1"/><kerning first="1061" second="117" amount="-1"/><kerning first="1061" second="118" amount="-1"/><kerning first="1061" second="121" amount="-1"/><kerning first="1061" second="67" amount="-1"/><kerning first="1061" second="71" amount="-1"/><kerning first="1061" second="79" amount="-1"/><kerning first="1061" second="81" amount="-1"/><kerning first="1061" second="45" amount="-5"/><kerning first="1061" second="1073" amount="-1"/><kerning first="1061" second="1044" amount="1"/><kerning first="1061" second="1077" amount="-1"/><kerning first="1061" second="1105" amount="-1"/><kerning first="1061" second="1051" amount="1"/><kerning first="1061" second="1083" amount="1"/><kerning first="1061" second="1054" amount="-1"/><kerning first="1061" second="1086" amount="-1"/><kerning first="1061" second="1057" amount="-1"/><kerning first="1061" second="1089" amount="-1"/><kerning first="1061" second="1090" amount="-1"/><kerning first="1061" second="1091" amount="-1"/><kerning first="1061" second="1092" amount="-1"/><kerning first="1061" second="1095" amount="-2"/><kerning first="1093" second="99" amount="-1"/><kerning first="1093" second="100" amount="-1"/><kerning first="1093" second="101" amount="-1"/><kerning first="1093" second="103" amount="-1"/><kerning first="1093" second="111" amount="-1"/><kerning first="1093" second="113" amount="-1"/><kerning first="1093" second="1077" amount="-1"/><kerning first="1093" second="1105" amount="-1"/><kerning first="1093" second="1086" amount="-1"/><kerning first="1093" second="1089" amount="-1"/><kerning first="1093" second="1092" amount="-1"/><kerning first="1062" second="65" amount="1"/><kerning first="1062" second="84" amount="-1"/><kerning first="1062" second="88" amount="1"/><kerning first="1062" second="89" amount="-1"/><kerning first="1062" second="1040" amount="1"/><kerning first="1062" second="1044" amount="1"/><kerning first="1062" second="1076" amount="1"/><kerning first="1062" second="1046" amount="1"/><kerning first="1062" second="1051" amount="1"/><kerning first="1062" second="1083" amount="1"/><kerning first="1062" second="1058" amount="-1"/><kerning first="1062" second="1061" amount="1"/><kerning first="1062" second="1063" amount="-1"/><kerning first="1062" second="1095" amount="-1"/><kerning first="1094" second="1076" amount="1"/><kerning first="1094" second="1083" amount="1"/><kerning first="1094" second="1090" amount="-1"/><kerning first="1094" second="1095" amount="-1"/><kerning first="1094" second="1100" amount="-1"/><kerning first="1094" second="1103" amount="1"/><kerning first="1064" second="65" amount="1"/><kerning first="1064" second="84" amount="-1"/><kerning first="1064" second="88" amount="1"/><kerning first="1064" second="89" amount="-1"/><kerning first="1064" second="1040" amount="1"/><kerning first="1064" second="1044" amount="1"/><kerning first="1064" second="1076" amount="1"/><kerning first="1064" second="1046" amount="1"/><kerning first="1064" second="1051" amount="1"/><kerning first="1064" second="1083" amount="1"/><kerning first="1064" second="1058" amount="-1"/><kerning first="1064" second="1061" amount="1"/><kerning first="1064" second="1063" amount="-1"/><kerning first="1064" second="1095" amount="-1"/><kerning first="1065" second="65" amount="1"/><kerning first="1065" second="84" amount="-1"/><kerning first="1065" second="86" amount="-1"/><kerning first="1065" second="89" amount="-1"/><kerning first="1065" second="1040" amount="1"/><kerning first="1065" second="1044" amount="1"/><kerning first="1065" second="1076" amount="1"/><kerning first="1065" second="1083" amount="1"/><kerning first="1065" second="1058" amount="-1"/><kerning first="1065" second="1090" amount="-1"/><kerning first="1065" second="1063" amount="-1"/><kerning first="1065" second="1095" amount="-1"/><kerning first="1065" second="1068" amount="-1"/><kerning first="1065" second="1100" amount="-1"/><kerning first="1097" second="99" amount="-1"/><kerning first="1097" second="100" amount="-1"/><kerning first="1097" second="101" amount="-1"/><kerning first="1097" second="103" amount="-1"/><kerning first="1097" second="113" amount="-1"/><kerning first="1097" second="1076" amount="1"/><kerning first="1097" second="1077" amount="-1"/><kerning first="1097" second="1105" amount="-1"/><kerning first="1097" second="1089" amount="-1"/><kerning first="1097" second="1090" amount="-1"/><kerning first="1097" second="1092" amount="-1"/><kerning first="1097" second="1095" amount="-1"/><kerning first="1097" second="1098" amount="-2"/><kerning first="1097" second="1100" amount="-1"/><kerning first="1066" second="120" amount="-2"/><kerning first="1066" second="84" amount="-3"/><kerning first="1066" second="86" amount="-2"/><kerning first="1066" second="89" amount="-3"/><kerning first="1066" second="34" amount="-2"/><kerning first="1066" second="39" amount="-2"/><kerning first="1066" second="1078" amount="-2"/><kerning first="1066" second="1058" amount="-3"/><kerning first="1066" second="1090" amount="-2"/><kerning first="1066" second="1059" amount="-1"/><kerning first="1066" second="1093" amount="-2"/><kerning first="1066" second="1063" amount="-1"/><kerning first="1066" second="1068" amount="-2"/><kerning first="1066" second="1100" amount="-1"/><kerning first="1098" second="118" amount="-2"/><kerning first="1098" second="120" amount="-1"/><kerning first="1098" second="121" amount="-2"/><kerning first="1098" second="34" amount="-5"/><kerning first="1098" second="39" amount="-5"/><kerning first="1098" second="1078" amount="-1"/><kerning first="1098" second="1090" amount="-4"/><kerning first="1098" second="1091" amount="-2"/><kerning first="1098" second="1093" amount="-1"/><kerning first="1098" second="1095" amount="-1"/><kerning first="1098" second="1100" amount="-1"/><kerning first="1068" second="120" amount="-2"/><kerning first="1068" second="84" amount="-3"/><kerning first="1068" second="86" amount="-2"/><kerning first="1068" second="89" amount="-3"/><kerning first="1068" second="34" amount="-2"/><kerning first="1068" second="39" amount="-2"/><kerning first="1068" second="1078" amount="-2"/><kerning first="1068" second="1058" amount="-3"/><kerning first="1068" second="1090" amount="-2"/><kerning first="1068" second="1059" amount="-1"/><kerning first="1068" second="1093" amount="-2"/><kerning first="1068" second="1063" amount="-1"/><kerning first="1068" second="1068" amount="-2"/><kerning first="1068" second="1100" amount="-2"/><kerning first="1100" second="118" amount="-3"/><kerning first="1100" second="120" amount="-1"/><kerning first="1100" second="121" amount="-3"/><kerning first="1100" second="34" amount="-5"/><kerning first="1100" second="39" amount="-5"/><kerning first="1100" second="1078" amount="-1"/><kerning first="1100" second="1090" amount="-5"/><kerning first="1100" second="1091" amount="-3"/><kerning first="1100" second="1093" amount="-1"/><kerning first="1100" second="1095" amount="-1"/><kerning first="1100" second="1100" amount="-2"/><kerning first="1069" second="84" amount="-1"/><kerning first="1069" second="88" amount="-1"/><kerning first="1069" second="89" amount="-1"/><kerning first="1069" second="1044" amount="-1"/><kerning first="1069" second="1046" amount="-1"/><kerning first="1069" second="1051" amount="-1"/><kerning first="1069" second="1083" amount="-1"/><kerning first="1069" second="1058" amount="-1"/><kerning first="1069" second="1059" amount="-1"/><kerning first="1069" second="1061" amount="-1"/><kerning first="1101" second="120" amount="-1"/><kerning first="1101" second="122" amount="-1"/><kerning first="1101" second="34" amount="-1"/><kerning first="1101" second="39" amount="-1"/><kerning first="1101" second="1076" amount="-1"/><kerning first="1101" second="1078" amount="-1"/><kerning first="1101" second="1090" amount="-1"/><kerning first="1101" second="1093" amount="-1"/><kerning first="1101" second="1100" amount="-1"/><kerning first="1070" second="84" amount="-1"/><kerning first="1070" second="88" amount="-1"/><kerning first="1070" second="1044" amount="-1"/><kerning first="1070" second="1076" amount="-1"/><kerning first="1070" second="1046" amount="-1"/><kerning first="1070" second="1051" amount="-1"/><kerning first="1070" second="1083" amount="-1"/><kerning first="1070" second="1058" amount="-1"/><kerning first="1070" second="1059" amount="-1"/><kerning first="1070" second="1061" amount="-1"/><kerning first="1102" second="120" amount="-1"/><kerning first="1102" second="1076" amount="-1"/><kerning first="1102" second="1078" amount="-1"/><kerning first="1102" second="1093" amount="-1"/><kerning first="1102" second="1100" amount="-1"/><kerning first="1071" second="84" amount="-1"/><kerning first="1071" second="1058" amount="-1"/></kernings></font>