<?xml version="1.0" encoding="UTF-8"?><font><info face="Roboto-Black" size="50" bold="0" italic="0" charset="" unicode="1" stretchH="100" smooth="1" aa="1" padding="1,1,1,1" spacing="1,1"/><common lineHeight="50" base="52" scaleW="354" scaleH="354" pages="1" packed="0"/><pages><page id="0" file="Roboto-Black-Shadow-pt.png"/></pages><chars count="97"><char id="32" x="0" y="0" width="0" height="0" xoffset="0" yoffset="0" xadvance="13" page="0" chnl="15"/><char id="33" x="225" y="236" width="13" height="42" xoffset="1" yoffset="16" xadvance="14" page="0" chnl="15"/><char id="34" x="335" y="236" width="18" height="19" xoffset="-1" yoffset="14" xadvance="16" page="0" chnl="15"/><char id="35" x="269" y="236" width="32" height="42" xoffset="-1" yoffset="16" xadvance="30" page="0" chnl="15"/><char id="36" x="132" y="0" width="29" height="53" xoffset="0" yoffset="11" xadvance="29" page="0" chnl="15"/><char id="37" x="317" y="193" width="37" height="42" xoffset="0" yoffset="16" xadvance="38" page="0" chnl="15"/><char id="38" x="68" y="149" width="36" height="43" xoffset="-1" yoffset="16" xadvance="34" page="0" chnl="15"/><char id="39" x="342" y="320" width="10" height="20" xoffset="-1" yoffset="14" xadvance="8" page="0" chnl="15"/><char id="40" x="34" y="0" width="18" height="56" xoffset="1" yoffset="13" xadvance="18" page="0" chnl="15"/><char id="41" x="53" y="0" width="19" height="56" xoffset="-1" yoffset="13" xadvance="18" page="0" chnl="15"/><char id="42" x="126" y="279" width="25" height="28" xoffset="-1" yoffset="16" xadvance="23" page="0" chnl="15"/><char id="43" x="96" y="279" width="29" height="33" xoffset="-1" yoffset="22" xadvance="27" page="0" chnl="15"/><char id="44" x="335" y="256" width="14" height="20" xoffset="-1" yoffset="46" xadvance="14" page="0" chnl="15"/><char id="45" x="234" y="279" width="20" height="13" xoffset="1" yoffset="33" xadvance="23" page="0" chnl="15"/><char id="46" x="255" y="279" width="13" height="13" xoffset="1" yoffset="45" xadvance="16" page="0" chnl="15"/><char id="47" x="293" y="0" width="22" height="46" xoffset="-3" yoffset="16" xadvance="18" page="0" chnl="15"/><char id="48" x="30" y="104" width="29" height="43" xoffset="0" yoffset="16" xadvance="29" page="0" chnl="15"/><char id="49" x="134" y="149" width="21" height="42" xoffset="1" yoffset="16" xadvance="29" page="0" chnl="15"/><char id="50" x="156" y="149" width="31" height="42" xoffset="-1" yoffset="16" xadvance="29" page="0" chnl="15"/><char id="51" x="60" y="104" width="30" height="43" xoffset="-1" yoffset="16" xadvance="29" page="0" chnl="15"/><char id="52" x="188" y="149" width="31" height="42" xoffset="-1" yoffset="16" xadvance="29" page="0" chnl="15"/><char id="53" x="91" y="104" width="29" height="43" xoffset="0" yoffset="16" xadvance="29" page="0" chnl="15"/><char id="54" x="121" y="104" width="30" height="43" xoffset="0" yoffset="16" xadvance="29" page="0" chnl="15"/><char id="55" x="220" y="149" width="30" height="42" xoffset="-1" yoffset="16" xadvance="29" page="0" chnl="15"/><char id="56" x="152" y="104" width="29" height="43" xoffset="0" yoffset="16" xadvance="29" page="0" chnl="15"/><char id="57" x="182" y="104" width="29" height="43" xoffset="0" yoffset="16" xadvance="29" page="0" chnl="15"/><char id="58" x="82" y="279" width="13" height="33" xoffset="1" yoffset="25" xadvance="15" page="0" chnl="15"/><char id="59" x="320" y="236" width="14" height="41" xoffset="0" yoffset="25" xadvance="15" page="0" chnl="15"/><char id="61" x="178" y="279" width="27" height="23" xoffset="1" yoffset="28" xadvance="30" page="0" chnl="15"/><char id="63" x="239" y="236" width="29" height="42" xoffset="-2" yoffset="16" xadvance="26" page="0" chnl="15"/><char id="64" x="162" y="0" width="46" height="52" xoffset="-1" yoffset="17" xadvance="45" page="0" chnl="15"/><char id="65" x="251" y="149" width="36" height="42" xoffset="-2" yoffset="16" xadvance="32" page="0" chnl="15"/><char id="66" x="288" y="149" width="32" height="42" xoffset="1" yoffset="16" xadvance="33" page="0" chnl="15"/><char id="67" x="212" y="104" width="33" height="43" xoffset="0" yoffset="16" xadvance="33" page="0" chnl="15"/><char id="68" x="0" y="193" width="32" height="42" xoffset="1" yoffset="16" xadvance="33" page="0" chnl="15"/><char id="69" x="33" y="193" width="29" height="42" xoffset="1" yoffset="16" xadvance="29" page="0" chnl="15"/><char id="70" x="63" y="193" width="29" height="42" xoffset="1" yoffset="16" xadvance="29" page="0" chnl="15"/><char id="71" x="246" y="104" width="33" height="43" xoffset="0" yoffset="16" xadvance="34" page="0" chnl="15"/><char id="72" x="93" y="193" width="34" height="42" xoffset="1" yoffset="16" xadvance="36" page="0" chnl="15"/><char id="73" x="128" y="193" width="13" height="42" xoffset="1" yoffset="16" xadvance="15" page="0" chnl="15"/><char id="74" x="280" y="104" width="30" height="43" xoffset="-1" yoffset="16" xadvance="30" page="0" chnl="15"/><char id="75" x="142" y="193" width="34" height="42" xoffset="1" yoffset="16" xadvance="33" page="0" chnl="15"/><char id="76" x="177" y="193" width="28" height="42" xoffset="1" yoffset="16" xadvance="28" page="0" chnl="15"/><char id="77" x="206" y="193" width="42" height="42" xoffset="1" yoffset="16" xadvance="44" page="0" chnl="15"/><char id="78" x="249" y="193" width="34" height="42" xoffset="1" yoffset="16" xadvance="36" page="0" chnl="15"/><char id="79" x="311" y="104" width="35" height="43" xoffset="0" yoffset="16" xadvance="35" page="0" chnl="15"/><char id="80" x="284" y="193" width="32" height="42" xoffset="1" yoffset="16" xadvance="33" page="0" chnl="15"/><char id="81" x="255" y="0" width="37" height="48" xoffset="0" yoffset="16" xadvance="36" page="0" chnl="15"/><char id="82" x="321" y="149" width="33" height="42" xoffset="1" yoffset="16" xadvance="34" page="0" chnl="15"/><char id="83" x="0" y="149" width="32" height="43" xoffset="0" yoffset="16" xadvance="32" page="0" chnl="15"/><char id="84" x="0" y="236" width="32" height="42" xoffset="-2" yoffset="16" xadvance="29" page="0" chnl="15"/><char id="85" x="33" y="149" width="34" height="43" xoffset="0" yoffset="16" xadvance="35" page="0" chnl="15"/><char id="86" x="33" y="236" width="36" height="42" xoffset="-2" yoffset="16" xadvance="32" page="0" chnl="15"/><char id="87" x="70" y="236" width="48" height="42" xoffset="-2" yoffset="16" xadvance="45" page="0" chnl="15"/><char id="88" x="119" y="236" width="36" height="42" xoffset="-2" yoffset="16" xadvance="32" page="0" chnl="15"/><char id="89" x="156" y="236" width="36" height="42" xoffset="-2" yoffset="16" xadvance="32" page="0" chnl="15"/><char id="90" x="193" y="236" width="31" height="42" xoffset="-1" yoffset="16" xadvance="30" page="0" chnl="15"/><char id="91" x="0" y="0" width="16" height="57" xoffset="0" yoffset="10" xadvance="15" page="0" chnl="15"/><char id="93" x="17" y="0" width="16" height="57" xoffset="-2" yoffset="10" xadvance="15" page="0" chnl="15"/><char id="94" x="152" y="279" width="25" height="25" xoffset="-1" yoffset="16" xadvance="23" page="0" chnl="15"/><char id="95" x="206" y="279" width="27" height="13" xoffset="-2" yoffset="52" xadvance="23" page="0" chnl="15"/><char id="97" x="0" y="320" width="29" height="34" xoffset="-1" yoffset="25" xadvance="27" page="0" chnl="15"/><char id="98" x="0" y="58" width="29" height="45" xoffset="0" yoffset="14" xadvance="29" page="0" chnl="15"/><char id="99" x="30" y="320" width="28" height="34" xoffset="-1" yoffset="25" xadvance="26" page="0" chnl="15"/><char id="100" x="30" y="58" width="29" height="45" xoffset="-1" yoffset="14" xadvance="29" page="0" chnl="15"/><char id="101" x="59" y="320" width="29" height="34" xoffset="-1" yoffset="25" xadvance="27" page="0" chnl="15"/><char id="102" x="60" y="58" width="23" height="45" xoffset="-2" yoffset="13" xadvance="19" page="0" chnl="15"/><char id="103" x="113" y="58" width="29" height="44" xoffset="-1" yoffset="25" xadvance="29" page="0" chnl="15"/><char id="104" x="143" y="58" width="28" height="44" xoffset="0" yoffset="14" xadvance="29" page="0" chnl="15"/><char id="105" x="172" y="58" width="13" height="44" xoffset="0" yoffset="14" xadvance="14" page="0" chnl="15"/><char id="106" x="73" y="0" width="19" height="55" xoffset="-5" yoffset="14" xadvance="14" page="0" chnl="15"/><char id="107" x="186" y="58" width="30" height="44" xoffset="0" yoffset="14" xadvance="28" page="0" chnl="15"/><char id="108" x="217" y="58" width="13" height="44" xoffset="0" yoffset="14" xadvance="14" page="0" chnl="15"/><char id="109" x="177" y="320" width="43" height="33" xoffset="0" yoffset="25" xadvance="44" page="0" chnl="15"/><char id="110" x="221" y="320" width="28" height="33" xoffset="0" yoffset="25" xadvance="29" page="0" chnl="15"/><char id="111" x="89" y="320" width="30" height="34" xoffset="-1" yoffset="25" xadvance="29" page="0" chnl="15"/><char id="112" x="231" y="58" width="29" height="44" xoffset="0" yoffset="25" xadvance="29" page="0" chnl="15"/><char id="113" x="261" y="58" width="29" height="44" xoffset="-1" yoffset="25" xadvance="29" page="0" chnl="15"/><char id="114" x="250" y="320" width="20" height="33" xoffset="0" yoffset="25" xadvance="19" page="0" chnl="15"/><char id="115" x="120" y="320" width="27" height="34" xoffset="-1" yoffset="25" xadvance="26" page="0" chnl="15"/><char id="116" x="0" y="279" width="22" height="40" xoffset="-2" yoffset="19" xadvance="19" page="0" chnl="15"/><char id="117" x="148" y="320" width="28" height="34" xoffset="0" yoffset="25" xadvance="29" page="0" chnl="15"/><char id="118" x="271" y="320" width="30" height="33" xoffset="-2" yoffset="25" xadvance="26" page="0" chnl="15"/><char id="119" x="302" y="320" width="39" height="33" xoffset="-1" yoffset="25" xadvance="37" page="0" chnl="15"/><char id="120" x="23" y="279" width="30" height="33" xoffset="-2" yoffset="25" xadvance="26" page="0" chnl="15"/><char id="121" x="291" y="58" width="30" height="44" xoffset="-2" yoffset="25" xadvance="26" page="0" chnl="15"/><char id="122" x="54" y="279" width="27" height="33" xoffset="-1" yoffset="25" xadvance="26" page="0" chnl="15"/><char id="123" x="93" y="0" width="18" height="54" xoffset="-1" yoffset="13" xadvance="17" page="0" chnl="15"/><char id="124" x="245" y="0" width="9" height="49" xoffset="2" yoffset="16" xadvance="13" page="0" chnl="15"/><char id="125" x="112" y="0" width="19" height="54" xoffset="-1" yoffset="13" xadvance="17" page="0" chnl="15"/><char id="211" x="209" y="0" width="35" height="52" xoffset="0" yoffset="7" xadvance="35" page="0" chnl="15"/><char id="225" x="0" y="104" width="29" height="44" xoffset="-1" yoffset="15" xadvance="27" page="0" chnl="15"/><char id="227" x="316" y="0" width="29" height="46" xoffset="-1" yoffset="13" xadvance="27" page="0" chnl="15"/><char id="231" x="84" y="58" width="28" height="45" xoffset="-1" yoffset="25" xadvance="26" page="0" chnl="15"/><char id="237" x="302" y="236" width="17" height="42" xoffset="1" yoffset="16" xadvance="15" page="0" chnl="15"/><char id="243" x="322" y="58" width="30" height="44" xoffset="-1" yoffset="15" xadvance="29" page="0" chnl="15"/><char id="250" x="105" y="149" width="28" height="43" xoffset="0" yoffset="16" xadvance="29" page="0" chnl="15"/></chars><kernings count="318"><kerning first="98" second="34" amount="-1"/><kerning first="98" second="39" amount="-1"/><kerning first="102" second="99" amount="-1"/><kerning first="102" second="100" amount="-1"/><kerning first="102" second="101" amount="-1"/><kerning first="102" second="103" amount="-1"/><kerning first="102" second="113" amount="-1"/><kerning first="102" second="231" amount="-1"/><kerning first="111" second="120" amount="-1"/><kerning first="112" second="34" amount="-1"/><kerning first="112" second="39" amount="-1"/><kerning first="114" second="116" amount="1"/><kerning first="114" second="46" amount="-4"/><kerning first="114" second="44" amount="-4"/><kerning first="116" second="111" amount="-1"/><kerning first="116" second="243" amount="-1"/><kerning first="118" second="46" amount="-4"/><kerning first="118" second="44" amount="-4"/><kerning first="119" second="46" amount="-3"/><kerning first="119" second="44" amount="-3"/><kerning first="120" second="111" amount="-1"/><kerning first="120" second="243" amount="-1"/><kerning first="121" second="46" amount="-4"/><kerning first="121" second="44" amount="-4"/><kerning first="65" second="109" amount="-1"/><kerning first="65" second="110" amount="-1"/><kerning first="65" second="112" amount="-1"/><kerning first="65" second="118" amount="-1"/><kerning first="65" second="119" amount="-1"/><kerning first="65" second="121" amount="-1"/><kerning first="65" second="84" amount="-2"/><kerning first="65" second="86" amount="-2"/><kerning first="65" second="87" amount="-1"/><kerning first="65" second="89" amount="-4"/><kerning first="65" second="63" amount="-2"/><kerning first="65" second="34" amount="-3"/><kerning first="65" second="39" amount="-3"/><kerning first="66" second="84" amount="-1"/><kerning first="66" second="86" amount="-1"/><kerning first="66" second="89" amount="-1"/><kerning first="67" second="84" amount="-1"/><kerning first="67" second="41" amount="-1"/><kerning first="68" second="65" amount="-1"/><kerning first="68" second="84" amount="-1"/><kerning first="68" second="86" amount="-1"/><kerning first="68" second="88" amount="-1"/><kerning first="68" second="89" amount="-1"/><kerning first="68" second="90" amount="-1"/><kerning first="68" second="46" amount="-3"/><kerning first="68" second="44" amount="-3"/><kerning first="69" second="118" amount="-1"/><kerning first="69" second="119" amount="-1"/><kerning first="69" second="121" amount="-1"/><kerning first="70" second="97" amount="-1"/><kerning first="70" second="99" amount="-1"/><kerning first="70" second="100" amount="-1"/><kerning first="70" second="101" amount="-1"/><kerning first="70" second="103" amount="-1"/><kerning first="70" second="111" amount="-1"/><kerning first="70" second="113" amount="-1"/><kerning first="70" second="114" amount="-1"/><kerning first="70" second="117" amount="-1"/><kerning first="70" second="118" amount="-1"/><kerning first="70" second="121" amount="-1"/><kerning first="70" second="65" amount="-1"/><kerning first="70" second="74" amount="-5"/><kerning first="70" second="46" amount="-7"/><kerning first="70" second="44" amount="-7"/><kerning first="70" second="231" amount="-1"/><kerning first="70" second="227" amount="-1"/><kerning first="70" second="243" amount="-1"/><kerning first="70" second="225" amount="-1"/><kerning first="70" second="250" amount="-1"/><kerning first="72" second="84" amount="-1"/><kerning first="72" second="89" amount="-1"/><kerning first="73" second="84" amount="-1"/><kerning first="73" second="89" amount="-1"/><kerning first="74" second="65" amount="-1"/><kerning first="75" second="99" amount="-1"/><kerning first="75" second="100" amount="-1"/><kerning first="75" second="101" amount="-1"/><kerning first="75" second="103" amount="-1"/><kerning first="75" second="111" amount="-1"/><kerning first="75" second="113" amount="-1"/><kerning first="75" second="117" amount="-1"/><kerning first="75" second="118" amount="-1"/><kerning first="75" second="119" amount="-2"/><kerning first="75" second="121" amount="-1"/><kerning first="75" second="67" amount="-1"/><kerning first="75" second="71" amount="-1"/><kerning first="75" second="79" amount="-1"/><kerning first="75" second="81" amount="-1"/><kerning first="75" second="45" amount="-4"/><kerning first="75" second="231" amount="-1"/><kerning first="75" second="243" amount="-1"/><kerning first="75" second="211" amount="-1"/><kerning first="75" second="250" amount="-1"/><kerning first="76" second="118" amount="-3"/><kerning first="76" second="119" amount="-1"/><kerning first="76" second="121" amount="-3"/><kerning first="76" second="67" amount="-1"/><kerning first="76" second="71" amount="-1"/><kerning first="76" second="79" amount="-1"/><kerning first="76" second="81" amount="-1"/><kerning first="76" second="84" amount="-5"/><kerning first="76" second="85" amount="-1"/><kerning first="76" second="86" amount="-5"/><kerning first="76" second="87" amount="-2"/><kerning first="76" second="89" amount="-7"/><kerning first="76" second="34" amount="-6"/><kerning first="76" second="39" amount="-6"/><kerning first="76" second="211" amount="-1"/><kerning first="77" second="84" amount="-1"/><kerning first="77" second="89" amount="-1"/><kerning first="78" second="84" amount="-1"/><kerning first="78" second="89" amount="-1"/><kerning first="79" second="65" amount="-1"/><kerning first="79" second="84" amount="-1"/><kerning first="79" second="86" amount="-1"/><kerning first="79" second="88" amount="-1"/><kerning first="79" second="89" amount="-1"/><kerning first="79" second="90" amount="-1"/><kerning first="79" second="46" amount="-3"/><kerning first="79" second="44" amount="-3"/><kerning first="80" second="65" amount="-4"/><kerning first="80" second="74" amount="-4"/><kerning first="80" second="88" amount="-1"/><kerning first="80" second="90" amount="-1"/><kerning first="80" second="46" amount="-10"/><kerning first="80" second="44" amount="-10"/><kerning first="81" second="84" amount="-1"/><kerning first="81" second="86" amount="-1"/><kerning first="81" second="89" amount="-1"/><kerning first="82" second="84" amount="-1"/><kerning first="82" second="89" amount="-1"/><kerning first="84" second="97" amount="-2"/><kerning first="84" second="99" amount="-2"/><kerning first="84" second="100" amount="-2"/><kerning first="84" second="101" amount="-2"/><kerning first="84" second="103" amount="-2"/><kerning first="84" second="109" amount="-2"/><kerning first="84" second="110" amount="-2"/><kerning first="84" second="111" amount="-2"/><kerning first="84" second="112" amount="-2"/><kerning first="84" second="113" amount="-2"/><kerning first="84" second="114" amount="-2"/><kerning first="84" second="115" amount="-2"/><kerning first="84" second="117" amount="-2"/><kerning first="84" second="118" amount="-2"/><kerning first="84" second="119" amount="-1"/><kerning first="84" second="120" amount="-2"/><kerning first="84" second="121" amount="-2"/><kerning first="84" second="122" amount="-1"/><kerning first="84" second="65" amount="-3"/><kerning first="84" second="67" amount="-1"/><kerning first="84" second="71" amount="-1"/><kerning first="84" second="74" amount="-5"/><kerning first="84" second="79" amount="-1"/><kerning first="84" second="81" amount="-1"/><kerning first="84" second="45" amount="-7"/><kerning first="84" second="46" amount="-6"/><kerning first="84" second="44" amount="-6"/><kerning first="84" second="231" amount="-2"/><kerning first="84" second="227" amount="-2"/><kerning first="84" second="243" amount="-2"/><kerning first="84" second="225" amount="-2"/><kerning first="84" second="211" amount="-1"/><kerning first="84" second="250" amount="-2"/><kerning first="85" second="65" amount="-1"/><kerning first="86" second="97" amount="-1"/><kerning first="86" second="99" amount="-1"/><kerning first="86" second="100" amount="-1"/><kerning first="86" second="101" amount="-1"/><kerning first="86" second="103" amount="-1"/><kerning first="86" second="111" amount="-1"/><kerning first="86" second="113" amount="-1"/><kerning first="86" second="114" amount="-1"/><kerning first="86" second="117" amount="-1"/><kerning first="86" second="65" amount="-2"/><kerning first="86" second="45" amount="-4"/><kerning first="86" second="46" amount="-5"/><kerning first="86" second="44" amount="-5"/><kerning first="86" second="231" amount="-1"/><kerning first="86" second="227" amount="-1"/><kerning first="86" second="243" amount="-1"/><kerning first="86" second="225" amount="-1"/><kerning first="86" second="250" amount="-1"/><kerning first="87" second="97" amount="-1"/><kerning first="87" second="99" amount="-1"/><kerning first="87" second="100" amount="-1"/><kerning first="87" second="101" amount="-1"/><kerning first="87" second="103" amount="-1"/><kerning first="87" second="111" amount="-1"/><kerning first="87" second="113" amount="-1"/><kerning first="87" second="114" amount="-1"/><kerning first="87" second="65" amount="-1"/><kerning first="87" second="45" amount="-1"/><kerning first="87" second="46" amount="-3"/><kerning first="87" second="44" amount="-3"/><kerning first="87" second="231" amount="-1"/><kerning first="87" second="227" amount="-1"/><kerning first="87" second="243" amount="-1"/><kerning first="87" second="225" amount="-1"/><kerning first="88" second="99" amount="-1"/><kerning first="88" second="100" amount="-1"/><kerning first="88" second="101" amount="-1"/><kerning first="88" second="103" amount="-1"/><kerning first="88" second="111" amount="-1"/><kerning first="88" second="113" amount="-1"/><kerning first="88" second="117" amount="-1"/><kerning first="88" second="118" amount="-1"/><kerning first="88" second="121" amount="-1"/><kerning first="88" second="67" amount="-1"/><kerning first="88" second="71" amount="-1"/><kerning first="88" second="79" amount="-1"/><kerning first="88" second="81" amount="-1"/><kerning first="88" second="45" amount="-4"/><kerning first="88" second="231" amount="-1"/><kerning first="88" second="243" amount="-1"/><kerning first="88" second="211" amount="-1"/><kerning first="88" second="250" amount="-1"/><kerning first="89" second="97" amount="-2"/><kerning first="89" second="99" amount="-2"/><kerning first="89" second="100" amount="-2"/><kerning first="89" second="101" amount="-2"/><kerning first="89" second="102" amount="-1"/><kerning first="89" second="103" amount="-2"/><kerning first="89" second="109" amount="-1"/><kerning first="89" second="110" amount="-1"/><kerning first="89" second="111" amount="-2"/><kerning first="89" second="112" amount="-1"/><kerning first="89" second="113" amount="-2"/><kerning first="89" second="114" amount="-1"/><kerning first="89" second="115" amount="-1"/><kerning first="89" second="116" amount="-1"/><kerning first="89" second="117" amount="-1"/><kerning first="89" second="120" amount="-1"/><kerning first="89" second="122" amount="-1"/><kerning first="89" second="65" amount="-4"/><kerning first="89" second="67" amount="-1"/><kerning first="89" second="71" amount="-1"/><kerning first="89" second="74" amount="-2"/><kerning first="89" second="79" amount="-1"/><kerning first="89" second="81" amount="-1"/><kerning first="89" second="85" amount="-2"/><kerning first="89" second="42" amount="-1"/><kerning first="89" second="45" amount="-4"/><kerning first="89" second="46" amount="-6"/><kerning first="89" second="44" amount="-6"/><kerning first="89" second="38" amount="-1"/><kerning first="89" second="231" amount="-2"/><kerning first="89" second="227" amount="-2"/><kerning first="89" second="243" amount="-2"/><kerning first="89" second="225" amount="-2"/><kerning first="89" second="211" amount="-1"/><kerning first="89" second="250" amount="-1"/><kerning first="90" second="99" amount="-1"/><kerning first="90" second="100" amount="-1"/><kerning first="90" second="101" amount="-1"/><kerning first="90" second="103" amount="-1"/><kerning first="90" second="111" amount="-1"/><kerning first="90" second="113" amount="-1"/><kerning first="90" second="118" amount="-1"/><kerning first="90" second="119" amount="-1"/><kerning first="90" second="121" amount="-1"/><kerning first="90" second="67" amount="-1"/><kerning first="90" second="71" amount="-1"/><kerning first="90" second="79" amount="-1"/><kerning first="90" second="81" amount="-1"/><kerning first="90" second="231" amount="-1"/><kerning first="90" second="243" amount="-1"/><kerning first="90" second="211" amount="-1"/><kerning first="40" second="87" amount="1"/><kerning first="40" second="89" amount="1"/><kerning first="46" second="34" amount="-7"/><kerning first="46" second="39" amount="-7"/><kerning first="44" second="34" amount="-7"/><kerning first="44" second="39" amount="-7"/><kerning first="47" second="47" amount="-6"/><kerning first="34" second="97" amount="-1"/><kerning first="34" second="99" amount="-1"/><kerning first="34" second="100" amount="-1"/><kerning first="34" second="101" amount="-1"/><kerning first="34" second="103" amount="-1"/><kerning first="34" second="111" amount="-2"/><kerning first="34" second="113" amount="-1"/><kerning first="34" second="115" amount="-2"/><kerning first="34" second="65" amount="-3"/><kerning first="34" second="34" amount="-1"/><kerning first="34" second="39" amount="-1"/><kerning first="34" second="231" amount="-1"/><kerning first="34" second="227" amount="-1"/><kerning first="34" second="243" amount="-2"/><kerning first="34" second="225" amount="-1"/><kerning first="39" second="97" amount="-1"/><kerning first="39" second="99" amount="-1"/><kerning first="39" second="100" amount="-1"/><kerning first="39" second="101" amount="-1"/><kerning first="39" second="103" amount="-1"/><kerning first="39" second="111" amount="-2"/><kerning first="39" second="113" amount="-1"/><kerning first="39" second="115" amount="-2"/><kerning first="39" second="65" amount="-3"/><kerning first="39" second="34" amount="-1"/><kerning first="39" second="39" amount="-1"/><kerning first="39" second="231" amount="-1"/><kerning first="39" second="227" amount="-1"/><kerning first="39" second="243" amount="-2"/><kerning first="39" second="225" amount="-1"/><kerning first="243" second="120" amount="-1"/><kerning first="211" second="65" amount="-1"/><kerning first="211" second="84" amount="-1"/><kerning first="211" second="86" amount="-1"/><kerning first="211" second="88" amount="-1"/><kerning first="211" second="89" amount="-1"/><kerning first="211" second="90" amount="-1"/><kerning first="211" second="46" amount="-3"/><kerning first="211" second="44" amount="-3"/></kernings></font>