<?xml version="1.0" encoding="UTF-8"?><font><info face="Roboto-Black" size="50" bold="0" italic="0" charset="" unicode="1" stretchH="100" smooth="1" aa="1" padding="1,1,1,1" spacing="1,1"/><common lineHeight="50" base="52" scaleW="395" scaleH="391" pages="1" packed="0"/><pages><page id="0" file="Roboto-Black-White-Stroke-tr.png"/></pages><chars count="99"><char id="32" x="0" y="0" width="0" height="0" xoffset="1" yoffset="0" xadvance="14" page="0" chnl="15"/><char id="33" x="376" y="205" width="17" height="44" xoffset="0" yoffset="13" xadvance="15" page="0" chnl="15"/><char id="34" x="343" y="340" width="22" height="21" xoffset="-2" yoffset="11" xadvance="17" page="0" chnl="15"/><char id="35" x="34" y="295" width="36" height="44" xoffset="-2" yoffset="13" xadvance="31" page="0" chnl="15"/><char id="36" x="248" y="0" width="33" height="55" xoffset="-1" yoffset="8" xadvance="30" page="0" chnl="15"/><char id="37" x="151" y="159" width="41" height="45" xoffset="-1" yoffset="13" xadvance="39" page="0" chnl="15"/><char id="38" x="193" y="159" width="40" height="45" xoffset="-2" yoffset="13" xadvance="35" page="0" chnl="15"/><char id="39" x="328" y="340" width="14" height="22" xoffset="-2" yoffset="11" xadvance="9" page="0" chnl="15"/><char id="40" x="42" y="0" width="22" height="58" xoffset="0" yoffset="10" xadvance="19" page="0" chnl="15"/><char id="41" x="65" y="0" width="23" height="58" xoffset="-2" yoffset="10" xadvance="19" page="0" chnl="15"/><char id="42" x="217" y="340" width="29" height="30" xoffset="-2" yoffset="13" xadvance="24" page="0" chnl="15"/><char id="43" x="165" y="340" width="33" height="35" xoffset="-2" yoffset="19" xadvance="28" page="0" chnl="15"/><char id="44" x="309" y="340" width="18" height="22" xoffset="-2" yoffset="43" xadvance="15" page="0" chnl="15"/><char id="45" x="32" y="376" width="23" height="15" xoffset="1" yoffset="30" xadvance="24" page="0" chnl="15"/><char id="46" x="56" y="376" width="17" height="15" xoffset="0" yoffset="42" xadvance="17" page="0" chnl="15"/><char id="47" x="56" y="60" width="26" height="48" xoffset="-4" yoffset="13" xadvance="19" page="0" chnl="15"/><char id="48" x="103" y="112" width="33" height="45" xoffset="-1" yoffset="13" xadvance="30" page="0" chnl="15"/><char id="49" x="269" y="159" width="25" height="44" xoffset="0" yoffset="13" xadvance="30" page="0" chnl="15"/><char id="50" x="295" y="159" width="35" height="44" xoffset="-2" yoffset="13" xadvance="30" page="0" chnl="15"/><char id="51" x="137" y="112" width="34" height="45" xoffset="-2" yoffset="13" xadvance="30" page="0" chnl="15"/><char id="52" x="331" y="159" width="35" height="44" xoffset="-2" yoffset="13" xadvance="30" page="0" chnl="15"/><char id="53" x="172" y="112" width="33" height="45" xoffset="-1" yoffset="13" xadvance="30" page="0" chnl="15"/><char id="54" x="206" y="112" width="34" height="45" xoffset="-1" yoffset="13" xadvance="30" page="0" chnl="15"/><char id="55" x="0" y="205" width="34" height="44" xoffset="-2" yoffset="13" xadvance="30" page="0" chnl="15"/><char id="56" x="241" y="112" width="33" height="45" xoffset="-1" yoffset="13" xadvance="30" page="0" chnl="15"/><char id="57" x="275" y="112" width="33" height="45" xoffset="-1" yoffset="13" xadvance="30" page="0" chnl="15"/><char id="58" x="147" y="340" width="17" height="35" xoffset="0" yoffset="22" xadvance="16" page="0" chnl="15"/><char id="59" x="71" y="295" width="18" height="43" xoffset="-1" yoffset="22" xadvance="16" page="0" chnl="15"/><char id="61" x="277" y="340" width="31" height="25" xoffset="0" yoffset="25" xadvance="31" page="0" chnl="15"/><char id="63" x="0" y="295" width="33" height="44" xoffset="-3" yoffset="13" xadvance="27" page="0" chnl="15"/><char id="64" x="197" y="0" width="50" height="55" xoffset="-2" yoffset="14" xadvance="46" page="0" chnl="15"/><char id="65" x="35" y="205" width="40" height="44" xoffset="-3" yoffset="13" xadvance="33" page="0" chnl="15"/><char id="66" x="76" y="205" width="36" height="44" xoffset="0" yoffset="13" xadvance="34" page="0" chnl="15"/><char id="67" x="309" y="112" width="37" height="45" xoffset="-1" yoffset="13" xadvance="34" page="0" chnl="15"/><char id="68" x="113" y="205" width="36" height="44" xoffset="0" yoffset="13" xadvance="34" page="0" chnl="15"/><char id="69" x="150" y="205" width="33" height="44" xoffset="0" yoffset="13" xadvance="30" page="0" chnl="15"/><char id="70" x="184" y="205" width="33" height="44" xoffset="0" yoffset="13" xadvance="30" page="0" chnl="15"/><char id="71" x="347" y="112" width="37" height="45" xoffset="-1" yoffset="13" xadvance="35" page="0" chnl="15"/><char id="72" x="218" y="205" width="38" height="44" xoffset="0" yoffset="13" xadvance="37" page="0" chnl="15"/><char id="73" x="367" y="159" width="17" height="44" xoffset="0" yoffset="13" xadvance="16" page="0" chnl="15"/><char id="74" x="0" y="159" width="34" height="45" xoffset="-2" yoffset="13" xadvance="31" page="0" chnl="15"/><char id="75" x="257" y="205" width="38" height="44" xoffset="0" yoffset="13" xadvance="34" page="0" chnl="15"/><char id="76" x="296" y="205" width="32" height="44" xoffset="0" yoffset="13" xadvance="29" page="0" chnl="15"/><char id="77" x="329" y="205" width="46" height="44" xoffset="0" yoffset="13" xadvance="45" page="0" chnl="15"/><char id="78" x="0" y="250" width="38" height="44" xoffset="0" yoffset="13" xadvance="37" page="0" chnl="15"/><char id="79" x="35" y="159" width="39" height="45" xoffset="-1" yoffset="13" xadvance="36" page="0" chnl="15"/><char id="80" x="39" y="250" width="36" height="44" xoffset="0" yoffset="13" xadvance="34" page="0" chnl="15"/><char id="81" x="14" y="60" width="41" height="50" xoffset="-1" yoffset="13" xadvance="37" page="0" chnl="15"/><char id="82" x="76" y="250" width="37" height="44" xoffset="0" yoffset="13" xadvance="35" page="0" chnl="15"/><char id="83" x="75" y="159" width="36" height="45" xoffset="-1" yoffset="13" xadvance="33" page="0" chnl="15"/><char id="84" x="114" y="250" width="36" height="44" xoffset="-3" yoffset="13" xadvance="30" page="0" chnl="15"/><char id="85" x="112" y="159" width="38" height="45" xoffset="-1" yoffset="13" xadvance="36" page="0" chnl="15"/><char id="86" x="151" y="250" width="40" height="44" xoffset="-3" yoffset="13" xadvance="33" page="0" chnl="15"/><char id="87" x="192" y="250" width="52" height="44" xoffset="-3" yoffset="13" xadvance="46" page="0" chnl="15"/><char id="88" x="245" y="250" width="40" height="44" xoffset="-3" yoffset="13" xadvance="33" page="0" chnl="15"/><char id="89" x="286" y="250" width="40" height="44" xoffset="-3" yoffset="13" xadvance="33" page="0" chnl="15"/><char id="90" x="327" y="250" width="35" height="44" xoffset="-2" yoffset="13" xadvance="31" page="0" chnl="15"/><char id="91" x="0" y="0" width="20" height="59" xoffset="-1" yoffset="7" xadvance="16" page="0" chnl="15"/><char id="93" x="21" y="0" width="20" height="59" xoffset="-3" yoffset="7" xadvance="16" page="0" chnl="15"/><char id="94" x="247" y="340" width="29" height="27" xoffset="-2" yoffset="13" xadvance="24" page="0" chnl="15"/><char id="95" x="0" y="376" width="31" height="15" xoffset="-3" yoffset="49" xadvance="24" page="0" chnl="15"/><char id="97" x="117" y="295" width="33" height="36" xoffset="-2" yoffset="22" xadvance="28" page="0" chnl="15"/><char id="98" x="83" y="60" width="33" height="47" xoffset="-1" yoffset="11" xadvance="30" page="0" chnl="15"/><char id="99" x="363" y="250" width="32" height="36" xoffset="-2" yoffset="22" xadvance="27" page="0" chnl="15"/><char id="100" x="117" y="60" width="33" height="47" xoffset="-2" yoffset="11" xadvance="30" page="0" chnl="15"/><char id="101" x="151" y="295" width="33" height="36" xoffset="-2" yoffset="22" xadvance="28" page="0" chnl="15"/><char id="102" x="151" y="60" width="27" height="47" xoffset="-3" yoffset="10" xadvance="20" page="0" chnl="15"/><char id="103" x="244" y="60" width="33" height="46" xoffset="-2" yoffset="22" xadvance="30" page="0" chnl="15"/><char id="104" x="278" y="60" width="32" height="46" xoffset="-1" yoffset="11" xadvance="30" page="0" chnl="15"/><char id="105" x="379" y="0" width="16" height="46" xoffset="0" yoffset="11" xadvance="15" page="0" chnl="15"/><char id="106" x="89" y="0" width="23" height="57" xoffset="-6" yoffset="11" xadvance="15" page="0" chnl="15"/><char id="107" x="311" y="60" width="34" height="46" xoffset="-1" yoffset="11" xadvance="29" page="0" chnl="15"/><char id="108" x="346" y="60" width="16" height="46" xoffset="0" yoffset="11" xadvance="15" page="0" chnl="15"/><char id="109" x="285" y="295" width="47" height="35" xoffset="-1" yoffset="22" xadvance="45" page="0" chnl="15"/><char id="110" x="333" y="295" width="32" height="35" xoffset="-1" yoffset="22" xadvance="30" page="0" chnl="15"/><char id="111" x="185" y="295" width="34" height="36" xoffset="-2" yoffset="22" xadvance="30" page="0" chnl="15"/><char id="112" x="0" y="112" width="33" height="46" xoffset="-1" yoffset="22" xadvance="30" page="0" chnl="15"/><char id="113" x="34" y="112" width="33" height="46" xoffset="-2" yoffset="22" xadvance="30" page="0" chnl="15"/><char id="114" x="366" y="295" width="24" height="35" xoffset="-1" yoffset="22" xadvance="20" page="0" chnl="15"/><char id="115" x="220" y="295" width="31" height="36" xoffset="-2" yoffset="22" xadvance="27" page="0" chnl="15"/><char id="116" x="90" y="295" width="26" height="42" xoffset="-3" yoffset="16" xadvance="20" page="0" chnl="15"/><char id="117" x="252" y="295" width="32" height="36" xoffset="-1" yoffset="22" xadvance="30" page="0" chnl="15"/><char id="118" x="0" y="340" width="34" height="35" xoffset="-3" yoffset="22" xadvance="27" page="0" chnl="15"/><char id="119" x="35" y="340" width="43" height="35" xoffset="-2" yoffset="22" xadvance="38" page="0" chnl="15"/><char id="120" x="79" y="340" width="34" height="35" xoffset="-3" yoffset="22" xadvance="27" page="0" chnl="15"/><char id="121" x="68" y="112" width="34" height="46" xoffset="-3" yoffset="22" xadvance="27" page="0" chnl="15"/><char id="122" x="114" y="340" width="32" height="35" xoffset="-2" yoffset="22" xadvance="27" page="0" chnl="15"/><char id="123" x="113" y="0" width="22" height="56" xoffset="-2" yoffset="10" xadvance="18" page="0" chnl="15"/><char id="124" x="0" y="60" width="13" height="51" xoffset="1" yoffset="13" xadvance="14" page="0" chnl="15"/><char id="125" x="136" y="0" width="23" height="56" xoffset="-2" yoffset="10" xadvance="18" page="0" chnl="15"/><char id="214" x="300" y="0" width="39" height="54" xoffset="-1" yoffset="4" xadvance="36" page="0" chnl="15"/><char id="220" x="340" y="0" width="38" height="53" xoffset="-1" yoffset="5" xadvance="36" page="0" chnl="15"/><char id="231" x="211" y="60" width="32" height="47" xoffset="-2" yoffset="22" xadvance="27" page="0" chnl="15"/><char id="246" x="234" y="159" width="34" height="45" xoffset="-2" yoffset="13" xadvance="30" page="0" chnl="15"/><char id="252" x="363" y="60" width="32" height="45" xoffset="-1" yoffset="13" xadvance="30" page="0" chnl="15"/><char id="304" x="282" y="0" width="17" height="54" xoffset="0" yoffset="3" xadvance="16" page="0" chnl="15"/><char id="305" x="199" y="340" width="17" height="35" xoffset="0" yoffset="22" xadvance="16" page="0" chnl="15"/><char id="350" x="160" y="0" width="36" height="56" xoffset="-1" yoffset="13" xadvance="33" page="0" chnl="15"/><char id="351" x="179" y="60" width="31" height="47" xoffset="-2" yoffset="22" xadvance="27" page="0" chnl="15"/></chars><kernings count="313"><kerning first="98" second="34" amount="-1"/><kerning first="98" second="39" amount="-1"/><kerning first="102" second="99" amount="-1"/><kerning first="102" second="100" amount="-1"/><kerning first="102" second="101" amount="-1"/><kerning first="102" second="103" amount="-1"/><kerning first="102" second="113" amount="-1"/><kerning first="102" second="231" amount="-1"/><kerning first="111" second="120" amount="-1"/><kerning first="112" second="34" amount="-1"/><kerning first="112" second="39" amount="-1"/><kerning first="114" second="116" amount="1"/><kerning first="114" second="46" amount="-4"/><kerning first="114" second="44" amount="-4"/><kerning first="116" second="111" amount="-1"/><kerning first="116" second="246" amount="-1"/><kerning first="118" second="46" amount="-4"/><kerning first="118" second="44" amount="-4"/><kerning first="119" second="46" amount="-3"/><kerning first="119" second="44" amount="-3"/><kerning first="120" second="111" amount="-1"/><kerning first="120" second="246" amount="-1"/><kerning first="121" second="46" amount="-4"/><kerning first="121" second="44" amount="-4"/><kerning first="65" second="109" amount="-1"/><kerning first="65" second="110" amount="-1"/><kerning first="65" second="112" amount="-1"/><kerning first="65" second="118" amount="-1"/><kerning first="65" second="119" amount="-1"/><kerning first="65" second="121" amount="-1"/><kerning first="65" second="84" amount="-2"/><kerning first="65" second="86" amount="-2"/><kerning first="65" second="87" amount="-1"/><kerning first="65" second="89" amount="-4"/><kerning first="65" second="63" amount="-2"/><kerning first="65" second="34" amount="-3"/><kerning first="65" second="39" amount="-3"/><kerning first="66" second="84" amount="-1"/><kerning first="66" second="86" amount="-1"/><kerning first="66" second="89" amount="-1"/><kerning first="67" second="84" amount="-1"/><kerning first="67" second="41" amount="-1"/><kerning first="68" second="65" amount="-1"/><kerning first="68" second="84" amount="-1"/><kerning first="68" second="86" amount="-1"/><kerning first="68" second="88" amount="-1"/><kerning first="68" second="89" amount="-1"/><kerning first="68" second="90" amount="-1"/><kerning first="68" second="46" amount="-3"/><kerning first="68" second="44" amount="-3"/><kerning first="69" second="118" amount="-1"/><kerning first="69" second="119" amount="-1"/><kerning first="69" second="121" amount="-1"/><kerning first="70" second="97" amount="-1"/><kerning first="70" second="99" amount="-1"/><kerning first="70" second="100" amount="-1"/><kerning first="70" second="101" amount="-1"/><kerning first="70" second="103" amount="-1"/><kerning first="70" second="111" amount="-1"/><kerning first="70" second="113" amount="-1"/><kerning first="70" second="114" amount="-1"/><kerning first="70" second="117" amount="-1"/><kerning first="70" second="118" amount="-1"/><kerning first="70" second="121" amount="-1"/><kerning first="70" second="65" amount="-1"/><kerning first="70" second="74" amount="-5"/><kerning first="70" second="46" amount="-7"/><kerning first="70" second="44" amount="-7"/><kerning first="70" second="252" amount="-1"/><kerning first="70" second="231" amount="-1"/><kerning first="70" second="246" amount="-1"/><kerning first="72" second="84" amount="-1"/><kerning first="72" second="89" amount="-1"/><kerning first="73" second="84" amount="-1"/><kerning first="73" second="89" amount="-1"/><kerning first="74" second="65" amount="-1"/><kerning first="75" second="99" amount="-1"/><kerning first="75" second="100" amount="-1"/><kerning first="75" second="101" amount="-1"/><kerning first="75" second="103" amount="-1"/><kerning first="75" second="111" amount="-1"/><kerning first="75" second="113" amount="-1"/><kerning first="75" second="117" amount="-1"/><kerning first="75" second="118" amount="-1"/><kerning first="75" second="119" amount="-2"/><kerning first="75" second="121" amount="-1"/><kerning first="75" second="67" amount="-1"/><kerning first="75" second="71" amount="-1"/><kerning first="75" second="79" amount="-1"/><kerning first="75" second="81" amount="-1"/><kerning first="75" second="45" amount="-4"/><kerning first="75" second="252" amount="-1"/><kerning first="75" second="231" amount="-1"/><kerning first="75" second="246" amount="-1"/><kerning first="75" second="214" amount="-1"/><kerning first="76" second="118" amount="-3"/><kerning first="76" second="119" amount="-1"/><kerning first="76" second="121" amount="-3"/><kerning first="76" second="67" amount="-1"/><kerning first="76" second="71" amount="-1"/><kerning first="76" second="79" amount="-1"/><kerning first="76" second="81" amount="-1"/><kerning first="76" second="84" amount="-5"/><kerning first="76" second="85" amount="-1"/><kerning first="76" second="86" amount="-5"/><kerning first="76" second="87" amount="-2"/><kerning first="76" second="89" amount="-7"/><kerning first="76" second="34" amount="-6"/><kerning first="76" second="39" amount="-6"/><kerning first="76" second="220" amount="-1"/><kerning first="76" second="214" amount="-1"/><kerning first="77" second="84" amount="-1"/><kerning first="77" second="89" amount="-1"/><kerning first="78" second="84" amount="-1"/><kerning first="78" second="89" amount="-1"/><kerning first="79" second="65" amount="-1"/><kerning first="79" second="84" amount="-1"/><kerning first="79" second="86" amount="-1"/><kerning first="79" second="88" amount="-1"/><kerning first="79" second="89" amount="-1"/><kerning first="79" second="90" amount="-1"/><kerning first="79" second="46" amount="-3"/><kerning first="79" second="44" amount="-3"/><kerning first="80" second="65" amount="-4"/><kerning first="80" second="74" amount="-4"/><kerning first="80" second="88" amount="-1"/><kerning first="80" second="90" amount="-1"/><kerning first="80" second="46" amount="-10"/><kerning first="80" second="44" amount="-10"/><kerning first="81" second="84" amount="-1"/><kerning first="81" second="86" amount="-1"/><kerning first="81" second="89" amount="-1"/><kerning first="82" second="84" amount="-1"/><kerning first="82" second="89" amount="-1"/><kerning first="84" second="97" amount="-2"/><kerning first="84" second="99" amount="-2"/><kerning first="84" second="100" amount="-2"/><kerning first="84" second="101" amount="-2"/><kerning first="84" second="103" amount="-2"/><kerning first="84" second="109" amount="-2"/><kerning first="84" second="110" amount="-2"/><kerning first="84" second="111" amount="-2"/><kerning first="84" second="112" amount="-2"/><kerning first="84" second="113" amount="-2"/><kerning first="84" second="114" amount="-2"/><kerning first="84" second="115" amount="-2"/><kerning first="84" second="117" amount="-2"/><kerning first="84" second="118" amount="-2"/><kerning first="84" second="119" amount="-1"/><kerning first="84" second="120" amount="-2"/><kerning first="84" second="121" amount="-2"/><kerning first="84" second="122" amount="-1"/><kerning first="84" second="65" amount="-3"/><kerning first="84" second="67" amount="-1"/><kerning first="84" second="71" amount="-1"/><kerning first="84" second="74" amount="-5"/><kerning first="84" second="79" amount="-1"/><kerning first="84" second="81" amount="-1"/><kerning first="84" second="45" amount="-7"/><kerning first="84" second="46" amount="-6"/><kerning first="84" second="44" amount="-6"/><kerning first="84" second="351" amount="-2"/><kerning first="84" second="252" amount="-2"/><kerning first="84" second="231" amount="-2"/><kerning first="84" second="246" amount="-2"/><kerning first="84" second="214" amount="-1"/><kerning first="85" second="65" amount="-1"/><kerning first="86" second="97" amount="-1"/><kerning first="86" second="99" amount="-1"/><kerning first="86" second="100" amount="-1"/><kerning first="86" second="101" amount="-1"/><kerning first="86" second="103" amount="-1"/><kerning first="86" second="111" amount="-1"/><kerning first="86" second="113" amount="-1"/><kerning first="86" second="114" amount="-1"/><kerning first="86" second="117" amount="-1"/><kerning first="86" second="65" amount="-2"/><kerning first="86" second="45" amount="-4"/><kerning first="86" second="46" amount="-5"/><kerning first="86" second="44" amount="-5"/><kerning first="86" second="252" amount="-1"/><kerning first="86" second="231" amount="-1"/><kerning first="86" second="246" amount="-1"/><kerning first="87" second="97" amount="-1"/><kerning first="87" second="99" amount="-1"/><kerning first="87" second="100" amount="-1"/><kerning first="87" second="101" amount="-1"/><kerning first="87" second="103" amount="-1"/><kerning first="87" second="111" amount="-1"/><kerning first="87" second="113" amount="-1"/><kerning first="87" second="114" amount="-1"/><kerning first="87" second="65" amount="-1"/><kerning first="87" second="45" amount="-1"/><kerning first="87" second="46" amount="-3"/><kerning first="87" second="44" amount="-3"/><kerning first="87" second="231" amount="-1"/><kerning first="87" second="246" amount="-1"/><kerning first="88" second="99" amount="-1"/><kerning first="88" second="100" amount="-1"/><kerning first="88" second="101" amount="-1"/><kerning first="88" second="103" amount="-1"/><kerning first="88" second="111" amount="-1"/><kerning first="88" second="113" amount="-1"/><kerning first="88" second="117" amount="-1"/><kerning first="88" second="118" amount="-1"/><kerning first="88" second="121" amount="-1"/><kerning first="88" second="67" amount="-1"/><kerning first="88" second="71" amount="-1"/><kerning first="88" second="79" amount="-1"/><kerning first="88" second="81" amount="-1"/><kerning first="88" second="45" amount="-4"/><kerning first="88" second="252" amount="-1"/><kerning first="88" second="231" amount="-1"/><kerning first="88" second="246" amount="-1"/><kerning first="88" second="214" amount="-1"/><kerning first="89" second="97" amount="-2"/><kerning first="89" second="99" amount="-2"/><kerning first="89" second="100" amount="-2"/><kerning first="89" second="101" amount="-2"/><kerning first="89" second="102" amount="-1"/><kerning first="89" second="103" amount="-2"/><kerning first="89" second="109" amount="-1"/><kerning first="89" second="110" amount="-1"/><kerning first="89" second="111" amount="-2"/><kerning first="89" second="112" amount="-1"/><kerning first="89" second="113" amount="-2"/><kerning first="89" second="114" amount="-1"/><kerning first="89" second="115" amount="-1"/><kerning first="89" second="116" amount="-1"/><kerning first="89" second="117" amount="-1"/><kerning first="89" second="120" amount="-1"/><kerning first="89" second="122" amount="-1"/><kerning first="89" second="65" amount="-4"/><kerning first="89" second="67" amount="-1"/><kerning first="89" second="71" amount="-1"/><kerning first="89" second="74" amount="-2"/><kerning first="89" second="79" amount="-1"/><kerning first="89" second="81" amount="-1"/><kerning first="89" second="85" amount="-2"/><kerning first="89" second="42" amount="-1"/><kerning first="89" second="45" amount="-4"/><kerning first="89" second="46" amount="-6"/><kerning first="89" second="44" amount="-6"/><kerning first="89" second="38" amount="-1"/><kerning first="89" second="351" amount="-1"/><kerning first="89" second="252" amount="-1"/><kerning first="89" second="231" amount="-2"/><kerning first="89" second="246" amount="-2"/><kerning first="89" second="220" amount="-2"/><kerning first="89" second="214" amount="-1"/><kerning first="90" second="99" amount="-1"/><kerning first="90" second="100" amount="-1"/><kerning first="90" second="101" amount="-1"/><kerning first="90" second="103" amount="-1"/><kerning first="90" second="111" amount="-1"/><kerning first="90" second="113" amount="-1"/><kerning first="90" second="118" amount="-1"/><kerning first="90" second="119" amount="-1"/><kerning first="90" second="121" amount="-1"/><kerning first="90" second="67" amount="-1"/><kerning first="90" second="71" amount="-1"/><kerning first="90" second="79" amount="-1"/><kerning first="90" second="81" amount="-1"/><kerning first="90" second="231" amount="-1"/><kerning first="90" second="246" amount="-1"/><kerning first="90" second="214" amount="-1"/><kerning first="40" second="87" amount="1"/><kerning first="40" second="89" amount="1"/><kerning first="46" second="34" amount="-7"/><kerning first="46" second="39" amount="-7"/><kerning first="44" second="34" amount="-7"/><kerning first="44" second="39" amount="-7"/><kerning first="47" second="47" amount="-6"/><kerning first="34" second="97" amount="-1"/><kerning first="34" second="99" amount="-1"/><kerning first="34" second="100" amount="-1"/><kerning first="34" second="101" amount="-1"/><kerning first="34" second="103" amount="-1"/><kerning first="34" second="111" amount="-2"/><kerning first="34" second="113" amount="-1"/><kerning first="34" second="115" amount="-2"/><kerning first="34" second="65" amount="-3"/><kerning first="34" second="34" amount="-1"/><kerning first="34" second="39" amount="-1"/><kerning first="34" second="351" amount="-2"/><kerning first="34" second="231" amount="-1"/><kerning first="34" second="246" amount="-2"/><kerning first="39" second="97" amount="-1"/><kerning first="39" second="99" amount="-1"/><kerning first="39" second="100" amount="-1"/><kerning first="39" second="101" amount="-1"/><kerning first="39" second="103" amount="-1"/><kerning first="39" second="111" amount="-2"/><kerning first="39" second="113" amount="-1"/><kerning first="39" second="115" amount="-2"/><kerning first="39" second="65" amount="-3"/><kerning first="39" second="34" amount="-1"/><kerning first="39" second="39" amount="-1"/><kerning first="39" second="351" amount="-2"/><kerning first="39" second="231" amount="-1"/><kerning first="39" second="246" amount="-2"/><kerning first="246" second="120" amount="-1"/><kerning first="220" second="65" amount="-1"/><kerning first="304" second="84" amount="-1"/><kerning first="304" second="89" amount="-1"/><kerning first="214" second="65" amount="-1"/><kerning first="214" second="84" amount="-1"/><kerning first="214" second="86" amount="-1"/><kerning first="214" second="88" amount="-1"/><kerning first="214" second="89" amount="-1"/><kerning first="214" second="90" amount="-1"/><kerning first="214" second="46" amount="-3"/><kerning first="214" second="44" amount="-3"/></kernings></font>