[1,["b4L4il3QxPv42MGQaz8kPB@6c48a"],["_textureSource"],["cc.SpriteFrame"],0,[{"name":"Great","rect":{"x":0,"y":0,"width":296,"height":120},"offset":{"x":0,"y":0},"originalSize":{"width":296,"height":120},"rotated":false,"capInsets":[0,0,0,0],"vertices":{"rawPosition":[-148,-60,0,148,-60,0,-148,60,0,148,60,0],"indexes":[0,1,2,2,1,3],"uv":[0,120,296,120,0,0,296,0],"nuv":[0,0,1,0,0,1,1,1],"minPos":{"x":-148,"y":-60,"z":0},"maxPos":{"x":148,"y":60,"z":0}},"packable":true,"pixelsToUnit":100,"pivot":{"x":0.5,"y":0.5},"meshType":0}],[0],0,[0],[0],[0]]
