{"textures":[{"image":"cake-resources.png","format":"RGBA8888","size":{"w":979,"h":868},"scale":1,"frames":[{"filename":"blank","rotated":false,"trimmed":false,"sourceSize":{"w":100,"h":100},"spriteSourceSize":{"x":0,"y":0,"w":100,"h":100},"frame":{"x":2,"y":2,"w":100,"h":100}},{"filename":"tile-20","rotated":false,"trimmed":true,"sourceSize":{"w":155,"h":167},"spriteSourceSize":{"x":2,"y":2,"w":151,"h":163},"frame":{"x":105,"y":2,"w":151,"h":163}},{"filename":"tile-19","rotated":false,"trimmed":true,"sourceSize":{"w":164,"h":168},"spriteSourceSize":{"x":2,"y":2,"w":160,"h":164},"frame":{"x":259,"y":2,"w":160,"h":164}},{"filename":"tile-2","rotated":false,"trimmed":true,"sourceSize":{"w":157,"h":169},"spriteSourceSize":{"x":2,"y":2,"w":153,"h":165},"frame":{"x":422,"y":2,"w":153,"h":165}},{"filename":"tile-22","rotated":false,"trimmed":true,"sourceSize":{"w":157,"h":169},"spriteSourceSize":{"x":2,"y":2,"w":153,"h":165},"frame":{"x":578,"y":2,"w":153,"h":165}},{"filename":"tile-7","rotated":false,"trimmed":true,"sourceSize":{"w":157,"h":169},"spriteSourceSize":{"x":2,"y":2,"w":153,"h":165},"frame":{"x":734,"y":2,"w":153,"h":165}},{"filename":"tile-17","rotated":false,"trimmed":true,"sourceSize":{"w":165,"h":171},"spriteSourceSize":{"x":2,"y":2,"w":161,"h":167},"frame":{"x":2,"y":168,"w":161,"h":167}},{"filename":"tile-23","rotated":false,"trimmed":true,"sourceSize":{"w":148,"h":172},"spriteSourceSize":{"x":2,"y":2,"w":144,"h":168},"frame":{"x":166,"y":169,"w":144,"h":168}},{"filename":"tile-27","rotated":false,"trimmed":true,"sourceSize":{"w":144,"h":172},"spriteSourceSize":{"x":2,"y":2,"w":140,"h":168},"frame":{"x":313,"y":170,"w":140,"h":168}},{"filename":"tile-8","rotated":false,"trimmed":true,"sourceSize":{"w":168,"h":172},"spriteSourceSize":{"x":2,"y":2,"w":164,"h":168},"frame":{"x":456,"y":170,"w":164,"h":168}},{"filename":"tile-28","rotated":false,"trimmed":true,"sourceSize":{"w":169,"h":174},"spriteSourceSize":{"x":2,"y":2,"w":165,"h":171},"frame":{"x":623,"y":170,"w":165,"h":171}},{"filename":"tile-9","rotated":false,"trimmed":true,"sourceSize":{"w":165,"h":173},"spriteSourceSize":{"x":2,"y":2,"w":161,"h":171},"frame":{"x":791,"y":170,"w":161,"h":171}},{"filename":"tile-1","rotated":false,"trimmed":true,"sourceSize":{"w":164,"h":174},"spriteSourceSize":{"x":2,"y":2,"w":160,"h":172},"frame":{"x":2,"y":338,"w":160,"h":172}},{"filename":"tile-10","rotated":false,"trimmed":true,"sourceSize":{"w":164,"h":174},"spriteSourceSize":{"x":2,"y":2,"w":160,"h":172},"frame":{"x":165,"y":341,"w":160,"h":172}},{"filename":"tile-11","rotated":false,"trimmed":true,"sourceSize":{"w":164,"h":174},"spriteSourceSize":{"x":2,"y":2,"w":160,"h":172},"frame":{"x":328,"y":341,"w":160,"h":172}},{"filename":"tile-12","rotated":false,"trimmed":true,"sourceSize":{"w":164,"h":174},"spriteSourceSize":{"x":2,"y":2,"w":160,"h":172},"frame":{"x":491,"y":344,"w":160,"h":172}},{"filename":"tile-13","rotated":false,"trimmed":true,"sourceSize":{"w":164,"h":174},"spriteSourceSize":{"x":2,"y":2,"w":160,"h":172},"frame":{"x":654,"y":344,"w":160,"h":172}},{"filename":"tile-14","rotated":false,"trimmed":true,"sourceSize":{"w":164,"h":174},"spriteSourceSize":{"x":2,"y":2,"w":160,"h":172},"frame":{"x":817,"y":344,"w":160,"h":172}},{"filename":"tile-15","rotated":false,"trimmed":true,"sourceSize":{"w":164,"h":174},"spriteSourceSize":{"x":2,"y":2,"w":160,"h":172},"frame":{"x":2,"y":513,"w":160,"h":172}},{"filename":"tile-16","rotated":false,"trimmed":true,"sourceSize":{"w":164,"h":174},"spriteSourceSize":{"x":2,"y":2,"w":160,"h":172},"frame":{"x":165,"y":516,"w":160,"h":172}},{"filename":"tile-18","rotated":false,"trimmed":true,"sourceSize":{"w":164,"h":174},"spriteSourceSize":{"x":2,"y":2,"w":160,"h":172},"frame":{"x":328,"y":516,"w":160,"h":172}},{"filename":"tile-21","rotated":false,"trimmed":true,"sourceSize":{"w":164,"h":174},"spriteSourceSize":{"x":2,"y":2,"w":160,"h":172},"frame":{"x":491,"y":519,"w":160,"h":172}},{"filename":"tile-24","rotated":false,"trimmed":true,"sourceSize":{"w":164,"h":174},"spriteSourceSize":{"x":2,"y":2,"w":160,"h":172},"frame":{"x":654,"y":519,"w":160,"h":172}},{"filename":"tile-25","rotated":false,"trimmed":true,"sourceSize":{"w":164,"h":174},"spriteSourceSize":{"x":2,"y":2,"w":160,"h":172},"frame":{"x":817,"y":519,"w":160,"h":172}},{"filename":"tile-26","rotated":false,"trimmed":true,"sourceSize":{"w":164,"h":174},"spriteSourceSize":{"x":2,"y":2,"w":160,"h":172},"frame":{"x":2,"y":688,"w":160,"h":172}},{"filename":"tile-3","rotated":false,"trimmed":true,"sourceSize":{"w":164,"h":174},"spriteSourceSize":{"x":2,"y":2,"w":160,"h":172},"frame":{"x":165,"y":691,"w":160,"h":172}},{"filename":"tile-4","rotated":false,"trimmed":true,"sourceSize":{"w":164,"h":174},"spriteSourceSize":{"x":2,"y":2,"w":160,"h":172},"frame":{"x":328,"y":691,"w":160,"h":172}},{"filename":"tile-5","rotated":false,"trimmed":true,"sourceSize":{"w":172,"h":174},"spriteSourceSize":{"x":2,"y":2,"w":168,"h":172},"frame":{"x":491,"y":694,"w":168,"h":172}},{"filename":"tile-6","rotated":false,"trimmed":true,"sourceSize":{"w":164,"h":174},"spriteSourceSize":{"x":2,"y":2,"w":160,"h":172},"frame":{"x":662,"y":694,"w":160,"h":172}}]}],"meta":{"app":"https://www.codeandweb.com/texturepacker","version":"3.0","smartupdate":"$TexturePacker:SmartUpdate:316e23003d28f8284d53350bb8f7d64c:a23b1ee20ae61f8ad1ae567588450398:29bbae918560c1bcab9e59fec1c18c2b$"}}