{"textures":[{"image":"effects-resources-0.png","format":"RGBA8888","size":{"w":1643,"h":1643},"scale":1,"frames":[{"filename":"ribbon/falling-confetti/confetti-b/confetti-b-4","rotated":false,"trimmed":false,"sourceSize":{"w":26,"h":2},"spriteSourceSize":{"x":0,"y":0,"w":26,"h":2},"frame":{"x":1,"y":1,"w":26,"h":2}},{"filename":"ribbon/falling-confetti/confetti-a/confetti-a-3","rotated":false,"trimmed":false,"sourceSize":{"w":21,"h":3},"spriteSourceSize":{"x":0,"y":0,"w":21,"h":3},"frame":{"x":29,"y":1,"w":21,"h":3}},{"filename":"ribbon/falling-confetti/confetti-d/confetti-d-4","rotated":false,"trimmed":false,"sourceSize":{"w":23,"h":4},"spriteSourceSize":{"x":0,"y":0,"w":23,"h":4},"frame":{"x":52,"y":1,"w":23,"h":4}},{"filename":"ribbon/falling-confetti/confetti-b/confetti-b-3","rotated":false,"trimmed":false,"sourceSize":{"w":25,"h":5},"spriteSourceSize":{"x":0,"y":0,"w":25,"h":5},"frame":{"x":77,"y":1,"w":25,"h":5}},{"filename":"ribbon/falling-confetti/confetti-c/confetti-c-4","rotated":false,"trimmed":false,"sourceSize":{"w":22,"h":6},"spriteSourceSize":{"x":0,"y":0,"w":22,"h":6},"frame":{"x":104,"y":1,"w":22,"h":6}},{"filename":"ribbon/falling-confetti/confetti-d/confetti-d-3","rotated":false,"trimmed":false,"sourceSize":{"w":23,"h":6},"spriteSourceSize":{"x":0,"y":0,"w":23,"h":6},"frame":{"x":128,"y":1,"w":23,"h":6}},{"filename":"ribbon/falling-confetti/confetti-a/confetti-a-2","rotated":false,"trimmed":false,"sourceSize":{"w":21,"h":7},"spriteSourceSize":{"x":0,"y":0,"w":21,"h":7},"frame":{"x":153,"y":1,"w":21,"h":7}},{"filename":"ribbon/falling-confetti/confetti-c/confetti-c-3","rotated":false,"trimmed":false,"sourceSize":{"w":23,"h":7},"spriteSourceSize":{"x":0,"y":0,"w":23,"h":7},"frame":{"x":176,"y":1,"w":23,"h":7}},{"filename":"star-x/star-4","rotated":false,"trimmed":true,"sourceSize":{"w":21,"h":20},"spriteSourceSize":{"x":0,"y":6,"w":21,"h":8},"frame":{"x":201,"y":1,"w":21,"h":8}},{"filename":"ribbon/falling-confetti/confetti-b/confetti-b-2","rotated":false,"trimmed":false,"sourceSize":{"w":23,"h":9},"spriteSourceSize":{"x":0,"y":0,"w":23,"h":9},"frame":{"x":224,"y":1,"w":23,"h":9}},{"filename":"ribbon/falling-confetti/confetti-d/confetti-d-2","rotated":false,"trimmed":false,"sourceSize":{"w":23,"h":9},"spriteSourceSize":{"x":0,"y":0,"w":23,"h":9},"frame":{"x":249,"y":1,"w":23,"h":9}},{"filename":"ribbon/falling-confetti/confetti-c/confetti-c-2","rotated":false,"trimmed":false,"sourceSize":{"w":25,"h":10},"spriteSourceSize":{"x":0,"y":0,"w":25,"h":10},"frame":{"x":274,"y":1,"w":25,"h":10}},{"filename":"ribbon/falling-confetti/confetti-a/confetti-a-1","rotated":false,"trimmed":false,"sourceSize":{"w":21,"h":14},"spriteSourceSize":{"x":0,"y":0,"w":21,"h":14},"frame":{"x":301,"y":1,"w":21,"h":14}},{"filename":"ribbon/falling-confetti/confetti-d/confetti-d-1","rotated":false,"trimmed":false,"sourceSize":{"w":21,"h":14},"spriteSourceSize":{"x":0,"y":0,"w":21,"h":14},"frame":{"x":324,"y":1,"w":21,"h":14}},{"filename":"star-x/star-3","rotated":false,"trimmed":true,"sourceSize":{"w":21,"h":20},"spriteSourceSize":{"x":0,"y":3,"w":21,"h":14},"frame":{"x":347,"y":1,"w":21,"h":14}},{"filename":"ribbon/falling-confetti/confetti-b/confetti-b-1","rotated":false,"trimmed":false,"sourceSize":{"w":23,"h":14},"spriteSourceSize":{"x":0,"y":0,"w":23,"h":14},"frame":{"x":370,"y":1,"w":23,"h":14}},{"filename":"ribbon/falling-confetti/confetti-c/confetti-c-1","rotated":false,"trimmed":false,"sourceSize":{"w":24,"h":16},"spriteSourceSize":{"x":0,"y":0,"w":24,"h":16},"frame":{"x":395,"y":1,"w":24,"h":16}},{"filename":"star-x/star-2","rotated":false,"trimmed":true,"sourceSize":{"w":21,"h":20},"spriteSourceSize":{"x":0,"y":1,"w":21,"h":18},"frame":{"x":421,"y":1,"w":21,"h":18}},{"filename":"star-y/star-3","rotated":false,"trimmed":true,"sourceSize":{"w":21,"h":20},"spriteSourceSize":{"x":7,"y":0,"w":8,"h":20},"frame":{"x":444,"y":1,"w":8,"h":20}},{"filename":"star-y/star-2","rotated":false,"trimmed":true,"sourceSize":{"w":21,"h":20},"spriteSourceSize":{"x":4,"y":0,"w":15,"h":20},"frame":{"x":454,"y":1,"w":15,"h":20}},{"filename":"bomb-defuse/bomb-defuse-0","rotated":false,"trimmed":false,"sourceSize":{"w":20,"h":20},"spriteSourceSize":{"x":0,"y":0,"w":20,"h":20},"frame":{"x":471,"y":1,"w":20,"h":20}},{"filename":"star-y/star-4","rotated":false,"trimmed":true,"sourceSize":{"w":21,"h":20},"spriteSourceSize":{"x":1,"y":0,"w":20,"h":20},"frame":{"x":493,"y":1,"w":20,"h":20}},{"filename":"star-x/star-1","rotated":false,"trimmed":false,"sourceSize":{"w":21,"h":20},"spriteSourceSize":{"x":0,"y":0,"w":21,"h":20},"frame":{"x":515,"y":1,"w":21,"h":20}},{"filename":"star-y/star-1","rotated":false,"trimmed":false,"sourceSize":{"w":21,"h":20},"spriteSourceSize":{"x":0,"y":0,"w":21,"h":20},"frame":{"x":515,"y":1,"w":21,"h":20}},{"filename":"rocket-explosion/rocket-explosion-0","rotated":false,"trimmed":false,"sourceSize":{"w":21,"h":25},"spriteSourceSize":{"x":0,"y":0,"w":21,"h":25},"frame":{"x":538,"y":1,"w":21,"h":25}},{"filename":"confetti/small-2","rotated":false,"trimmed":true,"sourceSize":{"w":28,"h":31},"spriteSourceSize":{"x":1,"y":3,"w":26,"h":27},"frame":{"x":561,"y":1,"w":26,"h":27}},{"filename":"confetti/small-4","rotated":false,"trimmed":true,"sourceSize":{"w":28,"h":31},"spriteSourceSize":{"x":4,"y":2,"w":20,"h":28},"frame":{"x":589,"y":1,"w":20,"h":28}},{"filename":"confetti/small-3","rotated":false,"trimmed":true,"sourceSize":{"w":28,"h":31},"spriteSourceSize":{"x":4,"y":1,"w":22,"h":30},"frame":{"x":611,"y":1,"w":22,"h":30}},{"filename":"confetti/small-1","rotated":false,"trimmed":false,"sourceSize":{"w":28,"h":31},"spriteSourceSize":{"x":0,"y":0,"w":28,"h":31},"frame":{"x":635,"y":1,"w":28,"h":31}},{"filename":"rocket-tail-effect/fire-explosive-2","rotated":false,"trimmed":true,"sourceSize":{"w":56,"h":56},"spriteSourceSize":{"x":17,"y":9,"w":32,"h":32},"frame":{"x":665,"y":1,"w":32,"h":32}},{"filename":"spark","rotated":false,"trimmed":false,"sourceSize":{"w":32,"h":32},"spriteSourceSize":{"x":0,"y":0,"w":32,"h":32},"frame":{"x":699,"y":1,"w":32,"h":32}},{"filename":"rocket-tail-effect/fire-explosive-0","rotated":false,"trimmed":true,"sourceSize":{"w":56,"h":56},"spriteSourceSize":{"x":16,"y":9,"w":33,"h":32},"frame":{"x":733,"y":1,"w":33,"h":32}},{"filename":"rocket-tail-effect/fire-explosive-1","rotated":false,"trimmed":true,"sourceSize":{"w":56,"h":56},"spriteSourceSize":{"x":16,"y":9,"w":33,"h":32},"frame":{"x":733,"y":1,"w":33,"h":32}},{"filename":"rocket-tail-effect/fire-explosive-3","rotated":false,"trimmed":true,"sourceSize":{"w":56,"h":56},"spriteSourceSize":{"x":16,"y":9,"w":34,"h":32},"frame":{"x":768,"y":1,"w":34,"h":32}},{"filename":"rocket-tail-effect/fire-explosive-4","rotated":false,"trimmed":true,"sourceSize":{"w":56,"h":56},"spriteSourceSize":{"x":16,"y":9,"w":35,"h":32},"frame":{"x":804,"y":1,"w":35,"h":32}},{"filename":"rocket-tail-effect/fire-explosive-49","rotated":false,"trimmed":true,"sourceSize":{"w":56,"h":56},"spriteSourceSize":{"x":13,"y":9,"w":38,"h":32},"frame":{"x":841,"y":1,"w":38,"h":32}},{"filename":"rocket-tail-effect/fire-explosive-70","rotated":false,"trimmed":true,"sourceSize":{"w":56,"h":56},"spriteSourceSize":{"x":15,"y":9,"w":38,"h":32},"frame":{"x":881,"y":1,"w":38,"h":32}},{"filename":"rocket-tail-effect/fire-explosive-51","rotated":false,"trimmed":true,"sourceSize":{"w":56,"h":56},"spriteSourceSize":{"x":11,"y":9,"w":40,"h":32},"frame":{"x":921,"y":1,"w":40,"h":32}},{"filename":"rocket-tail-effect/fire-explosive-50","rotated":false,"trimmed":true,"sourceSize":{"w":56,"h":56},"spriteSourceSize":{"x":12,"y":9,"w":41,"h":32},"frame":{"x":963,"y":1,"w":41,"h":32}},{"filename":"rocket-tail-effect/fire-explosive-5","rotated":false,"trimmed":true,"sourceSize":{"w":56,"h":56},"spriteSourceSize":{"x":17,"y":8,"w":34,"h":33},"frame":{"x":1006,"y":1,"w":34,"h":33}},{"filename":"rocket-tail-effect/fire-explosive-6","rotated":false,"trimmed":true,"sourceSize":{"w":56,"h":56},"spriteSourceSize":{"x":16,"y":8,"w":36,"h":33},"frame":{"x":1042,"y":1,"w":36,"h":33}},{"filename":"rocket-tail-effect/fire-explosive-7","rotated":false,"trimmed":true,"sourceSize":{"w":56,"h":56},"spriteSourceSize":{"x":16,"y":8,"w":36,"h":33},"frame":{"x":1080,"y":1,"w":36,"h":33}},{"filename":"rocket-tail-effect/fire-explosive-66","rotated":false,"trimmed":true,"sourceSize":{"w":56,"h":56},"spriteSourceSize":{"x":13,"y":8,"w":40,"h":33},"frame":{"x":1118,"y":1,"w":40,"h":33}},{"filename":"rocket-tail-effect/fire-explosive-63","rotated":false,"trimmed":true,"sourceSize":{"w":56,"h":56},"spriteSourceSize":{"x":9,"y":8,"w":43,"h":33},"frame":{"x":1160,"y":1,"w":43,"h":33}},{"filename":"rocket-tail-effect/fire-explosive-64","rotated":false,"trimmed":true,"sourceSize":{"w":56,"h":56},"spriteSourceSize":{"x":9,"y":8,"w":44,"h":33},"frame":{"x":1205,"y":1,"w":44,"h":33}},{"filename":"rocket-tail-effect/fire-explosive-65","rotated":false,"trimmed":true,"sourceSize":{"w":56,"h":56},"spriteSourceSize":{"x":9,"y":8,"w":44,"h":33},"frame":{"x":1251,"y":1,"w":44,"h":33}},{"filename":"rocket-tail-effect/fire-explosive-8","rotated":false,"trimmed":true,"sourceSize":{"w":56,"h":56},"spriteSourceSize":{"x":16,"y":8,"w":35,"h":34},"frame":{"x":1297,"y":1,"w":35,"h":34}},{"filename":"rocket-tail-effect/fire-explosive-10","rotated":false,"trimmed":true,"sourceSize":{"w":56,"h":56},"spriteSourceSize":{"x":16,"y":9,"w":36,"h":34},"frame":{"x":1334,"y":1,"w":36,"h":34}},{"filename":"rocket-tail-effect/fire-explosive-45","rotated":false,"trimmed":true,"sourceSize":{"w":56,"h":56},"spriteSourceSize":{"x":16,"y":7,"w":36,"h":34},"frame":{"x":1372,"y":1,"w":36,"h":34}},{"filename":"rocket-tail-effect/fire-explosive-52","rotated":false,"trimmed":true,"sourceSize":{"w":56,"h":56},"spriteSourceSize":{"x":11,"y":8,"w":40,"h":34},"frame":{"x":1410,"y":1,"w":40,"h":34}},{"filename":"rocket-tail-effect/fire-explosive-67","rotated":false,"trimmed":true,"sourceSize":{"w":56,"h":56},"spriteSourceSize":{"x":13,"y":7,"w":40,"h":34},"frame":{"x":1452,"y":1,"w":40,"h":34}},{"filename":"rocket-tail-effect/fire-explosive-61","rotated":false,"trimmed":true,"sourceSize":{"w":56,"h":56},"spriteSourceSize":{"x":9,"y":7,"w":43,"h":34},"frame":{"x":1494,"y":1,"w":43,"h":34}},{"filename":"rocket-tail-effect/fire-explosive-53","rotated":false,"trimmed":true,"sourceSize":{"w":56,"h":56},"spriteSourceSize":{"x":15,"y":7,"w":35,"h":35},"frame":{"x":1539,"y":1,"w":35,"h":35}},{"filename":"rocket-tail-effect/fire-explosive-11","rotated":false,"trimmed":true,"sourceSize":{"w":56,"h":56},"spriteSourceSize":{"x":17,"y":9,"w":36,"h":35},"frame":{"x":1576,"y":1,"w":36,"h":35}},{"filename":"rocket-tail-effect/fire-explosive-29","rotated":false,"trimmed":true,"sourceSize":{"w":56,"h":56},"spriteSourceSize":{"x":15,"y":7,"w":36,"h":35},"frame":{"x":1,"y":38,"w":36,"h":35}},{"filename":"rocket-tail-effect/fire-explosive-46","rotated":false,"trimmed":true,"sourceSize":{"w":56,"h":56},"spriteSourceSize":{"x":15,"y":6,"w":36,"h":35},"frame":{"x":39,"y":38,"w":36,"h":35}},{"filename":"rocket-tail-effect/fire-explosive-9","rotated":false,"trimmed":true,"sourceSize":{"w":56,"h":56},"spriteSourceSize":{"x":16,"y":8,"w":36,"h":35},"frame":{"x":77,"y":38,"w":36,"h":35}},{"filename":"rocket-tail-effect/fire-explosive-16","rotated":false,"trimmed":true,"sourceSize":{"w":56,"h":56},"spriteSourceSize":{"x":16,"y":7,"w":37,"h":35},"frame":{"x":115,"y":38,"w":37,"h":35}},{"filename":"rocket-tail-effect/fire-explosive-17","rotated":false,"trimmed":true,"sourceSize":{"w":56,"h":56},"spriteSourceSize":{"x":16,"y":7,"w":37,"h":35},"frame":{"x":154,"y":38,"w":37,"h":35}},{"filename":"rocket-tail-effect/fire-explosive-54","rotated":false,"trimmed":true,"sourceSize":{"w":56,"h":56},"spriteSourceSize":{"x":14,"y":7,"w":37,"h":35},"frame":{"x":193,"y":38,"w":37,"h":35}},{"filename":"rocket-tail-effect/fire-explosive-69","rotated":false,"trimmed":true,"sourceSize":{"w":56,"h":56},"spriteSourceSize":{"x":15,"y":6,"w":37,"h":35},"frame":{"x":232,"y":38,"w":37,"h":35}},{"filename":"rocket-tail-effect/fire-explosive-18","rotated":false,"trimmed":true,"sourceSize":{"w":56,"h":56},"spriteSourceSize":{"x":16,"y":7,"w":38,"h":35},"frame":{"x":271,"y":38,"w":38,"h":35}},{"filename":"rocket-tail-effect/fire-explosive-48","rotated":false,"trimmed":true,"sourceSize":{"w":56,"h":56},"spriteSourceSize":{"x":14,"y":6,"w":38,"h":35},"frame":{"x":311,"y":38,"w":38,"h":35}},{"filename":"rocket-tail-effect/fire-explosive-68","rotated":false,"trimmed":true,"sourceSize":{"w":56,"h":56},"spriteSourceSize":{"x":15,"y":6,"w":38,"h":35},"frame":{"x":351,"y":38,"w":38,"h":35}},{"filename":"confetti/hexagon-2","rotated":false,"trimmed":true,"sourceSize":{"w":50,"h":50},"spriteSourceSize":{"x":4,"y":8,"w":42,"h":35},"frame":{"x":391,"y":38,"w":42,"h":35}},{"filename":"rocket-tail-effect/fire-explosive-62","rotated":false,"trimmed":true,"sourceSize":{"w":56,"h":56},"spriteSourceSize":{"x":9,"y":7,"w":43,"h":35},"frame":{"x":435,"y":38,"w":43,"h":35}},{"filename":"capture-path/capture-path-end","rotated":false,"trimmed":false,"sourceSize":{"w":12,"h":36},"spriteSourceSize":{"x":0,"y":0,"w":12,"h":36},"frame":{"x":480,"y":38,"w":12,"h":36}},{"filename":"capture-path/capture-path-middle","rotated":false,"trimmed":false,"sourceSize":{"w":12,"h":36},"spriteSourceSize":{"x":0,"y":0,"w":12,"h":36},"frame":{"x":494,"y":38,"w":12,"h":36}},{"filename":"capture-path/capture-path-start","rotated":false,"trimmed":false,"sourceSize":{"w":12,"h":36},"spriteSourceSize":{"x":0,"y":0,"w":12,"h":36},"frame":{"x":508,"y":38,"w":12,"h":36}},{"filename":"rocket-tail-effect/fire-explosive-13","rotated":false,"trimmed":true,"sourceSize":{"w":56,"h":56},"spriteSourceSize":{"x":17,"y":8,"w":35,"h":36},"frame":{"x":522,"y":38,"w":35,"h":36}},{"filename":"rocket-tail-effect/fire-explosive-14","rotated":false,"trimmed":true,"sourceSize":{"w":56,"h":56},"spriteSourceSize":{"x":17,"y":8,"w":35,"h":36},"frame":{"x":559,"y":38,"w":35,"h":36}},{"filename":"capture-path/capture-path","rotated":false,"trimmed":false,"sourceSize":{"w":36,"h":36},"spriteSourceSize":{"x":0,"y":0,"w":36,"h":36},"frame":{"x":596,"y":38,"w":36,"h":36}},{"filename":"confetti/hexagon-3","rotated":false,"trimmed":true,"sourceSize":{"w":50,"h":50},"spriteSourceSize":{"x":8,"y":7,"w":36,"h":36},"frame":{"x":634,"y":38,"w":36,"h":36}},{"filename":"rocket-tail-effect/fire-explosive-12","rotated":false,"trimmed":true,"sourceSize":{"w":56,"h":56},"spriteSourceSize":{"x":17,"y":8,"w":37,"h":36},"frame":{"x":672,"y":38,"w":37,"h":36}},{"filename":"rocket-tail-effect/fire-explosive-47","rotated":false,"trimmed":true,"sourceSize":{"w":56,"h":56},"spriteSourceSize":{"x":15,"y":5,"w":37,"h":36},"frame":{"x":711,"y":38,"w":37,"h":36}},{"filename":"rocket-tail-effect/fire-explosive-55","rotated":false,"trimmed":true,"sourceSize":{"w":56,"h":56},"spriteSourceSize":{"x":14,"y":6,"w":38,"h":36},"frame":{"x":750,"y":38,"w":38,"h":36}},{"filename":"rocket-tail-effect/fire-explosive-24","rotated":false,"trimmed":true,"sourceSize":{"w":56,"h":56},"spriteSourceSize":{"x":15,"y":5,"w":39,"h":36},"frame":{"x":790,"y":38,"w":39,"h":36}},{"filename":"rocket-tail-effect/fire-explosive-19","rotated":false,"trimmed":true,"sourceSize":{"w":56,"h":56},"spriteSourceSize":{"x":15,"y":7,"w":40,"h":36},"frame":{"x":831,"y":38,"w":40,"h":36}},{"filename":"rocket-tail-effect/fire-explosive-20","rotated":false,"trimmed":true,"sourceSize":{"w":56,"h":56},"spriteSourceSize":{"x":15,"y":7,"w":40,"h":36},"frame":{"x":873,"y":38,"w":40,"h":36}},{"filename":"rocket-tail-effect/fire-explosive-15","rotated":false,"trimmed":true,"sourceSize":{"w":56,"h":56},"spriteSourceSize":{"x":17,"y":7,"w":35,"h":37},"frame":{"x":915,"y":38,"w":35,"h":37}},{"filename":"rocket-tail-effect/fire-explosive-43","rotated":false,"trimmed":true,"sourceSize":{"w":56,"h":56},"spriteSourceSize":{"x":16,"y":7,"w":35,"h":37},"frame":{"x":952,"y":38,"w":35,"h":37}},{"filename":"rocket-tail-effect/fire-explosive-44","rotated":false,"trimmed":true,"sourceSize":{"w":56,"h":56},"spriteSourceSize":{"x":16,"y":7,"w":36,"h":37},"frame":{"x":989,"y":38,"w":36,"h":37}},{"filename":"rocket-tail-effect/fire-explosive-25","rotated":false,"trimmed":true,"sourceSize":{"w":56,"h":56},"spriteSourceSize":{"x":15,"y":4,"w":37,"h":37},"frame":{"x":1027,"y":38,"w":37,"h":37}},{"filename":"rocket-tail-effect/fire-explosive-30","rotated":false,"trimmed":true,"sourceSize":{"w":56,"h":56},"spriteSourceSize":{"x":15,"y":6,"w":37,"h":37},"frame":{"x":1066,"y":38,"w":37,"h":37}},{"filename":"rocket-tail-effect/fire-explosive-22","rotated":false,"trimmed":true,"sourceSize":{"w":56,"h":56},"spriteSourceSize":{"x":15,"y":6,"w":38,"h":37},"frame":{"x":1105,"y":38,"w":38,"h":37}},{"filename":"rocket-tail-effect/fire-explosive-56","rotated":false,"trimmed":true,"sourceSize":{"w":56,"h":56},"spriteSourceSize":{"x":13,"y":5,"w":38,"h":37},"frame":{"x":1145,"y":38,"w":38,"h":37}},{"filename":"rocket-tail-effect/fire-explosive-26","rotated":false,"trimmed":true,"sourceSize":{"w":56,"h":56},"spriteSourceSize":{"x":14,"y":4,"w":39,"h":37},"frame":{"x":1185,"y":38,"w":39,"h":37}},{"filename":"rocket-tail-effect/fire-explosive-21","rotated":false,"trimmed":true,"sourceSize":{"w":56,"h":56},"spriteSourceSize":{"x":15,"y":6,"w":40,"h":37},"frame":{"x":1226,"y":38,"w":40,"h":37}},{"filename":"rocket-tail-effect/fire-explosive-42","rotated":false,"trimmed":true,"sourceSize":{"w":56,"h":56},"spriteSourceSize":{"x":16,"y":7,"w":35,"h":38},"frame":{"x":1268,"y":38,"w":35,"h":38}},{"filename":"rocket-tail-effect/fire-explosive-31","rotated":false,"trimmed":true,"sourceSize":{"w":56,"h":56},"spriteSourceSize":{"x":16,"y":5,"w":36,"h":38},"frame":{"x":1305,"y":38,"w":36,"h":38}},{"filename":"rocket-tail-effect/fire-explosive-32","rotated":false,"trimmed":true,"sourceSize":{"w":56,"h":56},"spriteSourceSize":{"x":16,"y":6,"w":37,"h":38},"frame":{"x":1343,"y":38,"w":37,"h":38}},{"filename":"rocket-tail-effect/fire-explosive-23","rotated":false,"trimmed":true,"sourceSize":{"w":56,"h":56},"spriteSourceSize":{"x":15,"y":5,"w":39,"h":38},"frame":{"x":1382,"y":38,"w":39,"h":38}},{"filename":"rocket-tail-effect/fire-explosive-27","rotated":false,"trimmed":true,"sourceSize":{"w":56,"h":56},"spriteSourceSize":{"x":14,"y":3,"w":39,"h":38},"frame":{"x":1423,"y":38,"w":39,"h":38}},{"filename":"rocket-tail-effect/fire-explosive-57","rotated":false,"trimmed":true,"sourceSize":{"w":56,"h":56},"spriteSourceSize":{"x":12,"y":4,"w":40,"h":38},"frame":{"x":1464,"y":38,"w":40,"h":38}},{"filename":"rocket-tail-effect/fire-explosive-58","rotated":false,"trimmed":true,"sourceSize":{"w":56,"h":56},"spriteSourceSize":{"x":11,"y":4,"w":40,"h":38},"frame":{"x":1506,"y":38,"w":40,"h":38}},{"filename":"rocket-tail-effect/fire-explosive-60","rotated":false,"trimmed":true,"sourceSize":{"w":56,"h":56},"spriteSourceSize":{"x":10,"y":3,"w":41,"h":38},"frame":{"x":1548,"y":38,"w":41,"h":38}},{"filename":"rocket-tail-effect/fire-explosive-28","rotated":false,"trimmed":true,"sourceSize":{"w":56,"h":56},"spriteSourceSize":{"x":15,"y":3,"w":36,"h":39},"frame":{"x":1591,"y":38,"w":36,"h":39}},{"filename":"rocket-tail-effect/fire-explosive-33","rotated":false,"trimmed":true,"sourceSize":{"w":56,"h":56},"spriteSourceSize":{"x":16,"y":5,"w":37,"h":39},"frame":{"x":1,"y":79,"w":37,"h":39}},{"filename":"rocket-tail-effect/fire-explosive-34","rotated":false,"trimmed":true,"sourceSize":{"w":56,"h":56},"spriteSourceSize":{"x":15,"y":5,"w":37,"h":39},"frame":{"x":40,"y":79,"w":37,"h":39}},{"filename":"bomb-explosion/bomb-explosion-0","rotated":false,"trimmed":false,"sourceSize":{"w":38,"h":39},"spriteSourceSize":{"x":0,"y":0,"w":38,"h":39},"frame":{"x":79,"y":79,"w":38,"h":39}},{"filename":"rocket-explosion/rocket-explosion-1","rotated":false,"trimmed":false,"sourceSize":{"w":38,"h":39},"spriteSourceSize":{"x":0,"y":0,"w":38,"h":39},"frame":{"x":119,"y":79,"w":38,"h":39}},{"filename":"rocket-tail-effect/fire-explosive-59","rotated":false,"trimmed":true,"sourceSize":{"w":56,"h":56},"spriteSourceSize":{"x":11,"y":3,"w":40,"h":39},"frame":{"x":159,"y":79,"w":40,"h":39}},{"filename":"confetti/hexagon-1","rotated":false,"trimmed":true,"sourceSize":{"w":50,"h":50},"spriteSourceSize":{"x":1,"y":6,"w":49,"h":39},"frame":{"x":201,"y":79,"w":49,"h":39}},{"filename":"polish-effect/polish-effect-0","rotated":false,"trimmed":true,"sourceSize":{"w":108,"h":112},"spriteSourceSize":{"x":0,"y":0,"w":14,"h":40},"frame":{"x":252,"y":79,"w":14,"h":40}},{"filename":"rocket-tail-effect/fire-explosive-35","rotated":false,"trimmed":true,"sourceSize":{"w":56,"h":56},"spriteSourceSize":{"x":16,"y":5,"w":37,"h":40},"frame":{"x":268,"y":79,"w":37,"h":40}},{"filename":"rocket-tail-effect/fire-explosive-37","rotated":false,"trimmed":true,"sourceSize":{"w":56,"h":56},"spriteSourceSize":{"x":16,"y":4,"w":34,"h":41},"frame":{"x":307,"y":79,"w":34,"h":41}},{"filename":"rocket-tail-effect/fire-explosive-36","rotated":false,"trimmed":true,"sourceSize":{"w":56,"h":56},"spriteSourceSize":{"x":16,"y":4,"w":37,"h":41},"frame":{"x":343,"y":79,"w":37,"h":41}},{"filename":"rocket-tail-effect/fire-explosive-38","rotated":false,"trimmed":true,"sourceSize":{"w":56,"h":56},"spriteSourceSize":{"x":16,"y":3,"w":35,"h":42},"frame":{"x":382,"y":79,"w":35,"h":42}},{"filename":"rocket-tail-effect/fire-explosive-41","rotated":false,"trimmed":true,"sourceSize":{"w":56,"h":56},"spriteSourceSize":{"x":16,"y":3,"w":35,"h":42},"frame":{"x":419,"y":79,"w":35,"h":42}},{"filename":"rocket-tail-effect/fire-explosive-39","rotated":false,"trimmed":true,"sourceSize":{"w":56,"h":56},"spriteSourceSize":{"x":16,"y":3,"w":36,"h":42},"frame":{"x":456,"y":79,"w":36,"h":42}},{"filename":"rocket-tail-effect/fire-explosive-40","rotated":false,"trimmed":true,"sourceSize":{"w":56,"h":56},"spriteSourceSize":{"x":16,"y":3,"w":36,"h":42},"frame":{"x":494,"y":79,"w":36,"h":42}},{"filename":"confetti/hexagon-4","rotated":false,"trimmed":true,"sourceSize":{"w":50,"h":50},"spriteSourceSize":{"x":4,"y":4,"w":43,"h":42},"frame":{"x":532,"y":79,"w":43,"h":42}},{"filename":"star-white","rotated":false,"trimmed":true,"sourceSize":{"w":70,"h":70},"spriteSourceSize":{"x":12,"y":10,"w":42,"h":46},"frame":{"x":577,"y":79,"w":42,"h":46}},{"filename":"confetti/hexagon-0","rotated":false,"trimmed":true,"sourceSize":{"w":50,"h":50},"spriteSourceSize":{"x":0,"y":2,"w":50,"h":46},"frame":{"x":621,"y":79,"w":50,"h":46}},{"filename":"bomb-defuse/bomb-defuse-1","rotated":false,"trimmed":false,"sourceSize":{"w":56,"h":47},"spriteSourceSize":{"x":0,"y":0,"w":56,"h":47},"frame":{"x":673,"y":79,"w":56,"h":47}},{"filename":"bomb-explosion/bomb-explosion-1","rotated":false,"trimmed":false,"sourceSize":{"w":59,"h":60},"spriteSourceSize":{"x":0,"y":0,"w":59,"h":60},"frame":{"x":731,"y":79,"w":59,"h":60}},{"filename":"rocket-explosion/rocket-explosion-2","rotated":false,"trimmed":false,"sourceSize":{"w":64,"h":64},"spriteSourceSize":{"x":0,"y":0,"w":64,"h":64},"frame":{"x":792,"y":79,"w":64,"h":64}},{"filename":"bomb-defuse/bomb-defuse-2","rotated":false,"trimmed":false,"sourceSize":{"w":84,"h":68},"spriteSourceSize":{"x":0,"y":0,"w":84,"h":68},"frame":{"x":858,"y":79,"w":84,"h":68}},{"filename":"bomb-explosion/bomb-explosion-2","rotated":false,"trimmed":false,"sourceSize":{"w":76,"h":69},"spriteSourceSize":{"x":0,"y":0,"w":76,"h":69},"frame":{"x":944,"y":79,"w":76,"h":69}},{"filename":"star-yellow-dark","rotated":false,"trimmed":true,"sourceSize":{"w":70,"h":70},"spriteSourceSize":{"x":2,"y":0,"w":68,"h":70},"frame":{"x":1022,"y":79,"w":68,"h":70}},{"filename":"star-yellow","rotated":false,"trimmed":true,"sourceSize":{"w":70,"h":70},"spriteSourceSize":{"x":2,"y":0,"w":68,"h":70},"frame":{"x":1092,"y":79,"w":68,"h":70}},{"filename":"polish-effect/polish-effect-5","rotated":false,"trimmed":true,"sourceSize":{"w":108,"h":112},"spriteSourceSize":{"x":84,"y":38,"w":24,"h":74},"frame":{"x":1162,"y":79,"w":24,"h":74}},{"filename":"comet-dark","rotated":false,"trimmed":true,"sourceSize":{"w":80,"h":80},"spriteSourceSize":{"x":6,"y":1,"w":66,"h":76},"frame":{"x":1188,"y":79,"w":66,"h":76}},{"filename":"comet","rotated":false,"trimmed":true,"sourceSize":{"w":80,"h":80},"spriteSourceSize":{"x":6,"y":1,"w":66,"h":76},"frame":{"x":1256,"y":79,"w":66,"h":76}},{"filename":"rocket-explosion/rocket-explosion-5","rotated":false,"trimmed":false,"sourceSize":{"w":108,"h":76},"spriteSourceSize":{"x":0,"y":0,"w":108,"h":76},"frame":{"x":1324,"y":79,"w":108,"h":76}},{"filename":"rocket-explosion/rocket-explosion-3","rotated":false,"trimmed":false,"sourceSize":{"w":107,"h":78},"spriteSourceSize":{"x":0,"y":0,"w":107,"h":78},"frame":{"x":1434,"y":79,"w":107,"h":78}},{"filename":"big-rocket-tail-effect/white-smoke","rotated":false,"trimmed":false,"sourceSize":{"w":96,"h":80},"spriteSourceSize":{"x":0,"y":0,"w":96,"h":80},"frame":{"x":1543,"y":79,"w":96,"h":80}},{"filename":"bomb-defuse/bomb-defuse-3","rotated":false,"trimmed":false,"sourceSize":{"w":96,"h":83},"spriteSourceSize":{"x":0,"y":0,"w":96,"h":83},"frame":{"x":1,"y":161,"w":96,"h":83}},{"filename":"rocket-explosion/rocket-explosion-8","rotated":false,"trimmed":false,"sourceSize":{"w":123,"h":85},"spriteSourceSize":{"x":0,"y":0,"w":123,"h":85},"frame":{"x":99,"y":161,"w":123,"h":85}},{"filename":"rocket-explosion/rocket-explosion-4","rotated":false,"trimmed":false,"sourceSize":{"w":112,"h":97},"spriteSourceSize":{"x":0,"y":0,"w":112,"h":97},"frame":{"x":224,"y":161,"w":112,"h":97}},{"filename":"bomb-defuse/bomb-defuse-5","rotated":false,"trimmed":false,"sourceSize":{"w":116,"h":99},"spriteSourceSize":{"x":0,"y":0,"w":116,"h":99},"frame":{"x":338,"y":161,"w":116,"h":99}},{"filename":"blank","rotated":false,"trimmed":false,"sourceSize":{"w":100,"h":100},"spriteSourceSize":{"x":0,"y":0,"w":100,"h":100},"frame":{"x":456,"y":161,"w":100,"h":100}},{"filename":"texts/unbelievable","rotated":false,"trimmed":true,"sourceSize":{"w":412,"h":106},"spriteSourceSize":{"x":0,"y":1,"w":412,"h":104},"frame":{"x":558,"y":161,"w":412,"h":104}},{"filename":"bomb-defuse/bomb-defuse-4","rotated":false,"trimmed":false,"sourceSize":{"w":107,"h":105},"spriteSourceSize":{"x":0,"y":0,"w":107,"h":105},"frame":{"x":972,"y":161,"w":107,"h":105}},{"filename":"bomb-explosion/bomb-explosion-7","rotated":false,"trimmed":false,"sourceSize":{"w":112,"h":105},"spriteSourceSize":{"x":0,"y":0,"w":112,"h":105},"frame":{"x":1081,"y":161,"w":112,"h":105}},{"filename":"rocket-explosion/rocket-explosion-7","rotated":false,"trimmed":false,"sourceSize":{"w":142,"h":105},"spriteSourceSize":{"x":0,"y":0,"w":142,"h":105},"frame":{"x":1195,"y":161,"w":142,"h":105}},{"filename":"rocket-explosion/rocket-explosion-6","rotated":false,"trimmed":false,"sourceSize":{"w":143,"h":107},"spriteSourceSize":{"x":0,"y":0,"w":143,"h":107},"frame":{"x":1339,"y":161,"w":143,"h":107}},{"filename":"bomb-explosion/bomb-explosion-8","rotated":false,"trimmed":false,"sourceSize":{"w":120,"h":108},"spriteSourceSize":{"x":0,"y":0,"w":120,"h":108},"frame":{"x":1484,"y":161,"w":120,"h":108}},{"filename":"texts/excellent","rotated":false,"trimmed":true,"sourceSize":{"w":334,"h":108},"spriteSourceSize":{"x":1,"y":0,"w":333,"h":108},"frame":{"x":1,"y":271,"w":333,"h":108}},{"filename":"texts/turkish/great-tr","rotated":false,"trimmed":false,"sourceSize":{"w":285,"h":110},"spriteSourceSize":{"x":0,"y":0,"w":285,"h":110},"frame":{"x":336,"y":271,"w":285,"h":110}},{"filename":"texts/russian/great-ru","rotated":false,"trimmed":false,"sourceSize":{"w":301,"h":110},"spriteSourceSize":{"x":0,"y":0,"w":301,"h":110},"frame":{"x":623,"y":271,"w":301,"h":110}},{"filename":"polish-effect/polish-effect-1","rotated":false,"trimmed":true,"sourceSize":{"w":108,"h":112},"spriteSourceSize":{"x":0,"y":0,"w":44,"h":112},"frame":{"x":926,"y":271,"w":44,"h":112}},{"filename":"polish-effect/polish-effect-4","rotated":false,"trimmed":true,"sourceSize":{"w":108,"h":112},"spriteSourceSize":{"x":54,"y":0,"w":54,"h":112},"frame":{"x":972,"y":271,"w":54,"h":112}},{"filename":"polish-effect/polish-effect-2","rotated":false,"trimmed":true,"sourceSize":{"w":108,"h":112},"spriteSourceSize":{"x":0,"y":0,"w":74,"h":112},"frame":{"x":1028,"y":271,"w":74,"h":112}},{"filename":"polish-effect/polish-effect-3","rotated":false,"trimmed":true,"sourceSize":{"w":108,"h":112},"spriteSourceSize":{"x":24,"y":0,"w":80,"h":112},"frame":{"x":1104,"y":271,"w":80,"h":112}},{"filename":"bomb-explosion/bomb-explosion-6","rotated":false,"trimmed":false,"sourceSize":{"w":118,"h":112},"spriteSourceSize":{"x":0,"y":0,"w":118,"h":112},"frame":{"x":1186,"y":271,"w":118,"h":112}},{"filename":"texts/french/good-fr","rotated":false,"trimmed":false,"sourceSize":{"w":199,"h":112},"spriteSourceSize":{"x":0,"y":0,"w":199,"h":112},"frame":{"x":1306,"y":271,"w":199,"h":112}},{"filename":"texts/spanish/good-es","rotated":false,"trimmed":false,"sourceSize":{"w":199,"h":112},"spriteSourceSize":{"x":0,"y":0,"w":199,"h":112},"frame":{"x":1,"y":385,"w":199,"h":112}},{"filename":"texts/italian/good-it","rotated":false,"trimmed":false,"sourceSize":{"w":216,"h":112},"spriteSourceSize":{"x":0,"y":0,"w":216,"h":112},"frame":{"x":202,"y":385,"w":216,"h":112}},{"filename":"texts/french/great-fr","rotated":false,"trimmed":false,"sourceSize":{"w":254,"h":112},"spriteSourceSize":{"x":0,"y":0,"w":254,"h":112},"frame":{"x":420,"y":385,"w":254,"h":112}},{"filename":"texts/spanish/great-es","rotated":false,"trimmed":false,"sourceSize":{"w":276,"h":112},"spriteSourceSize":{"x":0,"y":0,"w":276,"h":112},"frame":{"x":676,"y":385,"w":276,"h":112}},{"filename":"texts/italian/great-it","rotated":false,"trimmed":false,"sourceSize":{"w":300,"h":112},"spriteSourceSize":{"x":0,"y":0,"w":300,"h":112},"frame":{"x":954,"y":385,"w":300,"h":112}},{"filename":"texts/french/excellent-fr","rotated":false,"trimmed":false,"sourceSize":{"w":390,"h":112},"spriteSourceSize":{"x":0,"y":0,"w":390,"h":112},"frame":{"x":1,"y":499,"w":390,"h":112}},{"filename":"texts/portuguese/excellent-pt","rotated":false,"trimmed":false,"sourceSize":{"w":392,"h":112},"spriteSourceSize":{"x":0,"y":0,"w":392,"h":112},"frame":{"x":393,"y":499,"w":392,"h":112}},{"filename":"texts/italian/unbelievable-it","rotated":false,"trimmed":false,"sourceSize":{"w":423,"h":112},"spriteSourceSize":{"x":0,"y":0,"w":423,"h":112},"frame":{"x":787,"y":499,"w":423,"h":112}},{"filename":"texts/french/unbelievable-fr","rotated":false,"trimmed":false,"sourceSize":{"w":425,"h":112},"spriteSourceSize":{"x":0,"y":0,"w":425,"h":112},"frame":{"x":1212,"y":499,"w":425,"h":112}},{"filename":"texts/italian/excellent-it","rotated":false,"trimmed":false,"sourceSize":{"w":427,"h":112},"spriteSourceSize":{"x":0,"y":0,"w":427,"h":112},"frame":{"x":1,"y":613,"w":427,"h":112}},{"filename":"texts/german/unbelievable-de","rotated":false,"trimmed":false,"sourceSize":{"w":472,"h":112},"spriteSourceSize":{"x":0,"y":0,"w":472,"h":112},"frame":{"x":430,"y":613,"w":472,"h":112}},{"filename":"texts/german/excellent-de","rotated":false,"trimmed":false,"sourceSize":{"w":533,"h":112},"spriteSourceSize":{"x":0,"y":0,"w":533,"h":112},"frame":{"x":904,"y":613,"w":533,"h":112}},{"filename":"texts/german/good-de","rotated":false,"trimmed":false,"sourceSize":{"w":185,"h":114},"spriteSourceSize":{"x":0,"y":0,"w":185,"h":114},"frame":{"x":1439,"y":613,"w":185,"h":114}},{"filename":"texts/portuguese/good-pt","rotated":false,"trimmed":false,"sourceSize":{"w":187,"h":114},"spriteSourceSize":{"x":0,"y":0,"w":187,"h":114},"frame":{"x":1,"y":729,"w":187,"h":114}},{"filename":"texts/german/great-de","rotated":false,"trimmed":false,"sourceSize":{"w":396,"h":114},"spriteSourceSize":{"x":0,"y":0,"w":396,"h":114},"frame":{"x":190,"y":729,"w":396,"h":114}},{"filename":"texts/great","rotated":false,"trimmed":true,"sourceSize":{"w":258,"h":115},"spriteSourceSize":{"x":1,"y":0,"w":256,"h":115},"frame":{"x":588,"y":729,"w":256,"h":115}},{"filename":"texts/indonesian/excellent-id","rotated":false,"trimmed":false,"sourceSize":{"w":340,"h":115},"spriteSourceSize":{"x":0,"y":0,"w":340,"h":115},"frame":{"x":846,"y":729,"w":340,"h":115}},{"filename":"texts/indonesian/great-id","rotated":false,"trimmed":false,"sourceSize":{"w":228,"h":116},"spriteSourceSize":{"x":0,"y":0,"w":228,"h":116},"frame":{"x":1188,"y":729,"w":228,"h":116}},{"filename":"texts/chinese/great-zh","rotated":false,"trimmed":false,"sourceSize":{"w":167,"h":117},"spriteSourceSize":{"x":0,"y":0,"w":167,"h":117},"frame":{"x":1418,"y":729,"w":167,"h":117}},{"filename":"texts/chinese/excellent-zh","rotated":false,"trimmed":false,"sourceSize":{"w":216,"h":117},"spriteSourceSize":{"x":0,"y":0,"w":216,"h":117},"frame":{"x":1,"y":848,"w":216,"h":117}},{"filename":"texts/chinese/unbelievable-zh","rotated":false,"trimmed":false,"sourceSize":{"w":274,"h":117},"spriteSourceSize":{"x":0,"y":0,"w":274,"h":117},"frame":{"x":219,"y":848,"w":274,"h":117}},{"filename":"texts/good","rotated":false,"trimmed":true,"sourceSize":{"w":258,"h":120},"spriteSourceSize":{"x":0,"y":1,"w":258,"h":118},"frame":{"x":495,"y":848,"w":258,"h":118}},{"filename":"texts/chinese/good-zh","rotated":false,"trimmed":false,"sourceSize":{"w":175,"h":120},"spriteSourceSize":{"x":0,"y":0,"w":175,"h":120},"frame":{"x":755,"y":848,"w":175,"h":120}},{"filename":"texts/turkish/unbelievable-tr","rotated":false,"trimmed":false,"sourceSize":{"w":391,"h":120},"spriteSourceSize":{"x":0,"y":0,"w":391,"h":120},"frame":{"x":932,"y":848,"w":391,"h":120}},{"filename":"texts/turkish/excellent-tr","rotated":false,"trimmed":false,"sourceSize":{"w":400,"h":120},"spriteSourceSize":{"x":0,"y":0,"w":400,"h":120},"frame":{"x":1,"y":970,"w":400,"h":120}},{"filename":"bomb-explosion/bomb-explosion-5","rotated":false,"trimmed":false,"sourceSize":{"w":140,"h":121},"spriteSourceSize":{"x":0,"y":0,"w":140,"h":121},"frame":{"x":403,"y":970,"w":140,"h":121}},{"filename":"texts/portuguese/great-pt","rotated":false,"trimmed":false,"sourceSize":{"w":295,"h":121},"spriteSourceSize":{"x":0,"y":0,"w":295,"h":121},"frame":{"x":545,"y":970,"w":295,"h":121}},{"filename":"texts/spanish/unbelievable-es","rotated":false,"trimmed":false,"sourceSize":{"w":364,"h":121},"spriteSourceSize":{"x":0,"y":0,"w":364,"h":121},"frame":{"x":842,"y":970,"w":364,"h":121}},{"filename":"texts/russian/unbelievable-ru","rotated":false,"trimmed":false,"sourceSize":{"w":394,"h":121},"spriteSourceSize":{"x":0,"y":0,"w":394,"h":121},"frame":{"x":1208,"y":970,"w":394,"h":121}},{"filename":"texts/spanish/excellent-es","rotated":false,"trimmed":false,"sourceSize":{"w":425,"h":121},"spriteSourceSize":{"x":0,"y":0,"w":425,"h":121},"frame":{"x":1,"y":1093,"w":425,"h":121}},{"filename":"texts/russian/excellent-ru","rotated":false,"trimmed":false,"sourceSize":{"w":430,"h":121},"spriteSourceSize":{"x":0,"y":0,"w":430,"h":121},"frame":{"x":428,"y":1093,"w":430,"h":121}},{"filename":"texts/portuguese/unbelievable-pt","rotated":false,"trimmed":false,"sourceSize":{"w":517,"h":121},"spriteSourceSize":{"x":0,"y":0,"w":517,"h":121},"frame":{"x":860,"y":1093,"w":517,"h":121}},{"filename":"texts/turkish/good-tr","rotated":false,"trimmed":false,"sourceSize":{"w":140,"h":122},"spriteSourceSize":{"x":0,"y":0,"w":140,"h":122},"frame":{"x":1379,"y":1093,"w":140,"h":122}},{"filename":"bomb-explosion/bomb-explosion-3","rotated":false,"trimmed":false,"sourceSize":{"w":147,"h":122},"spriteSourceSize":{"x":0,"y":0,"w":147,"h":122},"frame":{"x":1,"y":1217,"w":147,"h":122}},{"filename":"texts/japanese/unbelievable-ja","rotated":false,"trimmed":false,"sourceSize":{"w":383,"h":122},"spriteSourceSize":{"x":0,"y":0,"w":383,"h":122},"frame":{"x":150,"y":1217,"w":383,"h":122}},{"filename":"texts/japanese/good-ja","rotated":false,"trimmed":false,"sourceSize":{"w":176,"h":123},"spriteSourceSize":{"x":0,"y":0,"w":176,"h":123},"frame":{"x":535,"y":1217,"w":176,"h":123}},{"filename":"texts/japanese/great-ja","rotated":false,"trimmed":false,"sourceSize":{"w":178,"h":123},"spriteSourceSize":{"x":0,"y":0,"w":178,"h":123},"frame":{"x":713,"y":1217,"w":178,"h":123}},{"filename":"texts/japanese/excellent-ja","rotated":false,"trimmed":false,"sourceSize":{"w":328,"h":123},"spriteSourceSize":{"x":0,"y":0,"w":328,"h":123},"frame":{"x":893,"y":1217,"w":328,"h":123}},{"filename":"texts/indonesian/good-id","rotated":false,"trimmed":false,"sourceSize":{"w":229,"h":126},"spriteSourceSize":{"x":0,"y":0,"w":229,"h":126},"frame":{"x":1223,"y":1217,"w":229,"h":126}},{"filename":"hint-glow","rotated":false,"trimmed":true,"sourceSize":{"w":125,"h":127},"spriteSourceSize":{"x":1,"y":0,"w":124,"h":127},"frame":{"x":1454,"y":1217,"w":124,"h":127}},{"filename":"bomb-defuse/bomb-defuse-7","rotated":false,"trimmed":false,"sourceSize":{"w":137,"h":128},"spriteSourceSize":{"x":0,"y":0,"w":137,"h":128},"frame":{"x":1,"y":1346,"w":137,"h":128}},{"filename":"texts/indonesian/unbelievable-id","rotated":false,"trimmed":false,"sourceSize":{"w":284,"h":128},"spriteSourceSize":{"x":0,"y":0,"w":284,"h":128},"frame":{"x":140,"y":1346,"w":284,"h":128}},{"filename":"texts/russian/good-ru","rotated":false,"trimmed":false,"sourceSize":{"w":324,"h":128},"spriteSourceSize":{"x":0,"y":0,"w":324,"h":128},"frame":{"x":426,"y":1346,"w":324,"h":128}},{"filename":"texts/unbelievable-light","rotated":false,"trimmed":false,"sourceSize":{"w":268,"h":132},"spriteSourceSize":{"x":0,"y":0,"w":268,"h":132},"frame":{"x":752,"y":1346,"w":268,"h":132}},{"filename":"texts/great-light","rotated":false,"trimmed":false,"sourceSize":{"w":274,"h":132},"spriteSourceSize":{"x":0,"y":0,"w":274,"h":132},"frame":{"x":1022,"y":1346,"w":274,"h":132}},{"filename":"texts/excellent-light","rotated":false,"trimmed":false,"sourceSize":{"w":276,"h":132},"spriteSourceSize":{"x":0,"y":0,"w":276,"h":132},"frame":{"x":1298,"y":1346,"w":276,"h":132}},{"filename":"texts/good-light","rotated":false,"trimmed":false,"sourceSize":{"w":274,"h":133},"spriteSourceSize":{"x":0,"y":0,"w":274,"h":133},"frame":{"x":1,"y":1480,"w":274,"h":133}},{"filename":"bomb-defuse/bomb-defuse-8","rotated":false,"trimmed":false,"sourceSize":{"w":129,"h":134},"spriteSourceSize":{"x":0,"y":0,"w":129,"h":134},"frame":{"x":277,"y":1480,"w":129,"h":134}},{"filename":"bomb-explosion/bomb-explosion-4","rotated":false,"trimmed":false,"sourceSize":{"w":153,"h":137},"spriteSourceSize":{"x":0,"y":0,"w":153,"h":137},"frame":{"x":408,"y":1480,"w":153,"h":137}},{"filename":"bomb-defuse/bomb-defuse-6","rotated":false,"trimmed":false,"sourceSize":{"w":140,"h":138},"spriteSourceSize":{"x":0,"y":0,"w":140,"h":138},"frame":{"x":563,"y":1480,"w":140,"h":138}},{"filename":"big-rocket-tail-effect/yellow-smoke","rotated":false,"trimmed":false,"sourceSize":{"w":144,"h":144},"spriteSourceSize":{"x":0,"y":0,"w":144,"h":144},"frame":{"x":705,"y":1480,"w":144,"h":144}},{"filename":"circle","rotated":false,"trimmed":false,"sourceSize":{"w":162,"h":162},"spriteSourceSize":{"x":0,"y":0,"w":162,"h":162},"frame":{"x":851,"y":1480,"w":162,"h":162}}]}],"meta":{"app":"https://www.codeandweb.com/texturepacker","version":"3.0","smartupdate":"$TexturePacker:SmartUpdate:4eb49656605f28a377a5dda69197796c:875700d43f48cc3f46bf34a8654a429e:0e554d0a20193f8e0b06bdb704999cfa$"}}