{"textures":[{"image":"tutorial-resources.png","format":"RGBA8888","size":{"w":1187,"h":1187},"scale":1,"frames":[{"filename":"text-failed-it","rotated":false,"trimmed":false,"sourceSize":{"w":699,"h":90},"spriteSourceSize":{"x":0,"y":0,"w":699,"h":90},"frame":{"x":1,"y":1,"w":699,"h":90}},{"filename":"text-failed-de","rotated":false,"trimmed":false,"sourceSize":{"w":671,"h":90},"spriteSourceSize":{"x":0,"y":0,"w":671,"h":90},"frame":{"x":1,"y":93,"w":671,"h":90}},{"filename":"text-good","rotated":false,"trimmed":true,"sourceSize":{"w":515,"h":239},"spriteSourceSize":{"x":0,"y":3,"w":514,"h":234},"frame":{"x":1,"y":185,"w":514,"h":234}},{"filename":"text-failed","rotated":false,"trimmed":true,"sourceSize":{"w":503,"h":185},"spriteSourceSize":{"x":1,"y":0,"w":501,"h":184},"frame":{"x":1,"y":421,"w":501,"h":184}},{"filename":"text-failed-tr","rotated":false,"trimmed":false,"sourceSize":{"w":526,"h":110},"spriteSourceSize":{"x":0,"y":0,"w":526,"h":110},"frame":{"x":1,"y":607,"w":526,"h":110}},{"filename":"text-failed-ru","rotated":false,"trimmed":false,"sourceSize":{"w":507,"h":90},"spriteSourceSize":{"x":0,"y":0,"w":507,"h":90},"frame":{"x":1,"y":719,"w":507,"h":90}},{"filename":"leaf-left","rotated":false,"trimmed":true,"sourceSize":{"w":398,"h":183},"spriteSourceSize":{"x":1,"y":1,"w":396,"h":181},"frame":{"x":1,"y":811,"w":396,"h":181}},{"filename":"text-failed-es","rotated":false,"trimmed":false,"sourceSize":{"w":462,"h":90},"spriteSourceSize":{"x":0,"y":0,"w":462,"h":90},"frame":{"x":702,"y":1,"w":462,"h":90}},{"filename":"text-failed-pt","rotated":false,"trimmed":false,"sourceSize":{"w":384,"h":90},"spriteSourceSize":{"x":0,"y":0,"w":384,"h":90},"frame":{"x":674,"y":93,"w":384,"h":90}},{"filename":"bottom-panel","rotated":false,"trimmed":false,"sourceSize":{"w":552,"h":43},"spriteSourceSize":{"x":0,"y":0,"w":552,"h":43},"frame":{"x":517,"y":185,"w":552,"h":43}},{"filename":"middle-panel","rotated":false,"trimmed":false,"sourceSize":{"w":552,"h":43},"spriteSourceSize":{"x":0,"y":0,"w":552,"h":43},"frame":{"x":517,"y":230,"w":552,"h":43}},{"filename":"top-panel","rotated":false,"trimmed":false,"sourceSize":{"w":552,"h":43},"spriteSourceSize":{"x":0,"y":0,"w":552,"h":43},"frame":{"x":517,"y":275,"w":552,"h":43}},{"filename":"leaf-right","rotated":false,"trimmed":true,"sourceSize":{"w":360,"h":205},"spriteSourceSize":{"x":1,"y":1,"w":358,"h":202},"frame":{"x":517,"y":320,"w":358,"h":202}},{"filename":"text-good-ru","rotated":false,"trimmed":false,"sourceSize":{"w":324,"h":128},"spriteSourceSize":{"x":0,"y":0,"w":324,"h":128},"frame":{"x":1,"y":994,"w":324,"h":128}},{"filename":"text-failed-fr","rotated":false,"trimmed":false,"sourceSize":{"w":327,"h":107},"spriteSourceSize":{"x":0,"y":0,"w":327,"h":107},"frame":{"x":529,"y":524,"w":327,"h":107}},{"filename":"text-failed-id","rotated":false,"trimmed":false,"sourceSize":{"w":325,"h":96},"spriteSourceSize":{"x":0,"y":0,"w":325,"h":96},"frame":{"x":529,"y":633,"w":325,"h":96}},{"filename":"guide-tile3","rotated":false,"trimmed":true,"sourceSize":{"w":168,"h":172},"spriteSourceSize":{"x":1,"y":1,"w":166,"h":170},"frame":{"x":877,"y":320,"w":166,"h":170}},{"filename":"text-good-id","rotated":false,"trimmed":false,"sourceSize":{"w":229,"h":126},"spriteSourceSize":{"x":0,"y":0,"w":229,"h":126},"frame":{"x":510,"y":731,"w":229,"h":126}},{"filename":"guide-tile1","rotated":false,"trimmed":true,"sourceSize":{"w":164,"h":174},"spriteSourceSize":{"x":1,"y":1,"w":162,"h":173},"frame":{"x":741,"y":731,"w":162,"h":173}},{"filename":"tile-bg","rotated":false,"trimmed":false,"sourceSize":{"w":108,"h":112},"spriteSourceSize":{"x":0,"y":0,"w":108,"h":112},"frame":{"x":399,"y":811,"w":108,"h":112}},{"filename":"text-good-it","rotated":false,"trimmed":false,"sourceSize":{"w":216,"h":112},"spriteSourceSize":{"x":0,"y":0,"w":216,"h":112},"frame":{"x":509,"y":859,"w":216,"h":112}},{"filename":"text-failed-ja","rotated":false,"trimmed":false,"sourceSize":{"w":207,"h":111},"spriteSourceSize":{"x":0,"y":0,"w":207,"h":111},"frame":{"x":727,"y":906,"w":207,"h":111}},{"filename":"guide-tile2","rotated":false,"trimmed":true,"sourceSize":{"w":164,"h":174},"spriteSourceSize":{"x":1,"y":1,"w":162,"h":173},"frame":{"x":327,"y":994,"w":162,"h":173}},{"filename":"guide-tile4","rotated":false,"trimmed":true,"sourceSize":{"w":164,"h":174},"spriteSourceSize":{"x":1,"y":1,"w":162,"h":173},"frame":{"x":491,"y":973,"w":162,"h":173}},{"filename":"text-good-es","rotated":false,"trimmed":false,"sourceSize":{"w":199,"h":112},"spriteSourceSize":{"x":0,"y":0,"w":199,"h":112},"frame":{"x":655,"y":1019,"w":199,"h":112}},{"filename":"text-failed-zh","rotated":false,"trimmed":false,"sourceSize":{"w":185,"h":101},"spriteSourceSize":{"x":0,"y":0,"w":185,"h":101},"frame":{"x":877,"y":492,"w":185,"h":101}},{"filename":"text-good-fr","rotated":false,"trimmed":false,"sourceSize":{"w":199,"h":112},"spriteSourceSize":{"x":0,"y":0,"w":199,"h":112},"frame":{"x":858,"y":595,"w":199,"h":112}},{"filename":"text-good-ja","rotated":false,"trimmed":false,"sourceSize":{"w":176,"h":123},"spriteSourceSize":{"x":0,"y":0,"w":176,"h":123},"frame":{"x":905,"y":709,"w":176,"h":123}},{"filename":"text-good-zh","rotated":false,"trimmed":false,"sourceSize":{"w":175,"h":120},"spriteSourceSize":{"x":0,"y":0,"w":175,"h":120},"frame":{"x":936,"y":834,"w":175,"h":120}},{"filename":"text-good-de","rotated":false,"trimmed":false,"sourceSize":{"w":185,"h":114},"spriteSourceSize":{"x":0,"y":0,"w":185,"h":114},"frame":{"x":936,"y":956,"w":185,"h":114}},{"filename":"text-good-pt","rotated":false,"trimmed":false,"sourceSize":{"w":187,"h":114},"spriteSourceSize":{"x":0,"y":0,"w":187,"h":114},"frame":{"x":856,"y":1072,"w":187,"h":114}},{"filename":"guide-tile5","rotated":false,"trimmed":true,"sourceSize":{"w":112,"h":112},"spriteSourceSize":{"x":21,"y":1,"w":91,"h":108},"frame":{"x":1045,"y":1072,"w":91,"h":108}},{"filename":"hand","rotated":false,"trimmed":false,"sourceSize":{"w":87,"h":85},"spriteSourceSize":{"x":0,"y":0,"w":87,"h":85},"frame":{"x":1060,"y":93,"w":87,"h":85}},{"filename":"cross-wrong","rotated":false,"trimmed":true,"sourceSize":{"w":108,"h":108},"spriteSourceSize":{"x":1,"y":0,"w":106,"h":107},"frame":{"x":1071,"y":180,"w":106,"h":107}},{"filename":"text-good-tr","rotated":false,"trimmed":false,"sourceSize":{"w":140,"h":122},"spriteSourceSize":{"x":0,"y":0,"w":140,"h":122},"frame":{"x":1045,"y":320,"w":140,"h":122}},{"filename":"circle-highlight","rotated":false,"trimmed":false,"sourceSize":{"w":105,"h":105},"spriteSourceSize":{"x":0,"y":0,"w":105,"h":105},"frame":{"x":1064,"y":444,"w":105,"h":105}},{"filename":"blank","rotated":false,"trimmed":false,"sourceSize":{"w":100,"h":100},"spriteSourceSize":{"x":0,"y":0,"w":100,"h":100},"frame":{"x":1064,"y":551,"w":100,"h":100}},{"filename":"dot-wrong","rotated":false,"trimmed":false,"sourceSize":{"w":48,"h":48},"spriteSourceSize":{"x":0,"y":0,"w":48,"h":48},"frame":{"x":1,"y":1124,"w":48,"h":48}},{"filename":"rocket","rotated":false,"trimmed":false,"sourceSize":{"w":60,"h":78},"spriteSourceSize":{"x":0,"y":0,"w":60,"h":78},"frame":{"x":1083,"y":653,"w":60,"h":78}},{"filename":"line-wrong","rotated":false,"trimmed":true,"sourceSize":{"w":64,"h":18},"spriteSourceSize":{"x":0,"y":1,"w":64,"h":16},"frame":{"x":399,"y":925,"w":64,"h":16}},{"filename":"bomb","rotated":false,"trimmed":false,"sourceSize":{"w":30,"h":32},"spriteSourceSize":{"x":0,"y":0,"w":30,"h":32},"frame":{"x":655,"y":973,"w":30,"h":32}}]}],"meta":{"app":"https://www.codeandweb.com/texturepacker","version":"3.0","smartupdate":"$TexturePacker:SmartUpdate:46344221ed643c9af26a40afdd449c84:b9af8374fa3cfb8d6d0f06daa9ab8a32:3998b16de870b2ed7b39522da8e735e5$"}}