[1,0,0,[["cc.JsonAsset",["_name","json"],1]],[[0,0,1,3]],[[0,"level_002101-30",[{"layers":[{"index":0,"tiles":[{"x":2.5,"y":-7.5},{"x":3.5,"y":-7.5},{"x":4.5,"y":-7.5},{"x":5.5,"y":-7.5},{"x":6.5,"y":-7.5},{"x":7.5,"y":-7.5},{"x":8.5,"y":-7.5},{"x":3,"y":-6.5},{"x":4,"y":-6.5},{"x":5,"y":-6.5},{"x":6,"y":-6.5},{"x":7,"y":-6.5},{"x":8,"y":-6.5},{"x":4,"y":-5.5},{"x":5,"y":-5.5},{"x":6,"y":-5.5},{"x":7,"y":-5.5},{"x":1.5,"y":-5},{"x":2.5,"y":-5},{"x":8.5,"y":-5},{"x":9.5,"y":-5},{"x":4.5,"y":-4.5},{"x":5.5,"y":-4.5},{"x":6.5,"y":-4.5},{"x":1.5,"y":-4},{"x":2.5,"y":-4},{"x":8.5,"y":-4},{"x":9.5,"y":-4},{"x":2,"y":-3},{"x":3,"y":-3},{"x":4,"y":-3},{"x":5,"y":-3},{"x":6,"y":-3},{"x":7,"y":-3},{"x":8,"y":-3},{"x":9,"y":-3},{"x":3.5,"y":-2},{"x":4.5,"y":-2},{"x":5.5,"y":-2},{"x":6.5,"y":-2},{"x":7.5,"y":-2}]},{"index":1,"tiles":[{"x":2.5,"y":-7.5},{"x":3.5,"y":-7.5},{"x":4.5,"y":-7.5},{"x":5.5,"y":-7.5},{"x":6.5,"y":-7.5},{"x":7.5,"y":-7.5},{"x":8.5,"y":-7.5},{"x":3,"y":-6.5},{"x":4,"y":-6.5},{"x":5,"y":-6.5},{"x":6,"y":-6.5},{"x":7,"y":-6.5},{"x":8,"y":-6.5},{"x":4,"y":-5.5},{"x":5,"y":-5.5},{"x":6,"y":-5.5},{"x":7,"y":-5.5},{"x":1.5,"y":-5},{"x":2.5,"y":-5},{"x":8.5,"y":-5},{"x":9.5,"y":-5},{"x":4.5,"y":-4.5},{"x":5.5,"y":-4.5},{"x":6.5,"y":-4.5},{"x":1.5,"y":-4},{"x":2.5,"y":-4},{"x":8.5,"y":-4},{"x":9.5,"y":-4},{"x":2,"y":-3},{"x":3,"y":-3},{"x":4,"y":-3},{"x":5,"y":-3},{"x":6,"y":-3},{"x":7,"y":-3},{"x":8,"y":-3},{"x":9,"y":-3},{"x":3.5,"y":-2},{"x":4.5,"y":-2},{"x":5.5,"y":-2},{"x":6.5,"y":-2},{"x":7.5,"y":-2}]},{"index":2,"tiles":[{"x":2.5,"y":-7.5},{"x":3.5,"y":-7.5},{"x":4.5,"y":-7.5},{"x":5.5,"y":-7.5},{"x":6.5,"y":-7.5},{"x":7.5,"y":-7.5},{"x":8.5,"y":-7.5},{"x":3,"y":-6.5},{"x":4,"y":-6.5},{"x":5,"y":-6.5},{"x":6,"y":-6.5},{"x":7,"y":-6.5},{"x":8,"y":-6.5},{"x":4,"y":-5.5},{"x":5,"y":-5.5},{"x":6,"y":-5.5},{"x":7,"y":-5.5},{"x":1.5,"y":-5},{"x":2.5,"y":-5},{"x":8.5,"y":-5},{"x":9.5,"y":-5},{"x":4.5,"y":-4.5},{"x":5.5,"y":-4.5},{"x":6.5,"y":-4.5},{"x":1.5,"y":-4},{"x":2.5,"y":-4},{"x":8.5,"y":-4},{"x":9.5,"y":-4},{"x":2,"y":-3},{"x":3,"y":-3},{"x":4,"y":-3},{"x":5,"y":-3},{"x":6,"y":-3},{"x":7,"y":-3},{"x":8,"y":-3},{"x":9,"y":-3},{"x":3.5,"y":-2},{"x":4.5,"y":-2},{"x":5.5,"y":-2},{"x":6.5,"y":-2},{"x":7.5,"y":-2}]},{"index":3,"tiles":[{"x":4.5,"y":-7.5},{"x":6.5,"y":-7.5},{"x":3.5,"y":-7},{"x":5.5,"y":-7},{"x":7.5,"y":-7},{"x":4.5,"y":-6.5},{"x":6.5,"y":-6.5},{"x":5.5,"y":-6},{"x":4.5,"y":-5.5},{"x":6.5,"y":-5.5},{"x":5.5,"y":-5},{"x":2,"y":-4.5},{"x":9,"y":-4.5},{"x":4,"y":-2.5},{"x":5,"y":-2.5},{"x":6,"y":-2.5},{"x":7,"y":-2.5}]}],"seeds":["oII6mhN96QceIRYIiiQ+3AImnQaFBhh+JyOAE1cgDLVcXTNV2GI11EN0XZA8AVJi08RxFbcF0+N43lc5XBVw4VAZ4gF6oldJZrFMEDVQ1Sd6UaeEoCda2QZ2qpd9yih6wSWQGFaFAoFx"]},{"layers":[{"index":0,"tiles":[{"x":2.5,"y":-8.5},{"x":8.5,"y":-8.5},{"x":5.5,"y":-8},{"x":3.5,"y":-7.5},{"x":4.5,"y":-7.5},{"x":6.5,"y":-7.5},{"x":7.5,"y":-7.5},{"x":3.5,"y":-6.5},{"x":5,"y":-6.5},{"x":6,"y":-6.5},{"x":7.5,"y":-6.5},{"x":3.5,"y":-5.5},{"x":5.5,"y":-5.5},{"x":7.5,"y":-5.5},{"x":2.5,"y":-5},{"x":4.5,"y":-5},{"x":6.5,"y":-5},{"x":8.5,"y":-5},{"x":3.5,"y":-4.5},{"x":5.5,"y":-4.5},{"x":7.5,"y":-4.5},{"x":3.5,"y":-3.5},{"x":5,"y":-3.5},{"x":6,"y":-3.5},{"x":7.5,"y":-3.5},{"x":3.5,"y":-2.5},{"x":4.5,"y":-2.5},{"x":6.5,"y":-2.5},{"x":7.5,"y":-2.5},{"x":5.5,"y":-2},{"x":2.5,"y":-1.5},{"x":8.5,"y":-1.5}]},{"index":1,"tiles":[{"x":2.5,"y":-8.5},{"x":8.5,"y":-8.5},{"x":5.5,"y":-8},{"x":3.5,"y":-7.5},{"x":4.5,"y":-7.5},{"x":6.5,"y":-7.5},{"x":7.5,"y":-7.5},{"x":3.5,"y":-6.5},{"x":5,"y":-6.5},{"x":6,"y":-6.5},{"x":7.5,"y":-6.5},{"x":3.5,"y":-5.5},{"x":5.5,"y":-5.5},{"x":7.5,"y":-5.5},{"x":4.5,"y":-5},{"x":6.5,"y":-5},{"x":8.5,"y":-5},{"x":3.5,"y":-4.5},{"x":5.5,"y":-4.5},{"x":7.5,"y":-4.5},{"x":3.5,"y":-3.5},{"x":5,"y":-3.5},{"x":6,"y":-3.5},{"x":7.5,"y":-3.5},{"x":3.5,"y":-2.5},{"x":4.5,"y":-2.5},{"x":6.5,"y":-2.5},{"x":7.5,"y":-2.5},{"x":5.5,"y":-2},{"x":2.5,"y":-1.5},{"x":8.5,"y":-1.5}]},{"index":2,"tiles":[{"x":2.5,"y":-8.5},{"x":8.5,"y":-8.5},{"x":5.5,"y":-8},{"x":3.5,"y":-7.5},{"x":4.5,"y":-7.5},{"x":6.5,"y":-7.5},{"x":7.5,"y":-7.5},{"x":3.5,"y":-6.5},{"x":5,"y":-6.5},{"x":6,"y":-6.5},{"x":7.5,"y":-6.5},{"x":3.5,"y":-5.5},{"x":5.5,"y":-5.5},{"x":7.5,"y":-5.5},{"x":4.5,"y":-5},{"x":6.5,"y":-5},{"x":8.5,"y":-5},{"x":3.5,"y":-4.5},{"x":5.5,"y":-4.5},{"x":7.5,"y":-4.5},{"x":3.5,"y":-3.5},{"x":5,"y":-3.5},{"x":6,"y":-3.5},{"x":7.5,"y":-3.5},{"x":3.5,"y":-2.5},{"x":4.5,"y":-2.5},{"x":6.5,"y":-2.5},{"x":7.5,"y":-2.5},{"x":5.5,"y":-2},{"x":2.5,"y":-1.5},{"x":8.5,"y":-1.5}]},{"index":3,"tiles":[{"x":2.5,"y":-8.5},{"x":8.5,"y":-8.5},{"x":5.5,"y":-8},{"x":3.5,"y":-7.5},{"x":4.5,"y":-7.5},{"x":6.5,"y":-7.5},{"x":7.5,"y":-7.5},{"x":3.5,"y":-6.5},{"x":5,"y":-6.5},{"x":6,"y":-6.5},{"x":7.5,"y":-6.5},{"x":3.5,"y":-5.5},{"x":5.5,"y":-5.5},{"x":7.5,"y":-5.5},{"x":4.5,"y":-5},{"x":6.5,"y":-5},{"x":8.5,"y":-5},{"x":3.5,"y":-4.5},{"x":5.5,"y":-4.5},{"x":7.5,"y":-4.5},{"x":3.5,"y":-3.5},{"x":5,"y":-3.5},{"x":6,"y":-3.5},{"x":7.5,"y":-3.5},{"x":3.5,"y":-2.5},{"x":4.5,"y":-2.5},{"x":6.5,"y":-2.5},{"x":7.5,"y":-2.5},{"x":5.5,"y":-2},{"x":2.5,"y":-1.5},{"x":8.5,"y":-1.5}]},{"index":4,"tiles":[{"x":5.5,"y":-5}]}],"seeds":["yQB+HhSG3ncETsghEZd5XfItQ/alk7mMU7iBTOdhFhSCXAUekieKjKKEz1agkRQyC9hVRMApD7V4oTB1kyZwncENgWEFl4pRgqCA4qCBlShUDdV0ZSEKpAgilEOczAUA"]},{"layers":[{"index":0,"tiles":[{"x":2.5,"y":-8.5},{"x":3.5,"y":-8.5},{"x":4.5,"y":-8.5},{"x":5.5,"y":-8.5},{"x":6.5,"y":-8.5},{"x":7.5,"y":-8.5},{"x":8.5,"y":-8.5},{"x":2.5,"y":-7.5},{"x":3.5,"y":-7.5},{"x":5.5,"y":-7.5},{"x":7.5,"y":-7.5},{"x":8.5,"y":-7.5},{"x":2.5,"y":-6.5},{"x":4.5,"y":-6.5},{"x":5.5,"y":-6.5},{"x":6.5,"y":-6.5},{"x":8.5,"y":-6.5},{"x":2.5,"y":-5.5},{"x":3.5,"y":-5.5},{"x":5.5,"y":-5.5},{"x":7.5,"y":-5.5},{"x":8.5,"y":-5.5},{"x":2.5,"y":-4.5},{"x":3.5,"y":-4.5},{"x":4.5,"y":-4.5},{"x":6.5,"y":-4.5},{"x":7.5,"y":-4.5},{"x":8.5,"y":-4.5},{"x":2.5,"y":-3.5},{"x":5.5,"y":-3.5},{"x":8.5,"y":-3.5},{"x":4.5,"y":-3},{"x":6.5,"y":-3},{"x":2.5,"y":-2.5},{"x":8.5,"y":-2.5},{"x":5,"y":-2},{"x":6,"y":-2},{"x":2,"y":-1.5},{"x":3,"y":-1.5},{"x":8,"y":-1.5},{"x":9,"y":-1.5}]},{"index":1,"tiles":[{"x":2.5,"y":-8.5},{"x":3.5,"y":-8.5},{"x":4.5,"y":-8.5},{"x":5.5,"y":-8.5},{"x":6.5,"y":-8.5},{"x":7.5,"y":-8.5},{"x":8.5,"y":-8.5},{"x":2.5,"y":-7.5},{"x":3.5,"y":-7.5},{"x":5.5,"y":-7.5},{"x":7.5,"y":-7.5},{"x":8.5,"y":-7.5},{"x":2.5,"y":-6.5},{"x":4.5,"y":-6.5},{"x":5.5,"y":-6.5},{"x":6.5,"y":-6.5},{"x":8.5,"y":-6.5},{"x":2.5,"y":-5.5},{"x":3.5,"y":-5.5},{"x":5.5,"y":-5.5},{"x":7.5,"y":-5.5},{"x":8.5,"y":-5.5},{"x":2.5,"y":-4.5},{"x":3.5,"y":-4.5},{"x":4.5,"y":-4.5},{"x":6.5,"y":-4.5},{"x":7.5,"y":-4.5},{"x":8.5,"y":-4.5},{"x":2.5,"y":-3.5},{"x":5.5,"y":-3.5},{"x":8.5,"y":-3.5},{"x":4.5,"y":-3},{"x":6.5,"y":-3},{"x":2.5,"y":-2.5},{"x":8.5,"y":-2.5},{"x":5,"y":-2},{"x":6,"y":-2},{"x":2,"y":-1.5},{"x":3,"y":-1.5},{"x":8,"y":-1.5},{"x":9,"y":-1.5}]},{"index":2,"tiles":[{"x":2.5,"y":-8.5},{"x":3.5,"y":-8.5},{"x":4.5,"y":-8.5},{"x":5.5,"y":-8.5},{"x":6.5,"y":-8.5},{"x":7.5,"y":-8.5},{"x":8.5,"y":-8.5},{"x":2.5,"y":-7.5},{"x":3.5,"y":-7.5},{"x":5.5,"y":-7.5},{"x":7.5,"y":-7.5},{"x":8.5,"y":-7.5},{"x":2.5,"y":-6.5},{"x":4.5,"y":-6.5},{"x":5.5,"y":-6.5},{"x":6.5,"y":-6.5},{"x":8.5,"y":-6.5},{"x":2.5,"y":-5.5},{"x":3.5,"y":-5.5},{"x":5.5,"y":-5.5},{"x":7.5,"y":-5.5},{"x":8.5,"y":-5.5},{"x":2.5,"y":-4.5},{"x":3.5,"y":-4.5},{"x":4.5,"y":-4.5},{"x":6.5,"y":-4.5},{"x":7.5,"y":-4.5},{"x":8.5,"y":-4.5},{"x":2.5,"y":-3.5},{"x":5.5,"y":-3.5},{"x":8.5,"y":-3.5},{"x":4.5,"y":-3},{"x":6.5,"y":-3},{"x":2.5,"y":-2.5},{"x":8.5,"y":-2.5},{"x":5,"y":-2},{"x":6,"y":-2},{"x":2,"y":-1.5},{"x":3,"y":-1.5},{"x":8,"y":-1.5},{"x":9,"y":-1.5}]},{"index":3,"tiles":[{"x":5.5,"y":-3.5},{"x":4.5,"y":-3},{"x":6.5,"y":-3},{"x":5,"y":-2},{"x":6,"y":-2}]}],"seeds":["iQJaY3iFApd13xOAnMBRaPdFYTVME4N8VSCA3gkukYcMZOdN4AQZRCepoYF54lIUDBc04hZ4W0hVHyOEIpiIFiOGi8Y94nAdBOaAivN13cIpJZV+2hE2nmhWCkhlIiQN"]},{"layers":[{"index":0,"tiles":[{"x":5,"y":-8.5},{"x":6,"y":-8.5},{"x":4,"y":-8},{"x":7,"y":-8},{"x":3,"y":-7.5},{"x":5,"y":-7.5},{"x":6,"y":-7.5},{"x":8,"y":-7.5},{"x":4,"y":-7},{"x":7,"y":-7},{"x":2,"y":-6.5},{"x":3,"y":-6.5},{"x":5,"y":-6.5},{"x":6,"y":-6.5},{"x":8,"y":-6.5},{"x":9,"y":-6.5},{"x":4,"y":-6},{"x":7,"y":-6},{"x":3,"y":-5.5},{"x":5,"y":-5.5},{"x":6,"y":-5.5},{"x":8,"y":-5.5},{"x":4,"y":-5},{"x":7,"y":-5},{"x":5.5,"y":-4.5},{"x":4,"y":-4},{"x":7,"y":-4},{"x":5.5,"y":-3.5},{"x":4,"y":-3},{"x":7,"y":-3},{"x":5.5,"y":-2.5},{"x":4,"y":-2},{"x":7,"y":-2},{"x":5.5,"y":-1.5},{"x":3.5,"y":-1},{"x":4.5,"y":-1},{"x":6.5,"y":-1},{"x":7.5,"y":-1}]},{"index":1,"tiles":[{"x":5,"y":-8.5},{"x":6,"y":-8.5},{"x":4,"y":-8},{"x":7,"y":-8},{"x":3,"y":-7.5},{"x":5.5,"y":-7.5},{"x":8,"y":-7.5},{"x":4.5,"y":-7},{"x":6.5,"y":-7},{"x":2,"y":-6.5},{"x":3.5,"y":-6.5},{"x":5.5,"y":-6.5},{"x":7.5,"y":-6.5},{"x":9,"y":-6.5},{"x":4.5,"y":-6},{"x":6.5,"y":-6},{"x":3,"y":-5.5},{"x":5.5,"y":-5.5},{"x":8,"y":-5.5},{"x":4,"y":-5},{"x":7,"y":-5},{"x":5.5,"y":-4.5},{"x":4,"y":-4},{"x":7,"y":-4},{"x":5.5,"y":-3.5},{"x":4,"y":-3},{"x":7,"y":-3},{"x":5.5,"y":-2.5},{"x":4,"y":-2},{"x":7,"y":-2},{"x":5.5,"y":-1.5},{"x":3.5,"y":-1},{"x":4.5,"y":-1},{"x":6.5,"y":-1},{"x":7.5,"y":-1}]},{"index":2,"tiles":[{"x":5,"y":-8.5},{"x":6,"y":-8.5},{"x":4,"y":-8},{"x":7,"y":-8},{"x":3,"y":-7.5},{"x":5.5,"y":-7.5},{"x":8,"y":-7.5},{"x":4.5,"y":-7},{"x":6.5,"y":-7},{"x":2,"y":-6.5},{"x":3.5,"y":-6.5},{"x":5.5,"y":-6.5},{"x":7.5,"y":-6.5},{"x":9,"y":-6.5},{"x":4.5,"y":-6},{"x":6.5,"y":-6},{"x":3,"y":-5.5},{"x":5.5,"y":-5.5},{"x":8,"y":-5.5},{"x":4,"y":-5},{"x":7,"y":-5},{"x":5.5,"y":-4.5},{"x":4,"y":-4},{"x":7,"y":-4},{"x":5.5,"y":-3.5},{"x":4,"y":-3},{"x":7,"y":-3},{"x":5.5,"y":-2.5},{"x":4,"y":-2},{"x":7,"y":-2},{"x":5.5,"y":-1.5},{"x":3.5,"y":-1},{"x":4.5,"y":-1},{"x":6.5,"y":-1},{"x":7.5,"y":-1}]}],"seeds":["VeCBYGiBjClaAvF0iMSE0jAVlGN4qNF9loB4TfKF4RdiC5RBw/eABwiK1NUlnVhoFUVdwTSIUcZxHzgqBKhZ5+eECxelouqJXNko4IB9B/iR"]},{"layers":[{"index":0,"tiles":[{"x":2.5,"y":-8.5},{"x":3.5,"y":-8.5},{"x":7.5,"y":-8.5},{"x":8.5,"y":-8.5},{"x":4.5,"y":-8},{"x":6.5,"y":-8},{"x":2.5,"y":-7.5},{"x":3.5,"y":-7.5},{"x":7.5,"y":-7.5},{"x":8.5,"y":-7.5},{"x":5,"y":-7},{"x":6,"y":-7},{"x":2.5,"y":-6.5},{"x":3.5,"y":-6.5},{"x":7.5,"y":-6.5},{"x":8.5,"y":-6.5},{"x":4.5,"y":-6},{"x":5.5,"y":-6},{"x":6.5,"y":-6},{"x":2.5,"y":-5.5},{"x":3.5,"y":-5.5},{"x":7.5,"y":-5.5},{"x":8.5,"y":-5.5},{"x":5,"y":-5},{"x":6,"y":-5},{"x":2.5,"y":-4.5},{"x":3.5,"y":-4.5},{"x":7.5,"y":-4.5},{"x":8.5,"y":-4.5},{"x":4.5,"y":-4},{"x":5.5,"y":-4},{"x":6.5,"y":-4},{"x":2.5,"y":-3.5},{"x":3.5,"y":-3.5},{"x":7.5,"y":-3.5},{"x":8.5,"y":-3.5},{"x":5,"y":-3},{"x":6,"y":-3},{"x":2.5,"y":-2.5},{"x":3.5,"y":-2.5},{"x":7.5,"y":-2.5},{"x":8.5,"y":-2.5},{"x":5.5,"y":-2},{"x":2.5,"y":-1.5},{"x":3.5,"y":-1.5},{"x":4.5,"y":-1.5},{"x":6.5,"y":-1.5},{"x":7.5,"y":-1.5},{"x":8.5,"y":-1.5}]},{"index":1,"tiles":[{"x":2.5,"y":-8.5},{"x":3.5,"y":-8.5},{"x":7.5,"y":-8.5},{"x":8.5,"y":-8.5},{"x":4.5,"y":-8},{"x":6.5,"y":-8},{"x":2.5,"y":-7.5},{"x":3.5,"y":-7.5},{"x":7.5,"y":-7.5},{"x":8.5,"y":-7.5},{"x":5,"y":-7},{"x":6,"y":-7},{"x":2.5,"y":-6.5},{"x":3.5,"y":-6.5},{"x":7.5,"y":-6.5},{"x":8.5,"y":-6.5},{"x":4.5,"y":-6},{"x":5.5,"y":-6},{"x":6.5,"y":-6},{"x":2.5,"y":-5.5},{"x":3.5,"y":-5.5},{"x":7.5,"y":-5.5},{"x":8.5,"y":-5.5},{"x":5,"y":-5},{"x":6,"y":-5},{"x":2.5,"y":-4.5},{"x":3.5,"y":-4.5},{"x":7.5,"y":-4.5},{"x":8.5,"y":-4.5},{"x":4.5,"y":-4},{"x":5.5,"y":-4},{"x":6.5,"y":-4},{"x":2.5,"y":-3.5},{"x":3.5,"y":-3.5},{"x":7.5,"y":-3.5},{"x":8.5,"y":-3.5},{"x":5,"y":-3},{"x":6,"y":-3},{"x":2.5,"y":-2.5},{"x":3.5,"y":-2.5},{"x":7.5,"y":-2.5},{"x":8.5,"y":-2.5},{"x":5.5,"y":-2},{"x":2.5,"y":-1.5},{"x":3.5,"y":-1.5},{"x":4.5,"y":-1.5},{"x":6.5,"y":-1.5},{"x":7.5,"y":-1.5},{"x":8.5,"y":-1.5}]},{"index":2,"tiles":[{"x":4.5,"y":-8},{"x":6.5,"y":-8},{"x":5,"y":-7},{"x":6,"y":-7},{"x":4.5,"y":-6},{"x":5.5,"y":-6},{"x":6.5,"y":-6},{"x":5,"y":-5},{"x":6,"y":-5},{"x":4.5,"y":-4},{"x":5.5,"y":-4},{"x":6.5,"y":-4},{"x":5,"y":-3},{"x":6,"y":-3},{"x":5.5,"y":-2}]},{"index":3,"tiles":[{"x":5.5,"y":-6.5},{"x":5.5,"y":-5.5},{"x":5.5,"y":-4.5},{"x":5.5,"y":-3.5},{"x":5.5,"y":-2.5}]}],"seeds":["0HMgnPcJCRJ0giqCTcd9AshUXgp+DjGIChMqjvERlPKdIGeFXYN1izZAUjFxFfV1WLB5lmcqEVhMI7hcEyei4JGI4QFeT7YEhihNohKE3ZIdQqRoW1iSXAgA"]},{"layers":[{"index":0,"tiles":[{"x":3,"y":-8},{"x":8,"y":-8},{"x":2,"y":-7.5},{"x":4,"y":-7.5},{"x":5,"y":-7.5},{"x":6,"y":-7.5},{"x":7,"y":-7.5},{"x":9,"y":-7.5},{"x":3,"y":-7},{"x":8,"y":-7},{"x":2,"y":-6.5},{"x":4,"y":-6.5},{"x":5,"y":-6.5},{"x":6,"y":-6.5},{"x":7,"y":-6.5},{"x":9,"y":-6.5},{"x":3,"y":-6},{"x":8,"y":-6},{"x":2,"y":-5.5},{"x":4,"y":-5.5},{"x":5,"y":-5.5},{"x":6,"y":-5.5},{"x":7,"y":-5.5},{"x":9,"y":-5.5},{"x":3,"y":-5},{"x":8,"y":-5},{"x":2,"y":-4.5},{"x":4,"y":-4.5},{"x":5,"y":-4.5},{"x":6,"y":-4.5},{"x":7,"y":-4.5},{"x":9,"y":-4.5},{"x":3,"y":-4},{"x":8,"y":-4},{"x":2,"y":-3.5},{"x":4,"y":-3.5},{"x":5,"y":-3.5},{"x":6,"y":-3.5},{"x":7,"y":-3.5},{"x":9,"y":-3.5},{"x":3,"y":-3},{"x":8,"y":-3},{"x":2,"y":-2.5},{"x":4.5,"y":-2.5},{"x":5.5,"y":-2.5},{"x":6.5,"y":-2.5},{"x":9,"y":-2.5},{"x":5,"y":-1.5},{"x":6,"y":-1.5}]},{"index":1,"tiles":[{"x":3,"y":-8},{"x":8,"y":-8},{"x":2,"y":-7.5},{"x":4,"y":-7.5},{"x":5,"y":-7.5},{"x":6,"y":-7.5},{"x":7,"y":-7.5},{"x":9,"y":-7.5},{"x":3,"y":-7},{"x":8,"y":-7},{"x":2,"y":-6.5},{"x":4,"y":-6.5},{"x":5,"y":-6.5},{"x":6,"y":-6.5},{"x":7,"y":-6.5},{"x":9,"y":-6.5},{"x":3,"y":-6},{"x":8,"y":-6},{"x":2,"y":-5.5},{"x":4,"y":-5.5},{"x":5,"y":-5.5},{"x":6,"y":-5.5},{"x":7,"y":-5.5},{"x":9,"y":-5.5},{"x":3,"y":-5},{"x":8,"y":-5},{"x":2,"y":-4.5},{"x":4,"y":-4.5},{"x":5,"y":-4.5},{"x":6,"y":-4.5},{"x":7,"y":-4.5},{"x":9,"y":-4.5},{"x":3,"y":-4},{"x":8,"y":-4},{"x":2,"y":-3.5},{"x":4,"y":-3.5},{"x":5,"y":-3.5},{"x":6,"y":-3.5},{"x":7,"y":-3.5},{"x":9,"y":-3.5},{"x":3,"y":-3},{"x":8,"y":-3},{"x":2,"y":-2.5},{"x":4.5,"y":-2.5},{"x":5.5,"y":-2.5},{"x":6.5,"y":-2.5},{"x":9,"y":-2.5},{"x":5,"y":-1.5},{"x":6,"y":-1.5}]},{"index":2,"tiles":[{"x":3,"y":-7.5},{"x":8,"y":-7.5},{"x":2,"y":-7},{"x":4,"y":-7},{"x":5,"y":-7},{"x":6,"y":-7},{"x":7,"y":-7},{"x":9,"y":-7},{"x":3,"y":-6.5},{"x":8,"y":-6.5},{"x":2,"y":-6},{"x":4,"y":-6},{"x":5,"y":-6},{"x":6,"y":-6},{"x":7,"y":-6},{"x":9,"y":-6},{"x":3,"y":-5.5},{"x":8,"y":-5.5},{"x":2,"y":-5},{"x":4,"y":-5},{"x":5,"y":-5},{"x":6,"y":-5},{"x":7,"y":-5},{"x":9,"y":-5},{"x":3,"y":-4.5},{"x":8,"y":-4.5},{"x":2,"y":-4},{"x":4,"y":-4},{"x":5,"y":-4},{"x":6,"y":-4},{"x":7,"y":-4},{"x":9,"y":-4},{"x":3,"y":-3.5},{"x":8,"y":-3.5},{"x":2,"y":-3},{"x":9,"y":-3},{"x":4.5,"y":-2.5},{"x":5.5,"y":-2.5},{"x":6.5,"y":-2.5},{"x":5,"y":-1.5},{"x":6,"y":-1.5}]},{"index":3,"tiles":[{"x":4.5,"y":-6.5},{"x":5.5,"y":-6.5},{"x":6.5,"y":-6.5},{"x":4.5,"y":-5.5},{"x":5.5,"y":-5.5},{"x":6.5,"y":-5.5},{"x":4.5,"y":-4.5},{"x":5.5,"y":-4.5},{"x":6.5,"y":-4.5}]}],"seeds":["maYEgvUpxHSVYABCYQF6S0GkYnN4k4KFHoeIpzCJgyVGi0EZVMB5njii4eIEjPg0ISheYVcxEMMMEUaA4scFUrcgYVd9k0h+D3gEnCg1jdR1mQCZDshVmmR9XsJ9VFiFg6WGHQUOxAYmisBx4AaF"]},{"layers":[{"index":0,"tiles":[{"x":4,"y":-8.5},{"x":5,"y":-8.5},{"x":6,"y":-8.5},{"x":7,"y":-8.5},{"x":3,"y":-7.5},{"x":4,"y":-7.5},{"x":7,"y":-7.5},{"x":8,"y":-7.5},{"x":5.5,"y":-7},{"x":2,"y":-6.5},{"x":3,"y":-6.5},{"x":4,"y":-6.5},{"x":7,"y":-6.5},{"x":8,"y":-6.5},{"x":9,"y":-6.5},{"x":2,"y":-5.5},{"x":5,"y":-5.5},{"x":6,"y":-5.5},{"x":9,"y":-5.5},{"x":3.5,"y":-5},{"x":7.5,"y":-5},{"x":2,"y":-4.5},{"x":5,"y":-4.5},{"x":6,"y":-4.5},{"x":9,"y":-4.5},{"x":2,"y":-3.5},{"x":3,"y":-3.5},{"x":4,"y":-3.5},{"x":7,"y":-3.5},{"x":8,"y":-3.5},{"x":9,"y":-3.5},{"x":5.5,"y":-3},{"x":3,"y":-2.5},{"x":4,"y":-2.5},{"x":7,"y":-2.5},{"x":8,"y":-2.5},{"x":4,"y":-1.5},{"x":5,"y":-1.5},{"x":6,"y":-1.5},{"x":7,"y":-1.5}]},{"index":1,"tiles":[{"x":4,"y":-8.5},{"x":5,"y":-8.5},{"x":6,"y":-8.5},{"x":7,"y":-8.5},{"x":3,"y":-7.5},{"x":4,"y":-7.5},{"x":7,"y":-7.5},{"x":8,"y":-7.5},{"x":5.5,"y":-7},{"x":2,"y":-6.5},{"x":3,"y":-6.5},{"x":4,"y":-6.5},{"x":7,"y":-6.5},{"x":8,"y":-6.5},{"x":9,"y":-6.5},{"x":2,"y":-5.5},{"x":5,"y":-5.5},{"x":6,"y":-5.5},{"x":9,"y":-5.5},{"x":3.5,"y":-5},{"x":7.5,"y":-5},{"x":2,"y":-4.5},{"x":5,"y":-4.5},{"x":6,"y":-4.5},{"x":9,"y":-4.5},{"x":2,"y":-3.5},{"x":3,"y":-3.5},{"x":4,"y":-3.5},{"x":7,"y":-3.5},{"x":8,"y":-3.5},{"x":9,"y":-3.5},{"x":5.5,"y":-3},{"x":3,"y":-2.5},{"x":4,"y":-2.5},{"x":7,"y":-2.5},{"x":8,"y":-2.5},{"x":4,"y":-1.5},{"x":5,"y":-1.5},{"x":6,"y":-1.5},{"x":7,"y":-1.5}]},{"index":2,"tiles":[{"x":4,"y":-8.5},{"x":5,"y":-8.5},{"x":6,"y":-8.5},{"x":7,"y":-8.5},{"x":3,"y":-7.5},{"x":4,"y":-7.5},{"x":7,"y":-7.5},{"x":8,"y":-7.5},{"x":2,"y":-6.5},{"x":3,"y":-6.5},{"x":4,"y":-6.5},{"x":7,"y":-6.5},{"x":8,"y":-6.5},{"x":9,"y":-6.5},{"x":2,"y":-5.5},{"x":9,"y":-5.5},{"x":2,"y":-4.5},{"x":9,"y":-4.5},{"x":2,"y":-3.5},{"x":3,"y":-3.5},{"x":4,"y":-3.5},{"x":7,"y":-3.5},{"x":8,"y":-3.5},{"x":9,"y":-3.5},{"x":3,"y":-2.5},{"x":4,"y":-2.5},{"x":7,"y":-2.5},{"x":8,"y":-2.5},{"x":4,"y":-1.5},{"x":5,"y":-1.5},{"x":6,"y":-1.5},{"x":7,"y":-1.5}]},{"index":3,"tiles":[{"x":4,"y":-8.5},{"x":5,"y":-8.5},{"x":6,"y":-8.5},{"x":7,"y":-8.5},{"x":3,"y":-7.5},{"x":4,"y":-7.5},{"x":7,"y":-7.5},{"x":8,"y":-7.5},{"x":2,"y":-6.5},{"x":3,"y":-6.5},{"x":4,"y":-6.5},{"x":7,"y":-6.5},{"x":8,"y":-6.5},{"x":9,"y":-6.5},{"x":2,"y":-5.5},{"x":9,"y":-5.5},{"x":2,"y":-4.5},{"x":9,"y":-4.5},{"x":2,"y":-3.5},{"x":3,"y":-3.5},{"x":4,"y":-3.5},{"x":7,"y":-3.5},{"x":8,"y":-3.5},{"x":9,"y":-3.5},{"x":3,"y":-2.5},{"x":4,"y":-2.5},{"x":7,"y":-2.5},{"x":8,"y":-2.5},{"x":4,"y":-1.5},{"x":5,"y":-1.5},{"x":6,"y":-1.5},{"x":7,"y":-1.5}]}],"seeds":["zdU0nxZ+07IMhtiJnSYWHQGGGNcIXGh2opcN1eSBIUGF3iWEAQOKUVh8xVQpigNlYwF2CrhB30Z8RCJJjAd+IWp5huVxTrJwp2pxVBSI1RIwA/WJ4BM01jCBIsUxTYlxKXeQB6J0H/KAoFAJ"]},{"layers":[{"index":0,"tiles":[{"x":4.5,"y":-9},{"x":5.5,"y":-9},{"x":6.5,"y":-9},{"x":4,"y":-8},{"x":5,"y":-8},{"x":6,"y":-8},{"x":7,"y":-8},{"x":3.5,"y":-7},{"x":4.5,"y":-7},{"x":5.5,"y":-7},{"x":6.5,"y":-7},{"x":7.5,"y":-7},{"x":3.5,"y":-6},{"x":4.5,"y":-6},{"x":5.5,"y":-6},{"x":6.5,"y":-6},{"x":7.5,"y":-6},{"x":5,"y":-5},{"x":6,"y":-5},{"x":5,"y":-4},{"x":6,"y":-4},{"x":5,"y":-3},{"x":6,"y":-3},{"x":3.5,"y":-2},{"x":4.5,"y":-2},{"x":5.5,"y":-2},{"x":6.5,"y":-2},{"x":7.5,"y":-2},{"x":3.5,"y":-1},{"x":4.5,"y":-1},{"x":5.5,"y":-1},{"x":6.5,"y":-1},{"x":7.5,"y":-1}]},{"index":1,"tiles":[{"x":4.5,"y":-9},{"x":5.5,"y":-9},{"x":6.5,"y":-9},{"x":4,"y":-8},{"x":5,"y":-8},{"x":6,"y":-8},{"x":7,"y":-8},{"x":3.5,"y":-7},{"x":4.5,"y":-7},{"x":5.5,"y":-7},{"x":6.5,"y":-7},{"x":7.5,"y":-7},{"x":3.5,"y":-6},{"x":4.5,"y":-6},{"x":5.5,"y":-6},{"x":6.5,"y":-6},{"x":7.5,"y":-6},{"x":5,"y":-5},{"x":6,"y":-5},{"x":5,"y":-4},{"x":6,"y":-4},{"x":5,"y":-3},{"x":6,"y":-3},{"x":3.5,"y":-2},{"x":4.5,"y":-2},{"x":5.5,"y":-2},{"x":6.5,"y":-2},{"x":7.5,"y":-2},{"x":3.5,"y":-1},{"x":4.5,"y":-1},{"x":5.5,"y":-1},{"x":6.5,"y":-1},{"x":7.5,"y":-1}]},{"index":2,"tiles":[{"x":4.5,"y":-9},{"x":5.5,"y":-9},{"x":6.5,"y":-9},{"x":4,"y":-8},{"x":5,"y":-8},{"x":6,"y":-8},{"x":7,"y":-8},{"x":3.5,"y":-7},{"x":4.5,"y":-7},{"x":5.5,"y":-7},{"x":6.5,"y":-7},{"x":7.5,"y":-7},{"x":3.5,"y":-6},{"x":4.5,"y":-6},{"x":5.5,"y":-6},{"x":6.5,"y":-6},{"x":7.5,"y":-6},{"x":5,"y":-5},{"x":6,"y":-5},{"x":5,"y":-4},{"x":6,"y":-4},{"x":5,"y":-3},{"x":6,"y":-3},{"x":3.5,"y":-2},{"x":4.5,"y":-2},{"x":5.5,"y":-2},{"x":6.5,"y":-2},{"x":7.5,"y":-2},{"x":3.5,"y":-1},{"x":4.5,"y":-1},{"x":5.5,"y":-1},{"x":6.5,"y":-1},{"x":7.5,"y":-1}]},{"index":3,"tiles":[{"x":5,"y":-8.5},{"x":6,"y":-8.5},{"x":4.5,"y":-7.5},{"x":5.5,"y":-7.5},{"x":6.5,"y":-7.5},{"x":4,"y":-6.5},{"x":5,"y":-6.5},{"x":6,"y":-6.5},{"x":7,"y":-6.5},{"x":5.5,"y":-5.5},{"x":5.5,"y":-4.5},{"x":5.5,"y":-3.5},{"x":5.5,"y":-2.5},{"x":4,"y":-1.5},{"x":5,"y":-1.5},{"x":6,"y":-1.5},{"x":7,"y":-1.5}]}],"seeds":["IKiFxKchyOaUokN8nAdKDKZQ0bVlAtV4x6Ac4TQ8JOgpndiYwtd1G1VRYVUIAWSMXIoGFthZS9GFixAo3JUsj3hynbRxIINN3pIY4BeIXCiq0DSFYgZG"]},{"layers":[{"index":0,"tiles":[{"x":3.5,"y":-8.5},{"x":7.5,"y":-8.5},{"x":4.5,"y":-8},{"x":6.5,"y":-8},{"x":5,"y":-7},{"x":6,"y":-7},{"x":3.5,"y":-6},{"x":4.5,"y":-6},{"x":6.5,"y":-6},{"x":7.5,"y":-6},{"x":1.5,"y":-5.5},{"x":2.5,"y":-5.5},{"x":8.5,"y":-5.5},{"x":9.5,"y":-5.5},{"x":4,"y":-5},{"x":5,"y":-5},{"x":6,"y":-5},{"x":7,"y":-5},{"x":1.5,"y":-4.5},{"x":9.5,"y":-4.5},{"x":2.5,"y":-4},{"x":8.5,"y":-4},{"x":3.5,"y":-3.5},{"x":7.5,"y":-3.5},{"x":4.5,"y":-3},{"x":6.5,"y":-3},{"x":4.5,"y":-2},{"x":6.5,"y":-2},{"x":5.5,"y":-1.5}]},{"index":1,"tiles":[{"x":3.5,"y":-8.5},{"x":7.5,"y":-8.5},{"x":4.5,"y":-8},{"x":6.5,"y":-8},{"x":5,"y":-7},{"x":6,"y":-7},{"x":3.5,"y":-6},{"x":4.5,"y":-6},{"x":6.5,"y":-6},{"x":7.5,"y":-6},{"x":1.5,"y":-5.5},{"x":2.5,"y":-5.5},{"x":8.5,"y":-5.5},{"x":9.5,"y":-5.5},{"x":4,"y":-5},{"x":5,"y":-5},{"x":6,"y":-5},{"x":7,"y":-5},{"x":1.5,"y":-4.5},{"x":9.5,"y":-4.5},{"x":2.5,"y":-4},{"x":8.5,"y":-4},{"x":3.5,"y":-3.5},{"x":7.5,"y":-3.5},{"x":4.5,"y":-3},{"x":6.5,"y":-3},{"x":4.5,"y":-2},{"x":6.5,"y":-2},{"x":5.5,"y":-1.5}]},{"index":2,"tiles":[{"x":3.5,"y":-8.5},{"x":7.5,"y":-8.5},{"x":4.5,"y":-8},{"x":6.5,"y":-8},{"x":5.5,"y":-7},{"x":3.5,"y":-6},{"x":4.5,"y":-6},{"x":6.5,"y":-6},{"x":7.5,"y":-6},{"x":1.5,"y":-5.5},{"x":2.5,"y":-5.5},{"x":8.5,"y":-5.5},{"x":9.5,"y":-5.5},{"x":4.5,"y":-5},{"x":5.5,"y":-5},{"x":6.5,"y":-5},{"x":1.5,"y":-4.5},{"x":9.5,"y":-4.5},{"x":2.5,"y":-4},{"x":8.5,"y":-4},{"x":3.5,"y":-3.5},{"x":7.5,"y":-3.5},{"x":4.5,"y":-3},{"x":6.5,"y":-3},{"x":4.5,"y":-2},{"x":6.5,"y":-2},{"x":5.5,"y":-1.5}]},{"index":3,"tiles":[{"x":3.5,"y":-8.5},{"x":7.5,"y":-8.5},{"x":4.5,"y":-8},{"x":6.5,"y":-8},{"x":5.5,"y":-7},{"x":3.5,"y":-6},{"x":4.5,"y":-6},{"x":6.5,"y":-6},{"x":7.5,"y":-6},{"x":1.5,"y":-5.5},{"x":2.5,"y":-5.5},{"x":8.5,"y":-5.5},{"x":9.5,"y":-5.5},{"x":5,"y":-5},{"x":6,"y":-5},{"x":1.5,"y":-4.5},{"x":9.5,"y":-4.5},{"x":2.5,"y":-4},{"x":8.5,"y":-4},{"x":3.5,"y":-3.5},{"x":7.5,"y":-3.5},{"x":4.5,"y":-3},{"x":6.5,"y":-3},{"x":4.5,"y":-2},{"x":6.5,"y":-2},{"x":5.5,"y":-1.5}]},{"index":4,"tiles":[{"x":5.5,"y":-7}]}],"seeds":["mHY0nSKCYnGAi8OB12VpEWaAGZdB4id5FeJ4iTg94bgM1hIqQidQRhgI2xNw6YZGZKUyoVIQpfgFhDhJ0wAtjBCG3QdySad8YHd63oSYHQVyHBg0"]},{"layers":[{"index":0,"tiles":[{"x":2,"y":-9},{"x":3,"y":-9},{"x":7.5,"y":-9},{"x":8.5,"y":-9},{"x":6,"y":-8.5},{"x":2,"y":-8},{"x":3,"y":-8},{"x":7.5,"y":-8},{"x":8.5,"y":-8},{"x":4.5,"y":-7.5},{"x":6,"y":-7.5},{"x":2,"y":-7},{"x":3,"y":-7},{"x":7.5,"y":-7},{"x":8.5,"y":-7},{"x":4.5,"y":-6.5},{"x":6,"y":-6.5},{"x":2,"y":-6},{"x":3,"y":-6},{"x":7.5,"y":-6},{"x":8.5,"y":-6},{"x":4.5,"y":-5.5},{"x":6,"y":-5.5},{"x":2,"y":-5},{"x":3,"y":-5},{"x":7.5,"y":-5},{"x":8.5,"y":-5},{"x":4.5,"y":-4.5},{"x":2,"y":-4},{"x":3,"y":-4},{"x":7.5,"y":-4},{"x":8.5,"y":-4},{"x":1.5,"y":-2.5},{"x":9.5,"y":-2.5},{"x":2.5,"y":-2},{"x":8.5,"y":-2},{"x":1.5,"y":-1},{"x":3.5,"y":-1},{"x":7.5,"y":-1},{"x":9.5,"y":-1}]},{"index":1,"tiles":[{"x":2,"y":-9},{"x":3,"y":-9},{"x":7.5,"y":-9},{"x":8.5,"y":-9},{"x":6,"y":-8.5},{"x":2,"y":-8},{"x":3,"y":-8},{"x":7.5,"y":-8},{"x":8.5,"y":-8},{"x":4.5,"y":-7.5},{"x":6,"y":-7.5},{"x":2,"y":-7},{"x":3,"y":-7},{"x":7.5,"y":-7},{"x":8.5,"y":-7},{"x":4.5,"y":-6.5},{"x":6,"y":-6.5},{"x":2,"y":-6},{"x":3,"y":-6},{"x":7.5,"y":-6},{"x":8.5,"y":-6},{"x":4.5,"y":-5.5},{"x":6,"y":-5.5},{"x":2,"y":-5},{"x":3,"y":-5},{"x":7.5,"y":-5},{"x":8.5,"y":-5},{"x":4.5,"y":-4.5},{"x":2,"y":-4},{"x":3,"y":-4},{"x":7.5,"y":-4},{"x":8.5,"y":-4},{"x":1.5,"y":-2.5},{"x":9.5,"y":-2.5},{"x":2.5,"y":-2},{"x":8.5,"y":-2},{"x":1.5,"y":-1},{"x":3.5,"y":-1},{"x":7.5,"y":-1},{"x":9.5,"y":-1}]},{"index":2,"tiles":[{"x":2,"y":-9},{"x":3,"y":-9},{"x":7.5,"y":-9},{"x":8.5,"y":-9},{"x":2,"y":-8},{"x":3,"y":-8},{"x":7.5,"y":-8},{"x":8.5,"y":-8},{"x":2,"y":-7},{"x":3,"y":-7},{"x":7.5,"y":-7},{"x":8.5,"y":-7},{"x":2,"y":-6},{"x":3,"y":-6},{"x":7.5,"y":-6},{"x":8.5,"y":-6},{"x":2,"y":-5},{"x":3,"y":-5},{"x":7.5,"y":-5},{"x":8.5,"y":-5},{"x":2,"y":-4},{"x":3,"y":-4},{"x":7.5,"y":-4},{"x":8.5,"y":-4},{"x":1.5,"y":-2.5},{"x":9.5,"y":-2.5},{"x":2.5,"y":-2},{"x":8.5,"y":-2},{"x":1.5,"y":-1},{"x":3.5,"y":-1},{"x":7.5,"y":-1},{"x":9.5,"y":-1}]},{"index":3,"tiles":[{"x":2.5,"y":-8.5},{"x":8,"y":-8.5},{"x":2.5,"y":-6.5},{"x":8,"y":-6.5},{"x":2.5,"y":-4.5},{"x":8,"y":-4.5},{"x":1.5,"y":-2.5},{"x":9.5,"y":-2.5},{"x":2.5,"y":-2},{"x":8.5,"y":-2},{"x":1.5,"y":-1},{"x":3.5,"y":-1},{"x":7.5,"y":-1},{"x":9.5,"y":-1}]}],"seeds":["RTc63WcpzWBBE5Mg1Td5CzGgXQCG0uUtHxVWHCGRoUaJU0ENS+ocIgh2HohxjCA2IeiJXMkIzxaACeYZGXWGKqJ0E/gsm/BFigEFYXR4pgAymXJV3BdyXRUGwydyogYA"]},{"layers":[{"index":0,"tiles":[{"x":1.5,"y":-7.5},{"x":9.5,"y":-7.5},{"x":2,"y":-6.5},{"x":9,"y":-6.5},{"x":3,"y":-6},{"x":8,"y":-6},{"x":1.5,"y":-5.5},{"x":4,"y":-5.5},{"x":7,"y":-5.5},{"x":9.5,"y":-5.5},{"x":1.5,"y":-4.5},{"x":2.5,"y":-4.5},{"x":4.5,"y":-4.5},{"x":6.5,"y":-4.5},{"x":8.5,"y":-4.5},{"x":9.5,"y":-4.5},{"x":1.5,"y":-3.5},{"x":2.5,"y":-3.5},{"x":3.5,"y":-3.5},{"x":5,"y":-3.5},{"x":6,"y":-3.5},{"x":7.5,"y":-3.5},{"x":8.5,"y":-3.5},{"x":9.5,"y":-3.5},{"x":1.5,"y":-2.5},{"x":2.5,"y":-2.5},{"x":3.5,"y":-2.5},{"x":4.5,"y":-2.5},{"x":5.5,"y":-2.5},{"x":6.5,"y":-2.5},{"x":7.5,"y":-2.5},{"x":8.5,"y":-2.5},{"x":9.5,"y":-2.5}]},{"index":1,"tiles":[{"x":1.5,"y":-7.5},{"x":9.5,"y":-7.5},{"x":2,"y":-6.5},{"x":9,"y":-6.5},{"x":3,"y":-6},{"x":8,"y":-6},{"x":1.5,"y":-5.5},{"x":4,"y":-5.5},{"x":7,"y":-5.5},{"x":9.5,"y":-5.5},{"x":1.5,"y":-4.5},{"x":2.5,"y":-4.5},{"x":4.5,"y":-4.5},{"x":6.5,"y":-4.5},{"x":8.5,"y":-4.5},{"x":9.5,"y":-4.5},{"x":1.5,"y":-3.5},{"x":2.5,"y":-3.5},{"x":3.5,"y":-3.5},{"x":5,"y":-3.5},{"x":6,"y":-3.5},{"x":7.5,"y":-3.5},{"x":8.5,"y":-3.5},{"x":9.5,"y":-3.5},{"x":1.5,"y":-2.5},{"x":2.5,"y":-2.5},{"x":3.5,"y":-2.5},{"x":4.5,"y":-2.5},{"x":5.5,"y":-2.5},{"x":6.5,"y":-2.5},{"x":7.5,"y":-2.5},{"x":8.5,"y":-2.5},{"x":9.5,"y":-2.5}]},{"index":2,"tiles":[{"x":1.5,"y":-7.5},{"x":9.5,"y":-7.5},{"x":2,"y":-6.5},{"x":9,"y":-6.5},{"x":3,"y":-6},{"x":8,"y":-6},{"x":1.5,"y":-5.5},{"x":4,"y":-5.5},{"x":7,"y":-5.5},{"x":9.5,"y":-5.5},{"x":1.5,"y":-4.5},{"x":2.5,"y":-4.5},{"x":4.5,"y":-4.5},{"x":6.5,"y":-4.5},{"x":8.5,"y":-4.5},{"x":9.5,"y":-4.5},{"x":1.5,"y":-3.5},{"x":2.5,"y":-3.5},{"x":3.5,"y":-3.5},{"x":5,"y":-3.5},{"x":6,"y":-3.5},{"x":7.5,"y":-3.5},{"x":8.5,"y":-3.5},{"x":9.5,"y":-3.5},{"x":1.5,"y":-2.5},{"x":2.5,"y":-2.5},{"x":3.5,"y":-2.5},{"x":4.5,"y":-2.5},{"x":5.5,"y":-2.5},{"x":6.5,"y":-2.5},{"x":7.5,"y":-2.5},{"x":8.5,"y":-2.5},{"x":9.5,"y":-2.5}]},{"index":3,"tiles":[{"x":5.5,"y":-3.5}]}],"seeds":["SXhgzgWKTSaIhTgyBciV4IFYJplAjyMu3xecQvhMnceFXKcN1KJC4eQFHjcYCAeGWUNElQha6AcGilJ1XydyVBQGm+RtKSNdGoEZ"]},{"layers":[{"index":0,"tiles":[{"x":3.5,"y":-8.5},{"x":4.5,"y":-8.5},{"x":6.5,"y":-8.5},{"x":7.5,"y":-8.5},{"x":2,"y":-7.5},{"x":3,"y":-7.5},{"x":4,"y":-7.5},{"x":7,"y":-7.5},{"x":8,"y":-7.5},{"x":9,"y":-7.5},{"x":3.5,"y":-6.5},{"x":7.5,"y":-6.5},{"x":2.5,"y":-6},{"x":4.5,"y":-6},{"x":6.5,"y":-6},{"x":8.5,"y":-6},{"x":5.5,"y":-5.5},{"x":1.5,"y":-5},{"x":4.5,"y":-5},{"x":6.5,"y":-5},{"x":9.5,"y":-5},{"x":5.5,"y":-4.5},{"x":2.5,"y":-4},{"x":4.5,"y":-4},{"x":6.5,"y":-4},{"x":8.5,"y":-4},{"x":3.5,"y":-3.5},{"x":7.5,"y":-3.5},{"x":2,"y":-2.5},{"x":3,"y":-2.5},{"x":4,"y":-2.5},{"x":7,"y":-2.5},{"x":8,"y":-2.5},{"x":9,"y":-2.5},{"x":3.5,"y":-1.5},{"x":4.5,"y":-1.5},{"x":6.5,"y":-1.5},{"x":7.5,"y":-1.5}]},{"index":1,"tiles":[{"x":3.5,"y":-8.5},{"x":4.5,"y":-8.5},{"x":6.5,"y":-8.5},{"x":7.5,"y":-8.5},{"x":2,"y":-7.5},{"x":3,"y":-7.5},{"x":4,"y":-7.5},{"x":7,"y":-7.5},{"x":8,"y":-7.5},{"x":9,"y":-7.5},{"x":3.5,"y":-6.5},{"x":7.5,"y":-6.5},{"x":2.5,"y":-6},{"x":4.5,"y":-6},{"x":6.5,"y":-6},{"x":8.5,"y":-6},{"x":5.5,"y":-5.5},{"x":1.5,"y":-5},{"x":4.5,"y":-5},{"x":6.5,"y":-5},{"x":9.5,"y":-5},{"x":5.5,"y":-4.5},{"x":2.5,"y":-4},{"x":4.5,"y":-4},{"x":6.5,"y":-4},{"x":8.5,"y":-4},{"x":3.5,"y":-3.5},{"x":7.5,"y":-3.5},{"x":2,"y":-2.5},{"x":3,"y":-2.5},{"x":4,"y":-2.5},{"x":7,"y":-2.5},{"x":8,"y":-2.5},{"x":9,"y":-2.5},{"x":3.5,"y":-1.5},{"x":4.5,"y":-1.5},{"x":6.5,"y":-1.5},{"x":7.5,"y":-1.5}]},{"index":2,"tiles":[{"x":3.5,"y":-8.5},{"x":4.5,"y":-8.5},{"x":6.5,"y":-8.5},{"x":7.5,"y":-8.5},{"x":2,"y":-7.5},{"x":3,"y":-7.5},{"x":4,"y":-7.5},{"x":7,"y":-7.5},{"x":8,"y":-7.5},{"x":9,"y":-7.5},{"x":3.5,"y":-6.5},{"x":7.5,"y":-6.5},{"x":2.5,"y":-6},{"x":4.5,"y":-6},{"x":6.5,"y":-6},{"x":8.5,"y":-6},{"x":5.5,"y":-5.5},{"x":1.5,"y":-5},{"x":4.5,"y":-5},{"x":6.5,"y":-5},{"x":9.5,"y":-5},{"x":5.5,"y":-4.5},{"x":2.5,"y":-4},{"x":4.5,"y":-4},{"x":6.5,"y":-4},{"x":8.5,"y":-4},{"x":3.5,"y":-3.5},{"x":7.5,"y":-3.5},{"x":2,"y":-2.5},{"x":3,"y":-2.5},{"x":4,"y":-2.5},{"x":7,"y":-2.5},{"x":8,"y":-2.5},{"x":9,"y":-2.5},{"x":3.5,"y":-1.5},{"x":4.5,"y":-1.5},{"x":6.5,"y":-1.5},{"x":7.5,"y":-1.5}]}],"seeds":["WdURGKiEywMGAxUaE/k03xQRwoOIAXYdGRcOCHc8S+cVT+mEBwN9UQIW36UlhRCNHSg6H7hEKiM+HgSGRXhwTeMdDugcqeVxxida3XGgC2V+ldacCggA"]},{"layers":[{"index":0,"tiles":[{"x":5.5,"y":-8.5},{"x":4.5,"y":-8},{"x":6.5,"y":-8},{"x":2,"y":-7},{"x":3.5,"y":-7},{"x":4.5,"y":-7},{"x":6.5,"y":-7},{"x":7.5,"y":-7},{"x":9,"y":-7},{"x":2,"y":-6},{"x":3,"y":-6},{"x":4,"y":-6},{"x":7,"y":-6},{"x":8,"y":-6},{"x":9,"y":-6},{"x":3,"y":-5},{"x":8,"y":-5},{"x":2,"y":-4},{"x":3,"y":-4},{"x":4,"y":-4},{"x":7,"y":-4},{"x":8,"y":-4},{"x":9,"y":-4},{"x":2,"y":-3},{"x":3.5,"y":-3},{"x":4.5,"y":-3},{"x":6.5,"y":-3},{"x":7.5,"y":-3},{"x":9,"y":-3},{"x":4.5,"y":-2},{"x":6.5,"y":-2},{"x":5.5,"y":-1.5}]},{"index":1,"tiles":[{"x":5.5,"y":-8.5},{"x":4.5,"y":-8},{"x":6.5,"y":-8},{"x":2,"y":-7},{"x":3.5,"y":-7},{"x":4.5,"y":-7},{"x":6.5,"y":-7},{"x":7.5,"y":-7},{"x":9,"y":-7},{"x":2,"y":-6},{"x":3,"y":-6},{"x":4,"y":-6},{"x":7,"y":-6},{"x":8,"y":-6},{"x":9,"y":-6},{"x":3,"y":-5},{"x":8,"y":-5},{"x":2,"y":-4},{"x":3,"y":-4},{"x":4,"y":-4},{"x":7,"y":-4},{"x":8,"y":-4},{"x":9,"y":-4},{"x":2,"y":-3},{"x":3.5,"y":-3},{"x":4.5,"y":-3},{"x":6.5,"y":-3},{"x":7.5,"y":-3},{"x":9,"y":-3},{"x":4.5,"y":-2},{"x":6.5,"y":-2},{"x":5.5,"y":-1.5}]},{"index":2,"tiles":[{"x":5.5,"y":-8.5},{"x":4.5,"y":-8},{"x":6.5,"y":-8},{"x":2,"y":-7},{"x":3.5,"y":-7},{"x":4.5,"y":-7},{"x":6.5,"y":-7},{"x":7.5,"y":-7},{"x":9,"y":-7},{"x":2,"y":-6},{"x":3,"y":-6},{"x":4,"y":-6},{"x":7,"y":-6},{"x":8,"y":-6},{"x":9,"y":-6},{"x":3,"y":-5},{"x":8,"y":-5},{"x":2,"y":-4},{"x":3,"y":-4},{"x":4,"y":-4},{"x":7,"y":-4},{"x":8,"y":-4},{"x":9,"y":-4},{"x":2,"y":-3},{"x":3.5,"y":-3},{"x":4.5,"y":-3},{"x":6.5,"y":-3},{"x":7.5,"y":-3},{"x":9,"y":-3},{"x":4.5,"y":-2},{"x":6.5,"y":-2},{"x":5.5,"y":-1.5}]}],"seeds":["n7VM2smFFPaE4PGBRxcSSAaKj9d1owh+jqeCIWoUmVdZINFxKQeBU5F4QhNyXxMFxjWQk4IwnJZAU4AJ4GKKgxMqlFheVcQx"]},{"layers":[{"index":0,"tiles":[{"x":2,"y":-8.5},{"x":4,"y":-8.5},{"x":5,"y":-8.5},{"x":6,"y":-8.5},{"x":7,"y":-8.5},{"x":9,"y":-8.5},{"x":3,"y":-8},{"x":8,"y":-8},{"x":4.5,"y":-7.5},{"x":5.5,"y":-7.5},{"x":6.5,"y":-7.5},{"x":3,"y":-6.5},{"x":5.5,"y":-6.5},{"x":8,"y":-6.5},{"x":2,"y":-6},{"x":4,"y":-6},{"x":7,"y":-6},{"x":9,"y":-6},{"x":3,"y":-5.5},{"x":5.5,"y":-5.5},{"x":8,"y":-5.5},{"x":1.5,"y":-5},{"x":4.5,"y":-5},{"x":6.5,"y":-5},{"x":9.5,"y":-5},{"x":3,"y":-4.5},{"x":5.5,"y":-4.5},{"x":8,"y":-4.5},{"x":2,"y":-4},{"x":4,"y":-4},{"x":7,"y":-4},{"x":9,"y":-4},{"x":3,"y":-3.5},{"x":5.5,"y":-3.5},{"x":8,"y":-3.5},{"x":4.5,"y":-2.5},{"x":5.5,"y":-2.5},{"x":6.5,"y":-2.5},{"x":3,"y":-2},{"x":8,"y":-2},{"x":2,"y":-1.5},{"x":4,"y":-1.5},{"x":5,"y":-1.5},{"x":6,"y":-1.5},{"x":7,"y":-1.5},{"x":9,"y":-1.5}]},{"index":1,"tiles":[{"x":2,"y":-8.5},{"x":4,"y":-8.5},{"x":5,"y":-8.5},{"x":6,"y":-8.5},{"x":7,"y":-8.5},{"x":9,"y":-8.5},{"x":3,"y":-8},{"x":8,"y":-8},{"x":4.5,"y":-7.5},{"x":5.5,"y":-7.5},{"x":6.5,"y":-7.5},{"x":3,"y":-6.5},{"x":5.5,"y":-6.5},{"x":8,"y":-6.5},{"x":2,"y":-6},{"x":4,"y":-6},{"x":7,"y":-6},{"x":9,"y":-6},{"x":3,"y":-5.5},{"x":5.5,"y":-5.5},{"x":8,"y":-5.5},{"x":1.5,"y":-5},{"x":4.5,"y":-5},{"x":6.5,"y":-5},{"x":9.5,"y":-5},{"x":3,"y":-4.5},{"x":5.5,"y":-4.5},{"x":8,"y":-4.5},{"x":2,"y":-4},{"x":4,"y":-4},{"x":7,"y":-4},{"x":9,"y":-4},{"x":3,"y":-3.5},{"x":8,"y":-3.5},{"x":4.5,"y":-2.5},{"x":5.5,"y":-2.5},{"x":6.5,"y":-2.5},{"x":3,"y":-2},{"x":8,"y":-2},{"x":2,"y":-1.5},{"x":4,"y":-1.5},{"x":5,"y":-1.5},{"x":6,"y":-1.5},{"x":7,"y":-1.5},{"x":9,"y":-1.5}]},{"index":2,"tiles":[{"x":2,"y":-8.5},{"x":4,"y":-8.5},{"x":5,"y":-8.5},{"x":6,"y":-8.5},{"x":7,"y":-8.5},{"x":9,"y":-8.5},{"x":3,"y":-8},{"x":8,"y":-8},{"x":4.5,"y":-7.5},{"x":5.5,"y":-7.5},{"x":6.5,"y":-7.5},{"x":3,"y":-6.5},{"x":8,"y":-6.5},{"x":2,"y":-6},{"x":4,"y":-6},{"x":7,"y":-6},{"x":9,"y":-6},{"x":1.5,"y":-5},{"x":6.5,"y":-5},{"x":9.5,"y":-5},{"x":2,"y":-4},{"x":4,"y":-4},{"x":7,"y":-4},{"x":9,"y":-4},{"x":3,"y":-3.5},{"x":8,"y":-3.5},{"x":4.5,"y":-2.5},{"x":5.5,"y":-2.5},{"x":6.5,"y":-2.5},{"x":3,"y":-2},{"x":8,"y":-2},{"x":2,"y":-1.5},{"x":4,"y":-1.5},{"x":5,"y":-1.5},{"x":6,"y":-1.5},{"x":7,"y":-1.5},{"x":9,"y":-1.5}]}],"seeds":["IKd9XER0xHZdYmBOiFRISuIlBSaGIDiJJzmAyMBlDciBAcQ5iiRyoOhhH0iJRiBMYFd4UxdxArh4B6dYj+II6NJ9XfeEWiN9ocAYULl9qiEyAVUdYCZWXdh9VmoUYBiO"]},{"layers":[{"index":0,"tiles":[{"x":2,"y":-8},{"x":4,"y":-8},{"x":5.5,"y":-8},{"x":7,"y":-8},{"x":9,"y":-8},{"x":3,"y":-7.5},{"x":8,"y":-7.5},{"x":2,"y":-7},{"x":9,"y":-7},{"x":5.5,"y":-6.5},{"x":2,"y":-6},{"x":3,"y":-6},{"x":8,"y":-6},{"x":9,"y":-6},{"x":4,"y":-5.5},{"x":7,"y":-5.5},{"x":2,"y":-5},{"x":5.5,"y":-5},{"x":9,"y":-5},{"x":4,"y":-4.5},{"x":7,"y":-4.5},{"x":2,"y":-4},{"x":3,"y":-4},{"x":8,"y":-4},{"x":9,"y":-4},{"x":5.5,"y":-3.5},{"x":2,"y":-3},{"x":9,"y":-3},{"x":3,"y":-2.5},{"x":8,"y":-2.5},{"x":2,"y":-2},{"x":4,"y":-2},{"x":5.5,"y":-2},{"x":7,"y":-2},{"x":9,"y":-2}]},{"index":1,"tiles":[{"x":2,"y":-8},{"x":4,"y":-8},{"x":5.5,"y":-8},{"x":7,"y":-8},{"x":9,"y":-8},{"x":3,"y":-7.5},{"x":8,"y":-7.5},{"x":2,"y":-7},{"x":9,"y":-7},{"x":5.5,"y":-6.5},{"x":2,"y":-6},{"x":3,"y":-6},{"x":8,"y":-6},{"x":9,"y":-6},{"x":4,"y":-5.5},{"x":7,"y":-5.5},{"x":2,"y":-5},{"x":5.5,"y":-5},{"x":9,"y":-5},{"x":4,"y":-4.5},{"x":7,"y":-4.5},{"x":2,"y":-4},{"x":3,"y":-4},{"x":8,"y":-4},{"x":9,"y":-4},{"x":5.5,"y":-3.5},{"x":2,"y":-3},{"x":9,"y":-3},{"x":3,"y":-2.5},{"x":8,"y":-2.5},{"x":2,"y":-2},{"x":4,"y":-2},{"x":5.5,"y":-2},{"x":7,"y":-2},{"x":9,"y":-2}]},{"index":2,"tiles":[{"x":4,"y":-8},{"x":5.5,"y":-8},{"x":7,"y":-8},{"x":2,"y":-7.5},{"x":3,"y":-7.5},{"x":8,"y":-7.5},{"x":9,"y":-7.5},{"x":2,"y":-6.5},{"x":5.5,"y":-6.5},{"x":9,"y":-6.5},{"x":3,"y":-6},{"x":8,"y":-6},{"x":2,"y":-5.5},{"x":4,"y":-5.5},{"x":7,"y":-5.5},{"x":9,"y":-5.5},{"x":5.5,"y":-5},{"x":2,"y":-4.5},{"x":4,"y":-4.5},{"x":7,"y":-4.5},{"x":9,"y":-4.5},{"x":3,"y":-4},{"x":8,"y":-4},{"x":2,"y":-3.5},{"x":5.5,"y":-3.5},{"x":9,"y":-3.5},{"x":2,"y":-2.5},{"x":3,"y":-2.5},{"x":8,"y":-2.5},{"x":9,"y":-2.5},{"x":4,"y":-2},{"x":5.5,"y":-2},{"x":7,"y":-2}]},{"index":3,"tiles":[{"x":4,"y":-8},{"x":5.5,"y":-8},{"x":7,"y":-8},{"x":3,"y":-7.5},{"x":8,"y":-7.5},{"x":2,"y":-7},{"x":9,"y":-7},{"x":5.5,"y":-6.5},{"x":2,"y":-6},{"x":3,"y":-6},{"x":8,"y":-6},{"x":9,"y":-6},{"x":4,"y":-5.5},{"x":7,"y":-5.5},{"x":2,"y":-5},{"x":5.5,"y":-5},{"x":9,"y":-5},{"x":4,"y":-4.5},{"x":7,"y":-4.5},{"x":2,"y":-4},{"x":3,"y":-4},{"x":8,"y":-4},{"x":9,"y":-4},{"x":5.5,"y":-3.5},{"x":2,"y":-3},{"x":9,"y":-3},{"x":3,"y":-2.5},{"x":8,"y":-2.5},{"x":4,"y":-2},{"x":5.5,"y":-2},{"x":7,"y":-2}]}],"seeds":["XIg8AtMl38Q9X+dNoUlQBlYlUGVRllYuQuRcwrAwgUhFQ/dxXMcpwTERlNJgYcqJxwWCjPI16raECzKGUthNjOhIGuh1n/GB3/B1YKZwVeghYMB54nAinkduXSEWASiEUIVmIggA"]},{"layers":[{"index":0,"tiles":[{"x":3,"y":-9},{"x":8,"y":-9},{"x":2,"y":-8.5},{"x":4,"y":-8.5},{"x":7,"y":-8.5},{"x":9,"y":-8.5},{"x":2,"y":-7.5},{"x":4,"y":-7.5},{"x":7,"y":-7.5},{"x":9,"y":-7.5},{"x":3,"y":-7},{"x":8,"y":-7},{"x":3,"y":-6},{"x":8,"y":-6},{"x":2,"y":-5.5},{"x":4,"y":-5.5},{"x":7,"y":-5.5},{"x":9,"y":-5.5},{"x":5,"y":-5},{"x":6,"y":-5},{"x":2,"y":-4.5},{"x":4,"y":-4.5},{"x":7,"y":-4.5},{"x":9,"y":-4.5},{"x":3,"y":-4},{"x":8,"y":-4},{"x":3,"y":-3},{"x":8,"y":-3},{"x":2,"y":-2.5},{"x":4,"y":-2.5},{"x":7,"y":-2.5},{"x":9,"y":-2.5},{"x":2,"y":-1.5},{"x":4,"y":-1.5},{"x":7,"y":-1.5},{"x":9,"y":-1.5},{"x":3,"y":-1},{"x":8,"y":-1}]},{"index":1,"tiles":[{"x":3,"y":-9},{"x":8,"y":-9},{"x":2,"y":-8.5},{"x":4,"y":-8.5},{"x":7,"y":-8.5},{"x":9,"y":-8.5},{"x":2,"y":-7.5},{"x":4,"y":-7.5},{"x":7,"y":-7.5},{"x":9,"y":-7.5},{"x":3,"y":-7},{"x":8,"y":-7},{"x":3,"y":-6},{"x":8,"y":-6},{"x":2,"y":-5.5},{"x":4,"y":-5.5},{"x":7,"y":-5.5},{"x":9,"y":-5.5},{"x":5,"y":-5},{"x":6,"y":-5},{"x":2,"y":-4.5},{"x":4,"y":-4.5},{"x":7,"y":-4.5},{"x":9,"y":-4.5},{"x":3,"y":-4},{"x":8,"y":-4},{"x":3,"y":-3},{"x":8,"y":-3},{"x":2,"y":-2.5},{"x":4,"y":-2.5},{"x":7,"y":-2.5},{"x":9,"y":-2.5},{"x":2,"y":-1.5},{"x":4,"y":-1.5},{"x":7,"y":-1.5},{"x":9,"y":-1.5},{"x":3,"y":-1},{"x":8,"y":-1}]},{"index":2,"tiles":[{"x":3,"y":-9},{"x":8,"y":-9},{"x":2,"y":-8.5},{"x":4,"y":-8.5},{"x":7,"y":-8.5},{"x":9,"y":-8.5},{"x":2,"y":-7.5},{"x":4,"y":-7.5},{"x":7,"y":-7.5},{"x":9,"y":-7.5},{"x":3,"y":-7},{"x":8,"y":-7},{"x":3,"y":-6},{"x":8,"y":-6},{"x":2,"y":-5.5},{"x":4,"y":-5.5},{"x":7,"y":-5.5},{"x":9,"y":-5.5},{"x":5,"y":-5},{"x":6,"y":-5},{"x":2,"y":-4.5},{"x":4,"y":-4.5},{"x":7,"y":-4.5},{"x":9,"y":-4.5},{"x":3,"y":-4},{"x":8,"y":-4},{"x":3,"y":-3},{"x":8,"y":-3},{"x":2,"y":-2.5},{"x":4,"y":-2.5},{"x":7,"y":-2.5},{"x":9,"y":-2.5},{"x":2,"y":-1.5},{"x":4,"y":-1.5},{"x":7,"y":-1.5},{"x":9,"y":-1.5},{"x":3,"y":-1},{"x":8,"y":-1}]}],"seeds":["oHCEUHiBInJE1jCJDZptTlkxXSR1ncBhC7SFz9U4FlloGFMIDxUEyBeCn9ENRHgqIrWAgcolYDd5Hmd6ExeGwhIqxpeOiliJ4NeBgchpnAQunkIk2QQA"]},{"layers":[{"index":0,"tiles":[{"x":6,"y":-9},{"x":5.5,"y":-7.5},{"x":6.5,"y":-7.5},{"x":7.5,"y":-7.5},{"x":1.5,"y":-7},{"x":4,"y":-7},{"x":6,"y":-6.5},{"x":7,"y":-6.5},{"x":8,"y":-6.5},{"x":4.5,"y":-6},{"x":1,"y":-5.5},{"x":2,"y":-5.5},{"x":3,"y":-5.5},{"x":6.5,"y":-5.5},{"x":7.5,"y":-5.5},{"x":8.5,"y":-5.5},{"x":1.5,"y":-4.5},{"x":2.5,"y":-4.5},{"x":3.5,"y":-4.5},{"x":7,"y":-4.5},{"x":8,"y":-4.5},{"x":9,"y":-4.5},{"x":5.5,"y":-4},{"x":2,"y":-3.5},{"x":3,"y":-3.5},{"x":4,"y":-3.5},{"x":6,"y":-3},{"x":8.5,"y":-3},{"x":2.5,"y":-2.5},{"x":3.5,"y":-2.5},{"x":4.5,"y":-2.5},{"x":3.5,"y":-1}]},{"index":1,"tiles":[{"x":6,"y":-9},{"x":5.5,"y":-7.5},{"x":6.5,"y":-7.5},{"x":7.5,"y":-7.5},{"x":1.5,"y":-7},{"x":4,"y":-7},{"x":6,"y":-6.5},{"x":7,"y":-6.5},{"x":8,"y":-6.5},{"x":4.5,"y":-6},{"x":1,"y":-5.5},{"x":2,"y":-5.5},{"x":3,"y":-5.5},{"x":6.5,"y":-5.5},{"x":7.5,"y":-5.5},{"x":8.5,"y":-5.5},{"x":1.5,"y":-4.5},{"x":2.5,"y":-4.5},{"x":3.5,"y":-4.5},{"x":7,"y":-4.5},{"x":8,"y":-4.5},{"x":9,"y":-4.5},{"x":5.5,"y":-4},{"x":2,"y":-3.5},{"x":3,"y":-3.5},{"x":4,"y":-3.5},{"x":6,"y":-3},{"x":8.5,"y":-3},{"x":2.5,"y":-2.5},{"x":3.5,"y":-2.5},{"x":4.5,"y":-2.5},{"x":3.5,"y":-1}]},{"index":2,"tiles":[{"x":6,"y":-9},{"x":5.5,"y":-7.5},{"x":6.5,"y":-7.5},{"x":7.5,"y":-7.5},{"x":1.5,"y":-7},{"x":4,"y":-7},{"x":6,"y":-6.5},{"x":7,"y":-6.5},{"x":8,"y":-6.5},{"x":4.5,"y":-6},{"x":1,"y":-5.5},{"x":2,"y":-5.5},{"x":3,"y":-5.5},{"x":6.5,"y":-5.5},{"x":7.5,"y":-5.5},{"x":8.5,"y":-5.5},{"x":1.5,"y":-4.5},{"x":2.5,"y":-4.5},{"x":3.5,"y":-4.5},{"x":7,"y":-4.5},{"x":8,"y":-4.5},{"x":9,"y":-4.5},{"x":5.5,"y":-4},{"x":2,"y":-3.5},{"x":3,"y":-3.5},{"x":4,"y":-3.5},{"x":6,"y":-3},{"x":8.5,"y":-3},{"x":2.5,"y":-2.5},{"x":3.5,"y":-2.5},{"x":4.5,"y":-2.5},{"x":3.5,"y":-1}]},{"index":3,"tiles":[{"x":6.5,"y":-7.5},{"x":7,"y":-6.5},{"x":2,"y":-5.5},{"x":7.5,"y":-5.5},{"x":2.5,"y":-4.5},{"x":8,"y":-4.5},{"x":3,"y":-3.5},{"x":3.5,"y":-2.5}]}],"seeds":["oAgl0RVSFsNZIAF+TLCAofCEUvgRXHRRU5NwUyh1nydNhuhxCqIJ37F8RWZs6FM5DDgdXxFspIMNYaU1iCqdHagwItaJ4AB6nQeV2Wim"]},{"layers":[{"index":0,"tiles":[{"x":5.5,"y":-8.5},{"x":2,"y":-7.5},{"x":3,"y":-7.5},{"x":4,"y":-7.5},{"x":5,"y":-7.5},{"x":6,"y":-7.5},{"x":7,"y":-7.5},{"x":8,"y":-7.5},{"x":9,"y":-7.5},{"x":2,"y":-6.5},{"x":3,"y":-6.5},{"x":4,"y":-6.5},{"x":5,"y":-6.5},{"x":6,"y":-6.5},{"x":7,"y":-6.5},{"x":8,"y":-6.5},{"x":9,"y":-6.5},{"x":5.5,"y":-5.5},{"x":5.5,"y":-4.5},{"x":2,"y":-3.5},{"x":3,"y":-3.5},{"x":4,"y":-3.5},{"x":5,"y":-3.5},{"x":6,"y":-3.5},{"x":7,"y":-3.5},{"x":8,"y":-3.5},{"x":9,"y":-3.5},{"x":2,"y":-2.5},{"x":3,"y":-2.5},{"x":4,"y":-2.5},{"x":5,"y":-2.5},{"x":6,"y":-2.5},{"x":7,"y":-2.5},{"x":8,"y":-2.5},{"x":9,"y":-2.5},{"x":5.5,"y":-1.5}]},{"index":1,"tiles":[{"x":5.5,"y":-8.5},{"x":3,"y":-7.5},{"x":4,"y":-7.5},{"x":5,"y":-7.5},{"x":6,"y":-7.5},{"x":7,"y":-7.5},{"x":8,"y":-7.5},{"x":9,"y":-7.5},{"x":2,"y":-6.5},{"x":3,"y":-6.5},{"x":4,"y":-6.5},{"x":5,"y":-6.5},{"x":6,"y":-6.5},{"x":7,"y":-6.5},{"x":8,"y":-6.5},{"x":5.5,"y":-5.5},{"x":5.5,"y":-4.5},{"x":2,"y":-3.5},{"x":3,"y":-3.5},{"x":4,"y":-3.5},{"x":5,"y":-3.5},{"x":6,"y":-3.5},{"x":7,"y":-3.5},{"x":8,"y":-3.5},{"x":3,"y":-2.5},{"x":4,"y":-2.5},{"x":5,"y":-2.5},{"x":6,"y":-2.5},{"x":7,"y":-2.5},{"x":8,"y":-2.5},{"x":9,"y":-2.5},{"x":5.5,"y":-1.5}]},{"index":2,"tiles":[{"x":5.5,"y":-8.5},{"x":4,"y":-7.5},{"x":5,"y":-7.5},{"x":6,"y":-7.5},{"x":7,"y":-7.5},{"x":8,"y":-7.5},{"x":9,"y":-7.5},{"x":2,"y":-6.5},{"x":3,"y":-6.5},{"x":4,"y":-6.5},{"x":5,"y":-6.5},{"x":6,"y":-6.5},{"x":7,"y":-6.5},{"x":5.5,"y":-5.5},{"x":5.5,"y":-4.5},{"x":2,"y":-3.5},{"x":3,"y":-3.5},{"x":4,"y":-3.5},{"x":5,"y":-3.5},{"x":6,"y":-3.5},{"x":7,"y":-3.5},{"x":4,"y":-2.5},{"x":5,"y":-2.5},{"x":6,"y":-2.5},{"x":7,"y":-2.5},{"x":8,"y":-2.5},{"x":9,"y":-2.5},{"x":5.5,"y":-1.5}]},{"index":3,"tiles":[{"x":5,"y":-7.5},{"x":6,"y":-7.5},{"x":7,"y":-7.5},{"x":8,"y":-7.5},{"x":9,"y":-7.5},{"x":2,"y":-6.5},{"x":3,"y":-6.5},{"x":4,"y":-6.5},{"x":5,"y":-6.5},{"x":6,"y":-6.5},{"x":2,"y":-3.5},{"x":3,"y":-3.5},{"x":4,"y":-3.5},{"x":5,"y":-3.5},{"x":6,"y":-3.5},{"x":5,"y":-2.5},{"x":6,"y":-2.5},{"x":7,"y":-2.5},{"x":8,"y":-2.5},{"x":9,"y":-2.5}]}],"seeds":["QWhw10eBHTUoE7iJmYZ6GeEsVchAwqQswdMQ3WQx4tGBWGB+nBCG3hA83YeB1weKSfSFCKeGybQZmiV6ntcpqfQVCYeInVdBHAeeXgGCidh4pOQo5XhE"]},{"layers":[{"index":0,"tiles":[{"x":1.5,"y":-8},{"x":2.5,"y":-8},{"x":3.5,"y":-8},{"x":4.5,"y":-8},{"x":5.5,"y":-8},{"x":6.5,"y":-8},{"x":7.5,"y":-8},{"x":8.5,"y":-8},{"x":9.5,"y":-8},{"x":1.5,"y":-7},{"x":2.5,"y":-7},{"x":3.5,"y":-7},{"x":4.5,"y":-7},{"x":6.5,"y":-7},{"x":7.5,"y":-7},{"x":8.5,"y":-7},{"x":9.5,"y":-7},{"x":1.5,"y":-6},{"x":2.5,"y":-6},{"x":3.5,"y":-6},{"x":7.5,"y":-6},{"x":8.5,"y":-6},{"x":9.5,"y":-6},{"x":1.5,"y":-5},{"x":2.5,"y":-5},{"x":3.5,"y":-5},{"x":4.5,"y":-5},{"x":6.5,"y":-5},{"x":7.5,"y":-5},{"x":8.5,"y":-5},{"x":9.5,"y":-5},{"x":1.5,"y":-4},{"x":2.5,"y":-4},{"x":3.5,"y":-4},{"x":4.5,"y":-4},{"x":5.5,"y":-4},{"x":6.5,"y":-4},{"x":7.5,"y":-4},{"x":8.5,"y":-4},{"x":9.5,"y":-4},{"x":5.5,"y":-3},{"x":4.5,"y":-2.5},{"x":6.5,"y":-2.5},{"x":5.5,"y":-2}]},{"index":1,"tiles":[{"x":1.5,"y":-8},{"x":2.5,"y":-8},{"x":3.5,"y":-8},{"x":4.5,"y":-8},{"x":5.5,"y":-8},{"x":6.5,"y":-8},{"x":7.5,"y":-8},{"x":8.5,"y":-8},{"x":9.5,"y":-8},{"x":1.5,"y":-7},{"x":2.5,"y":-7},{"x":3.5,"y":-7},{"x":4.5,"y":-7},{"x":6.5,"y":-7},{"x":7.5,"y":-7},{"x":8.5,"y":-7},{"x":9.5,"y":-7},{"x":1.5,"y":-6},{"x":2.5,"y":-6},{"x":3.5,"y":-6},{"x":7.5,"y":-6},{"x":8.5,"y":-6},{"x":9.5,"y":-6},{"x":1.5,"y":-5},{"x":2.5,"y":-5},{"x":3.5,"y":-5},{"x":4.5,"y":-5},{"x":6.5,"y":-5},{"x":7.5,"y":-5},{"x":8.5,"y":-5},{"x":9.5,"y":-5},{"x":1.5,"y":-4},{"x":2.5,"y":-4},{"x":3.5,"y":-4},{"x":4.5,"y":-4},{"x":5.5,"y":-4},{"x":6.5,"y":-4},{"x":7.5,"y":-4},{"x":8.5,"y":-4},{"x":9.5,"y":-4},{"x":5.5,"y":-3},{"x":4.5,"y":-2.5},{"x":6.5,"y":-2.5},{"x":5.5,"y":-2}]},{"index":2,"tiles":[{"x":1.5,"y":-8},{"x":2.5,"y":-8},{"x":3.5,"y":-8},{"x":4.5,"y":-8},{"x":5.5,"y":-8},{"x":6.5,"y":-8},{"x":7.5,"y":-8},{"x":8.5,"y":-8},{"x":9.5,"y":-8},{"x":1.5,"y":-7},{"x":9.5,"y":-7},{"x":1.5,"y":-6},{"x":9.5,"y":-6},{"x":1.5,"y":-5},{"x":9.5,"y":-5},{"x":1.5,"y":-4},{"x":2.5,"y":-4},{"x":3.5,"y":-4},{"x":4.5,"y":-4},{"x":5.5,"y":-4},{"x":6.5,"y":-4},{"x":7.5,"y":-4},{"x":8.5,"y":-4},{"x":9.5,"y":-4},{"x":5.5,"y":-3},{"x":4.5,"y":-2.5},{"x":6.5,"y":-2.5},{"x":5.5,"y":-2}]}],"seeds":["C+INZ+OpQVAsYjpp2/JVCsiJGUh1DtZ5Q6JlDEiE09GFZFGZBsY9oyVckXAphLeAjVAG1HRYXBgGTNRND4iIoOE536coCSiFlCBynLih3idBoQhCHNV1"]},{"layers":[{"index":0,"tiles":[{"x":2,"y":-8},{"x":5,"y":-8},{"x":6,"y":-8},{"x":9,"y":-8},{"x":3,"y":-7.5},{"x":8,"y":-7.5},{"x":2,"y":-7},{"x":5,"y":-7},{"x":6,"y":-7},{"x":9,"y":-7},{"x":2,"y":-6},{"x":4,"y":-6},{"x":5,"y":-6},{"x":6,"y":-6},{"x":7,"y":-6},{"x":9,"y":-6},{"x":3,"y":-5.5},{"x":8,"y":-5.5},{"x":2,"y":-5},{"x":5,"y":-5},{"x":6,"y":-5},{"x":9,"y":-5},{"x":3,"y":-4.5},{"x":8,"y":-4.5},{"x":2,"y":-4},{"x":4,"y":-4},{"x":5,"y":-4},{"x":6,"y":-4},{"x":7,"y":-4},{"x":9,"y":-4},{"x":2,"y":-3},{"x":5,"y":-3},{"x":6,"y":-3},{"x":9,"y":-3},{"x":3,"y":-2.5},{"x":8,"y":-2.5},{"x":2,"y":-2},{"x":5,"y":-2},{"x":6,"y":-2},{"x":9,"y":-2}]},{"index":1,"tiles":[{"x":2,"y":-8},{"x":5,"y":-8},{"x":6,"y":-8},{"x":9,"y":-8},{"x":3,"y":-7.5},{"x":8,"y":-7.5},{"x":2,"y":-7},{"x":5,"y":-7},{"x":6,"y":-7},{"x":9,"y":-7},{"x":2,"y":-6},{"x":4,"y":-6},{"x":5,"y":-6},{"x":6,"y":-6},{"x":7,"y":-6},{"x":9,"y":-6},{"x":3,"y":-5.5},{"x":8,"y":-5.5},{"x":2,"y":-5},{"x":5,"y":-5},{"x":6,"y":-5},{"x":9,"y":-5},{"x":3,"y":-4.5},{"x":8,"y":-4.5},{"x":2,"y":-4},{"x":4,"y":-4},{"x":5,"y":-4},{"x":6,"y":-4},{"x":7,"y":-4},{"x":9,"y":-4},{"x":2,"y":-3},{"x":5,"y":-3},{"x":6,"y":-3},{"x":9,"y":-3},{"x":3,"y":-2.5},{"x":8,"y":-2.5},{"x":2,"y":-2},{"x":5,"y":-2},{"x":6,"y":-2},{"x":9,"y":-2}]},{"index":2,"tiles":[{"x":2,"y":-8},{"x":5,"y":-8},{"x":6,"y":-8},{"x":9,"y":-8},{"x":3,"y":-7.5},{"x":8,"y":-7.5},{"x":2,"y":-7},{"x":5,"y":-7},{"x":6,"y":-7},{"x":9,"y":-7},{"x":2,"y":-6},{"x":4,"y":-6},{"x":5,"y":-6},{"x":6,"y":-6},{"x":7,"y":-6},{"x":9,"y":-6},{"x":3,"y":-5.5},{"x":8,"y":-5.5},{"x":2,"y":-5},{"x":5,"y":-5},{"x":6,"y":-5},{"x":9,"y":-5},{"x":3,"y":-4.5},{"x":8,"y":-4.5},{"x":2,"y":-4},{"x":4,"y":-4},{"x":5,"y":-4},{"x":6,"y":-4},{"x":7,"y":-4},{"x":9,"y":-4},{"x":2,"y":-3},{"x":5,"y":-3},{"x":6,"y":-3},{"x":9,"y":-3},{"x":3,"y":-2.5},{"x":8,"y":-2.5},{"x":2,"y":-2},{"x":5,"y":-2},{"x":6,"y":-2},{"x":9,"y":-2}]}],"seeds":["keBknzeEGxiFoyh0oAGCE6ekRscIaHF4B+eBnFI5xYRB4iWoXDBdlBeGw9lVXRA8XBhiw0cFS5hJoNdYpLglUkeAgQeJSWc+k6Y0RCmGy6csGsgEH7eIlEUN"]},{"layers":[{"index":0,"tiles":[{"x":3,"y":-9},{"x":8,"y":-9},{"x":2,"y":-8.5},{"x":9,"y":-8.5},{"x":3,"y":-8},{"x":8,"y":-8},{"x":2,"y":-7.5},{"x":9,"y":-7.5},{"x":3.5,"y":-7},{"x":7.5,"y":-7},{"x":2.5,"y":-6},{"x":4.5,"y":-6},{"x":6.5,"y":-6},{"x":8.5,"y":-6},{"x":3.5,"y":-5.5},{"x":7.5,"y":-5.5},{"x":2.5,"y":-5},{"x":5,"y":-5},{"x":6,"y":-5},{"x":8.5,"y":-5},{"x":3.5,"y":-4.5},{"x":7.5,"y":-4.5},{"x":2.5,"y":-4},{"x":4.5,"y":-4},{"x":6.5,"y":-4},{"x":8.5,"y":-4},{"x":3.5,"y":-3},{"x":7.5,"y":-3},{"x":2,"y":-2.5},{"x":9,"y":-2.5},{"x":3,"y":-2},{"x":8,"y":-2},{"x":2,"y":-1.5},{"x":9,"y":-1.5},{"x":3,"y":-1},{"x":8,"y":-1}]},{"index":1,"tiles":[{"x":3,"y":-9},{"x":8,"y":-9},{"x":2,"y":-8.5},{"x":9,"y":-8.5},{"x":3,"y":-8},{"x":8,"y":-8},{"x":2,"y":-7.5},{"x":9,"y":-7.5},{"x":3.5,"y":-7},{"x":7.5,"y":-7},{"x":2.5,"y":-6},{"x":4.5,"y":-6},{"x":6.5,"y":-6},{"x":8.5,"y":-6},{"x":3.5,"y":-5.5},{"x":7.5,"y":-5.5},{"x":2.5,"y":-5},{"x":5.5,"y":-5},{"x":8.5,"y":-5},{"x":3.5,"y":-4.5},{"x":7.5,"y":-4.5},{"x":2.5,"y":-4},{"x":4.5,"y":-4},{"x":6.5,"y":-4},{"x":8.5,"y":-4},{"x":3.5,"y":-3},{"x":7.5,"y":-3},{"x":2,"y":-2.5},{"x":9,"y":-2.5},{"x":3,"y":-2},{"x":8,"y":-2},{"x":2,"y":-1.5},{"x":9,"y":-1.5},{"x":3,"y":-1},{"x":8,"y":-1}]},{"index":2,"tiles":[{"x":3,"y":-9},{"x":8,"y":-9},{"x":2,"y":-8.5},{"x":9,"y":-8.5},{"x":3,"y":-8},{"x":8,"y":-8},{"x":2,"y":-7.5},{"x":9,"y":-7.5},{"x":3.5,"y":-7},{"x":7.5,"y":-7},{"x":4.5,"y":-6},{"x":6.5,"y":-6},{"x":2.5,"y":-5.5},{"x":8.5,"y":-5.5},{"x":3.5,"y":-5},{"x":5.5,"y":-5},{"x":7.5,"y":-5},{"x":2.5,"y":-4.5},{"x":8.5,"y":-4.5},{"x":4.5,"y":-4},{"x":6.5,"y":-4},{"x":3.5,"y":-3},{"x":7.5,"y":-3},{"x":2,"y":-2.5},{"x":9,"y":-2.5},{"x":3,"y":-2},{"x":8,"y":-2},{"x":2,"y":-1.5},{"x":9,"y":-1.5},{"x":3,"y":-1},{"x":8,"y":-1}]},{"index":3,"tiles":[{"x":4.5,"y":-6},{"x":6.5,"y":-6},{"x":2.5,"y":-5.5},{"x":8.5,"y":-5.5},{"x":3.5,"y":-5},{"x":5.5,"y":-5},{"x":7.5,"y":-5},{"x":2.5,"y":-4.5},{"x":8.5,"y":-4.5},{"x":4.5,"y":-4},{"x":6.5,"y":-4}]},{"index":4,"tiles":[{"x":5.5,"y":-5}]}],"seeds":["4GCIXdQVXUhER2NUC8V1DIhMn5OFDhd4pCNeIeqJ4bg0HIdZCWg+Gzg5W8eFYhiKIMOBlZd5DOF515cInQZphoJB5UMJUsgMUvBp3yFqiFUYaaIkpwoA"]},{"layers":[{"index":0,"tiles":[{"x":7.5,"y":-9},{"x":8.5,"y":-9},{"x":6.5,"y":-8.5},{"x":2.5,"y":-8},{"x":3.5,"y":-8},{"x":5.5,"y":-8},{"x":7.5,"y":-8},{"x":8.5,"y":-8},{"x":4.5,"y":-7.5},{"x":2.5,"y":-7},{"x":3.5,"y":-7},{"x":5.5,"y":-7},{"x":7.5,"y":-7},{"x":6.5,"y":-6.5},{"x":3.5,"y":-6},{"x":5.5,"y":-6},{"x":7.5,"y":-6},{"x":8.5,"y":-6},{"x":4.5,"y":-5.5},{"x":2.5,"y":-5},{"x":3.5,"y":-5},{"x":5.5,"y":-5},{"x":7.5,"y":-5},{"x":8.5,"y":-5},{"x":6.5,"y":-4.5},{"x":2.5,"y":-4},{"x":3.5,"y":-4},{"x":5.5,"y":-4},{"x":7.5,"y":-4},{"x":4.5,"y":-3.5},{"x":3.5,"y":-3},{"x":5.5,"y":-3},{"x":7.5,"y":-3},{"x":8.5,"y":-3},{"x":6.5,"y":-2.5},{"x":2.5,"y":-2},{"x":3.5,"y":-2},{"x":5.5,"y":-2},{"x":7.5,"y":-2},{"x":8.5,"y":-2},{"x":4.5,"y":-1.5},{"x":2.5,"y":-1},{"x":3.5,"y":-1}]},{"index":1,"tiles":[{"x":7.5,"y":-9},{"x":8.5,"y":-9},{"x":6.5,"y":-8.5},{"x":2.5,"y":-8},{"x":3.5,"y":-8},{"x":5.5,"y":-8},{"x":7.5,"y":-8},{"x":8.5,"y":-8},{"x":4.5,"y":-7.5},{"x":2.5,"y":-7},{"x":3.5,"y":-7},{"x":5.5,"y":-7},{"x":7.5,"y":-7},{"x":6.5,"y":-6.5},{"x":3.5,"y":-6},{"x":5.5,"y":-6},{"x":7.5,"y":-6},{"x":8.5,"y":-6},{"x":4.5,"y":-5.5},{"x":2.5,"y":-5},{"x":3.5,"y":-5},{"x":5.5,"y":-5},{"x":7.5,"y":-5},{"x":8.5,"y":-5},{"x":6.5,"y":-4.5},{"x":2.5,"y":-4},{"x":3.5,"y":-4},{"x":5.5,"y":-4},{"x":7.5,"y":-4},{"x":4.5,"y":-3.5},{"x":3.5,"y":-3},{"x":5.5,"y":-3},{"x":7.5,"y":-3},{"x":8.5,"y":-3},{"x":6.5,"y":-2.5},{"x":2.5,"y":-2},{"x":3.5,"y":-2},{"x":5.5,"y":-2},{"x":7.5,"y":-2},{"x":8.5,"y":-2},{"x":4.5,"y":-1.5},{"x":2.5,"y":-1},{"x":3.5,"y":-1}]},{"index":2,"tiles":[{"x":7.5,"y":-9},{"x":8.5,"y":-9},{"x":6.5,"y":-8.5},{"x":2.5,"y":-8},{"x":3.5,"y":-8},{"x":5.5,"y":-8},{"x":7.5,"y":-8},{"x":8.5,"y":-8},{"x":4.5,"y":-7.5},{"x":2.5,"y":-7},{"x":3.5,"y":-7},{"x":5.5,"y":-7},{"x":7.5,"y":-7},{"x":6.5,"y":-6.5},{"x":3.5,"y":-6},{"x":5.5,"y":-6},{"x":7.5,"y":-6},{"x":8.5,"y":-6},{"x":4.5,"y":-5.5},{"x":2.5,"y":-5},{"x":3.5,"y":-5},{"x":5.5,"y":-5},{"x":7.5,"y":-5},{"x":8.5,"y":-5},{"x":6.5,"y":-4.5},{"x":2.5,"y":-4},{"x":3.5,"y":-4},{"x":5.5,"y":-4},{"x":7.5,"y":-4},{"x":4.5,"y":-3.5},{"x":3.5,"y":-3},{"x":5.5,"y":-3},{"x":7.5,"y":-3},{"x":8.5,"y":-3},{"x":6.5,"y":-2.5},{"x":2.5,"y":-2},{"x":3.5,"y":-2},{"x":5.5,"y":-2},{"x":7.5,"y":-2},{"x":8.5,"y":-2},{"x":4.5,"y":-1.5},{"x":2.5,"y":-1},{"x":3.5,"y":-1}]},{"index":3,"tiles":[{"x":5.5,"y":-8},{"x":5.5,"y":-7},{"x":5.5,"y":-6},{"x":5.5,"y":-5},{"x":5.5,"y":-4},{"x":5.5,"y":-3},{"x":5.5,"y":-2}]}],"seeds":["R0iIJ8WJIhg9zRcS1uZ51OJp3cOA3yRwYaiAg1IEYjkIl8BERIc6nMR0XjplIZOJl9qRk9ktIFc0IIaBUOUMSVJRoSZMwyCNFPiJoLh5YoB84GeBy8BVBxV8CBEaXAgpStAtFeUZ"]},{"layers":[{"index":0,"tiles":[{"x":1.5,"y":-8.5},{"x":9.5,"y":-8.5},{"x":2,"y":-7.5},{"x":3,"y":-7.5},{"x":5.5,"y":-7.5},{"x":8,"y":-7.5},{"x":9,"y":-7.5},{"x":3,"y":-6.5},{"x":4,"y":-6.5},{"x":5.5,"y":-6.5},{"x":7,"y":-6.5},{"x":8,"y":-6.5},{"x":4,"y":-5.5},{"x":5,"y":-5.5},{"x":6,"y":-5.5},{"x":7,"y":-5.5},{"x":4,"y":-4.5},{"x":5,"y":-4.5},{"x":6,"y":-4.5},{"x":7,"y":-4.5},{"x":4,"y":-3.5},{"x":5,"y":-3.5},{"x":6,"y":-3.5},{"x":7,"y":-3.5},{"x":3,"y":-3},{"x":8,"y":-3},{"x":4,"y":-2.5},{"x":5.5,"y":-2.5},{"x":7,"y":-2.5},{"x":3,"y":-2},{"x":8,"y":-2},{"x":5.5,"y":-1.5},{"x":3,"y":-1},{"x":8,"y":-1}]},{"index":1,"tiles":[{"x":1.5,"y":-8.5},{"x":9.5,"y":-8.5},{"x":2,"y":-7.5},{"x":3,"y":-7.5},{"x":5.5,"y":-7.5},{"x":8,"y":-7.5},{"x":9,"y":-7.5},{"x":3,"y":-6.5},{"x":4,"y":-6.5},{"x":5.5,"y":-6.5},{"x":7,"y":-6.5},{"x":8,"y":-6.5},{"x":4,"y":-5.5},{"x":5,"y":-5.5},{"x":6,"y":-5.5},{"x":7,"y":-5.5},{"x":4,"y":-4.5},{"x":5,"y":-4.5},{"x":6,"y":-4.5},{"x":7,"y":-4.5},{"x":4,"y":-3.5},{"x":5,"y":-3.5},{"x":6,"y":-3.5},{"x":7,"y":-3.5},{"x":3,"y":-3},{"x":8,"y":-3},{"x":4,"y":-2.5},{"x":5.5,"y":-2.5},{"x":7,"y":-2.5},{"x":3,"y":-2},{"x":8,"y":-2},{"x":5.5,"y":-1.5},{"x":3,"y":-1},{"x":8,"y":-1}]},{"index":2,"tiles":[{"x":1.5,"y":-8.5},{"x":9.5,"y":-8.5},{"x":2,"y":-7.5},{"x":3,"y":-7.5},{"x":8,"y":-7.5},{"x":9,"y":-7.5},{"x":5.5,"y":-7},{"x":3,"y":-6.5},{"x":8,"y":-6.5},{"x":4,"y":-6},{"x":5.5,"y":-6},{"x":7,"y":-6},{"x":4.5,"y":-5},{"x":5.5,"y":-5},{"x":6.5,"y":-5},{"x":4.5,"y":-4},{"x":5.5,"y":-4},{"x":6.5,"y":-4},{"x":3,"y":-3},{"x":4,"y":-3},{"x":5.5,"y":-3},{"x":7,"y":-3},{"x":8,"y":-3},{"x":3,"y":-2},{"x":5.5,"y":-2},{"x":8,"y":-2},{"x":3,"y":-1},{"x":8,"y":-1}]},{"index":3,"tiles":[{"x":5.5,"y":-7},{"x":4,"y":-6},{"x":5.5,"y":-6},{"x":7,"y":-6},{"x":4.5,"y":-5},{"x":5.5,"y":-5},{"x":6.5,"y":-5},{"x":4.5,"y":-4},{"x":5.5,"y":-4},{"x":6.5,"y":-4},{"x":3,"y":-3},{"x":4,"y":-3},{"x":5.5,"y":-3},{"x":7,"y":-3},{"x":3,"y":-2},{"x":5.5,"y":-2},{"x":3,"y":-1}]},{"index":4,"tiles":[{"x":5.5,"y":-4.5}]}],"seeds":["5MFolJQozIF+hrKACXgKzvB9ggAaV8RcYYZ4UKUsITg6QhE2kBoSliVyk1lg3dSBXxiCYiAEjLBpGSUOXNkpFUaAnfhI3MQhoBiJwcR5Xtp1j7cFDQcA"]},{"layers":[{"index":0,"tiles":[{"x":1.5,"y":-8.5},{"x":2.5,"y":-8.5},{"x":3.5,"y":-8.5},{"x":4.5,"y":-8.5},{"x":5.5,"y":-8.5},{"x":6.5,"y":-8.5},{"x":7.5,"y":-8.5},{"x":8.5,"y":-8.5},{"x":9.5,"y":-8.5},{"x":1.5,"y":-6.5},{"x":2.5,"y":-6.5},{"x":3.5,"y":-6.5},{"x":6.5,"y":-6.5},{"x":9.5,"y":-6.5},{"x":4.5,"y":-6},{"x":1.5,"y":-5.5},{"x":6.5,"y":-5.5},{"x":9,"y":-5.5},{"x":4.5,"y":-5},{"x":1.5,"y":-4.5},{"x":2.5,"y":-4.5},{"x":3.5,"y":-4.5},{"x":6.5,"y":-4.5},{"x":7.5,"y":-4.5},{"x":8.5,"y":-4.5},{"x":4.5,"y":-4},{"x":9.5,"y":-4},{"x":1.5,"y":-3.5},{"x":6.5,"y":-3.5},{"x":4.5,"y":-3},{"x":9.5,"y":-3},{"x":1.5,"y":-2.5},{"x":2.5,"y":-2.5},{"x":3.5,"y":-2.5},{"x":6.5,"y":-2.5},{"x":7.5,"y":-2.5},{"x":8.5,"y":-2.5},{"x":1.5,"y":-1},{"x":2.5,"y":-1},{"x":3.5,"y":-1},{"x":4.5,"y":-1},{"x":5.5,"y":-1},{"x":6.5,"y":-1},{"x":7.5,"y":-1},{"x":8.5,"y":-1},{"x":9.5,"y":-1}]},{"index":1,"tiles":[{"x":1.5,"y":-6.5},{"x":2.5,"y":-6.5},{"x":3.5,"y":-6.5},{"x":6.5,"y":-6.5},{"x":9.5,"y":-6.5},{"x":4.5,"y":-6},{"x":1.5,"y":-5.5},{"x":6.5,"y":-5.5},{"x":9,"y":-5.5},{"x":4.5,"y":-5},{"x":1.5,"y":-4.5},{"x":2.5,"y":-4.5},{"x":3.5,"y":-4.5},{"x":6.5,"y":-4.5},{"x":7.5,"y":-4.5},{"x":8.5,"y":-4.5},{"x":4.5,"y":-4},{"x":9.5,"y":-4},{"x":1.5,"y":-3.5},{"x":6.5,"y":-3.5},{"x":4.5,"y":-3},{"x":9.5,"y":-3},{"x":1.5,"y":-2.5},{"x":2.5,"y":-2.5},{"x":3.5,"y":-2.5},{"x":6.5,"y":-2.5},{"x":7.5,"y":-2.5},{"x":8.5,"y":-2.5}]},{"index":2,"tiles":[{"x":1.5,"y":-6.5},{"x":2.5,"y":-6.5},{"x":3.5,"y":-6.5},{"x":6.5,"y":-6.5},{"x":9.5,"y":-6.5},{"x":4.5,"y":-6},{"x":1.5,"y":-5.5},{"x":6.5,"y":-5.5},{"x":9,"y":-5.5},{"x":4.5,"y":-5},{"x":1.5,"y":-4.5},{"x":2.5,"y":-4.5},{"x":3.5,"y":-4.5},{"x":6.5,"y":-4.5},{"x":7.5,"y":-4.5},{"x":8.5,"y":-4.5},{"x":4.5,"y":-4},{"x":9.5,"y":-4},{"x":1.5,"y":-3.5},{"x":6.5,"y":-3.5},{"x":4.5,"y":-3},{"x":9.5,"y":-3},{"x":1.5,"y":-2.5},{"x":2.5,"y":-2.5},{"x":3.5,"y":-2.5},{"x":6.5,"y":-2.5},{"x":7.5,"y":-2.5},{"x":8.5,"y":-2.5}]},{"index":3,"tiles":[{"x":1.5,"y":-6.5},{"x":2.5,"y":-6.5},{"x":3.5,"y":-6.5},{"x":6.5,"y":-6.5},{"x":9.5,"y":-6.5},{"x":4.5,"y":-6},{"x":1.5,"y":-5.5},{"x":6.5,"y":-5.5},{"x":9,"y":-5.5},{"x":4.5,"y":-5},{"x":1.5,"y":-4.5},{"x":2.5,"y":-4.5},{"x":3.5,"y":-4.5},{"x":6.5,"y":-4.5},{"x":7.5,"y":-4.5},{"x":8.5,"y":-4.5},{"x":4.5,"y":-4},{"x":9.5,"y":-4},{"x":1.5,"y":-3.5},{"x":6.5,"y":-3.5},{"x":4.5,"y":-3},{"x":9.5,"y":-3},{"x":1.5,"y":-2.5},{"x":2.5,"y":-2.5},{"x":3.5,"y":-2.5},{"x":6.5,"y":-2.5},{"x":7.5,"y":-2.5},{"x":8.5,"y":-2.5}]}],"seeds":["ohI+m2dxE9eJAfMMzdcNmNARXuiJBcJkYCh6Ahoyk3KpFUhd1EkyUYcJBpQGHgcWYbBMy9J4H1dJEiQMH+V9IDJYYJKAzuGF4gd2G+hQUxRWYthVhnIQpcJlgTYumsh9ogkA"]},{"layers":[{"index":0,"tiles":[{"x":5,"y":-8},{"x":6,"y":-8},{"x":5,"y":-7},{"x":6,"y":-7},{"x":1.5,"y":-6.5},{"x":9.5,"y":-6.5},{"x":3.5,"y":-6},{"x":4.5,"y":-6},{"x":5.5,"y":-6},{"x":6.5,"y":-6},{"x":7.5,"y":-6},{"x":2,"y":-5.5},{"x":9,"y":-5.5},{"x":4,"y":-5},{"x":5,"y":-5},{"x":6,"y":-5},{"x":7,"y":-5},{"x":2.5,"y":-4.5},{"x":8.5,"y":-4.5},{"x":4.5,"y":-4},{"x":5.5,"y":-4},{"x":6.5,"y":-4},{"x":3,"y":-3.5},{"x":8,"y":-3.5},{"x":5,"y":-3},{"x":6,"y":-3},{"x":3.5,"y":-2.5},{"x":7.5,"y":-2.5},{"x":5.5,"y":-2},{"x":4,"y":-1.5},{"x":7,"y":-1.5}]},{"index":1,"tiles":[{"x":5,"y":-8},{"x":6,"y":-8},{"x":5,"y":-7},{"x":6,"y":-7},{"x":1.5,"y":-6.5},{"x":9.5,"y":-6.5},{"x":3.5,"y":-6},{"x":4.5,"y":-6},{"x":5.5,"y":-6},{"x":6.5,"y":-6},{"x":7.5,"y":-6},{"x":2,"y":-5.5},{"x":9,"y":-5.5},{"x":4,"y":-5},{"x":5,"y":-5},{"x":6,"y":-5},{"x":7,"y":-5},{"x":2.5,"y":-4.5},{"x":8.5,"y":-4.5},{"x":4.5,"y":-4},{"x":5.5,"y":-4},{"x":6.5,"y":-4},{"x":3,"y":-3.5},{"x":8,"y":-3.5},{"x":5,"y":-3},{"x":6,"y":-3},{"x":3.5,"y":-2.5},{"x":7.5,"y":-2.5},{"x":5.5,"y":-2},{"x":4,"y":-1.5},{"x":7,"y":-1.5}]},{"index":2,"tiles":[{"x":5.5,"y":-7.5},{"x":1.5,"y":-6.5},{"x":5.5,"y":-6.5},{"x":9.5,"y":-6.5},{"x":2,"y":-5.5},{"x":4,"y":-5.5},{"x":5,"y":-5.5},{"x":6,"y":-5.5},{"x":7,"y":-5.5},{"x":9,"y":-5.5},{"x":2.5,"y":-4.5},{"x":4.5,"y":-4.5},{"x":5.5,"y":-4.5},{"x":6.5,"y":-4.5},{"x":8.5,"y":-4.5},{"x":3,"y":-3.5},{"x":5,"y":-3.5},{"x":6,"y":-3.5},{"x":8,"y":-3.5},{"x":3.5,"y":-2.5},{"x":5.5,"y":-2.5},{"x":7.5,"y":-2.5},{"x":4,"y":-1.5},{"x":7,"y":-1.5}]},{"index":3,"tiles":[{"x":5.5,"y":-7},{"x":1.5,"y":-6.5},{"x":9.5,"y":-6.5},{"x":5.5,"y":-6},{"x":2,"y":-5.5},{"x":9,"y":-5.5},{"x":4.5,"y":-5},{"x":5.5,"y":-5},{"x":6.5,"y":-5},{"x":2.5,"y":-4.5},{"x":8.5,"y":-4.5},{"x":5,"y":-4},{"x":6,"y":-4},{"x":3,"y":-3.5},{"x":8,"y":-3.5},{"x":5.5,"y":-3},{"x":3.5,"y":-2.5},{"x":7.5,"y":-2.5},{"x":4,"y":-1.5},{"x":7,"y":-1.5}]},{"index":4,"tiles":[{"x":5.5,"y":-7},{"x":5.5,"y":-6},{"x":4.5,"y":-5},{"x":5.5,"y":-5},{"x":6.5,"y":-5},{"x":5,"y":-4},{"x":6,"y":-4},{"x":5.5,"y":-3}]}],"seeds":["EJUZ3WR9UAiFRTQZomCdBfcFYDcF0/dxHJVJISEqWHSlYgNBD5MgDxImkTCAB1M5GqeG5oEmIrh4BFgNlwaGDeQskJKUZKJ5mjdCHQiCCQhGYId5oAQA"]},{"layers":[{"index":0,"tiles":[{"x":2.5,"y":-8.5},{"x":8.5,"y":-8.5},{"x":3,"y":-7.5},{"x":5,"y":-7.5},{"x":6,"y":-7.5},{"x":8,"y":-7.5},{"x":4.5,"y":-6.5},{"x":6.5,"y":-6.5},{"x":2,"y":-5.5},{"x":3.5,"y":-5.5},{"x":5,"y":-5.5},{"x":6,"y":-5.5},{"x":7.5,"y":-5.5},{"x":9,"y":-5.5},{"x":2,"y":-4.5},{"x":3.5,"y":-4.5},{"x":5,"y":-4.5},{"x":6,"y":-4.5},{"x":7.5,"y":-4.5},{"x":9,"y":-4.5},{"x":4.5,"y":-3.5},{"x":6.5,"y":-3.5},{"x":3,"y":-2.5},{"x":5,"y":-2.5},{"x":6,"y":-2.5},{"x":8,"y":-2.5},{"x":2.5,"y":-1.5},{"x":8.5,"y":-1.5}]},{"index":1,"tiles":[{"x":2.5,"y":-8.5},{"x":8.5,"y":-8.5},{"x":3,"y":-7.5},{"x":5,"y":-7.5},{"x":6,"y":-7.5},{"x":8,"y":-7.5},{"x":4.5,"y":-6.5},{"x":6.5,"y":-6.5},{"x":2,"y":-5.5},{"x":3.5,"y":-5.5},{"x":5,"y":-5.5},{"x":6,"y":-5.5},{"x":7.5,"y":-5.5},{"x":9,"y":-5.5},{"x":2,"y":-4.5},{"x":3.5,"y":-4.5},{"x":5,"y":-4.5},{"x":6,"y":-4.5},{"x":7.5,"y":-4.5},{"x":9,"y":-4.5},{"x":4.5,"y":-3.5},{"x":6.5,"y":-3.5},{"x":3,"y":-2.5},{"x":5,"y":-2.5},{"x":6,"y":-2.5},{"x":8,"y":-2.5},{"x":2.5,"y":-1.5},{"x":8.5,"y":-1.5}]},{"index":2,"tiles":[{"x":2.5,"y":-8.5},{"x":8.5,"y":-8.5},{"x":3,"y":-7.5},{"x":5,"y":-7.5},{"x":6,"y":-7.5},{"x":8,"y":-7.5},{"x":4.5,"y":-6.5},{"x":6.5,"y":-6.5},{"x":2,"y":-5.5},{"x":3.5,"y":-5.5},{"x":5,"y":-5.5},{"x":6,"y":-5.5},{"x":7.5,"y":-5.5},{"x":9,"y":-5.5},{"x":2,"y":-4.5},{"x":3.5,"y":-4.5},{"x":5,"y":-4.5},{"x":6,"y":-4.5},{"x":7.5,"y":-4.5},{"x":9,"y":-4.5},{"x":4.5,"y":-3.5},{"x":6.5,"y":-3.5},{"x":3,"y":-2.5},{"x":5,"y":-2.5},{"x":6,"y":-2.5},{"x":8,"y":-2.5},{"x":2.5,"y":-1.5},{"x":8.5,"y":-1.5}]},{"index":3,"tiles":[{"x":2.5,"y":-8.5},{"x":8.5,"y":-8.5},{"x":3,"y":-7.5},{"x":5,"y":-7.5},{"x":6,"y":-7.5},{"x":8,"y":-7.5},{"x":4.5,"y":-6.5},{"x":6.5,"y":-6.5},{"x":2,"y":-5.5},{"x":3.5,"y":-5.5},{"x":5,"y":-5.5},{"x":6,"y":-5.5},{"x":7.5,"y":-5.5},{"x":9,"y":-5.5},{"x":2,"y":-4.5},{"x":3.5,"y":-4.5},{"x":5,"y":-4.5},{"x":6,"y":-4.5},{"x":7.5,"y":-4.5},{"x":9,"y":-4.5},{"x":4.5,"y":-3.5},{"x":6.5,"y":-3.5},{"x":3,"y":-2.5},{"x":5,"y":-2.5},{"x":6,"y":-2.5},{"x":8,"y":-2.5},{"x":2.5,"y":-1.5},{"x":8.5,"y":-1.5}]}],"seeds":["GSKe3ISFHiVF4ICBKlWFDkIslxI4C0iA1hMN01UJC5d0nXQISVgYadNt3SR0aLBwnNaYARgWmvdBRnaQHQgK3uZxIiSKwQQy4qdY41Myihh+4adw"]},{"layers":[{"index":0,"tiles":[{"x":1.5,"y":-8.5},{"x":5.5,"y":-8.5},{"x":9.5,"y":-8.5},{"x":2.5,"y":-8},{"x":4,"y":-8},{"x":7,"y":-8},{"x":8.5,"y":-8},{"x":5,"y":-7.5},{"x":6,"y":-7.5},{"x":3,"y":-7},{"x":4,"y":-7},{"x":7,"y":-7},{"x":8,"y":-7},{"x":5,"y":-6.5},{"x":6,"y":-6.5},{"x":3,"y":-6},{"x":4,"y":-6},{"x":7,"y":-6},{"x":8,"y":-6},{"x":5,"y":-5.5},{"x":6,"y":-5.5},{"x":4,"y":-5},{"x":7,"y":-5},{"x":3,"y":-4.5},{"x":5,"y":-4.5},{"x":6,"y":-4.5},{"x":8,"y":-4.5},{"x":2.5,"y":-3.5},{"x":3.5,"y":-3.5},{"x":4.5,"y":-3.5},{"x":5.5,"y":-3.5},{"x":6.5,"y":-3.5},{"x":7.5,"y":-3.5},{"x":8.5,"y":-3.5},{"x":2.5,"y":-2.5},{"x":3.5,"y":-2.5},{"x":4.5,"y":-2.5},{"x":5.5,"y":-2.5},{"x":6.5,"y":-2.5},{"x":7.5,"y":-2.5},{"x":8.5,"y":-2.5},{"x":3.5,"y":-1.5},{"x":4.5,"y":-1.5},{"x":5.5,"y":-1.5},{"x":6.5,"y":-1.5},{"x":7.5,"y":-1.5}]},{"index":1,"tiles":[{"x":1.5,"y":-8.5},{"x":5.5,"y":-8.5},{"x":9.5,"y":-8.5},{"x":2.5,"y":-8},{"x":4,"y":-8},{"x":7,"y":-8},{"x":8.5,"y":-8},{"x":5,"y":-7.5},{"x":6,"y":-7.5},{"x":3,"y":-7},{"x":4,"y":-7},{"x":7,"y":-7},{"x":8,"y":-7},{"x":5,"y":-6.5},{"x":6,"y":-6.5},{"x":3,"y":-6},{"x":4,"y":-6},{"x":7,"y":-6},{"x":8,"y":-6},{"x":5,"y":-5.5},{"x":6,"y":-5.5},{"x":4,"y":-5},{"x":7,"y":-5},{"x":3,"y":-4.5},{"x":5,"y":-4.5},{"x":6,"y":-4.5},{"x":8,"y":-4.5},{"x":2.5,"y":-3.5},{"x":3.5,"y":-3.5},{"x":4.5,"y":-3.5},{"x":5.5,"y":-3.5},{"x":6.5,"y":-3.5},{"x":7.5,"y":-3.5},{"x":8.5,"y":-3.5},{"x":2.5,"y":-2.5},{"x":3.5,"y":-2.5},{"x":4.5,"y":-2.5},{"x":5.5,"y":-2.5},{"x":6.5,"y":-2.5},{"x":7.5,"y":-2.5},{"x":8.5,"y":-2.5},{"x":3.5,"y":-1.5},{"x":4.5,"y":-1.5},{"x":5.5,"y":-1.5},{"x":6.5,"y":-1.5},{"x":7.5,"y":-1.5}]},{"index":2,"tiles":[{"x":1.5,"y":-8.5},{"x":5.5,"y":-8.5},{"x":9.5,"y":-8.5},{"x":2.5,"y":-8},{"x":4,"y":-8},{"x":7,"y":-8},{"x":8.5,"y":-8},{"x":5,"y":-7.5},{"x":6,"y":-7.5},{"x":3,"y":-7},{"x":4,"y":-7},{"x":7,"y":-7},{"x":8,"y":-7},{"x":5,"y":-6.5},{"x":6,"y":-6.5},{"x":3,"y":-6},{"x":4,"y":-6},{"x":7,"y":-6},{"x":8,"y":-6},{"x":5,"y":-5.5},{"x":6,"y":-5.5},{"x":4,"y":-5},{"x":7,"y":-5},{"x":3,"y":-4.5},{"x":5,"y":-4.5},{"x":6,"y":-4.5},{"x":8,"y":-4.5},{"x":2.5,"y":-3.5},{"x":3.5,"y":-3.5},{"x":4.5,"y":-3.5},{"x":5.5,"y":-3.5},{"x":6.5,"y":-3.5},{"x":7.5,"y":-3.5},{"x":8.5,"y":-3.5},{"x":2.5,"y":-2.5},{"x":3.5,"y":-2.5},{"x":4.5,"y":-2.5},{"x":5.5,"y":-2.5},{"x":6.5,"y":-2.5},{"x":7.5,"y":-2.5},{"x":8.5,"y":-2.5},{"x":3.5,"y":-1.5},{"x":4.5,"y":-1.5},{"x":5.5,"y":-1.5},{"x":6.5,"y":-1.5},{"x":7.5,"y":-1.5}]}],"seeds":["l/IZg7eFnSCJ3YJ6VuClIFlOQ9hlVCdS4bJQXPiJ2ncpqgEGWFYIljAMCON5ATVIUcUtglYxYVcpnHlEgfiI4gQOzsY5GDhNYEEEYTNAHCGK4RAywQExYjWBY5KAnDI13QMi3iee3wcA"]},{"layers":[{"index":0,"tiles":[{"x":2,"y":-8.5},{"x":4.5,"y":-8.5},{"x":6.5,"y":-8.5},{"x":9,"y":-8.5},{"x":2.5,"y":-7.5},{"x":5,"y":-7.5},{"x":6,"y":-7.5},{"x":8.5,"y":-7.5},{"x":3.5,"y":-7},{"x":7.5,"y":-7},{"x":2.5,"y":-6.5},{"x":4.5,"y":-6.5},{"x":6.5,"y":-6.5},{"x":8.5,"y":-6.5},{"x":2.5,"y":-5.5},{"x":3.5,"y":-5.5},{"x":5,"y":-5.5},{"x":6,"y":-5.5},{"x":7.5,"y":-5.5},{"x":8.5,"y":-5.5},{"x":2,"y":-4.5},{"x":5,"y":-4.5},{"x":6,"y":-4.5},{"x":9,"y":-4.5},{"x":3,"y":-4},{"x":8,"y":-4},{"x":3,"y":-3},{"x":4,"y":-3},{"x":7,"y":-3},{"x":8,"y":-3},{"x":5,"y":-1.5},{"x":6,"y":-1.5}]},{"index":1,"tiles":[{"x":2,"y":-8.5},{"x":4.5,"y":-8.5},{"x":6.5,"y":-8.5},{"x":9,"y":-8.5},{"x":2.5,"y":-7.5},{"x":5,"y":-7.5},{"x":6,"y":-7.5},{"x":8.5,"y":-7.5},{"x":3.5,"y":-7},{"x":7.5,"y":-7},{"x":2.5,"y":-6.5},{"x":4.5,"y":-6.5},{"x":6.5,"y":-6.5},{"x":8.5,"y":-6.5},{"x":2.5,"y":-5.5},{"x":3.5,"y":-5.5},{"x":5,"y":-5.5},{"x":6,"y":-5.5},{"x":7.5,"y":-5.5},{"x":8.5,"y":-5.5},{"x":2,"y":-4.5},{"x":5,"y":-4.5},{"x":6,"y":-4.5},{"x":9,"y":-4.5},{"x":3,"y":-4},{"x":8,"y":-4},{"x":3,"y":-3},{"x":4,"y":-3},{"x":7,"y":-3},{"x":8,"y":-3},{"x":5,"y":-1.5},{"x":6,"y":-1.5}]},{"index":2,"tiles":[{"x":2,"y":-8.5},{"x":4.5,"y":-8.5},{"x":6.5,"y":-8.5},{"x":9,"y":-8.5},{"x":2.5,"y":-7.5},{"x":5,"y":-7.5},{"x":6,"y":-7.5},{"x":8.5,"y":-7.5},{"x":3.5,"y":-7},{"x":7.5,"y":-7},{"x":2.5,"y":-6.5},{"x":4.5,"y":-6.5},{"x":6.5,"y":-6.5},{"x":8.5,"y":-6.5},{"x":2.5,"y":-5.5},{"x":3.5,"y":-5.5},{"x":5,"y":-5.5},{"x":6,"y":-5.5},{"x":7.5,"y":-5.5},{"x":8.5,"y":-5.5},{"x":2,"y":-4.5},{"x":5,"y":-4.5},{"x":6,"y":-4.5},{"x":9,"y":-4.5},{"x":3,"y":-4},{"x":8,"y":-4},{"x":3,"y":-3},{"x":4,"y":-3},{"x":7,"y":-3},{"x":8,"y":-3},{"x":5,"y":-1.5},{"x":6,"y":-1.5}]},{"index":3,"tiles":[{"x":2,"y":-8.5},{"x":4.5,"y":-8.5},{"x":6.5,"y":-8.5},{"x":9,"y":-8.5},{"x":2.5,"y":-7.5},{"x":5,"y":-7.5},{"x":6,"y":-7.5},{"x":8.5,"y":-7.5},{"x":3.5,"y":-7},{"x":7.5,"y":-7},{"x":2.5,"y":-6.5},{"x":4.5,"y":-6.5},{"x":6.5,"y":-6.5},{"x":8.5,"y":-6.5},{"x":2.5,"y":-5.5},{"x":3.5,"y":-5.5},{"x":5,"y":-5.5},{"x":6,"y":-5.5},{"x":7.5,"y":-5.5},{"x":8.5,"y":-5.5},{"x":2,"y":-4.5},{"x":5,"y":-4.5},{"x":6,"y":-4.5},{"x":9,"y":-4.5},{"x":3,"y":-4},{"x":8,"y":-4},{"x":3,"y":-3},{"x":4,"y":-3},{"x":7,"y":-3},{"x":8,"y":-3},{"x":5,"y":-1.5},{"x":6,"y":-1.5}]}],"seeds":["IllUoQYOwUJEHONBHzeJmSiBmYMtylMklPEFi9ehnCEyYnCAp+N5KgVpXSeCoKAMyiAdSRgSIfgF0zeFILZcTzeZ17BRXRMK6SZITUl5YggiI6iInYUsFhdWC8hxghdJ"]},{"layers":[{"index":0,"tiles":[{"x":1.5,"y":-8},{"x":2.5,"y":-8},{"x":3.5,"y":-8},{"x":4.5,"y":-8},{"x":5.5,"y":-8},{"x":6.5,"y":-8},{"x":7.5,"y":-8},{"x":8.5,"y":-8},{"x":9.5,"y":-8},{"x":2.5,"y":-7},{"x":3.5,"y":-7},{"x":4.5,"y":-7},{"x":5.5,"y":-7},{"x":6.5,"y":-7},{"x":7.5,"y":-7},{"x":8.5,"y":-7},{"x":3.5,"y":-6},{"x":4.5,"y":-6},{"x":5.5,"y":-6},{"x":6.5,"y":-6},{"x":7.5,"y":-6},{"x":3.5,"y":-5},{"x":7.5,"y":-5},{"x":3.5,"y":-4},{"x":4.5,"y":-4},{"x":5.5,"y":-4},{"x":6.5,"y":-4},{"x":7.5,"y":-4},{"x":2.5,"y":-3},{"x":3.5,"y":-3},{"x":4.5,"y":-3},{"x":5.5,"y":-3},{"x":6.5,"y":-3},{"x":7.5,"y":-3},{"x":8.5,"y":-3},{"x":1.5,"y":-2},{"x":2.5,"y":-2},{"x":3.5,"y":-2},{"x":4.5,"y":-2},{"x":5.5,"y":-2},{"x":6.5,"y":-2},{"x":7.5,"y":-2},{"x":8.5,"y":-2},{"x":9.5,"y":-2}]},{"index":1,"tiles":[{"x":1.5,"y":-8},{"x":9.5,"y":-8},{"x":3,"y":-7.5},{"x":4,"y":-7.5},{"x":5,"y":-7.5},{"x":6,"y":-7.5},{"x":7,"y":-7.5},{"x":8,"y":-7.5},{"x":3.5,"y":-6.5},{"x":4.5,"y":-6.5},{"x":5.5,"y":-6.5},{"x":6.5,"y":-6.5},{"x":7.5,"y":-6.5},{"x":3.5,"y":-5.5},{"x":7.5,"y":-5.5},{"x":3.5,"y":-4.5},{"x":7.5,"y":-4.5},{"x":3.5,"y":-3.5},{"x":4.5,"y":-3.5},{"x":5.5,"y":-3.5},{"x":6.5,"y":-3.5},{"x":7.5,"y":-3.5},{"x":3,"y":-2.5},{"x":4,"y":-2.5},{"x":5,"y":-2.5},{"x":6,"y":-2.5},{"x":7,"y":-2.5},{"x":8,"y":-2.5},{"x":1.5,"y":-2},{"x":9.5,"y":-2}]},{"index":2,"tiles":[{"x":1.5,"y":-8},{"x":9.5,"y":-8},{"x":3,"y":-7.5},{"x":4,"y":-7.5},{"x":5,"y":-7.5},{"x":6,"y":-7.5},{"x":7,"y":-7.5},{"x":8,"y":-7.5},{"x":3.5,"y":-6.5},{"x":4.5,"y":-6.5},{"x":5.5,"y":-6.5},{"x":6.5,"y":-6.5},{"x":7.5,"y":-6.5},{"x":3.5,"y":-5.5},{"x":7.5,"y":-5.5},{"x":3.5,"y":-4.5},{"x":7.5,"y":-4.5},{"x":3.5,"y":-3.5},{"x":4.5,"y":-3.5},{"x":5.5,"y":-3.5},{"x":6.5,"y":-3.5},{"x":7.5,"y":-3.5},{"x":3,"y":-2.5},{"x":4,"y":-2.5},{"x":5,"y":-2.5},{"x":6,"y":-2.5},{"x":7,"y":-2.5},{"x":8,"y":-2.5},{"x":1.5,"y":-2},{"x":9.5,"y":-2}]},{"index":3,"tiles":[{"x":3,"y":-7.5},{"x":8,"y":-7.5},{"x":4,"y":-7},{"x":5,"y":-7},{"x":6,"y":-7},{"x":7,"y":-7},{"x":3.5,"y":-5.5},{"x":7.5,"y":-5.5},{"x":3.5,"y":-4.5},{"x":7.5,"y":-4.5},{"x":4,"y":-3},{"x":5,"y":-3},{"x":6,"y":-3},{"x":7,"y":-3},{"x":3,"y":-2.5},{"x":8,"y":-2.5}]}],"seeds":["RNh1JyWV2HUQTjeBZlB0ixCEXZREQwCKGfeE4SUi2PIUg5oogidwBvNxDQSC0xZqoDKJIlR9BlJtnnYoyhR6nhguaeaFHAeCgThSHLmAgkQNA/Oh1GdZTec5"]},{"layers":[{"index":0,"tiles":[{"x":2.5,"y":-8.5},{"x":4.5,"y":-8.5},{"x":6.5,"y":-8.5},{"x":8.5,"y":-8.5},{"x":3.5,"y":-8},{"x":5.5,"y":-8},{"x":7.5,"y":-8},{"x":2,"y":-7.5},{"x":9,"y":-7.5},{"x":2,"y":-6.5},{"x":4,"y":-6.5},{"x":5,"y":-6.5},{"x":6,"y":-6.5},{"x":7,"y":-6.5},{"x":9,"y":-6.5},{"x":2,"y":-5.5},{"x":4.5,"y":-5.5},{"x":5.5,"y":-5.5},{"x":6.5,"y":-5.5},{"x":9,"y":-5.5},{"x":2.5,"y":-4.5},{"x":8.5,"y":-4.5},{"x":3.5,"y":-4},{"x":4.5,"y":-4},{"x":6.5,"y":-4},{"x":7.5,"y":-4},{"x":5.5,"y":-3.5},{"x":4.5,"y":-2.5},{"x":5.5,"y":-2.5},{"x":6.5,"y":-2.5},{"x":3.5,"y":-2},{"x":7.5,"y":-2},{"x":2.5,"y":-1.5},{"x":8.5,"y":-1.5}]},{"index":1,"tiles":[{"x":2.5,"y":-8.5},{"x":4.5,"y":-8.5},{"x":6.5,"y":-8.5},{"x":8.5,"y":-8.5},{"x":3.5,"y":-8},{"x":5.5,"y":-8},{"x":7.5,"y":-8},{"x":2,"y":-7.5},{"x":9,"y":-7.5},{"x":2,"y":-6.5},{"x":4,"y":-6.5},{"x":5,"y":-6.5},{"x":6,"y":-6.5},{"x":7,"y":-6.5},{"x":9,"y":-6.5},{"x":2,"y":-5.5},{"x":4.5,"y":-5.5},{"x":5.5,"y":-5.5},{"x":6.5,"y":-5.5},{"x":9,"y":-5.5},{"x":2.5,"y":-4.5},{"x":8.5,"y":-4.5},{"x":3.5,"y":-4},{"x":4.5,"y":-4},{"x":6.5,"y":-4},{"x":7.5,"y":-4},{"x":5.5,"y":-3.5},{"x":4.5,"y":-2.5},{"x":5.5,"y":-2.5},{"x":6.5,"y":-2.5},{"x":3.5,"y":-2},{"x":7.5,"y":-2},{"x":2.5,"y":-1.5},{"x":8.5,"y":-1.5}]},{"index":2,"tiles":[{"x":2.5,"y":-8.5},{"x":4.5,"y":-8.5},{"x":6.5,"y":-8.5},{"x":8.5,"y":-8.5},{"x":3.5,"y":-8},{"x":5.5,"y":-8},{"x":7.5,"y":-8},{"x":2,"y":-7.5},{"x":9,"y":-7.5},{"x":2,"y":-6.5},{"x":4,"y":-6.5},{"x":5,"y":-6.5},{"x":6,"y":-6.5},{"x":7,"y":-6.5},{"x":9,"y":-6.5},{"x":2,"y":-5.5},{"x":4.5,"y":-5.5},{"x":5.5,"y":-5.5},{"x":6.5,"y":-5.5},{"x":9,"y":-5.5},{"x":2.5,"y":-4.5},{"x":8.5,"y":-4.5},{"x":3.5,"y":-4},{"x":4.5,"y":-4},{"x":6.5,"y":-4},{"x":7.5,"y":-4},{"x":5.5,"y":-3.5},{"x":4.5,"y":-2.5},{"x":5.5,"y":-2.5},{"x":6.5,"y":-2.5},{"x":3.5,"y":-2},{"x":7.5,"y":-2},{"x":2.5,"y":-1.5},{"x":8.5,"y":-1.5}]},{"index":3,"tiles":[{"x":2.5,"y":-8.5},{"x":4.5,"y":-8.5},{"x":6.5,"y":-8.5},{"x":8.5,"y":-8.5},{"x":3.5,"y":-8},{"x":5.5,"y":-8},{"x":7.5,"y":-8},{"x":2,"y":-7.5},{"x":9,"y":-7.5},{"x":2,"y":-6.5},{"x":9,"y":-6.5},{"x":4.5,"y":-6},{"x":5.5,"y":-6},{"x":6.5,"y":-6},{"x":2,"y":-5.5},{"x":9,"y":-5.5},{"x":2.5,"y":-4.5},{"x":8.5,"y":-4.5},{"x":3.5,"y":-4},{"x":4.5,"y":-4},{"x":6.5,"y":-4},{"x":7.5,"y":-4},{"x":5.5,"y":-3.5},{"x":4.5,"y":-2.5},{"x":5.5,"y":-2.5},{"x":6.5,"y":-2.5},{"x":3.5,"y":-2},{"x":7.5,"y":-2},{"x":2.5,"y":-1.5},{"x":8.5,"y":-1.5}]},{"index":4,"tiles":[{"x":5,"y":-6},{"x":6,"y":-6}]}],"seeds":["Q+R9D9Nx1uBZBrN95FgtwgGCD9VlICOI4OUJGCg6WjeARiBNYIiElFc21SESEVKJnKctmPIN3xmEQehsoihY4FU03KRkkwSFVLqoVIh2BNMpSRJyYMV51hdyYjd9RKGA5iIGEAEA"]}]]],0,0,[],[],[]]
