<?xml version="1.0" encoding="UTF-8"?><font><info face="primary-light" size="72" bold="0" italic="0" charset="" unicode="1" stretchH="100" smooth="1" aa="1" padding="1,1,1,1" spacing="1,1"/><common lineHeight="72" base="54" scaleW="447" scaleH="447" pages="1" packed="0"/><pages><page id="0" file="primary-light.png"/></pages><chars count="90"><char id="32" x="0" y="0" width="0" height="0" xoffset="0" yoffset="0" xadvance="15" page="0" chnl="15"/><char id="33" x="89" y="138" width="17" height="56" xoffset="1" yoffset="4" xadvance="20" page="0" chnl="15"/><char id="34" x="419" y="363" width="27" height="25" xoffset="1" yoffset="4" xadvance="29" page="0" chnl="15"/><char id="35" x="265" y="307" width="38" height="53" xoffset="1" yoffset="6" xadvance="40" page="0" chnl="15"/><char id="36" x="80" y="0" width="36" height="64" xoffset="2" yoffset="1" xadvance="40" page="0" chnl="15"/><char id="37" x="343" y="251" width="63" height="55" xoffset="0" yoffset="5" xadvance="64" page="0" chnl="15"/><char id="38" x="319" y="138" width="50" height="56" xoffset="0" yoffset="4" xadvance="49" page="0" chnl="15"/><char id="39" x="423" y="224" width="13" height="26" xoffset="1" yoffset="3" xadvance="15" page="0" chnl="15"/><char id="40" x="38" y="0" width="20" height="64" xoffset="2" yoffset="3" xadvance="23" page="0" chnl="15"/><char id="41" x="59" y="0" width="20" height="64" xoffset="1" yoffset="3" xadvance="23" page="0" chnl="15"/><char id="42" x="42" y="407" width="33" height="34" xoffset="0" yoffset="4" xadvance="33" page="0" chnl="15"/><char id="43" x="332" y="307" width="41" height="44" xoffset="1" yoffset="15" xadvance="43" page="0" chnl="15"/><char id="44" x="423" y="195" width="20" height="28" xoffset="-2" yoffset="40" xadvance="19" page="0" chnl="15"/><char id="45" x="416" y="44" width="23" height="14" xoffset="0" yoffset="30" xadvance="24" page="0" chnl="15"/><char id="46" x="430" y="307" width="16" height="20" xoffset="2" yoffset="40" xadvance="19" page="0" chnl="15"/><char id="47" x="261" y="0" width="27" height="59" xoffset="-1" yoffset="3" xadvance="24" page="0" chnl="15"/><char id="48" x="171" y="251" width="40" height="55" xoffset="0" yoffset="5" xadvance="40" page="0" chnl="15"/><char id="49" x="158" y="307" width="26" height="53" xoffset="4" yoffset="6" xadvance="40" page="0" chnl="15"/><char id="50" x="82" y="307" width="37" height="54" xoffset="1" yoffset="5" xadvance="40" page="0" chnl="15"/><char id="51" x="261" y="251" width="37" height="55" xoffset="1" yoffset="5" xadvance="40" page="0" chnl="15"/><char id="52" x="185" y="307" width="40" height="53" xoffset="0" yoffset="6" xadvance="40" page="0" chnl="15"/><char id="53" x="120" y="307" width="37" height="54" xoffset="1" yoffset="6" xadvance="40" page="0" chnl="15"/><char id="54" x="407" y="251" width="40" height="55" xoffset="0" yoffset="5" xadvance="40" page="0" chnl="15"/><char id="55" x="226" y="307" width="38" height="53" xoffset="1" yoffset="6" xadvance="40" page="0" chnl="15"/><char id="56" x="0" y="307" width="40" height="55" xoffset="0" yoffset="5" xadvance="40" page="0" chnl="15"/><char id="57" x="41" y="307" width="40" height="55" xoffset="0" yoffset="5" xadvance="40" page="0" chnl="15"/><char id="58" x="413" y="307" width="16" height="43" xoffset="2" yoffset="17" xadvance="19" page="0" chnl="15"/><char id="61" x="76" y="407" width="42" height="28" xoffset="0" yoffset="23" xadvance="43" page="0" chnl="15"/><char id="63" x="193" y="138" width="30" height="56" xoffset="1" yoffset="4" xadvance="33" page="0" chnl="15"/><char id="64" x="266" y="138" width="52" height="56" xoffset="2" yoffset="10" xadvance="56" page="0" chnl="15"/><char id="65" x="180" y="195" width="49" height="55" xoffset="-1" yoffset="4" xadvance="48" page="0" chnl="15"/><char id="66" x="48" y="138" width="40" height="56" xoffset="3" yoffset="4" xadvance="44" page="0" chnl="15"/><char id="67" x="389" y="79" width="42" height="56" xoffset="1" yoffset="4" xadvance="43" page="0" chnl="15"/><char id="68" x="341" y="79" width="47" height="56" xoffset="3" yoffset="4" xadvance="51" page="0" chnl="15"/><char id="69" x="40" y="195" width="36" height="55" xoffset="2" yoffset="4" xadvance="39" page="0" chnl="15"/><char id="70" x="91" y="251" width="35" height="55" xoffset="2" yoffset="4" xadvance="38" page="0" chnl="15"/><char id="71" x="0" y="138" width="47" height="56" xoffset="0" yoffset="4" xadvance="50" page="0" chnl="15"/><char id="72" x="45" y="251" width="45" height="55" xoffset="2" yoffset="4" xadvance="50" page="0" chnl="15"/><char id="73" x="432" y="79" width="15" height="55" xoffset="3" yoffset="4" xadvance="21" page="0" chnl="15"/><char id="74" x="273" y="79" width="29" height="56" xoffset="-2" yoffset="4" xadvance="30" page="0" chnl="15"/><char id="75" x="127" y="251" width="43" height="55" xoffset="3" yoffset="4" xadvance="45" page="0" chnl="15"/><char id="76" x="144" y="195" width="35" height="55" xoffset="2" yoffset="4" xadvance="37" page="0" chnl="15"/><char id="77" x="318" y="195" width="57" height="55" xoffset="2" yoffset="4" xadvance="61" page="0" chnl="15"/><char id="78" x="0" y="251" width="44" height="55" xoffset="3" yoffset="4" xadvance="50" page="0" chnl="15"/><char id="79" x="222" y="79" width="50" height="56" xoffset="1" yoffset="4" xadvance="52" page="0" chnl="15"/><char id="80" x="0" y="195" width="39" height="55" xoffset="3" yoffset="4" xadvance="42" page="0" chnl="15"/><char id="81" x="163" y="0" width="50" height="63" xoffset="1" yoffset="4" xadvance="52" page="0" chnl="15"/><char id="82" x="277" y="195" width="40" height="55" xoffset="3" yoffset="4" xadvance="43" page="0" chnl="15"/><char id="83" x="303" y="79" width="37" height="56" xoffset="1" yoffset="4" xadvance="39" page="0" chnl="15"/><char id="84" x="370" y="138" width="42" height="55" xoffset="-1" yoffset="4" xadvance="40" page="0" chnl="15"/><char id="85" x="107" y="138" width="43" height="56" xoffset="3" yoffset="4" xadvance="50" page="0" chnl="15"/><char id="86" x="212" y="251" width="48" height="55" xoffset="-1" yoffset="4" xadvance="46" page="0" chnl="15"/><char id="87" x="77" y="195" width="66" height="55" xoffset="-1" yoffset="4" xadvance="64" page="0" chnl="15"/><char id="88" x="376" y="195" width="46" height="55" xoffset="-1" yoffset="4" xadvance="45" page="0" chnl="15"/><char id="89" x="230" y="195" width="46" height="55" xoffset="-1" yoffset="4" xadvance="44" page="0" chnl="15"/><char id="90" x="299" y="251" width="43" height="55" xoffset="-1" yoffset="4" xadvance="42" page="0" chnl="15"/><char id="92" x="234" y="0" width="26" height="59" xoffset="-1" yoffset="3" xadvance="24" page="0" chnl="15"/><char id="93" x="214" y="0" width="19" height="63" xoffset="1" yoffset="4" xadvance="23" page="0" chnl="15"/><char id="94" x="0" y="407" width="41" height="40" xoffset="1" yoffset="6" xadvance="43" page="0" chnl="15"/><char id="95" x="119" y="407" width="40" height="10" xoffset="-2" yoffset="58" xadvance="37" page="0" chnl="15"/><char id="97" x="0" y="363" width="36" height="43" xoffset="0" yoffset="17" xadvance="39" page="0" chnl="15"/><char id="98" x="0" y="79" width="41" height="58" xoffset="2" yoffset="2" xadvance="44" page="0" chnl="15"/><char id="99" x="37" y="363" width="33" height="43" xoffset="0" yoffset="17" xadvance="33" page="0" chnl="15"/><char id="100" x="374" y="0" width="41" height="58" xoffset="0" yoffset="2" xadvance="43" page="0" chnl="15"/><char id="101" x="374" y="307" width="38" height="43" xoffset="0" yoffset="17" xadvance="39" page="0" chnl="15"/><char id="102" x="305" y="0" width="29" height="58" xoffset="-1" yoffset="1" xadvance="25" page="0" chnl="15"/><char id="103" x="140" y="79" width="40" height="57" xoffset="0" yoffset="17" xadvance="43" page="0" chnl="15"/><char id="104" x="101" y="79" width="38" height="57" xoffset="2" yoffset="2" xadvance="43" page="0" chnl="15"/><char id="105" x="42" y="79" width="16" height="57" xoffset="2" yoffset="2" xadvance="20" page="0" chnl="15"/><char id="106" x="13" y="0" width="24" height="72" xoffset="-5" yoffset="2" xadvance="21" page="0" chnl="15"/><char id="107" x="181" y="79" width="40" height="57" xoffset="2" yoffset="2" xadvance="40" page="0" chnl="15"/><char id="108" x="289" y="0" width="15" height="58" xoffset="2" yoffset="1" xadvance="20" page="0" chnl="15"/><char id="109" x="218" y="363" width="58" height="42" xoffset="2" yoffset="17" xadvance="62" page="0" chnl="15"/><char id="110" x="113" y="363" width="38" height="42" xoffset="2" yoffset="17" xadvance="43" page="0" chnl="15"/><char id="111" x="71" y="363" width="41" height="43" xoffset="0" yoffset="17" xadvance="42" page="0" chnl="15"/><char id="112" x="151" y="138" width="41" height="56" xoffset="2" yoffset="17" xadvance="44" page="0" chnl="15"/><char id="113" x="224" y="138" width="41" height="56" xoffset="0" yoffset="17" xadvance="43" page="0" chnl="15"/><char id="114" x="191" y="363" width="26" height="42" xoffset="2" yoffset="17" xadvance="28" page="0" chnl="15"/><char id="115" x="416" y="0" width="31" height="43" xoffset="0" yoffset="17" xadvance="32" page="0" chnl="15"/><char id="116" x="304" y="307" width="27" height="52" xoffset="-1" yoffset="8" xadvance="27" page="0" chnl="15"/><char id="117" x="152" y="363" width="38" height="42" xoffset="2" yoffset="18" xadvance="42" page="0" chnl="15"/><char id="118" x="319" y="363" width="41" height="41" xoffset="-1" yoffset="18" xadvance="39" page="0" chnl="15"/><char id="119" x="361" y="363" width="57" height="41" xoffset="-1" yoffset="18" xadvance="55" page="0" chnl="15"/><char id="120" x="277" y="363" width="41" height="41" xoffset="-2" yoffset="18" xadvance="38" page="0" chnl="15"/><char id="121" x="59" y="79" width="41" height="57" xoffset="-2" yoffset="18" xadvance="38" page="0" chnl="15"/><char id="122" x="413" y="138" width="34" height="41" xoffset="0" yoffset="18" xadvance="34" page="0" chnl="15"/><char id="123" x="117" y="0" width="22" height="63" xoffset="0" yoffset="4" xadvance="23" page="0" chnl="15"/><char id="124" x="0" y="0" width="12" height="78" xoffset="4" yoffset="-1" xadvance="21" page="0" chnl="15"/><char id="125" x="140" y="0" width="22" height="63" xoffset="0" yoffset="4" xadvance="23" page="0" chnl="15"/><char id="232" x="335" y="0" width="38" height="58" xoffset="0" yoffset="2" xadvance="39" page="0" chnl="15"/></chars><kernings count="822"><kerning first="32" second="84" amount="-3"/><kerning first="32" second="87" amount="-3"/><kerning first="32" second="89" amount="-3"/><kerning first="32" second="86" amount="-3"/><kerning first="123" second="84" amount="2"/><kerning first="123" second="79" amount="-2"/><kerning first="123" second="74" amount="1"/><kerning first="123" second="87" amount="2"/><kerning first="123" second="65" amount="-1"/><kerning first="123" second="89" amount="2"/><kerning first="123" second="67" amount="-2"/><kerning first="123" second="71" amount="-2"/><kerning first="123" second="86" amount="2"/><kerning first="123" second="81" amount="-2"/><kerning first="123" second="106" amount="4"/><kerning first="34" second="84" amount="1"/><kerning first="34" second="101" amount="-1"/><kerning first="34" second="116" amount="2"/><kerning first="34" second="79" amount="-1"/><kerning first="34" second="74" amount="-4"/><kerning first="34" second="87" amount="1"/><kerning first="34" second="44" amount="-9"/><kerning first="34" second="65" amount="-3"/><kerning first="34" second="89" amount="1"/><kerning first="34" second="67" amount="-1"/><kerning first="34" second="71" amount="-1"/><kerning first="34" second="86" amount="1"/><kerning first="34" second="81" amount="-1"/><kerning first="34" second="46" amount="-9"/><kerning first="34" second="99" amount="-1"/><kerning first="34" second="102" amount="2"/><kerning first="34" second="232" amount="-1"/><kerning first="34" second="111" amount="-1"/><kerning first="34" second="103" amount="-1"/><kerning first="34" second="100" amount="-1"/><kerning first="34" second="113" amount="-1"/><kerning first="84" second="34" amount="1"/><kerning first="84" second="84" amount="2"/><kerning first="84" second="101" amount="-6"/><kerning first="84" second="120" amount="-1"/><kerning first="84" second="58" amount="-3"/><kerning first="84" second="79" amount="-2"/><kerning first="84" second="74" amount="-4"/><kerning first="84" second="87" amount="2"/><kerning first="84" second="83" amount="-1"/><kerning first="84" second="44" amount="-6"/><kerning first="84" second="65" amount="-5"/><kerning first="84" second="89" amount="1"/><kerning first="84" second="67" amount="-2"/><kerning first="84" second="88" amount="1"/><kerning first="84" second="125" amount="2"/><kerning first="84" second="71" amount="-2"/><kerning first="84" second="86" amount="2"/><kerning first="84" second="110" amount="-4"/><kerning first="84" second="81" amount="-2"/><kerning first="84" second="46" amount="-6"/><kerning first="84" second="39" amount="1"/><kerning first="84" second="97" amount="-5"/><kerning first="84" second="99" amount="-6"/><kerning first="84" second="108" amount="-1"/><kerning first="84" second="115" amount="-5"/><kerning first="84" second="105" amount="-2"/><kerning first="84" second="232" amount="-6"/><kerning first="84" second="118" amount="-4"/><kerning first="84" second="117" amount="-4"/><kerning first="84" second="111" amount="-6"/><kerning first="84" second="112" amount="-4"/><kerning first="84" second="121" amount="-4"/><kerning first="84" second="114" amount="-4"/><kerning first="84" second="109" amount="-4"/><kerning first="84" second="104" amount="-1"/><kerning first="84" second="103" amount="-4"/><kerning first="84" second="100" amount="-6"/><kerning first="84" second="107" amount="-1"/><kerning first="84" second="119" amount="-4"/><kerning first="84" second="98" amount="-1"/><kerning first="84" second="122" amount="-4"/><kerning first="84" second="113" amount="-6"/><kerning first="84" second="45" amount="-4"/><kerning first="84" second="41" amount="2"/><kerning first="84" second="93" amount="2"/><kerning first="101" second="84" amount="-3"/><kerning first="101" second="120" amount="-1"/><kerning first="101" second="44" amount="-1"/><kerning first="101" second="46" amount="-1"/><kerning first="101" second="45" amount="2"/><kerning first="120" second="84" amount="-2"/><kerning first="120" second="101" amount="-2"/><kerning first="120" second="116" amount="1"/><kerning first="120" second="99" amount="-2"/><kerning first="120" second="115" amount="-1"/><kerning first="120" second="232" amount="-2"/><kerning first="120" second="118" amount="1"/><kerning first="120" second="111" amount="-2"/><kerning first="120" second="121" amount="1"/><kerning first="120" second="100" amount="-2"/><kerning first="120" second="119" amount="1"/><kerning first="120" second="113" amount="-2"/><kerning first="116" second="44" amount="-1"/><kerning first="116" second="46" amount="-1"/><kerning first="80" second="101" amount="-2"/><kerning first="80" second="116" amount="1"/><kerning first="80" second="58" amount="-1"/><kerning first="80" second="74" amount="-5"/><kerning first="80" second="87" amount="-1"/><kerning first="80" second="44" amount="-10"/><kerning first="80" second="65" amount="-4"/><kerning first="80" second="89" amount="-1"/><kerning first="80" second="77" amount="-1"/><kerning first="80" second="88" amount="-2"/><kerning first="80" second="86" amount="-1"/><kerning first="80" second="110" amount="-1"/><kerning first="80" second="46" amount="-10"/><kerning first="80" second="90" amount="-1"/><kerning first="80" second="97" amount="-1"/><kerning first="80" second="99" amount="-2"/><kerning first="80" second="115" amount="-2"/><kerning first="80" second="105" amount="-1"/><kerning first="80" second="232" amount="-2"/><kerning first="80" second="118" amount="1"/><kerning first="80" second="117" amount="-1"/><kerning first="80" second="111" amount="-2"/><kerning first="80" second="112" amount="-1"/><kerning first="80" second="121" amount="1"/><kerning first="80" second="114" amount="-1"/><kerning first="80" second="109" amount="-1"/><kerning first="80" second="103" amount="-2"/><kerning first="80" second="100" amount="-2"/><kerning first="80" second="119" amount="1"/><kerning first="80" second="113" amount="-2"/><kerning first="80" second="45" amount="-1"/><kerning first="79" second="84" amount="-2"/><kerning first="79" second="120" amount="-1"/><kerning first="79" second="116" amount="1"/><kerning first="79" second="87" amount="-1"/><kerning first="79" second="44" amount="-3"/><kerning first="79" second="65" amount="-1"/><kerning first="79" second="89" amount="-3"/><kerning first="79" second="88" amount="-2"/><kerning first="79" second="125" amount="-1"/><kerning first="79" second="86" amount="-1"/><kerning first="79" second="46" amount="-3"/><kerning first="79" second="102" amount="1"/><kerning first="79" second="118" amount="1"/><kerning first="79" second="121" amount="1"/><kerning first="79" second="119" amount="1"/><kerning first="79" second="45" amount="1"/><kerning first="79" second="41" amount="-1"/><kerning first="79" second="93" amount="-1"/><kerning first="74" second="44" amount="-1"/><kerning first="74" second="125" amount="1"/><kerning first="74" second="46" amount="-1"/><kerning first="74" second="41" amount="1"/><kerning first="74" second="93" amount="1"/><kerning first="69" second="74" amount="2"/><kerning first="69" second="87" amount="1"/><kerning first="69" second="44" amount="-1"/><kerning first="69" second="86" amount="1"/><kerning first="69" second="46" amount="-1"/><kerning first="69" second="118" amount="-1"/><kerning first="69" second="117" amount="-1"/><kerning first="69" second="121" amount="-1"/><kerning first="69" second="103" amount="-1"/><kerning first="69" second="119" amount="-1"/><kerning first="87" second="34" amount="1"/><kerning first="87" second="84" amount="2"/><kerning first="87" second="101" amount="-3"/><kerning first="87" second="116" amount="-1"/><kerning first="87" second="58" amount="-2"/><kerning first="87" second="79" amount="-1"/><kerning first="87" second="74" amount="-3"/><kerning first="87" second="83" amount="-1"/><kerning first="87" second="44" amount="-5"/><kerning first="87" second="65" amount="-4"/><kerning first="87" second="67" amount="-1"/><kerning first="87" second="125" amount="2"/><kerning first="87" second="71" amount="-1"/><kerning first="87" second="110" amount="-2"/><kerning first="87" second="81" amount="-1"/><kerning first="87" second="46" amount="-5"/><kerning first="87" second="39" amount="1"/><kerning first="87" second="97" amount="-3"/><kerning first="87" second="99" amount="-3"/><kerning first="87" second="108" amount="-1"/><kerning first="87" second="115" amount="-3"/><kerning first="87" second="105" amount="-2"/><kerning first="87" second="232" amount="-3"/><kerning first="87" second="118" amount="-1"/><kerning first="87" second="117" amount="-2"/><kerning first="87" second="111" amount="-3"/><kerning first="87" second="112" amount="-2"/><kerning first="87" second="121" amount="-1"/><kerning first="87" second="114" amount="-2"/><kerning first="87" second="109" amount="-2"/><kerning first="87" second="104" amount="-1"/><kerning first="87" second="103" amount="-1"/><kerning first="87" second="100" amount="-3"/><kerning first="87" second="107" amount="-1"/><kerning first="87" second="119" amount="-1"/><kerning first="87" second="98" amount="-1"/><kerning first="87" second="113" amount="-3"/><kerning first="87" second="45" amount="-2"/><kerning first="87" second="41" amount="2"/><kerning first="87" second="93" amount="2"/><kerning first="76" second="34" amount="-7"/><kerning first="76" second="84" amount="-7"/><kerning first="76" second="101" amount="-1"/><kerning first="76" second="79" amount="-3"/><kerning first="76" second="74" amount="2"/><kerning first="76" second="87" amount="-5"/><kerning first="76" second="89" amount="-6"/><kerning first="76" second="67" amount="-3"/><kerning first="76" second="71" amount="-3"/><kerning first="76" second="86" amount="-5"/><kerning first="76" second="85" amount="-2"/><kerning first="76" second="81" amount="-3"/><kerning first="76" second="39" amount="-7"/><kerning first="76" second="99" amount="-1"/><kerning first="76" second="232" amount="-1"/><kerning first="76" second="118" amount="-3"/><kerning first="76" second="117" amount="-1"/><kerning first="76" second="111" amount="-1"/><kerning first="76" second="121" amount="-3"/><kerning first="76" second="100" amount="-1"/><kerning first="76" second="119" amount="-3"/><kerning first="76" second="113" amount="-1"/><kerning first="76" second="45" amount="-1"/><kerning first="83" second="101" amount="1"/><kerning first="83" second="97" amount="1"/><kerning first="83" second="99" amount="1"/><kerning first="83" second="232" amount="1"/><kerning first="83" second="118" amount="-1"/><kerning first="83" second="111" amount="1"/><kerning first="83" second="121" amount="-1"/><kerning first="83" second="106" amount="-1"/><kerning first="83" second="100" amount="1"/><kerning first="83" second="119" amount="-1"/><kerning first="83" second="113" amount="1"/><kerning first="83" second="45" amount="1"/><kerning first="44" second="34" amount="-9"/><kerning first="44" second="39" amount="-9"/><kerning first="68" second="84" amount="-2"/><kerning first="68" second="120" amount="-1"/><kerning first="68" second="116" amount="1"/><kerning first="68" second="87" amount="-1"/><kerning first="68" second="44" amount="-3"/><kerning first="68" second="65" amount="-1"/><kerning first="68" second="89" amount="-3"/><kerning first="68" second="88" amount="-2"/><kerning first="68" second="125" amount="-1"/><kerning first="68" second="86" amount="-1"/><kerning first="68" second="46" amount="-3"/><kerning first="68" second="102" amount="1"/><kerning first="68" second="118" amount="1"/><kerning first="68" second="121" amount="1"/><kerning first="68" second="119" amount="1"/><kerning first="68" second="45" amount="1"/><kerning first="68" second="41" amount="-1"/><kerning first="68" second="93" amount="-1"/><kerning first="65" second="34" amount="-3"/><kerning first="65" second="84" amount="-6"/><kerning first="65" second="101" amount="-1"/><kerning first="65" second="116" amount="-1"/><kerning first="65" second="79" amount="-2"/><kerning first="65" second="74" amount="1"/><kerning first="65" second="87" amount="-4"/><kerning first="65" second="89" amount="-7"/><kerning first="65" second="67" amount="-2"/><kerning first="65" second="88" amount="-2"/><kerning first="65" second="125" amount="-1"/><kerning first="65" second="71" amount="-2"/><kerning first="65" second="86" amount="-4"/><kerning first="65" second="85" amount="-3"/><kerning first="65" second="81" amount="-2"/><kerning first="65" second="39" amount="-3"/><kerning first="65" second="99" amount="-1"/><kerning first="65" second="102" amount="-1"/><kerning first="65" second="232" amount="-1"/><kerning first="65" second="118" amount="-2"/><kerning first="65" second="117" amount="-1"/><kerning first="65" second="111" amount="-1"/><kerning first="65" second="121" amount="-2"/><kerning first="65" second="103" amount="-1"/><kerning first="65" second="100" amount="-1"/><kerning first="65" second="119" amount="-2"/><kerning first="65" second="113" amount="-1"/><kerning first="65" second="45" amount="-1"/><kerning first="65" second="41" amount="-1"/><kerning first="65" second="93" amount="-1"/><kerning first="73" second="116" amount="1"/><kerning first="73" second="89" amount="-1"/><kerning first="89" second="34" amount="1"/><kerning first="89" second="101" amount="-8"/><kerning first="89" second="120" amount="-4"/><kerning first="89" second="116" amount="-3"/><kerning first="89" second="58" amount="-4"/><kerning first="89" second="80" amount="-1"/><kerning first="89" second="79" amount="-3"/><kerning first="89" second="74" amount="-5"/><kerning first="89" second="69" amount="-1"/><kerning first="89" second="87" amount="1"/><kerning first="89" second="76" amount="-1"/><kerning first="89" second="83" amount="-2"/><kerning first="89" second="44" amount="-8"/><kerning first="89" second="68" amount="-1"/><kerning first="89" second="65" amount="-7"/><kerning first="89" second="73" amount="-1"/><kerning first="89" second="89" amount="-2"/><kerning first="89" second="82" amount="-1"/><kerning first="89" second="67" amount="-3"/><kerning first="89" second="77" amount="-2"/><kerning first="89" second="88" amount="-2"/><kerning first="89" second="125" amount="2"/><kerning first="89" second="78" amount="-1"/><kerning first="89" second="72" amount="-1"/><kerning first="89" second="70" amount="-1"/><kerning first="89" second="75" amount="-1"/><kerning first="89" second="71" amount="-3"/><kerning first="89" second="66" amount="-1"/><kerning first="89" second="86" amount="1"/><kerning first="89" second="110" amount="-2"/><kerning first="89" second="81" amount="-3"/><kerning first="89" second="46" amount="-8"/><kerning first="89" second="39" amount="1"/><kerning first="89" second="97" amount="-7"/><kerning first="89" second="99" amount="-8"/><kerning first="89" second="108" amount="-1"/><kerning first="89" second="115" amount="-5"/><kerning first="89" second="105" amount="-2"/><kerning first="89" second="232" amount="-8"/><kerning first="89" second="118" amount="-4"/><kerning first="89" second="117" amount="-5"/><kerning first="89" second="111" amount="-8"/><kerning first="89" second="112" amount="-2"/><kerning first="89" second="121" amount="-4"/><kerning first="89" second="114" amount="-2"/><kerning first="89" second="109" amount="-2"/><kerning first="89" second="104" amount="-1"/><kerning first="89" second="103" amount="-6"/><kerning first="89" second="100" amount="-8"/><kerning first="89" second="107" amount="-1"/><kerning first="89" second="119" amount="-4"/><kerning first="89" second="98" amount="-1"/><kerning first="89" second="122" amount="-4"/><kerning first="89" second="113" amount="-8"/><kerning first="89" second="45" amount="-4"/><kerning first="89" second="41" amount="2"/><kerning first="89" second="93" amount="2"/><kerning first="82" second="116" amount="1"/><kerning first="82" second="65" amount="1"/><kerning first="82" second="89" amount="-1"/><kerning first="82" second="88" amount="1"/><kerning first="82" second="110" amount="1"/><kerning first="82" second="97" amount="1"/><kerning first="82" second="108" amount="1"/><kerning first="82" second="105" amount="1"/><kerning first="82" second="112" amount="1"/><kerning first="82" second="114" amount="1"/><kerning first="82" second="109" amount="1"/><kerning first="82" second="104" amount="1"/><kerning first="82" second="107" amount="1"/><kerning first="82" second="98" amount="1"/><kerning first="67" second="84" amount="1"/><kerning first="67" second="101" amount="-1"/><kerning first="67" second="79" amount="-2"/><kerning first="67" second="74" amount="1"/><kerning first="67" second="87" amount="1"/><kerning first="67" second="65" amount="1"/><kerning first="67" second="89" amount="1"/><kerning first="67" second="67" amount="-2"/><kerning first="67" second="125" amount="1"/><kerning first="67" second="71" amount="-2"/><kerning first="67" second="86" amount="1"/><kerning first="67" second="81" amount="-2"/><kerning first="67" second="97" amount="-1"/><kerning first="67" second="99" amount="-1"/><kerning first="67" second="232" amount="-1"/><kerning first="67" second="118" amount="-2"/><kerning first="67" second="117" amount="-1"/><kerning first="67" second="111" amount="-1"/><kerning first="67" second="121" amount="-2"/><kerning first="67" second="100" amount="-1"/><kerning first="67" second="119" amount="-2"/><kerning first="67" second="122" amount="1"/><kerning first="67" second="113" amount="-1"/><kerning first="67" second="41" amount="1"/><kerning first="67" second="93" amount="1"/><kerning first="77" second="84" amount="-1"/><kerning first="88" second="101" amount="-1"/><kerning first="88" second="79" amount="-3"/><kerning first="88" second="74" amount="1"/><kerning first="88" second="87" amount="1"/><kerning first="88" second="65" amount="-1"/><kerning first="88" second="89" amount="1"/><kerning first="88" second="67" amount="-3"/><kerning first="88" second="88" amount="-1"/><kerning first="88" second="71" amount="-3"/><kerning first="88" second="86" amount="1"/><kerning first="88" second="81" amount="-3"/><kerning first="88" second="97" amount="-1"/><kerning first="88" second="99" amount="-1"/><kerning first="88" second="232" amount="-1"/><kerning first="88" second="118" amount="-3"/><kerning first="88" second="117" amount="-1"/><kerning first="88" second="111" amount="-1"/><kerning first="88" second="121" amount="-3"/><kerning first="88" second="100" amount="-1"/><kerning first="88" second="119" amount="-3"/><kerning first="88" second="113" amount="-1"/><kerning first="88" second="45" amount="-1"/><kerning first="78" second="116" amount="1"/><kerning first="78" second="89" amount="-1"/><kerning first="72" second="116" amount="1"/><kerning first="72" second="89" amount="-1"/><kerning first="70" second="101" amount="-2"/><kerning first="70" second="58" amount="-1"/><kerning first="70" second="74" amount="-5"/><kerning first="70" second="44" amount="-6"/><kerning first="70" second="65" amount="-5"/><kerning first="70" second="77" amount="-1"/><kerning first="70" second="110" amount="-1"/><kerning first="70" second="46" amount="-6"/><kerning first="70" second="97" amount="-3"/><kerning first="70" second="99" amount="-2"/><kerning first="70" second="108" amount="-1"/><kerning first="70" second="105" amount="-1"/><kerning first="70" second="232" amount="-2"/><kerning first="70" second="118" amount="-1"/><kerning first="70" second="117" amount="-2"/><kerning first="70" second="111" amount="-2"/><kerning first="70" second="112" amount="-1"/><kerning first="70" second="121" amount="-1"/><kerning first="70" second="114" amount="-1"/><kerning first="70" second="109" amount="-1"/><kerning first="70" second="104" amount="-1"/><kerning first="70" second="103" amount="-1"/><kerning first="70" second="100" amount="-2"/><kerning first="70" second="107" amount="-1"/><kerning first="70" second="119" amount="-1"/><kerning first="70" second="98" amount="-1"/><kerning first="70" second="113" amount="-2"/><kerning first="75" second="101" amount="-1"/><kerning first="75" second="58" amount="1"/><kerning first="75" second="79" amount="-2"/><kerning first="75" second="74" amount="2"/><kerning first="75" second="44" amount="1"/><kerning first="75" second="65" amount="1"/><kerning first="75" second="89" amount="-1"/><kerning first="75" second="67" amount="-2"/><kerning first="75" second="125" amount="1"/><kerning first="75" second="71" amount="-2"/><kerning first="75" second="81" amount="-2"/><kerning first="75" second="46" amount="1"/><kerning first="75" second="90" amount="1"/><kerning first="75" second="99" amount="-1"/><kerning first="75" second="232" amount="-1"/><kerning first="75" second="118" amount="-3"/><kerning first="75" second="117" amount="-1"/><kerning first="75" second="111" amount="-1"/><kerning first="75" second="121" amount="-3"/><kerning first="75" second="103" amount="-1"/><kerning first="75" second="100" amount="-1"/><kerning first="75" second="119" amount="-3"/><kerning first="75" second="113" amount="-1"/><kerning first="75" second="45" amount="-2"/><kerning first="75" second="41" amount="1"/><kerning first="75" second="93" amount="1"/><kerning first="71" second="97" amount="1"/><kerning first="71" second="118" amount="-1"/><kerning first="71" second="121" amount="-1"/><kerning first="71" second="119" amount="-1"/><kerning first="66" second="84" amount="-1"/><kerning first="66" second="87" amount="-1"/><kerning first="66" second="44" amount="-1"/><kerning first="66" second="89" amount="-2"/><kerning first="66" second="86" amount="-1"/><kerning first="66" second="46" amount="-1"/><kerning first="66" second="45" amount="1"/><kerning first="86" second="34" amount="1"/><kerning first="86" second="84" amount="2"/><kerning first="86" second="101" amount="-3"/><kerning first="86" second="116" amount="-1"/><kerning first="86" second="58" amount="-2"/><kerning first="86" second="79" amount="-1"/><kerning first="86" second="74" amount="-3"/><kerning first="86" second="83" amount="-1"/><kerning first="86" second="44" amount="-5"/><kerning first="86" second="65" amount="-4"/><kerning first="86" second="67" amount="-1"/><kerning first="86" second="125" amount="2"/><kerning first="86" second="71" amount="-1"/><kerning first="86" second="110" amount="-2"/><kerning first="86" second="81" amount="-1"/><kerning first="86" second="46" amount="-5"/><kerning first="86" second="39" amount="1"/><kerning first="86" second="97" amount="-3"/><kerning first="86" second="99" amount="-3"/><kerning first="86" second="108" amount="-1"/><kerning first="86" second="115" amount="-3"/><kerning first="86" second="105" amount="-2"/><kerning first="86" second="232" amount="-3"/><kerning first="86" second="118" amount="-1"/><kerning first="86" second="117" amount="-2"/><kerning first="86" second="111" amount="-3"/><kerning first="86" second="112" amount="-2"/><kerning first="86" second="121" amount="-1"/><kerning first="86" second="114" amount="-2"/><kerning first="86" second="109" amount="-2"/><kerning first="86" second="104" amount="-1"/><kerning first="86" second="103" amount="-1"/><kerning first="86" second="100" amount="-3"/><kerning first="86" second="107" amount="-1"/><kerning first="86" second="119" amount="-1"/><kerning first="86" second="98" amount="-1"/><kerning first="86" second="113" amount="-3"/><kerning first="86" second="45" amount="-2"/><kerning first="86" second="41" amount="2"/><kerning first="86" second="93" amount="2"/><kerning first="110" second="34" amount="-1"/><kerning first="110" second="84" amount="-4"/><kerning first="110" second="39" amount="-1"/><kerning first="110" second="118" amount="-1"/><kerning first="110" second="121" amount="-1"/><kerning first="110" second="119" amount="-1"/><kerning first="85" second="120" amount="-1"/><kerning first="85" second="44" amount="-2"/><kerning first="85" second="65" amount="-2"/><kerning first="85" second="46" amount="-2"/><kerning first="85" second="115" amount="-1"/><kerning first="85" second="122" amount="-1"/><kerning first="81" second="84" amount="-2"/><kerning first="81" second="120" amount="-1"/><kerning first="81" second="116" amount="1"/><kerning first="81" second="87" amount="-1"/><kerning first="81" second="44" amount="-3"/><kerning first="81" second="65" amount="-1"/><kerning first="81" second="89" amount="-3"/><kerning first="81" second="88" amount="-2"/><kerning first="81" second="125" amount="-1"/><kerning first="81" second="86" amount="-1"/><kerning first="81" second="46" amount="-3"/><kerning first="81" second="102" amount="1"/><kerning first="81" second="118" amount="1"/><kerning first="81" second="121" amount="1"/><kerning first="81" second="119" amount="1"/><kerning first="81" second="45" amount="1"/><kerning first="81" second="41" amount="-1"/><kerning first="81" second="93" amount="-1"/><kerning first="46" second="34" amount="-9"/><kerning first="46" second="39" amount="-9"/><kerning first="90" second="101" amount="-1"/><kerning first="90" second="79" amount="-2"/><kerning first="90" second="74" amount="2"/><kerning first="90" second="65" amount="1"/><kerning first="90" second="67" amount="-2"/><kerning first="90" second="71" amount="-2"/><kerning first="90" second="81" amount="-2"/><kerning first="90" second="99" amount="-1"/><kerning first="90" second="232" amount="-1"/><kerning first="90" second="118" amount="-1"/><kerning first="90" second="117" amount="-1"/><kerning first="90" second="111" amount="-1"/><kerning first="90" second="121" amount="-1"/><kerning first="90" second="100" amount="-1"/><kerning first="90" second="119" amount="-1"/><kerning first="90" second="113" amount="-1"/><kerning first="90" second="45" amount="-1"/><kerning first="39" second="84" amount="1"/><kerning first="39" second="101" amount="-1"/><kerning first="39" second="116" amount="2"/><kerning first="39" second="79" amount="-1"/><kerning first="39" second="74" amount="-4"/><kerning first="39" second="87" amount="1"/><kerning first="39" second="44" amount="-9"/><kerning first="39" second="65" amount="-3"/><kerning first="39" second="89" amount="1"/><kerning first="39" second="67" amount="-1"/><kerning first="39" second="71" amount="-1"/><kerning first="39" second="86" amount="1"/><kerning first="39" second="81" amount="-1"/><kerning first="39" second="46" amount="-9"/><kerning first="39" second="99" amount="-1"/><kerning first="39" second="102" amount="2"/><kerning first="39" second="232" amount="-1"/><kerning first="39" second="111" amount="-1"/><kerning first="39" second="103" amount="-1"/><kerning first="39" second="100" amount="-1"/><kerning first="39" second="113" amount="-1"/><kerning first="97" second="34" amount="-1"/><kerning first="97" second="84" amount="-4"/><kerning first="97" second="116" amount="-1"/><kerning first="97" second="39" amount="-1"/><kerning first="97" second="118" amount="-1"/><kerning first="97" second="121" amount="-1"/><kerning first="97" second="119" amount="-1"/><kerning first="99" second="84" amount="-1"/><kerning first="99" second="101" amount="-1"/><kerning first="99" second="116" amount="1"/><kerning first="99" second="44" amount="-1"/><kerning first="99" second="46" amount="-1"/><kerning first="99" second="99" amount="-1"/><kerning first="99" second="102" amount="1"/><kerning first="99" second="232" amount="-1"/><kerning first="99" second="118" amount="1"/><kerning first="99" second="111" amount="-1"/><kerning first="99" second="121" amount="1"/><kerning first="99" second="100" amount="-1"/><kerning first="99" second="119" amount="1"/><kerning first="99" second="113" amount="-1"/><kerning first="99" second="45" amount="1"/><kerning first="108" second="44" amount="-1"/><kerning first="108" second="46" amount="-1"/><kerning first="115" second="84" amount="-3"/><kerning first="115" second="44" amount="-1"/><kerning first="115" second="46" amount="-1"/><kerning first="102" second="34" amount="3"/><kerning first="102" second="101" amount="-1"/><kerning first="102" second="116" amount="1"/><kerning first="102" second="58" amount="2"/><kerning first="102" second="44" amount="-3"/><kerning first="102" second="125" amount="5"/><kerning first="102" second="46" amount="-3"/><kerning first="102" second="39" amount="3"/><kerning first="102" second="99" amount="-1"/><kerning first="102" second="232" amount="-1"/><kerning first="102" second="111" amount="-1"/><kerning first="102" second="103" amount="-1"/><kerning first="102" second="100" amount="-1"/><kerning first="102" second="113" amount="-1"/><kerning first="102" second="41" amount="5"/><kerning first="102" second="93" amount="5"/><kerning first="232" second="84" amount="-3"/><kerning first="232" second="120" amount="-1"/><kerning first="232" second="44" amount="-1"/><kerning first="232" second="46" amount="-1"/><kerning first="232" second="45" amount="2"/><kerning first="118" second="84" amount="-3"/><kerning first="118" second="101" amount="-1"/><kerning first="118" second="44" amount="-3"/><kerning first="118" second="46" amount="-3"/><kerning first="118" second="97" amount="-1"/><kerning first="118" second="99" amount="-1"/><kerning first="118" second="115" amount="-1"/><kerning first="118" second="232" amount="-1"/><kerning first="118" second="118" amount="1"/><kerning first="118" second="111" amount="-1"/><kerning first="118" second="121" amount="1"/><kerning first="118" second="103" amount="-1"/><kerning first="118" second="100" amount="-1"/><kerning first="118" second="119" amount="1"/><kerning first="118" second="113" amount="-1"/><kerning first="118" second="45" amount="-1"/><kerning first="117" second="84" amount="-3"/><kerning first="117" second="44" amount="-1"/><kerning first="117" second="46" amount="-1"/><kerning first="111" second="34" amount="-1"/><kerning first="111" second="84" amount="-4"/><kerning first="111" second="120" amount="-2"/><kerning first="111" second="44" amount="-2"/><kerning first="111" second="125" amount="-1"/><kerning first="111" second="46" amount="-2"/><kerning first="111" second="39" amount="-1"/><kerning first="111" second="118" amount="-1"/><kerning first="111" second="121" amount="-1"/><kerning first="111" second="119" amount="-1"/><kerning first="111" second="122" amount="-1"/><kerning first="111" second="45" amount="1"/><kerning first="111" second="41" amount="-1"/><kerning first="111" second="93" amount="-1"/><kerning first="112" second="34" amount="-1"/><kerning first="112" second="84" amount="-4"/><kerning first="112" second="120" amount="-2"/><kerning first="112" second="44" amount="-2"/><kerning first="112" second="125" amount="-1"/><kerning first="112" second="46" amount="-2"/><kerning first="112" second="39" amount="-1"/><kerning first="112" second="118" amount="-1"/><kerning first="112" second="121" amount="-1"/><kerning first="112" second="119" amount="-1"/><kerning first="112" second="122" amount="-1"/><kerning first="112" second="45" amount="1"/><kerning first="112" second="41" amount="-1"/><kerning first="112" second="93" amount="-1"/><kerning first="121" second="84" amount="-3"/><kerning first="121" second="101" amount="-1"/><kerning first="121" second="44" amount="-3"/><kerning first="121" second="46" amount="-3"/><kerning first="121" second="97" amount="-1"/><kerning first="121" second="99" amount="-1"/><kerning first="121" second="115" amount="-1"/><kerning first="121" second="232" amount="-1"/><kerning first="121" second="118" amount="1"/><kerning first="121" second="111" amount="-1"/><kerning first="121" second="121" amount="1"/><kerning first="121" second="103" amount="-1"/><kerning first="121" second="100" amount="-1"/><kerning first="121" second="119" amount="1"/><kerning first="121" second="113" amount="-1"/><kerning first="121" second="45" amount="-1"/><kerning first="114" second="84" amount="-1"/><kerning first="114" second="101" amount="-1"/><kerning first="114" second="120" amount="1"/><kerning first="114" second="116" amount="2"/><kerning first="114" second="44" amount="-5"/><kerning first="114" second="46" amount="-5"/><kerning first="114" second="97" amount="-1"/><kerning first="114" second="99" amount="-1"/><kerning first="114" second="102" amount="2"/><kerning first="114" second="232" amount="-1"/><kerning first="114" second="118" amount="1"/><kerning first="114" second="111" amount="-1"/><kerning first="114" second="121" amount="1"/><kerning first="114" second="103" amount="-1"/><kerning first="114" second="100" amount="-1"/><kerning first="114" second="119" amount="1"/><kerning first="114" second="122" amount="1"/><kerning first="114" second="113" amount="-1"/><kerning first="109" second="34" amount="-1"/><kerning first="109" second="84" amount="-4"/><kerning first="109" second="39" amount="-1"/><kerning first="109" second="118" amount="-1"/><kerning first="109" second="121" amount="-1"/><kerning first="109" second="119" amount="-1"/><kerning first="104" second="34" amount="-1"/><kerning first="104" second="84" amount="-4"/><kerning first="104" second="39" amount="-1"/><kerning first="104" second="118" amount="-1"/><kerning first="104" second="121" amount="-1"/><kerning first="104" second="119" amount="-1"/><kerning first="103" second="84" amount="-2"/><kerning first="103" second="44" amount="-1"/><kerning first="103" second="46" amount="-1"/><kerning first="106" second="44" amount="-1"/><kerning first="106" second="46" amount="-1"/><kerning first="100" second="44" amount="-1"/><kerning first="100" second="46" amount="-1"/><kerning first="107" second="84" amount="-2"/><kerning first="107" second="101" amount="-1"/><kerning first="107" second="110" amount="1"/><kerning first="107" second="99" amount="-1"/><kerning first="107" second="108" amount="1"/><kerning first="107" second="105" amount="1"/><kerning first="107" second="232" amount="-1"/><kerning first="107" second="111" amount="-1"/><kerning first="107" second="112" amount="1"/><kerning first="107" second="114" amount="1"/><kerning first="107" second="109" amount="1"/><kerning first="107" second="104" amount="1"/><kerning first="107" second="103" amount="-1"/><kerning first="107" second="100" amount="-1"/><kerning first="107" second="107" amount="1"/><kerning first="107" second="98" amount="1"/><kerning first="107" second="113" amount="-1"/><kerning first="119" second="84" amount="-3"/><kerning first="119" second="101" amount="-1"/><kerning first="119" second="44" amount="-3"/><kerning first="119" second="46" amount="-3"/><kerning first="119" second="97" amount="-1"/><kerning first="119" second="99" amount="-1"/><kerning first="119" second="115" amount="-1"/><kerning first="119" second="232" amount="-1"/><kerning first="119" second="118" amount="1"/><kerning first="119" second="111" amount="-1"/><kerning first="119" second="121" amount="1"/><kerning first="119" second="103" amount="-1"/><kerning first="119" second="100" amount="-1"/><kerning first="119" second="119" amount="1"/><kerning first="119" second="113" amount="-1"/><kerning first="119" second="45" amount="-1"/><kerning first="98" second="34" amount="-1"/><kerning first="98" second="84" amount="-4"/><kerning first="98" second="120" amount="-2"/><kerning first="98" second="44" amount="-2"/><kerning first="98" second="125" amount="-1"/><kerning first="98" second="46" amount="-2"/><kerning first="98" second="39" amount="-1"/><kerning first="98" second="118" amount="-1"/><kerning first="98" second="121" amount="-1"/><kerning first="98" second="119" amount="-1"/><kerning first="98" second="122" amount="-1"/><kerning first="98" second="45" amount="1"/><kerning first="98" second="41" amount="-1"/><kerning first="98" second="93" amount="-1"/><kerning first="122" second="84" amount="-2"/><kerning first="122" second="101" amount="-1"/><kerning first="122" second="99" amount="-1"/><kerning first="122" second="232" amount="-1"/><kerning first="122" second="118" amount="1"/><kerning first="122" second="111" amount="-1"/><kerning first="122" second="121" amount="1"/><kerning first="122" second="100" amount="-1"/><kerning first="122" second="119" amount="1"/><kerning first="122" second="113" amount="-1"/><kerning first="113" second="84" amount="-3"/><kerning first="113" second="44" amount="-1"/><kerning first="113" second="46" amount="-1"/><kerning first="45" second="84" amount="-4"/><kerning first="45" second="101" amount="1"/><kerning first="45" second="79" amount="1"/><kerning first="45" second="87" amount="-2"/><kerning first="45" second="89" amount="-4"/><kerning first="45" second="67" amount="1"/><kerning first="45" second="88" amount="-1"/><kerning first="45" second="71" amount="1"/><kerning first="45" second="86" amount="-2"/><kerning first="45" second="81" amount="1"/><kerning first="45" second="99" amount="1"/><kerning first="45" second="232" amount="1"/><kerning first="45" second="111" amount="1"/><kerning first="45" second="100" amount="1"/><kerning first="45" second="113" amount="1"/><kerning first="40" second="84" amount="2"/><kerning first="40" second="79" amount="-2"/><kerning first="40" second="74" amount="1"/><kerning first="40" second="87" amount="2"/><kerning first="40" second="65" amount="-1"/><kerning first="40" second="89" amount="2"/><kerning first="40" second="67" amount="-2"/><kerning first="40" second="71" amount="-2"/><kerning first="40" second="86" amount="2"/><kerning first="40" second="81" amount="-2"/><kerning first="40" second="106" amount="4"/></kernings></font>