[1,0,0,[["cc.JsonAsset",["_name","json"],1]],[[0,0,1,3]],[[0,"level_000361-30",[{"layers":[{"index":0,"tiles":[{"x":0,"y":-3},{"x":-1,"y":-2.5},{"x":1,"y":-2.5},{"x":-2,"y":-2},{"x":0,"y":-2},{"x":2,"y":-2},{"x":-2.5,"y":-1},{"x":0,"y":-1},{"x":2.5,"y":-1},{"x":-3,"y":0},{"x":0,"y":0},{"x":3,"y":0},{"x":-3,"y":1},{"x":0,"y":1},{"x":3,"y":1},{"x":-4,"y":2},{"x":-3,"y":2},{"x":-2,"y":2},{"x":-1,"y":2},{"x":0,"y":2},{"x":1,"y":2},{"x":2,"y":2},{"x":3,"y":2},{"x":4,"y":2},{"x":-3,"y":3},{"x":-2,"y":3},{"x":-1,"y":3},{"x":0,"y":3},{"x":1,"y":3},{"x":2,"y":3},{"x":3,"y":3}]},{"index":1,"tiles":[{"x":0,"y":-3},{"x":-1,"y":-2.5},{"x":1,"y":-2.5},{"x":-2,"y":-2},{"x":0,"y":-2},{"x":2,"y":-2},{"x":-2.5,"y":-1},{"x":0,"y":-1},{"x":2.5,"y":-1},{"x":-3,"y":0},{"x":0,"y":0},{"x":3,"y":0},{"x":-3,"y":1},{"x":0,"y":1},{"x":3,"y":1},{"x":-4,"y":2},{"x":-3,"y":2},{"x":-2,"y":2},{"x":-1,"y":2},{"x":0,"y":2},{"x":1,"y":2},{"x":2,"y":2},{"x":3,"y":2},{"x":4,"y":2},{"x":-3,"y":3},{"x":-2,"y":3},{"x":-1,"y":3},{"x":0,"y":3},{"x":1,"y":3},{"x":2,"y":3},{"x":3,"y":3}]},{"index":2,"tiles":[{"x":0,"y":-3},{"x":-1,"y":-2.5},{"x":1,"y":-2.5},{"x":-2,"y":-2},{"x":0,"y":-2},{"x":2,"y":-2},{"x":-2.5,"y":-1},{"x":0,"y":-1},{"x":2.5,"y":-1},{"x":-3,"y":0},{"x":0,"y":0},{"x":3,"y":0},{"x":-3,"y":1},{"x":0,"y":1},{"x":3,"y":1},{"x":-3.5,"y":2},{"x":-2.5,"y":2},{"x":-1.5,"y":2},{"x":-0.5,"y":2},{"x":0.5,"y":2},{"x":1.5,"y":2},{"x":2.5,"y":2},{"x":3.5,"y":2},{"x":-2.5,"y":3},{"x":-1.5,"y":3},{"x":-0.5,"y":3},{"x":0.5,"y":3},{"x":1.5,"y":3},{"x":2.5,"y":3}]},{"index":3,"tiles":[{"x":0,"y":-3},{"x":-1,"y":-2.5},{"x":1,"y":-2.5},{"x":-2,"y":-2},{"x":0,"y":-2},{"x":2,"y":-2},{"x":-2.5,"y":-1},{"x":0,"y":-1},{"x":2.5,"y":-1},{"x":-3,"y":0},{"x":0,"y":0},{"x":3,"y":0},{"x":-3,"y":1},{"x":0,"y":1},{"x":3,"y":1},{"x":-3,"y":2},{"x":-2,"y":2},{"x":-1,"y":2},{"x":0,"y":2},{"x":1,"y":2},{"x":2,"y":2},{"x":3,"y":2},{"x":-2,"y":3},{"x":-1,"y":3},{"x":0,"y":3},{"x":1,"y":3},{"x":2,"y":3}]}],"seeds":["RgJi1BZVoEhySrYVYicdIqiFWTJOaqd1aIQEF8eJWhEhmFFyzARNChdGX8OJoBiaYRqGF2R94PeBHthVzylKgkg5HSGAlngEQTB4zUBMncMoi+eJw7A8igYA"]},{"layers":[{"index":0,"tiles":[{"x":-3.5,"y":-3},{"x":-1.5,"y":-3},{"x":0,"y":-3},{"x":1.5,"y":-3},{"x":3.5,"y":-3},{"x":-2.5,"y":-2.5},{"x":2.5,"y":-2.5},{"x":-3.5,"y":-2},{"x":3.5,"y":-2},{"x":0,"y":-1.5},{"x":-3.5,"y":-1},{"x":-2.5,"y":-1},{"x":2.5,"y":-1},{"x":3.5,"y":-1},{"x":-1.5,"y":-0.5},{"x":1.5,"y":-0.5},{"x":-3.5,"y":0},{"x":0,"y":0},{"x":3.5,"y":0},{"x":-1.5,"y":0.5},{"x":1.5,"y":0.5},{"x":-3.5,"y":1},{"x":-2.5,"y":1},{"x":2.5,"y":1},{"x":3.5,"y":1},{"x":0,"y":1.5},{"x":-3.5,"y":2},{"x":3.5,"y":2},{"x":-2.5,"y":2.5},{"x":2.5,"y":2.5},{"x":-3.5,"y":3},{"x":-1.5,"y":3},{"x":0,"y":3},{"x":1.5,"y":3},{"x":3.5,"y":3}]},{"index":1,"tiles":[{"x":-3.5,"y":-3},{"x":-1.5,"y":-3},{"x":0,"y":-3},{"x":1.5,"y":-3},{"x":3.5,"y":-3},{"x":-2.5,"y":-2.5},{"x":2.5,"y":-2.5},{"x":-3.5,"y":-2},{"x":3.5,"y":-2},{"x":0,"y":-1.5},{"x":-3.5,"y":-1},{"x":-2.5,"y":-1},{"x":2.5,"y":-1},{"x":3.5,"y":-1},{"x":-1.5,"y":-0.5},{"x":1.5,"y":-0.5},{"x":-3.5,"y":0},{"x":0,"y":0},{"x":3.5,"y":0},{"x":-1.5,"y":0.5},{"x":1.5,"y":0.5},{"x":-3.5,"y":1},{"x":-2.5,"y":1},{"x":2.5,"y":1},{"x":3.5,"y":1},{"x":0,"y":1.5},{"x":-3.5,"y":2},{"x":3.5,"y":2},{"x":-2.5,"y":2.5},{"x":2.5,"y":2.5},{"x":-3.5,"y":3},{"x":-1.5,"y":3},{"x":0,"y":3},{"x":1.5,"y":3},{"x":3.5,"y":3}]},{"index":2,"tiles":[{"x":-1.5,"y":-3},{"x":0,"y":-3},{"x":1.5,"y":-3},{"x":-3.5,"y":-2.5},{"x":-2.5,"y":-2.5},{"x":2.5,"y":-2.5},{"x":3.5,"y":-2.5},{"x":-3.5,"y":-1.5},{"x":0,"y":-1.5},{"x":3.5,"y":-1.5},{"x":-2.5,"y":-1},{"x":2.5,"y":-1},{"x":-3.5,"y":-0.5},{"x":-1.5,"y":-0.5},{"x":1.5,"y":-0.5},{"x":3.5,"y":-0.5},{"x":0,"y":0},{"x":-3.5,"y":0.5},{"x":-1.5,"y":0.5},{"x":1.5,"y":0.5},{"x":3.5,"y":0.5},{"x":-2.5,"y":1},{"x":2.5,"y":1},{"x":-3.5,"y":1.5},{"x":0,"y":1.5},{"x":3.5,"y":1.5},{"x":-3.5,"y":2.5},{"x":-2.5,"y":2.5},{"x":2.5,"y":2.5},{"x":3.5,"y":2.5},{"x":-1.5,"y":3},{"x":0,"y":3},{"x":1.5,"y":3}]},{"index":3,"tiles":[{"x":-1.5,"y":-3},{"x":0,"y":-3},{"x":1.5,"y":-3},{"x":-2.5,"y":-2.5},{"x":2.5,"y":-2.5},{"x":-3.5,"y":-2},{"x":3.5,"y":-2},{"x":0,"y":-1.5},{"x":-3.5,"y":-1},{"x":-2.5,"y":-1},{"x":2.5,"y":-1},{"x":3.5,"y":-1},{"x":-1.5,"y":-0.5},{"x":1.5,"y":-0.5},{"x":-3.5,"y":0},{"x":0,"y":0},{"x":3.5,"y":0},{"x":-1.5,"y":0.5},{"x":1.5,"y":0.5},{"x":-3.5,"y":1},{"x":-2.5,"y":1},{"x":2.5,"y":1},{"x":3.5,"y":1},{"x":0,"y":1.5},{"x":-3.5,"y":2},{"x":3.5,"y":2},{"x":-2.5,"y":2.5},{"x":2.5,"y":2.5},{"x":-1.5,"y":3},{"x":0,"y":3},{"x":1.5,"y":3}]}],"seeds":["oicMFzKAC6KGGIOCzSF43hFSXGRsWGd8p8RY4GZ1EJF9FCEKAad8jHJlTUiNywJ5ihdqhTNEKTKR1EKBXsgIBeVxU9iJ0wM6YBCGyQeWoDeZHlJ9Ijck3SN1gVJ9mteFociJXAAA"]},{"layers":[{"index":0,"tiles":[{"x":-4,"y":-3},{"x":-3,"y":-3},{"x":-2,"y":-3},{"x":-1,"y":-3},{"x":0,"y":-3},{"x":1,"y":-3},{"x":2,"y":-3},{"x":3,"y":-3},{"x":4,"y":-3},{"x":-4,"y":-2},{"x":-3,"y":-2},{"x":4,"y":-2},{"x":-2,"y":-1.5},{"x":-4,"y":-1},{"x":-1,"y":-1},{"x":4,"y":-1},{"x":-4,"y":0},{"x":-2.5,"y":0},{"x":0,"y":0},{"x":1,"y":0},{"x":2,"y":0},{"x":3,"y":0},{"x":4,"y":0},{"x":-4,"y":1},{"x":-1,"y":1},{"x":4,"y":1},{"x":-2,"y":1.5},{"x":-4,"y":2},{"x":-3,"y":2},{"x":4,"y":2},{"x":-4,"y":3},{"x":-3,"y":3},{"x":-2,"y":3},{"x":-1,"y":3},{"x":0,"y":3},{"x":1,"y":3},{"x":2,"y":3},{"x":3,"y":3},{"x":4,"y":3}]},{"index":1,"tiles":[{"x":-4,"y":-3},{"x":-3,"y":-3},{"x":-2,"y":-3},{"x":-1,"y":-3},{"x":0,"y":-3},{"x":1,"y":-3},{"x":2,"y":-3},{"x":3,"y":-3},{"x":4,"y":-3},{"x":-4,"y":-2},{"x":-3,"y":-2},{"x":4,"y":-2},{"x":-2,"y":-1.5},{"x":-4,"y":-1},{"x":-1,"y":-1},{"x":4,"y":-1},{"x":-4,"y":0},{"x":-2.5,"y":0},{"x":0,"y":0},{"x":1,"y":0},{"x":2,"y":0},{"x":3,"y":0},{"x":4,"y":0},{"x":-4,"y":1},{"x":-1,"y":1},{"x":4,"y":1},{"x":-2,"y":1.5},{"x":-4,"y":2},{"x":-3,"y":2},{"x":4,"y":2},{"x":-4,"y":3},{"x":-3,"y":3},{"x":-2,"y":3},{"x":-1,"y":3},{"x":0,"y":3},{"x":1,"y":3},{"x":2,"y":3},{"x":3,"y":3},{"x":4,"y":3}]},{"index":2,"tiles":[{"x":-4,"y":-3},{"x":-3,"y":-3},{"x":-2,"y":-3},{"x":-1,"y":-3},{"x":0,"y":-3},{"x":1,"y":-3},{"x":2,"y":-3},{"x":3,"y":-3},{"x":4,"y":-3},{"x":-4,"y":-2},{"x":-3,"y":-2},{"x":4,"y":-2},{"x":-2,"y":-1.5},{"x":-4,"y":-1},{"x":-1,"y":-1},{"x":4,"y":-1},{"x":-4,"y":0},{"x":0,"y":0},{"x":1,"y":0},{"x":2,"y":0},{"x":3,"y":0},{"x":4,"y":0},{"x":-4,"y":1},{"x":-1,"y":1},{"x":4,"y":1},{"x":-2,"y":1.5},{"x":-4,"y":2},{"x":-3,"y":2},{"x":4,"y":2},{"x":-4,"y":3},{"x":-3,"y":3},{"x":-2,"y":3},{"x":-1,"y":3},{"x":0,"y":3},{"x":1,"y":3},{"x":2,"y":3},{"x":3,"y":3},{"x":4,"y":3}]},{"index":3,"tiles":[{"x":-4,"y":-3},{"x":-3,"y":-3},{"x":-2,"y":-3},{"x":-1,"y":-3},{"x":0,"y":-3},{"x":1,"y":-3},{"x":2,"y":-3},{"x":3,"y":-3},{"x":4,"y":-3},{"x":-4,"y":-2},{"x":4,"y":-2},{"x":-4,"y":-1},{"x":4,"y":-1},{"x":-4,"y":0},{"x":4,"y":0},{"x":-4,"y":1},{"x":4,"y":1},{"x":-4,"y":2},{"x":4,"y":2},{"x":-4,"y":3},{"x":-3,"y":3},{"x":-2,"y":3},{"x":-1,"y":3},{"x":0,"y":3},{"x":1,"y":3},{"x":2,"y":3},{"x":3,"y":3},{"x":4,"y":3}]}],"seeds":["ofBZmWIe3lB2XPptFKg0ktcpxCUNUzAYkwB6yiKiWGhZoeCFC2cknTVxociBWfhVRdI9YAheJ+MEZBN14ieKHOhF4RhoH1ExQ1d5liY5TYE0gchQlqhKRPVAIrGA3waKCCcyByWA0wJhFCiK"]},{"layers":[{"index":0,"tiles":[{"x":-3.5,"y":-4},{"x":-0.5,"y":-4},{"x":0.5,"y":-4},{"x":3.5,"y":-4},{"x":-2.5,"y":-3},{"x":-1.5,"y":-3},{"x":1.5,"y":-3},{"x":2.5,"y":-3},{"x":-0.5,"y":-2.5},{"x":0.5,"y":-2.5},{"x":-1.5,"y":-1.5},{"x":-0.5,"y":-1.5},{"x":0.5,"y":-1.5},{"x":1.5,"y":-1.5},{"x":-2.5,"y":-0.5},{"x":-1,"y":-0.5},{"x":1,"y":-0.5},{"x":2.5,"y":-0.5},{"x":-2.5,"y":0.5},{"x":-1,"y":0.5},{"x":1,"y":0.5},{"x":2.5,"y":0.5},{"x":-1.5,"y":1.5},{"x":-0.5,"y":1.5},{"x":0.5,"y":1.5},{"x":1.5,"y":1.5},{"x":-0.5,"y":2.5},{"x":0.5,"y":2.5},{"x":-2.5,"y":3},{"x":-1.5,"y":3},{"x":1.5,"y":3},{"x":2.5,"y":3},{"x":-3.5,"y":4},{"x":-0.5,"y":4},{"x":0.5,"y":4},{"x":3.5,"y":4}]},{"index":1,"tiles":[{"x":-3.5,"y":-4},{"x":-0.5,"y":-4},{"x":0.5,"y":-4},{"x":3.5,"y":-4},{"x":-2.5,"y":-3},{"x":-1.5,"y":-3},{"x":1.5,"y":-3},{"x":2.5,"y":-3},{"x":-0.5,"y":-2.5},{"x":0.5,"y":-2.5},{"x":-1.5,"y":-1.5},{"x":-0.5,"y":-1.5},{"x":0.5,"y":-1.5},{"x":1.5,"y":-1.5},{"x":-2.5,"y":-0.5},{"x":-1,"y":-0.5},{"x":1,"y":-0.5},{"x":2.5,"y":-0.5},{"x":-2.5,"y":0.5},{"x":-1,"y":0.5},{"x":1,"y":0.5},{"x":2.5,"y":0.5},{"x":-1.5,"y":1.5},{"x":-0.5,"y":1.5},{"x":0.5,"y":1.5},{"x":1.5,"y":1.5},{"x":-0.5,"y":2.5},{"x":0.5,"y":2.5},{"x":-2.5,"y":3},{"x":-1.5,"y":3},{"x":1.5,"y":3},{"x":2.5,"y":3},{"x":-3.5,"y":4},{"x":-0.5,"y":4},{"x":0.5,"y":4},{"x":3.5,"y":4}]},{"index":2,"tiles":[{"x":-3.5,"y":-4},{"x":-0.5,"y":-4},{"x":0.5,"y":-4},{"x":3.5,"y":-4},{"x":-2.5,"y":-3},{"x":-1.5,"y":-3},{"x":1.5,"y":-3},{"x":2.5,"y":-3},{"x":-0.5,"y":-2.5},{"x":0.5,"y":-2.5},{"x":-1.5,"y":-1.5},{"x":-0.5,"y":-1.5},{"x":0.5,"y":-1.5},{"x":1.5,"y":-1.5},{"x":-2.5,"y":-0.5},{"x":-1,"y":-0.5},{"x":1,"y":-0.5},{"x":2.5,"y":-0.5},{"x":-2.5,"y":0.5},{"x":-1,"y":0.5},{"x":1,"y":0.5},{"x":2.5,"y":0.5},{"x":-1.5,"y":1.5},{"x":-0.5,"y":1.5},{"x":0.5,"y":1.5},{"x":1.5,"y":1.5},{"x":-0.5,"y":2.5},{"x":0.5,"y":2.5},{"x":-2.5,"y":3},{"x":-1.5,"y":3},{"x":1.5,"y":3},{"x":2.5,"y":3},{"x":-3.5,"y":4},{"x":-0.5,"y":4},{"x":0.5,"y":4},{"x":3.5,"y":4}]},{"index":3,"tiles":[{"x":-3.5,"y":-4},{"x":-0.5,"y":-4},{"x":0.5,"y":-4},{"x":3.5,"y":-4},{"x":-2.5,"y":-3},{"x":-1.5,"y":-3},{"x":1.5,"y":-3},{"x":2.5,"y":-3},{"x":-0.5,"y":-2.5},{"x":0.5,"y":-2.5},{"x":-1,"y":-1.5},{"x":0,"y":-1.5},{"x":1,"y":-1.5},{"x":-2.5,"y":0},{"x":-1,"y":0},{"x":1,"y":0},{"x":2.5,"y":0},{"x":-1,"y":1.5},{"x":0,"y":1.5},{"x":1,"y":1.5},{"x":-0.5,"y":2.5},{"x":0.5,"y":2.5},{"x":-2.5,"y":3},{"x":-1.5,"y":3},{"x":1.5,"y":3},{"x":2.5,"y":3},{"x":-3.5,"y":4},{"x":-0.5,"y":4},{"x":0.5,"y":4},{"x":3.5,"y":4}]}],"seeds":["YNpZVOiAQ3d9Ijl14tJxxiguFwR2RAVdhxd6VBgFIIOVA9h1XHaF3yBgiIUQoaAkYEh5ILV9wRQWYcShWaJwphB8YigySygKnXI8XbZsjRFKmlSoTeB5wcSdXtUF2eQEQagNYPiECgcA"]},{"layers":[{"index":0,"tiles":[{"x":-3,"y":-3},{"x":-2,"y":-3},{"x":2,"y":-3},{"x":3,"y":-3},{"x":-4,"y":-2.5},{"x":-1,"y":-2.5},{"x":1,"y":-2.5},{"x":4,"y":-2.5},{"x":-4,"y":-1.5},{"x":-1,"y":-1.5},{"x":1,"y":-1.5},{"x":4,"y":-1.5},{"x":-3,"y":-1},{"x":-2,"y":-1},{"x":2,"y":-1},{"x":3,"y":-1},{"x":-1.5,"y":0},{"x":-0.5,"y":0},{"x":0.5,"y":0},{"x":1.5,"y":0},{"x":-2.5,"y":0.5},{"x":2.5,"y":0.5},{"x":-3.5,"y":1},{"x":-1.5,"y":1},{"x":-0.5,"y":1},{"x":0.5,"y":1},{"x":1.5,"y":1},{"x":3.5,"y":1},{"x":-2.5,"y":1.5},{"x":2.5,"y":1.5},{"x":-3.5,"y":2},{"x":-1.5,"y":2},{"x":-0.5,"y":2},{"x":0.5,"y":2},{"x":1.5,"y":2},{"x":3.5,"y":2},{"x":-2.5,"y":2.5},{"x":2.5,"y":2.5},{"x":-1.5,"y":3},{"x":-0.5,"y":3},{"x":0.5,"y":3},{"x":1.5,"y":3}]},{"index":1,"tiles":[{"x":-3,"y":-3},{"x":-2,"y":-3},{"x":2,"y":-3},{"x":3,"y":-3},{"x":-4,"y":-2.5},{"x":-1,"y":-2.5},{"x":1,"y":-2.5},{"x":4,"y":-2.5},{"x":-4,"y":-1.5},{"x":-1,"y":-1.5},{"x":1,"y":-1.5},{"x":4,"y":-1.5},{"x":-3,"y":-1},{"x":-2,"y":-1},{"x":2,"y":-1},{"x":3,"y":-1},{"x":-1.5,"y":0},{"x":-0.5,"y":0},{"x":0.5,"y":0},{"x":1.5,"y":0},{"x":-2.5,"y":0.5},{"x":2.5,"y":0.5},{"x":-3.5,"y":1},{"x":-1.5,"y":1},{"x":-0.5,"y":1},{"x":0.5,"y":1},{"x":1.5,"y":1},{"x":3.5,"y":1},{"x":-2.5,"y":1.5},{"x":2.5,"y":1.5},{"x":-3.5,"y":2},{"x":-1.5,"y":2},{"x":-0.5,"y":2},{"x":0.5,"y":2},{"x":1.5,"y":2},{"x":3.5,"y":2},{"x":-2.5,"y":2.5},{"x":2.5,"y":2.5},{"x":-1.5,"y":3},{"x":-0.5,"y":3},{"x":0.5,"y":3},{"x":1.5,"y":3}]},{"index":2,"tiles":[{"x":-3,"y":-3},{"x":-2,"y":-3},{"x":2,"y":-3},{"x":3,"y":-3},{"x":-4,"y":-2.5},{"x":-1,"y":-2.5},{"x":1,"y":-2.5},{"x":4,"y":-2.5},{"x":-4,"y":-1.5},{"x":-1,"y":-1.5},{"x":1,"y":-1.5},{"x":4,"y":-1.5},{"x":-3,"y":-1},{"x":-2,"y":-1},{"x":2,"y":-1},{"x":3,"y":-1},{"x":-1.5,"y":0},{"x":-0.5,"y":0},{"x":0.5,"y":0},{"x":1.5,"y":0},{"x":-2.5,"y":0.5},{"x":2.5,"y":0.5},{"x":-3.5,"y":1},{"x":-1,"y":1},{"x":0,"y":1},{"x":1,"y":1},{"x":3.5,"y":1},{"x":-2,"y":1.5},{"x":2,"y":1.5},{"x":-3.5,"y":2},{"x":-1,"y":2},{"x":0,"y":2},{"x":1,"y":2},{"x":3.5,"y":2},{"x":-2.5,"y":2.5},{"x":2.5,"y":2.5},{"x":-1.5,"y":3},{"x":-0.5,"y":3},{"x":0.5,"y":3},{"x":1.5,"y":3}]},{"index":3,"tiles":[{"x":-1.5,"y":0},{"x":-0.5,"y":0},{"x":0.5,"y":0},{"x":1.5,"y":0},{"x":-2.5,"y":0.5},{"x":2.5,"y":0.5},{"x":-3.5,"y":1},{"x":3.5,"y":1},{"x":-3.5,"y":2},{"x":3.5,"y":2},{"x":-2.5,"y":2.5},{"x":2.5,"y":2.5},{"x":-1.5,"y":3},{"x":-0.5,"y":3},{"x":0.5,"y":3},{"x":1.5,"y":3}]}],"seeds":["h6cQFkg8HVNl3CMKSOJBYVN9mEdR0lSBB1eITtgJDaEp4PJFSPhNShoOmigYotk1YbcE3BJQ0FZZIqUUn+EVWGZxUvddw+d5I3oNZwOCYlCo1pIQYSkOXTgxIhdOAQNyAgOCEQhupMNx"]},{"layers":[{"index":0,"tiles":[{"x":0,"y":-3.5},{"x":-1,"y":-2.5},{"x":1,"y":-2.5},{"x":-2,"y":-1.5},{"x":2,"y":-1.5},{"x":0,"y":-1},{"x":-1.5,"y":-0.5},{"x":1.5,"y":-0.5},{"x":-3.5,"y":0},{"x":-2.5,"y":0},{"x":-0.5,"y":0},{"x":0.5,"y":0},{"x":2.5,"y":0},{"x":3.5,"y":0},{"x":-4,"y":1},{"x":-2.5,"y":1},{"x":0,"y":1},{"x":2.5,"y":1},{"x":4,"y":1},{"x":-4,"y":2},{"x":-2.5,"y":2},{"x":-0.5,"y":2},{"x":0.5,"y":2},{"x":2.5,"y":2},{"x":4,"y":2},{"x":-4,"y":3},{"x":-3,"y":3},{"x":-2,"y":3},{"x":0,"y":3},{"x":2,"y":3},{"x":3,"y":3},{"x":4,"y":3}]},{"index":1,"tiles":[{"x":0,"y":-3.5},{"x":-1,"y":-2.5},{"x":1,"y":-2.5},{"x":-2,"y":-1.5},{"x":2,"y":-1.5},{"x":0,"y":-1},{"x":-1.5,"y":-0.5},{"x":1.5,"y":-0.5},{"x":-3.5,"y":0},{"x":-2.5,"y":0},{"x":-0.5,"y":0},{"x":0.5,"y":0},{"x":2.5,"y":0},{"x":3.5,"y":0},{"x":-4,"y":1},{"x":-2.5,"y":1},{"x":0,"y":1},{"x":2.5,"y":1},{"x":4,"y":1},{"x":-4,"y":2},{"x":-2.5,"y":2},{"x":-0.5,"y":2},{"x":0.5,"y":2},{"x":2.5,"y":2},{"x":4,"y":2},{"x":-4,"y":3},{"x":-3,"y":3},{"x":-2,"y":3},{"x":0,"y":3},{"x":2,"y":3},{"x":3,"y":3},{"x":4,"y":3}]},{"index":2,"tiles":[{"x":0,"y":-3.5},{"x":-1,"y":-2.5},{"x":1,"y":-2.5},{"x":-2,"y":-1.5},{"x":2,"y":-1.5},{"x":0,"y":-1},{"x":-1.5,"y":-0.5},{"x":1.5,"y":-0.5},{"x":-3.5,"y":0},{"x":-2.5,"y":0},{"x":-0.5,"y":0},{"x":0.5,"y":0},{"x":2.5,"y":0},{"x":3.5,"y":0},{"x":-4,"y":1},{"x":-2.5,"y":1},{"x":0,"y":1},{"x":2.5,"y":1},{"x":4,"y":1},{"x":-4,"y":2},{"x":-2.5,"y":2},{"x":-0.5,"y":2},{"x":0.5,"y":2},{"x":2.5,"y":2},{"x":4,"y":2},{"x":-4,"y":3},{"x":-3,"y":3},{"x":-2,"y":3},{"x":0,"y":3},{"x":2,"y":3},{"x":3,"y":3},{"x":4,"y":3}]},{"index":3,"tiles":[{"x":0,"y":-0.5},{"x":-3.5,"y":0},{"x":-2.5,"y":0},{"x":2.5,"y":0},{"x":3.5,"y":0},{"x":0,"y":0.5},{"x":-4,"y":1},{"x":-2.5,"y":1},{"x":2.5,"y":1},{"x":4,"y":1},{"x":0,"y":1.5},{"x":-4,"y":2},{"x":-2.5,"y":2},{"x":2.5,"y":2},{"x":4,"y":2},{"x":0,"y":2.5},{"x":-4,"y":3},{"x":-3,"y":3},{"x":-2,"y":3},{"x":2,"y":3},{"x":3,"y":3},{"x":4,"y":3}]},{"index":4,"tiles":[{"x":0,"y":-0.5},{"x":0,"y":0.5},{"x":0,"y":1.5},{"x":0,"y":2.5}]}],"seeds":["ZGhwCoExhKiGTWelX7egARcoEwgq1/GBj1RwV7hAyTl4IjdJYCZ047cgRvSBFWdRmudNGhg+DiNGB5VRGyR6wQZ6yYCZ3SR0QlAtIMUMSMeEYSgqXiOGQylwTgEA"]},{"layers":[{"index":0,"tiles":[{"x":-0.5,"y":-3.5},{"x":0.5,"y":-3.5},{"x":-1.5,"y":-3},{"x":1.5,"y":-3},{"x":-2,"y":-2},{"x":0,"y":-2},{"x":2,"y":-2},{"x":-4,"y":-1},{"x":-3,"y":-1},{"x":-2,"y":-1},{"x":2,"y":-1},{"x":3,"y":-1},{"x":4,"y":-1},{"x":-3,"y":0},{"x":-1,"y":0},{"x":1,"y":0},{"x":3,"y":0},{"x":-4,"y":1},{"x":-3,"y":1},{"x":-2,"y":1},{"x":2,"y":1},{"x":3,"y":1},{"x":4,"y":1},{"x":-2,"y":2},{"x":0,"y":2},{"x":2,"y":2},{"x":-1.5,"y":3},{"x":1.5,"y":3},{"x":-0.5,"y":3.5},{"x":0.5,"y":3.5}]},{"index":1,"tiles":[{"x":-0.5,"y":-3.5},{"x":0.5,"y":-3.5},{"x":-1.5,"y":-3},{"x":1.5,"y":-3},{"x":-2,"y":-2},{"x":0,"y":-2},{"x":2,"y":-2},{"x":-4,"y":-1},{"x":-3,"y":-1},{"x":-2,"y":-1},{"x":2,"y":-1},{"x":3,"y":-1},{"x":4,"y":-1},{"x":-3,"y":0},{"x":-1,"y":0},{"x":1,"y":0},{"x":3,"y":0},{"x":-4,"y":1},{"x":-3,"y":1},{"x":-2,"y":1},{"x":2,"y":1},{"x":3,"y":1},{"x":4,"y":1},{"x":-2,"y":2},{"x":0,"y":2},{"x":2,"y":2},{"x":-1.5,"y":3},{"x":1.5,"y":3},{"x":-0.5,"y":3.5},{"x":0.5,"y":3.5}]},{"index":2,"tiles":[{"x":-0.5,"y":-3.5},{"x":0.5,"y":-3.5},{"x":-1.5,"y":-3},{"x":1.5,"y":-3},{"x":-2,"y":-2},{"x":0,"y":-2},{"x":2,"y":-2},{"x":-4,"y":-1},{"x":-3,"y":-1},{"x":-2,"y":-1},{"x":2,"y":-1},{"x":3,"y":-1},{"x":4,"y":-1},{"x":-3,"y":0},{"x":-1,"y":0},{"x":1,"y":0},{"x":3,"y":0},{"x":-4,"y":1},{"x":-3,"y":1},{"x":-2,"y":1},{"x":2,"y":1},{"x":3,"y":1},{"x":4,"y":1},{"x":-2,"y":2},{"x":0,"y":2},{"x":2,"y":2},{"x":-1.5,"y":3},{"x":1.5,"y":3},{"x":-0.5,"y":3.5},{"x":0.5,"y":3.5}]},{"index":3,"tiles":[{"x":-0.5,"y":-3.5},{"x":0.5,"y":-3.5},{"x":-1.5,"y":-3},{"x":1.5,"y":-3},{"x":-2,"y":-2},{"x":0,"y":-2},{"x":2,"y":-2},{"x":-3.5,"y":-1},{"x":-2.5,"y":-1},{"x":2.5,"y":-1},{"x":3.5,"y":-1},{"x":-3,"y":0},{"x":-1,"y":0},{"x":1,"y":0},{"x":3,"y":0},{"x":-3.5,"y":1},{"x":-2.5,"y":1},{"x":2.5,"y":1},{"x":3.5,"y":1},{"x":-2,"y":2},{"x":0,"y":2},{"x":2,"y":2},{"x":-1.5,"y":3},{"x":1.5,"y":3},{"x":-0.5,"y":3.5},{"x":0.5,"y":3.5}]},{"index":4,"tiles":[{"x":0,"y":-2},{"x":-3,"y":-0.5},{"x":3,"y":-0.5},{"x":-1,"y":0},{"x":1,"y":0},{"x":-3,"y":0.5},{"x":3,"y":0.5},{"x":0,"y":2}]}],"seeds":["gmWFzCmJnBAZoLYE6tRsIcgZ3MUFYCANz4Fh1OSZXLBVWQqC2kUEE/dBggMGEzIUoBdKkddAnyiGSvegStUh2jEKHheC4FeIybVwXdZ10nQRCSVqIVhOItl9jKMo"]},{"layers":[{"index":0,"tiles":[{"x":-0.5,"y":-3.5},{"x":-1.5,"y":-3},{"x":-2.5,"y":-2.5},{"x":-0.5,"y":-2.5},{"x":2,"y":-2.5},{"x":-3.5,"y":-2},{"x":-1.5,"y":-2},{"x":3,"y":-2},{"x":-2.5,"y":-1.5},{"x":-0.5,"y":-1.5},{"x":2,"y":-1.5},{"x":-1.5,"y":-1},{"x":-0.5,"y":-0.5},{"x":0.5,"y":0.5},{"x":1.5,"y":1},{"x":-2,"y":1.5},{"x":0.5,"y":1.5},{"x":2.5,"y":1.5},{"x":-3,"y":2},{"x":1.5,"y":2},{"x":3.5,"y":2},{"x":-2,"y":2.5},{"x":0.5,"y":2.5},{"x":2.5,"y":2.5},{"x":1.5,"y":3},{"x":0.5,"y":3.5}]},{"index":1,"tiles":[{"x":-0.5,"y":-3.5},{"x":-1.5,"y":-3},{"x":-2.5,"y":-2.5},{"x":-0.5,"y":-2.5},{"x":2,"y":-2.5},{"x":-3.5,"y":-2},{"x":-1.5,"y":-2},{"x":3,"y":-2},{"x":-2.5,"y":-1.5},{"x":-0.5,"y":-1.5},{"x":2,"y":-1.5},{"x":-1.5,"y":-1},{"x":-0.5,"y":-0.5},{"x":0.5,"y":0.5},{"x":1.5,"y":1},{"x":-2,"y":1.5},{"x":0.5,"y":1.5},{"x":2.5,"y":1.5},{"x":-3,"y":2},{"x":1.5,"y":2},{"x":3.5,"y":2},{"x":-2,"y":2.5},{"x":0.5,"y":2.5},{"x":2.5,"y":2.5},{"x":1.5,"y":3},{"x":0.5,"y":3.5}]},{"index":2,"tiles":[{"x":-0.5,"y":-3.5},{"x":-1.5,"y":-3},{"x":-2.5,"y":-2.5},{"x":-0.5,"y":-2.5},{"x":2,"y":-2.5},{"x":-3.5,"y":-2},{"x":-1.5,"y":-2},{"x":3,"y":-2},{"x":-2.5,"y":-1.5},{"x":-0.5,"y":-1.5},{"x":2,"y":-1.5},{"x":-1.5,"y":-1},{"x":-0.5,"y":-0.5},{"x":0.5,"y":0.5},{"x":1.5,"y":1},{"x":-2,"y":1.5},{"x":0.5,"y":1.5},{"x":2.5,"y":1.5},{"x":-3,"y":2},{"x":1.5,"y":2},{"x":3.5,"y":2},{"x":-2,"y":2.5},{"x":0.5,"y":2.5},{"x":2.5,"y":2.5},{"x":1.5,"y":3},{"x":0.5,"y":3.5}]},{"index":3,"tiles":[{"x":-0.5,"y":-3},{"x":-1.5,"y":-2.5},{"x":2,"y":-2.5},{"x":-3.5,"y":-2},{"x":-2.5,"y":-2},{"x":-0.5,"y":-2},{"x":3,"y":-2},{"x":-1.5,"y":-1.5},{"x":2,"y":-1.5},{"x":-0.5,"y":-1},{"x":0.5,"y":1},{"x":-2,"y":1.5},{"x":1.5,"y":1.5},{"x":-3,"y":2},{"x":0.5,"y":2},{"x":2.5,"y":2},{"x":3.5,"y":2},{"x":-2,"y":2.5},{"x":1.5,"y":2.5},{"x":0.5,"y":3}]},{"index":4,"tiles":[{"x":-0.5,"y":-2.5},{"x":2,"y":-2.5},{"x":-3.5,"y":-2},{"x":-2.5,"y":-2},{"x":-1.5,"y":-2},{"x":3,"y":-2},{"x":-0.5,"y":-1.5},{"x":2,"y":-1.5},{"x":-2,"y":1.5},{"x":0.5,"y":1.5},{"x":-3,"y":2},{"x":1.5,"y":2},{"x":2.5,"y":2},{"x":3.5,"y":2},{"x":-2,"y":2.5},{"x":0.5,"y":2.5}]}],"seeds":["lscdl6OB5RGEoWppWzZNaTKJY7Apj3MOw9Q8ohmSjQIqiORwnlIIXcJVYNBxBCSCXmd0oZcFoYSJUMWBEXMlDpFQDLgsFCiK6AdGIPh9IVcYn4BwHAYA"]},{"layers":[{"index":0,"tiles":[{"x":0,"y":-4},{"x":-2.5,"y":-3},{"x":0,"y":-3},{"x":2.5,"y":-3},{"x":-2.5,"y":-2},{"x":0,"y":-2},{"x":2.5,"y":-2},{"x":-2.5,"y":-1},{"x":-1.5,"y":-1},{"x":-0.5,"y":-1},{"x":0.5,"y":-1},{"x":1.5,"y":-1},{"x":2.5,"y":-1},{"x":0,"y":0},{"x":-2.5,"y":1},{"x":-1.5,"y":1},{"x":-0.5,"y":1},{"x":0.5,"y":1},{"x":1.5,"y":1},{"x":2.5,"y":1},{"x":-2.5,"y":2},{"x":0,"y":2},{"x":2.5,"y":2},{"x":-2.5,"y":3},{"x":0,"y":3},{"x":2.5,"y":3},{"x":0,"y":4}]},{"index":1,"tiles":[{"x":0,"y":-4},{"x":-2.5,"y":-3},{"x":0,"y":-3},{"x":2.5,"y":-3},{"x":-2.5,"y":-2},{"x":0,"y":-2},{"x":2.5,"y":-2},{"x":-2.5,"y":-1},{"x":-1.5,"y":-1},{"x":-0.5,"y":-1},{"x":0.5,"y":-1},{"x":1.5,"y":-1},{"x":2.5,"y":-1},{"x":0,"y":0},{"x":-2.5,"y":1},{"x":-1.5,"y":1},{"x":-0.5,"y":1},{"x":0.5,"y":1},{"x":1.5,"y":1},{"x":2.5,"y":1},{"x":-2.5,"y":2},{"x":0,"y":2},{"x":2.5,"y":2},{"x":-2.5,"y":3},{"x":0,"y":3},{"x":2.5,"y":3},{"x":0,"y":4}]},{"index":2,"tiles":[{"x":0,"y":-4},{"x":-2.5,"y":-3},{"x":0,"y":-3},{"x":2.5,"y":-3},{"x":-2.5,"y":-2},{"x":0,"y":-2},{"x":2.5,"y":-2},{"x":-2.5,"y":-1},{"x":-1.5,"y":-1},{"x":-0.5,"y":-1},{"x":0.5,"y":-1},{"x":1.5,"y":-1},{"x":2.5,"y":-1},{"x":0,"y":0},{"x":-2.5,"y":1},{"x":-1.5,"y":1},{"x":-0.5,"y":1},{"x":0.5,"y":1},{"x":1.5,"y":1},{"x":2.5,"y":1},{"x":-2.5,"y":2},{"x":0,"y":2},{"x":2.5,"y":2},{"x":-2.5,"y":3},{"x":0,"y":3},{"x":2.5,"y":3},{"x":0,"y":4}]},{"index":3,"tiles":[{"x":0,"y":-4},{"x":-2.5,"y":-3},{"x":0,"y":-3},{"x":2.5,"y":-3},{"x":-2.5,"y":-2},{"x":0,"y":-2},{"x":2.5,"y":-2},{"x":-2.5,"y":-1},{"x":-1.5,"y":-1},{"x":-0.5,"y":-1},{"x":0.5,"y":-1},{"x":1.5,"y":-1},{"x":2.5,"y":-1},{"x":0,"y":0},{"x":-2.5,"y":1},{"x":-1.5,"y":1},{"x":-0.5,"y":1},{"x":0.5,"y":1},{"x":1.5,"y":1},{"x":2.5,"y":1},{"x":-2.5,"y":2},{"x":0,"y":2},{"x":2.5,"y":2},{"x":-2.5,"y":3},{"x":0,"y":3},{"x":2.5,"y":3},{"x":0,"y":4}]},{"index":4,"tiles":[{"x":0,"y":-3.5},{"x":-2.5,"y":-3},{"x":2.5,"y":-3},{"x":0,"y":-2.5},{"x":-2.5,"y":-2},{"x":2.5,"y":-2},{"x":0,"y":-1.5},{"x":-2,"y":-1},{"x":-1,"y":-1},{"x":1,"y":-1},{"x":2,"y":-1},{"x":0,"y":-0.5},{"x":0,"y":0.5},{"x":-2,"y":1},{"x":-1,"y":1},{"x":1,"y":1},{"x":2,"y":1},{"x":0,"y":1.5},{"x":-2.5,"y":2},{"x":2.5,"y":2},{"x":0,"y":2.5},{"x":-2.5,"y":3},{"x":2.5,"y":3},{"x":0,"y":3.5}]}],"seeds":["HtQp0+J1XGYRYoiIC0IoxyKEQhdyVxGC1CRw5QCCgShgITd8nXVsSwMu2sM1QahAiheCVPMZ4NShAcaJIpM5U5iAXuAkQSAGptpF3lldaVg9WliNjCgW31YFBriAUiN9oBeR"]},{"layers":[{"index":0,"tiles":[{"x":-3,"y":-3.5},{"x":3,"y":-3.5},{"x":-2,"y":-3},{"x":2,"y":-3},{"x":-1,"y":-2.5},{"x":0,"y":-2.5},{"x":1,"y":-2.5},{"x":0,"y":-1.5},{"x":-2,"y":-1},{"x":-1,"y":-1},{"x":1,"y":-1},{"x":2,"y":-1},{"x":-3,"y":-0.5},{"x":3,"y":-0.5},{"x":-3.5,"y":0.5},{"x":-1,"y":0.5},{"x":0,"y":0.5},{"x":1,"y":0.5},{"x":3.5,"y":0.5},{"x":-3.5,"y":1.5},{"x":-1.5,"y":1.5},{"x":-0.5,"y":1.5},{"x":0.5,"y":1.5},{"x":1.5,"y":1.5},{"x":3.5,"y":1.5},{"x":-3.5,"y":2.5},{"x":3.5,"y":2.5},{"x":-2,"y":3},{"x":0,"y":3},{"x":2,"y":3},{"x":-3,"y":3.5},{"x":-1,"y":3.5},{"x":1,"y":3.5},{"x":3,"y":3.5}]},{"index":1,"tiles":[{"x":-3,"y":-3.5},{"x":3,"y":-3.5},{"x":-2,"y":-3},{"x":2,"y":-3},{"x":-1,"y":-2.5},{"x":0,"y":-2.5},{"x":1,"y":-2.5},{"x":0,"y":-1.5},{"x":-2,"y":-1},{"x":-1,"y":-1},{"x":1,"y":-1},{"x":2,"y":-1},{"x":-3,"y":-0.5},{"x":3,"y":-0.5},{"x":-3.5,"y":0.5},{"x":-1,"y":0.5},{"x":0,"y":0.5},{"x":1,"y":0.5},{"x":3.5,"y":0.5},{"x":-3.5,"y":1.5},{"x":-1.5,"y":1.5},{"x":-0.5,"y":1.5},{"x":0.5,"y":1.5},{"x":1.5,"y":1.5},{"x":3.5,"y":1.5},{"x":-3.5,"y":2.5},{"x":3.5,"y":2.5},{"x":-2,"y":3},{"x":0,"y":3},{"x":2,"y":3},{"x":-3,"y":3.5},{"x":-1,"y":3.5},{"x":1,"y":3.5},{"x":3,"y":3.5}]},{"index":2,"tiles":[{"x":-3,"y":-3.5},{"x":3,"y":-3.5},{"x":-2,"y":-3},{"x":2,"y":-3},{"x":-1,"y":-2.5},{"x":0,"y":-2.5},{"x":1,"y":-2.5},{"x":0,"y":-1.5},{"x":-2,"y":-1},{"x":-1,"y":-1},{"x":1,"y":-1},{"x":2,"y":-1},{"x":-3,"y":-0.5},{"x":3,"y":-0.5},{"x":-3.5,"y":0.5},{"x":-1,"y":0.5},{"x":0,"y":0.5},{"x":1,"y":0.5},{"x":3.5,"y":0.5},{"x":-3.5,"y":1.5},{"x":-1.5,"y":1.5},{"x":-0.5,"y":1.5},{"x":0.5,"y":1.5},{"x":1.5,"y":1.5},{"x":3.5,"y":1.5},{"x":-3.5,"y":2.5},{"x":3.5,"y":2.5},{"x":-2,"y":3},{"x":0,"y":3},{"x":2,"y":3},{"x":-3,"y":3.5},{"x":-1,"y":3.5},{"x":1,"y":3.5},{"x":3,"y":3.5}]},{"index":3,"tiles":[{"x":-3,"y":-3.5},{"x":3,"y":-3.5},{"x":-2,"y":-3},{"x":2,"y":-3},{"x":-1,"y":-2.5},{"x":0,"y":-2.5},{"x":1,"y":-2.5},{"x":0,"y":-1.5},{"x":-2,"y":-1},{"x":-1,"y":-1},{"x":1,"y":-1},{"x":2,"y":-1},{"x":-3,"y":-0.5},{"x":3,"y":-0.5},{"x":-3.5,"y":0.5},{"x":3.5,"y":0.5},{"x":-1,"y":1},{"x":0,"y":1},{"x":1,"y":1},{"x":-3.5,"y":1.5},{"x":3.5,"y":1.5},{"x":-3.5,"y":2.5},{"x":3.5,"y":2.5},{"x":-2,"y":3},{"x":0,"y":3},{"x":2,"y":3},{"x":-3,"y":3.5},{"x":-1,"y":3.5},{"x":1,"y":3.5},{"x":3,"y":3.5}]},{"index":4,"tiles":[{"x":-0.5,"y":1},{"x":0.5,"y":1}]}],"seeds":["UwVqXCZ64ANlHecpj+F5SnhCXFp23+J1XyUF3BZGBTNwC0NgFXoMzThQBDGJwUIVFwiazhUSobGBQmiBFBhajRaEVHOIU8SJTiJ6VtMJiios4Mcgwcd8QtBVQSJZ3YB8ooKFEwkA"]},{"layers":[{"index":0,"tiles":[{"x":0,"y":-4},{"x":-1,"y":-3.5},{"x":1,"y":-3.5},{"x":-4,"y":-3},{"x":4,"y":-3},{"x":-1.5,"y":-2.5},{"x":0,"y":-2.5},{"x":1.5,"y":-2.5},{"x":-3.5,"y":-2},{"x":3.5,"y":-2},{"x":-1,"y":-1.5},{"x":1,"y":-1.5},{"x":-3,"y":-1},{"x":0,"y":-1},{"x":3,"y":-1},{"x":-2,"y":-0.5},{"x":2,"y":-0.5},{"x":-3,"y":0},{"x":-1,"y":0},{"x":1,"y":0},{"x":3,"y":0},{"x":-2,"y":0.5},{"x":2,"y":0.5},{"x":-3,"y":1},{"x":0,"y":1},{"x":3,"y":1},{"x":-1,"y":1.5},{"x":1,"y":1.5},{"x":-3.5,"y":2},{"x":3.5,"y":2},{"x":-1.5,"y":2.5},{"x":0,"y":2.5},{"x":1.5,"y":2.5},{"x":-4,"y":3},{"x":4,"y":3},{"x":-1,"y":3.5},{"x":1,"y":3.5},{"x":0,"y":4}]},{"index":1,"tiles":[{"x":0,"y":-4},{"x":-1,"y":-3.5},{"x":1,"y":-3.5},{"x":-4,"y":-3},{"x":4,"y":-3},{"x":-1.5,"y":-2.5},{"x":0,"y":-2.5},{"x":1.5,"y":-2.5},{"x":-3.5,"y":-2},{"x":3.5,"y":-2},{"x":-1,"y":-1.5},{"x":1,"y":-1.5},{"x":-3,"y":-1},{"x":0,"y":-1},{"x":3,"y":-1},{"x":-2,"y":-0.5},{"x":2,"y":-0.5},{"x":-3,"y":0},{"x":-1,"y":0},{"x":1,"y":0},{"x":3,"y":0},{"x":-2,"y":0.5},{"x":2,"y":0.5},{"x":-3,"y":1},{"x":0,"y":1},{"x":3,"y":1},{"x":-1,"y":1.5},{"x":1,"y":1.5},{"x":-3.5,"y":2},{"x":3.5,"y":2},{"x":-1.5,"y":2.5},{"x":0,"y":2.5},{"x":1.5,"y":2.5},{"x":-4,"y":3},{"x":4,"y":3},{"x":-1,"y":3.5},{"x":1,"y":3.5},{"x":0,"y":4}]},{"index":2,"tiles":[{"x":0,"y":-4},{"x":-1,"y":-3.5},{"x":1,"y":-3.5},{"x":-4,"y":-3},{"x":4,"y":-3},{"x":-1.5,"y":-2.5},{"x":0,"y":-2.5},{"x":1.5,"y":-2.5},{"x":-3.5,"y":-2},{"x":3.5,"y":-2},{"x":-1,"y":-1.5},{"x":1,"y":-1.5},{"x":-3,"y":-1},{"x":0,"y":-1},{"x":3,"y":-1},{"x":-2,"y":-0.5},{"x":2,"y":-0.5},{"x":-3,"y":0},{"x":-1,"y":0},{"x":1,"y":0},{"x":3,"y":0},{"x":-2,"y":0.5},{"x":2,"y":0.5},{"x":-3,"y":1},{"x":0,"y":1},{"x":3,"y":1},{"x":-1,"y":1.5},{"x":1,"y":1.5},{"x":-3.5,"y":2},{"x":3.5,"y":2},{"x":-1.5,"y":2.5},{"x":0,"y":2.5},{"x":1.5,"y":2.5},{"x":-4,"y":3},{"x":4,"y":3},{"x":-1,"y":3.5},{"x":1,"y":3.5},{"x":0,"y":4}]},{"index":3,"tiles":[{"x":0,"y":-4},{"x":-1,"y":-3.5},{"x":1,"y":-3.5},{"x":-4,"y":-3},{"x":4,"y":-3},{"x":-1.5,"y":-2.5},{"x":1.5,"y":-2.5},{"x":-3.5,"y":-2},{"x":3.5,"y":-2},{"x":-1,"y":-1.5},{"x":1,"y":-1.5},{"x":0,"y":-1},{"x":-2.5,"y":-0.5},{"x":2.5,"y":-0.5},{"x":-1.5,"y":0},{"x":1.5,"y":0},{"x":-2.5,"y":0.5},{"x":2.5,"y":0.5},{"x":0,"y":1},{"x":-1,"y":1.5},{"x":1,"y":1.5},{"x":-3.5,"y":2},{"x":3.5,"y":2},{"x":-1.5,"y":2.5},{"x":1.5,"y":2.5},{"x":-4,"y":3},{"x":4,"y":3},{"x":-1,"y":3.5},{"x":1,"y":3.5},{"x":0,"y":4}]}],"seeds":["kmSJlhEWjKd8UGhWIjdUHshd4LIs1ylw3vcMiPNVAchN6hSKXvcFaBYGBEZ4mNgFD1R6XcRFChMmXiEqjcQNmkY4igh2x3cIIUUuk8BUE2gQ05iGmzRQIBJ21CdUYCaGFLiFYic0oAcywpRU"]},{"layers":[{"index":0,"tiles":[{"x":-4,"y":-3},{"x":-3,"y":-3},{"x":-2,"y":-3},{"x":-1,"y":-3},{"x":0,"y":-3},{"x":1,"y":-3},{"x":2,"y":-3},{"x":3,"y":-3},{"x":4,"y":-3},{"x":-4,"y":-2},{"x":-3,"y":-2},{"x":-1.5,"y":-2},{"x":-0.5,"y":-2},{"x":0.5,"y":-2},{"x":1.5,"y":-2},{"x":3,"y":-2},{"x":4,"y":-2},{"x":-4,"y":-1},{"x":-0.5,"y":-1},{"x":0.5,"y":-1},{"x":4,"y":-1},{"x":-4,"y":0},{"x":0,"y":0},{"x":4,"y":0},{"x":-4,"y":1},{"x":-0.5,"y":1},{"x":0.5,"y":1},{"x":4,"y":1},{"x":-4,"y":2},{"x":-3,"y":2},{"x":-1.5,"y":2},{"x":-0.5,"y":2},{"x":0.5,"y":2},{"x":1.5,"y":2},{"x":3,"y":2},{"x":4,"y":2},{"x":-4,"y":3},{"x":-3,"y":3},{"x":-2,"y":3},{"x":-1,"y":3},{"x":0,"y":3},{"x":1,"y":3},{"x":2,"y":3},{"x":3,"y":3},{"x":4,"y":3}]},{"index":1,"tiles":[{"x":-4,"y":-3},{"x":-3,"y":-3},{"x":-2,"y":-3},{"x":-1,"y":-3},{"x":0,"y":-3},{"x":1,"y":-3},{"x":2,"y":-3},{"x":3,"y":-3},{"x":4,"y":-3},{"x":-4,"y":-2},{"x":-3,"y":-2},{"x":-1.5,"y":-2},{"x":-0.5,"y":-2},{"x":0.5,"y":-2},{"x":1.5,"y":-2},{"x":3,"y":-2},{"x":4,"y":-2},{"x":-4,"y":-1},{"x":-0.5,"y":-1},{"x":0.5,"y":-1},{"x":4,"y":-1},{"x":-4,"y":0},{"x":0,"y":0},{"x":4,"y":0},{"x":-4,"y":1},{"x":-0.5,"y":1},{"x":0.5,"y":1},{"x":4,"y":1},{"x":-4,"y":2},{"x":-3,"y":2},{"x":-1.5,"y":2},{"x":-0.5,"y":2},{"x":0.5,"y":2},{"x":1.5,"y":2},{"x":3,"y":2},{"x":4,"y":2},{"x":-4,"y":3},{"x":-3,"y":3},{"x":-2,"y":3},{"x":-1,"y":3},{"x":0,"y":3},{"x":1,"y":3},{"x":2,"y":3},{"x":3,"y":3},{"x":4,"y":3}]},{"index":2,"tiles":[{"x":-4,"y":-3},{"x":-3,"y":-3},{"x":-2,"y":-3},{"x":-1,"y":-3},{"x":0,"y":-3},{"x":1,"y":-3},{"x":2,"y":-3},{"x":3,"y":-3},{"x":4,"y":-3},{"x":-4,"y":-2},{"x":-3,"y":-2},{"x":-1.5,"y":-2},{"x":-0.5,"y":-2},{"x":0.5,"y":-2},{"x":1.5,"y":-2},{"x":3,"y":-2},{"x":4,"y":-2},{"x":-4,"y":-1},{"x":-0.5,"y":-1},{"x":0.5,"y":-1},{"x":4,"y":-1},{"x":-4,"y":0},{"x":0,"y":0},{"x":4,"y":0},{"x":-4,"y":1},{"x":-0.5,"y":1},{"x":0.5,"y":1},{"x":4,"y":1},{"x":-4,"y":2},{"x":-3,"y":2},{"x":-1.5,"y":2},{"x":-0.5,"y":2},{"x":0.5,"y":2},{"x":1.5,"y":2},{"x":3,"y":2},{"x":4,"y":2},{"x":-4,"y":3},{"x":-3,"y":3},{"x":-2,"y":3},{"x":-1,"y":3},{"x":0,"y":3},{"x":1,"y":3},{"x":2,"y":3},{"x":3,"y":3},{"x":4,"y":3}]},{"index":3,"tiles":[{"x":-3.5,"y":-2.5},{"x":3.5,"y":-2.5},{"x":0,"y":0},{"x":-3.5,"y":2.5},{"x":3.5,"y":2.5}]},{"index":4,"tiles":[{"x":-3.5,"y":-2.5},{"x":3.5,"y":-2.5},{"x":-3.5,"y":2.5},{"x":3.5,"y":2.5}]}],"seeds":["zqRoWYQZwRKKauh1IBOmTQMOn9CIYrctHCOAGyheRUOAIQgpiacF4IMInzOMUzdYYUJ1CwlS3iNaGUNYmBgMnkdVHCoV31GYC8eUX8V8oRF2DIdUStBZFeERg1hc3DRwICVAShh9Ijed3AFK"]},{"layers":[{"index":0,"tiles":[{"x":-4,"y":-3.5},{"x":-3,"y":-3.5},{"x":-1.5,"y":-3.5},{"x":-0.5,"y":-3.5},{"x":0.5,"y":-3.5},{"x":1.5,"y":-3.5},{"x":3,"y":-3.5},{"x":4,"y":-3.5},{"x":-3.5,"y":-2.5},{"x":-1.5,"y":-2.5},{"x":0,"y":-2.5},{"x":1.5,"y":-2.5},{"x":3.5,"y":-2.5},{"x":-3.5,"y":-1.5},{"x":-2.5,"y":-1.5},{"x":-1.5,"y":-1.5},{"x":0,"y":-1.5},{"x":1.5,"y":-1.5},{"x":2.5,"y":-1.5},{"x":3.5,"y":-1.5},{"x":-3.5,"y":-0.5},{"x":-1.5,"y":-0.5},{"x":0,"y":-0.5},{"x":1.5,"y":-0.5},{"x":3.5,"y":-0.5},{"x":-3.5,"y":0.5},{"x":-1.5,"y":0.5},{"x":0,"y":0.5},{"x":1.5,"y":0.5},{"x":3.5,"y":0.5},{"x":-3.5,"y":1.5},{"x":-2.5,"y":1.5},{"x":-1.5,"y":1.5},{"x":0,"y":1.5},{"x":1.5,"y":1.5},{"x":2.5,"y":1.5},{"x":3.5,"y":1.5},{"x":-3.5,"y":2.5},{"x":-1.5,"y":2.5},{"x":0,"y":2.5},{"x":1.5,"y":2.5},{"x":3.5,"y":2.5},{"x":-4,"y":3.5},{"x":-3,"y":3.5},{"x":-1.5,"y":3.5},{"x":-0.5,"y":3.5},{"x":0.5,"y":3.5},{"x":1.5,"y":3.5},{"x":3,"y":3.5},{"x":4,"y":3.5}]},{"index":1,"tiles":[{"x":-4,"y":-3.5},{"x":-3,"y":-3.5},{"x":-1.5,"y":-3.5},{"x":-0.5,"y":-3.5},{"x":0.5,"y":-3.5},{"x":1.5,"y":-3.5},{"x":3,"y":-3.5},{"x":4,"y":-3.5},{"x":0,"y":-2.5},{"x":-3.5,"y":-1.5},{"x":-2.5,"y":-1.5},{"x":-1.5,"y":-1.5},{"x":0,"y":-1.5},{"x":1.5,"y":-1.5},{"x":2.5,"y":-1.5},{"x":3.5,"y":-1.5},{"x":0,"y":-0.5},{"x":0,"y":0.5},{"x":-3.5,"y":1.5},{"x":-2.5,"y":1.5},{"x":-1.5,"y":1.5},{"x":0,"y":1.5},{"x":1.5,"y":1.5},{"x":2.5,"y":1.5},{"x":3.5,"y":1.5},{"x":0,"y":2.5},{"x":-4,"y":3.5},{"x":-3,"y":3.5},{"x":-1.5,"y":3.5},{"x":-0.5,"y":3.5},{"x":0.5,"y":3.5},{"x":1.5,"y":3.5},{"x":3,"y":3.5},{"x":4,"y":3.5}]},{"index":2,"tiles":[{"x":-3.5,"y":-3.5},{"x":-1,"y":-3.5},{"x":0,"y":-3.5},{"x":1,"y":-3.5},{"x":3.5,"y":-3.5},{"x":0,"y":-2.5},{"x":-3.5,"y":-1.5},{"x":-2.5,"y":-1.5},{"x":-1.5,"y":-1.5},{"x":0,"y":-1.5},{"x":1.5,"y":-1.5},{"x":2.5,"y":-1.5},{"x":3.5,"y":-1.5},{"x":0,"y":-0.5},{"x":0,"y":0.5},{"x":-3.5,"y":1.5},{"x":-2.5,"y":1.5},{"x":-1.5,"y":1.5},{"x":0,"y":1.5},{"x":1.5,"y":1.5},{"x":2.5,"y":1.5},{"x":3.5,"y":1.5},{"x":0,"y":2.5},{"x":-3.5,"y":3.5},{"x":-1,"y":3.5},{"x":0,"y":3.5},{"x":1,"y":3.5},{"x":3.5,"y":3.5}]},{"index":3,"tiles":[{"x":-3.5,"y":-3.5},{"x":-0.5,"y":-3.5},{"x":0.5,"y":-3.5},{"x":3.5,"y":-3.5},{"x":0,"y":-2},{"x":-2.5,"y":-1.5},{"x":-1.5,"y":-1.5},{"x":1.5,"y":-1.5},{"x":2.5,"y":-1.5},{"x":0,"y":-1},{"x":0,"y":0},{"x":0,"y":1},{"x":-2.5,"y":1.5},{"x":-1.5,"y":1.5},{"x":1.5,"y":1.5},{"x":2.5,"y":1.5},{"x":0,"y":2},{"x":-3.5,"y":3.5},{"x":-0.5,"y":3.5},{"x":0.5,"y":3.5},{"x":3.5,"y":3.5}]},{"index":4,"tiles":[{"x":0,"y":-3.5},{"x":0,"y":-2},{"x":-1.5,"y":-1.5},{"x":1.5,"y":-1.5},{"x":0,"y":-1},{"x":0,"y":0},{"x":0,"y":1},{"x":-1.5,"y":1.5},{"x":1.5,"y":1.5},{"x":0,"y":2},{"x":0,"y":3.5}]}],"seeds":["VCJU3ogxIBF0Q2ANoiBSBiN+3RaE5qCEYsV9FOGFXip8myOGRHggXgZBn4QMaog2wrc0gieETKE91gMe38JNBSdRWXSFoscooAISXRUloSZyINkFXeWUXNiFoMeJ2Gl43XR1yzSBl3QtkhKC"]},{"layers":[{"index":0,"tiles":[{"x":-0.5,"y":-3.5},{"x":0.5,"y":-3.5},{"x":-1.5,"y":-2.5},{"x":-0.5,"y":-2.5},{"x":0.5,"y":-2.5},{"x":1.5,"y":-2.5},{"x":-4,"y":-1.5},{"x":-2,"y":-1.5},{"x":-1,"y":-1.5},{"x":0,"y":-1.5},{"x":1,"y":-1.5},{"x":2,"y":-1.5},{"x":4,"y":-1.5},{"x":-4,"y":-0.5},{"x":-3,"y":-0.5},{"x":-2,"y":-0.5},{"x":-1,"y":-0.5},{"x":1,"y":-0.5},{"x":2,"y":-0.5},{"x":3,"y":-0.5},{"x":4,"y":-0.5},{"x":-4,"y":0.5},{"x":-3,"y":0.5},{"x":-2,"y":0.5},{"x":-1,"y":0.5},{"x":1,"y":0.5},{"x":2,"y":0.5},{"x":3,"y":0.5},{"x":4,"y":0.5},{"x":-2,"y":1.5},{"x":-1,"y":1.5},{"x":0,"y":1.5},{"x":1,"y":1.5},{"x":2,"y":1.5},{"x":-1.5,"y":2.5},{"x":-0.5,"y":2.5},{"x":0.5,"y":2.5},{"x":1.5,"y":2.5},{"x":-0.5,"y":3.5},{"x":0.5,"y":3.5}]},{"index":1,"tiles":[{"x":0,"y":-3.5},{"x":-1,"y":-2.5},{"x":0,"y":-2.5},{"x":1,"y":-2.5},{"x":-2,"y":-1.5},{"x":-1,"y":-1.5},{"x":0,"y":-1.5},{"x":1,"y":-1.5},{"x":2,"y":-1.5},{"x":-4,"y":-1},{"x":4,"y":-1},{"x":-2,"y":-0.5},{"x":2,"y":-0.5},{"x":-4,"y":0},{"x":-3,"y":0},{"x":-1,"y":0},{"x":1,"y":0},{"x":3,"y":0},{"x":4,"y":0},{"x":-2,"y":0.5},{"x":2,"y":0.5},{"x":-2,"y":1.5},{"x":-1,"y":1.5},{"x":0,"y":1.5},{"x":1,"y":1.5},{"x":2,"y":1.5},{"x":-1,"y":2.5},{"x":0,"y":2.5},{"x":1,"y":2.5},{"x":0,"y":3.5}]},{"index":2,"tiles":[{"x":0,"y":-3.5},{"x":-0.5,"y":-2.5},{"x":0.5,"y":-2.5},{"x":-2,"y":-1.5},{"x":-1,"y":-1.5},{"x":0,"y":-1.5},{"x":1,"y":-1.5},{"x":2,"y":-1.5},{"x":-2,"y":-0.5},{"x":2,"y":-0.5},{"x":-2,"y":0.5},{"x":2,"y":0.5},{"x":-2,"y":1.5},{"x":-1,"y":1.5},{"x":0,"y":1.5},{"x":1,"y":1.5},{"x":2,"y":1.5},{"x":-0.5,"y":2.5},{"x":0.5,"y":2.5},{"x":0,"y":3.5}]},{"index":3,"tiles":[{"x":-2,"y":-1.5},{"x":-1,"y":-1.5},{"x":0,"y":-1.5},{"x":1,"y":-1.5},{"x":2,"y":-1.5},{"x":-2,"y":-0.5},{"x":2,"y":-0.5},{"x":-2,"y":0.5},{"x":2,"y":0.5},{"x":-2,"y":1.5},{"x":-1,"y":1.5},{"x":0,"y":1.5},{"x":1,"y":1.5},{"x":2,"y":1.5}]}],"seeds":["nSR86PcETSiGAfYMSaB+JmEoyJduIyhYXMiEnaGVnBdwxQZyAWclmLcM2elVl9N4oqgcRAgyRwWJoBh1wbSEBUlRGTI5XaRB3CVKIKgo"]},{"layers":[{"index":0,"tiles":[{"x":-2,"y":-3},{"x":-1,"y":-3},{"x":1,"y":-3},{"x":2,"y":-3},{"x":-3,"y":-2},{"x":-2,"y":-2},{"x":-1,"y":-2},{"x":1,"y":-2},{"x":2,"y":-2},{"x":3,"y":-2},{"x":-4,"y":-1},{"x":-3,"y":-1},{"x":-2,"y":-1},{"x":2,"y":-1},{"x":3,"y":-1},{"x":4,"y":-1},{"x":-4,"y":0},{"x":-3,"y":0},{"x":-1,"y":0},{"x":1,"y":0},{"x":3,"y":0},{"x":4,"y":0},{"x":-4,"y":1},{"x":-3,"y":1},{"x":3,"y":1},{"x":4,"y":1},{"x":-4,"y":2},{"x":-3,"y":2},{"x":-1.5,"y":2},{"x":0,"y":2},{"x":1.5,"y":2},{"x":3,"y":2},{"x":4,"y":2},{"x":-4,"y":3},{"x":-3,"y":3},{"x":-1.5,"y":3},{"x":-0.5,"y":3},{"x":0.5,"y":3},{"x":1.5,"y":3},{"x":3,"y":3},{"x":4,"y":3}]},{"index":1,"tiles":[{"x":-2,"y":-3},{"x":-1,"y":-3},{"x":1,"y":-3},{"x":2,"y":-3},{"x":-3,"y":-2},{"x":-2,"y":-2},{"x":-1,"y":-2},{"x":1,"y":-2},{"x":2,"y":-2},{"x":3,"y":-2},{"x":-4,"y":-1},{"x":-3,"y":-1},{"x":-2,"y":-1},{"x":2,"y":-1},{"x":3,"y":-1},{"x":4,"y":-1},{"x":-4,"y":0},{"x":-3,"y":0},{"x":-1,"y":0},{"x":1,"y":0},{"x":3,"y":0},{"x":4,"y":0},{"x":-4,"y":1},{"x":-3,"y":1},{"x":3,"y":1},{"x":4,"y":1},{"x":-4,"y":2},{"x":-3,"y":2},{"x":-1.5,"y":2},{"x":0,"y":2},{"x":1.5,"y":2},{"x":3,"y":2},{"x":4,"y":2},{"x":-4,"y":3},{"x":-3,"y":3},{"x":-1.5,"y":3},{"x":-0.5,"y":3},{"x":0.5,"y":3},{"x":1.5,"y":3},{"x":3,"y":3},{"x":4,"y":3}]},{"index":2,"tiles":[{"x":-2,"y":-3},{"x":-1,"y":-3},{"x":1,"y":-3},{"x":2,"y":-3},{"x":-3,"y":-2},{"x":-2,"y":-2},{"x":-1,"y":-2},{"x":1,"y":-2},{"x":2,"y":-2},{"x":3,"y":-2},{"x":-4,"y":-1},{"x":-3,"y":-1},{"x":-2,"y":-1},{"x":2,"y":-1},{"x":3,"y":-1},{"x":4,"y":-1},{"x":-4,"y":0},{"x":-3,"y":0},{"x":-1,"y":0},{"x":1,"y":0},{"x":3,"y":0},{"x":4,"y":0},{"x":-4,"y":1},{"x":-3,"y":1},{"x":3,"y":1},{"x":4,"y":1},{"x":-4,"y":2},{"x":-3,"y":2},{"x":-1.5,"y":2},{"x":0,"y":2},{"x":1.5,"y":2},{"x":3,"y":2},{"x":4,"y":2},{"x":-4,"y":3},{"x":-3,"y":3},{"x":-1.5,"y":3},{"x":-0.5,"y":3},{"x":0.5,"y":3},{"x":1.5,"y":3},{"x":3,"y":3},{"x":4,"y":3}]},{"index":3,"tiles":[{"x":-1.5,"y":-3},{"x":1.5,"y":-3},{"x":-2.5,"y":-2},{"x":-1.5,"y":-2},{"x":1.5,"y":-2},{"x":2.5,"y":-2},{"x":-3.5,"y":-1},{"x":-2.5,"y":-1},{"x":2.5,"y":-1},{"x":3.5,"y":-1},{"x":-3.5,"y":0.5},{"x":3.5,"y":0.5},{"x":-3.5,"y":2.5},{"x":3.5,"y":2.5},{"x":-1,"y":3},{"x":0,"y":3},{"x":1,"y":3}]},{"index":4,"tiles":[{"x":-3.5,"y":0.5},{"x":3.5,"y":0.5},{"x":-3.5,"y":2.5},{"x":3.5,"y":2.5}]}],"seeds":["BPNVj/dVgdc0ISOCGjggQtdQIIhA1aCK3XFulucN20VUJkOGBidyk+NQVxdYYtCASqSIixJ4U/IskwgKkMaE0SEcDeURk8hJFhUqYEYUXMiFXNiES4olh9EJaNaJBdgN3wJi31daY8eB0tdx"]},{"layers":[{"index":0,"tiles":[{"x":-3.5,"y":-3.5},{"x":-2.5,"y":-3.5},{"x":-1.5,"y":-3.5},{"x":-0.5,"y":-3.5},{"x":0.5,"y":-3.5},{"x":1.5,"y":-3.5},{"x":2.5,"y":-3.5},{"x":3.5,"y":-3.5},{"x":-0.5,"y":-2.5},{"x":0.5,"y":-2.5},{"x":1.5,"y":-2.5},{"x":2.5,"y":-2.5},{"x":3.5,"y":-2.5},{"x":-3.5,"y":-1.5},{"x":-2.5,"y":-1.5},{"x":-0.5,"y":-1.5},{"x":0.5,"y":-1.5},{"x":2.5,"y":-1.5},{"x":3.5,"y":-1.5},{"x":-3.5,"y":-0.5},{"x":-2.5,"y":-0.5},{"x":-1.5,"y":-0.5},{"x":-0.5,"y":-0.5},{"x":0.5,"y":-0.5},{"x":-0.5,"y":0.5},{"x":0.5,"y":0.5},{"x":1.5,"y":0.5},{"x":2.5,"y":0.5},{"x":3.5,"y":0.5},{"x":-3.5,"y":1.5},{"x":-2.5,"y":1.5},{"x":-0.5,"y":1.5},{"x":0.5,"y":1.5},{"x":2.5,"y":1.5},{"x":3.5,"y":1.5},{"x":-3.5,"y":2.5},{"x":-2.5,"y":2.5},{"x":-1.5,"y":2.5},{"x":-0.5,"y":2.5},{"x":0.5,"y":2.5},{"x":-3.5,"y":3.5},{"x":-2.5,"y":3.5},{"x":-1.5,"y":3.5},{"x":-0.5,"y":3.5},{"x":0.5,"y":3.5},{"x":1.5,"y":3.5},{"x":2.5,"y":3.5},{"x":3.5,"y":3.5}]},{"index":1,"tiles":[{"x":-3.5,"y":-3.5},{"x":-2.5,"y":-3.5},{"x":-1.5,"y":-3.5},{"x":-0.5,"y":-3.5},{"x":0.5,"y":-3.5},{"x":1.5,"y":-3.5},{"x":2.5,"y":-3.5},{"x":3.5,"y":-3.5},{"x":-0.5,"y":-2.5},{"x":0.5,"y":-2.5},{"x":1.5,"y":-2.5},{"x":2.5,"y":-2.5},{"x":3.5,"y":-2.5},{"x":-3.5,"y":-1.5},{"x":-2.5,"y":-1.5},{"x":-0.5,"y":-1.5},{"x":0.5,"y":-1.5},{"x":2.5,"y":-1.5},{"x":3.5,"y":-1.5},{"x":-3.5,"y":-0.5},{"x":-2.5,"y":-0.5},{"x":-1.5,"y":-0.5},{"x":-0.5,"y":-0.5},{"x":0.5,"y":-0.5},{"x":-0.5,"y":0.5},{"x":0.5,"y":0.5},{"x":1.5,"y":0.5},{"x":2.5,"y":0.5},{"x":3.5,"y":0.5},{"x":-3.5,"y":1.5},{"x":-2.5,"y":1.5},{"x":-0.5,"y":1.5},{"x":0.5,"y":1.5},{"x":2.5,"y":1.5},{"x":3.5,"y":1.5},{"x":-3.5,"y":2.5},{"x":-2.5,"y":2.5},{"x":-1.5,"y":2.5},{"x":-0.5,"y":2.5},{"x":0.5,"y":2.5},{"x":-3.5,"y":3.5},{"x":-2.5,"y":3.5},{"x":-1.5,"y":3.5},{"x":-0.5,"y":3.5},{"x":0.5,"y":3.5},{"x":1.5,"y":3.5},{"x":2.5,"y":3.5},{"x":3.5,"y":3.5}]},{"index":2,"tiles":[{"x":-3,"y":-3.5},{"x":-2,"y":-3.5},{"x":-1,"y":-3.5},{"x":0,"y":-3.5},{"x":1,"y":-3.5},{"x":2,"y":-3.5},{"x":3,"y":-3.5},{"x":0,"y":-2.5},{"x":1,"y":-2.5},{"x":2,"y":-2.5},{"x":3,"y":-2.5},{"x":-3,"y":-1.5},{"x":0,"y":-1.5},{"x":3,"y":-1.5},{"x":-3,"y":-0.5},{"x":-2,"y":-0.5},{"x":-1,"y":-0.5},{"x":0,"y":-0.5},{"x":0,"y":0.5},{"x":1,"y":0.5},{"x":2,"y":0.5},{"x":3,"y":0.5},{"x":-3,"y":1.5},{"x":0,"y":1.5},{"x":3,"y":1.5},{"x":-3,"y":2.5},{"x":-2,"y":2.5},{"x":-1,"y":2.5},{"x":0,"y":2.5},{"x":-3,"y":3.5},{"x":-2,"y":3.5},{"x":-1,"y":3.5},{"x":0,"y":3.5},{"x":1,"y":3.5},{"x":2,"y":3.5},{"x":3,"y":3.5}]},{"index":3,"tiles":[{"x":-3,"y":-1.5},{"x":-3,"y":-0.5},{"x":-2,"y":-0.5},{"x":-1,"y":-0.5},{"x":0,"y":-0.5},{"x":0,"y":0.5},{"x":1,"y":0.5},{"x":2,"y":0.5},{"x":3,"y":0.5},{"x":3,"y":1.5}]},{"index":4,"tiles":[{"x":0,"y":-0.5},{"x":0,"y":0.5}]}],"seeds":["Xhd2jIeNUMcRg6WECzFQoEclglCclyRWHBWBVWNpDId8DTkkxgdepiaC4TcdgQCC3AWJZdCBYlBMU9Z5l/os4leIIZctg6NI2Nco4daFW+gJkwMyjeMRFbM44GMVHBoShohQSvBxh1hFXApa"]},{"layers":[{"index":0,"tiles":[{"x":-1.5,"y":-3.5},{"x":-0.5,"y":-3.5},{"x":0.5,"y":-3.5},{"x":1.5,"y":-3.5},{"x":0,"y":-2.5},{"x":-3.5,"y":-2},{"x":-2.5,"y":-2},{"x":-1.5,"y":-2},{"x":1.5,"y":-2},{"x":2.5,"y":-2},{"x":3.5,"y":-2},{"x":-2.5,"y":-1},{"x":2.5,"y":-1},{"x":0,"y":-0.5},{"x":-3.5,"y":0},{"x":-2.5,"y":0},{"x":-1.5,"y":0},{"x":1.5,"y":0},{"x":2.5,"y":0},{"x":3.5,"y":0},{"x":0,"y":0.5},{"x":-2.5,"y":1},{"x":2.5,"y":1},{"x":-3.5,"y":2},{"x":-2.5,"y":2},{"x":-1.5,"y":2},{"x":1.5,"y":2},{"x":2.5,"y":2},{"x":3.5,"y":2},{"x":0,"y":2.5},{"x":-1.5,"y":3.5},{"x":-0.5,"y":3.5},{"x":0.5,"y":3.5},{"x":1.5,"y":3.5}]},{"index":1,"tiles":[{"x":-1.5,"y":-3.5},{"x":-0.5,"y":-3.5},{"x":0.5,"y":-3.5},{"x":1.5,"y":-3.5},{"x":0,"y":-2.5},{"x":-3.5,"y":-2},{"x":-2.5,"y":-2},{"x":-1.5,"y":-2},{"x":1.5,"y":-2},{"x":2.5,"y":-2},{"x":3.5,"y":-2},{"x":-2.5,"y":-1},{"x":2.5,"y":-1},{"x":-3.5,"y":0},{"x":-2.5,"y":0},{"x":-1.5,"y":0},{"x":0,"y":0},{"x":1.5,"y":0},{"x":2.5,"y":0},{"x":3.5,"y":0},{"x":-2.5,"y":1},{"x":2.5,"y":1},{"x":-3.5,"y":2},{"x":-2.5,"y":2},{"x":-1.5,"y":2},{"x":1.5,"y":2},{"x":2.5,"y":2},{"x":3.5,"y":2},{"x":0,"y":2.5},{"x":-1.5,"y":3.5},{"x":-0.5,"y":3.5},{"x":0.5,"y":3.5},{"x":1.5,"y":3.5}]},{"index":2,"tiles":[{"x":-1,"y":-3.5},{"x":0,"y":-3.5},{"x":1,"y":-3.5},{"x":0,"y":-2.5},{"x":-3,"y":-2},{"x":-2,"y":-2},{"x":2,"y":-2},{"x":3,"y":-2},{"x":-2.5,"y":-1},{"x":2.5,"y":-1},{"x":-3,"y":0},{"x":-2,"y":0},{"x":0,"y":0},{"x":2,"y":0},{"x":3,"y":0},{"x":-2.5,"y":1},{"x":2.5,"y":1},{"x":-3,"y":2},{"x":-2,"y":2},{"x":2,"y":2},{"x":3,"y":2},{"x":0,"y":2.5},{"x":-1,"y":3.5},{"x":0,"y":3.5},{"x":1,"y":3.5}]},{"index":3,"tiles":[{"x":-0.5,"y":-3.5},{"x":0.5,"y":-3.5},{"x":0,"y":-2.5},{"x":-2.5,"y":-1.5},{"x":2.5,"y":-1.5},{"x":-2.5,"y":-0.5},{"x":2.5,"y":-0.5},{"x":-2.5,"y":0.5},{"x":2.5,"y":0.5},{"x":-2.5,"y":1.5},{"x":2.5,"y":1.5},{"x":0,"y":2.5},{"x":-0.5,"y":3.5},{"x":0.5,"y":3.5}]},{"index":4,"tiles":[{"x":0,"y":-3},{"x":-2.5,"y":-1},{"x":2.5,"y":-1},{"x":-2.5,"y":0},{"x":2.5,"y":0},{"x":-2.5,"y":1},{"x":2.5,"y":1},{"x":0,"y":3}]}],"seeds":["UvdJDBOo34IsVnR0mOhAm+hEA8UZXGhkQjAQmOWFGSh+iqB0lRN+ifd8IFGljUJqoKdph8cVxVJOKJcsyEld2cOJmSh+wRU44AYpYRdOTQiCIAeOpgYA"]},{"layers":[{"index":0,"tiles":[{"x":-2.5,"y":-3.5},{"x":-1.5,"y":-3.5},{"x":1.5,"y":-3.5},{"x":2.5,"y":-3.5},{"x":-3.5,"y":-3},{"x":3.5,"y":-3},{"x":-1.5,"y":-2.5},{"x":1.5,"y":-2.5},{"x":-4,"y":-2},{"x":0,"y":-2},{"x":4,"y":-2},{"x":-1.5,"y":-1.5},{"x":1.5,"y":-1.5},{"x":-3.5,"y":-1},{"x":3.5,"y":-1},{"x":-2.5,"y":-0.5},{"x":-1.5,"y":-0.5},{"x":-0.5,"y":-0.5},{"x":0.5,"y":-0.5},{"x":1.5,"y":-0.5},{"x":2.5,"y":-0.5},{"x":-2.5,"y":0.5},{"x":-1.5,"y":0.5},{"x":-0.5,"y":0.5},{"x":0.5,"y":0.5},{"x":1.5,"y":0.5},{"x":2.5,"y":0.5},{"x":-3.5,"y":1},{"x":3.5,"y":1},{"x":-1.5,"y":1.5},{"x":1.5,"y":1.5},{"x":-4,"y":2},{"x":0,"y":2},{"x":4,"y":2},{"x":-1.5,"y":2.5},{"x":1.5,"y":2.5},{"x":-3.5,"y":3},{"x":3.5,"y":3},{"x":-2.5,"y":3.5},{"x":-1.5,"y":3.5},{"x":1.5,"y":3.5},{"x":2.5,"y":3.5}]},{"index":1,"tiles":[{"x":-2.5,"y":-3.5},{"x":-1.5,"y":-3.5},{"x":1.5,"y":-3.5},{"x":2.5,"y":-3.5},{"x":-3.5,"y":-3},{"x":3.5,"y":-3},{"x":-1.5,"y":-2.5},{"x":1.5,"y":-2.5},{"x":-4,"y":-2},{"x":0,"y":-2},{"x":4,"y":-2},{"x":-1.5,"y":-1.5},{"x":1.5,"y":-1.5},{"x":-3.5,"y":-1},{"x":3.5,"y":-1},{"x":-2.5,"y":-0.5},{"x":-1.5,"y":-0.5},{"x":-0.5,"y":-0.5},{"x":0.5,"y":-0.5},{"x":1.5,"y":-0.5},{"x":2.5,"y":-0.5},{"x":-2.5,"y":0.5},{"x":-1.5,"y":0.5},{"x":-0.5,"y":0.5},{"x":0.5,"y":0.5},{"x":1.5,"y":0.5},{"x":2.5,"y":0.5},{"x":-3.5,"y":1},{"x":3.5,"y":1},{"x":-1.5,"y":1.5},{"x":1.5,"y":1.5},{"x":-4,"y":2},{"x":0,"y":2},{"x":4,"y":2},{"x":-1.5,"y":2.5},{"x":1.5,"y":2.5},{"x":-3.5,"y":3},{"x":3.5,"y":3},{"x":-2.5,"y":3.5},{"x":-1.5,"y":3.5},{"x":1.5,"y":3.5},{"x":2.5,"y":3.5}]},{"index":2,"tiles":[{"x":-2.5,"y":-3.5},{"x":-1.5,"y":-3.5},{"x":1.5,"y":-3.5},{"x":2.5,"y":-3.5},{"x":-3.5,"y":-3},{"x":3.5,"y":-3},{"x":-1.5,"y":-2.5},{"x":1.5,"y":-2.5},{"x":-4,"y":-2},{"x":0,"y":-2},{"x":4,"y":-2},{"x":-1.5,"y":-1.5},{"x":1.5,"y":-1.5},{"x":-3.5,"y":-1},{"x":3.5,"y":-1},{"x":-2.5,"y":-0.5},{"x":-1.5,"y":-0.5},{"x":-0.5,"y":-0.5},{"x":0.5,"y":-0.5},{"x":1.5,"y":-0.5},{"x":2.5,"y":-0.5},{"x":-2.5,"y":0.5},{"x":-1.5,"y":0.5},{"x":-0.5,"y":0.5},{"x":0.5,"y":0.5},{"x":1.5,"y":0.5},{"x":2.5,"y":0.5},{"x":-3.5,"y":1},{"x":3.5,"y":1},{"x":-1.5,"y":1.5},{"x":1.5,"y":1.5},{"x":-4,"y":2},{"x":0,"y":2},{"x":4,"y":2},{"x":-1.5,"y":2.5},{"x":1.5,"y":2.5},{"x":-3.5,"y":3},{"x":3.5,"y":3},{"x":-2.5,"y":3.5},{"x":-1.5,"y":3.5},{"x":1.5,"y":3.5},{"x":2.5,"y":3.5}]},{"index":3,"tiles":[{"x":-2,"y":-0.5},{"x":-1,"y":-0.5},{"x":0,"y":-0.5},{"x":1,"y":-0.5},{"x":2,"y":-0.5},{"x":-2,"y":0.5},{"x":-1,"y":0.5},{"x":0,"y":0.5},{"x":1,"y":0.5},{"x":2,"y":0.5}]},{"index":4,"tiles":[{"x":-1.5,"y":0},{"x":-0.5,"y":0},{"x":0.5,"y":0},{"x":1.5,"y":0}]}],"seeds":["hadwyggywddEgjIRRsJdHscdQ3Y42Id+n4dRE/N4SwAuQ9UkoDhJRCg2jadQndGJoReKnsIN3SYuYhaGAlJRTMBB1lmBgvUogqR+EeKAIEgUXThI1TJJHhcyX0dqYkpwYthp1AaZAVhe"]},{"layers":[{"index":0,"tiles":[{"x":-4,"y":-2.5},{"x":-3,"y":-2.5},{"x":-2,"y":-2.5},{"x":-1,"y":-2.5},{"x":0,"y":-2.5},{"x":1,"y":-2.5},{"x":2,"y":-2.5},{"x":3,"y":-2.5},{"x":4,"y":-2.5},{"x":-4,"y":-1.5},{"x":-3,"y":-1.5},{"x":-2,"y":-1.5},{"x":-1,"y":-1.5},{"x":4,"y":-1.5},{"x":-4,"y":-0.5},{"x":-3,"y":-0.5},{"x":-2,"y":-0.5},{"x":-1,"y":-0.5},{"x":4,"y":-0.5},{"x":-4,"y":0.5},{"x":1,"y":0.5},{"x":2,"y":0.5},{"x":3,"y":0.5},{"x":4,"y":0.5},{"x":-4,"y":1.5},{"x":1,"y":1.5},{"x":2,"y":1.5},{"x":3,"y":1.5},{"x":4,"y":1.5},{"x":-4,"y":2.5},{"x":-3,"y":2.5},{"x":-2,"y":2.5},{"x":-1,"y":2.5},{"x":0,"y":2.5},{"x":1,"y":2.5},{"x":2,"y":2.5},{"x":3,"y":2.5},{"x":4,"y":2.5}]},{"index":1,"tiles":[{"x":-4,"y":-2.5},{"x":-3,"y":-2.5},{"x":-2,"y":-2.5},{"x":-1,"y":-2.5},{"x":0,"y":-2.5},{"x":1,"y":-2.5},{"x":2,"y":-2.5},{"x":3,"y":-2.5},{"x":4,"y":-2.5},{"x":-4,"y":-1.5},{"x":-3,"y":-1.5},{"x":-2,"y":-1.5},{"x":-1,"y":-1.5},{"x":4,"y":-1.5},{"x":-4,"y":-0.5},{"x":-3,"y":-0.5},{"x":-2,"y":-0.5},{"x":-1,"y":-0.5},{"x":4,"y":-0.5},{"x":-4,"y":0.5},{"x":1,"y":0.5},{"x":2,"y":0.5},{"x":3,"y":0.5},{"x":4,"y":0.5},{"x":-4,"y":1.5},{"x":1,"y":1.5},{"x":2,"y":1.5},{"x":3,"y":1.5},{"x":4,"y":1.5},{"x":-4,"y":2.5},{"x":-3,"y":2.5},{"x":-2,"y":2.5},{"x":-1,"y":2.5},{"x":0,"y":2.5},{"x":1,"y":2.5},{"x":2,"y":2.5},{"x":3,"y":2.5},{"x":4,"y":2.5}]},{"index":2,"tiles":[{"x":-4,"y":-2.5},{"x":-3,"y":-2.5},{"x":-2,"y":-2.5},{"x":-1,"y":-2.5},{"x":0,"y":-2.5},{"x":1,"y":-2.5},{"x":2,"y":-2.5},{"x":3,"y":-2.5},{"x":4,"y":-2.5},{"x":-4,"y":-1.5},{"x":4,"y":-1.5},{"x":-3,"y":-1},{"x":-2,"y":-1},{"x":-1,"y":-1},{"x":-4,"y":-0.5},{"x":4,"y":-0.5},{"x":-4,"y":0.5},{"x":4,"y":0.5},{"x":1,"y":1},{"x":2,"y":1},{"x":3,"y":1},{"x":-4,"y":1.5},{"x":4,"y":1.5},{"x":-4,"y":2.5},{"x":-3,"y":2.5},{"x":-2,"y":2.5},{"x":-1,"y":2.5},{"x":0,"y":2.5},{"x":1,"y":2.5},{"x":2,"y":2.5},{"x":3,"y":2.5},{"x":4,"y":2.5}]},{"index":3,"tiles":[{"x":-2.5,"y":-2.5},{"x":-1.5,"y":-2.5},{"x":-0.5,"y":-2.5},{"x":0.5,"y":-2.5},{"x":1.5,"y":-2.5},{"x":2.5,"y":-2.5},{"x":-4,"y":-2},{"x":4,"y":-2},{"x":-4,"y":-1},{"x":-2.5,"y":-1},{"x":-1.5,"y":-1},{"x":4,"y":-1},{"x":-4,"y":0},{"x":4,"y":0},{"x":-4,"y":1},{"x":1.5,"y":1},{"x":2.5,"y":1},{"x":4,"y":1},{"x":-4,"y":2},{"x":4,"y":2},{"x":-2.5,"y":2.5},{"x":-1.5,"y":2.5},{"x":-0.5,"y":2.5},{"x":0.5,"y":2.5},{"x":1.5,"y":2.5},{"x":2.5,"y":2.5}]},{"index":4,"tiles":[{"x":-4,"y":-1.5},{"x":4,"y":-1.5},{"x":-2,"y":-1},{"x":-4,"y":-0.5},{"x":4,"y":-0.5},{"x":-4,"y":0.5},{"x":4,"y":0.5},{"x":2,"y":1},{"x":-4,"y":1.5},{"x":4,"y":1.5}]}],"seeds":["m3d+DCVVE9hwzYNS2BVCnFduEIQEWkCCVgVpHxF2RPdh38FJjeBZlqOAIsgVjGh04SBck8hkjKqNy9B8WjdYhZgswtRwUQUqIeJ1jUJ0C/iAWWgeQ5dw3uIYROqJodAp1ERFSyhWYiAuARh+"]},{"layers":[{"index":0,"tiles":[{"x":-1.5,"y":-3.5},{"x":1.5,"y":-3.5},{"x":-2.5,"y":-3},{"x":-0.5,"y":-3},{"x":0.5,"y":-3},{"x":2.5,"y":-3},{"x":-2,"y":-2},{"x":-1,"y":-2},{"x":1,"y":-2},{"x":2,"y":-2},{"x":-2.5,"y":-1},{"x":-1.5,"y":-1},{"x":-0.5,"y":-1},{"x":0.5,"y":-1},{"x":1.5,"y":-1},{"x":2.5,"y":-1},{"x":-2.5,"y":0},{"x":0,"y":0},{"x":2.5,"y":0},{"x":-2.5,"y":1},{"x":-1.5,"y":1},{"x":-0.5,"y":1},{"x":0.5,"y":1},{"x":1.5,"y":1},{"x":2.5,"y":1},{"x":-2.5,"y":2},{"x":0,"y":2},{"x":2.5,"y":2},{"x":-2.5,"y":3},{"x":-1.5,"y":3},{"x":-0.5,"y":3},{"x":0.5,"y":3},{"x":1.5,"y":3},{"x":2.5,"y":3}]},{"index":1,"tiles":[{"x":-1.5,"y":-3.5},{"x":1.5,"y":-3.5},{"x":-2.5,"y":-3},{"x":-0.5,"y":-3},{"x":0.5,"y":-3},{"x":2.5,"y":-3},{"x":-2,"y":-2},{"x":-1,"y":-2},{"x":1,"y":-2},{"x":2,"y":-2},{"x":-2.5,"y":-1},{"x":-1.5,"y":-1},{"x":-0.5,"y":-1},{"x":0.5,"y":-1},{"x":1.5,"y":-1},{"x":2.5,"y":-1},{"x":-2.5,"y":0},{"x":0,"y":0},{"x":2.5,"y":0},{"x":-2.5,"y":1},{"x":-1.5,"y":1},{"x":-0.5,"y":1},{"x":0.5,"y":1},{"x":1.5,"y":1},{"x":2.5,"y":1},{"x":-2.5,"y":2},{"x":0,"y":2},{"x":2.5,"y":2},{"x":-2.5,"y":3},{"x":-1.5,"y":3},{"x":-0.5,"y":3},{"x":0.5,"y":3},{"x":1.5,"y":3},{"x":2.5,"y":3}]},{"index":2,"tiles":[{"x":-1.5,"y":-3.5},{"x":1.5,"y":-3.5},{"x":-2.5,"y":-3},{"x":-0.5,"y":-3},{"x":0.5,"y":-3},{"x":2.5,"y":-3},{"x":-2,"y":-2},{"x":-1,"y":-2},{"x":1,"y":-2},{"x":2,"y":-2},{"x":-2.5,"y":-1},{"x":-1.5,"y":-1},{"x":-0.5,"y":-1},{"x":0.5,"y":-1},{"x":1.5,"y":-1},{"x":2.5,"y":-1},{"x":-2.5,"y":0},{"x":0,"y":0},{"x":2.5,"y":0},{"x":-2.5,"y":1},{"x":-1.5,"y":1},{"x":-0.5,"y":1},{"x":0.5,"y":1},{"x":1.5,"y":1},{"x":2.5,"y":1},{"x":-2.5,"y":2},{"x":0,"y":2},{"x":2.5,"y":2},{"x":-2.5,"y":3},{"x":-1.5,"y":3},{"x":-0.5,"y":3},{"x":0.5,"y":3},{"x":1.5,"y":3},{"x":2.5,"y":3}]},{"index":3,"tiles":[{"x":-1.5,"y":-3.5},{"x":1.5,"y":-3.5},{"x":-2.5,"y":-3},{"x":-0.5,"y":-3},{"x":0.5,"y":-3},{"x":2.5,"y":-3},{"x":-2,"y":-2},{"x":-1,"y":-2},{"x":1,"y":-2},{"x":2,"y":-2},{"x":-2.5,"y":-1},{"x":-1.5,"y":-1},{"x":-0.5,"y":-1},{"x":0.5,"y":-1},{"x":1.5,"y":-1},{"x":2.5,"y":-1},{"x":-2.5,"y":0},{"x":0,"y":0},{"x":2.5,"y":0},{"x":-2.5,"y":1},{"x":-1.5,"y":1},{"x":-0.5,"y":1},{"x":0.5,"y":1},{"x":1.5,"y":1},{"x":2.5,"y":1},{"x":-2.5,"y":2},{"x":0,"y":2},{"x":2.5,"y":2},{"x":-2.5,"y":3},{"x":-1.5,"y":3},{"x":-0.5,"y":3},{"x":0.5,"y":3},{"x":1.5,"y":3},{"x":2.5,"y":3}]}],"seeds":["zjMYBdFE0Il8XIWlYqhwYIKAopg8EigZVwQuhScwyUCJYVCJJZEon9eBXCcITNd0oQNOzJRpVMBRXgeBZrgMmBCK3xGO37dUC8RBAUhlVhceHfoJKhgoncBoW3gNyjZNnuV5ZAVy"]},{"layers":[{"index":0,"tiles":[{"x":0,"y":-3},{"x":-1.5,"y":-2},{"x":-0.5,"y":-2},{"x":0.5,"y":-2},{"x":1.5,"y":-2},{"x":-2,"y":-1},{"x":-0.5,"y":-1},{"x":0.5,"y":-1},{"x":2,"y":-1},{"x":-1,"y":0},{"x":0,"y":0},{"x":1,"y":0},{"x":-2,"y":1},{"x":0,"y":1},{"x":2,"y":1},{"x":-2,"y":2},{"x":-1,"y":2},{"x":1,"y":2},{"x":2,"y":2},{"x":-2,"y":3},{"x":-1,"y":3},{"x":0,"y":3},{"x":1,"y":3},{"x":2,"y":3}]},{"index":1,"tiles":[{"x":0,"y":-3},{"x":-1.5,"y":-2},{"x":-0.5,"y":-2},{"x":0.5,"y":-2},{"x":1.5,"y":-2},{"x":-2,"y":-1},{"x":-0.5,"y":-1},{"x":0.5,"y":-1},{"x":2,"y":-1},{"x":-1,"y":0},{"x":0,"y":0},{"x":1,"y":0},{"x":-2,"y":1},{"x":0,"y":1},{"x":2,"y":1},{"x":-2,"y":2},{"x":-1,"y":2},{"x":1,"y":2},{"x":2,"y":2},{"x":-2,"y":3},{"x":-1,"y":3},{"x":0,"y":3},{"x":1,"y":3},{"x":2,"y":3}]},{"index":2,"tiles":[{"x":0,"y":-3},{"x":-1.5,"y":-2},{"x":-0.5,"y":-2},{"x":0.5,"y":-2},{"x":1.5,"y":-2},{"x":-2,"y":-1},{"x":-0.5,"y":-1},{"x":0.5,"y":-1},{"x":2,"y":-1},{"x":-1,"y":0},{"x":0,"y":0},{"x":1,"y":0},{"x":-2,"y":1},{"x":0,"y":1},{"x":2,"y":1},{"x":-2,"y":2},{"x":-1,"y":2},{"x":1,"y":2},{"x":2,"y":2},{"x":-2,"y":3},{"x":-1,"y":3},{"x":0,"y":3},{"x":1,"y":3},{"x":2,"y":3}]},{"index":3,"tiles":[{"x":0,"y":-3},{"x":-1.5,"y":-2},{"x":-0.5,"y":-2},{"x":0.5,"y":-2},{"x":1.5,"y":-2},{"x":-2,"y":-1},{"x":-0.5,"y":-1},{"x":0.5,"y":-1},{"x":2,"y":-1},{"x":-1,"y":0},{"x":0,"y":0},{"x":1,"y":0},{"x":-2,"y":1},{"x":0,"y":1},{"x":2,"y":1},{"x":-2,"y":2},{"x":-1,"y":2},{"x":1,"y":2},{"x":2,"y":2},{"x":-2,"y":3},{"x":-1,"y":3},{"x":0,"y":3},{"x":1,"y":3},{"x":2,"y":3}]},{"index":4,"tiles":[{"x":0,"y":-3},{"x":-1.5,"y":-2},{"x":-0.5,"y":-2},{"x":0.5,"y":-2},{"x":1.5,"y":-2},{"x":-2,"y":-1},{"x":-0.5,"y":-1},{"x":0.5,"y":-1},{"x":2,"y":-1},{"x":-1,"y":0},{"x":0,"y":0},{"x":1,"y":0},{"x":-2,"y":1},{"x":0,"y":1},{"x":2,"y":1},{"x":-2,"y":2},{"x":-1,"y":2},{"x":1,"y":2},{"x":2,"y":2},{"x":-2,"y":3},{"x":-1,"y":3},{"x":0,"y":3},{"x":1,"y":3},{"x":2,"y":3}]}],"seeds":["2GKAYtiAysQxVBcW3cMJX2CJjNFhEFUWIrdY4QmGiiKFIfRMIHIEoqIIWRBeWths2zcES+c4BDOQHgJSQjKKAkVE4JJJ0ZRcaWeKX8dwqMd5Kjh5XFVpxwcq"]},{"layers":[{"index":0,"tiles":[{"x":-0.5,"y":-4},{"x":0.5,"y":-4},{"x":-1.5,"y":-3},{"x":-0.5,"y":-3},{"x":0.5,"y":-3},{"x":1.5,"y":-3},{"x":-2.5,"y":-2},{"x":-1.5,"y":-2},{"x":1.5,"y":-2},{"x":2.5,"y":-2},{"x":0,"y":-1},{"x":-1,"y":-0.5},{"x":1,"y":-0.5},{"x":-1,"y":0.5},{"x":0,"y":0.5},{"x":1,"y":0.5},{"x":-0.5,"y":1.5},{"x":0.5,"y":1.5},{"x":-1.5,"y":2.5},{"x":-0.5,"y":2.5},{"x":0.5,"y":2.5},{"x":1.5,"y":2.5},{"x":-2.5,"y":3},{"x":2.5,"y":3},{"x":-0.5,"y":3.5},{"x":0.5,"y":3.5}]},{"index":1,"tiles":[{"x":-0.5,"y":-4},{"x":0.5,"y":-4},{"x":-1.5,"y":-3},{"x":-0.5,"y":-3},{"x":0.5,"y":-3},{"x":1.5,"y":-3},{"x":-2.5,"y":-2},{"x":-1.5,"y":-2},{"x":1.5,"y":-2},{"x":2.5,"y":-2},{"x":0,"y":-1},{"x":-1,"y":-0.5},{"x":1,"y":-0.5},{"x":-1,"y":0.5},{"x":0,"y":0.5},{"x":1,"y":0.5},{"x":-0.5,"y":1.5},{"x":0.5,"y":1.5},{"x":-1.5,"y":2.5},{"x":-0.5,"y":2.5},{"x":0.5,"y":2.5},{"x":1.5,"y":2.5},{"x":-2.5,"y":3},{"x":2.5,"y":3},{"x":-0.5,"y":3.5},{"x":0.5,"y":3.5}]},{"index":2,"tiles":[{"x":-0.5,"y":-4},{"x":0.5,"y":-4},{"x":-1.5,"y":-3},{"x":-0.5,"y":-3},{"x":0.5,"y":-3},{"x":1.5,"y":-3},{"x":-2.5,"y":-2},{"x":-1.5,"y":-2},{"x":1.5,"y":-2},{"x":2.5,"y":-2},{"x":0,"y":-1},{"x":-1,"y":-0.5},{"x":1,"y":-0.5},{"x":-1,"y":0.5},{"x":0,"y":0.5},{"x":1,"y":0.5},{"x":-0.5,"y":1.5},{"x":0.5,"y":1.5},{"x":-1.5,"y":2.5},{"x":-0.5,"y":2.5},{"x":0.5,"y":2.5},{"x":1.5,"y":2.5},{"x":-2.5,"y":3},{"x":2.5,"y":3},{"x":-0.5,"y":3.5},{"x":0.5,"y":3.5}]},{"index":3,"tiles":[{"x":0,"y":-4},{"x":-1,"y":-3},{"x":0,"y":-3},{"x":1,"y":-3},{"x":-2,"y":-2},{"x":2,"y":-2},{"x":0,"y":-1},{"x":-1,"y":-0.5},{"x":1,"y":-0.5},{"x":-1,"y":0.5},{"x":0,"y":0.5},{"x":1,"y":0.5},{"x":-0.5,"y":2},{"x":0.5,"y":2},{"x":-1.5,"y":2.5},{"x":1.5,"y":2.5},{"x":-2.5,"y":3},{"x":-0.5,"y":3},{"x":0.5,"y":3},{"x":2.5,"y":3}]},{"index":4,"tiles":[{"x":0,"y":-4},{"x":-1,"y":-3},{"x":0,"y":-3},{"x":1,"y":-3},{"x":-2,"y":-2},{"x":2,"y":-2},{"x":0,"y":-1},{"x":-1,"y":-0.5},{"x":1,"y":-0.5},{"x":-1,"y":0.5},{"x":0,"y":0.5},{"x":1,"y":0.5},{"x":-1.5,"y":2.5},{"x":-0.5,"y":2.5},{"x":0.5,"y":2.5},{"x":1.5,"y":2.5},{"x":-2.5,"y":3},{"x":2.5,"y":3}]}],"seeds":["FBh2aiGNiSAmAtdZnnd039eUSMRlgXNBziaiYGo00cAw0RUoi0h4nfdhYUcGoSk1mogo0xRuUfhhoGZVXNh4ijd11AQGHDhwDwE+D1SBy3lwoCE+olJk"]},{"layers":[{"index":0,"tiles":[{"x":-1,"y":-3},{"x":0,"y":-3},{"x":1,"y":-3},{"x":-2,"y":-2},{"x":0,"y":-2},{"x":2,"y":-2},{"x":-1,"y":-1.5},{"x":1,"y":-1.5},{"x":-3,"y":-1},{"x":-2,"y":-1},{"x":0,"y":-1},{"x":2,"y":-1},{"x":3,"y":-1},{"x":-1,"y":0},{"x":0,"y":0},{"x":1,"y":0},{"x":-3,"y":1},{"x":-2,"y":1},{"x":0,"y":1},{"x":2,"y":1},{"x":3,"y":1},{"x":-1,"y":1.5},{"x":1,"y":1.5},{"x":-2,"y":2},{"x":0,"y":2},{"x":2,"y":2},{"x":-1,"y":3},{"x":0,"y":3},{"x":1,"y":3}]},{"index":1,"tiles":[{"x":-1,"y":-3},{"x":0,"y":-3},{"x":1,"y":-3},{"x":-2,"y":-2},{"x":0,"y":-2},{"x":2,"y":-2},{"x":-1,"y":-1.5},{"x":1,"y":-1.5},{"x":-3,"y":-1},{"x":-2,"y":-1},{"x":0,"y":-1},{"x":2,"y":-1},{"x":3,"y":-1},{"x":-1,"y":0},{"x":0,"y":0},{"x":1,"y":0},{"x":-3,"y":1},{"x":-2,"y":1},{"x":0,"y":1},{"x":2,"y":1},{"x":3,"y":1},{"x":-1,"y":1.5},{"x":1,"y":1.5},{"x":-2,"y":2},{"x":0,"y":2},{"x":2,"y":2},{"x":-1,"y":3},{"x":0,"y":3},{"x":1,"y":3}]},{"index":2,"tiles":[{"x":-1,"y":-3},{"x":0,"y":-3},{"x":1,"y":-3},{"x":-2,"y":-2},{"x":0,"y":-2},{"x":2,"y":-2},{"x":-1,"y":-1.5},{"x":1,"y":-1.5},{"x":-3,"y":-1},{"x":-2,"y":-1},{"x":0,"y":-1},{"x":2,"y":-1},{"x":3,"y":-1},{"x":-1,"y":0},{"x":0,"y":0},{"x":1,"y":0},{"x":-3,"y":1},{"x":-2,"y":1},{"x":0,"y":1},{"x":2,"y":1},{"x":3,"y":1},{"x":-1,"y":1.5},{"x":1,"y":1.5},{"x":-2,"y":2},{"x":0,"y":2},{"x":2,"y":2},{"x":-1,"y":3},{"x":0,"y":3},{"x":1,"y":3}]},{"index":3,"tiles":[{"x":-0.5,"y":-3},{"x":0.5,"y":-3},{"x":-0.5,"y":-1.5},{"x":0.5,"y":-1.5},{"x":-0.5,"y":0},{"x":0.5,"y":0},{"x":-0.5,"y":1.5},{"x":0.5,"y":1.5},{"x":-0.5,"y":3},{"x":0.5,"y":3}]},{"index":4,"tiles":[{"x":0,"y":-3},{"x":0,"y":-1.5},{"x":0,"y":0},{"x":0,"y":1.5},{"x":0,"y":3}]}],"seeds":["ksZAEtQ9BIFdh6GAYKBl6oGh1ABSFeiJIRcW4tZ1keV4W7SEIriMiSF4ySUGohA8U2CVUxd+DEVxSmF+TciRoJil4dl8DvchHId4QwUA"]},{"layers":[{"index":0,"tiles":[{"x":-3.5,"y":-3},{"x":-2.5,"y":-3},{"x":0,"y":-3},{"x":2.5,"y":-3},{"x":3.5,"y":-3},{"x":-3,"y":-2},{"x":0,"y":-2},{"x":3,"y":-2},{"x":-4,"y":-1},{"x":-3,"y":-1},{"x":-2,"y":-1},{"x":0,"y":-1},{"x":2,"y":-1},{"x":3,"y":-1},{"x":4,"y":-1},{"x":-4,"y":0},{"x":-3,"y":0},{"x":-2,"y":0},{"x":-1,"y":0},{"x":0,"y":0},{"x":1,"y":0},{"x":2,"y":0},{"x":3,"y":0},{"x":4,"y":0},{"x":-4,"y":1},{"x":-3,"y":1},{"x":-2,"y":1},{"x":0,"y":1},{"x":2,"y":1},{"x":3,"y":1},{"x":4,"y":1},{"x":-3,"y":2},{"x":0,"y":2},{"x":3,"y":2},{"x":-3.5,"y":3},{"x":-2.5,"y":3},{"x":0,"y":3},{"x":2.5,"y":3},{"x":3.5,"y":3}]},{"index":1,"tiles":[{"x":-3.5,"y":-3},{"x":-2.5,"y":-3},{"x":0,"y":-3},{"x":2.5,"y":-3},{"x":3.5,"y":-3},{"x":-3,"y":-2},{"x":0,"y":-2},{"x":3,"y":-2},{"x":-4,"y":-1},{"x":-3,"y":-1},{"x":-2,"y":-1},{"x":0,"y":-1},{"x":2,"y":-1},{"x":3,"y":-1},{"x":4,"y":-1},{"x":-4,"y":0},{"x":-3,"y":0},{"x":-2,"y":0},{"x":-1,"y":0},{"x":0,"y":0},{"x":1,"y":0},{"x":2,"y":0},{"x":3,"y":0},{"x":4,"y":0},{"x":-4,"y":1},{"x":-3,"y":1},{"x":-2,"y":1},{"x":0,"y":1},{"x":2,"y":1},{"x":3,"y":1},{"x":4,"y":1},{"x":-3,"y":2},{"x":0,"y":2},{"x":3,"y":2},{"x":-3.5,"y":3},{"x":-2.5,"y":3},{"x":0,"y":3},{"x":2.5,"y":3},{"x":3.5,"y":3}]},{"index":2,"tiles":[{"x":-3.5,"y":-3},{"x":-2.5,"y":-3},{"x":2.5,"y":-3},{"x":3.5,"y":-3},{"x":0,"y":-2.5},{"x":-3,"y":-2},{"x":3,"y":-2},{"x":0,"y":-1.5},{"x":-4,"y":-1},{"x":-3,"y":-1},{"x":-2,"y":-1},{"x":2,"y":-1},{"x":3,"y":-1},{"x":4,"y":-1},{"x":0,"y":-0.5},{"x":-4,"y":0},{"x":-3,"y":0},{"x":-2,"y":0},{"x":-1,"y":0},{"x":1,"y":0},{"x":2,"y":0},{"x":3,"y":0},{"x":4,"y":0},{"x":0,"y":0.5},{"x":-4,"y":1},{"x":-3,"y":1},{"x":-2,"y":1},{"x":2,"y":1},{"x":3,"y":1},{"x":4,"y":1},{"x":0,"y":1.5},{"x":-3,"y":2},{"x":3,"y":2},{"x":0,"y":2.5},{"x":-3.5,"y":3},{"x":-2.5,"y":3},{"x":2.5,"y":3},{"x":3.5,"y":3}]},{"index":3,"tiles":[{"x":-3,"y":-3},{"x":3,"y":-3},{"x":-3,"y":-2},{"x":3,"y":-2},{"x":-3.5,"y":-1},{"x":-2.5,"y":-1},{"x":2.5,"y":-1},{"x":3.5,"y":-1},{"x":-3.5,"y":0},{"x":-2.5,"y":0},{"x":2.5,"y":0},{"x":3.5,"y":0},{"x":-3.5,"y":1},{"x":-2.5,"y":1},{"x":2.5,"y":1},{"x":3.5,"y":1},{"x":-3,"y":2},{"x":3,"y":2},{"x":-3,"y":3},{"x":3,"y":3}]},{"index":4,"tiles":[{"x":-3,"y":-2.5},{"x":3,"y":-2.5},{"x":-3,"y":-0.5},{"x":3,"y":-0.5},{"x":-3,"y":0.5},{"x":3,"y":0.5},{"x":-3,"y":2.5},{"x":3,"y":2.5}]}],"seeds":["WncQYdEEX1gKkCc11ddwISaCGKM1IZcM4CCKDDNZz7aAA0MG3WBtXhceoUh5XmQ+l6VMBJhZFBVCXkcY48eh4vKJSZMhlecU4XSJish1Hgh+CNh4HRKCVSRInicolYNMSxCcnPKp4WJwBJUK"]},{"layers":[{"index":0,"tiles":[{"x":-2,"y":-3},{"x":-1,"y":-3},{"x":0,"y":-3},{"x":2,"y":-3},{"x":3,"y":-3},{"x":4,"y":-3},{"x":-2,"y":-2},{"x":0,"y":-2},{"x":2,"y":-2},{"x":4,"y":-2},{"x":-4,"y":-1},{"x":-2,"y":-1},{"x":0,"y":-1},{"x":2,"y":-1},{"x":4,"y":-1},{"x":-4,"y":0},{"x":-2,"y":0},{"x":0,"y":0},{"x":2,"y":0},{"x":4,"y":0},{"x":-4,"y":1},{"x":-2,"y":1},{"x":0,"y":1},{"x":2,"y":1},{"x":4,"y":1},{"x":-4,"y":2},{"x":-2,"y":2},{"x":0,"y":2},{"x":2,"y":2},{"x":-4,"y":3},{"x":-3,"y":3},{"x":-2,"y":3},{"x":0,"y":3},{"x":1,"y":3},{"x":2,"y":3}]},{"index":1,"tiles":[{"x":-2,"y":-3},{"x":-1,"y":-3},{"x":0,"y":-3},{"x":2,"y":-3},{"x":3,"y":-3},{"x":4,"y":-3},{"x":-2,"y":-2},{"x":0,"y":-2},{"x":2,"y":-2},{"x":4,"y":-2},{"x":-4,"y":-1},{"x":-2,"y":-1},{"x":0,"y":-1},{"x":2,"y":-1},{"x":4,"y":-1},{"x":-4,"y":0},{"x":-2,"y":0},{"x":0,"y":0},{"x":2,"y":0},{"x":4,"y":0},{"x":-4,"y":1},{"x":-2,"y":1},{"x":0,"y":1},{"x":2,"y":1},{"x":4,"y":1},{"x":-4,"y":2},{"x":-2,"y":2},{"x":0,"y":2},{"x":2,"y":2},{"x":-4,"y":3},{"x":-3,"y":3},{"x":-2,"y":3},{"x":0,"y":3},{"x":1,"y":3},{"x":2,"y":3}]},{"index":2,"tiles":[{"x":-2,"y":-3},{"x":-1,"y":-3},{"x":0,"y":-3},{"x":2,"y":-3},{"x":3,"y":-3},{"x":4,"y":-3},{"x":-2,"y":-2},{"x":0,"y":-2},{"x":2,"y":-2},{"x":4,"y":-2},{"x":-4,"y":-1},{"x":-2,"y":-1},{"x":0,"y":-1},{"x":2,"y":-1},{"x":4,"y":-1},{"x":-4,"y":0},{"x":-2,"y":0},{"x":0,"y":0},{"x":2,"y":0},{"x":4,"y":0},{"x":-4,"y":1},{"x":-2,"y":1},{"x":0,"y":1},{"x":2,"y":1},{"x":4,"y":1},{"x":-4,"y":2},{"x":-2,"y":2},{"x":0,"y":2},{"x":2,"y":2},{"x":-4,"y":3},{"x":-3,"y":3},{"x":-2,"y":3},{"x":0,"y":3},{"x":1,"y":3},{"x":2,"y":3}]},{"index":3,"tiles":[{"x":-2,"y":-3},{"x":-1,"y":-3},{"x":0,"y":-3},{"x":2,"y":-3},{"x":3,"y":-3},{"x":4,"y":-3},{"x":-2,"y":-2},{"x":0,"y":-2},{"x":2,"y":-2},{"x":4,"y":-2},{"x":-4,"y":-1},{"x":-2,"y":-1},{"x":0,"y":-1},{"x":2,"y":-1},{"x":4,"y":-1},{"x":-4,"y":0},{"x":-2,"y":0},{"x":0,"y":0},{"x":2,"y":0},{"x":4,"y":0},{"x":-4,"y":1},{"x":-2,"y":1},{"x":0,"y":1},{"x":2,"y":1},{"x":4,"y":1},{"x":-4,"y":2},{"x":-2,"y":2},{"x":0,"y":2},{"x":2,"y":2},{"x":-4,"y":3},{"x":-3,"y":3},{"x":-2,"y":3},{"x":0,"y":3},{"x":1,"y":3},{"x":2,"y":3}]}],"seeds":["lXJ5wwmGJNGAAsox3TRpIMd9gTh8FhYmoBKAoPcQpiV6lJiVB8WBTCGGRsAw27WIkXSEC7UkQZdikDc0SAQuVtiAnVQ00/BxTlYZ1ViJhCAWhCJqXSF8IeWFyCeEXbdZk6dyIPc5EPco"]},{"layers":[{"index":0,"tiles":[{"x":0,"y":-4},{"x":-1,"y":-3.5},{"x":1,"y":-3.5},{"x":0,"y":-3},{"x":-0.5,"y":-2},{"x":0.5,"y":-2},{"x":-1,"y":-1},{"x":0,"y":-1},{"x":1,"y":-1},{"x":-2.5,"y":0},{"x":-1.5,"y":0},{"x":-0.5,"y":0},{"x":0.5,"y":0},{"x":1.5,"y":0},{"x":2.5,"y":0},{"x":-1,"y":1},{"x":0,"y":1},{"x":1,"y":1},{"x":-0.5,"y":2},{"x":0.5,"y":2},{"x":0,"y":3},{"x":-1,"y":3.5},{"x":1,"y":3.5},{"x":0,"y":4}]},{"index":1,"tiles":[{"x":0,"y":-4},{"x":-1,"y":-3.5},{"x":1,"y":-3.5},{"x":0,"y":-3},{"x":-0.5,"y":-2},{"x":0.5,"y":-2},{"x":-1,"y":-1},{"x":0,"y":-1},{"x":1,"y":-1},{"x":-2.5,"y":0},{"x":-1.5,"y":0},{"x":-0.5,"y":0},{"x":0.5,"y":0},{"x":1.5,"y":0},{"x":2.5,"y":0},{"x":-1,"y":1},{"x":0,"y":1},{"x":1,"y":1},{"x":-0.5,"y":2},{"x":0.5,"y":2},{"x":0,"y":3},{"x":-1,"y":3.5},{"x":1,"y":3.5},{"x":0,"y":4}]},{"index":2,"tiles":[{"x":0,"y":-4},{"x":-1,"y":-3.5},{"x":1,"y":-3.5},{"x":0,"y":-3},{"x":-0.5,"y":-2},{"x":0.5,"y":-2},{"x":-1,"y":-1},{"x":0,"y":-1},{"x":1,"y":-1},{"x":-2.5,"y":0},{"x":-1.5,"y":0},{"x":-0.5,"y":0},{"x":0.5,"y":0},{"x":1.5,"y":0},{"x":2.5,"y":0},{"x":-1,"y":1},{"x":0,"y":1},{"x":1,"y":1},{"x":-0.5,"y":2},{"x":0.5,"y":2},{"x":0,"y":3},{"x":-1,"y":3.5},{"x":1,"y":3.5},{"x":0,"y":4}]},{"index":3,"tiles":[{"x":0,"y":-4},{"x":-1,"y":-3.5},{"x":1,"y":-3.5},{"x":0,"y":-3},{"x":-0.5,"y":-2},{"x":0.5,"y":-2},{"x":-1,"y":-1},{"x":0,"y":-1},{"x":1,"y":-1},{"x":-2.5,"y":0},{"x":-1.5,"y":0},{"x":-0.5,"y":0},{"x":0.5,"y":0},{"x":1.5,"y":0},{"x":2.5,"y":0},{"x":-1,"y":1},{"x":0,"y":1},{"x":1,"y":1},{"x":-0.5,"y":2},{"x":0.5,"y":2},{"x":0,"y":3},{"x":-1,"y":3.5},{"x":1,"y":3.5},{"x":0,"y":4}]},{"index":4,"tiles":[{"x":-0.5,"y":-3.5},{"x":0.5,"y":-3.5},{"x":0,"y":-2.5},{"x":-0.5,"y":-1.5},{"x":0.5,"y":-1.5},{"x":-1,"y":-0.5},{"x":0,"y":-0.5},{"x":1,"y":-0.5},{"x":-2,"y":0},{"x":2,"y":0},{"x":-1,"y":0.5},{"x":0,"y":0.5},{"x":1,"y":0.5},{"x":-0.5,"y":1.5},{"x":0.5,"y":1.5},{"x":0,"y":2.5},{"x":-0.5,"y":3.5},{"x":0.5,"y":3.5}]}],"seeds":["KBcqIOgR1UlxC6h1XRgFmziA5uRM4gBhXhIwW4BcV+pw31MKXSYGCtWAxtNISqIIHkh9h1epULd8hiiKFsMdGrdMRNRRi5WF2BeCRceRBTIKoTBJIQgA"]},{"layers":[{"index":0,"tiles":[{"x":-1,"y":-3.5},{"x":1,"y":-3.5},{"x":-3,"y":-3},{"x":-2,"y":-3},{"x":2,"y":-3},{"x":3,"y":-3},{"x":-3,"y":-2},{"x":-2,"y":-2},{"x":2,"y":-2},{"x":3,"y":-2},{"x":-0.5,"y":-1.5},{"x":0.5,"y":-1.5},{"x":-4,"y":-1},{"x":-3,"y":-1},{"x":3,"y":-1},{"x":4,"y":-1},{"x":-4,"y":0},{"x":-3,"y":0},{"x":-2,"y":0},{"x":-1,"y":0},{"x":1,"y":0},{"x":2,"y":0},{"x":3,"y":0},{"x":4,"y":0},{"x":-4,"y":1},{"x":-3,"y":1},{"x":3,"y":1},{"x":4,"y":1},{"x":-0.5,"y":1.5},{"x":0.5,"y":1.5},{"x":-3,"y":2},{"x":-2,"y":2},{"x":2,"y":2},{"x":3,"y":2},{"x":-3,"y":3},{"x":-2,"y":3},{"x":2,"y":3},{"x":3,"y":3},{"x":-1,"y":3.5},{"x":1,"y":3.5}]},{"index":1,"tiles":[{"x":-1,"y":-3.5},{"x":1,"y":-3.5},{"x":-3,"y":-3},{"x":-2,"y":-3},{"x":2,"y":-3},{"x":3,"y":-3},{"x":-3,"y":-2},{"x":-2,"y":-2},{"x":2,"y":-2},{"x":3,"y":-2},{"x":0,"y":-1.5},{"x":-4,"y":-1},{"x":-3,"y":-1},{"x":3,"y":-1},{"x":4,"y":-1},{"x":-4,"y":0},{"x":-3,"y":0},{"x":-2,"y":0},{"x":-1,"y":0},{"x":1,"y":0},{"x":2,"y":0},{"x":3,"y":0},{"x":4,"y":0},{"x":-4,"y":1},{"x":-3,"y":1},{"x":3,"y":1},{"x":4,"y":1},{"x":0,"y":1.5},{"x":-3,"y":2},{"x":-2,"y":2},{"x":2,"y":2},{"x":3,"y":2},{"x":-3,"y":3},{"x":-2,"y":3},{"x":2,"y":3},{"x":3,"y":3},{"x":-1,"y":3.5},{"x":1,"y":3.5}]},{"index":2,"tiles":[{"x":-1,"y":-3.5},{"x":1,"y":-3.5},{"x":-3,"y":-3},{"x":-2,"y":-3},{"x":2,"y":-3},{"x":3,"y":-3},{"x":-3,"y":-2},{"x":-2,"y":-2},{"x":2,"y":-2},{"x":3,"y":-2},{"x":-4,"y":-1},{"x":-3,"y":-1},{"x":3,"y":-1},{"x":4,"y":-1},{"x":-4,"y":0},{"x":-3,"y":0},{"x":-2,"y":0},{"x":-1,"y":0},{"x":1,"y":0},{"x":2,"y":0},{"x":3,"y":0},{"x":4,"y":0},{"x":-4,"y":1},{"x":-3,"y":1},{"x":3,"y":1},{"x":4,"y":1},{"x":-3,"y":2},{"x":-2,"y":2},{"x":2,"y":2},{"x":3,"y":2},{"x":-3,"y":3},{"x":-2,"y":3},{"x":2,"y":3},{"x":3,"y":3},{"x":-1,"y":3.5},{"x":1,"y":3.5}]},{"index":3,"tiles":[{"x":-2.5,"y":-3},{"x":2.5,"y":-3},{"x":-2.5,"y":-2},{"x":2.5,"y":-2},{"x":-4,"y":-1},{"x":-3,"y":-1},{"x":3,"y":-1},{"x":4,"y":-1},{"x":-4,"y":0},{"x":-3,"y":0},{"x":-2,"y":0},{"x":-1,"y":0},{"x":1,"y":0},{"x":2,"y":0},{"x":3,"y":0},{"x":4,"y":0},{"x":-4,"y":1},{"x":-3,"y":1},{"x":3,"y":1},{"x":4,"y":1},{"x":-2.5,"y":2},{"x":2.5,"y":2},{"x":-2.5,"y":3},{"x":2.5,"y":3}]},{"index":4,"tiles":[{"x":-2.5,"y":-2.5},{"x":2.5,"y":-2.5},{"x":-2.5,"y":2.5},{"x":2.5,"y":2.5}]}],"seeds":["2QMZxAF2TXOAmiB1BbZ4nAVNjBZaHGoK3BViG5iAm0NFYBWWoVQ5i/IhXRAywpOJIchw4xRWRCcypHCk3nV04BJMoAIq4cmAnceFFydSU+B56hCJnVMZIkN91fIF4vd9StEh4eBUQ3JRgwcA"]},{"layers":[{"index":0,"tiles":[{"x":0,"y":-3.5},{"x":-1,"y":-3},{"x":1,"y":-3},{"x":-2,"y":-2.5},{"x":0,"y":-2.5},{"x":2,"y":-2.5},{"x":-3,"y":-2},{"x":-1,"y":-2},{"x":1,"y":-2},{"x":3,"y":-2},{"x":-2,"y":-1.5},{"x":0,"y":-1.5},{"x":2,"y":-1.5},{"x":-3.5,"y":-1},{"x":3.5,"y":-1},{"x":0,"y":-0.5},{"x":-4,"y":0},{"x":-3,"y":0},{"x":-2,"y":0},{"x":-1,"y":0},{"x":1,"y":0},{"x":2,"y":0},{"x":3,"y":0},{"x":4,"y":0},{"x":0,"y":0.5},{"x":-3.5,"y":1},{"x":3.5,"y":1},{"x":-2,"y":1.5},{"x":0,"y":1.5},{"x":2,"y":1.5},{"x":-3,"y":2},{"x":-1,"y":2},{"x":1,"y":2},{"x":3,"y":2},{"x":-2,"y":2.5},{"x":0,"y":2.5},{"x":2,"y":2.5},{"x":-1,"y":3},{"x":1,"y":3},{"x":0,"y":3.5}]},{"index":1,"tiles":[{"x":-1,"y":-3},{"x":0,"y":-3},{"x":1,"y":-3},{"x":-2,"y":-2.5},{"x":2,"y":-2.5},{"x":-3,"y":-2},{"x":-1,"y":-2},{"x":0,"y":-2},{"x":1,"y":-2},{"x":3,"y":-2},{"x":-2,"y":-1.5},{"x":2,"y":-1.5},{"x":-3.5,"y":-1},{"x":0,"y":-1},{"x":3.5,"y":-1},{"x":-3.5,"y":0},{"x":-2.5,"y":0},{"x":-1.5,"y":0},{"x":-0.5,"y":0},{"x":0.5,"y":0},{"x":1.5,"y":0},{"x":2.5,"y":0},{"x":3.5,"y":0},{"x":-3.5,"y":1},{"x":0,"y":1},{"x":3.5,"y":1},{"x":-2,"y":1.5},{"x":2,"y":1.5},{"x":-3,"y":2},{"x":-1,"y":2},{"x":0,"y":2},{"x":1,"y":2},{"x":3,"y":2},{"x":-2,"y":2.5},{"x":2,"y":2.5},{"x":-1,"y":3},{"x":0,"y":3},{"x":1,"y":3}]},{"index":2,"tiles":[{"x":-1,"y":-3},{"x":1,"y":-3},{"x":-2,"y":-2.5},{"x":0,"y":-2.5},{"x":2,"y":-2.5},{"x":-3,"y":-2},{"x":-1,"y":-2},{"x":1,"y":-2},{"x":3,"y":-2},{"x":-2,"y":-1.5},{"x":0,"y":-1.5},{"x":2,"y":-1.5},{"x":-3.5,"y":-1},{"x":3.5,"y":-1},{"x":0,"y":-0.5},{"x":-3,"y":0},{"x":-2,"y":0},{"x":-1,"y":0},{"x":1,"y":0},{"x":2,"y":0},{"x":3,"y":0},{"x":0,"y":0.5},{"x":-3.5,"y":1},{"x":3.5,"y":1},{"x":-2,"y":1.5},{"x":0,"y":1.5},{"x":2,"y":1.5},{"x":-3,"y":2},{"x":-1,"y":2},{"x":1,"y":2},{"x":3,"y":2},{"x":-2,"y":2.5},{"x":0,"y":2.5},{"x":2,"y":2.5},{"x":-1,"y":3},{"x":1,"y":3}]},{"index":3,"tiles":[{"x":0,"y":-2},{"x":0,"y":-1},{"x":-3,"y":0},{"x":-2,"y":0},{"x":-1,"y":0},{"x":0,"y":0},{"x":1,"y":0},{"x":2,"y":0},{"x":3,"y":0},{"x":0,"y":1},{"x":0,"y":2}]},{"index":4,"tiles":[{"x":0,"y":0}]}],"seeds":["j0J4YtBNpTiIS1hcQ9ogYQgyFmgRnCcqSacpYshQkCFdTBFUoWB80wc6nTBlgRR8Ihl+ZwSaqEodCzZuEeNwC9gsG9UJgndgXoUomeZ1XMhxnwcm1QAOX8dNIAWF1QMA"]},{"layers":[{"index":0,"tiles":[{"x":-1.5,"y":-3.5},{"x":-0.5,"y":-3.5},{"x":0.5,"y":-3.5},{"x":1.5,"y":-3.5},{"x":-2.5,"y":-3},{"x":2.5,"y":-3},{"x":-3.5,"y":-2.5},{"x":3.5,"y":-2.5},{"x":-1.5,"y":-2},{"x":-0.5,"y":-2},{"x":0.5,"y":-2},{"x":1.5,"y":-2},{"x":-2.5,"y":-1.5},{"x":2.5,"y":-1.5},{"x":-3.5,"y":-1},{"x":-1.5,"y":-1},{"x":-0.5,"y":-1},{"x":0.5,"y":-1},{"x":1.5,"y":-1},{"x":3.5,"y":-1},{"x":-2.5,"y":-0.5},{"x":2.5,"y":-0.5},{"x":-3.5,"y":0},{"x":-1.5,"y":0},{"x":1.5,"y":0},{"x":3.5,"y":0},{"x":-2.5,"y":0.5},{"x":2.5,"y":0.5},{"x":-3.5,"y":1},{"x":-1.5,"y":1},{"x":-0.5,"y":1},{"x":0.5,"y":1},{"x":1.5,"y":1},{"x":3.5,"y":1},{"x":-2.5,"y":1.5},{"x":2.5,"y":1.5},{"x":-1.5,"y":2},{"x":-0.5,"y":2},{"x":0.5,"y":2},{"x":1.5,"y":2},{"x":-3.5,"y":2.5},{"x":3.5,"y":2.5},{"x":-2.5,"y":3},{"x":2.5,"y":3},{"x":-1.5,"y":3.5},{"x":-0.5,"y":3.5},{"x":0.5,"y":3.5},{"x":1.5,"y":3.5}]},{"index":1,"tiles":[{"x":-1.5,"y":-3.5},{"x":-0.5,"y":-3.5},{"x":0.5,"y":-3.5},{"x":1.5,"y":-3.5},{"x":-2.5,"y":-3},{"x":2.5,"y":-3},{"x":-3.5,"y":-2.5},{"x":3.5,"y":-2.5},{"x":-1.5,"y":-2},{"x":-0.5,"y":-2},{"x":0.5,"y":-2},{"x":1.5,"y":-2},{"x":-2.5,"y":-1.5},{"x":2.5,"y":-1.5},{"x":-3.5,"y":-1},{"x":-1.5,"y":-1},{"x":-0.5,"y":-1},{"x":0.5,"y":-1},{"x":1.5,"y":-1},{"x":3.5,"y":-1},{"x":-2.5,"y":-0.5},{"x":2.5,"y":-0.5},{"x":-3.5,"y":0},{"x":-1.5,"y":0},{"x":1.5,"y":0},{"x":3.5,"y":0},{"x":-2.5,"y":0.5},{"x":2.5,"y":0.5},{"x":-3.5,"y":1},{"x":-1.5,"y":1},{"x":-0.5,"y":1},{"x":0.5,"y":1},{"x":1.5,"y":1},{"x":3.5,"y":1},{"x":-2.5,"y":1.5},{"x":2.5,"y":1.5},{"x":-1.5,"y":2},{"x":-0.5,"y":2},{"x":0.5,"y":2},{"x":1.5,"y":2},{"x":-3.5,"y":2.5},{"x":3.5,"y":2.5},{"x":-2.5,"y":3},{"x":2.5,"y":3},{"x":-1.5,"y":3.5},{"x":-0.5,"y":3.5},{"x":0.5,"y":3.5},{"x":1.5,"y":3.5}]},{"index":2,"tiles":[{"x":-1,"y":-3.5},{"x":0,"y":-3.5},{"x":1,"y":-3.5},{"x":-1,"y":-1.5},{"x":0,"y":-1.5},{"x":1,"y":-1.5},{"x":-2,"y":-1},{"x":2,"y":-1},{"x":-3,"y":-0.5},{"x":3,"y":-0.5},{"x":-2,"y":0},{"x":2,"y":0},{"x":-3,"y":0.5},{"x":3,"y":0.5},{"x":-2,"y":1},{"x":2,"y":1},{"x":-1,"y":1.5},{"x":0,"y":1.5},{"x":1,"y":1.5},{"x":-1,"y":3.5},{"x":0,"y":3.5},{"x":1,"y":3.5}]},{"index":3,"tiles":[{"x":-0.5,"y":-1.5},{"x":0.5,"y":-1.5},{"x":-2.5,"y":-0.5},{"x":2.5,"y":-0.5},{"x":-2.5,"y":0.5},{"x":2.5,"y":0.5},{"x":-0.5,"y":1.5},{"x":0.5,"y":1.5}]},{"index":4,"tiles":[{"x":0,"y":-1.5},{"x":-2.5,"y":0},{"x":2.5,"y":0},{"x":0,"y":1.5}]}],"seeds":["BMNlRodwYDVNlUVx1KFIFwhaJwhmh1hcUnRhorCElAd64BQU0TMFjreAA6lw3IA55SIwmhd2kAl+6PKBBoFsXxiBBxgpohd8SQeC4cVx1NMEQZiERzeKSheogsdtHaSlQgMA"]},{"layers":[{"index":0,"tiles":[{"x":-0.5,"y":-3},{"x":0.5,"y":-3},{"x":-1.5,"y":-2.5},{"x":1.5,"y":-2.5},{"x":-2.5,"y":-2},{"x":2.5,"y":-2},{"x":-2.5,"y":-1},{"x":2.5,"y":-1},{"x":-2.5,"y":0},{"x":2.5,"y":0},{"x":-1.5,"y":0.5},{"x":-0.5,"y":0.5},{"x":0.5,"y":0.5},{"x":1.5,"y":0.5},{"x":-2.5,"y":1},{"x":2.5,"y":1},{"x":-3.5,"y":2},{"x":-2.5,"y":2},{"x":-1.5,"y":2},{"x":-0.5,"y":2},{"x":0.5,"y":2},{"x":1.5,"y":2},{"x":2.5,"y":2},{"x":3.5,"y":2},{"x":-4,"y":3},{"x":-3,"y":3},{"x":-2,"y":3},{"x":-1,"y":3},{"x":0,"y":3},{"x":1,"y":3},{"x":2,"y":3},{"x":3,"y":3},{"x":4,"y":3}]},{"index":1,"tiles":[{"x":-0.5,"y":-3},{"x":0.5,"y":-3},{"x":-1.5,"y":-2.5},{"x":1.5,"y":-2.5},{"x":-2.5,"y":-2},{"x":2.5,"y":-2},{"x":-2.5,"y":-1},{"x":2.5,"y":-1},{"x":-2.5,"y":0},{"x":2.5,"y":0},{"x":-1.5,"y":0.5},{"x":-0.5,"y":0.5},{"x":0.5,"y":0.5},{"x":1.5,"y":0.5},{"x":-2.5,"y":1},{"x":2.5,"y":1},{"x":-3.5,"y":2},{"x":-2.5,"y":2},{"x":-1.5,"y":2},{"x":-0.5,"y":2},{"x":0.5,"y":2},{"x":1.5,"y":2},{"x":2.5,"y":2},{"x":3.5,"y":2},{"x":-4,"y":3},{"x":-3,"y":3},{"x":-2,"y":3},{"x":-1,"y":3},{"x":0,"y":3},{"x":1,"y":3},{"x":2,"y":3},{"x":3,"y":3},{"x":4,"y":3}]},{"index":2,"tiles":[{"x":-0.5,"y":-3},{"x":0.5,"y":-3},{"x":-1.5,"y":-2.5},{"x":1.5,"y":-2.5},{"x":-2.5,"y":-2},{"x":2.5,"y":-2},{"x":-2.5,"y":-1},{"x":2.5,"y":-1},{"x":-2.5,"y":0},{"x":2.5,"y":0},{"x":-1,"y":0.5},{"x":0,"y":0.5},{"x":1,"y":0.5},{"x":-2.5,"y":1},{"x":2.5,"y":1},{"x":-3.5,"y":2},{"x":-2.5,"y":2},{"x":-1.5,"y":2},{"x":-0.5,"y":2},{"x":0.5,"y":2},{"x":1.5,"y":2},{"x":2.5,"y":2},{"x":3.5,"y":2},{"x":-4,"y":3},{"x":-3,"y":3},{"x":-2,"y":3},{"x":-1,"y":3},{"x":0,"y":3},{"x":1,"y":3},{"x":2,"y":3},{"x":3,"y":3},{"x":4,"y":3}]},{"index":3,"tiles":[{"x":-0.5,"y":-3},{"x":0.5,"y":-3},{"x":-1.5,"y":-2.5},{"x":1.5,"y":-2.5},{"x":-2.5,"y":-2},{"x":2.5,"y":-2},{"x":-2.5,"y":-1},{"x":2.5,"y":-1},{"x":-2.5,"y":0},{"x":2.5,"y":0},{"x":-2.5,"y":1},{"x":2.5,"y":1},{"x":-3.5,"y":2},{"x":-2.5,"y":2},{"x":-1.5,"y":2},{"x":-0.5,"y":2},{"x":0.5,"y":2},{"x":1.5,"y":2},{"x":2.5,"y":2},{"x":3.5,"y":2},{"x":-4,"y":3},{"x":-3,"y":3},{"x":-2,"y":3},{"x":-1,"y":3},{"x":0,"y":3},{"x":1,"y":3},{"x":2,"y":3},{"x":3,"y":3},{"x":4,"y":3}]},{"index":4,"tiles":[{"x":-3.5,"y":2},{"x":-2.5,"y":2},{"x":-1.5,"y":2},{"x":-0.5,"y":2},{"x":0.5,"y":2},{"x":1.5,"y":2},{"x":2.5,"y":2},{"x":3.5,"y":2},{"x":-4,"y":3},{"x":-3,"y":3},{"x":-2,"y":3},{"x":-1,"y":3},{"x":0,"y":3},{"x":1,"y":3},{"x":2,"y":3},{"x":3,"y":3},{"x":4,"y":3}]}],"seeds":["zdiExMM1IJeIYAIqkgiKlIchX3qARpQ5YDeAAxkVRMUoUvAJk8NBglUZZlh54Ud9RBcslrp907aE4LeEXAeGoFiGV1AhIsYtqMJZjTB5ocB0nQeeT8ERlyUIw1BonhZkB0QxCtVxogcWzCSK"]}]]],0,0,[],[],[]]
