[1,0,0,[["cc.JsonAsset",["_name","json"],1]],[[0,0,1,3]],[[0,"level_002731-30",[{"layers":[{"index":0,"tiles":[{"x":3,"y":-8.5},{"x":4,"y":-8.5},{"x":5,"y":-8.5},{"x":6,"y":-8.5},{"x":7,"y":-8.5},{"x":8,"y":-8.5},{"x":3.5,"y":-7.5},{"x":4.5,"y":-7.5},{"x":6.5,"y":-7.5},{"x":7.5,"y":-7.5},{"x":2.5,"y":-6.5},{"x":3.5,"y":-6.5},{"x":4.5,"y":-6.5},{"x":5.5,"y":-6.5},{"x":6.5,"y":-6.5},{"x":7.5,"y":-6.5},{"x":8.5,"y":-6.5},{"x":2.5,"y":-5.5},{"x":3.5,"y":-5.5},{"x":4.5,"y":-5.5},{"x":5.5,"y":-5.5},{"x":6.5,"y":-5.5},{"x":7.5,"y":-5.5},{"x":8.5,"y":-5.5},{"x":2.5,"y":-4.5},{"x":3.5,"y":-4.5},{"x":4.5,"y":-4.5},{"x":5.5,"y":-4.5},{"x":6.5,"y":-4.5},{"x":7.5,"y":-4.5},{"x":8.5,"y":-4.5},{"x":2.5,"y":-3.5},{"x":3.5,"y":-3.5},{"x":4.5,"y":-3.5},{"x":5.5,"y":-3.5},{"x":6.5,"y":-3.5},{"x":7.5,"y":-3.5},{"x":8.5,"y":-3.5},{"x":3.5,"y":-2.5},{"x":4.5,"y":-2.5},{"x":6.5,"y":-2.5},{"x":7.5,"y":-2.5},{"x":3,"y":-1.5},{"x":4,"y":-1.5},{"x":5,"y":-1.5},{"x":6,"y":-1.5},{"x":7,"y":-1.5},{"x":8,"y":-1.5}]},{"index":1,"tiles":[{"x":3,"y":-8.5},{"x":4,"y":-8.5},{"x":5,"y":-8.5},{"x":6,"y":-8.5},{"x":7,"y":-8.5},{"x":8,"y":-8.5},{"x":4,"y":-7.5},{"x":7,"y":-7.5},{"x":3,"y":-6.5},{"x":4,"y":-6.5},{"x":5,"y":-6.5},{"x":6,"y":-6.5},{"x":7,"y":-6.5},{"x":8,"y":-6.5},{"x":3,"y":-5.5},{"x":4,"y":-5.5},{"x":5,"y":-5.5},{"x":6,"y":-5.5},{"x":7,"y":-5.5},{"x":8,"y":-5.5},{"x":3,"y":-4.5},{"x":4,"y":-4.5},{"x":5,"y":-4.5},{"x":6,"y":-4.5},{"x":7,"y":-4.5},{"x":8,"y":-4.5},{"x":3,"y":-3.5},{"x":4,"y":-3.5},{"x":5,"y":-3.5},{"x":6,"y":-3.5},{"x":7,"y":-3.5},{"x":8,"y":-3.5},{"x":4,"y":-2.5},{"x":7,"y":-2.5},{"x":3,"y":-1.5},{"x":4,"y":-1.5},{"x":5,"y":-1.5},{"x":6,"y":-1.5},{"x":7,"y":-1.5},{"x":8,"y":-1.5}]},{"index":2,"tiles":[{"x":3,"y":-8.5},{"x":4,"y":-8.5},{"x":5,"y":-8.5},{"x":6,"y":-8.5},{"x":7,"y":-8.5},{"x":8,"y":-8.5},{"x":3.5,"y":-6},{"x":4.5,"y":-6},{"x":5.5,"y":-6},{"x":6.5,"y":-6},{"x":7.5,"y":-6},{"x":3.5,"y":-5},{"x":4.5,"y":-5},{"x":5.5,"y":-5},{"x":6.5,"y":-5},{"x":7.5,"y":-5},{"x":3.5,"y":-4},{"x":4.5,"y":-4},{"x":5.5,"y":-4},{"x":6.5,"y":-4},{"x":7.5,"y":-4},{"x":3,"y":-1.5},{"x":4,"y":-1.5},{"x":5,"y":-1.5},{"x":6,"y":-1.5},{"x":7,"y":-1.5},{"x":8,"y":-1.5}]},{"index":3,"tiles":[{"x":4,"y":-5.5},{"x":5,"y":-5.5},{"x":6,"y":-5.5},{"x":7,"y":-5.5},{"x":4,"y":-4.5},{"x":5,"y":-4.5},{"x":6,"y":-4.5},{"x":7,"y":-4.5}]},{"index":4,"tiles":[{"x":4.5,"y":-5},{"x":5.5,"y":-5},{"x":6.5,"y":-5}]}],"seeds":["YpdtXZEQSzh86jGJSLhFVCg94oN1U0KBnqhRggRdyKaBXRUtTtg54KR83ER6kNedImN4CxN+4KCIDbZQgQVGirVxQRB+ZToentkJoJFNmaA0XJdxARhxU8URxYV6oAAA"]},{"layers":[{"index":0,"tiles":[{"x":4,"y":-8.5},{"x":7,"y":-8.5},{"x":4,"y":-7.5},{"x":7,"y":-7.5},{"x":5,"y":-7},{"x":6,"y":-7},{"x":5,"y":-6},{"x":6,"y":-6},{"x":3,"y":-5.5},{"x":4,"y":-5.5},{"x":7,"y":-5.5},{"x":8,"y":-5.5},{"x":5,"y":-5},{"x":6,"y":-5},{"x":3,"y":-4},{"x":4,"y":-4},{"x":7,"y":-4},{"x":8,"y":-4},{"x":5,"y":-3.5},{"x":6,"y":-3.5},{"x":3.5,"y":-2.5},{"x":5,"y":-2.5},{"x":6,"y":-2.5},{"x":7.5,"y":-2.5},{"x":4.5,"y":-1.5},{"x":6.5,"y":-1.5}]},{"index":1,"tiles":[{"x":4,"y":-8.5},{"x":7,"y":-8.5},{"x":4,"y":-7.5},{"x":7,"y":-7.5},{"x":5,"y":-7},{"x":6,"y":-7},{"x":5,"y":-6},{"x":6,"y":-6},{"x":3,"y":-5.5},{"x":4,"y":-5.5},{"x":7,"y":-5.5},{"x":8,"y":-5.5},{"x":5,"y":-5},{"x":6,"y":-5},{"x":3,"y":-4},{"x":4,"y":-4},{"x":7,"y":-4},{"x":8,"y":-4},{"x":5,"y":-3.5},{"x":6,"y":-3.5},{"x":3.5,"y":-2.5},{"x":5,"y":-2.5},{"x":6,"y":-2.5},{"x":7.5,"y":-2.5},{"x":4.5,"y":-1.5},{"x":6.5,"y":-1.5}]},{"index":2,"tiles":[{"x":4,"y":-8.5},{"x":7,"y":-8.5},{"x":4,"y":-7.5},{"x":7,"y":-7.5},{"x":5,"y":-7},{"x":6,"y":-7},{"x":5,"y":-6},{"x":6,"y":-6},{"x":3,"y":-5.5},{"x":4,"y":-5.5},{"x":7,"y":-5.5},{"x":8,"y":-5.5},{"x":5,"y":-5},{"x":6,"y":-5},{"x":3,"y":-4},{"x":4,"y":-4},{"x":7,"y":-4},{"x":8,"y":-4},{"x":5,"y":-3.5},{"x":6,"y":-3.5},{"x":3.5,"y":-2.5},{"x":5,"y":-2.5},{"x":6,"y":-2.5},{"x":7.5,"y":-2.5},{"x":4.5,"y":-1.5},{"x":6.5,"y":-1.5}]},{"index":3,"tiles":[{"x":4,"y":-8.5},{"x":7,"y":-8.5},{"x":4,"y":-7.5},{"x":7,"y":-7.5},{"x":5,"y":-7},{"x":6,"y":-7},{"x":5,"y":-6},{"x":6,"y":-6},{"x":3,"y":-5.5},{"x":4,"y":-5.5},{"x":7,"y":-5.5},{"x":8,"y":-5.5},{"x":5,"y":-5},{"x":6,"y":-5},{"x":3,"y":-4},{"x":4,"y":-4},{"x":7,"y":-4},{"x":8,"y":-4},{"x":5,"y":-3.5},{"x":6,"y":-3.5},{"x":3.5,"y":-2.5},{"x":5,"y":-2.5},{"x":6,"y":-2.5},{"x":7.5,"y":-2.5},{"x":4.5,"y":-1.5},{"x":6.5,"y":-1.5}]}],"seeds":["xqEUk9eBR5SIX0CUIRYkRrBMFcqJXvKFkal9I/cJiBNCjaZsHvWEIEhtlrhwIimG4DBghJBVXBdYXFicXSc6HqQy4MVIkoJk15NwTaqA"]},{"layers":[{"index":0,"tiles":[{"x":3.5,"y":-8},{"x":7.5,"y":-8},{"x":2.5,"y":-7.5},{"x":4.5,"y":-7.5},{"x":6.5,"y":-7.5},{"x":8.5,"y":-7.5},{"x":3.5,"y":-6.5},{"x":7.5,"y":-6.5},{"x":4.5,"y":-6},{"x":6.5,"y":-6},{"x":2.5,"y":-5.5},{"x":8.5,"y":-5.5},{"x":3,"y":-4.5},{"x":8,"y":-4.5},{"x":4,"y":-4},{"x":7,"y":-4},{"x":2.5,"y":-3},{"x":4,"y":-3},{"x":5,"y":-3},{"x":6,"y":-3},{"x":7,"y":-3},{"x":8.5,"y":-3},{"x":3.5,"y":-2},{"x":7.5,"y":-2}]},{"index":1,"tiles":[{"x":3.5,"y":-8},{"x":7.5,"y":-8},{"x":2.5,"y":-7.5},{"x":4.5,"y":-7.5},{"x":6.5,"y":-7.5},{"x":8.5,"y":-7.5},{"x":3.5,"y":-6.5},{"x":7.5,"y":-6.5},{"x":4.5,"y":-6},{"x":6.5,"y":-6},{"x":2.5,"y":-5.5},{"x":8.5,"y":-5.5},{"x":3,"y":-4.5},{"x":8,"y":-4.5},{"x":4,"y":-4},{"x":7,"y":-4},{"x":2.5,"y":-3},{"x":4,"y":-3},{"x":5,"y":-3},{"x":6,"y":-3},{"x":7,"y":-3},{"x":8.5,"y":-3},{"x":3.5,"y":-2},{"x":7.5,"y":-2}]},{"index":2,"tiles":[{"x":3.5,"y":-8},{"x":7.5,"y":-8},{"x":2.5,"y":-7.5},{"x":4.5,"y":-7.5},{"x":6.5,"y":-7.5},{"x":8.5,"y":-7.5},{"x":3.5,"y":-6.5},{"x":7.5,"y":-6.5},{"x":4.5,"y":-6},{"x":6.5,"y":-6},{"x":2.5,"y":-5.5},{"x":8.5,"y":-5.5},{"x":3,"y":-4.5},{"x":8,"y":-4.5},{"x":4,"y":-4},{"x":7,"y":-4},{"x":2.5,"y":-3},{"x":4,"y":-3},{"x":5,"y":-3},{"x":6,"y":-3},{"x":7,"y":-3},{"x":8.5,"y":-3},{"x":3.5,"y":-2},{"x":7.5,"y":-2}]},{"index":3,"tiles":[{"x":3.5,"y":-8},{"x":7.5,"y":-8},{"x":2.5,"y":-7.5},{"x":4.5,"y":-7.5},{"x":6.5,"y":-7.5},{"x":8.5,"y":-7.5},{"x":3.5,"y":-6.5},{"x":7.5,"y":-6.5},{"x":4.5,"y":-6},{"x":6.5,"y":-6},{"x":2.5,"y":-5.5},{"x":8.5,"y":-5.5},{"x":3,"y":-4.5},{"x":8,"y":-4.5},{"x":4,"y":-4},{"x":7,"y":-4},{"x":2.5,"y":-3},{"x":4,"y":-3},{"x":5,"y":-3},{"x":6,"y":-3},{"x":7,"y":-3},{"x":8.5,"y":-3},{"x":3.5,"y":-2},{"x":7.5,"y":-2}]}],"seeds":["ncNJIPGEXjRNnVMIJtgRCGWcDPJxZagkY4N2WKJSmZcZH1iFigdZ1EF+BwhGwxcGUBpKYsGAYuVpmLaJjbUE13CF1CI+HLcJ"]},{"layers":[{"index":0,"tiles":[{"x":3,"y":-8.5},{"x":8.5,"y":-8.5},{"x":5,"y":-7.5},{"x":6,"y":-7.5},{"x":3.5,"y":-6.5},{"x":4.5,"y":-6.5},{"x":6.5,"y":-6.5},{"x":7.5,"y":-6.5},{"x":2.5,"y":-5.5},{"x":3.5,"y":-5.5},{"x":7.5,"y":-5.5},{"x":8.5,"y":-5.5},{"x":2.5,"y":-4.5},{"x":3.5,"y":-4.5},{"x":7.5,"y":-4.5},{"x":8.5,"y":-4.5},{"x":3.5,"y":-3.5},{"x":4.5,"y":-3.5},{"x":6.5,"y":-3.5},{"x":7.5,"y":-3.5},{"x":5,"y":-2.5},{"x":6,"y":-2.5},{"x":3,"y":-1.5},{"x":8,"y":-1.5}]},{"index":1,"tiles":[{"x":3,"y":-8.5},{"x":8.5,"y":-8.5},{"x":5,"y":-7.5},{"x":6,"y":-7.5},{"x":3.5,"y":-6.5},{"x":4.5,"y":-6.5},{"x":6.5,"y":-6.5},{"x":7.5,"y":-6.5},{"x":2.5,"y":-5.5},{"x":3.5,"y":-5.5},{"x":7.5,"y":-5.5},{"x":8.5,"y":-5.5},{"x":2.5,"y":-4.5},{"x":3.5,"y":-4.5},{"x":7.5,"y":-4.5},{"x":8.5,"y":-4.5},{"x":3.5,"y":-3.5},{"x":4.5,"y":-3.5},{"x":6.5,"y":-3.5},{"x":7.5,"y":-3.5},{"x":5,"y":-2.5},{"x":6,"y":-2.5},{"x":3,"y":-1.5},{"x":8,"y":-1.5}]},{"index":2,"tiles":[{"x":3,"y":-8.5},{"x":8.5,"y":-8.5},{"x":5,"y":-7.5},{"x":6,"y":-7.5},{"x":3.5,"y":-6.5},{"x":4.5,"y":-6.5},{"x":6.5,"y":-6.5},{"x":7.5,"y":-6.5},{"x":2.5,"y":-5.5},{"x":3.5,"y":-5.5},{"x":7.5,"y":-5.5},{"x":8.5,"y":-5.5},{"x":2.5,"y":-4.5},{"x":3.5,"y":-4.5},{"x":7.5,"y":-4.5},{"x":8.5,"y":-4.5},{"x":3.5,"y":-3.5},{"x":4.5,"y":-3.5},{"x":6.5,"y":-3.5},{"x":7.5,"y":-3.5},{"x":5,"y":-2.5},{"x":6,"y":-2.5},{"x":3,"y":-1.5},{"x":8,"y":-1.5}]},{"index":3,"tiles":[{"x":3,"y":-8.5},{"x":8.5,"y":-8.5},{"x":5,"y":-7.5},{"x":6,"y":-7.5},{"x":3.5,"y":-6.5},{"x":4.5,"y":-6.5},{"x":6.5,"y":-6.5},{"x":7.5,"y":-6.5},{"x":2.5,"y":-5.5},{"x":3.5,"y":-5.5},{"x":7.5,"y":-5.5},{"x":8.5,"y":-5.5},{"x":2.5,"y":-4.5},{"x":3.5,"y":-4.5},{"x":7.5,"y":-4.5},{"x":8.5,"y":-4.5},{"x":3.5,"y":-3.5},{"x":4.5,"y":-3.5},{"x":6.5,"y":-3.5},{"x":7.5,"y":-3.5},{"x":5,"y":-2.5},{"x":6,"y":-2.5},{"x":3,"y":-1.5},{"x":8,"y":-1.5}]}],"seeds":["FPqJwvU1k+hB4eQ1oGQuoBV0W+dEoBIeTwJWpRMQYdVdUjR8oQJxqaiFIOghSBIyzCgaArd5RoGpWWFxGUc8HEYeHTVo38kt"]},{"layers":[{"index":0,"tiles":[{"x":5,"y":-8.5},{"x":6,"y":-8.5},{"x":5,"y":-7.5},{"x":6,"y":-7.5},{"x":4,"y":-6.5},{"x":5,"y":-6.5},{"x":6,"y":-6.5},{"x":7,"y":-6.5},{"x":2.5,"y":-5.5},{"x":4,"y":-5.5},{"x":6,"y":-5.5},{"x":7,"y":-5.5},{"x":8.5,"y":-5.5},{"x":2.5,"y":-4.5},{"x":4,"y":-4.5},{"x":5,"y":-4.5},{"x":7,"y":-4.5},{"x":8.5,"y":-4.5},{"x":4,"y":-3.5},{"x":5,"y":-3.5},{"x":6,"y":-3.5},{"x":7,"y":-3.5},{"x":5,"y":-2.5},{"x":6,"y":-2.5},{"x":5,"y":-1.5},{"x":6,"y":-1.5}]},{"index":1,"tiles":[{"x":5,"y":-8.5},{"x":6,"y":-8.5},{"x":5,"y":-7.5},{"x":6,"y":-7.5},{"x":4,"y":-6.5},{"x":5,"y":-6.5},{"x":6,"y":-6.5},{"x":7,"y":-6.5},{"x":2.5,"y":-5.5},{"x":4,"y":-5.5},{"x":6,"y":-5.5},{"x":7,"y":-5.5},{"x":8.5,"y":-5.5},{"x":2.5,"y":-4.5},{"x":4,"y":-4.5},{"x":5,"y":-4.5},{"x":7,"y":-4.5},{"x":8.5,"y":-4.5},{"x":4,"y":-3.5},{"x":5,"y":-3.5},{"x":6,"y":-3.5},{"x":7,"y":-3.5},{"x":5,"y":-2.5},{"x":6,"y":-2.5},{"x":5,"y":-1.5},{"x":6,"y":-1.5}]},{"index":2,"tiles":[{"x":5,"y":-8.5},{"x":6,"y":-8.5},{"x":5,"y":-7.5},{"x":6,"y":-7.5},{"x":4,"y":-6.5},{"x":5,"y":-6.5},{"x":6,"y":-6.5},{"x":7,"y":-6.5},{"x":2.5,"y":-5.5},{"x":4,"y":-5.5},{"x":6,"y":-5.5},{"x":7,"y":-5.5},{"x":8.5,"y":-5.5},{"x":2.5,"y":-4.5},{"x":4,"y":-4.5},{"x":5,"y":-4.5},{"x":7,"y":-4.5},{"x":8.5,"y":-4.5},{"x":4,"y":-3.5},{"x":5,"y":-3.5},{"x":6,"y":-3.5},{"x":7,"y":-3.5},{"x":5,"y":-2.5},{"x":6,"y":-2.5},{"x":5,"y":-1.5},{"x":6,"y":-1.5}]},{"index":3,"tiles":[{"x":5,"y":-8.5},{"x":6,"y":-8.5},{"x":5,"y":-7.5},{"x":6,"y":-7.5},{"x":4,"y":-6.5},{"x":5,"y":-6.5},{"x":6,"y":-6.5},{"x":7,"y":-6.5},{"x":2.5,"y":-5.5},{"x":4,"y":-5.5},{"x":6,"y":-5.5},{"x":7,"y":-5.5},{"x":8.5,"y":-5.5},{"x":2.5,"y":-4.5},{"x":4,"y":-4.5},{"x":5,"y":-4.5},{"x":7,"y":-4.5},{"x":8.5,"y":-4.5},{"x":4,"y":-3.5},{"x":5,"y":-3.5},{"x":6,"y":-3.5},{"x":7,"y":-3.5},{"x":5,"y":-2.5},{"x":6,"y":-2.5},{"x":5,"y":-1.5},{"x":6,"y":-1.5}]}],"seeds":["xoSFaOgVSnMqYAh2iNgsBoNMG6lQIeIU34Uk2/OpS6RIleCBECRqX2ZlAUdpQcdUAhGaoaeU33McnBSKoghiqQcOg0I4IdeNUQdeopVw"]},{"layers":[{"index":0,"tiles":[{"x":2.5,"y":-8.5},{"x":5.5,"y":-8.5},{"x":8.5,"y":-8.5},{"x":4.5,"y":-8},{"x":6.5,"y":-8},{"x":2.5,"y":-7.5},{"x":3.5,"y":-7.5},{"x":7.5,"y":-7.5},{"x":8.5,"y":-7.5},{"x":4.5,"y":-7},{"x":6.5,"y":-7},{"x":3,"y":-6.5},{"x":5.5,"y":-6.5},{"x":8,"y":-6.5},{"x":2.5,"y":-5.5},{"x":4,"y":-5.5},{"x":5.5,"y":-5.5},{"x":7,"y":-5.5},{"x":8.5,"y":-5.5},{"x":2.5,"y":-4.5},{"x":4,"y":-4.5},{"x":7,"y":-4.5},{"x":8.5,"y":-4.5},{"x":5.5,"y":-4},{"x":3,"y":-3.5},{"x":8,"y":-3.5},{"x":4.5,"y":-3},{"x":5.5,"y":-3},{"x":6.5,"y":-3},{"x":2.5,"y":-2.5},{"x":3.5,"y":-2.5},{"x":7.5,"y":-2.5},{"x":8.5,"y":-2.5},{"x":4.5,"y":-2},{"x":6.5,"y":-2},{"x":2.5,"y":-1.5},{"x":5.5,"y":-1.5},{"x":8.5,"y":-1.5}]},{"index":1,"tiles":[{"x":2.5,"y":-8.5},{"x":5.5,"y":-8.5},{"x":8.5,"y":-8.5},{"x":4.5,"y":-8},{"x":6.5,"y":-8},{"x":2.5,"y":-7.5},{"x":3.5,"y":-7.5},{"x":7.5,"y":-7.5},{"x":8.5,"y":-7.5},{"x":4.5,"y":-7},{"x":6.5,"y":-7},{"x":3,"y":-6.5},{"x":5.5,"y":-6.5},{"x":8,"y":-6.5},{"x":2.5,"y":-5.5},{"x":4,"y":-5.5},{"x":5.5,"y":-5.5},{"x":7,"y":-5.5},{"x":8.5,"y":-5.5},{"x":2.5,"y":-4.5},{"x":4,"y":-4.5},{"x":7,"y":-4.5},{"x":8.5,"y":-4.5},{"x":5.5,"y":-4},{"x":3,"y":-3.5},{"x":8,"y":-3.5},{"x":4.5,"y":-3},{"x":5.5,"y":-3},{"x":6.5,"y":-3},{"x":2.5,"y":-2.5},{"x":3.5,"y":-2.5},{"x":7.5,"y":-2.5},{"x":8.5,"y":-2.5},{"x":4.5,"y":-2},{"x":6.5,"y":-2},{"x":2.5,"y":-1.5},{"x":5.5,"y":-1.5},{"x":8.5,"y":-1.5}]},{"index":2,"tiles":[{"x":2.5,"y":-8.5},{"x":5.5,"y":-8.5},{"x":8.5,"y":-8.5},{"x":4.5,"y":-8},{"x":6.5,"y":-8},{"x":2.5,"y":-7.5},{"x":3.5,"y":-7.5},{"x":7.5,"y":-7.5},{"x":8.5,"y":-7.5},{"x":4.5,"y":-7},{"x":6.5,"y":-7},{"x":3,"y":-6.5},{"x":5.5,"y":-6.5},{"x":8,"y":-6.5},{"x":2.5,"y":-5.5},{"x":4,"y":-5.5},{"x":5.5,"y":-5.5},{"x":7,"y":-5.5},{"x":8.5,"y":-5.5},{"x":2.5,"y":-4.5},{"x":4,"y":-4.5},{"x":7,"y":-4.5},{"x":8.5,"y":-4.5},{"x":5.5,"y":-4},{"x":3,"y":-3.5},{"x":8,"y":-3.5},{"x":4.5,"y":-3},{"x":5.5,"y":-3},{"x":6.5,"y":-3},{"x":2.5,"y":-2.5},{"x":3.5,"y":-2.5},{"x":7.5,"y":-2.5},{"x":8.5,"y":-2.5},{"x":4.5,"y":-2},{"x":6.5,"y":-2},{"x":2.5,"y":-1.5},{"x":5.5,"y":-1.5},{"x":8.5,"y":-1.5}]}],"seeds":["3REpXVYaIMExChdCS5cMG7hNIAg2GLkYhBUeQ3AZoRMgggdOwRQq41SEIsY535NQnCd2jGd1SnRVFWKKggh2kBoEkiaBn0d1XXB+XPh1WvZ0qNGkBQcA"]},{"layers":[{"index":0,"tiles":[{"x":3,"y":-8.5},{"x":4,"y":-8.5},{"x":5,"y":-8.5},{"x":6,"y":-8.5},{"x":7,"y":-8.5},{"x":8,"y":-8.5},{"x":3.5,"y":-7.5},{"x":5,"y":-7.5},{"x":6,"y":-7.5},{"x":7.5,"y":-7.5},{"x":3,"y":-6.5},{"x":4.5,"y":-6.5},{"x":6.5,"y":-6.5},{"x":8,"y":-6.5},{"x":3,"y":-5.5},{"x":4.5,"y":-5.5},{"x":6.5,"y":-5.5},{"x":8,"y":-5.5},{"x":5,"y":-4.5},{"x":6,"y":-4.5},{"x":4.5,"y":-3.5},{"x":6.5,"y":-3.5},{"x":4.5,"y":-2.5},{"x":6.5,"y":-2.5},{"x":4,"y":-1.5},{"x":5,"y":-1.5},{"x":6,"y":-1.5},{"x":7,"y":-1.5}]},{"index":1,"tiles":[{"x":3,"y":-8.5},{"x":4,"y":-8.5},{"x":5,"y":-8.5},{"x":6,"y":-8.5},{"x":7,"y":-8.5},{"x":8,"y":-8.5},{"x":3.5,"y":-7.5},{"x":5,"y":-7.5},{"x":6,"y":-7.5},{"x":7.5,"y":-7.5},{"x":3,"y":-6.5},{"x":4.5,"y":-6.5},{"x":6.5,"y":-6.5},{"x":8,"y":-6.5},{"x":3,"y":-5.5},{"x":4.5,"y":-5.5},{"x":6.5,"y":-5.5},{"x":8,"y":-5.5},{"x":5,"y":-4.5},{"x":6,"y":-4.5},{"x":4.5,"y":-3.5},{"x":6.5,"y":-3.5},{"x":4.5,"y":-2.5},{"x":6.5,"y":-2.5},{"x":4,"y":-1.5},{"x":5,"y":-1.5},{"x":6,"y":-1.5},{"x":7,"y":-1.5}]},{"index":2,"tiles":[{"x":3,"y":-8.5},{"x":4,"y":-8.5},{"x":5,"y":-8.5},{"x":6,"y":-8.5},{"x":7,"y":-8.5},{"x":8,"y":-8.5},{"x":3.5,"y":-7.5},{"x":5,"y":-7.5},{"x":6,"y":-7.5},{"x":7.5,"y":-7.5},{"x":3,"y":-6.5},{"x":4.5,"y":-6.5},{"x":6.5,"y":-6.5},{"x":8,"y":-6.5},{"x":3,"y":-5.5},{"x":4.5,"y":-5.5},{"x":6.5,"y":-5.5},{"x":8,"y":-5.5},{"x":5,"y":-4.5},{"x":6,"y":-4.5},{"x":4.5,"y":-3.5},{"x":6.5,"y":-3.5},{"x":4.5,"y":-2.5},{"x":6.5,"y":-2.5},{"x":4,"y":-1.5},{"x":5,"y":-1.5},{"x":6,"y":-1.5},{"x":7,"y":-1.5}]},{"index":3,"tiles":[{"x":3,"y":-8.5},{"x":4,"y":-8.5},{"x":5,"y":-8.5},{"x":6,"y":-8.5},{"x":7,"y":-8.5},{"x":8,"y":-8.5},{"x":3.5,"y":-7.5},{"x":5,"y":-7.5},{"x":6,"y":-7.5},{"x":7.5,"y":-7.5},{"x":3,"y":-6.5},{"x":4.5,"y":-6.5},{"x":6.5,"y":-6.5},{"x":8,"y":-6.5},{"x":3,"y":-5.5},{"x":4.5,"y":-5.5},{"x":6.5,"y":-5.5},{"x":8,"y":-5.5},{"x":5,"y":-4.5},{"x":6,"y":-4.5},{"x":4.5,"y":-3.5},{"x":6.5,"y":-3.5},{"x":4.5,"y":-2.5},{"x":6.5,"y":-2.5},{"x":4,"y":-1.5},{"x":5,"y":-1.5},{"x":6,"y":-1.5},{"x":7,"y":-1.5}]}],"seeds":["heNh0Vc64KZJzCAEnRh8jwgannGMAdk1jDV1CDiplTQdxVNtYkAEnOeFEcgFohBmEOR1yhk2CYeIi8ctFViBSUZMHHWFGCV+oAkqVqp9oXihQ8iJ"]},{"layers":[{"index":0,"tiles":[{"x":5,"y":-8.5},{"x":6,"y":-8.5},{"x":3,"y":-8},{"x":4,"y":-8},{"x":7,"y":-8},{"x":8,"y":-8},{"x":5,"y":-7.5},{"x":6,"y":-7.5},{"x":3.5,"y":-7},{"x":7.5,"y":-7},{"x":4.5,"y":-6.5},{"x":6.5,"y":-6.5},{"x":3.5,"y":-5.5},{"x":4.5,"y":-5.5},{"x":6.5,"y":-5.5},{"x":7.5,"y":-5.5},{"x":3.5,"y":-4.5},{"x":4.5,"y":-4.5},{"x":6.5,"y":-4.5},{"x":7.5,"y":-4.5},{"x":4.5,"y":-3.5},{"x":6.5,"y":-3.5},{"x":3.5,"y":-3},{"x":7.5,"y":-3},{"x":5,"y":-2.5},{"x":6,"y":-2.5},{"x":3,"y":-2},{"x":4,"y":-2},{"x":7,"y":-2},{"x":8,"y":-2},{"x":5,"y":-1.5},{"x":6,"y":-1.5}]},{"index":1,"tiles":[{"x":5,"y":-8.5},{"x":6,"y":-8.5},{"x":3,"y":-8},{"x":4,"y":-8},{"x":7,"y":-8},{"x":8,"y":-8},{"x":5,"y":-7.5},{"x":6,"y":-7.5},{"x":3.5,"y":-7},{"x":7.5,"y":-7},{"x":4.5,"y":-6.5},{"x":6.5,"y":-6.5},{"x":3.5,"y":-5.5},{"x":4.5,"y":-5.5},{"x":6.5,"y":-5.5},{"x":7.5,"y":-5.5},{"x":3.5,"y":-4.5},{"x":4.5,"y":-4.5},{"x":6.5,"y":-4.5},{"x":7.5,"y":-4.5},{"x":4.5,"y":-3.5},{"x":6.5,"y":-3.5},{"x":3.5,"y":-3},{"x":7.5,"y":-3},{"x":5,"y":-2.5},{"x":6,"y":-2.5},{"x":3,"y":-2},{"x":4,"y":-2},{"x":7,"y":-2},{"x":8,"y":-2},{"x":5,"y":-1.5},{"x":6,"y":-1.5}]},{"index":2,"tiles":[{"x":5,"y":-8.5},{"x":6,"y":-8.5},{"x":3,"y":-8},{"x":4,"y":-8},{"x":7,"y":-8},{"x":8,"y":-8},{"x":5,"y":-7.5},{"x":6,"y":-7.5},{"x":3.5,"y":-7},{"x":7.5,"y":-7},{"x":4.5,"y":-6.5},{"x":6.5,"y":-6.5},{"x":3.5,"y":-5.5},{"x":4.5,"y":-5.5},{"x":6.5,"y":-5.5},{"x":7.5,"y":-5.5},{"x":3.5,"y":-4.5},{"x":4.5,"y":-4.5},{"x":6.5,"y":-4.5},{"x":7.5,"y":-4.5},{"x":4.5,"y":-3.5},{"x":6.5,"y":-3.5},{"x":3.5,"y":-3},{"x":7.5,"y":-3},{"x":5,"y":-2.5},{"x":6,"y":-2.5},{"x":3,"y":-2},{"x":4,"y":-2},{"x":7,"y":-2},{"x":8,"y":-2},{"x":5,"y":-1.5},{"x":6,"y":-1.5}]}],"seeds":["IRaEjpEyy/eZG5g8oGdp0PcZoSiNkodaYEeBYiReIgJ94ZNlATNVRFd9xxU6ncB1TaEpBRcOCkZG3LR4W0IJ5XCoDcidIOEh"]},{"layers":[{"index":0,"tiles":[{"x":4,"y":-8},{"x":7,"y":-8},{"x":5,"y":-7.5},{"x":6,"y":-7.5},{"x":3,"y":-7},{"x":4,"y":-7},{"x":7,"y":-7},{"x":8,"y":-7},{"x":5,"y":-6.5},{"x":6,"y":-6.5},{"x":4,"y":-5.5},{"x":5,"y":-5.5},{"x":6,"y":-5.5},{"x":7,"y":-5.5},{"x":3,"y":-5},{"x":8,"y":-5},{"x":5,"y":-4.5},{"x":6,"y":-4.5},{"x":2.5,"y":-4},{"x":8.5,"y":-4},{"x":3.5,"y":-3.5},{"x":5,"y":-3.5},{"x":6,"y":-3.5},{"x":7.5,"y":-3.5},{"x":2.5,"y":-3},{"x":8.5,"y":-3},{"x":4,"y":-2.5},{"x":7,"y":-2.5},{"x":2.5,"y":-2},{"x":8.5,"y":-2}]},{"index":1,"tiles":[{"x":4,"y":-8},{"x":7,"y":-8},{"x":5,"y":-7.5},{"x":6,"y":-7.5},{"x":3,"y":-7},{"x":4,"y":-7},{"x":7,"y":-7},{"x":8,"y":-7},{"x":5,"y":-6.5},{"x":6,"y":-6.5},{"x":4,"y":-5.5},{"x":5,"y":-5.5},{"x":6,"y":-5.5},{"x":7,"y":-5.5},{"x":3,"y":-5},{"x":8,"y":-5},{"x":5,"y":-4.5},{"x":6,"y":-4.5},{"x":2.5,"y":-4},{"x":8.5,"y":-4},{"x":3.5,"y":-3.5},{"x":5,"y":-3.5},{"x":6,"y":-3.5},{"x":7.5,"y":-3.5},{"x":2.5,"y":-3},{"x":8.5,"y":-3},{"x":4,"y":-2.5},{"x":7,"y":-2.5},{"x":2.5,"y":-2},{"x":8.5,"y":-2}]},{"index":2,"tiles":[{"x":4,"y":-8},{"x":7,"y":-8},{"x":5,"y":-7.5},{"x":6,"y":-7.5},{"x":3,"y":-7},{"x":4,"y":-7},{"x":7,"y":-7},{"x":8,"y":-7},{"x":5,"y":-6.5},{"x":6,"y":-6.5},{"x":4,"y":-5.5},{"x":5,"y":-5.5},{"x":6,"y":-5.5},{"x":7,"y":-5.5},{"x":3,"y":-5},{"x":8,"y":-5},{"x":5,"y":-4.5},{"x":6,"y":-4.5},{"x":2.5,"y":-4},{"x":8.5,"y":-4},{"x":3.5,"y":-3.5},{"x":5,"y":-3.5},{"x":6,"y":-3.5},{"x":7.5,"y":-3.5},{"x":2.5,"y":-3},{"x":8.5,"y":-3},{"x":4,"y":-2.5},{"x":7,"y":-2.5},{"x":2.5,"y":-2},{"x":8.5,"y":-2}]},{"index":3,"tiles":[{"x":4,"y":-8},{"x":7,"y":-8},{"x":5,"y":-7.5},{"x":6,"y":-7.5},{"x":3,"y":-7},{"x":4,"y":-7},{"x":7,"y":-7},{"x":8,"y":-7},{"x":5,"y":-6.5},{"x":6,"y":-6.5},{"x":4,"y":-5.5},{"x":5,"y":-5.5},{"x":6,"y":-5.5},{"x":7,"y":-5.5},{"x":3,"y":-5},{"x":8,"y":-5},{"x":5,"y":-4.5},{"x":6,"y":-4.5},{"x":2.5,"y":-4},{"x":8.5,"y":-4},{"x":3.5,"y":-3.5},{"x":5,"y":-3.5},{"x":6,"y":-3.5},{"x":7.5,"y":-3.5},{"x":2.5,"y":-3},{"x":8.5,"y":-3},{"x":4,"y":-2.5},{"x":7,"y":-2.5},{"x":2.5,"y":-2},{"x":8.5,"y":-2}]}],"seeds":["oFpKQWCKFEYxH8ZtYCeEVgQRz6gYwkc0XDA9EvKJy1YI01KFFOddHXMoX2ZYISh0A9pNShiKyyGIUMJF3QQ2iOhRpKctHnh2jnINXsZVXgAqClhwSRoKjghq"]},{"layers":[{"index":0,"tiles":[{"x":2.5,"y":-8.5},{"x":3.5,"y":-8.5},{"x":4.5,"y":-8.5},{"x":6.5,"y":-8.5},{"x":7.5,"y":-8.5},{"x":8.5,"y":-8.5},{"x":2.5,"y":-7.5},{"x":5.5,"y":-7.5},{"x":8.5,"y":-7.5},{"x":3.5,"y":-7},{"x":4.5,"y":-7},{"x":6.5,"y":-7},{"x":7.5,"y":-7},{"x":5.5,"y":-6.5},{"x":2.5,"y":-6},{"x":3.5,"y":-6},{"x":7.5,"y":-6},{"x":8.5,"y":-6},{"x":5,"y":-5.5},{"x":6,"y":-5.5},{"x":5,"y":-4.5},{"x":6,"y":-4.5},{"x":2.5,"y":-4},{"x":3.5,"y":-4},{"x":7.5,"y":-4},{"x":8.5,"y":-4},{"x":5.5,"y":-3.5},{"x":3.5,"y":-3},{"x":4.5,"y":-3},{"x":6.5,"y":-3},{"x":7.5,"y":-3},{"x":2.5,"y":-2.5},{"x":5.5,"y":-2.5},{"x":8.5,"y":-2.5},{"x":2.5,"y":-1.5},{"x":3.5,"y":-1.5},{"x":4.5,"y":-1.5},{"x":6.5,"y":-1.5},{"x":7.5,"y":-1.5},{"x":8.5,"y":-1.5}]},{"index":1,"tiles":[{"x":2.5,"y":-8.5},{"x":3.5,"y":-8.5},{"x":4.5,"y":-8.5},{"x":6.5,"y":-8.5},{"x":7.5,"y":-8.5},{"x":8.5,"y":-8.5},{"x":2.5,"y":-7.5},{"x":5.5,"y":-7.5},{"x":8.5,"y":-7.5},{"x":3.5,"y":-7},{"x":4.5,"y":-7},{"x":6.5,"y":-7},{"x":7.5,"y":-7},{"x":5.5,"y":-6.5},{"x":2.5,"y":-6},{"x":3.5,"y":-6},{"x":7.5,"y":-6},{"x":8.5,"y":-6},{"x":5,"y":-5.5},{"x":6,"y":-5.5},{"x":5,"y":-4.5},{"x":6,"y":-4.5},{"x":2.5,"y":-4},{"x":3.5,"y":-4},{"x":7.5,"y":-4},{"x":8.5,"y":-4},{"x":5.5,"y":-3.5},{"x":3.5,"y":-3},{"x":4.5,"y":-3},{"x":6.5,"y":-3},{"x":7.5,"y":-3},{"x":2.5,"y":-2.5},{"x":5.5,"y":-2.5},{"x":8.5,"y":-2.5},{"x":2.5,"y":-1.5},{"x":3.5,"y":-1.5},{"x":4.5,"y":-1.5},{"x":6.5,"y":-1.5},{"x":7.5,"y":-1.5},{"x":8.5,"y":-1.5}]},{"index":2,"tiles":[{"x":2.5,"y":-8.5},{"x":3.5,"y":-8.5},{"x":4.5,"y":-8.5},{"x":6.5,"y":-8.5},{"x":7.5,"y":-8.5},{"x":8.5,"y":-8.5},{"x":2.5,"y":-7.5},{"x":5.5,"y":-7.5},{"x":8.5,"y":-7.5},{"x":3.5,"y":-7},{"x":4.5,"y":-7},{"x":6.5,"y":-7},{"x":7.5,"y":-7},{"x":5.5,"y":-6.5},{"x":2.5,"y":-6},{"x":3.5,"y":-6},{"x":7.5,"y":-6},{"x":8.5,"y":-6},{"x":5,"y":-5.5},{"x":6,"y":-5.5},{"x":5,"y":-4.5},{"x":6,"y":-4.5},{"x":2.5,"y":-4},{"x":3.5,"y":-4},{"x":7.5,"y":-4},{"x":8.5,"y":-4},{"x":5.5,"y":-3.5},{"x":3.5,"y":-3},{"x":4.5,"y":-3},{"x":6.5,"y":-3},{"x":7.5,"y":-3},{"x":2.5,"y":-2.5},{"x":5.5,"y":-2.5},{"x":8.5,"y":-2.5},{"x":2.5,"y":-1.5},{"x":3.5,"y":-1.5},{"x":4.5,"y":-1.5},{"x":6.5,"y":-1.5},{"x":7.5,"y":-1.5},{"x":8.5,"y":-1.5}]}],"seeds":["DrelxBh4E4MM4FKEZRch4NdNGCdCEWd6zTd4A7F4x6VZnoCFYkA+QjJ11KZRRxhK4bdMnaeIosNRV9OF6mIFRpUlwvAYASgyYJiFkFJ1H4dyoCJSICickgIW"]},{"layers":[{"index":0,"tiles":[{"x":2.5,"y":-8.5},{"x":8.5,"y":-8.5},{"x":3.5,"y":-8},{"x":4.5,"y":-8},{"x":6.5,"y":-8},{"x":7.5,"y":-8},{"x":5,"y":-7},{"x":6,"y":-7},{"x":3,"y":-6},{"x":5,"y":-6},{"x":6,"y":-6},{"x":8,"y":-6},{"x":4,"y":-5.5},{"x":7,"y":-5.5},{"x":4,"y":-4.5},{"x":7,"y":-4.5},{"x":3,"y":-4},{"x":5,"y":-4},{"x":6,"y":-4},{"x":8,"y":-4},{"x":5,"y":-3},{"x":6,"y":-3},{"x":3.5,"y":-2},{"x":4.5,"y":-2},{"x":6.5,"y":-2},{"x":7.5,"y":-2},{"x":2.5,"y":-1.5},{"x":8.5,"y":-1.5}]},{"index":1,"tiles":[{"x":2.5,"y":-8.5},{"x":8.5,"y":-8.5},{"x":3.5,"y":-8},{"x":4.5,"y":-8},{"x":6.5,"y":-8},{"x":7.5,"y":-8},{"x":5,"y":-7},{"x":6,"y":-7},{"x":3,"y":-6},{"x":5,"y":-6},{"x":6,"y":-6},{"x":8,"y":-6},{"x":4,"y":-5.5},{"x":7,"y":-5.5},{"x":4,"y":-4.5},{"x":7,"y":-4.5},{"x":3,"y":-4},{"x":5,"y":-4},{"x":6,"y":-4},{"x":8,"y":-4},{"x":5,"y":-3},{"x":6,"y":-3},{"x":3.5,"y":-2},{"x":4.5,"y":-2},{"x":6.5,"y":-2},{"x":7.5,"y":-2},{"x":2.5,"y":-1.5},{"x":8.5,"y":-1.5}]},{"index":2,"tiles":[{"x":2.5,"y":-8.5},{"x":8.5,"y":-8.5},{"x":3.5,"y":-8},{"x":4.5,"y":-8},{"x":6.5,"y":-8},{"x":7.5,"y":-8},{"x":5,"y":-7},{"x":6,"y":-7},{"x":3,"y":-6},{"x":5,"y":-6},{"x":6,"y":-6},{"x":8,"y":-6},{"x":4,"y":-5.5},{"x":7,"y":-5.5},{"x":4,"y":-4.5},{"x":7,"y":-4.5},{"x":3,"y":-4},{"x":5,"y":-4},{"x":6,"y":-4},{"x":8,"y":-4},{"x":5,"y":-3},{"x":6,"y":-3},{"x":3.5,"y":-2},{"x":4.5,"y":-2},{"x":6.5,"y":-2},{"x":7.5,"y":-2},{"x":2.5,"y":-1.5},{"x":8.5,"y":-1.5}]},{"index":3,"tiles":[{"x":2.5,"y":-8.5},{"x":8.5,"y":-8.5},{"x":3.5,"y":-8},{"x":4.5,"y":-8},{"x":6.5,"y":-8},{"x":7.5,"y":-8},{"x":5,"y":-7},{"x":6,"y":-7},{"x":3,"y":-6},{"x":5,"y":-6},{"x":6,"y":-6},{"x":8,"y":-6},{"x":4,"y":-5.5},{"x":7,"y":-5.5},{"x":4,"y":-4.5},{"x":7,"y":-4.5},{"x":3,"y":-4},{"x":5,"y":-4},{"x":6,"y":-4},{"x":8,"y":-4},{"x":5,"y":-3},{"x":6,"y":-3},{"x":3.5,"y":-2},{"x":4.5,"y":-2},{"x":6.5,"y":-2},{"x":7.5,"y":-2},{"x":2.5,"y":-1.5},{"x":8.5,"y":-1.5}]}],"seeds":["A7ggXBdyUZhthugdTHWF3UAaVMc04tSBHNhoY1AGk+dYHIhhyhJ9FqJw2xVRIfaIEGdZ31NIkHZQjnQUTwoe1ZOhgiBhlkWcqhlSSeh5oJQQkfh9"]},{"layers":[{"index":0,"tiles":[{"x":2.5,"y":-8.5},{"x":3.5,"y":-8.5},{"x":4.5,"y":-8.5},{"x":6.5,"y":-8.5},{"x":7.5,"y":-8.5},{"x":8.5,"y":-8.5},{"x":5,"y":-7.5},{"x":6,"y":-7.5},{"x":3,"y":-6.5},{"x":4,"y":-6.5},{"x":5,"y":-6.5},{"x":6,"y":-6.5},{"x":7,"y":-6.5},{"x":8,"y":-6.5},{"x":5,"y":-5.5},{"x":6,"y":-5.5},{"x":2.5,"y":-4.5},{"x":5,"y":-4.5},{"x":6,"y":-4.5},{"x":8.5,"y":-4.5},{"x":3,"y":-3.5},{"x":4,"y":-3.5},{"x":5,"y":-3.5},{"x":6,"y":-3.5},{"x":7,"y":-3.5},{"x":8,"y":-3.5},{"x":5,"y":-2.5},{"x":6,"y":-2.5},{"x":2.5,"y":-1.5},{"x":3.5,"y":-1.5},{"x":4.5,"y":-1.5},{"x":6.5,"y":-1.5},{"x":7.5,"y":-1.5},{"x":8.5,"y":-1.5}]},{"index":1,"tiles":[{"x":2.5,"y":-8.5},{"x":3.5,"y":-8.5},{"x":4.5,"y":-8.5},{"x":6.5,"y":-8.5},{"x":7.5,"y":-8.5},{"x":8.5,"y":-8.5},{"x":5,"y":-7.5},{"x":6,"y":-7.5},{"x":3,"y":-6.5},{"x":4,"y":-6.5},{"x":5,"y":-6.5},{"x":6,"y":-6.5},{"x":7,"y":-6.5},{"x":8,"y":-6.5},{"x":5,"y":-5.5},{"x":6,"y":-5.5},{"x":2.5,"y":-4.5},{"x":5,"y":-4.5},{"x":6,"y":-4.5},{"x":8.5,"y":-4.5},{"x":3,"y":-3.5},{"x":4,"y":-3.5},{"x":5,"y":-3.5},{"x":6,"y":-3.5},{"x":7,"y":-3.5},{"x":8,"y":-3.5},{"x":5,"y":-2.5},{"x":6,"y":-2.5},{"x":2.5,"y":-1.5},{"x":3.5,"y":-1.5},{"x":4.5,"y":-1.5},{"x":6.5,"y":-1.5},{"x":7.5,"y":-1.5},{"x":8.5,"y":-1.5}]},{"index":2,"tiles":[{"x":2.5,"y":-8.5},{"x":3.5,"y":-8.5},{"x":4.5,"y":-8.5},{"x":6.5,"y":-8.5},{"x":7.5,"y":-8.5},{"x":8.5,"y":-8.5},{"x":5,"y":-7.5},{"x":6,"y":-7.5},{"x":3,"y":-6.5},{"x":4,"y":-6.5},{"x":5,"y":-6.5},{"x":6,"y":-6.5},{"x":7,"y":-6.5},{"x":8,"y":-6.5},{"x":5,"y":-5.5},{"x":6,"y":-5.5},{"x":2.5,"y":-4.5},{"x":5,"y":-4.5},{"x":6,"y":-4.5},{"x":8.5,"y":-4.5},{"x":3,"y":-3.5},{"x":4,"y":-3.5},{"x":5,"y":-3.5},{"x":6,"y":-3.5},{"x":7,"y":-3.5},{"x":8,"y":-3.5},{"x":5,"y":-2.5},{"x":6,"y":-2.5},{"x":2.5,"y":-1.5},{"x":3.5,"y":-1.5},{"x":4.5,"y":-1.5},{"x":6.5,"y":-1.5},{"x":7.5,"y":-1.5},{"x":8.5,"y":-1.5}]}],"seeds":["H0ZYWqh1FBMegRBwnoh8XZgxFgNRHWeYTRYmzgByzFdK4VUkjleBEQh2wmN4TYQeBMQ9aSGeiOJx3CCO4SSChaJWxbRJJLZ93MIt4AUA"]},{"layers":[{"index":0,"tiles":[{"x":2.5,"y":-8.5},{"x":3.5,"y":-8.5},{"x":5,"y":-8.5},{"x":6,"y":-8.5},{"x":7.5,"y":-8.5},{"x":8.5,"y":-8.5},{"x":3,"y":-7.5},{"x":5.5,"y":-7.5},{"x":8,"y":-7.5},{"x":3.5,"y":-6.5},{"x":4.5,"y":-6.5},{"x":6.5,"y":-6.5},{"x":7.5,"y":-6.5},{"x":5.5,"y":-6},{"x":2.5,"y":-5.5},{"x":8.5,"y":-5.5},{"x":4.5,"y":-5},{"x":6.5,"y":-5},{"x":2.5,"y":-4.5},{"x":8.5,"y":-4.5},{"x":5.5,"y":-4},{"x":3.5,"y":-3.5},{"x":4.5,"y":-3.5},{"x":6.5,"y":-3.5},{"x":7.5,"y":-3.5},{"x":3,"y":-2.5},{"x":5.5,"y":-2.5},{"x":8,"y":-2.5},{"x":2.5,"y":-1.5},{"x":3.5,"y":-1.5},{"x":5,"y":-1.5},{"x":6,"y":-1.5},{"x":7.5,"y":-1.5},{"x":8.5,"y":-1.5}]},{"index":1,"tiles":[{"x":2.5,"y":-8.5},{"x":3.5,"y":-8.5},{"x":5,"y":-8.5},{"x":6,"y":-8.5},{"x":7.5,"y":-8.5},{"x":8.5,"y":-8.5},{"x":3,"y":-7.5},{"x":5.5,"y":-7.5},{"x":8,"y":-7.5},{"x":3.5,"y":-6.5},{"x":4.5,"y":-6.5},{"x":6.5,"y":-6.5},{"x":7.5,"y":-6.5},{"x":5.5,"y":-6},{"x":2.5,"y":-5.5},{"x":8.5,"y":-5.5},{"x":4.5,"y":-5},{"x":6.5,"y":-5},{"x":2.5,"y":-4.5},{"x":8.5,"y":-4.5},{"x":5.5,"y":-4},{"x":3.5,"y":-3.5},{"x":4.5,"y":-3.5},{"x":6.5,"y":-3.5},{"x":7.5,"y":-3.5},{"x":3,"y":-2.5},{"x":5.5,"y":-2.5},{"x":8,"y":-2.5},{"x":2.5,"y":-1.5},{"x":3.5,"y":-1.5},{"x":5,"y":-1.5},{"x":6,"y":-1.5},{"x":7.5,"y":-1.5},{"x":8.5,"y":-1.5}]},{"index":2,"tiles":[{"x":2.5,"y":-8.5},{"x":3.5,"y":-8.5},{"x":5,"y":-8.5},{"x":6,"y":-8.5},{"x":7.5,"y":-8.5},{"x":8.5,"y":-8.5},{"x":3,"y":-7.5},{"x":5.5,"y":-7.5},{"x":8,"y":-7.5},{"x":3.5,"y":-6.5},{"x":4.5,"y":-6.5},{"x":6.5,"y":-6.5},{"x":7.5,"y":-6.5},{"x":5.5,"y":-6},{"x":2.5,"y":-5.5},{"x":8.5,"y":-5.5},{"x":4.5,"y":-5},{"x":6.5,"y":-5},{"x":2.5,"y":-4.5},{"x":8.5,"y":-4.5},{"x":5.5,"y":-4},{"x":3.5,"y":-3.5},{"x":4.5,"y":-3.5},{"x":6.5,"y":-3.5},{"x":7.5,"y":-3.5},{"x":3,"y":-2.5},{"x":5.5,"y":-2.5},{"x":8,"y":-2.5},{"x":2.5,"y":-1.5},{"x":3.5,"y":-1.5},{"x":5,"y":-1.5},{"x":6,"y":-1.5},{"x":7.5,"y":-1.5},{"x":8.5,"y":-1.5}]}],"seeds":["UWB1B3gVkBM9CsSdIyV2XOphYIWI05R0kqYZWwF+XygGDQd64sNY4eAsYcCFqKoQyyCC5aeYRuIFIdlVSLgpB3cxYCYJVCYKxMd5WAMA"]},{"layers":[{"index":0,"tiles":[{"x":5,"y":-9},{"x":6,"y":-9},{"x":2,"y":-8.5},{"x":3,"y":-8.5},{"x":4,"y":-8.5},{"x":7,"y":-8.5},{"x":8,"y":-8.5},{"x":9,"y":-8.5},{"x":5,"y":-8},{"x":6,"y":-8},{"x":2.5,"y":-7.5},{"x":8.5,"y":-7.5},{"x":3.5,"y":-7},{"x":5,"y":-7},{"x":6,"y":-7},{"x":7.5,"y":-7},{"x":2.5,"y":-6},{"x":3.5,"y":-6},{"x":4.5,"y":-6},{"x":6.5,"y":-6},{"x":7.5,"y":-6},{"x":8.5,"y":-6},{"x":5,"y":-5},{"x":6,"y":-5},{"x":3,"y":-4.5},{"x":7.5,"y":-4.5},{"x":5,"y":-4},{"x":6,"y":-4},{"x":3,"y":-3},{"x":5,"y":-3},{"x":6,"y":-3},{"x":7.5,"y":-3},{"x":2,"y":-2.5},{"x":8.5,"y":-2.5},{"x":3.5,"y":-2},{"x":4.5,"y":-2},{"x":6.5,"y":-2},{"x":7.5,"y":-2},{"x":3.5,"y":-1},{"x":7.5,"y":-1}]},{"index":1,"tiles":[{"x":5,"y":-9},{"x":6,"y":-9},{"x":2,"y":-8.5},{"x":3,"y":-8.5},{"x":4,"y":-8.5},{"x":7,"y":-8.5},{"x":8,"y":-8.5},{"x":9,"y":-8.5},{"x":5,"y":-8},{"x":6,"y":-8},{"x":2.5,"y":-7.5},{"x":8.5,"y":-7.5},{"x":3.5,"y":-7},{"x":5,"y":-7},{"x":6,"y":-7},{"x":7.5,"y":-7},{"x":2.5,"y":-6},{"x":3.5,"y":-6},{"x":4.5,"y":-6},{"x":6.5,"y":-6},{"x":7.5,"y":-6},{"x":8.5,"y":-6},{"x":5,"y":-5},{"x":6,"y":-5},{"x":3,"y":-4.5},{"x":7.5,"y":-4.5},{"x":5,"y":-4},{"x":6,"y":-4},{"x":3,"y":-3},{"x":5,"y":-3},{"x":6,"y":-3},{"x":7.5,"y":-3},{"x":2,"y":-2.5},{"x":8.5,"y":-2.5},{"x":3.5,"y":-2},{"x":4.5,"y":-2},{"x":6.5,"y":-2},{"x":7.5,"y":-2},{"x":3.5,"y":-1},{"x":7.5,"y":-1}]},{"index":2,"tiles":[{"x":5,"y":-9},{"x":6,"y":-9},{"x":2,"y":-8.5},{"x":3,"y":-8.5},{"x":4,"y":-8.5},{"x":7,"y":-8.5},{"x":8,"y":-8.5},{"x":9,"y":-8.5},{"x":5,"y":-8},{"x":6,"y":-8},{"x":2.5,"y":-7.5},{"x":8.5,"y":-7.5},{"x":3.5,"y":-7},{"x":5,"y":-7},{"x":6,"y":-7},{"x":7.5,"y":-7},{"x":2.5,"y":-6},{"x":3.5,"y":-6},{"x":4.5,"y":-6},{"x":6.5,"y":-6},{"x":7.5,"y":-6},{"x":8.5,"y":-6},{"x":5,"y":-5},{"x":6,"y":-5},{"x":3,"y":-4.5},{"x":7.5,"y":-4.5},{"x":5,"y":-4},{"x":6,"y":-4},{"x":3,"y":-3},{"x":5,"y":-3},{"x":6,"y":-3},{"x":7.5,"y":-3},{"x":2,"y":-2.5},{"x":8.5,"y":-2.5},{"x":3.5,"y":-2},{"x":4.5,"y":-2},{"x":6.5,"y":-2},{"x":7.5,"y":-2},{"x":3.5,"y":-1},{"x":7.5,"y":-1}]}],"seeds":["XCQ0FehIkkdUZPeFInNpi6CYCbiEHqRe3OhdT9cxYFd64fBpBfgNYggGFhIlTvZAotN1BiZ6y8UZJ8pRoGcdWYARCuJxDegUUuhJ4MZ9E3VsV8BxYBik4HQt"]},{"layers":[{"index":0,"tiles":[{"x":2,"y":-9},{"x":9,"y":-9},{"x":2,"y":-8},{"x":4.5,"y":-8},{"x":6.5,"y":-8},{"x":9,"y":-8},{"x":5.5,"y":-7.5},{"x":2,"y":-7},{"x":3.5,"y":-7},{"x":7.5,"y":-7},{"x":9,"y":-7},{"x":4.5,"y":-6.5},{"x":6.5,"y":-6.5},{"x":2,"y":-6},{"x":9,"y":-6},{"x":5,"y":-5.5},{"x":6,"y":-5.5},{"x":5,"y":-4.5},{"x":6,"y":-4.5},{"x":2,"y":-4},{"x":9,"y":-4},{"x":4.5,"y":-3.5},{"x":6.5,"y":-3.5},{"x":2,"y":-3},{"x":3.5,"y":-3},{"x":7.5,"y":-3},{"x":9,"y":-3},{"x":5.5,"y":-2.5},{"x":2,"y":-2},{"x":4.5,"y":-2},{"x":6.5,"y":-2},{"x":9,"y":-2},{"x":2,"y":-1},{"x":9,"y":-1}]},{"index":1,"tiles":[{"x":2,"y":-9},{"x":9,"y":-9},{"x":2,"y":-8},{"x":4.5,"y":-8},{"x":6.5,"y":-8},{"x":9,"y":-8},{"x":5.5,"y":-7.5},{"x":2,"y":-7},{"x":3.5,"y":-7},{"x":7.5,"y":-7},{"x":9,"y":-7},{"x":4.5,"y":-6.5},{"x":6.5,"y":-6.5},{"x":2,"y":-6},{"x":9,"y":-6},{"x":5,"y":-5.5},{"x":6,"y":-5.5},{"x":5,"y":-4.5},{"x":6,"y":-4.5},{"x":2,"y":-4},{"x":9,"y":-4},{"x":4.5,"y":-3.5},{"x":6.5,"y":-3.5},{"x":2,"y":-3},{"x":3.5,"y":-3},{"x":7.5,"y":-3},{"x":9,"y":-3},{"x":5.5,"y":-2.5},{"x":2,"y":-2},{"x":4.5,"y":-2},{"x":6.5,"y":-2},{"x":9,"y":-2},{"x":2,"y":-1},{"x":9,"y":-1}]},{"index":2,"tiles":[{"x":2,"y":-9},{"x":9,"y":-9},{"x":2,"y":-8},{"x":4.5,"y":-8},{"x":6.5,"y":-8},{"x":9,"y":-8},{"x":5.5,"y":-7.5},{"x":2,"y":-7},{"x":3.5,"y":-7},{"x":7.5,"y":-7},{"x":9,"y":-7},{"x":4.5,"y":-6.5},{"x":6.5,"y":-6.5},{"x":2,"y":-6},{"x":9,"y":-6},{"x":5,"y":-5.5},{"x":6,"y":-5.5},{"x":5,"y":-4.5},{"x":6,"y":-4.5},{"x":2,"y":-4},{"x":9,"y":-4},{"x":4.5,"y":-3.5},{"x":6.5,"y":-3.5},{"x":2,"y":-3},{"x":3.5,"y":-3},{"x":7.5,"y":-3},{"x":9,"y":-3},{"x":5.5,"y":-2.5},{"x":2,"y":-2},{"x":4.5,"y":-2},{"x":6.5,"y":-2},{"x":9,"y":-2},{"x":2,"y":-1},{"x":9,"y":-1}]}],"seeds":["XNeIHHI93ACKWaEh2EeNCkEInXdFUyhIxjEpXvSIQwNSoQlNVXJ1mHOFIuOAXHgwZAFawWOBTPBNC7Z4IfaBH9OpJaRJaHp62ZNUoQEA"]},{"layers":[{"index":0,"tiles":[{"x":5,"y":-9},{"x":6,"y":-9},{"x":2.5,"y":-8.5},{"x":8.5,"y":-8.5},{"x":5,"y":-8},{"x":6,"y":-8},{"x":2.5,"y":-7.5},{"x":4,"y":-7.5},{"x":7,"y":-7.5},{"x":8.5,"y":-7.5},{"x":2.5,"y":-6.5},{"x":3.5,"y":-6.5},{"x":4.5,"y":-6.5},{"x":6.5,"y":-6.5},{"x":7.5,"y":-6.5},{"x":8.5,"y":-6.5},{"x":2.5,"y":-5.5},{"x":5,"y":-5.5},{"x":6,"y":-5.5},{"x":8.5,"y":-5.5},{"x":4,"y":-5},{"x":7,"y":-5},{"x":5,"y":-4.5},{"x":6,"y":-4.5},{"x":2,"y":-4},{"x":3,"y":-4},{"x":8,"y":-4},{"x":9,"y":-4},{"x":5,"y":-3.5},{"x":6,"y":-3.5},{"x":2.5,"y":-3},{"x":8.5,"y":-3},{"x":5,"y":-2.5},{"x":6,"y":-2.5},{"x":2,"y":-2},{"x":3,"y":-2},{"x":8,"y":-2},{"x":9,"y":-2},{"x":3,"y":-1},{"x":8,"y":-1}]},{"index":1,"tiles":[{"x":5,"y":-9},{"x":6,"y":-9},{"x":2.5,"y":-8.5},{"x":8.5,"y":-8.5},{"x":5,"y":-8},{"x":6,"y":-8},{"x":2.5,"y":-7.5},{"x":4,"y":-7.5},{"x":7,"y":-7.5},{"x":8.5,"y":-7.5},{"x":2.5,"y":-6.5},{"x":3.5,"y":-6.5},{"x":4.5,"y":-6.5},{"x":6.5,"y":-6.5},{"x":7.5,"y":-6.5},{"x":8.5,"y":-6.5},{"x":2.5,"y":-5.5},{"x":5,"y":-5.5},{"x":6,"y":-5.5},{"x":8.5,"y":-5.5},{"x":4,"y":-5},{"x":7,"y":-5},{"x":5,"y":-4.5},{"x":6,"y":-4.5},{"x":2,"y":-4},{"x":3,"y":-4},{"x":8,"y":-4},{"x":9,"y":-4},{"x":5,"y":-3.5},{"x":6,"y":-3.5},{"x":2.5,"y":-3},{"x":8.5,"y":-3},{"x":5,"y":-2.5},{"x":6,"y":-2.5},{"x":2,"y":-2},{"x":3,"y":-2},{"x":8,"y":-2},{"x":9,"y":-2},{"x":3,"y":-1},{"x":8,"y":-1}]},{"index":2,"tiles":[{"x":5,"y":-9},{"x":6,"y":-9},{"x":2.5,"y":-8.5},{"x":8.5,"y":-8.5},{"x":5,"y":-8},{"x":6,"y":-8},{"x":2.5,"y":-7.5},{"x":4,"y":-7.5},{"x":7,"y":-7.5},{"x":8.5,"y":-7.5},{"x":2.5,"y":-6.5},{"x":3.5,"y":-6.5},{"x":4.5,"y":-6.5},{"x":6.5,"y":-6.5},{"x":7.5,"y":-6.5},{"x":8.5,"y":-6.5},{"x":2.5,"y":-5.5},{"x":8.5,"y":-5.5},{"x":4.5,"y":-5},{"x":6.5,"y":-5},{"x":2,"y":-4},{"x":3,"y":-4},{"x":8,"y":-4},{"x":9,"y":-4},{"x":5,"y":-3.5},{"x":6,"y":-3.5},{"x":2.5,"y":-3},{"x":8.5,"y":-3},{"x":5,"y":-2.5},{"x":6,"y":-2.5},{"x":2,"y":-2},{"x":3,"y":-2},{"x":8,"y":-2},{"x":9,"y":-2},{"x":3,"y":-1},{"x":8,"y":-1}]}],"seeds":["zZhBIBdYXoFFHVgM3YYJS9JNSFSppBZ4jkcpzhYyXGAEXMKFFAdm4oGC4TeJ4IF4YfWIS+idgqCIhAJ2V6h9g6kY1Ad9z2SBnNhJFFNeoJgSwiJ53dJM"]},{"layers":[{"index":0,"tiles":[{"x":3.5,"y":-9},{"x":7.5,"y":-9},{"x":4.5,"y":-8.5},{"x":6.5,"y":-8.5},{"x":4.5,"y":-7.5},{"x":6.5,"y":-7.5},{"x":3.5,"y":-6.5},{"x":5,"y":-6.5},{"x":6,"y":-6.5},{"x":7.5,"y":-6.5},{"x":2.5,"y":-6},{"x":8.5,"y":-6},{"x":4,"y":-5.5},{"x":7,"y":-5.5},{"x":2.5,"y":-5},{"x":8.5,"y":-5},{"x":3.5,"y":-4.5},{"x":7.5,"y":-4.5},{"x":2.5,"y":-4},{"x":4.5,"y":-4},{"x":6.5,"y":-4},{"x":8.5,"y":-4},{"x":3,"y":-3},{"x":5,"y":-3},{"x":6,"y":-3},{"x":8,"y":-3},{"x":3,"y":-2},{"x":5,"y":-2},{"x":6,"y":-2},{"x":8,"y":-2},{"x":3,"y":-1},{"x":4,"y":-1},{"x":7,"y":-1},{"x":8,"y":-1}]},{"index":1,"tiles":[{"x":3.5,"y":-9},{"x":7.5,"y":-9},{"x":4.5,"y":-8.5},{"x":6.5,"y":-8.5},{"x":4.5,"y":-7.5},{"x":6.5,"y":-7.5},{"x":3.5,"y":-6.5},{"x":5,"y":-6.5},{"x":6,"y":-6.5},{"x":7.5,"y":-6.5},{"x":2.5,"y":-6},{"x":8.5,"y":-6},{"x":4,"y":-5.5},{"x":7,"y":-5.5},{"x":2.5,"y":-5},{"x":8.5,"y":-5},{"x":3.5,"y":-4.5},{"x":7.5,"y":-4.5},{"x":2.5,"y":-4},{"x":4.5,"y":-4},{"x":6.5,"y":-4},{"x":8.5,"y":-4},{"x":3,"y":-3},{"x":5,"y":-3},{"x":6,"y":-3},{"x":8,"y":-3},{"x":3,"y":-2},{"x":5,"y":-2},{"x":6,"y":-2},{"x":8,"y":-2},{"x":3,"y":-1},{"x":4,"y":-1},{"x":7,"y":-1},{"x":8,"y":-1}]},{"index":2,"tiles":[{"x":3.5,"y":-9},{"x":7.5,"y":-9},{"x":4.5,"y":-8.5},{"x":6.5,"y":-8.5},{"x":4.5,"y":-7.5},{"x":6.5,"y":-7.5},{"x":3.5,"y":-6.5},{"x":5,"y":-6.5},{"x":6,"y":-6.5},{"x":7.5,"y":-6.5},{"x":2.5,"y":-6},{"x":8.5,"y":-6},{"x":4,"y":-5.5},{"x":7,"y":-5.5},{"x":2.5,"y":-5},{"x":8.5,"y":-5},{"x":3.5,"y":-4.5},{"x":7.5,"y":-4.5},{"x":2.5,"y":-4},{"x":4.5,"y":-4},{"x":6.5,"y":-4},{"x":8.5,"y":-4},{"x":3,"y":-3},{"x":5,"y":-3},{"x":6,"y":-3},{"x":8,"y":-3},{"x":3,"y":-2},{"x":5,"y":-2},{"x":6,"y":-2},{"x":8,"y":-2},{"x":3,"y":-1},{"x":4,"y":-1},{"x":7,"y":-1},{"x":8,"y":-1}]}],"seeds":["S5SFYOiI3XNQz0F8XhNSUycwoiJSljNxoeMwoEaUXAeKQ4VAZqFURpN6QWZMiBYKpzVg4eB5kaJglANxYPApXcGRoDNe34VOoKos3wAA"]},{"layers":[{"index":0,"tiles":[{"x":4,"y":-9},{"x":7,"y":-9},{"x":3.5,"y":-8},{"x":5,"y":-8},{"x":6,"y":-8},{"x":7.5,"y":-8},{"x":3,"y":-7},{"x":4.5,"y":-7},{"x":6.5,"y":-7},{"x":8,"y":-7},{"x":2.5,"y":-6},{"x":4,"y":-6},{"x":7,"y":-6},{"x":8.5,"y":-6},{"x":3.5,"y":-5},{"x":5,"y":-5},{"x":6,"y":-5},{"x":7.5,"y":-5},{"x":3,"y":-4},{"x":4.5,"y":-4},{"x":6.5,"y":-4},{"x":8,"y":-4},{"x":3.5,"y":-3},{"x":5,"y":-3},{"x":6,"y":-3},{"x":7.5,"y":-3},{"x":2.5,"y":-2},{"x":4,"y":-2},{"x":7,"y":-2},{"x":8.5,"y":-2},{"x":5,"y":-1},{"x":6,"y":-1}]},{"index":1,"tiles":[{"x":4,"y":-9},{"x":7,"y":-9},{"x":3.5,"y":-8},{"x":5,"y":-8},{"x":6,"y":-8},{"x":7.5,"y":-8},{"x":3,"y":-7},{"x":4.5,"y":-7},{"x":6.5,"y":-7},{"x":8,"y":-7},{"x":2.5,"y":-6},{"x":4,"y":-6},{"x":7,"y":-6},{"x":8.5,"y":-6},{"x":3.5,"y":-5},{"x":5,"y":-5},{"x":6,"y":-5},{"x":7.5,"y":-5},{"x":3,"y":-4},{"x":4.5,"y":-4},{"x":6.5,"y":-4},{"x":8,"y":-4},{"x":3.5,"y":-3},{"x":5,"y":-3},{"x":6,"y":-3},{"x":7.5,"y":-3},{"x":2.5,"y":-2},{"x":4,"y":-2},{"x":7,"y":-2},{"x":8.5,"y":-2},{"x":5,"y":-1},{"x":6,"y":-1}]},{"index":2,"tiles":[{"x":4,"y":-9},{"x":7,"y":-9},{"x":3.5,"y":-8},{"x":5,"y":-8},{"x":6,"y":-8},{"x":7.5,"y":-8},{"x":3,"y":-7},{"x":4.5,"y":-7},{"x":6.5,"y":-7},{"x":8,"y":-7},{"x":2.5,"y":-6},{"x":4,"y":-6},{"x":7,"y":-6},{"x":8.5,"y":-6},{"x":3.5,"y":-5},{"x":5,"y":-5},{"x":6,"y":-5},{"x":7.5,"y":-5},{"x":3,"y":-4},{"x":4.5,"y":-4},{"x":6.5,"y":-4},{"x":8,"y":-4},{"x":3.5,"y":-3},{"x":5,"y":-3},{"x":6,"y":-3},{"x":7.5,"y":-3},{"x":2.5,"y":-2},{"x":4,"y":-2},{"x":7,"y":-2},{"x":8.5,"y":-2},{"x":5,"y":-1},{"x":6,"y":-1}]}],"seeds":["W+hNWhQsC/RpIAI+IsFhyvWJEhldGQUaHLcNoamc3jcVTjMaycMsYRdWFtR0nFgmFIiIqTcs4JERnxVIYFcwwiGEjoehVah2"]},{"layers":[{"index":0,"tiles":[{"x":2.5,"y":-9},{"x":8.5,"y":-9},{"x":3,"y":-8},{"x":4,"y":-8},{"x":7,"y":-8},{"x":8,"y":-8},{"x":2.5,"y":-6.5},{"x":5,"y":-6.5},{"x":6,"y":-6.5},{"x":8.5,"y":-6.5},{"x":3.5,"y":-6},{"x":7.5,"y":-6},{"x":2,"y":-5.5},{"x":5,"y":-5.5},{"x":6,"y":-5.5},{"x":9,"y":-5.5},{"x":2,"y":-4.5},{"x":5,"y":-4.5},{"x":6,"y":-4.5},{"x":9,"y":-4.5},{"x":3.5,"y":-4},{"x":7.5,"y":-4},{"x":2.5,"y":-3.5},{"x":5,"y":-3.5},{"x":6,"y":-3.5},{"x":8.5,"y":-3.5},{"x":3,"y":-2},{"x":4,"y":-2},{"x":7,"y":-2},{"x":8,"y":-2},{"x":2.5,"y":-1},{"x":8.5,"y":-1}]},{"index":1,"tiles":[{"x":2.5,"y":-9},{"x":8.5,"y":-9},{"x":3,"y":-8},{"x":4,"y":-8},{"x":7,"y":-8},{"x":8,"y":-8},{"x":2.5,"y":-6.5},{"x":5,"y":-6.5},{"x":6,"y":-6.5},{"x":8.5,"y":-6.5},{"x":3.5,"y":-6},{"x":7.5,"y":-6},{"x":2,"y":-5.5},{"x":5,"y":-5.5},{"x":6,"y":-5.5},{"x":9,"y":-5.5},{"x":2,"y":-4.5},{"x":5,"y":-4.5},{"x":6,"y":-4.5},{"x":9,"y":-4.5},{"x":3.5,"y":-4},{"x":7.5,"y":-4},{"x":2.5,"y":-3.5},{"x":5,"y":-3.5},{"x":6,"y":-3.5},{"x":8.5,"y":-3.5},{"x":3,"y":-2},{"x":4,"y":-2},{"x":7,"y":-2},{"x":8,"y":-2},{"x":2.5,"y":-1},{"x":8.5,"y":-1}]},{"index":2,"tiles":[{"x":2.5,"y":-9},{"x":8.5,"y":-9},{"x":3,"y":-8},{"x":4,"y":-8},{"x":7,"y":-8},{"x":8,"y":-8},{"x":2.5,"y":-6.5},{"x":5,"y":-6.5},{"x":6,"y":-6.5},{"x":8.5,"y":-6.5},{"x":3.5,"y":-6},{"x":7.5,"y":-6},{"x":2,"y":-5.5},{"x":5,"y":-5.5},{"x":6,"y":-5.5},{"x":9,"y":-5.5},{"x":2,"y":-4.5},{"x":5,"y":-4.5},{"x":6,"y":-4.5},{"x":9,"y":-4.5},{"x":3.5,"y":-4},{"x":7.5,"y":-4},{"x":2.5,"y":-3.5},{"x":5,"y":-3.5},{"x":6,"y":-3.5},{"x":8.5,"y":-3.5},{"x":3,"y":-2},{"x":4,"y":-2},{"x":7,"y":-2},{"x":8,"y":-2},{"x":2.5,"y":-1},{"x":8.5,"y":-1}]},{"index":3,"tiles":[{"x":5,"y":-6.5},{"x":6,"y":-6.5},{"x":5,"y":-5.5},{"x":6,"y":-5.5},{"x":5,"y":-4.5},{"x":6,"y":-4.5},{"x":5,"y":-3.5},{"x":6,"y":-3.5}]}],"seeds":["D+p1U5hZ4iKSwocpn5FwzEUo3DZB5RN6CiVS1+RxZrQJlhJWKQNpASgd2KI14dSIlRhEhjSMIReAHegkBXgeRPepINeFDpeB3hAg4lcg"]},{"layers":[{"index":0,"tiles":[{"x":2,"y":-9},{"x":3.5,"y":-9},{"x":4.5,"y":-9},{"x":6.5,"y":-9},{"x":7.5,"y":-9},{"x":9,"y":-9},{"x":2.5,"y":-8},{"x":3.5,"y":-8},{"x":5,"y":-8},{"x":6,"y":-8},{"x":7.5,"y":-8},{"x":8.5,"y":-8},{"x":3.5,"y":-7},{"x":4.5,"y":-7},{"x":6.5,"y":-7},{"x":7.5,"y":-7},{"x":5,"y":-6},{"x":6,"y":-6},{"x":4,"y":-5.5},{"x":7,"y":-5.5},{"x":4,"y":-4.5},{"x":7,"y":-4.5},{"x":5,"y":-4},{"x":6,"y":-4},{"x":3.5,"y":-3},{"x":4.5,"y":-3},{"x":6.5,"y":-3},{"x":7.5,"y":-3},{"x":2.5,"y":-2},{"x":3.5,"y":-2},{"x":5,"y":-2},{"x":6,"y":-2},{"x":7.5,"y":-2},{"x":8.5,"y":-2},{"x":2,"y":-1},{"x":3.5,"y":-1},{"x":4.5,"y":-1},{"x":6.5,"y":-1},{"x":7.5,"y":-1},{"x":9,"y":-1}]},{"index":1,"tiles":[{"x":2,"y":-9},{"x":3.5,"y":-9},{"x":4.5,"y":-9},{"x":6.5,"y":-9},{"x":7.5,"y":-9},{"x":9,"y":-9},{"x":2.5,"y":-8},{"x":3.5,"y":-8},{"x":5,"y":-8},{"x":6,"y":-8},{"x":7.5,"y":-8},{"x":8.5,"y":-8},{"x":3.5,"y":-7},{"x":4.5,"y":-7},{"x":6.5,"y":-7},{"x":7.5,"y":-7},{"x":5,"y":-6},{"x":6,"y":-6},{"x":4,"y":-5.5},{"x":7,"y":-5.5},{"x":4,"y":-4.5},{"x":7,"y":-4.5},{"x":5,"y":-4},{"x":6,"y":-4},{"x":3.5,"y":-3},{"x":4.5,"y":-3},{"x":6.5,"y":-3},{"x":7.5,"y":-3},{"x":2.5,"y":-2},{"x":3.5,"y":-2},{"x":5,"y":-2},{"x":6,"y":-2},{"x":7.5,"y":-2},{"x":8.5,"y":-2},{"x":2,"y":-1},{"x":3.5,"y":-1},{"x":4.5,"y":-1},{"x":6.5,"y":-1},{"x":7.5,"y":-1},{"x":9,"y":-1}]},{"index":2,"tiles":[{"x":2,"y":-9},{"x":3.5,"y":-9},{"x":4.5,"y":-9},{"x":6.5,"y":-9},{"x":7.5,"y":-9},{"x":9,"y":-9},{"x":2.5,"y":-8},{"x":3.5,"y":-8},{"x":5,"y":-8},{"x":6,"y":-8},{"x":7.5,"y":-8},{"x":8.5,"y":-8},{"x":3.5,"y":-7},{"x":4.5,"y":-7},{"x":6.5,"y":-7},{"x":7.5,"y":-7},{"x":5,"y":-6},{"x":6,"y":-6},{"x":4,"y":-5.5},{"x":7,"y":-5.5},{"x":4,"y":-4.5},{"x":7,"y":-4.5},{"x":5,"y":-4},{"x":6,"y":-4},{"x":3.5,"y":-3},{"x":4.5,"y":-3},{"x":6.5,"y":-3},{"x":7.5,"y":-3},{"x":2.5,"y":-2},{"x":3.5,"y":-2},{"x":5,"y":-2},{"x":6,"y":-2},{"x":7.5,"y":-2},{"x":8.5,"y":-2},{"x":2,"y":-1},{"x":3.5,"y":-1},{"x":4.5,"y":-1},{"x":6.5,"y":-1},{"x":7.5,"y":-1},{"x":9,"y":-1}]}],"seeds":["SzeEm0hRAWOGAhWKgQdVSqFgyQNeofGBR6RkniUNIQhehzSWHAcZX5hyobdRTNdx50AGlZd0kUYgoid6TiM6oaV1wzItHzoRCygIYKNOyMSBCtY9GReIXyGA"]},{"layers":[{"index":0,"tiles":[{"x":4,"y":-9},{"x":5,"y":-9},{"x":6,"y":-9},{"x":7,"y":-9},{"x":5,"y":-8},{"x":6,"y":-8},{"x":2,"y":-7},{"x":5,"y":-7},{"x":6,"y":-7},{"x":9,"y":-7},{"x":4,"y":-6.5},{"x":7,"y":-6.5},{"x":3,"y":-6},{"x":5,"y":-6},{"x":6,"y":-6},{"x":8,"y":-6},{"x":3.5,"y":-5},{"x":7.5,"y":-5},{"x":4.5,"y":-4.5},{"x":6.5,"y":-4.5},{"x":2,"y":-3.5},{"x":4,"y":-3.5},{"x":5,"y":-3.5},{"x":6,"y":-3.5},{"x":7,"y":-3.5},{"x":9,"y":-3.5},{"x":3,"y":-3},{"x":8,"y":-3},{"x":3,"y":-2},{"x":4,"y":-2},{"x":5,"y":-2},{"x":6,"y":-2},{"x":7,"y":-2},{"x":8,"y":-2},{"x":5,"y":-1},{"x":6,"y":-1}]},{"index":1,"tiles":[{"x":4,"y":-9},{"x":5,"y":-9},{"x":6,"y":-9},{"x":7,"y":-9},{"x":5,"y":-8},{"x":6,"y":-8},{"x":2,"y":-7},{"x":5,"y":-7},{"x":6,"y":-7},{"x":9,"y":-7},{"x":4,"y":-6.5},{"x":7,"y":-6.5},{"x":3,"y":-6},{"x":5,"y":-6},{"x":6,"y":-6},{"x":8,"y":-6},{"x":3.5,"y":-5},{"x":7.5,"y":-5},{"x":4.5,"y":-4.5},{"x":6.5,"y":-4.5},{"x":2,"y":-3.5},{"x":4,"y":-3.5},{"x":5,"y":-3.5},{"x":6,"y":-3.5},{"x":7,"y":-3.5},{"x":9,"y":-3.5},{"x":3,"y":-3},{"x":8,"y":-3},{"x":3,"y":-2},{"x":4,"y":-2},{"x":5,"y":-2},{"x":6,"y":-2},{"x":7,"y":-2},{"x":8,"y":-2},{"x":5,"y":-1},{"x":6,"y":-1}]},{"index":2,"tiles":[{"x":4,"y":-9},{"x":5,"y":-9},{"x":6,"y":-9},{"x":7,"y":-9},{"x":5,"y":-8},{"x":6,"y":-8},{"x":2,"y":-7},{"x":5,"y":-7},{"x":6,"y":-7},{"x":9,"y":-7},{"x":4,"y":-6.5},{"x":7,"y":-6.5},{"x":3,"y":-6},{"x":5,"y":-6},{"x":6,"y":-6},{"x":8,"y":-6},{"x":3.5,"y":-5},{"x":7.5,"y":-5},{"x":4.5,"y":-4.5},{"x":6.5,"y":-4.5},{"x":2,"y":-3.5},{"x":4,"y":-3.5},{"x":5,"y":-3.5},{"x":6,"y":-3.5},{"x":7,"y":-3.5},{"x":9,"y":-3.5},{"x":3,"y":-3},{"x":8,"y":-3},{"x":3,"y":-2},{"x":4,"y":-2},{"x":5,"y":-2},{"x":6,"y":-2},{"x":7,"y":-2},{"x":8,"y":-2},{"x":5,"y":-1},{"x":6,"y":-1}]},{"index":3,"tiles":[{"x":2,"y":-3.5},{"x":4,"y":-3.5},{"x":5,"y":-3.5},{"x":6,"y":-3.5},{"x":7,"y":-3.5},{"x":9,"y":-3.5},{"x":3,"y":-3},{"x":8,"y":-3},{"x":3,"y":-2},{"x":4,"y":-2},{"x":5,"y":-2},{"x":6,"y":-2},{"x":7,"y":-2},{"x":8,"y":-2},{"x":5,"y":-1},{"x":6,"y":-1}]}],"seeds":["INgVoKhQTUFhmxMsnmBwyJgJCpN+lMSFU+UtoTpx2RNwHiNCVwImIfgtDjN4oeEdRzctg9A9kTlFGgF2mDeEnShtHBhSoqh0THValhCK5YeSBPVxAQINoEY1SngF"]},{"layers":[{"index":0,"tiles":[{"x":2,"y":-9},{"x":3,"y":-9},{"x":4,"y":-9},{"x":5,"y":-9},{"x":6,"y":-9},{"x":7,"y":-9},{"x":8,"y":-9},{"x":9,"y":-9},{"x":4.5,"y":-8},{"x":6.5,"y":-8},{"x":3.5,"y":-7.5},{"x":7.5,"y":-7.5},{"x":2.5,"y":-7},{"x":8.5,"y":-7},{"x":4.5,"y":-6.5},{"x":6.5,"y":-6.5},{"x":2,"y":-5.5},{"x":3,"y":-5.5},{"x":4,"y":-5.5},{"x":5,"y":-5.5},{"x":6,"y":-5.5},{"x":7,"y":-5.5},{"x":8,"y":-5.5},{"x":9,"y":-5.5},{"x":2,"y":-4.5},{"x":3,"y":-4.5},{"x":4,"y":-4.5},{"x":5,"y":-4.5},{"x":6,"y":-4.5},{"x":7,"y":-4.5},{"x":8,"y":-4.5},{"x":9,"y":-4.5},{"x":4.5,"y":-3.5},{"x":6.5,"y":-3.5},{"x":2.5,"y":-3},{"x":8.5,"y":-3},{"x":3.5,"y":-2.5},{"x":7.5,"y":-2.5},{"x":4.5,"y":-2},{"x":6.5,"y":-2},{"x":2,"y":-1},{"x":3,"y":-1},{"x":4,"y":-1},{"x":5,"y":-1},{"x":6,"y":-1},{"x":7,"y":-1},{"x":8,"y":-1},{"x":9,"y":-1}]},{"index":1,"tiles":[{"x":2,"y":-9},{"x":3,"y":-9},{"x":4,"y":-9},{"x":5,"y":-9},{"x":6,"y":-9},{"x":7,"y":-9},{"x":8,"y":-9},{"x":9,"y":-9},{"x":4.5,"y":-8},{"x":6.5,"y":-8},{"x":3.5,"y":-7.5},{"x":7.5,"y":-7.5},{"x":2.5,"y":-7},{"x":8.5,"y":-7},{"x":4.5,"y":-6.5},{"x":6.5,"y":-6.5},{"x":2,"y":-5.5},{"x":3,"y":-5.5},{"x":4,"y":-5.5},{"x":5,"y":-5.5},{"x":6,"y":-5.5},{"x":7,"y":-5.5},{"x":8,"y":-5.5},{"x":9,"y":-5.5},{"x":2,"y":-4.5},{"x":3,"y":-4.5},{"x":4,"y":-4.5},{"x":5,"y":-4.5},{"x":6,"y":-4.5},{"x":7,"y":-4.5},{"x":8,"y":-4.5},{"x":9,"y":-4.5},{"x":4.5,"y":-3.5},{"x":6.5,"y":-3.5},{"x":2.5,"y":-3},{"x":8.5,"y":-3},{"x":3.5,"y":-2.5},{"x":7.5,"y":-2.5},{"x":4.5,"y":-2},{"x":6.5,"y":-2},{"x":2,"y":-1},{"x":3,"y":-1},{"x":4,"y":-1},{"x":5,"y":-1},{"x":6,"y":-1},{"x":7,"y":-1},{"x":8,"y":-1},{"x":9,"y":-1}]},{"index":2,"tiles":[{"x":2,"y":-9},{"x":3,"y":-9},{"x":4,"y":-9},{"x":5,"y":-9},{"x":6,"y":-9},{"x":7,"y":-9},{"x":8,"y":-9},{"x":9,"y":-9},{"x":4.5,"y":-8},{"x":6.5,"y":-8},{"x":3.5,"y":-7.5},{"x":7.5,"y":-7.5},{"x":2.5,"y":-7},{"x":8.5,"y":-7},{"x":4.5,"y":-6.5},{"x":6.5,"y":-6.5},{"x":2,"y":-5.5},{"x":3,"y":-5.5},{"x":4,"y":-5.5},{"x":5,"y":-5.5},{"x":6,"y":-5.5},{"x":7,"y":-5.5},{"x":8,"y":-5.5},{"x":9,"y":-5.5},{"x":2,"y":-4.5},{"x":3,"y":-4.5},{"x":4,"y":-4.5},{"x":5,"y":-4.5},{"x":6,"y":-4.5},{"x":7,"y":-4.5},{"x":8,"y":-4.5},{"x":9,"y":-4.5},{"x":4.5,"y":-3.5},{"x":6.5,"y":-3.5},{"x":2.5,"y":-3},{"x":8.5,"y":-3},{"x":3.5,"y":-2.5},{"x":7.5,"y":-2.5},{"x":4.5,"y":-2},{"x":6.5,"y":-2},{"x":2,"y":-1},{"x":3,"y":-1},{"x":4,"y":-1},{"x":5,"y":-1},{"x":6,"y":-1},{"x":7,"y":-1},{"x":8,"y":-1},{"x":9,"y":-1}]}],"seeds":["VQB+BXKKRElU1wIqE2eIg1YpXVcVhxdwYSUOEWSFCsd51ZR6lIQtD2iRX1Ycg9VRYCN6Kpd4n8B8GyeFINOJptFsSRhGozhBEwiGIVFcRMMpIBaEnCU4YDZwAriInCMsHxMwCEWJH+p1WvN0"]},{"layers":[{"index":0,"tiles":[{"x":2.5,"y":-8.5},{"x":4.5,"y":-8.5},{"x":6.5,"y":-8.5},{"x":8.5,"y":-8.5},{"x":3.5,"y":-8},{"x":7.5,"y":-8},{"x":2.5,"y":-7.5},{"x":8.5,"y":-7.5},{"x":4.5,"y":-7},{"x":6.5,"y":-7},{"x":2.5,"y":-6.5},{"x":3.5,"y":-6.5},{"x":7.5,"y":-6.5},{"x":8.5,"y":-6.5},{"x":5.5,"y":-6},{"x":2.5,"y":-5.5},{"x":4.5,"y":-5.5},{"x":6.5,"y":-5.5},{"x":8.5,"y":-5.5},{"x":2.5,"y":-4.5},{"x":4.5,"y":-4.5},{"x":6.5,"y":-4.5},{"x":8.5,"y":-4.5},{"x":5.5,"y":-4},{"x":2.5,"y":-3.5},{"x":3.5,"y":-3.5},{"x":7.5,"y":-3.5},{"x":8.5,"y":-3.5},{"x":4.5,"y":-3},{"x":6.5,"y":-3},{"x":2.5,"y":-2.5},{"x":8.5,"y":-2.5},{"x":3.5,"y":-2},{"x":7.5,"y":-2},{"x":2.5,"y":-1.5},{"x":4.5,"y":-1.5},{"x":6.5,"y":-1.5},{"x":8.5,"y":-1.5}]},{"index":1,"tiles":[{"x":2.5,"y":-8.5},{"x":4.5,"y":-8.5},{"x":6.5,"y":-8.5},{"x":8.5,"y":-8.5},{"x":3.5,"y":-8},{"x":7.5,"y":-8},{"x":2.5,"y":-7.5},{"x":8.5,"y":-7.5},{"x":4.5,"y":-7},{"x":6.5,"y":-7},{"x":2.5,"y":-6.5},{"x":3.5,"y":-6.5},{"x":7.5,"y":-6.5},{"x":8.5,"y":-6.5},{"x":5.5,"y":-6},{"x":2.5,"y":-5.5},{"x":4.5,"y":-5.5},{"x":6.5,"y":-5.5},{"x":8.5,"y":-5.5},{"x":2.5,"y":-4.5},{"x":4.5,"y":-4.5},{"x":6.5,"y":-4.5},{"x":8.5,"y":-4.5},{"x":5.5,"y":-4},{"x":2.5,"y":-3.5},{"x":3.5,"y":-3.5},{"x":7.5,"y":-3.5},{"x":8.5,"y":-3.5},{"x":4.5,"y":-3},{"x":6.5,"y":-3},{"x":2.5,"y":-2.5},{"x":8.5,"y":-2.5},{"x":3.5,"y":-2},{"x":7.5,"y":-2},{"x":2.5,"y":-1.5},{"x":4.5,"y":-1.5},{"x":6.5,"y":-1.5},{"x":8.5,"y":-1.5}]},{"index":2,"tiles":[{"x":2.5,"y":-8.5},{"x":8.5,"y":-8.5},{"x":3.5,"y":-8},{"x":7.5,"y":-8},{"x":2.5,"y":-7.5},{"x":8.5,"y":-7.5},{"x":2.5,"y":-6.5},{"x":3.5,"y":-6.5},{"x":7.5,"y":-6.5},{"x":8.5,"y":-6.5},{"x":2.5,"y":-5.5},{"x":8.5,"y":-5.5},{"x":2.5,"y":-4.5},{"x":8.5,"y":-4.5},{"x":2.5,"y":-3.5},{"x":3.5,"y":-3.5},{"x":7.5,"y":-3.5},{"x":8.5,"y":-3.5},{"x":2.5,"y":-2.5},{"x":8.5,"y":-2.5},{"x":3.5,"y":-2},{"x":7.5,"y":-2},{"x":2.5,"y":-1.5},{"x":8.5,"y":-1.5}]},{"index":3,"tiles":[{"x":2.5,"y":-8.5},{"x":8.5,"y":-8.5},{"x":2.5,"y":-7.5},{"x":8.5,"y":-7.5},{"x":2.5,"y":-6.5},{"x":8.5,"y":-6.5},{"x":2.5,"y":-5.5},{"x":8.5,"y":-5.5},{"x":2.5,"y":-4.5},{"x":8.5,"y":-4.5},{"x":2.5,"y":-3.5},{"x":8.5,"y":-3.5},{"x":2.5,"y":-2.5},{"x":8.5,"y":-2.5},{"x":2.5,"y":-1.5},{"x":8.5,"y":-1.5}]}],"seeds":["m0iBDAY6ILeggsZIx+Vx3uRIlShS3XAYadh1YPJ5j8JNJhguIhIG4gZZFqcEQlOCxCIiXrhwhdoF4dWAmdJ1RARyxkdNCSmEn/dAQRadgjcpxYB9I1Vp"]},{"layers":[{"index":0,"tiles":[{"x":2.5,"y":-9},{"x":8.5,"y":-9},{"x":2,"y":-8},{"x":3.5,"y":-8},{"x":5,"y":-8},{"x":6,"y":-8},{"x":7.5,"y":-8},{"x":9,"y":-8},{"x":3,"y":-7},{"x":4.5,"y":-7},{"x":6.5,"y":-7},{"x":8,"y":-7},{"x":2.5,"y":-6},{"x":3.5,"y":-6},{"x":5,"y":-6},{"x":6,"y":-6},{"x":7.5,"y":-6},{"x":8.5,"y":-6},{"x":5,"y":-5},{"x":6,"y":-5},{"x":3.5,"y":-4.5},{"x":7.5,"y":-4.5},{"x":4.5,"y":-4},{"x":6.5,"y":-4},{"x":4,"y":-3},{"x":5,"y":-3},{"x":6,"y":-3},{"x":7,"y":-3},{"x":3,"y":-2},{"x":4.5,"y":-2},{"x":6.5,"y":-2},{"x":8,"y":-2},{"x":2.5,"y":-1},{"x":4,"y":-1},{"x":5,"y":-1},{"x":6,"y":-1},{"x":7,"y":-1},{"x":8.5,"y":-1}]},{"index":1,"tiles":[{"x":2.5,"y":-9},{"x":8.5,"y":-9},{"x":2,"y":-8},{"x":3.5,"y":-8},{"x":5,"y":-8},{"x":6,"y":-8},{"x":7.5,"y":-8},{"x":9,"y":-8},{"x":3,"y":-7},{"x":4.5,"y":-7},{"x":6.5,"y":-7},{"x":8,"y":-7},{"x":2.5,"y":-6},{"x":3.5,"y":-6},{"x":5,"y":-6},{"x":6,"y":-6},{"x":7.5,"y":-6},{"x":8.5,"y":-6},{"x":5,"y":-5},{"x":6,"y":-5},{"x":3.5,"y":-4.5},{"x":7.5,"y":-4.5},{"x":4.5,"y":-4},{"x":6.5,"y":-4},{"x":4,"y":-3},{"x":5,"y":-3},{"x":6,"y":-3},{"x":7,"y":-3},{"x":3,"y":-2},{"x":4.5,"y":-2},{"x":6.5,"y":-2},{"x":8,"y":-2},{"x":2.5,"y":-1},{"x":4,"y":-1},{"x":5,"y":-1},{"x":6,"y":-1},{"x":7,"y":-1},{"x":8.5,"y":-1}]},{"index":2,"tiles":[{"x":2.5,"y":-9},{"x":8.5,"y":-9},{"x":2,"y":-8},{"x":3.5,"y":-8},{"x":5,"y":-8},{"x":6,"y":-8},{"x":7.5,"y":-8},{"x":9,"y":-8},{"x":3,"y":-7},{"x":4.5,"y":-7},{"x":6.5,"y":-7},{"x":8,"y":-7},{"x":2.5,"y":-6},{"x":3.5,"y":-6},{"x":5,"y":-6},{"x":6,"y":-6},{"x":7.5,"y":-6},{"x":8.5,"y":-6},{"x":5,"y":-5},{"x":6,"y":-5},{"x":3.5,"y":-4.5},{"x":7.5,"y":-4.5},{"x":4.5,"y":-4},{"x":6.5,"y":-4},{"x":4,"y":-3},{"x":5,"y":-3},{"x":6,"y":-3},{"x":7,"y":-3},{"x":3,"y":-2},{"x":4.5,"y":-2},{"x":6.5,"y":-2},{"x":8,"y":-2},{"x":2.5,"y":-1},{"x":4,"y":-1},{"x":5,"y":-1},{"x":6,"y":-1},{"x":7,"y":-1},{"x":8.5,"y":-1}]}],"seeds":["XShqi7aAjcgFB+UxjdN1l/eB5raBE/NwIcFBRrhQBed4YBUoJTiBIaFkYyYa4VEJHSZ8nCh22CeAAvRJUoCgITiQSqGkkWhNgxUFF6hOT3J2HrhwSAIA"]},{"layers":[{"index":0,"tiles":[{"x":2,"y":-9},{"x":4.5,"y":-9},{"x":6.5,"y":-9},{"x":9,"y":-9},{"x":3.5,"y":-8.5},{"x":7.5,"y":-8.5},{"x":2.5,"y":-8},{"x":4.5,"y":-8},{"x":6.5,"y":-8},{"x":8.5,"y":-8},{"x":3.5,"y":-7.5},{"x":7.5,"y":-7.5},{"x":2,"y":-7},{"x":5,"y":-7},{"x":6,"y":-7},{"x":9,"y":-7},{"x":3.5,"y":-6.5},{"x":7.5,"y":-6.5},{"x":4.5,"y":-6},{"x":6.5,"y":-6},{"x":3.5,"y":-5.5},{"x":7.5,"y":-5.5},{"x":3.5,"y":-4.5},{"x":7.5,"y":-4.5},{"x":4.5,"y":-4},{"x":6.5,"y":-4},{"x":3.5,"y":-3.5},{"x":7.5,"y":-3.5},{"x":2,"y":-3},{"x":5,"y":-3},{"x":6,"y":-3},{"x":9,"y":-3},{"x":3.5,"y":-2.5},{"x":7.5,"y":-2.5},{"x":2.5,"y":-2},{"x":4.5,"y":-2},{"x":6.5,"y":-2},{"x":8.5,"y":-2},{"x":3.5,"y":-1.5},{"x":7.5,"y":-1.5},{"x":2,"y":-1},{"x":4.5,"y":-1},{"x":6.5,"y":-1},{"x":9,"y":-1}]},{"index":1,"tiles":[{"x":2,"y":-9},{"x":9,"y":-9},{"x":4.5,"y":-8.5},{"x":6.5,"y":-8.5},{"x":2.5,"y":-8},{"x":3.5,"y":-8},{"x":7.5,"y":-8},{"x":8.5,"y":-8},{"x":2,"y":-7},{"x":3.5,"y":-7},{"x":5,"y":-7},{"x":6,"y":-7},{"x":7.5,"y":-7},{"x":9,"y":-7},{"x":3.5,"y":-6},{"x":4.5,"y":-6},{"x":6.5,"y":-6},{"x":7.5,"y":-6},{"x":3.5,"y":-5},{"x":7.5,"y":-5},{"x":3.5,"y":-4},{"x":4.5,"y":-4},{"x":6.5,"y":-4},{"x":7.5,"y":-4},{"x":2,"y":-3},{"x":3.5,"y":-3},{"x":5,"y":-3},{"x":6,"y":-3},{"x":7.5,"y":-3},{"x":9,"y":-3},{"x":2.5,"y":-2},{"x":3.5,"y":-2},{"x":7.5,"y":-2},{"x":8.5,"y":-2},{"x":4.5,"y":-1.5},{"x":6.5,"y":-1.5},{"x":2,"y":-1},{"x":9,"y":-1}]},{"index":2,"tiles":[{"x":2,"y":-9},{"x":9,"y":-9},{"x":4.5,"y":-8.5},{"x":6.5,"y":-8.5},{"x":2.5,"y":-8},{"x":3.5,"y":-8},{"x":7.5,"y":-8},{"x":8.5,"y":-8},{"x":2,"y":-7},{"x":3.5,"y":-7},{"x":5,"y":-7},{"x":6,"y":-7},{"x":7.5,"y":-7},{"x":9,"y":-7},{"x":3.5,"y":-6},{"x":4.5,"y":-6},{"x":6.5,"y":-6},{"x":7.5,"y":-6},{"x":3.5,"y":-5},{"x":7.5,"y":-5},{"x":3.5,"y":-4},{"x":4.5,"y":-4},{"x":6.5,"y":-4},{"x":7.5,"y":-4},{"x":2,"y":-3},{"x":3.5,"y":-3},{"x":5,"y":-3},{"x":6,"y":-3},{"x":7.5,"y":-3},{"x":9,"y":-3},{"x":2.5,"y":-2},{"x":3.5,"y":-2},{"x":7.5,"y":-2},{"x":8.5,"y":-2},{"x":4.5,"y":-1.5},{"x":6.5,"y":-1.5},{"x":2,"y":-1},{"x":9,"y":-1}]}],"seeds":["2hJ4STNlHDKBYvc8BigqAghygamGVNBhxQQi1sUpzIVpCih+YHl8jLSEQ7KQRuZB4DIKH2dRlcJRIUZ4m3hEHeSEVCoMXheJp1OEHYgSYDU1QThJG4d9k9gJ"]},{"layers":[{"index":0,"tiles":[{"x":2.5,"y":-9},{"x":8.5,"y":-9},{"x":2,"y":-8},{"x":9,"y":-8},{"x":4,"y":-7.5},{"x":5,"y":-7.5},{"x":6,"y":-7.5},{"x":7,"y":-7.5},{"x":2.5,"y":-7},{"x":8.5,"y":-7},{"x":4.5,"y":-6.5},{"x":6.5,"y":-6.5},{"x":2.5,"y":-6},{"x":8.5,"y":-6},{"x":3.5,"y":-5.5},{"x":4.5,"y":-5.5},{"x":6.5,"y":-5.5},{"x":7.5,"y":-5.5},{"x":3.5,"y":-4.5},{"x":4.5,"y":-4.5},{"x":6.5,"y":-4.5},{"x":7.5,"y":-4.5},{"x":2.5,"y":-4},{"x":8.5,"y":-4},{"x":4.5,"y":-3.5},{"x":6.5,"y":-3.5},{"x":2.5,"y":-3},{"x":8.5,"y":-3},{"x":4,"y":-2.5},{"x":5,"y":-2.5},{"x":6,"y":-2.5},{"x":7,"y":-2.5},{"x":2,"y":-2},{"x":9,"y":-2},{"x":2.5,"y":-1},{"x":8.5,"y":-1}]},{"index":1,"tiles":[{"x":2.5,"y":-9},{"x":8.5,"y":-9},{"x":2,"y":-8},{"x":9,"y":-8},{"x":4,"y":-7.5},{"x":5,"y":-7.5},{"x":6,"y":-7.5},{"x":7,"y":-7.5},{"x":2.5,"y":-7},{"x":8.5,"y":-7},{"x":4.5,"y":-6.5},{"x":6.5,"y":-6.5},{"x":2.5,"y":-6},{"x":8.5,"y":-6},{"x":3.5,"y":-5.5},{"x":4.5,"y":-5.5},{"x":6.5,"y":-5.5},{"x":7.5,"y":-5.5},{"x":3.5,"y":-4.5},{"x":4.5,"y":-4.5},{"x":6.5,"y":-4.5},{"x":7.5,"y":-4.5},{"x":2.5,"y":-4},{"x":8.5,"y":-4},{"x":4.5,"y":-3.5},{"x":6.5,"y":-3.5},{"x":2.5,"y":-3},{"x":8.5,"y":-3},{"x":4,"y":-2.5},{"x":5,"y":-2.5},{"x":6,"y":-2.5},{"x":7,"y":-2.5},{"x":2,"y":-2},{"x":9,"y":-2},{"x":2.5,"y":-1},{"x":8.5,"y":-1}]},{"index":2,"tiles":[{"x":2.5,"y":-9},{"x":8.5,"y":-9},{"x":2,"y":-8},{"x":9,"y":-8},{"x":4,"y":-7.5},{"x":5,"y":-7.5},{"x":6,"y":-7.5},{"x":7,"y":-7.5},{"x":2.5,"y":-7},{"x":8.5,"y":-7},{"x":4.5,"y":-6.5},{"x":6.5,"y":-6.5},{"x":2.5,"y":-6},{"x":8.5,"y":-6},{"x":3.5,"y":-5.5},{"x":4.5,"y":-5.5},{"x":6.5,"y":-5.5},{"x":7.5,"y":-5.5},{"x":3.5,"y":-4.5},{"x":4.5,"y":-4.5},{"x":6.5,"y":-4.5},{"x":7.5,"y":-4.5},{"x":2.5,"y":-4},{"x":8.5,"y":-4},{"x":4.5,"y":-3.5},{"x":6.5,"y":-3.5},{"x":2.5,"y":-3},{"x":8.5,"y":-3},{"x":4,"y":-2.5},{"x":5,"y":-2.5},{"x":6,"y":-2.5},{"x":7,"y":-2.5},{"x":2,"y":-2},{"x":9,"y":-2},{"x":2.5,"y":-1},{"x":8.5,"y":-1}]}],"seeds":["oOV9GsgZiBWCITdd3CWISagFWQeB6ql8Jdh0qNdNmZEGiwgeDDcEYvCFWOMUFaF4xMiJ4fRElLSByeFB3TcVAqIMlRNhTxeSIsOBCiWZ3bKJ"]},{"layers":[{"index":0,"tiles":[{"x":4.5,"y":-9},{"x":6.5,"y":-9},{"x":4.5,"y":-8},{"x":6.5,"y":-8},{"x":3.5,"y":-7.5},{"x":7.5,"y":-7.5},{"x":2,"y":-7},{"x":5,"y":-7},{"x":6,"y":-7},{"x":9,"y":-7},{"x":2.5,"y":-6},{"x":3.5,"y":-6},{"x":4.5,"y":-6},{"x":6.5,"y":-6},{"x":7.5,"y":-6},{"x":8.5,"y":-6},{"x":2,"y":-5},{"x":3,"y":-5},{"x":4.5,"y":-5},{"x":6.5,"y":-5},{"x":8,"y":-5},{"x":9,"y":-5},{"x":2.5,"y":-4},{"x":4,"y":-4},{"x":5,"y":-4},{"x":6,"y":-4},{"x":7,"y":-4},{"x":8.5,"y":-4},{"x":2,"y":-3},{"x":3,"y":-3},{"x":5,"y":-3},{"x":6,"y":-3},{"x":8,"y":-3},{"x":9,"y":-3},{"x":4,"y":-2.5},{"x":7,"y":-2.5},{"x":2,"y":-2},{"x":9,"y":-2},{"x":4.5,"y":-1.5},{"x":6.5,"y":-1.5},{"x":3.5,"y":-1},{"x":7.5,"y":-1}]},{"index":1,"tiles":[{"x":4.5,"y":-9},{"x":6.5,"y":-9},{"x":4.5,"y":-8},{"x":6.5,"y":-8},{"x":3.5,"y":-7.5},{"x":7.5,"y":-7.5},{"x":2,"y":-7},{"x":5,"y":-7},{"x":6,"y":-7},{"x":9,"y":-7},{"x":2.5,"y":-6},{"x":3.5,"y":-6},{"x":4.5,"y":-6},{"x":6.5,"y":-6},{"x":7.5,"y":-6},{"x":8.5,"y":-6},{"x":2,"y":-5},{"x":3,"y":-5},{"x":4.5,"y":-5},{"x":6.5,"y":-5},{"x":8,"y":-5},{"x":9,"y":-5},{"x":2.5,"y":-4},{"x":4,"y":-4},{"x":5,"y":-4},{"x":6,"y":-4},{"x":7,"y":-4},{"x":8.5,"y":-4},{"x":2,"y":-3},{"x":3,"y":-3},{"x":5,"y":-3},{"x":6,"y":-3},{"x":8,"y":-3},{"x":9,"y":-3},{"x":4,"y":-2.5},{"x":7,"y":-2.5},{"x":2,"y":-2},{"x":9,"y":-2},{"x":4.5,"y":-1.5},{"x":6.5,"y":-1.5},{"x":3.5,"y":-1},{"x":7.5,"y":-1}]},{"index":2,"tiles":[{"x":4.5,"y":-9},{"x":6.5,"y":-9},{"x":4.5,"y":-8},{"x":6.5,"y":-8},{"x":3.5,"y":-7.5},{"x":7.5,"y":-7.5},{"x":2,"y":-7},{"x":5,"y":-7},{"x":6,"y":-7},{"x":9,"y":-7},{"x":2.5,"y":-6},{"x":3.5,"y":-6},{"x":4.5,"y":-6},{"x":6.5,"y":-6},{"x":7.5,"y":-6},{"x":8.5,"y":-6},{"x":2,"y":-5},{"x":3,"y":-5},{"x":4.5,"y":-5},{"x":6.5,"y":-5},{"x":8,"y":-5},{"x":9,"y":-5},{"x":2.5,"y":-4},{"x":4,"y":-4},{"x":5,"y":-4},{"x":6,"y":-4},{"x":7,"y":-4},{"x":8.5,"y":-4},{"x":2,"y":-3},{"x":3,"y":-3},{"x":5,"y":-3},{"x":6,"y":-3},{"x":8,"y":-3},{"x":9,"y":-3},{"x":4,"y":-2.5},{"x":7,"y":-2.5},{"x":2,"y":-2},{"x":9,"y":-2},{"x":4.5,"y":-1.5},{"x":6.5,"y":-1.5},{"x":3.5,"y":-1},{"x":7.5,"y":-1}]}],"seeds":["mfMNG2hizFeI3TcOE8WBR/GInEZl0XdwohKFggBSwdZNqrcYAqg1X6qciRRUVGVlJfOFGPd0zRV6S2Ak3uR5FreAIaJ1YhYinnIRYsCFiiMJILqABBRyHaiJUMh1EwkA"]},{"layers":[{"index":0,"tiles":[{"x":2,"y":-9},{"x":4.5,"y":-9},{"x":6.5,"y":-9},{"x":9,"y":-9},{"x":3,"y":-8},{"x":4,"y":-8},{"x":7,"y":-8},{"x":8,"y":-8},{"x":5,"y":-7.5},{"x":6,"y":-7.5},{"x":4,"y":-6.5},{"x":5,"y":-6.5},{"x":6,"y":-6.5},{"x":7,"y":-6.5},{"x":3,"y":-5.5},{"x":4.5,"y":-5.5},{"x":6.5,"y":-5.5},{"x":8,"y":-5.5},{"x":3,"y":-4.5},{"x":4.5,"y":-4.5},{"x":6.5,"y":-4.5},{"x":8,"y":-4.5},{"x":4,"y":-3.5},{"x":5,"y":-3.5},{"x":6,"y":-3.5},{"x":7,"y":-3.5},{"x":5,"y":-2.5},{"x":6,"y":-2.5},{"x":3,"y":-2},{"x":4,"y":-2},{"x":7,"y":-2},{"x":8,"y":-2},{"x":2,"y":-1},{"x":4.5,"y":-1},{"x":6.5,"y":-1},{"x":9,"y":-1}]}],"seeds":["IQVOnMCE5qCCTEkGytlV6OAJ3DJ5wUgtaaV0"]},{"layers":[{"index":0,"tiles":[{"x":2.5,"y":-9},{"x":8.5,"y":-9},{"x":4.5,"y":-8},{"x":6.5,"y":-8},{"x":3,"y":-7.5},{"x":8,"y":-7.5},{"x":4.5,"y":-7},{"x":5.5,"y":-7},{"x":6.5,"y":-7},{"x":3,"y":-6.5},{"x":8,"y":-6.5},{"x":5.5,"y":-6},{"x":3,"y":-5.5},{"x":8,"y":-5.5},{"x":4,"y":-5},{"x":7,"y":-5},{"x":3,"y":-4.5},{"x":5.5,"y":-4.5},{"x":8,"y":-4.5},{"x":4,"y":-3.5},{"x":5.5,"y":-3.5},{"x":7,"y":-3.5},{"x":2.5,"y":-3},{"x":8.5,"y":-3},{"x":4,"y":-2.5},{"x":5,"y":-2.5},{"x":6,"y":-2.5},{"x":7,"y":-2.5},{"x":2.5,"y":-2},{"x":8.5,"y":-2},{"x":3.5,"y":-1.5},{"x":7.5,"y":-1.5},{"x":2.5,"y":-1},{"x":4.5,"y":-1},{"x":6.5,"y":-1},{"x":8.5,"y":-1}]},{"index":1,"tiles":[{"x":2.5,"y":-9},{"x":8.5,"y":-9},{"x":4.5,"y":-8},{"x":6.5,"y":-8},{"x":3,"y":-7.5},{"x":8,"y":-7.5},{"x":4.5,"y":-7},{"x":5.5,"y":-7},{"x":6.5,"y":-7},{"x":3,"y":-6.5},{"x":8,"y":-6.5},{"x":5.5,"y":-6},{"x":3,"y":-5.5},{"x":8,"y":-5.5},{"x":4,"y":-5},{"x":7,"y":-5},{"x":3,"y":-4.5},{"x":5.5,"y":-4.5},{"x":8,"y":-4.5},{"x":4,"y":-3.5},{"x":5.5,"y":-3.5},{"x":7,"y":-3.5},{"x":2.5,"y":-3},{"x":8.5,"y":-3},{"x":4,"y":-2.5},{"x":5,"y":-2.5},{"x":6,"y":-2.5},{"x":7,"y":-2.5},{"x":2.5,"y":-2},{"x":8.5,"y":-2},{"x":3.5,"y":-1.5},{"x":7.5,"y":-1.5},{"x":2.5,"y":-1},{"x":4.5,"y":-1},{"x":6.5,"y":-1},{"x":8.5,"y":-1}]},{"index":2,"tiles":[{"x":2.5,"y":-9},{"x":8.5,"y":-9},{"x":4.5,"y":-8},{"x":6.5,"y":-8},{"x":3,"y":-7.5},{"x":8,"y":-7.5},{"x":4.5,"y":-7},{"x":5.5,"y":-7},{"x":6.5,"y":-7},{"x":3,"y":-6.5},{"x":8,"y":-6.5},{"x":5.5,"y":-6},{"x":3,"y":-5.5},{"x":8,"y":-5.5},{"x":4,"y":-5},{"x":7,"y":-5},{"x":3,"y":-4.5},{"x":5.5,"y":-4.5},{"x":8,"y":-4.5},{"x":4,"y":-3.5},{"x":5.5,"y":-3.5},{"x":7,"y":-3.5},{"x":2.5,"y":-3},{"x":8.5,"y":-3},{"x":4,"y":-2.5},{"x":5,"y":-2.5},{"x":6,"y":-2.5},{"x":7,"y":-2.5},{"x":2.5,"y":-2},{"x":8.5,"y":-2},{"x":3.5,"y":-1.5},{"x":7.5,"y":-1.5},{"x":2.5,"y":-1},{"x":4.5,"y":-1},{"x":6.5,"y":-1},{"x":8.5,"y":-1}]}],"seeds":["SUN1SkVw0xSIBmIx2gA+Qog4y+RJ3RGE4jAoohKA1+c5V/BxYmWMnWA2RxJ+xbRRIOZ1HIiGBSRqZRh2HLR14OKdEfFZEjOIIBmlGJep2cMp"]},{"layers":[{"index":0,"tiles":[{"x":4.5,"y":-8.5},{"x":6.5,"y":-8.5},{"x":2.5,"y":-7.5},{"x":4,"y":-7.5},{"x":5,"y":-7.5},{"x":6,"y":-7.5},{"x":7,"y":-7.5},{"x":8.5,"y":-7.5},{"x":2.5,"y":-6.5},{"x":4,"y":-6.5},{"x":5,"y":-6.5},{"x":6,"y":-6.5},{"x":7,"y":-6.5},{"x":8.5,"y":-6.5},{"x":3,"y":-5.5},{"x":4.5,"y":-5.5},{"x":5.5,"y":-5.5},{"x":6.5,"y":-5.5},{"x":8,"y":-5.5},{"x":3,"y":-4.5},{"x":4.5,"y":-4.5},{"x":5.5,"y":-4.5},{"x":6.5,"y":-4.5},{"x":8,"y":-4.5},{"x":2.5,"y":-3.5},{"x":4,"y":-3.5},{"x":5,"y":-3.5},{"x":6,"y":-3.5},{"x":7,"y":-3.5},{"x":8.5,"y":-3.5},{"x":2.5,"y":-2.5},{"x":4,"y":-2.5},{"x":5,"y":-2.5},{"x":6,"y":-2.5},{"x":7,"y":-2.5},{"x":8.5,"y":-2.5},{"x":4.5,"y":-1.5},{"x":6.5,"y":-1.5}]},{"index":1,"tiles":[{"x":4.5,"y":-8.5},{"x":6.5,"y":-8.5},{"x":2.5,"y":-7.5},{"x":4,"y":-7.5},{"x":5,"y":-7.5},{"x":6,"y":-7.5},{"x":7,"y":-7.5},{"x":8.5,"y":-7.5},{"x":2.5,"y":-6.5},{"x":4,"y":-6.5},{"x":5,"y":-6.5},{"x":6,"y":-6.5},{"x":7,"y":-6.5},{"x":8.5,"y":-6.5},{"x":3,"y":-5.5},{"x":4.5,"y":-5.5},{"x":5.5,"y":-5.5},{"x":6.5,"y":-5.5},{"x":8,"y":-5.5},{"x":3,"y":-4.5},{"x":4.5,"y":-4.5},{"x":5.5,"y":-4.5},{"x":6.5,"y":-4.5},{"x":8,"y":-4.5},{"x":2.5,"y":-3.5},{"x":4,"y":-3.5},{"x":5,"y":-3.5},{"x":6,"y":-3.5},{"x":7,"y":-3.5},{"x":8.5,"y":-3.5},{"x":2.5,"y":-2.5},{"x":4,"y":-2.5},{"x":5,"y":-2.5},{"x":6,"y":-2.5},{"x":7,"y":-2.5},{"x":8.5,"y":-2.5},{"x":4.5,"y":-1.5},{"x":6.5,"y":-1.5}]},{"index":2,"tiles":[{"x":4.5,"y":-8.5},{"x":6.5,"y":-8.5},{"x":2.5,"y":-7.5},{"x":4,"y":-7.5},{"x":5,"y":-7.5},{"x":6,"y":-7.5},{"x":7,"y":-7.5},{"x":8.5,"y":-7.5},{"x":2.5,"y":-6.5},{"x":4,"y":-6.5},{"x":5,"y":-6.5},{"x":6,"y":-6.5},{"x":7,"y":-6.5},{"x":8.5,"y":-6.5},{"x":3,"y":-5.5},{"x":4.5,"y":-5.5},{"x":5.5,"y":-5.5},{"x":6.5,"y":-5.5},{"x":8,"y":-5.5},{"x":3,"y":-4.5},{"x":4.5,"y":-4.5},{"x":5.5,"y":-4.5},{"x":6.5,"y":-4.5},{"x":8,"y":-4.5},{"x":2.5,"y":-3.5},{"x":4,"y":-3.5},{"x":5,"y":-3.5},{"x":6,"y":-3.5},{"x":7,"y":-3.5},{"x":8.5,"y":-3.5},{"x":2.5,"y":-2.5},{"x":4,"y":-2.5},{"x":5,"y":-2.5},{"x":6,"y":-2.5},{"x":7,"y":-2.5},{"x":8.5,"y":-2.5},{"x":4.5,"y":-1.5},{"x":6.5,"y":-1.5}]},{"index":3,"tiles":[{"x":4.5,"y":-8.5},{"x":6.5,"y":-8.5},{"x":4.5,"y":-7.5},{"x":6.5,"y":-7.5},{"x":4.5,"y":-6.5},{"x":6.5,"y":-6.5},{"x":4.5,"y":-5.5},{"x":6.5,"y":-5.5},{"x":4.5,"y":-4.5},{"x":6.5,"y":-4.5},{"x":4.5,"y":-3.5},{"x":6.5,"y":-3.5},{"x":4.5,"y":-2.5},{"x":6.5,"y":-2.5},{"x":4.5,"y":-1.5},{"x":6.5,"y":-1.5}]}],"seeds":["YiAungUuxhOISRd+WgYeHLEs3CeECNdB6TQxYmZ5DBgOW0cR0QMRYRVqlyOik5BIAxgSSqAUWPdVIlgFwddJJsh9TIhc3uFERshw4+BN4tlh4FBxHiUWZUB5JPipVLMJQgMA"]}]]],0,0,[],[],[]]
