{"compressionlevel":-1,"height":9,"infinite":false,"layers":[{"data":[0,0,13,0,0,15,0,0,14,0,13,0,0,15,0,0,14,0,13,0,0,15,0,0,14,0,0,0,0,0,0,0,0,0,0,12,0,0,0,0,0,0,0,12,0,0,0,0,0,0,0,12,0,0,11,0,0,0,0,0,0,0,11,12,0,0,0,0,0,0,11,0,14,15,13,0,0,0,11,0,0],"height":9,"id":1,"name":"map","opacity":1,"properties":[{"name":"segment1","propertytype":"segment","type":"class","value":{"avgScore":3.4,"piece1":"{min: 1, max: 10}","piece5":"{min: 1, max: 10}","pieceDistancePerGem":1,"score":100}}],"type":"tilelayer","visible":true,"width":9,"x":0,"y":0},{"draworder":"topdown","id":2,"name":"spawnOrder","objects":[{"gid":130,"height":30,"id":1187,"name":"T2","properties":[{"name":"gem_id","type":"string","value":"13"},{"name":"gem_position","type":"string","value":"1"}],"rotation":0,"type":"T2","visible":true,"width":20,"x":-40,"y":140},{"gid":118,"height":20,"id":1188,"name":"O","properties":[{"name":"gem_id","type":"string","value":"14"},{"name":"gem_position","type":"string","value":"1"}],"rotation":0,"type":"O","visible":true,"width":20,"x":35,"y":134},{"gid":108,"height":10,"id":1189,"name":"II4","properties":[{"name":"gem_id","type":"string","value":"14"},{"name":"gem_position","type":"string","value":"2"}],"rotation":0,"type":"II4","visible":true,"width":40,"x":110,"y":129},{"gid":129,"height":20,"id":1190,"name":"T1","properties":[{"name":"gem_id","type":"string","value":"11"},{"name":"gem_position","type":"string","value":"1"}],"rotation":0,"type":"T1","visible":true,"width":30,"x":-40,"y":187},{"gid":109,"height":10,"id":1191,"name":"II5","properties":[{"name":"gem_id","type":"string","value":"11"},{"name":"gem_position","type":"string","value":"3"}],"rotation":0,"type":"II5","visible":true,"width":50,"x":35,"y":182},{"gid":118,"height":20,"id":1192,"name":"O","properties":[{"name":"gem_id","type":"string","value":"12"},{"name":"gem_position","type":"string","value":"0"}],"rotation":0,"type":"O","visible":true,"width":20,"x":110,"y":188},{"gid":2,"height":10,"id":1193,"name":"1","properties":[{"name":"gem_id","type":"string","value":"14"},{"name":"gem_position","type":"string","value":"0"}],"rotation":0,"type":"1","visible":true,"width":10,"x":-40,"y":236},{"gid":109,"height":10,"id":1194,"name":"II5","properties":[{"name":"gem_id","type":"string","value":"13"},{"name":"gem_position","type":"string","value":"3"}],"rotation":0,"type":"II5","visible":true,"width":50,"x":35,"y":236},{"gid":136,"height":30,"id":1195,"name":"TT4","properties":[{"name":"gem_id","type":"string","value":"11"},{"name":"gem_position","type":"string","value":"1"}],"rotation":0,"type":"TT4","visible":true,"width":30,"x":110,"y":247},{"gid":108,"height":10,"id":1196,"name":"II4","properties":[{"name":"gem_id","type":"string","value":"12"},{"name":"gem_position","type":"string","value":"2"}],"rotation":0,"type":"II4","visible":true,"width":40,"x":-40,"y":290},{"gid":2,"height":10,"id":1197,"name":"1","properties":[{"name":"gem_id","type":"string","value":"14"},{"name":"gem_position","type":"string","value":"0"}],"rotation":0,"type":"1","visible":true,"width":10,"x":35,"y":290},{"gid":127,"height":20,"id":1198,"name":"S1","properties":[{"name":"gem_id","type":"string","value":"10"},{"name":"gem_position","type":"string","value":"2"}],"rotation":0,"type":"S1","visible":true,"width":30,"x":110,"y":295},{"gid":145,"height":30,"id":1199,"name":"VV1","properties":[{"name":"gem_id","type":"string","value":"10"},{"name":"gem_position","type":"string","value":"3"}],"rotation":0,"type":"VV1","visible":true,"width":30,"x":-40,"y":353},{"gid":118,"height":20,"id":1200,"name":"O","properties":[{"name":"gem_id","type":"string","value":"11"},{"name":"gem_position","type":"string","value":"1"}],"rotation":0,"type":"O","visible":true,"width":20,"x":35,"y":348},{"gid":107,"height":10,"id":1201,"name":"II3","properties":[{"name":"gem_id","type":"string","value":"12"},{"name":"gem_position","type":"string","value":"0"}],"rotation":0,"type":"II3","visible":true,"width":30,"x":110,"y":344},{"gid":103,"height":30,"id":1202,"name":"I3","properties":[{"name":"gem_id","type":"string","value":"14"},{"name":"gem_position","type":"string","value":"1"}],"rotation":0,"type":"I3","visible":true,"width":10,"x":-40,"y":407},{"gid":117,"height":20,"id":1203,"name":"L4","properties":[{"name":"gem_id","type":"string","value":"14"},{"name":"gem_position","type":"string","value":"0"}],"rotation":0,"type":"L4","visible":true,"width":30,"x":35,"y":402},{"gid":2,"height":10,"id":1204,"name":"1","rotation":0,"type":"1","visible":true,"width":10,"x":110,"y":397},{"gid":110,"height":30,"id":1205,"name":"J1","properties":[{"name":"gem_id","type":"string","value":"13"},{"name":"gem_position","type":"string","value":"2"}],"rotation":0,"type":"J1","visible":true,"width":20,"x":-40,"y":461},{"gid":127,"height":20,"id":1206,"name":"S1","properties":[{"name":"gem_id","type":"string","value":"10"},{"name":"gem_position","type":"string","value":"0"}],"rotation":0,"type":"S1","visible":true,"width":30,"x":35,"y":457},{"gid":109,"height":10,"id":1207,"name":"II5","properties":[{"name":"gem_id","type":"string","value":"14"},{"name":"gem_position","type":"string","value":"1"}],"rotation":0,"type":"II5","visible":true,"width":50,"x":110,"y":451},{"gid":108,"height":10,"id":1208,"name":"II4","properties":[{"name":"gem_id","type":"string","value":"14"},{"name":"gem_position","type":"string","value":"2"}],"rotation":0,"type":"II4","visible":true,"width":40,"x":-40,"y":505},{"gid":118,"height":20,"id":1209,"name":"O","properties":[{"name":"gem_id","type":"string","value":"14"},{"name":"gem_position","type":"string","value":"1"}],"rotation":0,"type":"O","visible":true,"width":20,"x":35,"y":509},{"gid":144,"height":20,"id":1210,"name":"V4","properties":[{"name":"gem_id","type":"string","value":"12"},{"name":"gem_position","type":"string","value":"1"}],"rotation":0,"type":"V4","visible":true,"width":20,"x":110,"y":509},{"gid":148,"height":30,"id":1211,"name":"VV4","properties":[{"name":"gem_id","type":"string","value":"14"},{"name":"gem_position","type":"string","value":"0"}],"rotation":0,"type":"VV4","visible":true,"width":30,"x":-40,"y":569},{"gid":119,"height":20,"id":1212,"name":"polyplet-left-2","properties":[{"name":"gem_id","type":"string","value":"13"},{"name":"gem_position","type":"string","value":"0"}],"rotation":0,"type":"polyplet-left-2","visible":true,"width":20,"x":35,"y":564},{"gid":131,"height":20,"id":1213,"name":"T3","properties":[{"name":"gem_id","type":"string","value":"12"},{"name":"gem_position","type":"string","value":"1"}],"rotation":0,"type":"T3","visible":true,"width":30,"x":110,"y":563},{"gid":142,"height":20,"id":1214,"name":"V2","properties":[{"name":"gem_id","type":"string","value":"14"},{"name":"gem_position","type":"string","value":"0"}],"rotation":0,"type":"V2","visible":true,"width":20,"x":-40,"y":616},{"gid":132,"height":30,"id":1215,"name":"T4","properties":[{"name":"gem_id","type":"string","value":"10"},{"name":"gem_position","type":"string","value":"0"}],"rotation":0,"type":"T4","visible":true,"width":20,"x":35,"y":622},{"gid":110,"height":30,"id":1216,"name":"J1","properties":[{"name":"gem_id","type":"string","value":"10"},{"name":"gem_position","type":"string","value":"0"}],"rotation":0,"type":"J1","visible":true,"width":20,"x":110,"y":622},{"gid":110,"height":30,"id":1217,"name":"J1","properties":[{"name":"gem_id","type":"string","value":"11"},{"name":"gem_position","type":"string","value":"2"}],"rotation":0,"type":"J1","visible":true,"width":20,"x":-40,"y":676},{"gid":149,"height":30,"id":1218,"name":"X","properties":[{"name":"gem_id","type":"string","value":"12"},{"name":"gem_position","type":"string","value":"0"}],"rotation":0,"type":"X","visible":true,"width":30,"x":35,"y":676},{"gid":133,"height":30,"id":1219,"name":"TT1","properties":[{"name":"gem_id","type":"string","value":"12"},{"name":"gem_position","type":"string","value":"0"}],"rotation":0,"type":"TT1","visible":true,"width":30,"x":110,"y":676},{"gid":118,"height":20,"id":1220,"name":"O","properties":[{"name":"gem_id","type":"string","value":"12"},{"name":"gem_position","type":"string","value":"2"}],"rotation":0,"type":"O","visible":true,"width":20,"x":-40,"y":725},{"gid":144,"height":20,"id":1221,"name":"V4","properties":[{"name":"gem_id","type":"string","value":"12"},{"name":"gem_position","type":"string","value":"0"}],"rotation":0,"type":"V4","visible":true,"width":20,"x":35,"y":724},{"gid":150,"height":20,"id":1222,"name":"Z1","properties":[{"name":"gem_id","type":"string","value":"13"},{"name":"gem_position","type":"string","value":"2"}],"rotation":0,"type":"Z1","visible":true,"width":30,"x":110,"y":725},{"gid":124,"height":30,"id":1223,"name":"polyplet-right-3","properties":[{"name":"gem_id","type":"string","value":"13"},{"name":"gem_position","type":"string","value":"0"}],"rotation":0,"type":"polyplet-right-3","visible":true,"width":30,"x":-40,"y":784},{"gid":139,"height":20,"id":1224,"name":"U3","properties":[{"name":"gem_id","type":"string","value":"12"},{"name":"gem_position","type":"string","value":"1"}],"rotation":0,"type":"U3","visible":true,"width":30,"x":35,"y":778},{"gid":148,"height":30,"id":1225,"name":"VV4","properties":[{"name":"gem_id","type":"string","value":"13"},{"name":"gem_position","type":"string","value":"2"}],"rotation":0,"type":"VV4","visible":true,"width":30,"x":110,"y":783},{"gid":106,"height":10,"id":1226,"name":"II2","properties":[{"name":"gem_id","type":"string","value":"12"},{"name":"gem_position","type":"string","value":"0"}],"rotation":0,"type":"II2","visible":true,"width":20,"x":-40,"y":828},{"gid":124,"height":30,"id":1227,"name":"polyplet-right-3","properties":[{"name":"gem_id","type":"string","value":"10"},{"name":"gem_position","type":"string","value":"0"}],"rotation":0,"type":"polyplet-right-3","visible":true,"width":30,"x":35,"y":837},{"gid":2,"height":10,"id":1228,"name":"1","properties":[{"name":"gem_id","type":"string","value":"12"},{"name":"gem_position","type":"string","value":"0"}],"rotation":0,"type":"1","visible":true,"width":10,"x":110,"y":827},{"gid":146,"height":30,"id":1229,"name":"VV2","properties":[{"name":"gem_id","type":"string","value":"14"},{"name":"gem_position","type":"string","value":"2"}],"rotation":0,"type":"VV2","visible":true,"width":30,"x":-40,"y":890},{"gid":111,"height":20,"id":1230,"name":"J2","properties":[{"name":"gem_id","type":"string","value":"14"},{"name":"gem_position","type":"string","value":"0"}],"rotation":0,"type":"J2","visible":true,"width":30,"x":35,"y":886},{"gid":106,"height":10,"id":1231,"name":"II2","properties":[{"name":"gem_id","type":"string","value":"14"},{"name":"gem_position","type":"string","value":"0"}],"rotation":0,"type":"II2","visible":true,"width":20,"x":110,"y":881},{"gid":130,"height":30,"id":1232,"name":"T2","properties":[{"name":"gem_id","type":"string","value":"12"},{"name":"gem_position","type":"string","value":"0"}],"rotation":0,"type":"T2","visible":true,"width":20,"x":-40,"y":945},{"gid":149,"height":30,"id":1233,"name":"X","properties":[{"name":"gem_id","type":"string","value":"10"},{"name":"gem_position","type":"string","value":"0"}],"rotation":0,"type":"X","visible":true,"width":30,"x":35,"y":944},{"gid":125,"height":40,"id":1234,"name":"polyplet-right-4","properties":[{"name":"gem_id","type":"string","value":"13"},{"name":"gem_position","type":"string","value":"2"}],"rotation":0,"type":"polyplet-right-4","visible":true,"width":40,"x":110,"y":949},{"gid":151,"height":30,"id":1235,"name":"Z2","properties":[{"name":"gem_id","type":"string","value":"11"},{"name":"gem_position","type":"string","value":"1"}],"rotation":0,"type":"Z2","visible":true,"width":20,"x":-40,"y":999},{"gid":108,"height":10,"id":1236,"name":"II4","properties":[{"name":"gem_id","type":"string","value":"13"},{"name":"gem_position","type":"string","value":"1"}],"rotation":0,"type":"II4","visible":true,"width":40,"x":35,"y":988},{"gid":123,"height":20,"id":1237,"name":"polyplet-right-2","properties":[{"name":"gem_id","type":"string","value":"12"},{"name":"gem_position","type":"string","value":"0"}],"rotation":0,"type":"polyplet-right-2","visible":true,"width":20,"x":110,"y":993},{"gid":143,"height":20,"id":1238,"name":"V3","properties":[{"name":"gem_id","type":"string","value":"14"},{"name":"gem_position","type":"string","value":"1"}],"rotation":0,"type":"V3","visible":true,"width":20,"x":-40,"y":1047},{"gid":125,"height":40,"id":1239,"name":"polyplet-right-4","properties":[{"name":"gem_id","type":"string","value":"14"},{"name":"gem_position","type":"string","value":"2"}],"rotation":0,"type":"polyplet-right-4","visible":true,"width":40,"x":35,"y":1057},{"gid":115,"height":20,"id":1240,"name":"L2","properties":[{"name":"gem_id","type":"string","value":"13"},{"name":"gem_position","type":"string","value":"0"}],"rotation":0,"type":"L2","visible":true,"width":30,"x":110,"y":1047},{"gid":130,"height":30,"id":1241,"name":"T2","properties":[{"name":"gem_id","type":"string","value":"12"},{"name":"gem_position","type":"string","value":"2"}],"rotation":0,"type":"T2","visible":true,"width":20,"x":-40,"y":1106},{"gid":125,"height":40,"id":1242,"name":"polyplet-right-4","properties":[{"name":"gem_id","type":"string","value":"11"},{"name":"gem_position","type":"string","value":"2"}],"rotation":0,"type":"polyplet-right-4","visible":true,"width":40,"x":35,"y":1111},{"gid":135,"height":30,"id":1243,"name":"TT3","properties":[{"name":"gem_id","type":"string","value":"12"},{"name":"gem_position","type":"string","value":"3"}],"rotation":0,"type":"TT3","visible":true,"width":30,"x":110,"y":1105},{"gid":135,"height":30,"id":1244,"name":"TT3","properties":[{"name":"gem_id","type":"string","value":"11"},{"name":"gem_position","type":"string","value":"1"}],"rotation":0,"type":"TT3","visible":true,"width":30,"x":-40,"y":1160},{"gid":147,"height":30,"id":1245,"name":"VV3","properties":[{"name":"gem_id","type":"string","value":"11"},{"name":"gem_position","type":"string","value":"1"}],"rotation":0,"type":"VV3","visible":true,"width":30,"x":35,"y":1159},{"gid":121,"height":40,"id":1246,"name":"polyplet-left-4","properties":[{"name":"gem_id","type":"string","value":"14"},{"name":"gem_position","type":"string","value":"2"}],"rotation":0,"type":"polyplet-left-4","visible":true,"width":40,"x":110,"y":1164},{"gid":146,"height":30,"id":1247,"name":"VV2","properties":[{"name":"gem_id","type":"string","value":"10"},{"name":"gem_position","type":"string","value":"1"}],"rotation":0,"type":"VV2","visible":true,"width":30,"x":-40,"y":1213},{"gid":149,"height":30,"id":1248,"name":"X","properties":[{"name":"gem_id","type":"string","value":"14"},{"name":"gem_position","type":"string","value":"1"}],"rotation":0,"type":"X","visible":true,"width":30,"x":35,"y":1213},{"gid":123,"height":20,"id":1249,"name":"polyplet-right-2","properties":[{"name":"gem_id","type":"string","value":"12"},{"name":"gem_position","type":"string","value":"0"}],"rotation":0,"type":"polyplet-right-2","visible":true,"width":20,"x":110,"y":1207},{"gid":109,"height":10,"id":1250,"name":"II5","properties":[{"name":"gem_id","type":"string","value":"14"},{"name":"gem_position","type":"string","value":"2"}],"rotation":0,"type":"II5","visible":true,"width":50,"x":-40,"y":1256},{"gid":144,"height":20,"id":1251,"name":"V4","properties":[{"name":"gem_id","type":"string","value":"12"},{"name":"gem_position","type":"string","value":"0"}],"rotation":0,"type":"V4","visible":true,"width":20,"x":35,"y":1262},{"gid":148,"height":30,"id":1252,"name":"VV4","properties":[{"name":"gem_id","type":"string","value":"10"},{"name":"gem_position","type":"string","value":"1"}],"rotation":0,"type":"VV4","visible":true,"width":30,"x":110,"y":1266},{"gid":130,"height":30,"id":1253,"name":"T2","properties":[{"name":"gem_id","type":"string","value":"13"},{"name":"gem_position","type":"string","value":"2"}],"rotation":0,"type":"T2","visible":true,"width":20,"x":-40,"y":1320},{"gid":124,"height":30,"id":1254,"name":"polyplet-right-3","properties":[{"name":"gem_id","type":"string","value":"13"},{"name":"gem_position","type":"string","value":"1"}],"rotation":0,"type":"polyplet-right-3","visible":true,"width":30,"x":35,"y":1320},{"gid":148,"height":30,"id":1255,"name":"VV4","properties":[{"name":"gem_id","type":"string","value":"13"},{"name":"gem_position","type":"string","value":"1"}],"rotation":0,"type":"VV4","visible":true,"width":30,"x":110,"y":1320},{"gid":2,"height":10,"id":1959,"name":"1","rotation":0,"type":"1","visible":true,"width":10,"x":-40,"y":1400},{"gid":102,"height":20,"id":1960,"name":"I2","rotation":0,"type":"I2","visible":true,"width":10,"x":35,"y":1404},{"gid":103,"height":30,"id":1961,"name":"I3","rotation":0,"type":"I3","visible":true,"width":10,"x":110,"y":1408},{"gid":104,"height":40,"id":1962,"name":"I4","rotation":0,"type":"I4","visible":true,"width":10,"x":-40,"y":1494},{"gid":105,"height":50,"id":1963,"name":"I5","rotation":0,"type":"I5","visible":true,"width":10,"x":35,"y":1497},{"gid":106,"height":10,"id":1964,"name":"II2","rotation":0,"type":"II2","visible":true,"width":20,"x":110,"y":1479},{"gid":107,"height":10,"id":1965,"name":"II3","rotation":0,"type":"II3","visible":true,"width":30,"x":-40,"y":1549},{"gid":108,"height":10,"id":1966,"name":"II4","rotation":0,"type":"II4","visible":true,"width":40,"x":35,"y":1549},{"gid":109,"height":10,"id":1967,"name":"II5","rotation":0,"type":"II5","visible":true,"width":50,"x":110,"y":1549},{"gid":110,"height":30,"id":1968,"name":"J1","rotation":0,"type":"J1","visible":true,"width":20,"x":-40,"y":1603},{"gid":111,"height":20,"id":1969,"name":"J2","rotation":0,"type":"J2","visible":true,"width":30,"x":35,"y":1598},{"gid":112,"height":30,"id":1970,"name":"J3","rotation":0,"type":"J3","visible":true,"width":20,"x":110,"y":1604},{"gid":113,"height":20,"id":1971,"name":"J4","rotation":0,"type":"J4","visible":true,"width":30,"x":-40,"y":1668},{"gid":114,"height":30,"id":1972,"name":"L1","rotation":0,"type":"L1","visible":true,"width":20,"x":35,"y":1674},{"gid":115,"height":20,"id":1973,"name":"L2","rotation":0,"type":"L2","visible":true,"width":30,"x":110,"y":1668},{"gid":116,"height":30,"id":1974,"name":"L3","rotation":0,"type":"L3","visible":true,"width":20,"x":-40,"y":1736},{"gid":117,"height":20,"id":1975,"name":"L4","rotation":0,"type":"L4","visible":true,"width":30,"x":35,"y":1726},{"gid":118,"height":20,"id":1976,"name":"O","rotation":0,"type":"O","visible":true,"width":20,"x":110,"y":1729},{"gid":119,"height":20,"id":1977,"name":"polyplet-left-2","rotation":0,"type":"polyplet-left-2","visible":true,"width":20,"x":-40,"y":1792},{"gid":120,"height":30,"id":1978,"name":"polyplet-left-3","rotation":0,"type":"polyplet-left-3","visible":true,"width":30,"x":35,"y":1795},{"gid":121,"height":40,"id":1979,"name":"polyplet-left-4","rotation":0,"type":"polyplet-left-4","visible":true,"width":40,"x":110,"y":1798},{"gid":123,"height":20,"id":1980,"name":"polyplet-right-2","rotation":0,"type":"polyplet-right-2","visible":true,"width":20,"x":-40,"y":1836},{"gid":124,"height":30,"id":1981,"name":"polyplet-right-3","rotation":0,"type":"polyplet-right-3","visible":true,"width":30,"x":35,"y":1847},{"gid":125,"height":40,"id":1982,"name":"polyplet-right-4","rotation":0,"type":"polyplet-right-4","visible":true,"width":40,"x":110,"y":1847},{"gid":127,"height":20,"id":1983,"name":"S1","rotation":0,"type":"S1","visible":true,"width":30,"x":-40,"y":1895},{"gid":128,"height":30,"id":1984,"name":"S2","rotation":0,"type":"S2","visible":true,"width":20,"x":35,"y":1897},{"gid":150,"height":20,"id":1985,"name":"Z1","rotation":0,"type":"Z1","visible":true,"width":30,"x":110,"y":1895},{"gid":151,"height":30,"id":1986,"name":"Z2","rotation":0,"type":"Z2","visible":true,"width":20,"x":-40,"y":1959},{"gid":129,"height":20,"id":1987,"name":"T1","rotation":0,"type":"T1","visible":true,"width":30,"x":35,"y":1952},{"gid":130,"height":30,"id":1988,"name":"T2","rotation":0,"type":"T2","visible":true,"width":20,"x":110,"y":1958},{"gid":131,"height":20,"id":1989,"name":"T3","rotation":0,"type":"T3","visible":true,"width":30,"x":-40,"y":2012},{"gid":132,"height":30,"id":1990,"name":"T4","rotation":0,"type":"T4","visible":true,"width":20,"x":35,"y":2016},{"gid":133,"height":30,"id":1991,"name":"TT1","rotation":0,"type":"TT1","visible":true,"width":30,"x":110,"y":2017},{"gid":134,"height":30,"id":1992,"name":"TT2","rotation":0,"type":"TT2","visible":true,"width":30,"x":-40,"y":2083},{"gid":135,"height":30,"id":1993,"name":"TT3","rotation":0,"type":"TT3","visible":true,"width":30,"x":35,"y":2082},{"gid":136,"height":30,"id":1994,"name":"TT4","rotation":0,"type":"TT4","visible":true,"width":30,"x":110,"y":2082},{"gid":137,"height":20,"id":1995,"name":"U1","rotation":0,"type":"U1","visible":true,"width":30,"x":-40,"y":2155},{"gid":138,"height":30,"id":1996,"name":"U2","rotation":0,"type":"U2","visible":true,"width":20,"x":35,"y":2160},{"gid":139,"height":20,"id":1997,"name":"U3","rotation":0,"type":"U3","visible":true,"width":30,"x":110,"y":2155},{"gid":140,"height":30,"id":1998,"name":"U4","rotation":0,"type":"U4","visible":true,"width":20,"x":-40,"y":2214},{"gid":141,"height":20,"id":1999,"name":"V1","rotation":0,"type":"V1","visible":true,"width":20,"x":35,"y":2207},{"gid":142,"height":20,"id":2000,"name":"V2","rotation":0,"type":"V2","visible":true,"width":20,"x":110,"y":2206},{"gid":143,"height":20,"id":2001,"name":"V3","rotation":0,"type":"V3","visible":true,"width":20,"x":-40,"y":2279},{"gid":144,"height":20,"id":2002,"name":"V4","rotation":0,"type":"V4","visible":true,"width":20,"x":35,"y":2279},{"gid":145,"height":30,"id":2003,"name":"VV1","rotation":0,"type":"VV1","visible":true,"width":30,"x":110,"y":2284},{"gid":146,"height":30,"id":2004,"name":"VV2","rotation":0,"type":"VV2","visible":true,"width":30,"x":-40,"y":2349},{"gid":147,"height":30,"id":2005,"name":"VV3","rotation":0,"type":"VV3","visible":true,"width":30,"x":35,"y":2346},{"gid":148,"height":30,"id":2006,"name":"VV4","rotation":0,"type":"VV4","visible":true,"width":30,"x":110,"y":2348},{"gid":149,"height":30,"id":2007,"name":"X","rotation":0,"type":"X","visible":true,"width":30,"x":-40,"y":2422}],"opacity":1,"type":"objectgroup","visible":true,"x":0,"y":0}],"nextlayerid":12,"nextobjectid":2008,"orientation":"orthogonal","properties":[{"name":"target","type":"string","value":"{14: 7, 11: 7, 10: 7, 13: 7, 12: 7}"},{"name":"typeLevel","type":"string","value":"collect"}],"renderorder":"right-down","tiledversion":"1.8.5","tileheight":10,"tilesets":[{"columns":0,"firstgid":1,"grid":{"height":1,"orientation":"orthogonal","width":1},"margin":0,"name":"Pieces","spacing":0,"tilecount":57,"tileheight":50,"tiles":[{"id":1,"image":"assets/pieces/1.png","imageheight":10,"imagewidth":10,"type":"1"},{"id":101,"image":"assets/pieces/I2.png","imageheight":20,"imagewidth":10,"type":"I2"},{"id":102,"image":"assets/pieces/I3.png","imageheight":30,"imagewidth":10,"type":"I3"},{"id":103,"image":"assets/pieces/I4.png","imageheight":40,"imagewidth":10,"type":"I4"},{"id":104,"image":"assets/pieces/I5.png","imageheight":50,"imagewidth":10,"type":"I5"},{"id":105,"image":"assets/pieces/II2.png","imageheight":10,"imagewidth":20,"type":"II2"},{"id":106,"image":"assets/pieces/II3.png","imageheight":10,"imagewidth":30,"type":"II3"},{"id":107,"image":"assets/pieces/II4.png","imageheight":10,"imagewidth":40,"type":"II4"},{"id":108,"image":"assets/pieces/II5.png","imageheight":10,"imagewidth":50,"type":"II5"},{"id":109,"image":"assets/pieces/J1.png","imageheight":30,"imagewidth":20,"type":"J1"},{"id":110,"image":"assets/pieces/J2.png","imageheight":20,"imagewidth":30,"type":"J2"},{"id":111,"image":"assets/pieces/J3.png","imageheight":30,"imagewidth":20,"type":"J3"},{"id":112,"image":"assets/pieces/J4.png","imageheight":20,"imagewidth":30,"type":"J4"},{"id":113,"image":"assets/pieces/L1.png","imageheight":30,"imagewidth":20,"type":"L1"},{"id":114,"image":"assets/pieces/L2.png","imageheight":20,"imagewidth":30,"type":"L2"},{"id":115,"image":"assets/pieces/L3.png","imageheight":30,"imagewidth":20,"type":"L3"},{"id":116,"image":"assets/pieces/L4.png","imageheight":20,"imagewidth":30,"type":"L4"},{"id":117,"image":"assets/pieces/O.png","imageheight":20,"imagewidth":20,"type":"O"},{"id":118,"image":"assets/pieces/polyplet-left-2.png","imageheight":20,"imagewidth":20,"type":"polyplet-left-2"},{"id":119,"image":"assets/pieces/polyplet-left-3.png","imageheight":30,"imagewidth":30,"type":"polyplet-left-3"},{"id":120,"image":"assets/pieces/polyplet-left-4.png","imageheight":40,"imagewidth":40,"type":"polyplet-left-4"},{"id":121,"image":"assets/pieces/polyplet-left-5.png","imageheight":50,"imagewidth":50,"type":"polyplet-left-5"},{"id":122,"image":"assets/pieces/polyplet-right-2.png","imageheight":20,"imagewidth":20,"type":"polyplet-right-2"},{"id":123,"image":"assets/pieces/polyplet-right-3.png","imageheight":30,"imagewidth":30,"type":"polyplet-right-3"},{"id":124,"image":"assets/pieces/polyplet-right-4.png","imageheight":40,"imagewidth":40,"type":"polyplet-right-4"},{"id":125,"image":"assets/pieces/polyplet-right-5.png","imageheight":50,"imagewidth":50,"type":"polyplet-right-5"},{"id":126,"image":"assets/pieces/S1.png","imageheight":20,"imagewidth":30,"type":"S1"},{"id":127,"image":"assets/pieces/S2.png","imageheight":30,"imagewidth":20,"type":"S2"},{"id":128,"image":"assets/pieces/T1.png","imageheight":20,"imagewidth":30,"type":"T1"},{"id":129,"image":"assets/pieces/T2.png","imageheight":30,"imagewidth":20,"type":"T2"},{"id":130,"image":"assets/pieces/T3.png","imageheight":20,"imagewidth":30,"type":"T3"},{"id":131,"image":"assets/pieces/T4.png","imageheight":30,"imagewidth":20,"type":"T4"},{"id":132,"image":"assets/pieces/TT1.png","imageheight":30,"imagewidth":30,"type":"TT1"},{"id":133,"image":"assets/pieces/TT2.png","imageheight":30,"imagewidth":30,"type":"TT2"},{"id":134,"image":"assets/pieces/TT3.png","imageheight":30,"imagewidth":30,"type":"TT3"},{"id":135,"image":"assets/pieces/TT4.png","imageheight":30,"imagewidth":30,"type":"TT4"},{"id":136,"image":"assets/pieces/U1.png","imageheight":20,"imagewidth":30,"type":"U1"},{"id":137,"image":"assets/pieces/U2.png","imageheight":30,"imagewidth":20,"type":"U2"},{"id":138,"image":"assets/pieces/U3.png","imageheight":20,"imagewidth":30,"type":"U3"},{"id":139,"image":"assets/pieces/U4.png","imageheight":30,"imagewidth":20,"type":"U4"},{"id":140,"image":"assets/pieces/V1.png","imageheight":20,"imagewidth":20,"type":"V1"},{"id":141,"image":"assets/pieces/V2.png","imageheight":20,"imagewidth":20,"type":"V2"},{"id":142,"image":"assets/pieces/V3.png","imageheight":20,"imagewidth":20,"type":"V3"},{"id":143,"image":"assets/pieces/V4.png","imageheight":20,"imagewidth":20,"type":"V4"},{"id":144,"image":"assets/pieces/VV1.png","imageheight":30,"imagewidth":30,"type":"VV1"},{"id":145,"image":"assets/pieces/VV2.png","imageheight":30,"imagewidth":30,"type":"VV2"},{"id":146,"image":"assets/pieces/VV3.png","imageheight":30,"imagewidth":30,"type":"VV3"},{"id":147,"image":"assets/pieces/VV4.png","imageheight":30,"imagewidth":30,"type":"VV4"},{"id":148,"image":"assets/pieces/X.png","imageheight":30,"imagewidth":30,"type":"X"},{"id":149,"image":"assets/pieces/Z1.png","imageheight":20,"imagewidth":30,"type":"Z1"},{"id":150,"image":"assets/pieces/Z2.png","imageheight":30,"imagewidth":20,"type":"Z2"},{"id":10,"image":"assets/pieces/diamond-10.png","imageheight":10,"imagewidth":10,"type":"diamond-10"},{"id":11,"image":"assets/pieces/diamond-11.png","imageheight":10,"imagewidth":10,"type":"diamond-11"},{"id":12,"image":"assets/pieces/diamond-12.png","imageheight":10,"imagewidth":10,"type":"diamond-12"},{"id":13,"image":"assets/pieces/diamond-13.png","imageheight":10,"imagewidth":10,"type":"diamond-13"},{"id":14,"image":"assets/pieces/diamond-14.png","imageheight":10,"imagewidth":10,"type":"diamond-14"},{"id":15,"image":"assets/pieces/diamond-15.png","imageheight":10,"imagewidth":10,"type":"diamond-15"}],"tilewidth":50}],"tilewidth":10,"type":"map","version":"1.8","width":9}