{"compressionlevel":-1,"height":9,"infinite":false,"layers":[{"data":[0,0,0,0,0,0,0,0,0,0,0,0,0,0,0,0,0,0,0,0,16,0,0,0,0,0,0,0,0,16,16,0,0,0,0,0,0,0,0,16,0,0,15,0,0,0,0,0,0,0,15,15,0,0,0,0,0,0,0,15,0,0,0,0,0,0,0,0,0,0,0,0,0,0,0,0,0,0,0,0,0],"height":9,"id":1,"name":"map","opacity":1,"properties":[{"name":"segment1","propertytype":"segment","type":"class","value":{"avgScore":3.2,"piece1":"{min: 1, max: 10}","piece5":"{min: 1, max: 10}","pieceDistancePerGem":1,"score":100}}],"type":"tilelayer","visible":true,"width":9,"x":0,"y":0},{"draworder":"topdown","id":2,"name":"spawnOrder","objects":[{"gid":128,"height":30,"id":535,"name":"S2","rotation":0,"type":"S2","visible":true,"width":20,"x":-40,"y":132},{"gid":117,"height":20,"id":536,"name":"L4","rotation":0,"type":"L4","visible":true,"width":30,"x":35,"y":125},{"gid":141,"height":20,"id":537,"name":"V1","rotation":0,"type":"V1","visible":true,"width":20,"x":110,"y":127},{"gid":127,"height":20,"id":538,"name":"S1","rotation":0,"type":"S1","visible":true,"width":30,"x":-40,"y":185},{"gid":108,"height":10,"id":539,"name":"II4","rotation":0,"type":"II4","visible":true,"width":40,"x":35,"y":179},{"gid":141,"height":20,"id":540,"name":"V1","rotation":0,"type":"V1","visible":true,"width":20,"x":110,"y":186},{"gid":142,"height":20,"id":541,"name":"V2","rotation":0,"type":"V2","visible":true,"width":20,"x":-40,"y":243},{"gid":132,"height":30,"id":542,"name":"T4","rotation":0,"type":"T4","visible":true,"width":20,"x":35,"y":249},{"gid":106,"height":10,"id":543,"name":"II2","rotation":0,"type":"II2","visible":true,"width":20,"x":110,"y":239},{"gid":130,"height":30,"id":544,"name":"T2","rotation":0,"type":"T2","visible":true,"width":20,"x":-40,"y":318},{"gid":143,"height":20,"id":545,"name":"V3","rotation":0,"type":"V3","visible":true,"width":20,"x":35,"y":316},{"gid":118,"height":20,"id":546,"name":"O","rotation":0,"type":"O","visible":true,"width":20,"x":110,"y":313},{"gid":143,"height":20,"id":547,"name":"V3","rotation":0,"type":"V3","visible":true,"width":20,"x":-40,"y":360},{"gid":151,"height":30,"id":548,"name":"Z2","rotation":0,"type":"Z2","visible":true,"width":20,"x":35,"y":363},{"gid":135,"height":30,"id":550,"name":"TT3","rotation":0,"type":"TT3","visible":true,"width":30,"x":110,"y":365},{"gid":132,"height":30,"id":551,"name":"T4","rotation":0,"type":"T4","visible":true,"width":20,"x":-40,"y":424},{"gid":115,"height":20,"id":552,"name":"L2","rotation":0,"type":"L2","visible":true,"width":30,"x":35,"y":418},{"gid":2,"height":10,"id":554,"name":"1","rotation":0,"type":"1","visible":true,"width":10,"x":110,"y":412},{"gid":144,"height":20,"id":555,"name":"V4","rotation":0,"type":"V4","visible":true,"width":20,"x":-40,"y":479},{"gid":105,"height":50,"id":556,"name":"I5","rotation":0,"type":"I5","visible":true,"width":10,"x":35,"y":498},{"gid":104,"height":40,"id":557,"name":"I4","rotation":0,"type":"I4","visible":true,"width":10,"x":110,"y":486},{"gid":127,"height":20,"id":558,"name":"S1","rotation":0,"type":"S1","visible":true,"width":30,"x":-40,"y":572},{"gid":103,"height":30,"id":559,"name":"I3","rotation":0,"type":"I3","visible":true,"width":10,"x":35,"y":578},{"gid":124,"height":30,"id":560,"name":"polyplet-right-3","rotation":0,"type":"polyplet-right-3","visible":true,"width":30,"x":110,"y":576}],"opacity":1,"type":"objectgroup","visible":true,"x":0,"y":0},{"draworder":"topdown","id":11,"name":"Object Layer 2","objects":[{"gid":16,"height":10,"id":569,"name":"4","rotation":0,"type":"","visible":true,"width":10,"x":20,"y":-10},{"gid":11,"height":10,"id":570,"name":"4","rotation":0,"type":"","visible":true,"width":10,"x":60,"y":-10}],"opacity":1,"type":"objectgroup","visible":true,"x":0,"y":0}],"nextlayerid":12,"nextobjectid":571,"orientation":"orthogonal","properties":[{"name":"target","type":"string","value":"{15: 7, 14: 7}"},{"name":"typeLevel","type":"string","value":"collect"}],"renderorder":"right-down","tiledversion":"1.8.5","tileheight":10,"tilesets":[{"columns":0,"firstgid":1,"grid":{"height":1,"orientation":"orthogonal","width":1},"margin":0,"name":"Pieces","spacing":0,"tilecount":57,"tileheight":50,"tiles":[{"id":1,"image":"assets/pieces/1.png","imageheight":10,"imagewidth":10,"type":"1"},{"id":101,"image":"assets/pieces/I2.png","imageheight":20,"imagewidth":10,"type":"I2"},{"id":102,"image":"assets/pieces/I3.png","imageheight":30,"imagewidth":10,"type":"I3"},{"id":103,"image":"assets/pieces/I4.png","imageheight":40,"imagewidth":10,"type":"I4"},{"id":104,"image":"assets/pieces/I5.png","imageheight":50,"imagewidth":10,"type":"I5"},{"id":105,"image":"assets/pieces/II2.png","imageheight":10,"imagewidth":20,"type":"II2"},{"id":106,"image":"assets/pieces/II3.png","imageheight":10,"imagewidth":30,"type":"II3"},{"id":107,"image":"assets/pieces/II4.png","imageheight":10,"imagewidth":40,"type":"II4"},{"id":108,"image":"assets/pieces/II5.png","imageheight":10,"imagewidth":50,"type":"II5"},{"id":109,"image":"assets/pieces/J1.png","imageheight":30,"imagewidth":20,"type":"J1"},{"id":110,"image":"assets/pieces/J2.png","imageheight":20,"imagewidth":30,"type":"J2"},{"id":111,"image":"assets/pieces/J3.png","imageheight":30,"imagewidth":20,"type":"J3"},{"id":112,"image":"assets/pieces/J4.png","imageheight":20,"imagewidth":30,"type":"J4"},{"id":113,"image":"assets/pieces/L1.png","imageheight":30,"imagewidth":20,"type":"L1"},{"id":114,"image":"assets/pieces/L2.png","imageheight":20,"imagewidth":30,"type":"L2"},{"id":115,"image":"assets/pieces/L3.png","imageheight":30,"imagewidth":20,"type":"L3"},{"id":116,"image":"assets/pieces/L4.png","imageheight":20,"imagewidth":30,"type":"L4"},{"id":117,"image":"assets/pieces/O.png","imageheight":20,"imagewidth":20,"type":"O"},{"id":118,"image":"assets/pieces/polyplet-left-2.png","imageheight":20,"imagewidth":20,"type":"polyplet-left-2"},{"id":119,"image":"assets/pieces/polyplet-left-3.png","imageheight":30,"imagewidth":30,"type":"polyplet-left-3"},{"id":120,"image":"assets/pieces/polyplet-left-4.png","imageheight":40,"imagewidth":40,"type":"polyplet-left-4"},{"id":121,"image":"assets/pieces/polyplet-left-5.png","imageheight":50,"imagewidth":50,"type":"polyplet-left-5"},{"id":122,"image":"assets/pieces/polyplet-right-2.png","imageheight":20,"imagewidth":20,"type":"polyplet-right-2"},{"id":123,"image":"assets/pieces/polyplet-right-3.png","imageheight":30,"imagewidth":30,"type":"polyplet-right-3"},{"id":124,"image":"assets/pieces/polyplet-right-4.png","imageheight":40,"imagewidth":40,"type":"polyplet-right-4"},{"id":125,"image":"assets/pieces/polyplet-right-5.png","imageheight":50,"imagewidth":50,"type":"polyplet-right-5"},{"id":126,"image":"assets/pieces/S1.png","imageheight":20,"imagewidth":30,"type":"S1"},{"id":127,"image":"assets/pieces/S2.png","imageheight":30,"imagewidth":20,"type":"S2"},{"id":128,"image":"assets/pieces/T1.png","imageheight":20,"imagewidth":30,"type":"T1"},{"id":129,"image":"assets/pieces/T2.png","imageheight":30,"imagewidth":20,"type":"T2"},{"id":130,"image":"assets/pieces/T3.png","imageheight":20,"imagewidth":30,"type":"T3"},{"id":131,"image":"assets/pieces/T4.png","imageheight":30,"imagewidth":20,"type":"T4"},{"id":132,"image":"assets/pieces/TT1.png","imageheight":30,"imagewidth":30,"type":"TT1"},{"id":133,"image":"assets/pieces/TT2.png","imageheight":30,"imagewidth":30,"type":"TT2"},{"id":134,"image":"assets/pieces/TT3.png","imageheight":30,"imagewidth":30,"type":"TT3"},{"id":135,"image":"assets/pieces/TT4.png","imageheight":30,"imagewidth":30,"type":"TT4"},{"id":136,"image":"assets/pieces/U1.png","imageheight":20,"imagewidth":30,"type":"U1"},{"id":137,"image":"assets/pieces/U2.png","imageheight":30,"imagewidth":20,"type":"U2"},{"id":138,"image":"assets/pieces/U3.png","imageheight":20,"imagewidth":30,"type":"U3"},{"id":139,"image":"assets/pieces/U4.png","imageheight":30,"imagewidth":20,"type":"U4"},{"id":140,"image":"assets/pieces/V1.png","imageheight":20,"imagewidth":20,"type":"V1"},{"id":141,"image":"assets/pieces/V2.png","imageheight":20,"imagewidth":20,"type":"V2"},{"id":142,"image":"assets/pieces/V3.png","imageheight":20,"imagewidth":20,"type":"V3"},{"id":143,"image":"assets/pieces/V4.png","imageheight":20,"imagewidth":20,"type":"V4"},{"id":144,"image":"assets/pieces/VV1.png","imageheight":30,"imagewidth":30,"type":"VV1"},{"id":145,"image":"assets/pieces/VV2.png","imageheight":30,"imagewidth":30,"type":"VV2"},{"id":146,"image":"assets/pieces/VV3.png","imageheight":30,"imagewidth":30,"type":"VV3"},{"id":147,"image":"assets/pieces/VV4.png","imageheight":30,"imagewidth":30,"type":"VV4"},{"id":148,"image":"assets/pieces/X.png","imageheight":30,"imagewidth":30,"type":"X"},{"id":149,"image":"assets/pieces/Z1.png","imageheight":20,"imagewidth":30,"type":"Z1"},{"id":150,"image":"assets/pieces/Z2.png","imageheight":30,"imagewidth":20,"type":"Z2"},{"id":10,"image":"assets/pieces/diamond-10.png","imageheight":10,"imagewidth":10,"type":"diamond-10"},{"id":11,"image":"assets/pieces/diamond-11.png","imageheight":10,"imagewidth":10,"type":"diamond-11"},{"id":12,"image":"assets/pieces/diamond-12.png","imageheight":10,"imagewidth":10,"type":"diamond-12"},{"id":13,"image":"assets/pieces/diamond-13.png","imageheight":10,"imagewidth":10,"type":"diamond-13"},{"id":14,"image":"assets/pieces/diamond-14.png","imageheight":10,"imagewidth":10,"type":"diamond-14"},{"id":15,"image":"assets/pieces/diamond-15.png","imageheight":10,"imagewidth":10,"type":"diamond-15"}],"tilewidth":50}],"tilewidth":10,"type":"map","version":"1.8","width":9}