{"compressionlevel":-1,"height":9,"infinite":false,"layers":[{"data":[13,13,11,0,0,0,0,0,0,13,0,0,0,0,0,0,0,0,11,0,11,0,0,0,0,0,0,0,0,0,0,0,0,0,0,0,0,11,0,0,0,0,0,13,0,0,0,0,0,0,0,0,0,0,0,0,0,0,0,0,11,0,0,0,0,0,0,0,0,0,0,13,0,0,0,0,0,0,0,13,11],"height":9,"id":1,"name":"map","opacity":1,"properties":[{"name":"segment1","propertytype":"segment","type":"class","value":{"avgScore":3.4,"piece1":"{min: 1, max: 10}","piece5":"{min: 1, max: 10}","pieceDistancePerGem":1,"score":100}}],"type":"tilelayer","visible":true,"width":9,"x":0,"y":0},{"draworder":"topdown","id":2,"name":"spawnOrder","objects":[{"gid":110,"height":30,"id":719,"name":"J1","properties":[{"name":"gem_id","type":"string","value":"10"},{"name":"gem_position","type":"string","value":"2"}],"rotation":0,"type":"J1","visible":true,"width":20,"x":-26,"y":140},{"gid":151,"height":30,"id":720,"name":"Z2","rotation":0,"type":"Z2","visible":true,"width":20,"x":35,"y":141},{"gid":109,"height":10,"id":721,"name":"II5","rotation":0,"type":"II5","visible":true,"width":50,"x":110,"y":128},{"gid":127,"height":20,"id":722,"name":"S1","properties":[{"name":"gem_id","type":"string","value":"12"},{"name":"gem_position","type":"string","value":"2"}],"rotation":0,"type":"S1","visible":true,"width":30,"x":-33,"y":194},{"gid":134,"height":30,"id":723,"name":"TT2","properties":[{"name":"gem_id","type":"string","value":"10"},{"name":"gem_position","type":"string","value":"3"}],"rotation":0,"type":"TT2","visible":true,"width":30,"x":35,"y":198},{"gid":105,"height":50,"id":724,"name":"I5","rotation":0,"type":"I5","visible":true,"width":10,"x":110,"y":210},{"gid":106,"height":10,"id":725,"name":"II2","properties":[{"name":"gem_id","type":"string","value":"12"},{"name":"gem_position","type":"string","value":"0"}],"rotation":0,"type":"II2","visible":true,"width":20,"x":-24,"y":256},{"gid":150,"height":20,"id":726,"name":"Z1","properties":[{"name":"gem_id","type":"string","value":"10, 10"},{"name":"gem_position","type":"string","value":"2, 1"}],"rotation":0,"type":"Z1","visible":true,"width":30,"x":35,"y":261},{"gid":132,"height":30,"id":727,"name":"T4","rotation":0,"type":"T4","visible":true,"width":20,"x":110,"y":263},{"gid":127,"height":20,"id":728,"name":"S1","properties":[{"name":"gem_id","type":"string","value":"10"},{"name":"gem_position","type":"string","value":"1"}],"rotation":0,"type":"S1","visible":true,"width":30,"x":-32,"y":311},{"gid":107,"height":10,"id":729,"name":"II3","properties":[{"name":"gem_id","type":"string","value":"10"},{"name":"gem_position","type":"string","value":"1"}],"rotation":0,"type":"II3","visible":true,"width":30,"x":35,"y":305},{"gid":142,"height":20,"id":730,"name":"V2","rotation":0,"type":"V2","visible":true,"width":20,"x":110,"y":310},{"gid":116,"height":30,"id":731,"name":"L3","properties":[{"name":"gem_id","type":"string","value":"10"},{"name":"gem_position","type":"string","value":"2"}],"rotation":0,"type":"L3","visible":true,"width":20,"x":-33,"y":371},{"gid":149,"height":30,"id":732,"name":"X","properties":[{"name":"gem_id","type":"string","value":"10"},{"name":"gem_position","type":"string","value":"3"}],"rotation":0,"type":"X","visible":true,"width":30,"x":35,"y":370},{"gid":133,"height":30,"id":733,"name":"TT1","rotation":0,"type":"TT1","visible":true,"width":30,"x":110,"y":370},{"gid":132,"height":30,"id":734,"name":"T4","properties":[{"name":"gem_id","type":"string","value":"10"},{"name":"gem_position","type":"string","value":"1"}],"rotation":0,"type":"T4","visible":true,"width":20,"x":-36,"y":424},{"gid":142,"height":20,"id":735,"name":"V2","rotation":0,"type":"V2","visible":true,"width":20,"x":35,"y":418},{"gid":149,"height":30,"id":736,"name":"X","rotation":0,"type":"X","visible":true,"width":30,"x":110,"y":422},{"gid":147,"height":30,"id":737,"name":"VV3","properties":[{"name":"gem_id","type":"string","value":"12"},{"name":"gem_position","type":"string","value":"3"}],"rotation":0,"type":"VV3","visible":true,"width":30,"x":-30,"y":482},{"gid":105,"height":50,"id":738,"name":"I5","properties":[{"name":"gem_id","type":"string","value":"12"},{"name":"gem_position","type":"string","value":"1"}],"rotation":0,"type":"I5","visible":true,"width":10,"x":35,"y":495},{"gid":108,"height":10,"id":739,"name":"II4","rotation":0,"type":"II4","visible":true,"width":40,"x":110,"y":475},{"gid":130,"height":30,"id":740,"name":"T2","properties":[{"name":"gem_id","type":"string","value":"12, 12"},{"name":"gem_position","type":"string","value":"1, 3"}],"rotation":0,"type":"T2","visible":true,"width":20,"x":-29,"y":542},{"gid":109,"height":10,"id":741,"name":"II5","properties":[{"name":"gem_id","type":"string","value":"12"},{"name":"gem_position","type":"string","value":"0"}],"rotation":0,"type":"II5","visible":true,"width":50,"x":35,"y":533},{"gid":108,"height":10,"id":742,"name":"II4","rotation":0,"type":"II4","visible":true,"width":40,"x":110,"y":533},{"gid":146,"height":30,"id":743,"name":"VV2","properties":[{"name":"gem_id","type":"string","value":"12"},{"name":"gem_position","type":"string","value":"3"}],"rotation":0,"type":"VV2","visible":true,"width":30,"x":-36,"y":604},{"gid":103,"height":30,"id":744,"name":"I3","rotation":0,"type":"I3","visible":true,"width":10,"x":35,"y":604},{"gid":119,"height":20,"id":745,"name":"polyplet-left-2","rotation":0,"type":"polyplet-left-2","visible":true,"width":20,"x":110,"y":601},{"gid":150,"height":20,"id":746,"name":"Z1","rotation":0,"type":"Z1","visible":true,"width":30,"x":-35,"y":663},{"gid":141,"height":20,"id":747,"name":"V1","properties":[{"name":"gem_id","type":"string","value":"10"},{"name":"gem_position","type":"string","value":"0"}],"rotation":0,"type":"V1","visible":true,"width":20,"x":35,"y":665},{"gid":107,"height":10,"id":748,"name":"II3","rotation":0,"type":"II3","visible":true,"width":30,"x":110,"y":656},{"gid":127,"height":20,"id":749,"name":"S1","properties":[{"name":"gem_id","type":"string","value":"12"},{"name":"gem_position","type":"string","value":"0"}],"rotation":0,"type":"S1","visible":true,"width":30,"x":-35,"y":726},{"gid":146,"height":30,"id":750,"name":"VV2","properties":[{"name":"gem_id","type":"string","value":"10"},{"name":"gem_position","type":"string","value":"0"}],"rotation":0,"type":"VV2","visible":true,"width":30,"x":35,"y":731},{"gid":132,"height":30,"id":751,"name":"T4","rotation":0,"type":"T4","visible":true,"width":20,"x":110,"y":731},{"gid":120,"height":30,"id":752,"name":"polyplet-left-3","properties":[{"name":"gem_id","type":"string","value":"12"},{"name":"gem_position","type":"string","value":"0"}],"rotation":0,"type":"polyplet-left-3","visible":true,"width":30,"x":-40,"y":789},{"gid":105,"height":50,"id":753,"name":"I5","properties":[{"name":"gem_id","type":"string","value":"12"},{"name":"gem_position","type":"string","value":"1"}],"rotation":0,"type":"I5","visible":true,"width":10,"x":35,"y":801},{"gid":145,"height":30,"id":754,"name":"VV1","rotation":0,"type":"VV1","visible":true,"width":30,"x":110,"y":792}],"opacity":1,"type":"objectgroup","visible":true,"x":0,"y":0},{"draworder":"topdown","id":11,"name":"Object Layer 2","objects":[{"gid":13,"height":10,"id":756,"name":"10","rotation":0,"type":"","visible":true,"width":10,"x":10,"y":-10},{"gid":11,"height":10,"id":757,"name":"10","rotation":0,"type":"","visible":true,"width":10,"x":70,"y":-10}],"opacity":1,"type":"objectgroup","visible":true,"x":0,"y":0}],"nextlayerid":12,"nextobjectid":758,"orientation":"orthogonal","properties":[{"name":"target","type":"string","value":"{12: 11, 10: 11}"},{"name":"typeLevel","type":"string","value":"collect"}],"renderorder":"right-down","tiledversion":"1.8.5","tileheight":10,"tilesets":[{"columns":0,"firstgid":1,"grid":{"height":1,"orientation":"orthogonal","width":1},"margin":0,"name":"Pieces","spacing":0,"tilecount":57,"tileheight":50,"tiles":[{"id":1,"image":"assets/pieces/1.png","imageheight":10,"imagewidth":10,"type":"1"},{"id":101,"image":"assets/pieces/I2.png","imageheight":20,"imagewidth":10,"type":"I2"},{"id":102,"image":"assets/pieces/I3.png","imageheight":30,"imagewidth":10,"type":"I3"},{"id":103,"image":"assets/pieces/I4.png","imageheight":40,"imagewidth":10,"type":"I4"},{"id":104,"image":"assets/pieces/I5.png","imageheight":50,"imagewidth":10,"type":"I5"},{"id":105,"image":"assets/pieces/II2.png","imageheight":10,"imagewidth":20,"type":"II2"},{"id":106,"image":"assets/pieces/II3.png","imageheight":10,"imagewidth":30,"type":"II3"},{"id":107,"image":"assets/pieces/II4.png","imageheight":10,"imagewidth":40,"type":"II4"},{"id":108,"image":"assets/pieces/II5.png","imageheight":10,"imagewidth":50,"type":"II5"},{"id":109,"image":"assets/pieces/J1.png","imageheight":30,"imagewidth":20,"type":"J1"},{"id":110,"image":"assets/pieces/J2.png","imageheight":20,"imagewidth":30,"type":"J2"},{"id":111,"image":"assets/pieces/J3.png","imageheight":30,"imagewidth":20,"type":"J3"},{"id":112,"image":"assets/pieces/J4.png","imageheight":20,"imagewidth":30,"type":"J4"},{"id":113,"image":"assets/pieces/L1.png","imageheight":30,"imagewidth":20,"type":"L1"},{"id":114,"image":"assets/pieces/L2.png","imageheight":20,"imagewidth":30,"type":"L2"},{"id":115,"image":"assets/pieces/L3.png","imageheight":30,"imagewidth":20,"type":"L3"},{"id":116,"image":"assets/pieces/L4.png","imageheight":20,"imagewidth":30,"type":"L4"},{"id":117,"image":"assets/pieces/O.png","imageheight":20,"imagewidth":20,"type":"O"},{"id":118,"image":"assets/pieces/polyplet-left-2.png","imageheight":20,"imagewidth":20,"type":"polyplet-left-2"},{"id":119,"image":"assets/pieces/polyplet-left-3.png","imageheight":30,"imagewidth":30,"type":"polyplet-left-3"},{"id":120,"image":"assets/pieces/polyplet-left-4.png","imageheight":40,"imagewidth":40,"type":"polyplet-left-4"},{"id":121,"image":"assets/pieces/polyplet-left-5.png","imageheight":50,"imagewidth":50,"type":"polyplet-left-5"},{"id":122,"image":"assets/pieces/polyplet-right-2.png","imageheight":20,"imagewidth":20,"type":"polyplet-right-2"},{"id":123,"image":"assets/pieces/polyplet-right-3.png","imageheight":30,"imagewidth":30,"type":"polyplet-right-3"},{"id":124,"image":"assets/pieces/polyplet-right-4.png","imageheight":40,"imagewidth":40,"type":"polyplet-right-4"},{"id":125,"image":"assets/pieces/polyplet-right-5.png","imageheight":50,"imagewidth":50,"type":"polyplet-right-5"},{"id":126,"image":"assets/pieces/S1.png","imageheight":20,"imagewidth":30,"type":"S1"},{"id":127,"image":"assets/pieces/S2.png","imageheight":30,"imagewidth":20,"type":"S2"},{"id":128,"image":"assets/pieces/T1.png","imageheight":20,"imagewidth":30,"type":"T1"},{"id":129,"image":"assets/pieces/T2.png","imageheight":30,"imagewidth":20,"type":"T2"},{"id":130,"image":"assets/pieces/T3.png","imageheight":20,"imagewidth":30,"type":"T3"},{"id":131,"image":"assets/pieces/T4.png","imageheight":30,"imagewidth":20,"type":"T4"},{"id":132,"image":"assets/pieces/TT1.png","imageheight":30,"imagewidth":30,"type":"TT1"},{"id":133,"image":"assets/pieces/TT2.png","imageheight":30,"imagewidth":30,"type":"TT2"},{"id":134,"image":"assets/pieces/TT3.png","imageheight":30,"imagewidth":30,"type":"TT3"},{"id":135,"image":"assets/pieces/TT4.png","imageheight":30,"imagewidth":30,"type":"TT4"},{"id":136,"image":"assets/pieces/U1.png","imageheight":20,"imagewidth":30,"type":"U1"},{"id":137,"image":"assets/pieces/U2.png","imageheight":30,"imagewidth":20,"type":"U2"},{"id":138,"image":"assets/pieces/U3.png","imageheight":20,"imagewidth":30,"type":"U3"},{"id":139,"image":"assets/pieces/U4.png","imageheight":30,"imagewidth":20,"type":"U4"},{"id":140,"image":"assets/pieces/V1.png","imageheight":20,"imagewidth":20,"type":"V1"},{"id":141,"image":"assets/pieces/V2.png","imageheight":20,"imagewidth":20,"type":"V2"},{"id":142,"image":"assets/pieces/V3.png","imageheight":20,"imagewidth":20,"type":"V3"},{"id":143,"image":"assets/pieces/V4.png","imageheight":20,"imagewidth":20,"type":"V4"},{"id":144,"image":"assets/pieces/VV1.png","imageheight":30,"imagewidth":30,"type":"VV1"},{"id":145,"image":"assets/pieces/VV2.png","imageheight":30,"imagewidth":30,"type":"VV2"},{"id":146,"image":"assets/pieces/VV3.png","imageheight":30,"imagewidth":30,"type":"VV3"},{"id":147,"image":"assets/pieces/VV4.png","imageheight":30,"imagewidth":30,"type":"VV4"},{"id":148,"image":"assets/pieces/X.png","imageheight":30,"imagewidth":30,"type":"X"},{"id":149,"image":"assets/pieces/Z1.png","imageheight":20,"imagewidth":30,"type":"Z1"},{"id":150,"image":"assets/pieces/Z2.png","imageheight":30,"imagewidth":20,"type":"Z2"},{"id":10,"image":"assets/pieces/diamond-10.png","imageheight":10,"imagewidth":10,"type":"diamond-10"},{"id":11,"image":"assets/pieces/diamond-11.png","imageheight":10,"imagewidth":10,"type":"diamond-11"},{"id":12,"image":"assets/pieces/diamond-12.png","imageheight":10,"imagewidth":10,"type":"diamond-12"},{"id":13,"image":"assets/pieces/diamond-13.png","imageheight":10,"imagewidth":10,"type":"diamond-13"},{"id":14,"image":"assets/pieces/diamond-14.png","imageheight":10,"imagewidth":10,"type":"diamond-14"},{"id":15,"image":"assets/pieces/diamond-15.png","imageheight":10,"imagewidth":10,"type":"diamond-15"}],"tilewidth":50}],"tilewidth":10,"type":"map","version":"1.8","width":9}