[1,["1c0901973@6c48a"],["_textureSource"],["cc.SpriteFrame"],0,[[[{"name":"title-draw-br","rect":{"x":3,"y":71,"width":363,"height":87},"offset":{"x":0,"y":0},"originalSize":{"width":363,"height":87},"rotated":false,"capInsets":[0,0,0,0],"packable":true,"pixelsToUnit":100,"pivot":{"x":0.5,"y":0.5},"meshType":0}],[0],0,[0],[0],[0]],[[{"name":"pin","rect":{"x":3,"y":3,"width":54,"height":77},"offset":{"x":0,"y":0},"originalSize":{"width":54,"height":77},"rotated":true,"capInsets":[0,0,0,0],"packable":true,"pixelsToUnit":100,"pivot":{"x":0.5,"y":0.5},"meshType":0}],[0],0,[0],[0],[0]],[[{"name":"Waiting your opponent","rect":{"x":86,"y":3,"width":629,"height":62},"offset":{"x":0,"y":0},"originalSize":{"width":629,"height":62},"rotated":false,"capInsets":[0,0,0,0],"packable":true,"pixelsToUnit":100,"pivot":{"x":0.5,"y":0.5},"meshType":0}],[0],0,[0],[0],[0]],[[{"name":"title_lose-br","rect":{"x":3,"y":361,"width":602,"height":95},"offset":{"x":0,"y":0},"originalSize":{"width":602,"height":95},"rotated":false,"capInsets":[0,0,0,0],"packable":true,"pixelsToUnit":100,"pivot":{"x":0.5,"y":0.5},"meshType":0}],[0],0,[0],[0],[0]],[[{"name":"title_lose_glow","rect":{"x":3,"y":564,"width":1001,"height":321},"offset":{"x":0,"y":0},"originalSize":{"width":1001,"height":321},"rotated":false,"capInsets":[0,0,0,0],"packable":true,"pixelsToUnit":100,"pivot":{"x":0.5,"y":0.5},"meshType":0}],[0],0,[0],[0],[0]],[[{"name":"title-waiting-br","rect":{"x":3,"y":194,"width":719,"height":63},"offset":{"x":0,"y":0},"originalSize":{"width":719,"height":63},"rotated":false,"capInsets":[0,0,0,0],"packable":true,"pixelsToUnit":100,"pivot":{"x":0.5,"y":0.5},"meshType":0}],[0],0,[0],[0],[0]],[[{"name":"title_win-br","rect":{"x":3,"y":462,"width":633,"height":96},"offset":{"x":0,"y":0},"originalSize":{"width":633,"height":96},"rotated":false,"capInsets":[0,0,0,0],"packable":true,"pixelsToUnit":100,"pivot":{"x":0.5,"y":0.5},"meshType":0}],[0],0,[0],[0],[0]],[[{"name":"title_win","rect":{"x":372,"y":96,"width":451,"height":92},"offset":{"x":0,"y":0},"originalSize":{"width":451,"height":92},"rotated":false,"capInsets":[0,0,0,0],"packable":true,"pixelsToUnit":100,"pivot":{"x":0.5,"y":0.5},"meshType":0}],[0],0,[0],[0],[0]],[[{"name":"title_lose","rect":{"x":3,"y":263,"width":479,"height":92},"offset":{"x":0,"y":0},"originalSize":{"width":479,"height":92},"rotated":false,"capInsets":[0,0,0,0],"packable":true,"pixelsToUnit":100,"pivot":{"x":0.5,"y":0.5},"meshType":0}],[0],0,[0],[0],[0]],[[{"name":"draw-text","rect":{"x":721,"y":3,"width":297,"height":87},"offset":{"x":0,"y":0},"originalSize":{"width":297,"height":87},"rotated":false,"capInsets":[0,0,0,0],"packable":true,"pixelsToUnit":100,"pivot":{"x":0.5,"y":0.5},"meshType":0}],[0],0,[0],[0],[0]]]]
