{"skeleton":{"hash":"QE5o3kjVG3s","spine":"3.8-from-4.0.64","x":-40.63,"y":-3.1,"width":73.94,"height":109.55,"images":"./images/","audio":"D:/WORK/SUNDATA/MERGE MASTER/ANIMATION/Warriors/lv01_Rock_thrower/Project_Spine40"},"bones":[{"name":"root"},{"name":"SKELETON CONTROL","parent":"root","scaleX":0.2329,"scaleY":0.2329,"color":"740b0bff"},{"name":"MOVE_LR","parent":"SKELETON CONTROL","color":"740b0bff"},{"name":"hip","parent":"MOVE_LR","x":1.54,"y":134.35,"color":"ff0079ff"},{"name":"torso_down","parent":"hip","length":31.7,"rotation":90,"x":-0.43,"y":5.14,"color":"d971a2ff"},{"name":"torso_up","parent":"torso_down","length":87.53,"rotation":3.37,"x":35.55,"y":0.43,"color":"d971a2ff"},{"name":"head","parent":"torso_up","length":174.49,"rotation":-0.97,"x":90.15,"y":0.7,"color":"6aba40ff"},{"name":"hair_back","parent":"head","length":57.4,"rotation":178.04,"x":27.96,"y":12.55,"color":"27580dff"},{"name":"leg_R_control","parent":"hip","x":-25.27,"y":9.42,"color":"118fa9ff"},{"name":"leg_R_up","parent":"leg_R_control","length":47.68,"rotation":-98.79,"x":-1.29,"y":-0.86,"color":"392fa1ff"},{"name":"leg_R_down","parent":"leg_R_up","length":66.48,"rotation":11.74,"x":48.95,"y":0.2,"color":"392fa1ff"},{"name":"leg_R_IK","parent":"SKELETON CONTROL","x":-46.39,"y":26.91,"color":"ff3f00ff"},{"name":"foot_R","parent":"leg_R_IK","length":36.97,"rotation":-139.09,"x":-0.95,"y":-0.45,"color":"392fa1ff"},{"name":"leg_L_control","parent":"hip","x":21.39,"y":14.96,"color":"cf7911ff"},{"name":"leg_L_up","parent":"leg_L_control","length":49.76,"rotation":-80.07,"x":0.61,"y":-1.23,"color":"fff656ff"},{"name":"leg_L_down","parent":"leg_L_up","length":68.82,"rotation":-14.27,"x":50.97,"y":-0.21,"color":"fff656ff"},{"name":"leg_L_IK","parent":"SKELETON CONTROL","x":26.91,"y":29.21,"color":"ff3f00ff"},{"name":"foot_L","parent":"leg_L_IK","length":39.92,"rotation":-17.88,"x":0.61,"y":-0.61,"color":"fff656ff"},{"name":"shadow","parent":"MOVE_LR","length":29.29,"x":-21.53,"y":24.84,"color":"000000ff"},{"name":"arm_R_control","parent":"torso_up","rotation":3.82,"x":56.61,"y":23.36,"color":"2a28b3ff"},{"name":"arm_R_up","parent":"arm_R_control","length":45.19,"rotation":114.78,"x":-1.19,"y":1.97,"color":"064b56ff"},{"name":"arm_R_down","parent":"arm_R_up","length":50.6,"rotation":-1.27,"x":45.51,"y":-0.52,"color":"064b56ff"},{"name":"hand_R","parent":"arm_R_down","length":52.36,"rotation":-16.88,"x":50.83,"y":-0.14,"color":"064b56ff"},{"name":"rock","parent":"hand_R","x":21.97,"y":-37.1,"color":"1c1d1dff"},{"name":"arm_L_control","parent":"torso_up","x":63.44,"y":-19.63,"color":"4359d7ff"},{"name":"arm_L_up","parent":"arm_L_control","length":42.64,"rotation":-70.04,"x":2.05,"y":-1.92,"color":"93a2f7ff"},{"name":"arm_L_down","parent":"arm_L_up","length":42.77,"rotation":5.82,"x":42.92,"y":0.66,"color":"93a2f7ff"},{"name":"hand_L","parent":"arm_L_down","length":53.07,"rotation":10.36,"x":43.92,"y":0.59,"color":"93a2f7ff"}],"slots":[{"name":"shadiow","bone":"shadow","attachment":"Rock thrower/shadiow"},{"name":"leg_L","bone":"MOVE_LR","attachment":"Rock thrower/leg_L"},{"name":"leg_R","bone":"MOVE_LR","attachment":"Rock thrower/leg_R"},{"name":"hair_back","bone":"hair_back","attachment":"Rock thrower/hair_back"},{"name":"arm_L","bone":"MOVE_LR","attachment":"Rock thrower/arm_L"},{"name":"torso","bone":"MOVE_LR","attachment":"Rock thrower/torso"},{"name":"head","bone":"head","attachment":"Rock thrower/head_eye_open"},{"name":"rock","bone":"rock","attachment":"Rock thrower/rock"},{"name":"Rock thrower/arm_R_up","bone":"arm_R_up","attachment":"Rock thrower/arm_R_up"},{"name":"Rock thrower/arm_R_down2","bone":"arm_R_down","attachment":"Rock thrower/arm_R_down"},{"name":"Rock thrower/arm_R_down","bone":"hip"},{"name":"hand_R","bone":"hand_R","attachment":"Rock thrower/hand_R"},{"name":"Rock thrower mini_2","bone":"root"}],"ik":[{"name":"leg_L_IK","order":1,"bones":["leg_L_up","leg_L_down"],"target":"leg_L_IK","bendPositive":false},{"name":"leg_R_IK","bones":["leg_R_up","leg_R_down"],"target":"leg_R_IK"}],"skins":[{"name":"default","attachments":{"arm_L":{"Rock thrower/arm_L":{"type":"mesh","uvs":[0.03676,0.61452,0.19233,0.5326,0.34562,0.45068,0.36539,0.44116,0.38175,0.42963,0.50725,0.34055,0.64533,0.27108,0.7643,0.08833,0.88555,0,1,0.00326,1,0.21437,0.91987,0.36246,0.76887,0.50424,0.64304,0.63658,0.51284,0.73407,0.49433,0.7437,0.47695,0.75693,0.3685,0.83508,0.22436,0.96426,0.03447,0.917],"triangles":[8,9,10,10,7,8,11,7,10,6,7,11,12,6,11,13,5,6,13,6,12,14,5,13,4,5,14,15,4,14,3,4,15,16,3,15,16,2,3,17,2,16,1,2,17,18,1,17,0,1,18,19,0,18],"vertices":[2,24,11.85,24.13,0.87045,25,-21.14,18.11,0.12955,2,24,19.74,-0.8,0.07384,25,4.99,17.02,0.92616,2,25,30.79,16.06,0.70604,26,-10.51,16.55,0.29396,2,25,34.07,15.83,0.56091,26,-7.27,15.99,0.43909,2,25,36.95,16.02,0.405,26,-4.39,15.89,0.595,1,26,17.77,15.16,1,2,26,40.56,11.52,0.36206,27,-1.35,11.35,0.63794,1,27,26.32,15.54,1,1,27,47.41,11.2,1,1,27,61.04,-0.52,1,1,27,45.73,-19.08,1,1,27,25.28,-24.11,1,2,26,44.55,-21.15,0.8105,27,-3.29,-21.49,0.1895,2,25,65.27,-21.89,0.17721,26,19.95,-24.7,0.82279,2,25,42.1,-24,0.83881,26,-3.32,-24.45,0.16119,2,25,39,-23.86,0.90293,26,-6.39,-23.99,0.09707,1,25,35.9,-24.16,1,2,24,-16.3,-26.39,0.33165,25,16.73,-25.6,0.66835,1,24,-29.68,-2.93,1,1,24,-22.55,26.51,1],"hull":20,"edges":[0,2,2,4,10,12,12,14,14,16,16,18,18,20,20,22,22,24,24,26,34,36,36,38,0,38,4,6,30,32,32,34,26,28,28,30,6,8,8,10],"width":157,"height":114}},"hair_back":{"Rock thrower/hair_back":{"x":-10.57,"y":2.1,"rotation":89.57,"width":198,"height":162}},"hand_R":{"Rock thrower/hand_R":{"x":21.83,"y":-9.47,"rotation":163.86,"width":59,"height":45}},"head":{"Rock thrower/head_eye_close":{"x":90.18,"y":14.44,"rotation":-92.39,"width":207,"height":205},"Rock thrower/head_eye_open":{"x":90.18,"y":14.44,"rotation":-92.39,"width":207,"height":205}},"leg_L":{"Rock thrower/leg_L":{"type":"mesh","uvs":[0,0.05785,0.28382,0,0.58143,0,0.68993,0.18216,0.74263,0.34179,0.74394,0.42357,0.74263,0.44561,0.74132,0.46434,0.73333,0.58255,0.7002,0.73951,0.70543,0.75003,0.72075,0.75822,1,0.83901,0.99683,0.90705,0.81083,0.99995,0.03892,0.9777,0.06049,0.85114,0.06718,0.8389,0.06585,0.82603,0.04822,0.73433,0.05752,0.64535,0.11757,0.51137,0.12964,0.49148,0.13323,0.47282,0.10402,0.39282,0.04512,0.26852],"triangles":[15,16,14,14,16,11,14,11,13,13,11,12,11,16,17,17,10,11,17,18,10,18,9,10,18,19,9,19,20,9,9,20,8,20,21,8,21,22,8,8,22,7,7,22,23,7,23,6,5,6,23,5,23,24,3,4,25,24,4,5,3,25,1,1,2,3,25,4,24,25,0,1],"vertices":[2,13,-20.93,3.78,0.91742,14,-8.65,-20.36,0.08258,1,13,-2.48,12.69,1,2,13,16.86,12.69,0.32985,14,-10.91,18.4,0.67015,1,14,17.94,20.51,1,1,14,42.75,19.65,1,2,14,55.17,17.56,0.55381,15,-0.31,18.26,0.44619,2,14,58.5,16.9,0.40319,15,3.08,18.43,0.59681,2,14,61.32,16.31,0.28661,15,5.96,18.57,0.71339,1,15,24.15,19.43,1,2,15,48.42,19.11,0.72181,17,13.03,24.71,0.27819,2,15,50.01,19.57,0.6353,17,13.85,23.27,0.3647,2,15,51.19,20.66,0.54035,17,15.18,22.38,0.45965,1,17,36.28,16.11,1,1,17,39.3,6.07,1,1,17,32.19,-11.25,1,2,15,88.25,-20.98,0.20862,17,-16.62,-23.4,0.79138,2,15,68.71,-21.05,0.74444,17,-21.27,-4.42,0.25556,2,15,66.79,-20.76,0.81316,17,-21.43,-2.49,0.18684,2,15,64.82,-21,0.87449,17,-22.12,-0.63,0.12551,1,15,50.83,-23.21,1,1,15,37.12,-23.64,1,1,15,16.25,-21.31,1,2,14,58.59,-23.57,0.09443,15,13.14,-20.76,0.90557,2,14,55.8,-22.85,0.17626,15,10.25,-20.75,0.82374,2,14,43.33,-22.59,0.68315,15,-1.89,-23.57,0.31685,2,13,-18,-28.66,0.08281,14,23.82,-23.06,0.91719],"hull":26,"edges":[0,2,2,4,4,6,6,8,8,10,10,12,12,14,14,16,16,18,18,20,20,22,22,24,24,26,26,28,28,30,30,32,32,34,34,36,36,38,38,40,40,42,42,44,44,46,46,48,48,50,0,50],"width":65,"height":154}},"leg_R":{"Rock thrower/leg_R":{"type":"mesh","uvs":[0.40456,0.00561,1,0.00004,1,0.07246,0.94522,0.24514,0.86432,0.4053,0.85872,0.41922,0.88094,0.43429,0.91999,0.59608,0.89874,0.79781,0.90179,0.81129,0.90443,0.82572,0.93441,0.89967,0.40456,1,0,0.97626,0,0.89549,0.23745,0.79617,0.26038,0.78965,0.26627,0.77882,0.24597,0.59608,0.29443,0.43444,0.30224,0.42014,0.31666,0.40793,0.31806,0.2521,0.32887,0.09752],"triangles":[12,14,15,15,16,12,12,16,10,12,10,11,12,13,14,8,9,16,8,16,17,10,16,9,8,17,7,7,18,19,19,6,7,7,17,18,6,19,5,5,19,21,19,20,21,5,21,4,21,22,4,4,22,3,22,23,3,3,23,2,2,23,0,0,1,2],"vertices":[2,8,-16.76,27.24,0.5206,9,-25.4,-19.58,0.4794,1,8,23.73,28.22,1,1,8,23.73,15.47,1,2,8,20.01,-14.92,0.61674,9,10.65,23.19,0.38326,2,9,39.35,22.06,0.55132,10,-4.95,23.36,0.44868,2,9,41.82,22.06,0.41182,10,-2.53,22.85,0.58818,2,9,44.21,23.95,0.27498,10,0.2,24.22,0.72502,1,10,28.77,25.41,1,2,10,64.16,22.13,0.7681,12,-19.08,13.43,0.2319,2,10,66.54,22.22,0.68838,12,-17.49,15.2,0.31162,2,10,69.08,22.27,0.59833,12,-15.76,17.07,0.40167,2,10,82.18,23.63,0.28428,12,-7.65,27.45,0.71572,1,12,29.86,13.22,1,1,12,45.62,-9.71,1,1,12,35.24,-19.43,1,2,10,61.55,-22.76,0.38177,12,11.45,-19.59,0.61823,2,10,60.48,-21.14,0.49867,12,9.54,-19.24,0.50133,2,10,58.6,-20.64,0.65406,12,7.88,-20.25,0.34594,1,10,26.41,-20.36,1,2,9,50.33,-15.46,0.72252,10,-1.83,-15.61,0.27748,2,9,47.76,-15.32,0.81219,10,-4.32,-14.95,0.18781,2,9,45.49,-14.68,0.88478,10,-6.41,-13.86,0.11522,1,9,18.37,-18.77,1,2,8,-21.91,11.06,0.23612,9,-8.63,-22.2,0.76388],"hull":24,"edges":[0,2,2,4,4,6,6,8,8,10,10,12,12,14,14,16,16,18,18,20,20,22,22,24,24,26,26,28,28,30,30,32,32,34,34,36,36,38,38,40,40,42,42,44,44,46,0,46],"width":68,"height":176}},"rock":{"Rock thrower/rock":{"x":1.02,"y":6.35,"rotation":163.86,"width":66,"height":67}},"Rock thrower/arm_R_down2":{"Rock thrower/arm_R_down":{"type":"mesh","uvs":[0.02465,0.49551,0.18276,0.3816,0.39118,0.25549,0.59601,0.13345,0.84037,0,1,0.21481,1,0.67044,0.8224,0.73959,0.64273,0.82095,0.46305,0.87791,0.27619,0.94707,0.08574,1,0,0.80468],"triangles":[0,1,10,11,12,10,12,0,10,10,1,9,8,9,2,9,1,2,7,8,3,8,2,3,5,7,3,3,4,5,6,7,5],"vertices":[2,21,54.36,-14.54,0.05731,22,7.56,-12.76,0.94269,2,21,43.15,-15.45,0.5385,22,-2.9,-16.89,0.4615,1,21,28.97,-15.53,1,1,21,15.08,-15.51,1,1,21,-1.18,-14.92,1,2,20,41.17,-0.8,0.93303,21,-4.34,-0.38,0.06697,2,20,52.91,20.3,0.53885,21,6.93,20.97,0.46115,2,20,64,18.32,0.2673,21,18.07,19.24,0.7327,2,20,75.52,16.84,0.05959,21,29.61,18.02,0.94041,1,21,40.56,15.66,1,2,21,52.18,13.67,0.78181,22,-2.71,13.6,0.21819,2,21,63.6,10.81,0.30884,22,9.04,14.19,0.69116,1,22,12.12,3.05,1],"hull":13,"edges":[0,2,2,4,4,6,6,8,8,10,10,12,12,14,14,16,16,18,18,20,20,22,22,24,0,24],"width":60,"height":53}},"Rock thrower/arm_R_up":{"Rock thrower/arm_R_up":{"type":"mesh","uvs":[0.08439,0.49916,0.29803,0.40064,0.50003,0.28242,0.76806,0.08537,1,0.20754,1,0.6095,0.92733,0.70803,0.7836,0.77108,0.66618,0.82332,0.56218,0.8696,0.46132,0.91797,0.34853,0.97206,0.11158,1,0.00001,0.78451],"triangles":[0,1,10,11,13,0,12,13,11,10,11,0,5,2,4,5,7,2,6,7,5,8,2,7,1,2,8,9,1,8,10,1,9,2,3,4],"vertices":[1,21,8.91,-17.43,1,2,20,37.67,-16.69,0.30875,21,-7.48,-16.35,0.69125,2,20,21.35,-16.83,0.90412,21,-23.79,-16.85,0.09588,2,19,17.16,8.59,0.40234,20,-1.67,-19.43,0.59766,1,19,7.42,-6.9,1,1,20,2,20.04,1,1,20,9.77,23.45,1,1,20,20.67,22.29,1,1,20,29.6,21.38,1,1,20,37.51,20.57,1,1,20,45.3,20,1,2,20,54.01,19.37,0.75062,21,8.05,20.07,0.24938,2,20,69.39,12.88,0.18984,21,23.58,13.92,0.81016,1,21,23.43,-2.87,1],"hull":14,"edges":[0,2,2,4,4,6,6,8,8,10,10,12,12,14,22,24,24,26,26,0,18,20,20,22,14,16,16,18],"width":70,"height":69}},"shadiow":{"Rock thrower/shadiow":{"x":10.64,"y":-7.66,"width":162,"height":61}},"torso":{"Rock thrower/torso":{"type":"mesh","uvs":[0.38274,0,0.59721,0,0.5913,0.13231,0.66607,0.138,0.74674,0.15509,0.77823,0.26899,0.76839,0.37435,0.76445,0.44839,0.76052,0.47117,0.77823,0.49253,0.84119,0.58365,0.94744,0.68474,1,0.81858,0.97499,0.8741,0.87267,0.84278,0.75658,0.78013,0.66804,0.90258,0.63066,0.89973,0.5185,0.99513,0.47325,0.9937,0.42996,0.92821,0.39651,0.92109,0.36897,0.83281,0.24304,0.87268,0.2214,0.8499,0.05415,0.90827,0.04038,0.87695,0.10137,0.7602,0.0876,0.73457,0.21156,0.63491,0.25878,0.52385,0.28239,0.50819,0.27846,0.48256,0.24894,0.41564,0.21156,0.32167,0.18991,0.18926,0.2391,0.16933,0.31978,0.14797,0.38471,0.12804],"triangles":[17,22,15,12,14,11,15,30,9,15,9,10,15,10,11,14,15,11,13,14,12,16,17,15,20,21,22,22,24,29,25,26,24,27,28,29,22,29,30,24,27,29,26,27,24,15,22,30,23,24,22,38,0,1,2,38,1,34,35,36,5,3,4,37,34,36,38,33,34,6,3,5,6,7,32,38,32,33,37,38,34,2,32,38,2,6,32,3,6,2,7,8,32,31,32,8,9,31,8,9,30,31,17,18,20,17,20,22,18,19,20],"vertices":[1,6,12.64,15.06,1,2,5,101.23,-15.28,0.48517,6,11.35,-15.8,0.51483,1,5,75,-12.89,1,1,5,73.23,-23.57,1,1,5,69.16,-34.97,1,1,5,46.26,-38.16,1,2,5,25.42,-35.52,0.92414,14,-51.69,20.32,0.07586,2,5,10.74,-34.09,0.75203,14,-37.28,17.22,0.24797,3,4,43.74,-32.4,0.05739,5,6.25,-33.25,0.59864,14,-32.91,15.88,0.34397,3,4,39.49,-34.95,0.06953,5,1.86,-35.55,0.4458,14,-28.28,17.66,0.48467,2,5,-16.78,-43.54,0.07688,14,-8.86,23.46,0.92312,1,14,13.6,35.07,1,1,14,41.14,37.93,1,1,14,51.4,32.48,1,1,14,42.72,19.04,1,1,14,27.56,4.72,1,3,3,18.66,-36.97,0.37569,9,36.38,52.86,0.08698,14,49.36,-12.04,0.53733,3,3,13.27,-36.4,0.42963,9,36.82,47.47,0.11621,14,47.88,-17.24,0.45415,3,3,-2.88,-55.38,0.53199,9,58.46,35.11,0.22983,14,63.79,-36.42,0.23818,3,3,-9.39,-55.1,0.53237,9,59.39,28.65,0.23522,14,62.39,-42.79,0.23241,3,3,-15.63,-42.07,0.51421,9,47.73,20.11,0.29626,14,48.48,-46.69,0.18953,3,3,-20.44,-40.65,0.50031,9,47.23,15.12,0.33141,14,46.25,-51.19,0.16828,2,3,-24.41,-23.08,0.25305,9,30.7,7.97,0.74695,1,9,41.86,-8.38,1,1,9,37.98,-12.28,1,1,9,53.85,-33.8,1,1,9,48.1,-36.9,1,1,9,23.64,-32.57,1,1,9,18.99,-35.47,1,1,9,-3.8,-21.6,1,3,4,33.26,39.85,0.10467,5,0.03,39.49,0.38733,9,-26.78,-19.01,0.508,3,4,36.38,36.45,0.10166,5,2.94,35.91,0.50577,9,-30.47,-16.24,0.39258,3,4,41.48,37.02,0.06926,5,8.06,36.18,0.66727,9,-35.38,-17.74,0.26347,2,5,21.61,39.64,0.89875,9,-47.68,-24.38,0.10125,1,5,40.59,43.91,1,1,5,67.08,45.48,1,1,5,70.62,38.17,1,1,5,74.18,26.33,1,2,5,77.59,16.76,0.85008,6,-12.83,15.84,0.14992],"hull":39,"edges":[0,2,2,4,4,6,6,8,8,10,10,12,12,14,14,16,16,18,18,20,20,22,22,24,24,26,26,28,28,30,30,32,32,34,34,36,36,38,38,40,40,42,42,44,44,46,46,48,48,50,50,52,52,54,54,56,56,58,58,60,60,62,62,64,64,66,66,68,68,70,70,72,72,74,74,76,0,76,18,60,64,12],"width":144,"height":199}}}}],"events":{"finished_attacking":{}},"animations":{"attack_above":{"slots":{"head":{"attachment":[{"time":0.6667,"name":"Rock thrower/head_eye_close"},{"time":0.7667,"name":"Rock thrower/head_eye_open"}]},"rock":{"color":[{"time":0.5,"color":"ffffffff"},{"time":0.5333,"color":"ffffff00"}]}},"bones":{"leg_R_IK":{"translate":[{"x":9.27,"y":4.9,"curve":"stepped"},{"time":0.5667,"x":9.27,"y":4.9},{"time":0.6667,"x":-22.81,"y":16.72,"curve":"stepped"},{"time":0.7333,"x":-22.81,"y":16.72},{"time":1,"x":9.27,"y":4.9}]},"leg_L_IK":{"translate":[{"x":3.82,"y":0.55},{"time":0.4667,"x":19.85,"y":9.83},{"time":0.6,"x":3.82,"y":0.55}]},"arm_L_up":{"rotate":[{"angle":-60.55}]},"arm_L_down":{"rotate":[{"angle":13.71},{"time":0.5,"angle":22.57},{"time":0.6333,"angle":11.49},{"time":1,"angle":13.71}]},"arm_R_down":{"rotate":[{"angle":-27.97}]},"arm_R_up":{"rotate":[{"angle":4.35}]},"hip":{"rotate":[{"time":0.1667},{"time":0.5,"angle":16.64},{"time":0.6,"angle":-32.11},{"time":1}]},"head":{"rotate":[{},{"time":0.1,"angle":-6.4},{"time":0.5333,"angle":6.83},{"time":0.6333,"angle":-7},{"time":0.7667,"angle":1.46},{"time":1}]},"rock":{"translate":[{"x":-3.4,"y":0.58}]},"arm_R_control":{"rotate":[{},{"time":0.4,"angle":14.12},{"time":0.6333,"angle":-113.5},{"time":1}]},"torso_up":{"rotate":[{},{"time":0.6333,"angle":-7.33},{"time":1}]},"hand_L":{"rotate":[{},{"time":0.4333,"angle":7.22},{"time":0.6333,"angle":-22.09},{"time":1}]},"foot_L":{"rotate":[{},{"time":0.4667,"angle":-12.19},{"time":0.6333}]}},"events":[{"time":0.5333,"name":"finished_attacking"}]},"attack_below":{"slots":{"head":{"attachment":[{"time":0.6667,"name":"Rock thrower/head_eye_close"},{"time":0.7667,"name":"Rock thrower/head_eye_open"}]},"rock":{"color":[{"time":0.5,"color":"ffffffff"},{"time":0.5333,"color":"ffffff00"}]}},"bones":{"leg_R_IK":{"translate":[{"x":9.27,"y":4.9,"curve":"stepped"},{"time":0.5667,"x":9.27,"y":4.9},{"time":0.6667,"x":-22.81,"y":16.72,"curve":"stepped"},{"time":0.7333,"x":-22.81,"y":16.72},{"time":1,"x":9.27,"y":4.9}]},"leg_L_IK":{"translate":[{"x":3.82,"y":0.55},{"time":0.4667,"x":19.85,"y":9.83},{"time":0.6,"x":3.82,"y":0.55}]},"arm_L_up":{"rotate":[{"angle":-60.55}]},"arm_L_down":{"rotate":[{"angle":13.71},{"time":0.5,"angle":22.57},{"time":0.6333,"angle":11.49},{"time":1,"angle":13.71}]},"arm_R_down":{"rotate":[{"angle":-27.97}]},"arm_R_up":{"rotate":[{"angle":4.35}]},"hip":{"rotate":[{"time":0.1667},{"time":0.5,"angle":16.64},{"time":0.6,"angle":-32.11},{"time":1}]},"head":{"rotate":[{},{"time":0.1,"angle":-6.4},{"time":0.5333,"angle":6.83},{"time":0.6333,"angle":-7},{"time":0.7667,"angle":1.46},{"time":1}]},"rock":{"translate":[{"x":-3.4,"y":0.58}]},"arm_R_control":{"rotate":[{},{"time":0.4,"angle":14.12},{"time":0.6333,"angle":-113.5},{"time":1}]},"torso_up":{"rotate":[{},{"time":0.6333,"angle":-7.33},{"time":1}]},"hand_L":{"rotate":[{},{"time":0.4333,"angle":7.22},{"time":0.6333,"angle":-22.09},{"time":1}]},"foot_L":{"rotate":[{},{"time":0.4667,"angle":-12.19},{"time":0.6333}]}},"events":[{"time":0.5333,"name":"finished_attacking"}]},"die":{"slots":{"head":{"attachment":[{"time":0.4333,"name":"Rock thrower/head_eye_close"}]},"rock":{"color":[{"time":0.3,"color":"ffffffff"},{"time":0.4,"color":"ffffff00"}]}},"bones":{"leg_R_IK":{"rotate":[{},{"time":0.1667,"angle":47.14},{"time":0.3,"angle":160.08},{"time":0.3333,"angle":281.01},{"time":0.5333,"angle":248.27}],"translate":[{"x":9.27,"y":4.9},{"time":0.1667,"x":91.76,"y":-2.88},{"time":0.3333,"x":94.96,"y":-5.25},{"time":0.5333,"x":100.37,"y":-20.57}],"shear":[{"time":0.3},{"time":0.3333,"y":-180}]},"leg_L_IK":{"rotate":[{},{"time":0.3,"angle":55.62}],"translate":[{"x":3.82,"y":0.55},{"time":0.1667,"x":54.44,"y":40.8},{"time":0.2667,"x":30.21,"y":53.16},{"time":0.3667,"x":31.52,"y":15.05},{"time":0.5333,"x":39.85,"y":-3.96}]},"arm_L_up":{"rotate":[{"angle":-60.55},{"time":0.0667,"angle":-41.29},{"time":0.2,"angle":-67.6},{"time":0.3333,"angle":-71.64},{"time":0.4,"angle":-71},{"time":0.4333,"angle":-88.16}]},"arm_L_down":{"rotate":[{"angle":13.71},{"time":0.2667,"angle":33.76},{"time":0.4,"angle":5.82},{"time":0.5,"angle":-13.93},{"time":0.5667,"angle":-24.07}]},"arm_R_down":{"rotate":[{"angle":-27.97},{"time":0.3,"angle":-36.99},{"time":0.4333,"angle":-16.23},{"time":0.7,"angle":-36.99}]},"arm_R_up":{"rotate":[{"angle":4.35},{"time":0.3,"angle":66.16},{"time":0.5333,"angle":30.77},{"time":0.7,"angle":19.12}]},"hip":{"rotate":[{},{"time":0.3333,"angle":74.41},{"time":0.3667,"angle":67.45},{"time":0.4333,"angle":74.41},{"time":0.4667,"angle":81.12},{"time":0.5667,"angle":73.85}],"translate":[{},{"time":0.3333,"x":-47.75,"y":-95.5},{"time":0.4,"x":-31.53,"y":-57.66},{"time":0.5333,"x":-35.14,"y":-114.42}]},"head":{"rotate":[{},{"time":0.1667,"angle":-19.58},{"time":0.3667,"angle":-30.39},{"time":0.4333,"angle":-4.79},{"time":0.5,"angle":-24.34},{"time":0.6,"angle":19.22}]},"leg_R_control":{"shear":[{"time":0.3},{"time":0.3333,"x":2.35,"y":179.12}]},"arm_R_control":{"rotate":[{},{"time":0.0667,"angle":-35},{"time":0.3,"angle":-91.26},{"time":0.4,"angle":-126.63},{"time":0.6667,"angle":-91.26}],"shear":[{"time":0.3667},{"time":0.4,"y":-180}]},"rock":{"translate":[{"x":-3.4,"y":0.58},{"time":0.1667,"x":128.94,"y":-77.89},{"time":0.2667,"x":155.3,"y":-58.39},{"time":0.3,"x":140.55,"y":-141.03},{"time":0.3333,"x":169.99,"y":-158.28},{"time":0.3667,"x":228.61,"y":41.81},{"time":0.4,"x":-54.87,"y":347.63},{"time":0.4333,"x":-130.44,"y":351.53},{"time":0.4667,"x":-257.35,"y":318.91},{"time":0.5,"x":-322.13,"y":275.8},{"time":0.5333,"x":-370.03,"y":227.89},{"time":0.5667,"x":-414.21,"y":162.75}]},"shadow":{"translate":[{},{"time":0.5,"x":-134}],"scale":[{},{"time":0.5,"x":2.985,"y":1.519}]},"arm_L_control":{"translate":[{"time":1.1667}]}},"drawOrder":[{"time":0.5,"offsets":[{"slot":"leg_L","offset":2},{"slot":"leg_R","offset":2}]}]},"idle":{"slots":{"head":{"attachment":[{"time":0.6667,"name":"Rock thrower/head_eye_close"},{"time":0.7667,"name":"Rock thrower/head_eye_open"}]}},"bones":{"leg_R_IK":{"translate":[{"x":9.27,"y":4.9}]},"leg_L_IK":{"translate":[{"x":3.82,"y":0.55}]},"arm_L_up":{"rotate":[{"angle":-60.55},{"time":0.6667,"angle":-69.67},{"time":1.1667,"angle":-60.55}]},"arm_L_down":{"rotate":[{"angle":13.71}]},"arm_R_down":{"rotate":[{"angle":-27.97}]},"arm_R_up":{"rotate":[{"angle":4.35},{"time":0.7333,"angle":-2.85},{"time":1.1667,"angle":4.35}]},"hip":{"translate":[{},{"time":0.5333,"x":10.71,"y":-4.68},{"time":1.1667}]},"head":{"rotate":[{},{"time":0.5667,"angle":-8.87},{"time":1.1667}]},"rock":{"translate":[{"x":-3.4,"y":0.58},{"time":0.5333,"x":-0.67,"y":0.08},{"time":0.7333,"x":1.47,"y":-1.36},{"time":1.1667,"x":-3.4,"y":0.58}]}}}}}