[1,["e4A0ZLsdNGipdq/XhwD/ZY@6c48a"],["_textureSource"],["cc.SpriteFrame"],0,[{"name":"Combo","rect":{"x":0,"y":0,"width":258,"height":74},"offset":{"x":0,"y":0},"originalSize":{"width":258,"height":74},"rotated":false,"capInsets":[0,0,0,0],"vertices":{"rawPosition":[-129,-37,0,129,-37,0,-129,37,0,129,37,0],"indexes":[0,1,2,2,1,3],"uv":[0,74,258,74,0,0,258,0],"nuv":[0,0,1,0,0,1,1,1],"minPos":{"x":-129,"y":-37,"z":0},"maxPos":{"x":129,"y":37,"z":0}},"packable":true,"pixelsToUnit":100,"pivot":{"x":0.5,"y":0.5},"meshType":0}],[0],0,[0],[0],[0]]
