{"skeleton":{"hash":"9DhZdXkGOwXUXCHr5GX/PE7oz68","spine":"3.8.99","x":-2.13,"y":-0.81,"width":750,"height":1334,"images":"./images/","audio":""},"bones":[{"name":"root"},{"name":"bone","parent":"root","x":0,"y":667},{"name":"text","parent":"bone","length":258.91,"rotation":-90,"x":-6.06,"y":564.14,"color":"e0b126ff"},{"name":"aura1","parent":"bone","length":489.53,"rotation":90.5,"x":-7.02,"y":573.67},{"name":"aura-b","parent":"bone","length":492.57,"rotation":-0.24,"x":0.27,"y":572.13},{"name":"glow","parent":"bone","length":445.83,"rotation":-179.77,"x":-12.63,"y":559.93},{"name":"aura2","parent":"bone","length":489.53,"rotation":90.5,"x":-7.02,"y":573.67}],"slots":[{"name":"bg","bone":"bone"},{"name":"aura2","bone":"aura-b","attachment":"aura2","blend":"additive"},{"name":"glow","bone":"glow","attachment":"glow","blend":"screen"},{"name":"aura1","bone":"aura1","attachment":"aura1","blend":"additive"},{"name":"aura3","bone":"aura2","attachment":"aura1","blend":"additive"},{"name":"text-big","bone":"text","attachment":"German/newbest_German"},{"name":"Russian/text-big","bone":"root"}],"skins":[{"name":"default","attachments":{"aura1":{"aura1":{"x":-2.13,"y":-11.09,"rotation":-90.5,"width":611,"height":630}},"aura2":{"aura2":{"x":9.86,"y":-12.71,"rotation":0.24,"width":690,"height":690}},"aura3":{"aura1":{"x":-2.13,"y":-11.09,"rotation":-90.5,"width":611,"height":630}},"glow":{"glow":{"x":-24,"y":6.92,"rotation":179.77,"width":483,"height":481}},"text-big":{"German/newbest_German":{"x":-0.5,"y":0.5,"rotation":90,"width":567,"height":323}}}}],"animations":{"anim5":{"slots":{"aura1":{"color":[{"color":"ffffff00"},{"time":0.2,"color":"ffffff51"},{"time":0.6667,"color":"ffffffff"},{"time":1.6667,"color":"ffffff00"}]},"aura2":{"color":[{"color":"ffffff00"},{"time":0.4667,"color":"ffffff5c","curve":0.25,"c3":0.75},{"time":0.7,"color":"ffffffad","curve":0.25,"c3":0.75},{"time":1.6667,"color":"ffffff00"}]},"aura3":{"color":[{"color":"ffffff00"},{"time":0.2,"color":"84762b30"},{"time":0.6667,"color":"d9ad5962"},{"time":1.4333,"color":"efddba00"},{"time":1.6667,"color":"f6ecd800"}]},"glow":{"color":[{"color":"ffffff00"},{"time":0.5333,"color":"ffffff00"},{"time":0.7333,"color":"ffffff52"},{"time":0.9333,"color":"ffffff7d"},{"time":1.0333,"color":"ffffffc7"},{"time":1.1333,"color":"ffffff90"},{"time":1.6667,"color":"ffffff00"}]},"text-big":{"color":[{"color":"ffffff2c"},{"time":0.0667,"color":"ffffffff","curve":"stepped"},{"time":0.7,"color":"ffffffff","curve":0.25,"c3":0.75},{"time":1.6667,"color":"ffffff00"}]}},"bones":{"text":{"scale":[{"x":0.52,"y":0.52,"curve":0,"c2":0.36,"c3":0.317,"c4":0.7},{"time":0.1333,"curve":0.236,"c2":0.36,"c3":0.566,"c4":0.69},{"time":0.2333,"x":0.5,"y":0.5,"curve":0.114,"c2":0.69,"c3":0.411},{"time":0.9,"x":0.486,"y":0.486}]},"aura1":{"scale":[{"x":0.1,"y":0.1,"curve":0,"c2":0.41,"c3":0.323},{"time":0.2,"x":0.2,"y":0.2,"curve":0.661,"c2":0.02,"c3":0.917,"c4":0.81},{"time":0.6667,"x":0.619,"y":0.619},{"time":1.6667,"x":0.7,"y":0.7}]},"aura-b":{"rotate":[{"angle":2.32},{"time":0.8667,"angle":-23.99,"curve":0.25,"c3":0.75},{"time":1.6667,"angle":-34.31}],"scale":[{"x":0.1,"y":0},{"time":0.4667,"x":0.292,"y":0.292,"curve":0.25,"c3":0.75},{"time":0.7,"x":0.645,"y":0.645,"curve":"stepped"},{"time":1.1,"x":0.645,"y":0.645,"curve":0.25,"c3":0.75},{"time":1.6667,"x":0.56,"y":0.56}]},"glow":{"scale":[{"x":0,"y":0},{"time":0.7333,"x":0.322,"y":0.322},{"time":0.9333,"x":0.287,"y":0.287},{"time":1.0333,"x":0.364,"y":0.364}]},"aura2":{"scale":[{"x":0.1,"y":0.1,"curve":0,"c2":0.41,"c3":0.323},{"time":0.2,"x":0.2,"y":0.2,"curve":0.661,"c2":0.02,"c3":0.917,"c4":0.81},{"time":0.6667,"x":0.619,"y":0.619},{"time":1.6667,"x":0.7,"y":0.7}]}}}}}