{"compressionlevel":-1,"height":96,"infinite":false,"layers":[{"id":2,"image":"../background/4ab0af106332567.5f91416c61956.jpg","name":"background","opacity":1,"type":"imagelayer","visible":true,"x":0,"y":0},{"draworder":"index","id":3,"name":"game-board","objects":[{"gid":146,"height":231,"id":67,"name":"","properties":[{"name":"addon","type":"string","value":""},{"name":"addonValue","type":"int","value":-1},{"name":"faceUp","type":"bool","value":false},{"name":"suit","type":"int","value":-1},{"name":"type","type":"string","value":"value"},{"name":"value","type":"int","value":-1}],"rotation":-15,"type":"","visible":true,"width":162,"x":194.714285714285,"y":1000.83333333333},{"gid":146,"height":231,"id":69,"name":"","properties":[{"name":"addon","type":"string","value":""},{"name":"addonValue","type":"int","value":-1},{"name":"faceUp","type":"bool","value":false},{"name":"suit","type":"int","value":-1},{"name":"type","type":"string","value":"value"},{"name":"value","type":"int","value":-1}],"rotation":-15,"type":"","visible":true,"width":162,"x":160,"y":868.833333333333},{"gid":146,"height":231,"id":72,"name":"","properties":[{"name":"addon","type":"string","value":""},{"name":"addonValue","type":"int","value":-1},{"name":"faceUp","type":"bool","value":false},{"name":"suit","type":"int","value":-1},{"name":"type","type":"string","value":"value"},{"name":"value","type":"int","value":-1}],"rotation":0,"type":"","visible":true,"width":162,"x":229.428571428571,"y":1000.83333333333},{"gid":146,"height":231,"id":73,"name":"","properties":[{"name":"addon","type":"string","value":""},{"name":"addonValue","type":"int","value":-1},{"name":"faceUp","type":"bool","value":false},{"name":"suit","type":"int","value":-1},{"name":"type","type":"string","value":"value"},{"name":"value","type":"int","value":-1}],"rotation":0,"type":"","visible":true,"width":162,"x":229.428571428571,"y":868.833333333333},{"gid":146,"height":231,"id":74,"name":"","properties":[{"name":"addon","type":"string","value":""},{"name":"addonValue","type":"int","value":-1},{"name":"faceUp","type":"bool","value":false},{"name":"suit","type":"int","value":-1},{"name":"type","type":"string","value":"value"},{"name":"value","type":"int","value":-1}],"rotation":15,"type":"","visible":true,"width":162,"x":437.714285714285,"y":1000.83333333333},{"gid":146,"height":231,"id":76,"name":"","properties":[{"name":"addon","type":"string","value":""},{"name":"addonValue","type":"int","value":-1},{"name":"faceUp","type":"bool","value":false},{"name":"suit","type":"int","value":-1},{"name":"type","type":"string","value":"value"},{"name":"value","type":"int","value":-1}],"rotation":15,"type":"","visible":true,"width":162,"x":472.428571428571,"y":868.833333333333},{"gid":146,"height":231,"id":78,"name":"","properties":[{"name":"addon","type":"string","value":""},{"name":"addonValue","type":"int","value":-1},{"name":"faceUp","type":"bool","value":false},{"name":"suit","type":"int","value":-1},{"name":"type","type":"string","value":"value"},{"name":"value","type":"int","value":-1}],"rotation":0,"type":"","visible":true,"width":162,"x":403,"y":1000.83333333333},{"gid":146,"height":231,"id":79,"name":"","properties":[{"name":"addon","type":"string","value":""},{"name":"addonValue","type":"int","value":-1},{"name":"faceUp","type":"bool","value":false},{"name":"suit","type":"int","value":-1},{"name":"type","type":"string","value":"value"},{"name":"value","type":"int","value":-1}],"rotation":0,"type":"","visible":true,"width":162,"x":403,"y":868.833333333333},{"gid":146,"height":231,"id":112,"name":"","properties":[{"name":"addon","type":"string","value":""},{"name":"addonValue","type":"int","value":-1},{"name":"faceUp","type":"bool","value":false},{"name":"suit","type":"int","value":-1},{"name":"type","type":"string","value":"value"},{"name":"value","type":"int","value":-1}],"rotation":0,"type":"","visible":true,"width":162,"x":680,"y":1370},{"gid":146,"height":231,"id":113,"name":"","properties":[{"name":"addon","type":"string","value":""},{"name":"addonValue","type":"int","value":-1},{"name":"faceUp","type":"bool","value":false},{"name":"suit","type":"int","value":-1},{"name":"type","type":"string","value":"value"},{"name":"value","type":"int","value":-1}],"rotation":0,"type":"","visible":true,"width":162,"x":680,"y":1320},{"gid":146,"height":231,"id":138,"name":"","properties":[{"name":"addon","type":"string","value":""},{"name":"addonValue","type":"int","value":-1},{"name":"faceUp","type":"bool","value":false},{"name":"suit","type":"int","value":-1},{"name":"type","type":"string","value":"value"},{"name":"value","type":"int","value":-1}],"rotation":0,"type":"","visible":true,"width":162,"x":850.000040029519,"y":1369.99979974409},{"gid":146,"height":231,"id":139,"name":"","properties":[{"name":"addon","type":"string","value":""},{"name":"addonValue","type":"int","value":-1},{"name":"faceUp","type":"bool","value":false},{"name":"suit","type":"int","value":-1},{"name":"type","type":"string","value":"value"},{"name":"value","type":"int","value":-1}],"rotation":0,"type":"","visible":true,"width":162,"x":850,"y":1320},{"gid":146,"height":231,"id":146,"name":"","properties":[{"name":"addon","type":"string","value":""},{"name":"addonValue","type":"int","value":-1},{"name":"faceUp","type":"bool","value":false},{"name":"suit","type":"int","value":-1},{"name":"type","type":"string","value":"value"},{"name":"value","type":"int","value":-1}],"rotation":15,"type":"","visible":true,"width":162,"x":608.14285714286,"y":1047.3},{"gid":146,"height":231,"id":147,"name":"","properties":[{"name":"addon","type":"string","value":""},{"name":"addonValue","type":"int","value":-1},{"name":"faceUp","type":"bool","value":false},{"name":"suit","type":"int","value":-1},{"name":"type","type":"string","value":"value"},{"name":"value","type":"int","value":-1}],"rotation":15,"type":"","visible":true,"width":162,"x":642.85714285714,"y":915.3},{"gid":146,"height":231,"id":140,"name":"","properties":[{"name":"addon","type":"string","value":""},{"name":"addonValue","type":"int","value":-1},{"name":"faceUp","type":"bool","value":false},{"name":"suit","type":"int","value":-1},{"name":"type","type":"string","value":"value"},{"name":"value","type":"int","value":-1}],"rotation":0,"type":"","visible":true,"width":162,"x":678.72857142857,"y":1047.3},{"gid":146,"height":231,"id":141,"name":"","properties":[{"name":"addon","type":"string","value":""},{"name":"addonValue","type":"int","value":-1},{"name":"faceUp","type":"bool","value":false},{"name":"suit","type":"int","value":-1},{"name":"type","type":"string","value":"value"},{"name":"value","type":"int","value":-1}],"rotation":0,"type":"","visible":true,"width":162,"x":678.72857142857,"y":915.3},{"gid":146,"height":231,"id":148,"name":"","properties":[{"name":"addon","type":"string","value":""},{"name":"addonValue","type":"int","value":-1},{"name":"faceUp","type":"bool","value":false},{"name":"suit","type":"int","value":-1},{"name":"type","type":"string","value":"value"},{"name":"value","type":"int","value":-1}],"rotation":-15,"type":"","visible":true,"width":162,"x":920.57142857143,"y":1047.3},{"gid":146,"height":231,"id":149,"name":"","properties":[{"name":"addon","type":"string","value":""},{"name":"addonValue","type":"int","value":-1},{"name":"faceUp","type":"bool","value":false},{"name":"suit","type":"int","value":-1},{"name":"type","type":"string","value":"value"},{"name":"value","type":"int","value":-1}],"rotation":-15,"type":"","visible":true,"width":162,"x":885.85714285714,"y":915.3},{"gid":146,"height":231,"id":142,"name":"","properties":[{"name":"addon","type":"string","value":""},{"name":"addonValue","type":"int","value":-1},{"name":"faceUp","type":"bool","value":false},{"name":"suit","type":"int","value":-1},{"name":"type","type":"string","value":"value"},{"name":"value","type":"int","value":-1}],"rotation":0,"type":"","visible":true,"width":162,"x":851.14285714286,"y":1047.3},{"gid":146,"height":231,"id":143,"name":"","properties":[{"name":"addon","type":"string","value":""},{"name":"addonValue","type":"int","value":-1},{"name":"faceUp","type":"bool","value":false},{"name":"suit","type":"int","value":-1},{"name":"type","type":"string","value":"value"},{"name":"value","type":"int","value":-1}],"rotation":0,"type":"","visible":true,"width":162,"x":851.14285714286,"y":915.3},{"gid":146,"height":231,"id":151,"name":"","properties":[{"name":"addon","type":"string","value":""},{"name":"addonValue","type":"int","value":-1},{"name":"faceUp","type":"bool","value":false},{"name":"suit","type":"int","value":-1},{"name":"type","type":"string","value":"value"},{"name":"value","type":"int","value":-1}],"rotation":0,"type":"","visible":true,"width":162,"x":720.38571428571,"y":670},{"gid":146,"height":231,"id":152,"name":"","properties":[{"name":"addon","type":"string","value":""},{"name":"addonValue","type":"int","value":-1},{"name":"faceUp","type":"bool","value":false},{"name":"suit","type":"int","value":-1},{"name":"type","type":"string","value":"value"},{"name":"value","type":"int","value":-1}],"rotation":0,"type":"","visible":true,"width":162,"x":812.95714285714,"y":670},{"gid":146,"height":231,"id":153,"name":"","properties":[{"name":"addon","type":"string","value":""},{"name":"addonValue","type":"int","value":-1},{"name":"faceUp","type":"bool","value":false},{"name":"suit","type":"int","value":-1},{"name":"type","type":"string","value":"value"},{"name":"value","type":"int","value":-1}],"rotation":0,"type":"","visible":true,"width":162,"x":269.928571428571,"y":1242.83333333333},{"gid":146,"height":231,"id":154,"name":"","properties":[{"name":"addon","type":"string","value":""},{"name":"addonValue","type":"int","value":-1},{"name":"faceUp","type":"bool","value":false},{"name":"suit","type":"int","value":-1},{"name":"type","type":"string","value":"value"},{"name":"value","type":"int","value":-1}],"rotation":0,"type":"","visible":true,"width":162,"x":362.5,"y":1242.83333333333},{"gid":1073741970,"height":231,"id":155,"name":"","properties":[{"name":"addon","type":"string","value":""},{"name":"addonValue","type":"int","value":-1},{"name":"faceUp","type":"bool","value":false},{"name":"suit","type":"int","value":-1},{"name":"type","type":"string","value":"value"},{"name":"value","type":"int","value":-1}],"rotation":0,"type":"","visible":true,"width":162,"x":230,"y":550},{"gid":1073741970,"height":231,"id":156,"name":"","properties":[{"name":"addon","type":"string","value":""},{"name":"addonValue","type":"int","value":-1},{"name":"faceUp","type":"bool","value":false},{"name":"suit","type":"int","value":-1},{"name":"type","type":"string","value":"value"},{"name":"value","type":"int","value":-1}],"rotation":0,"type":"","visible":true,"width":162,"x":230,"y":600},{"gid":1073741970,"height":231,"id":157,"name":"","properties":[{"name":"addon","type":"string","value":""},{"name":"addonValue","type":"int","value":-1},{"name":"faceUp","type":"bool","value":false},{"name":"suit","type":"int","value":-1},{"name":"type","type":"string","value":"value"},{"name":"value","type":"int","value":-1}],"rotation":0,"type":"","visible":true,"width":162,"x":400,"y":550},{"gid":1073741970,"height":231,"id":158,"name":"","properties":[{"name":"addon","type":"string","value":""},{"name":"addonValue","type":"int","value":-1},{"name":"faceUp","type":"bool","value":false},{"name":"suit","type":"int","value":-1},{"name":"type","type":"string","value":"value"},{"name":"value","type":"int","value":-1}],"rotation":0,"type":"","visible":true,"width":162,"x":400,"y":600}],"opacity":1,"type":"objectgroup","visible":true,"x":0,"y":0},{"draworder":"index","id":4,"name":"settings","objects":[{"gid":146,"height":231,"id":5,"name":"","properties":[{"name":"addon","type":"string","value":""},{"name":"addonValue","type":"int","value":-1},{"name":"faceUp","type":"bool","value":false},{"name":"random","type":"bool","value":true},{"name":"suit","type":"int","value":-1},{"name":"type","type":"string","value":"value"},{"name":"value","type":"int","value":-1}],"rotation":0,"type":"","visible":true,"width":162,"x":240,"y":1680},{"gid":146,"height":231,"id":6,"name":"","properties":[{"name":"addon","type":"string","value":""},{"name":"addonValue","type":"int","value":-1},{"name":"faceUp","type":"bool","value":false},{"name":"random","type":"bool","value":true},{"name":"suit","type":"int","value":-1},{"name":"type","type":"string","value":"value"},{"name":"value","type":"int","value":-1}],"rotation":0,"type":"","visible":true,"width":162,"x":260,"y":1680},{"gid":146,"height":231,"id":7,"name":"","properties":[{"name":"addon","type":"string","value":""},{"name":"addonValue","type":"int","value":-1},{"name":"faceUp","type":"bool","value":false},{"name":"random","type":"bool","value":true},{"name":"suit","type":"int","value":-1},{"name":"type","type":"string","value":"value"},{"name":"value","type":"int","value":-1}],"rotation":0,"type":"","visible":true,"width":162,"x":280,"y":1680},{"gid":146,"height":231,"id":8,"name":"","properties":[{"name":"addon","type":"string","value":""},{"name":"addonValue","type":"int","value":-1},{"name":"faceUp","type":"bool","value":false},{"name":"random","type":"bool","value":true},{"name":"suit","type":"int","value":-1},{"name":"type","type":"string","value":"value"},{"name":"value","type":"int","value":-1}],"rotation":0,"type":"","visible":true,"width":162,"x":300,"y":1680},{"gid":146,"height":231,"id":9,"name":"","properties":[{"name":"addon","type":"string","value":""},{"name":"addonValue","type":"int","value":-1},{"name":"faceUp","type":"bool","value":false},{"name":"random","type":"bool","value":true},{"name":"suit","type":"int","value":-1},{"name":"type","type":"string","value":"value"},{"name":"value","type":"int","value":-1}],"rotation":0,"type":"","visible":true,"width":162,"x":320,"y":1680},{"gid":146,"height":231,"id":10,"name":"","properties":[{"name":"addon","type":"string","value":""},{"name":"addonValue","type":"int","value":-1},{"name":"faceUp","type":"bool","value":false},{"name":"random","type":"bool","value":true},{"name":"suit","type":"int","value":-1},{"name":"type","type":"string","value":"value"},{"name":"value","type":"int","value":-1}],"rotation":0,"type":"","visible":true,"width":162,"x":340,"y":1680},{"gid":146,"height":231,"id":11,"name":"","properties":[{"name":"addon","type":"string","value":""},{"name":"addonValue","type":"int","value":-1},{"name":"faceUp","type":"bool","value":false},{"name":"random","type":"bool","value":true},{"name":"suit","type":"int","value":-1},{"name":"type","type":"string","value":"value"},{"name":"value","type":"int","value":-1}],"rotation":0,"type":"","visible":true,"width":162,"x":360,"y":1680},{"gid":146,"height":231,"id":12,"name":"","properties":[{"name":"addon","type":"string","value":""},{"name":"addonValue","type":"int","value":-1},{"name":"faceUp","type":"bool","value":false},{"name":"random","type":"bool","value":true},{"name":"suit","type":"int","value":-1},{"name":"type","type":"string","value":"value"},{"name":"value","type":"int","value":-1}],"rotation":0,"type":"","visible":true,"width":162,"x":380,"y":1680},{"gid":146,"height":231,"id":13,"name":"","properties":[{"name":"addon","type":"string","value":""},{"name":"addonValue","type":"int","value":-1},{"name":"faceUp","type":"bool","value":false},{"name":"random","type":"bool","value":true},{"name":"suit","type":"int","value":-1},{"name":"type","type":"string","value":"value"},{"name":"value","type":"int","value":-1}],"rotation":0,"type":"","visible":true,"width":162,"x":400,"y":1680},{"gid":146,"height":231,"id":14,"name":"","properties":[{"name":"addon","type":"string","value":""},{"name":"addonValue","type":"int","value":-1},{"name":"faceUp","type":"bool","value":false},{"name":"random","type":"bool","value":true},{"name":"suit","type":"int","value":-1},{"name":"type","type":"string","value":"value"},{"name":"value","type":"int","value":-1}],"rotation":0,"type":"","visible":true,"width":162,"x":420,"y":1680},{"gid":146,"height":231,"id":15,"name":"","properties":[{"name":"addon","type":"string","value":""},{"name":"addonValue","type":"int","value":-1},{"name":"faceUp","type":"bool","value":false},{"name":"random","type":"bool","value":true},{"name":"suit","type":"int","value":-1},{"name":"type","type":"string","value":"value"},{"name":"value","type":"int","value":-1}],"rotation":0,"type":"","visible":true,"width":162,"x":440,"y":1680}],"opacity":1,"properties":[{"name":"mapProperties","type":"class","value":{}}],"type":"objectgroup","visible":true,"x":0,"y":0},{"draworder":"index","id":5,"name":"code-breakers","objects":[],"opacity":1,"properties":[{"name":"direction","type":"string","value":"left"}],"type":"objectgroup","visible":true,"x":0,"y":0}],"nextlayerid":8,"nextobjectid":159,"orientation":"orthogonal","renderorder":"right-down","tiledversion":"1.10.1","tileheight":20,"tilesets":[{"firstgid":1,"source":"../Cards.tsx"},{"firstgid":156,"source":"../CodeBreakers.tsx"}],"tilewidth":20,"type":"map","version":"1.10","width":54}