{"compressionlevel":-1,"height":96,"infinite":false,"layers":[{"id":2,"image":"../background/4ab0af106332567.5f91416c61956.jpg","name":"background","opacity":1,"type":"imagelayer","visible":true,"x":0,"y":0},{"draworder":"index","id":3,"name":"game-board","objects":[{"gid":154,"height":231,"id":1,"name":"","properties":[{"name":"addon","type":"string","value":""},{"name":"addonValue","type":"int","value":-1},{"name":"faceUp","type":"bool","value":true},{"name":"suit","type":"int","value":-1},{"name":"type","type":"string","value":"plus"},{"name":"value","type":"int","value":2}],"rotation":0,"type":"","visible":true,"width":162,"x":277,"y":701},{"gid":154,"height":231,"id":2,"name":"","properties":[{"name":"addon","type":"string","value":""},{"name":"addonValue","type":"int","value":-1},{"name":"faceUp","type":"bool","value":true},{"name":"suit","type":"int","value":-1},{"name":"type","type":"string","value":"plus"},{"name":"value","type":"int","value":2}],"rotation":0,"type":"","visible":true,"width":162,"x":805,"y":701.5},{"gid":154,"height":231,"id":3,"name":"","properties":[{"name":"addon","type":"string","value":""},{"name":"addonValue","type":"int","value":-1},{"name":"faceUp","type":"bool","value":true},{"name":"suit","type":"int","value":-1},{"name":"type","type":"string","value":"plus"},{"name":"value","type":"int","value":2}],"rotation":0,"type":"","visible":true,"width":162,"x":542,"y":1196},{"gid":117,"height":231,"id":4,"name":"","properties":[{"name":"addon","type":"string","value":""},{"name":"addonValue","type":"int","value":-1},{"name":"faceUp","type":"bool","value":false},{"name":"suit","type":"int","value":3},{"name":"type","type":"string","value":"value"},{"name":"value","type":"int","value":11}],"rotation":0,"type":"","visible":true,"width":162,"x":643,"y":701.5},{"gid":146,"height":231,"id":5,"name":"","properties":[{"name":"addon","type":"string","value":""},{"name":"addonValue","type":"int","value":-1},{"name":"faceUp","type":"bool","value":false},{"name":"suit","type":"int","value":-1},{"name":"type","type":"string","value":"value"},{"name":"value","type":"int","value":-1}],"rotation":0,"type":"","visible":true,"width":162,"x":967,"y":701.5},{"gid":146,"height":231,"id":6,"name":"","properties":[{"name":"addon","type":"string","value":""},{"name":"addonValue","type":"int","value":-1},{"name":"faceUp","type":"bool","value":false},{"name":"suit","type":"int","value":-1},{"name":"type","type":"string","value":"value"},{"name":"value","type":"int","value":-1}],"rotation":0,"type":"","visible":true,"width":162,"x":805,"y":467.5},{"gid":146,"height":231,"id":7,"name":"","properties":[{"name":"addon","type":"string","value":""},{"name":"addonValue","type":"int","value":-1},{"name":"faceUp","type":"bool","value":false},{"name":"suit","type":"int","value":-1},{"name":"type","type":"string","value":"value"},{"name":"value","type":"int","value":-1}],"rotation":0,"type":"","visible":true,"width":162,"x":805,"y":936.5},{"gid":122,"height":231,"id":8,"name":"","properties":[{"name":"addon","type":"string","value":""},{"name":"addonValue","type":"int","value":-1},{"name":"faceUp","type":"bool","value":false},{"name":"suit","type":"int","value":2},{"name":"type","type":"string","value":"value"},{"name":"value","type":"int","value":3}],"rotation":0,"type":"","visible":true,"width":162,"x":712.428571428571,"y":829.5},{"gid":146,"height":231,"id":9,"name":"","properties":[{"name":"addon","type":"string","value":""},{"name":"addonValue","type":"int","value":-1},{"name":"faceUp","type":"bool","value":false},{"name":"suit","type":"int","value":-1},{"name":"type","type":"string","value":"value"},{"name":"value","type":"int","value":-1}],"rotation":0,"type":"","visible":true,"width":162,"x":897.57142857143,"y":829.5},{"gid":146,"height":231,"id":10,"name":"","properties":[{"name":"addon","type":"string","value":""},{"name":"addonValue","type":"int","value":-1},{"name":"faceUp","type":"bool","value":false},{"name":"suit","type":"int","value":-1},{"name":"type","type":"string","value":"value"},{"name":"value","type":"int","value":-1}],"rotation":0,"type":"","visible":true,"width":162,"x":712.428571428571,"y":570.5},{"gid":111,"height":231,"id":11,"name":"","properties":[{"name":"addon","type":"string","value":""},{"name":"addonValue","type":"int","value":-1},{"name":"faceUp","type":"bool","value":false},{"name":"suit","type":"int","value":3},{"name":"type","type":"string","value":"value"},{"name":"value","type":"int","value":5}],"rotation":0,"type":"","visible":true,"width":162,"x":897.57142857143,"y":570.5},{"gid":146,"height":231,"id":12,"name":"","properties":[{"name":"addon","type":"string","value":""},{"name":"addonValue","type":"int","value":-1},{"name":"faceUp","type":"bool","value":false},{"name":"suit","type":"int","value":-1},{"name":"type","type":"string","value":"value"},{"name":"value","type":"int","value":4}],"rotation":0,"type":"","visible":true,"width":162,"x":805,"y":701.5},{"gid":146,"height":231,"id":13,"name":"","properties":[{"name":"addon","type":"string","value":""},{"name":"addonValue","type":"int","value":-1},{"name":"faceUp","type":"bool","value":false},{"name":"suit","type":"int","value":-1},{"name":"type","type":"string","value":"value"},{"name":"value","type":"int","value":-1}],"rotation":0,"type":"","visible":true,"width":162,"x":115,"y":701},{"gid":146,"height":231,"id":14,"name":"","properties":[{"name":"addon","type":"string","value":""},{"name":"addonValue","type":"int","value":-1},{"name":"faceUp","type":"bool","value":false},{"name":"suit","type":"int","value":-1},{"name":"type","type":"string","value":"value"},{"name":"value","type":"int","value":-1}],"rotation":0,"type":"","visible":true,"width":162,"x":704,"y":1196},{"gid":146,"height":231,"id":15,"name":"","properties":[{"name":"addon","type":"string","value":""},{"name":"addonValue","type":"int","value":-1},{"name":"faceUp","type":"bool","value":false},{"name":"suit","type":"int","value":-1},{"name":"type","type":"string","value":"value"},{"name":"value","type":"int","value":-1}],"rotation":0,"type":"","visible":true,"width":162,"x":439,"y":701},{"gid":146,"height":231,"id":16,"name":"","properties":[{"name":"addon","type":"string","value":""},{"name":"addonValue","type":"int","value":-1},{"name":"faceUp","type":"bool","value":false},{"name":"suit","type":"int","value":-1},{"name":"type","type":"string","value":"value"},{"name":"value","type":"int","value":-1}],"rotation":0,"type":"","visible":true,"width":162,"x":380,"y":1196},{"gid":146,"height":231,"id":17,"name":"","properties":[{"name":"addon","type":"string","value":""},{"name":"addonValue","type":"int","value":-1},{"name":"faceUp","type":"bool","value":false},{"name":"suit","type":"int","value":-1},{"name":"type","type":"string","value":"value"},{"name":"value","type":"int","value":-1}],"rotation":0,"type":"","visible":true,"width":162,"x":277,"y":467},{"gid":131,"height":231,"id":18,"name":"","properties":[{"name":"addon","type":"string","value":""},{"name":"addonValue","type":"int","value":-1},{"name":"faceUp","type":"bool","value":false},{"name":"suit","type":"int","value":2},{"name":"type","type":"string","value":"value"},{"name":"value","type":"int","value":12}],"rotation":0,"type":"","visible":true,"width":162,"x":542,"y":962},{"gid":129,"height":231,"id":19,"name":"","properties":[{"name":"addon","type":"string","value":""},{"name":"addonValue","type":"int","value":-1},{"name":"faceUp","type":"bool","value":false},{"name":"suit","type":"int","value":2},{"name":"type","type":"string","value":"value"},{"name":"value","type":"int","value":10}],"rotation":0,"type":"","visible":true,"width":162,"x":277,"y":936},{"gid":146,"height":231,"id":20,"name":"","properties":[{"name":"addon","type":"string","value":""},{"name":"addonValue","type":"int","value":-1},{"name":"faceUp","type":"bool","value":false},{"name":"suit","type":"int","value":-1},{"name":"type","type":"string","value":"value"},{"name":"value","type":"int","value":-1}],"rotation":0,"type":"","visible":true,"width":162,"x":542,"y":1431},{"gid":146,"height":231,"id":21,"name":"","properties":[{"name":"addon","type":"string","value":""},{"name":"addonValue","type":"int","value":-1},{"name":"faceUp","type":"bool","value":false},{"name":"suit","type":"int","value":-1},{"name":"type","type":"string","value":"value"},{"name":"value","type":"int","value":-1}],"rotation":0,"type":"","visible":true,"width":162,"x":184.428571428571,"y":829},{"gid":112,"height":231,"id":22,"name":"","properties":[{"name":"addon","type":"string","value":""},{"name":"addonValue","type":"int","value":-1},{"name":"faceUp","type":"bool","value":false},{"name":"suit","type":"int","value":3},{"name":"type","type":"string","value":"value"},{"name":"value","type":"int","value":6}],"rotation":0,"type":"","visible":true,"width":162,"x":634.57142857143,"y":1324},{"gid":110,"height":231,"id":23,"name":"","properties":[{"name":"addon","type":"string","value":""},{"name":"addonValue","type":"int","value":-1},{"name":"faceUp","type":"bool","value":false},{"name":"suit","type":"int","value":3},{"name":"type","type":"string","value":"value"},{"name":"value","type":"int","value":4}],"rotation":0,"type":"","visible":true,"width":162,"x":369.571428571428,"y":829},{"gid":146,"height":231,"id":24,"name":"","properties":[{"name":"addon","type":"string","value":""},{"name":"addonValue","type":"int","value":-1},{"name":"faceUp","type":"bool","value":false},{"name":"suit","type":"int","value":-1},{"name":"type","type":"string","value":"value"},{"name":"value","type":"int","value":-1}],"rotation":0,"type":"","visible":true,"width":162,"x":449.42857142857,"y":1324},{"gid":95,"height":231,"id":25,"name":"","properties":[{"name":"addon","type":"string","value":""},{"name":"addonValue","type":"int","value":-1},{"name":"faceUp","type":"bool","value":false},{"name":"suit","type":"int","value":4},{"name":"type","type":"string","value":"value"},{"name":"value","type":"int","value":2}],"rotation":0,"type":"","visible":true,"width":162,"x":184.428571428571,"y":570},{"gid":94,"height":231,"id":26,"name":"","properties":[{"name":"addon","type":"string","value":""},{"name":"addonValue","type":"int","value":-1},{"name":"faceUp","type":"bool","value":false},{"name":"suit","type":"int","value":4},{"name":"type","type":"string","value":"value"},{"name":"value","type":"int","value":1}],"rotation":0,"type":"","visible":true,"width":162,"x":634.57142857143,"y":1065},{"gid":146,"height":231,"id":27,"name":"","properties":[{"name":"addon","type":"string","value":""},{"name":"addonValue","type":"int","value":-1},{"name":"faceUp","type":"bool","value":false},{"name":"suit","type":"int","value":-1},{"name":"type","type":"string","value":"value"},{"name":"value","type":"int","value":-1}],"rotation":0,"type":"","visible":true,"width":162,"x":369.571428571428,"y":570},{"gid":146,"height":231,"id":28,"name":"","properties":[{"name":"addon","type":"string","value":""},{"name":"addonValue","type":"int","value":-1},{"name":"faceUp","type":"bool","value":false},{"name":"suit","type":"int","value":-1},{"name":"type","type":"string","value":"value"},{"name":"value","type":"int","value":-1}],"rotation":0,"type":"","visible":true,"width":162,"x":449.42857142857,"y":1065},{"gid":146,"height":231,"id":29,"name":"","properties":[{"name":"addon","type":"string","value":""},{"name":"addonValue","type":"int","value":-1},{"name":"faceUp","type":"bool","value":false},{"name":"suit","type":"int","value":-1},{"name":"type","type":"string","value":"value"},{"name":"value","type":"int","value":-1}],"rotation":0,"type":"","visible":true,"width":162,"x":277,"y":701},{"gid":146,"height":231,"id":30,"name":"","properties":[{"name":"addon","type":"string","value":""},{"name":"addonValue","type":"int","value":-1},{"name":"faceUp","type":"bool","value":false},{"name":"suit","type":"int","value":-1},{"name":"type","type":"string","value":"value"},{"name":"value","type":"int","value":5}],"rotation":0,"type":"","visible":true,"width":162,"x":542,"y":1196}],"opacity":1,"type":"objectgroup","visible":true,"x":0,"y":0},{"draworder":"index","id":4,"name":"settings","objects":[{"gid":146,"height":231,"id":1,"name":"","properties":[{"name":"addon","type":"string","value":""},{"name":"addonValue","type":"int","value":-1},{"name":"faceUp","type":"bool","value":false},{"name":"random","type":"bool","value":true},{"name":"suit","type":"int","value":-1},{"name":"type","type":"string","value":"value"},{"name":"value","type":"int","value":-1}],"rotation":0,"type":"","visible":true,"width":162,"x":240,"y":1680},{"gid":146,"height":231,"id":2,"name":"","properties":[{"name":"addon","type":"string","value":""},{"name":"addonValue","type":"int","value":-1},{"name":"faceUp","type":"bool","value":false},{"name":"random","type":"bool","value":true},{"name":"suit","type":"int","value":-1},{"name":"type","type":"string","value":"value"},{"name":"value","type":"int","value":-1}],"rotation":0,"type":"","visible":true,"width":162,"x":260,"y":1680},{"gid":146,"height":231,"id":3,"name":"","properties":[{"name":"addon","type":"string","value":""},{"name":"addonValue","type":"int","value":-1},{"name":"faceUp","type":"bool","value":false},{"name":"random","type":"bool","value":true},{"name":"suit","type":"int","value":-1},{"name":"type","type":"string","value":"value"},{"name":"value","type":"int","value":-1}],"rotation":0,"type":"","visible":true,"width":162,"x":280,"y":1680},{"gid":146,"height":231,"id":4,"name":"","properties":[{"name":"addon","type":"string","value":""},{"name":"addonValue","type":"int","value":-1},{"name":"faceUp","type":"bool","value":false},{"name":"random","type":"bool","value":true},{"name":"suit","type":"int","value":-1},{"name":"type","type":"string","value":"value"},{"name":"value","type":"int","value":-1}],"rotation":0,"type":"","visible":true,"width":162,"x":300,"y":1680},{"gid":146,"height":231,"id":5,"name":"","properties":[{"name":"addon","type":"string","value":""},{"name":"addonValue","type":"int","value":-1},{"name":"faceUp","type":"bool","value":false},{"name":"random","type":"bool","value":true},{"name":"suit","type":"int","value":-1},{"name":"type","type":"string","value":"value"},{"name":"value","type":"int","value":-1}],"rotation":0,"type":"","visible":true,"width":162,"x":320,"y":1680},{"gid":146,"height":231,"id":6,"name":"","properties":[{"name":"addon","type":"string","value":""},{"name":"addonValue","type":"int","value":-1},{"name":"faceUp","type":"bool","value":false},{"name":"random","type":"bool","value":true},{"name":"suit","type":"int","value":-1},{"name":"type","type":"string","value":"value"},{"name":"value","type":"int","value":-1}],"rotation":0,"type":"","visible":true,"width":162,"x":340,"y":1680},{"gid":146,"height":231,"id":7,"name":"","properties":[{"name":"addon","type":"string","value":""},{"name":"addonValue","type":"int","value":-1},{"name":"faceUp","type":"bool","value":false},{"name":"random","type":"bool","value":false},{"name":"suit","type":"int","value":-1},{"name":"type","type":"string","value":"value"},{"name":"value","type":"int","value":3}],"rotation":0,"type":"","visible":true,"width":162,"x":360,"y":1680}],"opacity":1,"properties":[{"name":"mapProperties","type":"class","value":{"matchRatio":{"commonDifference":30,"matchRatio":30}}}],"type":"objectgroup","visible":true,"x":0,"y":0},{"draworder":"index","id":5,"name":"code-breakers","objects":[],"opacity":1,"properties":[{"name":"direction","type":"string","value":"left"}],"type":"objectgroup","visible":true,"x":0,"y":0}],"nextlayerid":8,"nextobjectid":72,"orientation":"orthogonal","renderorder":"right-down","tiledversion":"1.10.1","tileheight":20,"tilesets":[{"firstgid":1,"source":"../Cards.tsx"},{"firstgid":156,"source":"../CodeBreakers.tsx"}],"tilewidth":20,"type":"map","version":"1.10","width":54}