{"compressionlevel":-1,"height":96,"infinite":false,"layers":[{"id":2,"image":"../background/4ab0af106332567.5f91416c61956.jpg","name":"background","opacity":1,"type":"imagelayer","visible":true,"x":0,"y":0},{"draworder":"index","id":3,"name":"game-board","objects":[{"gid":1073741970,"height":231,"id":1,"name":"","properties":[{"name":"addon","type":"string","value":"chain"},{"name":"addonValue","type":"int","value":0},{"name":"faceUp","type":"bool","value":false},{"name":"suit","type":"int","value":-1},{"name":"type","type":"string","value":"value"},{"name":"value","type":"int","value":-1}],"rotation":0,"type":"","visible":true,"width":162,"x":443.571428571429,"y":635},{"gid":1073741970,"height":231,"id":2,"name":"","properties":[{"name":"addon","type":"string","value":"chain"},{"name":"addonValue","type":"int","value":0},{"name":"faceUp","type":"bool","value":false},{"name":"suit","type":"int","value":-1},{"name":"type","type":"string","value":"value"},{"name":"value","type":"int","value":-1}],"rotation":0,"type":"","visible":true,"width":162,"x":640.285714285714,"y":635},{"gid":1073741970,"height":231,"id":3,"name":"","properties":[{"name":"addon","type":"string","value":"chain"},{"name":"addonValue","type":"int","value":2},{"name":"faceUp","type":"bool","value":false},{"name":"suit","type":"int","value":-1},{"name":"type","type":"string","value":"value"},{"name":"value","type":"int","value":-1}],"rotation":0,"type":"","visible":true,"width":162,"x":750,"y":885},{"gid":1073741970,"height":231,"id":4,"name":"","properties":[{"name":"addon","type":"string","value":"chain"},{"name":"addonValue","type":"int","value":2},{"name":"faceUp","type":"bool","value":false},{"name":"suit","type":"int","value":-1},{"name":"type","type":"string","value":"value"},{"name":"value","type":"int","value":-1}],"rotation":0,"type":"","visible":true,"width":162,"x":322,"y":885},{"gid":1073741970,"height":231,"id":5,"name":"","properties":[{"name":"addon","type":"string","value":"chain"},{"name":"addonValue","type":"int","value":4},{"name":"faceUp","type":"bool","value":false},{"name":"suit","type":"int","value":-1},{"name":"type","type":"string","value":"value"},{"name":"value","type":"int","value":-1}],"rotation":-20.0000157228,"type":"","visible":true,"width":162,"x":397.285714285714,"y":591},{"gid":1073741970,"height":231,"id":6,"name":"","properties":[{"name":"addon","type":"string","value":"chain"},{"name":"addonValue","type":"int","value":4},{"name":"faceUp","type":"bool","value":false},{"name":"suit","type":"int","value":-1},{"name":"type","type":"string","value":"value"},{"name":"value","type":"int","value":-1}],"rotation":20.0000157228,"type":"","visible":true,"width":162,"x":686.571428571429,"y":591},{"gid":1073741970,"height":231,"id":7,"name":"","properties":[{"name":"addon","type":"string","value":"chain"},{"name":"addonValue","type":"int","value":6},{"name":"faceUp","type":"bool","value":false},{"name":"suit","type":"int","value":-1},{"name":"type","type":"string","value":"value"},{"name":"value","type":"int","value":-1}],"rotation":20.0000157228,"type":"","visible":true,"width":162,"x":796.28571428572,"y":841},{"gid":1073741970,"height":231,"id":8,"name":"","properties":[{"name":"addon","type":"string","value":"chain"},{"name":"addonValue","type":"int","value":6},{"name":"faceUp","type":"bool","value":false},{"name":"suit","type":"int","value":-1},{"name":"type","type":"string","value":"value"},{"name":"value","type":"int","value":-1}],"rotation":-19.99999280448,"type":"","visible":true,"width":162,"x":287.28571428571,"y":841},{"gid":1073741970,"height":231,"id":9,"name":"","properties":[{"name":"addon","type":"string","value":"chain"},{"name":"addonValue","type":"int","value":8},{"name":"faceUp","type":"bool","value":false},{"name":"suit","type":"int","value":-1},{"name":"type","type":"string","value":"value"},{"name":"value","type":"int","value":-1}],"rotation":-40.0000314456,"type":"","visible":true,"width":162,"x":339.428571428572,"y":547},{"gid":1073741970,"height":231,"id":10,"name":"","properties":[{"name":"addon","type":"string","value":"chain"},{"name":"addonValue","type":"int","value":8},{"name":"faceUp","type":"bool","value":false},{"name":"suit","type":"int","value":-1},{"name":"type","type":"string","value":"value"},{"name":"value","type":"int","value":-1}],"rotation":40.0000314456,"type":"","visible":true,"width":162,"x":744.428571428572,"y":547},{"gid":1073741970,"height":231,"id":11,"name":"","properties":[{"name":"addon","type":"string","value":"chain"},{"name":"addonValue","type":"int","value":10},{"name":"faceUp","type":"bool","value":false},{"name":"suit","type":"int","value":-1},{"name":"type","type":"string","value":"value"},{"name":"value","type":"int","value":-1}],"rotation":40.0000314456,"type":"","visible":true,"width":162,"x":854.14285714286,"y":797},{"gid":1073741970,"height":231,"id":12,"name":"","properties":[{"name":"addon","type":"string","value":"chain"},{"name":"addonValue","type":"int","value":10},{"name":"faceUp","type":"bool","value":false},{"name":"suit","type":"int","value":-1},{"name":"type","type":"string","value":"value"},{"name":"value","type":"int","value":-1}],"rotation":-40.0000314456,"type":"","visible":true,"width":162,"x":229.42857142857,"y":797},{"gid":1073741970,"height":231,"id":13,"name":"","properties":[{"name":"addon","type":"string","value":"chain"},{"name":"addonValue","type":"int","value":12},{"name":"faceUp","type":"bool","value":false},{"name":"suit","type":"int","value":-1},{"name":"type","type":"string","value":"value"},{"name":"value","type":"int","value":-1}],"rotation":-60.00016176,"type":"","visible":true,"width":162,"x":270,"y":492},{"gid":1073741970,"height":231,"id":14,"name":"","properties":[{"name":"addon","type":"string","value":"chain"},{"name":"addonValue","type":"int","value":12},{"name":"faceUp","type":"bool","value":false},{"name":"suit","type":"int","value":-1},{"name":"type","type":"string","value":"value"},{"name":"value","type":"int","value":-1}],"rotation":60.00016176,"type":"","visible":true,"width":162,"x":813.857142857143,"y":492},{"gid":1073741970,"height":231,"id":15,"name":"","properties":[{"name":"addon","type":"string","value":"chain"},{"name":"addonValue","type":"int","value":14},{"name":"faceUp","type":"bool","value":false},{"name":"suit","type":"int","value":-1},{"name":"type","type":"string","value":"value"},{"name":"value","type":"int","value":-1}],"rotation":60.00016176,"type":"","visible":true,"width":162,"x":923.57142857143,"y":742},{"gid":1073741970,"height":231,"id":16,"name":"","properties":[{"name":"addon","type":"string","value":"chain"},{"name":"addonValue","type":"int","value":14},{"name":"faceUp","type":"bool","value":false},{"name":"suit","type":"int","value":-1},{"name":"type","type":"string","value":"value"},{"name":"value","type":"int","value":-1}],"rotation":-60.00013884168,"type":"","visible":true,"width":162,"x":160,"y":742},{"gid":146,"height":231,"id":17,"name":"","properties":[{"name":"addon","type":"string","value":""},{"name":"addonValue","type":"int","value":-1},{"name":"faceUp","type":"bool","value":false},{"name":"suit","type":"int","value":-1},{"name":"type","type":"string","value":"value"},{"name":"value","type":"int","value":-1}],"rotation":0,"type":"","visible":true,"width":162,"x":888.285714285717,"y":1160},{"gid":146,"height":231,"id":18,"name":"","properties":[{"name":"addon","type":"string","value":""},{"name":"addonValue","type":"int","value":-1},{"name":"faceUp","type":"bool","value":false},{"name":"suit","type":"int","value":-1},{"name":"type","type":"string","value":"value"},{"name":"value","type":"int","value":-1}],"rotation":0,"type":"","visible":true,"width":162,"x":194,"y":1160},{"gid":2147483794,"height":231,"id":19,"name":"","properties":[{"name":"addon","type":"string","value":""},{"name":"addonValue","type":"int","value":-1},{"name":"faceUp","type":"bool","value":false},{"name":"suit","type":"int","value":-1},{"name":"type","type":"string","value":"value"},{"name":"value","type":"int","value":-1}],"rotation":0,"type":"","visible":true,"width":162,"x":818.809523809517,"y":1410},{"gid":2147483794,"height":231,"id":20,"name":"","properties":[{"name":"addon","type":"string","value":""},{"name":"addonValue","type":"int","value":-1},{"name":"faceUp","type":"bool","value":false},{"name":"suit","type":"int","value":-1},{"name":"type","type":"string","value":"value"},{"name":"value","type":"int","value":-1}],"rotation":0,"type":"","visible":true,"width":162,"x":263.454545454545,"y":1410},{"gid":146,"height":231,"id":21,"name":"","properties":[{"name":"addon","type":"string","value":""},{"name":"addonValue","type":"int","value":-1},{"name":"faceUp","type":"bool","value":false},{"name":"suit","type":"int","value":-1},{"name":"type","type":"string","value":"value"},{"name":"value","type":"int","value":-1}],"rotation":0,"type":"","visible":true,"width":162,"x":868.614285714287,"y":1160},{"gid":146,"height":231,"id":22,"name":"","properties":[{"name":"addon","type":"string","value":""},{"name":"addonValue","type":"int","value":-1},{"name":"faceUp","type":"bool","value":false},{"name":"suit","type":"int","value":-1},{"name":"type","type":"string","value":"value"},{"name":"value","type":"int","value":-1}],"rotation":0,"type":"","visible":true,"width":162,"x":213.671428571428,"y":1160},{"gid":2147483794,"height":231,"id":23,"name":"","properties":[{"name":"addon","type":"string","value":""},{"name":"addonValue","type":"int","value":-1},{"name":"faceUp","type":"bool","value":false},{"name":"suit","type":"int","value":-1},{"name":"type","type":"string","value":"value"},{"name":"value","type":"int","value":-1}],"rotation":0,"type":"","visible":true,"width":162,"x":799.138095238097,"y":1410},{"gid":2147483794,"height":231,"id":24,"name":"","properties":[{"name":"addon","type":"string","value":""},{"name":"addonValue","type":"int","value":-1},{"name":"faceUp","type":"bool","value":false},{"name":"suit","type":"int","value":-1},{"name":"type","type":"string","value":"value"},{"name":"value","type":"int","value":-1}],"rotation":0,"type":"","visible":true,"width":162,"x":283.125974025973,"y":1410},{"gid":146,"height":231,"id":25,"name":"","properties":[{"name":"addon","type":"string","value":""},{"name":"addonValue","type":"int","value":-1},{"name":"faceUp","type":"bool","value":false},{"name":"suit","type":"int","value":-1},{"name":"type","type":"string","value":"value"},{"name":"value","type":"int","value":-1}],"rotation":0,"type":"","visible":true,"width":162,"x":841.999999999997,"y":1160},{"gid":146,"height":231,"id":26,"name":"","properties":[{"name":"addon","type":"string","value":""},{"name":"addonValue","type":"int","value":-1},{"name":"faceUp","type":"bool","value":false},{"name":"suit","type":"int","value":-1},{"name":"type","type":"string","value":"value"},{"name":"value","type":"int","value":-1}],"rotation":0,"type":"","visible":true,"width":162,"x":240.285714285714,"y":1160},{"gid":2147483794,"height":231,"id":27,"name":"","properties":[{"name":"addon","type":"string","value":""},{"name":"addonValue","type":"int","value":-1},{"name":"faceUp","type":"bool","value":false},{"name":"suit","type":"int","value":-1},{"name":"type","type":"string","value":"value"},{"name":"value","type":"int","value":-1}],"rotation":0,"type":"","visible":true,"width":162,"x":772.523809523807,"y":1410},{"gid":2147483794,"height":231,"id":28,"name":"","properties":[{"name":"addon","type":"string","value":""},{"name":"addonValue","type":"int","value":-1},{"name":"faceUp","type":"bool","value":false},{"name":"suit","type":"int","value":-1},{"name":"type","type":"string","value":"value"},{"name":"value","type":"int","value":-1}],"rotation":0,"type":"","visible":true,"width":162,"x":309.740259740259,"y":1410},{"gid":146,"height":231,"id":29,"name":"","properties":[{"name":"addon","type":"string","value":""},{"name":"addonValue","type":"int","value":-1},{"name":"faceUp","type":"bool","value":false},{"name":"suit","type":"int","value":-1},{"name":"type","type":"string","value":"value"},{"name":"value","type":"int","value":-1}],"rotation":0,"type":"","visible":true,"width":162,"x":807.285714285717,"y":1160},{"gid":146,"height":231,"id":30,"name":"","properties":[{"name":"addon","type":"string","value":""},{"name":"addonValue","type":"int","value":-1},{"name":"faceUp","type":"bool","value":false},{"name":"suit","type":"int","value":-1},{"name":"type","type":"string","value":"value"},{"name":"value","type":"int","value":-1}],"rotation":0,"type":"","visible":true,"width":162,"x":275,"y":1160},{"gid":2147483794,"height":231,"id":31,"name":"","properties":[{"name":"addon","type":"string","value":""},{"name":"addonValue","type":"int","value":-1},{"name":"faceUp","type":"bool","value":false},{"name":"suit","type":"int","value":-1},{"name":"type","type":"string","value":"value"},{"name":"value","type":"int","value":-1}],"rotation":0,"type":"","visible":true,"width":162,"x":737.809523809517,"y":1410},{"gid":2147483794,"height":231,"id":32,"name":"","properties":[{"name":"addon","type":"string","value":""},{"name":"addonValue","type":"int","value":-1},{"name":"faceUp","type":"bool","value":false},{"name":"suit","type":"int","value":-1},{"name":"type","type":"string","value":"value"},{"name":"value","type":"int","value":-1}],"rotation":0,"type":"","visible":true,"width":162,"x":344.454545454545,"y":1410},{"gid":146,"height":231,"id":33,"name":"","properties":[{"name":"addon","type":"string","value":""},{"name":"addonValue","type":"int","value":-1},{"name":"faceUp","type":"bool","value":false},{"name":"suit","type":"int","value":-1},{"name":"type","type":"string","value":"value"},{"name":"value","type":"int","value":-1}],"rotation":0,"type":"","visible":true,"width":162,"x":760.999999999997,"y":1160},{"gid":146,"height":231,"id":34,"name":"","properties":[{"name":"addon","type":"string","value":""},{"name":"addonValue","type":"int","value":-1},{"name":"faceUp","type":"bool","value":false},{"name":"suit","type":"int","value":-1},{"name":"type","type":"string","value":"value"},{"name":"value","type":"int","value":-1}],"rotation":0,"type":"","visible":true,"width":162,"x":321.285714285714,"y":1160},{"gid":2147483794,"height":231,"id":35,"name":"","properties":[{"name":"addon","type":"string","value":""},{"name":"addonValue","type":"int","value":-1},{"name":"faceUp","type":"bool","value":false},{"name":"suit","type":"int","value":-1},{"name":"type","type":"string","value":"value"},{"name":"value","type":"int","value":-1}],"rotation":0,"type":"","visible":true,"width":162,"x":691.523809523807,"y":1410},{"gid":2147483794,"height":231,"id":36,"name":"","properties":[{"name":"addon","type":"string","value":""},{"name":"addonValue","type":"int","value":-1},{"name":"faceUp","type":"bool","value":false},{"name":"suit","type":"int","value":-1},{"name":"type","type":"string","value":"value"},{"name":"value","type":"int","value":-1}],"rotation":0,"type":"","visible":true,"width":162,"x":390.740259740259,"y":1410},{"gid":146,"height":231,"id":37,"name":"","properties":[{"name":"addon","type":"string","value":""},{"name":"addonValue","type":"int","value":-1},{"name":"faceUp","type":"bool","value":false},{"name":"suit","type":"int","value":-1},{"name":"type","type":"string","value":"value"},{"name":"value","type":"int","value":-1}],"rotation":0,"type":"","visible":true,"width":162,"x":703.142857142857,"y":1160},{"gid":146,"height":231,"id":38,"name":"","properties":[{"name":"addon","type":"string","value":""},{"name":"addonValue","type":"int","value":-1},{"name":"faceUp","type":"bool","value":false},{"name":"suit","type":"int","value":-1},{"name":"type","type":"string","value":"value"},{"name":"value","type":"int","value":-1}],"rotation":0,"type":"","visible":true,"width":162,"x":379.142857142857,"y":1160},{"gid":2147483794,"height":231,"id":39,"name":"","properties":[{"name":"addon","type":"string","value":""},{"name":"addonValue","type":"int","value":-1},{"name":"faceUp","type":"bool","value":false},{"name":"suit","type":"int","value":-1},{"name":"type","type":"string","value":"value"},{"name":"value","type":"int","value":-1}],"rotation":0,"type":"","visible":true,"width":162,"x":633.666666666667,"y":1410},{"gid":2147483794,"height":231,"id":40,"name":"","properties":[{"name":"addon","type":"string","value":""},{"name":"addonValue","type":"int","value":-1},{"name":"faceUp","type":"bool","value":false},{"name":"suit","type":"int","value":-1},{"name":"type","type":"string","value":"value"},{"name":"value","type":"int","value":-1}],"rotation":0,"type":"","visible":true,"width":162,"x":448.597402597402,"y":1410},{"gid":146,"height":231,"id":41,"name":"","properties":[{"name":"addon","type":"string","value":""},{"name":"addonValue","type":"int","value":-1},{"name":"faceUp","type":"bool","value":false},{"name":"suit","type":"int","value":-1},{"name":"type","type":"string","value":"value"},{"name":"value","type":"int","value":-1}],"rotation":0,"type":"","visible":true,"width":162,"x":633.714285714287,"y":1160},{"gid":146,"height":231,"id":42,"name":"","properties":[{"name":"addon","type":"string","value":""},{"name":"addonValue","type":"int","value":-1},{"name":"faceUp","type":"bool","value":false},{"name":"suit","type":"int","value":-1},{"name":"type","type":"string","value":"value"},{"name":"value","type":"int","value":-1}],"rotation":0,"type":"","visible":true,"width":162,"x":448.571428571428,"y":1160}],"opacity":1,"type":"objectgroup","visible":true,"x":0,"y":0},{"draworder":"index","id":4,"name":"settings","objects":[{"gid":146,"height":231,"id":1,"name":"","properties":[{"name":"addon","type":"string","value":""},{"name":"addonValue","type":"int","value":-1},{"name":"faceUp","type":"bool","value":false},{"name":"random","type":"bool","value":true},{"name":"suit","type":"int","value":-1},{"name":"type","type":"string","value":"value"},{"name":"value","type":"int","value":-1}],"rotation":0,"type":"","visible":true,"width":162,"x":240,"y":1680},{"gid":146,"height":231,"id":2,"name":"","properties":[{"name":"addon","type":"string","value":""},{"name":"addonValue","type":"int","value":-1},{"name":"faceUp","type":"bool","value":false},{"name":"random","type":"bool","value":true},{"name":"suit","type":"int","value":-1},{"name":"type","type":"string","value":"value"},{"name":"value","type":"int","value":-1}],"rotation":0,"type":"","visible":true,"width":162,"x":260,"y":1680},{"gid":146,"height":231,"id":3,"name":"","properties":[{"name":"addon","type":"string","value":""},{"name":"addonValue","type":"int","value":-1},{"name":"faceUp","type":"bool","value":false},{"name":"random","type":"bool","value":true},{"name":"suit","type":"int","value":-1},{"name":"type","type":"string","value":"value"},{"name":"value","type":"int","value":-1}],"rotation":0,"type":"","visible":true,"width":162,"x":280,"y":1680},{"gid":146,"height":231,"id":4,"name":"","properties":[{"name":"addon","type":"string","value":""},{"name":"addonValue","type":"int","value":-1},{"name":"faceUp","type":"bool","value":false},{"name":"random","type":"bool","value":true},{"name":"suit","type":"int","value":-1},{"name":"type","type":"string","value":"value"},{"name":"value","type":"int","value":-1}],"rotation":0,"type":"","visible":true,"width":162,"x":300,"y":1680},{"gid":146,"height":231,"id":5,"name":"","properties":[{"name":"addon","type":"string","value":""},{"name":"addonValue","type":"int","value":-1},{"name":"faceUp","type":"bool","value":false},{"name":"random","type":"bool","value":true},{"name":"suit","type":"int","value":-1},{"name":"type","type":"string","value":"value"},{"name":"value","type":"int","value":-1}],"rotation":0,"type":"","visible":true,"width":162,"x":320,"y":1680},{"gid":146,"height":231,"id":6,"name":"","properties":[{"name":"addon","type":"string","value":""},{"name":"addonValue","type":"int","value":-1},{"name":"faceUp","type":"bool","value":false},{"name":"random","type":"bool","value":true},{"name":"suit","type":"int","value":-1},{"name":"type","type":"string","value":"value"},{"name":"value","type":"int","value":-1}],"rotation":0,"type":"","visible":true,"width":162,"x":340,"y":1680},{"gid":146,"height":231,"id":7,"name":"","properties":[{"name":"addon","type":"string","value":""},{"name":"addonValue","type":"int","value":-1},{"name":"faceUp","type":"bool","value":false},{"name":"random","type":"bool","value":true},{"name":"suit","type":"int","value":-1},{"name":"type","type":"string","value":"value"},{"name":"value","type":"int","value":-1}],"rotation":0,"type":"","visible":true,"width":162,"x":360,"y":1680},{"gid":146,"height":231,"id":8,"name":"","properties":[{"name":"addon","type":"string","value":""},{"name":"addonValue","type":"int","value":-1},{"name":"faceUp","type":"bool","value":false},{"name":"random","type":"bool","value":true},{"name":"suit","type":"int","value":-1},{"name":"type","type":"string","value":"value"},{"name":"value","type":"int","value":-1}],"rotation":0,"type":"","visible":true,"width":162,"x":380,"y":1680},{"gid":146,"height":231,"id":9,"name":"","properties":[{"name":"addon","type":"string","value":""},{"name":"addonValue","type":"int","value":-1},{"name":"faceUp","type":"bool","value":false},{"name":"random","type":"bool","value":true},{"name":"suit","type":"int","value":-1},{"name":"type","type":"string","value":"value"},{"name":"value","type":"int","value":-1}],"rotation":0,"type":"","visible":true,"width":162,"x":400,"y":1680},{"gid":146,"height":231,"id":10,"name":"","properties":[{"name":"addon","type":"string","value":""},{"name":"addonValue","type":"int","value":-1},{"name":"faceUp","type":"bool","value":false},{"name":"random","type":"bool","value":true},{"name":"suit","type":"int","value":-1},{"name":"type","type":"string","value":"value"},{"name":"value","type":"int","value":-1}],"rotation":0,"type":"","visible":true,"width":162,"x":420,"y":1680},{"gid":146,"height":231,"id":11,"name":"","properties":[{"name":"addon","type":"string","value":""},{"name":"addonValue","type":"int","value":-1},{"name":"faceUp","type":"bool","value":false},{"name":"random","type":"bool","value":true},{"name":"suit","type":"int","value":-1},{"name":"type","type":"string","value":"value"},{"name":"value","type":"int","value":-1}],"rotation":0,"type":"","visible":true,"width":162,"x":440,"y":1680},{"gid":146,"height":231,"id":12,"name":"","properties":[{"name":"addon","type":"string","value":""},{"name":"addonValue","type":"int","value":-1},{"name":"faceUp","type":"bool","value":false},{"name":"random","type":"bool","value":true},{"name":"suit","type":"int","value":-1},{"name":"type","type":"string","value":"value"},{"name":"value","type":"int","value":-1}],"rotation":0,"type":"","visible":true,"width":162,"x":460,"y":1680},{"gid":146,"height":231,"id":13,"name":"","properties":[{"name":"addon","type":"string","value":""},{"name":"addonValue","type":"int","value":-1},{"name":"faceUp","type":"bool","value":false},{"name":"random","type":"bool","value":true},{"name":"suit","type":"int","value":-1},{"name":"type","type":"string","value":"value"},{"name":"value","type":"int","value":-1}],"rotation":0,"type":"","visible":true,"width":162,"x":480,"y":1680}],"opacity":1,"properties":[{"name":"mapProperties","type":"class","value":{}}],"type":"objectgroup","visible":true,"x":0,"y":0},{"draworder":"index","id":5,"name":"code-breakers","objects":[],"opacity":1,"properties":[{"name":"direction","type":"string","value":"left"}],"type":"objectgroup","visible":true,"x":0,"y":0}],"nextlayerid":8,"nextobjectid":66,"orientation":"orthogonal","renderorder":"right-down","tiledversion":"1.10.1","tileheight":20,"tilesets":[{"firstgid":1,"source":"../Cards.tsx"},{"firstgid":156,"source":"../CodeBreakers.tsx"}],"tilewidth":20,"type":"map","version":"1.10","width":54}