<?xml version="1.0" encoding="UTF-8"?><font><info face="primary-light" size="72" bold="0" italic="0" charset="" unicode="1" stretchH="100" smooth="1" aa="1" padding="1,1,1,1" spacing="1,1"/><common lineHeight="72" base="54" scaleW="545" scaleH="545" pages="1" packed="0"/><pages><page id="0" file="primary-light.png"/></pages><chars count="129"><char id="32" x="0" y="0" width="0" height="0" xoffset="0" yoffset="-13" xadvance="15" page="0" chnl="15"/><char id="33" x="0" y="144" width="17" height="56" xoffset="1" yoffset="-9" xadvance="20" page="0" chnl="15"/><char id="34" x="156" y="517" width="27" height="25" xoffset="1" yoffset="-9" xadvance="29" page="0" chnl="15"/><char id="35" x="107" y="313" width="38" height="53" xoffset="1" yoffset="-7" xadvance="40" page="0" chnl="15"/><char id="36" x="483" y="0" width="36" height="64" xoffset="2" yoffset="-12" xadvance="40" page="0" chnl="15"/><char id="37" x="245" y="201" width="63" height="55" xoffset="0" yoffset="-8" xadvance="64" page="0" chnl="15"/><char id="38" x="102" y="144" width="50" height="56" xoffset="0" yoffset="-9" xadvance="49" page="0" chnl="15"/><char id="39" x="528" y="388" width="13" height="26" xoffset="1" yoffset="-10" xadvance="15" page="0" chnl="15"/><char id="40" x="441" y="0" width="20" height="64" xoffset="2" yoffset="-10" xadvance="23" page="0" chnl="15"/><char id="41" x="462" y="0" width="20" height="64" xoffset="1" yoffset="-10" xadvance="23" page="0" chnl="15"/><char id="42" x="512" y="472" width="33" height="34" xoffset="0" yoffset="-9" xadvance="33" page="0" chnl="15"/><char id="43" x="0" y="472" width="41" height="44" xoffset="1" yoffset="2" xadvance="43" page="0" chnl="15"/><char id="44" x="0" y="517" width="20" height="28" xoffset="-2" yoffset="27" xadvance="19" page="0" chnl="15"/><char id="45" x="184" y="517" width="23" height="14" xoffset="0" yoffset="17" xadvance="24" page="0" chnl="15"/><char id="46" x="528" y="367" width="16" height="20" xoffset="2" yoffset="27" xadvance="19" page="0" chnl="15"/><char id="47" x="206" y="80" width="27" height="59" xoffset="-1" yoffset="-10" xadvance="24" page="0" chnl="15"/><char id="48" x="81" y="201" width="40" height="55" xoffset="0" yoffset="-8" xadvance="40" page="0" chnl="15"/><char id="49" x="0" y="313" width="26" height="53" xoffset="4" yoffset="-7" xadvance="40" page="0" chnl="15"/><char id="50" x="410" y="257" width="37" height="54" xoffset="1" yoffset="-8" xadvance="40" page="0" chnl="15"/><char id="51" x="43" y="201" width="37" height="55" xoffset="1" yoffset="-8" xadvance="40" page="0" chnl="15"/><char id="52" x="27" y="313" width="40" height="53" xoffset="0" yoffset="-7" xadvance="40" page="0" chnl="15"/><char id="53" x="448" y="257" width="37" height="54" xoffset="1" yoffset="-7" xadvance="40" page="0" chnl="15"/><char id="54" x="122" y="201" width="40" height="55" xoffset="0" yoffset="-8" xadvance="40" page="0" chnl="15"/><char id="55" x="68" y="313" width="38" height="53" xoffset="1" yoffset="-7" xadvance="40" page="0" chnl="15"/><char id="56" x="163" y="201" width="40" height="55" xoffset="0" yoffset="-8" xadvance="40" page="0" chnl="15"/><char id="57" x="204" y="201" width="40" height="55" xoffset="0" yoffset="-8" xadvance="40" page="0" chnl="15"/><char id="58" x="528" y="313" width="16" height="43" xoffset="2" yoffset="4" xadvance="19" page="0" chnl="15"/><char id="61" x="499" y="420" width="42" height="28" xoffset="0" yoffset="10" xadvance="43" page="0" chnl="15"/><char id="63" x="18" y="144" width="30" height="56" xoffset="1" yoffset="-9" xadvance="33" page="0" chnl="15"/><char id="64" x="49" y="144" width="52" height="56" xoffset="2" yoffset="-3" xadvance="56" page="0" chnl="15"/><char id="65" x="309" y="201" width="49" height="55" xoffset="-1" yoffset="-9" xadvance="48" page="0" chnl="15"/><char id="66" x="153" y="144" width="40" height="56" xoffset="3" yoffset="-9" xadvance="44" page="0" chnl="15"/><char id="67" x="194" y="144" width="42" height="56" xoffset="1" yoffset="-9" xadvance="43" page="0" chnl="15"/><char id="68" x="237" y="144" width="47" height="56" xoffset="3" yoffset="-9" xadvance="51" page="0" chnl="15"/><char id="69" x="359" y="201" width="36" height="55" xoffset="2" yoffset="-9" xadvance="39" page="0" chnl="15"/><char id="70" x="396" y="201" width="35" height="55" xoffset="2" yoffset="-9" xadvance="38" page="0" chnl="15"/><char id="71" x="285" y="144" width="47" height="56" xoffset="0" yoffset="-9" xadvance="50" page="0" chnl="15"/><char id="72" x="432" y="201" width="45" height="55" xoffset="2" yoffset="-9" xadvance="50" page="0" chnl="15"/><char id="73" x="478" y="201" width="15" height="55" xoffset="3" yoffset="-9" xadvance="21" page="0" chnl="15"/><char id="75" x="494" y="201" width="43" height="55" xoffset="3" yoffset="-9" xadvance="45" page="0" chnl="15"/><char id="76" x="0" y="257" width="35" height="55" xoffset="2" yoffset="-9" xadvance="37" page="0" chnl="15"/><char id="77" x="36" y="257" width="57" height="55" xoffset="2" yoffset="-9" xadvance="61" page="0" chnl="15"/><char id="78" x="94" y="257" width="44" height="55" xoffset="3" yoffset="-9" xadvance="50" page="0" chnl="15"/><char id="79" x="333" y="144" width="50" height="56" xoffset="1" yoffset="-9" xadvance="52" page="0" chnl="15"/><char id="80" x="506" y="144" width="39" height="55" xoffset="3" yoffset="-9" xadvance="42" page="0" chnl="15"/><char id="81" x="43" y="80" width="50" height="63" xoffset="1" yoffset="-9" xadvance="52" page="0" chnl="15"/><char id="82" x="139" y="257" width="40" height="55" xoffset="3" yoffset="-9" xadvance="43" page="0" chnl="15"/><char id="83" x="384" y="144" width="37" height="56" xoffset="1" yoffset="-9" xadvance="39" page="0" chnl="15"/><char id="84" x="180" y="257" width="42" height="55" xoffset="-1" yoffset="-9" xadvance="40" page="0" chnl="15"/><char id="86" x="223" y="257" width="48" height="55" xoffset="-1" yoffset="-9" xadvance="46" page="0" chnl="15"/><char id="88" x="272" y="257" width="46" height="55" xoffset="-1" yoffset="-9" xadvance="45" page="0" chnl="15"/><char id="89" x="319" y="257" width="46" height="55" xoffset="-1" yoffset="-9" xadvance="44" page="0" chnl="15"/><char id="90" x="366" y="257" width="43" height="55" xoffset="-1" yoffset="-9" xadvance="42" page="0" chnl="15"/><char id="92" x="179" y="80" width="26" height="59" xoffset="-1" yoffset="-10" xadvance="24" page="0" chnl="15"/><char id="93" x="23" y="80" width="19" height="63" xoffset="1" yoffset="-9" xadvance="23" page="0" chnl="15"/><char id="94" x="470" y="472" width="41" height="40" xoffset="1" yoffset="-7" xadvance="43" page="0" chnl="15"/><char id="95" x="184" y="532" width="40" height="10" xoffset="-2" yoffset="45" xadvance="37" page="0" chnl="15"/><char id="97" x="42" y="472" width="36" height="43" xoffset="0" yoffset="4" xadvance="39" page="0" chnl="15"/><char id="98" x="234" y="80" width="41" height="58" xoffset="2" yoffset="-11" xadvance="44" page="0" chnl="15"/><char id="99" x="79" y="472" width="33" height="43" xoffset="0" yoffset="4" xadvance="33" page="0" chnl="15"/><char id="100" x="276" y="80" width="41" height="58" xoffset="0" yoffset="-11" xadvance="43" page="0" chnl="15"/><char id="101" x="113" y="472" width="38" height="43" xoffset="0" yoffset="4" xadvance="39" page="0" chnl="15"/><char id="102" x="318" y="80" width="29" height="58" xoffset="-1" yoffset="-12" xadvance="25" page="0" chnl="15"/><char id="103" x="364" y="80" width="40" height="57" xoffset="0" yoffset="4" xadvance="43" page="0" chnl="15"/><char id="104" x="405" y="80" width="38" height="57" xoffset="2" yoffset="-11" xadvance="43" page="0" chnl="15"/><char id="105" x="444" y="80" width="16" height="57" xoffset="2" yoffset="-11" xadvance="20" page="0" chnl="15"/><char id="107" x="461" y="80" width="40" height="57" xoffset="2" yoffset="-11" xadvance="40" page="0" chnl="15"/><char id="108" x="348" y="80" width="15" height="58" xoffset="2" yoffset="-12" xadvance="20" page="0" chnl="15"/><char id="109" x="265" y="472" width="58" height="42" xoffset="2" yoffset="4" xadvance="62" page="0" chnl="15"/><char id="110" x="226" y="472" width="38" height="42" xoffset="2" yoffset="4" xadvance="43" page="0" chnl="15"/><char id="111" x="152" y="472" width="41" height="43" xoffset="0" yoffset="4" xadvance="42" page="0" chnl="15"/><char id="112" x="422" y="144" width="41" height="56" xoffset="2" yoffset="4" xadvance="44" page="0" chnl="15"/><char id="113" x="464" y="144" width="41" height="56" xoffset="0" yoffset="4" xadvance="43" page="0" chnl="15"/><char id="114" x="324" y="472" width="26" height="42" xoffset="2" yoffset="4" xadvance="28" page="0" chnl="15"/><char id="115" x="194" y="472" width="31" height="43" xoffset="0" yoffset="4" xadvance="32" page="0" chnl="15"/><char id="116" x="103" y="367" width="27" height="52" xoffset="-1" yoffset="-5" xadvance="27" page="0" chnl="15"/><char id="118" x="393" y="472" width="41" height="41" xoffset="-1" yoffset="5" xadvance="39" page="0" chnl="15"/><char id="120" x="351" y="472" width="41" height="41" xoffset="-2" yoffset="5" xadvance="38" page="0" chnl="15"/><char id="121" x="502" y="80" width="41" height="57" xoffset="-2" yoffset="5" xadvance="38" page="0" chnl="15"/><char id="122" x="435" y="472" width="34" height="41" xoffset="0" yoffset="5" xadvance="34" page="0" chnl="15"/><char id="123" x="520" y="0" width="22" height="63" xoffset="0" yoffset="-9" xadvance="23" page="0" chnl="15"/><char id="124" x="41" y="0" width="12" height="78" xoffset="4" yoffset="-14" xadvance="21" page="0" chnl="15"/><char id="125" x="0" y="80" width="22" height="63" xoffset="0" yoffset="-9" xadvance="23" page="0" chnl="15"/><char id="2306" x="528" y="449" width="12" height="15" xoffset="-15" yoffset="-9" xadvance="0" page="0" chnl="15"/><char id="2309" x="469" y="313" width="58" height="52" xoffset="0" yoffset="5" xadvance="56" page="0" chnl="15"/><char id="2310" x="237" y="313" width="77" height="52" xoffset="0" yoffset="5" xadvance="74" page="0" chnl="15"/><char id="2311" x="138" y="80" width="40" height="59" xoffset="-2" yoffset="6" xadvance="36" page="0" chnl="15"/><char id="2312" x="0" y="0" width="40" height="79" xoffset="-2" yoffset="-14" xadvance="36" page="0" chnl="15"/><char id="2319" x="395" y="0" width="45" height="64" xoffset="-2" yoffset="6" xadvance="40" page="0" chnl="15"/><char id="2324" x="187" y="0" width="77" height="71" xoffset="0" yoffset="-14" xadvance="74" page="0" chnl="15"/><char id="2325" x="267" y="367" width="60" height="51" xoffset="-2" yoffset="6" xadvance="55" page="0" chnl="15"/><char id="2326" x="131" y="367" width="64" height="51" xoffset="-2" yoffset="6" xadvance="59" page="0" chnl="15"/><char id="2327" x="234" y="420" width="46" height="51" xoffset="-2" yoffset="6" xadvance="41" page="0" chnl="15"/><char id="2330" x="281" y="420" width="51" height="51" xoffset="-2" yoffset="6" xadvance="46" page="0" chnl="15"/><char id="2331" x="333" y="420" width="55" height="51" xoffset="-2" yoffset="6" xadvance="51" page="0" chnl="15"/><char id="2332" x="486" y="257" width="59" height="51" xoffset="-2" yoffset="6" xadvance="54" page="0" chnl="15"/><char id="2334" x="374" y="367" width="58" height="51" xoffset="-2" yoffset="6" xadvance="54" page="0" chnl="15"/><char id="2335" x="192" y="420" width="41" height="51" xoffset="-2" yoffset="6" xadvance="37" page="0" chnl="15"/><char id="2336" x="389" y="420" width="47" height="51" xoffset="-2" yoffset="6" xadvance="43" page="0" chnl="15"/><char id="2337" x="49" y="420" width="47" height="51" xoffset="-2" yoffset="6" xadvance="42" page="0" chnl="15"/><char id="2340" x="422" y="313" width="46" height="52" xoffset="-2" yoffset="6" xadvance="42" page="0" chnl="15"/><char id="2341" x="0" y="367" width="48" height="52" xoffset="1" yoffset="5" xadvance="47" page="0" chnl="15"/><char id="2342" x="0" y="201" width="42" height="55" xoffset="-2" yoffset="6" xadvance="38" page="0" chnl="15"/><char id="2344" x="221" y="367" width="45" height="51" xoffset="-2" yoffset="6" xadvance="40" page="0" chnl="15"/><char id="2346" x="433" y="367" width="46" height="51" xoffset="-2" yoffset="6" xadvance="41" page="0" chnl="15"/><char id="2347" x="437" y="420" width="61" height="51" xoffset="-2" yoffset="6" xadvance="56" page="0" chnl="15"/><char id="2348" x="145" y="420" width="46" height="51" xoffset="-2" yoffset="6" xadvance="42" page="0" chnl="15"/><char id="2349" x="49" y="367" width="53" height="52" xoffset="1" yoffset="5" xadvance="51" page="0" chnl="15"/><char id="2350" x="0" y="420" width="48" height="51" xoffset="-2" yoffset="6" xadvance="44" page="0" chnl="15"/><char id="2351" x="97" y="420" width="47" height="51" xoffset="-2" yoffset="6" xadvance="42" page="0" chnl="15"/><char id="2352" x="201" y="313" width="35" height="52" xoffset="-2" yoffset="6" xadvance="30" page="0" chnl="15"/><char id="2354" x="146" y="313" width="54" height="52" xoffset="-2" yoffset="6" xadvance="49" page="0" chnl="15"/><char id="2357" x="328" y="367" width="45" height="51" xoffset="-2" yoffset="6" xadvance="41" page="0" chnl="15"/><char id="2358" x="370" y="313" width="51" height="52" xoffset="1" yoffset="5" xadvance="49" page="0" chnl="15"/><char id="2359" x="480" y="367" width="47" height="51" xoffset="-2" yoffset="6" xadvance="42" page="0" chnl="15"/><char id="2360" x="315" y="313" width="54" height="52" xoffset="-2" yoffset="6" xadvance="49" page="0" chnl="15"/><char id="2361" x="94" y="80" width="43" height="61" xoffset="-2" yoffset="6" xadvance="39" page="0" chnl="15"/><char id="2366" x="196" y="367" width="24" height="51" xoffset="-2" yoffset="6" xadvance="19" page="0" chnl="15"/><char id="2367" x="54" y="0" width="55" height="71" xoffset="-2" yoffset="-14" xadvance="19" page="0" chnl="15"/><char id="2368" x="146" y="0" width="40" height="71" xoffset="-18" yoffset="-14" xadvance="19" page="0" chnl="15"/><char id="2369" x="116" y="517" width="39" height="26" xoffset="-35" yoffset="50" xadvance="0" page="0" chnl="15"/><char id="2370" x="77" y="517" width="38" height="26" xoffset="-26" yoffset="50" xadvance="0" page="0" chnl="15"/><char id="2375" x="21" y="517" width="26" height="27" xoffset="-31" yoffset="-14" xadvance="0" page="0" chnl="15"/><char id="2376" x="48" y="517" width="28" height="27" xoffset="-33" yoffset="-14" xadvance="0" page="0" chnl="15"/><char id="2377" x="265" y="0" width="34" height="70" xoffset="-11" yoffset="-13" xadvance="19" page="0" chnl="15"/><char id="2379" x="110" y="0" width="35" height="71" xoffset="-13" yoffset="-14" xadvance="19" page="0" chnl="15"/><char id="2381" x="499" y="449" width="28" height="22" xoffset="-15" yoffset="54" xadvance="0" page="0" chnl="15"/><char id="2396" x="347" y="0" width="47" height="65" xoffset="-2" yoffset="6" xadvance="42" page="0" chnl="15"/><char id="2397" x="300" y="0" width="46" height="65" xoffset="-2" yoffset="6" xadvance="41" page="0" chnl="15"/></chars><kernings count="641"><kerning first="32" second="84" amount="-3"/><kerning first="32" second="86" amount="-3"/><kerning first="32" second="89" amount="-3"/><kerning first="44" second="34" amount="-9"/><kerning first="44" second="39" amount="-9"/><kerning first="46" second="34" amount="-9"/><kerning first="46" second="39" amount="-9"/><kerning first="110" second="34" amount="-1"/><kerning first="110" second="39" amount="-1"/><kerning first="110" second="84" amount="-4"/><kerning first="110" second="118" amount="-1"/><kerning first="110" second="121" amount="-1"/><kerning first="120" second="84" amount="-2"/><kerning first="120" second="99" amount="-2"/><kerning first="120" second="100" amount="-2"/><kerning first="120" second="101" amount="-2"/><kerning first="120" second="111" amount="-2"/><kerning first="120" second="113" amount="-2"/><kerning first="120" second="115" amount="-1"/><kerning first="120" second="116" amount="1"/><kerning first="120" second="118" amount="1"/><kerning first="120" second="121" amount="1"/><kerning first="40" second="65" amount="-1"/><kerning first="40" second="67" amount="-2"/><kerning first="40" second="71" amount="-2"/><kerning first="40" second="79" amount="-2"/><kerning first="40" second="81" amount="-2"/><kerning first="40" second="84" amount="2"/><kerning first="40" second="86" amount="2"/><kerning first="40" second="89" amount="2"/><kerning first="45" second="67" amount="1"/><kerning first="45" second="71" amount="1"/><kerning first="45" second="79" amount="1"/><kerning first="45" second="81" amount="1"/><kerning first="45" second="84" amount="-4"/><kerning first="45" second="86" amount="-2"/><kerning first="45" second="88" amount="-1"/><kerning first="45" second="89" amount="-4"/><kerning first="45" second="99" amount="1"/><kerning first="45" second="100" amount="1"/><kerning first="45" second="101" amount="1"/><kerning first="45" second="111" amount="1"/><kerning first="45" second="113" amount="1"/><kerning first="34" second="44" amount="-9"/><kerning first="34" second="46" amount="-9"/><kerning first="34" second="65" amount="-3"/><kerning first="34" second="67" amount="-1"/><kerning first="34" second="71" amount="-1"/><kerning first="34" second="79" amount="-1"/><kerning first="34" second="81" amount="-1"/><kerning first="34" second="84" amount="1"/><kerning first="34" second="86" amount="1"/><kerning first="34" second="89" amount="1"/><kerning first="34" second="99" amount="-1"/><kerning first="34" second="100" amount="-1"/><kerning first="34" second="101" amount="-1"/><kerning first="34" second="102" amount="2"/><kerning first="34" second="103" amount="-1"/><kerning first="34" second="111" amount="-1"/><kerning first="34" second="113" amount="-1"/><kerning first="34" second="116" amount="2"/><kerning first="39" second="44" amount="-9"/><kerning first="39" second="46" amount="-9"/><kerning first="39" second="65" amount="-3"/><kerning first="39" second="67" amount="-1"/><kerning first="39" second="71" amount="-1"/><kerning first="39" second="79" amount="-1"/><kerning first="39" second="81" amount="-1"/><kerning first="39" second="84" amount="1"/><kerning first="39" second="86" amount="1"/><kerning first="39" second="89" amount="1"/><kerning first="39" second="99" amount="-1"/><kerning first="39" second="100" amount="-1"/><kerning first="39" second="101" amount="-1"/><kerning first="39" second="102" amount="2"/><kerning first="39" second="103" amount="-1"/><kerning first="39" second="111" amount="-1"/><kerning first="39" second="113" amount="-1"/><kerning first="39" second="116" amount="2"/><kerning first="123" second="65" amount="-1"/><kerning first="123" second="67" amount="-2"/><kerning first="123" second="71" amount="-2"/><kerning first="123" second="79" amount="-2"/><kerning first="123" second="81" amount="-2"/><kerning first="123" second="84" amount="2"/><kerning first="123" second="86" amount="2"/><kerning first="123" second="89" amount="2"/><kerning first="65" second="41" amount="-1"/><kerning first="65" second="45" amount="-1"/><kerning first="65" second="34" amount="-3"/><kerning first="65" second="39" amount="-3"/><kerning first="65" second="125" amount="-1"/><kerning first="65" second="93" amount="-1"/><kerning first="65" second="67" amount="-2"/><kerning first="65" second="71" amount="-2"/><kerning first="65" second="79" amount="-2"/><kerning first="65" second="81" amount="-2"/><kerning first="65" second="84" amount="-6"/><kerning first="65" second="86" amount="-4"/><kerning first="65" second="88" amount="-2"/><kerning first="65" second="89" amount="-7"/><kerning first="65" second="99" amount="-1"/><kerning first="65" second="100" amount="-1"/><kerning first="65" second="101" amount="-1"/><kerning first="65" second="102" amount="-1"/><kerning first="65" second="103" amount="-1"/><kerning first="65" second="111" amount="-1"/><kerning first="65" second="113" amount="-1"/><kerning first="65" second="116" amount="-1"/><kerning first="65" second="118" amount="-2"/><kerning first="65" second="121" amount="-2"/><kerning first="66" second="44" amount="-1"/><kerning first="66" second="46" amount="-1"/><kerning first="66" second="45" amount="1"/><kerning first="66" second="84" amount="-1"/><kerning first="66" second="86" amount="-1"/><kerning first="66" second="89" amount="-2"/><kerning first="67" second="41" amount="1"/><kerning first="67" second="125" amount="1"/><kerning first="67" second="93" amount="1"/><kerning first="67" second="65" amount="1"/><kerning first="67" second="67" amount="-2"/><kerning first="67" second="71" amount="-2"/><kerning first="67" second="79" amount="-2"/><kerning first="67" second="81" amount="-2"/><kerning first="67" second="84" amount="1"/><kerning first="67" second="86" amount="1"/><kerning first="67" second="89" amount="1"/><kerning first="67" second="97" amount="-1"/><kerning first="67" second="99" amount="-1"/><kerning first="67" second="100" amount="-1"/><kerning first="67" second="101" amount="-1"/><kerning first="67" second="111" amount="-1"/><kerning first="67" second="113" amount="-1"/><kerning first="67" second="118" amount="-2"/><kerning first="67" second="121" amount="-2"/><kerning first="67" second="122" amount="1"/><kerning first="68" second="44" amount="-3"/><kerning first="68" second="46" amount="-3"/><kerning first="68" second="120" amount="-1"/><kerning first="68" second="41" amount="-1"/><kerning first="68" second="45" amount="1"/><kerning first="68" second="125" amount="-1"/><kerning first="68" second="93" amount="-1"/><kerning first="68" second="65" amount="-1"/><kerning first="68" second="84" amount="-2"/><kerning first="68" second="86" amount="-1"/><kerning first="68" second="88" amount="-2"/><kerning first="68" second="89" amount="-3"/><kerning first="68" second="102" amount="1"/><kerning first="68" second="116" amount="1"/><kerning first="68" second="118" amount="1"/><kerning first="68" second="121" amount="1"/><kerning first="69" second="44" amount="-1"/><kerning first="69" second="46" amount="-1"/><kerning first="69" second="86" amount="1"/><kerning first="69" second="103" amount="-1"/><kerning first="69" second="118" amount="-1"/><kerning first="69" second="121" amount="-1"/><kerning first="70" second="44" amount="-6"/><kerning first="70" second="46" amount="-6"/><kerning first="70" second="110" amount="-1"/><kerning first="70" second="58" amount="-1"/><kerning first="70" second="65" amount="-5"/><kerning first="70" second="77" amount="-1"/><kerning first="70" second="97" amount="-3"/><kerning first="70" second="98" amount="-1"/><kerning first="70" second="99" amount="-2"/><kerning first="70" second="100" amount="-2"/><kerning first="70" second="101" amount="-2"/><kerning first="70" second="103" amount="-1"/><kerning first="70" second="104" amount="-1"/><kerning first="70" second="105" amount="-1"/><kerning first="70" second="107" amount="-1"/><kerning first="70" second="108" amount="-1"/><kerning first="70" second="109" amount="-1"/><kerning first="70" second="111" amount="-2"/><kerning first="70" second="112" amount="-1"/><kerning first="70" second="113" amount="-2"/><kerning first="70" second="114" amount="-1"/><kerning first="70" second="118" amount="-1"/><kerning first="70" second="121" amount="-1"/><kerning first="71" second="97" amount="1"/><kerning first="71" second="118" amount="-1"/><kerning first="71" second="121" amount="-1"/><kerning first="72" second="89" amount="-1"/><kerning first="72" second="116" amount="1"/><kerning first="73" second="89" amount="-1"/><kerning first="73" second="116" amount="1"/><kerning first="75" second="44" amount="1"/><kerning first="75" second="46" amount="1"/><kerning first="75" second="58" amount="1"/><kerning first="75" second="41" amount="1"/><kerning first="75" second="45" amount="-2"/><kerning first="75" second="125" amount="1"/><kerning first="75" second="93" amount="1"/><kerning first="75" second="65" amount="1"/><kerning first="75" second="67" amount="-2"/><kerning first="75" second="71" amount="-2"/><kerning first="75" second="79" amount="-2"/><kerning first="75" second="81" amount="-2"/><kerning first="75" second="89" amount="-1"/><kerning first="75" second="90" amount="1"/><kerning first="75" second="99" amount="-1"/><kerning first="75" second="100" amount="-1"/><kerning first="75" second="101" amount="-1"/><kerning first="75" second="103" amount="-1"/><kerning first="75" second="111" amount="-1"/><kerning first="75" second="113" amount="-1"/><kerning first="75" second="118" amount="-3"/><kerning first="75" second="121" amount="-3"/><kerning first="76" second="45" amount="-1"/><kerning first="76" second="34" amount="-7"/><kerning first="76" second="39" amount="-7"/><kerning first="76" second="67" amount="-3"/><kerning first="76" second="71" amount="-3"/><kerning first="76" second="79" amount="-3"/><kerning first="76" second="81" amount="-3"/><kerning first="76" second="84" amount="-7"/><kerning first="76" second="86" amount="-5"/><kerning first="76" second="89" amount="-6"/><kerning first="76" second="99" amount="-1"/><kerning first="76" second="100" amount="-1"/><kerning first="76" second="101" amount="-1"/><kerning first="76" second="111" amount="-1"/><kerning first="76" second="113" amount="-1"/><kerning first="76" second="118" amount="-3"/><kerning first="76" second="121" amount="-3"/><kerning first="77" second="84" amount="-1"/><kerning first="78" second="89" amount="-1"/><kerning first="78" second="116" amount="1"/><kerning first="79" second="44" amount="-3"/><kerning first="79" second="46" amount="-3"/><kerning first="79" second="120" amount="-1"/><kerning first="79" second="41" amount="-1"/><kerning first="79" second="45" amount="1"/><kerning first="79" second="125" amount="-1"/><kerning first="79" second="93" amount="-1"/><kerning first="79" second="65" amount="-1"/><kerning first="79" second="84" amount="-2"/><kerning first="79" second="86" amount="-1"/><kerning first="79" second="88" amount="-2"/><kerning first="79" second="89" amount="-3"/><kerning first="79" second="102" amount="1"/><kerning first="79" second="116" amount="1"/><kerning first="79" second="118" amount="1"/><kerning first="79" second="121" amount="1"/><kerning first="80" second="44" amount="-10"/><kerning first="80" second="46" amount="-10"/><kerning first="80" second="110" amount="-1"/><kerning first="80" second="58" amount="-1"/><kerning first="80" second="45" amount="-1"/><kerning first="80" second="65" amount="-4"/><kerning first="80" second="77" amount="-1"/><kerning first="80" second="86" amount="-1"/><kerning first="80" second="88" amount="-2"/><kerning first="80" second="89" amount="-1"/><kerning first="80" second="90" amount="-1"/><kerning first="80" second="97" amount="-1"/><kerning first="80" second="99" amount="-2"/><kerning first="80" second="100" amount="-2"/><kerning first="80" second="101" amount="-2"/><kerning first="80" second="103" amount="-2"/><kerning first="80" second="105" amount="-1"/><kerning first="80" second="109" amount="-1"/><kerning first="80" second="111" amount="-2"/><kerning first="80" second="112" amount="-1"/><kerning first="80" second="113" amount="-2"/><kerning first="80" second="114" amount="-1"/><kerning first="80" second="115" amount="-2"/><kerning first="80" second="116" amount="1"/><kerning first="80" second="118" amount="1"/><kerning first="80" second="121" amount="1"/><kerning first="81" second="44" amount="-3"/><kerning first="81" second="46" amount="-3"/><kerning first="81" second="120" amount="-1"/><kerning first="81" second="41" amount="-1"/><kerning first="81" second="45" amount="1"/><kerning first="81" second="125" amount="-1"/><kerning first="81" second="93" amount="-1"/><kerning first="81" second="65" amount="-1"/><kerning first="81" second="84" amount="-2"/><kerning first="81" second="86" amount="-1"/><kerning first="81" second="88" amount="-2"/><kerning first="81" second="89" amount="-3"/><kerning first="81" second="102" amount="1"/><kerning first="81" second="116" amount="1"/><kerning first="81" second="118" amount="1"/><kerning first="81" second="121" amount="1"/><kerning first="82" second="110" amount="1"/><kerning first="82" second="65" amount="1"/><kerning first="82" second="88" amount="1"/><kerning first="82" second="89" amount="-1"/><kerning first="82" second="97" amount="1"/><kerning first="82" second="98" amount="1"/><kerning first="82" second="104" amount="1"/><kerning first="82" second="105" amount="1"/><kerning first="82" second="107" amount="1"/><kerning first="82" second="108" amount="1"/><kerning first="82" second="109" amount="1"/><kerning first="82" second="112" amount="1"/><kerning first="82" second="114" amount="1"/><kerning first="82" second="116" amount="1"/><kerning first="83" second="45" amount="1"/><kerning first="83" second="97" amount="1"/><kerning first="83" second="99" amount="1"/><kerning first="83" second="100" amount="1"/><kerning first="83" second="101" amount="1"/><kerning first="83" second="111" amount="1"/><kerning first="83" second="113" amount="1"/><kerning first="83" second="118" amount="-1"/><kerning first="83" second="121" amount="-1"/><kerning first="84" second="44" amount="-6"/><kerning first="84" second="46" amount="-6"/><kerning first="84" second="110" amount="-4"/><kerning first="84" second="120" amount="-1"/><kerning first="84" second="58" amount="-3"/><kerning first="84" second="41" amount="2"/><kerning first="84" second="45" amount="-4"/><kerning first="84" second="34" amount="1"/><kerning first="84" second="39" amount="1"/><kerning first="84" second="125" amount="2"/><kerning first="84" second="93" amount="2"/><kerning first="84" second="65" amount="-5"/><kerning first="84" second="67" amount="-2"/><kerning first="84" second="71" amount="-2"/><kerning first="84" second="79" amount="-2"/><kerning first="84" second="81" amount="-2"/><kerning first="84" second="83" amount="-1"/><kerning first="84" second="84" amount="2"/><kerning first="84" second="86" amount="2"/><kerning first="84" second="88" amount="1"/><kerning first="84" second="89" amount="1"/><kerning first="84" second="97" amount="-5"/><kerning first="84" second="98" amount="-1"/><kerning first="84" second="99" amount="-6"/><kerning first="84" second="100" amount="-6"/><kerning first="84" second="101" amount="-6"/><kerning first="84" second="103" amount="-4"/><kerning first="84" second="104" amount="-1"/><kerning first="84" second="105" amount="-2"/><kerning first="84" second="107" amount="-1"/><kerning first="84" second="108" amount="-1"/><kerning first="84" second="109" amount="-4"/><kerning first="84" second="111" amount="-6"/><kerning first="84" second="112" amount="-4"/><kerning first="84" second="113" amount="-6"/><kerning first="84" second="114" amount="-4"/><kerning first="84" second="115" amount="-5"/><kerning first="84" second="118" amount="-4"/><kerning first="84" second="121" amount="-4"/><kerning first="84" second="122" amount="-4"/><kerning first="86" second="44" amount="-5"/><kerning first="86" second="46" amount="-5"/><kerning first="86" second="110" amount="-2"/><kerning first="86" second="58" amount="-2"/><kerning first="86" second="41" amount="2"/><kerning first="86" second="45" amount="-2"/><kerning first="86" second="34" amount="1"/><kerning first="86" second="39" amount="1"/><kerning first="86" second="125" amount="2"/><kerning first="86" second="93" amount="2"/><kerning first="86" second="65" amount="-4"/><kerning first="86" second="67" amount="-1"/><kerning first="86" second="71" amount="-1"/><kerning first="86" second="79" amount="-1"/><kerning first="86" second="81" amount="-1"/><kerning first="86" second="83" amount="-1"/><kerning first="86" second="84" amount="2"/><kerning first="86" second="97" amount="-3"/><kerning first="86" second="98" amount="-1"/><kerning first="86" second="99" amount="-3"/><kerning first="86" second="100" amount="-3"/><kerning first="86" second="101" amount="-3"/><kerning first="86" second="103" amount="-1"/><kerning first="86" second="104" amount="-1"/><kerning first="86" second="105" amount="-2"/><kerning first="86" second="107" amount="-1"/><kerning first="86" second="108" amount="-1"/><kerning first="86" second="109" amount="-2"/><kerning first="86" second="111" amount="-3"/><kerning first="86" second="112" amount="-2"/><kerning first="86" second="113" amount="-3"/><kerning first="86" second="114" amount="-2"/><kerning first="86" second="115" amount="-3"/><kerning first="86" second="116" amount="-1"/><kerning first="86" second="118" amount="-1"/><kerning first="86" second="121" amount="-1"/><kerning first="88" second="45" amount="-1"/><kerning first="88" second="65" amount="-1"/><kerning first="88" second="67" amount="-3"/><kerning first="88" second="71" amount="-3"/><kerning first="88" second="79" amount="-3"/><kerning first="88" second="81" amount="-3"/><kerning first="88" second="86" amount="1"/><kerning first="88" second="88" amount="-1"/><kerning first="88" second="89" amount="1"/><kerning first="88" second="97" amount="-1"/><kerning first="88" second="99" amount="-1"/><kerning first="88" second="100" amount="-1"/><kerning first="88" second="101" amount="-1"/><kerning first="88" second="111" amount="-1"/><kerning first="88" second="113" amount="-1"/><kerning first="88" second="118" amount="-3"/><kerning first="88" second="121" amount="-3"/><kerning first="89" second="44" amount="-8"/><kerning first="89" second="46" amount="-8"/><kerning first="89" second="110" amount="-2"/><kerning first="89" second="120" amount="-4"/><kerning first="89" second="58" amount="-4"/><kerning first="89" second="41" amount="2"/><kerning first="89" second="45" amount="-4"/><kerning first="89" second="34" amount="1"/><kerning first="89" second="39" amount="1"/><kerning first="89" second="125" amount="2"/><kerning first="89" second="93" amount="2"/><kerning first="89" second="65" amount="-7"/><kerning first="89" second="66" amount="-1"/><kerning first="89" second="67" amount="-3"/><kerning first="89" second="68" amount="-1"/><kerning first="89" second="69" amount="-1"/><kerning first="89" second="70" amount="-1"/><kerning first="89" second="71" amount="-3"/><kerning first="89" second="72" amount="-1"/><kerning first="89" second="73" amount="-1"/><kerning first="89" second="75" amount="-1"/><kerning first="89" second="76" amount="-1"/><kerning first="89" second="77" amount="-2"/><kerning first="89" second="78" amount="-1"/><kerning first="89" second="79" amount="-3"/><kerning first="89" second="80" amount="-1"/><kerning first="89" second="81" amount="-3"/><kerning first="89" second="82" amount="-1"/><kerning first="89" second="83" amount="-2"/><kerning first="89" second="86" amount="1"/><kerning first="89" second="88" amount="-2"/><kerning first="89" second="89" amount="-2"/><kerning first="89" second="97" amount="-7"/><kerning first="89" second="98" amount="-1"/><kerning first="89" second="99" amount="-8"/><kerning first="89" second="100" amount="-8"/><kerning first="89" second="101" amount="-8"/><kerning first="89" second="103" amount="-6"/><kerning first="89" second="104" amount="-1"/><kerning first="89" second="105" amount="-2"/><kerning first="89" second="107" amount="-1"/><kerning first="89" second="108" amount="-1"/><kerning first="89" second="109" amount="-2"/><kerning first="89" second="111" amount="-8"/><kerning first="89" second="112" amount="-2"/><kerning first="89" second="113" amount="-8"/><kerning first="89" second="114" amount="-2"/><kerning first="89" second="115" amount="-5"/><kerning first="89" second="116" amount="-3"/><kerning first="89" second="118" amount="-4"/><kerning first="89" second="121" amount="-4"/><kerning first="89" second="122" amount="-4"/><kerning first="90" second="45" amount="-1"/><kerning first="90" second="65" amount="1"/><kerning first="90" second="67" amount="-2"/><kerning first="90" second="71" amount="-2"/><kerning first="90" second="79" amount="-2"/><kerning first="90" second="81" amount="-2"/><kerning first="90" second="99" amount="-1"/><kerning first="90" second="100" amount="-1"/><kerning first="90" second="101" amount="-1"/><kerning first="90" second="111" amount="-1"/><kerning first="90" second="113" amount="-1"/><kerning first="90" second="118" amount="-1"/><kerning first="90" second="121" amount="-1"/><kerning first="97" second="34" amount="-1"/><kerning first="97" second="39" amount="-1"/><kerning first="97" second="84" amount="-4"/><kerning first="97" second="116" amount="-1"/><kerning first="97" second="118" amount="-1"/><kerning first="97" second="121" amount="-1"/><kerning first="98" second="44" amount="-2"/><kerning first="98" second="46" amount="-2"/><kerning first="98" second="120" amount="-2"/><kerning first="98" second="41" amount="-1"/><kerning first="98" second="45" amount="1"/><kerning first="98" second="34" amount="-1"/><kerning first="98" second="39" amount="-1"/><kerning first="98" second="125" amount="-1"/><kerning first="98" second="93" amount="-1"/><kerning first="98" second="84" amount="-4"/><kerning first="98" second="118" amount="-1"/><kerning first="98" second="121" amount="-1"/><kerning first="98" second="122" amount="-1"/><kerning first="99" second="44" amount="-1"/><kerning first="99" second="46" amount="-1"/><kerning first="99" second="45" amount="1"/><kerning first="99" second="84" amount="-1"/><kerning first="99" second="99" amount="-1"/><kerning first="99" second="100" amount="-1"/><kerning first="99" second="101" amount="-1"/><kerning first="99" second="102" amount="1"/><kerning first="99" second="111" amount="-1"/><kerning first="99" second="113" amount="-1"/><kerning first="99" second="116" amount="1"/><kerning first="99" second="118" amount="1"/><kerning first="99" second="121" amount="1"/><kerning first="100" second="44" amount="-1"/><kerning first="100" second="46" amount="-1"/><kerning first="101" second="44" amount="-1"/><kerning first="101" second="46" amount="-1"/><kerning first="101" second="120" amount="-1"/><kerning first="101" second="45" amount="2"/><kerning first="101" second="84" amount="-3"/><kerning first="102" second="44" amount="-3"/><kerning first="102" second="46" amount="-3"/><kerning first="102" second="58" amount="2"/><kerning first="102" second="41" amount="5"/><kerning first="102" second="34" amount="3"/><kerning first="102" second="39" amount="3"/><kerning first="102" second="125" amount="5"/><kerning first="102" second="93" amount="5"/><kerning first="102" second="99" amount="-1"/><kerning first="102" second="100" amount="-1"/><kerning first="102" second="101" amount="-1"/><kerning first="102" second="103" amount="-1"/><kerning first="102" second="111" amount="-1"/><kerning first="102" second="113" amount="-1"/><kerning first="102" second="116" amount="1"/><kerning first="103" second="44" amount="-1"/><kerning first="103" second="46" amount="-1"/><kerning first="103" second="84" amount="-2"/><kerning first="104" second="34" amount="-1"/><kerning first="104" second="39" amount="-1"/><kerning first="104" second="84" amount="-4"/><kerning first="104" second="118" amount="-1"/><kerning first="104" second="121" amount="-1"/><kerning first="107" second="110" amount="1"/><kerning first="107" second="84" amount="-2"/><kerning first="107" second="98" amount="1"/><kerning first="107" second="99" amount="-1"/><kerning first="107" second="100" amount="-1"/><kerning first="107" second="101" amount="-1"/><kerning first="107" second="103" amount="-1"/><kerning first="107" second="104" amount="1"/><kerning first="107" second="105" amount="1"/><kerning first="107" second="107" amount="1"/><kerning first="107" second="108" amount="1"/><kerning first="107" second="109" amount="1"/><kerning first="107" second="111" amount="-1"/><kerning first="107" second="112" amount="1"/><kerning first="107" second="113" amount="-1"/><kerning first="107" second="114" amount="1"/><kerning first="108" second="44" amount="-1"/><kerning first="108" second="46" amount="-1"/><kerning first="109" second="34" amount="-1"/><kerning first="109" second="39" amount="-1"/><kerning first="109" second="84" amount="-4"/><kerning first="109" second="118" amount="-1"/><kerning first="109" second="121" amount="-1"/><kerning first="111" second="44" amount="-2"/><kerning first="111" second="46" amount="-2"/><kerning first="111" second="120" amount="-2"/><kerning first="111" second="41" amount="-1"/><kerning first="111" second="45" amount="1"/><kerning first="111" second="34" amount="-1"/><kerning first="111" second="39" amount="-1"/><kerning first="111" second="125" amount="-1"/><kerning first="111" second="93" amount="-1"/><kerning first="111" second="84" amount="-4"/><kerning first="111" second="118" amount="-1"/><kerning first="111" second="121" amount="-1"/><kerning first="111" second="122" amount="-1"/><kerning first="112" second="44" amount="-2"/><kerning first="112" second="46" amount="-2"/><kerning first="112" second="120" amount="-2"/><kerning first="112" second="41" amount="-1"/><kerning first="112" second="45" amount="1"/><kerning first="112" second="34" amount="-1"/><kerning first="112" second="39" amount="-1"/><kerning first="112" second="125" amount="-1"/><kerning first="112" second="93" amount="-1"/><kerning first="112" second="84" amount="-4"/><kerning first="112" second="118" amount="-1"/><kerning first="112" second="121" amount="-1"/><kerning first="112" second="122" amount="-1"/><kerning first="113" second="44" amount="-1"/><kerning first="113" second="46" amount="-1"/><kerning first="113" second="84" amount="-3"/><kerning first="114" second="44" amount="-5"/><kerning first="114" second="46" amount="-5"/><kerning first="114" second="120" amount="1"/><kerning first="114" second="84" amount="-1"/><kerning first="114" second="97" amount="-1"/><kerning first="114" second="99" amount="-1"/><kerning first="114" second="100" amount="-1"/><kerning first="114" second="101" amount="-1"/><kerning first="114" second="102" amount="2"/><kerning first="114" second="103" amount="-1"/><kerning first="114" second="111" amount="-1"/><kerning first="114" second="113" amount="-1"/><kerning first="114" second="116" amount="2"/><kerning first="114" second="118" amount="1"/><kerning first="114" second="121" amount="1"/><kerning first="114" second="122" amount="1"/><kerning first="115" second="44" amount="-1"/><kerning first="115" second="46" amount="-1"/><kerning first="115" second="84" amount="-3"/><kerning first="116" second="44" amount="-1"/><kerning first="116" second="46" amount="-1"/><kerning first="118" second="44" amount="-3"/><kerning first="118" second="46" amount="-3"/><kerning first="118" second="45" amount="-1"/><kerning first="118" second="84" amount="-3"/><kerning first="118" second="97" amount="-1"/><kerning first="118" second="99" amount="-1"/><kerning first="118" second="100" amount="-1"/><kerning first="118" second="101" amount="-1"/><kerning first="118" second="103" amount="-1"/><kerning first="118" second="111" amount="-1"/><kerning first="118" second="113" amount="-1"/><kerning first="118" second="115" amount="-1"/><kerning first="118" second="118" amount="1"/><kerning first="118" second="121" amount="1"/><kerning first="121" second="44" amount="-3"/><kerning first="121" second="46" amount="-3"/><kerning first="121" second="45" amount="-1"/><kerning first="121" second="84" amount="-3"/><kerning first="121" second="97" amount="-1"/><kerning first="121" second="99" amount="-1"/><kerning first="121" second="100" amount="-1"/><kerning first="121" second="101" amount="-1"/><kerning first="121" second="103" amount="-1"/><kerning first="121" second="111" amount="-1"/><kerning first="121" second="113" amount="-1"/><kerning first="121" second="115" amount="-1"/><kerning first="121" second="118" amount="1"/><kerning first="121" second="121" amount="1"/><kerning first="122" second="84" amount="-2"/><kerning first="122" second="99" amount="-1"/><kerning first="122" second="100" amount="-1"/><kerning first="122" second="101" amount="-1"/><kerning first="122" second="111" amount="-1"/><kerning first="122" second="113" amount="-1"/><kerning first="122" second="118" amount="1"/><kerning first="122" second="121" amount="1"/></kernings></font>