[1,0,0,[["cc.JsonAsset",["_name","json"],1]],[[0,0,1,3]],[[0,"level_003031-30",[{"layers":[{"index":0,"tiles":[{"x":2.5,"y":-3.5},{"x":1.5,"y":-3.5},{"x":0.5,"y":-3.5},{"x":-0.5,"y":-3.5},{"x":-1.5,"y":-3.5},{"x":-2.5,"y":-3.5},{"x":-2.5,"y":-2.5},{"x":-1.5,"y":-2.5},{"x":-0.5,"y":-2.5},{"x":0.5,"y":-2.5},{"x":1.5,"y":-2.5},{"x":2.5,"y":-2.5},{"x":-2.5,"y":-1.5},{"x":-1.5,"y":-1.5},{"x":0.5,"y":-1.5},{"x":1.5,"y":-1.5},{"x":2.5,"y":-1.5},{"x":-0.5,"y":-1.5},{"x":-1.5,"y":0},{"x":-0.5,"y":0},{"x":0.5,"y":0},{"x":1.5,"y":0},{"x":2.5,"y":0},{"x":-2.5,"y":0},{"x":-2.5,"y":1},{"x":2.5,"y":1},{"x":1.5,"y":1},{"x":0.5,"y":1},{"x":-0.5,"y":1},{"x":-1.5,"y":1},{"x":-2.5,"y":2},{"x":-1.5,"y":2},{"x":-0.5,"y":2},{"x":0.5,"y":2},{"x":1.5,"y":2},{"x":2.5,"y":2},{"x":-1.5,"y":3},{"x":-0.5,"y":3},{"x":0.5,"y":3},{"x":1.5,"y":3}]},{"index":1,"tiles":[{"x":-2.5,"y":-3},{"x":2.5,"y":-3},{"x":1.5,"y":-3},{"x":0.5,"y":-3},{"x":-0.5,"y":-3},{"x":-1.5,"y":-3},{"x":-2.5,"y":-2},{"x":-1.5,"y":-2},{"x":-0.5,"y":-2},{"x":0.5,"y":-2},{"x":1.5,"y":-2},{"x":2.5,"y":-2},{"x":-2,"y":0},{"x":-1,"y":0},{"x":1,"y":0},{"x":2,"y":0},{"x":-2,"y":1.5},{"x":-1,"y":1.5},{"x":1,"y":1.5},{"x":2,"y":1.5},{"x":-1,"y":2.5},{"x":1,"y":2.5}]}],"seeds":["xWeCIPNUBcl1n8I0ntUtJxcu6Tg0iqByTvgIRkmJkxeGqEVUxnCBAUFxDnhNgQgA"]},{"layers":[{"index":0,"tiles":[{"x":-3,"y":-3},{"x":3,"y":-3},{"x":-2,"y":-2.5},{"x":2,"y":-2.5},{"x":-1,"y":-2},{"x":1,"y":-2},{"x":-2,"y":-1.5},{"x":0,"y":-1.5},{"x":2,"y":-1.5},{"x":-3,"y":-1},{"x":3,"y":-1},{"x":-2,"y":-0.5},{"x":2,"y":-0.5},{"x":-1,"y":0},{"x":1,"y":0},{"x":-2,"y":0.5},{"x":2,"y":0.5},{"x":-3,"y":1},{"x":3,"y":1},{"x":-2,"y":1.5},{"x":2,"y":1.5},{"x":-1,"y":2},{"x":1,"y":2},{"x":0,"y":2.5}]},{"index":1,"tiles":[{"x":-3,"y":-3},{"x":3,"y":-3},{"x":-2,"y":-2.5},{"x":2,"y":-2.5},{"x":-1,"y":-2},{"x":1,"y":-2},{"x":-2,"y":-1.5},{"x":0,"y":-1.5},{"x":2,"y":-1.5},{"x":-3,"y":-1},{"x":3,"y":-1},{"x":-2,"y":-0.5},{"x":2,"y":-0.5},{"x":-1,"y":0},{"x":1,"y":0},{"x":-2,"y":0.5},{"x":2,"y":0.5},{"x":-3,"y":1},{"x":3,"y":1},{"x":-2,"y":1.5},{"x":2,"y":1.5},{"x":-1,"y":2},{"x":1,"y":2},{"x":0,"y":2.5}]},{"index":2,"tiles":[{"x":-3,"y":-3},{"x":3,"y":-3},{"x":-2,"y":-2.5},{"x":2,"y":-2.5},{"x":-1,"y":-2},{"x":1,"y":-2},{"x":-2,"y":-1.5},{"x":0,"y":-1.5},{"x":2,"y":-1.5},{"x":-3,"y":-1},{"x":3,"y":-1},{"x":-2,"y":-0.5},{"x":2,"y":-0.5},{"x":-1,"y":0},{"x":1,"y":0},{"x":-2,"y":0.5},{"x":2,"y":0.5},{"x":-3,"y":1},{"x":3,"y":1},{"x":-2,"y":1.5},{"x":2,"y":1.5},{"x":-1,"y":2},{"x":1,"y":2},{"x":0,"y":2.5}]},{"index":3,"tiles":[{"x":-3,"y":-3},{"x":3,"y":-3},{"x":-2,"y":-2.5},{"x":2,"y":-2.5},{"x":-1,"y":-2},{"x":1,"y":-2},{"x":-2,"y":-1.5},{"x":0,"y":-1.5},{"x":2,"y":-1.5},{"x":-3,"y":-1},{"x":3,"y":-1},{"x":-2,"y":-0.5},{"x":2,"y":-0.5},{"x":-1,"y":0},{"x":1,"y":0},{"x":-2,"y":0.5},{"x":2,"y":0.5},{"x":-3,"y":1},{"x":3,"y":1},{"x":-2,"y":1.5},{"x":2,"y":1.5},{"x":-1,"y":2},{"x":1,"y":2},{"x":0,"y":2.5}]},{"index":4,"tiles":[{"x":-3,"y":-3},{"x":3,"y":-3},{"x":-1,"y":-2},{"x":1,"y":-2},{"x":-3,"y":-1},{"x":3,"y":-1},{"x":-1,"y":0},{"x":1,"y":0},{"x":-3,"y":1},{"x":3,"y":1}]}],"seeds":["EDhEjYiAXWSA4TSJDRh8nVFgCGV6iSNNn3J4U9FhX4hyyqEFpEBAimiNAZNcHaU9gideTKmCEncOWwd+3hJyWcUpG8dZiyOKVfikWdiFRAAA"]},{"layers":[{"index":0,"tiles":[{"x":1.5,"y":-3},{"x":-1.5,"y":-3},{"x":-2.5,"y":-3},{"x":2.5,"y":-3},{"x":-2.5,"y":-2},{"x":-1.5,"y":-2},{"x":-0.5,"y":-2},{"x":0.5,"y":-2},{"x":1.5,"y":-2},{"x":2.5,"y":-2},{"x":-1.5,"y":-1},{"x":-0.5,"y":-1},{"x":1.5,"y":-1},{"x":0.5,"y":-1},{"x":-0.5,"y":0},{"x":0.5,"y":0},{"x":1.5,"y":0},{"x":-1.5,"y":0},{"x":-2.5,"y":0},{"x":2.5,"y":0},{"x":-2.5,"y":1},{"x":-1.5,"y":1},{"x":0.5,"y":1},{"x":1.5,"y":1},{"x":2.5,"y":1},{"x":-0.5,"y":1},{"x":-0.5,"y":2},{"x":0.5,"y":2},{"x":1.5,"y":2},{"x":-1.5,"y":2},{"x":-2.5,"y":2},{"x":2.5,"y":2},{"x":-2.5,"y":3},{"x":-1.5,"y":3},{"x":0.5,"y":3},{"x":1.5,"y":3},{"x":2.5,"y":3},{"x":-0.5,"y":3}]},{"index":1,"tiles":[{"x":-2,"y":-2.5},{"x":2,"y":-2.5},{"x":-1,"y":-2},{"x":1,"y":-2},{"x":-1,"y":-1},{"x":1,"y":-1},{"x":-0.5,"y":0.5},{"x":0.5,"y":0.5},{"x":1.5,"y":0.5},{"x":-1.5,"y":0.5},{"x":-2.5,"y":0.5},{"x":2.5,"y":0.5},{"x":-1.5,"y":1.5},{"x":0.5,"y":1.5},{"x":-0.5,"y":1.5},{"x":1.5,"y":1.5},{"x":-2.5,"y":1.5},{"x":2.5,"y":1.5},{"x":-1.5,"y":2.5},{"x":0.5,"y":2.5},{"x":-0.5,"y":2.5},{"x":1.5,"y":2.5},{"x":-2.5,"y":2.5},{"x":2.5,"y":2.5}]}],"seeds":["isCAxTJWikiIIPiZBRMqDvFRnlKeFkh2nUJNitBwzLCoAec1TdhMk1UNaBowzgQA"]},{"layers":[{"index":0,"tiles":[{"x":-2.5,"y":-3},{"x":-1.5,"y":-3},{"x":-0.5,"y":-3},{"x":1.5,"y":-3},{"x":0.5,"y":-3},{"x":2.5,"y":-3},{"x":-1.5,"y":-2},{"x":-0.5,"y":-2},{"x":0.5,"y":-2},{"x":1.5,"y":-2},{"x":-2.5,"y":-2},{"x":2.5,"y":-2},{"x":-2.5,"y":-1},{"x":-1.5,"y":-1},{"x":-0.5,"y":-1},{"x":1.5,"y":-1},{"x":2.5,"y":-1},{"x":0.5,"y":-1},{"x":-1.5,"y":0},{"x":-0.5,"y":0},{"x":0.5,"y":0},{"x":2.5,"y":0},{"x":-2.5,"y":0},{"x":1.5,"y":0},{"x":-2.5,"y":1},{"x":-1.5,"y":1},{"x":-0.5,"y":1},{"x":0.5,"y":1},{"x":1.5,"y":1},{"x":2.5,"y":1},{"x":-2.5,"y":2},{"x":-1.5,"y":2},{"x":0.5,"y":2},{"x":2.5,"y":2},{"x":-0.5,"y":2},{"x":1.5,"y":2},{"x":-2.5,"y":3},{"x":2.5,"y":3}]},{"index":1,"tiles":[{"x":-2,"y":-2.5},{"x":-1,"y":-2.5},{"x":1,"y":-2.5},{"x":2,"y":-2.5},{"x":-2.5,"y":-1.5},{"x":2.5,"y":-1.5},{"x":-1,"y":-1.5},{"x":1,"y":-1.5},{"x":-2.5,"y":-0.5},{"x":-1.5,"y":-0.5},{"x":-0.5,"y":-0.5},{"x":0.5,"y":-0.5},{"x":2.5,"y":-0.5},{"x":1.5,"y":-0.5},{"x":-2.5,"y":0.5},{"x":2.5,"y":0.5},{"x":1.5,"y":0.5},{"x":0.5,"y":0.5},{"x":-0.5,"y":0.5},{"x":-1.5,"y":0.5},{"x":-2.5,"y":1.5},{"x":2.5,"y":1.5},{"x":-1.5,"y":1.5},{"x":-0.5,"y":1.5},{"x":0.5,"y":1.5},{"x":1.5,"y":1.5},{"x":-2.5,"y":2.5},{"x":2.5,"y":2.5}]}],"seeds":["TDdZwhKYjdCNS7dMQbcMA1cFFClaTWeFCwN6JQdajbg0aaAyIDh5HcehikJMRMVQZwgA"]},{"layers":[{"index":0,"tiles":[{"x":-1.5,"y":-3},{"x":-0.5,"y":-3},{"x":0.5,"y":-3},{"x":1.5,"y":-3},{"x":-2.5,"y":-3},{"x":2.5,"y":-3},{"x":-2.5,"y":-2},{"x":-1.5,"y":-2},{"x":1.5,"y":-2},{"x":2.5,"y":-2},{"x":-0.5,"y":-2},{"x":0.5,"y":-2},{"x":-2.5,"y":-1},{"x":-0.5,"y":-1},{"x":-1.5,"y":-1},{"x":2.5,"y":-1},{"x":0.5,"y":-1},{"x":1.5,"y":-1},{"x":-2.5,"y":0},{"x":-1.5,"y":0},{"x":-0.5,"y":0},{"x":0.5,"y":0},{"x":1.5,"y":0},{"x":2.5,"y":0},{"x":1.5,"y":1},{"x":0.5,"y":1},{"x":-0.5,"y":1},{"x":-1.5,"y":1},{"x":-2.5,"y":1.5},{"x":2.5,"y":1.5},{"x":-0.5,"y":2},{"x":0.5,"y":2},{"x":-1.5,"y":2.5},{"x":-2.5,"y":2.5},{"x":1.5,"y":2.5},{"x":2.5,"y":2.5},{"x":-0.5,"y":3},{"x":0.5,"y":3}]},{"index":1,"tiles":[{"x":-1.5,"y":-2.5},{"x":1.5,"y":-2.5},{"x":-0.5,"y":-2.5},{"x":0.5,"y":-2.5},{"x":-2.5,"y":-2.5},{"x":2.5,"y":-2.5},{"x":-1.5,"y":-1.5},{"x":-2.5,"y":-1.5},{"x":2.5,"y":-1.5},{"x":1.5,"y":-1.5},{"x":0.5,"y":-1.5},{"x":-0.5,"y":-1.5},{"x":-1,"y":-0.5},{"x":1,"y":-0.5},{"x":-2,"y":0},{"x":2,"y":0},{"x":-1,"y":0.5},{"x":1,"y":0.5},{"x":-0.5,"y":1.5},{"x":0.5,"y":1.5},{"x":-2.5,"y":2},{"x":2.5,"y":2},{"x":-0.5,"y":2.5},{"x":0.5,"y":2.5}]}],"seeds":["6lV+FahYlTEYVCp6KBGKYdBxVkgZILEUzReS4DkZjKBwQteYHsM5A+hcwTIW3AQA"]},{"layers":[{"index":0,"tiles":[{"x":-1.5,"y":-3},{"x":-0.5,"y":-3},{"x":1.5,"y":-3},{"x":-2.5,"y":-3},{"x":2.5,"y":-3},{"x":-2.5,"y":-2},{"x":-0.5,"y":-2},{"x":0.5,"y":-2},{"x":1.5,"y":-2},{"x":2.5,"y":-2},{"x":-1.5,"y":-1},{"x":-0.5,"y":-1},{"x":0.5,"y":-1},{"x":1.5,"y":-1},{"x":-2.5,"y":0},{"x":-0.5,"y":0},{"x":2.5,"y":0},{"x":-1.5,"y":0},{"x":0.5,"y":0},{"x":-2.5,"y":1},{"x":-1.5,"y":1},{"x":-0.5,"y":1},{"x":0.5,"y":1},{"x":1.5,"y":1},{"x":2.5,"y":1},{"x":-1.5,"y":2},{"x":-0.5,"y":2},{"x":0.5,"y":2},{"x":1.5,"y":2},{"x":-2.5,"y":3},{"x":-1.5,"y":3},{"x":-0.5,"y":3},{"x":0.5,"y":3},{"x":1.5,"y":3},{"x":2.5,"y":3}]},{"index":1,"tiles":[{"x":-2,"y":-2.5},{"x":-1,"y":-2.5},{"x":1,"y":-2.5},{"x":2,"y":-2.5},{"x":-1,"y":-1.5},{"x":1,"y":-1.5},{"x":1.5,"y":-0.5},{"x":0.5,"y":-0.5},{"x":-0.5,"y":-0.5},{"x":-1.5,"y":-0.5},{"x":-2.5,"y":0.5},{"x":2.5,"y":0.5},{"x":-1.5,"y":0.5},{"x":1.5,"y":0.5},{"x":-0.5,"y":1.5},{"x":0.5,"y":1.5},{"x":-1.5,"y":1.5},{"x":1.5,"y":1.5},{"x":-0.5,"y":2.5},{"x":-1.5,"y":2.5},{"x":1.5,"y":2.5}]}],"seeds":["n/gFXgc2KcEQlDWJDViUgReO4eCACnMWFAdygeoME6WQgblU3SJYQoVS"]},{"layers":[{"index":0,"tiles":[{"x":-2.5,"y":-3.5},{"x":2.5,"y":-3.5},{"x":-3.5,"y":-3},{"x":-1.5,"y":-3},{"x":1.5,"y":-3},{"x":3.5,"y":-3},{"x":-4,"y":-2},{"x":-3,"y":-2},{"x":-2,"y":-2},{"x":-1,"y":-2},{"x":1,"y":-2},{"x":2,"y":-2},{"x":3,"y":-2},{"x":4,"y":-2},{"x":-3.5,"y":-1},{"x":-1.5,"y":-1},{"x":1.5,"y":-1},{"x":3.5,"y":-1},{"x":-2.5,"y":-0.5},{"x":2.5,"y":-0.5},{"x":0,"y":0},{"x":-0.5,"y":1},{"x":0.5,"y":1},{"x":-1,"y":2},{"x":1,"y":2},{"x":-1.5,"y":3},{"x":-0.5,"y":3},{"x":0.5,"y":3},{"x":1.5,"y":3}]},{"index":1,"tiles":[{"x":-2.5,"y":-3.5},{"x":2.5,"y":-3.5},{"x":-3.5,"y":-3},{"x":-1.5,"y":-3},{"x":1.5,"y":-3},{"x":3.5,"y":-3},{"x":-4,"y":-2},{"x":-2.5,"y":-2},{"x":-1,"y":-2},{"x":1,"y":-2},{"x":2.5,"y":-2},{"x":4,"y":-2},{"x":-3.5,"y":-1},{"x":-1.5,"y":-1},{"x":1.5,"y":-1},{"x":3.5,"y":-1},{"x":-2.5,"y":-0.5},{"x":2.5,"y":-0.5},{"x":0,"y":0},{"x":-0.5,"y":1},{"x":0.5,"y":1},{"x":-1,"y":2},{"x":1,"y":2},{"x":-1.5,"y":3},{"x":-0.5,"y":3},{"x":0.5,"y":3},{"x":1.5,"y":3}]},{"index":2,"tiles":[{"x":-2.5,"y":-3.5},{"x":2.5,"y":-3.5},{"x":-3.5,"y":-3},{"x":-1.5,"y":-3},{"x":1.5,"y":-3},{"x":3.5,"y":-3},{"x":-4,"y":-2},{"x":-2.5,"y":-2},{"x":-1,"y":-2},{"x":1,"y":-2},{"x":2.5,"y":-2},{"x":4,"y":-2},{"x":-3.5,"y":-1},{"x":-1.5,"y":-1},{"x":1.5,"y":-1},{"x":3.5,"y":-1},{"x":-2.5,"y":-0.5},{"x":2.5,"y":-0.5},{"x":0,"y":0},{"x":-0.5,"y":1},{"x":0.5,"y":1},{"x":-1,"y":2},{"x":1,"y":2},{"x":-1.5,"y":3},{"x":-0.5,"y":3},{"x":0.5,"y":3},{"x":1.5,"y":3}]},{"index":3,"tiles":[{"x":-2.5,"y":-3.5},{"x":2.5,"y":-3.5},{"x":-3.5,"y":-3},{"x":-1.5,"y":-3},{"x":1.5,"y":-3},{"x":3.5,"y":-3},{"x":-4,"y":-2},{"x":-1,"y":-2},{"x":1,"y":-2},{"x":4,"y":-2},{"x":-3.5,"y":-1},{"x":-1.5,"y":-1},{"x":1.5,"y":-1},{"x":3.5,"y":-1},{"x":-2.5,"y":-0.5},{"x":2.5,"y":-0.5},{"x":0,"y":0.5},{"x":-1,"y":2.5},{"x":1,"y":2.5},{"x":0,"y":3}]},{"index":4,"tiles":[{"x":0,"y":0.5},{"x":-1,"y":2.5},{"x":1,"y":2.5}]}],"seeds":["pkcwomFwBsWBUBcGX0YFDUh21RIuRaJKz9RkVBIInIZyYDdoXSh9HDYqVDGJwxeC4OMgE1N5EGcIInJd4BQZEWaFnJUSSnl4hxhy5xd4jgEA"]},{"layers":[{"index":0,"tiles":[{"x":0,"y":-3},{"x":-1,"y":-2},{"x":0,"y":-2},{"x":4,"y":-2},{"x":-2,"y":-1.5},{"x":-4,"y":-1},{"x":-3,"y":-1},{"x":-1,"y":-1},{"x":0,"y":-1},{"x":2,"y":-1},{"x":4,"y":-1},{"x":-2,"y":-0.5},{"x":-4,"y":0},{"x":-3,"y":0},{"x":-1,"y":0},{"x":0,"y":0},{"x":2,"y":0},{"x":4,"y":0},{"x":-2,"y":0.5},{"x":-4,"y":1},{"x":-3,"y":1},{"x":-1,"y":1},{"x":0,"y":1},{"x":2,"y":1},{"x":4,"y":1},{"x":-2,"y":1.5},{"x":-1,"y":2},{"x":0,"y":2},{"x":4,"y":2},{"x":0,"y":3}]},{"index":1,"tiles":[{"x":0,"y":-3},{"x":-1,"y":-2},{"x":0,"y":-2},{"x":4,"y":-2},{"x":-2,"y":-1.5},{"x":-4,"y":-1},{"x":-3,"y":-1},{"x":-1,"y":-1},{"x":0,"y":-1},{"x":2,"y":-1},{"x":4,"y":-1},{"x":-2,"y":-0.5},{"x":-4,"y":0},{"x":-3,"y":0},{"x":-1,"y":0},{"x":0,"y":0},{"x":2,"y":0},{"x":4,"y":0},{"x":-2,"y":0.5},{"x":-4,"y":1},{"x":-3,"y":1},{"x":-1,"y":1},{"x":0,"y":1},{"x":2,"y":1},{"x":4,"y":1},{"x":-2,"y":1.5},{"x":-1,"y":2},{"x":0,"y":2},{"x":4,"y":2},{"x":0,"y":3}]},{"index":2,"tiles":[{"x":0,"y":-3},{"x":-1,"y":-2},{"x":0,"y":-2},{"x":4,"y":-2},{"x":-2,"y":-1.5},{"x":-4,"y":-1},{"x":-3,"y":-1},{"x":-1,"y":-1},{"x":0,"y":-1},{"x":2,"y":-1},{"x":4,"y":-1},{"x":-2,"y":-0.5},{"x":-4,"y":0},{"x":-3,"y":0},{"x":-1,"y":0},{"x":0,"y":0},{"x":2,"y":0},{"x":4,"y":0},{"x":-2,"y":0.5},{"x":-4,"y":1},{"x":-3,"y":1},{"x":-1,"y":1},{"x":0,"y":1},{"x":2,"y":1},{"x":4,"y":1},{"x":-2,"y":1.5},{"x":-1,"y":2},{"x":0,"y":2},{"x":4,"y":2},{"x":0,"y":3}]},{"index":3,"tiles":[{"x":0,"y":-3},{"x":-1,"y":-2},{"x":0,"y":-2},{"x":4,"y":-2},{"x":-2,"y":-1.5},{"x":-4,"y":-1},{"x":-3,"y":-1},{"x":-1,"y":-1},{"x":0,"y":-1},{"x":2,"y":-1},{"x":4,"y":-1},{"x":-2,"y":-0.5},{"x":-4,"y":0},{"x":-3,"y":0},{"x":-1,"y":0},{"x":0,"y":0},{"x":2,"y":0},{"x":4,"y":0},{"x":-2,"y":0.5},{"x":-4,"y":1},{"x":-3,"y":1},{"x":-1,"y":1},{"x":0,"y":1},{"x":2,"y":1},{"x":4,"y":1},{"x":-2,"y":1.5},{"x":-1,"y":2},{"x":0,"y":2},{"x":4,"y":2},{"x":0,"y":3}]},{"index":4,"tiles":[{"x":0,"y":-3},{"x":-1,"y":-2},{"x":0,"y":-2},{"x":-2,"y":-1.5},{"x":4,"y":-1.5},{"x":-1,"y":-1},{"x":0,"y":-1},{"x":-2,"y":-0.5},{"x":2,"y":-0.5},{"x":4,"y":-0.5},{"x":-1,"y":0},{"x":0,"y":0},{"x":-2,"y":0.5},{"x":2,"y":0.5},{"x":4,"y":0.5},{"x":-1,"y":1},{"x":0,"y":1},{"x":-2,"y":1.5},{"x":4,"y":1.5},{"x":-1,"y":2},{"x":0,"y":2},{"x":0,"y":3}]}],"seeds":["X1hySjh9VQcGlShpEyZwn+YxxQd6EhMhaOcJYhdACcKFhEAFYIIpItVZHXeA5tOIlweKA+eA3kJlBueBqmBd5xIS2ZSGwjCAAicKHBiSQrFtBnUwUAB63Lh8g7dw1fQxjxcpntJUTReGTgMA"]},{"layers":[{"index":0,"tiles":[{"x":-2.5,"y":-3},{"x":-1.5,"y":-3},{"x":-0.5,"y":-3},{"x":0.5,"y":-3},{"x":1.5,"y":-3},{"x":2.5,"y":-3},{"x":2.5,"y":-2},{"x":1.5,"y":-2},{"x":0.5,"y":-2},{"x":-0.5,"y":-2},{"x":-1.5,"y":-2},{"x":-2.5,"y":-2},{"x":-2.5,"y":-1},{"x":-1.5,"y":-1},{"x":-0.5,"y":-1},{"x":0.5,"y":-1},{"x":1.5,"y":-1},{"x":2.5,"y":-1},{"x":-2.5,"y":0},{"x":-0.5,"y":0},{"x":0.5,"y":0},{"x":2.5,"y":0},{"x":-1.5,"y":0.5},{"x":1.5,"y":0.5},{"x":0.5,"y":1},{"x":-0.5,"y":1},{"x":-2.5,"y":1.5},{"x":-1.5,"y":1.5},{"x":1.5,"y":1.5},{"x":2.5,"y":1.5},{"x":0.5,"y":2},{"x":-0.5,"y":2},{"x":-2.5,"y":2.5},{"x":-1.5,"y":2.5},{"x":1.5,"y":2.5},{"x":2.5,"y":2.5},{"x":-0.5,"y":3},{"x":0.5,"y":3}]},{"index":1,"tiles":[{"x":-2,"y":-3},{"x":-1,"y":-3},{"x":1,"y":-3},{"x":2,"y":-3},{"x":-2,"y":-2},{"x":-1,"y":-2},{"x":1,"y":-2},{"x":2,"y":-2},{"x":-2,"y":-1},{"x":-1,"y":-1},{"x":1,"y":-1},{"x":2,"y":-1},{"x":-0.5,"y":0.5},{"x":0.5,"y":0.5},{"x":-1.5,"y":1},{"x":1.5,"y":1},{"x":-0.5,"y":1.5},{"x":0.5,"y":1.5},{"x":-1.5,"y":2},{"x":1.5,"y":2},{"x":-2.5,"y":2},{"x":2.5,"y":2},{"x":-0.5,"y":2.5},{"x":0.5,"y":2.5}]}],"seeds":["1GSGoPcZoshcF/d1j3BOHmVYi1IIRAU6TcgsIcilRTCWg8pxzUBUDgk+gdUpaAgA"]},{"layers":[{"index":0,"tiles":[{"x":-2.5,"y":-3},{"x":0.5,"y":-3},{"x":2.5,"y":-3},{"x":-0.5,"y":-3},{"x":2.5,"y":-2},{"x":1.5,"y":-2},{"x":0.5,"y":-2},{"x":-0.5,"y":-2},{"x":-1.5,"y":-2},{"x":-2.5,"y":-2},{"x":-2.5,"y":-1},{"x":-1.5,"y":-1},{"x":-0.5,"y":-1},{"x":0.5,"y":-1},{"x":1.5,"y":-1},{"x":2.5,"y":-1},{"x":-1.5,"y":0},{"x":-0.5,"y":0},{"x":0.5,"y":0},{"x":1.5,"y":0},{"x":-2.5,"y":0},{"x":2.5,"y":0},{"x":-1.5,"y":1},{"x":1.5,"y":1},{"x":-0.5,"y":1},{"x":0.5,"y":1},{"x":-2.5,"y":1},{"x":2.5,"y":1},{"x":-1.5,"y":2},{"x":1.5,"y":2},{"x":-1.5,"y":3},{"x":1.5,"y":3},{"x":0.5,"y":3},{"x":-2.5,"y":3},{"x":2.5,"y":3}]},{"index":1,"tiles":[{"x":-2,"y":-2},{"x":-1,"y":-2},{"x":1,"y":-2},{"x":2,"y":-2},{"x":-2.5,"y":-0.5},{"x":2.5,"y":-0.5},{"x":1.5,"y":-0.5},{"x":0.5,"y":-0.5},{"x":-0.5,"y":-0.5},{"x":-1.5,"y":-0.5},{"x":-2.5,"y":0.5},{"x":-1.5,"y":0.5},{"x":-0.5,"y":0.5},{"x":0.5,"y":0.5},{"x":2.5,"y":0.5},{"x":-1.5,"y":1.5},{"x":-0.5,"y":1.5},{"x":0.5,"y":1.5},{"x":1.5,"y":1.5},{"x":-1.5,"y":2.5},{"x":-0.5,"y":2.5},{"x":0.5,"y":2.5},{"x":1.5,"y":2.5}]}],"seeds":["qDoVVyiGIMidHdOBQhAsjnVxIxhSFRUuaUmIxWcOgtc0Cucwk0cOCsF9lQUA"]},{"layers":[{"index":0,"tiles":[{"x":-2.5,"y":-3},{"x":-0.5,"y":-3},{"x":0.5,"y":-3},{"x":1.5,"y":-3},{"x":2.5,"y":-3},{"x":-2.5,"y":-2},{"x":2.5,"y":-2},{"x":-1.5,"y":-2},{"x":-0.5,"y":-2},{"x":0.5,"y":-2},{"x":1.5,"y":-2},{"x":-2.5,"y":-1},{"x":2.5,"y":-1},{"x":1.5,"y":-1},{"x":0.5,"y":-1},{"x":-0.5,"y":-1},{"x":-1.5,"y":-1},{"x":-2.5,"y":0},{"x":-1.5,"y":0},{"x":-0.5,"y":0},{"x":0.5,"y":0},{"x":1.5,"y":0},{"x":2.5,"y":0},{"x":-2.5,"y":1},{"x":-1.5,"y":1},{"x":-0.5,"y":1},{"x":0.5,"y":1},{"x":1.5,"y":1},{"x":2.5,"y":1},{"x":2.5,"y":2},{"x":-2.5,"y":2},{"x":-0.5,"y":2},{"x":0.5,"y":2},{"x":-2.5,"y":3},{"x":2.5,"y":3}]},{"index":1,"tiles":[{"x":-2,"y":-2.5},{"x":-1,"y":-2.5},{"x":1,"y":-2.5},{"x":2,"y":-2.5},{"x":-1,"y":-1.5},{"x":1,"y":-1.5},{"x":-2.5,"y":-1.5},{"x":2.5,"y":-1.5},{"x":-2.5,"y":-0.5},{"x":2.5,"y":-0.5},{"x":-1.5,"y":-0.5},{"x":1.5,"y":-0.5},{"x":-2.5,"y":0.5},{"x":2.5,"y":0.5},{"x":-1.5,"y":0.5},{"x":0.5,"y":0.5},{"x":1.5,"y":0.5},{"x":-2.5,"y":1.5},{"x":2.5,"y":1.5},{"x":-1.5,"y":1.5},{"x":-0.5,"y":1.5},{"x":0.5,"y":1.5},{"x":1.5,"y":1.5},{"x":-2.5,"y":2.5},{"x":2.5,"y":2.5}]}],"seeds":["xmVQV1iJAgdak0pQpvB9k7NUjeiEoFcOadEwXRAqHAOCAdd5C0ec4TigZGEp"]},{"layers":[{"index":0,"tiles":[{"x":-2.5,"y":-3},{"x":2.5,"y":-3},{"x":-2.5,"y":-2},{"x":2.5,"y":-2},{"x":1.5,"y":-2},{"x":0.5,"y":-2},{"x":-0.5,"y":-2},{"x":-1.5,"y":-2},{"x":-2.5,"y":-1},{"x":-1.5,"y":-1},{"x":-0.5,"y":-1},{"x":0.5,"y":-1},{"x":1.5,"y":-1},{"x":2.5,"y":-1},{"x":-2.5,"y":0},{"x":-1.5,"y":0},{"x":-0.5,"y":0},{"x":0.5,"y":0},{"x":1.5,"y":0},{"x":2.5,"y":0},{"x":-2.5,"y":1},{"x":2.5,"y":1},{"x":1.5,"y":1},{"x":0.5,"y":1},{"x":-0.5,"y":1},{"x":-1.5,"y":1},{"x":-2.5,"y":2},{"x":1.5,"y":2},{"x":2.5,"y":2},{"x":-1.5,"y":2},{"x":-0.5,"y":2},{"x":0.5,"y":2},{"x":-1.5,"y":3},{"x":-0.5,"y":3},{"x":0.5,"y":3},{"x":1.5,"y":3},{"x":-2.5,"y":3},{"x":2.5,"y":3}]},{"index":1,"tiles":[{"x":-2.5,"y":-2.5},{"x":2.5,"y":-2.5},{"x":-2.5,"y":-1.5},{"x":2.5,"y":-1.5},{"x":-1.5,"y":-1.5},{"x":-0.5,"y":-1.5},{"x":0.5,"y":-1.5},{"x":1.5,"y":-1.5},{"x":-2.5,"y":-0.5},{"x":2.5,"y":-0.5},{"x":1.5,"y":-0.5},{"x":0.5,"y":-0.5},{"x":-0.5,"y":-0.5},{"x":-1.5,"y":-0.5},{"x":-2.5,"y":0.5},{"x":2.5,"y":0.5},{"x":-1.5,"y":0.5},{"x":-0.5,"y":0.5},{"x":0.5,"y":0.5},{"x":1.5,"y":0.5},{"x":-2.5,"y":1.5},{"x":2.5,"y":1.5},{"x":-1,"y":1.5},{"x":1,"y":1.5},{"x":-1,"y":2.5},{"x":-2,"y":2.5},{"x":1,"y":2.5},{"x":2,"y":2.5}]}],"seeds":["YeN5TtE15CA4gcIY1RlwSlUZC1dxFAWKJQNa43M54eRM3xMWKdGBKkpYoHh9QjhwiwkA"]},{"layers":[{"index":0,"tiles":[{"x":-3,"y":-3},{"x":-0.5,"y":-3},{"x":0.5,"y":-3},{"x":3,"y":-3},{"x":-0.5,"y":-2},{"x":0.5,"y":-2},{"x":-3,"y":-1.5},{"x":3,"y":-1.5},{"x":-1,"y":-1},{"x":1,"y":-1},{"x":-3,"y":-0.5},{"x":-2,"y":-0.5},{"x":2,"y":-0.5},{"x":3,"y":-0.5},{"x":0,"y":0},{"x":-3,"y":0.5},{"x":-2,"y":0.5},{"x":2,"y":0.5},{"x":3,"y":0.5},{"x":-1,"y":1},{"x":1,"y":1},{"x":-3,"y":1.5},{"x":3,"y":1.5},{"x":-0.5,"y":2},{"x":0.5,"y":2},{"x":-3,"y":3},{"x":-0.5,"y":3},{"x":0.5,"y":3},{"x":3,"y":3}]},{"index":1,"tiles":[{"x":-3,"y":-3},{"x":-0.5,"y":-3},{"x":0.5,"y":-3},{"x":3,"y":-3},{"x":-0.5,"y":-2},{"x":0.5,"y":-2},{"x":-3,"y":-1.5},{"x":3,"y":-1.5},{"x":-1,"y":-1},{"x":1,"y":-1},{"x":-3,"y":-0.5},{"x":-2,"y":-0.5},{"x":2,"y":-0.5},{"x":3,"y":-0.5},{"x":0,"y":0},{"x":-3,"y":0.5},{"x":-2,"y":0.5},{"x":2,"y":0.5},{"x":3,"y":0.5},{"x":-1,"y":1},{"x":1,"y":1},{"x":-3,"y":1.5},{"x":3,"y":1.5},{"x":-0.5,"y":2},{"x":0.5,"y":2},{"x":-3,"y":3},{"x":-0.5,"y":3},{"x":0.5,"y":3},{"x":3,"y":3}]},{"index":2,"tiles":[{"x":-3,"y":-3},{"x":-0.5,"y":-3},{"x":0.5,"y":-3},{"x":3,"y":-3},{"x":-0.5,"y":-2},{"x":0.5,"y":-2},{"x":-3,"y":-1.5},{"x":3,"y":-1.5},{"x":-1,"y":-1},{"x":1,"y":-1},{"x":-3,"y":-0.5},{"x":-2,"y":-0.5},{"x":2,"y":-0.5},{"x":3,"y":-0.5},{"x":0,"y":0},{"x":-3,"y":0.5},{"x":-2,"y":0.5},{"x":2,"y":0.5},{"x":3,"y":0.5},{"x":-1,"y":1},{"x":1,"y":1},{"x":-3,"y":1.5},{"x":3,"y":1.5},{"x":-0.5,"y":2},{"x":0.5,"y":2},{"x":-3,"y":3},{"x":-0.5,"y":3},{"x":0.5,"y":3},{"x":3,"y":3}]},{"index":3,"tiles":[{"x":-3,"y":-3},{"x":3,"y":-3},{"x":0,"y":-2.5},{"x":-3,"y":-1},{"x":-1,"y":-1},{"x":1,"y":-1},{"x":3,"y":-1},{"x":-3,"y":0},{"x":0,"y":0},{"x":3,"y":0},{"x":-3,"y":1},{"x":-1,"y":1},{"x":1,"y":1},{"x":3,"y":1},{"x":0,"y":2.5},{"x":-3,"y":3},{"x":3,"y":3}]},{"index":4,"tiles":[{"x":0,"y":-2.5},{"x":0,"y":2.5}]}],"seeds":["IgRZExKCHBcGoRJ1YcQlRkV9hkA1CbiAxSQi0kcQXMdYUlOCiid0jNI5WsaB3xIUA/eIJoZ516NsxzFN3egFoKiRYep8YtANl3ei2RaqYgUA"]},{"layers":[{"index":0,"tiles":[{"x":1.5,"y":-3},{"x":0.5,"y":-3},{"x":-0.5,"y":-3},{"x":-1.5,"y":-3},{"x":2.5,"y":-3},{"x":-2.5,"y":-3},{"x":-0.5,"y":-2},{"x":0.5,"y":-2},{"x":1.5,"y":-2},{"x":-1.5,"y":-2},{"x":2.5,"y":-2},{"x":-2.5,"y":-2},{"x":-2.5,"y":-1},{"x":2.5,"y":-1},{"x":-0.5,"y":-1},{"x":-1.5,"y":-1},{"x":1.5,"y":-1},{"x":0.5,"y":-1},{"x":-2.5,"y":0},{"x":2.5,"y":0},{"x":-1.5,"y":0},{"x":-0.5,"y":0},{"x":0.5,"y":0},{"x":1.5,"y":0},{"x":-2.5,"y":1},{"x":-1.5,"y":1},{"x":-0.5,"y":1},{"x":0.5,"y":1},{"x":1.5,"y":1},{"x":2.5,"y":1},{"x":-3.5,"y":2.5},{"x":-2.5,"y":2.5},{"x":-1.5,"y":2.5},{"x":1.5,"y":2.5},{"x":2.5,"y":2.5},{"x":3.5,"y":2.5}]},{"index":1,"tiles":[{"x":-2,"y":-3},{"x":2,"y":-3},{"x":-1,"y":-2.5},{"x":1,"y":-2.5},{"x":-2.5,"y":-1.5},{"x":2.5,"y":-1.5},{"x":1.5,"y":-1.5},{"x":0.5,"y":-1.5},{"x":-0.5,"y":-1.5},{"x":-1.5,"y":-1.5},{"x":-2.5,"y":-0.5},{"x":2.5,"y":-0.5},{"x":-1.5,"y":-0.5},{"x":-0.5,"y":-0.5},{"x":0.5,"y":-0.5},{"x":1.5,"y":-0.5},{"x":-2.5,"y":0.5},{"x":-1.5,"y":0.5},{"x":-0.5,"y":0.5},{"x":0.5,"y":0.5},{"x":1.5,"y":0.5},{"x":2.5,"y":0.5},{"x":-3,"y":2.5},{"x":-2,"y":2.5},{"x":2,"y":2.5},{"x":3,"y":2.5}]}],"seeds":["VGow4BMsUxl6TkN4ioM+F8MZIKgqIhGOwzJwRUd+4SV239SAlcVVXFBYgnCaVAgA"]},{"layers":[{"index":0,"tiles":[{"x":-2.5,"y":-3.5},{"x":-1.5,"y":-3.5},{"x":-0.5,"y":-3.5},{"x":0.5,"y":-3.5},{"x":1.5,"y":-3.5},{"x":2.5,"y":-3.5},{"x":-1.5,"y":-2.5},{"x":-0.5,"y":-2.5},{"x":0.5,"y":-2.5},{"x":1.5,"y":-2.5},{"x":-2.5,"y":-1.5},{"x":-1.5,"y":-1.5},{"x":-0.5,"y":-1.5},{"x":0.5,"y":-1.5},{"x":1.5,"y":-1.5},{"x":2.5,"y":-1.5},{"x":-3,"y":-0.5},{"x":-2,"y":-0.5},{"x":-1,"y":-0.5},{"x":0,"y":-0.5},{"x":1,"y":-0.5},{"x":2,"y":-0.5},{"x":3,"y":-0.5},{"x":-4,"y":0},{"x":4,"y":0},{"x":-3,"y":0.5},{"x":-2,"y":0.5},{"x":-1,"y":0.5},{"x":0,"y":0.5},{"x":1,"y":0.5},{"x":2,"y":0.5},{"x":3,"y":0.5},{"x":-4,"y":1},{"x":4,"y":1},{"x":-3,"y":1.5},{"x":-2,"y":1.5},{"x":-1,"y":1.5},{"x":0,"y":1.5},{"x":1,"y":1.5},{"x":2,"y":1.5},{"x":3,"y":1.5},{"x":-2,"y":2.5},{"x":-1,"y":2.5},{"x":0,"y":2.5},{"x":1,"y":2.5},{"x":2,"y":2.5},{"x":-1,"y":3.5},{"x":0,"y":3.5},{"x":1,"y":3.5}]},{"index":1,"tiles":[{"x":-2.5,"y":-3.5},{"x":-1.5,"y":-3.5},{"x":-0.5,"y":-3.5},{"x":0.5,"y":-3.5},{"x":1.5,"y":-3.5},{"x":2.5,"y":-3.5},{"x":-1.5,"y":-2.5},{"x":-0.5,"y":-2.5},{"x":0.5,"y":-2.5},{"x":1.5,"y":-2.5},{"x":-2.5,"y":-1.5},{"x":-1.5,"y":-1.5},{"x":-0.5,"y":-1.5},{"x":0.5,"y":-1.5},{"x":1.5,"y":-1.5},{"x":2.5,"y":-1.5},{"x":-3,"y":-0.5},{"x":-2,"y":-0.5},{"x":-1,"y":-0.5},{"x":0,"y":-0.5},{"x":1,"y":-0.5},{"x":2,"y":-0.5},{"x":3,"y":-0.5},{"x":-4,"y":0},{"x":4,"y":0},{"x":-3,"y":0.5},{"x":-2,"y":0.5},{"x":-1,"y":0.5},{"x":0,"y":0.5},{"x":1,"y":0.5},{"x":2,"y":0.5},{"x":3,"y":0.5},{"x":-4,"y":1},{"x":4,"y":1},{"x":-3,"y":1.5},{"x":-2,"y":1.5},{"x":-1,"y":1.5},{"x":0,"y":1.5},{"x":1,"y":1.5},{"x":2,"y":1.5},{"x":3,"y":1.5},{"x":-2,"y":2.5},{"x":-1,"y":2.5},{"x":0,"y":2.5},{"x":1,"y":2.5},{"x":2,"y":2.5},{"x":-1,"y":3.5},{"x":0,"y":3.5},{"x":1,"y":3.5}]},{"index":2,"tiles":[{"x":-2.5,"y":-3.5},{"x":-1.5,"y":-3.5},{"x":-0.5,"y":-3.5},{"x":0.5,"y":-3.5},{"x":1.5,"y":-3.5},{"x":2.5,"y":-3.5},{"x":-1,"y":-2.5},{"x":0,"y":-2.5},{"x":1,"y":-2.5},{"x":-2.5,"y":-1.5},{"x":-1.5,"y":-1.5},{"x":-0.5,"y":-1.5},{"x":0.5,"y":-1.5},{"x":1.5,"y":-1.5},{"x":2.5,"y":-1.5},{"x":-3,"y":-0.5},{"x":-2,"y":-0.5},{"x":-1,"y":-0.5},{"x":0,"y":-0.5},{"x":1,"y":-0.5},{"x":2,"y":-0.5},{"x":3,"y":-0.5},{"x":-4,"y":0.5},{"x":-3,"y":0.5},{"x":-2,"y":0.5},{"x":-1,"y":0.5},{"x":0,"y":0.5},{"x":1,"y":0.5},{"x":2,"y":0.5},{"x":3,"y":0.5},{"x":4,"y":0.5},{"x":-3,"y":1.5},{"x":-2,"y":1.5},{"x":-1,"y":1.5},{"x":0,"y":1.5},{"x":1,"y":1.5},{"x":2,"y":1.5},{"x":3,"y":1.5},{"x":-2,"y":2.5},{"x":-1,"y":2.5},{"x":0,"y":2.5},{"x":1,"y":2.5},{"x":2,"y":2.5}]},{"index":3,"tiles":[{"x":-1,"y":-3.5},{"x":0,"y":-3.5},{"x":1,"y":-3.5}]}],"seeds":["IQJO3PeQDCgoHzh44dCAouFwWIIUoKOJVbiBHecFU0iAnAJijrJQXbhQkMBtkQd2WWh+geiNHCMuX5dMXRdNJwR5lggSUhVyz2GoDahx4gQKGRcGBShcHZQG1+NwJRUu3kB1xwSiVqhIw7Ms"]},{"layers":[{"index":0,"tiles":[{"x":-1.5,"y":-3},{"x":-0.5,"y":-3},{"x":0.5,"y":-3},{"x":1.5,"y":-3},{"x":-2.5,"y":-2},{"x":-1.5,"y":-2},{"x":-0.5,"y":-2},{"x":0.5,"y":-2},{"x":1.5,"y":-2},{"x":2.5,"y":-2},{"x":-2.5,"y":-1},{"x":-1.5,"y":-1},{"x":-0.5,"y":-1},{"x":0.5,"y":-1},{"x":1.5,"y":-1},{"x":2.5,"y":-1},{"x":-1.5,"y":0},{"x":-0.5,"y":0},{"x":0.5,"y":0},{"x":1.5,"y":0},{"x":-2.5,"y":1},{"x":-1.5,"y":1},{"x":-0.5,"y":1},{"x":0.5,"y":1},{"x":1.5,"y":1},{"x":2.5,"y":1},{"x":2.5,"y":2},{"x":1.5,"y":2},{"x":0.5,"y":2},{"x":-0.5,"y":2},{"x":-1.5,"y":2},{"x":-2.5,"y":2},{"x":-2.5,"y":3},{"x":-1.5,"y":3},{"x":-0.5,"y":3},{"x":0.5,"y":3},{"x":1.5,"y":3},{"x":2.5,"y":3}]},{"index":1,"tiles":[{"x":-1.5,"y":-2.5},{"x":-0.5,"y":-2.5},{"x":0.5,"y":-2.5},{"x":1.5,"y":-2.5},{"x":-2.5,"y":-1.5},{"x":-1.5,"y":-1.5},{"x":-0.5,"y":-1.5},{"x":0.5,"y":-1.5},{"x":1.5,"y":-1.5},{"x":2.5,"y":-1.5},{"x":-1,"y":-0.5},{"x":1,"y":-0.5},{"x":-1,"y":0.5},{"x":1,"y":0.5},{"x":-1,"y":1.5},{"x":-2,"y":1.5},{"x":1,"y":1.5},{"x":2,"y":1.5},{"x":-2.5,"y":2.5},{"x":-1.5,"y":2.5},{"x":-0.5,"y":2.5},{"x":0.5,"y":2.5},{"x":1.5,"y":2.5},{"x":2.5,"y":2.5}]}],"seeds":["pSAwymBOgeWNgto0wcRRnhKCy8CIS1Nx3iKeHRksIDWlQgVOX0hMhNdNDWp9YAAA"]},{"layers":[{"index":0,"tiles":[{"x":-1.5,"y":-3},{"x":-0.5,"y":-3},{"x":0.5,"y":-3},{"x":1.5,"y":-3},{"x":-2.5,"y":-2},{"x":-1.5,"y":-2},{"x":1.5,"y":-2},{"x":2.5,"y":-2},{"x":-2.5,"y":-1},{"x":0.5,"y":-1},{"x":-0.5,"y":-1},{"x":-1.5,"y":-1},{"x":2.5,"y":-1},{"x":-2.5,"y":0},{"x":-1.5,"y":0},{"x":-0.5,"y":0},{"x":0.5,"y":0},{"x":1.5,"y":0},{"x":2.5,"y":0},{"x":-2.5,"y":1},{"x":2.5,"y":1},{"x":1.5,"y":1},{"x":0.5,"y":1},{"x":-0.5,"y":1},{"x":-1.5,"y":1},{"x":-2.5,"y":2},{"x":1.5,"y":2},{"x":2.5,"y":2},{"x":-1.5,"y":2},{"x":-0.5,"y":2},{"x":0.5,"y":2},{"x":-1.5,"y":3},{"x":-0.5,"y":3},{"x":0.5,"y":3},{"x":1.5,"y":3},{"x":-2.5,"y":3},{"x":2.5,"y":3}]},{"index":1,"tiles":[{"x":-1.5,"y":-2.5},{"x":1.5,"y":-2.5},{"x":-2,"y":-1},{"x":2,"y":-1},{"x":-1,"y":-0.5},{"x":1,"y":-0.5},{"x":-2.5,"y":0.5},{"x":2.5,"y":0.5},{"x":1.5,"y":0.5},{"x":0.5,"y":0.5},{"x":-0.5,"y":0.5},{"x":-1.5,"y":0.5},{"x":-2.5,"y":1.5},{"x":2.5,"y":1.5},{"x":-1.5,"y":1.5},{"x":-0.5,"y":1.5},{"x":0.5,"y":1.5},{"x":-2.5,"y":2.5},{"x":-1.5,"y":2.5},{"x":1.5,"y":2.5},{"x":2.5,"y":2.5}]}],"seeds":["QzgE3jV9aWGp4RKSKGcxDOhQHfGVFShyIMgpotNcZyeYXEOMU+BRS1gpQgEA"]},{"layers":[{"index":0,"tiles":[{"x":-2.5,"y":-3},{"x":-1.5,"y":-3},{"x":-0.5,"y":-3},{"x":0.5,"y":-3},{"x":1.5,"y":-3},{"x":2.5,"y":-3},{"x":-2.5,"y":-2},{"x":2.5,"y":-2},{"x":-1.5,"y":-2},{"x":-0.5,"y":-2},{"x":0.5,"y":-2},{"x":1.5,"y":-2},{"x":-2.5,"y":-1},{"x":2.5,"y":-1},{"x":1.5,"y":-1},{"x":0.5,"y":-1},{"x":-0.5,"y":-1},{"x":-1.5,"y":-1},{"x":-2.5,"y":0},{"x":-1.5,"y":0},{"x":-0.5,"y":0},{"x":0.5,"y":0},{"x":1.5,"y":0},{"x":2.5,"y":0},{"x":-1.5,"y":1},{"x":-0.5,"y":1},{"x":0.5,"y":1},{"x":1.5,"y":1},{"x":-1.5,"y":2},{"x":-0.5,"y":2},{"x":1.5,"y":2},{"x":0.5,"y":2},{"x":-2.5,"y":3},{"x":-1.5,"y":3},{"x":-0.5,"y":3},{"x":0.5,"y":3},{"x":1.5,"y":3},{"x":2.5,"y":3}]},{"index":1,"tiles":[{"x":-2.5,"y":-2.5},{"x":-1.5,"y":-2.5},{"x":-0.5,"y":-2.5},{"x":0.5,"y":-2.5},{"x":1.5,"y":-2.5},{"x":2.5,"y":-2.5},{"x":-0.5,"y":-1.5},{"x":0.5,"y":-1.5},{"x":-2,"y":-1},{"x":2,"y":-1},{"x":-1,"y":-0.5},{"x":1,"y":-0.5},{"x":-1.5,"y":0.5},{"x":-0.5,"y":0.5},{"x":0.5,"y":0.5},{"x":1.5,"y":0.5},{"x":1.5,"y":1.5},{"x":0.5,"y":1.5},{"x":-0.5,"y":1.5},{"x":-1.5,"y":1.5},{"x":-1.5,"y":2.5},{"x":-0.5,"y":2.5},{"x":0.5,"y":2.5},{"x":1.5,"y":2.5}]}],"seeds":["y7OAk2E1DwlyQ0pwnRAWlxMIzqmGlFJxYYl2JlcpTNF4zDBdovcRYmiAoDVSwQcA"]},{"layers":[{"index":0,"tiles":[{"x":-2.5,"y":-3},{"x":-1.5,"y":-3},{"x":-0.5,"y":-3},{"x":0.5,"y":-3},{"x":1.5,"y":-3},{"x":2.5,"y":-3},{"x":2.5,"y":-2},{"x":-2.5,"y":-2},{"x":-1.5,"y":-2},{"x":-0.5,"y":-2},{"x":0.5,"y":-2},{"x":1.5,"y":-2},{"x":2.5,"y":-1},{"x":1.5,"y":-1},{"x":0.5,"y":-1},{"x":-0.5,"y":-1},{"x":-1.5,"y":-1},{"x":-2.5,"y":-1},{"x":-1.5,"y":0},{"x":-0.5,"y":0},{"x":0.5,"y":0},{"x":1.5,"y":0},{"x":2.5,"y":0},{"x":-2.5,"y":0},{"x":-2.5,"y":1},{"x":-1.5,"y":1},{"x":2.5,"y":1},{"x":1.5,"y":1},{"x":0.5,"y":1},{"x":-0.5,"y":1},{"x":-2.5,"y":2},{"x":-1.5,"y":2},{"x":-0.5,"y":2},{"x":0.5,"y":2},{"x":1.5,"y":2},{"x":2.5,"y":2},{"x":-2.5,"y":3},{"x":2.5,"y":3}]},{"index":1,"tiles":[{"x":-2.5,"y":-2.5},{"x":2.5,"y":-2.5},{"x":1.5,"y":-2.5},{"x":0.5,"y":-2.5},{"x":-0.5,"y":-2.5},{"x":-1.5,"y":-2.5},{"x":-2.5,"y":-1.5},{"x":-1.5,"y":-1.5},{"x":-0.5,"y":-1.5},{"x":0.5,"y":-1.5},{"x":1.5,"y":-1.5},{"x":2.5,"y":-1.5},{"x":-0.5,"y":-0.5},{"x":0.5,"y":-0.5},{"x":-2,"y":-0.5},{"x":2,"y":-0.5},{"x":-0.5,"y":0.5},{"x":0.5,"y":0.5},{"x":-2,"y":0.5},{"x":2,"y":0.5},{"x":-2.5,"y":1.5},{"x":-1.5,"y":1.5},{"x":-0.5,"y":1.5},{"x":0.5,"y":1.5},{"x":1.5,"y":1.5},{"x":2.5,"y":1.5},{"x":-2.5,"y":2.5},{"x":2.5,"y":2.5}]}],"seeds":["VMgpXXNyY2CgIKhUYpByzaQ64CVSTOgUHoh9AraYllF+QxUWD2ZdXLcIGDFMxBMypAcA"]},{"layers":[{"index":0,"tiles":[{"x":-2.5,"y":-3},{"x":-1.5,"y":-3},{"x":-0.5,"y":-3},{"x":0.5,"y":-3},{"x":1.5,"y":-3},{"x":2.5,"y":-3},{"x":-2.5,"y":-2},{"x":2.5,"y":-2},{"x":-0.5,"y":-2},{"x":0.5,"y":-2},{"x":1.5,"y":-2},{"x":-2.5,"y":-1},{"x":2.5,"y":-1},{"x":1.5,"y":-1},{"x":0.5,"y":-1},{"x":-0.5,"y":-1},{"x":-2.5,"y":0},{"x":-1.5,"y":0},{"x":-0.5,"y":0},{"x":0.5,"y":0},{"x":1.5,"y":0},{"x":2.5,"y":0},{"x":-2.5,"y":1},{"x":0.5,"y":1},{"x":1.5,"y":1},{"x":2.5,"y":1},{"x":-0.5,"y":1},{"x":-2.5,"y":2},{"x":-1.5,"y":2},{"x":-0.5,"y":2},{"x":1.5,"y":2},{"x":2.5,"y":2},{"x":0.5,"y":2},{"x":-0.5,"y":3},{"x":0.5,"y":3}]},{"index":1,"tiles":[{"x":-2,"y":-2.5},{"x":-1,"y":-2.5},{"x":1,"y":-2.5},{"x":2,"y":-2.5},{"x":-2,"y":-1.5},{"x":-1,"y":-1.5},{"x":1,"y":-1.5},{"x":2,"y":-1.5},{"x":2.5,"y":-0.5},{"x":1.5,"y":-0.5},{"x":0.5,"y":-0.5},{"x":-0.5,"y":-0.5},{"x":-1.5,"y":-0.5},{"x":-2.5,"y":-0.5},{"x":2.5,"y":0.5},{"x":-1.5,"y":0.5},{"x":-0.5,"y":0.5},{"x":-2.5,"y":0.5},{"x":-2.5,"y":1.5},{"x":-1.5,"y":1.5},{"x":0.5,"y":1.5},{"x":1.5,"y":1.5},{"x":2.5,"y":1.5},{"x":-0.5,"y":2.5},{"x":0.5,"y":2.5}]}],"seeds":["TFpQwrhM1vJdoBcqIuc1nxAOTRieKOGoQ6U4YBcGHNcFE1OClsmFJEgUVHWJ"]},{"layers":[{"index":0,"tiles":[{"x":-0.5,"y":-3},{"x":0.5,"y":-3},{"x":-1.5,"y":-3},{"x":1.5,"y":-3},{"x":-0.5,"y":-2},{"x":0.5,"y":-2},{"x":1.5,"y":-2},{"x":-2.5,"y":-2},{"x":2.5,"y":-2},{"x":-1.5,"y":-2},{"x":-0.5,"y":-1},{"x":1.5,"y":-1},{"x":-2.5,"y":-1},{"x":2.5,"y":-1},{"x":-1.5,"y":-1},{"x":0.5,"y":-1},{"x":-0.5,"y":0},{"x":0.5,"y":0},{"x":-2.5,"y":0},{"x":2.5,"y":0},{"x":-1.5,"y":0},{"x":1.5,"y":0},{"x":-2.5,"y":1},{"x":-1.5,"y":1},{"x":0.5,"y":1},{"x":1.5,"y":1},{"x":2.5,"y":1},{"x":-0.5,"y":1},{"x":-0.5,"y":2},{"x":0.5,"y":2},{"x":-2.5,"y":2},{"x":2.5,"y":2},{"x":-1.5,"y":2},{"x":1.5,"y":2},{"x":-0.5,"y":3},{"x":0.5,"y":3},{"x":1.5,"y":3},{"x":-1.5,"y":3}]},{"index":1,"tiles":[{"x":-0.5,"y":-2.5},{"x":-1.5,"y":-2.5},{"x":0.5,"y":-2.5},{"x":1.5,"y":-2.5},{"x":2.5,"y":-1.5},{"x":-1.5,"y":-1.5},{"x":-0.5,"y":-1.5},{"x":0.5,"y":-1.5},{"x":1.5,"y":-1.5},{"x":-2.5,"y":-1.5},{"x":-2.5,"y":-0.5},{"x":-1.5,"y":-0.5},{"x":-0.5,"y":-0.5},{"x":1.5,"y":-0.5},{"x":2.5,"y":-0.5},{"x":0.5,"y":-0.5},{"x":-2,"y":0.5},{"x":2,"y":0.5},{"x":-1,"y":1},{"x":1,"y":1},{"x":-2,"y":1.5},{"x":2,"y":1.5},{"x":-1,"y":2.5},{"x":1,"y":2.5}]}],"seeds":["wcA0V9VwoDh5Q8qgoUJ11Vh0DjgIZPktxSQUDUh9YLNwpyI6QRiGF6GaXmER1gAA"]},{"layers":[{"index":0,"tiles":[{"x":-0.5,"y":-4},{"x":0.5,"y":-4},{"x":-3.5,"y":-3},{"x":-2.5,"y":-3},{"x":-1,"y":-3},{"x":0,"y":-3},{"x":1,"y":-3},{"x":2.5,"y":-3},{"x":3.5,"y":-3},{"x":-4,"y":-2},{"x":-3,"y":-2},{"x":-2,"y":-2},{"x":-0.5,"y":-2},{"x":0.5,"y":-2},{"x":2,"y":-2},{"x":3,"y":-2},{"x":4,"y":-2},{"x":-3.5,"y":-1},{"x":-2.5,"y":-1},{"x":0,"y":-1},{"x":2.5,"y":-1},{"x":3.5,"y":-1},{"x":-1,"y":-0.5},{"x":1,"y":-0.5},{"x":-3,"y":0},{"x":3,"y":0},{"x":-2,"y":0.5},{"x":-1,"y":0.5},{"x":1,"y":0.5},{"x":2,"y":0.5},{"x":0,"y":1},{"x":0,"y":2},{"x":0,"y":3},{"x":0,"y":4}]},{"index":1,"tiles":[{"x":-0.5,"y":-4},{"x":0.5,"y":-4},{"x":-3.5,"y":-3},{"x":-2.5,"y":-3},{"x":-1,"y":-3},{"x":0,"y":-3},{"x":1,"y":-3},{"x":2.5,"y":-3},{"x":3.5,"y":-3},{"x":-4,"y":-2},{"x":-3,"y":-2},{"x":-2,"y":-2},{"x":-0.5,"y":-2},{"x":0.5,"y":-2},{"x":2,"y":-2},{"x":3,"y":-2},{"x":4,"y":-2},{"x":-3.5,"y":-1},{"x":-2.5,"y":-1},{"x":0,"y":-1},{"x":2.5,"y":-1},{"x":3.5,"y":-1},{"x":-1,"y":-0.5},{"x":1,"y":-0.5},{"x":-3,"y":0},{"x":3,"y":0},{"x":-2,"y":0.5},{"x":-1,"y":0.5},{"x":1,"y":0.5},{"x":2,"y":0.5},{"x":0,"y":1},{"x":0,"y":2},{"x":0,"y":3},{"x":0,"y":4}]},{"index":2,"tiles":[{"x":0,"y":-3.5},{"x":-3.5,"y":-2.5},{"x":-2.5,"y":-2.5},{"x":-0.5,"y":-2.5},{"x":0.5,"y":-2.5},{"x":2.5,"y":-2.5},{"x":3.5,"y":-2.5},{"x":-3,"y":-1.5},{"x":3,"y":-1.5},{"x":0,"y":-1},{"x":-1,"y":-0.5},{"x":1,"y":-0.5},{"x":-3,"y":0},{"x":3,"y":0},{"x":-1.5,"y":0.5},{"x":1.5,"y":0.5},{"x":0,"y":1},{"x":0,"y":2},{"x":0,"y":3},{"x":0,"y":4}]},{"index":3,"tiles":[{"x":0,"y":-3},{"x":-3,"y":-2},{"x":3,"y":-2},{"x":-3,"y":0},{"x":3,"y":0},{"x":0,"y":1},{"x":0,"y":2},{"x":0,"y":3},{"x":0,"y":4}]},{"index":4,"tiles":[{"x":0,"y":-3},{"x":-3,"y":-2},{"x":3,"y":-2}]}],"seeds":["HNIh4jd2HqgSoKVwVuAJoeaEpxhtUHUUn+dNySc63RI+oUglxxSEG3lR4AKKUaZwTGWE6ICBEJhe2MBlgthoz0cwYMmBUmeYXNFI"]},{"layers":[{"index":0,"tiles":[{"x":-0.5,"y":-3},{"x":0.5,"y":-3},{"x":-2.5,"y":-3},{"x":-1.5,"y":-3},{"x":1.5,"y":-3},{"x":2.5,"y":-3},{"x":-0.5,"y":-2},{"x":0.5,"y":-2},{"x":1.5,"y":-2},{"x":-2.5,"y":-2},{"x":2.5,"y":-2},{"x":-0.5,"y":-1},{"x":1.5,"y":-1},{"x":-2.5,"y":-1},{"x":2.5,"y":-1},{"x":-0.5,"y":0},{"x":0.5,"y":0},{"x":-2.5,"y":0},{"x":2.5,"y":0},{"x":-1.5,"y":0},{"x":1.5,"y":0},{"x":-2.5,"y":1},{"x":-1.5,"y":1},{"x":0.5,"y":1},{"x":1.5,"y":1},{"x":2.5,"y":1},{"x":-0.5,"y":1},{"x":-0.5,"y":2},{"x":0.5,"y":2},{"x":-2.5,"y":2},{"x":2.5,"y":2},{"x":-1.5,"y":3},{"x":-0.5,"y":3},{"x":0.5,"y":3},{"x":1.5,"y":3}]},{"index":1,"tiles":[{"x":-2.5,"y":-2.5},{"x":2.5,"y":-2.5},{"x":-0.5,"y":-2.5},{"x":-1.5,"y":-2.5},{"x":-2.5,"y":-1.5},{"x":2.5,"y":-1.5},{"x":-1.5,"y":-1.5},{"x":-0.5,"y":-1.5},{"x":0.5,"y":-1.5},{"x":1.5,"y":-1.5},{"x":-2.5,"y":-0.5},{"x":-1.5,"y":-0.5},{"x":-0.5,"y":-0.5},{"x":1.5,"y":-0.5},{"x":2.5,"y":-0.5},{"x":-2,"y":1},{"x":-1,"y":1},{"x":1,"y":1},{"x":2,"y":1},{"x":-0.5,"y":2.5},{"x":0.5,"y":2.5}]}],"seeds":["4lJVnAMOKKFYpnBZIDUpnwMWhBd0XXB5XDGpQyksKUM1H3hyYyNyJBOG"]},{"layers":[{"index":0,"tiles":[{"x":2.5,"y":-9},{"x":4.5,"y":-9},{"x":6.5,"y":-9},{"x":8.5,"y":-9},{"x":2.5,"y":-8},{"x":4.5,"y":-8},{"x":6.5,"y":-8},{"x":8.5,"y":-8},{"x":2.5,"y":-7},{"x":3.5,"y":-7},{"x":4.5,"y":-7},{"x":5.5,"y":-7},{"x":6.5,"y":-7},{"x":7.5,"y":-7},{"x":8.5,"y":-7},{"x":2.5,"y":-6},{"x":3.5,"y":-6},{"x":4.5,"y":-6},{"x":5.5,"y":-6},{"x":6.5,"y":-6},{"x":7.5,"y":-6},{"x":8.5,"y":-6},{"x":2.5,"y":-5},{"x":5,"y":-5},{"x":6,"y":-5},{"x":8.5,"y":-5},{"x":2.5,"y":-4},{"x":5,"y":-4},{"x":6,"y":-4},{"x":8.5,"y":-4},{"x":5,"y":-3},{"x":6,"y":-3},{"x":5,"y":-2},{"x":6,"y":-2},{"x":5,"y":-1},{"x":6,"y":-1}]},{"index":1,"tiles":[{"x":2.5,"y":-9},{"x":4.5,"y":-9},{"x":6.5,"y":-9},{"x":8.5,"y":-9},{"x":2.5,"y":-8},{"x":4.5,"y":-8},{"x":6.5,"y":-8},{"x":8.5,"y":-8},{"x":2.5,"y":-7},{"x":3.5,"y":-7},{"x":4.5,"y":-7},{"x":5.5,"y":-7},{"x":6.5,"y":-7},{"x":7.5,"y":-7},{"x":8.5,"y":-7},{"x":2.5,"y":-6},{"x":3.5,"y":-6},{"x":4.5,"y":-6},{"x":5.5,"y":-6},{"x":6.5,"y":-6},{"x":7.5,"y":-6},{"x":8.5,"y":-6},{"x":2.5,"y":-5},{"x":5,"y":-5},{"x":6,"y":-5},{"x":8.5,"y":-5},{"x":2.5,"y":-4},{"x":5,"y":-4},{"x":6,"y":-4},{"x":8.5,"y":-4},{"x":5,"y":-3},{"x":6,"y":-3},{"x":5,"y":-2},{"x":6,"y":-2},{"x":5,"y":-1},{"x":6,"y":-1}]},{"index":2,"tiles":[{"x":2.5,"y":-9},{"x":4.5,"y":-9},{"x":6.5,"y":-9},{"x":8.5,"y":-9},{"x":2.5,"y":-8},{"x":4.5,"y":-8},{"x":6.5,"y":-8},{"x":8.5,"y":-8},{"x":2.5,"y":-7},{"x":3.5,"y":-7},{"x":4.5,"y":-7},{"x":5.5,"y":-7},{"x":6.5,"y":-7},{"x":7.5,"y":-7},{"x":8.5,"y":-7},{"x":2.5,"y":-6},{"x":3.5,"y":-6},{"x":4.5,"y":-6},{"x":5.5,"y":-6},{"x":6.5,"y":-6},{"x":7.5,"y":-6},{"x":8.5,"y":-6},{"x":2.5,"y":-5},{"x":5,"y":-5},{"x":6,"y":-5},{"x":8.5,"y":-5},{"x":2.5,"y":-4},{"x":5,"y":-4},{"x":6,"y":-4},{"x":8.5,"y":-4},{"x":5,"y":-3},{"x":6,"y":-3},{"x":5,"y":-2},{"x":6,"y":-2},{"x":5,"y":-1},{"x":6,"y":-1}]}],"seeds":["U6AoWOA1ywZynqUdowU6QYFyA/F8X9k1kDd1YIYEZAY6YbQNTzhRkxgKmqcIH9h1VXFAWGgqIRElEiUy3IV0HCdeancaKSNKCRd+BiiKFQgu"]},{"layers":[{"index":0,"tiles":[{"x":-2.5,"y":-3},{"x":-0.5,"y":-3},{"x":0.5,"y":-3},{"x":2.5,"y":-3},{"x":-2.5,"y":-2},{"x":-1.5,"y":-2},{"x":-0.5,"y":-2},{"x":0.5,"y":-2},{"x":1.5,"y":-2},{"x":2.5,"y":-2},{"x":-2.5,"y":-1},{"x":-1.5,"y":-1},{"x":-0.5,"y":-1},{"x":1.5,"y":-1},{"x":2.5,"y":-1},{"x":0.5,"y":-1},{"x":-2.5,"y":0},{"x":-1.5,"y":0},{"x":-0.5,"y":0},{"x":0.5,"y":0},{"x":1.5,"y":0},{"x":2.5,"y":0},{"x":-2.5,"y":1},{"x":-1.5,"y":1},{"x":-0.5,"y":1},{"x":0.5,"y":1},{"x":1.5,"y":1},{"x":2.5,"y":1},{"x":-1.5,"y":2},{"x":-0.5,"y":2},{"x":0.5,"y":2},{"x":1.5,"y":2},{"x":-1.5,"y":3},{"x":1.5,"y":3}]},{"index":1,"tiles":[{"x":-2.5,"y":-2.5},{"x":2.5,"y":-2.5},{"x":-0.5,"y":-2.5},{"x":0.5,"y":-2.5},{"x":-2.5,"y":-1.5},{"x":2.5,"y":-1.5},{"x":-1.5,"y":-1.5},{"x":-0.5,"y":-1.5},{"x":0.5,"y":-1.5},{"x":1.5,"y":-1.5},{"x":-2.5,"y":-0.5},{"x":2.5,"y":-0.5},{"x":1.5,"y":-0.5},{"x":0.5,"y":-0.5},{"x":-0.5,"y":-0.5},{"x":-1.5,"y":-0.5},{"x":-2.5,"y":0.5},{"x":2.5,"y":0.5},{"x":-1.5,"y":0.5},{"x":-0.5,"y":0.5},{"x":0.5,"y":0.5},{"x":1.5,"y":0.5},{"x":-1.5,"y":1.5},{"x":-0.5,"y":1.5},{"x":0.5,"y":1.5},{"x":1.5,"y":1.5},{"x":-1.5,"y":2.5},{"x":1.5,"y":2.5}]},{"index":2,"tiles":[{"x":-2.5,"y":-2},{"x":2.5,"y":-2},{"x":-1,"y":-1.5},{"x":1,"y":-1.5},{"x":-1,"y":-0.5},{"x":-2,"y":-0.5},{"x":1,"y":-0.5},{"x":2,"y":-0.5},{"x":-1,"y":0.5},{"x":-2,"y":0.5},{"x":1,"y":0.5},{"x":2,"y":0.5},{"x":-1,"y":1.5},{"x":1,"y":1.5}]}],"seeds":["YMZQXAeaFHEdROhUavUoDdmJxjIWgthlnJEOjbgwYjlc08FZ3vcJHDadYQAFT4haYIeFBaR4nueA"]},{"layers":[{"index":0,"tiles":[{"x":-2.5,"y":-3},{"x":-1.5,"y":-3},{"x":1.5,"y":-3},{"x":2.5,"y":-3},{"x":-2.5,"y":-2},{"x":-1.5,"y":-2},{"x":-0.5,"y":-2},{"x":0.5,"y":-2},{"x":1.5,"y":-2},{"x":2.5,"y":-2},{"x":-2.5,"y":-1},{"x":-1.5,"y":-1},{"x":-0.5,"y":-1},{"x":0.5,"y":-1},{"x":1.5,"y":-1},{"x":2.5,"y":-1},{"x":-1.5,"y":0},{"x":-0.5,"y":0},{"x":0.5,"y":0},{"x":1.5,"y":0},{"x":-2.5,"y":1},{"x":-1.5,"y":1},{"x":-0.5,"y":1},{"x":1.5,"y":1},{"x":2.5,"y":1},{"x":0.5,"y":1},{"x":-2.5,"y":2},{"x":-1.5,"y":2},{"x":-0.5,"y":2},{"x":0.5,"y":2},{"x":1.5,"y":2},{"x":2.5,"y":2},{"x":-1.5,"y":3},{"x":-0.5,"y":3},{"x":0.5,"y":3},{"x":1.5,"y":3},{"x":-1.5,"y":4},{"x":1.5,"y":4}]},{"index":1,"tiles":[{"x":-2,"y":-3},{"x":2,"y":-3},{"x":-2,"y":-2},{"x":2,"y":-2},{"x":-1,"y":-1.5},{"x":1,"y":-1.5},{"x":-2,"y":-1},{"x":2,"y":-1},{"x":-1,"y":-0.5},{"x":1,"y":-0.5},{"x":-1,"y":0.5},{"x":1,"y":0.5},{"x":-2.5,"y":1.5},{"x":2.5,"y":1.5},{"x":-1,"y":2},{"x":1,"y":2},{"x":-1.5,"y":3.5},{"x":1.5,"y":3.5}]},{"index":2,"tiles":[{"x":-2,"y":-2.5},{"x":2,"y":-2.5},{"x":-2,"y":-1.5},{"x":2,"y":-1.5},{"x":-1,"y":-1},{"x":1,"y":-1},{"x":-1,"y":0},{"x":1,"y":0}]}],"seeds":["yxJ4pVI0nmVZwrAQaCV0SggOEyiOQbiIIWWRH1OBIWeK0+dR3tkQaspUC7iIVdFx"]},{"layers":[{"index":0,"tiles":[{"x":2.5,"y":-3},{"x":1.5,"y":-3},{"x":0.5,"y":-3},{"x":-0.5,"y":-3},{"x":-1.5,"y":-3},{"x":-2.5,"y":-3},{"x":-2.5,"y":-2},{"x":-1.5,"y":-2},{"x":-0.5,"y":-2},{"x":0.5,"y":-2},{"x":1.5,"y":-2},{"x":2.5,"y":-2},{"x":-0.5,"y":-1},{"x":0.5,"y":-1},{"x":1.5,"y":-1},{"x":-1.5,"y":-1},{"x":-1.5,"y":0},{"x":-0.5,"y":0},{"x":0.5,"y":0},{"x":1.5,"y":0},{"x":2.5,"y":0},{"x":-2.5,"y":0},{"x":-2.5,"y":1},{"x":2.5,"y":1},{"x":1.5,"y":1},{"x":0.5,"y":1},{"x":-0.5,"y":1},{"x":-1.5,"y":1},{"x":-2.5,"y":2},{"x":-1.5,"y":2},{"x":-0.5,"y":2},{"x":0.5,"y":2},{"x":1.5,"y":2},{"x":2.5,"y":2},{"x":-1.5,"y":3},{"x":-0.5,"y":3},{"x":0.5,"y":3},{"x":1.5,"y":3}]},{"index":1,"tiles":[{"x":-1,"y":-3},{"x":1,"y":-3},{"x":-2.5,"y":-2.5},{"x":2.5,"y":-2.5},{"x":-1,"y":-2},{"x":1,"y":-2},{"x":-1,"y":-1},{"x":1,"y":-1},{"x":-2.5,"y":0.5},{"x":2.5,"y":0.5},{"x":1.5,"y":0.5},{"x":0.5,"y":0.5},{"x":-0.5,"y":0.5},{"x":-1.5,"y":0.5},{"x":-2.5,"y":1.5},{"x":-1.5,"y":1.5},{"x":-0.5,"y":1.5},{"x":0.5,"y":1.5},{"x":1.5,"y":1.5},{"x":2.5,"y":1.5},{"x":-1.5,"y":2.5},{"x":-0.5,"y":2.5},{"x":0.5,"y":2.5},{"x":1.5,"y":2.5}]}],"seeds":["wykKVBVyjNooEwguI0h5w3elRKh4Tjc5lscR3VUEnrmgzfKJHFgwIRdUC2mFpQAA"]},{"layers":[{"index":0,"tiles":[{"x":-2.5,"y":-3},{"x":-1.5,"y":-3},{"x":-0.5,"y":-3},{"x":0.5,"y":-3},{"x":1.5,"y":-3},{"x":2.5,"y":-3},{"x":-2.5,"y":-2},{"x":2.5,"y":-2},{"x":1.5,"y":-2},{"x":0.5,"y":-2},{"x":-0.5,"y":-2},{"x":-1.5,"y":-2},{"x":-2.5,"y":-1},{"x":2.5,"y":-1},{"x":1.5,"y":-1},{"x":0.5,"y":-1},{"x":-0.5,"y":-1},{"x":-1.5,"y":-1},{"x":-1.5,"y":0},{"x":-0.5,"y":0},{"x":0.5,"y":0},{"x":1.5,"y":0},{"x":-2.5,"y":0},{"x":2.5,"y":0},{"x":-1.5,"y":1},{"x":-0.5,"y":1},{"x":0.5,"y":1},{"x":1.5,"y":1},{"x":-2.5,"y":1},{"x":2.5,"y":1},{"x":-1.5,"y":2},{"x":0.5,"y":2},{"x":1.5,"y":2},{"x":-0.5,"y":2},{"x":-1.5,"y":3},{"x":1.5,"y":3},{"x":-2.5,"y":3},{"x":2.5,"y":3}]},{"index":1,"tiles":[{"x":2.5,"y":-2.5},{"x":1.5,"y":-2.5},{"x":0.5,"y":-2.5},{"x":-0.5,"y":-2.5},{"x":-1.5,"y":-2.5},{"x":-2.5,"y":-2.5},{"x":-2.5,"y":-1.5},{"x":-1.5,"y":-1.5},{"x":-0.5,"y":-1.5},{"x":0.5,"y":-1.5},{"x":1.5,"y":-1.5},{"x":2.5,"y":-1.5},{"x":-2.5,"y":-0.5},{"x":-1.5,"y":-0.5},{"x":-0.5,"y":-0.5},{"x":1.5,"y":-0.5},{"x":2.5,"y":-0.5},{"x":0.5,"y":-0.5},{"x":-2,"y":0.5},{"x":2,"y":0.5},{"x":-1,"y":1},{"x":1,"y":1},{"x":-1.5,"y":2.5},{"x":1.5,"y":2.5}]}],"seeds":["IDEKwzNRzsdwn6oYhmAR12KG6RUyHsktSugF1YQWYQFyomOdlciBQdl0DTV0DwgA"]},{"layers":[{"index":0,"tiles":[{"x":-2,"y":-3},{"x":2,"y":-3},{"x":-3,"y":-2},{"x":-2,"y":-2},{"x":-1,"y":-2},{"x":1,"y":-2},{"x":2,"y":-2},{"x":3,"y":-2},{"x":-3,"y":-1},{"x":-2,"y":-1},{"x":-1,"y":-1},{"x":1,"y":-1},{"x":2,"y":-1},{"x":3,"y":-1},{"x":-4,"y":0},{"x":-3,"y":0},{"x":-2,"y":0},{"x":-1,"y":0},{"x":0,"y":0},{"x":1,"y":0},{"x":2,"y":0},{"x":3,"y":0},{"x":4,"y":0},{"x":-3,"y":1},{"x":-2,"y":1},{"x":-1,"y":1},{"x":1,"y":1},{"x":2,"y":1},{"x":3,"y":1},{"x":-3,"y":2},{"x":-2,"y":2},{"x":-1,"y":2},{"x":1,"y":2},{"x":2,"y":2},{"x":3,"y":2},{"x":-2,"y":3},{"x":2,"y":3}]},{"index":1,"tiles":[{"x":-2,"y":-3},{"x":2,"y":-3},{"x":-3,"y":-2},{"x":-2,"y":-2},{"x":-1,"y":-2},{"x":1,"y":-2},{"x":2,"y":-2},{"x":3,"y":-2},{"x":-3,"y":-1},{"x":-2,"y":-1},{"x":-1,"y":-1},{"x":1,"y":-1},{"x":2,"y":-1},{"x":3,"y":-1},{"x":-4,"y":0},{"x":-3,"y":0},{"x":-2,"y":0},{"x":-1,"y":0},{"x":0,"y":0},{"x":1,"y":0},{"x":2,"y":0},{"x":3,"y":0},{"x":4,"y":0},{"x":-3,"y":1},{"x":-2,"y":1},{"x":-1,"y":1},{"x":1,"y":1},{"x":2,"y":1},{"x":3,"y":1},{"x":-3,"y":2},{"x":-2,"y":2},{"x":-1,"y":2},{"x":1,"y":2},{"x":2,"y":2},{"x":3,"y":2},{"x":-2,"y":3},{"x":2,"y":3}]},{"index":2,"tiles":[{"x":-2,"y":-3},{"x":-3,"y":-2},{"x":-2,"y":-2},{"x":1,"y":-2},{"x":2,"y":-2},{"x":3,"y":-2},{"x":-3,"y":-1},{"x":-2,"y":-1},{"x":-1,"y":-1},{"x":1,"y":-1},{"x":2,"y":-1},{"x":3,"y":-1},{"x":-3,"y":0},{"x":-2,"y":0},{"x":-1,"y":0},{"x":0,"y":0},{"x":1,"y":0},{"x":2,"y":0},{"x":3,"y":0},{"x":-3,"y":1},{"x":-2,"y":1},{"x":-1,"y":1},{"x":1,"y":1},{"x":2,"y":1},{"x":3,"y":1},{"x":-3,"y":2},{"x":-2,"y":2},{"x":-1,"y":2},{"x":1,"y":2},{"x":2,"y":2},{"x":3,"y":2}]},{"index":3,"tiles":[{"x":-2,"y":-3},{"x":-2.5,"y":-1.5},{"x":1.5,"y":-1.5},{"x":-1.5,"y":-0.5},{"x":2.5,"y":-0.5},{"x":-2.5,"y":0.5},{"x":1.5,"y":0.5},{"x":-1.5,"y":1.5},{"x":2.5,"y":1.5}]}],"seeds":["3WcanBg6zHGhHliBoSd+ZFckoRFNodN0ysEJiIVtn9QoJRYu3FBoC1ctopZuVziBWUedgkpBYCZODxEwwdKBYsBRlOeJkxKAD8INwmiBQgSBStJJHwEA"]},{"layers":[{"index":0,"tiles":[{"x":-1.5,"y":-4},{"x":1.5,"y":-4},{"x":-1.5,"y":-3},{"x":1.5,"y":-3},{"x":-0.5,"y":-3},{"x":0.5,"y":-3},{"x":-1.5,"y":-2},{"x":1.5,"y":-2},{"x":-0.5,"y":-2},{"x":0.5,"y":-2},{"x":-1.5,"y":-1},{"x":-0.5,"y":-1},{"x":0.5,"y":-1},{"x":1.5,"y":-1},{"x":-1.5,"y":0},{"x":-0.5,"y":0},{"x":0.5,"y":0},{"x":1.5,"y":0},{"x":-1.5,"y":1},{"x":1.5,"y":1},{"x":0.5,"y":1},{"x":-0.5,"y":1},{"x":-1.5,"y":2},{"x":-0.5,"y":2},{"x":0.5,"y":2},{"x":1.5,"y":2},{"x":-1.5,"y":3},{"x":-0.5,"y":3},{"x":0.5,"y":3},{"x":1.5,"y":3}]},{"index":1,"tiles":[{"x":-1,"y":-3},{"x":1,"y":-3},{"x":-1,"y":-2},{"x":1,"y":-2},{"x":1.5,"y":-0.5},{"x":0.5,"y":-0.5},{"x":-0.5,"y":-0.5},{"x":-1.5,"y":-0.5},{"x":-1.5,"y":0.5},{"x":-0.5,"y":0.5},{"x":0.5,"y":0.5},{"x":1.5,"y":0.5},{"x":0.5,"y":1.5},{"x":1.5,"y":1.5},{"x":-0.5,"y":1.5},{"x":-1.5,"y":1.5},{"x":-1.5,"y":2.5},{"x":-0.5,"y":2.5},{"x":0.5,"y":2.5},{"x":1.5,"y":2.5}]},{"index":2,"tiles":[{"x":-1,"y":-2.5},{"x":1,"y":-2.5},{"x":-1,"y":-0.5},{"x":1,"y":-0.5},{"x":-1,"y":0.5},{"x":1,"y":0.5},{"x":-1.5,"y":2},{"x":-0.5,"y":2},{"x":0.5,"y":2},{"x":1.5,"y":2}]}],"seeds":["Z2eNVJgKJSgEYsgJA/qBTdV0XrMwIKWokzhwhNdUDBEwAiiYwjc1IKgsZMNY"]}]]],0,0,[],[],[]]
