[1,["eeUByN3n5EubOfa5ZWYCO8@6c48a"],["_textureSource"],["cc.SpriteFrame"],0,[{"name":"48","rect":{"x":0,"y":17,"width":168,"height":171},"offset":{"x":-1.5,"y":3},"originalSize":{"width":171,"height":211},"rotated":false,"capInsets":[0,0,0,0],"vertices":{"rawPosition":[-84,-85.5,0,84,-85.5,0,-84,85.5,0,84,85.5,0],"indexes":[0,1,2,2,1,3],"uv":[0,194,168,194,0,23,168,23],"nuv":[0,0.10900473933649289,0.9824561403508771,0.10900473933649289,0,0.919431279620853,0.9824561403508771,0.919431279620853],"minPos":{"x":-84,"y":-85.5,"z":0},"maxPos":{"x":84,"y":85.5,"z":0}},"packable":true,"pixelsToUnit":100,"pivot":{"x":0.5,"y":0.5},"meshType":0}],[0],0,[0],[0],[0]]
