{"textures":[{"image":"collect-obj-resources-0.png","format":"RGBA8888","size":{"w":148,"h":148},"scale":0.5,"frames":[{"filename":"gift-circle","rotated":false,"trimmed":false,"sourceSize":{"w":54,"h":56},"spriteSourceSize":{"x":0,"y":0,"w":54,"h":56},"frame":{"x":1,"y":1,"w":54,"h":56}},{"filename":"gift-square","rotated":false,"trimmed":false,"sourceSize":{"w":60,"h":48},"spriteSourceSize":{"x":0,"y":0,"w":60,"h":48},"frame":{"x":57,"y":1,"w":60,"h":48}},{"filename":"gift-heart","rotated":false,"trimmed":false,"sourceSize":{"w":49,"h":48},"spriteSourceSize":{"x":0,"y":0,"w":49,"h":48},"frame":{"x":1,"y":59,"w":49,"h":48}},{"filename":"coin","rotated":false,"trimmed":false,"sourceSize":{"w":39,"h":38},"spriteSourceSize":{"x":0,"y":0,"w":39,"h":38},"frame":{"x":1,"y":109,"w":39,"h":38}},{"filename":"coin/coin-1","rotated":false,"trimmed":false,"sourceSize":{"w":39,"h":38},"spriteSourceSize":{"x":0,"y":0,"w":39,"h":38},"frame":{"x":1,"y":109,"w":39,"h":38}},{"filename":"coin/coin-4","rotated":false,"trimmed":false,"sourceSize":{"w":26,"h":39},"spriteSourceSize":{"x":0,"y":0,"w":26,"h":39},"frame":{"x":119,"y":1,"w":26,"h":39}},{"filename":"coin/coin-2","rotated":false,"trimmed":false,"sourceSize":{"w":36,"h":39},"spriteSourceSize":{"x":0,"y":0,"w":36,"h":39},"frame":{"x":57,"y":51,"w":36,"h":39}},{"filename":"coin/coin-8","rotated":false,"trimmed":false,"sourceSize":{"w":36,"h":39},"spriteSourceSize":{"x":0,"y":0,"w":36,"h":39},"frame":{"x":95,"y":51,"w":36,"h":39}},{"filename":"coin/coin-5","rotated":false,"trimmed":false,"sourceSize":{"w":13,"h":39},"spriteSourceSize":{"x":0,"y":0,"w":13,"h":39},"frame":{"x":133,"y":42,"w":13,"h":39}},{"filename":"coin/coin-3","rotated":false,"trimmed":false,"sourceSize":{"w":32,"h":39},"spriteSourceSize":{"x":0,"y":0,"w":32,"h":39},"frame":{"x":52,"y":92,"w":32,"h":39}},{"filename":"coin/coin-7","rotated":false,"trimmed":false,"sourceSize":{"w":32,"h":39},"spriteSourceSize":{"x":0,"y":0,"w":32,"h":39},"frame":{"x":86,"y":92,"w":32,"h":39}},{"filename":"coin/coin-6","rotated":false,"trimmed":false,"sourceSize":{"w":26,"h":39},"spriteSourceSize":{"x":0,"y":0,"w":26,"h":39},"frame":{"x":120,"y":92,"w":26,"h":39}}]}],"meta":{"app":"https://www.codeandweb.com/texturepacker","version":"3.0","smartupdate":"$TexturePacker:SmartUpdate:b43615cc7054dbf51dc463780057873f:70fe68690270fccb77a100237a606c05:8d50e2fd2a4e1ec37faf68da7d16293d$"}}