{"textures":[{"image":"movement-modifier-obj-resources-0.png","format":"RGBA8888","size":{"w":372,"h":372},"scale":0.5,"frames":[{"filename":"liquid-5","rotated":false,"trimmed":true,"sourceSize":{"w":370,"h":45},"spriteSourceSize":{"x":0,"y":8,"w":370,"h":37},"frame":{"x":1,"y":1,"w":370,"h":37}},{"filename":"liquid-4","rotated":false,"trimmed":true,"sourceSize":{"w":314,"h":45},"spriteSourceSize":{"x":0,"y":8,"w":314,"h":37},"frame":{"x":1,"y":40,"w":314,"h":37}},{"filename":"liquid-3","rotated":false,"trimmed":true,"sourceSize":{"w":226,"h":45},"spriteSourceSize":{"x":0,"y":7,"w":226,"h":38},"frame":{"x":1,"y":79,"w":226,"h":38}},{"filename":"liquid-2","rotated":false,"trimmed":true,"sourceSize":{"w":139,"h":44},"spriteSourceSize":{"x":0,"y":7,"w":139,"h":37},"frame":{"x":229,"y":79,"w":139,"h":37}},{"filename":"boxing/boxing-6","rotated":false,"trimmed":false,"sourceSize":{"w":129,"h":54},"spriteSourceSize":{"x":0,"y":0,"w":129,"h":54},"frame":{"x":229,"y":118,"w":129,"h":54}},{"filename":"conveyor","rotated":false,"trimmed":false,"sourceSize":{"w":121,"h":35},"spriteSourceSize":{"x":0,"y":0,"w":121,"h":35},"frame":{"x":1,"y":119,"w":121,"h":35}},{"filename":"conveyor/conveyor-1","rotated":false,"trimmed":false,"sourceSize":{"w":121,"h":35},"spriteSourceSize":{"x":0,"y":0,"w":121,"h":35},"frame":{"x":1,"y":119,"w":121,"h":35}},{"filename":"boxing/boxing-3","rotated":false,"trimmed":false,"sourceSize":{"w":100,"h":54},"spriteSourceSize":{"x":0,"y":0,"w":100,"h":54},"frame":{"x":124,"y":119,"w":100,"h":54}},{"filename":"conveyor/conveyor-2","rotated":false,"trimmed":false,"sourceSize":{"w":121,"h":35},"spriteSourceSize":{"x":0,"y":0,"w":121,"h":35},"frame":{"x":1,"y":156,"w":121,"h":35}},{"filename":"conveyor/conveyor-3","rotated":false,"trimmed":false,"sourceSize":{"w":121,"h":35},"spriteSourceSize":{"x":0,"y":0,"w":121,"h":35},"frame":{"x":226,"y":174,"w":121,"h":35}},{"filename":"liquid-1","rotated":false,"trimmed":false,"sourceSize":{"w":95,"h":36},"spriteSourceSize":{"x":0,"y":0,"w":95,"h":36},"frame":{"x":124,"y":175,"w":95,"h":36}},{"filename":"boxing/boxing-5","rotated":false,"trimmed":false,"sourceSize":{"w":115,"h":54},"spriteSourceSize":{"x":0,"y":0,"w":115,"h":54},"frame":{"x":1,"y":193,"w":115,"h":54}},{"filename":"boxing/boxing-4","rotated":false,"trimmed":false,"sourceSize":{"w":109,"h":54},"spriteSourceSize":{"x":0,"y":0,"w":109,"h":54},"frame":{"x":221,"y":211,"w":109,"h":54}},{"filename":"boxing/boxing-2","rotated":false,"trimmed":false,"sourceSize":{"w":90,"h":54},"spriteSourceSize":{"x":0,"y":0,"w":90,"h":54},"frame":{"x":118,"y":213,"w":90,"h":54}},{"filename":"liquid","rotated":false,"trimmed":false,"sourceSize":{"w":108,"h":37},"spriteSourceSize":{"x":0,"y":0,"w":108,"h":37},"frame":{"x":1,"y":249,"w":108,"h":37}},{"filename":"boxing","rotated":false,"trimmed":false,"sourceSize":{"w":59,"h":53},"spriteSourceSize":{"x":0,"y":0,"w":59,"h":53},"frame":{"x":1,"y":288,"w":59,"h":53}},{"filename":"boxing/boxing-1","rotated":false,"trimmed":false,"sourceSize":{"w":59,"h":53},"spriteSourceSize":{"x":0,"y":0,"w":59,"h":53},"frame":{"x":1,"y":288,"w":59,"h":53}}]}],"meta":{"app":"https://www.codeandweb.com/texturepacker","version":"3.0","smartupdate":"$TexturePacker:SmartUpdate:0b626d5836a0548b1c80fa71bf8e5e68:8046f4a86d19d9cae98df45a47c555f2:e9e16f10eaf68fdc2deaecc2fada702b$"}}