{"textures":[{"image":"owl-resources-0.png","format":"RGBA8888","size":{"w":1508,"h":1508},"scale":0.5,"frames":[{"filename":"owl-22","rotated":false,"trimmed":false,"sourceSize":{"w":375,"h":288},"spriteSourceSize":{"x":0,"y":0,"w":375,"h":288},"frame":{"x":1,"y":1,"w":375,"h":288}},{"filename":"owl-24","rotated":false,"trimmed":false,"sourceSize":{"w":375,"h":288},"spriteSourceSize":{"x":0,"y":0,"w":375,"h":288},"frame":{"x":378,"y":1,"w":375,"h":288}},{"filename":"owl-25","rotated":false,"trimmed":false,"sourceSize":{"w":375,"h":279},"spriteSourceSize":{"x":0,"y":0,"w":375,"h":279},"frame":{"x":755,"y":1,"w":375,"h":279}},{"filename":"owl-27","rotated":false,"trimmed":false,"sourceSize":{"w":375,"h":279},"spriteSourceSize":{"x":0,"y":0,"w":375,"h":279},"frame":{"x":1132,"y":1,"w":375,"h":279}},{"filename":"owl-21","rotated":false,"trimmed":false,"sourceSize":{"w":375,"h":278},"spriteSourceSize":{"x":0,"y":0,"w":375,"h":278},"frame":{"x":755,"y":282,"w":375,"h":278}},{"filename":"owl-23","rotated":false,"trimmed":false,"sourceSize":{"w":375,"h":278},"spriteSourceSize":{"x":0,"y":0,"w":375,"h":278},"frame":{"x":1132,"y":282,"w":375,"h":278}},{"filename":"owl-26","rotated":false,"trimmed":false,"sourceSize":{"w":375,"h":276},"spriteSourceSize":{"x":0,"y":0,"w":375,"h":276},"frame":{"x":1,"y":291,"w":375,"h":276}},{"filename":"owl-29","rotated":false,"trimmed":true,"sourceSize":{"w":375,"h":277},"spriteSourceSize":{"x":0,"y":0,"w":375,"h":276},"frame":{"x":378,"y":291,"w":375,"h":276}},{"filename":"owl-1","rotated":false,"trimmed":false,"sourceSize":{"w":375,"h":274},"spriteSourceSize":{"x":0,"y":0,"w":375,"h":274},"frame":{"x":755,"y":562,"w":375,"h":274}},{"filename":"owl-5","rotated":false,"trimmed":false,"sourceSize":{"w":375,"h":274},"spriteSourceSize":{"x":0,"y":0,"w":375,"h":274},"frame":{"x":755,"y":562,"w":375,"h":274}},{"filename":"owl","rotated":false,"trimmed":false,"sourceSize":{"w":375,"h":274},"spriteSourceSize":{"x":0,"y":0,"w":375,"h":274},"frame":{"x":755,"y":562,"w":375,"h":274}},{"filename":"owl-13","rotated":false,"trimmed":false,"sourceSize":{"w":375,"h":274},"spriteSourceSize":{"x":0,"y":0,"w":375,"h":274},"frame":{"x":1132,"y":562,"w":375,"h":274}},{"filename":"owl-17","rotated":false,"trimmed":false,"sourceSize":{"w":375,"h":274},"spriteSourceSize":{"x":0,"y":0,"w":375,"h":274},"frame":{"x":1132,"y":562,"w":375,"h":274}},{"filename":"owl-9","rotated":false,"trimmed":false,"sourceSize":{"w":375,"h":274},"spriteSourceSize":{"x":0,"y":0,"w":375,"h":274},"frame":{"x":1132,"y":562,"w":375,"h":274}},{"filename":"owl-14","rotated":false,"trimmed":false,"sourceSize":{"w":375,"h":274},"spriteSourceSize":{"x":0,"y":0,"w":375,"h":274},"frame":{"x":1,"y":569,"w":375,"h":274}},{"filename":"owl-16","rotated":false,"trimmed":false,"sourceSize":{"w":375,"h":274},"spriteSourceSize":{"x":0,"y":0,"w":375,"h":274},"frame":{"x":1,"y":569,"w":375,"h":274}},{"filename":"owl-6","rotated":false,"trimmed":false,"sourceSize":{"w":375,"h":274},"spriteSourceSize":{"x":0,"y":0,"w":375,"h":274},"frame":{"x":1,"y":569,"w":375,"h":274}},{"filename":"owl-8","rotated":false,"trimmed":false,"sourceSize":{"w":375,"h":274},"spriteSourceSize":{"x":0,"y":0,"w":375,"h":274},"frame":{"x":1,"y":569,"w":375,"h":274}},{"filename":"owl-10","rotated":false,"trimmed":false,"sourceSize":{"w":375,"h":273},"spriteSourceSize":{"x":0,"y":0,"w":375,"h":273},"frame":{"x":378,"y":569,"w":375,"h":273}},{"filename":"owl-12","rotated":false,"trimmed":false,"sourceSize":{"w":375,"h":273},"spriteSourceSize":{"x":0,"y":0,"w":375,"h":273},"frame":{"x":378,"y":569,"w":375,"h":273}},{"filename":"owl-2","rotated":false,"trimmed":false,"sourceSize":{"w":375,"h":273},"spriteSourceSize":{"x":0,"y":0,"w":375,"h":273},"frame":{"x":378,"y":569,"w":375,"h":273}},{"filename":"owl-4","rotated":false,"trimmed":false,"sourceSize":{"w":375,"h":273},"spriteSourceSize":{"x":0,"y":0,"w":375,"h":273},"frame":{"x":378,"y":569,"w":375,"h":273}},{"filename":"owl-15","rotated":false,"trimmed":false,"sourceSize":{"w":375,"h":271},"spriteSourceSize":{"x":0,"y":0,"w":375,"h":271},"frame":{"x":755,"y":838,"w":375,"h":271}},{"filename":"owl-7","rotated":false,"trimmed":false,"sourceSize":{"w":375,"h":271},"spriteSourceSize":{"x":0,"y":0,"w":375,"h":271},"frame":{"x":755,"y":838,"w":375,"h":271}},{"filename":"owl-11","rotated":false,"trimmed":false,"sourceSize":{"w":375,"h":268},"spriteSourceSize":{"x":0,"y":0,"w":375,"h":268},"frame":{"x":378,"y":844,"w":375,"h":268}},{"filename":"owl-3","rotated":false,"trimmed":false,"sourceSize":{"w":375,"h":268},"spriteSourceSize":{"x":0,"y":0,"w":375,"h":268},"frame":{"x":378,"y":844,"w":375,"h":268}},{"filename":"owl-28","rotated":false,"trimmed":false,"sourceSize":{"w":375,"h":268},"spriteSourceSize":{"x":0,"y":0,"w":375,"h":268},"frame":{"x":1,"y":845,"w":375,"h":268}},{"filename":"owl-18","rotated":false,"trimmed":false,"sourceSize":{"w":375,"h":264},"spriteSourceSize":{"x":0,"y":0,"w":375,"h":264},"frame":{"x":1132,"y":838,"w":375,"h":264}},{"filename":"owl-20","rotated":false,"trimmed":false,"sourceSize":{"w":375,"h":264},"spriteSourceSize":{"x":0,"y":0,"w":375,"h":264},"frame":{"x":1132,"y":1104,"w":375,"h":264}},{"filename":"owl-30","rotated":false,"trimmed":false,"sourceSize":{"w":375,"h":264},"spriteSourceSize":{"x":0,"y":0,"w":375,"h":264},"frame":{"x":1132,"y":1104,"w":375,"h":264}},{"filename":"owl-32","rotated":false,"trimmed":false,"sourceSize":{"w":375,"h":264},"spriteSourceSize":{"x":0,"y":0,"w":375,"h":264},"frame":{"x":755,"y":1111,"w":375,"h":264}},{"filename":"owl-19","rotated":false,"trimmed":false,"sourceSize":{"w":375,"h":259},"spriteSourceSize":{"x":0,"y":0,"w":375,"h":259},"frame":{"x":378,"y":1114,"w":375,"h":259}},{"filename":"owl-31","rotated":false,"trimmed":false,"sourceSize":{"w":375,"h":259},"spriteSourceSize":{"x":0,"y":0,"w":375,"h":259},"frame":{"x":1,"y":1115,"w":375,"h":259}}]}],"meta":{"app":"https://www.codeandweb.com/texturepacker","version":"3.0","smartupdate":"$TexturePacker:SmartUpdate:f572e680c8f31311eddc006200b165a6:9aca1d5b147fdb2f7f93f0cd05f6b4a8:95e8e6cf9cb25879736be78431ce2de0$"}}