{"textures":[{"image":"spaceship-resources-0.png","format":"RGBA8888","size":{"w":537,"h":537},"scale":0.5,"frames":[{"filename":"spaceship-10","rotated":false,"trimmed":false,"sourceSize":{"w":132,"h":349},"spriteSourceSize":{"x":0,"y":0,"w":132,"h":349},"frame":{"x":1,"y":1,"w":132,"h":349}},{"filename":"spaceship-8","rotated":false,"trimmed":false,"sourceSize":{"w":258,"h":215},"spriteSourceSize":{"x":0,"y":0,"w":258,"h":215},"frame":{"x":135,"y":1,"w":258,"h":215}},{"filename":"spaceship-7","rotated":false,"trimmed":false,"sourceSize":{"w":215,"h":194},"spriteSourceSize":{"x":0,"y":0,"w":215,"h":194},"frame":{"x":135,"y":218,"w":215,"h":194}},{"filename":"spaceship-6","rotated":false,"trimmed":false,"sourceSize":{"w":131,"h":186},"spriteSourceSize":{"x":0,"y":0,"w":131,"h":186},"frame":{"x":395,"y":1,"w":131,"h":186}},{"filename":"spaceship-1","rotated":false,"trimmed":false,"sourceSize":{"w":131,"h":184},"spriteSourceSize":{"x":0,"y":0,"w":131,"h":184},"frame":{"x":1,"y":352,"w":131,"h":184}},{"filename":"spaceship-2","rotated":false,"trimmed":false,"sourceSize":{"w":131,"h":184},"spriteSourceSize":{"x":0,"y":0,"w":131,"h":184},"frame":{"x":1,"y":352,"w":131,"h":184}},{"filename":"spaceship-3","rotated":false,"trimmed":false,"sourceSize":{"w":131,"h":184},"spriteSourceSize":{"x":0,"y":0,"w":131,"h":184},"frame":{"x":1,"y":352,"w":131,"h":184}},{"filename":"spaceship-4","rotated":false,"trimmed":false,"sourceSize":{"w":131,"h":184},"spriteSourceSize":{"x":0,"y":0,"w":131,"h":184},"frame":{"x":1,"y":352,"w":131,"h":184}},{"filename":"spaceship-5","rotated":false,"trimmed":false,"sourceSize":{"w":131,"h":184},"spriteSourceSize":{"x":0,"y":0,"w":131,"h":184},"frame":{"x":1,"y":352,"w":131,"h":184}},{"filename":"spaceship-9","rotated":false,"trimmed":false,"sourceSize":{"w":157,"h":248},"spriteSourceSize":{"x":0,"y":0,"w":157,"h":248},"frame":{"x":352,"y":218,"w":157,"h":248}}]}],"meta":{"app":"https://www.codeandweb.com/texturepacker","version":"3.0","smartupdate":"$TexturePacker:SmartUpdate:f9ff9ed69b3fe4c3c7163d17bc709b05:058522b55e54d6349f5e027e64693435:48c63a963ec48a50bf1b9065a4444eb4$"}}