{"textures":[{"image":"tutorial-resources.png","format":"RGBA8888","size":{"w":147,"h":147},"scale":0.5,"frames":[{"filename":"tutorial-sight-1","rotated":false,"trimmed":false,"sourceSize":{"w":83,"h":59},"spriteSourceSize":{"x":0,"y":0,"w":83,"h":59},"frame":{"x":1,"y":1,"w":83,"h":59}},{"filename":"hand","rotated":false,"trimmed":true,"sourceSize":{"w":66,"h":56},"spriteSourceSize":{"x":4,"y":0,"w":60,"h":56},"frame":{"x":86,"y":1,"w":60,"h":56}},{"filename":"tutorial-sight-2","rotated":false,"trimmed":false,"sourceSize":{"w":83,"h":59},"spriteSourceSize":{"x":0,"y":0,"w":83,"h":59},"frame":{"x":1,"y":62,"w":83,"h":59}},{"filename":"arrow","rotated":false,"trimmed":false,"sourceSize":{"w":8,"h":15},"spriteSourceSize":{"x":0,"y":0,"w":8,"h":15},"frame":{"x":1,"y":123,"w":8,"h":15}},{"filename":"blank","rotated":false,"trimmed":false,"sourceSize":{"w":29,"h":29},"spriteSourceSize":{"x":0,"y":0,"w":29,"h":29},"frame":{"x":86,"y":59,"w":29,"h":29}}]}],"meta":{"app":"https://www.codeandweb.com/texturepacker","version":"3.0","smartupdate":"$TexturePacker:SmartUpdate:cf7127b415c99e905a3cb4918b33168f:c60dff739f8d82612758c7ba2c8fb000:3998b16de870b2ed7b39522da8e735e5$"}}