{"textures":[{"image":"decor-obj-behind-resources-0.png","format":"RGBA8888","size":{"w":375,"h":375},"scale":0.5,"frames":[{"filename":"rolling-pin","rotated":false,"trimmed":false,"sourceSize":{"w":171,"h":69},"spriteSourceSize":{"x":0,"y":0,"w":171,"h":69},"frame":{"x":1,"y":1,"w":171,"h":69}},{"filename":"book-1","rotated":false,"trimmed":false,"sourceSize":{"w":166,"h":65},"spriteSourceSize":{"x":0,"y":0,"w":166,"h":65},"frame":{"x":1,"y":72,"w":166,"h":65}},{"filename":"book-2","rotated":false,"trimmed":false,"sourceSize":{"w":169,"h":61},"spriteSourceSize":{"x":0,"y":0,"w":169,"h":61},"frame":{"x":174,"y":1,"w":169,"h":61}},{"filename":"book-3","rotated":false,"trimmed":false,"sourceSize":{"w":159,"h":58},"spriteSourceSize":{"x":0,"y":0,"w":159,"h":58},"frame":{"x":1,"y":139,"w":159,"h":58}},{"filename":"book-4","rotated":false,"trimmed":false,"sourceSize":{"w":152,"h":55},"spriteSourceSize":{"x":0,"y":0,"w":152,"h":55},"frame":{"x":1,"y":199,"w":152,"h":55}},{"filename":"book-5","rotated":false,"trimmed":false,"sourceSize":{"w":142,"h":55},"spriteSourceSize":{"x":0,"y":0,"w":142,"h":55},"frame":{"x":1,"y":256,"w":142,"h":55}},{"filename":"fork-2","rotated":false,"trimmed":false,"sourceSize":{"w":106,"h":61},"spriteSourceSize":{"x":0,"y":0,"w":106,"h":61},"frame":{"x":1,"y":313,"w":106,"h":61}},{"filename":"cookies-2","rotated":false,"trimmed":false,"sourceSize":{"w":132,"h":43},"spriteSourceSize":{"x":0,"y":0,"w":132,"h":43},"frame":{"x":174,"y":64,"w":132,"h":43}},{"filename":"glove","rotated":false,"trimmed":false,"sourceSize":{"w":117,"h":71},"spriteSourceSize":{"x":0,"y":0,"w":117,"h":71},"frame":{"x":169,"y":109,"w":117,"h":71}},{"filename":"fork","rotated":false,"trimmed":false,"sourceSize":{"w":108,"h":62},"spriteSourceSize":{"x":0,"y":0,"w":108,"h":62},"frame":{"x":162,"y":182,"w":108,"h":62}},{"filename":"spoon","rotated":false,"trimmed":false,"sourceSize":{"w":102,"h":58},"spriteSourceSize":{"x":0,"y":0,"w":102,"h":58},"frame":{"x":272,"y":182,"w":102,"h":58}},{"filename":"wood-spoon","rotated":false,"trimmed":false,"sourceSize":{"w":102,"h":58},"spriteSourceSize":{"x":0,"y":0,"w":102,"h":58},"frame":{"x":272,"y":242,"w":102,"h":58}},{"filename":"cookies-1","rotated":false,"trimmed":false,"sourceSize":{"w":105,"h":68},"spriteSourceSize":{"x":0,"y":0,"w":105,"h":68},"frame":{"x":155,"y":246,"w":105,"h":68}},{"filename":"sandwich","rotated":false,"trimmed":false,"sourceSize":{"w":88,"h":46},"spriteSourceSize":{"x":0,"y":0,"w":88,"h":46},"frame":{"x":262,"y":302,"w":88,"h":46}},{"filename":"knife","rotated":false,"trimmed":false,"sourceSize":{"w":67,"h":68},"spriteSourceSize":{"x":0,"y":0,"w":67,"h":68},"frame":{"x":288,"y":109,"w":67,"h":68}},{"filename":"crayon-pink-yellow","rotated":false,"trimmed":false,"sourceSize":{"w":82,"h":46},"spriteSourceSize":{"x":0,"y":0,"w":82,"h":46},"frame":{"x":109,"y":316,"w":82,"h":46}},{"filename":"crayon-blue","rotated":false,"trimmed":false,"sourceSize":{"w":37,"h":40},"spriteSourceSize":{"x":0,"y":0,"w":37,"h":40},"frame":{"x":193,"y":316,"w":37,"h":40}},{"filename":"crayon-green","rotated":false,"trimmed":false,"sourceSize":{"w":44,"h":28},"spriteSourceSize":{"x":0,"y":0,"w":44,"h":28},"frame":{"x":308,"y":64,"w":44,"h":28}}]}],"meta":{"app":"https://www.codeandweb.com/texturepacker","version":"3.0","smartupdate":"$TexturePacker:SmartUpdate:523522d1516ed3ce8067b3dacf9ab177:9d29cda86e4fd3df7db47bd6a3ab9914:260f20bbbd36e7bc1ebc07160c807cab$"}}