{"textures":[{"image":"gameplay-resources.png","format":"RGBA8888","size":{"w":417,"h":1103},"scale":0.5,"frames":[{"filename":"other/coin-shadow","rotated":false,"trimmed":false,"sourceSize":{"w":17,"h":9},"spriteSourceSize":{"x":0,"y":0,"w":17,"h":9},"frame":{"x":2,"y":2,"w":17,"h":9}},{"filename":"level-progress/bar-left","rotated":false,"trimmed":false,"sourceSize":{"w":5,"h":10},"spriteSourceSize":{"x":0,"y":0,"w":5,"h":10},"frame":{"x":22,"y":2,"w":5,"h":10}},{"filename":"level-progress/bar-middle","rotated":false,"trimmed":false,"sourceSize":{"w":119,"h":10},"spriteSourceSize":{"x":0,"y":0,"w":119,"h":10},"frame":{"x":30,"y":2,"w":119,"h":10}},{"filename":"level-progress/bar-right","rotated":false,"trimmed":false,"sourceSize":{"w":5,"h":10},"spriteSourceSize":{"x":0,"y":0,"w":5,"h":10},"frame":{"x":152,"y":2,"w":5,"h":10}},{"filename":"level-progress/bg-left","rotated":false,"trimmed":false,"sourceSize":{"w":6,"h":13},"spriteSourceSize":{"x":0,"y":0,"w":6,"h":13},"frame":{"x":160,"y":2,"w":6,"h":13}},{"filename":"level-progress/bg-middle","rotated":false,"trimmed":false,"sourceSize":{"w":17,"h":13},"spriteSourceSize":{"x":0,"y":0,"w":17,"h":13},"frame":{"x":169,"y":2,"w":17,"h":13}},{"filename":"level-progress/bg-right","rotated":false,"trimmed":false,"sourceSize":{"w":6,"h":13},"spriteSourceSize":{"x":0,"y":0,"w":6,"h":13},"frame":{"x":189,"y":2,"w":6,"h":13}},{"filename":"level-progress/head-mouse","rotated":false,"trimmed":false,"sourceSize":{"w":31,"h":26},"spriteSourceSize":{"x":0,"y":0,"w":31,"h":26},"frame":{"x":198,"y":2,"w":31,"h":26}},{"filename":"top-bg-long","rotated":false,"trimmed":false,"sourceSize":{"w":91,"h":26},"spriteSourceSize":{"x":0,"y":0,"w":91,"h":26},"frame":{"x":232,"y":2,"w":91,"h":26}},{"filename":"level-progress/cheese","rotated":false,"trimmed":false,"sourceSize":{"w":30,"h":27},"spriteSourceSize":{"x":0,"y":0,"w":30,"h":27},"frame":{"x":326,"y":2,"w":30,"h":27}},{"filename":"icons/coin","rotated":false,"trimmed":false,"sourceSize":{"w":28,"h":28},"spriteSourceSize":{"x":0,"y":0,"w":28,"h":28},"frame":{"x":359,"y":2,"w":28,"h":28}},{"filename":"blank","rotated":false,"trimmed":false,"sourceSize":{"w":29,"h":29},"spriteSourceSize":{"x":0,"y":0,"w":29,"h":29},"frame":{"x":2,"y":33,"w":29,"h":29}},{"filename":"background/table-1","rotated":false,"trimmed":false,"sourceSize":{"w":375,"h":31},"spriteSourceSize":{"x":0,"y":0,"w":375,"h":31},"frame":{"x":34,"y":33,"w":375,"h":31}},{"filename":"icons/pause","rotated":false,"trimmed":false,"sourceSize":{"w":35,"h":37},"spriteSourceSize":{"x":0,"y":0,"w":35,"h":37},"frame":{"x":2,"y":67,"w":35,"h":37}},{"filename":"background/side","rotated":false,"trimmed":false,"sourceSize":{"w":375,"h":58},"spriteSourceSize":{"x":0,"y":0,"w":375,"h":58},"frame":{"x":40,"y":67,"w":375,"h":58}},{"filename":"icons/exclamation","rotated":false,"trimmed":false,"sourceSize":{"w":48,"h":69},"spriteSourceSize":{"x":0,"y":0,"w":48,"h":69},"frame":{"x":2,"y":128,"w":48,"h":69}},{"filename":"text/gameover-ru","rotated":false,"trimmed":false,"sourceSize":{"w":317,"h":73},"spriteSourceSize":{"x":0,"y":0,"w":317,"h":73},"frame":{"x":53,"y":128,"w":317,"h":73}},{"filename":"background/table-2","rotated":false,"trimmed":false,"sourceSize":{"w":375,"h":76},"spriteSourceSize":{"x":0,"y":0,"w":375,"h":76},"frame":{"x":2,"y":204,"w":375,"h":76}},{"filename":"text/gameover","rotated":false,"trimmed":false,"sourceSize":{"w":260,"h":86},"spriteSourceSize":{"x":0,"y":0,"w":260,"h":86},"frame":{"x":2,"y":283,"w":260,"h":86}},{"filename":"icons/doubt","rotated":false,"trimmed":false,"sourceSize":{"w":57,"h":87},"spriteSourceSize":{"x":0,"y":0,"w":57,"h":87},"frame":{"x":265,"y":283,"w":57,"h":87}},{"filename":"text/failed-ru","rotated":false,"trimmed":false,"sourceSize":{"w":321,"h":94},"spriteSourceSize":{"x":0,"y":0,"w":321,"h":94},"frame":{"x":2,"y":373,"w":321,"h":94}},{"filename":"background/whole-brick","rotated":false,"trimmed":false,"sourceSize":{"w":375,"h":116},"spriteSourceSize":{"x":0,"y":0,"w":375,"h":116},"frame":{"x":2,"y":470,"w":375,"h":116}},{"filename":"text/failed","rotated":false,"trimmed":false,"sourceSize":{"w":267,"h":122},"spriteSourceSize":{"x":0,"y":0,"w":267,"h":122},"frame":{"x":2,"y":589,"w":267,"h":122}},{"filename":"background/table-3","rotated":false,"trimmed":false,"sourceSize":{"w":375,"h":126},"spriteSourceSize":{"x":0,"y":0,"w":375,"h":126},"frame":{"x":2,"y":714,"w":375,"h":126}},{"filename":"background/bg-1","rotated":false,"trimmed":false,"sourceSize":{"w":375,"h":258},"spriteSourceSize":{"x":0,"y":0,"w":375,"h":258},"frame":{"x":2,"y":843,"w":375,"h":258}}]}],"meta":{"app":"https://www.codeandweb.com/texturepacker","version":"3.0","smartupdate":"$TexturePacker:SmartUpdate:b6a9630ccb851995a2a31e699477f541:aa0b02e33107818808056513fa96a279:f8b844ae455f51390ed7080f036e8c41$"}}