{"animation-scene-resources":{"textures":[{"image":"animation-scene-resources-0.png","format":"RGBA8888","size":{"w":255,"h":553},"scale":0.5,"frames":[{"filename":"glow-light","rotated":false,"trimmed":true,"sourceSize":{"w":246,"h":246},"spriteSourceSize":{"x":1,"y":0,"w":242,"h":246},"frame":{"x":1,"y":1,"w":242,"h":246}},{"filename":"circle","rotated":false,"trimmed":false,"sourceSize":{"w":162,"h":162},"spriteSourceSize":{"x":0,"y":0,"w":162,"h":162},"frame":{"x":1,"y":249,"w":162,"h":162}},{"filename":"fireworks/big-explosive-1","rotated":false,"trimmed":false,"sourceSize":{"w":141,"h":139},"spriteSourceSize":{"x":0,"y":0,"w":141,"h":139},"frame":{"x":1,"y":413,"w":141,"h":139}},{"filename":"fireworks/big-explosive-0","rotated":false,"trimmed":false,"sourceSize":{"w":69,"h":67},"spriteSourceSize":{"x":0,"y":0,"w":69,"h":67},"frame":{"x":165,"y":249,"w":69,"h":67}},{"filename":"circle-light","rotated":false,"trimmed":true,"sourceSize":{"w":76,"h":75},"spriteSourceSize":{"x":5,"y":3,"w":65,"h":67},"frame":{"x":165,"y":318,"w":65,"h":67}},{"filename":"blank","rotated":false,"trimmed":false,"sourceSize":{"w":50,"h":50},"spriteSourceSize":{"x":0,"y":0,"w":50,"h":50},"frame":{"x":165,"y":387,"w":50,"h":50}},{"filename":"fireworks/small","rotated":false,"trimmed":true,"sourceSize":{"w":49,"h":50},"spriteSourceSize":{"x":0,"y":1,"w":49,"h":49},"frame":{"x":144,"y":439,"w":49,"h":49}},{"filename":"comet","rotated":false,"trimmed":true,"sourceSize":{"w":40,"h":40},"spriteSourceSize":{"x":2,"y":0,"w":35,"h":39},"frame":{"x":144,"y":490,"w":35,"h":39}},{"filename":"confetti/hexagon-1","rotated":false,"trimmed":true,"sourceSize":{"w":25,"h":25},"spriteSourceSize":{"x":0,"y":2,"w":25,"h":21},"frame":{"x":144,"y":531,"w":25,"h":21}},{"filename":"coins/coin","rotated":false,"trimmed":false,"sourceSize":{"w":38,"h":36},"spriteSourceSize":{"x":0,"y":0,"w":38,"h":36},"frame":{"x":195,"y":439,"w":38,"h":36}},{"filename":"star-yellow","rotated":false,"trimmed":false,"sourceSize":{"w":35,"h":35},"spriteSourceSize":{"x":0,"y":0,"w":35,"h":35},"frame":{"x":217,"y":387,"w":35,"h":35}},{"filename":"yellow-spark","rotated":false,"trimmed":false,"sourceSize":{"w":35,"h":35},"spriteSourceSize":{"x":0,"y":0,"w":35,"h":35},"frame":{"x":181,"y":490,"w":35,"h":35}},{"filename":"confetti/hexagon-0","rotated":false,"trimmed":false,"sourceSize":{"w":25,"h":25},"spriteSourceSize":{"x":0,"y":0,"w":25,"h":25},"frame":{"x":181,"y":527,"w":25,"h":25}},{"filename":"star-white","rotated":false,"trimmed":true,"sourceSize":{"w":35,"h":35},"spriteSourceSize":{"x":5,"y":4,"w":23,"h":25},"frame":{"x":208,"y":527,"w":23,"h":25}},{"filename":"spark","rotated":false,"trimmed":false,"sourceSize":{"w":17,"h":17},"spriteSourceSize":{"x":0,"y":0,"w":17,"h":17},"frame":{"x":144,"y":413,"w":17,"h":17}},{"filename":"ribbon/falling-confetti/confetti-c/confetti-c-2","rotated":false,"trimmed":false,"sourceSize":{"w":13,"h":5},"spriteSourceSize":{"x":0,"y":0,"w":13,"h":5},"frame":{"x":144,"y":432,"w":13,"h":5}},{"filename":"ribbon/ribbon","rotated":false,"trimmed":false,"sourceSize":{"w":32,"h":1},"spriteSourceSize":{"x":0,"y":0,"w":32,"h":1},"frame":{"x":217,"y":424,"w":32,"h":1}},{"filename":"star-x/star-1","rotated":false,"trimmed":false,"sourceSize":{"w":11,"h":10},"spriteSourceSize":{"x":0,"y":0,"w":11,"h":10},"frame":{"x":217,"y":427,"w":11,"h":10}},{"filename":"star-y/star-1","rotated":false,"trimmed":false,"sourceSize":{"w":11,"h":10},"spriteSourceSize":{"x":0,"y":0,"w":11,"h":10},"frame":{"x":217,"y":427,"w":11,"h":10}},{"filename":"fireworks/soar-line","rotated":false,"trimmed":false,"sourceSize":{"w":6,"h":23},"spriteSourceSize":{"x":0,"y":0,"w":6,"h":23},"frame":{"x":245,"y":1,"w":6,"h":23}},{"filename":"star-x/star-2","rotated":false,"trimmed":false,"sourceSize":{"w":11,"h":10},"spriteSourceSize":{"x":0,"y":0,"w":11,"h":10},"frame":{"x":230,"y":427,"w":11,"h":10}},{"filename":"star-y/star-4","rotated":false,"trimmed":false,"sourceSize":{"w":11,"h":10},"spriteSourceSize":{"x":0,"y":0,"w":11,"h":10},"frame":{"x":243,"y":427,"w":11,"h":10}},{"filename":"coins/coin-small-grey","rotated":false,"trimmed":false,"sourceSize":{"w":17,"h":16},"spriteSourceSize":{"x":0,"y":0,"w":17,"h":16},"frame":{"x":235,"y":439,"w":17,"h":16}},{"filename":"coins/coin-small","rotated":false,"trimmed":false,"sourceSize":{"w":17,"h":16},"spriteSourceSize":{"x":0,"y":0,"w":17,"h":16},"frame":{"x":235,"y":457,"w":17,"h":16}},{"filename":"confetti/hexagon-4","rotated":false,"trimmed":true,"sourceSize":{"w":25,"h":25},"spriteSourceSize":{"x":1,"y":1,"w":23,"h":23},"frame":{"x":218,"y":477,"w":23,"h":23}},{"filename":"confetti/hexagon-2","rotated":false,"trimmed":true,"sourceSize":{"w":25,"h":25},"spriteSourceSize":{"x":1,"y":3,"w":23,"h":19},"frame":{"x":218,"y":502,"w":23,"h":19}},{"filename":"ribbon/falling-confetti/confetti-d/confetti-d-4","rotated":false,"trimmed":false,"sourceSize":{"w":12,"h":2},"spriteSourceSize":{"x":0,"y":0,"w":12,"h":2},"frame":{"x":218,"y":523,"w":12,"h":2}},{"filename":"star-x/star-3","rotated":false,"trimmed":true,"sourceSize":{"w":11,"h":10},"spriteSourceSize":{"x":0,"y":1,"w":11,"h":8},"frame":{"x":243,"y":475,"w":11,"h":8}},{"filename":"ribbon/falling-confetti/confetti-a/confetti-a-1","rotated":false,"trimmed":false,"sourceSize":{"w":11,"h":7},"spriteSourceSize":{"x":0,"y":0,"w":11,"h":7},"frame":{"x":243,"y":485,"w":11,"h":7}},{"filename":"ribbon/falling-confetti/confetti-d/confetti-d-1","rotated":false,"trimmed":false,"sourceSize":{"w":11,"h":7},"spriteSourceSize":{"x":0,"y":0,"w":11,"h":7},"frame":{"x":243,"y":494,"w":11,"h":7}},{"filename":"star-x/star-4","rotated":false,"trimmed":true,"sourceSize":{"w":11,"h":10},"spriteSourceSize":{"x":0,"y":2,"w":11,"h":6},"frame":{"x":243,"y":503,"w":11,"h":6}},{"filename":"confetti/hexagon-3","rotated":false,"trimmed":true,"sourceSize":{"w":25,"h":25},"spriteSourceSize":{"x":3,"y":3,"w":20,"h":19},"frame":{"x":233,"y":523,"w":20,"h":19}},{"filename":"ribbon/falling-confetti/confetti-c/confetti-c-1","rotated":false,"trimmed":false,"sourceSize":{"w":12,"h":8},"spriteSourceSize":{"x":0,"y":0,"w":12,"h":8},"frame":{"x":233,"y":544,"w":12,"h":8}},{"filename":"star-y/star-2","rotated":false,"trimmed":true,"sourceSize":{"w":11,"h":10},"spriteSourceSize":{"x":1,"y":0,"w":10,"h":10},"frame":{"x":243,"y":511,"w":10,"h":10}},{"filename":"confetti/small-1","rotated":false,"trimmed":false,"sourceSize":{"w":14,"h":16},"spriteSourceSize":{"x":0,"y":0,"w":14,"h":16},"frame":{"x":236,"y":249,"w":14,"h":16}},{"filename":"fireworks/soar-circle","rotated":false,"trimmed":false,"sourceSize":{"w":16,"h":16},"spriteSourceSize":{"x":0,"y":0,"w":16,"h":16},"frame":{"x":236,"y":267,"w":16,"h":16}},{"filename":"confetti/small-3","rotated":false,"trimmed":true,"sourceSize":{"w":14,"h":16},"spriteSourceSize":{"x":1,"y":0,"w":13,"h":16},"frame":{"x":236,"y":285,"w":13,"h":16}},{"filename":"confetti/small-2","rotated":false,"trimmed":true,"sourceSize":{"w":14,"h":16},"spriteSourceSize":{"x":0,"y":1,"w":14,"h":15},"frame":{"x":236,"y":303,"w":14,"h":15}},{"filename":"confetti/small-4","rotated":false,"trimmed":true,"sourceSize":{"w":14,"h":16},"spriteSourceSize":{"x":1,"y":0,"w":12,"h":16},"frame":{"x":232,"y":320,"w":12,"h":16}},{"filename":"ribbon/falling-confetti/confetti-b/confetti-b-1","rotated":false,"trimmed":false,"sourceSize":{"w":12,"h":7},"spriteSourceSize":{"x":0,"y":0,"w":12,"h":7},"frame":{"x":195,"y":477,"w":12,"h":7}},{"filename":"ribbon/falling-confetti/confetti-a/confetti-a-3","rotated":false,"trimmed":false,"sourceSize":{"w":11,"h":2},"spriteSourceSize":{"x":0,"y":0,"w":11,"h":2},"frame":{"x":195,"y":486,"w":11,"h":2}},{"filename":"ribbon/falling-confetti/confetti-b/confetti-b-2","rotated":false,"trimmed":false,"sourceSize":{"w":12,"h":5},"spriteSourceSize":{"x":0,"y":0,"w":12,"h":5},"frame":{"x":232,"y":338,"w":12,"h":5}},{"filename":"ribbon/falling-confetti/confetti-d/confetti-d-2","rotated":false,"trimmed":false,"sourceSize":{"w":12,"h":5},"spriteSourceSize":{"x":0,"y":0,"w":12,"h":5},"frame":{"x":232,"y":345,"w":12,"h":5}},{"filename":"star-y/star-3","rotated":false,"trimmed":true,"sourceSize":{"w":11,"h":10},"spriteSourceSize":{"x":3,"y":0,"w":6,"h":10},"frame":{"x":171,"y":531,"w":6,"h":10}},{"filename":"ribbon/falling-confetti/confetti-c/confetti-c-3","rotated":false,"trimmed":false,"sourceSize":{"w":12,"h":4},"spriteSourceSize":{"x":0,"y":0,"w":12,"h":4},"frame":{"x":232,"y":352,"w":12,"h":4}},{"filename":"ribbon/falling-confetti/confetti-b/confetti-b-3","rotated":false,"trimmed":false,"sourceSize":{"w":13,"h":3},"spriteSourceSize":{"x":0,"y":0,"w":13,"h":3},"frame":{"x":232,"y":358,"w":13,"h":3}},{"filename":"ribbon/falling-confetti/confetti-d/confetti-d-3","rotated":false,"trimmed":false,"sourceSize":{"w":12,"h":3},"spriteSourceSize":{"x":0,"y":0,"w":12,"h":3},"frame":{"x":232,"y":363,"w":12,"h":3}},{"filename":"ribbon/falling-confetti/confetti-a/confetti-a-2","rotated":false,"trimmed":false,"sourceSize":{"w":11,"h":4},"spriteSourceSize":{"x":0,"y":0,"w":11,"h":4},"frame":{"x":232,"y":368,"w":11,"h":4}},{"filename":"ribbon/falling-confetti/confetti-c/confetti-c-4","rotated":false,"trimmed":false,"sourceSize":{"w":11,"h":3},"spriteSourceSize":{"x":0,"y":0,"w":11,"h":3},"frame":{"x":232,"y":374,"w":11,"h":3}},{"filename":"ribbon/falling-confetti/confetti-b/confetti-b-4","rotated":false,"trimmed":false,"sourceSize":{"w":13,"h":1},"spriteSourceSize":{"x":0,"y":0,"w":13,"h":1},"frame":{"x":232,"y":379,"w":13,"h":1}}]}]},"balloon-resources":{"textures":[{"image":"balloon-resources-0.png","format":"RGBA8888","size":{"w":798,"h":798},"scale":0.5,"frames":[{"filename":"balloon-15","rotated":false,"trimmed":false,"sourceSize":{"w":143,"h":301},"spriteSourceSize":{"x":0,"y":0,"w":143,"h":301},"frame":{"x":1,"y":1,"w":143,"h":301}},{"filename":"balloon-14","rotated":false,"trimmed":false,"sourceSize":{"w":143,"h":295},"spriteSourceSize":{"x":0,"y":0,"w":143,"h":295},"frame":{"x":146,"y":1,"w":143,"h":295}},{"filename":"balloon-13","rotated":false,"trimmed":false,"sourceSize":{"w":143,"h":289},"spriteSourceSize":{"x":0,"y":0,"w":143,"h":289},"frame":{"x":291,"y":1,"w":143,"h":289}},{"filename":"balloon-12","rotated":false,"trimmed":false,"sourceSize":{"w":143,"h":283},"spriteSourceSize":{"x":0,"y":0,"w":143,"h":283},"frame":{"x":291,"y":292,"w":143,"h":283}},{"filename":"balloon-11","rotated":false,"trimmed":false,"sourceSize":{"w":143,"h":277},"spriteSourceSize":{"x":0,"y":0,"w":143,"h":277},"frame":{"x":1,"y":304,"w":143,"h":277}},{"filename":"balloon-10","rotated":false,"trimmed":false,"sourceSize":{"w":143,"h":270},"spriteSourceSize":{"x":0,"y":0,"w":143,"h":270},"frame":{"x":146,"y":298,"w":143,"h":270}},{"filename":"balloon-1","rotated":false,"trimmed":false,"sourceSize":{"w":143,"h":221},"spriteSourceSize":{"x":0,"y":0,"w":143,"h":221},"frame":{"x":146,"y":570,"w":143,"h":221}},{"filename":"balloon-3","rotated":false,"trimmed":false,"sourceSize":{"w":143,"h":214},"spriteSourceSize":{"x":0,"y":0,"w":143,"h":214},"frame":{"x":1,"y":583,"w":143,"h":214}},{"filename":"balloon-2","rotated":false,"trimmed":false,"sourceSize":{"w":143,"h":217},"spriteSourceSize":{"x":0,"y":0,"w":143,"h":217},"frame":{"x":291,"y":577,"w":143,"h":217}},{"filename":"balloon-16","rotated":false,"trimmed":false,"sourceSize":{"w":143,"h":267},"spriteSourceSize":{"x":0,"y":0,"w":143,"h":267},"frame":{"x":436,"y":1,"w":143,"h":267}},{"filename":"balloon-9","rotated":false,"trimmed":false,"sourceSize":{"w":143,"h":267},"spriteSourceSize":{"x":0,"y":0,"w":143,"h":267},"frame":{"x":436,"y":1,"w":143,"h":267}},{"filename":"balloon-8","rotated":false,"trimmed":false,"sourceSize":{"w":143,"h":260},"spriteSourceSize":{"x":0,"y":0,"w":143,"h":260},"frame":{"x":436,"y":270,"w":143,"h":260}},{"filename":"balloon-7","rotated":false,"trimmed":false,"sourceSize":{"w":143,"h":257},"spriteSourceSize":{"x":0,"y":0,"w":143,"h":257},"frame":{"x":436,"y":532,"w":143,"h":257}},{"filename":"balloon-17","rotated":false,"trimmed":false,"sourceSize":{"w":143,"h":254},"spriteSourceSize":{"x":0,"y":0,"w":143,"h":254},"frame":{"x":581,"y":1,"w":143,"h":254}},{"filename":"balloon-6","rotated":false,"trimmed":false,"sourceSize":{"w":143,"h":254},"spriteSourceSize":{"x":0,"y":0,"w":143,"h":254},"frame":{"x":581,"y":1,"w":143,"h":254}},{"filename":"balloon-5","rotated":false,"trimmed":false,"sourceSize":{"w":143,"h":247},"spriteSourceSize":{"x":0,"y":0,"w":143,"h":247},"frame":{"x":581,"y":257,"w":143,"h":247}},{"filename":"balloon-4","rotated":false,"trimmed":false,"sourceSize":{"w":143,"h":237},"spriteSourceSize":{"x":0,"y":0,"w":143,"h":237},"frame":{"x":581,"y":506,"w":143,"h":237}}]}]},"collect-obj-resources":{"textures":[{"image":"collect-obj-resources-0.png","format":"RGBA8888","size":{"w":148,"h":148},"scale":0.5,"frames":[{"filename":"gift-circle","rotated":false,"trimmed":false,"sourceSize":{"w":54,"h":56},"spriteSourceSize":{"x":0,"y":0,"w":54,"h":56},"frame":{"x":1,"y":1,"w":54,"h":56}},{"filename":"gift-square","rotated":false,"trimmed":false,"sourceSize":{"w":60,"h":48},"spriteSourceSize":{"x":0,"y":0,"w":60,"h":48},"frame":{"x":57,"y":1,"w":60,"h":48}},{"filename":"gift-heart","rotated":false,"trimmed":false,"sourceSize":{"w":49,"h":48},"spriteSourceSize":{"x":0,"y":0,"w":49,"h":48},"frame":{"x":1,"y":59,"w":49,"h":48}},{"filename":"coin","rotated":false,"trimmed":false,"sourceSize":{"w":39,"h":38},"spriteSourceSize":{"x":0,"y":0,"w":39,"h":38},"frame":{"x":1,"y":109,"w":39,"h":38}},{"filename":"coin/coin-1","rotated":false,"trimmed":false,"sourceSize":{"w":39,"h":38},"spriteSourceSize":{"x":0,"y":0,"w":39,"h":38},"frame":{"x":1,"y":109,"w":39,"h":38}},{"filename":"coin/coin-4","rotated":false,"trimmed":false,"sourceSize":{"w":26,"h":39},"spriteSourceSize":{"x":0,"y":0,"w":26,"h":39},"frame":{"x":119,"y":1,"w":26,"h":39}},{"filename":"coin/coin-2","rotated":false,"trimmed":false,"sourceSize":{"w":36,"h":39},"spriteSourceSize":{"x":0,"y":0,"w":36,"h":39},"frame":{"x":57,"y":51,"w":36,"h":39}},{"filename":"coin/coin-8","rotated":false,"trimmed":false,"sourceSize":{"w":36,"h":39},"spriteSourceSize":{"x":0,"y":0,"w":36,"h":39},"frame":{"x":95,"y":51,"w":36,"h":39}},{"filename":"coin/coin-5","rotated":false,"trimmed":false,"sourceSize":{"w":13,"h":39},"spriteSourceSize":{"x":0,"y":0,"w":13,"h":39},"frame":{"x":133,"y":42,"w":13,"h":39}},{"filename":"coin/coin-3","rotated":false,"trimmed":false,"sourceSize":{"w":32,"h":39},"spriteSourceSize":{"x":0,"y":0,"w":32,"h":39},"frame":{"x":52,"y":92,"w":32,"h":39}},{"filename":"coin/coin-7","rotated":false,"trimmed":false,"sourceSize":{"w":32,"h":39},"spriteSourceSize":{"x":0,"y":0,"w":32,"h":39},"frame":{"x":86,"y":92,"w":32,"h":39}},{"filename":"coin/coin-6","rotated":false,"trimmed":false,"sourceSize":{"w":26,"h":39},"spriteSourceSize":{"x":0,"y":0,"w":26,"h":39},"frame":{"x":120,"y":92,"w":26,"h":39}}]}]},"crab-resources":{"textures":[{"image":"crab-resources-0.png","format":"RGBA8888","size":{"w":555,"h":555},"scale":0.5,"frames":[{"filename":"crab-5","rotated":false,"trimmed":false,"sourceSize":{"w":189,"h":115},"spriteSourceSize":{"x":0,"y":0,"w":189,"h":115},"frame":{"x":1,"y":1,"w":189,"h":115}},{"filename":"crab-4","rotated":false,"trimmed":false,"sourceSize":{"w":188,"h":115},"spriteSourceSize":{"x":0,"y":0,"w":188,"h":115},"frame":{"x":1,"y":118,"w":188,"h":115}},{"filename":"crab-10","rotated":false,"trimmed":false,"sourceSize":{"w":185,"h":115},"spriteSourceSize":{"x":0,"y":0,"w":185,"h":115},"frame":{"x":192,"y":1,"w":185,"h":115}},{"filename":"crab-6","rotated":false,"trimmed":false,"sourceSize":{"w":185,"h":115},"spriteSourceSize":{"x":0,"y":0,"w":185,"h":115},"frame":{"x":1,"y":235,"w":185,"h":115}},{"filename":"crab-12","rotated":false,"trimmed":false,"sourceSize":{"w":184,"h":115},"spriteSourceSize":{"x":0,"y":0,"w":184,"h":115},"frame":{"x":191,"y":118,"w":184,"h":115}},{"filename":"crab-3","rotated":false,"trimmed":false,"sourceSize":{"w":184,"h":115},"spriteSourceSize":{"x":0,"y":0,"w":184,"h":115},"frame":{"x":1,"y":352,"w":184,"h":115}},{"filename":"crab-2","rotated":false,"trimmed":false,"sourceSize":{"w":183,"h":115},"spriteSourceSize":{"x":0,"y":0,"w":183,"h":115},"frame":{"x":188,"y":235,"w":183,"h":115}},{"filename":"crab-9","rotated":false,"trimmed":false,"sourceSize":{"w":182,"h":115},"spriteSourceSize":{"x":0,"y":0,"w":182,"h":115},"frame":{"x":187,"y":352,"w":182,"h":115}},{"filename":"crab-8","rotated":false,"trimmed":false,"sourceSize":{"w":173,"h":115},"spriteSourceSize":{"x":0,"y":0,"w":173,"h":115},"frame":{"x":379,"y":1,"w":173,"h":115}},{"filename":"crab-11","rotated":false,"trimmed":false,"sourceSize":{"w":177,"h":115},"spriteSourceSize":{"x":0,"y":0,"w":177,"h":115},"frame":{"x":377,"y":118,"w":177,"h":115}},{"filename":"crab-1","rotated":false,"trimmed":false,"sourceSize":{"w":181,"h":115},"spriteSourceSize":{"x":0,"y":0,"w":181,"h":115},"frame":{"x":373,"y":235,"w":181,"h":115}},{"filename":"crab-7","rotated":false,"trimmed":false,"sourceSize":{"w":178,"h":115},"spriteSourceSize":{"x":0,"y":0,"w":178,"h":115},"frame":{"x":371,"y":352,"w":178,"h":115}}]}]},"decor-obj-behind-resources":{"textures":[{"image":"decor-obj-behind-resources-0.png","format":"RGBA8888","size":{"w":375,"h":375},"scale":0.5,"frames":[{"filename":"rolling-pin","rotated":false,"trimmed":false,"sourceSize":{"w":171,"h":69},"spriteSourceSize":{"x":0,"y":0,"w":171,"h":69},"frame":{"x":1,"y":1,"w":171,"h":69}},{"filename":"book-1","rotated":false,"trimmed":false,"sourceSize":{"w":166,"h":65},"spriteSourceSize":{"x":0,"y":0,"w":166,"h":65},"frame":{"x":1,"y":72,"w":166,"h":65}},{"filename":"book-2","rotated":false,"trimmed":false,"sourceSize":{"w":169,"h":61},"spriteSourceSize":{"x":0,"y":0,"w":169,"h":61},"frame":{"x":174,"y":1,"w":169,"h":61}},{"filename":"book-3","rotated":false,"trimmed":false,"sourceSize":{"w":159,"h":58},"spriteSourceSize":{"x":0,"y":0,"w":159,"h":58},"frame":{"x":1,"y":139,"w":159,"h":58}},{"filename":"book-4","rotated":false,"trimmed":false,"sourceSize":{"w":152,"h":55},"spriteSourceSize":{"x":0,"y":0,"w":152,"h":55},"frame":{"x":1,"y":199,"w":152,"h":55}},{"filename":"book-5","rotated":false,"trimmed":false,"sourceSize":{"w":142,"h":55},"spriteSourceSize":{"x":0,"y":0,"w":142,"h":55},"frame":{"x":1,"y":256,"w":142,"h":55}},{"filename":"fork-2","rotated":false,"trimmed":false,"sourceSize":{"w":106,"h":61},"spriteSourceSize":{"x":0,"y":0,"w":106,"h":61},"frame":{"x":1,"y":313,"w":106,"h":61}},{"filename":"cookies-2","rotated":false,"trimmed":false,"sourceSize":{"w":132,"h":43},"spriteSourceSize":{"x":0,"y":0,"w":132,"h":43},"frame":{"x":174,"y":64,"w":132,"h":43}},{"filename":"glove","rotated":false,"trimmed":false,"sourceSize":{"w":117,"h":71},"spriteSourceSize":{"x":0,"y":0,"w":117,"h":71},"frame":{"x":169,"y":109,"w":117,"h":71}},{"filename":"fork","rotated":false,"trimmed":false,"sourceSize":{"w":108,"h":62},"spriteSourceSize":{"x":0,"y":0,"w":108,"h":62},"frame":{"x":162,"y":182,"w":108,"h":62}},{"filename":"spoon","rotated":false,"trimmed":false,"sourceSize":{"w":102,"h":58},"spriteSourceSize":{"x":0,"y":0,"w":102,"h":58},"frame":{"x":272,"y":182,"w":102,"h":58}},{"filename":"wood-spoon","rotated":false,"trimmed":false,"sourceSize":{"w":102,"h":58},"spriteSourceSize":{"x":0,"y":0,"w":102,"h":58},"frame":{"x":272,"y":242,"w":102,"h":58}},{"filename":"cookies-1","rotated":false,"trimmed":false,"sourceSize":{"w":105,"h":68},"spriteSourceSize":{"x":0,"y":0,"w":105,"h":68},"frame":{"x":155,"y":246,"w":105,"h":68}},{"filename":"sandwich","rotated":false,"trimmed":false,"sourceSize":{"w":88,"h":46},"spriteSourceSize":{"x":0,"y":0,"w":88,"h":46},"frame":{"x":262,"y":302,"w":88,"h":46}},{"filename":"knife","rotated":false,"trimmed":false,"sourceSize":{"w":67,"h":68},"spriteSourceSize":{"x":0,"y":0,"w":67,"h":68},"frame":{"x":288,"y":109,"w":67,"h":68}},{"filename":"crayon-pink-yellow","rotated":false,"trimmed":false,"sourceSize":{"w":82,"h":46},"spriteSourceSize":{"x":0,"y":0,"w":82,"h":46},"frame":{"x":109,"y":316,"w":82,"h":46}},{"filename":"crayon-blue","rotated":false,"trimmed":false,"sourceSize":{"w":37,"h":40},"spriteSourceSize":{"x":0,"y":0,"w":37,"h":40},"frame":{"x":193,"y":316,"w":37,"h":40}},{"filename":"crayon-green","rotated":false,"trimmed":false,"sourceSize":{"w":44,"h":28},"spriteSourceSize":{"x":0,"y":0,"w":44,"h":28},"frame":{"x":308,"y":64,"w":44,"h":28}}]}]},"monkey-resources":{"textures":[{"image":"monkey-resources-0.png","format":"RGBA8888","size":{"w":946,"h":946},"scale":0.5,"frames":[{"filename":"monkey-1","rotated":false,"trimmed":false,"sourceSize":{"w":300,"h":352},"spriteSourceSize":{"x":0,"y":0,"w":300,"h":352},"frame":{"x":1,"y":1,"w":300,"h":352}},{"filename":"monkey","rotated":false,"trimmed":false,"sourceSize":{"w":300,"h":352},"spriteSourceSize":{"x":0,"y":0,"w":300,"h":352},"frame":{"x":1,"y":1,"w":300,"h":352}},{"filename":"monkey-2","rotated":false,"trimmed":false,"sourceSize":{"w":307,"h":330},"spriteSourceSize":{"x":0,"y":0,"w":307,"h":330},"frame":{"x":1,"y":355,"w":307,"h":330}},{"filename":"monkey-8","rotated":false,"trimmed":false,"sourceSize":{"w":303,"h":325},"spriteSourceSize":{"x":0,"y":0,"w":303,"h":325},"frame":{"x":303,"y":1,"w":303,"h":325}},{"filename":"monkey-7","rotated":false,"trimmed":false,"sourceSize":{"w":308,"h":319},"spriteSourceSize":{"x":0,"y":0,"w":308,"h":319},"frame":{"x":608,"y":1,"w":308,"h":319}},{"filename":"monkey-6","rotated":false,"trimmed":false,"sourceSize":{"w":304,"h":312},"spriteSourceSize":{"x":0,"y":0,"w":304,"h":312},"frame":{"x":608,"y":322,"w":304,"h":312}},{"filename":"monkey-3","rotated":false,"trimmed":false,"sourceSize":{"w":296,"h":310},"spriteSourceSize":{"x":0,"y":0,"w":296,"h":310},"frame":{"x":310,"y":328,"w":296,"h":310}},{"filename":"monkey-5","rotated":false,"trimmed":false,"sourceSize":{"w":297,"h":305},"spriteSourceSize":{"x":0,"y":0,"w":297,"h":305},"frame":{"x":310,"y":640,"w":297,"h":305}},{"filename":"monkey-4","rotated":false,"trimmed":false,"sourceSize":{"w":299,"h":308},"spriteSourceSize":{"x":0,"y":0,"w":299,"h":308},"frame":{"x":609,"y":636,"w":299,"h":308}}]}]},"movement-modifier-obj-resources":{"textures":[{"image":"movement-modifier-obj-resources-0.png","format":"RGBA8888","size":{"w":372,"h":372},"scale":0.5,"frames":[{"filename":"liquid-5","rotated":false,"trimmed":true,"sourceSize":{"w":370,"h":45},"spriteSourceSize":{"x":0,"y":8,"w":370,"h":37},"frame":{"x":1,"y":1,"w":370,"h":37}},{"filename":"liquid-4","rotated":false,"trimmed":true,"sourceSize":{"w":314,"h":45},"spriteSourceSize":{"x":0,"y":8,"w":314,"h":37},"frame":{"x":1,"y":40,"w":314,"h":37}},{"filename":"liquid-3","rotated":false,"trimmed":true,"sourceSize":{"w":226,"h":45},"spriteSourceSize":{"x":0,"y":7,"w":226,"h":38},"frame":{"x":1,"y":79,"w":226,"h":38}},{"filename":"liquid-2","rotated":false,"trimmed":true,"sourceSize":{"w":139,"h":44},"spriteSourceSize":{"x":0,"y":7,"w":139,"h":37},"frame":{"x":229,"y":79,"w":139,"h":37}},{"filename":"boxing/boxing-6","rotated":false,"trimmed":false,"sourceSize":{"w":129,"h":54},"spriteSourceSize":{"x":0,"y":0,"w":129,"h":54},"frame":{"x":229,"y":118,"w":129,"h":54}},{"filename":"conveyor","rotated":false,"trimmed":false,"sourceSize":{"w":121,"h":35},"spriteSourceSize":{"x":0,"y":0,"w":121,"h":35},"frame":{"x":1,"y":119,"w":121,"h":35}},{"filename":"conveyor/conveyor-1","rotated":false,"trimmed":false,"sourceSize":{"w":121,"h":35},"spriteSourceSize":{"x":0,"y":0,"w":121,"h":35},"frame":{"x":1,"y":119,"w":121,"h":35}},{"filename":"boxing/boxing-3","rotated":false,"trimmed":false,"sourceSize":{"w":100,"h":54},"spriteSourceSize":{"x":0,"y":0,"w":100,"h":54},"frame":{"x":124,"y":119,"w":100,"h":54}},{"filename":"conveyor/conveyor-2","rotated":false,"trimmed":false,"sourceSize":{"w":121,"h":35},"spriteSourceSize":{"x":0,"y":0,"w":121,"h":35},"frame":{"x":1,"y":156,"w":121,"h":35}},{"filename":"conveyor/conveyor-3","rotated":false,"trimmed":false,"sourceSize":{"w":121,"h":35},"spriteSourceSize":{"x":0,"y":0,"w":121,"h":35},"frame":{"x":226,"y":174,"w":121,"h":35}},{"filename":"liquid-1","rotated":false,"trimmed":false,"sourceSize":{"w":95,"h":36},"spriteSourceSize":{"x":0,"y":0,"w":95,"h":36},"frame":{"x":124,"y":175,"w":95,"h":36}},{"filename":"boxing/boxing-5","rotated":false,"trimmed":false,"sourceSize":{"w":115,"h":54},"spriteSourceSize":{"x":0,"y":0,"w":115,"h":54},"frame":{"x":1,"y":193,"w":115,"h":54}},{"filename":"boxing/boxing-4","rotated":false,"trimmed":false,"sourceSize":{"w":109,"h":54},"spriteSourceSize":{"x":0,"y":0,"w":109,"h":54},"frame":{"x":221,"y":211,"w":109,"h":54}},{"filename":"boxing/boxing-2","rotated":false,"trimmed":false,"sourceSize":{"w":90,"h":54},"spriteSourceSize":{"x":0,"y":0,"w":90,"h":54},"frame":{"x":118,"y":213,"w":90,"h":54}},{"filename":"liquid","rotated":false,"trimmed":false,"sourceSize":{"w":108,"h":37},"spriteSourceSize":{"x":0,"y":0,"w":108,"h":37},"frame":{"x":1,"y":249,"w":108,"h":37}},{"filename":"boxing","rotated":false,"trimmed":false,"sourceSize":{"w":59,"h":53},"spriteSourceSize":{"x":0,"y":0,"w":59,"h":53},"frame":{"x":1,"y":288,"w":59,"h":53}},{"filename":"boxing/boxing-1","rotated":false,"trimmed":false,"sourceSize":{"w":59,"h":53},"spriteSourceSize":{"x":0,"y":0,"w":59,"h":53},"frame":{"x":1,"y":288,"w":59,"h":53}}]}]},"moving-obj-resources":{"textures":[{"image":"moving-obj-resources-0.png","format":"RGBA8888","size":{"w":866,"h":866},"scale":0.5,"frames":[{"filename":"tank/tank-4","rotated":false,"trimmed":false,"sourceSize":{"w":219,"h":172},"spriteSourceSize":{"x":0,"y":0,"w":219,"h":172},"frame":{"x":1,"y":1,"w":219,"h":172}},{"filename":"tank/tank-3","rotated":false,"trimmed":false,"sourceSize":{"w":219,"h":171},"spriteSourceSize":{"x":0,"y":0,"w":219,"h":171},"frame":{"x":222,"y":1,"w":219,"h":171}},{"filename":"tank/tank-5","rotated":false,"trimmed":false,"sourceSize":{"w":219,"h":169},"spriteSourceSize":{"x":0,"y":0,"w":219,"h":169},"frame":{"x":443,"y":1,"w":219,"h":169}},{"filename":"ice-cream-truck/icecream-truck-1","rotated":false,"trimmed":false,"sourceSize":{"w":201,"h":204},"spriteSourceSize":{"x":0,"y":0,"w":201,"h":204},"frame":{"x":664,"y":1,"w":201,"h":204}},{"filename":"icecream-truck","rotated":false,"trimmed":false,"sourceSize":{"w":201,"h":204},"spriteSourceSize":{"x":0,"y":0,"w":201,"h":204},"frame":{"x":664,"y":1,"w":201,"h":204}},{"filename":"tank/tank-6","rotated":false,"trimmed":false,"sourceSize":{"w":219,"h":168},"spriteSourceSize":{"x":0,"y":0,"w":219,"h":168},"frame":{"x":443,"y":172,"w":219,"h":168}},{"filename":"tank/tank-2","rotated":false,"trimmed":false,"sourceSize":{"w":219,"h":167},"spriteSourceSize":{"x":0,"y":0,"w":219,"h":167},"frame":{"x":222,"y":174,"w":219,"h":167}},{"filename":"tank/tank-7","rotated":false,"trimmed":false,"sourceSize":{"w":219,"h":164},"spriteSourceSize":{"x":0,"y":0,"w":219,"h":164},"frame":{"x":1,"y":175,"w":219,"h":164}},{"filename":"tank","rotated":false,"trimmed":false,"sourceSize":{"w":219,"h":163},"spriteSourceSize":{"x":0,"y":0,"w":219,"h":163},"frame":{"x":1,"y":341,"w":219,"h":163}},{"filename":"tank/tank-1","rotated":false,"trimmed":false,"sourceSize":{"w":219,"h":163},"spriteSourceSize":{"x":0,"y":0,"w":219,"h":163},"frame":{"x":1,"y":341,"w":219,"h":163}},{"filename":"ice-cream-truck/icecream-truck-2","rotated":false,"trimmed":false,"sourceSize":{"w":201,"h":204},"spriteSourceSize":{"x":0,"y":0,"w":201,"h":204},"frame":{"x":664,"y":207,"w":201,"h":204}},{"filename":"ice-cream-truck/icecream-truck-6","rotated":false,"trimmed":false,"sourceSize":{"w":201,"h":203},"spriteSourceSize":{"x":0,"y":0,"w":201,"h":203},"frame":{"x":443,"y":342,"w":201,"h":203}},{"filename":"ice-cream-truck/icecream-truck-7","rotated":false,"trimmed":false,"sourceSize":{"w":201,"h":203},"spriteSourceSize":{"x":0,"y":0,"w":201,"h":203},"frame":{"x":222,"y":343,"w":201,"h":203}},{"filename":"ice-cream-truck/icecream-truck-8","rotated":false,"trimmed":false,"sourceSize":{"w":201,"h":202},"spriteSourceSize":{"x":0,"y":0,"w":201,"h":202},"frame":{"x":1,"y":506,"w":201,"h":202}},{"filename":"ice-cream-truck/icecream-truck-9","rotated":false,"trimmed":false,"sourceSize":{"w":201,"h":202},"spriteSourceSize":{"x":0,"y":0,"w":201,"h":202},"frame":{"x":646,"y":413,"w":201,"h":202}},{"filename":"ice-cream-truck/icecream-truck-3","rotated":false,"trimmed":false,"sourceSize":{"w":201,"h":198},"spriteSourceSize":{"x":0,"y":0,"w":201,"h":198},"frame":{"x":425,"y":547,"w":201,"h":198}},{"filename":"ice-cream-truck/icecream-truck-4","rotated":false,"trimmed":false,"sourceSize":{"w":201,"h":198},"spriteSourceSize":{"x":0,"y":0,"w":201,"h":198},"frame":{"x":204,"y":548,"w":201,"h":198}},{"filename":"ice-cream-truck/icecream-truck-5","rotated":false,"trimmed":false,"sourceSize":{"w":201,"h":198},"spriteSourceSize":{"x":0,"y":0,"w":201,"h":198},"frame":{"x":628,"y":617,"w":201,"h":198}}]}]},"other-obj-resources":{"textures":[{"image":"other-obj-resources-0.png","format":"RGBA8888","size":{"w":862,"h":862},"scale":0.5,"frames":[{"filename":"goal-obj/cheese-3","rotated":false,"trimmed":false,"sourceSize":{"w":196,"h":481},"spriteSourceSize":{"x":0,"y":0,"w":196,"h":481},"frame":{"x":1,"y":1,"w":196,"h":481}},{"filename":"speed-modifier-obj/chocolate-5","rotated":false,"trimmed":true,"sourceSize":{"w":410,"h":55},"spriteSourceSize":{"x":0,"y":9,"w":398,"h":38},"frame":{"x":1,"y":484,"w":398,"h":38}},{"filename":"decor-obj/handkerchief-1","rotated":false,"trimmed":false,"sourceSize":{"w":347,"h":160},"spriteSourceSize":{"x":0,"y":0,"w":347,"h":160},"frame":{"x":199,"y":1,"w":347,"h":160}},{"filename":"decor-obj/handkerchief-3","rotated":false,"trimmed":false,"sourceSize":{"w":346,"h":160},"spriteSourceSize":{"x":0,"y":0,"w":346,"h":160},"frame":{"x":199,"y":163,"w":346,"h":160}},{"filename":"goal-obj/cheese-1","rotated":false,"trimmed":false,"sourceSize":{"w":192,"h":192},"spriteSourceSize":{"x":0,"y":0,"w":192,"h":192},"frame":{"x":401,"y":325,"w":192,"h":192}},{"filename":"seethrough-obj/glasses","rotated":false,"trimmed":false,"sourceSize":{"w":135,"h":92},"spriteSourceSize":{"x":0,"y":0,"w":135,"h":92},"frame":{"x":199,"y":325,"w":135,"h":92}},{"filename":"seethrough-obj/king","rotated":false,"trimmed":false,"sourceSize":{"w":50,"h":130},"spriteSourceSize":{"x":0,"y":0,"w":50,"h":130},"frame":{"x":336,"y":325,"w":50,"h":130}},{"filename":"speed-modifier-obj/skateboard","rotated":false,"trimmed":false,"sourceSize":{"w":101,"h":42},"spriteSourceSize":{"x":0,"y":0,"w":101,"h":42},"frame":{"x":199,"y":419,"w":101,"h":42}},{"filename":"speed-modifier-obj/chocolate-4","rotated":false,"trimmed":false,"sourceSize":{"w":314,"h":36},"spriteSourceSize":{"x":0,"y":0,"w":314,"h":36},"frame":{"x":547,"y":163,"w":314,"h":36}},{"filename":"speed-modifier-obj/chocolate-3","rotated":false,"trimmed":false,"sourceSize":{"w":225,"h":36},"spriteSourceSize":{"x":0,"y":0,"w":225,"h":36},"frame":{"x":547,"y":201,"w":225,"h":36}},{"filename":"speed-modifier-obj/chocolate-2","rotated":false,"trimmed":false,"sourceSize":{"w":137,"h":36},"spriteSourceSize":{"x":0,"y":0,"w":137,"h":36},"frame":{"x":548,"y":1,"w":137,"h":36}},{"filename":"seethrough-obj/crystall-ball","rotated":false,"trimmed":false,"sourceSize":{"w":113,"h":121},"spriteSourceSize":{"x":0,"y":0,"w":113,"h":121},"frame":{"x":687,"y":1,"w":113,"h":121}},{"filename":"unknown-obj/alien","rotated":false,"trimmed":true,"sourceSize":{"w":128,"h":128},"spriteSourceSize":{"x":17,"y":10,"w":94,"h":108},"frame":{"x":548,"y":39,"w":94,"h":108}},{"filename":"seethrough-obj/empty-bottle-1","rotated":false,"trimmed":false,"sourceSize":{"w":51,"h":111},"spriteSourceSize":{"x":0,"y":0,"w":51,"h":111},"frame":{"x":802,"y":1,"w":51,"h":111}},{"filename":"interactable-obj/red-button-up","rotated":false,"trimmed":false,"sourceSize":{"w":59,"h":36},"spriteSourceSize":{"x":0,"y":0,"w":59,"h":36},"frame":{"x":802,"y":114,"w":59,"h":36}},{"filename":"speed-modifier-obj/chocolate","rotated":false,"trimmed":false,"sourceSize":{"w":99,"h":36},"spriteSourceSize":{"x":0,"y":0,"w":99,"h":36},"frame":{"x":644,"y":124,"w":99,"h":36}},{"filename":"decor-obj/handkerchief-2","rotated":false,"trimmed":false,"sourceSize":{"w":345,"h":160},"spriteSourceSize":{"x":0,"y":0,"w":345,"h":160},"frame":{"x":401,"y":519,"w":345,"h":160}},{"filename":"goal-obj/cheese-2","rotated":false,"trimmed":false,"sourceSize":{"w":194,"h":172},"spriteSourceSize":{"x":0,"y":0,"w":194,"h":172},"frame":{"x":595,"y":239,"w":194,"h":172}},{"filename":"interactable-obj/joystick","rotated":false,"trimmed":false,"sourceSize":{"w":45,"h":66},"spriteSourceSize":{"x":0,"y":0,"w":45,"h":66},"frame":{"x":547,"y":239,"w":45,"h":66}},{"filename":"interactable-obj/blue-button-up","rotated":false,"trimmed":false,"sourceSize":{"w":59,"h":35},"spriteSourceSize":{"x":0,"y":0,"w":59,"h":35},"frame":{"x":774,"y":201,"w":59,"h":35}},{"filename":"decor-obj/handkerchief-4","rotated":false,"trimmed":false,"sourceSize":{"w":344,"h":160},"spriteSourceSize":{"x":0,"y":0,"w":344,"h":160},"frame":{"x":1,"y":524,"w":344,"h":160}},{"filename":"decor-obj/handkerchief-5","rotated":false,"trimmed":false,"sourceSize":{"w":344,"h":160},"spriteSourceSize":{"x":0,"y":0,"w":344,"h":160},"frame":{"x":347,"y":681,"w":344,"h":160}},{"filename":"decor-obj/handkerchief-6","rotated":false,"trimmed":false,"sourceSize":{"w":344,"h":160},"spriteSourceSize":{"x":0,"y":0,"w":344,"h":160},"frame":{"x":1,"y":686,"w":344,"h":160}},{"filename":"seethrough-obj/queen","rotated":false,"trimmed":false,"sourceSize":{"w":50,"h":111},"spriteSourceSize":{"x":0,"y":0,"w":50,"h":111},"frame":{"x":347,"y":524,"w":50,"h":111}},{"filename":"seethrough-obj/glass","rotated":false,"trimmed":false,"sourceSize":{"w":59,"h":93},"spriteSourceSize":{"x":0,"y":0,"w":59,"h":93},"frame":{"x":693,"y":681,"w":59,"h":93}},{"filename":"seethrough-obj/empty-bottle-2","rotated":false,"trimmed":false,"sourceSize":{"w":52,"h":162},"spriteSourceSize":{"x":0,"y":0,"w":52,"h":162},"frame":{"x":748,"y":413,"w":52,"h":162}},{"filename":"interactable-obj/joystick-down","rotated":false,"trimmed":false,"sourceSize":{"w":59,"h":58},"spriteSourceSize":{"x":0,"y":0,"w":59,"h":58},"frame":{"x":748,"y":577,"w":59,"h":58}},{"filename":"interactable-obj/red-button-down","rotated":false,"trimmed":false,"sourceSize":{"w":59,"h":32},"spriteSourceSize":{"x":0,"y":0,"w":59,"h":32},"frame":{"x":748,"y":637,"w":59,"h":32}},{"filename":"seethrough-obj/knight","rotated":false,"trimmed":false,"sourceSize":{"w":45,"h":92},"spriteSourceSize":{"x":0,"y":0,"w":45,"h":92},"frame":{"x":791,"y":238,"w":45,"h":92}},{"filename":"interactable-obj/blue-button-down","rotated":false,"trimmed":false,"sourceSize":{"w":59,"h":31},"spriteSourceSize":{"x":0,"y":0,"w":59,"h":31},"frame":{"x":791,"y":332,"w":59,"h":31}}]}]},"owl-resources":{"textures":[{"image":"owl-resources-0.png","format":"RGBA8888","size":{"w":1508,"h":1508},"scale":0.5,"frames":[{"filename":"owl-22","rotated":false,"trimmed":false,"sourceSize":{"w":375,"h":288},"spriteSourceSize":{"x":0,"y":0,"w":375,"h":288},"frame":{"x":1,"y":1,"w":375,"h":288}},{"filename":"owl-24","rotated":false,"trimmed":false,"sourceSize":{"w":375,"h":288},"spriteSourceSize":{"x":0,"y":0,"w":375,"h":288},"frame":{"x":378,"y":1,"w":375,"h":288}},{"filename":"owl-25","rotated":false,"trimmed":false,"sourceSize":{"w":375,"h":279},"spriteSourceSize":{"x":0,"y":0,"w":375,"h":279},"frame":{"x":755,"y":1,"w":375,"h":279}},{"filename":"owl-27","rotated":false,"trimmed":false,"sourceSize":{"w":375,"h":279},"spriteSourceSize":{"x":0,"y":0,"w":375,"h":279},"frame":{"x":1132,"y":1,"w":375,"h":279}},{"filename":"owl-21","rotated":false,"trimmed":false,"sourceSize":{"w":375,"h":278},"spriteSourceSize":{"x":0,"y":0,"w":375,"h":278},"frame":{"x":755,"y":282,"w":375,"h":278}},{"filename":"owl-23","rotated":false,"trimmed":false,"sourceSize":{"w":375,"h":278},"spriteSourceSize":{"x":0,"y":0,"w":375,"h":278},"frame":{"x":1132,"y":282,"w":375,"h":278}},{"filename":"owl-26","rotated":false,"trimmed":false,"sourceSize":{"w":375,"h":276},"spriteSourceSize":{"x":0,"y":0,"w":375,"h":276},"frame":{"x":1,"y":291,"w":375,"h":276}},{"filename":"owl-29","rotated":false,"trimmed":true,"sourceSize":{"w":375,"h":277},"spriteSourceSize":{"x":0,"y":0,"w":375,"h":276},"frame":{"x":378,"y":291,"w":375,"h":276}},{"filename":"owl-1","rotated":false,"trimmed":false,"sourceSize":{"w":375,"h":274},"spriteSourceSize":{"x":0,"y":0,"w":375,"h":274},"frame":{"x":755,"y":562,"w":375,"h":274}},{"filename":"owl-5","rotated":false,"trimmed":false,"sourceSize":{"w":375,"h":274},"spriteSourceSize":{"x":0,"y":0,"w":375,"h":274},"frame":{"x":755,"y":562,"w":375,"h":274}},{"filename":"owl","rotated":false,"trimmed":false,"sourceSize":{"w":375,"h":274},"spriteSourceSize":{"x":0,"y":0,"w":375,"h":274},"frame":{"x":755,"y":562,"w":375,"h":274}},{"filename":"owl-13","rotated":false,"trimmed":false,"sourceSize":{"w":375,"h":274},"spriteSourceSize":{"x":0,"y":0,"w":375,"h":274},"frame":{"x":1132,"y":562,"w":375,"h":274}},{"filename":"owl-17","rotated":false,"trimmed":false,"sourceSize":{"w":375,"h":274},"spriteSourceSize":{"x":0,"y":0,"w":375,"h":274},"frame":{"x":1132,"y":562,"w":375,"h":274}},{"filename":"owl-9","rotated":false,"trimmed":false,"sourceSize":{"w":375,"h":274},"spriteSourceSize":{"x":0,"y":0,"w":375,"h":274},"frame":{"x":1132,"y":562,"w":375,"h":274}},{"filename":"owl-14","rotated":false,"trimmed":false,"sourceSize":{"w":375,"h":274},"spriteSourceSize":{"x":0,"y":0,"w":375,"h":274},"frame":{"x":1,"y":569,"w":375,"h":274}},{"filename":"owl-16","rotated":false,"trimmed":false,"sourceSize":{"w":375,"h":274},"spriteSourceSize":{"x":0,"y":0,"w":375,"h":274},"frame":{"x":1,"y":569,"w":375,"h":274}},{"filename":"owl-6","rotated":false,"trimmed":false,"sourceSize":{"w":375,"h":274},"spriteSourceSize":{"x":0,"y":0,"w":375,"h":274},"frame":{"x":1,"y":569,"w":375,"h":274}},{"filename":"owl-8","rotated":false,"trimmed":false,"sourceSize":{"w":375,"h":274},"spriteSourceSize":{"x":0,"y":0,"w":375,"h":274},"frame":{"x":1,"y":569,"w":375,"h":274}},{"filename":"owl-10","rotated":false,"trimmed":false,"sourceSize":{"w":375,"h":273},"spriteSourceSize":{"x":0,"y":0,"w":375,"h":273},"frame":{"x":378,"y":569,"w":375,"h":273}},{"filename":"owl-12","rotated":false,"trimmed":false,"sourceSize":{"w":375,"h":273},"spriteSourceSize":{"x":0,"y":0,"w":375,"h":273},"frame":{"x":378,"y":569,"w":375,"h":273}},{"filename":"owl-2","rotated":false,"trimmed":false,"sourceSize":{"w":375,"h":273},"spriteSourceSize":{"x":0,"y":0,"w":375,"h":273},"frame":{"x":378,"y":569,"w":375,"h":273}},{"filename":"owl-4","rotated":false,"trimmed":false,"sourceSize":{"w":375,"h":273},"spriteSourceSize":{"x":0,"y":0,"w":375,"h":273},"frame":{"x":378,"y":569,"w":375,"h":273}},{"filename":"owl-15","rotated":false,"trimmed":false,"sourceSize":{"w":375,"h":271},"spriteSourceSize":{"x":0,"y":0,"w":375,"h":271},"frame":{"x":755,"y":838,"w":375,"h":271}},{"filename":"owl-7","rotated":false,"trimmed":false,"sourceSize":{"w":375,"h":271},"spriteSourceSize":{"x":0,"y":0,"w":375,"h":271},"frame":{"x":755,"y":838,"w":375,"h":271}},{"filename":"owl-11","rotated":false,"trimmed":false,"sourceSize":{"w":375,"h":268},"spriteSourceSize":{"x":0,"y":0,"w":375,"h":268},"frame":{"x":378,"y":844,"w":375,"h":268}},{"filename":"owl-3","rotated":false,"trimmed":false,"sourceSize":{"w":375,"h":268},"spriteSourceSize":{"x":0,"y":0,"w":375,"h":268},"frame":{"x":378,"y":844,"w":375,"h":268}},{"filename":"owl-28","rotated":false,"trimmed":false,"sourceSize":{"w":375,"h":268},"spriteSourceSize":{"x":0,"y":0,"w":375,"h":268},"frame":{"x":1,"y":845,"w":375,"h":268}},{"filename":"owl-18","rotated":false,"trimmed":false,"sourceSize":{"w":375,"h":264},"spriteSourceSize":{"x":0,"y":0,"w":375,"h":264},"frame":{"x":1132,"y":838,"w":375,"h":264}},{"filename":"owl-20","rotated":false,"trimmed":false,"sourceSize":{"w":375,"h":264},"spriteSourceSize":{"x":0,"y":0,"w":375,"h":264},"frame":{"x":1132,"y":1104,"w":375,"h":264}},{"filename":"owl-30","rotated":false,"trimmed":false,"sourceSize":{"w":375,"h":264},"spriteSourceSize":{"x":0,"y":0,"w":375,"h":264},"frame":{"x":1132,"y":1104,"w":375,"h":264}},{"filename":"owl-32","rotated":false,"trimmed":false,"sourceSize":{"w":375,"h":264},"spriteSourceSize":{"x":0,"y":0,"w":375,"h":264},"frame":{"x":755,"y":1111,"w":375,"h":264}},{"filename":"owl-19","rotated":false,"trimmed":false,"sourceSize":{"w":375,"h":259},"spriteSourceSize":{"x":0,"y":0,"w":375,"h":259},"frame":{"x":378,"y":1114,"w":375,"h":259}},{"filename":"owl-31","rotated":false,"trimmed":false,"sourceSize":{"w":375,"h":259},"spriteSourceSize":{"x":0,"y":0,"w":375,"h":259},"frame":{"x":1,"y":1115,"w":375,"h":259}}]}]},"spaceship-resources":{"textures":[{"image":"spaceship-resources-0.png","format":"RGBA8888","size":{"w":537,"h":537},"scale":0.5,"frames":[{"filename":"spaceship-10","rotated":false,"trimmed":false,"sourceSize":{"w":132,"h":349},"spriteSourceSize":{"x":0,"y":0,"w":132,"h":349},"frame":{"x":1,"y":1,"w":132,"h":349}},{"filename":"spaceship-8","rotated":false,"trimmed":false,"sourceSize":{"w":258,"h":215},"spriteSourceSize":{"x":0,"y":0,"w":258,"h":215},"frame":{"x":135,"y":1,"w":258,"h":215}},{"filename":"spaceship-7","rotated":false,"trimmed":false,"sourceSize":{"w":215,"h":194},"spriteSourceSize":{"x":0,"y":0,"w":215,"h":194},"frame":{"x":135,"y":218,"w":215,"h":194}},{"filename":"spaceship-6","rotated":false,"trimmed":false,"sourceSize":{"w":131,"h":186},"spriteSourceSize":{"x":0,"y":0,"w":131,"h":186},"frame":{"x":395,"y":1,"w":131,"h":186}},{"filename":"spaceship-1","rotated":false,"trimmed":false,"sourceSize":{"w":131,"h":184},"spriteSourceSize":{"x":0,"y":0,"w":131,"h":184},"frame":{"x":1,"y":352,"w":131,"h":184}},{"filename":"spaceship-2","rotated":false,"trimmed":false,"sourceSize":{"w":131,"h":184},"spriteSourceSize":{"x":0,"y":0,"w":131,"h":184},"frame":{"x":1,"y":352,"w":131,"h":184}},{"filename":"spaceship-3","rotated":false,"trimmed":false,"sourceSize":{"w":131,"h":184},"spriteSourceSize":{"x":0,"y":0,"w":131,"h":184},"frame":{"x":1,"y":352,"w":131,"h":184}},{"filename":"spaceship-4","rotated":false,"trimmed":false,"sourceSize":{"w":131,"h":184},"spriteSourceSize":{"x":0,"y":0,"w":131,"h":184},"frame":{"x":1,"y":352,"w":131,"h":184}},{"filename":"spaceship-5","rotated":false,"trimmed":false,"sourceSize":{"w":131,"h":184},"spriteSourceSize":{"x":0,"y":0,"w":131,"h":184},"frame":{"x":1,"y":352,"w":131,"h":184}},{"filename":"spaceship-9","rotated":false,"trimmed":false,"sourceSize":{"w":157,"h":248},"spriteSourceSize":{"x":0,"y":0,"w":157,"h":248},"frame":{"x":352,"y":218,"w":157,"h":248}}]}]},"static-obj-resources":{"textures":[{"image":"static-obj-resources-0.png","format":"RGBA8888","size":{"w":875,"h":875},"scale":0.5,"frames":[{"filename":"dying-tree","rotated":false,"trimmed":true,"sourceSize":{"w":334,"h":301},"spriteSourceSize":{"x":61,"y":78,"w":210,"h":223},"frame":{"x":1,"y":1,"w":210,"h":223}},{"filename":"balloon","rotated":false,"trimmed":false,"sourceSize":{"w":142,"h":215},"spriteSourceSize":{"x":0,"y":0,"w":142,"h":215},"frame":{"x":1,"y":226,"w":142,"h":215}},{"filename":"desk-phone","rotated":false,"trimmed":false,"sourceSize":{"w":200,"h":146},"spriteSourceSize":{"x":0,"y":0,"w":200,"h":146},"frame":{"x":213,"y":1,"w":200,"h":146}},{"filename":"toy","rotated":false,"trimmed":false,"sourceSize":{"w":207,"h":137},"spriteSourceSize":{"x":0,"y":0,"w":207,"h":137},"frame":{"x":415,"y":1,"w":207,"h":137}},{"filename":"spaceship","rotated":false,"trimmed":false,"sourceSize":{"w":131,"h":184},"spriteSourceSize":{"x":0,"y":0,"w":131,"h":184},"frame":{"x":1,"y":443,"w":131,"h":184}},{"filename":"chest-2","rotated":false,"trimmed":false,"sourceSize":{"w":167,"h":142},"spriteSourceSize":{"x":0,"y":0,"w":167,"h":142},"frame":{"x":624,"y":1,"w":167,"h":142}},{"filename":"teddy-bear","rotated":false,"trimmed":false,"sourceSize":{"w":138,"h":161},"spriteSourceSize":{"x":0,"y":0,"w":138,"h":161},"frame":{"x":1,"y":629,"w":138,"h":161}},{"filename":"square-origami","rotated":false,"trimmed":false,"sourceSize":{"w":132,"h":82},"spriteSourceSize":{"x":0,"y":0,"w":132,"h":82},"frame":{"x":1,"y":792,"w":132,"h":82}},{"filename":"crab","rotated":false,"trimmed":false,"sourceSize":{"w":187,"h":102},"spriteSourceSize":{"x":0,"y":0,"w":187,"h":102},"frame":{"x":213,"y":149,"w":187,"h":102}},{"filename":"ball","rotated":false,"trimmed":false,"sourceSize":{"w":146,"h":149},"spriteSourceSize":{"x":0,"y":0,"w":146,"h":149},"frame":{"x":145,"y":253,"w":146,"h":149}},{"filename":"toaster","rotated":false,"trimmed":false,"sourceSize":{"w":129,"h":148},"spriteSourceSize":{"x":0,"y":0,"w":129,"h":148},"frame":{"x":293,"y":253,"w":129,"h":148}},{"filename":"soft-drink-1","rotated":false,"trimmed":false,"sourceSize":{"w":57,"h":161},"spriteSourceSize":{"x":0,"y":0,"w":57,"h":161},"frame":{"x":793,"y":1,"w":57,"h":161}},{"filename":"books","rotated":false,"trimmed":false,"sourceSize":{"w":153,"h":127},"spriteSourceSize":{"x":0,"y":0,"w":153,"h":127},"frame":{"x":145,"y":404,"w":153,"h":127}},{"filename":"sandwich","rotated":false,"trimmed":false,"sourceSize":{"w":122,"h":139},"spriteSourceSize":{"x":0,"y":0,"w":122,"h":139},"frame":{"x":300,"y":403,"w":122,"h":139}},{"filename":"milk-tea-2","rotated":false,"trimmed":false,"sourceSize":{"w":141,"h":91},"spriteSourceSize":{"x":0,"y":0,"w":141,"h":91},"frame":{"x":134,"y":533,"w":141,"h":91}},{"filename":"chest","rotated":false,"trimmed":false,"sourceSize":{"w":144,"h":122},"spriteSourceSize":{"x":0,"y":0,"w":144,"h":122},"frame":{"x":141,"y":626,"w":144,"h":122}},{"filename":"banana","rotated":false,"trimmed":false,"sourceSize":{"w":144,"h":97},"spriteSourceSize":{"x":0,"y":0,"w":144,"h":97},"frame":{"x":141,"y":750,"w":144,"h":97}},{"filename":"eclock","rotated":false,"trimmed":false,"sourceSize":{"w":134,"h":71},"spriteSourceSize":{"x":0,"y":0,"w":134,"h":71},"frame":{"x":277,"y":544,"w":134,"h":71}},{"filename":"milk-bottle","rotated":false,"trimmed":false,"sourceSize":{"w":113,"h":137},"spriteSourceSize":{"x":0,"y":0,"w":113,"h":137},"frame":{"x":287,"y":617,"w":113,"h":137}},{"filename":"cat-mask","rotated":false,"trimmed":false,"sourceSize":{"w":127,"h":118},"spriteSourceSize":{"x":0,"y":0,"w":127,"h":118},"frame":{"x":287,"y":756,"w":127,"h":118}},{"filename":"pencil","rotated":false,"trimmed":false,"sourceSize":{"w":20,"h":146},"spriteSourceSize":{"x":0,"y":0,"w":20,"h":146},"frame":{"x":852,"y":1,"w":20,"h":146}},{"filename":"origami-bird","rotated":false,"trimmed":false,"sourceSize":{"w":139,"h":106},"spriteSourceSize":{"x":0,"y":0,"w":139,"h":106},"frame":{"x":415,"y":140,"w":139,"h":106}},{"filename":"cactus","rotated":false,"trimmed":false,"sourceSize":{"w":100,"h":140},"spriteSourceSize":{"x":0,"y":0,"w":100,"h":140},"frame":{"x":424,"y":248,"w":100,"h":140}},{"filename":"milk-tea","rotated":false,"trimmed":false,"sourceSize":{"w":89,"h":147},"spriteSourceSize":{"x":0,"y":0,"w":89,"h":147},"frame":{"x":424,"y":390,"w":89,"h":147}},{"filename":"candy-bottle","rotated":false,"trimmed":false,"sourceSize":{"w":65,"h":113},"spriteSourceSize":{"x":0,"y":0,"w":65,"h":113},"frame":{"x":556,"y":140,"w":65,"h":113}},{"filename":"hamburger","rotated":false,"trimmed":false,"sourceSize":{"w":118,"h":118},"spriteSourceSize":{"x":0,"y":0,"w":118,"h":118},"frame":{"x":623,"y":145,"w":118,"h":118}},{"filename":"clock","rotated":false,"trimmed":false,"sourceSize":{"w":93,"h":126},"spriteSourceSize":{"x":0,"y":0,"w":93,"h":126},"frame":{"x":526,"y":255,"w":93,"h":126}},{"filename":"apple","rotated":false,"trimmed":false,"sourceSize":{"w":103,"h":117},"spriteSourceSize":{"x":0,"y":0,"w":103,"h":117},"frame":{"x":621,"y":265,"w":103,"h":117}},{"filename":"orange-juice","rotated":false,"trimmed":false,"sourceSize":{"w":54,"h":158},"spriteSourceSize":{"x":0,"y":0,"w":54,"h":158},"frame":{"x":515,"y":390,"w":54,"h":158}},{"filename":"cupcake","rotated":false,"trimmed":false,"sourceSize":{"w":99,"h":132},"spriteSourceSize":{"x":0,"y":0,"w":99,"h":132},"frame":{"x":571,"y":384,"w":99,"h":132}},{"filename":"origami-rabbit","rotated":false,"trimmed":false,"sourceSize":{"w":84,"h":142},"spriteSourceSize":{"x":0,"y":0,"w":84,"h":142},"frame":{"x":672,"y":384,"w":84,"h":142}},{"filename":"gift-box","rotated":false,"trimmed":false,"sourceSize":{"w":104,"h":100},"spriteSourceSize":{"x":0,"y":0,"w":104,"h":100},"frame":{"x":743,"y":164,"w":104,"h":100}},{"filename":"watermelon-2","rotated":false,"trimmed":false,"sourceSize":{"w":121,"h":94},"spriteSourceSize":{"x":0,"y":0,"w":121,"h":94},"frame":{"x":726,"y":266,"w":121,"h":94}},{"filename":"coca","rotated":false,"trimmed":false,"sourceSize":{"w":50,"h":164},"spriteSourceSize":{"x":0,"y":0,"w":50,"h":164},"frame":{"x":758,"y":362,"w":50,"h":164}},{"filename":"sugar-bottle","rotated":false,"trimmed":false,"sourceSize":{"w":62,"h":114},"spriteSourceSize":{"x":0,"y":0,"w":62,"h":114},"frame":{"x":810,"y":362,"w":62,"h":114}},{"filename":"orange","rotated":false,"trimmed":false,"sourceSize":{"w":98,"h":108},"spriteSourceSize":{"x":0,"y":0,"w":98,"h":108},"frame":{"x":571,"y":518,"w":98,"h":108}},{"filename":"piggy-bank","rotated":false,"trimmed":false,"sourceSize":{"w":120,"h":93},"spriteSourceSize":{"x":0,"y":0,"w":120,"h":93},"frame":{"x":671,"y":528,"w":120,"h":93}},{"filename":"gavel-bottle","rotated":false,"trimmed":false,"sourceSize":{"w":52,"h":112},"spriteSourceSize":{"x":0,"y":0,"w":52,"h":112},"frame":{"x":402,"y":617,"w":52,"h":112}},{"filename":"watermelon-1","rotated":false,"trimmed":false,"sourceSize":{"w":97,"h":112},"spriteSourceSize":{"x":0,"y":0,"w":97,"h":112},"frame":{"x":416,"y":731,"w":97,"h":112}},{"filename":"hotdog","rotated":false,"trimmed":false,"sourceSize":{"w":117,"h":90},"spriteSourceSize":{"x":0,"y":0,"w":117,"h":90},"frame":{"x":671,"y":623,"w":117,"h":90}},{"filename":"milk-glass","rotated":false,"trimmed":false,"sourceSize":{"w":62,"h":98},"spriteSourceSize":{"x":0,"y":0,"w":62,"h":98},"frame":{"x":810,"y":478,"w":62,"h":98}},{"filename":"gummy-candy","rotated":false,"trimmed":false,"sourceSize":{"w":74,"h":107},"spriteSourceSize":{"x":0,"y":0,"w":74,"h":107},"frame":{"x":793,"y":578,"w":74,"h":107}},{"filename":"fries","rotated":false,"trimmed":false,"sourceSize":{"w":82,"h":109},"spriteSourceSize":{"x":0,"y":0,"w":82,"h":109},"frame":{"x":790,"y":687,"w":82,"h":109}},{"filename":"candy-star","rotated":false,"trimmed":false,"sourceSize":{"w":97,"h":98},"spriteSourceSize":{"x":0,"y":0,"w":97,"h":98},"frame":{"x":456,"y":628,"w":97,"h":98}},{"filename":"marble-ball-group","rotated":false,"trimmed":false,"sourceSize":{"w":100,"h":95},"spriteSourceSize":{"x":0,"y":0,"w":100,"h":95},"frame":{"x":555,"y":628,"w":100,"h":95}},{"filename":"candy-umbrella","rotated":false,"trimmed":false,"sourceSize":{"w":97,"h":98},"spriteSourceSize":{"x":0,"y":0,"w":97,"h":98},"frame":{"x":515,"y":728,"w":97,"h":98}},{"filename":"marble-ball","rotated":false,"trimmed":false,"sourceSize":{"w":95,"h":91},"spriteSourceSize":{"x":0,"y":0,"w":95,"h":91},"frame":{"x":614,"y":725,"w":95,"h":91}},{"filename":"zippo","rotated":false,"trimmed":false,"sourceSize":{"w":59,"h":83},"spriteSourceSize":{"x":0,"y":0,"w":59,"h":83},"frame":{"x":711,"y":715,"w":59,"h":83}},{"filename":"eraser","rotated":false,"trimmed":false,"sourceSize":{"w":56,"h":74},"spriteSourceSize":{"x":0,"y":0,"w":56,"h":74},"frame":{"x":711,"y":800,"w":56,"h":74}}]}]},"sudden-obj-resources":{"textures":[{"image":"sudden-obj-resources-0.png","format":"RGBA8888","size":{"w":366,"h":366},"scale":0.5,"frames":[{"filename":"sandwich/sandwich-5","rotated":false,"trimmed":true,"sourceSize":{"w":140,"h":152},"spriteSourceSize":{"x":10,"y":8,"w":125,"h":142},"frame":{"x":1,"y":1,"w":125,"h":142}},{"filename":"sandwich/sandwich-4","rotated":false,"trimmed":true,"sourceSize":{"w":140,"h":152},"spriteSourceSize":{"x":10,"y":21,"w":125,"h":129},"frame":{"x":128,"y":1,"w":125,"h":129}},{"filename":"sandwich/sandwich-3","rotated":false,"trimmed":true,"sourceSize":{"w":140,"h":152},"spriteSourceSize":{"x":10,"y":46,"w":125,"h":104},"frame":{"x":128,"y":132,"w":125,"h":104}},{"filename":"sandwich/sandwich-2","rotated":false,"trimmed":true,"sourceSize":{"w":140,"h":152},"spriteSourceSize":{"x":10,"y":59,"w":125,"h":91},"frame":{"x":1,"y":145,"w":125,"h":91}},{"filename":"sandwich","rotated":false,"trimmed":true,"sourceSize":{"w":140,"h":152},"spriteSourceSize":{"x":10,"y":85,"w":125,"h":65},"frame":{"x":1,"y":238,"w":125,"h":65}},{"filename":"sandwich/sandwich-1","rotated":false,"trimmed":true,"sourceSize":{"w":140,"h":152},"spriteSourceSize":{"x":10,"y":85,"w":125,"h":65},"frame":{"x":1,"y":238,"w":125,"h":65}},{"filename":"sandwich/falling-bread-5","rotated":false,"trimmed":false,"sourceSize":{"w":117,"h":60},"spriteSourceSize":{"x":0,"y":0,"w":117,"h":60},"frame":{"x":128,"y":238,"w":117,"h":60}},{"filename":"sandwich/falling-bread-2","rotated":false,"trimmed":false,"sourceSize":{"w":110,"h":69},"spriteSourceSize":{"x":0,"y":0,"w":110,"h":69},"frame":{"x":247,"y":238,"w":110,"h":69}},{"filename":"falling-bread","rotated":false,"trimmed":false,"sourceSize":{"w":115,"h":57},"spriteSourceSize":{"x":0,"y":0,"w":115,"h":57},"frame":{"x":128,"y":300,"w":115,"h":57}},{"filename":"sandwich/falling-bread-1","rotated":false,"trimmed":false,"sourceSize":{"w":115,"h":57},"spriteSourceSize":{"x":0,"y":0,"w":115,"h":57},"frame":{"x":128,"y":300,"w":115,"h":57}},{"filename":"sandwich/falling-bread-3","rotated":false,"trimmed":false,"sourceSize":{"w":116,"h":55},"spriteSourceSize":{"x":0,"y":0,"w":116,"h":55},"frame":{"x":245,"y":309,"w":116,"h":55}},{"filename":"sandwich/falling-bread-4","rotated":false,"trimmed":false,"sourceSize":{"w":110,"h":69},"spriteSourceSize":{"x":0,"y":0,"w":110,"h":69},"frame":{"x":255,"y":1,"w":110,"h":69}}]}]},"watcher-resources":{"textures":[{"image":"watcher-resources-0.png","format":"RGBA8888","size":{"w":687,"h":687},"scale":0.5,"frames":[{"filename":"boy/lookActionComponents/head","rotated":false,"trimmed":false,"sourceSize":{"w":261,"h":164},"spriteSourceSize":{"x":0,"y":0,"w":261,"h":164},"frame":{"x":1,"y":1,"w":261,"h":164}},{"filename":"boy/head-looking","rotated":false,"trimmed":false,"sourceSize":{"w":261,"h":163},"spriteSourceSize":{"x":0,"y":0,"w":261,"h":163},"frame":{"x":264,"y":1,"w":261,"h":163}},{"filename":"boy/hand-up-left","rotated":false,"trimmed":false,"sourceSize":{"w":101,"h":100},"spriteSourceSize":{"x":0,"y":0,"w":101,"h":100},"frame":{"x":527,"y":1,"w":101,"h":100}},{"filename":"boy/hand-right","rotated":false,"trimmed":false,"sourceSize":{"w":43,"h":33},"spriteSourceSize":{"x":0,"y":0,"w":43,"h":33},"frame":{"x":630,"y":1,"w":43,"h":33}},{"filename":"boy/lookActionComponents/iris","rotated":false,"trimmed":false,"sourceSize":{"w":3,"h":4},"spriteSourceSize":{"x":0,"y":0,"w":3,"h":4},"frame":{"x":675,"y":1,"w":3,"h":4}},{"filename":"boy/hand-left","rotated":false,"trimmed":false,"sourceSize":{"w":41,"h":31},"spriteSourceSize":{"x":0,"y":0,"w":41,"h":31},"frame":{"x":630,"y":36,"w":41,"h":31}},{"filename":"boy/lookActionComponents/eye","rotated":false,"trimmed":false,"sourceSize":{"w":28,"h":5},"spriteSourceSize":{"x":0,"y":0,"w":28,"h":5},"frame":{"x":630,"y":69,"w":28,"h":5}},{"filename":"boy/hand-up-right","rotated":false,"trimmed":false,"sourceSize":{"w":101,"h":100},"spriteSourceSize":{"x":0,"y":0,"w":101,"h":100},"frame":{"x":527,"y":103,"w":101,"h":100}},{"filename":"boy/detect/detect-2","rotated":false,"trimmed":false,"sourceSize":{"w":260,"h":164},"spriteSourceSize":{"x":0,"y":0,"w":260,"h":164},"frame":{"x":264,"y":166,"w":260,"h":164}},{"filename":"boy/detect/detect-3","rotated":false,"trimmed":false,"sourceSize":{"w":260,"h":164},"spriteSourceSize":{"x":0,"y":0,"w":260,"h":164},"frame":{"x":1,"y":167,"w":260,"h":164}},{"filename":"boy/detect/detect-4","rotated":false,"trimmed":false,"sourceSize":{"w":260,"h":164},"spriteSourceSize":{"x":0,"y":0,"w":260,"h":164},"frame":{"x":263,"y":332,"w":260,"h":164}},{"filename":"boy/detect/detect-1","rotated":false,"trimmed":false,"sourceSize":{"w":260,"h":163},"spriteSourceSize":{"x":0,"y":0,"w":260,"h":163},"frame":{"x":1,"y":333,"w":260,"h":163}},{"filename":"boy/head-missing","rotated":false,"trimmed":false,"sourceSize":{"w":255,"h":188},"spriteSourceSize":{"x":0,"y":0,"w":255,"h":188},"frame":{"x":1,"y":498,"w":255,"h":188}},{"filename":"boy/head-normal","rotated":false,"trimmed":false,"sourceSize":{"w":260,"h":163},"spriteSourceSize":{"x":0,"y":0,"w":260,"h":163},"frame":{"x":258,"y":498,"w":260,"h":163}}]}]}}