{"textures":[{"image":"static-obj-resources-0.png","format":"RGBA8888","size":{"w":875,"h":875},"scale":0.5,"frames":[{"filename":"dying-tree","rotated":false,"trimmed":true,"sourceSize":{"w":334,"h":301},"spriteSourceSize":{"x":61,"y":78,"w":210,"h":223},"frame":{"x":1,"y":1,"w":210,"h":223}},{"filename":"balloon","rotated":false,"trimmed":false,"sourceSize":{"w":142,"h":215},"spriteSourceSize":{"x":0,"y":0,"w":142,"h":215},"frame":{"x":1,"y":226,"w":142,"h":215}},{"filename":"desk-phone","rotated":false,"trimmed":false,"sourceSize":{"w":200,"h":146},"spriteSourceSize":{"x":0,"y":0,"w":200,"h":146},"frame":{"x":213,"y":1,"w":200,"h":146}},{"filename":"toy","rotated":false,"trimmed":false,"sourceSize":{"w":207,"h":137},"spriteSourceSize":{"x":0,"y":0,"w":207,"h":137},"frame":{"x":415,"y":1,"w":207,"h":137}},{"filename":"spaceship","rotated":false,"trimmed":false,"sourceSize":{"w":131,"h":184},"spriteSourceSize":{"x":0,"y":0,"w":131,"h":184},"frame":{"x":1,"y":443,"w":131,"h":184}},{"filename":"chest-2","rotated":false,"trimmed":false,"sourceSize":{"w":167,"h":142},"spriteSourceSize":{"x":0,"y":0,"w":167,"h":142},"frame":{"x":624,"y":1,"w":167,"h":142}},{"filename":"teddy-bear","rotated":false,"trimmed":false,"sourceSize":{"w":138,"h":161},"spriteSourceSize":{"x":0,"y":0,"w":138,"h":161},"frame":{"x":1,"y":629,"w":138,"h":161}},{"filename":"square-origami","rotated":false,"trimmed":false,"sourceSize":{"w":132,"h":82},"spriteSourceSize":{"x":0,"y":0,"w":132,"h":82},"frame":{"x":1,"y":792,"w":132,"h":82}},{"filename":"crab","rotated":false,"trimmed":false,"sourceSize":{"w":187,"h":102},"spriteSourceSize":{"x":0,"y":0,"w":187,"h":102},"frame":{"x":213,"y":149,"w":187,"h":102}},{"filename":"ball","rotated":false,"trimmed":false,"sourceSize":{"w":146,"h":149},"spriteSourceSize":{"x":0,"y":0,"w":146,"h":149},"frame":{"x":145,"y":253,"w":146,"h":149}},{"filename":"toaster","rotated":false,"trimmed":false,"sourceSize":{"w":129,"h":148},"spriteSourceSize":{"x":0,"y":0,"w":129,"h":148},"frame":{"x":293,"y":253,"w":129,"h":148}},{"filename":"soft-drink-1","rotated":false,"trimmed":false,"sourceSize":{"w":57,"h":161},"spriteSourceSize":{"x":0,"y":0,"w":57,"h":161},"frame":{"x":793,"y":1,"w":57,"h":161}},{"filename":"books","rotated":false,"trimmed":false,"sourceSize":{"w":153,"h":127},"spriteSourceSize":{"x":0,"y":0,"w":153,"h":127},"frame":{"x":145,"y":404,"w":153,"h":127}},{"filename":"sandwich","rotated":false,"trimmed":false,"sourceSize":{"w":122,"h":139},"spriteSourceSize":{"x":0,"y":0,"w":122,"h":139},"frame":{"x":300,"y":403,"w":122,"h":139}},{"filename":"milk-tea-2","rotated":false,"trimmed":false,"sourceSize":{"w":141,"h":91},"spriteSourceSize":{"x":0,"y":0,"w":141,"h":91},"frame":{"x":134,"y":533,"w":141,"h":91}},{"filename":"chest","rotated":false,"trimmed":false,"sourceSize":{"w":144,"h":122},"spriteSourceSize":{"x":0,"y":0,"w":144,"h":122},"frame":{"x":141,"y":626,"w":144,"h":122}},{"filename":"banana","rotated":false,"trimmed":false,"sourceSize":{"w":144,"h":97},"spriteSourceSize":{"x":0,"y":0,"w":144,"h":97},"frame":{"x":141,"y":750,"w":144,"h":97}},{"filename":"eclock","rotated":false,"trimmed":false,"sourceSize":{"w":134,"h":71},"spriteSourceSize":{"x":0,"y":0,"w":134,"h":71},"frame":{"x":277,"y":544,"w":134,"h":71}},{"filename":"milk-bottle","rotated":false,"trimmed":false,"sourceSize":{"w":113,"h":137},"spriteSourceSize":{"x":0,"y":0,"w":113,"h":137},"frame":{"x":287,"y":617,"w":113,"h":137}},{"filename":"cat-mask","rotated":false,"trimmed":false,"sourceSize":{"w":127,"h":118},"spriteSourceSize":{"x":0,"y":0,"w":127,"h":118},"frame":{"x":287,"y":756,"w":127,"h":118}},{"filename":"pencil","rotated":false,"trimmed":false,"sourceSize":{"w":20,"h":146},"spriteSourceSize":{"x":0,"y":0,"w":20,"h":146},"frame":{"x":852,"y":1,"w":20,"h":146}},{"filename":"origami-bird","rotated":false,"trimmed":false,"sourceSize":{"w":139,"h":106},"spriteSourceSize":{"x":0,"y":0,"w":139,"h":106},"frame":{"x":415,"y":140,"w":139,"h":106}},{"filename":"cactus","rotated":false,"trimmed":false,"sourceSize":{"w":100,"h":140},"spriteSourceSize":{"x":0,"y":0,"w":100,"h":140},"frame":{"x":424,"y":248,"w":100,"h":140}},{"filename":"milk-tea","rotated":false,"trimmed":false,"sourceSize":{"w":89,"h":147},"spriteSourceSize":{"x":0,"y":0,"w":89,"h":147},"frame":{"x":424,"y":390,"w":89,"h":147}},{"filename":"candy-bottle","rotated":false,"trimmed":false,"sourceSize":{"w":65,"h":113},"spriteSourceSize":{"x":0,"y":0,"w":65,"h":113},"frame":{"x":556,"y":140,"w":65,"h":113}},{"filename":"hamburger","rotated":false,"trimmed":false,"sourceSize":{"w":118,"h":118},"spriteSourceSize":{"x":0,"y":0,"w":118,"h":118},"frame":{"x":623,"y":145,"w":118,"h":118}},{"filename":"clock","rotated":false,"trimmed":false,"sourceSize":{"w":93,"h":126},"spriteSourceSize":{"x":0,"y":0,"w":93,"h":126},"frame":{"x":526,"y":255,"w":93,"h":126}},{"filename":"apple","rotated":false,"trimmed":false,"sourceSize":{"w":103,"h":117},"spriteSourceSize":{"x":0,"y":0,"w":103,"h":117},"frame":{"x":621,"y":265,"w":103,"h":117}},{"filename":"orange-juice","rotated":false,"trimmed":false,"sourceSize":{"w":54,"h":158},"spriteSourceSize":{"x":0,"y":0,"w":54,"h":158},"frame":{"x":515,"y":390,"w":54,"h":158}},{"filename":"cupcake","rotated":false,"trimmed":false,"sourceSize":{"w":99,"h":132},"spriteSourceSize":{"x":0,"y":0,"w":99,"h":132},"frame":{"x":571,"y":384,"w":99,"h":132}},{"filename":"origami-rabbit","rotated":false,"trimmed":false,"sourceSize":{"w":84,"h":142},"spriteSourceSize":{"x":0,"y":0,"w":84,"h":142},"frame":{"x":672,"y":384,"w":84,"h":142}},{"filename":"gift-box","rotated":false,"trimmed":false,"sourceSize":{"w":104,"h":100},"spriteSourceSize":{"x":0,"y":0,"w":104,"h":100},"frame":{"x":743,"y":164,"w":104,"h":100}},{"filename":"watermelon-2","rotated":false,"trimmed":false,"sourceSize":{"w":121,"h":94},"spriteSourceSize":{"x":0,"y":0,"w":121,"h":94},"frame":{"x":726,"y":266,"w":121,"h":94}},{"filename":"coca","rotated":false,"trimmed":false,"sourceSize":{"w":50,"h":164},"spriteSourceSize":{"x":0,"y":0,"w":50,"h":164},"frame":{"x":758,"y":362,"w":50,"h":164}},{"filename":"sugar-bottle","rotated":false,"trimmed":false,"sourceSize":{"w":62,"h":114},"spriteSourceSize":{"x":0,"y":0,"w":62,"h":114},"frame":{"x":810,"y":362,"w":62,"h":114}},{"filename":"orange","rotated":false,"trimmed":false,"sourceSize":{"w":98,"h":108},"spriteSourceSize":{"x":0,"y":0,"w":98,"h":108},"frame":{"x":571,"y":518,"w":98,"h":108}},{"filename":"piggy-bank","rotated":false,"trimmed":false,"sourceSize":{"w":120,"h":93},"spriteSourceSize":{"x":0,"y":0,"w":120,"h":93},"frame":{"x":671,"y":528,"w":120,"h":93}},{"filename":"gavel-bottle","rotated":false,"trimmed":false,"sourceSize":{"w":52,"h":112},"spriteSourceSize":{"x":0,"y":0,"w":52,"h":112},"frame":{"x":402,"y":617,"w":52,"h":112}},{"filename":"watermelon-1","rotated":false,"trimmed":false,"sourceSize":{"w":97,"h":112},"spriteSourceSize":{"x":0,"y":0,"w":97,"h":112},"frame":{"x":416,"y":731,"w":97,"h":112}},{"filename":"hotdog","rotated":false,"trimmed":false,"sourceSize":{"w":117,"h":90},"spriteSourceSize":{"x":0,"y":0,"w":117,"h":90},"frame":{"x":671,"y":623,"w":117,"h":90}},{"filename":"milk-glass","rotated":false,"trimmed":false,"sourceSize":{"w":62,"h":98},"spriteSourceSize":{"x":0,"y":0,"w":62,"h":98},"frame":{"x":810,"y":478,"w":62,"h":98}},{"filename":"gummy-candy","rotated":false,"trimmed":false,"sourceSize":{"w":74,"h":107},"spriteSourceSize":{"x":0,"y":0,"w":74,"h":107},"frame":{"x":793,"y":578,"w":74,"h":107}},{"filename":"fries","rotated":false,"trimmed":false,"sourceSize":{"w":82,"h":109},"spriteSourceSize":{"x":0,"y":0,"w":82,"h":109},"frame":{"x":790,"y":687,"w":82,"h":109}},{"filename":"candy-star","rotated":false,"trimmed":false,"sourceSize":{"w":97,"h":98},"spriteSourceSize":{"x":0,"y":0,"w":97,"h":98},"frame":{"x":456,"y":628,"w":97,"h":98}},{"filename":"marble-ball-group","rotated":false,"trimmed":false,"sourceSize":{"w":100,"h":95},"spriteSourceSize":{"x":0,"y":0,"w":100,"h":95},"frame":{"x":555,"y":628,"w":100,"h":95}},{"filename":"candy-umbrella","rotated":false,"trimmed":false,"sourceSize":{"w":97,"h":98},"spriteSourceSize":{"x":0,"y":0,"w":97,"h":98},"frame":{"x":515,"y":728,"w":97,"h":98}},{"filename":"marble-ball","rotated":false,"trimmed":false,"sourceSize":{"w":95,"h":91},"spriteSourceSize":{"x":0,"y":0,"w":95,"h":91},"frame":{"x":614,"y":725,"w":95,"h":91}},{"filename":"zippo","rotated":false,"trimmed":false,"sourceSize":{"w":59,"h":83},"spriteSourceSize":{"x":0,"y":0,"w":59,"h":83},"frame":{"x":711,"y":715,"w":59,"h":83}},{"filename":"eraser","rotated":false,"trimmed":false,"sourceSize":{"w":56,"h":74},"spriteSourceSize":{"x":0,"y":0,"w":56,"h":74},"frame":{"x":711,"y":800,"w":56,"h":74}}]}],"meta":{"app":"https://www.codeandweb.com/texturepacker","version":"3.0","smartupdate":"$TexturePacker:SmartUpdate:3861ccafca84fd37d0cd61af6893c54d:914c6945cd300ff708e05ee5252cd3cd:f6224e37d6691f5d2583bdbbaf79308d$"}}