<?xml version="1.0" encoding="UTF-8"?><font><info face="SFProText-Medium" size="42" bold="0" italic="0" charset="" unicode="1" stretchH="100" smooth="1" aa="1" padding="1,1,1,1" spacing="1,1"/><common lineHeight="42" base="40" scaleW="295" scaleH="296" pages="1" packed="0"/><pages><page id="0" file="sf-pro-normal.png"/></pages><chars count="111"><char id="32" x="0" y="0" width="0" height="0" xoffset="0" yoffset="-7" xadvance="12" page="0" chnl="15"/><!--   --><char id="33" x="280" y="248" width="9" height="32" xoffset="2" yoffset="2" xadvance="14" page="0" chnl="15"/><!-- ! --><char id="34" x="280" y="26" width="15" height="14" xoffset="2" yoffset="2" xadvance="20" page="0" chnl="15"/><!-- " --><char id="35" x="76" y="66" width="29" height="32" xoffset="-1" yoffset="2" xadvance="28" page="0" chnl="15"/><!-- # --><char id="36" x="166" y="31" width="24" height="38" xoffset="2" yoffset="-1" xadvance="28" page="0" chnl="15"/><!-- $ --><char id="37" x="0" y="233" width="33" height="33" xoffset="0" yoffset="2" xadvance="34" page="0" chnl="15"/><!-- % --><char id="38" x="44" y="167" width="30" height="33" xoffset="1" yoffset="2" xadvance="31" page="0" chnl="15"/><!-- & --><char id="39" x="272" y="217" width="7" height="14" xoffset="2" yoffset="2" xadvance="11" page="0" chnl="15"/><!-- ' --><char id="40" x="280" y="41" width="13" height="39" xoffset="3" yoffset="1" xadvance="17" page="0" chnl="15"/><!-- ( --><char id="41" x="280" y="161" width="12" height="39" xoffset="1" yoffset="1" xadvance="17" page="0" chnl="15"/><!-- ) --><char id="42" x="240" y="275" width="17" height="18" xoffset="2" yoffset="2" xadvance="22" page="0" chnl="15"/><!-- * --><char id="43" x="192" y="58" width="24" height="24" xoffset="2" yoffset="9" xadvance="28" page="0" chnl="15"/><!-- + --><char id="44" x="280" y="281" width="9" height="14" xoffset="2" yoffset="28" xadvance="14" page="0" chnl="15"/><!-- , --><char id="45" x="120" y="287" width="16" height="7" xoffset="2" yoffset="18" xadvance="20" page="0" chnl="15"/><!-- - --><char id="46" x="110" y="287" width="9" height="8" xoffset="2" yoffset="26" xadvance="14" page="0" chnl="15"/><!-- . --><char id="47" x="262" y="0" width="17" height="39" xoffset="-1" yoffset="1" xadvance="15" page="0" chnl="15"/><!-- / --><char id="48" x="139" y="25" width="25" height="33" xoffset="1" yoffset="2" xadvance="28" page="0" chnl="15"/><!-- 0 --><char id="49" x="217" y="263" width="15" height="32" xoffset="1" yoffset="2" xadvance="21" page="0" chnl="15"/><!-- 1 --><char id="50" x="192" y="118" width="23" height="32" xoffset="2" yoffset="2" xadvance="26" page="0" chnl="15"/><!-- 2 --><char id="51" x="139" y="59" width="25" height="33" xoffset="1" yoffset="2" xadvance="27" page="0" chnl="15"/><!-- 3 --><char id="52" x="110" y="155" width="26" height="32" xoffset="1" yoffset="2" xadvance="28" page="0" chnl="15"/><!-- 4 --><char id="53" x="166" y="70" width="24" height="33" xoffset="2" yoffset="2" xadvance="27" page="0" chnl="15"/><!-- 5 --><char id="54" x="139" y="93" width="25" height="33" xoffset="1" yoffset="2" xadvance="28" page="0" chnl="15"/><!-- 6 --><char id="55" x="166" y="172" width="24" height="32" xoffset="0" yoffset="2" xadvance="25" page="0" chnl="15"/><!-- 7 --><char id="56" x="139" y="127" width="25" height="33" xoffset="1" yoffset="2" xadvance="28" page="0" chnl="15"/><!-- 8 --><char id="57" x="139" y="161" width="25" height="33" xoffset="1" yoffset="2" xadvance="28" page="0" chnl="15"/><!-- 9 --><char id="58" x="262" y="176" width="9" height="23" xoffset="2" yoffset="11" xadvance="14" page="0" chnl="15"/><!-- : --><char id="59" x="280" y="201" width="10" height="31" xoffset="1" yoffset="11" xadvance="14" page="0" chnl="15"/><!-- ; --><char id="60" x="217" y="60" width="22" height="26" xoffset="3" yoffset="8" xadvance="28" page="0" chnl="15"/><!-- < --><char id="61" x="192" y="103" width="24" height="14" xoffset="2" yoffset="14" xadvance="28" page="0" chnl="15"/><!-- = --><char id="62" x="217" y="33" width="22" height="26" xoffset="3" yoffset="8" xadvance="28" page="0" chnl="15"/><!-- > --><char id="63" x="240" y="0" width="21" height="32" xoffset="0" yoffset="2" xadvance="23" page="0" chnl="15"/><!-- ? --><char id="64" x="0" y="66" width="36" height="37" xoffset="2" yoffset="2" xadvance="39" page="0" chnl="15"/><!-- @ --><char id="65" x="80" y="0" width="29" height="32" xoffset="0" yoffset="2" xadvance="30" page="0" chnl="15"/><!-- A --><char id="75" x="110" y="221" width="26" height="32" xoffset="2" yoffset="2" xadvance="29" page="0" chnl="15"/><!-- K --><char id="81" x="44" y="131" width="30" height="35" xoffset="1" yoffset="2" xadvance="33" page="0" chnl="15"/><!-- Q --><char id="91" x="280" y="121" width="13" height="39" xoffset="4" yoffset="1" xadvance="17" page="0" chnl="15"/><!-- [ --><char id="92" x="262" y="120" width="17" height="39" xoffset="-1" yoffset="1" xadvance="15" page="0" chnl="15"/><!-- \ --><char id="93" x="280" y="81" width="13" height="39" xoffset="0" yoffset="1" xadvance="17" page="0" chnl="15"/><!-- ] --><char id="94" x="240" y="218" width="19" height="15" xoffset="1" yoffset="3" xadvance="21" page="0" chnl="15"/><!-- ^ --><char id="95" x="192" y="289" width="21" height="6" xoffset="-1" yoffset="34" xadvance="19" page="0" chnl="15"/><!-- _ --><char id="110" x="217" y="87" width="22" height="25" xoffset="2" yoffset="9" xadvance="26" page="0" chnl="15"/><!-- n --><char id="114" x="280" y="0" width="15" height="25" xoffset="2" yoffset="9" xadvance="17" page="0" chnl="15"/><!-- r --><char id="117" x="192" y="229" width="23" height="24" xoffset="1" yoffset="10" xadvance="26" page="0" chnl="15"/><!-- u --><char id="123" x="262" y="40" width="17" height="39" xoffset="0" yoffset="1" xadvance="17" page="0" chnl="15"/><!-- { --><char id="124" x="272" y="176" width="7" height="40" xoffset="4" yoffset="1" xadvance="15" page="0" chnl="15"/><!-- | --><char id="125" x="262" y="80" width="17" height="39" xoffset="0" yoffset="1" xadvance="17" page="0" chnl="15"/><!-- } --><char id="171" x="76" y="274" width="24" height="19" xoffset="2" yoffset="12" xadvance="29" page="0" chnl="15"/><!-- « --><char id="187" x="192" y="83" width="24" height="19" xoffset="2" yoffset="12" xadvance="29" page="0" chnl="15"/><!-- » --><char id="1040" x="44" y="235" width="29" height="32" xoffset="0" yoffset="2" xadvance="30" page="0" chnl="15"/><!-- А --><char id="1041" x="192" y="0" width="24" height="32" xoffset="2" yoffset="2" xadvance="28" page="0" chnl="15"/><!-- Б --><char id="1042" x="139" y="195" width="25" height="32" xoffset="2" yoffset="2" xadvance="29" page="0" chnl="15"/><!-- В --><char id="1043" x="240" y="33" width="21" height="32" xoffset="2" yoffset="2" xadvance="25" page="0" chnl="15"/><!-- Г --><char id="1044" x="0" y="194" width="33" height="38" xoffset="-1" yoffset="2" xadvance="32" page="0" chnl="15"/><!-- Д --><char id="1045" x="217" y="0" width="22" height="32" xoffset="2" yoffset="2" xadvance="26" page="0" chnl="15"/><!-- Е --><char id="1046" x="0" y="33" width="43" height="32" xoffset="0" yoffset="2" xadvance="44" page="0" chnl="15"/><!-- Ж --><char id="1047" x="166" y="138" width="24" height="33" xoffset="1" yoffset="2" xadvance="27" page="0" chnl="15"/><!-- З --><char id="1048" x="76" y="175" width="28" height="32" xoffset="2" yoffset="2" xadvance="33" page="0" chnl="15"/><!-- И --><char id="1049" x="76" y="99" width="28" height="41" xoffset="2" yoffset="-7" xadvance="33" page="0" chnl="15"/><!-- Й --><char id="1050" x="110" y="31" width="27" height="32" xoffset="2" yoffset="2" xadvance="29" page="0" chnl="15"/><!-- К --><char id="1051" x="76" y="33" width="29" height="32" xoffset="-1" yoffset="2" xadvance="30" page="0" chnl="15"/><!-- Л --><char id="1053" x="76" y="208" width="28" height="32" xoffset="2" yoffset="2" xadvance="33" page="0" chnl="15"/><!-- Н --><char id="1054" x="44" y="72" width="31" height="33" xoffset="1" yoffset="2" xadvance="34" page="0" chnl="15"/><!-- О --><char id="1055" x="110" y="97" width="27" height="32" xoffset="2" yoffset="2" xadvance="32" page="0" chnl="15"/><!-- П --><char id="1056" x="139" y="228" width="25" height="32" xoffset="2" yoffset="2" xadvance="28" page="0" chnl="15"/><!-- Р --><char id="1057" x="44" y="201" width="29" height="33" xoffset="1" yoffset="2" xadvance="31" page="0" chnl="15"/><!-- С --><char id="1058" x="110" y="254" width="26" height="32" xoffset="1" yoffset="2" xadvance="28" page="0" chnl="15"/><!-- Т --><char id="1059" x="110" y="64" width="27" height="32" xoffset="0" yoffset="2" xadvance="28" page="0" chnl="15"/><!-- У --><char id="1060" x="0" y="135" width="34" height="33" xoffset="1" yoffset="2" xadvance="37" page="0" chnl="15"/><!-- Ф --><char id="1061" x="76" y="241" width="28" height="32" xoffset="1" yoffset="2" xadvance="30" page="0" chnl="15"/><!-- Х --><char id="1062" x="44" y="33" width="31" height="38" xoffset="2" yoffset="2" xadvance="34" page="0" chnl="15"/><!-- Ц --><char id="1063" x="110" y="188" width="26" height="32" xoffset="1" yoffset="2" xadvance="30" page="0" chnl="15"/><!-- Ч --><char id="1067" x="46" y="0" width="33" height="32" xoffset="2" yoffset="2" xadvance="38" page="0" chnl="15"/><!-- Ы --><char id="1069" x="76" y="141" width="28" height="33" xoffset="1" yoffset="2" xadvance="31" page="0" chnl="15"/><!-- Э --><char id="1071" x="139" y="261" width="25" height="32" xoffset="1" yoffset="2" xadvance="29" page="0" chnl="15"/><!-- Я --><char id="1072" x="240" y="66" width="21" height="25" xoffset="1" yoffset="9" xadvance="25" page="0" chnl="15"/><!-- а --><char id="1073" x="166" y="104" width="24" height="33" xoffset="1" yoffset="1" xadvance="26" page="0" chnl="15"/><!-- б --><char id="1074" x="240" y="143" width="21" height="24" xoffset="2" yoffset="10" xadvance="24" page="0" chnl="15"/><!-- в --><char id="1075" x="240" y="234" width="18" height="24" xoffset="2" yoffset="10" xadvance="20" page="0" chnl="15"/><!-- г --><char id="1076" x="110" y="0" width="28" height="30" xoffset="-1" yoffset="10" xadvance="27" page="0" chnl="15"/><!-- д --><char id="1077" x="192" y="151" width="23" height="25" xoffset="1" yoffset="9" xadvance="25" page="0" chnl="15"/><!-- е --><char id="1078" x="0" y="169" width="34" height="24" xoffset="0" yoffset="10" xadvance="35" page="0" chnl="15"/><!-- ж --><char id="1079" x="240" y="92" width="21" height="25" xoffset="1" yoffset="9" xadvance="23" page="0" chnl="15"/><!-- з --><char id="1080" x="217" y="138" width="22" height="24" xoffset="2" yoffset="10" xadvance="27" page="0" chnl="15"/><!-- и --><char id="1081" x="192" y="254" width="22" height="34" xoffset="2" yoffset="0" xadvance="27" page="0" chnl="15"/><!-- й --><char id="1082" x="240" y="118" width="21" height="24" xoffset="2" yoffset="10" xadvance="24" page="0" chnl="15"/><!-- к --><char id="1083" x="192" y="33" width="24" height="24" xoffset="-1" yoffset="10" xadvance="25" page="0" chnl="15"/><!-- л --><char id="1084" x="44" y="268" width="29" height="24" xoffset="2" yoffset="10" xadvance="33" page="0" chnl="15"/><!-- м --><char id="1085" x="217" y="163" width="22" height="24" xoffset="2" yoffset="10" xadvance="26" page="0" chnl="15"/><!-- н --><char id="1086" x="166" y="271" width="24" height="25" xoffset="1" yoffset="9" xadvance="26" page="0" chnl="15"/><!-- о --><char id="1087" x="217" y="213" width="22" height="24" xoffset="2" yoffset="10" xadvance="26" page="0" chnl="15"/><!-- п --><char id="1088" x="166" y="205" width="24" height="32" xoffset="2" yoffset="9" xadvance="27" page="0" chnl="15"/><!-- р --><char id="1089" x="192" y="177" width="23" height="25" xoffset="1" yoffset="9" xadvance="25" page="0" chnl="15"/><!-- с --><char id="1090" x="217" y="113" width="22" height="24" xoffset="0" yoffset="10" xadvance="22" page="0" chnl="15"/><!-- т --><char id="1091" x="166" y="238" width="24" height="32" xoffset="0" yoffset="10" xadvance="25" page="0" chnl="15"/><!-- у --><char id="1093" x="217" y="238" width="22" height="24" xoffset="1" yoffset="10" xadvance="24" page="0" chnl="15"/><!-- х --><char id="1094" x="166" y="0" width="25" height="30" xoffset="2" yoffset="10" xadvance="27" page="0" chnl="15"/><!-- ц --><char id="1095" x="217" y="188" width="22" height="24" xoffset="1" yoffset="10" xadvance="25" page="0" chnl="15"/><!-- ч --><char id="1096" x="44" y="106" width="31" height="24" xoffset="2" yoffset="10" xadvance="36" page="0" chnl="15"/><!-- ш --><char id="1097" x="0" y="104" width="35" height="30" xoffset="2" yoffset="10" xadvance="37" page="0" chnl="15"/><!-- щ --><char id="1098" x="139" y="0" width="26" height="24" xoffset="0" yoffset="10" xadvance="27" page="0" chnl="15"/><!-- ъ --><char id="1099" x="110" y="130" width="27" height="24" xoffset="2" yoffset="10" xadvance="32" page="0" chnl="15"/><!-- ы --><char id="1100" x="240" y="193" width="20" height="24" xoffset="2" yoffset="10" xadvance="23" page="0" chnl="15"/><!-- ь --><char id="1101" x="192" y="203" width="23" height="25" xoffset="1" yoffset="9" xadvance="25" page="0" chnl="15"/><!-- э --><char id="1102" x="0" y="267" width="32" height="25" xoffset="2" yoffset="9" xadvance="35" page="0" chnl="15"/><!-- ю --><char id="1103" x="240" y="168" width="21" height="24" xoffset="0" yoffset="10" xadvance="24" page="0" chnl="15"/><!-- я --><char id="8216" x="280" y="233" width="10" height="14" xoffset="1" yoffset="2" xadvance="13" page="0" chnl="15"/><!-- ‘ --><char id="8217" x="262" y="200" width="9" height="14" xoffset="2" yoffset="2" xadvance="13" page="0" chnl="15"/><!-- ’ --><char id="8220" x="262" y="160" width="17" height="15" xoffset="2" yoffset="2" xadvance="22" page="0" chnl="15"/><!-- “ --><char id="8221" x="240" y="259" width="18" height="15" xoffset="2" yoffset="2" xadvance="22" page="0" chnl="15"/><!-- ” --><char id="8470" x="0" y="0" width="45" height="32" xoffset="2" yoffset="2" xadvance="47" page="0" chnl="15"/><!-- № --></chars></font>