{"textures":[{"image":"balloon-resources-0.png","format":"RGBA8888","size":{"w":1588,"h":1588},"scale":1,"frames":[{"filename":"balloon-15","rotated":false,"trimmed":false,"sourceSize":{"w":285,"h":601},"spriteSourceSize":{"x":0,"y":0,"w":285,"h":601},"frame":{"x":1,"y":1,"w":285,"h":601}},{"filename":"balloon-14","rotated":false,"trimmed":false,"sourceSize":{"w":285,"h":589},"spriteSourceSize":{"x":0,"y":0,"w":285,"h":589},"frame":{"x":288,"y":1,"w":285,"h":589}},{"filename":"balloon-13","rotated":false,"trimmed":false,"sourceSize":{"w":285,"h":578},"spriteSourceSize":{"x":0,"y":0,"w":285,"h":578},"frame":{"x":575,"y":1,"w":285,"h":578}},{"filename":"balloon-12","rotated":false,"trimmed":false,"sourceSize":{"w":285,"h":566},"spriteSourceSize":{"x":0,"y":0,"w":285,"h":566},"frame":{"x":575,"y":581,"w":285,"h":566}},{"filename":"balloon-11","rotated":false,"trimmed":false,"sourceSize":{"w":285,"h":553},"spriteSourceSize":{"x":0,"y":0,"w":285,"h":553},"frame":{"x":1,"y":604,"w":285,"h":553}},{"filename":"balloon-10","rotated":false,"trimmed":false,"sourceSize":{"w":285,"h":540},"spriteSourceSize":{"x":0,"y":0,"w":285,"h":540},"frame":{"x":288,"y":592,"w":285,"h":540}},{"filename":"balloon-1","rotated":false,"trimmed":false,"sourceSize":{"w":285,"h":442},"spriteSourceSize":{"x":0,"y":0,"w":285,"h":442},"frame":{"x":288,"y":1134,"w":285,"h":442}},{"filename":"balloon-3","rotated":false,"trimmed":false,"sourceSize":{"w":285,"h":428},"spriteSourceSize":{"x":0,"y":0,"w":285,"h":428},"frame":{"x":1,"y":1159,"w":285,"h":428}},{"filename":"balloon-2","rotated":false,"trimmed":false,"sourceSize":{"w":285,"h":434},"spriteSourceSize":{"x":0,"y":0,"w":285,"h":434},"frame":{"x":575,"y":1149,"w":285,"h":434}},{"filename":"balloon-16","rotated":false,"trimmed":false,"sourceSize":{"w":285,"h":534},"spriteSourceSize":{"x":0,"y":0,"w":285,"h":534},"frame":{"x":862,"y":1,"w":285,"h":534}},{"filename":"balloon-9","rotated":false,"trimmed":false,"sourceSize":{"w":285,"h":534},"spriteSourceSize":{"x":0,"y":0,"w":285,"h":534},"frame":{"x":862,"y":1,"w":285,"h":534}},{"filename":"balloon-8","rotated":false,"trimmed":false,"sourceSize":{"w":285,"h":520},"spriteSourceSize":{"x":0,"y":0,"w":285,"h":520},"frame":{"x":862,"y":537,"w":285,"h":520}},{"filename":"balloon-7","rotated":false,"trimmed":false,"sourceSize":{"w":285,"h":513},"spriteSourceSize":{"x":0,"y":0,"w":285,"h":513},"frame":{"x":862,"y":1059,"w":285,"h":513}},{"filename":"balloon-17","rotated":false,"trimmed":false,"sourceSize":{"w":285,"h":508},"spriteSourceSize":{"x":0,"y":0,"w":285,"h":508},"frame":{"x":1149,"y":1,"w":285,"h":508}},{"filename":"balloon-6","rotated":false,"trimmed":false,"sourceSize":{"w":285,"h":508},"spriteSourceSize":{"x":0,"y":0,"w":285,"h":508},"frame":{"x":1149,"y":1,"w":285,"h":508}},{"filename":"balloon-5","rotated":false,"trimmed":false,"sourceSize":{"w":285,"h":493},"spriteSourceSize":{"x":0,"y":0,"w":285,"h":493},"frame":{"x":1149,"y":511,"w":285,"h":493}},{"filename":"balloon-4","rotated":false,"trimmed":false,"sourceSize":{"w":285,"h":474},"spriteSourceSize":{"x":0,"y":0,"w":285,"h":474},"frame":{"x":1149,"y":1006,"w":285,"h":474}}]}],"meta":{"app":"https://www.codeandweb.com/texturepacker","version":"3.0","smartupdate":"$TexturePacker:SmartUpdate:457abead7459d2386d043203ce4bf580:12c7114cd93f17dae0d4a6ee25ba06ce:da29d69d2e858886fe9add83b5314475$"}}