{"textures":[{"image":"collect-obj-resources-0.png","format":"RGBA8888","size":{"w":286,"h":286},"scale":1,"frames":[{"filename":"gift-square","rotated":false,"trimmed":false,"sourceSize":{"w":119,"h":96},"spriteSourceSize":{"x":0,"y":0,"w":119,"h":96},"frame":{"x":1,"y":1,"w":119,"h":96}},{"filename":"gift-circle","rotated":false,"trimmed":false,"sourceSize":{"w":108,"h":112},"spriteSourceSize":{"x":0,"y":0,"w":108,"h":112},"frame":{"x":122,"y":1,"w":108,"h":112}},{"filename":"coin/coin-4","rotated":false,"trimmed":false,"sourceSize":{"w":52,"h":77},"spriteSourceSize":{"x":0,"y":0,"w":52,"h":77},"frame":{"x":232,"y":1,"w":52,"h":77}},{"filename":"coin/coin-6","rotated":false,"trimmed":false,"sourceSize":{"w":52,"h":77},"spriteSourceSize":{"x":0,"y":0,"w":52,"h":77},"frame":{"x":232,"y":80,"w":52,"h":77}},{"filename":"gift-heart","rotated":false,"trimmed":false,"sourceSize":{"w":97,"h":96},"spriteSourceSize":{"x":0,"y":0,"w":97,"h":96},"frame":{"x":1,"y":99,"w":97,"h":96}},{"filename":"coin/coin-3","rotated":false,"trimmed":false,"sourceSize":{"w":64,"h":78},"spriteSourceSize":{"x":0,"y":0,"w":64,"h":78},"frame":{"x":1,"y":197,"w":64,"h":78}},{"filename":"coin/coin-7","rotated":false,"trimmed":false,"sourceSize":{"w":64,"h":78},"spriteSourceSize":{"x":0,"y":0,"w":64,"h":78},"frame":{"x":67,"y":197,"w":64,"h":78}},{"filename":"coin/coin-2","rotated":false,"trimmed":false,"sourceSize":{"w":72,"h":77},"spriteSourceSize":{"x":0,"y":0,"w":72,"h":77},"frame":{"x":100,"y":115,"w":72,"h":77}},{"filename":"coin/coin-8","rotated":false,"trimmed":false,"sourceSize":{"w":72,"h":77},"spriteSourceSize":{"x":0,"y":0,"w":72,"h":77},"frame":{"x":133,"y":194,"w":72,"h":77}},{"filename":"coin/coin-5","rotated":false,"trimmed":false,"sourceSize":{"w":26,"h":77},"spriteSourceSize":{"x":0,"y":0,"w":26,"h":77},"frame":{"x":174,"y":115,"w":26,"h":77}},{"filename":"coin","rotated":false,"trimmed":false,"sourceSize":{"w":78,"h":76},"spriteSourceSize":{"x":0,"y":0,"w":78,"h":76},"frame":{"x":207,"y":159,"w":78,"h":76}},{"filename":"coin/coin-1","rotated":false,"trimmed":false,"sourceSize":{"w":78,"h":76},"spriteSourceSize":{"x":0,"y":0,"w":78,"h":76},"frame":{"x":207,"y":159,"w":78,"h":76}}]}],"meta":{"app":"https://www.codeandweb.com/texturepacker","version":"3.0","smartupdate":"$TexturePacker:SmartUpdate:b43615cc7054dbf51dc463780057873f:70fe68690270fccb77a100237a606c05:8d50e2fd2a4e1ec37faf68da7d16293d$"}}