{"textures":[{"image":"movement-modifier-obj-resources-0.png","format":"RGBA8888","size":{"w":742,"h":742},"scale":1,"frames":[{"filename":"liquid-5","rotated":false,"trimmed":false,"sourceSize":{"w":740,"h":89},"spriteSourceSize":{"x":0,"y":0,"w":740,"h":89},"frame":{"x":1,"y":1,"w":740,"h":89}},{"filename":"liquid-4","rotated":false,"trimmed":false,"sourceSize":{"w":628,"h":89},"spriteSourceSize":{"x":0,"y":0,"w":628,"h":89},"frame":{"x":1,"y":92,"w":628,"h":89}},{"filename":"liquid-3","rotated":false,"trimmed":false,"sourceSize":{"w":452,"h":89},"spriteSourceSize":{"x":0,"y":0,"w":452,"h":89},"frame":{"x":1,"y":183,"w":452,"h":89}},{"filename":"liquid-2","rotated":false,"trimmed":false,"sourceSize":{"w":277,"h":88},"spriteSourceSize":{"x":0,"y":0,"w":277,"h":88},"frame":{"x":455,"y":183,"w":277,"h":88}},{"filename":"boxing/boxing-6","rotated":false,"trimmed":false,"sourceSize":{"w":257,"h":107},"spriteSourceSize":{"x":0,"y":0,"w":257,"h":107},"frame":{"x":455,"y":273,"w":257,"h":107}},{"filename":"conveyor","rotated":false,"trimmed":false,"sourceSize":{"w":241,"h":69},"spriteSourceSize":{"x":0,"y":0,"w":241,"h":69},"frame":{"x":1,"y":274,"w":241,"h":69}},{"filename":"conveyor/conveyor-1","rotated":false,"trimmed":false,"sourceSize":{"w":241,"h":69},"spriteSourceSize":{"x":0,"y":0,"w":241,"h":69},"frame":{"x":1,"y":274,"w":241,"h":69}},{"filename":"boxing/boxing-3","rotated":false,"trimmed":false,"sourceSize":{"w":200,"h":107},"spriteSourceSize":{"x":0,"y":0,"w":200,"h":107},"frame":{"x":244,"y":274,"w":200,"h":107}},{"filename":"conveyor/conveyor-2","rotated":false,"trimmed":false,"sourceSize":{"w":241,"h":69},"spriteSourceSize":{"x":0,"y":0,"w":241,"h":69},"frame":{"x":1,"y":345,"w":241,"h":69}},{"filename":"conveyor/conveyor-3","rotated":false,"trimmed":false,"sourceSize":{"w":241,"h":69},"spriteSourceSize":{"x":0,"y":0,"w":241,"h":69},"frame":{"x":446,"y":382,"w":241,"h":69}},{"filename":"liquid-1","rotated":false,"trimmed":false,"sourceSize":{"w":189,"h":72},"spriteSourceSize":{"x":0,"y":0,"w":189,"h":72},"frame":{"x":244,"y":383,"w":189,"h":72}},{"filename":"boxing/boxing-5","rotated":false,"trimmed":false,"sourceSize":{"w":230,"h":107},"spriteSourceSize":{"x":0,"y":0,"w":230,"h":107},"frame":{"x":1,"y":416,"w":230,"h":107}},{"filename":"boxing/boxing-4","rotated":false,"trimmed":false,"sourceSize":{"w":218,"h":107},"spriteSourceSize":{"x":0,"y":0,"w":218,"h":107},"frame":{"x":435,"y":453,"w":218,"h":107}},{"filename":"boxing/boxing-2","rotated":false,"trimmed":false,"sourceSize":{"w":180,"h":107},"spriteSourceSize":{"x":0,"y":0,"w":180,"h":107},"frame":{"x":233,"y":457,"w":180,"h":107}},{"filename":"liquid","rotated":false,"trimmed":false,"sourceSize":{"w":216,"h":73},"spriteSourceSize":{"x":0,"y":0,"w":216,"h":73},"frame":{"x":1,"y":525,"w":216,"h":73}},{"filename":"boxing","rotated":false,"trimmed":false,"sourceSize":{"w":117,"h":106},"spriteSourceSize":{"x":0,"y":0,"w":117,"h":106},"frame":{"x":1,"y":600,"w":117,"h":106}},{"filename":"boxing/boxing-1","rotated":false,"trimmed":false,"sourceSize":{"w":117,"h":106},"spriteSourceSize":{"x":0,"y":0,"w":117,"h":106},"frame":{"x":1,"y":600,"w":117,"h":106}}]}],"meta":{"app":"https://www.codeandweb.com/texturepacker","version":"3.0","smartupdate":"$TexturePacker:SmartUpdate:0b626d5836a0548b1c80fa71bf8e5e68:8046f4a86d19d9cae98df45a47c555f2:e9e16f10eaf68fdc2deaecc2fada702b$"}}