{"textures":[{"image":"moving-obj-resources-0.png","format":"RGBA8888","size":{"w":1721,"h":1721},"scale":1,"frames":[{"filename":"tank/tank-4","rotated":false,"trimmed":false,"sourceSize":{"w":437,"h":343},"spriteSourceSize":{"x":0,"y":0,"w":437,"h":343},"frame":{"x":1,"y":1,"w":437,"h":343}},{"filename":"tank/tank-3","rotated":false,"trimmed":false,"sourceSize":{"w":437,"h":341},"spriteSourceSize":{"x":0,"y":0,"w":437,"h":341},"frame":{"x":440,"y":1,"w":437,"h":341}},{"filename":"tank/tank-5","rotated":false,"trimmed":false,"sourceSize":{"w":437,"h":338},"spriteSourceSize":{"x":0,"y":0,"w":437,"h":338},"frame":{"x":879,"y":1,"w":437,"h":338}},{"filename":"ice-cream-truck/icecream-truck-1","rotated":false,"trimmed":false,"sourceSize":{"w":402,"h":407},"spriteSourceSize":{"x":0,"y":0,"w":402,"h":407},"frame":{"x":1318,"y":1,"w":402,"h":407}},{"filename":"icecream-truck","rotated":false,"trimmed":false,"sourceSize":{"w":402,"h":407},"spriteSourceSize":{"x":0,"y":0,"w":402,"h":407},"frame":{"x":1318,"y":1,"w":402,"h":407}},{"filename":"tank/tank-6","rotated":false,"trimmed":false,"sourceSize":{"w":437,"h":335},"spriteSourceSize":{"x":0,"y":0,"w":437,"h":335},"frame":{"x":879,"y":341,"w":437,"h":335}},{"filename":"tank/tank-2","rotated":false,"trimmed":false,"sourceSize":{"w":437,"h":334},"spriteSourceSize":{"x":0,"y":0,"w":437,"h":334},"frame":{"x":440,"y":344,"w":437,"h":334}},{"filename":"tank/tank-7","rotated":false,"trimmed":false,"sourceSize":{"w":437,"h":328},"spriteSourceSize":{"x":0,"y":0,"w":437,"h":328},"frame":{"x":1,"y":346,"w":437,"h":328}},{"filename":"tank","rotated":false,"trimmed":false,"sourceSize":{"w":437,"h":325},"spriteSourceSize":{"x":0,"y":0,"w":437,"h":325},"frame":{"x":1,"y":676,"w":437,"h":325}},{"filename":"tank/tank-1","rotated":false,"trimmed":false,"sourceSize":{"w":437,"h":325},"spriteSourceSize":{"x":0,"y":0,"w":437,"h":325},"frame":{"x":1,"y":676,"w":437,"h":325}},{"filename":"ice-cream-truck/icecream-truck-2","rotated":false,"trimmed":false,"sourceSize":{"w":402,"h":407},"spriteSourceSize":{"x":0,"y":0,"w":402,"h":407},"frame":{"x":1318,"y":410,"w":402,"h":407}},{"filename":"ice-cream-truck/icecream-truck-6","rotated":false,"trimmed":false,"sourceSize":{"w":402,"h":406},"spriteSourceSize":{"x":0,"y":0,"w":402,"h":406},"frame":{"x":879,"y":678,"w":402,"h":406}},{"filename":"ice-cream-truck/icecream-truck-7","rotated":false,"trimmed":false,"sourceSize":{"w":402,"h":405},"spriteSourceSize":{"x":0,"y":0,"w":402,"h":405},"frame":{"x":440,"y":680,"w":402,"h":405}},{"filename":"ice-cream-truck/icecream-truck-8","rotated":false,"trimmed":false,"sourceSize":{"w":402,"h":404},"spriteSourceSize":{"x":0,"y":0,"w":402,"h":404},"frame":{"x":1,"y":1003,"w":402,"h":404}},{"filename":"ice-cream-truck/icecream-truck-9","rotated":false,"trimmed":false,"sourceSize":{"w":402,"h":404},"spriteSourceSize":{"x":0,"y":0,"w":402,"h":404},"frame":{"x":1283,"y":819,"w":402,"h":404}},{"filename":"ice-cream-truck/icecream-truck-3","rotated":false,"trimmed":false,"sourceSize":{"w":402,"h":395},"spriteSourceSize":{"x":0,"y":0,"w":402,"h":395},"frame":{"x":844,"y":1086,"w":402,"h":395}},{"filename":"ice-cream-truck/icecream-truck-4","rotated":false,"trimmed":false,"sourceSize":{"w":402,"h":395},"spriteSourceSize":{"x":0,"y":0,"w":402,"h":395},"frame":{"x":405,"y":1087,"w":402,"h":395}},{"filename":"ice-cream-truck/icecream-truck-5","rotated":false,"trimmed":false,"sourceSize":{"w":402,"h":395},"spriteSourceSize":{"x":0,"y":0,"w":402,"h":395},"frame":{"x":1248,"y":1225,"w":402,"h":395}}]}],"meta":{"app":"https://www.codeandweb.com/texturepacker","version":"3.0","smartupdate":"$TexturePacker:SmartUpdate:dace8157f6d907af6b90e9a57b08761d:d302e039a6dccfdf27a3f3aa510015e3:45785354bffc60d539134cefe3b80f07$"}}