{"animation-scene-resources":{"textures":[{"image":"animation-scene-resources-0.png","format":"RGBA8888","size":{"w":495,"h":1100},"scale":1,"frames":[{"filename":"glow-light","rotated":false,"trimmed":true,"sourceSize":{"w":492,"h":492},"spriteSourceSize":{"x":3,"y":0,"w":483,"h":492},"frame":{"x":1,"y":1,"w":483,"h":492}},{"filename":"circle","rotated":false,"trimmed":false,"sourceSize":{"w":324,"h":324},"spriteSourceSize":{"x":0,"y":0,"w":324,"h":324},"frame":{"x":1,"y":495,"w":324,"h":324}},{"filename":"fireworks/big-explosive-1","rotated":false,"trimmed":false,"sourceSize":{"w":282,"h":278},"spriteSourceSize":{"x":0,"y":0,"w":282,"h":278},"frame":{"x":1,"y":821,"w":282,"h":278}},{"filename":"fireworks/big-explosive-0","rotated":false,"trimmed":false,"sourceSize":{"w":137,"h":133},"spriteSourceSize":{"x":0,"y":0,"w":137,"h":133},"frame":{"x":285,"y":821,"w":137,"h":133}},{"filename":"circle-light","rotated":false,"trimmed":true,"sourceSize":{"w":151,"h":150},"spriteSourceSize":{"x":11,"y":8,"w":127,"h":130},"frame":{"x":285,"y":956,"w":127,"h":130}},{"filename":"comet","rotated":false,"trimmed":true,"sourceSize":{"w":80,"h":80},"spriteSourceSize":{"x":6,"y":1,"w":66,"h":76},"frame":{"x":414,"y":956,"w":66,"h":76}},{"filename":"confetti/hexagon-0","rotated":false,"trimmed":true,"sourceSize":{"w":50,"h":50},"spriteSourceSize":{"x":0,"y":2,"w":50,"h":46},"frame":{"x":414,"y":1034,"w":50,"h":46}},{"filename":"ribbon/ribbon","rotated":false,"trimmed":false,"sourceSize":{"w":64,"h":2},"spriteSourceSize":{"x":0,"y":0,"w":64,"h":2},"frame":{"x":414,"y":1082,"w":64,"h":2}},{"filename":"confetti/small-1","rotated":false,"trimmed":false,"sourceSize":{"w":28,"h":31},"spriteSourceSize":{"x":0,"y":0,"w":28,"h":31},"frame":{"x":466,"y":1034,"w":28,"h":31}},{"filename":"ribbon/falling-confetti/confetti-c/confetti-c-2","rotated":false,"trimmed":false,"sourceSize":{"w":25,"h":10},"spriteSourceSize":{"x":0,"y":0,"w":25,"h":10},"frame":{"x":466,"y":1067,"w":25,"h":10}},{"filename":"star-y/star-3","rotated":false,"trimmed":true,"sourceSize":{"w":21,"h":20},"spriteSourceSize":{"x":7,"y":0,"w":8,"h":20},"frame":{"x":480,"y":1079,"w":8,"h":20}},{"filename":"ribbon/falling-confetti/confetti-b/confetti-b-4","rotated":false,"trimmed":false,"sourceSize":{"w":26,"h":2},"spriteSourceSize":{"x":0,"y":0,"w":26,"h":2},"frame":{"x":414,"y":1086,"w":26,"h":2}},{"filename":"ribbon/falling-confetti/confetti-b/confetti-b-3","rotated":false,"trimmed":false,"sourceSize":{"w":25,"h":5},"spriteSourceSize":{"x":0,"y":0,"w":25,"h":5},"frame":{"x":442,"y":1086,"w":25,"h":5}},{"filename":"ribbon/falling-confetti/confetti-b/confetti-b-2","rotated":false,"trimmed":false,"sourceSize":{"w":23,"h":9},"spriteSourceSize":{"x":0,"y":0,"w":23,"h":9},"frame":{"x":285,"y":1088,"w":23,"h":9}},{"filename":"ribbon/falling-confetti/confetti-d/confetti-d-2","rotated":false,"trimmed":false,"sourceSize":{"w":23,"h":9},"spriteSourceSize":{"x":0,"y":0,"w":23,"h":9},"frame":{"x":310,"y":1088,"w":23,"h":9}},{"filename":"ribbon/falling-confetti/confetti-c/confetti-c-3","rotated":false,"trimmed":false,"sourceSize":{"w":23,"h":7},"spriteSourceSize":{"x":0,"y":0,"w":23,"h":7},"frame":{"x":335,"y":1088,"w":23,"h":7}},{"filename":"ribbon/falling-confetti/confetti-d/confetti-d-3","rotated":false,"trimmed":false,"sourceSize":{"w":23,"h":6},"spriteSourceSize":{"x":0,"y":0,"w":23,"h":6},"frame":{"x":360,"y":1088,"w":23,"h":6}},{"filename":"ribbon/falling-confetti/confetti-c/confetti-c-4","rotated":false,"trimmed":false,"sourceSize":{"w":22,"h":6},"spriteSourceSize":{"x":0,"y":0,"w":22,"h":6},"frame":{"x":385,"y":1088,"w":22,"h":6}},{"filename":"ribbon/falling-confetti/confetti-d/confetti-d-4","rotated":false,"trimmed":false,"sourceSize":{"w":23,"h":4},"spriteSourceSize":{"x":0,"y":0,"w":23,"h":4},"frame":{"x":409,"y":1090,"w":23,"h":4}},{"filename":"ribbon/falling-confetti/confetti-a/confetti-a-3","rotated":false,"trimmed":false,"sourceSize":{"w":21,"h":3},"spriteSourceSize":{"x":0,"y":0,"w":21,"h":3},"frame":{"x":434,"y":1093,"w":21,"h":3}},{"filename":"blank","rotated":false,"trimmed":false,"sourceSize":{"w":100,"h":100},"spriteSourceSize":{"x":0,"y":0,"w":100,"h":100},"frame":{"x":327,"y":495,"w":100,"h":100}},{"filename":"fireworks/small","rotated":false,"trimmed":false,"sourceSize":{"w":98,"h":99},"spriteSourceSize":{"x":0,"y":0,"w":98,"h":99},"frame":{"x":327,"y":597,"w":98,"h":99}},{"filename":"coins/coin","rotated":false,"trimmed":false,"sourceSize":{"w":76,"h":71},"spriteSourceSize":{"x":0,"y":0,"w":76,"h":71},"frame":{"x":327,"y":698,"w":76,"h":71}},{"filename":"star-yellow","rotated":false,"trimmed":true,"sourceSize":{"w":70,"h":70},"spriteSourceSize":{"x":2,"y":0,"w":68,"h":70},"frame":{"x":405,"y":698,"w":68,"h":70}},{"filename":"confetti/hexagon-1","rotated":false,"trimmed":true,"sourceSize":{"w":50,"h":50},"spriteSourceSize":{"x":1,"y":6,"w":49,"h":39},"frame":{"x":405,"y":770,"w":49,"h":39}},{"filename":"confetti/hexagon-4","rotated":false,"trimmed":true,"sourceSize":{"w":50,"h":50},"spriteSourceSize":{"x":4,"y":4,"w":43,"h":42},"frame":{"x":327,"y":771,"w":43,"h":42}},{"filename":"confetti/small-3","rotated":false,"trimmed":true,"sourceSize":{"w":28,"h":31},"spriteSourceSize":{"x":4,"y":1,"w":22,"h":30},"frame":{"x":372,"y":771,"w":22,"h":30}},{"filename":"ribbon/falling-confetti/confetti-c/confetti-c-1","rotated":false,"trimmed":false,"sourceSize":{"w":24,"h":16},"spriteSourceSize":{"x":0,"y":0,"w":24,"h":16},"frame":{"x":372,"y":803,"w":24,"h":16}},{"filename":"star-white","rotated":false,"trimmed":true,"sourceSize":{"w":70,"h":70},"spriteSourceSize":{"x":12,"y":10,"w":42,"h":46},"frame":{"x":427,"y":597,"w":42,"h":46}},{"filename":"confetti/hexagon-2","rotated":false,"trimmed":true,"sourceSize":{"w":50,"h":50},"spriteSourceSize":{"x":4,"y":8,"w":42,"h":35},"frame":{"x":427,"y":645,"w":42,"h":35}},{"filename":"ribbon/falling-confetti/confetti-b/confetti-b-1","rotated":false,"trimmed":false,"sourceSize":{"w":23,"h":14},"spriteSourceSize":{"x":0,"y":0,"w":23,"h":14},"frame":{"x":427,"y":682,"w":23,"h":14}},{"filename":"ribbon/falling-confetti/confetti-a/confetti-a-1","rotated":false,"trimmed":false,"sourceSize":{"w":21,"h":14},"spriteSourceSize":{"x":0,"y":0,"w":21,"h":14},"frame":{"x":452,"y":682,"w":21,"h":14}},{"filename":"fireworks/soar-line","rotated":false,"trimmed":false,"sourceSize":{"w":11,"h":45},"spriteSourceSize":{"x":0,"y":0,"w":11,"h":45},"frame":{"x":429,"y":495,"w":11,"h":45}},{"filename":"confetti/hexagon-3","rotated":false,"trimmed":true,"sourceSize":{"w":50,"h":50},"spriteSourceSize":{"x":8,"y":7,"w":36,"h":36},"frame":{"x":429,"y":542,"w":36,"h":36}},{"filename":"spark","rotated":false,"trimmed":false,"sourceSize":{"w":34,"h":34},"spriteSourceSize":{"x":0,"y":0,"w":34,"h":34},"frame":{"x":442,"y":495,"w":34,"h":34}},{"filename":"star-x/star-4","rotated":false,"trimmed":true,"sourceSize":{"w":21,"h":20},"spriteSourceSize":{"x":0,"y":6,"w":21,"h":8},"frame":{"x":442,"y":531,"w":21,"h":8}},{"filename":"ribbon/falling-confetti/confetti-a/confetti-a-2","rotated":false,"trimmed":false,"sourceSize":{"w":21,"h":7},"spriteSourceSize":{"x":0,"y":0,"w":21,"h":7},"frame":{"x":465,"y":531,"w":21,"h":7}},{"filename":"star-y/star-2","rotated":false,"trimmed":true,"sourceSize":{"w":21,"h":20},"spriteSourceSize":{"x":4,"y":0,"w":15,"h":20},"frame":{"x":478,"y":495,"w":15,"h":20}},{"filename":"confetti/small-4","rotated":false,"trimmed":true,"sourceSize":{"w":28,"h":31},"spriteSourceSize":{"x":4,"y":2,"w":20,"h":28},"frame":{"x":467,"y":540,"w":20,"h":28}},{"filename":"star-x/star-1","rotated":false,"trimmed":false,"sourceSize":{"w":21,"h":20},"spriteSourceSize":{"x":0,"y":0,"w":21,"h":20},"frame":{"x":467,"y":570,"w":21,"h":20}},{"filename":"star-y/star-1","rotated":false,"trimmed":false,"sourceSize":{"w":21,"h":20},"spriteSourceSize":{"x":0,"y":0,"w":21,"h":20},"frame":{"x":467,"y":570,"w":21,"h":20}},{"filename":"ribbon/falling-confetti/confetti-d/confetti-d-1","rotated":false,"trimmed":false,"sourceSize":{"w":21,"h":14},"spriteSourceSize":{"x":0,"y":0,"w":21,"h":14},"frame":{"x":429,"y":580,"w":21,"h":14}},{"filename":"star-y/star-4","rotated":false,"trimmed":true,"sourceSize":{"w":21,"h":20},"spriteSourceSize":{"x":1,"y":0,"w":20,"h":20},"frame":{"x":471,"y":592,"w":20,"h":20}},{"filename":"star-x/star-2","rotated":false,"trimmed":true,"sourceSize":{"w":21,"h":20},"spriteSourceSize":{"x":0,"y":1,"w":21,"h":18},"frame":{"x":471,"y":614,"w":21,"h":18}},{"filename":"star-x/star-3","rotated":false,"trimmed":true,"sourceSize":{"w":21,"h":20},"spriteSourceSize":{"x":0,"y":3,"w":21,"h":14},"frame":{"x":471,"y":634,"w":21,"h":14}},{"filename":"yellow-spark","rotated":false,"trimmed":false,"sourceSize":{"w":70,"h":69},"spriteSourceSize":{"x":0,"y":0,"w":70,"h":69},"frame":{"x":424,"y":811,"w":70,"h":69}},{"filename":"fireworks/soar-circle","rotated":false,"trimmed":false,"sourceSize":{"w":32,"h":32},"spriteSourceSize":{"x":0,"y":0,"w":32,"h":32},"frame":{"x":456,"y":770,"w":32,"h":32}},{"filename":"coins/coin-small-grey","rotated":false,"trimmed":false,"sourceSize":{"w":33,"h":31},"spriteSourceSize":{"x":0,"y":0,"w":33,"h":31},"frame":{"x":424,"y":882,"w":33,"h":31}},{"filename":"coins/coin-small","rotated":false,"trimmed":false,"sourceSize":{"w":33,"h":31},"spriteSourceSize":{"x":0,"y":0,"w":33,"h":31},"frame":{"x":424,"y":915,"w":33,"h":31}},{"filename":"confetti/small-2","rotated":false,"trimmed":true,"sourceSize":{"w":28,"h":31},"spriteSourceSize":{"x":1,"y":3,"w":26,"h":27},"frame":{"x":459,"y":882,"w":26,"h":27}}]}]},"balloon-resources":{"textures":[{"image":"balloon-resources-0.png","format":"RGBA8888","size":{"w":1588,"h":1588},"scale":1,"frames":[{"filename":"balloon-15","rotated":false,"trimmed":false,"sourceSize":{"w":285,"h":601},"spriteSourceSize":{"x":0,"y":0,"w":285,"h":601},"frame":{"x":1,"y":1,"w":285,"h":601}},{"filename":"balloon-14","rotated":false,"trimmed":false,"sourceSize":{"w":285,"h":589},"spriteSourceSize":{"x":0,"y":0,"w":285,"h":589},"frame":{"x":288,"y":1,"w":285,"h":589}},{"filename":"balloon-13","rotated":false,"trimmed":false,"sourceSize":{"w":285,"h":578},"spriteSourceSize":{"x":0,"y":0,"w":285,"h":578},"frame":{"x":575,"y":1,"w":285,"h":578}},{"filename":"balloon-12","rotated":false,"trimmed":false,"sourceSize":{"w":285,"h":566},"spriteSourceSize":{"x":0,"y":0,"w":285,"h":566},"frame":{"x":575,"y":581,"w":285,"h":566}},{"filename":"balloon-11","rotated":false,"trimmed":false,"sourceSize":{"w":285,"h":553},"spriteSourceSize":{"x":0,"y":0,"w":285,"h":553},"frame":{"x":1,"y":604,"w":285,"h":553}},{"filename":"balloon-10","rotated":false,"trimmed":false,"sourceSize":{"w":285,"h":540},"spriteSourceSize":{"x":0,"y":0,"w":285,"h":540},"frame":{"x":288,"y":592,"w":285,"h":540}},{"filename":"balloon-1","rotated":false,"trimmed":false,"sourceSize":{"w":285,"h":442},"spriteSourceSize":{"x":0,"y":0,"w":285,"h":442},"frame":{"x":288,"y":1134,"w":285,"h":442}},{"filename":"balloon-3","rotated":false,"trimmed":false,"sourceSize":{"w":285,"h":428},"spriteSourceSize":{"x":0,"y":0,"w":285,"h":428},"frame":{"x":1,"y":1159,"w":285,"h":428}},{"filename":"balloon-2","rotated":false,"trimmed":false,"sourceSize":{"w":285,"h":434},"spriteSourceSize":{"x":0,"y":0,"w":285,"h":434},"frame":{"x":575,"y":1149,"w":285,"h":434}},{"filename":"balloon-16","rotated":false,"trimmed":false,"sourceSize":{"w":285,"h":534},"spriteSourceSize":{"x":0,"y":0,"w":285,"h":534},"frame":{"x":862,"y":1,"w":285,"h":534}},{"filename":"balloon-9","rotated":false,"trimmed":false,"sourceSize":{"w":285,"h":534},"spriteSourceSize":{"x":0,"y":0,"w":285,"h":534},"frame":{"x":862,"y":1,"w":285,"h":534}},{"filename":"balloon-8","rotated":false,"trimmed":false,"sourceSize":{"w":285,"h":520},"spriteSourceSize":{"x":0,"y":0,"w":285,"h":520},"frame":{"x":862,"y":537,"w":285,"h":520}},{"filename":"balloon-7","rotated":false,"trimmed":false,"sourceSize":{"w":285,"h":513},"spriteSourceSize":{"x":0,"y":0,"w":285,"h":513},"frame":{"x":862,"y":1059,"w":285,"h":513}},{"filename":"balloon-17","rotated":false,"trimmed":false,"sourceSize":{"w":285,"h":508},"spriteSourceSize":{"x":0,"y":0,"w":285,"h":508},"frame":{"x":1149,"y":1,"w":285,"h":508}},{"filename":"balloon-6","rotated":false,"trimmed":false,"sourceSize":{"w":285,"h":508},"spriteSourceSize":{"x":0,"y":0,"w":285,"h":508},"frame":{"x":1149,"y":1,"w":285,"h":508}},{"filename":"balloon-5","rotated":false,"trimmed":false,"sourceSize":{"w":285,"h":493},"spriteSourceSize":{"x":0,"y":0,"w":285,"h":493},"frame":{"x":1149,"y":511,"w":285,"h":493}},{"filename":"balloon-4","rotated":false,"trimmed":false,"sourceSize":{"w":285,"h":474},"spriteSourceSize":{"x":0,"y":0,"w":285,"h":474},"frame":{"x":1149,"y":1006,"w":285,"h":474}}]}]},"collect-obj-resources":{"textures":[{"image":"collect-obj-resources-0.png","format":"RGBA8888","size":{"w":286,"h":286},"scale":1,"frames":[{"filename":"gift-square","rotated":false,"trimmed":false,"sourceSize":{"w":119,"h":96},"spriteSourceSize":{"x":0,"y":0,"w":119,"h":96},"frame":{"x":1,"y":1,"w":119,"h":96}},{"filename":"gift-circle","rotated":false,"trimmed":false,"sourceSize":{"w":108,"h":112},"spriteSourceSize":{"x":0,"y":0,"w":108,"h":112},"frame":{"x":122,"y":1,"w":108,"h":112}},{"filename":"coin/coin-4","rotated":false,"trimmed":false,"sourceSize":{"w":52,"h":77},"spriteSourceSize":{"x":0,"y":0,"w":52,"h":77},"frame":{"x":232,"y":1,"w":52,"h":77}},{"filename":"coin/coin-6","rotated":false,"trimmed":false,"sourceSize":{"w":52,"h":77},"spriteSourceSize":{"x":0,"y":0,"w":52,"h":77},"frame":{"x":232,"y":80,"w":52,"h":77}},{"filename":"gift-heart","rotated":false,"trimmed":false,"sourceSize":{"w":97,"h":96},"spriteSourceSize":{"x":0,"y":0,"w":97,"h":96},"frame":{"x":1,"y":99,"w":97,"h":96}},{"filename":"coin/coin-3","rotated":false,"trimmed":false,"sourceSize":{"w":64,"h":78},"spriteSourceSize":{"x":0,"y":0,"w":64,"h":78},"frame":{"x":1,"y":197,"w":64,"h":78}},{"filename":"coin/coin-7","rotated":false,"trimmed":false,"sourceSize":{"w":64,"h":78},"spriteSourceSize":{"x":0,"y":0,"w":64,"h":78},"frame":{"x":67,"y":197,"w":64,"h":78}},{"filename":"coin/coin-2","rotated":false,"trimmed":false,"sourceSize":{"w":72,"h":77},"spriteSourceSize":{"x":0,"y":0,"w":72,"h":77},"frame":{"x":100,"y":115,"w":72,"h":77}},{"filename":"coin/coin-8","rotated":false,"trimmed":false,"sourceSize":{"w":72,"h":77},"spriteSourceSize":{"x":0,"y":0,"w":72,"h":77},"frame":{"x":133,"y":194,"w":72,"h":77}},{"filename":"coin/coin-5","rotated":false,"trimmed":false,"sourceSize":{"w":26,"h":77},"spriteSourceSize":{"x":0,"y":0,"w":26,"h":77},"frame":{"x":174,"y":115,"w":26,"h":77}},{"filename":"coin","rotated":false,"trimmed":false,"sourceSize":{"w":78,"h":76},"spriteSourceSize":{"x":0,"y":0,"w":78,"h":76},"frame":{"x":207,"y":159,"w":78,"h":76}},{"filename":"coin/coin-1","rotated":false,"trimmed":false,"sourceSize":{"w":78,"h":76},"spriteSourceSize":{"x":0,"y":0,"w":78,"h":76},"frame":{"x":207,"y":159,"w":78,"h":76}}]}]},"crab-resources":{"textures":[{"image":"crab-resources-0.png","format":"RGBA8888","size":{"w":1102,"h":1102},"scale":1,"frames":[{"filename":"crab-5","rotated":false,"trimmed":false,"sourceSize":{"w":378,"h":229},"spriteSourceSize":{"x":0,"y":0,"w":378,"h":229},"frame":{"x":1,"y":1,"w":378,"h":229}},{"filename":"crab-4","rotated":false,"trimmed":false,"sourceSize":{"w":375,"h":229},"spriteSourceSize":{"x":0,"y":0,"w":375,"h":229},"frame":{"x":1,"y":232,"w":375,"h":229}},{"filename":"crab-10","rotated":false,"trimmed":false,"sourceSize":{"w":369,"h":229},"spriteSourceSize":{"x":0,"y":0,"w":369,"h":229},"frame":{"x":381,"y":1,"w":369,"h":229}},{"filename":"crab-6","rotated":false,"trimmed":false,"sourceSize":{"w":369,"h":229},"spriteSourceSize":{"x":0,"y":0,"w":369,"h":229},"frame":{"x":1,"y":463,"w":369,"h":229}},{"filename":"crab-3","rotated":false,"trimmed":false,"sourceSize":{"w":368,"h":229},"spriteSourceSize":{"x":0,"y":0,"w":368,"h":229},"frame":{"x":378,"y":232,"w":368,"h":229}},{"filename":"crab-12","rotated":false,"trimmed":false,"sourceSize":{"w":367,"h":229},"spriteSourceSize":{"x":0,"y":0,"w":367,"h":229},"frame":{"x":1,"y":694,"w":367,"h":229}},{"filename":"crab-2","rotated":false,"trimmed":false,"sourceSize":{"w":365,"h":229},"spriteSourceSize":{"x":0,"y":0,"w":365,"h":229},"frame":{"x":372,"y":463,"w":365,"h":229}},{"filename":"crab-9","rotated":false,"trimmed":false,"sourceSize":{"w":364,"h":229},"spriteSourceSize":{"x":0,"y":0,"w":364,"h":229},"frame":{"x":370,"y":694,"w":364,"h":229}},{"filename":"crab-8","rotated":false,"trimmed":false,"sourceSize":{"w":345,"h":229},"spriteSourceSize":{"x":0,"y":0,"w":345,"h":229},"frame":{"x":752,"y":1,"w":345,"h":229}},{"filename":"crab-11","rotated":false,"trimmed":false,"sourceSize":{"w":353,"h":229},"spriteSourceSize":{"x":0,"y":0,"w":353,"h":229},"frame":{"x":748,"y":232,"w":353,"h":229}},{"filename":"crab-1","rotated":false,"trimmed":false,"sourceSize":{"w":361,"h":229},"spriteSourceSize":{"x":0,"y":0,"w":361,"h":229},"frame":{"x":739,"y":463,"w":361,"h":229}},{"filename":"crab-7","rotated":false,"trimmed":false,"sourceSize":{"w":355,"h":229},"spriteSourceSize":{"x":0,"y":0,"w":355,"h":229},"frame":{"x":736,"y":694,"w":355,"h":229}}]}]},"decor-obj-behind-resources":{"textures":[{"image":"decor-obj-behind-resources-0.png","format":"RGBA8888","size":{"w":730,"h":730},"scale":1,"frames":[{"filename":"rolling-pin","rotated":false,"trimmed":false,"sourceSize":{"w":342,"h":138},"spriteSourceSize":{"x":0,"y":0,"w":342,"h":138},"frame":{"x":1,"y":1,"w":342,"h":138}},{"filename":"book-1","rotated":false,"trimmed":false,"sourceSize":{"w":331,"h":130},"spriteSourceSize":{"x":0,"y":0,"w":331,"h":130},"frame":{"x":1,"y":141,"w":331,"h":130}},{"filename":"book-2","rotated":false,"trimmed":false,"sourceSize":{"w":337,"h":121},"spriteSourceSize":{"x":0,"y":0,"w":337,"h":121},"frame":{"x":345,"y":1,"w":337,"h":121}},{"filename":"book-3","rotated":false,"trimmed":false,"sourceSize":{"w":318,"h":116},"spriteSourceSize":{"x":0,"y":0,"w":318,"h":116},"frame":{"x":1,"y":273,"w":318,"h":116}},{"filename":"book-4","rotated":false,"trimmed":false,"sourceSize":{"w":303,"h":109},"spriteSourceSize":{"x":0,"y":0,"w":303,"h":109},"frame":{"x":1,"y":391,"w":303,"h":109}},{"filename":"book-5","rotated":false,"trimmed":false,"sourceSize":{"w":283,"h":110},"spriteSourceSize":{"x":0,"y":0,"w":283,"h":110},"frame":{"x":1,"y":502,"w":283,"h":110}},{"filename":"wood-spoon","rotated":false,"trimmed":false,"sourceSize":{"w":204,"h":115},"spriteSourceSize":{"x":0,"y":0,"w":204,"h":115},"frame":{"x":1,"y":614,"w":204,"h":115}},{"filename":"cookies-2","rotated":false,"trimmed":false,"sourceSize":{"w":263,"h":86},"spriteSourceSize":{"x":0,"y":0,"w":263,"h":86},"frame":{"x":345,"y":124,"w":263,"h":86}},{"filename":"glove","rotated":false,"trimmed":false,"sourceSize":{"w":234,"h":142},"spriteSourceSize":{"x":0,"y":0,"w":234,"h":142},"frame":{"x":334,"y":212,"w":234,"h":142}},{"filename":"fork","rotated":false,"trimmed":false,"sourceSize":{"w":216,"h":124},"spriteSourceSize":{"x":0,"y":0,"w":216,"h":124},"frame":{"x":321,"y":356,"w":216,"h":124}},{"filename":"fork-2","rotated":false,"trimmed":false,"sourceSize":{"w":211,"h":121},"spriteSourceSize":{"x":0,"y":0,"w":211,"h":121},"frame":{"x":306,"y":482,"w":211,"h":121}},{"filename":"spoon","rotated":false,"trimmed":false,"sourceSize":{"w":204,"h":116},"spriteSourceSize":{"x":0,"y":0,"w":204,"h":116},"frame":{"x":286,"y":605,"w":204,"h":116}},{"filename":"knife","rotated":false,"trimmed":false,"sourceSize":{"w":134,"h":135},"spriteSourceSize":{"x":0,"y":0,"w":134,"h":135},"frame":{"x":570,"y":212,"w":134,"h":135}},{"filename":"crayon-blue","rotated":false,"trimmed":false,"sourceSize":{"w":73,"h":80},"spriteSourceSize":{"x":0,"y":0,"w":73,"h":80},"frame":{"x":207,"y":614,"w":73,"h":80}},{"filename":"cookies-1","rotated":false,"trimmed":false,"sourceSize":{"w":209,"h":136},"spriteSourceSize":{"x":0,"y":0,"w":209,"h":136},"frame":{"x":519,"y":482,"w":209,"h":136}},{"filename":"sandwich","rotated":false,"trimmed":false,"sourceSize":{"w":176,"h":91},"spriteSourceSize":{"x":0,"y":0,"w":176,"h":91},"frame":{"x":492,"y":620,"w":176,"h":91}},{"filename":"crayon-green","rotated":false,"trimmed":false,"sourceSize":{"w":87,"h":56},"spriteSourceSize":{"x":0,"y":0,"w":87,"h":56},"frame":{"x":610,"y":124,"w":87,"h":56}},{"filename":"crayon-pink-yellow","rotated":false,"trimmed":false,"sourceSize":{"w":163,"h":91},"spriteSourceSize":{"x":0,"y":0,"w":163,"h":91},"frame":{"x":539,"y":356,"w":163,"h":91}}]}]},"monkey-resources":{"textures":[{"image":"monkey-resources-0.png","format":"RGBA8888","size":{"w":1884,"h":1884},"scale":1,"frames":[{"filename":"monkey-1","rotated":false,"trimmed":false,"sourceSize":{"w":599,"h":703},"spriteSourceSize":{"x":0,"y":0,"w":599,"h":703},"frame":{"x":1,"y":1,"w":599,"h":703}},{"filename":"monkey","rotated":false,"trimmed":false,"sourceSize":{"w":599,"h":703},"spriteSourceSize":{"x":0,"y":0,"w":599,"h":703},"frame":{"x":1,"y":1,"w":599,"h":703}},{"filename":"monkey-2","rotated":false,"trimmed":false,"sourceSize":{"w":614,"h":659},"spriteSourceSize":{"x":0,"y":0,"w":614,"h":659},"frame":{"x":1,"y":706,"w":614,"h":659}},{"filename":"monkey-8","rotated":false,"trimmed":false,"sourceSize":{"w":606,"h":650},"spriteSourceSize":{"x":0,"y":0,"w":606,"h":650},"frame":{"x":602,"y":1,"w":606,"h":650}},{"filename":"monkey-7","rotated":false,"trimmed":false,"sourceSize":{"w":616,"h":637},"spriteSourceSize":{"x":0,"y":0,"w":616,"h":637},"frame":{"x":1210,"y":1,"w":616,"h":637}},{"filename":"monkey-6","rotated":false,"trimmed":false,"sourceSize":{"w":607,"h":623},"spriteSourceSize":{"x":0,"y":0,"w":607,"h":623},"frame":{"x":1210,"y":640,"w":607,"h":623}},{"filename":"monkey-3","rotated":false,"trimmed":false,"sourceSize":{"w":591,"h":619},"spriteSourceSize":{"x":0,"y":0,"w":591,"h":619},"frame":{"x":617,"y":653,"w":591,"h":619}},{"filename":"monkey-5","rotated":false,"trimmed":false,"sourceSize":{"w":593,"h":609},"spriteSourceSize":{"x":0,"y":0,"w":593,"h":609},"frame":{"x":617,"y":1274,"w":593,"h":609}},{"filename":"monkey-4","rotated":false,"trimmed":false,"sourceSize":{"w":598,"h":616},"spriteSourceSize":{"x":0,"y":0,"w":598,"h":616},"frame":{"x":1212,"y":1265,"w":598,"h":616}}]}]},"movement-modifier-obj-resources":{"textures":[{"image":"movement-modifier-obj-resources-0.png","format":"RGBA8888","size":{"w":742,"h":742},"scale":1,"frames":[{"filename":"liquid-5","rotated":false,"trimmed":false,"sourceSize":{"w":740,"h":89},"spriteSourceSize":{"x":0,"y":0,"w":740,"h":89},"frame":{"x":1,"y":1,"w":740,"h":89}},{"filename":"liquid-4","rotated":false,"trimmed":false,"sourceSize":{"w":628,"h":89},"spriteSourceSize":{"x":0,"y":0,"w":628,"h":89},"frame":{"x":1,"y":92,"w":628,"h":89}},{"filename":"liquid-3","rotated":false,"trimmed":false,"sourceSize":{"w":452,"h":89},"spriteSourceSize":{"x":0,"y":0,"w":452,"h":89},"frame":{"x":1,"y":183,"w":452,"h":89}},{"filename":"liquid-2","rotated":false,"trimmed":false,"sourceSize":{"w":277,"h":88},"spriteSourceSize":{"x":0,"y":0,"w":277,"h":88},"frame":{"x":455,"y":183,"w":277,"h":88}},{"filename":"boxing/boxing-6","rotated":false,"trimmed":false,"sourceSize":{"w":257,"h":107},"spriteSourceSize":{"x":0,"y":0,"w":257,"h":107},"frame":{"x":455,"y":273,"w":257,"h":107}},{"filename":"conveyor","rotated":false,"trimmed":false,"sourceSize":{"w":241,"h":69},"spriteSourceSize":{"x":0,"y":0,"w":241,"h":69},"frame":{"x":1,"y":274,"w":241,"h":69}},{"filename":"conveyor/conveyor-1","rotated":false,"trimmed":false,"sourceSize":{"w":241,"h":69},"spriteSourceSize":{"x":0,"y":0,"w":241,"h":69},"frame":{"x":1,"y":274,"w":241,"h":69}},{"filename":"boxing/boxing-3","rotated":false,"trimmed":false,"sourceSize":{"w":200,"h":107},"spriteSourceSize":{"x":0,"y":0,"w":200,"h":107},"frame":{"x":244,"y":274,"w":200,"h":107}},{"filename":"conveyor/conveyor-2","rotated":false,"trimmed":false,"sourceSize":{"w":241,"h":69},"spriteSourceSize":{"x":0,"y":0,"w":241,"h":69},"frame":{"x":1,"y":345,"w":241,"h":69}},{"filename":"conveyor/conveyor-3","rotated":false,"trimmed":false,"sourceSize":{"w":241,"h":69},"spriteSourceSize":{"x":0,"y":0,"w":241,"h":69},"frame":{"x":446,"y":382,"w":241,"h":69}},{"filename":"liquid-1","rotated":false,"trimmed":false,"sourceSize":{"w":189,"h":72},"spriteSourceSize":{"x":0,"y":0,"w":189,"h":72},"frame":{"x":244,"y":383,"w":189,"h":72}},{"filename":"boxing/boxing-5","rotated":false,"trimmed":false,"sourceSize":{"w":230,"h":107},"spriteSourceSize":{"x":0,"y":0,"w":230,"h":107},"frame":{"x":1,"y":416,"w":230,"h":107}},{"filename":"boxing/boxing-4","rotated":false,"trimmed":false,"sourceSize":{"w":218,"h":107},"spriteSourceSize":{"x":0,"y":0,"w":218,"h":107},"frame":{"x":435,"y":453,"w":218,"h":107}},{"filename":"boxing/boxing-2","rotated":false,"trimmed":false,"sourceSize":{"w":180,"h":107},"spriteSourceSize":{"x":0,"y":0,"w":180,"h":107},"frame":{"x":233,"y":457,"w":180,"h":107}},{"filename":"liquid","rotated":false,"trimmed":false,"sourceSize":{"w":216,"h":73},"spriteSourceSize":{"x":0,"y":0,"w":216,"h":73},"frame":{"x":1,"y":525,"w":216,"h":73}},{"filename":"boxing","rotated":false,"trimmed":false,"sourceSize":{"w":117,"h":106},"spriteSourceSize":{"x":0,"y":0,"w":117,"h":106},"frame":{"x":1,"y":600,"w":117,"h":106}},{"filename":"boxing/boxing-1","rotated":false,"trimmed":false,"sourceSize":{"w":117,"h":106},"spriteSourceSize":{"x":0,"y":0,"w":117,"h":106},"frame":{"x":1,"y":600,"w":117,"h":106}}]}]},"moving-obj-resources":{"textures":[{"image":"moving-obj-resources-0.png","format":"RGBA8888","size":{"w":1721,"h":1721},"scale":1,"frames":[{"filename":"tank/tank-4","rotated":false,"trimmed":false,"sourceSize":{"w":437,"h":343},"spriteSourceSize":{"x":0,"y":0,"w":437,"h":343},"frame":{"x":1,"y":1,"w":437,"h":343}},{"filename":"tank/tank-3","rotated":false,"trimmed":false,"sourceSize":{"w":437,"h":341},"spriteSourceSize":{"x":0,"y":0,"w":437,"h":341},"frame":{"x":440,"y":1,"w":437,"h":341}},{"filename":"tank/tank-5","rotated":false,"trimmed":false,"sourceSize":{"w":437,"h":338},"spriteSourceSize":{"x":0,"y":0,"w":437,"h":338},"frame":{"x":879,"y":1,"w":437,"h":338}},{"filename":"ice-cream-truck/icecream-truck-1","rotated":false,"trimmed":false,"sourceSize":{"w":402,"h":407},"spriteSourceSize":{"x":0,"y":0,"w":402,"h":407},"frame":{"x":1318,"y":1,"w":402,"h":407}},{"filename":"icecream-truck","rotated":false,"trimmed":false,"sourceSize":{"w":402,"h":407},"spriteSourceSize":{"x":0,"y":0,"w":402,"h":407},"frame":{"x":1318,"y":1,"w":402,"h":407}},{"filename":"tank/tank-6","rotated":false,"trimmed":false,"sourceSize":{"w":437,"h":335},"spriteSourceSize":{"x":0,"y":0,"w":437,"h":335},"frame":{"x":879,"y":341,"w":437,"h":335}},{"filename":"tank/tank-2","rotated":false,"trimmed":false,"sourceSize":{"w":437,"h":334},"spriteSourceSize":{"x":0,"y":0,"w":437,"h":334},"frame":{"x":440,"y":344,"w":437,"h":334}},{"filename":"tank/tank-7","rotated":false,"trimmed":false,"sourceSize":{"w":437,"h":328},"spriteSourceSize":{"x":0,"y":0,"w":437,"h":328},"frame":{"x":1,"y":346,"w":437,"h":328}},{"filename":"tank","rotated":false,"trimmed":false,"sourceSize":{"w":437,"h":325},"spriteSourceSize":{"x":0,"y":0,"w":437,"h":325},"frame":{"x":1,"y":676,"w":437,"h":325}},{"filename":"tank/tank-1","rotated":false,"trimmed":false,"sourceSize":{"w":437,"h":325},"spriteSourceSize":{"x":0,"y":0,"w":437,"h":325},"frame":{"x":1,"y":676,"w":437,"h":325}},{"filename":"ice-cream-truck/icecream-truck-2","rotated":false,"trimmed":false,"sourceSize":{"w":402,"h":407},"spriteSourceSize":{"x":0,"y":0,"w":402,"h":407},"frame":{"x":1318,"y":410,"w":402,"h":407}},{"filename":"ice-cream-truck/icecream-truck-6","rotated":false,"trimmed":false,"sourceSize":{"w":402,"h":406},"spriteSourceSize":{"x":0,"y":0,"w":402,"h":406},"frame":{"x":879,"y":678,"w":402,"h":406}},{"filename":"ice-cream-truck/icecream-truck-7","rotated":false,"trimmed":false,"sourceSize":{"w":402,"h":405},"spriteSourceSize":{"x":0,"y":0,"w":402,"h":405},"frame":{"x":440,"y":680,"w":402,"h":405}},{"filename":"ice-cream-truck/icecream-truck-8","rotated":false,"trimmed":false,"sourceSize":{"w":402,"h":404},"spriteSourceSize":{"x":0,"y":0,"w":402,"h":404},"frame":{"x":1,"y":1003,"w":402,"h":404}},{"filename":"ice-cream-truck/icecream-truck-9","rotated":false,"trimmed":false,"sourceSize":{"w":402,"h":404},"spriteSourceSize":{"x":0,"y":0,"w":402,"h":404},"frame":{"x":1283,"y":819,"w":402,"h":404}},{"filename":"ice-cream-truck/icecream-truck-3","rotated":false,"trimmed":false,"sourceSize":{"w":402,"h":395},"spriteSourceSize":{"x":0,"y":0,"w":402,"h":395},"frame":{"x":844,"y":1086,"w":402,"h":395}},{"filename":"ice-cream-truck/icecream-truck-4","rotated":false,"trimmed":false,"sourceSize":{"w":402,"h":395},"spriteSourceSize":{"x":0,"y":0,"w":402,"h":395},"frame":{"x":405,"y":1087,"w":402,"h":395}},{"filename":"ice-cream-truck/icecream-truck-5","rotated":false,"trimmed":false,"sourceSize":{"w":402,"h":395},"spriteSourceSize":{"x":0,"y":0,"w":402,"h":395},"frame":{"x":1248,"y":1225,"w":402,"h":395}}]}]},"other-obj-resources":{"textures":[{"image":"other-obj-resources-0.png","format":"RGBA8888","size":{"w":1705,"h":1705},"scale":1,"frames":[{"filename":"goal-obj/cheese-3","rotated":false,"trimmed":false,"sourceSize":{"w":391,"h":962},"spriteSourceSize":{"x":0,"y":0,"w":391,"h":962},"frame":{"x":1,"y":1,"w":391,"h":962}},{"filename":"decor-obj/handkerchief-1","rotated":false,"trimmed":false,"sourceSize":{"w":693,"h":320},"spriteSourceSize":{"x":0,"y":0,"w":693,"h":320},"frame":{"x":394,"y":1,"w":693,"h":320}},{"filename":"decor-obj/handkerchief-3","rotated":false,"trimmed":false,"sourceSize":{"w":691,"h":320},"spriteSourceSize":{"x":0,"y":0,"w":691,"h":320},"frame":{"x":394,"y":323,"w":691,"h":320}},{"filename":"decor-obj/handkerchief-2","rotated":false,"trimmed":false,"sourceSize":{"w":689,"h":319},"spriteSourceSize":{"x":0,"y":0,"w":689,"h":319},"frame":{"x":394,"y":645,"w":689,"h":319}},{"filename":"goal-obj/cheese-1","rotated":false,"trimmed":false,"sourceSize":{"w":384,"h":383},"spriteSourceSize":{"x":0,"y":0,"w":384,"h":383},"frame":{"x":1,"y":965,"w":384,"h":383}},{"filename":"decor-obj/handkerchief-4","rotated":false,"trimmed":false,"sourceSize":{"w":687,"h":319},"spriteSourceSize":{"x":0,"y":0,"w":687,"h":319},"frame":{"x":387,"y":966,"w":687,"h":319}},{"filename":"speed-modifier-obj/chocolate-5","rotated":false,"trimmed":true,"sourceSize":{"w":819,"h":110},"spriteSourceSize":{"x":0,"y":19,"w":794,"h":74},"frame":{"x":387,"y":1287,"w":794,"h":74}},{"filename":"goal-obj/cheese-2","rotated":false,"trimmed":false,"sourceSize":{"w":388,"h":344},"spriteSourceSize":{"x":0,"y":0,"w":388,"h":344},"frame":{"x":1089,"y":1,"w":388,"h":344}},{"filename":"decor-obj/handkerchief-5","rotated":false,"trimmed":false,"sourceSize":{"w":687,"h":319},"spriteSourceSize":{"x":0,"y":0,"w":687,"h":319},"frame":{"x":1,"y":1363,"w":687,"h":319}},{"filename":"decor-obj/handkerchief-6","rotated":false,"trimmed":false,"sourceSize":{"w":687,"h":319},"spriteSourceSize":{"x":0,"y":0,"w":687,"h":319},"frame":{"x":690,"y":1363,"w":687,"h":319}},{"filename":"seethrough-obj/crystall-ball","rotated":false,"trimmed":false,"sourceSize":{"w":226,"h":241},"spriteSourceSize":{"x":0,"y":0,"w":226,"h":241},"frame":{"x":1087,"y":347,"w":226,"h":241}},{"filename":"seethrough-obj/empty-bottle-2","rotated":false,"trimmed":false,"sourceSize":{"w":103,"h":324},"spriteSourceSize":{"x":0,"y":0,"w":103,"h":324},"frame":{"x":1479,"y":1,"w":103,"h":324}},{"filename":"unknown-obj/alien","rotated":false,"trimmed":true,"sourceSize":{"w":256,"h":256},"spriteSourceSize":{"x":36,"y":22,"w":184,"h":212},"frame":{"x":1315,"y":347,"w":184,"h":212}},{"filename":"seethrough-obj/king","rotated":false,"trimmed":false,"sourceSize":{"w":100,"h":260},"spriteSourceSize":{"x":0,"y":0,"w":100,"h":260},"frame":{"x":1584,"y":1,"w":100,"h":260}},{"filename":"seethrough-obj/queen","rotated":false,"trimmed":false,"sourceSize":{"w":99,"h":222},"spriteSourceSize":{"x":0,"y":0,"w":99,"h":222},"frame":{"x":1501,"y":327,"w":99,"h":222}},{"filename":"seethrough-obj/glasses","rotated":false,"trimmed":false,"sourceSize":{"w":269,"h":183},"spriteSourceSize":{"x":0,"y":0,"w":269,"h":183},"frame":{"x":1087,"y":590,"w":269,"h":183}},{"filename":"speed-modifier-obj/chocolate-2","rotated":false,"trimmed":false,"sourceSize":{"w":274,"h":72},"spriteSourceSize":{"x":0,"y":0,"w":274,"h":72},"frame":{"x":1085,"y":775,"w":274,"h":72}},{"filename":"speed-modifier-obj/chocolate-3","rotated":false,"trimmed":false,"sourceSize":{"w":450,"h":72},"spriteSourceSize":{"x":0,"y":0,"w":450,"h":72},"frame":{"x":1085,"y":849,"w":450,"h":72}},{"filename":"seethrough-obj/glass","rotated":false,"trimmed":false,"sourceSize":{"w":118,"h":186},"spriteSourceSize":{"x":0,"y":0,"w":118,"h":186},"frame":{"x":1358,"y":561,"w":118,"h":186}},{"filename":"speed-modifier-obj/skateboard","rotated":false,"trimmed":false,"sourceSize":{"w":202,"h":83},"spriteSourceSize":{"x":0,"y":0,"w":202,"h":83},"frame":{"x":1085,"y":923,"w":202,"h":83}},{"filename":"speed-modifier-obj/chocolate-4","rotated":false,"trimmed":false,"sourceSize":{"w":628,"h":72},"spriteSourceSize":{"x":0,"y":0,"w":628,"h":72},"frame":{"x":1076,"y":1008,"w":628,"h":72}},{"filename":"seethrough-obj/knight","rotated":false,"trimmed":false,"sourceSize":{"w":90,"h":183},"spriteSourceSize":{"x":0,"y":0,"w":90,"h":183},"frame":{"x":1076,"y":1082,"w":90,"h":183}},{"filename":"speed-modifier-obj/chocolate","rotated":false,"trimmed":false,"sourceSize":{"w":198,"h":72},"spriteSourceSize":{"x":0,"y":0,"w":198,"h":72},"frame":{"x":1289,"y":923,"w":198,"h":72}},{"filename":"seethrough-obj/empty-bottle-1","rotated":false,"trimmed":false,"sourceSize":{"w":101,"h":221},"spriteSourceSize":{"x":0,"y":0,"w":101,"h":221},"frame":{"x":1602,"y":263,"w":101,"h":221}},{"filename":"interactable-obj/joystick-down","rotated":false,"trimmed":false,"sourceSize":{"w":118,"h":115},"spriteSourceSize":{"x":0,"y":0,"w":118,"h":115},"frame":{"x":1168,"y":1082,"w":118,"h":115}},{"filename":"interactable-obj/joystick","rotated":false,"trimmed":false,"sourceSize":{"w":90,"h":131},"spriteSourceSize":{"x":0,"y":0,"w":90,"h":131},"frame":{"x":1288,"y":1082,"w":90,"h":131}},{"filename":"interactable-obj/red-button-up","rotated":false,"trimmed":false,"sourceSize":{"w":118,"h":71},"spriteSourceSize":{"x":0,"y":0,"w":118,"h":71},"frame":{"x":1168,"y":1199,"w":118,"h":71}},{"filename":"interactable-obj/blue-button-up","rotated":false,"trimmed":false,"sourceSize":{"w":117,"h":70},"spriteSourceSize":{"x":0,"y":0,"w":117,"h":70},"frame":{"x":1380,"y":1082,"w":117,"h":70}},{"filename":"interactable-obj/red-button-down","rotated":false,"trimmed":false,"sourceSize":{"w":118,"h":63},"spriteSourceSize":{"x":0,"y":0,"w":118,"h":63},"frame":{"x":1499,"y":1082,"w":118,"h":63}},{"filename":"interactable-obj/blue-button-down","rotated":false,"trimmed":false,"sourceSize":{"w":118,"h":62},"spriteSourceSize":{"x":0,"y":0,"w":118,"h":62},"frame":{"x":1380,"y":1154,"w":118,"h":62}}]}]},"owl-resources":{"textures":[{"image":"owl-resources-0.png","format":"RGBA8888","size":{"w":1691,"h":1691},"scale":1,"frames":[{"filename":"owl-21","rotated":false,"trimmed":true,"sourceSize":{"w":750,"h":555},"spriteSourceSize":{"x":0,"y":0,"w":750,"h":554},"frame":{"x":1,"y":1,"w":750,"h":554}},{"filename":"owl-23","rotated":false,"trimmed":true,"sourceSize":{"w":750,"h":555},"spriteSourceSize":{"x":0,"y":0,"w":750,"h":554},"frame":{"x":753,"y":1,"w":750,"h":554}},{"filename":"owl-25","rotated":false,"trimmed":true,"sourceSize":{"w":750,"h":558},"spriteSourceSize":{"x":0,"y":0,"w":750,"h":557},"frame":{"x":1,"y":557,"w":750,"h":557}},{"filename":"owl-27","rotated":false,"trimmed":true,"sourceSize":{"w":750,"h":558},"spriteSourceSize":{"x":0,"y":0,"w":750,"h":557},"frame":{"x":753,"y":557,"w":750,"h":557}},{"filename":"owl-22","rotated":false,"trimmed":true,"sourceSize":{"w":750,"h":575},"spriteSourceSize":{"x":0,"y":0,"w":750,"h":574},"frame":{"x":1,"y":1116,"w":750,"h":574}},{"filename":"owl-24","rotated":false,"trimmed":true,"sourceSize":{"w":750,"h":575},"spriteSourceSize":{"x":0,"y":0,"w":750,"h":574},"frame":{"x":753,"y":1116,"w":750,"h":574}}]},{"image":"owl-resources-1.png","format":"RGBA8888","size":{"w":1650,"h":1650},"scale":1,"frames":[{"filename":"owl-29","rotated":false,"trimmed":false,"sourceSize":{"w":750,"h":553},"spriteSourceSize":{"x":0,"y":0,"w":750,"h":553},"frame":{"x":1,"y":1,"w":750,"h":553}},{"filename":"owl-26","rotated":false,"trimmed":true,"sourceSize":{"w":750,"h":551},"spriteSourceSize":{"x":0,"y":0,"w":750,"h":550},"frame":{"x":753,"y":1,"w":750,"h":550}},{"filename":"owl-14","rotated":false,"trimmed":true,"sourceSize":{"w":750,"h":548},"spriteSourceSize":{"x":0,"y":0,"w":750,"h":547},"frame":{"x":753,"y":553,"w":750,"h":547}},{"filename":"owl-16","rotated":false,"trimmed":true,"sourceSize":{"w":750,"h":548},"spriteSourceSize":{"x":0,"y":0,"w":750,"h":547},"frame":{"x":753,"y":553,"w":750,"h":547}},{"filename":"owl-6","rotated":false,"trimmed":true,"sourceSize":{"w":750,"h":548},"spriteSourceSize":{"x":0,"y":0,"w":750,"h":547},"frame":{"x":753,"y":553,"w":750,"h":547}},{"filename":"owl-8","rotated":false,"trimmed":true,"sourceSize":{"w":750,"h":548},"spriteSourceSize":{"x":0,"y":0,"w":750,"h":547},"frame":{"x":753,"y":553,"w":750,"h":547}},{"filename":"owl-1","rotated":false,"trimmed":true,"sourceSize":{"w":750,"h":547},"spriteSourceSize":{"x":0,"y":0,"w":750,"h":546},"frame":{"x":1,"y":556,"w":750,"h":546}},{"filename":"owl-5","rotated":false,"trimmed":true,"sourceSize":{"w":750,"h":547},"spriteSourceSize":{"x":0,"y":0,"w":750,"h":546},"frame":{"x":1,"y":556,"w":750,"h":546}},{"filename":"owl","rotated":false,"trimmed":true,"sourceSize":{"w":750,"h":547},"spriteSourceSize":{"x":0,"y":0,"w":750,"h":546},"frame":{"x":1,"y":556,"w":750,"h":546}},{"filename":"owl-13","rotated":false,"trimmed":true,"sourceSize":{"w":750,"h":547},"spriteSourceSize":{"x":0,"y":0,"w":750,"h":546},"frame":{"x":753,"y":1102,"w":750,"h":546}},{"filename":"owl-17","rotated":false,"trimmed":true,"sourceSize":{"w":750,"h":547},"spriteSourceSize":{"x":0,"y":0,"w":750,"h":546},"frame":{"x":753,"y":1102,"w":750,"h":546}},{"filename":"owl-9","rotated":false,"trimmed":true,"sourceSize":{"w":750,"h":547},"spriteSourceSize":{"x":0,"y":0,"w":750,"h":546},"frame":{"x":753,"y":1102,"w":750,"h":546}},{"filename":"owl-10","rotated":false,"trimmed":true,"sourceSize":{"w":750,"h":546},"spriteSourceSize":{"x":0,"y":0,"w":750,"h":545},"frame":{"x":1,"y":1104,"w":750,"h":545}},{"filename":"owl-12","rotated":false,"trimmed":true,"sourceSize":{"w":750,"h":546},"spriteSourceSize":{"x":0,"y":0,"w":750,"h":545},"frame":{"x":1,"y":1104,"w":750,"h":545}},{"filename":"owl-2","rotated":false,"trimmed":true,"sourceSize":{"w":750,"h":546},"spriteSourceSize":{"x":0,"y":0,"w":750,"h":545},"frame":{"x":1,"y":1104,"w":750,"h":545}},{"filename":"owl-4","rotated":false,"trimmed":true,"sourceSize":{"w":750,"h":546},"spriteSourceSize":{"x":0,"y":0,"w":750,"h":545},"frame":{"x":1,"y":1104,"w":750,"h":545}}]},{"image":"owl-resources-2.png","format":"RGBA8888","size":{"w":1602,"h":1602},"scale":1,"frames":[{"filename":"owl-15","rotated":false,"trimmed":true,"sourceSize":{"w":750,"h":542},"spriteSourceSize":{"x":0,"y":0,"w":750,"h":541},"frame":{"x":1,"y":1,"w":750,"h":541}},{"filename":"owl-7","rotated":false,"trimmed":true,"sourceSize":{"w":750,"h":542},"spriteSourceSize":{"x":0,"y":0,"w":750,"h":541},"frame":{"x":1,"y":1,"w":750,"h":541}},{"filename":"owl-11","rotated":false,"trimmed":true,"sourceSize":{"w":750,"h":536},"spriteSourceSize":{"x":0,"y":0,"w":750,"h":535},"frame":{"x":753,"y":1,"w":750,"h":535}},{"filename":"owl-3","rotated":false,"trimmed":true,"sourceSize":{"w":750,"h":536},"spriteSourceSize":{"x":0,"y":0,"w":750,"h":535},"frame":{"x":753,"y":1,"w":750,"h":535}},{"filename":"owl-28","rotated":false,"trimmed":true,"sourceSize":{"w":750,"h":535},"spriteSourceSize":{"x":0,"y":0,"w":750,"h":534},"frame":{"x":753,"y":538,"w":750,"h":534}},{"filename":"owl-18","rotated":false,"trimmed":true,"sourceSize":{"w":750,"h":528},"spriteSourceSize":{"x":0,"y":0,"w":750,"h":527},"frame":{"x":1,"y":544,"w":750,"h":527}},{"filename":"owl-20","rotated":false,"trimmed":true,"sourceSize":{"w":750,"h":528},"spriteSourceSize":{"x":0,"y":0,"w":750,"h":527},"frame":{"x":1,"y":1073,"w":750,"h":527}},{"filename":"owl-30","rotated":false,"trimmed":true,"sourceSize":{"w":750,"h":528},"spriteSourceSize":{"x":0,"y":0,"w":750,"h":527},"frame":{"x":1,"y":1073,"w":750,"h":527}},{"filename":"owl-32","rotated":false,"trimmed":true,"sourceSize":{"w":750,"h":528},"spriteSourceSize":{"x":0,"y":0,"w":750,"h":527},"frame":{"x":753,"y":1074,"w":750,"h":527}}]},{"image":"owl-resources-3.png","format":"RGBA8888","size":{"w":1036,"h":1036},"scale":1,"frames":[{"filename":"owl-19","rotated":false,"trimmed":true,"sourceSize":{"w":750,"h":517},"spriteSourceSize":{"x":0,"y":0,"w":750,"h":516},"frame":{"x":1,"y":1,"w":750,"h":516}},{"filename":"owl-31","rotated":false,"trimmed":true,"sourceSize":{"w":750,"h":517},"spriteSourceSize":{"x":0,"y":0,"w":750,"h":516},"frame":{"x":1,"y":519,"w":750,"h":516}}]}]},"spaceship-resources":{"textures":[{"image":"spaceship-resources-0.png","format":"RGBA8888","size":{"w":1069,"h":1069},"scale":1,"frames":[{"filename":"spaceship-10","rotated":false,"trimmed":false,"sourceSize":{"w":264,"h":698},"spriteSourceSize":{"x":0,"y":0,"w":264,"h":698},"frame":{"x":1,"y":1,"w":264,"h":698}},{"filename":"spaceship-8","rotated":false,"trimmed":false,"sourceSize":{"w":516,"h":430},"spriteSourceSize":{"x":0,"y":0,"w":516,"h":430},"frame":{"x":267,"y":1,"w":516,"h":430}},{"filename":"spaceship-7","rotated":false,"trimmed":false,"sourceSize":{"w":430,"h":388},"spriteSourceSize":{"x":0,"y":0,"w":430,"h":388},"frame":{"x":267,"y":433,"w":430,"h":388}},{"filename":"spaceship-6","rotated":false,"trimmed":false,"sourceSize":{"w":261,"h":372},"spriteSourceSize":{"x":0,"y":0,"w":261,"h":372},"frame":{"x":785,"y":1,"w":261,"h":372}},{"filename":"spaceship-1","rotated":false,"trimmed":false,"sourceSize":{"w":261,"h":367},"spriteSourceSize":{"x":0,"y":0,"w":261,"h":367},"frame":{"x":1,"y":701,"w":261,"h":367}},{"filename":"spaceship-2","rotated":false,"trimmed":false,"sourceSize":{"w":261,"h":367},"spriteSourceSize":{"x":0,"y":0,"w":261,"h":367},"frame":{"x":1,"y":701,"w":261,"h":367}},{"filename":"spaceship-3","rotated":false,"trimmed":false,"sourceSize":{"w":261,"h":367},"spriteSourceSize":{"x":0,"y":0,"w":261,"h":367},"frame":{"x":1,"y":701,"w":261,"h":367}},{"filename":"spaceship-4","rotated":false,"trimmed":false,"sourceSize":{"w":261,"h":367},"spriteSourceSize":{"x":0,"y":0,"w":261,"h":367},"frame":{"x":1,"y":701,"w":261,"h":367}},{"filename":"spaceship-5","rotated":false,"trimmed":false,"sourceSize":{"w":261,"h":367},"spriteSourceSize":{"x":0,"y":0,"w":261,"h":367},"frame":{"x":1,"y":701,"w":261,"h":367}},{"filename":"spaceship-9","rotated":false,"trimmed":false,"sourceSize":{"w":313,"h":495},"spriteSourceSize":{"x":0,"y":0,"w":313,"h":495},"frame":{"x":699,"y":433,"w":313,"h":495}}]}]},"static-obj-resources":{"textures":[{"image":"static-obj-resources-0.png","format":"RGBA8888","size":{"w":1736,"h":1736},"scale":1,"frames":[{"filename":"dying-tree","rotated":false,"trimmed":true,"sourceSize":{"w":667,"h":601},"spriteSourceSize":{"x":123,"y":158,"w":417,"h":443},"frame":{"x":1,"y":1,"w":417,"h":443}},{"filename":"balloon","rotated":false,"trimmed":false,"sourceSize":{"w":283,"h":430},"spriteSourceSize":{"x":0,"y":0,"w":283,"h":430},"frame":{"x":1,"y":446,"w":283,"h":430}},{"filename":"desk-phone","rotated":false,"trimmed":false,"sourceSize":{"w":400,"h":291},"spriteSourceSize":{"x":0,"y":0,"w":400,"h":291},"frame":{"x":420,"y":1,"w":400,"h":291}},{"filename":"toy","rotated":false,"trimmed":false,"sourceSize":{"w":413,"h":273},"spriteSourceSize":{"x":0,"y":0,"w":413,"h":273},"frame":{"x":822,"y":1,"w":413,"h":273}},{"filename":"spaceship","rotated":false,"trimmed":false,"sourceSize":{"w":261,"h":367},"spriteSourceSize":{"x":0,"y":0,"w":261,"h":367},"frame":{"x":1,"y":878,"w":261,"h":367}},{"filename":"chest-2","rotated":false,"trimmed":false,"sourceSize":{"w":333,"h":284},"spriteSourceSize":{"x":0,"y":0,"w":333,"h":284},"frame":{"x":1237,"y":1,"w":333,"h":284}},{"filename":"teddy-bear","rotated":false,"trimmed":false,"sourceSize":{"w":276,"h":322},"spriteSourceSize":{"x":0,"y":0,"w":276,"h":322},"frame":{"x":1,"y":1247,"w":276,"h":322}},{"filename":"square-origami","rotated":false,"trimmed":false,"sourceSize":{"w":263,"h":164},"spriteSourceSize":{"x":0,"y":0,"w":263,"h":164},"frame":{"x":1,"y":1571,"w":263,"h":164}},{"filename":"crab","rotated":false,"trimmed":false,"sourceSize":{"w":374,"h":204},"spriteSourceSize":{"x":0,"y":0,"w":374,"h":204},"frame":{"x":420,"y":294,"w":374,"h":204}},{"filename":"ball","rotated":false,"trimmed":false,"sourceSize":{"w":291,"h":297},"spriteSourceSize":{"x":0,"y":0,"w":291,"h":297},"frame":{"x":286,"y":500,"w":291,"h":297}},{"filename":"toaster","rotated":false,"trimmed":false,"sourceSize":{"w":258,"h":295},"spriteSourceSize":{"x":0,"y":0,"w":258,"h":295},"frame":{"x":579,"y":500,"w":258,"h":295}},{"filename":"soft-drink-1","rotated":false,"trimmed":false,"sourceSize":{"w":114,"h":322},"spriteSourceSize":{"x":0,"y":0,"w":114,"h":322},"frame":{"x":1572,"y":1,"w":114,"h":322}},{"filename":"books","rotated":false,"trimmed":false,"sourceSize":{"w":305,"h":254},"spriteSourceSize":{"x":0,"y":0,"w":305,"h":254},"frame":{"x":286,"y":799,"w":305,"h":254}},{"filename":"sandwich","rotated":false,"trimmed":false,"sourceSize":{"w":244,"h":278},"spriteSourceSize":{"x":0,"y":0,"w":244,"h":278},"frame":{"x":593,"y":797,"w":244,"h":278}},{"filename":"milk-tea-2","rotated":false,"trimmed":false,"sourceSize":{"w":282,"h":181},"spriteSourceSize":{"x":0,"y":0,"w":282,"h":181},"frame":{"x":264,"y":1055,"w":282,"h":181}},{"filename":"chest","rotated":false,"trimmed":false,"sourceSize":{"w":287,"h":244},"spriteSourceSize":{"x":0,"y":0,"w":287,"h":244},"frame":{"x":279,"y":1238,"w":287,"h":244}},{"filename":"clock","rotated":false,"trimmed":false,"sourceSize":{"w":185,"h":251},"spriteSourceSize":{"x":0,"y":0,"w":185,"h":251},"frame":{"x":279,"y":1484,"w":185,"h":251}},{"filename":"eclock","rotated":false,"trimmed":false,"sourceSize":{"w":267,"h":141},"spriteSourceSize":{"x":0,"y":0,"w":267,"h":141},"frame":{"x":548,"y":1077,"w":267,"h":141}},{"filename":"milk-bottle","rotated":false,"trimmed":false,"sourceSize":{"w":225,"h":274},"spriteSourceSize":{"x":0,"y":0,"w":225,"h":274},"frame":{"x":568,"y":1220,"w":225,"h":274}},{"filename":"origami-bird","rotated":false,"trimmed":false,"sourceSize":{"w":277,"h":211},"spriteSourceSize":{"x":0,"y":0,"w":277,"h":211},"frame":{"x":466,"y":1496,"w":277,"h":211}},{"filename":"pencil","rotated":false,"trimmed":false,"sourceSize":{"w":40,"h":291},"spriteSourceSize":{"x":0,"y":0,"w":40,"h":291},"frame":{"x":1688,"y":1,"w":40,"h":291}},{"filename":"banana","rotated":false,"trimmed":false,"sourceSize":{"w":287,"h":193},"spriteSourceSize":{"x":0,"y":0,"w":287,"h":193},"frame":{"x":822,"y":276,"w":287,"h":193}},{"filename":"cat-mask","rotated":false,"trimmed":false,"sourceSize":{"w":253,"h":235},"spriteSourceSize":{"x":0,"y":0,"w":253,"h":235},"frame":{"x":839,"y":471,"w":253,"h":235}},{"filename":"cactus","rotated":false,"trimmed":false,"sourceSize":{"w":200,"h":279},"spriteSourceSize":{"x":0,"y":0,"w":200,"h":279},"frame":{"x":839,"y":708,"w":200,"h":279}},{"filename":"origami-rabbit","rotated":false,"trimmed":false,"sourceSize":{"w":168,"h":284},"spriteSourceSize":{"x":0,"y":0,"w":168,"h":284},"frame":{"x":1041,"y":708,"w":168,"h":284}},{"filename":"hamburger","rotated":false,"trimmed":false,"sourceSize":{"w":236,"h":235},"spriteSourceSize":{"x":0,"y":0,"w":236,"h":235},"frame":{"x":1094,"y":471,"w":236,"h":235}},{"filename":"marble-ball","rotated":false,"trimmed":false,"sourceSize":{"w":189,"h":182},"spriteSourceSize":{"x":0,"y":0,"w":189,"h":182},"frame":{"x":1111,"y":287,"w":189,"h":182}},{"filename":"hotdog","rotated":false,"trimmed":false,"sourceSize":{"w":233,"h":180},"spriteSourceSize":{"x":0,"y":0,"w":233,"h":180},"frame":{"x":1302,"y":287,"w":233,"h":180}},{"filename":"apple","rotated":false,"trimmed":false,"sourceSize":{"w":205,"h":234},"spriteSourceSize":{"x":0,"y":0,"w":205,"h":234},"frame":{"x":1332,"y":469,"w":205,"h":234}},{"filename":"orange","rotated":false,"trimmed":false,"sourceSize":{"w":196,"h":216},"spriteSourceSize":{"x":0,"y":0,"w":196,"h":216},"frame":{"x":1539,"y":325,"w":196,"h":216}},{"filename":"milk-tea","rotated":false,"trimmed":false,"sourceSize":{"w":177,"h":294},"spriteSourceSize":{"x":0,"y":0,"w":177,"h":294},"frame":{"x":1211,"y":708,"w":177,"h":294}},{"filename":"cupcake","rotated":false,"trimmed":false,"sourceSize":{"w":197,"h":263},"spriteSourceSize":{"x":0,"y":0,"w":197,"h":263},"frame":{"x":1390,"y":705,"w":197,"h":263}},{"filename":"orange-juice","rotated":false,"trimmed":false,"sourceSize":{"w":108,"h":316},"spriteSourceSize":{"x":0,"y":0,"w":108,"h":316},"frame":{"x":795,"y":1220,"w":108,"h":316}},{"filename":"marble-ball-group","rotated":false,"trimmed":false,"sourceSize":{"w":200,"h":190},"spriteSourceSize":{"x":0,"y":0,"w":200,"h":190},"frame":{"x":839,"y":989,"w":200,"h":190}},{"filename":"coca","rotated":false,"trimmed":false,"sourceSize":{"w":99,"h":327},"spriteSourceSize":{"x":0,"y":0,"w":99,"h":327},"frame":{"x":905,"y":1181,"w":99,"h":327}},{"filename":"fries","rotated":false,"trimmed":false,"sourceSize":{"w":164,"h":218},"spriteSourceSize":{"x":0,"y":0,"w":164,"h":218},"frame":{"x":1041,"y":994,"w":164,"h":218}},{"filename":"watermelon-1","rotated":false,"trimmed":false,"sourceSize":{"w":193,"h":224},"spriteSourceSize":{"x":0,"y":0,"w":193,"h":224},"frame":{"x":1207,"y":1004,"w":193,"h":224}},{"filename":"candy-star","rotated":false,"trimmed":false,"sourceSize":{"w":194,"h":195},"spriteSourceSize":{"x":0,"y":0,"w":194,"h":195},"frame":{"x":1006,"y":1214,"w":194,"h":195}},{"filename":"piggy-bank","rotated":false,"trimmed":false,"sourceSize":{"w":240,"h":185},"spriteSourceSize":{"x":0,"y":0,"w":240,"h":185},"frame":{"x":1202,"y":1230,"w":240,"h":185}},{"filename":"gift-box","rotated":false,"trimmed":false,"sourceSize":{"w":207,"h":200},"spriteSourceSize":{"x":0,"y":0,"w":207,"h":200},"frame":{"x":1402,"y":970,"w":207,"h":200}},{"filename":"sugar-bottle","rotated":false,"trimmed":false,"sourceSize":{"w":124,"h":227},"spriteSourceSize":{"x":0,"y":0,"w":124,"h":227},"frame":{"x":1611,"y":543,"w":124,"h":227}},{"filename":"candy-umbrella","rotated":false,"trimmed":false,"sourceSize":{"w":194,"h":195},"spriteSourceSize":{"x":0,"y":0,"w":194,"h":195},"frame":{"x":1444,"y":1172,"w":194,"h":195}},{"filename":"milk-glass","rotated":false,"trimmed":false,"sourceSize":{"w":123,"h":195},"spriteSourceSize":{"x":0,"y":0,"w":123,"h":195},"frame":{"x":1589,"y":772,"w":123,"h":195}},{"filename":"watermelon-2","rotated":false,"trimmed":false,"sourceSize":{"w":242,"h":188},"spriteSourceSize":{"x":0,"y":0,"w":242,"h":188},"frame":{"x":745,"y":1538,"w":242,"h":188}},{"filename":"candy-bottle","rotated":false,"trimmed":false,"sourceSize":{"w":129,"h":225},"spriteSourceSize":{"x":0,"y":0,"w":129,"h":225},"frame":{"x":989,"y":1510,"w":129,"h":225}},{"filename":"zippo","rotated":false,"trimmed":false,"sourceSize":{"w":118,"h":166},"spriteSourceSize":{"x":0,"y":0,"w":118,"h":166},"frame":{"x":1611,"y":969,"w":118,"h":166}},{"filename":"gummy-candy","rotated":false,"trimmed":false,"sourceSize":{"w":147,"h":213},"spriteSourceSize":{"x":0,"y":0,"w":147,"h":213},"frame":{"x":1444,"y":1369,"w":147,"h":213}},{"filename":"gavel-bottle","rotated":false,"trimmed":false,"sourceSize":{"w":104,"h":224},"spriteSourceSize":{"x":0,"y":0,"w":104,"h":224},"frame":{"x":1593,"y":1369,"w":104,"h":224}},{"filename":"eraser","rotated":false,"trimmed":false,"sourceSize":{"w":111,"h":148},"spriteSourceSize":{"x":0,"y":0,"w":111,"h":148},"frame":{"x":1120,"y":1584,"w":111,"h":148}}]}]},"sudden-obj-resources":{"textures":[{"image":"sudden-obj-resources-0.png","format":"RGBA8888","size":{"w":717,"h":717},"scale":1,"frames":[{"filename":"sandwich/sandwich-5","rotated":false,"trimmed":true,"sourceSize":{"w":279,"h":303},"spriteSourceSize":{"x":21,"y":17,"w":246,"h":280},"frame":{"x":1,"y":1,"w":246,"h":280}},{"filename":"sandwich/sandwich-4","rotated":false,"trimmed":true,"sourceSize":{"w":279,"h":303},"spriteSourceSize":{"x":21,"y":44,"w":246,"h":253},"frame":{"x":1,"y":283,"w":246,"h":253}},{"filename":"sandwich/sandwich-2","rotated":false,"trimmed":true,"sourceSize":{"w":279,"h":303},"spriteSourceSize":{"x":22,"y":119,"w":245,"h":178},"frame":{"x":1,"y":538,"w":245,"h":178}},{"filename":"sandwich/sandwich-3","rotated":false,"trimmed":true,"sourceSize":{"w":279,"h":303},"spriteSourceSize":{"x":21,"y":93,"w":246,"h":204},"frame":{"x":249,"y":1,"w":246,"h":204}},{"filename":"sandwich","rotated":false,"trimmed":true,"sourceSize":{"w":279,"h":303},"spriteSourceSize":{"x":22,"y":172,"w":245,"h":125},"frame":{"x":249,"y":207,"w":245,"h":125}},{"filename":"sandwich/sandwich-1","rotated":false,"trimmed":true,"sourceSize":{"w":279,"h":303},"spriteSourceSize":{"x":22,"y":172,"w":245,"h":125},"frame":{"x":249,"y":207,"w":245,"h":125}},{"filename":"sandwich/falling-bread-2","rotated":false,"trimmed":false,"sourceSize":{"w":220,"h":138},"spriteSourceSize":{"x":0,"y":0,"w":220,"h":138},"frame":{"x":249,"y":334,"w":220,"h":138}},{"filename":"sandwich/falling-bread-4","rotated":false,"trimmed":false,"sourceSize":{"w":220,"h":138},"spriteSourceSize":{"x":0,"y":0,"w":220,"h":138},"frame":{"x":249,"y":474,"w":220,"h":138}},{"filename":"sandwich/falling-bread-5","rotated":false,"trimmed":false,"sourceSize":{"w":234,"h":119},"spriteSourceSize":{"x":0,"y":0,"w":234,"h":119},"frame":{"x":471,"y":334,"w":234,"h":119}},{"filename":"falling-bread","rotated":false,"trimmed":false,"sourceSize":{"w":229,"h":113},"spriteSourceSize":{"x":0,"y":0,"w":229,"h":113},"frame":{"x":471,"y":455,"w":229,"h":113}},{"filename":"sandwich/falling-bread-1","rotated":false,"trimmed":false,"sourceSize":{"w":229,"h":113},"spriteSourceSize":{"x":0,"y":0,"w":229,"h":113},"frame":{"x":471,"y":455,"w":229,"h":113}},{"filename":"sandwich/falling-bread-3","rotated":false,"trimmed":false,"sourceSize":{"w":231,"h":110},"spriteSourceSize":{"x":0,"y":0,"w":231,"h":110},"frame":{"x":471,"y":570,"w":231,"h":110}}]}]},"watcher-resources":{"textures":[{"image":"watcher-resources-0.png","format":"RGBA8888","size":{"w":1364,"h":1364},"scale":1,"frames":[{"filename":"boy/head-missing","rotated":false,"trimmed":false,"sourceSize":{"w":509,"h":375},"spriteSourceSize":{"x":0,"y":0,"w":509,"h":375},"frame":{"x":1,"y":1,"w":509,"h":375}},{"filename":"boy/lookActionComponents/head","rotated":false,"trimmed":false,"sourceSize":{"w":522,"h":327},"spriteSourceSize":{"x":0,"y":0,"w":522,"h":327},"frame":{"x":1,"y":378,"w":522,"h":327}},{"filename":"boy/head-looking","rotated":false,"trimmed":false,"sourceSize":{"w":522,"h":325},"spriteSourceSize":{"x":0,"y":0,"w":522,"h":325},"frame":{"x":512,"y":1,"w":522,"h":325}},{"filename":"boy/detect/detect-2","rotated":false,"trimmed":false,"sourceSize":{"w":520,"h":328},"spriteSourceSize":{"x":0,"y":0,"w":520,"h":328},"frame":{"x":525,"y":328,"w":520,"h":328}},{"filename":"boy/lookActionComponents/iris","rotated":false,"trimmed":false,"sourceSize":{"w":5,"h":7},"spriteSourceSize":{"x":0,"y":0,"w":5,"h":7},"frame":{"x":512,"y":328,"w":5,"h":7}},{"filename":"boy/hand-up-left","rotated":false,"trimmed":false,"sourceSize":{"w":202,"h":200},"spriteSourceSize":{"x":0,"y":0,"w":202,"h":200},"frame":{"x":1036,"y":1,"w":202,"h":200}},{"filename":"boy/hand-right","rotated":false,"trimmed":false,"sourceSize":{"w":85,"h":65},"spriteSourceSize":{"x":0,"y":0,"w":85,"h":65},"frame":{"x":1036,"y":203,"w":85,"h":65}},{"filename":"boy/lookActionComponents/eye","rotated":false,"trimmed":false,"sourceSize":{"w":56,"h":10},"spriteSourceSize":{"x":0,"y":0,"w":56,"h":10},"frame":{"x":1036,"y":270,"w":56,"h":10}},{"filename":"boy/detect/detect-3","rotated":false,"trimmed":false,"sourceSize":{"w":520,"h":328},"spriteSourceSize":{"x":0,"y":0,"w":520,"h":328},"frame":{"x":525,"y":658,"w":520,"h":328}},{"filename":"boy/detect/detect-4","rotated":false,"trimmed":false,"sourceSize":{"w":520,"h":328},"spriteSourceSize":{"x":0,"y":0,"w":520,"h":328},"frame":{"x":1,"y":707,"w":520,"h":328}},{"filename":"boy/detect/detect-1","rotated":false,"trimmed":false,"sourceSize":{"w":520,"h":326},"spriteSourceSize":{"x":0,"y":0,"w":520,"h":326},"frame":{"x":523,"y":988,"w":520,"h":326}},{"filename":"boy/head-normal","rotated":false,"trimmed":false,"sourceSize":{"w":520,"h":326},"spriteSourceSize":{"x":0,"y":0,"w":520,"h":326},"frame":{"x":1,"y":1037,"w":520,"h":326}},{"filename":"boy/hand-up-right","rotated":false,"trimmed":false,"sourceSize":{"w":202,"h":200},"spriteSourceSize":{"x":0,"y":0,"w":202,"h":200},"frame":{"x":1045,"y":988,"w":202,"h":200}},{"filename":"boy/hand-left","rotated":false,"trimmed":false,"sourceSize":{"w":82,"h":62},"spriteSourceSize":{"x":0,"y":0,"w":82,"h":62},"frame":{"x":1123,"y":203,"w":82,"h":62}}]}]}}