{"textures":[{"image":"watcher-resources-0.png","format":"RGBA8888","size":{"w":1364,"h":1364},"scale":1,"frames":[{"filename":"boy/head-missing","rotated":false,"trimmed":false,"sourceSize":{"w":509,"h":375},"spriteSourceSize":{"x":0,"y":0,"w":509,"h":375},"frame":{"x":1,"y":1,"w":509,"h":375}},{"filename":"boy/lookActionComponents/head","rotated":false,"trimmed":false,"sourceSize":{"w":522,"h":327},"spriteSourceSize":{"x":0,"y":0,"w":522,"h":327},"frame":{"x":1,"y":378,"w":522,"h":327}},{"filename":"boy/head-looking","rotated":false,"trimmed":false,"sourceSize":{"w":522,"h":325},"spriteSourceSize":{"x":0,"y":0,"w":522,"h":325},"frame":{"x":512,"y":1,"w":522,"h":325}},{"filename":"boy/detect/detect-2","rotated":false,"trimmed":false,"sourceSize":{"w":520,"h":328},"spriteSourceSize":{"x":0,"y":0,"w":520,"h":328},"frame":{"x":525,"y":328,"w":520,"h":328}},{"filename":"boy/lookActionComponents/iris","rotated":false,"trimmed":false,"sourceSize":{"w":5,"h":7},"spriteSourceSize":{"x":0,"y":0,"w":5,"h":7},"frame":{"x":512,"y":328,"w":5,"h":7}},{"filename":"boy/hand-up-left","rotated":false,"trimmed":false,"sourceSize":{"w":202,"h":200},"spriteSourceSize":{"x":0,"y":0,"w":202,"h":200},"frame":{"x":1036,"y":1,"w":202,"h":200}},{"filename":"boy/hand-right","rotated":false,"trimmed":false,"sourceSize":{"w":85,"h":65},"spriteSourceSize":{"x":0,"y":0,"w":85,"h":65},"frame":{"x":1036,"y":203,"w":85,"h":65}},{"filename":"boy/lookActionComponents/eye","rotated":false,"trimmed":false,"sourceSize":{"w":56,"h":10},"spriteSourceSize":{"x":0,"y":0,"w":56,"h":10},"frame":{"x":1036,"y":270,"w":56,"h":10}},{"filename":"boy/detect/detect-3","rotated":false,"trimmed":false,"sourceSize":{"w":520,"h":328},"spriteSourceSize":{"x":0,"y":0,"w":520,"h":328},"frame":{"x":525,"y":658,"w":520,"h":328}},{"filename":"boy/detect/detect-4","rotated":false,"trimmed":false,"sourceSize":{"w":520,"h":328},"spriteSourceSize":{"x":0,"y":0,"w":520,"h":328},"frame":{"x":1,"y":707,"w":520,"h":328}},{"filename":"boy/detect/detect-1","rotated":false,"trimmed":false,"sourceSize":{"w":520,"h":326},"spriteSourceSize":{"x":0,"y":0,"w":520,"h":326},"frame":{"x":523,"y":988,"w":520,"h":326}},{"filename":"boy/head-normal","rotated":false,"trimmed":false,"sourceSize":{"w":520,"h":326},"spriteSourceSize":{"x":0,"y":0,"w":520,"h":326},"frame":{"x":1,"y":1037,"w":520,"h":326}},{"filename":"boy/hand-up-right","rotated":false,"trimmed":false,"sourceSize":{"w":202,"h":200},"spriteSourceSize":{"x":0,"y":0,"w":202,"h":200},"frame":{"x":1045,"y":988,"w":202,"h":200}},{"filename":"boy/hand-left","rotated":false,"trimmed":false,"sourceSize":{"w":82,"h":62},"spriteSourceSize":{"x":0,"y":0,"w":82,"h":62},"frame":{"x":1123,"y":203,"w":82,"h":62}}]}],"meta":{"app":"https://www.codeandweb.com/texturepacker","version":"3.0","smartupdate":"$TexturePacker:SmartUpdate:b93e47bded6195ff05097ff601c16ab5:65bf1ac46fa167c13de1d9243ff9fb2f:ecb58dce4ddbec9938de79dd740a8781$"}}