[1,0,0,[["cc.JsonAsset",["_name","json"],1]],[[0,0,1,3]],[[0,"level_000061-30",[{"layers":[{"index":0,"tiles":[{"x":-0.5,"y":-3.5},{"x":0.5,"y":-3.5},{"x":1.5,"y":-3},{"x":-1.5,"y":-3},{"x":0.5,"y":-2.5},{"x":-0.5,"y":-2.5},{"x":2.5,"y":-2},{"x":-2.5,"y":-2},{"x":-1.5,"y":-1.5},{"x":-0.5,"y":-1.5},{"x":0.5,"y":-1.5},{"x":1.5,"y":-1.5},{"x":-2.5,"y":-1},{"x":2.5,"y":-1},{"x":1.5,"y":-0.5},{"x":0.5,"y":-0.5},{"x":-0.5,"y":-0.5},{"x":-1.5,"y":-0.5},{"x":-2.5,"y":0},{"x":2.5,"y":0},{"x":-1.5,"y":0.5},{"x":-0.5,"y":0.5},{"x":0.5,"y":0.5},{"x":1.5,"y":0.5},{"x":-2.5,"y":1},{"x":2.5,"y":1},{"x":-0.5,"y":1.5},{"x":0.5,"y":1.5},{"x":-2.5,"y":2},{"x":2.5,"y":2}]},{"index":1,"tiles":[{"x":-1,"y":-3},{"x":0,"y":-3},{"x":1,"y":-3},{"x":-0.5,"y":-2},{"x":0.5,"y":-2},{"x":-2.5,"y":-1.5},{"x":2.5,"y":-1.5},{"x":-1.5,"y":-1},{"x":1.5,"y":-1},{"x":-0.5,"y":-1},{"x":0.5,"y":-1},{"x":-2.5,"y":-0.5},{"x":2.5,"y":-0.5},{"x":-0.5,"y":0},{"x":0.5,"y":0},{"x":-1.5,"y":0.5},{"x":1.5,"y":0.5},{"x":-0.5,"y":1},{"x":0.5,"y":1},{"x":2.5,"y":1.5},{"x":-2.5,"y":1.5}]},{"index":2,"tiles":[{"x":0.5,"y":-3},{"x":-0.5,"y":-3},{"x":-0.5,"y":-1.5},{"x":0.5,"y":-1.5},{"x":2.5,"y":-1},{"x":-1.5,"y":-1},{"x":-2.5,"y":-1},{"x":1.5,"y":-1},{"x":-0.5,"y":-0.5},{"x":0.5,"y":-0.5},{"x":-1,"y":0.5},{"x":1,"y":0.5}]},{"index":3,"tiles":[{"x":1,"y":-1},{"x":-1,"y":-1},{"x":-2,"y":-1},{"x":0,"y":-1},{"x":2,"y":-1}]}],"seeds":["htM13GJwkwNaRBVyAfVwkycKnXg+FAZeitgIC1aSXgqiQ3eF4aB8odkVHzOqVgASTFGJ"]},{"layers":[{"index":0,"tiles":[{"x":0.5,"y":-2.5},{"x":1.5,"y":-2.5},{"x":-1.5,"y":-2.5},{"x":2.5,"y":-2.5},{"x":-2.5,"y":-2},{"x":1.5,"y":-1.5},{"x":-1.5,"y":-1.5},{"x":0.5,"y":-1},{"x":-0.5,"y":-1},{"x":-2.5,"y":-1},{"x":2.5,"y":-1},{"x":1.5,"y":-0.5},{"x":-1.5,"y":-0.5},{"x":0.5,"y":0},{"x":-0.5,"y":0},{"x":-2.5,"y":0},{"x":2.5,"y":0},{"x":-1.5,"y":0.5},{"x":1.5,"y":0.5},{"x":-0.5,"y":1},{"x":2.5,"y":1},{"x":0.5,"y":1},{"x":-2.5,"y":1},{"x":-1.5,"y":1.5},{"x":1.5,"y":1.5},{"x":2.5,"y":2},{"x":-1.5,"y":2.5},{"x":1.5,"y":2.5},{"x":-0.5,"y":2.5},{"x":-2.5,"y":2.5}]},{"index":1,"tiles":[{"x":1,"y":-2.5},{"x":2,"y":-2.5},{"x":-1.5,"y":-2},{"x":-2.5,"y":-1.5},{"x":1.5,"y":-1},{"x":-1.5,"y":-1},{"x":-0.5,"y":-0.5},{"x":0.5,"y":-0.5},{"x":2.5,"y":-0.5},{"x":-2.5,"y":-0.5},{"x":-1.5,"y":0},{"x":1.5,"y":0},{"x":-0.5,"y":0.5},{"x":0.5,"y":0.5},{"x":2.5,"y":0.5},{"x":-2.5,"y":0.5},{"x":-1.5,"y":1},{"x":1.5,"y":1},{"x":2.5,"y":1.5},{"x":1.5,"y":2},{"x":-1,"y":2.5},{"x":-2,"y":2.5}]},{"index":2,"tiles":[{"x":1.5,"y":-2.5},{"x":-2,"y":-1},{"x":2,"y":0},{"x":-2,"y":0},{"x":2,"y":1},{"x":-1.5,"y":2.5}]},{"index":3,"tiles":[{"x":-2,"y":-0.5},{"x":2,"y":0.5}]}],"seeds":["S+AEjOKJndKBIOcQZwVa3AhyJTVdzNUIDYWS4WeZXloIAycWakiEwxIaxlR9"]},{"layers":[{"index":0,"tiles":[{"x":-2.5,"y":-2.5},{"x":1.5,"y":-2.5},{"x":-1.5,"y":-2.5},{"x":2.5,"y":-2.5},{"x":-2.5,"y":-1.5},{"x":2.5,"y":-1.5},{"x":-0.5,"y":-1},{"x":0.5,"y":-1},{"x":-2.5,"y":-0.5},{"x":2.5,"y":-0.5},{"x":-1.5,"y":0},{"x":-0.5,"y":0},{"x":1.5,"y":0},{"x":0.5,"y":0},{"x":-2.5,"y":0.5},{"x":2.5,"y":0.5},{"x":-1.5,"y":1},{"x":0.5,"y":1},{"x":1.5,"y":1},{"x":-0.5,"y":1},{"x":-1.5,"y":2},{"x":-0.5,"y":2},{"x":0.5,"y":2},{"x":1.5,"y":2},{"x":-2.5,"y":2},{"x":2.5,"y":2},{"x":-2.5,"y":3},{"x":-1.5,"y":3},{"x":2.5,"y":3},{"x":1.5,"y":3}]},{"index":1,"tiles":[{"x":-2.5,"y":-2},{"x":2.5,"y":-2},{"x":-2.5,"y":-1},{"x":2.5,"y":-1},{"x":-0.5,"y":-0.5},{"x":0.5,"y":-0.5},{"x":-2.5,"y":0},{"x":2.5,"y":0},{"x":1,"y":0.5},{"x":-1,"y":0.5},{"x":0,"y":1},{"x":-1,"y":1.5},{"x":1,"y":1.5},{"x":-1.5,"y":2.5},{"x":-2.5,"y":2.5},{"x":1.5,"y":2.5},{"x":2.5,"y":2.5}]},{"index":2,"tiles":[{"x":-2.5,"y":-1.5},{"x":2.5,"y":-1.5},{"x":0,"y":-0.5},{"x":-2.5,"y":-0.5},{"x":2.5,"y":-0.5},{"x":-0.5,"y":1},{"x":0.5,"y":1},{"x":-2,"y":2.5},{"x":2,"y":2.5}]},{"index":3,"tiles":[{"x":-2.5,"y":-1},{"x":2.5,"y":-1}]}],"seeds":["4Rh6FAd2Q0B5jMcpA+cFpRpyQ+WRk5BO6GAy3ulRgkeBCteB3rJUoeeBHgcA"]},{"layers":[{"index":0,"tiles":[{"x":-1.5,"y":-2.5},{"x":1.5,"y":-2.5},{"x":-0.5,"y":-2.5},{"x":0.5,"y":-2.5},{"x":-2.5,"y":-2},{"x":2.5,"y":-2},{"x":-0.5,"y":-1.5},{"x":0.5,"y":-1.5},{"x":1.5,"y":-1.5},{"x":-1.5,"y":-1.5},{"x":-0.5,"y":-0.5},{"x":0.5,"y":-0.5},{"x":2,"y":0},{"x":-2,"y":0},{"x":-2,"y":1},{"x":-1,"y":1},{"x":1,"y":1},{"x":2,"y":1},{"x":-2,"y":2},{"x":-1,"y":2},{"x":1,"y":2},{"x":2,"y":2},{"x":-2,"y":3},{"x":-1,"y":3},{"x":1,"y":3},{"x":2,"y":3}]},{"index":1,"tiles":[{"x":2,"y":-2},{"x":1,"y":-2},{"x":0,"y":-2},{"x":-1,"y":-2},{"x":-2,"y":-2},{"x":-0.5,"y":-1},{"x":0.5,"y":-1},{"x":-1.5,"y":1},{"x":1.5,"y":1},{"x":-1.5,"y":2},{"x":1.5,"y":2},{"x":-1.5,"y":3},{"x":1.5,"y":3}]},{"index":2,"tiles":[{"x":1.5,"y":-2},{"x":0.5,"y":-2},{"x":-0.5,"y":-2},{"x":-1.5,"y":-2},{"x":0,"y":-1},{"x":-1.5,"y":1.5},{"x":1.5,"y":1.5},{"x":-1.5,"y":2.5},{"x":1.5,"y":2.5}]},{"index":3,"tiles":[{"x":-1,"y":-2},{"x":1,"y":-2},{"x":-1.5,"y":2},{"x":1.5,"y":2}]}],"seeds":["H/mhC3NWVToJoReIDcWIoFB2XMONnWMRlKV4oKKGRVAsE+gQwwCa"]},{"layers":[{"index":0,"tiles":[{"x":1,"y":-2.5},{"x":-1,"y":-2.5},{"x":-2,"y":-2.5},{"x":2,"y":-2.5},{"x":1,"y":-1.5},{"x":-1,"y":-1.5},{"x":-2,"y":-1.5},{"x":2,"y":-1.5},{"x":-2,"y":-0.5},{"x":2,"y":-0.5},{"x":0.5,"y":-0.5},{"x":-0.5,"y":-0.5},{"x":-2,"y":0.5},{"x":2,"y":0.5},{"x":0.5,"y":0.5},{"x":-0.5,"y":0.5},{"x":-2,"y":1.5},{"x":2,"y":1.5},{"x":0.5,"y":1.5},{"x":-0.5,"y":1.5},{"x":-2,"y":2.5},{"x":2,"y":2.5},{"x":-1,"y":2.5},{"x":1,"y":2.5}]},{"index":1,"tiles":[{"x":-1.5,"y":-2.5},{"x":1.5,"y":-2.5},{"x":-1.5,"y":-1.5},{"x":1.5,"y":-1.5},{"x":0.5,"y":0},{"x":-2,"y":0},{"x":2,"y":0},{"x":-0.5,"y":0},{"x":0.5,"y":1},{"x":-2,"y":1},{"x":2,"y":1},{"x":-0.5,"y":1},{"x":-2,"y":2},{"x":2,"y":2},{"x":-1,"y":2.5},{"x":1,"y":2.5}]},{"index":2,"tiles":[{"x":-1.5,"y":-2},{"x":1.5,"y":-2},{"x":0.5,"y":0.5},{"x":-0.5,"y":0.5},{"x":-2,"y":0.5},{"x":2,"y":0.5},{"x":2,"y":1.5},{"x":-2,"y":1.5}]},{"index":3,"tiles":[{"x":2,"y":1},{"x":-2,"y":1}]}],"seeds":["A2lZlLCEZ0l5YBAuYiV8FUEMnJKKYBOgTacq0+gFXzcxYMBwJggA"]},{"layers":[{"index":0,"tiles":[{"x":-1.5,"y":-2.5},{"x":1.5,"y":-2.5},{"x":-0.5,"y":-2.5},{"x":0.5,"y":-2.5},{"x":-2.5,"y":-2},{"x":2.5,"y":-2},{"x":-1.5,"y":-1.5},{"x":1.5,"y":-1.5},{"x":-0.5,"y":-1.5},{"x":0.5,"y":-1.5},{"x":-1.5,"y":-0.5},{"x":-0.5,"y":-0.5},{"x":0.5,"y":-0.5},{"x":1.5,"y":-0.5},{"x":2.5,"y":0},{"x":-2.5,"y":0},{"x":-0.5,"y":0.5},{"x":0.5,"y":0.5},{"x":1.5,"y":0.5},{"x":-1.5,"y":0.5},{"x":-2,"y":2},{"x":-1,"y":2},{"x":1,"y":2},{"x":2,"y":2},{"x":-2,"y":3},{"x":-1,"y":3},{"x":1,"y":3},{"x":2,"y":3}]},{"index":1,"tiles":[{"x":-1,"y":-2.5},{"x":1,"y":-2.5},{"x":2,"y":-2},{"x":-2,"y":-2},{"x":0,"y":-2},{"x":-1,"y":-1.5},{"x":1,"y":-1.5},{"x":2,"y":0},{"x":-1,"y":0},{"x":1,"y":0},{"x":0,"y":0},{"x":-2,"y":0},{"x":-1.5,"y":2},{"x":1.5,"y":2},{"x":-1.5,"y":3},{"x":1.5,"y":3}]},{"index":2,"tiles":[{"x":1.5,"y":-2},{"x":-1.5,"y":-2},{"x":-1.5,"y":0},{"x":-0.5,"y":0},{"x":0.5,"y":0},{"x":1.5,"y":0},{"x":-1.5,"y":2.5},{"x":1.5,"y":2.5}]}],"seeds":["HQcKAcgpAqcInXAKKQp2VBeOoMAoJhcwHMktpTpR1EQpgzAsQth1"]},{"layers":[{"index":0,"tiles":[{"x":2.5,"y":-3},{"x":-2.5,"y":-3},{"x":-1.5,"y":-2.5},{"x":1.5,"y":-2.5},{"x":2.5,"y":-2},{"x":-2.5,"y":-2},{"x":1.5,"y":-1.5},{"x":-1.5,"y":-1.5},{"x":0.5,"y":-1.5},{"x":-0.5,"y":-1.5},{"x":-2.5,"y":-1},{"x":2.5,"y":-1},{"x":1.5,"y":-0.5},{"x":-1.5,"y":-0.5},{"x":0.5,"y":-0.5},{"x":-0.5,"y":-0.5},{"x":2.5,"y":0.5},{"x":-2.5,"y":0.5},{"x":-1.5,"y":0.5},{"x":-0.5,"y":0.5},{"x":0.5,"y":0.5},{"x":1.5,"y":0.5},{"x":-1.5,"y":1.5},{"x":-2.5,"y":1.5},{"x":1.5,"y":1.5},{"x":2.5,"y":1.5},{"x":-1.5,"y":2.5},{"x":-2.5,"y":2.5},{"x":1.5,"y":2.5},{"x":2.5,"y":2.5}]},{"index":1,"tiles":[{"x":-2.5,"y":-2.5},{"x":2.5,"y":-2.5},{"x":1.5,"y":-2},{"x":-1.5,"y":-2},{"x":2.5,"y":-1.5},{"x":-2.5,"y":-1.5},{"x":-1,"y":-1},{"x":1,"y":-1},{"x":0,"y":-0.5},{"x":-1,"y":0},{"x":1,"y":0},{"x":2.5,"y":1},{"x":-2.5,"y":1},{"x":-1.5,"y":1},{"x":1.5,"y":1},{"x":-1.5,"y":2},{"x":-2.5,"y":2},{"x":1.5,"y":2},{"x":2.5,"y":2}]},{"index":2,"tiles":[{"x":-2,"y":-2},{"x":2,"y":-2},{"x":-1,"y":-0.5},{"x":0,"y":-0.5},{"x":1,"y":-0.5},{"x":2.5,"y":1.5},{"x":1.5,"y":1.5},{"x":-1.5,"y":1.5},{"x":-2.5,"y":1.5}]}],"seeds":["IAguViiAnVh5S/NVlUU0Q9FVQvgpXDV4TLqI6rkoFFiQVFAxUwkGBDpy5gQA"]},{"layers":[{"index":0,"tiles":[{"x":-0.5,"y":-2.5},{"x":0.5,"y":-2.5},{"x":2.5,"y":-2},{"x":-2.5,"y":-2},{"x":-1.5,"y":-1.5},{"x":-0.5,"y":-1.5},{"x":0.5,"y":-1.5},{"x":1.5,"y":-1.5},{"x":-2.5,"y":-1},{"x":2.5,"y":-1},{"x":-1.5,"y":-0.5},{"x":-0.5,"y":-0.5},{"x":0.5,"y":-0.5},{"x":1.5,"y":-0.5},{"x":-2.5,"y":0},{"x":2.5,"y":0},{"x":-1.5,"y":0.5},{"x":-0.5,"y":0.5},{"x":0.5,"y":0.5},{"x":1.5,"y":0.5},{"x":-0.5,"y":1.5},{"x":0.5,"y":1.5},{"x":-2.5,"y":2},{"x":-1.5,"y":2},{"x":2.5,"y":2},{"x":1.5,"y":2},{"x":-1.5,"y":3},{"x":-2.5,"y":3},{"x":2.5,"y":3},{"x":1.5,"y":3}]},{"index":1,"tiles":[{"x":0.5,"y":-2},{"x":-0.5,"y":-2},{"x":2.5,"y":-1.5},{"x":-2.5,"y":-1.5},{"x":-0.5,"y":-1},{"x":-1.5,"y":-1},{"x":1.5,"y":-1},{"x":0.5,"y":-1},{"x":-2.5,"y":-0.5},{"x":2.5,"y":-0.5},{"x":-0.5,"y":0},{"x":0.5,"y":0},{"x":1.5,"y":0},{"x":-1.5,"y":0},{"x":-0.5,"y":1},{"x":0.5,"y":1},{"x":-2.5,"y":2.5},{"x":-1.5,"y":2.5},{"x":2.5,"y":2.5},{"x":1.5,"y":2.5}]},{"index":2,"tiles":[{"x":-0.5,"y":-1.5},{"x":0.5,"y":-1.5},{"x":2.5,"y":-1},{"x":-2.5,"y":-1},{"x":0.5,"y":-0.5},{"x":-0.5,"y":-0.5},{"x":1.5,"y":-0.5},{"x":-1.5,"y":-0.5},{"x":0.5,"y":0.5},{"x":-0.5,"y":0.5},{"x":-2,"y":2.5},{"x":2,"y":2.5}]},{"index":3,"tiles":[{"x":0.5,"y":-1},{"x":-0.5,"y":-1},{"x":-0.5,"y":0},{"x":0.5,"y":0}]}],"seeds":["UzeUXhWAJtGAxnV12PI12MKJIfqoRchR1vBQjjCKStcpEwMyDhkY4MkVKeeFhBB+lQUA"]},{"layers":[{"index":0,"tiles":[{"x":-1.5,"y":-2.5},{"x":-2.5,"y":-2.5},{"x":1.5,"y":-2.5},{"x":2.5,"y":-2.5},{"x":-2.5,"y":-1.5},{"x":-1.5,"y":-1.5},{"x":1.5,"y":-1.5},{"x":2.5,"y":-1.5},{"x":-0.5,"y":-1.5},{"x":0.5,"y":-1.5},{"x":-2.5,"y":-0.5},{"x":-1.5,"y":-0.5},{"x":1.5,"y":-0.5},{"x":2.5,"y":-0.5},{"x":-0.5,"y":-0.5},{"x":0.5,"y":-0.5},{"x":-2.5,"y":0.5},{"x":-1.5,"y":0.5},{"x":1.5,"y":0.5},{"x":2.5,"y":0.5},{"x":-0.5,"y":0.5},{"x":0.5,"y":0.5},{"x":-2.5,"y":1.5},{"x":-1.5,"y":1.5},{"x":1.5,"y":1.5},{"x":2.5,"y":1.5},{"x":-0.5,"y":1.5},{"x":0.5,"y":1.5},{"x":-1.5,"y":2.5},{"x":-0.5,"y":2.5},{"x":0.5,"y":2.5},{"x":1.5,"y":2.5}]},{"index":1,"tiles":[{"x":-2,"y":-2.5},{"x":2,"y":-2.5},{"x":-2,"y":-1.5},{"x":2,"y":-1.5},{"x":-1,"y":-1.5},{"x":1,"y":-1.5},{"x":2,"y":-0.5},{"x":-2,"y":-0.5},{"x":-1,"y":0},{"x":1,"y":0},{"x":-2,"y":1},{"x":-1,"y":1},{"x":1,"y":1},{"x":2,"y":1},{"x":-1,"y":2},{"x":1,"y":2}]},{"index":2,"tiles":[{"x":1.5,"y":-1.5},{"x":-1.5,"y":-1.5},{"x":-1,"y":0.5},{"x":1,"y":0.5},{"x":-1,"y":1.5},{"x":1,"y":1.5}]},{"index":3,"tiles":[{"x":-1,"y":1},{"x":1,"y":1}]}],"seeds":["pBIEgeIFqhJ0neANQsBR5TShkwl6kzguA1gxwZQG3iQEISUwYhUo58KF"]},{"layers":[{"index":0,"tiles":[{"x":-1.5,"y":-3.5},{"x":-0.5,"y":-3.5},{"x":0.5,"y":-3.5},{"x":1.5,"y":-3.5},{"x":-2.5,"y":-2.5},{"x":1.5,"y":-2.5},{"x":0.5,"y":-2.5},{"x":-0.5,"y":-2.5},{"x":-1.5,"y":-2.5},{"x":2.5,"y":-2.5},{"x":-2.5,"y":-1.5},{"x":-1.5,"y":-1.5},{"x":-0.5,"y":-1.5},{"x":0.5,"y":-1.5},{"x":1.5,"y":-1.5},{"x":2.5,"y":-1.5},{"x":-1.5,"y":-0.5},{"x":-0.5,"y":-0.5},{"x":0.5,"y":-0.5},{"x":1.5,"y":-0.5},{"x":-2.5,"y":0.5},{"x":2.5,"y":0.5},{"x":1.5,"y":0.5},{"x":0.5,"y":0.5},{"x":-0.5,"y":0.5},{"x":-1.5,"y":0.5},{"x":-0.5,"y":1.5},{"x":0.5,"y":1.5},{"x":2,"y":2},{"x":-2,"y":2},{"x":3,"y":2},{"x":-3,"y":2},{"x":3,"y":3},{"x":2,"y":3},{"x":-1,"y":3},{"x":1,"y":3},{"x":-2,"y":3},{"x":-3,"y":3}]},{"index":1,"tiles":[{"x":-2,"y":-2.5},{"x":-1,"y":-2.5},{"x":1,"y":-2.5},{"x":2,"y":-2.5},{"x":0,"y":-2},{"x":-2,"y":-1.5},{"x":-1,"y":-1.5},{"x":1,"y":-1.5},{"x":2,"y":-1.5},{"x":0,"y":-1},{"x":1,"y":-0.5},{"x":-1,"y":-0.5},{"x":2,"y":0.5},{"x":1,"y":0.5},{"x":0,"y":0.5},{"x":-2,"y":0.5},{"x":-1,"y":0.5},{"x":0,"y":1.5},{"x":2.5,"y":2},{"x":-2.5,"y":2},{"x":-2.5,"y":3},{"x":-1.5,"y":3},{"x":1.5,"y":3},{"x":2.5,"y":3}]},{"index":2,"tiles":[{"x":1.5,"y":-2.5},{"x":-1.5,"y":-2.5},{"x":0.5,"y":-1.5},{"x":1.5,"y":-1.5},{"x":-0.5,"y":-1.5},{"x":-1.5,"y":-1.5},{"x":1.5,"y":0.5},{"x":-0.5,"y":0.5},{"x":0.5,"y":0.5},{"x":-1.5,"y":0.5},{"x":2.5,"y":2.5},{"x":-2.5,"y":2.5}]},{"index":3,"tiles":[{"x":1,"y":-1.5},{"x":-1,"y":-1.5},{"x":0,"y":-1.5},{"x":1,"y":0.5},{"x":0,"y":0.5},{"x":-1,"y":0.5}]}],"seeds":["ocFRRTMpHdhBIWSZnUF0jCcEIrFgZdVhAydWh3McnhVkZJE118d8nToOHheex7N4zvVwYJhOCihSoIgK"]},{"layers":[{"index":0,"tiles":[{"x":-1.5,"y":-2.5},{"x":-0.5,"y":-2.5},{"x":0.5,"y":-2.5},{"x":1.5,"y":-2.5},{"x":-1.5,"y":-1.5},{"x":1.5,"y":-1.5},{"x":0.5,"y":-1},{"x":-0.5,"y":-1},{"x":-1.5,"y":-0.5},{"x":1.5,"y":-0.5},{"x":-2.5,"y":-0.5},{"x":2.5,"y":-0.5},{"x":-0.5,"y":0},{"x":0.5,"y":0},{"x":-2.5,"y":0.5},{"x":1.5,"y":0.5},{"x":-1.5,"y":0.5},{"x":2.5,"y":0.5},{"x":-0.5,"y":1},{"x":0.5,"y":1},{"x":-1.5,"y":1.5},{"x":1.5,"y":1.5},{"x":-0.5,"y":2},{"x":0.5,"y":2},{"x":-1.5,"y":2.5},{"x":1.5,"y":2.5},{"x":2.5,"y":2.5},{"x":-2.5,"y":2.5}]},{"index":1,"tiles":[{"x":-0.5,"y":-2.5},{"x":0.5,"y":-2.5},{"x":-1.5,"y":-2},{"x":1.5,"y":-2},{"x":-1.5,"y":-1},{"x":1.5,"y":-1},{"x":1.5,"y":0},{"x":2.5,"y":0},{"x":-2.5,"y":0},{"x":0.5,"y":0},{"x":-1.5,"y":0},{"x":-0.5,"y":0},{"x":-1,"y":1},{"x":0,"y":1},{"x":1,"y":1},{"x":-1,"y":2},{"x":0,"y":2},{"x":1,"y":2},{"x":2,"y":2.5},{"x":-2,"y":2.5}]},{"index":2,"tiles":[{"x":0,"y":-2.5},{"x":-1.5,"y":-1.5},{"x":1.5,"y":-1.5},{"x":1,"y":0},{"x":0,"y":0},{"x":-1,"y":0},{"x":-2,"y":0},{"x":2,"y":0},{"x":-0.5,"y":1},{"x":0.5,"y":1},{"x":-0.5,"y":2},{"x":0.5,"y":2}]},{"index":3,"tiles":[{"x":0.5,"y":1.5},{"x":-0.5,"y":1.5}]}],"seeds":["ooEWzNMIHiN+IGg0jwAGCwUSn7dU1UB1BWdNjtMRXBhwZqkoI3ddoXpOZGgNYQoA"]},{"layers":[{"index":0,"tiles":[{"x":-2.5,"y":-2.5},{"x":2.5,"y":-2.5},{"x":-1.5,"y":-2.5},{"x":1.5,"y":-2.5},{"x":-2.5,"y":-1.5},{"x":2.5,"y":-1.5},{"x":-1.5,"y":-1.5},{"x":0.5,"y":-1.5},{"x":1.5,"y":-1.5},{"x":-0.5,"y":-1.5},{"x":-2.5,"y":-0.5},{"x":2.5,"y":-0.5},{"x":-1.5,"y":-0.5},{"x":-0.5,"y":-0.5},{"x":0.5,"y":-0.5},{"x":1.5,"y":-0.5},{"x":-2.5,"y":0.5},{"x":1.5,"y":0.5},{"x":0.5,"y":0.5},{"x":-0.5,"y":0.5},{"x":-1.5,"y":0.5},{"x":2.5,"y":0.5},{"x":-1.5,"y":1.5},{"x":-0.5,"y":1.5},{"x":0.5,"y":1.5},{"x":1.5,"y":1.5},{"x":2.5,"y":2},{"x":-2.5,"y":2},{"x":1.5,"y":2.5},{"x":-1.5,"y":2.5},{"x":2.5,"y":3},{"x":-2.5,"y":3}]},{"index":1,"tiles":[{"x":2,"y":-2},{"x":-2,"y":-2},{"x":1,"y":-1},{"x":2,"y":-1},{"x":-1,"y":-1},{"x":-2,"y":-1},{"x":0,"y":-0.5},{"x":2,"y":0},{"x":1,"y":0},{"x":-1,"y":0},{"x":-2,"y":0},{"x":0.5,"y":1.5},{"x":-0.5,"y":1.5},{"x":1.5,"y":2},{"x":-1.5,"y":2},{"x":2.5,"y":2.5},{"x":-2.5,"y":2.5}]},{"index":2,"tiles":[{"x":2,"y":-1.5},{"x":-2,"y":-1.5},{"x":1,"y":-0.5},{"x":0,"y":-0.5},{"x":-1,"y":-0.5},{"x":-2,"y":-0.5},{"x":2,"y":-0.5}]}],"seeds":["4SkWVgiCzEhw3NBczlJxSipehYVyQhA4FQiWXbN81NAJKvUppOkRkzcx"]},{"layers":[{"index":0,"tiles":[{"x":-1.5,"y":-3.5},{"x":-0.5,"y":-3.5},{"x":0.5,"y":-3.5},{"x":1.5,"y":-3.5},{"x":-2.5,"y":-3},{"x":2.5,"y":-3},{"x":-0.5,"y":-2.5},{"x":0.5,"y":-2.5},{"x":-2.5,"y":-2},{"x":2.5,"y":-2},{"x":-0.5,"y":-1.5},{"x":-1.5,"y":-1.5},{"x":0.5,"y":-1.5},{"x":1.5,"y":-1.5},{"x":2.5,"y":-1},{"x":-2.5,"y":-1},{"x":1.5,"y":-0.5},{"x":0.5,"y":-0.5},{"x":-0.5,"y":-0.5},{"x":-1.5,"y":-0.5},{"x":-2.5,"y":0},{"x":2.5,"y":0},{"x":-0.5,"y":0.5},{"x":0.5,"y":0.5},{"x":-2.5,"y":1},{"x":2.5,"y":1},{"x":1.5,"y":1},{"x":-1.5,"y":1},{"x":-2.5,"y":2},{"x":1.5,"y":2},{"x":2.5,"y":2},{"x":-1.5,"y":2}]},{"index":1,"tiles":[{"x":1,"y":-3.5},{"x":-1,"y":-3.5},{"x":-2,"y":-1.5},{"x":-1,"y":-1.5},{"x":1,"y":-1.5},{"x":2,"y":-1.5},{"x":-2,"y":-0.5},{"x":-1,"y":-0.5},{"x":1,"y":-0.5},{"x":2,"y":-0.5},{"x":-1.5,"y":1.5},{"x":-2.5,"y":1.5},{"x":2.5,"y":1.5},{"x":1.5,"y":1.5}]},{"index":2,"tiles":[{"x":-2,"y":-1},{"x":-1,"y":-1},{"x":1,"y":-1},{"x":2,"y":-1},{"x":-2,"y":1.5},{"x":2,"y":1.5}]},{"index":3,"tiles":[{"x":-1.5,"y":-1},{"x":1.5,"y":-1}]}],"seeds":["JdUFXSAKVDiAIbGEnbAQoUKYYkVU0xl2g+JNjNd14KiiKcd0FRd2ZAUA"]},{"layers":[{"index":0,"tiles":[{"x":1.5,"y":-3.5},{"x":-1.5,"y":-3.5},{"x":-2.5,"y":-3},{"x":2.5,"y":-3},{"x":-0.5,"y":-3},{"x":0.5,"y":-3},{"x":0.5,"y":-2},{"x":2.5,"y":-2},{"x":-2.5,"y":-2},{"x":-0.5,"y":-2},{"x":-1.5,"y":-1.5},{"x":1.5,"y":-1.5},{"x":-0.5,"y":-1},{"x":0.5,"y":-1},{"x":2.5,"y":-1},{"x":-2.5,"y":-1},{"x":1.5,"y":-0.5},{"x":-1.5,"y":-0.5},{"x":-0.5,"y":0},{"x":2.5,"y":0},{"x":-2.5,"y":0},{"x":0.5,"y":0},{"x":-0.5,"y":1},{"x":2.5,"y":1},{"x":-2.5,"y":1},{"x":0.5,"y":1},{"x":-1.5,"y":1.5},{"x":1.5,"y":1.5},{"x":-2.5,"y":2},{"x":2.5,"y":2},{"x":0.5,"y":2},{"x":-0.5,"y":2}]},{"index":1,"tiles":[{"x":-2.5,"y":-2.5},{"x":2.5,"y":-2.5},{"x":0,"y":-1.5},{"x":2.5,"y":-1.5},{"x":-2.5,"y":-1.5},{"x":-1,"y":-1},{"x":1,"y":-1},{"x":0,"y":-0.5},{"x":2.5,"y":-0.5},{"x":-2.5,"y":-0.5},{"x":2.5,"y":0.5},{"x":-2.5,"y":0.5},{"x":2.5,"y":1.5},{"x":-2.5,"y":1.5},{"x":-1,"y":1.5},{"x":1,"y":1.5}]},{"index":2,"tiles":[{"x":-2.5,"y":-2},{"x":2.5,"y":-2},{"x":2.5,"y":-1},{"x":-2.5,"y":-1},{"x":2.5,"y":0},{"x":-2.5,"y":0},{"x":-2.5,"y":1},{"x":2.5,"y":1}]},{"index":3,"tiles":[{"x":-2.5,"y":-1.5},{"x":2.5,"y":-1.5},{"x":-2.5,"y":-0.5},{"x":2.5,"y":-0.5},{"x":-2.5,"y":0.5},{"x":2.5,"y":0.5}]}],"seeds":["FbMYRLCcIMdxU2g44PAEV0h+RCeqHzMVVHg11oN6lpJ6ZkgJQ6NwRVc6YCUK4AgA"]},{"layers":[{"index":0,"tiles":[{"x":-0.5,"y":-3.5},{"x":0.5,"y":-3.5},{"x":-1.5,"y":-3},{"x":1.5,"y":-3},{"x":-0.5,"y":-2.5},{"x":0.5,"y":-2.5},{"x":-1.5,"y":-2},{"x":1.5,"y":-2},{"x":-0.5,"y":-1.5},{"x":0.5,"y":-1.5},{"x":-1.5,"y":-1},{"x":1.5,"y":-1},{"x":2.5,"y":-0.5},{"x":-0.5,"y":-0.5},{"x":0.5,"y":-0.5},{"x":-2.5,"y":-0.5},{"x":-1.5,"y":0},{"x":1.5,"y":0},{"x":-0.5,"y":0.5},{"x":0.5,"y":0.5},{"x":-2.5,"y":0.5},{"x":2.5,"y":0.5},{"x":-1.5,"y":1},{"x":1.5,"y":1},{"x":-0.5,"y":1.5},{"x":0.5,"y":1.5},{"x":2.5,"y":1.5},{"x":-2.5,"y":1.5},{"x":-1.5,"y":2},{"x":1.5,"y":2},{"x":-0.5,"y":2.5},{"x":0.5,"y":2.5}]},{"index":1,"tiles":[{"x":0.5,"y":-3},{"x":-0.5,"y":-3},{"x":-1.5,"y":-2.5},{"x":1.5,"y":-2.5},{"x":-0.5,"y":-2},{"x":0.5,"y":-2},{"x":-1.5,"y":-1.5},{"x":1.5,"y":-1.5},{"x":0.5,"y":-1},{"x":-0.5,"y":-1},{"x":-1.5,"y":-0.5},{"x":1.5,"y":-0.5},{"x":-2.5,"y":0},{"x":-0.5,"y":0},{"x":0.5,"y":0},{"x":2.5,"y":0},{"x":-1.5,"y":0.5},{"x":1.5,"y":0.5},{"x":-2.5,"y":1},{"x":2.5,"y":1},{"x":0,"y":1.5},{"x":-1,"y":2},{"x":1,"y":2},{"x":0,"y":2.5}]},{"index":2,"tiles":[{"x":0.5,"y":-2.5},{"x":-0.5,"y":-2.5},{"x":-1.5,"y":-2},{"x":1.5,"y":-2},{"x":-0.5,"y":-1.5},{"x":0.5,"y":-1.5},{"x":1.5,"y":-1},{"x":-1.5,"y":-1},{"x":-0.5,"y":-0.5},{"x":0.5,"y":-0.5},{"x":-2,"y":0.5},{"x":2,"y":0.5},{"x":-0.5,"y":2},{"x":0.5,"y":2}]},{"index":3,"tiles":[{"x":-1,"y":-1.5},{"x":1,"y":-1.5}]}],"seeds":["EEUZJoiGFTFyXcE8YfBAk8cYxwd+BSeKAVYNqXN5V9OB2FQqx6JaokA2lnAuIceFnTKIROeA"]},{"layers":[{"index":0,"tiles":[{"x":-1.5,"y":-3.5},{"x":-0.5,"y":-3.5},{"x":0.5,"y":-3.5},{"x":1.5,"y":-3.5},{"x":-2.5,"y":-3},{"x":2.5,"y":-3},{"x":-1.5,"y":-2.5},{"x":1.5,"y":-2.5},{"x":0.5,"y":-2.5},{"x":-0.5,"y":-2.5},{"x":2.5,"y":-2},{"x":-2.5,"y":-2},{"x":-1.5,"y":-1.5},{"x":1.5,"y":-1.5},{"x":-0.5,"y":-1.5},{"x":0.5,"y":-1.5},{"x":2.5,"y":-1},{"x":-2.5,"y":-1},{"x":-1.5,"y":-0.5},{"x":-0.5,"y":-0.5},{"x":0.5,"y":-0.5},{"x":1.5,"y":-0.5},{"x":-1.5,"y":0.5},{"x":-0.5,"y":0.5},{"x":0.5,"y":0.5},{"x":1.5,"y":0.5},{"x":-2.5,"y":1},{"x":2.5,"y":1},{"x":-1.5,"y":1.5},{"x":-0.5,"y":1.5},{"x":1.5,"y":1.5},{"x":0.5,"y":1.5},{"x":-2.5,"y":2},{"x":2.5,"y":2}]},{"index":1,"tiles":[{"x":-1.5,"y":-3},{"x":-0.5,"y":-3},{"x":0.5,"y":-3},{"x":1.5,"y":-3},{"x":-2.5,"y":-2.5},{"x":2.5,"y":-2.5},{"x":-1.5,"y":-2},{"x":-0.5,"y":-2},{"x":0.5,"y":-2},{"x":1.5,"y":-2},{"x":2.5,"y":-1.5},{"x":-2.5,"y":-1.5},{"x":-1.5,"y":-1},{"x":-0.5,"y":-1},{"x":0.5,"y":-1},{"x":1.5,"y":-1},{"x":-1,"y":0},{"x":1,"y":0},{"x":-1,"y":1},{"x":1,"y":1},{"x":-2.5,"y":1.5},{"x":2.5,"y":1.5}]},{"index":2,"tiles":[{"x":-1,"y":-3},{"x":1,"y":-3},{"x":-2,"y":-2},{"x":-1,"y":-2},{"x":1,"y":-2},{"x":2,"y":-2},{"x":-1,"y":-1},{"x":1,"y":-1},{"x":-1,"y":0.5},{"x":1,"y":0.5}]},{"index":3,"tiles":[{"x":-1.5,"y":-2},{"x":1.5,"y":-2}]}],"seeds":["XLiA1cd9IAhiXDlMwoIxRVhRpCU6oUVxhmcMzqcIX9oVC9oQjWeeShcu6iQ+z8gEwUVc"]},{"layers":[{"index":0,"tiles":[{"x":1.5,"y":-2.5},{"x":-1.5,"y":-2.5},{"x":0.5,"y":-2.5},{"x":-0.5,"y":-2.5},{"x":1.5,"y":-1.5},{"x":-1.5,"y":-1.5},{"x":0.5,"y":-1.5},{"x":-0.5,"y":-1.5},{"x":1.5,"y":-0.5},{"x":-1.5,"y":-0.5},{"x":-2.5,"y":-0.5},{"x":-0.5,"y":-0.5},{"x":0.5,"y":-0.5},{"x":2.5,"y":-0.5},{"x":2.5,"y":0.5},{"x":1.5,"y":0.5},{"x":-1.5,"y":0.5},{"x":0.5,"y":0.5},{"x":-0.5,"y":0.5},{"x":-2.5,"y":0.5},{"x":1.5,"y":1.5},{"x":-0.5,"y":1.5},{"x":-1.5,"y":1.5},{"x":0.5,"y":1.5},{"x":-1.5,"y":2.5},{"x":1.5,"y":2.5},{"x":0.5,"y":2.5},{"x":-0.5,"y":2.5}]},{"index":1,"tiles":[{"x":-1,"y":-2},{"x":1,"y":-2},{"x":-1,"y":-1},{"x":1,"y":-1},{"x":-1,"y":0},{"x":1,"y":0},{"x":2.5,"y":0},{"x":-2.5,"y":0},{"x":-1,"y":1},{"x":1,"y":1},{"x":-1,"y":2},{"x":1,"y":2}]},{"index":2,"tiles":[{"x":-1,"y":-1.5},{"x":1,"y":-1.5},{"x":-1,"y":-0.5},{"x":1,"y":-0.5},{"x":-1,"y":0.5},{"x":1,"y":0.5},{"x":-1,"y":1.5},{"x":1,"y":1.5}]},{"index":3,"tiles":[{"x":-1,"y":-1},{"x":1,"y":-1},{"x":-1,"y":0},{"x":1,"y":0},{"x":-1,"y":1},{"x":1,"y":1}]}],"seeds":["IOh0joUSn5IyVXUxXHkFREiFnVcUVGANC6k24HeOjbeYgihMEwcOiggA"]},{"layers":[{"index":0,"tiles":[{"x":1.5,"y":-2.5},{"x":0.5,"y":-2.5},{"x":-0.5,"y":-2.5},{"x":-1.5,"y":-2.5},{"x":-2.5,"y":-1.5},{"x":-1.5,"y":-1.5},{"x":-0.5,"y":-1.5},{"x":2.5,"y":-1.5},{"x":0.5,"y":-1.5},{"x":1.5,"y":-1.5},{"x":-0.5,"y":-0.5},{"x":0.5,"y":-0.5},{"x":1.5,"y":-0.5},{"x":-1.5,"y":-0.5},{"x":-2.5,"y":-0.5},{"x":2.5,"y":-0.5},{"x":-0.5,"y":0.5},{"x":0.5,"y":0.5},{"x":-2,"y":1},{"x":2,"y":1},{"x":-2,"y":2},{"x":-1,"y":2},{"x":2,"y":2},{"x":1,"y":2},{"x":-2,"y":3},{"x":-1,"y":3},{"x":2,"y":3},{"x":1,"y":3}]},{"index":1,"tiles":[{"x":0.5,"y":-2},{"x":-0.5,"y":-2},{"x":1.5,"y":-2},{"x":-1.5,"y":-2},{"x":2.5,"y":-1},{"x":1.5,"y":-1},{"x":0.5,"y":-1},{"x":-2.5,"y":-1},{"x":-0.5,"y":-1},{"x":-1.5,"y":-1},{"x":-0.5,"y":0},{"x":0.5,"y":0},{"x":-2,"y":1.5},{"x":2,"y":1.5},{"x":-2,"y":2.5},{"x":-1,"y":2.5},{"x":2,"y":2.5},{"x":1,"y":2.5}]},{"index":2,"tiles":[{"x":-1.5,"y":-1.5},{"x":-0.5,"y":-1.5},{"x":1.5,"y":-1.5},{"x":0.5,"y":-1.5},{"x":0.5,"y":-0.5},{"x":-0.5,"y":-0.5},{"x":-2,"y":2},{"x":2,"y":2}]},{"index":3,"tiles":[{"x":-1,"y":-1.5},{"x":1,"y":-1.5}]}],"seeds":["TEUMEzFNIveRI/cJDRh2g4iCDDV0ViNQlaeki2lxjTKcgdosnOUFZThZ"]},{"layers":[{"index":0,"tiles":[{"x":-0.5,"y":-3.5},{"x":0.5,"y":-3.5},{"x":1.5,"y":-3},{"x":-1.5,"y":-3},{"x":0.5,"y":-2.5},{"x":-0.5,"y":-2.5},{"x":1.5,"y":-2},{"x":-1.5,"y":-2},{"x":-0.5,"y":-1.5},{"x":0.5,"y":-1.5},{"x":1.5,"y":-1},{"x":-1.5,"y":-1},{"x":-0.5,"y":-0.5},{"x":0.5,"y":-0.5},{"x":-1.5,"y":0},{"x":1.5,"y":0},{"x":0.5,"y":0.5},{"x":-0.5,"y":0.5},{"x":-1.5,"y":1},{"x":1.5,"y":1},{"x":-0.5,"y":1.5},{"x":0.5,"y":1.5},{"x":-1.5,"y":2},{"x":1.5,"y":2}]},{"index":1,"tiles":[{"x":-0.5,"y":-3},{"x":0.5,"y":-3},{"x":-1.5,"y":-2.5},{"x":1.5,"y":-2.5},{"x":0.5,"y":-2},{"x":-0.5,"y":-2},{"x":-1.5,"y":-1.5},{"x":1.5,"y":-1.5},{"x":-0.5,"y":-1},{"x":0.5,"y":-1},{"x":-1.5,"y":-0.5},{"x":1.5,"y":-0.5},{"x":-0.5,"y":0},{"x":0.5,"y":0},{"x":1,"y":1.5},{"x":-1,"y":1.5}]},{"index":2,"tiles":[{"x":0.5,"y":-2.5},{"x":-0.5,"y":-2.5},{"x":-1.5,"y":-2},{"x":1.5,"y":-2},{"x":0.5,"y":-1.5},{"x":-0.5,"y":-1.5},{"x":-1.5,"y":-1},{"x":1.5,"y":-1},{"x":-0.5,"y":-0.5},{"x":0.5,"y":-0.5}]},{"index":3,"tiles":[{"x":1,"y":-1.5},{"x":-1,"y":-1.5}]}],"seeds":["AhhynycsYsE4YEkWVaUulkehVph+isIQxBk4Jgh2wSR209CMQ0Nx"]},{"layers":[{"index":0,"tiles":[{"x":-2.5,"y":-3.5},{"x":-1.5,"y":-3.5},{"x":-0.5,"y":-3.5},{"x":0.5,"y":-3.5},{"x":1.5,"y":-3.5},{"x":2.5,"y":-3.5},{"x":-2.5,"y":-2.5},{"x":-1.5,"y":-2.5},{"x":1.5,"y":-2.5},{"x":2.5,"y":-2.5},{"x":-0.5,"y":-2},{"x":0.5,"y":-2},{"x":-2.5,"y":-1.5},{"x":-1.5,"y":-1.5},{"x":1.5,"y":-1.5},{"x":2.5,"y":-1.5},{"x":-0.5,"y":-1},{"x":0.5,"y":-1},{"x":-2.5,"y":-0.5},{"x":-1.5,"y":-0.5},{"x":1.5,"y":-0.5},{"x":2.5,"y":-0.5},{"x":-0.5,"y":0},{"x":0.5,"y":0},{"x":-2.5,"y":0.5},{"x":-1.5,"y":0.5},{"x":2.5,"y":0.5},{"x":1.5,"y":0.5},{"x":-0.5,"y":1},{"x":0.5,"y":1},{"x":-1.5,"y":1.5},{"x":1.5,"y":1.5},{"x":-0.5,"y":2},{"x":0.5,"y":2},{"x":-2.5,"y":2},{"x":2.5,"y":2},{"x":-1.5,"y":2.5},{"x":1.5,"y":2.5},{"x":-2.5,"y":3},{"x":2.5,"y":3}]},{"index":1,"tiles":[{"x":1.5,"y":-3.5},{"x":-1.5,"y":-3.5},{"x":-2.5,"y":-3},{"x":2.5,"y":-3},{"x":2,"y":-2},{"x":-2,"y":-2},{"x":-2,"y":-1},{"x":2,"y":-1},{"x":-1,"y":-1},{"x":1,"y":-1},{"x":-2,"y":0},{"x":2,"y":0},{"x":-1,"y":0},{"x":1,"y":0},{"x":-1,"y":1},{"x":1,"y":1},{"x":1.5,"y":2},{"x":-1.5,"y":2},{"x":2.5,"y":2.5},{"x":-2.5,"y":2.5}]},{"index":2,"tiles":[{"x":-2,"y":-1.5},{"x":2,"y":-1.5},{"x":2,"y":-0.5},{"x":1,"y":-0.5},{"x":-2,"y":-0.5},{"x":-1,"y":-0.5},{"x":1,"y":0.5},{"x":-1,"y":0.5}]},{"index":3,"tiles":[{"x":-2,"y":-1},{"x":2,"y":-1},{"x":-1,"y":0},{"x":1,"y":0}]}],"seeds":["FBcUxzN4x7UMF6YIIxiWIBeCTXF24EMFS2p+Xcg4zsdZBnFMDFkR3dRZlRA2oicqHGocoipi"]},{"layers":[{"index":0,"tiles":[{"x":-2.5,"y":-2.5},{"x":2.5,"y":-2.5},{"x":-2.5,"y":-1.5},{"x":-1.5,"y":-1.5},{"x":-0.5,"y":-1.5},{"x":0.5,"y":-1.5},{"x":1.5,"y":-1.5},{"x":2.5,"y":-1.5},{"x":-2.5,"y":-0.5},{"x":2.5,"y":-0.5},{"x":1.5,"y":-0.5},{"x":0.5,"y":-0.5},{"x":-0.5,"y":-0.5},{"x":-1.5,"y":-0.5},{"x":-2.5,"y":0.5},{"x":2.5,"y":0.5},{"x":-1.5,"y":0.5},{"x":-0.5,"y":0.5},{"x":0.5,"y":0.5},{"x":1.5,"y":0.5},{"x":-2.5,"y":1.5},{"x":-1.5,"y":1.5},{"x":-0.5,"y":1.5},{"x":0.5,"y":1.5},{"x":1.5,"y":1.5},{"x":2.5,"y":1.5},{"x":-2.5,"y":2.5},{"x":-1.5,"y":2.5},{"x":-0.5,"y":2.5},{"x":0.5,"y":2.5},{"x":1.5,"y":2.5},{"x":2.5,"y":2.5}]},{"index":1,"tiles":[{"x":-2.5,"y":-2},{"x":2.5,"y":-2},{"x":-1,"y":-1.5},{"x":1,"y":-1.5},{"x":-1,"y":-0.5},{"x":-2,"y":-0.5},{"x":1,"y":-0.5},{"x":2,"y":-0.5},{"x":-0.5,"y":1},{"x":-1.5,"y":1},{"x":-2.5,"y":1},{"x":0.5,"y":1},{"x":1.5,"y":1},{"x":2.5,"y":1},{"x":-1,"y":2},{"x":-2,"y":2},{"x":1,"y":2},{"x":2,"y":2}]},{"index":2,"tiles":[{"x":-1.5,"y":-0.5},{"x":1.5,"y":-0.5},{"x":-2,"y":1},{"x":2,"y":1},{"x":1.5,"y":2},{"x":-1.5,"y":2}]}],"seeds":["CggKlzUqFDUFX8WgS7WAgcUVXxkWDiF2w5A6jehxhMp1pseR0ymEDNhc"]},{"layers":[{"index":0,"tiles":[{"x":-0.5,"y":-3.5},{"x":0.5,"y":-3.5},{"x":-2.5,"y":-2.5},{"x":-1.5,"y":-2.5},{"x":-0.5,"y":-2.5},{"x":0.5,"y":-2.5},{"x":1.5,"y":-2.5},{"x":2.5,"y":-2.5},{"x":-2.5,"y":-1.5},{"x":2.5,"y":-1.5},{"x":1.5,"y":-1.5},{"x":0.5,"y":-1.5},{"x":-0.5,"y":-1.5},{"x":-1.5,"y":-1.5},{"x":-2.5,"y":-0.5},{"x":-1.5,"y":-0.5},{"x":-0.5,"y":-0.5},{"x":0.5,"y":-0.5},{"x":1.5,"y":-0.5},{"x":2.5,"y":-0.5},{"x":-2.5,"y":0.5},{"x":-1.5,"y":0.5},{"x":-0.5,"y":0.5},{"x":0.5,"y":0.5},{"x":1.5,"y":0.5},{"x":2.5,"y":0.5},{"x":1.5,"y":1.5},{"x":2.5,"y":1.5},{"x":-1.5,"y":1.5},{"x":-2.5,"y":1.5},{"x":2.5,"y":2.5},{"x":-2.5,"y":2.5}]},{"index":1,"tiles":[{"x":-0.5,"y":-3},{"x":0.5,"y":-3},{"x":-2,"y":-2},{"x":2,"y":-2},{"x":1,"y":-1.5},{"x":-1,"y":-1.5},{"x":2,"y":-1},{"x":-2,"y":-1},{"x":0.5,"y":-0.5},{"x":-0.5,"y":-0.5},{"x":-0.5,"y":0.5},{"x":0.5,"y":0.5},{"x":-2.5,"y":1},{"x":-1.5,"y":1},{"x":1.5,"y":1},{"x":2.5,"y":1},{"x":-2.5,"y":2},{"x":2.5,"y":2}]},{"index":2,"tiles":[{"x":1.5,"y":-1.5},{"x":-1.5,"y":-1.5},{"x":-2,"y":1},{"x":2,"y":1}]}],"seeds":["09ikXfV9pvANYIguoEUGYdN4AlGAJbUwHyF2gwdaXMCJVaEoajMx1AkA"]},{"layers":[{"index":0,"tiles":[{"x":-1.5,"y":-2.5},{"x":1.5,"y":-2.5},{"x":-2.5,"y":-2},{"x":2.5,"y":-2},{"x":-0.5,"y":-2},{"x":0.5,"y":-2},{"x":-1.5,"y":-1.5},{"x":1.5,"y":-1.5},{"x":2.5,"y":-1},{"x":-2.5,"y":-1},{"x":0.5,"y":-1},{"x":-0.5,"y":-1},{"x":-1.5,"y":-0.5},{"x":1.5,"y":-0.5},{"x":0.5,"y":0},{"x":-0.5,"y":0},{"x":-1.5,"y":1},{"x":1.5,"y":1},{"x":0.5,"y":1},{"x":-0.5,"y":1},{"x":-2.5,"y":1.5},{"x":2.5,"y":1.5},{"x":-1.5,"y":2},{"x":0.5,"y":2},{"x":-0.5,"y":2},{"x":1.5,"y":2},{"x":-2.5,"y":2.5},{"x":2.5,"y":2.5},{"x":1.5,"y":3},{"x":-1.5,"y":3},{"x":-0.5,"y":3},{"x":0.5,"y":3}]},{"index":1,"tiles":[{"x":-1,"y":-2},{"x":1,"y":-2},{"x":-2,"y":-1.5},{"x":2,"y":-1.5},{"x":-1,"y":-1},{"x":1,"y":-1},{"x":0.5,"y":0},{"x":-0.5,"y":0},{"x":0,"y":1.5},{"x":1,"y":1.5},{"x":2,"y":1.5},{"x":-1,"y":1.5},{"x":-2,"y":1.5},{"x":2,"y":2.5},{"x":1,"y":2.5},{"x":0,"y":2.5},{"x":-2,"y":2.5},{"x":-1,"y":2.5}]},{"index":2,"tiles":[{"x":-1.5,"y":-1.5},{"x":1.5,"y":-1.5},{"x":1.5,"y":1.5},{"x":-1.5,"y":1.5},{"x":0.5,"y":2},{"x":-0.5,"y":2},{"x":-1.5,"y":2.5},{"x":1.5,"y":2.5}]},{"index":3,"tiles":[{"x":-1,"y":2},{"x":1,"y":2}]}],"seeds":["38dxCneBI4gGy2I2TGeJnWddhaeeAhUEYBCAITURjsMIJKGkIthwYDBMQxGW"]},{"layers":[{"index":0,"tiles":[{"x":-1.5,"y":-2.5},{"x":1.5,"y":-2.5},{"x":-2.5,"y":-2.5},{"x":2.5,"y":-2.5},{"x":-0.5,"y":-2.5},{"x":0.5,"y":-2.5},{"x":-1.5,"y":-1.5},{"x":1.5,"y":-1.5},{"x":-0.5,"y":-1.5},{"x":0.5,"y":-1.5},{"x":-0.5,"y":-0.5},{"x":0.5,"y":-0.5},{"x":1.5,"y":-0.5},{"x":-1.5,"y":-0.5},{"x":-2.5,"y":0},{"x":2.5,"y":0},{"x":-1.5,"y":0.5},{"x":-0.5,"y":0.5},{"x":0.5,"y":0.5},{"x":1.5,"y":0.5},{"x":-2.5,"y":1},{"x":2.5,"y":1},{"x":-0.5,"y":1.5},{"x":0.5,"y":1.5},{"x":-2.5,"y":2},{"x":2.5,"y":2},{"x":-1.5,"y":2},{"x":1.5,"y":2},{"x":-2.5,"y":3},{"x":2.5,"y":3},{"x":-1.5,"y":3},{"x":-0.5,"y":3},{"x":0.5,"y":3},{"x":1.5,"y":3}]},{"index":1,"tiles":[{"x":1,"y":-2.5},{"x":-2,"y":-2.5},{"x":-1,"y":-2.5},{"x":2,"y":-2.5},{"x":-1,"y":-1},{"x":1,"y":-1},{"x":-2,"y":0},{"x":-1,"y":0},{"x":1,"y":0},{"x":2,"y":0},{"x":-0.5,"y":1},{"x":0.5,"y":1},{"x":-2.5,"y":1.5},{"x":2.5,"y":1.5},{"x":-2.5,"y":2.5},{"x":-1.5,"y":2.5},{"x":2.5,"y":2.5},{"x":1.5,"y":2.5}]},{"index":2,"tiles":[{"x":1.5,"y":-2.5},{"x":-1.5,"y":-2.5},{"x":-1.5,"y":0},{"x":1.5,"y":0},{"x":-2.5,"y":2},{"x":2.5,"y":2}]}],"seeds":["FQUuCjeSAyp03VlxgVqCi2cugigGlNdx1FIx1KR4HRNWnkIpS8gtCjUp6QAA"]},{"layers":[{"index":0,"tiles":[{"x":1.5,"y":-3},{"x":-1.5,"y":-3},{"x":2.5,"y":-3},{"x":-2.5,"y":-3},{"x":-0.5,"y":-2.5},{"x":0.5,"y":-2.5},{"x":-2.5,"y":-2},{"x":2.5,"y":-2},{"x":1.5,"y":-1.5},{"x":0.5,"y":-1.5},{"x":-0.5,"y":-1.5},{"x":-1.5,"y":-1.5},{"x":-2.5,"y":-1},{"x":2.5,"y":-1},{"x":-1.5,"y":-0.5},{"x":-0.5,"y":-0.5},{"x":0.5,"y":-0.5},{"x":1.5,"y":-0.5},{"x":-2.5,"y":0},{"x":2.5,"y":0},{"x":-0.5,"y":0.5},{"x":0.5,"y":0.5},{"x":-1.5,"y":1.5},{"x":-0.5,"y":1.5},{"x":0.5,"y":1.5},{"x":1.5,"y":1.5},{"x":-2.5,"y":2.5},{"x":-1.5,"y":2.5},{"x":-0.5,"y":2.5},{"x":0.5,"y":2.5},{"x":1.5,"y":2.5},{"x":2.5,"y":2.5}]},{"index":1,"tiles":[{"x":2,"y":-3},{"x":-2,"y":-3},{"x":0.5,"y":-2.5},{"x":-0.5,"y":-2.5},{"x":-2,"y":-1.5},{"x":-1,"y":-1.5},{"x":1,"y":-1.5},{"x":2,"y":-1.5},{"x":-2,"y":-0.5},{"x":-1,"y":-0.5},{"x":1,"y":-0.5},{"x":2,"y":-0.5},{"x":0.5,"y":1},{"x":-0.5,"y":1},{"x":-1,"y":2},{"x":1,"y":2},{"x":-2,"y":2.5},{"x":2,"y":2.5}]},{"index":2,"tiles":[{"x":1.5,"y":-1.5},{"x":-1.5,"y":-1.5},{"x":1.5,"y":-0.5},{"x":-1.5,"y":-0.5}]},{"index":3,"tiles":[{"x":-1.5,"y":-1},{"x":1.5,"y":-1}]}],"seeds":["zjIxoOedAVhxwsJQJCV+36BcZoeCQtOEnVVwYjgQk6WMXUAUYKpWV9k5"]},{"layers":[{"index":0,"tiles":[{"x":2.5,"y":-3},{"x":-2.5,"y":-3},{"x":-1.5,"y":-2.5},{"x":-0.5,"y":-2.5},{"x":0.5,"y":-2.5},{"x":1.5,"y":-2.5},{"x":2.5,"y":-2},{"x":-2.5,"y":-2},{"x":-1.5,"y":-1.5},{"x":1.5,"y":-1.5},{"x":0.5,"y":-1.5},{"x":-0.5,"y":-1.5},{"x":2.5,"y":-1},{"x":-2.5,"y":-1},{"x":-1.5,"y":-0.5},{"x":-0.5,"y":-0.5},{"x":0.5,"y":-0.5},{"x":1.5,"y":-0.5},{"x":-2.5,"y":0.5},{"x":-1.5,"y":0.5},{"x":-0.5,"y":0.5},{"x":0.5,"y":0.5},{"x":1.5,"y":0.5},{"x":2.5,"y":0.5},{"x":-1.5,"y":1.5},{"x":-0.5,"y":1.5},{"x":0.5,"y":1.5},{"x":1.5,"y":1.5},{"x":2.5,"y":2},{"x":-2.5,"y":2},{"x":-1.5,"y":2.5},{"x":1.5,"y":2.5}]},{"index":1,"tiles":[{"x":-1,"y":-2.5},{"x":-2,"y":-2.5},{"x":1,"y":-2.5},{"x":2,"y":-2.5},{"x":2,"y":-1.5},{"x":-2,"y":-1.5},{"x":-1,"y":-1.5},{"x":1,"y":-1.5},{"x":-0.5,"y":0},{"x":0.5,"y":0},{"x":-2,"y":0.5},{"x":2,"y":0.5},{"x":-0.5,"y":1},{"x":0.5,"y":1},{"x":-2,"y":2},{"x":2,"y":2}]},{"index":2,"tiles":[{"x":1.5,"y":-2.5},{"x":-1.5,"y":-2.5},{"x":1.5,"y":-1.5},{"x":-1.5,"y":-1.5},{"x":-0.5,"y":0.5},{"x":0.5,"y":0.5}]},{"index":3,"tiles":[{"x":-1.5,"y":-2},{"x":1.5,"y":-2}]}],"seeds":["gzA1hOedE4MuaiqCDBculUWanCgIgUJZoNI0RRkKzVAEINWNHQF+lfM5"]},{"layers":[{"index":0,"tiles":[{"x":0.5,"y":-3.5},{"x":-0.5,"y":-3.5},{"x":-1.5,"y":-3.5},{"x":1.5,"y":-3.5},{"x":-2.5,"y":-3.5},{"x":2.5,"y":-3.5},{"x":-2.5,"y":-2.5},{"x":-1.5,"y":-2.5},{"x":-0.5,"y":-2.5},{"x":0.5,"y":-2.5},{"x":1.5,"y":-2.5},{"x":2.5,"y":-2.5},{"x":-1.5,"y":-1.5},{"x":-0.5,"y":-1.5},{"x":0.5,"y":-1.5},{"x":1.5,"y":-1.5},{"x":-2.5,"y":-0.5},{"x":-1.5,"y":-0.5},{"x":-0.5,"y":-0.5},{"x":0.5,"y":-0.5},{"x":1.5,"y":-0.5},{"x":2.5,"y":-0.5},{"x":-2.5,"y":0.5},{"x":-1.5,"y":0.5},{"x":2.5,"y":0.5},{"x":1.5,"y":0.5},{"x":0.5,"y":0.5},{"x":-0.5,"y":0.5},{"x":-2.5,"y":1.5},{"x":2.5,"y":1.5},{"x":-0.5,"y":1.5},{"x":0.5,"y":1.5}]},{"index":1,"tiles":[{"x":-2,"y":-3.5},{"x":-1,"y":-3.5},{"x":2,"y":-3.5},{"x":1,"y":-3.5},{"x":-1,"y":-2.5},{"x":1,"y":-2.5},{"x":-2,"y":-2.5},{"x":2,"y":-2.5},{"x":-1,"y":-1.5},{"x":1,"y":-1.5},{"x":-1,"y":-0.5},{"x":1,"y":-0.5},{"x":2,"y":0},{"x":-2,"y":0},{"x":-1,"y":0.5},{"x":1,"y":0.5}]},{"index":2,"tiles":[{"x":1.5,"y":-3.5},{"x":-1.5,"y":-3.5},{"x":-1.5,"y":-2.5},{"x":1.5,"y":-2.5},{"x":1,"y":-1},{"x":-1,"y":-1},{"x":1.5,"y":0},{"x":-1.5,"y":0}]},{"index":3,"tiles":[{"x":1.5,"y":-3},{"x":-1.5,"y":-3}]}],"seeds":["Q1gtwqk0o5h2XBBWXrMMnVmCpCpaDVUJjNgFFVExBDVxguc1ojB5VQcqqAUA"]},{"layers":[{"index":0,"tiles":[{"x":-1.5,"y":-2.5},{"x":-0.5,"y":-2.5},{"x":-2.5,"y":-2.5},{"x":1.5,"y":-2.5},{"x":2.5,"y":-2.5},{"x":0.5,"y":-2.5},{"x":0.5,"y":-1.5},{"x":-0.5,"y":-1.5},{"x":-2.5,"y":-1},{"x":2.5,"y":-1},{"x":1.5,"y":-1},{"x":-1.5,"y":-1},{"x":-0.5,"y":-0.5},{"x":0.5,"y":-0.5},{"x":-2.5,"y":0},{"x":-1.5,"y":0},{"x":1.5,"y":0},{"x":2.5,"y":0},{"x":0.5,"y":0.5},{"x":-0.5,"y":0.5},{"x":1.5,"y":1},{"x":-1.5,"y":1},{"x":0.5,"y":1.5},{"x":-0.5,"y":1.5},{"x":-2.5,"y":2},{"x":-1.5,"y":2},{"x":1.5,"y":2},{"x":2.5,"y":2},{"x":0.5,"y":2.5},{"x":-0.5,"y":2.5},{"x":-1.5,"y":3},{"x":1.5,"y":3}]},{"index":1,"tiles":[{"x":-2,"y":-2.5},{"x":-1,"y":-2.5},{"x":2,"y":-2.5},{"x":1,"y":-2.5},{"x":-2,"y":-1},{"x":2,"y":-1},{"x":1,"y":-0.5},{"x":-1,"y":-0.5},{"x":-2,"y":0},{"x":2,"y":0},{"x":-1,"y":0.5},{"x":1,"y":0.5},{"x":-1,"y":1.5},{"x":1,"y":1.5},{"x":-2,"y":2},{"x":2,"y":2},{"x":0.5,"y":2.5},{"x":-0.5,"y":2.5}]},{"index":2,"tiles":[{"x":1.5,"y":-2.5},{"x":-1.5,"y":-2.5},{"x":-2,"y":-0.5},{"x":2,"y":-0.5},{"x":-1,"y":0},{"x":1,"y":0},{"x":-1,"y":1},{"x":1,"y":1}]},{"index":3,"tiles":[{"x":-1,"y":0.5},{"x":1,"y":0.5}]}],"seeds":["3ed1IQFaQvWJZeEEwjVWC+pwXpOGItEEJEctZ6gyBsUNzKSAxjCFF2eCYKFY"]},{"layers":[{"index":0,"tiles":[{"x":-0.5,"y":-2.5},{"x":0.5,"y":-2.5},{"x":-2.5,"y":-1.5},{"x":-1.5,"y":-1.5},{"x":-0.5,"y":-1.5},{"x":0.5,"y":-1.5},{"x":1.5,"y":-1.5},{"x":2.5,"y":-1.5},{"x":-0.5,"y":-0.5},{"x":0.5,"y":-0.5},{"x":-2.5,"y":-0.5},{"x":-1.5,"y":-0.5},{"x":1.5,"y":-0.5},{"x":2.5,"y":-0.5},{"x":-0.5,"y":0.5},{"x":0.5,"y":0.5},{"x":-2.5,"y":0.5},{"x":-1.5,"y":0.5},{"x":2.5,"y":0.5},{"x":1.5,"y":0.5},{"x":0.5,"y":1.5},{"x":-0.5,"y":1.5},{"x":-2.5,"y":1.5},{"x":-1.5,"y":1.5},{"x":1.5,"y":1.5},{"x":2.5,"y":1.5},{"x":2.5,"y":2.5},{"x":1.5,"y":2.5},{"x":-1.5,"y":2.5},{"x":-2.5,"y":2.5},{"x":0.5,"y":3},{"x":-0.5,"y":3},{"x":-2.5,"y":3.5},{"x":2.5,"y":3.5}]},{"index":1,"tiles":[{"x":-0.5,"y":-2},{"x":0.5,"y":-2},{"x":-0.5,"y":-1},{"x":0.5,"y":-1},{"x":-2,"y":-1},{"x":2,"y":-1},{"x":-2.5,"y":0},{"x":2.5,"y":0},{"x":-1,"y":0},{"x":1,"y":0},{"x":-2.5,"y":1},{"x":-1.5,"y":1},{"x":2.5,"y":1},{"x":1.5,"y":1},{"x":-0.5,"y":1},{"x":0.5,"y":1},{"x":-2.5,"y":2},{"x":-1.5,"y":2},{"x":1.5,"y":2},{"x":2.5,"y":2}]},{"index":2,"tiles":[{"x":-0.5,"y":-1.5},{"x":0.5,"y":-1.5},{"x":-2.5,"y":0.5},{"x":2.5,"y":0.5},{"x":-2.5,"y":1.5},{"x":-1.5,"y":1.5},{"x":2.5,"y":1.5},{"x":1.5,"y":1.5}]},{"index":3,"tiles":[{"x":-2,"y":1.5},{"x":2,"y":1.5}]}],"seeds":["HuM0IOdxRkh+4MIVShlMxvmNFlcsVKMIQxCGBHOhYiWojBheYNoR4NBx1WRyDOVY"]},{"layers":[{"index":0,"tiles":[{"x":2.5,"y":-3.5},{"x":-2.5,"y":-3.5},{"x":0.5,"y":-3},{"x":-0.5,"y":-3},{"x":-1.5,"y":-2.5},{"x":1.5,"y":-2.5},{"x":2.5,"y":-2.5},{"x":-2.5,"y":-2.5},{"x":0.5,"y":-2},{"x":-0.5,"y":-2},{"x":2.5,"y":-1.5},{"x":1.5,"y":-1.5},{"x":-2.5,"y":-1.5},{"x":-1.5,"y":-1.5},{"x":0.5,"y":-1},{"x":-0.5,"y":-1},{"x":2.5,"y":-0.5},{"x":-1.5,"y":-0.5},{"x":1.5,"y":-0.5},{"x":-2.5,"y":-0.5},{"x":0.5,"y":0},{"x":-0.5,"y":0},{"x":-2.5,"y":0.5},{"x":-1.5,"y":0.5},{"x":1.5,"y":0.5},{"x":2.5,"y":0.5},{"x":-0.5,"y":1},{"x":0.5,"y":1},{"x":-2.5,"y":1.5},{"x":-1.5,"y":1.5},{"x":1.5,"y":1.5},{"x":2.5,"y":1.5},{"x":-0.5,"y":2},{"x":0.5,"y":2},{"x":-2.5,"y":2.5},{"x":-1.5,"y":2.5},{"x":1.5,"y":2.5},{"x":2.5,"y":2.5},{"x":-2.5,"y":3.5},{"x":2.5,"y":3.5}]},{"index":1,"tiles":[{"x":-2.5,"y":-3},{"x":2.5,"y":-3},{"x":0.5,"y":-2.5},{"x":-0.5,"y":-2.5},{"x":-1.5,"y":-2},{"x":2.5,"y":-2},{"x":1.5,"y":-2},{"x":-2.5,"y":-2},{"x":0.5,"y":-1.5},{"x":-0.5,"y":-1.5},{"x":-2,"y":-1},{"x":2,"y":-1},{"x":1,"y":0},{"x":2,"y":0},{"x":-1,"y":0},{"x":-2,"y":0},{"x":-1,"y":1},{"x":-2,"y":1},{"x":2,"y":1},{"x":1,"y":1},{"x":-1,"y":2},{"x":1,"y":2},{"x":-2.5,"y":2},{"x":2.5,"y":2},{"x":2.5,"y":3},{"x":-2.5,"y":3}]},{"index":2,"tiles":[{"x":0,"y":-2.5},{"x":2.5,"y":-2.5},{"x":-2.5,"y":-2.5},{"x":-1,"y":-2},{"x":1,"y":-2},{"x":0,"y":-1.5},{"x":2,"y":-0.5},{"x":-2,"y":-0.5},{"x":-1,"y":0.5},{"x":1,"y":0.5},{"x":2,"y":0.5},{"x":-2,"y":0.5},{"x":-1,"y":1.5},{"x":1,"y":1.5},{"x":2.5,"y":2.5},{"x":-2.5,"y":2.5}]},{"index":3,"tiles":[{"x":-0.5,"y":-2},{"x":0.5,"y":-2},{"x":2,"y":0},{"x":-2,"y":0},{"x":1,"y":1},{"x":-1,"y":1}]}],"seeds":["HLiIaCAyGBim50VwSDQZj/ocykeEihVmSMiQ4aSNkIF5XZEFDRSBFSg4HSgsTad5XuWApUlZnihy3RdyA1UM33dc"]}]]],0,0,[],[],[]]
