[1,["9fRwHoNbxB1ZSiEvcKjVvL@6c48a"],["_textureSource"],["cc.SpriteFrame"],0,[{"name":"Awesome","rect":{"x":0,"y":0,"width":461,"height":124},"offset":{"x":0,"y":0},"originalSize":{"width":461,"height":124},"rotated":false,"capInsets":[0,0,0,0],"vertices":{"rawPosition":[-230.5,-62,0,230.5,-62,0,-230.5,62,0,230.5,62,0],"indexes":[0,1,2,2,1,3],"uv":[0,124,461,124,0,0,461,0],"nuv":[0,0,1,0,0,1,1,1],"minPos":{"x":-230.5,"y":-62,"z":0},"maxPos":{"x":230.5,"y":62,"z":0}},"packable":true,"pixelsToUnit":100,"pivot":{"x":0.5,"y":0.5},"meshType":0}],[0],0,[0],[0],[0]]
