[1,["d90SMvYmFKioJbqOJIL31b@6c48a"],["_textureSource"],["cc.SpriteFrame"],0,[{"name":"journey-button","rect":{"x":0,"y":6,"width":793,"height":273},"offset":{"x":-1,"y":-0.5},"originalSize":{"width":795,"height":284},"rotated":false,"capInsets":[0,0,0,0],"vertices":{"rawPosition":[-396.5,-136.5,0,396.5,-136.5,0,-396.5,136.5,0,396.5,136.5,0],"indexes":[0,1,2,2,1,3],"uv":[0,278,793,278,0,5,793,5],"nuv":[0,0.017605633802816902,0.9974842767295597,0.017605633802816902,0,0.9788732394366197,0.9974842767295597,0.9788732394366197],"minPos":{"x":-396.5,"y":-136.5,"z":0},"maxPos":{"x":396.5,"y":136.5,"z":0}},"packable":true,"pixelsToUnit":100,"pivot":{"x":0.5,"y":0.5},"meshType":0}],[0],0,[0],[0],[0]]
