{"levels":[{"level_id":1,"enemy_row1":"0-0-0-0-0","enemy_row2":"0-r1-0-m1-0","enemy_row3":"0-0-0-0-0"},{"level_id":2,"enemy_row1":"0-0-r1-0-0","enemy_row2":"0-m1-0-m1-0","enemy_row3":"0-0-0-0-0"},{"level_id":3,"enemy_row1":"0-r1-0-r1-0","enemy_row2":"0-m1-0-m1-0","enemy_row3":"0-0-0-0-0"},{"level_id":4,"enemy_row1":"0-r1-r1-r1-0","enemy_row2":"0-m1-0-m1-0","enemy_row3":"0-0-0-0-0"},{"level_id":5,"enemy_row1":"r2-0-0-0-r2","enemy_row2":"0-m1-m1-m1-0","enemy_row3":"0-0-0-0-0"},{"level_id":6,"enemy_row1":"0-0-0-0-0","enemy_row2":"0-m3-0-m3-0","enemy_row3":"0-0-m1-0-0"},{"level_id":7,"enemy_row1":"0-0-r1-0-0","enemy_row2":"0-m3-0-m3-0","enemy_row3":"0-0-m2-0-0"},{"level_id":8,"enemy_row1":"0-r1-r2-r1-0","enemy_row2":"0-m2-m3-m2-0","enemy_row3":"0-0-0-0-0"},{"level_id":9,"enemy_row1":"r1-r2-r3-r2-r1","enemy_row2":"m1-m1-m2-m1-m1","enemy_row3":"m1-m1-m3-m1-m1"},{"level_id":10,"enemy_row1":"0-0-0-0-0","enemy_row2":"0-r4-r5-m2-0","enemy_row3":"0-0-0-0-0"},{"level_id":11,"enemy_row1":"0-0-0-0-0","enemy_row2":"0-0-0-0-0","enemy_row3":"0-m4-m5-m3-0"},{"level_id":12,"enemy_row1":"r2-r4-r5-r3-0","enemy_row2":"0-0-0-0-0","enemy_row3":"0-0-0-0-0"},{"level_id":13,"enemy_row1":"0-0-r6-0-0","enemy_row2":"0-0-0-0-0","enemy_row3":"0-0-0-0-0"},{"level_id":14,"enemy_row1":"0-0-0-0-0","enemy_row2":"0-0-0-0-0","enemy_row3":"0-m6-0-m2-0"},{"level_id":15,"enemy_row1":"0-0-r6-0-0","enemy_row2":"0-0-0-0-0","enemy_row3":"0-0-m3-0-0"},{"level_id":16,"enemy_row1":"0-0-r3-0-0","enemy_row2":"0-0-r2-0-0","enemy_row3":"0-0-m6-0-0"},{"level_id":17,"enemy_row1":"0-0-r6-0-0","enemy_row2":"0-0-0-0-0","enemy_row3":"0-0-m4-0-0"},{"level_id":18,"enemy_row1":"0-0-0-0-0","enemy_row2":"0-r4-r6-m2-0","enemy_row3":"0-0-0-0-0"},{"level_id":19,"enemy_row1":"0-r3-0-r2-0","enemy_row2":"0-0-0-0-0","enemy_row3":"0-m6-0-m5-0"},{"level_id":20,"enemy_row1":"0-r6-0-r4-0","enemy_row2":"0-0-0-0-0","enemy_row3":"0-0-m5-0-0"},{"level_id":21,"enemy_row1":"0-0-0-0-0","enemy_row2":"m2-r5-r6-m4-0","enemy_row3":"0-0-0-0-0"},{"level_id":22,"enemy_row1":"0-r5-0-r3-0","enemy_row2":"0-0-r4-0-0","enemy_row3":"0-0-m6-0-0"},{"level_id":23,"enemy_row1":"r2-r4-r6-r3-0","enemy_row2":"0-0-0-0-0","enemy_row3":"0-0-m5-0-0"},{"level_id":24,"enemy_row1":"0-0-0-0-0","enemy_row2":"0-0-0-0-0","enemy_row3":"0-0-m7-0-0"},{"level_id":25,"enemy_row1":"0-r7-0-r2-0","enemy_row2":"0-0-0-0-0","enemy_row3":"0-0-0-0-0"},{"level_id":26,"enemy_row1":"0-0-0-0-0","enemy_row2":"0-r7-0-r3-0","enemy_row3":"0-0-0-0-0"},{"level_id":27,"enemy_row1":"0-r3-r7-r2-0","enemy_row2":"0-0-0-0-0","enemy_row3":"0-0-0-0-0"},{"level_id":28,"enemy_row1":"0-0-0-0-0","enemy_row2":"0-0-0-0-0","enemy_row3":"0-m7-0-m4-0"},{"level_id":29,"enemy_row1":"0-r5-r7-r3-0","enemy_row2":"0-0-0-0-0","enemy_row3":"0-0-0-0-0"},{"level_id":30,"enemy_row1":"0-0-0-0-0","enemy_row2":"m2-r5-r7-m3-0","enemy_row3":"0-0-0-0-0"},{"level_id":31,"enemy_row1":"0-r5-r7-r4-0","enemy_row2":"0-0-0-0-0","enemy_row3":"0-0-0-0-0"},{"level_id":32,"enemy_row1":"0-r5-0-r2-0","enemy_row2":"0-0-r4-0-0","enemy_row3":"0-0-m7-0-0"},{"level_id":33,"enemy_row1":"0-0-0-0-0","enemy_row2":"m3-r5-r7-m4-0","enemy_row3":"0-0-0-0-0"},{"level_id":34,"enemy_row1":"0-r3-r4-r2-0","enemy_row2":"0-0-0-0-0","enemy_row3":"0-m7-0-m5-0"},{"level_id":35,"enemy_row1":"0-0-0-0-0","enemy_row2":"0-r7-0-r6-0","enemy_row3":"0-0-0-0-0"},{"level_id":36,"enemy_row1":"0-r7-0-r2-0","enemy_row2":"0-0-0-0-0","enemy_row3":"0-0-m6-0-0"},{"level_id":37,"enemy_row1":"0-r6-r7-r3-0","enemy_row2":"0-0-0-0-0","enemy_row3":"0-0-0-0-0"},{"level_id":38,"enemy_row1":"0-r6-0-r2-0","enemy_row2":"0-0-r3-0-0","enemy_row3":"0-0-m7-0-0"},{"level_id":39,"enemy_row1":"0-r5-r7-r2-0","enemy_row2":"0-0-0-0-0","enemy_row3":"0-0-m6-0-0"},{"level_id":40,"enemy_row1":"0-0-0-0-0","enemy_row2":"m3-r6-r7-m5-0","enemy_row3":"0-0-0-0-0"},{"level_id":41,"enemy_row1":"0-r3-0-r2-0","enemy_row2":"0-0-0-0-0","enemy_row3":"0-m6-m7-m5-0"},{"level_id":42,"enemy_row1":"0-r5-0-r4-0","enemy_row2":"0-0-0-0-0","enemy_row3":"0-m7-0-m6-0"},{"level_id":43,"enemy_row1":"0-r4-r5-r2-0","enemy_row2":"0-0-0-0-0","enemy_row3":"0-m7-0-m6-0"},{"level_id":44,"enemy_row1":"0-0-0-0-0","enemy_row2":"m4-r6-r7-m5-r3","enemy_row3":"0-0-0-0-0"},{"level_id":45,"enemy_row1":"r2-r4-r5-r3-0","enemy_row2":"0-0-0-0-0","enemy_row3":"0-m7-0-m6-0"},{"level_id":46,"enemy_row1":"0-0-r8-0-0","enemy_row2":"0-0-0-0-0","enemy_row3":"0-0-0-0-0"},{"level_id":47,"enemy_row1":"0-0-0-0-0","enemy_row2":"0-0-0-0-0","enemy_row3":"0-m8-0-m2-0"},{"level_id":48,"enemy_row1":"0-0-r8-0-0","enemy_row2":"0-0-0-0-0","enemy_row3":"0-0-m3-0-0"},{"level_id":49,"enemy_row1":"0-0-0-0-0","enemy_row2":"0-0-0-0-0","enemy_row3":"0-m8-0-m5-0"},{"level_id":50,"enemy_row1":"0-0-0-0-0","enemy_row2":"0-0-0-0-0","enemy_row3":"0-m5-m8-m2-0"},{"level_id":51,"enemy_row1":"0-r3-0-r2-0","enemy_row2":"0-0-0-0-0","enemy_row3":"0-m8-0-m5-0"},{"level_id":52,"enemy_row1":"0-0-0-0-0","enemy_row2":"m2-r5-r8-m4-0","enemy_row3":"0-0-0-0-0"},{"level_id":53,"enemy_row1":"0-r3-r4-r2-0","enemy_row2":"0-0-0-0-0","enemy_row3":"0-m8-0-m5-0"},{"level_id":54,"enemy_row1":"0-0-r6-0-0","enemy_row2":"0-0-r2-0-0","enemy_row3":"0-0-m8-0-0"},{"level_id":55,"enemy_row1":"0-r6-0-r2-0","enemy_row2":"0-0-r3-0-0","enemy_row3":"0-0-m8-0-0"},{"level_id":56,"enemy_row1":"0-r4-0-r2-0","enemy_row2":"0-0-0-0-0","enemy_row3":"0-m8-0-m6-0"},{"level_id":57,"enemy_row1":"r3-r6-r8-r4-r2","enemy_row2":"0-0-0-0-0","enemy_row3":"0-0-0-0-0"},{"level_id":58,"enemy_row1":"0-r6-0-r2-0","enemy_row2":"0-0-r5-0-0","enemy_row3":"0-0-m8-0-0"},{"level_id":59,"enemy_row1":"0-0-r2-0-0","enemy_row2":"m4-r6-r8-m5-r3","enemy_row3":"0-0-0-0-0"},{"level_id":60,"enemy_row1":"0-r7-r8-r2-0","enemy_row2":"0-0-0-0-0","enemy_row3":"0-0-0-0-0"},{"level_id":61,"enemy_row1":"0-0-r2-0-0","enemy_row2":"0-0-0-0-0","enemy_row3":"0-m7-m8-m3-0"},{"level_id":62,"enemy_row1":"0-0-0-0-0","enemy_row2":"m2-r7-r8-m4-0","enemy_row3":"0-0-0-0-0"},{"level_id":63,"enemy_row1":"0-r3-r7-r2-0","enemy_row2":"0-0-r4-0-0","enemy_row3":"0-0-m8-0-0"},{"level_id":64,"enemy_row1":"0-0-0-0-0","enemy_row2":"m2-r7-r8-m5-0","enemy_row3":"0-0-0-0-0"},{"level_id":65,"enemy_row1":"0-0-0-0-0","enemy_row2":"m3-r7-r8-m5-r2","enemy_row3":"0-0-0-0-0"},{"level_id":66,"enemy_row1":"0-r4-r7-r2-0","enemy_row2":"0-0-r5-0-0","enemy_row3":"0-0-m8-0-0"},{"level_id":67,"enemy_row1":"r4-r7-r8-r5-r3","enemy_row2":"0-0-r2-0-0","enemy_row3":"0-0-0-0-0"},{"level_id":68,"enemy_row1":"0-r7-0-r2-0","enemy_row2":"0-0-r6-0-0","enemy_row3":"0-0-m8-0-0"},{"level_id":69,"enemy_row1":"r2-r4-r7-r3-0","enemy_row2":"0-0-r6-0-0","enemy_row3":"0-0-m8-0-0"},{"level_id":70,"enemy_row1":"r2-r6-r8-r5-0","enemy_row2":"0-0-0-0-0","enemy_row3":"0-0-m7-0-0"},{"level_id":71,"enemy_row1":"r2-r5-r7-r3-0","enemy_row2":"0-0-r6-0-0","enemy_row3":"0-0-m8-0-0"},{"level_id":72,"enemy_row1":"r2-r5-r7-r4-0","enemy_row2":"0-0-r6-0-0","enemy_row3":"0-0-m8-0-0"},{"level_id":73,"enemy_row1":"0-r3-0-r2-0","enemy_row2":"m5-r7-r8-m6-r4","enemy_row3":"0-0-0-0-0"},{"level_id":74,"enemy_row1":"0-0-0-0-0","enemy_row2":"0-0-0-0-0","enemy_row3":"0-m9-0-m2-0"},{"level_id":75,"enemy_row1":"0-0-r3-0-0","enemy_row2":"0-0-r2-0-0","enemy_row3":"0-0-m9-0-0"},{"level_id":76,"enemy_row1":"0-r9-0-r2-0","enemy_row2":"0-0-0-0-0","enemy_row3":"0-0-m4-0-0"},{"level_id":77,"enemy_row1":"0-r3-0-r2-0","enemy_row2":"0-0-0-0-0","enemy_row3":"0-m9-0-m4-0"},{"level_id":78,"enemy_row1":"0-0-0-0-0","enemy_row2":"0-0-0-0-0","enemy_row3":"0-m5-m9-m2-0"},{"level_id":79,"enemy_row1":"0-r3-r4-r2-0","enemy_row2":"0-0-0-0-0","enemy_row3":"0-m9-0-m5-0"},{"level_id":80,"enemy_row1":"0-0-r2-0-0","enemy_row2":"0-0-0-0-0","enemy_row3":"0-m9-0-m6-0"},{"level_id":81,"enemy_row1":"r2-r6-r9-r3-0","enemy_row2":"0-0-0-0-0","enemy_row3":"0-0-0-0-0"},{"level_id":82,"enemy_row1":"0-r6-0-r2-0","enemy_row2":"0-0-r4-0-0","enemy_row3":"0-0-m9-0-0"},{"level_id":83,"enemy_row1":"r2-r4-r9-r3-0","enemy_row2":"0-0-0-0-0","enemy_row3":"0-0-m6-0-0"},{"level_id":84,"enemy_row1":"0-r5-r9-r2-0","enemy_row2":"0-0-0-0-0","enemy_row3":"0-0-m6-0-0"},{"level_id":85,"enemy_row1":"0-r3-0-r2-0","enemy_row2":"0-0-0-0-0","enemy_row3":"0-m6-m9-m5-0"},{"level_id":86,"enemy_row1":"0-0-0-0-0","enemy_row2":"m4-r6-r9-m5-r2","enemy_row3":"0-0-0-0-0"},{"level_id":87,"enemy_row1":"r3-r5-r9-r4-r2","enemy_row2":"0-0-0-0-0","enemy_row3":"0-0-m6-0-0"},{"level_id":88,"enemy_row1":"0-r7-r9-r2-0","enemy_row2":"0-0-0-0-0","enemy_row3":"0-0-0-0-0"},{"level_id":89,"enemy_row1":"0-r3-0-r2-0","enemy_row2":"0-0-0-0-0","enemy_row3":"0-m7-m9-m4-0"},{"level_id":90,"enemy_row1":"0-r5-0-r2-0","enemy_row2":"0-0-0-0-0","enemy_row3":"0-m9-0-m7-0"},{"level_id":91,"enemy_row1":"0-r3-0-r2-0","enemy_row2":"0-0-0-0-0","enemy_row3":"0-m7-m9-m5-0"},{"level_id":92,"enemy_row1":"0-r4-0-r2-0","enemy_row2":"0-0-0-0-0","enemy_row3":"0-m7-m9-m5-0"},{"level_id":93,"enemy_row1":"r4-r7-r9-r5-r3","enemy_row2":"0-0-r2-0-0","enemy_row3":"0-0-0-0-0"},{"level_id":94,"enemy_row1":"0-0-r2-0-0","enemy_row2":"0-0-0-0-0","enemy_row3":"0-m7-m9-m6-0"},{"level_id":95,"enemy_row1":"0-r3-r7-r2-0","enemy_row2":"0-0-r6-0-0","enemy_row3":"0-0-m9-0-0"},{"level_id":96,"enemy_row1":"0-r4-r7-r2-0","enemy_row2":"0-0-r6-0-0","enemy_row3":"0-0-m9-0-0"},{"level_id":97,"enemy_row1":"r4-r7-r9-r6-r3","enemy_row2":"0-0-r2-0-0","enemy_row3":"0-0-0-0-0"},{"level_id":98,"enemy_row1":"0-r5-r6-r2-0","enemy_row2":"0-0-0-0-0","enemy_row3":"0-m9-0-m7-0"},{"level_id":99,"enemy_row1":"r5-r7-r9-r6-r4","enemy_row2":"0-r3-0-r2-0","enemy_row3":"0-0-0-0-0"},{"level_id":100,"enemy_row1":"0-0-0-0-0","enemy_row2":"0-0-0-0-0","enemy_row3":"0-m8-m9-m2-0"}]}