{"compressionlevel":1,"height":30,"infinite":false,"layers":[{"draworder":"topdown","id":34,"name":"watcher","objects":[],"opacity":1,"type":"objectgroup","visible":false,"x":0,"y":0},{"id":26,"layers":[{"draworder":"topdown","id":18,"name":"decor-obj-behind","objects":[],"opacity":1,"type":"objectgroup","visible":true,"x":0,"y":0},{"draworder":"topdown","id":19,"name":"goal-obj","objects":[],"opacity":1,"type":"objectgroup","visible":true,"x":0,"y":0},{"draworder":"topdown","id":15,"name":"static-obj","objects":[{"gid":52,"height":147,"id":311,"name":"milk-tea","rotation":0,"type":"milk-tea","visible":true,"width":89,"x":482,"y":457}],"opacity":1,"type":"objectgroup","visible":true,"x":0,"y":0},{"draworder":"topdown","id":21,"name":"movement-modifier-obj","objects":[{"gid":122,"height":37,"id":309,"name":"conveyor","properties":[{"name":"direction","type":"string","value":"left"},{"name":"speed","type":"int","value":120}],"rotation":0,"type":"conveyor","visible":true,"width":121,"x":356,"y":488},{"gid":122,"height":37,"id":308,"name":"conveyor","properties":[{"name":"direction","type":"string","value":"left"},{"name":"speed","type":"int","value":51}],"rotation":0,"type":"conveyor","visible":false,"width":121,"x":443,"y":488}],"opacity":1,"type":"objectgroup","visible":true,"x":0,"y":0},{"draworder":"topdown","id":16,"name":"collect-obj","objects":[{"gid":85,"height":31,"id":285,"name":"coin","properties":[{"name":"isMoving","type":"bool","value":false},{"name":"value","type":"int","value":1}],"rotation":0,"type":"coin","visible":true,"width":31,"x":59,"y":450},{"gid":85,"height":31,"id":286,"name":"coin","properties":[{"name":"isMoving","type":"bool","value":true},{"name":"value","type":"int","value":1}],"rotation":0,"type":"coin","visible":true,"width":31,"x":100,"y":450},{"gid":85,"height":31,"id":287,"name":"coin","properties":[{"name":"isMoving","type":"bool","value":false},{"name":"value","type":"int","value":1}],"rotation":0,"type":"coin","visible":true,"width":31,"x":141,"y":450}],"opacity":1,"type":"objectgroup","visible":true,"x":0,"y":0}],"name":"objects","opacity":1,"type":"group","visible":true,"x":0,"y":0},{"draworder":"topdown","id":33,"name":"player","objects":[],"opacity":1,"type":"objectgroup","visible":false,"x":0,"y":0},{"draworder":"topdown","id":40,"name":"symbol","objects":[{"gid":159,"height":164,"id":326,"name":"rise","properties":[{"name":"duration","type":"float","value":1},{"name":"height","type":"int","value":100}],"rotation":0,"type":"rise","visible":true,"width":260,"x":30,"y":471},{"gid":160,"height":164,"id":327,"name":"stare-trigger","properties":[{"name":"beamDuration","type":"float","value":1},{"name":"beamHoldDuration","type":"float","value":1},{"name":"confuseDuration","type":"float","value":1},{"name":"fallDuration","type":"float","value":0.6},{"name":"winkDuration","type":"float","value":1}],"rotation":0,"type":"stare-trigger","visible":true,"width":260,"x":270,"y":471}],"opacity":1,"type":"objectgroup","visible":true,"x":0,"y":0}],"nextlayerid":45,"nextobjectid":333,"orientation":"orthogonal","renderorder":"right-down","tiledversion":"1.7.1","tileheight":29,"tilesets":[{"columns":0,"firstgid":1,"grid":{"height":1,"orientation":"orthogonal","width":1},"margin":0,"name":"static-obj","spacing":0,"tilecount":49,"tileheight":301,"tiles":[{"id":32,"image":"../../maps/assets/static-obj/apple.png","type":"apple"},{"id":33,"image":"../../maps/assets/static-obj/ball.png","type":"ball"},{"id":34,"image":"../../maps/assets/static-obj/banana.png","type":"banana"},{"id":35,"image":"../../maps/assets/static-obj/books.png","type":"books"},{"id":36,"image":"../../maps/assets/static-obj/cactus.png","type":"cactus"},{"id":37,"image":"../../maps/assets/static-obj/candy-bottle.png","type":"candy-bottle"},{"id":38,"image":"../../maps/assets/static-obj/clock.png","type":"clock"},{"id":39,"image":"../../maps/assets/static-obj/coca.png","type":"coca"},{"id":40,"image":"../../maps/assets/static-obj/cupcake.png","type":"cupcake"},{"id":41,"image":"../../maps/assets/static-obj/chest.png","type":"chest"},{"id":42,"image":"../../maps/assets/static-obj/chest-2.png","type":"chest-2"},{"id":43,"image":"../../maps/assets/static-obj/eraser.png","type":"eraser"},{"id":44,"image":"../../maps/assets/static-obj/fries.png","type":"fries"},{"id":45,"image":"../../maps/assets/static-obj/gavel-bottle.png","type":"gavel-bottle"},{"id":46,"image":"../../maps/assets/static-obj/gummy-candy.png","type":"gummy-candy"},{"id":47,"image":"../../maps/assets/static-obj/hamburger.png","type":"hamburger"},{"id":48,"image":"../../maps/assets/static-obj/hotdog.png","type":"hotdog"},{"id":49,"image":"../../maps/assets/static-obj/milk-bottle.png","type":"milk-bottle"},{"id":50,"image":"../../maps/assets/static-obj/milk-glass.png","type":"milk-glass"},{"id":51,"image":"../../maps/assets/static-obj/milk-tea.png","type":"milk-tea"},{"id":52,"image":"../../maps/assets/static-obj/milk-tea-2.png","type":"milk-tea-2"},{"id":53,"image":"../../maps/assets/static-obj/orange.png","type":"orange"},{"id":54,"image":"../../maps/assets/static-obj/orange-juice.png","type":"orange-juice"},{"id":55,"image":"../../maps/assets/static-obj/pencil.png","type":"pencil"},{"id":56,"image":"../../maps/assets/static-obj/sandwiches.png","type":"sandwiches"},{"id":57,"image":"../../maps/assets/static-obj/soft-drink-1.png","type":"soft-drink-1"},{"id":58,"image":"../../maps/assets/static-obj/sugar-bottle.png","type":"sugar-bottle"},{"id":59,"image":"../../maps/assets/static-obj/toaster.png","type":"toaster"},{"id":60,"image":"../../maps/assets/static-obj/toy.png","type":"toy"},{"id":61,"image":"../../maps/assets/static-obj/watermelon-1.png","type":"watermelon-1"},{"id":62,"image":"../../maps/assets/static-obj/watermelon-2.png","type":"watermelon-2"},{"id":63,"image":"../../maps/assets/static-obj/candy-star.png","type":"candy-star"},{"id":64,"image":"../../maps/assets/static-obj/candy-umbrella.png","type":"candy-umbrella"},{"id":65,"image":"../../maps/assets/static-obj/cat-mask.png","type":"cat-mask"},{"id":66,"image":"../../maps/assets/static-obj/desk-phone.png","type":"desk-phone"},{"id":67,"image":"../../maps/assets/static-obj/dying-tree.png","type":"dying-tree"},{"id":68,"image":"../../maps/assets/static-obj/eclock.png","type":"eclock"},{"id":69,"image":"../../maps/assets/static-obj/gift-box.png","type":"gift-box"},{"id":70,"image":"../../maps/assets/static-obj/marble-ball.png","type":"marble-ball"},{"id":71,"image":"../../maps/assets/static-obj/marble-ball-group.png","type":"marble-ball-group"},{"id":72,"image":"../../maps/assets/static-obj/origami-bird.png","type":"origami-bird"},{"id":73,"image":"../../maps/assets/static-obj/origami-rabbit.png","type":"origami-rabbit"},{"id":74,"image":"../../maps/assets/static-obj/piggy-bank.png","type":"piggy-bank"},{"id":75,"image":"../../maps/assets/static-obj/square-origami.png","type":"square-origami"},{"id":76,"image":"../../maps/assets/static-obj/teddy-bear.png","type":"teddy-bear"},{"id":77,"image":"../../maps/assets/static-obj/zippo.png","type":"zippo"},{"id":78,"image":"../../../Downloads/x2_2/x2/gameplay/static-obj/balloon.png","type":"balloon"},{"id":79,"image":"../../../Downloads/x2_2/x2/gameplay/static-obj/crab.png","type":"crab"},{"id":80,"image":"../../../Downloads/x2_2/x2/gameplay/static-obj/spaceship.png","type":"spaceship"}],"tilewidth":334},{"columns":0,"firstgid":82,"grid":{"height":1,"orientation":"orthogonal","width":1},"margin":0,"name":"collect-obj","spacing":0,"tilecount":4,"tileheight":82,"tiles":[{"id":0,"image":"../../maps/assets/collect-obj/gift-circle.png","properties":[{"name":"value","type":"int","value":10}],"type":"gift-circle"},{"id":1,"image":"../../maps/assets/collect-obj/gift-heart.png","properties":[{"name":"value","type":"int","value":10}],"type":"gift-heart"},{"id":2,"image":"../../maps/assets/collect-obj/gift-square.png","properties":[{"name":"value","type":"int","value":10}],"type":"gift-square"},{"id":3,"image":"../../maps/assets/collect-obj/coin.png","properties":[{"name":"value","type":"int","value":1}],"type":"coin"}],"tilewidth":82},{"columns":0,"firstgid":86,"grid":{"height":1,"orientation":"orthogonal","width":1},"margin":0,"name":"decor-obj","spacing":0,"tilecount":6,"tileheight":320,"tiles":[{"id":3,"image":"../../maps/assets/decor-obj/handkerchief-1.png"},{"id":4,"image":"../../maps/assets/decor-obj/handkerchief-2.png"},{"id":5,"image":"../../maps/assets/decor-obj/handkerchief-3.png"},{"id":6,"image":"../../maps/assets/decor-obj/handkerchief-4.png"},{"id":7,"image":"../../maps/assets/decor-obj/handkerchief-5.png"},{"id":8,"image":"../../maps/assets/decor-obj/handkerchief-6.png"}],"tilewidth":693},{"columns":0,"firstgid":95,"grid":{"height":1,"orientation":"orthogonal","width":1},"margin":0,"name":"decor-obj-behind","spacing":0,"tilecount":18,"tileheight":142,"tiles":[{"id":0,"image":"../../maps/assets/decor-obj-behind/book-1.png"},{"id":1,"image":"../../maps/assets/decor-obj-behind/book-2.png"},{"id":2,"image":"../../maps/assets/decor-obj-behind/book-3.png"},{"id":3,"image":"../../maps/assets/decor-obj-behind/book-4.png"},{"id":4,"image":"../../maps/assets/decor-obj-behind/book-5.png"},{"id":5,"image":"../../maps/assets/decor-obj-behind/cookies-1.png"},{"id":6,"image":"../../maps/assets/decor-obj-behind/cookies-2.png"},{"id":7,"image":"../../maps/assets/decor-obj-behind/crayon-blue.png"},{"id":8,"image":"../../maps/assets/decor-obj-behind/crayon-green.png"},{"id":9,"image":"../../maps/assets/decor-obj-behind/crayon-pink-yellow.png"},{"id":10,"image":"../../maps/assets/decor-obj-behind/fork.png"},{"id":11,"image":"../../maps/assets/decor-obj-behind/fork-2.png"},{"id":12,"image":"../../maps/assets/decor-obj-behind/glove.png"},{"id":13,"image":"../../maps/assets/decor-obj-behind/knife.png"},{"id":14,"image":"../../maps/assets/decor-obj-behind/rolling-pin.png"},{"id":15,"image":"../../maps/assets/decor-obj-behind/sandwich.png"},{"id":16,"image":"../../maps/assets/decor-obj-behind/spoon.png"},{"id":17,"image":"../../maps/assets/decor-obj-behind/wood-spoon.png"}],"tilewidth":342},{"columns":0,"firstgid":113,"grid":{"height":1,"orientation":"orthogonal","width":1},"margin":0,"name":"goal-obj","spacing":0,"tilecount":2,"tileheight":192,"tiles":[{"id":0,"image":"../../maps/assets/goal-obj/cheese-1.png"},{"id":1,"image":"../../maps/assets/goal-obj/cheese-2.png"}],"tilewidth":307},{"columns":0,"firstgid":115,"grid":{"height":1,"orientation":"orthogonal","width":1},"margin":0,"name":"interactable-obj","spacing":0,"tilecount":6,"tileheight":134,"tiles":[{"id":0,"image":"../../maps/assets/interactable-obj/blue-button-down.png"},{"id":1,"image":"../../maps/assets/interactable-obj/blue-button-up.png"},{"id":2,"image":"../../maps/assets/interactable-obj/joystick.png"},{"id":3,"image":"../../maps/assets/interactable-obj/joystick-down.png"},{"id":4,"image":"../../maps/assets/interactable-obj/red-button-down.png"},{"id":5,"image":"../../maps/assets/interactable-obj/red-button-up.png"}],"tilewidth":121},{"columns":0,"firstgid":121,"grid":{"height":1,"orientation":"orthogonal","width":1},"margin":0,"name":"movement-modifier-obj","spacing":0,"tilecount":3,"tileheight":110,"tiles":[{"id":0,"image":"../../maps/assets/movement-modifier-obj/boxing.png","properties":[{"name":"direction","type":"string","value":"right"},{"name":"speed","type":"int","value":346}],"type":"boxing"},{"id":1,"image":"../../maps/assets/movement-modifier-obj/conveyor.png","properties":[{"name":"direction","type":"string","value":"left"},{"name":"speed","type":"int","value":51}],"type":"conveyor"},{"id":2,"image":"../../maps/assets/movement-modifier-obj/liquid.png","type":"liquid"}],"tilewidth":241},{"columns":0,"firstgid":124,"grid":{"height":1,"orientation":"orthogonal","width":1},"margin":0,"name":"moving-obj","spacing":0,"tilecount":2,"tileheight":424,"tiles":[{"id":0,"image":"../../maps/assets/moving-obj/icecream-truck.png"},{"id":1,"image":"../../maps/assets/moving-obj/tank.png"}],"tilewidth":564},{"columns":0,"firstgid":126,"grid":{"height":1,"orientation":"orthogonal","width":1},"margin":0,"name":"seethrough-obj","spacing":0,"tilecount":8,"tileheight":165,"tiles":[{"id":0,"image":"../../maps/assets/seethrough-obj/crystall-ball.png","type":"crystall-ball"},{"id":1,"image":"../../maps/assets/seethrough-obj/empty-bottle-1.png","type":"empty-bottle-1"},{"id":2,"image":"../../maps/assets/seethrough-obj/empty-bottle-2.png","type":"empty-bottle-2"},{"id":3,"image":"../../maps/assets/seethrough-obj/glass.png","type":"glass"},{"id":4,"image":"../../maps/assets/seethrough-obj/glasses.png","type":"glasses"},{"id":5,"image":"../../maps/assets/seethrough-obj/king.png","type":"king"},{"id":6,"image":"../../maps/assets/seethrough-obj/knight.png","type":"knight"},{"id":7,"image":"../../maps/assets/seethrough-obj/queen.png","type":"queen"}],"tilewidth":138},{"columns":0,"firstgid":134,"grid":{"height":1,"orientation":"orthogonal","width":1},"margin":0,"name":"speed-modifier-obj","spacing":0,"tilecount":2,"tileheight":43,"tiles":[{"id":0,"image":"../../maps/assets/speed-modifier-obj/chocolate.png","properties":[{"name":"speedBonusPercent","type":"float","value":0.5},{"name":"speedDuration","type":"float","value":1}],"type":"chocolate"},{"id":1,"image":"../../maps/assets/speed-modifier-obj/skateboard.png","properties":[{"name":"speedBonusPercent","type":"float","value":2},{"name":"speedDuration","type":"float","value":1.2}],"type":"skateboard"}],"tilewidth":104},{"columns":0,"firstgid":136,"grid":{"height":1,"orientation":"orthogonal","width":1},"margin":0,"name":"trap-obj","spacing":0,"tilecount":3,"tileheight":445,"tiles":[{"id":0,"image":"../../maps/assets/trap-obj/balloon.png"},{"id":1,"image":"../../maps/assets/trap-obj/crab.png"},{"id":2,"image":"../../maps/assets/trap-obj/spaceship.png"}],"tilewidth":365},{"columns":0,"firstgid":139,"grid":{"height":1,"orientation":"orthogonal","width":1},"margin":0,"name":"players","spacing":0,"tilecount":2,"tileheight":328,"tiles":[{"id":0,"image":"../../maps/assets/players/boy.png","type":"watcher"},{"id":1,"image":"../../maps/assets/players/mouse.png","type":"player"}],"tilewidth":520},{"columns":4,"firstgid":141,"image":"../../maps/assets/tileset/tileset.png","imageheight":116,"imagewidth":116,"margin":0,"name":"tileset","spacing":0,"tilecount":0,"tileheight":29,"tilewidth":29},{"columns":0,"firstgid":141,"grid":{"height":1,"orientation":"orthogonal","width":1},"margin":0,"name":"symbol","spacing":0,"tilecount":5,"tileheight":100,"tiles":[{"id":0,"image":"../../maps/assets/symbol/eye.svg","properties":[{"name":"duration","type":"float","value":2},{"name":"watch-trigger-type","type":"string","value":"straight"}],"type":"watch-trigger"},{"id":1,"image":"../../maps/assets/symbol/start.svg","type":"start-point"},{"id":2,"image":"../../maps/assets/symbol/stand.svg","properties":[{"name":"duration","type":"float","value":2},{"name":"height-cap","type":"float","value":100}],"type":"stand-trigger"},{"id":3,"image":"../../maps/assets/symbol/monkey.png","properties":[{"name":"duration","type":"float","value":5}],"type":"monkey-trigger"},{"id":8,"image":"../../maps/assets/symbol/eye_end.png","type":"end-watch-trigger"}],"tilewidth":100},{"columns":0,"firstgid":150,"grid":{"height":1,"orientation":"orthogonal","width":1},"margin":0,"name":"symbol","spacing":0,"tilecount":10,"tileheight":164,"tiles":[{"id":0,"image":"../../maps/assets/symbol/eye.svg","properties":[{"name":"duration","type":"float","value":2}],"type":"watch-trigger"},{"id":1,"image":"../../maps/assets/symbol/start.svg","type":"start-point"},{"id":2,"image":"../../maps/assets/symbol/stand.svg","properties":[{"name":"duration","type":"float","value":2},{"name":"height-cap","type":"float","value":100}],"type":"stand-trigger"},{"id":3,"image":"../../maps/assets/symbol/monkey.png","properties":[{"name":"duration","type":"float","value":5}],"type":"monkey-trigger"},{"id":8,"image":"../../maps/assets/symbol/eye_end.png","type":"end-watch-trigger"},{"id":9,"image":"../../maps/assets/symbol/rise.png","properties":[{"name":"duration","type":"float","value":0},{"name":"height","type":"int","value":0}],"type":"rise"},{"id":10,"image":"../../maps/assets/symbol/stare-trigger.png","properties":[{"name":"beamDuration","type":"float","value":0},{"name":"beamHoldDuration","type":"float","value":0},{"name":"confuseDuration","type":"float","value":0},{"name":"fallDuration","type":"float","value":0},{"name":"winkDuration","type":"float","value":0}],"type":"stare-trigger"},{"id":11,"image":"../../maps/assets/symbol/watch-trigger.png","properties":[{"name":"beamDuration","type":"float","value":0},{"name":"beamHoldDuration","type":"float","value":0},{"name":"confuseDuration","type":"float","value":0},{"name":"fallDuration","type":"float","value":0},{"name":"winkDuration","type":"float","value":0}],"type":"watch-trigger"},{"id":12,"image":"../../maps/assets/symbol/end-trigger.png","type":"end-trigger"},{"id":13,"image":"../../maps/assets/symbol/fall.png","properties":[{"name":"duration","type":"float","value":0},{"name":"height","type":"int","value":0}],"type":"fall"}],"tilewidth":260}],"tilewidth":29,"type":"map","version":"1.6","width":20}