[1,["11d466dd7@6c48a"],["_textureSource"],["cc.SpriteFrame"],0,[[[{"name":"yellow","rect":{"x":768,"y":3,"width":171,"height":211},"offset":{"x":0,"y":0},"originalSize":{"width":171,"height":211},"rotated":false,"capInsets":[0,0,0,0],"packable":true,"pixelsToUnit":100,"pivot":{"x":0.5,"y":0.5},"meshType":0}],[0],0,[0],[0],[0]],[[{"name":"31","rect":{"x":155,"y":661,"width":123,"height":110},"offset":{"x":-6,"y":6.5},"originalSize":{"width":171,"height":211},"rotated":true,"capInsets":[0,0,0,0],"packable":true,"pixelsToUnit":100,"pivot":{"x":0.5,"y":0.5},"meshType":0}],[0],0,[0],[0],[0]],[[{"name":"42","rect":{"x":206,"y":1031,"width":124,"height":136},"offset":{"x":-5.5,"y":6.5},"originalSize":{"width":171,"height":211},"rotated":false,"capInsets":[0,0,0,0],"packable":true,"pixelsToUnit":100,"pivot":{"x":0.5,"y":0.5},"meshType":0}],[0],0,[0],[0],[0]],[[{"name":"41","rect":{"x":522,"y":634,"width":124,"height":135},"offset":{"x":-5.5,"y":6},"originalSize":{"width":171,"height":211},"rotated":false,"capInsets":[0,0,0,0],"packable":true,"pixelsToUnit":100,"pivot":{"x":0.5,"y":0.5},"meshType":0}],[0],0,[0],[0],[0]],[[{"name":"23","rect":{"x":3,"y":1031,"width":102,"height":138},"offset":{"x":-5.5,"y":7.5},"originalSize":{"width":171,"height":211},"rotated":false,"capInsets":[0,0,0,0],"packable":true,"pixelsToUnit":100,"pivot":{"x":0.5,"y":0.5},"meshType":0}],[0],0,[0],[0],[0]],[[{"name":"24","rect":{"x":163,"y":508,"width":102,"height":147},"offset":{"x":-5.5,"y":7},"originalSize":{"width":171,"height":211},"rotated":false,"capInsets":[0,0,0,0],"packable":true,"pixelsToUnit":100,"pivot":{"x":0.5,"y":0.5},"meshType":0}],[0],0,[0],[0],[0]],[[{"name":"12","rect":{"x":166,"y":395,"width":99,"height":107},"offset":{"x":-6,"y":7},"originalSize":{"width":171,"height":211},"rotated":false,"capInsets":[0,0,0,0],"packable":true,"pixelsToUnit":100,"pivot":{"x":0.5,"y":0.5},"meshType":0}],[0],0,[0],[0],[0]],[[{"name":"20","rect":{"x":271,"y":730,"width":68,"height":143},"offset":{"x":-5.5,"y":7},"originalSize":{"width":171,"height":211},"rotated":true,"capInsets":[0,0,0,0],"packable":true,"pixelsToUnit":100,"pivot":{"x":0.5,"y":0.5},"meshType":0}],[0],0,[0],[0],[0]],[[{"name":"36","rect":{"x":111,"y":1031,"width":89,"height":137},"offset":{"x":-6,"y":6},"originalSize":{"width":171,"height":211},"rotated":false,"capInsets":[0,0,0,0],"packable":true,"pixelsToUnit":100,"pivot":{"x":0.5,"y":0.5},"meshType":0}],[0],0,[0],[0],[0]],[[{"name":"21","rect":{"x":666,"y":774,"width":125,"height":125},"offset":{"x":-6,"y":7},"originalSize":{"width":171,"height":211},"rotated":false,"capInsets":[0,0,0,0],"packable":true,"pixelsToUnit":100,"pivot":{"x":0.5,"y":0.5},"meshType":0}],[0],0,[0],[0],[0]],[[{"name":"40","rect":{"x":336,"y":1028,"width":124,"height":136},"offset":{"x":-5.5,"y":6.5},"originalSize":{"width":171,"height":211},"rotated":false,"capInsets":[0,0,0,0],"packable":true,"pixelsToUnit":100,"pivot":{"x":0.5,"y":0.5},"meshType":0}],[0],0,[0],[0],[0]],[[{"name":"hidden","rect":{"x":534,"y":180,"width":171,"height":211},"offset":{"x":0,"y":0},"originalSize":{"width":171,"height":211},"rotated":true,"capInsets":[0,0,0,0],"packable":true,"pixelsToUnit":100,"pivot":{"x":0.5,"y":0.5},"meshType":0}],[0],0,[0],[0],[0]],[[{"name":"32","rect":{"x":282,"y":893,"width":129,"height":125},"offset":{"x":-8,"y":10},"originalSize":{"width":171,"height":211},"rotated":true,"capInsets":[0,0,0,0],"packable":true,"pixelsToUnit":100,"pivot":{"x":0.5,"y":0.5},"meshType":0}],[0],0,[0],[0],[0]],[[{"name":"tile-background","rect":{"x":758,"y":220,"width":171,"height":211},"offset":{"x":0,"y":0},"originalSize":{"width":171,"height":211},"rotated":false,"capInsets":[0,0,0,0],"packable":true,"pixelsToUnit":100,"pivot":{"x":0.5,"y":0.5},"meshType":0}],[0],0,[0],[0],[0]],[[{"name":"22","rect":{"x":652,"y":634,"width":102,"height":134},"offset":{"x":-5.5,"y":6.5},"originalSize":{"width":171,"height":211},"rotated":false,"capInsets":[0,0,0,0],"packable":true,"pixelsToUnit":100,"pivot":{"x":0.5,"y":0.5},"meshType":0}],[0],0,[0],[0],[0]],[[{"name":"18","rect":{"x":797,"y":714,"width":115,"height":118},"offset":{"x":-6,"y":6.5},"originalSize":{"width":171,"height":211},"rotated":true,"capInsets":[0,0,0,0],"packable":true,"pixelsToUnit":100,"pivot":{"x":0.5,"y":0.5},"meshType":0}],[0],0,[0],[0],[0]],[[{"name":"spark","rect":{"x":426,"y":403,"width":48,"height":48},"offset":{"x":0,"y":0},"originalSize":{"width":48,"height":48},"rotated":false,"capInsets":[0,0,0,0],"packable":true,"pixelsToUnit":100,"pivot":{"x":0.5,"y":0.5},"meshType":0}],[0],0,[0],[0],[0]],[[{"name":"glow","rect":{"x":751,"y":180,"width":107,"height":1},"offset":{"x":1,"y":0},"originalSize":{"width":109,"height":1},"rotated":true,"capInsets":[0,0,0,0],"packable":true,"pixelsToUnit":100,"pivot":{"x":0.5,"y":0.5},"meshType":0}],[0],0,[0],[0],[0]],[[{"name":"2","rect":{"x":489,"y":226,"width":30,"height":145},"offset":{"x":-5.5,"y":6},"originalSize":{"width":171,"height":211},"rotated":false,"capInsets":[0,0,0,0],"packable":true,"pixelsToUnit":100,"pivot":{"x":0.5,"y":0.5},"meshType":0}],[0],0,[0],[0],[0]],[[{"name":"13","rect":{"x":586,"y":1048,"width":115,"height":108},"offset":{"x":-6,"y":6.5},"originalSize":{"width":171,"height":211},"rotated":true,"capInsets":[0,0,0,0],"packable":true,"pixelsToUnit":100,"pivot":{"x":0.5,"y":0.5},"meshType":0}],[0],0,[0],[0],[0]],[[{"name":"19","rect":{"x":816,"y":1071,"width":108,"height":108},"offset":{"x":-5.5,"y":6.5},"originalSize":{"width":171,"height":211},"rotated":false,"capInsets":[0,0,0,0],"packable":true,"pixelsToUnit":100,"pivot":{"x":0.5,"y":0.5},"meshType":0}],[0],0,[0],[0],[0]],[[{"name":"grey","rect":{"x":272,"y":226,"width":171,"height":211},"offset":{"x":0,"y":0},"originalSize":{"width":171,"height":211},"rotated":true,"capInsets":[0,0,0,0],"packable":true,"pixelsToUnit":100,"pivot":{"x":0.5,"y":0.5},"meshType":0}],[0],0,[0],[0],[0]],[[{"name":"blue","rect":{"x":525,"y":357,"width":171,"height":211},"offset":{"x":0,"y":0},"originalSize":{"width":171,"height":211},"rotated":true,"capInsets":[0,0,0,0],"packable":true,"pixelsToUnit":100,"pivot":{"x":0.5,"y":0.5},"meshType":0}],[0],0,[0],[0],[0]],[[{"name":"34","rect":{"x":147,"y":903,"width":122,"height":129},"offset":{"x":-5.5,"y":9},"originalSize":{"width":171,"height":211},"rotated":true,"capInsets":[0,0,0,0],"packable":true,"pixelsToUnit":100,"pivot":{"x":0.5,"y":0.5},"meshType":0}],[0],0,[0],[0],[0]],[[{"name":"4","rect":{"x":524,"y":534,"width":94,"height":145},"offset":{"x":-5.5,"y":6},"originalSize":{"width":171,"height":211},"rotated":true,"capInsets":[0,0,0,0],"packable":true,"pixelsToUnit":100,"pivot":{"x":0.5,"y":0.5},"meshType":0}],[0],0,[0],[0],[0]],[[{"name":"29","rect":{"x":700,"y":955,"width":108,"height":115},"offset":{"x":-5.5,"y":7},"originalSize":{"width":171,"height":211},"rotated":false,"capInsets":[0,0,0,0],"packable":true,"pixelsToUnit":100,"pivot":{"x":0.5,"y":0.5},"meshType":0}],[0],0,[0],[0],[0]],[[{"name":"pink","rect":{"x":742,"y":437,"width":157,"height":194},"offset":{"x":-7,"y":8},"originalSize":{"width":171,"height":212},"rotated":true,"capInsets":[0,0,0,0],"packable":true,"pixelsToUnit":100,"pivot":{"x":0.5,"y":0.5},"meshType":0}],[0],0,[0],[0],[0]],[[{"name":"37","rect":{"x":426,"y":482,"width":92,"height":138},"offset":{"x":-5.5,"y":6.5},"originalSize":{"width":171,"height":211},"rotated":false,"capInsets":[0,0,0,0],"packable":true,"pixelsToUnit":100,"pivot":{"x":0.5,"y":0.5},"meshType":0}],[0],0,[0],[0],[0]],[[{"name":"38","rect":{"x":424,"y":626,"width":92,"height":131},"offset":{"x":-5.5,"y":3},"originalSize":{"width":171,"height":211},"rotated":false,"capInsets":[0,0,0,0],"packable":true,"pixelsToUnit":100,"pivot":{"x":0.5,"y":0.5},"meshType":0}],[0],0,[0],[0],[0]],[[{"name":"8","rect":{"x":3,"y":788,"width":101,"height":143},"offset":{"x":-5,"y":7},"originalSize":{"width":171,"height":211},"rotated":true,"capInsets":[0,0,0,0],"packable":true,"pixelsToUnit":100,"pivot":{"x":0.5,"y":0.5},"meshType":0}],[0],0,[0],[0],[0]],[[{"name":"35","rect":{"x":3,"y":895,"width":130,"height":138},"offset":{"x":-5.5,"y":6.5},"originalSize":{"width":171,"height":211},"rotated":true,"capInsets":[0,0,0,0],"packable":true,"pixelsToUnit":100,"pivot":{"x":0.5,"y":0.5},"meshType":0}],[0],0,[0],[0],[0]],[[{"name":"11","rect":{"x":271,"y":804,"width":106,"height":83},"offset":{"x":-6.5,"y":7},"originalSize":{"width":171,"height":211},"rotated":false,"capInsets":[0,0,0,0],"packable":true,"pixelsToUnit":100,"pivot":{"x":0.5,"y":0.5},"meshType":0}],[0],0,[0],[0],[0]],[[{"name":"blue-border","rect":{"x":534,"y":3,"width":171,"height":228},"offset":{"x":0,"y":0},"originalSize":{"width":171,"height":228},"rotated":true,"capInsets":[0,0,0,0],"packable":true,"pixelsToUnit":100,"pivot":{"x":0.5,"y":0.5},"meshType":0}],[0],0,[0],[0],[0]],[[{"name":"17","rect":{"x":797,"y":600,"width":120,"height":108},"offset":{"x":-6.5,"y":6.5},"originalSize":{"width":171,"height":211},"rotated":false,"capInsets":[0,0,0,0],"packable":true,"pixelsToUnit":100,"pivot":{"x":0.5,"y":0.5},"meshType":0}],[0],0,[0],[0],[0]],[[{"name":"15","rect":{"x":700,"y":1076,"width":110,"height":111},"offset":{"x":-5.5,"y":6},"originalSize":{"width":171,"height":211},"rotated":false,"capInsets":[0,0,0,0],"packable":true,"pixelsToUnit":100,"pivot":{"x":0.5,"y":0.5},"meshType":0}],[0],0,[0],[0],[0]],[[{"name":"28","rect":{"x":466,"y":1087,"width":110,"height":114},"offset":{"x":-5.5,"y":6.5},"originalSize":{"width":171,"height":211},"rotated":true,"capInsets":[0,0,0,0],"packable":true,"pixelsToUnit":100,"pivot":{"x":0.5,"y":0.5},"meshType":0}],[0],0,[0],[0],[0]],[[{"name":"30","rect":{"x":152,"y":790,"width":113,"height":107},"offset":{"x":-6,"y":7},"originalSize":{"width":171,"height":211},"rotated":false,"capInsets":[0,0,0,0],"packable":true,"pixelsToUnit":100,"pivot":{"x":0.5,"y":0.5},"meshType":0}],[0],0,[0],[0],[0]],[[{"name":"16","rect":{"x":814,"y":955,"width":110,"height":108},"offset":{"x":-5.5,"y":6.5},"originalSize":{"width":171,"height":211},"rotated":true,"capInsets":[0,0,0,0],"packable":true,"pixelsToUnit":100,"pivot":{"x":0.5,"y":0.5},"meshType":0}],[0],0,[0],[0],[0]],[[{"name":"shadow","rect":{"x":272,"y":3,"width":217,"height":256},"offset":{"x":0,"y":0},"originalSize":{"width":217,"height":256},"rotated":true,"capInsets":[0,0,0,0],"packable":true,"pixelsToUnit":100,"pivot":{"x":0.5,"y":0.5},"meshType":0}],[0],0,[0],[0],[0]],[[{"name":"33","rect":{"x":573,"y":915,"width":115,"height":127},"offset":{"x":-8,"y":10},"originalSize":{"width":171,"height":211},"rotated":false,"capInsets":[0,0,0,0],"packable":true,"pixelsToUnit":100,"pivot":{"x":0.5,"y":0.5},"meshType":0}],[0],0,[0],[0],[0]],[[{"name":"1","rect":{"x":797,"y":835,"width":114,"height":118},"offset":{"x":-5.5,"y":6.5},"originalSize":{"width":171,"height":211},"rotated":true,"capInsets":[0,0,0,0],"packable":true,"pixelsToUnit":100,"pivot":{"x":0.5,"y":0.5},"meshType":0}],[0],0,[0],[0],[0]],[[{"name":"3","rect":{"x":271,"y":645,"width":79,"height":145},"offset":{"x":-5,"y":6},"originalSize":{"width":171,"height":211},"rotated":true,"capInsets":[0,0,0,0],"packable":true,"pixelsToUnit":100,"pivot":{"x":0.5,"y":0.5},"meshType":0}],[0],0,[0],[0],[0]],[[{"name":"27","rect":{"x":543,"y":775,"width":117,"height":134},"offset":{"x":-6,"y":6.5},"originalSize":{"width":171,"height":211},"rotated":false,"capInsets":[0,0,0,0],"packable":true,"pixelsToUnit":100,"pivot":{"x":0.5,"y":0.5},"meshType":0}],[0],0,[0],[0],[0]],[[{"name":"39","rect":{"x":413,"y":804,"width":124,"height":136},"offset":{"x":-5.5,"y":6.5},"originalSize":{"width":171,"height":211},"rotated":false,"capInsets":[0,0,0,0],"packable":true,"pixelsToUnit":100,"pivot":{"x":0.5,"y":0.5},"meshType":0}],[0],0,[0],[0],[0]],[[{"name":"14","rect":{"x":466,"y":946,"width":135,"height":101},"offset":{"x":-6,"y":7},"originalSize":{"width":171,"height":211},"rotated":true,"capInsets":[0,0,0,0],"packable":true,"pixelsToUnit":100,"pivot":{"x":0.5,"y":0.5},"meshType":0}],[0],0,[0],[0],[0]],[[{"name":"green","rect":{"x":3,"y":232,"width":157,"height":210},"offset":{"x":-7,"y":-0.5},"originalSize":{"width":171,"height":211},"rotated":true,"capInsets":[0,0,0,0],"packable":true,"pixelsToUnit":100,"pivot":{"x":0.5,"y":0.5},"meshType":0}],[0],0,[0],[0],[0]],[[{"name":"6","rect":{"x":3,"y":577,"width":101,"height":146},"offset":{"x":-6,"y":6.5},"originalSize":{"width":171,"height":211},"rotated":true,"capInsets":[0,0,0,0],"packable":true,"pixelsToUnit":100,"pivot":{"x":0.5,"y":0.5},"meshType":0}],[0],0,[0],[0],[0]],[[{"name":"5","rect":{"x":3,"y":684,"width":98,"height":144},"offset":{"x":-5.5,"y":6.5},"originalSize":{"width":171,"height":211},"rotated":true,"capInsets":[0,0,0,0],"packable":true,"pixelsToUnit":100,"pivot":{"x":0.5,"y":0.5},"meshType":0}],[0],0,[0],[0],[0]],[[{"name":"10","rect":{"x":489,"y":377,"width":99,"height":29},"offset":{"x":-6,"y":7},"originalSize":{"width":171,"height":211},"rotated":true,"capInsets":[0,0,0,0],"packable":true,"pixelsToUnit":100,"pivot":{"x":0.5,"y":0.5},"meshType":0}],[0],0,[0],[0],[0]],[[{"name":"shadow-glow","rect":{"x":3,"y":3,"width":223,"height":263},"offset":{"x":0,"y":0},"originalSize":{"width":223,"height":263},"rotated":true,"capInsets":[0,0,0,0],"packable":true,"pixelsToUnit":100,"pivot":{"x":0.5,"y":0.5},"meshType":0}],[0],0,[0],[0],[0]],[[{"name":"9","rect":{"x":271,"y":536,"width":103,"height":147},"offset":{"x":-6,"y":7},"originalSize":{"width":171,"height":211},"rotated":true,"capInsets":[0,0,0,0],"packable":true,"pixelsToUnit":100,"pivot":{"x":0.5,"y":0.5},"meshType":0}],[0],0,[0],[0],[0]],[[{"name":"7","rect":{"x":3,"y":485,"width":86,"height":154},"offset":{"x":-5.5,"y":6.5},"originalSize":{"width":171,"height":211},"rotated":true,"capInsets":[0,0,0,0],"packable":true,"pixelsToUnit":100,"pivot":{"x":0.5,"y":0.5},"meshType":0}],[0],0,[0],[0],[0]],[[{"name":"25","rect":{"x":271,"y":403,"width":127,"height":149},"offset":{"x":-6,"y":7},"originalSize":{"width":171,"height":211},"rotated":true,"capInsets":[0,0,0,0],"packable":true,"pixelsToUnit":100,"pivot":{"x":0.5,"y":0.5},"meshType":0}],[0],0,[0],[0],[0]],[[{"name":"26","rect":{"x":3,"y":395,"width":84,"height":157},"offset":{"x":-5.5,"y":7},"originalSize":{"width":171,"height":211},"rotated":true,"capInsets":[0,0,0,0],"packable":true,"pixelsToUnit":100,"pivot":{"x":0.5,"y":0.5},"meshType":0}],[0],0,[0],[0],[0]]]]
