{"skeleton":{"hash":"acMrDTl3PeTYIpP4kmCuXIQWwQA","spine":"3.8.99","x":-92.6,"y":-9.83,"width":198.63,"height":153.48,"images":"./images/","audio":""},"bones":[{"name":"root"},{"name":"[ORANGE] SKELETON CONTROL","parent":"root","scaleX":0.3723,"scaleY":0.3723,"color":"ff6700ff"},{"name":"bone","parent":"[ORANGE] SKELETON CONTROL","x":-25.15,"y":149.76},{"name":"body","parent":"bone","length":67.87,"rotation":-2.63,"x":0.8,"y":1.06},{"name":"body2","parent":"body","length":89.5,"rotation":20.43,"x":67.87},{"name":"body3","parent":"body2","length":136.73,"rotation":-22.76,"x":89.5},{"name":"mouth","parent":"body3","length":80.45,"rotation":-13.06,"x":41.67,"y":-26.98},{"name":"head_2","parent":"body3","length":111.09,"rotation":119.08,"x":9.39,"y":50.14},{"name":"bone2","parent":"bone","length":57.39,"rotation":-170.89,"x":-5.76,"y":0.3},{"name":"bone3","parent":"bone2","length":35.16,"rotation":4.92,"x":59.09,"y":-0.65},{"name":"bone4","parent":"bone3","length":35.38,"rotation":-3.35,"x":35.16},{"name":"bone5","parent":"bone4","length":35.76,"rotation":-9.63,"x":35.38},{"name":"bone6","parent":"bone5","length":28.04,"rotation":-7.1,"x":35.76},{"name":"bone7","parent":"bone6","length":24.74,"rotation":-0.04,"x":28.04},{"name":"leg_2","parent":"bone2","length":60.05,"rotation":82.45,"x":50.71,"y":11.33},{"name":"leg_3","parent":"leg_2","length":65.48,"rotation":-32.63,"x":60.05},{"name":"leg_4","parent":"[ORANGE] SKELETON CONTROL","rotation":-121.06,"x":-111.33,"y":14.73,"color":"ff3f00ff"},{"name":"leg_5","parent":"bone","length":68.21,"rotation":-74.09,"x":-40.26,"y":3.72},{"name":"leg_6","parent":"leg_5","length":64.7,"rotation":-18.81,"x":68.21},{"name":"leg_7","parent":"[ORANGE] SKELETON CONTROL","rotation":-92.91,"x":-49.99,"y":23.26,"color":"ff3f00ff"},{"name":"leg_1","parent":"body","length":74.6,"rotation":-109.33,"x":77.65,"y":-21.86},{"name":"leg_8","parent":"leg_1","length":50.48,"rotation":21.55,"x":74.6},{"name":"leg_9","parent":"[ORANGE] SKELETON CONTROL","rotation":-90.4,"x":23.98,"y":5.75,"color":"ff3f00ff"},{"name":"leg_10","parent":"body","length":60.65,"rotation":-66.93,"x":113.68,"y":-6.07},{"name":"leg_11","parent":"leg_10","length":46.18,"rotation":-8.53,"x":60.65},{"name":"leg_12","parent":"[ORANGE] SKELETON CONTROL","rotation":-78.09,"x":119.64,"y":37.52,"color":"ff3f00ff"},{"name":"body4","parent":"body3","length":91.62,"rotation":177.87,"x":-9.95,"y":16.14},{"name":"Shadow","parent":"[ORANGE] SKELETON CONTROL","x":17.11,"y":9.47,"scaleX":1.8548,"scaleY":1.2902}],"slots":[{"name":"shadow","bone":"Shadow","attachment":"shadow"},{"name":"leg_4","bone":"leg_10","attachment":"leg_4"},{"name":"leg_3","bone":"leg_5","attachment":"leg_3"},{"name":"body","bone":"body","attachment":"body"},{"name":"tail","bone":"[ORANGE] SKELETON CONTROL","attachment":"tail"},{"name":"leg_2","bone":"leg_2","attachment":"leg_2"},{"name":"leg_1","bone":"leg_1","attachment":"leg_1"},{"name":"mouth","bone":"mouth","attachment":"mouth"},{"name":"head_2","bone":"head_2","attachment":"head_2"},{"name":"head","bone":"[ORANGE] SKELETON CONTROL","attachment":"head"},{"name":"eye_close2","bone":"body3"},{"name":"eye_close","bone":"body3"},{"name":"lv04_Triceratops_1x1_2","bone":"root"}],"ik":[{"name":"leg_4","order":3,"bones":["leg_2","leg_3"],"target":"leg_4","bendPositive":false},{"name":"leg_7","order":2,"bones":["leg_5","leg_6"],"target":"leg_7","bendPositive":false},{"name":"leg_9","order":1,"bones":["leg_1","leg_8"],"target":"leg_9"},{"name":"leg_12","bones":["leg_10","leg_11"],"target":"leg_12"}],"skins":[{"name":"default","attachments":{"body":{"body":{"type":"mesh","uvs":[0.51925,0.00925,0.62381,0.03693,0.73794,0.10064,0.84586,0.19725,0.93514,0.31518,0.98289,0.45275,1,0.58524,0.96527,0.65791,0.88123,0.77132,0.79927,0.88193,0.64629,0.97858,0.48268,1,0.29956,0.95822,0.14095,0.85311,0.05433,0.7161,0.01753,0.57971,0.01495,0.4662,0.04574,0.36296,0.09499,0.26966,0.15295,0.17888,0.23793,0.09123,0.32577,0.03104,0.42622,0.00868,0.18767,0.52128,0.33668,0.5342,0.48706,0.54712,0.64848,0.54066,0.82784,0.5342],"triangles":[3,26,2,27,3,4,27,4,5,26,1,2,27,26,3,27,5,6,7,27,6,8,27,7,9,26,27,9,27,8,10,26,9,24,21,22,25,22,0,25,0,1,25,1,26,24,22,25,10,25,26,11,12,25,10,11,25,24,23,19,20,21,24,24,13,23,12,13,24,12,24,25,18,19,23,17,18,23,16,17,23,24,19,20,15,16,23,14,15,23,13,14,23],"vertices":[3,9,-119.46,-70.12,0.05545,3,29.84,88.98,0.78677,4,-4.57,96.66,0.15778,2,3,60.9,85.17,0.63158,4,23.2,82.24,0.36842,2,3,95.08,74.68,0.3025,4,51.57,60.48,0.6975,1,4,76.3,33.36,1,1,4,94.56,4.09,1,1,4,100.02,-24.97,1,1,4,97.17,-50.36,1,1,4,83.21,-60.3,1,2,3,143.11,-50.01,0.11549,4,53.05,-73.13,0.88451,2,3,119.92,-72,0.32966,4,23.64,-85.64,0.67034,3,8,-61.91,106.07,0.10788,3,75.68,-92.32,0.64433,4,-24.91,-89.23,0.24778,2,8,-13.61,102.42,0.34083,3,27.65,-98.57,0.65917,2,8,38.48,86.07,0.68488,3,-26.68,-93.16,0.31512,3,9,27.49,57.55,0.33478,8,81.53,59.04,0.60624,3,-74.33,-75.46,0.05898,2,9,46,26.23,0.81009,8,102.66,29.43,0.18991,1,9,50.28,-1.42,1,1,9,45.81,-22.41,1,1,9,32.27,-39.14,1,1,9,13.89,-52.72,1,3,9,-6.86,-65.22,0.7645,8,57.85,-66.22,0.0872,3,-76.63,52,0.1483,3,9,-35.19,-75.21,0.4799,8,30.48,-78.6,0.14642,3,-52.35,69.7,0.37368,3,9,-63.09,-79.97,0.27652,8,3.09,-85.73,0.10666,3,-26.99,82.25,0.61682,3,9,-92.86,-76.88,0.13549,3,2.42,87.83,0.80461,4,-30.67,105.15,0.0599,2,9,-1.1,0.04,0.46013,8,57.99,-0.7,0.53987,1,8,14.97,8.68,1,1,3,25.01,-13.01,1,2,3,72.53,-9.6,0.46306,4,1.01,-10.63,0.53694,1,4,51.76,-25.64,1],"hull":23,"edges":[30,32,32,34,34,36,36,38,38,40,40,42,42,44,44,0,0,2,2,4,4,6,6,8,8,10,10,12,12,14,14,16,16,18,20,22,18,20,22,24,28,30,24,26,28,26],"width":295,"height":189}},"eye_close2":{"eye_close":{"x":54.73,"y":22.38,"rotation":4.96,"width":36,"height":29}},"head":{"head":{"type":"mesh","uvs":[0.40178,0,0.42485,0.01437,0.43149,0.06688,0.64388,0,0.6897,0,0.62225,0.14299,0.83059,0.09328,0.83876,0.12261,0.56593,0.47115,0.75454,0.54274,0.94488,0.35983,0.95875,0.48501,0.9433,0.64876,0.95494,0.68585,0.98575,0.80808,0.98178,0.92435,0.94516,0.94473,0.81569,0.85295,0.73614,0.83585,0.60817,0.81443,0.5286,0.8356,0.41812,0.95571,0.33497,0.97846,0.13108,0.98134,0.0146,0.90531,0.0572,0.81123,0.08072,0.69252,0.06616,0.57833,0.06706,0.47577,0.11019,0.3893,0.20978,0.29192,0.4323,0.07435],"triangles":[23,24,25,26,22,25,22,23,25,20,21,22,26,20,22,8,26,27,15,16,14,14,16,17,14,17,13,12,13,17,20,26,8,29,8,27,20,8,19,8,29,30,18,12,17,12,18,9,9,18,19,19,8,9,29,27,28,12,9,11,9,10,11,8,5,7,5,6,7,30,31,8,8,31,5,5,3,4,5,31,3,31,0,2,0,1,2,31,2,3],"vertices":[1,5,41.05,124.02,1,1,5,45.39,121.76,1,1,5,47.41,112.29,1,1,5,84.22,127.77,1,1,5,92.4,128.48,1,1,5,82.63,101.36,1,1,5,119,113.65,1,1,5,120.92,108.43,1,1,5,77.78,40.66,1,1,5,112.54,30.53,1,1,5,143.59,66.82,1,1,5,148.05,44.21,1,1,5,147.88,14.12,1,1,5,150.54,7.54,1,1,5,157.97,-14.27,1,1,5,159.1,-35.53,1,1,5,152.89,-39.81,1,1,5,128.35,-25.08,1,1,5,113.9,-23.19,1,2,5,90.74,-21.27,0.8477,6,46.51,16.64,0.1523,2,5,76.88,-26.36,0.37331,6,34.16,8.56,0.62669,1,6,22.15,-18.46,1,1,6,9.28,-27.03,1,2,4,74.29,-57.69,0.29261,6,-25.26,-38.81,0.70739,2,4,58.7,-38.07,0.41407,6,-49.39,-32.03,0.58593,3,4,71.22,-24.01,0.4706,5,-7.57,-29.21,0.07739,6,-47.46,-13.3,0.45201,3,4,81.87,-4.61,0.83607,5,-5.25,-7.2,0.10354,6,-50.18,8.66,0.06039,2,4,85.78,16.08,0.40246,5,-9.65,13.39,0.59754,2,4,91.67,33.9,0.16829,5,-11.11,32.1,0.83171,2,4,103.86,46.61,0.0829,5,-4.79,48.53,0.9171,1,5,11.43,67.83,1,1,5,47.67,110.94,1],"hull":32,"edges":[0,62,0,2,2,4,4,6,6,8,8,10,10,12,12,14,14,16,16,18,18,20,20,22,22,24,24,26,26,28,28,30,30,32,32,34,34,36,36,38,38,40,40,42,42,44,56,58,48,46,46,44,54,56,52,54,52,50,50,48,58,60,60,62],"width":179,"height":183}},"head_2":{"head_2":{"type":"mesh","uvs":[0.80676,0.0155,0.95607,0.16894,1,0.51258,1,0.57553,0.82254,0.82479,0.72302,0.87949,0.6067,0.90516,0.5499,0.97465,0.50378,1,0.48005,0.9804,0.48348,0.90215,0.38597,0.88113,0.2918,0.8249,0.11546,0.85981,0.1552,0.74712,0.09426,0.57586,0.10516,0.44642,0.01801,0.36159,0.00535,0.32603,0.13282,0.33735,0.23856,0.21335,0.29945,0.17831,0.32453,0.06768,0.34928,0.04445,0.42049,0.14054,0.60155,0.1748,0.78017,0.01862],"triangles":[8,9,7,9,10,7,7,10,6,5,6,4,10,4,6,4,10,12,4,12,3,12,2,3,2,16,25,25,26,1,26,0,1,16,2,15,25,16,19,19,20,25,20,21,25,21,24,25,25,1,2,16,17,19,17,18,19,21,22,24,22,23,24,10,11,12,13,14,12,14,2,12,2,14,15],"vertices":[1,7,141.69,-79.09,1,1,7,92.17,-87.17,1,1,7,3.23,-56.25,1,2,7,-12.46,-49.22,0.94118,5,58.46,63.18,0.05882,1,5,31.63,-7.45,1,1,5,14.58,-23.92,1,2,26,-5.51,48.73,0.0987,5,-6.25,-32.76,0.9013,2,26,2.57,68.85,0.09636,5,-15.08,-52.57,0.90364,2,26,10.18,76.77,0.08758,5,-22.98,-60.2,0.91242,2,26,15.2,72,0.09209,5,-27.82,-55.25,0.90791,2,26,17.21,50.73,0.28105,5,-29.04,-33.92,0.71895,2,26,35.82,47.26,0.62744,5,-47.5,-29.76,0.37256,2,26,55,34.18,0.91344,5,-66.19,-15.97,0.08656,1,26,86.2,47.66,1,1,26,82.7,16.22,1,2,26,99.66,-28.78,0.82203,7,55.95,103.74,0.17797,2,26,102.02,-64.1,0.46747,7,87.38,87.46,0.53253,2,26,120.88,-85.09,0.34909,7,115.1,92.71,0.65091,2,26,124.4,-94.43,0.34626,7,124.92,90.87,0.65374,2,26,100.62,-94.28,0.29849,7,112.46,70.61,0.70151,2,26,85.39,-130.28,0.06956,7,135.36,38.93,0.93044,1,7,139.49,24.74,1,1,7,165.15,8.16,1,1,7,169.07,1.39,1,1,7,139.74,0.08,1,1,7,117.52,-26.66,1,1,7,142.92,-74.25,1],"hull":27,"edges":[0,52,0,2,2,4,4,6,6,8,24,26,36,38,48,50,50,52,26,28,28,30,30,32,34,36,32,34,38,40,40,42,42,44,46,48,44,46,24,22,22,20,16,18,20,18,14,16,14,12,8,10,12,10],"width":185,"height":273}},"leg_1":{"leg_1":{"type":"mesh","uvs":[0.69933,0,0.81539,0.01819,0.90596,0.09852,0.9521,0.19752,0.92723,0.31992,0.79254,0.42936,0.68957,0.48957,0.5954,0.56262,0.55773,0.64796,0.55114,0.72224,0.59438,0.77266,0.68292,0.80489,0.7274,0.88288,0.71515,0.9174,0.59295,0.95993,0.40975,0.97518,0.2574,0.97545,0.12442,0.94924,0.09167,0.84715,0.1208,0.77803,0.12741,0.66732,0.14232,0.55016,0.15537,0.44763,0.20757,0.31831,0.29199,0.19105,0.42991,0.08615,0.54276,0.03075,0.35068,0.80132,0.41178,0.50325],"triangles":[15,16,27,14,15,27,13,14,12,14,10,11,14,27,10,16,17,18,12,14,11,18,27,16,8,28,7,7,28,6,21,22,28,6,28,23,24,5,6,23,28,22,6,23,24,24,25,5,5,25,3,3,25,26,4,5,3,2,0,1,3,26,2,0,2,26,27,18,19,19,20,27,27,20,8,27,9,10,9,27,8,20,28,8,21,28,20],"vertices":[1,20,-18.69,-0.88,1,1,20,-20.49,11.28,1,1,20,-12.21,24.68,1,1,20,0.52,34.93,1,1,20,19.42,39.79,1,1,20,40.64,33.38,1,1,20,53.43,27.1,1,2,21,1.88,23.37,0.32002,20,67.76,22.42,0.67998,3,21,15.39,19.58,0.72481,20,81.72,23.86,0.13532,22,-35.09,19.58,0.13987,2,21,27.13,18.98,0.73755,22,-23.35,18.98,0.26245,2,21,35.07,23.49,0.55912,22,-15.41,23.49,0.44088,2,21,40.09,32.65,0.40552,22,-10.39,32.65,0.59448,1,22,1.9,37.32,1,1,22,7.37,36.09,1,1,22,14.17,23.55,1,1,22,16.71,4.7,1,1,22,16.87,-10.99,1,1,22,12.82,-24.72,1,2,21,47.2,-28.2,0.35146,22,-3.28,-28.2,0.64854,2,21,36.25,-25.28,0.72712,22,-14.23,-25.28,0.27288,2,21,18.76,-24.72,0.9115,22,-31.72,-24.72,0.0885,2,21,0.24,-23.31,0.64271,20,83.38,-21.6,0.35729,2,21,-15.97,-22.08,0.13006,20,67.85,-26.41,0.86994,1,20,46.89,-29.06,1,1,20,24.99,-28.51,1,1,20,4.31,-21.53,1,1,20,-8.15,-14.02,1,2,21,39.77,-1.58,0.44476,22,-10.71,-1.58,0.55524,1,20,66.13,1.37,1],"hull":27,"edges":[32,34,34,36,36,38,38,40,44,42,42,40,44,46,46,48,48,50,50,52,52,0,0,2,2,4,4,6,6,8,8,10,10,12,12,14,14,16,16,18,18,20,20,22,22,24,30,32,30,28,24,26,28,26],"width":103,"height":158}},"leg_2":{"leg_2":{"type":"mesh","uvs":[0.75166,0,0.83396,0.00828,0.92246,0.06691,0.93218,0.20166,0.93837,0.31809,0.9313,0.41609,0.93163,0.51101,0.81218,0.61264,0.67566,0.70309,0.56172,0.76678,0.55403,0.7954,0.60576,0.82863,0.66238,0.88263,0.64866,0.95231,0.5374,0.9941,0.20159,0.98679,0.04907,0.95899,0.00684,0.91181,0.03752,0.82834,0.12131,0.75834,0.1971,0.64602,0.32103,0.51581,0.29835,0.42587,0.25242,0.24371,0.2971,0.12214,0.53284,0,0.56836,0.54928,0.3215,0.8166],"triangles":[14,10,11,27,18,19,27,15,18,15,27,14,17,18,16,18,15,16,13,14,12,12,14,11,14,27,10,6,26,5,5,26,4,1,2,0,22,3,21,0,2,22,0,23,25,0,22,23,25,23,24,4,21,3,2,3,22,9,10,27,20,9,27,20,27,19,9,20,26,9,26,8,26,20,21,8,26,7,7,26,6,21,4,26],"vertices":[1,14,-19.8,16.51,1,1,14,-18.27,24.95,1,1,14,-8.88,33.81,1,1,14,12.16,34.24,1,1,14,30.33,34.38,1,2,15,-30.09,20.2,0.05975,14,45.59,33.23,0.94025,2,15,-17.42,27.87,0.24083,14,60.4,32.86,0.75917,2,15,2.51,25.51,0.72909,14,75.91,20.13,0.27091,2,15,21.85,20.74,0.93669,16,-43.63,20.74,0.06331,2,15,36.41,15.82,0.79474,16,-29.06,15.82,0.20526,2,15,40.65,17.44,0.66309,16,-24.83,17.44,0.33691,2,15,42.34,24.68,0.50227,16,-23.14,24.68,0.49773,2,15,46.54,34.02,0.20606,16,-18.93,34.02,0.79394,1,16,-8.89,38.42,1,1,16,2.61,31.97,1,1,16,19.48,1.75,1,1,16,23.87,-13.94,1,1,16,19.81,-21.47,1,1,16,7.02,-25.48,1,2,15,58.69,-23.72,0.54471,16,-6.79,-23.72,0.45529,1,15,39.65,-26.07,1,2,15,15.67,-25.62,0.63171,14,59.43,-30.02,0.36829,2,15,4.85,-34.86,0.20412,14,45.34,-31.98,0.79588,1,14,16.8,-35.93,1,1,14,-2.03,-30.81,1,1,14,-20.41,-6.02,1,1,15,7,-1.1,1,2,15,55.84,-1.37,0.34477,16,-9.64,-1.37,0.65523],"hull":26,"edges":[0,50,48,50,34,32,32,30,30,28,28,26,26,24,24,22,22,20,20,18,18,16,16,14,14,12,12,10,10,8,8,6,6,4,0,2,4,2,46,48,42,40,40,38,34,36,38,36,46,44,44,42],"width":103,"height":156}},"leg_3":{"leg_3":{"type":"mesh","uvs":[0.49441,0,0.77078,0.14731,0.80328,0.26221,0.75691,0.37561,0.74467,0.46317,0.7355,0.52884,0.72366,0.61361,0.76834,0.65945,0.81816,0.71057,0.94008,0.74582,0.9748,0.86855,0.82373,0.96765,0.25362,1,0.02809,0.93291,0.02823,0.80545,0.0825,0.72702,0.06905,0.65539,0.0496,0.55185,0.02863,0.44022,0.02881,0.27339,0.029,0.09779,0.33308,0,0.38591,0.70616,0.41338,0.19863],"triangles":[22,14,15,10,8,9,22,11,12,13,14,12,10,11,8,12,14,22,11,22,8,8,22,7,22,6,7,15,16,22,5,6,22,22,16,17,5,22,17,4,17,18,5,17,4,23,18,19,23,4,18,4,23,3,3,23,2,19,20,23,23,1,2,20,21,23,23,0,1,23,21,0],"vertices":[1,17,49.1,10.32,1,2,17,69.55,24.04,0.55083,18,-6.48,23.19,0.44917,2,17,82.09,22.76,0.24455,18,5.8,26.02,0.75545,1,18,18.19,23.49,1,1,18,27.68,23.14,1,1,18,34.79,22.88,1,2,18,43.97,22.54,0.82443,19,-20.72,22.54,0.17557,2,18,48.77,25.82,0.66885,19,-15.93,25.82,0.33115,2,18,54.11,29.49,0.38795,19,-10.59,29.49,0.61205,2,18,57.49,37.96,0.21815,19,-7.21,37.96,0.78185,1,19,5.91,40.99,1,1,19,17.12,31.27,1,1,19,22.57,-7.27,1,1,19,16.11,-22.95,1,2,18,67.06,-23.64,0.2999,19,2.37,-23.64,0.7001,2,18,58.42,-20.38,0.67075,19,-6.28,-20.38,0.32925,2,18,50.74,-21.69,0.9421,19,-13.96,-21.69,0.0579,1,18,39.64,-23.58,1,1,18,27.67,-25.61,1,2,17,68.82,-28.22,0.28965,18,9.67,-26.51,0.71035,2,17,50.58,-23.01,0.71518,18,-9.27,-27.46,0.28482,1,17,46.09,-0.23,1,2,18,55.12,0.11,0.50434,19,-9.58,0.11,0.49566,2,17,68.22,-0.85,0.38207,18,0.28,-0.81,0.61793],"hull":22,"edges":[0,42,0,2,24,26,40,42,26,28,30,28,32,30,36,34,34,32,36,38,38,40,22,24,22,20,18,20,18,16,16,14,14,12,2,4,6,4,12,10,6,8,8,10],"width":68,"height":108}},"leg_4":{"leg_4":{"type":"mesh","uvs":[0.34145,0,0.51042,0.03144,0.60254,0.17918,0.60994,0.30132,0.59629,0.38132,0.58556,0.44422,0.6082,0.51532,0.62478,0.56736,0.67778,0.67492,0.76682,0.70766,0.82406,0.69675,0.95637,0.74656,1,0.81653,0.87232,0.95518,0.45619,1,0.35376,1,0.31542,0.9252,0.31586,0.84347,0.26967,0.77664,0.21198,0.67678,0.15246,0.57377,0.10625,0.49377,0.05225,0.40029,0,0.30986,0,0.1814,0.19412,0,0.38204,0.51332],"triangles":[17,14,16,14,8,9,14,15,16,11,9,10,13,11,12,13,9,11,14,9,13,26,5,6,19,20,26,18,19,26,17,18,8,26,7,18,6,7,26,8,18,7,17,8,14,0,23,24,0,2,3,2,0,1,0,22,23,25,0,24,0,4,22,0,3,4,22,26,21,22,4,26,5,26,4,20,21,26],"vertices":[1,23,-7.2,18.78,1,1,23,2.21,33.45,1,1,23,24.19,35.82,1,1,23,40.18,31.26,1,2,23,50.06,26.52,0.87654,24,-6.54,27.79,0.12346,2,23,57.84,22.79,0.6243,24,0.6,22.95,0.3757,3,23,67.73,21.87,0.20328,24,10.24,20.58,0.72759,25,-38.89,14.24,0.06913,2,24,17.3,18.84,0.88012,25,-31.64,13.72,0.11988,2,24,32.74,16.92,0.72305,25,-16.1,14.42,0.27695,2,24,40.75,22.84,0.56115,25,-9.2,21.6,0.43885,2,24,42.02,28.61,0.52363,25,-8.91,27.5,0.47637,2,24,54.07,37.32,0.21301,25,1.5,38.12,0.78699,1,25,11.88,39.45,1,1,25,26.08,21.65,1,2,24,62.07,-22.89,0.18566,25,19.51,-19.89,0.81434,2,24,57.42,-32.02,0.34559,25,16.47,-29.67,0.65441,2,24,46.61,-30.82,0.55433,25,5.61,-30.3,0.44567,2,24,36.73,-25.73,0.72626,25,-4.99,-26.95,0.27374,2,24,26.53,-25.72,0.85134,25,-15.04,-28.66,0.14866,3,23,76,-22.67,0.09432,24,11.81,-24.69,0.84988,25,-29.72,-30.12,0.0558,2,23,60.82,-23.87,0.56336,24,-3.37,-23.63,0.43664,2,23,49.04,-24.81,0.90268,24,-15.16,-22.81,0.09732,1,23,35.27,-25.9,1,1,23,21.95,-26.96,1,1,23,5.38,-21.42,1,1,23,-11.87,4.81,1,2,23,60.3,0.51,0.59793,24,-0.27,0.55,0.40207],"hull":26,"edges":[0,50,0,2,24,26,26,28,28,30,46,48,48,50,30,32,34,32,34,36,38,36,40,38,42,40,46,44,44,42,22,24,22,20,20,18,18,16,16,14,2,4,6,4,14,12,12,10,10,8,8,6],"width":100,"height":136}},"mouth":{"mouth":{"x":50.94,"y":1.83,"rotation":18.01,"width":125,"height":61}},"shadow":{"shadow":{"x":-4.66,"y":-1.3,"width":165,"height":53}},"tail":{"tail":{"type":"mesh","uvs":[0.91628,0.07562,0.97219,0.23701,0.99016,0.47728,0.96811,0.72065,0.92478,0.87093,0.87335,0.95716,0.75231,0.96973,0.64028,0.98136,0.55497,0.97345,0.46498,0.96511,0.35963,0.92851,0.25495,0.88457,0.18567,0.81465,0.12092,0.7417,0.08744,0.65208,0.10303,0.56372,0.15872,0.50925,0.22801,0.48367,0.29094,0.49162,0.38295,0.48004,0.45871,0.44168,0.52972,0.40912,0.60686,0.35484,0.67846,0.28175,0.74852,0.1939,0.80352,0.10199,0.85672,0.00688],"triangles":[2,24,25,26,2,25,2,3,5,1,26,0,1,2,26,6,7,22,22,23,6,6,23,5,5,23,2,2,23,24,3,4,5,8,20,21,22,7,21,7,8,21,19,20,9,8,9,20,10,19,9,11,18,10,10,18,19,11,12,18,12,17,18,13,16,12,12,16,17,14,15,13,13,15,16],"vertices":[2,10,-13.73,-37.63,0.31425,9,19.26,-36.77,0.68575,2,10,-20.19,-23.93,0.16611,9,13.61,-22.71,0.83389,1,9,15.27,-4.3,1,2,10,-12.74,12.07,0.12831,9,23.15,12.79,0.87169,2,10,-3.85,22.01,0.59555,9,32.61,22.2,0.40445,2,10,5.4,26.94,0.82623,9,42.13,26.57,0.17377,2,11,-14.81,22.14,0.09095,10,24.49,24.31,0.90905,2,11,3.02,22.7,0.64684,10,42.16,21.87,0.35316,1,11,16.57,21.85,1,2,12,-7.44,20.19,0.20307,11,30.87,20.95,0.79693,2,12,9.51,19.19,0.84009,11,47.56,17.86,0.15991,2,13,-1.64,17.62,0.33155,12,26.41,17.62,0.66845,2,13,9.88,13.5,0.86837,12,37.93,13.49,0.13163,1,13,20.7,9.08,1,1,13,26.72,2.87,1,1,13,24.97,-4.07,1,1,13,16.6,-9.12,1,2,13,5.85,-12.23,0.81292,12,33.88,-12.23,0.18708,2,13,-4.16,-12.69,0.21142,12,23.87,-12.68,0.78858,2,12,9.41,-15.1,0.81163,11,43.23,-16.15,0.18837,2,12,-2.26,-19.27,0.24465,11,31.13,-18.84,0.75535,2,11,19.8,-21.11,0.89218,10,51.37,-24.12,0.10782,2,11,7.46,-25.01,0.55406,10,38.55,-25.9,0.44594,3,11,-4.02,-30.35,0.18398,10,26.33,-29.25,0.72553,9,59.74,-30.74,0.09049,2,10,14.15,-33.75,0.6862,9,47.32,-34.52,0.3138,2,10,4.26,-38.99,0.47966,9,37.14,-39.17,0.52034,2,10,-5.39,-44.52,0.3768,9,27.18,-44.13,0.6232],"hull":27,"edges":[52,0,0,2,2,4,4,6,6,8,8,10,14,12,12,10,14,16,16,18,18,20,20,22,24,26,26,28,28,30,30,32,32,34,34,36,36,38,38,40,40,42,42,44,44,46,46,48,48,50,50,52,22,24],"width":159,"height":76}}}}],"events":{"finished_attacking":{}},"animations":{"attack":{"bones":{"bone5":{"rotate":[{"angle":3.1,"curve":0.334,"c2":0.34,"c3":0.67,"c4":0.68},{"time":0.0667,"angle":9.16,"curve":0.342,"c2":0.36,"c3":0.678,"c4":0.7},{"time":0.1333,"angle":14.77,"curve":0.352,"c2":0.41,"c3":0.688,"c4":0.76},{"time":0.2,"angle":19.27,"curve":0.366,"c2":0.63,"c3":0.703},{"time":0.2667,"angle":21.66,"curve":0.252,"c3":0.622,"c4":0.48},{"time":0.5,"angle":30.11,"curve":0.34,"c2":0.35,"c3":0.684,"c4":0.72},{"time":0.6333,"angle":20.16,"curve":0.343,"c2":0.37,"c3":0.677,"c4":0.71},{"time":0.7333,"angle":-16.98,"curve":0.374,"c2":0.62,"c3":0.715},{"time":1,"angle":3.1}]},"bone":{"rotate":[{"curve":0.25,"c3":0.625,"c4":0.5},{"time":0.5,"angle":-15.26,"curve":0.337,"c2":0.35,"c3":0.675,"c4":0.69},{"time":0.6667,"angle":-2.59,"curve":0.382,"c2":0.57,"c3":0.735},{"time":1}],"translate":[{"y":-9.62,"curve":0.354,"c2":0.41,"c3":0.704,"c4":0.79},{"time":0.5,"x":-53.55,"y":-24.16,"curve":0.368,"c2":0.63,"c3":0.706},{"time":0.6667,"x":53.55,"y":-36.18,"curve":0.248,"c3":0.628,"c4":0.52},{"time":1,"y":-9.62}]},"body":{"rotate":[{"angle":-4.4,"curve":0.3,"c2":0.21,"c3":0.756},{"time":0.5,"angle":2.47,"curve":0.258,"c3":0.619,"c4":0.45},{"time":0.6333,"angle":7.89,"curve":0.339,"c2":0.35,"c3":0.697,"c4":0.76},{"time":0.8333,"angle":-3.82,"curve":0.375,"c2":0.62,"c3":0.716},{"time":0.9333,"angle":-5.06,"curve":0.297,"c3":0.634,"c4":0.37},{"time":1,"angle":-4.4}]},"mouth":{"rotate":[{"angle":-3.86,"curve":0.3,"c2":0.21,"c3":0.756},{"time":0.4333,"angle":-4.02,"curve":0.265,"c3":0.618,"c4":0.43},{"time":0.6,"angle":15.18,"curve":0.324,"c2":0.3,"c3":0.668,"c4":0.67},{"time":0.7333,"angle":17.85,"curve":0.381,"c2":0.55,"c3":0.742},{"time":0.9333,"angle":-4.43,"curve":0.297,"c3":0.634,"c4":0.37},{"time":1,"angle":-3.86}]},"bone2":{"rotate":[{"angle":3.46,"curve":0.366,"c2":0.63,"c3":0.703},{"time":0.0667,"angle":4.36,"curve":0.25,"c3":0.75},{"time":0.5667,"angle":-8.54,"curve":0.244,"c3":0.7,"c4":0.79},{"time":1,"angle":3.46}]},"bone3":{"rotate":[{"angle":1.77,"curve":0.352,"c2":0.41,"c3":0.688,"c4":0.76},{"time":0.0667,"angle":3.46,"curve":0.366,"c2":0.63,"c3":0.703},{"time":0.1333,"angle":4.36,"curve":0.242,"c3":0.663,"c4":0.65},{"time":0.5,"angle":18.17,"curve":0.38,"c2":0.59,"c3":0.727},{"time":0.6333,"angle":-33.56,"curve":0.242,"c3":0.663,"c4":0.65},{"time":1,"angle":1.77}]},"bone4":{"rotate":[{"angle":9.16,"curve":0.342,"c2":0.36,"c3":0.678,"c4":0.7},{"time":0.0667,"angle":14.77,"curve":0.352,"c2":0.41,"c3":0.688,"c4":0.76},{"time":0.1333,"angle":19.27,"curve":0.366,"c2":0.63,"c3":0.703},{"time":0.2,"angle":21.66,"curve":0.245,"c3":0.637,"c4":0.56},{"time":0.5,"angle":24.06,"curve":0.358,"c2":0.42,"c3":0.702,"c4":0.8},{"time":0.6333,"angle":-31.16,"curve":0.366,"c2":0.63,"c3":0.703},{"time":1,"angle":9.16}]},"leg_8":{"rotate":[{"angle":41.31}]},"body2":{"rotate":[{"angle":-4.87,"curve":0.352,"c2":0.65,"c3":0.687},{"time":0.0333,"angle":-5.06,"curve":0.246,"c3":0.723,"c4":0.88},{"time":0.5,"angle":-26.06,"curve":0.352,"c2":0.65,"c3":0.687},{"time":0.6333,"angle":10.21,"curve":0.303,"c2":0.24,"c3":0.661,"c4":0.65},{"time":0.8333,"angle":-1.58,"curve":0.349,"c2":0.39,"c3":0.689,"c4":0.74},{"time":0.9333,"angle":-3.82,"curve":0.358,"c2":0.47,"c3":0.695,"c4":0.82},{"time":1,"angle":-4.87}]},"body3":{"rotate":[{"angle":-3.14,"curve":0.342,"c2":0.37,"c3":0.676,"c4":0.7},{"time":0.0333,"angle":-3.82,"curve":0.375,"c2":0.62,"c3":0.716},{"time":0.1333,"angle":-5.06,"curve":0.242,"c3":0.663,"c4":0.65},{"time":0.5,"angle":-66.62,"curve":0.38,"c2":0.59,"c3":0.727},{"time":0.6333,"angle":24.43,"curve":0.258,"c3":0.619,"c4":0.45},{"time":0.8333,"angle":0.95,"curve":0.33,"c2":0.32,"c3":0.67,"c4":0.68},{"time":0.9333,"angle":-1.58,"curve":0.342,"c2":0.36,"c3":0.678,"c4":0.7},{"time":1,"angle":-3.14}]},"bone6":{"rotate":[{"angle":-2.89,"curve":0.326,"c2":0.31,"c3":0.662,"c4":0.65},{"time":0.0667,"angle":3.1,"curve":0.334,"c2":0.34,"c3":0.67,"c4":0.68},{"time":0.1333,"angle":9.16,"curve":0.342,"c2":0.36,"c3":0.678,"c4":0.7},{"time":0.2,"angle":14.77,"curve":0.352,"c2":0.41,"c3":0.688,"c4":0.76},{"time":0.2667,"angle":19.27,"curve":0.366,"c2":0.63,"c3":0.703},{"time":0.3333,"angle":21.66,"curve":0.265,"c3":0.618,"c4":0.43},{"time":0.5,"angle":36.01,"curve":0.324,"c2":0.3,"c3":0.668,"c4":0.67},{"time":0.6333,"angle":29.38,"curve":0.349,"c2":0.39,"c3":0.689,"c4":0.74},{"time":0.7333,"angle":-28.39,"curve":0.375,"c2":0.62,"c3":0.716},{"time":0.8333,"angle":-12.66,"curve":0.265,"c3":0.618,"c4":0.43},{"time":1,"angle":-2.89}]},"bone7":{"rotate":[{"angle":-8.25,"curve":0.317,"c2":0.27,"c3":0.653,"c4":0.62},{"time":0.0667,"angle":-2.89,"curve":0.326,"c2":0.31,"c3":0.662,"c4":0.65},{"time":0.1333,"angle":3.1,"curve":0.334,"c2":0.34,"c3":0.67,"c4":0.68},{"time":0.2,"angle":9.16,"curve":0.342,"c2":0.36,"c3":0.678,"c4":0.7},{"time":0.2667,"angle":14.77,"curve":0.352,"c2":0.41,"c3":0.688,"c4":0.76},{"time":0.3333,"angle":19.27,"curve":0.366,"c2":0.63,"c3":0.703},{"time":0.4,"angle":21.66,"curve":0.284,"c3":0.625,"c4":0.38},{"time":0.5,"angle":41.29,"curve":0.307,"c2":0.25,"c3":0.651,"c4":0.62},{"time":0.6333,"angle":38.31,"curve":0.336,"c2":0.34,"c3":0.676,"c4":0.69},{"time":0.7333,"angle":-16.51,"curve":0.382,"c2":0.57,"c3":0.735},{"time":0.9,"angle":-12.66,"curve":0.284,"c3":0.625,"c4":0.38},{"time":1,"angle":-8.25}]},"leg_2":{"rotate":[{"angle":8.43}]},"leg_3":{"rotate":[{"angle":-27.15}]},"leg_5":{"rotate":[{"angle":14.55}]},"leg_6":{"rotate":[{"angle":-28.87}]},"leg_1":{"rotate":[{"angle":-12.4}]},"leg_10":{"rotate":[{"angle":-23.42}],"translate":[{"curve":0.25,"c3":0.75},{"time":0.5,"y":-3.24,"curve":0.25,"c3":0.75},{"time":1}]},"leg_11":{"rotate":[{"angle":75.17}]},"Shadow":{"translate":[{"curve":0.25,"c3":0.75},{"time":0.5,"x":-62.6,"curve":0.25,"c3":0.75},{"time":0.6667,"x":48.99,"curve":0.25,"c3":0.75},{"time":1}],"scale":[{"time":0.5,"curve":0.25,"c3":0.75},{"time":0.6667,"x":1.248,"curve":0.25,"c3":0.75},{"time":1}]}},"events":[{"time":0.6,"name":"finished_attacking"}]},"die":{"slots":{"eye_close2":{"attachment":[{"time":0.2,"name":"eye_close"}]}},"bones":{"leg_12":{"translate":[{"time":0.4667,"curve":0.25,"c3":0.75},{"time":0.7333,"x":148.18,"y":-20.58}]},"bone":{"rotate":[{"curve":0.25,"c3":0.75},{"time":0.4667,"angle":-5.03,"curve":0.336,"c2":0.34,"c3":0.669,"c4":0.67},{"time":0.6333,"angle":1.16}],"translate":[{"y":-9.62,"curve":0.378,"c2":0.52,"c3":0.748},{"time":0.4667,"x":47.77,"y":-35.53,"curve":0.343,"c2":0.66,"c3":0.676},{"time":0.6333,"x":40.72,"y":-26.71,"curve":0.343,"c2":0.66,"c3":0.676},{"time":0.7,"x":77.74,"y":-79.6,"curve":0.25,"c3":0.75},{"time":0.8333,"x":77.74,"y":-70.79,"curve":0.25,"c3":0.75},{"time":0.9667,"x":77.74,"y":-79.6,"curve":"stepped"},{"time":1.5333,"x":77.74,"y":-79.6}]},"body":{"rotate":[{"angle":-4.4,"curve":0.3,"c2":0.21,"c3":0.756},{"time":0.4667,"angle":7.89,"curve":0.339,"c2":0.35,"c3":0.697,"c4":0.76},{"time":0.6333,"angle":11.08,"curve":0.25,"c3":0.75},{"time":0.7333,"angle":-12.96}]},"body2":{"rotate":[{"angle":-4.87,"curve":0.352,"c2":0.65,"c3":0.687},{"time":0.0333,"angle":-5.06,"curve":0.25,"c3":0.75},{"time":0.4667,"angle":10.21,"curve":0.303,"c2":0.24,"c3":0.661,"c4":0.65},{"time":0.6333,"angle":13.39,"curve":0.25,"c3":0.75},{"time":0.7333,"angle":-10.65}]},"body3":{"rotate":[{"angle":-3.14,"curve":0.342,"c2":0.37,"c3":0.676,"c4":0.7},{"time":0.0333,"angle":-3.82,"curve":0.375,"c2":0.62,"c3":0.716},{"time":0.1333,"angle":-5.06,"curve":0.25,"c3":0.75},{"time":0.4667,"angle":24.43,"curve":0.258,"c3":0.619,"c4":0.45},{"time":0.6333,"angle":27.61,"curve":0.25,"c3":0.75},{"time":0.7333,"angle":3.57}]},"mouth":{"rotate":[{"angle":-3.86,"curve":0.3,"c2":0.21,"c3":0.756},{"time":0.4667,"angle":0.73,"curve":0.363,"c2":0.44,"c3":0.755},{"time":0.6,"angle":14.19,"curve":"stepped"},{"time":0.7,"angle":14.19,"curve":0.25,"c3":0.75},{"time":0.7667,"angle":-13.07}]},"bone2":{"rotate":[{"angle":3.46,"curve":0.366,"c2":0.63,"c3":0.703},{"time":0.0667,"angle":4.36,"curve":0.25,"c3":0.75},{"time":0.4667,"angle":-7.66}]},"bone3":{"rotate":[{"angle":1.77,"curve":0.352,"c2":0.41,"c3":0.688,"c4":0.76},{"time":0.0667,"angle":3.46,"curve":0.366,"c2":0.63,"c3":0.703},{"time":0.1333,"angle":4.36,"curve":0.25,"c3":0.75},{"time":0.4667,"angle":-33.56,"curve":0.242,"c3":0.663,"c4":0.65},{"time":0.7,"angle":10.28}]},"bone4":{"rotate":[{"angle":9.16,"curve":0.342,"c2":0.36,"c3":0.678,"c4":0.7},{"time":0.0667,"angle":14.77,"curve":0.352,"c2":0.41,"c3":0.688,"c4":0.76},{"time":0.1333,"angle":19.27,"curve":0.366,"c2":0.63,"c3":0.703},{"time":0.2,"angle":21.66,"curve":0.25,"c3":0.75},{"time":0.4667,"angle":-31.16,"curve":0.366,"c2":0.63,"c3":0.703},{"time":0.7,"angle":-23.62,"curve":0,"c2":0.25,"c4":0.75},{"time":0.8,"angle":13.62}]},"bone5":{"rotate":[{"angle":3.1,"curve":0.334,"c2":0.34,"c3":0.67,"c4":0.68},{"time":0.0667,"angle":9.16,"curve":0.342,"c2":0.36,"c3":0.678,"c4":0.7},{"time":0.1333,"angle":14.77,"curve":0.352,"c2":0.41,"c3":0.688,"c4":0.76},{"time":0.2,"angle":19.27,"curve":0.366,"c2":0.63,"c3":0.703},{"time":0.4667,"angle":20.16,"curve":0.343,"c2":0.37,"c3":0.677,"c4":0.71},{"time":0.7,"angle":-29.31,"curve":0,"c2":0.25,"c4":0.75},{"time":0.8,"angle":7.93}]},"bone6":{"rotate":[{"angle":-2.89,"curve":0.326,"c2":0.31,"c3":0.662,"c4":0.65},{"time":0.0667,"angle":3.1,"curve":0.334,"c2":0.34,"c3":0.67,"c4":0.68},{"time":0.1333,"angle":9.16,"curve":0.342,"c2":0.36,"c3":0.678,"c4":0.7},{"time":0.2,"angle":14.77,"curve":0.352,"c2":0.41,"c3":0.688,"c4":0.76},{"time":0.4667,"angle":29.38,"curve":0.349,"c2":0.39,"c3":0.689,"c4":0.74},{"time":0.7,"angle":-20.09,"curve":0,"c2":0.25,"c4":0.75},{"time":0.8,"angle":17.15}]},"bone7":{"rotate":[{"angle":-8.25,"curve":0.317,"c2":0.27,"c3":0.653,"c4":0.62},{"time":0.0667,"angle":-2.89,"curve":0.326,"c2":0.31,"c3":0.662,"c4":0.65},{"time":0.1333,"angle":3.1,"curve":0.334,"c2":0.34,"c3":0.67,"c4":0.68},{"time":0.2,"angle":9.16,"curve":0.342,"c2":0.36,"c3":0.678,"c4":0.7},{"time":0.4667,"angle":38.31,"curve":0.336,"c2":0.34,"c3":0.676,"c4":0.69},{"time":0.7,"angle":-11.17,"curve":0.25,"c3":0.75},{"time":0.8,"angle":26.08}]},"leg_2":{"rotate":[{"angle":8.43,"curve":0.25,"c3":0.75},{"time":0.4667,"angle":-10.96}]},"leg_3":{"rotate":[{"angle":-27.15,"curve":0.25,"c3":0.75},{"time":0.4667,"angle":-1.39}]},"leg_4":{"rotate":[{"time":0.6,"curve":0.25,"c3":0.75},{"time":0.7,"angle":-92.21}],"translate":[{"time":0.6,"curve":0.25,"c3":0.75},{"time":0.7,"x":-3.09,"y":4.12}]},"leg_5":{"rotate":[{"angle":14.55,"curve":0.25,"c3":0.75},{"time":0.4667,"angle":8.26}]},"leg_6":{"rotate":[{"angle":-28.87,"curve":0.25,"c3":0.75},{"time":0.4667,"angle":-58.87}]},"leg_7":{"rotate":[{"time":0.6,"curve":0.25,"c3":0.75},{"time":0.7,"angle":-106.8}],"translate":[{"time":0.6,"curve":0.25,"c3":0.75},{"time":0.7,"x":-39.1,"y":23.67}]},"leg_1":{"rotate":[{"angle":-12.4,"curve":0.25,"c3":0.75},{"time":0.4667,"angle":-39.03}]},"leg_8":{"rotate":[{"angle":41.31,"curve":0.25,"c3":0.75},{"time":0.4667,"angle":20.54}]},"leg_9":{"translate":[{"time":0.6,"curve":0.25,"c3":0.75},{"time":0.7333,"x":168.76,"y":-71}]},"leg_10":{"rotate":[{"angle":-23.42,"curve":0.25,"c3":0.75},{"time":0.4667,"angle":-77.25}],"translate":[{"curve":0.25,"c3":0.75},{"time":0.4667,"y":-2.58}]},"leg_11":{"rotate":[{"angle":75.17,"curve":0.25,"c3":0.75},{"time":0.4667,"angle":105.41}]},"Shadow":{"translate":[{"curve":0.25,"c3":0.75},{"time":0.6333,"x":35.59,"curve":0.25,"c3":0.75},{"time":0.8,"x":66.38,"y":-13.47}],"scale":[{"curve":0.25,"c3":0.75},{"time":0.6333,"x":1.164,"curve":0.25,"c3":0.75},{"time":0.8,"x":1.354}]}},"deform":{"default":{"head":{"head":[{"curve":0.25,"c3":0.75},{"time":0.4667,"offset":54,"vertices":[21.45816,0.25204,21.04089,4.2177,11.6993,5.27011,11.84758,4.9283,10.52216,7.34367,1.57329,0.64384,1.59146,0.59795,1.42685,0.92384],"curve":0.286,"c3":0.626,"c4":0.38},{"time":0.5667,"offset":54,"vertices":[22.9265,1.15407,22.56064,4.94611,10.50062,4.59002,10.64425,4.34577,9.45883,6.55851,1.38999,0.56883,1.40605,0.52829,1.26062,0.8162],"curve":0.317,"c2":0.27,"c3":0.757},{"time":1,"offset":54,"vertices":[4.72385,-1.45741,4.35776,2.33429,1.41064,-0.56738,1.51898,-0.07181,1.39526,0.60431]}]}}}},"idle":{"slots":{"eye_close2":{"attachment":[{"time":1.2,"name":"eye_close"},{"time":1.4,"name":null}]}},"bones":{"bone":{"translate":[{"y":-9.62,"curve":0.378,"c2":0.52,"c3":0.748},{"time":0.2333,"y":-3.32,"curve":0.25,"c3":0.75},{"time":0.7333,"y":-17.14,"curve":0.248,"c3":0.628,"c4":0.52},{"time":1,"y":-9.62,"curve":0.378,"c2":0.52,"c3":0.748},{"time":1.2333,"y":-3.32,"curve":0.25,"c3":0.75},{"time":1.7333,"y":-17.14,"curve":0.248,"c3":0.628,"c4":0.52},{"time":2,"y":-9.62}]},"body":{"rotate":[{"angle":-4.4,"curve":0.3,"c2":0.21,"c3":0.756},{"time":0.4333,"angle":4.49,"curve":0.243,"c3":0.68,"c4":0.71},{"time":0.8333,"angle":-3.82,"curve":0.375,"c2":0.62,"c3":0.716},{"time":0.9333,"angle":-5.06,"curve":0.297,"c3":0.634,"c4":0.37},{"time":1,"angle":-4.4,"curve":0.3,"c2":0.21,"c3":0.756},{"time":1.4333,"angle":4.49,"curve":0.243,"c3":0.68,"c4":0.71},{"time":1.8333,"angle":-3.82,"curve":0.375,"c2":0.62,"c3":0.716},{"time":1.9333,"angle":-5.06,"curve":0.297,"c3":0.634,"c4":0.37},{"time":2,"angle":-4.4}]},"body2":{"rotate":[{"angle":-4.87,"curve":0.352,"c2":0.65,"c3":0.687},{"time":0.0333,"angle":-5.06,"curve":0.25,"c3":0.75},{"time":0.5333,"angle":4.49,"curve":0.245,"c3":0.637,"c4":0.56},{"time":0.8333,"angle":-1.58,"curve":0.349,"c2":0.39,"c3":0.689,"c4":0.74},{"time":0.9333,"angle":-3.82,"curve":0.358,"c2":0.47,"c3":0.695,"c4":0.82},{"time":1,"angle":-4.87,"curve":0.352,"c2":0.65,"c3":0.687},{"time":1.0333,"angle":-5.06,"curve":0.25,"c3":0.75},{"time":1.5333,"angle":4.49,"curve":0.245,"c3":0.637,"c4":0.56},{"time":1.8333,"angle":-1.58,"curve":0.349,"c2":0.39,"c3":0.689,"c4":0.74},{"time":1.9333,"angle":-3.82,"curve":0.358,"c2":0.47,"c3":0.695,"c4":0.82},{"time":2,"angle":-4.87}]},"body3":{"rotate":[{"angle":-3.14,"curve":0.342,"c2":0.37,"c3":0.676,"c4":0.7},{"time":0.0333,"angle":-3.82,"curve":0.375,"c2":0.62,"c3":0.716},{"time":0.1333,"angle":-5.06,"curve":0.25,"c3":0.75},{"time":0.6333,"angle":4.49,"curve":0.258,"c3":0.619,"c4":0.45},{"time":0.8333,"angle":0.95,"curve":0.33,"c2":0.32,"c3":0.67,"c4":0.68},{"time":0.9333,"angle":-1.58,"curve":0.342,"c2":0.36,"c3":0.678,"c4":0.7},{"time":1,"angle":-3.14,"curve":0.342,"c2":0.37,"c3":0.676,"c4":0.7},{"time":1.0333,"angle":-3.82,"curve":0.375,"c2":0.62,"c3":0.716},{"time":1.1333,"angle":-5.06,"curve":0.25,"c3":0.75},{"time":1.6333,"angle":4.49,"curve":0.258,"c3":0.619,"c4":0.45},{"time":1.8333,"angle":0.95,"curve":0.33,"c2":0.32,"c3":0.67,"c4":0.68},{"time":1.9333,"angle":-1.58,"curve":0.342,"c2":0.36,"c3":0.678,"c4":0.7},{"time":2,"angle":-3.14}]},"bone2":{"rotate":[{"angle":3.46,"curve":0.366,"c2":0.63,"c3":0.703},{"time":0.0667,"angle":4.36,"curve":0.25,"c3":0.75},{"time":0.5667,"angle":-8.54,"curve":0.244,"c3":0.7,"c4":0.79},{"time":1,"angle":3.46,"curve":0.366,"c2":0.63,"c3":0.703},{"time":1.0667,"angle":4.36,"curve":0.25,"c3":0.75},{"time":1.5667,"angle":-8.54,"curve":0.244,"c3":0.7,"c4":0.79},{"time":2,"angle":3.46}]},"bone3":{"rotate":[{"angle":1.77,"curve":0.352,"c2":0.41,"c3":0.688,"c4":0.76},{"time":0.0667,"angle":3.46,"curve":0.366,"c2":0.63,"c3":0.703},{"time":0.1333,"angle":4.36,"curve":0.25,"c3":0.75},{"time":0.6333,"angle":-8.54,"curve":0.242,"c3":0.663,"c4":0.65},{"time":1,"angle":1.77,"curve":0.352,"c2":0.41,"c3":0.688,"c4":0.76},{"time":1.0667,"angle":3.46,"curve":0.366,"c2":0.63,"c3":0.703},{"time":1.1333,"angle":4.36,"curve":0.25,"c3":0.75},{"time":1.6333,"angle":-8.54,"curve":0.242,"c3":0.663,"c4":0.65},{"time":2,"angle":1.77}]},"bone4":{"rotate":[{"angle":9.16,"curve":0.342,"c2":0.36,"c3":0.678,"c4":0.7},{"time":0.0667,"angle":14.77,"curve":0.352,"c2":0.41,"c3":0.688,"c4":0.76},{"time":0.1333,"angle":19.27,"curve":0.366,"c2":0.63,"c3":0.703},{"time":0.2,"angle":21.66,"curve":0.25,"c3":0.75},{"time":0.7,"angle":-12.66,"curve":0.245,"c3":0.637,"c4":0.56},{"time":1,"angle":9.16,"curve":0.342,"c2":0.36,"c3":0.678,"c4":0.7},{"time":1.0667,"angle":14.77,"curve":0.352,"c2":0.41,"c3":0.688,"c4":0.76},{"time":1.1333,"angle":19.27,"curve":0.366,"c2":0.63,"c3":0.703},{"time":1.2,"angle":21.66,"curve":0.25,"c3":0.75},{"time":1.7,"angle":-12.66,"curve":0.245,"c3":0.637,"c4":0.56},{"time":2,"angle":9.16}]},"bone5":{"rotate":[{"angle":3.1,"curve":0.334,"c2":0.34,"c3":0.67,"c4":0.68},{"time":0.0667,"angle":9.16,"curve":0.342,"c2":0.36,"c3":0.678,"c4":0.7},{"time":0.1333,"angle":14.77,"curve":0.352,"c2":0.41,"c3":0.688,"c4":0.76},{"time":0.2,"angle":19.27,"curve":0.366,"c2":0.63,"c3":0.703},{"time":0.2667,"angle":21.66,"curve":0.25,"c3":0.75},{"time":0.7667,"angle":-12.66,"curve":0.252,"c3":0.622,"c4":0.48},{"time":1,"angle":3.1,"curve":0.334,"c2":0.34,"c3":0.67,"c4":0.68},{"time":1.0667,"angle":9.16,"curve":0.342,"c2":0.36,"c3":0.678,"c4":0.7},{"time":1.1333,"angle":14.77,"curve":0.352,"c2":0.41,"c3":0.688,"c4":0.76},{"time":1.2,"angle":19.27,"curve":0.366,"c2":0.63,"c3":0.703},{"time":1.2667,"angle":21.66,"curve":0.25,"c3":0.75},{"time":1.7667,"angle":-12.66,"curve":0.252,"c3":0.622,"c4":0.48},{"time":2,"angle":3.1}]},"bone6":{"rotate":[{"angle":-2.89,"curve":0.326,"c2":0.31,"c3":0.662,"c4":0.65},{"time":0.0667,"angle":3.1,"curve":0.334,"c2":0.34,"c3":0.67,"c4":0.68},{"time":0.1333,"angle":9.16,"curve":0.342,"c2":0.36,"c3":0.678,"c4":0.7},{"time":0.2,"angle":14.77,"curve":0.352,"c2":0.41,"c3":0.688,"c4":0.76},{"time":0.2667,"angle":19.27,"curve":0.366,"c2":0.63,"c3":0.703},{"time":0.3333,"angle":21.66,"curve":0.25,"c3":0.75},{"time":0.8333,"angle":-12.66,"curve":0.265,"c3":0.618,"c4":0.43},{"time":1,"angle":-2.89,"curve":0.326,"c2":0.31,"c3":0.662,"c4":0.65},{"time":1.0667,"angle":3.1,"curve":0.334,"c2":0.34,"c3":0.67,"c4":0.68},{"time":1.1333,"angle":9.16,"curve":0.342,"c2":0.36,"c3":0.678,"c4":0.7},{"time":1.2,"angle":14.77,"curve":0.352,"c2":0.41,"c3":0.688,"c4":0.76},{"time":1.2667,"angle":19.27,"curve":0.366,"c2":0.63,"c3":0.703},{"time":1.3333,"angle":21.66,"curve":0.25,"c3":0.75},{"time":1.8333,"angle":-12.66,"curve":0.265,"c3":0.618,"c4":0.43},{"time":2,"angle":-2.89}]},"bone7":{"rotate":[{"angle":-8.25,"curve":0.317,"c2":0.27,"c3":0.653,"c4":0.62},{"time":0.0667,"angle":-2.89,"curve":0.326,"c2":0.31,"c3":0.662,"c4":0.65},{"time":0.1333,"angle":3.1,"curve":0.334,"c2":0.34,"c3":0.67,"c4":0.68},{"time":0.2,"angle":9.16,"curve":0.342,"c2":0.36,"c3":0.678,"c4":0.7},{"time":0.2667,"angle":14.77,"curve":0.352,"c2":0.41,"c3":0.688,"c4":0.76},{"time":0.3333,"angle":19.27,"curve":0.366,"c2":0.63,"c3":0.703},{"time":0.4,"angle":21.66,"curve":0.25,"c3":0.75},{"time":0.9,"angle":-12.66,"curve":0.284,"c3":0.625,"c4":0.38},{"time":1,"angle":-8.25,"curve":0.317,"c2":0.27,"c3":0.653,"c4":0.62},{"time":1.0667,"angle":-2.89,"curve":0.326,"c2":0.31,"c3":0.662,"c4":0.65},{"time":1.1333,"angle":3.1,"curve":0.334,"c2":0.34,"c3":0.67,"c4":0.68},{"time":1.2,"angle":9.16,"curve":0.342,"c2":0.36,"c3":0.678,"c4":0.7},{"time":1.2667,"angle":14.77,"curve":0.352,"c2":0.41,"c3":0.688,"c4":0.76},{"time":1.3333,"angle":19.27,"curve":0.366,"c2":0.63,"c3":0.703},{"time":1.4,"angle":21.66,"curve":0.25,"c3":0.75},{"time":1.9,"angle":-12.66,"curve":0.284,"c3":0.625,"c4":0.38},{"time":2,"angle":-8.25}]},"leg_10":{"rotate":[{"time":1,"angle":-23.42}],"translate":[{"curve":0.25,"c3":0.75},{"time":0.5,"y":-3.24,"curve":0.25,"c3":0.75},{"time":1,"curve":0.25,"c3":0.75},{"time":1.5,"y":-3.24,"curve":0.25,"c3":0.75},{"time":2}]},"mouth":{"rotate":[{"angle":-3.86,"curve":0.3,"c2":0.21,"c3":0.756},{"time":0.4333,"angle":3.73,"curve":0.25,"c3":0.75},{"time":0.9333,"angle":-4.43,"curve":0.297,"c3":0.634,"c4":0.37},{"time":1,"angle":-3.86,"curve":0.3,"c2":0.21,"c3":0.756},{"time":1.4333,"angle":3.73,"curve":0.25,"c3":0.75},{"time":1.9333,"angle":-4.43,"curve":0.297,"c3":0.634,"c4":0.37},{"time":2,"angle":-3.86}]},"leg_2":{"rotate":[{"time":1,"angle":8.43}]},"leg_3":{"rotate":[{"time":1,"angle":-27.15}]},"leg_5":{"rotate":[{"time":1,"angle":14.55}]},"leg_6":{"rotate":[{"time":1,"angle":-28.87}]},"leg_1":{"rotate":[{"time":1,"angle":-12.4}]},"leg_8":{"rotate":[{"time":1,"angle":41.31}]},"leg_11":{"rotate":[{"time":1,"angle":75.17}]},"Shadow":{"scale":[{"curve":0.25,"c3":0.75},{"time":0.5,"x":0.971,"y":0.971,"curve":0.25,"c3":0.75},{"time":1,"curve":0.25,"c3":0.75},{"time":1.5,"x":0.971,"y":0.971,"curve":0.25,"c3":0.75},{"time":2}]}},"deform":{"default":{"head":{"head":[{"curve":0.25,"c3":0.75},{"time":0.6667,"offset":54,"vertices":[2.67248,-1.96939,3.30797,-0.28233,1.5499,-1.06429,1.80716,-0.51889,1.87779,-0.09743],"curve":0.25,"c3":0.75},{"time":1,"curve":0.25,"c3":0.75},{"time":1.6667,"offset":54,"vertices":[2.67248,-1.96939,3.30797,-0.28233,1.5499,-1.06429,1.80716,-0.51889,1.87779,-0.09743],"curve":0.25,"c3":0.75},{"time":2}]}}}},"run":{"bones":{"bone":{"translate":[{"y":-6.81,"curve":0.375,"c2":0.5,"c3":0.75},{"time":0.1,"y":-13.63,"curve":0.25,"c3":0.75},{"time":0.3,"curve":0.25,"c3":0.75},{"time":0.5,"y":-13.63,"curve":0.25,"c3":0.75},{"time":0.7,"curve":0.25,"c3":0.625,"c4":0.5},{"time":0.8,"y":-6.81}]},"leg_4":{"rotate":[{"angle":-21.09,"curve":0.25,"c3":0.75},{"time":0.1,"angle":-67.12,"curve":0.25,"c3":0.75},{"time":0.2333,"angle":-47.99,"curve":0.25,"c3":0.75},{"time":0.4,"angle":3.05,"curve":0.243,"c3":0.649,"c4":0.6},{"time":0.6667,"angle":-3.91,"curve":0.382,"c2":0.57,"c3":0.735},{"time":0.8,"angle":-21.09}],"translate":[{"x":-50.91,"y":21.21,"curve":0.276,"c3":0.621,"c4":0.4},{"time":0.1,"x":-16.41,"y":38.52,"curve":0.312,"c2":0.27,"c3":0.662,"c4":0.65},{"time":0.2333,"x":48.84,"y":36.73,"curve":0.381,"c2":0.54,"c3":0.744},{"time":0.4,"x":99.92,"y":-1.51,"curve":0.25,"c3":0.75},{"time":0.8,"x":-50.91,"y":21.21}]},"leg_12":{"rotate":[{"angle":-4.7,"curve":0.242,"c3":0.667,"c4":0.67},{"time":0.3,"angle":0.27,"curve":0.379,"c2":0.6,"c3":0.724},{"time":0.4,"angle":-6.55,"curve":0.25,"c3":0.75},{"time":0.8,"angle":-4.7}],"translate":[{"x":-85.3,"y":16.76,"curve":0.265,"c3":0.618,"c4":0.43},{"time":0.1333,"x":-51.12,"y":38.33,"curve":0.328,"c2":0.32,"c3":0.688,"c4":0.73},{"time":0.3,"x":38.02,"y":29.69,"curve":0.379,"c2":0.6,"c3":0.724},{"time":0.4,"x":41.05,"y":5.94,"curve":0.25,"c3":0.75},{"time":0.8,"x":-85.3,"y":16.76}]},"leg_7":{"translate":[{"x":58.29,"y":28.77,"curve":0.25,"c3":0.75},{"time":0.4,"x":-56.02,"y":20.44,"curve":0.265,"c3":0.618,"c4":0.43},{"time":0.5333,"x":-18.69,"y":41.68,"curve":0.328,"c2":0.32,"c3":0.688,"c4":0.73},{"time":0.7,"x":49.64,"y":53.06,"curve":0.379,"c2":0.6,"c3":0.724},{"time":0.8,"x":58.29,"y":28.77}]},"leg_9":{"rotate":[{"angle":-5.33,"curve":0.25,"c3":0.75},{"time":0.4,"curve":0.25,"c3":0.75},{"time":0.8,"angle":-5.33}],"translate":[{"x":99.84,"y":15.25,"curve":0.25,"c3":0.75},{"time":0.4,"x":-38.61,"y":11.36,"curve":0.276,"c3":0.621,"c4":0.4},{"time":0.5,"x":-22.02,"y":39.35,"curve":0.314,"c2":0.27,"c3":0.686,"c4":0.73},{"time":0.7,"x":85.2,"y":49.73,"curve":0.379,"c2":0.6,"c3":0.724},{"time":0.8,"x":99.84,"y":15.25}]},"body":{"rotate":[{"angle":-3.97,"curve":0.311,"c2":0.25,"c3":0.757},{"time":0.1667,"angle":2.19,"curve":0.25,"c3":0.625,"c4":0.5},{"time":0.2667,"angle":-1.22,"curve":0.375,"c2":0.5,"c3":0.75},{"time":0.3667,"angle":-4.62,"curve":0.25,"c3":0.75},{"time":0.5667,"angle":2.19,"curve":0.25,"c3":0.75},{"time":0.7667,"angle":-4.62,"curve":0.29,"c3":0.629,"c4":0.38},{"time":0.8,"angle":-3.97}]},"body2":{"rotate":[{"angle":-3.97,"curve":0.311,"c2":0.25,"c3":0.757},{"time":0.1667,"angle":2.19,"curve":0.25,"c3":0.625,"c4":0.5},{"time":0.2667,"angle":-1.22,"curve":0.375,"c2":0.5,"c3":0.75},{"time":0.3667,"angle":-4.62,"curve":0.25,"c3":0.75},{"time":0.5667,"angle":2.19,"curve":0.25,"c3":0.75},{"time":0.7667,"angle":-4.62,"curve":0.29,"c3":0.629,"c4":0.38},{"time":0.8,"angle":-3.97}]},"bone2":{"rotate":[{"angle":-6.54,"curve":0.371,"c2":0.62,"c3":0.71},{"time":0.0333,"angle":-8.33,"curve":0.25,"c3":0.75},{"time":0.2333,"angle":10.22,"curve":0.25,"c3":0.75},{"time":0.4333,"angle":-8.33,"curve":0.25,"c3":0.75},{"time":0.6333,"angle":10.22,"curve":0.243,"c3":0.689,"c4":0.75},{"time":0.8,"angle":-6.54}]},"bone3":{"rotate":[{"angle":-3.19,"curve":0.351,"c2":0.4,"c3":0.689,"c4":0.75},{"time":0.0333,"angle":-6.54,"curve":0.371,"c2":0.62,"c3":0.71},{"time":0.0667,"angle":-8.33,"curve":0.25,"c3":0.75},{"time":0.2667,"angle":10.22,"curve":0.25,"c3":0.75},{"time":0.4667,"angle":-8.33,"curve":0.25,"c3":0.75},{"time":0.6667,"angle":10.22,"curve":0.243,"c3":0.649,"c4":0.6},{"time":0.8,"angle":-3.19}]},"bone4":{"rotate":[{"angle":0.83,"curve":0.338,"c2":0.35,"c3":0.675,"c4":0.69},{"time":0.0333,"angle":-3.19,"curve":0.351,"c2":0.4,"c3":0.689,"c4":0.75},{"time":0.0667,"angle":-6.54,"curve":0.371,"c2":0.62,"c3":0.71},{"time":0.1,"angle":-8.33,"curve":0.25,"c3":0.75},{"time":0.3,"angle":10.22,"curve":0.25,"c3":0.75},{"time":0.5,"angle":-8.33,"curve":0.25,"c3":0.75},{"time":0.7,"angle":10.22,"curve":0.25,"c3":0.625,"c4":0.5},{"time":0.8,"angle":0.83}]},"bone5":{"rotate":[{"angle":4.92,"curve":0.325,"c2":0.31,"c3":0.662,"c4":0.65},{"time":0.0333,"angle":0.83,"curve":0.338,"c2":0.35,"c3":0.675,"c4":0.69},{"time":0.0667,"angle":-3.19,"curve":0.351,"c2":0.4,"c3":0.689,"c4":0.75},{"time":0.1,"angle":-6.54,"curve":0.371,"c2":0.62,"c3":0.71},{"time":0.1333,"angle":-8.33,"curve":0.25,"c3":0.75},{"time":0.3333,"angle":10.22,"curve":0.25,"c3":0.75},{"time":0.5333,"angle":-8.33,"curve":0.25,"c3":0.75},{"time":0.7333,"angle":10.22,"curve":0.265,"c3":0.618,"c4":0.43},{"time":0.8,"angle":4.92}]},"bone6":{"rotate":[{"angle":8.44,"curve":0.311,"c2":0.25,"c3":0.649,"c4":0.6},{"time":0.0333,"angle":4.92,"curve":0.325,"c2":0.31,"c3":0.662,"c4":0.65},{"time":0.0667,"angle":0.83,"curve":0.338,"c2":0.35,"c3":0.675,"c4":0.69},{"time":0.1,"angle":-3.19,"curve":0.351,"c2":0.4,"c3":0.689,"c4":0.75},{"time":0.1333,"angle":-6.54,"curve":0.371,"c2":0.62,"c3":0.71},{"time":0.1667,"angle":-8.33,"curve":0.25,"c3":0.75},{"time":0.3667,"angle":10.22,"curve":0.25,"c3":0.75},{"time":0.5667,"angle":-8.33,"curve":0.25,"c3":0.75},{"time":0.7667,"angle":10.22,"curve":0.29,"c3":0.629,"c4":0.38},{"time":0.8,"angle":8.44}]},"bone7":{"rotate":[{"angle":8.44,"curve":0.311,"c2":0.25,"c3":0.649,"c4":0.6},{"time":0.0333,"angle":4.92,"curve":0.325,"c2":0.31,"c3":0.662,"c4":0.65},{"time":0.0667,"angle":0.83,"curve":0.338,"c2":0.35,"c3":0.675,"c4":0.69},{"time":0.1,"angle":-3.19,"curve":0.351,"c2":0.4,"c3":0.689,"c4":0.75},{"time":0.1333,"angle":-6.54,"curve":0.371,"c2":0.62,"c3":0.71},{"time":0.1667,"angle":-8.33,"curve":0.25,"c3":0.75},{"time":0.3667,"angle":10.22,"curve":0.25,"c3":0.75},{"time":0.5667,"angle":-8.33,"curve":0.25,"c3":0.75},{"time":0.7667,"angle":10.22,"curve":0.29,"c3":0.629,"c4":0.38},{"time":0.8,"angle":8.44}]},"mouth":{"rotate":[{"angle":5.44,"curve":0.382,"c2":0.57,"c3":0.735},{"time":0.0667,"angle":7.59,"curve":0.25,"c3":0.75},{"time":0.2667,"curve":0.25,"c3":0.75},{"time":0.4667,"angle":7.59,"curve":0.25,"c3":0.75},{"time":0.6667,"curve":0.243,"c3":0.649,"c4":0.6},{"time":0.8,"angle":5.44}]},"Shadow":{"scale":[{"curve":0.25,"c3":0.75},{"time":0.2,"x":0.971,"y":0.971,"curve":0.25,"c3":0.75},{"time":0.4,"curve":0.25,"c3":0.75},{"time":0.6,"x":0.971,"y":0.971,"curve":0.25,"c3":0.75},{"time":0.8}]}},"ik":{"leg_4":[{"bendPositive":false,"stretch":true}]}}}}