<?xml version="1.0" encoding="UTF-8"?><font><info face="Baloo-Regular" size="72" bold="0" italic="0" charset="" unicode="1" stretchH="100" smooth="1" aa="1" padding="1,1,1,1" spacing="1,1"/><common lineHeight="72" base="76" scaleW="507" scaleH="507" pages="1" packed="0"/><pages><page id="0" file="BalooTr.png"/></pages><chars count="103"><char id="32" x="0" y="0" width="0" height="0" xoffset="0" yoffset="0" xadvance="15" page="0" chnl="15"/><!--   --><char id="33" x="0" y="451" width="22" height="56" xoffset="0" yoffset="25" xadvance="22" page="0" chnl="15"/><!-- ! --><char id="34" x="415" y="59" width="34" height="28" xoffset="-2" yoffset="24" xadvance="30" page="0" chnl="15"/><!-- " --><char id="35" x="80" y="23" width="56" height="52" xoffset="-2" yoffset="28" xadvance="52" page="0" chnl="15"/><!-- # --><char id="36" x="284" y="432" width="43" height="66" xoffset="-1" yoffset="21" xadvance="41" page="0" chnl="15"/><!-- $ --><char id="37" x="0" y="278" width="62" height="53" xoffset="-2" yoffset="28" xadvance="58" page="0" chnl="15"/><!-- % --><char id="38" x="80" y="202" width="53" height="53" xoffset="-2" yoffset="28" xadvance="49" page="0" chnl="15"/><!-- & --><char id="39" x="452" y="290" width="21" height="28" xoffset="-3" yoffset="24" xadvance="16" page="0" chnl="15"/><!-- ' --><char id="40" x="452" y="0" width="27" height="66" xoffset="-1" yoffset="24" xadvance="22" page="0" chnl="15"/><!-- ( --><char id="41" x="452" y="67" width="27" height="66" xoffset="-4" yoffset="24" xadvance="22" page="0" chnl="15"/><!-- ) --><char id="42" x="415" y="317" width="31" height="30" xoffset="-3" yoffset="25" xadvance="26" page="0" chnl="15"/><!-- * --><char id="43" x="329" y="217" width="43" height="43" xoffset="-2" yoffset="34" xadvance="40" page="0" chnl="15"/><!-- + --><char id="44" x="480" y="191" width="25" height="29" xoffset="-5" yoffset="59" xadvance="18" page="0" chnl="15"/><!-- , --><char id="45" x="415" y="348" width="30" height="18" xoffset="-2" yoffset="49" xadvance="26" page="0" chnl="15"/><!-- - --><char id="46" x="480" y="221" width="23" height="22" xoffset="-3" yoffset="59" xadvance="18" page="0" chnl="15"/><!-- . --><char id="47" x="415" y="88" width="33" height="67" xoffset="-4" yoffset="21" xadvance="25" page="0" chnl="15"/><!-- / --><char id="48" x="138" y="324" width="47" height="54" xoffset="-2" yoffset="27" xadvance="44" page="0" chnl="15"/><!-- 0 --><char id="49" x="415" y="210" width="32" height="53" xoffset="-4" yoffset="28" xadvance="29" page="0" chnl="15"/><!-- 1 --><char id="50" x="329" y="407" width="41" height="53" xoffset="-2" yoffset="27" xadvance="38" page="0" chnl="15"/><!-- 2 --><char id="51" x="329" y="352" width="41" height="54" xoffset="-2" yoffset="27" xadvance="38" page="0" chnl="15"/><!-- 3 --><char id="52" x="138" y="109" width="50" height="53" xoffset="-3" yoffset="28" xadvance="44" page="0" chnl="15"/><!-- 4 --><char id="53" x="373" y="0" width="41" height="53" xoffset="-1" yoffset="28" xadvance="38" page="0" chnl="15"/><!-- 5 --><char id="54" x="284" y="0" width="44" height="54" xoffset="-2" yoffset="27" xadvance="41" page="0" chnl="15"/><!-- 6 --><char id="55" x="373" y="54" width="41" height="53" xoffset="-3" yoffset="28" xadvance="35" page="0" chnl="15"/><!-- 7 --><char id="56" x="284" y="55" width="44" height="54" xoffset="-2" yoffset="27" xadvance="41" page="0" chnl="15"/><!-- 8 --><char id="57" x="284" y="110" width="44" height="54" xoffset="-2" yoffset="27" xadvance="41" page="0" chnl="15"/><!-- 9 --><char id="58" x="452" y="200" width="22" height="44" xoffset="-2" yoffset="37" xadvance="19" page="0" chnl="15"/><!-- : --><char id="59" x="480" y="139" width="25" height="51" xoffset="-4" yoffset="37" xadvance="20" page="0" chnl="15"/><!-- ; --><char id="61" x="373" y="366" width="39" height="32" xoffset="-2" yoffset="39" xadvance="36" page="0" chnl="15"/><!-- = --><char id="63" x="373" y="267" width="39" height="54" xoffset="-2" yoffset="27" xadvance="36" page="0" chnl="15"/><!-- ? --><char id="64" x="0" y="0" width="79" height="72" xoffset="-1" yoffset="24" xadvance="77" page="0" chnl="15"/><!-- @ --><char id="65" x="80" y="383" width="51" height="53" xoffset="-3" yoffset="28" xadvance="46" page="0" chnl="15"/><!-- A --><char id="66" x="189" y="227" width="46" height="54" xoffset="0" yoffset="27" xadvance="45" page="0" chnl="15"/><!-- B --><char id="67" x="238" y="232" width="45" height="54" xoffset="-2" yoffset="27" xadvance="42" page="0" chnl="15"/><!-- C --><char id="68" x="138" y="54" width="50" height="54" xoffset="0" yoffset="27" xadvance="48" page="0" chnl="15"/><!-- D --><char id="69" x="373" y="108" width="41" height="52" xoffset="0" yoffset="28" xadvance="40" page="0" chnl="15"/><!-- E --><char id="70" x="373" y="161" width="41" height="52" xoffset="0" yoffset="28" xadvance="39" page="0" chnl="15"/><!-- F --><char id="71" x="80" y="328" width="51" height="54" xoffset="-2" yoffset="27" xadvance="48" page="0" chnl="15"/><!-- G --><char id="72" x="138" y="271" width="48" height="52" xoffset="0" yoffset="28" xadvance="49" page="0" chnl="15"/><!-- H --><char id="73" x="480" y="433" width="22" height="52" xoffset="0" yoffset="28" xadvance="22" page="0" chnl="15"/><!-- I --><char id="74" x="415" y="156" width="33" height="53" xoffset="-3" yoffset="28" xadvance="30" page="0" chnl="15"/><!-- J --><char id="75" x="138" y="379" width="47" height="53" xoffset="0" yoffset="28" xadvance="45" page="0" chnl="15"/><!-- K --><char id="76" x="373" y="214" width="40" height="52" xoffset="0" yoffset="28" xadvance="37" page="0" chnl="15"/><!-- L --><char id="77" x="0" y="332" width="58" height="53" xoffset="0" yoffset="28" xadvance="58" page="0" chnl="15"/><!-- M --><char id="78" x="138" y="163" width="49" height="53" xoffset="0" yoffset="28" xadvance="49" page="0" chnl="15"/><!-- N --><char id="79" x="80" y="147" width="54" height="54" xoffset="-2" yoffset="27" xadvance="51" page="0" chnl="15"/><!-- O --><char id="80" x="284" y="165" width="44" height="53" xoffset="0" yoffset="27" xadvance="42" page="0" chnl="15"/><!-- P --><char id="81" x="0" y="386" width="57" height="64" xoffset="-2" yoffset="27" xadvance="51" page="0" chnl="15"/><!-- Q --><char id="82" x="189" y="282" width="46" height="54" xoffset="0" yoffset="27" xadvance="44" page="0" chnl="15"/><!-- R --><char id="83" x="329" y="116" width="43" height="54" xoffset="-1" yoffset="27" xadvance="40" page="0" chnl="15"/><!-- S --><char id="84" x="189" y="337" width="46" height="52" xoffset="-3" yoffset="28" xadvance="41" page="0" chnl="15"/><!-- T --><char id="85" x="138" y="217" width="48" height="53" xoffset="0" yoffset="28" xadvance="48" page="0" chnl="15"/><!-- U --><char id="86" x="138" y="0" width="51" height="53" xoffset="-3" yoffset="28" xadvance="46" page="0" chnl="15"/><!-- V --><char id="87" x="0" y="132" width="66" height="53" xoffset="-2" yoffset="28" xadvance="63" page="0" chnl="15"/><!-- W --><char id="88" x="190" y="0" width="47" height="53" xoffset="-2" yoffset="28" xadvance="44" page="0" chnl="15"/><!-- X --><char id="89" x="189" y="54" width="47" height="52" xoffset="-3" yoffset="28" xadvance="42" page="0" chnl="15"/><!-- Y --><char id="90" x="284" y="219" width="44" height="52" xoffset="-2" yoffset="28" xadvance="41" page="0" chnl="15"/><!-- Z --><char id="91" x="480" y="0" width="27" height="65" xoffset="-1" yoffset="24" xadvance="22" page="0" chnl="15"/><!-- [ --><char id="93" x="452" y="134" width="27" height="65" xoffset="-4" yoffset="24" xadvance="23" page="0" chnl="15"/><!-- ] --><char id="94" x="238" y="472" width="39" height="33" xoffset="-2" yoffset="23" xadvance="36" page="0" chnl="15"/><!-- ^ --><char id="95" x="238" y="333" width="45" height="18" xoffset="-2" yoffset="76" xadvance="41" page="0" chnl="15"/><!-- _ --><char id="97" x="329" y="261" width="42" height="45" xoffset="-2" yoffset="36" xadvance="40" page="0" chnl="15"/><!-- a --><char id="98" x="189" y="169" width="46" height="57" xoffset="-1" yoffset="24" xadvance="43" page="0" chnl="15"/><!-- b --><char id="99" x="329" y="461" width="39" height="45" xoffset="-2" yoffset="36" xadvance="36" page="0" chnl="15"/><!-- c --><char id="100" x="238" y="0" width="45" height="57" xoffset="-2" yoffset="24" xadvance="43" page="0" chnl="15"/><!-- d --><char id="101" x="329" y="171" width="43" height="45" xoffset="-2" yoffset="36" xadvance="40" page="0" chnl="15"/><!-- e --><char id="102" x="415" y="0" width="36" height="58" xoffset="-1" yoffset="23" xadvance="31" page="0" chnl="15"/><!-- f --><char id="103" x="329" y="0" width="43" height="57" xoffset="-2" yoffset="36" xadvance="41" page="0" chnl="15"/><!-- g --><char id="104" x="238" y="414" width="44" height="57" xoffset="-1" yoffset="24" xadvance="43" page="0" chnl="15"/><!-- h --><char id="105" x="480" y="314" width="22" height="60" xoffset="-1" yoffset="21" xadvance="21" page="0" chnl="15"/><!-- i --><char id="106" x="480" y="66" width="26" height="72" xoffset="-5" yoffset="21" xadvance="21" page="0" chnl="15"/><!-- j --><char id="107" x="329" y="58" width="43" height="57" xoffset="-1" yoffset="24" xadvance="40" page="0" chnl="15"/><!-- k --><char id="108" x="480" y="375" width="22" height="57" xoffset="-1" yoffset="24" xadvance="21" page="0" chnl="15"/><!-- l --><char id="109" x="0" y="186" width="63" height="45" xoffset="-1" yoffset="36" xadvance="61" page="0" chnl="15"/><!-- m --><char id="110" x="284" y="272" width="44" height="45" xoffset="-1" yoffset="36" xadvance="42" page="0" chnl="15"/><!-- n --><char id="111" x="189" y="390" width="46" height="45" xoffset="-2" yoffset="36" xadvance="43" page="0" chnl="15"/><!-- o --><char id="112" x="238" y="58" width="45" height="57" xoffset="-1" yoffset="36" xadvance="43" page="0" chnl="15"/><!-- p --><char id="113" x="238" y="116" width="45" height="57" xoffset="-2" yoffset="36" xadvance="43" page="0" chnl="15"/><!-- q --><char id="114" x="23" y="451" width="34" height="45" xoffset="-1" yoffset="36" xadvance="30" page="0" chnl="15"/><!-- r --><char id="115" x="373" y="459" width="38" height="45" xoffset="-1" yoffset="36" xadvance="36" page="0" chnl="15"/><!-- s --><char id="116" x="415" y="264" width="32" height="52" xoffset="-1" yoffset="29" xadvance="29" page="0" chnl="15"/><!-- t --><char id="117" x="284" y="318" width="44" height="44" xoffset="-1" yoffset="37" xadvance="42" page="0" chnl="15"/><!-- u --><char id="118" x="238" y="287" width="45" height="45" xoffset="-3" yoffset="36" xadvance="40" page="0" chnl="15"/><!-- v --><char id="119" x="0" y="232" width="63" height="45" xoffset="-3" yoffset="36" xadvance="57" page="0" chnl="15"/><!-- w --><char id="120" x="329" y="307" width="42" height="44" xoffset="-2" yoffset="37" xadvance="38" page="0" chnl="15"/><!-- x --><char id="121" x="238" y="174" width="45" height="57" xoffset="-3" yoffset="36" xadvance="40" page="0" chnl="15"/><!-- y --><char id="122" x="373" y="322" width="39" height="43" xoffset="-2" yoffset="37" xadvance="35" page="0" chnl="15"/><!-- z --><char id="123" x="415" y="367" width="29" height="66" xoffset="-3" yoffset="24" xadvance="24" page="0" chnl="15"/><!-- { --><char id="124" x="452" y="319" width="20" height="67" xoffset="0" yoffset="23" xadvance="21" page="0" chnl="15"/><!-- | --><char id="125" x="415" y="434" width="29" height="66" xoffset="-3" yoffset="24" xadvance="24" page="0" chnl="15"/><!-- } --><char id="199" x="189" y="436" width="45" height="68" xoffset="-2" yoffset="27" xadvance="42" page="0" chnl="15"/><!-- Ç --><char id="214" x="80" y="76" width="54" height="70" xoffset="-2" yoffset="11" xadvance="51" page="0" chnl="15"/><!-- Ö --><char id="220" x="80" y="437" width="48" height="70" xoffset="0" yoffset="11" xadvance="48" page="0" chnl="15"/><!-- Ü --><char id="246" x="189" y="107" width="46" height="61" xoffset="-2" yoffset="20" xadvance="43" page="0" chnl="15"/><!-- ö --><char id="252" x="238" y="352" width="44" height="61" xoffset="-1" yoffset="20" xadvance="42" page="0" chnl="15"/><!-- ü --><char id="286" x="80" y="256" width="51" height="71" xoffset="-2" yoffset="10" xadvance="48" page="0" chnl="15"/><!-- Ğ --><char id="287" x="138" y="433" width="43" height="74" xoffset="-2" yoffset="19" xadvance="41" page="0" chnl="15"/><!-- ğ --><char id="304" x="480" y="244" width="22" height="69" xoffset="0" yoffset="11" xadvance="22" page="0" chnl="15"/><!-- İ --><char id="305" x="452" y="245" width="21" height="44" xoffset="0" yoffset="37" xadvance="21" page="0" chnl="15"/><!-- ı --><char id="350" x="284" y="363" width="43" height="68" xoffset="-1" yoffset="27" xadvance="40" page="0" chnl="15"/><!-- Ş --><char id="351" x="373" y="399" width="38" height="59" xoffset="-1" yoffset="36" xadvance="36" page="0" chnl="15"/><!-- ş --><char id="8230" x="80" y="0" width="57" height="22" xoffset="-3" yoffset="59" xadvance="52" page="0" chnl="15"/><!-- … --><char id="8470" x="0" y="73" width="76" height="58" xoffset="-5" yoffset="-5" xadvance="69" page="0" chnl="15"/><!-- № --></chars></font>