<?xml version="1.0" encoding="UTF-8"?><font><info face="NotoSansSC-ExtraBold" size="72" bold="0" italic="0" charset="" unicode="1" stretchH="100" smooth="1" aa="1" padding="1,1,1,1" spacing="1,1"/><common lineHeight="72" base="84" scaleW="1263" scaleH="1263" pages="1" packed="0"/><pages><page id="0" file="LilitaOne-zh.png"/></pages><chars count="310"><char id="32" x="0" y="0" width="0" height="0" xoffset="0" yoffset="-15" xadvance="17" page="0" chnl="15"/><!--   --><char id="33" x="1240" y="711" width="23" height="64" xoffset="2" yoffset="10" xadvance="28" page="0" chnl="15"/><!-- ! --><char id="34" x="417" y="1214" width="40" height="35" xoffset="2" yoffset="9" xadvance="44" page="0" chnl="15"/><!-- " --><char id="35" x="698" y="1152" width="47" height="61" xoffset="-2" yoffset="12" xadvance="44" page="0" chnl="15"/><!-- # --><char id="36" x="172" y="0" width="43" height="78" xoffset="-1" yoffset="4" xadvance="44" page="0" chnl="15"/><!-- $ --><char id="37" x="469" y="1086" width="74" height="63" xoffset="-2" yoffset="11" xadvance="71" page="0" chnl="15"/><!-- % --><char id="38" x="544" y="1086" width="59" height="63" xoffset="-2" yoffset="11" xadvance="55" page="0" chnl="15"/><!-- & --><char id="39" x="1243" y="634" width="20" height="35" xoffset="2" yoffset="9" xadvance="25" page="0" chnl="15"/><!-- ' --><char id="40" x="17" y="0" width="27" height="84" xoffset="2" yoffset="4" xadvance="29" page="0" chnl="15"/><!-- ( --><char id="41" x="45" y="0" width="27" height="84" xoffset="-1" yoffset="4" xadvance="29" page="0" chnl="15"/><!-- ) --><char id="42" x="302" y="1214" width="39" height="38" xoffset="-1" yoffset="7" xadvance="38" page="0" chnl="15"/><!-- * --><char id="43" x="210" y="1214" width="47" height="46" xoffset="-2" yoffset="19" xadvance="44" page="0" chnl="15"/><!-- + --><char id="44" x="342" y="1214" width="26" height="38" xoffset="-1" yoffset="51" xadvance="25" page="0" chnl="15"/><!-- , --><char id="45" x="1234" y="480" width="29" height="16" xoffset="-1" yoffset="40" xadvance="28" page="0" chnl="15"/><!-- - --><char id="46" x="491" y="1214" width="23" height="23" xoffset="1" yoffset="51" xadvance="25" page="0" chnl="15"/><!-- . --><char id="47" x="104" y="0" width="33" height="79" xoffset="-3" yoffset="7" xadvance="28" page="0" chnl="15"/><!-- / --><char id="48" x="83" y="1086" width="45" height="63" xoffset="-1" yoffset="11" xadvance="44" page="0" chnl="15"/><!-- 0 --><char id="49" x="858" y="1086" width="42" height="61" xoffset="1" yoffset="12" xadvance="44" page="0" chnl="15"/><!-- 1 --><char id="50" x="627" y="1086" width="47" height="62" xoffset="-3" yoffset="11" xadvance="44" page="0" chnl="15"/><!-- 2 --><char id="51" x="129" y="1086" width="45" height="63" xoffset="-2" yoffset="11" xadvance="44" page="0" chnl="15"/><!-- 3 --><char id="52" x="901" y="1086" width="49" height="61" xoffset="-3" yoffset="12" xadvance="44" page="0" chnl="15"/><!-- 4 --><char id="53" x="675" y="1086" width="47" height="62" xoffset="-3" yoffset="12" xadvance="44" page="0" chnl="15"/><!-- 5 --><char id="54" x="175" y="1086" width="45" height="63" xoffset="-1" yoffset="11" xadvance="44" page="0" chnl="15"/><!-- 6 --><char id="55" x="951" y="1086" width="45" height="61" xoffset="-1" yoffset="12" xadvance="44" page="0" chnl="15"/><!-- 7 --><char id="56" x="221" y="1086" width="45" height="63" xoffset="-1" yoffset="11" xadvance="44" page="0" chnl="15"/><!-- 8 --><char id="57" x="267" y="1086" width="45" height="63" xoffset="-1" yoffset="11" xadvance="44" page="0" chnl="15"/><!-- 9 --><char id="58" x="1125" y="1152" width="23" height="50" xoffset="1" yoffset="24" xadvance="25" page="0" chnl="15"/><!-- : --><char id="59" x="1198" y="1013" width="26" height="65" xoffset="-1" yoffset="24" xadvance="25" page="0" chnl="15"/><!-- ; --><char id="61" x="369" y="1214" width="47" height="36" xoffset="-2" yoffset="24" xadvance="44" page="0" chnl="15"/><!-- = --><char id="63" x="0" y="1086" width="40" height="65" xoffset="-2" yoffset="9" xadvance="38" page="0" chnl="15"/><!-- ? --><char id="64" x="137" y="91" width="74" height="77" xoffset="0" yoffset="10" xadvance="74" page="0" chnl="15"/><!-- @ --><char id="65" x="997" y="1086" width="56" height="61" xoffset="-4" yoffset="12" xadvance="47" page="0" chnl="15"/><!-- A --><char id="66" x="1054" y="1086" width="49" height="61" xoffset="2" yoffset="12" xadvance="50" page="0" chnl="15"/><!-- B --><char id="67" x="313" y="1086" width="51" height="63" xoffset="-1" yoffset="11" xadvance="48" page="0" chnl="15"/><!-- C --><char id="68" x="1104" y="1086" width="50" height="61" xoffset="2" yoffset="12" xadvance="52" page="0" chnl="15"/><!-- D --><char id="69" x="1155" y="1086" width="43" height="61" xoffset="2" yoffset="12" xadvance="45" page="0" chnl="15"/><!-- E --><char id="70" x="1199" y="1086" width="42" height="61" xoffset="2" yoffset="12" xadvance="43" page="0" chnl="15"/><!-- F --><char id="71" x="365" y="1086" width="53" height="63" xoffset="-1" yoffset="11" xadvance="53" page="0" chnl="15"/><!-- G --><char id="72" x="0" y="1152" width="51" height="61" xoffset="2" yoffset="12" xadvance="56" page="0" chnl="15"/><!-- H --><char id="73" x="1242" y="1086" width="21" height="61" xoffset="2" yoffset="12" xadvance="25" page="0" chnl="15"/><!-- I --><char id="74" x="1220" y="91" width="43" height="62" xoffset="-3" yoffset="12" xadvance="42" page="0" chnl="15"/><!-- J --><char id="75" x="52" y="1152" width="53" height="61" xoffset="2" yoffset="12" xadvance="51" page="0" chnl="15"/><!-- K --><char id="76" x="106" y="1152" width="42" height="61" xoffset="2" yoffset="12" xadvance="43" page="0" chnl="15"/><!-- L --><char id="77" x="149" y="1152" width="58" height="61" xoffset="2" yoffset="12" xadvance="63" page="0" chnl="15"/><!-- M --><char id="78" x="208" y="1152" width="51" height="61" xoffset="2" yoffset="12" xadvance="55" page="0" chnl="15"/><!-- N --><char id="79" x="1205" y="939" width="58" height="63" xoffset="-1" yoffset="11" xadvance="57" page="0" chnl="15"/><!-- O --><char id="80" x="260" y="1152" width="48" height="61" xoffset="2" yoffset="12" xadvance="49" page="0" chnl="15"/><!-- P --><char id="81" x="76" y="91" width="60" height="77" xoffset="-1" yoffset="11" xadvance="57" page="0" chnl="15"/><!-- Q --><char id="82" x="309" y="1152" width="51" height="61" xoffset="2" yoffset="12" xadvance="51" page="0" chnl="15"/><!-- R --><char id="83" x="419" y="1086" width="49" height="63" xoffset="-2" yoffset="11" xadvance="46" page="0" chnl="15"/><!-- S --><char id="84" x="361" y="1152" width="50" height="61" xoffset="-2" yoffset="12" xadvance="46" page="0" chnl="15"/><!-- T --><char id="85" x="723" y="1086" width="51" height="62" xoffset="2" yoffset="12" xadvance="55" page="0" chnl="15"/><!-- U --><char id="86" x="412" y="1152" width="55" height="61" xoffset="-5" yoffset="12" xadvance="46" page="0" chnl="15"/><!-- V --><char id="87" x="468" y="1152" width="72" height="61" xoffset="-3" yoffset="12" xadvance="67" page="0" chnl="15"/><!-- W --><char id="88" x="541" y="1152" width="53" height="61" xoffset="-3" yoffset="12" xadvance="47" page="0" chnl="15"/><!-- X --><char id="89" x="595" y="1152" width="53" height="61" xoffset="-5" yoffset="12" xadvance="43" page="0" chnl="15"/><!-- Y --><char id="90" x="649" y="1152" width="48" height="61" xoffset="-2" yoffset="12" xadvance="45" page="0" chnl="15"/><!-- Z --><char id="91" x="280" y="0" width="26" height="78" xoffset="3" yoffset="7" xadvance="29" page="0" chnl="15"/><!-- [ --><char id="92" x="138" y="0" width="33" height="79" xoffset="-2" yoffset="7" xadvance="28" page="0" chnl="15"/><!-- \ --><char id="93" x="307" y="0" width="26" height="78" xoffset="-1" yoffset="7" xadvance="29" page="0" chnl="15"/><!-- ] --><char id="94" x="258" y="1214" width="43" height="40" xoffset="0" yoffset="10" xadvance="44" page="0" chnl="15"/><!-- ^ --><char id="95" x="584" y="1214" width="48" height="14" xoffset="-3" yoffset="70" xadvance="42" page="0" chnl="15"/><!-- _ --><char id="97" x="1219" y="864" width="44" height="51" xoffset="-1" yoffset="23" xadvance="44" page="0" chnl="15"/><!-- a --><char id="98" x="723" y="1013" width="47" height="66" xoffset="1" yoffset="8" xadvance="47" page="0" chnl="15"/><!-- b --><char id="99" x="746" y="1152" width="42" height="51" xoffset="-1" yoffset="23" xadvance="39" page="0" chnl="15"/><!-- c --><char id="100" x="771" y="1013" width="47" height="66" xoffset="-1" yoffset="8" xadvance="47" page="0" chnl="15"/><!-- d --><char id="101" x="789" y="1152" width="45" height="51" xoffset="-1" yoffset="23" xadvance="43" page="0" chnl="15"/><!-- e --><char id="102" x="819" y="1013" width="37" height="66" xoffset="-3" yoffset="7" xadvance="28" page="0" chnl="15"/><!-- f --><char id="103" x="675" y="1013" width="47" height="67" xoffset="-1" yoffset="23" xadvance="44" page="0" chnl="15"/><!-- g --><char id="104" x="956" y="1013" width="45" height="65" xoffset="1" yoffset="8" xadvance="47" page="0" chnl="15"/><!-- h --><char id="105" x="1241" y="326" width="22" height="67" xoffset="0" yoffset="6" xadvance="23" page="0" chnl="15"/><!-- i --><char id="106" x="73" y="0" width="30" height="83" xoffset="-8" yoffset="6" xadvance="23" page="0" chnl="15"/><!-- j --><char id="107" x="1002" y="1013" width="48" height="65" xoffset="1" yoffset="8" xadvance="45" page="0" chnl="15"/><!-- k --><char id="108" x="857" y="1013" width="25" height="66" xoffset="1" yoffset="8" xadvance="24" page="0" chnl="15"/><!-- l --><char id="109" x="926" y="1152" width="69" height="50" xoffset="1" yoffset="23" xadvance="71" page="0" chnl="15"/><!-- m --><char id="110" x="996" y="1152" width="45" height="50" xoffset="1" yoffset="23" xadvance="47" page="0" chnl="15"/><!-- n --><char id="111" x="835" y="1152" width="48" height="51" xoffset="-1" yoffset="23" xadvance="46" page="0" chnl="15"/><!-- o --><char id="112" x="1051" y="1013" width="47" height="65" xoffset="1" yoffset="23" xadvance="47" page="0" chnl="15"/><!-- p --><char id="113" x="1099" y="1013" width="47" height="65" xoffset="-1" yoffset="23" xadvance="47" page="0" chnl="15"/><!-- q --><char id="114" x="1042" y="1152" width="35" height="50" xoffset="1" yoffset="23" xadvance="33" page="0" chnl="15"/><!-- r --><char id="115" x="884" y="1152" width="41" height="51" xoffset="-3" yoffset="23" xadvance="37" page="0" chnl="15"/><!-- s --><char id="116" x="1225" y="1013" width="37" height="61" xoffset="-3" yoffset="13" xadvance="32" page="0" chnl="15"/><!-- t --><char id="117" x="1078" y="1152" width="46" height="50" xoffset="0" yoffset="24" xadvance="47" page="0" chnl="15"/><!-- u --><char id="118" x="0" y="1214" width="50" height="49" xoffset="-4" yoffset="24" xadvance="43" page="0" chnl="15"/><!-- v --><char id="119" x="51" y="1214" width="67" height="49" xoffset="-2" yoffset="24" xadvance="64" page="0" chnl="15"/><!-- w --><char id="120" x="119" y="1214" width="48" height="49" xoffset="-3" yoffset="24" xadvance="42" page="0" chnl="15"/><!-- x --><char id="121" x="1147" y="1013" width="50" height="65" xoffset="-4" yoffset="24" xadvance="43" page="0" chnl="15"/><!-- y --><char id="122" x="168" y="1214" width="41" height="49" xoffset="-1" yoffset="24" xadvance="38" page="0" chnl="15"/><!-- z --><char id="123" x="216" y="0" width="31" height="78" xoffset="-2" yoffset="7" xadvance="29" page="0" chnl="15"/><!-- { --><char id="124" x="0" y="0" width="16" height="90" xoffset="3" yoffset="4" xadvance="22" page="0" chnl="15"/><!-- | --><char id="125" x="248" y="0" width="31" height="78" xoffset="-1" yoffset="7" xadvance="29" page="0" chnl="15"/><!-- } --><char id="8230" x="515" y="1214" width="68" height="21" xoffset="2" yoffset="31" xadvance="73" page="0" chnl="15"/><!-- … --><char id="8470" x="775" y="1086" width="82" height="62" xoffset="0" yoffset="12" xadvance="79" page="0" chnl="15"/><!-- № --><char id="12290" x="458" y="1214" width="32" height="32" xoffset="-2" yoffset="47" xadvance="73" page="0" chnl="15"/><!-- 。 --><char id="12368" x="608" y="788" width="59" height="75" xoffset="7" yoffset="5" xadvance="73" page="0" chnl="15"/><!-- ぐ --><char id="12377" x="1134" y="939" width="70" height="72" xoffset="2" yoffset="7" xadvance="73" page="0" chnl="15"/><!-- す --><char id="19977" x="883" y="1013" width="72" height="66" xoffset="0" yoffset="10" xadvance="73" page="0" chnl="15"/><!-- 三 --><char id="19981" x="74" y="1013" width="78" height="71" xoffset="-3" yoffset="8" xadvance="73" page="0" chnl="15"/><!-- 不 --><char id="19982" x="919" y="864" width="72" height="74" xoffset="-1" yoffset="5" xadvance="73" page="0" chnl="15"/><!-- 与 --><char id="20007" x="785" y="248" width="75" height="77" xoffset="-1" yoffset="4" xadvance="73" page="0" chnl="15"/><!-- 丧 --><char id="20013" x="546" y="480" width="69" height="76" xoffset="2" yoffset="4" xadvance="73" page="0" chnl="15"/><!-- 中 --><char id="20026" x="1192" y="0" width="71" height="75" xoffset="-1" yoffset="4" xadvance="73" page="0" chnl="15"/><!-- 为 --><char id="20048" x="312" y="711" width="77" height="75" xoffset="-3" yoffset="4" xadvance="73" page="0" chnl="15"/><!-- 乐 --><char id="20080" x="1068" y="864" width="76" height="73" xoffset="-2" yoffset="7" xadvance="73" page="0" chnl="15"/><!-- 买 --><char id="20102" x="619" y="939" width="69" height="72" xoffset="2" yoffset="8" xadvance="73" page="0" chnl="15"/><!-- 了 --><char id="20139" x="910" y="91" width="74" height="77" xoffset="-1" yoffset="3" xadvance="73" page="0" chnl="15"/><!-- 享 --><char id="20154" x="388" y="480" width="78" height="76" xoffset="-3" yoffset="4" xadvance="73" page="0" chnl="15"/><!-- 人 --><char id="20167" x="831" y="91" width="78" height="77" xoffset="-3" yoffset="4" xadvance="73" page="0" chnl="15"/><!-- 仇 --><char id="20170" x="1113" y="0" width="78" height="78" xoffset="-3" yoffset="2" xadvance="73" page="0" chnl="15"/><!-- 今 --><char id="20197" x="157" y="939" width="76" height="73" xoffset="0" yoffset="7" xadvance="73" page="0" chnl="15"/><!-- 以 --><char id="20250" x="706" y="248" width="78" height="77" xoffset="-3" yoffset="3" xadvance="73" page="0" chnl="15"/><!-- 会 --><char id="20320" x="1020" y="403" width="78" height="76" xoffset="-4" yoffset="4" xadvance="73" page="0" chnl="15"/><!-- 你 --><char id="20351" x="0" y="248" width="79" height="77" xoffset="-4" yoffset="3" xadvance="73" page="0" chnl="15"/><!-- 使 --><char id="20687" x="698" y="326" width="78" height="76" xoffset="-3" yoffset="4" xadvance="73" page="0" chnl="15"/><!-- 像 --><char id="20813" x="1162" y="326" width="78" height="76" xoffset="-4" yoffset="3" xadvance="73" page="0" chnl="15"/><!-- 免 --><char id="20837" x="846" y="480" width="78" height="76" xoffset="-3" yoffset="3" xadvance="73" page="0" chnl="15"/><!-- 入 --><char id="20840" x="542" y="711" width="80" height="75" xoffset="-4" yoffset="3" xadvance="73" page="0" chnl="15"/><!-- 全 --><char id="20848" x="76" y="864" width="74" height="74" xoffset="-1" yoffset="3" xadvance="73" page="0" chnl="15"/><!-- 兰 --><char id="20851" x="1177" y="403" width="78" height="76" xoffset="-3" yoffset="4" xadvance="73" page="0" chnl="15"/><!-- 关 --><char id="20854" x="158" y="711" width="75" height="76" xoffset="-2" yoffset="4" xadvance="73" page="0" chnl="15"/><!-- 其 --><char id="20891" x="770" y="864" width="72" height="74" xoffset="0" yoffset="6" xadvance="73" page="0" chnl="15"/><!-- 军 --><char id="20934" x="860" y="634" width="78" height="76" xoffset="-3" yoffset="4" xadvance="73" page="0" chnl="15"/><!-- 准 --><char id="20986" x="1173" y="634" width="69" height="76" xoffset="1" yoffset="4" xadvance="73" page="0" chnl="15"/><!-- 出 --><char id="20998" x="865" y="403" width="78" height="76" xoffset="-3" yoffset="4" xadvance="73" page="0" chnl="15"/><!-- 分 --><char id="20999" x="151" y="864" width="76" height="74" xoffset="-3" yoffset="7" xadvance="73" page="0" chnl="15"/><!-- 切 --><char id="21015" x="850" y="326" width="76" height="76" xoffset="-3" yoffset="4" xadvance="73" page="0" chnl="15"/><!-- 列 --><char id="21033" x="944" y="403" width="75" height="76" xoffset="-3" yoffset="4" xadvance="73" page="0" chnl="15"/><!-- 利 --><char id="21040" x="534" y="788" width="73" height="75" xoffset="-1" yoffset="4" xadvance="73" page="0" chnl="15"/><!-- 到 --><char id="21073" x="1017" y="557" width="77" height="76" xoffset="-4" yoffset="3" xadvance="73" page="0" chnl="15"/><!-- 剑 --><char id="21147" x="545" y="170" width="73" height="77" xoffset="-2" yoffset="4" xadvance="73" page="0" chnl="15"/><!-- 力 --><char id="21152" x="1005" y="711" width="74" height="75" xoffset="-3" yoffset="5" xadvance="73" page="0" chnl="15"/><!-- 加 --><char id="21160" x="390" y="711" width="74" height="75" xoffset="-1" yoffset="5" xadvance="73" page="0" chnl="15"/><!-- 动 --><char id="21169" x="153" y="480" width="76" height="76" xoffset="-3" yoffset="5" xadvance="73" page="0" chnl="15"/><!-- 励 --><char id="21319" x="0" y="711" width="77" height="76" xoffset="-3" yoffset="4" xadvance="73" page="0" chnl="15"/><!-- 升 --><char id="21333" x="930" y="711" width="74" height="75" xoffset="-1" yoffset="4" xadvance="73" page="0" chnl="15"/><!-- 单 --><char id="21345" x="0" y="480" width="75" height="76" xoffset="-1" yoffset="4" xadvance="73" page="0" chnl="15"/><!-- 卡 --><char id="21363" x="312" y="939" width="74" height="73" xoffset="-2" yoffset="7" xadvance="73" page="0" chnl="15"/><!-- 即 --><char id="21382" x="817" y="788" width="76" height="74" xoffset="-3" yoffset="6" xadvance="73" page="0" chnl="15"/><!-- 历 --><char id="21402" x="228" y="864" width="77" height="74" xoffset="-3" yoffset="6" xadvance="73" page="0" chnl="15"/><!-- 厚 --><char id="21435" x="235" y="634" width="75" height="76" xoffset="-1" yoffset="4" xadvance="73" page="0" chnl="15"/><!-- 去 --><char id="21451" x="236" y="403" width="77" height="76" xoffset="-3" yoffset="4" xadvance="73" page="0" chnl="15"/><!-- 友 --><char id="21452" x="370" y="1013" width="78" height="71" xoffset="-4" yoffset="9" xadvance="73" page="0" chnl="15"/><!-- 双 --><char id="21462" x="894" y="788" width="77" height="74" xoffset="-2" yoffset="6" xadvance="73" page="0" chnl="15"/><!-- 取 --><char id="21487" x="689" y="939" width="74" height="72" xoffset="-1" yoffset="8" xadvance="73" page="0" chnl="15"/><!-- 可 --><char id="21490" x="392" y="403" width="78" height="76" xoffset="-3" yoffset="4" xadvance="73" page="0" chnl="15"/><!-- 史 --><char id="21496" x="997" y="939" width="69" height="72" xoffset="1" yoffset="8" xadvance="73" page="0" chnl="15"/><!-- 司 --><char id="21517" x="601" y="91" width="69" height="77" xoffset="-3" yoffset="3" xadvance="73" page="0" chnl="15"/><!-- 名 --><char id="21518" x="697" y="170" width="78" height="77" xoffset="-4" yoffset="4" xadvance="73" page="0" chnl="15"/><!-- 后 --><char id="21527" x="0" y="1013" width="73" height="72" xoffset="0" yoffset="7" xadvance="73" page="0" chnl="15"/><!-- 吗 --><char id="21578" x="616" y="480" width="74" height="76" xoffset="-2" yoffset="4" xadvance="73" page="0" chnl="15"/><!-- 告 --><char id="21916" x="549" y="634" width="76" height="76" xoffset="-2" yoffset="4" xadvance="73" page="0" chnl="15"/><!-- 喜 --><char id="22238" x="1051" y="788" width="72" height="74" xoffset="0" yoffset="6" xadvance="73" page="0" chnl="15"/><!-- 回 --><char id="22312" x="234" y="711" width="77" height="76" xoffset="-4" yoffset="4" xadvance="73" page="0" chnl="15"/><!-- 在 --><char id="22763" x="992" y="864" width="75" height="73" xoffset="-1" yoffset="4" xadvance="73" page="0" chnl="15"/><!-- 士 --><char id="22766" x="314" y="557" width="77" height="76" xoffset="-3" yoffset="4" xadvance="73" page="0" chnl="15"/><!-- 壮 --><char id="22791" x="861" y="248" width="79" height="77" xoffset="-4" yoffset="3" xadvance="73" page="0" chnl="15"/><!-- 备 --><char id="22797" x="314" y="403" width="77" height="76" xoffset="-3" yoffset="4" xadvance="73" page="0" chnl="15"/><!-- 复 --><char id="22810" x="1168" y="248" width="76" height="77" xoffset="-2" yoffset="3" xadvance="73" page="0" chnl="15"/><!-- 多 --><char id="22823" x="1096" y="634" width="76" height="76" xoffset="-2" yoffset="4" xadvance="73" page="0" chnl="15"/><!-- 大 --><char id="22825" x="220" y="1013" width="78" height="71" xoffset="-3" yoffset="8" xadvance="73" page="0" chnl="15"/><!-- 天 --><char id="22833" x="230" y="480" width="78" height="76" xoffset="-3" yoffset="4" xadvance="73" page="0" chnl="15"/><!-- 失 --><char id="22836" x="621" y="326" width="76" height="76" xoffset="-2" yoffset="4" xadvance="73" page="0" chnl="15"/><!-- 头 --><char id="22870" x="76" y="480" width="76" height="76" xoffset="-2" yoffset="3" xadvance="73" page="0" chnl="15"/><!-- 奖 --><char id="22909" x="157" y="403" width="78" height="76" xoffset="-4" yoffset="4" xadvance="73" page="0" chnl="15"/><!-- 好 --><char id="22987" x="626" y="634" width="78" height="76" xoffset="-3" yoffset="4" xadvance="73" page="0" chnl="15"/><!-- 始 --><char id="23041" x="1034" y="0" width="78" height="78" xoffset="-3" yoffset="3" xadvance="73" page="0" chnl="15"/><!-- 威 --><char id="23383" x="777" y="326" width="72" height="76" xoffset="0" yoffset="3" xadvance="73" page="0" chnl="15"/><!-- 字 --><char id="23427" x="746" y="788" width="70" height="75" xoffset="1" yoffset="3" xadvance="73" page="0" chnl="15"/><!-- 它 --><char id="23432" x="705" y="557" width="74" height="76" xoffset="-1" yoffset="3" xadvance="73" page="0" chnl="15"/><!-- 守 --><char id="23436" x="1064" y="91" width="77" height="77" xoffset="-3" yoffset="3" xadvance="73" page="0" chnl="15"/><!-- 完 --><char id="23450" x="643" y="0" width="77" height="78" xoffset="-3" yoffset="3" xadvance="73" page="0" chnl="15"/><!-- 定 --><char id="23545" x="79" y="403" width="77" height="76" xoffset="-3" yoffset="4" xadvance="73" page="0" chnl="15"/><!-- 对 --><char id="23558" x="157" y="634" width="77" height="76" xoffset="-3" yoffset="4" xadvance="73" page="0" chnl="15"/><!-- 将 --><char id="23637" x="1124" y="788" width="77" height="74" xoffset="-3" yoffset="7" xadvance="73" page="0" chnl="15"/><!-- 展 --><char id="24050" x="449" y="1013" width="72" height="70" xoffset="2" yoffset="8" xadvance="73" page="0" chnl="15"/><!-- 已 --><char id="24052" x="299" y="1013" width="70" height="71" xoffset="4" yoffset="8" xadvance="73" page="0" chnl="15"/><!-- 巴 --><char id="24065" x="859" y="711" width="70" height="75" xoffset="1" yoffset="5" xadvance="73" page="0" chnl="15"/><!-- 币 --><char id="24067" x="1090" y="170" width="77" height="77" xoffset="-4" yoffset="3" xadvance="73" page="0" chnl="15"/><!-- 布 --><char id="24182" x="0" y="91" width="75" height="78" xoffset="-1" yoffset="3" xadvance="73" page="0" chnl="15"/><!-- 并 --><char id="24187" x="156" y="788" width="74" height="75" xoffset="-2" yoffset="3" xadvance="73" page="0" chnl="15"/><!-- 幻 --><char id="24191" x="878" y="0" width="74" height="78" xoffset="-2" yoffset="3" xadvance="73" page="0" chnl="15"/><!-- 广 --><char id="24230" x="446" y="91" width="77" height="77" xoffset="-3" yoffset="3" xadvance="73" page="0" chnl="15"/><!-- 度 --><char id="24265" x="1012" y="170" width="77" height="77" xoffset="-3" yoffset="3" xadvance="73" page="0" chnl="15"/><!-- 廉 --><char id="24320" x="387" y="939" width="76" height="72" xoffset="-2" yoffset="8" xadvance="73" page="0" chnl="15"/><!-- 开 --><char id="24335" x="313" y="170" width="76" height="77" xoffset="-1" yoffset="3" xadvance="73" page="0" chnl="15"/><!-- 式 --><char id="24339" x="153" y="1013" width="66" height="71" xoffset="4" yoffset="8" xadvance="73" page="0" chnl="15"/><!-- 弓 --><char id="24378" x="692" y="864" width="77" height="74" xoffset="-2" yoffset="7" xadvance="73" page="0" chnl="15"/><!-- 强 --><char id="24433" x="231" y="788" width="76" height="75" xoffset="-1" yoffset="5" xadvance="73" page="0" chnl="15"/><!-- 影 --><char id="24456" x="78" y="711" width="79" height="76" xoffset="-4" yoffset="4" xadvance="73" page="0" chnl="15"/><!-- 很 --><char id="24471" x="1099" y="403" width="77" height="76" xoffset="-4" yoffset="4" xadvance="73" page="0" chnl="15"/><!-- 得 --><char id="24555" x="366" y="91" width="79" height="77" xoffset="-4" yoffset="4" xadvance="73" page="0" chnl="15"/><!-- 快 --><char id="24656" x="539" y="939" width="79" height="72" xoffset="-3" yoffset="6" xadvance="73" page="0" chnl="15"/><!-- 恐 --><char id="24685" x="469" y="634" width="79" height="76" xoffset="-4" yoffset="4" xadvance="73" page="0" chnl="15"/><!-- 恭 --><char id="24744" x="668" y="788" width="77" height="75" xoffset="-3" yoffset="3" xadvance="73" page="0" chnl="15"/><!-- 您 --><char id="24819" x="613" y="864" width="78" height="74" xoffset="-3" yoffset="4" xadvance="73" page="0" chnl="15"/><!-- 想 --><char id="25103" x="705" y="634" width="78" height="76" xoffset="-4" yoffset="4" xadvance="73" page="0" chnl="15"/><!-- 戏 --><char id="25104" x="721" y="0" width="77" height="78" xoffset="-3" yoffset="3" xadvance="73" page="0" chnl="15"/><!-- 成 --><char id="25112" x="0" y="326" width="74" height="76" xoffset="1" yoffset="4" xadvance="73" page="0" chnl="15"/><!-- 战 --><char id="25152" x="395" y="248" width="78" height="77" xoffset="-3" yoffset="4" xadvance="73" page="0" chnl="15"/><!-- 所 --><char id="25163" x="856" y="170" width="76" height="77" xoffset="-2" yoffset="3" xadvance="73" page="0" chnl="15"/><!-- 手 --><char id="25237" x="78" y="557" width="77" height="76" xoffset="-3" yoffset="4" xadvance="73" page="0" chnl="15"/><!-- 投 --><char id="25252" x="1168" y="170" width="75" height="77" xoffset="-3" yoffset="4" xadvance="73" page="0" chnl="15"/><!-- 护 --><char id="25265" x="619" y="170" width="77" height="77" xoffset="-3" yoffset="3" xadvance="73" page="0" chnl="15"/><!-- 抱 --><char id="25361" x="471" y="403" width="78" height="76" xoffset="-3" yoffset="4" xadvance="73" page="0" chnl="15"/><!-- 挑 --><char id="25391" x="287" y="91" width="78" height="77" xoffset="-3" yoffset="4" xadvance="73" page="0" chnl="15"/><!-- 振 --><char id="25454" x="317" y="248" width="77" height="77" xoffset="-3" yoffset="4" xadvance="73" page="0" chnl="15"/><!-- 据 --><char id="25490" x="464" y="326" width="77" height="76" xoffset="-2" yoffset="4" xadvance="73" page="0" chnl="15"/><!-- 排 --><char id="25509" x="939" y="634" width="77" height="76" xoffset="-3" yoffset="4" xadvance="73" page="0" chnl="15"/><!-- 接 --><char id="25910" x="75" y="326" width="77" height="76" xoffset="-2" yoffset="4" xadvance="73" page="0" chnl="15"/><!-- 收 --><char id="25918" x="232" y="170" width="80" height="77" xoffset="-4" yoffset="3" xadvance="73" page="0" chnl="15"/><!-- 放 --><char id="25928" x="334" y="0" width="79" height="78" xoffset="-4" yoffset="3" xadvance="73" page="0" chnl="15"/><!-- 效 --><char id="25968" x="237" y="248" width="79" height="77" xoffset="-4" yoffset="4" xadvance="73" page="0" chnl="15"/><!-- 数 --><char id="26007" x="389" y="326" width="74" height="76" xoffset="-1" yoffset="4" xadvance="73" page="0" chnl="15"/><!-- 斗 --><char id="26032" x="787" y="403" width="77" height="76" xoffset="-3" yoffset="3" xadvance="73" page="0" chnl="15"/><!-- 新 --><char id="26080" x="764" y="939" width="77" height="72" xoffset="-3" yoffset="8" xadvance="73" page="0" chnl="15"/><!-- 无 --><char id="26159" x="534" y="864" width="78" height="74" xoffset="-4" yoffset="6" xadvance="73" page="0" chnl="15"/><!-- 是 --><char id="26174" x="522" y="1013" width="76" height="69" xoffset="-2" yoffset="7" xadvance="73" page="0" chnl="15"/><!-- 显 --><char id="26292" x="306" y="864" width="78" height="74" xoffset="-3" yoffset="6" xadvance="73" page="0" chnl="15"/><!-- 暴 --><char id="26356" x="234" y="939" width="77" height="73" xoffset="-2" yoffset="7" xadvance="73" page="0" chnl="15"/><!-- 更 --><char id="26377" x="925" y="480" width="76" height="76" xoffset="-3" yoffset="4" xadvance="73" page="0" chnl="15"/><!-- 有 --><char id="26469" x="390" y="634" width="78" height="76" xoffset="-3" yoffset="4" xadvance="73" page="0" chnl="15"/><!-- 来 --><char id="26538" x="776" y="170" width="79" height="77" xoffset="-3" yoffset="3" xadvance="73" page="0" chnl="15"/><!-- 枪 --><char id="26631" x="156" y="557" width="78" height="76" xoffset="-3" yoffset="4" xadvance="73" page="0" chnl="15"/><!-- 标 --><char id="26633" x="859" y="557" width="78" height="76" xoffset="-4" yoffset="4" xadvance="73" page="0" chnl="15"/><!-- 栉 --><char id="27036" x="524" y="91" width="76" height="77" xoffset="-3" yoffset="3" xadvance="73" page="0" chnl="15"/><!-- 榜 --><char id="27169" x="467" y="480" width="78" height="76" xoffset="-3" yoffset="4" xadvance="73" page="0" chnl="15"/><!-- 模 --><char id="27465" x="953" y="0" width="80" height="78" xoffset="-4" yoffset="3" xadvance="73" page="0" chnl="15"/><!-- 歉 --><char id="27604" x="80" y="634" width="76" height="76" xoffset="-2" yoffset="4" xadvance="73" page="0" chnl="15"/><!-- 比 --><char id="27809" x="1080" y="711" width="78" height="75" xoffset="-3" yoffset="5" xadvance="73" page="0" chnl="15"/><!-- 没 --><char id="27861" x="1080" y="480" width="76" height="76" xoffset="-2" yoffset="4" xadvance="73" page="0" chnl="15"/><!-- 法 --><char id="28040" x="1002" y="480" width="77" height="76" xoffset="-3" yoffset="4" xadvance="73" page="0" chnl="15"/><!-- 消 --><char id="28216" x="550" y="248" width="78" height="77" xoffset="-3" yoffset="3" xadvance="73" page="0" chnl="15"/><!-- 游 --><char id="28385" x="701" y="711" width="77" height="75" xoffset="-3" yoffset="4" xadvance="73" page="0" chnl="15"/><!-- 满 --><char id="29305" x="470" y="557" width="77" height="76" xoffset="-3" yoffset="4" xadvance="73" page="0" chnl="15"/><!-- 特 --><char id="29436" x="933" y="170" width="78" height="77" xoffset="-3" yoffset="3" xadvance="73" page="0" chnl="15"/><!-- 狼 --><char id="29467" x="780" y="557" width="78" height="76" xoffset="-4" yoffset="4" xadvance="73" page="0" chnl="15"/><!-- 猛 --><char id="29579" x="599" y="1013" width="75" height="69" xoffset="-1" yoffset="8" xadvance="73" page="0" chnl="15"/><!-- 王 --><char id="29616" x="79" y="939" width="77" height="73" xoffset="-3" yoffset="7" xadvance="73" page="0" chnl="15"/><!-- 现 --><char id="29699" x="550" y="403" width="79" height="76" xoffset="-3" yoffset="4" xadvance="73" page="0" chnl="15"/><!-- 球 --><char id="29992" x="1145" y="864" width="73" height="73" xoffset="-3" yoffset="8" xadvance="73" page="0" chnl="15"/><!-- 用 --><char id="30002" x="1067" y="939" width="66" height="72" xoffset="3" yoffset="8" xadvance="73" page="0" chnl="15"/><!-- 甲 --><char id="30340" x="461" y="788" width="72" height="75" xoffset="1" yoffset="4" xadvance="73" page="0" chnl="15"/><!-- 的 --><char id="30382" x="938" y="557" width="78" height="76" xoffset="-4" yoffset="4" xadvance="73" page="0" chnl="15"/><!-- 皮 --><char id="30446" x="1202" y="788" width="61" height="72" xoffset="5" yoffset="7" xadvance="73" page="0" chnl="15"/><!-- 目 --><char id="30475" x="691" y="480" width="76" height="76" xoffset="-3" yoffset="4" xadvance="73" page="0" chnl="15"/><!-- 看 --><char id="30707" x="919" y="939" width="77" height="72" xoffset="-4" yoffset="8" xadvance="73" page="0" chnl="15"/><!-- 石 --><char id="30830" x="474" y="248" width="75" height="77" xoffset="-3" yoffset="3" xadvance="73" page="0" chnl="15"/><!-- 确 --><char id="31034" x="842" y="939" width="76" height="72" xoffset="-3" yoffset="8" xadvance="73" page="0" chnl="15"/><!-- 示 --><char id="31085" x="548" y="557" width="80" height="76" xoffset="-4" yoffset="4" xadvance="73" page="0" chnl="15"/><!-- 祭 --><char id="31163" x="79" y="170" width="73" height="77" xoffset="0" yoffset="3" xadvance="73" page="0" chnl="15"/><!-- 离 --><char id="31245" x="0" y="557" width="77" height="76" xoffset="-3" yoffset="4" xadvance="73" page="0" chnl="15"/><!-- 稍 --><char id="31354" x="385" y="864" width="72" height="74" xoffset="0" yoffset="3" xadvance="73" page="0" chnl="15"/><!-- 空 --><char id="31435" x="843" y="864" width="75" height="74" xoffset="-1" yoffset="3" xadvance="73" page="0" chnl="15"/><!-- 立 --><char id="31561" x="671" y="91" width="78" height="77" xoffset="-4" yoffset="3" xadvance="73" page="0" chnl="15"/><!-- 等 --><char id="31661" x="392" y="557" width="77" height="76" xoffset="-3" yoffset="3" xadvance="73" page="0" chnl="15"/><!-- 箭 --><char id="32423" x="491" y="0" width="79" height="78" xoffset="-4" yoffset="3" xadvance="73" page="0" chnl="15"/><!-- 级 --><char id="32447" x="153" y="170" width="78" height="77" xoffset="-3" yoffset="3" xadvance="73" page="0" chnl="15"/><!-- 线 --><char id="32463" x="1159" y="711" width="80" height="75" xoffset="-4" yoffset="3" xadvance="73" page="0" chnl="15"/><!-- 经 --><char id="32487" x="972" y="788" width="78" height="74" xoffset="-4" yoffset="3" xadvance="73" page="0" chnl="15"/><!-- 继 --><char id="32493" x="0" y="170" width="78" height="77" xoffset="-3" yoffset="3" xadvance="73" page="0" chnl="15"/><!-- 续 --><char id="32622" x="464" y="939" width="74" height="72" xoffset="-1" yoffset="6" xadvance="73" page="0" chnl="15"/><!-- 置 --><char id="32709" x="1169" y="557" width="79" height="76" xoffset="-4" yoffset="4" xadvance="73" page="0" chnl="15"/><!-- 翅 --><char id="32972" x="1095" y="557" width="73" height="76" xoffset="0" yoffset="4" xadvance="73" page="0" chnl="15"/><!-- 背 --><char id="32988" x="623" y="711" width="77" height="75" xoffset="-3" yoffset="5" xadvance="73" page="0" chnl="15"/><!-- 胜 --><char id="33034" x="0" y="634" width="79" height="76" xoffset="-4" yoffset="3" xadvance="73" page="0" chnl="15"/><!-- 脊 --><char id="33394" x="465" y="711" width="76" height="75" xoffset="-2" yoffset="3" xadvance="73" page="0" chnl="15"/><!-- 色 --><char id="33719" x="630" y="403" width="77" height="76" xoffset="-3" yoffset="4" xadvance="73" page="0" chnl="15"/><!-- 获 --><char id="33832" x="629" y="557" width="75" height="76" xoffset="-1" yoffset="4" xadvance="73" page="0" chnl="15"/><!-- 萨 --><char id="34892" x="542" y="326" width="78" height="76" xoffset="-4" yoffset="4" xadvance="73" page="0" chnl="15"/><!-- 行 --><char id="34920" x="927" y="326" width="79" height="76" xoffset="-4" yoffset="4" xadvance="73" page="0" chnl="15"/><!-- 表 --><char id="35201" x="458" y="864" width="75" height="74" xoffset="-1" yoffset="6" xadvance="73" page="0" chnl="15"/><!-- 要 --><char id="35266" x="0" y="939" width="78" height="73" xoffset="-4" yoffset="7" xadvance="73" page="0" chnl="15"/><!-- 观 --><char id="35270" x="768" y="480" width="77" height="76" xoffset="-2" yoffset="4" xadvance="73" page="0" chnl="15"/><!-- 视 --><char id="35282" x="571" y="0" width="71" height="78" xoffset="-2" yoffset="3" xadvance="73" page="0" chnl="15"/><!-- 角 --><char id="35774" x="233" y="326" width="77" height="76" xoffset="-2" yoffset="4" xadvance="73" page="0" chnl="15"/><!-- 设 --><char id="35797" x="0" y="788" width="76" height="75" xoffset="-1" yoffset="4" xadvance="73" page="0" chnl="15"/><!-- 试 --><char id="35831" x="1157" y="480" width="76" height="76" xoffset="-2" yoffset="4" xadvance="73" page="0" chnl="15"/><!-- 请 --><char id="36133" x="708" y="403" width="78" height="76" xoffset="-3" yoffset="4" xadvance="73" page="0" chnl="15"/><!-- 败 --><char id="36141" x="1085" y="326" width="76" height="76" xoffset="-3" yoffset="4" xadvance="73" page="0" chnl="15"/><!-- 购 --><char id="36153" x="0" y="403" width="78" height="76" xoffset="-3" yoffset="4" xadvance="73" page="0" chnl="15"/><!-- 费 --><char id="36187" x="80" y="248" width="78" height="77" xoffset="-3" yoffset="3" xadvance="73" page="0" chnl="15"/><!-- 赛 --><char id="36194" x="985" y="91" width="78" height="77" xoffset="-3" yoffset="3" xadvance="73" page="0" chnl="15"/><!-- 赢 --><char id="36716" x="1142" y="91" width="77" height="77" xoffset="-3" yoffset="4" xadvance="73" page="0" chnl="15"/><!-- 转 --><char id="36733" x="390" y="170" width="75" height="77" xoffset="-1" yoffset="4" xadvance="73" page="0" chnl="15"/><!-- 载 --><char id="36805" x="308" y="788" width="77" height="75" xoffset="-3" yoffset="6" xadvance="73" page="0" chnl="15"/><!-- 迅 --><char id="36814" x="941" y="248" width="77" height="77" xoffset="-3" yoffset="3" xadvance="73" page="0" chnl="15"/><!-- 迎 --><char id="36820" x="309" y="480" width="78" height="76" xoffset="-3" yoffset="4" xadvance="73" page="0" chnl="15"/><!-- 返 --><char id="36825" x="159" y="248" width="77" height="77" xoffset="-3" yoffset="3" xadvance="73" page="0" chnl="15"/><!-- 这 --><char id="36827" x="311" y="634" width="78" height="76" xoffset="-3" yoffset="4" xadvance="73" page="0" chnl="15"/><!-- 进 --><char id="36895" x="311" y="326" width="77" height="76" xoffset="-3" yoffset="4" xadvance="73" page="0" chnl="15"/><!-- 速 --><char id="37096" x="629" y="248" width="76" height="77" xoffset="-2" yoffset="3" xadvance="73" page="0" chnl="15"/><!-- 部 --><char id="37325" x="0" y="864" width="75" height="74" xoffset="-1" yoffset="4" xadvance="73" page="0" chnl="15"/><!-- 重 --><char id="37329" x="779" y="711" width="79" height="75" xoffset="-4" yoffset="3" xadvance="73" page="0" chnl="15"/><!-- 金 --><char id="38145" x="750" y="91" width="80" height="77" xoffset="-4" yoffset="4" xadvance="73" page="0" chnl="15"/><!-- 锁 --><char id="38180" x="77" y="788" width="78" height="75" xoffset="-4" yoffset="4" xadvance="73" page="0" chnl="15"/><!-- 锤 --><char id="38230" x="235" y="557" width="78" height="76" xoffset="-4" yoffset="4" xadvance="73" page="0" chnl="15"/><!-- 镖 --><char id="38431" x="784" y="634" width="75" height="76" xoffset="1" yoffset="4" xadvance="73" page="0" chnl="15"/><!-- 队 --><char id="38454" x="414" y="0" width="76" height="78" xoffset="0" yoffset="3" xadvance="73" page="0" chnl="15"/><!-- 阶 --><char id="38590" x="1017" y="634" width="78" height="76" xoffset="-4" yoffset="4" xadvance="73" page="0" chnl="15"/><!-- 难 --><char id="38598" x="153" y="326" width="79" height="76" xoffset="-4" yoffset="3" xadvance="73" page="0" chnl="15"/><!-- 集 --><char id="38712" x="386" y="788" width="74" height="75" xoffset="-1" yoffset="6" xadvance="73" page="0" chnl="15"/><!-- 霸 --><char id="38899" x="212" y="91" width="74" height="77" xoffset="-1" yoffset="3" xadvance="73" page="0" chnl="15"/><!-- 音 --><char id="39046" x="799" y="0" width="78" height="78" xoffset="-4" yoffset="3" xadvance="73" page="0" chnl="15"/><!-- 领 --><char id="39057" x="466" y="170" width="78" height="77" xoffset="-3" yoffset="4" xadvance="73" page="0" chnl="15"/><!-- 频 --><char id="39318" x="1093" y="248" width="74" height="77" xoffset="-1" yoffset="3" xadvance="73" page="0" chnl="15"/><!-- 首 --><char id="39640" x="1019" y="248" width="73" height="77" xoffset="-1" yoffset="3" xadvance="73" page="0" chnl="15"/><!-- 高 --><char id="40857" x="1007" y="326" width="77" height="76" xoffset="-3" yoffset="4" xadvance="73" page="0" chnl="15"/><!-- 龙 --><char id="65281" x="604" y="1086" width="22" height="63" xoffset="7" yoffset="11" xadvance="73" page="0" chnl="15"/><!-- ！ --><char id="65292" x="1234" y="497" width="27" height="37" xoffset="7" yoffset="47" xadvance="73" page="0" chnl="15"/><!-- ， --><char id="65311" x="41" y="1086" width="41" height="64" xoffset="-3" yoffset="10" xadvance="73" page="0" chnl="15"/><!-- ？ --></chars><kernings count="853"><kerning first="97" second="116" amount="-2"/><kerning first="97" second="84" amount="-3"/><kerning first="97" second="86" amount="-3"/><kerning first="97" second="87" amount="-1"/><kerning first="97" second="89" amount="-3"/><kerning first="97" second="63" amount="-3"/><kerning first="97" second="42" amount="-4"/><kerning first="98" second="97" amount="-2"/><kerning first="98" second="102" amount="-1"/><kerning first="98" second="115" amount="-1"/><kerning first="98" second="116" amount="-3"/><kerning first="98" second="118" amount="-1"/><kerning first="98" second="119" amount="-1"/><kerning first="98" second="120" amount="-3"/><kerning first="98" second="121" amount="-1"/><kerning first="98" second="122" amount="-1"/><kerning first="98" second="84" amount="-5"/><kerning first="98" second="86" amount="-2"/><kerning first="98" second="88" amount="-1"/><kerning first="98" second="89" amount="-5"/><kerning first="98" second="63" amount="-3"/><kerning first="98" second="42" amount="-1"/><kerning first="98" second="46" amount="-1"/><kerning first="98" second="44" amount="-1"/><kerning first="98" second="34" amount="-2"/><kerning first="98" second="39" amount="-2"/><kerning first="98" second="92" amount="-3"/><kerning first="99" second="97" amount="-1"/><kerning first="99" second="99" amount="-3"/><kerning first="99" second="100" amount="-3"/><kerning first="99" second="101" amount="-3"/><kerning first="99" second="103" amount="-1"/><kerning first="99" second="111" amount="-3"/><kerning first="99" second="113" amount="-3"/><kerning first="99" second="116" amount="-1"/><kerning first="99" second="120" amount="-1"/><kerning first="99" second="84" amount="-2"/><kerning first="99" second="86" amount="-2"/><kerning first="99" second="89" amount="-3"/><kerning first="99" second="45" amount="-3"/><kerning first="101" second="97" amount="-2"/><kerning first="101" second="102" amount="-1"/><kerning first="101" second="103" amount="-1"/><kerning first="101" second="116" amount="-1"/><kerning first="101" second="118" amount="-1"/><kerning first="101" second="119" amount="-1"/><kerning first="101" second="120" amount="-2"/><kerning first="101" second="121" amount="-1"/><kerning first="101" second="122" amount="-1"/><kerning first="101" second="74" amount="-2"/><kerning first="101" second="83" amount="-2"/><kerning first="101" second="84" amount="-3"/><kerning first="101" second="86" amount="-3"/><kerning first="101" second="87" amount="-1"/><kerning first="101" second="89" amount="-3"/><kerning first="101" second="63" amount="-2"/><kerning first="101" second="42" amount="-2"/><kerning first="101" second="92" amount="-3"/><kerning first="102" second="97" amount="-2"/><kerning first="102" second="99" amount="-1"/><kerning first="102" second="100" amount="-1"/><kerning first="102" second="101" amount="-1"/><kerning first="102" second="103" amount="-2"/><kerning first="102" second="106" amount="-1"/><kerning first="102" second="111" amount="-1"/><kerning first="102" second="113" amount="-1"/><kerning first="102" second="115" amount="-1"/><kerning first="102" second="120" amount="-1"/><kerning first="102" second="122" amount="-2"/><kerning first="102" second="84" amount="3"/><kerning first="102" second="86" amount="5"/><kerning first="102" second="87" amount="3"/><kerning first="102" second="88" amount="2"/><kerning first="102" second="89" amount="3"/><kerning first="102" second="63" amount="1"/><kerning first="102" second="41" amount="3"/><kerning first="102" second="45" amount="-2"/><kerning first="102" second="46" amount="-6"/><kerning first="102" second="44" amount="-6"/><kerning first="102" second="47" amount="-1"/><kerning first="102" second="34" amount="3"/><kerning first="102" second="39" amount="3"/><kerning first="102" second="125" amount="3"/><kerning first="102" second="93" amount="3"/><kerning first="102" second="92" amount="2"/><kerning first="103" second="97" amount="-2"/><kerning first="103" second="99" amount="-2"/><kerning first="103" second="100" amount="-2"/><kerning first="103" second="101" amount="-2"/><kerning first="103" second="106" amount="3"/><kerning first="103" second="111" amount="-2"/><kerning first="103" second="113" amount="-2"/><kerning first="103" second="118" amount="-1"/><kerning first="103" second="119" amount="-1"/><kerning first="103" second="122" amount="-2"/><kerning first="103" second="84" amount="-3"/><kerning first="103" second="89" amount="-2"/><kerning first="103" second="63" amount="-4"/><kerning first="103" second="42" amount="-2"/><kerning first="103" second="47" amount="2"/><kerning first="104" second="84" amount="-3"/><kerning first="104" second="86" amount="-1"/><kerning first="104" second="89" amount="-3"/><kerning first="104" second="63" amount="-2"/><kerning first="104" second="42" amount="-2"/><kerning first="107" second="97" amount="-1"/><kerning first="107" second="99" amount="-3"/><kerning first="107" second="100" amount="-3"/><kerning first="107" second="101" amount="-3"/><kerning first="107" second="103" amount="-1"/><kerning first="107" second="106" amount="-1"/><kerning first="107" second="111" amount="-3"/><kerning first="107" second="113" amount="-3"/><kerning first="107" second="116" amount="-3"/><kerning first="107" second="117" amount="-2"/><kerning first="107" second="120" amount="-2"/><kerning first="107" second="122" amount="-2"/><kerning first="107" second="84" amount="-5"/><kerning first="107" second="89" amount="-2"/><kerning first="107" second="63" amount="-3"/><kerning first="107" second="42" amount="-2"/><kerning first="107" second="45" amount="-7"/><kerning first="109" second="84" amount="-3"/><kerning first="109" second="86" amount="-1"/><kerning first="109" second="89" amount="-3"/><kerning first="109" second="63" amount="-2"/><kerning first="109" second="42" amount="-2"/><kerning first="110" second="84" amount="-3"/><kerning first="110" second="86" amount="-1"/><kerning first="110" second="89" amount="-3"/><kerning first="110" second="63" amount="-2"/><kerning first="110" second="42" amount="-2"/><kerning first="111" second="97" amount="-2"/><kerning first="111" second="102" amount="-1"/><kerning first="111" second="115" amount="-1"/><kerning first="111" second="116" amount="-3"/><kerning first="111" second="118" amount="-1"/><kerning first="111" second="119" amount="-1"/><kerning first="111" second="120" amount="-3"/><kerning first="111" second="121" amount="-1"/><kerning first="111" second="122" amount="-1"/><kerning first="111" second="84" amount="-5"/><kerning first="111" second="86" amount="-2"/><kerning first="111" second="88" amount="-1"/><kerning first="111" second="89" amount="-5"/><kerning first="111" second="63" amount="-3"/><kerning first="111" second="42" amount="-1"/><kerning first="111" second="46" amount="-1"/><kerning first="111" second="44" amount="-1"/><kerning first="111" second="34" amount="-2"/><kerning first="111" second="39" amount="-2"/><kerning first="111" second="92" amount="-3"/><kerning first="112" second="97" amount="-2"/><kerning first="112" second="102" amount="-1"/><kerning first="112" second="115" amount="-1"/><kerning first="112" second="116" amount="-3"/><kerning first="112" second="118" amount="-1"/><kerning first="112" second="119" amount="-1"/><kerning first="112" second="120" amount="-3"/><kerning first="112" second="121" amount="-1"/><kerning first="112" second="122" amount="-1"/><kerning first="112" second="84" amount="-5"/><kerning first="112" second="86" amount="-2"/><kerning first="112" second="88" amount="-1"/><kerning first="112" second="89" amount="-5"/><kerning first="112" second="63" amount="-3"/><kerning first="112" second="42" amount="-1"/><kerning first="112" second="46" amount="-1"/><kerning first="112" second="44" amount="-1"/><kerning first="112" second="34" amount="-2"/><kerning first="112" second="39" amount="-2"/><kerning first="112" second="92" amount="-3"/><kerning first="113" second="84" amount="-2"/><kerning first="113" second="86" amount="-2"/><kerning first="113" second="89" amount="-3"/><kerning first="113" second="42" amount="-2"/><kerning first="114" second="97" amount="-3"/><kerning first="114" second="99" amount="-1"/><kerning first="114" second="100" amount="-1"/><kerning first="114" second="101" amount="-1"/><kerning first="114" second="103" amount="-1"/><kerning first="114" second="111" amount="-1"/><kerning first="114" second="113" amount="-1"/><kerning first="114" second="115" amount="-1"/><kerning first="114" second="122" amount="-1"/><kerning first="114" second="65" amount="-2"/><kerning first="114" second="74" amount="-6"/><kerning first="114" second="90" amount="-1"/><kerning first="114" second="45" amount="-3"/><kerning first="114" second="46" amount="-7"/><kerning first="114" second="44" amount="-7"/><kerning first="114" second="47" amount="-2"/><kerning first="115" second="116" amount="-2"/><kerning first="115" second="84" amount="-3"/><kerning first="115" second="86" amount="-1"/><kerning first="115" second="89" amount="-2"/><kerning first="115" second="63" amount="-2"/><kerning first="115" second="42" amount="-3"/><kerning first="116" second="97" amount="-2"/><kerning first="116" second="99" amount="-2"/><kerning first="116" second="100" amount="-2"/><kerning first="116" second="101" amount="-2"/><kerning first="116" second="103" amount="-1"/><kerning first="116" second="111" amount="-2"/><kerning first="116" second="113" amount="-2"/><kerning first="116" second="115" amount="-1"/><kerning first="116" second="116" amount="-2"/><kerning first="116" second="120" amount="-1"/><kerning first="116" second="84" amount="-2"/><kerning first="116" second="89" amount="-1"/><kerning first="116" second="63" amount="-3"/><kerning first="116" second="45" amount="-3"/><kerning first="116" second="46" amount="-1"/><kerning first="116" second="44" amount="-1"/><kerning first="116" second="47" amount="-1"/><kerning first="117" second="84" amount="-2"/><kerning first="117" second="86" amount="-2"/><kerning first="117" second="89" amount="-3"/><kerning first="117" second="42" amount="-2"/><kerning first="118" second="97" amount="-2"/><kerning first="118" second="99" amount="-1"/><kerning first="118" second="100" amount="-1"/><kerning first="118" second="101" amount="-1"/><kerning first="118" second="106" amount="-1"/><kerning first="118" second="111" amount="-1"/><kerning first="118" second="113" amount="-1"/><kerning first="118" second="122" amount="-3"/><kerning first="118" second="65" amount="-2"/><kerning first="118" second="74" amount="-4"/><kerning first="118" second="84" amount="-2"/><kerning first="118" second="86" amount="-1"/><kerning first="118" second="89" amount="-2"/><kerning first="118" second="90" amount="-1"/><kerning first="118" second="42" amount="-1"/><kerning first="118" second="45" amount="-2"/><kerning first="118" second="46" amount="-5"/><kerning first="118" second="44" amount="-5"/><kerning first="118" second="47" amount="-2"/><kerning first="119" second="97" amount="-1"/><kerning first="119" second="99" amount="-1"/><kerning first="119" second="100" amount="-1"/><kerning first="119" second="101" amount="-1"/><kerning first="119" second="106" amount="-1"/><kerning first="119" second="111" amount="-1"/><kerning first="119" second="113" amount="-1"/><kerning first="119" second="122" amount="-3"/><kerning first="119" second="65" amount="-1"/><kerning first="119" second="74" amount="-3"/><kerning first="119" second="84" amount="-3"/><kerning first="119" second="86" amount="-1"/><kerning first="119" second="88" amount="-2"/><kerning first="119" second="89" amount="-3"/><kerning first="119" second="42" amount="-1"/><kerning first="119" second="46" amount="-7"/><kerning first="119" second="44" amount="-7"/><kerning first="119" second="47" amount="-1"/><kerning first="120" second="97" amount="-1"/><kerning first="120" second="99" amount="-3"/><kerning first="120" second="100" amount="-3"/><kerning first="120" second="101" amount="-3"/><kerning first="120" second="111" amount="-3"/><kerning first="120" second="113" amount="-3"/><kerning first="120" second="116" amount="-3"/><kerning first="120" second="121" amount="-2"/><kerning first="120" second="67" amount="-1"/><kerning first="120" second="71" amount="-1"/><kerning first="120" second="79" amount="-1"/><kerning first="120" second="81" amount="-1"/><kerning first="120" second="83" amount="-1"/><kerning first="120" second="84" amount="-2"/><kerning first="120" second="86" amount="-2"/><kerning first="120" second="88" amount="-1"/><kerning first="120" second="89" amount="-4"/><kerning first="120" second="33" amount="-2"/><kerning first="120" second="59" amount="1"/><kerning first="120" second="42" amount="-2"/><kerning first="120" second="45" amount="-2"/><kerning first="120" second="46" amount="-2"/><kerning first="120" second="44" amount="1"/><kerning first="121" second="97" amount="-2"/><kerning first="121" second="99" amount="-1"/><kerning first="121" second="100" amount="-1"/><kerning first="121" second="101" amount="-1"/><kerning first="121" second="106" amount="-1"/><kerning first="121" second="111" amount="-1"/><kerning first="121" second="113" amount="-1"/><kerning first="121" second="120" amount="-2"/><kerning first="121" second="122" amount="-3"/><kerning first="121" second="74" amount="-4"/><kerning first="121" second="84" amount="-2"/><kerning first="121" second="86" amount="-1"/><kerning first="121" second="88" amount="-1"/><kerning first="121" second="89" amount="-2"/><kerning first="121" second="46" amount="-5"/><kerning first="121" second="44" amount="-5"/><kerning first="121" second="47" amount="-1"/><kerning first="122" second="97" amount="-2"/><kerning first="122" second="99" amount="-1"/><kerning first="122" second="100" amount="-1"/><kerning first="122" second="101" amount="-1"/><kerning first="122" second="103" amount="-1"/><kerning first="122" second="111" amount="-1"/><kerning first="122" second="113" amount="-1"/><kerning first="122" second="117" amount="-1"/><kerning first="122" second="118" amount="-1"/><kerning first="122" second="121" amount="-1"/><kerning first="122" second="84" amount="-2"/><kerning first="122" second="89" amount="-2"/><kerning first="122" second="45" amount="-3"/><kerning first="65" second="97" amount="1"/><kerning first="65" second="102" amount="-1"/><kerning first="65" second="115" amount="1"/><kerning first="65" second="116" amount="-2"/><kerning first="65" second="117" amount="-1"/><kerning first="65" second="118" amount="-2"/><kerning first="65" second="119" amount="-1"/><kerning first="65" second="120" amount="-1"/><kerning first="65" second="121" amount="-2"/><kerning first="65" second="65" amount="-1"/><kerning first="65" second="67" amount="-1"/><kerning first="65" second="71" amount="-1"/><kerning first="65" second="79" amount="-1"/><kerning first="65" second="81" amount="-1"/><kerning first="65" second="84" amount="-6"/><kerning first="65" second="85" amount="-2"/><kerning first="65" second="86" amount="-2"/><kerning first="65" second="88" amount="-1"/><kerning first="65" second="89" amount="-2"/><kerning first="65" second="90" amount="-1"/><kerning first="65" second="63" amount="-3"/><kerning first="65" second="42" amount="-7"/><kerning first="65" second="34" amount="-6"/><kerning first="65" second="39" amount="-6"/><kerning first="65" second="92" amount="-4"/><kerning first="66" second="116" amount="-1"/><kerning first="66" second="118" amount="-2"/><kerning first="66" second="119" amount="-1"/><kerning first="66" second="120" amount="-1"/><kerning first="66" second="121" amount="-2"/><kerning first="66" second="74" amount="-2"/><kerning first="66" second="83" amount="-2"/><kerning first="66" second="84" amount="-3"/><kerning first="66" second="86" amount="-1"/><kerning first="66" second="87" amount="-1"/><kerning first="66" second="88" amount="-1"/><kerning first="66" second="89" amount="-2"/><kerning first="66" second="90" amount="-1"/><kerning first="66" second="42" amount="-3"/><kerning first="67" second="103" amount="-2"/><kerning first="67" second="116" amount="-3"/><kerning first="67" second="117" amount="-1"/><kerning first="67" second="118" amount="-2"/><kerning first="67" second="119" amount="-1"/><kerning first="67" second="121" amount="-2"/><kerning first="67" second="67" amount="-3"/><kerning first="67" second="71" amount="-3"/><kerning first="67" second="74" amount="-1"/><kerning first="67" second="79" amount="-3"/><kerning first="67" second="81" amount="-3"/><kerning first="67" second="83" amount="-3"/><kerning first="67" second="84" amount="-1"/><kerning first="67" second="85" amount="-2"/><kerning first="67" second="86" amount="-1"/><kerning first="67" second="87" amount="-1"/><kerning first="67" second="88" amount="-1"/><kerning first="67" second="89" amount="-2"/><kerning first="67" second="90" amount="-1"/><kerning first="67" second="45" amount="-3"/><kerning first="68" second="120" amount="-2"/><kerning first="68" second="122" amount="-2"/><kerning first="68" second="65" amount="-1"/><kerning first="68" second="74" amount="-5"/><kerning first="68" second="84" amount="-3"/><kerning first="68" second="86" amount="-1"/><kerning first="68" second="87" amount="-1"/><kerning first="68" second="88" amount="-3"/><kerning first="68" second="89" amount="-2"/><kerning first="68" second="90" amount="-2"/><kerning first="68" second="42" amount="-2"/><kerning first="68" second="47" amount="-1"/><kerning first="69" second="99" amount="-1"/><kerning first="69" second="100" amount="-1"/><kerning first="69" second="101" amount="-1"/><kerning first="69" second="111" amount="-1"/><kerning first="69" second="113" amount="-1"/><kerning first="69" second="116" amount="-3"/><kerning first="69" second="118" amount="-1"/><kerning first="69" second="120" amount="-4"/><kerning first="69" second="121" amount="-1"/><kerning first="70" second="97" amount="-4"/><kerning first="70" second="99" amount="-2"/><kerning first="70" second="100" amount="-2"/><kerning first="70" second="101" amount="-2"/><kerning first="70" second="103" amount="-3"/><kerning first="70" second="109" amount="-2"/><kerning first="70" second="110" amount="-2"/><kerning first="70" second="111" amount="-2"/><kerning first="70" second="112" amount="-2"/><kerning first="70" second="113" amount="-2"/><kerning first="70" second="114" amount="-2"/><kerning first="70" second="115" amount="-3"/><kerning first="70" second="116" amount="-1"/><kerning first="70" second="117" amount="-2"/><kerning first="70" second="118" amount="-3"/><kerning first="70" second="119" amount="-3"/><kerning first="70" second="120" amount="-3"/><kerning first="70" second="121" amount="-3"/><kerning first="70" second="122" amount="-4"/><kerning first="70" second="65" amount="-4"/><kerning first="70" second="67" amount="-1"/><kerning first="70" second="71" amount="-1"/><kerning first="70" second="74" amount="-12"/><kerning first="70" second="79" amount="-1"/><kerning first="70" second="81" amount="-1"/><kerning first="70" second="83" amount="-3"/><kerning first="70" second="86" amount="-1"/><kerning first="70" second="87" amount="-1"/><kerning first="70" second="88" amount="-3"/><kerning first="70" second="89" amount="-2"/><kerning first="70" second="90" amount="-3"/><kerning first="70" second="46" amount="-8"/><kerning first="70" second="44" amount="-8"/><kerning first="70" second="47" amount="-5"/><kerning first="71" second="65" amount="-1"/><kerning first="71" second="84" amount="-2"/><kerning first="71" second="86" amount="-2"/><kerning first="71" second="87" amount="-1"/><kerning first="71" second="42" amount="-2"/><kerning first="74" second="74" amount="-4"/><kerning first="74" second="46" amount="-3"/><kerning first="74" second="44" amount="-3"/><kerning first="75" second="99" amount="-2"/><kerning first="75" second="100" amount="-2"/><kerning first="75" second="101" amount="-2"/><kerning first="75" second="106" amount="-1"/><kerning first="75" second="111" amount="-2"/><kerning first="75" second="113" amount="-2"/><kerning first="75" second="116" amount="-5"/><kerning first="75" second="117" amount="-2"/><kerning first="75" second="118" amount="-3"/><kerning first="75" second="119" amount="-3"/><kerning first="75" second="120" amount="-3"/><kerning first="75" second="121" amount="-3"/><kerning first="75" second="122" amount="-2"/><kerning first="75" second="65" amount="-1"/><kerning first="75" second="67" amount="-3"/><kerning first="75" second="71" amount="-3"/><kerning first="75" second="79" amount="-3"/><kerning first="75" second="81" amount="-3"/><kerning first="75" second="83" amount="-2"/><kerning first="75" second="84" amount="-3"/><kerning first="75" second="85" amount="-2"/><kerning first="75" second="86" amount="-2"/><kerning first="75" second="87" amount="-1"/><kerning first="75" second="89" amount="-3"/><kerning first="75" second="63" amount="-2"/><kerning first="75" second="42" amount="-4"/><kerning first="75" second="45" amount="-4"/><kerning first="75" second="34" amount="-3"/><kerning first="75" second="39" amount="-3"/><kerning first="76" second="99" amount="-2"/><kerning first="76" second="100" amount="-2"/><kerning first="76" second="101" amount="-2"/><kerning first="76" second="102" amount="-2"/><kerning first="76" second="103" amount="-1"/><kerning first="76" second="111" amount="-2"/><kerning first="76" second="113" amount="-2"/><kerning first="76" second="116" amount="-3"/><kerning first="76" second="117" amount="-1"/><kerning first="76" second="118" amount="-5"/><kerning first="76" second="119" amount="-4"/><kerning first="76" second="121" amount="-5"/><kerning first="76" second="65" amount="-1"/><kerning first="76" second="67" amount="-3"/><kerning first="76" second="71" amount="-3"/><kerning first="76" second="79" amount="-3"/><kerning first="76" second="81" amount="-3"/><kerning first="76" second="83" amount="-3"/><kerning first="76" second="84" amount="-10"/><kerning first="76" second="85" amount="-3"/><kerning first="76" second="86" amount="-7"/><kerning first="76" second="87" amount="-5"/><kerning first="76" second="89" amount="-7"/><kerning first="76" second="63" amount="-5"/><kerning first="76" second="42" amount="-14"/><kerning first="76" second="45" amount="-4"/><kerning first="76" second="34" amount="-11"/><kerning first="76" second="39" amount="-11"/><kerning first="76" second="92" amount="-7"/><kerning first="79" second="120" amount="-2"/><kerning first="79" second="122" amount="-2"/><kerning first="79" second="65" amount="-1"/><kerning first="79" second="74" amount="-5"/><kerning first="79" second="84" amount="-3"/><kerning first="79" second="86" amount="-1"/><kerning first="79" second="87" amount="-1"/><kerning first="79" second="88" amount="-3"/><kerning first="79" second="89" amount="-2"/><kerning first="79" second="90" amount="-2"/><kerning first="79" second="42" amount="-2"/><kerning first="79" second="47" amount="-1"/><kerning first="80" second="97" amount="-3"/><kerning first="80" second="99" amount="-2"/><kerning first="80" second="100" amount="-2"/><kerning first="80" second="101" amount="-2"/><kerning first="80" second="103" amount="-2"/><kerning first="80" second="111" amount="-2"/><kerning first="80" second="113" amount="-2"/><kerning first="80" second="115" amount="-1"/><kerning first="80" second="120" amount="-2"/><kerning first="80" second="122" amount="-2"/><kerning first="80" second="65" amount="-5"/><kerning first="80" second="74" amount="-12"/><kerning first="80" second="83" amount="-1"/><kerning first="80" second="84" amount="-2"/><kerning first="80" second="88" amount="-3"/><kerning first="80" second="89" amount="-1"/><kerning first="80" second="90" amount="-5"/><kerning first="80" second="45" amount="-2"/><kerning first="80" second="46" amount="-11"/><kerning first="80" second="44" amount="-11"/><kerning first="80" second="47" amount="-5"/><kerning first="81" second="120" amount="-2"/><kerning first="81" second="122" amount="-2"/><kerning first="81" second="65" amount="-1"/><kerning first="81" second="74" amount="-5"/><kerning first="81" second="84" amount="-3"/><kerning first="81" second="86" amount="-1"/><kerning first="81" second="87" amount="-1"/><kerning first="81" second="88" amount="-3"/><kerning first="81" second="89" amount="-2"/><kerning first="81" second="90" amount="-2"/><kerning first="81" second="42" amount="-2"/><kerning first="81" second="47" amount="-1"/><kerning first="82" second="97" amount="-1"/><kerning first="82" second="99" amount="-1"/><kerning first="82" second="100" amount="-1"/><kerning first="82" second="101" amount="-1"/><kerning first="82" second="103" amount="-1"/><kerning first="82" second="111" amount="-1"/><kerning first="82" second="113" amount="-1"/><kerning first="82" second="120" amount="-2"/><kerning first="82" second="122" amount="-2"/><kerning first="82" second="65" amount="-1"/><kerning first="82" second="74" amount="-1"/><kerning first="82" second="83" amount="-2"/><kerning first="82" second="84" amount="-2"/><kerning first="82" second="86" amount="-1"/><kerning first="82" second="88" amount="-1"/><kerning first="82" second="89" amount="-2"/><kerning first="82" second="90" amount="-1"/><kerning first="82" second="42" amount="-1"/><kerning first="82" second="45" amount="-3"/><kerning first="83" second="116" amount="-3"/><kerning first="83" second="122" amount="-2"/><kerning first="83" second="74" amount="-2"/><kerning first="83" second="83" amount="-2"/><kerning first="83" second="84" amount="-2"/><kerning first="83" second="89" amount="-2"/><kerning first="83" second="42" amount="-1"/><kerning first="83" second="45" amount="1"/><kerning first="84" second="97" amount="-6"/><kerning first="84" second="99" amount="-7"/><kerning first="84" second="100" amount="-7"/><kerning first="84" second="101" amount="-7"/><kerning first="84" second="102" amount="-1"/><kerning first="84" second="103" amount="-6"/><kerning first="84" second="109" amount="-4"/><kerning first="84" second="110" amount="-4"/><kerning first="84" second="111" amount="-7"/><kerning first="84" second="112" amount="-4"/><kerning first="84" second="113" amount="-7"/><kerning first="84" second="114" amount="-4"/><kerning first="84" second="115" amount="-5"/><kerning first="84" second="116" amount="-1"/><kerning first="84" second="117" amount="-4"/><kerning first="84" second="118" amount="-2"/><kerning first="84" second="119" amount="-2"/><kerning first="84" second="120" amount="-3"/><kerning first="84" second="121" amount="-2"/><kerning first="84" second="122" amount="-6"/><kerning first="84" second="65" amount="-4"/><kerning first="84" second="67" amount="-3"/><kerning first="84" second="71" amount="-3"/><kerning first="84" second="74" amount="-11"/><kerning first="84" second="79" amount="-3"/><kerning first="84" second="81" amount="-3"/><kerning first="84" second="83" amount="-3"/><kerning first="84" second="88" amount="-2"/><kerning first="84" second="89" amount="-2"/><kerning first="84" second="90" amount="-4"/><kerning first="84" second="59" amount="-2"/><kerning first="84" second="58" amount="-2"/><kerning first="84" second="45" amount="-6"/><kerning first="84" second="46" amount="-10"/><kerning first="84" second="44" amount="-10"/><kerning first="84" second="47" amount="-6"/><kerning first="85" second="97" amount="-1"/><kerning first="85" second="103" amount="-1"/><kerning first="85" second="115" amount="-1"/><kerning first="85" second="120" amount="-2"/><kerning first="85" second="65" amount="-1"/><kerning first="85" second="74" amount="-5"/><kerning first="85" second="83" amount="-1"/><kerning first="85" second="86" amount="-1"/><kerning first="85" second="88" amount="-1"/><kerning first="85" second="89" amount="-2"/><kerning first="85" second="46" amount="-3"/><kerning first="85" second="44" amount="-3"/><kerning first="85" second="47" amount="-2"/><kerning first="86" second="97" amount="-3"/><kerning first="86" second="99" amount="-2"/><kerning first="86" second="100" amount="-2"/><kerning first="86" second="101" amount="-2"/><kerning first="86" second="103" amount="-2"/><kerning first="86" second="109" amount="-2"/><kerning first="86" second="110" amount="-2"/><kerning first="86" second="111" amount="-2"/><kerning first="86" second="112" amount="-2"/><kerning first="86" second="113" amount="-2"/><kerning first="86" second="114" amount="-2"/><kerning first="86" second="115" amount="-2"/><kerning first="86" second="117" amount="-3"/><kerning first="86" second="118" amount="-1"/><kerning first="86" second="119" amount="-1"/><kerning first="86" second="120" amount="-2"/><kerning first="86" second="121" amount="-1"/><kerning first="86" second="122" amount="-2"/><kerning first="86" second="65" amount="-2"/><kerning first="86" second="67" amount="-1"/><kerning first="86" second="71" amount="-1"/><kerning first="86" second="74" amount="-6"/><kerning first="86" second="79" amount="-1"/><kerning first="86" second="81" amount="-1"/><kerning first="86" second="83" amount="-1"/><kerning first="86" second="85" amount="-1"/><kerning first="86" second="90" amount="-2"/><kerning first="86" second="45" amount="-2"/><kerning first="86" second="46" amount="-7"/><kerning first="86" second="44" amount="-7"/><kerning first="86" second="47" amount="-3"/><kerning first="87" second="97" amount="-1"/><kerning first="87" second="103" amount="-1"/><kerning first="87" second="122" amount="-1"/><kerning first="87" second="67" amount="-1"/><kerning first="87" second="71" amount="-1"/><kerning first="87" second="74" amount="-5"/><kerning first="87" second="79" amount="-1"/><kerning first="87" second="81" amount="-1"/><kerning first="87" second="83" amount="-1"/><kerning first="87" second="90" amount="-1"/><kerning first="87" second="45" amount="-1"/><kerning first="87" second="46" amount="-4"/><kerning first="87" second="44" amount="-4"/><kerning first="87" second="47" amount="-1"/><kerning first="88" second="97" amount="-1"/><kerning first="88" second="99" amount="-2"/><kerning first="88" second="100" amount="-2"/><kerning first="88" second="101" amount="-2"/><kerning first="88" second="102" amount="-3"/><kerning first="88" second="111" amount="-2"/><kerning first="88" second="113" amount="-2"/><kerning first="88" second="116" amount="-3"/><kerning first="88" second="117" amount="-1"/><kerning first="88" second="118" amount="-3"/><kerning first="88" second="119" amount="-2"/><kerning first="88" second="120" amount="-1"/><kerning first="88" second="121" amount="-3"/><kerning first="88" second="122" amount="-2"/><kerning first="88" second="65" amount="-1"/><kerning first="88" second="67" amount="-3"/><kerning first="88" second="71" amount="-3"/><kerning first="88" second="74" amount="-2"/><kerning first="88" second="79" amount="-3"/><kerning first="88" second="81" amount="-3"/><kerning first="88" second="83" amount="-2"/><kerning first="88" second="84" amount="-2"/><kerning first="88" second="85" amount="-1"/><kerning first="88" second="42" amount="-1"/><kerning first="88" second="45" amount="-3"/><kerning first="88" second="34" amount="-1"/><kerning first="88" second="39" amount="-1"/><kerning first="89" second="97" amount="-7"/><kerning first="89" second="99" amount="-5"/><kerning first="89" second="100" amount="-5"/><kerning first="89" second="101" amount="-5"/><kerning first="89" second="103" amount="-5"/><kerning first="89" second="109" amount="-4"/><kerning first="89" second="110" amount="-4"/><kerning first="89" second="111" amount="-5"/><kerning first="89" second="112" amount="-4"/><kerning first="89" second="113" amount="-5"/><kerning first="89" second="114" amount="-4"/><kerning first="89" second="115" amount="-5"/><kerning first="89" second="116" amount="-4"/><kerning first="89" second="117" amount="-4"/><kerning first="89" second="118" amount="-2"/><kerning first="89" second="119" amount="-3"/><kerning first="89" second="120" amount="-4"/><kerning first="89" second="121" amount="-2"/><kerning first="89" second="122" amount="-5"/><kerning first="89" second="65" amount="-2"/><kerning first="89" second="67" amount="-2"/><kerning first="89" second="71" amount="-2"/><kerning first="89" second="74" amount="-9"/><kerning first="89" second="79" amount="-2"/><kerning first="89" second="81" amount="-2"/><kerning first="89" second="83" amount="-2"/><kerning first="89" second="84" amount="-2"/><kerning first="89" second="85" amount="-1"/><kerning first="89" second="90" amount="-2"/><kerning first="89" second="59" amount="-3"/><kerning first="89" second="58" amount="-3"/><kerning first="89" second="63" amount="-2"/><kerning first="89" second="45" amount="-7"/><kerning first="89" second="46" amount="-9"/><kerning first="89" second="44" amount="-9"/><kerning first="89" second="47" amount="-5"/><kerning first="90" second="97" amount="-1"/><kerning first="90" second="99" amount="-2"/><kerning first="90" second="100" amount="-2"/><kerning first="90" second="101" amount="-2"/><kerning first="90" second="102" amount="-2"/><kerning first="90" second="103" amount="-2"/><kerning first="90" second="111" amount="-2"/><kerning first="90" second="113" amount="-2"/><kerning first="90" second="116" amount="-2"/><kerning first="90" second="117" amount="-2"/><kerning first="90" second="118" amount="-1"/><kerning first="90" second="119" amount="-1"/><kerning first="90" second="120" amount="-3"/><kerning first="90" second="121" amount="-1"/><kerning first="90" second="65" amount="-1"/><kerning first="90" second="67" amount="-2"/><kerning first="90" second="71" amount="-2"/><kerning first="90" second="74" amount="-2"/><kerning first="90" second="79" amount="-2"/><kerning first="90" second="81" amount="-2"/><kerning first="90" second="83" amount="-3"/><kerning first="90" second="85" amount="-1"/><kerning first="90" second="86" amount="-1"/><kerning first="90" second="87" amount="-1"/><kerning first="90" second="89" amount="-2"/><kerning first="90" second="90" amount="-1"/><kerning first="90" second="45" amount="-2"/><kerning first="59" second="89" amount="-3"/><kerning first="59" second="42" amount="-3"/><kerning first="58" second="89" amount="-3"/><kerning first="58" second="42" amount="-3"/><kerning first="40" second="106" amount="6"/><kerning first="40" second="74" amount="-2"/><kerning first="45" second="116" amount="-2"/><kerning first="45" second="118" amount="-2"/><kerning first="45" second="120" amount="-2"/><kerning first="45" second="74" amount="-2"/><kerning first="45" second="83" amount="-3"/><kerning first="45" second="84" amount="-5"/><kerning first="45" second="86" amount="-2"/><kerning first="45" second="87" amount="-1"/><kerning first="45" second="88" amount="-3"/><kerning first="45" second="89" amount="-7"/><kerning first="45" second="90" amount="-2"/><kerning first="46" second="99" amount="-1"/><kerning first="46" second="100" amount="-1"/><kerning first="46" second="101" amount="-1"/><kerning first="46" second="106" amount="2"/><kerning first="46" second="111" amount="-1"/><kerning first="46" second="113" amount="-1"/><kerning first="46" second="116" amount="-5"/><kerning first="46" second="118" amount="-5"/><kerning first="46" second="119" amount="-3"/><kerning first="46" second="121" amount="-2"/><kerning first="46" second="84" amount="-9"/><kerning first="46" second="85" amount="-3"/><kerning first="46" second="86" amount="-7"/><kerning first="46" second="87" amount="-4"/><kerning first="46" second="89" amount="-10"/><kerning first="46" second="42" amount="-14"/><kerning first="46" second="34" amount="-11"/><kerning first="46" second="39" amount="-11"/><kerning first="44" second="99" amount="-1"/><kerning first="44" second="100" amount="-1"/><kerning first="44" second="101" amount="-1"/><kerning first="44" second="106" amount="2"/><kerning first="44" second="111" amount="-1"/><kerning first="44" second="113" amount="-1"/><kerning first="44" second="116" amount="-5"/><kerning first="44" second="118" amount="-5"/><kerning first="44" second="119" amount="-3"/><kerning first="44" second="121" amount="-2"/><kerning first="44" second="84" amount="-9"/><kerning first="44" second="85" amount="-3"/><kerning first="44" second="86" amount="-7"/><kerning first="44" second="87" amount="-4"/><kerning first="44" second="89" amount="-10"/><kerning first="44" second="42" amount="-14"/><kerning first="44" second="34" amount="-11"/><kerning first="44" second="39" amount="-11"/><kerning first="47" second="97" amount="-3"/><kerning first="47" second="99" amount="-2"/><kerning first="47" second="100" amount="-2"/><kerning first="47" second="101" amount="-2"/><kerning first="47" second="103" amount="-1"/><kerning first="47" second="111" amount="-2"/><kerning first="47" second="113" amount="-2"/><kerning first="47" second="116" amount="-1"/><kerning first="47" second="117" amount="-2"/><kerning first="47" second="65" amount="-4"/><kerning first="47" second="67" amount="-1"/><kerning first="47" second="71" amount="-1"/><kerning first="47" second="74" amount="-7"/><kerning first="47" second="79" amount="-1"/><kerning first="47" second="81" amount="-1"/><kerning first="34" second="99" amount="-2"/><kerning first="34" second="100" amount="-2"/><kerning first="34" second="101" amount="-2"/><kerning first="34" second="111" amount="-2"/><kerning first="34" second="113" amount="-2"/><kerning first="34" second="115" amount="-2"/><kerning first="34" second="65" amount="-6"/><kerning first="34" second="74" amount="-10"/><kerning first="34" second="83" amount="-1"/><kerning first="34" second="88" amount="-1"/><kerning first="34" second="46" amount="-11"/><kerning first="34" second="44" amount="-11"/><kerning first="39" second="99" amount="-2"/><kerning first="39" second="100" amount="-2"/><kerning first="39" second="101" amount="-2"/><kerning first="39" second="111" amount="-2"/><kerning first="39" second="113" amount="-2"/><kerning first="39" second="115" amount="-2"/><kerning first="39" second="65" amount="-6"/><kerning first="39" second="74" amount="-10"/><kerning first="39" second="83" amount="-1"/><kerning first="39" second="88" amount="-1"/><kerning first="39" second="46" amount="-11"/><kerning first="39" second="44" amount="-11"/><kerning first="123" second="106" amount="6"/><kerning first="123" second="74" amount="-2"/><kerning first="91" second="106" amount="6"/><kerning first="91" second="74" amount="-2"/><kerning first="92" second="103" amount="2"/><kerning first="92" second="106" amount="5"/><kerning first="92" second="118" amount="-2"/><kerning first="92" second="119" amount="-1"/><kerning first="92" second="84" amount="-6"/><kerning first="92" second="85" amount="-2"/><kerning first="92" second="86" amount="-4"/><kerning first="92" second="87" amount="-2"/><kerning first="92" second="89" amount="-6"/><kerning first="12377" second="65292" amount="-3"/><kerning first="12377" second="12290" amount="-7"/><kerning first="12368" second="65292" amount="-4"/></kernings></font>