{"textures":[{"image":"default-resources-0.png","format":"RGBA8888","size":{"w":1217,"h":1217},"scale":0.5,"frames":[{"filename":"bg/bg-middle-2","rotated":false,"trimmed":false,"sourceSize":{"w":450,"h":425},"spriteSourceSize":{"x":0,"y":0,"w":450,"h":425},"frame":{"x":2,"y":2,"w":450,"h":425}},{"filename":"bg/bg-middle","rotated":false,"trimmed":false,"sourceSize":{"w":360,"h":425},"spriteSourceSize":{"x":0,"y":0,"w":360,"h":425},"frame":{"x":2,"y":430,"w":360,"h":425}},{"filename":"ui-ngang/bg-middle","rotated":false,"trimmed":false,"sourceSize":{"w":360,"h":284},"spriteSourceSize":{"x":0,"y":0,"w":360,"h":284},"frame":{"x":455,"y":2,"w":360,"h":284}},{"filename":"footer","rotated":false,"trimmed":false,"sourceSize":{"w":375,"h":77},"spriteSourceSize":{"x":0,"y":0,"w":375,"h":77},"frame":{"x":818,"y":2,"w":375,"h":77}},{"filename":"ui-ngang/bg-top","rotated":false,"trimmed":false,"sourceSize":{"w":360,"h":89},"spriteSourceSize":{"x":0,"y":0,"w":360,"h":89},"frame":{"x":2,"y":858,"w":360,"h":89}},{"filename":"ui-ngang/bg-bottom","rotated":false,"trimmed":false,"sourceSize":{"w":360,"h":88},"spriteSourceSize":{"x":0,"y":0,"w":360,"h":88},"frame":{"x":455,"y":289,"w":360,"h":88}},{"filename":"leaderboards/bg-top","rotated":false,"trimmed":false,"sourceSize":{"w":475,"h":84},"spriteSourceSize":{"x":0,"y":0,"w":475,"h":84},"frame":{"x":2,"y":950,"w":475,"h":84}},{"filename":"leaderboards/bg-bottom","rotated":false,"trimmed":false,"sourceSize":{"w":475,"h":34},"spriteSourceSize":{"x":0,"y":0,"w":475,"h":34},"frame":{"x":2,"y":1037,"w":475,"h":34}},{"filename":"bg/bg-bottom-2","rotated":false,"trimmed":false,"sourceSize":{"w":450,"h":56},"spriteSourceSize":{"x":0,"y":0,"w":450,"h":56},"frame":{"x":2,"y":1074,"w":450,"h":56}},{"filename":"bg/bg-top-2","rotated":false,"trimmed":false,"sourceSize":{"w":450,"h":56},"spriteSourceSize":{"x":0,"y":0,"w":450,"h":56},"frame":{"x":2,"y":1133,"w":450,"h":56}},{"filename":"texts/leader-board","rotated":false,"trimmed":false,"sourceSize":{"w":287,"h":23},"spriteSourceSize":{"x":0,"y":0,"w":287,"h":23},"frame":{"x":2,"y":1192,"w":287,"h":23}},{"filename":"texts/lose","rotated":false,"trimmed":false,"sourceSize":{"w":259,"h":23},"spriteSourceSize":{"x":0,"y":0,"w":259,"h":23},"frame":{"x":292,"y":1192,"w":259,"h":23}},{"filename":"bg/bg-bottom","rotated":false,"trimmed":false,"sourceSize":{"w":360,"h":56},"spriteSourceSize":{"x":0,"y":0,"w":360,"h":56},"frame":{"x":818,"y":82,"w":360,"h":56}},{"filename":"bg/bg-top","rotated":false,"trimmed":false,"sourceSize":{"w":360,"h":56},"spriteSourceSize":{"x":0,"y":0,"w":360,"h":56},"frame":{"x":818,"y":141,"w":360,"h":56}},{"filename":"daily-challenge/bg","rotated":false,"trimmed":false,"sourceSize":{"w":260,"h":143},"spriteSourceSize":{"x":0,"y":0,"w":260,"h":143},"frame":{"x":818,"y":200,"w":260,"h":143}},{"filename":"ui-ngang/khung-next-block","rotated":false,"trimmed":false,"sourceSize":{"w":100,"h":300},"spriteSourceSize":{"x":0,"y":0,"w":100,"h":300},"frame":{"x":365,"y":430,"w":100,"h":300}},{"filename":"leaderboards/bg-middle","rotated":false,"trimmed":false,"sourceSize":{"w":475,"h":24},"spriteSourceSize":{"x":0,"y":0,"w":475,"h":24},"frame":{"x":455,"y":380,"w":475,"h":24}},{"filename":"border-bottom-panel","rotated":false,"trimmed":false,"sourceSize":{"w":375,"h":18},"spriteSourceSize":{"x":0,"y":0,"w":375,"h":18},"frame":{"x":455,"y":407,"w":375,"h":18}},{"filename":"leaf","rotated":false,"trimmed":false,"sourceSize":{"w":282,"h":66},"spriteSourceSize":{"x":0,"y":0,"w":282,"h":66},"frame":{"x":468,"y":428,"w":282,"h":66}},{"filename":"score-panel","rotated":false,"trimmed":false,"sourceSize":{"w":263,"h":76},"spriteSourceSize":{"x":0,"y":0,"w":263,"h":76},"frame":{"x":468,"y":497,"w":263,"h":76}},{"filename":"popup/middle","rotated":false,"trimmed":false,"sourceSize":{"w":216,"h":114},"spriteSourceSize":{"x":0,"y":0,"w":216,"h":114},"frame":{"x":468,"y":576,"w":216,"h":114}},{"filename":"leaderboards/bg-item","rotated":false,"trimmed":false,"sourceSize":{"w":159,"h":31},"spriteSourceSize":{"x":0,"y":0,"w":159,"h":31},"frame":{"x":818,"y":346,"w":159,"h":31}},{"filename":"buttons/green-large","rotated":false,"trimmed":false,"sourceSize":{"w":242,"h":71},"spriteSourceSize":{"x":0,"y":0,"w":242,"h":71},"frame":{"x":468,"y":693,"w":242,"h":71}},{"filename":"bg/bg-dark","rotated":false,"trimmed":false,"sourceSize":{"w":122,"h":152},"spriteSourceSize":{"x":0,"y":0,"w":122,"h":152},"frame":{"x":1081,"y":200,"w":122,"h":152}},{"filename":"buttons/brown","rotated":false,"trimmed":false,"sourceSize":{"w":242,"h":54},"spriteSourceSize":{"x":0,"y":0,"w":242,"h":54},"frame":{"x":480,"y":767,"w":242,"h":54}},{"filename":"daily-challenge/bg-item-dark","rotated":false,"trimmed":false,"sourceSize":{"w":254,"h":41},"spriteSourceSize":{"x":0,"y":0,"w":254,"h":41},"frame":{"x":480,"y":824,"w":254,"h":41}},{"filename":"daily-challenge/bg-item-light","rotated":false,"trimmed":false,"sourceSize":{"w":254,"h":41},"spriteSourceSize":{"x":0,"y":0,"w":254,"h":41},"frame":{"x":480,"y":868,"w":254,"h":41}},{"filename":"lives/heart","rotated":false,"trimmed":false,"sourceSize":{"w":170,"h":140},"spriteSourceSize":{"x":0,"y":0,"w":170,"h":140},"frame":{"x":480,"y":912,"w":170,"h":140}},{"filename":"bg-progress-circle","rotated":false,"trimmed":false,"sourceSize":{"w":116,"h":116},"spriteSourceSize":{"x":0,"y":0,"w":116,"h":116},"frame":{"x":653,"y":912,"w":116,"h":116}},{"filename":"popup/background","rotated":false,"trimmed":false,"sourceSize":{"w":198,"h":111},"spriteSourceSize":{"x":0,"y":0,"w":198,"h":111},"frame":{"x":480,"y":1055,"w":198,"h":111}},{"filename":"popup/score-panel","rotated":false,"trimmed":false,"sourceSize":{"w":150,"h":46},"spriteSourceSize":{"x":0,"y":0,"w":150,"h":46},"frame":{"x":554,"y":1169,"w":150,"h":46}},{"filename":"avatar/border-big","rotated":false,"trimmed":false,"sourceSize":{"w":88,"h":88},"spriteSourceSize":{"x":0,"y":0,"w":88,"h":88},"frame":{"x":365,"y":733,"w":88,"h":88}},{"filename":"texts/text-tutorial","rotated":false,"trimmed":false,"sourceSize":{"w":126,"h":21},"spriteSourceSize":{"x":0,"y":0,"w":126,"h":21},"frame":{"x":653,"y":1031,"w":126,"h":21}},{"filename":"bottom-panel","rotated":false,"trimmed":false,"sourceSize":{"w":141,"h":86},"spriteSourceSize":{"x":0,"y":0,"w":141,"h":86},"frame":{"x":681,"y":1055,"w":141,"h":86}},{"filename":"avatar/border","rotated":false,"trimmed":true,"sourceSize":{"w":69,"h":72},"spriteSourceSize":{"x":0,"y":1,"w":69,"h":71},"frame":{"x":707,"y":1144,"w":69,"h":71}},{"filename":"preloader/dual-ring","rotated":false,"trimmed":true,"sourceSize":{"w":100,"h":100},"spriteSourceSize":{"x":13,"y":13,"w":74,"h":74},"frame":{"x":365,"y":824,"w":74,"h":74}},{"filename":"best-score-frame-long","rotated":false,"trimmed":false,"sourceSize":{"w":193,"h":77},"spriteSourceSize":{"x":0,"y":0,"w":193,"h":77},"frame":{"x":753,"y":428,"w":193,"h":77}},{"filename":"popup/top-dark","rotated":false,"trimmed":false,"sourceSize":{"w":216,"h":45},"spriteSourceSize":{"x":0,"y":0,"w":216,"h":45},"frame":{"x":734,"y":508,"w":216,"h":45}},{"filename":"popup/top","rotated":false,"trimmed":false,"sourceSize":{"w":216,"h":45},"spriteSourceSize":{"x":0,"y":0,"w":216,"h":45},"frame":{"x":734,"y":556,"w":216,"h":45}},{"filename":"texts/win","rotated":false,"trimmed":false,"sourceSize":{"w":263,"h":28},"spriteSourceSize":{"x":0,"y":0,"w":263,"h":28},"frame":{"x":687,"y":604,"w":263,"h":28}},{"filename":"texts/keep-playing","rotated":false,"trimmed":false,"sourceSize":{"w":266,"h":26},"spriteSourceSize":{"x":0,"y":0,"w":266,"h":26},"frame":{"x":687,"y":635,"w":266,"h":26}},{"filename":"texts/second-chance","rotated":false,"trimmed":false,"sourceSize":{"w":261,"h":26},"spriteSourceSize":{"x":0,"y":0,"w":261,"h":26},"frame":{"x":687,"y":664,"w":261,"h":26}},{"filename":"border-daily","rotated":false,"trimmed":false,"sourceSize":{"w":259,"h":26},"spriteSourceSize":{"x":0,"y":0,"w":259,"h":26},"frame":{"x":713,"y":693,"w":259,"h":26}},{"filename":"daily-challenge/bottom-panel","rotated":false,"trimmed":false,"sourceSize":{"w":261,"h":15},"spriteSourceSize":{"x":0,"y":0,"w":261,"h":15},"frame":{"x":713,"y":722,"w":261,"h":15}},{"filename":"daily-challenge/top-panel","rotated":false,"trimmed":false,"sourceSize":{"w":261,"h":15},"spriteSourceSize":{"x":0,"y":0,"w":261,"h":15},"frame":{"x":713,"y":740,"w":261,"h":15}},{"filename":"texts/out-of-live","rotated":false,"trimmed":false,"sourceSize":{"w":247,"h":23},"spriteSourceSize":{"x":0,"y":0,"w":247,"h":23},"frame":{"x":725,"y":758,"w":247,"h":23}},{"filename":"texts/waiting-for-opponent","rotated":false,"trimmed":false,"sourceSize":{"w":260,"h":14},"spriteSourceSize":{"x":0,"y":0,"w":260,"h":14},"frame":{"x":725,"y":784,"w":260,"h":14}},{"filename":"daily-challenge/middle-panel","rotated":false,"trimmed":false,"sourceSize":{"w":261,"h":13},"spriteSourceSize":{"x":0,"y":0,"w":261,"h":13},"frame":{"x":725,"y":801,"w":261,"h":13}},{"filename":"texts/daily-challenge","rotated":false,"trimmed":false,"sourceSize":{"w":221,"h":28},"spriteSourceSize":{"x":0,"y":0,"w":221,"h":28},"frame":{"x":737,"y":817,"w":221,"h":28}},{"filename":"texts/next-milestone","rotated":false,"trimmed":false,"sourceSize":{"w":223,"h":21},"spriteSourceSize":{"x":0,"y":0,"w":223,"h":21},"frame":{"x":737,"y":848,"w":223,"h":21}},{"filename":"texts/level-failed","rotated":false,"trimmed":false,"sourceSize":{"w":146,"h":18},"spriteSourceSize":{"x":0,"y":0,"w":146,"h":18},"frame":{"x":833,"y":407,"w":146,"h":18}},{"filename":"popup/bottom","rotated":false,"trimmed":false,"sourceSize":{"w":216,"h":14},"spriteSourceSize":{"x":0,"y":0,"w":216,"h":14},"frame":{"x":737,"y":872,"w":216,"h":14}},{"filename":"buttons/dark-blue","rotated":false,"trimmed":false,"sourceSize":{"w":183,"h":54},"spriteSourceSize":{"x":0,"y":0,"w":183,"h":54},"frame":{"x":772,"y":889,"w":183,"h":54}},{"filename":"lives/time-block-2","rotated":false,"trimmed":false,"sourceSize":{"w":182,"h":54},"spriteSourceSize":{"x":0,"y":0,"w":182,"h":54},"frame":{"x":772,"y":946,"w":182,"h":54}},{"filename":"texts/your-score","rotated":false,"trimmed":false,"sourceSize":{"w":199,"h":23},"spriteSourceSize":{"x":0,"y":0,"w":199,"h":23},"frame":{"x":772,"y":1003,"w":199,"h":23}},{"filename":"texts/first-milestone","rotated":false,"trimmed":false,"sourceSize":{"w":205,"h":21},"spriteSourceSize":{"x":0,"y":0,"w":205,"h":21},"frame":{"x":782,"y":1029,"w":205,"h":21}},{"filename":"buttons/green","rotated":false,"trimmed":false,"sourceSize":{"w":172,"h":51},"spriteSourceSize":{"x":0,"y":0,"w":172,"h":51},"frame":{"x":825,"y":1053,"w":172,"h":51}},{"filename":"lives/time-block","rotated":false,"trimmed":false,"sourceSize":{"w":173,"h":44},"spriteSourceSize":{"x":0,"y":0,"w":173,"h":44},"frame":{"x":825,"y":1107,"w":173,"h":44}},{"filename":"icon-journey","rotated":false,"trimmed":false,"sourceSize":{"w":75,"h":61},"spriteSourceSize":{"x":0,"y":0,"w":75,"h":61},"frame":{"x":779,"y":1154,"w":75,"h":61}},{"filename":"daily-challenge/title-panel","rotated":false,"trimmed":false,"sourceSize":{"w":141,"h":35},"spriteSourceSize":{"x":0,"y":0,"w":141,"h":35},"frame":{"x":857,"y":1154,"w":141,"h":35}},{"filename":"leaderboards/bg-item-0","rotated":false,"trimmed":false,"sourceSize":{"w":116,"h":23},"spriteSourceSize":{"x":0,"y":0,"w":116,"h":23},"frame":{"x":857,"y":1192,"w":116,"h":23}},{"filename":"leaderboards/bg-item-1","rotated":false,"trimmed":false,"sourceSize":{"w":116,"h":23},"spriteSourceSize":{"x":0,"y":0,"w":116,"h":23},"frame":{"x":976,"y":1192,"w":116,"h":23}},{"filename":"buttons/dark-blue-big","rotated":false,"trimmed":false,"sourceSize":{"w":120,"h":55},"spriteSourceSize":{"x":0,"y":0,"w":120,"h":55},"frame":{"x":1095,"y":355,"w":120,"h":55}},{"filename":"buttons/toggle-off","rotated":false,"trimmed":false,"sourceSize":{"w":89,"h":31},"spriteSourceSize":{"x":0,"y":0,"w":89,"h":31},"frame":{"x":980,"y":346,"w":89,"h":31}},{"filename":"texts/text-next-level","rotated":false,"trimmed":false,"sourceSize":{"w":159,"h":16},"spriteSourceSize":{"x":0,"y":0,"w":159,"h":16},"frame":{"x":933,"y":380,"w":159,"h":16}},{"filename":"bg-combo","rotated":false,"trimmed":true,"sourceSize":{"w":106,"h":44},"spriteSourceSize":{"x":0,"y":4,"w":106,"h":40},"frame":{"x":982,"y":399,"w":106,"h":40}},{"filename":"buttons/dark-blue-small","rotated":false,"trimmed":false,"sourceSize":{"w":119,"h":54},"spriteSourceSize":{"x":0,"y":0,"w":119,"h":54},"frame":{"x":1091,"y":413,"w":119,"h":54}},{"filename":"texts/result","rotated":false,"trimmed":false,"sourceSize":{"w":139,"h":28},"spriteSourceSize":{"x":0,"y":0,"w":139,"h":28},"frame":{"x":949,"y":442,"w":139,"h":28}},{"filename":"wood-panel","rotated":false,"trimmed":false,"sourceSize":{"w":151,"h":28},"spriteSourceSize":{"x":0,"y":0,"w":151,"h":28},"frame":{"x":949,"y":473,"w":151,"h":28}},{"filename":"texts/congratulations","rotated":false,"trimmed":false,"sourceSize":{"w":185,"h":26},"spriteSourceSize":{"x":0,"y":0,"w":185,"h":26},"frame":{"x":953,"y":504,"w":185,"h":26}},{"filename":"texts/invite-friends","rotated":false,"trimmed":false,"sourceSize":{"w":188,"h":17},"spriteSourceSize":{"x":0,"y":0,"w":188,"h":17},"frame":{"x":953,"y":533,"w":188,"h":17}},{"filename":"texts/setting","rotated":false,"trimmed":false,"sourceSize":{"w":160,"h":25},"spriteSourceSize":{"x":0,"y":0,"w":160,"h":25},"frame":{"x":953,"y":553,"w":160,"h":25}},{"filename":"texts/play-single","rotated":false,"trimmed":false,"sourceSize":{"w":157,"h":20},"spriteSourceSize":{"x":0,"y":0,"w":157,"h":20},"frame":{"x":953,"y":581,"w":157,"h":20}},{"filename":"texts/start-over","rotated":false,"trimmed":false,"sourceSize":{"w":167,"h":17},"spriteSourceSize":{"x":0,"y":0,"w":167,"h":17},"frame":{"x":953,"y":604,"w":167,"h":17}},{"filename":"buttons/toggle-on","rotated":false,"trimmed":false,"sourceSize":{"w":89,"h":31},"spriteSourceSize":{"x":0,"y":0,"w":89,"h":31},"frame":{"x":1103,"y":470,"w":89,"h":31}},{"filename":"buttons/green-big","rotated":false,"trimmed":false,"sourceSize":{"w":118,"h":54},"spriteSourceSize":{"x":0,"y":0,"w":118,"h":54},"frame":{"x":956,"y":624,"w":118,"h":54}},{"filename":"bg-streak","rotated":false,"trimmed":true,"sourceSize":{"w":106,"h":44},"spriteSourceSize":{"x":0,"y":4,"w":106,"h":40},"frame":{"x":365,"y":901,"w":106,"h":40}},{"filename":"texts/mission","rotated":false,"trimmed":false,"sourceSize":{"w":113,"h":23},"spriteSourceSize":{"x":0,"y":0,"w":113,"h":23},"frame":{"x":975,"y":681,"w":113,"h":23}},{"filename":"texts/text-ranking","rotated":false,"trimmed":false,"sourceSize":{"w":121,"h":12},"spriteSourceSize":{"x":0,"y":0,"w":121,"h":12},"frame":{"x":975,"y":707,"w":121,"h":12}},{"filename":"texts/play-with","rotated":false,"trimmed":false,"sourceSize":{"w":133,"h":17},"spriteSourceSize":{"x":0,"y":0,"w":133,"h":17},"frame":{"x":977,"y":722,"w":133,"h":17}},{"filename":"texts/world-disable","rotated":false,"trimmed":false,"sourceSize":{"w":122,"h":14},"spriteSourceSize":{"x":0,"y":0,"w":122,"h":14},"frame":{"x":977,"y":742,"w":122,"h":14}},{"filename":"texts/world","rotated":false,"trimmed":false,"sourceSize":{"w":122,"h":14},"spriteSourceSize":{"x":0,"y":0,"w":122,"h":14},"frame":{"x":975,"y":759,"w":122,"h":14}},{"filename":"texts/text-retry","rotated":false,"trimmed":false,"sourceSize":{"w":109,"h":19},"spriteSourceSize":{"x":0,"y":0,"w":109,"h":19},"frame":{"x":988,"y":776,"w":109,"h":19}},{"filename":"texts/collect","rotated":false,"trimmed":false,"sourceSize":{"w":113,"h":15},"spriteSourceSize":{"x":0,"y":0,"w":113,"h":15},"frame":{"x":989,"y":798,"w":113,"h":15}},{"filename":"avatar/background","rotated":false,"trimmed":false,"sourceSize":{"w":53,"h":54},"spriteSourceSize":{"x":0,"y":0,"w":53,"h":54},"frame":{"x":1077,"y":624,"w":53,"h":54}},{"filename":"texts/refill-lives","rotated":false,"trimmed":false,"sourceSize":{"w":117,"h":11},"spriteSourceSize":{"x":0,"y":0,"w":117,"h":11},"frame":{"x":989,"y":816,"w":117,"h":11}},{"filename":"ui-ngang/text-next-block","rotated":false,"trimmed":false,"sourceSize":{"w":96,"h":18},"spriteSourceSize":{"x":0,"y":0,"w":96,"h":18},"frame":{"x":455,"y":1169,"w":96,"h":18}},{"filename":"texts/continue","rotated":false,"trimmed":false,"sourceSize":{"w":107,"h":15},"spriteSourceSize":{"x":0,"y":0,"w":107,"h":15},"frame":{"x":990,"y":830,"w":107,"h":15}},{"filename":"texts/start","rotated":false,"trimmed":false,"sourceSize":{"w":101,"h":19},"spriteSourceSize":{"x":0,"y":0,"w":101,"h":19},"frame":{"x":990,"y":848,"w":101,"h":19}},{"filename":"ui-ngang/khung-mission","rotated":false,"trimmed":false,"sourceSize":{"w":48,"h":232},"spriteSourceSize":{"x":0,"y":0,"w":48,"h":232},"frame":{"x":1000,"y":870,"w":48,"h":232}},{"filename":"ui-ngang/khung-best-score","rotated":false,"trimmed":false,"sourceSize":{"w":56,"h":85},"spriteSourceSize":{"x":0,"y":0,"w":56,"h":85},"frame":{"x":1051,"y":870,"w":56,"h":85}},{"filename":"best-score-frame","rotated":false,"trimmed":false,"sourceSize":{"w":56,"h":76},"spriteSourceSize":{"x":0,"y":0,"w":56,"h":76},"frame":{"x":1051,"y":958,"w":56,"h":76}},{"filename":"avatar/border-challenge","rotated":false,"trimmed":false,"sourceSize":{"w":60,"h":59},"spriteSourceSize":{"x":0,"y":0,"w":60,"h":59},"frame":{"x":1051,"y":1037,"w":60,"h":59}},{"filename":"buttons/minor","rotated":false,"trimmed":false,"sourceSize":{"w":62,"h":53},"spriteSourceSize":{"x":0,"y":0,"w":62,"h":53},"frame":{"x":1001,"y":1105,"w":62,"h":53}},{"filename":"blank","rotated":false,"trimmed":false,"sourceSize":{"w":50,"h":50},"spriteSourceSize":{"x":0,"y":0,"w":50,"h":50},"frame":{"x":1066,"y":1099,"w":50,"h":50}},{"filename":"score-panel-dark","rotated":false,"trimmed":false,"sourceSize":{"w":94,"h":26},"spriteSourceSize":{"x":0,"y":0,"w":94,"h":26},"frame":{"x":1001,"y":1161,"w":94,"h":26}},{"filename":"icons/dot","rotated":false,"trimmed":false,"sourceSize":{"w":34,"h":35},"spriteSourceSize":{"x":0,"y":0,"w":34,"h":35},"frame":{"x":1181,"y":82,"w":34,"h":35}},{"filename":"icons/icon-daily","rotated":false,"trimmed":false,"sourceSize":{"w":34,"h":34},"spriteSourceSize":{"x":0,"y":0,"w":34,"h":34},"frame":{"x":1181,"y":120,"w":34,"h":34}},{"filename":"ui-ngang/text-score","rotated":false,"trimmed":false,"sourceSize":{"w":44,"h":18},"spriteSourceSize":{"x":0,"y":0,"w":44,"h":18},"frame":{"x":687,"y":576,"w":44,"h":18}},{"filename":"text-target-panel","rotated":false,"trimmed":false,"sourceSize":{"w":49,"h":23},"spriteSourceSize":{"x":0,"y":0,"w":49,"h":23},"frame":{"x":1141,"y":504,"w":49,"h":23}},{"filename":"texts/play","rotated":false,"trimmed":false,"sourceSize":{"w":71,"h":18},"spriteSourceSize":{"x":0,"y":0,"w":71,"h":18},"frame":{"x":1144,"y":530,"w":71,"h":18}},{"filename":"icons/vibrate","rotated":false,"trimmed":false,"sourceSize":{"w":31,"h":37},"spriteSourceSize":{"x":0,"y":0,"w":31,"h":37},"frame":{"x":1181,"y":157,"w":31,"h":37}},{"filename":"icons/brown-journey","rotated":false,"trimmed":false,"sourceSize":{"w":23,"h":21},"spriteSourceSize":{"x":0,"y":0,"w":23,"h":21},"frame":{"x":681,"y":1144,"w":23,"h":21}},{"filename":"icons/battle","rotated":false,"trimmed":false,"sourceSize":{"w":22,"h":21},"spriteSourceSize":{"x":0,"y":0,"w":22,"h":21},"frame":{"x":455,"y":1074,"w":22,"h":21}},{"filename":"icons/replay","rotated":false,"trimmed":false,"sourceSize":{"w":20,"h":24},"spriteSourceSize":{"x":0,"y":0,"w":20,"h":24},"frame":{"x":1195,"y":470,"w":20,"h":24}},{"filename":"icons/white-journey","rotated":false,"trimmed":false,"sourceSize":{"w":21,"h":20},"spriteSourceSize":{"x":0,"y":0,"w":21,"h":20},"frame":{"x":737,"y":889,"w":21,"h":20}},{"filename":"icons/retry","rotated":false,"trimmed":false,"sourceSize":{"w":25,"h":27},"spriteSourceSize":{"x":0,"y":0,"w":25,"h":27},"frame":{"x":961,"y":817,"w":25,"h":27}},{"filename":"icons/play-green","rotated":false,"trimmed":false,"sourceSize":{"w":24,"h":24},"spriteSourceSize":{"x":0,"y":0,"w":24,"h":24},"frame":{"x":963,"y":847,"w":24,"h":24}},{"filename":"icons/check","rotated":false,"trimmed":false,"sourceSize":{"w":22,"h":18},"spriteSourceSize":{"x":0,"y":0,"w":22,"h":18},"frame":{"x":455,"y":1098,"w":22,"h":18}},{"filename":"icons/cup-bronze","rotated":false,"trimmed":false,"sourceSize":{"w":22,"h":18},"spriteSourceSize":{"x":0,"y":0,"w":22,"h":18},"frame":{"x":455,"y":1119,"w":22,"h":18}},{"filename":"icons/cup-gold","rotated":false,"trimmed":false,"sourceSize":{"w":22,"h":18},"spriteSourceSize":{"x":0,"y":0,"w":22,"h":18},"frame":{"x":455,"y":1140,"w":22,"h":18}},{"filename":"texts/draw","rotated":false,"trimmed":false,"sourceSize":{"w":83,"h":22},"spriteSourceSize":{"x":0,"y":0,"w":83,"h":22},"frame":{"x":1091,"y":681,"w":83,"h":22}},{"filename":"ui-ngang/khung-score","rotated":false,"trimmed":false,"sourceSize":{"w":87,"h":50},"spriteSourceSize":{"x":0,"y":0,"w":87,"h":50},"frame":{"x":1113,"y":706,"w":87,"h":50}},{"filename":"texts/target-score","rotated":false,"trimmed":false,"sourceSize":{"w":97,"h":14},"spriteSourceSize":{"x":0,"y":0,"w":97,"h":14},"frame":{"x":1100,"y":759,"w":97,"h":14}},{"filename":"texts/text-journey","rotated":false,"trimmed":false,"sourceSize":{"w":88,"h":18},"spriteSourceSize":{"x":0,"y":0,"w":88,"h":18},"frame":{"x":1100,"y":776,"w":88,"h":18}},{"filename":"texts/replay","rotated":false,"trimmed":false,"sourceSize":{"w":90,"h":16},"spriteSourceSize":{"x":0,"y":0,"w":90,"h":16},"frame":{"x":1105,"y":797,"w":90,"h":16}},{"filename":"texts/text-share","rotated":false,"trimmed":false,"sourceSize":{"w":86,"h":14},"spriteSourceSize":{"x":0,"y":0,"w":86,"h":14},"frame":{"x":1109,"y":816,"w":86,"h":14}},{"filename":"texts/no-thank","rotated":false,"trimmed":false,"sourceSize":{"w":89,"h":14},"spriteSourceSize":{"x":0,"y":0,"w":89,"h":14},"frame":{"x":1100,"y":833,"w":89,"h":14}},{"filename":"bg/level-playing","rotated":false,"trimmed":false,"sourceSize":{"w":57,"h":47},"spriteSourceSize":{"x":0,"y":0,"w":57,"h":47},"frame":{"x":1110,"y":850,"w":57,"h":47}},{"filename":"buttons/play","rotated":false,"trimmed":false,"sourceSize":{"w":56,"h":43},"spriteSourceSize":{"x":0,"y":0,"w":56,"h":43},"frame":{"x":1110,"y":900,"w":56,"h":43}},{"filename":"buttons/random","rotated":false,"trimmed":false,"sourceSize":{"w":56,"h":43},"spriteSourceSize":{"x":0,"y":0,"w":56,"h":43},"frame":{"x":1110,"y":946,"w":56,"h":43}},{"filename":"bg/level-locked","rotated":false,"trimmed":false,"sourceSize":{"w":51,"h":42},"spriteSourceSize":{"x":0,"y":0,"w":51,"h":42},"frame":{"x":1110,"y":992,"w":51,"h":42}},{"filename":"bg/level-played","rotated":false,"trimmed":false,"sourceSize":{"w":50,"h":41},"spriteSourceSize":{"x":0,"y":0,"w":50,"h":41},"frame":{"x":1114,"y":1037,"w":50,"h":41}},{"filename":"buttons/challenge_light","rotated":false,"trimmed":false,"sourceSize":{"w":54,"h":40},"spriteSourceSize":{"x":0,"y":0,"w":54,"h":40},"frame":{"x":1119,"y":1081,"w":54,"h":40}},{"filename":"buttons/share","rotated":false,"trimmed":false,"sourceSize":{"w":54,"h":40},"spriteSourceSize":{"x":0,"y":0,"w":54,"h":40},"frame":{"x":1119,"y":1124,"w":54,"h":40}},{"filename":"daily-challenge/time-panel","rotated":false,"trimmed":false,"sourceSize":{"w":85,"h":24},"spriteSourceSize":{"x":0,"y":0,"w":85,"h":24},"frame":{"x":1098,"y":1167,"w":85,"h":24}},{"filename":"ui-ngang/text-mission","rotated":false,"trimmed":false,"sourceSize":{"w":58,"h":18},"spriteSourceSize":{"x":0,"y":0,"w":58,"h":18},"frame":{"x":1095,"y":1194,"w":58,"h":18}},{"filename":"icons/flat-ad","rotated":false,"trimmed":false,"sourceSize":{"w":24,"h":21},"spriteSourceSize":{"x":0,"y":0,"w":24,"h":21},"frame":{"x":1156,"y":1194,"w":24,"h":21}},{"filename":"buttons/skip","rotated":false,"trimmed":false,"sourceSize":{"w":60,"h":36},"spriteSourceSize":{"x":0,"y":0,"w":60,"h":36},"frame":{"x":1144,"y":551,"w":60,"h":36}},{"filename":"icons/back","rotated":false,"trimmed":false,"sourceSize":{"w":25,"h":19},"spriteSourceSize":{"x":0,"y":0,"w":25,"h":19},"frame":{"x":1116,"y":553,"w":25,"h":19}},{"filename":"texts/no","rotated":false,"trimmed":false,"sourceSize":{"w":45,"h":18},"spriteSourceSize":{"x":0,"y":0,"w":45,"h":18},"frame":{"x":1170,"y":850,"w":45,"h":18}},{"filename":"icons/crown-big","rotated":false,"trimmed":false,"sourceSize":{"w":37,"h":35},"spriteSourceSize":{"x":0,"y":0,"w":37,"h":35},"frame":{"x":1170,"y":871,"w":37,"h":35}},{"filename":"buttons/close","rotated":false,"trimmed":false,"sourceSize":{"w":36,"h":36},"spriteSourceSize":{"x":0,"y":0,"w":36,"h":36},"frame":{"x":1169,"y":909,"w":36,"h":36}},{"filename":"icons/icon-journey","rotated":false,"trimmed":false,"sourceSize":{"w":37,"h":31},"spriteSourceSize":{"x":0,"y":0,"w":37,"h":31},"frame":{"x":1169,"y":948,"w":37,"h":31}},{"filename":"icons/plus","rotated":false,"trimmed":false,"sourceSize":{"w":21,"h":22},"spriteSourceSize":{"x":0,"y":0,"w":21,"h":22},"frame":{"x":456,"y":767,"w":21,"h":22}},{"filename":"icons/setting","rotated":false,"trimmed":false,"sourceSize":{"w":21,"h":21},"spriteSourceSize":{"x":0,"y":0,"w":21,"h":21},"frame":{"x":456,"y":792,"w":21,"h":21}},{"filename":"texts/yes","rotated":false,"trimmed":false,"sourceSize":{"w":35,"h":18},"spriteSourceSize":{"x":0,"y":0,"w":35,"h":18},"frame":{"x":442,"y":824,"w":35,"h":18}},{"filename":"icons/music","rotated":false,"trimmed":false,"sourceSize":{"w":28,"h":31},"spriteSourceSize":{"x":0,"y":0,"w":28,"h":31},"frame":{"x":442,"y":845,"w":28,"h":31}},{"filename":"icons/sword","rotated":false,"trimmed":false,"sourceSize":{"w":23,"h":19},"spriteSourceSize":{"x":0,"y":0,"w":23,"h":19},"frame":{"x":442,"y":879,"w":23,"h":19}},{"filename":"icons/share-blue","rotated":false,"trimmed":false,"sourceSize":{"w":16,"h":22},"spriteSourceSize":{"x":0,"y":0,"w":16,"h":22},"frame":{"x":1072,"y":355,"w":16,"h":22}},{"filename":"texts/friends-disable","rotated":false,"trimmed":false,"sourceSize":{"w":40,"h":14},"spriteSourceSize":{"x":0,"y":0,"w":40,"h":14},"frame":{"x":1169,"y":982,"w":40,"h":14}},{"filename":"icons/sound","rotated":false,"trimmed":false,"sourceSize":{"w":31,"h":27},"spriteSourceSize":{"x":0,"y":0,"w":31,"h":27},"frame":{"x":1164,"y":999,"w":31,"h":27}},{"filename":"icons/clock","rotated":false,"trimmed":false,"sourceSize":{"w":17,"h":18},"spriteSourceSize":{"x":0,"y":0,"w":17,"h":18},"frame":{"x":1198,"y":999,"w":17,"h":18}},{"filename":"buttons/circle-button","rotated":false,"trimmed":false,"sourceSize":{"w":28,"h":28},"spriteSourceSize":{"x":0,"y":0,"w":28,"h":28},"frame":{"x":1167,"y":1029,"w":28,"h":28}},{"filename":"icons/cup-silver","rotated":false,"trimmed":false,"sourceSize":{"w":22,"h":18},"spriteSourceSize":{"x":0,"y":0,"w":22,"h":18},"frame":{"x":1167,"y":1060,"w":22,"h":18}},{"filename":"texts/play-with-blue","rotated":false,"trimmed":false,"sourceSize":{"w":58,"h":9},"spriteSourceSize":{"x":0,"y":0,"w":58,"h":9},"frame":{"x":1133,"y":590,"w":58,"h":9}},{"filename":"leaderboards/tab-off","rotated":false,"trimmed":false,"sourceSize":{"w":57,"h":18},"spriteSourceSize":{"x":0,"y":0,"w":57,"h":18},"frame":{"x":1123,"y":602,"w":57,"h":18}},{"filename":"leaderboards/tab-on","rotated":false,"trimmed":false,"sourceSize":{"w":57,"h":18},"spriteSourceSize":{"x":0,"y":0,"w":57,"h":18},"frame":{"x":1133,"y":623,"w":57,"h":18}},{"filename":"buttons/dot-blue","rotated":false,"trimmed":false,"sourceSize":{"w":28,"h":27},"spriteSourceSize":{"x":0,"y":0,"w":28,"h":27},"frame":{"x":1133,"y":644,"w":28,"h":27}},{"filename":"buttons/dot-green","rotated":false,"trimmed":false,"sourceSize":{"w":28,"h":27},"spriteSourceSize":{"x":0,"y":0,"w":28,"h":27},"frame":{"x":1164,"y":644,"w":28,"h":27}},{"filename":"icons/share","rotated":false,"trimmed":false,"sourceSize":{"w":18,"h":24},"spriteSourceSize":{"x":0,"y":0,"w":18,"h":24},"frame":{"x":1196,"y":2,"w":18,"h":24}},{"filename":"icons/rank","rotated":false,"trimmed":false,"sourceSize":{"w":26,"h":25},"spriteSourceSize":{"x":0,"y":0,"w":26,"h":25},"frame":{"x":1176,"y":1081,"w":26,"h":25}},{"filename":"icons/play","rotated":false,"trimmed":false,"sourceSize":{"w":24,"h":24},"spriteSourceSize":{"x":0,"y":0,"w":24,"h":24},"frame":{"x":1176,"y":1109,"w":24,"h":24}},{"filename":"icons/home","rotated":false,"trimmed":false,"sourceSize":{"w":24,"h":22},"spriteSourceSize":{"x":0,"y":0,"w":24,"h":22},"frame":{"x":1176,"y":1136,"w":24,"h":22}},{"filename":"texts/vs","rotated":false,"trimmed":false,"sourceSize":{"w":24,"h":14},"spriteSourceSize":{"x":0,"y":0,"w":24,"h":14},"frame":{"x":1191,"y":776,"w":24,"h":14}},{"filename":"icons/i-play","rotated":false,"trimmed":false,"sourceSize":{"w":16,"h":20},"spriteSourceSize":{"x":0,"y":0,"w":16,"h":20},"frame":{"x":1196,"y":29,"w":16,"h":20}},{"filename":"icons/crown","rotated":false,"trimmed":false,"sourceSize":{"w":16,"h":14},"spriteSourceSize":{"x":0,"y":0,"w":16,"h":14},"frame":{"x":1192,"y":833,"w":16,"h":14}},{"filename":"texts/on","rotated":false,"trimmed":false,"sourceSize":{"w":21,"h":13},"spriteSourceSize":{"x":0,"y":0,"w":21,"h":13},"frame":{"x":1194,"y":590,"w":21,"h":13}},{"filename":"texts/off","rotated":false,"trimmed":false,"sourceSize":{"w":22,"h":13},"spriteSourceSize":{"x":0,"y":0,"w":22,"h":13},"frame":{"x":1193,"y":606,"w":22,"h":13}},{"filename":"icons/sword-blue","rotated":false,"trimmed":false,"sourceSize":{"w":18,"h":16},"spriteSourceSize":{"x":0,"y":0,"w":18,"h":16},"frame":{"x":1193,"y":622,"w":18,"h":16}},{"filename":"texts/friends","rotated":false,"trimmed":false,"sourceSize":{"w":40,"h":14},"spriteSourceSize":{"x":0,"y":0,"w":40,"h":14},"frame":{"x":957,"y":946,"w":40,"h":14}}]}],"meta":{"app":"https://www.codeandweb.com/texturepacker","version":"3.0","smartupdate":"$TexturePacker:SmartUpdate:20fd529c76e421214bea942f80f4e86c:09b5e500b44e1a2be78a3f2c24ba5227:3e7944c06d121c41a747bba57afe2e59$"}}