{"textures":[{"image":"default-resources-0.png","format":"RGBA8888","size":{"w":2038,"h":2038},"scale":1,"frames":[{"filename":"bg/bg-middle-2","rotated":false,"trimmed":false,"sourceSize":{"w":900,"h":849},"spriteSourceSize":{"x":0,"y":0,"w":900,"h":849},"frame":{"x":2,"y":2,"w":900,"h":849}},{"filename":"bg/bg-middle","rotated":false,"trimmed":false,"sourceSize":{"w":719,"h":849},"spriteSourceSize":{"x":0,"y":0,"w":719,"h":849},"frame":{"x":2,"y":854,"w":719,"h":849}},{"filename":"ui-ngang/bg-middle","rotated":false,"trimmed":false,"sourceSize":{"w":719,"h":568},"spriteSourceSize":{"x":0,"y":0,"w":719,"h":568},"frame":{"x":905,"y":2,"w":719,"h":568}},{"filename":"ui-ngang/bg-top","rotated":false,"trimmed":false,"sourceSize":{"w":719,"h":178},"spriteSourceSize":{"x":0,"y":0,"w":719,"h":178},"frame":{"x":2,"y":1706,"w":719,"h":178}},{"filename":"ui-ngang/bg-bottom","rotated":false,"trimmed":false,"sourceSize":{"w":719,"h":175},"spriteSourceSize":{"x":0,"y":0,"w":719,"h":175},"frame":{"x":905,"y":573,"w":719,"h":175}},{"filename":"bg/bg-bottom-2","rotated":false,"trimmed":false,"sourceSize":{"w":900,"h":112},"spriteSourceSize":{"x":0,"y":0,"w":900,"h":112},"frame":{"x":2,"y":1887,"w":900,"h":112}},{"filename":"leaderboards/bg-top","rotated":false,"trimmed":false,"sourceSize":{"w":949,"h":168},"spriteSourceSize":{"x":0,"y":0,"w":949,"h":168},"frame":{"x":905,"y":751,"w":949,"h":168}},{"filename":"leaderboards/bg-middle","rotated":false,"trimmed":false,"sourceSize":{"w":949,"h":47},"spriteSourceSize":{"x":0,"y":0,"w":949,"h":47},"frame":{"x":905,"y":922,"w":949,"h":47}},{"filename":"ui-ngang/khung-next-block","rotated":false,"trimmed":false,"sourceSize":{"w":200,"h":600},"spriteSourceSize":{"x":0,"y":0,"w":200,"h":600},"frame":{"x":1627,"y":2,"w":200,"h":600}},{"filename":"texts/play-single","rotated":false,"trimmed":false,"sourceSize":{"w":343,"h":34},"spriteSourceSize":{"x":0,"y":0,"w":343,"h":34},"frame":{"x":2,"y":2002,"w":343,"h":34}},{"filename":"bg/bg-bottom","rotated":false,"trimmed":false,"sourceSize":{"w":719,"h":111},"spriteSourceSize":{"x":0,"y":0,"w":719,"h":111},"frame":{"x":905,"y":972,"w":719,"h":111}},{"filename":"daily-challenge/bg","rotated":false,"trimmed":false,"sourceSize":{"w":520,"h":285},"spriteSourceSize":{"x":0,"y":0,"w":520,"h":285},"frame":{"x":724,"y":1086,"w":520,"h":285}},{"filename":"popup/middle","rotated":false,"trimmed":false,"sourceSize":{"w":431,"h":227},"spriteSourceSize":{"x":0,"y":0,"w":431,"h":227},"frame":{"x":724,"y":1374,"w":431,"h":227}},{"filename":"lives/heart","rotated":false,"trimmed":false,"sourceSize":{"w":339,"h":279},"spriteSourceSize":{"x":0,"y":0,"w":339,"h":279},"frame":{"x":1247,"y":1086,"w":339,"h":279}},{"filename":"popup/background","rotated":false,"trimmed":false,"sourceSize":{"w":395,"h":221},"spriteSourceSize":{"x":0,"y":0,"w":395,"h":221},"frame":{"x":724,"y":1604,"w":395,"h":221}},{"filename":"ui-ngang/khung-mission","rotated":false,"trimmed":false,"sourceSize":{"w":95,"h":464},"spriteSourceSize":{"x":0,"y":0,"w":95,"h":464},"frame":{"x":1830,"y":2,"w":95,"h":464}},{"filename":"daily-challenge/bottom-panel","rotated":false,"trimmed":false,"sourceSize":{"w":521,"h":30},"spriteSourceSize":{"x":0,"y":0,"w":521,"h":30},"frame":{"x":348,"y":2002,"w":521,"h":30}},{"filename":"avatar/border-big","rotated":false,"trimmed":false,"sourceSize":{"w":175,"h":175},"spriteSourceSize":{"x":0,"y":0,"w":175,"h":175},"frame":{"x":724,"y":854,"w":175,"h":175}},{"filename":"buttons/green","rotated":false,"trimmed":false,"sourceSize":{"w":343,"h":102},"spriteSourceSize":{"x":0,"y":0,"w":343,"h":102},"frame":{"x":1247,"y":1368,"w":343,"h":102}},{"filename":"best-score-frame-long","rotated":false,"trimmed":false,"sourceSize":{"w":386,"h":154},"spriteSourceSize":{"x":0,"y":0,"w":386,"h":154},"frame":{"x":1158,"y":1473,"w":386,"h":154}},{"filename":"buttons/dark-blue","rotated":false,"trimmed":false,"sourceSize":{"w":365,"h":107},"spriteSourceSize":{"x":0,"y":0,"w":365,"h":107},"frame":{"x":1122,"y":1630,"w":365,"h":107}},{"filename":"lives/time-block-2","rotated":false,"trimmed":false,"sourceSize":{"w":363,"h":108},"spriteSourceSize":{"x":0,"y":0,"w":363,"h":108},"frame":{"x":1122,"y":1740,"w":363,"h":108}},{"filename":"bg/bg-dark","rotated":false,"trimmed":false,"sourceSize":{"w":243,"h":303},"spriteSourceSize":{"x":0,"y":0,"w":243,"h":303},"frame":{"x":1627,"y":972,"w":243,"h":303}},{"filename":"bottom-panel","rotated":false,"trimmed":false,"sourceSize":{"w":281,"h":171},"spriteSourceSize":{"x":0,"y":0,"w":281,"h":171},"frame":{"x":1593,"y":1278,"w":281,"h":171}},{"filename":"buttons/dark-blue-big","rotated":false,"trimmed":false,"sourceSize":{"w":240,"h":109},"spriteSourceSize":{"x":0,"y":0,"w":240,"h":109},"frame":{"x":1627,"y":605,"w":240,"h":109}},{"filename":"popup/score-panel","rotated":false,"trimmed":false,"sourceSize":{"w":299,"h":92},"spriteSourceSize":{"x":0,"y":0,"w":299,"h":92},"frame":{"x":1593,"y":1452,"w":299,"h":92}},{"filename":"texts/play","rotated":false,"trimmed":false,"sourceSize":{"w":119,"h":31},"spriteSourceSize":{"x":0,"y":0,"w":119,"h":31},"frame":{"x":1627,"y":717,"w":119,"h":31}},{"filename":"buttons/dark-blue-small","rotated":false,"trimmed":false,"sourceSize":{"w":237,"h":108},"spriteSourceSize":{"x":0,"y":0,"w":237,"h":108},"frame":{"x":1547,"y":1547,"w":237,"h":108}},{"filename":"buttons/challenge_light","rotated":false,"trimmed":false,"sourceSize":{"w":108,"h":79},"spriteSourceSize":{"x":0,"y":0,"w":108,"h":79},"frame":{"x":1928,"y":2,"w":108,"h":79}},{"filename":"buttons/share","rotated":false,"trimmed":false,"sourceSize":{"w":108,"h":79},"spriteSourceSize":{"x":0,"y":0,"w":108,"h":79},"frame":{"x":1928,"y":84,"w":108,"h":79}},{"filename":"buttons/green-big","rotated":false,"trimmed":false,"sourceSize":{"w":236,"h":108},"spriteSourceSize":{"x":0,"y":0,"w":236,"h":108},"frame":{"x":1490,"y":1658,"w":236,"h":108}},{"filename":"bg-progress-circle","rotated":false,"trimmed":false,"sourceSize":{"w":232,"h":231},"spriteSourceSize":{"x":0,"y":0,"w":232,"h":231},"frame":{"x":1488,"y":1769,"w":232,"h":231}},{"filename":"texts/start","rotated":false,"trimmed":false,"sourceSize":{"w":111,"h":31},"spriteSourceSize":{"x":0,"y":0,"w":111,"h":31},"frame":{"x":1749,"y":717,"w":111,"h":31}},{"filename":"score-panel-dark","rotated":false,"trimmed":false,"sourceSize":{"w":187,"h":51},"spriteSourceSize":{"x":0,"y":0,"w":187,"h":51},"frame":{"x":724,"y":1828,"w":187,"h":51}},{"filename":"buttons/toggle-off","rotated":false,"trimmed":false,"sourceSize":{"w":177,"h":61},"spriteSourceSize":{"x":0,"y":0,"w":177,"h":61},"frame":{"x":914,"y":1828,"w":177,"h":61}},{"filename":"ui-ngang/khung-score","rotated":false,"trimmed":false,"sourceSize":{"w":173,"h":99},"spriteSourceSize":{"x":0,"y":0,"w":173,"h":99},"frame":{"x":905,"y":1892,"w":173,"h":99}},{"filename":"bg-combo","rotated":false,"trimmed":true,"sourceSize":{"w":212,"h":87},"spriteSourceSize":{"x":0,"y":9,"w":212,"h":78},"frame":{"x":1094,"y":1851,"w":212,"h":78}},{"filename":"bg-streak","rotated":false,"trimmed":true,"sourceSize":{"w":212,"h":87},"spriteSourceSize":{"x":0,"y":9,"w":212,"h":78},"frame":{"x":1081,"y":1932,"w":212,"h":78}},{"filename":"icon-journey","rotated":false,"trimmed":false,"sourceSize":{"w":150,"h":122},"spriteSourceSize":{"x":0,"y":0,"w":150,"h":122},"frame":{"x":1309,"y":1851,"w":150,"h":122}},{"filename":"daily-challenge/time-panel","rotated":false,"trimmed":false,"sourceSize":{"w":170,"h":48},"spriteSourceSize":{"x":0,"y":0,"w":170,"h":48},"frame":{"x":724,"y":1032,"w":170,"h":48}},{"filename":"ui-ngang/khung-best-score","rotated":false,"trimmed":false,"sourceSize":{"w":111,"h":169},"spriteSourceSize":{"x":0,"y":0,"w":111,"h":169},"frame":{"x":1787,"y":1547,"w":111,"h":169}},{"filename":"avatar/border-challenge","rotated":false,"trimmed":false,"sourceSize":{"w":119,"h":118},"spriteSourceSize":{"x":0,"y":0,"w":119,"h":118},"frame":{"x":1830,"y":469,"w":119,"h":118}},{"filename":"avatar/background","rotated":false,"trimmed":false,"sourceSize":{"w":105,"h":107},"spriteSourceSize":{"x":0,"y":0,"w":105,"h":107},"frame":{"x":1928,"y":166,"w":105,"h":107}},{"filename":"blank","rotated":false,"trimmed":false,"sourceSize":{"w":100,"h":100},"spriteSourceSize":{"x":0,"y":0,"w":100,"h":100},"frame":{"x":1928,"y":276,"w":100,"h":100}},{"filename":"best-score-frame","rotated":false,"trimmed":false,"sourceSize":{"w":111,"h":152},"spriteSourceSize":{"x":0,"y":0,"w":111,"h":152},"frame":{"x":1870,"y":590,"w":111,"h":152}},{"filename":"bg/level-locked","rotated":false,"trimmed":false,"sourceSize":{"w":101,"h":83},"spriteSourceSize":{"x":0,"y":0,"w":101,"h":83},"frame":{"x":1928,"y":379,"w":101,"h":83}},{"filename":"ui-ngang/text-score","rotated":false,"trimmed":false,"sourceSize":{"w":148,"h":36},"spriteSourceSize":{"x":0,"y":0,"w":148,"h":36},"frame":{"x":1296,"y":1976,"w":148,"h":36}},{"filename":"buttons/circle-button","rotated":false,"trimmed":false,"sourceSize":{"w":55,"h":55},"spriteSourceSize":{"x":0,"y":0,"w":55,"h":55},"frame":{"x":1729,"y":1658,"w":55,"h":55}},{"filename":"texts/collect","rotated":false,"trimmed":false,"sourceSize":{"w":192,"h":29},"spriteSourceSize":{"x":0,"y":0,"w":192,"h":29},"frame":{"x":1447,"y":2003,"w":192,"h":29}},{"filename":"texts/text-next-level","rotated":false,"trimmed":false,"sourceSize":{"w":209,"h":72},"spriteSourceSize":{"x":0,"y":0,"w":209,"h":72},"frame":{"x":1729,"y":1719,"w":209,"h":72}},{"filename":"preloader/dual-ring","rotated":false,"trimmed":true,"sourceSize":{"w":200,"h":200},"spriteSourceSize":{"x":27,"y":26,"w":146,"h":148},"frame":{"x":1723,"y":1794,"w":146,"h":148}},{"filename":"avatar/border","rotated":false,"trimmed":true,"sourceSize":{"w":138,"h":144},"spriteSourceSize":{"x":0,"y":4,"w":138,"h":140},"frame":{"x":1872,"y":1794,"w":138,"h":140}},{"filename":"buttons/skip","rotated":false,"trimmed":false,"sourceSize":{"w":120,"h":71},"spriteSourceSize":{"x":0,"y":0,"w":120,"h":71},"frame":{"x":1723,"y":1945,"w":120,"h":71}},{"filename":"icons/crown-big","rotated":false,"trimmed":false,"sourceSize":{"w":74,"h":70},"spriteSourceSize":{"x":0,"y":0,"w":74,"h":70},"frame":{"x":1158,"y":1374,"w":74,"h":70}},{"filename":"buttons/close","rotated":false,"trimmed":false,"sourceSize":{"w":71,"h":71},"spriteSourceSize":{"x":0,"y":0,"w":71,"h":71},"frame":{"x":1952,"y":465,"w":71,"h":71}},{"filename":"texts/world-disable","rotated":false,"trimmed":false,"sourceSize":{"w":119,"h":27},"spriteSourceSize":{"x":0,"y":0,"w":119,"h":27},"frame":{"x":905,"y":1994,"w":119,"h":27}},{"filename":"texts/world","rotated":false,"trimmed":false,"sourceSize":{"w":119,"h":27},"spriteSourceSize":{"x":0,"y":0,"w":119,"h":27},"frame":{"x":1872,"y":1937,"w":119,"h":27}},{"filename":"leaderboards/tab-off","rotated":false,"trimmed":false,"sourceSize":{"w":113,"h":36},"spriteSourceSize":{"x":0,"y":0,"w":113,"h":36},"frame":{"x":1846,"y":1967,"w":113,"h":36}},{"filename":"texts/play-with-blue","rotated":false,"trimmed":false,"sourceSize":{"w":115,"h":18},"spriteSourceSize":{"x":0,"y":0,"w":115,"h":18},"frame":{"x":1846,"y":2006,"w":115,"h":18}},{"filename":"icons/brown-journey","rotated":false,"trimmed":false,"sourceSize":{"w":45,"h":42},"spriteSourceSize":{"x":0,"y":0,"w":45,"h":42},"frame":{"x":1027,"y":1994,"w":45,"h":42}},{"filename":"texts/off","rotated":false,"trimmed":false,"sourceSize":{"w":107,"h":18},"spriteSourceSize":{"x":0,"y":0,"w":107,"h":18},"frame":{"x":1075,"y":2013,"w":107,"h":18}},{"filename":"icons/cup-bronze","rotated":false,"trimmed":false,"sourceSize":{"w":43,"h":36},"spriteSourceSize":{"x":0,"y":0,"w":43,"h":36},"frame":{"x":1547,"y":1473,"w":43,"h":36}},{"filename":"buttons/minor","rotated":false,"trimmed":false,"sourceSize":{"w":124,"h":106},"spriteSourceSize":{"x":0,"y":0,"w":124,"h":106},"frame":{"x":1863,"y":745,"w":124,"h":106}},{"filename":"bg/level-playing","rotated":false,"trimmed":false,"sourceSize":{"w":113,"h":94},"spriteSourceSize":{"x":0,"y":0,"w":113,"h":94},"frame":{"x":1857,"y":854,"w":113,"h":94}},{"filename":"buttons/play","rotated":false,"trimmed":false,"sourceSize":{"w":112,"h":85},"spriteSourceSize":{"x":0,"y":0,"w":112,"h":85},"frame":{"x":1873,"y":951,"w":112,"h":85}},{"filename":"buttons/random","rotated":false,"trimmed":false,"sourceSize":{"w":112,"h":85},"spriteSourceSize":{"x":0,"y":0,"w":112,"h":85},"frame":{"x":1873,"y":1039,"w":112,"h":85}},{"filename":"bg/level-played","rotated":false,"trimmed":false,"sourceSize":{"w":100,"h":82},"spriteSourceSize":{"x":0,"y":0,"w":100,"h":82},"frame":{"x":1873,"y":1127,"w":100,"h":82}},{"filename":"text-target-panel","rotated":false,"trimmed":false,"sourceSize":{"w":98,"h":46},"spriteSourceSize":{"x":0,"y":0,"w":98,"h":46},"frame":{"x":1873,"y":1212,"w":98,"h":46}},{"filename":"icons/dot","rotated":false,"trimmed":false,"sourceSize":{"w":68,"h":70},"spriteSourceSize":{"x":0,"y":0,"w":68,"h":70},"frame":{"x":1877,"y":1261,"w":68,"h":70}},{"filename":"icons/vibrate","rotated":false,"trimmed":false,"sourceSize":{"w":62,"h":73},"spriteSourceSize":{"x":0,"y":0,"w":62,"h":73},"frame":{"x":1877,"y":1334,"w":62,"h":73}},{"filename":"icons/sound","rotated":false,"trimmed":false,"sourceSize":{"w":62,"h":54},"spriteSourceSize":{"x":0,"y":0,"w":62,"h":54},"frame":{"x":1974,"y":1212,"w":62,"h":54}},{"filename":"icons/icon-journey","rotated":false,"trimmed":false,"sourceSize":{"w":73,"h":62},"spriteSourceSize":{"x":0,"y":0,"w":73,"h":62},"frame":{"x":1948,"y":1269,"w":73,"h":62}},{"filename":"icons/icon-daily","rotated":false,"trimmed":false,"sourceSize":{"w":67,"h":67},"spriteSourceSize":{"x":0,"y":0,"w":67,"h":67},"frame":{"x":1942,"y":1334,"w":67,"h":67}},{"filename":"icons/sword-blue","rotated":false,"trimmed":false,"sourceSize":{"w":35,"h":31},"spriteSourceSize":{"x":0,"y":0,"w":35,"h":31},"frame":{"x":1589,"y":1086,"w":35,"h":31}},{"filename":"leaderboards/tab-on","rotated":false,"trimmed":false,"sourceSize":{"w":113,"h":36},"spriteSourceSize":{"x":0,"y":0,"w":113,"h":36},"frame":{"x":1877,"y":1410,"w":113,"h":36}},{"filename":"icons/music","rotated":false,"trimmed":false,"sourceSize":{"w":56,"h":61},"spriteSourceSize":{"x":0,"y":0,"w":56,"h":61},"frame":{"x":1895,"y":1449,"w":56,"h":61}},{"filename":"texts/no","rotated":false,"trimmed":false,"sourceSize":{"w":61,"h":35},"spriteSourceSize":{"x":0,"y":0,"w":61,"h":35},"frame":{"x":1952,"y":539,"w":61,"h":35}},{"filename":"icons/plus","rotated":false,"trimmed":false,"sourceSize":{"w":42,"h":44},"spriteSourceSize":{"x":0,"y":0,"w":42,"h":44},"frame":{"x":1994,"y":1937,"w":42,"h":44}},{"filename":"buttons/dot-blue","rotated":false,"trimmed":false,"sourceSize":{"w":56,"h":54},"spriteSourceSize":{"x":0,"y":0,"w":56,"h":54},"frame":{"x":1954,"y":1449,"w":56,"h":54}},{"filename":"icons/cup-gold","rotated":false,"trimmed":false,"sourceSize":{"w":43,"h":36},"spriteSourceSize":{"x":0,"y":0,"w":43,"h":36},"frame":{"x":1993,"y":1404,"w":43,"h":36}},{"filename":"texts/on","rotated":false,"trimmed":false,"sourceSize":{"w":64,"h":20},"spriteSourceSize":{"x":0,"y":0,"w":64,"h":20},"frame":{"x":1642,"y":2003,"w":64,"h":20}},{"filename":"texts/friends-disable","rotated":false,"trimmed":false,"sourceSize":{"w":89,"h":27},"spriteSourceSize":{"x":0,"y":0,"w":89,"h":27},"frame":{"x":1895,"y":1513,"w":89,"h":27}},{"filename":"buttons/dot-green","rotated":false,"trimmed":false,"sourceSize":{"w":56,"h":54},"spriteSourceSize":{"x":0,"y":0,"w":56,"h":54},"frame":{"x":1901,"y":1543,"w":56,"h":54}},{"filename":"icons/retry","rotated":false,"trimmed":false,"sourceSize":{"w":50,"h":53},"spriteSourceSize":{"x":0,"y":0,"w":50,"h":53},"frame":{"x":1901,"y":1600,"w":50,"h":53}},{"filename":"icons/rank","rotated":false,"trimmed":false,"sourceSize":{"w":51,"h":49},"spriteSourceSize":{"x":0,"y":0,"w":51,"h":49},"frame":{"x":1901,"y":1656,"w":51,"h":49}},{"filename":"icons/share-blue","rotated":false,"trimmed":false,"sourceSize":{"w":32,"h":43},"spriteSourceSize":{"x":0,"y":0,"w":32,"h":43},"frame":{"x":1589,"y":1120,"w":32,"h":43}},{"filename":"icons/play-green","rotated":false,"trimmed":false,"sourceSize":{"w":47,"h":47},"spriteSourceSize":{"x":0,"y":0,"w":47,"h":47},"frame":{"x":1960,"y":1543,"w":47,"h":47}},{"filename":"icons/i-play","rotated":false,"trimmed":false,"sourceSize":{"w":31,"h":39},"spriteSourceSize":{"x":0,"y":0,"w":31,"h":39},"frame":{"x":1589,"y":1166,"w":31,"h":39}},{"filename":"icons/clock","rotated":false,"trimmed":false,"sourceSize":{"w":34,"h":35},"spriteSourceSize":{"x":0,"y":0,"w":34,"h":35},"frame":{"x":1589,"y":1208,"w":34,"h":35}},{"filename":"icons/replay","rotated":false,"trimmed":false,"sourceSize":{"w":40,"h":47},"spriteSourceSize":{"x":0,"y":0,"w":40,"h":47},"frame":{"x":1984,"y":577,"w":40,"h":47}},{"filename":"icons/play","rotated":false,"trimmed":false,"sourceSize":{"w":47,"h":47},"spriteSourceSize":{"x":0,"y":0,"w":47,"h":47},"frame":{"x":1984,"y":627,"w":47,"h":47}},{"filename":"icons/home","rotated":false,"trimmed":false,"sourceSize":{"w":47,"h":43},"spriteSourceSize":{"x":0,"y":0,"w":47,"h":43},"frame":{"x":1984,"y":677,"w":47,"h":43}},{"filename":"icons/sword","rotated":false,"trimmed":false,"sourceSize":{"w":46,"h":38},"spriteSourceSize":{"x":0,"y":0,"w":46,"h":38},"frame":{"x":1990,"y":723,"w":46,"h":38}},{"filename":"icons/battle","rotated":false,"trimmed":false,"sourceSize":{"w":44,"h":41},"spriteSourceSize":{"x":0,"y":0,"w":44,"h":41},"frame":{"x":1990,"y":764,"w":44,"h":41}},{"filename":"texts/yes","rotated":false,"trimmed":false,"sourceSize":{"w":40,"h":44},"spriteSourceSize":{"x":0,"y":0,"w":40,"h":44},"frame":{"x":1990,"y":808,"w":40,"h":44}},{"filename":"icons/flat-ad","rotated":false,"trimmed":false,"sourceSize":{"w":47,"h":41},"spriteSourceSize":{"x":0,"y":0,"w":47,"h":41},"frame":{"x":1973,"y":855,"w":47,"h":41}},{"filename":"icons/back","rotated":false,"trimmed":false,"sourceSize":{"w":50,"h":38},"spriteSourceSize":{"x":0,"y":0,"w":50,"h":38},"frame":{"x":1973,"y":899,"w":50,"h":38}},{"filename":"icons/share","rotated":false,"trimmed":false,"sourceSize":{"w":36,"h":47},"spriteSourceSize":{"x":0,"y":0,"w":36,"h":47},"frame":{"x":1988,"y":940,"w":36,"h":47}},{"filename":"icons/setting","rotated":false,"trimmed":false,"sourceSize":{"w":42,"h":41},"spriteSourceSize":{"x":0,"y":0,"w":42,"h":41},"frame":{"x":1988,"y":990,"w":42,"h":41}},{"filename":"icons/white-journey","rotated":false,"trimmed":false,"sourceSize":{"w":42,"h":40},"spriteSourceSize":{"x":0,"y":0,"w":42,"h":40},"frame":{"x":1988,"y":1034,"w":42,"h":40}},{"filename":"icons/cup-silver","rotated":false,"trimmed":false,"sourceSize":{"w":43,"h":36},"spriteSourceSize":{"x":0,"y":0,"w":43,"h":36},"frame":{"x":1988,"y":1077,"w":43,"h":36}},{"filename":"icons/crown","rotated":false,"trimmed":false,"sourceSize":{"w":31,"h":27},"spriteSourceSize":{"x":0,"y":0,"w":31,"h":27},"frame":{"x":1547,"y":1512,"w":31,"h":27}},{"filename":"icons/check","rotated":false,"trimmed":false,"sourceSize":{"w":44,"h":35},"spriteSourceSize":{"x":0,"y":0,"w":44,"h":35},"frame":{"x":1988,"y":1116,"w":44,"h":35}},{"filename":"texts/vs","rotated":false,"trimmed":false,"sourceSize":{"w":47,"h":28},"spriteSourceSize":{"x":0,"y":0,"w":47,"h":28},"frame":{"x":1976,"y":1154,"w":47,"h":28}},{"filename":"texts/friends","rotated":false,"trimmed":false,"sourceSize":{"w":89,"h":27},"spriteSourceSize":{"x":0,"y":0,"w":89,"h":27},"frame":{"x":1941,"y":1708,"w":89,"h":27}}]},{"image":"default-resources-1.png","format":"RGBA8888","size":{"w":1238,"h":1238},"scale":1,"frames":[{"filename":"leaderboards/bg-bottom","rotated":false,"trimmed":false,"sourceSize":{"w":949,"h":67},"spriteSourceSize":{"x":0,"y":0,"w":949,"h":67},"frame":{"x":2,"y":2,"w":949,"h":67}},{"filename":"daily-challenge/title-panel","rotated":false,"trimmed":false,"sourceSize":{"w":282,"h":69},"spriteSourceSize":{"x":0,"y":0,"w":282,"h":69},"frame":{"x":954,"y":2,"w":282,"h":69}},{"filename":"bg/bg-top-2","rotated":false,"trimmed":false,"sourceSize":{"w":900,"h":112},"spriteSourceSize":{"x":0,"y":0,"w":900,"h":112},"frame":{"x":2,"y":72,"w":900,"h":112}},{"filename":"leaderboards/bg-item","rotated":false,"trimmed":false,"sourceSize":{"w":317,"h":61},"spriteSourceSize":{"x":0,"y":0,"w":317,"h":61},"frame":{"x":905,"y":74,"w":317,"h":61}},{"filename":"texts/start-over","rotated":false,"trimmed":false,"sourceSize":{"w":306,"h":25},"spriteSourceSize":{"x":0,"y":0,"w":306,"h":25},"frame":{"x":905,"y":138,"w":306,"h":25}},{"filename":"wood-panel","rotated":false,"trimmed":false,"sourceSize":{"w":301,"h":56},"spriteSourceSize":{"x":0,"y":0,"w":301,"h":56},"frame":{"x":905,"y":166,"w":301,"h":56}},{"filename":"footer","rotated":false,"trimmed":false,"sourceSize":{"w":750,"h":153},"spriteSourceSize":{"x":0,"y":0,"w":750,"h":153},"frame":{"x":2,"y":187,"w":750,"h":153}},{"filename":"texts/daily-challenge","rotated":false,"trimmed":false,"sourceSize":{"w":471,"h":42},"spriteSourceSize":{"x":0,"y":0,"w":471,"h":42},"frame":{"x":755,"y":225,"w":471,"h":42}},{"filename":"texts/congratulations","rotated":false,"trimmed":false,"sourceSize":{"w":471,"h":41},"spriteSourceSize":{"x":0,"y":0,"w":471,"h":41},"frame":{"x":755,"y":270,"w":471,"h":41}},{"filename":"texts/your-score","rotated":false,"trimmed":false,"sourceSize":{"w":471,"h":41},"spriteSourceSize":{"x":0,"y":0,"w":471,"h":41},"frame":{"x":755,"y":314,"w":471,"h":41}},{"filename":"border-bottom-panel","rotated":false,"trimmed":false,"sourceSize":{"w":750,"h":36},"spriteSourceSize":{"x":0,"y":0,"w":750,"h":36},"frame":{"x":2,"y":343,"w":750,"h":36}},{"filename":"popup/top-dark","rotated":false,"trimmed":false,"sourceSize":{"w":431,"h":89},"spriteSourceSize":{"x":0,"y":0,"w":431,"h":89},"frame":{"x":755,"y":358,"w":431,"h":89}},{"filename":"bg/bg-top","rotated":false,"trimmed":false,"sourceSize":{"w":719,"h":111},"spriteSourceSize":{"x":0,"y":0,"w":719,"h":111},"frame":{"x":2,"y":382,"w":719,"h":111}},{"filename":"daily-challenge/bg-item-dark","rotated":false,"trimmed":false,"sourceSize":{"w":508,"h":81},"spriteSourceSize":{"x":0,"y":0,"w":508,"h":81},"frame":{"x":724,"y":450,"w":508,"h":81}},{"filename":"leaf","rotated":false,"trimmed":false,"sourceSize":{"w":563,"h":132},"spriteSourceSize":{"x":0,"y":0,"w":563,"h":132},"frame":{"x":2,"y":496,"w":563,"h":132}},{"filename":"texts/text-retry","rotated":false,"trimmed":false,"sourceSize":{"w":152,"h":31},"spriteSourceSize":{"x":0,"y":0,"w":152,"h":31},"frame":{"x":568,"y":496,"w":152,"h":31}},{"filename":"ui-ngang/text-mission","rotated":false,"trimmed":false,"sourceSize":{"w":131,"h":36},"spriteSourceSize":{"x":0,"y":0,"w":131,"h":36},"frame":{"x":568,"y":530,"w":131,"h":36}},{"filename":"score-panel","rotated":false,"trimmed":false,"sourceSize":{"w":526,"h":152},"spriteSourceSize":{"x":0,"y":0,"w":526,"h":152},"frame":{"x":702,"y":534,"w":526,"h":152}},{"filename":"daily-challenge/top-panel","rotated":false,"trimmed":false,"sourceSize":{"w":521,"h":30},"spriteSourceSize":{"x":0,"y":0,"w":521,"h":30},"frame":{"x":2,"y":631,"w":521,"h":30}},{"filename":"texts/text-share","rotated":false,"trimmed":false,"sourceSize":{"w":164,"h":27},"spriteSourceSize":{"x":0,"y":0,"w":164,"h":27},"frame":{"x":526,"y":631,"w":164,"h":27}},{"filename":"texts/replay","rotated":false,"trimmed":false,"sourceSize":{"w":158,"h":31},"spriteSourceSize":{"x":0,"y":0,"w":158,"h":31},"frame":{"x":526,"y":661,"w":158,"h":31}},{"filename":"daily-challenge/middle-panel","rotated":false,"trimmed":false,"sourceSize":{"w":521,"h":26},"spriteSourceSize":{"x":0,"y":0,"w":521,"h":26},"frame":{"x":2,"y":664,"w":521,"h":26}},{"filename":"border-daily","rotated":false,"trimmed":false,"sourceSize":{"w":518,"h":51},"spriteSourceSize":{"x":0,"y":0,"w":518,"h":51},"frame":{"x":2,"y":693,"w":518,"h":51}},{"filename":"texts/next-milestone","rotated":false,"trimmed":false,"sourceSize":{"w":515,"h":35},"spriteSourceSize":{"x":0,"y":0,"w":515,"h":35},"frame":{"x":687,"y":689,"w":515,"h":35}},{"filename":"daily-challenge/bg-item-light","rotated":false,"trimmed":false,"sourceSize":{"w":508,"h":81},"spriteSourceSize":{"x":0,"y":0,"w":508,"h":81},"frame":{"x":523,"y":727,"w":508,"h":81}},{"filename":"texts/continue","rotated":false,"trimmed":false,"sourceSize":{"w":193,"h":31},"spriteSourceSize":{"x":0,"y":0,"w":193,"h":31},"frame":{"x":1034,"y":727,"w":193,"h":31}},{"filename":"texts/waiting-for-opponent","rotated":false,"trimmed":false,"sourceSize":{"w":505,"h":29},"spriteSourceSize":{"x":0,"y":0,"w":505,"h":29},"frame":{"x":2,"y":747,"w":505,"h":29}},{"filename":"texts/text-journey","rotated":false,"trimmed":false,"sourceSize":{"w":185,"h":35},"spriteSourceSize":{"x":0,"y":0,"w":185,"h":35},"frame":{"x":1034,"y":761,"w":185,"h":35}},{"filename":"buttons/toggle-on","rotated":false,"trimmed":false,"sourceSize":{"w":177,"h":61},"spriteSourceSize":{"x":0,"y":0,"w":177,"h":61},"frame":{"x":1034,"y":799,"w":177,"h":61}},{"filename":"texts/first-milestone","rotated":false,"trimmed":false,"sourceSize":{"w":487,"h":41},"spriteSourceSize":{"x":0,"y":0,"w":487,"h":41},"frame":{"x":2,"y":779,"w":487,"h":41}},{"filename":"texts/keep-playing","rotated":false,"trimmed":false,"sourceSize":{"w":487,"h":36},"spriteSourceSize":{"x":0,"y":0,"w":487,"h":36},"frame":{"x":492,"y":811,"w":487,"h":36}},{"filename":"buttons/green-large","rotated":false,"trimmed":false,"sourceSize":{"w":484,"h":142},"spriteSourceSize":{"x":0,"y":0,"w":484,"h":142},"frame":{"x":2,"y":823,"w":484,"h":142}},{"filename":"buttons/brown","rotated":false,"trimmed":false,"sourceSize":{"w":483,"h":108},"spriteSourceSize":{"x":0,"y":0,"w":483,"h":108},"frame":{"x":489,"y":850,"w":483,"h":108}},{"filename":"texts/draw","rotated":false,"trimmed":false,"sourceSize":{"w":249,"h":45},"spriteSourceSize":{"x":0,"y":0,"w":249,"h":45},"frame":{"x":975,"y":863,"w":249,"h":45}},{"filename":"texts/text-tutorial","rotated":false,"trimmed":false,"sourceSize":{"w":248,"h":41},"spriteSourceSize":{"x":0,"y":0,"w":248,"h":41},"frame":{"x":975,"y":911,"w":248,"h":41}},{"filename":"texts/refill-lives","rotated":false,"trimmed":false,"sourceSize":{"w":245,"h":30},"spriteSourceSize":{"x":0,"y":0,"w":245,"h":30},"frame":{"x":975,"y":955,"w":245,"h":30}},{"filename":"texts/second-chance","rotated":false,"trimmed":false,"sourceSize":{"w":482,"h":41},"spriteSourceSize":{"x":0,"y":0,"w":482,"h":41},"frame":{"x":489,"y":961,"w":482,"h":41}},{"filename":"texts/mission","rotated":false,"trimmed":false,"sourceSize":{"w":238,"h":41},"spriteSourceSize":{"x":0,"y":0,"w":238,"h":41},"frame":{"x":974,"y":988,"w":238,"h":41}},{"filename":"popup/top","rotated":false,"trimmed":false,"sourceSize":{"w":431,"h":89},"spriteSourceSize":{"x":0,"y":0,"w":431,"h":89},"frame":{"x":2,"y":968,"w":431,"h":89}},{"filename":"lives/time-block","rotated":false,"trimmed":false,"sourceSize":{"w":346,"h":87},"spriteSourceSize":{"x":0,"y":0,"w":346,"h":87},"frame":{"x":2,"y":1060,"w":346,"h":87}},{"filename":"leaderboards/bg-item-0","rotated":false,"trimmed":false,"sourceSize":{"w":232,"h":46},"spriteSourceSize":{"x":0,"y":0,"w":232,"h":46},"frame":{"x":2,"y":1150,"w":232,"h":46}},{"filename":"ui-ngang/text-next-block","rotated":false,"trimmed":false,"sourceSize":{"w":277,"h":36},"spriteSourceSize":{"x":0,"y":0,"w":277,"h":36},"frame":{"x":2,"y":1199,"w":277,"h":36}},{"filename":"leaderboards/bg-item-1","rotated":false,"trimmed":false,"sourceSize":{"w":232,"h":46},"spriteSourceSize":{"x":0,"y":0,"w":232,"h":46},"frame":{"x":237,"y":1150,"w":232,"h":46}},{"filename":"texts/invite-friends","rotated":false,"trimmed":false,"sourceSize":{"w":339,"h":34},"spriteSourceSize":{"x":0,"y":0,"w":339,"h":34},"frame":{"x":282,"y":1199,"w":339,"h":34}},{"filename":"texts/target-score","rotated":false,"trimmed":false,"sourceSize":{"w":335,"h":34},"spriteSourceSize":{"x":0,"y":0,"w":335,"h":34},"frame":{"x":624,"y":1005,"w":335,"h":34}},{"filename":"texts/result","rotated":false,"trimmed":false,"sourceSize":{"w":267,"h":41},"spriteSourceSize":{"x":0,"y":0,"w":267,"h":41},"frame":{"x":962,"y":1032,"w":267,"h":41}},{"filename":"texts/no-thank","rotated":false,"trimmed":false,"sourceSize":{"w":177,"h":27},"spriteSourceSize":{"x":0,"y":0,"w":177,"h":27},"frame":{"x":436,"y":1005,"w":177,"h":27}},{"filename":"texts/lose","rotated":false,"trimmed":false,"sourceSize":{"w":300,"h":45},"spriteSourceSize":{"x":0,"y":0,"w":300,"h":45},"frame":{"x":351,"y":1076,"w":300,"h":45}},{"filename":"texts/text-ranking","rotated":false,"trimmed":false,"sourceSize":{"w":222,"h":23},"spriteSourceSize":{"x":0,"y":0,"w":222,"h":23},"frame":{"x":351,"y":1124,"w":222,"h":23}},{"filename":"texts/level-failed","rotated":false,"trimmed":false,"sourceSize":{"w":349,"h":30},"spriteSourceSize":{"x":0,"y":0,"w":349,"h":30},"frame":{"x":436,"y":1042,"w":349,"h":30}},{"filename":"texts/win","rotated":false,"trimmed":false,"sourceSize":{"w":276,"h":45},"spriteSourceSize":{"x":0,"y":0,"w":276,"h":45},"frame":{"x":472,"y":1150,"w":276,"h":45}},{"filename":"texts/play-with","rotated":false,"trimmed":false,"sourceSize":{"w":233,"h":34},"spriteSourceSize":{"x":0,"y":0,"w":233,"h":34},"frame":{"x":624,"y":1198,"w":233,"h":34}},{"filename":"texts/out-of-live","rotated":false,"trimmed":false,"sourceSize":{"w":370,"h":41},"spriteSourceSize":{"x":0,"y":0,"w":370,"h":41},"frame":{"x":860,"y":1076,"w":370,"h":41}},{"filename":"popup/bottom","rotated":false,"trimmed":false,"sourceSize":{"w":431,"h":27},"spriteSourceSize":{"x":0,"y":0,"w":431,"h":27},"frame":{"x":654,"y":1120,"w":431,"h":27}},{"filename":"texts/setting","rotated":false,"trimmed":false,"sourceSize":{"w":348,"h":41},"spriteSourceSize":{"x":0,"y":0,"w":348,"h":41},"frame":{"x":751,"y":1150,"w":348,"h":41}},{"filename":"texts/leader-board","rotated":false,"trimmed":false,"sourceSize":{"w":295,"h":41},"spriteSourceSize":{"x":0,"y":0,"w":295,"h":41},"frame":{"x":860,"y":1194,"w":295,"h":41}}]}],"meta":{"app":"https://www.codeandweb.com/texturepacker","version":"3.0","smartupdate":"$TexturePacker:SmartUpdate:9f685e2c1cdc76318cf6a3d6bf4d3566:800e4faea84d4e38334e71da6d2ed6d7:3e7944c06d121c41a747bba57afe2e59$"}}