{"compressionlevel":1,"height":30,"infinite":false,"layers":[{"draworder":"topdown","id":34,"name":"watcher","objects":[{"gid":137,"height":164,"id":180,"name":"boy","rotation":0,"type":"watcher","visible":true,"width":260,"x":400,"y":262}],"opacity":1,"type":"objectgroup","visible":false,"x":0,"y":0},{"id":26,"layers":[{"draworder":"topdown","id":18,"name":"decor-obj-behind","objects":[{"gid":109,"height":48,"id":2750,"name":"rolling-pin","rotation":0,"type":"rolling-pin","visible":true,"width":120,"x":3056,"y":368},{"gid":107,"height":50,"id":2758,"name":"glove","rotation":0,"type":"glove","visible":true,"width":82,"x":3501,"y":369},{"gid":95,"height":46,"id":3983,"name":"book-1","rotation":0,"type":"book-1","visible":true,"width":116,"x":6354,"y":366},{"gid":112,"height":41,"id":3989,"name":"wood-spoon","rotation":0,"type":"wood-spoon","visible":true,"width":71,"x":6237,"y":376},{"gid":107,"height":50,"id":3990,"name":"glove","rotation":0,"type":"glove","visible":true,"width":82,"x":5821,"y":369},{"gid":95,"height":46,"id":4327,"name":"book-1","rotation":0,"type":"book-1","visible":true,"width":116,"x":6673,"y":375},{"gid":96,"height":43,"id":4328,"name":"book-2","rotation":0,"type":"book-2","visible":true,"width":118,"x":7072,"y":364},{"gid":95,"height":46,"id":4784,"name":"book-1","rotation":0,"type":"book-1","visible":true,"width":116,"x":8124,"y":366},{"gid":112,"height":41,"id":4790,"name":"wood-spoon","rotation":0,"type":"wood-spoon","visible":true,"width":71,"x":8007,"y":376},{"gid":107,"height":50,"id":4791,"name":"glove","rotation":0,"type":"glove","visible":true,"width":82,"x":7591,"y":369}],"opacity":1,"type":"objectgroup","visible":true,"x":0,"y":0},{"draworder":"topdown","id":15,"name":"static-obj","objects":[{"gid":68,"height":301,"id":473,"name":"dying-tree","rotation":0,"type":"dying-tree","visible":true,"width":334,"x":290,"y":457},{"gid":68,"height":301,"id":1169,"name":"dying-tree","rotation":0,"type":"dying-tree","visible":true,"width":334,"x":950,"y":457},{"gid":137,"height":90,"id":1549,"name":"hotdog","rotation":0,"type":"hotdog","visible":true,"width":117,"x":1608,"y":457},{"gid":55,"height":158,"id":2414,"name":"orange-juice","rotation":0,"type":"orange-juice","visible":true,"width":54,"x":2159,"y":458},{"gid":56,"height":146,"id":3038,"name":"pencil","rotation":0,"type":"pencil","visible":true,"width":20,"x":2910,"y":462},{"gid":56,"height":146,"id":3041,"name":"pencil","rotation":0,"type":"pencil","visible":true,"width":20,"x":3009,"y":462},{"gid":56,"height":146,"id":3042,"name":"pencil","rotation":0,"type":"pencil","visible":true,"width":20,"x":3109,"y":462},{"gid":56,"height":146,"id":3043,"name":"pencil","rotation":0,"type":"pencil","visible":true,"width":20,"x":3209,"y":462},{"gid":56,"height":146,"id":3044,"name":"pencil","rotation":0,"type":"pencil","visible":true,"width":20,"x":3308,"y":462},{"gid":56,"height":146,"id":3045,"name":"pencil","rotation":0,"type":"pencil","visible":true,"width":20,"x":3407,"y":462},{"gid":56,"height":146,"id":3046,"name":"pencil","rotation":0,"type":"pencil","visible":true,"width":20,"x":3508,"y":462},{"gid":56,"height":146,"id":3047,"name":"pencil","rotation":0,"type":"pencil","visible":true,"width":20,"x":3607,"y":462},{"gid":56,"height":146,"id":3049,"name":"pencil","rotation":0,"type":"pencil","visible":true,"width":20,"x":3715,"y":462},{"gid":56,"height":146,"id":3050,"name":"pencil","rotation":0,"type":"pencil","visible":true,"width":20,"x":3815,"y":462},{"gid":56,"height":146,"id":3052,"name":"pencil","rotation":0,"type":"pencil","visible":true,"width":20,"x":3914,"y":462},{"gid":56,"height":146,"id":3058,"name":"pencil","rotation":0,"type":"pencil","visible":true,"width":20,"x":4214,"y":462},{"gid":56,"height":146,"id":3053,"name":"pencil","rotation":0,"type":"pencil","visible":true,"width":20,"x":4014,"y":462},{"gid":56,"height":146,"id":3057,"name":"pencil","rotation":0,"type":"pencil","visible":true,"width":20,"x":4313,"y":462},{"gid":56,"height":146,"id":3054,"name":"pencil","rotation":0,"type":"pencil","visible":true,"width":20,"x":4113,"y":462},{"gid":56,"height":146,"id":3056,"name":"pencil","rotation":0,"type":"pencil","visible":true,"width":20,"x":4413,"y":462},{"gid":44,"height":74,"id":3039,"name":"eraser","rotation":0,"type":"eraser","visible":true,"width":56,"x":2941,"y":464},{"gid":44,"height":74,"id":3040,"name":"eraser","rotation":0,"type":"eraser","visible":true,"width":56,"x":3246,"y":464},{"gid":44,"height":74,"id":3048,"name":"eraser","rotation":0,"type":"eraser","visible":true,"width":56,"x":3643,"y":464},{"gid":44,"height":74,"id":3051,"name":"eraser","rotation":0,"type":"eraser","visible":true,"width":56,"x":3846,"y":464},{"gid":44,"height":74,"id":3055,"name":"eraser","rotation":0,"type":"eraser","visible":true,"width":56,"x":4153,"y":464},{"gid":130,"height":139,"id":3628,"name":"sandwiches","rotation":0,"type":"sandwiches","visible":true,"width":122,"x":4628,"y":457},{"gid":130,"height":139,"id":3630,"name":"sandwiches","rotation":0,"type":"sandwiches","visible":true,"width":122,"x":4802,"y":457},{"gid":130,"height":139,"id":3632,"name":"sandwiches","rotation":0,"type":"sandwiches","visible":true,"width":122,"x":5150,"y":457},{"gid":130,"height":139,"id":3633,"name":"sandwiches","rotation":0,"type":"sandwiches","visible":true,"width":122,"x":5324,"y":457},{"gid":146,"height":106,"id":3635,"name":"origami-bird","rotation":0,"type":"origami-bird","visible":true,"width":139,"x":5527,"y":457},{"gid":147,"height":142,"id":3657,"name":"origami-rabbit","rotation":0,"type":"origami-rabbit","visible":true,"width":84,"x":5000,"y":457},{"gid":35,"height":97,"id":4003,"name":"banana","rotation":0,"type":"banana","visible":true,"width":144,"x":5908,"y":457},{"gid":61,"height":137,"id":4293,"name":"toy","rotation":0,"type":"toy","visible":true,"width":207,"x":6886,"y":457},{"gid":61,"height":137,"id":4295,"name":"toy","rotation":0,"type":"toy","visible":true,"width":207,"x":7236,"y":457},{"gid":35,"height":97,"id":4804,"name":"banana","rotation":0,"type":"banana","visible":true,"width":144,"x":7678,"y":457},{"gid":42,"height":122,"id":5504,"name":"chest","rotation":0,"type":"chest","visible":true,"width":144,"x":8700,"y":457}],"opacity":1,"type":"objectgroup","visible":true,"x":0,"y":0},{"draworder":"topdown","id":45,"name":"collect-obj","objects":[{"gid":85,"height":31,"id":1163,"name":"coin","properties":[{"name":"isMoving","type":"bool","value":true},{"name":"value","type":"int","value":1}],"rotation":0,"type":"coin","visible":true,"width":31,"x":1270,"y":450},{"gid":85,"height":31,"id":1162,"name":"coin","properties":[{"name":"isMoving","type":"bool","value":true},{"name":"value","type":"int","value":1}],"rotation":0,"type":"coin","visible":true,"width":31,"x":983,"y":450},{"gid":85,"height":31,"id":1160,"name":"coin","properties":[{"name":"isMoving","type":"bool","value":true},{"name":"value","type":"int","value":1}],"rotation":0,"type":"coin","visible":true,"width":31,"x":839,"y":450},{"gid":85,"height":31,"id":1158,"name":"coin","properties":[{"name":"isMoving","type":"bool","value":true},{"name":"value","type":"int","value":1}],"rotation":0,"type":"coin","visible":true,"width":31,"x":1126,"y":450},{"gid":85,"height":31,"id":1155,"name":"coin","properties":[{"name":"isMoving","type":"bool","value":true},{"name":"value","type":"int","value":1}],"rotation":0,"type":"coin","visible":true,"width":31,"x":1318,"y":450},{"gid":85,"height":31,"id":1154,"name":"coin","properties":[{"name":"isMoving","type":"bool","value":true},{"name":"value","type":"int","value":1}],"rotation":0,"type":"coin","visible":true,"width":31,"x":1031,"y":450},{"gid":85,"height":31,"id":1152,"name":"coin","properties":[{"name":"isMoving","type":"bool","value":true},{"name":"value","type":"int","value":1}],"rotation":0,"type":"coin","visible":true,"width":31,"x":887,"y":450},{"gid":85,"height":31,"id":1150,"name":"coin","properties":[{"name":"isMoving","type":"bool","value":true},{"name":"value","type":"int","value":1}],"rotation":0,"type":"coin","visible":true,"width":31,"x":1174,"y":450},{"gid":85,"height":31,"id":1147,"name":"coin","properties":[{"name":"isMoving","type":"bool","value":true},{"name":"value","type":"int","value":1}],"rotation":0,"type":"coin","visible":true,"width":31,"x":1366,"y":450},{"gid":85,"height":31,"id":1146,"name":"coin","properties":[{"name":"isMoving","type":"bool","value":true},{"name":"value","type":"int","value":1}],"rotation":0,"type":"coin","visible":true,"width":31,"x":1079,"y":450},{"gid":85,"height":31,"id":1144,"name":"coin","properties":[{"name":"isMoving","type":"bool","value":true},{"name":"value","type":"int","value":1}],"rotation":0,"type":"coin","visible":true,"width":31,"x":935,"y":450},{"gid":85,"height":31,"id":1142,"name":"coin","properties":[{"name":"isMoving","type":"bool","value":true},{"name":"value","type":"int","value":1}],"rotation":0,"type":"coin","visible":true,"width":31,"x":1222,"y":450},{"gid":4,"height":31,"id":3636,"name":"coin","properties":[{"name":"isMoving","type":"bool","value":true},{"name":"value","type":"int","value":1}],"rotation":0,"type":"coin","visible":true,"width":31,"x":4673,"y":450},{"gid":4,"height":31,"id":3648,"name":"coin","properties":[{"name":"isMoving","type":"bool","value":true},{"name":"value","type":"int","value":1}],"rotation":0,"type":"coin","visible":true,"width":31,"x":4621,"y":450},{"gid":4,"height":31,"id":3641,"name":"coin","properties":[{"name":"isMoving","type":"bool","value":true},{"name":"value","type":"int","value":1}],"rotation":0,"type":"coin","visible":true,"width":31,"x":4821,"y":450},{"gid":4,"height":31,"id":3637,"name":"coin","properties":[{"name":"isMoving","type":"bool","value":true},{"name":"value","type":"int","value":1}],"rotation":0,"type":"coin","visible":true,"width":31,"x":4723,"y":450},{"gid":4,"height":31,"id":3640,"name":"coin","properties":[{"name":"isMoving","type":"bool","value":true},{"name":"value","type":"int","value":1}],"rotation":0,"type":"coin","visible":true,"width":31,"x":4871,"y":450},{"gid":4,"height":31,"id":3638,"name":"coin","properties":[{"name":"isMoving","type":"bool","value":true},{"name":"value","type":"int","value":1}],"rotation":0,"type":"coin","visible":true,"width":31,"x":4773,"y":450},{"gid":4,"height":31,"id":3639,"name":"coin","properties":[{"name":"isMoving","type":"bool","value":true},{"name":"value","type":"int","value":1}],"rotation":0,"type":"coin","visible":true,"width":31,"x":4921,"y":450},{"gid":4,"height":31,"id":3654,"name":"coin","properties":[{"name":"isMoving","type":"bool","value":true},{"name":"value","type":"int","value":1}],"rotation":0,"type":"coin","visible":true,"width":31,"x":5236,"y":450},{"gid":4,"height":31,"id":3653,"name":"coin","properties":[{"name":"isMoving","type":"bool","value":true},{"name":"value","type":"int","value":1}],"rotation":0,"type":"coin","visible":true,"width":31,"x":5384,"y":450},{"gid":4,"height":31,"id":3652,"name":"coin","properties":[{"name":"isMoving","type":"bool","value":true},{"name":"value","type":"int","value":1}],"rotation":0,"type":"coin","visible":true,"width":31,"x":5286,"y":450},{"gid":4,"height":31,"id":3645,"name":"coin","properties":[{"name":"isMoving","type":"bool","value":true},{"name":"value","type":"int","value":1}],"rotation":0,"type":"coin","visible":true,"width":31,"x":5136,"y":450},{"gid":4,"height":31,"id":3651,"name":"coin","properties":[{"name":"isMoving","type":"bool","value":true},{"name":"value","type":"int","value":1}],"rotation":0,"type":"coin","visible":true,"width":31,"x":5434,"y":450},{"gid":4,"height":31,"id":3650,"name":"coin","properties":[{"name":"isMoving","type":"bool","value":true},{"name":"value","type":"int","value":1}],"rotation":0,"type":"coin","visible":true,"width":31,"x":5336,"y":450},{"gid":4,"height":31,"id":3647,"name":"coin","properties":[{"name":"isMoving","type":"bool","value":true},{"name":"value","type":"int","value":1}],"rotation":0,"type":"coin","visible":true,"width":31,"x":5186,"y":450},{"gid":3,"height":48,"id":3655,"name":"gift-square","properties":[{"name":"value","type":"int","value":10}],"rotation":0,"type":"gift-square","visible":true,"width":60,"x":5563,"y":480},{"gid":85,"height":31,"id":3996,"name":"coin","properties":[{"name":"isMoving","type":"bool","value":false},{"name":"value","type":"int","value":1}],"rotation":0,"type":"coin","visible":true,"width":31,"x":6267,"y":450},{"gid":85,"height":31,"id":3998,"name":"coin","properties":[{"name":"isMoving","type":"bool","value":false},{"name":"value","type":"int","value":1}],"rotation":0,"type":"coin","visible":true,"width":31,"x":6416,"y":450},{"gid":85,"height":31,"id":4342,"name":"coin","properties":[{"name":"isMoving","type":"bool","value":false},{"name":"value","type":"int","value":1}],"rotation":0,"type":"coin","visible":true,"width":31,"x":7151,"y":450},{"gid":84,"height":48,"id":4399,"name":"gift-square","properties":[{"name":"value","type":"int","value":10}],"rotation":0,"type":"gift-square","visible":true,"width":60,"x":6965,"y":480},{"gid":84,"height":48,"id":4400,"name":"gift-square","properties":[{"name":"value","type":"int","value":10}],"rotation":0,"type":"gift-square","visible":true,"width":60,"x":7312,"y":480},{"gid":85,"height":31,"id":4797,"name":"coin","properties":[{"name":"isMoving","type":"bool","value":false},{"name":"value","type":"int","value":1}],"rotation":0,"type":"coin","visible":true,"width":31,"x":8037,"y":450},{"gid":85,"height":31,"id":4799,"name":"coin","properties":[{"name":"isMoving","type":"bool","value":false},{"name":"value","type":"int","value":1}],"rotation":0,"type":"coin","visible":true,"width":31,"x":8186,"y":450},{"gid":85,"height":31,"id":5475,"name":"coin","properties":[{"name":"isMoving","type":"bool","value":true},{"name":"value","type":"int","value":1}],"rotation":0,"type":"coin","visible":true,"width":31,"x":8704,"y":450},{"gid":85,"height":31,"id":5474,"name":"coin","properties":[{"name":"isMoving","type":"bool","value":true},{"name":"value","type":"int","value":1}],"rotation":0,"type":"coin","visible":true,"width":31,"x":8560,"y":450},{"gid":85,"height":31,"id":5473,"name":"coin","properties":[{"name":"isMoving","type":"bool","value":true},{"name":"value","type":"int","value":1}],"rotation":0,"type":"coin","visible":true,"width":31,"x":8847,"y":450},{"gid":85,"height":31,"id":5471,"name":"coin","properties":[{"name":"isMoving","type":"bool","value":true},{"name":"value","type":"int","value":1}],"rotation":0,"type":"coin","visible":true,"width":31,"x":8752,"y":450},{"gid":85,"height":31,"id":5470,"name":"coin","properties":[{"name":"isMoving","type":"bool","value":true},{"name":"value","type":"int","value":1}],"rotation":0,"type":"coin","visible":true,"width":31,"x":8608,"y":450},{"gid":85,"height":31,"id":5469,"name":"coin","properties":[{"name":"isMoving","type":"bool","value":true},{"name":"value","type":"int","value":1}],"rotation":0,"type":"coin","visible":true,"width":31,"x":8895,"y":450},{"gid":85,"height":31,"id":5468,"name":"coin","properties":[{"name":"isMoving","type":"bool","value":true},{"name":"value","type":"int","value":1}],"rotation":0,"type":"coin","visible":true,"width":31,"x":8513,"y":450},{"gid":85,"height":31,"id":5467,"name":"coin","properties":[{"name":"isMoving","type":"bool","value":true},{"name":"value","type":"int","value":1}],"rotation":0,"type":"coin","visible":true,"width":31,"x":8800,"y":450},{"gid":85,"height":31,"id":5466,"name":"coin","properties":[{"name":"isMoving","type":"bool","value":true},{"name":"value","type":"int","value":1}],"rotation":0,"type":"coin","visible":true,"width":31,"x":8656,"y":450},{"gid":85,"height":31,"id":5465,"name":"coin","properties":[{"name":"isMoving","type":"bool","value":true},{"name":"value","type":"int","value":1}],"rotation":0,"type":"coin","visible":true,"width":31,"x":8943,"y":450}],"opacity":1,"type":"objectgroup","visible":true,"x":0,"y":0},{"draworder":"topdown","id":45,"name":"seethrough-obj","objects":[],"opacity":1,"type":"objectgroup","visible":true,"x":0,"y":0},{"draworder":"topdown","id":43,"name":"speed-modifier-obj","objects":[{"gid":170,"height":42,"id":1166,"name":"skateboard","properties":[{"name":"speedBonusPercent","type":"float","value":2},{"name":"speedDuration","type":"float","value":1.2}],"rotation":0,"type":"skateboard","visible":true,"width":101,"x":710,"y":483},{"gid":71,"height":36,"id":1727,"name":"chocolate-3","properties":[{"name":"speedBonusPercent","type":"float","value":0.5},{"name":"speedDuration","type":"float","value":0.01}],"rotation":0,"type":"chocolate-3","visible":true,"width":225,"x":1503,"y":484},{"gid":59,"height":42,"id":3634,"name":"skateboard","properties":[{"name":"speedBonusPercent","type":"float","value":2},{"name":"speedDuration","type":"float","value":1.2}],"rotation":0,"type":"skateboard","visible":true,"width":101,"x":4483,"y":483},{"gid":140,"height":42,"id":4393,"name":"skateboard","properties":[{"name":"speedBonusPercent","type":"float","value":2},{"name":"speedDuration","type":"float","value":1.2}],"rotation":0,"type":"skateboard","visible":true,"width":101,"x":6568,"y":483},{"gid":136,"height":36,"id":4446,"name":"chocolate-2","properties":[{"name":"speedBonusPercent","type":"float","value":0.5},{"name":"speedDuration","type":"float","value":0.01}],"rotation":0,"type":"chocolate-2","visible":true,"width":137,"x":7275,"y":484},{"gid":170,"height":42,"id":5501,"name":"skateboard","properties":[{"name":"speedBonusPercent","type":"float","value":2},{"name":"speedDuration","type":"float","value":1.2}],"rotation":0,"type":"skateboard","visible":true,"width":101,"x":8359,"y":483}],"opacity":1,"type":"objectgroup","visible":true,"x":0,"y":0},{"draworder":"topdown","id":50,"name":"trap-obj","objects":[],"opacity":1,"type":"objectgroup","visible":true,"x":0,"y":0},{"draworder":"topdown","id":51,"name":"movement-modifier-obj","objects":[{"gid":160,"height":45,"id":2422,"name":"liquid-3","properties":[{"name":"slippingFriction","type":"float","value":0.4},{"name":"slippingSpeed","type":"int","value":110}],"rotation":0,"type":"liquid-3","visible":true,"width":226,"x":2004,"y":484}],"opacity":1,"type":"objectgroup","visible":true,"x":0,"y":0},{"draworder":"topdown","id":17,"name":"decor-obj","objects":[{"gid":91,"height":160,"id":1926,"name":"handkerchief-3","rotation":0,"type":"handkerchief-3","visible":false,"width":346,"x":2397,"y":541},{"gid":93,"height":160,"id":1928,"name":"handkerchief-5","rotation":0,"type":"handkerchief-5","visible":false,"width":344,"x":2397,"y":541},{"gid":94,"height":160,"id":1929,"name":"handkerchief-6","rotation":0,"type":"handkerchief-6","visible":false,"width":344,"x":2397,"y":541}],"opacity":1,"type":"objectgroup","visible":false,"x":0,"y":0},{"draworder":"topdown","id":50,"name":"sudden-obj","objects":[],"opacity":1,"type":"objectgroup","visible":true,"x":0,"y":0},{"draworder":"topdown","id":49,"name":"interactable-obj","objects":[],"opacity":1,"type":"objectgroup","visible":true,"x":0,"y":0},{"draworder":"topdown","id":22,"name":"moving-obj","objects":[],"opacity":1,"type":"objectgroup","visible":true,"x":0,"y":0},{"draworder":"topdown","id":19,"name":"goal-obj","objects":[{"gid":113,"height":192,"id":5866,"name":"cheese-1","rotation":0,"type":"cheese-1","visible":true,"width":192,"x":9157,"y":491}],"opacity":1,"type":"objectgroup","visible":true,"x":0,"y":0}],"name":"objects","opacity":1,"type":"group","visible":true,"x":0,"y":0},{"draworder":"topdown","id":33,"name":"player","objects":[{"gid":138,"height":76,"id":486,"name":"mouse","rotation":0,"type":"player","visible":false,"width":63,"x":100.638857782755,"y":471}],"opacity":1,"type":"objectgroup","visible":false,"x":0,"y":0},{"draworder":"topdown","id":40,"name":"symbol","objects":[{"gid":140,"height":100,"id":346,"name":"start-point","rotation":0,"type":"start-point","visible":true,"width":100,"x":190,"y":471},{"gid":179,"height":164,"id":1797,"name":"rise","properties":[{"name":"duration","type":"float","value":1},{"name":"height","type":"int","value":100}],"rotation":0,"type":"rise","visible":true,"width":260,"x":1454,"y":471},{"gid":180,"height":164,"id":1798,"name":"stare-trigger","properties":[{"name":"beamDuration","type":"float","value":1},{"name":"beamHoldDuration","type":"float","value":1},{"name":"confuseDuration","type":"float","value":1},{"name":"fallDuration","type":"float","value":0.6},{"name":"winkDuration","type":"float","value":1}],"rotation":0,"type":"stare-trigger","visible":true,"width":260,"x":1574,"y":471},{"gid":180,"height":164,"id":2426,"name":"stare-trigger","properties":[{"name":"beamDuration","type":"float","value":1},{"name":"beamHoldDuration","type":"float","value":1},{"name":"confuseDuration","type":"float","value":1},{"name":"fallDuration","type":"float","value":0.6},{"name":"winkDuration","type":"float","value":1}],"rotation":0,"type":"stare-trigger","visible":true,"width":260,"x":2131,"y":471},{"gid":179,"height":164,"id":2428,"name":"rise","properties":[{"name":"duration","type":"float","value":2.1},{"name":"height","type":"int","value":100}],"rotation":0,"type":"rise","visible":true,"width":260,"x":1894,"y":471},{"gid":164,"height":164,"id":3066,"name":"rise","properties":[{"name":"duration","type":"float","value":1},{"name":"height","type":"int","value":100}],"rotation":0,"type":"rise","visible":true,"width":260,"x":3392,"y":471},{"gid":165,"height":164,"id":3067,"name":"stare-trigger","properties":[{"name":"beamDuration","type":"float","value":1},{"name":"beamHoldDuration","type":"float","value":1},{"name":"confuseDuration","type":"float","value":1},{"name":"fallDuration","type":"float","value":3},{"name":"winkDuration","type":"float","value":1}],"rotation":0,"type":"stare-trigger","visible":true,"width":260,"x":3632,"y":471},{"gid":160,"height":164,"id":4017,"name":"stare-trigger","properties":[{"name":"beamDuration","type":"float","value":1},{"name":"beamHoldDuration","type":"float","value":1},{"name":"confuseDuration","type":"float","value":1},{"name":"fallDuration","type":"float","value":0.6},{"name":"winkDuration","type":"float","value":1}],"rotation":0,"type":"stare-trigger","visible":false,"width":260,"x":5822,"y":471},{"gid":159,"height":164,"id":4018,"name":"rise","properties":[{"name":"duration","type":"float","value":1},{"name":"height","type":"int","value":100}],"rotation":0,"type":"rise","visible":false,"width":260,"x":6554,"y":471},{"gid":160,"height":164,"id":4019,"name":"stare-trigger","properties":[{"name":"beamDuration","type":"float","value":1},{"name":"beamHoldDuration","type":"float","value":1},{"name":"confuseDuration","type":"float","value":1},{"name":"fallDuration","type":"float","value":0.6},{"name":"winkDuration","type":"float","value":1}],"rotation":0,"type":"stare-trigger","visible":true,"width":260,"x":5951,"y":471},{"gid":159,"height":164,"id":4020,"name":"rise","properties":[{"name":"duration","type":"float","value":1},{"name":"height","type":"int","value":100}],"rotation":0,"type":"rise","visible":true,"width":260,"x":5711,"y":471},{"gid":164,"height":164,"id":4458,"name":"rise","properties":[{"name":"duration","type":"float","value":1},{"name":"height","type":"int","value":100}],"rotation":0,"type":"rise","visible":true,"width":260,"x":6618,"y":471},{"gid":165,"height":164,"id":4459,"name":"stare-trigger","properties":[{"name":"beamDuration","type":"float","value":1},{"name":"beamHoldDuration","type":"float","value":1},{"name":"confuseDuration","type":"float","value":1},{"name":"fallDuration","type":"float","value":0.6},{"name":"winkDuration","type":"float","value":1}],"rotation":0,"type":"stare-trigger","visible":true,"width":260,"x":6858,"y":471},{"gid":160,"height":164,"id":4818,"name":"stare-trigger","properties":[{"name":"beamDuration","type":"float","value":1},{"name":"beamHoldDuration","type":"float","value":1},{"name":"confuseDuration","type":"float","value":1},{"name":"fallDuration","type":"float","value":0.6},{"name":"winkDuration","type":"float","value":1}],"rotation":0,"type":"stare-trigger","visible":false,"width":260,"x":7592,"y":471},{"gid":159,"height":164,"id":4819,"name":"rise","properties":[{"name":"duration","type":"float","value":1},{"name":"height","type":"int","value":100}],"rotation":0,"type":"rise","visible":false,"width":260,"x":8324,"y":471},{"gid":160,"height":164,"id":4820,"name":"stare-trigger","properties":[{"name":"beamDuration","type":"float","value":1},{"name":"beamHoldDuration","type":"float","value":1},{"name":"confuseDuration","type":"float","value":1},{"name":"fallDuration","type":"float","value":0.6},{"name":"winkDuration","type":"float","value":1}],"rotation":0,"type":"stare-trigger","visible":true,"width":260,"x":7721,"y":471},{"gid":159,"height":164,"id":4821,"name":"rise","properties":[{"name":"duration","type":"float","value":1},{"name":"height","type":"int","value":100}],"rotation":0,"type":"rise","visible":true,"width":260,"x":7481,"y":471}],"opacity":1,"type":"objectgroup","visible":true,"x":0,"y":0}],"nextlayerid":51,"nextobjectid":487,"orientation":"orthogonal","renderorder":"right-down","tiledversion":"1.7.1","tileheight":20,"tilesets":[{"columns":0,"firstgid":1,"grid":{"height":1,"orientation":"orthogonal","width":1},"margin":0,"name":"static-obj","spacing":0,"tilecount":49,"tileheight":301,"tiles":[{"id":32,"image":"../maps/assets/static-obj/apple.png","type":"apple"},{"id":33,"image":"../maps/assets/static-obj/ball.png","type":"ball"},{"id":34,"image":"../maps/assets/static-obj/banana.png","type":"banana"},{"id":35,"image":"../maps/assets/static-obj/books.png","type":"books"},{"id":36,"image":"../maps/assets/static-obj/cactus.png","type":"cactus"},{"id":37,"image":"../maps/assets/static-obj/candy-bottle.png","type":"candy-bottle"},{"id":38,"image":"../maps/assets/static-obj/clock.png","type":"clock"},{"id":39,"image":"../maps/assets/static-obj/coca.png","type":"coca"},{"id":40,"image":"../maps/assets/static-obj/cupcake.png","type":"cupcake"},{"id":41,"image":"../maps/assets/static-obj/chest.png","type":"chest"},{"id":42,"image":"../maps/assets/static-obj/chest-2.png","type":"chest-2"},{"id":43,"image":"../maps/assets/static-obj/eraser.png","type":"eraser"},{"id":44,"image":"../maps/assets/static-obj/fries.png","type":"fries"},{"id":45,"image":"../maps/assets/static-obj/gavel-bottle.png","type":"gavel-bottle"},{"id":46,"image":"../maps/assets/static-obj/gummy-candy.png","type":"gummy-candy"},{"id":47,"image":"../maps/assets/static-obj/hamburger.png","type":"hamburger"},{"id":48,"image":"../maps/assets/static-obj/hotdog.png","type":"hotdog"},{"id":49,"image":"../maps/assets/static-obj/milk-bottle.png","type":"milk-bottle"},{"id":50,"image":"../maps/assets/static-obj/milk-glass.png","type":"milk-glass"},{"id":51,"image":"../maps/assets/static-obj/milk-tea.png","type":"milk-tea"},{"id":52,"image":"../maps/assets/static-obj/milk-tea-2.png","type":"milk-tea-2"},{"id":53,"image":"../maps/assets/static-obj/orange.png","type":"orange"},{"id":54,"image":"../maps/assets/static-obj/orange-juice.png","type":"orange-juice"},{"id":55,"image":"../maps/assets/static-obj/pencil.png","type":"pencil"},{"id":56,"image":"../maps/assets/static-obj/sandwiches.png","type":"sandwiches"},{"id":57,"image":"../maps/assets/static-obj/soft-drink-1.png","type":"soft-drink-1"},{"id":58,"image":"../maps/assets/static-obj/sugar-bottle.png","type":"sugar-bottle"},{"id":59,"image":"../maps/assets/static-obj/toaster.png","type":"toaster"},{"id":60,"image":"../maps/assets/static-obj/toy.png","type":"toy"},{"id":61,"image":"../maps/assets/static-obj/watermelon-1.png","type":"watermelon-1"},{"id":62,"image":"../maps/assets/static-obj/watermelon-2.png","type":"watermelon-2"},{"id":63,"image":"../maps/assets/static-obj/candy-star.png","type":"candy-star"},{"id":64,"image":"../maps/assets/static-obj/candy-umbrella.png","type":"candy-umbrella"},{"id":65,"image":"../maps/assets/static-obj/cat-mask.png","type":"cat-mask"},{"id":66,"image":"../maps/assets/static-obj/desk-phone.png","type":"desk-phone"},{"id":67,"image":"../maps/assets/static-obj/dying-tree.png","type":"dying-tree"},{"id":68,"image":"../maps/assets/static-obj/eclock.png","type":"eclock"},{"id":69,"image":"../maps/assets/static-obj/gift-box.png","type":"gift-box"},{"id":70,"image":"../maps/assets/static-obj/marble-ball.png","type":"marble-ball"},{"id":71,"image":"../maps/assets/static-obj/marble-ball-group.png","type":"marble-ball-group"},{"id":72,"image":"../maps/assets/static-obj/origami-bird.png","type":"origami-bird"},{"id":73,"image":"../maps/assets/static-obj/origami-rabbit.png","type":"origami-rabbit"},{"id":74,"image":"../maps/assets/static-obj/piggy-bank.png","type":"piggy-bank"},{"id":75,"image":"../maps/assets/static-obj/square-origami.png","type":"square-origami"},{"id":76,"image":"../maps/assets/static-obj/teddy-bear.png","type":"teddy-bear"},{"id":77,"image":"../maps/assets/static-obj/zippo.png","type":"zippo"},{"id":78,"image":"../../Downloads/x2_2/x2/gameplay/static-obj/balloon.png","type":"balloon"},{"id":79,"image":"../../Downloads/x2_2/x2/gameplay/static-obj/crab.png","type":"crab"},{"id":80,"image":"../../Downloads/x2_2/x2/gameplay/static-obj/spaceship.png","type":"spaceship"}],"tilewidth":334},{"columns":0,"firstgid":82,"grid":{"height":1,"orientation":"orthogonal","width":1},"margin":0,"name":"collect-obj","spacing":0,"tilecount":4,"tileheight":82,"tiles":[{"id":0,"image":"../maps/assets/collect-obj/gift-circle.png","properties":[{"name":"value","type":"int","value":10}],"type":"gift-circle"},{"id":1,"image":"../maps/assets/collect-obj/gift-heart.png","properties":[{"name":"value","type":"int","value":10}],"type":"gift-heart"},{"id":2,"image":"../maps/assets/collect-obj/gift-square.png","properties":[{"name":"value","type":"int","value":10}],"type":"gift-square"},{"id":3,"image":"../maps/assets/collect-obj/coin.png","properties":[{"name":"value","type":"int","value":1}],"type":"coin"}],"tilewidth":82},{"columns":0,"firstgid":86,"grid":{"height":1,"orientation":"orthogonal","width":1},"margin":0,"name":"decor-obj","spacing":0,"tilecount":6,"tileheight":320,"tiles":[{"id":3,"image":"../maps/assets/decor-obj/handkerchief-1.png","type":"handkerchief-1"},{"id":4,"image":"../maps/assets/decor-obj/handkerchief-2.png","type":"handkerchief-2"},{"id":5,"image":"../maps/assets/decor-obj/handkerchief-3.png","type":"handkerchief-3"},{"id":6,"image":"../maps/assets/decor-obj/handkerchief-4.png","type":"handkerchief-4"},{"id":7,"image":"../maps/assets/decor-obj/handkerchief-5.png","type":"handkerchief-5"},{"id":8,"image":"../maps/assets/decor-obj/handkerchief-6.png","type":"handkerchief-6"}],"tilewidth":693},{"columns":0,"firstgid":95,"grid":{"height":1,"orientation":"orthogonal","width":1},"margin":0,"name":"decor-obj-behind","spacing":0,"tilecount":18,"tileheight":142,"tiles":[{"id":0,"image":"../maps/assets/decor-obj-behind/book-1.png","type":"book-1"},{"id":1,"image":"../maps/assets/decor-obj-behind/book-2.png","type":"book-2"},{"id":2,"image":"../maps/assets/decor-obj-behind/book-3.png","type":"book-3"},{"id":3,"image":"../maps/assets/decor-obj-behind/book-4.png","type":"book-4"},{"id":4,"image":"../maps/assets/decor-obj-behind/book-5.png","type":"book-5"},{"id":5,"image":"../maps/assets/decor-obj-behind/cookies-1.png","type":"cookies-1"},{"id":6,"image":"../maps/assets/decor-obj-behind/cookies-2.png","type":"cookies-2"},{"id":7,"image":"../maps/assets/decor-obj-behind/crayon-blue.png","type":"crayon-blue"},{"id":8,"image":"../maps/assets/decor-obj-behind/crayon-green.png","type":"crayon-green"},{"id":9,"image":"../maps/assets/decor-obj-behind/crayon-pink-yellow.png","type":"crayon-pink-yellow"},{"id":10,"image":"../maps/assets/decor-obj-behind/fork.png","type":"fork"},{"id":11,"image":"../maps/assets/decor-obj-behind/fork-2.png","type":"fork-2"},{"id":12,"image":"../maps/assets/decor-obj-behind/glove.png","type":"glove"},{"id":13,"image":"../maps/assets/decor-obj-behind/knife.png","type":"knife"},{"id":14,"image":"../maps/assets/decor-obj-behind/rolling-pin.png","type":"rolling-pin"},{"id":15,"image":"../maps/assets/decor-obj-behind/sandwich.png","type":"sandwich"},{"id":16,"image":"../maps/assets/decor-obj-behind/spoon.png","type":"spoon"},{"id":17,"image":"../maps/assets/decor-obj-behind/wood-spoon.png","type":"wood-spoon"}],"tilewidth":342},{"columns":0,"firstgid":113,"grid":{"height":1,"orientation":"orthogonal","width":1},"margin":0,"name":"goal-obj","spacing":0,"tilecount":2,"tileheight":192,"tiles":[{"id":0,"image":"../maps/assets/goal-obj/cheese-1.png","type":"cheese-1"},{"id":1,"image":"../maps/assets/goal-obj/cheese-2.png","type":"cheese-2"}],"tilewidth":307},{"columns":0,"firstgid":115,"grid":{"height":1,"orientation":"orthogonal","width":1},"margin":0,"name":"interactable-obj","spacing":0,"tilecount":6,"tileheight":134,"tiles":[{"id":0,"image":"../maps/assets/interactable-obj/blue-button-down.png","properties":[{"name":"triggerID","type":"int","value":0}],"type":"blue-button-down"},{"id":1,"image":"../maps/assets/interactable-obj/blue-button-up.png","properties":[{"name":"triggerID","type":"int","value":0}],"type":"blue-button-up"},{"id":2,"image":"../maps/assets/interactable-obj/joystick.png","properties":[{"name":"triggerID","type":"int","value":0}],"type":"joystick"},{"id":3,"image":"../maps/assets/interactable-obj/joystick-down.png","properties":[{"name":"triggerID","type":"int","value":0}],"type":"joystick-down"},{"id":4,"image":"../maps/assets/interactable-obj/red-button-down.png","properties":[{"name":"triggerID","type":"int","value":0}],"type":"red-button-down"},{"id":5,"image":"../maps/assets/interactable-obj/red-button-up.png","properties":[{"name":"triggerID","type":"int","value":0}],"type":"red-button-up"}],"tilewidth":121},{"columns":0,"firstgid":121,"grid":{"height":1,"orientation":"orthogonal","width":1},"margin":0,"name":"movement-modifier-obj","spacing":0,"tilecount":3,"tileheight":110,"tiles":[{"id":0,"image":"../maps/assets/movement-modifier-obj/boxing.png","properties":[{"name":"direction","type":"string","value":"right"},{"name":"speed","type":"int","value":100}],"type":"boxing"},{"id":1,"image":"../maps/assets/movement-modifier-obj/conveyor.png","properties":[{"name":"direction","type":"string","value":"left"},{"name":"speed","type":"int","value":30}],"type":"conveyor"},{"id":2,"image":"../maps/assets/movement-modifier-obj/liquid.png","type":"liquid"}],"tilewidth":241},{"columns":0,"firstgid":124,"grid":{"height":1,"orientation":"orthogonal","width":1},"margin":0,"name":"moving-obj","spacing":0,"tilecount":2,"tileheight":424,"tiles":[{"id":0,"image":"../maps/assets/moving-obj/icecream-truck.png","type":"icecream-truck"},{"id":1,"image":"../maps/assets/moving-obj/tank.png","type":"tank"}],"tilewidth":564},{"columns":0,"firstgid":126,"grid":{"height":1,"orientation":"orthogonal","width":1},"margin":0,"name":"seethrough-obj","spacing":0,"tilecount":8,"tileheight":165,"tiles":[{"id":0,"image":"../maps/assets/seethrough-obj/crystall-ball.png","type":"crystall-ball"},{"id":1,"image":"../maps/assets/seethrough-obj/empty-bottle-1.png","type":"empty-bottle-1"},{"id":2,"image":"../maps/assets/seethrough-obj/empty-bottle-2.png","type":"empty-bottle-2"},{"id":3,"image":"../maps/assets/seethrough-obj/glass.png","type":"glass"},{"id":4,"image":"../maps/assets/seethrough-obj/glasses.png","type":"glasses"},{"id":5,"image":"../maps/assets/seethrough-obj/king.png","type":"king"},{"id":6,"image":"../maps/assets/seethrough-obj/knight.png","type":"knight"},{"id":7,"image":"../maps/assets/seethrough-obj/queen.png","type":"queen"}],"tilewidth":138},{"columns":0,"firstgid":134,"grid":{"height":1,"orientation":"orthogonal","width":1},"margin":0,"name":"trap-obj","spacing":0,"tilecount":3,"tileheight":445,"tiles":[{"id":0,"image":"../maps/assets/trap-obj/balloon.png","type":"balloon"},{"id":1,"image":"../maps/assets/trap-obj/crab.png","type":"crab"},{"id":2,"image":"../maps/assets/trap-obj/spaceship.png","type":"spaceship"}],"tilewidth":365},{"columns":0,"firstgid":137,"grid":{"height":1,"orientation":"orthogonal","width":1},"margin":0,"name":"players","spacing":0,"tilecount":2,"tileheight":328,"tiles":[{"id":0,"image":"../maps/assets/players/boy.png","type":"watcher"},{"id":1,"image":"../maps/assets/players/mouse.png","type":"player"}],"tilewidth":520},{"columns":4,"firstgid":139,"image":"../maps/assets/tileset/tileset.png","imageheight":116,"imagewidth":116,"margin":0,"name":"tileset","spacing":0,"tilecount":0,"tileheight":29,"tilewidth":29,"transformations":{"hflip":false,"preferuntransformed":true,"rotate":false,"vflip":false}},{"columns":0,"firstgid":139,"grid":{"height":1,"orientation":"orthogonal","width":1},"margin":0,"name":"symbol","spacing":0,"tilecount":10,"tileheight":164,"tiles":[{"id":0,"image":"../maps/assets/symbol/eye.svg","properties":[{"name":"duration","type":"float","value":2}],"type":"watch-trigger"},{"id":1,"image":"../maps/assets/symbol/start.svg","type":"start-point"},{"id":2,"image":"../maps/assets/symbol/stand.svg","properties":[{"name":"duration","type":"float","value":2},{"name":"height-cap","type":"float","value":100}],"type":"stand-trigger"},{"id":3,"image":"../maps/assets/symbol/monkey.png","properties":[{"name":"duration","type":"float","value":5}],"type":"monkey-trigger"},{"id":8,"image":"../maps/assets/symbol/eye_end.png","type":"end-watch-trigger"},{"id":9,"image":"../maps/assets/symbol/rise.png","properties":[{"name":"duration","type":"float","value":0},{"name":"height","type":"int","value":0}],"type":"rise"},{"id":10,"image":"../maps/assets/symbol/stare-trigger.png","properties":[{"name":"beamDuration","type":"float","value":0},{"name":"beamHoldDuration","type":"float","value":0},{"name":"confuseDuration","type":"float","value":0},{"name":"fallDuration","type":"float","value":0},{"name":"winkDuration","type":"float","value":0}],"type":"stare-trigger"},{"id":11,"image":"../maps/assets/symbol/watch-trigger.png","properties":[{"name":"beamDuration","type":"float","value":0},{"name":"beamHoldDuration","type":"float","value":0},{"name":"confuseDuration","type":"float","value":0},{"name":"fallDuration","type":"float","value":0},{"name":"winkDuration","type":"float","value":0}],"type":"watch-trigger"},{"id":12,"image":"../maps/assets/symbol/end-trigger.png","type":"end-trigger"},{"id":13,"image":"../maps/assets/symbol/fall.png","properties":[{"name":"duration","type":"float","value":0},{"name":"height","type":"int","value":0}],"type":"fall"}],"tilewidth":260},{"columns":0,"firstgid":153,"grid":{"height":1,"orientation":"orthogonal","width":1},"margin":0,"name":"speed-modifier-obj","spacing":0,"tilecount":6,"tileheight":55,"tiles":[{"id":0,"image":"../maps/assets/speed-modifier-obj/chocolate.png","properties":[{"name":"speedBonusPercent","type":"float","value":0.5},{"name":"speedDuration","type":"float","value":1}],"type":"chocolate-1"},{"id":2,"image":"../maps/assets/speed-modifier-obj/chocolate-2.png","type":"chocolate-2"},{"id":3,"image":"../maps/assets/speed-modifier-obj/chocolate-3.png","type":"chocolate-3"},{"id":4,"image":"../maps/assets/speed-modifier-obj/chocolate-4.png","type":"chocolate-4"},{"id":5,"image":"../maps/assets/speed-modifier-obj/chocolate-5.png","type":"chocolate-5"},{"id":6,"image":"../maps/assets/speed-modifier-obj/skateboard.png","properties":[{"name":"speedBonusPercent","type":"float","value":2},{"name":"speedDuration","type":"float","value":1.2}],"type":"skateboard"}],"tilewidth":409}],"tilewidth":20,"type":"map","version":"1.6","width":475}