{"compressionlevel":1,"height":30,"infinite":false,"layers":[{"draworder":"topdown","id":34,"name":"watcher","objects":[{"gid":137,"height":164,"id":180,"name":"boy","rotation":0,"type":"watcher","visible":true,"width":260,"x":400,"y":262}],"opacity":1,"type":"objectgroup","visible":false,"x":0,"y":0},{"id":26,"layers":[{"draworder":"topdown","id":18,"name":"decor-obj-behind","objects":[{"gid":109,"height":48,"id":612,"name":"rolling-pin","rotation":0,"type":"rolling-pin","visible":true,"width":120,"x":1345,"y":368},{"gid":101,"height":30,"id":619,"name":"cookies-2","rotation":0,"type":"cookies-2","visible":true,"width":92,"x":887,"y":359},{"gid":19,"height":48,"id":1863,"name":"cookies-1","rotation":0,"type":"cookies-1","visible":true,"width":74,"x":3035,"y":373},{"gid":29,"height":32,"id":1946,"name":"sandwich","rotation":0,"type":"sandwich","visible":true,"width":62,"x":2610,"y":350},{"gid":101,"height":30,"id":2410,"name":"cookies-2","rotation":0,"type":"cookies-2","visible":true,"width":92,"x":3584,"y":359},{"gid":29,"height":32,"id":3253,"name":"sandwich","rotation":0,"type":"sandwich","visible":true,"width":62,"x":4055,"y":354},{"gid":112,"height":41,"id":3517,"name":"wood-spoon","rotation":0,"type":"wood-spoon","visible":true,"width":71,"x":5019,"y":376},{"gid":107,"height":50,"id":3519,"name":"glove","rotation":0,"type":"glove","visible":true,"width":82,"x":4603,"y":369},{"gid":107,"height":50,"id":3975,"name":"glove","rotation":0,"type":"glove","visible":true,"width":82,"x":5270,"y":369},{"gid":98,"height":39,"id":4240,"name":"book-4","rotation":0,"type":"book-4","visible":true,"width":106,"x":5523,"y":355},{"gid":95,"height":46,"id":4241,"name":"book-1","rotation":0,"type":"book-1","visible":true,"width":116,"x":5829,"y":350},{"gid":104,"height":32,"id":4242,"name":"crayon-pink-yellow","rotation":0,"type":"crayon-pink-yellow","visible":true,"width":57,"x":6202,"y":332},{"gid":109,"height":48,"id":4572,"name":"rolling-pin","rotation":0,"type":"rolling-pin","visible":true,"width":120,"x":6855,"y":368},{"gid":101,"height":30,"id":4578,"name":"cookies-2","rotation":0,"type":"cookies-2","visible":true,"width":92,"x":6397,"y":359},{"gid":100,"height":48,"id":5724,"name":"cookies-1","rotation":0,"type":"cookies-1","visible":true,"width":74,"x":8447,"y":370},{"gid":101,"height":30,"id":5725,"name":"cookies-2","rotation":0,"type":"cookies-2","visible":true,"width":92,"x":8839,"y":364},{"gid":106,"height":43,"id":5822,"name":"fork-2","rotation":0,"type":"fork-2","visible":true,"width":74,"x":8057,"y":361},{"gid":111,"height":41,"id":5823,"name":"spoon","rotation":0,"type":"spoon","visible":true,"width":71,"x":9076,"y":361}],"opacity":1,"type":"objectgroup","visible":true,"x":0,"y":0},{"draworder":"topdown","id":15,"name":"static-obj","objects":[{"gid":68,"height":301,"id":473,"name":"dying-tree","rotation":0,"type":"dying-tree","visible":true,"width":334,"x":290,"y":457},{"gid":35,"height":97,"id":632,"name":"banana","rotation":0,"type":"banana","visible":true,"width":144,"x":1310,"y":457},{"gid":35,"height":97,"id":709,"name":"banana","rotation":0,"type":"banana","visible":true,"width":144,"x":1020,"y":457},{"gid":35,"height":97,"id":710,"name":"banana","rotation":0,"type":"banana","visible":true,"width":144,"x":730,"y":457},{"gid":144,"height":184,"id":1345,"name":"spaceship","rotation":0,"type":"spaceship","visible":true,"width":131,"x":1680,"y":457},{"gid":144,"height":184,"id":1347,"name":"spaceship","rotation":0,"type":"spaceship","visible":true,"width":131,"x":1973,"y":457},{"gid":144,"height":184,"id":1349,"name":"spaceship","rotation":0,"type":"spaceship","visible":true,"width":131,"x":2266,"y":457},{"gid":144,"height":184,"id":1987,"name":"spaceship","rotation":0,"type":"spaceship","visible":true,"width":131,"x":3007,"y":457},{"gid":58,"height":161,"id":2687,"name":"soft-drink-1","rotation":0,"type":"soft-drink-1","visible":true,"width":57,"x":3785,"y":462},{"gid":118,"height":158,"id":3275,"name":"orange-juice","rotation":0,"type":"orange-juice","visible":true,"width":54,"x":4010,"y":457},{"gid":118,"height":158,"id":3286,"name":"orange-juice","rotation":0,"type":"orange-juice","visible":true,"width":54,"x":4064,"y":457},{"gid":118,"height":158,"id":3287,"name":"orange-juice","rotation":0,"type":"orange-juice","visible":true,"width":54,"x":4118,"y":457},{"gid":79,"height":215,"id":4236,"name":"balloon","rotation":0,"type":"balloon","visible":true,"width":142,"x":5850,"y":457},{"gid":79,"height":215,"id":4244,"name":"balloon","rotation":0,"type":"balloon","visible":true,"width":142,"x":6048,"y":457},{"gid":42,"height":122,"id":4648,"name":"chest","rotation":0,"type":"chest","visible":true,"width":144,"x":6636,"y":458},{"gid":51,"height":98,"id":5900,"name":"milk-glass","rotation":0,"type":"milk-glass","visible":true,"width":62,"x":9066,"y":457}],"opacity":1,"type":"objectgroup","visible":true,"x":0,"y":0},{"draworder":"topdown","id":45,"name":"collect-obj","objects":[{"gid":85,"height":31,"id":696,"name":"coin","properties":[{"name":"isMoving","type":"bool","value":false},{"name":"value","type":"int","value":1}],"rotation":0,"type":"coin","visible":true,"width":31,"x":953,"y":450},{"gid":85,"height":31,"id":697,"name":"coin","properties":[{"name":"isMoving","type":"bool","value":false},{"name":"value","type":"int","value":1}],"rotation":0,"type":"coin","visible":true,"width":31,"x":1053.67,"y":450},{"gid":85,"height":31,"id":698,"name":"coin","properties":[{"name":"isMoving","type":"bool","value":false},{"name":"value","type":"int","value":1}],"rotation":0,"type":"coin","visible":true,"width":31,"x":1154,"y":450},{"gid":1,"height":56,"id":1378,"name":"gift-circle","properties":[{"name":"value","type":"int","value":10}],"rotation":0,"type":"gift-circle","visible":true,"width":54,"x":1718,"y":480},{"gid":1,"height":56,"id":1379,"name":"gift-circle","properties":[{"name":"value","type":"int","value":10}],"rotation":0,"type":"gift-circle","visible":true,"width":54,"x":2011,"y":480},{"gid":1,"height":56,"id":1380,"name":"gift-circle","properties":[{"name":"value","type":"int","value":10}],"rotation":0,"type":"gift-circle","visible":true,"width":54,"x":2303,"y":480},{"gid":85,"height":31,"id":3628,"name":"coin","properties":[{"name":"isMoving","type":"bool","value":true},{"name":"value","type":"int","value":1}],"rotation":0,"type":"coin","visible":true,"width":31,"x":4670,"y":450},{"gid":85,"height":31,"id":3629,"name":"coin","properties":[{"name":"isMoving","type":"bool","value":true},{"name":"value","type":"int","value":1}],"rotation":0,"type":"coin","visible":true,"width":31,"x":4769,"y":450},{"gid":85,"height":31,"id":3630,"name":"coin","properties":[{"name":"isMoving","type":"bool","value":true},{"name":"value","type":"int","value":1}],"rotation":0,"type":"coin","visible":true,"width":31,"x":4879,"y":450},{"gid":85,"height":31,"id":3631,"name":"coin","properties":[{"name":"isMoving","type":"bool","value":true},{"name":"value","type":"int","value":1}],"rotation":0,"type":"coin","visible":true,"width":31,"x":4978,"y":450},{"gid":85,"height":31,"id":3632,"name":"coin","properties":[{"name":"isMoving","type":"bool","value":true},{"name":"value","type":"int","value":1}],"rotation":0,"type":"coin","visible":true,"width":31,"x":5078,"y":450},{"gid":85,"height":31,"id":3639,"name":"coin","properties":[{"name":"isMoving","type":"bool","value":true},{"name":"value","type":"int","value":1}],"rotation":0,"type":"coin","visible":true,"width":31,"x":4261,"y":450},{"gid":85,"height":31,"id":3640,"name":"coin","properties":[{"name":"isMoving","type":"bool","value":true},{"name":"value","type":"int","value":1}],"rotation":0,"type":"coin","visible":true,"width":31,"x":4371,"y":450},{"gid":85,"height":31,"id":3641,"name":"coin","properties":[{"name":"isMoving","type":"bool","value":true},{"name":"value","type":"int","value":1}],"rotation":0,"type":"coin","visible":true,"width":31,"x":4470,"y":450},{"gid":85,"height":31,"id":3642,"name":"coin","properties":[{"name":"isMoving","type":"bool","value":true},{"name":"value","type":"int","value":1}],"rotation":0,"type":"coin","visible":true,"width":31,"x":4570,"y":450},{"gid":85,"height":31,"id":4178,"name":"coin","properties":[{"name":"isMoving","type":"bool","value":true},{"name":"value","type":"int","value":1}],"rotation":0,"type":"coin","visible":true,"width":31,"x":5224,"y":450},{"gid":85,"height":31,"id":4219,"name":"coin","properties":[{"name":"isMoving","type":"bool","value":false},{"name":"value","type":"int","value":1}],"rotation":0,"type":"coin","visible":true,"width":31,"x":5183,"y":450},{"gid":85,"height":31,"id":4220,"name":"coin","properties":[{"name":"isMoving","type":"bool","value":false},{"name":"value","type":"int","value":1}],"rotation":0,"type":"coin","visible":true,"width":31,"x":5265,"y":450},{"gid":85,"height":31,"id":4221,"name":"coin","properties":[{"name":"isMoving","type":"bool","value":false},{"name":"value","type":"int","value":1}],"rotation":0,"type":"coin","visible":true,"width":31,"x":5347,"y":450},{"gid":85,"height":31,"id":4179,"name":"coin","properties":[{"name":"isMoving","type":"bool","value":true},{"name":"value","type":"int","value":1}],"rotation":0,"type":"coin","visible":true,"width":31,"x":5306,"y":450},{"gid":4,"height":31,"id":5276,"name":"coin","properties":[{"name":"isMoving","type":"bool","value":false},{"name":"value","type":"int","value":1}],"rotation":0,"type":"coin","visible":true,"width":31,"x":7722,"y":450},{"gid":4,"height":31,"id":5277,"name":"coin","properties":[{"name":"isMoving","type":"bool","value":false},{"name":"value","type":"int","value":1}],"rotation":0,"type":"coin","visible":true,"width":31,"x":7432,"y":450},{"gid":4,"height":31,"id":5278,"name":"coin","properties":[{"name":"isMoving","type":"bool","value":false},{"name":"value","type":"int","value":1}],"rotation":0,"type":"coin","visible":true,"width":31,"x":7780,"y":450},{"gid":4,"height":31,"id":5279,"name":"coin","properties":[{"name":"isMoving","type":"bool","value":false},{"name":"value","type":"int","value":1}],"rotation":0,"type":"coin","visible":true,"width":31,"x":7490,"y":450},{"gid":4,"height":31,"id":5280,"name":"coin","properties":[{"name":"isMoving","type":"bool","value":false},{"name":"value","type":"int","value":1}],"rotation":0,"type":"coin","visible":true,"width":31,"x":7838,"y":450},{"gid":4,"height":31,"id":5281,"name":"coin","properties":[{"name":"isMoving","type":"bool","value":false},{"name":"value","type":"int","value":1}],"rotation":0,"type":"coin","visible":true,"width":31,"x":7548,"y":450},{"gid":4,"height":31,"id":5282,"name":"coin","properties":[{"name":"isMoving","type":"bool","value":false},{"name":"value","type":"int","value":1}],"rotation":0,"type":"coin","visible":true,"width":31,"x":7896,"y":450},{"gid":4,"height":31,"id":5283,"name":"coin","properties":[{"name":"isMoving","type":"bool","value":false},{"name":"value","type":"int","value":1}],"rotation":0,"type":"coin","visible":true,"width":31,"x":7606,"y":450},{"gid":4,"height":31,"id":5284,"name":"coin","properties":[{"name":"isMoving","type":"bool","value":false},{"name":"value","type":"int","value":1}],"rotation":0,"type":"coin","visible":true,"width":31,"x":7954,"y":450},{"gid":4,"height":31,"id":5285,"name":"coin","properties":[{"name":"isMoving","type":"bool","value":false},{"name":"value","type":"int","value":1}],"rotation":0,"type":"coin","visible":true,"width":31,"x":7664,"y":450}],"opacity":1,"type":"objectgroup","visible":true,"x":0,"y":0},{"draworder":"topdown","id":21,"name":"movement-modifier-obj","objects":[{"gid":122,"height":37,"id":603,"name":"conveyor","properties":[{"name":"direction","type":"string","value":"left"},{"name":"speed","type":"int","value":120}],"rotation":0,"type":"conveyor","visible":true,"width":121,"x":967,"y":483},{"gid":122,"height":37,"id":695,"name":"conveyor","properties":[{"name":"direction","type":"string","value":"left"},{"name":"speed","type":"int","value":120}],"rotation":0,"type":"conveyor","visible":true,"width":121,"x":1058,"y":483}],"opacity":1,"type":"objectgroup","visible":true,"x":0,"y":0},{"draworder":"topdown","id":48,"name":"sudden-obj","objects":[{"gid":120,"height":65,"id":1794,"name":"fallingBread","rotation":0,"type":"fallingBread","visible":true,"width":123,"x":2871,"y":449},{"gid":140,"height":65,"id":5263,"name":"fallingBread","rotation":0,"type":"fallingBread","visible":true,"width":123,"x":7429,"y":449},{"gid":140,"height":65,"id":5264,"name":"fallingBread","rotation":0,"type":"fallingBread","visible":true,"width":123,"x":7574,"y":449},{"gid":140,"height":65,"id":5265,"name":"fallingBread","rotation":0,"type":"fallingBread","visible":true,"width":123,"x":7719,"y":449},{"gid":140,"height":65,"id":5266,"name":"fallingBread","rotation":0,"type":"fallingBread","visible":true,"width":123,"x":7864,"y":449}],"opacity":1,"type":"objectgroup","visible":true,"x":0,"y":0},{"draworder":"topdown","id":51,"name":"trap-obj","objects":[{"gid":52,"height":185,"id":1346,"name":"spaceship","rotation":0,"type":"spaceship","visible":true,"width":134,"x":1825,"y":457},{"gid":52,"height":185,"id":1348,"name":"spaceship","rotation":0,"type":"spaceship","visible":true,"width":134,"x":2118,"y":457},{"gid":52,"height":185,"id":1350,"name":"spaceship","rotation":0,"type":"spaceship","visible":true,"width":134,"x":2411,"y":457},{"gid":52,"height":185,"id":1986,"name":"spaceship","rotation":0,"type":"spaceship","visible":true,"width":134,"x":3152,"y":457},{"gid":141,"height":223,"id":4237,"name":"balloon","rotation":0,"type":"balloon","visible":true,"width":147,"x":5648,"y":459},{"gid":141,"height":223,"id":4238,"name":"balloon","rotation":0,"type":"balloon","visible":true,"width":147,"x":5460,"y":459}],"opacity":1,"type":"objectgroup","visible":true,"x":0,"y":0},{"draworder":"topdown","id":45,"name":"seethrough-obj","objects":[{"gid":128,"height":162,"id":2686,"name":"empty-bottle-2","rotation":0,"type":"empty-bottle-2","visible":true,"width":52,"x":3881,"y":462},{"gid":142,"height":121,"id":5890,"name":"crystall-ball","rotation":0,"type":"crystall-ball","visible":true,"width":113,"x":8901,"y":457},{"gid":142,"height":121,"id":5892,"name":"crystall-ball","rotation":0,"type":"crystall-ball","visible":true,"width":113,"x":9186,"y":457},{"gid":145,"height":93,"id":5893,"name":"glass","rotation":0,"type":"glass","visible":true,"width":59,"x":8456,"y":457},{"gid":145,"height":93,"id":5917,"name":"glass","rotation":0,"type":"glass","visible":true,"width":59,"x":9374,"y":457},{"gid":145,"height":93,"id":5894,"name":"glass","rotation":0,"type":"glass","visible":true,"width":59,"x":8605,"y":457},{"gid":145,"height":93,"id":5916,"name":"glass","rotation":0,"type":"glass","visible":true,"width":59,"x":9523,"y":457},{"gid":145,"height":93,"id":5895,"name":"glass","rotation":0,"type":"glass","visible":true,"width":59,"x":8761,"y":457},{"gid":145,"height":93,"id":5915,"name":"glass","rotation":0,"type":"glass","visible":true,"width":59,"x":9679,"y":457}],"opacity":1,"type":"objectgroup","visible":true,"x":0,"y":0},{"draworder":"topdown","id":52,"name":"speed-modifier-obj","objects":[{"gid":169,"height":42,"id":1302,"name":"skateboard","properties":[{"name":"speedBonusPercent","type":"float","value":2},{"name":"speedDuration","type":"float","value":1.2}],"rotation":0,"type":"skateboard","visible":true,"width":101,"x":1517,"y":483},{"gid":59,"height":42,"id":5261,"name":"skateboard","properties":[{"name":"speedBonusPercent","type":"float","value":2},{"name":"speedDuration","type":"float","value":1.2}],"rotation":0,"type":"skateboard","visible":true,"width":101,"x":7080,"y":483},{"gid":170,"height":42,"id":5912,"name":"skateboard","properties":[{"name":"speedBonusPercent","type":"float","value":2},{"name":"speedDuration","type":"float","value":1.2}],"rotation":0,"type":"skateboard","visible":true,"width":101,"x":8055,"y":483}],"opacity":1,"type":"objectgroup","visible":true,"x":0,"y":0},{"draworder":"topdown","id":47,"name":"interactable-obj","objects":[{"gid":39,"height":36,"id":1959,"name":"red-button-up","properties":[{"name":"triggerID","type":"int","value":1794}],"rotation":0,"type":"red-button-up","visible":true,"width":59,"x":2641,"y":481},{"gid":39,"height":36,"id":5262,"name":"red-button-up","properties":[{"name":"triggerID","type":"int","value":5263}],"rotation":0,"type":"red-button-up","visible":true,"width":59,"x":7254,"y":487},{"gid":39,"height":36,"id":5267,"name":"red-button-up","properties":[{"name":"triggerID","type":"int","value":5264}],"rotation":0,"type":"red-button-up","visible":true,"width":59,"x":7254,"y":487},{"gid":39,"height":36,"id":5268,"name":"red-button-up","properties":[{"name":"triggerID","type":"int","value":5265}],"rotation":0,"type":"red-button-up","visible":true,"width":59,"x":7254,"y":487},{"gid":39,"height":36,"id":5269,"name":"red-button-up","properties":[{"name":"triggerID","type":"int","value":5266}],"rotation":0,"type":"red-button-up","visible":true,"width":59,"x":7254,"y":487}],"opacity":1,"type":"objectgroup","visible":true,"x":0,"y":0},{"draworder":"topdown","id":22,"name":"moving-obj","objects":[],"opacity":1,"type":"objectgroup","visible":true,"x":0,"y":0},{"draworder":"topdown","id":19,"name":"goal-obj","objects":[{"gid":113,"height":192,"id":6348,"name":"cheese-1","rotation":0,"type":"cheese-1","visible":true,"width":192,"x":9939,"y":491}],"opacity":1,"type":"objectgroup","visible":true,"x":0,"y":0}],"name":"objects","opacity":1,"type":"group","visible":true,"x":0,"y":0},{"draworder":"topdown","id":33,"name":"player","objects":[{"gid":138,"height":76,"id":486,"name":"mouse","rotation":0,"type":"player","visible":false,"width":63,"x":100.638857782755,"y":471}],"opacity":1,"type":"objectgroup","visible":false,"x":0,"y":0},{"draworder":"topdown","id":40,"name":"symbol","objects":[{"gid":140,"height":100,"id":346,"name":"start-point","rotation":0,"type":"start-point","visible":true,"width":100,"x":190,"y":471},{"gid":159,"height":164,"id":707,"name":"rise","properties":[{"name":"duration","type":"float","value":1},{"name":"height","type":"int","value":100}],"rotation":0,"type":"rise","visible":true,"width":260,"x":753,"y":471},{"gid":160,"height":164,"id":708,"name":"stare-trigger","properties":[{"name":"beamDuration","type":"float","value":1},{"name":"beamHoldDuration","type":"float","value":1},{"name":"confuseDuration","type":"float","value":1},{"name":"fallDuration","type":"float","value":0.6},{"name":"winkDuration","type":"float","value":1}],"rotation":0,"type":"stare-trigger","visible":true,"width":260,"x":1080,"y":471},{"gid":179,"height":164,"id":1390,"name":"rise","properties":[{"name":"duration","type":"float","value":0.3},{"name":"height","type":"int","value":100}],"rotation":0,"type":"rise","visible":true,"width":260,"x":1822,"y":471},{"gid":180,"height":164,"id":1391,"name":"stare-trigger","properties":[{"name":"beamDuration","type":"float","value":1},{"name":"beamHoldDuration","type":"float","value":1},{"name":"confuseDuration","type":"float","value":1},{"name":"fallDuration","type":"float","value":3},{"name":"winkDuration","type":"float","value":1}],"rotation":0,"type":"stare-trigger","visible":true,"width":260,"x":1894,"y":471},{"gid":179,"height":164,"id":2074,"name":"rise","properties":[{"name":"duration","type":"float","value":1},{"name":"height","type":"int","value":100}],"rotation":0,"type":"rise","visible":true,"width":260,"x":2641,"y":471},{"gid":180,"height":164,"id":2075,"name":"stare-trigger","properties":[{"name":"beamDuration","type":"float","value":1},{"name":"beamHoldDuration","type":"float","value":1},{"name":"confuseDuration","type":"float","value":1},{"name":"fallDuration","type":"float","value":0.5},{"name":"winkDuration","type":"float","value":1}],"rotation":0,"type":"stare-trigger","visible":true,"width":260,"x":2881,"y":471},{"gid":164,"height":164,"id":2699,"name":"rise","properties":[{"name":"duration","type":"float","value":1.5},{"name":"height","type":"int","value":100}],"rotation":0,"type":"rise","visible":true,"width":260,"x":3340,"y":471},{"gid":165,"height":164,"id":2700,"name":"stare-trigger","properties":[{"name":"beamDuration","type":"float","value":1},{"name":"beamHoldDuration","type":"float","value":1},{"name":"confuseDuration","type":"float","value":1},{"name":"fallDuration","type":"float","value":0.6},{"name":"winkDuration","type":"float","value":1}],"rotation":0,"type":"stare-trigger","visible":true,"width":260,"x":3690,"y":471},{"gid":164,"height":164,"id":4249,"name":"rise","properties":[{"name":"duration","type":"float","value":2.5},{"name":"height","type":"int","value":100}],"rotation":0,"type":"rise","visible":true,"width":260,"x":5163,"y":471},{"gid":165,"height":164,"id":4250,"name":"stare-trigger","properties":[{"name":"beamDuration","type":"float","value":1},{"name":"beamHoldDuration","type":"float","value":1},{"name":"confuseDuration","type":"float","value":1},{"name":"fallDuration","type":"float","value":0.6},{"name":"winkDuration","type":"float","value":1}],"rotation":0,"type":"stare-trigger","visible":true,"width":260,"x":5723,"y":471},{"gid":159,"height":164,"id":4659,"name":"rise","properties":[{"name":"duration","type":"float","value":1},{"name":"height","type":"int","value":100}],"rotation":0,"type":"rise","visible":true,"width":260,"x":6313,"y":471},{"gid":161,"height":164,"id":4660,"name":"watch-trigger","properties":[{"name":"beamDuration","type":"float","value":1},{"name":"beamHoldDuration","type":"float","value":15},{"name":"confuseDuration","type":"float","value":1},{"name":"fallDuration","type":"float","value":1},{"name":"winkDuration","type":"float","value":1}],"rotation":0,"type":"watch-trigger","visible":true,"width":260,"x":6553,"y":471},{"gid":180,"height":164,"id":5984,"name":"rise","properties":[{"name":"duration","type":"float","value":1},{"name":"height","type":"int","value":100}],"rotation":0,"type":"rise","visible":false,"width":260,"x":8791,"y":471},{"gid":184,"height":164,"id":5985,"name":"fall","properties":[{"name":"duration","type":"float","value":1},{"name":"height","type":"int","value":0}],"rotation":0,"type":"fall","visible":false,"width":260,"x":9184,"y":471},{"gid":180,"height":164,"id":5986,"name":"rise","properties":[{"name":"duration","type":"float","value":1.5},{"name":"height","type":"int","value":100}],"rotation":0,"type":"rise","visible":true,"width":260,"x":8636,"y":471},{"gid":181,"height":164,"id":5987,"name":"stare-trigger","properties":[{"name":"beamDuration","type":"float","value":1},{"name":"beamHoldDuration","type":"float","value":1},{"name":"confuseDuration","type":"float","value":1},{"name":"fallDuration","type":"float","value":0.6},{"name":"winkDuration","type":"float","value":1}],"rotation":0,"type":"stare-trigger","visible":true,"width":260,"x":8876,"y":471}],"opacity":1,"type":"objectgroup","visible":true,"x":0,"y":0}],"nextlayerid":51,"nextobjectid":487,"orientation":"orthogonal","renderorder":"right-down","tiledversion":"1.7.1","tileheight":20,"tilesets":[{"columns":0,"firstgid":1,"grid":{"height":1,"orientation":"orthogonal","width":1},"margin":0,"name":"static-obj","spacing":0,"tilecount":49,"tileheight":301,"tiles":[{"id":32,"image":"../maps/assets/static-obj/apple.png","type":"apple"},{"id":33,"image":"../maps/assets/static-obj/ball.png","type":"ball"},{"id":34,"image":"../maps/assets/static-obj/banana.png","type":"banana"},{"id":35,"image":"../maps/assets/static-obj/books.png","type":"books"},{"id":36,"image":"../maps/assets/static-obj/cactus.png","type":"cactus"},{"id":37,"image":"../maps/assets/static-obj/candy-bottle.png","type":"candy-bottle"},{"id":38,"image":"../maps/assets/static-obj/clock.png","type":"clock"},{"id":39,"image":"../maps/assets/static-obj/coca.png","type":"coca"},{"id":40,"image":"../maps/assets/static-obj/cupcake.png","type":"cupcake"},{"id":41,"image":"../maps/assets/static-obj/chest.png","type":"chest"},{"id":42,"image":"../maps/assets/static-obj/chest-2.png","type":"chest-2"},{"id":43,"image":"../maps/assets/static-obj/eraser.png","type":"eraser"},{"id":44,"image":"../maps/assets/static-obj/fries.png","type":"fries"},{"id":45,"image":"../maps/assets/static-obj/gavel-bottle.png","type":"gavel-bottle"},{"id":46,"image":"../maps/assets/static-obj/gummy-candy.png","type":"gummy-candy"},{"id":47,"image":"../maps/assets/static-obj/hamburger.png","type":"hamburger"},{"id":48,"image":"../maps/assets/static-obj/hotdog.png","type":"hotdog"},{"id":49,"image":"../maps/assets/static-obj/milk-bottle.png","type":"milk-bottle"},{"id":50,"image":"../maps/assets/static-obj/milk-glass.png","type":"milk-glass"},{"id":51,"image":"../maps/assets/static-obj/milk-tea.png","type":"milk-tea"},{"id":52,"image":"../maps/assets/static-obj/milk-tea-2.png","type":"milk-tea-2"},{"id":53,"image":"../maps/assets/static-obj/orange.png","type":"orange"},{"id":54,"image":"../maps/assets/static-obj/orange-juice.png","type":"orange-juice"},{"id":55,"image":"../maps/assets/static-obj/pencil.png","type":"pencil"},{"id":56,"image":"../maps/assets/static-obj/sandwiches.png","type":"sandwiches"},{"id":57,"image":"../maps/assets/static-obj/soft-drink-1.png","type":"soft-drink-1"},{"id":58,"image":"../maps/assets/static-obj/sugar-bottle.png","type":"sugar-bottle"},{"id":59,"image":"../maps/assets/static-obj/toaster.png","type":"toaster"},{"id":60,"image":"../maps/assets/static-obj/toy.png","type":"toy"},{"id":61,"image":"../maps/assets/static-obj/watermelon-1.png","type":"watermelon-1"},{"id":62,"image":"../maps/assets/static-obj/watermelon-2.png","type":"watermelon-2"},{"id":63,"image":"../maps/assets/static-obj/candy-star.png","type":"candy-star"},{"id":64,"image":"../maps/assets/static-obj/candy-umbrella.png","type":"candy-umbrella"},{"id":65,"image":"../maps/assets/static-obj/cat-mask.png","type":"cat-mask"},{"id":66,"image":"../maps/assets/static-obj/desk-phone.png","type":"desk-phone"},{"id":67,"image":"../maps/assets/static-obj/dying-tree.png","type":"dying-tree"},{"id":68,"image":"../maps/assets/static-obj/eclock.png","type":"eclock"},{"id":69,"image":"../maps/assets/static-obj/gift-box.png","type":"gift-box"},{"id":70,"image":"../maps/assets/static-obj/marble-ball.png","type":"marble-ball"},{"id":71,"image":"../maps/assets/static-obj/marble-ball-group.png","type":"marble-ball-group"},{"id":72,"image":"../maps/assets/static-obj/origami-bird.png","type":"origami-bird"},{"id":73,"image":"../maps/assets/static-obj/origami-rabbit.png","type":"origami-rabbit"},{"id":74,"image":"../maps/assets/static-obj/piggy-bank.png","type":"piggy-bank"},{"id":75,"image":"../maps/assets/static-obj/square-origami.png","type":"square-origami"},{"id":76,"image":"../maps/assets/static-obj/teddy-bear.png","type":"teddy-bear"},{"id":77,"image":"../maps/assets/static-obj/zippo.png","type":"zippo"},{"id":78,"image":"../../Downloads/x2_2/x2/gameplay/static-obj/balloon.png","type":"balloon"},{"id":79,"image":"../../Downloads/x2_2/x2/gameplay/static-obj/crab.png","type":"crab"},{"id":80,"image":"../../Downloads/x2_2/x2/gameplay/static-obj/spaceship.png","type":"spaceship"}],"tilewidth":334},{"columns":0,"firstgid":82,"grid":{"height":1,"orientation":"orthogonal","width":1},"margin":0,"name":"collect-obj","spacing":0,"tilecount":4,"tileheight":82,"tiles":[{"id":0,"image":"../maps/assets/collect-obj/gift-circle.png","properties":[{"name":"value","type":"int","value":10}],"type":"gift-circle"},{"id":1,"image":"../maps/assets/collect-obj/gift-heart.png","properties":[{"name":"value","type":"int","value":10}],"type":"gift-heart"},{"id":2,"image":"../maps/assets/collect-obj/gift-square.png","properties":[{"name":"value","type":"int","value":10}],"type":"gift-square"},{"id":3,"image":"../maps/assets/collect-obj/coin.png","properties":[{"name":"value","type":"int","value":1}],"type":"coin"}],"tilewidth":82},{"columns":0,"firstgid":86,"grid":{"height":1,"orientation":"orthogonal","width":1},"margin":0,"name":"decor-obj","spacing":0,"tilecount":6,"tileheight":320,"tiles":[{"id":3,"image":"../maps/assets/decor-obj/handkerchief-1.png","type":"handkerchief-1"},{"id":4,"image":"../maps/assets/decor-obj/handkerchief-2.png","type":"handkerchief-2"},{"id":5,"image":"../maps/assets/decor-obj/handkerchief-3.png","type":"handkerchief-3"},{"id":6,"image":"../maps/assets/decor-obj/handkerchief-4.png","type":"handkerchief-4"},{"id":7,"image":"../maps/assets/decor-obj/handkerchief-5.png","type":"handkerchief-5"},{"id":8,"image":"../maps/assets/decor-obj/handkerchief-6.png","type":"handkerchief-6"}],"tilewidth":693},{"columns":0,"firstgid":95,"grid":{"height":1,"orientation":"orthogonal","width":1},"margin":0,"name":"decor-obj-behind","spacing":0,"tilecount":18,"tileheight":142,"tiles":[{"id":0,"image":"../maps/assets/decor-obj-behind/book-1.png","type":"book-1"},{"id":1,"image":"../maps/assets/decor-obj-behind/book-2.png","type":"book-2"},{"id":2,"image":"../maps/assets/decor-obj-behind/book-3.png","type":"book-3"},{"id":3,"image":"../maps/assets/decor-obj-behind/book-4.png","type":"book-4"},{"id":4,"image":"../maps/assets/decor-obj-behind/book-5.png","type":"book-5"},{"id":5,"image":"../maps/assets/decor-obj-behind/cookies-1.png","type":"cookies-1"},{"id":6,"image":"../maps/assets/decor-obj-behind/cookies-2.png","type":"cookies-2"},{"id":7,"image":"../maps/assets/decor-obj-behind/crayon-blue.png","type":"crayon-blue"},{"id":8,"image":"../maps/assets/decor-obj-behind/crayon-green.png","type":"crayon-green"},{"id":9,"image":"../maps/assets/decor-obj-behind/crayon-pink-yellow.png","type":"crayon-pink-yellow"},{"id":10,"image":"../maps/assets/decor-obj-behind/fork.png","type":"fork"},{"id":11,"image":"../maps/assets/decor-obj-behind/fork-2.png","type":"fork-2"},{"id":12,"image":"../maps/assets/decor-obj-behind/glove.png","type":"glove"},{"id":13,"image":"../maps/assets/decor-obj-behind/knife.png","type":"knife"},{"id":14,"image":"../maps/assets/decor-obj-behind/rolling-pin.png","type":"rolling-pin"},{"id":15,"image":"../maps/assets/decor-obj-behind/sandwich.png","type":"sandwich"},{"id":16,"image":"../maps/assets/decor-obj-behind/spoon.png","type":"spoon"},{"id":17,"image":"../maps/assets/decor-obj-behind/wood-spoon.png","type":"wood-spoon"}],"tilewidth":342},{"columns":0,"firstgid":113,"grid":{"height":1,"orientation":"orthogonal","width":1},"margin":0,"name":"goal-obj","spacing":0,"tilecount":2,"tileheight":192,"tiles":[{"id":0,"image":"../maps/assets/goal-obj/cheese-1.png","type":"cheese-1"},{"id":1,"image":"../maps/assets/goal-obj/cheese-2.png","type":"cheese-2"}],"tilewidth":307},{"columns":0,"firstgid":115,"grid":{"height":1,"orientation":"orthogonal","width":1},"margin":0,"name":"interactable-obj","spacing":0,"tilecount":6,"tileheight":134,"tiles":[{"id":0,"image":"../maps/assets/interactable-obj/blue-button-down.png","properties":[{"name":"triggerID","type":"int","value":0}],"type":"blue-button-down"},{"id":1,"image":"../maps/assets/interactable-obj/blue-button-up.png","properties":[{"name":"triggerID","type":"int","value":0}],"type":"blue-button-up"},{"id":2,"image":"../maps/assets/interactable-obj/joystick.png","properties":[{"name":"triggerID","type":"int","value":0}],"type":"joystick"},{"id":3,"image":"../maps/assets/interactable-obj/joystick-down.png","properties":[{"name":"triggerID","type":"int","value":0}],"type":"joystick-down"},{"id":4,"image":"../maps/assets/interactable-obj/red-button-down.png","properties":[{"name":"triggerID","type":"int","value":0}],"type":"red-button-down"},{"id":5,"image":"../maps/assets/interactable-obj/red-button-up.png","properties":[{"name":"triggerID","type":"int","value":0}],"type":"red-button-up"}],"tilewidth":121},{"columns":0,"firstgid":121,"grid":{"height":1,"orientation":"orthogonal","width":1},"margin":0,"name":"movement-modifier-obj","spacing":0,"tilecount":3,"tileheight":110,"tiles":[{"id":0,"image":"../maps/assets/movement-modifier-obj/boxing.png","properties":[{"name":"direction","type":"string","value":"right"},{"name":"speed","type":"int","value":100}],"type":"boxing"},{"id":1,"image":"../maps/assets/movement-modifier-obj/conveyor.png","properties":[{"name":"direction","type":"string","value":"left"},{"name":"speed","type":"int","value":30}],"type":"conveyor"},{"id":2,"image":"../maps/assets/movement-modifier-obj/liquid.png","type":"liquid"}],"tilewidth":241},{"columns":0,"firstgid":124,"grid":{"height":1,"orientation":"orthogonal","width":1},"margin":0,"name":"moving-obj","spacing":0,"tilecount":2,"tileheight":424,"tiles":[{"id":0,"image":"../maps/assets/moving-obj/icecream-truck.png","type":"icecream-truck"},{"id":1,"image":"../maps/assets/moving-obj/tank.png","type":"tank"}],"tilewidth":564},{"columns":0,"firstgid":126,"grid":{"height":1,"orientation":"orthogonal","width":1},"margin":0,"name":"seethrough-obj","spacing":0,"tilecount":8,"tileheight":165,"tiles":[{"id":0,"image":"../maps/assets/seethrough-obj/crystall-ball.png","type":"crystall-ball"},{"id":1,"image":"../maps/assets/seethrough-obj/empty-bottle-1.png","type":"empty-bottle-1"},{"id":2,"image":"../maps/assets/seethrough-obj/empty-bottle-2.png","type":"empty-bottle-2"},{"id":3,"image":"../maps/assets/seethrough-obj/glass.png","type":"glass"},{"id":4,"image":"../maps/assets/seethrough-obj/glasses.png","type":"glasses"},{"id":5,"image":"../maps/assets/seethrough-obj/king.png","type":"king"},{"id":6,"image":"../maps/assets/seethrough-obj/knight.png","type":"knight"},{"id":7,"image":"../maps/assets/seethrough-obj/queen.png","type":"queen"}],"tilewidth":138},{"columns":0,"firstgid":134,"grid":{"height":1,"orientation":"orthogonal","width":1},"margin":0,"name":"trap-obj","spacing":0,"tilecount":3,"tileheight":445,"tiles":[{"id":0,"image":"../maps/assets/trap-obj/balloon.png","type":"balloon"},{"id":1,"image":"../maps/assets/trap-obj/crab.png","type":"crab"},{"id":2,"image":"../maps/assets/trap-obj/spaceship.png","type":"spaceship"}],"tilewidth":365},{"columns":0,"firstgid":137,"grid":{"height":1,"orientation":"orthogonal","width":1},"margin":0,"name":"players","spacing":0,"tilecount":2,"tileheight":328,"tiles":[{"id":0,"image":"../maps/assets/players/boy.png","type":"watcher"},{"id":1,"image":"../maps/assets/players/mouse.png","type":"player"}],"tilewidth":520},{"columns":4,"firstgid":139,"image":"../maps/assets/tileset/tileset.png","imageheight":116,"imagewidth":116,"margin":0,"name":"tileset","spacing":0,"tilecount":0,"tileheight":29,"tilewidth":29,"transformations":{"hflip":false,"preferuntransformed":true,"rotate":false,"vflip":false}},{"columns":0,"firstgid":139,"grid":{"height":1,"orientation":"orthogonal","width":1},"margin":0,"name":"symbol","spacing":0,"tilecount":10,"tileheight":164,"tiles":[{"id":0,"image":"../maps/assets/symbol/eye.svg","properties":[{"name":"duration","type":"float","value":2}],"type":"watch-trigger"},{"id":1,"image":"../maps/assets/symbol/start.svg","type":"start-point"},{"id":2,"image":"../maps/assets/symbol/stand.svg","properties":[{"name":"duration","type":"float","value":2},{"name":"height-cap","type":"float","value":100}],"type":"stand-trigger"},{"id":3,"image":"../maps/assets/symbol/monkey.png","properties":[{"name":"duration","type":"float","value":5}],"type":"monkey-trigger"},{"id":8,"image":"../maps/assets/symbol/eye_end.png","type":"end-watch-trigger"},{"id":9,"image":"../maps/assets/symbol/rise.png","properties":[{"name":"duration","type":"float","value":0},{"name":"height","type":"int","value":0}],"type":"rise"},{"id":10,"image":"../maps/assets/symbol/stare-trigger.png","properties":[{"name":"beamDuration","type":"float","value":0},{"name":"beamHoldDuration","type":"float","value":0},{"name":"confuseDuration","type":"float","value":0},{"name":"fallDuration","type":"float","value":0},{"name":"winkDuration","type":"float","value":0}],"type":"stare-trigger"},{"id":11,"image":"../maps/assets/symbol/watch-trigger.png","properties":[{"name":"beamDuration","type":"float","value":0},{"name":"beamHoldDuration","type":"float","value":0},{"name":"confuseDuration","type":"float","value":0},{"name":"fallDuration","type":"float","value":0},{"name":"winkDuration","type":"float","value":0}],"type":"watch-trigger"},{"id":12,"image":"../maps/assets/symbol/end-trigger.png","type":"end-trigger"},{"id":13,"image":"../maps/assets/symbol/fall.png","properties":[{"name":"duration","type":"float","value":0},{"name":"height","type":"int","value":0}],"type":"fall"}],"tilewidth":260},{"columns":0,"firstgid":153,"grid":{"height":1,"orientation":"orthogonal","width":1},"margin":0,"name":"speed-modifier-obj","spacing":0,"tilecount":6,"tileheight":55,"tiles":[{"id":0,"image":"../maps/assets/speed-modifier-obj/chocolate.png","properties":[{"name":"speedBonusPercent","type":"float","value":0.5},{"name":"speedDuration","type":"float","value":1}],"type":"chocolate-1"},{"id":2,"image":"../maps/assets/speed-modifier-obj/chocolate-2.png","type":"chocolate-2"},{"id":3,"image":"../maps/assets/speed-modifier-obj/chocolate-3.png","type":"chocolate-3"},{"id":4,"image":"../maps/assets/speed-modifier-obj/chocolate-4.png","type":"chocolate-4"},{"id":5,"image":"../maps/assets/speed-modifier-obj/chocolate-5.png","type":"chocolate-5"},{"id":6,"image":"../maps/assets/speed-modifier-obj/skateboard.png","properties":[{"name":"speedBonusPercent","type":"float","value":2},{"name":"speedDuration","type":"float","value":1.2}],"type":"skateboard"}],"tilewidth":409}],"tilewidth":20,"type":"map","version":"1.6","width":516}