{"compressionlevel":1,"height":30,"infinite":false,"layers":[{"draworder":"topdown","id":34,"name":"watcher","objects":[{"gid":137,"height":164,"id":180,"name":"boy","rotation":0,"type":"watcher","visible":true,"width":260,"x":400,"y":262}],"opacity":1,"type":"objectgroup","visible":false,"x":0,"y":0},{"id":26,"layers":[{"draworder":"topdown","id":18,"name":"decor-obj-behind","objects":[{"gid":96,"height":43,"id":1281,"name":"book-2","rotation":0,"type":"book-2","visible":true,"width":118,"x":2169,"y":364},{"gid":102,"height":28,"id":1282,"name":"crayon-blue","rotation":0,"type":"crayon-blue","visible":true,"width":26,"x":1680,"y":362},{"gid":109,"height":48,"id":2288,"name":"rolling-pin","rotation":0,"type":"rolling-pin","visible":true,"width":120,"x":3375,"y":368},{"gid":101,"height":30,"id":2294,"name":"cookies-2","rotation":0,"type":"cookies-2","visible":true,"width":92,"x":2917,"y":359},{"gid":106,"height":43,"id":2830,"name":"fork-2","rotation":0,"type":"fork-2","visible":true,"width":74,"x":4072,"y":353},{"gid":105,"height":43,"id":2831,"name":"fork","rotation":0,"type":"fork","visible":true,"width":76,"x":3704,"y":354},{"gid":112,"height":41,"id":2832,"name":"wood-spoon","rotation":0,"type":"wood-spoon","visible":true,"width":71,"x":3893,"y":366},{"gid":109,"height":48,"id":4597,"name":"rolling-pin","rotation":0,"type":"rolling-pin","visible":true,"width":120,"x":6801,"y":368},{"gid":107,"height":50,"id":4605,"name":"glove","rotation":0,"type":"glove","visible":true,"width":82,"x":7246,"y":369},{"gid":112,"height":41,"id":5557,"name":"wood-spoon","rotation":0,"type":"wood-spoon","visible":true,"width":71,"x":8822,"y":376},{"gid":107,"height":50,"id":5559,"name":"glove","rotation":0,"type":"glove","visible":true,"width":82,"x":8406,"y":369}],"opacity":1,"type":"objectgroup","visible":true,"x":0,"y":0},{"draworder":"topdown","id":15,"name":"static-obj","objects":[{"gid":68,"height":301,"id":473,"name":"dying-tree","rotation":0,"type":"dying-tree","visible":true,"width":334,"x":290,"y":457},{"gid":37,"height":140,"id":1170,"name":"cactus","rotation":0,"type":"cactus","visible":true,"width":100,"x":1417,"y":457},{"gid":37,"height":140,"id":1171,"name":"cactus","rotation":0,"type":"cactus","visible":true,"width":100,"x":1690,"y":457},{"gid":37,"height":140,"id":1172,"name":"cactus","rotation":0,"type":"cactus","visible":true,"width":100,"x":2005,"y":457},{"gid":37,"height":140,"id":1173,"name":"cactus","rotation":0,"type":"cactus","visible":true,"width":100,"x":2324,"y":457},{"gid":122,"height":114,"id":1894,"name":"sugar-bottle","rotation":0,"type":"sugar-bottle","visible":true,"width":62,"x":2626,"y":457},{"gid":101,"height":113,"id":1900,"name":"candy-bottle","rotation":0,"type":"candy-bottle","visible":true,"width":65,"x":2723,"y":457},{"gid":114,"height":98,"id":1930,"name":"milk-glass","rotation":0,"type":"milk-glass","visible":true,"width":62,"x":2527,"y":457},{"gid":42,"height":122,"id":2364,"name":"chest","rotation":0,"type":"chest","visible":true,"width":144,"x":3156,"y":458},{"gid":44,"height":74,"id":2619,"name":"eraser","rotation":0,"type":"eraser","visible":true,"width":56,"x":3762,"y":457},{"gid":56,"height":146,"id":2620,"name":"pencil","rotation":0,"type":"pencil","visible":true,"width":20,"x":3682,"y":457},{"gid":44,"height":74,"id":2623,"name":"eraser","rotation":0,"type":"eraser","visible":true,"width":56,"x":3962,"y":457},{"gid":56,"height":146,"id":2624,"name":"pencil","rotation":0,"type":"pencil","visible":true,"width":20,"x":3882,"y":457},{"gid":44,"height":74,"id":2625,"name":"eraser","rotation":0,"type":"eraser","visible":true,"width":56,"x":4162,"y":457},{"gid":56,"height":146,"id":2626,"name":"pencil","rotation":0,"type":"pencil","visible":true,"width":20,"x":4082,"y":457},{"gid":165,"height":146,"id":4229,"name":"desk-phone","rotation":0,"type":"desk-phone","visible":true,"width":200,"x":6501,"y":457},{"gid":166,"height":301,"id":4232,"name":"dying-tree","rotation":0,"type":"dying-tree","visible":true,"width":334,"x":5768,"y":457},{"gid":124,"height":98,"id":5381,"name":"milk-glass","rotation":0,"type":"milk-glass","visible":true,"width":62,"x":7496,"y":457},{"gid":124,"height":98,"id":5384,"name":"milk-glass","rotation":0,"type":"milk-glass","visible":true,"width":62,"x":7696,"y":457},{"gid":124,"height":98,"id":5386,"name":"milk-glass","rotation":0,"type":"milk-glass","visible":true,"width":62,"x":7896,"y":457}],"opacity":1,"type":"objectgroup","visible":true,"x":0,"y":0},{"draworder":"topdown","id":45,"name":"collect-obj","objects":[{"gid":82,"height":56,"id":1201,"name":"gift-circle","properties":[{"name":"value","type":"int","value":10}],"rotation":0,"type":"gift-circle","visible":true,"width":54,"x":1866,"y":482},{"gid":4,"height":31,"id":1899,"name":"coin","properties":[{"name":"isMoving","type":"bool","value":true},{"name":"value","type":"int","value":1}],"rotation":0,"type":"coin","visible":true,"width":31,"x":2542,"y":450},{"gid":4,"height":31,"id":1898,"name":"coin","properties":[{"name":"isMoving","type":"bool","value":true},{"name":"value","type":"int","value":1}],"rotation":0,"type":"coin","visible":true,"width":31,"x":2591,"y":450},{"gid":4,"height":31,"id":1897,"name":"coin","properties":[{"name":"isMoving","type":"bool","value":true},{"name":"value","type":"int","value":1}],"rotation":0,"type":"coin","visible":true,"width":31,"x":2690,"y":450},{"gid":4,"height":31,"id":1896,"name":"coin","properties":[{"name":"isMoving","type":"bool","value":true},{"name":"value","type":"int","value":1}],"rotation":0,"type":"coin","visible":true,"width":31,"x":2641,"y":450},{"gid":4,"height":31,"id":1895,"name":"coin","properties":[{"name":"isMoving","type":"bool","value":true},{"name":"value","type":"int","value":1}],"rotation":0,"type":"coin","visible":true,"width":31,"x":2740,"y":450},{"gid":4,"height":31,"id":4218,"name":"coin","properties":[{"name":"isMoving","type":"bool","value":false},{"name":"value","type":"int","value":1}],"rotation":0,"type":"coin","visible":true,"width":31,"x":5274,"y":450},{"gid":4,"height":31,"id":4219,"name":"coin","properties":[{"name":"isMoving","type":"bool","value":false},{"name":"value","type":"int","value":1}],"rotation":0,"type":"coin","visible":true,"width":31,"x":5332,"y":450},{"gid":4,"height":31,"id":4220,"name":"coin","properties":[{"name":"isMoving","type":"bool","value":false},{"name":"value","type":"int","value":1}],"rotation":0,"type":"coin","visible":true,"width":31,"x":5390,"y":450},{"gid":4,"height":31,"id":4221,"name":"coin","properties":[{"name":"isMoving","type":"bool","value":false},{"name":"value","type":"int","value":1}],"rotation":0,"type":"coin","visible":true,"width":31,"x":5448,"y":450},{"gid":4,"height":31,"id":4222,"name":"coin","properties":[{"name":"isMoving","type":"bool","value":false},{"name":"value","type":"int","value":1}],"rotation":0,"type":"coin","visible":true,"width":31,"x":5506,"y":450},{"gid":4,"height":31,"id":4223,"name":"coin","properties":[{"name":"isMoving","type":"bool","value":false},{"name":"value","type":"int","value":1}],"rotation":0,"type":"coin","visible":true,"width":31,"x":5564,"y":450},{"gid":4,"height":31,"id":4224,"name":"coin","properties":[{"name":"isMoving","type":"bool","value":false},{"name":"value","type":"int","value":1}],"rotation":0,"type":"coin","visible":true,"width":31,"x":5622,"y":450},{"gid":4,"height":31,"id":4225,"name":"coin","properties":[{"name":"isMoving","type":"bool","value":false},{"name":"value","type":"int","value":1}],"rotation":0,"type":"coin","visible":true,"width":31,"x":5680,"y":450},{"gid":4,"height":31,"id":4226,"name":"coin","properties":[{"name":"isMoving","type":"bool","value":false},{"name":"value","type":"int","value":1}],"rotation":0,"type":"coin","visible":true,"width":31,"x":5738,"y":450},{"gid":4,"height":31,"id":4227,"name":"coin","properties":[{"name":"isMoving","type":"bool","value":false},{"name":"value","type":"int","value":1}],"rotation":0,"type":"coin","visible":true,"width":31,"x":5796,"y":450},{"gid":4,"height":31,"id":4260,"name":"coin","properties":[{"name":"isMoving","type":"bool","value":false},{"name":"value","type":"int","value":1}],"rotation":0,"type":"coin","visible":true,"width":31,"x":6057,"y":450},{"gid":4,"height":31,"id":4261,"name":"coin","properties":[{"name":"isMoving","type":"bool","value":false},{"name":"value","type":"int","value":1}],"rotation":0,"type":"coin","visible":true,"width":31,"x":6115,"y":450},{"gid":4,"height":31,"id":4262,"name":"coin","properties":[{"name":"isMoving","type":"bool","value":false},{"name":"value","type":"int","value":1}],"rotation":0,"type":"coin","visible":true,"width":31,"x":6173,"y":450},{"gid":4,"height":31,"id":4263,"name":"coin","properties":[{"name":"isMoving","type":"bool","value":false},{"name":"value","type":"int","value":1}],"rotation":0,"type":"coin","visible":true,"width":31,"x":6231,"y":450},{"gid":4,"height":31,"id":4264,"name":"coin","properties":[{"name":"isMoving","type":"bool","value":false},{"name":"value","type":"int","value":1}],"rotation":0,"type":"coin","visible":true,"width":31,"x":6289,"y":450},{"gid":4,"height":31,"id":4265,"name":"coin","properties":[{"name":"isMoving","type":"bool","value":false},{"name":"value","type":"int","value":1}],"rotation":0,"type":"coin","visible":true,"width":31,"x":6347,"y":450},{"gid":4,"height":31,"id":4266,"name":"coin","properties":[{"name":"isMoving","type":"bool","value":false},{"name":"value","type":"int","value":1}],"rotation":0,"type":"coin","visible":true,"width":31,"x":6405,"y":450},{"gid":4,"height":31,"id":4267,"name":"coin","properties":[{"name":"isMoving","type":"bool","value":false},{"name":"value","type":"int","value":1}],"rotation":0,"type":"coin","visible":true,"width":31,"x":6463,"y":450},{"gid":4,"height":31,"id":4268,"name":"coin","properties":[{"name":"isMoving","type":"bool","value":false},{"name":"value","type":"int","value":1}],"rotation":0,"type":"coin","visible":true,"width":31,"x":6521,"y":450},{"gid":4,"height":31,"id":4269,"name":"coin","properties":[{"name":"isMoving","type":"bool","value":false},{"name":"value","type":"int","value":1}],"rotation":0,"type":"coin","visible":true,"width":31,"x":6579,"y":450},{"gid":4,"height":31,"id":5390,"name":"coin","properties":[{"name":"isMoving","type":"bool","value":true},{"name":"value","type":"int","value":1}],"rotation":0,"type":"coin","visible":true,"width":31,"x":7512,"y":450},{"gid":4,"height":31,"id":5391,"name":"coin","properties":[{"name":"isMoving","type":"bool","value":true},{"name":"value","type":"int","value":1}],"rotation":0,"type":"coin","visible":true,"width":31,"x":7612,"y":450},{"gid":4,"height":31,"id":5392,"name":"coin","properties":[{"name":"isMoving","type":"bool","value":true},{"name":"value","type":"int","value":1}],"rotation":0,"type":"coin","visible":true,"width":31,"x":7712,"y":450},{"gid":4,"height":31,"id":5393,"name":"coin","properties":[{"name":"isMoving","type":"bool","value":true},{"name":"value","type":"int","value":1}],"rotation":0,"type":"coin","visible":true,"width":31,"x":7813,"y":450},{"gid":4,"height":31,"id":5394,"name":"coin","properties":[{"name":"isMoving","type":"bool","value":true},{"name":"value","type":"int","value":1}],"rotation":0,"type":"coin","visible":true,"width":31,"x":7913,"y":450},{"gid":85,"height":31,"id":5668,"name":"coin","properties":[{"name":"isMoving","type":"bool","value":true},{"name":"value","type":"int","value":1}],"rotation":0,"type":"coin","visible":true,"width":31,"x":8473,"y":450},{"gid":85,"height":31,"id":5669,"name":"coin","properties":[{"name":"isMoving","type":"bool","value":true},{"name":"value","type":"int","value":1}],"rotation":0,"type":"coin","visible":true,"width":31,"x":8572,"y":450},{"gid":85,"height":31,"id":5670,"name":"coin","properties":[{"name":"isMoving","type":"bool","value":true},{"name":"value","type":"int","value":1}],"rotation":0,"type":"coin","visible":true,"width":31,"x":8682,"y":450},{"gid":85,"height":31,"id":5671,"name":"coin","properties":[{"name":"isMoving","type":"bool","value":true},{"name":"value","type":"int","value":1}],"rotation":0,"type":"coin","visible":true,"width":31,"x":8781,"y":450},{"gid":85,"height":31,"id":5672,"name":"coin","properties":[{"name":"isMoving","type":"bool","value":true},{"name":"value","type":"int","value":1}],"rotation":0,"type":"coin","visible":true,"width":31,"x":8881,"y":450},{"gid":85,"height":31,"id":5679,"name":"coin","properties":[{"name":"isMoving","type":"bool","value":true},{"name":"value","type":"int","value":1}],"rotation":0,"type":"coin","visible":true,"width":31,"x":8064,"y":450},{"gid":85,"height":31,"id":5680,"name":"coin","properties":[{"name":"isMoving","type":"bool","value":true},{"name":"value","type":"int","value":1}],"rotation":0,"type":"coin","visible":true,"width":31,"x":8174,"y":450},{"gid":85,"height":31,"id":5681,"name":"coin","properties":[{"name":"isMoving","type":"bool","value":true},{"name":"value","type":"int","value":1}],"rotation":0,"type":"coin","visible":true,"width":31,"x":8273,"y":450},{"gid":85,"height":31,"id":5682,"name":"coin","properties":[{"name":"isMoving","type":"bool","value":true},{"name":"value","type":"int","value":1}],"rotation":0,"type":"coin","visible":true,"width":31,"x":8373,"y":450}],"opacity":1,"type":"objectgroup","visible":true,"x":0,"y":0},{"draworder":"topdown","id":43,"name":"sudden-obj","objects":[{"gid":57,"height":65,"id":952,"name":"fallingBread","rotation":0,"type":"fallingBread","visible":true,"width":123,"x":1031,"y":449}],"opacity":1,"type":"objectgroup","visible":true,"x":0,"y":0},{"draworder":"topdown","id":24,"name":"speed-modifier-obj","objects":[{"gid":134,"height":36,"id":945,"name":"chocolate-3","properties":[{"name":"speedBonusPercent","type":"float","value":0.5},{"name":"speedDuration","type":"float","value":0.01}],"rotation":0,"type":"chocolate-3","visible":true,"width":225,"x":861,"y":484},{"gid":74,"height":42,"id":4228,"name":"skateboard","properties":[{"name":"speedBonusPercent","type":"float","value":2},{"name":"speedDuration","type":"float","value":1.2}],"rotation":0,"type":"skateboard","visible":true,"width":101,"x":5896,"y":483},{"gid":137,"height":36,"id":4788,"name":"chocolate-3","properties":[{"name":"speedBonusPercent","type":"float","value":0.5},{"name":"speedDuration","type":"float","value":0.01}],"rotation":0,"type":"chocolate-3","visible":true,"width":225,"x":6858,"y":484}],"opacity":1,"type":"objectgroup","visible":true,"x":0,"y":0},{"draworder":"topdown","id":20,"name":"interactable-obj","objects":[{"gid":120,"height":36,"id":949,"name":"red-button-up","properties":[{"name":"triggerID","type":"int","value":952}],"rotation":0,"type":"red-button-up","visible":true,"width":59,"x":732,"y":481}],"opacity":1,"type":"objectgroup","visible":true,"x":0,"y":0},{"draworder":"topdown","id":51,"name":"trap-obj","objects":[],"opacity":1,"type":"objectgroup","visible":true,"x":0,"y":0},{"draworder":"topdown","id":45,"name":"seethrough-obj","objects":[{"gid":48,"height":98,"id":5383,"name":"glass","rotation":0,"type":"glass","visible":true,"width":62,"x":7596,"y":457},{"gid":48,"height":98,"id":5385,"name":"glass","rotation":0,"type":"glass","visible":true,"width":62,"x":7796,"y":457}],"opacity":1,"type":"objectgroup","visible":true,"x":0,"y":0},{"draworder":"topdown","id":52,"name":"moving-obj","objects":[{"gid":141,"height":140,"id":3568,"name":"tank","properties":[{"name":"blockHeight","type":"int","value":70},{"name":"direction","type":"string","value":"right"},{"name":"movingLimit","type":"int","value":700},{"name":"speed","type":"int","value":47}],"rotation":0,"type":"tank","visible":false,"width":186,"x":4500,"y":459},{"gid":125,"height":140,"id":4787,"name":"tank","properties":[{"name":"blockHeight","type":"int","value":70},{"name":"direction","type":"string","value":"right"},{"name":"movingLimit","type":"int","value":400},{"name":"speed","type":"int","value":47}],"rotation":0,"type":"tank","visible":true,"width":186,"x":6822,"y":459}],"opacity":1,"type":"objectgroup","visible":true,"x":0,"y":0},{"draworder":"topdown","id":19,"name":"goal-obj","objects":[{"gid":113,"height":192,"id":6046,"name":"cheese-1","rotation":0,"type":"cheese-1","visible":true,"width":192,"x":9102,"y":491}],"opacity":1,"type":"objectgroup","visible":true,"x":0,"y":0}],"name":"objects","opacity":1,"type":"group","visible":true,"x":0,"y":0},{"draworder":"topdown","id":33,"name":"player","objects":[{"gid":138,"height":76,"id":486,"name":"mouse","rotation":0,"type":"player","visible":false,"width":63,"x":100.638857782755,"y":471}],"opacity":1,"type":"objectgroup","visible":false,"x":0,"y":0},{"draworder":"topdown","id":40,"name":"symbol","objects":[{"gid":140,"height":100,"id":346,"name":"start-point","rotation":0,"type":"start-point","visible":true,"width":100,"x":190,"y":471},{"gid":161,"height":164,"id":958,"name":"rise","properties":[{"name":"duration","type":"float","value":1},{"name":"height","type":"int","value":100}],"rotation":0,"type":"rise","visible":true,"width":260,"x":731,"y":471},{"gid":162,"height":164,"id":959,"name":"stare-trigger","properties":[{"name":"beamDuration","type":"float","value":1},{"name":"beamHoldDuration","type":"float","value":1},{"name":"confuseDuration","type":"float","value":1},{"name":"fallDuration","type":"float","value":0.6},{"name":"winkDuration","type":"float","value":1}],"rotation":0,"type":"stare-trigger","visible":true,"width":260,"x":971,"y":471},{"gid":149,"height":100,"id":1292,"name":"monkey-trigger","properties":[{"name":"duration","type":"float","value":10}],"rotation":0,"type":"monkey-trigger","visible":true,"width":100,"x":1260,"y":474},{"gid":164,"height":164,"id":1295,"name":"rise","properties":[{"name":"duration","type":"float","value":1},{"name":"height","type":"int","value":100}],"rotation":0,"type":"rise","visible":true,"width":260,"x":1273,"y":471},{"gid":165,"height":164,"id":1296,"name":"stare-trigger","properties":[{"name":"beamDuration","type":"float","value":1},{"name":"beamHoldDuration","type":"float","value":1},{"name":"confuseDuration","type":"float","value":1},{"name":"fallDuration","type":"float","value":0.6},{"name":"winkDuration","type":"float","value":1}],"rotation":0,"type":"stare-trigger","visible":true,"width":260,"x":1784,"y":471},{"gid":159,"height":164,"id":2375,"name":"rise","properties":[{"name":"duration","type":"float","value":1},{"name":"height","type":"int","value":100}],"rotation":0,"type":"rise","visible":true,"width":260,"x":2833,"y":471},{"gid":161,"height":164,"id":2376,"name":"watch-trigger","properties":[{"name":"beamDuration","type":"float","value":1},{"name":"beamHoldDuration","type":"float","value":15},{"name":"confuseDuration","type":"float","value":1},{"name":"fallDuration","type":"float","value":1},{"name":"winkDuration","type":"float","value":1}],"rotation":0,"type":"watch-trigger","visible":true,"width":260,"x":3073,"y":471},{"gid":164,"height":164,"id":2921,"name":"rise","properties":[{"name":"duration","type":"float","value":4},{"name":"height","type":"int","value":100}],"rotation":0,"type":"rise","visible":true,"width":260,"x":3562,"y":471},{"gid":165,"height":164,"id":2922,"name":"stare-trigger","properties":[{"name":"beamDuration","type":"float","value":1},{"name":"beamHoldDuration","type":"float","value":1},{"name":"confuseDuration","type":"float","value":1},{"name":"fallDuration","type":"float","value":0.6},{"name":"winkDuration","type":"float","value":1}],"rotation":0,"type":"stare-trigger","visible":true,"width":260,"x":3934,"y":471},{"gid":180,"height":164,"id":3631,"name":"rise","properties":[{"name":"duration","type":"float","value":1},{"name":"height","type":"int","value":100}],"rotation":0,"type":"rise","visible":true,"width":260,"x":4272,"y":471},{"gid":181,"height":164,"id":3632,"name":"stare-trigger","properties":[{"name":"beamDuration","type":"float","value":1},{"name":"beamHoldDuration","type":"float","value":3},{"name":"confuseDuration","type":"float","value":1},{"name":"fallDuration","type":"float","value":0.6},{"name":"winkDuration","type":"float","value":1}],"rotation":0,"type":"stare-trigger","visible":true,"width":260,"x":4512,"y":471},{"gid":165,"height":164,"id":4793,"name":"stare-trigger","properties":[{"name":"beamDuration","type":"float","value":1},{"name":"beamHoldDuration","type":"float","value":3},{"name":"confuseDuration","type":"float","value":1},{"name":"fallDuration","type":"float","value":0.6},{"name":"winkDuration","type":"float","value":1}],"rotation":0,"type":"stare-trigger","visible":true,"width":260,"x":6819,"y":471}],"opacity":1,"type":"objectgroup","visible":true,"x":0,"y":0}],"nextlayerid":51,"nextobjectid":487,"orientation":"orthogonal","renderorder":"right-down","tiledversion":"1.7.1","tileheight":20,"tilesets":[{"columns":0,"firstgid":1,"grid":{"height":1,"orientation":"orthogonal","width":1},"margin":0,"name":"static-obj","spacing":0,"tilecount":49,"tileheight":301,"tiles":[{"id":32,"image":"../maps/assets/static-obj/apple.png","type":"apple"},{"id":33,"image":"../maps/assets/static-obj/ball.png","type":"ball"},{"id":34,"image":"../maps/assets/static-obj/banana.png","type":"banana"},{"id":35,"image":"../maps/assets/static-obj/books.png","type":"books"},{"id":36,"image":"../maps/assets/static-obj/cactus.png","type":"cactus"},{"id":37,"image":"../maps/assets/static-obj/candy-bottle.png","type":"candy-bottle"},{"id":38,"image":"../maps/assets/static-obj/clock.png","type":"clock"},{"id":39,"image":"../maps/assets/static-obj/coca.png","type":"coca"},{"id":40,"image":"../maps/assets/static-obj/cupcake.png","type":"cupcake"},{"id":41,"image":"../maps/assets/static-obj/chest.png","type":"chest"},{"id":42,"image":"../maps/assets/static-obj/chest-2.png","type":"chest-2"},{"id":43,"image":"../maps/assets/static-obj/eraser.png","type":"eraser"},{"id":44,"image":"../maps/assets/static-obj/fries.png","type":"fries"},{"id":45,"image":"../maps/assets/static-obj/gavel-bottle.png","type":"gavel-bottle"},{"id":46,"image":"../maps/assets/static-obj/gummy-candy.png","type":"gummy-candy"},{"id":47,"image":"../maps/assets/static-obj/hamburger.png","type":"hamburger"},{"id":48,"image":"../maps/assets/static-obj/hotdog.png","type":"hotdog"},{"id":49,"image":"../maps/assets/static-obj/milk-bottle.png","type":"milk-bottle"},{"id":50,"image":"../maps/assets/static-obj/milk-glass.png","type":"milk-glass"},{"id":51,"image":"../maps/assets/static-obj/milk-tea.png","type":"milk-tea"},{"id":52,"image":"../maps/assets/static-obj/milk-tea-2.png","type":"milk-tea-2"},{"id":53,"image":"../maps/assets/static-obj/orange.png","type":"orange"},{"id":54,"image":"../maps/assets/static-obj/orange-juice.png","type":"orange-juice"},{"id":55,"image":"../maps/assets/static-obj/pencil.png","type":"pencil"},{"id":56,"image":"../maps/assets/static-obj/sandwiches.png","type":"sandwiches"},{"id":57,"image":"../maps/assets/static-obj/soft-drink-1.png","type":"soft-drink-1"},{"id":58,"image":"../maps/assets/static-obj/sugar-bottle.png","type":"sugar-bottle"},{"id":59,"image":"../maps/assets/static-obj/toaster.png","type":"toaster"},{"id":60,"image":"../maps/assets/static-obj/toy.png","type":"toy"},{"id":61,"image":"../maps/assets/static-obj/watermelon-1.png","type":"watermelon-1"},{"id":62,"image":"../maps/assets/static-obj/watermelon-2.png","type":"watermelon-2"},{"id":63,"image":"../maps/assets/static-obj/candy-star.png","type":"candy-star"},{"id":64,"image":"../maps/assets/static-obj/candy-umbrella.png","type":"candy-umbrella"},{"id":65,"image":"../maps/assets/static-obj/cat-mask.png","type":"cat-mask"},{"id":66,"image":"../maps/assets/static-obj/desk-phone.png","type":"desk-phone"},{"id":67,"image":"../maps/assets/static-obj/dying-tree.png","type":"dying-tree"},{"id":68,"image":"../maps/assets/static-obj/eclock.png","type":"eclock"},{"id":69,"image":"../maps/assets/static-obj/gift-box.png","type":"gift-box"},{"id":70,"image":"../maps/assets/static-obj/marble-ball.png","type":"marble-ball"},{"id":71,"image":"../maps/assets/static-obj/marble-ball-group.png","type":"marble-ball-group"},{"id":72,"image":"../maps/assets/static-obj/origami-bird.png","type":"origami-bird"},{"id":73,"image":"../maps/assets/static-obj/origami-rabbit.png","type":"origami-rabbit"},{"id":74,"image":"../maps/assets/static-obj/piggy-bank.png","type":"piggy-bank"},{"id":75,"image":"../maps/assets/static-obj/square-origami.png","type":"square-origami"},{"id":76,"image":"../maps/assets/static-obj/teddy-bear.png","type":"teddy-bear"},{"id":77,"image":"../maps/assets/static-obj/zippo.png","type":"zippo"},{"id":78,"image":"../../Downloads/x2_2/x2/gameplay/static-obj/balloon.png","type":"balloon"},{"id":79,"image":"../../Downloads/x2_2/x2/gameplay/static-obj/crab.png","type":"crab"},{"id":80,"image":"../../Downloads/x2_2/x2/gameplay/static-obj/spaceship.png","type":"spaceship"}],"tilewidth":334},{"columns":0,"firstgid":82,"grid":{"height":1,"orientation":"orthogonal","width":1},"margin":0,"name":"collect-obj","spacing":0,"tilecount":4,"tileheight":82,"tiles":[{"id":0,"image":"../maps/assets/collect-obj/gift-circle.png","properties":[{"name":"value","type":"int","value":10}],"type":"gift-circle"},{"id":1,"image":"../maps/assets/collect-obj/gift-heart.png","properties":[{"name":"value","type":"int","value":10}],"type":"gift-heart"},{"id":2,"image":"../maps/assets/collect-obj/gift-square.png","properties":[{"name":"value","type":"int","value":10}],"type":"gift-square"},{"id":3,"image":"../maps/assets/collect-obj/coin.png","properties":[{"name":"value","type":"int","value":1}],"type":"coin"}],"tilewidth":82},{"columns":0,"firstgid":86,"grid":{"height":1,"orientation":"orthogonal","width":1},"margin":0,"name":"decor-obj","spacing":0,"tilecount":6,"tileheight":320,"tiles":[{"id":3,"image":"../maps/assets/decor-obj/handkerchief-1.png","type":"handkerchief-1"},{"id":4,"image":"../maps/assets/decor-obj/handkerchief-2.png","type":"handkerchief-2"},{"id":5,"image":"../maps/assets/decor-obj/handkerchief-3.png","type":"handkerchief-3"},{"id":6,"image":"../maps/assets/decor-obj/handkerchief-4.png","type":"handkerchief-4"},{"id":7,"image":"../maps/assets/decor-obj/handkerchief-5.png","type":"handkerchief-5"},{"id":8,"image":"../maps/assets/decor-obj/handkerchief-6.png","type":"handkerchief-6"}],"tilewidth":693},{"columns":0,"firstgid":95,"grid":{"height":1,"orientation":"orthogonal","width":1},"margin":0,"name":"decor-obj-behind","spacing":0,"tilecount":18,"tileheight":142,"tiles":[{"id":0,"image":"../maps/assets/decor-obj-behind/book-1.png","type":"book-1"},{"id":1,"image":"../maps/assets/decor-obj-behind/book-2.png","type":"book-2"},{"id":2,"image":"../maps/assets/decor-obj-behind/book-3.png","type":"book-3"},{"id":3,"image":"../maps/assets/decor-obj-behind/book-4.png","type":"book-4"},{"id":4,"image":"../maps/assets/decor-obj-behind/book-5.png","type":"book-5"},{"id":5,"image":"../maps/assets/decor-obj-behind/cookies-1.png","type":"cookies-1"},{"id":6,"image":"../maps/assets/decor-obj-behind/cookies-2.png","type":"cookies-2"},{"id":7,"image":"../maps/assets/decor-obj-behind/crayon-blue.png","type":"crayon-blue"},{"id":8,"image":"../maps/assets/decor-obj-behind/crayon-green.png","type":"crayon-green"},{"id":9,"image":"../maps/assets/decor-obj-behind/crayon-pink-yellow.png","type":"crayon-pink-yellow"},{"id":10,"image":"../maps/assets/decor-obj-behind/fork.png","type":"fork"},{"id":11,"image":"../maps/assets/decor-obj-behind/fork-2.png","type":"fork-2"},{"id":12,"image":"../maps/assets/decor-obj-behind/glove.png","type":"glove"},{"id":13,"image":"../maps/assets/decor-obj-behind/knife.png","type":"knife"},{"id":14,"image":"../maps/assets/decor-obj-behind/rolling-pin.png","type":"rolling-pin"},{"id":15,"image":"../maps/assets/decor-obj-behind/sandwich.png","type":"sandwich"},{"id":16,"image":"../maps/assets/decor-obj-behind/spoon.png","type":"spoon"},{"id":17,"image":"../maps/assets/decor-obj-behind/wood-spoon.png","type":"wood-spoon"}],"tilewidth":342},{"columns":0,"firstgid":113,"grid":{"height":1,"orientation":"orthogonal","width":1},"margin":0,"name":"goal-obj","spacing":0,"tilecount":2,"tileheight":192,"tiles":[{"id":0,"image":"../maps/assets/goal-obj/cheese-1.png","type":"cheese-1"},{"id":1,"image":"../maps/assets/goal-obj/cheese-2.png","type":"cheese-2"}],"tilewidth":307},{"columns":0,"firstgid":115,"grid":{"height":1,"orientation":"orthogonal","width":1},"margin":0,"name":"interactable-obj","spacing":0,"tilecount":6,"tileheight":134,"tiles":[{"id":0,"image":"../maps/assets/interactable-obj/blue-button-down.png","properties":[{"name":"triggerID","type":"int","value":0}],"type":"blue-button-down"},{"id":1,"image":"../maps/assets/interactable-obj/blue-button-up.png","properties":[{"name":"triggerID","type":"int","value":0}],"type":"blue-button-up"},{"id":2,"image":"../maps/assets/interactable-obj/joystick.png","properties":[{"name":"triggerID","type":"int","value":0}],"type":"joystick"},{"id":3,"image":"../maps/assets/interactable-obj/joystick-down.png","properties":[{"name":"triggerID","type":"int","value":0}],"type":"joystick-down"},{"id":4,"image":"../maps/assets/interactable-obj/red-button-down.png","properties":[{"name":"triggerID","type":"int","value":0}],"type":"red-button-down"},{"id":5,"image":"../maps/assets/interactable-obj/red-button-up.png","properties":[{"name":"triggerID","type":"int","value":0}],"type":"red-button-up"}],"tilewidth":121},{"columns":0,"firstgid":121,"grid":{"height":1,"orientation":"orthogonal","width":1},"margin":0,"name":"movement-modifier-obj","spacing":0,"tilecount":3,"tileheight":110,"tiles":[{"id":0,"image":"../maps/assets/movement-modifier-obj/boxing.png","properties":[{"name":"direction","type":"string","value":"right"},{"name":"speed","type":"int","value":100}],"type":"boxing"},{"id":1,"image":"../maps/assets/movement-modifier-obj/conveyor.png","properties":[{"name":"direction","type":"string","value":"left"},{"name":"speed","type":"int","value":30}],"type":"conveyor"},{"id":2,"image":"../maps/assets/movement-modifier-obj/liquid.png","type":"liquid"}],"tilewidth":241},{"columns":0,"firstgid":124,"grid":{"height":1,"orientation":"orthogonal","width":1},"margin":0,"name":"moving-obj","spacing":0,"tilecount":2,"tileheight":424,"tiles":[{"id":0,"image":"../maps/assets/moving-obj/icecream-truck.png","type":"icecream-truck"},{"id":1,"image":"../maps/assets/moving-obj/tank.png","type":"tank"}],"tilewidth":564},{"columns":0,"firstgid":126,"grid":{"height":1,"orientation":"orthogonal","width":1},"margin":0,"name":"seethrough-obj","spacing":0,"tilecount":8,"tileheight":165,"tiles":[{"id":0,"image":"../maps/assets/seethrough-obj/crystall-ball.png","type":"crystall-ball"},{"id":1,"image":"../maps/assets/seethrough-obj/empty-bottle-1.png","type":"empty-bottle-1"},{"id":2,"image":"../maps/assets/seethrough-obj/empty-bottle-2.png","type":"empty-bottle-2"},{"id":3,"image":"../maps/assets/seethrough-obj/glass.png","type":"glass"},{"id":4,"image":"../maps/assets/seethrough-obj/glasses.png","type":"glasses"},{"id":5,"image":"../maps/assets/seethrough-obj/king.png","type":"king"},{"id":6,"image":"../maps/assets/seethrough-obj/knight.png","type":"knight"},{"id":7,"image":"../maps/assets/seethrough-obj/queen.png","type":"queen"}],"tilewidth":138},{"columns":0,"firstgid":134,"grid":{"height":1,"orientation":"orthogonal","width":1},"margin":0,"name":"trap-obj","spacing":0,"tilecount":3,"tileheight":445,"tiles":[{"id":0,"image":"../maps/assets/trap-obj/balloon.png","type":"balloon"},{"id":1,"image":"../maps/assets/trap-obj/crab.png","type":"crab"},{"id":2,"image":"../maps/assets/trap-obj/spaceship.png","type":"spaceship"}],"tilewidth":365},{"columns":0,"firstgid":137,"grid":{"height":1,"orientation":"orthogonal","width":1},"margin":0,"name":"players","spacing":0,"tilecount":2,"tileheight":328,"tiles":[{"id":0,"image":"../maps/assets/players/boy.png","type":"watcher"},{"id":1,"image":"../maps/assets/players/mouse.png","type":"player"}],"tilewidth":520},{"columns":4,"firstgid":139,"image":"../maps/assets/tileset/tileset.png","imageheight":116,"imagewidth":116,"margin":0,"name":"tileset","spacing":0,"tilecount":0,"tileheight":29,"tilewidth":29,"transformations":{"hflip":false,"preferuntransformed":true,"rotate":false,"vflip":false}},{"columns":0,"firstgid":139,"grid":{"height":1,"orientation":"orthogonal","width":1},"margin":0,"name":"symbol","spacing":0,"tilecount":10,"tileheight":164,"tiles":[{"id":0,"image":"../maps/assets/symbol/eye.svg","properties":[{"name":"duration","type":"float","value":2}],"type":"watch-trigger"},{"id":1,"image":"../maps/assets/symbol/start.svg","type":"start-point"},{"id":2,"image":"../maps/assets/symbol/stand.svg","properties":[{"name":"duration","type":"float","value":2},{"name":"height-cap","type":"float","value":100}],"type":"stand-trigger"},{"id":3,"image":"../maps/assets/symbol/monkey.png","properties":[{"name":"duration","type":"float","value":5}],"type":"monkey-trigger"},{"id":8,"image":"../maps/assets/symbol/eye_end.png","type":"end-watch-trigger"},{"id":9,"image":"../maps/assets/symbol/rise.png","properties":[{"name":"duration","type":"float","value":0},{"name":"height","type":"int","value":0}],"type":"rise"},{"id":10,"image":"../maps/assets/symbol/stare-trigger.png","properties":[{"name":"beamDuration","type":"float","value":0},{"name":"beamHoldDuration","type":"float","value":0},{"name":"confuseDuration","type":"float","value":0},{"name":"fallDuration","type":"float","value":0},{"name":"winkDuration","type":"float","value":0}],"type":"stare-trigger"},{"id":11,"image":"../maps/assets/symbol/watch-trigger.png","properties":[{"name":"beamDuration","type":"float","value":0},{"name":"beamHoldDuration","type":"float","value":0},{"name":"confuseDuration","type":"float","value":0},{"name":"fallDuration","type":"float","value":0},{"name":"winkDuration","type":"float","value":0}],"type":"watch-trigger"},{"id":12,"image":"../maps/assets/symbol/end-trigger.png","type":"end-trigger"},{"id":13,"image":"../maps/assets/symbol/fall.png","properties":[{"name":"duration","type":"float","value":0},{"name":"height","type":"int","value":0}],"type":"fall"}],"tilewidth":260},{"columns":0,"firstgid":153,"grid":{"height":1,"orientation":"orthogonal","width":1},"margin":0,"name":"speed-modifier-obj","spacing":0,"tilecount":6,"tileheight":55,"tiles":[{"id":0,"image":"../maps/assets/speed-modifier-obj/chocolate.png","properties":[{"name":"speedBonusPercent","type":"float","value":0.5},{"name":"speedDuration","type":"float","value":1}],"type":"chocolate-1"},{"id":2,"image":"../maps/assets/speed-modifier-obj/chocolate-2.png","type":"chocolate-2"},{"id":3,"image":"../maps/assets/speed-modifier-obj/chocolate-3.png","type":"chocolate-3"},{"id":4,"image":"../maps/assets/speed-modifier-obj/chocolate-4.png","type":"chocolate-4"},{"id":5,"image":"../maps/assets/speed-modifier-obj/chocolate-5.png","type":"chocolate-5"},{"id":6,"image":"../maps/assets/speed-modifier-obj/skateboard.png","properties":[{"name":"speedBonusPercent","type":"float","value":2},{"name":"speedDuration","type":"float","value":1.2}],"type":"skateboard"}],"tilewidth":409}],"tilewidth":20,"type":"map","version":"1.6","width":472}