{"compressionlevel":1,"height":30,"infinite":false,"layers":[{"draworder":"topdown","id":34,"name":"watcher","objects":[{"gid":137,"height":164,"id":180,"name":"boy","rotation":0,"type":"watcher","visible":true,"width":260,"x":400,"y":262}],"opacity":1,"type":"objectgroup","visible":false,"x":0,"y":0},{"id":26,"layers":[{"draworder":"topdown","id":18,"name":"decor-obj-behind","objects":[{"gid":98,"height":39,"id":774,"name":"book-4","rotation":0,"type":"book-4","visible":true,"width":106,"x":706,"y":344},{"gid":16,"height":41,"id":1446,"name":"book-3","rotation":0,"type":"book-3","visible":true,"width":111,"x":1333,"y":363},{"gid":18,"height":39,"id":1448,"name":"book-5","rotation":0,"type":"book-5","visible":true,"width":99,"x":1760,"y":363},{"gid":109,"height":48,"id":1851,"name":"rolling-pin","rotation":0,"type":"rolling-pin","visible":true,"width":120,"x":1887,"y":368},{"gid":107,"height":50,"id":1859,"name":"glove","rotation":0,"type":"glove","visible":true,"width":82,"x":2332,"y":369},{"gid":109,"height":48,"id":2369,"name":"rolling-pin","rotation":0,"type":"rolling-pin","visible":true,"width":120,"x":2989,"y":368},{"gid":101,"height":30,"id":2375,"name":"cookies-2","rotation":0,"type":"cookies-2","visible":true,"width":92,"x":2531,"y":359},{"gid":107,"height":50,"id":2377,"name":"glove","rotation":0,"type":"glove","visible":true,"width":82,"x":3434,"y":369},{"gid":95,"height":46,"id":3395,"name":"book-1","rotation":0,"type":"book-1","visible":true,"width":116,"x":4402,"y":375},{"gid":96,"height":43,"id":3396,"name":"book-2","rotation":0,"type":"book-2","visible":true,"width":118,"x":4801,"y":364},{"gid":98,"height":39,"id":3855,"name":"book-4","rotation":0,"type":"book-4","visible":true,"width":106,"x":5378,"y":359},{"gid":109,"height":48,"id":5485,"name":"rolling-pin","rotation":0,"type":"rolling-pin","visible":true,"width":120,"x":6992,"y":368},{"gid":107,"height":50,"id":5493,"name":"glove","rotation":0,"type":"glove","visible":true,"width":82,"x":7437,"y":369},{"gid":107,"height":50,"id":6011,"name":"glove","rotation":0,"type":"glove","visible":true,"width":82,"x":7756,"y":369},{"gid":98,"height":39,"id":6276,"name":"book-4","rotation":0,"type":"book-4","visible":true,"width":106,"x":8009,"y":355},{"gid":95,"height":46,"id":6277,"name":"book-1","rotation":0,"type":"book-1","visible":true,"width":116,"x":8315,"y":350},{"gid":104,"height":32,"id":6278,"name":"crayon-pink-yellow","rotation":0,"type":"crayon-pink-yellow","visible":true,"width":57,"x":8688,"y":332}],"opacity":1,"type":"objectgroup","visible":true,"x":0,"y":0},{"draworder":"topdown","id":15,"name":"static-obj","objects":[{"gid":68,"height":301,"id":473,"name":"dying-tree","rotation":0,"type":"dying-tree","visible":true,"width":334,"x":290,"y":457},{"gid":36,"height":127,"id":901,"name":"books","rotation":0,"type":"books","visible":true,"width":153,"x":1082,"y":457},{"gid":113,"height":164,"id":1482,"name":"coca","rotation":0,"type":"coca","visible":true,"width":50,"x":1451,"y":457},{"gid":113,"height":164,"id":1484,"name":"coca","rotation":0,"type":"coca","visible":true,"width":50,"x":1596,"y":457},{"gid":113,"height":164,"id":1486,"name":"coca","rotation":0,"type":"coca","visible":true,"width":50,"x":1741,"y":457},{"gid":33,"height":117,"id":2447,"name":"apple","rotation":0,"type":"apple","visible":true,"width":103,"x":2620,"y":457},{"gid":33,"height":117,"id":2477,"name":"apple","rotation":0,"type":"apple","visible":true,"width":103,"x":3047,"y":457},{"gid":33,"height":117,"id":2478,"name":"apple","rotation":0,"type":"apple","visible":true,"width":103,"x":2944,"y":457},{"gid":33,"height":117,"id":2459,"name":"apple","rotation":0,"type":"apple","visible":true,"width":103,"x":3362,"y":457},{"gid":54,"height":108,"id":3074,"name":"orange","rotation":0,"type":"orange","visible":true,"width":98,"x":3998,"y":461},{"gid":61,"height":137,"id":3361,"name":"toy","rotation":0,"type":"toy","visible":true,"width":207,"x":4615,"y":457},{"gid":61,"height":137,"id":3363,"name":"toy","rotation":0,"type":"toy","visible":true,"width":207,"x":4965,"y":457},{"gid":54,"height":108,"id":4465,"name":"orange","rotation":0,"type":"orange","visible":true,"width":98,"x":6058,"y":461},{"gid":43,"height":142,"id":5161,"name":"chest-2","rotation":0,"type":"chest-2","visible":true,"width":167,"x":6657,"y":457},{"gid":79,"height":215,"id":6272,"name":"balloon","rotation":0,"type":"balloon","visible":true,"width":142,"x":8336,"y":457},{"gid":79,"height":215,"id":6280,"name":"balloon","rotation":0,"type":"balloon","visible":true,"width":142,"x":8534,"y":457}],"opacity":1,"type":"objectgroup","visible":true,"x":0,"y":0},{"draworder":"topdown","id":45,"name":"collect-obj","objects":[{"gid":85,"height":31,"id":3410,"name":"coin","properties":[{"name":"isMoving","type":"bool","value":false},{"name":"value","type":"int","value":1}],"rotation":0,"type":"coin","visible":true,"width":31,"x":4880,"y":450},{"gid":84,"height":48,"id":3467,"name":"gift-square","properties":[{"name":"value","type":"int","value":10}],"rotation":0,"type":"gift-square","visible":true,"width":60,"x":4694,"y":480},{"gid":84,"height":48,"id":3468,"name":"gift-square","properties":[{"name":"value","type":"int","value":10}],"rotation":0,"type":"gift-square","visible":true,"width":60,"x":5041,"y":480},{"gid":85,"height":31,"id":3772,"name":"coin","properties":[{"name":"isMoving","type":"bool","value":true},{"name":"value","type":"int","value":1}],"rotation":0,"type":"coin","visible":true,"width":31,"x":5312,"y":450},{"gid":85,"height":31,"id":3773,"name":"coin","properties":[{"name":"isMoving","type":"bool","value":true},{"name":"value","type":"int","value":1}],"rotation":0,"type":"coin","visible":true,"width":31,"x":5361,"y":450},{"gid":85,"height":31,"id":3774,"name":"coin","properties":[{"name":"isMoving","type":"bool","value":true},{"name":"value","type":"int","value":1}],"rotation":0,"type":"coin","visible":true,"width":31,"x":5411,"y":450},{"gid":85,"height":31,"id":3775,"name":"coin","properties":[{"name":"isMoving","type":"bool","value":true},{"name":"value","type":"int","value":1}],"rotation":0,"type":"coin","visible":true,"width":31,"x":5461,"y":450},{"gid":85,"height":31,"id":3776,"name":"coin","properties":[{"name":"isMoving","type":"bool","value":true},{"name":"value","type":"int","value":1}],"rotation":0,"type":"coin","visible":true,"width":31,"x":5511,"y":450},{"gid":85,"height":31,"id":5111,"name":"coin","properties":[{"name":"isMoving","type":"bool","value":true},{"name":"value","type":"int","value":1}],"rotation":0,"type":"coin","visible":true,"width":31,"x":6500,"y":450},{"gid":85,"height":31,"id":5122,"name":"coin","properties":[{"name":"isMoving","type":"bool","value":true},{"name":"value","type":"int","value":1}],"rotation":0,"type":"coin","visible":true,"width":31,"x":6787,"y":450},{"gid":85,"height":31,"id":5116,"name":"coin","properties":[{"name":"isMoving","type":"bool","value":true},{"name":"value","type":"int","value":1}],"rotation":0,"type":"coin","visible":true,"width":31,"x":6643,"y":450},{"gid":85,"height":31,"id":5121,"name":"coin","properties":[{"name":"isMoving","type":"bool","value":true},{"name":"value","type":"int","value":1}],"rotation":0,"type":"coin","visible":true,"width":31,"x":6930,"y":450},{"gid":85,"height":31,"id":5112,"name":"coin","properties":[{"name":"isMoving","type":"bool","value":true},{"name":"value","type":"int","value":1}],"rotation":0,"type":"coin","visible":true,"width":31,"x":6548,"y":450},{"gid":85,"height":31,"id":5120,"name":"coin","properties":[{"name":"isMoving","type":"bool","value":true},{"name":"value","type":"int","value":1}],"rotation":0,"type":"coin","visible":true,"width":31,"x":6835,"y":450},{"gid":85,"height":31,"id":5115,"name":"coin","properties":[{"name":"isMoving","type":"bool","value":true},{"name":"value","type":"int","value":1}],"rotation":0,"type":"coin","visible":true,"width":31,"x":6691,"y":450},{"gid":85,"height":31,"id":5113,"name":"coin","properties":[{"name":"isMoving","type":"bool","value":true},{"name":"value","type":"int","value":1}],"rotation":0,"type":"coin","visible":true,"width":31,"x":6596,"y":450},{"gid":85,"height":31,"id":5118,"name":"coin","properties":[{"name":"isMoving","type":"bool","value":true},{"name":"value","type":"int","value":1}],"rotation":0,"type":"coin","visible":true,"width":31,"x":6883,"y":450},{"gid":85,"height":31,"id":5114,"name":"coin","properties":[{"name":"isMoving","type":"bool","value":true},{"name":"value","type":"int","value":1}],"rotation":0,"type":"coin","visible":true,"width":31,"x":6739,"y":450},{"gid":85,"height":31,"id":6214,"name":"coin","properties":[{"name":"isMoving","type":"bool","value":true},{"name":"value","type":"int","value":1}],"rotation":0,"type":"coin","visible":true,"width":31,"x":7710,"y":450},{"gid":85,"height":31,"id":6255,"name":"coin","properties":[{"name":"isMoving","type":"bool","value":false},{"name":"value","type":"int","value":1}],"rotation":0,"type":"coin","visible":true,"width":31,"x":7669,"y":450},{"gid":85,"height":31,"id":6256,"name":"coin","properties":[{"name":"isMoving","type":"bool","value":false},{"name":"value","type":"int","value":1}],"rotation":0,"type":"coin","visible":true,"width":31,"x":7751,"y":450},{"gid":85,"height":31,"id":6257,"name":"coin","properties":[{"name":"isMoving","type":"bool","value":false},{"name":"value","type":"int","value":1}],"rotation":0,"type":"coin","visible":true,"width":31,"x":7833,"y":450},{"gid":85,"height":31,"id":6215,"name":"coin","properties":[{"name":"isMoving","type":"bool","value":true},{"name":"value","type":"int","value":1}],"rotation":0,"type":"coin","visible":true,"width":31,"x":7792,"y":450}],"opacity":1,"type":"objectgroup","visible":true,"x":0,"y":0},{"draworder":"topdown","id":50,"name":"trap-obj","objects":[{"gid":123,"height":223,"id":3084,"name":"balloon","rotation":0,"type":"balloon","visible":true,"width":147,"x":4123,"y":459},{"gid":123,"height":223,"id":4475,"name":"balloon","rotation":0,"type":"balloon","visible":true,"width":147,"x":6183,"y":459},{"gid":141,"height":223,"id":6273,"name":"balloon","rotation":0,"type":"balloon","visible":true,"width":147,"x":8134,"y":459},{"gid":141,"height":223,"id":6274,"name":"balloon","rotation":0,"type":"balloon","visible":true,"width":147,"x":7946,"y":459}],"opacity":1,"type":"objectgroup","visible":true,"x":0,"y":0},{"draworder":"topdown","id":49,"name":"seethrough-obj","objects":[{"gid":47,"height":162,"id":1483,"name":"empty-bottle-2","rotation":0,"type":"empty-bottle-2","visible":true,"width":52,"x":1523,"y":457},{"gid":47,"height":162,"id":1485,"name":"empty-bottle-2","rotation":0,"type":"empty-bottle-2","visible":true,"width":52,"x":1668,"y":457},{"gid":111,"height":105,"id":3073,"name":"glass","rotation":0,"type":"glass","visible":true,"width":68,"x":3849,"y":461},{"gid":111,"height":105,"id":4464,"name":"glass","rotation":0,"type":"glass","visible":true,"width":68,"x":5909,"y":461}],"opacity":1,"type":"objectgroup","visible":true,"x":0,"y":0},{"draworder":"topdown","id":43,"name":"speed-modifier-obj","objects":[{"gid":137,"height":36,"id":2042,"name":"chocolate-3","properties":[{"name":"speedBonusPercent","type":"float","value":0.5},{"name":"speedDuration","type":"float","value":0.01}],"rotation":0,"type":"chocolate-3","visible":true,"width":225,"x":1944,"y":484},{"gid":134,"height":36,"id":2143,"name":"chocolate-1","properties":[{"name":"speedBonusPercent","type":"float","value":0.5},{"name":"speedDuration","type":"float","value":0.01}],"rotation":0,"type":"chocolate-1","visible":true,"width":99,"x":2810,"y":486},{"gid":134,"height":36,"id":2462,"name":"chocolate-1","properties":[{"name":"speedBonusPercent","type":"float","value":0.5},{"name":"speedDuration","type":"float","value":0.01}],"rotation":0,"type":"chocolate-1","visible":true,"width":99,"x":3181,"y":486},{"gid":140,"height":42,"id":3461,"name":"skateboard","properties":[{"name":"speedBonusPercent","type":"float","value":2},{"name":"speedDuration","type":"float","value":1.2}],"rotation":0,"type":"skateboard","visible":true,"width":101,"x":4297,"y":483},{"gid":136,"height":36,"id":3514,"name":"chocolate-2","properties":[{"name":"speedBonusPercent","type":"float","value":0.5},{"name":"speedDuration","type":"float","value":0.01}],"rotation":0,"type":"chocolate-2","visible":true,"width":137,"x":5004,"y":484},{"gid":133,"height":36,"id":3865,"name":"chocolate-2","properties":[{"name":"speedBonusPercent","type":"float","value":0.5},{"name":"speedDuration","type":"float","value":0.01}],"rotation":0,"type":"chocolate-2","visible":true,"width":137,"x":5360,"y":484},{"gid":170,"height":42,"id":5110,"name":"skateboard","properties":[{"name":"speedBonusPercent","type":"float","value":2},{"name":"speedDuration","type":"float","value":1.2}],"rotation":0,"type":"skateboard","visible":true,"width":101,"x":6365,"y":483},{"gid":137,"height":36,"id":5676,"name":"chocolate-3","properties":[{"name":"speedBonusPercent","type":"float","value":0.5},{"name":"speedDuration","type":"float","value":0.01}],"rotation":0,"type":"chocolate-3","visible":true,"width":225,"x":7049,"y":484}],"opacity":1,"type":"objectgroup","visible":true,"x":0,"y":0},{"draworder":"topdown","id":22,"name":"moving-obj","objects":[{"gid":125,"height":140,"id":2041,"name":"tank","properties":[{"name":"blockHeight","type":"int","value":70},{"name":"direction","type":"string","value":"right"},{"name":"movingLimit","type":"int","value":400},{"name":"speed","type":"int","value":47}],"rotation":0,"type":"tank","visible":true,"width":186,"x":1908,"y":459},{"gid":125,"height":140,"id":5675,"name":"tank","properties":[{"name":"blockHeight","type":"int","value":70},{"name":"direction","type":"string","value":"right"},{"name":"movingLimit","type":"int","value":400},{"name":"speed","type":"int","value":47}],"rotation":0,"type":"tank","visible":true,"width":186,"x":7013,"y":459}],"opacity":1,"type":"objectgroup","visible":true,"x":0,"y":0},{"draworder":"topdown","id":42,"name":"sudden-obj","objects":[],"opacity":1,"type":"objectgroup","visible":true,"x":0,"y":0},{"draworder":"topdown","id":44,"name":"interactable-obj","objects":[],"opacity":1,"type":"objectgroup","visible":true,"x":0,"y":0},{"draworder":"topdown","id":19,"name":"goal-obj","objects":[{"gid":113,"height":192,"id":6647,"name":"cheese-1","rotation":0,"type":"cheese-1","visible":true,"width":192,"x":8945,"y":491}],"opacity":1,"type":"objectgroup","visible":true,"x":0,"y":0}],"name":"objects","opacity":1,"type":"group","visible":true,"x":0,"y":0},{"draworder":"topdown","id":33,"name":"player","objects":[{"gid":138,"height":76,"id":486,"name":"mouse","rotation":0,"type":"player","visible":false,"width":63,"x":100.638857782755,"y":471}],"opacity":1,"type":"objectgroup","visible":false,"x":0,"y":0},{"draworder":"topdown","id":40,"name":"symbol","objects":[{"gid":140,"height":100,"id":346,"name":"start-point","rotation":0,"type":"start-point","visible":true,"width":100,"x":190,"y":471},{"gid":164,"height":164,"id":904,"name":"rise","properties":[{"name":"duration","type":"float","value":1},{"name":"height","type":"int","value":100}],"rotation":0,"type":"rise","visible":true,"width":260,"x":780,"y":471},{"gid":165,"height":164,"id":905,"name":"stare-trigger","properties":[{"name":"beamDuration","type":"float","value":1},{"name":"beamHoldDuration","type":"float","value":1},{"name":"confuseDuration","type":"float","value":1},{"name":"fallDuration","type":"float","value":0.6},{"name":"winkDuration","type":"float","value":1}],"rotation":0,"type":"stare-trigger","visible":true,"width":260,"x":1020,"y":471},{"gid":165,"height":164,"id":2047,"name":"stare-trigger","properties":[{"name":"beamDuration","type":"float","value":1},{"name":"beamHoldDuration","type":"float","value":3},{"name":"confuseDuration","type":"float","value":1},{"name":"fallDuration","type":"float","value":0.6},{"name":"winkDuration","type":"float","value":1}],"rotation":0,"type":"stare-trigger","visible":true,"width":260,"x":1905,"y":471},{"gid":164,"height":164,"id":2473,"name":"rise","properties":[{"name":"duration","type":"float","value":1},{"name":"height","type":"int","value":100}],"rotation":0,"type":"rise","visible":true,"width":260,"x":2589,"y":471},{"gid":165,"height":164,"id":2474,"name":"stare-trigger","properties":[{"name":"beamDuration","type":"float","value":1},{"name":"beamHoldDuration","type":"float","value":1},{"name":"confuseDuration","type":"float","value":1},{"name":"fallDuration","type":"float","value":0.6},{"name":"winkDuration","type":"float","value":1}],"rotation":0,"type":"stare-trigger","visible":true,"width":260,"x":2829,"y":471},{"gid":227,"height":164,"id":3088,"name":"rise","properties":[{"name":"duration","type":"float","value":1},{"name":"height","type":"int","value":100}],"rotation":0,"type":"rise","visible":true,"width":260,"x":3615,"y":471},{"gid":228,"height":164,"id":3089,"name":"stare-trigger","properties":[{"name":"beamDuration","type":"float","value":1},{"name":"beamHoldDuration","type":"float","value":1},{"name":"confuseDuration","type":"float","value":1},{"name":"fallDuration","type":"float","value":0.6},{"name":"winkDuration","type":"float","value":1}],"rotation":0,"type":"stare-trigger","visible":true,"width":260,"x":3855,"y":471},{"gid":164,"height":164,"id":3526,"name":"rise","properties":[{"name":"duration","type":"float","value":1},{"name":"height","type":"int","value":100}],"rotation":0,"type":"rise","visible":true,"width":260,"x":4347,"y":471},{"gid":165,"height":164,"id":3527,"name":"stare-trigger","properties":[{"name":"beamDuration","type":"float","value":1},{"name":"beamHoldDuration","type":"float","value":1},{"name":"confuseDuration","type":"float","value":1},{"name":"fallDuration","type":"float","value":0.6},{"name":"winkDuration","type":"float","value":1}],"rotation":0,"type":"stare-trigger","visible":true,"width":260,"x":4587,"y":471},{"gid":227,"height":164,"id":4479,"name":"rise","properties":[{"name":"duration","type":"float","value":1},{"name":"height","type":"int","value":100}],"rotation":0,"type":"rise","visible":true,"width":260,"x":5675,"y":471},{"gid":228,"height":164,"id":4480,"name":"stare-trigger","properties":[{"name":"beamDuration","type":"float","value":1},{"name":"beamHoldDuration","type":"float","value":1},{"name":"confuseDuration","type":"float","value":1},{"name":"fallDuration","type":"float","value":0.6},{"name":"winkDuration","type":"float","value":1}],"rotation":0,"type":"stare-trigger","visible":true,"width":260,"x":5915,"y":471},{"gid":165,"height":164,"id":5681,"name":"stare-trigger","properties":[{"name":"beamDuration","type":"float","value":1},{"name":"beamHoldDuration","type":"float","value":3},{"name":"confuseDuration","type":"float","value":1},{"name":"fallDuration","type":"float","value":0.6},{"name":"winkDuration","type":"float","value":1}],"rotation":0,"type":"stare-trigger","visible":true,"width":260,"x":7010,"y":471},{"gid":164,"height":164,"id":6285,"name":"rise","properties":[{"name":"duration","type":"float","value":2.5},{"name":"height","type":"int","value":100}],"rotation":0,"type":"rise","visible":true,"width":260,"x":7649,"y":471},{"gid":165,"height":164,"id":6286,"name":"stare-trigger","properties":[{"name":"beamDuration","type":"float","value":1},{"name":"beamHoldDuration","type":"float","value":1},{"name":"confuseDuration","type":"float","value":1},{"name":"fallDuration","type":"float","value":0.6},{"name":"winkDuration","type":"float","value":1}],"rotation":0,"type":"stare-trigger","visible":true,"width":260,"x":8209,"y":471}],"opacity":1,"type":"objectgroup","visible":true,"x":0,"y":0}],"nextlayerid":51,"nextobjectid":487,"orientation":"orthogonal","renderorder":"right-down","tiledversion":"1.7.1","tileheight":20,"tilesets":[{"columns":0,"firstgid":1,"grid":{"height":1,"orientation":"orthogonal","width":1},"margin":0,"name":"static-obj","spacing":0,"tilecount":49,"tileheight":301,"tiles":[{"id":32,"image":"../maps/assets/static-obj/apple.png","type":"apple"},{"id":33,"image":"../maps/assets/static-obj/ball.png","type":"ball"},{"id":34,"image":"../maps/assets/static-obj/banana.png","type":"banana"},{"id":35,"image":"../maps/assets/static-obj/books.png","type":"books"},{"id":36,"image":"../maps/assets/static-obj/cactus.png","type":"cactus"},{"id":37,"image":"../maps/assets/static-obj/candy-bottle.png","type":"candy-bottle"},{"id":38,"image":"../maps/assets/static-obj/clock.png","type":"clock"},{"id":39,"image":"../maps/assets/static-obj/coca.png","type":"coca"},{"id":40,"image":"../maps/assets/static-obj/cupcake.png","type":"cupcake"},{"id":41,"image":"../maps/assets/static-obj/chest.png","type":"chest"},{"id":42,"image":"../maps/assets/static-obj/chest-2.png","type":"chest-2"},{"id":43,"image":"../maps/assets/static-obj/eraser.png","type":"eraser"},{"id":44,"image":"../maps/assets/static-obj/fries.png","type":"fries"},{"id":45,"image":"../maps/assets/static-obj/gavel-bottle.png","type":"gavel-bottle"},{"id":46,"image":"../maps/assets/static-obj/gummy-candy.png","type":"gummy-candy"},{"id":47,"image":"../maps/assets/static-obj/hamburger.png","type":"hamburger"},{"id":48,"image":"../maps/assets/static-obj/hotdog.png","type":"hotdog"},{"id":49,"image":"../maps/assets/static-obj/milk-bottle.png","type":"milk-bottle"},{"id":50,"image":"../maps/assets/static-obj/milk-glass.png","type":"milk-glass"},{"id":51,"image":"../maps/assets/static-obj/milk-tea.png","type":"milk-tea"},{"id":52,"image":"../maps/assets/static-obj/milk-tea-2.png","type":"milk-tea-2"},{"id":53,"image":"../maps/assets/static-obj/orange.png","type":"orange"},{"id":54,"image":"../maps/assets/static-obj/orange-juice.png","type":"orange-juice"},{"id":55,"image":"../maps/assets/static-obj/pencil.png","type":"pencil"},{"id":56,"image":"../maps/assets/static-obj/sandwiches.png","type":"sandwiches"},{"id":57,"image":"../maps/assets/static-obj/soft-drink-1.png","type":"soft-drink-1"},{"id":58,"image":"../maps/assets/static-obj/sugar-bottle.png","type":"sugar-bottle"},{"id":59,"image":"../maps/assets/static-obj/toaster.png","type":"toaster"},{"id":60,"image":"../maps/assets/static-obj/toy.png","type":"toy"},{"id":61,"image":"../maps/assets/static-obj/watermelon-1.png","type":"watermelon-1"},{"id":62,"image":"../maps/assets/static-obj/watermelon-2.png","type":"watermelon-2"},{"id":63,"image":"../maps/assets/static-obj/candy-star.png","type":"candy-star"},{"id":64,"image":"../maps/assets/static-obj/candy-umbrella.png","type":"candy-umbrella"},{"id":65,"image":"../maps/assets/static-obj/cat-mask.png","type":"cat-mask"},{"id":66,"image":"../maps/assets/static-obj/desk-phone.png","type":"desk-phone"},{"id":67,"image":"../maps/assets/static-obj/dying-tree.png","type":"dying-tree"},{"id":68,"image":"../maps/assets/static-obj/eclock.png","type":"eclock"},{"id":69,"image":"../maps/assets/static-obj/gift-box.png","type":"gift-box"},{"id":70,"image":"../maps/assets/static-obj/marble-ball.png","type":"marble-ball"},{"id":71,"image":"../maps/assets/static-obj/marble-ball-group.png","type":"marble-ball-group"},{"id":72,"image":"../maps/assets/static-obj/origami-bird.png","type":"origami-bird"},{"id":73,"image":"../maps/assets/static-obj/origami-rabbit.png","type":"origami-rabbit"},{"id":74,"image":"../maps/assets/static-obj/piggy-bank.png","type":"piggy-bank"},{"id":75,"image":"../maps/assets/static-obj/square-origami.png","type":"square-origami"},{"id":76,"image":"../maps/assets/static-obj/teddy-bear.png","type":"teddy-bear"},{"id":77,"image":"../maps/assets/static-obj/zippo.png","type":"zippo"},{"id":78,"image":"../../Downloads/x2_2/x2/gameplay/static-obj/balloon.png","type":"balloon"},{"id":79,"image":"../../Downloads/x2_2/x2/gameplay/static-obj/crab.png","type":"crab"},{"id":80,"image":"../../Downloads/x2_2/x2/gameplay/static-obj/spaceship.png","type":"spaceship"}],"tilewidth":334},{"columns":0,"firstgid":82,"grid":{"height":1,"orientation":"orthogonal","width":1},"margin":0,"name":"collect-obj","spacing":0,"tilecount":4,"tileheight":82,"tiles":[{"id":0,"image":"../maps/assets/collect-obj/gift-circle.png","properties":[{"name":"value","type":"int","value":10}],"type":"gift-circle"},{"id":1,"image":"../maps/assets/collect-obj/gift-heart.png","properties":[{"name":"value","type":"int","value":10}],"type":"gift-heart"},{"id":2,"image":"../maps/assets/collect-obj/gift-square.png","properties":[{"name":"value","type":"int","value":10}],"type":"gift-square"},{"id":3,"image":"../maps/assets/collect-obj/coin.png","properties":[{"name":"value","type":"int","value":1}],"type":"coin"}],"tilewidth":82},{"columns":0,"firstgid":86,"grid":{"height":1,"orientation":"orthogonal","width":1},"margin":0,"name":"decor-obj","spacing":0,"tilecount":6,"tileheight":320,"tiles":[{"id":3,"image":"../maps/assets/decor-obj/handkerchief-1.png","type":"handkerchief-1"},{"id":4,"image":"../maps/assets/decor-obj/handkerchief-2.png","type":"handkerchief-2"},{"id":5,"image":"../maps/assets/decor-obj/handkerchief-3.png","type":"handkerchief-3"},{"id":6,"image":"../maps/assets/decor-obj/handkerchief-4.png","type":"handkerchief-4"},{"id":7,"image":"../maps/assets/decor-obj/handkerchief-5.png","type":"handkerchief-5"},{"id":8,"image":"../maps/assets/decor-obj/handkerchief-6.png","type":"handkerchief-6"}],"tilewidth":693},{"columns":0,"firstgid":95,"grid":{"height":1,"orientation":"orthogonal","width":1},"margin":0,"name":"decor-obj-behind","spacing":0,"tilecount":18,"tileheight":142,"tiles":[{"id":0,"image":"../maps/assets/decor-obj-behind/book-1.png","type":"book-1"},{"id":1,"image":"../maps/assets/decor-obj-behind/book-2.png","type":"book-2"},{"id":2,"image":"../maps/assets/decor-obj-behind/book-3.png","type":"book-3"},{"id":3,"image":"../maps/assets/decor-obj-behind/book-4.png","type":"book-4"},{"id":4,"image":"../maps/assets/decor-obj-behind/book-5.png","type":"book-5"},{"id":5,"image":"../maps/assets/decor-obj-behind/cookies-1.png","type":"cookies-1"},{"id":6,"image":"../maps/assets/decor-obj-behind/cookies-2.png","type":"cookies-2"},{"id":7,"image":"../maps/assets/decor-obj-behind/crayon-blue.png","type":"crayon-blue"},{"id":8,"image":"../maps/assets/decor-obj-behind/crayon-green.png","type":"crayon-green"},{"id":9,"image":"../maps/assets/decor-obj-behind/crayon-pink-yellow.png","type":"crayon-pink-yellow"},{"id":10,"image":"../maps/assets/decor-obj-behind/fork.png","type":"fork"},{"id":11,"image":"../maps/assets/decor-obj-behind/fork-2.png","type":"fork-2"},{"id":12,"image":"../maps/assets/decor-obj-behind/glove.png","type":"glove"},{"id":13,"image":"../maps/assets/decor-obj-behind/knife.png","type":"knife"},{"id":14,"image":"../maps/assets/decor-obj-behind/rolling-pin.png","type":"rolling-pin"},{"id":15,"image":"../maps/assets/decor-obj-behind/sandwich.png","type":"sandwich"},{"id":16,"image":"../maps/assets/decor-obj-behind/spoon.png","type":"spoon"},{"id":17,"image":"../maps/assets/decor-obj-behind/wood-spoon.png","type":"wood-spoon"}],"tilewidth":342},{"columns":0,"firstgid":113,"grid":{"height":1,"orientation":"orthogonal","width":1},"margin":0,"name":"goal-obj","spacing":0,"tilecount":2,"tileheight":192,"tiles":[{"id":0,"image":"../maps/assets/goal-obj/cheese-1.png","type":"cheese-1"},{"id":1,"image":"../maps/assets/goal-obj/cheese-2.png","type":"cheese-2"}],"tilewidth":307},{"columns":0,"firstgid":115,"grid":{"height":1,"orientation":"orthogonal","width":1},"margin":0,"name":"interactable-obj","spacing":0,"tilecount":6,"tileheight":134,"tiles":[{"id":0,"image":"../maps/assets/interactable-obj/blue-button-down.png","properties":[{"name":"triggerID","type":"int","value":0}],"type":"blue-button-down"},{"id":1,"image":"../maps/assets/interactable-obj/blue-button-up.png","properties":[{"name":"triggerID","type":"int","value":0}],"type":"blue-button-up"},{"id":2,"image":"../maps/assets/interactable-obj/joystick.png","properties":[{"name":"triggerID","type":"int","value":0}],"type":"joystick"},{"id":3,"image":"../maps/assets/interactable-obj/joystick-down.png","properties":[{"name":"triggerID","type":"int","value":0}],"type":"joystick-down"},{"id":4,"image":"../maps/assets/interactable-obj/red-button-down.png","properties":[{"name":"triggerID","type":"int","value":0}],"type":"red-button-down"},{"id":5,"image":"../maps/assets/interactable-obj/red-button-up.png","properties":[{"name":"triggerID","type":"int","value":0}],"type":"red-button-up"}],"tilewidth":121},{"columns":0,"firstgid":121,"grid":{"height":1,"orientation":"orthogonal","width":1},"margin":0,"name":"movement-modifier-obj","spacing":0,"tilecount":3,"tileheight":110,"tiles":[{"id":0,"image":"../maps/assets/movement-modifier-obj/boxing.png","properties":[{"name":"direction","type":"string","value":"right"},{"name":"speed","type":"int","value":100}],"type":"boxing"},{"id":1,"image":"../maps/assets/movement-modifier-obj/conveyor.png","properties":[{"name":"direction","type":"string","value":"left"},{"name":"speed","type":"int","value":30}],"type":"conveyor"},{"id":2,"image":"../maps/assets/movement-modifier-obj/liquid.png","type":"liquid"}],"tilewidth":241},{"columns":0,"firstgid":124,"grid":{"height":1,"orientation":"orthogonal","width":1},"margin":0,"name":"moving-obj","spacing":0,"tilecount":2,"tileheight":424,"tiles":[{"id":0,"image":"../maps/assets/moving-obj/icecream-truck.png","type":"icecream-truck"},{"id":1,"image":"../maps/assets/moving-obj/tank.png","type":"tank"}],"tilewidth":564},{"columns":0,"firstgid":126,"grid":{"height":1,"orientation":"orthogonal","width":1},"margin":0,"name":"seethrough-obj","spacing":0,"tilecount":8,"tileheight":165,"tiles":[{"id":0,"image":"../maps/assets/seethrough-obj/crystall-ball.png","type":"crystall-ball"},{"id":1,"image":"../maps/assets/seethrough-obj/empty-bottle-1.png","type":"empty-bottle-1"},{"id":2,"image":"../maps/assets/seethrough-obj/empty-bottle-2.png","type":"empty-bottle-2"},{"id":3,"image":"../maps/assets/seethrough-obj/glass.png","type":"glass"},{"id":4,"image":"../maps/assets/seethrough-obj/glasses.png","type":"glasses"},{"id":5,"image":"../maps/assets/seethrough-obj/king.png","type":"king"},{"id":6,"image":"../maps/assets/seethrough-obj/knight.png","type":"knight"},{"id":7,"image":"../maps/assets/seethrough-obj/queen.png","type":"queen"}],"tilewidth":138},{"columns":0,"firstgid":134,"grid":{"height":1,"orientation":"orthogonal","width":1},"margin":0,"name":"trap-obj","spacing":0,"tilecount":3,"tileheight":445,"tiles":[{"id":0,"image":"../maps/assets/trap-obj/balloon.png","type":"balloon"},{"id":1,"image":"../maps/assets/trap-obj/crab.png","type":"crab"},{"id":2,"image":"../maps/assets/trap-obj/spaceship.png","type":"spaceship"}],"tilewidth":365},{"columns":0,"firstgid":137,"grid":{"height":1,"orientation":"orthogonal","width":1},"margin":0,"name":"players","spacing":0,"tilecount":2,"tileheight":328,"tiles":[{"id":0,"image":"../maps/assets/players/boy.png","type":"watcher"},{"id":1,"image":"../maps/assets/players/mouse.png","type":"player"}],"tilewidth":520},{"columns":4,"firstgid":139,"image":"../maps/assets/tileset/tileset.png","imageheight":116,"imagewidth":116,"margin":0,"name":"tileset","spacing":0,"tilecount":0,"tileheight":29,"tilewidth":29,"transformations":{"hflip":false,"preferuntransformed":true,"rotate":false,"vflip":false}},{"columns":0,"firstgid":139,"grid":{"height":1,"orientation":"orthogonal","width":1},"margin":0,"name":"symbol","spacing":0,"tilecount":10,"tileheight":164,"tiles":[{"id":0,"image":"../maps/assets/symbol/eye.svg","properties":[{"name":"duration","type":"float","value":2}],"type":"watch-trigger"},{"id":1,"image":"../maps/assets/symbol/start.svg","type":"start-point"},{"id":2,"image":"../maps/assets/symbol/stand.svg","properties":[{"name":"duration","type":"float","value":2},{"name":"height-cap","type":"float","value":100}],"type":"stand-trigger"},{"id":3,"image":"../maps/assets/symbol/monkey.png","properties":[{"name":"duration","type":"float","value":5}],"type":"monkey-trigger"},{"id":8,"image":"../maps/assets/symbol/eye_end.png","type":"end-watch-trigger"},{"id":9,"image":"../maps/assets/symbol/rise.png","properties":[{"name":"duration","type":"float","value":0},{"name":"height","type":"int","value":0}],"type":"rise"},{"id":10,"image":"../maps/assets/symbol/stare-trigger.png","properties":[{"name":"beamDuration","type":"float","value":0},{"name":"beamHoldDuration","type":"float","value":0},{"name":"confuseDuration","type":"float","value":0},{"name":"fallDuration","type":"float","value":0},{"name":"winkDuration","type":"float","value":0}],"type":"stare-trigger"},{"id":11,"image":"../maps/assets/symbol/watch-trigger.png","properties":[{"name":"beamDuration","type":"float","value":0},{"name":"beamHoldDuration","type":"float","value":0},{"name":"confuseDuration","type":"float","value":0},{"name":"fallDuration","type":"float","value":0},{"name":"winkDuration","type":"float","value":0}],"type":"watch-trigger"},{"id":12,"image":"../maps/assets/symbol/end-trigger.png","type":"end-trigger"},{"id":13,"image":"../maps/assets/symbol/fall.png","properties":[{"name":"duration","type":"float","value":0},{"name":"height","type":"int","value":0}],"type":"fall"}],"tilewidth":260},{"columns":0,"firstgid":153,"grid":{"height":1,"orientation":"orthogonal","width":1},"margin":0,"name":"speed-modifier-obj","spacing":0,"tilecount":6,"tileheight":55,"tiles":[{"id":0,"image":"../maps/assets/speed-modifier-obj/chocolate.png","properties":[{"name":"speedBonusPercent","type":"float","value":0.5},{"name":"speedDuration","type":"float","value":1}],"type":"chocolate-1"},{"id":2,"image":"../maps/assets/speed-modifier-obj/chocolate-2.png","type":"chocolate-2"},{"id":3,"image":"../maps/assets/speed-modifier-obj/chocolate-3.png","type":"chocolate-3"},{"id":4,"image":"../maps/assets/speed-modifier-obj/chocolate-4.png","type":"chocolate-4"},{"id":5,"image":"../maps/assets/speed-modifier-obj/chocolate-5.png","type":"chocolate-5"},{"id":6,"image":"../maps/assets/speed-modifier-obj/skateboard.png","properties":[{"name":"speedBonusPercent","type":"float","value":2},{"name":"speedDuration","type":"float","value":1.2}],"type":"skateboard"}],"tilewidth":409}],"tilewidth":20,"type":"map","version":"1.6","width":464}