[1,["14dad6419@6c48a"],["_textureSource"],["cc.SpriteFrame"],0,[[[{"name":"green-middle","rect":{"x":3,"y":3,"width":9,"height":50},"offset":{"x":0,"y":0},"originalSize":{"width":9,"height":50},"rotated":true,"capInsets":[0,0,0,0],"packable":true,"pixelsToUnit":100,"pivot":{"x":0.5,"y":0.5},"meshType":0}],[0],0,[0],[0],[0]],[[{"name":"gift","rect":{"x":837,"y":3,"width":103,"height":124},"offset":{"x":0,"y":0},"originalSize":{"width":103,"height":124},"rotated":true,"capInsets":[0,0,0,0],"packable":true,"pixelsToUnit":100,"pivot":{"x":0.5,"y":0.5},"meshType":0}],[0],0,[0],[0],[0]],[[{"name":"btn-transparent-circle","rect":{"x":732,"y":3,"width":99,"height":99},"offset":{"x":0,"y":0},"originalSize":{"width":99,"height":99},"rotated":false,"capInsets":[0,0,0,0],"packable":true,"pixelsToUnit":100,"pivot":{"x":0.5,"y":0.5},"meshType":0}],[0],0,[0],[0],[0]],[[{"name":"icon-ad","rect":{"x":631,"y":3,"width":95,"height":82},"offset":{"x":0,"y":0},"originalSize":{"width":95,"height":82},"rotated":false,"capInsets":[0,0,0,0],"packable":true,"pixelsToUnit":100,"pivot":{"x":0.5,"y":0.5},"meshType":0}],[0],0,[0],[0],[0]],[[{"name":"icon-share-transparent","rect":{"x":393,"y":3,"width":54,"height":69},"offset":{"x":0,"y":0},"originalSize":{"width":54,"height":69},"rotated":true,"capInsets":[0,0,0,0],"packable":true,"pixelsToUnit":100,"pivot":{"x":0.5,"y":0.5},"meshType":0}],[0],0,[0],[0],[0]],[[{"name":"border-middle","rect":{"x":59,"y":3,"width":9,"height":77},"offset":{"x":0,"y":0},"originalSize":{"width":9,"height":77},"rotated":true,"capInsets":[0,0,0,0],"packable":true,"pixelsToUnit":100,"pivot":{"x":0.5,"y":0.5},"meshType":0}],[0],0,[0],[0],[0]],[[{"name":"icon-next","rect":{"x":538,"y":3,"width":67,"height":87},"offset":{"x":0,"y":0},"originalSize":{"width":67,"height":87},"rotated":true,"capInsets":[0,0,0,0],"packable":true,"pixelsToUnit":100,"pivot":{"x":0.5,"y":0.5},"meshType":0}],[0],0,[0],[0],[0]],[[{"name":"btn-green","rect":{"x":482,"y":112,"width":482,"height":147},"offset":{"x":0,"y":0},"originalSize":{"width":482,"height":147},"rotated":false,"capInsets":[0,0,0,0],"packable":true,"pixelsToUnit":100,"pivot":{"x":0.5,"y":0.5},"meshType":0}],[0],0,[0],[0],[0]],[[{"name":"base-middle","rect":{"x":142,"y":3,"width":9,"height":50},"offset":{"x":0,"y":0},"originalSize":{"width":9,"height":50},"rotated":true,"capInsets":[0,0,0,0],"packable":true,"pixelsToUnit":100,"pivot":{"x":0.5,"y":0.5},"meshType":0}],[0],0,[0],[0],[0]],[[{"name":"icon-ruby","rect":{"x":468,"y":3,"width":64,"height":59},"offset":{"x":0,"y":0},"originalSize":{"width":64,"height":59},"rotated":false,"capInsets":[0,0,0,0],"packable":true,"pixelsToUnit":100,"pivot":{"x":0.5,"y":0.5},"meshType":0}],[0],0,[0],[0],[0]],[[{"name":"green-left","rect":{"x":198,"y":3,"width":26,"height":50},"offset":{"x":0,"y":0},"originalSize":{"width":26,"height":50},"rotated":true,"capInsets":[0,0,0,0],"packable":true,"pixelsToUnit":100,"pivot":{"x":0.5,"y":0.5},"meshType":0}],[0],0,[0],[0],[0]],[[{"name":"btn-transparent","rect":{"x":3,"y":68,"width":473,"height":133},"offset":{"x":0,"y":0},"originalSize":{"width":473,"height":133},"rotated":false,"capInsets":[0,0,0,0],"packable":true,"pixelsToUnit":100,"pivot":{"x":0.5,"y":0.5},"meshType":0}],[0],0,[0],[0],[0]],[[{"name":"border-left","rect":{"x":310,"y":3,"width":38,"height":77},"offset":{"x":0,"y":0},"originalSize":{"width":38,"height":77},"rotated":true,"capInsets":[0,0,0,0],"packable":true,"pixelsToUnit":100,"pivot":{"x":0.5,"y":0.5},"meshType":0}],[0],0,[0],[0],[0]],[[{"name":"base-left","rect":{"x":254,"y":3,"width":26,"height":50},"offset":{"x":0,"y":0},"originalSize":{"width":26,"height":50},"rotated":true,"capInsets":[0,0,0,0],"packable":true,"pixelsToUnit":100,"pivot":{"x":0.5,"y":0.5},"meshType":0}],[0],0,[0],[0],[0]]]]
