[1,["aeCH0Kc3ROErOiuuusb8rt@6c48a"],["_textureSource"],["cc.SpriteFrame"],0,[{"name":"journey-button","rect":{"x":7,"y":13,"width":782,"height":271},"offset":{"x":0.5,"y":-6.5},"originalSize":{"width":795,"height":284},"rotated":false,"capInsets":[0,0,0,0],"vertices":{"rawPosition":[-391,-135.5,0,391,-135.5,0,-391,135.5,0,391,135.5,0],"indexes":[0,1,2,2,1,3],"uv":[7,271,789,271,7,0,789,0],"nuv":[0.00880503144654088,0,0.9924528301886792,0,0.00880503144654088,0.954225352112676,0.9924528301886792,0.954225352112676],"minPos":{"x":-391,"y":-135.5,"z":0},"maxPos":{"x":391,"y":135.5,"z":0}},"packable":true,"pixelsToUnit":100,"pivot":{"x":0.5,"y":0.5},"meshType":0}],[0],0,[0],[0],[0]]
