[1,["89iuE+np1Or5gYbJMxyC55@6c48a"],["_textureSource"],["cc.SpriteFrame"],0,[{"name":"Combo","rect":{"x":0,"y":0,"width":236,"height":75},"offset":{"x":0,"y":0},"originalSize":{"width":236,"height":75},"rotated":false,"capInsets":[0,0,0,0],"vertices":{"rawPosition":[-118,-37.5,0,118,-37.5,0,-118,37.5,0,118,37.5,0],"indexes":[0,1,2,2,1,3],"uv":[0,75,236,75,0,0,236,0],"nuv":[0,0,1,0,0,1,1,1],"minPos":{"x":-118,"y":-37.5,"z":0},"maxPos":{"x":118,"y":37.5,"z":0}},"packable":true,"pixelsToUnit":100,"pivot":{"x":0.5,"y":0.5},"meshType":0}],[0],0,[0],[0],[0]]
