[1,["891V6rsuNPIaDVSauRWsgz@6c48a"],["_textureSource"],["cc.SpriteFrame"],0,[{"name":"48","rect":{"x":0,"y":18,"width":171,"height":175},"offset":{"x":0,"y":0},"originalSize":{"width":171,"height":211},"rotated":false,"capInsets":[0,0,0,0],"vertices":{"rawPosition":[-85.5,-87.5,0,85.5,-87.5,0,-85.5,87.5,0,85.5,87.5,0],"indexes":[0,1,2,2,1,3],"uv":[0,193,171,193,0,18,171,18],"nuv":[0,0.08530805687203792,1,0.08530805687203792,0,0.9146919431279621,1,0.9146919431279621],"minPos":{"x":-85.5,"y":-87.5,"z":0},"maxPos":{"x":85.5,"y":87.5,"z":0}},"packable":true,"pixelsToUnit":100,"pivot":{"x":0.5,"y":0.5},"meshType":0}],[0],0,[0],[0],[0]]
