[1,["c7UH2LpZtE5qb79jY+bj1c@6c48a"],["_textureSource"],["cc.SpriteFrame"],0,[{"name":"Awesome","rect":{"x":0,"y":0,"width":620,"height":133},"offset":{"x":0,"y":0},"originalSize":{"width":620,"height":133},"rotated":false,"capInsets":[0,0,0,0],"vertices":{"rawPosition":[-310,-66.5,0,310,-66.5,0,-310,66.5,0,310,66.5,0],"indexes":[0,1,2,2,1,3],"uv":[0,133,620,133,0,0,620,0],"nuv":[0,0,1,0,0,1,1,1],"minPos":{"x":-310,"y":-66.5,"z":0},"maxPos":{"x":310,"y":66.5,"z":0}},"packable":true,"pixelsToUnit":100,"pivot":{"x":0.5,"y":0.5},"meshType":0}],[0],0,[0],[0],[0]]
