[1,0,0,[["cc.JsonAsset",["_name","json"],1]],[[0,0,1,3]],[[0,"tr",{"text":{"core.nameless":"İsimsiz","BLANK":"","dh":"%{0}g %{1}s","dhm":"%{0}g %{1}s %{2}d","dhms":"%{0}g %{1}s %{2}d %{3}s","hms":"%{0}s %{1}d %{2}s","hm":"%{0}s %{1}d","ms":"%{0}d %{1}s","h":"%{0}s","m":"%{0}d","s":"%{0}s","vDays":"%{0} gün","matches":"Maçlar","match":"Maç","score":"Skor","level":"Seviye","levelV":"Seviye %{0}","firstTutor1":"Aynı iki taşı eşleştir","firstTutor2":"Üstteki taşı eşleştirerek diğerlerini aç","firstTutor3":"Yandaki taşları eşleştirerek diğerlerini aç","lockedByAboveTiles":"Üstteki taşlar tarafından kilitli","lockedByLeftAndRight":"Sağ ve sol tarafından kilitli","music":"Müzik","sound":"Ses","vibrate":"Titreşim","ON":"AÇIK","OFF":"KAPALI","NO":"Hayır","YES":"Evet","adsNotComplete":"Üzgünüz, ödül yok! Reklamı iptal ettiniz!","loadingAds":"Reklam yükleniyor...","loading":"Yükleniyor...","load":"Yükleniyor","noAdsError":"Gösterilecek reklam yok!","noReward":"Üzgünüz, ödül yok!\nReklamı iptal ettiniz!","greatJob":"\nAferin! Biraz dinlen...","settings":"Ayarlar","highlightFreeTiles":"Serbest taşları vurgula","theme":"Tema","joinFacebookGroup":"Facebook grubuna katıl","restart":"Yeniden başlat","version:V":"Sürüm: %{0}","join":"Katıl","tiles":"Taşlar","background":"Arka plan","confirm":"Onayla","classic":"Klasik","violet":"Mor","antique":"Antika","simple":"Basit","details":"Ayrıntılar","removedForVDays":"Açılır reklamlar %{0} günlüğüne kaldırıldı","removedFor1Day":"Açılır reklamlar 1 günlüğüne kaldırıldı","purchased":"Satın alındı","purchaseFailed":"Satın alma başarısız","cancelPayment":"Ödemeyi iptal ettiniz!","paymentError":"Ödeme sırasında bir hata oluştu!\nLütfen tekrar deneyin.","removeAdPolicy":"No Ads 30 Gün satın aldığınızda, satın alma tarihinden itibaren 30 gün boyunca oyunda reklamsız bir deneyim yaşarsınız. Bu, tek seferlik bir satın alımdır ve otomatik olarak yenilenmez. Süresi dolduktan sonra, yeni bir satın alma yapılmadıkça reklamlar tekrar görüntülenecektir. Lütfen bazı oyun içi promosyonların, ödüllü reklamların (örneğin, bonuslar için isteğe bağlı reklamlar) veya üçüncü taraf içeriklerin yine de görüntülenebileceğini unutmayın. Satın alarak, bu şartları kabul etmiş olursunuz ve geliştiriciler, bu politikayı önceden bildirimde bulunmaksızın dilediği zaman değiştirme hakkını saklı tutar.","outOfMoves":"Hamle Kalmadı!","shuffle -1":"Karıştır","shuffle":"Karıştır","useShuffle?":"Karıştırma kullanılsın mı?","watchVideoShuffle":"Video izleyerek karıştırma al","watchVideoUndo":"Video izleyerek geri al","watchVideoHint":"Video izleyerek ipucu al","getOne":"Bir tane al","freeShuffle":"Ücretsiz karıştırma","freeUndo":"Ücretsiz geri al","freeHint":"Ücretsiz ipucu","collectx2":"Topla X2","collect":"Topla","WELLDONE":"TEBRİKLER!","wellDone":"Aferin!","score:":"Puan:","NailedLikeAChamp":"Bu seviye kolay değildi ama sen bir şampiyon gibi başardın!","reachLevelV":"%{0}. seviyeye ulaş","noMatchableTiles":"Eşleşebilecek taş yok","matchableTilesHighlighted":"Eşleşebilen taşlar vurgulandı","Can'tUndo":"Şu anda geri alma kullanılamıyor","findOpponent":"Rakip bul","back":"Geri","youWin":"Kazandın!","youLose":"Kaybettin!","waitingForOpponent":"Rakip bekleniyor","newMatch":"Yeni maç","Home":"Ana Sayfa","lanternChallenge":"Fener Mücadelesi","LANTERN_CHALLENGE":"FENER MÜCADELESI","start":"Başla","lanternChallengeStart":"Fener Mücadelesi başladı! Altın taşları toplayarak seviye atla ve ödülleri kazan!","winLevels":"Seviyeleri kazan!","collectLanternTiles":"Fener taşlarını topla!","improveRanking":"Sıralamanı yükselt!","tapToContinue":"Devam etmek için dokunun","RANK_#V_REWARD":"SIRA #%{0} ÖDÜLÜ","you":"Sen","continue":"Devam et","tournamentCreateFail":"Hata!\n Şu anda turnuva oluşturamazsınız.\n\nLütfen daha sonra tekrar deneyin.","cannotJoinTournament":"Üzgünüz, şu anda katılamazsın.","creatingTournament":"Turnuva oluşturuluyor...","failedToJoinTournament":"Turnuvaya katılım başarısız","noTournamentAvailable":"Mevcut turnuva yok","languages":"Diller","winXLevels":"Mükemmel %{0} bölüm","useXItems":"%{0} öğe kullan","matchXTiles":"%{0} taşı eşleştir","stageX":"Aşama %{0}","DailyTask":"Günlük görev","Play":"Oyna","youNeedToCompleteThePreviousStageFirst.":"Önceki aşamayı tamamlamalısın.","reachComboX":"Maksimum %{0} komboya ulaş","flowerTutor":"Bu taşlara \"Çiçek\" denir. Herhangi iki tanesi eşleştirilebilir!","seasonTutor":"Bu taşlara \"Mevsim\" denir. Herhangi iki tanesi eşleştirilebilir!","close":"Kapat","timeHms":"%{0}:%{1}:%{2}","customString":"%{0}","leaderboardEmpty":"Liderlik tablosu boş.","WELCOME_BACK":"Tekrar hoş geldiniz","playWithFriend":"Bir arkadaşla oyna","playWithFriendStart":"Güçlü bir rakibe meydan oku","1day":"1 gün","followPage":"Sayfayı takip et","dailyChallenge":"Günlük Mücadele","date":"Tarih","play":"Oyna","dailyReward":"Günlük ödül","pickDailyGift":"Günlük hediyeni seç!","congratulations":"Tebrikler!","Badges":"Rozetler","Daily":"Günlük","Journey":"Geziler","failedToLoadBadge":"Rozet yüklenemedi. Lütfen daha sonra tekrar deneyin!","Shop":"Mağaza","removeAdsFor30Days":"30 gün boyunca reklamları kaldır","collection":"Koleksiyon","You have received":"Aldınız","free":"Ücretsiz","exceptional":"Olağanüstü!","dailyQuestCompleted":"デイリークエスト完了！","unClaimedDailyQuestReward":"未受け取りのデイリー報酬","xAdsLeftToday":"Bugün bu eşya için kalan reklam: %{0}.","youHaveReachedTheDailyAdLimit":"Günlük reklam sınırına ulaştınız.","limitedToXPerDay":"Günde en fazla %{0} ile sınırlı","1AdLeftToday":"Bugün bu eşya için 1 reklam kaldı.","nextLevel":"Sonraki seviye","next":"İleri","wonderful":"Harika!","observeCarefully":"Dikkatle gözlemledin ve net bir zafer kazandın!","poker":"Poker","cherryBlossom":"Sakura Festivali","springDolls":"Bahar Bebekleri","teaCeremony":"Çay Seremonisi","impressive":"Etkileyici!","yourJourneyRewardAreEmpty":"Yolculuk ödülleriniz boş. Ödülleri toplamak için oynamaya başlayın!","unlockLvV":"Seviye %{0} aç","completeJourneyText":"Bu yolculuk tamamlandı. Yeni yolculuk yakında başlayacak.","return":"Geri","megaBundle":"Mega Paket","superBundle":"Süper Paket","50off":"%50 indirim","flower":"Çiçek","youDraw":"Berabere!"},"texture":{"image":"image","Combo":"Combo","Amazing":"Amazing","Awesome":"Awesome","Great":"Great","Good":"Good"}}]],0,0,[],[],[]]
