[1,0,0,[["cc.JsonAsset",["_name","json"],1]],[[0,0,1,3]],[[0,"it",{"text":{"core.nameless":"Senza nome","BLANK":"","dh":"%{0}g %{1}h","dhm":"%{0}g %{1}h %{2}m","dhms":"%{0}g %{1}h %{2}m %{3}s","hms":"%{0}h %{1}m %{2}s","hm":"%{0}h %{1}m","ms":"%{0}m %{1}s","h":"%{0}h","m":"%{0}m","s":"%{0}s","vDays":"%{0} giorni","matches":"Partite","match":"Partita","score":"Punteggio","level":"Livello","levelV":"Livello %{0}","firstTutor1":"Abbina due tessere uguali","firstTutor2":"Abbina la tessera superiore per sbloccare le altre","firstTutor3":"Abbina le tessere laterali per sbloccare le altre","lockedByAboveTiles":"Bloccato dalle tessere superiori","lockedByLeftAndRight":"Bloccato a sinistra e destra","music":"Musica","sound":"Suono","vibrate":"Vibrazione","ON":"ATTIVO","OFF":"DISATTIVO","NO":"No","YES":"Sì","adsNotComplete":"Spiacente, nessuna ricompensa! Hai annullato l'annuncio!","loadingAds":"Caricamento annunci...","loading":"Caricamento...","load":"Caricamento","noAdsError":"Nessun annuncio da mostrare!","noReward":"Spiacenti, nessuna ricompensa!\nHai annullato la pubblicità!","greatJob":"\nOttimo lavoro! Riposa un po'...","settings":"Impostazioni","highlightFreeTiles":"Evidenzia tessere libere","theme":"Tema","joinFacebookGroup":"Unisciti al gruppo Facebook","restart":"Ricomincia","version:V":"Versione: %{0}","join":"Unisciti","tiles":"Tessere","background":"Sfondo","confirm":"Conferma","classic":"Classico","violet":"Viola","antique":"Klassico antico","simple":"Semplice","details":"Dettagli","removedForVDays":"Gli annunci pop-up sono disattivati per %{0} giorni","removedFor1Day":"Gli annunci pop-up sono disattivati per 1 giorno","purchased":"Acquistato","purchaseFailed":"Acquisto non riuscito","cancelPayment":"Hai annullato il pagamento!","paymentError":"Si è verificato un errore\ndurante il pagamento!\nPer favore riprova.","removeAdPolicy":"Acquistando l'opzione Senza Annunci per 30 giorni, potrai godere di un'esperienza di gioco senza pubblicità per 30 giorni dalla data di acquisto. Questo è un acquisto unico e non si rinnova automaticamente. Dopo la scadenza, gli annunci verranno nuovamente mostrati a meno che non venga effettuato un nuovo acquisto. Tieni presente che alcune promozioni nel gioco, annunci con ricompensa (come annunci facoltativi per bonus) o contenuti di terze parti potrebbero comunque essere visualizzati. Acquistando, accetti questi termini e gli sviluppatori si riservano il diritto di modificare questa politica in qualsiasi momento senza preavviso.","outOfMoves":"Mosse Esaurite","shuffle -1":"Mescola","shuffle":"Mescola","useShuffle?":"Usare la mescolata?","watchVideoShuffle":"Guarda un video per ottenere una mescolata.","watchVideoUndo":"Guarda un video per annullare.","watchVideoHint":"Guarda un video per ottenere un suggerimento.","getOne":"Ottieni uno","freeShuffle":"Mescolata gratuita","freeUndo":"Annullamento gratuito","freeHint":"Suggerimento gratuito","collectx2":"Raccogli x2","collect":"Raccogli","WELLDONE":"BEN FATTO!","wellDone":"Ben fatto!","score:":"Punteggio:","NailedLikeAChamp":"Quel livello non era facile, ma l'hai completato come un campione!","reachLevelV":"Raggiungi il livello %{0}","noMatchableTiles":"Nessuna tessera corrispondente","matchableTilesHighlighted":"Evidenziate le tessere corrispondenti","Can'tUndo":"Annullamento non disponibile al momento","findOpponent":"Trova un avversario","back":"Indietro","youWin":"Hai vinto!","youLose":"Hai perso!","waitingForOpponent":"In attesa dell’avversario","newMatch":"Nuova partita","Home":"Home","lanternChallenge":"Sfida delle lanterne","LANTERN_CHALLENGE":"SFIDA DELLE LANTERNE","start":"Inizio","lanternChallengeStart":"La Sfida delle Lanterne è iniziata! Raccogli tessere dorate per salire di livello e ottenere ricompense!","winLevels":"Vinci i livelli!","collectLanternTiles":"Raccogli le tessere lanterna!","improveRanking":"Migliora la classifica!","tapToContinue":"Tocca per continuare","RANK_#V_REWARD":"RICOMPENSA CLASSIFICA #%{0}","you":"Tu","continue":"Continua","tournamentCreateFail":"Ops!\n Al momento non puoi creare\ntornei.\n\nPer favore riprova più tardi.","cannotJoinTournament":"Siamo spiacenti, non puoi partecipare in questo momento.","creatingTournament":"Creazione del torneo...","failedToJoinTournament":"Impossibile partecipare al torneo","noTournamentAvailable":"Nessun torneo disponibile","languages":"Lingue","winXLevels":"Vinci %{0} livelli","useXItems":"Usa %{0} oggetti","matchXTiles":"Abbina %{0} tessere","stageX":"Livello %{0}","DailyTask":"Compito giornaliero","Play":"Gioca","youNeedToCompleteThePreviousStageFirst.":"Devi prima completare il livello precedente.","reachComboX":"Raggiungi combo %{0}","flowerTutor":"Queste tessere si chiamano Fiori. Qualsiasi due possono essere abbinate!","seasonTutor":"Queste tessere si chiamano Stagioni. Qualsiasi due possono essere abbinate!","close":"Chiudi","timeHms":"%{0}:%{1}:%{2}","customString":"%{0}","leaderboardEmpty":"La classifica è vuota.","WELCOME_BACK":"Bentornato","playWithFriend":"Gioca con un amico","playWithFriendStart":"Sfida un potente avversario","1day":"1 giorno","followPage":"Segui pagina","dailyChallenge":"Sfida Giornaliera","date":"Data","play":"Gioca","dailyReward":"Ricompensa giornaliera","pickDailyGift":"Scegli il tuo regalo quotidiano!","congratulations":"Congratulazioni!","Badges":"Badge","Daily":"Giornaliero","Journey":"Viaggio","failedToLoadBadge":"Impossibile caricare il badge. Riprova più tardi!","Shop":"Negozio","removeAdsFor30Days":"Rimuovi gli annunci per 30 giorni","collection":"Collezione","You have received":"Hai ricevuto","free":"Gratis","exceptional":"Eccezionale!","dailyQuestCompleted":"Misi harian selesai!","unClaimedDailyQuestReward":"Hadiah harian belum diklaim","xAdsLeftToday":"Rimangono %{0} annunci per questo oggetto oggi.","youHaveReachedTheDailyAdLimit":"Hai raggiunto il limite giornaliero di annunci.","limitedToXPerDay":"Limite di %{0} al giorno","1AdLeftToday":"Rimane 1 annuncio per questo oggetto oggi.","nextLevel":"Livello successivo","next":"Avanti","wonderful":"Meraviglioso!","observeCarefully":"Hai osservato con attenzione e ottenuto una vittoria chiara!","poker":"Poker","cherryBlossom":"Festival dei ciliegi in fiore","springDolls":"Bambole primaverili","teaCeremony":"Cerimonia del tè","impressive":"Impressionante!","yourJourneyRewardAreEmpty":"Le ricompense del tuo viaggio sono vuote. Inizia a giocare per raccogliere ricompense!","unlockLvV":"Sblocc. Lv %{0}","completeJourneyText":"Questo viaggio è stato completato. Nuovo viaggio in arrivo.","return":"Ritorna","megaBundle":"Mega pacchetto","superBundle":"Super pacchetto","50off":"Sconto del 50%","flower":"Fiore","youDraw":"Pareggio!"},"texture":{"image":"image","Combo":"Combo","Amazing":"Amazing","Awesome":"Awesome","Great":"Great","Good":"Good"}}]],0,0,[],[],[]]
