<?xml version="1.0" encoding="UTF-8"?><font><info face="Baloo-Regular" size="72" bold="0" italic="0" charset="" unicode="1" stretchH="100" smooth="1" aa="1" padding="1,1,1,1" spacing="1,1"/><common lineHeight="72" base="76" scaleW="505" scaleH="505" pages="1" packed="0"/><pages><page id="0" file="BalooTr.png"/></pages><chars count="101"><char id="32" x="0" y="0" width="0" height="0" xoffset="0" yoffset="0" xadvance="15" page="0" chnl="15"/><char id="33" x="479" y="127" width="23" height="57" xoffset="-1" yoffset="24" xadvance="22" page="0" chnl="15"/><char id="34" x="80" y="477" width="35" height="28" xoffset="-3" yoffset="24" xadvance="30" page="0" chnl="15"/><char id="35" x="80" y="0" width="56" height="54" xoffset="-2" yoffset="27" xadvance="52" page="0" chnl="15"/><char id="36" x="328" y="69" width="43" height="66" xoffset="-1" yoffset="21" xadvance="41" page="0" chnl="15"/><char id="37" x="0" y="280" width="62" height="54" xoffset="-2" yoffset="27" xadvance="58" page="0" chnl="15"/><char id="38" x="80" y="183" width="53" height="54" xoffset="-2" yoffset="27" xadvance="49" page="0" chnl="15"/><char id="39" x="237" y="476" width="21" height="28" xoffset="-3" yoffset="24" xadvance="16" page="0" chnl="15"/><char id="40" x="451" y="0" width="27" height="66" xoffset="-1" yoffset="24" xadvance="22" page="0" chnl="15"/><char id="41" x="451" y="67" width="27" height="66" xoffset="-4" yoffset="24" xadvance="22" page="0" chnl="15"/><char id="42" x="372" y="464" width="31" height="30" xoffset="-3" yoffset="25" xadvance="26" page="0" chnl="15"/><char id="43" x="283" y="420" width="44" height="45" xoffset="-2" yoffset="33" xadvance="40" page="0" chnl="15"/><char id="44" x="414" y="470" width="25" height="30" xoffset="-5" yoffset="59" xadvance="18" page="0" chnl="15"/><char id="45" x="24" y="478" width="30" height="19" xoffset="-2" yoffset="48" xadvance="26" page="0" chnl="15"/><char id="46" x="0" y="478" width="23" height="22" xoffset="-3" yoffset="59" xadvance="18" page="0" chnl="15"/><char id="47" x="414" y="105" width="33" height="67" xoffset="-4" yoffset="21" xadvance="25" page="0" chnl="15"/><char id="48" x="189" y="0" width="47" height="54" xoffset="-2" yoffset="27" xadvance="44" page="0" chnl="15"/><char id="49" x="414" y="228" width="32" height="54" xoffset="-4" yoffset="27" xadvance="29" page="0" chnl="15"/><char id="50" x="372" y="55" width="41" height="53" xoffset="-2" yoffset="27" xadvance="38" page="0" chnl="15"/><char id="51" x="328" y="354" width="41" height="55" xoffset="-2" yoffset="27" xadvance="38" page="0" chnl="15"/><char id="52" x="80" y="367" width="51" height="54" xoffset="-3" yoffset="27" xadvance="44" page="0" chnl="15"/><char id="53" x="328" y="410" width="41" height="54" xoffset="-1" yoffset="28" xadvance="38" page="0" chnl="15"/><char id="54" x="283" y="170" width="44" height="54" xoffset="-2" yoffset="27" xadvance="41" page="0" chnl="15"/><char id="55" x="372" y="109" width="41" height="53" xoffset="-3" yoffset="28" xadvance="35" page="0" chnl="15"/><char id="56" x="283" y="58" width="44" height="55" xoffset="-2" yoffset="27" xadvance="41" page="0" chnl="15"/><char id="57" x="283" y="114" width="44" height="55" xoffset="-2" yoffset="27" xadvance="41" page="0" chnl="15"/><char id="58" x="479" y="430" width="22" height="45" xoffset="-2" yoffset="36" xadvance="19" page="0" chnl="15"/><char id="59" x="479" y="73" width="25" height="53" xoffset="-4" yoffset="36" xadvance="20" page="0" chnl="15"/><char id="61" x="328" y="465" width="39" height="33" xoffset="-2" yoffset="38" xadvance="36" page="0" chnl="15"/><char id="63" x="372" y="0" width="41" height="54" xoffset="-3" yoffset="27" xadvance="36" page="0" chnl="15"/><char id="64" x="0" y="0" width="79" height="73" xoffset="-1" yoffset="24" xadvance="77" page="0" chnl="15"/><char id="65" x="80" y="422" width="51" height="54" xoffset="-3" yoffset="27" xadvance="46" page="0" chnl="15"/><char id="66" x="189" y="232" width="46" height="55" xoffset="0" yoffset="27" xadvance="45" page="0" chnl="15"/><char id="67" x="237" y="301" width="45" height="55" xoffset="-2" yoffset="27" xadvance="42" page="0" chnl="15"/><char id="68" x="137" y="54" width="50" height="55" xoffset="0" yoffset="27" xadvance="48" page="0" chnl="15"/><char id="69" x="372" y="163" width="41" height="53" xoffset="0" yoffset="28" xadvance="40" page="0" chnl="15"/><char id="70" x="372" y="217" width="41" height="53" xoffset="0" yoffset="28" xadvance="39" page="0" chnl="15"/><char id="71" x="80" y="311" width="51" height="55" xoffset="-2" yoffset="27" xadvance="48" page="0" chnl="15"/><char id="72" x="137" y="347" width="48" height="54" xoffset="0" yoffset="27" xadvance="49" page="0" chnl="15"/><char id="73" x="479" y="375" width="22" height="54" xoffset="0" yoffset="27" xadvance="22" page="0" chnl="15"/><char id="74" x="414" y="173" width="33" height="54" xoffset="-3" yoffset="27" xadvance="30" page="0" chnl="15"/><char id="75" x="189" y="55" width="47" height="54" xoffset="0" yoffset="27" xadvance="45" page="0" chnl="15"/><char id="76" x="372" y="271" width="40" height="54" xoffset="0" yoffset="27" xadvance="37" page="0" chnl="15"/><char id="77" x="0" y="335" width="60" height="53" xoffset="-1" yoffset="28" xadvance="58" page="0" chnl="15"/><char id="78" x="137" y="110" width="49" height="54" xoffset="0" yoffset="27" xadvance="49" page="0" chnl="15"/><char id="79" x="80" y="127" width="54" height="55" xoffset="-2" yoffset="27" xadvance="51" page="0" chnl="15"/><char id="80" x="283" y="225" width="44" height="54" xoffset="0" yoffset="27" xadvance="42" page="0" chnl="15"/><char id="81" x="0" y="389" width="57" height="65" xoffset="-2" yoffset="27" xadvance="51" page="0" chnl="15"/><char id="82" x="189" y="288" width="46" height="54" xoffset="0" yoffset="27" xadvance="44" page="0" chnl="15"/><char id="83" x="328" y="252" width="43" height="55" xoffset="-1" yoffset="27" xadvance="40" page="0" chnl="15"/><char id="84" x="189" y="343" width="46" height="53" xoffset="-3" yoffset="28" xadvance="41" page="0" chnl="15"/><char id="85" x="137" y="291" width="48" height="55" xoffset="0" yoffset="27" xadvance="48" page="0" chnl="15"/><char id="86" x="137" y="0" width="51" height="53" xoffset="-3" yoffset="28" xadvance="46" page="0" chnl="15"/><char id="87" x="0" y="134" width="66" height="53" xoffset="-2" yoffset="28" xadvance="63" page="0" chnl="15"/><char id="88" x="137" y="165" width="49" height="53" xoffset="-3" yoffset="28" xadvance="44" page="0" chnl="15"/><char id="89" x="137" y="402" width="48" height="53" xoffset="-3" yoffset="28" xadvance="42" page="0" chnl="15"/><char id="90" x="237" y="357" width="45" height="52" xoffset="-2" yoffset="28" xadvance="41" page="0" chnl="15"/><char id="91" x="451" y="134" width="27" height="66" xoffset="-1" yoffset="24" xadvance="22" page="0" chnl="15"/><char id="93" x="451" y="201" width="27" height="66" xoffset="-4" yoffset="24" xadvance="23" page="0" chnl="15"/><char id="94" x="283" y="466" width="39" height="35" xoffset="-2" yoffset="22" xadvance="36" page="0" chnl="15"/><char id="95" x="237" y="456" width="45" height="19" xoffset="-2" yoffset="75" xadvance="41" page="0" chnl="15"/><char id="97" x="137" y="456" width="42" height="47" xoffset="-2" yoffset="35" xadvance="40" page="0" chnl="15"/><char id="98" x="189" y="173" width="46" height="58" xoffset="-1" yoffset="24" xadvance="43" page="0" chnl="15"/><char id="99" x="372" y="326" width="39" height="45" xoffset="-2" yoffset="36" xadvance="36" page="0" chnl="15"/><char id="100" x="237" y="69" width="45" height="57" xoffset="-2" yoffset="24" xadvance="43" page="0" chnl="15"/><char id="101" x="283" y="280" width="44" height="46" xoffset="-2" yoffset="36" xadvance="40" page="0" chnl="15"/><char id="102" x="414" y="0" width="36" height="58" xoffset="-1" yoffset="23" xadvance="31" page="0" chnl="15"/><char id="103" x="328" y="136" width="43" height="57" xoffset="-2" yoffset="36" xadvance="41" page="0" chnl="15"/><char id="104" x="283" y="0" width="44" height="57" xoffset="-1" yoffset="24" xadvance="43" page="0" chnl="15"/><char id="105" x="479" y="256" width="22" height="60" xoffset="-1" yoffset="21" xadvance="21" page="0" chnl="15"/><char id="106" x="479" y="0" width="26" height="72" xoffset="-5" yoffset="21" xadvance="21" page="0" chnl="15"/><char id="107" x="328" y="194" width="43" height="57" xoffset="-1" yoffset="24" xadvance="40" page="0" chnl="15"/><char id="108" x="479" y="317" width="22" height="57" xoffset="-1" yoffset="24" xadvance="21" page="0" chnl="15"/><char id="109" x="0" y="188" width="63" height="45" xoffset="-1" yoffset="36" xadvance="61" page="0" chnl="15"/><char id="110" x="283" y="374" width="44" height="45" xoffset="-1" yoffset="36" xadvance="42" page="0" chnl="15"/><char id="111" x="189" y="397" width="46" height="45" xoffset="-2" yoffset="36" xadvance="43" page="0" chnl="15"/><char id="112" x="237" y="127" width="45" height="57" xoffset="-1" yoffset="36" xadvance="43" page="0" chnl="15"/><char id="113" x="237" y="185" width="45" height="57" xoffset="-2" yoffset="36" xadvance="43" page="0" chnl="15"/><char id="114" x="414" y="59" width="34" height="45" xoffset="-1" yoffset="36" xadvance="30" page="0" chnl="15"/><char id="115" x="372" y="416" width="38" height="47" xoffset="-1" yoffset="35" xadvance="36" page="0" chnl="15"/><char id="116" x="414" y="283" width="32" height="52" xoffset="-1" yoffset="29" xadvance="29" page="0" chnl="15"/><char id="117" x="283" y="327" width="44" height="46" xoffset="-1" yoffset="36" xadvance="42" page="0" chnl="15"/><char id="118" x="237" y="410" width="45" height="45" xoffset="-3" yoffset="36" xadvance="40" page="0" chnl="15"/><char id="119" x="0" y="234" width="63" height="45" xoffset="-3" yoffset="36" xadvance="57" page="0" chnl="15"/><char id="120" x="328" y="308" width="42" height="45" xoffset="-2" yoffset="36" xadvance="38" page="0" chnl="15"/><char id="121" x="237" y="243" width="45" height="57" xoffset="-3" yoffset="36" xadvance="40" page="0" chnl="15"/><char id="122" x="372" y="372" width="39" height="43" xoffset="-2" yoffset="37" xadvance="35" page="0" chnl="15"/><char id="123" x="414" y="336" width="29" height="66" xoffset="-3" yoffset="24" xadvance="24" page="0" chnl="15"/><char id="124" x="451" y="314" width="20" height="69" xoffset="0" yoffset="22" xadvance="21" page="0" chnl="15"/><char id="125" x="414" y="403" width="29" height="66" xoffset="-3" yoffset="24" xadvance="24" page="0" chnl="15"/><char id="199" x="237" y="0" width="45" height="68" xoffset="-2" yoffset="27" xadvance="42" page="0" chnl="15"/><char id="214" x="80" y="55" width="54" height="71" xoffset="-2" yoffset="11" xadvance="51" page="0" chnl="15"/><char id="220" x="137" y="219" width="48" height="71" xoffset="0" yoffset="11" xadvance="48" page="0" chnl="15"/><char id="246" x="189" y="110" width="46" height="62" xoffset="-2" yoffset="19" xadvance="43" page="0" chnl="15"/><char id="252" x="189" y="443" width="44" height="62" xoffset="-1" yoffset="20" xadvance="42" page="0" chnl="15"/><char id="286" x="80" y="238" width="51" height="72" xoffset="-2" yoffset="10" xadvance="48" page="0" chnl="15"/><char id="304" x="479" y="185" width="22" height="70" xoffset="0" yoffset="11" xadvance="22" page="0" chnl="15"/><char id="305" x="451" y="268" width="21" height="45" xoffset="0" yoffset="36" xadvance="21" page="0" chnl="15"/><char id="350" x="328" y="0" width="43" height="68" xoffset="-1" yoffset="27" xadvance="40" page="0" chnl="15"/><char id="8230" x="0" y="455" width="57" height="22" xoffset="-3" yoffset="59" xadvance="52" page="0" chnl="15"/><char id="8470" x="0" y="74" width="75" height="59" xoffset="-4" yoffset="-5" xadvance="69" page="0" chnl="15"/></chars></font>