<?xml version="1.0" encoding="UTF-8"?><font><info face="LilitaOneRus" size="72" bold="0" italic="0" charset="" unicode="1" stretchH="100" smooth="1" aa="1" padding="1,1,1,1" spacing="1,1"/><common lineHeight="72" base="66" scaleW="1190" scaleH="1190" pages="1" packed="0"/><pages><page id="0" file="LilitaOne-zh.png"/></pages><chars count="277"><char id="32" x="0" y="0" width="0" height="0" xoffset="0" yoffset="0" xadvance="14" page="0" chnl="15"/><char id="33" x="588" y="951" width="22" height="61" xoffset="-1" yoffset="11" xadvance="21" page="0" chnl="15"/><char id="34" x="789" y="1144" width="33" height="28" xoffset="0" yoffset="13" xadvance="34" page="0" chnl="15"/><char id="35" x="482" y="1084" width="58" height="57" xoffset="2" yoffset="14" xadvance="60" page="0" chnl="15"/><char id="36" x="1121" y="724" width="43" height="74" xoffset="-2" yoffset="5" xadvance="39" page="0" chnl="15"/><char id="37" x="611" y="951" width="61" height="61" xoffset="-2" yoffset="11" xadvance="58" page="0" chnl="15"/><char id="38" x="715" y="951" width="50" height="61" xoffset="-1" yoffset="11" xadvance="49" page="0" chnl="15"/><char id="39" x="823" y="1144" width="19" height="28" xoffset="1" yoffset="13" xadvance="22" page="0" chnl="15"/><char id="40" x="339" y="951" width="27" height="64" xoffset="2" yoffset="13" xadvance="31" page="0" chnl="15"/><char id="41" x="367" y="951" width="27" height="64" xoffset="2" yoffset="13" xadvance="31" page="0" chnl="15"/><char id="42" x="656" y="1144" width="37" height="38" xoffset="2" yoffset="12" xadvance="41" page="0" chnl="15"/><char id="43" x="570" y="1144" width="46" height="46" xoffset="-2" yoffset="19" xadvance="44" page="0" chnl="15"/><char id="44" x="1163" y="1051" width="26" height="28" xoffset="-1" yoffset="51" xadvance="22" page="0" chnl="15"/><char id="45" x="955" y="1144" width="42" height="18" xoffset="-2" yoffset="40" xadvance="38" page="0" chnl="15"/><char id="46" x="864" y="1144" width="23" height="23" xoffset="-3" yoffset="49" xadvance="17" page="0" chnl="15"/><char id="47" x="825" y="801" width="50" height="73" xoffset="-4" yoffset="6" xadvance="42" page="0" chnl="15"/><char id="48" x="766" y="951" width="50" height="60" xoffset="-2" yoffset="12" xadvance="47" page="0" chnl="15"/><char id="49" x="913" y="1023" width="33" height="59" xoffset="-3" yoffset="12" xadvance="30" page="0" chnl="15"/><char id="50" x="817" y="951" width="41" height="60" xoffset="-1" yoffset="11" xadvance="38" page="0" chnl="15"/><char id="51" x="859" y="951" width="42" height="60" xoffset="-3" yoffset="12" xadvance="39" page="0" chnl="15"/><char id="52" x="947" y="1023" width="49" height="59" xoffset="-4" yoffset="12" xadvance="44" page="0" chnl="15"/><char id="53" x="902" y="951" width="39" height="60" xoffset="-1" yoffset="12" xadvance="38" page="0" chnl="15"/><char id="54" x="942" y="951" width="45" height="60" xoffset="-2" yoffset="12" xadvance="42" page="0" chnl="15"/><char id="55" x="988" y="951" width="42" height="60" xoffset="-3" yoffset="12" xadvance="37" page="0" chnl="15"/><char id="56" x="1031" y="951" width="45" height="60" xoffset="-2" yoffset="12" xadvance="42" page="0" chnl="15"/><char id="57" x="1077" y="951" width="44" height="60" xoffset="-1" yoffset="12" xadvance="41" page="0" chnl="15"/><char id="58" x="547" y="1144" width="22" height="46" xoffset="0" yoffset="26" xadvance="20" page="0" chnl="15"/><char id="59" x="1165" y="724" width="25" height="53" xoffset="-3" yoffset="26" xadvance="20" page="0" chnl="15"/><char id="61" x="694" y="1144" width="42" height="33" xoffset="0" yoffset="27" xadvance="42" page="0" chnl="15"/><char id="63" x="673" y="951" width="41" height="61" xoffset="0" yoffset="11" xadvance="43" page="0" chnl="15"/><char id="64" x="395" y="951" width="63" height="64" xoffset="-2" yoffset="14" xadvance="63" page="0" chnl="15"/><char id="65" x="44" y="1023" width="53" height="60" xoffset="-3" yoffset="12" xadvance="48" page="0" chnl="15"/><char id="66" x="46" y="1084" width="45" height="59" xoffset="0" yoffset="12" xadvance="43" page="0" chnl="15"/><char id="67" x="98" y="1023" width="45" height="60" xoffset="-2" yoffset="12" xadvance="41" page="0" chnl="15"/><char id="68" x="92" y="1084" width="48" height="59" xoffset="-1" yoffset="12" xadvance="45" page="0" chnl="15"/><char id="69" x="141" y="1084" width="38" height="59" xoffset="-1" yoffset="12" xadvance="36" page="0" chnl="15"/><char id="70" x="144" y="1023" width="37" height="60" xoffset="-1" yoffset="12" xadvance="34" page="0" chnl="15"/><char id="71" x="182" y="1023" width="48" height="60" xoffset="-2" yoffset="12" xadvance="45" page="0" chnl="15"/><char id="72" x="180" y="1084" width="48" height="59" xoffset="-1" yoffset="12" xadvance="47" page="0" chnl="15"/><char id="73" x="229" y="1084" width="37" height="59" xoffset="-3" yoffset="12" xadvance="31" page="0" chnl="15"/><char id="74" x="231" y="1023" width="39" height="60" xoffset="-4" yoffset="12" xadvance="34" page="0" chnl="15"/><char id="75" x="271" y="1023" width="50" height="60" xoffset="-1" yoffset="12" xadvance="45" page="0" chnl="15"/><char id="76" x="267" y="1084" width="37" height="59" xoffset="-2" yoffset="12" xadvance="32" page="0" chnl="15"/><char id="77" x="322" y="1023" width="67" height="60" xoffset="-1" yoffset="12" xadvance="66" page="0" chnl="15"/><char id="78" x="390" y="1023" width="49" height="60" xoffset="-1" yoffset="12" xadvance="47" page="0" chnl="15"/><char id="79" x="440" y="1023" width="54" height="60" xoffset="-2" yoffset="12" xadvance="51" page="0" chnl="15"/><char id="80" x="495" y="1023" width="44" height="60" xoffset="-1" yoffset="12" xadvance="42" page="0" chnl="15"/><char id="81" x="572" y="877" width="54" height="72" xoffset="-2" yoffset="12" xadvance="51" page="0" chnl="15"/><char id="82" x="540" y="1023" width="47" height="60" xoffset="-1" yoffset="12" xadvance="43" page="0" chnl="15"/><char id="83" x="588" y="1023" width="42" height="60" xoffset="-2" yoffset="12" xadvance="39" page="0" chnl="15"/><char id="84" x="631" y="1023" width="44" height="60" xoffset="-4" yoffset="12" xadvance="37" page="0" chnl="15"/><char id="85" x="676" y="1023" width="49" height="60" xoffset="-2" yoffset="12" xadvance="46" page="0" chnl="15"/><char id="86" x="305" y="1084" width="54" height="59" xoffset="-3" yoffset="12" xadvance="48" page="0" chnl="15"/><char id="87" x="726" y="1023" width="74" height="60" xoffset="-3" yoffset="12" xadvance="69" page="0" chnl="15"/><char id="88" x="801" y="1023" width="55" height="60" xoffset="-3" yoffset="12" xadvance="50" page="0" chnl="15"/><char id="89" x="857" y="1023" width="55" height="60" xoffset="-5" yoffset="12" xadvance="45" page="0" chnl="15"/><char id="90" x="360" y="1084" width="45" height="59" xoffset="-2" yoffset="12" xadvance="41" page="0" chnl="15"/><char id="91" x="116" y="724" width="29" height="75" xoffset="1" yoffset="5" xadvance="28" page="0" chnl="15"/><char id="92" x="464" y="877" width="50" height="73" xoffset="-3" yoffset="6" xadvance="43" page="0" chnl="15"/><char id="93" x="146" y="724" width="28" height="75" xoffset="-2" yoffset="5" xadvance="28" page="0" chnl="15"/><char id="94" x="737" y="1144" width="51" height="33" xoffset="-1" yoffset="13" xadvance="50" page="0" chnl="15"/><char id="95" x="998" y="1144" width="47" height="17" xoffset="-1" yoffset="65" xadvance="46" page="0" chnl="15"/><char id="97" x="0" y="1144" width="44" height="46" xoffset="-3" yoffset="26" xadvance="38" page="0" chnl="15"/><char id="98" x="1122" y="951" width="41" height="60" xoffset="-1" yoffset="12" xadvance="38" page="0" chnl="15"/><char id="99" x="45" y="1144" width="36" height="46" xoffset="-2" yoffset="26" xadvance="31" page="0" chnl="15"/><char id="100" x="478" y="951" width="46" height="61" xoffset="-2" yoffset="11" xadvance="41" page="0" chnl="15"/><char id="101" x="82" y="1144" width="40" height="46" xoffset="-2" yoffset="26" xadvance="35" page="0" chnl="15"/><char id="102" x="997" y="1023" width="36" height="59" xoffset="-3" yoffset="12" xadvance="28" page="0" chnl="15"/><char id="103" x="1034" y="1023" width="40" height="59" xoffset="-2" yoffset="26" xadvance="38" page="0" chnl="15"/><char id="104" x="525" y="951" width="39" height="61" xoffset="-1" yoffset="11" xadvance="37" page="0" chnl="15"/><char id="105" x="565" y="951" width="22" height="61" xoffset="-1" yoffset="11" xadvance="20" page="0" chnl="15"/><char id="106" x="81" y="724" width="34" height="75" xoffset="-13" yoffset="11" xadvance="20" page="0" chnl="15"/><char id="107" x="0" y="1023" width="43" height="60" xoffset="-1" yoffset="12" xadvance="39" page="0" chnl="15"/><char id="108" x="1164" y="951" width="22" height="60" xoffset="-1" yoffset="12" xadvance="20" page="0" chnl="15"/><char id="109" x="123" y="1144" width="61" height="46" xoffset="-3" yoffset="26" xadvance="57" page="0" chnl="15"/><char id="110" x="185" y="1144" width="44" height="46" xoffset="-3" yoffset="26" xadvance="40" page="0" chnl="15"/><char id="111" x="230" y="1144" width="41" height="46" xoffset="-2" yoffset="26" xadvance="37" page="0" chnl="15"/><char id="112" x="1075" y="1023" width="45" height="59" xoffset="-3" yoffset="26" xadvance="40" page="0" chnl="15"/><char id="113" x="1121" y="1023" width="41" height="59" xoffset="-3" yoffset="26" xadvance="37" page="0" chnl="15"/><char id="114" x="272" y="1144" width="36" height="46" xoffset="-3" yoffset="26" xadvance="29" page="0" chnl="15"/><char id="115" x="309" y="1144" width="37" height="46" xoffset="-2" yoffset="26" xadvance="33" page="0" chnl="15"/><char id="116" x="541" y="1084" width="34" height="53" xoffset="-3" yoffset="19" xadvance="27" page="0" chnl="15"/><char id="117" x="347" y="1144" width="44" height="46" xoffset="-2" yoffset="26" xadvance="40" page="0" chnl="15"/><char id="118" x="392" y="1144" width="45" height="46" xoffset="-4" yoffset="26" xadvance="38" page="0" chnl="15"/><char id="119" x="438" y="1144" width="61" height="46" xoffset="-3" yoffset="26" xadvance="55" page="0" chnl="15"/><char id="120" x="500" y="1144" width="46" height="46" xoffset="-3" yoffset="26" xadvance="41" page="0" chnl="15"/><char id="121" x="0" y="1084" width="45" height="59" xoffset="-3" yoffset="26" xadvance="39" page="0" chnl="15"/><char id="122" x="617" y="1144" width="38" height="44" xoffset="-3" yoffset="27" xadvance="33" page="0" chnl="15"/><char id="123" x="18" y="0" width="27" height="85" xoffset="-2" yoffset="2" xadvance="27" page="0" chnl="15"/><char id="124" x="0" y="0" width="17" height="91" xoffset="14" yoffset="-4" xadvance="46" page="0" chnl="15"/><char id="125" x="46" y="0" width="27" height="85" xoffset="1" yoffset="2" xadvance="27" page="0" chnl="15"/><char id="8230" x="888" y="1144" width="66" height="23" xoffset="0" yoffset="49" xadvance="66" page="0" chnl="15"/><char id="8470" x="406" y="1084" width="75" height="59" xoffset="-4" yoffset="5" xadvance="69" page="0" chnl="15"/><char id="12290" x="1163" y="1023" width="27" height="27" xoffset="0" yoffset="44" xadvance="72" page="0" chnl="15"/><char id="12368" x="515" y="877" width="56" height="73" xoffset="13" yoffset="-4" xadvance="72" page="0" chnl="15"/><char id="12377" x="79" y="801" width="70" height="75" xoffset="1" yoffset="-5" xadvance="72" page="0" chnl="15"/><char id="19977" x="223" y="951" width="77" height="65" xoffset="-2" yoffset="1" xadvance="72" page="0" chnl="15"/><char id="19981" x="627" y="877" width="80" height="72" xoffset="-4" yoffset="0" xadvance="72" page="0" chnl="15"/><char id="20013" x="959" y="92" width="70" height="79" xoffset="1" yoffset="-7" xadvance="72" page="0" chnl="15"/><char id="20026" x="229" y="0" width="73" height="80" xoffset="-2" yoffset="-7" xadvance="72" page="0" chnl="15"/><char id="20048" x="175" y="724" width="79" height="75" xoffset="-3" yoffset="-4" xadvance="72" page="0" chnl="15"/><char id="20080" x="224" y="801" width="78" height="74" xoffset="-3" yoffset="-2" xadvance="72" page="0" chnl="15"/><char id="20102" x="0" y="951" width="72" height="71" xoffset="-1" yoffset="-1" xadvance="72" page="0" chnl="15"/><char id="20139" x="479" y="331" width="78" height="78" xoffset="-3" yoffset="-7" xadvance="72" page="0" chnl="15"/><char id="20154" x="481" y="646" width="78" height="76" xoffset="-3" yoffset="-5" xadvance="72" page="0" chnl="15"/><char id="20167" x="1103" y="252" width="79" height="78" xoffset="-3" yoffset="-6" xadvance="72" page="0" chnl="15"/><char id="20170" x="710" y="172" width="80" height="79" xoffset="-4" yoffset="-6" xadvance="72" page="0" chnl="15"/><char id="20320" x="323" y="92" width="80" height="79" xoffset="-4" yoffset="-7" xadvance="72" page="0" chnl="15"/><char id="20351" x="236" y="489" width="79" height="78" xoffset="-3" yoffset="-6" xadvance="72" page="0" chnl="15"/><char id="20687" x="556" y="252" width="79" height="78" xoffset="-4" yoffset="-6" xadvance="72" page="0" chnl="15"/><char id="20813" x="940" y="0" width="79" height="79" xoffset="-4" yoffset="-6" xadvance="72" page="0" chnl="15"/><char id="20837" x="801" y="724" width="79" height="75" xoffset="-3" yoffset="-5" xadvance="72" page="0" chnl="15"/><char id="20840" x="383" y="801" width="80" height="74" xoffset="-4" yoffset="-5" xadvance="72" page="0" chnl="15"/><char id="20848" x="1024" y="877" width="78" height="72" xoffset="-3" yoffset="-6" xadvance="72" page="0" chnl="15"/><char id="20851" x="558" y="331" width="78" height="78" xoffset="-3" yoffset="-6" xadvance="72" page="0" chnl="15"/><char id="20998" x="242" y="92" width="80" height="79" xoffset="-4" yoffset="-7" xadvance="72" page="0" chnl="15"/><char id="20999" x="479" y="172" width="75" height="79" xoffset="-3" yoffset="-7" xadvance="72" page="0" chnl="15"/><char id="21015" x="951" y="489" width="75" height="77" xoffset="-4" yoffset="-5" xadvance="72" page="0" chnl="15"/><char id="21033" x="80" y="568" width="75" height="77" xoffset="-4" yoffset="-5" xadvance="72" page="0" chnl="15"/><char id="21040" x="1105" y="568" width="75" height="77" xoffset="-3" yoffset="-6" xadvance="72" page="0" chnl="15"/><char id="21073" x="794" y="646" width="75" height="76" xoffset="-3" yoffset="-5" xadvance="72" page="0" chnl="15"/><char id="21147" x="316" y="568" width="73" height="77" xoffset="-3" yoffset="-6" xadvance="72" page="0" chnl="15"/><char id="21152" x="160" y="410" width="76" height="78" xoffset="-4" yoffset="-6" xadvance="72" page="0" chnl="15"/><char id="21160" x="160" y="252" width="76" height="78" xoffset="-3" yoffset="-6" xadvance="72" page="0" chnl="15"/><char id="21169" x="875" y="331" width="75" height="78" xoffset="-3" yoffset="-6" xadvance="72" page="0" chnl="15"/><char id="21333" x="801" y="92" width="78" height="79" xoffset="-3" yoffset="-7" xadvance="72" page="0" chnl="15"/><char id="21345" x="637" y="331" width="77" height="78" xoffset="-2" yoffset="-6" xadvance="72" page="0" chnl="15"/><char id="21382" x="303" y="801" width="79" height="74" xoffset="-4" yoffset="-2" xadvance="72" page="0" chnl="15"/><char id="21402" x="304" y="877" width="78" height="73" xoffset="-3" yoffset="-2" xadvance="72" page="0" chnl="15"/><char id="21435" x="953" y="172" width="78" height="79" xoffset="-3" yoffset="-7" xadvance="72" page="0" chnl="15"/><char id="21451" x="0" y="92" width="79" height="79" xoffset="-4" yoffset="-7" xadvance="72" page="0" chnl="15"/><char id="21452" x="383" y="877" width="80" height="73" xoffset="-4" yoffset="-1" xadvance="72" page="0" chnl="15"/><char id="21462" x="255" y="724" width="79" height="75" xoffset="-3" yoffset="-3" xadvance="72" page="0" chnl="15"/><char id="21487" x="708" y="877" width="78" height="72" xoffset="-3" yoffset="-1" xadvance="72" page="0" chnl="15"/><char id="21490" x="0" y="331" width="79" height="78" xoffset="-3" yoffset="-6" xadvance="72" page="0" chnl="15"/><char id="21496" x="464" y="801" width="73" height="74" xoffset="-2" yoffset="-3" xadvance="72" page="0" chnl="15"/><char id="21517" x="636" y="252" width="72" height="78" xoffset="-4" yoffset="-6" xadvance="72" page="0" chnl="15"/><char id="21518" x="560" y="646" width="79" height="76" xoffset="-4" yoffset="-4" xadvance="72" page="0" chnl="15"/><char id="21527" x="150" y="801" width="73" height="75" xoffset="0" yoffset="-4" xadvance="72" page="0" chnl="15"/><char id="21578" x="396" y="410" width="78" height="78" xoffset="-3" yoffset="-7" xadvance="72" page="0" chnl="15"/><char id="22238" x="1115" y="801" width="70" height="73" xoffset="1" yoffset="-2" xadvance="72" page="0" chnl="15"/><char id="22763" x="0" y="877" width="78" height="73" xoffset="-3" yoffset="-6" xadvance="72" page="0" chnl="15"/><char id="22766" x="1110" y="331" width="80" height="78" xoffset="-4" yoffset="-6" xadvance="72" page="0" chnl="15"/><char id="22797" x="80" y="92" width="80" height="79" xoffset="-4" yoffset="-7" xadvance="72" page="0" chnl="15"/><char id="22825" x="538" y="801" width="79" height="74" xoffset="-3" yoffset="-2" xadvance="72" page="0" chnl="15"/><char id="22833" x="1030" y="331" width="79" height="78" xoffset="-3" yoffset="-6" xadvance="72" page="0" chnl="15"/><char id="22836" x="477" y="252" width="78" height="78" xoffset="-3" yoffset="-6" xadvance="72" page="0" chnl="15"/><char id="22870" x="796" y="331" width="78" height="78" xoffset="-3" yoffset="-6" xadvance="72" page="0" chnl="15"/><char id="22909" x="1108" y="489" width="79" height="77" xoffset="-3" yoffset="-6" xadvance="72" page="0" chnl="15"/><char id="23041" x="711" y="568" width="79" height="77" xoffset="-4" yoffset="-6" xadvance="72" page="0" chnl="15"/><char id="23383" x="709" y="252" width="78" height="78" xoffset="-3" yoffset="-7" xadvance="72" page="0" chnl="15"/><char id="23432" x="159" y="489" width="76" height="78" xoffset="-2" yoffset="-7" xadvance="72" page="0" chnl="15"/><char id="23436" x="565" y="92" width="78" height="79" xoffset="-3" yoffset="-7" xadvance="72" page="0" chnl="15"/><char id="23450" x="1100" y="0" width="78" height="79" xoffset="-3" yoffset="-7" xadvance="72" page="0" chnl="15"/><char id="23545" x="1027" y="489" width="80" height="77" xoffset="-4" yoffset="-6" xadvance="72" page="0" chnl="15"/><char id="23558" x="791" y="172" width="80" height="79" xoffset="-4" yoffset="-7" xadvance="72" page="0" chnl="15"/><char id="23637" x="643" y="724" width="78" height="75" xoffset="-3" yoffset="-3" xadvance="72" page="0" chnl="15"/><char id="24050" x="1103" y="877" width="74" height="71" xoffset="1" yoffset="-2" xadvance="72" page="0" chnl="15"/><char id="24052" x="73" y="951" width="72" height="70" xoffset="3" yoffset="-1" xadvance="72" page="0" chnl="15"/><char id="24065" x="495" y="724" width="72" height="75" xoffset="0" yoffset="-3" xadvance="72" page="0" chnl="15"/><char id="24067" x="400" y="172" width="78" height="79" xoffset="-3" yoffset="-7" xadvance="72" page="0" chnl="15"/><char id="24187" x="640" y="646" width="73" height="76" xoffset="-2" yoffset="-6" xadvance="72" page="0" chnl="15"/><char id="24191" x="317" y="410" width="78" height="78" xoffset="-4" yoffset="-7" xadvance="72" page="0" chnl="15"/><char id="24230" x="544" y="0" width="79" height="79" xoffset="-4" yoffset="-7" xadvance="72" page="0" chnl="15"/><char id="24265" x="320" y="172" width="79" height="79" xoffset="-4" yoffset="-7" xadvance="72" page="0" chnl="15"/><char id="24320" x="876" y="801" width="78" height="73" xoffset="-3" yoffset="-1" xadvance="72" page="0" chnl="15"/><char id="24335" x="880" y="92" width="78" height="79" xoffset="-3" yoffset="-7" xadvance="72" page="0" chnl="15"/><char id="24339" x="237" y="877" width="66" height="73" xoffset="3" yoffset="-3" xadvance="72" page="0" chnl="15"/><char id="24433" x="791" y="568" width="79" height="77" xoffset="-4" yoffset="-5" xadvance="72" page="0" chnl="15"/><char id="24471" x="484" y="92" width="80" height="79" xoffset="-4" yoffset="-7" xadvance="72" page="0" chnl="15"/><char id="24555" x="237" y="252" width="79" height="78" xoffset="-4" yoffset="-6" xadvance="72" page="0" chnl="15"/><char id="24656" x="1034" y="801" width="80" height="73" xoffset="-4" yoffset="-3" xadvance="72" page="0" chnl="15"/><char id="24744" x="0" y="646" width="80" height="77" xoffset="-4" yoffset="-7" xadvance="72" page="0" chnl="15"/><char id="24819" x="161" y="646" width="79" height="77" xoffset="-3" yoffset="-6" xadvance="72" page="0" chnl="15"/><char id="25104" x="715" y="331" width="80" height="78" xoffset="-4" yoffset="-6" xadvance="72" page="0" chnl="15"/><char id="25112" x="714" y="489" width="77" height="77" xoffset="-1" yoffset="-6" xadvance="72" page="0" chnl="15"/><char id="25152" x="1024" y="646" width="80" height="76" xoffset="-4" yoffset="-4" xadvance="72" page="0" chnl="15"/><char id="25163" x="961" y="724" width="78" height="75" xoffset="-3" yoffset="-4" xadvance="72" page="0" chnl="15"/><char id="25237" x="950" y="410" width="79" height="78" xoffset="-3" yoffset="-6" xadvance="72" page="0" chnl="15"/><char id="25252" x="555" y="172" width="75" height="79" xoffset="-3" yoffset="-7" xadvance="72" page="0" chnl="15"/><char id="25265" x="475" y="410" width="79" height="78" xoffset="-3" yoffset="-7" xadvance="72" page="0" chnl="15"/><char id="25361" x="80" y="331" width="79" height="78" xoffset="-3" yoffset="-6" xadvance="72" page="0" chnl="15"/><char id="25391" x="79" y="252" width="80" height="78" xoffset="-4" yoffset="-6" xadvance="72" page="0" chnl="15"/><char id="25454" x="635" y="489" width="78" height="78" xoffset="-3" yoffset="-6" xadvance="72" page="0" chnl="15"/><char id="25490" x="317" y="252" width="79" height="78" xoffset="-4" yoffset="-6" xadvance="72" page="0" chnl="15"/><char id="25910" x="303" y="0" width="78" height="79" xoffset="-2" yoffset="-7" xadvance="72" page="0" chnl="15"/><char id="25918" x="148" y="0" width="80" height="80" xoffset="-4" yoffset="-7" xadvance="72" page="0" chnl="15"/><char id="25928" x="463" y="0" width="80" height="79" xoffset="-4" yoffset="-7" xadvance="72" page="0" chnl="15"/><char id="25968" x="872" y="172" width="80" height="79" xoffset="-4" yoffset="-6" xadvance="72" page="0" chnl="15"/><char id="26007" x="872" y="489" width="78" height="77" xoffset="-3" yoffset="-6" xadvance="72" page="0" chnl="15"/><char id="26032" x="161" y="92" width="80" height="79" xoffset="-4" yoffset="-7" xadvance="72" page="0" chnl="15"/><char id="26080" x="79" y="877" width="78" height="73" xoffset="-3" yoffset="-1" xadvance="72" page="0" chnl="15"/><char id="26159" x="0" y="724" width="80" height="76" xoffset="-4" yoffset="-4" xadvance="72" page="0" chnl="15"/><char id="26174" x="867" y="877" width="78" height="72" xoffset="-3" yoffset="-3" xadvance="72" page="0" chnl="15"/><char id="26292" x="1040" y="724" width="80" height="75" xoffset="-4" yoffset="-4" xadvance="72" page="0" chnl="15"/><char id="26377" x="0" y="172" width="79" height="79" xoffset="-4" yoffset="-7" xadvance="72" page="0" chnl="15"/><char id="26469" x="1110" y="172" width="80" height="79" xoffset="-4" yoffset="-7" xadvance="72" page="0" chnl="15"/><char id="26538" x="1030" y="410" width="79" height="78" xoffset="-3" yoffset="-6" xadvance="72" page="0" chnl="15"/><char id="26631" x="470" y="568" width="80" height="77" xoffset="-4" yoffset="-6" xadvance="72" page="0" chnl="15"/><char id="26633" x="316" y="489" width="78" height="78" xoffset="-3" yoffset="-6" xadvance="72" page="0" chnl="15"/><char id="27036" x="704" y="0" width="79" height="79" xoffset="-4" yoffset="-7" xadvance="72" page="0" chnl="15"/><char id="27169" x="80" y="410" width="79" height="78" xoffset="-4" yoffset="-6" xadvance="72" page="0" chnl="15"/><char id="27465" x="555" y="410" width="79" height="78" xoffset="-3" yoffset="-6" xadvance="72" page="0" chnl="15"/><char id="27604" x="947" y="646" width="76" height="76" xoffset="-1" yoffset="-6" xadvance="72" page="0" chnl="15"/><char id="27809" x="390" y="568" width="79" height="77" xoffset="-3" yoffset="-5" xadvance="72" page="0" chnl="15"/><char id="27861" x="712" y="410" width="78" height="78" xoffset="-3" yoffset="-6" xadvance="72" page="0" chnl="15"/><char id="28040" x="635" y="410" width="76" height="78" xoffset="-3" yoffset="-7" xadvance="72" page="0" chnl="15"/><char id="28385" x="399" y="331" width="79" height="78" xoffset="-4" yoffset="-6" xadvance="72" page="0" chnl="15"/><char id="29305" x="0" y="489" width="79" height="78" xoffset="-4" yoffset="-6" xadvance="72" page="0" chnl="15"/><char id="29436" x="160" y="172" width="80" height="79" xoffset="-4" yoffset="-7" xadvance="72" page="0" chnl="15"/><char id="29467" x="618" y="801" width="80" height="74" xoffset="-4" yoffset="-4" xadvance="72" page="0" chnl="15"/><char id="29579" x="146" y="951" width="76" height="68" xoffset="-2" yoffset="0" xadvance="72" page="0" chnl="15"/><char id="29699" x="0" y="568" width="79" height="77" xoffset="-3" yoffset="-6" xadvance="72" page="0" chnl="15"/><char id="29992" x="568" y="724" width="74" height="75" xoffset="-3" yoffset="-2" xadvance="72" page="0" chnl="15"/><char id="30002" x="699" y="801" width="64" height="74" xoffset="4" yoffset="-2" xadvance="72" page="0" chnl="15"/><char id="30340" x="1031" y="568" width="73" height="77" xoffset="0" yoffset="-6" xadvance="72" page="0" chnl="15"/><char id="30382" x="1110" y="410" width="80" height="78" xoffset="-4" yoffset="-6" xadvance="72" page="0" chnl="15"/><char id="30446" x="764" y="801" width="60" height="74" xoffset="6" yoffset="-3" xadvance="72" page="0" chnl="15"/><char id="30475" x="236" y="568" width="79" height="77" xoffset="-4" yoffset="-5" xadvance="72" page="0" chnl="15"/><char id="30707" x="946" y="877" width="77" height="72" xoffset="-3" yoffset="-1" xadvance="72" page="0" chnl="15"/><char id="30830" x="1032" y="172" width="77" height="79" xoffset="-4" yoffset="-7" xadvance="72" page="0" chnl="15"/><char id="31034" x="787" y="877" width="79" height="72" xoffset="-3" yoffset="-2" xadvance="72" page="0" chnl="15"/><char id="31085" x="871" y="568" width="79" height="77" xoffset="-4" yoffset="-6" xadvance="72" page="0" chnl="15"/><char id="31163" x="724" y="92" width="76" height="79" xoffset="-2" yoffset="-7" xadvance="72" page="0" chnl="15"/><char id="31245" x="870" y="410" width="79" height="78" xoffset="-4" yoffset="-6" xadvance="72" page="0" chnl="15"/><char id="31354" x="0" y="801" width="78" height="75" xoffset="-3" yoffset="-7" xadvance="72" page="0" chnl="15"/><char id="31561" x="788" y="252" width="79" height="78" xoffset="-4" yoffset="-7" xadvance="72" page="0" chnl="15"/><char id="31661" x="241" y="172" width="78" height="79" xoffset="-3" yoffset="-7" xadvance="72" page="0" chnl="15"/><char id="32423" x="397" y="252" width="79" height="78" xoffset="-3" yoffset="-6" xadvance="72" page="0" chnl="15"/><char id="32447" x="0" y="410" width="79" height="78" xoffset="-3" yoffset="-7" xadvance="72" page="0" chnl="15"/><char id="32463" x="881" y="724" width="79" height="75" xoffset="-3" yoffset="-7" xadvance="72" page="0" chnl="15"/><char id="32487" x="335" y="724" width="78" height="75" xoffset="-3" yoffset="-6" xadvance="72" page="0" chnl="15"/><char id="32493" x="951" y="331" width="78" height="78" xoffset="-3" yoffset="-6" xadvance="72" page="0" chnl="15"/><char id="32622" x="955" y="801" width="78" height="73" xoffset="-3" yoffset="-3" xadvance="72" page="0" chnl="15"/><char id="32709" x="474" y="489" width="80" height="78" xoffset="-4" yoffset="-6" xadvance="72" page="0" chnl="15"/><char id="32972" x="395" y="489" width="78" height="78" xoffset="-3" yoffset="-6" xadvance="72" page="0" chnl="15"/><char id="32988" x="240" y="331" width="78" height="78" xoffset="-3" yoffset="-6" xadvance="72" page="0" chnl="15"/><char id="33034" x="951" y="568" width="79" height="77" xoffset="-3" yoffset="-6" xadvance="72" page="0" chnl="15"/><char id="33394" x="321" y="646" width="79" height="76" xoffset="-4" yoffset="-7" xadvance="72" page="0" chnl="15"/><char id="33719" x="160" y="331" width="79" height="78" xoffset="-4" yoffset="-6" xadvance="72" page="0" chnl="15"/><char id="33832" x="80" y="489" width="78" height="78" xoffset="-3" yoffset="-6" xadvance="72" page="0" chnl="15"/><char id="34892" x="624" y="0" width="79" height="79" xoffset="-3" yoffset="-7" xadvance="72" page="0" chnl="15"/><char id="34920" x="861" y="0" width="78" height="79" xoffset="-3" yoffset="-7" xadvance="72" page="0" chnl="15"/><char id="35201" x="1105" y="646" width="78" height="76" xoffset="-3" yoffset="-4" xadvance="72" page="0" chnl="15"/><char id="35266" x="722" y="724" width="78" height="75" xoffset="-3" yoffset="-3" xadvance="72" page="0" chnl="15"/><char id="35270" x="1030" y="92" width="79" height="79" xoffset="-3" yoffset="-6" xadvance="72" page="0" chnl="15"/><char id="35282" x="74" y="0" width="73" height="80" xoffset="-3" yoffset="-7" xadvance="72" page="0" chnl="15"/><char id="35774" x="241" y="646" width="79" height="76" xoffset="-3" yoffset="-4" xadvance="72" page="0" chnl="15"/><char id="35797" x="80" y="172" width="79" height="79" xoffset="-4" yoffset="-7" xadvance="72" page="0" chnl="15"/><char id="35831" x="791" y="410" width="78" height="78" xoffset="-3" yoffset="-7" xadvance="72" page="0" chnl="15"/><char id="36133" x="319" y="331" width="79" height="78" xoffset="-3" yoffset="-6" xadvance="72" page="0" chnl="15"/><char id="36141" x="948" y="252" width="77" height="78" xoffset="-4" yoffset="-6" xadvance="72" page="0" chnl="15"/><char id="36153" x="1026" y="252" width="76" height="78" xoffset="-3" yoffset="-6" xadvance="72" page="0" chnl="15"/><char id="36187" x="631" y="172" width="78" height="79" xoffset="-3" yoffset="-7" xadvance="72" page="0" chnl="15"/><char id="36194" x="404" y="92" width="79" height="79" xoffset="-3" yoffset="-7" xadvance="72" page="0" chnl="15"/><char id="36716" x="644" y="92" width="79" height="79" xoffset="-4" yoffset="-7" xadvance="72" page="0" chnl="15"/><char id="36733" x="237" y="410" width="79" height="78" xoffset="-3" yoffset="-6" xadvance="72" page="0" chnl="15"/><char id="36805" x="714" y="646" width="79" height="76" xoffset="-3" yoffset="-6" xadvance="72" page="0" chnl="15"/><char id="36820" x="401" y="646" width="79" height="76" xoffset="-4" yoffset="-5" xadvance="72" page="0" chnl="15"/><char id="36825" x="555" y="489" width="79" height="78" xoffset="-4" yoffset="-7" xadvance="72" page="0" chnl="15"/><char id="36827" x="81" y="646" width="79" height="77" xoffset="-4" yoffset="-6" xadvance="72" page="0" chnl="15"/><char id="36895" x="792" y="489" width="79" height="77" xoffset="-4" yoffset="-6" xadvance="72" page="0" chnl="15"/><char id="37325" x="158" y="877" width="78" height="73" xoffset="-3" yoffset="-4" xadvance="72" page="0" chnl="15"/><char id="37329" x="414" y="724" width="80" height="75" xoffset="-4" yoffset="-6" xadvance="72" page="0" chnl="15"/><char id="38145" x="1020" y="0" width="79" height="79" xoffset="-4" yoffset="-6" xadvance="72" page="0" chnl="15"/><char id="38180" x="631" y="568" width="79" height="77" xoffset="-4" yoffset="-6" xadvance="72" page="0" chnl="15"/><char id="38230" x="551" y="568" width="79" height="77" xoffset="-4" yoffset="-6" xadvance="72" page="0" chnl="15"/><char id="38454" x="784" y="0" width="76" height="79" xoffset="0" yoffset="-6" xadvance="72" page="0" chnl="15"/><char id="38598" x="382" y="0" width="80" height="79" xoffset="-4" yoffset="-7" xadvance="72" page="0" chnl="15"/><char id="38712" x="870" y="646" width="76" height="76" xoffset="-3" yoffset="-4" xadvance="72" page="0" chnl="15"/><char id="38899" x="0" y="252" width="78" height="78" xoffset="-3" yoffset="-7" xadvance="72" page="0" chnl="15"/><char id="39046" x="156" y="568" width="79" height="77" xoffset="-4" yoffset="-5" xadvance="72" page="0" chnl="15"/><char id="39057" x="1110" y="92" width="80" height="79" xoffset="-4" yoffset="-6" xadvance="72" page="0" chnl="15"/><char id="40857" x="868" y="252" width="79" height="78" xoffset="-4" yoffset="-6" xadvance="72" page="0" chnl="15"/><char id="65281" x="459" y="951" width="18" height="64" xoffset="9" yoffset="-1" xadvance="72" page="0" chnl="15"/><char id="65292" x="843" y="1144" width="20" height="27" xoffset="6" yoffset="45" xadvance="72" page="0" chnl="15"/><char id="65311" x="301" y="951" width="37" height="65" xoffset="1" yoffset="-2" xadvance="72" page="0" chnl="15"/></chars><kernings count="110"><kerning first="102" second="97" amount="-2"/><kerning first="102" second="99" amount="-2"/><kerning first="102" second="100" amount="-1"/><kerning first="102" second="101" amount="-2"/><kerning first="102" second="103" amount="-1"/><kerning first="102" second="111" amount="-2"/><kerning first="102" second="113" amount="-1"/><kerning first="102" second="115" amount="-1"/><kerning first="102" second="116" amount="-2"/><kerning first="102" second="117" amount="-2"/><kerning first="102" second="118" amount="-1"/><kerning first="102" second="119" amount="-1"/><kerning first="102" second="120" amount="-1"/><kerning first="107" second="97" amount="-1"/><kerning first="107" second="99" amount="-1"/><kerning first="107" second="101" amount="-2"/><kerning first="107" second="111" amount="-2"/><kerning first="107" second="113" amount="-2"/><kerning first="107" second="115" amount="-1"/><kerning first="107" second="116" amount="-2"/><kerning first="107" second="118" amount="-1"/><kerning first="107" second="121" amount="-3"/><kerning first="121" second="99" amount="-1"/><kerning first="65" second="118" amount="-1"/><kerning first="65" second="121" amount="-1"/><kerning first="65" second="84" amount="-2"/><kerning first="65" second="86" amount="-3"/><kerning first="65" second="87" amount="-3"/><kerning first="65" second="89" amount="-3"/><kerning first="70" second="97" amount="-3"/><kerning first="70" second="101" amount="-3"/><kerning first="70" second="109" amount="-1"/><kerning first="70" second="110" amount="-1"/><kerning first="70" second="111" amount="-3"/><kerning first="70" second="113" amount="-2"/><kerning first="70" second="114" amount="-2"/><kerning first="70" second="115" amount="-2"/><kerning first="70" second="117" amount="-2"/><kerning first="70" second="120" amount="-3"/><kerning first="70" second="121" amount="-3"/><kerning first="70" second="122" amount="-2"/><kerning first="70" second="65" amount="-3"/><kerning first="75" second="118" amount="-1"/><kerning first="75" second="121" amount="-1"/><kerning first="76" second="84" amount="-3"/><kerning first="76" second="86" amount="-1"/><kerning first="76" second="89" amount="-3"/><kerning first="77" second="89" amount="-1"/><kerning first="80" second="97" amount="-2"/><kerning first="80" second="99" amount="-1"/><kerning first="80" second="101" amount="-1"/><kerning first="80" second="103" amount="-2"/><kerning first="80" second="111" amount="-2"/><kerning first="80" second="113" amount="-2"/><kerning first="80" second="115" amount="-2"/><kerning first="80" second="65" amount="-4"/><kerning first="80" second="74" amount="-3"/><kerning first="80" second="86" amount="-3"/><kerning first="80" second="89" amount="-3"/><kerning first="80" second="90" amount="-1"/><kerning first="81" second="89" amount="-2"/><kerning first="84" second="97" amount="-2"/><kerning first="84" second="99" amount="-3"/><kerning first="84" second="101" amount="-3"/><kerning first="84" second="103" amount="-2"/><kerning first="84" second="109" amount="-1"/><kerning first="84" second="110" amount="-1"/><kerning first="84" second="111" amount="-3"/><kerning first="84" second="113" amount="-3"/><kerning first="84" second="114" amount="-1"/><kerning first="84" second="115" amount="-2"/><kerning first="84" second="117" amount="-3"/><kerning first="84" second="118" amount="-2"/><kerning first="84" second="119" amount="-2"/><kerning first="84" second="121" amount="-1"/><kerning first="84" second="65" amount="-2"/><kerning first="84" second="74" amount="-3"/><kerning first="86" second="97" amount="-3"/><kerning first="86" second="99" amount="-3"/><kerning first="86" second="100" amount="-3"/><kerning first="86" second="101" amount="-3"/><kerning first="86" second="103" amount="-3"/><kerning first="86" second="111" amount="-3"/><kerning first="86" second="113" amount="-3"/><kerning first="86" second="121" amount="-2"/><kerning first="86" second="65" amount="-3"/><kerning first="86" second="74" amount="-1"/><kerning first="87" second="97" amount="-1"/><kerning first="87" second="101" amount="-2"/><kerning first="87" second="65" amount="-3"/><kerning first="87" second="74" amount="-1"/><kerning first="87" second="79" amount="-1"/><kerning first="89" second="97" amount="-2"/><kerning first="89" second="99" amount="-3"/><kerning first="89" second="100" amount="-3"/><kerning first="89" second="101" amount="-3"/><kerning first="89" second="103" amount="-3"/><kerning first="89" second="109" amount="-3"/><kerning first="89" second="110" amount="-3"/><kerning first="89" second="111" amount="-3"/><kerning first="89" second="113" amount="-3"/><kerning first="89" second="114" amount="-2"/><kerning first="89" second="115" amount="-3"/><kerning first="89" second="120" amount="-2"/><kerning first="89" second="121" amount="-3"/><kerning first="89" second="122" amount="-1"/><kerning first="89" second="65" amount="-4"/><kerning first="89" second="74" amount="-3"/><kerning first="89" second="77" amount="-1"/><kerning first="89" second="81" amount="-1"/></kernings></font>