<?xml version="1.0" encoding="UTF-8"?><font><info face="LilitaOneRus" size="72" bold="0" italic="0" charset="" unicode="1" stretchH="100" smooth="1" aa="1" padding="1,1,1,1" spacing="1,1"/><common lineHeight="72" base="66" scaleW="551" scaleH="551" pages="1" packed="0"/><pages><page id="0" file="LilitaOne-pt.png"/></pages><chars count="105"><char id="32" x="0" y="0" width="0" height="0" xoffset="0" yoffset="0" xadvance="14" page="0" chnl="15"/><char id="33" x="421" y="92" width="22" height="61" xoffset="-1" yoffset="11" xadvance="21" page="0" chnl="15"/><char id="34" x="95" y="518" width="33" height="28" xoffset="0" yoffset="13" xadvance="34" page="0" chnl="15"/><char id="35" x="493" y="290" width="58" height="57" xoffset="2" yoffset="14" xadvance="60" page="0" chnl="15"/><char id="36" x="327" y="0" width="43" height="74" xoffset="-2" yoffset="5" xadvance="39" page="0" chnl="15"/><char id="37" x="444" y="92" width="61" height="61" xoffset="-2" yoffset="11" xadvance="58" page="0" chnl="15"/><char id="38" x="0" y="167" width="50" height="61" xoffset="-1" yoffset="11" xadvance="49" page="0" chnl="15"/><char id="39" x="521" y="380" width="19" height="28" xoffset="1" yoffset="13" xadvance="22" page="0" chnl="15"/><char id="40" x="191" y="92" width="27" height="64" xoffset="2" yoffset="13" xadvance="31" page="0" chnl="15"/><char id="41" x="219" y="92" width="27" height="64" xoffset="2" yoffset="13" xadvance="31" page="0" chnl="15"/><char id="42" x="379" y="471" width="37" height="38" xoffset="2" yoffset="12" xadvance="41" page="0" chnl="15"/><char id="43" x="293" y="471" width="46" height="46" xoffset="-2" yoffset="19" xadvance="44" page="0" chnl="15"/><char id="44" x="521" y="351" width="26" height="28" xoffset="-1" yoffset="51" xadvance="22" page="0" chnl="15"/><char id="45" x="153" y="518" width="42" height="18" xoffset="-2" yoffset="40" xadvance="38" page="0" chnl="15"/><char id="46" x="129" y="518" width="23" height="23" xoffset="-3" yoffset="49" xadvance="17" page="0" chnl="15"/><char id="47" x="39" y="92" width="50" height="73" xoffset="-4" yoffset="6" xadvance="42" page="0" chnl="15"/><char id="48" x="51" y="167" width="50" height="60" xoffset="-2" yoffset="12" xadvance="47" page="0" chnl="15"/><char id="49" x="518" y="0" width="33" height="59" xoffset="-3" yoffset="12" xadvance="30" page="0" chnl="15"/><char id="50" x="102" y="167" width="41" height="60" xoffset="-1" yoffset="11" xadvance="38" page="0" chnl="15"/><char id="51" x="144" y="167" width="42" height="60" xoffset="-3" yoffset="12" xadvance="39" page="0" chnl="15"/><char id="52" x="0" y="351" width="49" height="59" xoffset="-4" yoffset="12" xadvance="44" page="0" chnl="15"/><char id="53" x="187" y="167" width="39" height="60" xoffset="-1" yoffset="12" xadvance="38" page="0" chnl="15"/><char id="54" x="227" y="167" width="45" height="60" xoffset="-2" yoffset="12" xadvance="42" page="0" chnl="15"/><char id="55" x="273" y="167" width="42" height="60" xoffset="-3" yoffset="12" xadvance="37" page="0" chnl="15"/><char id="56" x="316" y="167" width="45" height="60" xoffset="-2" yoffset="12" xadvance="42" page="0" chnl="15"/><char id="57" x="362" y="167" width="44" height="60" xoffset="-1" yoffset="12" xadvance="41" page="0" chnl="15"/><char id="58" x="270" y="471" width="22" height="46" xoffset="0" yoffset="26" xadvance="20" page="0" chnl="15"/><char id="59" x="249" y="411" width="25" height="53" xoffset="-3" yoffset="26" xadvance="20" page="0" chnl="15"/><char id="61" x="0" y="518" width="42" height="33" xoffset="0" yoffset="27" xadvance="42" page="0" chnl="15"/><char id="63" x="506" y="92" width="41" height="61" xoffset="0" yoffset="11" xadvance="43" page="0" chnl="15"/><char id="64" x="247" y="92" width="63" height="64" xoffset="-2" yoffset="14" xadvance="63" page="0" chnl="15"/><char id="65" x="0" y="229" width="53" height="60" xoffset="-3" yoffset="12" xadvance="48" page="0" chnl="15"/><char id="66" x="262" y="351" width="45" height="59" xoffset="0" yoffset="12" xadvance="43" page="0" chnl="15"/><char id="67" x="54" y="229" width="45" height="60" xoffset="-2" yoffset="12" xadvance="41" page="0" chnl="15"/><char id="68" x="308" y="351" width="48" height="59" xoffset="-1" yoffset="12" xadvance="45" page="0" chnl="15"/><char id="69" x="357" y="351" width="38" height="59" xoffset="-1" yoffset="12" xadvance="36" page="0" chnl="15"/><char id="70" x="100" y="229" width="37" height="60" xoffset="-1" yoffset="12" xadvance="34" page="0" chnl="15"/><char id="71" x="138" y="229" width="48" height="60" xoffset="-2" yoffset="12" xadvance="45" page="0" chnl="15"/><char id="72" x="396" y="351" width="48" height="59" xoffset="-1" yoffset="12" xadvance="47" page="0" chnl="15"/><char id="73" x="445" y="351" width="37" height="59" xoffset="-3" yoffset="12" xadvance="31" page="0" chnl="15"/><char id="74" x="187" y="229" width="39" height="60" xoffset="-4" yoffset="12" xadvance="34" page="0" chnl="15"/><char id="75" x="227" y="229" width="50" height="60" xoffset="-1" yoffset="12" xadvance="45" page="0" chnl="15"/><char id="76" x="483" y="351" width="37" height="59" xoffset="-2" yoffset="12" xadvance="32" page="0" chnl="15"/><char id="77" x="278" y="229" width="67" height="60" xoffset="-1" yoffset="12" xadvance="66" page="0" chnl="15"/><char id="78" x="346" y="229" width="49" height="60" xoffset="-1" yoffset="12" xadvance="47" page="0" chnl="15"/><char id="79" x="396" y="229" width="54" height="60" xoffset="-2" yoffset="12" xadvance="51" page="0" chnl="15"/><char id="80" x="451" y="229" width="44" height="60" xoffset="-1" yoffset="12" xadvance="42" page="0" chnl="15"/><char id="81" x="90" y="92" width="54" height="72" xoffset="-2" yoffset="12" xadvance="51" page="0" chnl="15"/><char id="82" x="0" y="290" width="47" height="60" xoffset="-1" yoffset="12" xadvance="43" page="0" chnl="15"/><char id="83" x="48" y="290" width="42" height="60" xoffset="-2" yoffset="12" xadvance="39" page="0" chnl="15"/><char id="84" x="91" y="290" width="44" height="60" xoffset="-4" yoffset="12" xadvance="37" page="0" chnl="15"/><char id="85" x="136" y="290" width="49" height="60" xoffset="-2" yoffset="12" xadvance="46" page="0" chnl="15"/><char id="86" x="0" y="411" width="54" height="59" xoffset="-3" yoffset="12" xadvance="48" page="0" chnl="15"/><char id="87" x="186" y="290" width="74" height="60" xoffset="-3" yoffset="12" xadvance="69" page="0" chnl="15"/><char id="88" x="496" y="229" width="55" height="60" xoffset="-3" yoffset="12" xadvance="50" page="0" chnl="15"/><char id="89" x="261" y="290" width="55" height="60" xoffset="-5" yoffset="12" xadvance="45" page="0" chnl="15"/><char id="90" x="55" y="411" width="45" height="59" xoffset="-2" yoffset="12" xadvance="41" page="0" chnl="15"/><char id="91" x="109" y="0" width="29" height="75" xoffset="1" yoffset="5" xadvance="28" page="0" chnl="15"/><char id="93" x="139" y="0" width="28" height="75" xoffset="-2" yoffset="5" xadvance="28" page="0" chnl="15"/><char id="94" x="43" y="518" width="51" height="33" xoffset="-1" yoffset="13" xadvance="50" page="0" chnl="15"/><char id="95" x="196" y="518" width="47" height="17" xoffset="-1" yoffset="65" xadvance="46" page="0" chnl="15"/><char id="97" x="275" y="411" width="44" height="46" xoffset="-3" yoffset="26" xadvance="38" page="0" chnl="15"/><char id="98" x="407" y="167" width="41" height="60" xoffset="-1" yoffset="12" xadvance="38" page="0" chnl="15"/><char id="99" x="320" y="411" width="36" height="46" xoffset="-2" yoffset="26" xadvance="31" page="0" chnl="15"/><char id="100" x="311" y="92" width="46" height="61" xoffset="-2" yoffset="11" xadvance="41" page="0" chnl="15"/><char id="101" x="357" y="411" width="40" height="46" xoffset="-2" yoffset="26" xadvance="35" page="0" chnl="15"/><char id="102" x="50" y="351" width="36" height="59" xoffset="-3" yoffset="12" xadvance="28" page="0" chnl="15"/><char id="103" x="87" y="351" width="40" height="59" xoffset="-2" yoffset="26" xadvance="38" page="0" chnl="15"/><char id="104" x="358" y="92" width="39" height="61" xoffset="-1" yoffset="11" xadvance="37" page="0" chnl="15"/><char id="105" x="398" y="92" width="22" height="61" xoffset="-1" yoffset="11" xadvance="20" page="0" chnl="15"/><char id="106" x="74" y="0" width="34" height="75" xoffset="-13" yoffset="11" xadvance="20" page="0" chnl="15"/><char id="107" x="449" y="167" width="43" height="60" xoffset="-1" yoffset="12" xadvance="39" page="0" chnl="15"/><char id="108" x="493" y="167" width="22" height="60" xoffset="-1" yoffset="12" xadvance="20" page="0" chnl="15"/><char id="109" x="398" y="411" width="61" height="46" xoffset="-3" yoffset="26" xadvance="57" page="0" chnl="15"/><char id="110" x="460" y="411" width="44" height="46" xoffset="-3" yoffset="26" xadvance="40" page="0" chnl="15"/><char id="111" x="0" y="471" width="41" height="46" xoffset="-2" yoffset="26" xadvance="37" page="0" chnl="15"/><char id="112" x="128" y="351" width="45" height="59" xoffset="-3" yoffset="26" xadvance="40" page="0" chnl="15"/><char id="113" x="174" y="351" width="41" height="59" xoffset="-3" yoffset="26" xadvance="37" page="0" chnl="15"/><char id="114" x="42" y="471" width="36" height="46" xoffset="-3" yoffset="26" xadvance="29" page="0" chnl="15"/><char id="115" x="79" y="471" width="37" height="46" xoffset="-2" yoffset="26" xadvance="33" page="0" chnl="15"/><char id="116" x="214" y="411" width="34" height="53" xoffset="-3" yoffset="19" xadvance="27" page="0" chnl="15"/><char id="117" x="117" y="471" width="44" height="46" xoffset="-2" yoffset="26" xadvance="40" page="0" chnl="15"/><char id="118" x="162" y="471" width="45" height="46" xoffset="-4" yoffset="26" xadvance="38" page="0" chnl="15"/><char id="119" x="208" y="471" width="61" height="46" xoffset="-3" yoffset="26" xadvance="55" page="0" chnl="15"/><char id="120" x="505" y="411" width="46" height="46" xoffset="-3" yoffset="26" xadvance="41" page="0" chnl="15"/><char id="121" x="216" y="351" width="45" height="59" xoffset="-3" yoffset="26" xadvance="39" page="0" chnl="15"/><char id="122" x="340" y="471" width="38" height="44" xoffset="-3" yoffset="27" xadvance="33" page="0" chnl="15"/><char id="123" x="18" y="0" width="27" height="85" xoffset="-2" yoffset="2" xadvance="27" page="0" chnl="15"/><char id="124" x="0" y="0" width="17" height="91" xoffset="14" yoffset="-4" xadvance="46" page="0" chnl="15"/><char id="125" x="46" y="0" width="27" height="85" xoffset="1" yoffset="2" xadvance="27" page="0" chnl="15"/><char id="193" x="218" y="0" width="53" height="75" xoffset="-3" yoffset="-3" xadvance="48" page="0" chnl="15"/><char id="195" x="426" y="0" width="53" height="74" xoffset="-3" yoffset="-2" xadvance="48" page="0" chnl="15"/><char id="199" x="145" y="92" width="45" height="72" xoffset="-3" yoffset="12" xadvance="40" page="0" chnl="15"/><char id="202" x="0" y="92" width="38" height="74" xoffset="-1" yoffset="-3" xadvance="36" page="0" chnl="15"/><char id="205" x="480" y="0" width="37" height="74" xoffset="-3" yoffset="-3" xadvance="32" page="0" chnl="15"/><char id="211" x="272" y="0" width="54" height="75" xoffset="-2" yoffset="-3" xadvance="51" page="0" chnl="15"/><char id="213" x="371" y="0" width="54" height="74" xoffset="-2" yoffset="-2" xadvance="51" page="0" chnl="15"/><char id="218" x="168" y="0" width="49" height="75" xoffset="-2" yoffset="-3" xadvance="46" page="0" chnl="15"/><char id="225" x="362" y="290" width="44" height="60" xoffset="-3" yoffset="12" xadvance="38" page="0" chnl="15"/><char id="227" x="317" y="290" width="44" height="60" xoffset="-3" yoffset="12" xadvance="38" page="0" chnl="15"/><char id="231" x="177" y="411" width="36" height="58" xoffset="-2" yoffset="26" xadvance="31" page="0" chnl="15"/><char id="233" x="452" y="290" width="40" height="60" xoffset="-2" yoffset="12" xadvance="35" page="0" chnl="15"/><char id="237" x="516" y="167" width="25" height="60" xoffset="-3" yoffset="12" xadvance="20" page="0" chnl="15"/><char id="250" x="407" y="290" width="44" height="60" xoffset="-2" yoffset="12" xadvance="40" page="0" chnl="15"/><char id="8470" x="101" y="411" width="75" height="59" xoffset="-4" yoffset="5" xadvance="69" page="0" chnl="15"/></chars><kernings count="110"><kerning first="102" second="97" amount="-2"/><kerning first="102" second="99" amount="-2"/><kerning first="102" second="100" amount="-1"/><kerning first="102" second="101" amount="-2"/><kerning first="102" second="103" amount="-1"/><kerning first="102" second="111" amount="-2"/><kerning first="102" second="113" amount="-1"/><kerning first="102" second="115" amount="-1"/><kerning first="102" second="116" amount="-2"/><kerning first="102" second="117" amount="-2"/><kerning first="102" second="118" amount="-1"/><kerning first="102" second="119" amount="-1"/><kerning first="102" second="120" amount="-1"/><kerning first="107" second="97" amount="-1"/><kerning first="107" second="99" amount="-1"/><kerning first="107" second="101" amount="-2"/><kerning first="107" second="111" amount="-2"/><kerning first="107" second="113" amount="-2"/><kerning first="107" second="115" amount="-1"/><kerning first="107" second="116" amount="-2"/><kerning first="107" second="118" amount="-1"/><kerning first="107" second="121" amount="-3"/><kerning first="121" second="99" amount="-1"/><kerning first="65" second="118" amount="-1"/><kerning first="65" second="121" amount="-1"/><kerning first="65" second="84" amount="-2"/><kerning first="65" second="86" amount="-3"/><kerning first="65" second="87" amount="-3"/><kerning first="65" second="89" amount="-3"/><kerning first="70" second="97" amount="-3"/><kerning first="70" second="101" amount="-3"/><kerning first="70" second="109" amount="-1"/><kerning first="70" second="110" amount="-1"/><kerning first="70" second="111" amount="-3"/><kerning first="70" second="113" amount="-2"/><kerning first="70" second="114" amount="-2"/><kerning first="70" second="115" amount="-2"/><kerning first="70" second="117" amount="-2"/><kerning first="70" second="120" amount="-3"/><kerning first="70" second="121" amount="-3"/><kerning first="70" second="122" amount="-2"/><kerning first="70" second="65" amount="-3"/><kerning first="75" second="118" amount="-1"/><kerning first="75" second="121" amount="-1"/><kerning first="76" second="84" amount="-3"/><kerning first="76" second="86" amount="-1"/><kerning first="76" second="89" amount="-3"/><kerning first="77" second="89" amount="-1"/><kerning first="80" second="97" amount="-2"/><kerning first="80" second="99" amount="-1"/><kerning first="80" second="101" amount="-1"/><kerning first="80" second="103" amount="-2"/><kerning first="80" second="111" amount="-2"/><kerning first="80" second="113" amount="-2"/><kerning first="80" second="115" amount="-2"/><kerning first="80" second="65" amount="-4"/><kerning first="80" second="74" amount="-3"/><kerning first="80" second="86" amount="-3"/><kerning first="80" second="89" amount="-3"/><kerning first="80" second="90" amount="-1"/><kerning first="81" second="89" amount="-2"/><kerning first="84" second="97" amount="-2"/><kerning first="84" second="99" amount="-3"/><kerning first="84" second="101" amount="-3"/><kerning first="84" second="103" amount="-2"/><kerning first="84" second="109" amount="-1"/><kerning first="84" second="110" amount="-1"/><kerning first="84" second="111" amount="-3"/><kerning first="84" second="113" amount="-3"/><kerning first="84" second="114" amount="-1"/><kerning first="84" second="115" amount="-2"/><kerning first="84" second="117" amount="-3"/><kerning first="84" second="118" amount="-2"/><kerning first="84" second="119" amount="-2"/><kerning first="84" second="121" amount="-1"/><kerning first="84" second="65" amount="-2"/><kerning first="84" second="74" amount="-3"/><kerning first="86" second="97" amount="-3"/><kerning first="86" second="99" amount="-3"/><kerning first="86" second="100" amount="-3"/><kerning first="86" second="101" amount="-3"/><kerning first="86" second="103" amount="-3"/><kerning first="86" second="111" amount="-3"/><kerning first="86" second="113" amount="-3"/><kerning first="86" second="121" amount="-2"/><kerning first="86" second="65" amount="-3"/><kerning first="86" second="74" amount="-1"/><kerning first="87" second="97" amount="-1"/><kerning first="87" second="101" amount="-2"/><kerning first="87" second="65" amount="-3"/><kerning first="87" second="74" amount="-1"/><kerning first="87" second="79" amount="-1"/><kerning first="89" second="97" amount="-2"/><kerning first="89" second="99" amount="-3"/><kerning first="89" second="100" amount="-3"/><kerning first="89" second="101" amount="-3"/><kerning first="89" second="103" amount="-3"/><kerning first="89" second="109" amount="-3"/><kerning first="89" second="110" amount="-3"/><kerning first="89" second="111" amount="-3"/><kerning first="89" second="113" amount="-3"/><kerning first="89" second="114" amount="-2"/><kerning first="89" second="115" amount="-3"/><kerning first="89" second="120" amount="-2"/><kerning first="89" second="121" amount="-3"/><kerning first="89" second="122" amount="-1"/><kerning first="89" second="65" amount="-4"/><kerning first="89" second="74" amount="-3"/><kerning first="89" second="77" amount="-1"/><kerning first="89" second="81" amount="-1"/></kernings></font>