<?xml version="1.0" encoding="UTF-8"?><font><info face="LilitaOneRus" size="72" bold="0" italic="0" charset="" unicode="1" stretchH="100" smooth="1" aa="1" padding="1,1,1,1" spacing="1,1"/><common lineHeight="72" base="66" scaleW="522" scaleH="522" pages="1" packed="0"/><pages><page id="0" file="LilitaOne-it.png"/></pages><chars count="98"><char id="32" x="0" y="0" width="0" height="0" xoffset="0" yoffset="0" xadvance="14" page="0" chnl="15"/><char id="33" x="230" y="92" width="22" height="61" xoffset="-1" yoffset="11" xadvance="21" page="0" chnl="15"/><char id="34" x="351" y="458" width="33" height="28" xoffset="0" yoffset="13" xadvance="34" page="0" chnl="15"/><char id="35" x="0" y="400" width="58" height="57" xoffset="2" yoffset="14" xadvance="60" page="0" chnl="15"/><char id="36" x="222" y="0" width="43" height="74" xoffset="-2" yoffset="5" xadvance="39" page="0" chnl="15"/><char id="37" x="461" y="0" width="61" height="61" xoffset="-2" yoffset="11" xadvance="58" page="0" chnl="15"/><char id="38" x="295" y="92" width="50" height="61" xoffset="-1" yoffset="11" xadvance="49" page="0" chnl="15"/><char id="39" x="494" y="247" width="19" height="28" xoffset="1" yoffset="13" xadvance="22" page="0" chnl="15"/><char id="40" x="0" y="92" width="27" height="64" xoffset="2" yoffset="13" xadvance="31" page="0" chnl="15"/><char id="41" x="28" y="92" width="27" height="64" xoffset="2" yoffset="13" xadvance="31" page="0" chnl="15"/><char id="42" x="218" y="458" width="37" height="38" xoffset="2" yoffset="12" xadvance="41" page="0" chnl="15"/><char id="43" x="132" y="458" width="46" height="46" xoffset="-2" yoffset="19" xadvance="44" page="0" chnl="15"/><char id="44" x="494" y="218" width="26" height="28" xoffset="-1" yoffset="51" xadvance="22" page="0" chnl="15"/><char id="45" x="476" y="458" width="42" height="18" xoffset="-2" yoffset="40" xadvance="38" page="0" chnl="15"/><char id="46" x="385" y="458" width="23" height="23" xoffset="-3" yoffset="49" xadvance="17" page="0" chnl="15"/><char id="47" x="304" y="0" width="50" height="73" xoffset="-4" yoffset="6" xadvance="42" page="0" chnl="15"/><char id="48" x="346" y="92" width="50" height="60" xoffset="-2" yoffset="12" xadvance="47" page="0" chnl="15"/><char id="49" x="271" y="279" width="33" height="59" xoffset="-3" yoffset="12" xadvance="30" page="0" chnl="15"/><char id="50" x="397" y="92" width="41" height="60" xoffset="-1" yoffset="11" xadvance="38" page="0" chnl="15"/><char id="51" x="439" y="92" width="42" height="60" xoffset="-3" yoffset="12" xadvance="39" page="0" chnl="15"/><char id="52" x="305" y="279" width="49" height="59" xoffset="-4" yoffset="12" xadvance="44" page="0" chnl="15"/><char id="53" x="0" y="157" width="39" height="60" xoffset="-1" yoffset="12" xadvance="38" page="0" chnl="15"/><char id="54" x="40" y="157" width="45" height="60" xoffset="-2" yoffset="12" xadvance="42" page="0" chnl="15"/><char id="55" x="86" y="157" width="42" height="60" xoffset="-3" yoffset="12" xadvance="37" page="0" chnl="15"/><char id="56" x="129" y="157" width="45" height="60" xoffset="-2" yoffset="12" xadvance="42" page="0" chnl="15"/><char id="57" x="175" y="157" width="44" height="60" xoffset="-1" yoffset="12" xadvance="41" page="0" chnl="15"/><char id="58" x="109" y="458" width="22" height="46" xoffset="0" yoffset="26" xadvance="20" page="0" chnl="15"/><char id="59" x="94" y="400" width="25" height="53" xoffset="-3" yoffset="26" xadvance="20" page="0" chnl="15"/><char id="61" x="256" y="458" width="42" height="33" xoffset="0" yoffset="27" xadvance="42" page="0" chnl="15"/><char id="63" x="253" y="92" width="41" height="61" xoffset="0" yoffset="11" xadvance="43" page="0" chnl="15"/><char id="64" x="56" y="92" width="63" height="64" xoffset="-2" yoffset="14" xadvance="63" page="0" chnl="15"/><char id="65" x="329" y="157" width="53" height="60" xoffset="-3" yoffset="12" xadvance="48" page="0" chnl="15"/><char id="66" x="46" y="340" width="45" height="59" xoffset="0" yoffset="12" xadvance="43" page="0" chnl="15"/><char id="67" x="383" y="157" width="45" height="60" xoffset="-2" yoffset="12" xadvance="41" page="0" chnl="15"/><char id="68" x="92" y="340" width="48" height="59" xoffset="-1" yoffset="12" xadvance="45" page="0" chnl="15"/><char id="69" x="141" y="340" width="38" height="59" xoffset="-1" yoffset="12" xadvance="36" page="0" chnl="15"/><char id="70" x="429" y="157" width="37" height="60" xoffset="-1" yoffset="12" xadvance="34" page="0" chnl="15"/><char id="71" x="0" y="218" width="48" height="60" xoffset="-2" yoffset="12" xadvance="45" page="0" chnl="15"/><char id="72" x="180" y="340" width="48" height="59" xoffset="-1" yoffset="12" xadvance="47" page="0" chnl="15"/><char id="73" x="229" y="340" width="37" height="59" xoffset="-3" yoffset="12" xadvance="31" page="0" chnl="15"/><char id="74" x="49" y="218" width="39" height="60" xoffset="-4" yoffset="12" xadvance="34" page="0" chnl="15"/><char id="75" x="89" y="218" width="50" height="60" xoffset="-1" yoffset="12" xadvance="45" page="0" chnl="15"/><char id="76" x="267" y="340" width="37" height="59" xoffset="-2" yoffset="12" xadvance="32" page="0" chnl="15"/><char id="77" x="140" y="218" width="67" height="60" xoffset="-1" yoffset="12" xadvance="66" page="0" chnl="15"/><char id="78" x="208" y="218" width="49" height="60" xoffset="-1" yoffset="12" xadvance="47" page="0" chnl="15"/><char id="79" x="258" y="218" width="54" height="60" xoffset="-2" yoffset="12" xadvance="51" page="0" chnl="15"/><char id="80" x="313" y="218" width="44" height="60" xoffset="-1" yoffset="12" xadvance="42" page="0" chnl="15"/><char id="81" x="406" y="0" width="54" height="72" xoffset="-2" yoffset="12" xadvance="51" page="0" chnl="15"/><char id="82" x="358" y="218" width="47" height="60" xoffset="-1" yoffset="12" xadvance="43" page="0" chnl="15"/><char id="83" x="406" y="218" width="42" height="60" xoffset="-2" yoffset="12" xadvance="39" page="0" chnl="15"/><char id="84" x="449" y="218" width="44" height="60" xoffset="-4" yoffset="12" xadvance="37" page="0" chnl="15"/><char id="85" x="0" y="279" width="49" height="60" xoffset="-2" yoffset="12" xadvance="46" page="0" chnl="15"/><char id="86" x="305" y="340" width="54" height="59" xoffset="-3" yoffset="12" xadvance="48" page="0" chnl="15"/><char id="87" x="50" y="279" width="74" height="60" xoffset="-3" yoffset="12" xadvance="69" page="0" chnl="15"/><char id="88" x="467" y="157" width="55" height="60" xoffset="-3" yoffset="12" xadvance="50" page="0" chnl="15"/><char id="89" x="125" y="279" width="55" height="60" xoffset="-5" yoffset="12" xadvance="45" page="0" chnl="15"/><char id="90" x="360" y="340" width="45" height="59" xoffset="-2" yoffset="12" xadvance="41" page="0" chnl="15"/><char id="91" x="109" y="0" width="29" height="75" xoffset="1" yoffset="5" xadvance="28" page="0" chnl="15"/><char id="92" x="355" y="0" width="50" height="73" xoffset="-3" yoffset="6" xadvance="43" page="0" chnl="15"/><char id="93" x="139" y="0" width="28" height="75" xoffset="-2" yoffset="5" xadvance="28" page="0" chnl="15"/><char id="94" x="299" y="458" width="51" height="33" xoffset="-1" yoffset="13" xadvance="50" page="0" chnl="15"/><char id="95" x="0" y="505" width="47" height="17" xoffset="-1" yoffset="65" xadvance="46" page="0" chnl="15"/><char id="97" x="120" y="400" width="44" height="46" xoffset="-3" yoffset="26" xadvance="38" page="0" chnl="15"/><char id="98" x="220" y="157" width="41" height="60" xoffset="-1" yoffset="12" xadvance="38" page="0" chnl="15"/><char id="99" x="165" y="400" width="36" height="46" xoffset="-2" yoffset="26" xadvance="31" page="0" chnl="15"/><char id="100" x="120" y="92" width="46" height="61" xoffset="-2" yoffset="11" xadvance="41" page="0" chnl="15"/><char id="101" x="482" y="340" width="40" height="46" xoffset="-2" yoffset="26" xadvance="35" page="0" chnl="15"/><char id="102" x="355" y="279" width="36" height="59" xoffset="-3" yoffset="12" xadvance="28" page="0" chnl="15"/><char id="103" x="392" y="279" width="40" height="59" xoffset="-2" yoffset="26" xadvance="38" page="0" chnl="15"/><char id="104" x="167" y="92" width="39" height="61" xoffset="-1" yoffset="11" xadvance="37" page="0" chnl="15"/><char id="105" x="207" y="92" width="22" height="61" xoffset="-1" yoffset="11" xadvance="20" page="0" chnl="15"/><char id="106" x="74" y="0" width="34" height="75" xoffset="-13" yoffset="11" xadvance="20" page="0" chnl="15"/><char id="107" x="262" y="157" width="43" height="60" xoffset="-1" yoffset="12" xadvance="39" page="0" chnl="15"/><char id="108" x="306" y="157" width="22" height="60" xoffset="-1" yoffset="12" xadvance="20" page="0" chnl="15"/><char id="109" x="202" y="400" width="61" height="46" xoffset="-3" yoffset="26" xadvance="57" page="0" chnl="15"/><char id="110" x="264" y="400" width="44" height="46" xoffset="-3" yoffset="26" xadvance="40" page="0" chnl="15"/><char id="111" x="309" y="400" width="41" height="46" xoffset="-2" yoffset="26" xadvance="37" page="0" chnl="15"/><char id="112" x="433" y="279" width="45" height="59" xoffset="-3" yoffset="26" xadvance="40" page="0" chnl="15"/><char id="113" x="479" y="279" width="41" height="59" xoffset="-3" yoffset="26" xadvance="37" page="0" chnl="15"/><char id="114" x="351" y="400" width="36" height="46" xoffset="-3" yoffset="26" xadvance="29" page="0" chnl="15"/><char id="115" x="388" y="400" width="37" height="46" xoffset="-2" yoffset="26" xadvance="33" page="0" chnl="15"/><char id="116" x="59" y="400" width="34" height="53" xoffset="-3" yoffset="19" xadvance="27" page="0" chnl="15"/><char id="117" x="426" y="400" width="44" height="46" xoffset="-2" yoffset="26" xadvance="40" page="0" chnl="15"/><char id="118" x="471" y="400" width="45" height="46" xoffset="-4" yoffset="26" xadvance="38" page="0" chnl="15"/><char id="119" x="0" y="458" width="61" height="46" xoffset="-3" yoffset="26" xadvance="55" page="0" chnl="15"/><char id="120" x="62" y="458" width="46" height="46" xoffset="-3" yoffset="26" xadvance="41" page="0" chnl="15"/><char id="121" x="0" y="340" width="45" height="59" xoffset="-3" yoffset="26" xadvance="39" page="0" chnl="15"/><char id="122" x="179" y="458" width="38" height="44" xoffset="-3" yoffset="27" xadvance="33" page="0" chnl="15"/><char id="123" x="18" y="0" width="27" height="85" xoffset="-2" yoffset="2" xadvance="27" page="0" chnl="15"/><char id="124" x="0" y="0" width="17" height="91" xoffset="14" yoffset="-4" xadvance="46" page="0" chnl="15"/><char id="125" x="46" y="0" width="27" height="85" xoffset="1" yoffset="2" xadvance="27" page="0" chnl="15"/><char id="192" x="168" y="0" width="53" height="75" xoffset="-3" yoffset="-3" xadvance="48" page="0" chnl="15"/><char id="204" x="266" y="0" width="37" height="74" xoffset="-3" yoffset="-3" xadvance="32" page="0" chnl="15"/><char id="224" x="226" y="279" width="44" height="60" xoffset="-3" yoffset="12" xadvance="38" page="0" chnl="15"/><char id="232" x="482" y="92" width="40" height="60" xoffset="-2" yoffset="12" xadvance="35" page="0" chnl="15"/><char id="249" x="181" y="279" width="44" height="60" xoffset="-2" yoffset="12" xadvance="40" page="0" chnl="15"/><char id="8230" x="409" y="458" width="66" height="23" xoffset="0" yoffset="49" xadvance="66" page="0" chnl="15"/><char id="8470" x="406" y="340" width="75" height="59" xoffset="-4" yoffset="5" xadvance="69" page="0" chnl="15"/></chars><kernings count="110"><kerning first="102" second="97" amount="-2"/><kerning first="102" second="99" amount="-2"/><kerning first="102" second="100" amount="-1"/><kerning first="102" second="101" amount="-2"/><kerning first="102" second="103" amount="-1"/><kerning first="102" second="111" amount="-2"/><kerning first="102" second="113" amount="-1"/><kerning first="102" second="115" amount="-1"/><kerning first="102" second="116" amount="-2"/><kerning first="102" second="117" amount="-2"/><kerning first="102" second="118" amount="-1"/><kerning first="102" second="119" amount="-1"/><kerning first="102" second="120" amount="-1"/><kerning first="107" second="97" amount="-1"/><kerning first="107" second="99" amount="-1"/><kerning first="107" second="101" amount="-2"/><kerning first="107" second="111" amount="-2"/><kerning first="107" second="113" amount="-2"/><kerning first="107" second="115" amount="-1"/><kerning first="107" second="116" amount="-2"/><kerning first="107" second="118" amount="-1"/><kerning first="107" second="121" amount="-3"/><kerning first="121" second="99" amount="-1"/><kerning first="65" second="118" amount="-1"/><kerning first="65" second="121" amount="-1"/><kerning first="65" second="84" amount="-2"/><kerning first="65" second="86" amount="-3"/><kerning first="65" second="87" amount="-3"/><kerning first="65" second="89" amount="-3"/><kerning first="70" second="97" amount="-3"/><kerning first="70" second="101" amount="-3"/><kerning first="70" second="109" amount="-1"/><kerning first="70" second="110" amount="-1"/><kerning first="70" second="111" amount="-3"/><kerning first="70" second="113" amount="-2"/><kerning first="70" second="114" amount="-2"/><kerning first="70" second="115" amount="-2"/><kerning first="70" second="117" amount="-2"/><kerning first="70" second="120" amount="-3"/><kerning first="70" second="121" amount="-3"/><kerning first="70" second="122" amount="-2"/><kerning first="70" second="65" amount="-3"/><kerning first="75" second="118" amount="-1"/><kerning first="75" second="121" amount="-1"/><kerning first="76" second="84" amount="-3"/><kerning first="76" second="86" amount="-1"/><kerning first="76" second="89" amount="-3"/><kerning first="77" second="89" amount="-1"/><kerning first="80" second="97" amount="-2"/><kerning first="80" second="99" amount="-1"/><kerning first="80" second="101" amount="-1"/><kerning first="80" second="103" amount="-2"/><kerning first="80" second="111" amount="-2"/><kerning first="80" second="113" amount="-2"/><kerning first="80" second="115" amount="-2"/><kerning first="80" second="65" amount="-4"/><kerning first="80" second="74" amount="-3"/><kerning first="80" second="86" amount="-3"/><kerning first="80" second="89" amount="-3"/><kerning first="80" second="90" amount="-1"/><kerning first="81" second="89" amount="-2"/><kerning first="84" second="97" amount="-2"/><kerning first="84" second="99" amount="-3"/><kerning first="84" second="101" amount="-3"/><kerning first="84" second="103" amount="-2"/><kerning first="84" second="109" amount="-1"/><kerning first="84" second="110" amount="-1"/><kerning first="84" second="111" amount="-3"/><kerning first="84" second="113" amount="-3"/><kerning first="84" second="114" amount="-1"/><kerning first="84" second="115" amount="-2"/><kerning first="84" second="117" amount="-3"/><kerning first="84" second="118" amount="-2"/><kerning first="84" second="119" amount="-2"/><kerning first="84" second="121" amount="-1"/><kerning first="84" second="65" amount="-2"/><kerning first="84" second="74" amount="-3"/><kerning first="86" second="97" amount="-3"/><kerning first="86" second="99" amount="-3"/><kerning first="86" second="100" amount="-3"/><kerning first="86" second="101" amount="-3"/><kerning first="86" second="103" amount="-3"/><kerning first="86" second="111" amount="-3"/><kerning first="86" second="113" amount="-3"/><kerning first="86" second="121" amount="-2"/><kerning first="86" second="65" amount="-3"/><kerning first="86" second="74" amount="-1"/><kerning first="87" second="97" amount="-1"/><kerning first="87" second="101" amount="-2"/><kerning first="87" second="65" amount="-3"/><kerning first="87" second="74" amount="-1"/><kerning first="87" second="79" amount="-1"/><kerning first="89" second="97" amount="-2"/><kerning first="89" second="99" amount="-3"/><kerning first="89" second="100" amount="-3"/><kerning first="89" second="101" amount="-3"/><kerning first="89" second="103" amount="-3"/><kerning first="89" second="109" amount="-3"/><kerning first="89" second="110" amount="-3"/><kerning first="89" second="111" amount="-3"/><kerning first="89" second="113" amount="-3"/><kerning first="89" second="114" amount="-2"/><kerning first="89" second="115" amount="-3"/><kerning first="89" second="120" amount="-2"/><kerning first="89" second="121" amount="-3"/><kerning first="89" second="122" amount="-1"/><kerning first="89" second="65" amount="-4"/><kerning first="89" second="74" amount="-3"/><kerning first="89" second="77" amount="-1"/><kerning first="89" second="81" amount="-1"/></kernings></font>