{"textures":[{"image":"bird-resources.png","format":"RGBA8888","size":{"w":1492,"h":505},"scale":1,"frames":[{"filename":"tile-28","rotated":false,"trimmed":true,"sourceSize":{"w":168,"h":171},"spriteSourceSize":{"x":2,"y":2,"w":164,"h":167},"frame":{"x":2,"y":2,"w":164,"h":167}},{"filename":"tile-13","rotated":false,"trimmed":true,"sourceSize":{"w":164,"h":167},"spriteSourceSize":{"x":2,"y":2,"w":160,"h":163},"frame":{"x":2,"y":172,"w":160,"h":163}},{"filename":"tile-23","rotated":false,"trimmed":true,"sourceSize":{"w":168,"h":162},"spriteSourceSize":{"x":2,"y":2,"w":164,"h":158},"frame":{"x":169,"y":2,"w":164,"h":158}},{"filename":"tile-11","rotated":false,"trimmed":true,"sourceSize":{"w":164,"h":164},"spriteSourceSize":{"x":2,"y":2,"w":160,"h":160},"frame":{"x":2,"y":338,"w":160,"h":160}},{"filename":"tile-27","rotated":false,"trimmed":true,"sourceSize":{"w":174,"h":145},"spriteSourceSize":{"x":2,"y":2,"w":172,"h":141},"frame":{"x":336,"y":2,"w":172,"h":141}},{"filename":"tile-24","rotated":false,"trimmed":true,"sourceSize":{"w":172,"h":143},"spriteSourceSize":{"x":2,"y":2,"w":168,"h":139},"frame":{"x":511,"y":2,"w":168,"h":139}},{"filename":"tile-6","rotated":false,"trimmed":true,"sourceSize":{"w":172,"h":141},"spriteSourceSize":{"x":2,"y":2,"w":168,"h":137},"frame":{"x":682,"y":2,"w":168,"h":137}},{"filename":"tile-18","rotated":false,"trimmed":true,"sourceSize":{"w":172,"h":139},"spriteSourceSize":{"x":2,"y":2,"w":168,"h":135},"frame":{"x":853,"y":2,"w":168,"h":135}},{"filename":"tile-19","rotated":false,"trimmed":true,"sourceSize":{"w":168,"h":150},"spriteSourceSize":{"x":2,"y":2,"w":164,"h":148},"frame":{"x":1024,"y":2,"w":164,"h":148}},{"filename":"tile-12","rotated":false,"trimmed":true,"sourceSize":{"w":162,"h":157},"spriteSourceSize":{"x":2,"y":2,"w":158,"h":153},"frame":{"x":1191,"y":2,"w":158,"h":153}},{"filename":"tile-1","rotated":false,"trimmed":true,"sourceSize":{"w":140,"h":164},"spriteSourceSize":{"x":2,"y":2,"w":136,"h":160},"frame":{"x":1352,"y":2,"w":136,"h":160}},{"filename":"tile-26","rotated":false,"trimmed":true,"sourceSize":{"w":174,"h":133},"spriteSourceSize":{"x":2,"y":2,"w":170,"h":129},"frame":{"x":336,"y":146,"w":170,"h":129}},{"filename":"tile-10","rotated":false,"trimmed":true,"sourceSize":{"w":168,"h":131},"spriteSourceSize":{"x":2,"y":2,"w":164,"h":127},"frame":{"x":169,"y":163,"w":164,"h":127}},{"filename":"tile-7","rotated":false,"trimmed":true,"sourceSize":{"w":156,"h":171},"spriteSourceSize":{"x":2,"y":2,"w":152,"h":167},"frame":{"x":165,"y":293,"w":152,"h":167}},{"filename":"tile-14","rotated":false,"trimmed":true,"sourceSize":{"w":172,"h":130},"spriteSourceSize":{"x":2,"y":2,"w":168,"h":126},"frame":{"x":853,"y":140,"w":168,"h":126}},{"filename":"tile-21","rotated":false,"trimmed":true,"sourceSize":{"w":168,"h":129},"spriteSourceSize":{"x":2,"y":2,"w":164,"h":125},"frame":{"x":1024,"y":153,"w":164,"h":125}},{"filename":"tile-16","rotated":false,"trimmed":true,"sourceSize":{"w":162,"h":153},"spriteSourceSize":{"x":2,"y":2,"w":158,"h":149},"frame":{"x":1191,"y":158,"w":158,"h":149}},{"filename":"tile-22","rotated":false,"trimmed":true,"sourceSize":{"w":136,"h":171},"spriteSourceSize":{"x":2,"y":2,"w":132,"h":167},"frame":{"x":1352,"y":165,"w":132,"h":167}},{"filename":"tile-3","rotated":false,"trimmed":true,"sourceSize":{"w":152,"h":172},"spriteSourceSize":{"x":2,"y":2,"w":148,"h":168},"frame":{"x":320,"y":335,"w":148,"h":168}},{"filename":"tile-25","rotated":false,"trimmed":true,"sourceSize":{"w":144,"h":172},"spriteSourceSize":{"x":2,"y":2,"w":140,"h":168},"frame":{"x":471,"y":335,"w":140,"h":168}},{"filename":"tile-4","rotated":false,"trimmed":true,"sourceSize":{"w":129,"h":172},"spriteSourceSize":{"x":2,"y":2,"w":125,"h":168},"frame":{"x":614,"y":335,"w":125,"h":168}},{"filename":"tile-5","rotated":false,"trimmed":true,"sourceSize":{"w":112,"h":174},"spriteSourceSize":{"x":2,"y":2,"w":108,"h":171},"frame":{"x":742,"y":142,"w":108,"h":171}},{"filename":"tile-9","rotated":false,"trimmed":true,"sourceSize":{"w":144,"h":174},"spriteSourceSize":{"x":2,"y":2,"w":140,"h":172},"frame":{"x":742,"y":316,"w":140,"h":172}},{"filename":"tile-20","rotated":false,"trimmed":true,"sourceSize":{"w":144,"h":173},"spriteSourceSize":{"x":2,"y":2,"w":140,"h":169},"frame":{"x":885,"y":310,"w":140,"h":169}},{"filename":"tile-15","rotated":false,"trimmed":true,"sourceSize":{"w":160,"h":157},"spriteSourceSize":{"x":2,"y":2,"w":156,"h":153},"frame":{"x":1028,"y":281,"w":156,"h":153}},{"filename":"tile-2","rotated":false,"trimmed":true,"sourceSize":{"w":156,"h":156},"spriteSourceSize":{"x":2,"y":2,"w":152,"h":152},"frame":{"x":1187,"y":310,"w":152,"h":152}},{"filename":"tile-8","rotated":false,"trimmed":true,"sourceSize":{"w":152,"h":165},"spriteSourceSize":{"x":2,"y":2,"w":148,"h":161},"frame":{"x":1342,"y":335,"w":148,"h":161}},{"filename":"tile-17","rotated":false,"trimmed":true,"sourceSize":{"w":144,"h":172},"spriteSourceSize":{"x":2,"y":2,"w":140,"h":167},"frame":{"x":511,"y":144,"w":140,"h":167}}]}],"meta":{"app":"https://www.codeandweb.com/texturepacker","version":"3.0","smartupdate":"$TexturePacker:SmartUpdate:d51b2e4c2f0726efcc2c0989c49a0942:0078c65f1d20be7676af4a1896667def:15ff6048a410e1dd8efaf15298606467$"}}