{"textures":[{"image":"default-resources.png","format":"RGBA8888","size":{"w":2019,"h":963},"scale":1,"frames":[{"filename":"popup/popup","rotated":false,"trimmed":false,"sourceSize":{"w":583,"h":748},"spriteSourceSize":{"x":0,"y":0,"w":583,"h":748},"frame":{"x":2,"y":2,"w":583,"h":748}},{"filename":"result-screen/ribbon","rotated":false,"trimmed":false,"sourceSize":{"w":731,"h":230},"spriteSourceSize":{"x":0,"y":0,"w":731,"h":230},"frame":{"x":588,"y":2,"w":731,"h":230}},{"filename":"logo/gift_white","rotated":false,"trimmed":true,"sourceSize":{"w":300,"h":300},"spriteSourceSize":{"x":15,"y":5,"w":273,"h":289},"frame":{"x":588,"y":235,"w":273,"h":289}},{"filename":"preloader/loading","rotated":false,"trimmed":false,"sourceSize":{"w":264,"h":264},"spriteSourceSize":{"x":0,"y":0,"w":264,"h":264},"frame":{"x":864,"y":235,"w":264,"h":264}},{"filename":"progress/circle-background","rotated":false,"trimmed":false,"sourceSize":{"w":258,"h":258},"spriteSourceSize":{"x":0,"y":0,"w":258,"h":258},"frame":{"x":1322,"y":2,"w":258,"h":258}},{"filename":"art/white-glow","rotated":false,"trimmed":false,"sourceSize":{"w":254,"h":265},"spriteSourceSize":{"x":0,"y":0,"w":254,"h":265},"frame":{"x":1583,"y":2,"w":254,"h":265}},{"filename":"buttons/orange","rotated":false,"trimmed":true,"sourceSize":{"w":382,"h":106},"spriteSourceSize":{"x":1,"y":1,"w":380,"h":104},"frame":{"x":2,"y":753,"w":380,"h":104}},{"filename":"buttons/button-bg","rotated":false,"trimmed":false,"sourceSize":{"w":368,"h":101},"spriteSourceSize":{"x":0,"y":0,"w":368,"h":101},"frame":{"x":2,"y":860,"w":368,"h":101}},{"filename":"logo/gift-ad","rotated":false,"trimmed":true,"sourceSize":{"w":300,"h":300},"spriteSourceSize":{"x":32,"y":23,"w":254,"h":269},"frame":{"x":588,"y":527,"w":254,"h":269}},{"filename":"result-screen/star","rotated":false,"trimmed":false,"sourceSize":{"w":152,"h":154},"spriteSourceSize":{"x":0,"y":0,"w":152,"h":154},"frame":{"x":1131,"y":235,"w":152,"h":154}},{"filename":"logo/gift","rotated":false,"trimmed":true,"sourceSize":{"w":300,"h":300},"spriteSourceSize":{"x":32,"y":23,"w":246,"h":266},"frame":{"x":1286,"y":263,"w":246,"h":266}},{"filename":"art/bg-light","rotated":false,"trimmed":false,"sourceSize":{"w":244,"h":244},"spriteSourceSize":{"x":0,"y":0,"w":244,"h":244},"frame":{"x":1535,"y":270,"w":244,"h":244}},{"filename":"buttons/blue-rounded-rect","rotated":false,"trimmed":true,"sourceSize":{"w":368,"h":101},"spriteSourceSize":{"x":4,"y":4,"w":360,"h":93},"frame":{"x":864,"y":502,"w":360,"h":93}},{"filename":"buttons/green-rounded-rect","rotated":false,"trimmed":true,"sourceSize":{"w":368,"h":101},"spriteSourceSize":{"x":4,"y":4,"w":360,"h":93},"frame":{"x":845,"y":598,"w":360,"h":93}},{"filename":"buttons/green","rotated":false,"trimmed":false,"sourceSize":{"w":360,"h":93},"spriteSourceSize":{"x":0,"y":0,"w":360,"h":93},"frame":{"x":845,"y":694,"w":360,"h":93}},{"filename":"buttons/yellow-rounded-rect","rotated":false,"trimmed":true,"sourceSize":{"w":368,"h":101},"spriteSourceSize":{"x":4,"y":4,"w":360,"h":93},"frame":{"x":845,"y":790,"w":360,"h":93}},{"filename":"texts/victory","rotated":false,"trimmed":false,"sourceSize":{"w":304,"h":62},"spriteSourceSize":{"x":0,"y":0,"w":304,"h":62},"frame":{"x":1227,"y":532,"w":304,"h":62}},{"filename":"texts/get-and-continue","rotated":false,"trimmed":false,"sourceSize":{"w":304,"h":37},"spriteSourceSize":{"x":0,"y":0,"w":304,"h":37},"frame":{"x":1227,"y":597,"w":304,"h":37}},{"filename":"progress/progress-circle","rotated":false,"trimmed":true,"sourceSize":{"w":258,"h":258},"spriteSourceSize":{"x":10,"y":10,"w":238,"h":238},"frame":{"x":1208,"y":637,"w":238,"h":238}},{"filename":"texts/russian/get-and-continue","rotated":false,"trimmed":false,"sourceSize":{"w":448,"h":35},"spriteSourceSize":{"x":0,"y":0,"w":448,"h":35},"frame":{"x":385,"y":799,"w":448,"h":35}},{"filename":"texts/russian/text-continue","rotated":false,"trimmed":false,"sourceSize":{"w":425,"h":56},"spriteSourceSize":{"x":0,"y":0,"w":425,"h":56},"frame":{"x":385,"y":837,"w":425,"h":56}},{"filename":"texts/japanese/text-continue","rotated":false,"trimmed":false,"sourceSize":{"w":375,"h":53},"spriteSourceSize":{"x":0,"y":0,"w":375,"h":53},"frame":{"x":373,"y":896,"w":375,"h":53}},{"filename":"texts/russian/text-failed","rotated":false,"trimmed":false,"sourceSize":{"w":362,"h":59},"spriteSourceSize":{"x":0,"y":0,"w":362,"h":59},"frame":{"x":813,"y":886,"w":362,"h":59}},{"filename":"texts/no-thank","rotated":false,"trimmed":false,"sourceSize":{"w":257,"h":49},"spriteSourceSize":{"x":0,"y":0,"w":257,"h":49},"frame":{"x":1535,"y":517,"w":257,"h":49}},{"filename":"texts/russian/victory","rotated":false,"trimmed":false,"sourceSize":{"w":266,"h":68},"spriteSourceSize":{"x":0,"y":0,"w":266,"h":68},"frame":{"x":1534,"y":569,"w":266,"h":68}},{"filename":"texts/text-continue","rotated":false,"trimmed":false,"sourceSize":{"w":327,"h":49},"spriteSourceSize":{"x":0,"y":0,"w":327,"h":49},"frame":{"x":1449,"y":640,"w":327,"h":49}},{"filename":"texts/text-failed","rotated":false,"trimmed":false,"sourceSize":{"w":236,"h":60},"spriteSourceSize":{"x":0,"y":0,"w":236,"h":60},"frame":{"x":1449,"y":692,"w":236,"h":60}},{"filename":"texts/japanese/text-pause","rotated":false,"trimmed":false,"sourceSize":{"w":224,"h":59},"spriteSourceSize":{"x":0,"y":0,"w":224,"h":59},"frame":{"x":1449,"y":755,"w":224,"h":59}},{"filename":"texts/rocket","rotated":false,"trimmed":false,"sourceSize":{"w":230,"h":49},"spriteSourceSize":{"x":0,"y":0,"w":230,"h":49},"frame":{"x":1449,"y":817,"w":230,"h":49}},{"filename":"icons/bomb","rotated":false,"trimmed":false,"sourceSize":{"w":114,"h":125},"spriteSourceSize":{"x":0,"y":0,"w":114,"h":125},"frame":{"x":1840,"y":2,"w":114,"h":125}},{"filename":"texts/russian/rocket","rotated":false,"trimmed":false,"sourceSize":{"w":219,"h":49},"spriteSourceSize":{"x":0,"y":0,"w":219,"h":49},"frame":{"x":1449,"y":869,"w":219,"h":49}},{"filename":"texts/japanese/get-and-continue","rotated":false,"trimmed":false,"sourceSize":{"w":216,"h":44},"spriteSourceSize":{"x":0,"y":0,"w":216,"h":44},"frame":{"x":1208,"y":878,"w":216,"h":44}},{"filename":"texts/russian/text-replay","rotated":false,"trimmed":false,"sourceSize":{"w":150,"h":36},"spriteSourceSize":{"x":0,"y":0,"w":150,"h":36},"frame":{"x":1178,"y":925,"w":150,"h":36}},{"filename":"buttons/green-small","rotated":false,"trimmed":false,"sourceSize":{"w":126,"h":40},"spriteSourceSize":{"x":0,"y":0,"w":126,"h":40},"frame":{"x":1427,"y":921,"w":126,"h":40}},{"filename":"texts/japanese/text-failed","rotated":false,"trimmed":false,"sourceSize":{"w":140,"h":74},"spriteSourceSize":{"x":0,"y":0,"w":140,"h":74},"frame":{"x":1131,"y":392,"w":140,"h":74}},{"filename":"blank","rotated":false,"trimmed":false,"sourceSize":{"w":100,"h":100},"spriteSourceSize":{"x":0,"y":0,"w":100,"h":100},"frame":{"x":1840,"y":130,"w":100,"h":100}},{"filename":"icons/timeout-clock","rotated":false,"trimmed":false,"sourceSize":{"w":79,"h":109},"spriteSourceSize":{"x":0,"y":0,"w":79,"h":109},"frame":{"x":1782,"y":270,"w":79,"h":109}},{"filename":"icons/music-off","rotated":false,"trimmed":false,"sourceSize":{"w":90,"h":90},"spriteSourceSize":{"x":0,"y":0,"w":90,"h":90},"frame":{"x":1782,"y":382,"w":90,"h":90}},{"filename":"texts/text-replay","rotated":false,"trimmed":false,"sourceSize":{"w":118,"h":37},"spriteSourceSize":{"x":0,"y":0,"w":118,"h":37},"frame":{"x":385,"y":753,"w":118,"h":37}},{"filename":"icons/music-on","rotated":false,"trimmed":false,"sourceSize":{"w":90,"h":90},"spriteSourceSize":{"x":0,"y":0,"w":90,"h":90},"frame":{"x":1688,"y":692,"w":90,"h":90}},{"filename":"icons/sound-off","rotated":false,"trimmed":false,"sourceSize":{"w":90,"h":90},"spriteSourceSize":{"x":0,"y":0,"w":90,"h":90},"frame":{"x":1682,"y":785,"w":90,"h":90}},{"filename":"buttons/green-small-bg","rotated":false,"trimmed":false,"sourceSize":{"w":134,"h":48},"spriteSourceSize":{"x":0,"y":0,"w":134,"h":48},"frame":{"x":1671,"y":878,"w":134,"h":48}},{"filename":"icons/sound-on","rotated":false,"trimmed":false,"sourceSize":{"w":90,"h":90},"spriteSourceSize":{"x":0,"y":0,"w":90,"h":90},"frame":{"x":1864,"y":233,"w":90,"h":90}},{"filename":"texts/russian/boom","rotated":false,"trimmed":false,"sourceSize":{"w":126,"h":49},"spriteSourceSize":{"x":0,"y":0,"w":126,"h":49},"frame":{"x":1864,"y":326,"w":126,"h":49}},{"filename":"texts/japanese/victory","rotated":false,"trimmed":false,"sourceSize":{"w":135,"h":71},"spriteSourceSize":{"x":0,"y":0,"w":135,"h":71},"frame":{"x":1875,"y":378,"w":135,"h":71}},{"filename":"texts/japanese/text-replay","rotated":false,"trimmed":false,"sourceSize":{"w":134,"h":45},"spriteSourceSize":{"x":0,"y":0,"w":134,"h":45},"frame":{"x":1875,"y":452,"w":134,"h":45}},{"filename":"texts/japanese/rocket","rotated":false,"trimmed":false,"sourceSize":{"w":198,"h":58},"spriteSourceSize":{"x":0,"y":0,"w":198,"h":58},"frame":{"x":1795,"y":500,"w":198,"h":58}},{"filename":"texts/russian/text-pause","rotated":false,"trimmed":false,"sourceSize":{"w":201,"h":51},"spriteSourceSize":{"x":0,"y":0,"w":201,"h":51},"frame":{"x":1803,"y":561,"w":201,"h":51}},{"filename":"texts/text-pause","rotated":false,"trimmed":false,"sourceSize":{"w":188,"h":49},"spriteSourceSize":{"x":0,"y":0,"w":188,"h":49},"frame":{"x":1803,"y":615,"w":188,"h":49}},{"filename":"texts/japanese/boom","rotated":false,"trimmed":false,"sourceSize":{"w":170,"h":63},"spriteSourceSize":{"x":0,"y":0,"w":170,"h":63},"frame":{"x":1781,"y":667,"w":170,"h":63}},{"filename":"texts/boom","rotated":false,"trimmed":false,"sourceSize":{"w":172,"h":49},"spriteSourceSize":{"x":0,"y":0,"w":172,"h":49},"frame":{"x":1781,"y":733,"w":172,"h":49}},{"filename":"icons/vibrate-off","rotated":false,"trimmed":false,"sourceSize":{"w":90,"h":90},"spriteSourceSize":{"x":0,"y":0,"w":90,"h":90},"frame":{"x":1775,"y":785,"w":90,"h":90}},{"filename":"icons/vibrate-on","rotated":false,"trimmed":false,"sourceSize":{"w":90,"h":90},"spriteSourceSize":{"x":0,"y":0,"w":90,"h":90},"frame":{"x":1868,"y":785,"w":90,"h":90}},{"filename":"texts/x2","rotated":false,"trimmed":false,"sourceSize":{"w":84,"h":54},"spriteSourceSize":{"x":0,"y":0,"w":84,"h":54},"frame":{"x":1808,"y":878,"w":84,"h":54}},{"filename":"icons/lose","rotated":false,"trimmed":true,"sourceSize":{"w":58,"h":61},"spriteSourceSize":{"x":1,"y":0,"w":57,"h":61},"frame":{"x":1957,"y":2,"w":57,"h":61}},{"filename":"buttons/close","rotated":false,"trimmed":false,"sourceSize":{"w":76,"h":78},"spriteSourceSize":{"x":0,"y":0,"w":76,"h":78},"frame":{"x":1895,"y":878,"w":76,"h":78}},{"filename":"icons/clock","rotated":false,"trimmed":true,"sourceSize":{"w":56,"h":56},"spriteSourceSize":{"x":1,"y":1,"w":54,"h":55},"frame":{"x":1957,"y":66,"w":54,"h":55}},{"filename":"icons/invite","rotated":false,"trimmed":false,"sourceSize":{"w":54,"h":55},"spriteSourceSize":{"x":0,"y":0,"w":54,"h":55},"frame":{"x":751,"y":896,"w":54,"h":55}},{"filename":"icons/ads","rotated":false,"trimmed":false,"sourceSize":{"w":61,"h":66},"spriteSourceSize":{"x":0,"y":0,"w":61,"h":66},"frame":{"x":1956,"y":667,"w":61,"h":66}},{"filename":"buttons/red-circle","rotated":false,"trimmed":false,"sourceSize":{"w":71,"h":71},"spriteSourceSize":{"x":0,"y":0,"w":71,"h":71},"frame":{"x":1943,"y":130,"w":71,"h":71}},{"filename":"icons/restart","rotated":false,"trimmed":false,"sourceSize":{"w":50,"h":54},"spriteSourceSize":{"x":0,"y":0,"w":50,"h":54},"frame":{"x":1957,"y":204,"w":50,"h":54}},{"filename":"icons/continue","rotated":false,"trimmed":false,"sourceSize":{"w":42,"h":52},"spriteSourceSize":{"x":0,"y":0,"w":42,"h":52},"frame":{"x":1957,"y":261,"w":42,"h":52}},{"filename":"icons/x","rotated":false,"trimmed":false,"sourceSize":{"w":30,"h":33},"spriteSourceSize":{"x":0,"y":0,"w":30,"h":33},"frame":{"x":1331,"y":925,"w":30,"h":33}}]}],"meta":{"app":"https://www.codeandweb.com/texturepacker","version":"3.0","smartupdate":"$TexturePacker:SmartUpdate:e18ecc5afe41f4cd0314c7145de87044:4d25e239a6a66c430358b05ef74b51c6:3ed7f446b7e32ba5f09387362d473a40$"}}