{"textures":[{"image":"flower-resources.png","format":"RGBA8888","size":{"w":997,"h":367},"scale":1,"frames":[{"filename":"tile-24","rotated":false,"trimmed":true,"sourceSize":{"w":100,"h":100},"spriteSourceSize":{"x":2,"y":0,"w":94,"h":96},"frame":{"x":2,"y":2,"w":94,"h":96}},{"filename":"tile-32","rotated":false,"trimmed":true,"sourceSize":{"w":100,"h":100},"spriteSourceSize":{"x":6,"y":3,"w":90,"h":93},"frame":{"x":2,"y":101,"w":90,"h":93}},{"filename":"tile-30","rotated":false,"trimmed":true,"sourceSize":{"w":100,"h":100},"spriteSourceSize":{"x":5,"y":6,"w":92,"h":92},"frame":{"x":2,"y":197,"w":92,"h":92}},{"filename":"tile-11","rotated":false,"trimmed":true,"sourceSize":{"w":100,"h":100},"spriteSourceSize":{"x":8,"y":14,"w":87,"h":73},"frame":{"x":2,"y":292,"w":87,"h":73}},{"filename":"tile-2","rotated":false,"trimmed":true,"sourceSize":{"w":100,"h":100},"spriteSourceSize":{"x":7,"y":7,"w":88,"h":91},"frame":{"x":95,"y":101,"w":88,"h":91}},{"filename":"tile-13","rotated":false,"trimmed":true,"sourceSize":{"w":100,"h":100},"spriteSourceSize":{"x":6,"y":8,"w":80,"h":91},"frame":{"x":99,"y":2,"w":80,"h":91}},{"filename":"tile-28","rotated":false,"trimmed":true,"sourceSize":{"w":100,"h":100},"spriteSourceSize":{"x":6,"y":7,"w":91,"h":90},"frame":{"x":182,"y":2,"w":91,"h":90}},{"filename":"tile-31","rotated":false,"trimmed":true,"sourceSize":{"w":100,"h":100},"spriteSourceSize":{"x":6,"y":7,"w":91,"h":90},"frame":{"x":97,"y":195,"w":91,"h":90}},{"filename":"tile-16","rotated":false,"trimmed":true,"sourceSize":{"w":100,"h":100},"spriteSourceSize":{"x":7,"y":14,"w":89,"h":77},"frame":{"x":97,"y":288,"w":89,"h":77}},{"filename":"tile-33","rotated":false,"trimmed":true,"sourceSize":{"w":100,"h":100},"spriteSourceSize":{"x":6,"y":7,"w":91,"h":90},"frame":{"x":186,"y":95,"w":91,"h":90}},{"filename":"tile-35","rotated":false,"trimmed":true,"sourceSize":{"w":100,"h":100},"spriteSourceSize":{"x":6,"y":7,"w":91,"h":90},"frame":{"x":276,"y":2,"w":91,"h":90}},{"filename":"tile-21","rotated":false,"trimmed":true,"sourceSize":{"w":100,"h":100},"spriteSourceSize":{"x":16,"y":8,"w":70,"h":90},"frame":{"x":191,"y":188,"w":70,"h":90}},{"filename":"tile-7","rotated":false,"trimmed":true,"sourceSize":{"w":100,"h":100},"spriteSourceSize":{"x":5,"y":11,"w":91,"h":84},"frame":{"x":191,"y":281,"w":91,"h":84}},{"filename":"tile-39","rotated":false,"trimmed":true,"sourceSize":{"w":100,"h":100},"spriteSourceSize":{"x":6,"y":7,"w":91,"h":89},"frame":{"x":264,"y":188,"w":91,"h":89}},{"filename":"tile-44","rotated":false,"trimmed":true,"sourceSize":{"w":100,"h":100},"spriteSourceSize":{"x":7,"y":10,"w":90,"h":85},"frame":{"x":285,"y":280,"w":90,"h":85}},{"filename":"tile-15","rotated":false,"trimmed":true,"sourceSize":{"w":100,"h":100},"spriteSourceSize":{"x":6,"y":8,"w":90,"h":89},"frame":{"x":280,"y":95,"w":90,"h":89}},{"filename":"tile-26","rotated":false,"trimmed":true,"sourceSize":{"w":100,"h":100},"spriteSourceSize":{"x":7,"y":6,"w":88,"h":89},"frame":{"x":370,"y":2,"w":88,"h":89}},{"filename":"tile-36","rotated":false,"trimmed":true,"sourceSize":{"w":100,"h":100},"spriteSourceSize":{"x":9,"y":8,"w":85,"h":89},"frame":{"x":358,"y":187,"w":85,"h":89}},{"filename":"tile-22","rotated":false,"trimmed":true,"sourceSize":{"w":100,"h":100},"spriteSourceSize":{"x":5,"y":9,"w":92,"h":86},"frame":{"x":378,"y":279,"w":92,"h":86}},{"filename":"tile-20","rotated":false,"trimmed":true,"sourceSize":{"w":100,"h":100},"spriteSourceSize":{"x":9,"y":7,"w":84,"h":89},"frame":{"x":373,"y":94,"w":84,"h":89}},{"filename":"tile-25","rotated":false,"trimmed":true,"sourceSize":{"w":100,"h":100},"spriteSourceSize":{"x":7,"y":8,"w":89,"h":88},"frame":{"x":446,"y":186,"w":89,"h":88}},{"filename":"tile-42","rotated":false,"trimmed":true,"sourceSize":{"w":100,"h":100},"spriteSourceSize":{"x":7,"y":8,"w":89,"h":88},"frame":{"x":473,"y":277,"w":89,"h":88}},{"filename":"tile-14","rotated":false,"trimmed":true,"sourceSize":{"w":100,"h":100},"spriteSourceSize":{"x":7,"y":8,"w":88,"h":88},"frame":{"x":460,"y":94,"w":88,"h":88}},{"filename":"tile-5","rotated":false,"trimmed":true,"sourceSize":{"w":100,"h":100},"spriteSourceSize":{"x":11,"y":8,"w":80,"h":88},"frame":{"x":538,"y":185,"w":80,"h":88}},{"filename":"tile-23","rotated":false,"trimmed":true,"sourceSize":{"w":100,"h":100},"spriteSourceSize":{"x":6,"y":10,"w":89,"h":87},"frame":{"x":565,"y":276,"w":89,"h":87}},{"filename":"tile-18","rotated":false,"trimmed":true,"sourceSize":{"w":100,"h":100},"spriteSourceSize":{"x":8,"y":8,"w":88,"h":87},"frame":{"x":461,"y":2,"w":88,"h":87}},{"filename":"tile-8","rotated":false,"trimmed":true,"sourceSize":{"w":100,"h":100},"spriteSourceSize":{"x":8,"y":9,"w":86,"h":87},"frame":{"x":551,"y":92,"w":86,"h":87}},{"filename":"tile-6","rotated":false,"trimmed":true,"sourceSize":{"w":100,"h":100},"spriteSourceSize":{"x":9,"y":9,"w":85,"h":87},"frame":{"x":552,"y":2,"w":85,"h":87}},{"filename":"tile-37","rotated":false,"trimmed":true,"sourceSize":{"w":100,"h":100},"spriteSourceSize":{"x":7,"y":9,"w":89,"h":86},"frame":{"x":621,"y":182,"w":89,"h":86}},{"filename":"tile-34","rotated":false,"trimmed":true,"sourceSize":{"w":100,"h":100},"spriteSourceSize":{"x":8,"y":9,"w":85,"h":86},"frame":{"x":657,"y":271,"w":85,"h":86}},{"filename":"tile-17","rotated":false,"trimmed":true,"sourceSize":{"w":100,"h":100},"spriteSourceSize":{"x":12,"y":9,"w":78,"h":86},"frame":{"x":640,"y":2,"w":78,"h":86}},{"filename":"tile-29","rotated":false,"trimmed":true,"sourceSize":{"w":100,"h":100},"spriteSourceSize":{"x":16,"y":9,"w":71,"h":86},"frame":{"x":640,"y":91,"w":71,"h":86}},{"filename":"tile-38","rotated":false,"trimmed":true,"sourceSize":{"w":100,"h":100},"spriteSourceSize":{"x":6,"y":10,"w":90,"h":84},"frame":{"x":713,"y":180,"w":90,"h":84}},{"filename":"tile-43","rotated":false,"trimmed":true,"sourceSize":{"w":100,"h":100},"spriteSourceSize":{"x":6,"y":11,"w":91,"h":83},"frame":{"x":714,"y":91,"w":91,"h":83}},{"filename":"tile-12","rotated":false,"trimmed":true,"sourceSize":{"w":100,"h":100},"spriteSourceSize":{"x":7,"y":11,"w":88,"h":82},"frame":{"x":721,"y":2,"w":88,"h":82}},{"filename":"tile-3","rotated":false,"trimmed":true,"sourceSize":{"w":100,"h":100},"spriteSourceSize":{"x":8,"y":11,"w":87,"h":82},"frame":{"x":745,"y":267,"w":87,"h":82}},{"filename":"tile-1","rotated":false,"trimmed":true,"sourceSize":{"w":100,"h":100},"spriteSourceSize":{"x":9,"y":12,"w":84,"h":82},"frame":{"x":806,"y":177,"w":84,"h":82}},{"filename":"tile-4","rotated":false,"trimmed":true,"sourceSize":{"w":100,"h":100},"spriteSourceSize":{"x":10,"y":11,"w":81,"h":82},"frame":{"x":808,"y":87,"w":81,"h":82}},{"filename":"tile-19","rotated":false,"trimmed":true,"sourceSize":{"w":100,"h":100},"spriteSourceSize":{"x":6,"y":11,"w":89,"h":81},"frame":{"x":812,"y":2,"w":89,"h":81}},{"filename":"tile-27","rotated":false,"trimmed":true,"sourceSize":{"w":100,"h":100},"spriteSourceSize":{"x":8,"y":12,"w":87,"h":81},"frame":{"x":892,"y":86,"w":87,"h":81}},{"filename":"tile-41","rotated":false,"trimmed":true,"sourceSize":{"w":100,"h":100},"spriteSourceSize":{"x":9,"y":15,"w":84,"h":80},"frame":{"x":904,"y":2,"w":84,"h":80}},{"filename":"tile-9","rotated":false,"trimmed":true,"sourceSize":{"w":100,"h":100},"spriteSourceSize":{"x":7,"y":10,"w":89,"h":78},"frame":{"x":893,"y":170,"w":89,"h":78}},{"filename":"tile-10","rotated":false,"trimmed":true,"sourceSize":{"w":100,"h":100},"spriteSourceSize":{"x":11,"y":13,"w":80,"h":79},"frame":{"x":835,"y":262,"w":80,"h":79}},{"filename":"tile-40","rotated":false,"trimmed":true,"sourceSize":{"w":100,"h":100},"spriteSourceSize":{"x":14,"y":12,"w":77,"h":79},"frame":{"x":918,"y":251,"w":77,"h":79}}]}],"meta":{"app":"https://www.codeandweb.com/texturepacker","version":"3.0","smartupdate":"$TexturePacker:SmartUpdate:1b3c1f2dc79e45f2f5e4d7f3533e1b2f:160af884167e6f94c6bc03c48fc3a992:46cf23d7d3a25ca30e135c3228e0a1ea$"}}