{"textures":[{"image":"gameplay-resources-0.png","format":"RGBA8888","size":{"w":2040,"h":949},"scale":1,"frames":[{"filename":"progress/bar-combo","rotated":false,"trimmed":false,"sourceSize":{"w":168,"h":10},"spriteSourceSize":{"x":0,"y":0,"w":168,"h":10},"frame":{"x":1,"y":1,"w":168,"h":10}},{"filename":"progress/bg-combo","rotated":false,"trimmed":false,"sourceSize":{"w":174,"h":15},"spriteSourceSize":{"x":0,"y":0,"w":174,"h":15},"frame":{"x":171,"y":1,"w":174,"h":15}},{"filename":"progress/bar-left","rotated":false,"trimmed":false,"sourceSize":{"w":11,"h":25},"spriteSourceSize":{"x":0,"y":0,"w":11,"h":25},"frame":{"x":347,"y":1,"w":11,"h":25}},{"filename":"progress/bar-mid","rotated":false,"trimmed":false,"sourceSize":{"w":33,"h":25},"spriteSourceSize":{"x":0,"y":0,"w":33,"h":25},"frame":{"x":360,"y":1,"w":33,"h":25}},{"filename":"progress/bar-right","rotated":false,"trimmed":false,"sourceSize":{"w":11,"h":25},"spriteSourceSize":{"x":0,"y":0,"w":11,"h":25},"frame":{"x":395,"y":1,"w":11,"h":25}},{"filename":"effect/spark","rotated":false,"trimmed":false,"sourceSize":{"w":32,"h":32},"spriteSourceSize":{"x":0,"y":0,"w":32,"h":32},"frame":{"x":408,"y":1,"w":32,"h":32}},{"filename":"icons/bomb","rotated":false,"trimmed":false,"sourceSize":{"w":30,"h":32},"spriteSourceSize":{"x":0,"y":0,"w":30,"h":32},"frame":{"x":442,"y":1,"w":30,"h":32}},{"filename":"items/bg-amount","rotated":false,"trimmed":false,"sourceSize":{"w":44,"h":32},"spriteSourceSize":{"x":0,"y":0,"w":44,"h":32},"frame":{"x":474,"y":1,"w":44,"h":32}},{"filename":"items/note-free","rotated":false,"trimmed":false,"sourceSize":{"w":66,"h":32},"spriteSourceSize":{"x":0,"y":0,"w":66,"h":32},"frame":{"x":520,"y":1,"w":66,"h":32}},{"filename":"items/note-invite","rotated":false,"trimmed":false,"sourceSize":{"w":84,"h":32},"spriteSourceSize":{"x":0,"y":0,"w":84,"h":32},"frame":{"x":588,"y":1,"w":84,"h":32}},{"filename":"items/note-lock","rotated":false,"trimmed":false,"sourceSize":{"w":44,"h":32},"spriteSourceSize":{"x":0,"y":0,"w":44,"h":32},"frame":{"x":674,"y":1,"w":44,"h":32}},{"filename":"icons/pause","rotated":false,"trimmed":false,"sourceSize":{"w":29,"h":33},"spriteSourceSize":{"x":0,"y":0,"w":29,"h":33},"frame":{"x":720,"y":1,"w":29,"h":33}},{"filename":"timer/bg","rotated":false,"trimmed":false,"sourceSize":{"w":109,"h":38},"spriteSourceSize":{"x":0,"y":0,"w":109,"h":38},"frame":{"x":751,"y":1,"w":109,"h":38}},{"filename":"dev-tool/arrow","rotated":false,"trimmed":false,"sourceSize":{"w":50,"h":50},"spriteSourceSize":{"x":0,"y":0,"w":50,"h":50},"frame":{"x":862,"y":1,"w":50,"h":50}},{"filename":"dev-tool/bomb","rotated":false,"trimmed":false,"sourceSize":{"w":50,"h":50},"spriteSourceSize":{"x":0,"y":0,"w":50,"h":50},"frame":{"x":914,"y":1,"w":50,"h":50}},{"filename":"dev-tool/clock","rotated":false,"trimmed":false,"sourceSize":{"w":50,"h":50},"spriteSourceSize":{"x":0,"y":0,"w":50,"h":50},"frame":{"x":966,"y":1,"w":50,"h":50}},{"filename":"dev-tool/hand","rotated":false,"trimmed":false,"sourceSize":{"w":50,"h":50},"spriteSourceSize":{"x":0,"y":0,"w":50,"h":50},"frame":{"x":1018,"y":1,"w":50,"h":50}},{"filename":"dev-tool/lose","rotated":false,"trimmed":false,"sourceSize":{"w":50,"h":50},"spriteSourceSize":{"x":0,"y":0,"w":50,"h":50},"frame":{"x":1070,"y":1,"w":50,"h":50}},{"filename":"dev-tool/new-game","rotated":false,"trimmed":false,"sourceSize":{"w":50,"h":50},"spriteSourceSize":{"x":0,"y":0,"w":50,"h":50},"frame":{"x":1122,"y":1,"w":50,"h":50}},{"filename":"dev-tool/reset","rotated":false,"trimmed":false,"sourceSize":{"w":50,"h":50},"spriteSourceSize":{"x":0,"y":0,"w":50,"h":50},"frame":{"x":1174,"y":1,"w":50,"h":50}},{"filename":"effect/hint-line-dot","rotated":false,"trimmed":false,"sourceSize":{"w":50,"h":50},"spriteSourceSize":{"x":0,"y":0,"w":50,"h":50},"frame":{"x":1226,"y":1,"w":50,"h":50}},{"filename":"effect/trail-star","rotated":false,"trimmed":true,"sourceSize":{"w":56,"h":56},"spriteSourceSize":{"x":1,"y":1,"w":54,"h":54},"frame":{"x":1278,"y":1,"w":54,"h":54}},{"filename":"progress/bar-star","rotated":false,"trimmed":false,"sourceSize":{"w":325,"h":59},"spriteSourceSize":{"x":0,"y":0,"w":325,"h":59},"frame":{"x":1334,"y":1,"w":325,"h":59}},{"filename":"effect/bottom-tile-fragment","rotated":false,"trimmed":true,"sourceSize":{"w":108,"h":112},"spriteSourceSize":{"x":26,"y":50,"w":82,"h":62},"frame":{"x":1661,"y":1,"w":82,"h":62}},{"filename":"items/share","rotated":false,"trimmed":false,"sourceSize":{"w":57,"h":65},"spriteSourceSize":{"x":0,"y":0,"w":57,"h":65},"frame":{"x":1745,"y":1,"w":57,"h":65}},{"filename":"items/shuffle-lock","rotated":false,"trimmed":true,"sourceSize":{"w":53,"h":71},"spriteSourceSize":{"x":0,"y":6,"w":53,"h":65},"frame":{"x":1804,"y":1,"w":53,"h":65}},{"filename":"items/shuffle","rotated":false,"trimmed":true,"sourceSize":{"w":53,"h":71},"spriteSourceSize":{"x":0,"y":6,"w":53,"h":65},"frame":{"x":1859,"y":1,"w":53,"h":65}},{"filename":"items/rocket-lock","rotated":false,"trimmed":true,"sourceSize":{"w":46,"h":72},"spriteSourceSize":{"x":0,"y":6,"w":46,"h":66},"frame":{"x":1914,"y":1,"w":46,"h":66}},{"filename":"items/rocket","rotated":false,"trimmed":true,"sourceSize":{"w":46,"h":72},"spriteSourceSize":{"x":0,"y":6,"w":46,"h":66},"frame":{"x":1962,"y":1,"w":46,"h":66}},{"filename":"effect/right-tile-fragment","rotated":false,"trimmed":true,"sourceSize":{"w":108,"h":112},"spriteSourceSize":{"x":65,"y":0,"w":43,"h":67},"frame":{"x":1,"y":69,"w":43,"h":67}},{"filename":"effect/top-tile-fragment","rotated":false,"trimmed":true,"sourceSize":{"w":108,"h":112},"spriteSourceSize":{"x":24,"y":0,"w":71,"h":67},"frame":{"x":46,"y":69,"w":71,"h":67}},{"filename":"icons/clock","rotated":false,"trimmed":false,"sourceSize":{"w":56,"h":67},"spriteSourceSize":{"x":0,"y":0,"w":56,"h":67},"frame":{"x":119,"y":69,"w":56,"h":67}},{"filename":"items/hint-lock","rotated":false,"trimmed":true,"sourceSize":{"w":53,"h":73},"spriteSourceSize":{"x":0,"y":6,"w":53,"h":67},"frame":{"x":177,"y":69,"w":53,"h":67}},{"filename":"items/hint","rotated":false,"trimmed":true,"sourceSize":{"w":53,"h":73},"spriteSourceSize":{"x":0,"y":6,"w":53,"h":67},"frame":{"x":232,"y":69,"w":53,"h":67}},{"filename":"items/defuse-lock","rotated":false,"trimmed":false,"sourceSize":{"w":52,"h":69},"spriteSourceSize":{"x":0,"y":0,"w":52,"h":69},"frame":{"x":287,"y":69,"w":52,"h":69}},{"filename":"items/defuse","rotated":false,"trimmed":false,"sourceSize":{"w":52,"h":69},"spriteSourceSize":{"x":0,"y":0,"w":52,"h":69},"frame":{"x":341,"y":69,"w":52,"h":69}},{"filename":"buttons/yellow-circle","rotated":false,"trimmed":false,"sourceSize":{"w":74,"h":74},"spriteSourceSize":{"x":0,"y":0,"w":74,"h":74},"frame":{"x":395,"y":69,"w":74,"h":74}},{"filename":"tiles/change","rotated":false,"trimmed":false,"sourceSize":{"w":74,"h":74},"spriteSourceSize":{"x":0,"y":0,"w":74,"h":74},"frame":{"x":471,"y":69,"w":74,"h":74}},{"filename":"effect/short-rocket","rotated":false,"trimmed":false,"sourceSize":{"w":107,"h":78},"spriteSourceSize":{"x":0,"y":0,"w":107,"h":78},"frame":{"x":547,"y":69,"w":107,"h":78}},{"filename":"effect/circle","rotated":false,"trimmed":false,"sourceSize":{"w":81,"h":81},"spriteSourceSize":{"x":0,"y":0,"w":81,"h":81},"frame":{"x":656,"y":69,"w":81,"h":81}},{"filename":"buttons/wood-small","rotated":false,"trimmed":false,"sourceSize":{"w":196,"h":84},"spriteSourceSize":{"x":0,"y":0,"w":196,"h":84},"frame":{"x":739,"y":69,"w":196,"h":84}},{"filename":"tiles/rocket","rotated":false,"trimmed":true,"sourceSize":{"w":108,"h":112},"spriteSourceSize":{"x":24,"y":11,"w":78,"h":89},"frame":{"x":937,"y":69,"w":78,"h":89}},{"filename":"items/bg-item","rotated":false,"trimmed":false,"sourceSize":{"w":96,"h":98},"spriteSourceSize":{"x":0,"y":0,"w":96,"h":98},"frame":{"x":1017,"y":69,"w":96,"h":98}},{"filename":"items/bg-item-lock","rotated":false,"trimmed":false,"sourceSize":{"w":96,"h":99},"spriteSourceSize":{"x":0,"y":0,"w":96,"h":99},"frame":{"x":1115,"y":69,"w":96,"h":99}},{"filename":"blank","rotated":false,"trimmed":false,"sourceSize":{"w":100,"h":100},"spriteSourceSize":{"x":0,"y":0,"w":100,"h":100},"frame":{"x":1213,"y":69,"w":100,"h":100}},{"filename":"effect/tile-highlight/highlight-0","rotated":false,"trimmed":false,"sourceSize":{"w":100,"h":100},"spriteSourceSize":{"x":0,"y":0,"w":100,"h":100},"frame":{"x":1315,"y":69,"w":100,"h":100}},{"filename":"effect/tile-highlight/highlight-1","rotated":false,"trimmed":false,"sourceSize":{"w":100,"h":100},"spriteSourceSize":{"x":0,"y":0,"w":100,"h":100},"frame":{"x":1417,"y":69,"w":100,"h":100}},{"filename":"effect/tile-highlight/highlight-10","rotated":false,"trimmed":false,"sourceSize":{"w":100,"h":100},"spriteSourceSize":{"x":0,"y":0,"w":100,"h":100},"frame":{"x":1519,"y":69,"w":100,"h":100}},{"filename":"effect/tile-highlight/highlight-11","rotated":false,"trimmed":false,"sourceSize":{"w":100,"h":100},"spriteSourceSize":{"x":0,"y":0,"w":100,"h":100},"frame":{"x":1621,"y":69,"w":100,"h":100}},{"filename":"effect/tile-highlight/highlight-12","rotated":false,"trimmed":false,"sourceSize":{"w":100,"h":100},"spriteSourceSize":{"x":0,"y":0,"w":100,"h":100},"frame":{"x":1723,"y":69,"w":100,"h":100}},{"filename":"effect/tile-highlight/highlight-13","rotated":false,"trimmed":false,"sourceSize":{"w":100,"h":100},"spriteSourceSize":{"x":0,"y":0,"w":100,"h":100},"frame":{"x":1825,"y":69,"w":100,"h":100}},{"filename":"effect/tile-highlight/highlight-14","rotated":false,"trimmed":false,"sourceSize":{"w":100,"h":100},"spriteSourceSize":{"x":0,"y":0,"w":100,"h":100},"frame":{"x":1927,"y":69,"w":100,"h":100}},{"filename":"effect/tile-highlight/highlight-15","rotated":false,"trimmed":false,"sourceSize":{"w":100,"h":100},"spriteSourceSize":{"x":0,"y":0,"w":100,"h":100},"frame":{"x":1,"y":171,"w":100,"h":100}},{"filename":"effect/tile-highlight/highlight-16","rotated":false,"trimmed":false,"sourceSize":{"w":100,"h":100},"spriteSourceSize":{"x":0,"y":0,"w":100,"h":100},"frame":{"x":103,"y":171,"w":100,"h":100}},{"filename":"effect/tile-highlight/highlight-17","rotated":false,"trimmed":false,"sourceSize":{"w":100,"h":100},"spriteSourceSize":{"x":0,"y":0,"w":100,"h":100},"frame":{"x":205,"y":171,"w":100,"h":100}},{"filename":"effect/tile-highlight/highlight-18","rotated":false,"trimmed":false,"sourceSize":{"w":100,"h":100},"spriteSourceSize":{"x":0,"y":0,"w":100,"h":100},"frame":{"x":307,"y":171,"w":100,"h":100}},{"filename":"effect/tile-highlight/highlight-19","rotated":false,"trimmed":false,"sourceSize":{"w":100,"h":100},"spriteSourceSize":{"x":0,"y":0,"w":100,"h":100},"frame":{"x":409,"y":171,"w":100,"h":100}},{"filename":"effect/tile-highlight/highlight-2","rotated":false,"trimmed":false,"sourceSize":{"w":100,"h":100},"spriteSourceSize":{"x":0,"y":0,"w":100,"h":100},"frame":{"x":511,"y":171,"w":100,"h":100}},{"filename":"effect/tile-highlight/highlight-20","rotated":false,"trimmed":false,"sourceSize":{"w":100,"h":100},"spriteSourceSize":{"x":0,"y":0,"w":100,"h":100},"frame":{"x":613,"y":171,"w":100,"h":100}},{"filename":"effect/tile-highlight/highlight-21","rotated":false,"trimmed":false,"sourceSize":{"w":100,"h":100},"spriteSourceSize":{"x":0,"y":0,"w":100,"h":100},"frame":{"x":715,"y":171,"w":100,"h":100}},{"filename":"effect/tile-highlight/highlight-22","rotated":false,"trimmed":false,"sourceSize":{"w":100,"h":100},"spriteSourceSize":{"x":0,"y":0,"w":100,"h":100},"frame":{"x":817,"y":171,"w":100,"h":100}},{"filename":"effect/tile-highlight/highlight-23","rotated":false,"trimmed":false,"sourceSize":{"w":100,"h":100},"spriteSourceSize":{"x":0,"y":0,"w":100,"h":100},"frame":{"x":919,"y":171,"w":100,"h":100}},{"filename":"effect/tile-highlight/highlight-24","rotated":false,"trimmed":false,"sourceSize":{"w":100,"h":100},"spriteSourceSize":{"x":0,"y":0,"w":100,"h":100},"frame":{"x":1021,"y":171,"w":100,"h":100}},{"filename":"effect/tile-highlight/highlight-25","rotated":false,"trimmed":false,"sourceSize":{"w":100,"h":100},"spriteSourceSize":{"x":0,"y":0,"w":100,"h":100},"frame":{"x":1123,"y":171,"w":100,"h":100}},{"filename":"effect/tile-highlight/highlight-26","rotated":false,"trimmed":false,"sourceSize":{"w":100,"h":100},"spriteSourceSize":{"x":0,"y":0,"w":100,"h":100},"frame":{"x":1225,"y":171,"w":100,"h":100}},{"filename":"effect/tile-highlight/highlight-27","rotated":false,"trimmed":false,"sourceSize":{"w":100,"h":100},"spriteSourceSize":{"x":0,"y":0,"w":100,"h":100},"frame":{"x":1327,"y":171,"w":100,"h":100}},{"filename":"effect/tile-highlight/highlight-28","rotated":false,"trimmed":false,"sourceSize":{"w":100,"h":100},"spriteSourceSize":{"x":0,"y":0,"w":100,"h":100},"frame":{"x":1429,"y":171,"w":100,"h":100}},{"filename":"effect/tile-highlight/highlight-29","rotated":false,"trimmed":false,"sourceSize":{"w":100,"h":100},"spriteSourceSize":{"x":0,"y":0,"w":100,"h":100},"frame":{"x":1531,"y":171,"w":100,"h":100}},{"filename":"effect/tile-highlight/highlight-3","rotated":false,"trimmed":false,"sourceSize":{"w":100,"h":100},"spriteSourceSize":{"x":0,"y":0,"w":100,"h":100},"frame":{"x":1633,"y":171,"w":100,"h":100}},{"filename":"effect/tile-highlight/highlight-30","rotated":false,"trimmed":false,"sourceSize":{"w":100,"h":100},"spriteSourceSize":{"x":0,"y":0,"w":100,"h":100},"frame":{"x":1735,"y":171,"w":100,"h":100}},{"filename":"effect/tile-highlight/highlight-31","rotated":false,"trimmed":false,"sourceSize":{"w":100,"h":100},"spriteSourceSize":{"x":0,"y":0,"w":100,"h":100},"frame":{"x":1837,"y":171,"w":100,"h":100}},{"filename":"effect/tile-highlight/highlight-4","rotated":false,"trimmed":false,"sourceSize":{"w":100,"h":100},"spriteSourceSize":{"x":0,"y":0,"w":100,"h":100},"frame":{"x":1939,"y":171,"w":100,"h":100}},{"filename":"effect/tile-highlight/highlight-5","rotated":false,"trimmed":false,"sourceSize":{"w":100,"h":100},"spriteSourceSize":{"x":0,"y":0,"w":100,"h":100},"frame":{"x":1,"y":273,"w":100,"h":100}},{"filename":"effect/tile-highlight/highlight-6","rotated":false,"trimmed":false,"sourceSize":{"w":100,"h":100},"spriteSourceSize":{"x":0,"y":0,"w":100,"h":100},"frame":{"x":103,"y":273,"w":100,"h":100}},{"filename":"effect/tile-highlight/highlight-7","rotated":false,"trimmed":false,"sourceSize":{"w":100,"h":100},"spriteSourceSize":{"x":0,"y":0,"w":100,"h":100},"frame":{"x":205,"y":273,"w":100,"h":100}},{"filename":"effect/tile-highlight/highlight-8","rotated":false,"trimmed":false,"sourceSize":{"w":100,"h":100},"spriteSourceSize":{"x":0,"y":0,"w":100,"h":100},"frame":{"x":307,"y":273,"w":100,"h":100}},{"filename":"effect/tile-highlight/highlight-9","rotated":false,"trimmed":false,"sourceSize":{"w":100,"h":100},"spriteSourceSize":{"x":0,"y":0,"w":100,"h":100},"frame":{"x":409,"y":273,"w":100,"h":100}},{"filename":"layout/landscape-header","rotated":false,"trimmed":false,"sourceSize":{"w":1520,"h":111},"spriteSourceSize":{"x":0,"y":0,"w":1520,"h":111},"frame":{"x":511,"y":273,"w":1520,"h":111}},{"filename":"effect/left-tile-fragment","rotated":false,"trimmed":true,"sourceSize":{"w":108,"h":112},"spriteSourceSize":{"x":0,"y":0,"w":67,"h":112},"frame":{"x":1,"y":386,"w":67,"h":112}},{"filename":"tiles/tile-bg","rotated":false,"trimmed":false,"sourceSize":{"w":108,"h":112},"spriteSourceSize":{"x":0,"y":0,"w":108,"h":112},"frame":{"x":70,"y":386,"w":108,"h":112}},{"filename":"layout/header","rotated":false,"trimmed":false,"sourceSize":{"w":750,"h":132},"spriteSourceSize":{"x":0,"y":0,"w":750,"h":132},"frame":{"x":180,"y":386,"w":750,"h":132}},{"filename":"effect/tile-rocket","rotated":false,"trimmed":false,"sourceSize":{"w":79,"h":133},"spriteSourceSize":{"x":0,"y":0,"w":79,"h":133},"frame":{"x":932,"y":386,"w":79,"h":133}},{"filename":"icons/star-big","rotated":false,"trimmed":false,"sourceSize":{"w":152,"h":154},"spriteSourceSize":{"x":0,"y":0,"w":152,"h":154},"frame":{"x":1013,"y":386,"w":152,"h":154}},{"filename":"effect/tile-highlight-effect","rotated":false,"trimmed":false,"sourceSize":{"w":162,"h":180},"spriteSourceSize":{"x":0,"y":0,"w":162,"h":180},"frame":{"x":1167,"y":386,"w":162,"h":180}},{"filename":"effect/tile-select-bg","rotated":false,"trimmed":true,"sourceSize":{"w":204,"h":204},"spriteSourceSize":{"x":0,"y":0,"w":203,"h":203},"frame":{"x":1331,"y":386,"w":203,"h":203}},{"filename":"layout/footer","rotated":false,"trimmed":false,"sourceSize":{"w":750,"h":217},"spriteSourceSize":{"x":0,"y":0,"w":750,"h":217},"frame":{"x":1,"y":591,"w":750,"h":217}},{"filename":"effect/long-rocket","rotated":false,"trimmed":false,"sourceSize":{"w":79,"h":357},"spriteSourceSize":{"x":0,"y":0,"w":79,"h":357},"frame":{"x":753,"y":591,"w":79,"h":357}}]}],"meta":{"app":"https://www.codeandweb.com/texturepacker","version":"3.0","smartupdate":"$TexturePacker:SmartUpdate:34c316c7eb99d539da780d06cac63cfb:a7269e99bb81f45892b80737b105c1fe:46925f36d4f701533c420c2b9db28b7c$"}}