{"textures":[{"image":"tutorial-resources.png","format":"RGBA8888","size":{"w":869,"h":869},"scale":1,"frames":[{"filename":"text-good","rotated":false,"trimmed":true,"sourceSize":{"w":515,"h":239},"spriteSourceSize":{"x":0,"y":3,"w":514,"h":234},"frame":{"x":1,"y":1,"w":514,"h":234}},{"filename":"text-good-ru","rotated":false,"trimmed":false,"sourceSize":{"w":324,"h":128},"spriteSourceSize":{"x":0,"y":0,"w":324,"h":128},"frame":{"x":517,"y":1,"w":324,"h":128}},{"filename":"text-failed-ja","rotated":false,"trimmed":false,"sourceSize":{"w":207,"h":111},"spriteSourceSize":{"x":0,"y":0,"w":207,"h":111},"frame":{"x":517,"y":131,"w":207,"h":111}},{"filename":"text-failed-ru","rotated":false,"trimmed":false,"sourceSize":{"w":507,"h":90},"spriteSourceSize":{"x":0,"y":0,"w":507,"h":90},"frame":{"x":1,"y":237,"w":507,"h":90}},{"filename":"leaf-right","rotated":false,"trimmed":true,"sourceSize":{"w":360,"h":205},"spriteSourceSize":{"x":1,"y":1,"w":358,"h":202},"frame":{"x":510,"y":244,"w":358,"h":202}},{"filename":"hand","rotated":false,"trimmed":true,"sourceSize":{"w":131,"h":111},"spriteSourceSize":{"x":8,"y":0,"w":118,"h":111},"frame":{"x":726,"y":131,"w":118,"h":111}},{"filename":"text-failed","rotated":false,"trimmed":true,"sourceSize":{"w":503,"h":185},"spriteSourceSize":{"x":1,"y":0,"w":501,"h":184},"frame":{"x":1,"y":329,"w":501,"h":184}},{"filename":"leaf-left","rotated":false,"trimmed":true,"sourceSize":{"w":398,"h":183},"spriteSourceSize":{"x":1,"y":1,"w":396,"h":181},"frame":{"x":1,"y":515,"w":396,"h":181}},{"filename":"guide-tile3","rotated":false,"trimmed":true,"sourceSize":{"w":168,"h":172},"spriteSourceSize":{"x":1,"y":1,"w":166,"h":170},"frame":{"x":1,"y":698,"w":166,"h":170}},{"filename":"text-good-ja","rotated":false,"trimmed":false,"sourceSize":{"w":176,"h":123},"spriteSourceSize":{"x":0,"y":0,"w":176,"h":123},"frame":{"x":169,"y":698,"w":176,"h":123}},{"filename":"bomb","rotated":false,"trimmed":false,"sourceSize":{"w":30,"h":32},"spriteSourceSize":{"x":0,"y":0,"w":30,"h":32},"frame":{"x":169,"y":823,"w":30,"h":32}},{"filename":"line-wrong","rotated":false,"trimmed":true,"sourceSize":{"w":64,"h":18},"spriteSourceSize":{"x":0,"y":1,"w":64,"h":16},"frame":{"x":201,"y":823,"w":64,"h":16}},{"filename":"tile-bg","rotated":false,"trimmed":false,"sourceSize":{"w":108,"h":112},"spriteSourceSize":{"x":0,"y":0,"w":108,"h":112},"frame":{"x":347,"y":698,"w":108,"h":112}},{"filename":"guide-tile1","rotated":false,"trimmed":true,"sourceSize":{"w":164,"h":174},"spriteSourceSize":{"x":1,"y":1,"w":162,"h":173},"frame":{"x":399,"y":515,"w":162,"h":173}},{"filename":"guide-tile2","rotated":false,"trimmed":true,"sourceSize":{"w":164,"h":174},"spriteSourceSize":{"x":1,"y":1,"w":162,"h":173},"frame":{"x":457,"y":690,"w":162,"h":173}},{"filename":"dot-wrong","rotated":false,"trimmed":false,"sourceSize":{"w":48,"h":48},"spriteSourceSize":{"x":0,"y":0,"w":48,"h":48},"frame":{"x":347,"y":812,"w":48,"h":48}},{"filename":"guide-tile4","rotated":false,"trimmed":true,"sourceSize":{"w":164,"h":174},"spriteSourceSize":{"x":1,"y":1,"w":162,"h":173},"frame":{"x":563,"y":448,"w":162,"h":173}},{"filename":"cross-wrong","rotated":false,"trimmed":true,"sourceSize":{"w":108,"h":108},"spriteSourceSize":{"x":1,"y":0,"w":106,"h":107},"frame":{"x":727,"y":448,"w":106,"h":107}},{"filename":"blank","rotated":false,"trimmed":false,"sourceSize":{"w":100,"h":100},"spriteSourceSize":{"x":0,"y":0,"w":100,"h":100},"frame":{"x":727,"y":557,"w":100,"h":100}},{"filename":"guide-tile5","rotated":false,"trimmed":true,"sourceSize":{"w":112,"h":112},"spriteSourceSize":{"x":21,"y":1,"w":91,"h":108},"frame":{"x":621,"y":623,"w":91,"h":108}},{"filename":"rocket","rotated":false,"trimmed":false,"sourceSize":{"w":60,"h":78},"spriteSourceSize":{"x":0,"y":0,"w":60,"h":78},"frame":{"x":621,"y":733,"w":60,"h":78}}]}],"meta":{"app":"https://www.codeandweb.com/texturepacker","version":"3.0","smartupdate":"$TexturePacker:SmartUpdate:cbd168b862de83c4a4b219339d02ba6e:192fc8a86d85f4337f7e7d6ae697289e:3998b16de870b2ed7b39522da8e735e5$"}}