[1,0,0,[["cc.JsonAsset",["_name","json"],1]],[[0,0,1,3]],[[0,"level_002791-30",[{"layers":[{"index":0,"tiles":[{"x":2,"y":-9},{"x":3,"y":-9},{"x":6,"y":-9},{"x":8,"y":-9},{"x":9,"y":-9},{"x":4,"y":-8.5},{"x":5,"y":-8.5},{"x":7,"y":-8.5},{"x":2,"y":-8},{"x":3,"y":-8},{"x":6,"y":-8},{"x":8,"y":-8},{"x":9,"y":-8},{"x":4,"y":-7.5},{"x":5,"y":-7.5},{"x":7,"y":-7.5},{"x":2,"y":-7},{"x":3,"y":-7},{"x":6,"y":-7},{"x":8,"y":-7},{"x":9,"y":-7},{"x":4,"y":-6.5},{"x":5,"y":-6.5},{"x":7,"y":-6.5},{"x":2,"y":-6},{"x":3,"y":-6},{"x":6,"y":-6},{"x":8,"y":-6},{"x":9,"y":-6},{"x":4,"y":-5.5},{"x":5,"y":-5.5},{"x":7,"y":-5.5},{"x":2,"y":-5},{"x":3,"y":-5},{"x":6,"y":-5},{"x":8,"y":-5},{"x":9,"y":-5},{"x":4,"y":-4.5},{"x":5,"y":-4.5},{"x":7,"y":-4.5},{"x":2,"y":-4},{"x":3,"y":-4},{"x":6,"y":-4},{"x":8,"y":-4},{"x":9,"y":-4},{"x":4,"y":-3.5},{"x":5,"y":-3.5},{"x":7,"y":-3.5},{"x":2,"y":-3},{"x":3,"y":-3},{"x":6,"y":-3},{"x":8,"y":-3},{"x":9,"y":-3},{"x":4,"y":-2.5},{"x":5,"y":-2.5},{"x":7,"y":-2.5},{"x":3,"y":-2},{"x":6,"y":-2},{"x":8,"y":-2},{"x":5,"y":-1.5}]},{"index":1,"tiles":[{"x":2,"y":-9},{"x":3,"y":-9},{"x":8,"y":-9},{"x":9,"y":-9},{"x":4,"y":-8.5},{"x":7,"y":-8.5},{"x":2,"y":-8},{"x":3,"y":-8},{"x":8,"y":-8},{"x":9,"y":-8},{"x":4,"y":-7.5},{"x":7,"y":-7.5},{"x":2,"y":-7},{"x":3,"y":-7},{"x":8,"y":-7},{"x":9,"y":-7},{"x":4,"y":-6.5},{"x":7,"y":-6.5},{"x":2,"y":-6},{"x":3,"y":-6},{"x":8,"y":-6},{"x":9,"y":-6},{"x":4,"y":-5.5},{"x":7,"y":-5.5},{"x":2,"y":-5},{"x":3,"y":-5},{"x":8,"y":-5},{"x":9,"y":-5},{"x":4,"y":-4.5},{"x":7,"y":-4.5},{"x":2,"y":-4},{"x":3,"y":-4},{"x":8,"y":-4},{"x":9,"y":-4},{"x":4,"y":-3.5},{"x":7,"y":-3.5},{"x":2,"y":-3},{"x":3,"y":-3},{"x":8,"y":-3},{"x":9,"y":-3},{"x":4,"y":-2.5},{"x":7,"y":-2.5},{"x":3,"y":-2},{"x":8,"y":-2}]},{"index":2,"tiles":[{"x":3,"y":-9},{"x":8,"y":-9},{"x":3,"y":-8},{"x":8,"y":-8},{"x":3,"y":-7},{"x":8,"y":-7},{"x":3,"y":-6},{"x":8,"y":-6},{"x":3,"y":-5},{"x":8,"y":-5},{"x":3,"y":-4},{"x":8,"y":-4},{"x":3,"y":-3},{"x":8,"y":-3},{"x":3,"y":-2},{"x":8,"y":-2}]}],"seeds":["C0RowkGEDISloRJqWPaBqvRIFhh1HteEzWFxVfFsXocQnygQU3gZBMiFlEEpIBNy4CY2jRdGIDNOQcmhXgeGXyaGCBeSnEeYXFchTuIsVzIgHjgEIkOcRFh8"]},{"layers":[{"index":0,"tiles":[{"x":3.5,"y":-8},{"x":5,"y":-8},{"x":6,"y":-8},{"x":7.5,"y":-8},{"x":2.5,"y":-7.5},{"x":8.5,"y":-7.5},{"x":4.5,"y":-7},{"x":5.5,"y":-7},{"x":6.5,"y":-7},{"x":3.5,"y":-6.5},{"x":7.5,"y":-6.5},{"x":2.5,"y":-6},{"x":5,"y":-6},{"x":6,"y":-6},{"x":8.5,"y":-6},{"x":4,"y":-5.5},{"x":7,"y":-5.5},{"x":5.5,"y":-5},{"x":3.5,"y":-4.5},{"x":7.5,"y":-4.5},{"x":2.5,"y":-4},{"x":4.5,"y":-4},{"x":5.5,"y":-4},{"x":6.5,"y":-4},{"x":8.5,"y":-4},{"x":5.5,"y":-3},{"x":4.5,"y":-2.5},{"x":6.5,"y":-2.5},{"x":5.5,"y":-2}]},{"index":1,"tiles":[{"x":3.5,"y":-8},{"x":5,"y":-8},{"x":6,"y":-8},{"x":7.5,"y":-8},{"x":2.5,"y":-7.5},{"x":8.5,"y":-7.5},{"x":4.5,"y":-7},{"x":5.5,"y":-7},{"x":6.5,"y":-7},{"x":3.5,"y":-6.5},{"x":7.5,"y":-6.5},{"x":2.5,"y":-6},{"x":5,"y":-6},{"x":6,"y":-6},{"x":8.5,"y":-6},{"x":4,"y":-5.5},{"x":7,"y":-5.5},{"x":5.5,"y":-5},{"x":3.5,"y":-4.5},{"x":7.5,"y":-4.5},{"x":2.5,"y":-4},{"x":4.5,"y":-4},{"x":5.5,"y":-4},{"x":6.5,"y":-4},{"x":8.5,"y":-4},{"x":5.5,"y":-3},{"x":4.5,"y":-2.5},{"x":6.5,"y":-2.5},{"x":5.5,"y":-2}]},{"index":2,"tiles":[{"x":3.5,"y":-8},{"x":5.5,"y":-8},{"x":7.5,"y":-8},{"x":2.5,"y":-7.5},{"x":8.5,"y":-7.5},{"x":4.5,"y":-7},{"x":5.5,"y":-7},{"x":6.5,"y":-7},{"x":3.5,"y":-6.5},{"x":7.5,"y":-6.5},{"x":2.5,"y":-6},{"x":5,"y":-6},{"x":6,"y":-6},{"x":8.5,"y":-6},{"x":4,"y":-5.5},{"x":7,"y":-5.5},{"x":5.5,"y":-5},{"x":3.5,"y":-4.5},{"x":7.5,"y":-4.5},{"x":2.5,"y":-4},{"x":4.5,"y":-4},{"x":5.5,"y":-4},{"x":6.5,"y":-4},{"x":8.5,"y":-4},{"x":5.5,"y":-3},{"x":4.5,"y":-2.5},{"x":6.5,"y":-2.5},{"x":5.5,"y":-2}]},{"index":3,"tiles":[{"x":3.5,"y":-8},{"x":5.5,"y":-8},{"x":7.5,"y":-8},{"x":2.5,"y":-7.5},{"x":8.5,"y":-7.5},{"x":4.5,"y":-7},{"x":5.5,"y":-7},{"x":6.5,"y":-7},{"x":3.5,"y":-6.5},{"x":7.5,"y":-6.5},{"x":2.5,"y":-6},{"x":5,"y":-6},{"x":6,"y":-6},{"x":8.5,"y":-6},{"x":4,"y":-5.5},{"x":7,"y":-5.5},{"x":5.5,"y":-5},{"x":3.5,"y":-4.5},{"x":7.5,"y":-4.5},{"x":2.5,"y":-4},{"x":4.5,"y":-4},{"x":5.5,"y":-4},{"x":6.5,"y":-4},{"x":8.5,"y":-4},{"x":5.5,"y":-3},{"x":4.5,"y":-2.5},{"x":6.5,"y":-2.5},{"x":5.5,"y":-2}]}],"seeds":["qRFdRhdKYgU650NIDwcyIZEsWDYh4qE0hWJ9oBpyWfgllMV5muCZyNUNBUeG1ycuQgkFFzp5HrhNDQZ2IQVG4MaIU6AMzjFwHyQEgcKNQyd2YiWAnQYA"]},{"layers":[{"index":0,"tiles":[{"x":1.5,"y":-8.5},{"x":4,"y":-8.5},{"x":7,"y":-8.5},{"x":9.5,"y":-8.5},{"x":3,"y":-8},{"x":5,"y":-8},{"x":6,"y":-8},{"x":8,"y":-8},{"x":3,"y":-7},{"x":4,"y":-7},{"x":5,"y":-7},{"x":6,"y":-7},{"x":7,"y":-7},{"x":8,"y":-7},{"x":4,"y":-6},{"x":5,"y":-6},{"x":6,"y":-6},{"x":7,"y":-6},{"x":5,"y":-5},{"x":6,"y":-5},{"x":1.5,"y":-4.5},{"x":3,"y":-4.5},{"x":8,"y":-4.5},{"x":9.5,"y":-4.5},{"x":4.5,"y":-4},{"x":6.5,"y":-4},{"x":1.5,"y":-3.5},{"x":3,"y":-3.5},{"x":8,"y":-3.5},{"x":9.5,"y":-3.5},{"x":4,"y":-3},{"x":5,"y":-3},{"x":6,"y":-3},{"x":7,"y":-3},{"x":3,"y":-2.5},{"x":8,"y":-2.5},{"x":5,"y":-2},{"x":6,"y":-2},{"x":4,"y":-1.5},{"x":7,"y":-1.5}]},{"index":1,"tiles":[{"x":1.5,"y":-8.5},{"x":4,"y":-8.5},{"x":7,"y":-8.5},{"x":9.5,"y":-8.5},{"x":3,"y":-8},{"x":5,"y":-8},{"x":6,"y":-8},{"x":8,"y":-8},{"x":3,"y":-7},{"x":4,"y":-7},{"x":5,"y":-7},{"x":6,"y":-7},{"x":7,"y":-7},{"x":8,"y":-7},{"x":4,"y":-6},{"x":5,"y":-6},{"x":6,"y":-6},{"x":7,"y":-6},{"x":5,"y":-5},{"x":6,"y":-5},{"x":1.5,"y":-4.5},{"x":3,"y":-4.5},{"x":8,"y":-4.5},{"x":9.5,"y":-4.5},{"x":4.5,"y":-4},{"x":6.5,"y":-4},{"x":1.5,"y":-3.5},{"x":3,"y":-3.5},{"x":8,"y":-3.5},{"x":9.5,"y":-3.5},{"x":4,"y":-3},{"x":5,"y":-3},{"x":6,"y":-3},{"x":7,"y":-3},{"x":3,"y":-2.5},{"x":8,"y":-2.5},{"x":5,"y":-2},{"x":6,"y":-2},{"x":4,"y":-1.5},{"x":7,"y":-1.5}]},{"index":2,"tiles":[{"x":1.5,"y":-8.5},{"x":4,"y":-8.5},{"x":7,"y":-8.5},{"x":9.5,"y":-8.5},{"x":3,"y":-8},{"x":5,"y":-8},{"x":6,"y":-8},{"x":8,"y":-8},{"x":3,"y":-7},{"x":4,"y":-7},{"x":5,"y":-7},{"x":6,"y":-7},{"x":7,"y":-7},{"x":8,"y":-7},{"x":4,"y":-6},{"x":5,"y":-6},{"x":6,"y":-6},{"x":7,"y":-6},{"x":5,"y":-5},{"x":6,"y":-5},{"x":1.5,"y":-4.5},{"x":3,"y":-4.5},{"x":8,"y":-4.5},{"x":9.5,"y":-4.5},{"x":4.5,"y":-4},{"x":6.5,"y":-4},{"x":1.5,"y":-3.5},{"x":3,"y":-3.5},{"x":8,"y":-3.5},{"x":9.5,"y":-3.5},{"x":4,"y":-3},{"x":5,"y":-3},{"x":6,"y":-3},{"x":7,"y":-3},{"x":3,"y":-2.5},{"x":8,"y":-2.5},{"x":5,"y":-2},{"x":6,"y":-2},{"x":4,"y":-1.5},{"x":7,"y":-1.5}]}],"seeds":["D2WlYSg5gXd9GWkh0wEWA8okxCEsXlgSiBc+nQmCAxguU9NBIkSpIKZ1inh+XRcthRBw3zcJ2vYxQnQlgdh5IDdyoShxoeiAHAeKhvIFSvUtYdYoG1YZ3ySK"]},{"layers":[{"index":0,"tiles":[{"x":2.5,"y":-9},{"x":4.5,"y":-9},{"x":6.5,"y":-9},{"x":8.5,"y":-9},{"x":2,"y":-8},{"x":3.5,"y":-8},{"x":4.5,"y":-8},{"x":6.5,"y":-8},{"x":7.5,"y":-8},{"x":9,"y":-8},{"x":2,"y":-7},{"x":3,"y":-7},{"x":4,"y":-7},{"x":5,"y":-7},{"x":6,"y":-7},{"x":7,"y":-7},{"x":8,"y":-7},{"x":9,"y":-7},{"x":2,"y":-6},{"x":3,"y":-6},{"x":4,"y":-6},{"x":5,"y":-6},{"x":6,"y":-6},{"x":7,"y":-6},{"x":8,"y":-6},{"x":9,"y":-6},{"x":2,"y":-5},{"x":3,"y":-5},{"x":4,"y":-5},{"x":5,"y":-5},{"x":6,"y":-5},{"x":7,"y":-5},{"x":8,"y":-5},{"x":9,"y":-5},{"x":2,"y":-4},{"x":3,"y":-4},{"x":4,"y":-4},{"x":5,"y":-4},{"x":6,"y":-4},{"x":7,"y":-4},{"x":8,"y":-4},{"x":9,"y":-4},{"x":2,"y":-3},{"x":3,"y":-3},{"x":4,"y":-3},{"x":5,"y":-3},{"x":6,"y":-3},{"x":7,"y":-3},{"x":8,"y":-3},{"x":9,"y":-3},{"x":2,"y":-2},{"x":3.5,"y":-2},{"x":4.5,"y":-2},{"x":6.5,"y":-2},{"x":7.5,"y":-2},{"x":9,"y":-2},{"x":2.5,"y":-1},{"x":4.5,"y":-1},{"x":6.5,"y":-1},{"x":8.5,"y":-1}]},{"index":1,"tiles":[{"x":2.5,"y":-9},{"x":4.5,"y":-9},{"x":6.5,"y":-9},{"x":8.5,"y":-9},{"x":2,"y":-8},{"x":3.5,"y":-8},{"x":4.5,"y":-8},{"x":6.5,"y":-8},{"x":7.5,"y":-8},{"x":9,"y":-8},{"x":2,"y":-7},{"x":9,"y":-7},{"x":3.5,"y":-6.5},{"x":4.5,"y":-6.5},{"x":5.5,"y":-6.5},{"x":6.5,"y":-6.5},{"x":7.5,"y":-6.5},{"x":2,"y":-6},{"x":9,"y":-6},{"x":3.5,"y":-5.5},{"x":4.5,"y":-5.5},{"x":5.5,"y":-5.5},{"x":6.5,"y":-5.5},{"x":7.5,"y":-5.5},{"x":2,"y":-5},{"x":9,"y":-5},{"x":3.5,"y":-4.5},{"x":4.5,"y":-4.5},{"x":5.5,"y":-4.5},{"x":6.5,"y":-4.5},{"x":7.5,"y":-4.5},{"x":2,"y":-4},{"x":9,"y":-4},{"x":3.5,"y":-3.5},{"x":4.5,"y":-3.5},{"x":5.5,"y":-3.5},{"x":6.5,"y":-3.5},{"x":7.5,"y":-3.5},{"x":2,"y":-3},{"x":9,"y":-3},{"x":2,"y":-2},{"x":3.5,"y":-2},{"x":4.5,"y":-2},{"x":6.5,"y":-2},{"x":7.5,"y":-2},{"x":9,"y":-2},{"x":2.5,"y":-1},{"x":4.5,"y":-1},{"x":6.5,"y":-1},{"x":8.5,"y":-1}]},{"index":2,"tiles":[{"x":4,"y":-6},{"x":5,"y":-6},{"x":6,"y":-6},{"x":7,"y":-6},{"x":4,"y":-5},{"x":5,"y":-5},{"x":6,"y":-5},{"x":7,"y":-5},{"x":4,"y":-4},{"x":5,"y":-4},{"x":6,"y":-4},{"x":7,"y":-4}]},{"index":3,"tiles":[{"x":4.5,"y":-5.5},{"x":5.5,"y":-5.5},{"x":6.5,"y":-5.5},{"x":4.5,"y":-4.5},{"x":5.5,"y":-4.5},{"x":6.5,"y":-4.5}]},{"index":4,"tiles":[{"x":5,"y":-5},{"x":6,"y":-5}]}],"seeds":["D6poRRQmZHgQ05Z2U+AIHWU9S/Bx6tURDccp34cJZ+WJh6eATBZ6TBUan2hm4RAhX8BVGEhcDiSKGyJ5AxGIwsKEojBRYOVRHbc0YDdM4wdCoVdyzAKCYgJanVaElCENogIA"]},{"layers":[{"index":0,"tiles":[{"x":4,"y":-8.5},{"x":7.5,"y":-8.5},{"x":8.5,"y":-8.5},{"x":9.5,"y":-8.5},{"x":1.5,"y":-8},{"x":5.5,"y":-8},{"x":6.5,"y":-8},{"x":3,"y":-7.5},{"x":8.5,"y":-7.5},{"x":9.5,"y":-7.5},{"x":4.5,"y":-7},{"x":5.5,"y":-7},{"x":7.5,"y":-7},{"x":2.5,"y":-6.5},{"x":6.5,"y":-6.5},{"x":9.5,"y":-6.5},{"x":3.5,"y":-5.5},{"x":5.5,"y":-5.5},{"x":6.5,"y":-5.5},{"x":7.5,"y":-5.5},{"x":8.5,"y":-5.5},{"x":9.5,"y":-5.5},{"x":3.5,"y":-4.5},{"x":5.5,"y":-4.5},{"x":6.5,"y":-4.5},{"x":7.5,"y":-4.5},{"x":8.5,"y":-4.5},{"x":9.5,"y":-4.5},{"x":2.5,"y":-3.5},{"x":6.5,"y":-3.5},{"x":9.5,"y":-3.5},{"x":4.5,"y":-3},{"x":5.5,"y":-3},{"x":7.5,"y":-3},{"x":3,"y":-2.5},{"x":8.5,"y":-2.5},{"x":9.5,"y":-2.5},{"x":1.5,"y":-2},{"x":5.5,"y":-2},{"x":6.5,"y":-2},{"x":4,"y":-1.5},{"x":7.5,"y":-1.5},{"x":8.5,"y":-1.5},{"x":9.5,"y":-1.5}]},{"index":1,"tiles":[{"x":4,"y":-8.5},{"x":7.5,"y":-8.5},{"x":8.5,"y":-8.5},{"x":9.5,"y":-8.5},{"x":1.5,"y":-8},{"x":5.5,"y":-8},{"x":6.5,"y":-8},{"x":3,"y":-7.5},{"x":8.5,"y":-7.5},{"x":9.5,"y":-7.5},{"x":4.5,"y":-7},{"x":5.5,"y":-7},{"x":7.5,"y":-7},{"x":2.5,"y":-6.5},{"x":6.5,"y":-6.5},{"x":9.5,"y":-6.5},{"x":3.5,"y":-5.5},{"x":5.5,"y":-5.5},{"x":6.5,"y":-5.5},{"x":7.5,"y":-5.5},{"x":8.5,"y":-5.5},{"x":9.5,"y":-5.5},{"x":3.5,"y":-4.5},{"x":5.5,"y":-4.5},{"x":6.5,"y":-4.5},{"x":7.5,"y":-4.5},{"x":8.5,"y":-4.5},{"x":9.5,"y":-4.5},{"x":2.5,"y":-3.5},{"x":6.5,"y":-3.5},{"x":9.5,"y":-3.5},{"x":4.5,"y":-3},{"x":5.5,"y":-3},{"x":7.5,"y":-3},{"x":3,"y":-2.5},{"x":8.5,"y":-2.5},{"x":9.5,"y":-2.5},{"x":1.5,"y":-2},{"x":5.5,"y":-2},{"x":6.5,"y":-2},{"x":4,"y":-1.5},{"x":7.5,"y":-1.5},{"x":8.5,"y":-1.5},{"x":9.5,"y":-1.5}]},{"index":2,"tiles":[{"x":4,"y":-8.5},{"x":7.5,"y":-8.5},{"x":8.5,"y":-8.5},{"x":9.5,"y":-8.5},{"x":1.5,"y":-8},{"x":5.5,"y":-8},{"x":6.5,"y":-8},{"x":3,"y":-7.5},{"x":9.5,"y":-7.5},{"x":4.5,"y":-7},{"x":5.5,"y":-7},{"x":2.5,"y":-6.5},{"x":9.5,"y":-6.5},{"x":3.5,"y":-5.5},{"x":9.5,"y":-5.5},{"x":6,"y":-5},{"x":7,"y":-5},{"x":8,"y":-5},{"x":3.5,"y":-4.5},{"x":9.5,"y":-4.5},{"x":2.5,"y":-3.5},{"x":9.5,"y":-3.5},{"x":4.5,"y":-3},{"x":5.5,"y":-3},{"x":3,"y":-2.5},{"x":9.5,"y":-2.5},{"x":1.5,"y":-2},{"x":5.5,"y":-2},{"x":6.5,"y":-2},{"x":4,"y":-1.5},{"x":7.5,"y":-1.5},{"x":8.5,"y":-1.5},{"x":9.5,"y":-1.5}]},{"index":3,"tiles":[{"x":7,"y":-5}]}],"seeds":["0RZOi6gMjtENXsAl06R03mCJVpKF0bR5AvV8YMiZlycGDNmIzhJ5nzgyHoE1AcYpIhiE3VBwRCiCX8RBHzh0WQghJ3dJnFKVIFcZIQqq6RMeiKgdUjhQoaIJhQIA"]},{"layers":[{"index":0,"tiles":[{"x":1.5,"y":-8},{"x":9.5,"y":-8},{"x":1.5,"y":-7},{"x":2.5,"y":-7},{"x":3.5,"y":-7},{"x":7.5,"y":-7},{"x":8.5,"y":-7},{"x":9.5,"y":-7},{"x":1.5,"y":-6},{"x":4,"y":-6},{"x":7,"y":-6},{"x":9.5,"y":-6},{"x":1.5,"y":-5},{"x":4.5,"y":-5},{"x":6.5,"y":-5},{"x":9.5,"y":-5},{"x":1.5,"y":-4},{"x":4.5,"y":-4},{"x":6.5,"y":-4},{"x":9.5,"y":-4},{"x":1.5,"y":-3},{"x":4,"y":-3},{"x":7,"y":-3},{"x":9.5,"y":-3},{"x":1.5,"y":-2},{"x":2.5,"y":-2},{"x":3.5,"y":-2},{"x":7.5,"y":-2},{"x":8.5,"y":-2},{"x":9.5,"y":-2},{"x":1.5,"y":-1},{"x":9.5,"y":-1}]},{"index":1,"tiles":[{"x":1.5,"y":-8},{"x":9.5,"y":-8},{"x":1.5,"y":-7},{"x":2.5,"y":-7},{"x":3.5,"y":-7},{"x":7.5,"y":-7},{"x":8.5,"y":-7},{"x":9.5,"y":-7},{"x":1.5,"y":-6},{"x":4,"y":-6},{"x":7,"y":-6},{"x":9.5,"y":-6},{"x":1.5,"y":-5},{"x":4.5,"y":-5},{"x":6.5,"y":-5},{"x":9.5,"y":-5},{"x":1.5,"y":-4},{"x":4.5,"y":-4},{"x":6.5,"y":-4},{"x":9.5,"y":-4},{"x":1.5,"y":-3},{"x":4,"y":-3},{"x":7,"y":-3},{"x":9.5,"y":-3},{"x":1.5,"y":-2},{"x":2.5,"y":-2},{"x":3.5,"y":-2},{"x":7.5,"y":-2},{"x":8.5,"y":-2},{"x":9.5,"y":-2},{"x":1.5,"y":-1},{"x":9.5,"y":-1}]},{"index":2,"tiles":[{"x":1.5,"y":-8},{"x":9.5,"y":-8},{"x":1.5,"y":-7},{"x":2.5,"y":-7},{"x":3.5,"y":-7},{"x":7.5,"y":-7},{"x":8.5,"y":-7},{"x":9.5,"y":-7},{"x":1.5,"y":-6},{"x":4,"y":-6},{"x":7,"y":-6},{"x":9.5,"y":-6},{"x":1.5,"y":-5},{"x":4.5,"y":-5},{"x":6.5,"y":-5},{"x":9.5,"y":-5},{"x":1.5,"y":-4},{"x":4.5,"y":-4},{"x":6.5,"y":-4},{"x":9.5,"y":-4},{"x":1.5,"y":-3},{"x":4,"y":-3},{"x":7,"y":-3},{"x":9.5,"y":-3},{"x":1.5,"y":-2},{"x":2.5,"y":-2},{"x":3.5,"y":-2},{"x":7.5,"y":-2},{"x":8.5,"y":-2},{"x":9.5,"y":-2},{"x":1.5,"y":-1},{"x":9.5,"y":-1}]}],"seeds":["DhcyTfWMINgJZkIFA9GF0SV+Yala2kJyXvYpkSRwCFhwj+cNkAd2n9VtmHYYKUpgBxSGhfIF03U6zMaJDUKBoDGFSyJlXCWK"]},{"layers":[{"index":0,"tiles":[{"x":4.5,"y":-9},{"x":6.5,"y":-9},{"x":3,"y":-8},{"x":5,"y":-8},{"x":6,"y":-8},{"x":8,"y":-8},{"x":2.5,"y":-7},{"x":5,"y":-7},{"x":6,"y":-7},{"x":8.5,"y":-7},{"x":3,"y":-6},{"x":5,"y":-6},{"x":6,"y":-6},{"x":8,"y":-6},{"x":4,"y":-5},{"x":5,"y":-5},{"x":6,"y":-5},{"x":7,"y":-5},{"x":2,"y":-4},{"x":5,"y":-4},{"x":6,"y":-4},{"x":9,"y":-4},{"x":4,"y":-3},{"x":5,"y":-3},{"x":6,"y":-3},{"x":7,"y":-3},{"x":2.5,"y":-2},{"x":5,"y":-2},{"x":6,"y":-2},{"x":8.5,"y":-2},{"x":4,"y":-1.5},{"x":7,"y":-1.5},{"x":3,"y":-1},{"x":5,"y":-1},{"x":6,"y":-1},{"x":8,"y":-1}]},{"index":1,"tiles":[{"x":4.5,"y":-9},{"x":6.5,"y":-9},{"x":3,"y":-8},{"x":5,"y":-8},{"x":6,"y":-8},{"x":8,"y":-8},{"x":2.5,"y":-7},{"x":5,"y":-7},{"x":6,"y":-7},{"x":8.5,"y":-7},{"x":3,"y":-6},{"x":5,"y":-6},{"x":6,"y":-6},{"x":8,"y":-6},{"x":4,"y":-5},{"x":5,"y":-5},{"x":6,"y":-5},{"x":7,"y":-5},{"x":5,"y":-4},{"x":6,"y":-4},{"x":9,"y":-4},{"x":4,"y":-3},{"x":5,"y":-3},{"x":6,"y":-3},{"x":7,"y":-3},{"x":2.5,"y":-2},{"x":5,"y":-2},{"x":6,"y":-2},{"x":8.5,"y":-2},{"x":4,"y":-1.5},{"x":7,"y":-1.5},{"x":3,"y":-1},{"x":5,"y":-1},{"x":6,"y":-1},{"x":8,"y":-1}]},{"index":2,"tiles":[{"x":4.5,"y":-9},{"x":6.5,"y":-9},{"x":3,"y":-8},{"x":5,"y":-8},{"x":6,"y":-8},{"x":8,"y":-8},{"x":2.5,"y":-7},{"x":5,"y":-7},{"x":6,"y":-7},{"x":8.5,"y":-7},{"x":3,"y":-6},{"x":5,"y":-6},{"x":6,"y":-6},{"x":8,"y":-6},{"x":4,"y":-5},{"x":5,"y":-5},{"x":6,"y":-5},{"x":7,"y":-5},{"x":5,"y":-4},{"x":6,"y":-4},{"x":9,"y":-4},{"x":4,"y":-3},{"x":5,"y":-3},{"x":6,"y":-3},{"x":7,"y":-3},{"x":2.5,"y":-2},{"x":5,"y":-2},{"x":6,"y":-2},{"x":8.5,"y":-2},{"x":4,"y":-1.5},{"x":7,"y":-1.5},{"x":3,"y":-1},{"x":5,"y":-1},{"x":6,"y":-1},{"x":8,"y":-1}]}],"seeds":["VWd8nBh+AemExhFxShOgoaWEG9QlGTEVIAN6YOeESRdcVkFpgyYelEl01zItETdVmwd2kiQM5yRCWOkpiIpxYhY+IPc936ikAhJ4ItcwIggA"]},{"layers":[{"index":0,"tiles":[{"x":1.5,"y":-8.5},{"x":5,"y":-8.5},{"x":6,"y":-8.5},{"x":9.5,"y":-8.5},{"x":2.5,"y":-8},{"x":4,"y":-8},{"x":7,"y":-8},{"x":8.5,"y":-8},{"x":1.5,"y":-7.5},{"x":5,"y":-7.5},{"x":6,"y":-7.5},{"x":9.5,"y":-7.5},{"x":3.5,"y":-7},{"x":7.5,"y":-7},{"x":1.5,"y":-6.5},{"x":2.5,"y":-6.5},{"x":5.5,"y":-6.5},{"x":8.5,"y":-6.5},{"x":9.5,"y":-6.5},{"x":3.5,"y":-6},{"x":4.5,"y":-6},{"x":6.5,"y":-6},{"x":7.5,"y":-6},{"x":1.5,"y":-5.5},{"x":9.5,"y":-5.5},{"x":1.5,"y":-4.5},{"x":9.5,"y":-4.5},{"x":3.5,"y":-4},{"x":4.5,"y":-4},{"x":6.5,"y":-4},{"x":7.5,"y":-4},{"x":1.5,"y":-3.5},{"x":2.5,"y":-3.5},{"x":5.5,"y":-3.5},{"x":8.5,"y":-3.5},{"x":9.5,"y":-3.5},{"x":3.5,"y":-3},{"x":7.5,"y":-3},{"x":1.5,"y":-2.5},{"x":5,"y":-2.5},{"x":6,"y":-2.5},{"x":9.5,"y":-2.5},{"x":2.5,"y":-2},{"x":4,"y":-2},{"x":7,"y":-2},{"x":8.5,"y":-2},{"x":1.5,"y":-1.5},{"x":5,"y":-1.5},{"x":6,"y":-1.5},{"x":9.5,"y":-1.5}]},{"index":1,"tiles":[{"x":1.5,"y":-8.5},{"x":5,"y":-8.5},{"x":6,"y":-8.5},{"x":9.5,"y":-8.5},{"x":2.5,"y":-8},{"x":4,"y":-8},{"x":7,"y":-8},{"x":8.5,"y":-8},{"x":1.5,"y":-7.5},{"x":5,"y":-7.5},{"x":6,"y":-7.5},{"x":9.5,"y":-7.5},{"x":3.5,"y":-7},{"x":7.5,"y":-7},{"x":1.5,"y":-6.5},{"x":2.5,"y":-6.5},{"x":5.5,"y":-6.5},{"x":8.5,"y":-6.5},{"x":9.5,"y":-6.5},{"x":3.5,"y":-6},{"x":4.5,"y":-6},{"x":6.5,"y":-6},{"x":7.5,"y":-6},{"x":1.5,"y":-5.5},{"x":9.5,"y":-5.5},{"x":1.5,"y":-4.5},{"x":9.5,"y":-4.5},{"x":3.5,"y":-4},{"x":4.5,"y":-4},{"x":6.5,"y":-4},{"x":7.5,"y":-4},{"x":1.5,"y":-3.5},{"x":2.5,"y":-3.5},{"x":5.5,"y":-3.5},{"x":8.5,"y":-3.5},{"x":9.5,"y":-3.5},{"x":3.5,"y":-3},{"x":7.5,"y":-3},{"x":1.5,"y":-2.5},{"x":5,"y":-2.5},{"x":6,"y":-2.5},{"x":9.5,"y":-2.5},{"x":2.5,"y":-2},{"x":4,"y":-2},{"x":7,"y":-2},{"x":8.5,"y":-2},{"x":1.5,"y":-1.5},{"x":5,"y":-1.5},{"x":6,"y":-1.5},{"x":9.5,"y":-1.5}]},{"index":2,"tiles":[{"x":1.5,"y":-8.5},{"x":9.5,"y":-8.5},{"x":1.5,"y":-7.5},{"x":9.5,"y":-7.5},{"x":1.5,"y":-6.5},{"x":9.5,"y":-6.5},{"x":1.5,"y":-5.5},{"x":9.5,"y":-5.5},{"x":1.5,"y":-4.5},{"x":9.5,"y":-4.5},{"x":1.5,"y":-3.5},{"x":9.5,"y":-3.5},{"x":1.5,"y":-2.5},{"x":9.5,"y":-2.5},{"x":1.5,"y":-1.5},{"x":9.5,"y":-1.5}]}],"seeds":["B6aJiNV5YegZ2gZxIBMu2RQunNNQSnVW4kRdQjYo0Xd8CmOlIAdRIKEEoTpJ3EN2RkB1SVKA3rMtnuhFXRh0wTJ+3yWKksBxA9g5AlggDSiY5QR6IoFi"]},{"layers":[{"index":0,"tiles":[{"x":1.5,"y":-8.5},{"x":2.5,"y":-8.5},{"x":3.5,"y":-8.5},{"x":4.5,"y":-8.5},{"x":5.5,"y":-8.5},{"x":6.5,"y":-8.5},{"x":7.5,"y":-8.5},{"x":8.5,"y":-8.5},{"x":9.5,"y":-8.5},{"x":2,"y":-7.5},{"x":3,"y":-7.5},{"x":4,"y":-7.5},{"x":5.5,"y":-7.5},{"x":7,"y":-7.5},{"x":8,"y":-7.5},{"x":9,"y":-7.5},{"x":2,"y":-6.5},{"x":3,"y":-6.5},{"x":4,"y":-6.5},{"x":5.5,"y":-6.5},{"x":7,"y":-6.5},{"x":8,"y":-6.5},{"x":9,"y":-6.5},{"x":2.5,"y":-5.5},{"x":3.5,"y":-5.5},{"x":5.5,"y":-5.5},{"x":7.5,"y":-5.5},{"x":8.5,"y":-5.5},{"x":4.5,"y":-5},{"x":6.5,"y":-5},{"x":2.5,"y":-4.5},{"x":3.5,"y":-4.5},{"x":5.5,"y":-4.5},{"x":7.5,"y":-4.5},{"x":8.5,"y":-4.5},{"x":2,"y":-3.5},{"x":3,"y":-3.5},{"x":4,"y":-3.5},{"x":5.5,"y":-3.5},{"x":7,"y":-3.5},{"x":8,"y":-3.5},{"x":9,"y":-3.5},{"x":2,"y":-2.5},{"x":3,"y":-2.5},{"x":4,"y":-2.5},{"x":5.5,"y":-2.5},{"x":7,"y":-2.5},{"x":8,"y":-2.5},{"x":9,"y":-2.5},{"x":1.5,"y":-1.5},{"x":2.5,"y":-1.5},{"x":3.5,"y":-1.5},{"x":4.5,"y":-1.5},{"x":5.5,"y":-1.5},{"x":6.5,"y":-1.5},{"x":7.5,"y":-1.5},{"x":8.5,"y":-1.5},{"x":9.5,"y":-1.5}]},{"index":1,"tiles":[{"x":1.5,"y":-8.5},{"x":2.5,"y":-8.5},{"x":3.5,"y":-8.5},{"x":4.5,"y":-8.5},{"x":5.5,"y":-8.5},{"x":6.5,"y":-8.5},{"x":7.5,"y":-8.5},{"x":8.5,"y":-8.5},{"x":9.5,"y":-8.5},{"x":2.5,"y":-7},{"x":3.5,"y":-7},{"x":4.5,"y":-7},{"x":5.5,"y":-7},{"x":6.5,"y":-7},{"x":7.5,"y":-7},{"x":8.5,"y":-7},{"x":2.5,"y":-6},{"x":3.5,"y":-6},{"x":4.5,"y":-6},{"x":5.5,"y":-6},{"x":6.5,"y":-6},{"x":7.5,"y":-6},{"x":8.5,"y":-6},{"x":2.5,"y":-5},{"x":3.5,"y":-5},{"x":4.5,"y":-5},{"x":5.5,"y":-5},{"x":6.5,"y":-5},{"x":7.5,"y":-5},{"x":8.5,"y":-5},{"x":2.5,"y":-4},{"x":3.5,"y":-4},{"x":4.5,"y":-4},{"x":5.5,"y":-4},{"x":6.5,"y":-4},{"x":7.5,"y":-4},{"x":8.5,"y":-4},{"x":2.5,"y":-3},{"x":3.5,"y":-3},{"x":4.5,"y":-3},{"x":5.5,"y":-3},{"x":6.5,"y":-3},{"x":7.5,"y":-3},{"x":8.5,"y":-3},{"x":1.5,"y":-1.5},{"x":2.5,"y":-1.5},{"x":3.5,"y":-1.5},{"x":4.5,"y":-1.5},{"x":5.5,"y":-1.5},{"x":6.5,"y":-1.5},{"x":7.5,"y":-1.5},{"x":8.5,"y":-1.5},{"x":9.5,"y":-1.5}]},{"index":2,"tiles":[{"x":3,"y":-6.5},{"x":4,"y":-6.5},{"x":5,"y":-6.5},{"x":6,"y":-6.5},{"x":7,"y":-6.5},{"x":8,"y":-6.5},{"x":3,"y":-5.5},{"x":4,"y":-5.5},{"x":5,"y":-5.5},{"x":6,"y":-5.5},{"x":7,"y":-5.5},{"x":8,"y":-5.5},{"x":3,"y":-4.5},{"x":4,"y":-4.5},{"x":5,"y":-4.5},{"x":6,"y":-4.5},{"x":7,"y":-4.5},{"x":8,"y":-4.5},{"x":3,"y":-3.5},{"x":4,"y":-3.5},{"x":5,"y":-3.5},{"x":6,"y":-3.5},{"x":7,"y":-3.5},{"x":8,"y":-3.5}]},{"index":3,"tiles":[{"x":3.5,"y":-6},{"x":4.5,"y":-6},{"x":5.5,"y":-6},{"x":6.5,"y":-6},{"x":7.5,"y":-6},{"x":3.5,"y":-5},{"x":4.5,"y":-5},{"x":5.5,"y":-5},{"x":6.5,"y":-5},{"x":7.5,"y":-5},{"x":3.5,"y":-4},{"x":4.5,"y":-4},{"x":5.5,"y":-4},{"x":6.5,"y":-4},{"x":7.5,"y":-4}]}],"seeds":["gWNhqgc+orKAQVOBn9eIwcSJQUiAYsGMjOFIHPcIFiaEoMldx8QUWidUYBBZVQVRRed92zYN3DCEVJNlYCgSCcRMpLGklEMhCQEGDSd6WqWEx9cRIicqyrcUYdcg3yB2YuidTciVXWShggculeR8FwgA"]},{"layers":[{"index":0,"tiles":[{"x":3,"y":-9},{"x":8,"y":-9},{"x":2,"y":-8.5},{"x":9,"y":-8.5},{"x":2,"y":-7.5},{"x":9,"y":-7.5},{"x":4,"y":-7},{"x":5.5,"y":-7},{"x":7,"y":-7},{"x":2,"y":-6.5},{"x":9,"y":-6.5},{"x":3,"y":-6},{"x":5,"y":-6},{"x":6,"y":-6},{"x":8,"y":-6},{"x":2,"y":-5.5},{"x":9,"y":-5.5},{"x":2,"y":-4.5},{"x":9,"y":-4.5},{"x":3,"y":-4},{"x":5,"y":-4},{"x":6,"y":-4},{"x":8,"y":-4},{"x":2,"y":-3.5},{"x":9,"y":-3.5},{"x":4,"y":-3},{"x":5.5,"y":-3},{"x":7,"y":-3},{"x":2,"y":-2.5},{"x":9,"y":-2.5},{"x":2,"y":-1.5},{"x":9,"y":-1.5},{"x":3,"y":-1},{"x":8,"y":-1}]},{"index":1,"tiles":[{"x":3,"y":-9},{"x":8,"y":-9},{"x":2,"y":-8.5},{"x":9,"y":-8.5},{"x":2,"y":-7.5},{"x":9,"y":-7.5},{"x":4,"y":-7},{"x":5.5,"y":-7},{"x":7,"y":-7},{"x":2,"y":-6.5},{"x":9,"y":-6.5},{"x":3,"y":-6},{"x":5,"y":-6},{"x":6,"y":-6},{"x":8,"y":-6},{"x":2,"y":-5.5},{"x":9,"y":-5.5},{"x":2,"y":-4.5},{"x":9,"y":-4.5},{"x":3,"y":-4},{"x":5,"y":-4},{"x":6,"y":-4},{"x":8,"y":-4},{"x":2,"y":-3.5},{"x":9,"y":-3.5},{"x":4,"y":-3},{"x":5.5,"y":-3},{"x":7,"y":-3},{"x":2,"y":-2.5},{"x":9,"y":-2.5},{"x":2,"y":-1.5},{"x":9,"y":-1.5},{"x":3,"y":-1},{"x":8,"y":-1}]},{"index":2,"tiles":[{"x":3,"y":-9},{"x":8,"y":-9},{"x":2,"y":-8.5},{"x":9,"y":-8.5},{"x":2,"y":-7.5},{"x":9,"y":-7.5},{"x":4,"y":-7},{"x":5.5,"y":-7},{"x":7,"y":-7},{"x":2,"y":-6.5},{"x":9,"y":-6.5},{"x":3,"y":-6},{"x":5,"y":-6},{"x":6,"y":-6},{"x":8,"y":-6},{"x":2,"y":-5.5},{"x":9,"y":-5.5},{"x":2,"y":-4.5},{"x":9,"y":-4.5},{"x":3,"y":-4},{"x":5,"y":-4},{"x":6,"y":-4},{"x":8,"y":-4},{"x":2,"y":-3.5},{"x":9,"y":-3.5},{"x":4,"y":-3},{"x":5.5,"y":-3},{"x":7,"y":-3},{"x":2,"y":-2.5},{"x":9,"y":-2.5},{"x":2,"y":-1.5},{"x":9,"y":-1.5},{"x":3,"y":-1},{"x":8,"y":-1}]}],"seeds":["jAROS8hlIthJYHJZpecpn2KIIHR2nMMFacBBjRBqaoQE3CNiWxceDoWI2xSKgtUVyvdFB/NoaDBcYoGZoUF4FZFw4TBSGVkp3gKCXwMA"]},{"layers":[{"index":0,"tiles":[{"x":2,"y":-9},{"x":4.5,"y":-9},{"x":6.5,"y":-9},{"x":9,"y":-9},{"x":2.5,"y":-8},{"x":5,"y":-8},{"x":6,"y":-8},{"x":8.5,"y":-8},{"x":3.5,"y":-7.5},{"x":7.5,"y":-7.5},{"x":2.5,"y":-7},{"x":4.5,"y":-7},{"x":6.5,"y":-7},{"x":8.5,"y":-7},{"x":2.5,"y":-6},{"x":3.5,"y":-6},{"x":5,"y":-6},{"x":6,"y":-6},{"x":7.5,"y":-6},{"x":8.5,"y":-6},{"x":2,"y":-5},{"x":5,"y":-5},{"x":6,"y":-5},{"x":9,"y":-5},{"x":3,"y":-4.5},{"x":8,"y":-4.5},{"x":3,"y":-3.5},{"x":4,"y":-3.5},{"x":7,"y":-3.5},{"x":8,"y":-3.5},{"x":4.5,"y":-2.5},{"x":6.5,"y":-2.5},{"x":5,"y":-1.5},{"x":6,"y":-1.5}]},{"index":1,"tiles":[{"x":2,"y":-9},{"x":4.5,"y":-9},{"x":6.5,"y":-9},{"x":9,"y":-9},{"x":2.5,"y":-8},{"x":5,"y":-8},{"x":6,"y":-8},{"x":8.5,"y":-8},{"x":3.5,"y":-7.5},{"x":7.5,"y":-7.5},{"x":2.5,"y":-7},{"x":4.5,"y":-7},{"x":6.5,"y":-7},{"x":8.5,"y":-7},{"x":2.5,"y":-6},{"x":3.5,"y":-6},{"x":5,"y":-6},{"x":6,"y":-6},{"x":7.5,"y":-6},{"x":8.5,"y":-6},{"x":2,"y":-5},{"x":5,"y":-5},{"x":6,"y":-5},{"x":9,"y":-5},{"x":3,"y":-4.5},{"x":8,"y":-4.5},{"x":3,"y":-3.5},{"x":4,"y":-3.5},{"x":7,"y":-3.5},{"x":8,"y":-3.5},{"x":4.5,"y":-2.5},{"x":6.5,"y":-2.5},{"x":5,"y":-1.5},{"x":6,"y":-1.5}]},{"index":2,"tiles":[{"x":2,"y":-9},{"x":4.5,"y":-9},{"x":6.5,"y":-9},{"x":9,"y":-9},{"x":2.5,"y":-8},{"x":5,"y":-8},{"x":6,"y":-8},{"x":8.5,"y":-8},{"x":3.5,"y":-7.5},{"x":7.5,"y":-7.5},{"x":2.5,"y":-7},{"x":4.5,"y":-7},{"x":6.5,"y":-7},{"x":8.5,"y":-7},{"x":2.5,"y":-6},{"x":3.5,"y":-6},{"x":5,"y":-6},{"x":6,"y":-6},{"x":7.5,"y":-6},{"x":8.5,"y":-6},{"x":2,"y":-5},{"x":5,"y":-5},{"x":6,"y":-5},{"x":9,"y":-5},{"x":3,"y":-4.5},{"x":8,"y":-4.5},{"x":3,"y":-3.5},{"x":4,"y":-3.5},{"x":7,"y":-3.5},{"x":8,"y":-3.5},{"x":4.5,"y":-2.5},{"x":6.5,"y":-2.5},{"x":5,"y":-1.5},{"x":6,"y":-1.5}]}],"seeds":["Xyh+YmdwSFZ4Hac8ghpYUXNQJZOFHEGAHiieR4VhXNF4l+alYccMT2IIpARKy/BFUaU4iAVCXfJ1oBaEo0hNziSC4QeanQheIbpA0QcA"]},{"layers":[{"index":0,"tiles":[{"x":1.5,"y":-8.5},{"x":2.5,"y":-8.5},{"x":5.5,"y":-8.5},{"x":8.5,"y":-8.5},{"x":9.5,"y":-8.5},{"x":4.5,"y":-8},{"x":6.5,"y":-8},{"x":2,"y":-7.5},{"x":9,"y":-7.5},{"x":3,"y":-7},{"x":4.5,"y":-7},{"x":5.5,"y":-7},{"x":6.5,"y":-7},{"x":8,"y":-7},{"x":1.5,"y":-6.5},{"x":9.5,"y":-6.5},{"x":3,"y":-6},{"x":4,"y":-6},{"x":5,"y":-6},{"x":6,"y":-6},{"x":7,"y":-6},{"x":8,"y":-6},{"x":1.5,"y":-5.5},{"x":9.5,"y":-5.5},{"x":3,"y":-5},{"x":4,"y":-5},{"x":7,"y":-5},{"x":8,"y":-5},{"x":2,"y":-4},{"x":3,"y":-4},{"x":4,"y":-4},{"x":7,"y":-4},{"x":8,"y":-4},{"x":9,"y":-4},{"x":5,"y":-3.5},{"x":6,"y":-3.5},{"x":4,"y":-3},{"x":7,"y":-3},{"x":1.5,"y":-2.5},{"x":2.5,"y":-2.5},{"x":5,"y":-2.5},{"x":6,"y":-2.5},{"x":8.5,"y":-2.5},{"x":9.5,"y":-2.5},{"x":2,"y":-1.5},{"x":3.5,"y":-1.5},{"x":5,"y":-1.5},{"x":6,"y":-1.5},{"x":7.5,"y":-1.5},{"x":9,"y":-1.5}]},{"index":1,"tiles":[{"x":1.5,"y":-8.5},{"x":2.5,"y":-8.5},{"x":5.5,"y":-8.5},{"x":8.5,"y":-8.5},{"x":9.5,"y":-8.5},{"x":4.5,"y":-8},{"x":6.5,"y":-8},{"x":2,"y":-7.5},{"x":9,"y":-7.5},{"x":3,"y":-7},{"x":4.5,"y":-7},{"x":5.5,"y":-7},{"x":6.5,"y":-7},{"x":8,"y":-7},{"x":1.5,"y":-6.5},{"x":9.5,"y":-6.5},{"x":3,"y":-6},{"x":4,"y":-6},{"x":5,"y":-6},{"x":6,"y":-6},{"x":7,"y":-6},{"x":8,"y":-6},{"x":1.5,"y":-5.5},{"x":9.5,"y":-5.5},{"x":3,"y":-5},{"x":4,"y":-5},{"x":7,"y":-5},{"x":8,"y":-5},{"x":2,"y":-4},{"x":3,"y":-4},{"x":4,"y":-4},{"x":7,"y":-4},{"x":8,"y":-4},{"x":9,"y":-4},{"x":5,"y":-3.5},{"x":6,"y":-3.5},{"x":4,"y":-3},{"x":7,"y":-3},{"x":1.5,"y":-2.5},{"x":2.5,"y":-2.5},{"x":5,"y":-2.5},{"x":6,"y":-2.5},{"x":8.5,"y":-2.5},{"x":9.5,"y":-2.5},{"x":2,"y":-1.5},{"x":3.5,"y":-1.5},{"x":5,"y":-1.5},{"x":6,"y":-1.5},{"x":7.5,"y":-1.5},{"x":9,"y":-1.5}]},{"index":2,"tiles":[{"x":1.5,"y":-8.5},{"x":2.5,"y":-8.5},{"x":8.5,"y":-8.5},{"x":9.5,"y":-8.5},{"x":2,"y":-7.5},{"x":9,"y":-7.5},{"x":1.5,"y":-6.5},{"x":9.5,"y":-6.5},{"x":1.5,"y":-5.5},{"x":9.5,"y":-5.5},{"x":1.5,"y":-2.5},{"x":2.5,"y":-2.5},{"x":8.5,"y":-2.5},{"x":9.5,"y":-2.5},{"x":2,"y":-1.5},{"x":3.5,"y":-1.5},{"x":7.5,"y":-1.5},{"x":9,"y":-1.5}]}],"seeds":["QtRNyQeOhFiAxycmoWk43nVMqNhYacIpQdc4IQgKxlQJTCeWkhpqG6Y8DEhQUACGGDcpEScpHDcE4rN8Q9ddQZZ5YQFC4BYiHgUiwjBs57dxpJdYorZUHQgA"]},{"layers":[{"index":0,"tiles":[{"x":2,"y":-8.5},{"x":9,"y":-8.5},{"x":3,"y":-8},{"x":5,"y":-8},{"x":6,"y":-8},{"x":8,"y":-8},{"x":2,"y":-7.5},{"x":9,"y":-7.5},{"x":4,"y":-7},{"x":5,"y":-7},{"x":6,"y":-7},{"x":7,"y":-7},{"x":2,"y":-6.5},{"x":9,"y":-6.5},{"x":3,"y":-6},{"x":8,"y":-6},{"x":2,"y":-5.5},{"x":4,"y":-5.5},{"x":5,"y":-5.5},{"x":6,"y":-5.5},{"x":7,"y":-5.5},{"x":9,"y":-5.5},{"x":2,"y":-4.5},{"x":5,"y":-4.5},{"x":6,"y":-4.5},{"x":9,"y":-4.5},{"x":4,"y":-4},{"x":7,"y":-4},{"x":2,"y":-3.5},{"x":3,"y":-3.5},{"x":5,"y":-3.5},{"x":6,"y":-3.5},{"x":8,"y":-3.5},{"x":9,"y":-3.5},{"x":4,"y":-3},{"x":7,"y":-3},{"x":3,"y":-2.5},{"x":8,"y":-2.5},{"x":2,"y":-2},{"x":5,"y":-2},{"x":6,"y":-2},{"x":9,"y":-2},{"x":3,"y":-1.5},{"x":4,"y":-1.5},{"x":7,"y":-1.5},{"x":8,"y":-1.5}]},{"index":1,"tiles":[{"x":2,"y":-8.5},{"x":9,"y":-8.5},{"x":3,"y":-8},{"x":5,"y":-8},{"x":6,"y":-8},{"x":8,"y":-8},{"x":2,"y":-7.5},{"x":9,"y":-7.5},{"x":4,"y":-7},{"x":5,"y":-7},{"x":6,"y":-7},{"x":7,"y":-7},{"x":2,"y":-6.5},{"x":9,"y":-6.5},{"x":3,"y":-6},{"x":8,"y":-6},{"x":2,"y":-5.5},{"x":4,"y":-5.5},{"x":5,"y":-5.5},{"x":6,"y":-5.5},{"x":7,"y":-5.5},{"x":9,"y":-5.5},{"x":2,"y":-4.5},{"x":5,"y":-4.5},{"x":6,"y":-4.5},{"x":9,"y":-4.5},{"x":4,"y":-4},{"x":7,"y":-4},{"x":2,"y":-3.5},{"x":3,"y":-3.5},{"x":5,"y":-3.5},{"x":6,"y":-3.5},{"x":8,"y":-3.5},{"x":9,"y":-3.5},{"x":4,"y":-3},{"x":7,"y":-3},{"x":3,"y":-2.5},{"x":8,"y":-2.5},{"x":2,"y":-2},{"x":5,"y":-2},{"x":6,"y":-2},{"x":9,"y":-2},{"x":3,"y":-1.5},{"x":4,"y":-1.5},{"x":7,"y":-1.5},{"x":8,"y":-1.5}]},{"index":2,"tiles":[{"x":2,"y":-8.5},{"x":9,"y":-8.5},{"x":3,"y":-8},{"x":5,"y":-8},{"x":6,"y":-8},{"x":8,"y":-8},{"x":2,"y":-7.5},{"x":9,"y":-7.5},{"x":4,"y":-7},{"x":5,"y":-7},{"x":6,"y":-7},{"x":7,"y":-7},{"x":2,"y":-6.5},{"x":9,"y":-6.5},{"x":3,"y":-6},{"x":8,"y":-6},{"x":2,"y":-5.5},{"x":4,"y":-5.5},{"x":5,"y":-5.5},{"x":6,"y":-5.5},{"x":7,"y":-5.5},{"x":9,"y":-5.5},{"x":2,"y":-4.5},{"x":5,"y":-4.5},{"x":6,"y":-4.5},{"x":9,"y":-4.5},{"x":4,"y":-4},{"x":7,"y":-4},{"x":2,"y":-3.5},{"x":3,"y":-3.5},{"x":5,"y":-3.5},{"x":6,"y":-3.5},{"x":8,"y":-3.5},{"x":9,"y":-3.5},{"x":4,"y":-3},{"x":7,"y":-3},{"x":3,"y":-2.5},{"x":8,"y":-2.5},{"x":2,"y":-2},{"x":5,"y":-2},{"x":6,"y":-2},{"x":9,"y":-2},{"x":3,"y":-1.5},{"x":4,"y":-1.5},{"x":7,"y":-1.5},{"x":8,"y":-1.5}]}],"seeds":["HScZFlVwxActC8iJ3PCF3iRMoScexAgOlFVSR4V4Fpd0YchdBRMyIhosShgQTLOEKkFxqfg0GRgI3HaCnKU8ZJd9miKJ2NdwTBUJF/gNmoh1juiJoNBNHQJVjueFwwdWoDklSrMZQQQA"]},{"layers":[{"index":0,"tiles":[{"x":2,"y":-8},{"x":3,"y":-8},{"x":4,"y":-8},{"x":5,"y":-8},{"x":6,"y":-8},{"x":7,"y":-8},{"x":8,"y":-8},{"x":9,"y":-8},{"x":3.5,"y":-7},{"x":4.5,"y":-7},{"x":5.5,"y":-7},{"x":6.5,"y":-7},{"x":7.5,"y":-7},{"x":8.5,"y":-7},{"x":2,"y":-6},{"x":3,"y":-6},{"x":4,"y":-6},{"x":5,"y":-6},{"x":6,"y":-6},{"x":7,"y":-6},{"x":8,"y":-6},{"x":9,"y":-6},{"x":2.5,"y":-5},{"x":3.5,"y":-5},{"x":4.5,"y":-5},{"x":5.5,"y":-5},{"x":6.5,"y":-5},{"x":7.5,"y":-5},{"x":2,"y":-4},{"x":3,"y":-4},{"x":4,"y":-4},{"x":5,"y":-4},{"x":6,"y":-4},{"x":7,"y":-4},{"x":8,"y":-4},{"x":9,"y":-4},{"x":3.5,"y":-3},{"x":4.5,"y":-3},{"x":5.5,"y":-3},{"x":6.5,"y":-3},{"x":7.5,"y":-3},{"x":8.5,"y":-3},{"x":2,"y":-2},{"x":3,"y":-2},{"x":4,"y":-2},{"x":5,"y":-2},{"x":6,"y":-2},{"x":7,"y":-2},{"x":8,"y":-2},{"x":9,"y":-2}]},{"index":1,"tiles":[{"x":2,"y":-8},{"x":3,"y":-8},{"x":4,"y":-8},{"x":5,"y":-8},{"x":6,"y":-8},{"x":7,"y":-8},{"x":8,"y":-8},{"x":9,"y":-8},{"x":3.5,"y":-7},{"x":4.5,"y":-7},{"x":5.5,"y":-7},{"x":6.5,"y":-7},{"x":7.5,"y":-7},{"x":2,"y":-6},{"x":3,"y":-6},{"x":4,"y":-6},{"x":5,"y":-6},{"x":6,"y":-6},{"x":7,"y":-6},{"x":8,"y":-6},{"x":9,"y":-6},{"x":3.5,"y":-5},{"x":4.5,"y":-5},{"x":5.5,"y":-5},{"x":6.5,"y":-5},{"x":7.5,"y":-5},{"x":2,"y":-4},{"x":3,"y":-4},{"x":4,"y":-4},{"x":5,"y":-4},{"x":6,"y":-4},{"x":7,"y":-4},{"x":8,"y":-4},{"x":9,"y":-4},{"x":3.5,"y":-3},{"x":4.5,"y":-3},{"x":5.5,"y":-3},{"x":6.5,"y":-3},{"x":7.5,"y":-3},{"x":2,"y":-2},{"x":3,"y":-2},{"x":4,"y":-2},{"x":5,"y":-2},{"x":6,"y":-2},{"x":7,"y":-2},{"x":8,"y":-2},{"x":9,"y":-2}]},{"index":2,"tiles":[{"x":2,"y":-8},{"x":3,"y":-8},{"x":4,"y":-8},{"x":5,"y":-8},{"x":6,"y":-8},{"x":7,"y":-8},{"x":8,"y":-8},{"x":9,"y":-8},{"x":3.5,"y":-7},{"x":4.5,"y":-7},{"x":5.5,"y":-7},{"x":6.5,"y":-7},{"x":2,"y":-6},{"x":3,"y":-6},{"x":4,"y":-6},{"x":5,"y":-6},{"x":6,"y":-6},{"x":7,"y":-6},{"x":8,"y":-6},{"x":9,"y":-6},{"x":4.5,"y":-5},{"x":5.5,"y":-5},{"x":6.5,"y":-5},{"x":7.5,"y":-5},{"x":2,"y":-4},{"x":3,"y":-4},{"x":4,"y":-4},{"x":5,"y":-4},{"x":6,"y":-4},{"x":7,"y":-4},{"x":8,"y":-4},{"x":9,"y":-4},{"x":3.5,"y":-3},{"x":4.5,"y":-3},{"x":5.5,"y":-3},{"x":6.5,"y":-3},{"x":2,"y":-2},{"x":3,"y":-2},{"x":4,"y":-2},{"x":5,"y":-2},{"x":6,"y":-2},{"x":7,"y":-2},{"x":8,"y":-2},{"x":9,"y":-2}]},{"index":3,"tiles":[{"x":3.5,"y":-7},{"x":4.5,"y":-7},{"x":5.5,"y":-7},{"x":5.5,"y":-5},{"x":6.5,"y":-5},{"x":7.5,"y":-5},{"x":3.5,"y":-3},{"x":4.5,"y":-3},{"x":5.5,"y":-3}]},{"index":4,"tiles":[{"x":3.5,"y":-7},{"x":4.5,"y":-7},{"x":6.5,"y":-5},{"x":7.5,"y":-5},{"x":3.5,"y":-3},{"x":4.5,"y":-3}]}],"seeds":["RDE0jTIJUzdEFlYVVkZSi/ZwnxMa4RUkx+dV1eIxqrZxn0VwFNeJCnqOB0aE3CNOgdKJoCgyYMMswpA02CeWoeAJTkdIkqF4ILh8n+N51mWBjgcGoYWYIhiKkIVsIlVxViR2EEVQlJWBYRpModV5HEcwIiYO"]},{"layers":[{"index":0,"tiles":[{"x":5,"y":-9},{"x":6,"y":-9},{"x":4.5,"y":-8},{"x":6.5,"y":-8},{"x":2.5,"y":-7},{"x":3.5,"y":-7},{"x":5,"y":-7},{"x":6,"y":-7},{"x":7.5,"y":-7},{"x":8.5,"y":-7},{"x":2.5,"y":-6},{"x":3.5,"y":-6},{"x":5,"y":-6},{"x":6,"y":-6},{"x":7.5,"y":-6},{"x":8.5,"y":-6},{"x":2.5,"y":-5},{"x":4,"y":-5},{"x":7,"y":-5},{"x":8.5,"y":-5},{"x":2.5,"y":-4},{"x":8.5,"y":-4},{"x":3.5,"y":-3},{"x":7.5,"y":-3},{"x":4.5,"y":-2},{"x":6.5,"y":-2},{"x":4.5,"y":-1},{"x":6.5,"y":-1}]},{"index":1,"tiles":[{"x":5,"y":-9},{"x":6,"y":-9},{"x":4.5,"y":-8},{"x":6.5,"y":-8},{"x":2.5,"y":-7},{"x":3.5,"y":-7},{"x":5,"y":-7},{"x":6,"y":-7},{"x":7.5,"y":-7},{"x":8.5,"y":-7},{"x":2.5,"y":-6},{"x":3.5,"y":-6},{"x":5,"y":-6},{"x":6,"y":-6},{"x":7.5,"y":-6},{"x":8.5,"y":-6},{"x":2.5,"y":-5},{"x":4,"y":-5},{"x":7,"y":-5},{"x":8.5,"y":-5},{"x":2.5,"y":-4},{"x":8.5,"y":-4},{"x":3.5,"y":-3},{"x":7.5,"y":-3},{"x":4.5,"y":-2},{"x":6.5,"y":-2},{"x":4.5,"y":-1},{"x":6.5,"y":-1}]},{"index":2,"tiles":[{"x":5,"y":-9},{"x":6,"y":-9},{"x":4.5,"y":-8},{"x":6.5,"y":-8},{"x":2.5,"y":-7},{"x":3.5,"y":-7},{"x":5,"y":-7},{"x":6,"y":-7},{"x":7.5,"y":-7},{"x":8.5,"y":-7},{"x":2.5,"y":-6},{"x":3.5,"y":-6},{"x":5,"y":-6},{"x":6,"y":-6},{"x":7.5,"y":-6},{"x":8.5,"y":-6},{"x":2.5,"y":-5},{"x":4,"y":-5},{"x":7,"y":-5},{"x":8.5,"y":-5},{"x":2.5,"y":-4},{"x":8.5,"y":-4},{"x":3.5,"y":-3},{"x":7.5,"y":-3},{"x":4.5,"y":-2},{"x":6.5,"y":-2},{"x":4.5,"y":-1},{"x":6.5,"y":-1}]},{"index":3,"tiles":[{"x":5,"y":-9},{"x":6,"y":-9},{"x":4.5,"y":-8},{"x":6.5,"y":-8},{"x":2.5,"y":-7},{"x":3.5,"y":-7},{"x":5,"y":-7},{"x":6,"y":-7},{"x":7.5,"y":-7},{"x":8.5,"y":-7},{"x":2.5,"y":-6},{"x":3.5,"y":-6},{"x":5,"y":-6},{"x":6,"y":-6},{"x":7.5,"y":-6},{"x":8.5,"y":-6},{"x":2.5,"y":-5},{"x":4,"y":-5},{"x":7,"y":-5},{"x":8.5,"y":-5},{"x":2.5,"y":-4},{"x":8.5,"y":-4},{"x":3.5,"y":-3},{"x":7.5,"y":-3},{"x":4.5,"y":-2},{"x":6.5,"y":-2},{"x":4.5,"y":-1},{"x":6.5,"y":-1}]}],"seeds":["znY6BwZ+kMIhCBlWFMiAUJkwl7GBVPANIxd+ImeGEsiJ4HA8DxpFnShKHbg9lBEt4iUklUcFhad53iJyXqM+YfR1xNR0nsaBGCFYUxZanpIWYeZt"]},{"layers":[{"index":0,"tiles":[{"x":4.5,"y":-9},{"x":6.5,"y":-9},{"x":3,"y":-8},{"x":5,"y":-8},{"x":6,"y":-8},{"x":8,"y":-8},{"x":2.5,"y":-7},{"x":5,"y":-7},{"x":6,"y":-7},{"x":8.5,"y":-7},{"x":3,"y":-6},{"x":5,"y":-6},{"x":6,"y":-6},{"x":8,"y":-6},{"x":4,"y":-5},{"x":5,"y":-5},{"x":6,"y":-5},{"x":7,"y":-5},{"x":2,"y":-4},{"x":5,"y":-4},{"x":6,"y":-4},{"x":9,"y":-4},{"x":4,"y":-3},{"x":5,"y":-3},{"x":6,"y":-3},{"x":7,"y":-3},{"x":2.5,"y":-2},{"x":5,"y":-2},{"x":6,"y":-2},{"x":8.5,"y":-2},{"x":4,"y":-1.5},{"x":7,"y":-1.5},{"x":3,"y":-1},{"x":5,"y":-1},{"x":6,"y":-1},{"x":8,"y":-1}]},{"index":1,"tiles":[{"x":4.5,"y":-9},{"x":6.5,"y":-9},{"x":3,"y":-8},{"x":5,"y":-8},{"x":6,"y":-8},{"x":8,"y":-8},{"x":2.5,"y":-7},{"x":5,"y":-7},{"x":6,"y":-7},{"x":8.5,"y":-7},{"x":3,"y":-6},{"x":5,"y":-6},{"x":6,"y":-6},{"x":8,"y":-6},{"x":4,"y":-5},{"x":5,"y":-5},{"x":6,"y":-5},{"x":7,"y":-5},{"x":5,"y":-4},{"x":6,"y":-4},{"x":9,"y":-4},{"x":4,"y":-3},{"x":5,"y":-3},{"x":6,"y":-3},{"x":7,"y":-3},{"x":2.5,"y":-2},{"x":5,"y":-2},{"x":6,"y":-2},{"x":8.5,"y":-2},{"x":4,"y":-1.5},{"x":7,"y":-1.5},{"x":3,"y":-1},{"x":5,"y":-1},{"x":6,"y":-1},{"x":8,"y":-1}]},{"index":2,"tiles":[{"x":4.5,"y":-9},{"x":6.5,"y":-9},{"x":3,"y":-8},{"x":5,"y":-8},{"x":6,"y":-8},{"x":8,"y":-8},{"x":2.5,"y":-7},{"x":5,"y":-7},{"x":6,"y":-7},{"x":8.5,"y":-7},{"x":3,"y":-6},{"x":5,"y":-6},{"x":6,"y":-6},{"x":8,"y":-6},{"x":4,"y":-5},{"x":5,"y":-5},{"x":6,"y":-5},{"x":7,"y":-5},{"x":5,"y":-4},{"x":6,"y":-4},{"x":9,"y":-4},{"x":4,"y":-3},{"x":5,"y":-3},{"x":6,"y":-3},{"x":7,"y":-3},{"x":2.5,"y":-2},{"x":5,"y":-2},{"x":6,"y":-2},{"x":8.5,"y":-2},{"x":4,"y":-1.5},{"x":7,"y":-1.5},{"x":3,"y":-1},{"x":5,"y":-1},{"x":6,"y":-1},{"x":8,"y":-1}]}],"seeds":["xJCInPdYCUd+AQIG5giJnTNp4uVwYqWEm0p1W/SBgYCGlfilHqJ851A8DddBTGdFhwAqIBhqHJZx4GSES7AcV0hNHsZMYicZhKdkndSURQgA"]},{"layers":[{"index":0,"tiles":[{"x":1.5,"y":-8.5},{"x":5,"y":-8.5},{"x":6,"y":-8.5},{"x":9.5,"y":-8.5},{"x":2.5,"y":-8},{"x":4,"y":-8},{"x":7,"y":-8},{"x":8.5,"y":-8},{"x":1.5,"y":-7.5},{"x":5,"y":-7.5},{"x":6,"y":-7.5},{"x":9.5,"y":-7.5},{"x":3.5,"y":-7},{"x":7.5,"y":-7},{"x":1.5,"y":-6.5},{"x":2.5,"y":-6.5},{"x":5.5,"y":-6.5},{"x":8.5,"y":-6.5},{"x":9.5,"y":-6.5},{"x":3.5,"y":-6},{"x":4.5,"y":-6},{"x":6.5,"y":-6},{"x":7.5,"y":-6},{"x":1.5,"y":-5.5},{"x":9.5,"y":-5.5},{"x":1.5,"y":-4.5},{"x":9.5,"y":-4.5},{"x":3.5,"y":-4},{"x":4.5,"y":-4},{"x":6.5,"y":-4},{"x":7.5,"y":-4},{"x":1.5,"y":-3.5},{"x":2.5,"y":-3.5},{"x":5.5,"y":-3.5},{"x":8.5,"y":-3.5},{"x":9.5,"y":-3.5},{"x":3.5,"y":-3},{"x":7.5,"y":-3},{"x":1.5,"y":-2.5},{"x":5,"y":-2.5},{"x":6,"y":-2.5},{"x":9.5,"y":-2.5},{"x":2.5,"y":-2},{"x":4,"y":-2},{"x":7,"y":-2},{"x":8.5,"y":-2},{"x":1.5,"y":-1.5},{"x":5,"y":-1.5},{"x":6,"y":-1.5},{"x":9.5,"y":-1.5}]},{"index":1,"tiles":[{"x":1.5,"y":-8.5},{"x":5,"y":-8.5},{"x":6,"y":-8.5},{"x":9.5,"y":-8.5},{"x":2.5,"y":-8},{"x":4,"y":-8},{"x":7,"y":-8},{"x":8.5,"y":-8},{"x":1.5,"y":-7.5},{"x":5,"y":-7.5},{"x":6,"y":-7.5},{"x":9.5,"y":-7.5},{"x":3.5,"y":-7},{"x":7.5,"y":-7},{"x":1.5,"y":-6.5},{"x":2.5,"y":-6.5},{"x":5.5,"y":-6.5},{"x":8.5,"y":-6.5},{"x":9.5,"y":-6.5},{"x":3.5,"y":-6},{"x":4.5,"y":-6},{"x":6.5,"y":-6},{"x":7.5,"y":-6},{"x":1.5,"y":-5.5},{"x":9.5,"y":-5.5},{"x":1.5,"y":-4.5},{"x":9.5,"y":-4.5},{"x":3.5,"y":-4},{"x":4.5,"y":-4},{"x":6.5,"y":-4},{"x":7.5,"y":-4},{"x":1.5,"y":-3.5},{"x":2.5,"y":-3.5},{"x":5.5,"y":-3.5},{"x":8.5,"y":-3.5},{"x":9.5,"y":-3.5},{"x":3.5,"y":-3},{"x":7.5,"y":-3},{"x":1.5,"y":-2.5},{"x":5,"y":-2.5},{"x":6,"y":-2.5},{"x":9.5,"y":-2.5},{"x":2.5,"y":-2},{"x":4,"y":-2},{"x":7,"y":-2},{"x":8.5,"y":-2},{"x":1.5,"y":-1.5},{"x":5,"y":-1.5},{"x":6,"y":-1.5},{"x":9.5,"y":-1.5}]},{"index":2,"tiles":[{"x":1.5,"y":-8.5},{"x":9.5,"y":-8.5},{"x":1.5,"y":-7.5},{"x":9.5,"y":-7.5},{"x":1.5,"y":-6.5},{"x":9.5,"y":-6.5},{"x":1.5,"y":-5.5},{"x":9.5,"y":-5.5},{"x":1.5,"y":-4.5},{"x":9.5,"y":-4.5},{"x":1.5,"y":-3.5},{"x":9.5,"y":-3.5},{"x":1.5,"y":-2.5},{"x":9.5,"y":-2.5},{"x":1.5,"y":-1.5},{"x":9.5,"y":-1.5}]}],"seeds":["TegUAxhUTBVx1OFFgickHTJ8KHVi3TdNzcNxnLSEjygymPJNIFiEhymUKSiKWbCQktMZVpNkCgQuVxdyXgAS4AaKYkN4l9J1UxcqGjcGi2oJ3RZqH4QY"]},{"layers":[{"index":0,"tiles":[{"x":1.5,"y":-8.5},{"x":2.5,"y":-8.5},{"x":3.5,"y":-8.5},{"x":4.5,"y":-8.5},{"x":5.5,"y":-8.5},{"x":6.5,"y":-8.5},{"x":7.5,"y":-8.5},{"x":8.5,"y":-8.5},{"x":9.5,"y":-8.5},{"x":2,"y":-7.5},{"x":3,"y":-7.5},{"x":4,"y":-7.5},{"x":5.5,"y":-7.5},{"x":7,"y":-7.5},{"x":8,"y":-7.5},{"x":9,"y":-7.5},{"x":2,"y":-6.5},{"x":3,"y":-6.5},{"x":4,"y":-6.5},{"x":5.5,"y":-6.5},{"x":7,"y":-6.5},{"x":8,"y":-6.5},{"x":9,"y":-6.5},{"x":2.5,"y":-5.5},{"x":3.5,"y":-5.5},{"x":5.5,"y":-5.5},{"x":7.5,"y":-5.5},{"x":8.5,"y":-5.5},{"x":4.5,"y":-5},{"x":6.5,"y":-5},{"x":2.5,"y":-4.5},{"x":3.5,"y":-4.5},{"x":5.5,"y":-4.5},{"x":7.5,"y":-4.5},{"x":8.5,"y":-4.5},{"x":2,"y":-3.5},{"x":3,"y":-3.5},{"x":4,"y":-3.5},{"x":5.5,"y":-3.5},{"x":7,"y":-3.5},{"x":8,"y":-3.5},{"x":9,"y":-3.5},{"x":2,"y":-2.5},{"x":3,"y":-2.5},{"x":4,"y":-2.5},{"x":5.5,"y":-2.5},{"x":7,"y":-2.5},{"x":8,"y":-2.5},{"x":9,"y":-2.5},{"x":1.5,"y":-1.5},{"x":2.5,"y":-1.5},{"x":3.5,"y":-1.5},{"x":4.5,"y":-1.5},{"x":5.5,"y":-1.5},{"x":6.5,"y":-1.5},{"x":7.5,"y":-1.5},{"x":8.5,"y":-1.5},{"x":9.5,"y":-1.5}]},{"index":1,"tiles":[{"x":1.5,"y":-8.5},{"x":2.5,"y":-8.5},{"x":3.5,"y":-8.5},{"x":4.5,"y":-8.5},{"x":5.5,"y":-8.5},{"x":6.5,"y":-8.5},{"x":7.5,"y":-8.5},{"x":8.5,"y":-8.5},{"x":9.5,"y":-8.5},{"x":2.5,"y":-7},{"x":3.5,"y":-7},{"x":4.5,"y":-7},{"x":5.5,"y":-7},{"x":6.5,"y":-7},{"x":7.5,"y":-7},{"x":8.5,"y":-7},{"x":2.5,"y":-6},{"x":3.5,"y":-6},{"x":4.5,"y":-6},{"x":5.5,"y":-6},{"x":6.5,"y":-6},{"x":7.5,"y":-6},{"x":8.5,"y":-6},{"x":2.5,"y":-5},{"x":3.5,"y":-5},{"x":4.5,"y":-5},{"x":5.5,"y":-5},{"x":6.5,"y":-5},{"x":7.5,"y":-5},{"x":8.5,"y":-5},{"x":2.5,"y":-4},{"x":3.5,"y":-4},{"x":4.5,"y":-4},{"x":5.5,"y":-4},{"x":6.5,"y":-4},{"x":7.5,"y":-4},{"x":8.5,"y":-4},{"x":2.5,"y":-3},{"x":3.5,"y":-3},{"x":4.5,"y":-3},{"x":5.5,"y":-3},{"x":6.5,"y":-3},{"x":7.5,"y":-3},{"x":8.5,"y":-3},{"x":1.5,"y":-1.5},{"x":2.5,"y":-1.5},{"x":3.5,"y":-1.5},{"x":4.5,"y":-1.5},{"x":5.5,"y":-1.5},{"x":6.5,"y":-1.5},{"x":7.5,"y":-1.5},{"x":8.5,"y":-1.5},{"x":9.5,"y":-1.5}]},{"index":2,"tiles":[{"x":3,"y":-6.5},{"x":4,"y":-6.5},{"x":5,"y":-6.5},{"x":6,"y":-6.5},{"x":7,"y":-6.5},{"x":8,"y":-6.5},{"x":3,"y":-5.5},{"x":4,"y":-5.5},{"x":5,"y":-5.5},{"x":6,"y":-5.5},{"x":7,"y":-5.5},{"x":8,"y":-5.5},{"x":3,"y":-4.5},{"x":4,"y":-4.5},{"x":5,"y":-4.5},{"x":6,"y":-4.5},{"x":7,"y":-4.5},{"x":8,"y":-4.5},{"x":3,"y":-3.5},{"x":4,"y":-3.5},{"x":5,"y":-3.5},{"x":6,"y":-3.5},{"x":7,"y":-3.5},{"x":8,"y":-3.5}]},{"index":3,"tiles":[{"x":3.5,"y":-6},{"x":4.5,"y":-6},{"x":5.5,"y":-6},{"x":6.5,"y":-6},{"x":7.5,"y":-6},{"x":3.5,"y":-5},{"x":4.5,"y":-5},{"x":5.5,"y":-5},{"x":6.5,"y":-5},{"x":7.5,"y":-5},{"x":3.5,"y":-4},{"x":4.5,"y":-4},{"x":5.5,"y":-4},{"x":6.5,"y":-4},{"x":7.5,"y":-4}]}],"seeds":["H3h8D1FRDLUVYcd1mJOFYgdqSUkGgecNjfilyFU40ASCmSdVEUhVV6NcodgwosGBXDg5nSEEAjQ9VhBVSFhYB6WGjDeFWKiBIcqJhScup0AQokI0XrcoIOdY3MVZDAgq3Dh03feFodh9UhKawjAs2wIA"]},{"layers":[{"index":0,"tiles":[{"x":3,"y":-9},{"x":8,"y":-9},{"x":2,"y":-8.5},{"x":9,"y":-8.5},{"x":2,"y":-7.5},{"x":9,"y":-7.5},{"x":4,"y":-7},{"x":5.5,"y":-7},{"x":7,"y":-7},{"x":2,"y":-6.5},{"x":9,"y":-6.5},{"x":3,"y":-6},{"x":5,"y":-6},{"x":6,"y":-6},{"x":8,"y":-6},{"x":2,"y":-5.5},{"x":9,"y":-5.5},{"x":2,"y":-4.5},{"x":9,"y":-4.5},{"x":3,"y":-4},{"x":5,"y":-4},{"x":6,"y":-4},{"x":8,"y":-4},{"x":2,"y":-3.5},{"x":9,"y":-3.5},{"x":4,"y":-3},{"x":5.5,"y":-3},{"x":7,"y":-3},{"x":2,"y":-2.5},{"x":9,"y":-2.5},{"x":2,"y":-1.5},{"x":9,"y":-1.5},{"x":3,"y":-1},{"x":8,"y":-1}]},{"index":1,"tiles":[{"x":3,"y":-9},{"x":8,"y":-9},{"x":2,"y":-8.5},{"x":9,"y":-8.5},{"x":2,"y":-7.5},{"x":9,"y":-7.5},{"x":4,"y":-7},{"x":5.5,"y":-7},{"x":7,"y":-7},{"x":2,"y":-6.5},{"x":9,"y":-6.5},{"x":3,"y":-6},{"x":5,"y":-6},{"x":6,"y":-6},{"x":8,"y":-6},{"x":2,"y":-5.5},{"x":9,"y":-5.5},{"x":2,"y":-4.5},{"x":9,"y":-4.5},{"x":3,"y":-4},{"x":5,"y":-4},{"x":6,"y":-4},{"x":8,"y":-4},{"x":2,"y":-3.5},{"x":9,"y":-3.5},{"x":4,"y":-3},{"x":5.5,"y":-3},{"x":7,"y":-3},{"x":2,"y":-2.5},{"x":9,"y":-2.5},{"x":2,"y":-1.5},{"x":9,"y":-1.5},{"x":3,"y":-1},{"x":8,"y":-1}]},{"index":2,"tiles":[{"x":3,"y":-9},{"x":8,"y":-9},{"x":2,"y":-8.5},{"x":9,"y":-8.5},{"x":2,"y":-7.5},{"x":9,"y":-7.5},{"x":4,"y":-7},{"x":5.5,"y":-7},{"x":7,"y":-7},{"x":2,"y":-6.5},{"x":9,"y":-6.5},{"x":3,"y":-6},{"x":5,"y":-6},{"x":6,"y":-6},{"x":8,"y":-6},{"x":2,"y":-5.5},{"x":9,"y":-5.5},{"x":2,"y":-4.5},{"x":9,"y":-4.5},{"x":3,"y":-4},{"x":5,"y":-4},{"x":6,"y":-4},{"x":8,"y":-4},{"x":2,"y":-3.5},{"x":9,"y":-3.5},{"x":4,"y":-3},{"x":5.5,"y":-3},{"x":7,"y":-3},{"x":2,"y":-2.5},{"x":9,"y":-2.5},{"x":2,"y":-1.5},{"x":9,"y":-1.5},{"x":3,"y":-1},{"x":8,"y":-1}]}],"seeds":["npgYWsp5n0VQIcV5Xzkuz+WEyoKJmaOBStiAjHKggkFuSlA1nMQFVxiY3ZREWUdgFXKEoQeKwrB1HAQOXGAVatEhoCSK0QdO3wkxjwgA"]},{"layers":[{"index":0,"tiles":[{"x":2,"y":-9},{"x":4.5,"y":-9},{"x":6.5,"y":-9},{"x":9,"y":-9},{"x":2.5,"y":-8},{"x":5,"y":-8},{"x":6,"y":-8},{"x":8.5,"y":-8},{"x":3.5,"y":-7.5},{"x":7.5,"y":-7.5},{"x":2.5,"y":-7},{"x":4.5,"y":-7},{"x":6.5,"y":-7},{"x":8.5,"y":-7},{"x":2.5,"y":-6},{"x":3.5,"y":-6},{"x":5,"y":-6},{"x":6,"y":-6},{"x":7.5,"y":-6},{"x":8.5,"y":-6},{"x":2,"y":-5},{"x":5,"y":-5},{"x":6,"y":-5},{"x":9,"y":-5},{"x":3,"y":-4.5},{"x":8,"y":-4.5},{"x":3,"y":-3.5},{"x":4,"y":-3.5},{"x":7,"y":-3.5},{"x":8,"y":-3.5},{"x":4.5,"y":-2.5},{"x":6.5,"y":-2.5},{"x":5,"y":-1.5},{"x":6,"y":-1.5}]},{"index":1,"tiles":[{"x":2,"y":-9},{"x":4.5,"y":-9},{"x":6.5,"y":-9},{"x":9,"y":-9},{"x":2.5,"y":-8},{"x":5,"y":-8},{"x":6,"y":-8},{"x":8.5,"y":-8},{"x":3.5,"y":-7.5},{"x":7.5,"y":-7.5},{"x":2.5,"y":-7},{"x":4.5,"y":-7},{"x":6.5,"y":-7},{"x":8.5,"y":-7},{"x":2.5,"y":-6},{"x":3.5,"y":-6},{"x":5,"y":-6},{"x":6,"y":-6},{"x":7.5,"y":-6},{"x":8.5,"y":-6},{"x":2,"y":-5},{"x":5,"y":-5},{"x":6,"y":-5},{"x":9,"y":-5},{"x":3,"y":-4.5},{"x":8,"y":-4.5},{"x":3,"y":-3.5},{"x":4,"y":-3.5},{"x":7,"y":-3.5},{"x":8,"y":-3.5},{"x":4.5,"y":-2.5},{"x":6.5,"y":-2.5},{"x":5,"y":-1.5},{"x":6,"y":-1.5}]},{"index":2,"tiles":[{"x":2,"y":-9},{"x":4.5,"y":-9},{"x":6.5,"y":-9},{"x":9,"y":-9},{"x":2.5,"y":-8},{"x":5,"y":-8},{"x":6,"y":-8},{"x":8.5,"y":-8},{"x":3.5,"y":-7.5},{"x":7.5,"y":-7.5},{"x":2.5,"y":-7},{"x":4.5,"y":-7},{"x":6.5,"y":-7},{"x":8.5,"y":-7},{"x":2.5,"y":-6},{"x":3.5,"y":-6},{"x":5,"y":-6},{"x":6,"y":-6},{"x":7.5,"y":-6},{"x":8.5,"y":-6},{"x":2,"y":-5},{"x":5,"y":-5},{"x":6,"y":-5},{"x":9,"y":-5},{"x":3,"y":-4.5},{"x":8,"y":-4.5},{"x":3,"y":-3.5},{"x":4,"y":-3.5},{"x":7,"y":-3.5},{"x":8,"y":-3.5},{"x":4.5,"y":-2.5},{"x":6.5,"y":-2.5},{"x":5,"y":-1.5},{"x":6,"y":-1.5}]}],"seeds":["UicGjbRYncAZ3nedg5h5Aeg5IIdx1RBeCwd1BlVsXBCK2LihKqKA4tGBROSFKdSIyGcSQmiB5SE+FRNwTlKEGkNxU0ZyCvg9WhR+yQQA"]},{"layers":[{"index":0,"tiles":[{"x":1.5,"y":-8.5},{"x":2.5,"y":-8.5},{"x":5.5,"y":-8.5},{"x":8.5,"y":-8.5},{"x":9.5,"y":-8.5},{"x":4.5,"y":-8},{"x":6.5,"y":-8},{"x":2,"y":-7.5},{"x":9,"y":-7.5},{"x":3,"y":-7},{"x":4.5,"y":-7},{"x":5.5,"y":-7},{"x":6.5,"y":-7},{"x":8,"y":-7},{"x":1.5,"y":-6.5},{"x":9.5,"y":-6.5},{"x":3,"y":-6},{"x":4,"y":-6},{"x":5,"y":-6},{"x":6,"y":-6},{"x":7,"y":-6},{"x":8,"y":-6},{"x":1.5,"y":-5.5},{"x":9.5,"y":-5.5},{"x":3,"y":-5},{"x":4,"y":-5},{"x":7,"y":-5},{"x":8,"y":-5},{"x":2,"y":-4},{"x":3,"y":-4},{"x":4,"y":-4},{"x":7,"y":-4},{"x":8,"y":-4},{"x":9,"y":-4},{"x":5,"y":-3.5},{"x":6,"y":-3.5},{"x":4,"y":-3},{"x":7,"y":-3},{"x":1.5,"y":-2.5},{"x":2.5,"y":-2.5},{"x":5,"y":-2.5},{"x":6,"y":-2.5},{"x":8.5,"y":-2.5},{"x":9.5,"y":-2.5},{"x":2,"y":-1.5},{"x":3.5,"y":-1.5},{"x":5,"y":-1.5},{"x":6,"y":-1.5},{"x":7.5,"y":-1.5},{"x":9,"y":-1.5}]},{"index":1,"tiles":[{"x":1.5,"y":-8.5},{"x":2.5,"y":-8.5},{"x":5.5,"y":-8.5},{"x":8.5,"y":-8.5},{"x":9.5,"y":-8.5},{"x":4.5,"y":-8},{"x":6.5,"y":-8},{"x":2,"y":-7.5},{"x":9,"y":-7.5},{"x":3,"y":-7},{"x":4.5,"y":-7},{"x":5.5,"y":-7},{"x":6.5,"y":-7},{"x":8,"y":-7},{"x":1.5,"y":-6.5},{"x":9.5,"y":-6.5},{"x":3,"y":-6},{"x":4,"y":-6},{"x":5,"y":-6},{"x":6,"y":-6},{"x":7,"y":-6},{"x":8,"y":-6},{"x":1.5,"y":-5.5},{"x":9.5,"y":-5.5},{"x":3,"y":-5},{"x":4,"y":-5},{"x":7,"y":-5},{"x":8,"y":-5},{"x":2,"y":-4},{"x":3,"y":-4},{"x":4,"y":-4},{"x":7,"y":-4},{"x":8,"y":-4},{"x":9,"y":-4},{"x":5,"y":-3.5},{"x":6,"y":-3.5},{"x":4,"y":-3},{"x":7,"y":-3},{"x":1.5,"y":-2.5},{"x":2.5,"y":-2.5},{"x":5,"y":-2.5},{"x":6,"y":-2.5},{"x":8.5,"y":-2.5},{"x":9.5,"y":-2.5},{"x":2,"y":-1.5},{"x":3.5,"y":-1.5},{"x":5,"y":-1.5},{"x":6,"y":-1.5},{"x":7.5,"y":-1.5},{"x":9,"y":-1.5}]},{"index":2,"tiles":[{"x":1.5,"y":-8.5},{"x":2.5,"y":-8.5},{"x":8.5,"y":-8.5},{"x":9.5,"y":-8.5},{"x":2,"y":-7.5},{"x":9,"y":-7.5},{"x":1.5,"y":-6.5},{"x":9.5,"y":-6.5},{"x":1.5,"y":-5.5},{"x":9.5,"y":-5.5},{"x":1.5,"y":-2.5},{"x":2.5,"y":-2.5},{"x":8.5,"y":-2.5},{"x":9.5,"y":-2.5},{"x":2,"y":-1.5},{"x":3.5,"y":-1.5},{"x":7.5,"y":-1.5},{"x":9,"y":-1.5}]}],"seeds":["RLcg3MRM4fBR4SeGwiV+FZRwgaBU3CQGEScskgOKYoiNWidclNVgx/moXoqInQJqXJSA4MJtHUE1oFF6xhOCFtcF3RQO0FcclEcy4YaCRaA4ngKGZrZIXAYA"]},{"layers":[{"index":0,"tiles":[{"x":2,"y":-8.5},{"x":9,"y":-8.5},{"x":3,"y":-8},{"x":5,"y":-8},{"x":6,"y":-8},{"x":8,"y":-8},{"x":2,"y":-7.5},{"x":9,"y":-7.5},{"x":4,"y":-7},{"x":5,"y":-7},{"x":6,"y":-7},{"x":7,"y":-7},{"x":2,"y":-6.5},{"x":9,"y":-6.5},{"x":3,"y":-6},{"x":8,"y":-6},{"x":2,"y":-5.5},{"x":4,"y":-5.5},{"x":5,"y":-5.5},{"x":6,"y":-5.5},{"x":7,"y":-5.5},{"x":9,"y":-5.5},{"x":2,"y":-4.5},{"x":5,"y":-4.5},{"x":6,"y":-4.5},{"x":9,"y":-4.5},{"x":4,"y":-4},{"x":7,"y":-4},{"x":2,"y":-3.5},{"x":3,"y":-3.5},{"x":5,"y":-3.5},{"x":6,"y":-3.5},{"x":8,"y":-3.5},{"x":9,"y":-3.5},{"x":4,"y":-3},{"x":7,"y":-3},{"x":3,"y":-2.5},{"x":8,"y":-2.5},{"x":2,"y":-2},{"x":5,"y":-2},{"x":6,"y":-2},{"x":9,"y":-2},{"x":3,"y":-1.5},{"x":4,"y":-1.5},{"x":7,"y":-1.5},{"x":8,"y":-1.5}]},{"index":1,"tiles":[{"x":2,"y":-8.5},{"x":9,"y":-8.5},{"x":3,"y":-8},{"x":5,"y":-8},{"x":6,"y":-8},{"x":8,"y":-8},{"x":2,"y":-7.5},{"x":9,"y":-7.5},{"x":4,"y":-7},{"x":5,"y":-7},{"x":6,"y":-7},{"x":7,"y":-7},{"x":2,"y":-6.5},{"x":9,"y":-6.5},{"x":3,"y":-6},{"x":8,"y":-6},{"x":2,"y":-5.5},{"x":4,"y":-5.5},{"x":5,"y":-5.5},{"x":6,"y":-5.5},{"x":7,"y":-5.5},{"x":9,"y":-5.5},{"x":2,"y":-4.5},{"x":5,"y":-4.5},{"x":6,"y":-4.5},{"x":9,"y":-4.5},{"x":4,"y":-4},{"x":7,"y":-4},{"x":2,"y":-3.5},{"x":3,"y":-3.5},{"x":5,"y":-3.5},{"x":6,"y":-3.5},{"x":8,"y":-3.5},{"x":9,"y":-3.5},{"x":4,"y":-3},{"x":7,"y":-3},{"x":3,"y":-2.5},{"x":8,"y":-2.5},{"x":2,"y":-2},{"x":5,"y":-2},{"x":6,"y":-2},{"x":9,"y":-2},{"x":3,"y":-1.5},{"x":4,"y":-1.5},{"x":7,"y":-1.5},{"x":8,"y":-1.5}]},{"index":2,"tiles":[{"x":2,"y":-8.5},{"x":9,"y":-8.5},{"x":3,"y":-8},{"x":5,"y":-8},{"x":6,"y":-8},{"x":8,"y":-8},{"x":2,"y":-7.5},{"x":9,"y":-7.5},{"x":4,"y":-7},{"x":5,"y":-7},{"x":6,"y":-7},{"x":7,"y":-7},{"x":2,"y":-6.5},{"x":9,"y":-6.5},{"x":3,"y":-6},{"x":8,"y":-6},{"x":2,"y":-5.5},{"x":4,"y":-5.5},{"x":5,"y":-5.5},{"x":6,"y":-5.5},{"x":7,"y":-5.5},{"x":9,"y":-5.5},{"x":2,"y":-4.5},{"x":5,"y":-4.5},{"x":6,"y":-4.5},{"x":9,"y":-4.5},{"x":4,"y":-4},{"x":7,"y":-4},{"x":2,"y":-3.5},{"x":3,"y":-3.5},{"x":5,"y":-3.5},{"x":6,"y":-3.5},{"x":8,"y":-3.5},{"x":9,"y":-3.5},{"x":4,"y":-3},{"x":7,"y":-3},{"x":3,"y":-2.5},{"x":8,"y":-2.5},{"x":2,"y":-2},{"x":5,"y":-2},{"x":6,"y":-2},{"x":9,"y":-2},{"x":3,"y":-1.5},{"x":4,"y":-1.5},{"x":7,"y":-1.5},{"x":8,"y":-1.5}]}],"seeds":["zUd1oidyXsh8YfeFhPAdG1gxm8dNgaJ5SLZ4QzONztAtAmFy0fOEiRgUwSFeYSk2CygwUycKIghGHESpgeeEnRFWX8cZyYB4pKcpFniBGLg0oiJajPiBVVFRQyqhk8VZBBFCZ4ZRkgIA"]},{"layers":[{"index":0,"tiles":[{"x":2,"y":-8},{"x":3,"y":-8},{"x":4,"y":-8},{"x":5,"y":-8},{"x":6,"y":-8},{"x":7,"y":-8},{"x":8,"y":-8},{"x":9,"y":-8},{"x":3.5,"y":-7},{"x":4.5,"y":-7},{"x":5.5,"y":-7},{"x":6.5,"y":-7},{"x":7.5,"y":-7},{"x":8.5,"y":-7},{"x":2,"y":-6},{"x":3,"y":-6},{"x":4,"y":-6},{"x":5,"y":-6},{"x":6,"y":-6},{"x":7,"y":-6},{"x":8,"y":-6},{"x":9,"y":-6},{"x":2.5,"y":-5},{"x":3.5,"y":-5},{"x":4.5,"y":-5},{"x":5.5,"y":-5},{"x":6.5,"y":-5},{"x":7.5,"y":-5},{"x":2,"y":-4},{"x":3,"y":-4},{"x":4,"y":-4},{"x":5,"y":-4},{"x":6,"y":-4},{"x":7,"y":-4},{"x":8,"y":-4},{"x":9,"y":-4},{"x":3.5,"y":-3},{"x":4.5,"y":-3},{"x":5.5,"y":-3},{"x":6.5,"y":-3},{"x":7.5,"y":-3},{"x":8.5,"y":-3},{"x":2,"y":-2},{"x":3,"y":-2},{"x":4,"y":-2},{"x":5,"y":-2},{"x":6,"y":-2},{"x":7,"y":-2},{"x":8,"y":-2},{"x":9,"y":-2}]},{"index":1,"tiles":[{"x":2,"y":-8},{"x":3,"y":-8},{"x":4,"y":-8},{"x":5,"y":-8},{"x":6,"y":-8},{"x":7,"y":-8},{"x":8,"y":-8},{"x":9,"y":-8},{"x":3.5,"y":-7},{"x":4.5,"y":-7},{"x":5.5,"y":-7},{"x":6.5,"y":-7},{"x":7.5,"y":-7},{"x":2,"y":-6},{"x":3,"y":-6},{"x":4,"y":-6},{"x":5,"y":-6},{"x":6,"y":-6},{"x":7,"y":-6},{"x":8,"y":-6},{"x":9,"y":-6},{"x":3.5,"y":-5},{"x":4.5,"y":-5},{"x":5.5,"y":-5},{"x":6.5,"y":-5},{"x":7.5,"y":-5},{"x":2,"y":-4},{"x":3,"y":-4},{"x":4,"y":-4},{"x":5,"y":-4},{"x":6,"y":-4},{"x":7,"y":-4},{"x":8,"y":-4},{"x":9,"y":-4},{"x":3.5,"y":-3},{"x":4.5,"y":-3},{"x":5.5,"y":-3},{"x":6.5,"y":-3},{"x":7.5,"y":-3},{"x":2,"y":-2},{"x":3,"y":-2},{"x":4,"y":-2},{"x":5,"y":-2},{"x":6,"y":-2},{"x":7,"y":-2},{"x":8,"y":-2},{"x":9,"y":-2}]},{"index":2,"tiles":[{"x":2,"y":-8},{"x":3,"y":-8},{"x":4,"y":-8},{"x":5,"y":-8},{"x":6,"y":-8},{"x":7,"y":-8},{"x":8,"y":-8},{"x":9,"y":-8},{"x":3.5,"y":-7},{"x":4.5,"y":-7},{"x":5.5,"y":-7},{"x":6.5,"y":-7},{"x":2,"y":-6},{"x":3,"y":-6},{"x":4,"y":-6},{"x":5,"y":-6},{"x":6,"y":-6},{"x":7,"y":-6},{"x":8,"y":-6},{"x":9,"y":-6},{"x":4.5,"y":-5},{"x":5.5,"y":-5},{"x":6.5,"y":-5},{"x":7.5,"y":-5},{"x":2,"y":-4},{"x":3,"y":-4},{"x":4,"y":-4},{"x":5,"y":-4},{"x":6,"y":-4},{"x":7,"y":-4},{"x":8,"y":-4},{"x":9,"y":-4},{"x":3.5,"y":-3},{"x":4.5,"y":-3},{"x":5.5,"y":-3},{"x":6.5,"y":-3},{"x":2,"y":-2},{"x":3,"y":-2},{"x":4,"y":-2},{"x":5,"y":-2},{"x":6,"y":-2},{"x":7,"y":-2},{"x":8,"y":-2},{"x":9,"y":-2}]},{"index":3,"tiles":[{"x":3.5,"y":-7},{"x":4.5,"y":-7},{"x":5.5,"y":-7},{"x":5.5,"y":-5},{"x":6.5,"y":-5},{"x":7.5,"y":-5},{"x":3.5,"y":-3},{"x":4.5,"y":-3},{"x":5.5,"y":-3}]},{"index":4,"tiles":[{"x":3.5,"y":-7},{"x":4.5,"y":-7},{"x":6.5,"y":-5},{"x":7.5,"y":-5},{"x":3.5,"y":-3},{"x":4.5,"y":-3}]}],"seeds":["IIWBn8ipUwcRlpJkxldJHGhN4rmEDNOBIaVJIBgclRcoTAiaDUg0A4eIwpVNy+QJIAh+ghEyTCh6y1OFXlguXIcaIhV9SnAgIeR1IlilYWgl3EUWVDFYDigOWMcpDacZYvA4nECARRd5yzd8S+iFxLg1BeNt"]},{"layers":[{"index":0,"tiles":[{"x":5,"y":-9},{"x":6,"y":-9},{"x":4.5,"y":-8},{"x":6.5,"y":-8},{"x":2.5,"y":-7},{"x":3.5,"y":-7},{"x":5,"y":-7},{"x":6,"y":-7},{"x":7.5,"y":-7},{"x":8.5,"y":-7},{"x":2.5,"y":-6},{"x":3.5,"y":-6},{"x":5,"y":-6},{"x":6,"y":-6},{"x":7.5,"y":-6},{"x":8.5,"y":-6},{"x":2.5,"y":-5},{"x":4,"y":-5},{"x":7,"y":-5},{"x":8.5,"y":-5},{"x":2.5,"y":-4},{"x":8.5,"y":-4},{"x":3.5,"y":-3},{"x":7.5,"y":-3},{"x":4.5,"y":-2},{"x":6.5,"y":-2},{"x":4.5,"y":-1},{"x":6.5,"y":-1}]},{"index":1,"tiles":[{"x":5,"y":-9},{"x":6,"y":-9},{"x":4.5,"y":-8},{"x":6.5,"y":-8},{"x":2.5,"y":-7},{"x":3.5,"y":-7},{"x":5,"y":-7},{"x":6,"y":-7},{"x":7.5,"y":-7},{"x":8.5,"y":-7},{"x":2.5,"y":-6},{"x":3.5,"y":-6},{"x":5,"y":-6},{"x":6,"y":-6},{"x":7.5,"y":-6},{"x":8.5,"y":-6},{"x":2.5,"y":-5},{"x":4,"y":-5},{"x":7,"y":-5},{"x":8.5,"y":-5},{"x":2.5,"y":-4},{"x":8.5,"y":-4},{"x":3.5,"y":-3},{"x":7.5,"y":-3},{"x":4.5,"y":-2},{"x":6.5,"y":-2},{"x":4.5,"y":-1},{"x":6.5,"y":-1}]},{"index":2,"tiles":[{"x":5,"y":-9},{"x":6,"y":-9},{"x":4.5,"y":-8},{"x":6.5,"y":-8},{"x":2.5,"y":-7},{"x":3.5,"y":-7},{"x":5,"y":-7},{"x":6,"y":-7},{"x":7.5,"y":-7},{"x":8.5,"y":-7},{"x":2.5,"y":-6},{"x":3.5,"y":-6},{"x":5,"y":-6},{"x":6,"y":-6},{"x":7.5,"y":-6},{"x":8.5,"y":-6},{"x":2.5,"y":-5},{"x":4,"y":-5},{"x":7,"y":-5},{"x":8.5,"y":-5},{"x":2.5,"y":-4},{"x":8.5,"y":-4},{"x":3.5,"y":-3},{"x":7.5,"y":-3},{"x":4.5,"y":-2},{"x":6.5,"y":-2},{"x":4.5,"y":-1},{"x":6.5,"y":-1}]},{"index":3,"tiles":[{"x":5,"y":-9},{"x":6,"y":-9},{"x":4.5,"y":-8},{"x":6.5,"y":-8},{"x":2.5,"y":-7},{"x":3.5,"y":-7},{"x":5,"y":-7},{"x":6,"y":-7},{"x":7.5,"y":-7},{"x":8.5,"y":-7},{"x":2.5,"y":-6},{"x":3.5,"y":-6},{"x":5,"y":-6},{"x":6,"y":-6},{"x":7.5,"y":-6},{"x":8.5,"y":-6},{"x":2.5,"y":-5},{"x":4,"y":-5},{"x":7,"y":-5},{"x":8.5,"y":-5},{"x":2.5,"y":-4},{"x":8.5,"y":-4},{"x":3.5,"y":-3},{"x":7.5,"y":-3},{"x":4.5,"y":-2},{"x":6.5,"y":-2},{"x":4.5,"y":-1},{"x":6.5,"y":-1}]}],"seeds":["weRJE/lh5ROgkZEgiqdAGpglEmh0j9E0IlhMoXBwXwZiYSGKVgUuHLWdm+ggw5QOnSN2nipEitExHGN1FwFWX3hwoegpHEgRWvAtXQgGl8ld0BWO"]},{"layers":[{"index":0,"tiles":[{"x":3,"y":-8.5},{"x":8,"y":-8.5},{"x":4,"y":-8},{"x":7,"y":-8},{"x":3,"y":-7},{"x":5,"y":-7},{"x":6,"y":-7},{"x":8,"y":-7},{"x":4,"y":-6.5},{"x":7,"y":-6.5},{"x":3,"y":-6},{"x":8,"y":-6},{"x":4.5,"y":-5.5},{"x":6.5,"y":-5.5},{"x":3,"y":-5},{"x":8,"y":-5},{"x":3,"y":-4},{"x":8,"y":-4},{"x":3.5,"y":-3},{"x":7.5,"y":-3},{"x":4,"y":-2},{"x":7,"y":-2},{"x":3,"y":-1.5},{"x":5,"y":-1.5},{"x":6,"y":-1.5},{"x":8,"y":-1.5}]},{"index":1,"tiles":[{"x":3,"y":-8.5},{"x":8,"y":-8.5},{"x":4,"y":-8},{"x":7,"y":-8},{"x":3,"y":-7},{"x":5,"y":-7},{"x":6,"y":-7},{"x":8,"y":-7},{"x":4,"y":-6.5},{"x":7,"y":-6.5},{"x":3,"y":-6},{"x":8,"y":-6},{"x":4.5,"y":-5.5},{"x":6.5,"y":-5.5},{"x":3,"y":-5},{"x":8,"y":-5},{"x":3,"y":-4},{"x":8,"y":-4},{"x":3.5,"y":-3},{"x":7.5,"y":-3},{"x":4,"y":-2},{"x":7,"y":-2},{"x":3,"y":-1.5},{"x":5,"y":-1.5},{"x":6,"y":-1.5},{"x":8,"y":-1.5}]},{"index":2,"tiles":[{"x":3,"y":-8.5},{"x":8,"y":-8.5},{"x":4,"y":-8},{"x":7,"y":-8},{"x":3,"y":-7},{"x":5,"y":-7},{"x":6,"y":-7},{"x":8,"y":-7},{"x":4,"y":-6.5},{"x":7,"y":-6.5},{"x":3,"y":-6},{"x":8,"y":-6},{"x":4.5,"y":-5.5},{"x":6.5,"y":-5.5},{"x":3,"y":-5},{"x":8,"y":-5},{"x":3,"y":-4},{"x":8,"y":-4},{"x":3.5,"y":-3},{"x":7.5,"y":-3},{"x":4,"y":-2},{"x":7,"y":-2},{"x":3,"y":-1.5},{"x":5,"y":-1.5},{"x":6,"y":-1.5},{"x":8,"y":-1.5}]},{"index":3,"tiles":[{"x":3,"y":-8.5},{"x":8,"y":-8.5},{"x":4,"y":-8},{"x":7,"y":-8},{"x":3,"y":-7},{"x":5,"y":-7},{"x":6,"y":-7},{"x":8,"y":-7},{"x":4,"y":-6.5},{"x":7,"y":-6.5},{"x":3,"y":-6},{"x":8,"y":-6},{"x":4.5,"y":-5.5},{"x":6.5,"y":-5.5},{"x":3,"y":-5},{"x":8,"y":-5},{"x":3,"y":-4},{"x":8,"y":-4},{"x":3.5,"y":-3},{"x":7.5,"y":-3},{"x":4,"y":-2},{"x":7,"y":-2},{"x":3,"y":-1.5},{"x":5,"y":-1.5},{"x":6,"y":-1.5},{"x":8,"y":-1.5}]}],"seeds":["JtgcgcdB4AQmBhcJ3+JJWLiVRbScCiWEXSGFl4F1D4Vlzsc4UoAgmzhoYwcZUGNh0DOBHRRqBqmA0sF8qSiKV0igGecl1ucNIKFyYVVB"]},{"layers":[{"index":0,"tiles":[{"x":4,"y":-8.5},{"x":7,"y":-8.5},{"x":3,"y":-8},{"x":8,"y":-8},{"x":4,"y":-7.5},{"x":7,"y":-7.5},{"x":2.5,"y":-7},{"x":5,"y":-7},{"x":6,"y":-7},{"x":8.5,"y":-7},{"x":2.5,"y":-6},{"x":8.5,"y":-6},{"x":3.5,"y":-5.5},{"x":4.5,"y":-5.5},{"x":6.5,"y":-5.5},{"x":7.5,"y":-5.5},{"x":2.5,"y":-5},{"x":8.5,"y":-5},{"x":5,"y":-4.5},{"x":6,"y":-4.5},{"x":3.5,"y":-4},{"x":7.5,"y":-4},{"x":5,"y":-3.5},{"x":6,"y":-3.5},{"x":4,"y":-3},{"x":7,"y":-3},{"x":2.5,"y":-2},{"x":8.5,"y":-2},{"x":4.5,"y":-1.5},{"x":6.5,"y":-1.5}]},{"index":1,"tiles":[{"x":4,"y":-8.5},{"x":7,"y":-8.5},{"x":3,"y":-8},{"x":8,"y":-8},{"x":4,"y":-7.5},{"x":7,"y":-7.5},{"x":2.5,"y":-7},{"x":5,"y":-7},{"x":6,"y":-7},{"x":8.5,"y":-7},{"x":2.5,"y":-6},{"x":8.5,"y":-6},{"x":3.5,"y":-5.5},{"x":4.5,"y":-5.5},{"x":6.5,"y":-5.5},{"x":7.5,"y":-5.5},{"x":2.5,"y":-5},{"x":8.5,"y":-5},{"x":5,"y":-4.5},{"x":6,"y":-4.5},{"x":3.5,"y":-4},{"x":7.5,"y":-4},{"x":5,"y":-3.5},{"x":6,"y":-3.5},{"x":4,"y":-3},{"x":7,"y":-3},{"x":2.5,"y":-2},{"x":8.5,"y":-2},{"x":4.5,"y":-1.5},{"x":6.5,"y":-1.5}]},{"index":2,"tiles":[{"x":4,"y":-8.5},{"x":7,"y":-8.5},{"x":3,"y":-8},{"x":8,"y":-8},{"x":4,"y":-7.5},{"x":7,"y":-7.5},{"x":2.5,"y":-7},{"x":5,"y":-7},{"x":6,"y":-7},{"x":8.5,"y":-7},{"x":2.5,"y":-6},{"x":8.5,"y":-6},{"x":3.5,"y":-5.5},{"x":4.5,"y":-5.5},{"x":6.5,"y":-5.5},{"x":7.5,"y":-5.5},{"x":2.5,"y":-5},{"x":8.5,"y":-5},{"x":5,"y":-4.5},{"x":6,"y":-4.5},{"x":3.5,"y":-4},{"x":7.5,"y":-4},{"x":5,"y":-3.5},{"x":6,"y":-3.5},{"x":4,"y":-3},{"x":7,"y":-3},{"x":2.5,"y":-2},{"x":8.5,"y":-2},{"x":4.5,"y":-1.5},{"x":6.5,"y":-1.5}]},{"index":3,"tiles":[{"x":4,"y":-8.5},{"x":7,"y":-8.5},{"x":3,"y":-8},{"x":8,"y":-8},{"x":4,"y":-7.5},{"x":7,"y":-7.5},{"x":2.5,"y":-7},{"x":5,"y":-7},{"x":6,"y":-7},{"x":8.5,"y":-7},{"x":2.5,"y":-6},{"x":8.5,"y":-6},{"x":3.5,"y":-5.5},{"x":4.5,"y":-5.5},{"x":6.5,"y":-5.5},{"x":7.5,"y":-5.5},{"x":2.5,"y":-5},{"x":8.5,"y":-5},{"x":5,"y":-4.5},{"x":6,"y":-4.5},{"x":3.5,"y":-4},{"x":7.5,"y":-4},{"x":5,"y":-3.5},{"x":6,"y":-3.5},{"x":4,"y":-3},{"x":7,"y":-3},{"x":2.5,"y":-2},{"x":8.5,"y":-2},{"x":4.5,"y":-1.5},{"x":6.5,"y":-1.5}]}],"seeds":["IXo9lpJwFBgaz+UUw4Q5YGgSIbJ0n9IpIJZ0E1iKlDh0nciFiyeKURAkYgN93Md1GkhNE4lQircFguZl1hEciTdWKgiKacNAQhZup2CInKQVVaRx0jSBH0MI"]},{"layers":[{"index":0,"tiles":[{"x":3,"y":-8.5},{"x":8,"y":-8.5},{"x":4.5,"y":-8},{"x":6.5,"y":-8},{"x":3,"y":-7.5},{"x":8,"y":-7.5},{"x":2.5,"y":-6.5},{"x":4,"y":-6.5},{"x":7,"y":-6.5},{"x":8.5,"y":-6.5},{"x":4,"y":-5.5},{"x":5,"y":-5.5},{"x":6,"y":-5.5},{"x":7,"y":-5.5},{"x":4,"y":-4.5},{"x":5,"y":-4.5},{"x":6,"y":-4.5},{"x":7,"y":-4.5},{"x":2.5,"y":-3.5},{"x":4,"y":-3.5},{"x":7,"y":-3.5},{"x":8.5,"y":-3.5},{"x":3,"y":-2.5},{"x":8,"y":-2.5},{"x":4.5,"y":-2},{"x":6.5,"y":-2},{"x":3,"y":-1.5},{"x":8,"y":-1.5}]},{"index":1,"tiles":[{"x":3,"y":-8.5},{"x":8,"y":-8.5},{"x":4.5,"y":-8},{"x":6.5,"y":-8},{"x":3,"y":-7.5},{"x":8,"y":-7.5},{"x":2.5,"y":-6.5},{"x":8.5,"y":-6.5},{"x":4,"y":-6},{"x":7,"y":-6},{"x":5,"y":-5.5},{"x":6,"y":-5.5},{"x":4,"y":-5},{"x":7,"y":-5},{"x":5,"y":-4.5},{"x":6,"y":-4.5},{"x":4,"y":-4},{"x":7,"y":-4},{"x":2.5,"y":-3.5},{"x":8.5,"y":-3.5},{"x":3,"y":-2.5},{"x":8,"y":-2.5},{"x":4.5,"y":-2},{"x":6.5,"y":-2},{"x":3,"y":-1.5},{"x":8,"y":-1.5}]},{"index":2,"tiles":[{"x":3,"y":-8.5},{"x":8,"y":-8.5},{"x":4.5,"y":-8},{"x":6.5,"y":-8},{"x":3,"y":-7.5},{"x":8,"y":-7.5},{"x":2.5,"y":-6.5},{"x":8.5,"y":-6.5},{"x":4,"y":-6},{"x":7,"y":-6},{"x":5,"y":-5.5},{"x":6,"y":-5.5},{"x":4,"y":-5},{"x":7,"y":-5},{"x":5,"y":-4.5},{"x":6,"y":-4.5},{"x":4,"y":-4},{"x":7,"y":-4},{"x":2.5,"y":-3.5},{"x":8.5,"y":-3.5},{"x":3,"y":-2.5},{"x":8,"y":-2.5},{"x":4.5,"y":-2},{"x":6.5,"y":-2},{"x":3,"y":-1.5},{"x":8,"y":-1.5}]},{"index":3,"tiles":[{"x":3,"y":-8.5},{"x":8,"y":-8.5},{"x":4.5,"y":-8},{"x":6.5,"y":-8},{"x":3,"y":-7.5},{"x":8,"y":-7.5},{"x":2.5,"y":-6.5},{"x":8.5,"y":-6.5},{"x":4,"y":-6},{"x":7,"y":-6},{"x":5,"y":-5.5},{"x":6,"y":-5.5},{"x":4,"y":-5},{"x":7,"y":-5},{"x":5,"y":-4.5},{"x":6,"y":-4.5},{"x":4,"y":-4},{"x":7,"y":-4},{"x":2.5,"y":-3.5},{"x":8.5,"y":-3.5},{"x":3,"y":-2.5},{"x":8,"y":-2.5},{"x":4.5,"y":-2},{"x":6.5,"y":-2},{"x":3,"y":-1.5},{"x":8,"y":-1.5}]}],"seeds":["mwlikUhV32V1oPRZ2cQxRREEFYV1okB4p7NpjiF6InYN0gJ2CIdk0xN+HRQSYaNED0OJXieMB9ZoioEmYAmCJMctajdQIQeFB5h4XAh+qQgA"]},{"layers":[{"index":0,"tiles":[{"x":3.5,"y":-9},{"x":4.5,"y":-9},{"x":5.5,"y":-9},{"x":6.5,"y":-9},{"x":7.5,"y":-9},{"x":3.5,"y":-8},{"x":7.5,"y":-8},{"x":4.5,"y":-7.5},{"x":6.5,"y":-7.5},{"x":2.5,"y":-7},{"x":3.5,"y":-7},{"x":7.5,"y":-7},{"x":8.5,"y":-7},{"x":5.5,"y":-6.5},{"x":2.5,"y":-5.5},{"x":5.5,"y":-5.5},{"x":8.5,"y":-5.5},{"x":2.5,"y":-4.5},{"x":5.5,"y":-4.5},{"x":8.5,"y":-4.5},{"x":5.5,"y":-3.5},{"x":2.5,"y":-3},{"x":3.5,"y":-3},{"x":7.5,"y":-3},{"x":8.5,"y":-3},{"x":4.5,"y":-2.5},{"x":6.5,"y":-2.5},{"x":3.5,"y":-2},{"x":7.5,"y":-2},{"x":3.5,"y":-1},{"x":4.5,"y":-1},{"x":5.5,"y":-1},{"x":6.5,"y":-1},{"x":7.5,"y":-1}]},{"index":1,"tiles":[{"x":3.5,"y":-9},{"x":4.5,"y":-9},{"x":5.5,"y":-9},{"x":6.5,"y":-9},{"x":7.5,"y":-9},{"x":3.5,"y":-8},{"x":7.5,"y":-8},{"x":4.5,"y":-7.5},{"x":6.5,"y":-7.5},{"x":2.5,"y":-7},{"x":3.5,"y":-7},{"x":7.5,"y":-7},{"x":8.5,"y":-7},{"x":5.5,"y":-6.5},{"x":2.5,"y":-5.5},{"x":5.5,"y":-5.5},{"x":8.5,"y":-5.5},{"x":2.5,"y":-4.5},{"x":5.5,"y":-4.5},{"x":8.5,"y":-4.5},{"x":5.5,"y":-3.5},{"x":2.5,"y":-3},{"x":3.5,"y":-3},{"x":7.5,"y":-3},{"x":8.5,"y":-3},{"x":4.5,"y":-2.5},{"x":6.5,"y":-2.5},{"x":3.5,"y":-2},{"x":7.5,"y":-2},{"x":3.5,"y":-1},{"x":4.5,"y":-1},{"x":5.5,"y":-1},{"x":6.5,"y":-1},{"x":7.5,"y":-1}]},{"index":2,"tiles":[{"x":3.5,"y":-9},{"x":4.5,"y":-9},{"x":5.5,"y":-9},{"x":6.5,"y":-9},{"x":7.5,"y":-9},{"x":3.5,"y":-8},{"x":7.5,"y":-8},{"x":4.5,"y":-7.5},{"x":6.5,"y":-7.5},{"x":2.5,"y":-7},{"x":3.5,"y":-7},{"x":7.5,"y":-7},{"x":8.5,"y":-7},{"x":5.5,"y":-6.5},{"x":2.5,"y":-5.5},{"x":5.5,"y":-5.5},{"x":8.5,"y":-5.5},{"x":2.5,"y":-4.5},{"x":5.5,"y":-4.5},{"x":8.5,"y":-4.5},{"x":5.5,"y":-3.5},{"x":2.5,"y":-3},{"x":3.5,"y":-3},{"x":7.5,"y":-3},{"x":8.5,"y":-3},{"x":4.5,"y":-2.5},{"x":6.5,"y":-2.5},{"x":3.5,"y":-2},{"x":7.5,"y":-2},{"x":3.5,"y":-1},{"x":4.5,"y":-1},{"x":5.5,"y":-1},{"x":6.5,"y":-1},{"x":7.5,"y":-1}]},{"index":3,"tiles":[{"x":5.5,"y":-6.5},{"x":5.5,"y":-5.5},{"x":5.5,"y":-4.5},{"x":5.5,"y":-3.5}]}],"seeds":["IRd6FMcVAhYgIegpU7mBDrOAiZR9aQaCmth5l/dxUHhVBMNp3dR04ICJYXSIzhAQoCgFhgVSIqREHQJa6hig5GlUn3GYX7M8xWOECSeCmwAA"]},{"layers":[{"index":0,"tiles":[{"x":2.5,"y":-8},{"x":3.5,"y":-8},{"x":4.5,"y":-8},{"x":5.5,"y":-8},{"x":6.5,"y":-8},{"x":7.5,"y":-8},{"x":8.5,"y":-8},{"x":3,"y":-7},{"x":5.5,"y":-7},{"x":8,"y":-7},{"x":4,"y":-6.5},{"x":7,"y":-6.5},{"x":3,"y":-5.5},{"x":8,"y":-5.5},{"x":3,"y":-4.5},{"x":8,"y":-4.5},{"x":4,"y":-3.5},{"x":7,"y":-3.5},{"x":3,"y":-3},{"x":5.5,"y":-3},{"x":8,"y":-3},{"x":2.5,"y":-2},{"x":3.5,"y":-2},{"x":4.5,"y":-2},{"x":5.5,"y":-2},{"x":6.5,"y":-2},{"x":7.5,"y":-2},{"x":8.5,"y":-2}]},{"index":1,"tiles":[{"x":2.5,"y":-8},{"x":3.5,"y":-8},{"x":5,"y":-8},{"x":6,"y":-8},{"x":7.5,"y":-8},{"x":8.5,"y":-8},{"x":3,"y":-7},{"x":5.5,"y":-7},{"x":8,"y":-7},{"x":4,"y":-6.5},{"x":7,"y":-6.5},{"x":3,"y":-5.5},{"x":8,"y":-5.5},{"x":3,"y":-4.5},{"x":8,"y":-4.5},{"x":4,"y":-3.5},{"x":7,"y":-3.5},{"x":3,"y":-3},{"x":5.5,"y":-3},{"x":8,"y":-3},{"x":2.5,"y":-2},{"x":3.5,"y":-2},{"x":5,"y":-2},{"x":6,"y":-2},{"x":7.5,"y":-2},{"x":8.5,"y":-2}]},{"index":2,"tiles":[{"x":2.5,"y":-8},{"x":3.5,"y":-8},{"x":5,"y":-8},{"x":6,"y":-8},{"x":7.5,"y":-8},{"x":8.5,"y":-8},{"x":3,"y":-7},{"x":5.5,"y":-7},{"x":8,"y":-7},{"x":4,"y":-6.5},{"x":7,"y":-6.5},{"x":3,"y":-5.5},{"x":8,"y":-5.5},{"x":3,"y":-4.5},{"x":8,"y":-4.5},{"x":4,"y":-3.5},{"x":7,"y":-3.5},{"x":3,"y":-3},{"x":5.5,"y":-3},{"x":8,"y":-3},{"x":2.5,"y":-2},{"x":3.5,"y":-2},{"x":5,"y":-2},{"x":6,"y":-2},{"x":7.5,"y":-2},{"x":8.5,"y":-2}]},{"index":3,"tiles":[{"x":2.5,"y":-8},{"x":3.5,"y":-8},{"x":5,"y":-8},{"x":6,"y":-8},{"x":7.5,"y":-8},{"x":8.5,"y":-8},{"x":3,"y":-7},{"x":5.5,"y":-7},{"x":8,"y":-7},{"x":4,"y":-6.5},{"x":7,"y":-6.5},{"x":3,"y":-5.5},{"x":8,"y":-5.5},{"x":3,"y":-4.5},{"x":8,"y":-4.5},{"x":4,"y":-3.5},{"x":7,"y":-3.5},{"x":3,"y":-3},{"x":5.5,"y":-3},{"x":8,"y":-3},{"x":2.5,"y":-2},{"x":3.5,"y":-2},{"x":5,"y":-2},{"x":6,"y":-2},{"x":7.5,"y":-2},{"x":8.5,"y":-2}]}],"seeds":["YBYdKMdd26N2B7dI3RV2myFIaSB4zhJWIEcwTqUE58OIGKgFmBaKRkOCAyIUHURliDVFYgkJ32eKA0eME9hYXxiKR6IkYBBSovd93lFw3gcA"]},{"layers":[{"index":0,"tiles":[{"x":3,"y":-8.5},{"x":4,"y":-8.5},{"x":5,"y":-8.5},{"x":6,"y":-8.5},{"x":7,"y":-8.5},{"x":8,"y":-8.5},{"x":3,"y":-7.5},{"x":8,"y":-7.5},{"x":2.5,"y":-6.5},{"x":8.5,"y":-6.5},{"x":3,"y":-5.5},{"x":4,"y":-5.5},{"x":6,"y":-5.5},{"x":7,"y":-5.5},{"x":8,"y":-5.5},{"x":3,"y":-4.5},{"x":4,"y":-4.5},{"x":5,"y":-4.5},{"x":7,"y":-4.5},{"x":8,"y":-4.5},{"x":2.5,"y":-3.5},{"x":8.5,"y":-3.5},{"x":3,"y":-2.5},{"x":8,"y":-2.5},{"x":3,"y":-1.5},{"x":4,"y":-1.5},{"x":5,"y":-1.5},{"x":6,"y":-1.5},{"x":7,"y":-1.5},{"x":8,"y":-1.5}]},{"index":1,"tiles":[{"x":3,"y":-8.5},{"x":4,"y":-8.5},{"x":5,"y":-8.5},{"x":6,"y":-8.5},{"x":7,"y":-8.5},{"x":8,"y":-8.5},{"x":3,"y":-7.5},{"x":8,"y":-7.5},{"x":2.5,"y":-6.5},{"x":8.5,"y":-6.5},{"x":3,"y":-5.5},{"x":4,"y":-5.5},{"x":6,"y":-5.5},{"x":7,"y":-5.5},{"x":8,"y":-5.5},{"x":3,"y":-4.5},{"x":4,"y":-4.5},{"x":5,"y":-4.5},{"x":7,"y":-4.5},{"x":8,"y":-4.5},{"x":2.5,"y":-3.5},{"x":8.5,"y":-3.5},{"x":3,"y":-2.5},{"x":8,"y":-2.5},{"x":3,"y":-1.5},{"x":4,"y":-1.5},{"x":5,"y":-1.5},{"x":6,"y":-1.5},{"x":7,"y":-1.5},{"x":8,"y":-1.5}]},{"index":2,"tiles":[{"x":3,"y":-8.5},{"x":4,"y":-8.5},{"x":5,"y":-8.5},{"x":6,"y":-8.5},{"x":7,"y":-8.5},{"x":8,"y":-8.5},{"x":3,"y":-7.5},{"x":8,"y":-7.5},{"x":2.5,"y":-6.5},{"x":8.5,"y":-6.5},{"x":3,"y":-5.5},{"x":4,"y":-5.5},{"x":6,"y":-5.5},{"x":7,"y":-5.5},{"x":8,"y":-5.5},{"x":3,"y":-4.5},{"x":4,"y":-4.5},{"x":5,"y":-4.5},{"x":7,"y":-4.5},{"x":8,"y":-4.5},{"x":2.5,"y":-3.5},{"x":8.5,"y":-3.5},{"x":3,"y":-2.5},{"x":8,"y":-2.5},{"x":3,"y":-1.5},{"x":4,"y":-1.5},{"x":5,"y":-1.5},{"x":6,"y":-1.5},{"x":7,"y":-1.5},{"x":8,"y":-1.5}]},{"index":3,"tiles":[{"x":3,"y":-8.5},{"x":4,"y":-8.5},{"x":5,"y":-8.5},{"x":6,"y":-8.5},{"x":7,"y":-8.5},{"x":8,"y":-8.5},{"x":3,"y":-7.5},{"x":8,"y":-7.5},{"x":2.5,"y":-6.5},{"x":8.5,"y":-6.5},{"x":3,"y":-5.5},{"x":4,"y":-5.5},{"x":6,"y":-5.5},{"x":7,"y":-5.5},{"x":8,"y":-5.5},{"x":3,"y":-4.5},{"x":4,"y":-4.5},{"x":5,"y":-4.5},{"x":7,"y":-4.5},{"x":8,"y":-4.5},{"x":2.5,"y":-3.5},{"x":8.5,"y":-3.5},{"x":3,"y":-2.5},{"x":8,"y":-2.5},{"x":3,"y":-1.5},{"x":4,"y":-1.5},{"x":5,"y":-1.5},{"x":6,"y":-1.5},{"x":7,"y":-1.5},{"x":8,"y":-1.5}]}],"seeds":["IUcZVpldyjeBwaEsiwg2XtpwDnhAnScSUlKJocMsY/AVqLANXPdEV8gFATWREWYFyOkxWKIpCrIN5iMEKiV1WeiF4QeKVUiBRgeBXjEtgtBNHhh+nMiJYEdo"]}]]],0,0,[],[],[]]
