[1,0,0,[["cc.JsonAsset",["_name","json"],1]],[[0,0,1,3]],[[0,"level_000301-30",[{"layers":[{"index":0,"tiles":[{"x":0,"y":-3.5},{"x":0,"y":-2.5},{"x":-0.5,"y":-1.5},{"x":0.5,"y":-1.5},{"x":-1.5,"y":-1},{"x":1.5,"y":-1},{"x":0,"y":-0.5},{"x":-2,"y":0},{"x":-1,"y":0},{"x":1,"y":0},{"x":2,"y":0},{"x":-2.5,"y":1},{"x":-1.5,"y":1},{"x":-0.5,"y":1},{"x":0.5,"y":1},{"x":1.5,"y":1},{"x":2.5,"y":1},{"x":-3,"y":2},{"x":-0.5,"y":2},{"x":0.5,"y":2},{"x":3,"y":2},{"x":-1.5,"y":2.5},{"x":1.5,"y":2.5},{"x":-2.5,"y":3},{"x":2.5,"y":3},{"x":0,"y":3.5}]},{"index":1,"tiles":[{"x":0,"y":-3.5},{"x":0,"y":-2.5},{"x":-0.5,"y":-1.5},{"x":0.5,"y":-1.5},{"x":-1.5,"y":-1},{"x":1.5,"y":-1},{"x":0,"y":-0.5},{"x":-2,"y":0},{"x":-1,"y":0},{"x":1,"y":0},{"x":2,"y":0},{"x":-2.5,"y":1},{"x":-1,"y":1},{"x":0,"y":1},{"x":1,"y":1},{"x":2.5,"y":1},{"x":-3,"y":2},{"x":-0.5,"y":2},{"x":0.5,"y":2},{"x":3,"y":2},{"x":-1.5,"y":2.5},{"x":1.5,"y":2.5},{"x":-2.5,"y":3},{"x":2.5,"y":3},{"x":0,"y":3.5}]},{"index":2,"tiles":[{"x":0,"y":-3.5},{"x":0,"y":-2.5},{"x":-0.5,"y":-1.5},{"x":0.5,"y":-1.5},{"x":-1.5,"y":-1},{"x":1.5,"y":-1},{"x":0,"y":-0.5},{"x":-2,"y":0},{"x":-1,"y":0},{"x":1,"y":0},{"x":2,"y":0},{"x":-2.5,"y":1},{"x":-1,"y":1},{"x":0,"y":1},{"x":1,"y":1},{"x":2.5,"y":1},{"x":-3,"y":2},{"x":-0.5,"y":2},{"x":0.5,"y":2},{"x":3,"y":2},{"x":-1.5,"y":2.5},{"x":1.5,"y":2.5},{"x":-2.5,"y":3},{"x":2.5,"y":3},{"x":0,"y":3.5}]},{"index":3,"tiles":[{"x":0,"y":-3.5},{"x":0,"y":-2.5},{"x":-0.5,"y":-1.5},{"x":0.5,"y":-1.5},{"x":-1.5,"y":-1},{"x":1.5,"y":-1},{"x":0,"y":-0.5},{"x":-2,"y":0},{"x":-1,"y":0},{"x":1,"y":0},{"x":2,"y":0},{"x":-2.5,"y":1},{"x":-1,"y":1},{"x":0,"y":1},{"x":1,"y":1},{"x":2.5,"y":1},{"x":-3,"y":2},{"x":-0.5,"y":2},{"x":0.5,"y":2},{"x":3,"y":2},{"x":-1.5,"y":2.5},{"x":1.5,"y":2.5},{"x":-2.5,"y":3},{"x":2.5,"y":3},{"x":0,"y":3.5}]},{"index":4,"tiles":[{"x":0,"y":-0.5},{"x":-1,"y":0},{"x":1,"y":0},{"x":-1,"y":1},{"x":0,"y":1},{"x":1,"y":1},{"x":-0.5,"y":2},{"x":0.5,"y":2},{"x":0,"y":3.5}]}],"seeds":["TKaFWcF5S7aIwXCBCZgMVkZ1VDdpx+YFhyOGofI9zgR+4iR5ZycpxTaZHxeimNJxASk+IIGJQnWBAsh9TKR0lphGCBEaUFgFY8lxYNN0KmhAiAcA"]},{"layers":[{"index":0,"tiles":[{"x":-1.5,"y":-3.5},{"x":-0.5,"y":-3.5},{"x":0.5,"y":-3.5},{"x":1.5,"y":-3.5},{"x":-2.5,"y":-3},{"x":2.5,"y":-3},{"x":-1.5,"y":-2.5},{"x":-0.5,"y":-2.5},{"x":0.5,"y":-2.5},{"x":1.5,"y":-2.5},{"x":-3.5,"y":-2},{"x":-2.5,"y":-2},{"x":2.5,"y":-2},{"x":3.5,"y":-2},{"x":-1.5,"y":-1.5},{"x":-0.5,"y":-1.5},{"x":0.5,"y":-1.5},{"x":1.5,"y":-1.5},{"x":-3.5,"y":-1},{"x":-2.5,"y":-1},{"x":2.5,"y":-1},{"x":3.5,"y":-1},{"x":-1.5,"y":-0.5},{"x":-0.5,"y":-0.5},{"x":0.5,"y":-0.5},{"x":1.5,"y":-0.5},{"x":-3.5,"y":0},{"x":3.5,"y":0},{"x":-1,"y":0.5},{"x":0,"y":0.5},{"x":1,"y":0.5},{"x":-3,"y":1},{"x":3,"y":1},{"x":-1,"y":1.5},{"x":0,"y":1.5},{"x":1,"y":1.5},{"x":-2.5,"y":2},{"x":2.5,"y":2},{"x":-1,"y":2.5},{"x":0,"y":2.5},{"x":1,"y":2.5},{"x":-1,"y":3.5},{"x":0,"y":3.5},{"x":1,"y":3.5}]},{"index":1,"tiles":[{"x":-1.5,"y":-3.5},{"x":1.5,"y":-3.5},{"x":-2.5,"y":-3},{"x":-0.5,"y":-3},{"x":0.5,"y":-3},{"x":2.5,"y":-3},{"x":-1.5,"y":-2.5},{"x":1.5,"y":-2.5},{"x":-3.5,"y":-2},{"x":-2.5,"y":-2},{"x":-0.5,"y":-2},{"x":0.5,"y":-2},{"x":2.5,"y":-2},{"x":3.5,"y":-2},{"x":-1.5,"y":-1.5},{"x":1.5,"y":-1.5},{"x":-3.5,"y":-1},{"x":-2.5,"y":-1},{"x":-0.5,"y":-1},{"x":0.5,"y":-1},{"x":2.5,"y":-1},{"x":3.5,"y":-1},{"x":-1.5,"y":-0.5},{"x":1.5,"y":-0.5},{"x":-3.5,"y":0},{"x":-0.5,"y":0},{"x":0.5,"y":0},{"x":3.5,"y":0},{"x":-3,"y":1},{"x":-0.5,"y":1},{"x":0.5,"y":1},{"x":3,"y":1},{"x":-2.5,"y":2},{"x":-0.5,"y":2},{"x":0.5,"y":2},{"x":2.5,"y":2},{"x":-0.5,"y":3},{"x":0.5,"y":3}]},{"index":2,"tiles":[{"x":-1.5,"y":-3.5},{"x":1.5,"y":-3.5},{"x":-2.5,"y":-3},{"x":-0.5,"y":-3},{"x":0.5,"y":-3},{"x":2.5,"y":-3},{"x":-1.5,"y":-2.5},{"x":1.5,"y":-2.5},{"x":-3.5,"y":-2},{"x":-2.5,"y":-2},{"x":-0.5,"y":-2},{"x":0.5,"y":-2},{"x":2.5,"y":-2},{"x":3.5,"y":-2},{"x":-1.5,"y":-1.5},{"x":1.5,"y":-1.5},{"x":-3.5,"y":-1},{"x":-2.5,"y":-1},{"x":-0.5,"y":-1},{"x":0.5,"y":-1},{"x":2.5,"y":-1},{"x":3.5,"y":-1},{"x":-1.5,"y":-0.5},{"x":1.5,"y":-0.5},{"x":-3.5,"y":0},{"x":-0.5,"y":0},{"x":0.5,"y":0},{"x":3.5,"y":0},{"x":-3,"y":1},{"x":-0.5,"y":1},{"x":0.5,"y":1},{"x":3,"y":1},{"x":-2.5,"y":2},{"x":-0.5,"y":2},{"x":0.5,"y":2},{"x":2.5,"y":2},{"x":-0.5,"y":3},{"x":0.5,"y":3}]},{"index":3,"tiles":[{"x":-1,"y":-2},{"x":0,"y":-2},{"x":1,"y":-2},{"x":-2,"y":-1.5},{"x":2,"y":-1.5},{"x":0,"y":-1},{"x":0,"y":0},{"x":0,"y":1},{"x":0,"y":2}]},{"index":4,"tiles":[{"x":-1,"y":-2},{"x":0,"y":-2},{"x":1,"y":-2},{"x":-2,"y":-1.5},{"x":2,"y":-1.5},{"x":0,"y":-1},{"x":0,"y":0},{"x":0,"y":1},{"x":0,"y":2}]}],"seeds":["1AVGqPQMnuiJRwiGQyEi11Q1GigeGCZRkoN0nch1y8dUQycaoHRyoah9QcelYZhxC0d4oDFaYOiB31RGxBYWU9ctQrBkG8gxixI2yrc8nadCpMBZiqhwUOBNCTUJVJAIhUOFZkgVwwQA"]},{"layers":[{"index":0,"tiles":[{"x":-4,"y":-4},{"x":2,"y":-4},{"x":4,"y":-4},{"x":-3,"y":-3},{"x":-1,"y":-3},{"x":3,"y":-3},{"x":-2,"y":-2},{"x":0,"y":-2},{"x":2,"y":-2},{"x":4,"y":-2},{"x":-3,"y":-1},{"x":-1,"y":-1},{"x":1,"y":-1},{"x":-2,"y":0},{"x":0,"y":0},{"x":2,"y":0},{"x":-1,"y":1},{"x":1,"y":1},{"x":3,"y":1},{"x":-4,"y":2},{"x":-2,"y":2},{"x":0,"y":2},{"x":2,"y":2},{"x":-3,"y":3},{"x":1,"y":3},{"x":3,"y":3},{"x":-4,"y":4},{"x":-2,"y":4},{"x":4,"y":4}]},{"index":1,"tiles":[{"x":-4,"y":-4},{"x":2,"y":-4},{"x":4,"y":-4},{"x":-3,"y":-3},{"x":-1,"y":-3},{"x":3,"y":-3},{"x":-2,"y":-2},{"x":0,"y":-2},{"x":2,"y":-2},{"x":4,"y":-2},{"x":-3,"y":-1},{"x":-1,"y":-1},{"x":1,"y":-1},{"x":-2,"y":0},{"x":0,"y":0},{"x":2,"y":0},{"x":-1,"y":1},{"x":1,"y":1},{"x":3,"y":1},{"x":-4,"y":2},{"x":-2,"y":2},{"x":0,"y":2},{"x":2,"y":2},{"x":-3,"y":3},{"x":1,"y":3},{"x":3,"y":3},{"x":-4,"y":4},{"x":-2,"y":4},{"x":4,"y":4}]},{"index":2,"tiles":[{"x":-4,"y":-4},{"x":2,"y":-4},{"x":4,"y":-4},{"x":-3,"y":-3},{"x":-1,"y":-3},{"x":3,"y":-3},{"x":-2,"y":-2},{"x":0,"y":-2},{"x":2,"y":-2},{"x":4,"y":-2},{"x":-3,"y":-1},{"x":-1,"y":-1},{"x":1,"y":-1},{"x":-2,"y":0},{"x":0,"y":0},{"x":2,"y":0},{"x":-1,"y":1},{"x":1,"y":1},{"x":3,"y":1},{"x":-4,"y":2},{"x":-2,"y":2},{"x":0,"y":2},{"x":2,"y":2},{"x":-3,"y":3},{"x":1,"y":3},{"x":3,"y":3},{"x":-4,"y":4},{"x":-2,"y":4},{"x":4,"y":4}]},{"index":3,"tiles":[{"x":-4,"y":-4},{"x":-3,"y":-3},{"x":-1,"y":-3},{"x":3,"y":-3},{"x":-2,"y":-2},{"x":0,"y":-2},{"x":-3,"y":-1},{"x":-1,"y":-1},{"x":1,"y":-1},{"x":-2,"y":0},{"x":0,"y":0},{"x":2,"y":0},{"x":-1,"y":1},{"x":1,"y":1},{"x":3,"y":1},{"x":0,"y":2},{"x":2,"y":2},{"x":-3,"y":3},{"x":1,"y":3},{"x":3,"y":3},{"x":4,"y":4}]},{"index":4,"tiles":[{"x":-1,"y":-3},{"x":3,"y":-3},{"x":0,"y":-2},{"x":-3,"y":-1},{"x":1,"y":-1},{"x":-2,"y":0},{"x":2,"y":0},{"x":-1,"y":1},{"x":3,"y":1},{"x":0,"y":2},{"x":-3,"y":3},{"x":1,"y":3}]}],"seeds":["EwRxV6YSolORXhFunXGEikIJDpUw2Sl2ixho4NQEqSYG3jZIIRUV4rdYHQcmBBgd1wIuIAWKgnWhIDIa3VR8nRdyT9MFQ/FdU8gJZch54KIgS8UJ2CN9CsaY"]},{"layers":[{"index":0,"tiles":[{"x":0,"y":-3.5},{"x":-1,"y":-3},{"x":1,"y":-3},{"x":-1.5,"y":-2},{"x":1.5,"y":-2},{"x":-2,"y":-1},{"x":-1,"y":-1},{"x":0,"y":-1},{"x":1,"y":-1},{"x":2,"y":-1},{"x":-2.5,"y":0},{"x":-1.5,"y":0},{"x":-0.5,"y":0},{"x":0.5,"y":0},{"x":1.5,"y":0},{"x":2.5,"y":0},{"x":-3,"y":1},{"x":-2,"y":1},{"x":-1,"y":1},{"x":0,"y":1},{"x":1,"y":1},{"x":2,"y":1},{"x":3,"y":1},{"x":-3.5,"y":2},{"x":-2.5,"y":2},{"x":-1.5,"y":2},{"x":-0.5,"y":2},{"x":0.5,"y":2},{"x":1.5,"y":2},{"x":2.5,"y":2},{"x":3.5,"y":2},{"x":-3,"y":3},{"x":-2,"y":3},{"x":-1,"y":3},{"x":0,"y":3},{"x":1,"y":3},{"x":2,"y":3},{"x":3,"y":3}]},{"index":1,"tiles":[{"x":0,"y":-3.5},{"x":-1,"y":-3},{"x":1,"y":-3},{"x":-1.5,"y":-2},{"x":1.5,"y":-2},{"x":-2,"y":-1},{"x":-1,"y":-1},{"x":0,"y":-1},{"x":1,"y":-1},{"x":2,"y":-1},{"x":-2.5,"y":0},{"x":0,"y":0},{"x":2.5,"y":0},{"x":-3,"y":1},{"x":-2,"y":1},{"x":-1,"y":1},{"x":0,"y":1},{"x":1,"y":1},{"x":2,"y":1},{"x":3,"y":1},{"x":-3.5,"y":2},{"x":-1.5,"y":2},{"x":0,"y":2},{"x":1.5,"y":2},{"x":3.5,"y":2},{"x":-3,"y":3},{"x":-2,"y":3},{"x":-1,"y":3},{"x":0,"y":3},{"x":1,"y":3},{"x":2,"y":3},{"x":3,"y":3}]},{"index":2,"tiles":[{"x":0,"y":-3.5},{"x":-1,"y":-3},{"x":1,"y":-3},{"x":-1.5,"y":-2},{"x":1.5,"y":-2},{"x":-2,"y":-1},{"x":-1,"y":-1},{"x":0,"y":-1},{"x":1,"y":-1},{"x":2,"y":-1},{"x":-2.5,"y":0},{"x":0,"y":0},{"x":2.5,"y":0},{"x":-3,"y":1},{"x":-2,"y":1},{"x":-1,"y":1},{"x":0,"y":1},{"x":1,"y":1},{"x":2,"y":1},{"x":3,"y":1},{"x":-3.5,"y":2},{"x":-1.5,"y":2},{"x":0,"y":2},{"x":1.5,"y":2},{"x":3.5,"y":2},{"x":-3,"y":3},{"x":-2,"y":3},{"x":-1,"y":3},{"x":0,"y":3},{"x":1,"y":3},{"x":2,"y":3},{"x":3,"y":3}]},{"index":3,"tiles":[{"x":0,"y":0},{"x":0,"y":1},{"x":-1.5,"y":2},{"x":0,"y":2},{"x":1.5,"y":2}]},{"index":4,"tiles":[{"x":0,"y":0},{"x":0,"y":1},{"x":-1.5,"y":2},{"x":0,"y":2},{"x":1.5,"y":2}]}],"seeds":["5NIhgRIaxmUJnwhyRQKFHiaCC+FYnxOpRJigExGAydAYVMdkYvOcJXNhHvcYB9RFH+UJnNYNXHF04dd5oeIhTZhCH/c1IWiCo1ZlHoeIEwiFSEUk"]},{"layers":[{"index":0,"tiles":[{"x":-2,"y":-4},{"x":2,"y":-4},{"x":-3,"y":-3.5},{"x":-1,"y":-3.5},{"x":1,"y":-3.5},{"x":3,"y":-3.5},{"x":-2,"y":-3},{"x":2,"y":-3},{"x":-1,"y":-2.5},{"x":1,"y":-2.5},{"x":0,"y":-2},{"x":-1,"y":-1.5},{"x":1,"y":-1.5},{"x":-2,"y":-1},{"x":0,"y":-1},{"x":2,"y":-1},{"x":-3,"y":-0.5},{"x":-1,"y":-0.5},{"x":1,"y":-0.5},{"x":3,"y":-0.5},{"x":-2,"y":0},{"x":0,"y":0},{"x":2,"y":0},{"x":0,"y":1},{"x":-3.5,"y":1.5},{"x":3.5,"y":1.5},{"x":-2.5,"y":2},{"x":0,"y":2},{"x":2.5,"y":2},{"x":-1.5,"y":2.5},{"x":1.5,"y":2.5},{"x":0,"y":3},{"x":-1,"y":3.5},{"x":1,"y":3.5},{"x":0,"y":4}]},{"index":1,"tiles":[{"x":-2,"y":-4},{"x":2,"y":-4},{"x":-3,"y":-3.5},{"x":-1,"y":-3.5},{"x":1,"y":-3.5},{"x":3,"y":-3.5},{"x":-2,"y":-3},{"x":2,"y":-3},{"x":-1,"y":-2.5},{"x":1,"y":-2.5},{"x":-1,"y":-1.5},{"x":0,"y":-1.5},{"x":1,"y":-1.5},{"x":-2,"y":-1},{"x":2,"y":-1},{"x":-3,"y":-0.5},{"x":-1,"y":-0.5},{"x":0,"y":-0.5},{"x":1,"y":-0.5},{"x":3,"y":-0.5},{"x":-2,"y":0},{"x":2,"y":0},{"x":0,"y":0.5},{"x":-3.5,"y":1.5},{"x":0,"y":1.5},{"x":3.5,"y":1.5},{"x":-2.5,"y":2},{"x":2.5,"y":2},{"x":-1.5,"y":2.5},{"x":0,"y":2.5},{"x":1.5,"y":2.5},{"x":-1,"y":3.5},{"x":0,"y":3.5},{"x":1,"y":3.5}]},{"index":2,"tiles":[{"x":-2,"y":-4},{"x":2,"y":-4},{"x":-3,"y":-3.5},{"x":-1,"y":-3.5},{"x":1,"y":-3.5},{"x":3,"y":-3.5},{"x":-2,"y":-3},{"x":2,"y":-3},{"x":-1,"y":-2.5},{"x":1,"y":-2.5},{"x":-1,"y":-1.5},{"x":1,"y":-1.5},{"x":-2,"y":-1},{"x":0,"y":-1},{"x":2,"y":-1},{"x":-3,"y":-0.5},{"x":-1,"y":-0.5},{"x":1,"y":-0.5},{"x":3,"y":-0.5},{"x":-2,"y":0},{"x":0,"y":0},{"x":2,"y":0},{"x":0,"y":1},{"x":-3.5,"y":1.5},{"x":3.5,"y":1.5},{"x":-2.5,"y":2},{"x":0,"y":2},{"x":2.5,"y":2},{"x":-1.5,"y":2.5},{"x":1.5,"y":2.5},{"x":0,"y":3},{"x":-1,"y":3.5},{"x":1,"y":3.5}]},{"index":3,"tiles":[{"x":-2,"y":-4},{"x":2,"y":-4},{"x":-3,"y":-3.5},{"x":-1,"y":-3.5},{"x":1,"y":-3.5},{"x":3,"y":-3.5},{"x":-2,"y":-3},{"x":2,"y":-3},{"x":-1,"y":-2.5},{"x":1,"y":-2.5},{"x":-1,"y":-1.5},{"x":1,"y":-1.5},{"x":-2,"y":-1},{"x":2,"y":-1},{"x":-3,"y":-0.5},{"x":-1,"y":-0.5},{"x":1,"y":-0.5},{"x":3,"y":-0.5},{"x":-2,"y":0},{"x":2,"y":0}]},{"index":4,"tiles":[{"x":-2,"y":-4},{"x":2,"y":-4},{"x":-3,"y":-3.5},{"x":-1,"y":-3.5},{"x":1,"y":-3.5},{"x":3,"y":-3.5},{"x":-2,"y":-3},{"x":2,"y":-3},{"x":-1,"y":-2.5},{"x":1,"y":-2.5},{"x":-1,"y":-1.5},{"x":1,"y":-1.5},{"x":-2,"y":-1},{"x":2,"y":-1},{"x":-3,"y":-0.5},{"x":-1,"y":-0.5},{"x":1,"y":-0.5},{"x":3,"y":-0.5},{"x":-2,"y":0},{"x":2,"y":0}]}],"seeds":["KSSBIUhx3Vd5TrYUiYYxA/iFwiYY4YeInIiBFeg4H5gxQZF0nHd1g6gIVxM+XidQShd+VchgBzaFnMgsJzOAntqZYqCB4aREYeChjOVNwyc2w0gQz2ZEDqdI4mKRh7iUYiCGFBRO4YBUHAUA"]},{"layers":[{"index":0,"tiles":[{"x":-2.5,"y":-3.5},{"x":-1.5,"y":-3.5},{"x":1.5,"y":-3.5},{"x":2.5,"y":-3.5},{"x":-3.5,"y":-3},{"x":-0.5,"y":-3},{"x":0.5,"y":-3},{"x":3.5,"y":-3},{"x":-4,"y":-2},{"x":-1,"y":-2},{"x":0,"y":-2},{"x":1,"y":-2},{"x":4,"y":-2},{"x":-4,"y":-1},{"x":-1,"y":-1},{"x":0,"y":-1},{"x":1,"y":-1},{"x":4,"y":-1},{"x":-4,"y":0},{"x":-0.5,"y":0},{"x":0.5,"y":0},{"x":4,"y":0},{"x":-1.5,"y":0.5},{"x":1.5,"y":0.5},{"x":-3.5,"y":1},{"x":-2.5,"y":1},{"x":2.5,"y":1},{"x":3.5,"y":1},{"x":-3,"y":2},{"x":3,"y":2},{"x":-2.5,"y":3},{"x":2.5,"y":3},{"x":-1.5,"y":3.5},{"x":1.5,"y":3.5},{"x":-0.5,"y":4},{"x":0.5,"y":4}]},{"index":1,"tiles":[{"x":-2.5,"y":-3.5},{"x":-1.5,"y":-3.5},{"x":1.5,"y":-3.5},{"x":2.5,"y":-3.5},{"x":-3.5,"y":-3},{"x":0,"y":-3},{"x":3.5,"y":-3},{"x":-4,"y":-2},{"x":-0.5,"y":-2},{"x":0.5,"y":-2},{"x":4,"y":-2},{"x":-4,"y":-1},{"x":-0.5,"y":-1},{"x":0.5,"y":-1},{"x":4,"y":-1},{"x":-4,"y":0},{"x":0,"y":0},{"x":4,"y":0},{"x":-1.5,"y":0.5},{"x":1.5,"y":0.5},{"x":-3.5,"y":1},{"x":-2.5,"y":1},{"x":2.5,"y":1},{"x":3.5,"y":1},{"x":-3,"y":2},{"x":3,"y":2},{"x":-2.5,"y":3},{"x":2.5,"y":3},{"x":-1.5,"y":3.5},{"x":1.5,"y":3.5},{"x":-0.5,"y":4},{"x":0.5,"y":4}]},{"index":2,"tiles":[{"x":-2.5,"y":-3.5},{"x":-1.5,"y":-3.5},{"x":1.5,"y":-3.5},{"x":2.5,"y":-3.5},{"x":-3.5,"y":-3},{"x":0,"y":-3},{"x":3.5,"y":-3},{"x":-4,"y":-2},{"x":-0.5,"y":-2},{"x":0.5,"y":-2},{"x":4,"y":-2},{"x":-4,"y":-1},{"x":-0.5,"y":-1},{"x":0.5,"y":-1},{"x":4,"y":-1},{"x":-4,"y":0},{"x":0,"y":0},{"x":4,"y":0},{"x":-1.5,"y":0.5},{"x":1.5,"y":0.5},{"x":-3.5,"y":1},{"x":-2.5,"y":1},{"x":2.5,"y":1},{"x":3.5,"y":1},{"x":-3,"y":2},{"x":3,"y":2},{"x":-2.5,"y":3},{"x":2.5,"y":3},{"x":-1.5,"y":3.5},{"x":1.5,"y":3.5},{"x":-0.5,"y":4},{"x":0.5,"y":4}]},{"index":3,"tiles":[{"x":-2.5,"y":-3.5},{"x":-1.5,"y":-3.5},{"x":1.5,"y":-3.5},{"x":2.5,"y":-3.5},{"x":-3.5,"y":-3},{"x":0,"y":-3},{"x":3.5,"y":-3},{"x":-0.5,"y":-2},{"x":0.5,"y":-2},{"x":-4,"y":-1.5},{"x":4,"y":-1.5},{"x":-0.5,"y":-1},{"x":0.5,"y":-1},{"x":-4,"y":-0.5},{"x":4,"y":-0.5},{"x":0,"y":0},{"x":-1.5,"y":0.5},{"x":1.5,"y":0.5},{"x":-3.5,"y":1},{"x":-2.5,"y":1},{"x":2.5,"y":1},{"x":3.5,"y":1},{"x":-3,"y":2},{"x":3,"y":2},{"x":-2.5,"y":3},{"x":2.5,"y":3},{"x":-1.5,"y":3.5},{"x":1.5,"y":3.5},{"x":-0.5,"y":4},{"x":0.5,"y":4}]},{"index":4,"tiles":[{"x":-4,"y":-1.5},{"x":4,"y":-1.5},{"x":-4,"y":-0.5},{"x":4,"y":-0.5}]}],"seeds":["AXo8oLktgsNZysAdH6FQVhhlH0g0meCMiKgUC+Z1VBh+HCNaD1NpJ3clYSSEU1BREmIwg7dI4rKpoWeFGjiVTScEAQd2oihOxUIK4dcJXcd1YJiA4BR2BjUM14JBnsdwqQdCnAIA"]},{"layers":[{"index":0,"tiles":[{"x":-2,"y":-3.5},{"x":-1,"y":-3.5},{"x":1,"y":-3.5},{"x":2,"y":-3.5},{"x":0,"y":-3},{"x":-1.5,"y":-2.5},{"x":1.5,"y":-2.5},{"x":0,"y":-2},{"x":-1.5,"y":-1.5},{"x":1.5,"y":-1.5},{"x":0,"y":-1},{"x":-1.5,"y":-0.5},{"x":1.5,"y":-0.5},{"x":0,"y":0},{"x":-1.5,"y":0.5},{"x":1.5,"y":0.5},{"x":-2.5,"y":1},{"x":-0.5,"y":1},{"x":0.5,"y":1},{"x":2.5,"y":1},{"x":-1.5,"y":1.5},{"x":1.5,"y":1.5},{"x":-3.5,"y":2},{"x":-2.5,"y":2},{"x":-0.5,"y":2},{"x":0.5,"y":2},{"x":2.5,"y":2},{"x":3.5,"y":2},{"x":-1.5,"y":2.5},{"x":1.5,"y":2.5},{"x":-2.5,"y":3},{"x":-0.5,"y":3},{"x":0.5,"y":3},{"x":2.5,"y":3},{"x":-1.5,"y":3.5},{"x":1.5,"y":3.5},{"x":-0.5,"y":4},{"x":0.5,"y":4}]},{"index":1,"tiles":[{"x":-2,"y":-3.5},{"x":-1,"y":-3.5},{"x":1,"y":-3.5},{"x":2,"y":-3.5},{"x":0,"y":-3},{"x":-1.5,"y":-2.5},{"x":1.5,"y":-2.5},{"x":0,"y":-2},{"x":-1.5,"y":-1.5},{"x":1.5,"y":-1.5},{"x":0,"y":-1},{"x":-1.5,"y":-0.5},{"x":1.5,"y":-0.5},{"x":0,"y":0},{"x":-1.5,"y":0.5},{"x":1.5,"y":0.5},{"x":-2.5,"y":1},{"x":0,"y":1},{"x":2.5,"y":1},{"x":-1,"y":1.5},{"x":1,"y":1.5},{"x":-3.5,"y":2},{"x":-2,"y":2},{"x":0,"y":2},{"x":2,"y":2},{"x":3.5,"y":2},{"x":-1,"y":2.5},{"x":1,"y":2.5},{"x":-2.5,"y":3},{"x":0,"y":3},{"x":2.5,"y":3},{"x":-1.5,"y":3.5},{"x":1.5,"y":3.5},{"x":-0.5,"y":4},{"x":0.5,"y":4}]},{"index":2,"tiles":[{"x":0,"y":-3},{"x":0,"y":-2},{"x":0,"y":-1},{"x":0,"y":0},{"x":0,"y":1},{"x":-1,"y":1.5},{"x":1,"y":1.5},{"x":-2,"y":2},{"x":0,"y":2},{"x":2,"y":2},{"x":-1,"y":2.5},{"x":1,"y":2.5},{"x":0,"y":3}]},{"index":3,"tiles":[{"x":0,"y":-3},{"x":0,"y":-2},{"x":0,"y":-1},{"x":0,"y":0},{"x":0,"y":1},{"x":-1,"y":1.5},{"x":1,"y":1.5},{"x":-2,"y":2},{"x":0,"y":2},{"x":2,"y":2},{"x":-1,"y":2.5},{"x":1,"y":2.5},{"x":0,"y":3}]},{"index":4,"tiles":[{"x":0,"y":-3},{"x":0,"y":-2},{"x":0,"y":-1},{"x":0,"y":0},{"x":0,"y":1},{"x":-1,"y":1.5},{"x":1,"y":1.5},{"x":-2,"y":2},{"x":0,"y":2},{"x":2,"y":2},{"x":-1,"y":2.5},{"x":1,"y":2.5},{"x":0,"y":3}]}],"seeds":["FRga0QCmn6coT3AwDEh1jVYFZAlyRCKckBlCGodM19MhU2cInySKIgIWn0NJiCGBV9c96BdmIeZYYZeAmcR5xfJwROgp4YGNygJGVtcNatJ4SWiI"]},{"layers":[{"index":0,"tiles":[{"x":-3.5,"y":-4},{"x":3.5,"y":-4},{"x":-3,"y":-3},{"x":3,"y":-3},{"x":-3,"y":-2},{"x":-2,"y":-2},{"x":-1,"y":-2},{"x":0,"y":-2},{"x":1,"y":-2},{"x":2,"y":-2},{"x":3,"y":-2},{"x":-2.5,"y":-1},{"x":-1.5,"y":-1},{"x":-0.5,"y":-1},{"x":0.5,"y":-1},{"x":1.5,"y":-1},{"x":2.5,"y":-1},{"x":-2.5,"y":0},{"x":-1.5,"y":0},{"x":-0.5,"y":0},{"x":0.5,"y":0},{"x":1.5,"y":0},{"x":2.5,"y":0},{"x":-2.5,"y":1},{"x":-1.5,"y":1},{"x":-0.5,"y":1},{"x":0.5,"y":1},{"x":1.5,"y":1},{"x":2.5,"y":1},{"x":-3,"y":2},{"x":-2,"y":2},{"x":-1,"y":2},{"x":0,"y":2},{"x":1,"y":2},{"x":2,"y":2},{"x":3,"y":2},{"x":-3,"y":3},{"x":3,"y":3},{"x":-3.5,"y":4},{"x":3.5,"y":4}]},{"index":1,"tiles":[{"x":-2,"y":-2},{"x":-0.5,"y":-2},{"x":0.5,"y":-2},{"x":2,"y":-2},{"x":-1.5,"y":-1},{"x":-0.5,"y":-1},{"x":0.5,"y":-1},{"x":1.5,"y":-1},{"x":-1,"y":0},{"x":1,"y":0},{"x":-1.5,"y":1},{"x":-0.5,"y":1},{"x":0.5,"y":1},{"x":1.5,"y":1},{"x":-2,"y":2},{"x":-0.5,"y":2},{"x":0.5,"y":2},{"x":2,"y":2}]},{"index":2,"tiles":[{"x":-2,"y":-2},{"x":0,"y":-2},{"x":2,"y":-2},{"x":-1.5,"y":-1},{"x":-0.5,"y":-1},{"x":0.5,"y":-1},{"x":1.5,"y":-1},{"x":-1,"y":0},{"x":1,"y":0},{"x":-1.5,"y":1},{"x":-0.5,"y":1},{"x":0.5,"y":1},{"x":1.5,"y":1},{"x":-2,"y":2},{"x":0,"y":2},{"x":2,"y":2}]},{"index":3,"tiles":[{"x":-2,"y":-2},{"x":0,"y":-2},{"x":2,"y":-2},{"x":-1.5,"y":-1},{"x":-0.5,"y":-1},{"x":0.5,"y":-1},{"x":1.5,"y":-1},{"x":-1,"y":0},{"x":1,"y":0},{"x":-1.5,"y":1},{"x":-0.5,"y":1},{"x":0.5,"y":1},{"x":1.5,"y":1},{"x":-2,"y":2},{"x":0,"y":2},{"x":2,"y":2}]},{"index":4,"tiles":[{"x":-2,"y":-2},{"x":0,"y":-2},{"x":2,"y":-2},{"x":-1.5,"y":-1},{"x":-0.5,"y":-1},{"x":0.5,"y":-1},{"x":1.5,"y":-1},{"x":-1,"y":0},{"x":1,"y":0},{"x":-1.5,"y":1},{"x":-0.5,"y":1},{"x":0.5,"y":1},{"x":1.5,"y":1},{"x":-2,"y":2},{"x":0,"y":2},{"x":2,"y":2}]}],"seeds":["mnVyITGAoJiOGndtw9QliGA8gzE44udwX4JggaooGUSEYABSIIZ2TyQ2B4hYjfCJIAhKHbWEHuNlEFOVG0JKhfd5yxGCYTGFFRcF4NWBZgAA"]},{"layers":[{"index":0,"tiles":[{"x":0,"y":-4},{"x":-1,"y":-3},{"x":0,"y":-3},{"x":1,"y":-3},{"x":-2,"y":-2},{"x":-1,"y":-2},{"x":0,"y":-2},{"x":1,"y":-2},{"x":2,"y":-2},{"x":-3,"y":-1},{"x":-2,"y":-1},{"x":-1,"y":-1},{"x":0,"y":-1},{"x":1,"y":-1},{"x":2,"y":-1},{"x":3,"y":-1},{"x":-3.5,"y":0},{"x":-1,"y":0},{"x":0,"y":0},{"x":1,"y":0},{"x":3.5,"y":0},{"x":-3,"y":1},{"x":-2,"y":1},{"x":-1,"y":1},{"x":0,"y":1},{"x":1,"y":1},{"x":2,"y":1},{"x":3,"y":1},{"x":-2,"y":2},{"x":-1,"y":2},{"x":0,"y":2},{"x":1,"y":2},{"x":2,"y":2},{"x":-1,"y":3},{"x":0,"y":3},{"x":1,"y":3},{"x":0,"y":4}]},{"index":1,"tiles":[{"x":0,"y":-4},{"x":-1,"y":-3},{"x":1,"y":-3},{"x":-2,"y":-2},{"x":0,"y":-2},{"x":2,"y":-2},{"x":-3,"y":-1},{"x":-1,"y":-1},{"x":1,"y":-1},{"x":3,"y":-1},{"x":-3.5,"y":0},{"x":-1,"y":0},{"x":0,"y":0},{"x":1,"y":0},{"x":3.5,"y":0},{"x":-3,"y":1},{"x":-1,"y":1},{"x":1,"y":1},{"x":3,"y":1},{"x":-2,"y":2},{"x":0,"y":2},{"x":2,"y":2},{"x":-1,"y":3},{"x":1,"y":3},{"x":0,"y":4}]},{"index":2,"tiles":[{"x":0,"y":-4},{"x":-1,"y":-3},{"x":1,"y":-3},{"x":-2,"y":-2},{"x":0,"y":-2},{"x":2,"y":-2},{"x":-3,"y":-1},{"x":-1,"y":-1},{"x":1,"y":-1},{"x":3,"y":-1},{"x":-3.5,"y":0},{"x":-1,"y":0},{"x":0,"y":0},{"x":1,"y":0},{"x":3.5,"y":0},{"x":-3,"y":1},{"x":-1,"y":1},{"x":1,"y":1},{"x":3,"y":1},{"x":-2,"y":2},{"x":0,"y":2},{"x":2,"y":2},{"x":-1,"y":3},{"x":1,"y":3},{"x":0,"y":4}]},{"index":3,"tiles":[{"x":0,"y":-4},{"x":-1,"y":-3},{"x":1,"y":-3},{"x":-2,"y":-2},{"x":0,"y":-2},{"x":2,"y":-2},{"x":-3,"y":-1},{"x":-1,"y":-1},{"x":1,"y":-1},{"x":3,"y":-1},{"x":-3.5,"y":0},{"x":-1,"y":0},{"x":0,"y":0},{"x":1,"y":0},{"x":3.5,"y":0},{"x":-3,"y":1},{"x":-1,"y":1},{"x":1,"y":1},{"x":3,"y":1},{"x":-2,"y":2},{"x":0,"y":2},{"x":2,"y":2},{"x":-1,"y":3},{"x":1,"y":3},{"x":0,"y":4}]},{"index":4,"tiles":[{"x":0,"y":-4},{"x":-1,"y":-3},{"x":1,"y":-3},{"x":-2,"y":-2},{"x":0,"y":-2},{"x":2,"y":-2},{"x":-3,"y":-1},{"x":-1,"y":-1},{"x":1,"y":-1},{"x":3,"y":-1},{"x":-3.5,"y":0},{"x":-0.5,"y":0},{"x":0.5,"y":0},{"x":3.5,"y":0},{"x":-3,"y":1},{"x":-1,"y":1},{"x":1,"y":1},{"x":3,"y":1},{"x":-2,"y":2},{"x":0,"y":2},{"x":2,"y":2},{"x":-1,"y":3},{"x":1,"y":3},{"x":0,"y":4}]}],"seeds":["h+iFoNYJwkVsRicx3DBwQRB2XhB2ywdNmAYFIVWERtQ0VxSOi+B1U/iAnQKGAfokTlBi2yGCXcFxlgCKS5KJn/aJIahVIUNwC0VZmUIh3/eRHqdMk5d0SeiZH6hIYYp8YRWqjgie"]},{"layers":[{"index":0,"tiles":[{"x":-2,"y":-3},{"x":2,"y":-3},{"x":-3,"y":-2},{"x":-2,"y":-2},{"x":-1,"y":-2},{"x":1,"y":-2},{"x":2,"y":-2},{"x":3,"y":-2},{"x":-4,"y":-1},{"x":-3,"y":-1},{"x":-2,"y":-1},{"x":-1,"y":-1},{"x":0,"y":-1},{"x":1,"y":-1},{"x":2,"y":-1},{"x":3,"y":-1},{"x":4,"y":-1},{"x":-4,"y":0},{"x":4,"y":0},{"x":-4,"y":1},{"x":-2.5,"y":1},{"x":-1,"y":1},{"x":1,"y":1},{"x":2.5,"y":1},{"x":4,"y":1},{"x":-4,"y":2},{"x":-2.5,"y":2},{"x":-1,"y":2},{"x":1,"y":2},{"x":2.5,"y":2},{"x":4,"y":2},{"x":-4,"y":3},{"x":-3,"y":3},{"x":-2,"y":3},{"x":-1,"y":3},{"x":0,"y":3},{"x":1,"y":3},{"x":2,"y":3},{"x":3,"y":3},{"x":4,"y":3}]},{"index":1,"tiles":[{"x":-2,"y":-3},{"x":2,"y":-3},{"x":-3,"y":-2},{"x":-2,"y":-2},{"x":-1,"y":-2},{"x":1,"y":-2},{"x":2,"y":-2},{"x":3,"y":-2},{"x":-4,"y":-1},{"x":-3,"y":-1},{"x":-2,"y":-1},{"x":-1,"y":-1},{"x":0,"y":-1},{"x":1,"y":-1},{"x":2,"y":-1},{"x":3,"y":-1},{"x":4,"y":-1},{"x":-4,"y":0},{"x":4,"y":0},{"x":-4,"y":1},{"x":4,"y":1},{"x":-2.5,"y":1.5},{"x":-1,"y":1.5},{"x":1,"y":1.5},{"x":2.5,"y":1.5},{"x":-4,"y":2},{"x":4,"y":2},{"x":-4,"y":3},{"x":-3,"y":3},{"x":-2,"y":3},{"x":-1,"y":3},{"x":0,"y":3},{"x":1,"y":3},{"x":2,"y":3},{"x":3,"y":3},{"x":4,"y":3}]},{"index":2,"tiles":[{"x":-2,"y":-3},{"x":2,"y":-3},{"x":-2.5,"y":-2},{"x":-1.5,"y":-2},{"x":1.5,"y":-2},{"x":2.5,"y":-2},{"x":-4,"y":-1},{"x":-2.5,"y":-1},{"x":-1.5,"y":-1},{"x":1.5,"y":-1},{"x":2.5,"y":-1},{"x":4,"y":-1},{"x":-4,"y":0},{"x":4,"y":0},{"x":-4,"y":1},{"x":4,"y":1},{"x":-2.5,"y":1.5},{"x":-1,"y":1.5},{"x":1,"y":1.5},{"x":2.5,"y":1.5},{"x":-4,"y":2},{"x":4,"y":2},{"x":-3.5,"y":3},{"x":-1.5,"y":3},{"x":1.5,"y":3},{"x":3.5,"y":3}]},{"index":3,"tiles":[{"x":-2,"y":-3},{"x":2,"y":-3},{"x":-2.5,"y":-2},{"x":-1.5,"y":-2},{"x":1.5,"y":-2},{"x":2.5,"y":-2},{"x":-4,"y":-1},{"x":-2.5,"y":-1},{"x":-1.5,"y":-1},{"x":1.5,"y":-1},{"x":2.5,"y":-1},{"x":4,"y":-1},{"x":-4,"y":0},{"x":4,"y":0},{"x":-4,"y":1},{"x":4,"y":1},{"x":-2.5,"y":1.5},{"x":-1,"y":1.5},{"x":1,"y":1.5},{"x":2.5,"y":1.5},{"x":-4,"y":2},{"x":4,"y":2},{"x":-3.5,"y":3},{"x":-1.5,"y":3},{"x":1.5,"y":3},{"x":3.5,"y":3}]},{"index":4,"tiles":[{"x":-2.5,"y":1.5},{"x":-1,"y":1.5},{"x":1,"y":1.5},{"x":2.5,"y":1.5},{"x":-3.5,"y":3},{"x":-1.5,"y":3},{"x":1.5,"y":3},{"x":3.5,"y":3}]}],"seeds":["FimE0AdOTON8oahIDgFmorGJ1FQuCuYhnrdIEBVU3MB8KchRVmVw3ilyicBZwjAcQvZ9RbdpD3eBV9cwGjhgohhF4sd5HaUuDVFNYFeBzxRyYYIeYQgqjBJ2ohcERdiY3UJYSECM"]},{"layers":[{"index":0,"tiles":[{"x":-2.5,"y":-3},{"x":-2.5,"y":-2},{"x":-1.5,"y":-2},{"x":-3.5,"y":-1.5},{"x":3,"y":-1.5},{"x":2,"y":-1},{"x":4,"y":-1},{"x":-4,"y":-0.5},{"x":0.5,"y":-0.5},{"x":-0.5,"y":0},{"x":1.5,"y":0},{"x":-3.5,"y":0.5},{"x":-2.5,"y":0.5},{"x":-1.5,"y":0.5},{"x":0.5,"y":0.5},{"x":2.5,"y":0.5},{"x":-0.5,"y":1},{"x":1.5,"y":1},{"x":0.5,"y":1.5},{"x":2,"y":2},{"x":4,"y":2},{"x":3,"y":2.5}]},{"index":1,"tiles":[{"x":-2.5,"y":-3},{"x":-2.5,"y":-2},{"x":-1.5,"y":-2},{"x":-3.5,"y":-1.5},{"x":3,"y":-1.5},{"x":2,"y":-1},{"x":4,"y":-1},{"x":-4,"y":-0.5},{"x":0.5,"y":-0.5},{"x":-0.5,"y":0},{"x":1.5,"y":0},{"x":-3.5,"y":0.5},{"x":-2.5,"y":0.5},{"x":-1.5,"y":0.5},{"x":0.5,"y":0.5},{"x":2.5,"y":0.5},{"x":-0.5,"y":1},{"x":1.5,"y":1},{"x":0.5,"y":1.5},{"x":2,"y":2},{"x":4,"y":2},{"x":3,"y":2.5}]},{"index":2,"tiles":[{"x":-2.5,"y":-3},{"x":-2.5,"y":-2},{"x":-1.5,"y":-2},{"x":-3.5,"y":-1.5},{"x":3,"y":-1.5},{"x":2,"y":-1},{"x":4,"y":-1},{"x":-4,"y":-0.5},{"x":0.5,"y":-0.5},{"x":-0.5,"y":0},{"x":1.5,"y":0},{"x":-3.5,"y":0.5},{"x":-2.5,"y":0.5},{"x":-1.5,"y":0.5},{"x":0.5,"y":0.5},{"x":2.5,"y":0.5},{"x":-0.5,"y":1},{"x":1.5,"y":1},{"x":0.5,"y":1.5},{"x":2,"y":2},{"x":4,"y":2},{"x":3,"y":2.5}]},{"index":3,"tiles":[{"x":-2.5,"y":-3},{"x":-2.5,"y":-2},{"x":-1.5,"y":-2},{"x":-3.5,"y":-1.5},{"x":3,"y":-1.5},{"x":2,"y":-1},{"x":4,"y":-1},{"x":-4,"y":-0.5},{"x":0.5,"y":-0.5},{"x":-0.5,"y":0},{"x":1.5,"y":0},{"x":-3.5,"y":0.5},{"x":-2.5,"y":0.5},{"x":-1.5,"y":0.5},{"x":0.5,"y":0.5},{"x":2.5,"y":0.5},{"x":-0.5,"y":1},{"x":1.5,"y":1},{"x":0.5,"y":1.5},{"x":2,"y":2},{"x":4,"y":2},{"x":3,"y":2.5}]},{"index":4,"tiles":[{"x":-2.5,"y":-3},{"x":-2.5,"y":-2},{"x":-1.5,"y":-2},{"x":-3.5,"y":-1.5},{"x":3,"y":-1.5},{"x":2,"y":-1},{"x":4,"y":-1},{"x":-4,"y":-0.5},{"x":0.5,"y":-0.5},{"x":-0.5,"y":0},{"x":1.5,"y":0},{"x":-3.5,"y":0.5},{"x":-2.5,"y":0.5},{"x":-1.5,"y":0.5},{"x":0.5,"y":0.5},{"x":2.5,"y":0.5},{"x":-0.5,"y":1},{"x":1.5,"y":1},{"x":0.5,"y":1.5},{"x":2,"y":2},{"x":4,"y":2},{"x":3,"y":2.5}]}],"seeds":["pfR91bcRIFaBiscF3UF2xSEaE4NSThBMnIh10cchA4KJRtMRFxdqz2YdVpdqWSEFCrhcHqSBnReCJjgmRygI3vBAYSQqSsKdDiOGnIhR4dJkmgoA"]},{"layers":[{"index":0,"tiles":[{"x":-2,"y":-4},{"x":2,"y":-4},{"x":-4,"y":-3.5},{"x":-3,"y":-3.5},{"x":-1,"y":-3.5},{"x":0,"y":-3.5},{"x":1,"y":-3.5},{"x":3,"y":-3.5},{"x":4,"y":-3.5},{"x":-2,"y":-3},{"x":2,"y":-3},{"x":-4,"y":-2.5},{"x":4,"y":-2.5},{"x":-0.5,"y":-2},{"x":0.5,"y":-2},{"x":-4,"y":-1.5},{"x":-1.5,"y":-1.5},{"x":1.5,"y":-1.5},{"x":4,"y":-1.5},{"x":-2.5,"y":-1},{"x":-0.5,"y":-1},{"x":0.5,"y":-1},{"x":2.5,"y":-1},{"x":-3.5,"y":-0.5},{"x":-1.5,"y":-0.5},{"x":1.5,"y":-0.5},{"x":3.5,"y":-0.5},{"x":-2.5,"y":0},{"x":-0.5,"y":0},{"x":0.5,"y":0},{"x":2.5,"y":0},{"x":-3.5,"y":0.5},{"x":-1.5,"y":0.5},{"x":1.5,"y":0.5},{"x":3.5,"y":0.5},{"x":-2.5,"y":1},{"x":-0.5,"y":1},{"x":0.5,"y":1},{"x":2.5,"y":1},{"x":-4,"y":1.5},{"x":-1.5,"y":1.5},{"x":1.5,"y":1.5},{"x":4,"y":1.5},{"x":-0.5,"y":2},{"x":0.5,"y":2},{"x":-4,"y":2.5},{"x":4,"y":2.5},{"x":-2,"y":3},{"x":2,"y":3},{"x":-4,"y":3.5},{"x":-3,"y":3.5},{"x":-1,"y":3.5},{"x":0,"y":3.5},{"x":1,"y":3.5},{"x":3,"y":3.5},{"x":4,"y":3.5},{"x":-2,"y":4},{"x":2,"y":4}]},{"index":1,"tiles":[{"x":-2,"y":-4},{"x":2,"y":-4},{"x":-4,"y":-3.5},{"x":-3,"y":-3.5},{"x":-1,"y":-3.5},{"x":0,"y":-3.5},{"x":1,"y":-3.5},{"x":3,"y":-3.5},{"x":4,"y":-3.5},{"x":-2,"y":-3},{"x":2,"y":-3},{"x":-4,"y":-2.5},{"x":4,"y":-2.5},{"x":0,"y":-2},{"x":-4,"y":-1.5},{"x":-1,"y":-1.5},{"x":1,"y":-1.5},{"x":4,"y":-1.5},{"x":-2,"y":-1},{"x":0,"y":-1},{"x":2,"y":-1},{"x":-3,"y":-0.5},{"x":-1,"y":-0.5},{"x":1,"y":-0.5},{"x":3,"y":-0.5},{"x":-2,"y":0},{"x":0,"y":0},{"x":2,"y":0},{"x":-3,"y":0.5},{"x":-1,"y":0.5},{"x":1,"y":0.5},{"x":3,"y":0.5},{"x":-2,"y":1},{"x":0,"y":1},{"x":2,"y":1},{"x":-4,"y":1.5},{"x":-1,"y":1.5},{"x":1,"y":1.5},{"x":4,"y":1.5},{"x":0,"y":2},{"x":-4,"y":2.5},{"x":4,"y":2.5},{"x":-2,"y":3},{"x":2,"y":3},{"x":-4,"y":3.5},{"x":-3,"y":3.5},{"x":-1,"y":3.5},{"x":0,"y":3.5},{"x":1,"y":3.5},{"x":3,"y":3.5},{"x":4,"y":3.5},{"x":-2,"y":4},{"x":2,"y":4}]},{"index":2,"tiles":[{"x":-0.5,"y":-1.5},{"x":0.5,"y":-1.5},{"x":-1.5,"y":-1},{"x":1.5,"y":-1},{"x":-2.5,"y":-0.5},{"x":-0.5,"y":-0.5},{"x":0.5,"y":-0.5},{"x":2.5,"y":-0.5},{"x":-1.5,"y":0},{"x":1.5,"y":0},{"x":-2.5,"y":0.5},{"x":-0.5,"y":0.5},{"x":0.5,"y":0.5},{"x":2.5,"y":0.5},{"x":-1.5,"y":1},{"x":1.5,"y":1},{"x":-0.5,"y":1.5},{"x":0.5,"y":1.5}]},{"index":3,"tiles":[{"x":0,"y":-1.5},{"x":-1,"y":-1},{"x":1,"y":-1},{"x":0,"y":-0.5},{"x":-2,"y":0},{"x":-1,"y":0},{"x":1,"y":0},{"x":2,"y":0},{"x":0,"y":0.5},{"x":-1,"y":1},{"x":1,"y":1},{"x":0,"y":1.5}]},{"index":4,"tiles":[{"x":-1.5,"y":0},{"x":0,"y":0},{"x":1.5,"y":0}]}],"seeds":["yiSKSfBdQxhuHidQhcBJ3MZFwUBVIeSET1IaXuaFSgcSU1V5XSaKUTExASh6ziUQk3iA3AASCNgEzQNhmih0X2h8GsagU0CGy7IwDOWlVtB5FdJVYzgFywR21idViqlcxxSAH3GK6kd53AUO"]},{"layers":[{"index":0,"tiles":[{"x":0,"y":-3.5},{"x":0,"y":-2.5},{"x":-3,"y":-2},{"x":-2,"y":-2},{"x":-1,"y":-2},{"x":1,"y":-2},{"x":2,"y":-2},{"x":3,"y":-2},{"x":-4,"y":-1.5},{"x":0,"y":-1.5},{"x":4,"y":-1.5},{"x":-1.5,"y":-1},{"x":1.5,"y":-1},{"x":-3.5,"y":-0.5},{"x":3.5,"y":-0.5},{"x":0,"y":0},{"x":-3.5,"y":0.5},{"x":3.5,"y":0.5},{"x":-1.5,"y":1},{"x":1.5,"y":1},{"x":-4,"y":1.5},{"x":0,"y":1.5},{"x":4,"y":1.5},{"x":-3,"y":2},{"x":-2,"y":2},{"x":-1,"y":2},{"x":1,"y":2},{"x":2,"y":2},{"x":3,"y":2},{"x":0,"y":2.5},{"x":0,"y":3.5}]},{"index":1,"tiles":[{"x":0,"y":-3.5},{"x":0,"y":-2.5},{"x":-3,"y":-2},{"x":-2,"y":-2},{"x":-1,"y":-2},{"x":1,"y":-2},{"x":2,"y":-2},{"x":3,"y":-2},{"x":-4,"y":-1.5},{"x":0,"y":-1.5},{"x":4,"y":-1.5},{"x":-1.5,"y":-1},{"x":1.5,"y":-1},{"x":-3.5,"y":-0.5},{"x":3.5,"y":-0.5},{"x":0,"y":0},{"x":-3.5,"y":0.5},{"x":3.5,"y":0.5},{"x":-1.5,"y":1},{"x":1.5,"y":1},{"x":-4,"y":1.5},{"x":0,"y":1.5},{"x":4,"y":1.5},{"x":-3,"y":2},{"x":-2,"y":2},{"x":-1,"y":2},{"x":1,"y":2},{"x":2,"y":2},{"x":3,"y":2},{"x":0,"y":2.5},{"x":0,"y":3.5}]},{"index":2,"tiles":[{"x":0,"y":-3.5},{"x":0,"y":-2.5},{"x":-3,"y":-2},{"x":-2,"y":-2},{"x":-1,"y":-2},{"x":1,"y":-2},{"x":2,"y":-2},{"x":3,"y":-2},{"x":-4,"y":-1.5},{"x":0,"y":-1.5},{"x":4,"y":-1.5},{"x":-1.5,"y":-1},{"x":1.5,"y":-1},{"x":-3.5,"y":-0.5},{"x":3.5,"y":-0.5},{"x":0,"y":0},{"x":-3.5,"y":0.5},{"x":3.5,"y":0.5},{"x":-1.5,"y":1},{"x":1.5,"y":1},{"x":-4,"y":1.5},{"x":0,"y":1.5},{"x":4,"y":1.5},{"x":-3,"y":2},{"x":-2,"y":2},{"x":-1,"y":2},{"x":1,"y":2},{"x":2,"y":2},{"x":3,"y":2},{"x":0,"y":2.5},{"x":0,"y":3.5}]},{"index":3,"tiles":[{"x":0,"y":-3},{"x":-2.5,"y":-2},{"x":-1.5,"y":-2},{"x":-0.5,"y":-2},{"x":0.5,"y":-2},{"x":1.5,"y":-2},{"x":2.5,"y":-2},{"x":-4,"y":-1.5},{"x":4,"y":-1.5},{"x":-1.5,"y":-1},{"x":1.5,"y":-1},{"x":-3.5,"y":0},{"x":0,"y":0},{"x":3.5,"y":0},{"x":-1.5,"y":1},{"x":1.5,"y":1},{"x":-4,"y":1.5},{"x":4,"y":1.5},{"x":-2.5,"y":2},{"x":-1.5,"y":2},{"x":-0.5,"y":2},{"x":0.5,"y":2},{"x":1.5,"y":2},{"x":2.5,"y":2},{"x":0,"y":3}]}],"seeds":["KNQFnPcpS2Z23SdGyOZBX/SInEoF0cQMJBFhn2JpqbUICmc0XcU8hAg2GMSBoSMSlhBORwhyYRd0IXRuUkKAYJF5ISUaVTNx1+Vpo2QpU+g0YCkGBzIUYQIA"]},{"layers":[{"index":0,"tiles":[{"x":-2.5,"y":-3},{"x":2.5,"y":-3},{"x":-1.5,"y":-2.5},{"x":-0.5,"y":-2.5},{"x":0.5,"y":-2.5},{"x":1.5,"y":-2.5},{"x":-2.5,"y":-2},{"x":2.5,"y":-2},{"x":-0.5,"y":-1.5},{"x":0.5,"y":-1.5},{"x":-2.5,"y":-1},{"x":-1.5,"y":-1},{"x":1.5,"y":-1},{"x":2.5,"y":-1},{"x":-0.5,"y":-0.5},{"x":0.5,"y":-0.5},{"x":-2.5,"y":0},{"x":-1.5,"y":0},{"x":1.5,"y":0},{"x":2.5,"y":0},{"x":-0.5,"y":0.5},{"x":0.5,"y":0.5},{"x":-2.5,"y":1},{"x":-1.5,"y":1},{"x":1.5,"y":1},{"x":2.5,"y":1},{"x":-0.5,"y":1.5},{"x":0.5,"y":1.5},{"x":-2.5,"y":2},{"x":2.5,"y":2},{"x":-1.5,"y":2.5},{"x":-0.5,"y":2.5},{"x":0.5,"y":2.5},{"x":1.5,"y":2.5},{"x":-2.5,"y":3},{"x":2.5,"y":3}]},{"index":1,"tiles":[{"x":-2.5,"y":-3},{"x":2.5,"y":-3},{"x":-1.5,"y":-2.5},{"x":-0.5,"y":-2.5},{"x":0.5,"y":-2.5},{"x":1.5,"y":-2.5},{"x":-2.5,"y":-2},{"x":2.5,"y":-2},{"x":-0.5,"y":-1.5},{"x":0.5,"y":-1.5},{"x":-2.5,"y":-1},{"x":-1.5,"y":-1},{"x":1.5,"y":-1},{"x":2.5,"y":-1},{"x":-0.5,"y":-0.5},{"x":0.5,"y":-0.5},{"x":-2.5,"y":0},{"x":-1.5,"y":0},{"x":1.5,"y":0},{"x":2.5,"y":0},{"x":-0.5,"y":0.5},{"x":0.5,"y":0.5},{"x":-2.5,"y":1},{"x":-1.5,"y":1},{"x":1.5,"y":1},{"x":2.5,"y":1},{"x":-0.5,"y":1.5},{"x":0.5,"y":1.5},{"x":-2.5,"y":2},{"x":2.5,"y":2},{"x":-1.5,"y":2.5},{"x":-0.5,"y":2.5},{"x":0.5,"y":2.5},{"x":1.5,"y":2.5},{"x":-2.5,"y":3},{"x":2.5,"y":3}]},{"index":2,"tiles":[{"x":-2.5,"y":-3},{"x":2.5,"y":-3},{"x":-1.5,"y":-2.5},{"x":-0.5,"y":-2.5},{"x":0.5,"y":-2.5},{"x":1.5,"y":-2.5},{"x":-2.5,"y":-2},{"x":2.5,"y":-2},{"x":-0.5,"y":-1.5},{"x":0.5,"y":-1.5},{"x":-2.5,"y":-1},{"x":-1.5,"y":-1},{"x":1.5,"y":-1},{"x":2.5,"y":-1},{"x":-0.5,"y":-0.5},{"x":0.5,"y":-0.5},{"x":-2.5,"y":0},{"x":-1.5,"y":0},{"x":1.5,"y":0},{"x":2.5,"y":0},{"x":-0.5,"y":0.5},{"x":0.5,"y":0.5},{"x":-2.5,"y":1},{"x":-1.5,"y":1},{"x":1.5,"y":1},{"x":2.5,"y":1},{"x":-0.5,"y":1.5},{"x":0.5,"y":1.5},{"x":-2.5,"y":2},{"x":2.5,"y":2},{"x":-1.5,"y":2.5},{"x":-0.5,"y":2.5},{"x":0.5,"y":2.5},{"x":1.5,"y":2.5},{"x":-2.5,"y":3},{"x":2.5,"y":3}]},{"index":3,"tiles":[{"x":-2.5,"y":-2.5},{"x":-1,"y":-2.5},{"x":0,"y":-2.5},{"x":1,"y":-2.5},{"x":2.5,"y":-2.5},{"x":-2.5,"y":-1.5},{"x":0,"y":-1.5},{"x":2.5,"y":-1.5},{"x":-1,"y":-1},{"x":1,"y":-1},{"x":-2.5,"y":-0.5},{"x":0,"y":-0.5},{"x":2.5,"y":-0.5},{"x":-1,"y":0},{"x":1,"y":0},{"x":-2.5,"y":0.5},{"x":0,"y":0.5},{"x":2.5,"y":0.5},{"x":-1,"y":1},{"x":1,"y":1},{"x":-2.5,"y":1.5},{"x":0,"y":1.5},{"x":2.5,"y":1.5},{"x":-2.5,"y":2.5},{"x":-1,"y":2.5},{"x":0,"y":2.5},{"x":1,"y":2.5},{"x":2.5,"y":2.5}]},{"index":4,"tiles":[{"x":0,"y":-1},{"x":-1,"y":-0.5},{"x":1,"y":-0.5},{"x":-1,"y":0.5},{"x":1,"y":0.5},{"x":0,"y":1}]}],"seeds":["XfUVSLgI3LWIlSgagTcSH8csQbpEWZOFThAW30cNIAdKUzGgF+hwA3YkncJpj8YkAhKRhsiFJhY2igidocJZDyOKRBUOFCiE1WYFUwdRXTNNwmF5YPd5mweKUtF5HUF1IAGqFlgqDcN9HggA"]},{"layers":[{"index":0,"tiles":[{"x":-2,"y":-3},{"x":2,"y":-3},{"x":-4,"y":-2},{"x":-3,"y":-2},{"x":-2,"y":-2},{"x":-1,"y":-2},{"x":0,"y":-2},{"x":1,"y":-2},{"x":2,"y":-2},{"x":3,"y":-2},{"x":4,"y":-2},{"x":-4,"y":-1},{"x":-2,"y":-1},{"x":2,"y":-1},{"x":4,"y":-1},{"x":-1,"y":-0.5},{"x":1,"y":-0.5},{"x":-3,"y":0},{"x":-2,"y":0},{"x":2,"y":0},{"x":3,"y":0},{"x":-1,"y":0.5},{"x":1,"y":0.5},{"x":-4,"y":1},{"x":-2,"y":1},{"x":2,"y":1},{"x":4,"y":1},{"x":-4,"y":2},{"x":-3,"y":2},{"x":-2,"y":2},{"x":-1,"y":2},{"x":0,"y":2},{"x":1,"y":2},{"x":2,"y":2},{"x":3,"y":2},{"x":4,"y":2},{"x":-2,"y":3},{"x":2,"y":3}]},{"index":1,"tiles":[{"x":-2,"y":-3},{"x":2,"y":-3},{"x":-4,"y":-2},{"x":-3,"y":-2},{"x":-2,"y":-2},{"x":-1,"y":-2},{"x":0,"y":-2},{"x":1,"y":-2},{"x":2,"y":-2},{"x":3,"y":-2},{"x":4,"y":-2},{"x":-4,"y":-1},{"x":-2,"y":-1},{"x":2,"y":-1},{"x":4,"y":-1},{"x":-1,"y":-0.5},{"x":1,"y":-0.5},{"x":-3,"y":0},{"x":-2,"y":0},{"x":2,"y":0},{"x":3,"y":0},{"x":-1,"y":0.5},{"x":1,"y":0.5},{"x":-4,"y":1},{"x":-2,"y":1},{"x":2,"y":1},{"x":4,"y":1},{"x":-4,"y":2},{"x":-3,"y":2},{"x":-2,"y":2},{"x":-1,"y":2},{"x":0,"y":2},{"x":1,"y":2},{"x":2,"y":2},{"x":3,"y":2},{"x":4,"y":2},{"x":-2,"y":3},{"x":2,"y":3}]},{"index":2,"tiles":[{"x":-2,"y":-3},{"x":2,"y":-3},{"x":-4,"y":-2},{"x":-3,"y":-2},{"x":-2,"y":-2},{"x":-1,"y":-2},{"x":0,"y":-2},{"x":1,"y":-2},{"x":2,"y":-2},{"x":3,"y":-2},{"x":4,"y":-2},{"x":-4,"y":-1},{"x":4,"y":-1},{"x":-1.5,"y":-0.5},{"x":1.5,"y":-0.5},{"x":-2.5,"y":0},{"x":2.5,"y":0},{"x":-1.5,"y":0.5},{"x":1.5,"y":0.5},{"x":-4,"y":1},{"x":4,"y":1},{"x":-4,"y":2},{"x":-3,"y":2},{"x":-2,"y":2},{"x":-1,"y":2},{"x":0,"y":2},{"x":1,"y":2},{"x":2,"y":2},{"x":3,"y":2},{"x":4,"y":2},{"x":-2,"y":3},{"x":2,"y":3}]},{"index":3,"tiles":[{"x":-1.5,"y":-0.5},{"x":1.5,"y":-0.5},{"x":-2.5,"y":0},{"x":2.5,"y":0},{"x":-1.5,"y":0.5},{"x":1.5,"y":0.5}]},{"index":4,"tiles":[{"x":-2,"y":0},{"x":2,"y":0}]}],"seeds":["IocImLY8KtONFTgdhag5nRElXDRtCgOGA9JtYSB8XwdRwrV0Eph01oR+XshBkxJc5nFyaZCJClaRoCI2pbc4gteEAhiCohR4YWGB3GcsYiZwIUgMT0gR"]},{"layers":[{"index":0,"tiles":[{"x":0,"y":-4},{"x":-0.5,"y":-3},{"x":0.5,"y":-3},{"x":-1.5,"y":-2.5},{"x":1.5,"y":-2.5},{"x":-3,"y":-1.5},{"x":-2,"y":-1.5},{"x":-1,"y":-1.5},{"x":0,"y":-1.5},{"x":1,"y":-1.5},{"x":2,"y":-1.5},{"x":3,"y":-1.5},{"x":-2.5,"y":-0.5},{"x":0,"y":-0.5},{"x":2.5,"y":-0.5},{"x":-1,"y":0},{"x":1,"y":0},{"x":-2.5,"y":0.5},{"x":2.5,"y":0.5},{"x":-1.5,"y":1},{"x":1.5,"y":1},{"x":-2.5,"y":1.5},{"x":2.5,"y":1.5},{"x":-1,"y":2},{"x":1,"y":2},{"x":-2.5,"y":2.5},{"x":0,"y":2.5},{"x":2.5,"y":2.5},{"x":-2.5,"y":3.5},{"x":-1.5,"y":3.5},{"x":-0.5,"y":3.5},{"x":0.5,"y":3.5},{"x":1.5,"y":3.5},{"x":2.5,"y":3.5}]},{"index":1,"tiles":[{"x":0,"y":-4},{"x":-0.5,"y":-3},{"x":0.5,"y":-3},{"x":-1.5,"y":-2.5},{"x":1.5,"y":-2.5},{"x":-3,"y":-1.5},{"x":-2,"y":-1.5},{"x":-1,"y":-1.5},{"x":0,"y":-1.5},{"x":1,"y":-1.5},{"x":2,"y":-1.5},{"x":3,"y":-1.5},{"x":-2.5,"y":-0.5},{"x":0,"y":-0.5},{"x":2.5,"y":-0.5},{"x":-1,"y":0},{"x":1,"y":0},{"x":-2.5,"y":0.5},{"x":2.5,"y":0.5},{"x":-1.5,"y":1},{"x":1.5,"y":1},{"x":-2.5,"y":1.5},{"x":2.5,"y":1.5},{"x":-1,"y":2},{"x":1,"y":2},{"x":-2.5,"y":2.5},{"x":0,"y":2.5},{"x":2.5,"y":2.5},{"x":-2.5,"y":3.5},{"x":-1.5,"y":3.5},{"x":-0.5,"y":3.5},{"x":0.5,"y":3.5},{"x":1.5,"y":3.5},{"x":2.5,"y":3.5}]},{"index":2,"tiles":[{"x":0,"y":-4},{"x":-0.5,"y":-3},{"x":0.5,"y":-3},{"x":-1.5,"y":-2.5},{"x":1.5,"y":-2.5},{"x":-3,"y":-1.5},{"x":-2,"y":-1.5},{"x":-1,"y":-1.5},{"x":0,"y":-1.5},{"x":1,"y":-1.5},{"x":2,"y":-1.5},{"x":3,"y":-1.5},{"x":-2.5,"y":-0.5},{"x":0,"y":-0.5},{"x":2.5,"y":-0.5},{"x":-1,"y":0},{"x":1,"y":0},{"x":-2.5,"y":0.5},{"x":2.5,"y":0.5},{"x":-1.5,"y":1},{"x":1.5,"y":1},{"x":-2.5,"y":1.5},{"x":2.5,"y":1.5},{"x":-1,"y":2},{"x":1,"y":2},{"x":-2.5,"y":2.5},{"x":0,"y":2.5},{"x":2.5,"y":2.5},{"x":-2.5,"y":3.5},{"x":-1.5,"y":3.5},{"x":-0.5,"y":3.5},{"x":0.5,"y":3.5},{"x":1.5,"y":3.5},{"x":2.5,"y":3.5}]},{"index":3,"tiles":[{"x":0,"y":-4},{"x":-0.5,"y":-3},{"x":0.5,"y":-3},{"x":-1.5,"y":-2.5},{"x":1.5,"y":-2.5},{"x":-3,"y":-1.5},{"x":-2,"y":-1.5},{"x":-1,"y":-1.5},{"x":0,"y":-1.5},{"x":1,"y":-1.5},{"x":2,"y":-1.5},{"x":3,"y":-1.5},{"x":-2.5,"y":-0.5},{"x":0,"y":-0.5},{"x":2.5,"y":-0.5},{"x":-1,"y":0},{"x":1,"y":0},{"x":-2.5,"y":0.5},{"x":2.5,"y":0.5},{"x":-1.5,"y":1},{"x":1.5,"y":1},{"x":-2.5,"y":1.5},{"x":2.5,"y":1.5},{"x":-1,"y":2},{"x":1,"y":2},{"x":-2.5,"y":2.5},{"x":0,"y":2.5},{"x":2.5,"y":2.5},{"x":-2.5,"y":3.5},{"x":-1.5,"y":3.5},{"x":-0.5,"y":3.5},{"x":0.5,"y":3.5},{"x":1.5,"y":3.5},{"x":2.5,"y":3.5}]}],"seeds":["jKEoGAiGFCeG3WQaAwOe6SEx3BF2y0CIIqKEKCcqwcJQ4/IhnhRynEZOkHdxFfdFH0VAnRI+V9eJVBOJAiGEVilWWlGBG/MFjjoNj4dVlrgthQdmnJcoIBEIXDMlTph5ICeAHTME"]},{"layers":[{"index":0,"tiles":[{"x":-4,"y":-3.5},{"x":-3,"y":-3.5},{"x":-2,"y":-3.5},{"x":0,"y":-3.5},{"x":2,"y":-3.5},{"x":3,"y":-3.5},{"x":4,"y":-3.5},{"x":-3.5,"y":-2.5},{"x":-2.5,"y":-2.5},{"x":0,"y":-2.5},{"x":2.5,"y":-2.5},{"x":3.5,"y":-2.5},{"x":-3,"y":-1.5},{"x":0,"y":-1.5},{"x":3,"y":-1.5},{"x":-2,"y":-1},{"x":-1,"y":-1},{"x":1,"y":-1},{"x":2,"y":-1},{"x":0,"y":-0.5},{"x":-1,"y":0},{"x":1,"y":0},{"x":-3,"y":0.5},{"x":-2,"y":0.5},{"x":0,"y":0.5},{"x":2,"y":0.5},{"x":3,"y":0.5},{"x":-1,"y":1},{"x":1,"y":1},{"x":-3,"y":1.5},{"x":-2,"y":1.5},{"x":0,"y":1.5},{"x":2,"y":1.5},{"x":3,"y":1.5},{"x":-2.5,"y":2.5},{"x":-1.5,"y":2.5},{"x":1.5,"y":2.5},{"x":2.5,"y":2.5},{"x":-2,"y":3.5},{"x":-1,"y":3.5},{"x":0,"y":3.5},{"x":1,"y":3.5},{"x":2,"y":3.5}]},{"index":1,"tiles":[{"x":-4,"y":-3.5},{"x":-3,"y":-3.5},{"x":-2,"y":-3.5},{"x":0,"y":-3.5},{"x":2,"y":-3.5},{"x":3,"y":-3.5},{"x":4,"y":-3.5},{"x":-3.5,"y":-2.5},{"x":-2.5,"y":-2.5},{"x":0,"y":-2.5},{"x":2.5,"y":-2.5},{"x":3.5,"y":-2.5},{"x":-3,"y":-1.5},{"x":0,"y":-1.5},{"x":3,"y":-1.5},{"x":-2,"y":-1},{"x":-1,"y":-1},{"x":1,"y":-1},{"x":2,"y":-1},{"x":0,"y":-0.5},{"x":-1,"y":0},{"x":1,"y":0},{"x":-3,"y":0.5},{"x":-2,"y":0.5},{"x":0,"y":0.5},{"x":2,"y":0.5},{"x":3,"y":0.5},{"x":-1,"y":1},{"x":1,"y":1},{"x":-3,"y":1.5},{"x":-2,"y":1.5},{"x":0,"y":1.5},{"x":2,"y":1.5},{"x":3,"y":1.5},{"x":-2.5,"y":2.5},{"x":-1.5,"y":2.5},{"x":1.5,"y":2.5},{"x":2.5,"y":2.5},{"x":-2,"y":3.5},{"x":-1,"y":3.5},{"x":0,"y":3.5},{"x":1,"y":3.5},{"x":2,"y":3.5}]},{"index":2,"tiles":[{"x":-3.5,"y":-3},{"x":-2.5,"y":-3},{"x":0,"y":-3},{"x":2.5,"y":-3},{"x":3.5,"y":-3},{"x":-3,"y":-2},{"x":0,"y":-2},{"x":3,"y":-2},{"x":-1.5,"y":-1},{"x":1.5,"y":-1},{"x":-0.5,"y":0},{"x":0.5,"y":0},{"x":-3,"y":1},{"x":-2,"y":1},{"x":-0.5,"y":1},{"x":0.5,"y":1},{"x":2,"y":1},{"x":3,"y":1},{"x":-2,"y":3},{"x":2,"y":3},{"x":-0.5,"y":3.5},{"x":0.5,"y":3.5}]},{"index":3,"tiles":[{"x":0,"y":-2.5},{"x":-0.5,"y":0.5},{"x":0.5,"y":0.5},{"x":-2.5,"y":1},{"x":2.5,"y":1}]},{"index":4,"tiles":[{"x":0,"y":0.5}]}],"seeds":["YGiJ59FBZYhpIZddhSUmRAVq1kWAksQk3oA4x+dxYuh44GiEKTUVQbdAIgRhhudB3MBEUXORYgQhnqCIAnd9E+qBz9Kp5hNxHSc1gQeCnyKFVkZVHwgA"]},{"layers":[{"index":0,"tiles":[{"x":-2.5,"y":-3},{"x":-0.5,"y":-3},{"x":0.5,"y":-3},{"x":2.5,"y":-3},{"x":-1.5,"y":-2},{"x":1.5,"y":-2},{"x":-2.5,"y":-1},{"x":-0.5,"y":-1},{"x":0.5,"y":-1},{"x":2.5,"y":-1},{"x":-1.5,"y":0},{"x":1.5,"y":0},{"x":-2.5,"y":1},{"x":-0.5,"y":1},{"x":0.5,"y":1},{"x":2.5,"y":1},{"x":-1.5,"y":2},{"x":1.5,"y":2},{"x":-2.5,"y":3},{"x":-0.5,"y":3},{"x":0.5,"y":3},{"x":2.5,"y":3}]},{"index":1,"tiles":[{"x":-2.5,"y":-3},{"x":-0.5,"y":-3},{"x":0.5,"y":-3},{"x":2.5,"y":-3},{"x":-1.5,"y":-2},{"x":1.5,"y":-2},{"x":-2.5,"y":-1},{"x":-0.5,"y":-1},{"x":0.5,"y":-1},{"x":2.5,"y":-1},{"x":-1.5,"y":0},{"x":1.5,"y":0},{"x":-2.5,"y":1},{"x":-0.5,"y":1},{"x":0.5,"y":1},{"x":2.5,"y":1},{"x":-1.5,"y":2},{"x":1.5,"y":2},{"x":-2.5,"y":3},{"x":-0.5,"y":3},{"x":0.5,"y":3},{"x":2.5,"y":3}]},{"index":2,"tiles":[{"x":-2.5,"y":-3},{"x":-0.5,"y":-3},{"x":0.5,"y":-3},{"x":2.5,"y":-3},{"x":-1.5,"y":-2},{"x":1.5,"y":-2},{"x":-2.5,"y":-1},{"x":-0.5,"y":-1},{"x":0.5,"y":-1},{"x":2.5,"y":-1},{"x":-1.5,"y":0},{"x":1.5,"y":0},{"x":-2.5,"y":1},{"x":-0.5,"y":1},{"x":0.5,"y":1},{"x":2.5,"y":1},{"x":-1.5,"y":2},{"x":1.5,"y":2},{"x":-2.5,"y":3},{"x":-0.5,"y":3},{"x":0.5,"y":3},{"x":2.5,"y":3}]},{"index":3,"tiles":[{"x":-2.5,"y":-3},{"x":-0.5,"y":-3},{"x":0.5,"y":-3},{"x":2.5,"y":-3},{"x":-1.5,"y":-2},{"x":1.5,"y":-2},{"x":-2.5,"y":-1},{"x":-0.5,"y":-1},{"x":0.5,"y":-1},{"x":2.5,"y":-1},{"x":-1.5,"y":0},{"x":1.5,"y":0},{"x":-2.5,"y":1},{"x":-0.5,"y":1},{"x":0.5,"y":1},{"x":2.5,"y":1},{"x":-1.5,"y":2},{"x":1.5,"y":2},{"x":-2.5,"y":3},{"x":-0.5,"y":3},{"x":0.5,"y":3},{"x":2.5,"y":3}]},{"index":4,"tiles":[{"x":-2.5,"y":-3},{"x":-0.5,"y":-3},{"x":0.5,"y":-3},{"x":2.5,"y":-3},{"x":-1.5,"y":-2},{"x":1.5,"y":-2},{"x":-2.5,"y":-1},{"x":-0.5,"y":-1},{"x":0.5,"y":-1},{"x":2.5,"y":-1},{"x":-1.5,"y":0},{"x":1.5,"y":0},{"x":-2.5,"y":1},{"x":-0.5,"y":1},{"x":0.5,"y":1},{"x":2.5,"y":1},{"x":-1.5,"y":2},{"x":1.5,"y":2},{"x":-2.5,"y":3},{"x":-0.5,"y":3},{"x":0.5,"y":3},{"x":2.5,"y":3}]}],"seeds":["DXaEXcAslMB9oVd8C9FR3IdkWYd4YPUUz4d6aqQZp2EJSgeKqQVyVqNxgwWJn8NEEwF9SgiGlwhOl1iFgeOV3dFVFVgJwlNVIhYWyVMkZDWKgwkA"]},{"layers":[{"index":0,"tiles":[{"x":-2,"y":-3},{"x":-1,"y":-3},{"x":1,"y":-3},{"x":2,"y":-3},{"x":-3,"y":-2.5},{"x":3,"y":-2.5},{"x":-1,"y":-2},{"x":1,"y":-2},{"x":-3.5,"y":-1.5},{"x":0,"y":-1.5},{"x":3.5,"y":-1.5},{"x":-4,"y":-0.5},{"x":0,"y":-0.5},{"x":4,"y":-0.5},{"x":-1,"y":0},{"x":1,"y":0},{"x":-4,"y":0.5},{"x":0,"y":0.5},{"x":4,"y":0.5},{"x":-3.5,"y":1.5},{"x":0,"y":1.5},{"x":3.5,"y":1.5},{"x":-1,"y":2},{"x":1,"y":2},{"x":-3,"y":2.5},{"x":3,"y":2.5},{"x":-2,"y":3},{"x":-1,"y":3},{"x":1,"y":3},{"x":2,"y":3}]},{"index":1,"tiles":[{"x":-2,"y":-3},{"x":-1,"y":-3},{"x":1,"y":-3},{"x":2,"y":-3},{"x":-3,"y":-2.5},{"x":3,"y":-2.5},{"x":-1,"y":-2},{"x":1,"y":-2},{"x":-3.5,"y":-1.5},{"x":0,"y":-1.5},{"x":3.5,"y":-1.5},{"x":-4,"y":-0.5},{"x":0,"y":-0.5},{"x":4,"y":-0.5},{"x":-1,"y":0},{"x":1,"y":0},{"x":-4,"y":0.5},{"x":0,"y":0.5},{"x":4,"y":0.5},{"x":-3.5,"y":1.5},{"x":0,"y":1.5},{"x":3.5,"y":1.5},{"x":-1,"y":2},{"x":1,"y":2},{"x":-3,"y":2.5},{"x":3,"y":2.5},{"x":-2,"y":3},{"x":-1,"y":3},{"x":1,"y":3},{"x":2,"y":3}]},{"index":2,"tiles":[{"x":-2,"y":-3},{"x":-1,"y":-3},{"x":1,"y":-3},{"x":2,"y":-3},{"x":-3,"y":-2.5},{"x":3,"y":-2.5},{"x":-1,"y":-2},{"x":1,"y":-2},{"x":-3.5,"y":-1.5},{"x":0,"y":-1.5},{"x":3.5,"y":-1.5},{"x":-4,"y":-0.5},{"x":0,"y":-0.5},{"x":4,"y":-0.5},{"x":-1,"y":0},{"x":1,"y":0},{"x":-4,"y":0.5},{"x":0,"y":0.5},{"x":4,"y":0.5},{"x":-3.5,"y":1.5},{"x":0,"y":1.5},{"x":3.5,"y":1.5},{"x":-1,"y":2},{"x":1,"y":2},{"x":-3,"y":2.5},{"x":3,"y":2.5},{"x":-2,"y":3},{"x":-1,"y":3},{"x":1,"y":3},{"x":2,"y":3}]},{"index":3,"tiles":[{"x":-2,"y":-3},{"x":-1,"y":-3},{"x":1,"y":-3},{"x":2,"y":-3},{"x":-3,"y":-2.5},{"x":3,"y":-2.5},{"x":-1,"y":-2},{"x":1,"y":-2},{"x":-3.5,"y":-1.5},{"x":0,"y":-1.5},{"x":3.5,"y":-1.5},{"x":-4,"y":-0.5},{"x":0,"y":-0.5},{"x":4,"y":-0.5},{"x":-1,"y":0},{"x":1,"y":0},{"x":-4,"y":0.5},{"x":0,"y":0.5},{"x":4,"y":0.5},{"x":-3.5,"y":1.5},{"x":0,"y":1.5},{"x":3.5,"y":1.5},{"x":-1,"y":2},{"x":1,"y":2},{"x":-3,"y":2.5},{"x":3,"y":2.5},{"x":-2,"y":3},{"x":-1,"y":3},{"x":1,"y":3},{"x":2,"y":3}]},{"index":4,"tiles":[{"x":-2,"y":-3},{"x":-1,"y":-3},{"x":1,"y":-3},{"x":2,"y":-3},{"x":-3,"y":-2.5},{"x":3,"y":-2.5},{"x":-1,"y":-2},{"x":1,"y":-2},{"x":-3.5,"y":-1.5},{"x":3.5,"y":-1.5},{"x":-4,"y":-0.5},{"x":4,"y":-0.5},{"x":-4,"y":0.5},{"x":4,"y":0.5},{"x":-3.5,"y":1.5},{"x":3.5,"y":1.5},{"x":-1,"y":2},{"x":1,"y":2},{"x":-3,"y":2.5},{"x":3,"y":2.5},{"x":-2,"y":3},{"x":-1,"y":3},{"x":1,"y":3},{"x":2,"y":3}]}],"seeds":["giKGg5JJUrJMaVWBnaFqXektS2EdC/VV4jZ9IjNAmqOAXAEKHjVhHdExgdAFSPKFHhgmGWhcIedxA9h0GHVwFyWKH5iI4ANZoNAozcg1ICF6hIh02+RxJIGGURSeVch9FuOEgRJ0CmNy1jc8"]},{"layers":[{"index":0,"tiles":[{"x":-1,"y":-3},{"x":1,"y":-3},{"x":-2.5,"y":-2.5},{"x":2.5,"y":-2.5},{"x":-1,"y":-2},{"x":1,"y":-2},{"x":-3,"y":-1.5},{"x":-2,"y":-1.5},{"x":2,"y":-1.5},{"x":3,"y":-1.5},{"x":-1,"y":-1},{"x":0,"y":-1},{"x":1,"y":-1},{"x":-3.5,"y":-0.5},{"x":3.5,"y":-0.5},{"x":-3.5,"y":0.5},{"x":-2.5,"y":0.5},{"x":-1.5,"y":0.5},{"x":0,"y":0.5},{"x":1.5,"y":0.5},{"x":2.5,"y":0.5},{"x":3.5,"y":0.5},{"x":-3,"y":1.5},{"x":-1,"y":1.5},{"x":0,"y":1.5},{"x":1,"y":1.5},{"x":3,"y":1.5},{"x":-3,"y":2.5},{"x":-1,"y":2.5},{"x":0,"y":2.5},{"x":1,"y":2.5},{"x":3,"y":2.5}]},{"index":1,"tiles":[{"x":-1,"y":-3},{"x":1,"y":-3},{"x":-2.5,"y":-2.5},{"x":2.5,"y":-2.5},{"x":-1,"y":-2},{"x":1,"y":-2},{"x":-3,"y":-1.5},{"x":-2,"y":-1.5},{"x":2,"y":-1.5},{"x":3,"y":-1.5},{"x":-1,"y":-1},{"x":0,"y":-1},{"x":1,"y":-1},{"x":-3.5,"y":-0.5},{"x":3.5,"y":-0.5},{"x":-3.5,"y":0.5},{"x":-2.5,"y":0.5},{"x":-1.5,"y":0.5},{"x":0,"y":0.5},{"x":1.5,"y":0.5},{"x":2.5,"y":0.5},{"x":3.5,"y":0.5},{"x":-3,"y":1.5},{"x":-1,"y":1.5},{"x":0,"y":1.5},{"x":1,"y":1.5},{"x":3,"y":1.5},{"x":-3,"y":2.5},{"x":-1,"y":2.5},{"x":0,"y":2.5},{"x":1,"y":2.5},{"x":3,"y":2.5}]},{"index":2,"tiles":[{"x":-1,"y":-3},{"x":1,"y":-3},{"x":-2.5,"y":-2.5},{"x":2.5,"y":-2.5},{"x":-1,"y":-2},{"x":1,"y":-2},{"x":-3,"y":-1.5},{"x":-2,"y":-1.5},{"x":2,"y":-1.5},{"x":3,"y":-1.5},{"x":-1,"y":-1},{"x":0,"y":-1},{"x":1,"y":-1},{"x":-3.5,"y":-0.5},{"x":3.5,"y":-0.5},{"x":-3.5,"y":0.5},{"x":-2.5,"y":0.5},{"x":-1.5,"y":0.5},{"x":0,"y":0.5},{"x":1.5,"y":0.5},{"x":2.5,"y":0.5},{"x":3.5,"y":0.5},{"x":-3,"y":1.5},{"x":-1,"y":1.5},{"x":0,"y":1.5},{"x":1,"y":1.5},{"x":3,"y":1.5},{"x":-3,"y":2.5},{"x":-1,"y":2.5},{"x":0,"y":2.5},{"x":1,"y":2.5},{"x":3,"y":2.5}]},{"index":3,"tiles":[{"x":-1,"y":-3},{"x":1,"y":-3},{"x":-2.5,"y":-2.5},{"x":2.5,"y":-2.5},{"x":-1,"y":-2},{"x":1,"y":-2},{"x":-3,"y":-1.5},{"x":-2,"y":-1.5},{"x":2,"y":-1.5},{"x":3,"y":-1.5},{"x":-1,"y":-1},{"x":0,"y":-1},{"x":1,"y":-1},{"x":-3.5,"y":-0.5},{"x":3.5,"y":-0.5},{"x":-3.5,"y":0.5},{"x":-2.5,"y":0.5},{"x":-1.5,"y":0.5},{"x":0,"y":0.5},{"x":1.5,"y":0.5},{"x":2.5,"y":0.5},{"x":3.5,"y":0.5},{"x":-3,"y":1.5},{"x":-1,"y":1.5},{"x":0,"y":1.5},{"x":1,"y":1.5},{"x":3,"y":1.5},{"x":-3,"y":2.5},{"x":-1,"y":2.5},{"x":0,"y":2.5},{"x":1,"y":2.5},{"x":3,"y":2.5}]},{"index":4,"tiles":[{"x":-1,"y":-3},{"x":1,"y":-3},{"x":-2.5,"y":-2},{"x":-1,"y":-2},{"x":1,"y":-2},{"x":2.5,"y":-2},{"x":-1,"y":-1},{"x":0,"y":-1},{"x":1,"y":-1},{"x":0,"y":0.5},{"x":-0.5,"y":1.5},{"x":0.5,"y":1.5},{"x":-3,"y":2},{"x":3,"y":2},{"x":-0.5,"y":2.5},{"x":0.5,"y":2.5}]}],"seeds":["4tCJVbpsiKdiXWUYzTWEQiRQDAhayCcMSRZSztJxwsZpnIOFFKiMxfOIYdB9EQdyDVgxSsBJGbI0DBhxxNdAhBIqIEp0UhCSYmiB3/mBAXGJodZ1pvd5k8d1RcQkpSdOhwhaA4RYy1QdnkhN"]},{"layers":[{"index":0,"tiles":[{"x":-1,"y":-3.5},{"x":1,"y":-3.5},{"x":-1,"y":-2.5},{"x":1,"y":-2.5},{"x":-3,"y":-2},{"x":0,"y":-2},{"x":3,"y":-2},{"x":-4,"y":-1},{"x":-3,"y":-1},{"x":-2,"y":-1},{"x":0,"y":-1},{"x":2,"y":-1},{"x":3,"y":-1},{"x":4,"y":-1},{"x":-3,"y":0},{"x":-1.5,"y":0},{"x":-0.5,"y":0},{"x":0.5,"y":0},{"x":1.5,"y":0},{"x":3,"y":0},{"x":-4,"y":1},{"x":-3,"y":1},{"x":-2,"y":1},{"x":0,"y":1},{"x":2,"y":1},{"x":3,"y":1},{"x":4,"y":1},{"x":-3,"y":2},{"x":0,"y":2},{"x":3,"y":2},{"x":-1,"y":2.5},{"x":1,"y":2.5},{"x":-1,"y":3.5},{"x":1,"y":3.5}]},{"index":1,"tiles":[{"x":-1,"y":-3.5},{"x":1,"y":-3.5},{"x":-1,"y":-2.5},{"x":1,"y":-2.5},{"x":-3,"y":-2},{"x":0,"y":-2},{"x":3,"y":-2},{"x":-4,"y":-1},{"x":-3,"y":-1},{"x":-2,"y":-1},{"x":0,"y":-1},{"x":2,"y":-1},{"x":3,"y":-1},{"x":4,"y":-1},{"x":-3,"y":0},{"x":-1,"y":0},{"x":0,"y":0},{"x":1,"y":0},{"x":3,"y":0},{"x":-4,"y":1},{"x":-3,"y":1},{"x":-2,"y":1},{"x":0,"y":1},{"x":2,"y":1},{"x":3,"y":1},{"x":4,"y":1},{"x":-3,"y":2},{"x":0,"y":2},{"x":3,"y":2},{"x":-1,"y":2.5},{"x":1,"y":2.5},{"x":-1,"y":3.5},{"x":1,"y":3.5}]},{"index":2,"tiles":[{"x":-1,"y":-3.5},{"x":1,"y":-3.5},{"x":-1,"y":-2.5},{"x":1,"y":-2.5},{"x":-3,"y":-2},{"x":0,"y":-2},{"x":3,"y":-2},{"x":-4,"y":-1},{"x":-3,"y":-1},{"x":-2,"y":-1},{"x":0,"y":-1},{"x":2,"y":-1},{"x":3,"y":-1},{"x":4,"y":-1},{"x":-3,"y":0},{"x":-1,"y":0},{"x":0,"y":0},{"x":1,"y":0},{"x":3,"y":0},{"x":-4,"y":1},{"x":-3,"y":1},{"x":-2,"y":1},{"x":0,"y":1},{"x":2,"y":1},{"x":3,"y":1},{"x":4,"y":1},{"x":-3,"y":2},{"x":0,"y":2},{"x":3,"y":2},{"x":-1,"y":2.5},{"x":1,"y":2.5},{"x":-1,"y":3.5},{"x":1,"y":3.5}]},{"index":3,"tiles":[{"x":-1,"y":-3.5},{"x":1,"y":-3.5},{"x":-1,"y":-2.5},{"x":1,"y":-2.5},{"x":-3,"y":-2},{"x":0,"y":-2},{"x":3,"y":-2},{"x":-4,"y":-1},{"x":-3,"y":-1},{"x":-2,"y":-1},{"x":0,"y":-1},{"x":2,"y":-1},{"x":3,"y":-1},{"x":4,"y":-1},{"x":-3,"y":0},{"x":-1,"y":0},{"x":0,"y":0},{"x":1,"y":0},{"x":3,"y":0},{"x":-4,"y":1},{"x":-3,"y":1},{"x":-2,"y":1},{"x":0,"y":1},{"x":2,"y":1},{"x":3,"y":1},{"x":4,"y":1},{"x":-3,"y":2},{"x":0,"y":2},{"x":3,"y":2},{"x":-1,"y":2.5},{"x":1,"y":2.5},{"x":-1,"y":3.5},{"x":1,"y":3.5}]},{"index":4,"tiles":[{"x":0,"y":-1.5},{"x":-1,"y":0},{"x":0,"y":0},{"x":1,"y":0},{"x":0,"y":1.5}]}],"seeds":["BKlInUkgxodwXWh505QpHMg1YdJQntd91wUqHJSBiQVxpxaJYFAeXyhOneN5YQgKXkgpnhEuEsWFoqKInkgJlDAI1FY4Baou0bOFQaph3SNWQSUuINgEDPYZYiiCx2R0YtcsA9N1YwcA"]},{"layers":[{"index":0,"tiles":[{"x":-4,"y":-2},{"x":-3,"y":-2},{"x":3,"y":-2},{"x":4,"y":-2},{"x":-4,"y":-1},{"x":-3,"y":-1},{"x":-0.5,"y":-1},{"x":0.5,"y":-1},{"x":3,"y":-1},{"x":4,"y":-1},{"x":-2.5,"y":0},{"x":-1.5,"y":0},{"x":1.5,"y":0},{"x":2.5,"y":0},{"x":-2.5,"y":1},{"x":-1.5,"y":1},{"x":1.5,"y":1},{"x":2.5,"y":1},{"x":-3.5,"y":2},{"x":-2.5,"y":2},{"x":-1.5,"y":2},{"x":1.5,"y":2},{"x":2.5,"y":2},{"x":3.5,"y":2}]},{"index":1,"tiles":[{"x":-4,"y":-2},{"x":-3,"y":-2},{"x":3,"y":-2},{"x":4,"y":-2},{"x":-4,"y":-1},{"x":-3,"y":-1},{"x":-0.5,"y":-1},{"x":0.5,"y":-1},{"x":3,"y":-1},{"x":4,"y":-1},{"x":-2.5,"y":0},{"x":-1.5,"y":0},{"x":1.5,"y":0},{"x":2.5,"y":0},{"x":-2.5,"y":1},{"x":-1.5,"y":1},{"x":1.5,"y":1},{"x":2.5,"y":1},{"x":-3.5,"y":2},{"x":-2.5,"y":2},{"x":-1.5,"y":2},{"x":1.5,"y":2},{"x":2.5,"y":2},{"x":3.5,"y":2}]},{"index":2,"tiles":[{"x":-4,"y":-2},{"x":-3,"y":-2},{"x":3,"y":-2},{"x":4,"y":-2},{"x":-4,"y":-1},{"x":-3,"y":-1},{"x":-0.5,"y":-1},{"x":0.5,"y":-1},{"x":3,"y":-1},{"x":4,"y":-1},{"x":-2.5,"y":0},{"x":-1.5,"y":0},{"x":1.5,"y":0},{"x":2.5,"y":0},{"x":-2.5,"y":1},{"x":-1.5,"y":1},{"x":1.5,"y":1},{"x":2.5,"y":1},{"x":-3.5,"y":2},{"x":-2.5,"y":2},{"x":-1.5,"y":2},{"x":1.5,"y":2},{"x":2.5,"y":2},{"x":3.5,"y":2}]},{"index":3,"tiles":[{"x":-4,"y":-2},{"x":-3,"y":-2},{"x":3,"y":-2},{"x":4,"y":-2},{"x":-3,"y":-1},{"x":0,"y":-1},{"x":3,"y":-1},{"x":-2.5,"y":0},{"x":2.5,"y":0},{"x":-2.5,"y":1},{"x":2.5,"y":1},{"x":-3.5,"y":2},{"x":-2.5,"y":2},{"x":2.5,"y":2},{"x":3.5,"y":2}]},{"index":4,"tiles":[{"x":-4,"y":-2},{"x":-3,"y":-2},{"x":3,"y":-2},{"x":4,"y":-2},{"x":-3,"y":-1},{"x":0,"y":-1},{"x":3,"y":-1},{"x":-2.5,"y":0},{"x":2.5,"y":0},{"x":-2.5,"y":1},{"x":2.5,"y":1},{"x":-3.5,"y":2},{"x":-2.5,"y":2},{"x":2.5,"y":2},{"x":3.5,"y":2}]}],"seeds":["mQSCAeMNB0Sl5PNtXeNJVROaHcRFiQNyjVqGYcgdX8VNY+F92WednqFpxPJcIhhenREFGDaJjEJYFCgqYrgViyA4SiIiKNgNHKc0iAgA"]},{"layers":[{"index":0,"tiles":[{"x":-1,"y":-3.5},{"x":1,"y":-3.5},{"x":-3,"y":-2.5},{"x":-1,"y":-2.5},{"x":0,"y":-2.5},{"x":1,"y":-2.5},{"x":3,"y":-2.5},{"x":-2,"y":-2},{"x":2,"y":-2},{"x":-3,"y":-1.5},{"x":-1,"y":-1.5},{"x":1,"y":-1.5},{"x":3,"y":-1.5},{"x":-4,"y":-1},{"x":4,"y":-1},{"x":-3,"y":-0.5},{"x":-1,"y":-0.5},{"x":1,"y":-0.5},{"x":3,"y":-0.5},{"x":-4,"y":0},{"x":-2,"y":0},{"x":0,"y":0},{"x":2,"y":0},{"x":4,"y":0},{"x":-3,"y":0.5},{"x":-1,"y":0.5},{"x":1,"y":0.5},{"x":3,"y":0.5},{"x":-4,"y":1},{"x":4,"y":1},{"x":-3,"y":1.5},{"x":-1,"y":1.5},{"x":1,"y":1.5},{"x":3,"y":1.5},{"x":-2,"y":2},{"x":2,"y":2},{"x":-3,"y":2.5},{"x":-1,"y":2.5},{"x":0,"y":2.5},{"x":1,"y":2.5},{"x":3,"y":2.5},{"x":-1,"y":3.5},{"x":1,"y":3.5}]},{"index":1,"tiles":[{"x":-1,"y":-3.5},{"x":1,"y":-3.5},{"x":-3,"y":-2.5},{"x":-1,"y":-2.5},{"x":0,"y":-2.5},{"x":1,"y":-2.5},{"x":3,"y":-2.5},{"x":-2,"y":-2},{"x":2,"y":-2},{"x":-3,"y":-1.5},{"x":-1,"y":-1.5},{"x":1,"y":-1.5},{"x":3,"y":-1.5},{"x":-4,"y":-1},{"x":4,"y":-1},{"x":-3,"y":-0.5},{"x":-1,"y":-0.5},{"x":1,"y":-0.5},{"x":3,"y":-0.5},{"x":-4,"y":0},{"x":-2,"y":0},{"x":0,"y":0},{"x":2,"y":0},{"x":4,"y":0},{"x":-3,"y":0.5},{"x":-1,"y":0.5},{"x":1,"y":0.5},{"x":3,"y":0.5},{"x":-4,"y":1},{"x":4,"y":1},{"x":-3,"y":1.5},{"x":-1,"y":1.5},{"x":1,"y":1.5},{"x":3,"y":1.5},{"x":-2,"y":2},{"x":2,"y":2},{"x":-3,"y":2.5},{"x":-1,"y":2.5},{"x":0,"y":2.5},{"x":1,"y":2.5},{"x":3,"y":2.5},{"x":-1,"y":3.5},{"x":1,"y":3.5}]},{"index":2,"tiles":[{"x":-1,"y":-3},{"x":1,"y":-3},{"x":0,"y":-2.5},{"x":-2.5,"y":-2},{"x":-1,"y":-2},{"x":1,"y":-2},{"x":2.5,"y":-2},{"x":-3.5,"y":-0.5},{"x":3.5,"y":-0.5},{"x":-2.5,"y":0},{"x":-0.5,"y":0},{"x":0.5,"y":0},{"x":2.5,"y":0},{"x":-3.5,"y":0.5},{"x":3.5,"y":0.5},{"x":-2.5,"y":2},{"x":-1,"y":2},{"x":1,"y":2},{"x":2.5,"y":2},{"x":0,"y":2.5},{"x":-1,"y":3},{"x":1,"y":3}]},{"index":3,"tiles":[{"x":-0.5,"y":-2.5},{"x":0.5,"y":-2.5},{"x":-0.5,"y":2.5},{"x":0.5,"y":2.5}]}],"seeds":["g1Ak4GdkYQkh4ceIYjMJVfBkFTh5E+hZ6aJSyLV0kQc+J1aAoXKMYjdxxqVQmsBhYhAmQ+hYh0ZwoWNuHNFB3Cdxwtah4CeRnSIygRAoXtOBESiI"]},{"layers":[{"index":0,"tiles":[{"x":-1,"y":-3.5},{"x":0,"y":-3.5},{"x":1,"y":-3.5},{"x":-2,"y":-3},{"x":2,"y":-3},{"x":-2,"y":-2},{"x":-0.5,"y":-2},{"x":0.5,"y":-2},{"x":2,"y":-2},{"x":-2,"y":-1},{"x":-1,"y":-1},{"x":1,"y":-1},{"x":2,"y":-1},{"x":-3.5,"y":0},{"x":-2.5,"y":0},{"x":-1.5,"y":0},{"x":-0.5,"y":0},{"x":0.5,"y":0},{"x":1.5,"y":0},{"x":2.5,"y":0},{"x":3.5,"y":0},{"x":-2,"y":1},{"x":-1,"y":1},{"x":1,"y":1},{"x":2,"y":1},{"x":-2,"y":2},{"x":-0.5,"y":2},{"x":0.5,"y":2},{"x":2,"y":2},{"x":-2,"y":3},{"x":2,"y":3},{"x":-1,"y":3.5},{"x":0,"y":3.5},{"x":1,"y":3.5}]},{"index":1,"tiles":[{"x":-1,"y":-3.5},{"x":0,"y":-3.5},{"x":1,"y":-3.5},{"x":-2,"y":-3},{"x":2,"y":-3},{"x":-2,"y":-2},{"x":-0.5,"y":-2},{"x":0.5,"y":-2},{"x":2,"y":-2},{"x":-2,"y":-1},{"x":-1,"y":-1},{"x":1,"y":-1},{"x":2,"y":-1},{"x":-3,"y":0},{"x":-2,"y":0},{"x":-1,"y":0},{"x":0,"y":0},{"x":1,"y":0},{"x":2,"y":0},{"x":3,"y":0},{"x":-2,"y":1},{"x":-1,"y":1},{"x":1,"y":1},{"x":2,"y":1},{"x":-2,"y":2},{"x":-0.5,"y":2},{"x":0.5,"y":2},{"x":2,"y":2},{"x":-2,"y":3},{"x":2,"y":3},{"x":-1,"y":3.5},{"x":0,"y":3.5},{"x":1,"y":3.5}]},{"index":2,"tiles":[{"x":-1,"y":-3.5},{"x":0,"y":-3.5},{"x":1,"y":-3.5},{"x":-2,"y":-3},{"x":2,"y":-3},{"x":-2,"y":-2},{"x":-0.5,"y":-2},{"x":0.5,"y":-2},{"x":2,"y":-2},{"x":-2,"y":-1},{"x":-1,"y":-1},{"x":1,"y":-1},{"x":2,"y":-1},{"x":-2.5,"y":0},{"x":-1.5,"y":0},{"x":-0.5,"y":0},{"x":0.5,"y":0},{"x":1.5,"y":0},{"x":2.5,"y":0},{"x":-2,"y":1},{"x":-1,"y":1},{"x":1,"y":1},{"x":2,"y":1},{"x":-2,"y":2},{"x":-0.5,"y":2},{"x":0.5,"y":2},{"x":2,"y":2},{"x":-2,"y":3},{"x":2,"y":3},{"x":-1,"y":3.5},{"x":0,"y":3.5},{"x":1,"y":3.5}]},{"index":3,"tiles":[{"x":-2,"y":0},{"x":-1,"y":0},{"x":0,"y":0},{"x":1,"y":0},{"x":2,"y":0}]}],"seeds":["IiV0ntRxYodpIRgunFc0ZCQiCSFOodhwX1AtI8IV3JaF5fA4HfiYiXdVF8goGGopKnRoUPoFX8YNFjOFHkhtHCGIQXCcoOIonyEZIQdG"]},{"layers":[{"index":0,"tiles":[{"x":-1,"y":-3.5},{"x":0,"y":-3.5},{"x":1,"y":-3.5},{"x":-1,"y":-2.5},{"x":1,"y":-2.5},{"x":-3,"y":-2},{"x":-2,"y":-2},{"x":2,"y":-2},{"x":3,"y":-2},{"x":-1,"y":-1.5},{"x":0,"y":-1.5},{"x":1,"y":-1.5},{"x":-3,"y":-1},{"x":3,"y":-1},{"x":-3.5,"y":0},{"x":-2.5,"y":0},{"x":2.5,"y":0},{"x":3.5,"y":0},{"x":-3,"y":1},{"x":3,"y":1},{"x":-1,"y":1.5},{"x":0,"y":1.5},{"x":1,"y":1.5},{"x":-3,"y":2},{"x":-2,"y":2},{"x":2,"y":2},{"x":3,"y":2},{"x":-1,"y":2.5},{"x":1,"y":2.5},{"x":-1,"y":3.5},{"x":0,"y":3.5},{"x":1,"y":3.5}]},{"index":1,"tiles":[{"x":-1,"y":-3.5},{"x":0,"y":-3.5},{"x":1,"y":-3.5},{"x":-1,"y":-2.5},{"x":1,"y":-2.5},{"x":-3,"y":-2},{"x":-2,"y":-2},{"x":2,"y":-2},{"x":3,"y":-2},{"x":-1,"y":-1.5},{"x":0,"y":-1.5},{"x":1,"y":-1.5},{"x":-3,"y":-1},{"x":3,"y":-1},{"x":-3.5,"y":0},{"x":-2.5,"y":0},{"x":2.5,"y":0},{"x":3.5,"y":0},{"x":-3,"y":1},{"x":3,"y":1},{"x":-1,"y":1.5},{"x":0,"y":1.5},{"x":1,"y":1.5},{"x":-3,"y":2},{"x":-2,"y":2},{"x":2,"y":2},{"x":3,"y":2},{"x":-1,"y":2.5},{"x":1,"y":2.5},{"x":-1,"y":3.5},{"x":0,"y":3.5},{"x":1,"y":3.5}]},{"index":2,"tiles":[{"x":-0.5,"y":-3.5},{"x":0.5,"y":-3.5},{"x":-2.5,"y":-2},{"x":-1.5,"y":-2},{"x":1.5,"y":-2},{"x":2.5,"y":-2},{"x":-0.5,"y":-1.5},{"x":0.5,"y":-1.5},{"x":-3,"y":-0.5},{"x":3,"y":-0.5},{"x":-3,"y":0.5},{"x":3,"y":0.5},{"x":-0.5,"y":1.5},{"x":0.5,"y":1.5},{"x":-2.5,"y":2},{"x":-1.5,"y":2},{"x":1.5,"y":2},{"x":2.5,"y":2},{"x":-0.5,"y":3.5},{"x":0.5,"y":3.5}]},{"index":3,"tiles":[{"x":-0.5,"y":-3.5},{"x":0.5,"y":-3.5},{"x":-2.5,"y":-2},{"x":-1.5,"y":-2},{"x":1.5,"y":-2},{"x":2.5,"y":-2},{"x":-0.5,"y":-1.5},{"x":0.5,"y":-1.5},{"x":-3,"y":-0.5},{"x":3,"y":-0.5},{"x":-3,"y":0.5},{"x":3,"y":0.5},{"x":-0.5,"y":1.5},{"x":0.5,"y":1.5},{"x":-2.5,"y":2},{"x":-1.5,"y":2},{"x":1.5,"y":2},{"x":2.5,"y":2},{"x":-0.5,"y":3.5},{"x":0.5,"y":3.5}]},{"index":4,"tiles":[{"x":0,"y":-3.5},{"x":-2,"y":-2},{"x":2,"y":-2},{"x":0,"y":-1.5},{"x":0,"y":1.5},{"x":-2,"y":2},{"x":2,"y":2},{"x":0,"y":3.5}]}],"seeds":["IUYGAUOIKXVkFBd+1+NFoBeW4IEigzaJYbSBkghmXTJIENGBzdeABqdwofoEDthNnNNNAciB1gJiymR5Ild1yAkuxWZ8gleMoZCYn8KISiV24KVB"]},{"layers":[{"index":0,"tiles":[{"x":-2,"y":-4},{"x":-1,"y":-4},{"x":0,"y":-4},{"x":1,"y":-4},{"x":2,"y":-4},{"x":-1.5,"y":-3},{"x":0,"y":-3},{"x":1.5,"y":-3},{"x":-1.5,"y":-1.5},{"x":0,"y":-1.5},{"x":1.5,"y":-1.5},{"x":-2,"y":-0.5},{"x":-1,"y":-0.5},{"x":0,"y":-0.5},{"x":1,"y":-0.5},{"x":2,"y":-0.5},{"x":-4,"y":0},{"x":-3,"y":0},{"x":3,"y":0},{"x":4,"y":0},{"x":-2,"y":0.5},{"x":-1,"y":0.5},{"x":0,"y":0.5},{"x":1,"y":0.5},{"x":2,"y":0.5},{"x":-1.5,"y":1.5},{"x":0,"y":1.5},{"x":1.5,"y":1.5},{"x":-1.5,"y":3},{"x":0,"y":3},{"x":1.5,"y":3},{"x":-2,"y":4},{"x":-1,"y":4},{"x":0,"y":4},{"x":1,"y":4},{"x":2,"y":4}]},{"index":1,"tiles":[{"x":-2,"y":-4},{"x":-1,"y":-4},{"x":0,"y":-4},{"x":1,"y":-4},{"x":2,"y":-4},{"x":-1.5,"y":-3},{"x":0,"y":-3},{"x":1.5,"y":-3},{"x":-1.5,"y":-1.5},{"x":0,"y":-1.5},{"x":1.5,"y":-1.5},{"x":-2,"y":-0.5},{"x":-1,"y":-0.5},{"x":0,"y":-0.5},{"x":1,"y":-0.5},{"x":2,"y":-0.5},{"x":-4,"y":0},{"x":-3,"y":0},{"x":3,"y":0},{"x":4,"y":0},{"x":-2,"y":0.5},{"x":-1,"y":0.5},{"x":0,"y":0.5},{"x":1,"y":0.5},{"x":2,"y":0.5},{"x":-1.5,"y":1.5},{"x":0,"y":1.5},{"x":1.5,"y":1.5},{"x":-1.5,"y":3},{"x":0,"y":3},{"x":1.5,"y":3},{"x":-2,"y":4},{"x":-1,"y":4},{"x":0,"y":4},{"x":1,"y":4},{"x":2,"y":4}]},{"index":2,"tiles":[{"x":-2,"y":-4},{"x":-1,"y":-4},{"x":0,"y":-4},{"x":1,"y":-4},{"x":2,"y":-4},{"x":-1.5,"y":-3},{"x":0,"y":-3},{"x":1.5,"y":-3},{"x":-1.5,"y":-1},{"x":0,"y":-1},{"x":1.5,"y":-1},{"x":-3.5,"y":0},{"x":-2.5,"y":0},{"x":-1.5,"y":0},{"x":-0.5,"y":0},{"x":0.5,"y":0},{"x":1.5,"y":0},{"x":2.5,"y":0},{"x":3.5,"y":0},{"x":-1.5,"y":1},{"x":0,"y":1},{"x":1.5,"y":1},{"x":-1.5,"y":3},{"x":0,"y":3},{"x":1.5,"y":3},{"x":-2,"y":4},{"x":-1,"y":4},{"x":0,"y":4},{"x":1,"y":4},{"x":2,"y":4}]},{"index":3,"tiles":[{"x":-1.5,"y":-4},{"x":-0.5,"y":-4},{"x":0.5,"y":-4},{"x":1.5,"y":-4},{"x":-1.5,"y":-3},{"x":0,"y":-3},{"x":1.5,"y":-3},{"x":-1.5,"y":-1},{"x":0,"y":-1},{"x":1.5,"y":-1},{"x":-3,"y":0},{"x":-1.5,"y":0},{"x":-0.5,"y":0},{"x":0.5,"y":0},{"x":1.5,"y":0},{"x":3,"y":0},{"x":-1.5,"y":1},{"x":0,"y":1},{"x":1.5,"y":1},{"x":-1.5,"y":3},{"x":0,"y":3},{"x":1.5,"y":3},{"x":-1.5,"y":4},{"x":-0.5,"y":4},{"x":0.5,"y":4},{"x":1.5,"y":4}]},{"index":4,"tiles":[{"x":-1,"y":-4},{"x":0,"y":-4},{"x":1,"y":-4},{"x":0,"y":-0.5},{"x":-3,"y":0},{"x":3,"y":0},{"x":0,"y":0.5},{"x":-1,"y":4},{"x":0,"y":4},{"x":1,"y":4}]}],"seeds":["z+Q9nUghGkh8jWihyfVx1SYu0MYhCigJHwF93cSEl3cU4nCEGOVpDNct3idOhEWRocN4VKdJnmOI3BBMYCCCyikIoRFwIeMlUZZGVaiBJjeEFaGCQaUsHjhmYtlhX9eIQhCKRTAsCggA"]},{"layers":[{"index":0,"tiles":[{"x":-0.5,"y":-3},{"x":0.5,"y":-3},{"x":-3.5,"y":-2.5},{"x":-2.5,"y":-2.5},{"x":-1.5,"y":-2.5},{"x":1.5,"y":-2.5},{"x":2.5,"y":-2.5},{"x":3.5,"y":-2.5},{"x":-0.5,"y":-2},{"x":0.5,"y":-2},{"x":-3.5,"y":-1.5},{"x":-1.5,"y":-1.5},{"x":1.5,"y":-1.5},{"x":3.5,"y":-1.5},{"x":-0.5,"y":-1},{"x":0.5,"y":-1},{"x":-3.5,"y":-0.5},{"x":-2.5,"y":-0.5},{"x":-1.5,"y":-0.5},{"x":1.5,"y":-0.5},{"x":2.5,"y":-0.5},{"x":3.5,"y":-0.5},{"x":-1,"y":0.5},{"x":0,"y":0.5},{"x":1,"y":0.5},{"x":-3,"y":1},{"x":-2,"y":1},{"x":2,"y":1},{"x":3,"y":1},{"x":-3,"y":2},{"x":-2,"y":2},{"x":-1,"y":2},{"x":0,"y":2},{"x":1,"y":2},{"x":2,"y":2},{"x":3,"y":2},{"x":-3,"y":3},{"x":-2,"y":3},{"x":-1,"y":3},{"x":0,"y":3},{"x":1,"y":3},{"x":2,"y":3},{"x":3,"y":3}]},{"index":1,"tiles":[{"x":-0.5,"y":-3},{"x":0.5,"y":-3},{"x":-3.5,"y":-2.5},{"x":-2.5,"y":-2.5},{"x":-1.5,"y":-2.5},{"x":1.5,"y":-2.5},{"x":2.5,"y":-2.5},{"x":3.5,"y":-2.5},{"x":-0.5,"y":-2},{"x":0.5,"y":-2},{"x":-3.5,"y":-1.5},{"x":-1.5,"y":-1.5},{"x":1.5,"y":-1.5},{"x":3.5,"y":-1.5},{"x":-0.5,"y":-1},{"x":0.5,"y":-1},{"x":-3.5,"y":-0.5},{"x":-2.5,"y":-0.5},{"x":-1.5,"y":-0.5},{"x":1.5,"y":-0.5},{"x":2.5,"y":-0.5},{"x":3.5,"y":-0.5},{"x":-1,"y":0.5},{"x":0,"y":0.5},{"x":1,"y":0.5},{"x":-3,"y":1},{"x":-2,"y":1},{"x":2,"y":1},{"x":3,"y":1},{"x":-3,"y":2},{"x":-2,"y":2},{"x":-1,"y":2},{"x":0,"y":2},{"x":1,"y":2},{"x":2,"y":2},{"x":3,"y":2},{"x":-3,"y":3},{"x":-2,"y":3},{"x":-1,"y":3},{"x":0,"y":3},{"x":1,"y":3},{"x":2,"y":3},{"x":3,"y":3}]},{"index":2,"tiles":[{"x":0,"y":-3},{"x":-3.5,"y":-2.5},{"x":-2.5,"y":-2.5},{"x":-1.5,"y":-2.5},{"x":1.5,"y":-2.5},{"x":2.5,"y":-2.5},{"x":3.5,"y":-2.5},{"x":0,"y":-2},{"x":-3.5,"y":-1.5},{"x":-1.5,"y":-1.5},{"x":1.5,"y":-1.5},{"x":3.5,"y":-1.5},{"x":0,"y":-1},{"x":-3.5,"y":-0.5},{"x":-2.5,"y":-0.5},{"x":-1.5,"y":-0.5},{"x":1.5,"y":-0.5},{"x":2.5,"y":-0.5},{"x":3.5,"y":-0.5},{"x":-0.5,"y":0.5},{"x":0.5,"y":0.5},{"x":-2.5,"y":1},{"x":2.5,"y":1},{"x":-2.5,"y":2},{"x":-1.5,"y":2},{"x":-0.5,"y":2},{"x":0.5,"y":2},{"x":1.5,"y":2},{"x":2.5,"y":2},{"x":-2.5,"y":3},{"x":-1.5,"y":3},{"x":-0.5,"y":3},{"x":0.5,"y":3},{"x":1.5,"y":3},{"x":2.5,"y":3}]},{"index":3,"tiles":[{"x":-3.5,"y":-2.5},{"x":-2.5,"y":-2.5},{"x":-1.5,"y":-2.5},{"x":1.5,"y":-2.5},{"x":2.5,"y":-2.5},{"x":3.5,"y":-2.5},{"x":-3.5,"y":-1.5},{"x":-1.5,"y":-1.5},{"x":1.5,"y":-1.5},{"x":3.5,"y":-1.5},{"x":-3.5,"y":-0.5},{"x":-2.5,"y":-0.5},{"x":-1.5,"y":-0.5},{"x":1.5,"y":-0.5},{"x":2.5,"y":-0.5},{"x":3.5,"y":-0.5},{"x":0,"y":0.5}]}],"seeds":["36clXOdNkTg1VqEkSyQKnSFuIOFVlVd1nsVJiuCB4ahBHUEtGPMwJDSERQd6Q9hw2gSCpZOC6EKFlNgNIgR9mTIFl8OdjiBllbpsSoho3HV8RygSIMI8gRNGgSBiESUaAcGE3zdwJggA"]},{"layers":[{"index":0,"tiles":[{"x":-1.5,"y":-2.5},{"x":-0.5,"y":-2.5},{"x":0.5,"y":-2.5},{"x":1.5,"y":-2.5},{"x":-1.5,"y":-1.5},{"x":-0.5,"y":-1.5},{"x":0.5,"y":-1.5},{"x":1.5,"y":-1.5},{"x":-2.5,"y":-0.5},{"x":-1.5,"y":-0.5},{"x":-0.5,"y":-0.5},{"x":0.5,"y":-0.5},{"x":1.5,"y":-0.5},{"x":2.5,"y":-0.5},{"x":-3,"y":0.5},{"x":-2,"y":0.5},{"x":-1,"y":0.5},{"x":1,"y":0.5},{"x":2,"y":0.5},{"x":3,"y":0.5},{"x":-3.5,"y":1.5},{"x":-2.5,"y":1.5},{"x":-1,"y":1.5},{"x":1,"y":1.5},{"x":2.5,"y":1.5},{"x":3.5,"y":1.5},{"x":-4,"y":2.5},{"x":-3,"y":2.5},{"x":-1,"y":2.5},{"x":1,"y":2.5},{"x":3,"y":2.5},{"x":4,"y":2.5}]},{"index":1,"tiles":[{"x":-1.5,"y":-2.5},{"x":-0.5,"y":-2.5},{"x":0.5,"y":-2.5},{"x":1.5,"y":-2.5},{"x":-1.5,"y":-1.5},{"x":-0.5,"y":-1.5},{"x":0.5,"y":-1.5},{"x":1.5,"y":-1.5},{"x":-2.5,"y":-0.5},{"x":-1.5,"y":-0.5},{"x":-0.5,"y":-0.5},{"x":0.5,"y":-0.5},{"x":1.5,"y":-0.5},{"x":2.5,"y":-0.5},{"x":-3,"y":0.5},{"x":-2,"y":0.5},{"x":-1,"y":0.5},{"x":1,"y":0.5},{"x":2,"y":0.5},{"x":3,"y":0.5},{"x":-3.5,"y":1.5},{"x":-2.5,"y":1.5},{"x":-1,"y":1.5},{"x":1,"y":1.5},{"x":2.5,"y":1.5},{"x":3.5,"y":1.5},{"x":-4,"y":2.5},{"x":-3,"y":2.5},{"x":-1,"y":2.5},{"x":1,"y":2.5},{"x":3,"y":2.5},{"x":4,"y":2.5}]},{"index":2,"tiles":[{"x":-1.5,"y":-2.5},{"x":-0.5,"y":-2.5},{"x":0.5,"y":-2.5},{"x":1.5,"y":-2.5},{"x":-1.5,"y":-1.5},{"x":-0.5,"y":-1.5},{"x":0.5,"y":-1.5},{"x":1.5,"y":-1.5},{"x":-2.5,"y":-0.5},{"x":-1.5,"y":-0.5},{"x":-0.5,"y":-0.5},{"x":0.5,"y":-0.5},{"x":1.5,"y":-0.5},{"x":2.5,"y":-0.5},{"x":-3,"y":0.5},{"x":-2,"y":0.5},{"x":-1,"y":0.5},{"x":1,"y":0.5},{"x":2,"y":0.5},{"x":3,"y":0.5},{"x":-3.5,"y":1.5},{"x":-2.5,"y":1.5},{"x":-1,"y":1.5},{"x":1,"y":1.5},{"x":2.5,"y":1.5},{"x":3.5,"y":1.5},{"x":-4,"y":2.5},{"x":-3,"y":2.5},{"x":-1,"y":2.5},{"x":1,"y":2.5},{"x":3,"y":2.5},{"x":4,"y":2.5}]},{"index":3,"tiles":[{"x":-1.5,"y":-2.5},{"x":-0.5,"y":-2.5},{"x":0.5,"y":-2.5},{"x":1.5,"y":-2.5},{"x":-1.5,"y":-1.5},{"x":-0.5,"y":-1.5},{"x":0.5,"y":-1.5},{"x":1.5,"y":-1.5},{"x":-2.5,"y":-0.5},{"x":-1.5,"y":-0.5},{"x":-0.5,"y":-0.5},{"x":0.5,"y":-0.5},{"x":1.5,"y":-0.5},{"x":2.5,"y":-0.5},{"x":-3,"y":0.5},{"x":-2,"y":0.5},{"x":-1,"y":0.5},{"x":1,"y":0.5},{"x":2,"y":0.5},{"x":3,"y":0.5},{"x":-3.5,"y":1.5},{"x":-2.5,"y":1.5},{"x":-1,"y":1.5},{"x":1,"y":1.5},{"x":2.5,"y":1.5},{"x":3.5,"y":1.5},{"x":-4,"y":2.5},{"x":-3,"y":2.5},{"x":-1,"y":2.5},{"x":1,"y":2.5},{"x":3,"y":2.5},{"x":4,"y":2.5}]},{"index":4,"tiles":[{"x":-1,"y":-2.5},{"x":0,"y":-2.5},{"x":1,"y":-2.5},{"x":-1,"y":-1.5},{"x":0,"y":-1.5},{"x":1,"y":-1.5}]}],"seeds":["EQUuzWR8iNc8AfpUUkNxBiMmA5U6zaZ838EV2uJUgcJonwgiViGAU1SC3hCIHldBZ+Zx1zEN3ZWAkDWBYAcm2LeNoaeEIYmFC2GGlCCCDKcGXrd0IsGJjBSKgjh0n9CFVRKCSgYA"]},{"layers":[{"index":0,"tiles":[{"x":-3.5,"y":-3.5},{"x":-2.5,"y":-3.5},{"x":2.5,"y":-3.5},{"x":3.5,"y":-3.5},{"x":-0.5,"y":-3},{"x":0.5,"y":-3},{"x":-3,"y":-2.5},{"x":3,"y":-2.5},{"x":-1,"y":-2},{"x":1,"y":-2},{"x":-3,"y":-1.5},{"x":0,"y":-1.5},{"x":3,"y":-1.5},{"x":-3,"y":-0.5},{"x":-2,"y":-0.5},{"x":-1,"y":-0.5},{"x":1,"y":-0.5},{"x":2,"y":-0.5},{"x":3,"y":-0.5},{"x":-3,"y":0.5},{"x":-2,"y":0.5},{"x":0,"y":0.5},{"x":2,"y":0.5},{"x":3,"y":0.5},{"x":-3,"y":1.5},{"x":-1,"y":1.5},{"x":0,"y":1.5},{"x":1,"y":1.5},{"x":3,"y":1.5},{"x":-3,"y":2.5},{"x":-2,"y":2.5},{"x":0,"y":2.5},{"x":2,"y":2.5},{"x":3,"y":2.5},{"x":-3,"y":3.5},{"x":-2,"y":3.5},{"x":-1,"y":3.5},{"x":0,"y":3.5},{"x":1,"y":3.5},{"x":2,"y":3.5},{"x":3,"y":3.5}]},{"index":1,"tiles":[{"x":-3.5,"y":-3.5},{"x":-2.5,"y":-3.5},{"x":2.5,"y":-3.5},{"x":3.5,"y":-3.5},{"x":-0.5,"y":-3},{"x":0.5,"y":-3},{"x":-3,"y":-2.5},{"x":3,"y":-2.5},{"x":-1,"y":-2},{"x":1,"y":-2},{"x":-3,"y":-1.5},{"x":0,"y":-1.5},{"x":3,"y":-1.5},{"x":-3,"y":-0.5},{"x":-2,"y":-0.5},{"x":-1,"y":-0.5},{"x":1,"y":-0.5},{"x":2,"y":-0.5},{"x":3,"y":-0.5},{"x":-3,"y":0.5},{"x":-2,"y":0.5},{"x":0,"y":0.5},{"x":2,"y":0.5},{"x":3,"y":0.5},{"x":-3,"y":1.5},{"x":-1,"y":1.5},{"x":0,"y":1.5},{"x":1,"y":1.5},{"x":3,"y":1.5},{"x":-3,"y":2.5},{"x":-2,"y":2.5},{"x":0,"y":2.5},{"x":2,"y":2.5},{"x":3,"y":2.5},{"x":-3,"y":3.5},{"x":-2,"y":3.5},{"x":-1,"y":3.5},{"x":0,"y":3.5},{"x":1,"y":3.5},{"x":2,"y":3.5},{"x":3,"y":3.5}]},{"index":2,"tiles":[{"x":-3.5,"y":-3.5},{"x":-2.5,"y":-3.5},{"x":2.5,"y":-3.5},{"x":3.5,"y":-3.5},{"x":-3,"y":-2.5},{"x":3,"y":-2.5},{"x":-3,"y":-1.5},{"x":3,"y":-1.5},{"x":-3,"y":-0.5},{"x":-2,"y":-0.5},{"x":-1,"y":-0.5},{"x":1,"y":-0.5},{"x":2,"y":-0.5},{"x":3,"y":-0.5},{"x":-3,"y":0.5},{"x":-2,"y":0.5},{"x":2,"y":0.5},{"x":3,"y":0.5},{"x":-3,"y":1.5},{"x":3,"y":1.5},{"x":-3,"y":2.5},{"x":-2,"y":2.5},{"x":2,"y":2.5},{"x":3,"y":2.5},{"x":-3,"y":3.5},{"x":-2,"y":3.5},{"x":-1,"y":3.5},{"x":0,"y":3.5},{"x":1,"y":3.5},{"x":2,"y":3.5},{"x":3,"y":3.5}]},{"index":3,"tiles":[{"x":-3.5,"y":-3.5},{"x":-2.5,"y":-3.5},{"x":2.5,"y":-3.5},{"x":3.5,"y":-3.5},{"x":-3,"y":-2.5},{"x":3,"y":-2.5},{"x":-3,"y":-1.5},{"x":3,"y":-1.5},{"x":-3,"y":-0.5},{"x":-2,"y":-0.5},{"x":-1,"y":-0.5},{"x":1,"y":-0.5},{"x":2,"y":-0.5},{"x":3,"y":-0.5},{"x":-3,"y":0.5},{"x":-2,"y":0.5},{"x":2,"y":0.5},{"x":3,"y":0.5},{"x":-3,"y":1.5},{"x":3,"y":1.5},{"x":-3,"y":2.5},{"x":-2,"y":2.5},{"x":2,"y":2.5},{"x":3,"y":2.5},{"x":-3,"y":3.5},{"x":-2,"y":3.5},{"x":-1,"y":3.5},{"x":0,"y":3.5},{"x":1,"y":3.5},{"x":2,"y":3.5},{"x":3,"y":3.5}]}],"seeds":["HQdyjKeAYIihJ7h8g/d9EJIFmVE1ViiITJWQYvh0oJpcSkkxllgxoHN8oMNEjAcKUzFNXMURgdUZpkh5l0hMwbYUCMRJgxdanhiEYiglyvJxy5MIYjNw3SGASteEIcV92qZFaUUMGAWOXVMR"]},{"layers":[{"index":0,"tiles":[{"x":-3.5,"y":-3.5},{"x":-2.5,"y":-3.5},{"x":-1,"y":-3.5},{"x":0,"y":-3.5},{"x":1,"y":-3.5},{"x":2.5,"y":-3.5},{"x":3.5,"y":-3.5},{"x":-3.5,"y":-2.5},{"x":-2.5,"y":-2.5},{"x":-0.5,"y":-2.5},{"x":0.5,"y":-2.5},{"x":2.5,"y":-2.5},{"x":3.5,"y":-2.5},{"x":-1,"y":-1.5},{"x":1,"y":-1.5},{"x":-4,"y":-1},{"x":-2,"y":-1},{"x":2,"y":-1},{"x":4,"y":-1},{"x":-3,"y":-0.5},{"x":-1,"y":-0.5},{"x":0,"y":-0.5},{"x":1,"y":-0.5},{"x":3,"y":-0.5},{"x":-4,"y":0},{"x":4,"y":0},{"x":-3,"y":0.5},{"x":-1,"y":0.5},{"x":0,"y":0.5},{"x":1,"y":0.5},{"x":3,"y":0.5},{"x":-4,"y":1},{"x":-2,"y":1},{"x":2,"y":1},{"x":4,"y":1},{"x":-1,"y":1.5},{"x":1,"y":1.5},{"x":-3.5,"y":2.5},{"x":-2.5,"y":2.5},{"x":-0.5,"y":2.5},{"x":0.5,"y":2.5},{"x":2.5,"y":2.5},{"x":3.5,"y":2.5},{"x":-3.5,"y":3.5},{"x":-2.5,"y":3.5},{"x":-1,"y":3.5},{"x":0,"y":3.5},{"x":1,"y":3.5},{"x":2.5,"y":3.5},{"x":3.5,"y":3.5}]},{"index":1,"tiles":[{"x":-3.5,"y":-3.5},{"x":-2.5,"y":-3.5},{"x":-1,"y":-3.5},{"x":0,"y":-3.5},{"x":1,"y":-3.5},{"x":2.5,"y":-3.5},{"x":3.5,"y":-3.5},{"x":-3.5,"y":-2.5},{"x":-2.5,"y":-2.5},{"x":-0.5,"y":-2.5},{"x":0.5,"y":-2.5},{"x":2.5,"y":-2.5},{"x":3.5,"y":-2.5},{"x":-1,"y":-1.5},{"x":1,"y":-1.5},{"x":-4,"y":-1},{"x":-2,"y":-1},{"x":2,"y":-1},{"x":4,"y":-1},{"x":-3,"y":-0.5},{"x":-1,"y":-0.5},{"x":0,"y":-0.5},{"x":1,"y":-0.5},{"x":3,"y":-0.5},{"x":-4,"y":0},{"x":4,"y":0},{"x":-3,"y":0.5},{"x":-1,"y":0.5},{"x":0,"y":0.5},{"x":1,"y":0.5},{"x":3,"y":0.5},{"x":-4,"y":1},{"x":-2,"y":1},{"x":2,"y":1},{"x":4,"y":1},{"x":-1,"y":1.5},{"x":1,"y":1.5},{"x":-3.5,"y":2.5},{"x":-2.5,"y":2.5},{"x":-0.5,"y":2.5},{"x":0.5,"y":2.5},{"x":2.5,"y":2.5},{"x":3.5,"y":2.5},{"x":-3.5,"y":3.5},{"x":-2.5,"y":3.5},{"x":-1,"y":3.5},{"x":0,"y":3.5},{"x":1,"y":3.5},{"x":2.5,"y":3.5},{"x":3.5,"y":3.5}]},{"index":2,"tiles":[{"x":-0.5,"y":-3.5},{"x":0.5,"y":-3.5},{"x":-3.5,"y":-3},{"x":-2.5,"y":-3},{"x":2.5,"y":-3},{"x":3.5,"y":-3},{"x":0,"y":-2.5},{"x":-1.5,"y":-1},{"x":1.5,"y":-1},{"x":-4,"y":-0.5},{"x":-0.5,"y":-0.5},{"x":0.5,"y":-0.5},{"x":4,"y":-0.5},{"x":-3,"y":0},{"x":3,"y":0},{"x":-4,"y":0.5},{"x":-0.5,"y":0.5},{"x":0.5,"y":0.5},{"x":4,"y":0.5},{"x":-1.5,"y":1},{"x":1.5,"y":1},{"x":0,"y":2.5},{"x":-3.5,"y":3},{"x":-2.5,"y":3},{"x":2.5,"y":3},{"x":3.5,"y":3},{"x":-0.5,"y":3.5},{"x":0.5,"y":3.5}]},{"index":3,"tiles":[{"x":-3,"y":-3},{"x":0,"y":-3},{"x":3,"y":-3},{"x":-3.5,"y":0},{"x":-0.5,"y":0},{"x":0.5,"y":0},{"x":3.5,"y":0},{"x":-3,"y":3},{"x":0,"y":3},{"x":3,"y":3}]},{"index":4,"tiles":[{"x":-0.5,"y":0},{"x":0.5,"y":0}]}],"seeds":["oeCJntec0FSg28SJovERnxaBHhFkVKEqDeI5AbOAYhiAA4lI09Bh1VYmijM+HGh21ANWIbg03SBwDBhRodKJ4WeBSkh9GSg2YFcwjBhaHLFgC2dxgZByonFY0zF01XdJYZV8BcFBwqV5"]}]]],0,0,[],[],[]]
