[1,0,0,[["cc.JsonAsset",["_name","json"],1]],[[0,0,1,3]],[[0,"level_002401-30",[{"layers":[{"index":0,"tiles":[{"x":4,"y":-8.5},{"x":5,"y":-8.5},{"x":6,"y":-8.5},{"x":7,"y":-8.5},{"x":3,"y":-8},{"x":8,"y":-8},{"x":4.5,"y":-7.5},{"x":6.5,"y":-7.5},{"x":3.5,"y":-7},{"x":7.5,"y":-7},{"x":4.5,"y":-6.5},{"x":6.5,"y":-6.5},{"x":3.5,"y":-5.5},{"x":5,"y":-5.5},{"x":6,"y":-5.5},{"x":7.5,"y":-5.5},{"x":3,"y":-4.5},{"x":4,"y":-4.5},{"x":7,"y":-4.5},{"x":8,"y":-4.5},{"x":5,"y":-4},{"x":6,"y":-4},{"x":3,"y":-3.5},{"x":4,"y":-3.5},{"x":7,"y":-3.5},{"x":8,"y":-3.5},{"x":5,"y":-3},{"x":6,"y":-3},{"x":3,"y":-2.5},{"x":4,"y":-2.5},{"x":7,"y":-2.5},{"x":8,"y":-2.5},{"x":3,"y":-1.5},{"x":5,"y":-1.5},{"x":6,"y":-1.5},{"x":8,"y":-1.5}]},{"index":1,"tiles":[{"x":4,"y":-8.5},{"x":5,"y":-8.5},{"x":6,"y":-8.5},{"x":7,"y":-8.5},{"x":3,"y":-8},{"x":8,"y":-8},{"x":4.5,"y":-7.5},{"x":6.5,"y":-7.5},{"x":3.5,"y":-7},{"x":7.5,"y":-7},{"x":4.5,"y":-6.5},{"x":6.5,"y":-6.5},{"x":3.5,"y":-5.5},{"x":5,"y":-5.5},{"x":6,"y":-5.5},{"x":7.5,"y":-5.5},{"x":3,"y":-4.5},{"x":4,"y":-4.5},{"x":7,"y":-4.5},{"x":8,"y":-4.5},{"x":5,"y":-4},{"x":6,"y":-4},{"x":3.5,"y":-3.5},{"x":7.5,"y":-3.5},{"x":4.5,"y":-3},{"x":6.5,"y":-3},{"x":3.5,"y":-2.5},{"x":7.5,"y":-2.5},{"x":3,"y":-1.5},{"x":5,"y":-1.5},{"x":6,"y":-1.5},{"x":8,"y":-1.5}]},{"index":2,"tiles":[{"x":4,"y":-8.5},{"x":5,"y":-8.5},{"x":6,"y":-8.5},{"x":7,"y":-8.5},{"x":3,"y":-8},{"x":8,"y":-8},{"x":4.5,"y":-7.5},{"x":6.5,"y":-7.5},{"x":3.5,"y":-7},{"x":7.5,"y":-7},{"x":4.5,"y":-6.5},{"x":6.5,"y":-6.5},{"x":3.5,"y":-5.5},{"x":5,"y":-5.5},{"x":6,"y":-5.5},{"x":7.5,"y":-5.5},{"x":3,"y":-4.5},{"x":4,"y":-4.5},{"x":7,"y":-4.5},{"x":8,"y":-4.5},{"x":5,"y":-4},{"x":6,"y":-4},{"x":3.5,"y":-3.5},{"x":7.5,"y":-3.5},{"x":4.5,"y":-3},{"x":6.5,"y":-3},{"x":3.5,"y":-2.5},{"x":7.5,"y":-2.5},{"x":3,"y":-1.5},{"x":5,"y":-1.5},{"x":6,"y":-1.5},{"x":8,"y":-1.5}]}],"seeds":["YSEWWbg8YSOkhldhYpgJYKMRB4EhlmeAnxIeHPiJYMV93tiVmkhxEEdJUdJx0xVyJph8j+idDDkEAcg4UNehUeAE1oCo17KJyiRt"]},{"layers":[{"index":0,"tiles":[{"x":3,"y":-8.5},{"x":4,"y":-8.5},{"x":5,"y":-8.5},{"x":6,"y":-8.5},{"x":7,"y":-8.5},{"x":8,"y":-8.5},{"x":3,"y":-7.5},{"x":4.5,"y":-7.5},{"x":6.5,"y":-7.5},{"x":8,"y":-7.5},{"x":3,"y":-6.5},{"x":4,"y":-6.5},{"x":5,"y":-6.5},{"x":6,"y":-6.5},{"x":7,"y":-6.5},{"x":8,"y":-6.5},{"x":3,"y":-5.5},{"x":8,"y":-5.5},{"x":4,"y":-5},{"x":5,"y":-5},{"x":6,"y":-5},{"x":7,"y":-5},{"x":3,"y":-4.5},{"x":8,"y":-4.5},{"x":3,"y":-3.5},{"x":4,"y":-3.5},{"x":5,"y":-3.5},{"x":6,"y":-3.5},{"x":7,"y":-3.5},{"x":8,"y":-3.5},{"x":3,"y":-2.5},{"x":4.5,"y":-2.5},{"x":6.5,"y":-2.5},{"x":8,"y":-2.5},{"x":3,"y":-1.5},{"x":4,"y":-1.5},{"x":5,"y":-1.5},{"x":6,"y":-1.5},{"x":7,"y":-1.5},{"x":8,"y":-1.5}]},{"index":1,"tiles":[{"x":3,"y":-8.5},{"x":4,"y":-8.5},{"x":5,"y":-8.5},{"x":6,"y":-8.5},{"x":7,"y":-8.5},{"x":8,"y":-8.5},{"x":3,"y":-7.5},{"x":4.5,"y":-7.5},{"x":6.5,"y":-7.5},{"x":8,"y":-7.5},{"x":3,"y":-6.5},{"x":4,"y":-6.5},{"x":5,"y":-6.5},{"x":6,"y":-6.5},{"x":7,"y":-6.5},{"x":8,"y":-6.5},{"x":3,"y":-5.5},{"x":8,"y":-5.5},{"x":4,"y":-5},{"x":5,"y":-5},{"x":6,"y":-5},{"x":7,"y":-5},{"x":3,"y":-4.5},{"x":8,"y":-4.5},{"x":3,"y":-3.5},{"x":4,"y":-3.5},{"x":5,"y":-3.5},{"x":6,"y":-3.5},{"x":7,"y":-3.5},{"x":8,"y":-3.5},{"x":3,"y":-2.5},{"x":4.5,"y":-2.5},{"x":6.5,"y":-2.5},{"x":8,"y":-2.5},{"x":3,"y":-1.5},{"x":4,"y":-1.5},{"x":7,"y":-1.5},{"x":8,"y":-1.5}]},{"index":2,"tiles":[{"x":3,"y":-8.5},{"x":4,"y":-8.5},{"x":5,"y":-8.5},{"x":6,"y":-8.5},{"x":7,"y":-8.5},{"x":8,"y":-8.5},{"x":3,"y":-7.5},{"x":4.5,"y":-7.5},{"x":6.5,"y":-7.5},{"x":8,"y":-7.5},{"x":3,"y":-6.5},{"x":4,"y":-6.5},{"x":5,"y":-6.5},{"x":6,"y":-6.5},{"x":7,"y":-6.5},{"x":8,"y":-6.5},{"x":3,"y":-5.5},{"x":8,"y":-5.5},{"x":4,"y":-5},{"x":5,"y":-5},{"x":6,"y":-5},{"x":7,"y":-5},{"x":3,"y":-4.5},{"x":8,"y":-4.5},{"x":3,"y":-3.5},{"x":4,"y":-3.5},{"x":5,"y":-3.5},{"x":6,"y":-3.5},{"x":7,"y":-3.5},{"x":8,"y":-3.5},{"x":3,"y":-2.5},{"x":4.5,"y":-2.5},{"x":6.5,"y":-2.5},{"x":8,"y":-2.5},{"x":3,"y":-1.5},{"x":4,"y":-1.5},{"x":7,"y":-1.5},{"x":8,"y":-1.5}]}],"seeds":["n8qhXikKyqIg1Cd1IdI52LKAVFQ90sdYWcMVYNQpF8hlhJeGkCZeX9iBQdFYChcmHDZt2iOeTOIZ4QRNIrgEnghuIDYER+cQVSiYgnEMIwd2U0CRGCWI"]},{"layers":[{"index":0,"tiles":[{"x":5,"y":-8.5},{"x":6,"y":-8.5},{"x":3.5,"y":-8},{"x":7.5,"y":-8},{"x":5,"y":-7.5},{"x":6,"y":-7.5},{"x":3,"y":-6.5},{"x":4,"y":-6.5},{"x":5,"y":-6.5},{"x":6,"y":-6.5},{"x":7,"y":-6.5},{"x":8,"y":-6.5},{"x":3.5,"y":-5.5},{"x":5,"y":-5.5},{"x":6,"y":-5.5},{"x":7.5,"y":-5.5},{"x":3,"y":-4.5},{"x":5,"y":-4.5},{"x":6,"y":-4.5},{"x":8,"y":-4.5},{"x":3.5,"y":-3.5},{"x":5,"y":-3.5},{"x":6,"y":-3.5},{"x":7.5,"y":-3.5},{"x":4.5,"y":-2.5},{"x":6.5,"y":-2.5},{"x":3.5,"y":-1.5},{"x":4.5,"y":-1.5},{"x":6.5,"y":-1.5},{"x":7.5,"y":-1.5}]},{"index":1,"tiles":[{"x":5,"y":-8.5},{"x":6,"y":-8.5},{"x":3.5,"y":-8},{"x":7.5,"y":-8},{"x":5,"y":-7.5},{"x":6,"y":-7.5},{"x":5,"y":-6.5},{"x":6,"y":-6.5},{"x":3.5,"y":-6},{"x":7.5,"y":-6},{"x":5,"y":-5.5},{"x":6,"y":-5.5},{"x":3,"y":-4.5},{"x":5,"y":-4.5},{"x":6,"y":-4.5},{"x":8,"y":-4.5},{"x":3.5,"y":-3.5},{"x":5,"y":-3.5},{"x":6,"y":-3.5},{"x":7.5,"y":-3.5},{"x":4.5,"y":-2.5},{"x":6.5,"y":-2.5},{"x":4,"y":-1.5},{"x":7,"y":-1.5}]},{"index":2,"tiles":[{"x":5,"y":-8.5},{"x":6,"y":-8.5},{"x":3.5,"y":-8},{"x":7.5,"y":-8},{"x":5,"y":-7.5},{"x":6,"y":-7.5},{"x":5,"y":-6.5},{"x":6,"y":-6.5},{"x":3.5,"y":-6},{"x":7.5,"y":-6},{"x":5,"y":-5.5},{"x":6,"y":-5.5},{"x":3,"y":-4.5},{"x":5,"y":-4.5},{"x":6,"y":-4.5},{"x":8,"y":-4.5},{"x":3.5,"y":-3.5},{"x":5,"y":-3.5},{"x":6,"y":-3.5},{"x":7.5,"y":-3.5},{"x":4.5,"y":-2.5},{"x":6.5,"y":-2.5},{"x":4,"y":-1.5},{"x":7,"y":-1.5}]},{"index":3,"tiles":[{"x":5,"y":-8.5},{"x":6,"y":-8.5},{"x":3.5,"y":-8},{"x":7.5,"y":-8},{"x":5,"y":-7.5},{"x":6,"y":-7.5},{"x":5,"y":-6.5},{"x":6,"y":-6.5},{"x":3.5,"y":-6},{"x":7.5,"y":-6},{"x":5,"y":-5.5},{"x":6,"y":-5.5},{"x":3,"y":-4.5},{"x":5,"y":-4.5},{"x":6,"y":-4.5},{"x":8,"y":-4.5},{"x":3.5,"y":-3.5},{"x":5,"y":-3.5},{"x":6,"y":-3.5},{"x":7.5,"y":-3.5},{"x":4.5,"y":-2.5},{"x":6.5,"y":-2.5},{"x":4,"y":-1.5},{"x":7,"y":-1.5}]}],"seeds":["JzhyHHhB4KKphnBpYIcU3nZxJeJskDJITGdxHyGk3LdUSRNRnZdw01dUmOE1osV8wkSJhxgSWRBIwwOKSiR2KBaGniNm4XEJ5GOCYQgA"]},{"layers":[{"index":0,"tiles":[{"x":3,"y":-8.5},{"x":4,"y":-8.5},{"x":5.5,"y":-8.5},{"x":7,"y":-8.5},{"x":8,"y":-8.5},{"x":3,"y":-7.5},{"x":4,"y":-7.5},{"x":5,"y":-7.5},{"x":6,"y":-7.5},{"x":7,"y":-7.5},{"x":8,"y":-7.5},{"x":3,"y":-6.5},{"x":5.5,"y":-6.5},{"x":7,"y":-6.5},{"x":8,"y":-6.5},{"x":4.5,"y":-6},{"x":3.5,"y":-5.5},{"x":5.5,"y":-5.5},{"x":7,"y":-5.5},{"x":8,"y":-5.5},{"x":3.5,"y":-4.5},{"x":5.5,"y":-4.5},{"x":7,"y":-4.5},{"x":8,"y":-4.5},{"x":4.5,"y":-4},{"x":3,"y":-3.5},{"x":5.5,"y":-3.5},{"x":7,"y":-3.5},{"x":8,"y":-3.5},{"x":3,"y":-2.5},{"x":4,"y":-2.5},{"x":5,"y":-2.5},{"x":6,"y":-2.5},{"x":7,"y":-2.5},{"x":8,"y":-2.5},{"x":3,"y":-1.5},{"x":4,"y":-1.5},{"x":5.5,"y":-1.5},{"x":7,"y":-1.5},{"x":8,"y":-1.5}]},{"index":1,"tiles":[{"x":3,"y":-8.5},{"x":4,"y":-8.5},{"x":5.5,"y":-8.5},{"x":7,"y":-8.5},{"x":8,"y":-8.5},{"x":3,"y":-7.5},{"x":4,"y":-7.5},{"x":5,"y":-7.5},{"x":6,"y":-7.5},{"x":7,"y":-7.5},{"x":8,"y":-7.5},{"x":3,"y":-6.5},{"x":5.5,"y":-6.5},{"x":7,"y":-6.5},{"x":8,"y":-6.5},{"x":4.5,"y":-6},{"x":3.5,"y":-5.5},{"x":5.5,"y":-5.5},{"x":7,"y":-5.5},{"x":8,"y":-5.5},{"x":3.5,"y":-4.5},{"x":5.5,"y":-4.5},{"x":7,"y":-4.5},{"x":8,"y":-4.5},{"x":4.5,"y":-4},{"x":3,"y":-3.5},{"x":5.5,"y":-3.5},{"x":7,"y":-3.5},{"x":8,"y":-3.5},{"x":3,"y":-2.5},{"x":4,"y":-2.5},{"x":5,"y":-2.5},{"x":6,"y":-2.5},{"x":7,"y":-2.5},{"x":8,"y":-2.5},{"x":3,"y":-1.5},{"x":4,"y":-1.5},{"x":5.5,"y":-1.5},{"x":7,"y":-1.5},{"x":8,"y":-1.5}]},{"index":2,"tiles":[{"x":3,"y":-8.5},{"x":4,"y":-8.5},{"x":5.5,"y":-8.5},{"x":7,"y":-8.5},{"x":8,"y":-8.5},{"x":3,"y":-7.5},{"x":8,"y":-7.5},{"x":3,"y":-6.5},{"x":8,"y":-6.5},{"x":3.5,"y":-5.5},{"x":8,"y":-5.5},{"x":3.5,"y":-4.5},{"x":8,"y":-4.5},{"x":3,"y":-3.5},{"x":8,"y":-3.5},{"x":3,"y":-2.5},{"x":8,"y":-2.5},{"x":3,"y":-1.5},{"x":4,"y":-1.5},{"x":5.5,"y":-1.5},{"x":7,"y":-1.5},{"x":8,"y":-1.5}]}],"seeds":["QsAUxAWGU+edoYM646U2DZhhFDYJlhguYeYNDhSG1dcVGBeAxzFUYMV9BsM1hNOB6VKYorIcXYh1WPGEZWWEB+RxXbhQjSJaDyiSHgYA"]},{"layers":[{"index":0,"tiles":[{"x":4,"y":-8.5},{"x":7,"y":-8.5},{"x":3,"y":-8},{"x":8,"y":-8},{"x":4,"y":-7.5},{"x":5,"y":-7.5},{"x":6,"y":-7.5},{"x":7,"y":-7.5},{"x":3,"y":-6.5},{"x":4,"y":-6.5},{"x":5,"y":-6.5},{"x":6,"y":-6.5},{"x":7,"y":-6.5},{"x":8,"y":-6.5},{"x":3,"y":-5.5},{"x":4,"y":-5.5},{"x":5,"y":-5.5},{"x":6,"y":-5.5},{"x":7,"y":-5.5},{"x":8,"y":-5.5},{"x":3,"y":-4.5},{"x":4,"y":-4.5},{"x":5,"y":-4.5},{"x":6,"y":-4.5},{"x":7,"y":-4.5},{"x":8,"y":-4.5},{"x":3,"y":-3.5},{"x":4,"y":-3.5},{"x":5,"y":-3.5},{"x":6,"y":-3.5},{"x":7,"y":-3.5},{"x":8,"y":-3.5},{"x":4,"y":-2.5},{"x":5,"y":-2.5},{"x":6,"y":-2.5},{"x":7,"y":-2.5},{"x":3,"y":-2},{"x":8,"y":-2},{"x":4,"y":-1.5},{"x":7,"y":-1.5}]},{"index":1,"tiles":[{"x":4,"y":-8.5},{"x":7,"y":-8.5},{"x":3,"y":-8},{"x":8,"y":-8},{"x":4,"y":-7.5},{"x":5,"y":-7.5},{"x":6,"y":-7.5},{"x":7,"y":-7.5},{"x":3,"y":-6.5},{"x":4,"y":-6.5},{"x":5,"y":-6.5},{"x":6,"y":-6.5},{"x":7,"y":-6.5},{"x":8,"y":-6.5},{"x":3,"y":-5.5},{"x":4,"y":-5.5},{"x":5,"y":-5.5},{"x":6,"y":-5.5},{"x":7,"y":-5.5},{"x":8,"y":-5.5},{"x":3,"y":-4.5},{"x":4,"y":-4.5},{"x":5,"y":-4.5},{"x":6,"y":-4.5},{"x":7,"y":-4.5},{"x":8,"y":-4.5},{"x":3,"y":-3.5},{"x":4,"y":-3.5},{"x":5,"y":-3.5},{"x":6,"y":-3.5},{"x":7,"y":-3.5},{"x":8,"y":-3.5},{"x":4,"y":-2.5},{"x":5,"y":-2.5},{"x":6,"y":-2.5},{"x":7,"y":-2.5},{"x":3,"y":-2},{"x":8,"y":-2},{"x":4,"y":-1.5},{"x":7,"y":-1.5}]},{"index":2,"tiles":[{"x":4,"y":-8.5},{"x":7,"y":-8.5},{"x":3,"y":-8},{"x":8,"y":-8},{"x":4,"y":-7.5},{"x":5,"y":-7.5},{"x":6,"y":-7.5},{"x":7,"y":-7.5},{"x":3,"y":-6.5},{"x":4,"y":-6.5},{"x":5,"y":-6.5},{"x":6,"y":-6.5},{"x":7,"y":-6.5},{"x":8,"y":-6.5},{"x":3,"y":-5.5},{"x":4,"y":-5.5},{"x":5,"y":-5.5},{"x":6,"y":-5.5},{"x":7,"y":-5.5},{"x":8,"y":-5.5},{"x":3,"y":-4.5},{"x":4,"y":-4.5},{"x":5,"y":-4.5},{"x":6,"y":-4.5},{"x":7,"y":-4.5},{"x":8,"y":-4.5},{"x":3,"y":-3.5},{"x":4,"y":-3.5},{"x":5,"y":-3.5},{"x":6,"y":-3.5},{"x":7,"y":-3.5},{"x":8,"y":-3.5},{"x":4,"y":-2.5},{"x":5,"y":-2.5},{"x":6,"y":-2.5},{"x":7,"y":-2.5},{"x":3,"y":-2},{"x":8,"y":-2},{"x":4,"y":-1.5},{"x":7,"y":-1.5}]}],"seeds":["gQhJ3FeKlzgQ1pR5XRZ4wqmMxcRFH0eYihVSmgZ+FcghW8gkyDU1EKOIIJZ4oaEI1UKR3RZ8qEiFyyF0S3CAYCEsSwhKjhh6g8eBYBh2Xrc8TmN0UfqoGDdR"]},{"layers":[{"index":0,"tiles":[{"x":4,"y":-8.5},{"x":7,"y":-8.5},{"x":3,"y":-8},{"x":5,"y":-8},{"x":6,"y":-8},{"x":8,"y":-8},{"x":4,"y":-7.5},{"x":7,"y":-7.5},{"x":5,"y":-7},{"x":6,"y":-7},{"x":3,"y":-6.5},{"x":8,"y":-6.5},{"x":4,"y":-6},{"x":7,"y":-6},{"x":3,"y":-5.5},{"x":5,"y":-5.5},{"x":6,"y":-5.5},{"x":8,"y":-5.5},{"x":3,"y":-4.5},{"x":4,"y":-4.5},{"x":5,"y":-4.5},{"x":6,"y":-4.5},{"x":7,"y":-4.5},{"x":8,"y":-4.5},{"x":3,"y":-3.5},{"x":5,"y":-3.5},{"x":6,"y":-3.5},{"x":8,"y":-3.5},{"x":4,"y":-3},{"x":7,"y":-3},{"x":3,"y":-2.5},{"x":8,"y":-2.5},{"x":3,"y":-1.5},{"x":4,"y":-1.5},{"x":5,"y":-1.5},{"x":6,"y":-1.5},{"x":7,"y":-1.5},{"x":8,"y":-1.5}]},{"index":1,"tiles":[{"x":4,"y":-8.5},{"x":7,"y":-8.5},{"x":3,"y":-8},{"x":5,"y":-8},{"x":6,"y":-8},{"x":8,"y":-8},{"x":4,"y":-7.5},{"x":7,"y":-7.5},{"x":5,"y":-7},{"x":6,"y":-7},{"x":3,"y":-6.5},{"x":8,"y":-6.5},{"x":4,"y":-6},{"x":7,"y":-6},{"x":3,"y":-5.5},{"x":5,"y":-5.5},{"x":6,"y":-5.5},{"x":8,"y":-5.5},{"x":3,"y":-4.5},{"x":4,"y":-4.5},{"x":5,"y":-4.5},{"x":6,"y":-4.5},{"x":7,"y":-4.5},{"x":8,"y":-4.5},{"x":3,"y":-3.5},{"x":5,"y":-3.5},{"x":6,"y":-3.5},{"x":8,"y":-3.5},{"x":4,"y":-3},{"x":7,"y":-3},{"x":3,"y":-2.5},{"x":8,"y":-2.5},{"x":3,"y":-1.5},{"x":4,"y":-1.5},{"x":5,"y":-1.5},{"x":6,"y":-1.5},{"x":7,"y":-1.5},{"x":8,"y":-1.5}]},{"index":2,"tiles":[{"x":4,"y":-8.5},{"x":7,"y":-8.5},{"x":3,"y":-8},{"x":5,"y":-8},{"x":6,"y":-8},{"x":8,"y":-8},{"x":4,"y":-7.5},{"x":7,"y":-7.5},{"x":5,"y":-7},{"x":6,"y":-7},{"x":3,"y":-6.5},{"x":8,"y":-6.5},{"x":4,"y":-6},{"x":7,"y":-6},{"x":3,"y":-5.5},{"x":5,"y":-5.5},{"x":6,"y":-5.5},{"x":8,"y":-5.5},{"x":3,"y":-4.5},{"x":4,"y":-4.5},{"x":5,"y":-4.5},{"x":6,"y":-4.5},{"x":7,"y":-4.5},{"x":8,"y":-4.5},{"x":3,"y":-3.5},{"x":5,"y":-3.5},{"x":6,"y":-3.5},{"x":8,"y":-3.5},{"x":4,"y":-3},{"x":7,"y":-3},{"x":3,"y":-2.5},{"x":8,"y":-2.5},{"x":3,"y":-1.5},{"x":4,"y":-1.5},{"x":5,"y":-1.5},{"x":6,"y":-1.5},{"x":7,"y":-1.5},{"x":8,"y":-1.5}]}],"seeds":["1cGNnzJRplRhSAceTQhdkAh+kdQFEyU01xkawkJ54KI8Xrp1WeB1izd1xRNsYWAhBYdloDgIpZNYYfeJIhlOgygmCshEjhYIDKcEBgF+4IJqBMiFKgUA"]},{"layers":[{"index":0,"tiles":[{"x":2.5,"y":-8.5},{"x":3.5,"y":-8.5},{"x":4.5,"y":-8.5},{"x":5.5,"y":-8.5},{"x":6.5,"y":-8.5},{"x":7.5,"y":-8.5},{"x":8.5,"y":-8.5},{"x":3,"y":-7.5},{"x":4,"y":-7.5},{"x":7,"y":-7.5},{"x":8,"y":-7.5},{"x":5,"y":-7},{"x":6,"y":-7},{"x":2.5,"y":-6.5},{"x":3.5,"y":-6.5},{"x":7.5,"y":-6.5},{"x":8.5,"y":-6.5},{"x":4.5,"y":-6},{"x":5.5,"y":-6},{"x":6.5,"y":-6},{"x":2.5,"y":-5.5},{"x":8.5,"y":-5.5},{"x":5,"y":-5},{"x":6,"y":-5},{"x":2.5,"y":-4.5},{"x":8.5,"y":-4.5},{"x":4.5,"y":-4},{"x":5.5,"y":-4},{"x":6.5,"y":-4},{"x":2.5,"y":-3.5},{"x":3.5,"y":-3.5},{"x":7.5,"y":-3.5},{"x":8.5,"y":-3.5},{"x":5,"y":-3},{"x":6,"y":-3},{"x":3,"y":-2.5},{"x":4,"y":-2.5},{"x":7,"y":-2.5},{"x":8,"y":-2.5},{"x":2.5,"y":-1.5},{"x":3.5,"y":-1.5},{"x":4.5,"y":-1.5},{"x":5.5,"y":-1.5},{"x":6.5,"y":-1.5},{"x":7.5,"y":-1.5},{"x":8.5,"y":-1.5}]},{"index":1,"tiles":[{"x":2.5,"y":-8.5},{"x":3.5,"y":-8.5},{"x":4.5,"y":-8.5},{"x":5.5,"y":-8.5},{"x":6.5,"y":-8.5},{"x":7.5,"y":-8.5},{"x":8.5,"y":-8.5},{"x":3.5,"y":-7.5},{"x":7.5,"y":-7.5},{"x":5,"y":-7},{"x":6,"y":-7},{"x":2.5,"y":-6.5},{"x":3.5,"y":-6.5},{"x":7.5,"y":-6.5},{"x":8.5,"y":-6.5},{"x":4.5,"y":-6},{"x":5.5,"y":-6},{"x":6.5,"y":-6},{"x":2.5,"y":-5.5},{"x":8.5,"y":-5.5},{"x":5,"y":-5},{"x":6,"y":-5},{"x":2.5,"y":-4.5},{"x":8.5,"y":-4.5},{"x":4.5,"y":-4},{"x":5.5,"y":-4},{"x":6.5,"y":-4},{"x":2.5,"y":-3.5},{"x":3.5,"y":-3.5},{"x":7.5,"y":-3.5},{"x":8.5,"y":-3.5},{"x":5,"y":-3},{"x":6,"y":-3},{"x":3.5,"y":-2.5},{"x":7.5,"y":-2.5},{"x":2.5,"y":-1.5},{"x":3.5,"y":-1.5},{"x":4.5,"y":-1.5},{"x":5.5,"y":-1.5},{"x":6.5,"y":-1.5},{"x":7.5,"y":-1.5},{"x":8.5,"y":-1.5}]},{"index":2,"tiles":[{"x":2.5,"y":-8.5},{"x":3.5,"y":-8.5},{"x":4.5,"y":-8.5},{"x":5.5,"y":-8.5},{"x":6.5,"y":-8.5},{"x":7.5,"y":-8.5},{"x":8.5,"y":-8.5},{"x":3.5,"y":-7.5},{"x":7.5,"y":-7.5},{"x":5,"y":-7},{"x":6,"y":-7},{"x":2.5,"y":-6.5},{"x":3.5,"y":-6.5},{"x":7.5,"y":-6.5},{"x":8.5,"y":-6.5},{"x":4.5,"y":-6},{"x":5.5,"y":-6},{"x":6.5,"y":-6},{"x":2.5,"y":-5.5},{"x":8.5,"y":-5.5},{"x":5,"y":-5},{"x":6,"y":-5},{"x":2.5,"y":-4.5},{"x":8.5,"y":-4.5},{"x":4.5,"y":-4},{"x":5.5,"y":-4},{"x":6.5,"y":-4},{"x":2.5,"y":-3.5},{"x":3.5,"y":-3.5},{"x":7.5,"y":-3.5},{"x":8.5,"y":-3.5},{"x":5,"y":-3},{"x":6,"y":-3},{"x":3.5,"y":-2.5},{"x":7.5,"y":-2.5},{"x":2.5,"y":-1.5},{"x":3.5,"y":-1.5},{"x":4.5,"y":-1.5},{"x":5.5,"y":-1.5},{"x":6.5,"y":-1.5},{"x":7.5,"y":-1.5},{"x":8.5,"y":-1.5}]}],"seeds":["xaeEJAcqH/U8H+Ux3BMuWiIUHCGeR7UMYhiYVYUcE1FskOhJmTo6RhEKHWh1WacUHSdCXRc4yARN4gCCSVpdUtdcgQRanCJyovZ56PSATLhJFTZVYDSVoBiBjQF1QYGFoAcA"]},{"layers":[{"index":0,"tiles":[{"x":4.5,"y":-8.5},{"x":5.5,"y":-8.5},{"x":6.5,"y":-8.5},{"x":3.5,"y":-8},{"x":7.5,"y":-8},{"x":3,"y":-7},{"x":5,"y":-7},{"x":6,"y":-7},{"x":8,"y":-7},{"x":4,"y":-6.5},{"x":7,"y":-6.5},{"x":3,"y":-5.5},{"x":4,"y":-5.5},{"x":5,"y":-5.5},{"x":6,"y":-5.5},{"x":7,"y":-5.5},{"x":8,"y":-5.5},{"x":3,"y":-4.5},{"x":4,"y":-4.5},{"x":5,"y":-4.5},{"x":6,"y":-4.5},{"x":7,"y":-4.5},{"x":8,"y":-4.5},{"x":4,"y":-3.5},{"x":7,"y":-3.5},{"x":3,"y":-3},{"x":5,"y":-3},{"x":6,"y":-3},{"x":8,"y":-3},{"x":3.5,"y":-2},{"x":7.5,"y":-2},{"x":4.5,"y":-1.5},{"x":5.5,"y":-1.5},{"x":6.5,"y":-1.5}]},{"index":1,"tiles":[{"x":4.5,"y":-8.5},{"x":5.5,"y":-8.5},{"x":6.5,"y":-8.5},{"x":3.5,"y":-8},{"x":7.5,"y":-8},{"x":3,"y":-7},{"x":5,"y":-7},{"x":6,"y":-7},{"x":8,"y":-7},{"x":4,"y":-6.5},{"x":7,"y":-6.5},{"x":3,"y":-5.5},{"x":4,"y":-5.5},{"x":5,"y":-5.5},{"x":6,"y":-5.5},{"x":7,"y":-5.5},{"x":8,"y":-5.5},{"x":3,"y":-4.5},{"x":4,"y":-4.5},{"x":5,"y":-4.5},{"x":6,"y":-4.5},{"x":7,"y":-4.5},{"x":8,"y":-4.5},{"x":4,"y":-3.5},{"x":7,"y":-3.5},{"x":3,"y":-3},{"x":5,"y":-3},{"x":6,"y":-3},{"x":8,"y":-3},{"x":3.5,"y":-2},{"x":7.5,"y":-2},{"x":4.5,"y":-1.5},{"x":5.5,"y":-1.5},{"x":6.5,"y":-1.5}]},{"index":2,"tiles":[{"x":4.5,"y":-8.5},{"x":5.5,"y":-8.5},{"x":6.5,"y":-8.5},{"x":3.5,"y":-8},{"x":7.5,"y":-8},{"x":3,"y":-7},{"x":5,"y":-7},{"x":6,"y":-7},{"x":8,"y":-7},{"x":4,"y":-6.5},{"x":7,"y":-6.5},{"x":3,"y":-5.5},{"x":4,"y":-5.5},{"x":5,"y":-5.5},{"x":6,"y":-5.5},{"x":7,"y":-5.5},{"x":8,"y":-5.5},{"x":3,"y":-4.5},{"x":4,"y":-4.5},{"x":5,"y":-4.5},{"x":6,"y":-4.5},{"x":7,"y":-4.5},{"x":8,"y":-4.5},{"x":4,"y":-3.5},{"x":7,"y":-3.5},{"x":3,"y":-3},{"x":5,"y":-3},{"x":6,"y":-3},{"x":8,"y":-3},{"x":3.5,"y":-2},{"x":7.5,"y":-2},{"x":4.5,"y":-1.5},{"x":5.5,"y":-1.5},{"x":6.5,"y":-1.5}]}],"seeds":["hFk1pZYg6scpXXByHvOFSsURHnc1nvg9YCBCYAdhn3ZxSkB5BgeKQ8KQoFSAXSoGFtoZ2WSNyEKFoDM8YShMkRMq2bFhiyhuYXFEkgAA"]},{"layers":[{"index":0,"tiles":[{"x":2.5,"y":-8.5},{"x":8.5,"y":-8.5},{"x":3.5,"y":-8},{"x":5.5,"y":-8},{"x":7.5,"y":-8},{"x":2.5,"y":-7.5},{"x":8.5,"y":-7.5},{"x":4.5,"y":-7},{"x":6.5,"y":-7},{"x":3,"y":-6.5},{"x":8,"y":-6.5},{"x":3,"y":-5.5},{"x":4,"y":-5.5},{"x":5,"y":-5.5},{"x":6,"y":-5.5},{"x":7,"y":-5.5},{"x":8,"y":-5.5},{"x":2.5,"y":-4.5},{"x":4,"y":-4.5},{"x":5,"y":-4.5},{"x":6,"y":-4.5},{"x":7,"y":-4.5},{"x":8.5,"y":-4.5},{"x":3.5,"y":-3.5},{"x":5,"y":-3.5},{"x":6,"y":-3.5},{"x":7.5,"y":-3.5},{"x":5.5,"y":-2.5},{"x":4,"y":-1.5},{"x":5,"y":-1.5},{"x":6,"y":-1.5},{"x":7,"y":-1.5}]},{"index":1,"tiles":[{"x":2.5,"y":-8.5},{"x":8.5,"y":-8.5},{"x":3.5,"y":-8},{"x":5.5,"y":-8},{"x":7.5,"y":-8},{"x":2.5,"y":-7.5},{"x":8.5,"y":-7.5},{"x":4.5,"y":-7},{"x":6.5,"y":-7},{"x":3,"y":-6.5},{"x":8,"y":-6.5},{"x":3,"y":-5.5},{"x":4,"y":-5.5},{"x":5,"y":-5.5},{"x":6,"y":-5.5},{"x":7,"y":-5.5},{"x":8,"y":-5.5},{"x":2.5,"y":-4.5},{"x":4,"y":-4.5},{"x":5,"y":-4.5},{"x":6,"y":-4.5},{"x":7,"y":-4.5},{"x":8.5,"y":-4.5},{"x":3.5,"y":-3.5},{"x":5,"y":-3.5},{"x":6,"y":-3.5},{"x":7.5,"y":-3.5},{"x":5.5,"y":-2.5},{"x":4,"y":-1.5},{"x":5,"y":-1.5},{"x":6,"y":-1.5},{"x":7,"y":-1.5}]},{"index":2,"tiles":[{"x":2.5,"y":-8.5},{"x":8.5,"y":-8.5},{"x":3.5,"y":-8},{"x":5.5,"y":-8},{"x":7.5,"y":-8},{"x":2.5,"y":-7.5},{"x":8.5,"y":-7.5},{"x":4.5,"y":-7},{"x":6.5,"y":-7},{"x":3,"y":-6.5},{"x":8,"y":-6.5},{"x":3,"y":-5.5},{"x":4,"y":-5.5},{"x":5,"y":-5.5},{"x":6,"y":-5.5},{"x":7,"y":-5.5},{"x":8,"y":-5.5},{"x":2.5,"y":-4.5},{"x":4,"y":-4.5},{"x":5,"y":-4.5},{"x":6,"y":-4.5},{"x":7,"y":-4.5},{"x":8.5,"y":-4.5},{"x":3.5,"y":-3.5},{"x":5,"y":-3.5},{"x":6,"y":-3.5},{"x":7.5,"y":-3.5},{"x":5.5,"y":-2.5},{"x":4,"y":-1.5},{"x":5,"y":-1.5},{"x":6,"y":-1.5},{"x":7,"y":-1.5}]}],"seeds":["YkIMIbQ8GRYgXxcQ4jKCSgU23IF+4Rk6CSNi4BZ2kBcKhuGAhUhND9eFnsllm+aFHkhG1BFqwzddSMN9ZSUJXcFYUQoql6Ra"]},{"layers":[{"index":0,"tiles":[{"x":2.5,"y":-9},{"x":8.5,"y":-9},{"x":4,"y":-8.5},{"x":5,"y":-8.5},{"x":6,"y":-8.5},{"x":7,"y":-8.5},{"x":3,"y":-7.5},{"x":4,"y":-7.5},{"x":5,"y":-7.5},{"x":6,"y":-7.5},{"x":7,"y":-7.5},{"x":8,"y":-7.5},{"x":2.5,"y":-6.5},{"x":4,"y":-6.5},{"x":5,"y":-6.5},{"x":6,"y":-6.5},{"x":7,"y":-6.5},{"x":8.5,"y":-6.5},{"x":4,"y":-5.5},{"x":7,"y":-5.5},{"x":4,"y":-4.5},{"x":7,"y":-4.5},{"x":2.5,"y":-3.5},{"x":4,"y":-3.5},{"x":5,"y":-3.5},{"x":6,"y":-3.5},{"x":7,"y":-3.5},{"x":8.5,"y":-3.5},{"x":3,"y":-2.5},{"x":4,"y":-2.5},{"x":5,"y":-2.5},{"x":6,"y":-2.5},{"x":7,"y":-2.5},{"x":8,"y":-2.5},{"x":4,"y":-1.5},{"x":5,"y":-1.5},{"x":6,"y":-1.5},{"x":7,"y":-1.5},{"x":2.5,"y":-1},{"x":8.5,"y":-1}]},{"index":1,"tiles":[{"x":2.5,"y":-9},{"x":8.5,"y":-9},{"x":4,"y":-8.5},{"x":5,"y":-8.5},{"x":6,"y":-8.5},{"x":7,"y":-8.5},{"x":3,"y":-7.5},{"x":4,"y":-7.5},{"x":5,"y":-7.5},{"x":6,"y":-7.5},{"x":7,"y":-7.5},{"x":8,"y":-7.5},{"x":2.5,"y":-6.5},{"x":4,"y":-6.5},{"x":5,"y":-6.5},{"x":6,"y":-6.5},{"x":7,"y":-6.5},{"x":8.5,"y":-6.5},{"x":4,"y":-5.5},{"x":7,"y":-5.5},{"x":4,"y":-4.5},{"x":7,"y":-4.5},{"x":2.5,"y":-3.5},{"x":4,"y":-3.5},{"x":5,"y":-3.5},{"x":6,"y":-3.5},{"x":7,"y":-3.5},{"x":8.5,"y":-3.5},{"x":3,"y":-2.5},{"x":4,"y":-2.5},{"x":5,"y":-2.5},{"x":6,"y":-2.5},{"x":7,"y":-2.5},{"x":8,"y":-2.5},{"x":4,"y":-1.5},{"x":5,"y":-1.5},{"x":6,"y":-1.5},{"x":7,"y":-1.5},{"x":2.5,"y":-1},{"x":8.5,"y":-1}]},{"index":2,"tiles":[{"x":2.5,"y":-9},{"x":8.5,"y":-9},{"x":4,"y":-8.5},{"x":5,"y":-8.5},{"x":6,"y":-8.5},{"x":7,"y":-8.5},{"x":3,"y":-7.5},{"x":4,"y":-7.5},{"x":5,"y":-7.5},{"x":6,"y":-7.5},{"x":7,"y":-7.5},{"x":8,"y":-7.5},{"x":2.5,"y":-6.5},{"x":4,"y":-6.5},{"x":5,"y":-6.5},{"x":6,"y":-6.5},{"x":7,"y":-6.5},{"x":8.5,"y":-6.5},{"x":4,"y":-5.5},{"x":7,"y":-5.5},{"x":4,"y":-4.5},{"x":7,"y":-4.5},{"x":2.5,"y":-3.5},{"x":4,"y":-3.5},{"x":5,"y":-3.5},{"x":6,"y":-3.5},{"x":7,"y":-3.5},{"x":8.5,"y":-3.5},{"x":3,"y":-2.5},{"x":4,"y":-2.5},{"x":5,"y":-2.5},{"x":6,"y":-2.5},{"x":7,"y":-2.5},{"x":8,"y":-2.5},{"x":4,"y":-1.5},{"x":5,"y":-1.5},{"x":6,"y":-1.5},{"x":7,"y":-1.5},{"x":2.5,"y":-1},{"x":8.5,"y":-1}]}],"seeds":["zSGBXggmkyg44KVdoohVSqOUp8BlYPEEAacuCCFRGxgSW2FOHZKEFGeAohWNlPd8IdR13UKIIuGEzIAKU8gpHSZ8mpKCC1dZXngwWRdNlPd5HPkFgQFCw+KF"]},{"layers":[{"index":0,"tiles":[{"x":3,"y":-8.5},{"x":5,"y":-8.5},{"x":6,"y":-8.5},{"x":8,"y":-8.5},{"x":4,"y":-8},{"x":7,"y":-8},{"x":3,"y":-7.5},{"x":5.5,"y":-7.5},{"x":8,"y":-7.5},{"x":2.5,"y":-6.5},{"x":4,"y":-6.5},{"x":5.5,"y":-6.5},{"x":7,"y":-6.5},{"x":8.5,"y":-6.5},{"x":3,"y":-5.5},{"x":4,"y":-5.5},{"x":5,"y":-5.5},{"x":6,"y":-5.5},{"x":7,"y":-5.5},{"x":8,"y":-5.5},{"x":3,"y":-4.5},{"x":4,"y":-4.5},{"x":5,"y":-4.5},{"x":6,"y":-4.5},{"x":7,"y":-4.5},{"x":8,"y":-4.5},{"x":2.5,"y":-3.5},{"x":4,"y":-3.5},{"x":5.5,"y":-3.5},{"x":7,"y":-3.5},{"x":8.5,"y":-3.5},{"x":3,"y":-2.5},{"x":5.5,"y":-2.5},{"x":8,"y":-2.5},{"x":4,"y":-2},{"x":7,"y":-2},{"x":3,"y":-1.5},{"x":5,"y":-1.5},{"x":6,"y":-1.5},{"x":8,"y":-1.5}]},{"index":1,"tiles":[{"x":3,"y":-8.5},{"x":5,"y":-8.5},{"x":6,"y":-8.5},{"x":8,"y":-8.5},{"x":4,"y":-8},{"x":7,"y":-8},{"x":3,"y":-7.5},{"x":5.5,"y":-7.5},{"x":8,"y":-7.5},{"x":2.5,"y":-6.5},{"x":4,"y":-6.5},{"x":5.5,"y":-6.5},{"x":7,"y":-6.5},{"x":8.5,"y":-6.5},{"x":3,"y":-5.5},{"x":8,"y":-5.5},{"x":4,"y":-5},{"x":5,"y":-5},{"x":6,"y":-5},{"x":7,"y":-5},{"x":3,"y":-4.5},{"x":8,"y":-4.5},{"x":2.5,"y":-3.5},{"x":4,"y":-3.5},{"x":5.5,"y":-3.5},{"x":7,"y":-3.5},{"x":8.5,"y":-3.5},{"x":3,"y":-2.5},{"x":5.5,"y":-2.5},{"x":8,"y":-2.5},{"x":4,"y":-2},{"x":7,"y":-2},{"x":3,"y":-1.5},{"x":5,"y":-1.5},{"x":6,"y":-1.5},{"x":8,"y":-1.5}]},{"index":2,"tiles":[{"x":3,"y":-8.5},{"x":5,"y":-8.5},{"x":6,"y":-8.5},{"x":8,"y":-8.5},{"x":4,"y":-8},{"x":7,"y":-8},{"x":3,"y":-7.5},{"x":5.5,"y":-7.5},{"x":8,"y":-7.5},{"x":2.5,"y":-6.5},{"x":4,"y":-6.5},{"x":5.5,"y":-6.5},{"x":7,"y":-6.5},{"x":8.5,"y":-6.5},{"x":3,"y":-5.5},{"x":8,"y":-5.5},{"x":4,"y":-5},{"x":5,"y":-5},{"x":6,"y":-5},{"x":7,"y":-5},{"x":3,"y":-4.5},{"x":8,"y":-4.5},{"x":2.5,"y":-3.5},{"x":4,"y":-3.5},{"x":5.5,"y":-3.5},{"x":7,"y":-3.5},{"x":8.5,"y":-3.5},{"x":3,"y":-2.5},{"x":5.5,"y":-2.5},{"x":8,"y":-2.5},{"x":4,"y":-2},{"x":7,"y":-2},{"x":3,"y":-1.5},{"x":5,"y":-1.5},{"x":6,"y":-1.5},{"x":8,"y":-1.5}]}],"seeds":["UvhxRBV5U9IZi1BxhGlsYsJhxHZ54eNJorIwKYUQ4RRYHIMiTgWFX0eIx9kQojiKDog1HtlpYKcgoModl9YREQJ1VSgQ2RAM2Wc9AVhQIRh8IFeU"]},{"layers":[{"index":0,"tiles":[{"x":3,"y":-8.5},{"x":8,"y":-8.5},{"x":4,"y":-8},{"x":5,"y":-8},{"x":6,"y":-8},{"x":7,"y":-8},{"x":3,"y":-7},{"x":8,"y":-7},{"x":3,"y":-6},{"x":4.5,"y":-6},{"x":6.5,"y":-6},{"x":8,"y":-6},{"x":3.5,"y":-5},{"x":7.5,"y":-5},{"x":5,"y":-4.5},{"x":6,"y":-4.5},{"x":3.5,"y":-4},{"x":7.5,"y":-4},{"x":3.5,"y":-3},{"x":4.5,"y":-3},{"x":6.5,"y":-3},{"x":7.5,"y":-3},{"x":3,"y":-2},{"x":8,"y":-2},{"x":4,"y":-1.5},{"x":5,"y":-1.5},{"x":6,"y":-1.5},{"x":7,"y":-1.5}]},{"index":1,"tiles":[{"x":3,"y":-8.5},{"x":8,"y":-8.5},{"x":4,"y":-8},{"x":5,"y":-8},{"x":6,"y":-8},{"x":7,"y":-8},{"x":3,"y":-7},{"x":8,"y":-7},{"x":3,"y":-6},{"x":4.5,"y":-6},{"x":6.5,"y":-6},{"x":8,"y":-6},{"x":3.5,"y":-5},{"x":7.5,"y":-5},{"x":5,"y":-4.5},{"x":6,"y":-4.5},{"x":3.5,"y":-4},{"x":7.5,"y":-4},{"x":3.5,"y":-3},{"x":4.5,"y":-3},{"x":6.5,"y":-3},{"x":7.5,"y":-3},{"x":3,"y":-2},{"x":8,"y":-2},{"x":4,"y":-1.5},{"x":5,"y":-1.5},{"x":6,"y":-1.5},{"x":7,"y":-1.5}]},{"index":2,"tiles":[{"x":3,"y":-8.5},{"x":8,"y":-8.5},{"x":4,"y":-8},{"x":5,"y":-8},{"x":6,"y":-8},{"x":7,"y":-8},{"x":3,"y":-7},{"x":8,"y":-7},{"x":3,"y":-6},{"x":4.5,"y":-6},{"x":6.5,"y":-6},{"x":8,"y":-6},{"x":3.5,"y":-5},{"x":7.5,"y":-5},{"x":5,"y":-4.5},{"x":6,"y":-4.5},{"x":3.5,"y":-4},{"x":7.5,"y":-4},{"x":3.5,"y":-3},{"x":4.5,"y":-3},{"x":6.5,"y":-3},{"x":7.5,"y":-3},{"x":3,"y":-2},{"x":8,"y":-2},{"x":4,"y":-1.5},{"x":5,"y":-1.5},{"x":6,"y":-1.5},{"x":7,"y":-1.5}]},{"index":3,"tiles":[{"x":3,"y":-8.5},{"x":8,"y":-8.5},{"x":4,"y":-8},{"x":5,"y":-8},{"x":6,"y":-8},{"x":7,"y":-8},{"x":3,"y":-7},{"x":8,"y":-7},{"x":3,"y":-6},{"x":4.5,"y":-6},{"x":6.5,"y":-6},{"x":8,"y":-6},{"x":3.5,"y":-5},{"x":7.5,"y":-5},{"x":5,"y":-4.5},{"x":6,"y":-4.5},{"x":3.5,"y":-4},{"x":7.5,"y":-4},{"x":3.5,"y":-3},{"x":4.5,"y":-3},{"x":6.5,"y":-3},{"x":7.5,"y":-3},{"x":3,"y":-2},{"x":8,"y":-2},{"x":4,"y":-1.5},{"x":5,"y":-1.5},{"x":6,"y":-1.5},{"x":7,"y":-1.5}]}],"seeds":["l3V6nQKCVdF0QSZyHRUGl2gpild4qsJNWwZCYTAFhLAk4dY9TXggFSgJQ3h8zEcamBNFQxpM3yKNBKVhnAgZIYiKXNB9CsM5E+iJCveIpdkpioYk"]},{"layers":[{"index":0,"tiles":[{"x":3.5,"y":-8.5},{"x":7.5,"y":-8.5},{"x":4.5,"y":-8},{"x":6.5,"y":-8},{"x":3.5,"y":-7.5},{"x":7.5,"y":-7.5},{"x":5,"y":-7},{"x":6,"y":-7},{"x":3,"y":-6.5},{"x":8,"y":-6.5},{"x":4,"y":-6},{"x":5,"y":-6},{"x":6,"y":-6},{"x":7,"y":-6},{"x":2.5,"y":-5.5},{"x":8.5,"y":-5.5},{"x":5,"y":-5},{"x":6,"y":-5},{"x":3,"y":-4.5},{"x":8,"y":-4.5},{"x":4,"y":-4},{"x":5,"y":-4},{"x":6,"y":-4},{"x":7,"y":-4},{"x":2.5,"y":-3.5},{"x":8.5,"y":-3.5},{"x":5,"y":-3},{"x":6,"y":-3},{"x":4,"y":-2.5},{"x":7,"y":-2.5},{"x":3,"y":-2},{"x":8,"y":-2},{"x":4,"y":-1.5},{"x":5,"y":-1.5},{"x":6,"y":-1.5},{"x":7,"y":-1.5}]},{"index":1,"tiles":[{"x":3.5,"y":-8.5},{"x":7.5,"y":-8.5},{"x":4.5,"y":-8},{"x":6.5,"y":-8},{"x":3.5,"y":-7.5},{"x":7.5,"y":-7.5},{"x":5,"y":-7},{"x":6,"y":-7},{"x":3,"y":-6.5},{"x":8,"y":-6.5},{"x":4,"y":-6},{"x":5,"y":-6},{"x":6,"y":-6},{"x":7,"y":-6},{"x":2.5,"y":-5.5},{"x":8.5,"y":-5.5},{"x":5,"y":-5},{"x":6,"y":-5},{"x":3,"y":-4.5},{"x":8,"y":-4.5},{"x":4,"y":-4},{"x":5,"y":-4},{"x":6,"y":-4},{"x":7,"y":-4},{"x":2.5,"y":-3.5},{"x":8.5,"y":-3.5},{"x":5,"y":-3},{"x":6,"y":-3},{"x":4,"y":-2.5},{"x":7,"y":-2.5},{"x":3,"y":-2},{"x":8,"y":-2},{"x":4,"y":-1.5},{"x":5,"y":-1.5},{"x":6,"y":-1.5},{"x":7,"y":-1.5}]},{"index":2,"tiles":[{"x":3.5,"y":-8.5},{"x":7.5,"y":-8.5},{"x":4.5,"y":-8},{"x":6.5,"y":-8},{"x":3.5,"y":-7.5},{"x":7.5,"y":-7.5},{"x":5,"y":-7},{"x":6,"y":-7},{"x":3,"y":-6.5},{"x":8,"y":-6.5},{"x":4,"y":-6},{"x":5,"y":-6},{"x":6,"y":-6},{"x":7,"y":-6},{"x":2.5,"y":-5.5},{"x":8.5,"y":-5.5},{"x":5,"y":-5},{"x":6,"y":-5},{"x":3,"y":-4.5},{"x":8,"y":-4.5},{"x":4,"y":-4},{"x":5,"y":-4},{"x":6,"y":-4},{"x":7,"y":-4},{"x":2.5,"y":-3.5},{"x":8.5,"y":-3.5},{"x":5,"y":-3},{"x":6,"y":-3},{"x":4,"y":-2.5},{"x":7,"y":-2.5},{"x":3,"y":-2},{"x":8,"y":-2},{"x":4,"y":-1.5},{"x":5,"y":-1.5},{"x":6,"y":-1.5},{"x":7,"y":-1.5}]}],"seeds":["k1KEZBdATbgoXaN5aiciBtIdYeSIYFdw5nExxASmigYKn0iJ4JRhwsAQiROW1QdJ1hRc2wIGA2eB4sgl3hM+nxeFonJWH8d13iYFFIcaIIhl"]},{"layers":[{"index":0,"tiles":[{"x":3,"y":-9},{"x":8,"y":-9},{"x":5.5,"y":-8.5},{"x":3,"y":-7.5},{"x":8,"y":-7.5},{"x":4,"y":-6.5},{"x":7,"y":-6.5},{"x":5,"y":-6},{"x":6,"y":-6},{"x":4,"y":-5.5},{"x":7,"y":-5.5},{"x":3.5,"y":-4.5},{"x":5.5,"y":-4.5},{"x":7.5,"y":-4.5},{"x":2.5,"y":-4},{"x":8.5,"y":-4},{"x":4.5,"y":-3.5},{"x":6.5,"y":-3.5},{"x":2.5,"y":-3},{"x":3.5,"y":-3},{"x":7.5,"y":-3},{"x":8.5,"y":-3},{"x":2.5,"y":-2},{"x":5,"y":-2},{"x":6,"y":-2},{"x":8.5,"y":-2},{"x":4,"y":-1.5},{"x":7,"y":-1.5},{"x":3,"y":-1},{"x":8,"y":-1}]},{"index":1,"tiles":[{"x":3,"y":-9},{"x":8,"y":-9},{"x":5.5,"y":-8.5},{"x":3,"y":-7.5},{"x":8,"y":-7.5},{"x":4,"y":-6.5},{"x":7,"y":-6.5},{"x":5,"y":-6},{"x":6,"y":-6},{"x":4,"y":-5.5},{"x":7,"y":-5.5},{"x":3.5,"y":-4.5},{"x":5.5,"y":-4.5},{"x":7.5,"y":-4.5},{"x":2.5,"y":-4},{"x":8.5,"y":-4},{"x":4.5,"y":-3.5},{"x":6.5,"y":-3.5},{"x":2.5,"y":-3},{"x":3.5,"y":-3},{"x":7.5,"y":-3},{"x":8.5,"y":-3},{"x":2.5,"y":-2},{"x":5,"y":-2},{"x":6,"y":-2},{"x":8.5,"y":-2},{"x":4,"y":-1.5},{"x":7,"y":-1.5},{"x":3,"y":-1},{"x":8,"y":-1}]},{"index":2,"tiles":[{"x":3,"y":-9},{"x":8,"y":-9},{"x":5.5,"y":-8.5},{"x":3,"y":-7.5},{"x":8,"y":-7.5},{"x":4,"y":-6.5},{"x":7,"y":-6.5},{"x":5,"y":-6},{"x":6,"y":-6},{"x":4,"y":-5.5},{"x":7,"y":-5.5},{"x":3.5,"y":-4.5},{"x":5.5,"y":-4.5},{"x":7.5,"y":-4.5},{"x":2.5,"y":-4},{"x":8.5,"y":-4},{"x":4.5,"y":-3.5},{"x":6.5,"y":-3.5},{"x":2.5,"y":-3},{"x":3.5,"y":-3},{"x":7.5,"y":-3},{"x":8.5,"y":-3},{"x":2.5,"y":-2},{"x":5,"y":-2},{"x":6,"y":-2},{"x":8.5,"y":-2},{"x":4,"y":-1.5},{"x":7,"y":-1.5},{"x":3,"y":-1},{"x":8,"y":-1}]},{"index":3,"tiles":[{"x":3,"y":-9},{"x":8,"y":-9},{"x":5.5,"y":-8.5},{"x":3,"y":-7.5},{"x":8,"y":-7.5},{"x":4,"y":-6.5},{"x":7,"y":-6.5},{"x":5,"y":-6},{"x":6,"y":-6},{"x":4,"y":-5.5},{"x":7,"y":-5.5},{"x":3.5,"y":-4.5},{"x":5.5,"y":-4.5},{"x":7.5,"y":-4.5},{"x":2.5,"y":-4},{"x":8.5,"y":-4},{"x":4.5,"y":-3.5},{"x":6.5,"y":-3.5},{"x":2.5,"y":-3},{"x":3.5,"y":-3},{"x":7.5,"y":-3},{"x":8.5,"y":-3},{"x":2.5,"y":-2},{"x":5,"y":-2},{"x":6,"y":-2},{"x":8.5,"y":-2},{"x":4,"y":-1.5},{"x":7,"y":-1.5},{"x":3,"y":-1},{"x":8,"y":-1}]}],"seeds":["mcWJDFeIkocSnhdRIkeF4dEVRydF3tl5INQtQaYMnLBxX/GFzSRaiYIEQYdgoOZ4ohc+IzgwS1g9oAhWU7NpnOJxBAReyUQaIHd9AZgW6hSAXfiBiokZQuCU"]},{"layers":[{"index":0,"tiles":[{"x":5,"y":-9},{"x":6,"y":-9},{"x":2,"y":-8.5},{"x":9,"y":-8.5},{"x":4.5,"y":-8},{"x":6.5,"y":-8},{"x":2,"y":-7.5},{"x":3.5,"y":-7.5},{"x":5.5,"y":-7.5},{"x":7.5,"y":-7.5},{"x":9,"y":-7.5},{"x":4.5,"y":-7},{"x":6.5,"y":-7},{"x":2,"y":-6.5},{"x":9,"y":-6.5},{"x":5,"y":-6},{"x":6,"y":-6},{"x":3.5,"y":-5.5},{"x":7.5,"y":-5.5},{"x":3.5,"y":-4.5},{"x":7.5,"y":-4.5},{"x":2,"y":-4},{"x":5,"y":-4},{"x":6,"y":-4},{"x":9,"y":-4},{"x":2,"y":-3},{"x":3.5,"y":-3},{"x":4.5,"y":-3},{"x":6.5,"y":-3},{"x":7.5,"y":-3},{"x":9,"y":-3},{"x":5.5,"y":-2.5},{"x":2,"y":-2},{"x":4.5,"y":-2},{"x":6.5,"y":-2},{"x":9,"y":-2},{"x":3,"y":-1},{"x":5,"y":-1},{"x":6,"y":-1},{"x":8,"y":-1}]},{"index":1,"tiles":[{"x":5,"y":-9},{"x":6,"y":-9},{"x":2,"y":-8.5},{"x":9,"y":-8.5},{"x":4.5,"y":-8},{"x":6.5,"y":-8},{"x":2,"y":-7.5},{"x":3.5,"y":-7.5},{"x":5.5,"y":-7.5},{"x":7.5,"y":-7.5},{"x":9,"y":-7.5},{"x":4.5,"y":-7},{"x":6.5,"y":-7},{"x":2,"y":-6.5},{"x":9,"y":-6.5},{"x":5,"y":-6},{"x":6,"y":-6},{"x":3.5,"y":-5.5},{"x":7.5,"y":-5.5},{"x":3.5,"y":-4.5},{"x":7.5,"y":-4.5},{"x":2,"y":-4},{"x":5,"y":-4},{"x":6,"y":-4},{"x":9,"y":-4},{"x":2,"y":-3},{"x":3.5,"y":-3},{"x":4.5,"y":-3},{"x":6.5,"y":-3},{"x":7.5,"y":-3},{"x":9,"y":-3},{"x":5.5,"y":-2.5},{"x":2,"y":-2},{"x":4.5,"y":-2},{"x":6.5,"y":-2},{"x":9,"y":-2},{"x":3,"y":-1},{"x":5,"y":-1},{"x":6,"y":-1},{"x":8,"y":-1}]},{"index":2,"tiles":[{"x":5,"y":-9},{"x":6,"y":-9},{"x":2,"y":-8.5},{"x":9,"y":-8.5},{"x":4.5,"y":-8},{"x":6.5,"y":-8},{"x":2,"y":-7.5},{"x":3.5,"y":-7.5},{"x":5.5,"y":-7.5},{"x":7.5,"y":-7.5},{"x":9,"y":-7.5},{"x":4.5,"y":-7},{"x":6.5,"y":-7},{"x":2,"y":-6.5},{"x":9,"y":-6.5},{"x":5,"y":-6},{"x":6,"y":-6},{"x":3.5,"y":-5.5},{"x":7.5,"y":-5.5},{"x":3.5,"y":-4.5},{"x":7.5,"y":-4.5},{"x":2,"y":-4},{"x":5,"y":-4},{"x":6,"y":-4},{"x":9,"y":-4},{"x":2,"y":-3},{"x":3.5,"y":-3},{"x":4.5,"y":-3},{"x":6.5,"y":-3},{"x":7.5,"y":-3},{"x":9,"y":-3},{"x":5.5,"y":-2.5},{"x":2,"y":-2},{"x":4.5,"y":-2},{"x":6.5,"y":-2},{"x":9,"y":-2},{"x":3,"y":-1},{"x":5,"y":-1},{"x":6,"y":-1},{"x":8,"y":-1}]}],"seeds":["pvZFHseBm2gQQqJ800KBk2hxHiYt4edQ3BGAmtAdDSee6fMx4haCoIGESolSVQU9iRcq1tA10QgGYHhhYHgxQdYFgzJ00CAJpFiE6pR1CzIVnkd4otCFDrVw"]},{"layers":[{"index":0,"tiles":[{"x":2.5,"y":-8.5},{"x":8.5,"y":-8.5},{"x":3.5,"y":-8},{"x":5,"y":-8},{"x":6,"y":-8},{"x":7.5,"y":-8},{"x":2.5,"y":-7.5},{"x":8.5,"y":-7.5},{"x":4.5,"y":-7},{"x":6.5,"y":-7},{"x":3.5,"y":-6.5},{"x":7.5,"y":-6.5},{"x":5,"y":-6},{"x":6,"y":-6},{"x":3.5,"y":-5.5},{"x":7.5,"y":-5.5},{"x":3.5,"y":-4.5},{"x":7.5,"y":-4.5},{"x":5,"y":-4},{"x":6,"y":-4},{"x":3.5,"y":-3.5},{"x":7.5,"y":-3.5},{"x":4.5,"y":-3},{"x":6.5,"y":-3},{"x":2.5,"y":-2.5},{"x":8.5,"y":-2.5},{"x":3.5,"y":-2},{"x":5,"y":-2},{"x":6,"y":-2},{"x":7.5,"y":-2},{"x":2.5,"y":-1.5},{"x":8.5,"y":-1.5}]},{"index":1,"tiles":[{"x":2.5,"y":-8.5},{"x":8.5,"y":-8.5},{"x":3.5,"y":-8},{"x":5,"y":-8},{"x":6,"y":-8},{"x":7.5,"y":-8},{"x":2.5,"y":-7.5},{"x":8.5,"y":-7.5},{"x":4.5,"y":-7},{"x":6.5,"y":-7},{"x":3.5,"y":-6.5},{"x":7.5,"y":-6.5},{"x":5,"y":-6},{"x":6,"y":-6},{"x":3.5,"y":-5.5},{"x":7.5,"y":-5.5},{"x":3.5,"y":-4.5},{"x":7.5,"y":-4.5},{"x":5,"y":-4},{"x":6,"y":-4},{"x":3.5,"y":-3.5},{"x":7.5,"y":-3.5},{"x":4.5,"y":-3},{"x":6.5,"y":-3},{"x":2.5,"y":-2.5},{"x":8.5,"y":-2.5},{"x":3.5,"y":-2},{"x":5,"y":-2},{"x":6,"y":-2},{"x":7.5,"y":-2},{"x":2.5,"y":-1.5},{"x":8.5,"y":-1.5}]},{"index":2,"tiles":[{"x":2.5,"y":-8.5},{"x":8.5,"y":-8.5},{"x":3.5,"y":-8},{"x":5,"y":-8},{"x":6,"y":-8},{"x":7.5,"y":-8},{"x":2.5,"y":-7.5},{"x":8.5,"y":-7.5},{"x":4.5,"y":-7},{"x":6.5,"y":-7},{"x":3.5,"y":-6.5},{"x":7.5,"y":-6.5},{"x":5,"y":-6},{"x":6,"y":-6},{"x":3.5,"y":-5.5},{"x":7.5,"y":-5.5},{"x":3.5,"y":-4.5},{"x":7.5,"y":-4.5},{"x":5,"y":-4},{"x":6,"y":-4},{"x":3.5,"y":-3.5},{"x":7.5,"y":-3.5},{"x":4.5,"y":-3},{"x":6.5,"y":-3},{"x":2.5,"y":-2.5},{"x":8.5,"y":-2.5},{"x":3.5,"y":-2},{"x":5,"y":-2},{"x":6,"y":-2},{"x":7.5,"y":-2},{"x":2.5,"y":-1.5},{"x":8.5,"y":-1.5}]},{"index":3,"tiles":[{"x":2.5,"y":-8.5},{"x":8.5,"y":-8.5},{"x":3.5,"y":-8},{"x":5,"y":-8},{"x":6,"y":-8},{"x":7.5,"y":-8},{"x":2.5,"y":-7.5},{"x":8.5,"y":-7.5},{"x":4.5,"y":-7},{"x":6.5,"y":-7},{"x":3.5,"y":-6.5},{"x":7.5,"y":-6.5},{"x":5,"y":-6},{"x":6,"y":-6},{"x":3.5,"y":-5.5},{"x":7.5,"y":-5.5},{"x":3.5,"y":-4.5},{"x":7.5,"y":-4.5},{"x":5,"y":-4},{"x":6,"y":-4},{"x":3.5,"y":-3.5},{"x":7.5,"y":-3.5},{"x":4.5,"y":-3},{"x":6.5,"y":-3},{"x":2.5,"y":-2.5},{"x":8.5,"y":-2.5},{"x":3.5,"y":-2},{"x":5,"y":-2},{"x":6,"y":-2},{"x":7.5,"y":-2},{"x":2.5,"y":-1.5},{"x":8.5,"y":-1.5}]}],"seeds":["1JZ4HTWkotdV4HBACoiFYDU2TCiaVddxmtGFIOEdHsdIYfAR3tOcaAkGCiYiSwGSgcUIi0p9EfSFiciBF8ddAShamzeFHzKFlTNFBrh82iAqFDgtjiJIGTMI3Rdmj8AV"]},{"layers":[{"index":0,"tiles":[{"x":4,"y":-9},{"x":5,"y":-9},{"x":6,"y":-9},{"x":7,"y":-9},{"x":3.5,"y":-8},{"x":5,"y":-8},{"x":6,"y":-8},{"x":7.5,"y":-8},{"x":3,"y":-7},{"x":5,"y":-7},{"x":6,"y":-7},{"x":8,"y":-7},{"x":3.5,"y":-6},{"x":4.5,"y":-6},{"x":6.5,"y":-6},{"x":7.5,"y":-6},{"x":2.5,"y":-5.5},{"x":8.5,"y":-5.5},{"x":1.5,"y":-5},{"x":3.5,"y":-5},{"x":7.5,"y":-5},{"x":9.5,"y":-5},{"x":2.5,"y":-4.5},{"x":8.5,"y":-4.5},{"x":3.5,"y":-4},{"x":4.5,"y":-4},{"x":6.5,"y":-4},{"x":7.5,"y":-4},{"x":3,"y":-3},{"x":5,"y":-3},{"x":6,"y":-3},{"x":8,"y":-3},{"x":3.5,"y":-2},{"x":5,"y":-2},{"x":6,"y":-2},{"x":7.5,"y":-2},{"x":4,"y":-1},{"x":5,"y":-1},{"x":6,"y":-1},{"x":7,"y":-1}]},{"index":1,"tiles":[{"x":4,"y":-9},{"x":5,"y":-9},{"x":6,"y":-9},{"x":7,"y":-9},{"x":3.5,"y":-8},{"x":5,"y":-8},{"x":6,"y":-8},{"x":7.5,"y":-8},{"x":3,"y":-7},{"x":5,"y":-7},{"x":6,"y":-7},{"x":8,"y":-7},{"x":3.5,"y":-6},{"x":4.5,"y":-6},{"x":6.5,"y":-6},{"x":7.5,"y":-6},{"x":2.5,"y":-5.5},{"x":8.5,"y":-5.5},{"x":1.5,"y":-5},{"x":3.5,"y":-5},{"x":7.5,"y":-5},{"x":9.5,"y":-5},{"x":2.5,"y":-4.5},{"x":8.5,"y":-4.5},{"x":3.5,"y":-4},{"x":4.5,"y":-4},{"x":6.5,"y":-4},{"x":7.5,"y":-4},{"x":3,"y":-3},{"x":5,"y":-3},{"x":6,"y":-3},{"x":8,"y":-3},{"x":3.5,"y":-2},{"x":5,"y":-2},{"x":6,"y":-2},{"x":7.5,"y":-2},{"x":4,"y":-1},{"x":5,"y":-1},{"x":6,"y":-1},{"x":7,"y":-1}]},{"index":2,"tiles":[{"x":4,"y":-9},{"x":5,"y":-9},{"x":6,"y":-9},{"x":7,"y":-9},{"x":3.5,"y":-8},{"x":5,"y":-8},{"x":6,"y":-8},{"x":7.5,"y":-8},{"x":3,"y":-7},{"x":5,"y":-7},{"x":6,"y":-7},{"x":8,"y":-7},{"x":3.5,"y":-6},{"x":4.5,"y":-6},{"x":6.5,"y":-6},{"x":7.5,"y":-6},{"x":2.5,"y":-5.5},{"x":8.5,"y":-5.5},{"x":1.5,"y":-5},{"x":3.5,"y":-5},{"x":7.5,"y":-5},{"x":9.5,"y":-5},{"x":2.5,"y":-4.5},{"x":8.5,"y":-4.5},{"x":3.5,"y":-4},{"x":4.5,"y":-4},{"x":6.5,"y":-4},{"x":7.5,"y":-4},{"x":3,"y":-3},{"x":5,"y":-3},{"x":6,"y":-3},{"x":8,"y":-3},{"x":3.5,"y":-2},{"x":5,"y":-2},{"x":6,"y":-2},{"x":7.5,"y":-2},{"x":4,"y":-1},{"x":5,"y":-1},{"x":6,"y":-1},{"x":7,"y":-1}]}],"seeds":["hSp6waSEHId6INZxHhZKwViSZtKB1CIERBpkYlMci/d5hiYuyBRS0AB+3qcgkvNtG7V4lSAKjQhSg9NNx5OAkNKFoMZxoMVcYnhWkdAZXuc9RHSFU2aBCsN5"]},{"layers":[{"index":0,"tiles":[{"x":3.5,"y":-9},{"x":7.5,"y":-9},{"x":2.5,"y":-8.5},{"x":4.5,"y":-8.5},{"x":6.5,"y":-8.5},{"x":8.5,"y":-8.5},{"x":2.5,"y":-7.5},{"x":3.5,"y":-7.5},{"x":5,"y":-7.5},{"x":6,"y":-7.5},{"x":7.5,"y":-7.5},{"x":8.5,"y":-7.5},{"x":2.5,"y":-6.5},{"x":4,"y":-6.5},{"x":7,"y":-6.5},{"x":8.5,"y":-6.5},{"x":5.5,"y":-6},{"x":3,"y":-5.5},{"x":4,"y":-5.5},{"x":7,"y":-5.5},{"x":8,"y":-5.5},{"x":5,"y":-5},{"x":6,"y":-5},{"x":3,"y":-4.5},{"x":4,"y":-4.5},{"x":7,"y":-4.5},{"x":8,"y":-4.5},{"x":5.5,"y":-4},{"x":2.5,"y":-3.5},{"x":4,"y":-3.5},{"x":7,"y":-3.5},{"x":8.5,"y":-3.5},{"x":2.5,"y":-2.5},{"x":3.5,"y":-2.5},{"x":5,"y":-2.5},{"x":6,"y":-2.5},{"x":7.5,"y":-2.5},{"x":8.5,"y":-2.5},{"x":2.5,"y":-1.5},{"x":4.5,"y":-1.5},{"x":6.5,"y":-1.5},{"x":8.5,"y":-1.5},{"x":3.5,"y":-1},{"x":7.5,"y":-1}]},{"index":1,"tiles":[{"x":3.5,"y":-9},{"x":7.5,"y":-9},{"x":2.5,"y":-8.5},{"x":4.5,"y":-8.5},{"x":6.5,"y":-8.5},{"x":8.5,"y":-8.5},{"x":2.5,"y":-7.5},{"x":3.5,"y":-7.5},{"x":5,"y":-7.5},{"x":6,"y":-7.5},{"x":7.5,"y":-7.5},{"x":8.5,"y":-7.5},{"x":2.5,"y":-6.5},{"x":4,"y":-6.5},{"x":7,"y":-6.5},{"x":8.5,"y":-6.5},{"x":5.5,"y":-6},{"x":3,"y":-5.5},{"x":4,"y":-5.5},{"x":7,"y":-5.5},{"x":8,"y":-5.5},{"x":5,"y":-5},{"x":6,"y":-5},{"x":3,"y":-4.5},{"x":4,"y":-4.5},{"x":7,"y":-4.5},{"x":8,"y":-4.5},{"x":5.5,"y":-4},{"x":2.5,"y":-3.5},{"x":4,"y":-3.5},{"x":7,"y":-3.5},{"x":8.5,"y":-3.5},{"x":2.5,"y":-2.5},{"x":3.5,"y":-2.5},{"x":5,"y":-2.5},{"x":6,"y":-2.5},{"x":7.5,"y":-2.5},{"x":8.5,"y":-2.5},{"x":2.5,"y":-1.5},{"x":4.5,"y":-1.5},{"x":6.5,"y":-1.5},{"x":8.5,"y":-1.5},{"x":3.5,"y":-1},{"x":7.5,"y":-1}]},{"index":2,"tiles":[{"x":3.5,"y":-9},{"x":7.5,"y":-9},{"x":2.5,"y":-8.5},{"x":4.5,"y":-8.5},{"x":6.5,"y":-8.5},{"x":8.5,"y":-8.5},{"x":2.5,"y":-7.5},{"x":3.5,"y":-7.5},{"x":5,"y":-7.5},{"x":6,"y":-7.5},{"x":7.5,"y":-7.5},{"x":8.5,"y":-7.5},{"x":2.5,"y":-6.5},{"x":4,"y":-6.5},{"x":7,"y":-6.5},{"x":8.5,"y":-6.5},{"x":5.5,"y":-6},{"x":3,"y":-5.5},{"x":4,"y":-5.5},{"x":7,"y":-5.5},{"x":8,"y":-5.5},{"x":5,"y":-5},{"x":6,"y":-5},{"x":3,"y":-4.5},{"x":4,"y":-4.5},{"x":7,"y":-4.5},{"x":8,"y":-4.5},{"x":5.5,"y":-4},{"x":2.5,"y":-3.5},{"x":4,"y":-3.5},{"x":7,"y":-3.5},{"x":8.5,"y":-3.5},{"x":2.5,"y":-2.5},{"x":3.5,"y":-2.5},{"x":5,"y":-2.5},{"x":6,"y":-2.5},{"x":7.5,"y":-2.5},{"x":8.5,"y":-2.5},{"x":2.5,"y":-1.5},{"x":4.5,"y":-1.5},{"x":6.5,"y":-1.5},{"x":8.5,"y":-1.5},{"x":3.5,"y":-1},{"x":7.5,"y":-1}]}],"seeds":["AriAooWJxiWgyNN5nphBGhhQVJOlQYFFFdFxJRMYYeiA3iGFHnRw0RdJxpJwwqQcFiIqGtg9XxiCg+mERZdAHcZVZxdxX6N2yjSJ3EN0gRM6mxFO4fMp5HCF44FBgsgEYLCB"]},{"layers":[{"index":0,"tiles":[{"x":3.5,"y":-9},{"x":7.5,"y":-9},{"x":2,"y":-8.5},{"x":9,"y":-8.5},{"x":3.5,"y":-8},{"x":4.5,"y":-8},{"x":6.5,"y":-8},{"x":7.5,"y":-8},{"x":2.5,"y":-7.5},{"x":8.5,"y":-7.5},{"x":4.5,"y":-7},{"x":6.5,"y":-7},{"x":2,"y":-6.5},{"x":3,"y":-6.5},{"x":8,"y":-6.5},{"x":9,"y":-6.5},{"x":4,"y":-6},{"x":7,"y":-6},{"x":3,"y":-5.5},{"x":8,"y":-5.5},{"x":5,"y":-5},{"x":6,"y":-5},{"x":3,"y":-4.5},{"x":8,"y":-4.5},{"x":2,"y":-4},{"x":4,"y":-4},{"x":7,"y":-4},{"x":9,"y":-4},{"x":5,"y":-3.5},{"x":6,"y":-3.5},{"x":2,"y":-3},{"x":3.5,"y":-3},{"x":7.5,"y":-3},{"x":9,"y":-3},{"x":4.5,"y":-2.5},{"x":6.5,"y":-2.5},{"x":3,"y":-2},{"x":8,"y":-2},{"x":5,"y":-1.5},{"x":6,"y":-1.5},{"x":2.5,"y":-1},{"x":8.5,"y":-1}]},{"index":1,"tiles":[{"x":3.5,"y":-9},{"x":7.5,"y":-9},{"x":2,"y":-8.5},{"x":9,"y":-8.5},{"x":3.5,"y":-8},{"x":4.5,"y":-8},{"x":6.5,"y":-8},{"x":7.5,"y":-8},{"x":2.5,"y":-7.5},{"x":8.5,"y":-7.5},{"x":4.5,"y":-7},{"x":6.5,"y":-7},{"x":2,"y":-6.5},{"x":3,"y":-6.5},{"x":8,"y":-6.5},{"x":9,"y":-6.5},{"x":4,"y":-6},{"x":7,"y":-6},{"x":3,"y":-5.5},{"x":8,"y":-5.5},{"x":5,"y":-5},{"x":6,"y":-5},{"x":3,"y":-4.5},{"x":8,"y":-4.5},{"x":2,"y":-4},{"x":4,"y":-4},{"x":7,"y":-4},{"x":9,"y":-4},{"x":5,"y":-3.5},{"x":6,"y":-3.5},{"x":2,"y":-3},{"x":3.5,"y":-3},{"x":7.5,"y":-3},{"x":9,"y":-3},{"x":4.5,"y":-2.5},{"x":6.5,"y":-2.5},{"x":3,"y":-2},{"x":8,"y":-2},{"x":5,"y":-1.5},{"x":6,"y":-1.5},{"x":2.5,"y":-1},{"x":8.5,"y":-1}]},{"index":2,"tiles":[{"x":3.5,"y":-9},{"x":7.5,"y":-9},{"x":2,"y":-8.5},{"x":9,"y":-8.5},{"x":3.5,"y":-8},{"x":4.5,"y":-8},{"x":6.5,"y":-8},{"x":7.5,"y":-8},{"x":2.5,"y":-7.5},{"x":8.5,"y":-7.5},{"x":4.5,"y":-7},{"x":6.5,"y":-7},{"x":2,"y":-6.5},{"x":3,"y":-6.5},{"x":8,"y":-6.5},{"x":9,"y":-6.5},{"x":4,"y":-6},{"x":7,"y":-6},{"x":3,"y":-5.5},{"x":8,"y":-5.5},{"x":5,"y":-5},{"x":6,"y":-5},{"x":3,"y":-4.5},{"x":8,"y":-4.5},{"x":2,"y":-4},{"x":4,"y":-4},{"x":7,"y":-4},{"x":9,"y":-4},{"x":5,"y":-3.5},{"x":6,"y":-3.5},{"x":2,"y":-3},{"x":3.5,"y":-3},{"x":7.5,"y":-3},{"x":9,"y":-3},{"x":4.5,"y":-2.5},{"x":6.5,"y":-2.5},{"x":3,"y":-2},{"x":8,"y":-2},{"x":5,"y":-1.5},{"x":6,"y":-1.5},{"x":2.5,"y":-1},{"x":8.5,"y":-1}]}],"seeds":["oXIJgYeFF/g5YqdVFRRaY/iIn3IsnbEkHgMmnKdR1Yd0CJN95RRyZFhEBSWIUBeAHheCHKVOoDgJlPWJHWE8YvBhAyFE3bZ5jTQsnMOEINccCigtYMV4aXCak5KhwwAA"]},{"layers":[{"index":0,"tiles":[{"x":4,"y":-9},{"x":5,"y":-9},{"x":6,"y":-9},{"x":7,"y":-9},{"x":3,"y":-8},{"x":8,"y":-8},{"x":4,"y":-7.5},{"x":5,"y":-7.5},{"x":6,"y":-7.5},{"x":7,"y":-7.5},{"x":3,"y":-7},{"x":8,"y":-7},{"x":4,"y":-6.5},{"x":5,"y":-6.5},{"x":6,"y":-6.5},{"x":7,"y":-6.5},{"x":5,"y":-5.5},{"x":6,"y":-5.5},{"x":3,"y":-5},{"x":8,"y":-5},{"x":4.5,"y":-4.5},{"x":6.5,"y":-4.5},{"x":2,"y":-4},{"x":9,"y":-4},{"x":4,"y":-3.5},{"x":7,"y":-3.5},{"x":2,"y":-3},{"x":5,"y":-3},{"x":6,"y":-3},{"x":9,"y":-3},{"x":3,"y":-2.5},{"x":8,"y":-2.5},{"x":5,"y":-2},{"x":6,"y":-2},{"x":4,"y":-1.5},{"x":7,"y":-1.5},{"x":5,"y":-1},{"x":6,"y":-1}]},{"index":1,"tiles":[{"x":4,"y":-9},{"x":5,"y":-9},{"x":6,"y":-9},{"x":7,"y":-9},{"x":3,"y":-8},{"x":8,"y":-8},{"x":4,"y":-7.5},{"x":5,"y":-7.5},{"x":6,"y":-7.5},{"x":7,"y":-7.5},{"x":3,"y":-7},{"x":8,"y":-7},{"x":4,"y":-6.5},{"x":5,"y":-6.5},{"x":6,"y":-6.5},{"x":7,"y":-6.5},{"x":5,"y":-5.5},{"x":6,"y":-5.5},{"x":3,"y":-5},{"x":8,"y":-5},{"x":4.5,"y":-4.5},{"x":6.5,"y":-4.5},{"x":2,"y":-4},{"x":9,"y":-4},{"x":4,"y":-3.5},{"x":7,"y":-3.5},{"x":2,"y":-3},{"x":5,"y":-3},{"x":6,"y":-3},{"x":9,"y":-3},{"x":3,"y":-2.5},{"x":8,"y":-2.5},{"x":5,"y":-2},{"x":6,"y":-2},{"x":4,"y":-1.5},{"x":7,"y":-1.5},{"x":5,"y":-1},{"x":6,"y":-1}]},{"index":2,"tiles":[{"x":4,"y":-9},{"x":5,"y":-9},{"x":6,"y":-9},{"x":7,"y":-9},{"x":3,"y":-8},{"x":8,"y":-8},{"x":4,"y":-7.5},{"x":5,"y":-7.5},{"x":6,"y":-7.5},{"x":7,"y":-7.5},{"x":3,"y":-7},{"x":8,"y":-7},{"x":4,"y":-6.5},{"x":5,"y":-6.5},{"x":6,"y":-6.5},{"x":7,"y":-6.5},{"x":5,"y":-5.5},{"x":6,"y":-5.5},{"x":3,"y":-5},{"x":8,"y":-5},{"x":4.5,"y":-4.5},{"x":6.5,"y":-4.5},{"x":2,"y":-4},{"x":9,"y":-4},{"x":4,"y":-3.5},{"x":7,"y":-3.5},{"x":2,"y":-3},{"x":5,"y":-3},{"x":6,"y":-3},{"x":9,"y":-3},{"x":3,"y":-2.5},{"x":8,"y":-2.5},{"x":5,"y":-2},{"x":6,"y":-2},{"x":4,"y":-1.5},{"x":7,"y":-1.5},{"x":5,"y":-1},{"x":6,"y":-1}]}],"seeds":["y6RwESh2RpgJl3AVhCR1CGhyWOI8nQE2G9WJoOhlggd2Hhik1aQE3AF23MKJ5ReEHPQpE/aJEMMgyhNWYbgE4udQWkSFFmGp6EKBJ+k12iAcybSNxQAA"]},{"layers":[{"index":0,"tiles":[{"x":3,"y":-9},{"x":8,"y":-9},{"x":5,"y":-8.5},{"x":6,"y":-8.5},{"x":2.5,"y":-8},{"x":4,"y":-8},{"x":7,"y":-8},{"x":8.5,"y":-8},{"x":3,"y":-7},{"x":8,"y":-7},{"x":5,"y":-6.5},{"x":6,"y":-6.5},{"x":4,"y":-6},{"x":7,"y":-6},{"x":3,"y":-5.5},{"x":5,"y":-5.5},{"x":6,"y":-5.5},{"x":8,"y":-5.5},{"x":3,"y":-4.5},{"x":5,"y":-4.5},{"x":6,"y":-4.5},{"x":8,"y":-4.5},{"x":4,"y":-4},{"x":7,"y":-4},{"x":5,"y":-3.5},{"x":6,"y":-3.5},{"x":3,"y":-3},{"x":8,"y":-3},{"x":2.5,"y":-2},{"x":4,"y":-2},{"x":7,"y":-2},{"x":8.5,"y":-2},{"x":3,"y":-1},{"x":8,"y":-1}]},{"index":1,"tiles":[{"x":3,"y":-9},{"x":8,"y":-9},{"x":5,"y":-8.5},{"x":6,"y":-8.5},{"x":2.5,"y":-8},{"x":4,"y":-8},{"x":7,"y":-8},{"x":8.5,"y":-8},{"x":3,"y":-7},{"x":8,"y":-7},{"x":5,"y":-6.5},{"x":6,"y":-6.5},{"x":4,"y":-6},{"x":7,"y":-6},{"x":3,"y":-5.5},{"x":5,"y":-5.5},{"x":6,"y":-5.5},{"x":8,"y":-5.5},{"x":3,"y":-4.5},{"x":5,"y":-4.5},{"x":6,"y":-4.5},{"x":8,"y":-4.5},{"x":4,"y":-4},{"x":7,"y":-4},{"x":5,"y":-3.5},{"x":6,"y":-3.5},{"x":3,"y":-3},{"x":8,"y":-3},{"x":2.5,"y":-2},{"x":4,"y":-2},{"x":7,"y":-2},{"x":8.5,"y":-2},{"x":3,"y":-1},{"x":8,"y":-1}]},{"index":2,"tiles":[{"x":3,"y":-9},{"x":8,"y":-9},{"x":5,"y":-8.5},{"x":6,"y":-8.5},{"x":2.5,"y":-8},{"x":4,"y":-8},{"x":7,"y":-8},{"x":8.5,"y":-8},{"x":3,"y":-7},{"x":8,"y":-7},{"x":5,"y":-6.5},{"x":6,"y":-6.5},{"x":4,"y":-6},{"x":7,"y":-6},{"x":3,"y":-5.5},{"x":5,"y":-5.5},{"x":6,"y":-5.5},{"x":8,"y":-5.5},{"x":3,"y":-4.5},{"x":5,"y":-4.5},{"x":6,"y":-4.5},{"x":8,"y":-4.5},{"x":4,"y":-4},{"x":7,"y":-4},{"x":5,"y":-3.5},{"x":6,"y":-3.5},{"x":3,"y":-3},{"x":8,"y":-3},{"x":2.5,"y":-2},{"x":4,"y":-2},{"x":7,"y":-2},{"x":8.5,"y":-2},{"x":3,"y":-1},{"x":8,"y":-1}]},{"index":3,"tiles":[{"x":5,"y":-6.5},{"x":6,"y":-6.5},{"x":4,"y":-6},{"x":7,"y":-6},{"x":3,"y":-5.5},{"x":5,"y":-5.5},{"x":6,"y":-5.5},{"x":8,"y":-5.5},{"x":3,"y":-4.5},{"x":5,"y":-4.5},{"x":6,"y":-4.5},{"x":8,"y":-4.5},{"x":4,"y":-4},{"x":7,"y":-4},{"x":5,"y":-3.5},{"x":6,"y":-3.5},{"x":3,"y":-3},{"x":8,"y":-3},{"x":2.5,"y":-2},{"x":4,"y":-2},{"x":7,"y":-2},{"x":8.5,"y":-2},{"x":3,"y":-1},{"x":8,"y":-1}]}],"seeds":["VchpIHaFwxMJ0yCAmUY8YSUOwdVtQeUEB2gp4Tl41OF4IPghYtNBqpghISdOl7FFocA1oGh6INMVyyJ5GMQIHrV0KCd2HUUqlaGEU/iBxMdwIyN5JWd9yZQslBIUVwoA"]},{"layers":[{"index":0,"tiles":[{"x":3,"y":-9},{"x":4,"y":-9},{"x":5,"y":-9},{"x":6,"y":-9},{"x":7,"y":-9},{"x":8,"y":-9},{"x":2,"y":-8.5},{"x":9,"y":-8.5},{"x":3.5,"y":-8},{"x":7.5,"y":-8},{"x":5,"y":-7.5},{"x":6,"y":-7.5},{"x":2.5,"y":-7},{"x":8.5,"y":-7},{"x":3.5,"y":-6.5},{"x":4.5,"y":-6.5},{"x":6.5,"y":-6.5},{"x":7.5,"y":-6.5},{"x":4,"y":-5.5},{"x":5,"y":-5.5},{"x":6,"y":-5.5},{"x":7,"y":-5.5},{"x":3,"y":-5},{"x":8,"y":-5},{"x":4,"y":-4.5},{"x":5,"y":-4.5},{"x":6,"y":-4.5},{"x":7,"y":-4.5},{"x":3.5,"y":-3.5},{"x":4.5,"y":-3.5},{"x":6.5,"y":-3.5},{"x":7.5,"y":-3.5},{"x":2.5,"y":-3},{"x":8.5,"y":-3},{"x":5,"y":-2.5},{"x":6,"y":-2.5},{"x":3.5,"y":-2},{"x":7.5,"y":-2},{"x":2,"y":-1.5},{"x":9,"y":-1.5},{"x":3,"y":-1},{"x":4,"y":-1},{"x":5,"y":-1},{"x":6,"y":-1},{"x":7,"y":-1},{"x":8,"y":-1}]},{"index":1,"tiles":[{"x":3,"y":-9},{"x":4,"y":-9},{"x":5,"y":-9},{"x":6,"y":-9},{"x":7,"y":-9},{"x":8,"y":-9},{"x":2,"y":-8.5},{"x":9,"y":-8.5},{"x":3.5,"y":-8},{"x":7.5,"y":-8},{"x":5,"y":-7.5},{"x":6,"y":-7.5},{"x":2.5,"y":-7},{"x":8.5,"y":-7},{"x":3.5,"y":-6.5},{"x":4.5,"y":-6.5},{"x":6.5,"y":-6.5},{"x":7.5,"y":-6.5},{"x":4,"y":-5.5},{"x":5,"y":-5.5},{"x":6,"y":-5.5},{"x":7,"y":-5.5},{"x":3,"y":-5},{"x":8,"y":-5},{"x":4,"y":-4.5},{"x":5,"y":-4.5},{"x":6,"y":-4.5},{"x":7,"y":-4.5},{"x":3.5,"y":-3.5},{"x":4.5,"y":-3.5},{"x":6.5,"y":-3.5},{"x":7.5,"y":-3.5},{"x":2.5,"y":-3},{"x":8.5,"y":-3},{"x":5,"y":-2.5},{"x":6,"y":-2.5},{"x":3.5,"y":-2},{"x":7.5,"y":-2},{"x":2,"y":-1.5},{"x":9,"y":-1.5},{"x":3,"y":-1},{"x":4,"y":-1},{"x":5,"y":-1},{"x":6,"y":-1},{"x":7,"y":-1},{"x":8,"y":-1}]},{"index":2,"tiles":[{"x":3,"y":-9},{"x":4,"y":-9},{"x":5,"y":-9},{"x":6,"y":-9},{"x":7,"y":-9},{"x":8,"y":-9},{"x":2,"y":-8.5},{"x":9,"y":-8.5},{"x":3.5,"y":-8},{"x":7.5,"y":-8},{"x":5,"y":-7.5},{"x":6,"y":-7.5},{"x":2.5,"y":-7},{"x":8.5,"y":-7},{"x":3.5,"y":-6.5},{"x":4.5,"y":-6.5},{"x":6.5,"y":-6.5},{"x":7.5,"y":-6.5},{"x":4,"y":-5.5},{"x":5,"y":-5.5},{"x":6,"y":-5.5},{"x":7,"y":-5.5},{"x":3,"y":-5},{"x":8,"y":-5},{"x":4,"y":-4.5},{"x":5,"y":-4.5},{"x":6,"y":-4.5},{"x":7,"y":-4.5},{"x":3.5,"y":-3.5},{"x":4.5,"y":-3.5},{"x":6.5,"y":-3.5},{"x":7.5,"y":-3.5},{"x":2.5,"y":-3},{"x":8.5,"y":-3},{"x":5,"y":-2.5},{"x":6,"y":-2.5},{"x":3.5,"y":-2},{"x":7.5,"y":-2},{"x":2,"y":-1.5},{"x":9,"y":-1.5},{"x":3,"y":-1},{"x":4,"y":-1},{"x":5,"y":-1},{"x":6,"y":-1},{"x":7,"y":-1},{"x":8,"y":-1}]}],"seeds":["4ieeC3lM0DNJn/odmUdonkJ5BLdwoih6BKZkg4EIYAhWwxB9H9ctHAdiX1QFoJEWIdigDCiBnmMpzAJVCeN4Uxd0DdI8ljmWhFCFARhylGINCdMEHSVymxhO4QaGnXWBAiVolxhyRQcA"]},{"layers":[{"index":0,"tiles":[{"x":2,"y":-9},{"x":3,"y":-9},{"x":4,"y":-9},{"x":5,"y":-9},{"x":6,"y":-9},{"x":7,"y":-9},{"x":8,"y":-9},{"x":9,"y":-9},{"x":2,"y":-8},{"x":3,"y":-8},{"x":4,"y":-8},{"x":5,"y":-8},{"x":6,"y":-8},{"x":7,"y":-8},{"x":8,"y":-8},{"x":9,"y":-8},{"x":2,"y":-7},{"x":3,"y":-7},{"x":4.5,"y":-7},{"x":6.5,"y":-7},{"x":8,"y":-7},{"x":9,"y":-7},{"x":2,"y":-6},{"x":3,"y":-6},{"x":4,"y":-6},{"x":5,"y":-6},{"x":6,"y":-6},{"x":7,"y":-6},{"x":8,"y":-6},{"x":9,"y":-6},{"x":2,"y":-5},{"x":3,"y":-5},{"x":5,"y":-5},{"x":6,"y":-5},{"x":8,"y":-5},{"x":9,"y":-5},{"x":4,"y":-4.5},{"x":7,"y":-4.5},{"x":5,"y":-4},{"x":6,"y":-4},{"x":2.5,"y":-3.5},{"x":4,"y":-3.5},{"x":7,"y":-3.5},{"x":8.5,"y":-3.5},{"x":5,"y":-3},{"x":6,"y":-3},{"x":2,"y":-2.5},{"x":3,"y":-2.5},{"x":4,"y":-2.5},{"x":7,"y":-2.5},{"x":8,"y":-2.5},{"x":9,"y":-2.5},{"x":5,"y":-2},{"x":6,"y":-2},{"x":2,"y":-1.5},{"x":3.5,"y":-1.5},{"x":7.5,"y":-1.5},{"x":9,"y":-1.5},{"x":5,"y":-1},{"x":6,"y":-1}]},{"index":1,"tiles":[{"x":2,"y":-9},{"x":3,"y":-9},{"x":4,"y":-9},{"x":5,"y":-9},{"x":6,"y":-9},{"x":7,"y":-9},{"x":8,"y":-9},{"x":9,"y":-9},{"x":2,"y":-8},{"x":3,"y":-8},{"x":4,"y":-8},{"x":5,"y":-8},{"x":6,"y":-8},{"x":7,"y":-8},{"x":8,"y":-8},{"x":9,"y":-8},{"x":2,"y":-7},{"x":3,"y":-7},{"x":4.5,"y":-7},{"x":6.5,"y":-7},{"x":8,"y":-7},{"x":9,"y":-7},{"x":2,"y":-6},{"x":3,"y":-6},{"x":4,"y":-6},{"x":5,"y":-6},{"x":6,"y":-6},{"x":7,"y":-6},{"x":8,"y":-6},{"x":9,"y":-6},{"x":2,"y":-5},{"x":3,"y":-5},{"x":5,"y":-5},{"x":6,"y":-5},{"x":8,"y":-5},{"x":9,"y":-5},{"x":4,"y":-4.5},{"x":7,"y":-4.5},{"x":5,"y":-4},{"x":6,"y":-4},{"x":2.5,"y":-3.5},{"x":4,"y":-3.5},{"x":7,"y":-3.5},{"x":8.5,"y":-3.5},{"x":5,"y":-3},{"x":6,"y":-3},{"x":2,"y":-2.5},{"x":3,"y":-2.5},{"x":4,"y":-2.5},{"x":7,"y":-2.5},{"x":8,"y":-2.5},{"x":9,"y":-2.5},{"x":5,"y":-2},{"x":6,"y":-2},{"x":2,"y":-1.5},{"x":3.5,"y":-1.5},{"x":7.5,"y":-1.5},{"x":9,"y":-1.5},{"x":5,"y":-1},{"x":6,"y":-1}]}],"seeds":["mhBNYjMIHZdBXwhSoMGRBTgqyjOIlGY90KWUBRYMgZphjLQsXrdwRHR4DTGB4PF1QeiFi0glgxiCHBN6YcBJwoSk23ZZnlGJXCKcjid+XUh1zheiXYUooAlO"]},{"layers":[{"index":0,"tiles":[{"x":4,"y":-9},{"x":7,"y":-9},{"x":5,"y":-8.5},{"x":6,"y":-8.5},{"x":4,"y":-7.5},{"x":7,"y":-7.5},{"x":2,"y":-7},{"x":3,"y":-7},{"x":8,"y":-7},{"x":9,"y":-7},{"x":4.5,"y":-6.5},{"x":6.5,"y":-6.5},{"x":2,"y":-6},{"x":3.5,"y":-6},{"x":7.5,"y":-6},{"x":9,"y":-6},{"x":4.5,"y":-5.5},{"x":6.5,"y":-5.5},{"x":2,"y":-5},{"x":9,"y":-5},{"x":3.5,"y":-4.5},{"x":7.5,"y":-4.5},{"x":4.5,"y":-4},{"x":6.5,"y":-4},{"x":2.5,"y":-3.5},{"x":8.5,"y":-3.5},{"x":4,"y":-3},{"x":5,"y":-3},{"x":6,"y":-3},{"x":7,"y":-3},{"x":2.5,"y":-2},{"x":4,"y":-2},{"x":7,"y":-2},{"x":8.5,"y":-2},{"x":5,"y":-1.5},{"x":6,"y":-1.5},{"x":2.5,"y":-1},{"x":3.5,"y":-1},{"x":7.5,"y":-1},{"x":8.5,"y":-1}]},{"index":1,"tiles":[{"x":4,"y":-9},{"x":7,"y":-9},{"x":5,"y":-8.5},{"x":6,"y":-8.5},{"x":4,"y":-7.5},{"x":7,"y":-7.5},{"x":2,"y":-7},{"x":3,"y":-7},{"x":8,"y":-7},{"x":9,"y":-7},{"x":4.5,"y":-6.5},{"x":6.5,"y":-6.5},{"x":2,"y":-6},{"x":3.5,"y":-6},{"x":7.5,"y":-6},{"x":9,"y":-6},{"x":4.5,"y":-5.5},{"x":6.5,"y":-5.5},{"x":2,"y":-5},{"x":9,"y":-5},{"x":3.5,"y":-4.5},{"x":7.5,"y":-4.5},{"x":4.5,"y":-4},{"x":6.5,"y":-4},{"x":2.5,"y":-3.5},{"x":8.5,"y":-3.5},{"x":4,"y":-3},{"x":5,"y":-3},{"x":6,"y":-3},{"x":7,"y":-3},{"x":2.5,"y":-2},{"x":4,"y":-2},{"x":7,"y":-2},{"x":8.5,"y":-2},{"x":5,"y":-1.5},{"x":6,"y":-1.5},{"x":2.5,"y":-1},{"x":3.5,"y":-1},{"x":7.5,"y":-1},{"x":8.5,"y":-1}]},{"index":2,"tiles":[{"x":4,"y":-9},{"x":7,"y":-9},{"x":5,"y":-8.5},{"x":6,"y":-8.5},{"x":4,"y":-7.5},{"x":7,"y":-7.5},{"x":2,"y":-7},{"x":3,"y":-7},{"x":8,"y":-7},{"x":9,"y":-7},{"x":4.5,"y":-6.5},{"x":6.5,"y":-6.5},{"x":2,"y":-6},{"x":3.5,"y":-6},{"x":7.5,"y":-6},{"x":9,"y":-6},{"x":4.5,"y":-5.5},{"x":6.5,"y":-5.5},{"x":2,"y":-5},{"x":9,"y":-5},{"x":3.5,"y":-4.5},{"x":7.5,"y":-4.5},{"x":4.5,"y":-4},{"x":6.5,"y":-4},{"x":2.5,"y":-3.5},{"x":8.5,"y":-3.5},{"x":4,"y":-3},{"x":5,"y":-3},{"x":6,"y":-3},{"x":7,"y":-3},{"x":2.5,"y":-2},{"x":4,"y":-2},{"x":7,"y":-2},{"x":8.5,"y":-2},{"x":5,"y":-1.5},{"x":6,"y":-1.5},{"x":2.5,"y":-1},{"x":3.5,"y":-1},{"x":7.5,"y":-1},{"x":8.5,"y":-1}]}],"seeds":["YeAoDbd1nrhkjHl1oZQRpWhB4qGBXjBxQ2QMTgeNoKA4Wzh5nAAW1vJNHCZ2V5eCYBQeBvZxqER4JFMEGhcG4SOCVNglZ1UoVQgqicp94scpD4goU4GIotNQ"]},{"layers":[{"index":0,"tiles":[{"x":2,"y":-9},{"x":3,"y":-9},{"x":8,"y":-9},{"x":9,"y":-9},{"x":4,"y":-8.5},{"x":5,"y":-8.5},{"x":6,"y":-8.5},{"x":7,"y":-8.5},{"x":2,"y":-8},{"x":3,"y":-8},{"x":8,"y":-8},{"x":9,"y":-8},{"x":5,"y":-7.5},{"x":6,"y":-7.5},{"x":2,"y":-7},{"x":3,"y":-7},{"x":4,"y":-7},{"x":7,"y":-7},{"x":8,"y":-7},{"x":9,"y":-7},{"x":5,"y":-6.5},{"x":6,"y":-6.5},{"x":2,"y":-6},{"x":3,"y":-6},{"x":4,"y":-6},{"x":7,"y":-6},{"x":8,"y":-6},{"x":9,"y":-6},{"x":5,"y":-5.5},{"x":6,"y":-5.5},{"x":2,"y":-5},{"x":3,"y":-5},{"x":4,"y":-5},{"x":7,"y":-5},{"x":8,"y":-5},{"x":9,"y":-5},{"x":5,"y":-4.5},{"x":6,"y":-4.5},{"x":2,"y":-4},{"x":3,"y":-4},{"x":4,"y":-4},{"x":7,"y":-4},{"x":8,"y":-4},{"x":9,"y":-4},{"x":5,"y":-3.5},{"x":6,"y":-3.5},{"x":2,"y":-3},{"x":3,"y":-3},{"x":4,"y":-3},{"x":7,"y":-3},{"x":8,"y":-3},{"x":9,"y":-3},{"x":5,"y":-2.5},{"x":6,"y":-2.5},{"x":2,"y":-2},{"x":3,"y":-2},{"x":8,"y":-2},{"x":9,"y":-2},{"x":4,"y":-1.5},{"x":5,"y":-1.5},{"x":6,"y":-1.5},{"x":7,"y":-1.5},{"x":2,"y":-1},{"x":3,"y":-1},{"x":8,"y":-1},{"x":9,"y":-1}]},{"index":1,"tiles":[{"x":2,"y":-9},{"x":3,"y":-9},{"x":8,"y":-9},{"x":9,"y":-9},{"x":4,"y":-8.5},{"x":5,"y":-8.5},{"x":6,"y":-8.5},{"x":7,"y":-8.5},{"x":2,"y":-8},{"x":9,"y":-8},{"x":3,"y":-7.5},{"x":8,"y":-7.5},{"x":2,"y":-7},{"x":5,"y":-7},{"x":6,"y":-7},{"x":9,"y":-7},{"x":3,"y":-6.5},{"x":4,"y":-6.5},{"x":7,"y":-6.5},{"x":8,"y":-6.5},{"x":2,"y":-6},{"x":5,"y":-6},{"x":6,"y":-6},{"x":9,"y":-6},{"x":3,"y":-5.5},{"x":4,"y":-5.5},{"x":7,"y":-5.5},{"x":8,"y":-5.5},{"x":2,"y":-5},{"x":5,"y":-5},{"x":6,"y":-5},{"x":9,"y":-5},{"x":3,"y":-4.5},{"x":4,"y":-4.5},{"x":7,"y":-4.5},{"x":8,"y":-4.5},{"x":2,"y":-4},{"x":5,"y":-4},{"x":6,"y":-4},{"x":9,"y":-4},{"x":3,"y":-3.5},{"x":4,"y":-3.5},{"x":7,"y":-3.5},{"x":8,"y":-3.5},{"x":2,"y":-3},{"x":5,"y":-3},{"x":6,"y":-3},{"x":9,"y":-3},{"x":3,"y":-2.5},{"x":8,"y":-2.5},{"x":2,"y":-2},{"x":9,"y":-2},{"x":4,"y":-1.5},{"x":5,"y":-1.5},{"x":6,"y":-1.5},{"x":7,"y":-1.5},{"x":2,"y":-1},{"x":3,"y":-1},{"x":8,"y":-1},{"x":9,"y":-1}]}],"seeds":["aAAlHqhU0wOJjOg5C6dQ3ZIZh6cKQ1B1w1A8nxaJVuOIXJNh2xF5AYERAraIm0F11sJ9VIiEAnlxFRhK1xdyYBgy3VRNqcAxUvcl4cSA4Hh6xYCASugpWKeBlAgGpQkA"]},{"layers":[{"index":0,"tiles":[{"x":3,"y":-8},{"x":8,"y":-8},{"x":5,"y":-7.5},{"x":6,"y":-7.5},{"x":2.5,"y":-7},{"x":4,"y":-7},{"x":7,"y":-7},{"x":8.5,"y":-7},{"x":5.5,"y":-6.5},{"x":3,"y":-6},{"x":4,"y":-6},{"x":7,"y":-6},{"x":8,"y":-6},{"x":2,"y":-5.5},{"x":5,"y":-5.5},{"x":6,"y":-5.5},{"x":9,"y":-5.5},{"x":3,"y":-5},{"x":4,"y":-5},{"x":7,"y":-5},{"x":8,"y":-5},{"x":2,"y":-4.5},{"x":5,"y":-4.5},{"x":6,"y":-4.5},{"x":9,"y":-4.5},{"x":3,"y":-4},{"x":4,"y":-4},{"x":7,"y":-4},{"x":8,"y":-4},{"x":5.5,"y":-3.5},{"x":2.5,"y":-3},{"x":4,"y":-3},{"x":7,"y":-3},{"x":8.5,"y":-3},{"x":5,"y":-2.5},{"x":6,"y":-2.5},{"x":3,"y":-2},{"x":8,"y":-2}]},{"index":1,"tiles":[{"x":3,"y":-8},{"x":8,"y":-8},{"x":5,"y":-7.5},{"x":6,"y":-7.5},{"x":2.5,"y":-7},{"x":4,"y":-7},{"x":7,"y":-7},{"x":8.5,"y":-7},{"x":5.5,"y":-6.5},{"x":3,"y":-6},{"x":4,"y":-6},{"x":7,"y":-6},{"x":8,"y":-6},{"x":2,"y":-5.5},{"x":5,"y":-5.5},{"x":6,"y":-5.5},{"x":9,"y":-5.5},{"x":3,"y":-5},{"x":4,"y":-5},{"x":7,"y":-5},{"x":8,"y":-5},{"x":2,"y":-4.5},{"x":5,"y":-4.5},{"x":6,"y":-4.5},{"x":9,"y":-4.5},{"x":3,"y":-4},{"x":4,"y":-4},{"x":7,"y":-4},{"x":8,"y":-4},{"x":5.5,"y":-3.5},{"x":2.5,"y":-3},{"x":4,"y":-3},{"x":7,"y":-3},{"x":8.5,"y":-3},{"x":5,"y":-2.5},{"x":6,"y":-2.5},{"x":3,"y":-2},{"x":8,"y":-2}]},{"index":2,"tiles":[{"x":3,"y":-8},{"x":8,"y":-8},{"x":5,"y":-7.5},{"x":6,"y":-7.5},{"x":2.5,"y":-7},{"x":4,"y":-7},{"x":7,"y":-7},{"x":8.5,"y":-7},{"x":5.5,"y":-6.5},{"x":3,"y":-6},{"x":4,"y":-6},{"x":7,"y":-6},{"x":8,"y":-6},{"x":2,"y":-5.5},{"x":5,"y":-5.5},{"x":6,"y":-5.5},{"x":9,"y":-5.5},{"x":3,"y":-5},{"x":4,"y":-5},{"x":7,"y":-5},{"x":8,"y":-5},{"x":2,"y":-4.5},{"x":5,"y":-4.5},{"x":6,"y":-4.5},{"x":9,"y":-4.5},{"x":3,"y":-4},{"x":4,"y":-4},{"x":7,"y":-4},{"x":8,"y":-4},{"x":5.5,"y":-3.5},{"x":2.5,"y":-3},{"x":4,"y":-3},{"x":7,"y":-3},{"x":8.5,"y":-3},{"x":5,"y":-2.5},{"x":6,"y":-2.5},{"x":3,"y":-2},{"x":8,"y":-2}]}],"seeds":["oXVKabWJTfNMjMURnbBQE/Qow1V6mOopEgiGGGosnlYpGieAH7VEVOhEAdhxHwhCI3l0U5GFHicKk2JkzBYulNgFohNySAdyCVKA30CIQmJ2QSB+xwUA"]},{"layers":[{"index":0,"tiles":[{"x":4,"y":-8},{"x":7,"y":-8},{"x":2.5,"y":-7.5},{"x":5,"y":-7.5},{"x":6,"y":-7.5},{"x":8.5,"y":-7.5},{"x":3.5,"y":-7},{"x":7.5,"y":-7},{"x":4.5,"y":-6.5},{"x":6.5,"y":-6.5},{"x":2.5,"y":-6},{"x":3.5,"y":-6},{"x":5.5,"y":-6},{"x":7.5,"y":-6},{"x":8.5,"y":-6},{"x":2.5,"y":-5},{"x":4.5,"y":-5},{"x":6.5,"y":-5},{"x":8.5,"y":-5},{"x":3.5,"y":-4.5},{"x":5.5,"y":-4.5},{"x":7.5,"y":-4.5},{"x":2.5,"y":-4},{"x":8.5,"y":-4},{"x":3.5,"y":-3.5},{"x":7.5,"y":-3.5},{"x":4.5,"y":-3},{"x":5.5,"y":-3},{"x":6.5,"y":-3},{"x":2.5,"y":-2.5},{"x":3.5,"y":-2.5},{"x":7.5,"y":-2.5},{"x":8.5,"y":-2.5},{"x":4.5,"y":-2},{"x":5.5,"y":-2},{"x":6.5,"y":-2}]},{"index":1,"tiles":[{"x":4,"y":-8},{"x":7,"y":-8},{"x":2.5,"y":-7.5},{"x":5,"y":-7.5},{"x":6,"y":-7.5},{"x":8.5,"y":-7.5},{"x":3.5,"y":-7},{"x":7.5,"y":-7},{"x":4.5,"y":-6.5},{"x":6.5,"y":-6.5},{"x":2.5,"y":-6},{"x":3.5,"y":-6},{"x":5.5,"y":-6},{"x":7.5,"y":-6},{"x":8.5,"y":-6},{"x":2.5,"y":-5},{"x":4.5,"y":-5},{"x":6.5,"y":-5},{"x":8.5,"y":-5},{"x":3.5,"y":-4.5},{"x":5.5,"y":-4.5},{"x":7.5,"y":-4.5},{"x":2.5,"y":-4},{"x":8.5,"y":-4},{"x":3.5,"y":-3.5},{"x":7.5,"y":-3.5},{"x":4.5,"y":-3},{"x":5.5,"y":-3},{"x":6.5,"y":-3},{"x":2.5,"y":-2.5},{"x":3.5,"y":-2.5},{"x":7.5,"y":-2.5},{"x":8.5,"y":-2.5},{"x":4.5,"y":-2},{"x":5.5,"y":-2},{"x":6.5,"y":-2}]},{"index":2,"tiles":[{"x":4,"y":-8},{"x":7,"y":-8},{"x":2.5,"y":-7.5},{"x":5,"y":-7.5},{"x":6,"y":-7.5},{"x":8.5,"y":-7.5},{"x":3.5,"y":-7},{"x":7.5,"y":-7},{"x":4.5,"y":-6.5},{"x":6.5,"y":-6.5},{"x":2.5,"y":-6},{"x":3.5,"y":-6},{"x":5.5,"y":-6},{"x":7.5,"y":-6},{"x":8.5,"y":-6},{"x":2.5,"y":-5},{"x":4.5,"y":-5},{"x":6.5,"y":-5},{"x":8.5,"y":-5},{"x":3.5,"y":-4.5},{"x":5.5,"y":-4.5},{"x":7.5,"y":-4.5},{"x":2.5,"y":-4},{"x":8.5,"y":-4},{"x":3.5,"y":-3.5},{"x":7.5,"y":-3.5},{"x":4.5,"y":-3},{"x":5.5,"y":-3},{"x":6.5,"y":-3},{"x":2.5,"y":-2.5},{"x":3.5,"y":-2.5},{"x":7.5,"y":-2.5},{"x":8.5,"y":-2.5},{"x":4.5,"y":-2},{"x":5.5,"y":-2},{"x":6.5,"y":-2}]}],"seeds":["4RlBl6JgF9YJhhdFnrIpmSIMQYZYS9gkRYA0qrU4HMExIvgcgwmOJMqkpRZOhChSkySBQfJ1IvV9IhcGihE+h8g5YueB4MZ5GldAYVV10QeK"]},{"layers":[{"index":0,"tiles":[{"x":3,"y":-8.5},{"x":4,"y":-8.5},{"x":7,"y":-8.5},{"x":8,"y":-8.5},{"x":2.5,"y":-7.5},{"x":4,"y":-7.5},{"x":5,"y":-7.5},{"x":6,"y":-7.5},{"x":7,"y":-7.5},{"x":8.5,"y":-7.5},{"x":4,"y":-6.5},{"x":5,"y":-6.5},{"x":6,"y":-6.5},{"x":7,"y":-6.5},{"x":3,"y":-6},{"x":8,"y":-6},{"x":4.5,"y":-5.5},{"x":6.5,"y":-5.5},{"x":4.5,"y":-4.5},{"x":6.5,"y":-4.5},{"x":3,"y":-4},{"x":8,"y":-4},{"x":4,"y":-3.5},{"x":5,"y":-3.5},{"x":6,"y":-3.5},{"x":7,"y":-3.5},{"x":2.5,"y":-2.5},{"x":4,"y":-2.5},{"x":5,"y":-2.5},{"x":6,"y":-2.5},{"x":7,"y":-2.5},{"x":8.5,"y":-2.5},{"x":3,"y":-1.5},{"x":4,"y":-1.5},{"x":7,"y":-1.5},{"x":8,"y":-1.5}]},{"index":1,"tiles":[{"x":3,"y":-8.5},{"x":4,"y":-8.5},{"x":7,"y":-8.5},{"x":8,"y":-8.5},{"x":2.5,"y":-7.5},{"x":4,"y":-7.5},{"x":5,"y":-7.5},{"x":6,"y":-7.5},{"x":7,"y":-7.5},{"x":8.5,"y":-7.5},{"x":4,"y":-6.5},{"x":5,"y":-6.5},{"x":6,"y":-6.5},{"x":7,"y":-6.5},{"x":3,"y":-6},{"x":8,"y":-6},{"x":4.5,"y":-5.5},{"x":6.5,"y":-5.5},{"x":4.5,"y":-4.5},{"x":6.5,"y":-4.5},{"x":3,"y":-4},{"x":8,"y":-4},{"x":4,"y":-3.5},{"x":5,"y":-3.5},{"x":6,"y":-3.5},{"x":7,"y":-3.5},{"x":2.5,"y":-2.5},{"x":4,"y":-2.5},{"x":5,"y":-2.5},{"x":6,"y":-2.5},{"x":7,"y":-2.5},{"x":8.5,"y":-2.5},{"x":3,"y":-1.5},{"x":4,"y":-1.5},{"x":7,"y":-1.5},{"x":8,"y":-1.5}]},{"index":2,"tiles":[{"x":3,"y":-8.5},{"x":4,"y":-8.5},{"x":7,"y":-8.5},{"x":8,"y":-8.5},{"x":2.5,"y":-7.5},{"x":4,"y":-7.5},{"x":5,"y":-7.5},{"x":6,"y":-7.5},{"x":7,"y":-7.5},{"x":8.5,"y":-7.5},{"x":4,"y":-6.5},{"x":5,"y":-6.5},{"x":6,"y":-6.5},{"x":7,"y":-6.5},{"x":3,"y":-6},{"x":8,"y":-6},{"x":4.5,"y":-5.5},{"x":6.5,"y":-5.5},{"x":4.5,"y":-4.5},{"x":6.5,"y":-4.5},{"x":3,"y":-4},{"x":8,"y":-4},{"x":4,"y":-3.5},{"x":5,"y":-3.5},{"x":6,"y":-3.5},{"x":7,"y":-3.5},{"x":2.5,"y":-2.5},{"x":4,"y":-2.5},{"x":5,"y":-2.5},{"x":6,"y":-2.5},{"x":7,"y":-2.5},{"x":8.5,"y":-2.5},{"x":3,"y":-1.5},{"x":4,"y":-1.5},{"x":7,"y":-1.5},{"x":8,"y":-1.5}]}],"seeds":["3NY1U0BxRhhoaVB0RBgo4zc43uFZD3hB3Td8BJV44BIl6sWcpcVxgrh0SAdFhUI2jnSEjMht4OOB4sRhmPh5HiqKYTeZIVgpVSYoWQhOEmJo"]},{"layers":[{"index":0,"tiles":[{"x":4.5,"y":-8},{"x":6.5,"y":-8},{"x":2.5,"y":-7.5},{"x":8.5,"y":-7.5},{"x":4,"y":-7},{"x":5,"y":-7},{"x":6,"y":-7},{"x":7,"y":-7},{"x":3.5,"y":-6},{"x":5,"y":-6},{"x":6,"y":-6},{"x":7.5,"y":-6},{"x":2,"y":-5.5},{"x":9,"y":-5.5},{"x":3,"y":-5},{"x":4,"y":-5},{"x":5,"y":-5},{"x":6,"y":-5},{"x":7,"y":-5},{"x":8,"y":-5},{"x":2.5,"y":-4},{"x":5,"y":-4},{"x":6,"y":-4},{"x":8.5,"y":-4},{"x":3.5,"y":-3.5},{"x":7.5,"y":-3.5},{"x":4.5,"y":-3},{"x":6.5,"y":-3},{"x":4,"y":-2},{"x":5,"y":-2},{"x":6,"y":-2},{"x":7,"y":-2}]},{"index":1,"tiles":[{"x":4.5,"y":-8},{"x":6.5,"y":-8},{"x":2.5,"y":-7.5},{"x":8.5,"y":-7.5},{"x":4,"y":-7},{"x":5,"y":-7},{"x":6,"y":-7},{"x":7,"y":-7},{"x":3.5,"y":-6},{"x":5,"y":-6},{"x":6,"y":-6},{"x":7.5,"y":-6},{"x":2,"y":-5.5},{"x":9,"y":-5.5},{"x":3,"y":-5},{"x":4,"y":-5},{"x":5,"y":-5},{"x":6,"y":-5},{"x":7,"y":-5},{"x":8,"y":-5},{"x":2.5,"y":-4},{"x":5,"y":-4},{"x":6,"y":-4},{"x":8.5,"y":-4},{"x":3.5,"y":-3.5},{"x":7.5,"y":-3.5},{"x":4.5,"y":-3},{"x":6.5,"y":-3},{"x":4,"y":-2},{"x":5,"y":-2},{"x":6,"y":-2},{"x":7,"y":-2}]},{"index":2,"tiles":[{"x":4.5,"y":-8},{"x":6.5,"y":-8},{"x":2.5,"y":-7.5},{"x":8.5,"y":-7.5},{"x":4,"y":-7},{"x":5,"y":-7},{"x":6,"y":-7},{"x":7,"y":-7},{"x":3.5,"y":-6},{"x":5,"y":-6},{"x":6,"y":-6},{"x":7.5,"y":-6},{"x":2,"y":-5.5},{"x":9,"y":-5.5},{"x":3,"y":-5},{"x":4,"y":-5},{"x":5,"y":-5},{"x":6,"y":-5},{"x":7,"y":-5},{"x":8,"y":-5},{"x":2.5,"y":-4},{"x":5,"y":-4},{"x":6,"y":-4},{"x":8.5,"y":-4},{"x":3.5,"y":-3.5},{"x":7.5,"y":-3.5},{"x":4.5,"y":-3},{"x":6.5,"y":-3},{"x":4,"y":-2},{"x":5,"y":-2},{"x":6,"y":-2},{"x":7,"y":-2}]},{"index":3,"tiles":[{"x":4.5,"y":-8},{"x":6.5,"y":-8},{"x":2.5,"y":-7.5},{"x":8.5,"y":-7.5},{"x":4,"y":-7},{"x":5,"y":-7},{"x":6,"y":-7},{"x":7,"y":-7},{"x":3.5,"y":-6},{"x":5,"y":-6},{"x":6,"y":-6},{"x":7.5,"y":-6},{"x":2,"y":-5.5},{"x":9,"y":-5.5},{"x":3,"y":-5},{"x":4,"y":-5},{"x":5,"y":-5},{"x":6,"y":-5},{"x":7,"y":-5},{"x":8,"y":-5},{"x":2.5,"y":-4},{"x":5,"y":-4},{"x":6,"y":-4},{"x":8.5,"y":-4},{"x":3.5,"y":-3.5},{"x":7.5,"y":-3.5},{"x":4.5,"y":-3},{"x":6.5,"y":-3},{"x":4,"y":-2},{"x":5,"y":-2},{"x":6,"y":-2},{"x":7,"y":-2}]}],"seeds":["EXohR9cwC5gmnoiAhxhxH1h2TuNYXtgFQjgdmiEeQ9cZGAd+H8eNS5ElVugpgSli1NOFSdVVIEQyQkCJhqh8YRg+UKdMBgdq3+RtxMmEGRNwRPcVl7IdkhoMiRQ4zjF1"]},{"layers":[{"index":0,"tiles":[{"x":2.5,"y":-7.5},{"x":3.5,"y":-7.5},{"x":4.5,"y":-7.5},{"x":5.5,"y":-7.5},{"x":6.5,"y":-7.5},{"x":7.5,"y":-7.5},{"x":8.5,"y":-7.5},{"x":2.5,"y":-6.5},{"x":3.5,"y":-6.5},{"x":4.5,"y":-6.5},{"x":6.5,"y":-6.5},{"x":7.5,"y":-6.5},{"x":8.5,"y":-6.5},{"x":2.5,"y":-5.5},{"x":3.5,"y":-5.5},{"x":4.5,"y":-5.5},{"x":5.5,"y":-5.5},{"x":6.5,"y":-5.5},{"x":7.5,"y":-5.5},{"x":8.5,"y":-5.5},{"x":3,"y":-4.5},{"x":4,"y":-4.5},{"x":5,"y":-4.5},{"x":6,"y":-4.5},{"x":7,"y":-4.5},{"x":8,"y":-4.5},{"x":2.5,"y":-3.5},{"x":3.5,"y":-3.5},{"x":4.5,"y":-3.5},{"x":5.5,"y":-3.5},{"x":6.5,"y":-3.5},{"x":7.5,"y":-3.5},{"x":8.5,"y":-3.5},{"x":4,"y":-2.5},{"x":5,"y":-2.5},{"x":6,"y":-2.5},{"x":7,"y":-2.5}]},{"index":1,"tiles":[{"x":2.5,"y":-7.5},{"x":3.5,"y":-7.5},{"x":4.5,"y":-7.5},{"x":5.5,"y":-7.5},{"x":6.5,"y":-7.5},{"x":7.5,"y":-7.5},{"x":8.5,"y":-7.5},{"x":2.5,"y":-6.5},{"x":3.5,"y":-6.5},{"x":4.5,"y":-6.5},{"x":6.5,"y":-6.5},{"x":7.5,"y":-6.5},{"x":8.5,"y":-6.5},{"x":2.5,"y":-5.5},{"x":3.5,"y":-5.5},{"x":4.5,"y":-5.5},{"x":5.5,"y":-5.5},{"x":6.5,"y":-5.5},{"x":7.5,"y":-5.5},{"x":8.5,"y":-5.5},{"x":3,"y":-4.5},{"x":4,"y":-4.5},{"x":5,"y":-4.5},{"x":6,"y":-4.5},{"x":7,"y":-4.5},{"x":8,"y":-4.5},{"x":2.5,"y":-3.5},{"x":3.5,"y":-3.5},{"x":4.5,"y":-3.5},{"x":5.5,"y":-3.5},{"x":6.5,"y":-3.5},{"x":7.5,"y":-3.5},{"x":8.5,"y":-3.5},{"x":4,"y":-2.5},{"x":5,"y":-2.5},{"x":6,"y":-2.5},{"x":7,"y":-2.5}]},{"index":2,"tiles":[{"x":2.5,"y":-7.5},{"x":3.5,"y":-7.5},{"x":4.5,"y":-7.5},{"x":5.5,"y":-7.5},{"x":6.5,"y":-7.5},{"x":7.5,"y":-7.5},{"x":8.5,"y":-7.5},{"x":2.5,"y":-6.5},{"x":3.5,"y":-6.5},{"x":4.5,"y":-6.5},{"x":6.5,"y":-6.5},{"x":7.5,"y":-6.5},{"x":8.5,"y":-6.5},{"x":2.5,"y":-5.5},{"x":3.5,"y":-5.5},{"x":7.5,"y":-5.5},{"x":8.5,"y":-5.5},{"x":3,"y":-4.5},{"x":5,"y":-4.5},{"x":6,"y":-4.5},{"x":8,"y":-4.5},{"x":2.5,"y":-3.5},{"x":3.5,"y":-3.5},{"x":4.5,"y":-3.5},{"x":5.5,"y":-3.5},{"x":6.5,"y":-3.5},{"x":7.5,"y":-3.5},{"x":8.5,"y":-3.5},{"x":4,"y":-2.5},{"x":5,"y":-2.5},{"x":6,"y":-2.5},{"x":7,"y":-2.5}]}],"seeds":["4lUxEAOJXjc4lgqCx+d5RPEFpZMWoNllQRhqg/YEoEJxopR8CZdVoWhEE9eEXCAujdWFJzgJl4JthoB+CieOx9RNjwIu3oaQWEd1nBQhIQEA"]}]]],0,0,[],[],[]]
