[1,["3709cmPjRF1p7KreTSfWmg@6c48a"],["_textureSource"],["cc.SpriteFrame"],0,[{"name":"Good","rect":{"x":0,"y":0,"width":227,"height":123},"offset":{"x":0,"y":0},"originalSize":{"width":227,"height":123},"rotated":false,"capInsets":[0,0,0,0],"vertices":{"rawPosition":[-113.5,-61.5,0,113.5,-61.5,0,-113.5,61.5,0,113.5,61.5,0],"indexes":[0,1,2,2,1,3],"uv":[0,123,227,123,0,0,227,0],"nuv":[0,0,1,0,0,1,1,1],"minPos":{"x":-113.5,"y":-61.5,"z":0},"maxPos":{"x":113.5,"y":61.5,"z":0}},"packable":true,"pixelsToUnit":100,"pivot":{"x":0.5,"y":0.5},"meshType":0}],[0],0,[0],[0],[0]]
