{"skeleton":{"hash":"iF8RNavx2FWfMczbiETaSZnF0D0","spine":"3.8.99","x":-128.06,"y":-9.09,"width":233.3,"height":170.4,"images":"./images/","audio":"D:/WORK/SUNDATA/MERGE MASTER/ANIMATION/Dinosaurs/lv08_Trex/Project_Spine38"},"bones":[{"name":"root"},{"name":"[RED] SKELETON CONTROL","parent":"root","scaleX":0.3295,"scaleY":0.3295,"color":"ff0000ff"},{"name":"body","parent":"[RED] SKELETON CONTROL","x":-14.75,"y":234.74},{"name":"body2","parent":"body","length":65.32,"rotation":29.21,"x":4.9,"y":3.68},{"name":"body3","parent":"body2","length":56.8,"rotation":5.68,"x":65.32},{"name":"body4","parent":"body3","length":60.21,"rotation":19.64,"x":56.8},{"name":"body5","parent":"body4","length":70.95,"rotation":17.35,"x":60.21},{"name":"head","parent":"body5","length":172.48,"rotation":-58.73,"x":69.78,"y":-0.38},{"name":"mouth_1","parent":"head","length":123.8,"rotation":-37.97,"x":7.21,"y":-43.9},{"name":"mouth_3","parent":"mouth_1","length":19.55,"rotation":-15.13,"x":26.65,"y":20},{"name":"mouth_4","parent":"mouth_3","length":24.3,"rotation":3.09,"x":19.55},{"name":"mouth_5","parent":"mouth_4","length":21.92,"rotation":25.14,"x":24.3},{"name":"mouth_6","parent":"mouth_5","length":25.1,"rotation":21.95,"x":21.92},{"name":"body6","parent":"body","length":80.45,"rotation":-164.05,"x":-6.65,"y":1.51},{"name":"body7","parent":"body6","length":51.11,"rotation":-21.9,"x":80.45},{"name":"body8","parent":"body7","length":57.58,"rotation":-6.91,"x":51.55,"y":0.05},{"name":"body9","parent":"body8","length":39.01,"rotation":-7.01,"x":58.01,"y":0.1},{"name":"body10","parent":"body9","length":46.32,"rotation":6.63,"x":39.01},{"name":"body11","parent":"body10","length":49.08,"rotation":11.69,"x":46.75,"y":0.1},{"name":"body12","parent":"body11","length":47.51,"rotation":13.9,"x":49.08},{"name":"idle2","parent":"body","length":94.65,"rotation":-81.55,"x":-49.89,"y":2.32},{"name":"leg_2","parent":"idle2","length":90.59,"rotation":-85.48,"x":94.12,"y":0.08},{"name":"leg_4","parent":"leg_2","length":95.12,"rotation":91.69,"x":90.35,"y":-1.04},{"name":"leg_5","parent":"[RED] SKELETON CONTROL","length":42.75,"rotation":-8.64,"x":-114.93,"y":32.68,"color":"ff3f00ff"},{"name":"leg_6","parent":"leg_5","length":32.19,"rotation":-6.79,"x":42.75},{"name":"idle","parent":"body2","length":78.5,"rotation":-100.53,"x":38.72,"y":-4.82},{"name":"leg_9","parent":"idle","length":83.39,"rotation":-70.19,"x":79.51,"y":-2.03},{"name":"leg_10","parent":"leg_9","length":70.64,"rotation":72.83,"x":83.39},{"name":"leg_11","parent":"[RED] SKELETON CONTROL","length":37.56,"rotation":-10.67,"x":9.72,"y":59.43,"color":"ff3f00ff"},{"name":"leg_12","parent":"leg_11","length":42.3,"rotation":-7.77,"x":37.04,"y":-0.1},{"name":"hand_3","parent":"body2","length":68.33,"rotation":-59.49,"x":72.72,"y":-3.79},{"name":"hand_4","parent":"hand_3","length":63.79,"rotation":17.37,"x":68.33},{"name":"hand_5","parent":"hand_4","length":36.85,"rotation":-15.3,"x":63.79},{"name":"hand_2","parent":"body2","length":64.15,"rotation":-107.7,"x":70.26,"y":-8.22},{"name":"hand_1","parent":"hand_2","length":61.68,"rotation":69.44,"x":63.91,"y":-1.14},{"name":"hand_6","parent":"hand_1","length":42.94,"rotation":-25.65,"x":61.68}],"slots":[{"name":"Shadow","bone":"[RED] SKELETON CONTROL","attachment":"Shadow"},{"name":"hand_3","bone":"hand_3","attachment":"hand_3"},{"name":"leg_5","bone":"leg_9","attachment":"leg_5"},{"name":"leg_4","bone":"idle","attachment":"leg_4"},{"name":"tail","bone":"[RED] SKELETON CONTROL","attachment":"tail"},{"name":"body","bone":"body","attachment":"body"},{"name":"leg_3","bone":"leg_4","attachment":"leg_3"},{"name":"leg_2","bone":"leg_2","attachment":"leg_2"},{"name":"leg_1","bone":"idle2","attachment":"leg_1"},{"name":"hand_4","bone":"hand_2","attachment":"hand_2"},{"name":"hand_2","bone":"hand_2"},{"name":"hand_1","bone":"hand_1","attachment":"hand_1"},{"name":"mouth_4","bone":"mouth_1","attachment":"mouth_4"},{"name":"mouth_3","bone":"mouth_3","attachment":"mouth_3"},{"name":"mouth_2","bone":"[RED] SKELETON CONTROL","attachment":"mouth_2"},{"name":"head","bone":"head","attachment":"head"},{"name":"mouth_1","bone":"mouth_1","attachment":"mouth_1"},{"name":"eye_close","bone":"head"},{"name":"lv08_Trex mini_2","bone":"root"}],"ik":[{"name":"leg_5","order":1,"bones":["leg_2","leg_4"],"target":"leg_5"},{"name":"leg_11","bones":["leg_9","leg_10"],"target":"leg_11"}],"skins":[{"name":"default","attachments":{"Shadow":{"Shadow":{"type":"mesh","uvs":[1,1,0,1,0,0,1,0],"triangles":[1,2,3,1,3,0],"vertices":[159.87,-27.59,-158.1,-27.59,-158.1,62.11,159.87,62.11],"hull":4,"edges":[0,2,2,4,4,6,0,6],"width":181,"height":66}},"body":{"body":{"type":"mesh","uvs":[0.91429,0.02996,0.95723,0.08596,0.98972,0.15632,1,0.24224,1,0.26467,0.98167,0.31791,0.852,0.38122,0.81944,0.42121,0.80531,0.55712,0.78385,0.62631,0.74943,0.68396,0.70515,0.75812,0.62717,0.86592,0.53793,0.93375,0.39549,0.99515,0.30368,0.98691,0.21628,0.96613,0.15034,0.95045,0.08149,0.90736,0.05109,0.85732,0.03828,0.80166,0.03497,0.71895,0.04215,0.6396,0.0849,0.5595,0.09929,0.51006,0.14392,0.53575,0.17403,0.474,0.20517,0.43228,0.23095,0.40011,0.25886,0.38765,0.30032,0.37445,0.30256,0.32256,0.31882,0.31266,0.3573,0.31261,0.37556,0.30695,0.39515,0.25762,0.44336,0.24225,0.49155,0.22394,0.5256,0.22042,0.55634,0.20447,0.58318,0.18128,0.60919,0.13729,0.6308,0.09214,0.66369,0.07011,0.68269,0.02462,0.70664,0.00311,0.8752,0.00316,0.16534,0.81321,0.26596,0.83239,0.38285,0.82174,0.49383,0.80043,0.59001,0.71095,0.65364,0.59802,0.71579,0.48723,0.77646,0.35301,0.8608,0.20174,0.21269,0.64916,0.3355,0.54902,0.44796,0.48297,0.58114,0.40414,0.66992,0.33809],"triangles":[55,45,46,55,46,0,55,0,1,55,1,2,55,2,3,5,55,3,4,5,3,41,42,43,45,43,44,45,55,43,55,54,43,6,54,55,6,55,5,54,60,43,60,41,43,40,41,60,60,59,39,60,39,40,7,54,6,53,60,54,53,54,7,59,60,53,8,53,7,9,53,8,38,39,59,37,38,59,58,37,59,52,59,53,52,53,9,10,52,9,52,58,59,11,52,10,51,52,11,58,36,37,34,35,36,58,34,36,33,34,58,58,30,33,51,58,52,50,58,51,57,58,50,12,51,11,50,51,12,13,50,12,14,49,50,14,50,13,32,30,31,32,33,30,58,57,30,57,56,27,26,27,56,25,26,56,29,30,57,28,29,57,57,27,28,23,25,56,49,57,50,48,56,57,48,47,56,57,49,48,16,47,48,15,48,49,16,48,15,15,49,14,47,20,21,23,24,25,47,22,56,19,20,47,18,19,47,17,18,47,17,47,16,56,22,23,47,21,22],"vertices":[1,6,87.55,-48.96,1,1,6,77.66,-71.13,1,1,6,62.44,-90.43,1,1,6,40.01,-102.31,1,1,6,33.81,-104.34,1,1,6,16.7,-101.85,1,2,5,59.99,-58.69,0.45614,6,-17.71,-55.95,0.54386,3,4,115.18,-36.85,0.06229,5,42.6,-54.33,0.72237,6,-33.02,-46.6,0.21533,2,4,87.7,-65.9,0.39918,5,6.95,-72.46,0.60082,3,3,141.43,-70.09,0.05809,4,68.8,-77.28,0.53644,5,-14.66,-76.82,0.40547,3,3,120.65,-77.69,0.14814,4,47.38,-82.79,0.62114,5,-36.7,-74.8,0.23072,3,3,93.93,-87.47,0.34934,4,19.81,-89.87,0.57274,5,-65.04,-72.22,0.07793,2,3,50.1,-98.91,0.69314,4,-24.93,-96.91,0.30686,3,13,-41.79,94.57,0.17595,3,7.83,-97.89,0.72597,4,-66.89,-91.72,0.09808,2,13,20.51,95.35,0.6246,3,-52.98,-84.36,0.3754,3,14,-52.67,67.72,0.09602,13,56.84,82.48,0.75753,3,-85.39,-63.49,0.14645,2,14,-15.62,65.5,0.41876,13,90.38,66.6,0.58124,2,14,12.33,63.83,0.73812,13,115.7,54.63,0.26188,1,14,42.33,54.35,1,2,15,-0.02,41.45,0.15819,14,56.5,41.19,0.84181,2,15,8.82,26.85,0.37836,14,63.53,25.64,0.62164,1,15,15.53,3.69,1,2,15,17.73,-19.49,0.87483,14,66.81,-21.43,0.12517,3,15,5.46,-46.2,0.39406,14,51.41,-46.47,0.46089,13,110.81,-62.29,0.14505,3,15,2.78,-61.57,0.32145,14,46.91,-61.41,0.47864,13,101.06,-74.47,0.19991,3,15,-17.11,-58.44,0.18515,14,27.53,-55.91,0.43973,13,85.13,-62.15,0.37512,3,15,-25.41,-78.77,0.06374,14,16.85,-75.1,0.26348,13,68.07,-75.96,0.67278,3,14,5.13,-88.53,0.16612,13,52.18,-84.05,0.75293,3,-42.64,97.53,0.08095,3,14,-4.64,-98.96,0.11426,13,39.23,-90.08,0.75901,3,-28.65,100.43,0.12673,3,14,-15.89,-103.78,0.08201,13,26.99,-90.36,0.7399,3,-16.67,97.89,0.17809,3,13,9.23,-89.28,0.6243,3,0.36,92.76,0.3053,4,-55.45,98.73,0.0704,4,13,4.18,-103.54,0.52415,3,8.55,105.48,0.35005,4,-46.04,110.58,0.09898,5,-59.69,138.71,0.02682,4,13,-3.17,-104.44,0.50609,3,15.91,104.67,0.3581,4,-38.81,109.04,0.10631,5,-53.39,134.83,0.02951,3,13,-18.67,-100.02,0.42877,3,29.99,96.81,0.41029,4,-25.57,99.83,0.16094,4,13,-26.48,-99.5,0.32847,3,37.47,94.52,0.40031,4,-18.36,96.81,0.20065,5,-38.25,116.44,0.07057,4,13,-38.32,-111.05,0.23566,3,51.64,103.04,0.385,4,-3.42,103.89,0.26965,5,-21.79,118.08,0.1097,4,13,-58.97,-109.8,0.16118,3,71.45,97.09,0.33451,4,15.71,96,0.33572,5,-6.43,104.23,0.1686,4,13,-79.85,-109.38,0.09295,3,91.67,91.88,0.24311,4,35.32,88.83,0.38834,5,9.63,90.88,0.2756,4,3,104.63,85.81,0.16731,4,47.61,81.5,0.38254,5,18.74,79.85,0.38333,6,-15.78,88.58,0.06682,4,3,118.14,83.58,0.08864,4,60.83,77.94,0.29335,5,30,72.05,0.47033,6,-7.36,77.79,0.14769,3,4,73.92,77.04,0.19209,5,42.02,66.81,0.51189,6,2.55,69.2,0.29602,3,4,90.18,81.31,0.08239,5,58.77,65.36,0.39684,6,18.11,62.82,0.52078,2,5,74.72,65.61,0.27595,6,33.41,58.3,0.72405,2,5,87.94,58.11,0.1414,6,43.79,47.2,0.8586,1,6,58.85,43.75,1,1,6,67.92,36.16,1,1,6,89.87,-30.97,1,2,14,10.23,23.46,0.82825,13,98.69,17.95,0.17175,2,14,-32.28,24.64,0.11422,13,59.68,34.9,0.88578,2,13,11.73,45.38,0.65933,3,-32.97,-37.73,0.34067,3,13,-34.68,52.19,0.15265,3,10.64,-55.01,0.78553,4,-59.85,-49.33,0.06182,2,3,58.52,-51.95,0.6318,4,-11.9,-51.02,0.3682,3,3,97.83,-36.28,0.13997,4,28.76,-39.32,0.77694,5,-39.62,-27.61,0.08308,2,4,68.56,-27.77,0.37632,5,1.75,-30.11,0.62368,2,5,48.31,-28.14,0.77499,6,-19.75,-23.31,0.22501,1,6,33.08,-43.21,1,2,14,-4.55,-26.08,0.2551,13,66.49,-22.5,0.7449,2,13,9.01,-36.38,0.787,3,-11.56,41.22,0.213,3,13,-41.58,-41.92,0.14914,3,38.95,35,0.72421,4,-22.77,37.44,0.12665,2,4,36.12,24.34,0.78789,5,-11.3,29.87,0.21211,2,5,25.94,10.73,0.98573,6,-29.51,20.46,0.01427],"hull":47,"edges":[0,92,0,2,2,4,4,6,6,8,8,10,10,12,12,14,14,16,16,18,22,24,24,26,26,28,28,30,34,36,36,38,38,40,40,42,42,44,44,46,50,52,66,68,30,32,32,34,18,20,20,22,48,50,52,54,54,56,58,60,56,58,60,62,64,66,62,64,68,70,70,72,74,76,72,74,76,78,78,80,80,82,82,84,84,86,86,88,90,92,88,90,46,48],"width":419,"height":291}},"eye_close":{"eye_close":{"x":34.42,"y":23.79,"rotation":-13.15,"width":39,"height":29}},"hand_1":{"hand_1":{"type":"mesh","uvs":[0.39819,0.20416,0.4415,0.21225,0.50003,0.21225,0.57157,0.21224,0.66927,0.21224,0.69454,0.22606,0.80194,0.44147,0.80128,0.73098,0.71337,0.94992,0.70285,0.90669,0.67933,0.79997,0.61417,0.70123,0.52796,0.70026,0.48148,0.53972,0.4295,0.47523,0.36546,0.46357,0.10257,0.46248,0.0381,0.33733,0.02771,0.27981,0.03978,0.15864,0.06224,0.11525,0.1484,0.02374,0.18658,0.02457,0.49157,0.35566],"triangles":[8,9,7,9,10,7,7,10,6,6,10,11,3,11,23,11,5,6,11,4,5,11,3,4,11,12,13,23,11,13,3,23,2,13,14,23,23,14,1,15,16,22,16,21,22,1,14,0,14,15,0,15,22,0,16,17,20,20,18,19,16,20,21,23,1,2,20,17,18],"vertices":[1,34,41.43,9.14,1,1,34,48.21,9.57,1,2,34,57.22,11,0.88589,35,-8.78,7.99,0.11411,2,34,68.24,12.76,0.21344,35,0.39,14.34,0.78656,1,35,12.92,23.02,1,1,35,16.79,24.35,1,1,35,40.38,19.72,1,1,35,53.48,0.62,1,1,35,52.17,-21.59,1,1,35,48.85,-19.68,1,1,35,40.98,-14.75,1,1,35,28.12,-14.04,1,1,35,17.02,-21.63,1,2,34,58.49,-15.32,0.31693,35,3.75,-15.2,0.68307,2,34,49.67,-11.5,0.85808,35,-5.85,-15.57,0.14192,1,34,39.65,-12.15,1,1,34,-0.86,-18.52,1,1,34,-12.37,-10.21,1,1,34,-14.69,-5.92,1,1,34,-14.36,3.95,1,1,34,-11.44,7.93,1,1,34,0.68,17.27,1,1,34,6.57,18.14,1,1,34,57.72,-0.54,1],"hull":23,"edges":[0,44,0,2,8,10,10,12,12,14,14,16,18,20,20,22,22,24,24,26,26,28,30,32,32,34,34,36,36,38,38,40,40,42,42,44,30,28,2,4,4,6,6,8,16,18],"width":156,"height":80}},"hand_3":{"hand_3":{"type":"mesh","uvs":[0.2552,0.02978,0.46035,0.24471,0.5449,0.2911,0.62304,0.26439,0.73046,0.22766,0.88294,0.29348,0.96005,0.44636,0.98386,0.56815,0.9839,0.79107,0.92179,0.86383,0.91069,0.95967,0.875,0.95881,0.82884,0.83324,0.68339,0.74052,0.59738,0.57694,0.53455,0.54151,0.44894,0.54169,0.19249,0.54221,0.11308,0.50685,0.05624,0.43829,0.0082,0.34371,0.0077,0.15304,0.0689,0.04877,0.11596,0.02122],"triangles":[10,11,9,11,12,9,9,12,8,8,12,7,7,12,6,13,14,4,12,13,6,13,5,6,13,4,5,4,14,3,15,2,14,14,2,3,16,17,1,2,15,16,0,1,17,2,16,1,18,19,23,17,18,0,18,23,0,23,19,22,19,20,22,20,21,22],"vertices":[1,31,14.11,15.78,1,1,31,42.17,6.34,1,1,31,53.05,5.41,1,2,31,61.99,9.43,0.56137,32,-4.22,8.62,0.43863,1,32,6.17,17.2,1,1,32,24.94,21.89,1,1,32,38.5,16.68,1,1,32,45.23,10.33,1,1,32,52.82,-3.81,1,1,32,48.56,-12.03,1,1,32,50.62,-18.76,1,1,32,46.73,-20.78,1,1,32,37.45,-15.5,1,1,32,18.53,-18.08,1,2,31,63.94,-13.21,0.30127,32,3.64,-12.7,0.69873,2,31,55.84,-12.45,0.84412,32,-4.38,-14.11,0.15588,1,31,45.58,-14.82,1,1,31,14.84,-21.9,1,1,31,4.75,-21.6,1,1,31,-3.17,-18.36,1,1,31,-10.45,-13.04,1,1,31,-13.57,0.33,1,1,31,-7.92,9.33,1,1,31,-2.72,12.56,1],"hull":24,"edges":[0,46,0,2,2,4,8,10,10,12,12,14,14,16,16,18,18,20,20,22,22,24,24,26,26,28,28,30,34,36,36,38,38,40,40,42,42,44,44,46,30,32,32,34,4,6,6,8],"width":123,"height":72}},"hand_4":{"hand_2":{"x":23.99,"y":22.54,"rotation":78.49,"width":120,"height":116}},"head":{"head":{"x":48.67,"y":-3.16,"rotation":-13.15,"width":241,"height":127}},"leg_1":{"leg_1":{"x":34.71,"y":5.47,"rotation":81.55,"width":127,"height":172}},"leg_2":{"leg_2":{"x":30.32,"y":7.33,"rotation":167.03,"width":122,"height":71}},"leg_3":{"leg_3":{"type":"mesh","uvs":[0.4208,0.10323,0.354,0.29626,0.36423,0.33997,0.43605,0.52551,0.54585,0.56264,0.70713,0.56181,0.87925,0.61023,0.95364,0.6783,0.9938,0.76744,0.99387,0.80844,0.91373,0.90387,0.77085,0.97154,0.63927,0.94824,0.48572,0.95882,0.36409,0.91005,0.2553,0.84807,0.22215,0.73793,0.19171,0.63682,0.16989,0.53612,0.148,0.47452,0.09065,0.36595,0.049,0.20479,0.0823,0.10143,0.24863,0.02199,0.34881,0.0312,0.36639,0.62943,0.21928,0.20218],"triangles":[10,6,7,10,7,8,10,8,9,12,4,5,12,5,6,11,12,6,10,11,6,14,15,25,13,25,4,13,14,25,4,12,13,26,22,23,21,22,26,0,26,24,20,21,26,26,23,24,1,26,0,20,2,19,1,20,26,2,20,1,18,19,2,3,18,2,25,18,3,17,18,25,16,17,25,15,16,25,25,3,4],"vertices":[1,22,3.28,34.58,1,1,22,31.78,16.15,1,1,22,39.26,15.87,1,2,22,72.12,19.08,0.71593,23,8.42,28.67,0.28407,3,22,82.54,34.4,0.13634,23,26.62,25.16,0.78235,24,-18.99,23.07,0.08131,2,23,51.95,29.15,0.26364,24,5.69,30.03,0.73636,1,24,34.22,29.51,1,1,24,48.65,21.7,1,1,24,58.76,9.04,1,1,24,60.59,2.45,1,1,24,52.55,-16.3,1,2,23,72.24,-36.98,0.0602,24,33.65,-33.24,0.9398,2,23,50.97,-36.28,0.36415,24,12.45,-35.05,0.63585,2,23,27.1,-41.69,0.83307,24,-10.62,-43.25,0.16693,2,22,131.35,-8.25,0.07027,23,6.76,-36.54,0.92973,2,22,116.96,-22.36,0.34434,23,-11.9,-28.91,0.65566,2,22,97.83,-22.81,0.80676,23,-19.87,-11.51,0.19324,1,22,80.27,-23.21,1,1,22,63.12,-22.31,1,1,22,52.29,-23.08,1,1,22,32.44,-27.31,1,1,22,4.73,-26.9,1,1,22,-10.63,-17.41,1,1,22,-16.77,11.53,1,1,22,-11.25,26.55,1,2,22,86.11,3.97,0.84793,23,0.08,9.84,0.15207,1,22,11.16,-0.6,1],"hull":25,"edges":[0,48,0,2,2,4,4,6,6,8,8,10,10,12,12,14,14,16,16,18,18,20,20,22,34,36,38,40,36,38,30,28,28,26,26,24,24,22,30,32,32,34,40,42,42,44,46,48,44,46],"width":159,"height":167}},"leg_4":{"leg_4":{"type":"mesh","uvs":[0.80959,0.01664,0.84941,0.0195,0.95275,0.09943,0.96933,0.25321,0.96934,0.55362,0.95811,0.65214,0.87003,0.80514,0.8074,0.92477,0.51224,0.99861,0.41227,0.9891,0.17723,0.9368,0.06889,0.86211,0.01522,0.76236,0.01504,0.63788,0.06812,0.39157,0.10223,0.31321,0.3235,0.124,0.56196,0.03155,0.69387,0.00695,0.52555,0.51813],"triangles":[6,19,3,3,19,17,0,3,18,3,17,18,4,5,6,0,1,3,4,6,3,2,3,1,19,16,17,7,8,19,19,8,9,9,10,19,19,10,12,7,19,6,10,11,12,19,14,15,13,14,19,19,12,13,15,16,19],"vertices":[1,25,42.17,48.35,1,1,25,44.14,53.15,1,1,25,57,62.98,1,1,25,74.15,59.46,1,2,26,-38.54,42.37,0.09571,25,106.31,48.58,0.90429,2,26,-30.47,50.17,0.16973,25,116.39,43.63,0.83027,2,26,-10.75,56.58,0.38676,25,129.1,27.25,0.61324,2,26,4.04,62.09,0.53834,25,139.29,15.21,0.46166,2,26,39.26,44.74,0.90438,25,134.91,-23.81,0.09562,1,26,48.77,35.81,1,1,26,69.01,12.17,1,1,26,74.78,-3.2,1,1,26,73.22,-16.36,1,1,26,64.49,-27.39,1,2,26,41.77,-44.88,0.77546,25,51.43,-56.54,0.22454,2,26,32.78,-49.05,0.67953,25,44.46,-49.5,0.32047,2,26,-3.04,-47.89,0.11624,25,33.42,-15.4,0.88376,1,25,33.46,17.31,1,1,25,36.32,34.45,1,2,26,4.12,3.32,0.93781,25,84.03,-4.78,0.06219],"hull":19,"edges":[0,36,0,2,2,4,4,6,6,8,8,10,10,12,16,18,18,20,20,22,22,24,24,26,26,28,28,30,30,32,32,34,34,36,14,16,12,14],"width":130,"height":113}},"leg_5":{"leg_5":{"type":"mesh","uvs":[0.2978,0.03107,0.36173,0.08791,0.36255,0.2016,0.3037,0.29962,0.28413,0.33221,0.28486,0.3659,0.30076,0.40868,0.35135,0.54473,0.41801,0.58629,0.49419,0.59014,0.63935,0.59747,0.81986,0.64565,0.88452,0.69988,0.95222,0.82028,0.86062,0.92357,0.7097,0.99418,0.39206,0.98066,0.23671,0.90342,0.17995,0.86982,0.14911,0.78531,0.03365,0.4689,0.00424,0.38829,0.00763,0.29968,0.02272,0.25818,0.09136,0.06936,0.15021,0.0176,0.22961,0.00128,0.13613,0.35959,0.27533,0.69119],"triangles":[3,23,24,3,24,2,24,25,0,25,26,0,2,0,1,0,2,24,28,20,7,6,20,27,6,27,5,7,20,6,20,21,27,21,22,27,27,4,5,22,23,27,4,27,3,3,27,23,9,28,8,16,9,10,17,28,16,9,16,28,17,18,28,18,19,28,19,20,28,28,7,8,10,15,16,15,11,14,15,10,11,14,12,13,14,11,12],"vertices":[1,26,37.94,-14.13,1,1,26,36.51,-1.44,1,1,26,47.67,12.78,1,2,27,13.17,24.5,0.31978,26,63.86,19.81,0.68022,2,27,16.99,20.05,0.57562,26,69.25,22.15,0.42438,2,27,22.02,18.2,0.79933,26,72.5,26.41,0.20067,2,27,29.17,17.81,0.94184,26,74.98,33.13,0.05816,2,28,4.68,24.77,0.09834,27,51.92,16.59,0.90166,2,28,15.14,20.02,0.57601,27,61.49,22.95,0.42399,2,28,25.81,21.4,0.88651,27,65.96,32.73,0.11349,2,29,5.76,25.15,0.16865,28,46.14,24.05,0.83135,2,29,32.32,25.94,0.84535,28,72.57,21.23,0.15465,1,29,43.7,20.64,1,1,29,58.81,5.5,1,1,29,51.75,-14.17,1,1,29,35.11,-31.55,1,2,29,-8.06,-43.67,0.66127,28,23.16,-42.28,0.33873,2,29,-32.72,-38.95,0.2268,28,-0.64,-34.27,0.7732,2,29,-42,-36.41,0.13618,28,-9.5,-30.5,0.86382,1,28,-16.26,-18.1,1,1,27,24.4,-20.75,1,1,27,10.95,-19.96,1,2,27,-2,-14.39,0.90329,26,96.54,-6.16,0.09671,2,27,-7.37,-10.01,0.56037,26,90.77,-10,0.43963,1,26,64.51,-27.48,1,1,26,52.9,-28.75,1,1,26,42.52,-23.82,1,1,27,13.46,-0.97,1,1,28,-1.54,-0.1,1],"hull":27,"edges":[0,52,0,2,2,4,8,10,14,16,20,22,22,24,24,26,26,28,28,30,30,32,32,34,34,36,42,44,48,50,50,52,10,12,12,14,4,6,6,8,44,46,46,48,40,42,36,38,38,40,16,18,18,20],"width":141,"height":159}},"mouth_1":{"mouth_1":{"type":"mesh","uvs":[1,0.35428,1,1,0.77539,1,0.21062,0.69153,0.08175,0.52966,0.01107,0.39224,0.03413,0.27468,0.07238,0.15093,0.14382,0.04987,0.22819,0.02718,0.10641,0.3532,0.14857,0.23945,0.24721,0.11403],"triangles":[4,5,10,12,8,9,10,6,7,11,10,7,7,8,11,12,11,8,5,6,10,4,10,3,10,11,3,0,12,9,3,11,12,2,3,12,0,2,12,2,0,1],"vertices":[1,8,123.88,48.05,1,1,8,149.9,-8.22,1,1,8,114.03,-24.81,1,1,8,11.38,-39.66,1,2,8,-15.73,-35.08,0.20309,6,2.99,-9.61,0.79691,1,6,11.66,6.32,1,1,6,23.65,5.97,1,1,6,37.03,3.27,1,1,6,50.16,-5.67,1,2,8,-12.59,19.52,0.28549,6,56.85,-19.1,0.71451,2,8,-18.9,-17.88,0.06905,6,20.44,-8.47,0.93095,2,8,-16.75,-4.86,0.16059,6,33.13,-12.12,0.83941,2,8,-6.05,13.36,0.47541,6,49.97,-24.88,0.52459],"hull":10,"edges":[10,12,12,14,14,16,16,18,2,0,18,0,10,8,8,6,2,4,6,4],"width":176,"height":96}},"mouth_2":{"mouth_2":{"type":"mesh","uvs":[1,1,0,1,0,0,1,0],"triangles":[1,3,0,1,2,3],"vertices":[1,8,41.72,-5.37,1,1,8,-0.94,-25.1,1,1,7,7.39,7,1,1,7,53.16,-3.69,1],"hull":4,"edges":[0,2,2,4,4,6,0,6],"width":47,"height":72}},"mouth_3":{"mouth_3":{"type":"mesh","uvs":[0.08075,0.08603,0.26124,0.08701,0.38957,0.21299,0.43204,0.30511,0.49769,0.40904,0.57174,0.5079,0.69538,0.55256,0.80992,0.59393,0.96788,0.59402,0.97462,0.67153,0.93819,0.75144,0.81013,0.90581,0.66433,0.97164,0.5532,0.97147,0.41371,0.90717,0.29737,0.79494,0.16724,0.6506,0.06389,0.51816,0.00981,0.36455,0.0096,0.18628],"triangles":[11,12,6,11,6,7,11,7,10,10,8,9,10,7,8,6,12,13,13,5,6,13,14,5,14,15,5,15,4,5,15,3,4,15,16,3,2,16,17,16,2,3,2,17,1,0,1,18,1,17,18,18,19,0],"vertices":[1,9,-14.1,6.08,1,1,9,-0.22,17.62,1,2,9,15.2,19.2,0.7596,10,-3.31,19.4,0.2404,2,9,22.53,17.05,0.45453,10,3.9,16.87,0.54547,3,9,32.17,15.77,0.09061,10,13.45,15.07,0.8188,11,-3.42,18.25,0.09058,2,10,23.47,14.06,0.44572,11,5.22,13.08,0.55428,2,11,17.95,12.57,0.60493,12,1.02,13.14,0.39507,1,12,11.78,8.3,1,1,12,27.33,5.49,1,1,12,27.04,0.11,1,1,12,22.48,-4.67,1,2,11,34.14,-8.96,0.06524,12,7.98,-12.88,0.93476,2,11,20.79,-16.37,0.81851,12,-7.17,-14.76,0.18149,2,10,41.18,-12.65,0.06874,11,9.91,-18.62,0.93126,2,10,27.36,-17.47,0.5841,11,-4.65,-17.11,0.4159,2,9,33.92,-17.5,0.05777,10,13.4,-18.25,0.94223,2,9,17.55,-18.23,0.64123,10,-2.98,-18.09,0.35877,1,9,3.75,-17.86,1,1,9,-7.2,-13.21,1,1,9,-15.11,-3.79,1],"hull":20,"edges":[0,38,0,2,14,16,16,18,18,20,26,28,34,36,36,38,2,4,4,6,6,8,8,10,10,12,12,14,28,30,32,34,30,32,24,26,20,22,24,22],"width":100,"height":69}},"mouth_4":{"mouth_4":{"x":62.68,"y":21.95,"rotation":24.82,"width":113,"height":98}},"tail":{"tail":{"type":"mesh","uvs":[0.76002,0.18038,0.83197,0.17669,0.88449,0.22062,0.94078,0.31552,0.98429,0.45824,1,0.62105,0.99085,0.78602,0.95096,0.90685,0.89673,0.96905,0.83721,0.99192,0.79156,0.96826,0.71648,0.8904,0.64746,0.81883,0.59331,0.76269,0.51027,0.66553,0.43713,0.57996,0.37306,0.51408,0.31319,0.45252,0.27584,0.41528,0.23602,0.39239,0.18284,0.37165,0.1396,0.36735,0.09942,0.37352,0.06149,0.38535,0.02355,0.40024,0,0.39599,0,0.32061,0.03799,0.25495,0.08083,0.20645,0.11539,0.17312,0.12636,0.10224,0.1843,0.05814,0.24705,0.0239,0.36278,0,0.432,0.01918,0.49751,0.03734,0.57298,0.05826,0.65145,0.08001,0.73234,0.10243,0.30811,0.01288],"triangles":[11,4,10,11,2,3,4,11,3,6,7,5,10,4,5,5,8,10,7,8,5,9,10,8,0,13,37,0,37,38,12,13,0,11,12,0,11,0,1,2,11,1,14,15,36,14,36,37,13,14,37,34,17,33,16,17,34,35,16,34,15,16,35,36,15,35,33,39,32,31,20,29,19,31,32,20,31,19,18,32,39,19,32,18,17,39,33,18,39,17,31,29,30,20,21,29,22,28,29,21,22,29,23,27,28,22,23,28,24,26,27,24,25,26,27,23,24],"vertices":[3,16,-30.35,-49.04,0.09306,15,21.9,-44.87,0.77195,14,67.89,-47.13,0.13499,2,15,1.04,-50.13,0.52807,14,46.55,-49.84,0.47193,2,15,-15.54,-48.05,0.30472,14,30.34,-45.79,0.69528,2,15,-34.7,-39.77,0.09151,14,12.32,-35.27,0.90849,1,14,-2.55,-18.16,1,1,14,-9.42,2.4,1,1,14,-8.92,24.01,1,1,14,1.31,40.87,1,2,15,-40.77,45.99,0.08247,14,16.6,50.6,0.91753,2,15,-24.08,52.85,0.21586,14,33.99,55.4,0.78414,2,15,-10.09,52.89,0.36886,14,47.88,53.76,0.63114,2,15,14.05,48.02,0.74336,14,71.26,46.02,0.25664,2,16,-26.91,40.46,0.08571,15,36.24,43.54,0.91429,2,16,-9.2,39.1,0.31435,15,53.65,40.03,0.68565,3,17,-16.31,37.8,0.09889,16,18.44,35.66,0.76689,15,80.66,33.24,0.13423,2,17,7.52,31.98,0.5942,16,42.79,32.63,0.4058,1,17,28.13,28.03,1,2,18,5.54,23.6,0.4428,17,47.39,24.34,0.5572,2,18,16.84,19.07,0.8368,17,59.37,22.18,0.1632,1,18,28.82,16.41,1,2,19,-0.77,14.76,0.27931,18,44.79,14.15,0.72069,2,19,11.74,11.45,0.9368,18,57.73,13.94,0.0632,1,19,23.65,9.67,1,1,19,35.06,8.74,1,1,19,46.55,8.2,1,1,19,53.31,6.16,1,1,19,51.22,-3.42,1,1,19,38.29,-9.32,1,1,19,24.43,-12.74,1,2,19,13.41,-14.76,0.89358,18,65.64,-11.11,0.10642,2,19,8.24,-23.06,0.67516,18,62.62,-20.41,0.32484,2,19,-9.91,-24.95,0.20378,18,45.45,-26.61,0.79622,1,18,26.82,-31.56,1,2,18,-7.69,-35.6,0.47047,17,46.43,-36.32,0.52953,3,18,-28.45,-33.67,0.11195,17,25.71,-38.63,0.80055,16,69.01,-35.41,0.0875,2,17,6.1,-40.82,0.62633,16,49.79,-39.84,0.37367,3,17,-16.48,-43.34,0.19728,16,27.64,-44.96,0.62297,15,79.96,-47.9,0.17976,2,16,4.61,-50.27,0.46186,15,56.45,-50.36,0.53814,2,16,-19.12,-55.76,0.20377,15,32.23,-52.91,0.79623,2,18,8.6,-33.49,0.8223,17,61.96,-30.95,0.1777],"hull":39,"edges":[50,52,60,62,62,64,64,78,78,66,66,68,68,70,70,72,72,74,74,76,76,0,0,2,2,4,4,6,8,10,6,8,10,12,12,14,14,16,16,18,18,20,22,20,26,24,24,22,52,54,54,56,56,58,58,60,48,50,48,46,46,44,44,42,42,40,40,38,38,36,36,34,30,32,32,34,26,28,28,30,64,66],"width":299,"height":130}}}}],"events":{"finished_attacking":{}},"animations":{"attack":{"slots":{"eye_close":{"attachment":[{"time":0.6333,"name":"eye_close"},{"time":0.7333,"name":null}]}},"bones":{"body9":{"rotate":[{"angle":-5.08,"curve":0.334,"c2":0.33,"c3":0.669,"c4":0.67},{"time":0.4333,"angle":34.51,"curve":0.335,"c2":0.34,"c3":0.669,"c4":0.67},{"time":0.6,"angle":-15.07,"curve":0.335,"c2":0.34,"c3":0.668,"c4":0.67},{"time":0.7,"angle":-30.98,"curve":0.335,"c2":0.34,"c3":0.668,"c4":0.67},{"time":0.7667,"angle":7.71,"curve":0.252,"c3":0.622,"c4":0.48},{"time":1,"angle":-5.08}]},"body8":{"rotate":[{"angle":0.94,"curve":0.347,"c2":0.38,"c3":0.683,"c4":0.73},{"time":0.0667,"angle":-0.46,"curve":0.356,"c2":0.45,"c3":0.692,"c4":0.8},{"time":0.4333,"angle":38.34,"curve":0.339,"c2":0.39,"c3":0.673,"c4":0.72},{"time":0.6,"angle":-15.33,"curve":0.349,"c2":0.65,"c3":0.683},{"time":1,"angle":0.94}]},"body":{"rotate":[{"curve":0.25,"c3":0.625,"c4":0.5},{"time":0.5,"angle":-17.36,"curve":0.335,"c2":0.34,"c3":0.67,"c4":0.68},{"time":0.6,"angle":-14.2,"curve":0.381,"c2":0.55,"c3":0.742},{"time":1}],"translate":[{"curve":0.25,"c3":0.75},{"time":0.5,"x":-124.01,"y":-53.83,"curve":0.284,"c3":0.625,"c4":0.38},{"time":0.6,"x":83.92,"y":-12.44,"curve":0.32,"c2":0.29,"c3":0.757},{"time":1}]},"mouth_6":{"rotate":[{"angle":-0.6,"curve":0.34,"c2":0.35,"c3":0.684,"c4":0.72},{"time":0.1333,"angle":-2.92,"curve":0.38,"c2":0.59,"c3":0.727},{"time":0.2667,"angle":-4.32,"curve":0.25,"c3":0.75},{"time":0.7667,"angle":2.56,"curve":0.252,"c3":0.622,"c4":0.48},{"time":1,"angle":-0.6}]},"body2":{"rotate":[{"angle":-3.22,"curve":0.366,"c2":0.63,"c3":0.703},{"time":0.0667,"angle":-3.71,"curve":0.25,"c3":0.75},{"time":0.5667,"angle":3.36,"curve":0.244,"c3":0.7,"c4":0.79},{"time":1,"angle":-3.22}]},"body4":{"rotate":[{"angle":0.73,"curve":0.332,"c2":0.33,"c3":0.676,"c4":0.7},{"time":0.1333,"angle":-1.73,"curve":0.344,"c2":0.37,"c3":0.679,"c4":0.71},{"time":0.5,"angle":-26.95,"curve":0.338,"c2":0.35,"c3":0.671,"c4":0.68},{"time":0.6,"angle":-7.75,"curve":0.344,"c2":0.38,"c3":0.678,"c4":0.72},{"time":0.8,"angle":3.36,"curve":0.258,"c3":0.619,"c4":0.45},{"time":1,"angle":0.73}]},"body6":{"rotate":[{"angle":-1.69,"curve":0.25,"c3":0.75},{"time":0.5,"angle":7.71,"curve":0.25,"c3":0.75},{"time":1,"angle":-1.69}]},"body7":{"rotate":[{"angle":-0.46,"curve":0.361,"c2":0.49,"c3":0.698,"c4":0.84},{"time":0.4333,"angle":39.08,"curve":0.338,"c2":0.39,"c3":0.671,"c4":0.72},{"time":0.6,"angle":-15.9,"curve":0.345,"c2":0.66,"c3":0.679},{"time":1,"angle":-0.46}]},"body5":{"rotate":[{"angle":2.45,"curve":0.311,"c2":0.26,"c3":0.651,"c4":0.61},{"time":0.1,"angle":0.73,"curve":0.33,"c2":0.32,"c3":0.666,"c4":0.66},{"time":0.5,"angle":34.95,"curve":0.334,"c2":0.34,"c3":0.667,"c4":0.67},{"time":0.6,"angle":-10.56,"curve":0.338,"c2":0.35,"c3":0.673,"c4":0.69},{"time":0.9,"angle":3.36,"curve":0.284,"c3":0.625,"c4":0.38},{"time":1,"angle":2.45}],"translate":[{"curve":0.25,"c3":0.75},{"time":0.3333,"x":-7.01,"y":-6.88,"curve":0.25,"c3":0.75},{"time":0.5,"x":-6.79,"y":-1.46,"curve":0.25,"c3":0.75},{"time":0.6,"x":22.94,"y":-28.1,"curve":0.25,"c3":0.75},{"time":1}]},"body3":{"rotate":[{"angle":-1.73,"curve":0.356,"c2":0.42,"c3":0.696,"c4":0.78},{"time":0.1,"angle":-3.22,"curve":0.366,"c2":0.63,"c3":0.703},{"time":0.1667,"angle":-3.71,"curve":0.25,"c3":0.75},{"time":0.6667,"angle":3.36,"curve":0.243,"c3":0.649,"c4":0.6},{"time":1,"angle":-1.73}]},"mouth_5":{"rotate":[{"angle":-0.6,"curve":0.34,"c2":0.35,"c3":0.684,"c4":0.72},{"time":0.1333,"angle":-2.92,"curve":0.38,"c2":0.59,"c3":0.727},{"time":0.2667,"angle":-4.32,"curve":0.25,"c3":0.75},{"time":0.7667,"angle":2.56,"curve":0.252,"c3":0.622,"c4":0.48},{"time":1,"angle":-0.6}]},"mouth_4":{"rotate":[{"angle":-2.92,"curve":0.38,"c2":0.59,"c3":0.727},{"time":0.1333,"angle":-4.32,"curve":0.25,"c3":0.75},{"time":0.6333,"angle":2.56,"curve":0.242,"c3":0.663,"c4":0.65},{"time":1,"angle":-2.92}]},"hand_3":{"rotate":[{"angle":-3.14,"curve":0.366,"c2":0.63,"c3":0.703},{"time":0.0667,"angle":-3.57,"curve":0.25,"c3":0.75},{"time":0.5667,"angle":2.66,"curve":0.244,"c3":0.7,"c4":0.79},{"time":1,"angle":-3.14}]},"hand_4":{"rotate":[{"angle":-1.83,"curve":0.356,"c2":0.42,"c3":0.696,"c4":0.78},{"time":0.1,"angle":-3.14,"curve":0.366,"c2":0.63,"c3":0.703},{"time":0.1667,"angle":-3.57,"curve":0.25,"c3":0.75},{"time":0.6667,"angle":2.66,"curve":0.243,"c3":0.649,"c4":0.6},{"time":1,"angle":-1.83}]},"body10":{"rotate":[{"angle":2.05,"curve":0.326,"c2":0.31,"c3":0.66,"c4":0.64},{"time":0.3333,"angle":2.9,"curve":0.332,"c2":0.33,"c3":0.665,"c4":0.66},{"time":0.4333,"angle":39.98,"curve":0.332,"c2":0.33,"c3":0.665,"c4":0.66},{"time":0.5333,"angle":23.22,"curve":0.333,"c2":0.33,"c3":0.666,"c4":0.66},{"time":0.6,"angle":23.25,"curve":0.332,"c2":0.33,"c3":0.666,"c4":0.66},{"time":0.7,"angle":-37.85,"curve":0.333,"c2":0.33,"c3":0.666,"c4":0.66},{"time":0.8667,"angle":7.71,"curve":0.273,"c3":0.62,"c4":0.41},{"time":1,"angle":2.05}]},"body11":{"rotate":[{"angle":5.89,"curve":0.312,"c2":0.24,"c3":0.648,"c4":0.59},{"time":0.0667,"angle":2.05,"curve":0.321,"c2":0.29,"c3":0.658,"c4":0.64},{"time":0.3333,"angle":-16.46,"curve":0.332,"c2":0.33,"c3":0.665,"c4":0.66},{"time":0.4333,"angle":15.09,"curve":0.284,"c3":0.625,"c4":0.38},{"time":0.5333,"angle":5.83,"curve":0.317,"c2":0.27,"c3":0.653,"c4":0.62},{"time":0.6,"angle":8.21,"curve":0.324,"c2":0.3,"c3":0.668,"c4":0.67},{"time":0.7,"angle":-45.41,"curve":0.381,"c2":0.55,"c3":0.742},{"time":0.9333,"angle":7.71,"curve":0.297,"c3":0.634,"c4":0.37},{"time":1,"angle":5.89}]},"body12":{"rotate":[{"angle":5.89,"curve":0.312,"c2":0.24,"c3":0.648,"c4":0.59},{"time":0.0667,"angle":2.05,"curve":0.321,"c2":0.29,"c3":0.658,"c4":0.64},{"time":0.3333,"angle":-16.46,"curve":0.332,"c2":0.33,"c3":0.665,"c4":0.66},{"time":0.4333,"angle":15.09,"curve":0.284,"c3":0.625,"c4":0.38},{"time":0.5333,"angle":5.83,"curve":0.317,"c2":0.27,"c3":0.653,"c4":0.62},{"time":0.6,"angle":8.21,"curve":0.324,"c2":0.3,"c3":0.668,"c4":0.67},{"time":0.7,"angle":-45.41,"curve":0.381,"c2":0.55,"c3":0.742},{"time":0.9333,"angle":7.71,"curve":0.297,"c3":0.634,"c4":0.37},{"time":1,"angle":5.89}]},"hand_5":{"rotate":[{"angle":-0.21,"curve":0.336,"c2":0.34,"c3":0.676,"c4":0.69},{"time":0.1,"angle":-1.83,"curve":0.356,"c2":0.42,"c3":0.696,"c4":0.78},{"time":0.2,"angle":-3.14,"curve":0.366,"c2":0.63,"c3":0.703},{"time":0.2667,"angle":-3.57,"curve":0.25,"c3":0.75},{"time":0.7667,"angle":2.66,"curve":0.252,"c3":0.622,"c4":0.48},{"time":1,"angle":-0.21}]},"idle2":{"rotate":[{"curve":0.25,"c3":0.75},{"time":0.5,"angle":49.65,"curve":0.284,"c3":0.625,"c4":0.38},{"time":0.6,"angle":-4.99,"curve":0.32,"c2":0.29,"c3":0.757},{"time":1}]},"hand_2":{"rotate":[{"angle":-3.14,"curve":0.366,"c2":0.63,"c3":0.703},{"time":0.0667,"angle":-3.57,"curve":0.25,"c3":0.75},{"time":0.5667,"angle":2.66,"curve":0.244,"c3":0.7,"c4":0.79},{"time":1,"angle":-3.14}]},"hand_6":{"rotate":[{"angle":-0.21,"curve":0.336,"c2":0.34,"c3":0.676,"c4":0.69},{"time":0.1,"angle":-1.83,"curve":0.356,"c2":0.42,"c3":0.696,"c4":0.78},{"time":0.2,"angle":-3.14,"curve":0.366,"c2":0.63,"c3":0.703},{"time":0.2667,"angle":-3.57,"curve":0.25,"c3":0.75},{"time":0.7667,"angle":2.66,"curve":0.252,"c3":0.622,"c4":0.48},{"time":1,"angle":-0.21}]},"hand_1":{"rotate":[{"angle":-1.83,"curve":0.356,"c2":0.42,"c3":0.696,"c4":0.78},{"time":0.1,"angle":-3.14,"curve":0.366,"c2":0.63,"c3":0.703},{"time":0.1667,"angle":-3.57,"curve":0.25,"c3":0.75},{"time":0.6667,"angle":2.66,"curve":0.243,"c3":0.649,"c4":0.6},{"time":1,"angle":-1.83}]},"mouth_1":{"rotate":[{"angle":3.41,"curve":0.25,"c3":0.75},{"time":0.5,"angle":-3.1,"curve":0.284,"c3":0.625,"c4":0.38},{"time":0.6,"angle":33.29,"curve":"stepped"},{"time":0.6667,"angle":33.29,"curve":0.32,"c2":0.29,"c3":0.757},{"time":1,"angle":3.41}],"translate":[{"curve":0.25,"c3":0.75},{"time":0.6,"x":1.16,"y":9.9}],"scale":[{"time":0.5667,"curve":0.25,"c3":0.75},{"time":0.6667,"x":1.134,"curve":0.25,"c3":0.75},{"time":1}]},"idle":{"rotate":[{"curve":0.25,"c3":0.75},{"time":0.5,"angle":43.99,"curve":0.284,"c3":0.625,"c4":0.38},{"time":0.6,"angle":-9.91,"curve":0.32,"c2":0.29,"c3":0.757},{"time":1}]},"leg_5":{"translate":[{"time":0.3333,"curve":0.25,"c3":0.75},{"time":0.4667,"x":-11.08,"curve":0.25,"c3":0.75},{"time":0.5333}]}},"deform":{"default":{"Shadow":{"Shadow":[{"curve":0.25,"c3":0.75},{"time":0.4333,"vertices":[-25.30914,0,-25.30914,0,-25.30914,0,-25.30914],"curve":0.25,"c3":0.75},{"time":0.7333,"vertices":[5.80627,0,5.80627,0,5.80627,0,5.80627],"curve":0.25,"c3":0.75},{"time":1}]},"body":{"body":[{"time":0.5,"curve":0.25,"c3":0.75},{"time":0.6,"vertices":[3.5314,1.76743,11.87744,8.3532,22.15106,11.08618,28.21759,12.25941,25.02405,13.32246,28.98605,16.47953,17.69119,13.08453,20.64496,7.61485,6.38693,15.6508,11.44138,12.44281,14.46506,8.74676,0,0,0,0,0,0,0,0,0,0,0,0,0,0,0,0,0,0,0,0,0,0,0,0,0,0,0,0,0,0,0,0,0,0,0,0,0,0,0,0,0,0,0,0,0,0,0,0,0,0,0,0,0,0,0,0,0,0,0,0,0,0,0,0,0,0,0,0,0,0,0,0,0,0,0,0,0,0,0,0,0,0,0,0,0,0,0,0,0,0,0,0,0,0,0,0,0,0,0,0,0,0,0,0,0,0,0,0,0,0,0,0,0,0,0,0,0,0,0,0,0,0,0,0,0,0,0,0,0,0,0,0,0,0,0,0,0,0,0,0,0,0,0,0,0,0,0,0,0,0,0,0,0,0,0,0,0,0,0,0,0,0,0,0,0,0,0,0,0,0,0,0,0,0,0,0,0,0,0,0,0,0,0,0,0,0,0,0,0,0,0,0,0,0,0,0,0,0,0,0,0,0,0,0,0,0,0,0,0,0,0,0,0,0,0,0,0,0,0,0,0,0,0,0,0,0,0,0,0,0,0,0,0,0,0,0,0,0,0,0,0,0,12.3186,7.44214,13.90869,3.70021],"curve":0.25,"c3":0.75},{"time":1}]}}},"drawOrder":[{"offsets":[{"slot":"head","offset":1}]}],"events":[{"time":0.6,"name":"finished_attacking"}]},"die":{"slots":{"eye_close":{"attachment":[{"time":1.1,"name":"eye_close"}]}},"bones":{"body":{"rotate":[{"time":0.8,"curve":0.25,"c4":0.38},{"time":1,"angle":-23.3}],"translate":[{"curve":0.25,"c3":0.75},{"time":0.8,"x":-51.52,"y":-11.32,"curve":0.25,"c4":0.38},{"time":1,"x":118.93,"y":-165.73,"curve":0.25,"c3":0.75},{"time":1.1,"x":122.79,"y":-142.97,"curve":0.25,"c3":0.75},{"time":1.2,"x":122.79,"y":-163.15,"curve":"stepped"},{"time":1.6667,"x":122.79,"y":-163.15}]},"body7":{"rotate":[{"angle":-0.46,"curve":0.375,"c2":0.62,"c3":0.716},{"time":0.1,"angle":-1.69,"curve":0.25,"c3":0.75},{"time":0.6,"angle":7.71,"curve":0.243,"c3":0.68,"c4":0.71},{"time":1,"angle":-0.46,"curve":0.375,"c2":0.62,"c3":0.716},{"time":1.2,"angle":-40.01,"curve":0.25,"c4":0.73},{"time":1.5333,"angle":31.65}]},"body6":{"rotate":[{"angle":-1.69,"curve":0.25,"c3":0.75},{"time":0.5,"angle":7.71,"curve":0.25,"c3":0.75},{"time":1,"angle":-1.69}]},"mouth_6":{"rotate":[{"angle":-0.6,"curve":0.34,"c2":0.35,"c3":0.684,"c4":0.72},{"time":0.1333,"angle":-2.92,"curve":0.38,"c2":0.59,"c3":0.727},{"time":0.2667,"angle":-4.32,"curve":0.25,"c3":0.75},{"time":0.7667,"angle":2.56,"curve":0.252,"c3":0.622,"c4":0.48},{"time":1,"angle":-0.6}]},"mouth_4":{"rotate":[{"angle":-2.92,"curve":0.38,"c2":0.59,"c3":0.727},{"time":0.1333,"angle":-4.32,"curve":0.25,"c3":0.75},{"time":0.6333,"angle":2.56,"curve":0.242,"c3":0.663,"c4":0.65},{"time":1,"angle":-2.92}]},"idle2":{"rotate":[{"curve":0.25,"c3":0.75},{"time":0.5,"angle":10.32,"curve":0.25,"c3":0.75},{"time":1,"curve":0.25,"c3":0.75},{"time":1.1333,"angle":-35.19}],"translate":[{"time":1,"curve":0.25,"c3":0.75},{"time":1.1333,"x":2.87,"y":-16.18}]},"body2":{"rotate":[{"angle":-3.22,"curve":0.366,"c2":0.63,"c3":0.703},{"time":0.0667,"angle":-3.71,"curve":0.25,"c3":0.75},{"time":0.5667,"angle":3.36,"curve":0.244,"c3":0.7,"c4":0.79},{"time":1,"angle":-3.22}]},"body4":{"rotate":[{"angle":0.73,"curve":0.33,"c2":0.32,"c3":0.665,"c4":0.66},{"time":0.3,"angle":-10.22,"curve":0.336,"c2":0.34,"c3":0.673,"c4":0.69},{"time":0.7333,"angle":11.67,"curve":0.335,"c2":0.34,"c3":0.668,"c4":0.67},{"time":1,"angle":6.51,"curve":0.332,"c2":0.33,"c3":0.676,"c4":0.7},{"time":1.0667,"angle":-14.85}]},"body5":{"rotate":[{"angle":2.45,"curve":0.324,"c2":0.3,"c3":0.658,"c4":0.63},{"time":0.3,"angle":-9.22,"curve":0.324,"c2":0.3,"c3":0.659,"c4":0.64},{"time":0.7333,"angle":9.74,"curve":0.331,"c2":0.33,"c3":0.665,"c4":0.66},{"time":1,"angle":8.23,"curve":0.311,"c2":0.26,"c3":0.651,"c4":0.61},{"time":1.0667,"angle":-13.13}]},"body3":{"rotate":[{"angle":-1.73,"curve":0.342,"c2":0.36,"c3":0.676,"c4":0.7},{"time":0.3,"angle":-11.11,"curve":0.35,"c2":0.4,"c3":0.685,"c4":0.75},{"time":0.7333,"angle":13.4,"curve":0.243,"c3":0.649,"c4":0.6},{"time":1,"angle":4.05,"curve":0.356,"c2":0.42,"c3":0.696,"c4":0.78},{"time":1.0667,"angle":-17.31}]},"mouth_1":{"rotate":[{"angle":3.41,"curve":0.269,"c3":0.618,"c4":0.42},{"time":0.3,"angle":-8.53,"curve":0.322,"c2":0.3,"c3":0.684,"c4":0.72},{"time":0.7333,"angle":10.23,"curve":0.352,"c2":0.41,"c3":0.688,"c4":0.76},{"time":0.8667,"angle":29.49,"curve":0.366,"c2":0.63,"c3":0.703},{"time":1,"angle":28.14,"curve":0.25,"c3":0.75},{"time":1.0667,"angle":-12.17}]},"hand_6":{"rotate":[{"angle":-0.21,"curve":0.336,"c2":0.34,"c3":0.676,"c4":0.69},{"time":0.1,"angle":-1.83,"curve":0.356,"c2":0.42,"c3":0.696,"c4":0.78},{"time":0.2,"angle":-3.14,"curve":0.366,"c2":0.63,"c3":0.703},{"time":0.2667,"angle":-3.57,"curve":0.25,"c3":0.75},{"time":0.7667,"angle":2.66,"curve":0.252,"c3":0.622,"c4":0.48},{"time":1,"angle":-0.21}]},"body11":{"rotate":[{"angle":5.89,"curve":0.312,"c2":0.24,"c3":0.648,"c4":0.59},{"time":0.0667,"angle":2.05,"curve":0.318,"c2":0.28,"c3":0.658,"c4":0.64},{"time":0.1667,"angle":-5.08,"curve":0.336,"c2":0.34,"c3":0.676,"c4":0.69},{"time":0.2667,"angle":-12.33,"curve":0.347,"c2":0.38,"c3":0.683,"c4":0.73},{"time":0.3333,"angle":-16.5,"curve":0.375,"c2":0.62,"c3":0.716},{"time":0.4333,"angle":-20.12,"curve":0.25,"c3":0.75},{"time":0.9333,"angle":7.71,"curve":0.297,"c3":0.634,"c4":0.37},{"time":1,"angle":5.89,"curve":0.321,"c2":0.28,"c3":0.655,"c4":0.61},{"time":1.1,"angle":15.37,"curve":0.324,"c2":0.3,"c3":0.658,"c4":0.63},{"time":1.2,"angle":-33.66,"curve":0.25,"c4":0.73},{"time":1.3333,"angle":-36.24,"curve":0.369,"c2":0.47,"c3":0.753},{"time":1.5333,"angle":-28.82}]},"body12":{"rotate":[{"angle":5.89,"curve":0.312,"c2":0.24,"c3":0.648,"c4":0.59},{"time":0.0667,"angle":2.05,"curve":0.318,"c2":0.28,"c3":0.658,"c4":0.64},{"time":0.1667,"angle":-5.08,"curve":0.336,"c2":0.34,"c3":0.676,"c4":0.69},{"time":0.2667,"angle":-12.33,"curve":0.347,"c2":0.38,"c3":0.683,"c4":0.73},{"time":0.3333,"angle":-16.5,"curve":0.375,"c2":0.62,"c3":0.716},{"time":0.4333,"angle":-20.12,"curve":0.25,"c3":0.75},{"time":0.9333,"angle":7.71,"curve":0.297,"c3":0.634,"c4":0.37},{"time":1,"angle":5.89,"curve":0.312,"c2":0.24,"c3":0.648,"c4":0.59},{"time":1.1,"angle":33.26,"curve":0.25,"c3":0.75},{"time":1.2,"angle":-46.84,"curve":0.25,"c4":0.73},{"time":1.5333,"angle":-42.17}]},"body8":{"rotate":[{"angle":0.94,"curve":0.347,"c2":0.38,"c3":0.683,"c4":0.73},{"time":0.0667,"angle":-0.46,"curve":0.375,"c2":0.62,"c3":0.716},{"time":0.1667,"angle":-1.69,"curve":0.25,"c3":0.75},{"time":0.6667,"angle":7.71,"curve":0.243,"c3":0.649,"c4":0.6},{"time":1,"angle":0.94,"curve":0.347,"c2":0.38,"c3":0.683,"c4":0.73},{"time":1.2,"angle":-38.6,"curve":0.25,"c4":0.73},{"time":1.5333,"angle":33.06}]},"body9":{"rotate":[{"angle":-5.08,"curve":0.336,"c2":0.34,"c3":0.676,"c4":0.69},{"time":0.1,"angle":-12.33,"curve":0.347,"c2":0.38,"c3":0.683,"c4":0.73},{"time":0.1667,"angle":-16.5,"curve":0.375,"c2":0.62,"c3":0.716},{"time":0.2667,"angle":-20.12,"curve":0.25,"c3":0.75},{"time":0.7667,"angle":7.71,"curve":0.252,"c3":0.622,"c4":0.48},{"time":1,"angle":-5.08,"curve":0.333,"c2":0.33,"c3":0.668,"c4":0.67},{"time":1.1,"angle":2.15,"curve":0.338,"c2":0.35,"c3":0.673,"c4":0.69},{"time":1.2,"angle":-44.63,"curve":0.25,"c4":0.73},{"time":1.5333,"angle":27.03}]},"body10":{"rotate":[{"angle":2.05,"curve":0.318,"c2":0.28,"c3":0.658,"c4":0.64},{"time":0.1,"angle":-5.08,"curve":0.336,"c2":0.34,"c3":0.676,"c4":0.69},{"time":0.2,"angle":-12.33,"curve":0.347,"c2":0.38,"c3":0.683,"c4":0.73},{"time":0.2667,"angle":-16.5,"curve":0.375,"c2":0.62,"c3":0.716},{"time":0.3667,"angle":-20.12,"curve":0.25,"c3":0.75},{"time":0.8667,"angle":7.71,"curve":0.273,"c3":0.62,"c4":0.41},{"time":1,"angle":2.05,"curve":0.324,"c2":0.3,"c3":0.659,"c4":0.64},{"time":1.1,"angle":10.44,"curve":0.329,"c2":0.32,"c3":0.664,"c4":0.66},{"time":1.2,"angle":-37.49,"curve":0.25,"c4":0.73},{"time":1.3333,"angle":-40.07,"curve":0.369,"c2":0.47,"c3":0.753},{"time":1.5333,"angle":-32.66}]},"hand_3":{"rotate":[{"angle":-3.14,"curve":0.366,"c2":0.63,"c3":0.703},{"time":0.0667,"angle":-3.57,"curve":0.25,"c3":0.75},{"time":0.5667,"angle":2.66,"curve":0.244,"c3":0.7,"c4":0.79},{"time":1,"angle":-3.14}]},"mouth_5":{"rotate":[{"angle":-0.6,"curve":0.34,"c2":0.35,"c3":0.684,"c4":0.72},{"time":0.1333,"angle":-2.92,"curve":0.38,"c2":0.59,"c3":0.727},{"time":0.2667,"angle":-4.32,"curve":0.25,"c3":0.75},{"time":0.7667,"angle":2.56,"curve":0.252,"c3":0.622,"c4":0.48},{"time":1,"angle":-0.6}]},"hand_4":{"rotate":[{"angle":-1.83,"curve":0.356,"c2":0.42,"c3":0.696,"c4":0.78},{"time":0.1,"angle":-3.14,"curve":0.366,"c2":0.63,"c3":0.703},{"time":0.1667,"angle":-3.57,"curve":0.25,"c3":0.75},{"time":0.6667,"angle":2.66,"curve":0.243,"c3":0.649,"c4":0.6},{"time":1,"angle":-1.83}]},"hand_2":{"rotate":[{"angle":-3.14,"curve":0.366,"c2":0.63,"c3":0.703},{"time":0.0667,"angle":-3.57,"curve":0.25,"c3":0.75},{"time":0.5667,"angle":2.66,"curve":0.244,"c3":0.7,"c4":0.79},{"time":1,"angle":-3.14}]},"hand_5":{"rotate":[{"angle":-0.21,"curve":0.336,"c2":0.34,"c3":0.676,"c4":0.69},{"time":0.1,"angle":-1.83,"curve":0.356,"c2":0.42,"c3":0.696,"c4":0.78},{"time":0.2,"angle":-3.14,"curve":0.366,"c2":0.63,"c3":0.703},{"time":0.2667,"angle":-3.57,"curve":0.25,"c3":0.75},{"time":0.7667,"angle":2.66,"curve":0.252,"c3":0.622,"c4":0.48},{"time":1,"angle":-0.21}]},"hand_1":{"rotate":[{"angle":-1.83,"curve":0.356,"c2":0.42,"c3":0.696,"c4":0.78},{"time":0.1,"angle":-3.14,"curve":0.366,"c2":0.63,"c3":0.703},{"time":0.1667,"angle":-3.57,"curve":0.25,"c3":0.75},{"time":0.6667,"angle":2.66,"curve":0.243,"c3":0.649,"c4":0.6},{"time":1,"angle":-1.83}]},"idle":{"rotate":[{"curve":0.25,"c3":0.75},{"time":0.5,"angle":4.66,"curve":0.25,"c3":0.75},{"time":1,"curve":0.25,"c3":0.75},{"time":1.1333,"angle":-53.93}]},"head":{"rotate":[{"curve":0.25,"c3":0.75},{"time":0.3,"angle":-11.94,"curve":0.25,"c3":0.75},{"time":0.7333,"angle":-1.9,"curve":0.25,"c3":0.75},{"time":1,"angle":3.88,"curve":0.25,"c3":0.75},{"time":1.0667,"angle":-17.48}]},"leg_5":{"rotate":[{"time":1,"curve":0.25,"c3":0.75},{"time":1.1333,"angle":-99.24}],"translate":[{"time":1,"curve":0.25,"c3":0.75},{"time":1.1333,"x":-24.47,"y":-2.82}]},"leg_11":{"rotate":[{"time":1,"curve":0.25,"c3":0.75},{"time":1.1333,"angle":-130.32}],"translate":[{"time":1,"curve":0.25,"c3":0.75},{"time":1.1333,"x":-77.16,"y":1.88}]}},"deform":{"default":{"Shadow":{"Shadow":[{"time":0.8,"curve":0.25,"c3":0.75},{"time":1.1,"vertices":[277.31494,-15.17598,15.36513,-15.17598,12.11311,0,274.06293]}]}}}},"idle":{"slots":{"eye_close":{"attachment":[{"time":0.8,"name":"eye_close"},{"time":0.9667,"name":null}]}},"bones":{"body":{"translate":[{"curve":0.25,"c3":0.75},{"time":0.5,"x":-3.71,"y":-16.8,"curve":0.25,"c3":0.75},{"time":1,"curve":0.25,"c3":0.75},{"time":1.5,"x":-3.71,"y":-16.8,"curve":0.25,"c3":0.75},{"time":2}]},"body2":{"rotate":[{"angle":-3.22,"curve":0.366,"c2":0.63,"c3":0.703},{"time":0.0667,"angle":-3.71,"curve":0.25,"c3":0.75},{"time":0.5667,"angle":3.36,"curve":0.244,"c3":0.7,"c4":0.79},{"time":1,"angle":-3.22,"curve":0.366,"c2":0.63,"c3":0.703},{"time":1.0667,"angle":-3.71,"curve":0.25,"c3":0.75},{"time":1.5667,"angle":3.36,"curve":0.244,"c3":0.7,"c4":0.79},{"time":2,"angle":-3.22}]},"body3":{"rotate":[{"angle":-1.73,"curve":0.356,"c2":0.42,"c3":0.696,"c4":0.78},{"time":0.1,"angle":-3.22,"curve":0.366,"c2":0.63,"c3":0.703},{"time":0.1667,"angle":-3.71,"curve":0.25,"c3":0.75},{"time":0.6667,"angle":3.36,"curve":0.243,"c3":0.649,"c4":0.6},{"time":1,"angle":-1.73,"curve":0.356,"c2":0.42,"c3":0.696,"c4":0.78},{"time":1.1,"angle":-3.22,"curve":0.366,"c2":0.63,"c3":0.703},{"time":1.1667,"angle":-3.71,"curve":0.25,"c3":0.75},{"time":1.6667,"angle":3.36,"curve":0.243,"c3":0.649,"c4":0.6},{"time":2,"angle":-1.73}]},"body4":{"rotate":[{"angle":0.73,"curve":0.332,"c2":0.33,"c3":0.676,"c4":0.7},{"time":0.1333,"angle":-1.73,"curve":0.356,"c2":0.42,"c3":0.696,"c4":0.78},{"time":0.2333,"angle":-3.22,"curve":0.366,"c2":0.63,"c3":0.703},{"time":0.3,"angle":-3.71,"curve":0.25,"c3":0.75},{"time":0.8,"angle":3.36,"curve":0.258,"c3":0.619,"c4":0.45},{"time":1,"angle":0.73,"curve":0.332,"c2":0.33,"c3":0.676,"c4":0.7},{"time":1.1333,"angle":-1.73,"curve":0.356,"c2":0.42,"c3":0.696,"c4":0.78},{"time":1.2333,"angle":-3.22,"curve":0.366,"c2":0.63,"c3":0.703},{"time":1.3,"angle":-3.71,"curve":0.25,"c3":0.75},{"time":1.8,"angle":3.36,"curve":0.258,"c3":0.619,"c4":0.45},{"time":2,"angle":0.73}]},"body5":{"rotate":[{"angle":2.45,"curve":0.311,"c2":0.26,"c3":0.651,"c4":0.61},{"time":0.1,"angle":0.73,"curve":0.332,"c2":0.33,"c3":0.676,"c4":0.7},{"time":0.2333,"angle":-1.73,"curve":0.356,"c2":0.42,"c3":0.696,"c4":0.78},{"time":0.3333,"angle":-3.22,"curve":0.366,"c2":0.63,"c3":0.703},{"time":0.4,"angle":-3.71,"curve":0.25,"c3":0.75},{"time":0.9,"angle":3.36,"curve":0.284,"c3":0.625,"c4":0.38},{"time":1,"angle":2.45,"curve":0.311,"c2":0.26,"c3":0.651,"c4":0.61},{"time":1.1,"angle":0.73,"curve":0.332,"c2":0.33,"c3":0.676,"c4":0.7},{"time":1.2333,"angle":-1.73,"curve":0.356,"c2":0.42,"c3":0.696,"c4":0.78},{"time":1.3333,"angle":-3.22,"curve":0.366,"c2":0.63,"c3":0.703},{"time":1.4,"angle":-3.71,"curve":0.25,"c3":0.75},{"time":1.9,"angle":3.36,"curve":0.284,"c3":0.625,"c4":0.38},{"time":2,"angle":2.45}]},"body6":{"rotate":[{"angle":-1.69,"curve":0.25,"c3":0.75},{"time":0.5,"angle":7.71,"curve":0.25,"c3":0.75},{"time":1,"angle":-1.69,"curve":0.25,"c3":0.75},{"time":1.5,"angle":7.71,"curve":0.25,"c3":0.75},{"time":2,"angle":-1.69}]},"body7":{"rotate":[{"angle":-0.46,"curve":0.375,"c2":0.62,"c3":0.716},{"time":0.1,"angle":-1.69,"curve":0.25,"c3":0.75},{"time":0.6,"angle":7.71,"curve":0.243,"c3":0.68,"c4":0.71},{"time":1,"angle":-0.46,"curve":0.375,"c2":0.62,"c3":0.716},{"time":1.1,"angle":-1.69,"curve":0.25,"c3":0.75},{"time":1.6,"angle":7.71,"curve":0.243,"c3":0.68,"c4":0.71},{"time":2,"angle":-0.46}]},"body8":{"rotate":[{"angle":0.94,"curve":0.347,"c2":0.38,"c3":0.683,"c4":0.73},{"time":0.0667,"angle":-0.46,"curve":0.375,"c2":0.62,"c3":0.716},{"time":0.1667,"angle":-1.69,"curve":0.25,"c3":0.75},{"time":0.6667,"angle":7.71,"curve":0.243,"c3":0.649,"c4":0.6},{"time":1,"angle":0.94,"curve":0.347,"c2":0.38,"c3":0.683,"c4":0.73},{"time":1.0667,"angle":-0.46,"curve":0.375,"c2":0.62,"c3":0.716},{"time":1.1667,"angle":-1.69,"curve":0.25,"c3":0.75},{"time":1.6667,"angle":7.71,"curve":0.243,"c3":0.649,"c4":0.6},{"time":2,"angle":0.94}]},"body9":{"rotate":[{"angle":-5.08,"curve":0.336,"c2":0.34,"c3":0.676,"c4":0.69},{"time":0.1,"angle":-12.33,"curve":0.347,"c2":0.38,"c3":0.683,"c4":0.73},{"time":0.1667,"angle":-16.5,"curve":0.375,"c2":0.62,"c3":0.716},{"time":0.2667,"angle":-20.12,"curve":0.25,"c3":0.75},{"time":0.7667,"angle":7.71,"curve":0.252,"c3":0.622,"c4":0.48},{"time":1,"angle":-5.08,"curve":0.336,"c2":0.34,"c3":0.676,"c4":0.69},{"time":1.1,"angle":-12.33,"curve":0.347,"c2":0.38,"c3":0.683,"c4":0.73},{"time":1.1667,"angle":-16.5,"curve":0.375,"c2":0.62,"c3":0.716},{"time":1.2667,"angle":-20.12,"curve":0.25,"c3":0.75},{"time":1.7667,"angle":7.71,"curve":0.252,"c3":0.622,"c4":0.48},{"time":2,"angle":-5.08}]},"body10":{"rotate":[{"angle":2.05,"curve":0.318,"c2":0.28,"c3":0.658,"c4":0.64},{"time":0.1,"angle":-5.08,"curve":0.336,"c2":0.34,"c3":0.676,"c4":0.69},{"time":0.2,"angle":-12.33,"curve":0.347,"c2":0.38,"c3":0.683,"c4":0.73},{"time":0.2667,"angle":-16.5,"curve":0.375,"c2":0.62,"c3":0.716},{"time":0.3667,"angle":-20.12,"curve":0.25,"c3":0.75},{"time":0.8667,"angle":7.71,"curve":0.273,"c3":0.62,"c4":0.41},{"time":1,"angle":2.05,"curve":0.318,"c2":0.28,"c3":0.658,"c4":0.64},{"time":1.1,"angle":-5.08,"curve":0.336,"c2":0.34,"c3":0.676,"c4":0.69},{"time":1.2,"angle":-12.33,"curve":0.347,"c2":0.38,"c3":0.683,"c4":0.73},{"time":1.2667,"angle":-16.5,"curve":0.375,"c2":0.62,"c3":0.716},{"time":1.3667,"angle":-20.12,"curve":0.25,"c3":0.75},{"time":1.8667,"angle":7.71,"curve":0.273,"c3":0.62,"c4":0.41},{"time":2,"angle":2.05}]},"body11":{"rotate":[{"angle":5.89,"curve":0.312,"c2":0.24,"c3":0.648,"c4":0.59},{"time":0.0667,"angle":2.05,"curve":0.318,"c2":0.28,"c3":0.658,"c4":0.64},{"time":0.1667,"angle":-5.08,"curve":0.336,"c2":0.34,"c3":0.676,"c4":0.69},{"time":0.2667,"angle":-12.33,"curve":0.347,"c2":0.38,"c3":0.683,"c4":0.73},{"time":0.3333,"angle":-16.5,"curve":0.375,"c2":0.62,"c3":0.716},{"time":0.4333,"angle":-20.12,"curve":0.25,"c3":0.75},{"time":0.9333,"angle":7.71,"curve":0.297,"c3":0.634,"c4":0.37},{"time":1,"angle":5.89,"curve":0.312,"c2":0.24,"c3":0.648,"c4":0.59},{"time":1.0667,"angle":2.05,"curve":0.318,"c2":0.28,"c3":0.658,"c4":0.64},{"time":1.1667,"angle":-5.08,"curve":0.336,"c2":0.34,"c3":0.676,"c4":0.69},{"time":1.2667,"angle":-12.33,"curve":0.347,"c2":0.38,"c3":0.683,"c4":0.73},{"time":1.3333,"angle":-16.5,"curve":0.375,"c2":0.62,"c3":0.716},{"time":1.4333,"angle":-20.12,"curve":0.25,"c3":0.75},{"time":1.9333,"angle":7.71,"curve":0.297,"c3":0.634,"c4":0.37},{"time":2,"angle":5.89}]},"body12":{"rotate":[{"angle":5.89,"curve":0.312,"c2":0.24,"c3":0.648,"c4":0.59},{"time":0.0667,"angle":2.05,"curve":0.318,"c2":0.28,"c3":0.658,"c4":0.64},{"time":0.1667,"angle":-5.08,"curve":0.336,"c2":0.34,"c3":0.676,"c4":0.69},{"time":0.2667,"angle":-12.33,"curve":0.347,"c2":0.38,"c3":0.683,"c4":0.73},{"time":0.3333,"angle":-16.5,"curve":0.375,"c2":0.62,"c3":0.716},{"time":0.4333,"angle":-20.12,"curve":0.25,"c3":0.75},{"time":0.9333,"angle":7.71,"curve":0.297,"c3":0.634,"c4":0.37},{"time":1,"angle":5.89,"curve":0.312,"c2":0.24,"c3":0.648,"c4":0.59},{"time":1.0667,"angle":2.05,"curve":0.318,"c2":0.28,"c3":0.658,"c4":0.64},{"time":1.1667,"angle":-5.08,"curve":0.336,"c2":0.34,"c3":0.676,"c4":0.69},{"time":1.2667,"angle":-12.33,"curve":0.347,"c2":0.38,"c3":0.683,"c4":0.73},{"time":1.3333,"angle":-16.5,"curve":0.375,"c2":0.62,"c3":0.716},{"time":1.4333,"angle":-20.12,"curve":0.25,"c3":0.75},{"time":1.9333,"angle":7.71,"curve":0.297,"c3":0.634,"c4":0.37},{"time":2,"angle":5.89}]},"hand_3":{"rotate":[{"angle":-3.14,"curve":0.366,"c2":0.63,"c3":0.703},{"time":0.0667,"angle":-3.57,"curve":0.25,"c3":0.75},{"time":0.5667,"angle":2.66,"curve":0.244,"c3":0.7,"c4":0.79},{"time":1,"angle":-3.14,"curve":0.366,"c2":0.63,"c3":0.703},{"time":1.0667,"angle":-3.57,"curve":0.25,"c3":0.75},{"time":1.5667,"angle":2.66,"curve":0.244,"c3":0.7,"c4":0.79},{"time":2,"angle":-3.14}]},"hand_4":{"rotate":[{"angle":-1.83,"curve":0.356,"c2":0.42,"c3":0.696,"c4":0.78},{"time":0.1,"angle":-3.14,"curve":0.366,"c2":0.63,"c3":0.703},{"time":0.1667,"angle":-3.57,"curve":0.25,"c3":0.75},{"time":0.6667,"angle":2.66,"curve":0.243,"c3":0.649,"c4":0.6},{"time":1,"angle":-1.83,"curve":0.356,"c2":0.42,"c3":0.696,"c4":0.78},{"time":1.1,"angle":-3.14,"curve":0.366,"c2":0.63,"c3":0.703},{"time":1.1667,"angle":-3.57,"curve":0.25,"c3":0.75},{"time":1.6667,"angle":2.66,"curve":0.243,"c3":0.649,"c4":0.6},{"time":2,"angle":-1.83}]},"hand_5":{"rotate":[{"angle":-0.21,"curve":0.336,"c2":0.34,"c3":0.676,"c4":0.69},{"time":0.1,"angle":-1.83,"curve":0.356,"c2":0.42,"c3":0.696,"c4":0.78},{"time":0.2,"angle":-3.14,"curve":0.366,"c2":0.63,"c3":0.703},{"time":0.2667,"angle":-3.57,"curve":0.25,"c3":0.75},{"time":0.7667,"angle":2.66,"curve":0.252,"c3":0.622,"c4":0.48},{"time":1,"angle":-0.21,"curve":0.336,"c2":0.34,"c3":0.676,"c4":0.69},{"time":1.1,"angle":-1.83,"curve":0.356,"c2":0.42,"c3":0.696,"c4":0.78},{"time":1.2,"angle":-3.14,"curve":0.366,"c2":0.63,"c3":0.703},{"time":1.2667,"angle":-3.57,"curve":0.25,"c3":0.75},{"time":1.7667,"angle":2.66,"curve":0.252,"c3":0.622,"c4":0.48},{"time":2,"angle":-0.21}]},"hand_2":{"rotate":[{"angle":-3.14,"curve":0.366,"c2":0.63,"c3":0.703},{"time":0.0667,"angle":-3.57,"curve":0.25,"c3":0.75},{"time":0.5667,"angle":2.66,"curve":0.244,"c3":0.7,"c4":0.79},{"time":1,"angle":-3.14,"curve":0.366,"c2":0.63,"c3":0.703},{"time":1.0667,"angle":-3.57,"curve":0.25,"c3":0.75},{"time":1.5667,"angle":2.66,"curve":0.244,"c3":0.7,"c4":0.79},{"time":2,"angle":-3.14}]},"hand_1":{"rotate":[{"angle":-1.83,"curve":0.356,"c2":0.42,"c3":0.696,"c4":0.78},{"time":0.1,"angle":-3.14,"curve":0.366,"c2":0.63,"c3":0.703},{"time":0.1667,"angle":-3.57,"curve":0.25,"c3":0.75},{"time":0.6667,"angle":2.66,"curve":0.243,"c3":0.649,"c4":0.6},{"time":1,"angle":-1.83,"curve":0.356,"c2":0.42,"c3":0.696,"c4":0.78},{"time":1.1,"angle":-3.14,"curve":0.366,"c2":0.63,"c3":0.703},{"time":1.1667,"angle":-3.57,"curve":0.25,"c3":0.75},{"time":1.6667,"angle":2.66,"curve":0.243,"c3":0.649,"c4":0.6},{"time":2,"angle":-1.83}]},"hand_6":{"rotate":[{"angle":-0.21,"curve":0.336,"c2":0.34,"c3":0.676,"c4":0.69},{"time":0.1,"angle":-1.83,"curve":0.356,"c2":0.42,"c3":0.696,"c4":0.78},{"time":0.2,"angle":-3.14,"curve":0.366,"c2":0.63,"c3":0.703},{"time":0.2667,"angle":-3.57,"curve":0.25,"c3":0.75},{"time":0.7667,"angle":2.66,"curve":0.252,"c3":0.622,"c4":0.48},{"time":1,"angle":-0.21,"curve":0.336,"c2":0.34,"c3":0.676,"c4":0.69},{"time":1.1,"angle":-1.83,"curve":0.356,"c2":0.42,"c3":0.696,"c4":0.78},{"time":1.2,"angle":-3.14,"curve":0.366,"c2":0.63,"c3":0.703},{"time":1.2667,"angle":-3.57,"curve":0.25,"c3":0.75},{"time":1.7667,"angle":2.66,"curve":0.252,"c3":0.622,"c4":0.48},{"time":2,"angle":-0.21}]},"mouth_1":{"rotate":[{"angle":3.41,"curve":0.25,"c3":0.75},{"time":0.5,"angle":-3.1,"curve":0.25,"c3":0.75},{"time":1,"angle":3.41,"curve":0.25,"c3":0.75},{"time":1.5,"angle":-3.1,"curve":0.25,"c3":0.75},{"time":2,"angle":3.41}]},"mouth_4":{"rotate":[{"angle":-2.92,"curve":0.38,"c2":0.59,"c3":0.727},{"time":0.1333,"angle":-4.32,"curve":0.25,"c3":0.75},{"time":0.6333,"angle":2.56,"curve":0.242,"c3":0.663,"c4":0.65},{"time":1,"angle":-2.92,"curve":0.38,"c2":0.59,"c3":0.727},{"time":1.1333,"angle":-4.32,"curve":0.25,"c3":0.75},{"time":1.6333,"angle":2.56,"curve":0.242,"c3":0.663,"c4":0.65},{"time":2,"angle":-2.92}]},"mouth_5":{"rotate":[{"angle":-0.6,"curve":0.34,"c2":0.35,"c3":0.684,"c4":0.72},{"time":0.1333,"angle":-2.92,"curve":0.38,"c2":0.59,"c3":0.727},{"time":0.2667,"angle":-4.32,"curve":0.25,"c3":0.75},{"time":0.7667,"angle":2.56,"curve":0.252,"c3":0.622,"c4":0.48},{"time":1,"angle":-0.6,"curve":0.34,"c2":0.35,"c3":0.684,"c4":0.72},{"time":1.1333,"angle":-2.92,"curve":0.38,"c2":0.59,"c3":0.727},{"time":1.2667,"angle":-4.32,"curve":0.25,"c3":0.75},{"time":1.7667,"angle":2.56,"curve":0.252,"c3":0.622,"c4":0.48},{"time":2,"angle":-0.6}]},"mouth_6":{"rotate":[{"angle":-0.6,"curve":0.34,"c2":0.35,"c3":0.684,"c4":0.72},{"time":0.1333,"angle":-2.92,"curve":0.38,"c2":0.59,"c3":0.727},{"time":0.2667,"angle":-4.32,"curve":0.25,"c3":0.75},{"time":0.7667,"angle":2.56,"curve":0.252,"c3":0.622,"c4":0.48},{"time":1,"angle":-0.6,"curve":0.34,"c2":0.35,"c3":0.684,"c4":0.72},{"time":1.1333,"angle":-2.92,"curve":0.38,"c2":0.59,"c3":0.727},{"time":1.2667,"angle":-4.32,"curve":0.25,"c3":0.75},{"time":1.7667,"angle":2.56,"curve":0.252,"c3":0.622,"c4":0.48},{"time":2,"angle":-0.6}]},"idle2":{"rotate":[{"curve":0.25,"c3":0.75},{"time":0.5,"angle":10.32,"curve":0.25,"c3":0.75},{"time":1,"curve":0.25,"c3":0.75},{"time":1.5,"angle":10.32,"curve":0.25,"c3":0.75},{"time":2}]},"idle":{"rotate":[{"curve":0.25,"c3":0.75},{"time":0.5,"angle":4.66,"curve":0.25,"c3":0.75},{"time":1,"curve":0.25,"c3":0.75},{"time":1.5,"angle":4.66,"curve":0.25,"c3":0.75},{"time":2}]}}},"run":{"bones":{"body":{"translate":[{"y":-6.17,"curve":0.375,"c2":0.5,"c3":0.75},{"time":0.1,"y":-23.29,"curve":0.25,"c3":0.75},{"time":0.3,"y":10.96,"curve":0.25,"c3":0.75},{"time":0.5,"y":-23.29,"curve":0.25,"c3":0.75},{"time":0.7,"y":10.96,"curve":0.25,"c3":0.625,"c4":0.5},{"time":0.8,"y":-6.17}]},"leg_5":{"rotate":[{"angle":-11.99,"curve":0.276,"c3":0.621,"c4":0.4},{"time":0.1,"angle":-58.78,"curve":0.314,"c2":0.27,"c3":0.657,"c4":0.64},{"time":0.2,"angle":-27.12,"curve":0.343,"c2":0.36,"c3":0.686,"c4":0.73},{"time":0.3,"angle":28.66,"curve":0.379,"c2":0.6,"c3":0.724},{"time":0.4,"curve":"stepped"},{"time":0.7333,"curve":0.25,"c3":0.75},{"time":0.8,"angle":-11.99}],"translate":[{"x":-79.99,"y":21.48,"curve":0.276,"c3":0.621,"c4":0.4},{"time":0.1,"x":-33.44,"y":49.33,"curve":0.314,"c2":0.27,"c3":0.686,"c4":0.73},{"time":0.3,"x":148.09,"y":49.98,"curve":0.379,"c2":0.6,"c3":0.724},{"time":0.4,"x":187.36,"y":2.34,"curve":0.243,"c3":0.689,"c4":0.75},{"time":0.7333,"x":-47.53,"y":1.28,"curve":0.371,"c2":0.62,"c3":0.71},{"time":0.8,"x":-79.99,"y":21.48}]},"leg_11":{"rotate":[{"time":0.3333,"curve":0.25,"c3":0.75},{"time":0.4,"angle":-26.48,"curve":0.243,"c3":0.649,"c4":0.6},{"time":0.6,"angle":-11.13,"curve":0.382,"c2":0.57,"c3":0.735},{"time":0.7,"angle":24.9,"curve":0.25,"c3":0.75},{"time":0.8}],"translate":[{"x":94.2,"y":-14.05,"curve":0.243,"c3":0.689,"c4":0.75},{"time":0.3333,"x":-107.48,"y":-3.47,"curve":0.371,"c2":0.62,"c3":0.71},{"time":0.4,"x":-137.46,"y":20.54,"curve":0.276,"c3":0.621,"c4":0.4},{"time":0.5,"x":-60.9,"y":64.21,"curve":0.314,"c2":0.27,"c3":0.686,"c4":0.73},{"time":0.7,"x":64.73,"y":32.55,"curve":0.379,"c2":0.6,"c3":0.724},{"time":0.8,"x":94.2,"y":-14.05}]},"idle2":{"rotate":[{"angle":-24.5,"curve":0.25,"c3":0.75},{"time":0.4,"angle":40.29,"curve":0.25,"c3":0.75},{"time":0.8,"angle":-24.5}],"translate":[{"x":1.11,"y":-13.31,"curve":0.25,"c3":0.75},{"time":0.4,"x":15.53,"y":-2.22,"curve":0.25,"c3":0.75},{"time":0.8,"x":1.11,"y":-13.31}]},"idle":{"rotate":[{"angle":23.81,"curve":0.25,"c3":0.75},{"time":0.4,"angle":-46.44,"curve":0.25,"c3":0.75},{"time":0.8,"angle":23.81}],"translate":[{"curve":0.25,"c3":0.75},{"time":0.4,"x":-16.86,"y":9.43,"curve":0.25,"c3":0.75},{"time":0.8}]},"body7":{"rotate":[{"angle":-5.25,"curve":0.379,"c2":0.6,"c3":0.724},{"time":0.1,"angle":-12.95,"curve":0.25,"c3":0.75},{"time":0.5,"angle":28.82,"curve":0.242,"c3":0.667,"c4":0.67},{"time":0.8,"angle":-5.25}]},"body8":{"rotate":[{"angle":7.79,"curve":0.343,"c2":0.36,"c3":0.686,"c4":0.73},{"time":0.1,"angle":-5.25,"curve":0.379,"c2":0.6,"c3":0.724},{"time":0.2,"angle":-12.95,"curve":0.25,"c3":0.75},{"time":0.6,"angle":28.82,"curve":0.25,"c3":0.625,"c4":0.5},{"time":0.8,"angle":7.79}]},"body9":{"rotate":[{"angle":21.12,"curve":0.314,"c2":0.27,"c3":0.657,"c4":0.64},{"time":0.1,"angle":7.79,"curve":0.343,"c2":0.36,"c3":0.686,"c4":0.73},{"time":0.2,"angle":-5.25,"curve":0.379,"c2":0.6,"c3":0.724},{"time":0.3,"angle":-12.95,"curve":0.25,"c3":0.75},{"time":0.7,"angle":28.82,"curve":0.276,"c3":0.621,"c4":0.4},{"time":0.8,"angle":21.12}]},"body10":{"rotate":[{"angle":28.82,"curve":0.276,"c3":0.621,"c4":0.4},{"time":0.1,"angle":15.2,"curve":0.314,"c2":0.27,"c3":0.657,"c4":0.64},{"time":0.2,"angle":-8.39,"curve":0.343,"c2":0.36,"c3":0.686,"c4":0.73},{"time":0.3,"angle":-31.46,"curve":0.379,"c2":0.6,"c3":0.724},{"time":0.4,"angle":-45.1,"curve":0.25,"c3":0.75},{"time":0.8,"angle":28.82}]},"body11":{"rotate":[{"angle":15.18,"curve":0.379,"c2":0.6,"c3":0.724},{"time":0.1,"angle":28.82,"curve":0.276,"c3":0.621,"c4":0.4},{"time":0.2,"angle":15.2,"curve":0.314,"c2":0.27,"c3":0.657,"c4":0.64},{"time":0.3,"angle":-8.39,"curve":0.343,"c2":0.36,"c3":0.686,"c4":0.73},{"time":0.4,"angle":-31.46,"curve":0.379,"c2":0.6,"c3":0.724},{"time":0.5,"angle":-45.1,"curve":0.242,"c3":0.667,"c4":0.67},{"time":0.8,"angle":15.18}]},"body12":{"rotate":[{"angle":15.18,"curve":0.379,"c2":0.6,"c3":0.724},{"time":0.1,"angle":28.82,"curve":0.276,"c3":0.621,"c4":0.4},{"time":0.2,"angle":15.2,"curve":0.314,"c2":0.27,"c3":0.657,"c4":0.64},{"time":0.3,"angle":-8.39,"curve":0.343,"c2":0.36,"c3":0.686,"c4":0.73},{"time":0.4,"angle":-31.46,"curve":0.379,"c2":0.6,"c3":0.724},{"time":0.5,"angle":-45.1,"curve":0.242,"c3":0.667,"c4":0.67},{"time":0.8,"angle":15.18}]},"mouth_1":{"rotate":[{"angle":9.18,"curve":0.311,"c2":0.25,"c3":0.757},{"time":0.1667,"curve":0.25,"c3":0.75},{"time":0.3667,"angle":9.38,"curve":0.25,"c3":0.75},{"time":0.5667,"curve":0.25,"c3":0.75},{"time":0.7667,"angle":10.16,"curve":0.29,"c3":0.629,"c4":0.38},{"time":0.8,"angle":9.18}]},"body2":{"rotate":[{"angle":-4.54,"curve":0.382,"c2":0.57,"c3":0.735},{"time":0.1333,"angle":-7.58,"curve":0.25,"c3":0.75},{"time":0.5333,"angle":3.15,"curve":0.243,"c3":0.649,"c4":0.6},{"time":0.8,"angle":-4.54}]},"body3":{"rotate":[{"angle":0.09,"curve":0.325,"c2":0.31,"c3":0.675,"c4":0.69},{"time":0.1333,"angle":-4.54,"curve":0.382,"c2":0.57,"c3":0.735},{"time":0.2667,"angle":-7.58,"curve":0.25,"c3":0.75},{"time":0.6667,"angle":3.15,"curve":0.265,"c3":0.618,"c4":0.43},{"time":0.8,"angle":0.09}]},"body4":{"rotate":[{"angle":3.15,"curve":0.265,"c3":0.618,"c4":0.43},{"time":0.1333,"angle":0.09,"curve":0.325,"c2":0.31,"c3":0.675,"c4":0.69},{"time":0.2667,"angle":-4.54,"curve":0.382,"c2":0.57,"c3":0.735},{"time":0.4,"angle":-7.58,"curve":0.25,"c3":0.75},{"time":0.8,"angle":3.15}]},"body5":{"rotate":[{"angle":0.1,"curve":0.382,"c2":0.57,"c3":0.735},{"time":0.1333,"angle":3.15,"curve":0.265,"c3":0.618,"c4":0.43},{"time":0.2667,"angle":0.09,"curve":0.325,"c2":0.31,"c3":0.675,"c4":0.69},{"time":0.4,"angle":-4.54,"curve":0.382,"c2":0.57,"c3":0.735},{"time":0.5333,"angle":-7.58,"curve":0.243,"c3":0.649,"c4":0.6},{"time":0.8,"angle":0.1}]},"head":{"rotate":[{"angle":0.1,"curve":0.382,"c2":0.57,"c3":0.735},{"time":0.1333,"angle":3.15,"curve":0.265,"c3":0.618,"c4":0.43},{"time":0.2667,"angle":0.09,"curve":0.325,"c2":0.31,"c3":0.675,"c4":0.69},{"time":0.4,"angle":-4.54,"curve":0.382,"c2":0.57,"c3":0.735},{"time":0.5333,"angle":-7.58,"curve":0.243,"c3":0.649,"c4":0.6},{"time":0.8,"angle":0.1}]}},"deform":{"default":{"Shadow":{"Shadow":[{"curve":0.25,"c3":0.75},{"time":0.2667,"vertices":[-20.55145,0,20.55145,0,20.55145,0,-20.55145],"curve":0.25,"c3":0.75},{"time":0.4667,"curve":0.25,"c3":0.75},{"time":0.6,"vertices":[-20.55145,0,20.55145,0,20.55145,0,-20.55145],"curve":0.25,"c3":0.75},{"time":0.8}]}}}}}}