{"textures":[{"image":"default-resources-0.png","format":"RGBA8888","size":{"w":2034,"h":2034},"scale":1,"frames":[{"filename":"bg/bg-middle-2","rotated":false,"trimmed":false,"sourceSize":{"w":900,"h":849},"spriteSourceSize":{"x":0,"y":0,"w":900,"h":849},"frame":{"x":2,"y":2,"w":900,"h":849}},{"filename":"bg/bg-middle","rotated":false,"trimmed":false,"sourceSize":{"w":719,"h":849},"spriteSourceSize":{"x":0,"y":0,"w":719,"h":849},"frame":{"x":2,"y":854,"w":719,"h":849}},{"filename":"ui-ngang/bg-middle","rotated":false,"trimmed":false,"sourceSize":{"w":719,"h":568},"spriteSourceSize":{"x":0,"y":0,"w":719,"h":568},"frame":{"x":905,"y":2,"w":719,"h":568}},{"filename":"ui-ngang/bg-top","rotated":false,"trimmed":false,"sourceSize":{"w":719,"h":178},"spriteSourceSize":{"x":0,"y":0,"w":719,"h":178},"frame":{"x":2,"y":1706,"w":719,"h":178}},{"filename":"ui-ngang/bg-bottom","rotated":false,"trimmed":false,"sourceSize":{"w":719,"h":175},"spriteSourceSize":{"x":0,"y":0,"w":719,"h":175},"frame":{"x":905,"y":573,"w":719,"h":175}},{"filename":"bg/bg-bottom-2","rotated":false,"trimmed":false,"sourceSize":{"w":900,"h":112},"spriteSourceSize":{"x":0,"y":0,"w":900,"h":112},"frame":{"x":2,"y":1887,"w":900,"h":112}},{"filename":"daily-challenge/bottom-panel","rotated":false,"trimmed":false,"sourceSize":{"w":521,"h":30},"spriteSourceSize":{"x":0,"y":0,"w":521,"h":30},"frame":{"x":2,"y":2002,"w":521,"h":30}},{"filename":"leaderboards/bg-top","rotated":false,"trimmed":false,"sourceSize":{"w":949,"h":168},"spriteSourceSize":{"x":0,"y":0,"w":949,"h":168},"frame":{"x":905,"y":751,"w":949,"h":168}},{"filename":"ui-ngang/khung-next-block","rotated":false,"trimmed":false,"sourceSize":{"w":200,"h":600},"spriteSourceSize":{"x":0,"y":0,"w":200,"h":600},"frame":{"x":1627,"y":2,"w":200,"h":600}},{"filename":"border-bottom-panel","rotated":false,"trimmed":false,"sourceSize":{"w":750,"h":36},"spriteSourceSize":{"x":0,"y":0,"w":750,"h":36},"frame":{"x":905,"y":922,"w":750,"h":36}},{"filename":"bg/bg-bottom","rotated":false,"trimmed":false,"sourceSize":{"w":719,"h":111},"spriteSourceSize":{"x":0,"y":0,"w":719,"h":111},"frame":{"x":905,"y":961,"w":719,"h":111}},{"filename":"daily-challenge/bg","rotated":false,"trimmed":false,"sourceSize":{"w":520,"h":285},"spriteSourceSize":{"x":0,"y":0,"w":520,"h":285},"frame":{"x":724,"y":1075,"w":520,"h":285}},{"filename":"popup/middle","rotated":false,"trimmed":false,"sourceSize":{"w":431,"h":227},"spriteSourceSize":{"x":0,"y":0,"w":431,"h":227},"frame":{"x":724,"y":1363,"w":431,"h":227}},{"filename":"lives/heart","rotated":false,"trimmed":false,"sourceSize":{"w":339,"h":279},"spriteSourceSize":{"x":0,"y":0,"w":339,"h":279},"frame":{"x":1247,"y":1075,"w":339,"h":279}},{"filename":"popup/background","rotated":false,"trimmed":false,"sourceSize":{"w":395,"h":221},"spriteSourceSize":{"x":0,"y":0,"w":395,"h":221},"frame":{"x":724,"y":1593,"w":395,"h":221}},{"filename":"ui-ngang/khung-mission","rotated":false,"trimmed":false,"sourceSize":{"w":95,"h":464},"spriteSourceSize":{"x":0,"y":0,"w":95,"h":464},"frame":{"x":1830,"y":2,"w":95,"h":464}},{"filename":"texts/second-chance","rotated":false,"trimmed":false,"sourceSize":{"w":514,"h":31},"spriteSourceSize":{"x":0,"y":0,"w":514,"h":31},"frame":{"x":724,"y":1817,"w":514,"h":31}},{"filename":"best-score-frame-long","rotated":false,"trimmed":false,"sourceSize":{"w":386,"h":154},"spriteSourceSize":{"x":0,"y":0,"w":386,"h":154},"frame":{"x":905,"y":1851,"w":386,"h":154}},{"filename":"avatar/border-big","rotated":false,"trimmed":false,"sourceSize":{"w":175,"h":175},"spriteSourceSize":{"x":0,"y":0,"w":175,"h":175},"frame":{"x":724,"y":854,"w":175,"h":175}},{"filename":"lives/time-block-2","rotated":false,"trimmed":false,"sourceSize":{"w":363,"h":108},"spriteSourceSize":{"x":0,"y":0,"w":363,"h":108},"frame":{"x":1247,"y":1357,"w":363,"h":108}},{"filename":"buttons/dark-blue","rotated":false,"trimmed":false,"sourceSize":{"w":365,"h":107},"spriteSourceSize":{"x":0,"y":0,"w":365,"h":107},"frame":{"x":1158,"y":1468,"w":365,"h":107}},{"filename":"texts/play-single","rotated":false,"trimmed":false,"sourceSize":{"w":361,"h":35},"spriteSourceSize":{"x":0,"y":0,"w":361,"h":35},"frame":{"x":1158,"y":1578,"w":361,"h":35}},{"filename":"bottom-panel","rotated":false,"trimmed":false,"sourceSize":{"w":281,"h":171},"spriteSourceSize":{"x":0,"y":0,"w":281,"h":171},"frame":{"x":1122,"y":1616,"w":281,"h":171}},{"filename":"buttons/dark-blue-big","rotated":false,"trimmed":false,"sourceSize":{"w":240,"h":109},"spriteSourceSize":{"x":0,"y":0,"w":240,"h":109},"frame":{"x":1627,"y":605,"w":240,"h":109}},{"filename":"bg/bg-dark","rotated":false,"trimmed":false,"sourceSize":{"w":243,"h":303},"spriteSourceSize":{"x":0,"y":0,"w":243,"h":303},"frame":{"x":1406,"y":1616,"w":243,"h":303}},{"filename":"buttons/green","rotated":false,"trimmed":false,"sourceSize":{"w":343,"h":102},"spriteSourceSize":{"x":0,"y":0,"w":343,"h":102},"frame":{"x":1294,"y":1922,"w":343,"h":102}},{"filename":"bg-progress-circle","rotated":false,"trimmed":false,"sourceSize":{"w":232,"h":231},"spriteSourceSize":{"x":0,"y":0,"w":232,"h":231},"frame":{"x":1589,"y":1075,"w":232,"h":231}},{"filename":"texts/result","rotated":false,"trimmed":false,"sourceSize":{"w":330,"h":45},"spriteSourceSize":{"x":0,"y":0,"w":330,"h":45},"frame":{"x":1589,"y":1309,"w":330,"h":45}},{"filename":"popup/score-panel","rotated":false,"trimmed":false,"sourceSize":{"w":299,"h":92},"spriteSourceSize":{"x":0,"y":0,"w":299,"h":92},"frame":{"x":1613,"y":1357,"w":299,"h":92}},{"filename":"daily-challenge/title-panel","rotated":false,"trimmed":false,"sourceSize":{"w":282,"h":69},"spriteSourceSize":{"x":0,"y":0,"w":282,"h":69},"frame":{"x":1613,"y":1452,"w":282,"h":69}},{"filename":"ui-ngang/text-mission","rotated":false,"trimmed":false,"sourceSize":{"w":112,"h":31},"spriteSourceSize":{"x":0,"y":0,"w":112,"h":31},"frame":{"x":1627,"y":717,"w":112,"h":31}},{"filename":"buttons/dark-blue-small","rotated":false,"trimmed":false,"sourceSize":{"w":237,"h":108},"spriteSourceSize":{"x":0,"y":0,"w":237,"h":108},"frame":{"x":1652,"y":1524,"w":237,"h":108}},{"filename":"buttons/green-big","rotated":false,"trimmed":false,"sourceSize":{"w":236,"h":108},"spriteSourceSize":{"x":0,"y":0,"w":236,"h":108},"frame":{"x":1652,"y":1635,"w":236,"h":108}},{"filename":"preloader/dual-ring","rotated":false,"trimmed":true,"sourceSize":{"w":200,"h":200},"spriteSourceSize":{"x":27,"y":26,"w":146,"h":148},"frame":{"x":1652,"y":1746,"w":146,"h":148}},{"filename":"ui-ngang/khung-best-score","rotated":false,"trimmed":false,"sourceSize":{"w":111,"h":169},"spriteSourceSize":{"x":0,"y":0,"w":111,"h":169},"frame":{"x":1801,"y":1746,"w":111,"h":169}},{"filename":"score-panel-dark","rotated":false,"trimmed":false,"sourceSize":{"w":187,"h":51},"spriteSourceSize":{"x":0,"y":0,"w":187,"h":51},"frame":{"x":1658,"y":922,"w":187,"h":51}},{"filename":"icon-journey","rotated":false,"trimmed":false,"sourceSize":{"w":150,"h":122},"spriteSourceSize":{"x":0,"y":0,"w":150,"h":122},"frame":{"x":1830,"y":469,"w":150,"h":122}},{"filename":"best-score-frame","rotated":false,"trimmed":false,"sourceSize":{"w":111,"h":152},"spriteSourceSize":{"x":0,"y":0,"w":111,"h":152},"frame":{"x":1870,"y":594,"w":111,"h":152}},{"filename":"avatar/border","rotated":false,"trimmed":true,"sourceSize":{"w":138,"h":144},"spriteSourceSize":{"x":0,"y":4,"w":138,"h":140},"frame":{"x":1857,"y":749,"w":138,"h":140}},{"filename":"texts/text-share","rotated":false,"trimmed":false,"sourceSize":{"w":181,"h":27},"spriteSourceSize":{"x":0,"y":0,"w":181,"h":27},"frame":{"x":526,"y":2002,"w":181,"h":27}},{"filename":"buttons/toggle-off","rotated":false,"trimmed":false,"sourceSize":{"w":177,"h":61},"spriteSourceSize":{"x":0,"y":0,"w":177,"h":61},"frame":{"x":1627,"y":976,"w":177,"h":61}},{"filename":"blank","rotated":false,"trimmed":false,"sourceSize":{"w":100,"h":100},"spriteSourceSize":{"x":0,"y":0,"w":100,"h":100},"frame":{"x":1928,"y":2,"w":100,"h":100}},{"filename":"texts/play","rotated":false,"trimmed":false,"sourceSize":{"w":146,"h":35},"spriteSourceSize":{"x":0,"y":0,"w":146,"h":35},"frame":{"x":1652,"y":1897,"w":146,"h":35}},{"filename":"buttons/toggle-on","rotated":false,"trimmed":false,"sourceSize":{"w":177,"h":61},"spriteSourceSize":{"x":0,"y":0,"w":177,"h":61},"frame":{"x":1640,"y":1935,"w":177,"h":61}},{"filename":"texts/text-retry","rotated":false,"trimmed":false,"sourceSize":{"w":156,"h":29},"spriteSourceSize":{"x":0,"y":0,"w":156,"h":29},"frame":{"x":724,"y":1851,"w":156,"h":29}},{"filename":"bg/level-locked","rotated":false,"trimmed":false,"sourceSize":{"w":101,"h":83},"spriteSourceSize":{"x":0,"y":0,"w":101,"h":83},"frame":{"x":1928,"y":105,"w":101,"h":83}},{"filename":"bg/level-played","rotated":false,"trimmed":false,"sourceSize":{"w":100,"h":82},"spriteSourceSize":{"x":0,"y":0,"w":100,"h":82},"frame":{"x":1928,"y":191,"w":100,"h":82}},{"filename":"ui-ngang/khung-score","rotated":false,"trimmed":false,"sourceSize":{"w":173,"h":99},"spriteSourceSize":{"x":0,"y":0,"w":173,"h":99},"frame":{"x":1857,"y":892,"w":173,"h":99}},{"filename":"texts/friends-disable","rotated":false,"trimmed":false,"sourceSize":{"w":127,"h":27},"spriteSourceSize":{"x":0,"y":0,"w":127,"h":27},"frame":{"x":724,"y":1032,"w":127,"h":27}},{"filename":"avatar/background","rotated":false,"trimmed":false,"sourceSize":{"w":105,"h":107},"spriteSourceSize":{"x":0,"y":0,"w":105,"h":107},"frame":{"x":1820,"y":1918,"w":105,"h":107}},{"filename":"texts/world-disable","rotated":false,"trimmed":false,"sourceSize":{"w":118,"h":27},"spriteSourceSize":{"x":0,"y":0,"w":118,"h":27},"frame":{"x":1742,"y":717,"w":118,"h":27}},{"filename":"texts/world","rotated":false,"trimmed":false,"sourceSize":{"w":118,"h":27},"spriteSourceSize":{"x":0,"y":0,"w":118,"h":27},"frame":{"x":710,"y":2002,"w":118,"h":27}},{"filename":"icons/crown-big","rotated":false,"trimmed":false,"sourceSize":{"w":74,"h":70},"spriteSourceSize":{"x":0,"y":0,"w":74,"h":70},"frame":{"x":1158,"y":1363,"w":74,"h":70}},{"filename":"text-target-panel","rotated":false,"trimmed":false,"sourceSize":{"w":98,"h":46},"spriteSourceSize":{"x":0,"y":0,"w":98,"h":46},"frame":{"x":1928,"y":276,"w":98,"h":46}},{"filename":"buttons/close","rotated":false,"trimmed":false,"sourceSize":{"w":71,"h":71},"spriteSourceSize":{"x":0,"y":0,"w":71,"h":71},"frame":{"x":1526,"y":1468,"w":71,"h":71}},{"filename":"buttons/skip","rotated":false,"trimmed":false,"sourceSize":{"w":120,"h":71},"spriteSourceSize":{"x":0,"y":0,"w":120,"h":71},"frame":{"x":1526,"y":1542,"w":120,"h":71}},{"filename":"icons/dot","rotated":false,"trimmed":false,"sourceSize":{"w":68,"h":70},"spriteSourceSize":{"x":0,"y":0,"w":68,"h":70},"frame":{"x":1928,"y":325,"w":68,"h":70}},{"filename":"texts/off","rotated":false,"trimmed":false,"sourceSize":{"w":111,"h":25},"spriteSourceSize":{"x":0,"y":0,"w":111,"h":25},"frame":{"x":1627,"y":1040,"w":111,"h":25}},{"filename":"icons/icon-daily","rotated":false,"trimmed":false,"sourceSize":{"w":67,"h":67},"spriteSourceSize":{"x":0,"y":0,"w":67,"h":67},"frame":{"x":1928,"y":398,"w":67,"h":67}},{"filename":"texts/play-with-blue","rotated":false,"trimmed":false,"sourceSize":{"w":115,"h":18},"spriteSourceSize":{"x":0,"y":0,"w":115,"h":18},"frame":{"x":1122,"y":1790,"w":115,"h":18}},{"filename":"buttons/challenge_light","rotated":false,"trimmed":false,"sourceSize":{"w":108,"h":79},"spriteSourceSize":{"x":0,"y":0,"w":108,"h":79},"frame":{"x":1294,"y":1790,"w":108,"h":79}},{"filename":"icons/play-green","rotated":false,"trimmed":false,"sourceSize":{"w":47,"h":47},"spriteSourceSize":{"x":0,"y":0,"w":47,"h":47},"frame":{"x":1294,"y":1872,"w":47,"h":47}},{"filename":"icons/play","rotated":false,"trimmed":false,"sourceSize":{"w":47,"h":47},"spriteSourceSize":{"x":0,"y":0,"w":47,"h":47},"frame":{"x":1344,"y":1872,"w":47,"h":47}},{"filename":"icons/retry","rotated":false,"trimmed":false,"sourceSize":{"w":50,"h":53},"spriteSourceSize":{"x":0,"y":0,"w":50,"h":53},"frame":{"x":1241,"y":1790,"w":50,"h":53}},{"filename":"avatar/border-challenge","rotated":false,"trimmed":false,"sourceSize":{"w":119,"h":118},"spriteSourceSize":{"x":0,"y":0,"w":119,"h":118},"frame":{"x":1824,"y":994,"w":119,"h":118}},{"filename":"buttons/minor","rotated":false,"trimmed":false,"sourceSize":{"w":124,"h":106},"spriteSourceSize":{"x":0,"y":0,"w":124,"h":106},"frame":{"x":1824,"y":1115,"w":124,"h":106}},{"filename":"buttons/share","rotated":false,"trimmed":false,"sourceSize":{"w":108,"h":79},"spriteSourceSize":{"x":0,"y":0,"w":108,"h":79},"frame":{"x":1824,"y":1224,"w":108,"h":79}},{"filename":"icons/vibrate","rotated":false,"trimmed":false,"sourceSize":{"w":62,"h":73},"spriteSourceSize":{"x":0,"y":0,"w":62,"h":73},"frame":{"x":1946,"y":994,"w":62,"h":73}},{"filename":"icons/white-journey","rotated":false,"trimmed":false,"sourceSize":{"w":42,"h":40},"spriteSourceSize":{"x":0,"y":0,"w":42,"h":40},"frame":{"x":854,"y":1032,"w":42,"h":40}},{"filename":"texts/on","rotated":false,"trimmed":false,"sourceSize":{"w":74,"h":25},"spriteSourceSize":{"x":0,"y":0,"w":74,"h":25},"frame":{"x":1640,"y":1999,"w":74,"h":25}},{"filename":"bg/level-playing","rotated":false,"trimmed":false,"sourceSize":{"w":113,"h":94},"spriteSourceSize":{"x":0,"y":0,"w":113,"h":94},"frame":{"x":1892,"y":1524,"w":113,"h":94}},{"filename":"leaderboards/tab-off","rotated":false,"trimmed":false,"sourceSize":{"w":113,"h":36},"spriteSourceSize":{"x":0,"y":0,"w":113,"h":36},"frame":{"x":1892,"y":1621,"w":113,"h":36}},{"filename":"leaderboards/tab-on","rotated":false,"trimmed":false,"sourceSize":{"w":113,"h":36},"spriteSourceSize":{"x":0,"y":0,"w":113,"h":36},"frame":{"x":1891,"y":1660,"w":113,"h":36}},{"filename":"texts/no","rotated":false,"trimmed":false,"sourceSize":{"w":90,"h":43},"spriteSourceSize":{"x":0,"y":0,"w":90,"h":43},"frame":{"x":1891,"y":1699,"w":90,"h":43}},{"filename":"buttons/play","rotated":false,"trimmed":false,"sourceSize":{"w":112,"h":85},"spriteSourceSize":{"x":0,"y":0,"w":112,"h":85},"frame":{"x":1915,"y":1745,"w":112,"h":85}},{"filename":"icons/icon-journey","rotated":false,"trimmed":false,"sourceSize":{"w":73,"h":62},"spriteSourceSize":{"x":0,"y":0,"w":73,"h":62},"frame":{"x":1915,"y":1833,"w":73,"h":62}},{"filename":"icons/home","rotated":false,"trimmed":false,"sourceSize":{"w":47,"h":43},"spriteSourceSize":{"x":0,"y":0,"w":47,"h":43},"frame":{"x":1984,"y":1699,"w":47,"h":43}},{"filename":"icons/music","rotated":false,"trimmed":false,"sourceSize":{"w":56,"h":61},"spriteSourceSize":{"x":0,"y":0,"w":56,"h":61},"frame":{"x":1928,"y":1898,"w":56,"h":61}},{"filename":"icons/sound","rotated":false,"trimmed":false,"sourceSize":{"w":62,"h":54},"spriteSourceSize":{"x":0,"y":0,"w":62,"h":54},"frame":{"x":1928,"y":1962,"w":62,"h":54}},{"filename":"texts/yes","rotated":false,"trimmed":false,"sourceSize":{"w":73,"h":35},"spriteSourceSize":{"x":0,"y":0,"w":73,"h":35},"frame":{"x":1946,"y":1070,"w":73,"h":35}},{"filename":"buttons/circle-button","rotated":false,"trimmed":false,"sourceSize":{"w":55,"h":55},"spriteSourceSize":{"x":0,"y":0,"w":55,"h":55},"frame":{"x":1951,"y":1108,"w":55,"h":55}},{"filename":"buttons/dot-blue","rotated":false,"trimmed":false,"sourceSize":{"w":56,"h":54},"spriteSourceSize":{"x":0,"y":0,"w":56,"h":54},"frame":{"x":1951,"y":1166,"w":56,"h":54}},{"filename":"buttons/random","rotated":false,"trimmed":false,"sourceSize":{"w":112,"h":85},"spriteSourceSize":{"x":0,"y":0,"w":112,"h":85},"frame":{"x":1915,"y":1357,"w":112,"h":85}},{"filename":"icons/brown-journey","rotated":false,"trimmed":false,"sourceSize":{"w":45,"h":42},"spriteSourceSize":{"x":0,"y":0,"w":45,"h":42},"frame":{"x":1987,"y":1898,"w":45,"h":42}},{"filename":"icons/replay","rotated":false,"trimmed":false,"sourceSize":{"w":40,"h":47},"spriteSourceSize":{"x":0,"y":0,"w":40,"h":47},"frame":{"x":1991,"y":1833,"w":40,"h":47}},{"filename":"texts/vs","rotated":false,"trimmed":false,"sourceSize":{"w":47,"h":28},"spriteSourceSize":{"x":0,"y":0,"w":47,"h":28},"frame":{"x":1158,"y":1436,"w":47,"h":28}},{"filename":"icons/clock","rotated":false,"trimmed":false,"sourceSize":{"w":34,"h":35},"spriteSourceSize":{"x":0,"y":0,"w":34,"h":35},"frame":{"x":1998,"y":398,"w":34,"h":35}},{"filename":"icons/share-blue","rotated":false,"trimmed":false,"sourceSize":{"w":32,"h":43},"spriteSourceSize":{"x":0,"y":0,"w":32,"h":43},"frame":{"x":1999,"y":325,"w":32,"h":43}},{"filename":"buttons/dot-green","rotated":false,"trimmed":false,"sourceSize":{"w":56,"h":54},"spriteSourceSize":{"x":0,"y":0,"w":56,"h":54},"frame":{"x":1898,"y":1452,"w":56,"h":54}},{"filename":"icons/rank","rotated":false,"trimmed":false,"sourceSize":{"w":51,"h":49},"spriteSourceSize":{"x":0,"y":0,"w":51,"h":49},"frame":{"x":1957,"y":1445,"w":51,"h":49}},{"filename":"icons/share","rotated":false,"trimmed":false,"sourceSize":{"w":36,"h":47},"spriteSourceSize":{"x":0,"y":0,"w":36,"h":47},"frame":{"x":1993,"y":1943,"w":36,"h":47}},{"filename":"icons/i-play","rotated":false,"trimmed":false,"sourceSize":{"w":31,"h":39},"spriteSourceSize":{"x":0,"y":0,"w":31,"h":39},"frame":{"x":1993,"y":1993,"w":31,"h":39}},{"filename":"icons/sword-blue","rotated":false,"trimmed":false,"sourceSize":{"w":35,"h":31},"spriteSourceSize":{"x":0,"y":0,"w":35,"h":31},"frame":{"x":1741,"y":1040,"w":35,"h":31}},{"filename":"icons/crown","rotated":false,"trimmed":false,"sourceSize":{"w":31,"h":27},"spriteSourceSize":{"x":0,"y":0,"w":31,"h":27},"frame":{"x":831,"y":2002,"w":31,"h":27}},{"filename":"icons/plus","rotated":false,"trimmed":false,"sourceSize":{"w":42,"h":44},"spriteSourceSize":{"x":0,"y":0,"w":42,"h":44},"frame":{"x":1935,"y":1224,"w":42,"h":44}},{"filename":"icons/battle","rotated":false,"trimmed":false,"sourceSize":{"w":44,"h":41},"spriteSourceSize":{"x":0,"y":0,"w":44,"h":41},"frame":{"x":1935,"y":1271,"w":44,"h":41}},{"filename":"icons/back","rotated":false,"trimmed":false,"sourceSize":{"w":50,"h":38},"spriteSourceSize":{"x":0,"y":0,"w":50,"h":38},"frame":{"x":1922,"y":1315,"w":50,"h":38}},{"filename":"icons/setting","rotated":false,"trimmed":false,"sourceSize":{"w":42,"h":41},"spriteSourceSize":{"x":0,"y":0,"w":42,"h":41},"frame":{"x":1980,"y":1223,"w":42,"h":41}},{"filename":"icons/flat-ad","rotated":false,"trimmed":false,"sourceSize":{"w":47,"h":41},"spriteSourceSize":{"x":0,"y":0,"w":47,"h":41},"frame":{"x":1982,"y":1267,"w":47,"h":41}},{"filename":"icons/sword","rotated":false,"trimmed":false,"sourceSize":{"w":46,"h":38},"spriteSourceSize":{"x":0,"y":0,"w":46,"h":38},"frame":{"x":1983,"y":468,"w":46,"h":38}},{"filename":"icons/cup-bronze","rotated":false,"trimmed":false,"sourceSize":{"w":43,"h":36},"spriteSourceSize":{"x":0,"y":0,"w":43,"h":36},"frame":{"x":1983,"y":509,"w":43,"h":36}},{"filename":"icons/cup-gold","rotated":false,"trimmed":false,"sourceSize":{"w":43,"h":36},"spriteSourceSize":{"x":0,"y":0,"w":43,"h":36},"frame":{"x":1983,"y":548,"w":43,"h":36}},{"filename":"icons/cup-silver","rotated":false,"trimmed":false,"sourceSize":{"w":43,"h":36},"spriteSourceSize":{"x":0,"y":0,"w":43,"h":36},"frame":{"x":1984,"y":587,"w":43,"h":36}},{"filename":"icons/check","rotated":false,"trimmed":false,"sourceSize":{"w":44,"h":35},"spriteSourceSize":{"x":0,"y":0,"w":44,"h":35},"frame":{"x":1984,"y":626,"w":44,"h":35}}]},{"image":"default-resources-1.png","format":"RGBA8888","size":{"w":1268,"h":1268},"scale":1,"frames":[{"filename":"leaderboards/bg-bottom","rotated":false,"trimmed":false,"sourceSize":{"w":949,"h":67},"spriteSourceSize":{"x":0,"y":0,"w":949,"h":67},"frame":{"x":2,"y":2,"w":949,"h":67}},{"filename":"texts/win","rotated":false,"trimmed":false,"sourceSize":{"w":303,"h":45},"spriteSourceSize":{"x":0,"y":0,"w":303,"h":45},"frame":{"x":954,"y":2,"w":303,"h":45}},{"filename":"wood-panel","rotated":false,"trimmed":false,"sourceSize":{"w":301,"h":56},"spriteSourceSize":{"x":0,"y":0,"w":301,"h":56},"frame":{"x":954,"y":50,"w":301,"h":56}},{"filename":"leaderboards/bg-middle","rotated":false,"trimmed":false,"sourceSize":{"w":949,"h":47},"spriteSourceSize":{"x":0,"y":0,"w":949,"h":47},"frame":{"x":2,"y":72,"w":949,"h":47}},{"filename":"texts/lose","rotated":false,"trimmed":false,"sourceSize":{"w":296,"h":45},"spriteSourceSize":{"x":0,"y":0,"w":296,"h":45},"frame":{"x":954,"y":109,"w":296,"h":45}},{"filename":"bg/bg-top-2","rotated":false,"trimmed":false,"sourceSize":{"w":900,"h":112},"spriteSourceSize":{"x":0,"y":0,"w":900,"h":112},"frame":{"x":2,"y":122,"w":900,"h":112}},{"filename":"lives/time-block","rotated":false,"trimmed":false,"sourceSize":{"w":346,"h":87},"spriteSourceSize":{"x":0,"y":0,"w":346,"h":87},"frame":{"x":905,"y":157,"w":346,"h":87}},{"filename":"footer","rotated":false,"trimmed":false,"sourceSize":{"w":750,"h":153},"spriteSourceSize":{"x":0,"y":0,"w":750,"h":153},"frame":{"x":2,"y":237,"w":750,"h":153}},{"filename":"daily-challenge/bg-item-dark","rotated":false,"trimmed":false,"sourceSize":{"w":508,"h":81},"spriteSourceSize":{"x":0,"y":0,"w":508,"h":81},"frame":{"x":755,"y":247,"w":508,"h":81}},{"filename":"daily-challenge/bg-item-light","rotated":false,"trimmed":false,"sourceSize":{"w":508,"h":81},"spriteSourceSize":{"x":0,"y":0,"w":508,"h":81},"frame":{"x":755,"y":331,"w":508,"h":81}},{"filename":"bg/bg-top","rotated":false,"trimmed":false,"sourceSize":{"w":719,"h":111},"spriteSourceSize":{"x":0,"y":0,"w":719,"h":111},"frame":{"x":2,"y":393,"w":719,"h":111}},{"filename":"score-panel","rotated":false,"trimmed":false,"sourceSize":{"w":526,"h":152},"spriteSourceSize":{"x":0,"y":0,"w":526,"h":152},"frame":{"x":724,"y":415,"w":526,"h":152}},{"filename":"leaf","rotated":false,"trimmed":false,"sourceSize":{"w":563,"h":132},"spriteSourceSize":{"x":0,"y":0,"w":563,"h":132},"frame":{"x":2,"y":507,"w":563,"h":132}},{"filename":"texts/friends","rotated":false,"trimmed":false,"sourceSize":{"w":127,"h":27},"spriteSourceSize":{"x":0,"y":0,"w":127,"h":27},"frame":{"x":568,"y":507,"w":127,"h":27}},{"filename":"texts/out-of-live","rotated":false,"trimmed":false,"sourceSize":{"w":543,"h":41},"spriteSourceSize":{"x":0,"y":0,"w":543,"h":41},"frame":{"x":568,"y":570,"w":543,"h":41}},{"filename":"daily-challenge/top-panel","rotated":false,"trimmed":false,"sourceSize":{"w":521,"h":30},"spriteSourceSize":{"x":0,"y":0,"w":521,"h":30},"frame":{"x":568,"y":614,"w":521,"h":30}},{"filename":"daily-challenge/time-panel","rotated":false,"trimmed":false,"sourceSize":{"w":170,"h":48},"spriteSourceSize":{"x":0,"y":0,"w":170,"h":48},"frame":{"x":1092,"y":614,"w":170,"h":48}},{"filename":"daily-challenge/middle-panel","rotated":false,"trimmed":false,"sourceSize":{"w":521,"h":26},"spriteSourceSize":{"x":0,"y":0,"w":521,"h":26},"frame":{"x":2,"y":642,"w":521,"h":26}},{"filename":"texts/waiting-for-opponent","rotated":false,"trimmed":false,"sourceSize":{"w":520,"h":39},"spriteSourceSize":{"x":0,"y":0,"w":520,"h":39},"frame":{"x":526,"y":647,"w":520,"h":39}},{"filename":"border-daily","rotated":false,"trimmed":false,"sourceSize":{"w":518,"h":51},"spriteSourceSize":{"x":0,"y":0,"w":518,"h":51},"frame":{"x":2,"y":671,"w":518,"h":51}},{"filename":"texts/mission","rotated":false,"trimmed":false,"sourceSize":{"w":213,"h":55},"spriteSourceSize":{"x":0,"y":0,"w":213,"h":55},"frame":{"x":1049,"y":665,"w":213,"h":55}},{"filename":"texts/keep-playing","rotated":false,"trimmed":false,"sourceSize":{"w":508,"h":42},"spriteSourceSize":{"x":0,"y":0,"w":508,"h":42},"frame":{"x":523,"y":689,"w":508,"h":42}},{"filename":"leaderboards/bg-item-0","rotated":false,"trimmed":false,"sourceSize":{"w":232,"h":46},"spriteSourceSize":{"x":0,"y":0,"w":232,"h":46},"frame":{"x":1034,"y":723,"w":232,"h":46}},{"filename":"buttons/green-large","rotated":false,"trimmed":false,"sourceSize":{"w":484,"h":142},"spriteSourceSize":{"x":0,"y":0,"w":484,"h":142},"frame":{"x":2,"y":725,"w":484,"h":142}},{"filename":"buttons/brown","rotated":false,"trimmed":false,"sourceSize":{"w":483,"h":108},"spriteSourceSize":{"x":0,"y":0,"w":483,"h":108},"frame":{"x":489,"y":734,"w":483,"h":108}},{"filename":"texts/level-failed","rotated":false,"trimmed":false,"sourceSize":{"w":288,"h":36},"spriteSourceSize":{"x":0,"y":0,"w":288,"h":36},"frame":{"x":975,"y":772,"w":288,"h":36}},{"filename":"texts/setting","rotated":false,"trimmed":false,"sourceSize":{"w":285,"h":60},"spriteSourceSize":{"x":0,"y":0,"w":285,"h":60},"frame":{"x":975,"y":811,"w":285,"h":60}},{"filename":"texts/your-score","rotated":false,"trimmed":false,"sourceSize":{"w":461,"h":60},"spriteSourceSize":{"x":0,"y":0,"w":461,"h":60},"frame":{"x":489,"y":845,"w":461,"h":60}},{"filename":"texts/congratulations","rotated":false,"trimmed":false,"sourceSize":{"w":274,"h":51},"spriteSourceSize":{"x":0,"y":0,"w":274,"h":51},"frame":{"x":953,"y":874,"w":274,"h":51}},{"filename":"texts/daily-challenge","rotated":false,"trimmed":false,"sourceSize":{"w":445,"h":55},"spriteSourceSize":{"x":0,"y":0,"w":445,"h":55},"frame":{"x":2,"y":870,"w":445,"h":55}},{"filename":"popup/top-dark","rotated":false,"trimmed":false,"sourceSize":{"w":431,"h":89},"spriteSourceSize":{"x":0,"y":0,"w":431,"h":89},"frame":{"x":450,"y":908,"w":431,"h":89}},{"filename":"popup/top","rotated":false,"trimmed":false,"sourceSize":{"w":431,"h":89},"spriteSourceSize":{"x":0,"y":0,"w":431,"h":89},"frame":{"x":2,"y":928,"w":431,"h":89}},{"filename":"texts/text-next-level","rotated":false,"trimmed":false,"sourceSize":{"w":327,"h":42},"spriteSourceSize":{"x":0,"y":0,"w":327,"h":42},"frame":{"x":884,"y":928,"w":327,"h":42}},{"filename":"leaderboards/bg-item","rotated":false,"trimmed":false,"sourceSize":{"w":317,"h":61},"spriteSourceSize":{"x":0,"y":0,"w":317,"h":61},"frame":{"x":884,"y":973,"w":317,"h":61}},{"filename":"popup/bottom","rotated":false,"trimmed":false,"sourceSize":{"w":431,"h":27},"spriteSourceSize":{"x":0,"y":0,"w":431,"h":27},"frame":{"x":436,"y":1000,"w":431,"h":27}},{"filename":"texts/first-milestone","rotated":false,"trimmed":false,"sourceSize":{"w":424,"h":41},"spriteSourceSize":{"x":0,"y":0,"w":424,"h":41},"frame":{"x":2,"y":1020,"w":424,"h":41}},{"filename":"texts/next-milestone","rotated":false,"trimmed":false,"sourceSize":{"w":418,"h":49},"spriteSourceSize":{"x":0,"y":0,"w":418,"h":49},"frame":{"x":429,"y":1030,"w":418,"h":49}},{"filename":"texts/leader-board","rotated":false,"trimmed":false,"sourceSize":{"w":403,"h":60},"spriteSourceSize":{"x":0,"y":0,"w":403,"h":60},"frame":{"x":850,"y":1037,"w":403,"h":60}},{"filename":"texts/invite-friends","rotated":false,"trimmed":false,"sourceSize":{"w":395,"h":34},"spriteSourceSize":{"x":0,"y":0,"w":395,"h":34},"frame":{"x":2,"y":1064,"w":395,"h":34}},{"filename":"bg-combo","rotated":false,"trimmed":true,"sourceSize":{"w":212,"h":87},"spriteSourceSize":{"x":0,"y":9,"w":212,"h":78},"frame":{"x":2,"y":1101,"w":212,"h":78}},{"filename":"bg-streak","rotated":false,"trimmed":true,"sourceSize":{"w":212,"h":87},"spriteSourceSize":{"x":0,"y":9,"w":212,"h":78},"frame":{"x":2,"y":1182,"w":212,"h":78}},{"filename":"texts/refill-lives","rotated":false,"trimmed":false,"sourceSize":{"w":241,"h":71},"spriteSourceSize":{"x":0,"y":0,"w":241,"h":71},"frame":{"x":217,"y":1101,"w":241,"h":71}},{"filename":"leaderboards/bg-item-1","rotated":false,"trimmed":false,"sourceSize":{"w":232,"h":46},"spriteSourceSize":{"x":0,"y":0,"w":232,"h":46},"frame":{"x":217,"y":1175,"w":232,"h":46}},{"filename":"texts/text-tutorial","rotated":false,"trimmed":false,"sourceSize":{"w":241,"h":41},"spriteSourceSize":{"x":0,"y":0,"w":241,"h":41},"frame":{"x":217,"y":1224,"w":241,"h":41}},{"filename":"texts/draw","rotated":false,"trimmed":false,"sourceSize":{"w":218,"h":43},"spriteSourceSize":{"x":0,"y":0,"w":218,"h":43},"frame":{"x":452,"y":1175,"w":218,"h":43}},{"filename":"texts/text-journey","rotated":false,"trimmed":false,"sourceSize":{"w":169,"h":35},"spriteSourceSize":{"x":0,"y":0,"w":169,"h":35},"frame":{"x":673,"y":1082,"w":169,"h":35}},{"filename":"texts/collect","rotated":false,"trimmed":false,"sourceSize":{"w":205,"h":29},"spriteSourceSize":{"x":0,"y":0,"w":205,"h":29},"frame":{"x":461,"y":1082,"w":205,"h":29}},{"filename":"texts/start","rotated":false,"trimmed":false,"sourceSize":{"w":181,"h":39},"spriteSourceSize":{"x":0,"y":0,"w":181,"h":39},"frame":{"x":461,"y":1221,"w":181,"h":39}},{"filename":"texts/start-over","rotated":false,"trimmed":false,"sourceSize":{"w":228,"h":37},"spriteSourceSize":{"x":0,"y":0,"w":228,"h":37},"frame":{"x":645,"y":1221,"w":228,"h":37}},{"filename":"ui-ngang/text-score","rotated":false,"trimmed":false,"sourceSize":{"w":177,"h":37},"spriteSourceSize":{"x":0,"y":0,"w":177,"h":37},"frame":{"x":461,"y":1120,"w":177,"h":37}},{"filename":"texts/target-score","rotated":false,"trimmed":false,"sourceSize":{"w":265,"h":35},"spriteSourceSize":{"x":0,"y":0,"w":265,"h":35},"frame":{"x":641,"y":1120,"w":265,"h":35}},{"filename":"texts/play-with","rotated":false,"trimmed":false,"sourceSize":{"w":249,"h":34},"spriteSourceSize":{"x":0,"y":0,"w":249,"h":34},"frame":{"x":673,"y":1158,"w":249,"h":34}},{"filename":"texts/text-ranking","rotated":false,"trimmed":false,"sourceSize":{"w":260,"h":32},"spriteSourceSize":{"x":0,"y":0,"w":260,"h":32},"frame":{"x":909,"y":1100,"w":260,"h":32}},{"filename":"texts/no-thank","rotated":false,"trimmed":false,"sourceSize":{"w":235,"h":32},"spriteSourceSize":{"x":0,"y":0,"w":235,"h":32},"frame":{"x":876,"y":1195,"w":235,"h":32}},{"filename":"texts/replay","rotated":false,"trimmed":false,"sourceSize":{"w":163,"h":31},"spriteSourceSize":{"x":0,"y":0,"w":163,"h":31},"frame":{"x":876,"y":1230,"w":163,"h":31}},{"filename":"texts/continue","rotated":false,"trimmed":false,"sourceSize":{"w":212,"h":30},"spriteSourceSize":{"x":0,"y":0,"w":212,"h":30},"frame":{"x":1042,"y":1230,"w":212,"h":30}},{"filename":"ui-ngang/text-next-block","rotated":false,"trimmed":false,"sourceSize":{"w":233,"h":30},"spriteSourceSize":{"x":0,"y":0,"w":233,"h":30},"frame":{"x":925,"y":1135,"w":233,"h":30}}]}],"meta":{"app":"https://www.codeandweb.com/texturepacker","version":"3.0","smartupdate":"$TexturePacker:SmartUpdate:d2452ac8242a691344cc567a7533580a:75a6fee32b458aead25f602162598d92:3e7944c06d121c41a747bba57afe2e59$"}}