<?xml version="1.0" encoding="UTF-8"?><font><info face="NotoSansJP-Black" size="50" bold="0" italic="0" charset="" unicode="1" stretchH="100" smooth="1" aa="1" padding="1,1,1,1" spacing="1,1"/><common lineHeight="50" base="58" scaleW="640" scaleH="640" pages="1" packed="0"/><pages><page id="0" file="Noto-Black-Normal.png"/></pages><chars count="220"><char id="32" x="0" y="0" width="0" height="0" xoffset="0" yoffset="0" xadvance="12" page="0" chnl="15"/><char id="33" x="442" y="454" width="12" height="41" xoffset="4" yoffset="19" xadvance="20" page="0" chnl="15"/><char id="34" x="56" y="616" width="26" height="22" xoffset="3" yoffset="18" xadvance="32" page="0" chnl="15"/><char id="35" x="549" y="538" width="29" height="39" xoffset="1" yoffset="20" xadvance="31" page="0" chnl="15"/><char id="36" x="80" y="0" width="27" height="52" xoffset="1" yoffset="14" xadvance="31" page="0" chnl="15"/><char id="37" x="455" y="454" width="49" height="41" xoffset="0" yoffset="19" xadvance="50" page="0" chnl="15"/><char id="38" x="505" y="454" width="39" height="41" xoffset="0" yoffset="19" xadvance="39" page="0" chnl="15"/><char id="39" x="83" y="616" width="12" height="22" xoffset="3" yoffset="18" xadvance="18" page="0" chnl="15"/><char id="40" x="44" y="0" width="15" height="54" xoffset="3" yoffset="15" xadvance="20" page="0" chnl="15"/><char id="41" x="28" y="0" width="15" height="55" xoffset="2" yoffset="15" xadvance="20" page="0" chnl="15"/><char id="42" x="0" y="616" width="25" height="24" xoffset="1" yoffset="16" xadvance="27" page="0" chnl="15"/><char id="43" x="569" y="578" width="29" height="29" xoffset="1" yoffset="25" xadvance="31" page="0" chnl="15"/><char id="44" x="625" y="454" width="14" height="23" xoffset="2" yoffset="47" xadvance="18" page="0" chnl="15"/><char id="45" x="624" y="0" width="16" height="9" xoffset="2" yoffset="39" xadvance="20" page="0" chnl="15"/><char id="46" x="625" y="478" width="12" height="13" xoffset="3" yoffset="47" xadvance="18" page="0" chnl="15"/><char id="47" x="60" y="0" width="19" height="53" xoffset="0" yoffset="16" xadvance="20" page="0" chnl="15"/><char id="48" x="128" y="454" width="29" height="41" xoffset="1" yoffset="19" xadvance="31" page="0" chnl="15"/><char id="49" x="614" y="265" width="26" height="39" xoffset="3" yoffset="20" xadvance="31" page="0" chnl="15"/><char id="50" x="0" y="497" width="28" height="40" xoffset="1" yoffset="19" xadvance="31" page="0" chnl="15"/><char id="51" x="158" y="454" width="29" height="41" xoffset="0" yoffset="19" xadvance="31" page="0" chnl="15"/><char id="52" x="487" y="497" width="31" height="39" xoffset="0" yoffset="20" xadvance="31" page="0" chnl="15"/><char id="53" x="29" y="497" width="29" height="40" xoffset="0" yoffset="20" xadvance="31" page="0" chnl="15"/><char id="54" x="188" y="454" width="29" height="41" xoffset="1" yoffset="19" xadvance="31" page="0" chnl="15"/><char id="55" x="519" y="497" width="28" height="39" xoffset="2" yoffset="20" xadvance="31" page="0" chnl="15"/><char id="56" x="218" y="454" width="28" height="41" xoffset="1" yoffset="19" xadvance="31" page="0" chnl="15"/><char id="57" x="247" y="454" width="28" height="41" xoffset="1" yoffset="19" xadvance="31" page="0" chnl="15"/><char id="58" x="254" y="578" width="12" height="32" xoffset="3" yoffset="28" xadvance="18" page="0" chnl="15"/><char id="59" x="598" y="409" width="14" height="42" xoffset="2" yoffset="28" xadvance="18" page="0" chnl="15"/><char id="61" x="26" y="616" width="29" height="22" xoffset="1" yoffset="28" xadvance="31" page="0" chnl="15"/><char id="63" x="613" y="409" width="25" height="42" xoffset="1" yoffset="18" xadvance="27" page="0" chnl="15"/><char id="64" x="371" y="0" width="49" height="50" xoffset="2" yoffset="19" xadvance="53" page="0" chnl="15"/><char id="65" x="571" y="497" width="35" height="39" xoffset="-1" yoffset="20" xadvance="33" page="0" chnl="15"/><char id="66" x="0" y="538" width="31" height="39" xoffset="3" yoffset="20" xadvance="35" page="0" chnl="15"/><char id="67" x="308" y="454" width="31" height="41" xoffset="2" yoffset="19" xadvance="34" page="0" chnl="15"/><char id="68" x="32" y="538" width="32" height="39" xoffset="3" yoffset="20" xadvance="37" page="0" chnl="15"/><char id="69" x="65" y="538" width="27" height="39" xoffset="3" yoffset="20" xadvance="32" page="0" chnl="15"/><char id="70" x="93" y="538" width="27" height="39" xoffset="3" yoffset="20" xadvance="31" page="0" chnl="15"/><char id="71" x="340" y="454" width="33" height="41" xoffset="2" yoffset="19" xadvance="37" page="0" chnl="15"/><char id="72" x="607" y="497" width="33" height="39" xoffset="3" yoffset="20" xadvance="39" page="0" chnl="15"/><char id="73" x="121" y="538" width="12" height="39" xoffset="3" yoffset="20" xadvance="18" page="0" chnl="15"/><char id="74" x="59" y="497" width="27" height="40" xoffset="0" yoffset="20" xadvance="30" page="0" chnl="15"/><char id="75" x="134" y="538" width="34" height="39" xoffset="3" yoffset="20" xadvance="36" page="0" chnl="15"/><char id="76" x="169" y="538" width="26" height="39" xoffset="3" yoffset="20" xadvance="30" page="0" chnl="15"/><char id="77" x="196" y="538" width="38" height="39" xoffset="3" yoffset="20" xadvance="44" page="0" chnl="15"/><char id="78" x="235" y="538" width="32" height="39" xoffset="3" yoffset="20" xadvance="39" page="0" chnl="15"/><char id="79" x="374" y="454" width="36" height="41" xoffset="2" yoffset="19" xadvance="40" page="0" chnl="15"/><char id="80" x="268" y="538" width="31" height="39" xoffset="3" yoffset="20" xadvance="35" page="0" chnl="15"/><char id="81" x="108" y="0" width="38" height="51" xoffset="2" yoffset="19" xadvance="40" page="0" chnl="15"/><char id="82" x="300" y="538" width="32" height="39" xoffset="3" yoffset="20" xadvance="36" page="0" chnl="15"/><char id="83" x="411" y="454" width="30" height="41" xoffset="1" yoffset="19" xadvance="32" page="0" chnl="15"/><char id="84" x="333" y="538" width="32" height="39" xoffset="0" yoffset="20" xadvance="32" page="0" chnl="15"/><char id="85" x="87" y="497" width="33" height="40" xoffset="3" yoffset="20" xadvance="39" page="0" chnl="15"/><char id="86" x="366" y="538" width="35" height="39" xoffset="-1" yoffset="20" xadvance="33" page="0" chnl="15"/><char id="87" x="402" y="538" width="47" height="39" xoffset="0" yoffset="20" xadvance="47" page="0" chnl="15"/><char id="88" x="450" y="538" width="33" height="39" xoffset="0" yoffset="20" xadvance="33" page="0" chnl="15"/><char id="89" x="484" y="538" width="33" height="39" xoffset="-1" yoffset="20" xadvance="31" page="0" chnl="15"/><char id="90" x="518" y="538" width="30" height="39" xoffset="1" yoffset="20" xadvance="31" page="0" chnl="15"/><char id="91" x="185" y="0" width="15" height="51" xoffset="4" yoffset="17" xadvance="20" page="0" chnl="15"/><char id="93" x="201" y="0" width="15" height="51" xoffset="2" yoffset="17" xadvance="20" page="0" chnl="15"/><char id="94" x="599" y="578" width="27" height="25" xoffset="2" yoffset="19" xadvance="31" page="0" chnl="15"/><char id="95" x="211" y="616" width="29" height="8" xoffset="0" yoffset="60" xadvance="29" page="0" chnl="15"/><char id="97" x="112" y="578" width="28" height="32" xoffset="1" yoffset="28" xadvance="31" page="0" chnl="15"/><char id="98" x="136" y="409" width="29" height="43" xoffset="3" yoffset="17" xadvance="33" page="0" chnl="15"/><char id="99" x="141" y="578" width="26" height="32" xoffset="1" yoffset="28" xadvance="27" page="0" chnl="15"/><char id="100" x="610" y="112" width="30" height="43" xoffset="1" yoffset="17" xadvance="33" page="0" chnl="15"/><char id="101" x="168" y="578" width="28" height="32" xoffset="1" yoffset="28" xadvance="30" page="0" chnl="15"/><char id="102" x="166" y="409" width="23" height="43" xoffset="0" yoffset="16" xadvance="20" page="0" chnl="15"/><char id="103" x="190" y="409" width="30" height="43" xoffset="1" yoffset="28" xadvance="31" page="0" chnl="15"/><char id="104" x="612" y="61" width="28" height="42" xoffset="3" yoffset="17" xadvance="33" page="0" chnl="15"/><char id="105" x="623" y="314" width="12" height="44" xoffset="2" yoffset="15" xadvance="17" page="0" chnl="15"/><char id="106" x="9" y="0" width="18" height="56" xoffset="-4" yoffset="15" xadvance="17" page="0" chnl="15"/><char id="107" x="507" y="409" width="29" height="42" xoffset="3" yoffset="17" xadvance="32" page="0" chnl="15"/><char id="108" x="221" y="409" width="14" height="43" xoffset="3" yoffset="17" xadvance="17" page="0" chnl="15"/><char id="109" x="267" y="578" width="44" height="31" xoffset="3" yoffset="28" xadvance="50" page="0" chnl="15"/><char id="110" x="312" y="578" width="28" height="31" xoffset="3" yoffset="28" xadvance="33" page="0" chnl="15"/><char id="111" x="197" y="578" width="30" height="32" xoffset="1" yoffset="28" xadvance="32" page="0" chnl="15"/><char id="112" x="537" y="409" width="29" height="42" xoffset="3" yoffset="28" xadvance="33" page="0" chnl="15"/><char id="113" x="567" y="409" width="30" height="42" xoffset="1" yoffset="28" xadvance="33" page="0" chnl="15"/><char id="114" x="341" y="578" width="21" height="31" xoffset="3" yoffset="28" xadvance="24" page="0" chnl="15"/><char id="115" x="228" y="578" width="25" height="32" xoffset="0" yoffset="28" xadvance="26" page="0" chnl="15"/><char id="116" x="548" y="497" width="22" height="39" xoffset="0" yoffset="21" xadvance="23" page="0" chnl="15"/><char id="117" x="363" y="578" width="29" height="31" xoffset="2" yoffset="29" xadvance="33" page="0" chnl="15"/><char id="118" x="433" y="578" width="31" height="30" xoffset="0" yoffset="29" xadvance="31" page="0" chnl="15"/><char id="119" x="465" y="578" width="45" height="30" xoffset="0" yoffset="29" xadvance="45" page="0" chnl="15"/><char id="120" x="511" y="578" width="30" height="30" xoffset="0" yoffset="29" xadvance="30" page="0" chnl="15"/><char id="121" x="276" y="454" width="31" height="41" xoffset="0" yoffset="29" xadvance="31" page="0" chnl="15"/><char id="122" x="542" y="578" width="26" height="30" xoffset="1" yoffset="29" xadvance="27" page="0" chnl="15"/><char id="123" x="147" y="0" width="18" height="51" xoffset="1" yoffset="17" xadvance="20" page="0" chnl="15"/><char id="124" x="0" y="0" width="8" height="60" xoffset="4" yoffset="14" xadvance="16" page="0" chnl="15"/><char id="125" x="166" y="0" width="18" height="51" xoffset="2" yoffset="17" xadvance="20" page="0" chnl="15"/><char id="8470" x="121" y="497" width="54" height="40" xoffset="2" yoffset="20" xadvance="56" page="0" chnl="15"/><char id="12289" x="96" y="616" width="19" height="19" xoffset="1" yoffset="44" xadvance="50" page="0" chnl="15"/><char id="12300" x="92" y="578" width="19" height="34" xoffset="31" yoffset="14" xadvance="50" page="0" chnl="15"/><char id="12301" x="620" y="538" width="20" height="34" xoffset="0" yoffset="30" xadvance="50" page="0" chnl="15"/><char id="12354" x="161" y="314" width="45" height="47" xoffset="3" yoffset="16" xadvance="50" page="0" chnl="15"/><char id="12356" x="441" y="497" width="45" height="40" xoffset="4" yoffset="21" xadvance="50" page="0" chnl="15"/><char id="12360" x="578" y="314" width="44" height="46" xoffset="4" yoffset="16" xadvance="50" page="0" chnl="15"/><char id="12363" x="478" y="314" width="50" height="46" xoffset="1" yoffset="16" xadvance="50" page="0" chnl="15"/><char id="12364" x="239" y="214" width="50" height="49" xoffset="1" yoffset="13" xadvance="50" page="0" chnl="15"/><char id="12365" x="207" y="314" width="39" height="47" xoffset="6" yoffset="16" xadvance="50" page="0" chnl="15"/><char id="12368" x="199" y="214" width="39" height="49" xoffset="6" yoffset="15" xadvance="50" page="0" chnl="15"/><char id="12371" x="89" y="454" width="38" height="42" xoffset="6" yoffset="20" xadvance="50" page="0" chnl="15"/><char id="12373" x="44" y="314" width="39" height="47" xoffset="6" yoffset="16" xadvance="50" page="0" chnl="15"/><char id="12375" x="343" y="314" width="39" height="46" xoffset="9" yoffset="17" xadvance="50" page="0" chnl="15"/><char id="12376" x="0" y="362" width="39" height="46" xoffset="8" yoffset="17" xadvance="50" page="0" chnl="15"/><char id="12377" x="0" y="265" width="45" height="48" xoffset="3" yoffset="16" xadvance="50" page="0" chnl="15"/><char id="12379" x="485" y="362" width="47" height="45" xoffset="1" yoffset="17" xadvance="50" page="0" chnl="15"/><char id="12383" x="432" y="314" width="45" height="46" xoffset="3" yoffset="16" xadvance="50" page="0" chnl="15"/><char id="12388" x="0" y="578" width="47" height="37" xoffset="1" yoffset="23" xadvance="50" page="0" chnl="15"/><char id="12390" x="371" y="409" width="44" height="43" xoffset="2" yoffset="19" xadvance="50" page="0" chnl="15"/><char id="12391" x="324" y="409" width="46" height="43" xoffset="2" yoffset="19" xadvance="50" page="0" chnl="15"/><char id="12394" x="431" y="265" width="48" height="47" xoffset="1" yoffset="16" xadvance="50" page="0" chnl="15"/><char id="12395" x="92" y="409" width="43" height="44" xoffset="4" yoffset="18" xadvance="50" page="0" chnl="15"/><char id="12398" x="416" y="409" width="46" height="43" xoffset="2" yoffset="19" xadvance="50" page="0" chnl="15"/><char id="12399" x="437" y="362" width="47" height="45" xoffset="3" yoffset="17" xadvance="50" page="0" chnl="15"/><char id="12409" x="545" y="454" width="49" height="41" xoffset="0" yoffset="19" xadvance="50" page="0" chnl="15"/><char id="12414" x="530" y="265" width="38" height="47" xoffset="7" yoffset="16" xadvance="50" page="0" chnl="15"/><char id="12415" x="388" y="362" width="48" height="45" xoffset="1" yoffset="18" xadvance="50" page="0" chnl="15"/><char id="12425" x="84" y="314" width="40" height="47" xoffset="6" yoffset="16" xadvance="50" page="0" chnl="15"/><char id="12426" x="125" y="314" width="35" height="47" xoffset="8" yoffset="16" xadvance="50" page="0" chnl="15"/><char id="12427" x="344" y="362" width="43" height="45" xoffset="3" yoffset="18" xadvance="50" page="0" chnl="15"/><char id="12428" x="293" y="314" width="49" height="46" xoffset="1" yoffset="16" xadvance="50" page="0" chnl="15"/><char id="12434" x="197" y="265" width="45" height="47" xoffset="2" yoffset="16" xadvance="50" page="0" chnl="15"/><char id="12435" x="40" y="362" width="48" height="46" xoffset="1" yoffset="16" xadvance="50" page="0" chnl="15"/><char id="12450" x="46" y="409" width="45" height="44" xoffset="4" yoffset="19" xadvance="50" page="0" chnl="15"/><char id="12451" x="267" y="497" width="39" height="40" xoffset="4" yoffset="24" xadvance="50" page="0" chnl="15"/><char id="12452" x="247" y="314" width="45" height="46" xoffset="1" yoffset="16" xadvance="50" page="0" chnl="15"/><char id="12461" x="569" y="265" width="44" height="47" xoffset="3" yoffset="16" xadvance="50" page="0" chnl="15"/><char id="12463" x="595" y="163" width="45" height="48" xoffset="2" yoffset="15" xadvance="50" page="0" chnl="15"/><char id="12464" x="217" y="0" width="50" height="51" xoffset="0" yoffset="13" xadvance="50" page="0" chnl="15"/><char id="12465" x="529" y="314" width="48" height="46" xoffset="0" yoffset="16" xadvance="50" page="0" chnl="15"/><char id="12467" x="176" y="497" width="40" height="40" xoffset="6" yoffset="21" xadvance="50" page="0" chnl="15"/><char id="12471" x="249" y="362" width="46" height="45" xoffset="2" yoffset="17" xadvance="50" page="0" chnl="15"/><char id="12473" x="277" y="409" width="46" height="43" xoffset="2" yoffset="19" xadvance="50" page="0" chnl="15"/><char id="12475" x="533" y="362" width="46" height="45" xoffset="1" yoffset="17" xadvance="50" page="0" chnl="15"/><char id="12479" x="443" y="214" width="46" height="48" xoffset="1" yoffset="15" xadvance="50" page="0" chnl="15"/><char id="12481" x="203" y="362" width="45" height="45" xoffset="3" yoffset="17" xadvance="50" page="0" chnl="15"/><char id="12483" x="579" y="538" width="40" height="38" xoffset="6" yoffset="27" xadvance="50" page="0" chnl="15"/><char id="12486" x="122" y="362" width="45" height="45" xoffset="3" yoffset="18" xadvance="50" page="0" chnl="15"/><char id="12488" x="89" y="362" width="32" height="45" xoffset="13" yoffset="17" xadvance="50" page="0" chnl="15"/><char id="12489" x="345" y="265" width="35" height="47" xoffset="12" yoffset="16" xadvance="50" page="0" chnl="15"/><char id="12491" x="48" y="578" width="43" height="36" xoffset="3" yoffset="22" xadvance="50" page="0" chnl="15"/><char id="12493" x="147" y="265" width="49" height="47" xoffset="1" yoffset="16" xadvance="50" page="0" chnl="15"/><char id="12501" x="47" y="454" width="41" height="42" xoffset="5" yoffset="20" xadvance="50" page="0" chnl="15"/><char id="12502" x="101" y="163" width="47" height="50" xoffset="3" yoffset="13" xadvance="50" page="0" chnl="15"/><char id="12503" x="100" y="214" width="46" height="49" xoffset="4" yoffset="14" xadvance="50" page="0" chnl="15"/><char id="12505" x="217" y="497" width="49" height="40" xoffset="0" yoffset="19" xadvance="50" page="0" chnl="15"/><char id="12506" x="307" y="497" width="49" height="40" xoffset="0" yoffset="19" xadvance="50" page="0" chnl="15"/><char id="12508" x="46" y="265" width="50" height="48" xoffset="0" yoffset="15" xadvance="50" page="0" chnl="15"/><char id="12510" x="0" y="454" width="46" height="42" xoffset="3" yoffset="21" xadvance="50" page="0" chnl="15"/><char id="12512" x="296" y="362" width="47" height="45" xoffset="2" yoffset="17" xadvance="50" page="0" chnl="15"/><char id="12515" x="357" y="497" width="41" height="40" xoffset="5" yoffset="25" xadvance="50" page="0" chnl="15"/><char id="12517" x="393" y="578" width="39" height="31" xoffset="6" yoffset="30" xadvance="50" page="0" chnl="15"/><char id="12522" x="168" y="362" width="34" height="45" xoffset="8" yoffset="18" xadvance="50" page="0" chnl="15"/><char id="12523" x="580" y="362" width="50" height="44" xoffset="0" yoffset="18" xadvance="50" page="0" chnl="15"/><char id="12524" x="236" y="409" width="40" height="43" xoffset="8" yoffset="19" xadvance="50" page="0" chnl="15"/><char id="12525" x="399" y="497" width="41" height="40" xoffset="5" yoffset="21" xadvance="50" page="0" chnl="15"/><char id="12527" x="463" y="409" width="43" height="43" xoffset="4" yoffset="20" xadvance="50" page="0" chnl="15"/><char id="12531" x="0" y="409" width="45" height="44" xoffset="4" yoffset="18" xadvance="50" page="0" chnl="15"/><char id="12540" x="116" y="616" width="44" height="12" xoffset="3" yoffset="33" xadvance="50" page="0" chnl="15"/><char id="19968" x="161" y="616" width="49" height="10" xoffset="1" yoffset="34" xadvance="50" page="0" chnl="15"/><char id="19978" x="381" y="265" width="49" height="47" xoffset="1" yoffset="15" xadvance="50" page="0" chnl="15"/><char id="20006" x="343" y="214" width="48" height="49" xoffset="1" yoffset="14" xadvance="50" page="0" chnl="15"/><char id="20013" x="549" y="163" width="45" height="50" xoffset="3" yoffset="14" xadvance="50" page="0" chnl="15"/><char id="20102" x="0" y="314" width="43" height="47" xoffset="4" yoffset="17" xadvance="50" page="0" chnl="15"/><char id="20170" x="357" y="112" width="50" height="50" xoffset="0" yoffset="14" xadvance="50" page="0" chnl="15"/><char id="20449" x="445" y="163" width="51" height="50" xoffset="-1" yoffset="14" xadvance="50" page="0" chnl="15"/><char id="20493" x="406" y="61" width="51" height="50" xoffset="-1" yoffset="14" xadvance="50" page="0" chnl="15"/><char id="20572" x="571" y="0" width="52" height="50" xoffset="-1" yoffset="14" xadvance="50" page="0" chnl="15"/><char id="20837" x="243" y="265" width="50" height="47" xoffset="0" yoffset="17" xadvance="50" page="0" chnl="15"/><char id="20998" x="290" y="214" width="52" height="49" xoffset="-1" yoffset="15" xadvance="50" page="0" chnl="15"/><char id="20999" x="586" y="214" width="49" height="48" xoffset="0" yoffset="16" xadvance="50" page="0" chnl="15"/><char id="21033" x="357" y="61" width="48" height="50" xoffset="0" yoffset="14" xadvance="50" page="0" chnl="15"/><char id="21066" x="561" y="112" width="48" height="50" xoffset="0" yoffset="14" xadvance="50" page="0" chnl="15"/><char id="21069" x="149" y="163" width="48" height="50" xoffset="1" yoffset="14" xadvance="50" page="0" chnl="15"/><char id="21213" x="305" y="61" width="51" height="50" xoffset="0" yoffset="14" xadvance="50" page="0" chnl="15"/><char id="21451" x="0" y="61" width="49" height="50" xoffset="0" yoffset="14" xadvance="50" page="0" chnl="15"/><char id="21462" x="294" y="265" width="50" height="47" xoffset="0" yoffset="17" xadvance="50" page="0" chnl="15"/><char id="21487" x="383" y="314" width="48" height="46" xoffset="1" yoffset="18" xadvance="50" page="0" chnl="15"/><char id="21578" x="51" y="214" width="48" height="50" xoffset="1" yoffset="14" xadvance="50" page="0" chnl="15"/><char id="22730" x="204" y="112" width="51" height="50" xoffset="0" yoffset="14" xadvance="50" page="0" chnl="15"/><char id="22833" x="101" y="61" width="50" height="50" xoffset="0" yoffset="14" xadvance="50" page="0" chnl="15"/><char id="24195" x="0" y="214" width="50" height="50" xoffset="0" yoffset="14" xadvance="50" page="0" chnl="15"/><char id="24382" x="256" y="112" width="49" height="50" xoffset="1" yoffset="14" xadvance="50" page="0" chnl="15"/><char id="24453" x="471" y="0" width="50" height="50" xoffset="0" yoffset="14" xadvance="50" page="0" chnl="15"/><char id="24460" x="320" y="0" width="50" height="51" xoffset="0" yoffset="14" xadvance="50" page="0" chnl="15"/><char id="24471" x="508" y="61" width="50" height="50" xoffset="-1" yoffset="14" xadvance="50" page="0" chnl="15"/><char id="24489" x="204" y="61" width="50" height="50" xoffset="0" yoffset="14" xadvance="50" page="0" chnl="15"/><char id="25163" x="458" y="61" width="49" height="50" xoffset="1" yoffset="14" xadvance="50" page="0" chnl="15"/><char id="25307" x="421" y="0" width="49" height="50" xoffset="0" yoffset="14" xadvance="50" page="0" chnl="15"/><char id="25509" x="50" y="163" width="50" height="50" xoffset="0" yoffset="14" xadvance="50" page="0" chnl="15"/><char id="25943" x="152" y="61" width="51" height="50" xoffset="0" yoffset="14" xadvance="50" page="0" chnl="15"/><char id="26009" x="459" y="112" width="50" height="50" xoffset="0" yoffset="14" xadvance="50" page="0" chnl="15"/><char id="26178" x="522" y="0" width="48" height="50" xoffset="2" yoffset="14" xadvance="50" page="0" chnl="15"/><char id="26228" x="348" y="163" width="48" height="50" xoffset="2" yoffset="14" xadvance="50" page="0" chnl="15"/><char id="26367" x="198" y="163" width="50" height="50" xoffset="0" yoffset="14" xadvance="50" page="0" chnl="15"/><char id="26368" x="97" y="265" width="49" height="48" xoffset="1" yoffset="16" xadvance="50" page="0" chnl="15"/><char id="27490" x="490" y="214" width="49" height="48" xoffset="1" yoffset="14" xadvance="50" page="0" chnl="15"/><char id="27963" x="255" y="61" width="49" height="50" xoffset="1" yoffset="14" xadvance="50" page="0" chnl="15"/><char id="28040" x="306" y="112" width="50" height="50" xoffset="0" yoffset="14" xadvance="50" page="0" chnl="15"/><char id="28961" x="408" y="112" width="50" height="50" xoffset="0" yoffset="14" xadvance="50" page="0" chnl="15"/><char id="29190" x="147" y="214" width="51" height="49" xoffset="0" yoffset="15" xadvance="50" page="0" chnl="15"/><char id="30330" x="510" y="112" width="50" height="50" xoffset="0" yoffset="14" xadvance="50" page="0" chnl="15"/><char id="30772" x="153" y="112" width="50" height="50" xoffset="0" yoffset="14" xadvance="50" page="0" chnl="15"/><char id="31034" x="480" y="265" width="49" height="47" xoffset="0" yoffset="17" xadvance="50" page="0" chnl="15"/><char id="32032" x="298" y="163" width="49" height="50" xoffset="1" yoffset="14" xadvance="50" page="0" chnl="15"/><char id="32066" x="268" y="0" width="51" height="51" xoffset="0" yoffset="14" xadvance="50" page="0" chnl="15"/><char id="32154" x="559" y="61" width="52" height="50" xoffset="-1" yoffset="14" xadvance="50" page="0" chnl="15"/><char id="33021" x="51" y="112" width="50" height="50" xoffset="0" yoffset="14" xadvance="50" page="0" chnl="15"/><char id="33391" x="249" y="163" width="48" height="50" xoffset="2" yoffset="14" xadvance="50" page="0" chnl="15"/><char id="34892" x="0" y="112" width="50" height="50" xoffset="0" yoffset="14" xadvance="50" page="0" chnl="15"/><char id="34920" x="102" y="112" width="50" height="50" xoffset="0" yoffset="14" xadvance="50" page="0" chnl="15"/><char id="35501" x="497" y="163" width="51" height="50" xoffset="0" yoffset="14" xadvance="50" page="0" chnl="15"/><char id="36796" x="392" y="214" width="50" height="49" xoffset="0" yoffset="15" xadvance="50" page="0" chnl="15"/><char id="36948" x="50" y="61" width="50" height="50" xoffset="0" yoffset="14" xadvance="50" page="0" chnl="15"/><char id="38291" x="540" y="214" width="45" height="48" xoffset="3" yoffset="16" xadvance="50" page="0" chnl="15"/><char id="38500" x="0" y="163" width="49" height="50" xoffset="2" yoffset="14" xadvance="50" page="0" chnl="15"/><char id="39640" x="397" y="163" width="47" height="50" xoffset="2" yoffset="14" xadvance="50" page="0" chnl="15"/><char id="65281" x="624" y="10" width="12" height="40" xoffset="19" yoffset="20" xadvance="50" page="0" chnl="15"/><char id="65311" x="595" y="454" width="29" height="41" xoffset="11" yoffset="19" xadvance="50" page="0" chnl="15"/></chars><kernings count="971"><kerning first="97" second="116" amount="-1"/><kerning first="97" second="84" amount="-2"/><kerning first="97" second="86" amount="-2"/><kerning first="97" second="87" amount="-1"/><kerning first="97" second="89" amount="-2"/><kerning first="97" second="63" amount="-2"/><kerning first="97" second="42" amount="-2"/><kerning first="98" second="97" amount="-1"/><kerning first="98" second="116" amount="-2"/><kerning first="98" second="118" amount="-1"/><kerning first="98" second="119" amount="-1"/><kerning first="98" second="120" amount="-2"/><kerning first="98" second="121" amount="-1"/><kerning first="98" second="122" amount="-1"/><kerning first="98" second="84" amount="-3"/><kerning first="98" second="86" amount="-1"/><kerning first="98" second="88" amount="-1"/><kerning first="98" second="89" amount="-3"/><kerning first="98" second="63" amount="-2"/><kerning first="98" second="46" amount="-1"/><kerning first="98" second="44" amount="-1"/><kerning first="98" second="34" amount="-1"/><kerning first="98" second="39" amount="-1"/><kerning first="99" second="97" amount="-1"/><kerning first="99" second="99" amount="-2"/><kerning first="99" second="100" amount="-2"/><kerning first="99" second="101" amount="-2"/><kerning first="99" second="103" amount="-1"/><kerning first="99" second="111" amount="-2"/><kerning first="99" second="113" amount="-2"/><kerning first="99" second="116" amount="-1"/><kerning first="99" second="84" amount="-1"/><kerning first="99" second="86" amount="-1"/><kerning first="99" second="89" amount="-2"/><kerning first="99" second="45" amount="-2"/><kerning first="101" second="97" amount="-1"/><kerning first="101" second="103" amount="-1"/><kerning first="101" second="116" amount="-1"/><kerning first="101" second="120" amount="-1"/><kerning first="101" second="74" amount="-1"/><kerning first="101" second="83" amount="-1"/><kerning first="101" second="84" amount="-2"/><kerning first="101" second="86" amount="-2"/><kerning first="101" second="87" amount="-1"/><kerning first="101" second="89" amount="-2"/><kerning first="101" second="63" amount="-1"/><kerning first="101" second="42" amount="-1"/><kerning first="101" second="45" amount="1"/><kerning first="102" second="97" amount="-1"/><kerning first="102" second="99" amount="-1"/><kerning first="102" second="100" amount="-1"/><kerning first="102" second="101" amount="-1"/><kerning first="102" second="103" amount="-1"/><kerning first="102" second="106" amount="-1"/><kerning first="102" second="111" amount="-1"/><kerning first="102" second="113" amount="-1"/><kerning first="102" second="115" amount="-1"/><kerning first="102" second="120" amount="-1"/><kerning first="102" second="122" amount="-1"/><kerning first="102" second="84" amount="2"/><kerning first="102" second="86" amount="4"/><kerning first="102" second="87" amount="2"/><kerning first="102" second="88" amount="1"/><kerning first="102" second="89" amount="3"/><kerning first="102" second="63" amount="1"/><kerning first="102" second="41" amount="2"/><kerning first="102" second="45" amount="-1"/><kerning first="102" second="46" amount="-4"/><kerning first="102" second="44" amount="-4"/><kerning first="102" second="34" amount="2"/><kerning first="102" second="39" amount="2"/><kerning first="102" second="125" amount="2"/><kerning first="102" second="93" amount="2"/><kerning first="103" second="97" amount="-1"/><kerning first="103" second="99" amount="-1"/><kerning first="103" second="100" amount="-1"/><kerning first="103" second="101" amount="-1"/><kerning first="103" second="106" amount="3"/><kerning first="103" second="111" amount="-1"/><kerning first="103" second="113" amount="-1"/><kerning first="103" second="118" amount="-1"/><kerning first="103" second="119" amount="-1"/><kerning first="103" second="122" amount="-1"/><kerning first="103" second="84" amount="-2"/><kerning first="103" second="89" amount="-1"/><kerning first="103" second="63" amount="-3"/><kerning first="103" second="42" amount="-1"/><kerning first="103" second="47" amount="1"/><kerning first="104" second="84" amount="-2"/><kerning first="104" second="86" amount="-1"/><kerning first="104" second="89" amount="-2"/><kerning first="104" second="63" amount="-1"/><kerning first="104" second="42" amount="-1"/><kerning first="107" second="97" amount="-1"/><kerning first="107" second="99" amount="-2"/><kerning first="107" second="100" amount="-2"/><kerning first="107" second="101" amount="-2"/><kerning first="107" second="103" amount="-1"/><kerning first="107" second="106" amount="-1"/><kerning first="107" second="111" amount="-2"/><kerning first="107" second="113" amount="-2"/><kerning first="107" second="116" amount="-2"/><kerning first="107" second="117" amount="-1"/><kerning first="107" second="120" amount="-1"/><kerning first="107" second="122" amount="-1"/><kerning first="107" second="84" amount="-3"/><kerning first="107" second="89" amount="-1"/><kerning first="107" second="63" amount="-2"/><kerning first="107" second="42" amount="-1"/><kerning first="107" second="45" amount="-5"/><kerning first="108" second="106" amount="1"/><kerning first="109" second="84" amount="-2"/><kerning first="109" second="86" amount="-1"/><kerning first="109" second="89" amount="-2"/><kerning first="109" second="63" amount="-1"/><kerning first="109" second="42" amount="-1"/><kerning first="110" second="84" amount="-2"/><kerning first="110" second="86" amount="-1"/><kerning first="110" second="89" amount="-2"/><kerning first="110" second="63" amount="-1"/><kerning first="110" second="42" amount="-1"/><kerning first="111" second="97" amount="-1"/><kerning first="111" second="116" amount="-2"/><kerning first="111" second="118" amount="-1"/><kerning first="111" second="119" amount="-1"/><kerning first="111" second="120" amount="-2"/><kerning first="111" second="121" amount="-1"/><kerning first="111" second="122" amount="-1"/><kerning first="111" second="84" amount="-3"/><kerning first="111" second="86" amount="-1"/><kerning first="111" second="88" amount="-1"/><kerning first="111" second="89" amount="-3"/><kerning first="111" second="63" amount="-2"/><kerning first="111" second="46" amount="-1"/><kerning first="111" second="44" amount="-1"/><kerning first="111" second="34" amount="-1"/><kerning first="111" second="39" amount="-1"/><kerning first="112" second="97" amount="-1"/><kerning first="112" second="116" amount="-2"/><kerning first="112" second="118" amount="-1"/><kerning first="112" second="119" amount="-1"/><kerning first="112" second="120" amount="-2"/><kerning first="112" second="121" amount="-1"/><kerning first="112" second="122" amount="-1"/><kerning first="112" second="84" amount="-3"/><kerning first="112" second="86" amount="-1"/><kerning first="112" second="88" amount="-1"/><kerning first="112" second="89" amount="-3"/><kerning first="112" second="63" amount="-2"/><kerning first="112" second="46" amount="-1"/><kerning first="112" second="44" amount="-1"/><kerning first="112" second="34" amount="-1"/><kerning first="112" second="39" amount="-1"/><kerning first="113" second="84" amount="-1"/><kerning first="113" second="86" amount="-1"/><kerning first="113" second="89" amount="-2"/><kerning first="113" second="42" amount="-1"/><kerning first="114" second="97" amount="-2"/><kerning first="114" second="99" amount="-1"/><kerning first="114" second="100" amount="-1"/><kerning first="114" second="101" amount="-1"/><kerning first="114" second="103" amount="-1"/><kerning first="114" second="111" amount="-1"/><kerning first="114" second="113" amount="-1"/><kerning first="114" second="115" amount="-1"/><kerning first="114" second="122" amount="-1"/><kerning first="114" second="65" amount="-1"/><kerning first="114" second="74" amount="-4"/><kerning first="114" second="90" amount="-1"/><kerning first="114" second="45" amount="-2"/><kerning first="114" second="46" amount="-5"/><kerning first="114" second="44" amount="-5"/><kerning first="114" second="47" amount="-1"/><kerning first="115" second="116" amount="-1"/><kerning first="115" second="84" amount="-2"/><kerning first="115" second="86" amount="-1"/><kerning first="115" second="89" amount="-1"/><kerning first="115" second="63" amount="-2"/><kerning first="115" second="42" amount="-1"/><kerning first="115" second="45" amount="1"/><kerning first="116" second="97" amount="-1"/><kerning first="116" second="99" amount="-1"/><kerning first="116" second="100" amount="-1"/><kerning first="116" second="101" amount="-1"/><kerning first="116" second="103" amount="-1"/><kerning first="116" second="111" amount="-1"/><kerning first="116" second="113" amount="-1"/><kerning first="116" second="115" amount="-1"/><kerning first="116" second="116" amount="-1"/><kerning first="116" second="120" amount="-1"/><kerning first="116" second="84" amount="-1"/><kerning first="116" second="89" amount="-1"/><kerning first="116" second="63" amount="-2"/><kerning first="116" second="45" amount="-2"/><kerning first="116" second="46" amount="-1"/><kerning first="116" second="44" amount="-1"/><kerning first="117" second="84" amount="-1"/><kerning first="117" second="86" amount="-1"/><kerning first="117" second="89" amount="-2"/><kerning first="117" second="42" amount="-1"/><kerning first="118" second="97" amount="-1"/><kerning first="118" second="99" amount="-1"/><kerning first="118" second="100" amount="-1"/><kerning first="118" second="101" amount="-1"/><kerning first="118" second="106" amount="-1"/><kerning first="118" second="111" amount="-1"/><kerning first="118" second="113" amount="-1"/><kerning first="118" second="122" amount="-2"/><kerning first="118" second="65" amount="-1"/><kerning first="118" second="74" amount="-2"/><kerning first="118" second="84" amount="-1"/><kerning first="118" second="86" amount="-1"/><kerning first="118" second="89" amount="-1"/><kerning first="118" second="90" amount="-1"/><kerning first="118" second="42" amount="-1"/><kerning first="118" second="45" amount="-1"/><kerning first="118" second="46" amount="-4"/><kerning first="118" second="44" amount="-4"/><kerning first="118" second="47" amount="-1"/><kerning first="119" second="97" amount="-1"/><kerning first="119" second="99" amount="-1"/><kerning first="119" second="100" amount="-1"/><kerning first="119" second="101" amount="-1"/><kerning first="119" second="106" amount="-1"/><kerning first="119" second="111" amount="-1"/><kerning first="119" second="113" amount="-1"/><kerning first="119" second="122" amount="-2"/><kerning first="119" second="65" amount="-1"/><kerning first="119" second="74" amount="-2"/><kerning first="119" second="84" amount="-2"/><kerning first="119" second="86" amount="-1"/><kerning first="119" second="88" amount="-1"/><kerning first="119" second="89" amount="-2"/><kerning first="119" second="42" amount="-1"/><kerning first="119" second="46" amount="-5"/><kerning first="119" second="44" amount="-5"/><kerning first="120" second="97" amount="-1"/><kerning first="120" second="99" amount="-2"/><kerning first="120" second="100" amount="-2"/><kerning first="120" second="101" amount="-2"/><kerning first="120" second="111" amount="-2"/><kerning first="120" second="113" amount="-2"/><kerning first="120" second="116" amount="-2"/><kerning first="120" second="121" amount="-1"/><kerning first="120" second="67" amount="-1"/><kerning first="120" second="71" amount="-1"/><kerning first="120" second="79" amount="-1"/><kerning first="120" second="81" amount="-1"/><kerning first="120" second="83" amount="-1"/><kerning first="120" second="84" amount="-1"/><kerning first="120" second="86" amount="-1"/><kerning first="120" second="88" amount="-1"/><kerning first="120" second="89" amount="-2"/><kerning first="120" second="33" amount="-1"/><kerning first="120" second="59" amount="1"/><kerning first="120" second="42" amount="-1"/><kerning first="120" second="45" amount="-1"/><kerning first="120" second="46" amount="-1"/><kerning first="120" second="44" amount="1"/><kerning first="121" second="97" amount="-1"/><kerning first="121" second="99" amount="-1"/><kerning first="121" second="100" amount="-1"/><kerning first="121" second="101" amount="-1"/><kerning first="121" second="106" amount="-1"/><kerning first="121" second="111" amount="-1"/><kerning first="121" second="113" amount="-1"/><kerning first="121" second="120" amount="-1"/><kerning first="121" second="122" amount="-2"/><kerning first="121" second="74" amount="-2"/><kerning first="121" second="84" amount="-1"/><kerning first="121" second="86" amount="-1"/><kerning first="121" second="88" amount="-1"/><kerning first="121" second="89" amount="-1"/><kerning first="121" second="46" amount="-4"/><kerning first="121" second="44" amount="-4"/><kerning first="122" second="97" amount="-1"/><kerning first="122" second="99" amount="-1"/><kerning first="122" second="100" amount="-1"/><kerning first="122" second="101" amount="-1"/><kerning first="122" second="111" amount="-1"/><kerning first="122" second="113" amount="-1"/><kerning first="122" second="117" amount="-1"/><kerning first="122" second="118" amount="-1"/><kerning first="122" second="121" amount="-1"/><kerning first="122" second="84" amount="-1"/><kerning first="122" second="89" amount="-1"/><kerning first="122" second="45" amount="-2"/><kerning first="65" second="97" amount="1"/><kerning first="65" second="102" amount="-1"/><kerning first="65" second="115" amount="1"/><kerning first="65" second="116" amount="-1"/><kerning first="65" second="118" amount="-1"/><kerning first="65" second="119" amount="-1"/><kerning first="65" second="120" amount="-1"/><kerning first="65" second="121" amount="-1"/><kerning first="65" second="67" amount="-1"/><kerning first="65" second="71" amount="-1"/><kerning first="65" second="79" amount="-1"/><kerning first="65" second="81" amount="-1"/><kerning first="65" second="84" amount="-4"/><kerning first="65" second="85" amount="-1"/><kerning first="65" second="86" amount="-1"/><kerning first="65" second="89" amount="-1"/><kerning first="65" second="63" amount="-2"/><kerning first="65" second="42" amount="-5"/><kerning first="65" second="34" amount="-4"/><kerning first="65" second="39" amount="-4"/><kerning first="66" second="116" amount="-1"/><kerning first="66" second="118" amount="-1"/><kerning first="66" second="119" amount="-1"/><kerning first="66" second="120" amount="-1"/><kerning first="66" second="121" amount="-1"/><kerning first="66" second="74" amount="-1"/><kerning first="66" second="83" amount="-1"/><kerning first="66" second="84" amount="-2"/><kerning first="66" second="86" amount="-1"/><kerning first="66" second="87" amount="-1"/><kerning first="66" second="88" amount="-1"/><kerning first="66" second="89" amount="-1"/><kerning first="66" second="90" amount="-1"/><kerning first="66" second="42" amount="-2"/><kerning first="67" second="103" amount="-1"/><kerning first="67" second="116" amount="-2"/><kerning first="67" second="117" amount="-1"/><kerning first="67" second="118" amount="-1"/><kerning first="67" second="119" amount="-1"/><kerning first="67" second="121" amount="-1"/><kerning first="67" second="67" amount="-2"/><kerning first="67" second="71" amount="-2"/><kerning first="67" second="74" amount="-1"/><kerning first="67" second="79" amount="-2"/><kerning first="67" second="81" amount="-2"/><kerning first="67" second="83" amount="-2"/><kerning first="67" second="84" amount="-1"/><kerning first="67" second="85" amount="-1"/><kerning first="67" second="86" amount="-1"/><kerning first="67" second="87" amount="-1"/><kerning first="67" second="88" amount="-1"/><kerning first="67" second="89" amount="-1"/><kerning first="67" second="90" amount="-1"/><kerning first="67" second="45" amount="-2"/><kerning first="68" second="120" amount="-1"/><kerning first="68" second="122" amount="-1"/><kerning first="68" second="65" amount="-1"/><kerning first="68" second="74" amount="-3"/><kerning first="68" second="84" amount="-2"/><kerning first="68" second="86" amount="-1"/><kerning first="68" second="88" amount="-2"/><kerning first="68" second="89" amount="-1"/><kerning first="68" second="90" amount="-1"/><kerning first="68" second="42" amount="-1"/><kerning first="68" second="47" amount="-1"/><kerning first="69" second="99" amount="-1"/><kerning first="69" second="100" amount="-1"/><kerning first="69" second="101" amount="-1"/><kerning first="69" second="111" amount="-1"/><kerning first="69" second="113" amount="-1"/><kerning first="69" second="116" amount="-2"/><kerning first="69" second="118" amount="-1"/><kerning first="69" second="120" amount="-3"/><kerning first="69" second="121" amount="-1"/><kerning first="70" second="97" amount="-2"/><kerning first="70" second="99" amount="-1"/><kerning first="70" second="100" amount="-1"/><kerning first="70" second="101" amount="-1"/><kerning first="70" second="103" amount="-2"/><kerning first="70" second="109" amount="-1"/><kerning first="70" second="110" amount="-1"/><kerning first="70" second="111" amount="-1"/><kerning first="70" second="112" amount="-1"/><kerning first="70" second="113" amount="-1"/><kerning first="70" second="114" amount="-1"/><kerning first="70" second="115" amount="-2"/><kerning first="70" second="116" amount="-1"/><kerning first="70" second="117" amount="-1"/><kerning first="70" second="118" amount="-2"/><kerning first="70" second="119" amount="-2"/><kerning first="70" second="120" amount="-2"/><kerning first="70" second="121" amount="-2"/><kerning first="70" second="122" amount="-3"/><kerning first="70" second="65" amount="-2"/><kerning first="70" second="67" amount="-1"/><kerning first="70" second="71" amount="-1"/><kerning first="70" second="74" amount="-8"/><kerning first="70" second="79" amount="-1"/><kerning first="70" second="81" amount="-1"/><kerning first="70" second="83" amount="-2"/><kerning first="70" second="88" amount="-2"/><kerning first="70" second="89" amount="-1"/><kerning first="70" second="90" amount="-2"/><kerning first="70" second="46" amount="-5"/><kerning first="70" second="44" amount="-5"/><kerning first="70" second="47" amount="-3"/><kerning first="71" second="65" amount="-1"/><kerning first="71" second="84" amount="-1"/><kerning first="71" second="86" amount="-1"/><kerning first="71" second="87" amount="-1"/><kerning first="71" second="42" amount="-1"/><kerning first="74" second="74" amount="-2"/><kerning first="74" second="46" amount="-2"/><kerning first="74" second="44" amount="-2"/><kerning first="75" second="99" amount="-1"/><kerning first="75" second="100" amount="-1"/><kerning first="75" second="101" amount="-1"/><kerning first="75" second="106" amount="-1"/><kerning first="75" second="111" amount="-1"/><kerning first="75" second="113" amount="-1"/><kerning first="75" second="116" amount="-3"/><kerning first="75" second="117" amount="-1"/><kerning first="75" second="118" amount="-2"/><kerning first="75" second="119" amount="-2"/><kerning first="75" second="120" amount="-2"/><kerning first="75" second="121" amount="-2"/><kerning first="75" second="122" amount="-1"/><kerning first="75" second="65" amount="-1"/><kerning first="75" second="67" amount="-2"/><kerning first="75" second="71" amount="-2"/><kerning first="75" second="79" amount="-2"/><kerning first="75" second="81" amount="-2"/><kerning first="75" second="83" amount="-1"/><kerning first="75" second="84" amount="-2"/><kerning first="75" second="85" amount="-1"/><kerning first="75" second="86" amount="-1"/><kerning first="75" second="87" amount="-1"/><kerning first="75" second="89" amount="-2"/><kerning first="75" second="63" amount="-1"/><kerning first="75" second="42" amount="-2"/><kerning first="75" second="45" amount="-3"/><kerning first="75" second="34" amount="-2"/><kerning first="75" second="39" amount="-2"/><kerning first="76" second="99" amount="-1"/><kerning first="76" second="100" amount="-1"/><kerning first="76" second="101" amount="-1"/><kerning first="76" second="102" amount="-1"/><kerning first="76" second="103" amount="-1"/><kerning first="76" second="111" amount="-1"/><kerning first="76" second="113" amount="-1"/><kerning first="76" second="116" amount="-2"/><kerning first="76" second="117" amount="-1"/><kerning first="76" second="118" amount="-3"/><kerning first="76" second="119" amount="-2"/><kerning first="76" second="121" amount="-3"/><kerning first="76" second="67" amount="-2"/><kerning first="76" second="71" amount="-2"/><kerning first="76" second="79" amount="-2"/><kerning first="76" second="81" amount="-2"/><kerning first="76" second="83" amount="-2"/><kerning first="76" second="84" amount="-7"/><kerning first="76" second="85" amount="-2"/><kerning first="76" second="86" amount="-5"/><kerning first="76" second="87" amount="-3"/><kerning first="76" second="89" amount="-5"/><kerning first="76" second="63" amount="-3"/><kerning first="76" second="42" amount="-10"/><kerning first="76" second="45" amount="-2"/><kerning first="76" second="34" amount="-8"/><kerning first="76" second="39" amount="-8"/><kerning first="79" second="120" amount="-1"/><kerning first="79" second="122" amount="-1"/><kerning first="79" second="65" amount="-1"/><kerning first="79" second="74" amount="-3"/><kerning first="79" second="84" amount="-2"/><kerning first="79" second="86" amount="-1"/><kerning first="79" second="88" amount="-2"/><kerning first="79" second="89" amount="-1"/><kerning first="79" second="90" amount="-1"/><kerning first="79" second="42" amount="-1"/><kerning first="79" second="47" amount="-1"/><kerning first="80" second="97" amount="-2"/><kerning first="80" second="99" amount="-1"/><kerning first="80" second="100" amount="-1"/><kerning first="80" second="101" amount="-1"/><kerning first="80" second="103" amount="-1"/><kerning first="80" second="111" amount="-1"/><kerning first="80" second="113" amount="-1"/><kerning first="80" second="115" amount="-1"/><kerning first="80" second="120" amount="-1"/><kerning first="80" second="122" amount="-1"/><kerning first="80" second="65" amount="-3"/><kerning first="80" second="74" amount="-8"/><kerning first="80" second="83" amount="-1"/><kerning first="80" second="84" amount="-1"/><kerning first="80" second="88" amount="-2"/><kerning first="80" second="89" amount="-1"/><kerning first="80" second="90" amount="-3"/><kerning first="80" second="45" amount="-1"/><kerning first="80" second="46" amount="-8"/><kerning first="80" second="44" amount="-8"/><kerning first="80" second="47" amount="-3"/><kerning first="81" second="120" amount="-1"/><kerning first="81" second="122" amount="-1"/><kerning first="81" second="65" amount="-1"/><kerning first="81" second="74" amount="-3"/><kerning first="81" second="84" amount="-2"/><kerning first="81" second="86" amount="-1"/><kerning first="81" second="88" amount="-2"/><kerning first="81" second="89" amount="-1"/><kerning first="81" second="90" amount="-1"/><kerning first="81" second="42" amount="-1"/><kerning first="81" second="47" amount="-1"/><kerning first="82" second="97" amount="-1"/><kerning first="82" second="99" amount="-1"/><kerning first="82" second="100" amount="-1"/><kerning first="82" second="101" amount="-1"/><kerning first="82" second="103" amount="-1"/><kerning first="82" second="111" amount="-1"/><kerning first="82" second="113" amount="-1"/><kerning first="82" second="120" amount="-1"/><kerning first="82" second="122" amount="-1"/><kerning first="82" second="65" amount="-1"/><kerning first="82" second="74" amount="-1"/><kerning first="82" second="83" amount="-1"/><kerning first="82" second="84" amount="-1"/><kerning first="82" second="86" amount="-1"/><kerning first="82" second="88" amount="-1"/><kerning first="82" second="89" amount="-1"/><kerning first="82" second="90" amount="-1"/><kerning first="82" second="42" amount="-1"/><kerning first="82" second="45" amount="-2"/><kerning first="83" second="116" amount="-2"/><kerning first="83" second="122" amount="-1"/><kerning first="83" second="74" amount="-1"/><kerning first="83" second="83" amount="-1"/><kerning first="83" second="84" amount="-1"/><kerning first="83" second="89" amount="-1"/><kerning first="83" second="42" amount="-1"/><kerning first="83" second="45" amount="1"/><kerning first="84" second="97" amount="-4"/><kerning first="84" second="99" amount="-4"/><kerning first="84" second="100" amount="-4"/><kerning first="84" second="101" amount="-4"/><kerning first="84" second="102" amount="-1"/><kerning first="84" second="103" amount="-4"/><kerning first="84" second="109" amount="-2"/><kerning first="84" second="110" amount="-2"/><kerning first="84" second="111" amount="-4"/><kerning first="84" second="112" amount="-2"/><kerning first="84" second="113" amount="-4"/><kerning first="84" second="114" amount="-2"/><kerning first="84" second="115" amount="-3"/><kerning first="84" second="116" amount="-1"/><kerning first="84" second="117" amount="-2"/><kerning first="84" second="118" amount="-1"/><kerning first="84" second="119" amount="-1"/><kerning first="84" second="120" amount="-1"/><kerning first="84" second="121" amount="-1"/><kerning first="84" second="122" amount="-4"/><kerning first="84" second="65" amount="-2"/><kerning first="84" second="67" amount="-2"/><kerning first="84" second="71" amount="-2"/><kerning first="84" second="74" amount="-7"/><kerning first="84" second="79" amount="-2"/><kerning first="84" second="81" amount="-2"/><kerning first="84" second="83" amount="-1"/><kerning first="84" second="88" amount="-1"/><kerning first="84" second="89" amount="-1"/><kerning first="84" second="90" amount="-2"/><kerning first="84" second="59" amount="-1"/><kerning first="84" second="58" amount="-1"/><kerning first="84" second="45" amount="-4"/><kerning first="84" second="46" amount="-7"/><kerning first="84" second="44" amount="-7"/><kerning first="84" second="47" amount="-4"/><kerning first="85" second="97" amount="-1"/><kerning first="85" second="103" amount="-1"/><kerning first="85" second="115" amount="-1"/><kerning first="85" second="120" amount="-1"/><kerning first="85" second="65" amount="-1"/><kerning first="85" second="74" amount="-3"/><kerning first="85" second="83" amount="-1"/><kerning first="85" second="86" amount="-1"/><kerning first="85" second="88" amount="-1"/><kerning first="85" second="89" amount="-1"/><kerning first="85" second="46" amount="-2"/><kerning first="85" second="44" amount="-2"/><kerning first="85" second="47" amount="-1"/><kerning first="86" second="97" amount="-2"/><kerning first="86" second="99" amount="-1"/><kerning first="86" second="100" amount="-1"/><kerning first="86" second="101" amount="-1"/><kerning first="86" second="103" amount="-1"/><kerning first="86" second="109" amount="-1"/><kerning first="86" second="110" amount="-1"/><kerning first="86" second="111" amount="-1"/><kerning first="86" second="112" amount="-1"/><kerning first="86" second="113" amount="-1"/><kerning first="86" second="114" amount="-1"/><kerning first="86" second="115" amount="-1"/><kerning first="86" second="117" amount="-2"/><kerning first="86" second="118" amount="-1"/><kerning first="86" second="119" amount="-1"/><kerning first="86" second="120" amount="-1"/><kerning first="86" second="121" amount="-1"/><kerning first="86" second="122" amount="-1"/><kerning first="86" second="65" amount="-1"/><kerning first="86" second="67" amount="-1"/><kerning first="86" second="71" amount="-1"/><kerning first="86" second="74" amount="-4"/><kerning first="86" second="79" amount="-1"/><kerning first="86" second="81" amount="-1"/><kerning first="86" second="83" amount="-1"/><kerning first="86" second="85" amount="-1"/><kerning first="86" second="86" amount="1"/><kerning first="86" second="90" amount="-1"/><kerning first="86" second="45" amount="-1"/><kerning first="86" second="46" amount="-4"/><kerning first="86" second="44" amount="-4"/><kerning first="86" second="47" amount="-1"/><kerning first="87" second="97" amount="-1"/><kerning first="87" second="122" amount="-1"/><kerning first="87" second="74" amount="-3"/><kerning first="87" second="45" amount="-1"/><kerning first="87" second="46" amount="-2"/><kerning first="87" second="44" amount="-2"/><kerning first="88" second="97" amount="-1"/><kerning first="88" second="99" amount="-1"/><kerning first="88" second="100" amount="-1"/><kerning first="88" second="101" amount="-1"/><kerning first="88" second="102" amount="-2"/><kerning first="88" second="111" amount="-1"/><kerning first="88" second="113" amount="-1"/><kerning first="88" second="116" amount="-2"/><kerning first="88" second="117" amount="-1"/><kerning first="88" second="118" amount="-2"/><kerning first="88" second="119" amount="-1"/><kerning first="88" second="120" amount="-1"/><kerning first="88" second="121" amount="-2"/><kerning first="88" second="122" amount="-1"/><kerning first="88" second="67" amount="-2"/><kerning first="88" second="71" amount="-2"/><kerning first="88" second="74" amount="-1"/><kerning first="88" second="79" amount="-2"/><kerning first="88" second="81" amount="-2"/><kerning first="88" second="83" amount="-1"/><kerning first="88" second="84" amount="-1"/><kerning first="88" second="85" amount="-1"/><kerning first="88" second="42" amount="-1"/><kerning first="88" second="45" amount="-2"/><kerning first="88" second="34" amount="-1"/><kerning first="88" second="39" amount="-1"/><kerning first="89" second="97" amount="-4"/><kerning first="89" second="99" amount="-3"/><kerning first="89" second="100" amount="-3"/><kerning first="89" second="101" amount="-3"/><kerning first="89" second="103" amount="-3"/><kerning first="89" second="109" amount="-2"/><kerning first="89" second="110" amount="-2"/><kerning first="89" second="111" amount="-3"/><kerning first="89" second="112" amount="-2"/><kerning first="89" second="113" amount="-3"/><kerning first="89" second="114" amount="-2"/><kerning first="89" second="115" amount="-3"/><kerning first="89" second="116" amount="-3"/><kerning first="89" second="117" amount="-2"/><kerning first="89" second="118" amount="-1"/><kerning first="89" second="119" amount="-2"/><kerning first="89" second="120" amount="-2"/><kerning first="89" second="121" amount="-1"/><kerning first="89" second="122" amount="-3"/><kerning first="89" second="65" amount="-1"/><kerning first="89" second="67" amount="-1"/><kerning first="89" second="71" amount="-1"/><kerning first="89" second="74" amount="-6"/><kerning first="89" second="79" amount="-1"/><kerning first="89" second="81" amount="-1"/><kerning first="89" second="83" amount="-1"/><kerning first="89" second="84" amount="-1"/><kerning first="89" second="85" amount="-1"/><kerning first="89" second="90" amount="-1"/><kerning first="89" second="59" amount="-2"/><kerning first="89" second="58" amount="-2"/><kerning first="89" second="63" amount="-1"/><kerning first="89" second="45" amount="-4"/><kerning first="89" second="46" amount="-7"/><kerning first="89" second="44" amount="-7"/><kerning first="89" second="47" amount="-3"/><kerning first="90" second="97" amount="-1"/><kerning first="90" second="99" amount="-1"/><kerning first="90" second="100" amount="-1"/><kerning first="90" second="101" amount="-1"/><kerning first="90" second="102" amount="-1"/><kerning first="90" second="103" amount="-1"/><kerning first="90" second="111" amount="-1"/><kerning first="90" second="113" amount="-1"/><kerning first="90" second="116" amount="-1"/><kerning first="90" second="117" amount="-1"/><kerning first="90" second="118" amount="-1"/><kerning first="90" second="119" amount="-1"/><kerning first="90" second="120" amount="-2"/><kerning first="90" second="121" amount="-1"/><kerning first="90" second="67" amount="-1"/><kerning first="90" second="71" amount="-1"/><kerning first="90" second="74" amount="-1"/><kerning first="90" second="79" amount="-1"/><kerning first="90" second="81" amount="-1"/><kerning first="90" second="83" amount="-2"/><kerning first="90" second="85" amount="-1"/><kerning first="90" second="89" amount="-1"/><kerning first="90" second="90" amount="-1"/><kerning first="90" second="45" amount="-1"/><kerning first="59" second="89" amount="-2"/><kerning first="59" second="42" amount="-1"/><kerning first="58" second="89" amount="-2"/><kerning first="58" second="42" amount="-1"/><kerning first="40" second="106" amount="5"/><kerning first="40" second="74" amount="-1"/><kerning first="45" second="116" amount="-1"/><kerning first="45" second="118" amount="-1"/><kerning first="45" second="120" amount="-1"/><kerning first="45" second="74" amount="-1"/><kerning first="45" second="83" amount="-2"/><kerning first="45" second="84" amount="-3"/><kerning first="45" second="86" amount="-1"/><kerning first="45" second="87" amount="-1"/><kerning first="45" second="88" amount="-2"/><kerning first="45" second="89" amount="-4"/><kerning first="45" second="90" amount="-1"/><kerning first="46" second="99" amount="-1"/><kerning first="46" second="100" amount="-1"/><kerning first="46" second="101" amount="-1"/><kerning first="46" second="106" amount="2"/><kerning first="46" second="111" amount="-1"/><kerning first="46" second="113" amount="-1"/><kerning first="46" second="116" amount="-4"/><kerning first="46" second="118" amount="-4"/><kerning first="46" second="119" amount="-2"/><kerning first="46" second="121" amount="-1"/><kerning first="46" second="84" amount="-6"/><kerning first="46" second="85" amount="-2"/><kerning first="46" second="86" amount="-4"/><kerning first="46" second="87" amount="-2"/><kerning first="46" second="89" amount="-7"/><kerning first="46" second="42" amount="-10"/><kerning first="46" second="34" amount="-8"/><kerning first="46" second="39" amount="-8"/><kerning first="44" second="99" amount="-1"/><kerning first="44" second="100" amount="-1"/><kerning first="44" second="101" amount="-1"/><kerning first="44" second="106" amount="2"/><kerning first="44" second="111" amount="-1"/><kerning first="44" second="113" amount="-1"/><kerning first="44" second="116" amount="-4"/><kerning first="44" second="118" amount="-4"/><kerning first="44" second="119" amount="-2"/><kerning first="44" second="121" amount="-1"/><kerning first="44" second="84" amount="-6"/><kerning first="44" second="85" amount="-2"/><kerning first="44" second="86" amount="-4"/><kerning first="44" second="87" amount="-2"/><kerning first="44" second="89" amount="-7"/><kerning first="44" second="42" amount="-10"/><kerning first="44" second="34" amount="-8"/><kerning first="44" second="39" amount="-8"/><kerning first="47" second="97" amount="-2"/><kerning first="47" second="99" amount="-1"/><kerning first="47" second="100" amount="-1"/><kerning first="47" second="101" amount="-1"/><kerning first="47" second="103" amount="-1"/><kerning first="47" second="111" amount="-1"/><kerning first="47" second="113" amount="-1"/><kerning first="47" second="117" amount="-1"/><kerning first="47" second="65" amount="-2"/><kerning first="47" second="67" amount="-1"/><kerning first="47" second="71" amount="-1"/><kerning first="47" second="74" amount="-5"/><kerning first="47" second="79" amount="-1"/><kerning first="47" second="81" amount="-1"/><kerning first="34" second="99" amount="-1"/><kerning first="34" second="100" amount="-1"/><kerning first="34" second="101" amount="-1"/><kerning first="34" second="111" amount="-1"/><kerning first="34" second="113" amount="-1"/><kerning first="34" second="115" amount="-1"/><kerning first="34" second="65" amount="-4"/><kerning first="34" second="74" amount="-7"/><kerning first="34" second="83" amount="-1"/><kerning first="34" second="88" amount="-1"/><kerning first="34" second="46" amount="-8"/><kerning first="34" second="44" amount="-8"/><kerning first="39" second="99" amount="-1"/><kerning first="39" second="100" amount="-1"/><kerning first="39" second="101" amount="-1"/><kerning first="39" second="111" amount="-1"/><kerning first="39" second="113" amount="-1"/><kerning first="39" second="115" amount="-1"/><kerning first="39" second="65" amount="-4"/><kerning first="39" second="74" amount="-7"/><kerning first="39" second="83" amount="-1"/><kerning first="39" second="88" amount="-1"/><kerning first="39" second="46" amount="-8"/><kerning first="39" second="44" amount="-8"/><kerning first="123" second="106" amount="5"/><kerning first="123" second="74" amount="-1"/><kerning first="91" second="106" amount="5"/><kerning first="91" second="74" amount="-1"/><kerning first="12479" second="12289" amount="-1"/><kerning first="12452" second="12479" amount="-2"/><kerning first="12452" second="12463" amount="-1"/><kerning first="12452" second="12486" amount="-1"/><kerning first="12452" second="12473" amount="-1"/><kerning first="12452" second="12464" amount="-1"/><kerning first="12452" second="12289" amount="-1"/><kerning first="12452" second="12512" amount="-1"/><kerning first="12523" second="12467" amount="-1"/><kerning first="12523" second="12531" amount="-1"/><kerning first="12523" second="12512" amount="-1"/><kerning first="12493" second="12467" amount="-1"/><kerning first="12463" second="12479" amount="-2"/><kerning first="12463" second="12523" amount="-1"/><kerning first="12463" second="12463" amount="-2"/><kerning first="12463" second="12473" amount="-1"/><kerning first="12463" second="12464" amount="-2"/><kerning first="12463" second="12289" amount="-4"/><kerning first="12463" second="12512" amount="-4"/><kerning first="12488" second="12289" amount="-1"/><kerning first="12524" second="12512" amount="-1"/><kerning first="12505" second="12473" amount="1"/><kerning first="12531" second="12493" amount="-1"/><kerning first="12531" second="12473" amount="-1"/><kerning first="12531" second="12503" amount="-1"/><kerning first="12531" second="12501" amount="-1"/><kerning first="12531" second="12289" amount="-3"/><kerning first="12531" second="12502" amount="-1"/><kerning first="12531" second="12512" amount="-1"/><kerning first="12486" second="12451" amount="-3"/><kerning first="12486" second="12289" amount="-1"/><kerning first="12486" second="12512" amount="-1"/><kerning first="12517" second="12524" amount="-1"/><kerning first="12517" second="12450" amount="-1"/><kerning first="12517" second="12289" amount="-1"/><kerning first="12540" second="12531" amount="-2"/><kerning first="12540" second="12451" amount="-2"/><kerning first="12540" second="12473" amount="-2"/><kerning first="12540" second="12391" amount="-3"/><kerning first="12540" second="12503" amount="-3"/><kerning first="12540" second="12390" amount="-3"/><kerning first="12540" second="12450" amount="-2"/><kerning first="12540" second="12471" amount="-1"/><kerning first="12540" second="12501" amount="-3"/><kerning first="12540" second="12502" amount="-3"/><kerning first="12540" second="12512" amount="-1"/><kerning first="12522" second="12289" amount="-3"/><kerning first="12473" second="12505" amount="-3"/><kerning first="12473" second="12510" amount="-1"/><kerning first="12473" second="12506" amount="-3"/><kerning first="12428" second="12391" amount="-1"/><kerning first="12428" second="12390" amount="-1"/><kerning first="12428" second="12388" amount="-1"/><kerning first="12428" second="12289" amount="1"/><kerning first="12391" second="12368" amount="1"/><kerning first="12391" second="12289" amount="-2"/><kerning first="12377" second="12463" amount="-1"/><kerning first="12377" second="12505" amount="-3"/><kerning first="12377" second="12391" amount="1"/><kerning first="12377" second="12390" amount="1"/><kerning first="12377" second="12506" amount="-4"/><kerning first="12377" second="12409" amount="-3"/><kerning first="12377" second="12289" amount="-4"/><kerning first="12503" second="12451" amount="-1"/><kerning first="12503" second="12517" amount="-1"/><kerning first="12503" second="12289" amount="-1"/><kerning first="12375" second="12391" amount="-1"/><kerning first="12375" second="12377" amount="-1"/><kerning first="12375" second="12390" amount="-1"/><kerning first="12375" second="12388" amount="-3"/><kerning first="12390" second="12434" amount="-1"/><kerning first="12390" second="12388" amount="-1"/><kerning first="12390" second="12368" amount="-1"/><kerning first="12390" second="12414" amount="-2"/><kerning first="12390" second="12289" amount="-2"/><kerning first="12390" second="12399" amount="-1"/><kerning first="12390" second="12354" amount="-1"/><kerning first="12390" second="12365" amount="-1"/><kerning first="12489" second="12289" amount="-2"/><kerning first="12398" second="12365" amount="-1"/><kerning first="12510" second="12289" amount="-2"/><kerning first="12481" second="12289" amount="-3"/><kerning first="12481" second="12512" amount="-1"/><kerning first="12464" second="12463" amount="-1"/><kerning first="12464" second="12464" amount="-1"/><kerning first="12464" second="12289" amount="-3"/><kerning first="12464" second="12512" amount="-1"/><kerning first="12450" second="12452" amount="-2"/><kerning first="12450" second="12463" amount="-2"/><kerning first="12450" second="12505" amount="-1"/><kerning first="12450" second="12531" amount="-2"/><kerning first="12450" second="12491" amount="-1"/><kerning first="12450" second="12540" amount="-3"/><kerning first="12450" second="12481" amount="-1"/><kerning first="12450" second="12464" amount="-2"/><kerning first="12450" second="12506" amount="-1"/><kerning first="12450" second="12471" amount="-2"/><kerning first="12450" second="12289" amount="-5"/><kerning first="12450" second="12512" amount="-3"/><kerning first="12450" second="12475" amount="-1"/><kerning first="12388" second="12289" amount="-2"/><kerning first="12409" second="12391" amount="-2"/><kerning first="12409" second="12390" amount="-2"/><kerning first="12471" second="12289" amount="-1"/><kerning first="12515" second="12289" amount="-1"/><kerning first="12501" second="12531" amount="1"/><kerning first="12501" second="12451" amount="-1"/><kerning first="12501" second="12289" amount="-2"/><kerning first="12501" second="12512" amount="-1"/><kerning first="12368" second="12391" amount="1"/><kerning first="12368" second="12390" amount="1"/><kerning first="12368" second="12289" amount="-1"/><kerning first="12368" second="12427" amount="-1"/><kerning first="12368" second="12415" amount="2"/><kerning first="12364" second="12289" amount="-1"/><kerning first="12414" second="12289" amount="-2"/><kerning first="12414" second="12379" amount="-1"/><kerning first="12383" second="12414" amount="-1"/><kerning first="12363" second="12289" amount="-1"/><kerning first="12363" second="12399" amount="-2"/><kerning first="12461" second="12531" amount="-1"/><kerning first="12461" second="12473" amount="-1"/><kerning first="12461" second="12289" amount="-2"/><kerning first="12395" second="12377" amount="1"/><kerning first="12395" second="12368" amount="-1"/><kerning first="12395" second="12364" amount="-1"/><kerning first="12395" second="12289" amount="-1"/><kerning first="12395" second="12373" amount="-1"/><kerning first="12395" second="12371" amount="-1"/><kerning first="12465" second="12452" amount="-1"/><kerning first="12465" second="12524" amount="-1"/><kerning first="12465" second="12505" amount="-1"/><kerning first="12465" second="12531" amount="-1"/><kerning first="12465" second="12486" amount="-1"/><kerning first="12465" second="12506" amount="-1"/><kerning first="12465" second="12289" amount="-4"/><kerning first="12465" second="12512" amount="-3"/><kerning first="12425" second="12391" amount="-1"/><kerning first="12425" second="12377" amount="-1"/><kerning first="12425" second="12390" amount="-1"/><kerning first="12425" second="12379" amount="-1"/><kerning first="12360" second="12505" amount="-1"/><kerning first="12360" second="12391" amount="-1"/><kerning first="12360" second="12390" amount="-2"/><kerning first="12360" second="12506" amount="-1"/><kerning first="12360" second="12388" amount="-1"/><kerning first="12360" second="12409" amount="-3"/><kerning first="12360" second="12501" amount="-1"/><kerning first="12360" second="12368" amount="-1"/><kerning first="12360" second="12502" amount="-1"/><kerning first="12360" second="12427" amount="-1"/><kerning first="12360" second="12365" amount="-1"/><kerning first="12426" second="12388" amount="1"/><kerning first="12426" second="12289" amount="-2"/><kerning first="12502" second="12451" amount="-1"/><kerning first="12502" second="12289" amount="-1"/><kerning first="12512" second="12503" amount="-3"/><kerning first="12512" second="12501" amount="-3"/><kerning first="12512" second="12502" amount="-3"/><kerning first="12427" second="12510" amount="-2"/><kerning first="12427" second="12388" amount="-2"/><kerning first="12371" second="12377" amount="-1"/><kerning first="12371" second="12289" amount="-1"/><kerning first="12356" second="12391" amount="-1"/><kerning first="12356" second="12390" amount="-1"/><kerning first="12527" second="12451" amount="-1"/><kerning first="12527" second="12289" amount="-3"/><kerning first="12399" second="12383" amount="-1"/><kerning first="12354" second="12391" amount="-1"/><kerning first="12354" second="12390" amount="-1"/><kerning first="12354" second="12501" amount="-1"/><kerning first="12435" second="12391" amount="-2"/><kerning first="12435" second="12377" amount="-1"/><kerning first="12435" second="12390" amount="-2"/><kerning first="12365" second="12289" amount="-3"/><kerning first="12365" second="12427" amount="-1"/></kernings></font>