<?xml version="1.0" encoding="UTF-8"?><font><info face="Roboto-Black-Shadow" size="50" bold="0" italic="0" charset="" unicode="1" stretchH="100" smooth="1" aa="1" padding="1,1,1,1" spacing="1,1"/><common lineHeight="50" base="52" scaleW="471" scaleH="470" pages="1" packed="0"/><pages><page id="0" file="Unnamed.png"/></pages><chars count="156"><char id="32" x="0" y="0" width="0" height="0" xoffset="0" yoffset="0" xadvance="13" page="0" chnl="15"/><char id="33" x="106" y="239" width="13" height="42" xoffset="1" yoffset="16" xadvance="14" page="0" chnl="15"/><char id="34" x="449" y="403" width="18" height="19" xoffset="-1" yoffset="14" xadvance="16" page="0" chnl="15"/><char id="35" x="188" y="239" width="32" height="42" xoffset="-1" yoffset="16" xadvance="30" page="0" chnl="15"/><char id="36" x="172" y="0" width="29" height="53" xoffset="0" yoffset="11" xadvance="29" page="0" chnl="15"/><char id="37" x="120" y="239" width="37" height="42" xoffset="0" yoffset="16" xadvance="38" page="0" chnl="15"/><char id="38" x="0" y="152" width="36" height="43" xoffset="-1" yoffset="16" xadvance="34" page="0" chnl="15"/><char id="39" x="459" y="58" width="10" height="20" xoffset="-1" yoffset="14" xadvance="8" page="0" chnl="15"/><char id="40" x="34" y="0" width="18" height="56" xoffset="1" yoffset="13" xadvance="18" page="0" chnl="15"/><char id="41" x="53" y="0" width="19" height="56" xoffset="-1" yoffset="13" xadvance="18" page="0" chnl="15"/><char id="42" x="446" y="107" width="25" height="28" xoffset="-1" yoffset="16" xadvance="23" page="0" chnl="15"/><char id="43" x="357" y="368" width="29" height="33" xoffset="-1" yoffset="22" xadvance="27" page="0" chnl="15"/><char id="44" x="114" y="437" width="14" height="20" xoffset="-1" yoffset="46" xadvance="14" page="0" chnl="15"/><char id="45" x="446" y="136" width="20" height="13" xoffset="1" yoffset="33" xadvance="23" page="0" chnl="15"/><char id="46" x="449" y="423" width="13" height="13" xoffset="1" yoffset="45" xadvance="16" page="0" chnl="15"/><char id="47" x="38" y="58" width="22" height="46" xoffset="-3" yoffset="16" xadvance="18" page="0" chnl="15"/><char id="48" x="61" y="107" width="29" height="43" xoffset="0" yoffset="16" xadvance="29" page="0" chnl="15"/><char id="49" x="285" y="152" width="21" height="42" xoffset="1" yoffset="16" xadvance="29" page="0" chnl="15"/><char id="50" x="307" y="152" width="31" height="42" xoffset="-1" yoffset="16" xadvance="29" page="0" chnl="15"/><char id="51" x="91" y="107" width="30" height="43" xoffset="-1" yoffset="16" xadvance="29" page="0" chnl="15"/><char id="52" x="339" y="152" width="31" height="42" xoffset="-1" yoffset="16" xadvance="29" page="0" chnl="15"/><char id="53" x="122" y="107" width="29" height="43" xoffset="0" yoffset="16" xadvance="29" page="0" chnl="15"/><char id="54" x="152" y="107" width="30" height="43" xoffset="0" yoffset="16" xadvance="29" page="0" chnl="15"/><char id="55" x="371" y="152" width="30" height="42" xoffset="-1" yoffset="16" xadvance="29" page="0" chnl="15"/><char id="56" x="183" y="107" width="29" height="43" xoffset="0" yoffset="16" xadvance="29" page="0" chnl="15"/><char id="57" x="213" y="107" width="29" height="43" xoffset="0" yoffset="16" xadvance="29" page="0" chnl="15"/><char id="58" x="343" y="368" width="13" height="33" xoffset="1" yoffset="25" xadvance="15" page="0" chnl="15"/><char id="59" x="66" y="325" width="14" height="41" xoffset="0" yoffset="25" xadvance="15" page="0" chnl="15"/><char id="61" x="86" y="437" width="27" height="23" xoffset="1" yoffset="28" xadvance="30" page="0" chnl="15"/><char id="63" x="158" y="239" width="29" height="42" xoffset="-2" yoffset="16" xadvance="26" page="0" chnl="15"/><char id="64" x="238" y="0" width="46" height="52" xoffset="-1" yoffset="17" xadvance="45" page="0" chnl="15"/><char id="65" x="402" y="152" width="36" height="42" xoffset="-2" yoffset="16" xadvance="32" page="0" chnl="15"/><char id="66" x="439" y="152" width="32" height="42" xoffset="1" yoffset="16" xadvance="33" page="0" chnl="15"/><char id="67" x="243" y="107" width="33" height="43" xoffset="0" yoffset="16" xadvance="33" page="0" chnl="15"/><char id="68" x="0" y="196" width="32" height="42" xoffset="1" yoffset="16" xadvance="33" page="0" chnl="15"/><char id="69" x="33" y="196" width="29" height="42" xoffset="1" yoffset="16" xadvance="29" page="0" chnl="15"/><char id="70" x="63" y="196" width="29" height="42" xoffset="1" yoffset="16" xadvance="29" page="0" chnl="15"/><char id="71" x="277" y="107" width="33" height="43" xoffset="0" yoffset="16" xadvance="34" page="0" chnl="15"/><char id="72" x="93" y="196" width="34" height="42" xoffset="1" yoffset="16" xadvance="36" page="0" chnl="15"/><char id="73" x="128" y="196" width="13" height="42" xoffset="1" yoffset="16" xadvance="15" page="0" chnl="15"/><char id="74" x="311" y="107" width="30" height="43" xoffset="-1" yoffset="16" xadvance="30" page="0" chnl="15"/><char id="75" x="142" y="196" width="34" height="42" xoffset="1" yoffset="16" xadvance="33" page="0" chnl="15"/><char id="76" x="177" y="196" width="28" height="42" xoffset="1" yoffset="16" xadvance="28" page="0" chnl="15"/><char id="77" x="206" y="196" width="42" height="42" xoffset="1" yoffset="16" xadvance="44" page="0" chnl="15"/><char id="78" x="249" y="196" width="34" height="42" xoffset="1" yoffset="16" xadvance="36" page="0" chnl="15"/><char id="79" x="342" y="107" width="35" height="43" xoffset="0" yoffset="16" xadvance="35" page="0" chnl="15"/><char id="80" x="284" y="196" width="32" height="42" xoffset="1" yoffset="16" xadvance="33" page="0" chnl="15"/><char id="81" x="0" y="58" width="37" height="48" xoffset="0" yoffset="16" xadvance="36" page="0" chnl="15"/><char id="82" x="317" y="196" width="33" height="42" xoffset="1" yoffset="16" xadvance="34" page="0" chnl="15"/><char id="83" x="378" y="107" width="32" height="43" xoffset="0" yoffset="16" xadvance="32" page="0" chnl="15"/><char id="84" x="351" y="196" width="32" height="42" xoffset="-2" yoffset="16" xadvance="29" page="0" chnl="15"/><char id="85" x="411" y="107" width="34" height="43" xoffset="0" yoffset="16" xadvance="35" page="0" chnl="15"/><char id="86" x="384" y="196" width="36" height="42" xoffset="-2" yoffset="16" xadvance="32" page="0" chnl="15"/><char id="87" x="421" y="196" width="48" height="42" xoffset="-2" yoffset="16" xadvance="45" page="0" chnl="15"/><char id="88" x="0" y="239" width="36" height="42" xoffset="-2" yoffset="16" xadvance="32" page="0" chnl="15"/><char id="89" x="37" y="239" width="36" height="42" xoffset="-2" yoffset="16" xadvance="32" page="0" chnl="15"/><char id="90" x="74" y="239" width="31" height="42" xoffset="-1" yoffset="16" xadvance="30" page="0" chnl="15"/><char id="91" x="0" y="0" width="16" height="57" xoffset="0" yoffset="10" xadvance="15" page="0" chnl="15"/><char id="93" x="17" y="0" width="16" height="57" xoffset="-2" yoffset="10" xadvance="15" page="0" chnl="15"/><char id="94" x="60" y="437" width="25" height="25" xoffset="-1" yoffset="16" xadvance="23" page="0" chnl="15"/><char id="95" x="129" y="437" width="27" height="13" xoffset="-2" yoffset="52" xadvance="23" page="0" chnl="15"/><char id="97" x="224" y="325" width="29" height="34" xoffset="-1" yoffset="25" xadvance="27" page="0" chnl="15"/><char id="98" x="61" y="58" width="29" height="45" xoffset="0" yoffset="14" xadvance="29" page="0" chnl="15"/><char id="99" x="254" y="325" width="28" height="34" xoffset="-1" yoffset="25" xadvance="26" page="0" chnl="15"/><char id="100" x="91" y="58" width="29" height="45" xoffset="-1" yoffset="14" xadvance="29" page="0" chnl="15"/><char id="101" x="283" y="325" width="29" height="34" xoffset="-1" yoffset="25" xadvance="27" page="0" chnl="15"/><char id="102" x="121" y="58" width="23" height="45" xoffset="-2" yoffset="13" xadvance="19" page="0" chnl="15"/><char id="103" x="221" y="58" width="29" height="44" xoffset="-1" yoffset="25" xadvance="29" page="0" chnl="15"/><char id="104" x="251" y="58" width="28" height="44" xoffset="0" yoffset="14" xadvance="29" page="0" chnl="15"/><char id="105" x="280" y="58" width="13" height="44" xoffset="0" yoffset="14" xadvance="14" page="0" chnl="15"/><char id="106" x="73" y="0" width="19" height="55" xoffset="-5" yoffset="14" xadvance="14" page="0" chnl="15"/><char id="107" x="294" y="58" width="30" height="44" xoffset="0" yoffset="14" xadvance="28" page="0" chnl="15"/><char id="108" x="325" y="58" width="13" height="44" xoffset="0" yoffset="14" xadvance="14" page="0" chnl="15"/><char id="109" x="119" y="368" width="43" height="33" xoffset="0" yoffset="25" xadvance="44" page="0" chnl="15"/><char id="110" x="163" y="368" width="28" height="33" xoffset="0" yoffset="25" xadvance="29" page="0" chnl="15"/><char id="111" x="313" y="325" width="30" height="34" xoffset="-1" yoffset="25" xadvance="29" page="0" chnl="15"/><char id="112" x="339" y="58" width="29" height="44" xoffset="0" yoffset="25" xadvance="29" page="0" chnl="15"/><char id="113" x="369" y="58" width="29" height="44" xoffset="-1" yoffset="25" xadvance="29" page="0" chnl="15"/><char id="114" x="192" y="368" width="20" height="33" xoffset="0" yoffset="25" xadvance="19" page="0" chnl="15"/><char id="115" x="344" y="325" width="27" height="34" xoffset="-1" yoffset="25" xadvance="26" page="0" chnl="15"/><char id="116" x="201" y="325" width="22" height="40" xoffset="-2" yoffset="19" xadvance="19" page="0" chnl="15"/><char id="117" x="372" y="325" width="28" height="34" xoffset="0" yoffset="25" xadvance="29" page="0" chnl="15"/><char id="118" x="213" y="368" width="30" height="33" xoffset="-2" yoffset="25" xadvance="26" page="0" chnl="15"/><char id="119" x="244" y="368" width="39" height="33" xoffset="-1" yoffset="25" xadvance="37" page="0" chnl="15"/><char id="120" x="284" y="368" width="30" height="33" xoffset="-2" yoffset="25" xadvance="26" page="0" chnl="15"/><char id="121" x="399" y="58" width="30" height="44" xoffset="-2" yoffset="25" xadvance="26" page="0" chnl="15"/><char id="122" x="315" y="368" width="27" height="33" xoffset="-1" yoffset="25" xadvance="26" page="0" chnl="15"/><char id="123" x="133" y="0" width="18" height="54" xoffset="-1" yoffset="13" xadvance="17" page="0" chnl="15"/><char id="124" x="452" y="0" width="9" height="49" xoffset="2" yoffset="16" xadvance="13" page="0" chnl="15"/><char id="125" x="152" y="0" width="19" height="54" xoffset="-1" yoffset="13" xadvance="17" page="0" chnl="15"/><char id="1025" x="422" y="0" width="29" height="50" xoffset="1" yoffset="8" xadvance="29" page="0" chnl="15"/><char id="1040" x="221" y="239" width="36" height="42" xoffset="-2" yoffset="16" xadvance="32" page="0" chnl="15"/><char id="1041" x="258" y="239" width="31" height="42" xoffset="1" yoffset="16" xadvance="32" page="0" chnl="15"/><char id="1042" x="290" y="239" width="32" height="42" xoffset="1" yoffset="16" xadvance="33" page="0" chnl="15"/><char id="1043" x="323" y="239" width="28" height="42" xoffset="1" yoffset="16" xadvance="28" page="0" chnl="15"/><char id="1044" x="285" y="0" width="41" height="51" xoffset="-2" yoffset="16" xadvance="38" page="0" chnl="15"/><char id="1045" x="352" y="239" width="29" height="42" xoffset="1" yoffset="16" xadvance="29" page="0" chnl="15"/><char id="1046" x="382" y="239" width="56" height="42" xoffset="-2" yoffset="16" xadvance="52" page="0" chnl="15"/><char id="1047" x="67" y="152" width="31" height="43" xoffset="0" yoffset="16" xadvance="32" page="0" chnl="15"/><char id="1048" x="0" y="282" width="35" height="42" xoffset="0" yoffset="16" xadvance="35" page="0" chnl="15"/><char id="1049" x="202" y="0" width="35" height="53" xoffset="0" yoffset="5" xadvance="35" page="0" chnl="15"/><char id="1050" x="36" y="282" width="34" height="42" xoffset="1" yoffset="16" xadvance="33" page="0" chnl="15"/><char id="1051" x="71" y="282" width="36" height="42" xoffset="-1" yoffset="16" xadvance="36" page="0" chnl="15"/><char id="1052" x="108" y="282" width="42" height="42" xoffset="1" yoffset="16" xadvance="44" page="0" chnl="15"/><char id="1053" x="151" y="282" width="34" height="42" xoffset="1" yoffset="16" xadvance="36" page="0" chnl="15"/><char id="1054" x="99" y="152" width="35" height="43" xoffset="0" yoffset="16" xadvance="35" page="0" chnl="15"/><char id="1055" x="186" y="282" width="34" height="42" xoffset="1" yoffset="16" xadvance="36" page="0" chnl="15"/><char id="1056" x="439" y="239" width="32" height="42" xoffset="1" yoffset="16" xadvance="33" page="0" chnl="15"/><char id="1057" x="135" y="152" width="33" height="43" xoffset="0" yoffset="16" xadvance="33" page="0" chnl="15"/><char id="1058" x="221" y="282" width="32" height="42" xoffset="-2" yoffset="16" xadvance="29" page="0" chnl="15"/><char id="1059" x="169" y="152" width="35" height="43" xoffset="-2" yoffset="16" xadvance="32" page="0" chnl="15"/><char id="1060" x="176" y="58" width="44" height="45" xoffset="-1" yoffset="15" xadvance="42" page="0" chnl="15"/><char id="1061" x="254" y="282" width="36" height="42" xoffset="-2" yoffset="16" xadvance="32" page="0" chnl="15"/><char id="1062" x="327" y="0" width="40" height="51" xoffset="0" yoffset="16" xadvance="39" page="0" chnl="15"/><char id="1063" x="291" y="282" width="34" height="42" xoffset="1" yoffset="16" xadvance="35" page="0" chnl="15"/><char id="1064" x="326" y="282" width="48" height="42" xoffset="0" yoffset="16" xadvance="49" page="0" chnl="15"/><char id="1065" x="368" y="0" width="53" height="51" xoffset="0" yoffset="16" xadvance="53" page="0" chnl="15"/><char id="1066" x="375" y="282" width="42" height="42" xoffset="-2" yoffset="16" xadvance="39" page="0" chnl="15"/><char id="1067" x="418" y="282" width="42" height="42" xoffset="1" yoffset="16" xadvance="44" page="0" chnl="15"/><char id="1068" x="0" y="325" width="31" height="42" xoffset="1" yoffset="16" xadvance="32" page="0" chnl="15"/><char id="1069" x="205" y="152" width="31" height="43" xoffset="-1" yoffset="16" xadvance="31" page="0" chnl="15"/><char id="1070" x="237" y="152" width="47" height="43" xoffset="1" yoffset="16" xadvance="49" page="0" chnl="15"/><char id="1071" x="32" y="325" width="33" height="42" xoffset="-4" yoffset="16" xadvance="29" page="0" chnl="15"/><char id="1072" x="401" y="325" width="29" height="34" xoffset="-1" yoffset="25" xadvance="27" page="0" chnl="15"/><char id="1073" x="145" y="58" width="30" height="45" xoffset="0" yoffset="14" xadvance="29" page="0" chnl="15"/><char id="1074" x="387" y="368" width="28" height="33" xoffset="1" yoffset="25" xadvance="29" page="0" chnl="15"/><char id="1075" x="416" y="368" width="23" height="33" xoffset="0" yoffset="25" xadvance="21" page="0" chnl="15"/><char id="1076" x="81" y="325" width="36" height="41" xoffset="-2" yoffset="25" xadvance="33" page="0" chnl="15"/><char id="1077" x="0" y="368" width="29" height="34" xoffset="-1" yoffset="25" xadvance="27" page="0" chnl="15"/><char id="1078" x="0" y="403" width="48" height="33" xoffset="-1" yoffset="25" xadvance="46" page="0" chnl="15"/><char id="1079" x="440" y="368" width="27" height="33" xoffset="0" yoffset="25" xadvance="26" page="0" chnl="15"/><char id="1080" x="49" y="403" width="28" height="33" xoffset="0" yoffset="25" xadvance="29" page="0" chnl="15"/><char id="1081" x="430" y="58" width="28" height="44" xoffset="0" yoffset="14" xadvance="29" page="0" chnl="15"/><char id="1082" x="78" y="403" width="30" height="33" xoffset="1" yoffset="25" xadvance="29" page="0" chnl="15"/><char id="1083" x="109" y="403" width="30" height="33" xoffset="-2" yoffset="25" xadvance="29" page="0" chnl="15"/><char id="1084" x="140" y="403" width="37" height="33" xoffset="1" yoffset="25" xadvance="39" page="0" chnl="15"/><char id="1085" x="178" y="403" width="28" height="33" xoffset="0" yoffset="25" xadvance="29" page="0" chnl="15"/><char id="1086" x="30" y="368" width="30" height="34" xoffset="-1" yoffset="25" xadvance="29" page="0" chnl="15"/><char id="1087" x="207" y="403" width="28" height="33" xoffset="0" yoffset="25" xadvance="29" page="0" chnl="15"/><char id="1088" x="0" y="107" width="29" height="44" xoffset="0" yoffset="25" xadvance="29" page="0" chnl="15"/><char id="1089" x="61" y="368" width="28" height="34" xoffset="-1" yoffset="25" xadvance="26" page="0" chnl="15"/><char id="1090" x="236" y="403" width="30" height="33" xoffset="-2" yoffset="25" xadvance="27" page="0" chnl="15"/><char id="1091" x="30" y="107" width="30" height="44" xoffset="-2" yoffset="25" xadvance="26" page="0" chnl="15"/><char id="1092" x="93" y="0" width="39" height="55" xoffset="-1" yoffset="14" xadvance="37" page="0" chnl="15"/><char id="1093" x="267" y="403" width="30" height="33" xoffset="-2" yoffset="25" xadvance="26" page="0" chnl="15"/><char id="1094" x="118" y="325" width="33" height="41" xoffset="0" yoffset="25" xadvance="31" page="0" chnl="15"/><char id="1095" x="298" y="403" width="28" height="33" xoffset="0" yoffset="25" xadvance="28" page="0" chnl="15"/><char id="1096" x="327" y="403" width="42" height="33" xoffset="0" yoffset="25" xadvance="42" page="0" chnl="15"/><char id="1097" x="152" y="325" width="48" height="41" xoffset="0" yoffset="25" xadvance="47" page="0" chnl="15"/><char id="1098" x="370" y="403" width="36" height="33" xoffset="-1" yoffset="25" xadvance="34" page="0" chnl="15"/><char id="1099" x="407" y="403" width="41" height="33" xoffset="1" yoffset="25" xadvance="43" page="0" chnl="15"/><char id="1100" x="0" y="437" width="29" height="33" xoffset="1" yoffset="25" xadvance="29" page="0" chnl="15"/><char id="1101" x="90" y="368" width="28" height="34" xoffset="-1" yoffset="25" xadvance="26" page="0" chnl="15"/><char id="1102" x="431" y="325" width="40" height="34" xoffset="1" yoffset="25" xadvance="41" page="0" chnl="15"/><char id="1103" x="30" y="437" width="29" height="33" xoffset="-1" yoffset="25" xadvance="29" page="0" chnl="15"/><char id="1105" x="37" y="152" width="29" height="43" xoffset="-1" yoffset="16" xadvance="27" page="0" chnl="15"/></chars><kernings count="997"><kerning first="98" second="34" amount="-1"/><kerning first="98" second="39" amount="-1"/><kerning first="98" second="1090" amount="-1"/><kerning first="102" second="99" amount="-1"/><kerning first="102" second="100" amount="-1"/><kerning first="102" second="101" amount="-1"/><kerning first="102" second="103" amount="-1"/><kerning first="102" second="113" amount="-1"/><kerning first="102" second="1077" amount="-1"/><kerning first="102" second="1105" amount="-1"/><kerning first="102" second="1089" amount="-1"/><kerning first="102" second="1092" amount="-1"/><kerning first="111" second="120" amount="-1"/><kerning first="111" second="1076" amount="-2"/><kerning first="111" second="1078" amount="-1"/><kerning first="111" second="1090" amount="-1"/><kerning first="111" second="1093" amount="-1"/><kerning first="112" second="34" amount="-1"/><kerning first="112" second="39" amount="-1"/><kerning first="112" second="1090" amount="-1"/><kerning first="114" second="116" amount="1"/><kerning first="114" second="46" amount="-4"/><kerning first="114" second="44" amount="-4"/><kerning first="116" second="111" amount="-1"/><kerning first="116" second="1086" amount="-1"/><kerning first="118" second="46" amount="-4"/><kerning first="118" second="44" amount="-4"/><kerning first="118" second="1076" amount="-1"/><kerning first="118" second="1083" amount="-1"/><kerning first="119" second="46" amount="-3"/><kerning first="119" second="44" amount="-3"/><kerning first="120" second="111" amount="-1"/><kerning first="120" second="1086" amount="-1"/><kerning first="121" second="46" amount="-4"/><kerning first="121" second="44" amount="-4"/><kerning first="121" second="1076" amount="-1"/><kerning first="121" second="1083" amount="-1"/><kerning first="65" second="109" amount="-1"/><kerning first="65" second="110" amount="-1"/><kerning first="65" second="112" amount="-1"/><kerning first="65" second="118" amount="-1"/><kerning first="65" second="119" amount="-1"/><kerning first="65" second="121" amount="-1"/><kerning first="65" second="84" amount="-2"/><kerning first="65" second="86" amount="-2"/><kerning first="65" second="87" amount="-1"/><kerning first="65" second="89" amount="-4"/><kerning first="65" second="63" amount="-2"/><kerning first="65" second="34" amount="-3"/><kerning first="65" second="39" amount="-3"/><kerning first="65" second="1075" amount="-1"/><kerning first="65" second="1080" amount="-1"/><kerning first="65" second="1081" amount="-1"/><kerning first="65" second="1082" amount="-1"/><kerning first="65" second="1084" amount="-1"/><kerning first="65" second="1085" amount="-1"/><kerning first="65" second="1087" amount="-1"/><kerning first="65" second="1088" amount="-1"/><kerning first="65" second="1058" amount="-2"/><kerning first="65" second="1090" amount="-1"/><kerning first="65" second="1091" amount="-1"/><kerning first="65" second="1094" amount="-1"/><kerning first="65" second="1063" amount="-1"/><kerning first="65" second="1095" amount="-1"/><kerning first="65" second="1096" amount="-1"/><kerning first="65" second="1097" amount="-1"/><kerning first="65" second="1068" amount="-1"/><kerning first="65" second="1100" amount="-1"/><kerning first="65" second="1102" amount="-1"/><kerning first="66" second="84" amount="-1"/><kerning first="66" second="86" amount="-1"/><kerning first="66" second="89" amount="-1"/><kerning first="66" second="1058" amount="-1"/><kerning first="67" second="84" amount="-1"/><kerning first="67" second="41" amount="-1"/><kerning first="67" second="1058" amount="-1"/><kerning first="68" second="65" amount="-1"/><kerning first="68" second="84" amount="-1"/><kerning first="68" second="86" amount="-1"/><kerning first="68" second="88" amount="-1"/><kerning first="68" second="89" amount="-1"/><kerning first="68" second="90" amount="-1"/><kerning first="68" second="46" amount="-3"/><kerning first="68" second="44" amount="-3"/><kerning first="68" second="1040" amount="-1"/><kerning first="68" second="1044" amount="-1"/><kerning first="68" second="1046" amount="-1"/><kerning first="68" second="1051" amount="-1"/><kerning first="68" second="1058" amount="-1"/><kerning first="68" second="1061" amount="-1"/><kerning first="68" second="1068" amount="-1"/><kerning first="69" second="118" amount="-1"/><kerning first="69" second="119" amount="-1"/><kerning first="69" second="121" amount="-1"/><kerning first="69" second="1091" amount="-1"/><kerning first="70" second="97" amount="-1"/><kerning first="70" second="99" amount="-1"/><kerning first="70" second="100" amount="-1"/><kerning first="70" second="101" amount="-1"/><kerning first="70" second="103" amount="-1"/><kerning first="70" second="111" amount="-1"/><kerning first="70" second="113" amount="-1"/><kerning first="70" second="114" amount="-1"/><kerning first="70" second="117" amount="-1"/><kerning first="70" second="118" amount="-1"/><kerning first="70" second="121" amount="-1"/><kerning first="70" second="65" amount="-1"/><kerning first="70" second="74" amount="-5"/><kerning first="70" second="46" amount="-7"/><kerning first="70" second="44" amount="-7"/><kerning first="70" second="1040" amount="-1"/><kerning first="70" second="1072" amount="-1"/><kerning first="70" second="1077" amount="-1"/><kerning first="70" second="1105" amount="-1"/><kerning first="70" second="1086" amount="-1"/><kerning first="70" second="1089" amount="-1"/><kerning first="70" second="1091" amount="-1"/><kerning first="70" second="1092" amount="-1"/><kerning first="72" second="84" amount="-1"/><kerning first="72" second="89" amount="-1"/><kerning first="72" second="1044" amount="1"/><kerning first="72" second="1076" amount="1"/><kerning first="72" second="1058" amount="-1"/><kerning first="72" second="1063" amount="-1"/><kerning first="72" second="1095" amount="-1"/><kerning first="73" second="84" amount="-1"/><kerning first="73" second="89" amount="-1"/><kerning first="73" second="1044" amount="1"/><kerning first="73" second="1076" amount="1"/><kerning first="73" second="1058" amount="-1"/><kerning first="73" second="1063" amount="-1"/><kerning first="73" second="1095" amount="-1"/><kerning first="74" second="65" amount="-1"/><kerning first="74" second="1040" amount="-1"/><kerning first="75" second="99" amount="-1"/><kerning first="75" second="100" amount="-1"/><kerning first="75" second="101" amount="-1"/><kerning first="75" second="103" amount="-1"/><kerning first="75" second="111" amount="-1"/><kerning first="75" second="113" amount="-1"/><kerning first="75" second="117" amount="-1"/><kerning first="75" second="118" amount="-1"/><kerning first="75" second="119" amount="-2"/><kerning first="75" second="121" amount="-1"/><kerning first="75" second="67" amount="-1"/><kerning first="75" second="71" amount="-1"/><kerning first="75" second="79" amount="-1"/><kerning first="75" second="81" amount="-1"/><kerning first="75" second="45" amount="-4"/><kerning first="75" second="1073" amount="-1"/><kerning first="75" second="1077" amount="-1"/><kerning first="75" second="1105" amount="-1"/><kerning first="75" second="1054" amount="-1"/><kerning first="75" second="1086" amount="-1"/><kerning first="75" second="1057" amount="-1"/><kerning first="75" second="1089" amount="-1"/><kerning first="75" second="1090" amount="-2"/><kerning first="75" second="1091" amount="-1"/><kerning first="75" second="1092" amount="-1"/><kerning first="75" second="1095" amount="-2"/><kerning first="75" second="1100" amount="-1"/><kerning first="76" second="118" amount="-3"/><kerning first="76" second="119" amount="-1"/><kerning first="76" second="121" amount="-3"/><kerning first="76" second="67" amount="-1"/><kerning first="76" second="71" amount="-1"/><kerning first="76" second="79" amount="-1"/><kerning first="76" second="81" amount="-1"/><kerning first="76" second="84" amount="-5"/><kerning first="76" second="85" amount="-1"/><kerning first="76" second="86" amount="-5"/><kerning first="76" second="87" amount="-2"/><kerning first="76" second="89" amount="-7"/><kerning first="76" second="34" amount="-6"/><kerning first="76" second="39" amount="-6"/><kerning first="76" second="1054" amount="-1"/><kerning first="76" second="1057" amount="-1"/><kerning first="76" second="1058" amount="-5"/><kerning first="76" second="1091" amount="-3"/><kerning first="77" second="84" amount="-1"/><kerning first="77" second="89" amount="-1"/><kerning first="77" second="1044" amount="1"/><kerning first="77" second="1076" amount="1"/><kerning first="77" second="1058" amount="-1"/><kerning first="77" second="1063" amount="-1"/><kerning first="77" second="1095" amount="-1"/><kerning first="78" second="84" amount="-1"/><kerning first="78" second="89" amount="-1"/><kerning first="78" second="1044" amount="1"/><kerning first="78" second="1076" amount="1"/><kerning first="78" second="1058" amount="-1"/><kerning first="78" second="1063" amount="-1"/><kerning first="78" second="1095" amount="-1"/><kerning first="79" second="65" amount="-1"/><kerning first="79" second="84" amount="-1"/><kerning first="79" second="86" amount="-1"/><kerning first="79" second="88" amount="-1"/><kerning first="79" second="89" amount="-1"/><kerning first="79" second="90" amount="-1"/><kerning first="79" second="46" amount="-3"/><kerning first="79" second="44" amount="-3"/><kerning first="79" second="1040" amount="-1"/><kerning first="79" second="1044" amount="-1"/><kerning first="79" second="1046" amount="-1"/><kerning first="79" second="1051" amount="-1"/><kerning first="79" second="1058" amount="-1"/><kerning first="79" second="1061" amount="-1"/><kerning first="79" second="1068" amount="-1"/><kerning first="80" second="65" amount="-4"/><kerning first="80" second="74" amount="-4"/><kerning first="80" second="88" amount="-1"/><kerning first="80" second="90" amount="-1"/><kerning first="80" second="46" amount="-10"/><kerning first="80" second="44" amount="-10"/><kerning first="80" second="1040" amount="-4"/><kerning first="80" second="1044" amount="-6"/><kerning first="80" second="1076" amount="-4"/><kerning first="80" second="1046" amount="-1"/><kerning first="80" second="1051" amount="-4"/><kerning first="80" second="1083" amount="-2"/><kerning first="80" second="1061" amount="-1"/><kerning first="81" second="84" amount="-1"/><kerning first="81" second="86" amount="-1"/><kerning first="81" second="89" amount="-1"/><kerning first="81" second="1058" amount="-1"/><kerning first="82" second="84" amount="-1"/><kerning first="82" second="89" amount="-1"/><kerning first="82" second="1058" amount="-1"/><kerning first="84" second="97" amount="-2"/><kerning first="84" second="99" amount="-2"/><kerning first="84" second="100" amount="-2"/><kerning first="84" second="101" amount="-2"/><kerning first="84" second="103" amount="-2"/><kerning first="84" second="109" amount="-2"/><kerning first="84" second="110" amount="-2"/><kerning first="84" second="111" amount="-2"/><kerning first="84" second="112" amount="-2"/><kerning first="84" second="113" amount="-2"/><kerning first="84" second="114" amount="-2"/><kerning first="84" second="115" amount="-2"/><kerning first="84" second="117" amount="-2"/><kerning first="84" second="118" amount="-2"/><kerning first="84" second="119" amount="-1"/><kerning first="84" second="120" amount="-2"/><kerning first="84" second="121" amount="-2"/><kerning first="84" second="122" amount="-1"/><kerning first="84" second="65" amount="-3"/><kerning first="84" second="67" amount="-1"/><kerning first="84" second="71" amount="-1"/><kerning first="84" second="74" amount="-5"/><kerning first="84" second="79" amount="-1"/><kerning first="84" second="81" amount="-1"/><kerning first="84" second="45" amount="-7"/><kerning first="84" second="46" amount="-6"/><kerning first="84" second="44" amount="-6"/><kerning first="84" second="1040" amount="-3"/><kerning first="84" second="1072" amount="-2"/><kerning first="84" second="1073" amount="-1"/><kerning first="84" second="1074" amount="-2"/><kerning first="84" second="1075" amount="-2"/><kerning first="84" second="1044" amount="-2"/><kerning first="84" second="1076" amount="-3"/><kerning first="84" second="1077" amount="-2"/><kerning first="84" second="1105" amount="-2"/><kerning first="84" second="1078" amount="-2"/><kerning first="84" second="1079" amount="-3"/><kerning first="84" second="1080" amount="-2"/><kerning first="84" second="1081" amount="-2"/><kerning first="84" second="1082" amount="-2"/><kerning first="84" second="1051" amount="-1"/><kerning first="84" second="1083" amount="-3"/><kerning first="84" second="1084" amount="-2"/><kerning first="84" second="1085" amount="-2"/><kerning first="84" second="1054" amount="-1"/><kerning first="84" second="1086" amount="-2"/><kerning first="84" second="1087" amount="-2"/><kerning first="84" second="1088" amount="-2"/><kerning first="84" second="1057" amount="-1"/><kerning first="84" second="1089" amount="-2"/><kerning first="84" second="1090" amount="-2"/><kerning first="84" second="1091" amount="-2"/><kerning first="84" second="1092" amount="-2"/><kerning first="84" second="1093" amount="-2"/><kerning first="84" second="1094" amount="-2"/><kerning first="84" second="1095" amount="-3"/><kerning first="84" second="1096" amount="-2"/><kerning first="84" second="1097" amount="-2"/><kerning first="84" second="1099" amount="-3"/><kerning first="84" second="1100" amount="-2"/><kerning first="84" second="1101" amount="-3"/><kerning first="84" second="1102" amount="-2"/><kerning first="84" second="1103" amount="-3"/><kerning first="85" second="65" amount="-1"/><kerning first="85" second="1040" amount="-1"/><kerning first="86" second="97" amount="-1"/><kerning first="86" second="99" amount="-1"/><kerning first="86" second="100" amount="-1"/><kerning first="86" second="101" amount="-1"/><kerning first="86" second="103" amount="-1"/><kerning first="86" second="111" amount="-1"/><kerning first="86" second="113" amount="-1"/><kerning first="86" second="114" amount="-1"/><kerning first="86" second="117" amount="-1"/><kerning first="86" second="65" amount="-2"/><kerning first="86" second="45" amount="-4"/><kerning first="86" second="46" amount="-5"/><kerning first="86" second="44" amount="-5"/><kerning first="86" second="1040" amount="-2"/><kerning first="86" second="1072" amount="-1"/><kerning first="86" second="1077" amount="-1"/><kerning first="86" second="1105" amount="-1"/><kerning first="86" second="1086" amount="-1"/><kerning first="86" second="1089" amount="-1"/><kerning first="86" second="1092" amount="-1"/><kerning first="87" second="97" amount="-1"/><kerning first="87" second="99" amount="-1"/><kerning first="87" second="100" amount="-1"/><kerning first="87" second="101" amount="-1"/><kerning first="87" second="103" amount="-1"/><kerning first="87" second="111" amount="-1"/><kerning first="87" second="113" amount="-1"/><kerning first="87" second="114" amount="-1"/><kerning first="87" second="65" amount="-1"/><kerning first="87" second="45" amount="-1"/><kerning first="87" second="46" amount="-3"/><kerning first="87" second="44" amount="-3"/><kerning first="87" second="1040" amount="-1"/><kerning first="87" second="1072" amount="-1"/><kerning first="87" second="1077" amount="-1"/><kerning first="87" second="1105" amount="-1"/><kerning first="87" second="1086" amount="-1"/><kerning first="87" second="1089" amount="-1"/><kerning first="87" second="1092" amount="-1"/><kerning first="88" second="99" amount="-1"/><kerning first="88" second="100" amount="-1"/><kerning first="88" second="101" amount="-1"/><kerning first="88" second="103" amount="-1"/><kerning first="88" second="111" amount="-1"/><kerning first="88" second="113" amount="-1"/><kerning first="88" second="117" amount="-1"/><kerning first="88" second="118" amount="-1"/><kerning first="88" second="121" amount="-1"/><kerning first="88" second="67" amount="-1"/><kerning first="88" second="71" amount="-1"/><kerning first="88" second="79" amount="-1"/><kerning first="88" second="81" amount="-1"/><kerning first="88" second="45" amount="-4"/><kerning first="88" second="1073" amount="-1"/><kerning first="88" second="1077" amount="-1"/><kerning first="88" second="1105" amount="-1"/><kerning first="88" second="1054" amount="-1"/><kerning first="88" second="1086" amount="-1"/><kerning first="88" second="1057" amount="-1"/><kerning first="88" second="1089" amount="-1"/><kerning first="88" second="1090" amount="-1"/><kerning first="88" second="1091" amount="-1"/><kerning first="88" second="1092" amount="-1"/><kerning first="88" second="1095" amount="-1"/><kerning first="89" second="97" amount="-2"/><kerning first="89" second="99" amount="-2"/><kerning first="89" second="100" amount="-2"/><kerning first="89" second="101" amount="-2"/><kerning first="89" second="102" amount="-1"/><kerning first="89" second="103" amount="-2"/><kerning first="89" second="109" amount="-1"/><kerning first="89" second="110" amount="-1"/><kerning first="89" second="111" amount="-2"/><kerning first="89" second="112" amount="-1"/><kerning first="89" second="113" amount="-2"/><kerning first="89" second="114" amount="-1"/><kerning first="89" second="115" amount="-1"/><kerning first="89" second="116" amount="-1"/><kerning first="89" second="117" amount="-1"/><kerning first="89" second="120" amount="-1"/><kerning first="89" second="122" amount="-1"/><kerning first="89" second="65" amount="-4"/><kerning first="89" second="67" amount="-1"/><kerning first="89" second="71" amount="-1"/><kerning first="89" second="74" amount="-2"/><kerning first="89" second="79" amount="-1"/><kerning first="89" second="81" amount="-1"/><kerning first="89" second="85" amount="-2"/><kerning first="89" second="42" amount="-1"/><kerning first="89" second="45" amount="-4"/><kerning first="89" second="46" amount="-6"/><kerning first="89" second="44" amount="-6"/><kerning first="89" second="38" amount="-1"/><kerning first="89" second="1040" amount="-4"/><kerning first="89" second="1072" amount="-2"/><kerning first="89" second="1075" amount="-1"/><kerning first="89" second="1077" amount="-2"/><kerning first="89" second="1105" amount="-2"/><kerning first="89" second="1078" amount="-1"/><kerning first="89" second="1080" amount="-1"/><kerning first="89" second="1081" amount="-1"/><kerning first="89" second="1082" amount="-1"/><kerning first="89" second="1084" amount="-1"/><kerning first="89" second="1085" amount="-1"/><kerning first="89" second="1054" amount="-1"/><kerning first="89" second="1086" amount="-2"/><kerning first="89" second="1087" amount="-1"/><kerning first="89" second="1088" amount="-1"/><kerning first="89" second="1057" amount="-1"/><kerning first="89" second="1089" amount="-2"/><kerning first="89" second="1092" amount="-2"/><kerning first="89" second="1093" amount="-1"/><kerning first="89" second="1094" amount="-1"/><kerning first="89" second="1096" amount="-1"/><kerning first="89" second="1097" amount="-1"/><kerning first="89" second="1100" amount="-1"/><kerning first="89" second="1102" amount="-1"/><kerning first="90" second="99" amount="-1"/><kerning first="90" second="100" amount="-1"/><kerning first="90" second="101" amount="-1"/><kerning first="90" second="103" amount="-1"/><kerning first="90" second="111" amount="-1"/><kerning first="90" second="113" amount="-1"/><kerning first="90" second="118" amount="-1"/><kerning first="90" second="119" amount="-1"/><kerning first="90" second="121" amount="-1"/><kerning first="90" second="67" amount="-1"/><kerning first="90" second="71" amount="-1"/><kerning first="90" second="79" amount="-1"/><kerning first="90" second="81" amount="-1"/><kerning first="90" second="1077" amount="-1"/><kerning first="90" second="1105" amount="-1"/><kerning first="90" second="1054" amount="-1"/><kerning first="90" second="1086" amount="-1"/><kerning first="90" second="1057" amount="-1"/><kerning first="90" second="1089" amount="-1"/><kerning first="90" second="1091" amount="-1"/><kerning first="90" second="1092" amount="-1"/><kerning first="40" second="87" amount="1"/><kerning first="40" second="89" amount="1"/><kerning first="46" second="34" amount="-7"/><kerning first="46" second="39" amount="-7"/><kerning first="44" second="34" amount="-7"/><kerning first="44" second="39" amount="-7"/><kerning first="47" second="47" amount="-6"/><kerning first="34" second="97" amount="-1"/><kerning first="34" second="99" amount="-1"/><kerning first="34" second="100" amount="-1"/><kerning first="34" second="101" amount="-1"/><kerning first="34" second="103" amount="-1"/><kerning first="34" second="111" amount="-2"/><kerning first="34" second="113" amount="-1"/><kerning first="34" second="115" amount="-2"/><kerning first="34" second="65" amount="-3"/><kerning first="34" second="34" amount="-1"/><kerning first="34" second="39" amount="-1"/><kerning first="34" second="1040" amount="-3"/><kerning first="34" second="1072" amount="-1"/><kerning first="34" second="1077" amount="-1"/><kerning first="34" second="1105" amount="-1"/><kerning first="34" second="1086" amount="-2"/><kerning first="34" second="1089" amount="-1"/><kerning first="34" second="1092" amount="-1"/><kerning first="39" second="97" amount="-1"/><kerning first="39" second="99" amount="-1"/><kerning first="39" second="100" amount="-1"/><kerning first="39" second="101" amount="-1"/><kerning first="39" second="103" amount="-1"/><kerning first="39" second="111" amount="-2"/><kerning first="39" second="113" amount="-1"/><kerning first="39" second="115" amount="-2"/><kerning first="39" second="65" amount="-3"/><kerning first="39" second="34" amount="-1"/><kerning first="39" second="39" amount="-1"/><kerning first="39" second="1040" amount="-3"/><kerning first="39" second="1072" amount="-1"/><kerning first="39" second="1077" amount="-1"/><kerning first="39" second="1105" amount="-1"/><kerning first="39" second="1086" amount="-2"/><kerning first="39" second="1089" amount="-1"/><kerning first="39" second="1092" amount="-1"/><kerning first="1040" second="109" amount="-1"/><kerning first="1040" second="110" amount="-1"/><kerning first="1040" second="112" amount="-1"/><kerning first="1040" second="118" amount="-1"/><kerning first="1040" second="119" amount="-1"/><kerning first="1040" second="121" amount="-1"/><kerning first="1040" second="84" amount="-2"/><kerning first="1040" second="86" amount="-2"/><kerning first="1040" second="87" amount="-1"/><kerning first="1040" second="89" amount="-4"/><kerning first="1040" second="63" amount="-2"/><kerning first="1040" second="34" amount="-3"/><kerning first="1040" second="39" amount="-3"/><kerning first="1040" second="1075" amount="-1"/><kerning first="1040" second="1080" amount="-1"/><kerning first="1040" second="1081" amount="-1"/><kerning first="1040" second="1082" amount="-1"/><kerning first="1040" second="1084" amount="-1"/><kerning first="1040" second="1085" amount="-1"/><kerning first="1040" second="1087" amount="-1"/><kerning first="1040" second="1088" amount="-1"/><kerning first="1040" second="1058" amount="-2"/><kerning first="1040" second="1090" amount="-1"/><kerning first="1040" second="1091" amount="-1"/><kerning first="1040" second="1094" amount="-1"/><kerning first="1040" second="1063" amount="-1"/><kerning first="1040" second="1095" amount="-1"/><kerning first="1040" second="1096" amount="-1"/><kerning first="1040" second="1097" amount="-1"/><kerning first="1040" second="1068" amount="-1"/><kerning first="1040" second="1100" amount="-1"/><kerning first="1040" second="1102" amount="-1"/><kerning first="1041" second="109" amount="-1"/><kerning first="1041" second="110" amount="-1"/><kerning first="1041" second="112" amount="-1"/><kerning first="1041" second="84" amount="-1"/><kerning first="1041" second="86" amount="-1"/><kerning first="1041" second="89" amount="-1"/><kerning first="1041" second="1075" amount="-1"/><kerning first="1041" second="1080" amount="-1"/><kerning first="1041" second="1081" amount="-1"/><kerning first="1041" second="1082" amount="-1"/><kerning first="1041" second="1084" amount="-1"/><kerning first="1041" second="1085" amount="-1"/><kerning first="1041" second="1087" amount="-1"/><kerning first="1041" second="1088" amount="-1"/><kerning first="1041" second="1058" amount="-1"/><kerning first="1041" second="1090" amount="-1"/><kerning first="1041" second="1094" amount="-1"/><kerning first="1041" second="1063" amount="-1"/><kerning first="1041" second="1096" amount="-1"/><kerning first="1041" second="1097" amount="-1"/><kerning first="1041" second="1068" amount="-1"/><kerning first="1041" second="1100" amount="-1"/><kerning first="1041" second="1102" amount="-1"/><kerning first="1042" second="84" amount="-1"/><kerning first="1042" second="86" amount="-1"/><kerning first="1042" second="89" amount="-1"/><kerning first="1042" second="1058" amount="-1"/><kerning first="1043" second="97" amount="-4"/><kerning first="1043" second="99" amount="-4"/><kerning first="1043" second="100" amount="-4"/><kerning first="1043" second="101" amount="-4"/><kerning first="1043" second="103" amount="-4"/><kerning first="1043" second="109" amount="-4"/><kerning first="1043" second="110" amount="-4"/><kerning first="1043" second="111" amount="-4"/><kerning first="1043" second="112" amount="-4"/><kerning first="1043" second="113" amount="-4"/><kerning first="1043" second="114" amount="-3"/><kerning first="1043" second="115" amount="-4"/><kerning first="1043" second="117" amount="-3"/><kerning first="1043" second="118" amount="-4"/><kerning first="1043" second="119" amount="-2"/><kerning first="1043" second="120" amount="-4"/><kerning first="1043" second="121" amount="-4"/><kerning first="1043" second="122" amount="-3"/><kerning first="1043" second="65" amount="-5"/><kerning first="1043" second="67" amount="-2"/><kerning first="1043" second="71" amount="-2"/><kerning first="1043" second="79" amount="-2"/><kerning first="1043" second="81" amount="-2"/><kerning first="1043" second="83" amount="-1"/><kerning first="1043" second="45" amount="-12"/><kerning first="1043" second="46" amount="-11"/><kerning first="1043" second="44" amount="-11"/><kerning first="1043" second="1040" amount="-5"/><kerning first="1043" second="1072" amount="-4"/><kerning first="1043" second="1073" amount="-2"/><kerning first="1043" second="1074" amount="-4"/><kerning first="1043" second="1075" amount="-4"/><kerning first="1043" second="1044" amount="-4"/><kerning first="1043" second="1076" amount="-6"/><kerning first="1043" second="1077" amount="-4"/><kerning first="1043" second="1105" amount="-4"/><kerning first="1043" second="1078" amount="-4"/><kerning first="1043" second="1079" amount="-6"/><kerning first="1043" second="1080" amount="-4"/><kerning first="1043" second="1081" amount="-4"/><kerning first="1043" second="1082" amount="-4"/><kerning first="1043" second="1051" amount="-3"/><kerning first="1043" second="1083" amount="-6"/><kerning first="1043" second="1084" amount="-4"/><kerning first="1043" second="1085" amount="-4"/><kerning first="1043" second="1054" amount="-2"/><kerning first="1043" second="1086" amount="-4"/><kerning first="1043" second="1087" amount="-4"/><kerning first="1043" second="1088" amount="-4"/><kerning first="1043" second="1057" amount="-2"/><kerning first="1043" second="1089" amount="-4"/><kerning first="1043" second="1090" amount="-4"/><kerning first="1043" second="1091" amount="-4"/><kerning first="1043" second="1092" amount="-4"/><kerning first="1043" second="1093" amount="-4"/><kerning first="1043" second="1094" amount="-4"/><kerning first="1043" second="1095" amount="-6"/><kerning first="1043" second="1096" amount="-4"/><kerning first="1043" second="1097" amount="-4"/><kerning first="1043" second="1099" amount="-6"/><kerning first="1043" second="1100" amount="-4"/><kerning first="1043" second="1101" amount="-6"/><kerning first="1043" second="1102" amount="-4"/><kerning first="1043" second="1103" amount="-6"/><kerning first="1075" second="1076" amount="-4"/><kerning first="1075" second="1083" amount="-1"/><kerning first="1044" second="67" amount="-1"/><kerning first="1044" second="71" amount="-1"/><kerning first="1044" second="79" amount="-1"/><kerning first="1044" second="81" amount="-1"/><kerning first="1044" second="84" amount="-1"/><kerning first="1044" second="86" amount="-1"/><kerning first="1044" second="89" amount="-1"/><kerning first="1044" second="1054" amount="-1"/><kerning first="1044" second="1057" amount="-1"/><kerning first="1044" second="1058" amount="-1"/><kerning first="1044" second="1063" amount="-1"/><kerning first="1044" second="1095" amount="-1"/><kerning first="1044" second="1068" amount="-1"/><kerning first="1076" second="1098" amount="-1"/><kerning first="1045" second="118" amount="-1"/><kerning first="1045" second="119" amount="-1"/><kerning first="1045" second="121" amount="-1"/><kerning first="1045" second="1091" amount="-1"/><kerning first="1025" second="118" amount="-1"/><kerning first="1025" second="119" amount="-1"/><kerning first="1025" second="121" amount="-1"/><kerning first="1025" second="1091" amount="-1"/><kerning first="1046" second="99" amount="-1"/><kerning first="1046" second="100" amount="-1"/><kerning first="1046" second="101" amount="-1"/><kerning first="1046" second="103" amount="-1"/><kerning first="1046" second="111" amount="-1"/><kerning first="1046" second="113" amount="-1"/><kerning first="1046" second="117" amount="-1"/><kerning first="1046" second="118" amount="-1"/><kerning first="1046" second="121" amount="-1"/><kerning first="1046" second="67" amount="-1"/><kerning first="1046" second="71" amount="-1"/><kerning first="1046" second="79" amount="-1"/><kerning first="1046" second="81" amount="-1"/><kerning first="1046" second="45" amount="-4"/><kerning first="1046" second="1073" amount="-1"/><kerning first="1046" second="1077" amount="-1"/><kerning first="1046" second="1105" amount="-1"/><kerning first="1046" second="1054" amount="-1"/><kerning first="1046" second="1086" amount="-1"/><kerning first="1046" second="1057" amount="-1"/><kerning first="1046" second="1089" amount="-1"/><kerning first="1046" second="1090" amount="-1"/><kerning first="1046" second="1091" amount="-1"/><kerning first="1046" second="1092" amount="-1"/><kerning first="1046" second="1095" amount="-1"/><kerning first="1078" second="111" amount="-1"/><kerning first="1078" second="1086" amount="-1"/><kerning first="1048" second="84" amount="-1"/><kerning first="1048" second="89" amount="-1"/><kerning first="1048" second="1044" amount="1"/><kerning first="1048" second="1076" amount="1"/><kerning first="1048" second="1058" amount="-1"/><kerning first="1048" second="1063" amount="-1"/><kerning first="1048" second="1095" amount="-1"/><kerning first="1050" second="99" amount="-1"/><kerning first="1050" second="100" amount="-1"/><kerning first="1050" second="101" amount="-1"/><kerning first="1050" second="103" amount="-1"/><kerning first="1050" second="111" amount="-1"/><kerning first="1050" second="113" amount="-1"/><kerning first="1050" second="117" amount="-1"/><kerning first="1050" second="118" amount="-1"/><kerning first="1050" second="119" amount="-2"/><kerning first="1050" second="121" amount="-1"/><kerning first="1050" second="67" amount="-1"/><kerning first="1050" second="71" amount="-1"/><kerning first="1050" second="79" amount="-1"/><kerning first="1050" second="81" amount="-1"/><kerning first="1050" second="45" amount="-4"/><kerning first="1050" second="1073" amount="-1"/><kerning first="1050" second="1077" amount="-1"/><kerning first="1050" second="1105" amount="-1"/><kerning first="1050" second="1054" amount="-1"/><kerning first="1050" second="1086" amount="-1"/><kerning first="1050" second="1057" amount="-1"/><kerning first="1050" second="1089" amount="-1"/><kerning first="1050" second="1090" amount="-2"/><kerning first="1050" second="1091" amount="-1"/><kerning first="1050" second="1092" amount="-1"/><kerning first="1050" second="1095" amount="-2"/><kerning first="1050" second="1100" amount="-1"/><kerning first="1082" second="111" amount="-1"/><kerning first="1082" second="1086" amount="-1"/><kerning first="1051" second="84" amount="-1"/><kerning first="1051" second="89" amount="-1"/><kerning first="1051" second="1044" amount="1"/><kerning first="1051" second="1076" amount="1"/><kerning first="1051" second="1058" amount="-1"/><kerning first="1051" second="1063" amount="-1"/><kerning first="1051" second="1095" amount="-1"/><kerning first="1052" second="84" amount="-1"/><kerning first="1052" second="89" amount="-1"/><kerning first="1052" second="1044" amount="1"/><kerning first="1052" second="1076" amount="1"/><kerning first="1052" second="1058" amount="-1"/><kerning first="1052" second="1063" amount="-1"/><kerning first="1052" second="1095" amount="-1"/><kerning first="1053" second="84" amount="-1"/><kerning first="1053" second="89" amount="-1"/><kerning first="1053" second="1044" amount="1"/><kerning first="1053" second="1076" amount="1"/><kerning first="1053" second="1058" amount="-1"/><kerning first="1053" second="1063" amount="-1"/><kerning first="1053" second="1095" amount="-1"/><kerning first="1054" second="65" amount="-1"/><kerning first="1054" second="84" amount="-1"/><kerning first="1054" second="86" amount="-1"/><kerning first="1054" second="88" amount="-1"/><kerning first="1054" second="89" amount="-1"/><kerning first="1054" second="90" amount="-1"/><kerning first="1054" second="46" amount="-3"/><kerning first="1054" second="44" amount="-3"/><kerning first="1054" second="1040" amount="-1"/><kerning first="1054" second="1044" amount="-1"/><kerning first="1054" second="1046" amount="-1"/><kerning first="1054" second="1051" amount="-1"/><kerning first="1054" second="1058" amount="-1"/><kerning first="1054" second="1061" amount="-1"/><kerning first="1054" second="1068" amount="-1"/><kerning first="1086" second="120" amount="-1"/><kerning first="1086" second="1076" amount="-2"/><kerning first="1086" second="1078" amount="-1"/><kerning first="1086" second="1090" amount="-1"/><kerning first="1086" second="1093" amount="-1"/><kerning first="1056" second="65" amount="-4"/><kerning first="1056" second="74" amount="-4"/><kerning first="1056" second="88" amount="-1"/><kerning first="1056" second="90" amount="-1"/><kerning first="1056" second="46" amount="-10"/><kerning first="1056" second="44" amount="-10"/><kerning first="1056" second="1040" amount="-4"/><kerning first="1056" second="1044" amount="-6"/><kerning first="1056" second="1076" amount="-4"/><kerning first="1056" second="1046" amount="-1"/><kerning first="1056" second="1051" amount="-4"/><kerning first="1056" second="1083" amount="-2"/><kerning first="1056" second="1061" amount="-1"/><kerning first="1088" second="34" amount="-1"/><kerning first="1088" second="39" amount="-1"/><kerning first="1088" second="1090" amount="-1"/><kerning first="1057" second="84" amount="-1"/><kerning first="1057" second="41" amount="-1"/><kerning first="1057" second="1058" amount="-1"/><kerning first="1058" second="97" amount="-2"/><kerning first="1058" second="99" amount="-2"/><kerning first="1058" second="100" amount="-2"/><kerning first="1058" second="101" amount="-2"/><kerning first="1058" second="103" amount="-2"/><kerning first="1058" second="109" amount="-2"/><kerning first="1058" second="110" amount="-2"/><kerning first="1058" second="111" amount="-2"/><kerning first="1058" second="112" amount="-2"/><kerning first="1058" second="113" amount="-2"/><kerning first="1058" second="114" amount="-2"/><kerning first="1058" second="115" amount="-2"/><kerning first="1058" second="117" amount="-2"/><kerning first="1058" second="118" amount="-2"/><kerning first="1058" second="119" amount="-1"/><kerning first="1058" second="120" amount="-2"/><kerning first="1058" second="121" amount="-2"/><kerning first="1058" second="122" amount="-1"/><kerning first="1058" second="65" amount="-3"/><kerning first="1058" second="67" amount="-1"/><kerning first="1058" second="71" amount="-1"/><kerning first="1058" second="74" amount="-5"/><kerning first="1058" second="79" amount="-1"/><kerning first="1058" second="81" amount="-1"/><kerning first="1058" second="45" amount="-7"/><kerning first="1058" second="46" amount="-6"/><kerning first="1058" second="44" amount="-6"/><kerning first="1058" second="1040" amount="-3"/><kerning first="1058" second="1072" amount="-2"/><kerning first="1058" second="1073" amount="-1"/><kerning first="1058" second="1074" amount="-2"/><kerning first="1058" second="1075" amount="-2"/><kerning first="1058" second="1044" amount="-2"/><kerning first="1058" second="1076" amount="-3"/><kerning first="1058" second="1077" amount="-2"/><kerning first="1058" second="1105" amount="-2"/><kerning first="1058" second="1078" amount="-2"/><kerning first="1058" second="1079" amount="-3"/><kerning first="1058" second="1080" amount="-2"/><kerning first="1058" second="1081" amount="-2"/><kerning first="1058" second="1082" amount="-2"/><kerning first="1058" second="1051" amount="-1"/><kerning first="1058" second="1083" amount="-3"/><kerning first="1058" second="1084" amount="-2"/><kerning first="1058" second="1085" amount="-2"/><kerning first="1058" second="1054" amount="-1"/><kerning first="1058" second="1086" amount="-2"/><kerning first="1058" second="1087" amount="-2"/><kerning first="1058" second="1088" amount="-2"/><kerning first="1058" second="1057" amount="-1"/><kerning first="1058" second="1089" amount="-2"/><kerning first="1058" second="1090" amount="-2"/><kerning first="1058" second="1091" amount="-2"/><kerning first="1058" second="1092" amount="-2"/><kerning first="1058" second="1093" amount="-2"/><kerning first="1058" second="1094" amount="-2"/><kerning first="1058" second="1095" amount="-3"/><kerning first="1058" second="1096" amount="-2"/><kerning first="1058" second="1097" amount="-2"/><kerning first="1058" second="1099" amount="-3"/><kerning first="1058" second="1100" amount="-2"/><kerning first="1058" second="1101" amount="-3"/><kerning first="1058" second="1102" amount="-2"/><kerning first="1058" second="1103" amount="-3"/><kerning first="1090" second="111" amount="-1"/><kerning first="1090" second="1076" amount="-1"/><kerning first="1090" second="1083" amount="-1"/><kerning first="1090" second="1086" amount="-1"/><kerning first="1059" second="97" amount="-2"/><kerning first="1059" second="99" amount="-2"/><kerning first="1059" second="100" amount="-2"/><kerning first="1059" second="101" amount="-2"/><kerning first="1059" second="103" amount="-2"/><kerning first="1059" second="109" amount="-2"/><kerning first="1059" second="110" amount="-2"/><kerning first="1059" second="111" amount="-2"/><kerning first="1059" second="112" amount="-2"/><kerning first="1059" second="113" amount="-2"/><kerning first="1059" second="115" amount="-1"/><kerning first="1059" second="65" amount="-2"/><kerning first="1059" second="67" amount="-1"/><kerning first="1059" second="71" amount="-1"/><kerning first="1059" second="79" amount="-1"/><kerning first="1059" second="81" amount="-1"/><kerning first="1059" second="45" amount="-5"/><kerning first="1059" second="46" amount="-10"/><kerning first="1059" second="44" amount="-10"/><kerning first="1059" second="1040" amount="-2"/><kerning first="1059" second="1072" amount="-2"/><kerning first="1059" second="1074" amount="-1"/><kerning first="1059" second="1075" amount="-2"/><kerning first="1059" second="1044" amount="-2"/><kerning first="1059" second="1076" amount="-2"/><kerning first="1059" second="1077" amount="-2"/><kerning first="1059" second="1105" amount="-2"/><kerning first="1059" second="1079" amount="-1"/><kerning first="1059" second="1080" amount="-2"/><kerning first="1059" second="1081" amount="-2"/><kerning first="1059" second="1082" amount="-2"/><kerning first="1059" second="1051" amount="-1"/><kerning first="1059" second="1083" amount="-2"/><kerning first="1059" second="1084" amount="-2"/><kerning first="1059" second="1085" amount="-2"/><kerning first="1059" second="1054" amount="-1"/><kerning first="1059" second="1086" amount="-2"/><kerning first="1059" second="1087" amount="-2"/><kerning first="1059" second="1088" amount="-2"/><kerning first="1059" second="1057" amount="-1"/><kerning first="1059" second="1089" amount="-2"/><kerning first="1059" second="1092" amount="-2"/><kerning first="1059" second="1094" amount="-2"/><kerning first="1059" second="1095" amount="-1"/><kerning first="1059" second="1096" amount="-2"/><kerning first="1059" second="1097" amount="-2"/><kerning first="1059" second="1099" amount="-1"/><kerning first="1059" second="1100" amount="-2"/><kerning first="1059" second="1102" amount="-2"/><kerning first="1059" second="1103" amount="-1"/><kerning first="1091" second="46" amount="-4"/><kerning first="1091" second="44" amount="-4"/><kerning first="1091" second="1076" amount="-1"/><kerning first="1091" second="1083" amount="-1"/><kerning first="1092" second="34" amount="-1"/><kerning first="1092" second="39" amount="-1"/><kerning first="1092" second="1090" amount="-1"/><kerning first="1061" second="99" amount="-1"/><kerning first="1061" second="100" amount="-1"/><kerning first="1061" second="101" amount="-1"/><kerning first="1061" second="103" amount="-1"/><kerning first="1061" second="111" amount="-1"/><kerning first="1061" second="113" amount="-1"/><kerning first="1061" second="117" amount="-1"/><kerning first="1061" second="118" amount="-1"/><kerning first="1061" second="121" amount="-1"/><kerning first="1061" second="67" amount="-1"/><kerning first="1061" second="71" amount="-1"/><kerning first="1061" second="79" amount="-1"/><kerning first="1061" second="81" amount="-1"/><kerning first="1061" second="45" amount="-4"/><kerning first="1061" second="1073" amount="-1"/><kerning first="1061" second="1077" amount="-1"/><kerning first="1061" second="1105" amount="-1"/><kerning first="1061" second="1054" amount="-1"/><kerning first="1061" second="1086" amount="-1"/><kerning first="1061" second="1057" amount="-1"/><kerning first="1061" second="1089" amount="-1"/><kerning first="1061" second="1090" amount="-1"/><kerning first="1061" second="1091" amount="-1"/><kerning first="1061" second="1092" amount="-1"/><kerning first="1061" second="1095" amount="-1"/><kerning first="1093" second="111" amount="-1"/><kerning first="1093" second="1086" amount="-1"/><kerning first="1062" second="84" amount="-1"/><kerning first="1062" second="89" amount="-1"/><kerning first="1062" second="1044" amount="1"/><kerning first="1062" second="1076" amount="1"/><kerning first="1062" second="1058" amount="-1"/><kerning first="1062" second="1063" amount="-1"/><kerning first="1062" second="1095" amount="-1"/><kerning first="1094" second="1103" amount="1"/><kerning first="1064" second="84" amount="-1"/><kerning first="1064" second="89" amount="-1"/><kerning first="1064" second="1044" amount="1"/><kerning first="1064" second="1076" amount="1"/><kerning first="1064" second="1058" amount="-1"/><kerning first="1064" second="1063" amount="-1"/><kerning first="1064" second="1095" amount="-1"/><kerning first="1065" second="84" amount="-1"/><kerning first="1065" second="86" amount="-1"/><kerning first="1065" second="89" amount="-1"/><kerning first="1065" second="1058" amount="-1"/><kerning first="1065" second="1090" amount="-1"/><kerning first="1065" second="1063" amount="-1"/><kerning first="1065" second="1095" amount="-1"/><kerning first="1065" second="1068" amount="-1"/><kerning first="1065" second="1100" amount="-1"/><kerning first="1097" second="1090" amount="-1"/><kerning first="1097" second="1095" amount="-1"/><kerning first="1097" second="1098" amount="-2"/><kerning first="1097" second="1100" amount="-1"/><kerning first="1066" second="120" amount="-1"/><kerning first="1066" second="84" amount="-2"/><kerning first="1066" second="86" amount="-1"/><kerning first="1066" second="89" amount="-2"/><kerning first="1066" second="34" amount="-2"/><kerning first="1066" second="39" amount="-2"/><kerning first="1066" second="1078" amount="-1"/><kerning first="1066" second="1058" amount="-2"/><kerning first="1066" second="1090" amount="-1"/><kerning first="1066" second="1093" amount="-1"/><kerning first="1066" second="1063" amount="-1"/><kerning first="1066" second="1068" amount="-1"/><kerning first="1066" second="1100" amount="-1"/><kerning first="1098" second="118" amount="-2"/><kerning first="1098" second="120" amount="-1"/><kerning first="1098" second="121" amount="-2"/><kerning first="1098" second="34" amount="-3"/><kerning first="1098" second="39" amount="-3"/><kerning first="1098" second="1078" amount="-1"/><kerning first="1098" second="1090" amount="-3"/><kerning first="1098" second="1091" amount="-2"/><kerning first="1098" second="1093" amount="-1"/><kerning first="1068" second="120" amount="-1"/><kerning first="1068" second="84" amount="-2"/><kerning first="1068" second="86" amount="-1"/><kerning first="1068" second="89" amount="-2"/><kerning first="1068" second="34" amount="-2"/><kerning first="1068" second="39" amount="-2"/><kerning first="1068" second="1078" amount="-1"/><kerning first="1068" second="1058" amount="-2"/><kerning first="1068" second="1090" amount="-1"/><kerning first="1068" second="1059" amount="-1"/><kerning first="1068" second="1093" amount="-1"/><kerning first="1068" second="1063" amount="-1"/><kerning first="1068" second="1068" amount="-1"/><kerning first="1068" second="1100" amount="-1"/><kerning first="1100" second="118" amount="-2"/><kerning first="1100" second="120" amount="-1"/><kerning first="1100" second="121" amount="-2"/><kerning first="1100" second="34" amount="-3"/><kerning first="1100" second="39" amount="-3"/><kerning first="1100" second="1078" amount="-1"/><kerning first="1100" second="1090" amount="-4"/><kerning first="1100" second="1091" amount="-2"/><kerning first="1100" second="1093" amount="-1"/><kerning first="1100" second="1095" amount="-1"/><kerning first="1100" second="1100" amount="-1"/><kerning first="1069" second="84" amount="-1"/><kerning first="1069" second="88" amount="-1"/><kerning first="1069" second="89" amount="-1"/><kerning first="1069" second="1044" amount="-1"/><kerning first="1069" second="1046" amount="-1"/><kerning first="1069" second="1051" amount="-1"/><kerning first="1069" second="1083" amount="-1"/><kerning first="1069" second="1058" amount="-1"/><kerning first="1069" second="1059" amount="-1"/><kerning first="1069" second="1061" amount="-1"/><kerning first="1101" second="34" amount="-1"/><kerning first="1101" second="39" amount="-1"/><kerning first="1101" second="1090" amount="-1"/><kerning first="1070" second="84" amount="-1"/><kerning first="1070" second="88" amount="-1"/><kerning first="1070" second="1044" amount="-1"/><kerning first="1070" second="1076" amount="-1"/><kerning first="1070" second="1046" amount="-1"/><kerning first="1070" second="1051" amount="-1"/><kerning first="1070" second="1083" amount="-1"/><kerning first="1070" second="1058" amount="-1"/><kerning first="1070" second="1059" amount="-1"/><kerning first="1070" second="1061" amount="-1"/><kerning first="1071" second="84" amount="-1"/><kerning first="1071" second="1058" amount="-1"/></kernings></font>