{"textures":[{"image":"default-resources-0.png","format":"RGBA8888","size":{"w":2035,"h":2035},"scale":1,"frames":[{"filename":"bg/bg-middle-2","rotated":false,"trimmed":false,"sourceSize":{"w":900,"h":849},"spriteSourceSize":{"x":0,"y":0,"w":900,"h":849},"frame":{"x":2,"y":2,"w":900,"h":849}},{"filename":"bg/bg-middle","rotated":false,"trimmed":false,"sourceSize":{"w":719,"h":849},"spriteSourceSize":{"x":0,"y":0,"w":719,"h":849},"frame":{"x":2,"y":854,"w":719,"h":849}},{"filename":"ui-ngang/bg-middle","rotated":false,"trimmed":false,"sourceSize":{"w":719,"h":568},"spriteSourceSize":{"x":0,"y":0,"w":719,"h":568},"frame":{"x":905,"y":2,"w":719,"h":568}},{"filename":"ui-ngang/bg-top","rotated":false,"trimmed":false,"sourceSize":{"w":719,"h":178},"spriteSourceSize":{"x":0,"y":0,"w":719,"h":178},"frame":{"x":2,"y":1706,"w":719,"h":178}},{"filename":"ui-ngang/bg-bottom","rotated":false,"trimmed":false,"sourceSize":{"w":719,"h":175},"spriteSourceSize":{"x":0,"y":0,"w":719,"h":175},"frame":{"x":905,"y":573,"w":719,"h":175}},{"filename":"bg/bg-bottom-2","rotated":false,"trimmed":false,"sourceSize":{"w":900,"h":112},"spriteSourceSize":{"x":0,"y":0,"w":900,"h":112},"frame":{"x":2,"y":1887,"w":900,"h":112}},{"filename":"leaderboards/bg-top","rotated":false,"trimmed":false,"sourceSize":{"w":949,"h":168},"spriteSourceSize":{"x":0,"y":0,"w":949,"h":168},"frame":{"x":905,"y":751,"w":949,"h":168}},{"filename":"leaderboards/bg-bottom","rotated":false,"trimmed":false,"sourceSize":{"w":949,"h":67},"spriteSourceSize":{"x":0,"y":0,"w":949,"h":67},"frame":{"x":905,"y":922,"w":949,"h":67}},{"filename":"ui-ngang/khung-next-block","rotated":false,"trimmed":false,"sourceSize":{"w":200,"h":600},"spriteSourceSize":{"x":0,"y":0,"w":200,"h":600},"frame":{"x":1627,"y":2,"w":200,"h":600}},{"filename":"bg/bg-bottom","rotated":false,"trimmed":false,"sourceSize":{"w":719,"h":111},"spriteSourceSize":{"x":0,"y":0,"w":719,"h":111},"frame":{"x":905,"y":992,"w":719,"h":111}},{"filename":"daily-challenge/bg","rotated":false,"trimmed":false,"sourceSize":{"w":520,"h":285},"spriteSourceSize":{"x":0,"y":0,"w":520,"h":285},"frame":{"x":724,"y":1106,"w":520,"h":285}},{"filename":"popup/middle","rotated":false,"trimmed":false,"sourceSize":{"w":431,"h":227},"spriteSourceSize":{"x":0,"y":0,"w":431,"h":227},"frame":{"x":724,"y":1394,"w":431,"h":227}},{"filename":"lives/heart","rotated":false,"trimmed":false,"sourceSize":{"w":339,"h":279},"spriteSourceSize":{"x":0,"y":0,"w":339,"h":279},"frame":{"x":1247,"y":1106,"w":339,"h":279}},{"filename":"popup/background","rotated":false,"trimmed":false,"sourceSize":{"w":395,"h":221},"spriteSourceSize":{"x":0,"y":0,"w":395,"h":221},"frame":{"x":724,"y":1624,"w":395,"h":221}},{"filename":"ui-ngang/khung-mission","rotated":false,"trimmed":false,"sourceSize":{"w":95,"h":464},"spriteSourceSize":{"x":0,"y":0,"w":95,"h":464},"frame":{"x":1830,"y":2,"w":95,"h":464}},{"filename":"daily-challenge/bottom-panel","rotated":false,"trimmed":false,"sourceSize":{"w":521,"h":30},"spriteSourceSize":{"x":0,"y":0,"w":521,"h":30},"frame":{"x":2,"y":2002,"w":521,"h":30}},{"filename":"texts/start-over","rotated":false,"trimmed":false,"sourceSize":{"w":333,"h":34},"spriteSourceSize":{"x":0,"y":0,"w":333,"h":34},"frame":{"x":724,"y":1848,"w":333,"h":34}},{"filename":"preloader/dual-ring","rotated":false,"trimmed":true,"sourceSize":{"w":200,"h":200},"spriteSourceSize":{"x":27,"y":26,"w":146,"h":148},"frame":{"x":905,"y":1885,"w":146,"h":148}},{"filename":"avatar/border-big","rotated":false,"trimmed":false,"sourceSize":{"w":175,"h":175},"spriteSourceSize":{"x":0,"y":0,"w":175,"h":175},"frame":{"x":724,"y":854,"w":175,"h":175}},{"filename":"lives/time-block-2","rotated":false,"trimmed":false,"sourceSize":{"w":363,"h":108},"spriteSourceSize":{"x":0,"y":0,"w":363,"h":108},"frame":{"x":1247,"y":1388,"w":363,"h":108}},{"filename":"best-score-frame-long","rotated":false,"trimmed":false,"sourceSize":{"w":386,"h":154},"spriteSourceSize":{"x":0,"y":0,"w":386,"h":154},"frame":{"x":1158,"y":1499,"w":386,"h":154}},{"filename":"buttons/dark-blue","rotated":false,"trimmed":false,"sourceSize":{"w":365,"h":107},"spriteSourceSize":{"x":0,"y":0,"w":365,"h":107},"frame":{"x":1122,"y":1656,"w":365,"h":107}},{"filename":"buttons/green","rotated":false,"trimmed":false,"sourceSize":{"w":343,"h":102},"spriteSourceSize":{"x":0,"y":0,"w":343,"h":102},"frame":{"x":1122,"y":1766,"w":343,"h":102}},{"filename":"bg/bg-dark","rotated":false,"trimmed":false,"sourceSize":{"w":243,"h":303},"spriteSourceSize":{"x":0,"y":0,"w":243,"h":303},"frame":{"x":1627,"y":992,"w":243,"h":303}},{"filename":"bg-progress-circle","rotated":false,"trimmed":false,"sourceSize":{"w":232,"h":231},"spriteSourceSize":{"x":0,"y":0,"w":232,"h":231},"frame":{"x":1613,"y":1298,"w":232,"h":231}},{"filename":"bottom-panel","rotated":false,"trimmed":false,"sourceSize":{"w":281,"h":171},"spriteSourceSize":{"x":0,"y":0,"w":281,"h":171},"frame":{"x":1547,"y":1532,"w":281,"h":171}},{"filename":"avatar/background","rotated":false,"trimmed":false,"sourceSize":{"w":105,"h":107},"spriteSourceSize":{"x":0,"y":0,"w":105,"h":107},"frame":{"x":1928,"y":2,"w":105,"h":107}},{"filename":"buttons/skip","rotated":false,"trimmed":false,"sourceSize":{"w":120,"h":71},"spriteSourceSize":{"x":0,"y":0,"w":120,"h":71},"frame":{"x":724,"y":1032,"w":120,"h":71}},{"filename":"buttons/dark-blue-big","rotated":false,"trimmed":false,"sourceSize":{"w":240,"h":109},"spriteSourceSize":{"x":0,"y":0,"w":240,"h":109},"frame":{"x":1627,"y":605,"w":240,"h":109}},{"filename":"popup/score-panel","rotated":false,"trimmed":false,"sourceSize":{"w":299,"h":92},"spriteSourceSize":{"x":0,"y":0,"w":299,"h":92},"frame":{"x":1490,"y":1706,"w":299,"h":92}},{"filename":"daily-challenge/title-panel","rotated":false,"trimmed":false,"sourceSize":{"w":282,"h":69},"spriteSourceSize":{"x":0,"y":0,"w":282,"h":69},"frame":{"x":1468,"y":1801,"w":282,"h":69}},{"filename":"texts/target-score","rotated":false,"trimmed":false,"sourceSize":{"w":193,"h":27},"spriteSourceSize":{"x":0,"y":0,"w":193,"h":27},"frame":{"x":526,"y":2002,"w":193,"h":27}},{"filename":"icon-journey","rotated":false,"trimmed":false,"sourceSize":{"w":150,"h":122},"spriteSourceSize":{"x":0,"y":0,"w":150,"h":122},"frame":{"x":1830,"y":469,"w":150,"h":122}},{"filename":"ui-ngang/khung-best-score","rotated":false,"trimmed":false,"sourceSize":{"w":111,"h":169},"spriteSourceSize":{"x":0,"y":0,"w":111,"h":169},"frame":{"x":1870,"y":594,"w":111,"h":169}},{"filename":"avatar/border","rotated":false,"trimmed":true,"sourceSize":{"w":138,"h":144},"spriteSourceSize":{"x":0,"y":4,"w":138,"h":140},"frame":{"x":1857,"y":766,"w":138,"h":140}},{"filename":"blank","rotated":false,"trimmed":false,"sourceSize":{"w":100,"h":100},"spriteSourceSize":{"x":0,"y":0,"w":100,"h":100},"frame":{"x":1928,"y":112,"w":100,"h":100}},{"filename":"buttons/challenge_light","rotated":false,"trimmed":false,"sourceSize":{"w":108,"h":79},"spriteSourceSize":{"x":0,"y":0,"w":108,"h":79},"frame":{"x":1857,"y":909,"w":108,"h":79}},{"filename":"best-score-frame","rotated":false,"trimmed":false,"sourceSize":{"w":111,"h":152},"spriteSourceSize":{"x":0,"y":0,"w":111,"h":152},"frame":{"x":1873,"y":991,"w":111,"h":152}},{"filename":"avatar/border-challenge","rotated":false,"trimmed":false,"sourceSize":{"w":119,"h":118},"spriteSourceSize":{"x":0,"y":0,"w":119,"h":118},"frame":{"x":1873,"y":1146,"w":119,"h":118}},{"filename":"buttons/dark-blue-small","rotated":false,"trimmed":false,"sourceSize":{"w":237,"h":108},"spriteSourceSize":{"x":0,"y":0,"w":237,"h":108},"frame":{"x":1060,"y":1871,"w":237,"h":108}},{"filename":"buttons/minor","rotated":false,"trimmed":false,"sourceSize":{"w":124,"h":106},"spriteSourceSize":{"x":0,"y":0,"w":124,"h":106},"frame":{"x":1300,"y":1871,"w":124,"h":106}},{"filename":"buttons/green-big","rotated":false,"trimmed":false,"sourceSize":{"w":236,"h":108},"spriteSourceSize":{"x":0,"y":0,"w":236,"h":108},"frame":{"x":1427,"y":1873,"w":236,"h":108}},{"filename":"texts/draw","rotated":false,"trimmed":false,"sourceSize":{"w":166,"h":43},"spriteSourceSize":{"x":0,"y":0,"w":166,"h":43},"frame":{"x":1054,"y":1982,"w":166,"h":43}},{"filename":"ui-ngang/khung-score","rotated":false,"trimmed":false,"sourceSize":{"w":173,"h":99},"spriteSourceSize":{"x":0,"y":0,"w":173,"h":99},"frame":{"x":1666,"y":1873,"w":173,"h":99}},{"filename":"bg/level-locked","rotated":false,"trimmed":false,"sourceSize":{"w":101,"h":83},"spriteSourceSize":{"x":0,"y":0,"w":101,"h":83},"frame":{"x":1928,"y":215,"w":101,"h":83}},{"filename":"bg/level-played","rotated":false,"trimmed":false,"sourceSize":{"w":100,"h":82},"spriteSourceSize":{"x":0,"y":0,"w":100,"h":82},"frame":{"x":1928,"y":301,"w":100,"h":82}},{"filename":"buttons/circle-button","rotated":false,"trimmed":false,"sourceSize":{"w":55,"h":55},"spriteSourceSize":{"x":0,"y":0,"w":55,"h":55},"frame":{"x":847,"y":1032,"w":55,"h":55}},{"filename":"texts/play","rotated":false,"trimmed":false,"sourceSize":{"w":142,"h":35},"spriteSourceSize":{"x":0,"y":0,"w":142,"h":35},"frame":{"x":1666,"y":1975,"w":142,"h":35}},{"filename":"icons/crown-big","rotated":false,"trimmed":false,"sourceSize":{"w":74,"h":70},"spriteSourceSize":{"x":0,"y":0,"w":74,"h":70},"frame":{"x":1158,"y":1394,"w":74,"h":70}},{"filename":"icons/play-green","rotated":false,"trimmed":false,"sourceSize":{"w":47,"h":47},"spriteSourceSize":{"x":0,"y":0,"w":47,"h":47},"frame":{"x":1490,"y":1656,"w":47,"h":47}},{"filename":"text-target-panel","rotated":false,"trimmed":false,"sourceSize":{"w":98,"h":46},"spriteSourceSize":{"x":0,"y":0,"w":98,"h":46},"frame":{"x":1928,"y":386,"w":98,"h":46}},{"filename":"ui-ngang/text-mission","rotated":false,"trimmed":false,"sourceSize":{"w":115,"h":36},"spriteSourceSize":{"x":0,"y":0,"w":115,"h":36},"frame":{"x":1873,"y":1267,"w":115,"h":36}},{"filename":"bg/level-playing","rotated":false,"trimmed":false,"sourceSize":{"w":113,"h":94},"spriteSourceSize":{"x":0,"y":0,"w":113,"h":94},"frame":{"x":1848,"y":1306,"w":113,"h":94}},{"filename":"buttons/play","rotated":false,"trimmed":false,"sourceSize":{"w":112,"h":85},"spriteSourceSize":{"x":0,"y":0,"w":112,"h":85},"frame":{"x":1848,"y":1403,"w":112,"h":85}},{"filename":"buttons/random","rotated":false,"trimmed":false,"sourceSize":{"w":112,"h":85},"spriteSourceSize":{"x":0,"y":0,"w":112,"h":85},"frame":{"x":1848,"y":1491,"w":112,"h":85}},{"filename":"buttons/toggle-off","rotated":false,"trimmed":false,"sourceSize":{"w":177,"h":61},"spriteSourceSize":{"x":0,"y":0,"w":177,"h":61},"frame":{"x":1831,"y":1579,"w":177,"h":61}},{"filename":"buttons/share","rotated":false,"trimmed":false,"sourceSize":{"w":108,"h":79},"spriteSourceSize":{"x":0,"y":0,"w":108,"h":79},"frame":{"x":1831,"y":1643,"w":108,"h":79}},{"filename":"bg-combo","rotated":false,"trimmed":true,"sourceSize":{"w":212,"h":87},"spriteSourceSize":{"x":0,"y":9,"w":212,"h":78},"frame":{"x":1792,"y":1725,"w":212,"h":78}},{"filename":"buttons/close","rotated":false,"trimmed":false,"sourceSize":{"w":71,"h":71},"spriteSourceSize":{"x":0,"y":0,"w":71,"h":71},"frame":{"x":1942,"y":1643,"w":71,"h":71}},{"filename":"texts/play-with-blue","rotated":false,"trimmed":false,"sourceSize":{"w":115,"h":18},"spriteSourceSize":{"x":0,"y":0,"w":115,"h":18},"frame":{"x":722,"y":2002,"w":115,"h":18}},{"filename":"icons/retry","rotated":false,"trimmed":false,"sourceSize":{"w":50,"h":53},"spriteSourceSize":{"x":0,"y":0,"w":50,"h":53},"frame":{"x":1983,"y":435,"w":50,"h":53}},{"filename":"icons/back","rotated":false,"trimmed":false,"sourceSize":{"w":50,"h":38},"spriteSourceSize":{"x":0,"y":0,"w":50,"h":38},"frame":{"x":1983,"y":491,"w":50,"h":38}},{"filename":"leaderboards/tab-off","rotated":false,"trimmed":false,"sourceSize":{"w":113,"h":36},"spriteSourceSize":{"x":0,"y":0,"w":113,"h":36},"frame":{"x":1300,"y":1980,"w":113,"h":36}},{"filename":"leaderboards/tab-on","rotated":false,"trimmed":false,"sourceSize":{"w":113,"h":36},"spriteSourceSize":{"x":0,"y":0,"w":113,"h":36},"frame":{"x":1416,"y":1984,"w":113,"h":36}},{"filename":"icons/rank","rotated":false,"trimmed":false,"sourceSize":{"w":51,"h":49},"spriteSourceSize":{"x":0,"y":0,"w":51,"h":49},"frame":{"x":1532,"y":1984,"w":51,"h":49}},{"filename":"texts/friends-disable","rotated":false,"trimmed":false,"sourceSize":{"w":79,"h":27},"spriteSourceSize":{"x":0,"y":0,"w":79,"h":27},"frame":{"x":1627,"y":717,"w":79,"h":27}},{"filename":"texts/friends","rotated":false,"trimmed":false,"sourceSize":{"w":79,"h":27},"spriteSourceSize":{"x":0,"y":0,"w":79,"h":27},"frame":{"x":1709,"y":717,"w":79,"h":27}},{"filename":"texts/yes","rotated":false,"trimmed":false,"sourceSize":{"w":70,"h":35},"spriteSourceSize":{"x":0,"y":0,"w":70,"h":35},"frame":{"x":1223,"y":1982,"w":70,"h":35}},{"filename":"icons/sword-blue","rotated":false,"trimmed":false,"sourceSize":{"w":35,"h":31},"spriteSourceSize":{"x":0,"y":0,"w":35,"h":31},"frame":{"x":1928,"y":435,"w":35,"h":31}},{"filename":"icons/vibrate","rotated":false,"trimmed":false,"sourceSize":{"w":62,"h":73},"spriteSourceSize":{"x":0,"y":0,"w":62,"h":73},"frame":{"x":1968,"y":909,"w":62,"h":73}},{"filename":"icons/sword","rotated":false,"trimmed":false,"sourceSize":{"w":46,"h":38},"spriteSourceSize":{"x":0,"y":0,"w":46,"h":38},"frame":{"x":1987,"y":985,"w":46,"h":38}},{"filename":"icons/icon-journey","rotated":false,"trimmed":false,"sourceSize":{"w":73,"h":62},"spriteSourceSize":{"x":0,"y":0,"w":73,"h":62},"frame":{"x":1753,"y":1806,"w":73,"h":62}},{"filename":"ui-ngang/text-score","rotated":false,"trimmed":false,"sourceSize":{"w":88,"h":36},"spriteSourceSize":{"x":0,"y":0,"w":88,"h":36},"frame":{"x":1829,"y":1806,"w":88,"h":36}},{"filename":"texts/no","rotated":false,"trimmed":false,"sourceSize":{"w":89,"h":35},"spriteSourceSize":{"x":0,"y":0,"w":89,"h":35},"frame":{"x":1920,"y":1806,"w":89,"h":35}},{"filename":"icons/dot","rotated":false,"trimmed":false,"sourceSize":{"w":68,"h":70},"spriteSourceSize":{"x":0,"y":0,"w":68,"h":70},"frame":{"x":1842,"y":1845,"w":68,"h":70}},{"filename":"icons/icon-daily","rotated":false,"trimmed":false,"sourceSize":{"w":67,"h":67},"spriteSourceSize":{"x":0,"y":0,"w":67,"h":67},"frame":{"x":1842,"y":1918,"w":67,"h":67}},{"filename":"icons/play","rotated":false,"trimmed":false,"sourceSize":{"w":47,"h":47},"spriteSourceSize":{"x":0,"y":0,"w":47,"h":47},"frame":{"x":1983,"y":532,"w":47,"h":47}},{"filename":"icons/home","rotated":false,"trimmed":false,"sourceSize":{"w":47,"h":43},"spriteSourceSize":{"x":0,"y":0,"w":47,"h":43},"frame":{"x":1586,"y":1984,"w":47,"h":43}},{"filename":"icons/replay","rotated":false,"trimmed":false,"sourceSize":{"w":40,"h":47},"spriteSourceSize":{"x":0,"y":0,"w":40,"h":47},"frame":{"x":1987,"y":1026,"w":40,"h":47}},{"filename":"icons/music","rotated":false,"trimmed":false,"sourceSize":{"w":56,"h":61},"spriteSourceSize":{"x":0,"y":0,"w":56,"h":61},"frame":{"x":1964,"y":1306,"w":56,"h":61}},{"filename":"icons/sound","rotated":false,"trimmed":false,"sourceSize":{"w":62,"h":54},"spriteSourceSize":{"x":0,"y":0,"w":62,"h":54},"frame":{"x":1964,"y":1370,"w":62,"h":54}},{"filename":"buttons/dot-blue","rotated":false,"trimmed":false,"sourceSize":{"w":56,"h":54},"spriteSourceSize":{"x":0,"y":0,"w":56,"h":54},"frame":{"x":1963,"y":1427,"w":56,"h":54}},{"filename":"buttons/dot-green","rotated":false,"trimmed":false,"sourceSize":{"w":56,"h":54},"spriteSourceSize":{"x":0,"y":0,"w":56,"h":54},"frame":{"x":1963,"y":1484,"w":56,"h":54}},{"filename":"icons/check","rotated":false,"trimmed":false,"sourceSize":{"w":44,"h":35},"spriteSourceSize":{"x":0,"y":0,"w":44,"h":35},"frame":{"x":1963,"y":1541,"w":44,"h":35}},{"filename":"icons/plus","rotated":false,"trimmed":false,"sourceSize":{"w":42,"h":44},"spriteSourceSize":{"x":0,"y":0,"w":42,"h":44},"frame":{"x":1987,"y":1076,"w":42,"h":44}},{"filename":"icons/share-blue","rotated":false,"trimmed":false,"sourceSize":{"w":32,"h":43},"spriteSourceSize":{"x":0,"y":0,"w":32,"h":43},"frame":{"x":1589,"y":1106,"w":32,"h":43}},{"filename":"icons/flat-ad","rotated":false,"trimmed":false,"sourceSize":{"w":47,"h":41},"spriteSourceSize":{"x":0,"y":0,"w":47,"h":41},"frame":{"x":1984,"y":582,"w":47,"h":41}},{"filename":"icons/brown-journey","rotated":false,"trimmed":false,"sourceSize":{"w":45,"h":42},"spriteSourceSize":{"x":0,"y":0,"w":45,"h":42},"frame":{"x":1984,"y":626,"w":45,"h":42}},{"filename":"icons/battle","rotated":false,"trimmed":false,"sourceSize":{"w":44,"h":41},"spriteSourceSize":{"x":0,"y":0,"w":44,"h":41},"frame":{"x":1984,"y":671,"w":44,"h":41}},{"filename":"icons/setting","rotated":false,"trimmed":false,"sourceSize":{"w":42,"h":41},"spriteSourceSize":{"x":0,"y":0,"w":42,"h":41},"frame":{"x":1984,"y":715,"w":42,"h":41}},{"filename":"texts/vs","rotated":false,"trimmed":false,"sourceSize":{"w":47,"h":28},"spriteSourceSize":{"x":0,"y":0,"w":47,"h":28},"frame":{"x":1547,"y":1499,"w":47,"h":28}},{"filename":"icons/i-play","rotated":false,"trimmed":false,"sourceSize":{"w":31,"h":39},"spriteSourceSize":{"x":0,"y":0,"w":31,"h":39},"frame":{"x":1589,"y":1152,"w":31,"h":39}},{"filename":"texts/off","rotated":false,"trimmed":false,"sourceSize":{"w":44,"h":26},"spriteSourceSize":{"x":0,"y":0,"w":44,"h":26},"frame":{"x":1158,"y":1467,"w":44,"h":26}},{"filename":"texts/on","rotated":false,"trimmed":false,"sourceSize":{"w":41,"h":26},"spriteSourceSize":{"x":0,"y":0,"w":41,"h":26},"frame":{"x":1791,"y":717,"w":41,"h":26}},{"filename":"icons/clock","rotated":false,"trimmed":false,"sourceSize":{"w":34,"h":35},"spriteSourceSize":{"x":0,"y":0,"w":34,"h":35},"frame":{"x":1589,"y":1194,"w":34,"h":35}},{"filename":"icons/crown","rotated":false,"trimmed":false,"sourceSize":{"w":31,"h":27},"spriteSourceSize":{"x":0,"y":0,"w":31,"h":27},"frame":{"x":1122,"y":1624,"w":31,"h":27}},{"filename":"icons/share","rotated":false,"trimmed":false,"sourceSize":{"w":36,"h":47},"spriteSourceSize":{"x":0,"y":0,"w":36,"h":47},"frame":{"x":1995,"y":1123,"w":36,"h":47}},{"filename":"icons/white-journey","rotated":false,"trimmed":false,"sourceSize":{"w":42,"h":40},"spriteSourceSize":{"x":0,"y":0,"w":42,"h":40},"frame":{"x":1913,"y":1845,"w":42,"h":40}},{"filename":"icons/cup-bronze","rotated":false,"trimmed":false,"sourceSize":{"w":43,"h":36},"spriteSourceSize":{"x":0,"y":0,"w":43,"h":36},"frame":{"x":1958,"y":1844,"w":43,"h":36}},{"filename":"icons/cup-gold","rotated":false,"trimmed":false,"sourceSize":{"w":43,"h":36},"spriteSourceSize":{"x":0,"y":0,"w":43,"h":36},"frame":{"x":1913,"y":1888,"w":43,"h":36}},{"filename":"icons/cup-silver","rotated":false,"trimmed":false,"sourceSize":{"w":43,"h":36},"spriteSourceSize":{"x":0,"y":0,"w":43,"h":36},"frame":{"x":1912,"y":1927,"w":43,"h":36}}]},{"image":"default-resources-1.png","format":"RGBA8888","size":{"w":1275,"h":1275},"scale":1,"frames":[{"filename":"leaderboards/bg-middle","rotated":false,"trimmed":false,"sourceSize":{"w":949,"h":47},"spriteSourceSize":{"x":0,"y":0,"w":949,"h":47},"frame":{"x":2,"y":2,"w":949,"h":47}},{"filename":"texts/text-next-level","rotated":false,"trimmed":false,"sourceSize":{"w":318,"h":32},"spriteSourceSize":{"x":0,"y":0,"w":318,"h":32},"frame":{"x":954,"y":2,"w":318,"h":32}},{"filename":"leaderboards/bg-item","rotated":false,"trimmed":false,"sourceSize":{"w":317,"h":61},"spriteSourceSize":{"x":0,"y":0,"w":317,"h":61},"frame":{"x":954,"y":37,"w":317,"h":61}},{"filename":"bg/bg-top-2","rotated":false,"trimmed":false,"sourceSize":{"w":900,"h":112},"spriteSourceSize":{"x":0,"y":0,"w":900,"h":112},"frame":{"x":2,"y":52,"w":900,"h":112}},{"filename":"lives/time-block","rotated":false,"trimmed":false,"sourceSize":{"w":346,"h":87},"spriteSourceSize":{"x":0,"y":0,"w":346,"h":87},"frame":{"x":905,"y":101,"w":346,"h":87}},{"filename":"footer","rotated":false,"trimmed":false,"sourceSize":{"w":750,"h":153},"spriteSourceSize":{"x":0,"y":0,"w":750,"h":153},"frame":{"x":2,"y":167,"w":750,"h":153}},{"filename":"border-daily","rotated":false,"trimmed":false,"sourceSize":{"w":518,"h":51},"spriteSourceSize":{"x":0,"y":0,"w":518,"h":51},"frame":{"x":755,"y":191,"w":518,"h":51}},{"filename":"texts/lose","rotated":false,"trimmed":false,"sourceSize":{"w":518,"h":45},"spriteSourceSize":{"x":0,"y":0,"w":518,"h":45},"frame":{"x":755,"y":245,"w":518,"h":45}},{"filename":"daily-challenge/bg-item-dark","rotated":false,"trimmed":false,"sourceSize":{"w":508,"h":81},"spriteSourceSize":{"x":0,"y":0,"w":508,"h":81},"frame":{"x":755,"y":293,"w":508,"h":81}},{"filename":"border-bottom-panel","rotated":false,"trimmed":false,"sourceSize":{"w":750,"h":36},"spriteSourceSize":{"x":0,"y":0,"w":750,"h":36},"frame":{"x":2,"y":323,"w":750,"h":36}},{"filename":"bg/bg-top","rotated":false,"trimmed":false,"sourceSize":{"w":719,"h":111},"spriteSourceSize":{"x":0,"y":0,"w":719,"h":111},"frame":{"x":2,"y":362,"w":719,"h":111}},{"filename":"texts/keep-playing","rotated":false,"trimmed":false,"sourceSize":{"w":532,"h":51},"spriteSourceSize":{"x":0,"y":0,"w":532,"h":51},"frame":{"x":724,"y":377,"w":532,"h":51}},{"filename":"score-panel","rotated":false,"trimmed":false,"sourceSize":{"w":526,"h":152},"spriteSourceSize":{"x":0,"y":0,"w":526,"h":152},"frame":{"x":724,"y":431,"w":526,"h":152}},{"filename":"texts/leader-board","rotated":false,"trimmed":false,"sourceSize":{"w":574,"h":45},"spriteSourceSize":{"x":0,"y":0,"w":574,"h":45},"frame":{"x":2,"y":476,"w":574,"h":45}},{"filename":"leaf","rotated":false,"trimmed":false,"sourceSize":{"w":563,"h":132},"spriteSourceSize":{"x":0,"y":0,"w":563,"h":132},"frame":{"x":2,"y":524,"w":563,"h":132}},{"filename":"texts/win","rotated":false,"trimmed":false,"sourceSize":{"w":525,"h":55},"spriteSourceSize":{"x":0,"y":0,"w":525,"h":55},"frame":{"x":568,"y":586,"w":525,"h":55}},{"filename":"buttons/toggle-on","rotated":false,"trimmed":false,"sourceSize":{"w":177,"h":61},"spriteSourceSize":{"x":0,"y":0,"w":177,"h":61},"frame":{"x":1096,"y":586,"w":177,"h":61}},{"filename":"texts/second-chance","rotated":false,"trimmed":false,"sourceSize":{"w":522,"h":51},"spriteSourceSize":{"x":0,"y":0,"w":522,"h":51},"frame":{"x":568,"y":644,"w":522,"h":51}},{"filename":"texts/replay","rotated":false,"trimmed":false,"sourceSize":{"w":179,"h":31},"spriteSourceSize":{"x":0,"y":0,"w":179,"h":31},"frame":{"x":1093,"y":650,"w":179,"h":31}},{"filename":"texts/no-thank","rotated":false,"trimmed":false,"sourceSize":{"w":177,"h":27},"spriteSourceSize":{"x":0,"y":0,"w":177,"h":27},"frame":{"x":1093,"y":684,"w":177,"h":27}},{"filename":"daily-challenge/top-panel","rotated":false,"trimmed":false,"sourceSize":{"w":521,"h":30},"spriteSourceSize":{"x":0,"y":0,"w":521,"h":30},"frame":{"x":2,"y":659,"w":521,"h":30}},{"filename":"daily-challenge/middle-panel","rotated":false,"trimmed":false,"sourceSize":{"w":521,"h":26},"spriteSourceSize":{"x":0,"y":0,"w":521,"h":26},"frame":{"x":2,"y":692,"w":521,"h":26}},{"filename":"texts/waiting-for-opponent","rotated":false,"trimmed":false,"sourceSize":{"w":519,"h":28},"spriteSourceSize":{"x":0,"y":0,"w":519,"h":28},"frame":{"x":526,"y":698,"w":519,"h":28}},{"filename":"texts/collect","rotated":false,"trimmed":false,"sourceSize":{"w":225,"h":29},"spriteSourceSize":{"x":0,"y":0,"w":225,"h":29},"frame":{"x":1048,"y":714,"w":225,"h":29}},{"filename":"daily-challenge/bg-item-light","rotated":false,"trimmed":false,"sourceSize":{"w":508,"h":81},"spriteSourceSize":{"x":0,"y":0,"w":508,"h":81},"frame":{"x":2,"y":721,"w":508,"h":81}},{"filename":"texts/out-of-live","rotated":false,"trimmed":false,"sourceSize":{"w":494,"h":45},"spriteSourceSize":{"x":0,"y":0,"w":494,"h":45},"frame":{"x":513,"y":729,"w":494,"h":45}},{"filename":"texts/text-tutorial","rotated":false,"trimmed":false,"sourceSize":{"w":252,"h":42},"spriteSourceSize":{"x":0,"y":0,"w":252,"h":42},"frame":{"x":1010,"y":746,"w":252,"h":42}},{"filename":"buttons/green-large","rotated":false,"trimmed":false,"sourceSize":{"w":484,"h":142},"spriteSourceSize":{"x":0,"y":0,"w":484,"h":142},"frame":{"x":513,"y":777,"w":484,"h":142}},{"filename":"texts/play-with","rotated":false,"trimmed":false,"sourceSize":{"w":265,"h":34},"spriteSourceSize":{"x":0,"y":0,"w":265,"h":34},"frame":{"x":1000,"y":791,"w":265,"h":34}},{"filename":"buttons/brown","rotated":false,"trimmed":false,"sourceSize":{"w":483,"h":108},"spriteSourceSize":{"x":0,"y":0,"w":483,"h":108},"frame":{"x":2,"y":805,"w":483,"h":108}},{"filename":"texts/world-disable","rotated":false,"trimmed":false,"sourceSize":{"w":244,"h":27},"spriteSourceSize":{"x":0,"y":0,"w":244,"h":27},"frame":{"x":1000,"y":828,"w":244,"h":27}},{"filename":"texts/world","rotated":false,"trimmed":false,"sourceSize":{"w":244,"h":27},"spriteSourceSize":{"x":0,"y":0,"w":244,"h":27},"frame":{"x":1000,"y":858,"w":244,"h":27}},{"filename":"texts/text-ranking","rotated":false,"trimmed":false,"sourceSize":{"w":241,"h":23},"spriteSourceSize":{"x":0,"y":0,"w":241,"h":23},"frame":{"x":1000,"y":888,"w":241,"h":23}},{"filename":"texts/refill-lives","rotated":false,"trimmed":false,"sourceSize":{"w":233,"h":22},"spriteSourceSize":{"x":0,"y":0,"w":233,"h":22},"frame":{"x":1000,"y":914,"w":233,"h":22}},{"filename":"texts/next-milestone","rotated":false,"trimmed":false,"sourceSize":{"w":445,"h":42},"spriteSourceSize":{"x":0,"y":0,"w":445,"h":42},"frame":{"x":2,"y":916,"w":445,"h":42}},{"filename":"texts/daily-challenge","rotated":false,"trimmed":false,"sourceSize":{"w":442,"h":56},"spriteSourceSize":{"x":0,"y":0,"w":442,"h":56},"frame":{"x":450,"y":922,"w":442,"h":56}},{"filename":"texts/invite-friends","rotated":false,"trimmed":false,"sourceSize":{"w":376,"h":34},"spriteSourceSize":{"x":0,"y":0,"w":376,"h":34},"frame":{"x":895,"y":939,"w":376,"h":34}},{"filename":"texts/congratulations","rotated":false,"trimmed":false,"sourceSize":{"w":370,"h":51},"spriteSourceSize":{"x":0,"y":0,"w":370,"h":51},"frame":{"x":895,"y":976,"w":370,"h":51}},{"filename":"popup/top-dark","rotated":false,"trimmed":false,"sourceSize":{"w":431,"h":89},"spriteSourceSize":{"x":0,"y":0,"w":431,"h":89},"frame":{"x":2,"y":961,"w":431,"h":89}},{"filename":"popup/top","rotated":false,"trimmed":false,"sourceSize":{"w":431,"h":89},"spriteSourceSize":{"x":0,"y":0,"w":431,"h":89},"frame":{"x":436,"y":981,"w":431,"h":89}},{"filename":"popup/bottom","rotated":false,"trimmed":false,"sourceSize":{"w":431,"h":27},"spriteSourceSize":{"x":0,"y":0,"w":431,"h":27},"frame":{"x":2,"y":1053,"w":431,"h":27}},{"filename":"texts/your-score","rotated":false,"trimmed":false,"sourceSize":{"w":398,"h":45},"spriteSourceSize":{"x":0,"y":0,"w":398,"h":45},"frame":{"x":870,"y":1030,"w":398,"h":45}},{"filename":"texts/first-milestone","rotated":false,"trimmed":false,"sourceSize":{"w":410,"h":42},"spriteSourceSize":{"x":0,"y":0,"w":410,"h":42},"frame":{"x":436,"y":1073,"w":410,"h":42}},{"filename":"bg-streak","rotated":false,"trimmed":true,"sourceSize":{"w":212,"h":87},"spriteSourceSize":{"x":0,"y":9,"w":212,"h":78},"frame":{"x":2,"y":1118,"w":212,"h":78}},{"filename":"texts/continue","rotated":false,"trimmed":false,"sourceSize":{"w":213,"h":30},"spriteSourceSize":{"x":0,"y":0,"w":213,"h":30},"frame":{"x":2,"y":1083,"w":213,"h":30}},{"filename":"texts/start","rotated":false,"trimmed":false,"sourceSize":{"w":202,"h":37},"spriteSourceSize":{"x":0,"y":0,"w":202,"h":37},"frame":{"x":218,"y":1083,"w":202,"h":37}},{"filename":"wood-panel","rotated":false,"trimmed":false,"sourceSize":{"w":301,"h":56},"spriteSourceSize":{"x":0,"y":0,"w":301,"h":56},"frame":{"x":2,"y":1199,"w":301,"h":56}},{"filename":"texts/result","rotated":false,"trimmed":false,"sourceSize":{"w":278,"h":55},"spriteSourceSize":{"x":0,"y":0,"w":278,"h":55},"frame":{"x":217,"y":1123,"w":278,"h":55}},{"filename":"score-panel-dark","rotated":false,"trimmed":false,"sourceSize":{"w":187,"h":51},"spriteSourceSize":{"x":0,"y":0,"w":187,"h":51},"frame":{"x":306,"y":1181,"w":187,"h":51}},{"filename":"texts/text-retry","rotated":false,"trimmed":false,"sourceSize":{"w":218,"h":37},"spriteSourceSize":{"x":0,"y":0,"w":218,"h":37},"frame":{"x":306,"y":1235,"w":218,"h":37}},{"filename":"texts/setting","rotated":false,"trimmed":false,"sourceSize":{"w":320,"h":49},"spriteSourceSize":{"x":0,"y":0,"w":320,"h":49},"frame":{"x":496,"y":1181,"w":320,"h":49}},{"filename":"texts/play-single","rotated":false,"trimmed":false,"sourceSize":{"w":314,"h":40},"spriteSourceSize":{"x":0,"y":0,"w":314,"h":40},"frame":{"x":527,"y":1233,"w":314,"h":40}},{"filename":"daily-challenge/time-panel","rotated":false,"trimmed":false,"sourceSize":{"w":170,"h":48},"spriteSourceSize":{"x":0,"y":0,"w":170,"h":48},"frame":{"x":498,"y":1118,"w":170,"h":48}},{"filename":"leaderboards/bg-item-0","rotated":false,"trimmed":false,"sourceSize":{"w":232,"h":46},"spriteSourceSize":{"x":0,"y":0,"w":232,"h":46},"frame":{"x":671,"y":1118,"w":232,"h":46}},{"filename":"texts/level-failed","rotated":false,"trimmed":false,"sourceSize":{"w":292,"h":36},"spriteSourceSize":{"x":0,"y":0,"w":292,"h":36},"frame":{"x":849,"y":1078,"w":292,"h":36}},{"filename":"leaderboards/bg-item-1","rotated":false,"trimmed":false,"sourceSize":{"w":232,"h":46},"spriteSourceSize":{"x":0,"y":0,"w":232,"h":46},"frame":{"x":819,"y":1167,"w":232,"h":46}},{"filename":"texts/mission","rotated":false,"trimmed":false,"sourceSize":{"w":226,"h":45},"spriteSourceSize":{"x":0,"y":0,"w":226,"h":45},"frame":{"x":906,"y":1117,"w":226,"h":45}},{"filename":"ui-ngang/text-next-block","rotated":false,"trimmed":false,"sourceSize":{"w":192,"h":36},"spriteSourceSize":{"x":0,"y":0,"w":192,"h":36},"frame":{"x":844,"y":1216,"w":192,"h":36}},{"filename":"texts/text-journey","rotated":false,"trimmed":false,"sourceSize":{"w":176,"h":35},"spriteSourceSize":{"x":0,"y":0,"w":176,"h":35},"frame":{"x":1039,"y":1216,"w":176,"h":35}},{"filename":"texts/text-share","rotated":false,"trimmed":false,"sourceSize":{"w":172,"h":27},"spriteSourceSize":{"x":0,"y":0,"w":172,"h":27},"frame":{"x":1054,"y":1165,"w":172,"h":27}}]}],"meta":{"app":"https://www.codeandweb.com/texturepacker","version":"3.0","smartupdate":"$TexturePacker:SmartUpdate:20fd529c76e421214bea942f80f4e86c:09b5e500b44e1a2be78a3f2c24ba5227:3e7944c06d121c41a747bba57afe2e59$"}}