{"skeleton":{"hash":"mZzsSTH1qX83IPxTvBuJ1m3obig","spine":"3.8.99","x":-138.19,"y":-2.65,"width":239.94,"height":126.74,"images":"./images/","audio":"D:/WORK/SUNDATA/MERGE MASTER/ANIMATION/Dinosaurs/lv03_Achycephalosaurus/project_Spine3_8"},"bones":[{"name":"root"},{"name":"[ORANGE] SKELTON CONTROL","parent":"root","scaleX":0.3858,"scaleY":0.3858,"color":"ff7b00ff"},{"name":"body","parent":"[ORANGE] SKELTON CONTROL","x":-21.73,"y":190.64},{"name":"body2","parent":"body","length":43.71,"rotation":-4.09,"x":2.27,"y":2.04},{"name":"body3","parent":"body2","length":52.73,"rotation":-2.13,"x":43.71},{"name":"body4","parent":"body3","length":40.86,"rotation":31.8,"x":52.73},{"name":"body5","parent":"body4","length":62.76,"rotation":19.75,"x":40.86},{"name":"head","parent":"body5","length":65.73,"rotation":-60.91,"x":60.97,"y":-0.53},{"name":"body6","parent":"body","length":51.35,"rotation":-174.63,"x":-9.62,"y":2.18},{"name":"body7","parent":"body6","length":60.69,"rotation":11.37,"x":51.35},{"name":"body8","parent":"body7","length":39.54,"rotation":3.3,"x":61.61,"y":-0.35},{"name":"body9","parent":"body8","length":34.16,"rotation":-3.69,"x":39.54},{"name":"body10","parent":"body9","length":34.71,"rotation":-5.46,"x":34.16},{"name":"body11","parent":"body10","length":44.24,"rotation":-6.92,"x":34.71},{"name":"body12","parent":"body11","length":37.16,"rotation":-5.31,"x":42.94,"y":0.09},{"name":"body13","parent":"body12","length":31.9,"rotation":-8.11,"x":37.16},{"name":"right_hand_1","parent":"body3","length":38.16,"rotation":-108.36,"x":58.01,"y":-13.92},{"name":"right_hand_3","parent":"right_hand_1","length":27.06,"rotation":61.9,"x":38.51,"y":-0.13},{"name":"right_hand_4","parent":"right_hand_3","length":19.64,"rotation":-35.76,"x":27.06},{"name":"left_hand_1","parent":"body3","length":35.54,"rotation":-86.39,"x":70.75,"y":-1.71},{"name":"left_hand_3","parent":"left_hand_1","length":28.66,"rotation":52.93,"x":36.35,"y":0.04},{"name":"left_hand_4","parent":"left_hand_3","length":15.79,"rotation":-41.51,"x":28.66},{"name":"right_leg_1","parent":"body","length":62.1,"rotation":-90,"x":-19.62,"y":-14.84},{"name":"right_leg_3","parent":"right_leg_1","length":57.75,"rotation":-75.87,"x":62.1,"y":-0.76},{"name":"right_leg_5","parent":"right_leg_3","length":73.58,"rotation":91.49,"x":57.85,"y":0.37},{"name":"right_leg_6","parent":"[ORANGE] SKELTON CONTROL","length":48.01,"rotation":0.91,"x":-78.3,"y":28.36,"color":"ff3f00ff"},{"name":"left_leg_1","parent":"body","length":61.18,"rotation":-90,"x":41.45,"y":-8.1},{"name":"left_leg_2","parent":"left_leg_1","length":53.44,"rotation":-80.26,"x":61.18},{"name":"left_leg_4","parent":"left_leg_2","length":65.68,"rotation":93.84,"x":52.48,"y":0.7},{"name":"left_leg_5","parent":"[ORANGE] SKELTON CONTROL","length":50.54,"rotation":2.17,"x":-16.46,"y":47.95,"color":"ff3f00ff"},{"name":"hamduoi","parent":"head","length":56.06,"rotation":-7.23,"x":4.88,"y":-30.58},{"name":"shadiow","parent":"[ORANGE] SKELTON CONTROL","x":-9.12,"y":28.09,"scaleX":1.1647,"scaleY":1.1647}],"slots":[{"name":"shadow","bone":"shadiow","attachment":"shadow"},{"name":"left_leg_3","bone":"left_leg_4","attachment":"left_leg_3"},{"name":"left_leg_2","bone":"left_leg_2","attachment":"left_leg_2"},{"name":"left_leg_1","bone":"left_leg_1","attachment":"left_leg_1"},{"name":"left_hand_4","bone":"left_hand_3","attachment":"left_hand_2"},{"name":"left_hand_2","bone":"left_hand_3"},{"name":"left_hand_3","bone":"left_hand_1","attachment":"left_hand_1"},{"name":"left_hand_1","bone":"left_hand_1"},{"name":"body","bone":"body","attachment":"body"},{"name":"right_leg_3","bone":"right_leg_5","attachment":"right_leg_3"},{"name":"hamduoi","bone":"hamduoi","attachment":"hamduoi"},{"name":"right_leg_4","bone":"right_leg_3","attachment":"right_leg_2"},{"name":"right_leg_2","bone":"right_leg_3"},{"name":"right_leg_1","bone":"right_leg_1","attachment":"right_leg_1"},{"name":"right_hand_3","bone":"right_hand_3","attachment":"right_hand_2"},{"name":"right_hand_2","bone":"right_hand_3"},{"name":"right_hand_4","bone":"right_hand_1","attachment":"right_hand_1"},{"name":"right_hand_1","bone":"right_hand_1"},{"name":"head","bone":"head","attachment":"head"},{"name":"eye","bone":"head","attachment":"eye"},{"name":"lv03_Achycephalosaurus mini_2","bone":"root"}],"ik":[{"name":"left_leg_5","order":1,"bones":["left_leg_2","left_leg_4"],"target":"left_leg_5"},{"name":"right_leg_6","bones":["right_leg_3","right_leg_5"],"target":"right_leg_6"}],"skins":[{"name":"default","attachments":{"body":{"body":{"type":"mesh","uvs":[0.74225,0.279,0.77585,0.32383,0.80839,0.36725,0.83561,0.41814,0.861,0.3431,0.87944,0.27271,0.90626,0.22188,0.9351,0.21494,0.96741,0.23497,0.98703,0.28844,0.99656,0.35993,0.99723,0.44883,0.9914,0.51314,0.97562,0.57971,0.95671,0.60698,0.93564,0.64938,0.92042,0.69797,0.90815,0.75025,0.89384,0.80555,0.87323,0.85118,0.84646,0.86608,0.81421,0.87479,0.78379,0.89994,0.75501,0.93413,0.71767,0.97337,0.67198,0.98554,0.63143,0.96734,0.59138,0.93306,0.55888,0.89158,0.52545,0.84891,0.49182,0.79227,0.44551,0.82761,0.40572,0.87388,0.36075,0.91731,0.32467,0.94524,0.29363,0.96393,0.26349,0.97652,0.22962,0.98453,0.19675,0.99116,0.17133,0.99209,0.15223,0.99116,0.11802,0.98122,0.09095,0.97127,0.06512,0.96396,0.03394,0.94303,0,0.91079,0,0.87786,0.01576,0.85418,0.04235,0.85495,0.06757,0.8479,0.09119,0.83591,0.12167,0.80255,0.14954,0.78896,0.17799,0.76079,0.20954,0.72955,0.25549,0.68404,0.29719,0.64276,0.33204,0.59045,0.37008,0.53337,0.40826,0.47608,0.4386,0.43056,0.47751,0.37216,0.51575,0.3382,0.55693,0.30162,0.59943,0.26387,0.64686,0.23303,0.70527,0.25496],"triangles":[11,8,10,10,8,9,7,8,11,12,13,11,11,14,7,13,14,11,7,5,6,7,14,5,14,4,5,15,4,14,3,4,15,16,3,15,17,3,16,18,3,17,18,20,3,19,20,18,21,3,20,21,2,3,22,1,2,22,2,21,66,0,23,22,0,1,0,22,23,23,24,66,66,27,65,26,27,66,26,66,25,24,25,66,29,62,63,28,63,64,29,63,28,27,28,64,27,64,65,30,61,62,60,61,30,31,59,60,30,31,60,58,59,31,30,62,29,32,58,31,57,58,32,33,57,32,56,57,33,34,56,33,35,55,56,34,35,56,36,55,35,54,55,36,37,54,36,54,37,38,38,53,54,52,39,40,52,53,39,51,52,40,53,38,39,42,49,50,43,49,42,41,50,51,42,50,41,41,51,40,45,46,47,44,47,48,45,47,44,43,48,49,44,48,43],"vertices":[3,3,52.13,57.58,0.45452,4,6.28,57.86,0.48614,5,-8.98,73.65,0.05934,3,3,70.52,51.12,0.21725,4,24.89,52.08,0.6244,5,3.79,58.93,0.15835,3,3,88.32,44.86,0.06737,4,42.91,46.49,0.57285,5,16.16,44.68,0.35978,3,4,58.26,39.3,0.24261,5,25.41,30.49,0.55272,6,-4.23,33.91,0.20468,2,5,43.21,36.36,0.23539,6,14.5,33.43,0.76461,1,6,30.05,35.01,1,1,6,46.34,31.05,1,1,6,57.98,20.98,1,1,6,67.59,6.32,1,1,6,68.35,-7.61,1,1,6,63.12,-19.91,1,1,6,52.43,-30.97,1,1,6,42.34,-36.59,1,1,6,28.25,-38.71,1,2,5,69.41,-26.8,0.07106,6,17.82,-34.87,0.92894,2,5,56.14,-28.58,0.3069,6,4.72,-32.06,0.6931,2,5,45.2,-32.66,0.62822,6,-6.95,-32.21,0.37178,2,5,35.41,-38,0.84985,6,-17.97,-33.93,0.15015,1,5,24.41,-43.34,1,2,4,86.27,-33.01,0.10606,5,11.11,-45.72,0.89394,2,4,72.39,-37.11,0.27042,5,-2.85,-41.9,0.72958,2,4,55.49,-40.47,0.60596,5,-18.98,-35.85,0.39404,3,3,81.83,-47.99,0.08722,4,39.88,-46.54,0.79161,5,-35.45,-32.78,0.12117,2,3,66.98,-54.98,0.23926,4,25.3,-54.08,0.76074,3,8,-48.45,71.39,0.05842,3,47.65,-63.17,0.4296,4,6.29,-62.98,0.51198,3,8,-24.06,71.21,0.17564,3,23.55,-67,0.5627,4,-17.65,-67.7,0.26166,3,8,-2.87,66.06,0.3611,3,1.81,-65.4,0.52837,4,-39.44,-66.91,0.11053,2,8,17.79,58.16,0.62477,3,-19.87,-61,0.37523,3,9,-6.95,51.78,0.13889,8,34.33,49.4,0.68666,3,-37.62,-55.08,0.17445,2,9,7.95,39.59,0.42032,8,51.34,40.38,0.57968,2,9,22.26,25.06,0.86082,8,68.24,28.95,0.13918,1,9,47.62,23.82,1,2,10,10.05,25.2,0.34571,9,70.19,25.38,0.65429,3,11,-5.97,23.72,0.35215,10,35.1,24.06,0.55236,9,95.27,25.69,0.09549,2,11,13.8,22.96,0.92784,10,54.79,22.02,0.07216,2,12,-5.62,20.97,0.299,11,30.56,21.41,0.701,2,12,10.54,20.08,0.84882,11,46.56,18.99,0.15118,2,13,-8.34,17.16,0.14124,12,28.5,18.04,0.85876,2,13,9.18,17.1,0.85716,12,45.89,15.86,0.14284,2,14,-21.67,14.28,0.18899,13,22.68,16.32,0.81101,2,14,-11.5,14.36,0.50644,13,32.81,15.46,0.49356,2,14,6.73,13.07,0.90444,13,50.85,12.48,0.09556,1,14,21.17,11.69,1,2,15,-3.72,10.33,0.29872,14,34.93,10.75,0.70128,1,15,13.24,9.48,1,1,15,31.97,6.95,1,1,15,32.91,1.33,1,1,15,25.31,-4.09,1,1,15,11.34,-6.28,1,2,15,-1.7,-9.69,0.26845,14,34.1,-9.36,0.73155,1,14,21.59,-11.72,1,2,14,5.52,-17.88,0.64206,13,46.77,-18.22,0.35794,1,13,31.82,-19.54,1,2,13,16.38,-23.35,0.81438,12,48.16,-25.16,0.18562,2,13,-0.74,-27.59,0.34704,12,30.66,-27.3,0.65296,2,12,5.16,-30.41,0.58058,11,36.4,-30.76,0.41942,3,12,-17.97,-33.23,0.07985,11,13.11,-31.37,0.67818,10,50.6,-32.15,0.24197,2,11,-7.23,-34.84,0.27652,10,30.08,-34.3,0.72348,2,10,7.68,-36.64,0.79739,9,71.38,-36.49,0.20261,2,10,-14.8,-38.99,0.31068,9,49.08,-40.13,0.68932,2,10,-32.66,-40.86,0.08411,9,31.35,-43.02,0.91589,2,9,8.62,-46.74,0.69576,8,69.02,-44.12,0.30424,2,9,-12.56,-46.5,0.34907,8,48.21,-48.07,0.65093,3,9,-35.36,-46.25,0.08145,8,25.81,-52.32,0.82,3,-45.93,46.65,0.09855,2,8,2.69,-56.7,0.6599,3,-23.84,54.78,0.3401,2,8,-22.93,-59.65,0.36249,3,0.95,61.9,0.63751,3,8,-53.52,-52.97,0.08309,3,32.21,60.33,0.64732,4,-13.73,59.86,0.26958],"hull":67,"edges":[58,60,92,94,90,92,80,78,78,76,76,74,74,72,72,70,70,68,68,66,66,64,64,62,62,60,56,58,54,56,54,52,52,50,50,48,48,46,46,44,44,42,42,40,40,38,38,36,36,34,34,32,32,30,30,28,28,26,26,24,24,22,22,20,20,18,18,16,16,14,14,12,12,10,10,8,8,6,6,4,0,2,2,4,0,132,130,132,130,128,126,128,122,124,124,126,120,122,118,120,116,118,112,114,114,116,110,112,108,110,104,106,106,108,102,104,102,100,100,98,98,96,96,94,88,90,86,88,84,86,82,84,80,82],"width":532,"height":173}},"eye":{"eye":{"x":-3.89,"y":3.25,"rotation":15.57,"width":30,"height":26},"eye_close":{"x":-6.51,"y":2.55,"rotation":15.57,"width":34,"height":26}},"hamduoi":{"hamduoi":{"x":27.67,"y":-0.82,"rotation":22.81,"width":109,"height":52}},"head":{"head":{"x":-6.78,"y":2.44,"rotation":15.57,"width":226,"height":146}},"left_hand_3":{"left_hand_1":{"x":15.43,"y":2.68,"rotation":92.6,"width":29,"height":58}},"left_hand_4":{"left_hand_2":{"type":"mesh","uvs":[0.35379,0,0.56337,0.19435,0.6563,0.29963,0.75673,0.40883,0.88096,0.48886,1,0.59925,1,0.71521,0.80613,0.89011,0.65769,0.93062,0.48571,0.8574,0.48339,0.70292,0.50798,0.57332,0.32033,0.48452,0.09861,0.38452,0,0.26406,0,0.0942,0.15791,0,0.66662,0.51005],"triangles":[7,8,10,17,7,10,6,7,17,6,17,4,10,8,9,4,5,6,10,11,17,4,17,3,17,11,2,11,12,2,17,2,3,1,12,13,12,1,2,1,13,0,0,13,16,13,14,16,14,15,16],"vertices":[1,20,-2.16,12.21,1,1,20,12.89,10.81,1,1,20,20.24,9.37,1,2,20,28.01,8.02,0.75898,21,-5.8,5.58,0.24102,2,20,35.7,8.68,0.115,21,-0.47,11.17,0.885,1,21,6.46,16.23,1,1,21,12.76,15.26,1,1,21,20.75,4.01,1,1,21,21.79,-3.81,1,1,21,16.46,-11.86,1,2,20,27.61,-13.33,0.10835,21,8.05,-10.68,0.89165,2,20,24.02,-7.04,0.66721,21,1.2,-8.34,0.33279,1,20,13.54,-9.39,1,1,20,1.32,-12.38,1,1,20,-6.78,-10.49,1,1,20,-12.74,-3.3,1,1,20,-9.85,5.83,1,1,20,28.03,0.8,1],"hull":17,"edges":[0,32,10,12,28,30,30,32,26,28,26,24,24,22,22,20,20,18,0,2,2,4,4,6,8,10,6,8,18,16,12,14,16,14],"width":51,"height":55}},"left_leg_1":{"left_leg_1":{"x":30.37,"y":2.05,"rotation":90,"width":72,"height":95}},"left_leg_2":{"left_leg_2":{"x":27.52,"y":1.05,"rotation":170.26,"width":76,"height":40}},"left_leg_3":{"left_leg_3":{"type":"mesh","uvs":[0.21124,0.09193,0.21804,0.25926,0.25563,0.40292,0.32133,0.5081,0.38526,0.62911,0.51755,0.55786,0.64007,0.56804,0.83835,0.67818,0.96378,0.96675,0.70501,0.97747,0.44354,0.9883,0.27894,0.99512,0.19466,0.96427,0.17163,0.85901,0.12864,0.76255,0.06172,0.63522,0.00457,0.49377,0.02064,0.06311,0.12023,0],"triangles":[13,14,4,14,3,4,14,15,3,15,2,3,2,16,1,2,15,16,1,17,0,1,16,17,17,18,0,4,10,11,10,6,9,10,5,6,4,11,13,10,4,5,9,7,8,9,6,7,13,11,12],"vertices":[1,28,5.91,8.1,1,1,28,19.74,5.5,1,1,28,32.42,6.58,1,2,29,6.55,24.81,0.06553,28,42.65,11.33,0.93447,2,29,13,14.39,0.61858,28,54.14,15.59,0.38142,1,29,27.38,19.84,1,1,29,40.44,18.48,1,1,29,61.29,8.44,1,1,29,73.79,-16.3,1,1,29,46.08,-16.15,1,1,29,18.09,-15.99,1,1,29,0.47,-15.9,1,2,29,-8.44,-12.97,0.73227,28,76.72,-10.84,0.26773,2,29,-10.57,-4.04,0.30143,28,67.54,-11.16,0.69857,1,28,58.59,-13.73,1,1,28,46.51,-18.18,1,1,28,33.52,-21.33,1,1,28,-1.24,-11.16,1,1,28,-3.89,0.44,1],"hull":19,"edges":[14,16,32,34,34,36,36,0,0,2,2,4,4,6,6,8,8,10,10,12,12,14,30,32,30,28,28,26,26,24,24,22,20,22,16,18,18,20],"width":107,"height":84}},"right_hand_3":{"right_hand_2":{"type":"mesh","uvs":[0.27563,0,0.52099,0.0868,0.65854,0.21134,0.74748,0.36444,0.83404,0.51344,0.92849,0.5961,1,0.70417,1,0.85943,0.66166,0.93888,0.43043,0.91148,0.32737,0.82695,0.42547,0.65743,0.49594,0.59013,0.39118,0.50628,0.06777,0.31169,0.00763,0.19144,0.15561,0,0.68619,0.56832],"triangles":[17,13,3,14,2,13,0,15,16,13,2,3,2,14,1,1,14,0,0,14,15,17,8,11,7,8,6,6,8,17,17,11,12,17,4,5,10,11,9,8,9,11,6,17,5,12,13,17,4,17,3],"vertices":[1,17,-10.19,6.74,1,1,17,0.4,11.62,1,1,17,10.15,11.46,1,1,17,20.08,8.58,1,2,18,-1.19,6.26,0.69719,17,29.75,5.78,0.30281,1,18,4.12,10.08,1,1,18,11.01,12.9,1,1,18,20.79,12.63,1,1,18,25.4,-1.71,1,1,18,23.41,-11.37,1,1,18,17.97,-15.55,1,2,18,7.4,-11.14,0.94273,17,26.56,-13.37,0.05727,2,18,3.25,-8.07,0.63506,17,24.98,-8.44,0.36494,2,18,-2.15,-12.32,0.07531,17,18.11,-8.74,0.92469,1,17,0.13,-12.11,1,1,17,-7.43,-9.52,1,1,17,-13.25,2.73,1,1,18,2.09,-0.04,1],"hull":17,"edges":[0,32,12,14,30,32,24,22,22,20,24,26,28,30,26,28,10,12,8,10,8,6,6,4,0,2,4,2,20,18,14,16,18,16],"width":42,"height":63}},"right_hand_4":{"right_hand_1":{"x":15.46,"y":-0.67,"rotation":114.58,"width":41,"height":56}},"right_leg_1":{"right_leg_1":{"type":"mesh","uvs":[0.68032,0.01042,0.79304,0.01849,0.82477,0.08894,0.85429,0.23318,0.85365,0.43809,0.76095,0.70798,0.64005,0.91175,0.54846,0.98167,0.41459,0.98135,0.34157,0.94447,0.28124,0.89981,0.23189,0.7982,0.14691,0.57697,0.09686,0.49017,0.04423,0.4118,0.02418,0.33523,0.02421,0.28167,0.02425,0.22358,0.04903,0.18613,0.15491,0.10529,0.32549,0.02845,0.54154,0.00048],"triangles":[20,12,13,4,5,3,3,11,12,5,11,3,6,10,11,5,6,11,9,10,6,8,9,6,7,8,6,2,3,0,13,14,19,3,21,0,2,0,1,20,3,12,18,16,17,16,19,15,14,15,19,18,19,16,19,20,13,3,20,21],"vertices":[1,8,-10.68,-7.77,1,2,8,-19.8,-6.04,0.9437,22,-24.89,29.14,0.0563,2,8,-21.69,1.7,0.85801,22,-17.35,31.75,0.14199,2,8,-22.65,17.3,0.47748,22,-1.91,34.17,0.52252,2,8,-20.55,39.12,0.08567,22,20.01,34.11,0.91433,1,22,48.89,26.51,1,1,22,70.69,16.6,1,1,22,78.17,9.09,1,1,22,78.14,-1.89,1,1,22,74.19,-7.88,1,1,22,69.41,-12.82,1,1,22,58.54,-16.87,1,2,8,38.54,48.49,0.05748,22,34.87,-23.84,0.94252,2,8,41.76,38.86,0.17478,22,25.58,-27.94,0.82522,2,8,45.27,30.11,0.34227,22,17.2,-32.26,0.65773,2,8,46.14,21.8,0.51723,22,9,-33.9,0.48277,2,8,45.6,16.09,0.6537,22,3.27,-33.9,0.3463,2,8,45.02,9.9,0.78743,22,-2.94,-33.9,0.21257,2,8,42.62,6.1,0.85877,22,-6.95,-31.86,0.14123,1,8,33.16,-1.7,1,1,8,18.47,-8.57,1,1,8,0.55,-9.89,1],"hull":22,"edges":[2,4,4,6,6,8,8,10,10,12,12,14,14,16,16,18,18,20,34,36,36,38,38,40,40,42,2,0,0,42,32,34,30,32,30,28,28,26,26,24,20,22,24,22],"width":82,"height":107}},"right_leg_3":{"right_leg_3":{"type":"mesh","uvs":[0.07664,0,0.16984,0.04067,0.24346,0.39258,0.29306,0.48891,0.34645,0.58679,0.38452,0.64148,0.43711,0.62558,0.5853,0.56362,0.81644,0.65577,0.96579,0.97206,0.67989,0.98038,0.54264,0.98438,0.41474,0.9881,0.30804,0.99121,0.18484,0.99479,0.17644,0.87753,0.1407,0.7974,0.04778,0.6108,0.01176,0.50989,0.01817,0.2989,0.00722,0.10549,0.29455,0.78518],"triangles":[14,15,13,15,21,13,13,21,12,21,5,12,12,6,11,12,5,6,10,11,7,11,6,7,10,8,9,10,7,8,15,16,21,4,21,16,16,17,3,21,4,5,4,16,3,17,2,3,17,18,2,18,19,2,19,1,2,1,20,0,1,19,20],"vertices":[1,24,-9.42,-2.32,1,1,24,-2.6,7.58,1,1,24,32.36,7.14,1,1,24,42.89,10.48,1,2,24,53.7,14.22,0.81639,25,8.7,22.85,0.18361,2,24,60,17.28,0.43979,25,13.26,17.52,0.56021,2,24,60.26,23.87,0.15447,25,19.7,18.95,0.84553,1,25,37.87,24.61,1,1,25,65.93,15.31,1,1,25,83.67,-15.33,1,1,25,48.78,-15.58,1,1,25,32.03,-15.7,1,1,25,16.42,-15.81,1,1,25,3.4,-15.9,1,2,24,86.11,-15.32,0.33613,25,-11.63,-16.01,0.66387,2,24,74.99,-13.27,0.71076,25,-12.48,-4.73,0.28924,1,24,66.41,-15.4,1,1,24,46.11,-21.49,1,1,24,35.59,-23.12,1,1,24,16.3,-16.91,1,1,24,-1.94,-13.2,1,2,24,70.33,2.99,0.66284,25,2.07,3.9,0.33716],"hull":21,"edges":[16,18,28,30,30,32,32,34,10,8,10,12,14,16,12,14,8,6,6,4,4,2,2,0,0,40,40,38,34,36,38,36,26,28,24,26,22,24,18,20,20,22],"width":122,"height":96}},"right_leg_4":{"right_leg_2":{"x":28.14,"y":2.74,"rotation":165.87,"width":87,"height":51}},"shadow":{"shadow":{"x":-10.3,"y":-3.52,"width":165,"height":53}}}}],"events":{"finished_attacking":{}},"animations":{"attack":{"slots":{"eye":{"attachment":[{"time":0.6333,"name":"eye_close"},{"time":0.7,"name":"eye"}]}},"bones":{"head":{"rotate":[{"angle":-2.77,"curve":0.32,"c2":0.29,"c3":0.757},{"time":0.5,"angle":-34.21,"curve":0.311,"c2":0.26,"c3":0.651,"c4":0.61},{"time":0.6333,"angle":6.51,"curve":0.33,"c2":0.32,"c3":0.67,"c4":0.68},{"time":0.8,"angle":-2.77,"curve":0.375,"c2":0.62,"c3":0.716},{"time":0.9,"angle":-3.63,"curve":0.284,"c3":0.625,"c4":0.38},{"time":1,"angle":-2.77}]},"body7":{"rotate":[{"angle":3.13,"curve":0.379,"c2":0.6,"c3":0.724},{"time":0.1333,"angle":4.89,"curve":0.243,"c3":0.68,"c4":0.71},{"time":0.5333,"angle":-20.73,"curve":0.351,"c2":0.42,"c3":0.686,"c4":0.76},{"time":0.5667,"angle":-20.09,"curve":0.36,"c2":0.64,"c3":0.695},{"time":0.6333,"angle":9.73,"curve":0.242,"c3":0.667,"c4":0.67},{"time":1,"angle":3.13}]},"body4":{"rotate":[{"angle":-1.22,"curve":0.363,"c2":0.44,"c3":0.755},{"time":0.5,"angle":-28.8,"curve":0.33,"c2":0.32,"c3":0.67,"c4":0.68},{"time":0.6333,"angle":4.82,"curve":0.349,"c2":0.39,"c3":0.689,"c4":0.74},{"time":0.8,"angle":-3.63,"curve":0.258,"c3":0.619,"c4":0.45},{"time":1,"angle":-1.22}]},"body9":{"rotate":[{"angle":4.91,"curve":0.379,"c2":0.52,"c3":0.747},{"time":0.2333,"angle":10.13,"curve":0.245,"c3":0.637,"c4":0.56},{"time":0.5333,"angle":-3.27,"curve":0.339,"c2":0.35,"c3":0.674,"c4":0.69},{"time":0.5667,"angle":-8.29,"curve":0.345,"c2":0.38,"c3":0.68,"c4":0.71},{"time":0.6333,"angle":-12.7,"curve":0.351,"c2":0.42,"c3":0.686,"c4":0.76},{"time":0.6667,"angle":-16.08,"curve":0.36,"c2":0.64,"c3":0.695},{"time":0.7333,"angle":-17.78,"curve":0.247,"c3":0.63,"c4":0.53},{"time":1,"angle":4.91}]},"body6":{"rotate":[{"angle":4.61,"curve":0.348,"c2":0.66,"c3":0.682},{"time":0.0333,"angle":4.89,"curve":0.25,"c3":0.75},{"time":0.5333,"angle":-11.26,"curve":0.247,"c3":0.729,"c4":0.91},{"time":1,"angle":4.61}]},"body5":{"rotate":[{"angle":-2.77,"curve":0.32,"c2":0.29,"c3":0.757},{"time":0.5,"angle":-11.18,"curve":0.311,"c2":0.26,"c3":0.651,"c4":0.61},{"time":0.6333,"angle":6.55,"curve":0.33,"c2":0.32,"c3":0.67,"c4":0.68},{"time":0.8,"angle":-2.77,"curve":0.375,"c2":0.62,"c3":0.716},{"time":0.9,"angle":-3.63,"curve":0.284,"c3":0.625,"c4":0.38},{"time":1,"angle":-2.77}]},"body8":{"rotate":[{"angle":1.99,"curve":0.382,"c2":0.57,"c3":0.737},{"time":0.1667,"angle":5.14,"curve":0.243,"c3":0.655,"c4":0.62},{"time":0.5333,"angle":-30.4,"curve":0.345,"c2":0.38,"c3":0.68,"c4":0.71},{"time":0.5667,"angle":-3.42,"curve":0.351,"c2":0.42,"c3":0.686,"c4":0.76},{"time":0.6333,"angle":-4.22,"curve":0.36,"c2":0.64,"c3":0.695},{"time":0.6667,"angle":-4.63,"curve":0.244,"c3":0.646,"c4":0.59},{"time":1,"angle":1.99}]},"body10":{"rotate":[{"angle":-0.39,"curve":0.37,"c2":0.47,"c3":0.753},{"time":0.2667,"angle":16.92,"curve":0.25,"c3":0.625,"c4":0.5},{"time":0.5333,"angle":2.05,"curve":0.335,"c2":0.34,"c3":0.67,"c4":0.68},{"time":0.5667,"angle":-3.27,"curve":0.339,"c2":0.35,"c3":0.674,"c4":0.69},{"time":0.6333,"angle":-8.29,"curve":0.345,"c2":0.38,"c3":0.68,"c4":0.71},{"time":0.6667,"angle":-12.7,"curve":0.351,"c2":0.42,"c3":0.686,"c4":0.76},{"time":0.7333,"angle":-16.08,"curve":0.36,"c2":0.64,"c3":0.695},{"time":0.7667,"angle":-17.78,"curve":0.253,"c3":0.621,"c4":0.48},{"time":1,"angle":-0.39}]},"body12":{"rotate":[{"angle":-10.39,"curve":0.333,"c2":0.33,"c3":0.758},{"time":0.3667,"angle":23.59,"curve":0.269,"c3":0.618,"c4":0.42},{"time":0.5333,"angle":20.06,"curve":0.326,"c2":0.31,"c3":0.661,"c4":0.65},{"time":0.5667,"angle":7.41,"curve":0.33,"c2":0.32,"c3":0.665,"c4":0.66},{"time":0.6333,"angle":2.05,"curve":0.335,"c2":0.34,"c3":0.67,"c4":0.68},{"time":0.6667,"angle":-3.27,"curve":0.339,"c2":0.35,"c3":0.674,"c4":0.69},{"time":0.7667,"angle":-12.7,"curve":0.351,"c2":0.42,"c3":0.686,"c4":0.76},{"time":0.8333,"angle":-16.08,"curve":0.36,"c2":0.64,"c3":0.695},{"time":0.8667,"angle":-17.78,"curve":0.276,"c3":0.621,"c4":0.4},{"time":1,"angle":-10.39}]},"right_hand_1":{"rotate":[{"angle":-11.43,"curve":0.25,"c3":0.75},{"time":0.5,"angle":4.8,"curve":0.25,"c3":0.75},{"time":1,"angle":-11.43}]},"body13":{"rotate":[{"angle":-10.39,"curve":0.333,"c2":0.33,"c3":0.758},{"time":0.3667,"angle":22.31,"curve":0.269,"c3":0.618,"c4":0.42},{"time":0.5333,"angle":30.83,"curve":0.326,"c2":0.31,"c3":0.661,"c4":0.65},{"time":0.5667,"angle":7.41,"curve":0.33,"c2":0.32,"c3":0.665,"c4":0.66},{"time":0.6333,"angle":2.05,"curve":0.335,"c2":0.34,"c3":0.67,"c4":0.68},{"time":0.6667,"angle":-3.27,"curve":0.339,"c2":0.35,"c3":0.674,"c4":0.69},{"time":0.7333,"angle":-8.29,"curve":0.345,"c2":0.38,"c3":0.68,"c4":0.71},{"time":0.7667,"angle":-12.7,"curve":0.351,"c2":0.42,"c3":0.686,"c4":0.76},{"time":0.8333,"angle":-16.08,"curve":0.36,"c2":0.64,"c3":0.695},{"time":0.8667,"angle":-17.78,"curve":0.276,"c3":0.621,"c4":0.4},{"time":1,"angle":-10.39}]},"body11":{"rotate":[{"angle":-5.57,"curve":0.354,"c2":0.41,"c3":0.756},{"time":0.3333,"angle":13.62,"curve":0.258,"c3":0.619,"c4":0.45},{"time":0.5333,"angle":20.97,"curve":0.33,"c2":0.32,"c3":0.665,"c4":0.66},{"time":0.5667,"angle":2.05,"curve":0.335,"c2":0.34,"c3":0.67,"c4":0.68},{"time":0.6333,"angle":-3.27,"curve":0.339,"c2":0.35,"c3":0.674,"c4":0.69},{"time":0.6667,"angle":-8.29,"curve":0.345,"c2":0.38,"c3":0.68,"c4":0.71},{"time":0.7333,"angle":-12.7,"curve":0.351,"c2":0.42,"c3":0.686,"c4":0.76},{"time":0.7667,"angle":-16.08,"curve":0.36,"c2":0.64,"c3":0.695},{"time":0.8333,"angle":-17.78,"curve":0.263,"c3":0.618,"c4":0.43},{"time":1,"angle":-5.57}]},"right_hand_3":{"rotate":[{"angle":-9.32,"curve":0.375,"c2":0.62,"c3":0.716},{"time":0.1,"angle":-11.43,"curve":0.25,"c3":0.75},{"time":0.6,"angle":4.8,"curve":0.243,"c3":0.68,"c4":0.71},{"time":1,"angle":-9.32}]},"right_hand_4":{"rotate":[{"angle":-5.52,"curve":0.349,"c2":0.39,"c3":0.689,"c4":0.74},{"time":0.1,"angle":-9.32,"curve":0.375,"c2":0.62,"c3":0.716},{"time":0.2,"angle":-11.43,"curve":0.25,"c3":0.75},{"time":0.7,"angle":4.8,"curve":0.245,"c3":0.637,"c4":0.56},{"time":1,"angle":-5.52}]},"left_hand_1":{"rotate":[{"angle":-11.43,"curve":0.25,"c3":0.75},{"time":0.5,"angle":4.8,"curve":0.25,"c3":0.75},{"time":1,"angle":-11.43}]},"left_hand_3":{"rotate":[{"angle":-9.32,"curve":0.375,"c2":0.62,"c3":0.716},{"time":0.1,"angle":-11.43,"curve":0.25,"c3":0.75},{"time":0.6,"angle":4.8,"curve":0.243,"c3":0.68,"c4":0.71},{"time":1,"angle":-9.32}]},"body3":{"rotate":[{"angle":0.51,"curve":0.381,"c2":0.55,"c3":0.742},{"time":0.2,"angle":2.92,"curve":0.245,"c3":0.637,"c4":0.56},{"time":0.5,"angle":-30.53,"curve":0.349,"c2":0.39,"c3":0.689,"c4":0.74},{"time":0.6333,"angle":3.29,"curve":0.375,"c2":0.62,"c3":0.716},{"time":1,"angle":0.51}]},"right_leg_1":{"rotate":[{"curve":0.25,"c3":0.75},{"time":0.5,"angle":43.25,"curve":0.273,"c3":0.62,"c4":0.41},{"time":0.6333,"angle":-10.27,"curve":0.337,"c2":0.35,"c3":0.758},{"time":1}]},"body":{"rotate":[{"curve":0.25,"c3":0.75},{"time":0.5,"angle":-4.39,"curve":0.273,"c3":0.62,"c4":0.41},{"time":0.6333,"angle":2.37,"curve":0.337,"c2":0.35,"c3":0.758},{"time":1}],"translate":[{"curve":0.25,"c3":0.75},{"time":0.5,"x":-86.41,"y":-10.8,"curve":0.273,"c3":0.62,"c4":0.41},{"time":0.6333,"x":52.04,"y":-6.68,"curve":0.337,"c2":0.35,"c3":0.758},{"time":1}]},"body2":{"rotate":[{"angle":2.07,"curve":0.375,"c2":0.62,"c3":0.716},{"time":0.1,"angle":2.92,"curve":0.243,"c3":0.68,"c4":0.71},{"time":0.5,"angle":-2.77,"curve":0.375,"c2":0.62,"c3":0.716},{"time":0.6333,"angle":-3.63,"curve":0.243,"c3":0.68,"c4":0.71},{"time":1,"angle":2.07}]},"left_leg_1":{"rotate":[{"curve":0.25,"c3":0.75},{"time":0.5,"angle":43.25,"curve":0.273,"c3":0.62,"c4":0.41},{"time":0.6333,"angle":-10.27,"curve":0.337,"c2":0.35,"c3":0.758},{"time":1}]},"left_hand_4":{"rotate":[{"angle":-5.52,"curve":0.349,"c2":0.39,"c3":0.689,"c4":0.74},{"time":0.1,"angle":-9.32,"curve":0.375,"c2":0.62,"c3":0.716},{"time":0.2,"angle":-11.43,"curve":0.25,"c3":0.75},{"time":0.7,"angle":4.8,"curve":0.245,"c3":0.637,"c4":0.56},{"time":1,"angle":-5.52}]},"hamduoi":{"rotate":[{"angle":-0.27,"curve":0.25,"c3":0.75},{"time":0.5,"angle":0.37,"curve":0.25,"c3":0.75},{"time":0.6667,"angle":-21.31,"curve":0.25,"c3":0.75},{"time":0.9,"angle":0.37,"curve":0.25,"c3":0.75},{"time":1,"angle":-0.27}]}},"events":[{"time":0.6,"name":"finished_attacking"}]},"die":{"slots":{"eye":{"attachment":[{"time":0.7333,"name":"eye_close"}]}},"bones":{"left_leg_1":{"rotate":[{"curve":0.25,"c3":0.75},{"time":0.5,"angle":7.97,"curve":0.248,"c3":0.628,"c4":0.52},{"time":0.7667,"angle":-43.78}]},"body3":{"rotate":[{"angle":0.51,"curve":0.345,"c2":0.37,"c3":0.682,"c4":0.72},{"time":0.2,"angle":-15.75,"curve":0.379,"c2":0.6,"c3":0.723},{"time":0.5,"angle":25.92,"curve":0.349,"c2":0.39,"c3":0.689,"c4":0.74},{"time":0.6333,"angle":26.64,"curve":0.243,"c3":0.649,"c4":0.6},{"time":0.7,"angle":22.26,"curve":0.382,"c2":0.57,"c3":0.735},{"time":0.7333,"angle":11.65,"curve":0.25,"c3":0.75},{"time":0.8333,"angle":-0.85,"curve":0.25,"c3":0.75},{"time":1.0667,"angle":-8.11}]},"body":{"rotate":[{"curve":0.25,"c3":0.75},{"time":0.5,"angle":34.65,"curve":0.25,"c3":0.75},{"time":0.7333,"angle":-7.68}],"translate":[{"curve":0.25,"c3":0.75},{"time":0.5,"x":-102.59,"y":-46.43,"curve":0.273,"c3":0.62,"c4":0.41},{"time":0.6333,"x":30.62,"y":-9.59,"curve":0.318,"c2":0.28,"c3":0.658,"c4":0.64},{"time":0.7333,"x":92.28,"y":-113.58,"curve":0.34,"c2":0.35,"c3":0.684,"c4":0.72},{"time":0.8667,"x":93.28,"y":-106.14,"curve":0.38,"c2":0.59,"c3":0.727},{"time":1,"x":93.71,"y":-113.78}]},"body5":{"rotate":[{"angle":-2.77,"curve":0.305,"c2":0.24,"c3":0.654,"c4":0.63},{"time":0.2,"angle":-15.92,"curve":0.347,"c2":0.38,"c3":0.691,"c4":0.75},{"time":0.3667,"angle":-24.1,"curve":0.376,"c2":0.61,"c3":0.718},{"time":0.5,"angle":2.07,"curve":0.311,"c2":0.26,"c3":0.651,"c4":0.61},{"time":0.6333,"angle":12,"curve":0.243,"c3":0.649,"c4":0.6},{"time":0.7,"angle":2.97,"curve":0.382,"c2":0.57,"c3":0.735},{"time":0.7333,"angle":-9.49,"curve":0.25,"c3":0.75},{"time":0.8333,"angle":2.47,"curve":0.25,"c3":0.75},{"time":1.0667,"angle":-4.79}]},"body2":{"rotate":[{"angle":2.07,"curve":0.375,"c2":0.62,"c3":0.716},{"time":0.5,"angle":-2.77,"curve":0.375,"c2":0.62,"c3":0.716},{"time":0.6333,"angle":7.16,"curve":0.243,"c3":0.649,"c4":0.6},{"time":0.7,"angle":-1.88,"curve":0.382,"c2":0.57,"c3":0.735},{"time":0.7333,"angle":-14.33,"curve":0.25,"c3":0.75},{"time":0.8333,"angle":-2.38,"curve":0.25,"c3":0.75},{"time":1.0667,"angle":-9.64}]},"right_leg_1":{"rotate":[{"curve":0.25,"c3":0.75},{"time":0.5,"angle":7.97,"curve":0.248,"c3":0.628,"c4":0.52},{"time":0.7667,"angle":-43.78}]},"body4":{"rotate":[{"angle":-1.22,"curve":0.331,"c2":0.33,"c3":0.673,"c4":0.69},{"time":0.2,"angle":-15.69,"curve":0.353,"c2":0.41,"c3":0.693,"c4":0.76},{"time":0.3667,"angle":-24.81,"curve":0.37,"c2":0.63,"c3":0.708},{"time":0.5,"angle":0.49,"curve":0.33,"c2":0.32,"c3":0.67,"c4":0.68},{"time":0.6333,"angle":10.42,"curve":0.243,"c3":0.649,"c4":0.6},{"time":0.7,"angle":1.38,"curve":0.382,"c2":0.57,"c3":0.735},{"time":0.7333,"angle":-11.07,"curve":0.25,"c3":0.75},{"time":0.8333,"angle":0.89,"curve":0.25,"c3":0.75},{"time":1.0667,"angle":-6.38}]},"head":{"rotate":[{"angle":-2.77,"curve":0.305,"c2":0.24,"c3":0.654,"c4":0.63},{"time":0.2,"angle":-15.92,"curve":0.377,"c2":0.51,"c3":0.749},{"time":0.5,"angle":2.07,"curve":0.311,"c2":0.26,"c3":0.651,"c4":0.61},{"time":0.6333,"angle":12,"curve":0.25,"c3":0.75},{"time":0.7333,"angle":-0.61,"curve":0.25,"c3":0.75},{"time":0.8667,"angle":2.47,"curve":0.25,"c3":0.75},{"time":1,"angle":-4.79,"curve":"stepped"},{"time":1.6667,"angle":-4.79}]},"body7":{"rotate":[{"angle":3.13,"curve":0.379,"c2":0.6,"c3":0.724},{"time":0.2333,"angle":34.03,"curve":0.25,"c3":0.75},{"time":0.5667,"angle":-27.3,"curve":0.25,"c3":0.75},{"time":1,"angle":4.74}]},"body9":{"rotate":[{"angle":4.91,"curve":0.35,"c2":0.39,"c3":0.693,"c4":0.76},{"time":0.1333,"angle":9.61,"curve":0.374,"c2":0.62,"c3":0.715},{"time":0.2667,"angle":44.41,"curve":0.263,"c3":0.618,"c4":0.43},{"time":0.3667,"angle":30.7,"curve":0.328,"c2":0.32,"c3":0.68,"c4":0.71},{"time":0.4667,"angle":-4.44,"curve":0.382,"c2":0.58,"c3":0.731},{"time":0.7333,"angle":-25.52,"curve":0.25,"c3":0.75},{"time":1,"angle":6.51}]},"body8":{"rotate":[{"angle":1.99,"curve":0.382,"c2":0.57,"c3":0.737},{"time":0.2333,"angle":32.89,"curve":0.25,"c3":0.75},{"time":0.5667,"angle":-28.45,"curve":0.25,"c3":0.75},{"time":1,"angle":3.59}]},"body6":{"rotate":[{"angle":4.61,"curve":0.348,"c2":0.66,"c3":0.682},{"time":0.0333,"angle":4.89,"curve":0.25,"c3":0.75},{"time":0.5333,"angle":-11.26,"curve":0.247,"c3":0.729,"c4":0.91},{"time":1,"angle":4.61}]},"body10":{"rotate":[{"angle":-0.39,"curve":0.341,"c2":0.36,"c3":0.69,"c4":0.74},{"time":0.1333,"angle":3.8,"curve":0.378,"c2":0.6,"c3":0.722},{"time":0.2667,"angle":39.12,"curve":0.263,"c3":0.618,"c4":0.43},{"time":0.3667,"angle":32.4,"curve":0.328,"c2":0.32,"c3":0.68,"c4":0.71},{"time":0.4667,"angle":7.56,"curve":0.352,"c2":0.41,"c3":0.689,"c4":0.75},{"time":0.5667,"angle":-0.64,"curve":0.369,"c2":0.63,"c3":0.706},{"time":0.7333,"angle":-30.82,"curve":0.25,"c3":0.75},{"time":1,"angle":1.22}]},"body11":{"rotate":[{"angle":-5.57,"curve":0.329,"c2":0.32,"c3":0.683,"c4":0.72},{"time":0.1333,"angle":-20.97,"curve":0.381,"c2":0.59,"c3":0.728},{"time":0.2667,"angle":33.93,"curve":0.263,"c3":0.618,"c4":0.43},{"time":0.3667,"angle":30.46,"curve":0.328,"c2":0.32,"c3":0.68,"c4":0.71},{"time":0.4667,"angle":10.39,"curve":0.352,"c2":0.41,"c3":0.689,"c4":0.75},{"time":0.5667,"angle":25.79,"curve":0.369,"c2":0.63,"c3":0.706},{"time":0.8,"angle":-36.01,"curve":0.25,"c3":0.75},{"time":1.0667,"angle":-3.97}]},"body12":{"rotate":[{"angle":-10.39,"curve":0.312,"c2":0.27,"c3":0.674,"c4":0.69},{"time":0.1333,"angle":-26.4,"curve":0.382,"c2":0.58,"c3":0.734},{"time":0.2667,"angle":29.11,"curve":0.263,"c3":0.618,"c4":0.43},{"time":0.3667,"angle":35.45,"curve":0.328,"c2":0.32,"c3":0.68,"c4":0.71},{"time":0.4667,"angle":29.81,"curve":0.352,"c2":0.41,"c3":0.689,"c4":0.75},{"time":0.5667,"angle":28.94,"curve":0.369,"c2":0.63,"c3":0.706},{"time":0.8,"angle":-40.82,"curve":0.25,"c3":0.75},{"time":1.0667,"angle":-8.79}]},"body13":{"rotate":[{"angle":-10.39,"curve":0.312,"c2":0.27,"c3":0.674,"c4":0.69},{"time":0.1333,"angle":-26.4,"curve":0.382,"c2":0.58,"c3":0.734},{"time":0.2667,"angle":29.11,"curve":0.263,"c3":0.618,"c4":0.43},{"time":0.3667,"angle":35.45,"curve":0.328,"c2":0.32,"c3":0.68,"c4":0.71},{"time":0.4667,"angle":29.81,"curve":0.352,"c2":0.41,"c3":0.689,"c4":0.75},{"time":0.5667,"angle":28.94,"curve":0.369,"c2":0.63,"c3":0.706},{"time":0.8,"angle":-40.82,"curve":0.25,"c3":0.75},{"time":1.0667,"angle":-8.79}]},"left_hand_3":{"rotate":[{"angle":-9.32,"curve":0.375,"c2":0.62,"c3":0.716},{"time":0.1,"angle":-11.43,"curve":0.25,"c3":0.75},{"time":0.6,"angle":4.8,"curve":0.243,"c3":0.68,"c4":0.71},{"time":1,"angle":-9.32}]},"right_hand_3":{"rotate":[{"angle":-9.32,"curve":0.375,"c2":0.62,"c3":0.716},{"time":0.1,"angle":-11.43,"curve":0.25,"c3":0.75},{"time":0.6,"angle":4.8,"curve":0.243,"c3":0.68,"c4":0.71},{"time":1,"angle":-9.32}]},"right_hand_1":{"rotate":[{"angle":-11.43,"curve":0.25,"c3":0.75},{"time":0.5,"angle":4.8,"curve":0.258,"c3":0.619,"c4":0.45},{"time":0.7,"angle":23.45,"curve":0.331,"c2":0.33,"c3":0.665,"c4":0.66},{"time":0.7333,"angle":106.23,"curve":0.336,"c2":0.34,"c3":0.676,"c4":0.69},{"time":0.8333,"angle":83.13,"curve":0.347,"c2":0.38,"c3":0.683,"c4":0.73},{"time":0.9667,"angle":103.34}]},"left_hand_1":{"rotate":[{"angle":-11.43,"curve":0.25,"c3":0.75},{"time":0.5,"angle":4.8,"curve":0.258,"c3":0.619,"c4":0.45},{"time":0.7,"angle":23.45,"curve":0.331,"c2":0.33,"c3":0.665,"c4":0.66},{"time":0.7333,"angle":106.23,"curve":0.336,"c2":0.34,"c3":0.676,"c4":0.69},{"time":0.8333,"angle":83.13,"curve":0.347,"c2":0.38,"c3":0.683,"c4":0.73},{"time":0.9667,"angle":103.34}]},"right_hand_4":{"rotate":[{"angle":-5.52,"curve":0.349,"c2":0.39,"c3":0.689,"c4":0.74},{"time":0.1,"angle":-9.32,"curve":0.375,"c2":0.62,"c3":0.716},{"time":0.2,"angle":-11.43,"curve":0.25,"c3":0.75},{"time":0.7,"angle":4.8,"curve":0.245,"c3":0.637,"c4":0.56},{"time":1,"angle":-5.52}]},"left_hand_4":{"rotate":[{"angle":-5.52,"curve":0.349,"c2":0.39,"c3":0.689,"c4":0.74},{"time":0.1,"angle":-9.32,"curve":0.375,"c2":0.62,"c3":0.716},{"time":0.2,"angle":-11.43,"curve":0.25,"c3":0.75},{"time":0.7,"angle":4.8,"curve":0.245,"c3":0.637,"c4":0.56},{"time":1,"angle":-5.52}]},"right_leg_6":{"rotate":[{"time":0.6,"curve":0.25,"c3":0.75},{"time":0.7333,"angle":-169.13}],"translate":[{"time":0.6,"curve":0.25,"c3":0.75},{"time":0.6667,"x":-7.9,"y":24.41,"curve":0.25,"c3":0.75},{"time":0.7667,"x":-36.67,"y":-10.25}]},"left_leg_5":{"rotate":[{"time":0.6,"curve":0.25,"c3":0.75},{"time":0.7333,"angle":-169.13}],"translate":[{"time":0.6,"curve":0.25,"c3":0.75},{"time":0.6667,"x":-8.44,"y":24.23,"curve":0.25,"c3":0.75},{"time":0.7667,"x":-36.44,"y":-11.06}]},"hamduoi":{"rotate":[{"time":0.5,"curve":0.245,"c3":0.637,"c4":0.56},{"time":0.7,"angle":-44.23,"curve":0.381,"c2":0.55,"c3":0.742},{"time":0.8333,"angle":-25.05,"curve":0.25,"c3":0.75},{"time":1.0333,"angle":-6.77}]},"shadiow":{"translate":[{"time":0.7667,"curve":0.25,"c3":0.75},{"time":0.9,"x":106.39}],"scale":[{"time":0.7667,"curve":0.25,"c3":0.75},{"time":0.9,"x":3.139}]}}},"idle":{"slots":{"eye":{"attachment":[{"time":1,"name":"eye_close"},{"time":1.1,"name":"eye"}]}},"bones":{"body":{"translate":[{"curve":0.25,"c3":0.75},{"time":0.5,"x":1.24,"y":-16.96,"curve":0.25,"c3":0.75},{"time":1,"curve":0.25,"c3":0.75},{"time":1.5,"x":1.24,"y":-16.96,"curve":0.25,"c3":0.75},{"time":2}]},"right_leg_1":{"rotate":[{"curve":0.25,"c3":0.75},{"time":0.5,"angle":7.97,"curve":0.25,"c3":0.75},{"time":1,"curve":0.25,"c3":0.75},{"time":1.5,"angle":7.97,"curve":0.25,"c3":0.75},{"time":2}]},"left_leg_1":{"rotate":[{"curve":0.25,"c3":0.75},{"time":0.5,"angle":7.97,"curve":0.25,"c3":0.75},{"time":1,"curve":0.25,"c3":0.75},{"time":1.5,"angle":7.97,"curve":0.25,"c3":0.75},{"time":2}]},"body2":{"rotate":[{"angle":2.07,"curve":0.375,"c2":0.62,"c3":0.716},{"time":0.1,"angle":2.92,"curve":0.243,"c3":0.68,"c4":0.71},{"time":0.5,"angle":-2.77,"curve":0.375,"c2":0.62,"c3":0.716},{"time":0.6,"angle":-3.63,"curve":0.243,"c3":0.68,"c4":0.71},{"time":1,"angle":2.07,"curve":0.375,"c2":0.62,"c3":0.716},{"time":1.1,"angle":2.92,"curve":0.243,"c3":0.68,"c4":0.71},{"time":1.5,"angle":-2.77,"curve":0.375,"c2":0.62,"c3":0.716},{"time":1.6,"angle":-3.63,"curve":0.243,"c3":0.68,"c4":0.71},{"time":2,"angle":2.07}]},"body3":{"rotate":[{"angle":0.51,"curve":0.381,"c2":0.55,"c3":0.742},{"time":0.2,"angle":2.92,"curve":0.245,"c3":0.637,"c4":0.56},{"time":0.5,"angle":-1.24,"curve":0.349,"c2":0.39,"c3":0.689,"c4":0.74},{"time":0.6,"angle":-2.77,"curve":0.375,"c2":0.62,"c3":0.716},{"time":0.7,"angle":-3.63,"curve":0.245,"c3":0.637,"c4":0.56},{"time":1,"angle":0.51,"curve":0.381,"c2":0.55,"c3":0.742},{"time":1.2,"angle":2.92,"curve":0.245,"c3":0.637,"c4":0.56},{"time":1.5,"angle":-1.24,"curve":0.349,"c2":0.39,"c3":0.689,"c4":0.74},{"time":1.6,"angle":-2.77,"curve":0.375,"c2":0.62,"c3":0.716},{"time":1.7,"angle":-3.63,"curve":0.245,"c3":0.637,"c4":0.56},{"time":2,"angle":0.51}]},"body4":{"rotate":[{"angle":-1.22,"curve":0.363,"c2":0.44,"c3":0.755},{"time":0.3,"angle":2.92,"curve":0.258,"c3":0.619,"c4":0.45},{"time":0.5,"angle":0.49,"curve":0.33,"c2":0.32,"c3":0.67,"c4":0.68},{"time":0.6,"angle":-1.24,"curve":0.349,"c2":0.39,"c3":0.689,"c4":0.74},{"time":0.7,"angle":-2.77,"curve":0.375,"c2":0.62,"c3":0.716},{"time":0.8,"angle":-3.63,"curve":0.258,"c3":0.619,"c4":0.45},{"time":1,"angle":-1.22,"curve":0.363,"c2":0.44,"c3":0.755},{"time":1.3,"angle":2.92,"curve":0.258,"c3":0.619,"c4":0.45},{"time":1.5,"angle":0.49,"curve":0.33,"c2":0.32,"c3":0.67,"c4":0.68},{"time":1.6,"angle":-1.24,"curve":0.349,"c2":0.39,"c3":0.689,"c4":0.74},{"time":1.7,"angle":-2.77,"curve":0.375,"c2":0.62,"c3":0.716},{"time":1.8,"angle":-3.63,"curve":0.258,"c3":0.619,"c4":0.45},{"time":2,"angle":-1.22}]},"body5":{"rotate":[{"angle":-2.77,"curve":0.32,"c2":0.29,"c3":0.757},{"time":0.4,"angle":2.92,"curve":0.284,"c3":0.625,"c4":0.38},{"time":0.5,"angle":2.07,"curve":0.311,"c2":0.26,"c3":0.651,"c4":0.61},{"time":0.6,"angle":0.49,"curve":0.33,"c2":0.32,"c3":0.67,"c4":0.68},{"time":0.7,"angle":-1.24,"curve":0.349,"c2":0.39,"c3":0.689,"c4":0.74},{"time":0.8,"angle":-2.77,"curve":0.375,"c2":0.62,"c3":0.716},{"time":0.9,"angle":-3.63,"curve":0.284,"c3":0.625,"c4":0.38},{"time":1,"angle":-2.77,"curve":0.32,"c2":0.29,"c3":0.757},{"time":1.4,"angle":2.92,"curve":0.284,"c3":0.625,"c4":0.38},{"time":1.5,"angle":2.07,"curve":0.311,"c2":0.26,"c3":0.651,"c4":0.61},{"time":1.6,"angle":0.49,"curve":0.33,"c2":0.32,"c3":0.67,"c4":0.68},{"time":1.7,"angle":-1.24,"curve":0.349,"c2":0.39,"c3":0.689,"c4":0.74},{"time":1.8,"angle":-2.77,"curve":0.375,"c2":0.62,"c3":0.716},{"time":1.9,"angle":-3.63,"curve":0.284,"c3":0.625,"c4":0.38},{"time":2,"angle":-2.77}]},"head":{"rotate":[{"angle":-2.77,"curve":0.32,"c2":0.29,"c3":0.757},{"time":0.4,"angle":2.92,"curve":0.284,"c3":0.625,"c4":0.38},{"time":0.5,"angle":2.07,"curve":0.311,"c2":0.26,"c3":0.651,"c4":0.61},{"time":0.6,"angle":0.49,"curve":0.33,"c2":0.32,"c3":0.67,"c4":0.68},{"time":0.7,"angle":-1.24,"curve":0.349,"c2":0.39,"c3":0.689,"c4":0.74},{"time":0.8,"angle":-2.77,"curve":0.375,"c2":0.62,"c3":0.716},{"time":0.9,"angle":-3.63,"curve":0.284,"c3":0.625,"c4":0.38},{"time":1,"angle":-2.77,"curve":0.32,"c2":0.29,"c3":0.757},{"time":1.4,"angle":2.92,"curve":0.284,"c3":0.625,"c4":0.38},{"time":1.5,"angle":2.07,"curve":0.311,"c2":0.26,"c3":0.651,"c4":0.61},{"time":1.6,"angle":0.49,"curve":0.33,"c2":0.32,"c3":0.67,"c4":0.68},{"time":1.7,"angle":-1.24,"curve":0.349,"c2":0.39,"c3":0.689,"c4":0.74},{"time":1.8,"angle":-2.77,"curve":0.375,"c2":0.62,"c3":0.716},{"time":1.9,"angle":-3.63,"curve":0.284,"c3":0.625,"c4":0.38},{"time":2,"angle":-2.77}]},"body6":{"rotate":[{"angle":4.61,"curve":0.348,"c2":0.66,"c3":0.682},{"time":0.0333,"angle":4.89,"curve":0.25,"c3":0.75},{"time":0.5333,"angle":-11.26,"curve":0.247,"c3":0.729,"c4":0.91},{"time":1,"angle":4.61,"curve":0.348,"c2":0.66,"c3":0.682},{"time":1.0333,"angle":4.89,"curve":0.25,"c3":0.75},{"time":1.5333,"angle":-11.26,"curve":0.247,"c3":0.729,"c4":0.91},{"time":2,"angle":4.61}]},"body7":{"rotate":[{"angle":3.13,"curve":0.379,"c2":0.6,"c3":0.724},{"time":0.1333,"angle":-1.26,"curve":0.243,"c3":0.68,"c4":0.71},{"time":0.5333,"angle":-3.42,"curve":0.351,"c2":0.42,"c3":0.686,"c4":0.76},{"time":0.5667,"angle":-4.22,"curve":0.36,"c2":0.64,"c3":0.695},{"time":0.6333,"angle":-4.63,"curve":0.242,"c3":0.667,"c4":0.67},{"time":1,"angle":3.13,"curve":0.379,"c2":0.6,"c3":0.724},{"time":1.1333,"angle":-4.33,"curve":0.243,"c3":0.68,"c4":0.71},{"time":1.5333,"angle":-3.42,"curve":0.351,"c2":0.42,"c3":0.686,"c4":0.76},{"time":1.5667,"angle":-4.22,"curve":0.36,"c2":0.64,"c3":0.695},{"time":1.6333,"angle":-4.63,"curve":0.242,"c3":0.667,"c4":0.67},{"time":2,"angle":3.13}]},"body8":{"rotate":[{"angle":1.99,"curve":0.382,"c2":0.57,"c3":0.737},{"time":0.1667,"angle":4.89,"curve":0.243,"c3":0.655,"c4":0.62},{"time":0.5333,"angle":-2.37,"curve":0.345,"c2":0.38,"c3":0.68,"c4":0.71},{"time":0.5667,"angle":-3.42,"curve":0.351,"c2":0.42,"c3":0.686,"c4":0.76},{"time":0.6333,"angle":-4.22,"curve":0.36,"c2":0.64,"c3":0.695},{"time":0.6667,"angle":-4.63,"curve":0.244,"c3":0.646,"c4":0.59},{"time":1,"angle":1.99,"curve":0.382,"c2":0.57,"c3":0.737},{"time":1.1667,"angle":4.89,"curve":0.243,"c3":0.655,"c4":0.62},{"time":1.5333,"angle":-2.37,"curve":0.345,"c2":0.38,"c3":0.68,"c4":0.71},{"time":1.5667,"angle":-3.42,"curve":0.351,"c2":0.42,"c3":0.686,"c4":0.76},{"time":1.6333,"angle":-4.22,"curve":0.36,"c2":0.64,"c3":0.695},{"time":1.6667,"angle":-4.63,"curve":0.244,"c3":0.646,"c4":0.59},{"time":2,"angle":1.99}]},"body9":{"rotate":[{"angle":4.91,"curve":0.379,"c2":0.52,"c3":0.747},{"time":0.2333,"angle":12.91,"curve":0.245,"c3":0.637,"c4":0.56},{"time":0.5333,"angle":-3.27,"curve":0.339,"c2":0.35,"c3":0.674,"c4":0.69},{"time":0.5667,"angle":-8.29,"curve":0.345,"c2":0.38,"c3":0.68,"c4":0.71},{"time":0.6333,"angle":-12.7,"curve":0.351,"c2":0.42,"c3":0.686,"c4":0.76},{"time":0.6667,"angle":-2.5,"curve":0.36,"c2":0.64,"c3":0.695},{"time":0.7667,"angle":0.36,"curve":0.271,"c2":0.11,"c3":0.641,"c4":0.58},{"time":1,"angle":4.91,"curve":0.379,"c2":0.52,"c3":0.747},{"time":1.2333,"angle":12.91,"curve":0.245,"c3":0.637,"c4":0.56},{"time":1.5333,"angle":-3.27,"curve":0.339,"c2":0.35,"c3":0.674,"c4":0.69},{"time":1.5667,"angle":-8.29,"curve":0.345,"c2":0.38,"c3":0.68,"c4":0.71},{"time":1.6333,"angle":-12.7,"curve":0.351,"c2":0.42,"c3":0.686,"c4":0.76},{"time":1.6667,"angle":-2.5,"curve":0.36,"c2":0.64,"c3":0.695},{"time":1.7667,"angle":0.36,"curve":0.271,"c2":0.11,"c3":0.641,"c4":0.58},{"time":2,"angle":4.91}]},"body10":{"rotate":[{"angle":-0.39,"curve":0.37,"c2":0.47,"c3":0.753},{"time":0.2667,"angle":8.84,"curve":0.25,"c3":0.625,"c4":0.5},{"time":0.5333,"angle":2.05,"curve":0.335,"c2":0.34,"c3":0.67,"c4":0.68},{"time":0.5667,"angle":-3.27,"curve":0.339,"c2":0.35,"c3":0.674,"c4":0.69},{"time":0.6333,"angle":-8.29,"curve":0.345,"c2":0.38,"c3":0.68,"c4":0.71},{"time":0.6667,"angle":-9.56,"curve":0.351,"c2":0.42,"c3":0.686,"c4":0.76},{"time":0.7333,"angle":-4,"curve":0.36,"c2":0.64,"c3":0.695},{"time":1,"angle":-0.39,"curve":0.37,"c2":0.47,"c3":0.753},{"time":1.2667,"angle":8.84,"curve":0.25,"c3":0.625,"c4":0.5},{"time":1.5333,"angle":2.05,"curve":0.335,"c2":0.34,"c3":0.67,"c4":0.68},{"time":1.5667,"angle":-3.27,"curve":0.339,"c2":0.35,"c3":0.674,"c4":0.69},{"time":1.6333,"angle":-8.29,"curve":0.345,"c2":0.38,"c3":0.68,"c4":0.71},{"time":1.6667,"angle":-9.56,"curve":0.351,"c2":0.42,"c3":0.686,"c4":0.76},{"time":1.7333,"angle":-4,"curve":0.36,"c2":0.64,"c3":0.695},{"time":2,"angle":-0.39}]},"body11":{"rotate":[{"angle":-5.57,"curve":0.354,"c2":0.41,"c3":0.756},{"time":0.3333,"angle":11.66,"curve":0.258,"c3":0.619,"c4":0.45},{"time":0.5333,"angle":7.41,"curve":0.33,"c2":0.32,"c3":0.665,"c4":0.66},{"time":0.5667,"angle":2.05,"curve":0.335,"c2":0.34,"c3":0.67,"c4":0.68},{"time":0.6667,"angle":-1.88,"curve":0.345,"c2":0.38,"c3":0.68,"c4":0.71},{"time":0.7333,"angle":-12.7,"curve":0.351,"c2":0.42,"c3":0.686,"c4":0.76},{"time":0.8333,"angle":-17.78,"curve":0.263,"c3":0.618,"c4":0.43},{"time":1,"angle":-5.57,"curve":0.354,"c2":0.41,"c3":0.756},{"time":1.3333,"angle":11.66,"curve":0.258,"c3":0.619,"c4":0.45},{"time":1.5333,"angle":7.41,"curve":0.33,"c2":0.32,"c3":0.665,"c4":0.66},{"time":1.5667,"angle":2.05,"curve":0.335,"c2":0.34,"c3":0.67,"c4":0.68},{"time":1.6667,"angle":-1.88,"curve":0.345,"c2":0.38,"c3":0.68,"c4":0.71},{"time":1.7333,"angle":-12.7,"curve":0.351,"c2":0.42,"c3":0.686,"c4":0.76},{"time":1.8333,"angle":-17.78,"curve":0.263,"c3":0.618,"c4":0.43},{"time":2,"angle":-5.57}]},"body12":{"rotate":[{"angle":-10.39,"curve":0.333,"c2":0.33,"c3":0.758},{"time":0.3667,"angle":14.94,"curve":0.269,"c3":0.618,"c4":0.42},{"time":0.5333,"angle":12.55,"curve":0.326,"c2":0.31,"c3":0.661,"c4":0.65},{"time":0.5667,"angle":7.41,"curve":0.33,"c2":0.32,"c3":0.665,"c4":0.66},{"time":0.6333,"angle":2.05,"curve":0.335,"c2":0.34,"c3":0.67,"c4":0.68},{"time":0.6667,"angle":-3.27,"curve":0.339,"c2":0.35,"c3":0.674,"c4":0.69},{"time":0.7333,"angle":-8.29,"curve":0.345,"c2":0.38,"c3":0.68,"c4":0.71},{"time":0.7667,"angle":-4.08,"curve":0.351,"c2":0.42,"c3":0.686,"c4":0.76},{"time":0.8333,"angle":-16.08,"curve":0.36,"c2":0.64,"c3":0.695},{"time":0.8667,"angle":-17.78,"curve":0.276,"c3":0.621,"c4":0.4},{"time":1,"angle":-10.39,"curve":0.333,"c2":0.33,"c3":0.758},{"time":1.3667,"angle":14.94,"curve":0.269,"c3":0.618,"c4":0.42},{"time":1.5333,"angle":12.55,"curve":0.326,"c2":0.31,"c3":0.661,"c4":0.65},{"time":1.5667,"angle":7.41,"curve":0.33,"c2":0.32,"c3":0.665,"c4":0.66},{"time":1.6333,"angle":2.05,"curve":0.335,"c2":0.34,"c3":0.67,"c4":0.68},{"time":1.6667,"angle":-3.27,"curve":0.339,"c2":0.35,"c3":0.674,"c4":0.69},{"time":1.7333,"angle":-8.29,"curve":0.345,"c2":0.38,"c3":0.68,"c4":0.71},{"time":1.7667,"angle":-4.08,"curve":0.351,"c2":0.42,"c3":0.686,"c4":0.76},{"time":1.8333,"angle":-16.08,"curve":0.36,"c2":0.64,"c3":0.695},{"time":1.8667,"angle":-17.78,"curve":0.276,"c3":0.621,"c4":0.4},{"time":2,"angle":-10.39}]},"body13":{"rotate":[{"angle":-10.39,"curve":0.333,"c2":0.33,"c3":0.758},{"time":0.3667,"angle":22.31,"curve":0.269,"c3":0.618,"c4":0.42},{"time":0.5333,"angle":12.55,"curve":0.326,"c2":0.31,"c3":0.661,"c4":0.65},{"time":0.5667,"angle":7.41,"curve":0.33,"c2":0.32,"c3":0.665,"c4":0.66},{"time":0.6333,"angle":2.05,"curve":0.335,"c2":0.34,"c3":0.67,"c4":0.68},{"time":0.6667,"angle":-3.27,"curve":0.339,"c2":0.35,"c3":0.674,"c4":0.69},{"time":0.7333,"angle":-8.29,"curve":0.345,"c2":0.38,"c3":0.68,"c4":0.71},{"time":0.7667,"angle":-12.7,"curve":0.351,"c2":0.42,"c3":0.686,"c4":0.76},{"time":0.8333,"angle":-16.08,"curve":0.36,"c2":0.64,"c3":0.695},{"time":0.8667,"angle":-17.78,"curve":0.276,"c3":0.621,"c4":0.4},{"time":1,"angle":-10.39,"curve":0.333,"c2":0.33,"c3":0.758},{"time":1.3667,"angle":22.31,"curve":0.269,"c3":0.618,"c4":0.42},{"time":1.5333,"angle":12.55,"curve":0.326,"c2":0.31,"c3":0.661,"c4":0.65},{"time":1.5667,"angle":7.41,"curve":0.33,"c2":0.32,"c3":0.665,"c4":0.66},{"time":1.6333,"angle":2.05,"curve":0.335,"c2":0.34,"c3":0.67,"c4":0.68},{"time":1.6667,"angle":-3.27,"curve":0.339,"c2":0.35,"c3":0.674,"c4":0.69},{"time":1.7333,"angle":-8.29,"curve":0.345,"c2":0.38,"c3":0.68,"c4":0.71},{"time":1.7667,"angle":-12.7,"curve":0.351,"c2":0.42,"c3":0.686,"c4":0.76},{"time":1.8333,"angle":-16.08,"curve":0.36,"c2":0.64,"c3":0.695},{"time":1.8667,"angle":-17.78,"curve":0.276,"c3":0.621,"c4":0.4},{"time":2,"angle":-10.39}]},"right_hand_1":{"rotate":[{"angle":-11.43,"curve":0.25,"c3":0.75},{"time":0.5,"angle":4.8,"curve":0.25,"c3":0.75},{"time":1,"angle":-11.43,"curve":0.25,"c3":0.75},{"time":1.5,"angle":4.8,"curve":0.25,"c3":0.75},{"time":2,"angle":-11.43}]},"right_hand_3":{"rotate":[{"angle":-9.32,"curve":0.375,"c2":0.62,"c3":0.716},{"time":0.1,"angle":-11.43,"curve":0.25,"c3":0.75},{"time":0.6,"angle":4.8,"curve":0.243,"c3":0.68,"c4":0.71},{"time":1,"angle":-9.32,"curve":0.375,"c2":0.62,"c3":0.716},{"time":1.1,"angle":-11.43,"curve":0.25,"c3":0.75},{"time":1.6,"angle":4.8,"curve":0.243,"c3":0.68,"c4":0.71},{"time":2,"angle":-9.32}]},"right_hand_4":{"rotate":[{"angle":-5.52,"curve":0.349,"c2":0.39,"c3":0.689,"c4":0.74},{"time":0.1,"angle":-9.32,"curve":0.375,"c2":0.62,"c3":0.716},{"time":0.2,"angle":-11.43,"curve":0.25,"c3":0.75},{"time":0.7,"angle":4.8,"curve":0.245,"c3":0.637,"c4":0.56},{"time":1,"angle":-5.52,"curve":0.349,"c2":0.39,"c3":0.689,"c4":0.74},{"time":1.1,"angle":-9.32,"curve":0.375,"c2":0.62,"c3":0.716},{"time":1.2,"angle":-11.43,"curve":0.25,"c3":0.75},{"time":1.7,"angle":4.8,"curve":0.245,"c3":0.637,"c4":0.56},{"time":2,"angle":-5.52}]},"left_hand_1":{"rotate":[{"angle":-11.43,"curve":0.25,"c3":0.75},{"time":0.5,"angle":4.8,"curve":0.25,"c3":0.75},{"time":1,"angle":-11.43,"curve":0.25,"c3":0.75},{"time":1.5,"angle":4.8,"curve":0.25,"c3":0.75},{"time":2,"angle":-11.43}]},"left_hand_3":{"rotate":[{"angle":-9.32,"curve":0.375,"c2":0.62,"c3":0.716},{"time":0.1,"angle":-11.43,"curve":0.25,"c3":0.75},{"time":0.6,"angle":4.8,"curve":0.243,"c3":0.68,"c4":0.71},{"time":1,"angle":-9.32,"curve":0.375,"c2":0.62,"c3":0.716},{"time":1.1,"angle":-11.43,"curve":0.25,"c3":0.75},{"time":1.6,"angle":4.8,"curve":0.243,"c3":0.68,"c4":0.71},{"time":2,"angle":-9.32}]},"left_hand_4":{"rotate":[{"angle":-5.52,"curve":0.349,"c2":0.39,"c3":0.689,"c4":0.74},{"time":0.1,"angle":-9.32,"curve":0.375,"c2":0.62,"c3":0.716},{"time":0.2,"angle":-11.43,"curve":0.25,"c3":0.75},{"time":0.7,"angle":4.8,"curve":0.245,"c3":0.637,"c4":0.56},{"time":1,"angle":-5.52,"curve":0.349,"c2":0.39,"c3":0.689,"c4":0.74},{"time":1.1,"angle":-9.32,"curve":0.375,"c2":0.62,"c3":0.716},{"time":1.2,"angle":-11.43,"curve":0.25,"c3":0.75},{"time":1.7,"angle":4.8,"curve":0.245,"c3":0.637,"c4":0.56},{"time":2,"angle":-5.52}]},"hamduoi":{"rotate":[{"curve":0.25,"c3":0.75},{"time":0.5,"angle":-6.69,"curve":0.25,"c3":0.75},{"time":1,"curve":0.25,"c3":0.75},{"time":1.5,"angle":-6.69,"curve":0.25,"c3":0.75},{"time":2}]},"shadiow":{"scale":[{"curve":0.25,"c3":0.75},{"time":0.5,"x":1.062,"y":1.062,"curve":0.25,"c3":0.75},{"time":1,"curve":0.25,"c3":0.75},{"time":1.5,"x":1.062,"y":1.062,"curve":0.25,"c3":0.75},{"time":2}]}}},"run":{"bones":{"body":{"translate":[{"x":-2.57,"y":-6.95,"curve":0.375,"c2":0.5,"c3":0.75},{"time":0.1,"x":-5.14,"y":-25.24,"curve":0.25,"c3":0.75},{"time":0.3,"y":11.34,"curve":0.25,"c3":0.75},{"time":0.5,"x":-5.14,"y":-25.24,"curve":0.25,"c3":0.75},{"time":0.7,"y":11.34,"curve":0.25,"c3":0.625,"c4":0.5},{"time":0.8,"x":-2.57,"y":-6.95}]},"right_leg_6":{"rotate":[{"angle":-16.79,"curve":0.276,"c3":0.621,"c4":0.4},{"time":0.1,"angle":-34.2,"curve":0.314,"c2":0.27,"c3":0.686,"c4":0.73},{"time":0.3,"angle":20.66,"curve":0.379,"c2":0.6,"c3":0.724},{"time":0.4,"angle":0.17,"curve":0.25,"c3":0.75},{"time":0.7,"curve":0.25,"c3":0.75},{"time":0.8,"angle":-16.79}],"translate":[{"x":-60.43,"y":25.14,"curve":0.276,"c3":0.621,"c4":0.4},{"time":0.1,"x":-5.74,"y":28.82,"curve":0.314,"c2":0.27,"c3":0.686,"c4":0.73},{"time":0.3,"x":81.17,"y":30.08,"curve":0.379,"c2":0.6,"c3":0.724},{"time":0.4,"x":95.94,"y":12.55,"curve":0.242,"c3":0.667,"c4":0.67},{"time":0.7,"x":-28.65,"y":7.13,"curve":0.379,"c2":0.6,"c3":0.724},{"time":0.8,"x":-60.43,"y":25.14}]},"left_leg_5":{"rotate":[{"time":0.3333,"curve":0.25,"c3":0.75},{"time":0.4,"angle":-23.02,"curve":0.25,"c3":0.75},{"time":0.5333,"angle":-38.39,"curve":0.244,"c3":0.641,"c4":0.57},{"time":0.7,"angle":20.33,"curve":0.382,"c2":0.56,"c3":0.74},{"time":0.8}],"translate":[{"x":64.21,"y":-8.12,"curve":0.243,"c3":0.689,"c4":0.75},{"time":0.3333,"x":-43.15,"y":-7.45,"curve":0.371,"c2":0.62,"c3":0.71},{"time":0.4,"x":-64.91,"y":11.41,"curve":0.265,"c3":0.618,"c4":0.43},{"time":0.5333,"x":-11.91,"y":31.92,"curve":0.328,"c2":0.32,"c3":0.688,"c4":0.73},{"time":0.7,"x":51.86,"y":25.23,"curve":0.379,"c2":0.6,"c3":0.724},{"time":0.8,"x":64.21,"y":-8.12}]},"left_leg_1":{"rotate":[{"angle":12.31,"curve":0.25,"c3":0.75},{"time":0.4,"angle":-22.97,"curve":0.25,"c3":0.75},{"time":0.8,"angle":12.31}]},"right_leg_1":{"rotate":[{"angle":-19.06,"curve":0.265,"c3":0.618,"c4":0.43},{"time":0.1333,"angle":30.71,"curve":0.351,"c2":0.4,"c3":0.757},{"time":0.4,"angle":38.45,"curve":0.25,"c3":0.75},{"time":0.8,"angle":-19.06}]},"body7":{"rotate":[{"angle":-1.9,"curve":0.328,"c2":0.32,"c3":0.688,"c4":0.73},{"time":0.1667,"angle":3.13,"curve":0.379,"c2":0.6,"c3":0.724},{"time":0.2667,"angle":4.89,"curve":0.243,"c3":0.68,"c4":0.71},{"time":0.6,"angle":-4.22,"curve":0.36,"c2":0.64,"c3":0.695},{"time":0.6667,"angle":-4.63,"curve":0.265,"c3":0.618,"c4":0.43},{"time":0.8,"angle":-1.9}]},"body6":{"rotate":[{"angle":-2.76,"curve":0.368,"c2":0.46,"c3":0.731,"c4":0.91},{"time":0.1667,"angle":4.61,"curve":0.348,"c2":0.66,"c3":0.682},{"time":0.2,"angle":4.89,"curve":0.25,"c3":0.75},{"time":0.6,"angle":-11.26,"curve":0.249,"c3":0.627,"c4":0.51},{"time":0.8,"angle":-2.76}]},"body8":{"rotate":[{"angle":-2.94,"curve":0.311,"c2":0.26,"c3":0.669,"c4":0.68},{"time":0.1667,"angle":1.99,"curve":0.382,"c2":0.57,"c3":0.737},{"time":0.3,"angle":4.89,"curve":0.243,"c3":0.655,"c4":0.62},{"time":0.6,"angle":-3.42,"curve":0.351,"c2":0.42,"c3":0.686,"c4":0.76},{"time":0.6667,"angle":-4.22,"curve":0.36,"c2":0.64,"c3":0.695},{"time":0.7,"angle":-4.63,"curve":0.277,"c3":0.621,"c4":0.4},{"time":0.8,"angle":-2.94}]},"body10":{"rotate":[{"angle":-16.83,"curve":0.278,"c2":0.13,"c3":0.635,"c4":0.55},{"time":0.1667,"angle":-0.39,"curve":0.37,"c2":0.47,"c3":0.753},{"time":0.3667,"angle":22.31,"curve":0.25,"c3":0.625,"c4":0.5},{"time":0.6,"angle":-3.27,"curve":0.339,"c2":0.35,"c3":0.674,"c4":0.69},{"time":0.6667,"angle":-8.29,"curve":0.345,"c2":0.38,"c3":0.68,"c4":0.71},{"time":0.7,"angle":-12.7,"curve":0.351,"c2":0.42,"c3":0.686,"c4":0.76},{"time":0.7333,"angle":-16.08,"curve":0.36,"c2":0.64,"c3":0.695},{"time":0.7667,"angle":-17.78,"curve":0.311,"c3":0.646,"c4":0.35},{"time":0.8,"angle":-16.83}]},"body12":{"rotate":[{"angle":-15.52,"curve":0.343,"c2":0.39,"c3":0.677,"c4":0.73},{"time":0.0333,"angle":-17.78,"curve":0.276,"c3":0.621,"c4":0.4},{"time":0.1667,"angle":-10.39,"curve":0.333,"c2":0.33,"c3":0.758},{"time":0.4667,"angle":22.31,"curve":0.269,"c3":0.618,"c4":0.42},{"time":0.6,"angle":7.41,"curve":0.33,"c2":0.32,"c3":0.665,"c4":0.66},{"time":0.6667,"angle":2.05,"curve":0.335,"c2":0.34,"c3":0.67,"c4":0.68},{"time":0.7,"angle":-3.27,"curve":0.339,"c2":0.35,"c3":0.674,"c4":0.69},{"time":0.7333,"angle":-8.29,"curve":0.345,"c2":0.38,"c3":0.68,"c4":0.71},{"time":0.7667,"angle":-12.7,"curve":0.342,"c2":0.37,"c3":0.675,"c4":0.71},{"time":0.8,"angle":-15.52}]},"body11":{"rotate":[{"angle":-17.3,"curve":0.348,"c2":0.66,"c3":0.682},{"time":0.0333,"angle":-17.78,"curve":0.263,"c3":0.618,"c4":0.43},{"time":0.1667,"angle":-5.57,"curve":0.354,"c2":0.41,"c3":0.756},{"time":0.4333,"angle":22.31,"curve":0.258,"c3":0.619,"c4":0.45},{"time":0.6,"angle":2.05,"curve":0.335,"c2":0.34,"c3":0.67,"c4":0.68},{"time":0.6667,"angle":-3.27,"curve":0.339,"c2":0.35,"c3":0.674,"c4":0.69},{"time":0.7,"angle":-8.29,"curve":0.345,"c2":0.38,"c3":0.68,"c4":0.71},{"time":0.7333,"angle":-12.7,"curve":0.351,"c2":0.42,"c3":0.686,"c4":0.76},{"time":0.7667,"angle":-16.08,"curve":0.346,"c2":0.43,"c3":0.679,"c4":0.77},{"time":0.8,"angle":-17.3}]},"body9":{"rotate":[{"angle":-14.28,"curve":0.295,"c2":0.2,"c3":0.652,"c4":0.62},{"time":0.1667,"angle":4.91,"curve":0.379,"c2":0.52,"c3":0.747},{"time":0.3333,"angle":22.31,"curve":0.245,"c3":0.637,"c4":0.56},{"time":0.6,"angle":-8.29,"curve":0.345,"c2":0.38,"c3":0.68,"c4":0.71},{"time":0.6667,"angle":-12.7,"curve":0.351,"c2":0.42,"c3":0.686,"c4":0.76},{"time":0.7,"angle":-16.08,"curve":0.36,"c2":0.64,"c3":0.695},{"time":0.7333,"angle":-17.78,"curve":0.292,"c3":0.63,"c4":0.37},{"time":0.8,"angle":-14.28}]},"body13":{"rotate":[{"angle":-15.52,"curve":0.343,"c2":0.39,"c3":0.677,"c4":0.73},{"time":0.0333,"angle":-17.78,"curve":0.276,"c3":0.621,"c4":0.4},{"time":0.1667,"angle":-10.39,"curve":0.333,"c2":0.33,"c3":0.758},{"time":0.4667,"angle":22.31,"curve":0.269,"c3":0.618,"c4":0.42},{"time":0.6,"angle":7.41,"curve":0.33,"c2":0.32,"c3":0.665,"c4":0.66},{"time":0.6667,"angle":2.05,"curve":0.335,"c2":0.34,"c3":0.67,"c4":0.68},{"time":0.7,"angle":-3.27,"curve":0.339,"c2":0.35,"c3":0.674,"c4":0.69},{"time":0.7333,"angle":-8.29,"curve":0.345,"c2":0.38,"c3":0.68,"c4":0.71},{"time":0.7667,"angle":-12.7,"curve":0.342,"c2":0.37,"c3":0.675,"c4":0.71},{"time":0.8,"angle":-15.52}]},"body3":{"rotate":[{"angle":-2.6,"curve":0.308,"c2":0.25,"c3":0.662,"c4":0.65},{"time":0.1667,"angle":0.51,"curve":0.381,"c2":0.55,"c3":0.742},{"time":0.3333,"angle":2.92,"curve":0.245,"c3":0.637,"c4":0.56},{"time":0.5667,"angle":-1.24,"curve":0.349,"c2":0.39,"c3":0.689,"c4":0.74},{"time":0.6333,"angle":-2.77,"curve":0.375,"c2":0.62,"c3":0.716},{"time":0.7,"angle":-3.63,"curve":0.28,"c3":0.623,"c4":0.39},{"time":0.8,"angle":-2.6}]},"body5":{"rotate":[{"angle":-2.77,"curve":0.375,"c2":0.62,"c3":0.716},{"time":0.0667,"angle":-3.63,"curve":0.284,"c3":0.625,"c4":0.38},{"time":0.1667,"angle":-2.77,"curve":0.32,"c2":0.29,"c3":0.757},{"time":0.4667,"angle":2.92,"curve":0.284,"c3":0.625,"c4":0.38},{"time":0.5667,"angle":2.07,"curve":0.311,"c2":0.26,"c3":0.651,"c4":0.61},{"time":0.6333,"angle":0.49,"curve":0.33,"c2":0.32,"c3":0.67,"c4":0.68},{"time":0.7,"angle":-1.24,"curve":0.349,"c2":0.39,"c3":0.689,"c4":0.74},{"time":0.8,"angle":-2.77}]},"body4":{"rotate":[{"angle":-3.63,"curve":0.258,"c3":0.619,"c4":0.45},{"time":0.1667,"angle":-1.22,"curve":0.363,"c2":0.44,"c3":0.755},{"time":0.4,"angle":2.92,"curve":0.258,"c3":0.619,"c4":0.45},{"time":0.5667,"angle":0.49,"curve":0.33,"c2":0.32,"c3":0.67,"c4":0.68},{"time":0.6333,"angle":-1.24,"curve":0.349,"c2":0.39,"c3":0.689,"c4":0.74},{"time":0.7,"angle":-2.77,"curve":0.375,"c2":0.62,"c3":0.716},{"time":0.8,"angle":-3.63}]},"body2":{"rotate":[{"angle":-1.19,"curve":0.339,"c2":0.35,"c3":0.697,"c4":0.76},{"time":0.1667,"angle":2.07,"curve":0.375,"c2":0.62,"c3":0.716},{"time":0.2333,"angle":2.92,"curve":0.243,"c3":0.68,"c4":0.71},{"time":0.5667,"angle":-2.77,"curve":0.375,"c2":0.62,"c3":0.716},{"time":0.6333,"angle":-3.63,"curve":0.258,"c3":0.619,"c4":0.45},{"time":0.8,"angle":-1.19}]},"head":{"rotate":[{"angle":-2.77,"curve":0.375,"c2":0.62,"c3":0.716},{"time":0.0667,"angle":-3.63,"curve":0.284,"c3":0.625,"c4":0.38},{"time":0.1667,"angle":-2.77,"curve":0.32,"c2":0.29,"c3":0.757},{"time":0.4667,"angle":2.92,"curve":0.284,"c3":0.625,"c4":0.38},{"time":0.5667,"angle":2.07,"curve":0.311,"c2":0.26,"c3":0.651,"c4":0.61},{"time":0.6333,"angle":0.49,"curve":0.33,"c2":0.32,"c3":0.67,"c4":0.68},{"time":0.7,"angle":-1.24,"curve":0.349,"c2":0.39,"c3":0.689,"c4":0.74},{"time":0.8,"angle":-2.77}]},"right_hand_1":{"rotate":[{"angle":62.59,"curve":0.382,"c2":0.57,"c3":0.735},{"time":0.0667,"angle":66.59,"curve":0.25,"c3":0.75},{"time":0.2667,"angle":52.5,"curve":0.25,"c3":0.75},{"time":0.4667,"angle":66.59,"curve":0.25,"c3":0.75},{"time":0.6667,"angle":52.5,"curve":0.243,"c3":0.649,"c4":0.6},{"time":0.8,"angle":62.59}]},"left_hand_1":{"rotate":[{"angle":62.59,"curve":0.382,"c2":0.57,"c3":0.735},{"time":0.0667,"angle":66.59,"curve":0.25,"c3":0.75},{"time":0.2667,"angle":52.5,"curve":0.25,"c3":0.75},{"time":0.4667,"angle":66.59,"curve":0.25,"c3":0.75},{"time":0.6667,"angle":52.5,"curve":0.243,"c3":0.649,"c4":0.6},{"time":0.8,"angle":62.59}]},"right_hand_3":{"rotate":[{"angle":-10.08,"curve":0.325,"c2":0.31,"c3":0.675,"c4":0.69},{"time":0.0667,"angle":-4,"curve":0.382,"c2":0.57,"c3":0.735},{"time":0.1333,"curve":0.25,"c3":0.75},{"time":0.3333,"angle":-14.09,"curve":0.25,"c3":0.75},{"time":0.5333,"curve":0.25,"c3":0.75},{"time":0.7333,"angle":-14.09,"curve":0.265,"c3":0.618,"c4":0.43},{"time":0.8,"angle":-10.08}]},"right_hand_4":{"rotate":[{"angle":-10.08,"curve":0.325,"c2":0.31,"c3":0.675,"c4":0.69},{"time":0.0667,"angle":-4,"curve":0.382,"c2":0.57,"c3":0.735},{"time":0.1333,"curve":0.25,"c3":0.75},{"time":0.3333,"angle":-14.09,"curve":0.25,"c3":0.75},{"time":0.5333,"curve":0.25,"c3":0.75},{"time":0.7333,"angle":-14.09,"curve":0.265,"c3":0.618,"c4":0.43},{"time":0.8,"angle":-10.08}]},"left_hand_3":{"rotate":[{"angle":-10.08,"curve":0.325,"c2":0.31,"c3":0.675,"c4":0.69},{"time":0.0667,"angle":-4,"curve":0.382,"c2":0.57,"c3":0.735},{"time":0.1333,"curve":0.25,"c3":0.75},{"time":0.3333,"angle":-14.09,"curve":0.25,"c3":0.75},{"time":0.5333,"curve":0.25,"c3":0.75},{"time":0.7333,"angle":-14.09,"curve":0.265,"c3":0.618,"c4":0.43},{"time":0.8,"angle":-10.08}]},"hamduoi":{"rotate":[{"angle":-16.96,"curve":0.265,"c3":0.618,"c4":0.43},{"time":0.4,"angle":-2.42,"curve":0.25,"c3":0.75},{"time":0.8,"angle":-16.96}]},"shadiow":{"scale":[{"curve":0.25,"c3":0.75},{"time":0.2,"x":1.062,"y":1.062,"curve":0.25,"c3":0.75},{"time":0.4,"curve":0.25,"c3":0.75},{"time":0.6,"x":1.062,"y":1.062,"curve":0.25,"c3":0.75},{"time":0.8}]}}}}}