{"textures":[{"image":"default-resources-0.png","format":"RGBA8888","size":{"w":1206,"h":1206},"scale":0.5,"frames":[{"filename":"bg/bg-middle-2","rotated":false,"trimmed":false,"sourceSize":{"w":450,"h":425},"spriteSourceSize":{"x":0,"y":0,"w":450,"h":425},"frame":{"x":2,"y":2,"w":450,"h":425}},{"filename":"bg/bg-middle","rotated":false,"trimmed":false,"sourceSize":{"w":360,"h":425},"spriteSourceSize":{"x":0,"y":0,"w":360,"h":425},"frame":{"x":2,"y":430,"w":360,"h":425}},{"filename":"ui-ngang/bg-middle","rotated":false,"trimmed":false,"sourceSize":{"w":360,"h":284},"spriteSourceSize":{"x":0,"y":0,"w":360,"h":284},"frame":{"x":455,"y":2,"w":360,"h":284}},{"filename":"footer","rotated":false,"trimmed":false,"sourceSize":{"w":375,"h":77},"spriteSourceSize":{"x":0,"y":0,"w":375,"h":77},"frame":{"x":818,"y":2,"w":375,"h":77}},{"filename":"ui-ngang/bg-top","rotated":false,"trimmed":false,"sourceSize":{"w":360,"h":89},"spriteSourceSize":{"x":0,"y":0,"w":360,"h":89},"frame":{"x":2,"y":858,"w":360,"h":89}},{"filename":"ui-ngang/bg-bottom","rotated":false,"trimmed":false,"sourceSize":{"w":360,"h":88},"spriteSourceSize":{"x":0,"y":0,"w":360,"h":88},"frame":{"x":455,"y":289,"w":360,"h":88}},{"filename":"leaderboards/bg-top","rotated":false,"trimmed":false,"sourceSize":{"w":475,"h":84},"spriteSourceSize":{"x":0,"y":0,"w":475,"h":84},"frame":{"x":2,"y":950,"w":475,"h":84}},{"filename":"leaderboards/bg-bottom","rotated":false,"trimmed":false,"sourceSize":{"w":475,"h":34},"spriteSourceSize":{"x":0,"y":0,"w":475,"h":34},"frame":{"x":2,"y":1037,"w":475,"h":34}},{"filename":"bg/bg-bottom-2","rotated":false,"trimmed":false,"sourceSize":{"w":450,"h":56},"spriteSourceSize":{"x":0,"y":0,"w":450,"h":56},"frame":{"x":2,"y":1074,"w":450,"h":56}},{"filename":"buttons/green-large","rotated":false,"trimmed":false,"sourceSize":{"w":242,"h":71},"spriteSourceSize":{"x":0,"y":0,"w":242,"h":71},"frame":{"x":2,"y":1133,"w":242,"h":71}},{"filename":"bg/bg-bottom","rotated":false,"trimmed":false,"sourceSize":{"w":360,"h":56},"spriteSourceSize":{"x":0,"y":0,"w":360,"h":56},"frame":{"x":818,"y":82,"w":360,"h":56}},{"filename":"bg/bg-top","rotated":false,"trimmed":false,"sourceSize":{"w":360,"h":56},"spriteSourceSize":{"x":0,"y":0,"w":360,"h":56},"frame":{"x":818,"y":141,"w":360,"h":56}},{"filename":"bg/bg-top-2","rotated":false,"trimmed":false,"sourceSize":{"w":450,"h":56},"spriteSourceSize":{"x":0,"y":0,"w":450,"h":56},"frame":{"x":455,"y":380,"w":450,"h":56}},{"filename":"leaderboards/bg-middle","rotated":false,"trimmed":false,"sourceSize":{"w":475,"h":24},"spriteSourceSize":{"x":0,"y":0,"w":475,"h":24},"frame":{"x":480,"y":439,"w":475,"h":24}},{"filename":"daily-challenge/bg","rotated":false,"trimmed":false,"sourceSize":{"w":260,"h":143},"spriteSourceSize":{"x":0,"y":0,"w":260,"h":143},"frame":{"x":818,"y":200,"w":260,"h":143}},{"filename":"border-bottom-panel","rotated":false,"trimmed":false,"sourceSize":{"w":375,"h":18},"spriteSourceSize":{"x":0,"y":0,"w":375,"h":18},"frame":{"x":480,"y":466,"w":375,"h":18}},{"filename":"ui-ngang/khung-next-block","rotated":false,"trimmed":false,"sourceSize":{"w":100,"h":300},"spriteSourceSize":{"x":0,"y":0,"w":100,"h":300},"frame":{"x":365,"y":439,"w":100,"h":300}},{"filename":"leaf","rotated":false,"trimmed":false,"sourceSize":{"w":282,"h":66},"spriteSourceSize":{"x":0,"y":0,"w":282,"h":66},"frame":{"x":468,"y":487,"w":282,"h":66}},{"filename":"score-panel","rotated":false,"trimmed":false,"sourceSize":{"w":263,"h":76},"spriteSourceSize":{"x":0,"y":0,"w":263,"h":76},"frame":{"x":468,"y":556,"w":263,"h":76}},{"filename":"popup/middle","rotated":false,"trimmed":false,"sourceSize":{"w":216,"h":114},"spriteSourceSize":{"x":0,"y":0,"w":216,"h":114},"frame":{"x":468,"y":635,"w":216,"h":114}},{"filename":"texts/next-milestone","rotated":false,"trimmed":false,"sourceSize":{"w":260,"h":27},"spriteSourceSize":{"x":0,"y":0,"w":260,"h":27},"frame":{"x":818,"y":346,"w":260,"h":27}},{"filename":"buttons/brown","rotated":false,"trimmed":false,"sourceSize":{"w":242,"h":54},"spriteSourceSize":{"x":0,"y":0,"w":242,"h":54},"frame":{"x":247,"y":1133,"w":242,"h":54}},{"filename":"popup/bottom","rotated":false,"trimmed":false,"sourceSize":{"w":216,"h":14},"spriteSourceSize":{"x":0,"y":0,"w":216,"h":14},"frame":{"x":247,"y":1190,"w":216,"h":14}},{"filename":"bg/bg-dark","rotated":false,"trimmed":false,"sourceSize":{"w":122,"h":152},"spriteSourceSize":{"x":0,"y":0,"w":122,"h":152},"frame":{"x":1081,"y":200,"w":122,"h":152}},{"filename":"buttons/dark-blue","rotated":false,"trimmed":false,"sourceSize":{"w":183,"h":54},"spriteSourceSize":{"x":0,"y":0,"w":183,"h":54},"frame":{"x":908,"y":376,"w":183,"h":54}},{"filename":"lives/heart","rotated":false,"trimmed":false,"sourceSize":{"w":170,"h":140},"spriteSourceSize":{"x":0,"y":0,"w":170,"h":140},"frame":{"x":365,"y":752,"w":170,"h":140}},{"filename":"popup/background","rotated":false,"trimmed":false,"sourceSize":{"w":198,"h":111},"spriteSourceSize":{"x":0,"y":0,"w":198,"h":111},"frame":{"x":538,"y":752,"w":198,"h":111}},{"filename":"daily-challenge/bg-item-dark","rotated":false,"trimmed":false,"sourceSize":{"w":254,"h":41},"spriteSourceSize":{"x":0,"y":0,"w":254,"h":41},"frame":{"x":538,"y":866,"w":254,"h":41}},{"filename":"daily-challenge/bottom-panel","rotated":false,"trimmed":false,"sourceSize":{"w":261,"h":15},"spriteSourceSize":{"x":0,"y":0,"w":261,"h":15},"frame":{"x":492,"y":910,"w":261,"h":15}},{"filename":"daily-challenge/bg-item-light","rotated":false,"trimmed":false,"sourceSize":{"w":254,"h":41},"spriteSourceSize":{"x":0,"y":0,"w":254,"h":41},"frame":{"x":480,"y":928,"w":254,"h":41}},{"filename":"border-daily","rotated":false,"trimmed":false,"sourceSize":{"w":259,"h":26},"spriteSourceSize":{"x":0,"y":0,"w":259,"h":26},"frame":{"x":480,"y":972,"w":259,"h":26}},{"filename":"daily-challenge/top-panel","rotated":false,"trimmed":false,"sourceSize":{"w":261,"h":15},"spriteSourceSize":{"x":0,"y":0,"w":261,"h":15},"frame":{"x":480,"y":1001,"w":261,"h":15}},{"filename":"daily-challenge/middle-panel","rotated":false,"trimmed":false,"sourceSize":{"w":261,"h":13},"spriteSourceSize":{"x":0,"y":0,"w":261,"h":13},"frame":{"x":480,"y":1019,"w":261,"h":13}},{"filename":"texts/daily-challenge","rotated":false,"trimmed":false,"sourceSize":{"w":235,"h":22},"spriteSourceSize":{"x":0,"y":0,"w":235,"h":22},"frame":{"x":480,"y":1035,"w":235,"h":22}},{"filename":"texts/keep-playing","rotated":false,"trimmed":false,"sourceSize":{"w":226,"h":18},"spriteSourceSize":{"x":0,"y":0,"w":226,"h":18},"frame":{"x":480,"y":1060,"w":226,"h":18}},{"filename":"popup/top-dark","rotated":false,"trimmed":false,"sourceSize":{"w":216,"h":45},"spriteSourceSize":{"x":0,"y":0,"w":216,"h":45},"frame":{"x":455,"y":1081,"w":216,"h":45}},{"filename":"lives/time-block-2","rotated":false,"trimmed":false,"sourceSize":{"w":182,"h":54},"spriteSourceSize":{"x":0,"y":0,"w":182,"h":54},"frame":{"x":492,"y":1129,"w":182,"h":54}},{"filename":"texts/leader-board","rotated":false,"trimmed":false,"sourceSize":{"w":154,"h":18},"spriteSourceSize":{"x":0,"y":0,"w":154,"h":18},"frame":{"x":492,"y":1186,"w":154,"h":18}},{"filename":"texts/refill-lives","rotated":false,"trimmed":false,"sourceSize":{"w":130,"h":18},"spriteSourceSize":{"x":0,"y":0,"w":130,"h":18},"frame":{"x":649,"y":1186,"w":130,"h":18}},{"filename":"bg-progress-circle","rotated":false,"trimmed":false,"sourceSize":{"w":116,"h":116},"spriteSourceSize":{"x":0,"y":0,"w":116,"h":116},"frame":{"x":753,"y":487,"w":116,"h":116}},{"filename":"ui-ngang/khung-mission","rotated":false,"trimmed":false,"sourceSize":{"w":48,"h":232},"spriteSourceSize":{"x":0,"y":0,"w":48,"h":232},"frame":{"x":872,"y":466,"w":48,"h":232}},{"filename":"bottom-panel","rotated":false,"trimmed":false,"sourceSize":{"w":141,"h":86},"spriteSourceSize":{"x":0,"y":0,"w":141,"h":86},"frame":{"x":958,"y":433,"w":141,"h":86}},{"filename":"best-score-frame-long","rotated":false,"trimmed":false,"sourceSize":{"w":193,"h":77},"spriteSourceSize":{"x":0,"y":0,"w":193,"h":77},"frame":{"x":923,"y":522,"w":193,"h":77}},{"filename":"popup/top","rotated":false,"trimmed":false,"sourceSize":{"w":216,"h":45},"spriteSourceSize":{"x":0,"y":0,"w":216,"h":45},"frame":{"x":923,"y":602,"w":216,"h":45}},{"filename":"texts/level-failed","rotated":false,"trimmed":false,"sourceSize":{"w":207,"h":21},"spriteSourceSize":{"x":0,"y":0,"w":207,"h":21},"frame":{"x":923,"y":650,"w":207,"h":21}},{"filename":"texts/first-milestone","rotated":false,"trimmed":false,"sourceSize":{"w":198,"h":27},"spriteSourceSize":{"x":0,"y":0,"w":198,"h":27},"frame":{"x":923,"y":674,"w":198,"h":27}},{"filename":"texts/start-over","rotated":false,"trimmed":false,"sourceSize":{"w":119,"h":18},"spriteSourceSize":{"x":0,"y":0,"w":119,"h":18},"frame":{"x":1081,"y":355,"w":119,"h":18}},{"filename":"preloader/dual-ring","rotated":false,"trimmed":true,"sourceSize":{"w":100,"h":100},"spriteSourceSize":{"x":13,"y":13,"w":74,"h":74},"frame":{"x":795,"y":606,"w":74,"h":74}},{"filename":"bg-combo","rotated":false,"trimmed":true,"sourceSize":{"w":106,"h":44},"spriteSourceSize":{"x":0,"y":4,"w":106,"h":40},"frame":{"x":365,"y":895,"w":106,"h":40}},{"filename":"bg-streak","rotated":false,"trimmed":true,"sourceSize":{"w":106,"h":44},"spriteSourceSize":{"x":0,"y":4,"w":106,"h":40},"frame":{"x":1094,"y":376,"w":106,"h":40}},{"filename":"avatar/border-big","rotated":false,"trimmed":false,"sourceSize":{"w":88,"h":88},"spriteSourceSize":{"x":0,"y":0,"w":88,"h":88},"frame":{"x":1102,"y":419,"w":88,"h":88}},{"filename":"ui-ngang/khung-best-score","rotated":false,"trimmed":false,"sourceSize":{"w":56,"h":85},"spriteSourceSize":{"x":0,"y":0,"w":56,"h":85},"frame":{"x":687,"y":635,"w":56,"h":85}},{"filename":"texts/result","rotated":false,"trimmed":false,"sourceSize":{"w":86,"h":26},"spriteSourceSize":{"x":0,"y":0,"w":86,"h":26},"frame":{"x":687,"y":723,"w":86,"h":26}},{"filename":"avatar/border","rotated":false,"trimmed":true,"sourceSize":{"w":69,"h":72},"spriteSourceSize":{"x":0,"y":1,"w":69,"h":71},"frame":{"x":1119,"y":510,"w":69,"h":71}},{"filename":"buttons/minor","rotated":false,"trimmed":false,"sourceSize":{"w":62,"h":53},"spriteSourceSize":{"x":0,"y":0,"w":62,"h":53},"frame":{"x":1142,"y":584,"w":62,"h":53}},{"filename":"texts/play-with-blue","rotated":false,"trimmed":false,"sourceSize":{"w":58,"h":9},"spriteSourceSize":{"x":0,"y":0,"w":58,"h":9},"frame":{"x":365,"y":938,"w":58,"h":9}},{"filename":"best-score-frame","rotated":false,"trimmed":false,"sourceSize":{"w":56,"h":76},"spriteSourceSize":{"x":0,"y":0,"w":56,"h":76},"frame":{"x":739,"y":752,"w":56,"h":76}},{"filename":"leaderboards/bg-item-0","rotated":false,"trimmed":false,"sourceSize":{"w":116,"h":23},"spriteSourceSize":{"x":0,"y":0,"w":116,"h":23},"frame":{"x":746,"y":683,"w":116,"h":23}},{"filename":"texts/waiting-for-opponent","rotated":false,"trimmed":false,"sourceSize":{"w":188,"h":21},"spriteSourceSize":{"x":0,"y":0,"w":188,"h":21},"frame":{"x":865,"y":704,"w":188,"h":21}},{"filename":"buttons/green","rotated":false,"trimmed":false,"sourceSize":{"w":172,"h":51},"spriteSourceSize":{"x":0,"y":0,"w":172,"h":51},"frame":{"x":798,"y":728,"w":172,"h":51}},{"filename":"lives/time-block","rotated":false,"trimmed":false,"sourceSize":{"w":173,"h":44},"spriteSourceSize":{"x":0,"y":0,"w":173,"h":44},"frame":{"x":798,"y":782,"w":173,"h":44}},{"filename":"texts/play-with","rotated":false,"trimmed":false,"sourceSize":{"w":176,"h":23},"spriteSourceSize":{"x":0,"y":0,"w":176,"h":23},"frame":{"x":798,"y":829,"w":176,"h":23}},{"filename":"popup/score-panel","rotated":false,"trimmed":false,"sourceSize":{"w":150,"h":46},"spriteSourceSize":{"x":0,"y":0,"w":150,"h":46},"frame":{"x":795,"y":855,"w":150,"h":46}},{"filename":"leaderboards/bg-item","rotated":false,"trimmed":false,"sourceSize":{"w":159,"h":31},"spriteSourceSize":{"x":0,"y":0,"w":159,"h":31},"frame":{"x":795,"y":904,"w":159,"h":31}},{"filename":"texts/invite-friends","rotated":false,"trimmed":false,"sourceSize":{"w":186,"h":16},"spriteSourceSize":{"x":0,"y":0,"w":186,"h":16},"frame":{"x":782,"y":938,"w":186,"h":16}},{"filename":"texts/no-thank","rotated":false,"trimmed":false,"sourceSize":{"w":157,"h":15},"spriteSourceSize":{"x":0,"y":0,"w":157,"h":15},"frame":{"x":782,"y":957,"w":157,"h":15}},{"filename":"wood-panel","rotated":false,"trimmed":false,"sourceSize":{"w":151,"h":28},"spriteSourceSize":{"x":0,"y":0,"w":151,"h":28},"frame":{"x":782,"y":975,"w":151,"h":28}},{"filename":"daily-challenge/title-panel","rotated":false,"trimmed":false,"sourceSize":{"w":141,"h":35},"spriteSourceSize":{"x":0,"y":0,"w":141,"h":35},"frame":{"x":782,"y":1006,"w":141,"h":35}},{"filename":"texts/win","rotated":false,"trimmed":false,"sourceSize":{"w":139,"h":22},"spriteSourceSize":{"x":0,"y":0,"w":139,"h":22},"frame":{"x":782,"y":1044,"w":139,"h":22}},{"filename":"ui-ngang/khung-score","rotated":false,"trimmed":false,"sourceSize":{"w":87,"h":50},"spriteSourceSize":{"x":0,"y":0,"w":87,"h":50},"frame":{"x":973,"y":728,"w":87,"h":50}},{"filename":"texts/lose","rotated":false,"trimmed":false,"sourceSize":{"w":132,"h":25},"spriteSourceSize":{"x":0,"y":0,"w":132,"h":25},"frame":{"x":782,"y":1069,"w":132,"h":25}},{"filename":"texts/second-chance","rotated":false,"trimmed":false,"sourceSize":{"w":131,"h":27},"spriteSourceSize":{"x":0,"y":0,"w":131,"h":27},"frame":{"x":782,"y":1097,"w":131,"h":27}},{"filename":"texts/text-next-level","rotated":false,"trimmed":false,"sourceSize":{"w":131,"h":17},"spriteSourceSize":{"x":0,"y":0,"w":131,"h":17},"frame":{"x":782,"y":1127,"w":131,"h":17}},{"filename":"buttons/dark-blue-big","rotated":false,"trimmed":false,"sourceSize":{"w":120,"h":55},"spriteSourceSize":{"x":0,"y":0,"w":120,"h":55},"frame":{"x":782,"y":1147,"w":120,"h":55}},{"filename":"buttons/toggle-off","rotated":false,"trimmed":false,"sourceSize":{"w":89,"h":31},"spriteSourceSize":{"x":0,"y":0,"w":89,"h":31},"frame":{"x":974,"y":781,"w":89,"h":31}},{"filename":"buttons/dark-blue-small","rotated":false,"trimmed":false,"sourceSize":{"w":119,"h":54},"spriteSourceSize":{"x":0,"y":0,"w":119,"h":54},"frame":{"x":977,"y":815,"w":119,"h":54}},{"filename":"buttons/green-big","rotated":false,"trimmed":false,"sourceSize":{"w":118,"h":54},"spriteSourceSize":{"x":0,"y":0,"w":118,"h":54},"frame":{"x":957,"y":872,"w":118,"h":54}},{"filename":"texts/out-of-live","rotated":false,"trimmed":false,"sourceSize":{"w":104,"h":23},"spriteSourceSize":{"x":0,"y":0,"w":104,"h":23},"frame":{"x":971,"y":929,"w":104,"h":23}},{"filename":"leaderboards/bg-item-1","rotated":false,"trimmed":false,"sourceSize":{"w":116,"h":23},"spriteSourceSize":{"x":0,"y":0,"w":116,"h":23},"frame":{"x":971,"y":955,"w":116,"h":23}},{"filename":"texts/replay","rotated":false,"trimmed":false,"sourceSize":{"w":126,"h":18},"spriteSourceSize":{"x":0,"y":0,"w":126,"h":18},"frame":{"x":936,"y":981,"w":126,"h":18}},{"filename":"texts/congratulations","rotated":false,"trimmed":false,"sourceSize":{"w":109,"h":22},"spriteSourceSize":{"x":0,"y":0,"w":109,"h":22},"frame":{"x":936,"y":1002,"w":109,"h":22}},{"filename":"texts/text-retry","rotated":false,"trimmed":false,"sourceSize":{"w":105,"h":16},"spriteSourceSize":{"x":0,"y":0,"w":105,"h":16},"frame":{"x":926,"y":1027,"w":105,"h":16}},{"filename":"texts/play-single","rotated":false,"trimmed":false,"sourceSize":{"w":103,"h":18},"spriteSourceSize":{"x":0,"y":0,"w":103,"h":18},"frame":{"x":924,"y":1046,"w":103,"h":18}},{"filename":"ui-ngang/text-next-block","rotated":false,"trimmed":false,"sourceSize":{"w":105,"h":15},"spriteSourceSize":{"x":0,"y":0,"w":105,"h":15},"frame":{"x":924,"y":1067,"w":105,"h":15}},{"filename":"texts/target-score","rotated":false,"trimmed":false,"sourceSize":{"w":103,"h":14},"spriteSourceSize":{"x":0,"y":0,"w":103,"h":14},"frame":{"x":917,"y":1085,"w":103,"h":14}},{"filename":"buttons/toggle-on","rotated":false,"trimmed":false,"sourceSize":{"w":89,"h":31},"spriteSourceSize":{"x":0,"y":0,"w":89,"h":31},"frame":{"x":916,"y":1102,"w":89,"h":31}},{"filename":"score-panel-dark","rotated":false,"trimmed":false,"sourceSize":{"w":94,"h":26},"spriteSourceSize":{"x":0,"y":0,"w":94,"h":26},"frame":{"x":916,"y":1136,"w":94,"h":26}},{"filename":"texts/text-journey","rotated":false,"trimmed":false,"sourceSize":{"w":100,"h":18},"spriteSourceSize":{"x":0,"y":0,"w":100,"h":18},"frame":{"x":905,"y":1165,"w":100,"h":18}},{"filename":"texts/setting","rotated":false,"trimmed":false,"sourceSize":{"w":93,"h":18},"spriteSourceSize":{"x":0,"y":0,"w":93,"h":18},"frame":{"x":905,"y":1186,"w":93,"h":18}},{"filename":"texts/your-score","rotated":false,"trimmed":false,"sourceSize":{"w":85,"h":18},"spriteSourceSize":{"x":0,"y":0,"w":85,"h":18},"frame":{"x":1001,"y":1186,"w":85,"h":18}},{"filename":"icon-journey","rotated":false,"trimmed":false,"sourceSize":{"w":75,"h":61},"spriteSourceSize":{"x":0,"y":0,"w":75,"h":61},"frame":{"x":1063,"y":704,"w":75,"h":61}},{"filename":"texts/collect","rotated":false,"trimmed":false,"sourceSize":{"w":62,"h":15},"spriteSourceSize":{"x":0,"y":0,"w":62,"h":15},"frame":{"x":1142,"y":640,"w":62,"h":15}},{"filename":"texts/text-tutorial","rotated":false,"trimmed":false,"sourceSize":{"w":71,"h":22},"spriteSourceSize":{"x":0,"y":0,"w":71,"h":22},"frame":{"x":1133,"y":658,"w":71,"h":22}},{"filename":"avatar/border-challenge","rotated":false,"trimmed":false,"sourceSize":{"w":60,"h":59},"spriteSourceSize":{"x":0,"y":0,"w":60,"h":59},"frame":{"x":1141,"y":683,"w":60,"h":59}},{"filename":"texts/no","rotated":false,"trimmed":false,"sourceSize":{"w":63,"h":18},"spriteSourceSize":{"x":0,"y":0,"w":63,"h":18},"frame":{"x":1141,"y":745,"w":63,"h":18}},{"filename":"buttons/play","rotated":false,"trimmed":false,"sourceSize":{"w":56,"h":43},"spriteSourceSize":{"x":0,"y":0,"w":56,"h":43},"frame":{"x":1066,"y":768,"w":56,"h":43}},{"filename":"texts/continue","rotated":false,"trimmed":false,"sourceSize":{"w":85,"h":15},"spriteSourceSize":{"x":0,"y":0,"w":85,"h":15},"frame":{"x":776,"y":709,"w":85,"h":15}},{"filename":"leaderboards/tab-off","rotated":false,"trimmed":false,"sourceSize":{"w":57,"h":18},"spriteSourceSize":{"x":0,"y":0,"w":57,"h":18},"frame":{"x":1008,"y":1165,"w":57,"h":18}},{"filename":"avatar/background","rotated":false,"trimmed":false,"sourceSize":{"w":53,"h":54},"spriteSourceSize":{"x":0,"y":0,"w":53,"h":54},"frame":{"x":1099,"y":814,"w":53,"h":54}},{"filename":"buttons/random","rotated":false,"trimmed":false,"sourceSize":{"w":56,"h":43},"spriteSourceSize":{"x":0,"y":0,"w":56,"h":43},"frame":{"x":1125,"y":768,"w":56,"h":43}},{"filename":"text-target-panel","rotated":false,"trimmed":false,"sourceSize":{"w":49,"h":23},"spriteSourceSize":{"x":0,"y":0,"w":49,"h":23},"frame":{"x":1155,"y":814,"w":49,"h":23}},{"filename":"texts/world-disable","rotated":false,"trimmed":false,"sourceSize":{"w":49,"h":16},"spriteSourceSize":{"x":0,"y":0,"w":49,"h":16},"frame":{"x":1155,"y":840,"w":49,"h":16}},{"filename":"texts/world","rotated":false,"trimmed":false,"sourceSize":{"w":49,"h":16},"spriteSourceSize":{"x":0,"y":0,"w":49,"h":16},"frame":{"x":1155,"y":859,"w":49,"h":16}},{"filename":"bg/level-locked","rotated":false,"trimmed":false,"sourceSize":{"w":51,"h":42},"spriteSourceSize":{"x":0,"y":0,"w":51,"h":42},"frame":{"x":674,"y":1081,"w":51,"h":42}},{"filename":"blank","rotated":false,"trimmed":false,"sourceSize":{"w":50,"h":50},"spriteSourceSize":{"x":0,"y":0,"w":50,"h":50},"frame":{"x":677,"y":1126,"w":50,"h":50}},{"filename":"texts/start","rotated":false,"trimmed":false,"sourceSize":{"w":55,"h":19},"spriteSourceSize":{"x":0,"y":0,"w":55,"h":19},"frame":{"x":739,"y":831,"w":55,"h":19}},{"filename":"icons/replay","rotated":false,"trimmed":false,"sourceSize":{"w":20,"h":24},"spriteSourceSize":{"x":0,"y":0,"w":20,"h":24},"frame":{"x":1184,"y":766,"w":20,"h":24}},{"filename":"icons/vibrate","rotated":false,"trimmed":false,"sourceSize":{"w":31,"h":37},"spriteSourceSize":{"x":0,"y":0,"w":31,"h":37},"frame":{"x":923,"y":466,"w":31,"h":37}},{"filename":"icons/flat-ad","rotated":false,"trimmed":false,"sourceSize":{"w":24,"h":21},"spriteSourceSize":{"x":0,"y":0,"w":24,"h":21},"frame":{"x":942,"y":957,"w":24,"h":21}},{"filename":"bg/level-playing","rotated":false,"trimmed":false,"sourceSize":{"w":57,"h":47},"spriteSourceSize":{"x":0,"y":0,"w":57,"h":47},"frame":{"x":1078,"y":872,"w":57,"h":47}},{"filename":"daily-challenge/time-panel","rotated":false,"trimmed":false,"sourceSize":{"w":85,"h":24},"spriteSourceSize":{"x":0,"y":0,"w":85,"h":24},"frame":{"x":1078,"y":922,"w":85,"h":24}},{"filename":"bg/level-played","rotated":false,"trimmed":false,"sourceSize":{"w":50,"h":41},"spriteSourceSize":{"x":0,"y":0,"w":50,"h":41},"frame":{"x":1138,"y":878,"w":50,"h":41}},{"filename":"texts/mission","rotated":false,"trimmed":false,"sourceSize":{"w":72,"h":22},"spriteSourceSize":{"x":0,"y":0,"w":72,"h":22},"frame":{"x":1090,"y":949,"w":72,"h":22}},{"filename":"texts/friends-disable","rotated":false,"trimmed":false,"sourceSize":{"w":94,"h":16},"spriteSourceSize":{"x":0,"y":0,"w":94,"h":16},"frame":{"x":1090,"y":974,"w":94,"h":16}},{"filename":"texts/friends","rotated":false,"trimmed":false,"sourceSize":{"w":94,"h":16},"spriteSourceSize":{"x":0,"y":0,"w":94,"h":16},"frame":{"x":1089,"y":993,"w":94,"h":16}},{"filename":"texts/text-ranking","rotated":false,"trimmed":false,"sourceSize":{"w":77,"h":12},"spriteSourceSize":{"x":0,"y":0,"w":77,"h":12},"frame":{"x":1089,"y":1012,"w":77,"h":12}},{"filename":"icons/share-blue","rotated":false,"trimmed":false,"sourceSize":{"w":16,"h":22},"spriteSourceSize":{"x":0,"y":0,"w":16,"h":22},"frame":{"x":734,"y":556,"w":16,"h":22}},{"filename":"icons/i-play","rotated":false,"trimmed":false,"sourceSize":{"w":16,"h":20},"spriteSourceSize":{"x":0,"y":0,"w":16,"h":20},"frame":{"x":734,"y":581,"w":16,"h":20}},{"filename":"buttons/skip","rotated":false,"trimmed":false,"sourceSize":{"w":60,"h":36},"spriteSourceSize":{"x":0,"y":0,"w":60,"h":36},"frame":{"x":1089,"y":1027,"w":60,"h":36}},{"filename":"icons/brown-journey","rotated":false,"trimmed":false,"sourceSize":{"w":23,"h":21},"spriteSourceSize":{"x":0,"y":0,"w":23,"h":21},"frame":{"x":1181,"y":82,"w":23,"h":21}},{"filename":"icons/sword","rotated":false,"trimmed":false,"sourceSize":{"w":23,"h":19},"spriteSourceSize":{"x":0,"y":0,"w":23,"h":19},"frame":{"x":1181,"y":106,"w":23,"h":19}},{"filename":"leaderboards/tab-on","rotated":false,"trimmed":false,"sourceSize":{"w":57,"h":18},"spriteSourceSize":{"x":0,"y":0,"w":57,"h":18},"frame":{"x":734,"y":606,"w":57,"h":18}},{"filename":"buttons/close","rotated":false,"trimmed":false,"sourceSize":{"w":36,"h":36},"spriteSourceSize":{"x":0,"y":0,"w":36,"h":36},"frame":{"x":746,"y":627,"w":36,"h":36}},{"filename":"texts/off","rotated":false,"trimmed":false,"sourceSize":{"w":40,"h":14},"spriteSourceSize":{"x":0,"y":0,"w":40,"h":14},"frame":{"x":746,"y":666,"w":40,"h":14}},{"filename":"icons/clock","rotated":false,"trimmed":false,"sourceSize":{"w":17,"h":18},"spriteSourceSize":{"x":0,"y":0,"w":17,"h":18},"frame":{"x":1184,"y":793,"w":17,"h":18}},{"filename":"texts/text-share","rotated":false,"trimmed":false,"sourceSize":{"w":57,"h":18},"spriteSourceSize":{"x":0,"y":0,"w":57,"h":18},"frame":{"x":1089,"y":1066,"w":57,"h":18}},{"filename":"buttons/challenge_light","rotated":false,"trimmed":false,"sourceSize":{"w":54,"h":40},"spriteSourceSize":{"x":0,"y":0,"w":54,"h":40},"frame":{"x":1032,"y":1046,"w":54,"h":40}},{"filename":"texts/yes","rotated":false,"trimmed":false,"sourceSize":{"w":55,"h":18},"spriteSourceSize":{"x":0,"y":0,"w":55,"h":18},"frame":{"x":1023,"y":1089,"w":55,"h":18}},{"filename":"buttons/share","rotated":false,"trimmed":false,"sourceSize":{"w":54,"h":40},"spriteSourceSize":{"x":0,"y":0,"w":54,"h":40},"frame":{"x":1013,"y":1110,"w":54,"h":40}},{"filename":"icons/plus","rotated":false,"trimmed":false,"sourceSize":{"w":21,"h":22},"spriteSourceSize":{"x":0,"y":0,"w":21,"h":22},"frame":{"x":1065,"y":981,"w":21,"h":22}},{"filename":"icons/crown-big","rotated":false,"trimmed":false,"sourceSize":{"w":37,"h":35},"spriteSourceSize":{"x":0,"y":0,"w":37,"h":35},"frame":{"x":737,"y":928,"w":37,"h":35}},{"filename":"icons/icon-journey","rotated":false,"trimmed":false,"sourceSize":{"w":37,"h":31},"spriteSourceSize":{"x":0,"y":0,"w":37,"h":31},"frame":{"x":742,"y":966,"w":37,"h":31}},{"filename":"icons/dot","rotated":false,"trimmed":false,"sourceSize":{"w":34,"h":35},"spriteSourceSize":{"x":0,"y":0,"w":34,"h":35},"frame":{"x":744,"y":1000,"w":34,"h":35}},{"filename":"icons/crown","rotated":false,"trimmed":false,"sourceSize":{"w":16,"h":14},"spriteSourceSize":{"x":0,"y":0,"w":16,"h":14},"frame":{"x":466,"y":1190,"w":16,"h":14}},{"filename":"ui-ngang/text-mission","rotated":false,"trimmed":false,"sourceSize":{"w":50,"h":15},"spriteSourceSize":{"x":0,"y":0,"w":50,"h":15},"frame":{"x":1089,"y":1087,"w":50,"h":15}},{"filename":"texts/play","rotated":false,"trimmed":false,"sourceSize":{"w":49,"h":15},"spriteSourceSize":{"x":0,"y":0,"w":49,"h":15},"frame":{"x":730,"y":1038,"w":49,"h":15}},{"filename":"icons/sword-blue","rotated":false,"trimmed":false,"sourceSize":{"w":18,"h":16},"spriteSourceSize":{"x":0,"y":0,"w":18,"h":16},"frame":{"x":1034,"y":1027,"w":18,"h":16}},{"filename":"icons/sound","rotated":false,"trimmed":false,"sourceSize":{"w":31,"h":27},"spriteSourceSize":{"x":0,"y":0,"w":31,"h":27},"frame":{"x":1055,"y":1006,"w":31,"h":27}},{"filename":"icons/icon-daily","rotated":false,"trimmed":false,"sourceSize":{"w":34,"h":34},"spriteSourceSize":{"x":0,"y":0,"w":34,"h":34},"frame":{"x":1152,"y":1027,"w":34,"h":34}},{"filename":"icons/music","rotated":false,"trimmed":false,"sourceSize":{"w":28,"h":31},"spriteSourceSize":{"x":0,"y":0,"w":28,"h":31},"frame":{"x":1166,"y":922,"w":28,"h":31}},{"filename":"ui-ngang/text-score","rotated":false,"trimmed":false,"sourceSize":{"w":39,"h":13},"spriteSourceSize":{"x":0,"y":0,"w":39,"h":13},"frame":{"x":1165,"y":956,"w":39,"h":13}},{"filename":"texts/vs","rotated":false,"trimmed":false,"sourceSize":{"w":48,"h":17},"spriteSourceSize":{"x":0,"y":0,"w":48,"h":17},"frame":{"x":1089,"y":1105,"w":48,"h":17}},{"filename":"texts/draw","rotated":false,"trimmed":false,"sourceSize":{"w":39,"h":31},"spriteSourceSize":{"x":0,"y":0,"w":39,"h":31},"frame":{"x":1070,"y":1125,"w":39,"h":31}},{"filename":"icons/play-green","rotated":false,"trimmed":false,"sourceSize":{"w":24,"h":24},"spriteSourceSize":{"x":0,"y":0,"w":24,"h":24},"frame":{"x":1068,"y":1159,"w":24,"h":24}},{"filename":"buttons/circle-button","rotated":false,"trimmed":false,"sourceSize":{"w":28,"h":28},"spriteSourceSize":{"x":0,"y":0,"w":28,"h":28},"frame":{"x":1112,"y":1125,"w":28,"h":28}},{"filename":"icons/check","rotated":false,"trimmed":false,"sourceSize":{"w":22,"h":18},"spriteSourceSize":{"x":0,"y":0,"w":22,"h":18},"frame":{"x":1089,"y":1186,"w":22,"h":18}},{"filename":"icons/share","rotated":false,"trimmed":false,"sourceSize":{"w":18,"h":24},"spriteSourceSize":{"x":0,"y":0,"w":18,"h":24},"frame":{"x":1095,"y":1159,"w":18,"h":24}},{"filename":"buttons/dot-blue","rotated":false,"trimmed":false,"sourceSize":{"w":28,"h":27},"spriteSourceSize":{"x":0,"y":0,"w":28,"h":27},"frame":{"x":1116,"y":1156,"w":28,"h":27}},{"filename":"icons/cup-bronze","rotated":false,"trimmed":false,"sourceSize":{"w":22,"h":18},"spriteSourceSize":{"x":0,"y":0,"w":22,"h":18},"frame":{"x":1114,"y":1186,"w":22,"h":18}},{"filename":"icons/cup-gold","rotated":false,"trimmed":false,"sourceSize":{"w":22,"h":18},"spriteSourceSize":{"x":0,"y":0,"w":22,"h":18},"frame":{"x":1139,"y":1186,"w":22,"h":18}},{"filename":"icons/battle","rotated":false,"trimmed":false,"sourceSize":{"w":22,"h":21},"spriteSourceSize":{"x":0,"y":0,"w":22,"h":21},"frame":{"x":1181,"y":128,"w":22,"h":21}},{"filename":"icons/cup-silver","rotated":false,"trimmed":false,"sourceSize":{"w":22,"h":18},"spriteSourceSize":{"x":0,"y":0,"w":22,"h":18},"frame":{"x":709,"y":1060,"w":22,"h":18}},{"filename":"buttons/dot-green","rotated":false,"trimmed":false,"sourceSize":{"w":28,"h":27},"spriteSourceSize":{"x":0,"y":0,"w":28,"h":27},"frame":{"x":734,"y":1056,"w":28,"h":27}},{"filename":"icons/retry","rotated":false,"trimmed":false,"sourceSize":{"w":25,"h":27},"spriteSourceSize":{"x":0,"y":0,"w":25,"h":27},"frame":{"x":728,"y":1086,"w":25,"h":27}},{"filename":"icons/setting","rotated":false,"trimmed":false,"sourceSize":{"w":21,"h":21},"spriteSourceSize":{"x":0,"y":0,"w":21,"h":21},"frame":{"x":1181,"y":152,"w":21,"h":21}},{"filename":"texts/on","rotated":false,"trimmed":false,"sourceSize":{"w":28,"h":14},"spriteSourceSize":{"x":0,"y":0,"w":28,"h":14},"frame":{"x":756,"y":910,"w":28,"h":14}},{"filename":"icons/white-journey","rotated":false,"trimmed":false,"sourceSize":{"w":21,"h":20},"spriteSourceSize":{"x":0,"y":0,"w":21,"h":20},"frame":{"x":1181,"y":176,"w":21,"h":20}},{"filename":"icons/rank","rotated":false,"trimmed":false,"sourceSize":{"w":26,"h":25},"spriteSourceSize":{"x":0,"y":0,"w":26,"h":25},"frame":{"x":730,"y":1116,"w":26,"h":25}},{"filename":"icons/play","rotated":false,"trimmed":false,"sourceSize":{"w":24,"h":24},"spriteSourceSize":{"x":0,"y":0,"w":24,"h":24},"frame":{"x":730,"y":1144,"w":24,"h":24}},{"filename":"icons/back","rotated":false,"trimmed":false,"sourceSize":{"w":25,"h":19},"spriteSourceSize":{"x":0,"y":0,"w":25,"h":19},"frame":{"x":1152,"y":1064,"w":25,"h":19}},{"filename":"icons/home","rotated":false,"trimmed":false,"sourceSize":{"w":24,"h":22},"spriteSourceSize":{"x":0,"y":0,"w":24,"h":22},"frame":{"x":1180,"y":1064,"w":24,"h":22}}]}],"meta":{"app":"https://www.codeandweb.com/texturepacker","version":"3.0","smartupdate":"$TexturePacker:SmartUpdate:83c120576d069a5d6d44165369c082ab:ac1a1e333188ba9e6575be06c6b4874b:3e7944c06d121c41a747bba57afe2e59$"}}