{"skeleton":{"hash":"BiKFIZkfdr7itiVUxxz1DdQuVJY","spine":"3.8.99","x":-40.53,"y":-10.18,"width":108.89,"height":150.19,"images":"./images/","audio":"D:/SUN.STUDIO/Merge Master - Art/Animation/Warriors/lv07_Crossbow_female/Project_Spine38"},"bones":[{"name":"root"},{"name":"[RED] SKELETON CONTROL","parent":"root","scaleX":0.3165,"scaleY":0.3165,"color":"ff0000ff"},{"name":"torso","parent":"[RED] SKELETON CONTROL","x":2.28,"y":150.67,"color":"0010cdff"},{"name":"torso2","parent":"torso","length":32.73,"rotation":93.01,"x":-2.3,"y":3.76},{"name":"torso4","parent":"torso2","length":38.83,"rotation":5.12,"x":33.06,"y":-0.8},{"name":"torso5","parent":"torso4","length":26.35,"rotation":3.18,"x":38.83},{"name":"head","parent":"torso5","length":108.38,"rotation":-5.84,"x":26.61,"y":1.27},{"name":"torso6","parent":"torso4","length":26.75,"rotation":-104.91,"x":33.88,"y":-0.11},{"name":"arm_left_2","parent":"torso6","length":40.34,"rotation":-11.07,"x":25.83,"y":-1.17},{"name":"arm_left_3","parent":"arm_left_2","length":42.46,"rotation":13.58,"x":40.34},{"name":"crossbow","parent":"arm_left_3","length":14.64,"rotation":-9.75,"x":41.65,"y":0.2},{"name":"torso7","parent":"torso4","length":28.69,"rotation":98.63,"x":35.79,"y":3},{"name":"arm_right_1","parent":"torso7","length":38.78,"rotation":99.33,"x":28.82,"y":-0.73},{"name":"arm_right_3","parent":"arm_right_1","length":52.11,"rotation":52.38,"x":38.48,"y":-1.63},{"name":"arm_right_4","parent":"arm_right_3","length":21.98,"rotation":7.97,"x":52.85},{"name":"coat","parent":"torso7","length":62.96,"rotation":-119.3,"x":25.91,"y":-18.72,"transform":"noRotationOrReflection"},{"name":"coat2","parent":"coat","length":44.7,"rotation":1.38,"x":62.96},{"name":"coat3","parent":"coat2","length":41.85,"rotation":10.34,"x":44.7},{"name":"coat4","parent":"coat3","length":47.02,"rotation":16.14,"x":41.85},{"name":"coat5","parent":"torso6","length":43.74,"rotation":-69.93,"x":23.7,"y":18.37,"transform":"noRotationOrReflection"},{"name":"coat6","parent":"coat5","length":39.95,"rotation":-5.76,"x":43.74},{"name":"coat7","parent":"coat6","length":43.37,"rotation":5.94,"x":39.95},{"name":"coat8","parent":"coat7","length":41.68,"rotation":-5.42,"x":43.37},{"name":"coat9","parent":"coat8","length":41.66,"rotation":-9.39,"x":41.68},{"name":"leg_left","parent":"torso","length":62.52,"rotation":-77.34,"x":19.51,"y":-9.46},{"name":"leg_left2","parent":"leg_left","length":65.88,"rotation":-14.2,"x":62.52},{"name":"leg_left3","parent":"[RED] SKELETON CONTROL","length":33.47,"rotation":-33.69,"x":20.19,"y":14.96,"color":"ff3f00ff"},{"name":"leg_right","parent":"torso","length":63.17,"rotation":-96.18,"x":-26.01,"y":-14.13},{"name":"leg_right2","parent":"leg_right","length":56.8,"rotation":6.18,"x":63.17},{"name":"leg_right3","parent":"[RED] SKELETON CONTROL","length":36.18,"rotation":-144.9,"x":-19.02,"y":17.54,"color":"ff3f00ff"},{"name":"torso3","parent":"torso","x":-29.08,"y":3.92},{"name":"torso8","parent":"torso3","length":15.95,"rotation":-118.3,"x":-4.75,"y":-4.54},{"name":"torso9","parent":"torso8","length":18.41,"rotation":-2.78,"x":15.86,"y":-0.29},{"name":"torso10","parent":"torso","length":17.47,"rotation":-81.47,"x":0.73,"y":-9.04},{"name":"torso11","parent":"torso10","length":15.77,"rotation":-9.32,"x":17.47},{"name":"torso12","parent":"torso","x":28.81,"y":1.33},{"name":"torso13","parent":"torso12","length":13.2,"rotation":-68.9,"x":2.59,"y":-7.34},{"name":"torso14","parent":"torso13","length":14.55,"rotation":-2.94,"x":13.2},{"name":"crossbow2","parent":"crossbow","length":103,"rotation":-2.02,"x":-14.76,"y":22.93},{"name":"crossbow3","parent":"crossbow2","length":44.51,"rotation":100.99,"x":103.21,"y":1},{"name":"crossbow4","parent":"crossbow3","length":26.76,"rotation":60.97,"x":44.51},{"name":"crossbow5","parent":"crossbow4","length":18.46,"rotation":-20.27,"x":26.76},{"name":"crossbow6","parent":"crossbow2","length":39.38,"rotation":-110.56,"x":103.84,"y":-3.57},{"name":"crossbow7","parent":"crossbow6","length":41.43,"rotation":-42.99,"x":39.38},{"name":"crossbow8","parent":"crossbow7","length":42.28,"rotation":6.61,"x":41.43},{"name":"arrow","parent":"crossbow2","length":246.64,"rotation":-1.01,"x":-36.62,"y":4.45},{"name":"arrow2","parent":"arm_right_4","length":246.64,"rotation":74.29,"x":11.62,"y":-15.59},{"name":"shoulder","parent":"torso4","length":55,"rotation":128.28,"x":56.04,"y":27.36},{"name":"head2","parent":"head","x":20.19,"y":75.13},{"name":"head4","parent":"head","x":94.98,"y":89.28},{"name":"head5","parent":"head","x":174.86,"y":53.6},{"name":"head6","parent":"head","x":157.25,"y":-18.94},{"name":"head7","parent":"head","x":132.1,"y":-83.65},{"name":"day","parent":"crossbow2","length":34.63,"rotation":-2.01,"x":37.92,"y":-1.36}],"slots":[{"name":"shadiow","bone":"[RED] SKELETON CONTROL","attachment":"shadiow"},{"name":"coat","bone":"coat5","attachment":"coat"},{"name":"arm_left_2","bone":"arm_left_2","attachment":"arm_left_2"},{"name":"leg_left","bone":"leg_left","attachment":"leg_left"},{"name":"leg_right","bone":"leg_right","attachment":"leg_right"},{"name":"torso","bone":"torso4","attachment":"torso"},{"name":"hand_right","bone":"arm_right_4","attachment":"hand_right"},{"name":"arm_right_1","bone":"arm_right_1","attachment":"arm_right_1"},{"name":"arm_right_2","bone":"arm_right_3","attachment":"arm_right_2"},{"name":"head","bone":"head","attachment":"head"},{"name":"shoulder","bone":"shoulder","attachment":"shoulder"},{"name":"eyes_open","bone":"head","attachment":"eyes_open"},{"name":"eyes_close","bone":"head","attachment":"eyes_close"},{"name":"crossbow","bone":"crossbow","attachment":"crossbow"},{"name":"arrow","bone":"arrow"},{"name":"arrow2","bone":"arrow2"},{"name":"day","bone":"day","attachment":"day"},{"name":"lv07_Crossbow_female mini_2","bone":"root"}],"ik":[{"name":"leg_left3","bones":["leg_left","leg_left2"],"target":"leg_left3","bendPositive":false},{"name":"leg_right3","order":1,"bones":["leg_right","leg_right2"],"target":"leg_right3"}],"skins":[{"name":"default","attachments":{"arm_left_2":{"arm_left_2":{"type":"mesh","uvs":[0.43591,0.20243,0.49351,0.24723,0.58887,0.257,0.85402,0.27291,0.94928,0.33906,0.94926,0.56817,0.99819,0.8335,0.95681,0.91724,0.68248,0.97086,0.54565,0.84509,0.4936,0.82693,0.39143,0.78138,0.13059,0.66509,0.06517,0.58396,0.01999,0.41329,0.02017,0.15424,0.07808,0.03739,0.22333,0.03709,0.46814,0.56804],"triangles":[5,3,4,2,9,18,7,5,6,8,2,3,8,3,5,8,5,7,9,2,8,18,0,1,15,17,14,17,13,14,15,16,17,12,17,0,12,0,18,12,13,17,11,12,18,2,18,1,9,10,18,11,18,10],"vertices":[1,8,28.83,14.18,1,2,8,34.94,13.65,0.77168,9,-2.05,14.54,0.22832,2,8,43.99,16.02,0.24782,9,7.31,14.72,0.75218,1,9,33.29,15.81,1,1,9,42.86,13.01,1,1,9,43.76,0.9,1,1,9,49.58,-12.77,1,1,9,45.87,-17.5,1,1,9,19.27,-22.33,1,2,8,49.51,-14.94,0.2247,9,5.4,-16.68,0.7753,2,8,44.36,-15.59,0.48087,9,0.25,-16.1,0.51913,2,8,34.09,-16.36,0.91861,9,-9.92,-14.44,0.08139,1,8,7.87,-18.33,1,1,8,0.45,-16.2,1,1,8,-6.54,-8.95,1,1,8,-10.73,4.13,1,1,8,-7.23,11.76,1,1,8,6.32,16.14,1,2,8,37.78,-3.29,0.94351,9,-3.26,-2.6,0.05649],"hull":18,"edges":[2,4,4,6,6,8,8,10,10,12,12,14,14,16,16,18,18,20,24,26,26,28,28,30,30,32,32,34,20,22,22,24,2,0,0,34],"width":98,"height":53}},"arm_right_1":{"arm_right_1":{"x":24.62,"y":-0.94,"rotation":116.35,"width":47,"height":66}},"arm_right_2":{"arm_right_2":{"x":23.03,"y":-0.54,"rotation":116.4,"width":48,"height":71}},"arrow":{"arrow":{"x":114.66,"y":-0.24,"rotation":-0.21,"width":243,"height":36}},"arrow2":{"arrow":{"x":114.66,"y":-0.24,"rotation":-0.21,"width":243,"height":36}},"coat":{"coat":{"type":"mesh","uvs":[0.46108,0.00309,0.6578,0.00402,0.72677,0.07729,0.75979,0.16253,0.78219,0.26913,0.81049,0.36626,0.84321,0.45034,0.88653,0.54012,0.93277,0.60901,0.97055,0.70651,0.98513,0.80656,0.98119,0.89671,0.90657,0.98193,0.87368,0.98685,0.87509,0.89717,0.87631,0.81909,0.81627,0.75339,0.69139,0.75022,0.54629,0.74654,0.4532,0.73512,0.35835,0.7822,0.27719,0.82247,0.19787,0.84849,0.1726,0.91401,0.19779,0.99149,0.17853,0.994,0.06731,0.89134,0,0.75126,0,0.7065,0.03413,0.58423,0.0935,0.48716,0.1684,0.40241,0.22942,0.29956,0.26213,0.23014,0.30052,0.14869,0.37202,0.04359,0.54221,0.60909,0.53753,0.48091,0.53129,0.34265,0.53441,0.2188,0.27854,0.65373,0.31286,0.54572,0.34407,0.47371,0.36903,0.35994,0.78872,0.65949,0.73411,0.57308,0.69511,0.48667,0.67482,0.36138],"triangles":[10,15,9,11,15,10,14,15,11,12,14,11,13,14,12,44,7,8,44,8,9,36,17,18,45,44,17,16,44,9,17,44,16,15,16,9,46,5,6,45,46,6,45,6,7,36,37,46,36,46,45,44,45,7,45,17,36,19,36,18,39,3,4,47,38,39,4,47,39,47,4,5,37,38,47,46,47,5,37,47,46,39,1,2,39,2,3,39,0,1,43,31,32,35,0,39,34,35,39,34,43,33,34,39,43,43,32,33,39,38,43,43,38,37,42,31,43,42,43,37,41,31,42,30,31,41,42,36,41,36,42,37,40,30,41,29,30,40,28,29,40,40,41,19,19,41,36,22,27,28,20,40,19,28,40,22,21,40,20,21,22,40,26,27,22,23,26,22,25,23,24,26,23,25],"vertices":[2,15,-24.27,3.27,0.27835,5,29.6,12.45,0.72165,2,5,21.05,-29.17,0.19529,19,-15.53,3.52,0.80471,1,19,5.68,11.62,1,1,19,26.87,11.48,1,1,20,7.43,8.25,1,1,20,30.96,8.55,1,1,21,12.85,9.26,1,2,21,35.8,10.77,0.90558,22,-8.55,10,0.09442,1,22,9.59,15.53,1,2,22,33.74,17.58,0.88375,23,-10.7,16.05,0.11625,1,23,12.9,16.97,1,1,23,33.82,14.12,1,1,23,52.14,-3.81,1,1,23,52.62,-11,1,1,23,31.76,-8.7,1,1,23,13.59,-6.71,1,2,22,35.81,-17.44,0.86683,23,-2.94,-18.16,0.13317,3,16,44.05,131.19,0.05894,21,67.34,-45.8,0.25092,22,28.19,-43.32,0.69014,4,17,31.56,99.04,0.13584,16,57.97,103.09,0.14871,21,55.68,-74.9,0.31535,22,19.34,-73.4,0.4001,4,18,15.47,77.83,0.27843,17,35.08,79.06,0.23696,21,46.21,-92.84,0.24242,22,11.61,-92.16,0.24219,4,18,27,57.62,0.54181,17,51.77,62.86,0.24741,16,84.35,71.13,0.11266,22,17.02,-114.78,0.09813,2,18,36.86,40.34,0.84031,17,66.05,48.99,0.15969,2,18,43.38,23.36,0.98999,22,23.14,-152.26,0.01001,2,18,58.85,18.29,0.99929,22,36.57,-161.46,0.00071,1,18,76.83,24.19,1,1,18,77.52,20.04,1,1,18,54.11,-4.58,1,1,18,21.71,-19.94,1,1,18,11.24,-20.2,1,1,17,28.76,-17.9,1,2,17,3.23,-12.53,0.82824,16,50.14,-11.75,0.17176,1,16,25.04,-6.74,1,2,16,-2.4,-6.36,0.23386,15,60.71,-6.42,0.76614,1,15,43.09,-8.21,1,1,15,22.41,-10.3,1,1,15,-6.6,-8.87,1,4,17,1.16,88.48,0.13229,16,29.96,87.25,0.2032,21,25.2,-64.6,0.37988,22,-11.98,-66.02,0.28463,4,16,3.93,72.31,0.25352,20,42.39,-55.21,0.3236,21,-3.29,-55.16,0.31911,22,-41.23,-59.33,0.10377,4,15,37.6,55.38,0.28479,5,-51.29,13.16,0.2138,20,10.7,-48.52,0.42263,21,-34.11,-45.23,0.07877,4,15,11.99,41.78,0.26408,5,-23,6.82,0.58825,20,-17.21,-40.7,0.14381,21,-61.07,-34.57,0.00387,4,18,-2.62,39.63,0.38671,17,28.32,37.34,0.47942,21,15.29,-121.64,0.07443,22,-16.45,-123.75,0.05945,4,17,1.99,36.78,0.37174,16,40.06,36.54,0.48992,21,-5.86,-105.94,0.08548,22,-38.99,-110.12,0.05285,4,17,-16.11,38.11,0.15263,16,22.01,34.6,0.67092,15,84.13,35.12,0.09301,21,-19.33,-93.78,0.08345,4,15,58.28,26.79,0.76841,20,5.96,-83.48,0.1554,21,-42.45,-79.51,0.05877,22,-77.91,-87.27,0.01742,2,21,54.7,-18.72,0.186,22,13.05,-17.57,0.814,3,20,73.78,-19.39,0.03214,21,31.64,-22.79,0.69855,22,-9.52,-23.8,0.26931,3,20,52.11,-22.56,0.24514,21,9.76,-23.7,0.68855,22,-31.22,-26.77,0.0663,2,20,22.61,-19.56,0.9205,21,-19.27,-17.66,0.0795],"hull":36,"edges":[2,4,24,26,30,32,36,38,48,50,50,52,52,54,54,56,56,58,58,60,60,62,62,64,68,66,66,64,68,70,2,0,70,0,4,6,6,8,8,10,10,12,12,14,16,18,14,16,18,20,22,24,20,22,26,28,28,30,32,34,34,36,42,44,46,48,44,46,38,40,40,42],"width":216,"height":234}},"crossbow":{"crossbow":{"type":"mesh","uvs":[0.80371,0.43332,0.75073,0.3911,0.82048,0.31932,0.80127,0.28064,0.74285,0.27358,0.69605,0.22447,0.66243,0.15401,0.6499,0.09616,0.69183,0.00436,0.71778,0.01595,0.7067,0.07863,0.7179,0.11019,0.74095,0.13253,0.75064,0.09178,0.80212,0.10584,0.85987,0.13016,0.91578,0.16283,0.95792,0.18746,0.97193,0.24591,0.95967,0.31361,0.98154,0.3705,0.98034,0.43838,0.9441,0.45909,0.93306,0.56019,0.9943,0.6045,0.98093,0.62735,0.89673,0.65306,0.85433,0.70634,0.85552,0.75658,0.8149,0.85305,0.71651,0.88643,0.60243,0.92513,0.51453,0.92556,0.42027,0.92601,0.34062,0.92639,0.26059,0.92678,0.22456,1,0.1785,0.98651,0.19771,0.88799,0.26596,0.84285,0.34011,0.81693,0.43914,0.78232,0.52885,0.76728,0.58046,0.79429,0.67399,0.74915,0.65809,0.71872,0.59665,0.68193,0.67663,0.63488,0.51061,0.59927,0.45015,0.69789,0.34486,0.68999,0.22969,0.51203,0.05066,0.54421,0.02283,0.4877,0.00269,0.40787,0.00718,0.3503,0.10109,0.25118,0.17525,0.25495,0.46144,0.35083,0.50932,0.41854,0.71653,0.47554,0.72123,0.44387,0.75588,0.44416,0.37517,0.45236],"triangles":[12,6,11,12,5,6,11,7,10,11,6,7,12,13,14,7,8,10,10,8,9,16,18,3,18,2,3,17,18,16,3,15,16,14,15,3,5,12,4,14,3,12,12,3,4,23,0,22,0,2,22,21,22,20,20,22,2,19,20,2,0,1,2,19,2,18,36,37,35,37,38,35,35,39,34,35,38,39,39,40,34,34,40,33,33,41,32,33,40,41,32,43,31,32,42,43,32,41,42,31,43,30,43,44,30,30,44,29,29,44,28,44,27,28,27,44,47,44,45,47,45,46,47,27,47,26,26,47,60,26,23,25,26,0,23,25,23,24,0,26,60,0,60,62,49,50,48,50,63,48,50,51,63,60,61,62,47,48,60,63,59,48,48,59,60,52,53,51,55,63,51,51,53,54,55,51,54,63,55,57,55,56,57,63,58,59,63,57,58],"vertices":[2,38,91.24,17.5,0.16731,39,18.48,8.61,0.83269,1,39,24.5,18.18,1,2,39,37.12,7.39,0.80304,40,2.88,10.04,0.19696,2,39,43.08,11.19,0.13917,40,9.09,6.68,0.86083,1,40,17.96,11.3,1,2,40,29.01,9.17,0.51075,41,-1.07,9.38,0.48925,1,41,11.53,7.37,1,1,41,20.39,3.64,1,1,41,28.32,-10.82,1,1,41,24.22,-13.31,1,1,41,17.07,-5.87,1,1,41,11.81,-4.43,1,2,40,31.03,-7.44,0.22962,41,6.58,-5.51,0.77038,2,40,33.37,-13.84,0.41789,41,10.99,-10.69,0.58211,2,40,24.84,-16.85,0.67819,41,4.03,-16.47,0.32181,2,40,14.5,-19.09,0.94019,41,-4.89,-22.16,0.05981,2,39,63.8,-6.52,0.07105,40,3.66,-20.03,0.92895,2,39,60.46,-14.01,0.20287,40,-4.51,-20.74,0.79713,2,39,51.23,-17.21,0.44827,40,-11.79,-14.23,0.55173,2,39,40.12,-16.1,0.86947,40,-16.2,-3.98,0.13053,1,39,31.27,-20.61,1,1,39,20.3,-21.38,1,1,39,16.42,-15.53,1,2,42,-11.9,10.71,0.52754,39,-0.06,-15.1,0.47246,2,42,-12.34,23.35,0.78908,39,-6.3,-26.11,0.21092,2,42,-8.01,23.73,0.79371,39,-10.19,-24.17,0.20629,1,42,3.86,14.72,1,1,42,15.09,14.07,1,1,42,21.5,19.09,1,2,42,38.17,22.86,0.82854,43,-16.47,15.89,0.17146,2,42,52.48,12.65,0.21901,43,0.96,18.18,0.78099,1,43,21.16,20.84,1,2,43,35.87,18.2,0.78223,44,-3.43,18.72,0.21777,2,43,51.65,15.38,0.103,44,11.91,14.1,0.897,1,44,24.88,10.19,1,1,44,37.91,6.26,1,1,44,47.24,15.81,1,1,44,54.08,11.43,1,1,44,46.28,-2.88,1,1,44,33.05,-6.47,1,1,44,19.77,-6.79,1,2,43,44.28,-6.94,0.26217,44,2.03,-7.22,0.73783,1,43,28.84,-6.57,1,1,43,21,-0.68,1,2,42,38.93,-6.41,0.42988,43,4.04,-5,0.57012,3,38,80.21,-33.77,0.09074,42,36.58,-11.52,0.69828,43,5.81,-10.33,0.21097,3,38,68.53,-30.93,0.14132,42,38.02,-23.46,0.75635,43,15,-18.09,0.10233,2,38,79.49,-19.85,0.45284,42,23.8,-17.08,0.54716,1,38,50.77,-22.1,1,1,38,45.3,-40.29,1,1,38,27.75,-44,1,1,38,0.97,-21.7,1,1,38,-26.85,-35.11,1,1,38,-33.92,-27.62,1,1,38,-40.78,-16.14,1,1,38,-42.62,-6.96,1,1,38,-31.71,12.88,1,1,38,-19.43,15.77,1,1,38,31.62,14.28,1,1,38,42.48,5.98,1,2,38,78.88,6.83,0.93211,39,10.36,22.77,0.06789,2,38,78.23,11.98,0.83444,39,15.54,22.42,0.16556,2,38,83.91,13.57,0.70204,39,16.01,16.55,0.29796,1,38,22.07,-5.58,1],"hull":63,"edges":[34,36,70,72,72,74,100,102,102,104,104,106,106,108,108,110,110,112,112,114,114,116,98,100,98,96,96,94,94,92,92,90,90,88,88,86,86,84,84,82,116,118,118,120,120,122,122,124,124,0,0,2,2,4,4,6,6,8,8,10,10,12,12,14,14,16,16,18,18,20,20,22,22,24,24,26,26,28,28,30,30,32,32,34,36,38,38,40,40,42,42,44,44,46,46,48,52,50,52,54,56,58,54,56,74,76,76,78,78,80,80,82,68,70,66,68,62,64,64,66,58,60,60,62,48,50,110,126],"width":170,"height":162}},"day":{"day":{"type":"mesh","uvs":[1,0.01215,0.57437,0.4476,0.03442,1,0,0.98979,0.53855,0.43868,0.96724,0],"triangles":[1,4,5,1,2,4,0,1,5,2,3,4],"vertices":[1,41,16.91,0.39,1,1,53,2.34,2.64,1,1,44,37.02,-2.01,1,1,44,39.1,-4,1,1,53,-0.57,2.89,1,1,41,19.6,1.49,1],"hull":6,"edges":[6,4,0,10,0,2,2,4,6,8,8,10],"width":75,"height":127}},"eyes_close":{"eyes_close":{"x":63.2,"y":-32.03,"rotation":-95.47,"width":82,"height":45}},"eyes_open":{"eyes_open":{"x":64.69,"y":-32.17,"rotation":-95.47,"width":86,"height":58}},"hand_right":{"hand_right":{"x":12.14,"y":0.12,"rotation":108.43,"width":39,"height":38}},"head":{"head":{"type":"mesh","uvs":[0.4652,0.02532,0.60692,0.06367,0.73975,0.1419,0.89162,0.23134,0.9766,0.3588,0.94677,0.45756,0.91711,0.55575,0.93123,0.61518,1,0.7129,0.88043,0.84757,0.61981,1,0.56293,1,0.37376,0.94047,0.20869,0.85748,0.07114,0.75037,0.03557,0.68715,0,0.58088,0.0301,0.47229,0.05088,0.39731,0.07417,0.31331,0.10476,0.20295,0.08089,0.16354,0.01115,0.1291,0.01204,0.09024,0.19108,0.0038,0.33425,0.00417,0.36022,0.81279,0.32555,0.7517,0.35636,0.63843,0.44495,0.52006,0.52968,0.4157,0.63367,0.32279,0.76077,0.28588,0.86605,0.38643,0.89815,0.49461,0.40833,0.79797,0.50492,0.82669,0.61118,0.84585,0.68431,0.8308,0.72571,0.88278],"triangles":[13,26,12,12,36,11,11,37,10,32,2,3,33,3,4,31,1,2,31,0,1,30,25,0,21,23,24,22,23,21,20,21,24,25,30,20,20,24,25,29,18,19,17,18,28,16,17,28,15,16,28,14,15,28,13,14,27,10,37,39,12,35,36,12,26,35,31,2,32,33,32,3,31,30,0,5,33,4,34,33,5,6,34,5,30,19,20,30,29,19,28,18,29,27,14,28,36,35,28,27,28,35,26,27,35,29,37,36,36,28,29,31,32,33,34,30,31,30,6,38,33,34,31,6,30,34,38,6,7,9,38,7,38,29,30,38,37,29,8,9,7,13,27,26,39,38,9,11,36,37,37,38,39,10,39,9],"vertices":[2,50,10.73,-62.72,0.18817,51,28.34,9.82,0.81183,2,51,16.43,-21.65,0.87683,52,41.58,43.06,0.12317,2,51,-4.46,-50.2,0.33424,52,20.69,14.5,0.66576,1,52,-3.2,-18.14,1,2,6,97.74,-118.35,0.28442,52,-34.36,-34.71,0.71558,1,6,75.68,-109.38,1,1,6,53.75,-100.45,1,1,6,39.78,-102.36,1,1,6,15.8,-115.89,1,1,6,-12.55,-85.66,1,1,5,-17.42,-17.25,1,1,5,-14.86,-4.47,1,1,5,7.12,35.31,1,3,6,-0.16,67.68,0.13588,48,-20.35,-7.44,0.64059,5,33.33,68.61,0.22353,2,48,7.29,21.55,0.84449,49,-67.5,7.4,0.15551,2,48,22.6,28.27,0.64886,49,-52.19,14.11,0.35114,2,48,47.82,34.03,0.32284,49,-26.97,19.88,0.67716,1,49,-2.66,10.63,1,2,49,14.13,4.24,0.92563,50,-65.76,39.92,0.07437,3,6,127.91,86.36,0.08099,49,32.93,-2.92,0.62802,50,-46.95,32.76,0.29099,3,6,152.62,76.95,0.05719,49,57.64,-12.33,0.20963,50,-22.24,23.36,0.73318,2,49,67.23,-7.75,0.07056,50,-12.66,27.93,0.92944,1,50,-3.21,43.07,1,1,50,5.7,42.01,1,1,50,21.67,-0.71,1,2,50,18.46,-33.34,0.61354,51,36.07,39.2,0.38646,1,6,6.81,32.16,1,1,6,21.61,38.71,1,1,6,46.99,29.19,1,1,6,72.27,6.39,1,1,6,94.42,-15.22,1,1,6,113.51,-40.98,1,1,6,119.22,-70.76,1,1,6,93.8,-92.54,1,1,6,68.22,-97.48,1,1,6,9.17,20.86,1,1,6,0.45,-0.52,1,1,6,-6.27,-24.32,1,1,6,-4.41,-41.33,1,1,6,-17.27,-49.62,1],"hull":26,"edges":[6,8,12,14,14,16,16,18,18,20,20,22,28,30,40,42,42,44,44,46,46,48,32,34,34,36,36,38,38,40,48,50,2,0,50,0,2,4,4,6,8,10,10,12,26,28,22,24,26,24,52,54,54,56,56,58,58,60,60,62,62,64,64,66,66,68,30,32,70,72,72,74,74,76,76,78],"width":229,"height":231}},"leg_left":{"leg_left":{"type":"mesh","uvs":[0.46504,0.02665,0.56034,0.06689,0.59962,0.21061,0.61945,0.28315,0.63758,0.34948,0.66498,0.44972,0.75674,0.50536,0.78576,0.61942,0.74314,0.69414,0.74258,0.76244,0.82446,0.80436,0.94841,0.86783,1,0.95966,1,0.9709,0.7064,0.99897,0.4462,0.94754,0.3323,0.92503,0.16711,0.87674,0.16424,0.81826,0.15679,0.72938,0.0897,0.66899,0.02381,0.57989,0.10563,0.51002,0.10588,0.43362,0.08004,0.34698,0.04845,0.24107,0,0.11099,0,0.07784,0.16559,0.01184,0.39557,0.01169,0.46208,0.8041,0.39961,0.298,0.37851,0.47411],"triangles":[14,15,10,13,14,12,14,10,11,10,30,9,30,10,15,14,11,12,15,16,30,16,17,30,17,18,30,18,19,30,9,30,8,8,30,19,20,8,19,7,8,20,22,32,21,32,7,20,6,32,5,32,6,7,32,20,21,22,23,32,32,4,5,32,23,31,32,31,4,23,24,31,31,3,4,24,25,31,31,2,3,2,25,1,0,1,26,25,2,31,29,0,26,26,28,29,26,1,25,26,27,28],"vertices":[1,24,0.16,16.97,1,1,24,8.09,21.63,1,1,24,32.08,18.9,1,1,24,44.19,17.53,1,2,24,55.26,16.26,0.86965,25,-11.03,13.99,0.13035,2,24,71.99,14.36,0.09759,25,5.66,16.24,0.90241,1,25,14.78,22.55,1,1,25,33.77,24.97,1,2,25,46.32,22.5,0.83035,26,8.64,28.53,0.16965,2,25,57.73,22.77,0.39893,26,14.93,19.02,0.60107,2,25,64.58,28.36,0.1016,26,23.31,16.19,0.8984,1,26,36,11.91,1,1,26,47.34,1.04,1,1,26,48.38,-0.52,1,1,26,34.86,-15.17,1,1,26,15.8,-17.55,1,1,26,7.46,-18.59,1,2,25,77.83,-14.69,0.37506,26,-6.08,-17.93,0.62494,2,25,68.07,-15.14,0.7476,26,-11.66,-9.91,0.2524,1,25,53.24,-16.03,1,1,25,43.28,-20.73,1,1,25,28.52,-25.47,1,2,24,73.72,-23.87,0.05573,25,16.71,-20.39,0.94427,2,24,61.27,-21.05,0.42363,25,3.96,-20.72,0.57637,2,24,46.78,-19.55,0.91215,25,-10.46,-22.81,0.08785,1,24,29.07,-17.7,1,1,24,7.17,-16.06,1,1,24,1.77,-14.85,1,1,24,-6.59,-1.77,1,1,24,-3.28,13.04,1,2,25,65.18,4.45,0.27565,26,3.39,2.96,0.72435,1,24,43.42,2.83,1,1,25,10.24,-2.55,1],"hull":30,"edges":[0,58,0,2,10,12,12,14,14,16,16,18,22,24,24,26,26,28,42,44,44,46,50,52,52,54,54,56,56,58,34,32,28,30,30,32,18,20,20,22,34,36,36,38,38,40,40,42,46,48,48,50,8,10,6,8,2,4,4,6],"width":66,"height":167}},"leg_right":{"leg_right":{"type":"mesh","uvs":[0.93207,0.04477,0.99086,0.11297,0.90975,0.38583,0.94804,0.51003,0.97217,0.58829,0.90439,0.66665,0.85106,0.73146,0.84439,0.79838,0.83065,0.88017,0.71982,0.91474,0.34754,0.98841,0.14115,0.98824,0,0.96272,0,0.96054,0.05194,0.86823,0.2567,0.76302,0.22665,0.68908,0.22676,0.51521,0.3465,0.44396,0.34851,0.39511,0.43401,0.11062,0.59385,0.01163,0.84844,0.01188,0.54572,0.76044,0.60453,0.497],"triangles":[24,19,2,19,20,2,2,20,1,1,20,21,0,21,22,1,21,0,8,23,7,7,23,6,15,16,23,23,16,24,24,16,17,6,23,5,24,17,18,5,23,24,4,24,3,4,5,24,24,2,3,18,19,24,10,14,15,10,23,9,10,15,23,11,13,14,10,11,14,11,12,13,9,23,8],"vertices":[1,27,-9.69,13.23,1,1,27,1.22,18.31,1,2,28,-14.05,19.52,0.06947,27,47.09,17.9,0.93053,2,28,6.69,22.05,0.77847,27,67.44,22.64,0.22153,1,28,19.76,23.64,1,1,28,32.84,19.17,1,1,28,43.67,15.65,1,2,29,-13.57,7.14,0.23561,28,54.84,15.21,0.76439,2,29,-4.97,17.8,0.81572,28,68.5,14.3,0.18428,1,29,4.33,18.32,1,1,29,31.51,14.26,1,1,29,42.64,6.4,1,1,29,47.81,-2.44,1,1,29,47.6,-2.74,1,1,29,35.93,-13.38,1,2,29,14.77,-19.99,0.56983,28,48.94,-23.58,0.43017,2,29,9.3,-31.23,0.16665,28,36.59,-25.56,0.83335,2,28,7.55,-25.55,0.93693,27,73.43,-24.59,0.06307,2,28,-4.34,-17.65,0.48945,27,60.75,-18.02,0.51055,2,28,-12.5,-17.52,0.14034,27,52.62,-18.76,0.85966,1,27,4.78,-18.27,1,1,27,-12.79,-9.56,1,1,27,-14.56,7.15,1,2,29,-1.08,-9.37,0.14628,28,48.51,-4.5,0.85372,1,28,4.51,-0.62,1],"hull":23,"edges":[0,44,0,2,2,4,16,18,18,20,20,22,22,24,24,26,26,28,28,30,30,32,32,34,34,36,36,38,38,40,40,42,42,44,16,14,14,12,12,10,10,8,4,6,6,8],"width":66,"height":167}},"shadiow":{"shadiow":{"type":"mesh","uvs":[1,1,0,1,0,0,1,0],"triangles":[1,2,3,1,3,0],"vertices":[82.95,-32.17,-82.05,-32.17,-82.05,28.83,82.95,28.83],"hull":4,"edges":[0,2,2,4,4,6,0,6],"width":165,"height":61}},"shoulder":{"shoulder":{"x":-0.79,"y":26.74,"rotation":133.59,"width":132,"height":76}},"torso":{"torso":{"type":"mesh","uvs":[0.41454,0.00703,0.5282,0.00136,0.6376,0.02539,0.7262,0.05276,0.81006,0.099,0.84518,0.14966,0.87622,0.19266,0.91957,0.24031,0.93088,0.28955,0.91803,0.33389,0.89794,0.37264,0.85019,0.40784,0.84948,0.44003,0.84939,0.48551,0.84932,0.52574,0.87028,0.57428,0.92529,0.6248,0.91716,0.67556,0.94459,0.73434,0.96962,0.78798,1,0.85308,0.91746,0.90069,0.83171,0.94537,0.73492,0.97891,0.60313,0.99002,0.46075,0.98108,0.33434,0.94856,0.21874,0.91883,0.08925,0.88552,0.02946,0.8713,0.0267,0.82898,0.07422,0.76464,0.11668,0.70716,0.15805,0.65115,0.22646,0.61091,0.22985,0.56561,0.19145,0.48505,0.16026,0.42672,0.17139,0.37681,0.15589,0.32136,0.16003,0.27384,0.15978,0.18638,0.2046,0.10822,0.29551,0.0401,0.6376,0.23604,0.67326,0.31774,0.69363,0.4288,0.69533,0.51178,0.70552,0.60753,0.71996,0.7605,0.72845,0.8256,0.73185,0.88177,0.36029,0.85979,0.3797,0.77848,0.39634,0.69716,0.41299,0.63356,0.41299,0.55954,0.41715,0.48448,0.42131,0.40211,0.4324,0.30099],"triangles":[44,1,2,44,2,3,44,3,4,44,4,5,59,40,41,42,43,59,59,41,42,39,40,59,44,0,1,43,0,59,45,44,6,45,7,8,56,47,48,57,58,46,58,38,59,44,59,0,59,44,45,10,45,9,58,59,45,11,45,10,46,45,11,58,45,46,12,46,11,13,46,12,47,46,13,57,46,47,9,45,8,56,57,47,14,47,13,45,6,7,44,5,6,38,39,59,58,36,37,58,37,38,57,36,58,55,56,48,54,55,48,48,47,14,48,14,15,17,15,16,17,48,15,17,49,48,49,17,18,50,49,18,50,18,19,21,51,50,19,21,50,20,21,19,22,51,21,23,51,22,50,24,52,51,24,50,24,25,52,26,52,25,23,24,51,49,54,48,53,54,49,50,53,49,57,35,36,56,35,57,34,35,56,55,34,56,54,34,55,54,33,34,53,33,54,32,33,53,26,27,52,53,50,52,53,31,32,52,31,53,28,29,30,31,28,30,31,27,28,52,27,31],"vertices":[2,5,16.32,3.53,0.92475,11,-1.45,-19.14,0.07525,2,5,14.75,-8.44,0.84339,7,2.06,21.39,0.15661,2,5,9.15,-19.14,0.41899,7,13.98,19.39,0.58101,2,5,3.52,-27.6,0.15647,7,23.76,16.67,0.84353,2,4,36.16,-35.23,0.17785,7,33.36,11.24,0.82215,2,4,28.57,-37.91,0.51948,7,37.9,4.59,0.48052,2,4,22.1,-40.31,0.80894,7,41.88,-1.05,0.19106,2,4,14.8,-43.91,0.91889,7,47.23,-7.18,0.08111,2,4,7.75,-44.11,0.97869,7,49.25,-13.93,0.02131,1,4,1.76,-41.88,1,2,4,-3.35,-39,0.94879,7,47.16,-25.97,0.05121,3,35,1.98,32.72,0.09968,4,-7.55,-33.29,0.78487,7,42.72,-31.5,0.11544,4,35,1.9,28.18,0.22854,3,23.98,-34.31,0.05754,4,-12.03,-32.57,0.58695,7,43.18,-36.02,0.12697,4,35,1.89,21.77,0.41013,3,17.58,-33.97,0.0949,4,-18.38,-31.66,0.4038,7,43.93,-42.38,0.09117,4,35,1.88,16.1,0.58963,3,11.91,-33.66,0.09507,4,-23.99,-30.85,0.26305,7,44.59,-48.02,0.05226,3,35,4.11,9.25,0.92035,4,-31.08,-32.08,0.06092,7,47.6,-54.55,0.01873,3,36,-6.19,10.26,0.2562,35,9.94,2.13,0.74309,7,54.23,-60.94,0.00071,2,36,0.17,6.88,0.77429,35,9.08,-5.03,0.22571,2,37,-4.58,6.39,0.08224,36,8.95,6.61,0.91776,2,37,3.44,6.55,0.90364,36,16.96,6.36,0.09636,1,37,13.16,6.75,1,2,34,8.65,34.72,0.06179,37,16.81,-3.66,0.93821,2,34,15.07,25.72,0.39412,37,19.96,-14.26,0.60588,2,34,19.94,15.52,0.73034,37,21.26,-25.48,0.26966,1,34,21.7,1.57,1,2,31,29.58,42.43,0.1605,34,20.65,-13.53,0.8395,4,32,14.63,29.5,0.06014,31,31.9,28.46,0.40081,33,29.13,-29.27,0.10361,34,16.25,-26.99,0.43545,4,32,17.36,16.84,0.32293,31,34.02,15.68,0.44638,33,23.17,-40.76,0.06434,34,12.22,-39.3,0.16635,1,32,20.42,2.66,1,1,32,21.98,-3.8,1,1,32,17.02,-7.14,1,1,32,6.65,-7.5,1,2,32,-2.62,-7.83,0.75428,31,12.87,-7.99,0.24572,2,32,-11.64,-8.15,0.1051,31,3.83,-7.87,0.8949,2,31,-4.6,-4.18,0.4513,30,-6.25,1.49,0.5487,2,30,-5.89,7.88,0.84219,3,9.75,32.21,0.15781,3,30,-9.96,19.24,0.54908,3,21.31,35.67,0.31534,11,40.63,38.58,0.13558,3,30,-13.27,27.47,0.42779,3,29.69,38.54,0.34075,11,41.42,29.75,0.23146,3,30,-12.09,34.5,0.3246,3,36.66,36.99,0.32159,11,38.26,23.35,0.35381,3,30,-13.73,42.32,0.19816,3,44.55,38.22,0.23548,11,37.58,15.39,0.56636,3,30,-13.29,49.02,0.10535,3,51.22,37.43,0.13626,11,35.23,9.1,0.75839,1,11,31.7,-2.72,1,2,5,6.7,28.15,0.0687,11,23.97,-11.9,0.9313,2,5,14.23,16.82,0.37967,11,11.97,-18.31,0.62033,2,4,19.62,-14.41,0.45333,7,17.48,-10.1,0.54667,1,4,7.68,-16.52,1,1,4,-8.13,-16.44,1,3,35,-14.44,18.06,0.1194,3,14.74,-17.47,0.11324,4,-19.73,-14.97,0.76736,4,2,15.45,5.9,0.3029,35,-13.36,4.56,0.44537,3,1.2,-17.84,0.13834,4,-33.25,-14.13,0.11339,4,2,16.98,-15.67,0.08046,33,8.97,15.09,0.49398,37,-8.5,-17.39,0.07888,36,3.82,-16.93,0.34668,4,33,18.19,14.62,0.29937,34,-1.66,14.54,0.28494,37,0.51,-19.4,0.23222,36,12.71,-19.4,0.18347,4,33,26.07,13.8,0.08952,34,6.25,15.01,0.5419,37,8.14,-21.52,0.31081,36,20.23,-21.91,0.05777,3,31,19.57,24.95,0.4687,33,17.16,-24.69,0.20576,34,3.69,-24.42,0.32555,4,31,8.5,21.33,0.45532,30,9.99,-22.13,0.07705,33,6.13,-20.96,0.34926,34,-7.8,-22.52,0.11838,4,31,-2.43,17.44,0.25998,30,11.76,-10.67,0.2855,33,-4.95,-17.51,0.29254,3,-9.7,15.56,0.16198,3,30,13.52,-1.7,0.44369,33,-13.55,-14.44,0.10561,3,-0.84,13.32,0.4507,3,30,13.52,8.74,0.29892,3,9.58,12.77,0.45031,4,-22.17,15.61,0.25077,3,30,13.96,19.32,0.1513,3,20.13,11.78,0.41389,4,-11.75,13.68,0.43481,3,30,14.4,30.94,0.07257,3,31.7,10.73,0.40177,4,-0.32,11.6,0.52566,1,4,13.63,8.42,1],"hull":44,"edges":[40,42,56,58,58,60,60,62,62,64,64,66,66,68,68,70,70,72,36,34,40,38,38,36,34,32,32,30,30,28,24,26,26,28,24,22,22,20,20,18,18,16,16,14,14,12,12,10,10,8,8,6,74,72,74,76,78,80,76,78,80,82,82,84,84,86,86,0,0,2,4,6,2,4,48,50,48,46,42,44,46,44,54,56,50,52,52,54],"width":106,"height":141}}}}],"events":{"finished_attacking":{}},"animations":{"attack_above":{"slots":{"arrow":{"attachment":[{"time":0.4,"name":"arrow"},{"time":0.7333,"name":null}]},"arrow2":{"attachment":[{"time":0.2333,"name":"arrow"},{"time":0.4,"name":null}]},"eyes_close":{"attachment":[{"name":null},{"time":0.8333,"name":"eyes_close"},{"time":0.9,"name":null}]},"eyes_open":{"attachment":[{"time":0.8333,"name":null},{"time":0.9,"name":"eyes_open"}]}},"bones":{"coat":{"rotate":[{"angle":4.76,"curve":0.25,"c3":0.75},{"time":0.7,"angle":-4.78,"curve":0.284,"c3":0.625,"c4":0.38},{"time":0.8,"angle":-27.63,"curve":0.32,"c2":0.29,"c3":0.757},{"time":1.2,"angle":4.76}]},"torso5":{"rotate":[{"curve":0.25,"c3":0.75},{"time":0.2667,"angle":-7.4,"curve":0.25,"c3":0.75},{"time":0.5667,"angle":10,"curve":0.25,"c3":0.75},{"time":0.7,"angle":-1.69,"curve":0.25,"c3":0.75},{"time":0.8,"angle":3.61,"curve":0.25,"c3":0.75},{"time":1.2}]},"torso":{"rotate":[{"time":0.7,"curve":0.25,"c3":0.75},{"time":0.7667,"angle":13.51,"curve":0.25,"c3":0.75},{"time":0.8667,"angle":5.91,"curve":0.25,"c3":0.75},{"time":1.2}],"translate":[{"curve":0.25,"c3":0.625,"c4":0.5},{"time":0.4,"x":3.94,"y":-5.26,"curve":0.25,"c3":0.625,"c4":0.5},{"time":0.7,"x":17.73,"y":-4.61,"curve":0.334,"c2":0.34,"c3":0.668,"c4":0.67},{"time":0.7667,"x":-43.04,"y":2.74,"curve":0.338,"c2":0.35,"c3":0.673,"c4":0.69},{"time":0.8667,"x":-29.49,"y":-0.33,"curve":0.382,"c2":0.57,"c3":0.735},{"time":1.2}]},"arm_left_3":{"rotate":[{"curve":0.25,"c3":0.75},{"time":0.3333,"angle":71.06,"curve":0.25,"c3":0.75},{"time":0.7,"angle":-5.32}]},"head":{"rotate":[{"curve":0.25,"c3":0.75},{"time":0.2667,"angle":-7.4,"curve":0.25,"c3":0.75},{"time":0.5667,"angle":10,"curve":0.25,"c3":0.75},{"time":0.7,"angle":-0.98,"curve":0.25,"c3":0.75},{"time":0.8,"angle":-15.1,"curve":0.25,"c3":0.75},{"time":1.2}],"translate":[{"x":-0.58,"y":0.06,"curve":0.366,"c2":0.63,"c3":0.703},{"time":0.0667,"x":0.35,"y":-0.04,"curve":0.25,"c3":0.75},{"time":1.2,"x":-0.58,"y":0.06}]},"arm_left_2":{"rotate":[{"angle":-35.89,"curve":0.252,"c3":0.623,"c4":0.49},{"time":0.3333,"angle":-53.39,"curve":0.373,"c2":0.49,"c3":0.751},{"time":0.7,"angle":-50.87,"curve":0.276,"c3":0.621,"c4":0.4},{"time":0.7667,"angle":-78.31,"curve":0.333,"c2":0.33,"c3":0.758},{"time":0.9667,"angle":18.03,"curve":0.25,"c3":0.75},{"time":1.2,"angle":-35.89}]},"torso10":{"rotate":[{"angle":1.54,"curve":0.375,"c2":0.62,"c3":0.716},{"time":0.1,"curve":0.25,"c3":0.75},{"time":0.8,"angle":11.82,"curve":0.243,"c3":0.68,"c4":0.71},{"time":1.2,"angle":1.54}]},"arm_right_1":{"rotate":[{"angle":-58.29,"curve":0.243,"c3":0.649,"c4":0.6},{"time":0.2333,"angle":97.98,"curve":0.356,"c2":0.42,"c3":0.696,"c4":0.78},{"time":0.3333,"angle":92.66,"curve":0.366,"c2":0.63,"c3":0.703},{"time":0.4,"angle":53.32,"curve":0.243,"c3":0.685,"c4":0.73},{"time":0.7,"angle":78.4,"curve":0.373,"c2":0.62,"c3":0.713},{"time":0.7667,"angle":53.32,"curve":0.25,"c3":0.75},{"time":1.2,"angle":-58.29}]},"torso9":{"rotate":[{"angle":-0.87,"curve":0.375,"c2":0.62,"c3":0.716},{"time":0.1,"curve":0.25,"c3":0.75},{"time":0.8,"angle":-6.68,"curve":0.243,"c3":0.68,"c4":0.71},{"time":1.2,"angle":-0.87}]},"torso11":{"rotate":[{"angle":4.3,"curve":0.349,"c2":0.39,"c3":0.689,"c4":0.74},{"time":0.1,"angle":1.54,"curve":0.375,"c2":0.62,"c3":0.716},{"time":0.2,"curve":0.25,"c3":0.75},{"time":0.9,"angle":11.82,"curve":0.245,"c3":0.637,"c4":0.56},{"time":1.2,"angle":4.3}]},"torso4":{"rotate":[{"curve":0.25,"c3":0.75},{"time":0.2667,"angle":-7.4,"curve":0.25,"c3":0.75},{"time":0.5667,"angle":10,"curve":0.25,"c3":0.75},{"time":0.7,"angle":-1.69,"curve":0.25,"c3":0.75},{"time":0.8,"angle":17.19,"curve":0.25,"c3":0.75},{"time":1.2}],"translate":[{"x":1.8,"y":0.16,"curve":0.366,"c2":0.63,"c3":0.703},{"time":0.0667,"x":2.2,"y":0.2,"curve":0.25,"c3":0.75},{"time":0.7667,"x":-3.57,"y":-0.32,"curve":0.244,"c3":0.7,"c4":0.79},{"time":1.2,"x":1.8,"y":0.16}]},"head2":{"translate":[{"x":-3.21,"y":5.43,"curve":0.25,"c3":0.75},{"time":0.7,"x":4.52,"y":-7.59,"curve":0.25,"c3":0.75},{"time":1.2,"x":-3.21,"y":5.43}]},"head4":{"translate":[{"x":-0.46,"y":3.07,"curve":0.38,"c2":0.59,"c3":0.727},{"time":0.1333,"x":0.02,"y":5.12,"curve":0.25,"c3":0.75},{"time":0.8333,"x":-2.39,"y":-5.02,"curve":0.242,"c3":0.663,"c4":0.65},{"time":1.2,"x":-0.46,"y":3.07}]},"coat9":{"rotate":[{"angle":3.07,"curve":0.311,"c2":0.26,"c3":0.651,"c4":0.61},{"time":0.1,"angle":0.85,"curve":0.33,"c2":0.32,"c3":0.67,"c4":0.68},{"time":0.2,"angle":-1.58,"curve":0.349,"c2":0.39,"c3":0.689,"c4":0.74},{"time":0.3,"angle":-3.73,"curve":0.375,"c2":0.62,"c3":0.716},{"time":0.4,"angle":-4.92,"curve":0.255,"c3":0.62,"c4":0.47},{"time":0.7,"angle":-5.42,"curve":0.332,"c2":0.33,"c3":0.666,"c4":0.67},{"time":0.7667,"angle":-32.47,"curve":0.334,"c2":0.34,"c3":0.668,"c4":0.67},{"time":0.8,"angle":-40.64,"curve":0.336,"c2":0.34,"c3":0.671,"c4":0.68},{"time":0.8667,"angle":30.26,"curve":0.351,"c2":0.4,"c3":0.689,"c4":0.75},{"time":1.0333,"angle":36.45,"curve":0.373,"c2":0.62,"c3":0.712},{"time":1.2,"angle":3.07}]},"head5":{"translate":[{"x":-4.52,"y":1.24,"curve":0.34,"c2":0.35,"c3":0.684,"c4":0.72},{"time":0.1333,"x":-1.39,"y":3.64,"curve":0.38,"c2":0.59,"c3":0.727},{"time":0.2667,"x":0.49,"y":5.08,"curve":0.25,"c3":0.75},{"time":0.9667,"x":-8.78,"y":-2.02,"curve":0.252,"c3":0.622,"c4":0.48},{"time":1.2,"x":-4.52,"y":1.24}]},"head6":{"translate":[{"x":-4.7,"y":-0.8,"curve":0.307,"c2":0.25,"c3":0.651,"c4":0.62},{"time":0.1333,"x":-1.87,"y":-0.59,"curve":0.34,"c2":0.35,"c3":0.684,"c4":0.72},{"time":0.2667,"x":1.03,"y":-0.39,"curve":0.38,"c2":0.59,"c3":0.727},{"time":0.4,"x":2.77,"y":-0.27,"curve":0.25,"c3":0.75},{"time":1.1,"x":-5.81,"y":-0.87,"curve":0.284,"c3":0.625,"c4":0.38},{"time":1.2,"x":-4.7,"y":-0.8}]},"coat8":{"rotate":[{"angle":0.85,"curve":0.33,"c2":0.32,"c3":0.67,"c4":0.68},{"time":0.1,"angle":-1.58,"curve":0.349,"c2":0.39,"c3":0.689,"c4":0.74},{"time":0.2,"angle":-3.73,"curve":0.375,"c2":0.62,"c3":0.716},{"time":0.3,"angle":-4.92,"curve":0.246,"c3":0.633,"c4":0.54},{"time":0.7,"angle":-3.69,"curve":0.338,"c2":0.35,"c3":0.672,"c4":0.68},{"time":0.7667,"angle":-31.32,"curve":0.337,"c2":0.35,"c3":0.671,"c4":0.68},{"time":0.8,"angle":-38.97,"curve":0.339,"c2":0.35,"c3":0.672,"c4":0.69},{"time":0.8667,"angle":31.75,"curve":0.352,"c2":0.42,"c3":0.688,"c4":0.76},{"time":1.0333,"angle":34.74,"curve":0.363,"c2":0.64,"c3":0.7},{"time":1.2,"angle":0.85}]},"head7":{"translate":[{"x":-1.42,"y":2.85,"curve":0.352,"c2":0.65,"c3":0.687},{"time":0.0333,"x":-1.58,"y":2.95,"curve":0.284,"c3":0.625,"c4":0.38},{"time":0.1333,"x":-0.67,"y":2.38,"curve":0.307,"c2":0.25,"c3":0.651,"c4":0.62},{"time":0.2667,"x":1.65,"y":0.93,"curve":0.34,"c2":0.35,"c3":0.684,"c4":0.72},{"time":0.4,"x":4.03,"y":-0.56,"curve":0.38,"c2":0.59,"c3":0.727},{"time":0.7333,"x":5.45,"y":-1.45,"curve":0.246,"c3":0.723,"c4":0.88},{"time":1.2,"x":-1.42,"y":2.85}]},"coat5":{"rotate":[{"angle":-1.55,"curve":0.25,"c3":0.75},{"time":0.7,"angle":4.25,"curve":0.284,"c3":0.625,"c4":0.38},{"time":0.8,"angle":12.5,"curve":0.32,"c2":0.29,"c3":0.757},{"time":1.2,"angle":-1.55}]},"arm_right_3":{"rotate":[{"angle":-29.61,"curve":0.243,"c3":0.649,"c4":0.6},{"time":0.2333,"angle":58.39,"curve":0.356,"c2":0.42,"c3":0.696,"c4":0.78},{"time":0.3333,"angle":-12.42,"curve":0.366,"c2":0.63,"c3":0.703},{"time":0.4,"angle":-13.33,"curve":0.243,"c3":0.685,"c4":0.73},{"time":0.7,"angle":-82.23,"curve":0.373,"c2":0.62,"c3":0.713},{"time":0.7667,"angle":-58.33,"curve":0.25,"c3":0.75},{"time":1.2,"angle":-29.61}]},"coat6":{"rotate":[{"angle":-0.8,"curve":0.375,"c2":0.62,"c3":0.716},{"time":0.1,"angle":-1.55,"curve":0.244,"c3":0.697,"c4":0.78},{"time":0.7,"angle":3.81,"curve":0.367,"c2":0.63,"c3":0.705},{"time":0.8,"angle":27.98,"curve":0.243,"c3":0.68,"c4":0.71},{"time":1.2,"angle":-0.8}]},"coat7":{"rotate":[{"angle":-1.58,"curve":0.349,"c2":0.39,"c3":0.689,"c4":0.74},{"time":0.1,"angle":-3.73,"curve":0.375,"c2":0.62,"c3":0.716},{"time":0.2,"angle":-4.92,"curve":0.243,"c3":0.658,"c4":0.64},{"time":0.7,"angle":2.19,"curve":0.352,"c2":0.41,"c3":0.689,"c4":0.76},{"time":0.8,"angle":10.95,"curve":0.367,"c2":0.63,"c3":0.705},{"time":1.2,"angle":-1.58}]},"coat2":{"rotate":[{"angle":3.52,"curve":0.375,"c2":0.62,"c3":0.716},{"time":0.1,"angle":4.76,"curve":0.244,"c3":0.697,"c4":0.78},{"time":0.7,"angle":1.91,"curve":0.367,"c2":0.63,"c3":0.705},{"time":0.8,"angle":15.09,"curve":0.243,"c3":0.68,"c4":0.71},{"time":1.2,"angle":3.52}]},"coat3":{"rotate":[{"angle":1.29,"curve":0.349,"c2":0.39,"c3":0.689,"c4":0.74},{"time":0.1,"angle":3.52,"curve":0.375,"c2":0.62,"c3":0.716},{"time":0.2,"angle":4.76,"curve":0.243,"c3":0.658,"c4":0.64},{"time":0.7,"angle":3.31,"curve":0.345,"c2":0.38,"c3":0.68,"c4":0.72},{"time":0.7667,"angle":24.26,"curve":0.341,"c2":0.37,"c3":0.675,"c4":0.71},{"time":0.8,"angle":6.46,"curve":0.343,"c2":0.39,"c3":0.677,"c4":0.73},{"time":0.9333,"angle":-54.96,"curve":0.359,"c2":0.64,"c3":0.694},{"time":1.2,"angle":1.29}]},"coat4":{"rotate":[{"angle":-1.24,"curve":0.33,"c2":0.32,"c3":0.67,"c4":0.68},{"time":0.1,"angle":1.29,"curve":0.349,"c2":0.39,"c3":0.689,"c4":0.74},{"time":0.2,"angle":3.52,"curve":0.375,"c2":0.62,"c3":0.716},{"time":0.3,"angle":4.76,"curve":0.246,"c3":0.633,"c4":0.54},{"time":0.7,"angle":5.04,"curve":0.338,"c2":0.35,"c3":0.672,"c4":0.68},{"time":0.7667,"angle":27.31,"curve":0.337,"c2":0.35,"c3":0.671,"c4":0.68},{"time":0.8,"angle":7.9,"curve":0.345,"c2":0.38,"c3":0.68,"c4":0.72},{"time":0.9333,"angle":-55.24,"curve":0.374,"c2":0.62,"c3":0.714},{"time":1.2,"angle":-1.24}]},"torso13":{"rotate":[{"angle":4.83,"curve":0.349,"c2":0.39,"c3":0.689,"c4":0.74},{"time":0.1,"angle":1.73,"curve":0.375,"c2":0.62,"c3":0.716},{"time":0.2,"curve":0.25,"c3":0.75},{"time":0.9,"angle":13.26,"curve":0.245,"c3":0.637,"c4":0.56},{"time":1.2,"angle":4.83}]},"torso14":{"rotate":[{"angle":8.34,"curve":0.33,"c2":0.32,"c3":0.67,"c4":0.68},{"time":0.1,"angle":4.83,"curve":0.349,"c2":0.39,"c3":0.689,"c4":0.74},{"time":0.2,"angle":1.73,"curve":0.375,"c2":0.62,"c3":0.716},{"time":0.3,"curve":0.25,"c3":0.75},{"time":1,"angle":13.26,"curve":0.258,"c3":0.619,"c4":0.45},{"time":1.2,"angle":8.34}]},"torso8":{"rotate":[{"curve":0.25,"c3":0.75},{"time":0.7,"angle":-6.68,"curve":0.25,"c3":0.75},{"time":1.2}]},"torso6":{"rotate":[{"time":0.4,"curve":0.25,"c3":0.75},{"time":0.5667,"angle":40.58,"curve":0.25,"c3":0.75},{"time":0.7,"angle":28.89,"curve":0.25,"c3":0.75},{"time":1.2}]},"arrow2":{"rotate":[{"time":0.4,"angle":-101.98}],"translate":[{"time":0.4,"x":-36.32,"y":16.59}]},"crossbow7":{"rotate":[{"time":0.7,"curve":0.25,"c3":0.75},{"time":0.7667,"angle":6.32,"curve":0.25,"c3":0.75},{"time":0.8333}]},"crossbow5":{"rotate":[{"time":0.7,"curve":0.25,"c3":0.75},{"time":0.7667,"angle":-7,"curve":0.25,"c3":0.75},{"time":0.8333}]},"crossbow8":{"rotate":[{"time":0.3333,"curve":0.25,"c3":0.75},{"time":0.7,"angle":-5.58,"curve":0.25,"c3":0.75},{"time":0.7667,"angle":6.32,"curve":0.25,"c3":0.75},{"time":0.8333}]},"crossbow6":{"rotate":[{"time":0.3333,"curve":0.25,"c3":0.75},{"time":0.7,"angle":-7.5,"curve":0.25,"c3":0.75},{"time":0.7667,"angle":6.32,"curve":0.25,"c3":0.75},{"time":0.8333}]},"day":{"translate":[{"time":0.3333,"curve":0.25,"c3":0.75},{"time":0.7,"x":-74.12,"y":2.6,"curve":0.25,"c3":0.75},{"time":0.7667,"x":16.27,"y":-0.57,"curve":0.25,"c3":0.75},{"time":0.8,"x":-3.55,"y":0.12,"curve":0.25,"c3":0.75},{"time":0.8333,"x":-0.72,"y":0.03}]},"crossbow3":{"rotate":[{"time":0.3333,"curve":0.25,"c3":0.75},{"time":0.7,"angle":25.27,"curve":0.25,"c3":0.75},{"time":0.7667,"angle":-7,"curve":0.25,"c3":0.75},{"time":0.8333}]},"crossbow4":{"rotate":[{"time":0.3333,"curve":0.25,"c3":0.75},{"time":0.7,"angle":-10.53,"curve":0.25,"c3":0.75},{"time":0.7667,"angle":-7,"curve":0.25,"c3":0.75},{"time":0.8333}]},"arrow":{"translate":[{"time":0.7,"curve":0.25,"c3":0.75},{"time":0.7333,"x":225.41,"y":-3.96}]},"torso2":{"rotate":[{"curve":0.25,"c3":0.75},{"time":0.7,"angle":-11.69,"curve":0.25,"c3":0.75},{"time":1.2}]},"torso7":{"rotate":[{"time":0.7,"angle":-11.69}]},"leg_right3":{"translate":[{"curve":0.25,"c3":0.75},{"time":0.2,"x":-14.52,"y":0.97,"curve":0.25,"c3":0.75},{"time":0.4,"x":-27.81,"y":-2.17,"curve":0.25,"c3":0.625,"c4":0.5},{"time":0.6,"x":-13.9,"y":-1.08,"curve":"stepped"},{"time":1.0667,"x":-13.9,"y":-1.08,"curve":0.375,"c2":0.5,"c3":0.75},{"time":1.2}]}},"drawOrder":[{"time":0.1333,"offsets":[{"slot":"head","offset":-3}]}],"events":[{"time":0.7333,"name":"finished_attacking"}]},"attack_below":{"slots":{"arrow":{"attachment":[{"time":0.4,"name":"arrow"},{"time":0.7333,"name":null}]},"arrow2":{"attachment":[{"time":0.2333,"name":"arrow"},{"time":0.4,"name":null}]},"eyes_close":{"attachment":[{"name":null},{"time":0.9,"name":"eyes_close"},{"time":0.9667,"name":null}]},"eyes_open":{"attachment":[{"time":0.9,"name":null},{"time":0.9667,"name":"eyes_open"}]}},"bones":{"torso11":{"rotate":[{"angle":4.3,"curve":0.349,"c2":0.39,"c3":0.689,"c4":0.74},{"time":0.1,"angle":1.54,"curve":0.375,"c2":0.62,"c3":0.716},{"time":0.2,"curve":0.25,"c3":0.75},{"time":0.9,"angle":11.82,"curve":0.245,"c3":0.637,"c4":0.56},{"time":1.2,"angle":4.3}]},"arm_left_2":{"rotate":[{"angle":-35.89,"curve":0.252,"c3":0.623,"c4":0.49},{"time":0.3333,"angle":-53.39,"curve":0.373,"c2":0.49,"c3":0.751},{"time":0.7,"angle":-2.79,"curve":"stepped"},{"time":0.9667,"angle":-2.79,"curve":0.25,"c3":0.75},{"time":1.2,"angle":-35.89}]},"torso":{"rotate":[{"time":0.7,"curve":0.25,"c3":0.75},{"time":0.7667,"angle":13.51,"curve":0.25,"c3":0.75},{"time":0.8667,"angle":5.91,"curve":0.25,"c3":0.75},{"time":1.2}],"translate":[{"time":0.4,"curve":0.25,"c3":0.625,"c4":0.5},{"time":0.7,"x":17.73,"y":-0.19,"curve":0.334,"c2":0.34,"c3":0.668,"c4":0.67},{"time":0.7667,"x":-13.09,"y":-4.69,"curve":0.38,"c2":0.53,"c3":0.745},{"time":1.2}]},"arm_right_1":{"rotate":[{"angle":-58.29,"curve":0.243,"c3":0.649,"c4":0.6},{"time":0.2333,"angle":97.98,"curve":0.356,"c2":0.42,"c3":0.696,"c4":0.78},{"time":0.3333,"angle":92.66,"curve":0.366,"c2":0.63,"c3":0.703},{"time":0.4,"angle":53.32,"curve":0.243,"c3":0.685,"c4":0.73},{"time":0.7,"angle":68.66,"curve":0.373,"c2":0.62,"c3":0.713},{"time":0.7667,"angle":53.32,"curve":0.25,"c3":0.75},{"time":1.2,"angle":-58.29}]},"head":{"rotate":[{"curve":0.25,"c3":0.75},{"time":0.2667,"angle":-7.4,"curve":0.25,"c3":0.75},{"time":0.5667,"angle":10,"curve":"stepped"},{"time":0.7,"angle":10,"curve":0.25,"c3":0.75},{"time":0.8,"angle":-7.33,"curve":0.25,"c3":0.75},{"time":1.2}],"translate":[{"x":-0.58,"y":0.06,"curve":0.366,"c2":0.63,"c3":0.703},{"time":0.0667,"x":0.35,"y":-0.04,"curve":0.25,"c3":0.75},{"time":1.2,"x":-0.58,"y":0.06}]},"torso4":{"rotate":[{"curve":0.25,"c3":0.75},{"time":0.2667,"angle":-7.4,"curve":0.25,"c3":0.75},{"time":0.5667,"angle":10,"curve":"stepped"},{"time":0.7,"angle":10,"curve":0.25,"c3":0.75},{"time":0.8,"angle":9.63,"curve":0.25,"c3":0.75},{"time":1.2}],"translate":[{"x":1.8,"y":0.16,"curve":0.366,"c2":0.63,"c3":0.703},{"time":0.0667,"x":2.2,"y":0.2,"curve":0.25,"c3":0.75},{"time":0.7667,"x":-3.57,"y":-0.32,"curve":0.244,"c3":0.7,"c4":0.79},{"time":1.2,"x":1.8,"y":0.16}]},"head2":{"translate":[{"x":-3.21,"y":5.43,"curve":0.25,"c3":0.75},{"time":0.7,"x":4.52,"y":-7.59,"curve":0.25,"c3":0.75},{"time":1.2,"x":-3.21,"y":5.43}]},"head4":{"translate":[{"x":-0.46,"y":3.07,"curve":0.38,"c2":0.59,"c3":0.727},{"time":0.1333,"x":0.02,"y":5.12,"curve":0.25,"c3":0.75},{"time":0.8333,"x":-2.39,"y":-5.02,"curve":0.242,"c3":0.663,"c4":0.65},{"time":1.2,"x":-0.46,"y":3.07}]},"head5":{"translate":[{"x":-4.52,"y":1.24,"curve":0.34,"c2":0.35,"c3":0.684,"c4":0.72},{"time":0.1333,"x":-1.39,"y":3.64,"curve":0.38,"c2":0.59,"c3":0.727},{"time":0.2667,"x":0.49,"y":5.08,"curve":0.25,"c3":0.75},{"time":0.9667,"x":-8.78,"y":-2.02,"curve":0.252,"c3":0.622,"c4":0.48},{"time":1.2,"x":-4.52,"y":1.24}]},"head6":{"translate":[{"x":-4.7,"y":-0.8,"curve":0.307,"c2":0.25,"c3":0.651,"c4":0.62},{"time":0.1333,"x":-1.87,"y":-0.59,"curve":0.34,"c2":0.35,"c3":0.684,"c4":0.72},{"time":0.2667,"x":1.03,"y":-0.39,"curve":0.38,"c2":0.59,"c3":0.727},{"time":0.4,"x":2.77,"y":-0.27,"curve":0.25,"c3":0.75},{"time":1.1,"x":-5.81,"y":-0.87,"curve":0.284,"c3":0.625,"c4":0.38},{"time":1.2,"x":-4.7,"y":-0.8}]},"head7":{"translate":[{"x":-1.42,"y":2.85,"curve":0.352,"c2":0.65,"c3":0.687},{"time":0.0333,"x":-1.58,"y":2.95,"curve":0.284,"c3":0.625,"c4":0.38},{"time":0.1333,"x":-0.67,"y":2.38,"curve":0.307,"c2":0.25,"c3":0.651,"c4":0.62},{"time":0.2667,"x":1.65,"y":0.93,"curve":0.34,"c2":0.35,"c3":0.684,"c4":0.72},{"time":0.4,"x":4.03,"y":-0.56,"curve":0.38,"c2":0.59,"c3":0.727},{"time":0.7333,"x":5.45,"y":-1.45,"curve":0.246,"c3":0.723,"c4":0.88},{"time":1.2,"x":-1.42,"y":2.85}]},"coat5":{"rotate":[{"angle":-1.55,"curve":0.25,"c3":0.75},{"time":0.7,"angle":4.25,"curve":0.284,"c3":0.625,"c4":0.38},{"time":0.8,"angle":38.67,"curve":0.32,"c2":0.29,"c3":0.757},{"time":1.2,"angle":-1.55}]},"coat6":{"rotate":[{"angle":-0.8,"curve":0.375,"c2":0.62,"c3":0.716},{"time":0.1,"angle":-1.55,"curve":0.244,"c3":0.697,"c4":0.78},{"time":0.7,"angle":3.81,"curve":0.367,"c2":0.63,"c3":0.705},{"time":0.8,"angle":-8.95,"curve":0.243,"c3":0.68,"c4":0.71},{"time":1.2,"angle":-0.8}]},"coat7":{"rotate":[{"angle":-1.58,"curve":0.349,"c2":0.39,"c3":0.689,"c4":0.74},{"time":0.1,"angle":-3.73,"curve":0.375,"c2":0.62,"c3":0.716},{"time":0.2,"angle":-4.92,"curve":0.243,"c3":0.658,"c4":0.64},{"time":0.7,"angle":2.19,"curve":0.352,"c2":0.41,"c3":0.689,"c4":0.76},{"time":0.8,"angle":38.75,"curve":0.367,"c2":0.63,"c3":0.705},{"time":1.2,"angle":-1.58}]},"coat8":{"rotate":[{"angle":0.85,"curve":0.33,"c2":0.32,"c3":0.67,"c4":0.68},{"time":0.1,"angle":-1.58,"curve":0.349,"c2":0.39,"c3":0.689,"c4":0.74},{"time":0.2,"angle":-3.73,"curve":0.375,"c2":0.62,"c3":0.716},{"time":0.3,"angle":-4.92,"curve":0.246,"c3":0.633,"c4":0.54},{"time":0.7,"angle":-3.69,"curve":0.338,"c2":0.35,"c3":0.672,"c4":0.68},{"time":0.7667,"angle":-31.32,"curve":0.337,"c2":0.35,"c3":0.671,"c4":0.68},{"time":0.8,"angle":-25.02,"curve":0.339,"c2":0.35,"c3":0.672,"c4":0.69},{"time":0.8667,"angle":31.75,"curve":0.352,"c2":0.42,"c3":0.688,"c4":0.76},{"time":1.0333,"angle":34.74,"curve":0.363,"c2":0.64,"c3":0.7},{"time":1.2,"angle":0.85}]},"coat9":{"rotate":[{"angle":3.07,"curve":0.311,"c2":0.26,"c3":0.651,"c4":0.61},{"time":0.1,"angle":0.85,"curve":0.33,"c2":0.32,"c3":0.67,"c4":0.68},{"time":0.2,"angle":-1.58,"curve":0.349,"c2":0.39,"c3":0.689,"c4":0.74},{"time":0.3,"angle":-3.73,"curve":0.375,"c2":0.62,"c3":0.716},{"time":0.4,"angle":-4.92,"curve":0.255,"c3":0.62,"c4":0.47},{"time":0.7,"angle":-5.42,"curve":0.332,"c2":0.33,"c3":0.666,"c4":0.67},{"time":0.7667,"angle":-32.47,"curve":0.334,"c2":0.34,"c3":0.668,"c4":0.67},{"time":0.8,"angle":-5.65,"curve":0.336,"c2":0.34,"c3":0.671,"c4":0.68},{"time":0.8667,"angle":30.26,"curve":0.351,"c2":0.4,"c3":0.689,"c4":0.75},{"time":1.0333,"angle":36.45,"curve":0.373,"c2":0.62,"c3":0.712},{"time":1.2,"angle":3.07}]},"coat":{"rotate":[{"angle":4.76,"curve":0.25,"c3":0.75},{"time":0.7,"angle":-4.78,"curve":0.284,"c3":0.625,"c4":0.38},{"time":0.8,"angle":-5.27,"curve":0.32,"c2":0.29,"c3":0.757},{"time":1.2,"angle":4.76}]},"coat2":{"rotate":[{"angle":3.52,"curve":0.375,"c2":0.62,"c3":0.716},{"time":0.1,"angle":4.76,"curve":0.244,"c3":0.697,"c4":0.78},{"time":0.7,"angle":1.91,"curve":0.367,"c2":0.63,"c3":0.705},{"time":0.8,"angle":-19.65,"curve":0.243,"c3":0.68,"c4":0.71},{"time":1.2,"angle":3.52}]},"coat3":{"rotate":[{"angle":1.29,"curve":0.349,"c2":0.39,"c3":0.689,"c4":0.74},{"time":0.1,"angle":3.52,"curve":0.375,"c2":0.62,"c3":0.716},{"time":0.2,"angle":4.76,"curve":0.243,"c3":0.658,"c4":0.64},{"time":0.7,"angle":3.31,"curve":0.345,"c2":0.38,"c3":0.68,"c4":0.72},{"time":0.7667,"angle":24.26,"curve":0.341,"c2":0.37,"c3":0.675,"c4":0.71},{"time":0.8,"angle":6.46,"curve":0.343,"c2":0.39,"c3":0.677,"c4":0.73},{"time":0.9333,"angle":-54.96,"curve":0.359,"c2":0.64,"c3":0.694},{"time":1.2,"angle":1.29}]},"coat4":{"rotate":[{"angle":-1.24,"curve":0.33,"c2":0.32,"c3":0.67,"c4":0.68},{"time":0.1,"angle":1.29,"curve":0.349,"c2":0.39,"c3":0.689,"c4":0.74},{"time":0.2,"angle":3.52,"curve":0.375,"c2":0.62,"c3":0.716},{"time":0.3,"angle":4.76,"curve":0.246,"c3":0.633,"c4":0.54},{"time":0.7,"angle":5.04,"curve":0.338,"c2":0.35,"c3":0.672,"c4":0.68},{"time":0.7667,"angle":27.31,"curve":0.337,"c2":0.35,"c3":0.671,"c4":0.68},{"time":0.8,"angle":7.9,"curve":0.345,"c2":0.38,"c3":0.68,"c4":0.72},{"time":0.9333,"angle":-55.24,"curve":0.374,"c2":0.62,"c3":0.714},{"time":1.2,"angle":-1.24}]},"torso13":{"rotate":[{"angle":4.83,"curve":0.349,"c2":0.39,"c3":0.689,"c4":0.74},{"time":0.1,"angle":1.73,"curve":0.375,"c2":0.62,"c3":0.716},{"time":0.2,"curve":0.25,"c3":0.75},{"time":0.9,"angle":13.26,"curve":0.245,"c3":0.637,"c4":0.56},{"time":1.2,"angle":4.83}]},"torso14":{"rotate":[{"angle":8.34,"curve":0.33,"c2":0.32,"c3":0.67,"c4":0.68},{"time":0.1,"angle":4.83,"curve":0.349,"c2":0.39,"c3":0.689,"c4":0.74},{"time":0.2,"angle":1.73,"curve":0.375,"c2":0.62,"c3":0.716},{"time":0.3,"curve":0.25,"c3":0.75},{"time":1,"angle":13.26,"curve":0.258,"c3":0.619,"c4":0.45},{"time":1.2,"angle":8.34}]},"torso8":{"rotate":[{"curve":0.25,"c3":0.75},{"time":0.7,"angle":-6.68,"curve":0.25,"c3":0.75},{"time":1.2}]},"torso9":{"rotate":[{"angle":-0.87,"curve":0.375,"c2":0.62,"c3":0.716},{"time":0.1,"curve":0.25,"c3":0.75},{"time":0.8,"angle":-6.68,"curve":0.243,"c3":0.68,"c4":0.71},{"time":1.2,"angle":-0.87}]},"torso10":{"rotate":[{"angle":1.54,"curve":0.375,"c2":0.62,"c3":0.716},{"time":0.1,"curve":0.25,"c3":0.75},{"time":0.8,"angle":11.82,"curve":0.243,"c3":0.68,"c4":0.71},{"time":1.2,"angle":1.54}]},"arm_right_3":{"rotate":[{"angle":-29.61,"curve":0.243,"c3":0.649,"c4":0.6},{"time":0.2333,"angle":58.39,"curve":0.356,"c2":0.42,"c3":0.696,"c4":0.78},{"time":0.3333,"angle":-12.42,"curve":0.366,"c2":0.63,"c3":0.703},{"time":0.4,"angle":-13.33,"curve":"stepped"},{"time":0.7667,"angle":-13.33,"curve":0.25,"c3":0.75},{"time":1.2,"angle":-29.61}]},"torso5":{"rotate":[{"curve":0.25,"c3":0.75},{"time":0.2667,"angle":-7.4,"curve":0.25,"c3":0.75},{"time":0.5667,"angle":10,"curve":"stepped"},{"time":0.7,"angle":10,"curve":0.25,"c3":0.75},{"time":0.8,"angle":3.61,"curve":0.25,"c3":0.75},{"time":1.2}]},"day":{"translate":[{"time":0.3333,"curve":0.25,"c3":0.75},{"time":0.7,"x":-74.12,"y":2.6,"curve":0.25,"c3":0.75},{"time":0.7667,"x":16.27,"y":-0.57,"curve":0.25,"c3":0.75},{"time":0.8,"x":-3.55,"y":0.12,"curve":0.25,"c3":0.75},{"time":0.8333,"x":-0.72,"y":0.03}]},"crossbow3":{"rotate":[{"time":0.3333,"curve":0.25,"c3":0.75},{"time":0.7,"angle":25.27,"curve":0.25,"c3":0.75},{"time":0.7667,"angle":-7,"curve":0.25,"c3":0.75},{"time":0.8333}]},"crossbow4":{"rotate":[{"time":0.3333,"curve":0.25,"c3":0.75},{"time":0.7,"angle":-10.53,"curve":0.25,"c3":0.75},{"time":0.7667,"angle":-7,"curve":0.25,"c3":0.75},{"time":0.8333}]},"crossbow6":{"rotate":[{"time":0.3333,"curve":0.25,"c3":0.75},{"time":0.7,"angle":-7.5,"curve":0.25,"c3":0.75},{"time":0.7667,"angle":6.32,"curve":0.25,"c3":0.75},{"time":0.8333}]},"crossbow5":{"rotate":[{"time":0.7,"curve":0.25,"c3":0.75},{"time":0.7667,"angle":-7,"curve":0.25,"c3":0.75},{"time":0.8333}]},"crossbow7":{"rotate":[{"time":0.7,"curve":0.25,"c3":0.75},{"time":0.7667,"angle":6.32,"curve":0.25,"c3":0.75},{"time":0.8333}]},"crossbow8":{"rotate":[{"time":0.3333,"curve":0.25,"c3":0.75},{"time":0.7,"angle":-5.58,"curve":0.25,"c3":0.75},{"time":0.7667,"angle":6.32,"curve":0.25,"c3":0.75},{"time":0.8333}]},"arm_left_3":{"rotate":[{"curve":0.25,"c3":0.75},{"time":0.3333,"angle":71.06,"curve":0.25,"c3":0.75},{"time":0.7,"angle":-5.32}]},"arrow2":{"rotate":[{"time":0.4,"angle":-101.98}],"translate":[{"time":0.4,"x":-36.32,"y":16.59}]},"arrow":{"translate":[{"time":0.7,"curve":0.25,"c3":0.75},{"time":0.7333,"x":225.41,"y":-3.96}]},"torso6":{"rotate":[{"time":0.4,"curve":0.25,"c3":0.75},{"time":0.5667,"angle":40.58,"curve":"stepped"},{"time":0.7,"angle":40.58,"curve":0.25,"c3":0.75},{"time":1.2}]},"leg_right3":{"translate":[{"curve":0.25,"c3":0.75},{"time":0.7667,"x":-14.72,"y":-1.47,"curve":0.25,"c3":0.75},{"time":1.2}]}},"drawOrder":[{"time":0.1333,"offsets":[{"slot":"head","offset":-3}]}],"events":[{"time":0.7333,"name":"finished_attacking"}]},"die":{"slots":{"crossbow":{"attachment":[{"time":0.7333,"name":null}]},"day":{"attachment":[{"time":0.7333,"name":null}]},"eyes_close":{"attachment":[{"name":null},{"time":0.4667,"name":"eyes_close"}]},"eyes_open":{"attachment":[{"time":0.4667,"name":null}]}},"bones":{"torso14":{"rotate":[{"angle":8.34,"curve":0.33,"c2":0.32,"c3":0.67,"c4":0.68},{"time":0.0667,"angle":4.83,"curve":0.349,"c2":0.39,"c3":0.689,"c4":0.74},{"time":0.1667,"angle":1.73,"curve":0.375,"c2":0.62,"c3":0.716},{"time":0.2333,"curve":0.25,"c3":0.75},{"time":0.6667,"angle":13.26,"curve":0.258,"c3":0.619,"c4":0.45},{"time":0.8333,"angle":8.34}]},"torso8":{"rotate":[{"curve":0.25,"c3":0.75},{"time":0.4,"angle":-6.68,"curve":0.25,"c3":0.75},{"time":0.8333}]},"torso":{"rotate":[{"curve":0.25,"c3":0.75},{"time":0.2333,"angle":50.11,"curve":0.25,"c3":0.75},{"time":0.4,"angle":81.7,"curve":0.25,"c3":0.75},{"time":0.6667,"angle":85.74}],"translate":[{"curve":0,"c2":0.47,"c3":0.75},{"time":0.2333,"x":-55.09,"y":15.88,"curve":0.25,"c4":0.42},{"time":0.4,"x":-110.5,"y":-126.84,"curve":0.25,"c3":0.625,"c4":0.5},{"time":0.5667,"x":-119.33,"y":-100.64,"curve":0.375,"c2":0.5,"c3":0.75},{"time":0.6667,"x":-128.16,"y":-126.78}]},"torso9":{"rotate":[{"angle":-0.87,"curve":0.375,"c2":0.62,"c3":0.716},{"time":0.0667,"curve":0.25,"c3":0.75},{"time":0.5,"angle":-6.68,"curve":0.243,"c3":0.68,"c4":0.71},{"time":0.8333,"angle":-0.87}]},"torso10":{"rotate":[{"angle":1.54,"curve":0.375,"c2":0.62,"c3":0.716},{"time":0.0667,"curve":0.25,"c3":0.75},{"time":0.5,"angle":11.82,"curve":0.243,"c3":0.68,"c4":0.71},{"time":0.8333,"angle":1.54}]},"torso11":{"rotate":[{"angle":4.3,"curve":0.349,"c2":0.39,"c3":0.689,"c4":0.74},{"time":0.0667,"angle":1.54,"curve":0.375,"c2":0.62,"c3":0.716},{"time":0.1667,"curve":0.25,"c3":0.75},{"time":0.5667,"angle":11.82,"curve":0.245,"c3":0.637,"c4":0.56},{"time":0.8333,"angle":4.3}]},"arm_left_2":{"rotate":[{"angle":-35.89,"curve":0.248,"c3":0.628,"c4":0.52},{"time":0.2333,"angle":-9.79,"curve":0.378,"c2":0.52,"c3":0.748},{"time":0.4,"angle":25.87,"curve":0.284,"c3":0.625,"c4":0.38},{"time":0.5,"angle":-85.6}]},"arm_right_1":{"rotate":[{"angle":-58.29,"curve":0.248,"c3":0.628,"c4":0.52},{"time":0.2333,"angle":-72.47,"curve":0.378,"c2":0.52,"c3":0.748},{"time":0.4,"angle":24.14,"curve":0.25,"c3":0.75},{"time":0.8333,"angle":-58.29}]},"head":{"rotate":[{"curve":0.25,"c3":0.75},{"time":0.2333,"angle":16.74,"curve":0.25,"c3":0.75},{"time":0.3667,"angle":-7.14,"curve":0.242,"c3":0.667,"c4":0.67},{"time":0.4333,"angle":-19.91,"curve":0.379,"c2":0.6,"c3":0.724},{"time":0.4667,"angle":8.94}],"translate":[{"x":-0.58,"y":0.06,"curve":0.366,"c2":0.63,"c3":0.703},{"time":0.0667,"x":0.35,"y":-0.04,"curve":0.25,"c3":0.75},{"time":0.4667,"x":-13.06,"y":1.34,"curve":0.244,"c3":0.7,"c4":0.79},{"time":0.8333,"x":-0.58,"y":0.06}]},"torso4":{"rotate":[{"curve":0.25,"c3":0.75},{"time":0.2333,"angle":16.74,"curve":0.25,"c3":0.75},{"time":0.3667,"angle":-7.14,"curve":0.242,"c3":0.667,"c4":0.67},{"time":0.4333,"angle":-19.91,"curve":0.379,"c2":0.6,"c3":0.724},{"time":0.4667,"angle":8.94}],"translate":[{"x":1.8,"y":0.16,"curve":0.366,"c2":0.63,"c3":0.703},{"time":0.0667,"x":2.2,"y":0.2,"curve":0.25,"c3":0.75},{"time":0.4667,"x":-3.57,"y":-0.32,"curve":0.244,"c3":0.7,"c4":0.79},{"time":0.8333,"x":1.8,"y":0.16}]},"head2":{"translate":[{"x":-3.21,"y":5.43,"curve":0.25,"c3":0.75},{"time":0.4,"x":4.52,"y":-7.59,"curve":0.25,"c3":0.75},{"time":0.8333,"x":-3.21,"y":5.43}]},"head4":{"translate":[{"x":-0.46,"y":3.07,"curve":0.38,"c2":0.59,"c3":0.727},{"time":0.1,"x":0.02,"y":5.12,"curve":0.25,"c3":0.75},{"time":0.5333,"x":-2.39,"y":-5.02,"curve":0.242,"c3":0.663,"c4":0.65},{"time":0.8333,"x":-0.46,"y":3.07}]},"head5":{"translate":[{"x":-4.52,"y":1.24,"curve":0.34,"c2":0.35,"c3":0.684,"c4":0.72},{"time":0.1,"x":-1.39,"y":3.64,"curve":0.38,"c2":0.59,"c3":0.727},{"time":0.2333,"x":0.49,"y":5.08,"curve":0.25,"c3":0.75},{"time":0.6333,"x":-8.78,"y":-2.02,"curve":0.252,"c3":0.622,"c4":0.48},{"time":0.8333,"x":-4.52,"y":1.24}]},"head6":{"translate":[{"x":-4.7,"y":-0.8,"curve":0.307,"c2":0.25,"c3":0.651,"c4":0.62},{"time":0.1,"x":-1.87,"y":-0.59,"curve":0.34,"c2":0.35,"c3":0.684,"c4":0.72},{"time":0.2333,"x":1.03,"y":-0.39,"curve":0.38,"c2":0.59,"c3":0.727},{"time":0.3333,"x":2.77,"y":-0.27,"curve":0.25,"c3":0.75},{"time":0.7333,"x":-5.81,"y":-0.87,"curve":0.284,"c3":0.625,"c4":0.38},{"time":0.8333,"x":-4.7,"y":-0.8}]},"head7":{"translate":[{"x":-1.42,"y":2.85,"curve":0.352,"c2":0.65,"c3":0.687},{"time":0.0333,"x":-1.58,"y":2.95,"curve":0.284,"c3":0.625,"c4":0.38},{"time":0.1,"x":-0.67,"y":2.38,"curve":0.307,"c2":0.25,"c3":0.651,"c4":0.62},{"time":0.2333,"x":1.65,"y":0.93,"curve":0.34,"c2":0.35,"c3":0.684,"c4":0.72},{"time":0.3333,"x":4.03,"y":-0.56,"curve":0.38,"c2":0.59,"c3":0.727},{"time":0.4333,"x":5.45,"y":-1.45,"curve":0.246,"c3":0.723,"c4":0.88},{"time":0.8333,"x":-1.42,"y":2.85}]},"coat5":{"rotate":[{"angle":-1.55,"curve":0.25,"c3":0.75},{"time":0.4,"angle":106.57,"curve":0.284,"c3":0.625,"c4":0.38},{"time":0.5,"angle":129.66,"curve":0.32,"c2":0.29,"c3":0.757},{"time":0.8333,"angle":78.03}]},"coat6":{"rotate":[{"angle":-0.8,"curve":0.375,"c2":0.62,"c3":0.716},{"time":0.0667,"angle":-1.55,"curve":0.25,"c3":0.75},{"time":0.5,"angle":4.25,"curve":0.284,"c3":0.625,"c4":0.38},{"time":0.5667,"angle":27.8,"curve":0.306,"c2":0.24,"c3":0.694,"c4":0.76},{"time":0.8333,"angle":-0.8}]},"coat7":{"rotate":[{"angle":-1.58,"curve":0.349,"c2":0.39,"c3":0.689,"c4":0.74},{"time":0.0667,"angle":-3.73,"curve":0.375,"c2":0.62,"c3":0.716},{"time":0.1667,"angle":-4.92,"curve":0.243,"c3":0.68,"c4":0.71},{"time":0.5,"angle":3.06,"curve":0.375,"c2":0.62,"c3":0.716},{"time":0.5667,"angle":28.56,"curve":0.245,"c3":0.637,"c4":0.56},{"time":0.8333,"angle":-1.58}]},"coat8":{"rotate":[{"angle":0.85,"curve":0.33,"c2":0.32,"c3":0.67,"c4":0.68},{"time":0.0667,"angle":-1.58,"curve":0.349,"c2":0.39,"c3":0.689,"c4":0.74},{"time":0.1667,"angle":-3.73,"curve":0.375,"c2":0.62,"c3":0.716},{"time":0.2333,"angle":-4.92,"curve":0.255,"c3":0.62,"c4":0.47},{"time":0.5,"angle":-2.58,"curve":0.332,"c2":0.33,"c3":0.668,"c4":0.67},{"time":0.5667,"angle":22.81,"curve":0.38,"c2":0.53,"c3":0.745},{"time":1,"angle":0.85}]},"coat9":{"rotate":[{"angle":3.07,"curve":0.311,"c2":0.26,"c3":0.651,"c4":0.61},{"time":0.0667,"angle":0.85,"curve":0.33,"c2":0.32,"c3":0.67,"c4":0.68},{"time":0.1667,"angle":-1.58,"curve":0.349,"c2":0.39,"c3":0.689,"c4":0.74},{"time":0.2333,"angle":-3.73,"curve":0.375,"c2":0.62,"c3":0.716},{"time":0.3333,"angle":-4.92,"curve":0.265,"c3":0.618,"c4":0.43},{"time":0.5,"angle":-2.66,"curve":0.325,"c2":0.31,"c3":0.663,"c4":0.65},{"time":0.5667,"angle":23.37,"curve":0.375,"c2":0.5,"c3":0.75},{"time":1.1667,"angle":3.07}]},"coat":{"rotate":[{"angle":4.76,"curve":0.248,"c3":0.628,"c4":0.52},{"time":0.2333,"angle":55.23,"curve":0.378,"c2":0.52,"c3":0.748},{"time":0.4,"angle":97.54,"curve":0.284,"c3":0.625,"c4":0.38},{"time":0.5,"angle":122.63,"curve":0.32,"c2":0.29,"c3":0.757},{"time":0.8333,"angle":105.9}]},"coat2":{"rotate":[{"angle":3.52,"curve":0.375,"c2":0.62,"c3":0.716},{"time":0.0667,"angle":4.76,"curve":0.25,"c3":0.75},{"time":0.5,"angle":-4.78,"curve":0.243,"c3":0.68,"c4":0.71},{"time":0.8333,"angle":3.52}]},"coat3":{"rotate":[{"angle":1.29,"curve":0.349,"c2":0.39,"c3":0.689,"c4":0.74},{"time":0.0667,"angle":3.52,"curve":0.375,"c2":0.62,"c3":0.716},{"time":0.1667,"angle":4.76,"curve":0.25,"c3":0.75},{"time":0.5667,"angle":-4.78,"curve":0.245,"c3":0.637,"c4":0.56},{"time":0.8333,"angle":1.29}]},"coat4":{"rotate":[{"angle":-1.24,"curve":0.33,"c2":0.32,"c3":0.67,"c4":0.68},{"time":0.0667,"angle":1.29,"curve":0.349,"c2":0.39,"c3":0.689,"c4":0.74},{"time":0.1667,"angle":3.52,"curve":0.375,"c2":0.62,"c3":0.716},{"time":0.2333,"angle":4.76,"curve":0.25,"c3":0.75},{"time":0.6667,"angle":-4.78,"curve":0.258,"c3":0.619,"c4":0.45},{"time":0.8333,"angle":-1.24}]},"torso13":{"rotate":[{"angle":4.83,"curve":0.349,"c2":0.39,"c3":0.689,"c4":0.74},{"time":0.0667,"angle":1.73,"curve":0.375,"c2":0.62,"c3":0.716},{"time":0.1667,"curve":0.25,"c3":0.75},{"time":0.5667,"angle":13.26,"curve":0.245,"c3":0.637,"c4":0.56},{"time":0.8333,"angle":4.83}]},"arm_right_3":{"rotate":[{"angle":-29.61,"curve":0.25,"c3":0.75},{"time":0.4,"angle":-13.33,"curve":0.25,"c3":0.75},{"time":0.8333,"angle":-29.61}]},"leg_left3":{"rotate":[{"curve":0.25,"c3":0.75},{"time":0.2333,"angle":-15.52,"curve":0.25,"c3":0.75},{"time":0.4,"angle":37.48,"curve":0.25,"c3":0.625,"c4":0.5},{"time":0.4667,"angle":141.14,"curve":0.375,"c2":0.5,"c3":0.75},{"time":0.5,"angle":37.48}],"translate":[{"curve":0.255,"c3":0.62,"c4":0.47},{"time":0.1,"x":9.62,"y":90.83,"curve":0.367,"c2":0.46,"c3":0.754},{"time":0.2333,"x":36.52,"y":77.21,"curve":0.25,"c3":0.625,"c4":0.5},{"time":0.3,"x":62.02,"y":148.26,"curve":0.375,"c2":0.5,"c3":0.75},{"time":0.4,"x":16.38,"y":47.46,"curve":0.25,"c3":0.625,"c4":0.5},{"time":0.4667,"x":-32.14,"y":103.98,"curve":0.375,"c2":0.5,"c3":0.75},{"time":0.5,"x":-37.65,"y":9.04}]},"leg_right3":{"rotate":[{"curve":0.242,"c3":0.671,"c4":0.68},{"time":0.3,"angle":173.24,"curve":0.378,"c2":0.61,"c3":0.721},{"time":0.4,"angle":112.14}],"translate":[{"curve":0.255,"c3":0.62,"c4":0.47},{"time":0.1,"x":32.06,"y":47.49,"curve":0.367,"c2":0.46,"c3":0.754},{"time":0.2333,"x":47.78,"y":48.68,"curve":0.25,"c3":0.625,"c4":0.5},{"time":0.3,"x":71.84,"y":94.13,"curve":0.375,"c2":0.5,"c3":0.75},{"time":0.4,"x":40.12,"y":13.79,"curve":0.25,"c3":0.75},{"time":0.5,"x":41.02,"y":0.61}]},"torso5":{"rotate":[{"curve":0.25,"c3":0.75},{"time":0.2333,"angle":16.74,"curve":0.25,"c3":0.75},{"time":0.3667,"angle":-7.14,"curve":0.242,"c3":0.667,"c4":0.67},{"time":0.4333,"angle":-19.91,"curve":0.379,"c2":0.6,"c3":0.724},{"time":0.4667,"angle":8.94}]},"arm_left_3":{"rotate":[{"time":0.3667,"curve":0.25,"c3":0.75},{"time":0.5333,"angle":44.35,"curve":0.25,"c3":0.75},{"time":0.7333,"angle":8.24}]},"leg_left2":{"translate":[{"time":0.3,"x":-4.08,"y":0.32}]}},"deform":{"default":{"shadiow":{"shadiow":[{},{"time":0.5667,"vertices":[0.91803,-33.048,-309.3659,-37.63795,-310.28394,-4.58995]}]}}},"drawOrder":[{"time":0.5667,"offsets":[{"slot":"crossbow","offset":-11}]},{"time":0.6333,"offsets":[{"slot":"crossbow","offset":-10},{"slot":"day","offset":-15}]}]},"idle":{"slots":{"eyes_close":{"attachment":[{"name":null},{"time":0.8333,"name":"eyes_close"},{"time":1,"name":null}]},"eyes_open":{"attachment":[{"time":0.8333,"name":null},{"time":1,"name":"eyes_open"}]}},"bones":{"head":{"translate":[{"x":-0.58,"y":0.06,"curve":0.366,"c2":0.63,"c3":0.703},{"time":0.0667,"x":0.35,"y":-0.04,"curve":0.25,"c3":0.75},{"time":0.5667,"x":-1.11,"y":-2.55,"curve":0.244,"c3":0.7,"c4":0.79},{"time":1,"x":-0.58,"y":0.06,"curve":0.366,"c2":0.63,"c3":0.703},{"time":1.0667,"x":0.35,"y":-0.04,"curve":0.25,"c3":0.75},{"time":1.5667,"x":6.37,"y":-2.55,"curve":0.244,"c3":0.7,"c4":0.79},{"time":2,"x":-0.58,"y":0.06}]},"torso4":{"translate":[{"x":1.8,"y":0.16,"curve":0.366,"c2":0.63,"c3":0.703},{"time":0.0667,"x":2.2,"y":0.2,"curve":0.25,"c3":0.75},{"time":0.5667,"x":-3.57,"y":-0.32,"curve":0.244,"c3":0.7,"c4":0.79},{"time":1,"x":1.8,"y":0.16,"curve":0.366,"c2":0.63,"c3":0.703},{"time":1.0667,"x":2.2,"y":0.2,"curve":0.25,"c3":0.75},{"time":1.5667,"x":-3.57,"y":-0.32,"curve":0.244,"c3":0.7,"c4":0.79},{"time":2,"x":1.8,"y":0.16}]},"head2":{"translate":[{"x":-3.21,"y":5.43,"curve":0.25,"c3":0.75},{"time":0.5,"x":4.52,"y":-7.59,"curve":0.25,"c3":0.75},{"time":1,"x":-3.21,"y":5.43,"curve":0.25,"c3":0.75},{"time":1.5,"x":4.52,"y":-7.59,"curve":0.25,"c3":0.75},{"time":2,"x":-3.21,"y":5.43}]},"head4":{"translate":[{"x":-0.46,"y":3.07,"curve":0.38,"c2":0.59,"c3":0.727},{"time":0.1333,"x":0.02,"y":5.12,"curve":0.25,"c3":0.75},{"time":0.6333,"x":-2.39,"y":-5.02,"curve":0.242,"c3":0.663,"c4":0.65},{"time":1,"x":-0.46,"y":3.07,"curve":0.38,"c2":0.59,"c3":0.727},{"time":1.1333,"x":0.02,"y":5.12,"curve":0.25,"c3":0.75},{"time":1.6333,"x":-2.39,"y":-5.02,"curve":0.242,"c3":0.663,"c4":0.65},{"time":2,"x":-0.46,"y":3.07}]},"head5":{"translate":[{"x":-4.52,"y":1.24,"curve":0.34,"c2":0.35,"c3":0.684,"c4":0.72},{"time":0.1333,"x":-1.39,"y":3.64,"curve":0.38,"c2":0.59,"c3":0.727},{"time":0.2667,"x":0.49,"y":5.08,"curve":0.25,"c3":0.75},{"time":0.7667,"x":-8.78,"y":-2.02,"curve":0.252,"c3":0.622,"c4":0.48},{"time":1,"x":-4.52,"y":1.24,"curve":0.34,"c2":0.35,"c3":0.684,"c4":0.72},{"time":1.1333,"x":-1.39,"y":3.64,"curve":0.38,"c2":0.59,"c3":0.727},{"time":1.2667,"x":0.49,"y":5.08,"curve":0.25,"c3":0.75},{"time":1.7667,"x":-8.78,"y":-2.02,"curve":0.252,"c3":0.622,"c4":0.48},{"time":2,"x":-4.52,"y":1.24}]},"head6":{"translate":[{"x":-4.7,"y":-0.8,"curve":0.307,"c2":0.25,"c3":0.651,"c4":0.62},{"time":0.1333,"x":-1.87,"y":-0.59,"curve":0.34,"c2":0.35,"c3":0.684,"c4":0.72},{"time":0.2667,"x":1.03,"y":-0.39,"curve":0.38,"c2":0.59,"c3":0.727},{"time":0.4,"x":2.77,"y":-0.27,"curve":0.25,"c3":0.75},{"time":0.9,"x":-5.81,"y":-0.87,"curve":0.284,"c3":0.625,"c4":0.38},{"time":1,"x":-4.7,"y":-0.8,"curve":0.307,"c2":0.25,"c3":0.651,"c4":0.62},{"time":1.1333,"x":-1.87,"y":-0.59,"curve":0.34,"c2":0.35,"c3":0.684,"c4":0.72},{"time":1.2667,"x":1.03,"y":-0.39,"curve":0.38,"c2":0.59,"c3":0.727},{"time":1.4,"x":2.77,"y":-0.27,"curve":0.25,"c3":0.75},{"time":1.9,"x":-5.81,"y":-0.87,"curve":0.284,"c3":0.625,"c4":0.38},{"time":2,"x":-4.7,"y":-0.8}]},"head7":{"translate":[{"x":-1.42,"y":2.85,"curve":0.352,"c2":0.65,"c3":0.687},{"time":0.0333,"x":-1.58,"y":2.95,"curve":0.284,"c3":0.625,"c4":0.38},{"time":0.1333,"x":-0.67,"y":2.38,"curve":0.307,"c2":0.25,"c3":0.651,"c4":0.62},{"time":0.2667,"x":1.65,"y":0.93,"curve":0.34,"c2":0.35,"c3":0.684,"c4":0.72},{"time":0.4,"x":4.03,"y":-0.56,"curve":0.38,"c2":0.59,"c3":0.727},{"time":0.5333,"x":5.45,"y":-1.45,"curve":0.246,"c3":0.723,"c4":0.88},{"time":1,"x":-1.42,"y":2.85,"curve":0.352,"c2":0.65,"c3":0.687},{"time":1.0333,"x":-1.58,"y":2.95,"curve":0.284,"c3":0.625,"c4":0.38},{"time":1.1333,"x":-0.67,"y":2.38,"curve":0.307,"c2":0.25,"c3":0.651,"c4":0.62},{"time":1.2667,"x":1.65,"y":0.93,"curve":0.34,"c2":0.35,"c3":0.684,"c4":0.72},{"time":1.4,"x":4.03,"y":-0.56,"curve":0.38,"c2":0.59,"c3":0.727},{"time":1.5333,"x":5.45,"y":-1.45,"curve":0.246,"c3":0.723,"c4":0.88},{"time":2,"x":-1.42,"y":2.85}]},"coat5":{"rotate":[{"angle":-1.55,"curve":0.25,"c3":0.75},{"time":0.5,"angle":4.25,"curve":0.25,"c3":0.75},{"time":1,"angle":-1.55,"curve":0.25,"c3":0.75},{"time":1.5,"angle":4.25,"curve":0.25,"c3":0.75},{"time":2,"angle":-1.55}]},"coat6":{"rotate":[{"angle":-0.8,"curve":0.375,"c2":0.62,"c3":0.716},{"time":0.1,"angle":-1.55,"curve":0.25,"c3":0.75},{"time":0.6,"angle":4.25,"curve":0.243,"c3":0.68,"c4":0.71},{"time":1,"angle":-0.8,"curve":0.375,"c2":0.62,"c3":0.716},{"time":1.1,"angle":-1.55,"curve":0.25,"c3":0.75},{"time":1.6,"angle":4.25,"curve":0.243,"c3":0.68,"c4":0.71},{"time":2,"angle":-0.8}]},"coat7":{"rotate":[{"angle":-1.58,"curve":0.349,"c2":0.39,"c3":0.689,"c4":0.74},{"time":0.1,"angle":-3.73,"curve":0.375,"c2":0.62,"c3":0.716},{"time":0.2,"angle":-4.92,"curve":0.25,"c3":0.75},{"time":0.7,"angle":4.25,"curve":0.245,"c3":0.637,"c4":0.56},{"time":1,"angle":-1.58,"curve":0.349,"c2":0.39,"c3":0.689,"c4":0.74},{"time":1.1,"angle":-3.73,"curve":0.375,"c2":0.62,"c3":0.716},{"time":1.2,"angle":-4.92,"curve":0.25,"c3":0.75},{"time":1.7,"angle":4.25,"curve":0.245,"c3":0.637,"c4":0.56},{"time":2,"angle":-1.58}]},"coat8":{"rotate":[{"angle":0.85,"curve":0.33,"c2":0.32,"c3":0.67,"c4":0.68},{"time":0.1,"angle":-1.58,"curve":0.349,"c2":0.39,"c3":0.689,"c4":0.74},{"time":0.2,"angle":-3.73,"curve":0.375,"c2":0.62,"c3":0.716},{"time":0.3,"angle":-4.92,"curve":0.25,"c3":0.75},{"time":0.8,"angle":4.25,"curve":0.258,"c3":0.619,"c4":0.45},{"time":1,"angle":0.85,"curve":0.33,"c2":0.32,"c3":0.67,"c4":0.68},{"time":1.1,"angle":-1.58,"curve":0.349,"c2":0.39,"c3":0.689,"c4":0.74},{"time":1.2,"angle":-3.73,"curve":0.375,"c2":0.62,"c3":0.716},{"time":1.3,"angle":-4.92,"curve":0.25,"c3":0.75},{"time":1.8,"angle":4.25,"curve":0.258,"c3":0.619,"c4":0.45},{"time":2,"angle":0.85}]},"coat9":{"rotate":[{"angle":3.07,"curve":0.311,"c2":0.26,"c3":0.651,"c4":0.61},{"time":0.1,"angle":0.85,"curve":0.33,"c2":0.32,"c3":0.67,"c4":0.68},{"time":0.2,"angle":-1.58,"curve":0.349,"c2":0.39,"c3":0.689,"c4":0.74},{"time":0.3,"angle":-3.73,"curve":0.375,"c2":0.62,"c3":0.716},{"time":0.4,"angle":-4.92,"curve":0.25,"c3":0.75},{"time":0.9,"angle":4.25,"curve":0.284,"c3":0.625,"c4":0.38},{"time":1,"angle":3.07,"curve":0.311,"c2":0.26,"c3":0.651,"c4":0.61},{"time":1.1,"angle":0.85,"curve":0.33,"c2":0.32,"c3":0.67,"c4":0.68},{"time":1.2,"angle":-1.58,"curve":0.349,"c2":0.39,"c3":0.689,"c4":0.74},{"time":1.3,"angle":-3.73,"curve":0.375,"c2":0.62,"c3":0.716},{"time":1.4,"angle":-4.92,"curve":0.25,"c3":0.75},{"time":1.9,"angle":4.25,"curve":0.284,"c3":0.625,"c4":0.38},{"time":2,"angle":3.07}]},"coat":{"rotate":[{"angle":4.76,"curve":0.25,"c3":0.75},{"time":0.5,"angle":-4.78,"curve":0.25,"c3":0.75},{"time":1,"angle":4.76,"curve":0.25,"c3":0.75},{"time":1.5,"angle":-4.78,"curve":0.25,"c3":0.75},{"time":2,"angle":4.76}]},"coat2":{"rotate":[{"angle":3.52,"curve":0.375,"c2":0.62,"c3":0.716},{"time":0.1,"angle":4.76,"curve":0.25,"c3":0.75},{"time":0.6,"angle":-4.78,"curve":0.243,"c3":0.68,"c4":0.71},{"time":1,"angle":3.52,"curve":0.375,"c2":0.62,"c3":0.716},{"time":1.1,"angle":4.76,"curve":0.25,"c3":0.75},{"time":1.6,"angle":-4.78,"curve":0.243,"c3":0.68,"c4":0.71},{"time":2,"angle":3.52}]},"coat3":{"rotate":[{"angle":1.29,"curve":0.349,"c2":0.39,"c3":0.689,"c4":0.74},{"time":0.1,"angle":3.52,"curve":0.375,"c2":0.62,"c3":0.716},{"time":0.2,"angle":4.76,"curve":0.25,"c3":0.75},{"time":0.7,"angle":-4.78,"curve":0.245,"c3":0.637,"c4":0.56},{"time":1,"angle":1.29,"curve":0.349,"c2":0.39,"c3":0.689,"c4":0.74},{"time":1.1,"angle":3.52,"curve":0.375,"c2":0.62,"c3":0.716},{"time":1.2,"angle":4.76,"curve":0.25,"c3":0.75},{"time":1.7,"angle":-4.78,"curve":0.245,"c3":0.637,"c4":0.56},{"time":2,"angle":1.29}]},"coat4":{"rotate":[{"angle":-1.24,"curve":0.33,"c2":0.32,"c3":0.67,"c4":0.68},{"time":0.1,"angle":1.29,"curve":0.349,"c2":0.39,"c3":0.689,"c4":0.74},{"time":0.2,"angle":3.52,"curve":0.375,"c2":0.62,"c3":0.716},{"time":0.3,"angle":4.76,"curve":0.25,"c3":0.75},{"time":0.8,"angle":-4.78,"curve":0.258,"c3":0.619,"c4":0.45},{"time":1,"angle":-1.24,"curve":0.33,"c2":0.32,"c3":0.67,"c4":0.68},{"time":1.1,"angle":1.29,"curve":0.349,"c2":0.39,"c3":0.689,"c4":0.74},{"time":1.2,"angle":3.52,"curve":0.375,"c2":0.62,"c3":0.716},{"time":1.3,"angle":4.76,"curve":0.25,"c3":0.75},{"time":1.8,"angle":-4.78,"curve":0.258,"c3":0.619,"c4":0.45},{"time":2,"angle":-1.24}]},"torso13":{"rotate":[{"angle":4.83,"curve":0.349,"c2":0.39,"c3":0.689,"c4":0.74},{"time":0.1,"angle":1.73,"curve":0.375,"c2":0.62,"c3":0.716},{"time":0.2,"curve":0.25,"c3":0.75},{"time":0.7,"angle":13.26,"curve":0.245,"c3":0.637,"c4":0.56},{"time":1,"angle":4.83,"curve":0.349,"c2":0.39,"c3":0.689,"c4":0.74},{"time":1.1,"angle":1.73,"curve":0.375,"c2":0.62,"c3":0.716},{"time":1.2,"curve":0.25,"c3":0.75},{"time":1.7,"angle":13.26,"curve":0.245,"c3":0.637,"c4":0.56},{"time":2,"angle":4.83}]},"torso14":{"rotate":[{"angle":8.34,"curve":0.33,"c2":0.32,"c3":0.67,"c4":0.68},{"time":0.1,"angle":4.83,"curve":0.349,"c2":0.39,"c3":0.689,"c4":0.74},{"time":0.2,"angle":1.73,"curve":0.375,"c2":0.62,"c3":0.716},{"time":0.3,"curve":0.25,"c3":0.75},{"time":0.8,"angle":13.26,"curve":0.258,"c3":0.619,"c4":0.45},{"time":1,"angle":8.34,"curve":0.33,"c2":0.32,"c3":0.67,"c4":0.68},{"time":1.1,"angle":4.83,"curve":0.349,"c2":0.39,"c3":0.689,"c4":0.74},{"time":1.2,"angle":1.73,"curve":0.375,"c2":0.62,"c3":0.716},{"time":1.3,"curve":0.25,"c3":0.75},{"time":1.8,"angle":13.26,"curve":0.258,"c3":0.619,"c4":0.45},{"time":2,"angle":8.34}]},"torso8":{"rotate":[{"curve":0.25,"c3":0.75},{"time":0.5,"angle":-6.68,"curve":0.25,"c3":0.75},{"time":1,"curve":0.25,"c3":0.75},{"time":1.5,"angle":-6.68,"curve":0.25,"c3":0.75},{"time":2}]},"torso9":{"rotate":[{"angle":-0.87,"curve":0.375,"c2":0.62,"c3":0.716},{"time":0.1,"curve":0.25,"c3":0.75},{"time":0.6,"angle":-6.68,"curve":0.243,"c3":0.68,"c4":0.71},{"time":1,"angle":-0.87,"curve":0.375,"c2":0.62,"c3":0.716},{"time":1.1,"curve":0.25,"c3":0.75},{"time":1.6,"angle":-6.68,"curve":0.243,"c3":0.68,"c4":0.71},{"time":2,"angle":-0.87}]},"torso10":{"rotate":[{"angle":1.54,"curve":0.375,"c2":0.62,"c3":0.716},{"time":0.1,"curve":0.25,"c3":0.75},{"time":0.6,"angle":11.82,"curve":0.243,"c3":0.68,"c4":0.71},{"time":1,"angle":1.54,"curve":0.375,"c2":0.62,"c3":0.716},{"time":1.1,"curve":0.25,"c3":0.75},{"time":1.6,"angle":11.82,"curve":0.243,"c3":0.68,"c4":0.71},{"time":2,"angle":1.54}]},"torso11":{"rotate":[{"angle":4.3,"curve":0.349,"c2":0.39,"c3":0.689,"c4":0.74},{"time":0.1,"angle":1.54,"curve":0.375,"c2":0.62,"c3":0.716},{"time":0.2,"curve":0.25,"c3":0.75},{"time":0.7,"angle":11.82,"curve":0.245,"c3":0.637,"c4":0.56},{"time":1,"angle":4.3,"curve":0.349,"c2":0.39,"c3":0.689,"c4":0.74},{"time":1.1,"angle":1.54,"curve":0.375,"c2":0.62,"c3":0.716},{"time":1.2,"curve":0.25,"c3":0.75},{"time":1.7,"angle":11.82,"curve":0.245,"c3":0.637,"c4":0.56},{"time":2,"angle":4.3}]},"arm_left_2":{"rotate":[{"angle":-35.89,"curve":0.25,"c3":0.75},{"time":0.5,"angle":-43.54,"curve":0.25,"c3":0.75},{"time":1,"angle":-35.89,"curve":0.25,"c3":0.75},{"time":1.5,"angle":-43.54,"curve":0.25,"c3":0.75},{"time":2,"angle":-35.89}]},"arm_right_1":{"rotate":[{"angle":-58.29,"curve":0.25,"c3":0.75},{"time":0.5,"angle":-84.36,"curve":0.25,"c3":0.75},{"time":1,"angle":-58.29,"curve":0.25,"c3":0.75},{"time":1.5,"angle":-84.36,"curve":0.25,"c3":0.75},{"time":2,"angle":-58.29}]},"arm_right_3":{"rotate":[{"angle":-29.61,"curve":0.25,"c3":0.75},{"time":0.5,"angle":-13.33,"curve":0.25,"c3":0.75},{"time":1,"angle":-29.61,"curve":0.25,"c3":0.75},{"time":1.5,"angle":-13.33,"curve":0.25,"c3":0.75},{"time":2,"angle":-29.61}]},"torso":{"translate":[{"curve":0.25,"c3":0.75},{"time":0.5,"x":8.81,"y":-1.63,"curve":0.25,"c3":0.75},{"time":1,"curve":0.25,"c3":0.75},{"time":1.5,"x":8.81,"y":-1.63,"curve":0.25,"c3":0.75},{"time":2}]}}}}}