[1,0,0,[["cc.JsonAsset",["_name","json"],1]],[[0,0,1,3]],[[0,"level_002971-30",[{"layers":[{"index":0,"tiles":[{"x":4,"y":-8},{"x":7,"y":-8},{"x":2.5,"y":-7.5},{"x":5,"y":-7.5},{"x":6,"y":-7.5},{"x":8.5,"y":-7.5},{"x":4,"y":-7},{"x":7,"y":-7},{"x":3,"y":-6.5},{"x":8,"y":-6.5},{"x":4,"y":-6},{"x":7,"y":-6},{"x":3,"y":-5.5},{"x":8,"y":-5.5},{"x":3,"y":-4.5},{"x":8,"y":-4.5},{"x":4,"y":-4},{"x":7,"y":-4},{"x":3,"y":-3.5},{"x":8,"y":-3.5},{"x":4,"y":-3},{"x":7,"y":-3},{"x":2.5,"y":-2.5},{"x":5,"y":-2.5},{"x":6,"y":-2.5},{"x":8.5,"y":-2.5},{"x":4,"y":-2},{"x":7,"y":-2}]},{"index":1,"tiles":[{"x":4,"y":-8},{"x":7,"y":-8},{"x":2.5,"y":-7.5},{"x":5,"y":-7.5},{"x":6,"y":-7.5},{"x":8.5,"y":-7.5},{"x":4,"y":-7},{"x":7,"y":-7},{"x":3,"y":-6.5},{"x":8,"y":-6.5},{"x":4,"y":-6},{"x":7,"y":-6},{"x":3,"y":-5.5},{"x":8,"y":-5.5},{"x":3,"y":-4.5},{"x":8,"y":-4.5},{"x":4,"y":-4},{"x":7,"y":-4},{"x":3,"y":-3.5},{"x":8,"y":-3.5},{"x":4,"y":-3},{"x":7,"y":-3},{"x":2.5,"y":-2.5},{"x":5,"y":-2.5},{"x":6,"y":-2.5},{"x":8.5,"y":-2.5},{"x":4,"y":-2},{"x":7,"y":-2}]},{"index":2,"tiles":[{"x":4,"y":-8},{"x":7,"y":-8},{"x":2.5,"y":-7.5},{"x":5,"y":-7.5},{"x":6,"y":-7.5},{"x":8.5,"y":-7.5},{"x":4,"y":-7},{"x":7,"y":-7},{"x":3,"y":-6.5},{"x":8,"y":-6.5},{"x":4,"y":-6},{"x":7,"y":-6},{"x":3,"y":-5.5},{"x":8,"y":-5.5},{"x":3,"y":-4.5},{"x":8,"y":-4.5},{"x":4,"y":-4},{"x":7,"y":-4},{"x":3,"y":-3.5},{"x":8,"y":-3.5},{"x":4,"y":-3},{"x":7,"y":-3},{"x":2.5,"y":-2.5},{"x":5,"y":-2.5},{"x":6,"y":-2.5},{"x":8.5,"y":-2.5},{"x":4,"y":-2},{"x":7,"y":-2}]},{"index":3,"tiles":[{"x":4,"y":-8},{"x":7,"y":-8},{"x":2.5,"y":-7.5},{"x":5,"y":-7.5},{"x":6,"y":-7.5},{"x":8.5,"y":-7.5},{"x":4,"y":-7},{"x":7,"y":-7},{"x":3,"y":-6.5},{"x":8,"y":-6.5},{"x":4,"y":-6},{"x":7,"y":-6},{"x":3,"y":-5.5},{"x":8,"y":-5.5},{"x":3,"y":-4.5},{"x":8,"y":-4.5},{"x":4,"y":-4},{"x":7,"y":-4},{"x":3,"y":-3.5},{"x":8,"y":-3.5},{"x":4,"y":-3},{"x":7,"y":-3},{"x":2.5,"y":-2.5},{"x":5,"y":-2.5},{"x":6,"y":-2.5},{"x":8.5,"y":-2.5},{"x":4,"y":-2},{"x":7,"y":-2}]}],"seeds":["6Sc1VceB6iJ1IIheoFicH2OIgRiAHbVpoACOoJhVVeFkHIVoAcJdQrSESmkpzecckDJZzxMqmwlOXngE38QkmBdNQ+iJXDcYGAERVcKJYcd1IemB"]},{"layers":[{"index":0,"tiles":[{"x":3,"y":-8.5},{"x":4,"y":-8.5},{"x":6,"y":-8.5},{"x":5,"y":-8},{"x":7,"y":-8},{"x":8,"y":-8},{"x":3.5,"y":-7.5},{"x":4.5,"y":-7},{"x":6,"y":-7},{"x":7.5,"y":-7},{"x":3.5,"y":-6.5},{"x":6,"y":-6},{"x":3,"y":-5.5},{"x":4.5,"y":-5.5},{"x":7.5,"y":-5.5},{"x":3,"y":-4.5},{"x":4.5,"y":-4.5},{"x":7.5,"y":-4.5},{"x":6,"y":-4},{"x":3.5,"y":-3.5},{"x":4.5,"y":-3},{"x":6,"y":-3},{"x":7.5,"y":-3},{"x":3.5,"y":-2.5},{"x":5,"y":-2},{"x":7,"y":-2},{"x":8,"y":-2},{"x":3,"y":-1.5},{"x":4,"y":-1.5},{"x":6,"y":-1.5}]},{"index":1,"tiles":[{"x":3,"y":-8.5},{"x":4,"y":-8.5},{"x":6,"y":-8.5},{"x":5,"y":-8},{"x":7,"y":-8},{"x":8,"y":-8},{"x":3.5,"y":-7.5},{"x":4.5,"y":-7},{"x":6,"y":-7},{"x":7.5,"y":-7},{"x":3.5,"y":-6.5},{"x":6,"y":-6},{"x":3,"y":-5.5},{"x":4.5,"y":-5.5},{"x":7.5,"y":-5.5},{"x":3,"y":-4.5},{"x":4.5,"y":-4.5},{"x":7.5,"y":-4.5},{"x":6,"y":-4},{"x":3.5,"y":-3.5},{"x":4.5,"y":-3},{"x":6,"y":-3},{"x":7.5,"y":-3},{"x":3.5,"y":-2.5},{"x":5,"y":-2},{"x":7,"y":-2},{"x":8,"y":-2},{"x":3,"y":-1.5},{"x":4,"y":-1.5},{"x":6,"y":-1.5}]},{"index":2,"tiles":[{"x":3,"y":-8.5},{"x":4,"y":-8.5},{"x":6,"y":-8.5},{"x":5,"y":-8},{"x":7,"y":-8},{"x":8,"y":-8},{"x":3.5,"y":-7.5},{"x":4.5,"y":-7},{"x":6,"y":-7},{"x":7.5,"y":-7},{"x":3.5,"y":-6.5},{"x":6,"y":-6},{"x":3,"y":-5.5},{"x":4.5,"y":-5.5},{"x":7.5,"y":-5.5},{"x":3,"y":-4.5},{"x":4.5,"y":-4.5},{"x":7.5,"y":-4.5},{"x":6,"y":-4},{"x":3.5,"y":-3.5},{"x":4.5,"y":-3},{"x":6,"y":-3},{"x":7.5,"y":-3},{"x":3.5,"y":-2.5},{"x":5,"y":-2},{"x":7,"y":-2},{"x":8,"y":-2},{"x":3,"y":-1.5},{"x":4,"y":-1.5},{"x":6,"y":-1.5}]},{"index":3,"tiles":[{"x":3,"y":-8.5},{"x":4,"y":-8.5},{"x":6,"y":-8.5},{"x":5,"y":-8},{"x":7,"y":-8},{"x":8,"y":-8},{"x":3.5,"y":-7.5},{"x":4.5,"y":-7},{"x":6,"y":-7},{"x":7.5,"y":-7},{"x":3.5,"y":-6.5},{"x":6,"y":-6},{"x":3,"y":-5.5},{"x":4.5,"y":-5.5},{"x":7.5,"y":-5.5},{"x":3,"y":-4.5},{"x":4.5,"y":-4.5},{"x":7.5,"y":-4.5},{"x":6,"y":-4},{"x":3.5,"y":-3.5},{"x":4.5,"y":-3},{"x":6,"y":-3},{"x":7.5,"y":-3},{"x":3.5,"y":-2.5},{"x":5,"y":-2},{"x":7,"y":-2},{"x":8,"y":-2},{"x":3,"y":-1.5},{"x":4,"y":-1.5},{"x":6,"y":-1.5}]}],"seeds":["jwRmYmgpYhAMYJc9ooV9FAV+y7UtCUgSI7R53UlcnJIUIWGVmmgRnMUMmsl1yOEwVgZyTZilnId5HAcKjNhwETFlQoQy4AeqYdiB3oeABXQ4U2VkIGhUokSE"]},{"layers":[{"index":0,"tiles":[{"x":4,"y":-8.5},{"x":7,"y":-8.5},{"x":3,"y":-8},{"x":5,"y":-8},{"x":6,"y":-8},{"x":8,"y":-8},{"x":4,"y":-7.5},{"x":7,"y":-7.5},{"x":3,"y":-7},{"x":8,"y":-7},{"x":4,"y":-6.5},{"x":5,"y":-6.5},{"x":6,"y":-6.5},{"x":7,"y":-6.5},{"x":2.5,"y":-6},{"x":8.5,"y":-6},{"x":4,"y":-5.5},{"x":7,"y":-5.5},{"x":2.5,"y":-5},{"x":8.5,"y":-5},{"x":3.5,"y":-4.5},{"x":5,"y":-4.5},{"x":6,"y":-4.5},{"x":7.5,"y":-4.5},{"x":2.5,"y":-4},{"x":8.5,"y":-4},{"x":4,"y":-3.5},{"x":7,"y":-3.5},{"x":2.5,"y":-3},{"x":8.5,"y":-3},{"x":3,"y":-2},{"x":8,"y":-2},{"x":4,"y":-1.5},{"x":7,"y":-1.5}]},{"index":1,"tiles":[{"x":4,"y":-8.5},{"x":7,"y":-8.5},{"x":3,"y":-8},{"x":5,"y":-8},{"x":6,"y":-8},{"x":8,"y":-8},{"x":4,"y":-7.5},{"x":7,"y":-7.5},{"x":3,"y":-7},{"x":8,"y":-7},{"x":4,"y":-6.5},{"x":5,"y":-6.5},{"x":6,"y":-6.5},{"x":7,"y":-6.5},{"x":2.5,"y":-6},{"x":8.5,"y":-6},{"x":4,"y":-5.5},{"x":7,"y":-5.5},{"x":2.5,"y":-5},{"x":8.5,"y":-5},{"x":3.5,"y":-4.5},{"x":5,"y":-4.5},{"x":6,"y":-4.5},{"x":7.5,"y":-4.5},{"x":2.5,"y":-4},{"x":8.5,"y":-4},{"x":4,"y":-3.5},{"x":7,"y":-3.5},{"x":2.5,"y":-3},{"x":8.5,"y":-3},{"x":3,"y":-2},{"x":8,"y":-2},{"x":4,"y":-1.5},{"x":7,"y":-1.5}]},{"index":2,"tiles":[{"x":4,"y":-8.5},{"x":7,"y":-8.5},{"x":3,"y":-8},{"x":5,"y":-8},{"x":6,"y":-8},{"x":8,"y":-8},{"x":4,"y":-7.5},{"x":7,"y":-7.5},{"x":3,"y":-7},{"x":8,"y":-7},{"x":4,"y":-6.5},{"x":5,"y":-6.5},{"x":6,"y":-6.5},{"x":7,"y":-6.5},{"x":2.5,"y":-6},{"x":8.5,"y":-6},{"x":4,"y":-5.5},{"x":7,"y":-5.5},{"x":2.5,"y":-5},{"x":8.5,"y":-5},{"x":3.5,"y":-4.5},{"x":5,"y":-4.5},{"x":6,"y":-4.5},{"x":7.5,"y":-4.5},{"x":2.5,"y":-4},{"x":8.5,"y":-4},{"x":4,"y":-3.5},{"x":7,"y":-3.5},{"x":2.5,"y":-3},{"x":8.5,"y":-3},{"x":3,"y":-2},{"x":8,"y":-2},{"x":4,"y":-1.5},{"x":7,"y":-1.5}]}],"seeds":["kYpwpKNF4ak8yIcRQ8CBxdKI4CdUW2ZhVPFBoSgSoRlIm9h4SUeBXXAI6MAZI8dNofMFlSiBmsckQQcGHLhcB2NAouJ11nRxqZc9JQcA"]},{"layers":[{"index":0,"tiles":[{"x":5,"y":-8.5},{"x":6,"y":-8.5},{"x":3.5,"y":-8},{"x":7.5,"y":-8},{"x":4.5,"y":-7.5},{"x":6.5,"y":-7.5},{"x":2.5,"y":-7},{"x":8.5,"y":-7},{"x":3.5,"y":-6.5},{"x":5,"y":-6.5},{"x":6,"y":-6.5},{"x":7.5,"y":-6.5},{"x":2.5,"y":-6},{"x":8.5,"y":-6},{"x":5.5,"y":-5.5},{"x":5.5,"y":-4.5},{"x":2.5,"y":-4},{"x":8.5,"y":-4},{"x":3.5,"y":-3.5},{"x":5,"y":-3.5},{"x":6,"y":-3.5},{"x":7.5,"y":-3.5},{"x":2.5,"y":-3},{"x":8.5,"y":-3},{"x":4.5,"y":-2.5},{"x":6.5,"y":-2.5},{"x":3.5,"y":-2},{"x":7.5,"y":-2},{"x":5,"y":-1.5},{"x":6,"y":-1.5}]},{"index":1,"tiles":[{"x":5,"y":-8.5},{"x":6,"y":-8.5},{"x":3.5,"y":-8},{"x":7.5,"y":-8},{"x":4.5,"y":-7.5},{"x":6.5,"y":-7.5},{"x":2.5,"y":-7},{"x":8.5,"y":-7},{"x":3.5,"y":-6.5},{"x":5,"y":-6.5},{"x":6,"y":-6.5},{"x":7.5,"y":-6.5},{"x":2.5,"y":-6},{"x":8.5,"y":-6},{"x":5.5,"y":-5.5},{"x":5.5,"y":-4.5},{"x":2.5,"y":-4},{"x":8.5,"y":-4},{"x":3.5,"y":-3.5},{"x":5,"y":-3.5},{"x":6,"y":-3.5},{"x":7.5,"y":-3.5},{"x":2.5,"y":-3},{"x":8.5,"y":-3},{"x":4.5,"y":-2.5},{"x":6.5,"y":-2.5},{"x":3.5,"y":-2},{"x":7.5,"y":-2},{"x":5,"y":-1.5},{"x":6,"y":-1.5}]},{"index":2,"tiles":[{"x":5,"y":-8.5},{"x":6,"y":-8.5},{"x":3.5,"y":-8},{"x":7.5,"y":-8},{"x":4.5,"y":-7.5},{"x":6.5,"y":-7.5},{"x":2.5,"y":-7},{"x":8.5,"y":-7},{"x":3.5,"y":-6.5},{"x":5,"y":-6.5},{"x":6,"y":-6.5},{"x":7.5,"y":-6.5},{"x":2.5,"y":-6},{"x":8.5,"y":-6},{"x":5.5,"y":-5.5},{"x":5.5,"y":-4.5},{"x":2.5,"y":-4},{"x":8.5,"y":-4},{"x":3.5,"y":-3.5},{"x":5,"y":-3.5},{"x":6,"y":-3.5},{"x":7.5,"y":-3.5},{"x":2.5,"y":-3},{"x":8.5,"y":-3},{"x":4.5,"y":-2.5},{"x":6.5,"y":-2.5},{"x":3.5,"y":-2},{"x":7.5,"y":-2},{"x":5,"y":-1.5},{"x":6,"y":-1.5}]},{"index":3,"tiles":[{"x":5,"y":-8.5},{"x":6,"y":-8.5},{"x":3.5,"y":-8},{"x":7.5,"y":-8},{"x":4.5,"y":-7.5},{"x":6.5,"y":-7.5},{"x":2.5,"y":-7},{"x":8.5,"y":-7},{"x":3.5,"y":-6.5},{"x":5,"y":-6.5},{"x":6,"y":-6.5},{"x":7.5,"y":-6.5},{"x":2.5,"y":-6},{"x":8.5,"y":-6},{"x":5.5,"y":-5.5},{"x":5.5,"y":-4.5},{"x":2.5,"y":-4},{"x":8.5,"y":-4},{"x":3.5,"y":-3.5},{"x":5,"y":-3.5},{"x":6,"y":-3.5},{"x":7.5,"y":-3.5},{"x":2.5,"y":-3},{"x":8.5,"y":-3},{"x":4.5,"y":-2.5},{"x":6.5,"y":-2.5},{"x":3.5,"y":-2},{"x":7.5,"y":-2},{"x":5,"y":-1.5},{"x":6,"y":-1.5}]}],"seeds":["4HdAZbWBo6Juhwh6ppgkHaVcHIimTsdg4TOdXigSReiFz+SBkCRwTMFxSDdYxkKAggcmGadxmBSGxnIFUYZsyfc1nUdpSGSBSAV+AclpnDg04MaBjiiGIaeB"]},{"layers":[{"index":0,"tiles":[{"x":4,"y":-8.5},{"x":7,"y":-8.5},{"x":3,"y":-7.5},{"x":5,"y":-7.5},{"x":6,"y":-7.5},{"x":8,"y":-7.5},{"x":3.5,"y":-6.5},{"x":4.5,"y":-6.5},{"x":6.5,"y":-6.5},{"x":7.5,"y":-6.5},{"x":3.5,"y":-5.5},{"x":7.5,"y":-5.5},{"x":2.5,"y":-5},{"x":8.5,"y":-5},{"x":3.5,"y":-4.5},{"x":7.5,"y":-4.5},{"x":3.5,"y":-3.5},{"x":4.5,"y":-3.5},{"x":6.5,"y":-3.5},{"x":7.5,"y":-3.5},{"x":3,"y":-2.5},{"x":5,"y":-2.5},{"x":6,"y":-2.5},{"x":8,"y":-2.5},{"x":4,"y":-1.5},{"x":7,"y":-1.5}]},{"index":1,"tiles":[{"x":4,"y":-8.5},{"x":7,"y":-8.5},{"x":3,"y":-7.5},{"x":5,"y":-7.5},{"x":6,"y":-7.5},{"x":8,"y":-7.5},{"x":3.5,"y":-6.5},{"x":4.5,"y":-6.5},{"x":6.5,"y":-6.5},{"x":7.5,"y":-6.5},{"x":3.5,"y":-5.5},{"x":7.5,"y":-5.5},{"x":2.5,"y":-5},{"x":8.5,"y":-5},{"x":3.5,"y":-4.5},{"x":7.5,"y":-4.5},{"x":3.5,"y":-3.5},{"x":4.5,"y":-3.5},{"x":6.5,"y":-3.5},{"x":7.5,"y":-3.5},{"x":3,"y":-2.5},{"x":5,"y":-2.5},{"x":6,"y":-2.5},{"x":8,"y":-2.5},{"x":4,"y":-1.5},{"x":7,"y":-1.5}]},{"index":2,"tiles":[{"x":4,"y":-8.5},{"x":7,"y":-8.5},{"x":3,"y":-7.5},{"x":5,"y":-7.5},{"x":6,"y":-7.5},{"x":8,"y":-7.5},{"x":3.5,"y":-6.5},{"x":4.5,"y":-6.5},{"x":6.5,"y":-6.5},{"x":7.5,"y":-6.5},{"x":3.5,"y":-5.5},{"x":7.5,"y":-5.5},{"x":2.5,"y":-5},{"x":8.5,"y":-5},{"x":3.5,"y":-4.5},{"x":7.5,"y":-4.5},{"x":3.5,"y":-3.5},{"x":4.5,"y":-3.5},{"x":6.5,"y":-3.5},{"x":7.5,"y":-3.5},{"x":3,"y":-2.5},{"x":5,"y":-2.5},{"x":6,"y":-2.5},{"x":8,"y":-2.5},{"x":4,"y":-1.5},{"x":7,"y":-1.5}]},{"index":3,"tiles":[{"x":4,"y":-8.5},{"x":7,"y":-8.5},{"x":3,"y":-7.5},{"x":5,"y":-7.5},{"x":6,"y":-7.5},{"x":8,"y":-7.5},{"x":3.5,"y":-6.5},{"x":4.5,"y":-6.5},{"x":6.5,"y":-6.5},{"x":7.5,"y":-6.5},{"x":3.5,"y":-5.5},{"x":7.5,"y":-5.5},{"x":2.5,"y":-5},{"x":8.5,"y":-5},{"x":3.5,"y":-4.5},{"x":7.5,"y":-4.5},{"x":3.5,"y":-3.5},{"x":4.5,"y":-3.5},{"x":6.5,"y":-3.5},{"x":7.5,"y":-3.5},{"x":3,"y":-2.5},{"x":5,"y":-2.5},{"x":6,"y":-2.5},{"x":8,"y":-2.5},{"x":4,"y":-1.5},{"x":7,"y":-1.5}]}],"seeds":["COJ9H/SBYVJ4YSKWnJiGqIWJ1zUZUtdp0SN8WgY2QihqXNMtw2dFH0cwoBEUHAWS0HA8wfGBJ7hpm1opk4JxFbd0nkaFo+M5oal9DCFl"]},{"layers":[{"index":0,"tiles":[{"x":3,"y":-8.5},{"x":4,"y":-8.5},{"x":7,"y":-8.5},{"x":8,"y":-8.5},{"x":5,"y":-8},{"x":6,"y":-8},{"x":3,"y":-7.5},{"x":8,"y":-7.5},{"x":5.5,"y":-7},{"x":3.5,"y":-6.5},{"x":7.5,"y":-6.5},{"x":5,"y":-6},{"x":6,"y":-6},{"x":3,"y":-5.5},{"x":4,"y":-5.5},{"x":7,"y":-5.5},{"x":8,"y":-5.5},{"x":3,"y":-4.5},{"x":4,"y":-4.5},{"x":7,"y":-4.5},{"x":8,"y":-4.5},{"x":5,"y":-4},{"x":6,"y":-4},{"x":3.5,"y":-3.5},{"x":7.5,"y":-3.5},{"x":5.5,"y":-3},{"x":3,"y":-2.5},{"x":8,"y":-2.5},{"x":5,"y":-2},{"x":6,"y":-2},{"x":3,"y":-1.5},{"x":4,"y":-1.5},{"x":7,"y":-1.5},{"x":8,"y":-1.5}]},{"index":1,"tiles":[{"x":3,"y":-8.5},{"x":4,"y":-8.5},{"x":7,"y":-8.5},{"x":8,"y":-8.5},{"x":5,"y":-8},{"x":6,"y":-8},{"x":3,"y":-7.5},{"x":8,"y":-7.5},{"x":5.5,"y":-7},{"x":3.5,"y":-6.5},{"x":7.5,"y":-6.5},{"x":5,"y":-6},{"x":6,"y":-6},{"x":3,"y":-5.5},{"x":4,"y":-5.5},{"x":7,"y":-5.5},{"x":8,"y":-5.5},{"x":3,"y":-4.5},{"x":4,"y":-4.5},{"x":7,"y":-4.5},{"x":8,"y":-4.5},{"x":5,"y":-4},{"x":6,"y":-4},{"x":3.5,"y":-3.5},{"x":7.5,"y":-3.5},{"x":5.5,"y":-3},{"x":3,"y":-2.5},{"x":8,"y":-2.5},{"x":5,"y":-2},{"x":6,"y":-2},{"x":3,"y":-1.5},{"x":4,"y":-1.5},{"x":7,"y":-1.5},{"x":8,"y":-1.5}]},{"index":2,"tiles":[{"x":3,"y":-8.5},{"x":4,"y":-8.5},{"x":7,"y":-8.5},{"x":8,"y":-8.5},{"x":5,"y":-8},{"x":6,"y":-8},{"x":3,"y":-7.5},{"x":8,"y":-7.5},{"x":5.5,"y":-7},{"x":3.5,"y":-6.5},{"x":7.5,"y":-6.5},{"x":5,"y":-6},{"x":6,"y":-6},{"x":3,"y":-5.5},{"x":4,"y":-5.5},{"x":7,"y":-5.5},{"x":8,"y":-5.5},{"x":3,"y":-4.5},{"x":4,"y":-4.5},{"x":7,"y":-4.5},{"x":8,"y":-4.5},{"x":5,"y":-4},{"x":6,"y":-4},{"x":3.5,"y":-3.5},{"x":7.5,"y":-3.5},{"x":5.5,"y":-3},{"x":3,"y":-2.5},{"x":8,"y":-2.5},{"x":5,"y":-2},{"x":6,"y":-2},{"x":3,"y":-1.5},{"x":4,"y":-1.5},{"x":7,"y":-1.5},{"x":8,"y":-1.5}]}],"seeds":["I4gZohM6XxgEIJco4YVxkyIUCig2SwR21WRx4tNtXFiUQxZEYqo9m/hxGUoGl2RI1hF6pgB9lEco3ZAwHYhUFIiI2sd5TAidhLo03gEA"]},{"layers":[{"index":0,"tiles":[{"x":2.5,"y":-9},{"x":4,"y":-9},{"x":7,"y":-9},{"x":8.5,"y":-9},{"x":5.5,"y":-8.5},{"x":2.5,"y":-8},{"x":4.5,"y":-8},{"x":6.5,"y":-8},{"x":8.5,"y":-8},{"x":3,"y":-7},{"x":8,"y":-7},{"x":4,"y":-6.5},{"x":5.5,"y":-6.5},{"x":7,"y":-6.5},{"x":2.5,"y":-6},{"x":8.5,"y":-6},{"x":2.5,"y":-5},{"x":3.5,"y":-5},{"x":4.5,"y":-5},{"x":6.5,"y":-5},{"x":7.5,"y":-5},{"x":8.5,"y":-5},{"x":3,"y":-4},{"x":4.5,"y":-4},{"x":6.5,"y":-4},{"x":8,"y":-4},{"x":2.5,"y":-3},{"x":3.5,"y":-3},{"x":4.5,"y":-3},{"x":6.5,"y":-3},{"x":7.5,"y":-3},{"x":8.5,"y":-3},{"x":3,"y":-2},{"x":5,"y":-2},{"x":6,"y":-2},{"x":8,"y":-2},{"x":3.5,"y":-1},{"x":7.5,"y":-1}]},{"index":1,"tiles":[{"x":2.5,"y":-9},{"x":4,"y":-9},{"x":7,"y":-9},{"x":8.5,"y":-9},{"x":5.5,"y":-8.5},{"x":2.5,"y":-8},{"x":4.5,"y":-8},{"x":6.5,"y":-8},{"x":8.5,"y":-8},{"x":3,"y":-7},{"x":8,"y":-7},{"x":4,"y":-6.5},{"x":5.5,"y":-6.5},{"x":7,"y":-6.5},{"x":2.5,"y":-6},{"x":8.5,"y":-6},{"x":2.5,"y":-5},{"x":3.5,"y":-5},{"x":4.5,"y":-5},{"x":6.5,"y":-5},{"x":7.5,"y":-5},{"x":8.5,"y":-5},{"x":3,"y":-4},{"x":4.5,"y":-4},{"x":6.5,"y":-4},{"x":8,"y":-4},{"x":2.5,"y":-3},{"x":3.5,"y":-3},{"x":4.5,"y":-3},{"x":6.5,"y":-3},{"x":7.5,"y":-3},{"x":8.5,"y":-3},{"x":3,"y":-2},{"x":5,"y":-2},{"x":6,"y":-2},{"x":8,"y":-2},{"x":3.5,"y":-1},{"x":7.5,"y":-1}]},{"index":2,"tiles":[{"x":2.5,"y":-9},{"x":4,"y":-9},{"x":7,"y":-9},{"x":8.5,"y":-9},{"x":5.5,"y":-8.5},{"x":2.5,"y":-8},{"x":4.5,"y":-8},{"x":6.5,"y":-8},{"x":8.5,"y":-8},{"x":3,"y":-7},{"x":8,"y":-7},{"x":4,"y":-6.5},{"x":5.5,"y":-6.5},{"x":7,"y":-6.5},{"x":2.5,"y":-6},{"x":8.5,"y":-6},{"x":2.5,"y":-5},{"x":3.5,"y":-5},{"x":4.5,"y":-5},{"x":6.5,"y":-5},{"x":7.5,"y":-5},{"x":8.5,"y":-5},{"x":3,"y":-4},{"x":4.5,"y":-4},{"x":6.5,"y":-4},{"x":8,"y":-4},{"x":2.5,"y":-3},{"x":3.5,"y":-3},{"x":4.5,"y":-3},{"x":6.5,"y":-3},{"x":7.5,"y":-3},{"x":8.5,"y":-3},{"x":3,"y":-2},{"x":5,"y":-2},{"x":6,"y":-2},{"x":8,"y":-2},{"x":3.5,"y":-1},{"x":7.5,"y":-1}]}],"seeds":["pOSFokCAnlhJGJYsIfeBE2h+kchZIXhOnSN8IdgN2Sgwz0cFIKQw4NWhixIUipGB0dFBjUgNDmUk3CJMnOilkxYUR9WFWiA+nKVSHtEgSHltS6hsHQcA"]},{"layers":[{"index":0,"tiles":[{"x":2.5,"y":-8.5},{"x":5.5,"y":-8.5},{"x":8.5,"y":-8.5},{"x":4,"y":-8},{"x":7,"y":-8},{"x":5.5,"y":-7.5},{"x":3,"y":-7},{"x":4,"y":-7},{"x":7,"y":-7},{"x":8,"y":-7},{"x":5,"y":-6.5},{"x":6,"y":-6.5},{"x":4,"y":-6},{"x":7,"y":-6},{"x":2.5,"y":-5.5},{"x":5.5,"y":-5.5},{"x":8.5,"y":-5.5},{"x":2.5,"y":-4.5},{"x":5.5,"y":-4.5},{"x":8.5,"y":-4.5},{"x":4,"y":-4},{"x":7,"y":-4},{"x":5,"y":-3.5},{"x":6,"y":-3.5},{"x":3,"y":-3},{"x":4,"y":-3},{"x":7,"y":-3},{"x":8,"y":-3},{"x":5.5,"y":-2.5},{"x":4,"y":-2},{"x":7,"y":-2},{"x":2.5,"y":-1.5},{"x":5.5,"y":-1.5},{"x":8.5,"y":-1.5}]},{"index":1,"tiles":[{"x":2.5,"y":-8.5},{"x":5.5,"y":-8.5},{"x":8.5,"y":-8.5},{"x":4,"y":-8},{"x":7,"y":-8},{"x":5.5,"y":-7.5},{"x":3,"y":-7},{"x":4,"y":-7},{"x":7,"y":-7},{"x":8,"y":-7},{"x":5,"y":-6.5},{"x":6,"y":-6.5},{"x":4,"y":-6},{"x":7,"y":-6},{"x":2.5,"y":-5.5},{"x":5.5,"y":-5.5},{"x":8.5,"y":-5.5},{"x":2.5,"y":-4.5},{"x":5.5,"y":-4.5},{"x":8.5,"y":-4.5},{"x":4,"y":-4},{"x":7,"y":-4},{"x":5,"y":-3.5},{"x":6,"y":-3.5},{"x":3,"y":-3},{"x":4,"y":-3},{"x":7,"y":-3},{"x":8,"y":-3},{"x":5.5,"y":-2.5},{"x":4,"y":-2},{"x":7,"y":-2},{"x":2.5,"y":-1.5},{"x":5.5,"y":-1.5},{"x":8.5,"y":-1.5}]},{"index":2,"tiles":[{"x":2.5,"y":-8.5},{"x":5.5,"y":-8.5},{"x":8.5,"y":-8.5},{"x":4,"y":-8},{"x":7,"y":-8},{"x":5.5,"y":-7.5},{"x":3,"y":-7},{"x":4,"y":-7},{"x":7,"y":-7},{"x":8,"y":-7},{"x":5,"y":-6.5},{"x":6,"y":-6.5},{"x":4,"y":-6},{"x":7,"y":-6},{"x":2.5,"y":-5.5},{"x":5.5,"y":-5.5},{"x":8.5,"y":-5.5},{"x":2.5,"y":-4.5},{"x":5.5,"y":-4.5},{"x":8.5,"y":-4.5},{"x":4,"y":-4},{"x":7,"y":-4},{"x":5,"y":-3.5},{"x":6,"y":-3.5},{"x":3,"y":-3},{"x":4,"y":-3},{"x":7,"y":-3},{"x":8,"y":-3},{"x":5.5,"y":-2.5},{"x":4,"y":-2},{"x":7,"y":-2},{"x":2.5,"y":-1.5},{"x":5.5,"y":-1.5},{"x":8.5,"y":-1.5}]}],"seeds":["4WU51vOJXQBFCCNlxRGUjwMWmxGSiAZVFcWoE4ilCiGGl6iJp0CI0+CF4RGChkhxXtCMkZJwnTBwC9eh2fd5S9Nx4KZgiheAH2gmnAQA"]},{"layers":[{"index":0,"tiles":[{"x":5,"y":-8.5},{"x":6,"y":-8.5},{"x":5,"y":-7.5},{"x":6,"y":-7.5},{"x":5,"y":-6.5},{"x":6,"y":-6.5},{"x":3,"y":-5.5},{"x":4,"y":-5.5},{"x":5,"y":-5.5},{"x":6,"y":-5.5},{"x":7,"y":-5.5},{"x":8,"y":-5.5},{"x":3,"y":-4.5},{"x":4,"y":-4.5},{"x":5,"y":-4.5},{"x":6,"y":-4.5},{"x":7,"y":-4.5},{"x":8,"y":-4.5},{"x":5,"y":-3.5},{"x":6,"y":-3.5},{"x":5,"y":-2.5},{"x":6,"y":-2.5},{"x":5,"y":-1.5},{"x":6,"y":-1.5}]},{"index":1,"tiles":[{"x":5,"y":-8.5},{"x":6,"y":-8.5},{"x":5,"y":-7.5},{"x":6,"y":-7.5},{"x":5,"y":-6.5},{"x":6,"y":-6.5},{"x":3,"y":-5.5},{"x":4,"y":-5.5},{"x":5,"y":-5.5},{"x":6,"y":-5.5},{"x":7,"y":-5.5},{"x":8,"y":-5.5},{"x":3,"y":-4.5},{"x":4,"y":-4.5},{"x":5,"y":-4.5},{"x":6,"y":-4.5},{"x":7,"y":-4.5},{"x":8,"y":-4.5},{"x":5,"y":-3.5},{"x":6,"y":-3.5},{"x":5,"y":-2.5},{"x":6,"y":-2.5},{"x":5,"y":-1.5},{"x":6,"y":-1.5}]},{"index":2,"tiles":[{"x":5,"y":-8.5},{"x":6,"y":-8.5},{"x":5,"y":-7.5},{"x":6,"y":-7.5},{"x":5,"y":-6.5},{"x":6,"y":-6.5},{"x":3,"y":-5.5},{"x":4,"y":-5.5},{"x":5,"y":-5.5},{"x":6,"y":-5.5},{"x":7,"y":-5.5},{"x":8,"y":-5.5},{"x":3,"y":-4.5},{"x":4,"y":-4.5},{"x":5,"y":-4.5},{"x":6,"y":-4.5},{"x":7,"y":-4.5},{"x":8,"y":-4.5},{"x":5,"y":-3.5},{"x":6,"y":-3.5},{"x":5,"y":-2.5},{"x":6,"y":-2.5},{"x":5,"y":-1.5},{"x":6,"y":-1.5}]},{"index":3,"tiles":[{"x":5,"y":-8.5},{"x":6,"y":-8.5},{"x":5,"y":-7.5},{"x":6,"y":-7.5},{"x":5,"y":-6.5},{"x":6,"y":-6.5},{"x":3,"y":-5.5},{"x":4,"y":-5.5},{"x":5,"y":-5.5},{"x":6,"y":-5.5},{"x":7,"y":-5.5},{"x":8,"y":-5.5},{"x":3,"y":-4.5},{"x":4,"y":-4.5},{"x":5,"y":-4.5},{"x":6,"y":-4.5},{"x":7,"y":-4.5},{"x":8,"y":-4.5},{"x":5,"y":-3.5},{"x":6,"y":-3.5},{"x":5,"y":-2.5},{"x":6,"y":-2.5},{"x":5,"y":-1.5},{"x":6,"y":-1.5}]}],"seeds":["GvhFDwUdh/IRRTUFgsppy2IIngU9iHMN1ncV1MCQWQh6HBckUXKCXohlSliKIAF+I+IEkwGGYYgEX4dwXYc1oicyadWYnYh+"]},{"layers":[{"index":0,"tiles":[{"x":4,"y":-8.5},{"x":5,"y":-8.5},{"x":6,"y":-8.5},{"x":7,"y":-8.5},{"x":3,"y":-7.5},{"x":5,"y":-7.5},{"x":6,"y":-7.5},{"x":8,"y":-7.5},{"x":3.5,"y":-6.5},{"x":7.5,"y":-6.5},{"x":4.5,"y":-6},{"x":6.5,"y":-6},{"x":3,"y":-5.5},{"x":8,"y":-5.5},{"x":3,"y":-4.5},{"x":8,"y":-4.5},{"x":4.5,"y":-4},{"x":6.5,"y":-4},{"x":3.5,"y":-3.5},{"x":7.5,"y":-3.5},{"x":3,"y":-2.5},{"x":5,"y":-2.5},{"x":6,"y":-2.5},{"x":8,"y":-2.5},{"x":4,"y":-1.5},{"x":5,"y":-1.5},{"x":6,"y":-1.5},{"x":7,"y":-1.5}]},{"index":1,"tiles":[{"x":4,"y":-8.5},{"x":5,"y":-8.5},{"x":6,"y":-8.5},{"x":7,"y":-8.5},{"x":3,"y":-7.5},{"x":5,"y":-7.5},{"x":6,"y":-7.5},{"x":8,"y":-7.5},{"x":3.5,"y":-6.5},{"x":7.5,"y":-6.5},{"x":4.5,"y":-6},{"x":6.5,"y":-6},{"x":3,"y":-5.5},{"x":8,"y":-5.5},{"x":3,"y":-4.5},{"x":8,"y":-4.5},{"x":4.5,"y":-4},{"x":6.5,"y":-4},{"x":3.5,"y":-3.5},{"x":7.5,"y":-3.5},{"x":3,"y":-2.5},{"x":5,"y":-2.5},{"x":6,"y":-2.5},{"x":8,"y":-2.5},{"x":4,"y":-1.5},{"x":5,"y":-1.5},{"x":6,"y":-1.5},{"x":7,"y":-1.5}]},{"index":2,"tiles":[{"x":4,"y":-8.5},{"x":5,"y":-8.5},{"x":6,"y":-8.5},{"x":7,"y":-8.5},{"x":3,"y":-7.5},{"x":5,"y":-7.5},{"x":6,"y":-7.5},{"x":8,"y":-7.5},{"x":3.5,"y":-6.5},{"x":7.5,"y":-6.5},{"x":4.5,"y":-6},{"x":6.5,"y":-6},{"x":3,"y":-5.5},{"x":8,"y":-5.5},{"x":3,"y":-4.5},{"x":8,"y":-4.5},{"x":4.5,"y":-4},{"x":6.5,"y":-4},{"x":3.5,"y":-3.5},{"x":7.5,"y":-3.5},{"x":3,"y":-2.5},{"x":5,"y":-2.5},{"x":6,"y":-2.5},{"x":8,"y":-2.5},{"x":4,"y":-1.5},{"x":5,"y":-1.5},{"x":6,"y":-1.5},{"x":7,"y":-1.5}]},{"index":3,"tiles":[{"x":4,"y":-8.5},{"x":5,"y":-8.5},{"x":6,"y":-8.5},{"x":7,"y":-8.5},{"x":3,"y":-7.5},{"x":5,"y":-7.5},{"x":6,"y":-7.5},{"x":8,"y":-7.5},{"x":3.5,"y":-6.5},{"x":7.5,"y":-6.5},{"x":4.5,"y":-6},{"x":6.5,"y":-6},{"x":3,"y":-5.5},{"x":8,"y":-5.5},{"x":3,"y":-4.5},{"x":8,"y":-4.5},{"x":4.5,"y":-4},{"x":6.5,"y":-4},{"x":3.5,"y":-3.5},{"x":7.5,"y":-3.5},{"x":3,"y":-2.5},{"x":5,"y":-2.5},{"x":6,"y":-2.5},{"x":8,"y":-2.5},{"x":4,"y":-1.5},{"x":5,"y":-1.5},{"x":6,"y":-1.5},{"x":7,"y":-1.5}]}],"seeds":["IihlKhYWXiUeHzqJlCiBoOBoXqdRygeWToeEjBIu4BeCQfJwT2ampwUuoQcqAQEFA8RVkzEhXdQdHHl9ncGIwcYNRAFywtgkVrcpIuc1wgRiQhhd"]},{"layers":[{"index":0,"tiles":[{"x":3,"y":-8.5},{"x":8,"y":-8.5},{"x":3,"y":-7.5},{"x":8,"y":-7.5},{"x":3,"y":-6.5},{"x":4.5,"y":-6.5},{"x":6.5,"y":-6.5},{"x":8,"y":-6.5},{"x":3.5,"y":-5.5},{"x":5,"y":-5.5},{"x":6,"y":-5.5},{"x":7.5,"y":-5.5},{"x":3.5,"y":-4.5},{"x":4.5,"y":-4.5},{"x":6.5,"y":-4.5},{"x":7.5,"y":-4.5},{"x":4.5,"y":-3.5},{"x":5.5,"y":-3.5},{"x":6.5,"y":-3.5},{"x":4.5,"y":-2.5},{"x":6.5,"y":-2.5},{"x":3.5,"y":-2},{"x":7.5,"y":-2},{"x":5,"y":-1.5},{"x":6,"y":-1.5}]},{"index":1,"tiles":[{"x":3,"y":-8.5},{"x":8,"y":-8.5},{"x":3,"y":-7.5},{"x":8,"y":-7.5},{"x":3,"y":-6.5},{"x":4.5,"y":-6.5},{"x":6.5,"y":-6.5},{"x":8,"y":-6.5},{"x":3.5,"y":-5.5},{"x":5,"y":-5.5},{"x":6,"y":-5.5},{"x":7.5,"y":-5.5},{"x":3.5,"y":-4.5},{"x":4.5,"y":-4.5},{"x":6.5,"y":-4.5},{"x":7.5,"y":-4.5},{"x":4.5,"y":-3.5},{"x":5.5,"y":-3.5},{"x":6.5,"y":-3.5},{"x":4.5,"y":-2.5},{"x":6.5,"y":-2.5},{"x":3.5,"y":-2},{"x":7.5,"y":-2},{"x":5,"y":-1.5},{"x":6,"y":-1.5}]},{"index":2,"tiles":[{"x":3,"y":-8.5},{"x":8,"y":-8.5},{"x":3,"y":-7.5},{"x":8,"y":-7.5},{"x":3,"y":-6.5},{"x":4.5,"y":-6.5},{"x":6.5,"y":-6.5},{"x":8,"y":-6.5},{"x":3.5,"y":-5.5},{"x":5,"y":-5.5},{"x":6,"y":-5.5},{"x":7.5,"y":-5.5},{"x":3.5,"y":-4.5},{"x":4.5,"y":-4.5},{"x":6.5,"y":-4.5},{"x":7.5,"y":-4.5},{"x":4.5,"y":-3.5},{"x":5.5,"y":-3.5},{"x":6.5,"y":-3.5},{"x":4.5,"y":-2.5},{"x":6.5,"y":-2.5},{"x":3.5,"y":-2},{"x":7.5,"y":-2},{"x":5,"y":-1.5},{"x":6,"y":-1.5}]},{"index":3,"tiles":[{"x":3,"y":-8.5},{"x":8,"y":-8.5},{"x":3,"y":-7.5},{"x":8,"y":-7.5},{"x":3,"y":-6.5},{"x":4.5,"y":-6.5},{"x":6.5,"y":-6.5},{"x":8,"y":-6.5},{"x":3.5,"y":-5.5},{"x":5,"y":-5.5},{"x":6,"y":-5.5},{"x":7.5,"y":-5.5},{"x":3.5,"y":-4.5},{"x":4.5,"y":-4.5},{"x":6.5,"y":-4.5},{"x":7.5,"y":-4.5},{"x":4.5,"y":-3.5},{"x":5.5,"y":-3.5},{"x":6.5,"y":-3.5},{"x":4.5,"y":-2.5},{"x":6.5,"y":-2.5},{"x":3.5,"y":-2},{"x":7.5,"y":-2},{"x":5,"y":-1.5},{"x":6,"y":-1.5}]}],"seeds":["IqOEETGA2PN0WVcgFVc2XCFo6EA4XEB5XwIakqgI26ExkYqYUsiFUyV6S3Ccn3hBIueBlGVBhtN0I9aFDbl4W8qBHxiGSSNeE5h9"]},{"layers":[{"index":0,"tiles":[{"x":2.5,"y":-8.5},{"x":8.5,"y":-8.5},{"x":3,"y":-7.5},{"x":5,"y":-7.5},{"x":6,"y":-7.5},{"x":8,"y":-7.5},{"x":4.5,"y":-6.5},{"x":6.5,"y":-6.5},{"x":3.5,"y":-5.5},{"x":5,"y":-5.5},{"x":6,"y":-5.5},{"x":7.5,"y":-5.5},{"x":2.5,"y":-5},{"x":8.5,"y":-5},{"x":3.5,"y":-4.5},{"x":5,"y":-4.5},{"x":6,"y":-4.5},{"x":7.5,"y":-4.5},{"x":4.5,"y":-3.5},{"x":6.5,"y":-3.5},{"x":3,"y":-2.5},{"x":5,"y":-2.5},{"x":6,"y":-2.5},{"x":8,"y":-2.5},{"x":2.5,"y":-1.5},{"x":8.5,"y":-1.5}]},{"index":1,"tiles":[{"x":2.5,"y":-8.5},{"x":8.5,"y":-8.5},{"x":3,"y":-7.5},{"x":5,"y":-7.5},{"x":6,"y":-7.5},{"x":8,"y":-7.5},{"x":4.5,"y":-6.5},{"x":6.5,"y":-6.5},{"x":3.5,"y":-5.5},{"x":5,"y":-5.5},{"x":6,"y":-5.5},{"x":7.5,"y":-5.5},{"x":2.5,"y":-5},{"x":8.5,"y":-5},{"x":3.5,"y":-4.5},{"x":5,"y":-4.5},{"x":6,"y":-4.5},{"x":7.5,"y":-4.5},{"x":4.5,"y":-3.5},{"x":6.5,"y":-3.5},{"x":3,"y":-2.5},{"x":5,"y":-2.5},{"x":6,"y":-2.5},{"x":8,"y":-2.5},{"x":2.5,"y":-1.5},{"x":8.5,"y":-1.5}]},{"index":2,"tiles":[{"x":2.5,"y":-8.5},{"x":8.5,"y":-8.5},{"x":3,"y":-7.5},{"x":5,"y":-7.5},{"x":6,"y":-7.5},{"x":8,"y":-7.5},{"x":4.5,"y":-6.5},{"x":6.5,"y":-6.5},{"x":3.5,"y":-5.5},{"x":5,"y":-5.5},{"x":6,"y":-5.5},{"x":7.5,"y":-5.5},{"x":2.5,"y":-5},{"x":8.5,"y":-5},{"x":3.5,"y":-4.5},{"x":5,"y":-4.5},{"x":6,"y":-4.5},{"x":7.5,"y":-4.5},{"x":4.5,"y":-3.5},{"x":6.5,"y":-3.5},{"x":3,"y":-2.5},{"x":5,"y":-2.5},{"x":6,"y":-2.5},{"x":8,"y":-2.5},{"x":2.5,"y":-1.5},{"x":8.5,"y":-1.5}]},{"index":3,"tiles":[{"x":2.5,"y":-8.5},{"x":8.5,"y":-8.5},{"x":3,"y":-7.5},{"x":5,"y":-7.5},{"x":6,"y":-7.5},{"x":8,"y":-7.5},{"x":4.5,"y":-6.5},{"x":6.5,"y":-6.5},{"x":3.5,"y":-5.5},{"x":5,"y":-5.5},{"x":6,"y":-5.5},{"x":7.5,"y":-5.5},{"x":2.5,"y":-5},{"x":8.5,"y":-5},{"x":3.5,"y":-4.5},{"x":5,"y":-4.5},{"x":6,"y":-4.5},{"x":7.5,"y":-4.5},{"x":4.5,"y":-3.5},{"x":6.5,"y":-3.5},{"x":3,"y":-2.5},{"x":5,"y":-2.5},{"x":6,"y":-2.5},{"x":8,"y":-2.5},{"x":2.5,"y":-1.5},{"x":8.5,"y":-1.5}]}],"seeds":["GxI+yIJVy/eITuiBBodt4vBRigYRIMOV3BNWmqKGHCp5QRNMHEiFzJF2Hmg2wpBY3CRl3EdEmeGR1vhxl3h2BSiCXQgmVwRyHSRwxfE4"]},{"layers":[{"index":0,"tiles":[{"x":3.5,"y":-8.5},{"x":7.5,"y":-8.5},{"x":2.5,"y":-8},{"x":8.5,"y":-8},{"x":3.5,"y":-7.5},{"x":5,"y":-7.5},{"x":6,"y":-7.5},{"x":7.5,"y":-7.5},{"x":2.5,"y":-7},{"x":8.5,"y":-7},{"x":4,"y":-6.5},{"x":7,"y":-6.5},{"x":3.5,"y":-5.5},{"x":7.5,"y":-5.5},{"x":3.5,"y":-4.5},{"x":7.5,"y":-4.5},{"x":4,"y":-3.5},{"x":7,"y":-3.5},{"x":2.5,"y":-3},{"x":8.5,"y":-3},{"x":3.5,"y":-2.5},{"x":5,"y":-2.5},{"x":6,"y":-2.5},{"x":7.5,"y":-2.5},{"x":2.5,"y":-2},{"x":8.5,"y":-2},{"x":3.5,"y":-1.5},{"x":7.5,"y":-1.5}]},{"index":1,"tiles":[{"x":3.5,"y":-8.5},{"x":7.5,"y":-8.5},{"x":2.5,"y":-8},{"x":8.5,"y":-8},{"x":3.5,"y":-7.5},{"x":5,"y":-7.5},{"x":6,"y":-7.5},{"x":7.5,"y":-7.5},{"x":2.5,"y":-7},{"x":8.5,"y":-7},{"x":4,"y":-6.5},{"x":7,"y":-6.5},{"x":3.5,"y":-5.5},{"x":7.5,"y":-5.5},{"x":3.5,"y":-4.5},{"x":7.5,"y":-4.5},{"x":4,"y":-3.5},{"x":7,"y":-3.5},{"x":2.5,"y":-3},{"x":8.5,"y":-3},{"x":3.5,"y":-2.5},{"x":5,"y":-2.5},{"x":6,"y":-2.5},{"x":7.5,"y":-2.5},{"x":2.5,"y":-2},{"x":8.5,"y":-2},{"x":3.5,"y":-1.5},{"x":7.5,"y":-1.5}]},{"index":2,"tiles":[{"x":3.5,"y":-8.5},{"x":7.5,"y":-8.5},{"x":2.5,"y":-8},{"x":8.5,"y":-8},{"x":3.5,"y":-7.5},{"x":5,"y":-7.5},{"x":6,"y":-7.5},{"x":7.5,"y":-7.5},{"x":2.5,"y":-7},{"x":8.5,"y":-7},{"x":4,"y":-6.5},{"x":7,"y":-6.5},{"x":3.5,"y":-5.5},{"x":7.5,"y":-5.5},{"x":3.5,"y":-4.5},{"x":7.5,"y":-4.5},{"x":4,"y":-3.5},{"x":7,"y":-3.5},{"x":2.5,"y":-3},{"x":8.5,"y":-3},{"x":3.5,"y":-2.5},{"x":5,"y":-2.5},{"x":6,"y":-2.5},{"x":7.5,"y":-2.5},{"x":2.5,"y":-2},{"x":8.5,"y":-2},{"x":3.5,"y":-1.5},{"x":7.5,"y":-1.5}]},{"index":3,"tiles":[{"x":3.5,"y":-8.5},{"x":7.5,"y":-8.5},{"x":2.5,"y":-8},{"x":8.5,"y":-8},{"x":3.5,"y":-7.5},{"x":5,"y":-7.5},{"x":6,"y":-7.5},{"x":7.5,"y":-7.5},{"x":2.5,"y":-7},{"x":8.5,"y":-7},{"x":4,"y":-6.5},{"x":7,"y":-6.5},{"x":3.5,"y":-5.5},{"x":7.5,"y":-5.5},{"x":3.5,"y":-4.5},{"x":7.5,"y":-4.5},{"x":4,"y":-3.5},{"x":7,"y":-3.5},{"x":2.5,"y":-3},{"x":8.5,"y":-3},{"x":3.5,"y":-2.5},{"x":5,"y":-2.5},{"x":6,"y":-2.5},{"x":7.5,"y":-2.5},{"x":2.5,"y":-2},{"x":8.5,"y":-2},{"x":3.5,"y":-1.5},{"x":7.5,"y":-1.5}]}],"seeds":["A8cpnueJh9QRgrVMwSJOHfUdQsqBQuCESKeKFeYVzNWd4Wg2yhUqXYBa5SQYiqQZW4hwz/NljShq0SCGGcgQGFmAILiACQcukxNW29d9XARSEBQk"]},{"layers":[{"index":0,"tiles":[{"x":2.5,"y":-9},{"x":4,"y":-9},{"x":7,"y":-9},{"x":8.5,"y":-9},{"x":5.5,"y":-8.5},{"x":3,"y":-8},{"x":4.5,"y":-8},{"x":6.5,"y":-8},{"x":8,"y":-8},{"x":2.5,"y":-7},{"x":3.5,"y":-7},{"x":5,"y":-7},{"x":6,"y":-7},{"x":7.5,"y":-7},{"x":8.5,"y":-7},{"x":4,"y":-6},{"x":5.5,"y":-6},{"x":7,"y":-6},{"x":5,"y":-5},{"x":6,"y":-5},{"x":4,"y":-4},{"x":5.5,"y":-4},{"x":7,"y":-4},{"x":2.5,"y":-3},{"x":3.5,"y":-3},{"x":5,"y":-3},{"x":6,"y":-3},{"x":7.5,"y":-3},{"x":8.5,"y":-3},{"x":3,"y":-2},{"x":4.5,"y":-2},{"x":6.5,"y":-2},{"x":8,"y":-2},{"x":5.5,"y":-1.5},{"x":2.5,"y":-1},{"x":4,"y":-1},{"x":7,"y":-1},{"x":8.5,"y":-1}]},{"index":1,"tiles":[{"x":2.5,"y":-9},{"x":4,"y":-9},{"x":7,"y":-9},{"x":8.5,"y":-9},{"x":5.5,"y":-8.5},{"x":3,"y":-8},{"x":4.5,"y":-8},{"x":6.5,"y":-8},{"x":8,"y":-8},{"x":2.5,"y":-7},{"x":3.5,"y":-7},{"x":5,"y":-7},{"x":6,"y":-7},{"x":7.5,"y":-7},{"x":8.5,"y":-7},{"x":4,"y":-6},{"x":5.5,"y":-6},{"x":7,"y":-6},{"x":5,"y":-5},{"x":6,"y":-5},{"x":4,"y":-4},{"x":5.5,"y":-4},{"x":7,"y":-4},{"x":2.5,"y":-3},{"x":3.5,"y":-3},{"x":5,"y":-3},{"x":6,"y":-3},{"x":7.5,"y":-3},{"x":8.5,"y":-3},{"x":3,"y":-2},{"x":4.5,"y":-2},{"x":6.5,"y":-2},{"x":8,"y":-2},{"x":5.5,"y":-1.5},{"x":2.5,"y":-1},{"x":4,"y":-1},{"x":7,"y":-1},{"x":8.5,"y":-1}]},{"index":2,"tiles":[{"x":2.5,"y":-9},{"x":4,"y":-9},{"x":7,"y":-9},{"x":8.5,"y":-9},{"x":5.5,"y":-8.5},{"x":3,"y":-8},{"x":4.5,"y":-8},{"x":6.5,"y":-8},{"x":8,"y":-8},{"x":2.5,"y":-7},{"x":3.5,"y":-7},{"x":5,"y":-7},{"x":6,"y":-7},{"x":7.5,"y":-7},{"x":8.5,"y":-7},{"x":4,"y":-6},{"x":5.5,"y":-6},{"x":7,"y":-6},{"x":5,"y":-5},{"x":6,"y":-5},{"x":4,"y":-4},{"x":5.5,"y":-4},{"x":7,"y":-4},{"x":2.5,"y":-3},{"x":3.5,"y":-3},{"x":5,"y":-3},{"x":6,"y":-3},{"x":7.5,"y":-3},{"x":8.5,"y":-3},{"x":3,"y":-2},{"x":4.5,"y":-2},{"x":6.5,"y":-2},{"x":8,"y":-2},{"x":5.5,"y":-1.5},{"x":2.5,"y":-1},{"x":4,"y":-1},{"x":7,"y":-1},{"x":8.5,"y":-1}]}],"seeds":["DxcGTicGoAdVTbdNWrh8RoAx35JqEEmhIDdVQ1ZJRvgcGddAhig6YsclnqB4kQWBIGWCIhZKYlB24RecHBNtxVVwg1BZ4ccRHIEgqhFcCjSCHpQcHAcA"]},{"layers":[{"index":0,"tiles":[{"x":4.5,"y":-8.5},{"x":5.5,"y":-8.5},{"x":6.5,"y":-8.5},{"x":2.5,"y":-8},{"x":3.5,"y":-8},{"x":7.5,"y":-8},{"x":8.5,"y":-8},{"x":5,"y":-7.5},{"x":6,"y":-7.5},{"x":3,"y":-7},{"x":8,"y":-7},{"x":4.5,"y":-6.5},{"x":6.5,"y":-6.5},{"x":3,"y":-6},{"x":8,"y":-6},{"x":4,"y":-5.5},{"x":7,"y":-5.5},{"x":4,"y":-4.5},{"x":7,"y":-4.5},{"x":3,"y":-4},{"x":8,"y":-4},{"x":4.5,"y":-3.5},{"x":6.5,"y":-3.5},{"x":3,"y":-3},{"x":8,"y":-3},{"x":5,"y":-2.5},{"x":6,"y":-2.5},{"x":2.5,"y":-2},{"x":3.5,"y":-2},{"x":7.5,"y":-2},{"x":8.5,"y":-2},{"x":4.5,"y":-1.5},{"x":5.5,"y":-1.5},{"x":6.5,"y":-1.5}]},{"index":1,"tiles":[{"x":4.5,"y":-8.5},{"x":5.5,"y":-8.5},{"x":6.5,"y":-8.5},{"x":2.5,"y":-8},{"x":3.5,"y":-8},{"x":7.5,"y":-8},{"x":8.5,"y":-8},{"x":5,"y":-7.5},{"x":6,"y":-7.5},{"x":3,"y":-7},{"x":8,"y":-7},{"x":4.5,"y":-6.5},{"x":6.5,"y":-6.5},{"x":3,"y":-6},{"x":8,"y":-6},{"x":4,"y":-5.5},{"x":7,"y":-5.5},{"x":4,"y":-4.5},{"x":7,"y":-4.5},{"x":3,"y":-4},{"x":8,"y":-4},{"x":4.5,"y":-3.5},{"x":6.5,"y":-3.5},{"x":3,"y":-3},{"x":8,"y":-3},{"x":5,"y":-2.5},{"x":6,"y":-2.5},{"x":2.5,"y":-2},{"x":3.5,"y":-2},{"x":7.5,"y":-2},{"x":8.5,"y":-2},{"x":4.5,"y":-1.5},{"x":5.5,"y":-1.5},{"x":6.5,"y":-1.5}]},{"index":2,"tiles":[{"x":4.5,"y":-8.5},{"x":5.5,"y":-8.5},{"x":6.5,"y":-8.5},{"x":2.5,"y":-8},{"x":3.5,"y":-8},{"x":7.5,"y":-8},{"x":8.5,"y":-8},{"x":5,"y":-7.5},{"x":6,"y":-7.5},{"x":3,"y":-7},{"x":8,"y":-7},{"x":4.5,"y":-6.5},{"x":6.5,"y":-6.5},{"x":3,"y":-6},{"x":8,"y":-6},{"x":4,"y":-5.5},{"x":7,"y":-5.5},{"x":4,"y":-4.5},{"x":7,"y":-4.5},{"x":3,"y":-4},{"x":8,"y":-4},{"x":4.5,"y":-3.5},{"x":6.5,"y":-3.5},{"x":3,"y":-3},{"x":8,"y":-3},{"x":5,"y":-2.5},{"x":6,"y":-2.5},{"x":2.5,"y":-2},{"x":3.5,"y":-2},{"x":7.5,"y":-2},{"x":8.5,"y":-2},{"x":4.5,"y":-1.5},{"x":5.5,"y":-1.5},{"x":6.5,"y":-1.5}]}],"seeds":["B4gaQadkDDWaSxYi10WIXVN4mFUEXAISzTFEIvhpE7eAnRoJWolt4iNwlQI+Hhd25LB40DeFUBiCnyht4JlOzOIZFDg5iDRZzjclYQUA"]},{"layers":[{"index":0,"tiles":[{"x":2.5,"y":-8},{"x":3.5,"y":-8},{"x":5.5,"y":-8},{"x":7.5,"y":-8},{"x":8.5,"y":-8},{"x":4.5,"y":-7.5},{"x":6.5,"y":-7.5},{"x":2.5,"y":-6.5},{"x":4,"y":-6.5},{"x":5.5,"y":-6.5},{"x":7,"y":-6.5},{"x":8.5,"y":-6.5},{"x":3,"y":-5.5},{"x":4,"y":-5.5},{"x":7,"y":-5.5},{"x":8,"y":-5.5},{"x":2,"y":-5},{"x":9,"y":-5},{"x":3,"y":-4.5},{"x":4,"y":-4.5},{"x":7,"y":-4.5},{"x":8,"y":-4.5},{"x":2.5,"y":-3.5},{"x":4,"y":-3.5},{"x":5.5,"y":-3.5},{"x":7,"y":-3.5},{"x":8.5,"y":-3.5},{"x":4.5,"y":-2.5},{"x":6.5,"y":-2.5},{"x":2.5,"y":-2},{"x":3.5,"y":-2},{"x":5.5,"y":-2},{"x":7.5,"y":-2},{"x":8.5,"y":-2}]},{"index":1,"tiles":[{"x":2.5,"y":-8},{"x":3.5,"y":-8},{"x":5.5,"y":-8},{"x":7.5,"y":-8},{"x":8.5,"y":-8},{"x":4.5,"y":-7.5},{"x":6.5,"y":-7.5},{"x":2.5,"y":-6.5},{"x":4,"y":-6.5},{"x":5.5,"y":-6.5},{"x":7,"y":-6.5},{"x":8.5,"y":-6.5},{"x":3,"y":-5.5},{"x":4,"y":-5.5},{"x":7,"y":-5.5},{"x":8,"y":-5.5},{"x":2,"y":-5},{"x":9,"y":-5},{"x":3,"y":-4.5},{"x":4,"y":-4.5},{"x":7,"y":-4.5},{"x":8,"y":-4.5},{"x":2.5,"y":-3.5},{"x":4,"y":-3.5},{"x":5.5,"y":-3.5},{"x":7,"y":-3.5},{"x":8.5,"y":-3.5},{"x":4.5,"y":-2.5},{"x":6.5,"y":-2.5},{"x":2.5,"y":-2},{"x":3.5,"y":-2},{"x":5.5,"y":-2},{"x":7.5,"y":-2},{"x":8.5,"y":-2}]},{"index":2,"tiles":[{"x":2.5,"y":-8},{"x":3.5,"y":-8},{"x":5.5,"y":-8},{"x":7.5,"y":-8},{"x":8.5,"y":-8},{"x":4.5,"y":-7.5},{"x":6.5,"y":-7.5},{"x":2.5,"y":-6.5},{"x":4,"y":-6.5},{"x":5.5,"y":-6.5},{"x":7,"y":-6.5},{"x":8.5,"y":-6.5},{"x":3,"y":-5.5},{"x":4,"y":-5.5},{"x":7,"y":-5.5},{"x":8,"y":-5.5},{"x":2,"y":-5},{"x":9,"y":-5},{"x":3,"y":-4.5},{"x":4,"y":-4.5},{"x":7,"y":-4.5},{"x":8,"y":-4.5},{"x":2.5,"y":-3.5},{"x":4,"y":-3.5},{"x":5.5,"y":-3.5},{"x":7,"y":-3.5},{"x":8.5,"y":-3.5},{"x":4.5,"y":-2.5},{"x":6.5,"y":-2.5},{"x":2.5,"y":-2},{"x":3.5,"y":-2},{"x":5.5,"y":-2},{"x":7.5,"y":-2},{"x":8.5,"y":-2}]}],"seeds":["Yhd8VHeKj+aFYQAu23dIScOICahMSvSAqGaBCHlxjFOEGGF+l9GN1GB8EigoXBp0kFcIYsgtpepxwZZ53OEQnGg1oJKJU1ghWBUOEQQA"]},{"layers":[{"index":0,"tiles":[{"x":4.5,"y":-8.5},{"x":6.5,"y":-8.5},{"x":3.5,"y":-8},{"x":7.5,"y":-8},{"x":2.5,"y":-7},{"x":4,"y":-7},{"x":5,"y":-7},{"x":6,"y":-7},{"x":7,"y":-7},{"x":8.5,"y":-7},{"x":3,"y":-6},{"x":5,"y":-6},{"x":6,"y":-6},{"x":8,"y":-6},{"x":4,"y":-5.5},{"x":7,"y":-5.5},{"x":4,"y":-4.5},{"x":7,"y":-4.5},{"x":3,"y":-4},{"x":5,"y":-4},{"x":6,"y":-4},{"x":8,"y":-4},{"x":2.5,"y":-3},{"x":4,"y":-3},{"x":5,"y":-3},{"x":6,"y":-3},{"x":7,"y":-3},{"x":8.5,"y":-3},{"x":3.5,"y":-2},{"x":7.5,"y":-2},{"x":4.5,"y":-1.5},{"x":6.5,"y":-1.5}]},{"index":1,"tiles":[{"x":4.5,"y":-8.5},{"x":6.5,"y":-8.5},{"x":3.5,"y":-8},{"x":7.5,"y":-8},{"x":2.5,"y":-7},{"x":4.5,"y":-7},{"x":5.5,"y":-7},{"x":6.5,"y":-7},{"x":8.5,"y":-7},{"x":3,"y":-6},{"x":5.5,"y":-6},{"x":8,"y":-6},{"x":4,"y":-5.5},{"x":7,"y":-5.5},{"x":4,"y":-4.5},{"x":7,"y":-4.5},{"x":3,"y":-4},{"x":5.5,"y":-4},{"x":8,"y":-4},{"x":2.5,"y":-3},{"x":4.5,"y":-3},{"x":5.5,"y":-3},{"x":6.5,"y":-3},{"x":8.5,"y":-3},{"x":3.5,"y":-2},{"x":7.5,"y":-2},{"x":4.5,"y":-1.5},{"x":6.5,"y":-1.5}]},{"index":2,"tiles":[{"x":4.5,"y":-8.5},{"x":6.5,"y":-8.5},{"x":3.5,"y":-8},{"x":7.5,"y":-8},{"x":2.5,"y":-7},{"x":4.5,"y":-7},{"x":5.5,"y":-7},{"x":6.5,"y":-7},{"x":8.5,"y":-7},{"x":3,"y":-6},{"x":5.5,"y":-6},{"x":8,"y":-6},{"x":4,"y":-5.5},{"x":7,"y":-5.5},{"x":4,"y":-4.5},{"x":7,"y":-4.5},{"x":3,"y":-4},{"x":5.5,"y":-4},{"x":8,"y":-4},{"x":2.5,"y":-3},{"x":4.5,"y":-3},{"x":5.5,"y":-3},{"x":6.5,"y":-3},{"x":8.5,"y":-3},{"x":3.5,"y":-2},{"x":7.5,"y":-2},{"x":4.5,"y":-1.5},{"x":6.5,"y":-1.5}]},{"index":3,"tiles":[{"x":4.5,"y":-8.5},{"x":6.5,"y":-8.5},{"x":3.5,"y":-8},{"x":7.5,"y":-8},{"x":2.5,"y":-7},{"x":8.5,"y":-7},{"x":3,"y":-6},{"x":8,"y":-6},{"x":4,"y":-5.5},{"x":7,"y":-5.5},{"x":4,"y":-4.5},{"x":7,"y":-4.5},{"x":3,"y":-4},{"x":8,"y":-4},{"x":2.5,"y":-3},{"x":8.5,"y":-3},{"x":3.5,"y":-2},{"x":7.5,"y":-2},{"x":4.5,"y":-1.5},{"x":6.5,"y":-1.5}]}],"seeds":["kZVCYUhFEMUwireIoNUwlPYxW+AdQ/MU6kM9zwdCEPGFQ4BUTjiB4gQKnEEcQkYUGidyElYtpOFgpSQeRDd6WZh8YNeBW5icHeKJqGJeB3eJ"]},{"layers":[{"index":0,"tiles":[{"x":3,"y":-8.5},{"x":4,"y":-8.5},{"x":7,"y":-8.5},{"x":8,"y":-8.5},{"x":3,"y":-7.5},{"x":5,"y":-7.5},{"x":6,"y":-7.5},{"x":8,"y":-7.5},{"x":3.5,"y":-6.5},{"x":4.5,"y":-6.5},{"x":6.5,"y":-6.5},{"x":7.5,"y":-6.5},{"x":2.5,"y":-5.5},{"x":8.5,"y":-5.5},{"x":2.5,"y":-4.5},{"x":8.5,"y":-4.5},{"x":3.5,"y":-3.5},{"x":4.5,"y":-3.5},{"x":6.5,"y":-3.5},{"x":7.5,"y":-3.5},{"x":3,"y":-2.5},{"x":5,"y":-2.5},{"x":6,"y":-2.5},{"x":8,"y":-2.5},{"x":3,"y":-1.5},{"x":4,"y":-1.5},{"x":7,"y":-1.5},{"x":8,"y":-1.5}]},{"index":1,"tiles":[{"x":3,"y":-8.5},{"x":4,"y":-8.5},{"x":7,"y":-8.5},{"x":8,"y":-8.5},{"x":3,"y":-7.5},{"x":5,"y":-7.5},{"x":6,"y":-7.5},{"x":8,"y":-7.5},{"x":3.5,"y":-6.5},{"x":4.5,"y":-6.5},{"x":6.5,"y":-6.5},{"x":7.5,"y":-6.5},{"x":2.5,"y":-5.5},{"x":8.5,"y":-5.5},{"x":2.5,"y":-4.5},{"x":8.5,"y":-4.5},{"x":3.5,"y":-3.5},{"x":4.5,"y":-3.5},{"x":6.5,"y":-3.5},{"x":7.5,"y":-3.5},{"x":3,"y":-2.5},{"x":5,"y":-2.5},{"x":6,"y":-2.5},{"x":8,"y":-2.5},{"x":3,"y":-1.5},{"x":4,"y":-1.5},{"x":7,"y":-1.5},{"x":8,"y":-1.5}]},{"index":2,"tiles":[{"x":3,"y":-8.5},{"x":4,"y":-8.5},{"x":7,"y":-8.5},{"x":8,"y":-8.5},{"x":3,"y":-7.5},{"x":5,"y":-7.5},{"x":6,"y":-7.5},{"x":8,"y":-7.5},{"x":3.5,"y":-6.5},{"x":4.5,"y":-6.5},{"x":6.5,"y":-6.5},{"x":7.5,"y":-6.5},{"x":2.5,"y":-5.5},{"x":8.5,"y":-5.5},{"x":2.5,"y":-4.5},{"x":8.5,"y":-4.5},{"x":3.5,"y":-3.5},{"x":4.5,"y":-3.5},{"x":6.5,"y":-3.5},{"x":7.5,"y":-3.5},{"x":3,"y":-2.5},{"x":5,"y":-2.5},{"x":6,"y":-2.5},{"x":8,"y":-2.5},{"x":3,"y":-1.5},{"x":4,"y":-1.5},{"x":7,"y":-1.5},{"x":8,"y":-1.5}]},{"index":3,"tiles":[{"x":3,"y":-8.5},{"x":4,"y":-8.5},{"x":7,"y":-8.5},{"x":8,"y":-8.5},{"x":3,"y":-7.5},{"x":5,"y":-7.5},{"x":6,"y":-7.5},{"x":8,"y":-7.5},{"x":3.5,"y":-6.5},{"x":4.5,"y":-6.5},{"x":6.5,"y":-6.5},{"x":7.5,"y":-6.5},{"x":2.5,"y":-5.5},{"x":8.5,"y":-5.5},{"x":2.5,"y":-4.5},{"x":8.5,"y":-4.5},{"x":3.5,"y":-3.5},{"x":4.5,"y":-3.5},{"x":6.5,"y":-3.5},{"x":7.5,"y":-3.5},{"x":3,"y":-2.5},{"x":5,"y":-2.5},{"x":6,"y":-2.5},{"x":8,"y":-2.5},{"x":3,"y":-1.5},{"x":4,"y":-1.5},{"x":7,"y":-1.5},{"x":8,"y":-1.5}]}],"seeds":["3SFxzvQRnuQ8SiGKQ8htSVUFUYIVXhdRZEBBHfgRCKagCuh1y6IdxicE5qWAqsBxCyNcXchloYGMWfhMG/RpU1A2oQiGVgOeotCJC5dOIjgwFgh6"]},{"layers":[{"index":0,"tiles":[{"x":3.5,"y":-8.5},{"x":7.5,"y":-8.5},{"x":2.5,"y":-8},{"x":4.5,"y":-8},{"x":6.5,"y":-8},{"x":8.5,"y":-8},{"x":5.5,"y":-7.5},{"x":2.5,"y":-7},{"x":8.5,"y":-7},{"x":3.5,"y":-6.5},{"x":4.5,"y":-6.5},{"x":5.5,"y":-6.5},{"x":6.5,"y":-6.5},{"x":7.5,"y":-6.5},{"x":2.5,"y":-5.5},{"x":3.5,"y":-5.5},{"x":5,"y":-5.5},{"x":6,"y":-5.5},{"x":7.5,"y":-5.5},{"x":8.5,"y":-5.5},{"x":2.5,"y":-4.5},{"x":3.5,"y":-4.5},{"x":5,"y":-4.5},{"x":6,"y":-4.5},{"x":7.5,"y":-4.5},{"x":8.5,"y":-4.5},{"x":3.5,"y":-3.5},{"x":4.5,"y":-3.5},{"x":5.5,"y":-3.5},{"x":6.5,"y":-3.5},{"x":7.5,"y":-3.5},{"x":2.5,"y":-3},{"x":8.5,"y":-3},{"x":5.5,"y":-2.5},{"x":2.5,"y":-2},{"x":4.5,"y":-2},{"x":6.5,"y":-2},{"x":8.5,"y":-2},{"x":3.5,"y":-1.5},{"x":7.5,"y":-1.5}]},{"index":1,"tiles":[{"x":3.5,"y":-8.5},{"x":7.5,"y":-8.5},{"x":2.5,"y":-8},{"x":4.5,"y":-8},{"x":6.5,"y":-8},{"x":8.5,"y":-8},{"x":5.5,"y":-7.5},{"x":2.5,"y":-7},{"x":8.5,"y":-7},{"x":3.5,"y":-6.5},{"x":4.5,"y":-6.5},{"x":5.5,"y":-6.5},{"x":6.5,"y":-6.5},{"x":7.5,"y":-6.5},{"x":2.5,"y":-5.5},{"x":3.5,"y":-5.5},{"x":5,"y":-5.5},{"x":6,"y":-5.5},{"x":7.5,"y":-5.5},{"x":8.5,"y":-5.5},{"x":2.5,"y":-4.5},{"x":3.5,"y":-4.5},{"x":5,"y":-4.5},{"x":6,"y":-4.5},{"x":7.5,"y":-4.5},{"x":8.5,"y":-4.5},{"x":3.5,"y":-3.5},{"x":4.5,"y":-3.5},{"x":5.5,"y":-3.5},{"x":6.5,"y":-3.5},{"x":7.5,"y":-3.5},{"x":2.5,"y":-3},{"x":8.5,"y":-3},{"x":5.5,"y":-2.5},{"x":2.5,"y":-2},{"x":4.5,"y":-2},{"x":6.5,"y":-2},{"x":8.5,"y":-2},{"x":3.5,"y":-1.5},{"x":7.5,"y":-1.5}]},{"index":2,"tiles":[{"x":3.5,"y":-8.5},{"x":7.5,"y":-8.5},{"x":2.5,"y":-8},{"x":4.5,"y":-8},{"x":6.5,"y":-8},{"x":8.5,"y":-8},{"x":5.5,"y":-7.5},{"x":2.5,"y":-7},{"x":8.5,"y":-7},{"x":3.5,"y":-6.5},{"x":4.5,"y":-6.5},{"x":5.5,"y":-6.5},{"x":6.5,"y":-6.5},{"x":7.5,"y":-6.5},{"x":2.5,"y":-5.5},{"x":3.5,"y":-5.5},{"x":5,"y":-5.5},{"x":6,"y":-5.5},{"x":7.5,"y":-5.5},{"x":8.5,"y":-5.5},{"x":2.5,"y":-4.5},{"x":3.5,"y":-4.5},{"x":5,"y":-4.5},{"x":6,"y":-4.5},{"x":7.5,"y":-4.5},{"x":8.5,"y":-4.5},{"x":3.5,"y":-3.5},{"x":4.5,"y":-3.5},{"x":5.5,"y":-3.5},{"x":6.5,"y":-3.5},{"x":7.5,"y":-3.5},{"x":2.5,"y":-3},{"x":8.5,"y":-3},{"x":5.5,"y":-2.5},{"x":2.5,"y":-2},{"x":4.5,"y":-2},{"x":6.5,"y":-2},{"x":8.5,"y":-2},{"x":3.5,"y":-1.5},{"x":7.5,"y":-1.5}]}],"seeds":["n7J4JNgtB/cZAVh+E+JxIRNdTEdURRBCYadUpyBZmNiAmBUiiYhqYhAI3kBMk+AJB5hkT8hx3AVqnOdRBpgOEhUVmSk63eRAnRKC4jYuYUMN4DKonRI+4kdt"]},{"layers":[{"index":0,"tiles":[{"x":2.5,"y":-8.5},{"x":4.5,"y":-8.5},{"x":6.5,"y":-8.5},{"x":8.5,"y":-8.5},{"x":3.5,"y":-8},{"x":7.5,"y":-8},{"x":2.5,"y":-7.5},{"x":5.5,"y":-7.5},{"x":8.5,"y":-7.5},{"x":3,"y":-6.5},{"x":4.5,"y":-6.5},{"x":6.5,"y":-6.5},{"x":8,"y":-6.5},{"x":3,"y":-5.5},{"x":4.5,"y":-5.5},{"x":5.5,"y":-5.5},{"x":6.5,"y":-5.5},{"x":8,"y":-5.5},{"x":3,"y":-4.5},{"x":4.5,"y":-4.5},{"x":5.5,"y":-4.5},{"x":6.5,"y":-4.5},{"x":8,"y":-4.5},{"x":3,"y":-3.5},{"x":4.5,"y":-3.5},{"x":6.5,"y":-3.5},{"x":8,"y":-3.5},{"x":2.5,"y":-2.5},{"x":5.5,"y":-2.5},{"x":8.5,"y":-2.5},{"x":3.5,"y":-2},{"x":7.5,"y":-2},{"x":2.5,"y":-1.5},{"x":4.5,"y":-1.5},{"x":6.5,"y":-1.5},{"x":8.5,"y":-1.5}]},{"index":1,"tiles":[{"x":2.5,"y":-8.5},{"x":4.5,"y":-8.5},{"x":6.5,"y":-8.5},{"x":8.5,"y":-8.5},{"x":3.5,"y":-8},{"x":7.5,"y":-8},{"x":2.5,"y":-7.5},{"x":5.5,"y":-7.5},{"x":8.5,"y":-7.5},{"x":3,"y":-6.5},{"x":4.5,"y":-6.5},{"x":6.5,"y":-6.5},{"x":8,"y":-6.5},{"x":3,"y":-5.5},{"x":4.5,"y":-5.5},{"x":5.5,"y":-5.5},{"x":6.5,"y":-5.5},{"x":8,"y":-5.5},{"x":3,"y":-4.5},{"x":4.5,"y":-4.5},{"x":5.5,"y":-4.5},{"x":6.5,"y":-4.5},{"x":8,"y":-4.5},{"x":3,"y":-3.5},{"x":4.5,"y":-3.5},{"x":6.5,"y":-3.5},{"x":8,"y":-3.5},{"x":2.5,"y":-2.5},{"x":5.5,"y":-2.5},{"x":8.5,"y":-2.5},{"x":3.5,"y":-2},{"x":7.5,"y":-2},{"x":2.5,"y":-1.5},{"x":4.5,"y":-1.5},{"x":6.5,"y":-1.5},{"x":8.5,"y":-1.5}]},{"index":2,"tiles":[{"x":2.5,"y":-8.5},{"x":4.5,"y":-8.5},{"x":6.5,"y":-8.5},{"x":8.5,"y":-8.5},{"x":3.5,"y":-8},{"x":7.5,"y":-8},{"x":2.5,"y":-7.5},{"x":5.5,"y":-7.5},{"x":8.5,"y":-7.5},{"x":3,"y":-6.5},{"x":4.5,"y":-6.5},{"x":6.5,"y":-6.5},{"x":8,"y":-6.5},{"x":3,"y":-5.5},{"x":4.5,"y":-5.5},{"x":5.5,"y":-5.5},{"x":6.5,"y":-5.5},{"x":8,"y":-5.5},{"x":3,"y":-4.5},{"x":4.5,"y":-4.5},{"x":5.5,"y":-4.5},{"x":6.5,"y":-4.5},{"x":8,"y":-4.5},{"x":3,"y":-3.5},{"x":4.5,"y":-3.5},{"x":6.5,"y":-3.5},{"x":8,"y":-3.5},{"x":2.5,"y":-2.5},{"x":5.5,"y":-2.5},{"x":8.5,"y":-2.5},{"x":3.5,"y":-2},{"x":7.5,"y":-2},{"x":2.5,"y":-1.5},{"x":4.5,"y":-1.5},{"x":6.5,"y":-1.5},{"x":8.5,"y":-1.5}]}],"seeds":["INSBBklhXwBOIXpYRxKGIieGYcVZUPR1ETgpi0J54KVlUrARIsJhU/d1neEI5sNUi6I6XAimn7KJGiIwQVeOhSd5Azc1yTN4BScGINGA2XmJ"]},{"layers":[{"index":0,"tiles":[{"x":4,"y":-9},{"x":5,"y":-9},{"x":6,"y":-9},{"x":7,"y":-9},{"x":3,"y":-8},{"x":4,"y":-8},{"x":7,"y":-8},{"x":8,"y":-8},{"x":2.5,"y":-7},{"x":4.5,"y":-7},{"x":6.5,"y":-7},{"x":8.5,"y":-7},{"x":3.5,"y":-6.5},{"x":7.5,"y":-6.5},{"x":4.5,"y":-5.5},{"x":6.5,"y":-5.5},{"x":4.5,"y":-4.5},{"x":6.5,"y":-4.5},{"x":3.5,"y":-3.5},{"x":7.5,"y":-3.5},{"x":2.5,"y":-3},{"x":4.5,"y":-3},{"x":6.5,"y":-3},{"x":8.5,"y":-3},{"x":3,"y":-2},{"x":4,"y":-2},{"x":7,"y":-2},{"x":8,"y":-2},{"x":4,"y":-1},{"x":5,"y":-1},{"x":6,"y":-1},{"x":7,"y":-1}]},{"index":1,"tiles":[{"x":4,"y":-9},{"x":5,"y":-9},{"x":6,"y":-9},{"x":7,"y":-9},{"x":3,"y":-8},{"x":4,"y":-8},{"x":7,"y":-8},{"x":8,"y":-8},{"x":2.5,"y":-7},{"x":4.5,"y":-7},{"x":6.5,"y":-7},{"x":8.5,"y":-7},{"x":3.5,"y":-6.5},{"x":7.5,"y":-6.5},{"x":4.5,"y":-5.5},{"x":6.5,"y":-5.5},{"x":4.5,"y":-4.5},{"x":6.5,"y":-4.5},{"x":3.5,"y":-3.5},{"x":7.5,"y":-3.5},{"x":2.5,"y":-3},{"x":4.5,"y":-3},{"x":6.5,"y":-3},{"x":8.5,"y":-3},{"x":3,"y":-2},{"x":4,"y":-2},{"x":7,"y":-2},{"x":8,"y":-2},{"x":4,"y":-1},{"x":5,"y":-1},{"x":6,"y":-1},{"x":7,"y":-1}]},{"index":2,"tiles":[{"x":4,"y":-9},{"x":5,"y":-9},{"x":6,"y":-9},{"x":7,"y":-9},{"x":3,"y":-8},{"x":4,"y":-8},{"x":7,"y":-8},{"x":8,"y":-8},{"x":2.5,"y":-7},{"x":8.5,"y":-7},{"x":3.5,"y":-6.5},{"x":7.5,"y":-6.5},{"x":3.5,"y":-3.5},{"x":7.5,"y":-3.5},{"x":2.5,"y":-3},{"x":8.5,"y":-3},{"x":3,"y":-2},{"x":4,"y":-2},{"x":7,"y":-2},{"x":8,"y":-2},{"x":4,"y":-1},{"x":5,"y":-1},{"x":6,"y":-1},{"x":7,"y":-1}]},{"index":3,"tiles":[{"x":4,"y":-9},{"x":5,"y":-9},{"x":6,"y":-9},{"x":7,"y":-9},{"x":3,"y":-8},{"x":4,"y":-8},{"x":7,"y":-8},{"x":8,"y":-8},{"x":2.5,"y":-7},{"x":8.5,"y":-7},{"x":3.5,"y":-6.5},{"x":7.5,"y":-6.5},{"x":3.5,"y":-3.5},{"x":7.5,"y":-3.5},{"x":2.5,"y":-3},{"x":8.5,"y":-3},{"x":3,"y":-2},{"x":4,"y":-2},{"x":7,"y":-2},{"x":8,"y":-2},{"x":4,"y":-1},{"x":5,"y":-1},{"x":6,"y":-1},{"x":7,"y":-1}]}],"seeds":["VtJ1yUeFIhg6loOgWIOFQVqIX8gt2wVuZiAa5xGQlaYJTDU0XOB9E+hN4BU+hDBt3wguCuhFRJlxg7RFBZeFXddxE6WIHCRBxfEUIKN0Kmh4IiIq"]},{"layers":[{"index":0,"tiles":[{"x":5,"y":-9},{"x":6,"y":-9},{"x":3.5,"y":-8.5},{"x":7.5,"y":-8.5},{"x":4.5,"y":-8},{"x":6.5,"y":-8},{"x":3.5,"y":-7.5},{"x":7.5,"y":-7.5},{"x":5,"y":-7},{"x":6,"y":-7},{"x":2.5,"y":-6.5},{"x":3.5,"y":-6.5},{"x":7.5,"y":-6.5},{"x":8.5,"y":-6.5},{"x":3,"y":-5.5},{"x":4,"y":-5.5},{"x":7,"y":-5.5},{"x":8,"y":-5.5},{"x":3,"y":-4.5},{"x":4,"y":-4.5},{"x":7,"y":-4.5},{"x":8,"y":-4.5},{"x":2.5,"y":-3.5},{"x":3.5,"y":-3.5},{"x":7.5,"y":-3.5},{"x":8.5,"y":-3.5},{"x":5,"y":-3},{"x":6,"y":-3},{"x":3.5,"y":-2.5},{"x":7.5,"y":-2.5},{"x":4.5,"y":-2},{"x":6.5,"y":-2},{"x":3.5,"y":-1.5},{"x":7.5,"y":-1.5},{"x":5,"y":-1},{"x":6,"y":-1}]},{"index":1,"tiles":[{"x":5,"y":-9},{"x":6,"y":-9},{"x":3.5,"y":-8.5},{"x":7.5,"y":-8.5},{"x":4.5,"y":-8},{"x":6.5,"y":-8},{"x":3.5,"y":-7.5},{"x":7.5,"y":-7.5},{"x":5,"y":-7},{"x":6,"y":-7},{"x":2.5,"y":-6.5},{"x":3.5,"y":-6.5},{"x":7.5,"y":-6.5},{"x":8.5,"y":-6.5},{"x":3,"y":-5.5},{"x":4,"y":-5.5},{"x":7,"y":-5.5},{"x":8,"y":-5.5},{"x":3,"y":-4.5},{"x":4,"y":-4.5},{"x":7,"y":-4.5},{"x":8,"y":-4.5},{"x":2.5,"y":-3.5},{"x":3.5,"y":-3.5},{"x":7.5,"y":-3.5},{"x":8.5,"y":-3.5},{"x":5,"y":-3},{"x":6,"y":-3},{"x":3.5,"y":-2.5},{"x":7.5,"y":-2.5},{"x":4.5,"y":-2},{"x":6.5,"y":-2},{"x":3.5,"y":-1.5},{"x":7.5,"y":-1.5},{"x":5,"y":-1},{"x":6,"y":-1}]},{"index":2,"tiles":[{"x":5,"y":-9},{"x":6,"y":-9},{"x":3.5,"y":-8.5},{"x":7.5,"y":-8.5},{"x":4.5,"y":-8},{"x":6.5,"y":-8},{"x":3.5,"y":-7.5},{"x":7.5,"y":-7.5},{"x":5,"y":-7},{"x":6,"y":-7},{"x":2.5,"y":-6.5},{"x":3.5,"y":-6.5},{"x":7.5,"y":-6.5},{"x":8.5,"y":-6.5},{"x":3,"y":-5.5},{"x":4,"y":-5.5},{"x":7,"y":-5.5},{"x":8,"y":-5.5},{"x":3,"y":-4.5},{"x":4,"y":-4.5},{"x":7,"y":-4.5},{"x":8,"y":-4.5},{"x":2.5,"y":-3.5},{"x":3.5,"y":-3.5},{"x":7.5,"y":-3.5},{"x":8.5,"y":-3.5},{"x":5,"y":-3},{"x":6,"y":-3},{"x":3.5,"y":-2.5},{"x":7.5,"y":-2.5},{"x":4.5,"y":-2},{"x":6.5,"y":-2},{"x":3.5,"y":-1.5},{"x":7.5,"y":-1.5},{"x":5,"y":-1},{"x":6,"y":-1}]}],"seeds":["icd4SOglHocVAQWJk/UZgqh2oFCEECdqwxWkk9QdWQl2QieipxWC3+Y8RCcFnBJgVBcyHAI2mVJtCvgRVzQuIGlOojZwyic6IWc8QjVFzXKE"]},{"layers":[{"index":0,"tiles":[{"x":2,"y":-9},{"x":9,"y":-9},{"x":3,"y":-8.5},{"x":4,"y":-8.5},{"x":7,"y":-8.5},{"x":8,"y":-8.5},{"x":2,"y":-7.5},{"x":3,"y":-7.5},{"x":4,"y":-7.5},{"x":5,"y":-7.5},{"x":6,"y":-7.5},{"x":7,"y":-7.5},{"x":8,"y":-7.5},{"x":9,"y":-7.5},{"x":2,"y":-6.5},{"x":3,"y":-6.5},{"x":4,"y":-6.5},{"x":5,"y":-6.5},{"x":6,"y":-6.5},{"x":7,"y":-6.5},{"x":8,"y":-6.5},{"x":9,"y":-6.5},{"x":2,"y":-5.5},{"x":3,"y":-5.5},{"x":4,"y":-5.5},{"x":5,"y":-5.5},{"x":6,"y":-5.5},{"x":7,"y":-5.5},{"x":8,"y":-5.5},{"x":9,"y":-5.5},{"x":2,"y":-4.5},{"x":3,"y":-4.5},{"x":4,"y":-4.5},{"x":5,"y":-4.5},{"x":6,"y":-4.5},{"x":7,"y":-4.5},{"x":8,"y":-4.5},{"x":9,"y":-4.5},{"x":2,"y":-3.5},{"x":3,"y":-3.5},{"x":4,"y":-3.5},{"x":5,"y":-3.5},{"x":6,"y":-3.5},{"x":7,"y":-3.5},{"x":8,"y":-3.5},{"x":9,"y":-3.5},{"x":2,"y":-2.5},{"x":3,"y":-2.5},{"x":4,"y":-2.5},{"x":5,"y":-2.5},{"x":6,"y":-2.5},{"x":7,"y":-2.5},{"x":8,"y":-2.5},{"x":9,"y":-2.5},{"x":3,"y":-1.5},{"x":4,"y":-1.5},{"x":7,"y":-1.5},{"x":8,"y":-1.5},{"x":2,"y":-1},{"x":9,"y":-1}]},{"index":1,"tiles":[{"x":2,"y":-9},{"x":9,"y":-9},{"x":3,"y":-8.5},{"x":4,"y":-8.5},{"x":7,"y":-8.5},{"x":8,"y":-8.5},{"x":3.5,"y":-7.5},{"x":4.5,"y":-7.5},{"x":5.5,"y":-7.5},{"x":6.5,"y":-7.5},{"x":7.5,"y":-7.5},{"x":2,"y":-7},{"x":9,"y":-7},{"x":3,"y":-6.5},{"x":5.5,"y":-6.5},{"x":8,"y":-6.5},{"x":2,"y":-6},{"x":4,"y":-6},{"x":7,"y":-6},{"x":9,"y":-6},{"x":3,"y":-5.5},{"x":5,"y":-5.5},{"x":6,"y":-5.5},{"x":8,"y":-5.5},{"x":2,"y":-5},{"x":4,"y":-5},{"x":7,"y":-5},{"x":9,"y":-5},{"x":3,"y":-4.5},{"x":5,"y":-4.5},{"x":6,"y":-4.5},{"x":8,"y":-4.5},{"x":2,"y":-4},{"x":4,"y":-4},{"x":7,"y":-4},{"x":9,"y":-4},{"x":3,"y":-3.5},{"x":5.5,"y":-3.5},{"x":8,"y":-3.5},{"x":2,"y":-3},{"x":9,"y":-3},{"x":3.5,"y":-2.5},{"x":4.5,"y":-2.5},{"x":5.5,"y":-2.5},{"x":6.5,"y":-2.5},{"x":7.5,"y":-2.5},{"x":3,"y":-1.5},{"x":4,"y":-1.5},{"x":7,"y":-1.5},{"x":8,"y":-1.5},{"x":2,"y":-1},{"x":9,"y":-1}]}],"seeds":["XNJ0C/dtI1k9USQOQUMpTMhNaBomCqV0jDgtBzc1Hxdmk4SA1aZ5noR4nch12RCIHhGKT4k1IVOA4Wd1TqE64heYYHgFhmJdgmCAEESAHYOFB3hq"]},{"layers":[{"index":0,"tiles":[{"x":3,"y":-9},{"x":4,"y":-9},{"x":5,"y":-9},{"x":6,"y":-9},{"x":7,"y":-9},{"x":8,"y":-9},{"x":4,"y":-7.5},{"x":7,"y":-7.5},{"x":3,"y":-7},{"x":5,"y":-7},{"x":6,"y":-7},{"x":8,"y":-7},{"x":2,"y":-6},{"x":4.5,"y":-6},{"x":6.5,"y":-6},{"x":9,"y":-6},{"x":2,"y":-5},{"x":9,"y":-5},{"x":2,"y":-4},{"x":4.5,"y":-4},{"x":6.5,"y":-4},{"x":9,"y":-4},{"x":2.5,"y":-3},{"x":4.5,"y":-3},{"x":6.5,"y":-3},{"x":8.5,"y":-3},{"x":3.5,"y":-2.5},{"x":7.5,"y":-2.5},{"x":2,"y":-2},{"x":9,"y":-2},{"x":3,"y":-1.5},{"x":8,"y":-1.5},{"x":2,"y":-1},{"x":9,"y":-1}]},{"index":1,"tiles":[{"x":3,"y":-9},{"x":4,"y":-9},{"x":5,"y":-9},{"x":6,"y":-9},{"x":7,"y":-9},{"x":8,"y":-9},{"x":4,"y":-7.5},{"x":7,"y":-7.5},{"x":3,"y":-7},{"x":5,"y":-7},{"x":6,"y":-7},{"x":8,"y":-7},{"x":2,"y":-6},{"x":4.5,"y":-6},{"x":6.5,"y":-6},{"x":9,"y":-6},{"x":2,"y":-5},{"x":9,"y":-5},{"x":2,"y":-4},{"x":4.5,"y":-4},{"x":6.5,"y":-4},{"x":9,"y":-4},{"x":2.5,"y":-3},{"x":4.5,"y":-3},{"x":6.5,"y":-3},{"x":8.5,"y":-3},{"x":3.5,"y":-2.5},{"x":7.5,"y":-2.5},{"x":2,"y":-2},{"x":9,"y":-2},{"x":3,"y":-1.5},{"x":8,"y":-1.5},{"x":2,"y":-1},{"x":9,"y":-1}]},{"index":2,"tiles":[{"x":3,"y":-9},{"x":4,"y":-9},{"x":5,"y":-9},{"x":6,"y":-9},{"x":7,"y":-9},{"x":8,"y":-9},{"x":4,"y":-7.5},{"x":7,"y":-7.5},{"x":3,"y":-7},{"x":5,"y":-7},{"x":6,"y":-7},{"x":8,"y":-7},{"x":2,"y":-6},{"x":4.5,"y":-6},{"x":6.5,"y":-6},{"x":9,"y":-6},{"x":2,"y":-5},{"x":9,"y":-5},{"x":2,"y":-4},{"x":4.5,"y":-4},{"x":6.5,"y":-4},{"x":9,"y":-4},{"x":2.5,"y":-3},{"x":4.5,"y":-3},{"x":6.5,"y":-3},{"x":8.5,"y":-3},{"x":3.5,"y":-2.5},{"x":7.5,"y":-2.5},{"x":2,"y":-2},{"x":9,"y":-2},{"x":3,"y":-1.5},{"x":8,"y":-1.5},{"x":2,"y":-1},{"x":9,"y":-1}]}],"seeds":["TWpwomdwBSeCxEMEWkheWDiETwgJIcKdILgMamcSx6QYhydMIOqFXsMgZQF2l8EQTjaKXPg4YWZVmhJ0HwZVnAhBTUNR1rN0XfeBUQQA"]},{"layers":[{"index":0,"tiles":[{"x":3,"y":-9},{"x":8,"y":-9},{"x":2,"y":-8},{"x":9,"y":-8},{"x":3,"y":-7.5},{"x":4,"y":-7.5},{"x":7,"y":-7.5},{"x":8,"y":-7.5},{"x":2,"y":-7},{"x":9,"y":-7},{"x":5.5,"y":-6.5},{"x":3,"y":-6},{"x":4,"y":-6},{"x":7,"y":-6},{"x":8,"y":-6},{"x":5,"y":-5.5},{"x":6,"y":-5.5},{"x":5,"y":-4.5},{"x":6,"y":-4.5},{"x":3,"y":-4},{"x":4,"y":-4},{"x":7,"y":-4},{"x":8,"y":-4},{"x":5.5,"y":-3.5},{"x":2,"y":-3},{"x":9,"y":-3},{"x":3,"y":-2.5},{"x":4,"y":-2.5},{"x":7,"y":-2.5},{"x":8,"y":-2.5},{"x":2,"y":-2},{"x":9,"y":-2},{"x":3,"y":-1},{"x":8,"y":-1}]},{"index":1,"tiles":[{"x":3,"y":-9},{"x":8,"y":-9},{"x":2,"y":-8},{"x":9,"y":-8},{"x":3,"y":-7.5},{"x":4,"y":-7.5},{"x":7,"y":-7.5},{"x":8,"y":-7.5},{"x":2,"y":-7},{"x":9,"y":-7},{"x":5.5,"y":-6.5},{"x":3,"y":-6},{"x":4,"y":-6},{"x":7,"y":-6},{"x":8,"y":-6},{"x":5,"y":-5.5},{"x":6,"y":-5.5},{"x":5,"y":-4.5},{"x":6,"y":-4.5},{"x":3,"y":-4},{"x":4,"y":-4},{"x":7,"y":-4},{"x":8,"y":-4},{"x":5.5,"y":-3.5},{"x":2,"y":-3},{"x":9,"y":-3},{"x":3,"y":-2.5},{"x":4,"y":-2.5},{"x":7,"y":-2.5},{"x":8,"y":-2.5},{"x":2,"y":-2},{"x":9,"y":-2},{"x":3,"y":-1},{"x":8,"y":-1}]},{"index":2,"tiles":[{"x":3,"y":-9},{"x":8,"y":-9},{"x":2,"y":-8},{"x":9,"y":-8},{"x":3,"y":-7.5},{"x":4,"y":-7.5},{"x":7,"y":-7.5},{"x":8,"y":-7.5},{"x":2,"y":-7},{"x":9,"y":-7},{"x":5.5,"y":-6.5},{"x":3,"y":-6},{"x":4,"y":-6},{"x":7,"y":-6},{"x":8,"y":-6},{"x":5,"y":-5.5},{"x":6,"y":-5.5},{"x":5,"y":-4.5},{"x":6,"y":-4.5},{"x":3,"y":-4},{"x":4,"y":-4},{"x":7,"y":-4},{"x":8,"y":-4},{"x":5.5,"y":-3.5},{"x":2,"y":-3},{"x":9,"y":-3},{"x":3,"y":-2.5},{"x":4,"y":-2.5},{"x":7,"y":-2.5},{"x":8,"y":-2.5},{"x":2,"y":-2},{"x":9,"y":-2},{"x":3,"y":-1},{"x":8,"y":-1}]}],"seeds":["CPhNIUMmVQNGhhlcn+A8Xdhg4VF1p0gVBfgoB5FGoWJA40Bx3zBdnBNynWVp2hKCZYMtDoQ2YMdBAZh4iBd2HkiojgeGn8iImZB1kAgA"]},{"layers":[{"index":0,"tiles":[{"x":3,"y":-9},{"x":8,"y":-9},{"x":2,"y":-8.5},{"x":4,"y":-8.5},{"x":7,"y":-8.5},{"x":9,"y":-8.5},{"x":5,"y":-8},{"x":6,"y":-8},{"x":3,"y":-7.5},{"x":4,"y":-7.5},{"x":7,"y":-7.5},{"x":8,"y":-7.5},{"x":4,"y":-6.5},{"x":7,"y":-6.5},{"x":2,"y":-5.5},{"x":3,"y":-5.5},{"x":8,"y":-5.5},{"x":9,"y":-5.5},{"x":2,"y":-4.5},{"x":3,"y":-4.5},{"x":8,"y":-4.5},{"x":9,"y":-4.5},{"x":4,"y":-3.5},{"x":7,"y":-3.5},{"x":3,"y":-2.5},{"x":4,"y":-2.5},{"x":7,"y":-2.5},{"x":8,"y":-2.5},{"x":5,"y":-2},{"x":6,"y":-2},{"x":2,"y":-1.5},{"x":4,"y":-1.5},{"x":7,"y":-1.5},{"x":9,"y":-1.5},{"x":3,"y":-1},{"x":8,"y":-1}]},{"index":1,"tiles":[{"x":3,"y":-9},{"x":8,"y":-9},{"x":2,"y":-8.5},{"x":4,"y":-8.5},{"x":7,"y":-8.5},{"x":9,"y":-8.5},{"x":5,"y":-8},{"x":6,"y":-8},{"x":3,"y":-7.5},{"x":4,"y":-7.5},{"x":7,"y":-7.5},{"x":8,"y":-7.5},{"x":4,"y":-6.5},{"x":7,"y":-6.5},{"x":2,"y":-5.5},{"x":3,"y":-5.5},{"x":8,"y":-5.5},{"x":9,"y":-5.5},{"x":2,"y":-4.5},{"x":3,"y":-4.5},{"x":8,"y":-4.5},{"x":9,"y":-4.5},{"x":4,"y":-3.5},{"x":7,"y":-3.5},{"x":3,"y":-2.5},{"x":4,"y":-2.5},{"x":7,"y":-2.5},{"x":8,"y":-2.5},{"x":5,"y":-2},{"x":6,"y":-2},{"x":2,"y":-1.5},{"x":4,"y":-1.5},{"x":7,"y":-1.5},{"x":9,"y":-1.5},{"x":3,"y":-1},{"x":8,"y":-1}]},{"index":2,"tiles":[{"x":3,"y":-9},{"x":8,"y":-9},{"x":2,"y":-8.5},{"x":4,"y":-8.5},{"x":7,"y":-8.5},{"x":9,"y":-8.5},{"x":5,"y":-8},{"x":6,"y":-8},{"x":3,"y":-7.5},{"x":4,"y":-7.5},{"x":7,"y":-7.5},{"x":8,"y":-7.5},{"x":4,"y":-6.5},{"x":7,"y":-6.5},{"x":2,"y":-5.5},{"x":3,"y":-5.5},{"x":8,"y":-5.5},{"x":9,"y":-5.5},{"x":2,"y":-4.5},{"x":3,"y":-4.5},{"x":8,"y":-4.5},{"x":9,"y":-4.5},{"x":4,"y":-3.5},{"x":7,"y":-3.5},{"x":3,"y":-2.5},{"x":4,"y":-2.5},{"x":7,"y":-2.5},{"x":8,"y":-2.5},{"x":5,"y":-2},{"x":6,"y":-2},{"x":2,"y":-1.5},{"x":4,"y":-1.5},{"x":7,"y":-1.5},{"x":9,"y":-1.5},{"x":3,"y":-1},{"x":8,"y":-1}]}],"seeds":["SRZaE1gqSbEdj+ddIFNcIfggpFgtXSB+nDEFofJ1hxouwUiYXOhRE5dxAsZBH8SAIjJ8kSJOlKQEWiSejgh2m9Y4A2oIjUSAYddZXseBWJWC"]},{"layers":[{"index":0,"tiles":[{"x":5,"y":-9},{"x":6,"y":-9},{"x":4.5,"y":-8},{"x":6.5,"y":-8},{"x":2.5,"y":-7.5},{"x":3.5,"y":-7.5},{"x":7.5,"y":-7.5},{"x":8.5,"y":-7.5},{"x":5,"y":-7},{"x":6,"y":-7},{"x":3.5,"y":-6.5},{"x":7.5,"y":-6.5},{"x":2,"y":-6},{"x":4.5,"y":-6},{"x":6.5,"y":-6},{"x":9,"y":-6},{"x":3.5,"y":-5.5},{"x":7.5,"y":-5.5},{"x":3.5,"y":-4.5},{"x":7.5,"y":-4.5},{"x":2,"y":-4},{"x":4.5,"y":-4},{"x":6.5,"y":-4},{"x":9,"y":-4},{"x":3.5,"y":-3.5},{"x":7.5,"y":-3.5},{"x":5,"y":-3},{"x":6,"y":-3},{"x":2.5,"y":-2.5},{"x":3.5,"y":-2.5},{"x":7.5,"y":-2.5},{"x":8.5,"y":-2.5},{"x":4.5,"y":-2},{"x":6.5,"y":-2},{"x":5,"y":-1},{"x":6,"y":-1}]},{"index":1,"tiles":[{"x":5,"y":-9},{"x":6,"y":-9},{"x":4.5,"y":-8},{"x":6.5,"y":-8},{"x":2.5,"y":-7.5},{"x":3.5,"y":-7.5},{"x":7.5,"y":-7.5},{"x":8.5,"y":-7.5},{"x":5,"y":-7},{"x":6,"y":-7},{"x":3.5,"y":-6.5},{"x":7.5,"y":-6.5},{"x":2,"y":-6},{"x":4.5,"y":-6},{"x":6.5,"y":-6},{"x":9,"y":-6},{"x":3.5,"y":-5.5},{"x":7.5,"y":-5.5},{"x":3.5,"y":-4.5},{"x":7.5,"y":-4.5},{"x":2,"y":-4},{"x":4.5,"y":-4},{"x":6.5,"y":-4},{"x":9,"y":-4},{"x":3.5,"y":-3.5},{"x":7.5,"y":-3.5},{"x":5,"y":-3},{"x":6,"y":-3},{"x":2.5,"y":-2.5},{"x":3.5,"y":-2.5},{"x":7.5,"y":-2.5},{"x":8.5,"y":-2.5},{"x":4.5,"y":-2},{"x":6.5,"y":-2},{"x":5,"y":-1},{"x":6,"y":-1}]},{"index":2,"tiles":[{"x":5,"y":-9},{"x":6,"y":-9},{"x":4.5,"y":-8},{"x":6.5,"y":-8},{"x":2.5,"y":-7.5},{"x":3.5,"y":-7.5},{"x":7.5,"y":-7.5},{"x":8.5,"y":-7.5},{"x":5,"y":-7},{"x":6,"y":-7},{"x":3.5,"y":-6.5},{"x":7.5,"y":-6.5},{"x":2,"y":-6},{"x":4.5,"y":-6},{"x":6.5,"y":-6},{"x":9,"y":-6},{"x":3.5,"y":-5.5},{"x":7.5,"y":-5.5},{"x":3.5,"y":-4.5},{"x":7.5,"y":-4.5},{"x":2,"y":-4},{"x":4.5,"y":-4},{"x":6.5,"y":-4},{"x":9,"y":-4},{"x":3.5,"y":-3.5},{"x":7.5,"y":-3.5},{"x":5,"y":-3},{"x":6,"y":-3},{"x":2.5,"y":-2.5},{"x":3.5,"y":-2.5},{"x":7.5,"y":-2.5},{"x":8.5,"y":-2.5},{"x":4.5,"y":-2},{"x":6.5,"y":-2},{"x":5,"y":-1},{"x":6,"y":-1}]}],"seeds":["CMhx0PQ5Xfd9kFaCWohcGaeClWKdXgWCafIIlKeE4cAFBAN2QpIdGLV4l0d+Iro0hOgxWMiZm0UUQWRwhrMdxNB4IdhEgyQVQ1hMYveAYyMW"]},{"layers":[{"index":0,"tiles":[{"x":2,"y":-9},{"x":3,"y":-9},{"x":8,"y":-9},{"x":9,"y":-9},{"x":4,"y":-8.5},{"x":5,"y":-8.5},{"x":6,"y":-8.5},{"x":7,"y":-8.5},{"x":2.5,"y":-8},{"x":8.5,"y":-8},{"x":3.5,"y":-7.5},{"x":5,"y":-7.5},{"x":6,"y":-7.5},{"x":7.5,"y":-7.5},{"x":4.5,"y":-6.5},{"x":6.5,"y":-6.5},{"x":5,"y":-5.5},{"x":6,"y":-5.5},{"x":4,"y":-5},{"x":7,"y":-5},{"x":5,"y":-4.5},{"x":6,"y":-4.5},{"x":4.5,"y":-3.5},{"x":6.5,"y":-3.5},{"x":3.5,"y":-2.5},{"x":5,"y":-2.5},{"x":6,"y":-2.5},{"x":7.5,"y":-2.5},{"x":2.5,"y":-2},{"x":8.5,"y":-2},{"x":4,"y":-1.5},{"x":5,"y":-1.5},{"x":6,"y":-1.5},{"x":7,"y":-1.5},{"x":2,"y":-1},{"x":3,"y":-1},{"x":8,"y":-1},{"x":9,"y":-1}]},{"index":1,"tiles":[{"x":2,"y":-9},{"x":3,"y":-9},{"x":8,"y":-9},{"x":9,"y":-9},{"x":4,"y":-8.5},{"x":5,"y":-8.5},{"x":6,"y":-8.5},{"x":7,"y":-8.5},{"x":2.5,"y":-8},{"x":8.5,"y":-8},{"x":3.5,"y":-7.5},{"x":5,"y":-7.5},{"x":6,"y":-7.5},{"x":7.5,"y":-7.5},{"x":4.5,"y":-6.5},{"x":6.5,"y":-6.5},{"x":5,"y":-5.5},{"x":6,"y":-5.5},{"x":4,"y":-5},{"x":7,"y":-5},{"x":5,"y":-4.5},{"x":6,"y":-4.5},{"x":4.5,"y":-3.5},{"x":6.5,"y":-3.5},{"x":3.5,"y":-2.5},{"x":5,"y":-2.5},{"x":6,"y":-2.5},{"x":7.5,"y":-2.5},{"x":2.5,"y":-2},{"x":8.5,"y":-2},{"x":4,"y":-1.5},{"x":5,"y":-1.5},{"x":6,"y":-1.5},{"x":7,"y":-1.5},{"x":2,"y":-1},{"x":3,"y":-1},{"x":8,"y":-1},{"x":9,"y":-1}]},{"index":2,"tiles":[{"x":2,"y":-9},{"x":3,"y":-9},{"x":8,"y":-9},{"x":9,"y":-9},{"x":4,"y":-8.5},{"x":5,"y":-8.5},{"x":6,"y":-8.5},{"x":7,"y":-8.5},{"x":2.5,"y":-8},{"x":8.5,"y":-8},{"x":3.5,"y":-7.5},{"x":5,"y":-7.5},{"x":6,"y":-7.5},{"x":7.5,"y":-7.5},{"x":4.5,"y":-6.5},{"x":6.5,"y":-6.5},{"x":5,"y":-5.5},{"x":6,"y":-5.5},{"x":4,"y":-5},{"x":7,"y":-5},{"x":5,"y":-4.5},{"x":6,"y":-4.5},{"x":4.5,"y":-3.5},{"x":6.5,"y":-3.5},{"x":3.5,"y":-2.5},{"x":5,"y":-2.5},{"x":6,"y":-2.5},{"x":7.5,"y":-2.5},{"x":2.5,"y":-2},{"x":8.5,"y":-2},{"x":4,"y":-1.5},{"x":5,"y":-1.5},{"x":6,"y":-1.5},{"x":7,"y":-1.5},{"x":2,"y":-1},{"x":3,"y":-1},{"x":8,"y":-1},{"x":9,"y":-1}]}],"seeds":["gUgoXBh5Exg2F8hJ4CgM4QR6lldJqRiBnyh+AicWTReAGdiZJ8dhkIJwB6d+iBgE1NRZWrgtkEMsBcp4H5dwhtKJWHeETNhxJLVNpeZcz6BUYpY8BggA"]},{"layers":[{"index":0,"tiles":[{"x":2.5,"y":-9},{"x":3.5,"y":-9},{"x":5,"y":-9},{"x":6,"y":-9},{"x":7.5,"y":-9},{"x":8.5,"y":-9},{"x":3,"y":-8},{"x":4.5,"y":-8},{"x":6.5,"y":-8},{"x":8,"y":-8},{"x":4,"y":-7},{"x":5,"y":-7},{"x":6,"y":-7},{"x":7,"y":-7},{"x":2.5,"y":-6.5},{"x":8.5,"y":-6.5},{"x":3.5,"y":-6},{"x":7.5,"y":-6},{"x":4.5,"y":-5.5},{"x":6.5,"y":-5.5},{"x":3.5,"y":-4.5},{"x":5,"y":-4.5},{"x":6,"y":-4.5},{"x":7.5,"y":-4.5},{"x":2.5,"y":-3.5},{"x":5,"y":-3.5},{"x":6,"y":-3.5},{"x":8.5,"y":-3.5},{"x":3.5,"y":-3},{"x":7.5,"y":-3},{"x":2.5,"y":-2.5},{"x":4.5,"y":-2.5},{"x":6.5,"y":-2.5},{"x":8.5,"y":-2.5},{"x":5,"y":-1.5},{"x":6,"y":-1.5},{"x":4,"y":-1},{"x":7,"y":-1}]},{"index":1,"tiles":[{"x":3,"y":-9},{"x":5,"y":-9},{"x":6,"y":-9},{"x":8,"y":-9},{"x":3,"y":-8},{"x":4.5,"y":-8},{"x":6.5,"y":-8},{"x":8,"y":-8},{"x":4,"y":-7},{"x":5,"y":-7},{"x":6,"y":-7},{"x":7,"y":-7},{"x":2.5,"y":-6.5},{"x":8.5,"y":-6.5},{"x":3.5,"y":-6},{"x":7.5,"y":-6},{"x":4.5,"y":-5.5},{"x":6.5,"y":-5.5},{"x":3.5,"y":-4.5},{"x":5,"y":-4.5},{"x":6,"y":-4.5},{"x":7.5,"y":-4.5},{"x":2.5,"y":-3.5},{"x":5,"y":-3.5},{"x":6,"y":-3.5},{"x":8.5,"y":-3.5},{"x":3.5,"y":-3},{"x":7.5,"y":-3},{"x":2.5,"y":-2.5},{"x":4.5,"y":-2.5},{"x":6.5,"y":-2.5},{"x":8.5,"y":-2.5},{"x":5,"y":-1.5},{"x":6,"y":-1.5},{"x":4,"y":-1},{"x":7,"y":-1}]},{"index":2,"tiles":[{"x":3,"y":-9},{"x":5,"y":-9},{"x":6,"y":-9},{"x":8,"y":-9},{"x":3,"y":-8},{"x":4.5,"y":-8},{"x":6.5,"y":-8},{"x":8,"y":-8},{"x":4,"y":-7},{"x":5,"y":-7},{"x":6,"y":-7},{"x":7,"y":-7},{"x":2.5,"y":-6.5},{"x":8.5,"y":-6.5},{"x":3.5,"y":-6},{"x":7.5,"y":-6},{"x":4.5,"y":-5.5},{"x":6.5,"y":-5.5},{"x":3.5,"y":-4.5},{"x":5,"y":-4.5},{"x":6,"y":-4.5},{"x":7.5,"y":-4.5},{"x":2.5,"y":-3.5},{"x":5,"y":-3.5},{"x":6,"y":-3.5},{"x":8.5,"y":-3.5},{"x":3.5,"y":-3},{"x":7.5,"y":-3},{"x":2.5,"y":-2.5},{"x":4.5,"y":-2.5},{"x":6.5,"y":-2.5},{"x":8.5,"y":-2.5},{"x":5,"y":-1.5},{"x":6,"y":-1.5},{"x":4,"y":-1},{"x":7,"y":-1}]}],"seeds":["YXiJGwWGzKdaQtoRzGNVppCFwSR62McJIAcqYtQNiRZMQZJt2CdW03U4ndCApGSgiMFRmuR83Fg8ytKAIScO5TktHeJ1YMFBHRhEhAKGnngoHgQA"]},{"layers":[{"index":0,"tiles":[{"x":3,"y":-9},{"x":4,"y":-9},{"x":5,"y":-9},{"x":6,"y":-9},{"x":7,"y":-9},{"x":8,"y":-9},{"x":3,"y":-8},{"x":8,"y":-8},{"x":4,"y":-7.5},{"x":7,"y":-7.5},{"x":5,"y":-7},{"x":6,"y":-7},{"x":4,"y":-6.5},{"x":7,"y":-6.5},{"x":3,"y":-6},{"x":8,"y":-6},{"x":2,"y":-5.5},{"x":9,"y":-5.5},{"x":4.5,"y":-5},{"x":6.5,"y":-5},{"x":2,"y":-4.5},{"x":9,"y":-4.5},{"x":3,"y":-4},{"x":8,"y":-4},{"x":4,"y":-3.5},{"x":7,"y":-3.5},{"x":5,"y":-3},{"x":6,"y":-3},{"x":4,"y":-2.5},{"x":7,"y":-2.5},{"x":3,"y":-2},{"x":8,"y":-2},{"x":3,"y":-1},{"x":4,"y":-1},{"x":5,"y":-1},{"x":6,"y":-1},{"x":7,"y":-1},{"x":8,"y":-1}]},{"index":1,"tiles":[{"x":3,"y":-9},{"x":4,"y":-9},{"x":5,"y":-9},{"x":6,"y":-9},{"x":7,"y":-9},{"x":8,"y":-9},{"x":3,"y":-8},{"x":8,"y":-8},{"x":4,"y":-7.5},{"x":7,"y":-7.5},{"x":5,"y":-7},{"x":6,"y":-7},{"x":4,"y":-6.5},{"x":7,"y":-6.5},{"x":3,"y":-6},{"x":8,"y":-6},{"x":2,"y":-5.5},{"x":9,"y":-5.5},{"x":4.5,"y":-5},{"x":6.5,"y":-5},{"x":2,"y":-4.5},{"x":9,"y":-4.5},{"x":3,"y":-4},{"x":8,"y":-4},{"x":4,"y":-3.5},{"x":7,"y":-3.5},{"x":5,"y":-3},{"x":6,"y":-3},{"x":4,"y":-2.5},{"x":7,"y":-2.5},{"x":3,"y":-2},{"x":8,"y":-2},{"x":3,"y":-1},{"x":4,"y":-1},{"x":5,"y":-1},{"x":6,"y":-1},{"x":7,"y":-1},{"x":8,"y":-1}]},{"index":2,"tiles":[{"x":3,"y":-9},{"x":4,"y":-9},{"x":5,"y":-9},{"x":6,"y":-9},{"x":7,"y":-9},{"x":8,"y":-9},{"x":3,"y":-8},{"x":8,"y":-8},{"x":4,"y":-7.5},{"x":7,"y":-7.5},{"x":5,"y":-7},{"x":6,"y":-7},{"x":4,"y":-6.5},{"x":7,"y":-6.5},{"x":3,"y":-6},{"x":8,"y":-6},{"x":2,"y":-5.5},{"x":9,"y":-5.5},{"x":4.5,"y":-5},{"x":6.5,"y":-5},{"x":2,"y":-4.5},{"x":9,"y":-4.5},{"x":3,"y":-4},{"x":8,"y":-4},{"x":4,"y":-3.5},{"x":7,"y":-3.5},{"x":5,"y":-3},{"x":6,"y":-3},{"x":4,"y":-2.5},{"x":7,"y":-2.5},{"x":3,"y":-2},{"x":8,"y":-2},{"x":3,"y":-1},{"x":4,"y":-1},{"x":5,"y":-1},{"x":6,"y":-1},{"x":7,"y":-1},{"x":8,"y":-1}]}],"seeds":["Fvp1RUBdTZBkndNdCgEqnfSIE/GQi9gZwkeFUWkOnIpMAcgtHheKRacMi2FBXgYyU+hJx0IpmtZUFIOJjhCKAfcl3nhUWAiKZyhAKQJuWzSBIPhxnAAA"]}]]],0,0,[],[],[]]
