[1,0,0,[["cc.JsonAsset",["_name","json"],1]],[[0,0,1,3]],[[0,"level_000871-30",[{"layers":[{"index":0,"tiles":[{"x":2,"y":-9},{"x":3,"y":-9},{"x":4,"y":-9},{"x":7,"y":-9},{"x":8,"y":-9},{"x":9,"y":-9},{"x":1,"y":-8.5},{"x":10,"y":-8.5},{"x":2,"y":-8},{"x":4,"y":-8},{"x":7,"y":-8},{"x":9,"y":-8},{"x":0.5,"y":-7.5},{"x":10.5,"y":-7.5},{"x":2,"y":-7},{"x":4,"y":-7},{"x":7,"y":-7},{"x":9,"y":-7},{"x":2,"y":-6},{"x":4,"y":-6},{"x":7,"y":-6},{"x":9,"y":-6},{"x":2,"y":-5},{"x":4.5,"y":-5},{"x":6.5,"y":-5},{"x":9,"y":-5},{"x":2,"y":-4},{"x":5,"y":-4},{"x":6,"y":-4},{"x":9,"y":-4},{"x":0.5,"y":-3.5},{"x":10.5,"y":-3.5},{"x":1.5,"y":-3},{"x":9.5,"y":-3},{"x":2.5,"y":-2.5},{"x":8.5,"y":-2.5},{"x":3.5,"y":-2},{"x":7.5,"y":-2},{"x":4.5,"y":-1.5},{"x":6.5,"y":-1.5},{"x":5.5,"y":-1}]},{"index":1,"tiles":[{"x":1,"y":-8.5},{"x":10,"y":-8.5},{"x":2,"y":-8},{"x":4,"y":-8},{"x":7,"y":-8},{"x":9,"y":-8},{"x":0.5,"y":-7.5},{"x":10.5,"y":-7.5},{"x":2,"y":-7},{"x":4,"y":-7},{"x":7,"y":-7},{"x":9,"y":-7},{"x":2,"y":-6},{"x":4,"y":-6},{"x":7,"y":-6},{"x":9,"y":-6},{"x":2,"y":-5},{"x":4.5,"y":-5},{"x":6.5,"y":-5},{"x":9,"y":-5},{"x":2,"y":-4},{"x":5,"y":-4},{"x":6,"y":-4},{"x":9,"y":-4},{"x":1.5,"y":-3},{"x":9.5,"y":-3},{"x":2.5,"y":-2.5},{"x":8.5,"y":-2.5},{"x":3.5,"y":-2},{"x":7.5,"y":-2},{"x":4.5,"y":-1.5},{"x":6.5,"y":-1.5},{"x":5.5,"y":-1}]},{"index":2,"tiles":[{"x":0.5,"y":-7.5},{"x":10.5,"y":-7.5},{"x":2,"y":-7},{"x":4,"y":-7},{"x":7,"y":-7},{"x":9,"y":-7},{"x":2,"y":-6},{"x":4,"y":-6},{"x":7,"y":-6},{"x":9,"y":-6},{"x":2,"y":-5},{"x":4.5,"y":-5},{"x":6.5,"y":-5},{"x":9,"y":-5},{"x":2,"y":-4},{"x":5,"y":-4},{"x":6,"y":-4},{"x":9,"y":-4},{"x":2.5,"y":-2.5},{"x":8.5,"y":-2.5},{"x":3.5,"y":-2},{"x":7.5,"y":-2},{"x":4.5,"y":-1.5},{"x":6.5,"y":-1.5},{"x":5.5,"y":-1}]},{"index":3,"tiles":[{"x":2,"y":-6},{"x":4,"y":-6},{"x":7,"y":-6},{"x":9,"y":-6},{"x":2,"y":-5},{"x":4.5,"y":-5},{"x":6.5,"y":-5},{"x":9,"y":-5},{"x":2,"y":-4},{"x":5,"y":-4},{"x":6,"y":-4},{"x":9,"y":-4},{"x":3.5,"y":-2},{"x":7.5,"y":-2},{"x":4.5,"y":-1.5},{"x":6.5,"y":-1.5},{"x":5.5,"y":-1}]},{"index":4,"tiles":[{"x":2,"y":-5},{"x":4.5,"y":-5},{"x":6.5,"y":-5},{"x":9,"y":-5},{"x":2,"y":-4},{"x":5,"y":-4},{"x":6,"y":-4},{"x":9,"y":-4},{"x":4.5,"y":-1.5},{"x":6.5,"y":-1.5},{"x":5.5,"y":-1}]},{"index":5,"tiles":[{"x":2,"y":-4},{"x":5,"y":-4},{"x":6,"y":-4},{"x":9,"y":-4},{"x":5.5,"y":-1}]}],"seeds":["BNKJGeIJxeBRhLCElwF+w1eln/hNYQgeSlBUCrd9nFQpDlQ4CbUIHjgtzdhYggmGYvYIJ9gNB8N5IBVIyod1Rdd5U+h1S8AwEcaFYihGlpYkxnYNICqC4ZSoFFkyjwBxFacF"]},{"layers":[{"index":0,"tiles":[{"x":5.5,"y":-8.5},{"x":4.5,"y":-8},{"x":6.5,"y":-8},{"x":5.5,"y":-7.5},{"x":2.5,"y":-7},{"x":8.5,"y":-7},{"x":1.5,"y":-6.5},{"x":3.5,"y":-6.5},{"x":7.5,"y":-6.5},{"x":9.5,"y":-6.5},{"x":2.5,"y":-6},{"x":8.5,"y":-6},{"x":2.5,"y":-4},{"x":8.5,"y":-4},{"x":1.5,"y":-3.5},{"x":3.5,"y":-3.5},{"x":7.5,"y":-3.5},{"x":9.5,"y":-3.5},{"x":2.5,"y":-3},{"x":8.5,"y":-3},{"x":5.5,"y":-2.5},{"x":4.5,"y":-2},{"x":6.5,"y":-2},{"x":5.5,"y":-1.5}]},{"index":1,"tiles":[{"x":5.5,"y":-8.5},{"x":4.5,"y":-8},{"x":6.5,"y":-8},{"x":5.5,"y":-7.5},{"x":2.5,"y":-7},{"x":8.5,"y":-7},{"x":1.5,"y":-6.5},{"x":3.5,"y":-6.5},{"x":7.5,"y":-6.5},{"x":9.5,"y":-6.5},{"x":2.5,"y":-6},{"x":8.5,"y":-6},{"x":2.5,"y":-4},{"x":8.5,"y":-4},{"x":1.5,"y":-3.5},{"x":3.5,"y":-3.5},{"x":7.5,"y":-3.5},{"x":9.5,"y":-3.5},{"x":2.5,"y":-3},{"x":8.5,"y":-3},{"x":5.5,"y":-2.5},{"x":4.5,"y":-2},{"x":6.5,"y":-2},{"x":5.5,"y":-1.5}]},{"index":2,"tiles":[{"x":5.5,"y":-8.5},{"x":4.5,"y":-8},{"x":6.5,"y":-8},{"x":5.5,"y":-7.5},{"x":2.5,"y":-7},{"x":8.5,"y":-7},{"x":1.5,"y":-6.5},{"x":3.5,"y":-6.5},{"x":7.5,"y":-6.5},{"x":9.5,"y":-6.5},{"x":2.5,"y":-6},{"x":8.5,"y":-6},{"x":2.5,"y":-4},{"x":8.5,"y":-4},{"x":1.5,"y":-3.5},{"x":3.5,"y":-3.5},{"x":7.5,"y":-3.5},{"x":9.5,"y":-3.5},{"x":2.5,"y":-3},{"x":8.5,"y":-3},{"x":5.5,"y":-2.5},{"x":4.5,"y":-2},{"x":6.5,"y":-2},{"x":5.5,"y":-1.5}]},{"index":3,"tiles":[{"x":5.5,"y":-8.5},{"x":4.5,"y":-8},{"x":6.5,"y":-8},{"x":5.5,"y":-7.5},{"x":2.5,"y":-7},{"x":8.5,"y":-7},{"x":1.5,"y":-6.5},{"x":3.5,"y":-6.5},{"x":7.5,"y":-6.5},{"x":9.5,"y":-6.5},{"x":2.5,"y":-6},{"x":8.5,"y":-6},{"x":2.5,"y":-4},{"x":8.5,"y":-4},{"x":1.5,"y":-3.5},{"x":3.5,"y":-3.5},{"x":7.5,"y":-3.5},{"x":9.5,"y":-3.5},{"x":2.5,"y":-3},{"x":8.5,"y":-3},{"x":5.5,"y":-2.5},{"x":4.5,"y":-2},{"x":6.5,"y":-2},{"x":5.5,"y":-1.5}]},{"index":4,"tiles":[{"x":5.5,"y":-8.5},{"x":5.5,"y":-7.5},{"x":2.5,"y":-7},{"x":8.5,"y":-7},{"x":2.5,"y":-6},{"x":8.5,"y":-6},{"x":2.5,"y":-4},{"x":8.5,"y":-4},{"x":2.5,"y":-3},{"x":8.5,"y":-3},{"x":5.5,"y":-2.5},{"x":5.5,"y":-1.5}]}],"seeds":["kdRNVPGAw/OJjgp2YmhtVzQUB2RxwZJMnbhdWKA5iVh1TdpJn6ZgnxKiYbk0zCGCIJIRjGd0HDiCk6FQhMgFHOeFnmdmAiicCDmFoAJVHxeE"]},{"layers":[{"index":0,"tiles":[{"x":1.5,"y":-9},{"x":9.5,"y":-9},{"x":2.5,"y":-8.5},{"x":8.5,"y":-8.5},{"x":1.5,"y":-8},{"x":3.5,"y":-8},{"x":7.5,"y":-8},{"x":9.5,"y":-8},{"x":2.5,"y":-7.5},{"x":4.5,"y":-7.5},{"x":6.5,"y":-7.5},{"x":8.5,"y":-7.5},{"x":1.5,"y":-7},{"x":3.5,"y":-7},{"x":5.5,"y":-7},{"x":7.5,"y":-7},{"x":9.5,"y":-7},{"x":2.5,"y":-6.5},{"x":4.5,"y":-6.5},{"x":6.5,"y":-6.5},{"x":8.5,"y":-6.5},{"x":3.5,"y":-6},{"x":7.5,"y":-6},{"x":3.5,"y":-4},{"x":7.5,"y":-4},{"x":2.5,"y":-3.5},{"x":4.5,"y":-3.5},{"x":6.5,"y":-3.5},{"x":8.5,"y":-3.5},{"x":1.5,"y":-3},{"x":3.5,"y":-3},{"x":5.5,"y":-3},{"x":7.5,"y":-3},{"x":9.5,"y":-3},{"x":2.5,"y":-2.5},{"x":4.5,"y":-2.5},{"x":6.5,"y":-2.5},{"x":8.5,"y":-2.5},{"x":1.5,"y":-2},{"x":3.5,"y":-2},{"x":7.5,"y":-2},{"x":9.5,"y":-2},{"x":2.5,"y":-1.5},{"x":8.5,"y":-1.5},{"x":1.5,"y":-1},{"x":9.5,"y":-1}]},{"index":1,"tiles":[{"x":1.5,"y":-9},{"x":9.5,"y":-9},{"x":2.5,"y":-8.5},{"x":8.5,"y":-8.5},{"x":1.5,"y":-8},{"x":3.5,"y":-8},{"x":7.5,"y":-8},{"x":9.5,"y":-8},{"x":2.5,"y":-7.5},{"x":4.5,"y":-7.5},{"x":6.5,"y":-7.5},{"x":8.5,"y":-7.5},{"x":1.5,"y":-7},{"x":3.5,"y":-7},{"x":5.5,"y":-7},{"x":7.5,"y":-7},{"x":9.5,"y":-7},{"x":2.5,"y":-6.5},{"x":4.5,"y":-6.5},{"x":6.5,"y":-6.5},{"x":8.5,"y":-6.5},{"x":3.5,"y":-6},{"x":7.5,"y":-6},{"x":3.5,"y":-4},{"x":7.5,"y":-4},{"x":2.5,"y":-3.5},{"x":4.5,"y":-3.5},{"x":6.5,"y":-3.5},{"x":8.5,"y":-3.5},{"x":1.5,"y":-3},{"x":3.5,"y":-3},{"x":5.5,"y":-3},{"x":7.5,"y":-3},{"x":9.5,"y":-3},{"x":2.5,"y":-2.5},{"x":4.5,"y":-2.5},{"x":6.5,"y":-2.5},{"x":8.5,"y":-2.5},{"x":1.5,"y":-2},{"x":3.5,"y":-2},{"x":7.5,"y":-2},{"x":9.5,"y":-2},{"x":2.5,"y":-1.5},{"x":8.5,"y":-1.5},{"x":1.5,"y":-1},{"x":9.5,"y":-1}]},{"index":2,"tiles":[{"x":1.5,"y":-8.5},{"x":9.5,"y":-8.5},{"x":1.5,"y":-7.5},{"x":2.5,"y":-7.5},{"x":8.5,"y":-7.5},{"x":9.5,"y":-7.5},{"x":3.5,"y":-7},{"x":5.5,"y":-7},{"x":7.5,"y":-7},{"x":4.5,"y":-6.5},{"x":6.5,"y":-6.5},{"x":4.5,"y":-3.5},{"x":6.5,"y":-3.5},{"x":3.5,"y":-3},{"x":5.5,"y":-3},{"x":7.5,"y":-3},{"x":1.5,"y":-2.5},{"x":2.5,"y":-2.5},{"x":8.5,"y":-2.5},{"x":9.5,"y":-2.5},{"x":1.5,"y":-1.5},{"x":9.5,"y":-1.5}]},{"index":3,"tiles":[{"x":1.5,"y":-8},{"x":9.5,"y":-8},{"x":1.5,"y":-2},{"x":9.5,"y":-2}]}],"seeds":["IRdyVlN4QgpB11V2QeVZgYANYiNUkzhJhBIsVEdhn5aYJBh2IHVMX+BFHXiMy9IhEyE4xbl9ish9SrhxIMU5HoM+BqWoBgdSYAeKIBJ5jPhkYbJomTdIoQgA"]},{"layers":[{"index":0,"tiles":[{"x":5,"y":-9},{"x":6,"y":-9},{"x":4,"y":-8.5},{"x":7,"y":-8.5},{"x":3,"y":-8},{"x":5,"y":-8},{"x":6,"y":-8},{"x":8,"y":-8},{"x":4,"y":-7.5},{"x":7,"y":-7.5},{"x":2.5,"y":-7},{"x":5,"y":-7},{"x":6,"y":-7},{"x":8.5,"y":-7},{"x":3.5,"y":-6.5},{"x":7.5,"y":-6.5},{"x":2,"y":-6},{"x":4.5,"y":-6},{"x":5.5,"y":-6},{"x":6.5,"y":-6},{"x":9,"y":-6},{"x":3,"y":-5.5},{"x":8,"y":-5.5},{"x":1.5,"y":-5},{"x":4,"y":-5},{"x":5,"y":-5},{"x":6,"y":-5},{"x":7,"y":-5},{"x":9.5,"y":-5},{"x":3,"y":-4.5},{"x":8,"y":-4.5},{"x":2,"y":-4},{"x":4.5,"y":-4},{"x":5.5,"y":-4},{"x":6.5,"y":-4},{"x":9,"y":-4},{"x":3.5,"y":-3.5},{"x":7.5,"y":-3.5},{"x":2.5,"y":-3},{"x":5,"y":-3},{"x":6,"y":-3},{"x":8.5,"y":-3},{"x":4,"y":-2.5},{"x":7,"y":-2.5},{"x":3,"y":-2},{"x":5,"y":-2},{"x":6,"y":-2},{"x":8,"y":-2},{"x":4,"y":-1.5},{"x":7,"y":-1.5},{"x":5,"y":-1},{"x":6,"y":-1}]},{"index":1,"tiles":[{"x":5.5,"y":-8},{"x":4.5,"y":-7.5},{"x":6.5,"y":-7.5},{"x":3.5,"y":-7},{"x":5.5,"y":-7},{"x":7.5,"y":-7},{"x":4.5,"y":-6.5},{"x":6.5,"y":-6.5},{"x":3,"y":-6},{"x":5.5,"y":-6},{"x":8,"y":-6},{"x":4,"y":-5.5},{"x":7,"y":-5.5},{"x":2.5,"y":-5},{"x":5,"y":-5},{"x":6,"y":-5},{"x":8.5,"y":-5},{"x":4,"y":-4.5},{"x":7,"y":-4.5},{"x":3,"y":-4},{"x":5.5,"y":-4},{"x":8,"y":-4},{"x":4.5,"y":-3.5},{"x":6.5,"y":-3.5},{"x":3.5,"y":-3},{"x":5.5,"y":-3},{"x":7.5,"y":-3},{"x":4.5,"y":-2.5},{"x":6.5,"y":-2.5},{"x":5.5,"y":-2}]},{"index":2,"tiles":[{"x":5,"y":-6.5},{"x":6,"y":-6.5},{"x":4,"y":-6},{"x":7,"y":-6},{"x":3.5,"y":-5},{"x":4.5,"y":-5},{"x":5.5,"y":-5},{"x":6.5,"y":-5},{"x":7.5,"y":-5},{"x":4,"y":-4},{"x":7,"y":-4},{"x":5,"y":-3.5},{"x":6,"y":-3.5}]},{"index":3,"tiles":[{"x":5,"y":-5.5},{"x":6,"y":-5.5},{"x":5,"y":-4.5},{"x":6,"y":-4.5}]},{"index":4,"tiles":[{"x":5.5,"y":-5}]}],"seeds":["n8p1UOh1BEeYCeh5SgI5WVVM3XKJaYAgIvV9z3A1iTRMVoQyx6YdAigpiyZuYFaA1Bh+YHiKYigyj1AZpME5SdhxGIdxARh5YdlY"]},{"layers":[{"index":0,"tiles":[{"x":5.5,"y":-9.5},{"x":3.5,"y":-9},{"x":4.5,"y":-9},{"x":6.5,"y":-9},{"x":7.5,"y":-9},{"x":5.5,"y":-8.5},{"x":5,"y":-7.5},{"x":6,"y":-7.5},{"x":4,"y":-7},{"x":7,"y":-7},{"x":3,"y":-6.5},{"x":8,"y":-6.5},{"x":2,"y":-6},{"x":4.5,"y":-6},{"x":6.5,"y":-6},{"x":9,"y":-6},{"x":3,"y":-5.5},{"x":8,"y":-5.5},{"x":1.5,"y":-5},{"x":4.5,"y":-5},{"x":6.5,"y":-5},{"x":9.5,"y":-5},{"x":3,"y":-4.5},{"x":8,"y":-4.5},{"x":1.5,"y":-4},{"x":4.5,"y":-4},{"x":6.5,"y":-4},{"x":9.5,"y":-4},{"x":3,"y":-3.5},{"x":8,"y":-3.5},{"x":2,"y":-3},{"x":4.5,"y":-3},{"x":6.5,"y":-3},{"x":9,"y":-3},{"x":3,"y":-2.5},{"x":8,"y":-2.5},{"x":4,"y":-2},{"x":7,"y":-2},{"x":5,"y":-1.5},{"x":6,"y":-1.5},{"x":5.5,"y":-0.5}]},{"index":1,"tiles":[{"x":5.5,"y":-9.5},{"x":3.5,"y":-9},{"x":4.5,"y":-9},{"x":6.5,"y":-9},{"x":7.5,"y":-9},{"x":5.5,"y":-8.5},{"x":5.5,"y":-7.5},{"x":4,"y":-7},{"x":7,"y":-7},{"x":3,"y":-6.5},{"x":8,"y":-6.5},{"x":2,"y":-6},{"x":4.5,"y":-6},{"x":6.5,"y":-6},{"x":9,"y":-6},{"x":3,"y":-5.5},{"x":8,"y":-5.5},{"x":1.5,"y":-5},{"x":4.5,"y":-5},{"x":6.5,"y":-5},{"x":9.5,"y":-5},{"x":3,"y":-4.5},{"x":8,"y":-4.5},{"x":1.5,"y":-4},{"x":4.5,"y":-4},{"x":6.5,"y":-4},{"x":9.5,"y":-4},{"x":3,"y":-3.5},{"x":8,"y":-3.5},{"x":2,"y":-3},{"x":4.5,"y":-3},{"x":6.5,"y":-3},{"x":9,"y":-3},{"x":3,"y":-2.5},{"x":8,"y":-2.5},{"x":4,"y":-2},{"x":7,"y":-2},{"x":5,"y":-1.5},{"x":6,"y":-1.5},{"x":5.5,"y":-0.5}]},{"index":2,"tiles":[{"x":5.5,"y":-9.5},{"x":3.5,"y":-9},{"x":4.5,"y":-9},{"x":6.5,"y":-9},{"x":7.5,"y":-9},{"x":5.5,"y":-8.5},{"x":5,"y":-7.5},{"x":6,"y":-7.5},{"x":4,"y":-7},{"x":7,"y":-7},{"x":3,"y":-6.5},{"x":8,"y":-6.5},{"x":2,"y":-6},{"x":4.5,"y":-6},{"x":6.5,"y":-6},{"x":9,"y":-6},{"x":3,"y":-5.5},{"x":8,"y":-5.5},{"x":1.5,"y":-5},{"x":4.5,"y":-5},{"x":6.5,"y":-5},{"x":9.5,"y":-5},{"x":3,"y":-4.5},{"x":8,"y":-4.5},{"x":1.5,"y":-4},{"x":4.5,"y":-4},{"x":6.5,"y":-4},{"x":9.5,"y":-4},{"x":3,"y":-3.5},{"x":8,"y":-3.5},{"x":2,"y":-3},{"x":4.5,"y":-3},{"x":6.5,"y":-3},{"x":9,"y":-3},{"x":3,"y":-2.5},{"x":8,"y":-2.5},{"x":4,"y":-2},{"x":7,"y":-2},{"x":5,"y":-1.5},{"x":6,"y":-1.5},{"x":5.5,"y":-0.5}]}],"seeds":["WtV1AedBHodwWvKAoHKAm6FMIvgF4fIhHoYgURaBpdiBQwcKDugEU7gFFEd8oqheytE4HCQupCFeZsFloEI0TCiB6dhNQRFOTyVME2YlAxWelGQ5YVGgXcB41AcA"]},{"layers":[{"index":0,"tiles":[{"x":4.5,"y":-9.5},{"x":5.5,"y":-9.5},{"x":6.5,"y":-9.5},{"x":3.5,"y":-9},{"x":7.5,"y":-9},{"x":2.5,"y":-8.5},{"x":5.5,"y":-8.5},{"x":8.5,"y":-8.5},{"x":1.5,"y":-8},{"x":4.5,"y":-8},{"x":6.5,"y":-8},{"x":9.5,"y":-8},{"x":3.5,"y":-7.5},{"x":5.5,"y":-7.5},{"x":7.5,"y":-7.5},{"x":1.5,"y":-7},{"x":4.5,"y":-7},{"x":6.5,"y":-7},{"x":9.5,"y":-7},{"x":2.5,"y":-6.5},{"x":5.5,"y":-6.5},{"x":8.5,"y":-6.5},{"x":3.5,"y":-6},{"x":7.5,"y":-6},{"x":5.5,"y":-5.5},{"x":4,"y":-5},{"x":7,"y":-5},{"x":5.5,"y":-4.5},{"x":4,"y":-4},{"x":7,"y":-4},{"x":5.5,"y":-3.5},{"x":4,"y":-3},{"x":7,"y":-3},{"x":5.5,"y":-2.5},{"x":3.5,"y":-2},{"x":7.5,"y":-2},{"x":2.5,"y":-1.5},{"x":5,"y":-1.5},{"x":6,"y":-1.5},{"x":8.5,"y":-1.5},{"x":1.5,"y":-1},{"x":9.5,"y":-1},{"x":4,"y":-0.5},{"x":7,"y":-0.5}]},{"index":1,"tiles":[{"x":4.5,"y":-9.5},{"x":5.5,"y":-9.5},{"x":6.5,"y":-9.5},{"x":3.5,"y":-9},{"x":7.5,"y":-9},{"x":2.5,"y":-8.5},{"x":5.5,"y":-8.5},{"x":8.5,"y":-8.5},{"x":1.5,"y":-8},{"x":4.5,"y":-8},{"x":6.5,"y":-8},{"x":9.5,"y":-8},{"x":3.5,"y":-7.5},{"x":5.5,"y":-7.5},{"x":7.5,"y":-7.5},{"x":1.5,"y":-7},{"x":4.5,"y":-7},{"x":6.5,"y":-7},{"x":9.5,"y":-7},{"x":2.5,"y":-6.5},{"x":5.5,"y":-6.5},{"x":8.5,"y":-6.5},{"x":3.5,"y":-6},{"x":7.5,"y":-6},{"x":5.5,"y":-5.5},{"x":4,"y":-5},{"x":7,"y":-5},{"x":5.5,"y":-4.5},{"x":4,"y":-4},{"x":7,"y":-4},{"x":5.5,"y":-3.5},{"x":4,"y":-3},{"x":7,"y":-3},{"x":5.5,"y":-2.5},{"x":3.5,"y":-2},{"x":7.5,"y":-2},{"x":2.5,"y":-1.5},{"x":5,"y":-1.5},{"x":6,"y":-1.5},{"x":8.5,"y":-1.5},{"x":1.5,"y":-1},{"x":9.5,"y":-1},{"x":4,"y":-0.5},{"x":7,"y":-0.5}]},{"index":2,"tiles":[{"x":4.5,"y":-9.5},{"x":5.5,"y":-9.5},{"x":6.5,"y":-9.5},{"x":3.5,"y":-9},{"x":7.5,"y":-9},{"x":2.5,"y":-8.5},{"x":8.5,"y":-8.5},{"x":1.5,"y":-8},{"x":5,"y":-8},{"x":6,"y":-8},{"x":9.5,"y":-8},{"x":4,"y":-7.5},{"x":7,"y":-7.5},{"x":1.5,"y":-7},{"x":5,"y":-7},{"x":6,"y":-7},{"x":9.5,"y":-7},{"x":2.5,"y":-6.5},{"x":8.5,"y":-6.5},{"x":3.5,"y":-6},{"x":7.5,"y":-6},{"x":4,"y":-5},{"x":7,"y":-5},{"x":4,"y":-4},{"x":7,"y":-4},{"x":4,"y":-3},{"x":7,"y":-3},{"x":3.5,"y":-2},{"x":7.5,"y":-2},{"x":2.5,"y":-1.5},{"x":8.5,"y":-1.5},{"x":1.5,"y":-1},{"x":9.5,"y":-1}]},{"index":3,"tiles":[{"x":5.5,"y":-8},{"x":4.5,"y":-7.5},{"x":6.5,"y":-7.5},{"x":5.5,"y":-7}]},{"index":4,"tiles":[{"x":5,"y":-7.5},{"x":6,"y":-7.5}]},{"index":5,"tiles":[{"x":5.5,"y":-7.5}]}],"seeds":["UmJUk0V2G6NY2CKCIiQMGBV+hOcNoRd+lBOFKgJuYNcJUvZAYXVMjMg1moh8C4h2YNgtgidwjzKV4kcx1HF9hTeY4cBkohIR3AcuRcOFVxBwiTNxoCKKVXqCXRCMnmZU"]},{"layers":[{"index":0,"tiles":[{"x":9,"y":-8.5},{"x":1.5,"y":-8},{"x":4,"y":-8},{"x":8,"y":-8},{"x":7,"y":-7.5},{"x":2,"y":-7},{"x":4.5,"y":-7},{"x":6.5,"y":-6.5},{"x":2.5,"y":-6},{"x":5,"y":-6},{"x":9,"y":-6},{"x":3.5,"y":-5.5},{"x":6,"y":-5.5},{"x":8,"y":-5.5},{"x":4.5,"y":-5},{"x":7,"y":-5},{"x":5.5,"y":-4.5},{"x":4,"y":-4},{"x":6.5,"y":-4},{"x":3,"y":-3.5},{"x":5,"y":-3.5},{"x":7.5,"y":-3.5},{"x":2,"y":-3},{"x":6,"y":-3},{"x":8.5,"y":-3},{"x":4.5,"y":-2.5},{"x":6.5,"y":-2},{"x":9,"y":-2},{"x":4,"y":-1.5},{"x":3,"y":-1},{"x":7,"y":-1},{"x":9.5,"y":-1},{"x":2,"y":-0.5}]},{"index":1,"tiles":[{"x":4,"y":-8},{"x":8,"y":-8},{"x":7,"y":-7.5},{"x":2,"y":-7},{"x":4.5,"y":-7},{"x":6.5,"y":-6.5},{"x":2.5,"y":-6},{"x":5,"y":-6},{"x":9,"y":-6},{"x":3.5,"y":-5.5},{"x":6,"y":-5.5},{"x":8,"y":-5.5},{"x":4.5,"y":-5},{"x":7,"y":-5},{"x":5.5,"y":-4.5},{"x":4,"y":-4},{"x":6.5,"y":-4},{"x":3,"y":-3.5},{"x":5,"y":-3.5},{"x":7.5,"y":-3.5},{"x":2,"y":-3},{"x":6,"y":-3},{"x":8.5,"y":-3},{"x":4.5,"y":-2.5},{"x":6.5,"y":-2},{"x":9,"y":-2},{"x":4,"y":-1.5},{"x":3,"y":-1},{"x":7,"y":-1}]},{"index":2,"tiles":[{"x":4,"y":-8},{"x":7,"y":-7.5},{"x":4.5,"y":-7},{"x":6.5,"y":-6.5},{"x":2.5,"y":-6},{"x":5,"y":-6},{"x":9,"y":-6},{"x":3.5,"y":-5.5},{"x":6,"y":-5.5},{"x":8,"y":-5.5},{"x":4.5,"y":-5},{"x":7,"y":-5},{"x":5.5,"y":-4.5},{"x":4,"y":-4},{"x":6.5,"y":-4},{"x":3,"y":-3.5},{"x":5,"y":-3.5},{"x":7.5,"y":-3.5},{"x":2,"y":-3},{"x":6,"y":-3},{"x":8.5,"y":-3},{"x":4.5,"y":-2.5},{"x":6.5,"y":-2},{"x":4,"y":-1.5},{"x":7,"y":-1}]},{"index":3,"tiles":[{"x":4.5,"y":-7},{"x":6.5,"y":-6.5},{"x":5,"y":-6},{"x":3.5,"y":-5.5},{"x":6,"y":-5.5},{"x":8,"y":-5.5},{"x":4.5,"y":-5},{"x":7,"y":-5},{"x":5.5,"y":-4.5},{"x":4,"y":-4},{"x":6.5,"y":-4},{"x":3,"y":-3.5},{"x":5,"y":-3.5},{"x":7.5,"y":-3.5},{"x":6,"y":-3},{"x":4.5,"y":-2.5},{"x":6.5,"y":-2}]},{"index":4,"tiles":[{"x":5,"y":-6},{"x":6,"y":-5.5},{"x":4.5,"y":-5},{"x":7,"y":-5},{"x":5.5,"y":-4.5},{"x":4,"y":-4},{"x":6.5,"y":-4},{"x":5,"y":-3.5},{"x":6,"y":-3}]},{"index":5,"tiles":[{"x":5.5,"y":-4.5}]}],"seeds":["VAgmBahZZlgUorVIoAJ1CCgVDncRIgUS29Ol0DY9jfAdw6CIwVR5aAdW2RQK4teFShQwRwReIwImmYN1YBB6H2Z44nR+KudwHectmsg1QckooQFyDgkA"]},{"layers":[{"index":0,"tiles":[{"x":4.5,"y":-9},{"x":6,"y":-9},{"x":4,"y":-8},{"x":6.5,"y":-8},{"x":3.5,"y":-7},{"x":4.5,"y":-7},{"x":6,"y":-7},{"x":7,"y":-7},{"x":3,"y":-6},{"x":4,"y":-6},{"x":6.5,"y":-6},{"x":7.5,"y":-6},{"x":2.5,"y":-5},{"x":3.5,"y":-5},{"x":4.5,"y":-5},{"x":6,"y":-5},{"x":7,"y":-5},{"x":8,"y":-5},{"x":3,"y":-4},{"x":4,"y":-4},{"x":6.5,"y":-4},{"x":7.5,"y":-4},{"x":3.5,"y":-3},{"x":4.5,"y":-3},{"x":6,"y":-3},{"x":7,"y":-3},{"x":4,"y":-2},{"x":6.5,"y":-2},{"x":4.5,"y":-1},{"x":6,"y":-1}]},{"index":1,"tiles":[{"x":4,"y":-9},{"x":6.5,"y":-9},{"x":3.5,"y":-8},{"x":7,"y":-8},{"x":3,"y":-7},{"x":4,"y":-7},{"x":6.5,"y":-7},{"x":7.5,"y":-7},{"x":2.5,"y":-6},{"x":4.5,"y":-6},{"x":6,"y":-6},{"x":8,"y":-6},{"x":2,"y":-5},{"x":4,"y":-5},{"x":6.5,"y":-5},{"x":8.5,"y":-5},{"x":2.5,"y":-4},{"x":4.5,"y":-4},{"x":6,"y":-4},{"x":8,"y":-4},{"x":3,"y":-3},{"x":4,"y":-3},{"x":6.5,"y":-3},{"x":7.5,"y":-3},{"x":3.5,"y":-2},{"x":7,"y":-2},{"x":4,"y":-1},{"x":6.5,"y":-1}]},{"index":2,"tiles":[{"x":3.5,"y":-9},{"x":7,"y":-9},{"x":3,"y":-8},{"x":7.5,"y":-8},{"x":2.5,"y":-7},{"x":4.5,"y":-7},{"x":6,"y":-7},{"x":8,"y":-7},{"x":2,"y":-6},{"x":4,"y":-6},{"x":6.5,"y":-6},{"x":8.5,"y":-6},{"x":1.5,"y":-5},{"x":4.5,"y":-5},{"x":6,"y":-5},{"x":9,"y":-5},{"x":2,"y":-4},{"x":4,"y":-4},{"x":6.5,"y":-4},{"x":8.5,"y":-4},{"x":2.5,"y":-3},{"x":4.5,"y":-3},{"x":6,"y":-3},{"x":8,"y":-3},{"x":3,"y":-2},{"x":7.5,"y":-2},{"x":3.5,"y":-1},{"x":7,"y":-1}]}],"seeds":["TgeCYKGgRgde2CcKj9NQXxik1liGzRJkhZVh3iQOXMVwQ3V0oAB21NFBYsBMy5UZXHaqQdg9JkR4pEd4Chd6ogcA"]},{"layers":[{"index":0,"tiles":[{"x":2,"y":-9.5},{"x":4,"y":-9.5},{"x":7,"y":-9.5},{"x":9,"y":-9.5},{"x":3,"y":-9},{"x":5,"y":-9},{"x":6,"y":-9},{"x":8,"y":-9},{"x":4,"y":-8.5},{"x":7,"y":-8.5},{"x":5,"y":-8},{"x":6,"y":-8},{"x":5,"y":-7},{"x":6,"y":-7},{"x":5,"y":-6},{"x":6,"y":-6},{"x":5,"y":-5},{"x":6,"y":-5},{"x":5,"y":-4},{"x":6,"y":-4},{"x":4,"y":-3.5},{"x":7,"y":-3.5},{"x":3,"y":-3},{"x":5,"y":-3},{"x":6,"y":-3},{"x":8,"y":-3},{"x":2,"y":-2.5},{"x":4,"y":-2.5},{"x":7,"y":-2.5},{"x":9,"y":-2.5},{"x":3,"y":-2},{"x":5,"y":-2},{"x":6,"y":-2},{"x":8,"y":-2},{"x":4,"y":-1.5},{"x":7,"y":-1.5},{"x":5,"y":-1},{"x":6,"y":-1}]},{"index":1,"tiles":[{"x":2,"y":-9.5},{"x":4,"y":-9.5},{"x":7,"y":-9.5},{"x":9,"y":-9.5},{"x":3,"y":-9},{"x":5,"y":-9},{"x":6,"y":-9},{"x":8,"y":-9},{"x":4,"y":-8.5},{"x":7,"y":-8.5},{"x":5.5,"y":-7.5},{"x":5.5,"y":-6.5},{"x":5.5,"y":-5.5},{"x":5.5,"y":-4.5},{"x":5.5,"y":-3.5},{"x":4.5,"y":-3},{"x":6.5,"y":-3},{"x":2,"y":-2.5},{"x":3.5,"y":-2.5},{"x":5.5,"y":-2.5},{"x":7.5,"y":-2.5},{"x":9,"y":-2.5},{"x":4.5,"y":-2},{"x":6.5,"y":-2},{"x":5.5,"y":-1.5},{"x":5.5,"y":-0.5}]},{"index":2,"tiles":[{"x":2,"y":-9.5},{"x":4,"y":-9.5},{"x":7,"y":-9.5},{"x":9,"y":-9.5},{"x":3,"y":-9},{"x":5,"y":-9},{"x":6,"y":-9},{"x":8,"y":-9},{"x":4,"y":-8.5},{"x":7,"y":-8.5},{"x":5,"y":-8},{"x":6,"y":-8},{"x":5,"y":-7},{"x":6,"y":-7},{"x":5,"y":-6},{"x":6,"y":-6},{"x":5,"y":-5},{"x":6,"y":-5},{"x":5,"y":-4},{"x":6,"y":-4},{"x":4,"y":-3.5},{"x":7,"y":-3.5},{"x":3,"y":-3},{"x":5,"y":-3},{"x":6,"y":-3},{"x":8,"y":-3},{"x":2,"y":-2.5},{"x":4,"y":-2.5},{"x":7,"y":-2.5},{"x":9,"y":-2.5},{"x":3,"y":-2},{"x":5,"y":-2},{"x":6,"y":-2},{"x":8,"y":-2},{"x":4,"y":-1.5},{"x":7,"y":-1.5},{"x":5,"y":-1},{"x":6,"y":-1}]},{"index":3,"tiles":[{"x":5.5,"y":-8.5},{"x":5.5,"y":-6.5},{"x":5.5,"y":-3.5},{"x":5.5,"y":-1.5}]}],"seeds":["YoedSCiEDcd4lDBB4deJlfZtCJaW0HB0yiZyICcmgRksYUCAStRd38QlDshEzSOKnjRoT2hNigWCGXctnJF1RuiR6PhRUlBMoFoRntIVhwMA"]},{"layers":[{"index":0,"tiles":[{"x":1,"y":-9.5},{"x":10,"y":-9.5},{"x":1.5,"y":-8.5},{"x":9.5,"y":-8.5},{"x":5,"y":-8},{"x":6,"y":-8},{"x":2,"y":-7.5},{"x":9,"y":-7.5},{"x":3,"y":-7},{"x":8,"y":-7},{"x":2,"y":-6.5},{"x":4,"y":-6.5},{"x":7,"y":-6.5},{"x":9,"y":-6.5},{"x":3,"y":-6},{"x":5,"y":-6},{"x":6,"y":-6},{"x":8,"y":-6},{"x":2,"y":-5.5},{"x":4,"y":-5.5},{"x":7,"y":-5.5},{"x":9,"y":-5.5},{"x":3,"y":-5},{"x":5,"y":-5},{"x":6,"y":-5},{"x":8,"y":-5},{"x":2,"y":-4.5},{"x":4,"y":-4.5},{"x":7,"y":-4.5},{"x":9,"y":-4.5},{"x":3,"y":-4},{"x":5,"y":-4},{"x":6,"y":-4},{"x":8,"y":-4},{"x":2,"y":-3.5},{"x":4,"y":-3.5},{"x":7,"y":-3.5},{"x":9,"y":-3.5},{"x":3,"y":-3},{"x":8,"y":-3},{"x":2,"y":-2.5},{"x":9,"y":-2.5},{"x":5,"y":-2},{"x":6,"y":-2},{"x":1.5,"y":-1.5},{"x":9.5,"y":-1.5},{"x":1,"y":-0.5},{"x":10,"y":-0.5}]},{"index":1,"tiles":[{"x":5,"y":-8},{"x":6,"y":-8},{"x":2.5,"y":-7},{"x":8.5,"y":-7},{"x":3.5,"y":-6.5},{"x":7.5,"y":-6.5},{"x":2.5,"y":-6},{"x":4.5,"y":-6},{"x":6.5,"y":-6},{"x":8.5,"y":-6},{"x":3.5,"y":-5.5},{"x":5.5,"y":-5.5},{"x":7.5,"y":-5.5},{"x":2.5,"y":-5},{"x":4.5,"y":-5},{"x":6.5,"y":-5},{"x":8.5,"y":-5},{"x":3.5,"y":-4.5},{"x":5.5,"y":-4.5},{"x":7.5,"y":-4.5},{"x":2.5,"y":-4},{"x":4.5,"y":-4},{"x":6.5,"y":-4},{"x":8.5,"y":-4},{"x":3.5,"y":-3.5},{"x":7.5,"y":-3.5},{"x":2.5,"y":-3},{"x":8.5,"y":-3},{"x":5,"y":-2},{"x":6,"y":-2}]},{"index":2,"tiles":[{"x":5,"y":-8},{"x":6,"y":-8},{"x":3,"y":-6.5},{"x":8,"y":-6.5},{"x":4,"y":-6},{"x":7,"y":-6},{"x":3,"y":-5.5},{"x":5,"y":-5.5},{"x":6,"y":-5.5},{"x":8,"y":-5.5},{"x":4,"y":-5},{"x":7,"y":-5},{"x":3,"y":-4.5},{"x":5,"y":-4.5},{"x":6,"y":-4.5},{"x":8,"y":-4.5},{"x":4,"y":-4},{"x":7,"y":-4},{"x":3,"y":-3.5},{"x":8,"y":-3.5},{"x":5,"y":-2},{"x":6,"y":-2}]},{"index":3,"tiles":[{"x":5,"y":-8},{"x":6,"y":-8},{"x":3.5,"y":-6},{"x":7.5,"y":-6},{"x":4.5,"y":-5.5},{"x":6.5,"y":-5.5},{"x":3.5,"y":-5},{"x":5.5,"y":-5},{"x":7.5,"y":-5},{"x":4.5,"y":-4.5},{"x":6.5,"y":-4.5},{"x":3.5,"y":-4},{"x":7.5,"y":-4},{"x":5,"y":-2},{"x":6,"y":-2}]},{"index":4,"tiles":[{"x":5,"y":-8},{"x":6,"y":-8},{"x":4,"y":-5.5},{"x":7,"y":-5.5},{"x":5,"y":-5},{"x":6,"y":-5},{"x":4,"y":-4.5},{"x":7,"y":-4.5},{"x":5,"y":-2},{"x":6,"y":-2}]},{"index":5,"tiles":[{"x":5.5,"y":-5}]}],"seeds":["m/SphONAoYJ82cKIH2dxX5IV4kIh4RRgT6CAniAwyjR4Qsg9CsgUnjgczdldVNU1C1Uxpih0YTKkoLdBILiE4+Rp4TSUIYmJXKSJaPARnBdJX+gZHHgYAeWBHXhZXQcA"]},{"layers":[{"index":0,"tiles":[{"x":5.5,"y":-9},{"x":5.5,"y":-8},{"x":4.5,"y":-7.5},{"x":6.5,"y":-7.5},{"x":3.5,"y":-7},{"x":5.5,"y":-7},{"x":7.5,"y":-7},{"x":2.5,"y":-6.5},{"x":8.5,"y":-6.5},{"x":1.5,"y":-6},{"x":5,"y":-6},{"x":6,"y":-6},{"x":9.5,"y":-6},{"x":4,"y":-5.5},{"x":7,"y":-5.5},{"x":3,"y":-5},{"x":5.5,"y":-5},{"x":8,"y":-5},{"x":2,"y":-4.5},{"x":9,"y":-4.5},{"x":4.5,"y":-4},{"x":5.5,"y":-4},{"x":6.5,"y":-4},{"x":3.5,"y":-3.5},{"x":7.5,"y":-3.5},{"x":2.5,"y":-3},{"x":5.5,"y":-3},{"x":8.5,"y":-3},{"x":4,"y":-2},{"x":5,"y":-2},{"x":6,"y":-2},{"x":7,"y":-2},{"x":3,"y":-1.5},{"x":8,"y":-1.5},{"x":5.5,"y":-1},{"x":4.5,"y":-0.5},{"x":6.5,"y":-0.5}]},{"index":1,"tiles":[{"x":5.5,"y":-9},{"x":5.5,"y":-8},{"x":4.5,"y":-7.5},{"x":6.5,"y":-7.5},{"x":3.5,"y":-7},{"x":5.5,"y":-7},{"x":7.5,"y":-7},{"x":2.5,"y":-6.5},{"x":8.5,"y":-6.5},{"x":1.5,"y":-6},{"x":5,"y":-6},{"x":6,"y":-6},{"x":9.5,"y":-6},{"x":4,"y":-5.5},{"x":7,"y":-5.5},{"x":3,"y":-5},{"x":5.5,"y":-5},{"x":8,"y":-5},{"x":2,"y":-4.5},{"x":9,"y":-4.5},{"x":4.5,"y":-4},{"x":5.5,"y":-4},{"x":6.5,"y":-4},{"x":3.5,"y":-3.5},{"x":7.5,"y":-3.5},{"x":2.5,"y":-3},{"x":5.5,"y":-3},{"x":8.5,"y":-3},{"x":4,"y":-2},{"x":5,"y":-2},{"x":6,"y":-2},{"x":7,"y":-2},{"x":3,"y":-1.5},{"x":8,"y":-1.5},{"x":5.5,"y":-1},{"x":4.5,"y":-0.5},{"x":6.5,"y":-0.5}]},{"index":2,"tiles":[{"x":5.5,"y":-8},{"x":4.5,"y":-7.5},{"x":6.5,"y":-7.5},{"x":3.5,"y":-7},{"x":5.5,"y":-7},{"x":7.5,"y":-7},{"x":2.5,"y":-6.5},{"x":8.5,"y":-6.5},{"x":1.5,"y":-6},{"x":5,"y":-6},{"x":6,"y":-6},{"x":9.5,"y":-6},{"x":4,"y":-5.5},{"x":7,"y":-5.5},{"x":3,"y":-5},{"x":5.5,"y":-5},{"x":8,"y":-5},{"x":2,"y":-4.5},{"x":9,"y":-4.5},{"x":4.5,"y":-4},{"x":5.5,"y":-4},{"x":6.5,"y":-4},{"x":3.5,"y":-3.5},{"x":7.5,"y":-3.5},{"x":2.5,"y":-3},{"x":5.5,"y":-3},{"x":8.5,"y":-3},{"x":4,"y":-2},{"x":5,"y":-2},{"x":6,"y":-2},{"x":7,"y":-2},{"x":3,"y":-1.5},{"x":8,"y":-1.5},{"x":5.5,"y":-1},{"x":4.5,"y":-0.5},{"x":6.5,"y":-0.5}]}],"seeds":["4uUVakNgmhgpl4ZEU2Vw0jFIjZigXWiC4kaFoEUpH9ORFcdwRZoMEOgthweWRiCGoRN+Qac8isdZ38Rt5zQtQUCAncMhUCd2WCd0ChgqmTBm3wMA"]},{"layers":[{"index":0,"tiles":[{"x":4.5,"y":-9},{"x":5.5,"y":-9},{"x":6.5,"y":-9},{"x":3.5,"y":-8.5},{"x":7.5,"y":-8.5},{"x":2.5,"y":-8},{"x":8,"y":-7.5},{"x":2,"y":-7},{"x":5,"y":-7},{"x":4,"y":-6.5},{"x":1.5,"y":-6},{"x":7,"y":-6},{"x":8,"y":-6},{"x":4,"y":-5.5},{"x":6,"y":-5.5},{"x":9,"y":-5.5},{"x":2,"y":-5},{"x":5,"y":-5},{"x":6.5,"y":-4.5},{"x":9.5,"y":-4.5},{"x":2.5,"y":-4},{"x":5.5,"y":-4},{"x":7.5,"y":-4},{"x":3.5,"y":-3.5},{"x":4.5,"y":-3.5},{"x":10,"y":-3.5},{"x":7.5,"y":-3},{"x":6.5,"y":-2.5},{"x":9.5,"y":-2.5},{"x":3.5,"y":-2},{"x":9,"y":-1.5},{"x":4,"y":-1},{"x":8,"y":-1},{"x":5,"y":-0.5},{"x":6,"y":-0.5},{"x":7,"y":-0.5}]},{"index":1,"tiles":[{"x":4.5,"y":-9},{"x":5.5,"y":-9},{"x":6.5,"y":-9},{"x":3.5,"y":-8.5},{"x":7.5,"y":-8.5},{"x":2.5,"y":-8},{"x":8,"y":-7.5},{"x":2,"y":-7},{"x":5,"y":-7},{"x":4,"y":-6.5},{"x":1.5,"y":-6},{"x":7,"y":-6},{"x":8,"y":-6},{"x":4,"y":-5.5},{"x":6,"y":-5.5},{"x":9,"y":-5.5},{"x":2,"y":-5},{"x":5,"y":-5},{"x":6.5,"y":-4.5},{"x":9.5,"y":-4.5},{"x":2.5,"y":-4},{"x":5.5,"y":-4},{"x":7.5,"y":-4},{"x":3.5,"y":-3.5},{"x":4.5,"y":-3.5},{"x":10,"y":-3.5},{"x":7.5,"y":-3},{"x":6.5,"y":-2.5},{"x":9.5,"y":-2.5},{"x":3.5,"y":-2},{"x":9,"y":-1.5},{"x":4,"y":-1},{"x":8,"y":-1},{"x":5,"y":-0.5},{"x":6,"y":-0.5},{"x":7,"y":-0.5}]},{"index":2,"tiles":[{"x":4.5,"y":-9},{"x":5.5,"y":-9},{"x":6.5,"y":-9},{"x":3.5,"y":-8.5},{"x":7.5,"y":-8.5},{"x":2.5,"y":-8},{"x":8,"y":-7.5},{"x":2,"y":-7},{"x":5,"y":-7},{"x":4,"y":-6.5},{"x":1.5,"y":-6},{"x":7,"y":-6},{"x":8,"y":-6},{"x":4,"y":-5.5},{"x":6,"y":-5.5},{"x":9,"y":-5.5},{"x":2,"y":-5},{"x":5,"y":-5},{"x":6.5,"y":-4.5},{"x":9.5,"y":-4.5},{"x":2.5,"y":-4},{"x":5.5,"y":-4},{"x":7.5,"y":-4},{"x":3.5,"y":-3.5},{"x":4.5,"y":-3.5},{"x":10,"y":-3.5},{"x":7.5,"y":-3},{"x":6.5,"y":-2.5},{"x":9.5,"y":-2.5},{"x":3.5,"y":-2},{"x":9,"y":-1.5},{"x":4,"y":-1},{"x":8,"y":-1},{"x":5,"y":-0.5},{"x":6,"y":-0.5},{"x":7,"y":-0.5}]}],"seeds":["ZBguRySETwGCTsCJwZQgHXhy4nFcDWVoYPdV2ZV9kUegI8hpg7FM5lFQleVk4ddBaRBaoicWRREEV9BwXTh4IMQUiSdgCVImD0ioypUp2Acy"]},{"layers":[{"index":0,"tiles":[{"x":1.5,"y":-9.5},{"x":2.5,"y":-9.5},{"x":3.5,"y":-9.5},{"x":4.5,"y":-9.5},{"x":5.5,"y":-9.5},{"x":6.5,"y":-9.5},{"x":7.5,"y":-9.5},{"x":8.5,"y":-9.5},{"x":9.5,"y":-9.5},{"x":1.5,"y":-8.5},{"x":2.5,"y":-8.5},{"x":4.5,"y":-8.5},{"x":5.5,"y":-8.5},{"x":6.5,"y":-8.5},{"x":8.5,"y":-8.5},{"x":9.5,"y":-8.5},{"x":1.5,"y":-7.5},{"x":3,"y":-7.5},{"x":5.5,"y":-7.5},{"x":8,"y":-7.5},{"x":9.5,"y":-7.5},{"x":1.5,"y":-6.5},{"x":3.5,"y":-6.5},{"x":5,"y":-6.5},{"x":6,"y":-6.5},{"x":7.5,"y":-6.5},{"x":9.5,"y":-6.5},{"x":1.5,"y":-5.5},{"x":4,"y":-5.5},{"x":5.5,"y":-5.5},{"x":7,"y":-5.5},{"x":9.5,"y":-5.5},{"x":3,"y":-5},{"x":8,"y":-5},{"x":1.5,"y":-4.5},{"x":4.5,"y":-4.5},{"x":5.5,"y":-4.5},{"x":6.5,"y":-4.5},{"x":9.5,"y":-4.5},{"x":3,"y":-4},{"x":8,"y":-4},{"x":1.5,"y":-3.5},{"x":4,"y":-3.5},{"x":5.5,"y":-3.5},{"x":7,"y":-3.5},{"x":9.5,"y":-3.5},{"x":1.5,"y":-2.5},{"x":3.5,"y":-2.5},{"x":5,"y":-2.5},{"x":6,"y":-2.5},{"x":7.5,"y":-2.5},{"x":9.5,"y":-2.5},{"x":1.5,"y":-1.5},{"x":3,"y":-1.5},{"x":5.5,"y":-1.5},{"x":8,"y":-1.5},{"x":9.5,"y":-1.5},{"x":1.5,"y":-0.5},{"x":2.5,"y":-0.5},{"x":3.5,"y":-0.5},{"x":4.5,"y":-0.5},{"x":5.5,"y":-0.5},{"x":6.5,"y":-0.5},{"x":7.5,"y":-0.5},{"x":8.5,"y":-0.5},{"x":9.5,"y":-0.5}]},{"index":1,"tiles":[{"x":1.5,"y":-9.5},{"x":2.5,"y":-9.5},{"x":3.5,"y":-9.5},{"x":4.5,"y":-9.5},{"x":5.5,"y":-9.5},{"x":6.5,"y":-9.5},{"x":7.5,"y":-9.5},{"x":8.5,"y":-9.5},{"x":9.5,"y":-9.5},{"x":1.5,"y":-8.5},{"x":2.5,"y":-8.5},{"x":4.5,"y":-8.5},{"x":5.5,"y":-8.5},{"x":6.5,"y":-8.5},{"x":8.5,"y":-8.5},{"x":9.5,"y":-8.5},{"x":1.5,"y":-7.5},{"x":3,"y":-7.5},{"x":5.5,"y":-7.5},{"x":8,"y":-7.5},{"x":9.5,"y":-7.5},{"x":1.5,"y":-6.5},{"x":3.5,"y":-6.5},{"x":5,"y":-6.5},{"x":6,"y":-6.5},{"x":7.5,"y":-6.5},{"x":9.5,"y":-6.5},{"x":1.5,"y":-5.5},{"x":4,"y":-5.5},{"x":5.5,"y":-5.5},{"x":7,"y":-5.5},{"x":9.5,"y":-5.5},{"x":3,"y":-5},{"x":8,"y":-5},{"x":1.5,"y":-4.5},{"x":4.5,"y":-4.5},{"x":5.5,"y":-4.5},{"x":6.5,"y":-4.5},{"x":9.5,"y":-4.5},{"x":3,"y":-4},{"x":8,"y":-4},{"x":1.5,"y":-3.5},{"x":4,"y":-3.5},{"x":5.5,"y":-3.5},{"x":7,"y":-3.5},{"x":9.5,"y":-3.5},{"x":1.5,"y":-2.5},{"x":3.5,"y":-2.5},{"x":5,"y":-2.5},{"x":6,"y":-2.5},{"x":7.5,"y":-2.5},{"x":9.5,"y":-2.5},{"x":1.5,"y":-1.5},{"x":3,"y":-1.5},{"x":5.5,"y":-1.5},{"x":8,"y":-1.5},{"x":9.5,"y":-1.5},{"x":1.5,"y":-0.5},{"x":2.5,"y":-0.5},{"x":3.5,"y":-0.5},{"x":4.5,"y":-0.5},{"x":5.5,"y":-0.5},{"x":6.5,"y":-0.5},{"x":7.5,"y":-0.5},{"x":8.5,"y":-0.5},{"x":9.5,"y":-0.5}]}],"seeds":["nYh2Ylh5ouiJlWBMTTIJJNVRXOmFjHh0HaWBQmF5GzdA4WN+RDB9A3eAisI90JiCQcCFngiqIoIFWrQMRMaESCIRX4gtTXOdlrEQIdNtkzJQAgNGSuVVEhguH5c5TeFc4PeB"]},{"layers":[{"index":0,"tiles":[{"x":2.5,"y":-8.5},{"x":3.5,"y":-8.5},{"x":4.5,"y":-8.5},{"x":5.5,"y":-8.5},{"x":6.5,"y":-8.5},{"x":7.5,"y":-8.5},{"x":8.5,"y":-8.5},{"x":2.5,"y":-7.5},{"x":3.5,"y":-7.5},{"x":4.5,"y":-7.5},{"x":5.5,"y":-7.5},{"x":6.5,"y":-7.5},{"x":7.5,"y":-7.5},{"x":8.5,"y":-7.5},{"x":2.5,"y":-6.5},{"x":3.5,"y":-6.5},{"x":4.5,"y":-6.5},{"x":5.5,"y":-6.5},{"x":6.5,"y":-6.5},{"x":7.5,"y":-6.5},{"x":8.5,"y":-6.5},{"x":2.5,"y":-5.5},{"x":3.5,"y":-5.5},{"x":4.5,"y":-5.5},{"x":5.5,"y":-5.5},{"x":6.5,"y":-5.5},{"x":7.5,"y":-5.5},{"x":8.5,"y":-5.5},{"x":2.5,"y":-4.5},{"x":3.5,"y":-4.5},{"x":4.5,"y":-4.5},{"x":5.5,"y":-4.5},{"x":6.5,"y":-4.5},{"x":7.5,"y":-4.5},{"x":8.5,"y":-4.5},{"x":2.5,"y":-3.5},{"x":3.5,"y":-3.5},{"x":4.5,"y":-3.5},{"x":5.5,"y":-3.5},{"x":6.5,"y":-3.5},{"x":7.5,"y":-3.5},{"x":8.5,"y":-3.5},{"x":2.5,"y":-2.5},{"x":3.5,"y":-2.5},{"x":4.5,"y":-2.5},{"x":5.5,"y":-2.5},{"x":6.5,"y":-2.5},{"x":7.5,"y":-2.5},{"x":8.5,"y":-2.5},{"x":2.5,"y":-1.5},{"x":3.5,"y":-1.5},{"x":4.5,"y":-1.5},{"x":5.5,"y":-1.5},{"x":6.5,"y":-1.5},{"x":7.5,"y":-1.5},{"x":8.5,"y":-1.5}]},{"index":1,"tiles":[{"x":2.5,"y":-8.5},{"x":3.5,"y":-8.5},{"x":4.5,"y":-8.5},{"x":5.5,"y":-8.5},{"x":6.5,"y":-8.5},{"x":7.5,"y":-8.5},{"x":8.5,"y":-8.5},{"x":2.5,"y":-7.5},{"x":3.5,"y":-7.5},{"x":4.5,"y":-7.5},{"x":5.5,"y":-7.5},{"x":6.5,"y":-7.5},{"x":7.5,"y":-7.5},{"x":8.5,"y":-7.5},{"x":2.5,"y":-6.5},{"x":3.5,"y":-6.5},{"x":4.5,"y":-6.5},{"x":5.5,"y":-6.5},{"x":6.5,"y":-6.5},{"x":7.5,"y":-6.5},{"x":8.5,"y":-6.5},{"x":2.5,"y":-3.5},{"x":3.5,"y":-3.5},{"x":4.5,"y":-3.5},{"x":5.5,"y":-3.5},{"x":6.5,"y":-3.5},{"x":7.5,"y":-3.5},{"x":8.5,"y":-3.5},{"x":2.5,"y":-2.5},{"x":3.5,"y":-2.5},{"x":4.5,"y":-2.5},{"x":5.5,"y":-2.5},{"x":6.5,"y":-2.5},{"x":7.5,"y":-2.5},{"x":8.5,"y":-2.5},{"x":2.5,"y":-1.5},{"x":3.5,"y":-1.5},{"x":4.5,"y":-1.5},{"x":5.5,"y":-1.5},{"x":6.5,"y":-1.5},{"x":7.5,"y":-1.5},{"x":8.5,"y":-1.5}]},{"index":2,"tiles":[{"x":2.5,"y":-8.5},{"x":3.5,"y":-8.5},{"x":4.5,"y":-8.5},{"x":5.5,"y":-8.5},{"x":6.5,"y":-8.5},{"x":7.5,"y":-8.5},{"x":8.5,"y":-8.5},{"x":2.5,"y":-7.5},{"x":3.5,"y":-7.5},{"x":4.5,"y":-7.5},{"x":5.5,"y":-7.5},{"x":6.5,"y":-7.5},{"x":7.5,"y":-7.5},{"x":8.5,"y":-7.5},{"x":2.5,"y":-2.5},{"x":3.5,"y":-2.5},{"x":4.5,"y":-2.5},{"x":5.5,"y":-2.5},{"x":6.5,"y":-2.5},{"x":7.5,"y":-2.5},{"x":8.5,"y":-2.5},{"x":2.5,"y":-1.5},{"x":3.5,"y":-1.5},{"x":4.5,"y":-1.5},{"x":5.5,"y":-1.5},{"x":6.5,"y":-1.5},{"x":7.5,"y":-1.5},{"x":8.5,"y":-1.5}]},{"index":3,"tiles":[{"x":2.5,"y":-8.5},{"x":3.5,"y":-8.5},{"x":4.5,"y":-8.5},{"x":5.5,"y":-8.5},{"x":6.5,"y":-8.5},{"x":7.5,"y":-8.5},{"x":8.5,"y":-8.5},{"x":2.5,"y":-1.5},{"x":3.5,"y":-1.5},{"x":4.5,"y":-1.5},{"x":5.5,"y":-1.5},{"x":6.5,"y":-1.5},{"x":7.5,"y":-1.5},{"x":8.5,"y":-1.5}]}],"seeds":["iSdairgxGtYN4RMKIogwH7KkgUkpiBNwIsV4i/hd3eR53oOJiNIUZUh5Ipht4TOKBSQgX6egUQMSghpVGThdoUF0HBM4HJNxzEBdE9iAoQRdp4YIjZVJYDV0HDl9TzUYR1KFB9ct4BIG"]},{"layers":[{"index":0,"tiles":[{"x":5.5,"y":-9.5},{"x":1.5,"y":-8.5},{"x":4.5,"y":-8.5},{"x":5.5,"y":-8.5},{"x":6.5,"y":-8.5},{"x":9.5,"y":-8.5},{"x":3.5,"y":-8},{"x":7.5,"y":-8},{"x":2.5,"y":-7.5},{"x":5.5,"y":-7.5},{"x":8.5,"y":-7.5},{"x":2,"y":-6.5},{"x":4.5,"y":-6.5},{"x":5.5,"y":-6.5},{"x":6.5,"y":-6.5},{"x":9,"y":-6.5},{"x":3.5,"y":-6},{"x":7.5,"y":-6},{"x":1.5,"y":-5.5},{"x":5.5,"y":-5.5},{"x":9.5,"y":-5.5},{"x":0.5,"y":-5},{"x":2.5,"y":-5},{"x":3.5,"y":-5},{"x":4.5,"y":-5},{"x":6.5,"y":-5},{"x":7.5,"y":-5},{"x":8.5,"y":-5},{"x":10.5,"y":-5},{"x":1.5,"y":-4.5},{"x":5.5,"y":-4.5},{"x":9.5,"y":-4.5},{"x":3.5,"y":-4},{"x":7.5,"y":-4},{"x":2,"y":-3.5},{"x":4.5,"y":-3.5},{"x":5.5,"y":-3.5},{"x":6.5,"y":-3.5},{"x":9,"y":-3.5},{"x":2.5,"y":-2.5},{"x":5.5,"y":-2.5},{"x":8.5,"y":-2.5},{"x":3.5,"y":-2},{"x":7.5,"y":-2},{"x":1.5,"y":-1.5},{"x":4.5,"y":-1.5},{"x":5.5,"y":-1.5},{"x":6.5,"y":-1.5},{"x":9.5,"y":-1.5},{"x":5.5,"y":-0.5}]},{"index":1,"tiles":[{"x":5.5,"y":-9},{"x":4.5,"y":-8.5},{"x":6.5,"y":-8.5},{"x":2,"y":-8},{"x":3.5,"y":-8},{"x":7.5,"y":-8},{"x":9,"y":-8},{"x":5.5,"y":-7},{"x":2,"y":-6.5},{"x":4.5,"y":-6.5},{"x":6.5,"y":-6.5},{"x":9,"y":-6.5},{"x":3.5,"y":-6},{"x":5.5,"y":-6},{"x":7.5,"y":-6},{"x":1,"y":-5},{"x":2.5,"y":-5},{"x":3.5,"y":-5},{"x":4.5,"y":-5},{"x":6.5,"y":-5},{"x":7.5,"y":-5},{"x":8.5,"y":-5},{"x":10,"y":-5},{"x":3.5,"y":-4},{"x":5.5,"y":-4},{"x":7.5,"y":-4},{"x":2,"y":-3.5},{"x":4.5,"y":-3.5},{"x":6.5,"y":-3.5},{"x":9,"y":-3.5},{"x":5.5,"y":-3},{"x":2,"y":-2},{"x":3.5,"y":-2},{"x":7.5,"y":-2},{"x":9,"y":-2},{"x":4.5,"y":-1.5},{"x":6.5,"y":-1.5},{"x":5.5,"y":-1}]},{"index":2,"tiles":[{"x":5.5,"y":-9.5},{"x":1.5,"y":-8.5},{"x":4.5,"y":-8.5},{"x":5.5,"y":-8.5},{"x":6.5,"y":-8.5},{"x":9.5,"y":-8.5},{"x":3.5,"y":-8},{"x":7.5,"y":-8},{"x":2.5,"y":-7.5},{"x":5.5,"y":-7.5},{"x":8.5,"y":-7.5},{"x":2,"y":-6.5},{"x":4.5,"y":-6.5},{"x":5.5,"y":-6.5},{"x":6.5,"y":-6.5},{"x":9,"y":-6.5},{"x":3.5,"y":-6},{"x":7.5,"y":-6},{"x":1.5,"y":-5.5},{"x":5.5,"y":-5.5},{"x":9.5,"y":-5.5},{"x":0.5,"y":-5},{"x":2.5,"y":-5},{"x":3.5,"y":-5},{"x":4.5,"y":-5},{"x":6.5,"y":-5},{"x":7.5,"y":-5},{"x":8.5,"y":-5},{"x":10.5,"y":-5},{"x":1.5,"y":-4.5},{"x":5.5,"y":-4.5},{"x":9.5,"y":-4.5},{"x":3.5,"y":-4},{"x":7.5,"y":-4},{"x":2,"y":-3.5},{"x":4.5,"y":-3.5},{"x":5.5,"y":-3.5},{"x":6.5,"y":-3.5},{"x":9,"y":-3.5},{"x":2.5,"y":-2.5},{"x":5.5,"y":-2.5},{"x":8.5,"y":-2.5},{"x":3.5,"y":-2},{"x":7.5,"y":-2},{"x":1.5,"y":-1.5},{"x":4.5,"y":-1.5},{"x":5.5,"y":-1.5},{"x":6.5,"y":-1.5},{"x":9.5,"y":-1.5},{"x":5.5,"y":-0.5}]}],"seeds":["adGZYaiIyhEuYLSA0zMNldqdnfZ4H5QQV4GAQ+eEorNQUQB9AyIsCkeBHGdYQ4OKnYeB4WQRnShW3zAwXvYdYhZoE9J4HaEgFEdIFIlxClVw4BWCCoYNARh0W0EJm8CMAwaCWCkJRgIA"]},{"layers":[{"index":0,"tiles":[{"x":3,"y":-9},{"x":7.5,"y":-9},{"x":9.5,"y":-9},{"x":6.5,"y":-8.5},{"x":8.5,"y":-8.5},{"x":10.5,"y":-8.5},{"x":1,"y":-8},{"x":3,"y":-8},{"x":5,"y":-8},{"x":6.5,"y":-7.5},{"x":10.5,"y":-7.5},{"x":1,"y":-7},{"x":3,"y":-7},{"x":5,"y":-7},{"x":6.5,"y":-6.5},{"x":8.5,"y":-6.5},{"x":10.5,"y":-6.5},{"x":1.5,"y":-6},{"x":3,"y":-6},{"x":4.5,"y":-6},{"x":7.5,"y":-6},{"x":9.5,"y":-6},{"x":2.5,"y":-5},{"x":3.5,"y":-5},{"x":1.5,"y":-4},{"x":3,"y":-4},{"x":4.5,"y":-4},{"x":7.5,"y":-4},{"x":9.5,"y":-4},{"x":6.5,"y":-3.5},{"x":8.5,"y":-3.5},{"x":10.5,"y":-3.5},{"x":1,"y":-3},{"x":3,"y":-3},{"x":5,"y":-3},{"x":6.5,"y":-2.5},{"x":10.5,"y":-2.5},{"x":1,"y":-2},{"x":3,"y":-2},{"x":5,"y":-2},{"x":6.5,"y":-1.5},{"x":8.5,"y":-1.5},{"x":10.5,"y":-1.5},{"x":3,"y":-1},{"x":7.5,"y":-1},{"x":9.5,"y":-1}]},{"index":1,"tiles":[{"x":3,"y":-9},{"x":7.5,"y":-9},{"x":9.5,"y":-9},{"x":6.5,"y":-8.5},{"x":8.5,"y":-8.5},{"x":10.5,"y":-8.5},{"x":1,"y":-8},{"x":3,"y":-8},{"x":5,"y":-8},{"x":6.5,"y":-7.5},{"x":10.5,"y":-7.5},{"x":1,"y":-7},{"x":3,"y":-7},{"x":5,"y":-7},{"x":6.5,"y":-6.5},{"x":8.5,"y":-6.5},{"x":10.5,"y":-6.5},{"x":1.5,"y":-6},{"x":3,"y":-6},{"x":4.5,"y":-6},{"x":7.5,"y":-6},{"x":9.5,"y":-6},{"x":2.5,"y":-5},{"x":3.5,"y":-5},{"x":1.5,"y":-4},{"x":3,"y":-4},{"x":4.5,"y":-4},{"x":7.5,"y":-4},{"x":9.5,"y":-4},{"x":6.5,"y":-3.5},{"x":8.5,"y":-3.5},{"x":10.5,"y":-3.5},{"x":1,"y":-3},{"x":3,"y":-3},{"x":5,"y":-3},{"x":6.5,"y":-2.5},{"x":10.5,"y":-2.5},{"x":1,"y":-2},{"x":3,"y":-2},{"x":5,"y":-2},{"x":6.5,"y":-1.5},{"x":8.5,"y":-1.5},{"x":10.5,"y":-1.5},{"x":3,"y":-1},{"x":7.5,"y":-1},{"x":9.5,"y":-1}]}],"seeds":["4AFSVvmBjUMg2gMFoGdxSAZ2IahgjRguJ9IJ6XepxTckFUdyR8hNUER4phGOzoN2QSKGEyZSlycgXiYyoVF0jDJUi/ZF"]},{"layers":[{"index":0,"tiles":[{"x":3.5,"y":-9.5},{"x":8,"y":-9.5},{"x":2.5,"y":-9},{"x":7,"y":-9},{"x":4,"y":-8.5},{"x":6,"y":-8.5},{"x":8.5,"y":-8.5},{"x":3,"y":-8},{"x":5,"y":-8},{"x":4,"y":-7.5},{"x":9,"y":-7.5},{"x":10,"y":-7.5},{"x":3,"y":-7},{"x":5,"y":-7},{"x":2,"y":-6.5},{"x":8.5,"y":-6.5},{"x":9.5,"y":-6.5},{"x":1,"y":-6},{"x":5.5,"y":-6},{"x":7.5,"y":-6},{"x":6.5,"y":-5.5},{"x":10,"y":-5.5},{"x":1.5,"y":-5},{"x":5,"y":-5},{"x":4,"y":-4.5},{"x":6,"y":-4.5},{"x":10.5,"y":-4.5},{"x":2,"y":-4},{"x":3,"y":-4},{"x":9.5,"y":-4},{"x":6.5,"y":-3.5},{"x":8.5,"y":-3.5},{"x":1.5,"y":-3},{"x":2.5,"y":-3},{"x":7.5,"y":-3},{"x":6.5,"y":-2.5},{"x":8.5,"y":-2.5},{"x":3,"y":-2},{"x":5.5,"y":-2},{"x":7.5,"y":-2},{"x":4.5,"y":-1.5},{"x":9,"y":-1.5},{"x":3.5,"y":-1},{"x":8,"y":-1}]},{"index":1,"tiles":[{"x":3.5,"y":-9.5},{"x":2.5,"y":-9},{"x":8,"y":-9},{"x":7,"y":-8.5},{"x":3,"y":-8},{"x":4,"y":-8},{"x":6,"y":-8},{"x":8.5,"y":-8},{"x":5,"y":-7.5},{"x":9.5,"y":-7.5},{"x":3.5,"y":-7},{"x":2.5,"y":-6.5},{"x":9,"y":-6.5},{"x":1.5,"y":-6},{"x":5.5,"y":-6},{"x":6.5,"y":-5.5},{"x":9.5,"y":-5.5},{"x":2,"y":-5},{"x":5,"y":-5},{"x":6,"y":-4.5},{"x":10,"y":-4.5},{"x":2.5,"y":-4},{"x":9,"y":-4},{"x":8,"y":-3.5},{"x":2,"y":-3},{"x":6.5,"y":-3},{"x":3,"y":-2.5},{"x":5.5,"y":-2.5},{"x":7.5,"y":-2.5},{"x":8.5,"y":-2.5},{"x":4.5,"y":-2},{"x":3.5,"y":-1.5},{"x":9,"y":-1.5},{"x":8,"y":-1}]},{"index":2,"tiles":[{"x":3.5,"y":-9.5},{"x":8,"y":-9.5},{"x":2.5,"y":-9},{"x":7,"y":-9},{"x":4,"y":-8.5},{"x":6,"y":-8.5},{"x":8.5,"y":-8.5},{"x":3,"y":-8},{"x":5,"y":-8},{"x":4,"y":-7.5},{"x":9,"y":-7.5},{"x":3,"y":-7},{"x":2,"y":-6.5},{"x":9.5,"y":-6.5},{"x":1,"y":-6},{"x":5.5,"y":-6},{"x":6.5,"y":-5.5},{"x":10,"y":-5.5},{"x":1.5,"y":-5},{"x":5,"y":-5},{"x":6,"y":-4.5},{"x":10.5,"y":-4.5},{"x":2,"y":-4},{"x":9.5,"y":-4},{"x":8.5,"y":-3.5},{"x":2.5,"y":-3},{"x":7.5,"y":-3},{"x":6.5,"y":-2.5},{"x":8.5,"y":-2.5},{"x":3,"y":-2},{"x":5.5,"y":-2},{"x":7.5,"y":-2},{"x":4.5,"y":-1.5},{"x":9,"y":-1.5},{"x":3.5,"y":-1},{"x":8,"y":-1}]}],"seeds":["VrhMCQZWEyduQRYKx6dwlyBOzSc9n8FEVWhB4hF0CEkwIFgKGKEVKmdOBWSAT7d5AXKC2gI2IjeGoQgqwzdsnXd5VIRuCpVKSdc5HJcFYOd0Qqd4oQgA"]},{"layers":[{"index":0,"tiles":[{"x":1.5,"y":-9},{"x":2.5,"y":-9},{"x":4,"y":-9},{"x":5,"y":-9},{"x":6.5,"y":-9},{"x":7.5,"y":-9},{"x":9,"y":-9},{"x":10,"y":-9},{"x":2,"y":-8},{"x":4.5,"y":-8},{"x":7,"y":-8},{"x":9.5,"y":-8},{"x":2,"y":-7},{"x":3,"y":-7},{"x":4.5,"y":-7},{"x":7,"y":-7},{"x":8.5,"y":-7},{"x":9.5,"y":-7},{"x":2,"y":-6},{"x":4.5,"y":-6},{"x":7,"y":-6},{"x":9.5,"y":-6},{"x":2,"y":-5},{"x":3,"y":-5},{"x":4.5,"y":-5},{"x":7,"y":-5},{"x":8.5,"y":-5},{"x":9.5,"y":-5},{"x":2,"y":-4},{"x":4.5,"y":-4},{"x":7,"y":-4},{"x":9.5,"y":-4},{"x":2,"y":-3},{"x":3,"y":-3},{"x":4.5,"y":-3},{"x":7,"y":-3},{"x":8.5,"y":-3},{"x":9.5,"y":-3},{"x":2,"y":-2},{"x":4.5,"y":-2},{"x":7,"y":-2},{"x":9.5,"y":-2},{"x":1.5,"y":-1},{"x":2.5,"y":-1},{"x":4,"y":-1},{"x":5,"y":-1},{"x":6.5,"y":-1},{"x":7.5,"y":-1},{"x":9,"y":-1},{"x":10,"y":-1}]},{"index":1,"tiles":[{"x":1.5,"y":-9},{"x":2.5,"y":-9},{"x":4,"y":-9},{"x":5,"y":-9},{"x":6.5,"y":-9},{"x":7.5,"y":-9},{"x":9,"y":-9},{"x":10,"y":-9},{"x":3,"y":-7},{"x":4,"y":-7},{"x":5,"y":-7},{"x":6.5,"y":-7},{"x":7.5,"y":-7},{"x":8.5,"y":-7},{"x":3,"y":-5},{"x":4,"y":-5},{"x":5,"y":-5},{"x":6.5,"y":-5},{"x":7.5,"y":-5},{"x":8.5,"y":-5},{"x":3,"y":-3},{"x":4,"y":-3},{"x":5,"y":-3},{"x":6.5,"y":-3},{"x":7.5,"y":-3},{"x":8.5,"y":-3},{"x":1.5,"y":-1},{"x":2.5,"y":-1},{"x":4,"y":-1},{"x":5,"y":-1},{"x":6.5,"y":-1},{"x":7.5,"y":-1},{"x":9,"y":-1},{"x":10,"y":-1}]},{"index":2,"tiles":[{"x":4,"y":-7},{"x":5,"y":-7},{"x":6.5,"y":-7},{"x":7.5,"y":-7},{"x":4,"y":-5},{"x":5,"y":-5},{"x":6.5,"y":-5},{"x":7.5,"y":-5},{"x":4,"y":-3},{"x":5,"y":-3},{"x":6.5,"y":-3},{"x":7.5,"y":-3}]},{"index":3,"tiles":[{"x":5,"y":-7},{"x":6.5,"y":-7},{"x":5,"y":-5},{"x":6.5,"y":-5},{"x":5,"y":-3},{"x":6.5,"y":-3}]}],"seeds":["XSI9RzFpXFQsgeid3KIgVTWpg8iBIHk4X7SBWUdxoiVdzydCYVNSJocaYpg6oBV4DBIGXhZ4WBNeySAaAhd+jKIQ4dYJIDh2n4ZBhAIA"]},{"layers":[{"index":0,"tiles":[{"x":1.5,"y":-9},{"x":2.5,"y":-9},{"x":5,"y":-9},{"x":6,"y":-9},{"x":8.5,"y":-9},{"x":9.5,"y":-9},{"x":1.5,"y":-8},{"x":5,"y":-8},{"x":6,"y":-8},{"x":9.5,"y":-8},{"x":2.5,"y":-7.5},{"x":8.5,"y":-7.5},{"x":3.5,"y":-7},{"x":5.5,"y":-7},{"x":7.5,"y":-7},{"x":4.5,"y":-6.5},{"x":6.5,"y":-6.5},{"x":2.5,"y":-5.5},{"x":4.5,"y":-5.5},{"x":6.5,"y":-5.5},{"x":8.5,"y":-5.5},{"x":1.5,"y":-5},{"x":3.5,"y":-5},{"x":7.5,"y":-5},{"x":9.5,"y":-5},{"x":2.5,"y":-4.5},{"x":4.5,"y":-4.5},{"x":6.5,"y":-4.5},{"x":8.5,"y":-4.5},{"x":1.5,"y":-4},{"x":3.5,"y":-4},{"x":7.5,"y":-4},{"x":9.5,"y":-4},{"x":2.5,"y":-3.5},{"x":4.5,"y":-3.5},{"x":6.5,"y":-3.5},{"x":8.5,"y":-3.5},{"x":5.5,"y":-3},{"x":4.5,"y":-2.5},{"x":6.5,"y":-2.5},{"x":3.5,"y":-2},{"x":7.5,"y":-2},{"x":1.5,"y":-1.5},{"x":2.5,"y":-1.5},{"x":5,"y":-1.5},{"x":6,"y":-1.5},{"x":8.5,"y":-1.5},{"x":9.5,"y":-1.5},{"x":1.5,"y":-0.5},{"x":2.5,"y":-0.5},{"x":5,"y":-0.5},{"x":6,"y":-0.5},{"x":8.5,"y":-0.5},{"x":9.5,"y":-0.5}]},{"index":1,"tiles":[{"x":1.5,"y":-9},{"x":2.5,"y":-9},{"x":5,"y":-9},{"x":6,"y":-9},{"x":8.5,"y":-9},{"x":9.5,"y":-9},{"x":1.5,"y":-8},{"x":2.5,"y":-8},{"x":5,"y":-8},{"x":6,"y":-8},{"x":8.5,"y":-8},{"x":9.5,"y":-8},{"x":3.5,"y":-7},{"x":5.5,"y":-7},{"x":7.5,"y":-7},{"x":4.5,"y":-6.5},{"x":6.5,"y":-6.5},{"x":2.5,"y":-5.5},{"x":4.5,"y":-5.5},{"x":6.5,"y":-5.5},{"x":8.5,"y":-5.5},{"x":1.5,"y":-5},{"x":3.5,"y":-5},{"x":7.5,"y":-5},{"x":9.5,"y":-5},{"x":4.5,"y":-4.5},{"x":6.5,"y":-4.5},{"x":1.5,"y":-4},{"x":3.5,"y":-4},{"x":7.5,"y":-4},{"x":9.5,"y":-4},{"x":2.5,"y":-3.5},{"x":4.5,"y":-3.5},{"x":6.5,"y":-3.5},{"x":8.5,"y":-3.5},{"x":5.5,"y":-3},{"x":4,"y":-2},{"x":7,"y":-2},{"x":1.5,"y":-1.5},{"x":2.5,"y":-1.5},{"x":5,"y":-1.5},{"x":6,"y":-1.5},{"x":8.5,"y":-1.5},{"x":9.5,"y":-1.5},{"x":1.5,"y":-0.5},{"x":2.5,"y":-0.5},{"x":5,"y":-0.5},{"x":6,"y":-0.5},{"x":8.5,"y":-0.5},{"x":9.5,"y":-0.5}]},{"index":2,"tiles":[{"x":2,"y":-8.5},{"x":5.5,"y":-8.5},{"x":9,"y":-8.5},{"x":5.5,"y":-7},{"x":4.5,"y":-6.5},{"x":6.5,"y":-6.5},{"x":4.5,"y":-5.5},{"x":6.5,"y":-5.5},{"x":2,"y":-5},{"x":3,"y":-5},{"x":8,"y":-5},{"x":9,"y":-5},{"x":4.5,"y":-4.5},{"x":6.5,"y":-4.5},{"x":2,"y":-4},{"x":3,"y":-4},{"x":8,"y":-4},{"x":9,"y":-4},{"x":4.5,"y":-3.5},{"x":6.5,"y":-3.5},{"x":5.5,"y":-3},{"x":4.5,"y":-2.5},{"x":6.5,"y":-2.5},{"x":3.5,"y":-2},{"x":7.5,"y":-2},{"x":2,"y":-1},{"x":5.5,"y":-1},{"x":9,"y":-1}]},{"index":3,"tiles":[{"x":2.5,"y":-4.5},{"x":8.5,"y":-4.5}]}],"seeds":["Fch44RQ0yhB0JQVODmMSUVSE2Cd93tdwkDB0DNJ4TTcQIPGgHWdU4dIUArd5gYpVoBJ2yTF8iiBeoZdlGrSk0wSKoShy4CiCpMJpYSWe1AF+xtJ4FBc+giUiYmAlzPVt3SIRlAMA"]},{"layers":[{"index":0,"tiles":[{"x":3.5,"y":-8},{"x":4.5,"y":-8},{"x":6.5,"y":-8},{"x":7.5,"y":-8},{"x":2.5,"y":-7},{"x":5.5,"y":-7},{"x":8.5,"y":-7},{"x":1.5,"y":-6},{"x":4.5,"y":-6},{"x":6.5,"y":-6},{"x":9.5,"y":-6},{"x":1.5,"y":-5},{"x":3.5,"y":-5},{"x":7.5,"y":-5},{"x":9.5,"y":-5},{"x":1.5,"y":-4},{"x":4.5,"y":-4},{"x":6.5,"y":-4},{"x":9.5,"y":-4},{"x":2.5,"y":-3},{"x":5.5,"y":-3},{"x":8.5,"y":-3},{"x":3.5,"y":-2},{"x":4.5,"y":-2},{"x":6.5,"y":-2},{"x":7.5,"y":-2}]},{"index":1,"tiles":[{"x":4,"y":-8},{"x":7,"y":-8},{"x":3,"y":-7.5},{"x":5.5,"y":-7.5},{"x":8,"y":-7.5},{"x":2,"y":-6.5},{"x":5,"y":-6.5},{"x":6,"y":-6.5},{"x":9,"y":-6.5},{"x":1.5,"y":-5.5},{"x":4,"y":-5.5},{"x":7,"y":-5.5},{"x":9.5,"y":-5.5},{"x":1.5,"y":-4.5},{"x":4,"y":-4.5},{"x":7,"y":-4.5},{"x":9.5,"y":-4.5},{"x":2,"y":-3.5},{"x":5,"y":-3.5},{"x":6,"y":-3.5},{"x":9,"y":-3.5},{"x":3,"y":-2.5},{"x":5,"y":-2.5},{"x":6,"y":-2.5},{"x":8,"y":-2.5},{"x":4,"y":-2},{"x":7,"y":-2}]},{"index":2,"tiles":[{"x":3.5,"y":-8},{"x":4.5,"y":-8},{"x":6.5,"y":-8},{"x":7.5,"y":-8},{"x":2.5,"y":-7},{"x":5.5,"y":-7},{"x":8.5,"y":-7},{"x":1.5,"y":-6},{"x":4.5,"y":-6},{"x":6.5,"y":-6},{"x":9.5,"y":-6},{"x":1.5,"y":-5},{"x":4,"y":-5},{"x":7,"y":-5},{"x":9.5,"y":-5},{"x":1.5,"y":-4},{"x":4.5,"y":-4},{"x":6.5,"y":-4},{"x":9.5,"y":-4},{"x":2.5,"y":-3},{"x":5.5,"y":-3},{"x":8.5,"y":-3},{"x":3.5,"y":-2},{"x":4.5,"y":-2},{"x":6.5,"y":-2},{"x":7.5,"y":-2}]},{"index":3,"tiles":[{"x":4,"y":-8},{"x":7,"y":-8},{"x":3,"y":-7.5},{"x":5.5,"y":-7.5},{"x":8,"y":-7.5},{"x":2,"y":-6.5},{"x":5,"y":-6.5},{"x":6,"y":-6.5},{"x":9,"y":-6.5},{"x":1.5,"y":-5.5},{"x":4,"y":-5.5},{"x":7,"y":-5.5},{"x":9.5,"y":-5.5},{"x":1.5,"y":-4.5},{"x":4,"y":-4.5},{"x":7,"y":-4.5},{"x":9.5,"y":-4.5},{"x":2,"y":-3.5},{"x":5,"y":-3.5},{"x":6,"y":-3.5},{"x":9,"y":-3.5},{"x":3,"y":-2.5},{"x":8,"y":-2.5},{"x":4,"y":-2},{"x":7,"y":-2}]},{"index":4,"tiles":[{"x":3.5,"y":-8},{"x":4.5,"y":-8},{"x":6.5,"y":-8},{"x":7.5,"y":-8},{"x":2.5,"y":-7},{"x":5.5,"y":-7},{"x":8.5,"y":-7},{"x":1.5,"y":-6},{"x":4.5,"y":-6},{"x":6.5,"y":-6},{"x":9.5,"y":-6},{"x":1.5,"y":-5},{"x":4,"y":-5},{"x":7,"y":-5},{"x":9.5,"y":-5},{"x":1.5,"y":-4},{"x":4.5,"y":-4},{"x":6.5,"y":-4},{"x":9.5,"y":-4},{"x":2.5,"y":-3},{"x":5.5,"y":-3},{"x":8.5,"y":-3},{"x":3.5,"y":-2},{"x":4.5,"y":-2},{"x":6.5,"y":-2},{"x":7.5,"y":-2}]}],"seeds":["YlhQFhgEYjJAwiJCiVeO3bMN4eIJp8R8X5FxnaJUXfZMmid2ILWJyyGChsh4oVOJJjkQ3GWF4nFNHkcQHTNxQ8igisKFDWVwIKZ6YuQQYQiCgreAXRAgEUYh6SSAn/Y1kgcA"]},{"layers":[{"index":0,"tiles":[{"x":1,"y":-9.5},{"x":3.5,"y":-9.5},{"x":4.5,"y":-9.5},{"x":5.5,"y":-9.5},{"x":6.5,"y":-9.5},{"x":9,"y":-9.5},{"x":2.5,"y":-9},{"x":7.5,"y":-9},{"x":1.5,"y":-8.5},{"x":4,"y":-8.5},{"x":8.5,"y":-8.5},{"x":5,"y":-8},{"x":6,"y":-7.5},{"x":9.5,"y":-7.5},{"x":3,"y":-7},{"x":7,"y":-7},{"x":4,"y":-6.5},{"x":8,"y":-6.5},{"x":10,"y":-6.5},{"x":5,"y":-6},{"x":9,"y":-6},{"x":2,"y":-5.5},{"x":6,"y":-5.5},{"x":10,"y":-5.5},{"x":3,"y":-5},{"x":7,"y":-5},{"x":4,"y":-4.5},{"x":8,"y":-4.5},{"x":10,"y":-4.5},{"x":5,"y":-4},{"x":6,"y":-3.5},{"x":9.5,"y":-3.5},{"x":3,"y":-3},{"x":7,"y":-3},{"x":4,"y":-2.5},{"x":8,"y":-2.5},{"x":9,"y":-2.5},{"x":5,"y":-2},{"x":2,"y":-1.5},{"x":6,"y":-1.5},{"x":8,"y":-1.5},{"x":3,"y":-1},{"x":7,"y":-1},{"x":4,"y":-0.5},{"x":5,"y":-0.5},{"x":6,"y":-0.5}]},{"index":1,"tiles":[{"x":1,"y":-9.5},{"x":3.5,"y":-9.5},{"x":4.5,"y":-9.5},{"x":5.5,"y":-9.5},{"x":6.5,"y":-9.5},{"x":9,"y":-9.5},{"x":2.5,"y":-9},{"x":7.5,"y":-9},{"x":1.5,"y":-8.5},{"x":4,"y":-8.5},{"x":8.5,"y":-8.5},{"x":5,"y":-8},{"x":6,"y":-7.5},{"x":9.5,"y":-7.5},{"x":3,"y":-7},{"x":7,"y":-7},{"x":4,"y":-6.5},{"x":8,"y":-6.5},{"x":10,"y":-6.5},{"x":5,"y":-6},{"x":9,"y":-6},{"x":2,"y":-5.5},{"x":6,"y":-5.5},{"x":10,"y":-5.5},{"x":3,"y":-5},{"x":7,"y":-5},{"x":4,"y":-4.5},{"x":8,"y":-4.5},{"x":10,"y":-4.5},{"x":5,"y":-4},{"x":9,"y":-4},{"x":6,"y":-3.5},{"x":3,"y":-3},{"x":7,"y":-3},{"x":4,"y":-2.5},{"x":8,"y":-2.5},{"x":9,"y":-2.5},{"x":5,"y":-2},{"x":2,"y":-1.5},{"x":6,"y":-1.5},{"x":8,"y":-1.5},{"x":3,"y":-1},{"x":7,"y":-1},{"x":4,"y":-0.5},{"x":5,"y":-0.5},{"x":6,"y":-0.5}]},{"index":2,"tiles":[{"x":1,"y":-9.5},{"x":3.5,"y":-9.5},{"x":4.5,"y":-9.5},{"x":5.5,"y":-9.5},{"x":6.5,"y":-9.5},{"x":9,"y":-9.5},{"x":2.5,"y":-9},{"x":7.5,"y":-9},{"x":1.5,"y":-8.5},{"x":4,"y":-8.5},{"x":8.5,"y":-8.5},{"x":5,"y":-8},{"x":6,"y":-7.5},{"x":9.5,"y":-7.5},{"x":3,"y":-7},{"x":7,"y":-7},{"x":4,"y":-6.5},{"x":8,"y":-6.5},{"x":10,"y":-6.5},{"x":5,"y":-6},{"x":9,"y":-6},{"x":2,"y":-5.5},{"x":6,"y":-5.5},{"x":10,"y":-5.5},{"x":3,"y":-5},{"x":7,"y":-5},{"x":4,"y":-4.5},{"x":8,"y":-4.5},{"x":10,"y":-4.5},{"x":5,"y":-4},{"x":6,"y":-3.5},{"x":9.5,"y":-3.5},{"x":3,"y":-3},{"x":7,"y":-3},{"x":4,"y":-2.5},{"x":8,"y":-2.5},{"x":9,"y":-2.5},{"x":5,"y":-2},{"x":2,"y":-1.5},{"x":6,"y":-1.5},{"x":8,"y":-1.5},{"x":3,"y":-1},{"x":7,"y":-1},{"x":4,"y":-0.5},{"x":5,"y":-0.5},{"x":6,"y":-0.5}]}],"seeds":["S6B0EZFlnHh9TlN5Y0Cg4FF5XtQ1E/SFJ0hBm1ck4nAdVfBYnEVVn+CVIiJ2gvQ5i/aBIAkGw8aE4gA+ysdo3pcqYGIsHSFKxlAQU8h108dNIcYlTGgKKhYuIsVwUzh1icIgIEOJQggA"]},{"layers":[{"index":0,"tiles":[{"x":1.5,"y":-9},{"x":3.5,"y":-9},{"x":4.5,"y":-9},{"x":5.5,"y":-9},{"x":6.5,"y":-9},{"x":7.5,"y":-9},{"x":8.5,"y":-9},{"x":9.5,"y":-9},{"x":4,"y":-8},{"x":6,"y":-8},{"x":8,"y":-8},{"x":9.5,"y":-8},{"x":1.5,"y":-7.5},{"x":4.5,"y":-7},{"x":5.5,"y":-7},{"x":6.5,"y":-7},{"x":9,"y":-7},{"x":2,"y":-6.5},{"x":8,"y":-6.5},{"x":3,"y":-6},{"x":5,"y":-6},{"x":7,"y":-6},{"x":4,"y":-5.5},{"x":6,"y":-5.5},{"x":5,"y":-5},{"x":4,"y":-4.5},{"x":6,"y":-4.5},{"x":3,"y":-4},{"x":5,"y":-4},{"x":7,"y":-4},{"x":2,"y":-3.5},{"x":8,"y":-3.5},{"x":4.5,"y":-3},{"x":5.5,"y":-3},{"x":6.5,"y":-3},{"x":9,"y":-3},{"x":1.5,"y":-2.5},{"x":4,"y":-2},{"x":6,"y":-2},{"x":8,"y":-2},{"x":9.5,"y":-2},{"x":1.5,"y":-1},{"x":3.5,"y":-1},{"x":4.5,"y":-1},{"x":5.5,"y":-1},{"x":6.5,"y":-1},{"x":7.5,"y":-1},{"x":8.5,"y":-1},{"x":9.5,"y":-1}]},{"index":1,"tiles":[{"x":1.5,"y":-9},{"x":3.5,"y":-9},{"x":4.5,"y":-9},{"x":5.5,"y":-9},{"x":6.5,"y":-9},{"x":7.5,"y":-9},{"x":9.5,"y":-9},{"x":1.5,"y":-8},{"x":9.5,"y":-8},{"x":2,"y":-7},{"x":9,"y":-7},{"x":8,"y":-6.5},{"x":3,"y":-6},{"x":5,"y":-6},{"x":7,"y":-6},{"x":4,"y":-5.5},{"x":6,"y":-5.5},{"x":5,"y":-5},{"x":4,"y":-4.5},{"x":6,"y":-4.5},{"x":3,"y":-4},{"x":5,"y":-4},{"x":7,"y":-4},{"x":8,"y":-3.5},{"x":2,"y":-3},{"x":9,"y":-3},{"x":1.5,"y":-2},{"x":9.5,"y":-2},{"x":1.5,"y":-1},{"x":3.5,"y":-1},{"x":4.5,"y":-1},{"x":5.5,"y":-1},{"x":6.5,"y":-1},{"x":7.5,"y":-1},{"x":9.5,"y":-1}]},{"index":2,"tiles":[{"x":3.5,"y":-9},{"x":4.5,"y":-9},{"x":6.5,"y":-9},{"x":7.5,"y":-9},{"x":5,"y":-6},{"x":4,"y":-5.5},{"x":6,"y":-5.5},{"x":4,"y":-4.5},{"x":6,"y":-4.5},{"x":5,"y":-4},{"x":3.5,"y":-1},{"x":4.5,"y":-1},{"x":6.5,"y":-1},{"x":7.5,"y":-1}]},{"index":3,"tiles":[{"x":3.5,"y":-9},{"x":7.5,"y":-9},{"x":3.5,"y":-1},{"x":7.5,"y":-1}]}],"seeds":["iodiSwdOmEg2IfKEBkQdFfc5AlgoDKdt6YUl1yQ+3MV8Q6WFYRZ+3qCKhBN152VGoWdYFFQECGgQ0gYF3AGBFtgsYpJ9HWaU3ggKUgcA"]},{"layers":[{"index":0,"tiles":[{"x":1.5,"y":-9},{"x":2.5,"y":-9},{"x":3.5,"y":-9},{"x":4.5,"y":-8.5},{"x":2,"y":-8},{"x":3.5,"y":-8},{"x":5.5,"y":-8},{"x":6.5,"y":-7.5},{"x":2.5,"y":-7},{"x":4,"y":-7},{"x":5.5,"y":-7},{"x":7.5,"y":-7},{"x":8.5,"y":-6.5},{"x":3,"y":-6},{"x":4.5,"y":-6},{"x":6,"y":-6},{"x":7.5,"y":-6},{"x":9,"y":-5.5},{"x":3.5,"y":-5},{"x":5,"y":-5},{"x":6.5,"y":-5},{"x":8,"y":-5},{"x":9,"y":-4.5},{"x":3,"y":-4},{"x":4.5,"y":-4},{"x":6,"y":-4},{"x":7.5,"y":-4},{"x":8.5,"y":-3.5},{"x":2.5,"y":-3},{"x":4,"y":-3},{"x":5.5,"y":-3},{"x":7.5,"y":-3},{"x":6.5,"y":-2.5},{"x":2,"y":-2},{"x":3.5,"y":-2},{"x":5.5,"y":-2},{"x":4.5,"y":-1.5},{"x":1.5,"y":-1},{"x":2.5,"y":-1},{"x":3.5,"y":-1}]},{"index":1,"tiles":[{"x":2,"y":-9},{"x":3.5,"y":-9},{"x":2.5,"y":-8},{"x":4,"y":-8},{"x":5.5,"y":-8},{"x":3,"y":-7},{"x":4.5,"y":-7},{"x":6,"y":-7},{"x":7.5,"y":-7},{"x":3.5,"y":-6},{"x":5,"y":-6},{"x":6.5,"y":-6},{"x":8,"y":-6},{"x":4,"y":-5},{"x":5.5,"y":-5},{"x":7,"y":-5},{"x":8.5,"y":-5},{"x":3.5,"y":-4},{"x":5,"y":-4},{"x":6.5,"y":-4},{"x":8,"y":-4},{"x":3,"y":-3},{"x":4.5,"y":-3},{"x":6,"y":-3},{"x":7.5,"y":-3},{"x":2.5,"y":-2},{"x":4,"y":-2},{"x":5.5,"y":-2},{"x":2,"y":-1},{"x":3.5,"y":-1}]},{"index":2,"tiles":[{"x":2.5,"y":-9},{"x":3,"y":-8},{"x":4.5,"y":-8},{"x":3.5,"y":-7},{"x":5,"y":-7},{"x":6.5,"y":-7},{"x":4,"y":-6},{"x":5.5,"y":-6},{"x":7,"y":-6},{"x":8.5,"y":-6},{"x":4.5,"y":-5},{"x":6,"y":-5},{"x":7.5,"y":-5},{"x":9,"y":-5},{"x":4,"y":-4},{"x":5.5,"y":-4},{"x":7,"y":-4},{"x":8.5,"y":-4},{"x":3.5,"y":-3},{"x":5,"y":-3},{"x":6.5,"y":-3},{"x":3,"y":-2},{"x":4.5,"y":-2},{"x":2.5,"y":-1}]},{"index":3,"tiles":[{"x":3,"y":-9},{"x":3.5,"y":-8},{"x":5,"y":-8},{"x":4,"y":-7},{"x":5.5,"y":-7},{"x":7,"y":-7},{"x":4.5,"y":-6},{"x":6,"y":-6},{"x":7.5,"y":-6},{"x":9,"y":-6},{"x":5,"y":-5},{"x":6.5,"y":-5},{"x":8,"y":-5},{"x":9.5,"y":-5},{"x":4.5,"y":-4},{"x":6,"y":-4},{"x":7.5,"y":-4},{"x":9,"y":-4},{"x":4,"y":-3},{"x":5.5,"y":-3},{"x":7,"y":-3},{"x":3.5,"y":-2},{"x":5,"y":-2},{"x":3,"y":-1}]}],"seeds":["oscQouRNGjcFpgiJ3mJ8ghBy2pWdSEhN1sR4R7eFBRoJoWSQ2RcSIBg8UwNu2LJUX0dxCHgNYCRiniJMyZE6FQiC1tc1T8BxXQGFnEIpHtWNQ6CWSucsiQgA"]},{"layers":[{"index":0,"tiles":[{"x":5.5,"y":-9},{"x":4.5,"y":-8.5},{"x":6.5,"y":-8.5},{"x":3.5,"y":-8},{"x":5.5,"y":-8},{"x":7.5,"y":-8},{"x":2.5,"y":-7.5},{"x":8.5,"y":-7.5},{"x":1.5,"y":-7},{"x":4.5,"y":-7},{"x":5.5,"y":-7},{"x":6.5,"y":-7},{"x":9.5,"y":-7},{"x":3.5,"y":-6.5},{"x":7.5,"y":-6.5},{"x":1.5,"y":-6},{"x":5.5,"y":-6},{"x":9.5,"y":-6},{"x":3,"y":-5.5},{"x":8,"y":-5.5},{"x":1.5,"y":-5},{"x":4.5,"y":-5},{"x":5.5,"y":-5},{"x":6.5,"y":-5},{"x":9.5,"y":-5},{"x":3,"y":-4.5},{"x":8,"y":-4.5},{"x":1.5,"y":-4},{"x":5.5,"y":-4},{"x":9.5,"y":-4},{"x":3.5,"y":-3.5},{"x":7.5,"y":-3.5},{"x":1.5,"y":-3},{"x":4.5,"y":-3},{"x":5.5,"y":-3},{"x":6.5,"y":-3},{"x":9.5,"y":-3},{"x":2.5,"y":-2.5},{"x":8.5,"y":-2.5},{"x":3.5,"y":-2},{"x":5.5,"y":-2},{"x":7.5,"y":-2},{"x":4.5,"y":-1.5},{"x":6.5,"y":-1.5},{"x":5.5,"y":-1}]},{"index":1,"tiles":[{"x":5.5,"y":-9},{"x":4.5,"y":-8.5},{"x":6.5,"y":-8.5},{"x":3.5,"y":-8},{"x":5.5,"y":-8},{"x":7.5,"y":-8},{"x":2.5,"y":-7.5},{"x":8.5,"y":-7.5},{"x":1.5,"y":-7},{"x":4.5,"y":-7},{"x":5.5,"y":-7},{"x":6.5,"y":-7},{"x":9.5,"y":-7},{"x":3.5,"y":-6.5},{"x":7.5,"y":-6.5},{"x":1.5,"y":-6},{"x":5.5,"y":-6},{"x":9.5,"y":-6},{"x":3,"y":-5.5},{"x":8,"y":-5.5},{"x":1.5,"y":-5},{"x":4.5,"y":-5},{"x":5.5,"y":-5},{"x":6.5,"y":-5},{"x":9.5,"y":-5},{"x":3,"y":-4.5},{"x":8,"y":-4.5},{"x":1.5,"y":-4},{"x":5.5,"y":-4},{"x":9.5,"y":-4},{"x":3.5,"y":-3.5},{"x":7.5,"y":-3.5},{"x":1.5,"y":-3},{"x":4.5,"y":-3},{"x":5.5,"y":-3},{"x":6.5,"y":-3},{"x":9.5,"y":-3},{"x":2.5,"y":-2.5},{"x":8.5,"y":-2.5},{"x":3.5,"y":-2},{"x":5.5,"y":-2},{"x":7.5,"y":-2},{"x":4.5,"y":-1.5},{"x":6.5,"y":-1.5},{"x":5.5,"y":-1}]},{"index":2,"tiles":[{"x":5.5,"y":-9},{"x":4.5,"y":-8.5},{"x":6.5,"y":-8.5},{"x":3.5,"y":-8},{"x":5.5,"y":-8},{"x":7.5,"y":-8},{"x":2.5,"y":-7.5},{"x":8.5,"y":-7.5},{"x":1.5,"y":-7},{"x":4.5,"y":-7},{"x":5.5,"y":-7},{"x":6.5,"y":-7},{"x":9.5,"y":-7},{"x":3.5,"y":-6.5},{"x":7.5,"y":-6.5},{"x":1.5,"y":-6},{"x":5.5,"y":-6},{"x":9.5,"y":-6},{"x":3,"y":-5.5},{"x":8,"y":-5.5},{"x":1.5,"y":-5},{"x":4.5,"y":-5},{"x":6.5,"y":-5},{"x":9.5,"y":-5},{"x":3,"y":-4.5},{"x":8,"y":-4.5},{"x":1.5,"y":-4},{"x":5.5,"y":-4},{"x":9.5,"y":-4},{"x":3.5,"y":-3.5},{"x":7.5,"y":-3.5},{"x":1.5,"y":-3},{"x":4.5,"y":-3},{"x":5.5,"y":-3},{"x":6.5,"y":-3},{"x":9.5,"y":-3},{"x":2.5,"y":-2.5},{"x":8.5,"y":-2.5},{"x":3.5,"y":-2},{"x":5.5,"y":-2},{"x":7.5,"y":-2},{"x":4.5,"y":-1.5},{"x":6.5,"y":-1.5},{"x":5.5,"y":-1}]}],"seeds":["3WR1oRhGVDQWkOUVn1iBw/I0ySV8HPiEQrdMROaEnVJQZ5FMBRGgl0SJixAqZLGAXxAioLcY06ZVWSkGnKYMyNeBCsh0osgxTGGIBQdiokdxgdCAXgSC23JIaXRADsVNmKkyEwUA"]},{"layers":[{"index":0,"tiles":[{"x":5,"y":-9.5},{"x":6,"y":-9.5},{"x":4,"y":-9},{"x":7,"y":-9},{"x":3.5,"y":-8},{"x":7.5,"y":-8},{"x":4,"y":-7},{"x":7,"y":-7},{"x":5,"y":-6.5},{"x":6,"y":-6.5},{"x":5.5,"y":-5.5},{"x":5.5,"y":-4.5},{"x":4.5,"y":-4},{"x":6.5,"y":-4},{"x":3.5,"y":-3.5},{"x":7.5,"y":-3.5},{"x":2.5,"y":-3},{"x":8.5,"y":-3},{"x":1.5,"y":-2.5},{"x":9.5,"y":-2.5},{"x":0.5,"y":-2},{"x":5,"y":-2},{"x":6,"y":-2},{"x":10.5,"y":-2},{"x":4,"y":-1.5},{"x":7,"y":-1.5},{"x":3,"y":-1},{"x":8,"y":-1}]},{"index":1,"tiles":[{"x":5,"y":-9.5},{"x":6,"y":-9.5},{"x":4,"y":-9},{"x":7,"y":-9},{"x":3.5,"y":-8},{"x":7.5,"y":-8},{"x":4,"y":-7},{"x":7,"y":-7},{"x":5,"y":-6.5},{"x":6,"y":-6.5},{"x":5.5,"y":-5.5},{"x":5,"y":-4.5},{"x":6,"y":-4.5},{"x":4,"y":-4},{"x":7,"y":-4},{"x":3,"y":-3.5},{"x":8,"y":-3.5},{"x":2,"y":-3},{"x":9,"y":-3},{"x":1,"y":-2.5},{"x":10,"y":-2.5},{"x":5,"y":-2},{"x":6,"y":-2},{"x":4,"y":-1.5},{"x":7,"y":-1.5},{"x":3,"y":-1},{"x":8,"y":-1}]},{"index":2,"tiles":[{"x":5,"y":-9.5},{"x":6,"y":-9.5},{"x":4,"y":-9},{"x":7,"y":-9},{"x":3.5,"y":-8},{"x":7.5,"y":-8},{"x":4,"y":-7},{"x":7,"y":-7},{"x":5,"y":-6.5},{"x":6,"y":-6.5},{"x":5.5,"y":-5},{"x":5,"y":-4},{"x":6,"y":-4},{"x":4,"y":-3.5},{"x":7,"y":-3.5},{"x":3,"y":-3},{"x":8,"y":-3},{"x":2,"y":-2.5},{"x":9,"y":-2.5},{"x":1,"y":-2},{"x":5,"y":-2},{"x":6,"y":-2},{"x":10,"y":-2},{"x":4,"y":-1.5},{"x":7,"y":-1.5},{"x":3,"y":-1},{"x":8,"y":-1}]},{"index":3,"tiles":[{"x":5,"y":-9.5},{"x":6,"y":-9.5},{"x":4,"y":-9},{"x":7,"y":-9},{"x":3.5,"y":-8},{"x":7.5,"y":-8},{"x":4,"y":-7},{"x":7,"y":-7},{"x":5,"y":-6.5},{"x":6,"y":-6.5},{"x":5,"y":-4},{"x":6,"y":-4},{"x":4,"y":-3.5},{"x":7,"y":-3.5},{"x":3,"y":-3},{"x":8,"y":-3},{"x":2,"y":-2.5},{"x":9,"y":-2.5},{"x":1,"y":-2},{"x":10,"y":-2}]}],"seeds":["XuAJT6dg36KMxOJxyvQFZOhMCgJyzckll5qBA9RxXNgYktBdmAiFYoKE5gFqBBOWzBGJlrFRoQhuVuWBGfWBQyAWjsg9wVegnRRpVQoA"]},{"layers":[{"index":0,"tiles":[{"x":4,"y":-8.5},{"x":7,"y":-8.5},{"x":2,"y":-8},{"x":3,"y":-8},{"x":8,"y":-8},{"x":9,"y":-8},{"x":2,"y":-7},{"x":3,"y":-7},{"x":8,"y":-7},{"x":9,"y":-7},{"x":4,"y":-6.5},{"x":5.5,"y":-6.5},{"x":7,"y":-6.5},{"x":1,"y":-6},{"x":2,"y":-6},{"x":9,"y":-6},{"x":10,"y":-6},{"x":5.5,"y":-5.5},{"x":1,"y":-5},{"x":2,"y":-5},{"x":3,"y":-5},{"x":4,"y":-5},{"x":7,"y":-5},{"x":8,"y":-5},{"x":9,"y":-5},{"x":10,"y":-5},{"x":5.5,"y":-4.5},{"x":1,"y":-4},{"x":2,"y":-4},{"x":9,"y":-4},{"x":10,"y":-4},{"x":4,"y":-3.5},{"x":5.5,"y":-3.5},{"x":7,"y":-3.5},{"x":2,"y":-3},{"x":3,"y":-3},{"x":8,"y":-3},{"x":9,"y":-3},{"x":2,"y":-2},{"x":3,"y":-2},{"x":8,"y":-2},{"x":9,"y":-2},{"x":4,"y":-1.5},{"x":7,"y":-1.5}]},{"index":1,"tiles":[{"x":4,"y":-8.5},{"x":7,"y":-8.5},{"x":2,"y":-8},{"x":3,"y":-8},{"x":8,"y":-8},{"x":9,"y":-8},{"x":2,"y":-7},{"x":9,"y":-7},{"x":1,"y":-6},{"x":2,"y":-6},{"x":9,"y":-6},{"x":10,"y":-6},{"x":5.5,"y":-5.5},{"x":1,"y":-5},{"x":2,"y":-5},{"x":3,"y":-5},{"x":4,"y":-5},{"x":7,"y":-5},{"x":8,"y":-5},{"x":9,"y":-5},{"x":10,"y":-5},{"x":5.5,"y":-4.5},{"x":1,"y":-4},{"x":2,"y":-4},{"x":9,"y":-4},{"x":10,"y":-4},{"x":2,"y":-3},{"x":9,"y":-3},{"x":2,"y":-2},{"x":3,"y":-2},{"x":8,"y":-2},{"x":9,"y":-2},{"x":4,"y":-1.5},{"x":7,"y":-1.5}]},{"index":2,"tiles":[{"x":4,"y":-8.5},{"x":7,"y":-8.5},{"x":2,"y":-8},{"x":3,"y":-8},{"x":8,"y":-8},{"x":9,"y":-8},{"x":2,"y":-7},{"x":9,"y":-7},{"x":1,"y":-6},{"x":2,"y":-6},{"x":9,"y":-6},{"x":10,"y":-6},{"x":5.5,"y":-5.5},{"x":1,"y":-5},{"x":2,"y":-5},{"x":3,"y":-5},{"x":4,"y":-5},{"x":7,"y":-5},{"x":8,"y":-5},{"x":9,"y":-5},{"x":10,"y":-5},{"x":5.5,"y":-4.5},{"x":1,"y":-4},{"x":2,"y":-4},{"x":9,"y":-4},{"x":10,"y":-4},{"x":2,"y":-3},{"x":9,"y":-3},{"x":2,"y":-2},{"x":3,"y":-2},{"x":8,"y":-2},{"x":9,"y":-2},{"x":4,"y":-1.5},{"x":7,"y":-1.5}]},{"index":3,"tiles":[{"x":1.5,"y":-5.5},{"x":9.5,"y":-5.5},{"x":1.5,"y":-4.5},{"x":9.5,"y":-4.5}]}],"seeds":["hNopR6EEHjdiYigmBDWASGd9Z+h5VZc5QjiByOVASxJx3icZytaIjxZwUpBpoICJIGh43Hd105aKZQdGzPA9JtUpIHdAYhhW6BIsi+BNXMgU4NRQpEBZ"]},{"layers":[{"index":0,"tiles":[{"x":1.5,"y":-9},{"x":2.5,"y":-9},{"x":3.5,"y":-9},{"x":4.5,"y":-9},{"x":5.5,"y":-9},{"x":6.5,"y":-9},{"x":7.5,"y":-9},{"x":8.5,"y":-9},{"x":9.5,"y":-9},{"x":1.5,"y":-8},{"x":5.5,"y":-8},{"x":9.5,"y":-8},{"x":1.5,"y":-7},{"x":5.5,"y":-7},{"x":9.5,"y":-7},{"x":1.5,"y":-6},{"x":5.5,"y":-6},{"x":9.5,"y":-6},{"x":1.5,"y":-5},{"x":2.5,"y":-5},{"x":3.5,"y":-5},{"x":4.5,"y":-5},{"x":6.5,"y":-5},{"x":7.5,"y":-5},{"x":8.5,"y":-5},{"x":9.5,"y":-5},{"x":1.5,"y":-4},{"x":5.5,"y":-4},{"x":9.5,"y":-4},{"x":1.5,"y":-3},{"x":5.5,"y":-3},{"x":9.5,"y":-3},{"x":1.5,"y":-2},{"x":5.5,"y":-2},{"x":9.5,"y":-2},{"x":1.5,"y":-1},{"x":2.5,"y":-1},{"x":3.5,"y":-1},{"x":4.5,"y":-1},{"x":5.5,"y":-1},{"x":6.5,"y":-1},{"x":7.5,"y":-1},{"x":8.5,"y":-1},{"x":9.5,"y":-1}]},{"index":1,"tiles":[{"x":2.5,"y":-9},{"x":3.5,"y":-9},{"x":4.5,"y":-9},{"x":5.5,"y":-9},{"x":6.5,"y":-9},{"x":7.5,"y":-9},{"x":8.5,"y":-9},{"x":1.5,"y":-8},{"x":5.5,"y":-8},{"x":9.5,"y":-8},{"x":1.5,"y":-7},{"x":5.5,"y":-7},{"x":9.5,"y":-7},{"x":1.5,"y":-6},{"x":5.5,"y":-6},{"x":9.5,"y":-6},{"x":1.5,"y":-5},{"x":2.5,"y":-5},{"x":3.5,"y":-5},{"x":4.5,"y":-5},{"x":6.5,"y":-5},{"x":7.5,"y":-5},{"x":8.5,"y":-5},{"x":9.5,"y":-5},{"x":1.5,"y":-4},{"x":5.5,"y":-4},{"x":9.5,"y":-4},{"x":1.5,"y":-3},{"x":5.5,"y":-3},{"x":9.5,"y":-3},{"x":1.5,"y":-2},{"x":5.5,"y":-2},{"x":9.5,"y":-2},{"x":2.5,"y":-1},{"x":3.5,"y":-1},{"x":4.5,"y":-1},{"x":5.5,"y":-1},{"x":6.5,"y":-1},{"x":7.5,"y":-1},{"x":8.5,"y":-1}]},{"index":2,"tiles":[{"x":3.5,"y":-9},{"x":4.5,"y":-9},{"x":5.5,"y":-9},{"x":6.5,"y":-9},{"x":7.5,"y":-9},{"x":5.5,"y":-8},{"x":1.5,"y":-7},{"x":5.5,"y":-7},{"x":9.5,"y":-7},{"x":1.5,"y":-6},{"x":9.5,"y":-6},{"x":1.5,"y":-5},{"x":2.5,"y":-5},{"x":3.5,"y":-5},{"x":7.5,"y":-5},{"x":8.5,"y":-5},{"x":9.5,"y":-5},{"x":1.5,"y":-4},{"x":9.5,"y":-4},{"x":1.5,"y":-3},{"x":5.5,"y":-3},{"x":9.5,"y":-3},{"x":5.5,"y":-2},{"x":3.5,"y":-1},{"x":4.5,"y":-1},{"x":5.5,"y":-1},{"x":6.5,"y":-1},{"x":7.5,"y":-1}]},{"index":3,"tiles":[{"x":4.5,"y":-9},{"x":5.5,"y":-9},{"x":6.5,"y":-9},{"x":5.5,"y":-8},{"x":1.5,"y":-6},{"x":9.5,"y":-6},{"x":1.5,"y":-5},{"x":2.5,"y":-5},{"x":8.5,"y":-5},{"x":9.5,"y":-5},{"x":1.5,"y":-4},{"x":9.5,"y":-4},{"x":5.5,"y":-2},{"x":4.5,"y":-1},{"x":5.5,"y":-1},{"x":6.5,"y":-1}]},{"index":4,"tiles":[{"x":5.5,"y":-9},{"x":1.5,"y":-5},{"x":9.5,"y":-5},{"x":5.5,"y":-1}]}],"seeds":["YBFtwmUQFEh0hTYNhseAYilxEtI01XV0Bxh+p5p84bN8nmVmFAI5IvVhlOQwSxiEX7cFWjc5QxKFnlV53iSMjJSKigNiXMhRIKcEirgwFBmgXSZ0naiAQvhwIBRyy9dNw+CJ"]},{"layers":[{"index":0,"tiles":[{"x":1.5,"y":-9.5},{"x":2.5,"y":-9.5},{"x":8.5,"y":-9.5},{"x":9.5,"y":-9.5},{"x":2,"y":-8.5},{"x":9,"y":-8.5},{"x":3.5,"y":-7.5},{"x":4.5,"y":-7.5},{"x":6.5,"y":-7.5},{"x":7.5,"y":-7.5},{"x":1.5,"y":-6.5},{"x":2.5,"y":-6.5},{"x":4,"y":-6.5},{"x":7,"y":-6.5},{"x":8.5,"y":-6.5},{"x":9.5,"y":-6.5},{"x":2,"y":-5.5},{"x":5,"y":-5.5},{"x":6,"y":-5.5},{"x":9,"y":-5.5},{"x":3,"y":-4.5},{"x":4,"y":-4.5},{"x":5.5,"y":-4.5},{"x":7,"y":-4.5},{"x":8,"y":-4.5},{"x":3.5,"y":-3.5},{"x":7.5,"y":-3.5},{"x":1.5,"y":-2.5},{"x":2.5,"y":-2.5},{"x":8.5,"y":-2.5},{"x":9.5,"y":-2.5},{"x":5,"y":-2},{"x":6,"y":-2},{"x":2,"y":-1.5},{"x":9,"y":-1.5},{"x":5.5,"y":-1}]},{"index":1,"tiles":[{"x":1.5,"y":-9.5},{"x":2.5,"y":-9.5},{"x":8.5,"y":-9.5},{"x":9.5,"y":-9.5},{"x":2,"y":-8.5},{"x":9,"y":-8.5},{"x":3.5,"y":-7.5},{"x":4.5,"y":-7.5},{"x":6.5,"y":-7.5},{"x":7.5,"y":-7.5},{"x":1.5,"y":-6.5},{"x":2.5,"y":-6.5},{"x":4,"y":-6.5},{"x":7,"y":-6.5},{"x":8.5,"y":-6.5},{"x":9.5,"y":-6.5},{"x":2,"y":-5.5},{"x":5,"y":-5.5},{"x":6,"y":-5.5},{"x":9,"y":-5.5},{"x":3,"y":-4.5},{"x":4,"y":-4.5},{"x":5.5,"y":-4.5},{"x":7,"y":-4.5},{"x":8,"y":-4.5},{"x":3.5,"y":-3.5},{"x":7.5,"y":-3.5},{"x":1.5,"y":-2.5},{"x":2.5,"y":-2.5},{"x":8.5,"y":-2.5},{"x":9.5,"y":-2.5},{"x":5,"y":-2},{"x":6,"y":-2},{"x":2,"y":-1.5},{"x":9,"y":-1.5},{"x":5.5,"y":-1}]},{"index":2,"tiles":[{"x":1.5,"y":-9.5},{"x":2.5,"y":-9.5},{"x":8.5,"y":-9.5},{"x":9.5,"y":-9.5},{"x":2,"y":-8.5},{"x":9,"y":-8.5},{"x":3.5,"y":-7.5},{"x":4.5,"y":-7.5},{"x":6.5,"y":-7.5},{"x":7.5,"y":-7.5},{"x":1.5,"y":-6.5},{"x":2.5,"y":-6.5},{"x":4,"y":-6.5},{"x":7,"y":-6.5},{"x":8.5,"y":-6.5},{"x":9.5,"y":-6.5},{"x":2,"y":-5.5},{"x":5,"y":-5.5},{"x":6,"y":-5.5},{"x":9,"y":-5.5},{"x":3,"y":-4.5},{"x":4,"y":-4.5},{"x":5.5,"y":-4.5},{"x":7,"y":-4.5},{"x":8,"y":-4.5},{"x":3.5,"y":-3.5},{"x":7.5,"y":-3.5},{"x":1.5,"y":-2.5},{"x":2.5,"y":-2.5},{"x":8.5,"y":-2.5},{"x":9.5,"y":-2.5},{"x":5,"y":-2},{"x":6,"y":-2},{"x":2,"y":-1.5},{"x":9,"y":-1.5},{"x":5.5,"y":-1}]}],"seeds":["Ydcw6ANOB7iBH9iJyRUaSjBc3yQoRXQsGWikFdJFCAZSJRc0TGh+n8URmieEzjhh2qBAJKeEUlJxniqJgeV43cQFi/iIoEiIHQh13EYVpxdm"]},{"layers":[{"index":0,"tiles":[{"x":4,"y":-9.5},{"x":4.5,"y":-8.5},{"x":5.5,"y":-8.5},{"x":5,"y":-7.5},{"x":6,"y":-7.5},{"x":7,"y":-7.5},{"x":6,"y":-6.5},{"x":7,"y":-6.5},{"x":8,"y":-6.5},{"x":2.5,"y":-5.5},{"x":3.5,"y":-5.5},{"x":4.5,"y":-5.5},{"x":5.5,"y":-5.5},{"x":6.5,"y":-5.5},{"x":7.5,"y":-5.5},{"x":8.5,"y":-5.5},{"x":2.5,"y":-4.5},{"x":3.5,"y":-4.5},{"x":4.5,"y":-4.5},{"x":5.5,"y":-4.5},{"x":6.5,"y":-4.5},{"x":7.5,"y":-4.5},{"x":8.5,"y":-4.5},{"x":3,"y":-3.5},{"x":4,"y":-3.5},{"x":5,"y":-3.5},{"x":4,"y":-2.5},{"x":5,"y":-2.5},{"x":6,"y":-2.5},{"x":5.5,"y":-1.5},{"x":6.5,"y":-1.5},{"x":7,"y":-0.5}]},{"index":1,"tiles":[{"x":3.5,"y":-9.5},{"x":4.5,"y":-9.5},{"x":4,"y":-8.5},{"x":5,"y":-8.5},{"x":6,"y":-8.5},{"x":5.5,"y":-7.5},{"x":6.5,"y":-7.5},{"x":6.5,"y":-6.5},{"x":7.5,"y":-6.5},{"x":2,"y":-5},{"x":3,"y":-5},{"x":4,"y":-5},{"x":5,"y":-5},{"x":6,"y":-5},{"x":7,"y":-5},{"x":8,"y":-5},{"x":9,"y":-5},{"x":3.5,"y":-3.5},{"x":4.5,"y":-3.5},{"x":4.5,"y":-2.5},{"x":5.5,"y":-2.5},{"x":5,"y":-1.5},{"x":6,"y":-1.5},{"x":7,"y":-1.5},{"x":6.5,"y":-0.5},{"x":7.5,"y":-0.5}]},{"index":2,"tiles":[{"x":4,"y":-9.5},{"x":3.5,"y":-8.5},{"x":4.5,"y":-8.5},{"x":5.5,"y":-8.5},{"x":5,"y":-7.5},{"x":6,"y":-7.5},{"x":7,"y":-7.5},{"x":6,"y":-6.5},{"x":7,"y":-6.5},{"x":2.5,"y":-5.5},{"x":3.5,"y":-5.5},{"x":4.5,"y":-5.5},{"x":5.5,"y":-5.5},{"x":6.5,"y":-5.5},{"x":7.5,"y":-5.5},{"x":8.5,"y":-5.5},{"x":2.5,"y":-4.5},{"x":3.5,"y":-4.5},{"x":4.5,"y":-4.5},{"x":5.5,"y":-4.5},{"x":6.5,"y":-4.5},{"x":7.5,"y":-4.5},{"x":8.5,"y":-4.5},{"x":4,"y":-3.5},{"x":5,"y":-3.5},{"x":4,"y":-2.5},{"x":5,"y":-2.5},{"x":6,"y":-2.5},{"x":5.5,"y":-1.5},{"x":6.5,"y":-1.5},{"x":7,"y":-0.5}]},{"index":3,"tiles":[{"x":4,"y":-9},{"x":4.5,"y":-8},{"x":5.5,"y":-8},{"x":5.5,"y":-7},{"x":6.5,"y":-7},{"x":6,"y":-6},{"x":7,"y":-6},{"x":3,"y":-5},{"x":4,"y":-5},{"x":5.5,"y":-5},{"x":7,"y":-5},{"x":8,"y":-5},{"x":4,"y":-4},{"x":5,"y":-4},{"x":4.5,"y":-3},{"x":5.5,"y":-3},{"x":5.5,"y":-2},{"x":6.5,"y":-2},{"x":7,"y":-1}]}],"seeds":["X8Zd00R0UtN5EudRBMZkofgNDxcN5TGEDuVxD4NKIQgdUDOCiIdd3IeYoSg5yicO3+d1ISh6QVhVBrkExiIISRKlWlFoonpyIihYoLUJ4NYp"]},{"layers":[{"index":0,"tiles":[{"x":5.5,"y":-9},{"x":2.5,"y":-8.5},{"x":4.5,"y":-8.5},{"x":6.5,"y":-8.5},{"x":8.5,"y":-8.5},{"x":1.5,"y":-8},{"x":3.5,"y":-8},{"x":5.5,"y":-8},{"x":7.5,"y":-8},{"x":9.5,"y":-8},{"x":2.5,"y":-7.5},{"x":4.5,"y":-7.5},{"x":6.5,"y":-7.5},{"x":8.5,"y":-7.5},{"x":1.5,"y":-7},{"x":3.5,"y":-7},{"x":5.5,"y":-7},{"x":7.5,"y":-7},{"x":9.5,"y":-7},{"x":2.5,"y":-6.5},{"x":4.5,"y":-6.5},{"x":6.5,"y":-6.5},{"x":8.5,"y":-6.5},{"x":3.5,"y":-6},{"x":5.5,"y":-6},{"x":7.5,"y":-6},{"x":2.5,"y":-5.5},{"x":4.5,"y":-5.5},{"x":6.5,"y":-5.5},{"x":8.5,"y":-5.5},{"x":3.5,"y":-5},{"x":5.5,"y":-5},{"x":7.5,"y":-5},{"x":2.5,"y":-4.5},{"x":4.5,"y":-4.5},{"x":6.5,"y":-4.5},{"x":8.5,"y":-4.5},{"x":3.5,"y":-4},{"x":5.5,"y":-4},{"x":7.5,"y":-4},{"x":2.5,"y":-3.5},{"x":4.5,"y":-3.5},{"x":6.5,"y":-3.5},{"x":8.5,"y":-3.5},{"x":1.5,"y":-3},{"x":3.5,"y":-3},{"x":5.5,"y":-3},{"x":7.5,"y":-3},{"x":9.5,"y":-3},{"x":2.5,"y":-2.5},{"x":4.5,"y":-2.5},{"x":6.5,"y":-2.5},{"x":8.5,"y":-2.5},{"x":1.5,"y":-2},{"x":3.5,"y":-2},{"x":5.5,"y":-2},{"x":7.5,"y":-2},{"x":9.5,"y":-2},{"x":2.5,"y":-1.5},{"x":4.5,"y":-1.5},{"x":6.5,"y":-1.5},{"x":8.5,"y":-1.5},{"x":5.5,"y":-1}]},{"index":1,"tiles":[{"x":5.5,"y":-9},{"x":2.5,"y":-8.5},{"x":4.5,"y":-8.5},{"x":6.5,"y":-8.5},{"x":8.5,"y":-8.5},{"x":1.5,"y":-8},{"x":3.5,"y":-8},{"x":7.5,"y":-8},{"x":9.5,"y":-8},{"x":1.5,"y":-7},{"x":9.5,"y":-7},{"x":2.5,"y":-6.5},{"x":8.5,"y":-6.5},{"x":2.5,"y":-5.5},{"x":8.5,"y":-5.5},{"x":5.5,"y":-5},{"x":2.5,"y":-4.5},{"x":8.5,"y":-4.5},{"x":2.5,"y":-3.5},{"x":8.5,"y":-3.5},{"x":1.5,"y":-3},{"x":9.5,"y":-3},{"x":1.5,"y":-2},{"x":3.5,"y":-2},{"x":7.5,"y":-2},{"x":9.5,"y":-2},{"x":2.5,"y":-1.5},{"x":4.5,"y":-1.5},{"x":6.5,"y":-1.5},{"x":8.5,"y":-1.5},{"x":5.5,"y":-1}]},{"index":2,"tiles":[{"x":5.5,"y":-9},{"x":2.5,"y":-8.5},{"x":4.5,"y":-8.5},{"x":6.5,"y":-8.5},{"x":8.5,"y":-8.5},{"x":1.5,"y":-8},{"x":9.5,"y":-8},{"x":1.5,"y":-7},{"x":9.5,"y":-7},{"x":2.5,"y":-6.5},{"x":8.5,"y":-6.5},{"x":2.5,"y":-5.5},{"x":8.5,"y":-5.5},{"x":2.5,"y":-4.5},{"x":8.5,"y":-4.5},{"x":2.5,"y":-3.5},{"x":8.5,"y":-3.5},{"x":1.5,"y":-3},{"x":9.5,"y":-3},{"x":1.5,"y":-2},{"x":9.5,"y":-2},{"x":2.5,"y":-1.5},{"x":4.5,"y":-1.5},{"x":6.5,"y":-1.5},{"x":8.5,"y":-1.5},{"x":5.5,"y":-1}]},{"index":3,"tiles":[{"x":5.5,"y":-9},{"x":5.5,"y":-1}]}],"seeds":["nRhC3ASGDfl1irh1GtoECbcEX1UpU3AVoiJlHwiCyzM4RReYoGdkhHg1jaNtSRKGFYdxi+RxGJImiBoa4kAUogdOhRYxQrhU2sKMx6SAz1dy0eEtFGhZZydQUAcA"]}]]],0,0,[],[],[]]
