[1,["a81CMGJ51BgInII6zP42dr@6c48a"],["_textureSource"],["cc.SpriteFrame"],0,[{"name":"2","rect":{"x":0,"y":0,"width":312,"height":336},"offset":{"x":0,"y":0},"originalSize":{"width":312,"height":336},"rotated":false,"capInsets":[0,0,0,0],"vertices":{"rawPosition":[-156,-168,0,156,-168,0,-156,168,0,156,168,0],"indexes":[0,1,2,2,1,3],"uv":[0,336,312,336,0,0,312,0],"nuv":[0,0,1,0,0,1,1,1],"minPos":{"x":-156,"y":-168,"z":0},"maxPos":{"x":156,"y":168,"z":0}},"packable":true,"pixelsToUnit":100,"pivot":{"x":0.5,"y":0.5},"meshType":0}],[0],0,[0],[0],[0]]
