[1,0,0,[["cc.JsonAsset",["_name","json"],1]],[[0,0,1,3]],[[0,"level_001021-30",[{"layers":[{"index":0,"tiles":[{"x":2,"y":-9},{"x":3,"y":-9},{"x":4,"y":-9},{"x":7,"y":-9},{"x":8,"y":-9},{"x":9,"y":-9},{"x":1,"y":-8},{"x":2,"y":-8},{"x":3,"y":-8},{"x":4,"y":-8},{"x":5,"y":-8},{"x":6,"y":-8},{"x":7,"y":-8},{"x":8,"y":-8},{"x":9,"y":-8},{"x":10,"y":-8},{"x":1,"y":-7},{"x":2,"y":-7},{"x":3,"y":-7},{"x":4,"y":-7},{"x":5,"y":-7},{"x":6,"y":-7},{"x":7,"y":-7},{"x":8,"y":-7},{"x":9,"y":-7},{"x":10,"y":-7},{"x":2,"y":-6},{"x":3,"y":-6},{"x":4,"y":-6},{"x":5.5,"y":-6},{"x":7,"y":-6},{"x":8,"y":-6},{"x":9,"y":-6},{"x":2,"y":-5},{"x":3,"y":-5},{"x":4,"y":-5},{"x":5,"y":-5},{"x":6,"y":-5},{"x":7,"y":-5},{"x":8,"y":-5},{"x":9,"y":-5},{"x":2,"y":-4},{"x":3,"y":-4},{"x":4,"y":-4},{"x":5.5,"y":-4},{"x":7,"y":-4},{"x":8,"y":-4},{"x":9,"y":-4},{"x":1,"y":-3},{"x":2,"y":-3},{"x":3,"y":-3},{"x":4,"y":-3},{"x":5,"y":-3},{"x":6,"y":-3},{"x":7,"y":-3},{"x":8,"y":-3},{"x":9,"y":-3},{"x":10,"y":-3},{"x":1,"y":-2},{"x":2,"y":-2},{"x":3,"y":-2},{"x":4,"y":-2},{"x":5,"y":-2},{"x":6,"y":-2},{"x":7,"y":-2},{"x":8,"y":-2},{"x":9,"y":-2},{"x":10,"y":-2},{"x":2,"y":-1},{"x":3,"y":-1},{"x":4,"y":-1},{"x":7,"y":-1},{"x":8,"y":-1},{"x":9,"y":-1}]},{"index":1,"tiles":[{"x":2.5,"y":-8.5},{"x":3.5,"y":-8.5},{"x":7.5,"y":-8.5},{"x":8.5,"y":-8.5},{"x":3.5,"y":-7.5},{"x":4.5,"y":-7.5},{"x":5.5,"y":-7.5},{"x":6.5,"y":-7.5},{"x":7.5,"y":-7.5},{"x":3.5,"y":-6.5},{"x":4.5,"y":-6.5},{"x":5.5,"y":-6.5},{"x":6.5,"y":-6.5},{"x":7.5,"y":-6.5},{"x":3.5,"y":-5.5},{"x":7.5,"y":-5.5},{"x":4.5,"y":-5},{"x":5.5,"y":-5},{"x":6.5,"y":-5},{"x":3.5,"y":-4.5},{"x":7.5,"y":-4.5},{"x":3.5,"y":-3.5},{"x":4.5,"y":-3.5},{"x":5.5,"y":-3.5},{"x":6.5,"y":-3.5},{"x":7.5,"y":-3.5},{"x":3.5,"y":-2.5},{"x":4.5,"y":-2.5},{"x":5.5,"y":-2.5},{"x":6.5,"y":-2.5},{"x":7.5,"y":-2.5},{"x":2.5,"y":-1.5},{"x":3.5,"y":-1.5},{"x":7.5,"y":-1.5},{"x":8.5,"y":-1.5}]},{"index":2,"tiles":[{"x":4,"y":-7},{"x":5,"y":-7},{"x":6,"y":-7},{"x":7,"y":-7},{"x":4,"y":-6},{"x":7,"y":-6},{"x":4,"y":-5},{"x":5,"y":-5},{"x":6,"y":-5},{"x":7,"y":-5},{"x":4,"y":-4},{"x":7,"y":-4},{"x":4,"y":-3},{"x":5,"y":-3},{"x":6,"y":-3},{"x":7,"y":-3}]},{"index":3,"tiles":[{"x":5.5,"y":-7},{"x":5,"y":-5},{"x":6,"y":-5},{"x":5.5,"y":-3}]},{"index":4,"tiles":[{"x":5.5,"y":-5}]}],"seeds":["oLSpk5cFIrlgDRhkXxZSoJZ83gRyJRJGAdeIloNWDvSlFwRiSgd2xkAVlZA0zxcGITgR4vSJn3d112JdxwOGRwcyHTgyHBd1isItArF4JpIVm+Ap3eBRy6JRnSiGwsk1hgQA"]},{"layers":[{"index":0,"tiles":[{"x":3.5,"y":-9.5},{"x":4.5,"y":-9.5},{"x":5.5,"y":-9.5},{"x":6.5,"y":-9.5},{"x":7.5,"y":-9.5},{"x":2.5,"y":-9},{"x":8.5,"y":-9},{"x":1.5,"y":-8.5},{"x":9.5,"y":-8.5},{"x":0.5,"y":-8},{"x":4.5,"y":-8},{"x":5.5,"y":-8},{"x":6.5,"y":-8},{"x":10.5,"y":-8},{"x":3.5,"y":-7.5},{"x":7.5,"y":-7.5},{"x":0.5,"y":-7},{"x":1.5,"y":-7},{"x":2.5,"y":-7},{"x":8.5,"y":-7},{"x":9.5,"y":-7},{"x":10.5,"y":-7},{"x":0.5,"y":-6},{"x":5.5,"y":-6},{"x":10.5,"y":-6},{"x":4.5,"y":-5.5},{"x":6.5,"y":-5.5},{"x":0.5,"y":-5},{"x":1.5,"y":-5},{"x":2.5,"y":-5},{"x":3.5,"y":-5},{"x":7.5,"y":-5},{"x":8.5,"y":-5},{"x":9.5,"y":-5},{"x":10.5,"y":-5},{"x":4.5,"y":-4.5},{"x":6.5,"y":-4.5},{"x":0.5,"y":-4},{"x":5.5,"y":-4},{"x":10.5,"y":-4},{"x":0.5,"y":-3},{"x":1.5,"y":-3},{"x":2.5,"y":-3},{"x":8.5,"y":-3},{"x":9.5,"y":-3},{"x":10.5,"y":-3},{"x":3.5,"y":-2.5},{"x":7.5,"y":-2.5},{"x":0.5,"y":-2},{"x":4.5,"y":-2},{"x":5.5,"y":-2},{"x":6.5,"y":-2},{"x":10.5,"y":-2},{"x":1.5,"y":-1.5},{"x":9.5,"y":-1.5},{"x":2.5,"y":-1},{"x":8.5,"y":-1},{"x":3.5,"y":-0.5},{"x":4.5,"y":-0.5},{"x":5.5,"y":-0.5},{"x":6.5,"y":-0.5},{"x":7.5,"y":-0.5}]},{"index":1,"tiles":[{"x":3,"y":-9},{"x":8,"y":-9},{"x":4,"y":-8.5},{"x":5,"y":-8.5},{"x":6,"y":-8.5},{"x":7,"y":-8.5},{"x":4,"y":-7.5},{"x":5,"y":-7.5},{"x":6,"y":-7.5},{"x":7,"y":-7.5},{"x":3,"y":-7},{"x":8,"y":-7},{"x":0.5,"y":-6.5},{"x":10.5,"y":-6.5},{"x":0.5,"y":-5.5},{"x":10.5,"y":-5.5},{"x":2,"y":-5},{"x":3,"y":-5},{"x":4,"y":-5},{"x":5,"y":-5},{"x":6,"y":-5},{"x":7,"y":-5},{"x":8,"y":-5},{"x":9,"y":-5},{"x":0.5,"y":-4.5},{"x":10.5,"y":-4.5},{"x":0.5,"y":-3.5},{"x":10.5,"y":-3.5},{"x":3,"y":-3},{"x":8,"y":-3},{"x":4,"y":-2.5},{"x":5,"y":-2.5},{"x":6,"y":-2.5},{"x":7,"y":-2.5},{"x":4,"y":-1.5},{"x":5,"y":-1.5},{"x":6,"y":-1.5},{"x":7,"y":-1.5},{"x":3,"y":-1},{"x":8,"y":-1}]},{"index":2,"tiles":[{"x":4.5,"y":-9},{"x":5.5,"y":-9},{"x":6.5,"y":-9},{"x":3.5,"y":-8},{"x":4.5,"y":-8},{"x":5.5,"y":-8},{"x":6.5,"y":-8},{"x":7.5,"y":-8},{"x":0.5,"y":-5},{"x":3.5,"y":-5},{"x":4.5,"y":-5},{"x":6.5,"y":-5},{"x":7.5,"y":-5},{"x":10.5,"y":-5},{"x":3.5,"y":-2},{"x":4.5,"y":-2},{"x":5.5,"y":-2},{"x":6.5,"y":-2},{"x":7.5,"y":-2},{"x":4.5,"y":-1},{"x":5.5,"y":-1},{"x":6.5,"y":-1}]},{"index":3,"tiles":[{"x":5,"y":-9},{"x":6,"y":-9},{"x":4.5,"y":-8},{"x":5.5,"y":-8},{"x":6.5,"y":-8},{"x":4.5,"y":-2},{"x":5.5,"y":-2},{"x":6.5,"y":-2},{"x":5,"y":-1},{"x":6,"y":-1}]},{"index":4,"tiles":[{"x":5,"y":-8},{"x":6,"y":-8},{"x":5,"y":-2},{"x":6,"y":-2}]}],"seeds":["JhiCyEUeH8Fxo8donFdNIveB2idmQQc1EYh0TYEtifWFXOoonXMpi7Jc0dV93Sk+iuGJxuaA3uIIqPCUkFp94naEmUd1BUhNU3iFVKiAmCgGivSJHDUFyfApniSCwiVwCieCDAEG1gAA"]},{"layers":[{"index":0,"tiles":[{"x":1,"y":-9.5},{"x":2,"y":-9.5},{"x":3,"y":-9.5},{"x":4,"y":-9.5},{"x":5,"y":-9.5},{"x":6,"y":-9.5},{"x":7,"y":-9.5},{"x":8,"y":-9.5},{"x":9,"y":-9.5},{"x":10,"y":-9.5},{"x":2,"y":-8.5},{"x":3,"y":-8.5},{"x":4,"y":-8.5},{"x":5,"y":-8.5},{"x":6,"y":-8.5},{"x":7,"y":-8.5},{"x":8,"y":-8.5},{"x":9,"y":-8.5},{"x":2.5,"y":-7.5},{"x":3.5,"y":-7.5},{"x":4.5,"y":-7.5},{"x":5.5,"y":-7.5},{"x":6.5,"y":-7.5},{"x":7.5,"y":-7.5},{"x":8.5,"y":-7.5},{"x":3.5,"y":-6.5},{"x":4.5,"y":-6.5},{"x":5.5,"y":-6.5},{"x":6.5,"y":-6.5},{"x":7.5,"y":-6.5},{"x":2.5,"y":-5.5},{"x":8.5,"y":-5.5},{"x":1.5,"y":-5},{"x":4,"y":-5},{"x":5,"y":-5},{"x":6,"y":-5},{"x":7,"y":-5},{"x":9.5,"y":-5},{"x":2.5,"y":-4.5},{"x":8.5,"y":-4.5},{"x":1.5,"y":-4},{"x":4,"y":-4},{"x":5,"y":-4},{"x":6,"y":-4},{"x":7,"y":-4},{"x":9.5,"y":-4},{"x":2.5,"y":-3.5},{"x":8.5,"y":-3.5},{"x":3.5,"y":-2.5},{"x":4.5,"y":-2.5},{"x":5.5,"y":-2.5},{"x":6.5,"y":-2.5},{"x":7.5,"y":-2.5},{"x":2.5,"y":-1.5},{"x":3.5,"y":-1.5},{"x":4.5,"y":-1.5},{"x":5.5,"y":-1.5},{"x":6.5,"y":-1.5},{"x":7.5,"y":-1.5},{"x":8.5,"y":-1.5},{"x":4,"y":-0.5},{"x":5,"y":-0.5},{"x":6,"y":-0.5},{"x":7,"y":-0.5}]},{"index":1,"tiles":[{"x":1.5,"y":-9.5},{"x":2.5,"y":-9.5},{"x":8.5,"y":-9.5},{"x":9.5,"y":-9.5},{"x":3.5,"y":-9},{"x":4.5,"y":-9},{"x":5.5,"y":-9},{"x":6.5,"y":-9},{"x":7.5,"y":-9},{"x":2.5,"y":-8},{"x":4,"y":-8},{"x":5,"y":-8},{"x":6,"y":-8},{"x":7,"y":-8},{"x":8.5,"y":-8},{"x":4,"y":-7},{"x":7,"y":-7},{"x":5,"y":-6.5},{"x":6,"y":-6.5},{"x":2,"y":-5},{"x":9,"y":-5},{"x":3,"y":-4.5},{"x":4.5,"y":-4.5},{"x":5.5,"y":-4.5},{"x":6.5,"y":-4.5},{"x":8,"y":-4.5},{"x":2,"y":-4},{"x":9,"y":-4},{"x":5,"y":-2.5},{"x":6,"y":-2.5},{"x":4,"y":-2},{"x":7,"y":-2},{"x":4.5,"y":-1},{"x":5.5,"y":-1},{"x":6.5,"y":-1}]},{"index":2,"tiles":[{"x":2,"y":-9.5},{"x":3,"y":-9.5},{"x":4,"y":-9.5},{"x":5,"y":-9.5},{"x":6,"y":-9.5},{"x":7,"y":-9.5},{"x":8,"y":-9.5},{"x":9,"y":-9.5},{"x":3.5,"y":-8.5},{"x":4.5,"y":-8.5},{"x":5.5,"y":-8.5},{"x":6.5,"y":-8.5},{"x":7.5,"y":-8.5},{"x":5,"y":-7},{"x":6,"y":-7},{"x":4.5,"y":-6},{"x":5.5,"y":-6},{"x":6.5,"y":-6},{"x":2,"y":-4.5},{"x":5.5,"y":-4.5},{"x":9,"y":-4.5},{"x":4.5,"y":-3},{"x":5.5,"y":-3},{"x":6.5,"y":-3},{"x":5,"y":-2},{"x":6,"y":-2},{"x":5.5,"y":-1}]},{"index":3,"tiles":[{"x":3,"y":-9.5},{"x":4,"y":-9.5},{"x":7,"y":-9.5},{"x":8,"y":-9.5},{"x":5,"y":-8.5},{"x":6,"y":-8.5}]},{"index":4,"tiles":[{"x":4.5,"y":-9.5},{"x":6.5,"y":-9.5}]}],"seeds":["Ybd4UehxS8ZYIigSHEho4BCKgiEmquVRgVgwgTSB0FlY3vdNyfM10oBMocEEyIKNSnc5oOUIIcYQYBOFm8IRx4aawSRUDUd22UF53QdynihwYCiWTad8n9JVYnUtaUVp1DA8IQQA"]},{"layers":[{"index":0,"tiles":[{"x":2,"y":-9.5},{"x":3,"y":-9.5},{"x":4,"y":-9.5},{"x":5,"y":-9.5},{"x":6,"y":-9.5},{"x":7,"y":-9.5},{"x":8,"y":-9.5},{"x":9,"y":-9.5},{"x":1.5,"y":-8.5},{"x":2.5,"y":-8.5},{"x":3.5,"y":-8.5},{"x":7.5,"y":-8.5},{"x":8.5,"y":-8.5},{"x":9.5,"y":-8.5},{"x":1,"y":-7.5},{"x":2,"y":-7.5},{"x":3,"y":-7.5},{"x":4,"y":-7.5},{"x":5,"y":-7.5},{"x":6,"y":-7.5},{"x":7,"y":-7.5},{"x":8,"y":-7.5},{"x":9,"y":-7.5},{"x":10,"y":-7.5},{"x":1,"y":-6.5},{"x":2,"y":-6.5},{"x":3,"y":-6.5},{"x":4,"y":-6.5},{"x":5,"y":-6.5},{"x":6,"y":-6.5},{"x":7,"y":-6.5},{"x":8,"y":-6.5},{"x":9,"y":-6.5},{"x":10,"y":-6.5},{"x":3,"y":-5.5},{"x":4,"y":-5.5},{"x":5,"y":-5.5},{"x":6,"y":-5.5},{"x":7,"y":-5.5},{"x":8,"y":-5.5},{"x":1,"y":-4.5},{"x":2,"y":-4.5},{"x":3,"y":-4.5},{"x":4,"y":-4.5},{"x":7,"y":-4.5},{"x":8,"y":-4.5},{"x":9,"y":-4.5},{"x":10,"y":-4.5},{"x":1,"y":-3.5},{"x":2,"y":-3.5},{"x":3,"y":-3.5},{"x":4,"y":-3.5},{"x":5,"y":-3.5},{"x":6,"y":-3.5},{"x":7,"y":-3.5},{"x":8,"y":-3.5},{"x":9,"y":-3.5},{"x":10,"y":-3.5},{"x":2,"y":-2.5},{"x":3,"y":-2.5},{"x":4,"y":-2.5},{"x":7,"y":-2.5},{"x":8,"y":-2.5},{"x":9,"y":-2.5},{"x":5.5,"y":-2},{"x":3,"y":-1.5},{"x":4,"y":-1.5},{"x":7,"y":-1.5},{"x":8,"y":-1.5},{"x":4,"y":-0.5},{"x":5,"y":-0.5},{"x":6,"y":-0.5},{"x":7,"y":-0.5}]},{"index":1,"tiles":[{"x":2,"y":-9},{"x":3.5,"y":-9},{"x":4.5,"y":-9},{"x":5.5,"y":-9},{"x":6.5,"y":-9},{"x":7.5,"y":-9},{"x":9,"y":-9},{"x":1.5,"y":-8},{"x":3,"y":-8},{"x":8,"y":-8},{"x":9.5,"y":-8},{"x":1.5,"y":-7},{"x":2.5,"y":-7},{"x":3.5,"y":-7},{"x":4.5,"y":-7},{"x":5.5,"y":-7},{"x":6.5,"y":-7},{"x":7.5,"y":-7},{"x":8.5,"y":-7},{"x":9.5,"y":-7},{"x":4.5,"y":-6},{"x":5.5,"y":-6},{"x":6.5,"y":-6},{"x":2.5,"y":-5},{"x":3.5,"y":-5},{"x":5.5,"y":-5},{"x":7.5,"y":-5},{"x":8.5,"y":-5},{"x":1.5,"y":-4},{"x":9.5,"y":-4},{"x":2.5,"y":-3.5},{"x":3.5,"y":-3.5},{"x":5,"y":-3.5},{"x":6,"y":-3.5},{"x":7.5,"y":-3.5},{"x":8.5,"y":-3.5},{"x":4.5,"y":-2},{"x":6.5,"y":-2}]},{"index":2,"tiles":[{"x":5,"y":-8.5},{"x":6,"y":-8.5},{"x":4,"y":-7.5},{"x":5,"y":-7.5},{"x":6,"y":-7.5},{"x":7,"y":-7.5},{"x":3,"y":-6.5},{"x":4,"y":-6.5},{"x":5,"y":-6.5},{"x":6,"y":-6.5},{"x":7,"y":-6.5},{"x":8,"y":-6.5},{"x":5,"y":-5.5},{"x":6,"y":-5.5},{"x":3,"y":-3.5},{"x":4,"y":-3.5},{"x":7,"y":-3.5},{"x":8,"y":-3.5}]},{"index":3,"tiles":[{"x":5.5,"y":-8},{"x":4,"y":-6.5},{"x":5,"y":-6.5},{"x":6,"y":-6.5},{"x":7,"y":-6.5},{"x":3.5,"y":-3.5},{"x":7.5,"y":-3.5}]},{"index":4,"tiles":[{"x":4.5,"y":-7},{"x":6.5,"y":-7}]}],"seeds":["IjhojuIMXkcIB6gsU4AEEcolXkJ91mQtRrAp3cmJhZBlHycy5QOFykAwIHd82KdCoMZwxJZGnRc0Uld8nUiEXYWIXhiCnjCBnud5nQSCy0IZVXiJ4eiBYWMKWDV4IElx1MU8X1hNnQcA"]},{"layers":[{"index":0,"tiles":[{"x":5.5,"y":-10},{"x":0.5,"y":-9.5},{"x":2.5,"y":-9.5},{"x":4.5,"y":-9.5},{"x":6.5,"y":-9.5},{"x":8.5,"y":-9.5},{"x":10.5,"y":-9.5},{"x":5.5,"y":-9},{"x":1.5,"y":-8.5},{"x":2.5,"y":-8.5},{"x":3.5,"y":-8.5},{"x":7.5,"y":-8.5},{"x":8.5,"y":-8.5},{"x":9.5,"y":-8.5},{"x":4.5,"y":-8},{"x":6.5,"y":-8},{"x":0.5,"y":-7.5},{"x":1.5,"y":-7.5},{"x":2.5,"y":-7.5},{"x":5.5,"y":-7.5},{"x":8.5,"y":-7.5},{"x":9.5,"y":-7.5},{"x":10.5,"y":-7.5},{"x":3.5,"y":-7},{"x":7.5,"y":-7},{"x":1.5,"y":-6.5},{"x":5,"y":-6.5},{"x":6,"y":-6.5},{"x":9.5,"y":-6.5},{"x":2.5,"y":-6},{"x":8.5,"y":-6},{"x":0.5,"y":-5.5},{"x":1.5,"y":-5.5},{"x":3.5,"y":-5.5},{"x":4.5,"y":-5.5},{"x":5.5,"y":-5.5},{"x":6.5,"y":-5.5},{"x":7.5,"y":-5.5},{"x":9.5,"y":-5.5},{"x":10.5,"y":-5.5},{"x":2.5,"y":-5},{"x":8.5,"y":-5},{"x":0.5,"y":-4.5},{"x":1.5,"y":-4.5},{"x":4,"y":-4.5},{"x":5,"y":-4.5},{"x":6,"y":-4.5},{"x":7,"y":-4.5},{"x":9.5,"y":-4.5},{"x":10.5,"y":-4.5},{"x":2.5,"y":-4},{"x":8.5,"y":-4},{"x":0.5,"y":-3.5},{"x":1.5,"y":-3.5},{"x":3.5,"y":-3.5},{"x":4.5,"y":-3.5},{"x":5.5,"y":-3.5},{"x":6.5,"y":-3.5},{"x":7.5,"y":-3.5},{"x":9.5,"y":-3.5},{"x":10.5,"y":-3.5},{"x":2.5,"y":-3},{"x":8.5,"y":-3},{"x":0.5,"y":-2.5},{"x":1.5,"y":-2.5},{"x":4.5,"y":-2.5},{"x":5.5,"y":-2.5},{"x":6.5,"y":-2.5},{"x":9.5,"y":-2.5},{"x":10.5,"y":-2.5},{"x":2.5,"y":-2},{"x":3.5,"y":-2},{"x":7.5,"y":-2},{"x":8.5,"y":-2},{"x":0.5,"y":-1.5},{"x":5,"y":-1.5},{"x":6,"y":-1.5},{"x":10.5,"y":-1.5},{"x":1.5,"y":-1},{"x":9.5,"y":-1},{"x":2.5,"y":-0.5},{"x":3.5,"y":-0.5},{"x":4.5,"y":-0.5},{"x":5.5,"y":-0.5},{"x":6.5,"y":-0.5},{"x":7.5,"y":-0.5},{"x":8.5,"y":-0.5}]},{"index":1,"tiles":[{"x":3,"y":-8.5},{"x":8,"y":-8.5},{"x":5,"y":-8},{"x":6,"y":-8},{"x":1,"y":-7.5},{"x":2,"y":-7.5},{"x":9,"y":-7.5},{"x":10,"y":-7.5},{"x":1,"y":-5.5},{"x":2.5,"y":-5.5},{"x":4,"y":-5.5},{"x":7,"y":-5.5},{"x":8.5,"y":-5.5},{"x":10,"y":-5.5},{"x":5.5,"y":-5},{"x":1,"y":-4},{"x":10,"y":-4},{"x":2,"y":-3.5},{"x":4,"y":-3.5},{"x":5,"y":-3.5},{"x":6,"y":-3.5},{"x":7,"y":-3.5},{"x":9,"y":-3.5},{"x":1,"y":-3},{"x":10,"y":-3},{"x":5,"y":-2.5},{"x":6,"y":-2.5},{"x":3,"y":-2},{"x":8,"y":-2},{"x":3,"y":-0.5},{"x":4,"y":-0.5},{"x":5.5,"y":-0.5},{"x":7,"y":-0.5},{"x":8,"y":-0.5}]},{"index":2,"tiles":[{"x":1.5,"y":-5.5},{"x":9.5,"y":-5.5},{"x":5.5,"y":-3.5}]},{"index":3,"tiles":[{"x":2,"y":-5.5},{"x":9,"y":-5.5}]}],"seeds":["IVgpxXd82WR5aacE0qllwYCIJXeFkeQooXeF0HBMHoERasExneh5oiGMESZIZsBtzhCKD2gkzfRJFQhZHEiFH9lwHIJum5YwCzeBYCMhoNiFIhgGD+FtDaUMHCEtHQIA"]},{"layers":[{"index":0,"tiles":[{"x":2,"y":-10},{"x":4,"y":-10},{"x":7,"y":-10},{"x":9,"y":-10},{"x":2,"y":-9},{"x":3,"y":-9},{"x":4,"y":-9},{"x":7,"y":-9},{"x":8,"y":-9},{"x":9,"y":-9},{"x":1,"y":-8.5},{"x":5,"y":-8.5},{"x":6,"y":-8.5},{"x":10,"y":-8.5},{"x":4,"y":-8},{"x":7,"y":-8},{"x":1,"y":-7.5},{"x":5,"y":-7.5},{"x":6,"y":-7.5},{"x":10,"y":-7.5},{"x":2,"y":-7},{"x":3,"y":-7},{"x":4,"y":-7},{"x":7,"y":-7},{"x":8,"y":-7},{"x":9,"y":-7},{"x":2,"y":-6},{"x":4,"y":-6},{"x":5.5,"y":-6},{"x":7,"y":-6},{"x":9,"y":-6},{"x":2,"y":-5},{"x":3,"y":-5},{"x":4,"y":-5},{"x":7,"y":-5},{"x":8,"y":-5},{"x":9,"y":-5},{"x":1,"y":-4.5},{"x":5,"y":-4.5},{"x":6,"y":-4.5},{"x":10,"y":-4.5},{"x":4,"y":-4},{"x":7,"y":-4},{"x":1,"y":-3.5},{"x":5,"y":-3.5},{"x":6,"y":-3.5},{"x":10,"y":-3.5},{"x":2,"y":-3},{"x":3,"y":-3},{"x":4,"y":-3},{"x":7,"y":-3},{"x":8,"y":-3},{"x":9,"y":-3},{"x":2,"y":-2},{"x":4,"y":-2},{"x":7,"y":-2},{"x":9,"y":-2},{"x":2,"y":-1},{"x":3,"y":-1},{"x":4,"y":-1},{"x":7,"y":-1},{"x":8,"y":-1},{"x":9,"y":-1},{"x":1,"y":-0.5},{"x":5,"y":-0.5},{"x":6,"y":-0.5},{"x":10,"y":-0.5}]},{"index":1,"tiles":[{"x":2.5,"y":-9.5},{"x":3.5,"y":-9.5},{"x":7.5,"y":-9.5},{"x":8.5,"y":-9.5},{"x":5,"y":-8},{"x":6,"y":-8},{"x":2.5,"y":-7},{"x":3.5,"y":-7},{"x":7.5,"y":-7},{"x":8.5,"y":-7},{"x":2.5,"y":-6},{"x":3.5,"y":-6},{"x":4.5,"y":-6},{"x":5.5,"y":-6},{"x":6.5,"y":-6},{"x":7.5,"y":-6},{"x":8.5,"y":-6},{"x":2.5,"y":-5},{"x":3.5,"y":-5},{"x":5,"y":-5},{"x":6,"y":-5},{"x":7.5,"y":-5},{"x":8.5,"y":-5},{"x":2.5,"y":-3},{"x":3.5,"y":-3},{"x":4.5,"y":-3},{"x":5.5,"y":-3},{"x":6.5,"y":-3},{"x":7.5,"y":-3},{"x":8.5,"y":-3},{"x":2.5,"y":-2},{"x":3.5,"y":-2},{"x":7.5,"y":-2},{"x":8.5,"y":-2},{"x":2.5,"y":-1},{"x":3.5,"y":-1},{"x":7.5,"y":-1},{"x":8.5,"y":-1}]},{"index":2,"tiles":[{"x":3.5,"y":-6},{"x":4.5,"y":-6},{"x":5.5,"y":-6},{"x":6.5,"y":-6},{"x":7.5,"y":-6},{"x":4,"y":-5},{"x":7,"y":-5},{"x":4,"y":-3},{"x":5,"y":-3},{"x":6,"y":-3},{"x":7,"y":-3},{"x":3,"y":-2.5},{"x":8,"y":-2.5},{"x":2,"y":-2},{"x":4,"y":-2},{"x":7,"y":-2},{"x":9,"y":-2},{"x":3,"y":-1.5},{"x":8,"y":-1.5}]},{"index":3,"tiles":[{"x":5,"y":-6},{"x":6,"y":-6},{"x":3,"y":-2},{"x":8,"y":-2}]}],"seeds":["yBQk4uAVzCJSE4WFYNd91mR83Yl+GgV2luhtFxiKAiKJYSOFwyd4oxhwzrF5g/hFC0d4VWguIfmAGpilIdgxkVoxlRhwYAJxTsAp3qKEICc8GYV9VzcoVVMqBMRMQmEc"]},{"layers":[{"index":0,"tiles":[{"x":1,"y":-10},{"x":2,"y":-9.5},{"x":6,"y":-9.5},{"x":7,"y":-9.5},{"x":8,"y":-9.5},{"x":9,"y":-9.5},{"x":10,"y":-9.5},{"x":0,"y":-9},{"x":3,"y":-9},{"x":4,"y":-8.5},{"x":8,"y":-8.5},{"x":9,"y":-8.5},{"x":10,"y":-8.5},{"x":0,"y":-8},{"x":3,"y":-8},{"x":5,"y":-8},{"x":1,"y":-7.5},{"x":6,"y":-7.5},{"x":10,"y":-7.5},{"x":2,"y":-7},{"x":3,"y":-7},{"x":7,"y":-7},{"x":1,"y":-6.5},{"x":4,"y":-6.5},{"x":8,"y":-6.5},{"x":0,"y":-6},{"x":2,"y":-6},{"x":3,"y":-6},{"x":5,"y":-6},{"x":9,"y":-6},{"x":1,"y":-5.5},{"x":4,"y":-5.5},{"x":6,"y":-5.5},{"x":10,"y":-5.5},{"x":0,"y":-5},{"x":2,"y":-5},{"x":3,"y":-5},{"x":5,"y":-5},{"x":7,"y":-5},{"x":11,"y":-5},{"x":1,"y":-4.5},{"x":4,"y":-4.5},{"x":6,"y":-4.5},{"x":10,"y":-4.5},{"x":0,"y":-4},{"x":2,"y":-4},{"x":3,"y":-4},{"x":5,"y":-4},{"x":9,"y":-4},{"x":1,"y":-3.5},{"x":4,"y":-3.5},{"x":8,"y":-3.5},{"x":2,"y":-3},{"x":3,"y":-3},{"x":7,"y":-3},{"x":1,"y":-2.5},{"x":6,"y":-2.5},{"x":10,"y":-2.5},{"x":0,"y":-2},{"x":3,"y":-2},{"x":5,"y":-2},{"x":4,"y":-1.5},{"x":8,"y":-1.5},{"x":9,"y":-1.5},{"x":10,"y":-1.5},{"x":0,"y":-1},{"x":3,"y":-1},{"x":2,"y":-0.5},{"x":6,"y":-0.5},{"x":7,"y":-0.5},{"x":8,"y":-0.5},{"x":9,"y":-0.5},{"x":10,"y":-0.5},{"x":1,"y":0}]},{"index":1,"tiles":[{"x":2.5,"y":-9.5},{"x":7.5,"y":-9.5},{"x":8.5,"y":-9.5},{"x":3.5,"y":-9},{"x":4.5,"y":-8.5},{"x":9,"y":-8.5},{"x":5.5,"y":-8},{"x":6.5,"y":-7.5},{"x":7.5,"y":-7},{"x":1,"y":-6.5},{"x":2.5,"y":-6.5},{"x":3.5,"y":-6.5},{"x":8.5,"y":-6.5},{"x":9.5,"y":-6},{"x":0,"y":-5.5},{"x":1,"y":-5.5},{"x":2.5,"y":-5.5},{"x":3.5,"y":-5.5},{"x":4.5,"y":-5.5},{"x":5.5,"y":-5.5},{"x":6.5,"y":-5},{"x":10,"y":-5},{"x":0,"y":-4.5},{"x":1,"y":-4.5},{"x":2.5,"y":-4.5},{"x":3.5,"y":-4.5},{"x":4.5,"y":-4.5},{"x":5.5,"y":-4.5},{"x":9.5,"y":-4},{"x":1,"y":-3.5},{"x":2.5,"y":-3.5},{"x":3.5,"y":-3.5},{"x":8.5,"y":-3.5},{"x":7.5,"y":-3},{"x":6.5,"y":-2.5},{"x":5.5,"y":-2},{"x":4.5,"y":-1.5},{"x":9,"y":-1.5},{"x":3.5,"y":-1},{"x":2.5,"y":-0.5},{"x":7.5,"y":-0.5},{"x":8.5,"y":-0.5}]},{"index":2,"tiles":[{"x":4,"y":-8.5},{"x":5,"y":-8},{"x":6,"y":-7.5},{"x":7,"y":-7},{"x":8,"y":-6.5},{"x":9,"y":-6},{"x":4,"y":-5},{"x":5,"y":-5},{"x":9,"y":-4},{"x":8,"y":-3.5},{"x":7,"y":-3},{"x":6,"y":-2.5},{"x":5,"y":-2},{"x":4,"y":-1.5}]},{"index":3,"tiles":[{"x":5.5,"y":-7.5},{"x":6.5,"y":-7},{"x":7.5,"y":-6.5},{"x":7.5,"y":-3.5},{"x":6.5,"y":-3},{"x":5.5,"y":-2.5}]}],"seeds":["ldKZKdNsFMgYBGdx0MMJwUBsjBIs4Sdqgqc4g9OFCthZR0iG1tdxUPRVoHZxUzGEXJgtwtAs1IWCIxE0WdmJoidWDRcxmBgiU0h93vSJhYeAFAh6Iih6CSYkwcMRlbWoRncek/RJ"]},{"layers":[{"index":0,"tiles":[{"x":2.5,"y":-10},{"x":8.5,"y":-10},{"x":4,"y":-9.5},{"x":5,"y":-9.5},{"x":6,"y":-9.5},{"x":7,"y":-9.5},{"x":2,"y":-9},{"x":3,"y":-9},{"x":8,"y":-9},{"x":9,"y":-9},{"x":4.5,"y":-8.5},{"x":5.5,"y":-8.5},{"x":6.5,"y":-8.5},{"x":1.5,"y":-8},{"x":3.5,"y":-8},{"x":7.5,"y":-8},{"x":9.5,"y":-8},{"x":5,"y":-7.5},{"x":6,"y":-7.5},{"x":1,"y":-7},{"x":2.5,"y":-7},{"x":4,"y":-7},{"x":7,"y":-7},{"x":8.5,"y":-7},{"x":10,"y":-7},{"x":0.5,"y":-6},{"x":2,"y":-6},{"x":3,"y":-6},{"x":4.5,"y":-6},{"x":5.5,"y":-6},{"x":6.5,"y":-6},{"x":8,"y":-6},{"x":9,"y":-6},{"x":10.5,"y":-6},{"x":0,"y":-5},{"x":1.5,"y":-5},{"x":2.5,"y":-5},{"x":3.5,"y":-5},{"x":5,"y":-5},{"x":6,"y":-5},{"x":7.5,"y":-5},{"x":8.5,"y":-5},{"x":9.5,"y":-5},{"x":11,"y":-5},{"x":0.5,"y":-4},{"x":2,"y":-4},{"x":3,"y":-4},{"x":4.5,"y":-4},{"x":5.5,"y":-4},{"x":6.5,"y":-4},{"x":8,"y":-4},{"x":9,"y":-4},{"x":10.5,"y":-4},{"x":1,"y":-3},{"x":2.5,"y":-3},{"x":4,"y":-3},{"x":7,"y":-3},{"x":8.5,"y":-3},{"x":10,"y":-3},{"x":5,"y":-2.5},{"x":6,"y":-2.5},{"x":1.5,"y":-2},{"x":3.5,"y":-2},{"x":7.5,"y":-2},{"x":9.5,"y":-2},{"x":4.5,"y":-1.5},{"x":5.5,"y":-1.5},{"x":6.5,"y":-1.5},{"x":2,"y":-1},{"x":3,"y":-1},{"x":8,"y":-1},{"x":9,"y":-1},{"x":4,"y":-0.5},{"x":5,"y":-0.5},{"x":6,"y":-0.5},{"x":7,"y":-0.5},{"x":2.5,"y":0},{"x":8.5,"y":0}]},{"index":1,"tiles":[{"x":2.5,"y":-9.5},{"x":8.5,"y":-9.5},{"x":5.5,"y":-9},{"x":2,"y":-8.5},{"x":3,"y":-8.5},{"x":8,"y":-8.5},{"x":9,"y":-8.5},{"x":5,"y":-8},{"x":6,"y":-8},{"x":1.5,"y":-7.5},{"x":2.5,"y":-7.5},{"x":3.5,"y":-7.5},{"x":7.5,"y":-7.5},{"x":8.5,"y":-7.5},{"x":9.5,"y":-7.5},{"x":1,"y":-6.5},{"x":2,"y":-6.5},{"x":3,"y":-6.5},{"x":4,"y":-6.5},{"x":5.5,"y":-6.5},{"x":7,"y":-6.5},{"x":8,"y":-6.5},{"x":9,"y":-6.5},{"x":10,"y":-6.5},{"x":0.5,"y":-5.5},{"x":1.5,"y":-5.5},{"x":3.5,"y":-5.5},{"x":4.5,"y":-5.5},{"x":6.5,"y":-5.5},{"x":7.5,"y":-5.5},{"x":9.5,"y":-5.5},{"x":10.5,"y":-5.5},{"x":2.5,"y":-5},{"x":8.5,"y":-5},{"x":0.5,"y":-4.5},{"x":1.5,"y":-4.5},{"x":3.5,"y":-4.5},{"x":4.5,"y":-4.5},{"x":6.5,"y":-4.5},{"x":7.5,"y":-4.5},{"x":9.5,"y":-4.5},{"x":10.5,"y":-4.5},{"x":1,"y":-3.5},{"x":2,"y":-3.5},{"x":3,"y":-3.5},{"x":4,"y":-3.5},{"x":5.5,"y":-3.5},{"x":7,"y":-3.5},{"x":8,"y":-3.5},{"x":9,"y":-3.5},{"x":10,"y":-3.5},{"x":1.5,"y":-2.5},{"x":2.5,"y":-2.5},{"x":3.5,"y":-2.5},{"x":7.5,"y":-2.5},{"x":8.5,"y":-2.5},{"x":9.5,"y":-2.5},{"x":5,"y":-2},{"x":6,"y":-2},{"x":2,"y":-1.5},{"x":3,"y":-1.5},{"x":8,"y":-1.5},{"x":9,"y":-1.5},{"x":5.5,"y":-1},{"x":2.5,"y":-0.5},{"x":8.5,"y":-0.5}]},{"index":2,"tiles":[{"x":2.5,"y":-7},{"x":8.5,"y":-7},{"x":2.5,"y":-5.5},{"x":8.5,"y":-5.5},{"x":2.5,"y":-4.5},{"x":8.5,"y":-4.5},{"x":2.5,"y":-3},{"x":8.5,"y":-3}]}],"seeds":["FNFoICWEIrhwRwheE0heTONFVyFSmKgtzsRhiChwRCMmE2GIQuZsiSN2XNWY3uENkARGzAaJoFA5HcgYlReEjSiCYvAMysdx5QRaXvF1aPA5Hid1X8Etyxh2oRKG4BCon1UoSKU8mdNYX0dZxCleQ5gy"]},{"layers":[{"index":0,"tiles":[{"x":0,"y":-9.5},{"x":1,"y":-9.5},{"x":2,"y":-9.5},{"x":3,"y":-9.5},{"x":4,"y":-9.5},{"x":5,"y":-9.5},{"x":6,"y":-9.5},{"x":7,"y":-9.5},{"x":8,"y":-9.5},{"x":9,"y":-9.5},{"x":10,"y":-9.5},{"x":11,"y":-9.5},{"x":2,"y":-8.5},{"x":9,"y":-8.5},{"x":3.5,"y":-8},{"x":4.5,"y":-8},{"x":5.5,"y":-8},{"x":6.5,"y":-8},{"x":7.5,"y":-8},{"x":1.5,"y":-7.5},{"x":9.5,"y":-7.5},{"x":3,"y":-7},{"x":4,"y":-7},{"x":5,"y":-7},{"x":6,"y":-7},{"x":7,"y":-7},{"x":8,"y":-7},{"x":1,"y":-6.5},{"x":10,"y":-6.5},{"x":2.5,"y":-6},{"x":3.5,"y":-6},{"x":4.5,"y":-6},{"x":5.5,"y":-6},{"x":6.5,"y":-6},{"x":7.5,"y":-6},{"x":8.5,"y":-6},{"x":0.5,"y":-5.5},{"x":10.5,"y":-5.5},{"x":1.5,"y":-5},{"x":9.5,"y":-5},{"x":2.5,"y":-4.5},{"x":3.5,"y":-4.5},{"x":4.5,"y":-4.5},{"x":5.5,"y":-4.5},{"x":6.5,"y":-4.5},{"x":7.5,"y":-4.5},{"x":8.5,"y":-4.5},{"x":1.5,"y":-4},{"x":9.5,"y":-4},{"x":0.5,"y":-3.5},{"x":10.5,"y":-3.5},{"x":2.5,"y":-3},{"x":3.5,"y":-3},{"x":4.5,"y":-3},{"x":5.5,"y":-3},{"x":6.5,"y":-3},{"x":7.5,"y":-3},{"x":8.5,"y":-3},{"x":1,"y":-2.5},{"x":10,"y":-2.5},{"x":3,"y":-2},{"x":4,"y":-2},{"x":5,"y":-2},{"x":6,"y":-2},{"x":7,"y":-2},{"x":8,"y":-2},{"x":1.5,"y":-1.5},{"x":9.5,"y":-1.5},{"x":3.5,"y":-1},{"x":4.5,"y":-1},{"x":5.5,"y":-1},{"x":6.5,"y":-1},{"x":7.5,"y":-1},{"x":2,"y":-0.5},{"x":9,"y":-0.5}]},{"index":1,"tiles":[{"x":0.5,"y":-9},{"x":1.5,"y":-9},{"x":2.5,"y":-9},{"x":3.5,"y":-9},{"x":4.5,"y":-9},{"x":5.5,"y":-9},{"x":6.5,"y":-9},{"x":7.5,"y":-9},{"x":8.5,"y":-9},{"x":9.5,"y":-9},{"x":10.5,"y":-9},{"x":3.5,"y":-7.5},{"x":5,"y":-7.5},{"x":6,"y":-7.5},{"x":7.5,"y":-7.5},{"x":1,"y":-7},{"x":10,"y":-7},{"x":4,"y":-6.5},{"x":5,"y":-6.5},{"x":6,"y":-6.5},{"x":7,"y":-6.5},{"x":2,"y":-4.5},{"x":4,"y":-4.5},{"x":5.5,"y":-4.5},{"x":7,"y":-4.5},{"x":9,"y":-4.5},{"x":4,"y":-2.5},{"x":5,"y":-2.5},{"x":6,"y":-2.5},{"x":7,"y":-2.5},{"x":1,"y":-2},{"x":10,"y":-2},{"x":3.5,"y":-1.5},{"x":5,"y":-1.5},{"x":6,"y":-1.5},{"x":7.5,"y":-1.5}]},{"index":2,"tiles":[{"x":2,"y":-9},{"x":3,"y":-9},{"x":4,"y":-9},{"x":5,"y":-9},{"x":6,"y":-9},{"x":7,"y":-9},{"x":8,"y":-9},{"x":9,"y":-9},{"x":5.5,"y":-6.5},{"x":5.5,"y":-2.5}]},{"index":3,"tiles":[{"x":3.5,"y":-9},{"x":5.5,"y":-9},{"x":7.5,"y":-9}]}],"seeds":["nOKJxZINohFOYcWFaKQ04wIWB2g4JuaJ2JBoktcoAhh5yQF2IRNaAyE4jBhul1WmHeRRoAIFnQaKn3dtHUhN4ZMR50eB1NIFTEBGHcI9ojRFwhJ+gfBV3KQyHIcM"]},{"layers":[{"index":0,"tiles":[{"x":2,"y":-10},{"x":3,"y":-10},{"x":4,"y":-10},{"x":5,"y":-10},{"x":6,"y":-10},{"x":7,"y":-10},{"x":8,"y":-10},{"x":9,"y":-10},{"x":0.5,"y":-8.5},{"x":1.5,"y":-8.5},{"x":2.5,"y":-8.5},{"x":3.5,"y":-8.5},{"x":7.5,"y":-8.5},{"x":8.5,"y":-8.5},{"x":9.5,"y":-8.5},{"x":10.5,"y":-8.5},{"x":4.5,"y":-8},{"x":5.5,"y":-8},{"x":6.5,"y":-8},{"x":0.5,"y":-7},{"x":1.5,"y":-7},{"x":2.5,"y":-7},{"x":3.5,"y":-7},{"x":7.5,"y":-7},{"x":8.5,"y":-7},{"x":9.5,"y":-7},{"x":10.5,"y":-7},{"x":4.5,"y":-6.5},{"x":5.5,"y":-6.5},{"x":6.5,"y":-6.5},{"x":0.5,"y":-5.5},{"x":1.5,"y":-5.5},{"x":2.5,"y":-5.5},{"x":3.5,"y":-5.5},{"x":7.5,"y":-5.5},{"x":8.5,"y":-5.5},{"x":9.5,"y":-5.5},{"x":10.5,"y":-5.5},{"x":4.5,"y":-5},{"x":5.5,"y":-5},{"x":6.5,"y":-5},{"x":0.5,"y":-4},{"x":1.5,"y":-4},{"x":2.5,"y":-4},{"x":3.5,"y":-4},{"x":7.5,"y":-4},{"x":8.5,"y":-4},{"x":9.5,"y":-4},{"x":10.5,"y":-4},{"x":4.5,"y":-3.5},{"x":5.5,"y":-3.5},{"x":6.5,"y":-3.5},{"x":0.5,"y":-2.5},{"x":1.5,"y":-2.5},{"x":2.5,"y":-2.5},{"x":3.5,"y":-2.5},{"x":7.5,"y":-2.5},{"x":8.5,"y":-2.5},{"x":9.5,"y":-2.5},{"x":10.5,"y":-2.5},{"x":4.5,"y":-2},{"x":5.5,"y":-2},{"x":6.5,"y":-2},{"x":3.5,"y":-1.5},{"x":7.5,"y":-1.5},{"x":2.5,"y":-1},{"x":8.5,"y":-1},{"x":1.5,"y":-0.5},{"x":9.5,"y":-0.5}]},{"index":1,"tiles":[{"x":2.5,"y":-9.5},{"x":3.5,"y":-9.5},{"x":4.5,"y":-9.5},{"x":5.5,"y":-9.5},{"x":6.5,"y":-9.5},{"x":7.5,"y":-9.5},{"x":8.5,"y":-9.5},{"x":5,"y":-8.5},{"x":6,"y":-8.5},{"x":2,"y":-8},{"x":3,"y":-8},{"x":8,"y":-8},{"x":9,"y":-8},{"x":5,"y":-7},{"x":6,"y":-7},{"x":2,"y":-6.5},{"x":3,"y":-6.5},{"x":8,"y":-6.5},{"x":9,"y":-6.5},{"x":4,"y":-6},{"x":7,"y":-6},{"x":5,"y":-5.5},{"x":6,"y":-5.5},{"x":2,"y":-5},{"x":3,"y":-5},{"x":8,"y":-5},{"x":9,"y":-5},{"x":2.5,"y":-4},{"x":3.5,"y":-4},{"x":5,"y":-4},{"x":6,"y":-4},{"x":7.5,"y":-4},{"x":8.5,"y":-4},{"x":2,"y":-3},{"x":3,"y":-3},{"x":4,"y":-3},{"x":7,"y":-3},{"x":8,"y":-3},{"x":9,"y":-3},{"x":5,"y":-2.5},{"x":6,"y":-2.5},{"x":4,"y":-1.5},{"x":7,"y":-1.5},{"x":3,"y":-1},{"x":8,"y":-1}]},{"index":2,"tiles":[{"x":3.5,"y":-9.5},{"x":5,"y":-9.5},{"x":6,"y":-9.5},{"x":7.5,"y":-9.5},{"x":3.5,"y":-7.5},{"x":7.5,"y":-7.5},{"x":3.5,"y":-6},{"x":7.5,"y":-6},{"x":5.5,"y":-5.5},{"x":2.5,"y":-4.5},{"x":8.5,"y":-4.5},{"x":3.5,"y":-3},{"x":7.5,"y":-3},{"x":5.5,"y":-2.5}]}],"seeds":["XMUtngcimoZQogAGXOcoX9RxRFkFxFR1SlCEQ9gwzpkxl/igSuItwgExkzhuoVhFEmio4feJTyh6IeiB4gB2Q+pJXUh1HwhOFzaEVDCJArN9hkl9GbeQULEcjcIJmGUl"]},{"layers":[{"index":0,"tiles":[{"x":1,"y":-9.5},{"x":2,"y":-9.5},{"x":3,"y":-9.5},{"x":4,"y":-9.5},{"x":5,"y":-9.5},{"x":6,"y":-9.5},{"x":7,"y":-9.5},{"x":8,"y":-9.5},{"x":9,"y":-9.5},{"x":10,"y":-9.5},{"x":1.5,"y":-8.5},{"x":2.5,"y":-8.5},{"x":3.5,"y":-8.5},{"x":4.5,"y":-8.5},{"x":6.5,"y":-8.5},{"x":7.5,"y":-8.5},{"x":8.5,"y":-8.5},{"x":9.5,"y":-8.5},{"x":1,"y":-7.5},{"x":2,"y":-7.5},{"x":3,"y":-7.5},{"x":4,"y":-7.5},{"x":5,"y":-7.5},{"x":6,"y":-7.5},{"x":7,"y":-7.5},{"x":8,"y":-7.5},{"x":9,"y":-7.5},{"x":10,"y":-7.5},{"x":1.5,"y":-6.5},{"x":2.5,"y":-6.5},{"x":3.5,"y":-6.5},{"x":4.5,"y":-6.5},{"x":6.5,"y":-6.5},{"x":7.5,"y":-6.5},{"x":8.5,"y":-6.5},{"x":9.5,"y":-6.5},{"x":1,"y":-5.5},{"x":2,"y":-5.5},{"x":3,"y":-5.5},{"x":4,"y":-5.5},{"x":5,"y":-5.5},{"x":6,"y":-5.5},{"x":7,"y":-5.5},{"x":8,"y":-5.5},{"x":9,"y":-5.5},{"x":10,"y":-5.5},{"x":1,"y":-4.5},{"x":2,"y":-4.5},{"x":3,"y":-4.5},{"x":4,"y":-4.5},{"x":5,"y":-4.5},{"x":6,"y":-4.5},{"x":7,"y":-4.5},{"x":8,"y":-4.5},{"x":9,"y":-4.5},{"x":10,"y":-4.5},{"x":1.5,"y":-3.5},{"x":2.5,"y":-3.5},{"x":3.5,"y":-3.5},{"x":4.5,"y":-3.5},{"x":6.5,"y":-3.5},{"x":7.5,"y":-3.5},{"x":8.5,"y":-3.5},{"x":9.5,"y":-3.5},{"x":1,"y":-2.5},{"x":2,"y":-2.5},{"x":3,"y":-2.5},{"x":4,"y":-2.5},{"x":5,"y":-2.5},{"x":6,"y":-2.5},{"x":7,"y":-2.5},{"x":8,"y":-2.5},{"x":9,"y":-2.5},{"x":10,"y":-2.5},{"x":1.5,"y":-1.5},{"x":2.5,"y":-1.5},{"x":3.5,"y":-1.5},{"x":4.5,"y":-1.5},{"x":6.5,"y":-1.5},{"x":7.5,"y":-1.5},{"x":8.5,"y":-1.5},{"x":9.5,"y":-1.5},{"x":1,"y":-0.5},{"x":2,"y":-0.5},{"x":3,"y":-0.5},{"x":4,"y":-0.5},{"x":5,"y":-0.5},{"x":6,"y":-0.5},{"x":7,"y":-0.5},{"x":8,"y":-0.5},{"x":9,"y":-0.5},{"x":10,"y":-0.5}]},{"index":1,"tiles":[{"x":2.5,"y":-9},{"x":3.5,"y":-9},{"x":7.5,"y":-9},{"x":8.5,"y":-9},{"x":3,"y":-8},{"x":8,"y":-8},{"x":2.5,"y":-7},{"x":3.5,"y":-7},{"x":7.5,"y":-7},{"x":8.5,"y":-7},{"x":2.5,"y":-6},{"x":3.5,"y":-6},{"x":7.5,"y":-6},{"x":8.5,"y":-6},{"x":3,"y":-5},{"x":4.5,"y":-5},{"x":5.5,"y":-5},{"x":6.5,"y":-5},{"x":8,"y":-5},{"x":2.5,"y":-4},{"x":3.5,"y":-4},{"x":7.5,"y":-4},{"x":8.5,"y":-4},{"x":2.5,"y":-3},{"x":3.5,"y":-3},{"x":7.5,"y":-3},{"x":8.5,"y":-3},{"x":3,"y":-2},{"x":8,"y":-2},{"x":2.5,"y":-1},{"x":3.5,"y":-1},{"x":7.5,"y":-1},{"x":8.5,"y":-1}]},{"index":2,"tiles":[{"x":3,"y":-6.5},{"x":8,"y":-6.5},{"x":5.5,"y":-5},{"x":3,"y":-3.5},{"x":8,"y":-3.5}]}],"seeds":["1dQoV4pgYVcMmeFRkRhyDCk4ILh0zsVAHbgVShMelLZ5KvgkV9JFn7ZIUCZ8RHZxQqcEIWWBxBU8w8FRFfp5C/iB0YR5ohhehBKIncWNiyCeEsh5EYGIQRlmpgeCEzcFRgAA"]},{"layers":[{"index":0,"tiles":[{"x":0.5,"y":-10},{"x":3.5,"y":-10},{"x":7.5,"y":-10},{"x":10.5,"y":-10},{"x":1.5,"y":-9.5},{"x":2.5,"y":-9.5},{"x":4.5,"y":-9.5},{"x":5.5,"y":-9.5},{"x":6.5,"y":-9.5},{"x":8.5,"y":-9.5},{"x":9.5,"y":-9.5},{"x":0.5,"y":-9},{"x":3.5,"y":-9},{"x":7.5,"y":-9},{"x":10.5,"y":-9},{"x":0.5,"y":-8},{"x":1.5,"y":-8},{"x":2.5,"y":-8},{"x":3.5,"y":-8},{"x":4.5,"y":-8},{"x":5.5,"y":-8},{"x":6.5,"y":-8},{"x":7.5,"y":-8},{"x":8.5,"y":-8},{"x":9.5,"y":-8},{"x":10.5,"y":-8},{"x":0.5,"y":-7},{"x":3.5,"y":-7},{"x":7.5,"y":-7},{"x":10.5,"y":-7},{"x":1.5,"y":-6.5},{"x":2.5,"y":-6.5},{"x":4.5,"y":-6.5},{"x":5.5,"y":-6.5},{"x":6.5,"y":-6.5},{"x":8.5,"y":-6.5},{"x":9.5,"y":-6.5},{"x":0.5,"y":-6},{"x":3.5,"y":-6},{"x":7.5,"y":-6},{"x":10.5,"y":-6},{"x":2.5,"y":-5},{"x":3.5,"y":-5},{"x":4.5,"y":-5},{"x":5.5,"y":-5},{"x":6.5,"y":-5},{"x":7.5,"y":-5},{"x":8.5,"y":-5},{"x":0.5,"y":-4},{"x":3.5,"y":-4},{"x":7.5,"y":-4},{"x":10.5,"y":-4},{"x":1.5,"y":-3.5},{"x":2.5,"y":-3.5},{"x":4.5,"y":-3.5},{"x":5.5,"y":-3.5},{"x":6.5,"y":-3.5},{"x":8.5,"y":-3.5},{"x":9.5,"y":-3.5},{"x":0.5,"y":-3},{"x":3.5,"y":-3},{"x":7.5,"y":-3},{"x":10.5,"y":-3},{"x":0.5,"y":-2},{"x":1.5,"y":-2},{"x":2.5,"y":-2},{"x":3.5,"y":-2},{"x":4.5,"y":-2},{"x":5.5,"y":-2},{"x":6.5,"y":-2},{"x":7.5,"y":-2},{"x":8.5,"y":-2},{"x":9.5,"y":-2},{"x":10.5,"y":-2},{"x":0.5,"y":-1},{"x":3.5,"y":-1},{"x":7.5,"y":-1},{"x":10.5,"y":-1},{"x":1.5,"y":-0.5},{"x":2.5,"y":-0.5},{"x":4.5,"y":-0.5},{"x":5.5,"y":-0.5},{"x":6.5,"y":-0.5},{"x":8.5,"y":-0.5},{"x":9.5,"y":-0.5},{"x":0.5,"y":0},{"x":3.5,"y":0},{"x":7.5,"y":0},{"x":10.5,"y":0}]},{"index":1,"tiles":[{"x":2,"y":-9},{"x":4.5,"y":-9},{"x":5.5,"y":-9},{"x":6.5,"y":-9},{"x":9,"y":-9},{"x":2,"y":-8},{"x":9,"y":-8},{"x":4.5,"y":-7.5},{"x":5.5,"y":-7.5},{"x":6.5,"y":-7.5},{"x":2,"y":-7},{"x":9,"y":-7},{"x":4,"y":-6},{"x":5,"y":-6},{"x":6,"y":-6},{"x":7,"y":-6},{"x":4,"y":-5},{"x":5,"y":-5},{"x":6,"y":-5},{"x":7,"y":-5},{"x":4,"y":-4},{"x":5,"y":-4},{"x":6,"y":-4},{"x":7,"y":-4},{"x":2,"y":-3},{"x":9,"y":-3},{"x":4.5,"y":-2.5},{"x":5.5,"y":-2.5},{"x":6.5,"y":-2.5},{"x":2,"y":-2},{"x":9,"y":-2},{"x":2,"y":-1},{"x":4.5,"y":-1},{"x":5.5,"y":-1},{"x":6.5,"y":-1},{"x":9,"y":-1}]},{"index":2,"tiles":[{"x":5.5,"y":-8},{"x":5.5,"y":-5},{"x":5.5,"y":-1.5}]}],"seeds":["YMIMXCJFCPaolCeKT6CE4GZwn5eEg5I8ipR2pQI1gReGDySO3SQqAaeEXhJ8AXiBHaock6l9ypQsE1dZm/At1+F0ASF6QQKC1ukxDSlUWqBQnEEUSRiGYIQ4WMaBRaaI"]},{"layers":[{"index":0,"tiles":[{"x":2.5,"y":-9.5},{"x":8.5,"y":-9.5},{"x":1.5,"y":-9},{"x":3.5,"y":-9},{"x":5.5,"y":-9},{"x":7.5,"y":-9},{"x":9.5,"y":-9},{"x":0.5,"y":-8.5},{"x":4.5,"y":-8.5},{"x":6.5,"y":-8.5},{"x":10.5,"y":-8.5},{"x":2.5,"y":-8},{"x":5.5,"y":-8},{"x":8.5,"y":-8},{"x":1.5,"y":-7.5},{"x":3.5,"y":-7.5},{"x":7.5,"y":-7.5},{"x":9.5,"y":-7.5},{"x":0.5,"y":-7},{"x":4.5,"y":-7},{"x":5.5,"y":-7},{"x":6.5,"y":-7},{"x":10.5,"y":-7},{"x":2.5,"y":-6.5},{"x":8.5,"y":-6.5},{"x":1.5,"y":-6},{"x":3.5,"y":-6},{"x":5.5,"y":-6},{"x":7.5,"y":-6},{"x":9.5,"y":-6},{"x":0.5,"y":-5.5},{"x":4.5,"y":-5.5},{"x":6.5,"y":-5.5},{"x":10.5,"y":-5.5},{"x":2.5,"y":-5},{"x":5.5,"y":-5},{"x":8.5,"y":-5},{"x":0.5,"y":-4.5},{"x":4.5,"y":-4.5},{"x":6.5,"y":-4.5},{"x":10.5,"y":-4.5},{"x":1.5,"y":-4},{"x":3.5,"y":-4},{"x":5.5,"y":-4},{"x":7.5,"y":-4},{"x":9.5,"y":-4},{"x":2.5,"y":-3.5},{"x":8.5,"y":-3.5},{"x":0.5,"y":-3},{"x":4.5,"y":-3},{"x":5.5,"y":-3},{"x":6.5,"y":-3},{"x":10.5,"y":-3},{"x":1.5,"y":-2.5},{"x":3.5,"y":-2.5},{"x":7.5,"y":-2.5},{"x":9.5,"y":-2.5},{"x":2.5,"y":-2},{"x":5.5,"y":-2},{"x":8.5,"y":-2},{"x":0.5,"y":-1.5},{"x":4.5,"y":-1.5},{"x":6.5,"y":-1.5},{"x":10.5,"y":-1.5},{"x":1.5,"y":-1},{"x":3.5,"y":-1},{"x":5.5,"y":-1},{"x":7.5,"y":-1},{"x":9.5,"y":-1},{"x":2.5,"y":-0.5},{"x":8.5,"y":-0.5}]},{"index":1,"tiles":[{"x":2.5,"y":-9},{"x":4.5,"y":-9},{"x":6.5,"y":-9},{"x":8.5,"y":-9},{"x":1,"y":-8},{"x":4,"y":-8},{"x":5,"y":-8},{"x":6,"y":-8},{"x":7,"y":-8},{"x":10,"y":-8},{"x":3,"y":-7},{"x":5,"y":-7},{"x":6,"y":-7},{"x":8,"y":-7},{"x":1,"y":-6.5},{"x":4,"y":-6.5},{"x":7,"y":-6.5},{"x":10,"y":-6.5},{"x":2.5,"y":-6},{"x":5,"y":-6},{"x":6,"y":-6},{"x":8.5,"y":-6},{"x":1,"y":-5},{"x":2,"y":-5},{"x":4.5,"y":-5},{"x":5.5,"y":-5},{"x":6.5,"y":-5},{"x":9,"y":-5},{"x":10,"y":-5},{"x":2.5,"y":-4},{"x":5,"y":-4},{"x":6,"y":-4},{"x":8.5,"y":-4},{"x":1,"y":-3.5},{"x":4,"y":-3.5},{"x":7,"y":-3.5},{"x":10,"y":-3.5},{"x":3,"y":-3},{"x":5,"y":-3},{"x":6,"y":-3},{"x":8,"y":-3},{"x":1,"y":-2},{"x":4,"y":-2},{"x":5,"y":-2},{"x":6,"y":-2},{"x":7,"y":-2},{"x":10,"y":-2},{"x":2.5,"y":-1},{"x":4.5,"y":-1},{"x":6.5,"y":-1},{"x":8.5,"y":-1}]},{"index":2,"tiles":[{"x":5.5,"y":-8},{"x":4,"y":-6.5},{"x":5.5,"y":-6.5},{"x":7,"y":-6.5},{"x":1.5,"y":-5},{"x":9.5,"y":-5},{"x":4,"y":-3.5},{"x":5.5,"y":-3.5},{"x":7,"y":-3.5},{"x":5.5,"y":-2}]}],"seeds":["zxeA4uJwRPJpwuEdWiSmF2gN4OY4Glhwj4aFwhRAUMhNatUwYhiOlRIkHzFtl9ENBkdJYZIhXbWUiOJJnpgUHQUKYRieYdVZQwAuZjegGJiJkSI6yhJSnMd4FOmBwccFTTcJ"]},{"layers":[{"index":0,"tiles":[{"x":0.5,"y":-9.5},{"x":5.5,"y":-9.5},{"x":10.5,"y":-9.5},{"x":1.5,"y":-9},{"x":4.5,"y":-9},{"x":6.5,"y":-9},{"x":9.5,"y":-9},{"x":2.5,"y":-8.5},{"x":3.5,"y":-8.5},{"x":5.5,"y":-8.5},{"x":7.5,"y":-8.5},{"x":8.5,"y":-8.5},{"x":1.5,"y":-7.5},{"x":2.5,"y":-7.5},{"x":3.5,"y":-7.5},{"x":4.5,"y":-7.5},{"x":5.5,"y":-7.5},{"x":6.5,"y":-7.5},{"x":7.5,"y":-7.5},{"x":8.5,"y":-7.5},{"x":9.5,"y":-7.5},{"x":2.5,"y":-6.5},{"x":3.5,"y":-6.5},{"x":5.5,"y":-6.5},{"x":7.5,"y":-6.5},{"x":8.5,"y":-6.5},{"x":1.5,"y":-6},{"x":4.5,"y":-6},{"x":6.5,"y":-6},{"x":9.5,"y":-6},{"x":0.5,"y":-5.5},{"x":5.5,"y":-5.5},{"x":10.5,"y":-5.5},{"x":2.5,"y":-5},{"x":3.5,"y":-5},{"x":4.5,"y":-5},{"x":6.5,"y":-5},{"x":7.5,"y":-5},{"x":8.5,"y":-5},{"x":0.5,"y":-4.5},{"x":5.5,"y":-4.5},{"x":10.5,"y":-4.5},{"x":1.5,"y":-4},{"x":4.5,"y":-4},{"x":6.5,"y":-4},{"x":9.5,"y":-4},{"x":2.5,"y":-3.5},{"x":3.5,"y":-3.5},{"x":5.5,"y":-3.5},{"x":7.5,"y":-3.5},{"x":8.5,"y":-3.5},{"x":1.5,"y":-2.5},{"x":2.5,"y":-2.5},{"x":3.5,"y":-2.5},{"x":4.5,"y":-2.5},{"x":5.5,"y":-2.5},{"x":6.5,"y":-2.5},{"x":7.5,"y":-2.5},{"x":8.5,"y":-2.5},{"x":9.5,"y":-2.5},{"x":2.5,"y":-1.5},{"x":3.5,"y":-1.5},{"x":5.5,"y":-1.5},{"x":7.5,"y":-1.5},{"x":8.5,"y":-1.5},{"x":1.5,"y":-1},{"x":4.5,"y":-1},{"x":6.5,"y":-1},{"x":9.5,"y":-1},{"x":0.5,"y":-0.5},{"x":5.5,"y":-0.5},{"x":10.5,"y":-0.5}]},{"index":1,"tiles":[{"x":2,"y":-9},{"x":4,"y":-9},{"x":7,"y":-9},{"x":9,"y":-9},{"x":5.5,"y":-8.5},{"x":3,"y":-8},{"x":8,"y":-8},{"x":4,"y":-7.5},{"x":5,"y":-7.5},{"x":6,"y":-7.5},{"x":7,"y":-7.5},{"x":3,"y":-7},{"x":8,"y":-7},{"x":5.5,"y":-6.5},{"x":2,"y":-6},{"x":4,"y":-6},{"x":7,"y":-6},{"x":9,"y":-6},{"x":4,"y":-5},{"x":5.5,"y":-5},{"x":7,"y":-5},{"x":2,"y":-4},{"x":4,"y":-4},{"x":7,"y":-4},{"x":9,"y":-4},{"x":5.5,"y":-3.5},{"x":3,"y":-3},{"x":8,"y":-3},{"x":4,"y":-2.5},{"x":5,"y":-2.5},{"x":6,"y":-2.5},{"x":7,"y":-2.5},{"x":3,"y":-2},{"x":8,"y":-2},{"x":5.5,"y":-1.5},{"x":2,"y":-1},{"x":4,"y":-1},{"x":7,"y":-1},{"x":9,"y":-1}]},{"index":2,"tiles":[{"x":3,"y":-7.5},{"x":4.5,"y":-7.5},{"x":6.5,"y":-7.5},{"x":8,"y":-7.5},{"x":2,"y":-5.5},{"x":9,"y":-5.5},{"x":4.5,"y":-5},{"x":6.5,"y":-5},{"x":2,"y":-4.5},{"x":9,"y":-4.5},{"x":3,"y":-2.5},{"x":4.5,"y":-2.5},{"x":6.5,"y":-2.5},{"x":8,"y":-2.5}]},{"index":3,"tiles":[{"x":5,"y":-5},{"x":6,"y":-5}]},{"index":4,"tiles":[{"x":5.5,"y":-5}]}],"seeds":["iYg8zHQlivqAV9KRHFdYoaI11IZpziNJjFM2oAApUBAMXFYMQZignoCJIAeGHdclxuSJz/KFRqd8U9d9XSKCB+eFQRWEoKJ0y7Rx5/eFKZJEkUiZxPgRgVglWShanOgd"]},{"layers":[{"index":0,"tiles":[{"x":1.5,"y":-9.5},{"x":2.5,"y":-9.5},{"x":3.5,"y":-9.5},{"x":4.5,"y":-9.5},{"x":6.5,"y":-9.5},{"x":7.5,"y":-9.5},{"x":8.5,"y":-9.5},{"x":9.5,"y":-9.5},{"x":0.5,"y":-8.5},{"x":5.5,"y":-8.5},{"x":10.5,"y":-8.5},{"x":1.5,"y":-8},{"x":2.5,"y":-8},{"x":3.5,"y":-8},{"x":7.5,"y":-8},{"x":8.5,"y":-8},{"x":9.5,"y":-8},{"x":0.5,"y":-7.5},{"x":5.5,"y":-7.5},{"x":10.5,"y":-7.5},{"x":1.5,"y":-6.5},{"x":2.5,"y":-6.5},{"x":3.5,"y":-6.5},{"x":4.5,"y":-6.5},{"x":6.5,"y":-6.5},{"x":7.5,"y":-6.5},{"x":8.5,"y":-6.5},{"x":9.5,"y":-6.5},{"x":0.5,"y":-5.5},{"x":5.5,"y":-5.5},{"x":10.5,"y":-5.5},{"x":1.5,"y":-5},{"x":2.5,"y":-5},{"x":3.5,"y":-5},{"x":7.5,"y":-5},{"x":8.5,"y":-5},{"x":9.5,"y":-5},{"x":0.5,"y":-4.5},{"x":5.5,"y":-4.5},{"x":10.5,"y":-4.5},{"x":1.5,"y":-3.5},{"x":2.5,"y":-3.5},{"x":3.5,"y":-3.5},{"x":4.5,"y":-3.5},{"x":6.5,"y":-3.5},{"x":7.5,"y":-3.5},{"x":8.5,"y":-3.5},{"x":9.5,"y":-3.5},{"x":0.5,"y":-2.5},{"x":5.5,"y":-2.5},{"x":10.5,"y":-2.5},{"x":1.5,"y":-2},{"x":2.5,"y":-2},{"x":3.5,"y":-2},{"x":7.5,"y":-2},{"x":8.5,"y":-2},{"x":9.5,"y":-2},{"x":0.5,"y":-1.5},{"x":5.5,"y":-1.5},{"x":10.5,"y":-1.5},{"x":1.5,"y":-0.5},{"x":2.5,"y":-0.5},{"x":3.5,"y":-0.5},{"x":4.5,"y":-0.5},{"x":6.5,"y":-0.5},{"x":7.5,"y":-0.5},{"x":8.5,"y":-0.5},{"x":9.5,"y":-0.5}]},{"index":1,"tiles":[{"x":3,"y":-9.5},{"x":8,"y":-9.5},{"x":1.5,"y":-8},{"x":3,"y":-8},{"x":4,"y":-8},{"x":5,"y":-8},{"x":6,"y":-8},{"x":7,"y":-8},{"x":8,"y":-8},{"x":9.5,"y":-8},{"x":3,"y":-7},{"x":8,"y":-7},{"x":3,"y":-6},{"x":8,"y":-6},{"x":1.5,"y":-5},{"x":3,"y":-5},{"x":4,"y":-5},{"x":7,"y":-5},{"x":8,"y":-5},{"x":9.5,"y":-5},{"x":3,"y":-4},{"x":8,"y":-4},{"x":3,"y":-3},{"x":8,"y":-3},{"x":1.5,"y":-2},{"x":3,"y":-2},{"x":4,"y":-2},{"x":5,"y":-2},{"x":6,"y":-2},{"x":7,"y":-2},{"x":8,"y":-2},{"x":9.5,"y":-2},{"x":3,"y":-0.5},{"x":8,"y":-0.5}]},{"index":2,"tiles":[{"x":4.5,"y":-8},{"x":5.5,"y":-8},{"x":6.5,"y":-8},{"x":3,"y":-6.5},{"x":8,"y":-6.5},{"x":3,"y":-5.5},{"x":8,"y":-5.5},{"x":3,"y":-4.5},{"x":8,"y":-4.5},{"x":3,"y":-3.5},{"x":8,"y":-3.5},{"x":4.5,"y":-2},{"x":5.5,"y":-2},{"x":6.5,"y":-2}]},{"index":3,"tiles":[{"x":3,"y":-6},{"x":8,"y":-6},{"x":3,"y":-4},{"x":8,"y":-4}]}],"seeds":["4HE0EBeMJFcGYTgNoPdhGld1UQZx09OJGkadytcY3seF1ecUndVR0BYYnCJuAgKiE6E8IhMlzjZtRBh6XocsXXhB4oCAIJgJWSFdprgoiWghjASGapOlYBA2"]},{"layers":[{"index":0,"tiles":[{"x":2,"y":-9.5},{"x":3,"y":-9.5},{"x":8,"y":-9.5},{"x":9,"y":-9.5},{"x":1,"y":-9},{"x":4,"y":-9},{"x":7,"y":-9},{"x":10,"y":-9},{"x":0,"y":-8.5},{"x":2,"y":-8.5},{"x":3,"y":-8.5},{"x":5,"y":-8.5},{"x":6,"y":-8.5},{"x":8,"y":-8.5},{"x":9,"y":-8.5},{"x":11,"y":-8.5},{"x":0,"y":-7.5},{"x":2,"y":-7.5},{"x":3,"y":-7.5},{"x":5,"y":-7.5},{"x":6,"y":-7.5},{"x":8,"y":-7.5},{"x":9,"y":-7.5},{"x":11,"y":-7.5},{"x":1,"y":-7},{"x":4,"y":-7},{"x":7,"y":-7},{"x":10,"y":-7},{"x":2,"y":-6.5},{"x":3,"y":-6.5},{"x":5,"y":-6.5},{"x":6,"y":-6.5},{"x":8,"y":-6.5},{"x":9,"y":-6.5},{"x":1,"y":-6},{"x":4,"y":-6},{"x":7,"y":-6},{"x":10,"y":-6},{"x":0,"y":-5.5},{"x":5,"y":-5.5},{"x":6,"y":-5.5},{"x":11,"y":-5.5},{"x":2.5,"y":-5},{"x":8.5,"y":-5},{"x":0,"y":-4.5},{"x":5,"y":-4.5},{"x":6,"y":-4.5},{"x":11,"y":-4.5},{"x":1,"y":-4},{"x":4,"y":-4},{"x":7,"y":-4},{"x":10,"y":-4},{"x":2,"y":-3.5},{"x":3,"y":-3.5},{"x":5,"y":-3.5},{"x":6,"y":-3.5},{"x":8,"y":-3.5},{"x":9,"y":-3.5},{"x":1,"y":-3},{"x":4,"y":-3},{"x":7,"y":-3},{"x":10,"y":-3},{"x":0,"y":-2.5},{"x":2,"y":-2.5},{"x":3,"y":-2.5},{"x":5,"y":-2.5},{"x":6,"y":-2.5},{"x":8,"y":-2.5},{"x":9,"y":-2.5},{"x":11,"y":-2.5},{"x":0,"y":-1.5},{"x":2,"y":-1.5},{"x":3,"y":-1.5},{"x":5,"y":-1.5},{"x":6,"y":-1.5},{"x":8,"y":-1.5},{"x":9,"y":-1.5},{"x":11,"y":-1.5},{"x":1,"y":-1},{"x":4,"y":-1},{"x":7,"y":-1},{"x":10,"y":-1},{"x":2,"y":-0.5},{"x":3,"y":-0.5},{"x":8,"y":-0.5},{"x":9,"y":-0.5}]},{"index":1,"tiles":[{"x":1.5,"y":-9},{"x":2.5,"y":-9},{"x":3.5,"y":-9},{"x":7.5,"y":-9},{"x":8.5,"y":-9},{"x":9.5,"y":-9},{"x":2.5,"y":-8},{"x":4.5,"y":-8},{"x":5.5,"y":-8},{"x":6.5,"y":-8},{"x":8.5,"y":-8},{"x":1.5,"y":-7},{"x":2.5,"y":-7},{"x":3.5,"y":-7},{"x":5.5,"y":-7},{"x":7.5,"y":-7},{"x":8.5,"y":-7},{"x":9.5,"y":-7},{"x":5.5,"y":-6},{"x":4.5,"y":-5},{"x":5.5,"y":-5},{"x":6.5,"y":-5},{"x":5.5,"y":-4},{"x":7.5,"y":-4},{"x":8.5,"y":-4},{"x":9.5,"y":-4},{"x":1.5,"y":-3.5},{"x":3.5,"y":-3.5},{"x":2.5,"y":-3},{"x":5.5,"y":-3},{"x":8.5,"y":-3},{"x":2.5,"y":-2},{"x":4.5,"y":-2},{"x":5.5,"y":-2},{"x":6.5,"y":-2},{"x":8.5,"y":-2},{"x":1.5,"y":-1},{"x":2.5,"y":-1},{"x":3.5,"y":-1},{"x":7.5,"y":-1},{"x":8.5,"y":-1},{"x":9.5,"y":-1}]}],"seeds":["SwJ+xjZpiLh04tVRJHgsVvdUy9RxA2hVKjeijUcxikgITENlkwQKEaRAXlhwkScwntF5A5UyGxaBp4OEghiCghl8AZiIj8BBX+F0Aah4kQKFEieWQeh9oTZh3cV13pER"]},{"layers":[{"index":0,"tiles":[{"x":1,"y":-9.5},{"x":2,"y":-9.5},{"x":3,"y":-9.5},{"x":4,"y":-9.5},{"x":7,"y":-9.5},{"x":8,"y":-9.5},{"x":9,"y":-9.5},{"x":10,"y":-9.5},{"x":1.5,"y":-8.5},{"x":2.5,"y":-8.5},{"x":3.5,"y":-8.5},{"x":4.5,"y":-8.5},{"x":6.5,"y":-8.5},{"x":7.5,"y":-8.5},{"x":8.5,"y":-8.5},{"x":9.5,"y":-8.5},{"x":2,"y":-7.5},{"x":3,"y":-7.5},{"x":4,"y":-7.5},{"x":5,"y":-7.5},{"x":6,"y":-7.5},{"x":7,"y":-7.5},{"x":8,"y":-7.5},{"x":9,"y":-7.5},{"x":0.5,"y":-6},{"x":1.5,"y":-6},{"x":2.5,"y":-6},{"x":3.5,"y":-6},{"x":4.5,"y":-6},{"x":6.5,"y":-6},{"x":7.5,"y":-6},{"x":8.5,"y":-6},{"x":9.5,"y":-6},{"x":10.5,"y":-6},{"x":1.5,"y":-5},{"x":2.5,"y":-5},{"x":3.5,"y":-5},{"x":4.5,"y":-5},{"x":5.5,"y":-5},{"x":6.5,"y":-5},{"x":7.5,"y":-5},{"x":8.5,"y":-5},{"x":9.5,"y":-5},{"x":0.5,"y":-4},{"x":1.5,"y":-4},{"x":2.5,"y":-4},{"x":3.5,"y":-4},{"x":4.5,"y":-4},{"x":6.5,"y":-4},{"x":7.5,"y":-4},{"x":8.5,"y":-4},{"x":9.5,"y":-4},{"x":10.5,"y":-4},{"x":2,"y":-2.5},{"x":3,"y":-2.5},{"x":4,"y":-2.5},{"x":5,"y":-2.5},{"x":6,"y":-2.5},{"x":7,"y":-2.5},{"x":8,"y":-2.5},{"x":9,"y":-2.5},{"x":1.5,"y":-1.5},{"x":2.5,"y":-1.5},{"x":3.5,"y":-1.5},{"x":4.5,"y":-1.5},{"x":6.5,"y":-1.5},{"x":7.5,"y":-1.5},{"x":8.5,"y":-1.5},{"x":9.5,"y":-1.5},{"x":1,"y":-0.5},{"x":2,"y":-0.5},{"x":3,"y":-0.5},{"x":4,"y":-0.5},{"x":7,"y":-0.5},{"x":8,"y":-0.5},{"x":9,"y":-0.5},{"x":10,"y":-0.5}]},{"index":1,"tiles":[{"x":2.5,"y":-9},{"x":8.5,"y":-9},{"x":3,"y":-8},{"x":8,"y":-8},{"x":4,"y":-7.5},{"x":5,"y":-7.5},{"x":6,"y":-7.5},{"x":7,"y":-7.5},{"x":0.5,"y":-6.5},{"x":10.5,"y":-6.5},{"x":1,"y":-5.5},{"x":2,"y":-5.5},{"x":3,"y":-5.5},{"x":8,"y":-5.5},{"x":9,"y":-5.5},{"x":10,"y":-5.5},{"x":4,"y":-5},{"x":5.5,"y":-5},{"x":7,"y":-5},{"x":1,"y":-4.5},{"x":2,"y":-4.5},{"x":3,"y":-4.5},{"x":8,"y":-4.5},{"x":9,"y":-4.5},{"x":10,"y":-4.5},{"x":0.5,"y":-3.5},{"x":10.5,"y":-3.5},{"x":4,"y":-2.5},{"x":5,"y":-2.5},{"x":6,"y":-2.5},{"x":7,"y":-2.5},{"x":3,"y":-2},{"x":8,"y":-2},{"x":2.5,"y":-1},{"x":8.5,"y":-1}]},{"index":2,"tiles":[{"x":4.5,"y":-7.5},{"x":6.5,"y":-7.5},{"x":0.5,"y":-5.5},{"x":10.5,"y":-5.5},{"x":1.5,"y":-5},{"x":2.5,"y":-5},{"x":4.5,"y":-5},{"x":6.5,"y":-5},{"x":8.5,"y":-5},{"x":9.5,"y":-5},{"x":0.5,"y":-4.5},{"x":10.5,"y":-4.5},{"x":4.5,"y":-2.5},{"x":6.5,"y":-2.5}]},{"index":3,"tiles":[{"x":1.5,"y":-5},{"x":9.5,"y":-5}]}],"seeds":["oZFsKBRWD8FZ4QERZdSZ4hCC3yEU3+dcH9Yhm6U8zNQh2hcWhiOKDOdxIqeCIKcxHkl5S0Bl1LBM1RQsAeMpHRiEFShIF5h6SsVhS9I13teMoSScYCiCQycqk9BF2dBR"]},{"layers":[{"index":0,"tiles":[{"x":3,"y":-9},{"x":4,"y":-9},{"x":5,"y":-9},{"x":8.5,"y":-9},{"x":9.5,"y":-9},{"x":10.5,"y":-9},{"x":2,"y":-8.5},{"x":7.5,"y":-8.5},{"x":1,"y":-8},{"x":3,"y":-8},{"x":4,"y":-8},{"x":6.5,"y":-8},{"x":8.5,"y":-8},{"x":9.5,"y":-8},{"x":2,"y":-7.5},{"x":7.5,"y":-7.5},{"x":3,"y":-7},{"x":4,"y":-7},{"x":5,"y":-7},{"x":8.5,"y":-7},{"x":9.5,"y":-7},{"x":10.5,"y":-7},{"x":1,"y":-5.5},{"x":2,"y":-5.5},{"x":3,"y":-5.5},{"x":4,"y":-5.5},{"x":5,"y":-5.5},{"x":6,"y":-5},{"x":2,"y":-4.5},{"x":3,"y":-4.5},{"x":4,"y":-4.5},{"x":5,"y":-4.5},{"x":7,"y":-4.5},{"x":6,"y":-4},{"x":8,"y":-4},{"x":3,"y":-3.5},{"x":4,"y":-3.5},{"x":5,"y":-3.5},{"x":7,"y":-3.5},{"x":9,"y":-3.5},{"x":6,"y":-3},{"x":8,"y":-3},{"x":10,"y":-3},{"x":3,"y":-2.5},{"x":4,"y":-2.5},{"x":5,"y":-2.5},{"x":7,"y":-2.5},{"x":9,"y":-2.5},{"x":6,"y":-2},{"x":8,"y":-2},{"x":2,"y":-1.5},{"x":3,"y":-1.5},{"x":4,"y":-1.5},{"x":5,"y":-1.5},{"x":7,"y":-1.5},{"x":6,"y":-1},{"x":1,"y":-0.5},{"x":2,"y":-0.5},{"x":3,"y":-0.5},{"x":4,"y":-0.5},{"x":5,"y":-0.5}]},{"index":1,"tiles":[{"x":2.5,"y":-5},{"x":3.5,"y":-5},{"x":4.5,"y":-5},{"x":5.5,"y":-5},{"x":6.5,"y":-4.5},{"x":3.5,"y":-4},{"x":4.5,"y":-4},{"x":5.5,"y":-4},{"x":7.5,"y":-4},{"x":6.5,"y":-3.5},{"x":8.5,"y":-3.5},{"x":4.5,"y":-3},{"x":5.5,"y":-3},{"x":7.5,"y":-3},{"x":9.5,"y":-3},{"x":6.5,"y":-2.5},{"x":8.5,"y":-2.5},{"x":3.5,"y":-2},{"x":4.5,"y":-2},{"x":5.5,"y":-2},{"x":7.5,"y":-2},{"x":6.5,"y":-1.5},{"x":2.5,"y":-1},{"x":3.5,"y":-1},{"x":4.5,"y":-1},{"x":5.5,"y":-1}]},{"index":2,"tiles":[{"x":4,"y":-4.5},{"x":5,"y":-4.5},{"x":6,"y":-4.5},{"x":7,"y":-4},{"x":5,"y":-3.5},{"x":6,"y":-3.5},{"x":8,"y":-3.5},{"x":7,"y":-3},{"x":9,"y":-3},{"x":5,"y":-2.5},{"x":6,"y":-2.5},{"x":8,"y":-2.5},{"x":7,"y":-2},{"x":4,"y":-1.5},{"x":5,"y":-1.5},{"x":6,"y":-1.5}]},{"index":3,"tiles":[{"x":5.5,"y":-4},{"x":6.5,"y":-4},{"x":7.5,"y":-3.5},{"x":6,"y":-3},{"x":8.5,"y":-3},{"x":7.5,"y":-2.5},{"x":5.5,"y":-2},{"x":6.5,"y":-2}]},{"index":4,"tiles":[{"x":7.5,"y":-3}]}],"seeds":["HiVwzhgpYGcFm6YUwoMEItiFHvhMmfGVIkciIYSpkFBQQxdgyZYsItpN1zlx2iWC4PQ5nLiAx/B1IRcqYhYYXtVJzHd4SrUIKQES0hIxVmOCIRc2"]},{"layers":[{"index":0,"tiles":[{"x":2.5,"y":-9.5},{"x":3.5,"y":-9.5},{"x":4.5,"y":-9.5},{"x":5.5,"y":-9.5},{"x":6.5,"y":-9.5},{"x":7.5,"y":-9.5},{"x":8.5,"y":-9.5},{"x":1.5,"y":-9},{"x":9.5,"y":-9},{"x":0.5,"y":-8.5},{"x":3,"y":-8.5},{"x":4,"y":-8.5},{"x":5,"y":-8.5},{"x":6,"y":-8.5},{"x":7,"y":-8.5},{"x":8,"y":-8.5},{"x":10.5,"y":-8.5},{"x":0.5,"y":-7.5},{"x":4,"y":-7.5},{"x":5,"y":-7.5},{"x":6,"y":-7.5},{"x":7,"y":-7.5},{"x":10.5,"y":-7.5},{"x":1.5,"y":-7},{"x":9.5,"y":-7},{"x":2.5,"y":-6.5},{"x":3.5,"y":-6.5},{"x":4.5,"y":-6.5},{"x":5.5,"y":-6.5},{"x":6.5,"y":-6.5},{"x":7.5,"y":-6.5},{"x":8.5,"y":-6.5},{"x":1.5,"y":-6},{"x":9.5,"y":-6},{"x":0.5,"y":-5.5},{"x":3,"y":-5.5},{"x":4,"y":-5.5},{"x":5,"y":-5.5},{"x":6,"y":-5.5},{"x":7,"y":-5.5},{"x":8,"y":-5.5},{"x":10.5,"y":-5.5},{"x":1.5,"y":-5},{"x":9.5,"y":-5},{"x":0.5,"y":-4.5},{"x":4,"y":-4.5},{"x":5,"y":-4.5},{"x":6,"y":-4.5},{"x":7,"y":-4.5},{"x":10.5,"y":-4.5},{"x":1.5,"y":-4},{"x":9.5,"y":-4},{"x":2.5,"y":-3.5},{"x":3.5,"y":-3.5},{"x":4.5,"y":-3.5},{"x":5.5,"y":-3.5},{"x":6.5,"y":-3.5},{"x":7.5,"y":-3.5},{"x":8.5,"y":-3.5},{"x":1.5,"y":-3},{"x":9.5,"y":-3},{"x":0.5,"y":-2.5},{"x":4,"y":-2.5},{"x":5,"y":-2.5},{"x":6,"y":-2.5},{"x":7,"y":-2.5},{"x":10.5,"y":-2.5},{"x":0.5,"y":-1.5},{"x":3,"y":-1.5},{"x":4,"y":-1.5},{"x":5,"y":-1.5},{"x":6,"y":-1.5},{"x":7,"y":-1.5},{"x":8,"y":-1.5},{"x":10.5,"y":-1.5},{"x":1.5,"y":-1},{"x":9.5,"y":-1},{"x":2.5,"y":-0.5},{"x":3.5,"y":-0.5},{"x":4.5,"y":-0.5},{"x":5.5,"y":-0.5},{"x":6.5,"y":-0.5},{"x":7.5,"y":-0.5},{"x":8.5,"y":-0.5}]},{"index":1,"tiles":[{"x":1.5,"y":-9},{"x":4,"y":-9},{"x":5,"y":-9},{"x":6,"y":-9},{"x":7,"y":-9},{"x":9.5,"y":-9},{"x":5.5,"y":-8},{"x":2,"y":-6.5},{"x":3,"y":-6.5},{"x":4,"y":-6.5},{"x":5,"y":-6.5},{"x":6,"y":-6.5},{"x":7,"y":-6.5},{"x":8,"y":-6.5},{"x":9,"y":-6.5},{"x":5,"y":-5.5},{"x":6,"y":-5.5},{"x":0.5,"y":-5},{"x":10.5,"y":-5},{"x":4.5,"y":-4.5},{"x":5.5,"y":-4.5},{"x":6.5,"y":-4.5},{"x":2,"y":-3.5},{"x":3,"y":-3.5},{"x":4,"y":-3.5},{"x":5,"y":-3.5},{"x":6,"y":-3.5},{"x":7,"y":-3.5},{"x":8,"y":-3.5},{"x":9,"y":-3.5},{"x":4.5,"y":-2},{"x":5.5,"y":-2},{"x":6.5,"y":-2},{"x":4,"y":-1},{"x":5,"y":-1},{"x":6,"y":-1},{"x":7,"y":-1}]},{"index":2,"tiles":[{"x":5.5,"y":-9},{"x":3,"y":-6.5},{"x":5,"y":-6.5},{"x":6,"y":-6.5},{"x":8,"y":-6.5},{"x":4,"y":-6},{"x":7,"y":-6},{"x":5,"y":-4.5},{"x":6,"y":-4.5},{"x":3,"y":-3.5},{"x":5,"y":-3.5},{"x":6,"y":-3.5},{"x":8,"y":-3.5},{"x":5.5,"y":-1}]},{"index":3,"tiles":[{"x":5.5,"y":-6.5},{"x":4.5,"y":-6},{"x":6.5,"y":-6},{"x":5.5,"y":-4},{"x":3.5,"y":-3},{"x":7.5,"y":-3}]},{"index":4,"tiles":[{"x":5.5,"y":-6.5}]}],"seeds":["X6UJD0hRh4FwntSFVKMMKhgizBIm0caRXgWG3seBlxNkIvd9RdCI1TWAFuclhQNKVWMFTVpYnEiAnzgRGChwYWQpnglOC9h1SsaJ08mUxyKEIiMOzxCOX4hBWtd1BUGhBLQpxuQFAzMsogAA"]},{"layers":[{"index":0,"tiles":[{"x":0.5,"y":-10},{"x":1.5,"y":-10},{"x":2.5,"y":-10},{"x":6,"y":-10},{"x":8,"y":-10},{"x":10,"y":-10},{"x":3.5,"y":-9.5},{"x":7,"y":-9.5},{"x":9,"y":-9.5},{"x":11,"y":-9.5},{"x":0.5,"y":-9},{"x":1.5,"y":-9},{"x":2.5,"y":-9},{"x":4.5,"y":-9},{"x":8,"y":-9},{"x":10,"y":-9},{"x":3.5,"y":-8.5},{"x":5.5,"y":-8.5},{"x":9,"y":-8.5},{"x":11,"y":-8.5},{"x":0.5,"y":-8},{"x":1.5,"y":-8},{"x":2.5,"y":-8},{"x":4.5,"y":-8},{"x":6.5,"y":-8},{"x":10,"y":-8},{"x":3.5,"y":-7.5},{"x":5.5,"y":-7.5},{"x":7.5,"y":-7.5},{"x":11,"y":-7.5},{"x":0.5,"y":-7},{"x":1.5,"y":-7},{"x":2.5,"y":-7},{"x":4.5,"y":-7},{"x":6.5,"y":-7},{"x":10,"y":-7},{"x":3.5,"y":-6.5},{"x":5.5,"y":-6.5},{"x":9,"y":-6.5},{"x":11,"y":-6.5},{"x":0.5,"y":-6},{"x":1.5,"y":-6},{"x":2.5,"y":-6},{"x":4.5,"y":-6},{"x":8,"y":-6},{"x":10,"y":-6},{"x":3.5,"y":-5.5},{"x":7,"y":-5.5},{"x":9,"y":-5.5},{"x":11,"y":-5.5},{"x":0.5,"y":-5},{"x":1.5,"y":-5},{"x":2.5,"y":-5},{"x":6,"y":-5},{"x":8,"y":-5},{"x":10,"y":-5},{"x":3.5,"y":-4.5},{"x":7,"y":-4.5},{"x":9,"y":-4.5},{"x":11,"y":-4.5},{"x":0.5,"y":-4},{"x":1.5,"y":-4},{"x":2.5,"y":-4},{"x":4.5,"y":-4},{"x":8,"y":-4},{"x":10,"y":-4},{"x":3.5,"y":-3.5},{"x":5.5,"y":-3.5},{"x":9,"y":-3.5},{"x":11,"y":-3.5},{"x":0.5,"y":-3},{"x":1.5,"y":-3},{"x":2.5,"y":-3},{"x":4.5,"y":-3},{"x":6.5,"y":-3},{"x":10,"y":-3},{"x":3.5,"y":-2.5},{"x":5.5,"y":-2.5},{"x":7.5,"y":-2.5},{"x":11,"y":-2.5},{"x":0.5,"y":-2},{"x":1.5,"y":-2},{"x":2.5,"y":-2},{"x":4.5,"y":-2},{"x":6.5,"y":-2},{"x":10,"y":-2},{"x":3.5,"y":-1.5},{"x":5.5,"y":-1.5},{"x":9,"y":-1.5},{"x":11,"y":-1.5},{"x":0.5,"y":-1},{"x":1.5,"y":-1},{"x":2.5,"y":-1},{"x":4.5,"y":-1},{"x":8,"y":-1},{"x":10,"y":-1},{"x":3.5,"y":-0.5},{"x":7,"y":-0.5},{"x":9,"y":-0.5},{"x":11,"y":-0.5},{"x":0.5,"y":0},{"x":1.5,"y":0},{"x":2.5,"y":0},{"x":6,"y":0},{"x":8,"y":0},{"x":10,"y":0}]},{"index":1,"tiles":[{"x":7.5,"y":-10},{"x":2,"y":-9.5},{"x":9.5,"y":-9.5},{"x":3,"y":-9},{"x":2,"y":-8.5},{"x":4,"y":-8.5},{"x":9.5,"y":-8.5},{"x":3,"y":-8},{"x":5,"y":-8},{"x":2,"y":-7.5},{"x":4,"y":-7.5},{"x":6,"y":-7.5},{"x":3,"y":-7},{"x":5,"y":-7},{"x":2,"y":-6.5},{"x":4,"y":-6.5},{"x":3,"y":-6},{"x":9.5,"y":-6},{"x":2,"y":-5.5},{"x":8.5,"y":-5.5},{"x":7.5,"y":-5},{"x":9.5,"y":-5},{"x":2,"y":-4.5},{"x":8.5,"y":-4.5},{"x":3,"y":-4},{"x":9.5,"y":-4},{"x":2,"y":-3.5},{"x":4,"y":-3.5},{"x":3,"y":-3},{"x":5,"y":-3},{"x":2,"y":-2.5},{"x":4,"y":-2.5},{"x":6,"y":-2.5},{"x":3,"y":-2},{"x":5,"y":-2},{"x":2,"y":-1.5},{"x":4,"y":-1.5},{"x":9.5,"y":-1.5},{"x":3,"y":-1},{"x":2,"y":-0.5},{"x":9.5,"y":-0.5},{"x":7.5,"y":0}]},{"index":2,"tiles":[{"x":3.5,"y":-8},{"x":4.5,"y":-7.5},{"x":3.5,"y":-7},{"x":3.5,"y":-3},{"x":4.5,"y":-2.5},{"x":3.5,"y":-2}]}],"seeds":["wUcEjcZYQ0VhoCIRYbeEhzA4oMCEZMZpkdMhglgoVtCIm2pVF0NwhmKAYGhwlBd1U4BxYLdgXWddXxh21MMlhQANnvM1DEp8zlV5R4psoVdwIBc2hQKKIlWB35Q9iRiCnDGBnXdC4iiWYug95rc8A7Zc0gQA"]},{"layers":[{"index":0,"tiles":[{"x":3.5,"y":-9.5},{"x":7.5,"y":-9.5},{"x":4.5,"y":-9},{"x":5.5,"y":-9},{"x":6.5,"y":-9},{"x":1,"y":-8.5},{"x":2,"y":-8.5},{"x":9,"y":-8.5},{"x":10,"y":-8.5},{"x":3,"y":-8},{"x":8,"y":-8},{"x":4,"y":-7.5},{"x":5,"y":-7.5},{"x":6,"y":-7.5},{"x":7,"y":-7.5},{"x":3,"y":-7},{"x":8,"y":-7},{"x":1,"y":-6.5},{"x":2,"y":-6.5},{"x":9,"y":-6.5},{"x":10,"y":-6.5},{"x":3,"y":-6},{"x":8,"y":-6},{"x":4,"y":-5.5},{"x":5,"y":-5.5},{"x":6,"y":-5.5},{"x":7,"y":-5.5},{"x":3,"y":-5},{"x":8,"y":-5},{"x":1,"y":-4.5},{"x":2,"y":-4.5},{"x":9,"y":-4.5},{"x":10,"y":-4.5},{"x":3,"y":-4},{"x":8,"y":-4},{"x":4,"y":-3.5},{"x":5,"y":-3.5},{"x":6,"y":-3.5},{"x":7,"y":-3.5},{"x":3,"y":-3},{"x":8,"y":-3},{"x":1,"y":-2.5},{"x":2,"y":-2.5},{"x":9,"y":-2.5},{"x":10,"y":-2.5},{"x":3,"y":-2},{"x":8,"y":-2},{"x":4,"y":-1.5},{"x":5,"y":-1.5},{"x":6,"y":-1.5},{"x":7,"y":-1.5},{"x":3,"y":-1},{"x":8,"y":-1},{"x":1,"y":-0.5},{"x":2,"y":-0.5},{"x":9,"y":-0.5},{"x":10,"y":-0.5}]},{"index":1,"tiles":[{"x":2.5,"y":-8},{"x":4.5,"y":-8},{"x":5.5,"y":-8},{"x":6.5,"y":-8},{"x":8.5,"y":-8},{"x":2.5,"y":-7},{"x":3.5,"y":-7},{"x":4.5,"y":-7},{"x":5.5,"y":-7},{"x":6.5,"y":-7},{"x":7.5,"y":-7},{"x":8.5,"y":-7},{"x":2.5,"y":-6},{"x":4.5,"y":-6},{"x":5.5,"y":-6},{"x":6.5,"y":-6},{"x":8.5,"y":-6},{"x":2.5,"y":-5},{"x":3.5,"y":-5},{"x":4.5,"y":-5},{"x":6.5,"y":-5},{"x":7.5,"y":-5},{"x":8.5,"y":-5},{"x":2.5,"y":-4},{"x":4.5,"y":-4},{"x":5.5,"y":-4},{"x":6.5,"y":-4},{"x":8.5,"y":-4},{"x":2.5,"y":-3},{"x":3.5,"y":-3},{"x":4.5,"y":-3},{"x":5.5,"y":-3},{"x":6.5,"y":-3},{"x":7.5,"y":-3},{"x":8.5,"y":-3},{"x":2.5,"y":-2},{"x":4.5,"y":-2},{"x":5.5,"y":-2},{"x":6.5,"y":-2},{"x":8.5,"y":-2},{"x":2.5,"y":-1},{"x":8.5,"y":-1}]},{"index":2,"tiles":[{"x":4,"y":-8},{"x":7,"y":-8},{"x":5,"y":-7.5},{"x":6,"y":-7.5},{"x":3,"y":-6.5},{"x":4,"y":-6.5},{"x":7,"y":-6.5},{"x":8,"y":-6.5},{"x":3,"y":-4.5},{"x":4,"y":-4.5},{"x":5.5,"y":-4.5},{"x":7,"y":-4.5},{"x":8,"y":-4.5},{"x":3,"y":-2.5},{"x":4,"y":-2.5},{"x":7,"y":-2.5},{"x":8,"y":-2.5}]},{"index":3,"tiles":[{"x":4.5,"y":-6},{"x":6.5,"y":-6},{"x":4.5,"y":-4.5},{"x":5.5,"y":-4.5},{"x":6.5,"y":-4.5},{"x":4.5,"y":-3},{"x":6.5,"y":-3}]},{"index":4,"tiles":[{"x":5.5,"y":-4.5}]}],"seeds":["VycuoHEdHUlFj4qJSIkNXAhyImdFhSZsYBiECOMsiQhCAmdpoBean4Zg2jkRimSBgQZNgrBxRIY2AaIVnReKgYIpRxSIkRgqoeGJTjcOXphJjcUkXwpWHwd+FRU8"]},{"layers":[{"index":0,"tiles":[{"x":1,"y":-9},{"x":2,"y":-9},{"x":3,"y":-9},{"x":4,"y":-9},{"x":5,"y":-9},{"x":6,"y":-9},{"x":7,"y":-9},{"x":8,"y":-9},{"x":9,"y":-9},{"x":10,"y":-9},{"x":2,"y":-8},{"x":3.5,"y":-8},{"x":5,"y":-8},{"x":6.5,"y":-8},{"x":8,"y":-8},{"x":9.5,"y":-8},{"x":1,"y":-7},{"x":2,"y":-7},{"x":3,"y":-7},{"x":4,"y":-7},{"x":5,"y":-7},{"x":6,"y":-7},{"x":7,"y":-7},{"x":8,"y":-7},{"x":9,"y":-7},{"x":10,"y":-7},{"x":2,"y":-6},{"x":3.5,"y":-6},{"x":5,"y":-6},{"x":6.5,"y":-6},{"x":8,"y":-6},{"x":9.5,"y":-6},{"x":1,"y":-5},{"x":2,"y":-5},{"x":3,"y":-5},{"x":4,"y":-5},{"x":5,"y":-5},{"x":6,"y":-5},{"x":7,"y":-5},{"x":8,"y":-5},{"x":9,"y":-5},{"x":10,"y":-5},{"x":2,"y":-4},{"x":3.5,"y":-4},{"x":5,"y":-4},{"x":6.5,"y":-4},{"x":8,"y":-4},{"x":9.5,"y":-4},{"x":1,"y":-3},{"x":2,"y":-3},{"x":3,"y":-3},{"x":4,"y":-3},{"x":5,"y":-3},{"x":6,"y":-3},{"x":7,"y":-3},{"x":8,"y":-3},{"x":9,"y":-3},{"x":10,"y":-3},{"x":2,"y":-2},{"x":3.5,"y":-2},{"x":5,"y":-2},{"x":6.5,"y":-2},{"x":8,"y":-2},{"x":9.5,"y":-2},{"x":1,"y":-1},{"x":2,"y":-1},{"x":3,"y":-1},{"x":4,"y":-1},{"x":5,"y":-1},{"x":6,"y":-1},{"x":7,"y":-1},{"x":8,"y":-1},{"x":9,"y":-1},{"x":10,"y":-1}]},{"index":1,"tiles":[{"x":2.5,"y":-9},{"x":3.5,"y":-9},{"x":5.5,"y":-9},{"x":7.5,"y":-9},{"x":8.5,"y":-9},{"x":2.5,"y":-7},{"x":3.5,"y":-7},{"x":4.5,"y":-7},{"x":5.5,"y":-7},{"x":6.5,"y":-7},{"x":7.5,"y":-7},{"x":8.5,"y":-7},{"x":2.5,"y":-5},{"x":3.5,"y":-5},{"x":4.5,"y":-5},{"x":5.5,"y":-5},{"x":6.5,"y":-5},{"x":7.5,"y":-5},{"x":8.5,"y":-5},{"x":2.5,"y":-3},{"x":3.5,"y":-3},{"x":4.5,"y":-3},{"x":5.5,"y":-3},{"x":6.5,"y":-3},{"x":7.5,"y":-3},{"x":8.5,"y":-3},{"x":2.5,"y":-1},{"x":3.5,"y":-1},{"x":5.5,"y":-1},{"x":7.5,"y":-1},{"x":8.5,"y":-1}]},{"index":2,"tiles":[{"x":4,"y":-7},{"x":5,"y":-7},{"x":6,"y":-7},{"x":7,"y":-7},{"x":4,"y":-5},{"x":5,"y":-5},{"x":6,"y":-5},{"x":7,"y":-5},{"x":4,"y":-3},{"x":5,"y":-3},{"x":6,"y":-3},{"x":7,"y":-3}]},{"index":3,"tiles":[{"x":5.5,"y":-7},{"x":5.5,"y":-5},{"x":5.5,"y":-3}]}],"seeds":["1aBRYPgJ4MaJRPhJoiMyQpZBE6GmoZCI1bNYCnVESwB2HOqB0jeIh9h9Sel0V+R5QUgVoMEpHadM2DmMGCQUHsgFQQgak0c109OAHhlaGqJwXTeE5nIxyxYi"]},{"layers":[{"index":0,"tiles":[{"x":1,"y":-9.5},{"x":2,"y":-9.5},{"x":3,"y":-9.5},{"x":4,"y":-9.5},{"x":5,"y":-9.5},{"x":6,"y":-9.5},{"x":7,"y":-9.5},{"x":8,"y":-9.5},{"x":9,"y":-9.5},{"x":10,"y":-9.5},{"x":0.5,"y":-8.5},{"x":1.5,"y":-8.5},{"x":2.5,"y":-8.5},{"x":3.5,"y":-8.5},{"x":4.5,"y":-8.5},{"x":5.5,"y":-8.5},{"x":6.5,"y":-8.5},{"x":7.5,"y":-8.5},{"x":8.5,"y":-8.5},{"x":9.5,"y":-8.5},{"x":10.5,"y":-8.5},{"x":1,"y":-7.5},{"x":2,"y":-7.5},{"x":3,"y":-7.5},{"x":4,"y":-7.5},{"x":7,"y":-7.5},{"x":8,"y":-7.5},{"x":9,"y":-7.5},{"x":10,"y":-7.5},{"x":5,"y":-7},{"x":6,"y":-7},{"x":2,"y":-6.5},{"x":3,"y":-6.5},{"x":8,"y":-6.5},{"x":9,"y":-6.5},{"x":0,"y":-5.5},{"x":1,"y":-5.5},{"x":2,"y":-5.5},{"x":3,"y":-5.5},{"x":4,"y":-5.5},{"x":5,"y":-5.5},{"x":6,"y":-5.5},{"x":7,"y":-5.5},{"x":8,"y":-5.5},{"x":9,"y":-5.5},{"x":10,"y":-5.5},{"x":11,"y":-5.5},{"x":2,"y":-4.5},{"x":3,"y":-4.5},{"x":8,"y":-4.5},{"x":9,"y":-4.5},{"x":1.5,"y":-3.5},{"x":2.5,"y":-3.5},{"x":3.5,"y":-3.5},{"x":7.5,"y":-3.5},{"x":8.5,"y":-3.5},{"x":9.5,"y":-3.5},{"x":0.5,"y":-3},{"x":4.5,"y":-3},{"x":6.5,"y":-3},{"x":10.5,"y":-3},{"x":2,"y":-2},{"x":3,"y":-2},{"x":8,"y":-2},{"x":9,"y":-2},{"x":0.5,"y":-1},{"x":4.5,"y":-1},{"x":6.5,"y":-1},{"x":10.5,"y":-1},{"x":1.5,"y":-0.5},{"x":2.5,"y":-0.5},{"x":3.5,"y":-0.5},{"x":7.5,"y":-0.5},{"x":8.5,"y":-0.5},{"x":9.5,"y":-0.5}]},{"index":1,"tiles":[{"x":2,"y":-9.5},{"x":3,"y":-9.5},{"x":4,"y":-9.5},{"x":5,"y":-9.5},{"x":6,"y":-9.5},{"x":7,"y":-9.5},{"x":8,"y":-9.5},{"x":9,"y":-9.5},{"x":0,"y":-8.5},{"x":1.5,"y":-8.5},{"x":2.5,"y":-8.5},{"x":3.5,"y":-8.5},{"x":4.5,"y":-8.5},{"x":5.5,"y":-8.5},{"x":6.5,"y":-8.5},{"x":7.5,"y":-8.5},{"x":8.5,"y":-8.5},{"x":9.5,"y":-8.5},{"x":11,"y":-8.5},{"x":2,"y":-7.5},{"x":3,"y":-7.5},{"x":4,"y":-7.5},{"x":7,"y":-7.5},{"x":8,"y":-7.5},{"x":9,"y":-7.5},{"x":2,"y":-5.5},{"x":3,"y":-5.5},{"x":5,"y":-5.5},{"x":6,"y":-5.5},{"x":8,"y":-5.5},{"x":9,"y":-5.5},{"x":1.5,"y":-3.5},{"x":2.5,"y":-3.5},{"x":3.5,"y":-3.5},{"x":7.5,"y":-3.5},{"x":8.5,"y":-3.5},{"x":9.5,"y":-3.5},{"x":0,"y":-2.5},{"x":5,"y":-2.5},{"x":6,"y":-2.5},{"x":11,"y":-2.5},{"x":0,"y":-1.5},{"x":5,"y":-1.5},{"x":6,"y":-1.5},{"x":11,"y":-1.5},{"x":1.5,"y":-0.5},{"x":2.5,"y":-0.5},{"x":3.5,"y":-0.5},{"x":7.5,"y":-0.5},{"x":8.5,"y":-0.5},{"x":9.5,"y":-0.5}]},{"index":2,"tiles":[{"x":3,"y":-9.5},{"x":5,"y":-9.5},{"x":6,"y":-9.5},{"x":8,"y":-9.5},{"x":2.5,"y":-8.5},{"x":3.5,"y":-8.5},{"x":4.5,"y":-8.5},{"x":6.5,"y":-8.5},{"x":7.5,"y":-8.5},{"x":8.5,"y":-8.5},{"x":3,"y":-7.5},{"x":8,"y":-7.5},{"x":2.5,"y":-3.5},{"x":8.5,"y":-3.5},{"x":2.5,"y":-0.5},{"x":8.5,"y":-0.5}]},{"index":3,"tiles":[{"x":3.5,"y":-8.5},{"x":7.5,"y":-8.5}]}],"seeds":["nzJYGTOAoEdoXdRRy8QRjLcpwRZ6iSQelSdMYIiJAgYlh5CoQwhWJvUtUDE5nyV0Q4WC3Kc0itgUjkNI0dM4YvBxlhFyRZBwoScijzhx12kgYcN1IciJKQgyYCkWQaaBzFJR5GeF1EV0izd2"]},{"layers":[{"index":0,"tiles":[{"x":0.5,"y":-9.5},{"x":1.5,"y":-9.5},{"x":2.5,"y":-9.5},{"x":3.5,"y":-9.5},{"x":4.5,"y":-9.5},{"x":5.5,"y":-9.5},{"x":6.5,"y":-9.5},{"x":7.5,"y":-9.5},{"x":8.5,"y":-9.5},{"x":9.5,"y":-9.5},{"x":10.5,"y":-9.5},{"x":1.5,"y":-8.5},{"x":2.5,"y":-8.5},{"x":3.5,"y":-8.5},{"x":4.5,"y":-8.5},{"x":5.5,"y":-8.5},{"x":6.5,"y":-8.5},{"x":7.5,"y":-8.5},{"x":8.5,"y":-8.5},{"x":9.5,"y":-8.5},{"x":2.5,"y":-7.5},{"x":3.5,"y":-7.5},{"x":4.5,"y":-7.5},{"x":5.5,"y":-7.5},{"x":6.5,"y":-7.5},{"x":7.5,"y":-7.5},{"x":8.5,"y":-7.5},{"x":1.5,"y":-6.5},{"x":2.5,"y":-6.5},{"x":3.5,"y":-6.5},{"x":4.5,"y":-6.5},{"x":5.5,"y":-6.5},{"x":6.5,"y":-6.5},{"x":7.5,"y":-6.5},{"x":8.5,"y":-6.5},{"x":9.5,"y":-6.5},{"x":0.5,"y":-6},{"x":10.5,"y":-6},{"x":0.5,"y":-5},{"x":1.5,"y":-5},{"x":2.5,"y":-5},{"x":3.5,"y":-5},{"x":4.5,"y":-5},{"x":5.5,"y":-5},{"x":6.5,"y":-5},{"x":7.5,"y":-5},{"x":8.5,"y":-5},{"x":9.5,"y":-5},{"x":10.5,"y":-5},{"x":0.5,"y":-4},{"x":10.5,"y":-4},{"x":1.5,"y":-3.5},{"x":2.5,"y":-3.5},{"x":3.5,"y":-3.5},{"x":4.5,"y":-3.5},{"x":5.5,"y":-3.5},{"x":6.5,"y":-3.5},{"x":7.5,"y":-3.5},{"x":8.5,"y":-3.5},{"x":9.5,"y":-3.5},{"x":0.5,"y":-3},{"x":10.5,"y":-3},{"x":1,"y":-2},{"x":3,"y":-2},{"x":4,"y":-2},{"x":5,"y":-2},{"x":6,"y":-2},{"x":7,"y":-2},{"x":8,"y":-2},{"x":10,"y":-2},{"x":2,"y":-1.5},{"x":9,"y":-1.5},{"x":3,"y":-1},{"x":8,"y":-1},{"x":4,"y":-0.5},{"x":5,"y":-0.5},{"x":6,"y":-0.5},{"x":7,"y":-0.5}]},{"index":1,"tiles":[{"x":3,"y":-9},{"x":4,"y":-9},{"x":5,"y":-9},{"x":6,"y":-9},{"x":7,"y":-9},{"x":8,"y":-9},{"x":4,"y":-8},{"x":5,"y":-8},{"x":6,"y":-8},{"x":7,"y":-8},{"x":5,"y":-7},{"x":6,"y":-7},{"x":2,"y":-5.5},{"x":3,"y":-5.5},{"x":4,"y":-5.5},{"x":5,"y":-5.5},{"x":6,"y":-5.5},{"x":7,"y":-5.5},{"x":8,"y":-5.5},{"x":9,"y":-5.5},{"x":2,"y":-4},{"x":3,"y":-4},{"x":4,"y":-4},{"x":5,"y":-4},{"x":6,"y":-4},{"x":7,"y":-4},{"x":8,"y":-4},{"x":9,"y":-4},{"x":2.5,"y":-2.5},{"x":3.5,"y":-2.5},{"x":4.5,"y":-2.5},{"x":5.5,"y":-2.5},{"x":6.5,"y":-2.5},{"x":7.5,"y":-2.5},{"x":8.5,"y":-2.5},{"x":3.5,"y":-1.5},{"x":4.5,"y":-1.5},{"x":5.5,"y":-1.5},{"x":6.5,"y":-1.5},{"x":7.5,"y":-1.5}]},{"index":2,"tiles":[{"x":5.5,"y":-8.5},{"x":4,"y":-5.5},{"x":5,"y":-5.5},{"x":6,"y":-5.5},{"x":7,"y":-5.5},{"x":3.5,"y":-4},{"x":4.5,"y":-4},{"x":5.5,"y":-4},{"x":6.5,"y":-4},{"x":7.5,"y":-4},{"x":4,"y":-2.5},{"x":5,"y":-2.5},{"x":6,"y":-2.5},{"x":7,"y":-2.5},{"x":5,"y":-1},{"x":6,"y":-1}]},{"index":3,"tiles":[{"x":5,"y":-4.5},{"x":6,"y":-4.5},{"x":4.5,"y":-3.5},{"x":6.5,"y":-3.5},{"x":5,"y":-2.5},{"x":6,"y":-2.5}]}],"seeds":["RGioXhWCVuR5UCYeDDksDBYuUwJyWjc0IkhNgdh8TuCN1oIJnAiCGxhwipkoH1hMDBJyBxUOVxlKn8hVguVNhNZx4CCkS9V1nchsgfARRkE8YCF1HIiEjgJ9IfplT3VaXtNwIiUW1BUp"]},{"layers":[{"index":0,"tiles":[{"x":9.5,"y":-10},{"x":1,"y":-9.5},{"x":2,"y":-9.5},{"x":6.5,"y":-9},{"x":7.5,"y":-9},{"x":8.5,"y":-9},{"x":9.5,"y":-9},{"x":1,"y":-8.5},{"x":2,"y":-8.5},{"x":7.5,"y":-8},{"x":8.5,"y":-8},{"x":9.5,"y":-8},{"x":1,"y":-7.5},{"x":2,"y":-7.5},{"x":6.5,"y":-7},{"x":7.5,"y":-7},{"x":8.5,"y":-7},{"x":9.5,"y":-7},{"x":1,"y":-6.5},{"x":2,"y":-6.5},{"x":1,"y":-5.5},{"x":2,"y":-5.5},{"x":3,"y":-5.5},{"x":4,"y":-5.5},{"x":5,"y":-5.5},{"x":6,"y":-5.5},{"x":7,"y":-5.5},{"x":8,"y":-5.5},{"x":9,"y":-5.5},{"x":10,"y":-5.5},{"x":1,"y":-4.5},{"x":2,"y":-4.5},{"x":3,"y":-4.5},{"x":4,"y":-4.5},{"x":5,"y":-4.5},{"x":6,"y":-4.5},{"x":7,"y":-4.5},{"x":9.5,"y":-4.5},{"x":8.5,"y":-4},{"x":1,"y":-3.5},{"x":2,"y":-3.5},{"x":3,"y":-3.5},{"x":4,"y":-3.5},{"x":5,"y":-3.5},{"x":7.5,"y":-3.5},{"x":6.5,"y":-3},{"x":1,"y":-2.5},{"x":2,"y":-2.5},{"x":3,"y":-2.5},{"x":4,"y":-2.5},{"x":5,"y":-2.5},{"x":7.5,"y":-2.5},{"x":8.5,"y":-2},{"x":1,"y":-1.5},{"x":2,"y":-1.5},{"x":3,"y":-1.5},{"x":4,"y":-1.5},{"x":5,"y":-1.5},{"x":6,"y":-1.5},{"x":7,"y":-1.5},{"x":9.5,"y":-1.5},{"x":1,"y":-0.5},{"x":2,"y":-0.5},{"x":3,"y":-0.5},{"x":4,"y":-0.5},{"x":5,"y":-0.5},{"x":6,"y":-0.5},{"x":7,"y":-0.5},{"x":8,"y":-0.5},{"x":9,"y":-0.5},{"x":10,"y":-0.5}]},{"index":1,"tiles":[{"x":7.5,"y":-8},{"x":2.5,"y":-5},{"x":3.5,"y":-5},{"x":4.5,"y":-5},{"x":5.5,"y":-5},{"x":6.5,"y":-5},{"x":7.5,"y":-5},{"x":8.5,"y":-5},{"x":2.5,"y":-4},{"x":3.5,"y":-4},{"x":4.5,"y":-4},{"x":5.5,"y":-4},{"x":6.5,"y":-4},{"x":7.5,"y":-4},{"x":2.5,"y":-3},{"x":3.5,"y":-3},{"x":4.5,"y":-3},{"x":5.5,"y":-3},{"x":2.5,"y":-2},{"x":3.5,"y":-2},{"x":4.5,"y":-2},{"x":5.5,"y":-2},{"x":6.5,"y":-2},{"x":7.5,"y":-2},{"x":2.5,"y":-1},{"x":3.5,"y":-1},{"x":4.5,"y":-1},{"x":5.5,"y":-1},{"x":6.5,"y":-1},{"x":7.5,"y":-1},{"x":8.5,"y":-1}]},{"index":2,"tiles":[{"x":4,"y":-4.5},{"x":5,"y":-4.5},{"x":6,"y":-4.5},{"x":7,"y":-4.5},{"x":4,"y":-3.5},{"x":4,"y":-2.5},{"x":4,"y":-1.5},{"x":5,"y":-1.5},{"x":6,"y":-1.5},{"x":7,"y":-1.5}]},{"index":3,"tiles":[{"x":5.5,"y":-4.5},{"x":5.5,"y":-1.5}]}],"seeds":["oXc9hSKWh1JRjqJNIPdlwjSKHoYiHROKgkhEnGcRlmMEUYqBodcJoAF2DZVpTXeGIBiQ1zRxIEhVqlhA0IZwXyckybaE5sAsHBV8gdg9ysCFx7J8kgQA"]},{"layers":[{"index":0,"tiles":[{"x":5,"y":-8},{"x":6,"y":-8},{"x":4,"y":-7.5},{"x":7,"y":-7.5},{"x":3,"y":-7},{"x":5,"y":-7},{"x":6,"y":-7},{"x":8,"y":-7},{"x":4,"y":-6.5},{"x":7,"y":-6.5},{"x":1.5,"y":-6},{"x":5,"y":-6},{"x":6,"y":-6},{"x":9.5,"y":-6},{"x":2.5,"y":-5.5},{"x":8.5,"y":-5.5},{"x":1.5,"y":-5},{"x":3.5,"y":-5},{"x":7.5,"y":-5},{"x":9.5,"y":-5},{"x":2.5,"y":-4.5},{"x":8.5,"y":-4.5},{"x":1.5,"y":-4},{"x":5,"y":-4},{"x":6,"y":-4},{"x":9.5,"y":-4},{"x":4,"y":-3.5},{"x":7,"y":-3.5},{"x":3,"y":-3},{"x":5,"y":-3},{"x":6,"y":-3},{"x":8,"y":-3},{"x":4,"y":-2.5},{"x":7,"y":-2.5},{"x":5,"y":-2},{"x":6,"y":-2}]},{"index":1,"tiles":[{"x":5,"y":-8},{"x":6,"y":-8},{"x":4,"y":-7.5},{"x":7,"y":-7.5},{"x":3,"y":-7},{"x":5,"y":-7},{"x":6,"y":-7},{"x":8,"y":-7},{"x":4,"y":-6.5},{"x":7,"y":-6.5},{"x":1.5,"y":-6},{"x":5,"y":-6},{"x":6,"y":-6},{"x":9.5,"y":-6},{"x":2.5,"y":-5.5},{"x":8.5,"y":-5.5},{"x":1.5,"y":-5},{"x":3.5,"y":-5},{"x":7.5,"y":-5},{"x":9.5,"y":-5},{"x":2.5,"y":-4.5},{"x":8.5,"y":-4.5},{"x":1.5,"y":-4},{"x":5,"y":-4},{"x":6,"y":-4},{"x":9.5,"y":-4},{"x":4,"y":-3.5},{"x":7,"y":-3.5},{"x":3,"y":-3},{"x":5,"y":-3},{"x":6,"y":-3},{"x":8,"y":-3},{"x":4,"y":-2.5},{"x":7,"y":-2.5},{"x":5,"y":-2},{"x":6,"y":-2}]},{"index":2,"tiles":[{"x":5,"y":-8},{"x":6,"y":-8},{"x":4,"y":-7.5},{"x":7,"y":-7.5},{"x":3,"y":-7},{"x":5,"y":-7},{"x":6,"y":-7},{"x":8,"y":-7},{"x":4,"y":-6.5},{"x":7,"y":-6.5},{"x":1.5,"y":-6},{"x":5,"y":-6},{"x":6,"y":-6},{"x":9.5,"y":-6},{"x":2.5,"y":-5.5},{"x":8.5,"y":-5.5},{"x":1.5,"y":-5},{"x":3.5,"y":-5},{"x":7.5,"y":-5},{"x":9.5,"y":-5},{"x":2.5,"y":-4.5},{"x":8.5,"y":-4.5},{"x":1.5,"y":-4},{"x":5,"y":-4},{"x":6,"y":-4},{"x":9.5,"y":-4},{"x":4,"y":-3.5},{"x":7,"y":-3.5},{"x":3,"y":-3},{"x":5,"y":-3},{"x":6,"y":-3},{"x":8,"y":-3},{"x":4,"y":-2.5},{"x":7,"y":-2.5},{"x":5,"y":-2},{"x":6,"y":-2}]}],"seeds":["TMmAkygexLil0xcUoCiE4DMcU9h1XiVABldoT/ItGRRNXfhVihh23pJJG3id39VoBDd0StJFRqCAHschKocEAWQ5XGgqVCiBKEZhjiWKZAN5"]},{"layers":[{"index":0,"tiles":[{"x":4.5,"y":-9},{"x":6.5,"y":-9},{"x":1.5,"y":-8.5},{"x":2.5,"y":-8.5},{"x":3.5,"y":-8.5},{"x":7.5,"y":-8.5},{"x":8.5,"y":-8.5},{"x":9.5,"y":-8.5},{"x":2,"y":-7.5},{"x":4,"y":-7.5},{"x":7,"y":-7.5},{"x":9,"y":-7.5},{"x":2.5,"y":-6.5},{"x":3.5,"y":-6.5},{"x":4.5,"y":-6.5},{"x":6.5,"y":-6.5},{"x":7.5,"y":-6.5},{"x":8.5,"y":-6.5},{"x":2,"y":-5.5},{"x":4,"y":-5.5},{"x":7,"y":-5.5},{"x":9,"y":-5.5},{"x":2.5,"y":-4.5},{"x":3.5,"y":-4.5},{"x":4.5,"y":-4.5},{"x":6.5,"y":-4.5},{"x":7.5,"y":-4.5},{"x":8.5,"y":-4.5},{"x":1,"y":-3.5},{"x":3,"y":-3.5},{"x":5,"y":-3.5},{"x":6,"y":-3.5},{"x":8,"y":-3.5},{"x":10,"y":-3.5},{"x":1.5,"y":-2.5},{"x":3.5,"y":-2.5},{"x":4.5,"y":-2.5},{"x":5.5,"y":-2.5},{"x":6.5,"y":-2.5},{"x":7.5,"y":-2.5},{"x":9.5,"y":-2.5},{"x":2,"y":-1.5},{"x":4,"y":-1.5},{"x":7,"y":-1.5},{"x":9,"y":-1.5},{"x":3,"y":-1},{"x":8,"y":-1}]},{"index":1,"tiles":[{"x":4.5,"y":-9},{"x":6.5,"y":-9},{"x":1.5,"y":-8.5},{"x":2.5,"y":-8.5},{"x":3.5,"y":-8.5},{"x":7.5,"y":-8.5},{"x":8.5,"y":-8.5},{"x":9.5,"y":-8.5},{"x":2,"y":-7.5},{"x":4,"y":-7.5},{"x":7,"y":-7.5},{"x":9,"y":-7.5},{"x":2.5,"y":-6.5},{"x":3.5,"y":-6.5},{"x":4.5,"y":-6.5},{"x":6.5,"y":-6.5},{"x":7.5,"y":-6.5},{"x":8.5,"y":-6.5},{"x":2,"y":-5.5},{"x":4,"y":-5.5},{"x":7,"y":-5.5},{"x":9,"y":-5.5},{"x":2.5,"y":-4.5},{"x":3.5,"y":-4.5},{"x":4.5,"y":-4.5},{"x":6.5,"y":-4.5},{"x":7.5,"y":-4.5},{"x":8.5,"y":-4.5},{"x":1,"y":-3.5},{"x":3,"y":-3.5},{"x":5,"y":-3.5},{"x":6,"y":-3.5},{"x":8,"y":-3.5},{"x":10,"y":-3.5},{"x":1.5,"y":-2.5},{"x":3.5,"y":-2.5},{"x":5.5,"y":-2.5},{"x":7.5,"y":-2.5},{"x":9.5,"y":-2.5},{"x":2,"y":-1.5},{"x":4,"y":-1.5},{"x":7,"y":-1.5},{"x":9,"y":-1.5},{"x":3,"y":-1},{"x":8,"y":-1}]}],"seeds":["3HCKIDccFVc1BqIUHSpQoeQ5WaBkUJqMojNRIsMxmPVZn2F2ZQh2UZgIGgEGk0h+4Rc+TaQWUHhhHqKBh+eBxHJ1Evgs"]},{"layers":[{"index":0,"tiles":[{"x":4.5,"y":-9},{"x":5.5,"y":-9},{"x":6.5,"y":-9},{"x":2,"y":-8},{"x":4,"y":-8},{"x":5,"y":-8},{"x":6,"y":-8},{"x":7,"y":-8},{"x":9,"y":-8},{"x":3,"y":-7.5},{"x":8,"y":-7.5},{"x":1.5,"y":-7},{"x":4,"y":-7},{"x":5,"y":-7},{"x":6,"y":-7},{"x":7,"y":-7},{"x":9.5,"y":-7},{"x":3,"y":-6.5},{"x":8,"y":-6.5},{"x":2,"y":-6},{"x":4,"y":-6},{"x":5,"y":-6},{"x":6,"y":-6},{"x":7,"y":-6},{"x":9,"y":-6},{"x":3,"y":-5.5},{"x":8,"y":-5.5},{"x":4,"y":-5},{"x":5,"y":-5},{"x":6,"y":-5},{"x":7,"y":-5},{"x":3,"y":-4.5},{"x":8,"y":-4.5},{"x":2,"y":-4},{"x":4,"y":-4},{"x":5,"y":-4},{"x":6,"y":-4},{"x":7,"y":-4},{"x":9,"y":-4},{"x":3,"y":-3.5},{"x":8,"y":-3.5},{"x":1.5,"y":-3},{"x":4,"y":-3},{"x":5,"y":-3},{"x":6,"y":-3},{"x":7,"y":-3},{"x":9.5,"y":-3},{"x":3,"y":-2.5},{"x":8,"y":-2.5},{"x":2,"y":-2},{"x":4,"y":-2},{"x":5,"y":-2},{"x":6,"y":-2},{"x":7,"y":-2},{"x":9,"y":-2},{"x":4.5,"y":-1},{"x":5.5,"y":-1},{"x":6.5,"y":-1}]},{"index":1,"tiles":[{"x":4.5,"y":-8.5},{"x":5.5,"y":-8.5},{"x":6.5,"y":-8.5},{"x":2,"y":-7.5},{"x":9,"y":-7.5},{"x":3.5,"y":-7},{"x":5.5,"y":-7},{"x":7.5,"y":-7},{"x":2,"y":-6.5},{"x":9,"y":-6.5},{"x":7,"y":-5.5},{"x":5,"y":-5},{"x":6,"y":-5},{"x":4,"y":-4.5},{"x":2,"y":-3.5},{"x":9,"y":-3.5},{"x":3.5,"y":-3},{"x":5.5,"y":-3},{"x":7.5,"y":-3},{"x":2,"y":-2.5},{"x":9,"y":-2.5},{"x":4.5,"y":-1.5},{"x":5.5,"y":-1.5},{"x":6.5,"y":-1.5}]},{"index":2,"tiles":[{"x":5,"y":-8},{"x":6,"y":-8},{"x":2,"y":-7},{"x":3,"y":-7},{"x":4,"y":-7},{"x":5,"y":-7},{"x":6,"y":-7},{"x":7,"y":-7},{"x":8,"y":-7},{"x":9,"y":-7},{"x":7,"y":-6},{"x":4,"y":-5},{"x":5,"y":-5},{"x":6,"y":-5},{"x":7,"y":-5},{"x":4,"y":-4},{"x":2,"y":-3},{"x":3,"y":-3},{"x":4,"y":-3},{"x":5,"y":-3},{"x":6,"y":-3},{"x":7,"y":-3},{"x":8,"y":-3},{"x":9,"y":-3},{"x":5,"y":-2},{"x":6,"y":-2}]},{"index":3,"tiles":[{"x":5.5,"y":-7.5},{"x":5.5,"y":-2.5}]}],"seeds":["YREJBrQ5pxYki5cEHIWVSsSFTSZSiiZ1D4lNyMdthyI63Rd2neAhXlhxi3V1YIdyHPhNREMEwZQNIBOAY1oxKlhY4gOKg3GFomdK4XeIAahMIAQA"]},{"layers":[{"index":0,"tiles":[{"x":5,"y":-8},{"x":6,"y":-8},{"x":3,"y":-7.5},{"x":4,"y":-7.5},{"x":7,"y":-7.5},{"x":8,"y":-7.5},{"x":2,"y":-7},{"x":5,"y":-7},{"x":6,"y":-7},{"x":9,"y":-7},{"x":4,"y":-6.5},{"x":7,"y":-6.5},{"x":1.5,"y":-6},{"x":3,"y":-6},{"x":5,"y":-6},{"x":6,"y":-6},{"x":8,"y":-6},{"x":9.5,"y":-6},{"x":4,"y":-5.5},{"x":7,"y":-5.5},{"x":1,"y":-5},{"x":2,"y":-5},{"x":9,"y":-5},{"x":10,"y":-5},{"x":3.5,"y":-4.5},{"x":4.5,"y":-4.5},{"x":6.5,"y":-4.5},{"x":7.5,"y":-4.5},{"x":1,"y":-4},{"x":2,"y":-4},{"x":9,"y":-4},{"x":10,"y":-4},{"x":4,"y":-3.5},{"x":7,"y":-3.5},{"x":1.5,"y":-3},{"x":3,"y":-3},{"x":5,"y":-3},{"x":6,"y":-3},{"x":8,"y":-3},{"x":9.5,"y":-3},{"x":4,"y":-2.5},{"x":7,"y":-2.5},{"x":2,"y":-2},{"x":5,"y":-2},{"x":6,"y":-2},{"x":9,"y":-2},{"x":3,"y":-1.5},{"x":4,"y":-1.5},{"x":7,"y":-1.5},{"x":8,"y":-1.5},{"x":5,"y":-1},{"x":6,"y":-1}]},{"index":1,"tiles":[{"x":5,"y":-8},{"x":6,"y":-8},{"x":3,"y":-7.5},{"x":4,"y":-7.5},{"x":7,"y":-7.5},{"x":8,"y":-7.5},{"x":2,"y":-7},{"x":9,"y":-7},{"x":3,"y":-6.5},{"x":4,"y":-6.5},{"x":5,"y":-6.5},{"x":6,"y":-6.5},{"x":7,"y":-6.5},{"x":8,"y":-6.5},{"x":1.5,"y":-6},{"x":9.5,"y":-6},{"x":3,"y":-5.5},{"x":4,"y":-5.5},{"x":7,"y":-5.5},{"x":8,"y":-5.5},{"x":1,"y":-5},{"x":2,"y":-5},{"x":5,"y":-5},{"x":6,"y":-5},{"x":9,"y":-5},{"x":10,"y":-5},{"x":3,"y":-4.5},{"x":8,"y":-4.5},{"x":1,"y":-4},{"x":2,"y":-4},{"x":5,"y":-4},{"x":6,"y":-4},{"x":9,"y":-4},{"x":10,"y":-4},{"x":3,"y":-3.5},{"x":4,"y":-3.5},{"x":7,"y":-3.5},{"x":8,"y":-3.5},{"x":1.5,"y":-3},{"x":9.5,"y":-3},{"x":3,"y":-2.5},{"x":4,"y":-2.5},{"x":5,"y":-2.5},{"x":6,"y":-2.5},{"x":7,"y":-2.5},{"x":8,"y":-2.5},{"x":2,"y":-2},{"x":9,"y":-2},{"x":3,"y":-1.5},{"x":4,"y":-1.5},{"x":7,"y":-1.5},{"x":8,"y":-1.5},{"x":5,"y":-1},{"x":6,"y":-1}]},{"index":2,"tiles":[{"x":5,"y":-8},{"x":6,"y":-8},{"x":3,"y":-7.5},{"x":4,"y":-7.5},{"x":7,"y":-7.5},{"x":8,"y":-7.5},{"x":2,"y":-7},{"x":5,"y":-7},{"x":6,"y":-7},{"x":9,"y":-7},{"x":3,"y":-6.5},{"x":4,"y":-6.5},{"x":7,"y":-6.5},{"x":8,"y":-6.5},{"x":1.5,"y":-6},{"x":9.5,"y":-6},{"x":3,"y":-5.5},{"x":8,"y":-5.5},{"x":1,"y":-5},{"x":2,"y":-5},{"x":5.5,"y":-5},{"x":9,"y":-5},{"x":10,"y":-5},{"x":4.5,"y":-4.5},{"x":6.5,"y":-4.5},{"x":1,"y":-4},{"x":2,"y":-4},{"x":5.5,"y":-4},{"x":9,"y":-4},{"x":10,"y":-4},{"x":3,"y":-3.5},{"x":8,"y":-3.5},{"x":1.5,"y":-3},{"x":9.5,"y":-3},{"x":3,"y":-2.5},{"x":4,"y":-2.5},{"x":7,"y":-2.5},{"x":8,"y":-2.5},{"x":2,"y":-2},{"x":5,"y":-2},{"x":6,"y":-2},{"x":9,"y":-2},{"x":3,"y":-1.5},{"x":4,"y":-1.5},{"x":7,"y":-1.5},{"x":8,"y":-1.5},{"x":5,"y":-1},{"x":6,"y":-1}]}],"seeds":["GRg9YAh2CyGK1NOFSIlgJPWFj4hd3CF6gVUt1HQE0BaG4TcFSud1ifKJ3ldVgweGy0ClUEGgjiAm2ed1HeGFFFhUmxkclHioAvNlGUEN3QQ2gwCGTadJjNQtoRUJCqNRIceBosdNHcd0QcAZhqOcz9iFlwcA"]},{"layers":[{"index":0,"tiles":[{"x":4,"y":-9},{"x":7,"y":-9},{"x":3,"y":-8.5},{"x":5,"y":-8.5},{"x":6,"y":-8.5},{"x":8,"y":-8.5},{"x":2.5,"y":-7.5},{"x":5.5,"y":-7.5},{"x":8.5,"y":-7.5},{"x":2,"y":-6.5},{"x":5,"y":-6.5},{"x":6,"y":-6.5},{"x":9,"y":-6.5},{"x":1.5,"y":-5.5},{"x":4.5,"y":-5.5},{"x":6.5,"y":-5.5},{"x":9.5,"y":-5.5},{"x":1,"y":-4.5},{"x":2,"y":-4.5},{"x":3.5,"y":-4.5},{"x":4.5,"y":-4.5},{"x":5.5,"y":-4.5},{"x":6.5,"y":-4.5},{"x":7.5,"y":-4.5},{"x":9,"y":-4.5},{"x":10,"y":-4.5},{"x":1,"y":-3.5},{"x":2,"y":-3.5},{"x":3.5,"y":-3.5},{"x":4.5,"y":-3.5},{"x":5.5,"y":-3.5},{"x":6.5,"y":-3.5},{"x":7.5,"y":-3.5},{"x":9,"y":-3.5},{"x":10,"y":-3.5},{"x":4.5,"y":-2.5},{"x":6.5,"y":-2.5},{"x":5.5,"y":-2},{"x":2.5,"y":-1},{"x":3.5,"y":-1},{"x":4.5,"y":-1},{"x":5.5,"y":-1},{"x":6.5,"y":-1},{"x":7.5,"y":-1},{"x":8.5,"y":-1}]},{"index":1,"tiles":[{"x":4,"y":-9},{"x":7,"y":-9},{"x":3,"y":-8.5},{"x":5,"y":-8.5},{"x":6,"y":-8.5},{"x":8,"y":-8.5},{"x":2.5,"y":-7.5},{"x":5.5,"y":-7.5},{"x":8.5,"y":-7.5},{"x":2,"y":-6.5},{"x":5,"y":-6.5},{"x":6,"y":-6.5},{"x":9,"y":-6.5},{"x":1.5,"y":-5.5},{"x":4.5,"y":-5.5},{"x":6.5,"y":-5.5},{"x":9.5,"y":-5.5},{"x":1,"y":-4.5},{"x":2,"y":-4.5},{"x":3.5,"y":-4.5},{"x":4.5,"y":-4.5},{"x":5.5,"y":-4.5},{"x":6.5,"y":-4.5},{"x":7.5,"y":-4.5},{"x":9,"y":-4.5},{"x":10,"y":-4.5},{"x":1,"y":-3.5},{"x":2,"y":-3.5},{"x":3.5,"y":-3.5},{"x":4.5,"y":-3.5},{"x":5.5,"y":-3.5},{"x":6.5,"y":-3.5},{"x":7.5,"y":-3.5},{"x":9,"y":-3.5},{"x":10,"y":-3.5},{"x":4.5,"y":-2.5},{"x":6.5,"y":-2.5},{"x":5.5,"y":-2},{"x":2.5,"y":-1},{"x":3.5,"y":-1},{"x":4.5,"y":-1},{"x":5.5,"y":-1},{"x":6.5,"y":-1},{"x":7.5,"y":-1},{"x":8.5,"y":-1}]},{"index":2,"tiles":[{"x":2.5,"y":-4.5},{"x":3.5,"y":-4.5},{"x":4.5,"y":-4.5},{"x":5.5,"y":-4.5},{"x":6.5,"y":-4.5},{"x":7.5,"y":-4.5},{"x":8.5,"y":-4.5},{"x":2.5,"y":-3.5},{"x":3.5,"y":-3.5},{"x":4.5,"y":-3.5},{"x":5.5,"y":-3.5},{"x":6.5,"y":-3.5},{"x":7.5,"y":-3.5},{"x":8.5,"y":-3.5}]}],"seeds":["VmkSISgm0eGQD1QoH7EdXmh4Goddi5gxwTIVW6B5KPcMZ8JAU4eIHPWJmSSEorJ1XmNQTRh+YsipILiBksSJI4iBnXhVSPdJlROl3CBY"]}]]],0,0,[],[],[]]
