[1,0,0,[["cc.JsonAsset",["_name","json"],1]],[[0,0,1,3]],[[0,"level_000601-30",[{"layers":[{"index":0,"tiles":[{"x":5.5,"y":-9},{"x":4.5,"y":-8.5},{"x":6.5,"y":-8.5},{"x":3.5,"y":-8},{"x":5.5,"y":-8},{"x":7.5,"y":-8},{"x":4.5,"y":-7.5},{"x":6.5,"y":-7.5},{"x":3.5,"y":-7},{"x":5.5,"y":-7},{"x":7.5,"y":-7},{"x":2.5,"y":-6.5},{"x":4.5,"y":-6.5},{"x":6.5,"y":-6.5},{"x":8.5,"y":-6.5},{"x":5.5,"y":-6},{"x":2,"y":-5.5},{"x":3,"y":-5.5},{"x":8,"y":-5.5},{"x":9,"y":-5.5},{"x":4,"y":-5},{"x":5,"y":-5},{"x":6,"y":-5},{"x":7,"y":-5},{"x":2,"y":-4.5},{"x":3,"y":-4.5},{"x":8,"y":-4.5},{"x":9,"y":-4.5},{"x":5.5,"y":-4},{"x":2.5,"y":-3.5},{"x":4.5,"y":-3.5},{"x":6.5,"y":-3.5},{"x":8.5,"y":-3.5},{"x":3.5,"y":-3},{"x":5.5,"y":-3},{"x":7.5,"y":-3},{"x":4.5,"y":-2.5},{"x":6.5,"y":-2.5},{"x":3.5,"y":-2},{"x":5.5,"y":-2},{"x":7.5,"y":-2},{"x":4.5,"y":-1.5},{"x":6.5,"y":-1.5},{"x":5.5,"y":-1}]},{"index":1,"tiles":[{"x":5.5,"y":-9},{"x":4.5,"y":-8.5},{"x":6.5,"y":-8.5},{"x":3.5,"y":-8},{"x":5.5,"y":-8},{"x":7.5,"y":-8},{"x":4.5,"y":-7.5},{"x":6.5,"y":-7.5},{"x":3.5,"y":-7},{"x":5.5,"y":-7},{"x":7.5,"y":-7},{"x":2.5,"y":-6.5},{"x":4.5,"y":-6.5},{"x":6.5,"y":-6.5},{"x":8.5,"y":-6.5},{"x":5.5,"y":-6},{"x":2,"y":-5.5},{"x":3,"y":-5.5},{"x":8,"y":-5.5},{"x":9,"y":-5.5},{"x":4,"y":-5},{"x":5,"y":-5},{"x":6,"y":-5},{"x":7,"y":-5},{"x":2,"y":-4.5},{"x":3,"y":-4.5},{"x":8,"y":-4.5},{"x":9,"y":-4.5},{"x":5.5,"y":-4},{"x":2.5,"y":-3.5},{"x":4.5,"y":-3.5},{"x":6.5,"y":-3.5},{"x":8.5,"y":-3.5},{"x":3.5,"y":-3},{"x":5.5,"y":-3},{"x":7.5,"y":-3},{"x":4.5,"y":-2.5},{"x":6.5,"y":-2.5},{"x":3.5,"y":-2},{"x":5.5,"y":-2},{"x":7.5,"y":-2},{"x":4.5,"y":-1.5},{"x":6.5,"y":-1.5},{"x":5.5,"y":-1}]},{"index":2,"tiles":[{"x":3.5,"y":-8},{"x":7.5,"y":-8},{"x":4.5,"y":-7.5},{"x":5.5,"y":-7.5},{"x":6.5,"y":-7.5},{"x":2.5,"y":-6.5},{"x":3.5,"y":-6.5},{"x":4.5,"y":-6.5},{"x":5.5,"y":-6.5},{"x":6.5,"y":-6.5},{"x":7.5,"y":-6.5},{"x":8.5,"y":-6.5},{"x":2,"y":-5.5},{"x":3,"y":-5.5},{"x":4,"y":-5.5},{"x":7,"y":-5.5},{"x":8,"y":-5.5},{"x":9,"y":-5.5},{"x":2,"y":-4.5},{"x":3,"y":-4.5},{"x":4,"y":-4.5},{"x":7,"y":-4.5},{"x":8,"y":-4.5},{"x":9,"y":-4.5},{"x":2.5,"y":-3.5},{"x":3.5,"y":-3.5},{"x":4.5,"y":-3.5},{"x":5.5,"y":-3.5},{"x":6.5,"y":-3.5},{"x":7.5,"y":-3.5},{"x":8.5,"y":-3.5},{"x":4.5,"y":-2.5},{"x":5.5,"y":-2.5},{"x":6.5,"y":-2.5},{"x":3.5,"y":-2},{"x":7.5,"y":-2}]}],"seeds":["YPOFU2E9h8h91gBVUkgZTRJwTEIhBQR1HNR1VYh4A7dFAadsSjOADRiAHigyGSF0WoQuonGaUypKIBFcoiiEoecNUcAFGhYqWHgpJFMtEZOVqhNwXyUegRiOn/Nw"]},{"layers":[{"index":0,"tiles":[{"x":3.5,"y":-8},{"x":5,"y":-8},{"x":6,"y":-8},{"x":7.5,"y":-8},{"x":2.5,"y":-7},{"x":4.5,"y":-7},{"x":5.5,"y":-7},{"x":6.5,"y":-7},{"x":8.5,"y":-7},{"x":3.5,"y":-6.5},{"x":7.5,"y":-6.5},{"x":2.5,"y":-6},{"x":4.5,"y":-6},{"x":5.5,"y":-6},{"x":6.5,"y":-6},{"x":8.5,"y":-6},{"x":3.5,"y":-5.5},{"x":7.5,"y":-5.5},{"x":2.5,"y":-5},{"x":4.5,"y":-5},{"x":5.5,"y":-5},{"x":6.5,"y":-5},{"x":8.5,"y":-5},{"x":3.5,"y":-4.5},{"x":7.5,"y":-4.5},{"x":2.5,"y":-4},{"x":4.5,"y":-4},{"x":5.5,"y":-4},{"x":6.5,"y":-4},{"x":8.5,"y":-4},{"x":3.5,"y":-3.5},{"x":7.5,"y":-3.5},{"x":2.5,"y":-3},{"x":4.5,"y":-3},{"x":5.5,"y":-3},{"x":6.5,"y":-3},{"x":8.5,"y":-3},{"x":3.5,"y":-2},{"x":5,"y":-2},{"x":6,"y":-2},{"x":7.5,"y":-2}]},{"index":1,"tiles":[{"x":3.5,"y":-8},{"x":5,"y":-8},{"x":6,"y":-8},{"x":7.5,"y":-8},{"x":2.5,"y":-7},{"x":8.5,"y":-7},{"x":3.5,"y":-6.5},{"x":5,"y":-6.5},{"x":6,"y":-6.5},{"x":7.5,"y":-6.5},{"x":2.5,"y":-6},{"x":8.5,"y":-6},{"x":3.5,"y":-5.5},{"x":5,"y":-5.5},{"x":6,"y":-5.5},{"x":7.5,"y":-5.5},{"x":2.5,"y":-5},{"x":8.5,"y":-5},{"x":3.5,"y":-4.5},{"x":5,"y":-4.5},{"x":6,"y":-4.5},{"x":7.5,"y":-4.5},{"x":2.5,"y":-4},{"x":8.5,"y":-4},{"x":3.5,"y":-3.5},{"x":5,"y":-3.5},{"x":6,"y":-3.5},{"x":7.5,"y":-3.5},{"x":2.5,"y":-3},{"x":8.5,"y":-3},{"x":3.5,"y":-2},{"x":5,"y":-2},{"x":6,"y":-2},{"x":7.5,"y":-2}]},{"index":2,"tiles":[{"x":4,"y":-8},{"x":5,"y":-8},{"x":6,"y":-8},{"x":7,"y":-8},{"x":3,"y":-7},{"x":4.5,"y":-7},{"x":5.5,"y":-7},{"x":6.5,"y":-7},{"x":8,"y":-7},{"x":3,"y":-6},{"x":4.5,"y":-6},{"x":5.5,"y":-6},{"x":6.5,"y":-6},{"x":8,"y":-6},{"x":3,"y":-5},{"x":4.5,"y":-5},{"x":5.5,"y":-5},{"x":6.5,"y":-5},{"x":8,"y":-5},{"x":3,"y":-4},{"x":4.5,"y":-4},{"x":5.5,"y":-4},{"x":6.5,"y":-4},{"x":8,"y":-4},{"x":3,"y":-3},{"x":4.5,"y":-3},{"x":5.5,"y":-3},{"x":6.5,"y":-3},{"x":8,"y":-3},{"x":4,"y":-2},{"x":5,"y":-2},{"x":6,"y":-2},{"x":7,"y":-2}]},{"index":3,"tiles":[{"x":5,"y":-6.5},{"x":6,"y":-6.5},{"x":5,"y":-5.5},{"x":6,"y":-5.5},{"x":5,"y":-4.5},{"x":6,"y":-4.5},{"x":5,"y":-3.5},{"x":6,"y":-3.5}]}],"seeds":["YdEp4CKCTmJ5ykdNVNmAhNB0RIZ1RzeEB8gMkGBBjsdpTwoa1wYK1IJcIgKijDeAk6dij0FxYhFU4bhNVSicX2hyk0JKIicFwRKISpR8Q/R1mahxS8eF"]},{"layers":[{"index":0,"tiles":[{"x":4.5,"y":-10},{"x":6.5,"y":-10},{"x":3.5,"y":-9.5},{"x":5.5,"y":-9.5},{"x":7.5,"y":-9.5},{"x":4.5,"y":-9},{"x":6.5,"y":-9},{"x":3.5,"y":-8.5},{"x":5.5,"y":-8.5},{"x":7.5,"y":-8.5},{"x":8.5,"y":-8.5},{"x":2.5,"y":-8},{"x":4.5,"y":-8},{"x":6.5,"y":-8},{"x":3.5,"y":-7.5},{"x":5.5,"y":-7.5},{"x":7.5,"y":-7.5},{"x":8.5,"y":-7.5},{"x":9.5,"y":-7.5},{"x":1.5,"y":-7},{"x":2.5,"y":-7},{"x":4.5,"y":-7},{"x":6.5,"y":-7},{"x":3.5,"y":-6.5},{"x":5.5,"y":-6.5},{"x":7.5,"y":-6.5},{"x":8.5,"y":-6.5},{"x":9.5,"y":-6.5},{"x":1.5,"y":-6},{"x":2.5,"y":-6},{"x":4.5,"y":-6},{"x":6.5,"y":-6},{"x":3.5,"y":-5.5},{"x":5.5,"y":-5.5},{"x":7.5,"y":-5.5},{"x":8.5,"y":-5.5},{"x":9.5,"y":-5.5},{"x":2.5,"y":-5},{"x":4.5,"y":-5},{"x":6.5,"y":-5},{"x":3.5,"y":-4.5},{"x":5.5,"y":-4.5},{"x":7.5,"y":-4.5},{"x":8.5,"y":-4.5},{"x":7.5,"y":-3.5},{"x":8.5,"y":-3.5},{"x":7.5,"y":-2.5},{"x":8.5,"y":-2.5},{"x":7.5,"y":-1.5},{"x":8.5,"y":-1.5},{"x":8,"y":-0.5}]},{"index":1,"tiles":[{"x":4.5,"y":-10},{"x":6.5,"y":-10},{"x":3.5,"y":-9.5},{"x":5.5,"y":-9.5},{"x":4.5,"y":-9},{"x":6.5,"y":-9},{"x":3.5,"y":-8.5},{"x":5.5,"y":-8.5},{"x":7.5,"y":-8.5},{"x":8.5,"y":-8.5},{"x":2.5,"y":-8},{"x":4.5,"y":-8},{"x":6.5,"y":-8},{"x":3.5,"y":-7.5},{"x":5.5,"y":-7.5},{"x":7.5,"y":-7.5},{"x":8.5,"y":-7.5},{"x":9.5,"y":-7.5},{"x":1.5,"y":-7},{"x":2.5,"y":-7},{"x":4.5,"y":-7},{"x":6.5,"y":-7},{"x":3.5,"y":-6.5},{"x":5.5,"y":-6.5},{"x":7.5,"y":-6.5},{"x":8.5,"y":-6.5},{"x":9.5,"y":-6.5},{"x":1.5,"y":-6},{"x":2.5,"y":-6},{"x":4.5,"y":-6},{"x":6.5,"y":-6},{"x":3.5,"y":-5.5},{"x":5.5,"y":-5.5},{"x":7.5,"y":-5.5},{"x":8.5,"y":-5.5},{"x":9.5,"y":-5.5},{"x":2.5,"y":-5},{"x":4.5,"y":-5},{"x":6.5,"y":-5},{"x":3.5,"y":-4.5},{"x":5.5,"y":-4.5},{"x":7.5,"y":-4.5},{"x":8.5,"y":-4.5},{"x":7.5,"y":-3.5},{"x":8.5,"y":-3.5},{"x":7.5,"y":-2.5},{"x":8.5,"y":-2.5},{"x":7.5,"y":-1.5},{"x":8.5,"y":-1.5},{"x":8,"y":-0.5}]},{"index":2,"tiles":[{"x":3,"y":-7.5},{"x":4,"y":-7.5},{"x":5,"y":-7.5},{"x":6,"y":-7.5},{"x":8,"y":-7},{"x":9,"y":-7},{"x":2,"y":-6.5},{"x":3,"y":-6.5},{"x":4,"y":-6.5},{"x":5,"y":-6.5},{"x":6,"y":-6.5},{"x":8,"y":-6},{"x":9,"y":-6},{"x":3,"y":-5.5},{"x":4,"y":-5.5},{"x":5,"y":-5.5},{"x":6,"y":-5.5},{"x":3.5,"y":-4.5},{"x":5.5,"y":-4.5}]}],"seeds":["BEWJj7SEHmlu0PZVSoiFlSeA14IpYgB6yBGGXBlEoegUAqeOgRF1jidmn8YkA/JxKSR5nKJMlEg83pKAzblkYGBZk8ZxXdeFA2hcXghOjVcIICh03SEyH4VO"]},{"layers":[{"index":0,"tiles":[{"x":3,"y":-8.5},{"x":4,"y":-8.5},{"x":5,"y":-8.5},{"x":6,"y":-8.5},{"x":7,"y":-8.5},{"x":8,"y":-8.5},{"x":4,"y":-7.5},{"x":5,"y":-7.5},{"x":6,"y":-7.5},{"x":7,"y":-7.5},{"x":2.5,"y":-6.5},{"x":3.5,"y":-6.5},{"x":4.5,"y":-6.5},{"x":5.5,"y":-6.5},{"x":6.5,"y":-6.5},{"x":7.5,"y":-6.5},{"x":8.5,"y":-6.5},{"x":2,"y":-5.5},{"x":4.5,"y":-5.5},{"x":5.5,"y":-5.5},{"x":6.5,"y":-5.5},{"x":9,"y":-5.5},{"x":1,"y":-5},{"x":10,"y":-5},{"x":4,"y":-4.5},{"x":5,"y":-4.5},{"x":6,"y":-4.5},{"x":7,"y":-4.5},{"x":0.5,"y":-4},{"x":10.5,"y":-4},{"x":3.5,"y":-3.5},{"x":4.5,"y":-3.5},{"x":5.5,"y":-3.5},{"x":6.5,"y":-3.5},{"x":7.5,"y":-3.5},{"x":1,"y":-3},{"x":10,"y":-3},{"x":2,"y":-2.5},{"x":3,"y":-2.5},{"x":4,"y":-2.5},{"x":5,"y":-2.5},{"x":6,"y":-2.5},{"x":7,"y":-2.5},{"x":8,"y":-2.5},{"x":9,"y":-2.5},{"x":3,"y":-1.5},{"x":4,"y":-1.5},{"x":5,"y":-1.5},{"x":6,"y":-1.5},{"x":7,"y":-1.5},{"x":8,"y":-1.5}]},{"index":1,"tiles":[{"x":3,"y":-8.5},{"x":4,"y":-8.5},{"x":5,"y":-8.5},{"x":6,"y":-8.5},{"x":7,"y":-8.5},{"x":8,"y":-8.5},{"x":4,"y":-7.5},{"x":5,"y":-7.5},{"x":6,"y":-7.5},{"x":7,"y":-7.5},{"x":2.5,"y":-6.5},{"x":3.5,"y":-6.5},{"x":4.5,"y":-6.5},{"x":5.5,"y":-6.5},{"x":6.5,"y":-6.5},{"x":7.5,"y":-6.5},{"x":8.5,"y":-6.5},{"x":2,"y":-5.5},{"x":4.5,"y":-5.5},{"x":5.5,"y":-5.5},{"x":6.5,"y":-5.5},{"x":9,"y":-5.5},{"x":1,"y":-5},{"x":10,"y":-5},{"x":4,"y":-4.5},{"x":5,"y":-4.5},{"x":6,"y":-4.5},{"x":7,"y":-4.5},{"x":0.5,"y":-4},{"x":10.5,"y":-4},{"x":3.5,"y":-3.5},{"x":4.5,"y":-3.5},{"x":5.5,"y":-3.5},{"x":6.5,"y":-3.5},{"x":7.5,"y":-3.5},{"x":1,"y":-3},{"x":10,"y":-3},{"x":2,"y":-2.5},{"x":3,"y":-2.5},{"x":4,"y":-2.5},{"x":5,"y":-2.5},{"x":6,"y":-2.5},{"x":7,"y":-2.5},{"x":8,"y":-2.5},{"x":9,"y":-2.5},{"x":3,"y":-1.5},{"x":4,"y":-1.5},{"x":5,"y":-1.5},{"x":6,"y":-1.5},{"x":7,"y":-1.5},{"x":8,"y":-1.5}]},{"index":2,"tiles":[{"x":3,"y":-8.5},{"x":4,"y":-8.5},{"x":5,"y":-8.5},{"x":6,"y":-8.5},{"x":7,"y":-8.5},{"x":8,"y":-8.5},{"x":4,"y":-7.5},{"x":5,"y":-7.5},{"x":6,"y":-7.5},{"x":7,"y":-7.5},{"x":4.5,"y":-6.5},{"x":6.5,"y":-6.5},{"x":4.5,"y":-5.5},{"x":5.5,"y":-5.5},{"x":6.5,"y":-5.5},{"x":4,"y":-4.5},{"x":5,"y":-4.5},{"x":6,"y":-4.5},{"x":7,"y":-4.5},{"x":3.5,"y":-3.5},{"x":4.5,"y":-3.5},{"x":5.5,"y":-3.5},{"x":6.5,"y":-3.5},{"x":7.5,"y":-3.5},{"x":3,"y":-2.5},{"x":4,"y":-2.5},{"x":5,"y":-2.5},{"x":6,"y":-2.5},{"x":7,"y":-2.5},{"x":8,"y":-2.5},{"x":3,"y":-1.5},{"x":4,"y":-1.5},{"x":5,"y":-1.5},{"x":6,"y":-1.5},{"x":7,"y":-1.5},{"x":8,"y":-1.5}]}],"seeds":["AiGGoOgRGqZY3fJNV0KEUuRR56ERg+RcjBJYGhiIhSZoYKBsg1dQHJgZQ0V94tYwHfOEnMZBHveIC8ghSTeUGRh1Y4qKHwIShBeGodGBHEWEQjV53cQFzbQIB6SGJsGQygI50BdyIQYA"]},{"layers":[{"index":0,"tiles":[{"x":5,"y":-8.5},{"x":6,"y":-8.5},{"x":4.5,"y":-7.5},{"x":5.5,"y":-7.5},{"x":6.5,"y":-7.5},{"x":4,"y":-6.5},{"x":5,"y":-6.5},{"x":6,"y":-6.5},{"x":7,"y":-6.5},{"x":3.5,"y":-5.5},{"x":4.5,"y":-5.5},{"x":5.5,"y":-5.5},{"x":6.5,"y":-5.5},{"x":7.5,"y":-5.5},{"x":3,"y":-4.5},{"x":4,"y":-4.5},{"x":7,"y":-4.5},{"x":8,"y":-4.5},{"x":2.5,"y":-3.5},{"x":3.5,"y":-3.5},{"x":7.5,"y":-3.5},{"x":8.5,"y":-3.5},{"x":2,"y":-2.5},{"x":3,"y":-2.5},{"x":4,"y":-2.5},{"x":7,"y":-2.5},{"x":8,"y":-2.5},{"x":9,"y":-2.5},{"x":3,"y":-1.5},{"x":4,"y":-1.5},{"x":5,"y":-1.5},{"x":6,"y":-1.5},{"x":7,"y":-1.5},{"x":8,"y":-1.5},{"x":4,"y":-0.5},{"x":5,"y":-0.5},{"x":6,"y":-0.5},{"x":7,"y":-0.5}]},{"index":1,"tiles":[{"x":5,"y":-8.5},{"x":6,"y":-8.5},{"x":4.5,"y":-7.5},{"x":5.5,"y":-7.5},{"x":6.5,"y":-7.5},{"x":4,"y":-6.5},{"x":5,"y":-6.5},{"x":6,"y":-6.5},{"x":7,"y":-6.5},{"x":3.5,"y":-5.5},{"x":4.5,"y":-5.5},{"x":6.5,"y":-5.5},{"x":7.5,"y":-5.5},{"x":3.5,"y":-4.5},{"x":4.5,"y":-4.5},{"x":6.5,"y":-4.5},{"x":7.5,"y":-4.5},{"x":2.5,"y":-3.5},{"x":3.5,"y":-3.5},{"x":7.5,"y":-3.5},{"x":8.5,"y":-3.5},{"x":2.5,"y":-2.5},{"x":3.5,"y":-2.5},{"x":4.5,"y":-2.5},{"x":6.5,"y":-2.5},{"x":7.5,"y":-2.5},{"x":8.5,"y":-2.5},{"x":3,"y":-1.5},{"x":4,"y":-1.5},{"x":5,"y":-1.5},{"x":6,"y":-1.5},{"x":7,"y":-1.5},{"x":8,"y":-1.5},{"x":4,"y":-0.5},{"x":5,"y":-0.5},{"x":6,"y":-0.5},{"x":7,"y":-0.5}]},{"index":2,"tiles":[{"x":5,"y":-8.5},{"x":6,"y":-8.5},{"x":4.5,"y":-7.5},{"x":5.5,"y":-7.5},{"x":6.5,"y":-7.5},{"x":4,"y":-6.5},{"x":5,"y":-6.5},{"x":6,"y":-6.5},{"x":7,"y":-6.5},{"x":3.5,"y":-5.5},{"x":4.5,"y":-5.5},{"x":6.5,"y":-5.5},{"x":7.5,"y":-5.5},{"x":3.5,"y":-4.5},{"x":7.5,"y":-4.5},{"x":4.5,"y":-4},{"x":6.5,"y":-4},{"x":2.5,"y":-3.5},{"x":3.5,"y":-3.5},{"x":7.5,"y":-3.5},{"x":8.5,"y":-3.5},{"x":2.5,"y":-2.5},{"x":3.5,"y":-2.5},{"x":4.5,"y":-2.5},{"x":6.5,"y":-2.5},{"x":7.5,"y":-2.5},{"x":8.5,"y":-2.5},{"x":3,"y":-1.5},{"x":4,"y":-1.5},{"x":5,"y":-1.5},{"x":6,"y":-1.5},{"x":7,"y":-1.5},{"x":8,"y":-1.5},{"x":4,"y":-0.5},{"x":5,"y":-0.5},{"x":6,"y":-0.5},{"x":7,"y":-0.5}]},{"index":3,"tiles":[{"x":5,"y":-8.5},{"x":6,"y":-8.5},{"x":4.5,"y":-7.5},{"x":5.5,"y":-7.5},{"x":6.5,"y":-7.5},{"x":4,"y":-6.5},{"x":5,"y":-6.5},{"x":6,"y":-6.5},{"x":7,"y":-6.5},{"x":3.5,"y":-5.5},{"x":4.5,"y":-5.5},{"x":6.5,"y":-5.5},{"x":7.5,"y":-5.5},{"x":3.5,"y":-4.5},{"x":4.5,"y":-4.5},{"x":6.5,"y":-4.5},{"x":7.5,"y":-4.5},{"x":2.5,"y":-3.5},{"x":3.5,"y":-3.5},{"x":7.5,"y":-3.5},{"x":8.5,"y":-3.5},{"x":2.5,"y":-2.5},{"x":3.5,"y":-2.5},{"x":4.5,"y":-2.5},{"x":6.5,"y":-2.5},{"x":7.5,"y":-2.5},{"x":8.5,"y":-2.5},{"x":3,"y":-1.5},{"x":4,"y":-1.5},{"x":5,"y":-1.5},{"x":6,"y":-1.5},{"x":7,"y":-1.5},{"x":4,"y":-0.5},{"x":5,"y":-0.5},{"x":6,"y":-0.5},{"x":7,"y":-0.5}]}],"seeds":["oViMSwMGVtJNGGhVlQIanyUWYEhxIqospOd9TbCFE6I8FReGzQNazhZxYvdFA0doxwCCHYRMDMcJjWhJhJNRBCV0HtglzDU41Wdpordw38BBqvdNghh6mBimwRV2F6M4x2kujBAWFCgRV1CUWWiA"]},{"layers":[{"index":0,"tiles":[{"x":2.5,"y":-10},{"x":3.5,"y":-10},{"x":4.5,"y":-10},{"x":6.5,"y":-10},{"x":7.5,"y":-10},{"x":8.5,"y":-10},{"x":1.5,"y":-9},{"x":2.5,"y":-9},{"x":3.5,"y":-9},{"x":4.5,"y":-9},{"x":5.5,"y":-9},{"x":6.5,"y":-9},{"x":7.5,"y":-9},{"x":8.5,"y":-9},{"x":9.5,"y":-9},{"x":2,"y":-8},{"x":3,"y":-8},{"x":4,"y":-8},{"x":5,"y":-8},{"x":6,"y":-8},{"x":7,"y":-8},{"x":8,"y":-8},{"x":9,"y":-8},{"x":3.5,"y":-7},{"x":4.5,"y":-7},{"x":5.5,"y":-7},{"x":6.5,"y":-7},{"x":7.5,"y":-7},{"x":4,"y":-6},{"x":5,"y":-6},{"x":6,"y":-6},{"x":7,"y":-6},{"x":4,"y":-5},{"x":5,"y":-5},{"x":6,"y":-5},{"x":7,"y":-5},{"x":3.5,"y":-4},{"x":4.5,"y":-4},{"x":5.5,"y":-4},{"x":6.5,"y":-4},{"x":7.5,"y":-4},{"x":2,"y":-3},{"x":3,"y":-3},{"x":4,"y":-3},{"x":5,"y":-3},{"x":6,"y":-3},{"x":7,"y":-3},{"x":8,"y":-3},{"x":9,"y":-3},{"x":1.5,"y":-2},{"x":2.5,"y":-2},{"x":3.5,"y":-2},{"x":4.5,"y":-2},{"x":5.5,"y":-2},{"x":6.5,"y":-2},{"x":7.5,"y":-2},{"x":8.5,"y":-2},{"x":9.5,"y":-2},{"x":2.5,"y":-1},{"x":3.5,"y":-1},{"x":4.5,"y":-1},{"x":6.5,"y":-1},{"x":7.5,"y":-1},{"x":8.5,"y":-1}]},{"index":1,"tiles":[{"x":2.5,"y":-10},{"x":3.5,"y":-10},{"x":4.5,"y":-10},{"x":6.5,"y":-10},{"x":7.5,"y":-10},{"x":8.5,"y":-10},{"x":1.5,"y":-9},{"x":2.5,"y":-9},{"x":3.5,"y":-9},{"x":4.5,"y":-9},{"x":5.5,"y":-9},{"x":6.5,"y":-9},{"x":7.5,"y":-9},{"x":8.5,"y":-9},{"x":9.5,"y":-9},{"x":2,"y":-8},{"x":3,"y":-8},{"x":4,"y":-8},{"x":5,"y":-8},{"x":6,"y":-8},{"x":7,"y":-8},{"x":8,"y":-8},{"x":9,"y":-8},{"x":3.5,"y":-7},{"x":4.5,"y":-7},{"x":5.5,"y":-7},{"x":6.5,"y":-7},{"x":7.5,"y":-7},{"x":4,"y":-6},{"x":5,"y":-6},{"x":6,"y":-6},{"x":7,"y":-6},{"x":4,"y":-5},{"x":5,"y":-5},{"x":6,"y":-5},{"x":7,"y":-5},{"x":3.5,"y":-4},{"x":4.5,"y":-4},{"x":5.5,"y":-4},{"x":6.5,"y":-4},{"x":7.5,"y":-4},{"x":2,"y":-3},{"x":3,"y":-3},{"x":4,"y":-3},{"x":5,"y":-3},{"x":6,"y":-3},{"x":7,"y":-3},{"x":8,"y":-3},{"x":9,"y":-3},{"x":1.5,"y":-2},{"x":2.5,"y":-2},{"x":3.5,"y":-2},{"x":4.5,"y":-2},{"x":5.5,"y":-2},{"x":6.5,"y":-2},{"x":7.5,"y":-2},{"x":8.5,"y":-2},{"x":9.5,"y":-2},{"x":2.5,"y":-1},{"x":3.5,"y":-1},{"x":4.5,"y":-1},{"x":6.5,"y":-1},{"x":7.5,"y":-1},{"x":8.5,"y":-1}]}],"seeds":["4bdcitaEYDBQXsh9F0dlIFk1ojioIoeCR8hAXdlRIOJ9FUh1o9MVWfhtBPNZmugtEyF0hlKBqcdNSoSBQ3IuIjgwz6eYopQwIVaJU8dFwSKJgVBYQfhsnhB6xnRACOcI"]},{"layers":[{"index":0,"tiles":[{"x":4,"y":-9},{"x":5,"y":-9},{"x":6,"y":-9},{"x":7,"y":-9},{"x":4,"y":-8},{"x":5,"y":-8},{"x":6,"y":-8},{"x":7,"y":-8},{"x":3.5,"y":-7},{"x":4.5,"y":-7},{"x":5.5,"y":-7},{"x":6.5,"y":-7},{"x":7.5,"y":-7},{"x":2.5,"y":-6},{"x":3.5,"y":-6},{"x":4.5,"y":-6},{"x":5.5,"y":-6},{"x":6.5,"y":-6},{"x":7.5,"y":-6},{"x":8.5,"y":-6},{"x":2,"y":-5},{"x":3,"y":-5},{"x":5,"y":-5},{"x":6,"y":-5},{"x":8,"y":-5},{"x":9,"y":-5},{"x":2,"y":-4},{"x":3,"y":-4},{"x":4,"y":-4},{"x":5,"y":-4},{"x":6,"y":-4},{"x":7,"y":-4},{"x":8,"y":-4},{"x":9,"y":-4},{"x":2.5,"y":-3},{"x":3.5,"y":-3},{"x":4.5,"y":-3},{"x":5.5,"y":-3},{"x":6.5,"y":-3},{"x":7.5,"y":-3},{"x":8.5,"y":-3},{"x":2.5,"y":-2},{"x":4,"y":-2},{"x":7,"y":-2},{"x":8.5,"y":-2},{"x":2.5,"y":-1},{"x":3.5,"y":-1},{"x":7.5,"y":-1},{"x":8.5,"y":-1},{"x":3,"y":0},{"x":8,"y":0}]},{"index":1,"tiles":[{"x":4,"y":-9},{"x":5,"y":-9},{"x":6,"y":-9},{"x":7,"y":-9},{"x":4,"y":-8},{"x":5,"y":-8},{"x":6,"y":-8},{"x":7,"y":-8},{"x":3.5,"y":-7},{"x":4.5,"y":-7},{"x":5.5,"y":-7},{"x":6.5,"y":-7},{"x":7.5,"y":-7},{"x":2.5,"y":-6},{"x":3.5,"y":-6},{"x":4.5,"y":-6},{"x":5.5,"y":-6},{"x":6.5,"y":-6},{"x":7.5,"y":-6},{"x":8.5,"y":-6},{"x":2,"y":-5},{"x":3,"y":-5},{"x":5,"y":-5},{"x":6,"y":-5},{"x":8,"y":-5},{"x":9,"y":-5},{"x":2,"y":-4},{"x":3,"y":-4},{"x":4,"y":-4},{"x":5,"y":-4},{"x":6,"y":-4},{"x":7,"y":-4},{"x":8,"y":-4},{"x":9,"y":-4},{"x":2.5,"y":-3},{"x":3.5,"y":-3},{"x":4.5,"y":-3},{"x":5.5,"y":-3},{"x":6.5,"y":-3},{"x":7.5,"y":-3},{"x":8.5,"y":-3},{"x":2.5,"y":-2},{"x":4,"y":-2},{"x":7,"y":-2},{"x":8.5,"y":-2},{"x":2.5,"y":-1},{"x":3.5,"y":-1},{"x":7.5,"y":-1},{"x":8.5,"y":-1},{"x":3,"y":0},{"x":8,"y":0}]},{"index":2,"tiles":[{"x":4.5,"y":-7},{"x":5.5,"y":-7},{"x":6.5,"y":-7},{"x":3.5,"y":-6},{"x":4.5,"y":-6},{"x":5.5,"y":-6},{"x":6.5,"y":-6},{"x":7.5,"y":-6},{"x":3,"y":-5},{"x":5,"y":-5},{"x":6,"y":-5},{"x":3,"y":-4},{"x":4,"y":-4},{"x":5,"y":-4},{"x":6,"y":-4},{"x":7,"y":-4},{"x":8,"y":-4},{"x":3.5,"y":-3},{"x":4.5,"y":-3},{"x":5.5,"y":-3},{"x":6.5,"y":-3},{"x":7.5,"y":-3}]}],"seeds":["xDdwqpdRjTEtT/qBTaeAS7ZUFRQhxih1XRRq4tBxiudJwacs18ZxaMBxASeGmKZg3JdlQiiFgSmBR0cgRfGIYHJeDNlNWZY5zpFlXvglogiVnJUxVshRArhxH8iJ"]},{"layers":[{"index":0,"tiles":[{"x":3,"y":-9},{"x":4,"y":-9},{"x":3,"y":-8},{"x":4,"y":-8},{"x":3,"y":-7},{"x":4,"y":-7},{"x":3,"y":-6},{"x":4,"y":-6},{"x":3,"y":-5},{"x":4,"y":-5},{"x":9,"y":-5},{"x":10,"y":-5},{"x":7,"y":-4.5},{"x":8,"y":-4.5},{"x":3,"y":-4},{"x":4,"y":-4},{"x":5,"y":-4},{"x":6,"y":-4},{"x":9,"y":-4},{"x":10,"y":-4},{"x":7,"y":-3.5},{"x":8,"y":-3.5},{"x":3,"y":-3},{"x":4,"y":-3},{"x":5,"y":-3},{"x":6,"y":-3},{"x":9,"y":-3},{"x":7,"y":-2.5},{"x":8,"y":-2.5},{"x":3,"y":-2},{"x":4,"y":-2},{"x":5,"y":-2},{"x":6,"y":-2},{"x":7,"y":-1.5},{"x":3,"y":-1},{"x":4,"y":-1},{"x":5,"y":-1},{"x":6,"y":-1}]},{"index":1,"tiles":[{"x":3,"y":-9},{"x":4,"y":-9},{"x":3,"y":-8},{"x":4,"y":-8},{"x":3,"y":-7},{"x":4,"y":-7},{"x":3,"y":-6},{"x":4,"y":-6},{"x":3,"y":-5},{"x":4,"y":-5},{"x":9,"y":-5},{"x":10,"y":-5},{"x":7,"y":-4.5},{"x":8,"y":-4.5},{"x":3,"y":-4},{"x":4,"y":-4},{"x":5,"y":-4},{"x":6,"y":-4},{"x":9,"y":-4},{"x":10,"y":-4},{"x":7,"y":-3.5},{"x":8,"y":-3.5},{"x":3,"y":-3},{"x":4,"y":-3},{"x":5,"y":-3},{"x":6,"y":-3},{"x":9,"y":-3},{"x":7,"y":-2.5},{"x":8,"y":-2.5},{"x":3,"y":-2},{"x":4,"y":-2},{"x":5,"y":-2},{"x":6,"y":-2},{"x":7,"y":-1.5},{"x":3,"y":-1},{"x":4,"y":-1},{"x":5,"y":-1},{"x":6,"y":-1}]},{"index":2,"tiles":[{"x":3,"y":-9},{"x":4,"y":-9},{"x":3,"y":-8},{"x":4,"y":-8},{"x":3,"y":-7},{"x":4,"y":-7},{"x":3,"y":-6},{"x":4,"y":-6},{"x":3,"y":-5},{"x":4,"y":-5},{"x":9,"y":-5},{"x":10,"y":-5},{"x":7,"y":-4.5},{"x":8,"y":-4.5},{"x":3,"y":-4},{"x":4,"y":-4},{"x":5,"y":-4},{"x":6,"y":-4},{"x":9,"y":-4},{"x":10,"y":-4},{"x":7,"y":-3.5},{"x":8,"y":-3.5},{"x":3,"y":-3},{"x":4,"y":-3},{"x":5,"y":-3},{"x":6,"y":-3},{"x":9,"y":-3},{"x":7,"y":-2.5},{"x":8,"y":-2.5},{"x":3,"y":-2},{"x":4,"y":-2},{"x":5,"y":-2},{"x":6,"y":-2},{"x":7,"y":-1.5},{"x":3,"y":-1},{"x":4,"y":-1},{"x":5,"y":-1},{"x":6,"y":-1}]}],"seeds":["AucNyPd9j5BIVCAVAXUlUYhZIcOJEIGIDdeEWEhExnZMTth5nllVorKEU3oo0nd2YAFyT6c+GnhVWZUZKEeAAfN95AgtIMiJgwc6lrR15ZAFmTY8IAEA"]},{"layers":[{"index":0,"tiles":[{"x":2.5,"y":-9},{"x":3.5,"y":-9},{"x":4.5,"y":-9},{"x":5.5,"y":-9},{"x":6.5,"y":-9},{"x":7.5,"y":-9},{"x":8.5,"y":-9},{"x":2.5,"y":-8},{"x":3.5,"y":-8},{"x":4.5,"y":-8},{"x":5.5,"y":-8},{"x":6.5,"y":-8},{"x":7.5,"y":-8},{"x":8.5,"y":-8},{"x":2.5,"y":-7},{"x":3.5,"y":-7},{"x":2.5,"y":-6},{"x":3.5,"y":-6},{"x":4.5,"y":-5.5},{"x":5.5,"y":-5.5},{"x":6.5,"y":-5.5},{"x":7.5,"y":-5.5},{"x":2.5,"y":-5},{"x":3.5,"y":-5},{"x":4.5,"y":-4.5},{"x":5.5,"y":-4.5},{"x":6.5,"y":-4.5},{"x":7.5,"y":-4.5},{"x":2.5,"y":-4},{"x":3.5,"y":-4},{"x":2.5,"y":-3},{"x":3.5,"y":-3},{"x":2.5,"y":-2},{"x":3.5,"y":-2},{"x":4.5,"y":-2},{"x":5.5,"y":-2},{"x":6.5,"y":-2},{"x":7.5,"y":-2},{"x":8.5,"y":-2},{"x":2.5,"y":-1},{"x":3.5,"y":-1},{"x":4.5,"y":-1},{"x":5.5,"y":-1},{"x":6.5,"y":-1},{"x":7.5,"y":-1},{"x":8.5,"y":-1}]},{"index":1,"tiles":[{"x":2.5,"y":-9},{"x":3.5,"y":-9},{"x":4.5,"y":-9},{"x":5.5,"y":-9},{"x":6.5,"y":-9},{"x":7.5,"y":-9},{"x":8.5,"y":-9},{"x":2.5,"y":-8},{"x":3.5,"y":-8},{"x":4.5,"y":-8},{"x":5.5,"y":-8},{"x":6.5,"y":-8},{"x":7.5,"y":-8},{"x":8.5,"y":-8},{"x":2.5,"y":-7},{"x":3.5,"y":-7},{"x":2.5,"y":-6},{"x":3.5,"y":-6},{"x":4.5,"y":-5.5},{"x":5.5,"y":-5.5},{"x":6.5,"y":-5.5},{"x":7.5,"y":-5.5},{"x":2.5,"y":-5},{"x":3.5,"y":-5},{"x":4.5,"y":-4.5},{"x":5.5,"y":-4.5},{"x":6.5,"y":-4.5},{"x":7.5,"y":-4.5},{"x":2.5,"y":-4},{"x":3.5,"y":-4},{"x":2.5,"y":-3},{"x":3.5,"y":-3},{"x":2.5,"y":-2},{"x":3.5,"y":-2},{"x":4.5,"y":-2},{"x":5.5,"y":-2},{"x":6.5,"y":-2},{"x":7.5,"y":-2},{"x":8.5,"y":-2},{"x":2.5,"y":-1},{"x":3.5,"y":-1},{"x":4.5,"y":-1},{"x":5.5,"y":-1},{"x":6.5,"y":-1},{"x":7.5,"y":-1},{"x":8.5,"y":-1}]},{"index":2,"tiles":[{"x":2.5,"y":-9},{"x":3.5,"y":-9},{"x":4.5,"y":-9},{"x":5.5,"y":-9},{"x":6.5,"y":-9},{"x":7.5,"y":-9},{"x":8.5,"y":-9},{"x":2.5,"y":-8},{"x":3.5,"y":-8},{"x":4.5,"y":-8},{"x":5.5,"y":-8},{"x":6.5,"y":-8},{"x":7.5,"y":-8},{"x":8.5,"y":-8},{"x":2.5,"y":-7},{"x":3.5,"y":-7},{"x":2.5,"y":-6},{"x":3.5,"y":-6},{"x":4.5,"y":-5.5},{"x":5.5,"y":-5.5},{"x":6.5,"y":-5.5},{"x":7.5,"y":-5.5},{"x":2.5,"y":-5},{"x":3.5,"y":-5},{"x":4.5,"y":-4.5},{"x":5.5,"y":-4.5},{"x":6.5,"y":-4.5},{"x":7.5,"y":-4.5},{"x":2.5,"y":-4},{"x":3.5,"y":-4},{"x":2.5,"y":-3},{"x":3.5,"y":-3},{"x":2.5,"y":-2},{"x":3.5,"y":-2},{"x":4.5,"y":-2},{"x":5.5,"y":-2},{"x":6.5,"y":-2},{"x":7.5,"y":-2},{"x":8.5,"y":-2},{"x":2.5,"y":-1},{"x":3.5,"y":-1},{"x":4.5,"y":-1},{"x":5.5,"y":-1},{"x":6.5,"y":-1},{"x":7.5,"y":-1},{"x":8.5,"y":-1}]}],"seeds":["FCcwSThwzvJpUSMwHxWWwiA6V4hNTCZWmIg0hSeI4kaCZ/eFYNBZnedx4AReStihDKFFIQg9lpkcD0gIopM1KlJVkrCBQdERkkh9Trh4KbgoXFcRYagE3sANkzEuHHQ0Ymh4wfdRkwIA"]},{"layers":[{"index":0,"tiles":[{"x":5,"y":-9},{"x":6,"y":-9},{"x":4,"y":-8.5},{"x":7,"y":-8.5},{"x":5,"y":-8},{"x":6,"y":-8},{"x":4,"y":-7},{"x":5.5,"y":-7},{"x":7,"y":-7},{"x":3,"y":-6},{"x":4,"y":-6},{"x":5.5,"y":-6},{"x":7,"y":-6},{"x":8,"y":-6},{"x":2,"y":-5},{"x":3,"y":-5},{"x":4,"y":-5},{"x":5.5,"y":-5},{"x":7,"y":-5},{"x":8,"y":-5},{"x":9,"y":-5},{"x":1,"y":-4},{"x":2,"y":-4},{"x":3,"y":-4},{"x":4,"y":-4},{"x":5.5,"y":-4},{"x":7,"y":-4},{"x":8,"y":-4},{"x":9,"y":-4},{"x":10,"y":-4},{"x":2,"y":-3},{"x":3,"y":-3},{"x":4,"y":-3},{"x":5.5,"y":-3},{"x":7,"y":-3},{"x":8,"y":-3},{"x":9,"y":-3},{"x":3,"y":-2},{"x":4,"y":-2},{"x":5.5,"y":-2},{"x":7,"y":-2},{"x":8,"y":-2},{"x":4,"y":-1},{"x":5.5,"y":-1},{"x":7,"y":-1},{"x":5,"y":0},{"x":6,"y":0}]},{"index":1,"tiles":[{"x":5,"y":-9},{"x":6,"y":-9},{"x":4,"y":-8.5},{"x":7,"y":-8.5},{"x":5,"y":-8},{"x":6,"y":-8},{"x":4,"y":-7},{"x":5.5,"y":-7},{"x":7,"y":-7},{"x":3,"y":-6},{"x":4,"y":-6},{"x":5.5,"y":-6},{"x":7,"y":-6},{"x":8,"y":-6},{"x":2,"y":-5},{"x":3,"y":-5},{"x":4,"y":-5},{"x":5.5,"y":-5},{"x":7,"y":-5},{"x":8,"y":-5},{"x":9,"y":-5},{"x":1,"y":-4},{"x":2,"y":-4},{"x":3,"y":-4},{"x":4,"y":-4},{"x":5.5,"y":-4},{"x":7,"y":-4},{"x":8,"y":-4},{"x":9,"y":-4},{"x":10,"y":-4},{"x":2,"y":-3},{"x":3,"y":-3},{"x":4,"y":-3},{"x":5.5,"y":-3},{"x":7,"y":-3},{"x":8,"y":-3},{"x":9,"y":-3},{"x":3,"y":-2},{"x":4,"y":-2},{"x":5.5,"y":-2},{"x":7,"y":-2},{"x":8,"y":-2},{"x":4,"y":-1},{"x":5.5,"y":-1},{"x":7,"y":-1},{"x":5,"y":0},{"x":6,"y":0}]},{"index":2,"tiles":[{"x":4,"y":-7},{"x":7,"y":-7},{"x":3,"y":-6},{"x":4,"y":-6},{"x":7,"y":-6},{"x":8,"y":-6},{"x":2,"y":-5},{"x":3,"y":-5},{"x":4,"y":-5},{"x":7,"y":-5},{"x":8,"y":-5},{"x":9,"y":-5},{"x":1,"y":-4},{"x":2,"y":-4},{"x":3,"y":-4},{"x":4,"y":-4},{"x":7,"y":-4},{"x":8,"y":-4},{"x":9,"y":-4},{"x":10,"y":-4},{"x":2,"y":-3},{"x":3,"y":-3},{"x":4,"y":-3},{"x":7,"y":-3},{"x":8,"y":-3},{"x":9,"y":-3},{"x":3,"y":-2},{"x":4,"y":-2},{"x":7,"y":-2},{"x":8,"y":-2},{"x":4,"y":-1},{"x":7,"y":-1}]}],"seeds":["XUh+YQRWQxlo4caAHMY8yncymKIMUOZ0SXAsySRBmoVyXYGEX0dNQSYuArgQYGhwnOiloAMOngqKV0gtHtU9m0UxVyWYiCEGX1h9RTd+QjWFgscdijcQYuRNYgM2EgcA"]},{"layers":[{"index":0,"tiles":[{"x":5.5,"y":-9.5},{"x":4.5,"y":-8.5},{"x":5.5,"y":-8.5},{"x":6.5,"y":-8.5},{"x":4,"y":-7.5},{"x":5,"y":-7.5},{"x":6,"y":-7.5},{"x":7,"y":-7.5},{"x":3.5,"y":-6.5},{"x":4.5,"y":-6.5},{"x":5.5,"y":-6.5},{"x":6.5,"y":-6.5},{"x":7.5,"y":-6.5},{"x":3,"y":-5.5},{"x":4,"y":-5.5},{"x":5,"y":-5.5},{"x":6,"y":-5.5},{"x":7,"y":-5.5},{"x":8,"y":-5.5},{"x":2.5,"y":-4.5},{"x":3.5,"y":-4.5},{"x":4.5,"y":-4.5},{"x":5.5,"y":-4.5},{"x":6.5,"y":-4.5},{"x":7.5,"y":-4.5},{"x":8.5,"y":-4.5},{"x":2,"y":-3.5},{"x":3,"y":-3.5},{"x":4,"y":-3.5},{"x":5,"y":-3.5},{"x":6,"y":-3.5},{"x":7,"y":-3.5},{"x":8,"y":-3.5},{"x":9,"y":-3.5},{"x":2.5,"y":-2.5},{"x":4.5,"y":-2.5},{"x":5.5,"y":-2.5},{"x":6.5,"y":-2.5},{"x":8.5,"y":-2.5},{"x":3.5,"y":-2},{"x":7.5,"y":-2},{"x":4.5,"y":-1.5},{"x":5.5,"y":-1.5},{"x":6.5,"y":-1.5}]},{"index":1,"tiles":[{"x":5.5,"y":-9.5},{"x":4.5,"y":-8.5},{"x":5.5,"y":-8.5},{"x":6.5,"y":-8.5},{"x":4,"y":-7.5},{"x":5,"y":-7.5},{"x":6,"y":-7.5},{"x":7,"y":-7.5},{"x":3.5,"y":-6.5},{"x":4.5,"y":-6.5},{"x":5.5,"y":-6.5},{"x":6.5,"y":-6.5},{"x":7.5,"y":-6.5},{"x":3,"y":-5.5},{"x":4,"y":-5.5},{"x":5,"y":-5.5},{"x":6,"y":-5.5},{"x":7,"y":-5.5},{"x":8,"y":-5.5},{"x":2.5,"y":-4.5},{"x":3.5,"y":-4.5},{"x":4.5,"y":-4.5},{"x":5.5,"y":-4.5},{"x":6.5,"y":-4.5},{"x":7.5,"y":-4.5},{"x":8.5,"y":-4.5},{"x":2,"y":-3.5},{"x":3,"y":-3.5},{"x":4,"y":-3.5},{"x":5,"y":-3.5},{"x":6,"y":-3.5},{"x":7,"y":-3.5},{"x":8,"y":-3.5},{"x":9,"y":-3.5},{"x":2.5,"y":-2.5},{"x":3.5,"y":-2.5},{"x":4.5,"y":-2.5},{"x":5.5,"y":-2.5},{"x":6.5,"y":-2.5},{"x":7.5,"y":-2.5},{"x":8.5,"y":-2.5},{"x":4.5,"y":-1.5},{"x":5.5,"y":-1.5},{"x":6.5,"y":-1.5}]},{"index":2,"tiles":[{"x":7.5,"y":-6.5},{"x":3,"y":-5.5},{"x":4,"y":-5.5},{"x":5,"y":-5.5},{"x":6,"y":-5.5},{"x":7,"y":-5.5},{"x":8,"y":-5.5},{"x":2.5,"y":-4.5},{"x":3.5,"y":-4.5},{"x":4.5,"y":-4.5},{"x":5.5,"y":-4.5},{"x":6.5,"y":-4.5},{"x":7.5,"y":-4.5},{"x":8.5,"y":-4.5},{"x":2,"y":-3.5},{"x":3,"y":-3.5},{"x":4,"y":-3.5},{"x":5,"y":-3.5},{"x":6,"y":-3.5},{"x":7,"y":-3.5},{"x":8,"y":-3.5},{"x":9,"y":-3.5},{"x":2.5,"y":-2.5},{"x":3.5,"y":-2.5},{"x":4.5,"y":-2.5},{"x":5.5,"y":-2.5},{"x":6.5,"y":-2.5},{"x":7.5,"y":-2.5},{"x":8.5,"y":-2.5},{"x":4.5,"y":-1.5},{"x":5.5,"y":-1.5},{"x":6.5,"y":-1.5}]},{"index":3,"tiles":[{"x":5,"y":-5},{"x":6,"y":-5},{"x":4,"y":-4.5},{"x":7,"y":-4.5},{"x":4,"y":-3.5},{"x":7,"y":-3.5},{"x":5,"y":-3},{"x":6,"y":-3}]},{"index":4,"tiles":[{"x":5,"y":-5},{"x":6,"y":-5},{"x":5,"y":-3},{"x":6,"y":-3}]}],"seeds":["EQFG04Y4y+YFjfgFISiCVCSEhySaFNoxTNglTvdMSnOKWgCBS8WJ3hcmXBkEnnKEYedBFCd2kzF6heapAfJl2QAqRBdK3iKC28Yp1BdyQgQWoAhaVipwi4d11XBh3QQKD3kZ"]},{"layers":[{"index":0,"tiles":[{"x":2.5,"y":-8.5},{"x":3.5,"y":-8.5},{"x":7.5,"y":-8.5},{"x":8.5,"y":-8.5},{"x":2,"y":-7.5},{"x":3,"y":-7.5},{"x":4,"y":-7.5},{"x":5,"y":-7.5},{"x":6,"y":-7.5},{"x":7,"y":-7.5},{"x":8,"y":-7.5},{"x":9,"y":-7.5},{"x":2,"y":-6.5},{"x":3,"y":-6.5},{"x":4,"y":-6.5},{"x":5,"y":-6.5},{"x":6,"y":-6.5},{"x":7,"y":-6.5},{"x":8,"y":-6.5},{"x":9,"y":-6.5},{"x":2,"y":-5.5},{"x":3,"y":-5.5},{"x":4,"y":-5.5},{"x":5,"y":-5.5},{"x":6,"y":-5.5},{"x":7,"y":-5.5},{"x":8,"y":-5.5},{"x":9,"y":-5.5},{"x":2,"y":-4.5},{"x":3,"y":-4.5},{"x":4,"y":-4.5},{"x":7,"y":-4.5},{"x":8,"y":-4.5},{"x":9,"y":-4.5},{"x":1.5,"y":-3.5},{"x":2.5,"y":-3.5},{"x":3.5,"y":-3.5},{"x":4.5,"y":-3.5},{"x":6.5,"y":-3.5},{"x":7.5,"y":-3.5},{"x":8.5,"y":-3.5},{"x":9.5,"y":-3.5},{"x":1.5,"y":-2.5},{"x":2.5,"y":-2.5},{"x":3.5,"y":-2.5},{"x":4.5,"y":-2.5},{"x":6.5,"y":-2.5},{"x":7.5,"y":-2.5},{"x":8.5,"y":-2.5},{"x":9.5,"y":-2.5},{"x":1.5,"y":-1.5},{"x":4.5,"y":-1.5},{"x":6.5,"y":-1.5},{"x":9.5,"y":-1.5},{"x":2.5,"y":-1},{"x":3.5,"y":-1},{"x":7.5,"y":-1},{"x":8.5,"y":-1}]},{"index":1,"tiles":[{"x":2.5,"y":-8.5},{"x":3.5,"y":-8.5},{"x":7.5,"y":-8.5},{"x":8.5,"y":-8.5},{"x":2,"y":-7.5},{"x":3,"y":-7.5},{"x":4,"y":-7.5},{"x":5,"y":-7.5},{"x":6,"y":-7.5},{"x":7,"y":-7.5},{"x":8,"y":-7.5},{"x":9,"y":-7.5},{"x":2,"y":-6.5},{"x":3,"y":-6.5},{"x":4,"y":-6.5},{"x":5,"y":-6.5},{"x":6,"y":-6.5},{"x":7,"y":-6.5},{"x":8,"y":-6.5},{"x":9,"y":-6.5},{"x":2,"y":-5.5},{"x":3,"y":-5.5},{"x":4,"y":-5.5},{"x":5,"y":-5.5},{"x":6,"y":-5.5},{"x":7,"y":-5.5},{"x":8,"y":-5.5},{"x":9,"y":-5.5},{"x":2,"y":-4.5},{"x":3,"y":-4.5},{"x":4,"y":-4.5},{"x":7,"y":-4.5},{"x":8,"y":-4.5},{"x":9,"y":-4.5},{"x":1.5,"y":-3.5},{"x":2.5,"y":-3.5},{"x":3.5,"y":-3.5},{"x":4.5,"y":-3.5},{"x":6.5,"y":-3.5},{"x":7.5,"y":-3.5},{"x":8.5,"y":-3.5},{"x":9.5,"y":-3.5},{"x":1.5,"y":-2.5},{"x":2.5,"y":-2.5},{"x":3.5,"y":-2.5},{"x":4.5,"y":-2.5},{"x":6.5,"y":-2.5},{"x":7.5,"y":-2.5},{"x":8.5,"y":-2.5},{"x":9.5,"y":-2.5},{"x":1.5,"y":-1.5},{"x":4.5,"y":-1.5},{"x":6.5,"y":-1.5},{"x":9.5,"y":-1.5},{"x":2.5,"y":-1},{"x":3.5,"y":-1},{"x":7.5,"y":-1},{"x":8.5,"y":-1}]},{"index":2,"tiles":[{"x":2,"y":-7.5},{"x":3,"y":-7.5},{"x":4,"y":-7.5},{"x":5,"y":-7.5},{"x":6,"y":-7.5},{"x":7,"y":-7.5},{"x":8,"y":-7.5},{"x":9,"y":-7.5},{"x":2,"y":-6.5},{"x":3,"y":-6.5},{"x":4,"y":-6.5},{"x":5,"y":-6.5},{"x":6,"y":-6.5},{"x":7,"y":-6.5},{"x":8,"y":-6.5},{"x":9,"y":-6.5},{"x":2,"y":-5.5},{"x":3,"y":-5.5},{"x":4,"y":-5.5},{"x":5,"y":-5.5},{"x":6,"y":-5.5},{"x":7,"y":-5.5},{"x":8,"y":-5.5},{"x":9,"y":-5.5}]}],"seeds":["DrZQgleBSBWK4XRQz1Jwj0SWHOcs4cmJYRQmQUhNHKcJnGihnccM4gQWE5aqgwJ+CiJ8HrdVSvJUR/cQmsIERvgFUCaEXShKIANu3pZ9Y0OA21MJhulF4MVcHQh+XycEDRVWngWJ3bOA"]},{"layers":[{"index":0,"tiles":[{"x":4,"y":-9.5},{"x":5,"y":-9.5},{"x":6,"y":-9.5},{"x":7,"y":-9.5},{"x":3,"y":-8.5},{"x":4,"y":-8.5},{"x":5,"y":-8.5},{"x":6,"y":-8.5},{"x":7,"y":-8.5},{"x":8,"y":-8.5},{"x":2.5,"y":-7.5},{"x":3.5,"y":-7.5},{"x":5.5,"y":-7.5},{"x":6.5,"y":-7.5},{"x":8.5,"y":-7.5},{"x":1.5,"y":-6.5},{"x":2.5,"y":-6.5},{"x":3.5,"y":-6.5},{"x":4.5,"y":-6.5},{"x":5.5,"y":-6.5},{"x":6.5,"y":-6.5},{"x":7.5,"y":-6.5},{"x":8.5,"y":-6.5},{"x":1,"y":-5.5},{"x":2,"y":-5.5},{"x":4,"y":-5.5},{"x":5,"y":-5.5},{"x":6,"y":-5.5},{"x":7,"y":-5.5},{"x":1,"y":-4.5},{"x":2,"y":-4.5},{"x":3,"y":-4.5},{"x":4,"y":-4.5},{"x":5,"y":-4.5},{"x":6,"y":-4.5},{"x":7,"y":-4.5},{"x":1,"y":-3.5},{"x":2,"y":-3.5},{"x":3,"y":-3.5},{"x":5,"y":-3.5},{"x":6,"y":-3.5},{"x":7,"y":-3.5},{"x":8,"y":-3.5},{"x":9,"y":-3},{"x":2,"y":-2.5},{"x":3,"y":-2.5},{"x":4,"y":-2.5},{"x":5,"y":-2.5},{"x":7,"y":-2.5},{"x":8,"y":-2.5},{"x":9,"y":-2},{"x":4,"y":-1.5},{"x":5,"y":-1.5},{"x":6,"y":-1.5},{"x":7,"y":-1.5},{"x":8,"y":-1.5}]},{"index":1,"tiles":[{"x":4,"y":-9.5},{"x":5,"y":-9.5},{"x":6,"y":-9.5},{"x":7,"y":-9.5},{"x":3,"y":-8.5},{"x":4,"y":-8.5},{"x":5,"y":-8.5},{"x":6,"y":-8.5},{"x":7,"y":-8.5},{"x":8,"y":-8.5},{"x":2.5,"y":-7.5},{"x":3.5,"y":-7.5},{"x":5.5,"y":-7.5},{"x":6.5,"y":-7.5},{"x":8.5,"y":-7.5},{"x":1.5,"y":-6.5},{"x":2.5,"y":-6.5},{"x":3.5,"y":-6.5},{"x":4.5,"y":-6.5},{"x":5.5,"y":-6.5},{"x":6.5,"y":-6.5},{"x":7.5,"y":-6.5},{"x":8.5,"y":-6.5},{"x":1,"y":-5.5},{"x":2,"y":-5.5},{"x":4,"y":-5.5},{"x":5,"y":-5.5},{"x":6,"y":-5.5},{"x":7,"y":-5.5},{"x":1,"y":-4.5},{"x":2,"y":-4.5},{"x":3,"y":-4.5},{"x":4,"y":-4.5},{"x":5,"y":-4.5},{"x":6,"y":-4.5},{"x":7,"y":-4.5},{"x":1,"y":-3.5},{"x":2,"y":-3.5},{"x":3,"y":-3.5},{"x":5,"y":-3.5},{"x":6,"y":-3.5},{"x":7,"y":-3.5},{"x":8,"y":-3.5},{"x":9,"y":-3},{"x":2,"y":-2.5},{"x":3,"y":-2.5},{"x":4,"y":-2.5},{"x":5,"y":-2.5},{"x":7,"y":-2.5},{"x":8,"y":-2.5},{"x":9,"y":-2},{"x":4,"y":-1.5},{"x":5,"y":-1.5},{"x":6,"y":-1.5},{"x":7,"y":-1.5},{"x":8,"y":-1.5}]},{"index":2,"tiles":[{"x":4,"y":-8.5},{"x":5,"y":-8.5},{"x":6,"y":-8.5},{"x":7,"y":-8.5},{"x":3.5,"y":-7.5},{"x":5.5,"y":-7.5},{"x":6.5,"y":-7.5},{"x":2.5,"y":-6.5},{"x":3.5,"y":-6.5},{"x":4.5,"y":-6.5},{"x":5.5,"y":-6.5},{"x":6.5,"y":-6.5},{"x":7.5,"y":-6.5},{"x":2,"y":-5.5},{"x":4,"y":-5.5},{"x":5,"y":-5.5},{"x":6,"y":-5.5},{"x":7,"y":-5.5},{"x":2,"y":-4.5},{"x":3,"y":-4.5},{"x":4,"y":-4.5},{"x":5,"y":-4.5},{"x":6,"y":-4.5},{"x":7,"y":-4.5},{"x":2,"y":-3.5},{"x":3,"y":-3.5},{"x":5,"y":-3.5},{"x":6,"y":-3.5},{"x":7,"y":-3.5},{"x":8,"y":-3.5},{"x":3,"y":-2.5},{"x":4,"y":-2.5},{"x":5,"y":-2.5},{"x":7,"y":-2.5},{"x":8,"y":-2.5}]},{"index":3,"tiles":[{"x":6,"y":-4.5}]}],"seeds":["HsGAgRduI/GZROIEoIF4kLg43BBRmTF0nPVdaHRQgWqFYeeFIKMQYQAeIMdw4MNlYbGIDuQpU4eFmHhpYjhJHSMIXWOBZyEOV9NVD8JV4kdpoKBQUlotV6OE3CZUJNh94udYYeEVzdR9IDclSzmI"]},{"layers":[{"index":0,"tiles":[{"x":2.5,"y":-8},{"x":5.5,"y":-8},{"x":8.5,"y":-8},{"x":3.5,"y":-7.5},{"x":4.5,"y":-7.5},{"x":6.5,"y":-7.5},{"x":7.5,"y":-7.5},{"x":2.5,"y":-7},{"x":5.5,"y":-7},{"x":8.5,"y":-7},{"x":3.5,"y":-6.5},{"x":7.5,"y":-6.5},{"x":2.5,"y":-6},{"x":4.5,"y":-6},{"x":5.5,"y":-6},{"x":6.5,"y":-6},{"x":8.5,"y":-6},{"x":3.5,"y":-5.5},{"x":7.5,"y":-5.5},{"x":2.5,"y":-5},{"x":4.5,"y":-5},{"x":5.5,"y":-5},{"x":6.5,"y":-5},{"x":8.5,"y":-5},{"x":3.5,"y":-4.5},{"x":7.5,"y":-4.5},{"x":2.5,"y":-4},{"x":4.5,"y":-4},{"x":5.5,"y":-4},{"x":6.5,"y":-4},{"x":8.5,"y":-4},{"x":3.5,"y":-3.5},{"x":7.5,"y":-3.5},{"x":2.5,"y":-3},{"x":5.5,"y":-3},{"x":8.5,"y":-3},{"x":3.5,"y":-2.5},{"x":4.5,"y":-2.5},{"x":6.5,"y":-2.5},{"x":7.5,"y":-2.5},{"x":2.5,"y":-2},{"x":5.5,"y":-2},{"x":8.5,"y":-2}]},{"index":1,"tiles":[{"x":3,"y":-7.5},{"x":8,"y":-7.5},{"x":4,"y":-7},{"x":7,"y":-7},{"x":3,"y":-6.5},{"x":5,"y":-6.5},{"x":6,"y":-6.5},{"x":8,"y":-6.5},{"x":3,"y":-5.5},{"x":5,"y":-5.5},{"x":6,"y":-5.5},{"x":8,"y":-5.5},{"x":4,"y":-5},{"x":7,"y":-5},{"x":3,"y":-4.5},{"x":5,"y":-4.5},{"x":6,"y":-4.5},{"x":8,"y":-4.5},{"x":3,"y":-3.5},{"x":5,"y":-3.5},{"x":6,"y":-3.5},{"x":8,"y":-3.5},{"x":4,"y":-3},{"x":7,"y":-3},{"x":3,"y":-2.5},{"x":8,"y":-2.5}]},{"index":2,"tiles":[{"x":3,"y":-7},{"x":8,"y":-7},{"x":4.5,"y":-6.5},{"x":5.5,"y":-6.5},{"x":6.5,"y":-6.5},{"x":3,"y":-6},{"x":8,"y":-6},{"x":4.5,"y":-5.5},{"x":5.5,"y":-5.5},{"x":6.5,"y":-5.5},{"x":3,"y":-5},{"x":8,"y":-5},{"x":4.5,"y":-4.5},{"x":5.5,"y":-4.5},{"x":6.5,"y":-4.5},{"x":3,"y":-4},{"x":8,"y":-4},{"x":4.5,"y":-3.5},{"x":5.5,"y":-3.5},{"x":6.5,"y":-3.5},{"x":3,"y":-3},{"x":8,"y":-3}]},{"index":3,"tiles":[{"x":3,"y":-7},{"x":4,"y":-7},{"x":7,"y":-7},{"x":8,"y":-7},{"x":5,"y":-6.5},{"x":6,"y":-6.5},{"x":3,"y":-6},{"x":4,"y":-6},{"x":7,"y":-6},{"x":8,"y":-6},{"x":5,"y":-5.5},{"x":6,"y":-5.5},{"x":3,"y":-5},{"x":4,"y":-5},{"x":7,"y":-5},{"x":8,"y":-5},{"x":5,"y":-4.5},{"x":6,"y":-4.5},{"x":3,"y":-4},{"x":4,"y":-4},{"x":7,"y":-4},{"x":8,"y":-4},{"x":5,"y":-3.5},{"x":6,"y":-3.5},{"x":3,"y":-3},{"x":4,"y":-3},{"x":7,"y":-3},{"x":8,"y":-3}]},{"index":4,"tiles":[{"x":5.5,"y":-5}]}],"seeds":["1lFBgugxXjNZyCeS5rAUyYQWncNMC7dcCieBjiSk58Md4xNOpXZ1HRF41PSFH0iFHaRV3zKFXhBw1ECEYhck4KaI2UaBnIiFiOEZghJ5nOeJaoaBSgdGQgOC"]},{"layers":[{"index":0,"tiles":[{"x":1,"y":-8.5},{"x":2,"y":-8.5},{"x":9,"y":-8.5},{"x":10,"y":-8.5},{"x":3,"y":-8},{"x":8,"y":-8},{"x":1,"y":-7.5},{"x":4,"y":-7.5},{"x":7,"y":-7.5},{"x":10,"y":-7.5},{"x":2,"y":-7},{"x":5,"y":-7},{"x":6,"y":-7},{"x":9,"y":-7},{"x":1,"y":-6.5},{"x":3,"y":-6.5},{"x":8,"y":-6.5},{"x":10,"y":-6.5},{"x":2,"y":-6},{"x":4,"y":-6},{"x":7,"y":-6},{"x":9,"y":-6},{"x":3,"y":-5.5},{"x":5,"y":-5.5},{"x":6,"y":-5.5},{"x":8,"y":-5.5},{"x":2,"y":-5},{"x":4,"y":-5},{"x":7,"y":-5},{"x":9,"y":-5},{"x":3,"y":-4.5},{"x":5,"y":-4.5},{"x":6,"y":-4.5},{"x":8,"y":-4.5},{"x":2,"y":-4},{"x":4,"y":-4},{"x":7,"y":-4},{"x":9,"y":-4},{"x":1,"y":-3.5},{"x":3,"y":-3.5},{"x":8,"y":-3.5},{"x":10,"y":-3.5},{"x":2,"y":-3},{"x":5,"y":-3},{"x":6,"y":-3},{"x":9,"y":-3},{"x":1,"y":-2.5},{"x":4,"y":-2.5},{"x":7,"y":-2.5},{"x":10,"y":-2.5},{"x":3,"y":-2},{"x":8,"y":-2},{"x":1,"y":-1.5},{"x":2,"y":-1.5},{"x":9,"y":-1.5},{"x":10,"y":-1.5}]},{"index":1,"tiles":[{"x":1,"y":-8.5},{"x":2,"y":-8.5},{"x":9,"y":-8.5},{"x":10,"y":-8.5},{"x":3,"y":-8},{"x":8,"y":-8},{"x":1,"y":-7.5},{"x":4,"y":-7.5},{"x":7,"y":-7.5},{"x":10,"y":-7.5},{"x":2,"y":-7},{"x":5,"y":-7},{"x":6,"y":-7},{"x":9,"y":-7},{"x":1,"y":-6.5},{"x":3,"y":-6.5},{"x":8,"y":-6.5},{"x":10,"y":-6.5},{"x":2,"y":-6},{"x":4,"y":-6},{"x":7,"y":-6},{"x":9,"y":-6},{"x":3,"y":-5.5},{"x":5,"y":-5.5},{"x":6,"y":-5.5},{"x":8,"y":-5.5},{"x":2,"y":-5},{"x":4,"y":-5},{"x":7,"y":-5},{"x":9,"y":-5},{"x":3,"y":-4.5},{"x":5,"y":-4.5},{"x":6,"y":-4.5},{"x":8,"y":-4.5},{"x":2,"y":-4},{"x":4,"y":-4},{"x":7,"y":-4},{"x":9,"y":-4},{"x":1,"y":-3.5},{"x":3,"y":-3.5},{"x":8,"y":-3.5},{"x":10,"y":-3.5},{"x":2,"y":-3},{"x":5,"y":-3},{"x":6,"y":-3},{"x":9,"y":-3},{"x":1,"y":-2.5},{"x":4,"y":-2.5},{"x":7,"y":-2.5},{"x":10,"y":-2.5},{"x":3,"y":-2},{"x":8,"y":-2},{"x":1,"y":-1.5},{"x":2,"y":-1.5},{"x":9,"y":-1.5},{"x":10,"y":-1.5}]},{"index":2,"tiles":[{"x":2.5,"y":-6.5},{"x":8.5,"y":-6.5},{"x":3.5,"y":-6},{"x":7.5,"y":-6},{"x":2.5,"y":-5.5},{"x":4.5,"y":-5.5},{"x":5.5,"y":-5.5},{"x":6.5,"y":-5.5},{"x":8.5,"y":-5.5},{"x":3.5,"y":-5},{"x":7.5,"y":-5},{"x":2.5,"y":-4.5},{"x":4.5,"y":-4.5},{"x":5.5,"y":-4.5},{"x":6.5,"y":-4.5},{"x":8.5,"y":-4.5},{"x":3.5,"y":-4},{"x":7.5,"y":-4},{"x":2.5,"y":-3.5},{"x":8.5,"y":-3.5}]}],"seeds":["kHOh0xOCiOFRRTZoRzcU1cKQA7hwXvkNqSKA4ChUU9B4igIt4Rd9Hed1HIM8nBlS1OZhlHdEmwOqQhiIoSCG4KmFichdxCSGUkiITWB1nQJyzAJ+n4gZ1sRkQUeESVURkih+"]},{"layers":[{"index":0,"tiles":[{"x":5.5,"y":-9},{"x":4.5,"y":-8.5},{"x":6.5,"y":-8.5},{"x":5.5,"y":-8},{"x":3.5,"y":-7.5},{"x":4.5,"y":-7.5},{"x":6.5,"y":-7.5},{"x":7.5,"y":-7.5},{"x":5.5,"y":-7},{"x":2.5,"y":-6.5},{"x":3.5,"y":-6.5},{"x":7.5,"y":-6.5},{"x":8.5,"y":-6.5},{"x":5,"y":-6},{"x":6,"y":-6},{"x":1.5,"y":-5.5},{"x":2.5,"y":-5.5},{"x":8.5,"y":-5.5},{"x":9.5,"y":-5.5},{"x":4.5,"y":-5},{"x":5.5,"y":-5},{"x":6.5,"y":-5},{"x":1.5,"y":-4.5},{"x":2.5,"y":-4.5},{"x":8.5,"y":-4.5},{"x":9.5,"y":-4.5},{"x":5,"y":-4},{"x":6,"y":-4},{"x":2.5,"y":-3.5},{"x":3.5,"y":-3.5},{"x":7.5,"y":-3.5},{"x":8.5,"y":-3.5},{"x":5.5,"y":-3},{"x":3.5,"y":-2.5},{"x":4.5,"y":-2.5},{"x":6.5,"y":-2.5},{"x":7.5,"y":-2.5},{"x":5.5,"y":-2},{"x":4.5,"y":-1.5},{"x":6.5,"y":-1.5},{"x":5.5,"y":-1}]},{"index":1,"tiles":[{"x":5.5,"y":-8.5},{"x":4.5,"y":-8},{"x":6.5,"y":-8},{"x":5.5,"y":-7.5},{"x":3.5,"y":-7},{"x":4.5,"y":-7},{"x":6.5,"y":-7},{"x":7.5,"y":-7},{"x":5.5,"y":-6.5},{"x":2.5,"y":-6},{"x":3.5,"y":-6},{"x":7.5,"y":-6},{"x":8.5,"y":-6},{"x":5,"y":-5.5},{"x":6,"y":-5.5},{"x":1.5,"y":-5},{"x":2.5,"y":-5},{"x":4,"y":-5},{"x":7,"y":-5},{"x":8.5,"y":-5},{"x":9.5,"y":-5},{"x":5,"y":-4.5},{"x":6,"y":-4.5},{"x":2.5,"y":-4},{"x":3.5,"y":-4},{"x":7.5,"y":-4},{"x":8.5,"y":-4},{"x":5.5,"y":-3.5},{"x":3.5,"y":-3},{"x":4.5,"y":-3},{"x":6.5,"y":-3},{"x":7.5,"y":-3},{"x":5.5,"y":-2.5},{"x":4.5,"y":-2},{"x":6.5,"y":-2},{"x":5.5,"y":-1.5}]},{"index":2,"tiles":[{"x":5.5,"y":-8.5},{"x":4.5,"y":-8},{"x":6.5,"y":-8},{"x":5.5,"y":-7.5},{"x":3.5,"y":-7},{"x":4.5,"y":-7},{"x":6.5,"y":-7},{"x":7.5,"y":-7},{"x":5.5,"y":-6.5},{"x":2.5,"y":-6},{"x":3.5,"y":-6},{"x":7.5,"y":-6},{"x":8.5,"y":-6},{"x":5,"y":-5.5},{"x":6,"y":-5.5},{"x":1.5,"y":-5},{"x":2.5,"y":-5},{"x":4,"y":-5},{"x":7,"y":-5},{"x":8.5,"y":-5},{"x":9.5,"y":-5},{"x":5,"y":-4.5},{"x":6,"y":-4.5},{"x":2.5,"y":-4},{"x":3.5,"y":-4},{"x":7.5,"y":-4},{"x":8.5,"y":-4},{"x":5.5,"y":-3.5},{"x":3.5,"y":-3},{"x":4.5,"y":-3},{"x":6.5,"y":-3},{"x":7.5,"y":-3},{"x":5.5,"y":-2.5},{"x":4.5,"y":-2},{"x":6.5,"y":-2},{"x":5.5,"y":-1.5}]},{"index":3,"tiles":[{"x":5.5,"y":-5}]}],"seeds":["RSIMFNMlGcIJgtNF0JIJ4ll9UMGUoThh1PNoZuNd3jQgKBmKSrBNRiqCo8cpH3gph0hJymeEqgiGXrdwDhdKWxAEWBcGEREQQQceVgda1BSATaWB4AcA"]},{"layers":[{"index":0,"tiles":[{"x":5.5,"y":-9},{"x":4,"y":-8.5},{"x":7,"y":-8.5},{"x":2.5,"y":-8},{"x":5.5,"y":-8},{"x":8.5,"y":-8},{"x":4,"y":-7.5},{"x":7,"y":-7.5},{"x":2.5,"y":-7},{"x":5.5,"y":-7},{"x":8.5,"y":-7},{"x":4,"y":-6.5},{"x":7,"y":-6.5},{"x":2.5,"y":-6},{"x":5.5,"y":-6},{"x":8.5,"y":-6},{"x":4,"y":-5.5},{"x":7,"y":-5.5},{"x":2.5,"y":-5},{"x":5.5,"y":-5},{"x":8.5,"y":-5},{"x":4,"y":-4.5},{"x":7,"y":-4.5},{"x":2.5,"y":-4},{"x":5.5,"y":-4},{"x":8.5,"y":-4},{"x":4,"y":-3.5},{"x":7,"y":-3.5},{"x":2.5,"y":-3},{"x":5.5,"y":-3},{"x":8.5,"y":-3},{"x":4,"y":-2.5},{"x":7,"y":-2.5},{"x":2.5,"y":-2},{"x":5.5,"y":-2},{"x":8.5,"y":-2},{"x":4,"y":-1.5},{"x":7,"y":-1.5},{"x":5.5,"y":-1}]},{"index":1,"tiles":[{"x":5,"y":-8.5},{"x":6,"y":-8.5},{"x":2.5,"y":-7.5},{"x":3.5,"y":-7.5},{"x":4.5,"y":-7.5},{"x":5.5,"y":-7.5},{"x":6.5,"y":-7.5},{"x":7.5,"y":-7.5},{"x":8.5,"y":-7.5},{"x":2.5,"y":-6.5},{"x":4.5,"y":-6.5},{"x":5.5,"y":-6.5},{"x":6.5,"y":-6.5},{"x":8.5,"y":-6.5},{"x":2.5,"y":-5},{"x":3.5,"y":-5},{"x":4.5,"y":-5},{"x":5.5,"y":-5},{"x":6.5,"y":-5},{"x":7.5,"y":-5},{"x":8.5,"y":-5},{"x":2.5,"y":-3.5},{"x":4.5,"y":-3.5},{"x":5.5,"y":-3.5},{"x":6.5,"y":-3.5},{"x":8.5,"y":-3.5},{"x":2.5,"y":-2.5},{"x":3.5,"y":-2.5},{"x":4.5,"y":-2.5},{"x":5.5,"y":-2.5},{"x":6.5,"y":-2.5},{"x":7.5,"y":-2.5},{"x":8.5,"y":-2.5},{"x":5,"y":-1.5},{"x":6,"y":-1.5}]},{"index":2,"tiles":[{"x":5.5,"y":-8.5},{"x":5,"y":-7.5},{"x":6,"y":-7.5},{"x":3,"y":-7},{"x":4,"y":-7},{"x":7,"y":-7},{"x":8,"y":-7},{"x":5,"y":-6.5},{"x":6,"y":-6.5},{"x":4,"y":-6},{"x":7,"y":-6},{"x":5,"y":-5.5},{"x":6,"y":-5.5},{"x":3,"y":-5},{"x":4,"y":-5},{"x":7,"y":-5},{"x":8,"y":-5},{"x":5,"y":-4.5},{"x":6,"y":-4.5},{"x":4,"y":-4},{"x":7,"y":-4},{"x":5,"y":-3.5},{"x":6,"y":-3.5},{"x":3,"y":-3},{"x":4,"y":-3},{"x":7,"y":-3},{"x":8,"y":-3},{"x":5,"y":-2.5},{"x":6,"y":-2.5},{"x":5.5,"y":-1.5}]},{"index":3,"tiles":[{"x":5.5,"y":-7.5},{"x":4.5,"y":-6.5},{"x":5.5,"y":-6.5},{"x":6.5,"y":-6.5},{"x":4.5,"y":-5.5},{"x":5.5,"y":-5.5},{"x":6.5,"y":-5.5},{"x":4.5,"y":-4.5},{"x":5.5,"y":-4.5},{"x":6.5,"y":-4.5},{"x":4.5,"y":-3.5},{"x":5.5,"y":-3.5},{"x":6.5,"y":-3.5},{"x":5.5,"y":-2.5}]},{"index":4,"tiles":[{"x":5.5,"y":-7},{"x":5,"y":-6},{"x":6,"y":-6},{"x":5,"y":-5},{"x":6,"y":-5},{"x":5,"y":-4},{"x":6,"y":-4},{"x":5.5,"y":-3}]}],"seeds":["U7IkhXR5myVG0EJ44uBlXuYtwtZVIQeCj6BgHaWYUOiRYPekYtRcXSl+HDcOy7EFFKgaQhBMRtBh0xeGVeEgGwiGXsghWSNqxMWAliKAIFqdogdyzKdUDndJWfdN2gEA"]},{"layers":[{"index":0,"tiles":[{"x":5.5,"y":-9.5},{"x":4.5,"y":-8.5},{"x":5.5,"y":-8.5},{"x":6.5,"y":-8.5},{"x":3.5,"y":-7.5},{"x":4.5,"y":-7.5},{"x":6.5,"y":-7.5},{"x":7.5,"y":-7.5},{"x":2.5,"y":-6.5},{"x":3.5,"y":-6.5},{"x":4.5,"y":-6.5},{"x":6.5,"y":-6.5},{"x":7.5,"y":-6.5},{"x":8.5,"y":-6.5},{"x":1.5,"y":-6},{"x":9.5,"y":-6},{"x":0.5,"y":-5.5},{"x":2.5,"y":-5.5},{"x":3.5,"y":-5.5},{"x":4.5,"y":-5.5},{"x":6.5,"y":-5.5},{"x":7.5,"y":-5.5},{"x":8.5,"y":-5.5},{"x":10.5,"y":-5.5},{"x":1.5,"y":-5},{"x":9.5,"y":-5},{"x":0.5,"y":-4.5},{"x":2.5,"y":-4.5},{"x":3.5,"y":-4.5},{"x":4.5,"y":-4.5},{"x":6.5,"y":-4.5},{"x":7.5,"y":-4.5},{"x":8.5,"y":-4.5},{"x":10.5,"y":-4.5},{"x":1.5,"y":-4},{"x":9.5,"y":-4},{"x":2.5,"y":-3.5},{"x":3.5,"y":-3.5},{"x":4.5,"y":-3.5},{"x":6.5,"y":-3.5},{"x":7.5,"y":-3.5},{"x":8.5,"y":-3.5},{"x":3.5,"y":-2.5},{"x":4.5,"y":-2.5},{"x":6.5,"y":-2.5},{"x":7.5,"y":-2.5},{"x":4.5,"y":-1.5},{"x":5.5,"y":-1.5},{"x":6.5,"y":-1.5},{"x":5.5,"y":-0.5}]},{"index":1,"tiles":[{"x":5.5,"y":-9},{"x":4.5,"y":-8},{"x":6.5,"y":-8},{"x":4,"y":-7},{"x":7,"y":-7},{"x":3,"y":-6},{"x":4,"y":-6},{"x":7,"y":-6},{"x":8,"y":-6},{"x":2,"y":-5.5},{"x":9,"y":-5.5},{"x":1,"y":-5},{"x":3,"y":-5},{"x":4,"y":-5},{"x":7,"y":-5},{"x":8,"y":-5},{"x":10,"y":-5},{"x":2,"y":-4.5},{"x":9,"y":-4.5},{"x":3,"y":-4},{"x":4,"y":-4},{"x":7,"y":-4},{"x":8,"y":-4},{"x":4,"y":-3},{"x":7,"y":-3},{"x":4.5,"y":-2},{"x":6.5,"y":-2},{"x":5.5,"y":-1}]},{"index":2,"tiles":[{"x":5.5,"y":-9},{"x":4.5,"y":-8},{"x":6.5,"y":-8},{"x":4,"y":-7},{"x":7,"y":-7},{"x":3,"y":-6},{"x":4,"y":-6},{"x":7,"y":-6},{"x":8,"y":-6},{"x":2,"y":-5.5},{"x":9,"y":-5.5},{"x":1,"y":-5},{"x":3,"y":-5},{"x":4,"y":-5},{"x":7,"y":-5},{"x":8,"y":-5},{"x":10,"y":-5},{"x":2,"y":-4.5},{"x":9,"y":-4.5},{"x":3,"y":-4},{"x":4,"y":-4},{"x":7,"y":-4},{"x":8,"y":-4},{"x":4,"y":-3},{"x":7,"y":-3},{"x":4.5,"y":-2},{"x":6.5,"y":-2},{"x":5.5,"y":-1}]},{"index":3,"tiles":[{"x":5,"y":-8.5},{"x":6,"y":-8.5},{"x":4.5,"y":-7.5},{"x":6.5,"y":-7.5},{"x":4,"y":-6.5},{"x":7,"y":-6.5},{"x":3.5,"y":-5.5},{"x":7.5,"y":-5.5},{"x":2.5,"y":-5},{"x":8.5,"y":-5},{"x":3.5,"y":-4.5},{"x":7.5,"y":-4.5},{"x":4,"y":-3.5},{"x":7,"y":-3.5},{"x":4.5,"y":-2.5},{"x":6.5,"y":-2.5},{"x":5,"y":-1.5},{"x":6,"y":-1.5}]},{"index":4,"tiles":[{"x":3,"y":-5},{"x":8,"y":-5}]}],"seeds":["iLdwhRZ+4JZok7JZysdx1tRQgXYsHpiJTCVpTYgFwlJNlwFyhhcSDiQFAhmGV4dwqsQlYXChQgd6lNOVRGoqXQeeijhKAyV2Dwhm3UMJ4fF1EyiKYeFB0XJhkcgM3gcA"]},{"layers":[{"index":0,"tiles":[{"x":5.5,"y":-9},{"x":5,"y":-8},{"x":6,"y":-8},{"x":4.5,"y":-7},{"x":5.5,"y":-7},{"x":6.5,"y":-7},{"x":4,"y":-6},{"x":5,"y":-6},{"x":6,"y":-6},{"x":7,"y":-6},{"x":3.5,"y":-5},{"x":4.5,"y":-5},{"x":5.5,"y":-5},{"x":6.5,"y":-5},{"x":7.5,"y":-5},{"x":3,"y":-4},{"x":4,"y":-4},{"x":5,"y":-4},{"x":6,"y":-4},{"x":7,"y":-4},{"x":8,"y":-4},{"x":2.5,"y":-3},{"x":3.5,"y":-3},{"x":4.5,"y":-3},{"x":5.5,"y":-3},{"x":6.5,"y":-3},{"x":7.5,"y":-3},{"x":8.5,"y":-3},{"x":3,"y":-2},{"x":4,"y":-2},{"x":5,"y":-2},{"x":6,"y":-2},{"x":7,"y":-2},{"x":8,"y":-2},{"x":3.5,"y":-1},{"x":5.5,"y":-1},{"x":7.5,"y":-1},{"x":4.5,"y":-0.5},{"x":6.5,"y":-0.5},{"x":5.5,"y":0}]},{"index":1,"tiles":[{"x":5.5,"y":-9},{"x":5,"y":-8},{"x":6,"y":-8},{"x":4.5,"y":-7},{"x":5.5,"y":-7},{"x":6.5,"y":-7},{"x":4,"y":-6},{"x":5,"y":-6},{"x":6,"y":-6},{"x":7,"y":-6},{"x":3.5,"y":-5},{"x":4.5,"y":-5},{"x":5.5,"y":-5},{"x":6.5,"y":-5},{"x":7.5,"y":-5},{"x":3,"y":-4},{"x":4,"y":-4},{"x":5,"y":-4},{"x":6,"y":-4},{"x":7,"y":-4},{"x":8,"y":-4},{"x":2.5,"y":-3},{"x":3.5,"y":-3},{"x":4.5,"y":-3},{"x":5.5,"y":-3},{"x":6.5,"y":-3},{"x":7.5,"y":-3},{"x":8.5,"y":-3},{"x":3,"y":-2},{"x":5.5,"y":-2},{"x":8,"y":-2},{"x":4.5,"y":-1.5},{"x":6.5,"y":-1.5},{"x":3.5,"y":-1},{"x":5.5,"y":-1},{"x":7.5,"y":-1},{"x":4.5,"y":-0.5},{"x":6.5,"y":-0.5},{"x":5.5,"y":0}]},{"index":2,"tiles":[{"x":5.5,"y":-9},{"x":5,"y":-8},{"x":6,"y":-8},{"x":4.5,"y":-7},{"x":5.5,"y":-7},{"x":6.5,"y":-7},{"x":4,"y":-6},{"x":5,"y":-6},{"x":6,"y":-6},{"x":7,"y":-6},{"x":3.5,"y":-5},{"x":4.5,"y":-5},{"x":5.5,"y":-5},{"x":6.5,"y":-5},{"x":7.5,"y":-5},{"x":3,"y":-4},{"x":4,"y":-4},{"x":5,"y":-4},{"x":6,"y":-4},{"x":7,"y":-4},{"x":8,"y":-4},{"x":2.5,"y":-3},{"x":3.5,"y":-3},{"x":4.5,"y":-3},{"x":5.5,"y":-3},{"x":6.5,"y":-3},{"x":7.5,"y":-3},{"x":8.5,"y":-3},{"x":3,"y":-2},{"x":4,"y":-2},{"x":5,"y":-2},{"x":6,"y":-2},{"x":7,"y":-2},{"x":8,"y":-2},{"x":3.5,"y":-1},{"x":5.5,"y":-1},{"x":7.5,"y":-1},{"x":4.5,"y":-0.5},{"x":6.5,"y":-0.5}]},{"index":3,"tiles":[{"x":5.5,"y":-9},{"x":5,"y":-8},{"x":6,"y":-8},{"x":4.5,"y":-7},{"x":6.5,"y":-7},{"x":4,"y":-6},{"x":7,"y":-6},{"x":3.5,"y":-5},{"x":7.5,"y":-5},{"x":3,"y":-4},{"x":8,"y":-4},{"x":2.5,"y":-3},{"x":3.5,"y":-3},{"x":4.5,"y":-3},{"x":5.5,"y":-3},{"x":6.5,"y":-3},{"x":7.5,"y":-3},{"x":8.5,"y":-3}]}],"seeds":["IZRMYbgFVOQFIFJ9l1iBQgYO1yB6BCdph2hEi4d6HQgqISU6DcJ0ouAYIJN1UjiIhahY0/csE+QFQvJNmtIQIBcQA/E1y6c0VkJ1ZleUlLWFHsdwS1iRlhB+HXZg4yNyjAomXJWe"]},{"layers":[{"index":0,"tiles":[{"x":4.5,"y":-9},{"x":6.5,"y":-9},{"x":0.5,"y":-8.5},{"x":1.5,"y":-8.5},{"x":2.5,"y":-8.5},{"x":3.5,"y":-8.5},{"x":5.5,"y":-8.5},{"x":7.5,"y":-8.5},{"x":8.5,"y":-8.5},{"x":9.5,"y":-8.5},{"x":10.5,"y":-8.5},{"x":4.5,"y":-8},{"x":6.5,"y":-8},{"x":0.5,"y":-7.5},{"x":1.5,"y":-7.5},{"x":5.5,"y":-7.5},{"x":9.5,"y":-7.5},{"x":10.5,"y":-7.5},{"x":2.5,"y":-7},{"x":3.5,"y":-7},{"x":4.5,"y":-7},{"x":6.5,"y":-7},{"x":7.5,"y":-7},{"x":8.5,"y":-7},{"x":5.5,"y":-6.5},{"x":2.5,"y":-6},{"x":3.5,"y":-6},{"x":7.5,"y":-6},{"x":8.5,"y":-6},{"x":4.5,"y":-5.5},{"x":5.5,"y":-5.5},{"x":6.5,"y":-5.5},{"x":2,"y":-5},{"x":3,"y":-5},{"x":8,"y":-5},{"x":9,"y":-5},{"x":4.5,"y":-4.5},{"x":5.5,"y":-4.5},{"x":6.5,"y":-4.5},{"x":2.5,"y":-4},{"x":3.5,"y":-4},{"x":7.5,"y":-4},{"x":8.5,"y":-4},{"x":5.5,"y":-3.5},{"x":2.5,"y":-3},{"x":3.5,"y":-3},{"x":4.5,"y":-3},{"x":6.5,"y":-3},{"x":7.5,"y":-3},{"x":8.5,"y":-3},{"x":0.5,"y":-2.5},{"x":1.5,"y":-2.5},{"x":5.5,"y":-2.5},{"x":9.5,"y":-2.5},{"x":10.5,"y":-2.5},{"x":4.5,"y":-2},{"x":6.5,"y":-2},{"x":0.5,"y":-1.5},{"x":1.5,"y":-1.5},{"x":2.5,"y":-1.5},{"x":3.5,"y":-1.5},{"x":5.5,"y":-1.5},{"x":7.5,"y":-1.5},{"x":8.5,"y":-1.5},{"x":9.5,"y":-1.5},{"x":10.5,"y":-1.5},{"x":4.5,"y":-1},{"x":6.5,"y":-1}]},{"index":1,"tiles":[{"x":4.5,"y":-9},{"x":6.5,"y":-9},{"x":0.5,"y":-8.5},{"x":1.5,"y":-8.5},{"x":2.5,"y":-8.5},{"x":3.5,"y":-8.5},{"x":5.5,"y":-8.5},{"x":7.5,"y":-8.5},{"x":8.5,"y":-8.5},{"x":9.5,"y":-8.5},{"x":10.5,"y":-8.5},{"x":4.5,"y":-8},{"x":6.5,"y":-8},{"x":0.5,"y":-7.5},{"x":1.5,"y":-7.5},{"x":9.5,"y":-7.5},{"x":10.5,"y":-7.5},{"x":2.5,"y":-7},{"x":3.5,"y":-7},{"x":7.5,"y":-7},{"x":8.5,"y":-7},{"x":2.5,"y":-6},{"x":8.5,"y":-6},{"x":2,"y":-5},{"x":9,"y":-5},{"x":2.5,"y":-4},{"x":8.5,"y":-4},{"x":2.5,"y":-3},{"x":3.5,"y":-3},{"x":7.5,"y":-3},{"x":8.5,"y":-3},{"x":0.5,"y":-2.5},{"x":1.5,"y":-2.5},{"x":9.5,"y":-2.5},{"x":10.5,"y":-2.5},{"x":4.5,"y":-2},{"x":6.5,"y":-2},{"x":0.5,"y":-1.5},{"x":1.5,"y":-1.5},{"x":2.5,"y":-1.5},{"x":3.5,"y":-1.5},{"x":5.5,"y":-1.5},{"x":7.5,"y":-1.5},{"x":8.5,"y":-1.5},{"x":9.5,"y":-1.5},{"x":10.5,"y":-1.5},{"x":4.5,"y":-1},{"x":6.5,"y":-1}]}],"seeds":["V8cFEjSlSCM4omINGwWGYoF6HDJ5kcicFgFumcJ95rV0TdBRpOCBnbB0AVeCIUWFXyiKkzA+UbeAysApIIMFBvYdiRaCRXZwIhRWXqJNhreAqvN8kkdU"]},{"layers":[{"index":0,"tiles":[{"x":5.5,"y":-9},{"x":3.5,"y":-8.5},{"x":4.5,"y":-8.5},{"x":6.5,"y":-8.5},{"x":7.5,"y":-8.5},{"x":5.5,"y":-8},{"x":3.5,"y":-7.5},{"x":4.5,"y":-7.5},{"x":6.5,"y":-7.5},{"x":7.5,"y":-7.5},{"x":5.5,"y":-7},{"x":2.5,"y":-6.5},{"x":4.5,"y":-6.5},{"x":6.5,"y":-6.5},{"x":8.5,"y":-6.5},{"x":3.5,"y":-6},{"x":5.5,"y":-6},{"x":7.5,"y":-6},{"x":2.5,"y":-5.5},{"x":4.5,"y":-5.5},{"x":6.5,"y":-5.5},{"x":8.5,"y":-5.5},{"x":3.5,"y":-5},{"x":5.5,"y":-5},{"x":7.5,"y":-5},{"x":2.5,"y":-4.5},{"x":4.5,"y":-4.5},{"x":6.5,"y":-4.5},{"x":8.5,"y":-4.5},{"x":3.5,"y":-4},{"x":5.5,"y":-4},{"x":7.5,"y":-4},{"x":2.5,"y":-3.5},{"x":4.5,"y":-3.5},{"x":6.5,"y":-3.5},{"x":8.5,"y":-3.5},{"x":5.5,"y":-3},{"x":3.5,"y":-2.5},{"x":4.5,"y":-2.5},{"x":6.5,"y":-2.5},{"x":7.5,"y":-2.5},{"x":5.5,"y":-2},{"x":3.5,"y":-1.5},{"x":4.5,"y":-1.5},{"x":6.5,"y":-1.5},{"x":7.5,"y":-1.5},{"x":5.5,"y":-1}]},{"index":1,"tiles":[{"x":5.5,"y":-9},{"x":3.5,"y":-8.5},{"x":4.5,"y":-8.5},{"x":6.5,"y":-8.5},{"x":7.5,"y":-8.5},{"x":5.5,"y":-8},{"x":3.5,"y":-7.5},{"x":4.5,"y":-7.5},{"x":6.5,"y":-7.5},{"x":7.5,"y":-7.5},{"x":2.5,"y":-6.5},{"x":4.5,"y":-6.5},{"x":6.5,"y":-6.5},{"x":8.5,"y":-6.5},{"x":3.5,"y":-6},{"x":7.5,"y":-6},{"x":2.5,"y":-5.5},{"x":8.5,"y":-5.5},{"x":3.5,"y":-5},{"x":5.5,"y":-5},{"x":7.5,"y":-5},{"x":2.5,"y":-4.5},{"x":8.5,"y":-4.5},{"x":3.5,"y":-4},{"x":7.5,"y":-4},{"x":2.5,"y":-3.5},{"x":4.5,"y":-3.5},{"x":6.5,"y":-3.5},{"x":8.5,"y":-3.5},{"x":3.5,"y":-2.5},{"x":4.5,"y":-2.5},{"x":6.5,"y":-2.5},{"x":7.5,"y":-2.5},{"x":5.5,"y":-2},{"x":3.5,"y":-1.5},{"x":4.5,"y":-1.5},{"x":6.5,"y":-1.5},{"x":7.5,"y":-1.5},{"x":5.5,"y":-1}]},{"index":2,"tiles":[{"x":5.5,"y":-9},{"x":3.5,"y":-8.5},{"x":4.5,"y":-8.5},{"x":6.5,"y":-8.5},{"x":7.5,"y":-8.5},{"x":3.5,"y":-7.5},{"x":7.5,"y":-7.5},{"x":2.5,"y":-6.5},{"x":8.5,"y":-6.5},{"x":2.5,"y":-5.5},{"x":8.5,"y":-5.5},{"x":2.5,"y":-4.5},{"x":8.5,"y":-4.5},{"x":2.5,"y":-3.5},{"x":8.5,"y":-3.5},{"x":3.5,"y":-2.5},{"x":7.5,"y":-2.5},{"x":3.5,"y":-1.5},{"x":4.5,"y":-1.5},{"x":6.5,"y":-1.5},{"x":7.5,"y":-1.5},{"x":5.5,"y":-1}]},{"index":3,"tiles":[{"x":5.5,"y":-9},{"x":3.5,"y":-8.5},{"x":4.5,"y":-8.5},{"x":6.5,"y":-8.5},{"x":7.5,"y":-8.5},{"x":3.5,"y":-7.5},{"x":7.5,"y":-7.5},{"x":2.5,"y":-6.5},{"x":8.5,"y":-6.5},{"x":2.5,"y":-5.5},{"x":8.5,"y":-5.5},{"x":2.5,"y":-4.5},{"x":8.5,"y":-4.5},{"x":2.5,"y":-3.5},{"x":8.5,"y":-3.5},{"x":3.5,"y":-2.5},{"x":7.5,"y":-2.5},{"x":3.5,"y":-1.5},{"x":4.5,"y":-1.5},{"x":6.5,"y":-1.5},{"x":7.5,"y":-1.5},{"x":5.5,"y":-1}]}],"seeds":["2MJRkyZ1HJZ11DR0inl6gcQdXheJpOV4yrSIyFEQiPGVYwWKINSIT+EhXyES0OQgBhKoKRF+oahk4BdGomYRCBMqTIhwwYN4QcMloQde4gCi1xYmXbgJoSh8nNh9IQIiRQUA"]},{"layers":[{"index":0,"tiles":[{"x":5.5,"y":-8.5},{"x":4,"y":-8},{"x":7,"y":-8},{"x":2.5,"y":-7},{"x":5.5,"y":-7},{"x":8.5,"y":-7},{"x":4,"y":-6.5},{"x":7,"y":-6.5},{"x":2.5,"y":-5.5},{"x":5.5,"y":-5.5},{"x":8.5,"y":-5.5},{"x":4,"y":-5},{"x":7,"y":-5},{"x":2.5,"y":-4},{"x":5.5,"y":-4},{"x":8.5,"y":-4},{"x":4,"y":-3.5},{"x":7,"y":-3.5},{"x":2.5,"y":-2.5},{"x":5.5,"y":-2.5},{"x":8.5,"y":-2.5},{"x":4,"y":-2},{"x":7,"y":-2}]},{"index":1,"tiles":[{"x":5.5,"y":-9},{"x":4.5,"y":-8.5},{"x":6.5,"y":-8.5},{"x":4.5,"y":-7},{"x":6.5,"y":-7},{"x":3,"y":-6.5},{"x":8,"y":-6.5},{"x":4.5,"y":-5.5},{"x":6.5,"y":-5.5},{"x":3,"y":-5},{"x":8,"y":-5},{"x":4.5,"y":-4},{"x":6.5,"y":-4},{"x":3,"y":-3.5},{"x":8,"y":-3.5},{"x":4.5,"y":-2.5},{"x":6.5,"y":-2.5},{"x":3,"y":-2},{"x":8,"y":-2}]},{"index":2,"tiles":[{"x":5,"y":-9},{"x":6,"y":-9},{"x":4.5,"y":-7.5},{"x":6.5,"y":-7.5},{"x":3,"y":-7},{"x":8,"y":-7},{"x":4.5,"y":-6},{"x":6.5,"y":-6},{"x":3,"y":-5.5},{"x":8,"y":-5.5},{"x":4.5,"y":-4.5},{"x":6.5,"y":-4.5},{"x":3,"y":-4},{"x":8,"y":-4},{"x":4.5,"y":-3},{"x":6.5,"y":-3},{"x":3,"y":-2.5},{"x":8,"y":-2.5}]},{"index":3,"tiles":[{"x":4.5,"y":-8},{"x":6.5,"y":-8},{"x":3,"y":-7.5},{"x":8,"y":-7.5},{"x":4.5,"y":-6.5},{"x":6.5,"y":-6.5},{"x":3,"y":-6},{"x":8,"y":-6},{"x":4.5,"y":-5},{"x":6.5,"y":-5},{"x":3,"y":-4.5},{"x":8,"y":-4.5},{"x":4.5,"y":-3.5},{"x":6.5,"y":-3.5},{"x":3,"y":-3},{"x":8,"y":-3}]},{"index":4,"tiles":[{"x":3.5,"y":-7.5},{"x":4.5,"y":-7.5},{"x":6.5,"y":-7.5},{"x":7.5,"y":-7.5},{"x":3.5,"y":-6},{"x":4.5,"y":-6},{"x":6.5,"y":-6},{"x":7.5,"y":-6},{"x":3.5,"y":-4.5},{"x":4.5,"y":-4.5},{"x":6.5,"y":-4.5},{"x":7.5,"y":-4.5},{"x":3.5,"y":-3},{"x":4.5,"y":-3},{"x":6.5,"y":-3},{"x":7.5,"y":-3}]},{"index":5,"tiles":[{"x":3.5,"y":-7},{"x":4.5,"y":-7},{"x":6.5,"y":-7},{"x":7.5,"y":-7},{"x":3.5,"y":-5.5},{"x":4.5,"y":-5.5},{"x":6.5,"y":-5.5},{"x":7.5,"y":-5.5},{"x":3.5,"y":-4},{"x":4.5,"y":-4},{"x":6.5,"y":-4},{"x":7.5,"y":-4},{"x":3.5,"y":-2.5},{"x":4.5,"y":-2.5},{"x":6.5,"y":-2.5},{"x":7.5,"y":-2.5}]}],"seeds":["GOkoTfF52Ec00jROnWeFqCIuS8c5UVAMouCZgiRWIgWCz5RyDxd2TEKpEMOdmleBUKVNoJOFThAiR2gcHxiFQ9Ih4HOV4MdtFZFs3GWAyWNl"]},{"layers":[{"index":0,"tiles":[{"x":4.5,"y":-8.5},{"x":5.5,"y":-8.5},{"x":6.5,"y":-8.5},{"x":4.5,"y":-7.5},{"x":5.5,"y":-7.5},{"x":6.5,"y":-7.5},{"x":5,"y":-6.5},{"x":6,"y":-6.5},{"x":1.5,"y":-6},{"x":2.5,"y":-6},{"x":8.5,"y":-6},{"x":9.5,"y":-6},{"x":3.5,"y":-5.5},{"x":5.5,"y":-5.5},{"x":7.5,"y":-5.5},{"x":1.5,"y":-5},{"x":2.5,"y":-5},{"x":4.5,"y":-5},{"x":6.5,"y":-5},{"x":8.5,"y":-5},{"x":9.5,"y":-5},{"x":3.5,"y":-4.5},{"x":5.5,"y":-4.5},{"x":7.5,"y":-4.5},{"x":1.5,"y":-4},{"x":2.5,"y":-4},{"x":8.5,"y":-4},{"x":9.5,"y":-4},{"x":5,"y":-3.5},{"x":6,"y":-3.5},{"x":4.5,"y":-2.5},{"x":5.5,"y":-2.5},{"x":6.5,"y":-2.5},{"x":4.5,"y":-1.5},{"x":5.5,"y":-1.5},{"x":6.5,"y":-1.5}]},{"index":1,"tiles":[{"x":4.5,"y":-8.5},{"x":5.5,"y":-8.5},{"x":6.5,"y":-8.5},{"x":4.5,"y":-7.5},{"x":5.5,"y":-7.5},{"x":6.5,"y":-7.5},{"x":5,"y":-6.5},{"x":6,"y":-6.5},{"x":1.5,"y":-6},{"x":2.5,"y":-6},{"x":8.5,"y":-6},{"x":9.5,"y":-6},{"x":3.5,"y":-5.5},{"x":5.5,"y":-5.5},{"x":7.5,"y":-5.5},{"x":1.5,"y":-5},{"x":2.5,"y":-5},{"x":4.5,"y":-5},{"x":6.5,"y":-5},{"x":8.5,"y":-5},{"x":9.5,"y":-5},{"x":3.5,"y":-4.5},{"x":5.5,"y":-4.5},{"x":7.5,"y":-4.5},{"x":1.5,"y":-4},{"x":2.5,"y":-4},{"x":8.5,"y":-4},{"x":9.5,"y":-4},{"x":5,"y":-3.5},{"x":6,"y":-3.5},{"x":4.5,"y":-2.5},{"x":5.5,"y":-2.5},{"x":6.5,"y":-2.5},{"x":4.5,"y":-1.5},{"x":5.5,"y":-1.5},{"x":6.5,"y":-1.5}]},{"index":2,"tiles":[{"x":4.5,"y":-8.5},{"x":5.5,"y":-8.5},{"x":6.5,"y":-8.5},{"x":4.5,"y":-7.5},{"x":5.5,"y":-7.5},{"x":6.5,"y":-7.5},{"x":5,"y":-6.5},{"x":6,"y":-6.5},{"x":1.5,"y":-6},{"x":2.5,"y":-6},{"x":8.5,"y":-6},{"x":9.5,"y":-6},{"x":3.5,"y":-5.5},{"x":7.5,"y":-5.5},{"x":1.5,"y":-5},{"x":2.5,"y":-5},{"x":8.5,"y":-5},{"x":9.5,"y":-5},{"x":3.5,"y":-4.5},{"x":7.5,"y":-4.5},{"x":1.5,"y":-4},{"x":2.5,"y":-4},{"x":8.5,"y":-4},{"x":9.5,"y":-4},{"x":5,"y":-3.5},{"x":6,"y":-3.5},{"x":4.5,"y":-2.5},{"x":5.5,"y":-2.5},{"x":6.5,"y":-2.5},{"x":4.5,"y":-1.5},{"x":5.5,"y":-1.5},{"x":6.5,"y":-1.5}]},{"index":3,"tiles":[{"x":4.5,"y":-8.5},{"x":5.5,"y":-8.5},{"x":6.5,"y":-8.5},{"x":4.5,"y":-7.5},{"x":5.5,"y":-7.5},{"x":6.5,"y":-7.5},{"x":1.5,"y":-6},{"x":2.5,"y":-6},{"x":8.5,"y":-6},{"x":9.5,"y":-6},{"x":1.5,"y":-5},{"x":2.5,"y":-5},{"x":8.5,"y":-5},{"x":9.5,"y":-5},{"x":1.5,"y":-4},{"x":2.5,"y":-4},{"x":8.5,"y":-4},{"x":9.5,"y":-4},{"x":4.5,"y":-2.5},{"x":5.5,"y":-2.5},{"x":6.5,"y":-2.5},{"x":4.5,"y":-1.5},{"x":5.5,"y":-1.5},{"x":6.5,"y":-1.5}]}],"seeds":["4CNonvJEjmdMnyZsmAh1i4CB0yRaZMKF30dFlmhl0sRlh1gxg3QkZmWpXud1xEB93OYswkJQaQAaRQNC50gF4EIxoKV0INFxIVIuqEgknRUoXliEYcglF3VxircgIhg0"]},{"layers":[{"index":0,"tiles":[{"x":1,"y":-9},{"x":2,"y":-9},{"x":3,"y":-9},{"x":4,"y":-9},{"x":7,"y":-9},{"x":8,"y":-9},{"x":9,"y":-9},{"x":10,"y":-9},{"x":5,"y":-8.5},{"x":6,"y":-8.5},{"x":2,"y":-8},{"x":3,"y":-8},{"x":4,"y":-8},{"x":7,"y":-8},{"x":8,"y":-8},{"x":9,"y":-8},{"x":5,"y":-7.5},{"x":6,"y":-7.5},{"x":3,"y":-7},{"x":4,"y":-7},{"x":7,"y":-7},{"x":8,"y":-7},{"x":5,"y":-6.5},{"x":6,"y":-6.5},{"x":4,"y":-6},{"x":7,"y":-6},{"x":4,"y":-5},{"x":5,"y":-5},{"x":6,"y":-5},{"x":7,"y":-5},{"x":4,"y":-4},{"x":7,"y":-4},{"x":5,"y":-3.5},{"x":6,"y":-3.5},{"x":3,"y":-3},{"x":4,"y":-3},{"x":7,"y":-3},{"x":8,"y":-3},{"x":5,"y":-2.5},{"x":6,"y":-2.5},{"x":2,"y":-2},{"x":3,"y":-2},{"x":4,"y":-2},{"x":7,"y":-2},{"x":8,"y":-2},{"x":9,"y":-2},{"x":5,"y":-1.5},{"x":6,"y":-1.5},{"x":1,"y":-1},{"x":2,"y":-1},{"x":3,"y":-1},{"x":4,"y":-1},{"x":7,"y":-1},{"x":8,"y":-1},{"x":9,"y":-1},{"x":10,"y":-1}]},{"index":1,"tiles":[{"x":1,"y":-9},{"x":2,"y":-9},{"x":3,"y":-9},{"x":4,"y":-9},{"x":7,"y":-9},{"x":8,"y":-9},{"x":9,"y":-9},{"x":10,"y":-9},{"x":2,"y":-8},{"x":3,"y":-8},{"x":4,"y":-8},{"x":7,"y":-8},{"x":8,"y":-8},{"x":9,"y":-8},{"x":3,"y":-7},{"x":4,"y":-7},{"x":7,"y":-7},{"x":8,"y":-7},{"x":4.5,"y":-5.5},{"x":6.5,"y":-5.5},{"x":4.5,"y":-4.5},{"x":6.5,"y":-4.5},{"x":3,"y":-3},{"x":4,"y":-3},{"x":7,"y":-3},{"x":8,"y":-3},{"x":2,"y":-2},{"x":3,"y":-2},{"x":4,"y":-2},{"x":7,"y":-2},{"x":8,"y":-2},{"x":9,"y":-2},{"x":1,"y":-1},{"x":2,"y":-1},{"x":3,"y":-1},{"x":4,"y":-1},{"x":7,"y":-1},{"x":8,"y":-1},{"x":9,"y":-1},{"x":10,"y":-1}]},{"index":2,"tiles":[{"x":1,"y":-9},{"x":2,"y":-9},{"x":3,"y":-9},{"x":4,"y":-9},{"x":7,"y":-9},{"x":8,"y":-9},{"x":9,"y":-9},{"x":10,"y":-9},{"x":2,"y":-8},{"x":3,"y":-8},{"x":4,"y":-8},{"x":7,"y":-8},{"x":8,"y":-8},{"x":9,"y":-8},{"x":2,"y":-2},{"x":3,"y":-2},{"x":4,"y":-2},{"x":7,"y":-2},{"x":8,"y":-2},{"x":9,"y":-2},{"x":1,"y":-1},{"x":2,"y":-1},{"x":3,"y":-1},{"x":4,"y":-1},{"x":7,"y":-1},{"x":8,"y":-1},{"x":9,"y":-1},{"x":10,"y":-1}]},{"index":3,"tiles":[{"x":1,"y":-9},{"x":2,"y":-9},{"x":3,"y":-9},{"x":4,"y":-9},{"x":7,"y":-9},{"x":8,"y":-9},{"x":9,"y":-9},{"x":10,"y":-9},{"x":1,"y":-1},{"x":2,"y":-1},{"x":3,"y":-1},{"x":4,"y":-1},{"x":7,"y":-1},{"x":8,"y":-1},{"x":9,"y":-1},{"x":10,"y":-1}]}],"seeds":["TOhhhlh8DRN1AhhSx3Uu2vQ5xSSClKco4AR2jcBtTKeEy1dal8RtKVhJARd+RxVy4meAmJY40UB0nRJ4IrFkQkOC3aQGIicOw9CZVCVmoUUJIcghnxgkDPFAkCg+3Yig3gd+XliBjUcs"]},{"layers":[{"index":0,"tiles":[{"x":1.5,"y":-9},{"x":2.5,"y":-9},{"x":3.5,"y":-9},{"x":7.5,"y":-9},{"x":8.5,"y":-9},{"x":9.5,"y":-9},{"x":2,"y":-8},{"x":3,"y":-8},{"x":4,"y":-8},{"x":5,"y":-8},{"x":6,"y":-8},{"x":7,"y":-8},{"x":8,"y":-8},{"x":9,"y":-8},{"x":1.5,"y":-7},{"x":2.5,"y":-7},{"x":3.5,"y":-7},{"x":4.5,"y":-7},{"x":5.5,"y":-7},{"x":6.5,"y":-7},{"x":7.5,"y":-7},{"x":8.5,"y":-7},{"x":9.5,"y":-7},{"x":2,"y":-6},{"x":3,"y":-6},{"x":4,"y":-6},{"x":7,"y":-6},{"x":8,"y":-6},{"x":9,"y":-6},{"x":1.5,"y":-5},{"x":2.5,"y":-5},{"x":3.5,"y":-5},{"x":7.5,"y":-5},{"x":8.5,"y":-5},{"x":9.5,"y":-5},{"x":2,"y":-4},{"x":3,"y":-4},{"x":4,"y":-4},{"x":7,"y":-4},{"x":8,"y":-4},{"x":9,"y":-4},{"x":1.5,"y":-3},{"x":2.5,"y":-3},{"x":3.5,"y":-3},{"x":4.5,"y":-3},{"x":5.5,"y":-3},{"x":6.5,"y":-3},{"x":7.5,"y":-3},{"x":8.5,"y":-3},{"x":9.5,"y":-3},{"x":2,"y":-2},{"x":3,"y":-2},{"x":4,"y":-2},{"x":5,"y":-2},{"x":6,"y":-2},{"x":7,"y":-2},{"x":8,"y":-2},{"x":9,"y":-2},{"x":1.5,"y":-1},{"x":2.5,"y":-1},{"x":3.5,"y":-1},{"x":7.5,"y":-1},{"x":8.5,"y":-1},{"x":9.5,"y":-1}]},{"index":1,"tiles":[{"x":7.5,"y":-9},{"x":8.5,"y":-9},{"x":9.5,"y":-9},{"x":4,"y":-8},{"x":5,"y":-8},{"x":6,"y":-8},{"x":7,"y":-8},{"x":8,"y":-8},{"x":9,"y":-8},{"x":4.5,"y":-7},{"x":5.5,"y":-7},{"x":6.5,"y":-7},{"x":7.5,"y":-7},{"x":8.5,"y":-7},{"x":9.5,"y":-7},{"x":2,"y":-6},{"x":3,"y":-6},{"x":4,"y":-6},{"x":1.5,"y":-5},{"x":2.5,"y":-5},{"x":3.5,"y":-5},{"x":7.5,"y":-5},{"x":8.5,"y":-5},{"x":9.5,"y":-5},{"x":7,"y":-4},{"x":8,"y":-4},{"x":9,"y":-4},{"x":1.5,"y":-3},{"x":2.5,"y":-3},{"x":3.5,"y":-3},{"x":4.5,"y":-3},{"x":5.5,"y":-3},{"x":6.5,"y":-3},{"x":2,"y":-2},{"x":3,"y":-2},{"x":4,"y":-2},{"x":5,"y":-2},{"x":6,"y":-2},{"x":7,"y":-2},{"x":1.5,"y":-1},{"x":2.5,"y":-1},{"x":3.5,"y":-1}]},{"index":2,"tiles":[{"x":4.5,"y":-7},{"x":5.5,"y":-7},{"x":6.5,"y":-7},{"x":7.5,"y":-7},{"x":8.5,"y":-7},{"x":9.5,"y":-7},{"x":2,"y":-6},{"x":3,"y":-6},{"x":4,"y":-6},{"x":7,"y":-4},{"x":8,"y":-4},{"x":9,"y":-4},{"x":1.5,"y":-3},{"x":2.5,"y":-3},{"x":3.5,"y":-3},{"x":4.5,"y":-3},{"x":5.5,"y":-3},{"x":6.5,"y":-3}]}],"seeds":["zpcg3UBxlfY02xiihDSBy9J4RShMYJJtATEpASOGopdxllEK3HRGwaOZoEJ6IEepV7csHSNd3SdyFvIJigGC2NCFkReGQwhyjjd84sEcKVdRkOhhEFUECsgxYtgJ"]},{"layers":[{"index":0,"tiles":[{"x":1.5,"y":-9},{"x":2.5,"y":-9},{"x":3.5,"y":-9},{"x":4.5,"y":-9},{"x":5.5,"y":-9},{"x":6.5,"y":-9},{"x":7.5,"y":-9},{"x":8.5,"y":-9},{"x":9.5,"y":-9},{"x":1.5,"y":-8},{"x":3.5,"y":-8},{"x":4.5,"y":-8},{"x":5.5,"y":-8},{"x":6.5,"y":-8},{"x":7.5,"y":-8},{"x":9.5,"y":-8},{"x":1.5,"y":-7},{"x":4.5,"y":-7},{"x":5.5,"y":-7},{"x":6.5,"y":-7},{"x":9.5,"y":-7},{"x":1.5,"y":-6},{"x":2.5,"y":-6},{"x":5.5,"y":-6},{"x":8.5,"y":-6},{"x":9.5,"y":-6},{"x":1.5,"y":-5},{"x":2.5,"y":-5},{"x":3.5,"y":-5},{"x":7.5,"y":-5},{"x":8.5,"y":-5},{"x":9.5,"y":-5},{"x":1.5,"y":-4},{"x":2.5,"y":-4},{"x":3.5,"y":-4},{"x":4.5,"y":-4},{"x":6.5,"y":-4},{"x":7.5,"y":-4},{"x":8.5,"y":-4},{"x":9.5,"y":-4},{"x":1.5,"y":-3},{"x":2.5,"y":-3},{"x":3.5,"y":-3},{"x":4.5,"y":-3},{"x":5.5,"y":-3},{"x":6.5,"y":-3},{"x":7.5,"y":-3},{"x":8.5,"y":-3},{"x":9.5,"y":-3},{"x":1.5,"y":-2},{"x":2.5,"y":-2},{"x":3.5,"y":-2},{"x":4.5,"y":-2},{"x":5.5,"y":-2},{"x":6.5,"y":-2},{"x":7.5,"y":-2},{"x":8.5,"y":-2},{"x":9.5,"y":-2},{"x":1.5,"y":-1},{"x":3.5,"y":-1},{"x":5.5,"y":-1},{"x":7.5,"y":-1},{"x":9.5,"y":-1}]},{"index":1,"tiles":[{"x":1.5,"y":-9},{"x":2.5,"y":-9},{"x":3.5,"y":-9},{"x":4.5,"y":-9},{"x":5.5,"y":-9},{"x":6.5,"y":-9},{"x":7.5,"y":-9},{"x":8.5,"y":-9},{"x":9.5,"y":-9},{"x":1.5,"y":-8},{"x":3.5,"y":-8},{"x":4.5,"y":-8},{"x":5.5,"y":-8},{"x":6.5,"y":-8},{"x":7.5,"y":-8},{"x":9.5,"y":-8},{"x":1.5,"y":-7},{"x":4.5,"y":-7},{"x":5.5,"y":-7},{"x":6.5,"y":-7},{"x":9.5,"y":-7},{"x":1.5,"y":-6},{"x":9.5,"y":-6},{"x":1.5,"y":-5},{"x":2.5,"y":-5},{"x":8.5,"y":-5},{"x":9.5,"y":-5},{"x":1.5,"y":-4},{"x":2.5,"y":-4},{"x":3.5,"y":-4},{"x":7.5,"y":-4},{"x":8.5,"y":-4},{"x":9.5,"y":-4},{"x":1.5,"y":-3},{"x":2.5,"y":-3},{"x":3.5,"y":-3},{"x":4.5,"y":-3},{"x":5.5,"y":-3},{"x":6.5,"y":-3},{"x":7.5,"y":-3},{"x":8.5,"y":-3},{"x":9.5,"y":-3},{"x":1.5,"y":-2},{"x":2.5,"y":-2},{"x":3.5,"y":-2},{"x":4.5,"y":-2},{"x":5.5,"y":-2},{"x":6.5,"y":-2},{"x":7.5,"y":-2},{"x":8.5,"y":-2},{"x":9.5,"y":-2}]},{"index":2,"tiles":[{"x":4,"y":-8.5},{"x":5,"y":-8.5},{"x":6,"y":-8.5},{"x":7,"y":-8.5},{"x":5,"y":-7.5},{"x":6,"y":-7.5},{"x":2,"y":-4.5},{"x":9,"y":-4.5},{"x":2,"y":-3.5},{"x":3,"y":-3.5},{"x":8,"y":-3.5},{"x":9,"y":-3.5},{"x":2,"y":-2.5},{"x":3,"y":-2.5},{"x":4,"y":-2.5},{"x":5,"y":-2.5},{"x":6,"y":-2.5},{"x":7,"y":-2.5},{"x":8,"y":-2.5},{"x":9,"y":-2.5}]}],"seeds":["gRdWYkNUEBcMXFR2TjZY28CIUpgoJOh8SThy4ZV5QdRVoaROHxgGX6BpoPBRH0E8hVEwCLOAAnR4nihyHKgIR9OE1yZyotJhHPWJBjVNSEqdk9eJQYeBihkSzNKhw1J5wtNYCwcA"]},{"layers":[{"index":0,"tiles":[{"x":4.5,"y":-9.5},{"x":8.5,"y":-9.5},{"x":1.5,"y":-9},{"x":3.5,"y":-9},{"x":5.5,"y":-9},{"x":7.5,"y":-9},{"x":9.5,"y":-9},{"x":2.5,"y":-8.5},{"x":4.5,"y":-8.5},{"x":6.5,"y":-8.5},{"x":8.5,"y":-8.5},{"x":1.5,"y":-8},{"x":3.5,"y":-8},{"x":5.5,"y":-8},{"x":7.5,"y":-8},{"x":9.5,"y":-8},{"x":2.5,"y":-7.5},{"x":4.5,"y":-7.5},{"x":6.5,"y":-7.5},{"x":8.5,"y":-7.5},{"x":1.5,"y":-7},{"x":3.5,"y":-7},{"x":5.5,"y":-7},{"x":7.5,"y":-7},{"x":9.5,"y":-7},{"x":2.5,"y":-6.5},{"x":4.5,"y":-6.5},{"x":6.5,"y":-6.5},{"x":8.5,"y":-6.5},{"x":1.5,"y":-6},{"x":3.5,"y":-6},{"x":5.5,"y":-6},{"x":7.5,"y":-6},{"x":9.5,"y":-6},{"x":2.5,"y":-5.5},{"x":6.5,"y":-5.5},{"x":4.5,"y":-4.5},{"x":8.5,"y":-4.5},{"x":1.5,"y":-4},{"x":3.5,"y":-4},{"x":5.5,"y":-4},{"x":7.5,"y":-4},{"x":9.5,"y":-4},{"x":2.5,"y":-3.5},{"x":4.5,"y":-3.5},{"x":6.5,"y":-3.5},{"x":8.5,"y":-3.5},{"x":1.5,"y":-3},{"x":3.5,"y":-3},{"x":5.5,"y":-3},{"x":7.5,"y":-3},{"x":9.5,"y":-3},{"x":2.5,"y":-2.5},{"x":4.5,"y":-2.5},{"x":6.5,"y":-2.5},{"x":8.5,"y":-2.5},{"x":1.5,"y":-2},{"x":3.5,"y":-2},{"x":5.5,"y":-2},{"x":7.5,"y":-2},{"x":9.5,"y":-2},{"x":2.5,"y":-1.5},{"x":4.5,"y":-1.5},{"x":6.5,"y":-1.5},{"x":8.5,"y":-1.5},{"x":1.5,"y":-1},{"x":3.5,"y":-1},{"x":5.5,"y":-1},{"x":7.5,"y":-1},{"x":9.5,"y":-1},{"x":2.5,"y":-0.5},{"x":6.5,"y":-0.5}]},{"index":1,"tiles":[{"x":1.5,"y":-9},{"x":3.5,"y":-9},{"x":5.5,"y":-9},{"x":7.5,"y":-9},{"x":9.5,"y":-9},{"x":2.5,"y":-8.5},{"x":6.5,"y":-8.5},{"x":1.5,"y":-8},{"x":3.5,"y":-8},{"x":5.5,"y":-8},{"x":7.5,"y":-8},{"x":9.5,"y":-8},{"x":2.5,"y":-7.5},{"x":6.5,"y":-7.5},{"x":1.5,"y":-7},{"x":3.5,"y":-7},{"x":5.5,"y":-7},{"x":7.5,"y":-7},{"x":9.5,"y":-7},{"x":2.5,"y":-6.5},{"x":6.5,"y":-6.5},{"x":1.5,"y":-6},{"x":3.5,"y":-6},{"x":5.5,"y":-6},{"x":7.5,"y":-6},{"x":9.5,"y":-6},{"x":2.5,"y":-5.5},{"x":6.5,"y":-5.5},{"x":4.5,"y":-4.5},{"x":8.5,"y":-4.5},{"x":1.5,"y":-4},{"x":3.5,"y":-4},{"x":5.5,"y":-4},{"x":7.5,"y":-4},{"x":9.5,"y":-4},{"x":4.5,"y":-3.5},{"x":8.5,"y":-3.5},{"x":1.5,"y":-3},{"x":3.5,"y":-3},{"x":5.5,"y":-3},{"x":7.5,"y":-3},{"x":9.5,"y":-3},{"x":4.5,"y":-2.5},{"x":8.5,"y":-2.5},{"x":1.5,"y":-2},{"x":3.5,"y":-2},{"x":5.5,"y":-2},{"x":7.5,"y":-2},{"x":9.5,"y":-2},{"x":4.5,"y":-1.5},{"x":8.5,"y":-1.5},{"x":1.5,"y":-1},{"x":3.5,"y":-1},{"x":5.5,"y":-1},{"x":7.5,"y":-1},{"x":9.5,"y":-1}]},{"index":2,"tiles":[{"x":2.5,"y":-8.5},{"x":6.5,"y":-8.5},{"x":2.5,"y":-7.5},{"x":6.5,"y":-7.5},{"x":2.5,"y":-6.5},{"x":6.5,"y":-6.5},{"x":2.5,"y":-5.5},{"x":6.5,"y":-5.5},{"x":4.5,"y":-4.5},{"x":8.5,"y":-4.5},{"x":4.5,"y":-3.5},{"x":8.5,"y":-3.5},{"x":4.5,"y":-2.5},{"x":8.5,"y":-2.5},{"x":4.5,"y":-1.5},{"x":8.5,"y":-1.5}]}],"seeds":["Frgp0xJ6HBh6RYJRkChqUMc44dA8Hhd2xeeJHhaiXhhwBql8IFeNGcgQjxYIweeARRiKEUFVBic2nxcSDQceDNVZYLcInfiZloSAYhlc6jCB1dAx4XAoqZRZBQUiVcN9m5KcnDhdxCJMgrdE"]},{"layers":[{"index":0,"tiles":[{"x":2.5,"y":-9.5},{"x":8.5,"y":-9.5},{"x":1.5,"y":-9},{"x":4,"y":-9},{"x":5,"y":-9},{"x":6,"y":-9},{"x":7,"y":-9},{"x":9.5,"y":-9},{"x":2.5,"y":-8.5},{"x":8.5,"y":-8.5},{"x":3.5,"y":-7.5},{"x":4.5,"y":-7.5},{"x":5.5,"y":-7.5},{"x":6.5,"y":-7.5},{"x":7.5,"y":-7.5},{"x":3.5,"y":-6.5},{"x":4.5,"y":-6.5},{"x":5.5,"y":-6.5},{"x":6.5,"y":-6.5},{"x":7.5,"y":-6.5},{"x":2.5,"y":-6},{"x":8.5,"y":-6},{"x":3.5,"y":-5.5},{"x":7.5,"y":-5.5},{"x":2.5,"y":-5},{"x":5,"y":-5},{"x":6,"y":-5},{"x":8.5,"y":-5},{"x":3.5,"y":-4.5},{"x":7.5,"y":-4.5},{"x":4.5,"y":-3.5},{"x":5.5,"y":-3.5},{"x":6.5,"y":-3.5},{"x":4.5,"y":-2.5},{"x":6.5,"y":-2.5},{"x":5.5,"y":-1.5},{"x":5.5,"y":-0.5}]},{"index":1,"tiles":[{"x":2.5,"y":-9.5},{"x":8.5,"y":-9.5},{"x":1.5,"y":-9},{"x":4,"y":-9},{"x":5,"y":-9},{"x":6,"y":-9},{"x":7,"y":-9},{"x":9.5,"y":-9},{"x":2.5,"y":-8.5},{"x":8.5,"y":-8.5},{"x":3.5,"y":-7.5},{"x":4.5,"y":-7.5},{"x":5.5,"y":-7.5},{"x":6.5,"y":-7.5},{"x":7.5,"y":-7.5},{"x":3.5,"y":-6.5},{"x":4.5,"y":-6.5},{"x":5.5,"y":-6.5},{"x":6.5,"y":-6.5},{"x":7.5,"y":-6.5},{"x":2.5,"y":-6},{"x":8.5,"y":-6},{"x":3.5,"y":-5.5},{"x":7.5,"y":-5.5},{"x":2.5,"y":-5},{"x":5,"y":-5},{"x":6,"y":-5},{"x":8.5,"y":-5},{"x":3.5,"y":-4.5},{"x":7.5,"y":-4.5},{"x":4.5,"y":-3.5},{"x":5.5,"y":-3.5},{"x":6.5,"y":-3.5},{"x":4.5,"y":-2.5},{"x":6.5,"y":-2.5},{"x":5.5,"y":-1.5},{"x":5.5,"y":-0.5}]},{"index":2,"tiles":[{"x":2.5,"y":-9.5},{"x":8.5,"y":-9.5},{"x":1.5,"y":-9},{"x":4,"y":-9},{"x":5,"y":-9},{"x":6,"y":-9},{"x":7,"y":-9},{"x":9.5,"y":-9},{"x":2.5,"y":-8.5},{"x":8.5,"y":-8.5},{"x":3.5,"y":-6.5},{"x":4.5,"y":-6.5},{"x":5.5,"y":-6.5},{"x":6.5,"y":-6.5},{"x":7.5,"y":-6.5},{"x":2.5,"y":-6},{"x":8.5,"y":-6},{"x":3.5,"y":-5.5},{"x":7.5,"y":-5.5},{"x":2.5,"y":-5},{"x":8.5,"y":-5},{"x":3.5,"y":-4.5},{"x":7.5,"y":-4.5},{"x":4.5,"y":-3.5},{"x":5.5,"y":-3.5},{"x":6.5,"y":-3.5}]},{"index":3,"tiles":[{"x":2.5,"y":-9.5},{"x":8.5,"y":-9.5},{"x":1.5,"y":-9},{"x":9.5,"y":-9},{"x":2.5,"y":-8.5},{"x":8.5,"y":-8.5}]}],"seeds":["inEVh1WFTzNlBOeFhVOGTxM5YAd6HTQcmid+IFgRmIpMwsdxpIFYJ6VwR5YMlQiCYWVRXnSIybcwoeh9UDgyoBCk2iJeHwh6XQCimCV2nwkA"]},{"layers":[{"index":0,"tiles":[{"x":5,"y":-9},{"x":6,"y":-9},{"x":7,"y":-9},{"x":8,"y":-9},{"x":9,"y":-9},{"x":10,"y":-9},{"x":1.5,"y":-8.5},{"x":2.5,"y":-8.5},{"x":4,"y":-8},{"x":5,"y":-8},{"x":6,"y":-8},{"x":7,"y":-8},{"x":8,"y":-8},{"x":9,"y":-8},{"x":1.5,"y":-7.5},{"x":3,"y":-7},{"x":4,"y":-7},{"x":5,"y":-7},{"x":10,"y":-7},{"x":2,"y":-6},{"x":3,"y":-6},{"x":4,"y":-6},{"x":6,"y":-6},{"x":7,"y":-6},{"x":8,"y":-6},{"x":9,"y":-6},{"x":10,"y":-6},{"x":1,"y":-5},{"x":2,"y":-5},{"x":3,"y":-5},{"x":5,"y":-5},{"x":6,"y":-5},{"x":7,"y":-5},{"x":8,"y":-5},{"x":9,"y":-5},{"x":10,"y":-5},{"x":1,"y":-4},{"x":2,"y":-4},{"x":4,"y":-4},{"x":5,"y":-4},{"x":6,"y":-4},{"x":7,"y":-4},{"x":8,"y":-4},{"x":9,"y":-4},{"x":10,"y":-4},{"x":1,"y":-3},{"x":2,"y":-3},{"x":4,"y":-3},{"x":5,"y":-3},{"x":6,"y":-3},{"x":7.5,"y":-2.5},{"x":8.5,"y":-2.5},{"x":9.5,"y":-2.5},{"x":1,"y":-2},{"x":2,"y":-2},{"x":4,"y":-2},{"x":5,"y":-2},{"x":6,"y":-2},{"x":7.5,"y":-1.5},{"x":8.5,"y":-1.5},{"x":9.5,"y":-1.5},{"x":1,"y":-1},{"x":3,"y":-1},{"x":4,"y":-1},{"x":5,"y":-1},{"x":6,"y":-1}]},{"index":1,"tiles":[{"x":5,"y":-9},{"x":6,"y":-9},{"x":7,"y":-9},{"x":8,"y":-9},{"x":9,"y":-9},{"x":10,"y":-9},{"x":1.5,"y":-8.5},{"x":2.5,"y":-8.5},{"x":4,"y":-8},{"x":5,"y":-8},{"x":1.5,"y":-7.5},{"x":3,"y":-7},{"x":10,"y":-7},{"x":2,"y":-6},{"x":4,"y":-6},{"x":8,"y":-6},{"x":9,"y":-6},{"x":10,"y":-6},{"x":1,"y":-5},{"x":2,"y":-5},{"x":5,"y":-5},{"x":8,"y":-5},{"x":9,"y":-5},{"x":10,"y":-5},{"x":1,"y":-4},{"x":6,"y":-4},{"x":8,"y":-4},{"x":9,"y":-4},{"x":10,"y":-4},{"x":1,"y":-3},{"x":4,"y":-3},{"x":5,"y":-3},{"x":6,"y":-3},{"x":7.5,"y":-2.5},{"x":9.5,"y":-2.5},{"x":1,"y":-2},{"x":4,"y":-2},{"x":5,"y":-2},{"x":6,"y":-2},{"x":8.5,"y":-1.5},{"x":9.5,"y":-1.5},{"x":1,"y":-1},{"x":3,"y":-1},{"x":4,"y":-1},{"x":5,"y":-1},{"x":6,"y":-1}]},{"index":2,"tiles":[{"x":10,"y":-7},{"x":10,"y":-6},{"x":10,"y":-5},{"x":10,"y":-4},{"x":3,"y":-1},{"x":4,"y":-1},{"x":5,"y":-1},{"x":6,"y":-1}]}],"seeds":["jpCBn6kkRxQsIEeEXBAiYlcQXxp03cOFDCaBVdUtiveBoCcooHgpDxSGXcAVGwUOzcZlA9J44hlOzCR+oqB5ByYYFllSEDVFYahdhrWIUucN3DhQ3gSqC5o4"]},{"layers":[{"index":0,"tiles":[{"x":3.5,"y":-8.5},{"x":4.5,"y":-8.5},{"x":5.5,"y":-8.5},{"x":6.5,"y":-8.5},{"x":7.5,"y":-8.5},{"x":3.5,"y":-7.5},{"x":7.5,"y":-7.5},{"x":2.5,"y":-6.5},{"x":3.5,"y":-6.5},{"x":4.5,"y":-6.5},{"x":6.5,"y":-6.5},{"x":7.5,"y":-6.5},{"x":8.5,"y":-6.5},{"x":5.5,"y":-6},{"x":2.5,"y":-5.5},{"x":3.5,"y":-5.5},{"x":4.5,"y":-5.5},{"x":6.5,"y":-5.5},{"x":7.5,"y":-5.5},{"x":8.5,"y":-5.5},{"x":1.5,"y":-5},{"x":5.5,"y":-5},{"x":9.5,"y":-5},{"x":2.5,"y":-4.5},{"x":8.5,"y":-4.5},{"x":1.5,"y":-4},{"x":5.5,"y":-4},{"x":9.5,"y":-4},{"x":2.5,"y":-3.5},{"x":8.5,"y":-3.5},{"x":1.5,"y":-3},{"x":3.5,"y":-3},{"x":4.5,"y":-3},{"x":5.5,"y":-3},{"x":6.5,"y":-3},{"x":7.5,"y":-3},{"x":9.5,"y":-3},{"x":2.5,"y":-2.5},{"x":8.5,"y":-2.5},{"x":1.5,"y":-2},{"x":3.5,"y":-2},{"x":4.5,"y":-2},{"x":5.5,"y":-2},{"x":6.5,"y":-2},{"x":7.5,"y":-2},{"x":9.5,"y":-2},{"x":2.5,"y":-1.5},{"x":8.5,"y":-1.5},{"x":3.5,"y":-1},{"x":4.5,"y":-1},{"x":5.5,"y":-1},{"x":6.5,"y":-1},{"x":7.5,"y":-1}]},{"index":1,"tiles":[{"x":3.5,"y":-8.5},{"x":4.5,"y":-8.5},{"x":5.5,"y":-8.5},{"x":6.5,"y":-8.5},{"x":7.5,"y":-8.5},{"x":3.5,"y":-7.5},{"x":7.5,"y":-7.5},{"x":2.5,"y":-6.5},{"x":3.5,"y":-6.5},{"x":4.5,"y":-6.5},{"x":6.5,"y":-6.5},{"x":7.5,"y":-6.5},{"x":8.5,"y":-6.5},{"x":5.5,"y":-6},{"x":2.5,"y":-5.5},{"x":3.5,"y":-5.5},{"x":4.5,"y":-5.5},{"x":6.5,"y":-5.5},{"x":7.5,"y":-5.5},{"x":8.5,"y":-5.5},{"x":1.5,"y":-5},{"x":5.5,"y":-5},{"x":9.5,"y":-5},{"x":2.5,"y":-4.5},{"x":8.5,"y":-4.5},{"x":1.5,"y":-4},{"x":5.5,"y":-4},{"x":9.5,"y":-4},{"x":2.5,"y":-3.5},{"x":8.5,"y":-3.5},{"x":1.5,"y":-3},{"x":3.5,"y":-3},{"x":4.5,"y":-3},{"x":5.5,"y":-3},{"x":6.5,"y":-3},{"x":7.5,"y":-3},{"x":9.5,"y":-3},{"x":2.5,"y":-2.5},{"x":8.5,"y":-2.5},{"x":1.5,"y":-2},{"x":3.5,"y":-2},{"x":4.5,"y":-2},{"x":5.5,"y":-2},{"x":6.5,"y":-2},{"x":7.5,"y":-2},{"x":9.5,"y":-2},{"x":2.5,"y":-1.5},{"x":8.5,"y":-1.5},{"x":3.5,"y":-1},{"x":4.5,"y":-1},{"x":5.5,"y":-1},{"x":6.5,"y":-1},{"x":7.5,"y":-1}]},{"index":2,"tiles":[{"x":5.5,"y":-4},{"x":3.5,"y":-3},{"x":4.5,"y":-3},{"x":5.5,"y":-3},{"x":6.5,"y":-3},{"x":7.5,"y":-3},{"x":3.5,"y":-2},{"x":4.5,"y":-2},{"x":5.5,"y":-2},{"x":6.5,"y":-2},{"x":7.5,"y":-2},{"x":3.5,"y":-1},{"x":4.5,"y":-1},{"x":5.5,"y":-1},{"x":6.5,"y":-1},{"x":7.5,"y":-1}]}],"seeds":["BtcNmGFxFQhOjdQhAhldwddlHsUdKhh8oxdwFJWAg4WJDfGFTHIWy3YwzrYU0cMpIDUsndAN2SdqoYJoIfiIYhiiqRJ4UDhxoulBjEgwXlVOkic4oXApy9SBYAgA"]}]]],0,0,[],[],[]]
