{"textures":[{"image":"default-resources-0.png","format":"RGBA8888","size":{"w":2026,"h":2026},"scale":1,"frames":[{"filename":"bg/bg-middle-2","rotated":false,"trimmed":false,"sourceSize":{"w":900,"h":849},"spriteSourceSize":{"x":0,"y":0,"w":900,"h":849},"frame":{"x":2,"y":2,"w":900,"h":849}},{"filename":"bg/bg-middle","rotated":false,"trimmed":false,"sourceSize":{"w":719,"h":849},"spriteSourceSize":{"x":0,"y":0,"w":719,"h":849},"frame":{"x":2,"y":854,"w":719,"h":849}},{"filename":"ui-ngang/bg-middle","rotated":false,"trimmed":false,"sourceSize":{"w":719,"h":568},"spriteSourceSize":{"x":0,"y":0,"w":719,"h":568},"frame":{"x":905,"y":2,"w":719,"h":568}},{"filename":"ui-ngang/bg-top","rotated":false,"trimmed":false,"sourceSize":{"w":719,"h":178},"spriteSourceSize":{"x":0,"y":0,"w":719,"h":178},"frame":{"x":2,"y":1706,"w":719,"h":178}},{"filename":"footer","rotated":false,"trimmed":false,"sourceSize":{"w":750,"h":153},"spriteSourceSize":{"x":0,"y":0,"w":750,"h":153},"frame":{"x":905,"y":573,"w":750,"h":153}},{"filename":"bg/bg-bottom-2","rotated":false,"trimmed":false,"sourceSize":{"w":900,"h":112},"spriteSourceSize":{"x":0,"y":0,"w":900,"h":112},"frame":{"x":905,"y":729,"w":900,"h":112}},{"filename":"leaderboards/bg-middle","rotated":false,"trimmed":false,"sourceSize":{"w":949,"h":47},"spriteSourceSize":{"x":0,"y":0,"w":949,"h":47},"frame":{"x":905,"y":844,"w":949,"h":47}},{"filename":"bg/bg-bottom","rotated":false,"trimmed":false,"sourceSize":{"w":719,"h":111},"spriteSourceSize":{"x":0,"y":0,"w":719,"h":111},"frame":{"x":2,"y":1887,"w":719,"h":111}},{"filename":"daily-challenge/bg","rotated":false,"trimmed":false,"sourceSize":{"w":520,"h":285},"spriteSourceSize":{"x":0,"y":0,"w":520,"h":285},"frame":{"x":724,"y":894,"w":520,"h":285}},{"filename":"ui-ngang/khung-next-block","rotated":false,"trimmed":false,"sourceSize":{"w":200,"h":600},"spriteSourceSize":{"x":0,"y":0,"w":200,"h":600},"frame":{"x":724,"y":1182,"w":200,"h":600}},{"filename":"popup/middle","rotated":false,"trimmed":false,"sourceSize":{"w":431,"h":227},"spriteSourceSize":{"x":0,"y":0,"w":431,"h":227},"frame":{"x":1247,"y":894,"w":431,"h":227}},{"filename":"lives/heart","rotated":false,"trimmed":false,"sourceSize":{"w":339,"h":279},"spriteSourceSize":{"x":0,"y":0,"w":339,"h":279},"frame":{"x":1627,"y":2,"w":339,"h":279}},{"filename":"popup/background","rotated":false,"trimmed":false,"sourceSize":{"w":395,"h":221},"spriteSourceSize":{"x":0,"y":0,"w":395,"h":221},"frame":{"x":1627,"y":284,"w":395,"h":221}},{"filename":"ui-ngang/khung-mission","rotated":false,"trimmed":false,"sourceSize":{"w":95,"h":464},"spriteSourceSize":{"x":0,"y":0,"w":95,"h":464},"frame":{"x":927,"y":1182,"w":95,"h":464}},{"filename":"bg/bg-dark","rotated":false,"trimmed":false,"sourceSize":{"w":243,"h":303},"spriteSourceSize":{"x":0,"y":0,"w":243,"h":303},"frame":{"x":1025,"y":1182,"w":243,"h":303}},{"filename":"buttons/green-large","rotated":false,"trimmed":false,"sourceSize":{"w":484,"h":142},"spriteSourceSize":{"x":0,"y":0,"w":484,"h":142},"frame":{"x":1271,"y":1124,"w":484,"h":142}},{"filename":"best-score-frame-long","rotated":false,"trimmed":false,"sourceSize":{"w":386,"h":154},"spriteSourceSize":{"x":0,"y":0,"w":386,"h":154},"frame":{"x":1271,"y":1269,"w":386,"h":154}},{"filename":"texts/out-of-live","rotated":false,"trimmed":false,"sourceSize":{"w":417,"h":77},"spriteSourceSize":{"x":0,"y":0,"w":417,"h":77},"frame":{"x":1271,"y":1426,"w":417,"h":77}},{"filename":"bg-progress-circle","rotated":false,"trimmed":false,"sourceSize":{"w":232,"h":231},"spriteSourceSize":{"x":0,"y":0,"w":232,"h":231},"frame":{"x":724,"y":1785,"w":232,"h":231}},{"filename":"bottom-panel","rotated":false,"trimmed":false,"sourceSize":{"w":281,"h":171},"spriteSourceSize":{"x":0,"y":0,"w":281,"h":171},"frame":{"x":1658,"y":508,"w":281,"h":171}},{"filename":"buttons/dark-blue-big","rotated":false,"trimmed":false,"sourceSize":{"w":240,"h":109},"spriteSourceSize":{"x":0,"y":0,"w":240,"h":109},"frame":{"x":1025,"y":1488,"w":240,"h":109}},{"filename":"avatar/border-big","rotated":false,"trimmed":false,"sourceSize":{"w":175,"h":175},"spriteSourceSize":{"x":0,"y":0,"w":175,"h":175},"frame":{"x":1681,"y":894,"w":175,"h":175}},{"filename":"buttons/dark-blue-small","rotated":false,"trimmed":false,"sourceSize":{"w":237,"h":108},"spriteSourceSize":{"x":0,"y":0,"w":237,"h":108},"frame":{"x":1268,"y":1506,"w":237,"h":108}},{"filename":"buttons/green-big","rotated":false,"trimmed":false,"sourceSize":{"w":236,"h":108},"spriteSourceSize":{"x":0,"y":0,"w":236,"h":108},"frame":{"x":1508,"y":1506,"w":236,"h":108}},{"filename":"texts/text-tutorial","rotated":false,"trimmed":false,"sourceSize":{"w":239,"h":78},"spriteSourceSize":{"x":0,"y":0,"w":239,"h":78},"frame":{"x":1025,"y":1600,"w":239,"h":78}},{"filename":"texts/leader-board","rotated":false,"trimmed":false,"sourceSize":{"w":229,"h":77},"spriteSourceSize":{"x":0,"y":0,"w":229,"h":77},"frame":{"x":1267,"y":1617,"w":229,"h":77}},{"filename":"bg-combo","rotated":false,"trimmed":true,"sourceSize":{"w":212,"h":87},"spriteSourceSize":{"x":0,"y":9,"w":212,"h":78},"frame":{"x":1499,"y":1617,"w":212,"h":78}},{"filename":"texts/refill-lives","rotated":false,"trimmed":false,"sourceSize":{"w":232,"h":36},"spriteSourceSize":{"x":0,"y":0,"w":232,"h":36},"frame":{"x":1658,"y":682,"w":232,"h":36}},{"filename":"best-score-frame","rotated":false,"trimmed":false,"sourceSize":{"w":111,"h":152},"spriteSourceSize":{"x":0,"y":0,"w":111,"h":152},"frame":{"x":1660,"y":1269,"w":111,"h":152}},{"filename":"daily-challenge/time-panel","rotated":false,"trimmed":false,"sourceSize":{"w":170,"h":48},"spriteSourceSize":{"x":0,"y":0,"w":170,"h":48},"frame":{"x":1681,"y":1072,"w":170,"h":48}},{"filename":"avatar/border","rotated":false,"trimmed":true,"sourceSize":{"w":138,"h":144},"spriteSourceSize":{"x":0,"y":4,"w":138,"h":140},"frame":{"x":1758,"y":1123,"w":138,"h":140}},{"filename":"preloader/dual-ring","rotated":false,"trimmed":true,"sourceSize":{"w":200,"h":200},"spriteSourceSize":{"x":27,"y":26,"w":146,"h":148},"frame":{"x":1774,"y":1266,"w":146,"h":148}},{"filename":"buttons/challenge_light","rotated":false,"trimmed":false,"sourceSize":{"w":108,"h":79},"spriteSourceSize":{"x":0,"y":0,"w":108,"h":79},"frame":{"x":1691,"y":1424,"w":108,"h":79}},{"filename":"ui-ngang/text-mission","rotated":false,"trimmed":false,"sourceSize":{"w":80,"h":37},"spriteSourceSize":{"x":0,"y":0,"w":80,"h":37},"frame":{"x":724,"y":854,"w":80,"h":37}},{"filename":"icon-journey","rotated":false,"trimmed":false,"sourceSize":{"w":150,"h":122},"spriteSourceSize":{"x":0,"y":0,"w":150,"h":122},"frame":{"x":1802,"y":1417,"w":150,"h":122}},{"filename":"bg-streak","rotated":false,"trimmed":true,"sourceSize":{"w":212,"h":87},"spriteSourceSize":{"x":0,"y":9,"w":212,"h":78},"frame":{"x":1747,"y":1542,"w":212,"h":78}},{"filename":"texts/keep-playing","rotated":false,"trimmed":false,"sourceSize":{"w":201,"h":71},"spriteSourceSize":{"x":0,"y":0,"w":201,"h":71},"frame":{"x":1714,"y":1623,"w":201,"h":71}},{"filename":"texts/play-single","rotated":false,"trimmed":false,"sourceSize":{"w":208,"h":51},"spriteSourceSize":{"x":0,"y":0,"w":208,"h":51},"frame":{"x":1714,"y":1697,"w":208,"h":51}},{"filename":"avatar/border-challenge","rotated":false,"trimmed":false,"sourceSize":{"w":119,"h":118},"spriteSourceSize":{"x":0,"y":0,"w":119,"h":118},"frame":{"x":1808,"y":721,"w":119,"h":118}},{"filename":"ui-ngang/khung-best-score","rotated":false,"trimmed":false,"sourceSize":{"w":111,"h":169},"spriteSourceSize":{"x":0,"y":0,"w":111,"h":169},"frame":{"x":1859,"y":842,"w":111,"h":169}},{"filename":"buttons/minor","rotated":false,"trimmed":false,"sourceSize":{"w":124,"h":106},"spriteSourceSize":{"x":0,"y":0,"w":124,"h":106},"frame":{"x":1859,"y":1014,"w":124,"h":106}},{"filename":"avatar/background","rotated":false,"trimmed":false,"sourceSize":{"w":105,"h":107},"spriteSourceSize":{"x":0,"y":0,"w":105,"h":107},"frame":{"x":1899,"y":1123,"w":105,"h":107}},{"filename":"bg/level-locked","rotated":false,"trimmed":false,"sourceSize":{"w":101,"h":83},"spriteSourceSize":{"x":0,"y":0,"w":101,"h":83},"frame":{"x":1923,"y":1233,"w":101,"h":83}},{"filename":"bg/level-played","rotated":false,"trimmed":false,"sourceSize":{"w":100,"h":82},"spriteSourceSize":{"x":0,"y":0,"w":100,"h":82},"frame":{"x":1923,"y":1319,"w":100,"h":82}},{"filename":"ui-ngang/khung-score","rotated":false,"trimmed":false,"sourceSize":{"w":173,"h":99},"spriteSourceSize":{"x":0,"y":0,"w":173,"h":99},"frame":{"x":927,"y":1681,"w":173,"h":99}},{"filename":"texts/draw","rotated":false,"trimmed":false,"sourceSize":{"w":154,"h":69},"spriteSourceSize":{"x":0,"y":0,"w":154,"h":69},"frame":{"x":1103,"y":1681,"w":154,"h":69}},{"filename":"texts/start-over","rotated":false,"trimmed":false,"sourceSize":{"w":197,"h":51},"spriteSourceSize":{"x":0,"y":0,"w":197,"h":51},"frame":{"x":1260,"y":1697,"w":197,"h":51}},{"filename":"texts/congratulations","rotated":false,"trimmed":false,"sourceSize":{"w":189,"h":71},"spriteSourceSize":{"x":0,"y":0,"w":189,"h":71},"frame":{"x":959,"y":1783,"w":189,"h":71}},{"filename":"texts/win","rotated":false,"trimmed":false,"sourceSize":{"w":193,"h":54},"spriteSourceSize":{"x":0,"y":0,"w":193,"h":54},"frame":{"x":959,"y":1857,"w":193,"h":54}},{"filename":"buttons/toggle-off","rotated":false,"trimmed":false,"sourceSize":{"w":177,"h":61},"spriteSourceSize":{"x":0,"y":0,"w":177,"h":61},"frame":{"x":959,"y":1914,"w":177,"h":61}},{"filename":"text-target-panel","rotated":false,"trimmed":false,"sourceSize":{"w":98,"h":46},"spriteSourceSize":{"x":0,"y":0,"w":98,"h":46},"frame":{"x":959,"y":1978,"w":98,"h":46}},{"filename":"score-panel-dark","rotated":false,"trimmed":false,"sourceSize":{"w":187,"h":51},"spriteSourceSize":{"x":0,"y":0,"w":187,"h":51},"frame":{"x":1460,"y":1698,"w":187,"h":51}},{"filename":"texts/text-next-level","rotated":false,"trimmed":false,"sourceSize":{"w":183,"h":42},"spriteSourceSize":{"x":0,"y":0,"w":183,"h":42},"frame":{"x":1260,"y":1751,"w":183,"h":42}},{"filename":"buttons/toggle-on","rotated":false,"trimmed":false,"sourceSize":{"w":177,"h":61},"spriteSourceSize":{"x":0,"y":0,"w":177,"h":61},"frame":{"x":1446,"y":1752,"w":177,"h":61}},{"filename":"texts/off","rotated":false,"trimmed":false,"sourceSize":{"w":71,"h":29},"spriteSourceSize":{"x":0,"y":0,"w":71,"h":29},"frame":{"x":927,"y":1649,"w":71,"h":29}},{"filename":"blank","rotated":false,"trimmed":false,"sourceSize":{"w":100,"h":100},"spriteSourceSize":{"x":0,"y":0,"w":100,"h":100},"frame":{"x":1151,"y":1753,"w":100,"h":100}},{"filename":"texts/replay","rotated":false,"trimmed":false,"sourceSize":{"w":169,"h":48},"spriteSourceSize":{"x":0,"y":0,"w":169,"h":48},"frame":{"x":1254,"y":1796,"w":169,"h":48}},{"filename":"texts/text-ranking","rotated":false,"trimmed":false,"sourceSize":{"w":161,"h":38},"spriteSourceSize":{"x":0,"y":0,"w":161,"h":38},"frame":{"x":1426,"y":1816,"w":161,"h":38}},{"filename":"buttons/circle-button","rotated":false,"trimmed":false,"sourceSize":{"w":55,"h":55},"spriteSourceSize":{"x":0,"y":0,"w":55,"h":55},"frame":{"x":1969,"y":2,"w":55,"h":55}},{"filename":"ui-ngang/text-next-block","rotated":false,"trimmed":false,"sourceSize":{"w":161,"h":36},"spriteSourceSize":{"x":0,"y":0,"w":161,"h":36},"frame":{"x":1254,"y":1847,"w":161,"h":36}},{"filename":"texts/collect","rotated":false,"trimmed":false,"sourceSize":{"w":156,"h":45},"spriteSourceSize":{"x":0,"y":0,"w":156,"h":45},"frame":{"x":1418,"y":1857,"w":156,"h":45}},{"filename":"icons/crown-big","rotated":false,"trimmed":false,"sourceSize":{"w":74,"h":70},"spriteSourceSize":{"x":0,"y":0,"w":74,"h":70},"frame":{"x":1942,"y":508,"w":74,"h":70}},{"filename":"buttons/close","rotated":false,"trimmed":false,"sourceSize":{"w":71,"h":71},"spriteSourceSize":{"x":0,"y":0,"w":71,"h":71},"frame":{"x":1942,"y":581,"w":71,"h":71}},{"filename":"icons/vibrate","rotated":false,"trimmed":false,"sourceSize":{"w":62,"h":73},"spriteSourceSize":{"x":0,"y":0,"w":62,"h":73},"frame":{"x":1962,"y":1404,"w":62,"h":73}},{"filename":"texts/play-with-blue","rotated":false,"trimmed":false,"sourceSize":{"w":115,"h":18},"spriteSourceSize":{"x":0,"y":0,"w":115,"h":18},"frame":{"x":2,"y":2001,"w":115,"h":18}},{"filename":"texts/text-journey","rotated":false,"trimmed":false,"sourceSize":{"w":93,"h":36},"spriteSourceSize":{"x":0,"y":0,"w":93,"h":36},"frame":{"x":807,"y":854,"w":93,"h":36}},{"filename":"icons/icon-journey","rotated":false,"trimmed":false,"sourceSize":{"w":73,"h":62},"spriteSourceSize":{"x":0,"y":0,"w":73,"h":62},"frame":{"x":1155,"y":1856,"w":73,"h":62}},{"filename":"texts/result","rotated":false,"trimmed":false,"sourceSize":{"w":148,"h":50},"spriteSourceSize":{"x":0,"y":0,"w":148,"h":50},"frame":{"x":1231,"y":1886,"w":148,"h":50}},{"filename":"buttons/play","rotated":false,"trimmed":false,"sourceSize":{"w":112,"h":85},"spriteSourceSize":{"x":0,"y":0,"w":112,"h":85},"frame":{"x":1139,"y":1939,"w":112,"h":85}},{"filename":"buttons/random","rotated":false,"trimmed":false,"sourceSize":{"w":112,"h":85},"spriteSourceSize":{"x":0,"y":0,"w":112,"h":85},"frame":{"x":1254,"y":1939,"w":112,"h":85}},{"filename":"texts/no-thank","rotated":false,"trimmed":false,"sourceSize":{"w":142,"h":34},"spriteSourceSize":{"x":0,"y":0,"w":142,"h":34},"frame":{"x":1382,"y":1905,"w":142,"h":34}},{"filename":"buttons/skip","rotated":false,"trimmed":false,"sourceSize":{"w":120,"h":71},"spriteSourceSize":{"x":0,"y":0,"w":120,"h":71},"frame":{"x":1369,"y":1942,"w":120,"h":71}},{"filename":"leaderboards/tab-off","rotated":false,"trimmed":false,"sourceSize":{"w":113,"h":36},"spriteSourceSize":{"x":0,"y":0,"w":113,"h":36},"frame":{"x":1893,"y":682,"w":113,"h":36}},{"filename":"icons/dot","rotated":false,"trimmed":false,"sourceSize":{"w":68,"h":70},"spriteSourceSize":{"x":0,"y":0,"w":68,"h":70},"frame":{"x":1930,"y":721,"w":68,"h":70}},{"filename":"icons/sound","rotated":false,"trimmed":false,"sourceSize":{"w":62,"h":54},"spriteSourceSize":{"x":0,"y":0,"w":62,"h":54},"frame":{"x":1962,"y":1480,"w":62,"h":54}},{"filename":"texts/world-disable","rotated":false,"trimmed":false,"sourceSize":{"w":71,"h":44},"spriteSourceSize":{"x":0,"y":0,"w":71,"h":44},"frame":{"x":1060,"y":1978,"w":71,"h":44}},{"filename":"icons/music","rotated":false,"trimmed":false,"sourceSize":{"w":56,"h":61},"spriteSourceSize":{"x":0,"y":0,"w":56,"h":61},"frame":{"x":1962,"y":1537,"w":56,"h":61}},{"filename":"texts/world","rotated":false,"trimmed":false,"sourceSize":{"w":71,"h":44},"spriteSourceSize":{"x":0,"y":0,"w":71,"h":44},"frame":{"x":1930,"y":794,"w":71,"h":44}},{"filename":"icons/rank","rotated":false,"trimmed":false,"sourceSize":{"w":51,"h":49},"spriteSourceSize":{"x":0,"y":0,"w":51,"h":49},"frame":{"x":1973,"y":841,"w":51,"h":49}},{"filename":"texts/no","rotated":false,"trimmed":false,"sourceSize":{"w":51,"h":42},"spriteSourceSize":{"x":0,"y":0,"w":51,"h":42},"frame":{"x":1973,"y":893,"w":51,"h":42}},{"filename":"icons/icon-daily","rotated":false,"trimmed":false,"sourceSize":{"w":67,"h":67},"spriteSourceSize":{"x":0,"y":0,"w":67,"h":67},"frame":{"x":1918,"y":1623,"w":67,"h":67}},{"filename":"buttons/dot-blue","rotated":false,"trimmed":false,"sourceSize":{"w":56,"h":54},"spriteSourceSize":{"x":0,"y":0,"w":56,"h":54},"frame":{"x":1650,"y":1698,"w":56,"h":54}},{"filename":"texts/target-score","rotated":false,"trimmed":false,"sourceSize":{"w":141,"h":36},"spriteSourceSize":{"x":0,"y":0,"w":141,"h":36},"frame":{"x":1709,"y":1751,"w":141,"h":36}},{"filename":"buttons/dot-green","rotated":false,"trimmed":false,"sourceSize":{"w":56,"h":54},"spriteSourceSize":{"x":0,"y":0,"w":56,"h":54},"frame":{"x":1925,"y":1693,"w":56,"h":54}},{"filename":"bg/level-playing","rotated":false,"trimmed":false,"sourceSize":{"w":113,"h":94},"spriteSourceSize":{"x":0,"y":0,"w":113,"h":94},"frame":{"x":1853,"y":1751,"w":113,"h":94}},{"filename":"icons/share","rotated":false,"trimmed":false,"sourceSize":{"w":36,"h":47},"spriteSourceSize":{"x":0,"y":0,"w":36,"h":47},"frame":{"x":1988,"y":1601,"w":36,"h":47}},{"filename":"icons/retry","rotated":false,"trimmed":false,"sourceSize":{"w":50,"h":53},"spriteSourceSize":{"x":0,"y":0,"w":50,"h":53},"frame":{"x":1969,"y":60,"w":50,"h":53}},{"filename":"buttons/share","rotated":false,"trimmed":false,"sourceSize":{"w":108,"h":79},"spriteSourceSize":{"x":0,"y":0,"w":108,"h":79},"frame":{"x":1492,"y":1942,"w":108,"h":79}},{"filename":"icons/replay","rotated":false,"trimmed":false,"sourceSize":{"w":40,"h":47},"spriteSourceSize":{"x":0,"y":0,"w":40,"h":47},"frame":{"x":1984,"y":1693,"w":40,"h":47}},{"filename":"icons/i-play","rotated":false,"trimmed":false,"sourceSize":{"w":31,"h":39},"spriteSourceSize":{"x":0,"y":0,"w":31,"h":39},"frame":{"x":1988,"y":1651,"w":31,"h":39}},{"filename":"icons/play-green","rotated":false,"trimmed":false,"sourceSize":{"w":47,"h":47},"spriteSourceSize":{"x":0,"y":0,"w":47,"h":47},"frame":{"x":1973,"y":938,"w":47,"h":47}},{"filename":"icons/play","rotated":false,"trimmed":false,"sourceSize":{"w":47,"h":47},"spriteSourceSize":{"x":0,"y":0,"w":47,"h":47},"frame":{"x":1969,"y":116,"w":47,"h":47}},{"filename":"icons/crown","rotated":false,"trimmed":false,"sourceSize":{"w":31,"h":27},"spriteSourceSize":{"x":0,"y":0,"w":31,"h":27},"frame":{"x":1103,"y":1753,"w":31,"h":27}},{"filename":"icons/home","rotated":false,"trimmed":false,"sourceSize":{"w":47,"h":43},"spriteSourceSize":{"x":0,"y":0,"w":47,"h":43},"frame":{"x":1969,"y":166,"w":47,"h":43}},{"filename":"icons/flat-ad","rotated":false,"trimmed":false,"sourceSize":{"w":47,"h":41},"spriteSourceSize":{"x":0,"y":0,"w":47,"h":41},"frame":{"x":1969,"y":212,"w":47,"h":41}},{"filename":"texts/friends-disable","rotated":false,"trimmed":false,"sourceSize":{"w":67,"h":44},"spriteSourceSize":{"x":0,"y":0,"w":67,"h":44},"frame":{"x":1626,"y":1755,"w":67,"h":44}},{"filename":"texts/setting","rotated":false,"trimmed":false,"sourceSize":{"w":129,"h":62},"spriteSourceSize":{"x":0,"y":0,"w":129,"h":62},"frame":{"x":1696,"y":1790,"w":129,"h":62}},{"filename":"texts/friends","rotated":false,"trimmed":false,"sourceSize":{"w":67,"h":44},"spriteSourceSize":{"x":0,"y":0,"w":67,"h":44},"frame":{"x":1626,"y":1802,"w":67,"h":44}},{"filename":"texts/continue","rotated":false,"trimmed":false,"sourceSize":{"w":129,"h":42},"spriteSourceSize":{"x":0,"y":0,"w":129,"h":42},"frame":{"x":1828,"y":1848,"w":129,"h":42}},{"filename":"texts/on","rotated":false,"trimmed":false,"sourceSize":{"w":83,"h":32},"spriteSourceSize":{"x":0,"y":0,"w":83,"h":32},"frame":{"x":1527,"y":1905,"w":83,"h":32}},{"filename":"icons/share-blue","rotated":false,"trimmed":false,"sourceSize":{"w":32,"h":43},"spriteSourceSize":{"x":0,"y":0,"w":32,"h":43},"frame":{"x":1590,"y":1816,"w":32,"h":43}},{"filename":"icons/white-journey","rotated":false,"trimmed":false,"sourceSize":{"w":42,"h":40},"spriteSourceSize":{"x":0,"y":0,"w":42,"h":40},"frame":{"x":1577,"y":1862,"w":42,"h":40}},{"filename":"ui-ngang/text-score","rotated":false,"trimmed":false,"sourceSize":{"w":68,"h":38},"spriteSourceSize":{"x":0,"y":0,"w":68,"h":38},"frame":{"x":1625,"y":1849,"w":68,"h":38}},{"filename":"texts/mission","rotated":false,"trimmed":false,"sourceSize":{"w":124,"h":57},"spriteSourceSize":{"x":0,"y":0,"w":124,"h":57},"frame":{"x":1696,"y":1855,"w":124,"h":57}},{"filename":"texts/text-share","rotated":false,"trimmed":false,"sourceSize":{"w":124,"h":41},"spriteSourceSize":{"x":0,"y":0,"w":124,"h":41},"frame":{"x":1823,"y":1893,"w":124,"h":41}},{"filename":"texts/play","rotated":false,"trimmed":false,"sourceSize":{"w":57,"h":38},"spriteSourceSize":{"x":0,"y":0,"w":57,"h":38},"frame":{"x":1622,"y":1890,"w":57,"h":38}},{"filename":"leaderboards/tab-on","rotated":false,"trimmed":false,"sourceSize":{"w":113,"h":36},"spriteSourceSize":{"x":0,"y":0,"w":113,"h":36},"frame":{"x":1682,"y":1915,"w":113,"h":36}},{"filename":"texts/start","rotated":false,"trimmed":false,"sourceSize":{"w":107,"h":53},"spriteSourceSize":{"x":0,"y":0,"w":107,"h":53},"frame":{"x":1798,"y":1937,"w":107,"h":53}},{"filename":"texts/yes","rotated":false,"trimmed":false,"sourceSize":{"w":39,"h":48},"spriteSourceSize":{"x":0,"y":0,"w":39,"h":48},"frame":{"x":1908,"y":1937,"w":39,"h":48}},{"filename":"icons/cup-bronze","rotated":false,"trimmed":false,"sourceSize":{"w":43,"h":36},"spriteSourceSize":{"x":0,"y":0,"w":43,"h":36},"frame":{"x":1908,"y":1988,"w":43,"h":36}},{"filename":"icons/sword-blue","rotated":false,"trimmed":false,"sourceSize":{"w":35,"h":31},"spriteSourceSize":{"x":0,"y":0,"w":35,"h":31},"frame":{"x":1747,"y":1506,"w":35,"h":31}},{"filename":"icons/plus","rotated":false,"trimmed":false,"sourceSize":{"w":42,"h":44},"spriteSourceSize":{"x":0,"y":0,"w":42,"h":44},"frame":{"x":1969,"y":1750,"w":42,"h":44}},{"filename":"icons/brown-journey","rotated":false,"trimmed":false,"sourceSize":{"w":45,"h":42},"spriteSourceSize":{"x":0,"y":0,"w":45,"h":42},"frame":{"x":1969,"y":1797,"w":45,"h":42}},{"filename":"icons/back","rotated":false,"trimmed":false,"sourceSize":{"w":50,"h":38},"spriteSourceSize":{"x":0,"y":0,"w":50,"h":38},"frame":{"x":1969,"y":1842,"w":50,"h":38}},{"filename":"icons/battle","rotated":false,"trimmed":false,"sourceSize":{"w":44,"h":41},"spriteSourceSize":{"x":0,"y":0,"w":44,"h":41},"frame":{"x":1950,"y":1893,"w":44,"h":41}},{"filename":"icons/setting","rotated":false,"trimmed":false,"sourceSize":{"w":42,"h":41},"spriteSourceSize":{"x":0,"y":0,"w":42,"h":41},"frame":{"x":1950,"y":1937,"w":42,"h":41}},{"filename":"icons/sword","rotated":false,"trimmed":false,"sourceSize":{"w":46,"h":38},"spriteSourceSize":{"x":0,"y":0,"w":46,"h":38},"frame":{"x":1954,"y":1981,"w":46,"h":38}},{"filename":"icons/clock","rotated":false,"trimmed":false,"sourceSize":{"w":34,"h":35},"spriteSourceSize":{"x":0,"y":0,"w":34,"h":35},"frame":{"x":1986,"y":988,"w":34,"h":35}},{"filename":"icons/cup-gold","rotated":false,"trimmed":false,"sourceSize":{"w":43,"h":36},"spriteSourceSize":{"x":0,"y":0,"w":43,"h":36},"frame":{"x":1603,"y":1940,"w":43,"h":36}},{"filename":"icons/cup-silver","rotated":false,"trimmed":false,"sourceSize":{"w":43,"h":36},"spriteSourceSize":{"x":0,"y":0,"w":43,"h":36},"frame":{"x":1603,"y":1979,"w":43,"h":36}},{"filename":"texts/vs","rotated":false,"trimmed":false,"sourceSize":{"w":75,"h":25},"spriteSourceSize":{"x":0,"y":0,"w":75,"h":25},"frame":{"x":1649,"y":1954,"w":75,"h":25}},{"filename":"icons/check","rotated":false,"trimmed":false,"sourceSize":{"w":44,"h":35},"spriteSourceSize":{"x":0,"y":0,"w":44,"h":35},"frame":{"x":1649,"y":1982,"w":44,"h":35}}]},{"image":"default-resources-1.png","format":"RGBA8888","size":{"w":1299,"h":1299},"scale":1,"frames":[{"filename":"leaderboards/bg-top","rotated":false,"trimmed":false,"sourceSize":{"w":949,"h":168},"spriteSourceSize":{"x":0,"y":0,"w":949,"h":168},"frame":{"x":2,"y":2,"w":949,"h":168}},{"filename":"buttons/green","rotated":false,"trimmed":false,"sourceSize":{"w":343,"h":102},"spriteSourceSize":{"x":0,"y":0,"w":343,"h":102},"frame":{"x":954,"y":2,"w":343,"h":102}},{"filename":"texts/daily-challenge","rotated":false,"trimmed":false,"sourceSize":{"w":343,"h":82},"spriteSourceSize":{"x":0,"y":0,"w":343,"h":82},"frame":{"x":954,"y":107,"w":343,"h":82}},{"filename":"leaderboards/bg-bottom","rotated":false,"trimmed":false,"sourceSize":{"w":949,"h":67},"spriteSourceSize":{"x":0,"y":0,"w":949,"h":67},"frame":{"x":2,"y":173,"w":949,"h":67}},{"filename":"texts/invite-friends","rotated":false,"trimmed":false,"sourceSize":{"w":337,"h":52},"spriteSourceSize":{"x":0,"y":0,"w":337,"h":52},"frame":{"x":954,"y":192,"w":337,"h":52}},{"filename":"bg/bg-top-2","rotated":false,"trimmed":false,"sourceSize":{"w":900,"h":112},"spriteSourceSize":{"x":0,"y":0,"w":900,"h":112},"frame":{"x":2,"y":243,"w":900,"h":112}},{"filename":"texts/first-milestone","rotated":false,"trimmed":false,"sourceSize":{"w":387,"h":77},"spriteSourceSize":{"x":0,"y":0,"w":387,"h":77},"frame":{"x":905,"y":247,"w":387,"h":77}},{"filename":"buttons/dark-blue","rotated":false,"trimmed":false,"sourceSize":{"w":365,"h":107},"spriteSourceSize":{"x":0,"y":0,"w":365,"h":107},"frame":{"x":905,"y":327,"w":365,"h":107}},{"filename":"border-bottom-panel","rotated":false,"trimmed":false,"sourceSize":{"w":750,"h":36},"spriteSourceSize":{"x":0,"y":0,"w":750,"h":36},"frame":{"x":2,"y":358,"w":750,"h":36}},{"filename":"ui-ngang/bg-bottom","rotated":false,"trimmed":false,"sourceSize":{"w":719,"h":175},"spriteSourceSize":{"x":0,"y":0,"w":719,"h":175},"frame":{"x":2,"y":397,"w":719,"h":175}},{"filename":"leaf","rotated":false,"trimmed":false,"sourceSize":{"w":563,"h":132},"spriteSourceSize":{"x":0,"y":0,"w":563,"h":132},"frame":{"x":724,"y":437,"w":563,"h":132}},{"filename":"score-panel","rotated":false,"trimmed":false,"sourceSize":{"w":526,"h":152},"spriteSourceSize":{"x":0,"y":0,"w":526,"h":152},"frame":{"x":724,"y":572,"w":526,"h":152}},{"filename":"bg/bg-top","rotated":false,"trimmed":false,"sourceSize":{"w":719,"h":111},"spriteSourceSize":{"x":0,"y":0,"w":719,"h":111},"frame":{"x":2,"y":575,"w":719,"h":111}},{"filename":"daily-challenge/bottom-panel","rotated":false,"trimmed":false,"sourceSize":{"w":521,"h":30},"spriteSourceSize":{"x":0,"y":0,"w":521,"h":30},"frame":{"x":2,"y":689,"w":521,"h":30}},{"filename":"daily-challenge/top-panel","rotated":false,"trimmed":false,"sourceSize":{"w":521,"h":30},"spriteSourceSize":{"x":0,"y":0,"w":521,"h":30},"frame":{"x":2,"y":722,"w":521,"h":30}},{"filename":"daily-challenge/middle-panel","rotated":false,"trimmed":false,"sourceSize":{"w":521,"h":26},"spriteSourceSize":{"x":0,"y":0,"w":521,"h":26},"frame":{"x":526,"y":727,"w":521,"h":26}},{"filename":"border-daily","rotated":false,"trimmed":false,"sourceSize":{"w":518,"h":51},"spriteSourceSize":{"x":0,"y":0,"w":518,"h":51},"frame":{"x":2,"y":755,"w":518,"h":51}},{"filename":"texts/level-failed","rotated":false,"trimmed":false,"sourceSize":{"w":239,"h":45},"spriteSourceSize":{"x":0,"y":0,"w":239,"h":45},"frame":{"x":1050,"y":727,"w":239,"h":45}},{"filename":"daily-challenge/bg-item-dark","rotated":false,"trimmed":false,"sourceSize":{"w":508,"h":81},"spriteSourceSize":{"x":0,"y":0,"w":508,"h":81},"frame":{"x":523,"y":756,"w":508,"h":81}},{"filename":"texts/lose","rotated":false,"trimmed":false,"sourceSize":{"w":257,"h":50},"spriteSourceSize":{"x":0,"y":0,"w":257,"h":50},"frame":{"x":1034,"y":775,"w":257,"h":50}},{"filename":"daily-challenge/bg-item-light","rotated":false,"trimmed":false,"sourceSize":{"w":508,"h":81},"spriteSourceSize":{"x":0,"y":0,"w":508,"h":81},"frame":{"x":2,"y":809,"w":508,"h":81}},{"filename":"leaderboards/bg-item-0","rotated":false,"trimmed":false,"sourceSize":{"w":232,"h":46},"spriteSourceSize":{"x":0,"y":0,"w":232,"h":46},"frame":{"x":1034,"y":828,"w":232,"h":46}},{"filename":"buttons/brown","rotated":false,"trimmed":false,"sourceSize":{"w":483,"h":108},"spriteSourceSize":{"x":0,"y":0,"w":483,"h":108},"frame":{"x":513,"y":840,"w":483,"h":108}},{"filename":"daily-challenge/title-panel","rotated":false,"trimmed":false,"sourceSize":{"w":282,"h":69},"spriteSourceSize":{"x":0,"y":0,"w":282,"h":69},"frame":{"x":999,"y":877,"w":282,"h":69}},{"filename":"texts/waiting-for-opponent","rotated":false,"trimmed":false,"sourceSize":{"w":461,"h":52},"spriteSourceSize":{"x":0,"y":0,"w":461,"h":52},"frame":{"x":2,"y":893,"w":461,"h":52}},{"filename":"texts/second-chance","rotated":false,"trimmed":false,"sourceSize":{"w":452,"h":82},"spriteSourceSize":{"x":0,"y":0,"w":452,"h":82},"frame":{"x":2,"y":948,"w":452,"h":82}},{"filename":"leaderboards/bg-item-1","rotated":false,"trimmed":false,"sourceSize":{"w":232,"h":46},"spriteSourceSize":{"x":0,"y":0,"w":232,"h":46},"frame":{"x":999,"y":949,"w":232,"h":46}},{"filename":"popup/top-dark","rotated":false,"trimmed":false,"sourceSize":{"w":431,"h":89},"spriteSourceSize":{"x":0,"y":0,"w":431,"h":89},"frame":{"x":457,"y":951,"w":431,"h":89}},{"filename":"texts/next-milestone","rotated":false,"trimmed":false,"sourceSize":{"w":403,"h":77},"spriteSourceSize":{"x":0,"y":0,"w":403,"h":77},"frame":{"x":891,"y":998,"w":403,"h":77}},{"filename":"popup/top","rotated":false,"trimmed":false,"sourceSize":{"w":431,"h":89},"spriteSourceSize":{"x":0,"y":0,"w":431,"h":89},"frame":{"x":2,"y":1033,"w":431,"h":89}},{"filename":"popup/bottom","rotated":false,"trimmed":false,"sourceSize":{"w":431,"h":27},"spriteSourceSize":{"x":0,"y":0,"w":431,"h":27},"frame":{"x":436,"y":1043,"w":431,"h":27}},{"filename":"lives/time-block-2","rotated":false,"trimmed":false,"sourceSize":{"w":363,"h":108},"spriteSourceSize":{"x":0,"y":0,"w":363,"h":108},"frame":{"x":2,"y":1125,"w":363,"h":108}},{"filename":"leaderboards/bg-item","rotated":false,"trimmed":false,"sourceSize":{"w":317,"h":61},"spriteSourceSize":{"x":0,"y":0,"w":317,"h":61},"frame":{"x":2,"y":1236,"w":317,"h":61}},{"filename":"wood-panel","rotated":false,"trimmed":false,"sourceSize":{"w":301,"h":56},"spriteSourceSize":{"x":0,"y":0,"w":301,"h":56},"frame":{"x":322,"y":1236,"w":301,"h":56}},{"filename":"popup/score-panel","rotated":false,"trimmed":false,"sourceSize":{"w":299,"h":92},"spriteSourceSize":{"x":0,"y":0,"w":299,"h":92},"frame":{"x":368,"y":1125,"w":299,"h":92}},{"filename":"texts/your-score","rotated":false,"trimmed":false,"sourceSize":{"w":299,"h":77},"spriteSourceSize":{"x":0,"y":0,"w":299,"h":77},"frame":{"x":626,"y":1220,"w":299,"h":77}},{"filename":"texts/text-retry","rotated":false,"trimmed":false,"sourceSize":{"w":223,"h":45},"spriteSourceSize":{"x":0,"y":0,"w":223,"h":45},"frame":{"x":436,"y":1073,"w":223,"h":45}},{"filename":"lives/time-block","rotated":false,"trimmed":false,"sourceSize":{"w":346,"h":87},"spriteSourceSize":{"x":0,"y":0,"w":346,"h":87},"frame":{"x":928,"y":1078,"w":346,"h":87}},{"filename":"texts/play-with","rotated":false,"trimmed":false,"sourceSize":{"w":322,"h":55},"spriteSourceSize":{"x":0,"y":0,"w":322,"h":55},"frame":{"x":928,"y":1168,"w":322,"h":55}}]}],"meta":{"app":"https://www.codeandweb.com/texturepacker","version":"3.0","smartupdate":"$TexturePacker:SmartUpdate:3531ef5980eb5780db18d9dc84365cb6:d36243e7cc60dd3f19b866dd2944da9e:3e7944c06d121c41a747bba57afe2e59$"}}