[1,["123c320e8@6c48a"],["_textureSource"],["cc.SpriteFrame"],0,[[[{"name":"text-overcome-br","rect":{"x":3,"y":3,"width":416,"height":95},"offset":{"x":0,"y":0},"originalSize":{"width":416,"height":95},"rotated":true,"capInsets":[0,0,0,0],"packable":true,"pixelsToUnit":100,"pivot":{"x":0.5,"y":0.5},"meshType":0}],[0],0,[0],[0],[0]],[[{"name":"text-overcome-en","rect":{"x":3,"y":425,"width":478,"height":84},"offset":{"x":0,"y":0},"originalSize":{"width":478,"height":84},"rotated":true,"capInsets":[0,0,0,0],"packable":true,"pixelsToUnit":100,"pivot":{"x":0.5,"y":0.5},"meshType":0}],[0],0,[0],[0],[0]]]]
