[1,["1295c85b0@6c48a"],["_textureSource"],["cc.SpriteFrame"],0,[[[{"name":"glow","rect":{"x":3,"y":3,"width":582,"height":564},"offset":{"x":0,"y":0},"originalSize":{"width":582,"height":564},"rotated":false,"capInsets":[0,0,0,0],"packable":true,"pixelsToUnit":100,"pivot":{"x":0.5,"y":0.5},"meshType":0}],[0],0,[0],[0],[0]],[[{"name":"gift-opened","rect":{"x":591,"y":3,"width":407,"height":536},"offset":{"x":0,"y":0},"originalSize":{"width":407,"height":536},"rotated":false,"capInsets":[0,0,0,0],"packable":true,"pixelsToUnit":100,"pivot":{"x":0.5,"y":0.5},"meshType":0}],[0],0,[0],[0],[0]],[[{"name":"item-square-glow","rect":{"x":3,"y":573,"width":330,"height":330},"offset":{"x":0,"y":0},"originalSize":{"width":330,"height":330},"rotated":false,"capInsets":[0,0,0,0],"packable":true,"pixelsToUnit":100,"pivot":{"x":0.5,"y":0.5},"meshType":0}],[0],0,[0],[0],[0]],[[{"name":"item-glow","rect":{"x":591,"y":545,"width":387,"height":374},"offset":{"x":0,"y":0},"originalSize":{"width":387,"height":374},"rotated":false,"capInsets":[0,0,0,0],"packable":true,"pixelsToUnit":100,"pivot":{"x":0.5,"y":0.5},"meshType":0}],[0],0,[0],[0],[0]]]]
