[1,["12b46265e@6c48a"],["_textureSource"],["cc.SpriteFrame"],0,[[[{"name":"bebas","rect":{"x":3,"y":3,"width":499,"height":505},"offset":{"x":-4.5,"y":1.5},"originalSize":{"width":512,"height":512},"rotated":true,"capInsets":[0,0,0,0],"packable":true,"pixelsToUnit":100,"pivot":{"x":0.5,"y":0.5},"meshType":0}],[0],0,[0],[0],[0]],[[{"name":"numbers","rect":{"x":249,"y":722,"width":149,"height":155},"offset":{"x":0,"y":0},"originalSize":{"width":151,"height":157},"rotated":false,"capInsets":[0,0,0,0],"packable":true,"pixelsToUnit":100,"pivot":{"x":0.5,"y":0.5},"meshType":0}],[0],0,[0],[0],[0]],[[{"name":"GloryBold","rect":{"x":3,"y":508,"width":240,"height":240},"offset":{"x":0,"y":0},"originalSize":{"width":242,"height":242},"rotated":false,"capInsets":[0,0,0,0],"packable":true,"pixelsToUnit":100,"pivot":{"x":0.5,"y":0.5},"meshType":0}],[0],0,[0],[0],[0]],[[{"name":"numbers-orange","rect":{"x":249,"y":508,"width":208,"height":219},"offset":{"x":0,"y":0},"originalSize":{"width":208,"height":219},"rotated":true,"capInsets":[0,0,0,0],"packable":true,"pixelsToUnit":100,"pivot":{"x":0.5,"y":0.5},"meshType":0}],[0],0,[0],[0],[0]]]]
