{"skeleton":{"hash":"Gz2RjkyF3uRgASVjc+Y+cnavO9I","spine":"3.8.99","x":-158.19,"y":-14.17,"width":271.64,"height":156.04,"images":"./images/","audio":"D:/WORK/SUNDATA/MERGE MASTER/ANIMATION/Dinosaurs/lv05_Stegosaurus/project_Spine3_8"},"bones":[{"name":"root"},{"name":"[ORANGE] SKELETON CONTROL","parent":"root","scaleX":0.3532,"scaleY":0.3532,"color":"ff7201ff"},{"name":"body","parent":"[ORANGE] SKELETON CONTROL","x":-41.78,"y":164.74},{"name":"body2","parent":"body","length":77.51,"rotation":-12.43,"x":16.49,"y":-1.15},{"name":"body3","parent":"body2","length":59.87,"rotation":22.18,"x":77.51},{"name":"body4","parent":"body3","length":50.18,"rotation":27.53,"x":59.87},{"name":"body5","parent":"body4","length":66.52,"rotation":16.47,"x":50.18},{"name":"head","parent":"body5","length":108.67,"rotation":-46.82,"x":68.62,"y":0.16},{"name":"mouth","parent":"head","length":104.36,"rotation":-8.89,"x":6.62,"y":-34.43},{"name":"body6","parent":"body5","length":28.26,"rotation":101.31,"x":47.02,"y":31.62},{"name":"hair_2","parent":"body5","length":38.85,"rotation":77.52,"x":72.66,"y":31.94},{"name":"hair_1","parent":"head","length":33.76,"rotation":125.21,"x":12.58,"y":39.3},{"name":"body7","parent":"body","length":66.74,"rotation":-162.86,"x":-9.59,"y":-0.06},{"name":"body8","parent":"body7","length":55.81,"rotation":12.98,"x":66.74},{"name":"body9","parent":"body8","length":49.87,"rotation":-5.4,"x":55.81},{"name":"body10","parent":"body9","length":43.23,"rotation":-9.54,"x":49.87},{"name":"body11","parent":"body10","length":39.56,"rotation":-9.13,"x":43.23},{"name":"body12","parent":"body11","length":45.36,"rotation":-9.07,"x":39.56},{"name":"body13","parent":"body12","length":51.91,"rotation":-9.59,"x":45.36},{"name":"leg_1","parent":"body7","length":59.93,"rotation":72.86,"x":25.33,"y":11.79},{"name":"leg_3","parent":"leg_1","length":89.38,"rotation":-29.26,"x":60.65,"y":-1.44},{"name":"leg_4","parent":"[ORANGE] SKELETON CONTROL","length":39.4,"rotation":-13.78,"x":-117.22,"y":7.33,"color":"ff3f00ff"},{"name":"leg_5","parent":"body","length":66.73,"rotation":-81.91,"x":22.03,"y":-9.76},{"name":"leg_6","parent":"leg_5","length":72.2,"rotation":-36.45,"x":66.73},{"name":"leg_7","parent":"[ORANGE] SKELETON CONTROL","length":31.35,"rotation":-14.68,"x":-44.66,"y":25.38,"color":"ff3f00ff"},{"name":"leg_8","parent":"body2","length":58.87,"rotation":-86.74,"x":81.91,"y":-19.84},{"name":"leg_10","parent":"leg_8","length":59.65,"rotation":24.98,"x":59.53,"y":0.47},{"name":"leg_11","parent":"[ORANGE] SKELETON CONTROL","length":27.76,"rotation":-12.77,"x":57.66,"y":10.34,"color":"ff3f00ff"},{"name":"leg_9","parent":"body3","length":57.42,"rotation":-110.98,"x":45.51,"y":-14.4},{"name":"leg_13","parent":"leg_9","length":52.36,"rotation":24.8,"x":57.77,"y":0.07},{"name":"leg_14","parent":"[ORANGE] SKELETON CONTROL","length":32.07,"rotation":-11.69,"x":98.78,"y":32.83,"color":"ff3f00ff"},{"name":"Shadow","parent":"[ORANGE] SKELETON CONTROL","x":-15.2,"y":5.58,"scaleX":1.9147,"scaleY":1.45,"color":"1a1a77ff"}],"slots":[{"name":"shadow","bone":"Shadow","attachment":"shadow"},{"name":"hair_9","bone":"[ORANGE] SKELETON CONTROL","attachment":"hair_9"},{"name":"hair_8","bone":"body2","attachment":"hair_8"},{"name":"hair_7","bone":"body7","attachment":"hair_7"},{"name":"hair_6","bone":"body","attachment":"hair_6"},{"name":"hair_5","bone":"body3","attachment":"hair_5"},{"name":"hair_4","bone":"body8","attachment":"hair_4"},{"name":"leg_7","bone":"leg_13","attachment":"leg_7"},{"name":"leg_6","bone":"leg_9","attachment":"leg_6"},{"name":"leg_5","bone":"leg_5","attachment":"leg_5"},{"name":"hair_3","bone":"body6","attachment":"hair_3"},{"name":"body1","bone":"[ORANGE] SKELETON CONTROL","attachment":"body1"},{"name":"leg_4","bone":"leg_10","attachment":"leg_4"},{"name":"leg_3","bone":"leg_8","attachment":"leg_3"},{"name":"leg_2","bone":"leg_3","attachment":"leg_2"},{"name":"leg_1","bone":"leg_1","attachment":"leg_1"},{"name":"tail","bone":"[ORANGE] SKELETON CONTROL","attachment":"tail"},{"name":"hair_2","bone":"hair_2","attachment":"hair_2"},{"name":"hair_1","bone":"hair_1","attachment":"hair_1"},{"name":"head","bone":"head","attachment":"head"},{"name":"mouth","bone":"mouth","attachment":"mouth"},{"name":"eye_close","bone":"head"},{"name":"lv05_Stegosaurus_1x1_2","bone":"root"}],"ik":[{"name":"leg_4","bones":["leg_1","leg_3"],"target":"leg_4","bendPositive":false},{"name":"leg_7","order":1,"bones":["leg_5","leg_6"],"target":"leg_7","bendPositive":false},{"name":"leg_11","order":2,"bones":["leg_8","leg_10"],"target":"leg_11"},{"name":"leg_14","order":3,"bones":["leg_9","leg_13"],"target":"leg_14"}],"skins":[{"name":"default","attachments":{"body1":{"body1":{"type":"mesh","uvs":[0.82406,0.08748,0.88185,0.04775,0.92303,0.04981,0.96791,0.08927,1,0.17328,1,0.26677,0.97758,0.33963,0.92171,0.42502,0.88444,0.47374,0.8372,0.55166,0.7949,0.62144,0.74371,0.68231,0.6866,0.75022,0.62148,0.83237,0.55273,0.87914,0.35926,0.93675,0.25774,0.93424,0.18754,0.90748,0.10743,0.87695,0.05469,0.85684,0.00068,0.75571,0,0.71463,0,0.61181,0.02252,0.51933,0.05276,0.44534,0.09064,0.36753,0.12488,0.31015,0.16447,0.24379,0.21794,0.18172,0.28844,0.13279,0.36847,0.136,0.44358,0.16553,0.49743,0.20499,0.55133,0.26954,0.60685,0.33139,0.65177,0.3657,0.69378,0.3946,0.71711,0.36595,0.74465,0.32123,0.76913,0.2508,0.78827,0.16435,0.45463,0.90827,0.15652,0.59684,0.25283,0.56322,0.35032,0.54641,0.37146,0.54431,0.48187,0.55271,0.62046,0.55061,0.73974,0.51574],"triangles":[8,9,38,7,8,39,8,38,39,39,40,7,7,40,6,6,40,0,3,6,2,2,6,1,0,1,6,6,3,5,3,4,5,47,48,11,11,48,10,10,48,9,47,36,48,36,37,48,9,48,38,48,37,38,13,14,47,13,47,12,12,47,11,46,34,47,47,35,36,47,34,35,15,41,14,45,41,15,15,44,45,41,46,14,41,45,46,14,46,47,46,33,34,33,46,32,44,30,45,46,45,32,45,31,32,45,30,31,44,15,43,17,43,16,15,16,43,17,42,43,43,42,26,42,25,26,26,27,43,27,28,43,43,28,44,28,29,44,44,29,30,18,42,17,18,19,42,42,22,23,42,21,22,23,24,42,24,25,42,42,19,21,19,20,21],"vertices":[1,6,74.99,35.79,1,1,6,97.08,21.6,1,1,6,107.01,7.23,1,1,6,110.72,-13.65,1,1,6,102.71,-36.39,1,1,6,84.84,-49.5,1,1,6,65.29,-52.04,1,1,6,34.97,-44.91,1,2,5,76.88,-32.77,0.07899,6,16.31,-38.99,0.92101,2,5,49.76,-35.33,0.60693,6,-10.43,-33.76,0.39307,1,5,25.47,-37.63,1,2,4,76.01,-32.14,0.33932,5,-0.54,-35.96,0.66068,2,4,49.42,-43.9,0.88247,5,-29.56,-34.1,0.11753,2,3,117.07,-46.96,0.20801,4,18.91,-58.42,0.79199,2,3,91,-64.06,0.5611,4,-11.69,-64.41,0.4389,3,13,-32.94,108.4,0.11465,12,10.29,98.23,0.33292,3,13.83,-95.05,0.55242,3,13,3.99,86.28,0.3383,12,51.24,84.97,0.422,3,-28.33,-103.74,0.23969,3,13,26.56,65.86,0.61372,12,77.82,70.14,0.29355,3,-58.77,-103.95,0.09273,2,14,-7.5,42.03,0.17154,13,52.3,42.55,0.82846,2,14,10.82,28.35,0.54378,13,69.25,27.2,0.45622,1,14,21.59,-3,1,2,14,17.78,-11.97,0.89167,13,72.39,-13.59,0.10833,2,14,7.59,-34.1,0.35903,13,60.16,-34.66,0.64097,2,14,-10.25,-50.01,0.10564,13,40.91,-48.83,0.89436,2,13,21.02,-57.56,0.78792,12,100.15,-51.37,0.21208,2,13,-2.13,-65.45,0.50644,12,79.36,-64.26,0.49356,2,13,-21.51,-69.93,0.29442,12,61.48,-72.97,0.70558,2,13,-43.92,-75.1,0.13678,12,40.81,-83.05,0.86322,2,12,14.81,-90.43,0.87794,3,-83.21,66.79,0.12206,2,12,-17.17,-92.7,0.71791,3,-56.52,84.55,0.28209,2,12,-49.37,-81.97,0.48638,3,-23.22,91.12,0.51362,2,12,-77.74,-65.9,0.25559,3,9.39,91.14,0.74441,3,12,-96.81,-50.24,0.11513,3,33.7,86.92,0.77867,4,-7.76,97.03,0.1062,2,3,59.31,76.9,0.73299,4,12.18,78.08,0.26701,3,3,85.46,67.66,0.40222,4,32.9,59.65,0.47899,5,3.66,65.36,0.1188,3,3,105.81,63.82,0.16557,4,50.29,48.41,0.51459,5,13.89,47.36,0.31984,2,4,66.69,38.65,0.26885,5,23.92,31.12,0.73115,3,4,77.59,43.67,0.07318,5,35.9,30.53,0.67791,6,-5.04,33.33,0.24891,2,5,51.61,31.89,0.30301,6,10.41,30.18,0.69699,1,6,30.01,31.68,1,1,6,51.33,37.25,1,3,12,-30.34,103.69,0.13426,3,51.86,-79.75,0.78846,4,-53.85,-64.17,0.07729,2,13,0.98,-4.42,0.65873,12,68.69,-4.09,0.34127,1,12,27.32,0.33,1,2,12,-13.36,8.71,0.39166,3,-9.79,-5.53,0.60834,2,12,-22.07,10.87,0.05559,3,-1.14,-3.11,0.94441,1,3,45,5.02,1,1,4,29.79,7.47,1,1,5,22.03,-3.53,1],"hull":41,"edges":[38,40,40,42,42,44,36,38,34,36,32,34,32,30,30,82,82,28,28,26,26,24,20,22,22,24,16,18,18,20,14,16,14,12,12,10,8,10,8,6,6,4,4,2,2,0,0,80,80,78,78,76,76,74,74,72,72,70,70,68,68,66,66,64,62,64,58,60,62,60,44,46,46,48,48,50,50,52,52,54,56,58,54,56,28,30,88,90],"width":424,"height":237}},"eye_close":{"eye_close":{"x":18.12,"y":7.59,"scaleX":1.0304,"scaleY":1.0402,"rotation":-6.93,"width":37,"height":25}},"hair_1":{"hair_1":{"x":16.8,"y":-1.88,"rotation":-132.14,"width":35,"height":35}},"hair_2":{"hair_2":{"x":15.69,"y":-0.62,"rotation":-131.27,"width":35,"height":37}},"hair_3":{"hair_3":{"x":10.1,"y":0.77,"rotation":-155.06,"width":38,"height":26}},"hair_4":{"hair_4":{"x":80.04,"y":-69.67,"rotation":149.88,"width":89,"height":81}},"hair_5":{"hair_5":{"x":52.38,"y":78.98,"rotation":-9.74,"width":57,"height":86}},"hair_6":{"hair_6":{"x":-16.55,"y":148.36,"width":97,"height":177}},"hair_7":{"hair_7":{"x":87.81,"y":-113.86,"rotation":162.86,"width":122,"height":112}},"hair_8":{"hair_8":{"x":32.47,"y":147.47,"rotation":12.43,"width":112,"height":160}},"hair_9":{"hair_9":{"type":"mesh","uvs":[0.69763,0,0.72337,0,0.86581,0.34375,0.98457,0.28688,1,0.49791,1,0.558,0.90187,0.65244,0.81211,0.63106,0.69837,0.60397,0.63315,0.58844,0.56415,0.62101,0.48462,0.65854,0.41755,0.6902,0.3622,0.75011,0.30553,0.81146,0.24917,0.87246,0.12286,0.84304,0.04181,0.68026,0,0.4885,0,0.46119,0.232,0.49305,0.21014,0.04027,0.28606,0.08601,0.55571,0.22339],"triangles":[5,6,4,7,4,6,7,2,4,2,3,4,9,10,23,7,8,2,8,9,2,1,2,23,23,0,1,2,9,23,12,20,11,10,11,23,23,11,20,20,22,23,20,21,22,15,16,14,16,17,14,13,14,20,14,17,20,13,20,12,17,18,20,20,18,19],"vertices":[3,12,-117.18,-210.75,0.05958,3,-27.8,236.58,0.80264,4,-8.22,258.83,0.13777,3,12,-126.19,-207.97,0.05885,3,-18.6,238.61,0.80289,4,1.07,257.24,0.13825,3,12,-145,-92.09,0.00383,3,54.96,147.11,0.35535,4,34.64,144.74,0.64082,2,3,93.66,173.46,0.06146,4,80.43,154.54,0.93854,2,3,113.07,111.62,0.00322,4,75.07,89.94,0.99678,1,4,71.95,71.82,1,1,4,31.67,49.41,1,2,3,54.69,57.02,0.61965,4,0.4,61.42,0.38035,1,3,12.25,56.16,1,1,3,-12.08,55.66,1,2,12,-14.49,-43.56,0.67657,3,-34.6,40.49,0.32343,1,12,16.71,-41.16,1,1,12,43.02,-39.14,1,1,13,-5.18,-27.12,1,1,13,22.18,-21.29,1,1,13,49.39,-15.5,1,1,13,84.86,-46.49,1,2,13,85.52,-104.46,0.99611,12,173.54,-82.57,0.00389,2,13,69.3,-162.89,0.98642,12,170.86,-143.16,0.01358,2,13,65.11,-170.12,0.98687,12,168.4,-151.14,0.01313,3,13,-3.44,-119.07,0.49981,12,90.14,-116.8,0.49078,3,-161.74,52.55,0.00941,2,12,56.95,-251.56,0.91822,3,-199.38,186.13,0.08178,3,13,-83.07,-216.87,0.00013,12,34.52,-229.99,0.90746,3,-169.24,178.44,0.09241,3,12,-47.4,-160.73,0.38939,3,-63.81,158.64,0.55755,4,-70.98,200.25,0.05305],"hull":24,"edges":[0,46,0,2,2,4,4,6,6,8,8,10,10,12,30,32,32,34,34,36,36,38,38,40,40,42,42,44,44,46,28,30,24,26,26,28,22,24,18,20,20,22,16,18,12,14,14,16],"width":366,"height":306}},"head":{"head":{"x":45.69,"y":-4.3,"rotation":-6.93,"width":165,"height":113}},"leg_1":{"leg_1":{"type":"mesh","uvs":[0.81666,0.03922,0.85768,0.07092,0.87644,0.09657,0.87853,0.14523,0.87553,0.20836,0.87197,0.28305,0.86611,0.40627,0.78801,0.77679,0.7564,0.86445,0.71129,0.90602,0.65424,0.93282,0.50839,0.93293,0.44327,0.91399,0.37783,0.87606,0.33776,0.83277,0.29444,0.75907,0.26823,0.66457,0.24074,0.55282,0.21571,0.42833,0.20861,0.31638,0.18413,0.20136,0.2042,0.13495,0.24512,0.08726,0.40225,0.07062,0.54594,0.0554,0.68169,0.0283,0.75508,0.02861,0.55305,0.27717,0.81096,0.66526,0.8394,0.53172,0.55504,0.72197],"triangles":[30,11,12,12,13,30,13,14,30,14,15,30,15,16,30,21,22,23,19,20,27,20,21,27,27,21,23,23,24,27,27,24,25,10,11,30,8,30,7,7,29,6,7,28,29,7,30,28,29,28,30,27,30,17,29,30,27,30,16,17,17,18,27,29,27,6,18,19,27,6,27,5,5,27,4,3,27,1,26,0,27,27,25,26,4,27,3,3,1,2,0,1,27,9,10,30,9,30,8],"vertices":[2,19,-14.57,32.9,0.44647,12,-10.4,7.56,0.55353,2,19,-11.27,37.9,0.48525,12,-14.21,12.18,0.51475,2,19,-8.61,40.19,0.5053,12,-15.61,15.41,0.4947,2,19,-3.55,40.44,0.54843,12,-14.36,20.32,0.45157,2,19,3.02,40.08,0.6361,12,-12.08,26.48,0.3639,2,19,10.79,39.64,0.75247,12,-9.38,33.78,0.24753,2,19,23.6,38.93,0.89484,12,-4.92,45.81,0.10516,1,19,62.14,29.4,1,1,19,71.25,25.55,1,2,19,75.58,20.04,0.92289,20,2.52,26.04,0.07711,2,19,78.36,13.08,0.7881,20,8.36,21.33,0.2119,2,19,78.38,-4.71,0.08421,20,17.06,5.81,0.91579,1,20,19.23,-2.08,1,1,20,19.69,-10.97,1,1,20,18.15,-17.44,1,2,19,60.29,-30.81,0.1083,20,14.05,-25.8,0.8917,3,19,50.47,-34.01,0.2549,12,72.7,49.99,0.10796,20,7.03,-33.39,0.63714,3,19,38.84,-37.37,0.38019,12,72.48,37.89,0.25068,20,-1.47,-42,0.36913,3,19,25.9,-40.42,0.33993,12,71.58,24.62,0.49561,20,-11.27,-50.99,0.16447,2,19,14.25,-41.29,0.17796,12,68.98,13.24,0.82204,1,12,68.31,0.93,1,1,12,63.93,-4.95,1,1,12,57.7,-8.22,1,1,12,38.87,-4.22,1,1,12,21.66,-0.57,1,2,19,-15.71,16.43,0.27676,12,5,1.62,0.72324,2,19,-15.67,25.38,0.38572,12,-3.55,4.29,0.61428,1,19,10.18,0.74,1,1,19,50.54,32.2,1,1,19,36.65,35.67,1,1,19,56.44,0.98,1],"hull":27,"edges":[0,52,0,2,2,4,4,6,22,24,24,26,38,40,40,42,42,44,48,50,50,52,36,38,44,46,46,48,6,8,8,10,10,12,6,54,2,54,38,54,42,54,40,54,20,22,20,18,18,16,16,14,14,56,12,58,58,56,26,28,28,30,30,32,32,34,34,36,12,14],"width":122,"height":104}},"leg_2":{"leg_2":{"type":"mesh","uvs":[0.33429,0.10956,0.43829,0.05165,0.5513,0.01626,0.69081,0.01581,0.80127,0.04985,0.86708,0.09117,0.91365,0.14946,0.92158,0.20858,0.88701,0.25621,0.80432,0.3701,0.65015,0.51902,0.58469,0.60386,0.71833,0.63952,0.8359,0.74004,0.89687,0.85295,0.82402,0.94112,0.57895,0.94113,0.28198,0.94113,0.09158,0.94504,0.02883,0.83579,0.04194,0.71306,0.14029,0.58539,0.154,0.51649,0.18559,0.35783,0.24749,0.20476,0.37846,0.60763,0.61715,0.18105],"triangles":[5,6,7,26,4,5,26,3,4,5,7,26,8,26,7,13,16,12,15,13,14,16,11,12,15,16,13,17,25,16,19,20,17,18,19,17,26,2,3,9,26,8,10,26,9,1,2,26,0,1,26,24,26,10,26,24,0,10,23,24,10,25,23,25,22,23,25,21,22,25,10,11,16,25,11,25,20,21,17,20,25],"vertices":[1,20,20.25,-33.96,1,1,20,8.49,-27.43,1,1,20,-1.35,-18.69,1,2,20,-8.9,-5.33,0.17448,19,50.28,-1.75,0.82552,1,19,54.43,10.4,1,1,19,59.47,17.64,1,2,20,-6.65,24.02,0.05791,19,66.58,22.77,0.94209,2,20,-0.79,28.31,0.13744,19,73.8,23.64,0.86256,2,20,6.14,27.83,0.28151,19,79.61,19.84,0.71849,2,20,22.71,26.69,0.74006,19,93.5,10.74,0.25994,1,20,46.85,20.77,1,2,20,59.4,19.55,0.59167,21,26.84,23.68,0.40833,2,20,56.01,34.5,0.1086,21,42.15,22.95,0.8914,1,21,57.63,14.12,1,1,21,67.43,2.34,1,1,21,62.21,-10.01,1,1,21,36.03,-16.44,1,1,21,4.3,-24.22,1,2,20,122.22,-7.43,0.20882,21,-15.93,-29.67,0.79118,2,20,113.97,-19.97,0.40729,21,-25.81,-18.37,0.59271,2,20,100.2,-26.03,0.69907,21,-27.97,-3.48,0.30093,1,20,81.32,-24.2,1,1,20,73.25,-26.99,1,1,20,54.67,-33.42,1,1,20,35.05,-36.61,1,1,20,70.89,-0.02,1,1,20,12.65,-2.55,1],"hull":25,"edges":[42,40,40,38,38,36,36,34,30,32,32,34,30,28,28,26,26,24,24,22,22,20,20,18,46,48,0,48,46,44,44,42,6,8,8,10,10,12,12,14,14,16,16,18,4,6,0,2,4,2,52,14],"width":110,"height":122}},"leg_3":{"leg_3":{"x":33.22,"y":-2,"rotation":99.17,"width":70,"height":101}},"leg_4":{"leg_4":{"type":"mesh","uvs":[0.45093,0.02063,0.52739,0.13408,0.54205,0.42001,0.56873,0.52201,0.59298,0.61049,0.73245,0.59369,0.88477,0.66441,1,0.8354,1,0.93682,0.8429,0.97305,0.27315,0.99461,0.22899,0.87326,0.22875,0.78853,0.17527,0.6834,0.12122,0.57715,0,0.24409,0,0.18391,0.07401,0.02077,0.39328,0.71626],"triangles":[10,11,18,11,12,18,12,13,18,4,18,3,2,3,18,18,13,14,2,14,15,18,14,2,2,15,1,0,16,17,1,16,0,1,15,16,9,4,5,4,9,18,9,10,18,8,9,7,9,5,6,9,6,7],"vertices":[1,26,-6.52,20.7,1,1,26,5.81,24.68,1,1,26,32.32,18.61,1,2,27,7.86,24.01,0.17661,26,42.33,18.38,0.82339,2,27,11.94,16.31,0.59152,26,51.04,18.29,0.40848,1,27,24.37,20.77,1,1,27,39.82,17.38,1,1,27,53.98,3.93,1,1,27,56.11,-5.46,1,1,27,42.47,-12.08,1,2,27,-9.31,-25.92,0.53714,26,77.96,-20.58,0.46286,2,27,-15.91,-15.6,0.32009,26,65.74,-21.43,0.67991,2,27,-17.71,-7.75,0.10425,26,57.99,-19.26,0.89575,1,26,47.01,-21.38,1,1,26,35.91,-23.52,1,1,26,2.37,-25.87,1,1,26,-3.13,-24.31,1,1,26,-16.15,-13.39,1,1,26,55.59,-2.51,1],"hull":18,"edges":[0,34,14,16,16,18,18,20,30,32,32,34,8,10,12,14,10,12,8,6,6,4,0,2,4,2,20,22,24,22,28,30,28,26,26,24],"width":94,"height":95}},"leg_5":{"leg_5":{"type":"mesh","uvs":[0.7014,0.3681,0.56184,0.52245,0.51219,0.58587,0.65975,0.64222,0.79271,0.80116,0.72741,0.90608,0.45116,0.9063,0.2749,0.90644,0.06653,0.9066,0.00105,0.79272,0.04098,0.68372,0.11568,0.57745,0.13513,0.47752,0.15624,0.36909,0.29145,0,0.41323,0,0.92764,0.07611],"triangles":[7,8,10,7,2,6,10,8,9,6,3,5,6,2,3,5,3,4,7,10,11,2,7,11,11,12,2,12,13,2,2,13,1,0,1,13,13,14,15,0,13,15,0,15,16],"vertices":[1,23,12.38,24.17,1,2,23,35.63,19.12,0.91636,24,27.23,31.01,0.08364,2,23,44.78,17.79,0.61016,24,23.77,22.43,0.38984,2,23,42.8,35.34,0.07857,24,41.29,20.2,0.92143,1,24,60.28,5.95,1,1,24,56.38,-7.76,1,1,24,26.72,-15.55,1,1,24,7.8,-20.52,1,2,23,101.3,-7.91,0.28421,24,-14.57,-26.4,0.71579,2,23,93.03,-20.64,0.46882,24,-24.98,-15.35,0.53118,2,23,79.7,-22.8,0.71217,24,-23.92,-1.89,0.28783,1,23,64.82,-21.41,1,1,23,53.51,-25.06,1,1,23,41.23,-29.02,1,1,23,-3.9,-36.33,1,1,23,-10.32,-24.43,1,1,23,-29.61,30.04,1],"hull":17,"edges":[16,18,28,30,30,32,18,20,20,22,26,28,26,24,24,22,4,6,4,2,0,32,2,0,6,8,10,8,14,16,10,12,12,14],"width":111,"height":117}},"leg_6":{"leg_6":{"x":39.82,"y":1.26,"rotation":101.24,"width":54,"height":73}},"leg_7":{"leg_7":{"type":"mesh","uvs":[0.41682,0.04971,0.52646,0.19168,0.55951,0.49293,0.5945,0.56921,0.698,0.56132,0.85671,0.61931,0.99239,0.79501,0.91203,0.89786,0.25646,0.9181,0.22656,0.83372,0.22302,0.72979,0.13614,0.5786,0.00044,0.19569,0.20369,0.00801,0.42922,0.65761],"triangles":[7,14,5,4,5,3,3,5,14,8,14,7,8,9,14,7,5,6,9,10,14,10,11,14,14,2,3,14,11,2,11,1,2,1,12,0,0,12,13,12,1,11],"vertices":[1,29,-6.91,15.3,1,1,29,7.92,21.09,1,2,29,35.51,17.26,0.79942,30,8.42,22.6,0.20058,2,29,43.01,18.44,0.38582,30,12.69,16.32,0.61418,2,29,44.32,26.96,0.0964,30,20.95,18.77,0.9036,1,30,34.94,16.21,1,1,30,49.24,2.67,1,1,30,44.62,-7.95,1,2,29,67.64,-16.36,0.19044,30,-8.28,-20.8,0.80956,2,29,59.51,-16.96,0.34708,30,-12.29,-13.7,0.65292,2,29,50.15,-15,0.76923,30,-14.51,-4.4,0.23077,1,29,34.93,-18.75,1,1,29,-1.95,-21.44,1,1,29,-14.78,-0.99,1,2,29,47.7,3.19,0.7523,30,0.9,5.57,0.2477],"hull":14,"edges":[0,26,12,14,14,16,24,26,16,18,22,24,6,8,10,12,8,10,6,4,0,2,4,2,20,18,20,22],"width":83,"height":92}},"mouth":{"mouth":{"x":47.27,"y":-2.76,"rotation":1.96,"width":147,"height":43}},"shadow":{"shadow":{"x":2.56,"y":-5.02,"width":165,"height":53}},"tail":{"tail":{"type":"mesh","uvs":[0.1414,0,0.33176,0.60042,0.36862,0.61188,0.41263,0.61074,0.47273,0.59243,0.54371,0.54782,0.61897,0.4892,0.66811,0.41577,0.71712,0.32772,0.76099,0.23681,0.80556,0.12655,0.84494,0.0097,0.88765,0.06657,0.92287,0.1648,0.9438,0.35442,0.92964,0.55787,0.89087,0.71395,0.80892,0.78066,0.73932,0.83732,0.65852,0.876,0.5873,0.88844,0.51851,0.88327,0.45392,0.86602,0.38803,0.84168,0.32844,0.81124,0.27929,0.77277,0.02085,0.98736,0,0.991,0,0.80785,0.13212,0],"triangles":[27,28,26,26,28,25,24,25,1,28,29,25,29,0,25,25,0,1,23,3,22,22,3,4,24,2,23,23,2,3,24,1,2,22,4,21,20,21,5,21,4,5,6,19,20,20,5,6,19,6,18,6,7,18,18,7,17,7,8,17,17,8,15,15,8,9,16,17,15,12,10,11,9,10,15,14,15,12,10,12,15,14,12,13],"vertices":[1,18,85.19,-81.96,1,2,17,47.45,-15.03,0.26799,18,4.57,-14.47,0.73201,2,17,35,-14.09,0.87988,18,-7.87,-15.62,0.12012,1,17,20.24,-15.02,1,2,16,36.83,-18.43,0.64846,17,0.21,-18.62,0.35154,2,15,52.03,-23.77,0.20637,16,12.46,-22.08,0.79363,2,15,25.49,-25.01,0.94067,16,-13.55,-27.51,0.05933,2,14,51.59,-31.26,0.4173,15,6.88,-30.54,0.5827,3,13,83.85,-38.29,0.08071,14,31.51,-35.48,0.78133,15,-12.22,-38.04,0.13797,2,13,64.76,-41.82,0.37336,14,12.84,-40.8,0.62664,2,13,44.11,-47.56,0.75821,14,-7.18,-48.45,0.24179,2,13,24.52,-54.97,0.90571,14,-25.99,-57.67,0.09429,2,13,16.07,-40.93,0.94094,14,-35.72,-44.49,0.05906,1,13,12.69,-23.18,1,1,13,19.83,3.15,1,2,13,38.14,25.22,0.85183,14,-19.96,23.44,0.14817,2,13,60.3,37.44,0.36473,14,0.94,37.7,0.63527,2,14,29.83,34.6,0.92992,15,-25.5,30.8,0.07008,2,14,54.37,31.98,0.45962,15,-0.87,32.28,0.54038,2,15,26.75,30.36,0.94332,16,-21.09,27.35,0.05668,2,15,50.29,25.76,0.39245,16,2.89,26.55,0.60755,1,16,25.79,23.4,1,2,16,47.12,18.72,0.35768,17,4.52,19.68,0.64232,1,17,26.81,17.47,1,2,17,47.02,14.3,0.50795,18,-0.74,14.37,0.49205,1,18,16.54,12.76,1,1,18,94.78,60.81,1,1,18,101.51,62.83,1,1,18,107.06,37.99,1,1,18,88.23,-81.28,1],"hull":30,"edges":[0,58,0,2,54,56,56,58,52,54,52,50,50,48,48,46,46,44,44,42,42,40,38,40,38,36,32,34,34,36,32,30,30,28,28,26,24,26,24,22,22,20,20,18,18,16,16,14,14,12,2,4,4,6,6,8,8,10,10,12],"width":336,"height":139}}}}],"events":{"finished_attacking":{}},"animations":{"attack":{"slots":{"eye_close":{"attachment":[{"time":0.6667,"name":"eye_close"},{"time":0.7667,"name":null}]}},"bones":{"body12":{"rotate":[{"angle":0.33,"curve":0.331,"c2":0.33,"c3":0.665,"c4":0.66},{"time":0.0333,"angle":4.18,"curve":0.334,"c2":0.34,"c3":0.67,"c4":0.68},{"time":0.1,"angle":11.83,"curve":0.342,"c2":0.36,"c3":0.678,"c4":0.7},{"time":0.1667,"angle":18.9,"curve":0.352,"c2":0.41,"c3":0.688,"c4":0.76},{"time":0.2333,"angle":24.58,"curve":0.366,"c2":0.63,"c3":0.703},{"time":0.3,"angle":27.59,"curve":0.252,"c3":0.622,"c4":0.48},{"time":0.5333,"angle":39.03,"curve":0.372,"c2":0.48,"c3":0.752},{"time":0.8,"angle":-15.7,"curve":0.284,"c3":0.625,"c4":0.38},{"time":0.9,"angle":-10.14,"curve":0.317,"c2":0.27,"c3":0.653,"c4":0.62},{"time":0.9667,"angle":-3.38,"curve":0.329,"c2":0.32,"c3":0.663,"c4":0.65},{"time":1,"angle":0.33}]},"body":{"rotate":[{"curve":0.25,"c3":0.75},{"time":0.5,"angle":9.76,"curve":0.25,"c3":0.75},{"time":0.6333,"angle":7.2,"curve":"stepped"},{"time":0.7333,"angle":7.2,"curve":0.25,"c3":0.75},{"time":1}],"translate":[{"x":-1.14,"y":-14.22,"curve":0.3,"c2":0.21,"c3":0.756},{"time":0.5,"x":-58.14,"y":-40.79,"curve":0.268,"c3":0.618,"c4":0.42},{"time":0.6333,"x":56.32,"y":-35.14,"curve":"stepped"},{"time":0.7333,"x":56.32,"y":-35.14,"curve":0.346,"c2":0.38,"c3":0.757},{"time":0.9333,"x":-2.08,"y":-13.49,"curve":0.297,"c3":0.634,"c4":0.37},{"time":1,"x":-1.14,"y":-14.22}]},"body2":{"rotate":[{"angle":2.88,"curve":0.375,"c2":0.62,"c3":0.716},{"time":0.1,"angle":4.58,"curve":0.25,"c3":0.75},{"time":0.6,"angle":-8.5,"curve":0.243,"c3":0.68,"c4":0.71},{"time":1,"angle":2.88}]},"body3":{"rotate":[{"angle":-0.18,"curve":0.349,"c2":0.39,"c3":0.689,"c4":0.74},{"time":0.1,"angle":2.88,"curve":0.375,"c2":0.62,"c3":0.716},{"time":0.2,"angle":4.58,"curve":0.245,"c3":0.637,"c4":0.56},{"time":0.5,"angle":18.2,"curve":0.358,"c2":0.42,"c3":0.702,"c4":0.8},{"time":0.6333,"angle":-11.74,"curve":0.366,"c2":0.63,"c3":0.703},{"time":1,"angle":-0.18}]},"body4":{"rotate":[{"angle":-3.64,"curve":0.33,"c2":0.32,"c3":0.67,"c4":0.68},{"time":0.1,"angle":-0.18,"curve":0.349,"c2":0.39,"c3":0.689,"c4":0.74},{"time":0.2,"angle":2.88,"curve":0.375,"c2":0.62,"c3":0.716},{"time":0.5,"angle":54.26,"curve":0.332,"c2":0.33,"c3":0.676,"c4":0.7},{"time":0.6333,"angle":-2.96,"curve":0.382,"c2":0.57,"c3":0.735},{"time":0.8,"angle":-8.5,"curve":0.258,"c3":0.619,"c4":0.45},{"time":1,"angle":-3.64}]},"body5":{"rotate":[{"angle":-6.81,"curve":0.311,"c2":0.26,"c3":0.651,"c4":0.61},{"time":0.1,"angle":-3.64,"curve":0.33,"c2":0.32,"c3":0.67,"c4":0.68},{"time":0.2,"angle":-0.18,"curve":0.349,"c2":0.39,"c3":0.689,"c4":0.74},{"time":0.6333,"angle":-9.37,"curve":0.372,"c2":0.48,"c3":0.752},{"time":0.9,"angle":-8.5,"curve":0.284,"c3":0.625,"c4":0.38},{"time":1,"angle":-6.81}]},"head":{"rotate":[{"angle":-8.5,"curve":0.284,"c3":0.625,"c4":0.38},{"time":0.1,"angle":-6.81,"curve":0.311,"c2":0.26,"c3":0.651,"c4":0.61},{"time":0.2,"angle":-3.64,"curve":0.33,"c2":0.32,"c3":0.67,"c4":0.68},{"time":0.5,"angle":-56.49,"curve":0.273,"c3":0.62,"c4":0.41},{"time":0.6333,"angle":32.34,"curve":0.337,"c2":0.35,"c3":0.758},{"time":1,"angle":-8.5}]},"body8":{"rotate":[{"angle":4.39,"curve":0.352,"c2":0.65,"c3":0.687},{"time":0.0333,"angle":4.8,"curve":0.25,"c3":0.75},{"time":0.5333,"angle":-7.07,"curve":0.284,"c3":0.625,"c4":0.38},{"time":0.6333,"angle":-37.13,"curve":0.303,"c2":0.24,"c3":0.68,"c4":0.71},{"time":0.9,"angle":0.68,"curve":0.352,"c2":0.41,"c3":0.688,"c4":0.76},{"time":0.9667,"angle":3.37,"curve":0.348,"c2":0.43,"c3":0.682,"c4":0.77},{"time":1,"angle":4.39}]},"body10":{"rotate":[{"angle":15.49,"curve":0.339,"c2":0.35,"c3":0.673,"c4":0.69},{"time":0.0333,"angle":18.9,"curve":0.352,"c2":0.41,"c3":0.688,"c4":0.76},{"time":0.1,"angle":24.58,"curve":0.366,"c2":0.63,"c3":0.703},{"time":0.1667,"angle":27.59,"curve":0.243,"c3":0.649,"c4":0.6},{"time":0.5,"angle":11.06,"curve":0.382,"c2":0.57,"c3":0.735},{"time":0.6667,"angle":-26.17,"curve":0.252,"c3":0.622,"c4":0.48},{"time":0.9,"angle":4.18,"curve":0.334,"c2":0.34,"c3":0.67,"c4":0.68},{"time":0.9667,"angle":11.83,"curve":0.337,"c2":0.35,"c3":0.671,"c4":0.68},{"time":1,"angle":15.49}]},"body9":{"rotate":[{"angle":2.16,"curve":0.345,"c2":0.39,"c3":0.679,"c4":0.72},{"time":0.0333,"angle":3.37,"curve":0.366,"c2":0.63,"c3":0.703},{"time":0.1,"angle":4.8,"curve":0.25,"c3":0.75},{"time":0.6,"angle":-15.7,"curve":0.245,"c3":0.637,"c4":0.56},{"time":0.9,"angle":-2.66,"curve":0.342,"c2":0.36,"c3":0.678,"c4":0.7},{"time":0.9667,"angle":0.68,"curve":0.342,"c2":0.37,"c3":0.676,"c4":0.7},{"time":1,"angle":2.16}]},"mouth":{"rotate":[{"angle":-8.5,"curve":0.284,"c3":0.625,"c4":0.38},{"time":0.1,"angle":-6.81,"curve":0.311,"c2":0.26,"c3":0.651,"c4":0.61},{"time":0.2,"angle":-3.64,"curve":0.33,"c2":0.32,"c3":0.67,"c4":0.68},{"time":0.3,"angle":-0.18,"curve":0.349,"c2":0.39,"c3":0.689,"c4":0.74},{"time":0.4,"angle":2.88,"curve":0.375,"c2":0.62,"c3":0.716},{"time":0.5,"angle":-1.87,"curve":0.297,"c3":0.634,"c4":0.37},{"time":0.5667,"angle":-43.78,"curve":0.312,"c2":0.24,"c3":0.648,"c4":0.59},{"time":0.6333,"angle":6.82,"curve":"stepped"},{"time":0.7333,"angle":6.82,"curve":0.337,"c2":0.35,"c3":0.758},{"time":1,"angle":-8.5}]},"body11":{"rotate":[{"angle":8.03,"curve":0.335,"c2":0.34,"c3":0.669,"c4":0.67},{"time":0.0333,"angle":11.83,"curve":0.342,"c2":0.36,"c3":0.678,"c4":0.7},{"time":0.1,"angle":18.9,"curve":0.352,"c2":0.41,"c3":0.688,"c4":0.76},{"time":0.1667,"angle":24.58,"curve":0.366,"c2":0.63,"c3":0.703},{"time":0.2333,"angle":27.59,"curve":0.245,"c3":0.637,"c4":0.56},{"time":0.5333,"angle":31.4,"curve":0.381,"c2":0.55,"c3":0.742},{"time":0.7333,"angle":-32.48,"curve":0.265,"c3":0.618,"c4":0.43},{"time":0.9,"angle":-3.38,"curve":0.326,"c2":0.31,"c3":0.662,"c4":0.65},{"time":0.9667,"angle":4.18,"curve":0.333,"c2":0.33,"c3":0.667,"c4":0.67},{"time":1,"angle":8.03}]},"body13":{"rotate":[{"angle":-6.95,"curve":0.327,"c2":0.31,"c3":0.661,"c4":0.65},{"time":0.0333,"angle":-3.38,"curve":0.326,"c2":0.31,"c3":0.662,"c4":0.65},{"time":0.1,"angle":4.18,"curve":0.334,"c2":0.34,"c3":0.67,"c4":0.68},{"time":0.1667,"angle":11.83,"curve":0.342,"c2":0.36,"c3":0.678,"c4":0.7},{"time":0.2333,"angle":18.9,"curve":0.352,"c2":0.41,"c3":0.688,"c4":0.76},{"time":0.3,"angle":24.58,"curve":0.366,"c2":0.63,"c3":0.703},{"time":0.3667,"angle":27.59,"curve":0.265,"c3":0.618,"c4":0.43},{"time":0.5333,"angle":46.48,"curve":0.351,"c2":0.4,"c3":0.757},{"time":0.8667,"angle":-15.7,"curve":0.313,"c3":0.648,"c4":0.35},{"time":0.9,"angle":-14.87,"curve":0.305,"c2":0.18,"c3":0.642,"c4":0.53},{"time":0.9667,"angle":-10.14,"curve":0.324,"c2":0.3,"c3":0.658,"c4":0.63},{"time":1,"angle":-6.95}]},"Shadow":{"scale":[{"x":0.973,"y":0.973}]}},"events":[{"time":0.6,"name":"finished_attacking"}]},"die":{"slots":{"eye_close":{"attachment":[{"time":0.3333,"name":"eye_close"}]}},"bones":{"body":{"rotate":[{"curve":0.25,"c3":0.75},{"time":0.2333,"angle":12.23,"curve":0.25,"c3":0.75},{"time":0.4333,"angle":-0.86}],"translate":[{"x":-1.14,"y":-14.22,"curve":0.287,"c2":0.18,"c3":0.655,"c4":0.63},{"time":0.2333,"x":-14.66,"y":-27.56,"curve":0.358,"c2":0.42,"c3":0.702,"c4":0.8},{"time":0.3333,"x":42.06,"y":-36.81,"curve":0.366,"c2":0.63,"c3":0.703},{"time":0.4333,"x":79.1,"y":-102.13}]},"body2":{"rotate":[{"angle":2.88,"curve":0.375,"c2":0.62,"c3":0.716},{"time":0.1,"angle":4.58,"curve":0.265,"c3":0.618,"c4":0.43},{"time":0.2667,"angle":10.11,"curve":0.327,"c2":0.31,"c3":0.685,"c4":0.72},{"time":0.4667,"angle":-11.82,"curve":0.38,"c2":0.59,"c3":0.727},{"time":0.6,"angle":-8.5}]},"body3":{"rotate":[{"angle":-0.18,"curve":0.349,"c2":0.39,"c3":0.689,"c4":0.74},{"time":0.1,"angle":2.88,"curve":0.375,"c2":0.62,"c3":0.716},{"time":0.2,"angle":4.58,"curve":0.297,"c3":0.634,"c4":0.37},{"time":0.2667,"angle":12.91,"curve":0.298,"c2":0.2,"c3":0.642,"c4":0.58},{"time":0.4,"angle":15.17,"curve":0.33,"c2":0.32,"c3":0.666,"c4":0.66},{"time":0.4667,"angle":-8}]},"body4":{"rotate":[{"angle":-3.64,"curve":0.33,"c2":0.32,"c3":0.67,"c4":0.68},{"time":0.1,"angle":-0.18,"curve":0.349,"c2":0.39,"c3":0.689,"c4":0.74},{"time":0.2,"angle":2.88,"curve":0.337,"c2":0.35,"c3":0.67,"c4":0.68},{"time":0.2667,"angle":10.1,"curve":0.341,"c2":0.37,"c3":0.675,"c4":0.71},{"time":0.4,"angle":11.27,"curve":0.338,"c2":0.36,"c3":0.671,"c4":0.69},{"time":0.4667,"angle":-10.26}]},"body5":{"rotate":[{"angle":-6.81,"curve":0.311,"c2":0.26,"c3":0.651,"c4":0.61},{"time":0.1,"angle":-3.64,"curve":0.33,"c2":0.32,"c3":0.67,"c4":0.68},{"time":0.2,"angle":-0.18,"curve":0.334,"c2":0.34,"c3":0.668,"c4":0.67},{"time":0.2667,"angle":8.18,"curve":0.336,"c2":0.34,"c3":0.669,"c4":0.67},{"time":0.4,"angle":12.96,"curve":0.335,"c2":0.34,"c3":0.668,"c4":0.67},{"time":0.4667,"angle":-7.63}]},"head":{"rotate":[{"angle":-8.5,"curve":0.284,"c3":0.625,"c4":0.38},{"time":0.1,"angle":-6.81,"curve":0.311,"c2":0.26,"c3":0.651,"c4":0.61},{"time":0.2,"angle":-3.64,"curve":0.33,"c2":0.32,"c3":0.67,"c4":0.68},{"time":0.3,"angle":-0.18,"curve":0.349,"c2":0.39,"c3":0.689,"c4":0.74},{"time":0.4,"angle":2.88,"curve":0.375,"c2":0.62,"c3":0.716},{"time":0.5,"angle":4.58,"curve":0.25,"c3":0.75},{"time":1,"angle":-8.5}]},"mouth":{"rotate":[{"angle":-8.5,"curve":0.284,"c3":0.625,"c4":0.38},{"time":0.1,"angle":-6.81,"curve":0.311,"c2":0.26,"c3":0.651,"c4":0.61},{"time":0.2,"angle":-3.64,"curve":0.33,"c2":0.32,"c3":0.67,"c4":0.68},{"time":0.3,"angle":-0.18,"curve":0.349,"c2":0.39,"c3":0.689,"c4":0.74},{"time":0.4,"angle":2.88,"curve":0.375,"c2":0.62,"c3":0.716},{"time":0.5,"angle":4.58,"curve":0.25,"c3":0.75},{"time":1,"angle":-8.5}]},"body8":{"rotate":[{"angle":4.39,"curve":0.352,"c2":0.65,"c3":0.687},{"time":0.0333,"angle":4.8,"curve":0.25,"c3":0.75},{"time":0.5333,"angle":-31.78,"curve":0.242,"c3":0.663,"c4":0.65},{"time":0.9,"angle":0.68}]},"body9":{"rotate":[{"angle":2.16,"curve":0.345,"c2":0.39,"c3":0.679,"c4":0.72},{"time":0.0333,"angle":3.37,"curve":0.366,"c2":0.63,"c3":0.703},{"time":0.1,"angle":4.8,"curve":0.25,"c3":0.75},{"time":0.6,"angle":-35.21,"curve":0.245,"c3":0.637,"c4":0.56},{"time":0.9,"angle":-2.66}]},"body10":{"rotate":[{"angle":15.49,"curve":0.339,"c2":0.35,"c3":0.673,"c4":0.69},{"time":0.0333,"angle":18.9,"curve":0.352,"c2":0.41,"c3":0.688,"c4":0.76},{"time":0.1,"angle":24.58,"curve":0.366,"c2":0.63,"c3":0.703},{"time":0.1667,"angle":27.59,"curve":0.25,"c3":0.75},{"time":0.6667,"angle":-28.04,"curve":0.252,"c3":0.622,"c4":0.48},{"time":0.9,"angle":4.18,"curve":0.334,"c2":0.34,"c3":0.67,"c4":0.68},{"time":0.9667,"angle":11.83,"curve":0.337,"c2":0.35,"c3":0.671,"c4":0.68},{"time":1,"angle":15.49}]},"body11":{"rotate":[{"angle":8.03,"curve":0.335,"c2":0.34,"c3":0.669,"c4":0.67},{"time":0.0333,"angle":11.83,"curve":0.342,"c2":0.36,"c3":0.678,"c4":0.7},{"time":0.1,"angle":18.9,"curve":0.352,"c2":0.41,"c3":0.688,"c4":0.76},{"time":0.1667,"angle":24.58,"curve":0.366,"c2":0.63,"c3":0.703},{"time":0.2333,"angle":27.59,"curve":0.25,"c3":0.75},{"time":0.7333,"angle":-15.7,"curve":0.265,"c3":0.618,"c4":0.43},{"time":0.9,"angle":-3.38,"curve":0.326,"c2":0.31,"c3":0.662,"c4":0.65},{"time":0.9667,"angle":4.18,"curve":0.333,"c2":0.33,"c3":0.667,"c4":0.67},{"time":1,"angle":8.03}]},"body12":{"rotate":[{"angle":0.33,"curve":0.331,"c2":0.33,"c3":0.665,"c4":0.66},{"time":0.0333,"angle":4.18,"curve":0.334,"c2":0.34,"c3":0.67,"c4":0.68},{"time":0.1,"angle":11.83,"curve":0.342,"c2":0.36,"c3":0.678,"c4":0.7},{"time":0.1667,"angle":18.9,"curve":0.352,"c2":0.41,"c3":0.688,"c4":0.76},{"time":0.2333,"angle":24.58,"curve":0.366,"c2":0.63,"c3":0.703},{"time":0.3,"angle":27.59,"curve":0.25,"c3":0.75},{"time":0.8,"angle":-15.7,"curve":0.284,"c3":0.625,"c4":0.38},{"time":0.9,"angle":-10.14,"curve":0.317,"c2":0.27,"c3":0.653,"c4":0.62},{"time":0.9667,"angle":-3.38,"curve":0.329,"c2":0.32,"c3":0.663,"c4":0.65},{"time":1,"angle":0.33}]},"body13":{"rotate":[{"angle":-6.95,"curve":0.327,"c2":0.31,"c3":0.661,"c4":0.65},{"time":0.0333,"angle":-3.38,"curve":0.326,"c2":0.31,"c3":0.662,"c4":0.65},{"time":0.1,"angle":4.18,"curve":0.334,"c2":0.34,"c3":0.67,"c4":0.68},{"time":0.1667,"angle":11.83,"curve":0.342,"c2":0.36,"c3":0.678,"c4":0.7},{"time":0.2333,"angle":18.9,"curve":0.352,"c2":0.41,"c3":0.688,"c4":0.76},{"time":0.3,"angle":24.58,"curve":0.366,"c2":0.63,"c3":0.703},{"time":0.3667,"angle":27.59,"curve":0.25,"c3":0.75},{"time":0.8667,"angle":-15.7,"curve":0.313,"c3":0.648,"c4":0.35},{"time":0.9,"angle":-14.87,"curve":0.305,"c2":0.18,"c3":0.642,"c4":0.53},{"time":0.9667,"angle":-10.14,"curve":0.324,"c2":0.3,"c3":0.658,"c4":0.63},{"time":1,"angle":-6.95,"curve":"stepped"},{"time":1.6667,"angle":-6.95}]},"leg_11":{"translate":[{"time":0.3333,"curve":0.25,"c3":0.75},{"time":0.4667,"x":166.16,"y":-30.87}]},"leg_14":{"translate":[{"time":0.3333,"curve":0.25,"c3":0.75},{"time":0.4667,"x":166.16,"y":-30.87}]},"leg_4":{"rotate":[{"time":0.3,"curve":0.25,"c3":0.75},{"time":0.4667,"angle":-128.32}],"translate":[{"time":0.3,"curve":0.25,"c3":0.75},{"time":0.4667,"x":22.7,"y":-29.06}]},"leg_7":{"rotate":[{"time":0.3,"curve":0.25,"c3":0.75},{"time":0.4667,"angle":-128.32}],"translate":[{"time":0.3,"curve":0.25,"c3":0.75},{"time":0.4667,"x":-18.16,"y":41.77}]},"Shadow":{"translate":[{"time":0.3333,"curve":0.25,"c3":0.75},{"time":0.5,"x":119.53}],"scale":[{"curve":0.25,"c3":0.75},{"time":0.3333,"x":0.944,"y":0.944,"curve":0.25,"c3":0.75},{"time":0.5,"x":1.746,"y":1.46}]}},"drawOrder":[{"time":0.6667,"offsets":[{"slot":"tail","offset":-4}]}]},"idle":{"slots":{"eye_close":{"attachment":[{"time":1.2,"name":"eye_close"},{"time":1.4,"name":null}]}},"bones":{"body":{"translate":[{"x":-1.14,"y":-14.22,"curve":0.3,"c2":0.21,"c3":0.756},{"time":0.4333,"x":11.42,"y":-23.92,"curve":0.25,"c3":0.75},{"time":0.9333,"x":-2.08,"y":-13.49,"curve":0.297,"c3":0.634,"c4":0.37},{"time":1,"x":-1.14,"y":-14.22,"curve":0.3,"c2":0.21,"c3":0.756},{"time":1.4333,"x":11.42,"y":-23.92,"curve":0.25,"c3":0.75},{"time":1.9333,"x":-2.08,"y":-13.49,"curve":0.297,"c3":0.634,"c4":0.37},{"time":2,"x":-1.14,"y":-14.22}]},"body2":{"rotate":[{"angle":2.88,"curve":0.375,"c2":0.62,"c3":0.716},{"time":0.1,"angle":4.58,"curve":0.25,"c3":0.75},{"time":0.6,"angle":-4.05,"curve":0.243,"c3":0.68,"c4":0.71},{"time":1,"angle":2.88,"curve":0.375,"c2":0.62,"c3":0.716},{"time":1.1,"angle":4.58,"curve":0.25,"c3":0.75},{"time":1.6,"angle":-4.05,"curve":0.243,"c3":0.68,"c4":0.71},{"time":2,"angle":2.88}]},"body3":{"rotate":[{"angle":-0.18,"curve":0.349,"c2":0.39,"c3":0.689,"c4":0.74},{"time":0.1,"angle":2.88,"curve":0.375,"c2":0.62,"c3":0.716},{"time":0.2,"angle":4.58,"curve":0.25,"c3":0.75},{"time":0.7,"angle":0.62,"curve":0.245,"c3":0.637,"c4":0.56},{"time":1,"angle":-0.18,"curve":0.349,"c2":0.39,"c3":0.689,"c4":0.74},{"time":1.1,"angle":2.88,"curve":0.375,"c2":0.62,"c3":0.716},{"time":1.2,"angle":4.58,"curve":0.25,"c3":0.75},{"time":1.7,"angle":0.62,"curve":0.245,"c3":0.637,"c4":0.56},{"time":2,"angle":-0.18}]},"body4":{"rotate":[{"angle":-3.64,"curve":0.33,"c2":0.32,"c3":0.67,"c4":0.68},{"time":0.2,"angle":-11.15,"curve":0.375,"c2":0.62,"c3":0.716},{"time":0.3,"angle":-14.09,"curve":0.375,"c2":0.62,"c3":0.716},{"time":0.8,"angle":-10.64,"curve":0.258,"c3":0.619,"c4":0.45},{"time":1,"angle":-3.64,"curve":0.33,"c2":0.32,"c3":0.67,"c4":0.68},{"time":1.2,"angle":-11.15,"curve":0.375,"c2":0.62,"c3":0.716},{"time":1.3,"angle":-14.09,"curve":0.375,"c2":0.62,"c3":0.716},{"time":1.8,"angle":-10.64,"curve":0.258,"c3":0.619,"c4":0.45},{"time":2,"angle":-3.64}]},"body5":{"rotate":[{"angle":-6.81,"curve":0.311,"c2":0.26,"c3":0.651,"c4":0.61},{"time":0.1,"angle":-3.64,"curve":0.33,"c2":0.32,"c3":0.67,"c4":0.68},{"time":0.2,"angle":-0.18,"curve":0.349,"c2":0.39,"c3":0.689,"c4":0.74},{"time":0.3,"angle":2.88,"curve":0.375,"c2":0.62,"c3":0.716},{"time":0.4,"angle":4.58,"curve":0.25,"c3":0.75},{"time":0.9,"angle":-8.5,"curve":0.284,"c3":0.625,"c4":0.38},{"time":1,"angle":-6.81,"curve":0.311,"c2":0.26,"c3":0.651,"c4":0.61},{"time":1.1,"angle":-3.64,"curve":0.33,"c2":0.32,"c3":0.67,"c4":0.68},{"time":1.2,"angle":-0.18,"curve":0.349,"c2":0.39,"c3":0.689,"c4":0.74},{"time":1.3,"angle":2.88,"curve":0.375,"c2":0.62,"c3":0.716},{"time":1.4,"angle":4.58,"curve":0.25,"c3":0.75},{"time":1.9,"angle":-8.5,"curve":0.284,"c3":0.625,"c4":0.38},{"time":2,"angle":-6.81}]},"head":{"rotate":[{"angle":-8.5,"curve":0.284,"c3":0.625,"c4":0.38},{"time":0.1,"angle":-6.81,"curve":0.311,"c2":0.26,"c3":0.651,"c4":0.61},{"time":0.2,"angle":-3.64,"curve":0.33,"c2":0.32,"c3":0.67,"c4":0.68},{"time":0.3,"angle":-0.18,"curve":0.349,"c2":0.39,"c3":0.689,"c4":0.74},{"time":0.4,"angle":2.88,"curve":0.375,"c2":0.62,"c3":0.716},{"time":0.5,"angle":4.58,"curve":0.25,"c3":0.75},{"time":1,"angle":-8.5,"curve":0.284,"c3":0.625,"c4":0.38},{"time":1.1,"angle":-6.81,"curve":0.311,"c2":0.26,"c3":0.651,"c4":0.61},{"time":1.2,"angle":-3.64,"curve":0.33,"c2":0.32,"c3":0.67,"c4":0.68},{"time":1.3,"angle":-0.18,"curve":0.349,"c2":0.39,"c3":0.689,"c4":0.74},{"time":1.4,"angle":2.88,"curve":0.375,"c2":0.62,"c3":0.716},{"time":1.5,"angle":4.58,"curve":0.25,"c3":0.75},{"time":2,"angle":-8.5}]},"mouth":{"rotate":[{"angle":-1.57,"curve":0.284,"c3":0.625,"c4":0.38},{"time":0.1,"angle":-6.81,"curve":0.311,"c2":0.26,"c3":0.651,"c4":0.61},{"time":0.2,"angle":-3.64,"curve":0.33,"c2":0.32,"c3":0.67,"c4":0.68},{"time":0.3,"angle":-0.18,"curve":0.349,"c2":0.39,"c3":0.689,"c4":0.74},{"time":0.4,"angle":2.88,"curve":0.375,"c2":0.62,"c3":0.716},{"time":0.5,"angle":4.58,"curve":0.25,"c3":0.75},{"time":1,"angle":-1.57,"curve":0.284,"c3":0.625,"c4":0.38},{"time":1.1,"angle":-6.81,"curve":0.311,"c2":0.26,"c3":0.651,"c4":0.61},{"time":1.2,"angle":-3.64,"curve":0.33,"c2":0.32,"c3":0.67,"c4":0.68},{"time":1.3,"angle":-0.18,"curve":0.349,"c2":0.39,"c3":0.689,"c4":0.74},{"time":1.4,"angle":2.88,"curve":0.375,"c2":0.62,"c3":0.716},{"time":1.5,"angle":4.58,"curve":0.25,"c3":0.75},{"time":2,"angle":-1.57}]},"body8":{"rotate":[{"angle":4.39,"curve":0.352,"c2":0.65,"c3":0.687},{"time":0.0333,"angle":4.8,"curve":0.25,"c3":0.75},{"time":0.5333,"angle":-9.74,"curve":0.242,"c3":0.663,"c4":0.65},{"time":0.9,"angle":0.68,"curve":0.352,"c2":0.41,"c3":0.688,"c4":0.76},{"time":0.9667,"angle":3.37,"curve":0.348,"c2":0.43,"c3":0.682,"c4":0.77},{"time":1,"angle":4.39,"curve":0.352,"c2":0.65,"c3":0.687},{"time":1.0333,"angle":4.8,"curve":0.25,"c3":0.75},{"time":1.5333,"angle":-9.74,"curve":0.242,"c3":0.663,"c4":0.65},{"time":1.9,"angle":0.68,"curve":0.352,"c2":0.41,"c3":0.688,"c4":0.76},{"time":1.9667,"angle":3.37,"curve":0.348,"c2":0.43,"c3":0.682,"c4":0.77},{"time":2,"angle":4.39}]},"body9":{"rotate":[{"angle":2.16,"curve":0.345,"c2":0.39,"c3":0.679,"c4":0.72},{"time":0.0333,"angle":3.37,"curve":0.366,"c2":0.63,"c3":0.703},{"time":0.1,"angle":4.8,"curve":0.25,"c3":0.75},{"time":0.6,"angle":-15.7,"curve":0.245,"c3":0.637,"c4":0.56},{"time":0.9,"angle":-2.66,"curve":0.342,"c2":0.36,"c3":0.678,"c4":0.7},{"time":0.9667,"angle":0.68,"curve":0.342,"c2":0.37,"c3":0.676,"c4":0.7},{"time":1,"angle":2.16,"curve":0.345,"c2":0.39,"c3":0.679,"c4":0.72},{"time":1.0333,"angle":3.37,"curve":0.366,"c2":0.63,"c3":0.703},{"time":1.1,"angle":4.8,"curve":0.25,"c3":0.75},{"time":1.6,"angle":-15.7,"curve":0.245,"c3":0.637,"c4":0.56},{"time":1.9,"angle":-2.66,"curve":0.342,"c2":0.36,"c3":0.678,"c4":0.7},{"time":1.9667,"angle":0.68,"curve":0.342,"c2":0.37,"c3":0.676,"c4":0.7},{"time":2,"angle":2.16}]},"body10":{"rotate":[{"angle":15.49,"curve":0.339,"c2":0.35,"c3":0.673,"c4":0.69},{"time":0.0333,"angle":18.9,"curve":0.352,"c2":0.41,"c3":0.688,"c4":0.76},{"time":0.1,"angle":16.06,"curve":0.366,"c2":0.63,"c3":0.703},{"time":0.1667,"angle":15.8,"curve":0.25,"c3":0.75},{"time":0.6667,"angle":-2.48,"curve":0.252,"c3":0.622,"c4":0.48},{"time":0.9,"angle":4.18,"curve":0.334,"c2":0.34,"c3":0.67,"c4":0.68},{"time":0.9667,"angle":11.83,"curve":0.337,"c2":0.35,"c3":0.671,"c4":0.68},{"time":1,"angle":15.49,"curve":0.339,"c2":0.35,"c3":0.673,"c4":0.69},{"time":1.0333,"angle":18.9,"curve":0.352,"c2":0.41,"c3":0.688,"c4":0.76},{"time":1.1,"angle":16.06,"curve":0.366,"c2":0.63,"c3":0.703},{"time":1.1667,"angle":15.8,"curve":0.25,"c3":0.75},{"time":1.6667,"angle":-2.48,"curve":0.252,"c3":0.622,"c4":0.48},{"time":1.9,"angle":4.18,"curve":0.334,"c2":0.34,"c3":0.67,"c4":0.68},{"time":1.9667,"angle":11.83,"curve":0.337,"c2":0.35,"c3":0.671,"c4":0.68},{"time":2,"angle":15.49}]},"body11":{"rotate":[{"angle":8.03,"curve":0.335,"c2":0.34,"c3":0.669,"c4":0.67},{"time":0.0333,"angle":11.83,"curve":0.342,"c2":0.36,"c3":0.678,"c4":0.7},{"time":0.1,"angle":18.9,"curve":0.352,"c2":0.41,"c3":0.688,"c4":0.76},{"time":0.1667,"angle":24.58,"curve":0.366,"c2":0.63,"c3":0.703},{"time":0.2333,"angle":12.01,"curve":0.25,"c3":0.75},{"time":0.7333,"angle":-2.03,"curve":0.265,"c3":0.618,"c4":0.43},{"time":0.9,"angle":-3.38,"curve":0.326,"c2":0.31,"c3":0.662,"c4":0.65},{"time":0.9667,"angle":4.18,"curve":0.333,"c2":0.33,"c3":0.667,"c4":0.67},{"time":1,"angle":8.03,"curve":0.335,"c2":0.34,"c3":0.669,"c4":0.67},{"time":1.0333,"angle":11.83,"curve":0.342,"c2":0.36,"c3":0.678,"c4":0.7},{"time":1.1,"angle":18.9,"curve":0.352,"c2":0.41,"c3":0.688,"c4":0.76},{"time":1.1667,"angle":24.58,"curve":0.366,"c2":0.63,"c3":0.703},{"time":1.2333,"angle":12.01,"curve":0.25,"c3":0.75},{"time":1.7333,"angle":-2.03,"curve":0.265,"c3":0.618,"c4":0.43},{"time":1.9,"angle":-3.38,"curve":0.326,"c2":0.31,"c3":0.662,"c4":0.65},{"time":1.9667,"angle":4.18,"curve":0.333,"c2":0.33,"c3":0.667,"c4":0.67},{"time":2,"angle":8.03}]},"body12":{"rotate":[{"angle":0.33,"curve":0.331,"c2":0.33,"c3":0.665,"c4":0.66},{"time":0.0333,"angle":4.18,"curve":0.334,"c2":0.34,"c3":0.67,"c4":0.68},{"time":0.1,"angle":11.83,"curve":0.342,"c2":0.36,"c3":0.678,"c4":0.7},{"time":0.1667,"angle":18.9,"curve":0.352,"c2":0.41,"c3":0.688,"c4":0.76},{"time":0.2333,"angle":24.58,"curve":0.366,"c2":0.63,"c3":0.703},{"time":0.3,"angle":17.64,"curve":0.25,"c3":0.75},{"time":0.8,"angle":-15.48,"curve":0.284,"c3":0.625,"c4":0.38},{"time":0.9,"angle":-10.14,"curve":0.317,"c2":0.27,"c3":0.653,"c4":0.62},{"time":0.9667,"angle":-3.38,"curve":0.329,"c2":0.32,"c3":0.663,"c4":0.65},{"time":1,"angle":0.33,"curve":0.331,"c2":0.33,"c3":0.665,"c4":0.66},{"time":1.0333,"angle":4.18,"curve":0.334,"c2":0.34,"c3":0.67,"c4":0.68},{"time":1.1,"angle":11.83,"curve":0.342,"c2":0.36,"c3":0.678,"c4":0.7},{"time":1.1667,"angle":18.9,"curve":0.352,"c2":0.41,"c3":0.688,"c4":0.76},{"time":1.2333,"angle":24.58,"curve":0.366,"c2":0.63,"c3":0.703},{"time":1.3,"angle":17.64,"curve":0.25,"c3":0.75},{"time":1.8,"angle":-15.48,"curve":0.284,"c3":0.625,"c4":0.38},{"time":1.9,"angle":-10.14,"curve":0.317,"c2":0.27,"c3":0.653,"c4":0.62},{"time":1.9667,"angle":-3.38,"curve":0.329,"c2":0.32,"c3":0.663,"c4":0.65},{"time":2,"angle":0.33}]},"body13":{"rotate":[{"angle":-6.95,"curve":0.327,"c2":0.31,"c3":0.661,"c4":0.65},{"time":0.0333,"angle":-3.38,"curve":0.326,"c2":0.31,"c3":0.662,"c4":0.65},{"time":0.1,"angle":4.18,"curve":0.334,"c2":0.34,"c3":0.67,"c4":0.68},{"time":0.1667,"angle":-3.38,"curve":0.342,"c2":0.36,"c3":0.678,"c4":0.7},{"time":0.2333,"angle":18.9,"curve":0.352,"c2":0.41,"c3":0.688,"c4":0.76},{"time":0.3,"angle":24.58,"curve":0.366,"c2":0.63,"c3":0.703},{"time":0.3667,"angle":27.59,"curve":0.25,"c3":0.75},{"time":0.8667,"angle":-15.7,"curve":0.313,"c3":0.648,"c4":0.35},{"time":0.9,"angle":-14.87,"curve":0.305,"c2":0.18,"c3":0.642,"c4":0.53},{"time":0.9667,"angle":-10.14,"curve":0.324,"c2":0.3,"c3":0.658,"c4":0.63},{"time":1,"angle":-6.95,"curve":0.327,"c2":0.31,"c3":0.661,"c4":0.65},{"time":1.0333,"angle":-3.38,"curve":0.326,"c2":0.31,"c3":0.662,"c4":0.65},{"time":1.1,"angle":4.18,"curve":0.334,"c2":0.34,"c3":0.67,"c4":0.68},{"time":1.1667,"angle":11.83,"curve":0.342,"c2":0.36,"c3":0.678,"c4":0.7},{"time":1.2333,"angle":18.9,"curve":0.352,"c2":0.41,"c3":0.688,"c4":0.76},{"time":1.3,"angle":24.58,"curve":0.366,"c2":0.63,"c3":0.703},{"time":1.3667,"angle":27.59,"curve":0.25,"c3":0.75},{"time":1.8667,"angle":-15.7,"curve":0.313,"c3":0.648,"c4":0.35},{"time":1.9,"angle":-14.87,"curve":0.305,"c2":0.18,"c3":0.642,"c4":0.53},{"time":1.9667,"angle":-10.14,"curve":0.324,"c2":0.3,"c3":0.658,"c4":0.63},{"time":2,"angle":-6.95}]},"Shadow":{"scale":[{"x":0.973,"y":0.973,"curve":0.25,"c3":0.75},{"time":0.5,"x":1.037,"y":1.037,"curve":0.25,"c3":0.75},{"time":1,"x":0.973,"y":0.973,"curve":0.25,"c3":0.75},{"time":1.5,"x":1.037,"y":1.037,"curve":0.25,"c3":0.75},{"time":2,"x":0.973,"y":0.973}]}}},"run":{"bones":{"body":{"translate":[{"y":-12.94,"curve":0.375,"c2":0.5,"c3":0.75},{"time":0.1,"y":-25.89,"curve":0.25,"c3":0.75},{"time":0.3,"curve":0.25,"c3":0.75},{"time":0.5,"y":-25.89,"curve":0.25,"c3":0.75},{"time":0.7,"curve":0.25,"c3":0.625,"c4":0.5},{"time":0.8,"y":-12.94}]},"leg_4":{"rotate":[{"curve":0.25,"c3":0.75},{"time":0.2667,"angle":1.91,"curve":0.349,"c2":0.38,"c3":0.693,"c4":0.75},{"time":0.4,"angle":-16.2,"curve":0.375,"c2":0.62,"c3":0.716},{"time":0.5,"angle":-35.45,"curve":0.25,"c3":0.75},{"time":0.7,"angle":2.18,"curve":0.25,"c3":0.75},{"time":0.8}],"translate":[{"x":89.17,"y":7.16,"curve":0.25,"c3":0.75},{"time":0.2667,"x":-1.03,"y":13.89,"curve":0.382,"c2":0.57,"c3":0.735},{"time":0.4,"x":-48.36,"y":24.74,"curve":0.276,"c3":0.621,"c4":0.4},{"time":0.5,"x":-13.27,"y":40.05,"curve":0.314,"c2":0.27,"c3":0.686,"c4":0.73},{"time":0.7,"x":82.02,"y":30.56,"curve":0.379,"c2":0.6,"c3":0.724},{"time":0.8,"x":89.17,"y":7.16}]},"leg_14":{"translate":[{"x":46.11,"curve":0.25,"c3":0.75},{"time":0.4,"x":-54.07,"y":1.35,"curve":0.276,"c3":0.621,"c4":0.4},{"time":0.5,"x":-33.56,"y":22.7,"curve":0.314,"c2":0.27,"c3":0.686,"c4":0.73},{"time":0.7,"x":35.37,"y":28.8,"curve":0.379,"c2":0.6,"c3":0.724},{"time":0.8,"x":46.11}]},"leg_7":{"rotate":[{"angle":-24.85,"curve":0.25,"c3":0.75},{"time":0.2,"angle":7.65,"curve":0.25,"c3":0.75},{"time":0.3,"angle":-2.34,"curve":0.25,"c3":0.75},{"time":0.7,"curve":0.25,"c3":0.75},{"time":0.8,"angle":-24.85}],"translate":[{"x":-35.29,"y":33.18,"curve":0.314,"c2":0.27,"c3":0.686,"c4":0.73},{"time":0.2,"x":47.26,"y":30.12,"curve":0.379,"c2":0.6,"c3":0.724},{"time":0.3,"x":63.91,"curve":0.25,"c3":0.75},{"time":0.7,"x":-53.39,"curve":0.276,"c3":0.621,"c4":0.4},{"time":0.8,"x":-35.29,"y":33.18}]},"leg_11":{"rotate":[{"angle":-17.8,"curve":0.25,"c3":0.75},{"time":0.0333,"angle":-24.85,"curve":0.25,"c3":0.75},{"time":0.2333,"angle":7.65,"curve":0.25,"c3":0.75},{"time":0.3333,"angle":-2.34,"curve":0.25,"c3":0.75},{"time":0.7333,"curve":0.25,"c3":0.75},{"time":0.8,"angle":-17.8}],"translate":[{"x":-57.68,"y":17.14,"curve":0.25,"c3":0.75},{"time":0.0333,"x":-49.57,"y":33.18,"curve":0.25,"c3":0.75},{"time":0.2333,"x":28.39,"y":30.12,"curve":0.25,"c3":0.75},{"time":0.3333,"x":62.52,"y":17.94,"curve":0.25,"c3":0.75},{"time":0.7333,"x":-63.65,"y":9.87,"curve":0.25,"c3":0.75},{"time":0.8,"x":-57.68,"y":17.14}]},"body2":{"rotate":[{"angle":0.39,"curve":0.371,"c2":0.62,"c3":0.71},{"time":0.0333,"angle":0.86,"curve":0.243,"c3":0.689,"c4":0.75},{"time":0.2,"angle":-3.49,"curve":0.371,"c2":0.62,"c3":0.71},{"time":0.2333,"angle":-3.95,"curve":0.25,"c3":0.75},{"time":0.4333,"angle":0.86,"curve":0.25,"c3":0.75},{"time":0.6333,"angle":-3.95,"curve":0.243,"c3":0.689,"c4":0.75},{"time":0.8,"angle":0.39}]},"body3":{"rotate":[{"angle":-0.51,"curve":0.382,"c2":0.57,"c3":0.735},{"time":0.0667,"angle":0.86,"curve":0.243,"c3":0.649,"c4":0.6},{"time":0.2,"angle":-2.62,"curve":0.351,"c2":0.4,"c3":0.689,"c4":0.75},{"time":0.2333,"angle":-3.49,"curve":0.371,"c2":0.62,"c3":0.71},{"time":0.2667,"angle":-3.95,"curve":0.25,"c3":0.75},{"time":0.4667,"angle":0.86,"curve":0.25,"c3":0.75},{"time":0.6667,"angle":-3.95,"curve":0.243,"c3":0.649,"c4":0.6},{"time":0.8,"angle":-0.51}]},"body4":{"rotate":[{"angle":-2.59,"curve":0.351,"c2":0.4,"c3":0.757},{"time":0.1333,"angle":0.86,"curve":0.265,"c3":0.618,"c4":0.43},{"time":0.2,"angle":-0.52,"curve":0.325,"c2":0.31,"c3":0.675,"c4":0.69},{"time":0.2667,"angle":-2.62,"curve":0.351,"c2":0.4,"c3":0.689,"c4":0.75},{"time":0.3,"angle":-3.49,"curve":0.371,"c2":0.62,"c3":0.71},{"time":0.3333,"angle":-3.95,"curve":0.25,"c3":0.75},{"time":0.5333,"angle":0.86,"curve":0.25,"c3":0.75},{"time":0.7333,"angle":-3.95,"curve":0.265,"c3":0.618,"c4":0.43},{"time":0.8,"angle":-2.59}]},"body5":{"rotate":[{"angle":-3.95,"curve":0.25,"c3":0.75},{"time":0.2,"angle":0.86,"curve":0.265,"c3":0.618,"c4":0.43},{"time":0.2667,"angle":-0.52,"curve":0.325,"c2":0.31,"c3":0.675,"c4":0.69},{"time":0.3333,"angle":-2.62,"curve":0.351,"c2":0.4,"c3":0.689,"c4":0.75},{"time":0.3667,"angle":-3.49,"curve":0.371,"c2":0.62,"c3":0.71},{"time":0.4,"angle":-3.95,"curve":0.25,"c3":0.75},{"time":0.6,"angle":0.86,"curve":0.25,"c3":0.75},{"time":0.8,"angle":-3.95}]},"head":{"rotate":[{"angle":-3.95,"curve":0.25,"c3":0.75},{"time":0.2,"angle":0.86,"curve":0.265,"c3":0.618,"c4":0.43},{"time":0.2667,"angle":-0.52,"curve":0.325,"c2":0.31,"c3":0.675,"c4":0.69},{"time":0.3333,"angle":-2.62,"curve":0.351,"c2":0.4,"c3":0.689,"c4":0.75},{"time":0.3667,"angle":-3.49,"curve":0.371,"c2":0.62,"c3":0.71},{"time":0.4,"angle":-3.95,"curve":0.25,"c3":0.75},{"time":0.6,"angle":0.86,"curve":0.25,"c3":0.75},{"time":0.8,"angle":-3.95}]},"body7":{"rotate":[{"angle":-2.82,"curve":0.371,"c2":0.62,"c3":0.71},{"time":0.0667,"angle":-1.71,"curve":0.25,"c3":0.75},{"time":0.4667,"angle":-13.25,"curve":0.243,"c3":0.689,"c4":0.75},{"time":0.8,"angle":-2.82}]},"body8":{"rotate":[{"angle":-4.91,"curve":0.351,"c2":0.4,"c3":0.689,"c4":0.75},{"time":0.0667,"angle":-2.82,"curve":0.371,"c2":0.62,"c3":0.71},{"time":0.1333,"angle":-1.71,"curve":0.25,"c3":0.75},{"time":0.5333,"angle":-13.25,"curve":0.243,"c3":0.649,"c4":0.6},{"time":0.8,"angle":-4.91}]},"body9":{"rotate":[{"angle":2.89,"curve":0.338,"c2":0.35,"c3":0.675,"c4":0.69},{"time":0.0667,"angle":9.82,"curve":0.351,"c2":0.4,"c3":0.689,"c4":0.75},{"time":0.1333,"angle":15.58,"curve":0.371,"c2":0.62,"c3":0.71},{"time":0.2,"angle":18.66,"curve":0.25,"c3":0.75},{"time":0.6,"angle":-13.25,"curve":0.25,"c3":0.625,"c4":0.5},{"time":0.8,"angle":2.89}]},"body10":{"rotate":[{"angle":-4.14,"curve":0.325,"c2":0.31,"c3":0.662,"c4":0.65},{"time":0.0667,"angle":2.89,"curve":0.338,"c2":0.35,"c3":0.675,"c4":0.69},{"time":0.1333,"angle":9.82,"curve":0.351,"c2":0.4,"c3":0.689,"c4":0.75},{"time":0.2,"angle":15.58,"curve":0.371,"c2":0.62,"c3":0.71},{"time":0.2667,"angle":18.66,"curve":0.25,"c3":0.75},{"time":0.6667,"angle":-13.25,"curve":0.265,"c3":0.618,"c4":0.43},{"time":0.8,"angle":-4.14}]},"body11":{"rotate":[{"angle":-8.8,"curve":0.311,"c2":0.25,"c3":0.649,"c4":0.6},{"time":0.0667,"angle":0.04,"curve":0.325,"c2":0.31,"c3":0.662,"c4":0.65},{"time":0.1333,"angle":10.29,"curve":0.338,"c2":0.35,"c3":0.675,"c4":0.69},{"time":0.2,"angle":20.38,"curve":0.351,"c2":0.4,"c3":0.689,"c4":0.75},{"time":0.2667,"angle":28.79,"curve":0.371,"c2":0.62,"c3":0.71},{"time":0.3333,"angle":33.27,"curve":0.25,"c3":0.75},{"time":0.7333,"angle":-13.25,"curve":0.29,"c3":0.629,"c4":0.38},{"time":0.8,"angle":-8.8}]},"body12":{"rotate":[{"angle":-13.25,"curve":0.29,"c3":0.629,"c4":0.38},{"time":0.0667,"angle":-8.8,"curve":0.311,"c2":0.25,"c3":0.649,"c4":0.6},{"time":0.1333,"angle":0.04,"curve":0.325,"c2":0.31,"c3":0.662,"c4":0.65},{"time":0.2,"angle":10.29,"curve":0.338,"c2":0.35,"c3":0.675,"c4":0.69},{"time":0.2667,"angle":20.38,"curve":0.351,"c2":0.4,"c3":0.689,"c4":0.75},{"time":0.3333,"angle":28.79,"curve":0.371,"c2":0.62,"c3":0.71},{"time":0.4,"angle":33.27,"curve":0.25,"c3":0.75},{"time":0.8,"angle":-13.25}]},"body13":{"rotate":[{"angle":-8.77,"curve":0.371,"c2":0.62,"c3":0.71},{"time":0.0667,"angle":-13.25,"curve":0.29,"c3":0.629,"c4":0.38},{"time":0.1333,"angle":-8.8,"curve":0.311,"c2":0.25,"c3":0.649,"c4":0.6},{"time":0.2,"angle":0.04,"curve":0.325,"c2":0.31,"c3":0.662,"c4":0.65},{"time":0.2667,"angle":10.29,"curve":0.338,"c2":0.35,"c3":0.675,"c4":0.69},{"time":0.3333,"angle":20.38,"curve":0.351,"c2":0.4,"c3":0.689,"c4":0.75},{"time":0.4,"angle":28.79,"curve":0.371,"c2":0.62,"c3":0.71},{"time":0.4667,"angle":33.27,"curve":0.243,"c3":0.689,"c4":0.75},{"time":0.8,"angle":-8.77}]},"mouth":{"rotate":[{"angle":-0.99,"curve":0.351,"c2":0.4,"c3":0.757},{"time":0.0667,"angle":7.67,"curve":0.25,"c3":0.75},{"time":0.3333,"angle":0.27,"curve":0.25,"c3":0.75},{"time":0.5333,"angle":7.67,"curve":0.25,"c3":0.75},{"time":0.7333,"angle":-4.42,"curve":0.265,"c3":0.618,"c4":0.43},{"time":0.8,"angle":-0.99}]},"Shadow":{"scale":[{"x":0.973,"y":0.973,"curve":0.25,"c3":0.75},{"time":0.2,"x":1.037,"y":1.037,"curve":0.25,"c3":0.75},{"time":0.4,"x":0.973,"y":0.973,"curve":0.25,"c3":0.75},{"time":0.6,"x":1.037,"y":1.037,"curve":0.25,"c3":0.75},{"time":0.8,"x":0.973,"y":0.973}]}},"ik":{"leg_11":[{"stretch":true}],"leg_4":[{"bendPositive":false,"stretch":true}]}}}}