{"textures":[{"image":"default-resources-0.png","format":"RGBA8888","size":{"w":2024,"h":2024},"scale":1,"frames":[{"filename":"bg/bg-middle-2","rotated":false,"trimmed":false,"sourceSize":{"w":900,"h":849},"spriteSourceSize":{"x":0,"y":0,"w":900,"h":849},"frame":{"x":2,"y":2,"w":900,"h":849}},{"filename":"bg/bg-middle","rotated":false,"trimmed":false,"sourceSize":{"w":719,"h":849},"spriteSourceSize":{"x":0,"y":0,"w":719,"h":849},"frame":{"x":2,"y":854,"w":719,"h":849}},{"filename":"ui-ngang/bg-middle","rotated":false,"trimmed":false,"sourceSize":{"w":719,"h":568},"spriteSourceSize":{"x":0,"y":0,"w":719,"h":568},"frame":{"x":905,"y":2,"w":719,"h":568}},{"filename":"ui-ngang/bg-top","rotated":false,"trimmed":false,"sourceSize":{"w":719,"h":178},"spriteSourceSize":{"x":0,"y":0,"w":719,"h":178},"frame":{"x":2,"y":1706,"w":719,"h":178}},{"filename":"ui-ngang/bg-bottom","rotated":false,"trimmed":false,"sourceSize":{"w":719,"h":175},"spriteSourceSize":{"x":0,"y":0,"w":719,"h":175},"frame":{"x":905,"y":573,"w":719,"h":175}},{"filename":"popup/background","rotated":false,"trimmed":false,"sourceSize":{"w":395,"h":221},"spriteSourceSize":{"x":0,"y":0,"w":395,"h":221},"frame":{"x":1627,"y":2,"w":395,"h":221}},{"filename":"bg/bg-bottom","rotated":false,"trimmed":false,"sourceSize":{"w":719,"h":111},"spriteSourceSize":{"x":0,"y":0,"w":719,"h":111},"frame":{"x":2,"y":1887,"w":719,"h":111}},{"filename":"leaderboards/bg-bottom","rotated":false,"trimmed":false,"sourceSize":{"w":949,"h":67},"spriteSourceSize":{"x":0,"y":0,"w":949,"h":67},"frame":{"x":905,"y":751,"w":949,"h":67}},{"filename":"ui-ngang/khung-next-block","rotated":false,"trimmed":false,"sourceSize":{"w":200,"h":600},"spriteSourceSize":{"x":0,"y":0,"w":200,"h":600},"frame":{"x":724,"y":854,"w":200,"h":600}},{"filename":"daily-challenge/bg","rotated":false,"trimmed":false,"sourceSize":{"w":520,"h":285},"spriteSourceSize":{"x":0,"y":0,"w":520,"h":285},"frame":{"x":927,"y":821,"w":520,"h":285}},{"filename":"score-panel","rotated":false,"trimmed":false,"sourceSize":{"w":526,"h":152},"spriteSourceSize":{"x":0,"y":0,"w":526,"h":152},"frame":{"x":927,"y":1109,"w":526,"h":152}},{"filename":"popup/middle","rotated":false,"trimmed":false,"sourceSize":{"w":431,"h":227},"spriteSourceSize":{"x":0,"y":0,"w":431,"h":227},"frame":{"x":1450,"y":821,"w":431,"h":227}},{"filename":"buttons/green-large","rotated":false,"trimmed":false,"sourceSize":{"w":484,"h":142},"spriteSourceSize":{"x":0,"y":0,"w":484,"h":142},"frame":{"x":927,"y":1264,"w":484,"h":142}},{"filename":"lives/heart","rotated":false,"trimmed":false,"sourceSize":{"w":339,"h":279},"spriteSourceSize":{"x":0,"y":0,"w":339,"h":279},"frame":{"x":1627,"y":226,"w":339,"h":279}},{"filename":"ui-ngang/khung-mission","rotated":false,"trimmed":false,"sourceSize":{"w":95,"h":464},"spriteSourceSize":{"x":0,"y":0,"w":95,"h":464},"frame":{"x":724,"y":1457,"w":95,"h":464}},{"filename":"daily-challenge/bg-item-dark","rotated":false,"trimmed":false,"sourceSize":{"w":508,"h":81},"spriteSourceSize":{"x":0,"y":0,"w":508,"h":81},"frame":{"x":927,"y":1409,"w":508,"h":81}},{"filename":"best-score-frame-long","rotated":false,"trimmed":false,"sourceSize":{"w":386,"h":154},"spriteSourceSize":{"x":0,"y":0,"w":386,"h":154},"frame":{"x":1627,"y":508,"w":386,"h":154}},{"filename":"buttons/brown","rotated":false,"trimmed":false,"sourceSize":{"w":483,"h":108},"spriteSourceSize":{"x":0,"y":0,"w":483,"h":108},"frame":{"x":822,"y":1493,"w":483,"h":108}},{"filename":"bg/bg-dark","rotated":false,"trimmed":false,"sourceSize":{"w":243,"h":303},"spriteSourceSize":{"x":0,"y":0,"w":243,"h":303},"frame":{"x":822,"y":1604,"w":243,"h":303}},{"filename":"border-daily","rotated":false,"trimmed":false,"sourceSize":{"w":518,"h":51},"spriteSourceSize":{"x":0,"y":0,"w":518,"h":51},"frame":{"x":1450,"y":1051,"w":518,"h":51}},{"filename":"popup/top-dark","rotated":false,"trimmed":false,"sourceSize":{"w":431,"h":89},"spriteSourceSize":{"x":0,"y":0,"w":431,"h":89},"frame":{"x":1456,"y":1105,"w":431,"h":89}},{"filename":"bg-progress-circle","rotated":false,"trimmed":false,"sourceSize":{"w":232,"h":231},"spriteSourceSize":{"x":0,"y":0,"w":232,"h":231},"frame":{"x":1068,"y":1604,"w":232,"h":231}},{"filename":"bottom-panel","rotated":false,"trimmed":false,"sourceSize":{"w":281,"h":171},"spriteSourceSize":{"x":0,"y":0,"w":281,"h":171},"frame":{"x":1456,"y":1197,"w":281,"h":171}},{"filename":"avatar/border-big","rotated":false,"trimmed":false,"sourceSize":{"w":175,"h":175},"spriteSourceSize":{"x":0,"y":0,"w":175,"h":175},"frame":{"x":1740,"y":1197,"w":175,"h":175}},{"filename":"buttons/dark-blue-big","rotated":false,"trimmed":false,"sourceSize":{"w":240,"h":109},"spriteSourceSize":{"x":0,"y":0,"w":240,"h":109},"frame":{"x":1068,"y":1838,"w":240,"h":109}},{"filename":"buttons/dark-blue-small","rotated":false,"trimmed":false,"sourceSize":{"w":237,"h":108},"spriteSourceSize":{"x":0,"y":0,"w":237,"h":108},"frame":{"x":1438,"y":1371,"w":237,"h":108}},{"filename":"bg/level-locked","rotated":false,"trimmed":false,"sourceSize":{"w":101,"h":83},"spriteSourceSize":{"x":0,"y":0,"w":101,"h":83},"frame":{"x":1627,"y":665,"w":101,"h":83}},{"filename":"buttons/green-big","rotated":false,"trimmed":false,"sourceSize":{"w":236,"h":108},"spriteSourceSize":{"x":0,"y":0,"w":236,"h":108},"frame":{"x":1678,"y":1375,"w":236,"h":108}},{"filename":"avatar/border","rotated":false,"trimmed":true,"sourceSize":{"w":138,"h":144},"spriteSourceSize":{"x":0,"y":4,"w":138,"h":140},"frame":{"x":1884,"y":665,"w":138,"h":140}},{"filename":"ui-ngang/khung-best-score","rotated":false,"trimmed":false,"sourceSize":{"w":111,"h":169},"spriteSourceSize":{"x":0,"y":0,"w":111,"h":169},"frame":{"x":1884,"y":808,"w":111,"h":169}},{"filename":"preloader/dual-ring","rotated":false,"trimmed":true,"sourceSize":{"w":200,"h":200},"spriteSourceSize":{"x":27,"y":26,"w":146,"h":148},"frame":{"x":1308,"y":1493,"w":146,"h":148}},{"filename":"icon-journey","rotated":false,"trimmed":false,"sourceSize":{"w":150,"h":122},"spriteSourceSize":{"x":0,"y":0,"w":150,"h":122},"frame":{"x":1303,"y":1644,"w":150,"h":122}},{"filename":"ui-ngang/khung-score","rotated":false,"trimmed":false,"sourceSize":{"w":173,"h":99},"spriteSourceSize":{"x":0,"y":0,"w":173,"h":99},"frame":{"x":1457,"y":1482,"w":173,"h":99}},{"filename":"buttons/toggle-off","rotated":false,"trimmed":false,"sourceSize":{"w":177,"h":61},"spriteSourceSize":{"x":0,"y":0,"w":177,"h":61},"frame":{"x":1457,"y":1584,"w":177,"h":61}},{"filename":"buttons/toggle-on","rotated":false,"trimmed":false,"sourceSize":{"w":177,"h":61},"spriteSourceSize":{"x":0,"y":0,"w":177,"h":61},"frame":{"x":1456,"y":1648,"w":177,"h":61}},{"filename":"texts/draw","rotated":false,"trimmed":false,"sourceSize":{"w":191,"h":53},"spriteSourceSize":{"x":0,"y":0,"w":191,"h":53},"frame":{"x":1456,"y":1712,"w":191,"h":53}},{"filename":"avatar/background","rotated":false,"trimmed":false,"sourceSize":{"w":105,"h":107},"spriteSourceSize":{"x":0,"y":0,"w":105,"h":107},"frame":{"x":1917,"y":1375,"w":105,"h":107}},{"filename":"daily-challenge/time-panel","rotated":false,"trimmed":false,"sourceSize":{"w":170,"h":48},"spriteSourceSize":{"x":0,"y":0,"w":170,"h":48},"frame":{"x":1303,"y":1769,"w":170,"h":48}},{"filename":"best-score-frame","rotated":false,"trimmed":false,"sourceSize":{"w":111,"h":152},"spriteSourceSize":{"x":0,"y":0,"w":111,"h":152},"frame":{"x":1311,"y":1820,"w":111,"h":152}},{"filename":"ui-ngang/text-mission","rotated":false,"trimmed":false,"sourceSize":{"w":170,"h":42},"spriteSourceSize":{"x":0,"y":0,"w":170,"h":42},"frame":{"x":1476,"y":1768,"w":170,"h":42}},{"filename":"buttons/skip","rotated":false,"trimmed":false,"sourceSize":{"w":120,"h":71},"spriteSourceSize":{"x":0,"y":0,"w":120,"h":71},"frame":{"x":1731,"y":665,"w":120,"h":71}},{"filename":"texts/refill-lives","rotated":false,"trimmed":false,"sourceSize":{"w":179,"h":36},"spriteSourceSize":{"x":0,"y":0,"w":179,"h":36},"frame":{"x":822,"y":1910,"w":179,"h":36}},{"filename":"texts/text-journey","rotated":false,"trimmed":false,"sourceSize":{"w":169,"h":40},"spriteSourceSize":{"x":0,"y":0,"w":169,"h":40},"frame":{"x":1476,"y":1813,"w":169,"h":40}},{"filename":"avatar/border-challenge","rotated":false,"trimmed":false,"sourceSize":{"w":119,"h":118},"spriteSourceSize":{"x":0,"y":0,"w":119,"h":118},"frame":{"x":1425,"y":1856,"w":119,"h":118}},{"filename":"buttons/minor","rotated":false,"trimmed":false,"sourceSize":{"w":124,"h":106},"spriteSourceSize":{"x":0,"y":0,"w":124,"h":106},"frame":{"x":1547,"y":1856,"w":124,"h":106}},{"filename":"texts/play-single","rotated":false,"trimmed":false,"sourceSize":{"w":166,"h":43},"spriteSourceSize":{"x":0,"y":0,"w":166,"h":43},"frame":{"x":1633,"y":1486,"w":166,"h":43}},{"filename":"texts/mission","rotated":false,"trimmed":false,"sourceSize":{"w":158,"h":42},"spriteSourceSize":{"x":0,"y":0,"w":158,"h":42},"frame":{"x":1633,"y":1532,"w":158,"h":42}},{"filename":"texts/text-next-level","rotated":false,"trimmed":false,"sourceSize":{"w":155,"h":36},"spriteSourceSize":{"x":0,"y":0,"w":155,"h":36},"frame":{"x":1637,"y":1577,"w":155,"h":36}},{"filename":"texts/collect","rotated":false,"trimmed":false,"sourceSize":{"w":159,"h":33},"spriteSourceSize":{"x":0,"y":0,"w":159,"h":33},"frame":{"x":1637,"y":1616,"w":159,"h":33}},{"filename":"texts/target-score","rotated":false,"trimmed":false,"sourceSize":{"w":164,"h":36},"spriteSourceSize":{"x":0,"y":0,"w":164,"h":36},"frame":{"x":1636,"y":1652,"w":164,"h":36}},{"filename":"bg/level-playing","rotated":false,"trimmed":false,"sourceSize":{"w":113,"h":94},"spriteSourceSize":{"x":0,"y":0,"w":113,"h":94},"frame":{"x":1650,"y":1691,"w":113,"h":94}},{"filename":"buttons/play","rotated":false,"trimmed":false,"sourceSize":{"w":112,"h":85},"spriteSourceSize":{"x":0,"y":0,"w":112,"h":85},"frame":{"x":1890,"y":1105,"w":112,"h":85}},{"filename":"blank","rotated":false,"trimmed":false,"sourceSize":{"w":100,"h":100},"spriteSourceSize":{"x":0,"y":0,"w":100,"h":100},"frame":{"x":1918,"y":1193,"w":100,"h":100}},{"filename":"texts/lose","rotated":false,"trimmed":false,"sourceSize":{"w":107,"h":51},"spriteSourceSize":{"x":0,"y":0,"w":107,"h":51},"frame":{"x":1884,"y":980,"w":107,"h":51}},{"filename":"texts/win","rotated":false,"trimmed":false,"sourceSize":{"w":105,"h":52},"spriteSourceSize":{"x":0,"y":0,"w":105,"h":52},"frame":{"x":1917,"y":1485,"w":105,"h":52}},{"filename":"buttons/random","rotated":false,"trimmed":false,"sourceSize":{"w":112,"h":85},"spriteSourceSize":{"x":0,"y":0,"w":112,"h":85},"frame":{"x":1802,"y":1486,"w":112,"h":85}},{"filename":"texts/no","rotated":false,"trimmed":false,"sourceSize":{"w":105,"h":39},"spriteSourceSize":{"x":0,"y":0,"w":105,"h":39},"frame":{"x":1917,"y":1540,"w":105,"h":39}},{"filename":"icons/crown-big","rotated":false,"trimmed":false,"sourceSize":{"w":74,"h":70},"spriteSourceSize":{"x":0,"y":0,"w":74,"h":70},"frame":{"x":724,"y":1924,"w":74,"h":70}},{"filename":"icons/vibrate","rotated":false,"trimmed":false,"sourceSize":{"w":62,"h":73},"spriteSourceSize":{"x":0,"y":0,"w":62,"h":73},"frame":{"x":801,"y":1949,"w":62,"h":73}},{"filename":"texts/start","rotated":false,"trimmed":false,"sourceSize":{"w":123,"h":37},"spriteSourceSize":{"x":0,"y":0,"w":123,"h":37},"frame":{"x":866,"y":1949,"w":123,"h":37}},{"filename":"text-target-panel","rotated":false,"trimmed":false,"sourceSize":{"w":98,"h":46},"spriteSourceSize":{"x":0,"y":0,"w":98,"h":46},"frame":{"x":1918,"y":1296,"w":98,"h":46}},{"filename":"texts/replay","rotated":false,"trimmed":false,"sourceSize":{"w":113,"h":38},"spriteSourceSize":{"x":0,"y":0,"w":113,"h":38},"frame":{"x":1795,"y":1574,"w":113,"h":38}},{"filename":"buttons/challenge_light","rotated":false,"trimmed":false,"sourceSize":{"w":108,"h":79},"spriteSourceSize":{"x":0,"y":0,"w":108,"h":79},"frame":{"x":1803,"y":1615,"w":108,"h":79}},{"filename":"buttons/share","rotated":false,"trimmed":false,"sourceSize":{"w":108,"h":79},"spriteSourceSize":{"x":0,"y":0,"w":108,"h":79},"frame":{"x":1914,"y":1582,"w":108,"h":79}},{"filename":"bg/level-played","rotated":false,"trimmed":false,"sourceSize":{"w":100,"h":82},"spriteSourceSize":{"x":0,"y":0,"w":100,"h":82},"frame":{"x":1766,"y":1697,"w":100,"h":82}},{"filename":"texts/text-retry","rotated":false,"trimmed":false,"sourceSize":{"w":106,"h":36},"spriteSourceSize":{"x":0,"y":0,"w":106,"h":36},"frame":{"x":1914,"y":1664,"w":106,"h":36}},{"filename":"ui-ngang/text-score","rotated":false,"trimmed":false,"sourceSize":{"w":116,"h":40},"spriteSourceSize":{"x":0,"y":0,"w":116,"h":40},"frame":{"x":1649,"y":1788,"w":116,"h":40}},{"filename":"texts/play-with-blue","rotated":false,"trimmed":false,"sourceSize":{"w":115,"h":18},"spriteSourceSize":{"x":0,"y":0,"w":115,"h":18},"frame":{"x":2,"y":2001,"w":115,"h":18}},{"filename":"texts/world-disable","rotated":false,"trimmed":false,"sourceSize":{"w":100,"h":31},"spriteSourceSize":{"x":0,"y":0,"w":100,"h":31},"frame":{"x":822,"y":1457,"w":100,"h":31}},{"filename":"texts/world","rotated":false,"trimmed":false,"sourceSize":{"w":100,"h":31},"spriteSourceSize":{"x":0,"y":0,"w":100,"h":31},"frame":{"x":866,"y":1989,"w":100,"h":31}},{"filename":"texts/continue","rotated":false,"trimmed":false,"sourceSize":{"w":99,"h":38},"spriteSourceSize":{"x":0,"y":0,"w":99,"h":38},"frame":{"x":1768,"y":1782,"w":99,"h":38}},{"filename":"leaderboards/tab-off","rotated":false,"trimmed":false,"sourceSize":{"w":113,"h":36},"spriteSourceSize":{"x":0,"y":0,"w":113,"h":36},"frame":{"x":1547,"y":1965,"w":113,"h":36}},{"filename":"buttons/close","rotated":false,"trimmed":false,"sourceSize":{"w":71,"h":71},"spriteSourceSize":{"x":0,"y":0,"w":71,"h":71},"frame":{"x":1674,"y":1831,"w":71,"h":71}},{"filename":"icons/icon-journey","rotated":false,"trimmed":false,"sourceSize":{"w":73,"h":62},"spriteSourceSize":{"x":0,"y":0,"w":73,"h":62},"frame":{"x":1674,"y":1905,"w":73,"h":62}},{"filename":"texts/full","rotated":false,"trimmed":false,"sourceSize":{"w":43,"h":27},"spriteSourceSize":{"x":0,"y":0,"w":43,"h":27},"frame":{"x":1918,"y":1345,"w":43,"h":27}},{"filename":"icons/rank","rotated":false,"trimmed":false,"sourceSize":{"w":51,"h":49},"spriteSourceSize":{"x":0,"y":0,"w":51,"h":49},"frame":{"x":1971,"y":1034,"w":51,"h":49}},{"filename":"texts/setting","rotated":false,"trimmed":false,"sourceSize":{"w":88,"h":43},"spriteSourceSize":{"x":0,"y":0,"w":88,"h":43},"frame":{"x":1663,"y":1970,"w":88,"h":43}},{"filename":"leaderboards/tab-on","rotated":false,"trimmed":false,"sourceSize":{"w":113,"h":36},"spriteSourceSize":{"x":0,"y":0,"w":113,"h":36},"frame":{"x":1869,"y":1703,"w":113,"h":36}},{"filename":"texts/text-share","rotated":false,"trimmed":false,"sourceSize":{"w":89,"h":36},"spriteSourceSize":{"x":0,"y":0,"w":89,"h":36},"frame":{"x":1869,"y":1742,"w":89,"h":36}},{"filename":"texts/result","rotated":false,"trimmed":false,"sourceSize":{"w":90,"h":44},"spriteSourceSize":{"x":0,"y":0,"w":90,"h":44},"frame":{"x":1870,"y":1781,"w":90,"h":44}},{"filename":"icons/retry","rotated":false,"trimmed":false,"sourceSize":{"w":50,"h":53},"spriteSourceSize":{"x":0,"y":0,"w":50,"h":53},"frame":{"x":1969,"y":226,"w":50,"h":53}},{"filename":"texts/friends-disable","rotated":false,"trimmed":false,"sourceSize":{"w":93,"h":31},"spriteSourceSize":{"x":0,"y":0,"w":93,"h":31},"frame":{"x":1768,"y":1823,"w":93,"h":31}},{"filename":"texts/friends","rotated":false,"trimmed":false,"sourceSize":{"w":93,"h":31},"spriteSourceSize":{"x":0,"y":0,"w":93,"h":31},"frame":{"x":1864,"y":1828,"w":93,"h":31}},{"filename":"texts/play","rotated":false,"trimmed":false,"sourceSize":{"w":85,"h":36},"spriteSourceSize":{"x":0,"y":0,"w":85,"h":36},"frame":{"x":1748,"y":1857,"w":85,"h":36}},{"filename":"icons/dot","rotated":false,"trimmed":false,"sourceSize":{"w":68,"h":70},"spriteSourceSize":{"x":0,"y":0,"w":68,"h":70},"frame":{"x":1750,"y":1896,"w":68,"h":70}},{"filename":"texts/yes","rotated":false,"trimmed":false,"sourceSize":{"w":72,"h":39},"spriteSourceSize":{"x":0,"y":0,"w":72,"h":39},"frame":{"x":1754,"y":1969,"w":72,"h":39}},{"filename":"icons/play-green","rotated":false,"trimmed":false,"sourceSize":{"w":47,"h":47},"spriteSourceSize":{"x":0,"y":0,"w":47,"h":47},"frame":{"x":1969,"y":282,"w":47,"h":47}},{"filename":"icons/play","rotated":false,"trimmed":false,"sourceSize":{"w":47,"h":47},"spriteSourceSize":{"x":0,"y":0,"w":47,"h":47},"frame":{"x":1969,"y":332,"w":47,"h":47}},{"filename":"icons/music","rotated":false,"trimmed":false,"sourceSize":{"w":56,"h":61},"spriteSourceSize":{"x":0,"y":0,"w":56,"h":61},"frame":{"x":1004,"y":1910,"w":56,"h":61}},{"filename":"icons/crown","rotated":false,"trimmed":false,"sourceSize":{"w":31,"h":27},"spriteSourceSize":{"x":0,"y":0,"w":31,"h":27},"frame":{"x":1964,"y":1345,"w":31,"h":27}},{"filename":"icons/home","rotated":false,"trimmed":false,"sourceSize":{"w":47,"h":43},"spriteSourceSize":{"x":0,"y":0,"w":47,"h":43},"frame":{"x":1969,"y":382,"w":47,"h":43}},{"filename":"icons/sound","rotated":false,"trimmed":false,"sourceSize":{"w":62,"h":54},"spriteSourceSize":{"x":0,"y":0,"w":62,"h":54},"frame":{"x":1960,"y":1828,"w":62,"h":54}},{"filename":"icons/flat-ad","rotated":false,"trimmed":false,"sourceSize":{"w":47,"h":41},"spriteSourceSize":{"x":0,"y":0,"w":47,"h":41},"frame":{"x":1969,"y":428,"w":47,"h":41}},{"filename":"icons/icon-daily","rotated":false,"trimmed":false,"sourceSize":{"w":67,"h":67},"spriteSourceSize":{"x":0,"y":0,"w":67,"h":67},"frame":{"x":1063,"y":1950,"w":67,"h":67}},{"filename":"buttons/circle-button","rotated":false,"trimmed":false,"sourceSize":{"w":55,"h":55},"spriteSourceSize":{"x":0,"y":0,"w":55,"h":55},"frame":{"x":1133,"y":1950,"w":55,"h":55}},{"filename":"buttons/dot-blue","rotated":false,"trimmed":false,"sourceSize":{"w":56,"h":54},"spriteSourceSize":{"x":0,"y":0,"w":56,"h":54},"frame":{"x":1191,"y":1950,"w":56,"h":54}},{"filename":"buttons/dot-green","rotated":false,"trimmed":false,"sourceSize":{"w":56,"h":54},"spriteSourceSize":{"x":0,"y":0,"w":56,"h":54},"frame":{"x":1250,"y":1950,"w":56,"h":54}},{"filename":"icons/replay","rotated":false,"trimmed":false,"sourceSize":{"w":40,"h":47},"spriteSourceSize":{"x":0,"y":0,"w":40,"h":47},"frame":{"x":1309,"y":1975,"w":40,"h":47}},{"filename":"icons/share","rotated":false,"trimmed":false,"sourceSize":{"w":36,"h":47},"spriteSourceSize":{"x":0,"y":0,"w":36,"h":47},"frame":{"x":1352,"y":1975,"w":36,"h":47}},{"filename":"icons/share-blue","rotated":false,"trimmed":false,"sourceSize":{"w":32,"h":43},"spriteSourceSize":{"x":0,"y":0,"w":32,"h":43},"frame":{"x":1414,"y":1264,"w":32,"h":43}},{"filename":"texts/vs","rotated":false,"trimmed":false,"sourceSize":{"w":47,"h":28},"spriteSourceSize":{"x":0,"y":0,"w":47,"h":28},"frame":{"x":1425,"y":1820,"w":47,"h":28}},{"filename":"texts/on","rotated":false,"trimmed":false,"sourceSize":{"w":52,"h":26},"spriteSourceSize":{"x":0,"y":0,"w":52,"h":26},"frame":{"x":1969,"y":472,"w":52,"h":26}},{"filename":"icons/i-play","rotated":false,"trimmed":false,"sourceSize":{"w":31,"h":39},"spriteSourceSize":{"x":0,"y":0,"w":31,"h":39},"frame":{"x":1391,"y":1975,"w":31,"h":39}},{"filename":"icons/back","rotated":false,"trimmed":false,"sourceSize":{"w":50,"h":38},"spriteSourceSize":{"x":0,"y":0,"w":50,"h":38},"frame":{"x":1425,"y":1977,"w":50,"h":38}},{"filename":"texts/no-thank","rotated":false,"trimmed":false,"sourceSize":{"w":55,"h":31},"spriteSourceSize":{"x":0,"y":0,"w":55,"h":31},"frame":{"x":1478,"y":1977,"w":55,"h":31}},{"filename":"icons/clock","rotated":false,"trimmed":false,"sourceSize":{"w":34,"h":35},"spriteSourceSize":{"x":0,"y":0,"w":34,"h":35},"frame":{"x":1985,"y":1703,"w":34,"h":35}},{"filename":"icons/sword-blue","rotated":false,"trimmed":false,"sourceSize":{"w":35,"h":31},"spriteSourceSize":{"x":0,"y":0,"w":35,"h":31},"frame":{"x":1414,"y":1310,"w":35,"h":31}},{"filename":"icons/cup-bronze","rotated":false,"trimmed":false,"sourceSize":{"w":43,"h":36},"spriteSourceSize":{"x":0,"y":0,"w":43,"h":36},"frame":{"x":1961,"y":1742,"w":43,"h":36}},{"filename":"icons/plus","rotated":false,"trimmed":false,"sourceSize":{"w":42,"h":44},"spriteSourceSize":{"x":0,"y":0,"w":42,"h":44},"frame":{"x":1963,"y":1781,"w":42,"h":44}},{"filename":"icons/brown-journey","rotated":false,"trimmed":false,"sourceSize":{"w":45,"h":42},"spriteSourceSize":{"x":0,"y":0,"w":45,"h":42},"frame":{"x":1821,"y":1896,"w":45,"h":42}},{"filename":"icons/battle","rotated":false,"trimmed":false,"sourceSize":{"w":44,"h":41},"spriteSourceSize":{"x":0,"y":0,"w":44,"h":41},"frame":{"x":1869,"y":1862,"w":44,"h":41}},{"filename":"icons/sword","rotated":false,"trimmed":false,"sourceSize":{"w":46,"h":38},"spriteSourceSize":{"x":0,"y":0,"w":46,"h":38},"frame":{"x":1869,"y":1906,"w":46,"h":38}},{"filename":"texts/off","rotated":false,"trimmed":false,"sourceSize":{"w":51,"h":26},"spriteSourceSize":{"x":0,"y":0,"w":51,"h":26},"frame":{"x":992,"y":1974,"w":51,"h":26}},{"filename":"icons/setting","rotated":false,"trimmed":false,"sourceSize":{"w":42,"h":41},"spriteSourceSize":{"x":0,"y":0,"w":42,"h":41},"frame":{"x":1829,"y":1947,"w":42,"h":41}},{"filename":"icons/white-journey","rotated":false,"trimmed":false,"sourceSize":{"w":42,"h":40},"spriteSourceSize":{"x":0,"y":0,"w":42,"h":40},"frame":{"x":1874,"y":1947,"w":42,"h":40}},{"filename":"icons/cup-gold","rotated":false,"trimmed":false,"sourceSize":{"w":43,"h":36},"spriteSourceSize":{"x":0,"y":0,"w":43,"h":36},"frame":{"x":1918,"y":1885,"w":43,"h":36}},{"filename":"icons/cup-silver","rotated":false,"trimmed":false,"sourceSize":{"w":43,"h":36},"spriteSourceSize":{"x":0,"y":0,"w":43,"h":36},"frame":{"x":1964,"y":1885,"w":43,"h":36}},{"filename":"icons/check","rotated":false,"trimmed":false,"sourceSize":{"w":44,"h":35},"spriteSourceSize":{"x":0,"y":0,"w":44,"h":35},"frame":{"x":1919,"y":1924,"w":44,"h":35}}]},{"image":"default-resources-1.png","format":"RGBA8888","size":{"w":1226,"h":1226},"scale":1,"frames":[{"filename":"leaderboards/bg-top","rotated":false,"trimmed":false,"sourceSize":{"w":949,"h":168},"spriteSourceSize":{"x":0,"y":0,"w":949,"h":168},"frame":{"x":2,"y":2,"w":949,"h":168}},{"filename":"texts/keep-playing","rotated":false,"trimmed":false,"sourceSize":{"w":256,"h":45},"spriteSourceSize":{"x":0,"y":0,"w":256,"h":45},"frame":{"x":954,"y":2,"w":256,"h":45}},{"filename":"texts/leader-board","rotated":false,"trimmed":false,"sourceSize":{"w":252,"h":46},"spriteSourceSize":{"x":0,"y":0,"w":252,"h":46},"frame":{"x":954,"y":50,"w":252,"h":46}},{"filename":"texts/start-over","rotated":false,"trimmed":false,"sourceSize":{"w":247,"h":36},"spriteSourceSize":{"x":0,"y":0,"w":247,"h":36},"frame":{"x":954,"y":99,"w":247,"h":36}},{"filename":"texts/text-tutorial","rotated":false,"trimmed":false,"sourceSize":{"w":244,"h":43},"spriteSourceSize":{"x":0,"y":0,"w":244,"h":43},"frame":{"x":954,"y":138,"w":244,"h":43}},{"filename":"leaderboards/bg-middle","rotated":false,"trimmed":false,"sourceSize":{"w":949,"h":47},"spriteSourceSize":{"x":0,"y":0,"w":949,"h":47},"frame":{"x":2,"y":173,"w":949,"h":47}},{"filename":"texts/play-with","rotated":false,"trimmed":false,"sourceSize":{"w":235,"h":42},"spriteSourceSize":{"x":0,"y":0,"w":235,"h":42},"frame":{"x":954,"y":184,"w":235,"h":42}},{"filename":"bg/bg-bottom-2","rotated":false,"trimmed":false,"sourceSize":{"w":900,"h":112},"spriteSourceSize":{"x":0,"y":0,"w":900,"h":112},"frame":{"x":2,"y":223,"w":900,"h":112}},{"filename":"leaderboards/bg-item","rotated":false,"trimmed":false,"sourceSize":{"w":317,"h":61},"spriteSourceSize":{"x":0,"y":0,"w":317,"h":61},"frame":{"x":905,"y":229,"w":317,"h":61}},{"filename":"texts/daily-challenge","rotated":false,"trimmed":false,"sourceSize":{"w":312,"h":45},"spriteSourceSize":{"x":0,"y":0,"w":312,"h":45},"frame":{"x":905,"y":293,"w":312,"h":45}},{"filename":"bg/bg-top-2","rotated":false,"trimmed":false,"sourceSize":{"w":900,"h":112},"spriteSourceSize":{"x":0,"y":0,"w":900,"h":112},"frame":{"x":2,"y":338,"w":900,"h":112}},{"filename":"wood-panel","rotated":false,"trimmed":false,"sourceSize":{"w":301,"h":56},"spriteSourceSize":{"x":0,"y":0,"w":301,"h":56},"frame":{"x":905,"y":341,"w":301,"h":56}},{"filename":"popup/score-panel","rotated":false,"trimmed":false,"sourceSize":{"w":299,"h":92},"spriteSourceSize":{"x":0,"y":0,"w":299,"h":92},"frame":{"x":905,"y":400,"w":299,"h":92}},{"filename":"footer","rotated":false,"trimmed":false,"sourceSize":{"w":750,"h":153},"spriteSourceSize":{"x":0,"y":0,"w":750,"h":153},"frame":{"x":2,"y":453,"w":750,"h":153}},{"filename":"texts/waiting-for-opponent","rotated":false,"trimmed":false,"sourceSize":{"w":435,"h":43},"spriteSourceSize":{"x":0,"y":0,"w":435,"h":43},"frame":{"x":755,"y":495,"w":435,"h":43}},{"filename":"popup/top","rotated":false,"trimmed":false,"sourceSize":{"w":431,"h":89},"spriteSourceSize":{"x":0,"y":0,"w":431,"h":89},"frame":{"x":755,"y":541,"w":431,"h":89}},{"filename":"border-bottom-panel","rotated":false,"trimmed":false,"sourceSize":{"w":750,"h":36},"spriteSourceSize":{"x":0,"y":0,"w":750,"h":36},"frame":{"x":2,"y":609,"w":750,"h":36}},{"filename":"popup/bottom","rotated":false,"trimmed":false,"sourceSize":{"w":431,"h":27},"spriteSourceSize":{"x":0,"y":0,"w":431,"h":27},"frame":{"x":755,"y":633,"w":431,"h":27}},{"filename":"bg/bg-top","rotated":false,"trimmed":false,"sourceSize":{"w":719,"h":111},"spriteSourceSize":{"x":0,"y":0,"w":719,"h":111},"frame":{"x":2,"y":648,"w":719,"h":111}},{"filename":"texts/first-milestone","rotated":false,"trimmed":false,"sourceSize":{"w":378,"h":43},"spriteSourceSize":{"x":0,"y":0,"w":378,"h":43},"frame":{"x":724,"y":663,"w":378,"h":43}},{"filename":"buttons/dark-blue","rotated":false,"trimmed":false,"sourceSize":{"w":365,"h":107},"spriteSourceSize":{"x":0,"y":0,"w":365,"h":107},"frame":{"x":724,"y":709,"w":365,"h":107}},{"filename":"leaf","rotated":false,"trimmed":false,"sourceSize":{"w":563,"h":132},"spriteSourceSize":{"x":0,"y":0,"w":563,"h":132},"frame":{"x":2,"y":762,"w":563,"h":132}},{"filename":"daily-challenge/bottom-panel","rotated":false,"trimmed":false,"sourceSize":{"w":521,"h":30},"spriteSourceSize":{"x":0,"y":0,"w":521,"h":30},"frame":{"x":568,"y":819,"w":521,"h":30}},{"filename":"daily-challenge/top-panel","rotated":false,"trimmed":false,"sourceSize":{"w":521,"h":30},"spriteSourceSize":{"x":0,"y":0,"w":521,"h":30},"frame":{"x":568,"y":852,"w":521,"h":30}},{"filename":"daily-challenge/middle-panel","rotated":false,"trimmed":false,"sourceSize":{"w":521,"h":26},"spriteSourceSize":{"x":0,"y":0,"w":521,"h":26},"frame":{"x":568,"y":885,"w":521,"h":26}},{"filename":"daily-challenge/bg-item-light","rotated":false,"trimmed":false,"sourceSize":{"w":508,"h":81},"spriteSourceSize":{"x":0,"y":0,"w":508,"h":81},"frame":{"x":2,"y":897,"w":508,"h":81}},{"filename":"lives/time-block-2","rotated":false,"trimmed":false,"sourceSize":{"w":363,"h":108},"spriteSourceSize":{"x":0,"y":0,"w":363,"h":108},"frame":{"x":2,"y":981,"w":363,"h":108}},{"filename":"buttons/green","rotated":false,"trimmed":false,"sourceSize":{"w":343,"h":102},"spriteSourceSize":{"x":0,"y":0,"w":343,"h":102},"frame":{"x":2,"y":1092,"w":343,"h":102}},{"filename":"lives/time-block","rotated":false,"trimmed":false,"sourceSize":{"w":346,"h":87},"spriteSourceSize":{"x":0,"y":0,"w":346,"h":87},"frame":{"x":348,"y":1092,"w":346,"h":87}},{"filename":"texts/level-failed","rotated":false,"trimmed":false,"sourceSize":{"w":195,"h":42},"spriteSourceSize":{"x":0,"y":0,"w":195,"h":42},"frame":{"x":348,"y":1182,"w":195,"h":42}},{"filename":"texts/invite-friends","rotated":false,"trimmed":false,"sourceSize":{"w":232,"h":40},"spriteSourceSize":{"x":0,"y":0,"w":232,"h":40},"frame":{"x":546,"y":1182,"w":232,"h":40}},{"filename":"bg-combo","rotated":false,"trimmed":true,"sourceSize":{"w":212,"h":87},"spriteSourceSize":{"x":0,"y":9,"w":212,"h":78},"frame":{"x":368,"y":981,"w":212,"h":78}},{"filename":"score-panel-dark","rotated":false,"trimmed":false,"sourceSize":{"w":187,"h":51},"spriteSourceSize":{"x":0,"y":0,"w":187,"h":51},"frame":{"x":513,"y":914,"w":187,"h":51}},{"filename":"bg-streak","rotated":false,"trimmed":true,"sourceSize":{"w":212,"h":87},"spriteSourceSize":{"x":0,"y":9,"w":212,"h":78},"frame":{"x":583,"y":968,"w":212,"h":78}},{"filename":"leaderboards/bg-item-0","rotated":false,"trimmed":false,"sourceSize":{"w":232,"h":46},"spriteSourceSize":{"x":0,"y":0,"w":232,"h":46},"frame":{"x":703,"y":914,"w":232,"h":46}},{"filename":"daily-challenge/title-panel","rotated":false,"trimmed":false,"sourceSize":{"w":282,"h":69},"spriteSourceSize":{"x":0,"y":0,"w":282,"h":69},"frame":{"x":938,"y":914,"w":282,"h":69}},{"filename":"texts/text-ranking","rotated":false,"trimmed":false,"sourceSize":{"w":200,"h":30},"spriteSourceSize":{"x":0,"y":0,"w":200,"h":30},"frame":{"x":583,"y":1049,"w":200,"h":30}},{"filename":"leaderboards/bg-item-1","rotated":false,"trimmed":false,"sourceSize":{"w":232,"h":46},"spriteSourceSize":{"x":0,"y":0,"w":232,"h":46},"frame":{"x":697,"y":1082,"w":232,"h":46}},{"filename":"ui-ngang/text-next-block","rotated":false,"trimmed":false,"sourceSize":{"w":226,"h":45},"spriteSourceSize":{"x":0,"y":0,"w":226,"h":45},"frame":{"x":697,"y":1131,"w":226,"h":45}},{"filename":"texts/congratulations","rotated":false,"trimmed":false,"sourceSize":{"w":363,"h":44},"spriteSourceSize":{"x":0,"y":0,"w":363,"h":44},"frame":{"x":781,"y":1179,"w":363,"h":44}},{"filename":"texts/your-score","rotated":false,"trimmed":false,"sourceSize":{"w":190,"h":44},"spriteSourceSize":{"x":0,"y":0,"w":190,"h":44},"frame":{"x":926,"y":1131,"w":190,"h":44}},{"filename":"texts/next-milestone","rotated":false,"trimmed":false,"sourceSize":{"w":334,"h":43},"spriteSourceSize":{"x":0,"y":0,"w":334,"h":43},"frame":{"x":798,"y":986,"w":334,"h":43}},{"filename":"texts/second-chance","rotated":false,"trimmed":false,"sourceSize":{"w":299,"h":43},"spriteSourceSize":{"x":0,"y":0,"w":299,"h":43},"frame":{"x":798,"y":1032,"w":299,"h":43}},{"filename":"texts/out-of-live","rotated":false,"trimmed":false,"sourceSize":{"w":182,"h":43},"spriteSourceSize":{"x":0,"y":0,"w":182,"h":43},"frame":{"x":932,"y":1078,"w":182,"h":43}}]}],"meta":{"app":"https://www.codeandweb.com/texturepacker","version":"3.0","smartupdate":"$TexturePacker:SmartUpdate:2861e49d1c1cef90027f97b624e13e1c:47307c4a645b3fa7b994a063421f3723:3e7944c06d121c41a747bba57afe2e59$"}}