[1,0,0,[["cc.JsonAsset",["_name","json"],1]],[[0,0,1,3]],[[0,"ja",{"text":{"core.nameless":"名前なし","BLANK":"","dh":"%{0}日 %{1}時間","dhm":"%{0}日 %{1}時間 %{2}分","dhms":"%{0}日 %{1}時間 %{2}分 %{3}秒","hms":"%{0}時間 %{1}分 %{2}秒","hm":"%{0}時間 %{1}分","ms":"%{0}分 %{1}秒","h":"%{0}時間","m":"%{0}分","s":"%{0}秒","vDays":"%{0} 日","matches":"マッチ","match":"マッチ","score":"スコア","level":"レベル","levelV":"レベル %{0}","firstTutor1":"同じタイルを2つマッチさせてください","firstTutor2":"上のタイルをマッチして他を解除","firstTutor3":"横のタイルをマッチして他を解除","lockedByAboveTiles":"上のタイルでロックされている","lockedByLeftAndRight":"左右のタイルでロックされている","music":"音楽","sound":"サウンド","vibrate":"バイブレーション","ON":"オン","OFF":"オフ","NO":"いいえ","YES":"はい","adsNotComplete":"申し訳ありません、報酬はありません！広告をキャンセルしました！","loadingAds":"広告を読み込み中...","loading":"読み込んでいます...","load":"読み込んでいます","noAdsError":"表示する広告がありません！","noReward":"申し訳ありません、報酬はありません！\n広告をキャンセルしました！","greatJob":"\nよくやった！少し休んでね...","settings":"設定","highlightFreeTiles":"フリーのタイルを\n強調表示","theme":"テーマ","joinFacebookGroup":"Facebookグループに参加","restart":"再起動","version:V":"バージョン：%{0}","join":"参加する","tiles":"タイル","background":"背景","confirm":"確認","classic":"クラシック","violet":"バイオレット","antique":"アンティーク","simple":"シンプル","details":"詳細","removedForVDays":"ポップアップ広告は %{0} 日間無効化されます","removedFor1Day":"ポップアップ広告は1日間無効化されます","purchased":"購入済み","purchaseFailed":"購入に失敗しました","cancelPayment":"支払いをキャンセルしました！","paymentError":"支払い中にエラーが発生しました！\nもう一度お試しください。","removeAdPolicy":"30日間広告なしオプションを購入すると、 購入日から30日間、 ゲーム内で広告なしの体験を楽しめます。 これは一回限りの購入で、 自動更新はされません。 有効期限が切れると、 新たに購入しない限り広告が再び表示されます。 なお、 一部のゲーム内プロモーション、 報酬付き広告（ボーナスのための任意の広告）、 またはサードパーティのコンテンツが表示される場合があります。 購入することで、 これらの条件に同意したものとみなされ、 開発者は予告なしに本ポリシーを変更する権利を留保します。 ","outOfMoves":"手詰まり！","shuffle -1":"シャッフル","shuffle":"シャッフル","useShuffle?":"シャッフルを使いますか？","watchVideoShuffle":"動画を見てシャッフルを獲得","watchVideoUndo":"動画を見て元に戻す","watchVideoHint":"動画を見てヒントを獲得","getOne":"1つ取得","freeShuffle":"無料シャッフル","freeUndo":"無料で元に戻す","freeHint":"無料ヒント","collectx2":"収集 X2","collect":"収集","WELLDONE":"素晴らしい！","wellDone":"よくできました！","score:":"スコア：","NailedLikeAChamp":"そのレベルは簡単じゃなかったけど、君はチャンピオンのようにクリアした！","reachLevelV":"レベル%{0}に到達","noMatchableTiles":"マッチできるタイルがありません","matchableTilesHighlighted":"マッチ可能なタイルをハイライトしました","Can'tUndo":"今は元に戻すことができません","findOpponent":"対戦相手を探す","back":"戻る","youWin":"あなたの勝ち!","youLose":"あなたの負け!","waitingForOpponent":"対戦相手を待っています","newMatch":"新しい対戦","Home":"ホーム","lanternChallenge":"ランタンチャレンジ","LANTERN_CHALLENGE":"ランタンチャレンジ","start":"開始","lanternChallengeStart":"ランタンチャレンジが始まりました！金のタイルを集めてレベルアップし、報酬を獲得しよう！","winLevels":"レベルを\nクリアしよう！","collectLanternTiles":"ランタンタイルを\n集めよう！","improveRanking":"ランキングを\n上げよう！","tapToContinue":"タップして続行","RANK_#V_REWARD":"ランク #%{0} の報酬","you":"あなた","continue":"続ける","tournamentCreateFail":"おっと！\n今はトーナメントを作成できません。\n\n後でもう一度お試しください。","cannotJoinTournament":"申し訳ありません、現在参加できません。","creatingTournament":"トーナメントを作成中...","failedToJoinTournament":"トーナメントに参加できませんでした","noTournamentAvailable":"利用可能なトーナメントはありません","languages":"言語","winXLevels":"%{0} レベルをクリア","useXItems":"%{0} 個のアイテムを使う","matchXTiles":"%{0} タイルをマッチ","stageX":"ステージ %{0}","DailyTask":"毎日のタスク","Play":"プレイ","youNeedToCompleteThePreviousStageFirst.":"前のステージをクリアする必要があります。","reachComboX":"コンボ%{0}に到達","flowerTutor":"これらのタイルは「花牌」と呼ばれ、どれでも2枚マッチできます！","seasonTutor":"これらのタイルは「季節牌」と呼ばれ、どれでも2枚マッチできます！","close":"閉じる","timeHms":"%{0}:%{1}:%{2}","customString":"%{0}","leaderboardEmpty":"ランキングは空です。","WELCOME_BACK":"おかえりなさい","playWithFriend":"友達と遊ぶ","playWithFriendStart":"強敵に挑戦","1day":"1日","followPage":"ページをフォローする","dailyChallenge":"デイリーチャレンジ","date":"日付","play":"プレイ","dailyReward":"デイリー報酬","pickDailyGift":"毎日ギフトを選ぼう！","congratulations":"おめでとう！","Badges":"バッジ","Daily":"デイリー","Journey":"旅","failedToLoadBadge":"バッジの読み込みに失敗しました。後でもう一度お試しください！","Shop":"ショップ","removeAdsFor30Days":"30日間広告を削除","collection":"コレクション","You have received":"受け取りました","free":"無料","exceptional":"素晴らしい！","dailyQuestCompleted":"Missione quotidiana completata!","unClaimedDailyQuestReward":"Ricompensa giornaliera non riscossa","xAdsLeftToday":"本日このアイテム用の広告残り%{0}回。","youHaveReachedTheDailyAdLimit":"広告の1日上限に達しました。","limitedToXPerDay":"1 日あたり %{0} 回に制限されています","1AdLeftToday":"本日このアイテム用の広告残り1回。","nextLevel":"次のレベル","next":"次へ","wonderful":"素晴らしい！","observeCarefully":"注意深く観察し、見事な勝利を手にしました！","poker":"ポーカー","cherryBlossom":"桜祭り","springDolls":"春の人形","teaCeremony":"茶道","impressive":"すごい！","yourJourneyRewardAreEmpty":"あなたの旅の報酬は空です。報酬を集めるためにプレイを始めましょう！","unlockLvV":"レベル%{0}解除","completeJourneyText":"この旅は完了しました。新しい旅が近日登場します。","return":"戻る","megaBundle":"メガバンドル","superBundle":"スーパーバンドル","50off":"50％オフ","flower":"花","youDraw":"引き分け！"},"texture":{"image":"image","Combo":"Combo","Amazing":"Amazing","Awesome":"Awesome","Great":"Great","Good":"Good"}}]],0,0,[],[],[]]
