{"resources":["assets/sounds/gameplay.ogg"],"spritemap":{"add-5-cards":{"start":0,"end":1.92,"loop":false},"booster_wild_field_take":{"start":2,"end":2.9333333333333336,"loop":false},"booster_wild_hint":{"start":3,"end":5.664013605442177,"loop":false},"card_move":{"start":6,"end":6.452018140589569,"loop":false},"deal-cards":{"start":7,"end":8.584013605442177,"loop":false},"gp_last_card_to_stock":{"start":9,"end":11.879999999999999,"loop":false},"gp_redo_button_release":{"start":12,"end":13.055986394557824,"loop":false},"gp_redo_button_touch":{"start":14,"end":15.03201814058957,"loop":false},"gp_streak":{"start":16,"end":17.368004535147392,"loop":false},"gp_streak_x1":{"start":18,"end":20.015986394557824,"loop":false},"long_whoosh":{"start":21,"end":25.415986394557823,"loop":false},"pumpkin":{"start":26,"end":26.7653514739229,"loop":false},"shuffle":{"start":27,"end":29.16,"loop":false},"ui_move_redo_tap":{"start":30,"end":30.813333333333333,"loop":false},"ui_skip_move":{"start":31,"end":32.464013605442176,"loop":false},"ui_undo_card":{"start":33,"end":33.404013605442174,"loop":false}}}