{"resources":["assets/sounds/ui.ogg"],"spritemap":{"button_click":{"start":0,"end":0.3333333333333333,"loop":false},"chest_flying":{"start":1,"end":1.989750566893424,"loop":false},"chest_jump":{"start":2,"end":3.097142857142857,"loop":false},"chest_open":{"start":4,"end":6.951836734693877,"loop":false},"goal_progress":{"start":7,"end":8.945079365079366,"loop":false},"metamap_location_unlock":{"start":9,"end":11.86358276643991,"loop":false},"popup_off":{"start":12,"end":12.475986394557824,"loop":false},"popup_show":{"start":13,"end":13.429319727891157,"loop":false},"pre_bstr_shuffling_prebooster_in_hud_cancel":{"start":14,"end":14.765351473922902,"loop":false},"pre_bstr_shuffling_prebooster_in_hud_off":{"start":15,"end":15.74,"loop":false},"reward_chest_open":{"start":16,"end":18.6637641723356,"loop":false},"reward_collect":{"start":19,"end":22.496167800453513,"loop":false},"ui_coins_counter":{"start":23,"end":23.18285714285714,"loop":false},"ui_coins_heap_get":{"start":24,"end":26.56800453514739,"loop":false},"ui_meta_progress_bar_filling":{"start":27,"end":27.86283446712018,"loop":false},"ui_meta_progress_bar_full":{"start":28,"end":29.431791383219956,"loop":false},"upgrade_decoration":{"start":30,"end":32.00206349206349,"loop":false}}}