[1,0,0,[["cc.JsonAsset",["_name","json"],1]],[[0,0,1,3]],[[0,"zh",{"text":{"core.nameless":"无名","BLANK":"","dh":"%{0}天 %{1}小时","dhm":"%{0}天 %{1}小时 %{2}分","dhms":"%{0}天 %{1}小时 %{2}分 %{3}秒","hms":"%{0}小时 %{1}分 %{2}秒","hm":"%{0}小时 %{1}分","ms":"%{0}分 %{1}秒","h":"%{0}小时","m":"%{0}分","s":"%{0}秒","vDays":"%{0} 天","matches":"对局","match":"对局","score":"分数","level":"第关","levelV":"第 %{0} 关","firstTutor1":"匹配两个相同的瓷砖","firstTutor2":"匹配顶部的瓷砖以解锁其他","firstTutor3":"匹配边上的瓷砖以解锁其他","lockedByAboveTiles":"被上方的瓷砖锁住","lockedByLeftAndRight":"被左右瓷砖锁住","music":"音乐","sound":"声音","vibrate":"振动","ON":"开","OFF":"关","NO":"不","YES":"是","adsNotComplete":"对不起，没有奖励！你取消了广告！","loadingAds":"加载广告中...","loading":"正在载入......","load":"正在载入","noAdsError":"没有可显示的广告！","noReward":"抱歉，没有奖励！\n你已取消广告！","greatJob":"\n干得好！稍微休息一下......","settings":"设置","highlightFreeTiles":"高亮可用的瓷砖","theme":"主题","joinFacebookGroup":"加入Facebook群组","restart":"重新开始","version:V":"版本：%{0}","join":"加入","tiles":"瓷砖","background":"背景","confirm":"确认","classic":"经典","violet":"紫色","antique":"古董","simple":"简单","details":"详情","removedForVDays":"弹窗广告在 %{0} 天内被移除","removedFor1Day":"弹窗广告在 1 天内被移除","purchased":"已购买","purchaseFailed":"购买失败","cancelPayment":"你已取消付款！","paymentError":"付款时出错！\n请再试一次。","removeAdPolicy":"当您购买30天无广告服务后, 您将在购买日期起的30天内 享受无广告的游戏体验。 这是一项一次性购买, 不会自动续订。 到期后, 广告将再次显示, 除非购买新的无广告服务。 请注意, 某些游戏内促销、 奖励广告（如可选广告以获得奖励） 或第三方内容仍可能显示。 购买即表示您同意这些条款, 开发者保留随时修改此政策的权利, 恕不另行通知。","outOfMoves":"没有可用步数！","shuffle -1":"洗牌 -1","shuffle":"洗牌","useShuffle?":"使用洗牌？","watchVideoShuffle":"观看视频以获得洗牌。","watchVideoUndo":"观看视频以撤销操作。","watchVideoHint":"观看视频获取提示。","getOne":"获取一个","freeShuffle":"免费洗牌","freeUndo":"免费撤销","freeHint":"免费提示","collectx2":"领取 X2","collect":"领取","WELLDONE":"干的漂亮！","wellDone":"干得好！","score:":"得分：","NailedLikeAChamp":"这一关不容易，但你像冠军一样完成了！","reachLevelV":"达到第 %{0} 级","noMatchableTiles":"没有可匹配的瓷砖","matchableTilesHighlighted":"已高亮可匹配的瓷砖","Can'tUndo":"现在无法使用撤销功能","findOpponent":"寻找对手","back":"返回","youWin":"您赢了!","youLose":"您输了!","waitingForOpponent":"等待对手","newMatch":"新比赛","Home":"主页","lanternChallenge":"灯笼挑战","LANTERN_CHALLENGE":"灯笼挑战","start":"开始","lanternChallengeStart":"灯笼挑战开始了！收集金色瓷砖升级并赢取奖励！","winLevels":"赢得关卡！","collectLanternTiles":"收集灯笼瓷砖！","improveRanking":"提升排名！","tapToContinue":"点击继续","RANK_#V_REWARD":"排名奖励 #%{0}","you":"你","continue":"继续","tournamentCreateFail":"哎呀！\n你现在无法创建\n锦标赛。\n\n请稍后再试。","cannotJoinTournament":"对不起，您目前无法加入。","creatingTournament":"正在创建锦标赛......","failedToJoinTournament":"加入锦标赛失败","noTournamentAvailable":"没有可用的锦标赛","languages":"语言","winXLevels":"赢得 %{0} 关卡","useXItems":"使用 %{0} 个道具","matchXTiles":"匹配 %{0} 个方块","stageX":"第 %{0} 关","DailyTask":"每日任务","Play":"玩","youNeedToCompleteThePreviousStageFirst.":"你需要先完成上一关。","reachComboX":"达到组合 %{0}","flowerTutor":"这些牌叫做花牌。任意两张都可以匹配！","seasonTutor":"这些牌叫做季节牌。任意两张都可以匹配！","close":"关闭","timeHms":"%{0}:%{1}:%{2}","customString":"%{0}","leaderboardEmpty":"排行榜为空。","WELCOME_BACK":"欢迎回来","playWithFriend":"和朋友一起玩","playWithFriendStart":"挑战强大的对手","1day":"1天","followPage":"关注页面","dailyChallenge":"每日挑战","date":"日期","play":"玩","dailyReward":"每日奖励","pickDailyGift":"领取你的每日礼物！","congratulations":"恭喜！","Badges":"徽章","Daily":"每日","Journey":"旅程","failedToLoadBadge":"徽章加载失败。请稍后再试！","Shop":"商店","removeAdsFor30Days":"移除广告30天","collection":"收藏","You have received":"你已获得","free":"免费","exceptional":"太棒了！","dailyQuestCompleted":"Missão diária concluída!","unClaimedDailyQuestReward":"Recompensa diária não resgatada","xAdsLeftToday":"今天此物品还剩下%{0}个广告。","youHaveReachedTheDailyAdLimit":"你已达到每日广告上限。","limitedToXPerDay":"每天限制为%{0}个","1AdLeftToday":"今天此物品还剩下1个广告。","nextLevel":"下一关","next":"下一个","wonderful":"太棒了！","observeCarefully":"你仔细观察，稳扎稳打赢得了干净利落的胜利！","poker":"扑克","cherryBlossom":"樱花节","springDolls":"春天人偶","teaCeremony":"茶道","impressive":"令人印象深刻！","yourJourneyRewardAreEmpty":"你的旅程奖励为空。开始游戏以收集奖励吧！","unlockLvV":"解锁等级 %{0}","completeJourneyText":"此旅程已完成。新旅程即将到来。","return":"返回","megaBundle":"超值大礼包","superBundle":"超级礼包","50off":"五折","flower":"花","youDraw":"平局！"},"texture":{"image":"image","Combo":"Combo","Amazing":"Amazing","Awesome":"Awesome","Great":"Great","Good":"Good"}}]],0,0,[],[],[]]
