[1,["044LMUSt9AZpHTnpL4q/OU@6c48a"],["_textureSource"],["cc.SpriteFrame"],0,[{"name":"Great","rect":{"x":0,"y":0,"width":511,"height":122},"offset":{"x":0,"y":0},"originalSize":{"width":511,"height":122},"rotated":false,"capInsets":[0,0,0,0],"vertices":{"rawPosition":[-255.5,-61,0,255.5,-61,0,-255.5,61,0,255.5,61,0],"indexes":[0,1,2,2,1,3],"uv":[0,122,511,122,0,0,511,0],"nuv":[0,0,1,0,0,1,1,1],"minPos":{"x":-255.5,"y":-61,"z":0},"maxPos":{"x":255.5,"y":61,"z":0}},"packable":true,"pixelsToUnit":100,"pivot":{"x":0.5,"y":0.5},"meshType":0}],[0],0,[0],[0],[0]]
