[1,["5b+vPFZbxEgoaPnoUqiRKf@6c48a"],["_textureSource"],["cc.SpriteFrame"],0,[{"name":"8","rect":{"x":0,"y":0,"width":429,"height":422},"offset":{"x":0,"y":0},"originalSize":{"width":429,"height":422},"rotated":false,"capInsets":[0,0,0,0],"vertices":{"rawPosition":[-214.5,-211,0,214.5,-211,0,-214.5,211,0,214.5,211,0],"indexes":[0,1,2,2,1,3],"uv":[0,422,429,422,0,0,429,0],"nuv":[0,0,1,0,0,1,1,1],"minPos":{"x":-214.5,"y":-211,"z":0},"maxPos":{"x":214.5,"y":211,"z":0}},"packable":true,"pixelsToUnit":100,"pivot":{"x":0.5,"y":0.5},"meshType":0}],[0],0,[0],[0],[0]]
