{"ranged":[{"level":1,"id":"rockthrower","name":"Rockthrower","health":8,"damage":4,"attackSpeed":1},{"level":2,"id":"javelineer","name":"Javelineer","health":19,"damage":10,"attackSpeed":1},{"level":3,"id":"boomeranger","name":"Boomeranger","health":45,"damage":23,"attackSpeed":1},{"level":4,"id":"macer","name":"Macer","health":108,"damage":54,"attackSpeed":1},{"level":5,"id":"artemis","name":"Artemis","health":256,"damage":128,"attackSpeed":1},{"level":6,"id":"william","name":"William","health":609,"damage":304,"attackSpeed":1},{"level":7,"id":"blanchette","name":"Blanchette","health":1000,"damage":724,"attackSpeed":1},{"level":8,"id":"phantom","name":"Phantom","health":3000,"damage":1000,"attackSpeed":1},{"level":9,"id":"oracle","name":"Oracle","health":8000,"damage":4000,"attackSpeed":1},{"level":10,"id":"shaman","name":"Shaman","health":19000,"damage":9000,"attackSpeed":1},{"level":11,"id":"seraph","name":"Seraph","health":46000,"damage":23000,"attackSpeed":1}],"melee":[{"level":1,"id":"velociraptor","name":"Velociraptor","health":500,"damage":15,"attackSpeed":1.5},{"level":2,"id":"saurolophus","name":"Saurolophus","health":1500,"damage":30,"attackSpeed":1.5},{"level":3,"id":"pachysaurus","name":"Pachysaurus","health":3800,"damage":40,"attackSpeed":1.5},{"level":4,"id":"triceratops","name":"Triceratops","health":10000,"damage":80,"attackSpeed":1.5},{"level":5,"id":"stegosaurus","name":"Stegosaurus","health":24000,"damage":200,"attackSpeed":1.5},{"level":6,"id":"ankylosaurus","name":"Ankylosaurus","health":50000,"damage":400,"attackSpeed":1.5},{"level":7,"id":"baroptiloraptor","name":"Baroptiloraptor","health":130000,"damage":800,"attackSpeed":1.5},{"level":8,"id":"tyrannosaurus","name":"Tyrannosaurus","health":250000,"damage":1500,"attackSpeed":1.5},{"level":9,"id":"dilophosaurus","name":"Dilophosaurus","health":730000,"damage":4000,"attackSpeed":1.5},{"level":10,"id":"triceradonosaurus","name":"Triceradonosaurus","health":1800000,"damage":10000,"attackSpeed":1.5},{"level":11,"id":"spinosaurus-rex","name":"Spinosaurus Rex","health":4100000,"damage":30000,"attackSpeed":1.5}]}