{"levels":[{"level_id":1501,"enemy_row1":"r11-r11-r11-r11-r11","enemy_row2":"r11-r11-r11-r11-r11","enemy_row3":"m3-m11-m11-m4-m2"},{"level_id":1502,"enemy_row1":"r11-r11-r11-r11-r11","enemy_row2":"r11-m11-m11-r11-r5","enemy_row3":"m3-m11-m11-m11-m2"},{"level_id":1503,"enemy_row1":"r11-r11-r11-r11-r11","enemy_row2":"r11-m11-m11-r11-r5","enemy_row3":"m4-m11-m11-m11-m3"},{"level_id":1504,"enemy_row1":"r11-r11-r11-r11-r11","enemy_row2":"r11-m11-m11-r11-r6","enemy_row3":"m3-m11-m11-m11-m2"},{"level_id":1505,"enemy_row1":"r11-r11-r11-r11-r11","enemy_row2":"r11-m11-m11-r11-r6","enemy_row3":"m4-m11-m11-m11-m3"},{"level_id":1506,"enemy_row1":"r11-r11-r11-r11-r11","enemy_row2":"r11-r11-r11-r11-r11","enemy_row3":"m5-m11-m11-m6-m3"},{"level_id":1507,"enemy_row1":"r11-r11-r11-r11-r11","enemy_row2":"r11-r11-r11-r11-r11","enemy_row3":"m5-m11-m11-m6-m4"},{"level_id":1508,"enemy_row1":"r11-r11-r11-r11-r11","enemy_row2":"r11-m11-m11-r11-r7","enemy_row3":"m3-m11-m11-m11-m2"},{"level_id":1509,"enemy_row1":"r11-r11-r11-r11-r11","enemy_row2":"m11-r11-r11-m11-r11","enemy_row3":"m4-m11-m11-m7-m3"},{"level_id":1510,"enemy_row1":"r11-r11-r11-r11-r11","enemy_row2":"r11-r11-r11-r11-r11","enemy_row3":"m5-m11-m11-m7-m4"},{"level_id":1511,"enemy_row1":"r11-r11-r11-r11-r11","enemy_row2":"r11-r11-r11-r11-r11","enemy_row3":"m6-m11-m11-m7-m2"},{"level_id":1512,"enemy_row1":"r11-r11-r11-r11-r11","enemy_row2":"r11-r11-r11-r11-r11","enemy_row3":"m6-m11-m11-m7-m4"},{"level_id":1513,"enemy_row1":"r11-r11-r11-r11-r11","enemy_row2":"r11-r11-r11-r11-r11","enemy_row3":"m6-m11-m11-m7-m5"},{"level_id":1514,"enemy_row1":"r11-r11-r11-r11-r11","enemy_row2":"r11-r11-r11-r11-r11","enemy_row3":"m2-m11-m11-m8-0"},{"level_id":1515,"enemy_row1":"r11-r11-r11-r11-r11","enemy_row2":"r11-r11-r11-r11-r11","enemy_row3":"m4-m11-m11-m8-m2"},{"level_id":1516,"enemy_row1":"r11-r11-r11-r11-r11","enemy_row2":"r11-r11-r11-r11-r11","enemy_row3":"m5-m11-m11-m8-m2"},{"level_id":1517,"enemy_row1":"r11-r11-r11-r11-r11","enemy_row2":"r11-r11-r11-r11-r11","enemy_row3":"m5-m11-m11-m8-m4"},{"level_id":1518,"enemy_row1":"r11-r11-r11-r11-r11","enemy_row2":"r11-r11-r11-r11-r11","enemy_row3":"m6-m11-m11-m8-m2"},{"level_id":1519,"enemy_row1":"r11-r11-r11-r11-r11","enemy_row2":"r11-r11-r11-r11-r11","enemy_row3":"m6-m11-m11-m8-m4"},{"level_id":1520,"enemy_row1":"r11-r11-r11-r11-r11","enemy_row2":"r11-r11-r11-r11-r11","enemy_row3":"m6-m11-m11-m8-m5"},{"level_id":1521,"enemy_row1":"r11-r11-r11-r11-r11","enemy_row2":"r11-r11-r11-r11-r11","enemy_row3":"m7-m11-m11-m8-m3"},{"level_id":1522,"enemy_row1":"r11-r11-r11-r11-r11","enemy_row2":"r11-r11-r11-r11-r11","enemy_row3":"m7-m11-m11-m8-m4"},{"level_id":1523,"enemy_row1":"r11-r11-r11-r11-r11","enemy_row2":"r11-r11-r11-r11-r11","enemy_row3":"m7-m11-m11-m8-m5"},{"level_id":1524,"enemy_row1":"r11-r11-r11-r11-r11","enemy_row2":"r11-r11-r11-r11-r11","enemy_row3":"m7-m11-m11-m8-m6"},{"level_id":1525,"enemy_row1":"r11-r11-r11-r11-r11","enemy_row2":"r11-r11-r11-r11-r11","enemy_row3":"m2-m11-m11-m9-0"},{"level_id":1526,"enemy_row1":"r11-r11-r11-r11-r11","enemy_row2":"r11-r11-r11-r11-r11","enemy_row3":"m4-m11-m11-m9-m2"},{"level_id":1527,"enemy_row1":"r11-r11-r11-r11-r11","enemy_row2":"r11-r11-r11-r11-r11","enemy_row3":"m5-m11-m11-m9-m2"},{"level_id":1528,"enemy_row1":"r11-r11-r11-r11-r11","enemy_row2":"r11-m11-m11-r11-r9","enemy_row3":"m5-m11-m11-m11-m4"},{"level_id":1529,"enemy_row1":"r11-r11-r11-r11-r11","enemy_row2":"r11-m11-m11-r11-r9","enemy_row3":"m6-m11-m11-m11-m2"},{"level_id":1530,"enemy_row1":"r11-r11-r11-r11-r11","enemy_row2":"r11-r11-r11-r11-r11","enemy_row3":"m6-m11-m11-m9-m4"},{"level_id":1531,"enemy_row1":"r11-r11-r11-r11-r11","enemy_row2":"r11-r11-r11-r11-r11","enemy_row3":"m6-m11-m11-m9-m5"},{"level_id":1532,"enemy_row1":"r11-r11-r11-r11-r11","enemy_row2":"r11-r11-r11-r11-r11","enemy_row3":"m7-m11-m11-m9-m2"},{"level_id":1533,"enemy_row1":"r11-r11-r11-r11-r11","enemy_row2":"m11-r11-r11-m11-r11","enemy_row3":"m7-m11-m11-m9-m4"},{"level_id":1534,"enemy_row1":"r11-r11-r11-r11-r11","enemy_row2":"r11-r11-r11-r11-r11","enemy_row3":"m7-m11-m11-m9-m5"},{"level_id":1535,"enemy_row1":"r11-r11-r11-r11-r11","enemy_row2":"r11-r11-r11-r11-r11","enemy_row3":"m7-m11-m11-m9-m6"},{"level_id":1536,"enemy_row1":"r11-r11-r11-r11-r11","enemy_row2":"r11-r11-r11-r11-r11","enemy_row3":"m8-m11-m11-m9-m3"},{"level_id":1537,"enemy_row1":"r11-r11-r11-r11-r11","enemy_row2":"r11-r11-r11-r11-r11","enemy_row3":"m8-m11-m11-m9-m4"},{"level_id":1538,"enemy_row1":"r11-r11-r11-r11-r11","enemy_row2":"r11-m11-m11-r11-r9","enemy_row3":"m8-m11-m11-m11-m5"},{"level_id":1539,"enemy_row1":"r11-r11-r11-r11-r11","enemy_row2":"m11-r11-r11-m11-r11","enemy_row3":"m8-m11-m11-m9-m6"},{"level_id":1540,"enemy_row1":"r11-r11-r11-r11-r11","enemy_row2":"m11-r11-r11-m11-r11","enemy_row3":"m8-m11-m11-m9-m7"},{"level_id":1541,"enemy_row1":"r11-r11-r11-r11-r11","enemy_row2":"r11-r11-r11-r11-r11","enemy_row3":"m3-m11-m11-m10-m2"},{"level_id":1542,"enemy_row1":"r11-r11-r11-r11-r11","enemy_row2":"r11-m11-m11-r11-r10","enemy_row3":"m4-m11-m11-m11-m3"},{"level_id":1543,"enemy_row1":"r11-r11-r11-r11-r11","enemy_row2":"m11-r11-r11-m11-r11","enemy_row3":"m5-m11-m11-m10-m3"},{"level_id":1544,"enemy_row1":"r11-r11-r11-r11-r11","enemy_row2":"r11-r11-r11-r11-r11","enemy_row3":"m5-m11-m11-m10-m4"},{"level_id":1545,"enemy_row1":"r11-r11-r11-r11-r11","enemy_row2":"r11-r11-r11-r11-r11","enemy_row3":"m6-m11-m11-m10-m3"},{"level_id":1546,"enemy_row1":"r11-r11-r11-r11-r11","enemy_row2":"r11-m11-m11-r11-r10","enemy_row3":"m6-m11-m11-m11-m4"},{"level_id":1547,"enemy_row1":"r11-r11-r11-r11-r11","enemy_row2":"m11-r11-r11-m11-r11","enemy_row3":"m6-m11-m11-m10-m5"},{"level_id":1548,"enemy_row1":"r11-r11-r11-r11-r11","enemy_row2":"r11-m11-m11-r11-r10","enemy_row3":"m7-m11-m11-m11-m3"},{"level_id":1549,"enemy_row1":"r11-r11-r11-r11-r11","enemy_row2":"r11-r11-r11-r11-r11","enemy_row3":"m7-m11-m11-m10-m5"},{"level_id":1550,"enemy_row1":"r11-r11-r11-r11-r11","enemy_row2":"r11-r11-r11-r11-r11","enemy_row3":"m7-m11-m11-m10-m6"},{"level_id":1551,"enemy_row1":"r11-r11-r11-r11-r11","enemy_row2":"r11-m11-m11-r11-r10","enemy_row3":"m8-m11-m11-m11-m2"},{"level_id":1552,"enemy_row1":"r11-r11-r11-r11-r11","enemy_row2":"r11-r11-r11-r11-r11","enemy_row3":"m8-m11-m11-m10-m4"},{"level_id":1553,"enemy_row1":"r11-r11-r11-r11-r11","enemy_row2":"r11-r11-r11-r11-r11","enemy_row3":"m8-m11-m11-m10-m5"},{"level_id":1554,"enemy_row1":"r11-r11-r11-r11-r11","enemy_row2":"m11-r11-r11-m11-r11","enemy_row3":"m8-m11-m11-m10-m6"},{"level_id":1555,"enemy_row1":"r11-r11-r11-r11-r11","enemy_row2":"r11-r11-r11-r11-r11","enemy_row3":"m8-m11-m11-m10-m7"},{"level_id":1556,"enemy_row1":"r11-r11-r11-r11-r11","enemy_row2":"r11-r11-r11-r11-r11","enemy_row3":"m9-m11-m11-m10-m2"},{"level_id":1557,"enemy_row1":"r11-r11-r11-r11-r11","enemy_row2":"r11-r11-r11-r11-r11","enemy_row3":"m9-m11-m11-m10-m4"},{"level_id":1558,"enemy_row1":"r11-r11-r11-r11-r11","enemy_row2":"r11-m11-m11-r11-r10","enemy_row3":"m9-m11-m11-m11-m5"},{"level_id":1559,"enemy_row1":"r11-r11-r11-r11-r11","enemy_row2":"r11-m11-m11-r11-r10","enemy_row3":"m9-m11-m11-m11-m6"},{"level_id":1560,"enemy_row1":"r11-r11-r11-r11-r11","enemy_row2":"r11-r11-r11-r11-r11","enemy_row3":"m9-m11-m11-m10-m7"},{"level_id":1561,"enemy_row1":"r11-r11-r11-r11-r11","enemy_row2":"r11-r11-r11-r11-r11","enemy_row3":"m9-m11-m11-m10-m8"},{"level_id":1562,"enemy_row1":"r11-r11-r11-r11-r11","enemy_row2":"r11-r11-r11-r11-r11","enemy_row3":"m3-m11-m11-m11-m2"},{"level_id":1563,"enemy_row1":"r11-r11-r11-r11-r11","enemy_row2":"r11-r11-r11-r11-r11","enemy_row3":"m4-m11-m11-m11-m3"},{"level_id":1564,"enemy_row1":"r11-r11-r11-r11-r11","enemy_row2":"r11-r11-r11-r11-r11","enemy_row3":"m5-m11-m11-m11-m3"},{"level_id":1565,"enemy_row1":"r11-r11-r11-r11-r11","enemy_row2":"r11-r11-r11-r11-r11","enemy_row3":"m5-m11-m11-m11-m4"},{"level_id":1566,"enemy_row1":"r11-r11-r11-r11-r11","enemy_row2":"r11-r11-r11-r11-r11","enemy_row3":"m6-m11-m11-m11-m3"},{"level_id":1567,"enemy_row1":"r11-r11-r11-r11-r11","enemy_row2":"r11-m11-m11-r11-r11","enemy_row3":"m6-m11-m11-m11-m4"},{"level_id":1568,"enemy_row1":"r11-r11-r11-r11-r11","enemy_row2":"r11-r11-r11-r11-r11","enemy_row3":"m6-m11-m11-m11-m5"},{"level_id":1569,"enemy_row1":"r11-r11-r11-r11-r11","enemy_row2":"r11-r11-r11-r11-r11","enemy_row3":"m7-m11-m11-m11-m4"},{"level_id":1570,"enemy_row1":"r11-r11-r11-r11-r11","enemy_row2":"m11-r11-r11-m11-r11","enemy_row3":"m7-m11-m11-m11-m5"},{"level_id":1571,"enemy_row1":"r11-r11-r11-r11-r11","enemy_row2":"m11-r11-r11-m11-r11","enemy_row3":"m7-m11-m11-m11-m6"},{"level_id":1572,"enemy_row1":"r11-r11-r11-r11-r11","enemy_row2":"m11-r11-r11-m11-r11","enemy_row3":"m8-m11-m11-m11-m2"},{"level_id":1573,"enemy_row1":"r11-r11-r11-r11-r11","enemy_row2":"r11-r11-r11-r11-r11","enemy_row3":"m8-m11-m11-m11-m4"},{"level_id":1574,"enemy_row1":"r11-r11-r11-r11-r11","enemy_row2":"r11-r11-r11-r11-r11","enemy_row3":"m8-m11-m11-m11-m5"},{"level_id":1575,"enemy_row1":"r11-r11-r11-r11-r11","enemy_row2":"r11-r11-r11-r11-r11","enemy_row3":"m8-m11-m11-m11-m6"},{"level_id":1576,"enemy_row1":"r11-r11-r11-r11-r11","enemy_row2":"r11-r11-r11-r11-r11","enemy_row3":"m8-m11-m11-m11-m7"},{"level_id":1577,"enemy_row1":"r11-r11-r11-r11-r11","enemy_row2":"m11-r11-r11-m11-r11","enemy_row3":"m9-m11-m11-m11-m2"},{"level_id":1578,"enemy_row1":"r11-r11-r11-r11-r11","enemy_row2":"r11-r11-r11-r11-r11","enemy_row3":"m9-m11-m11-m11-m4"},{"level_id":1579,"enemy_row1":"r11-r11-r11-r11-r11","enemy_row2":"r11-m11-m11-r11-r11","enemy_row3":"m9-m11-m11-m11-m5"},{"level_id":1580,"enemy_row1":"r11-r11-r11-r11-r11","enemy_row2":"m11-r11-r11-m11-r11","enemy_row3":"m9-m11-m11-m11-m6"},{"level_id":1581,"enemy_row1":"r11-r11-r11-r11-r11","enemy_row2":"r11-r11-r11-r11-r11","enemy_row3":"m9-m11-m11-m11-m7"},{"level_id":1582,"enemy_row1":"r11-r11-r11-r11-r11","enemy_row2":"r11-m11-m11-r11-r11","enemy_row3":"m9-m11-m11-m11-m8"},{"level_id":1583,"enemy_row1":"r11-r11-r11-r11-r11","enemy_row2":"r11-r11-r11-r11-r11","enemy_row3":"m10-m11-m11-m11-m3"},{"level_id":1584,"enemy_row1":"r11-r11-r11-r11-r11","enemy_row2":"r11-r11-r11-r11-r11","enemy_row3":"m10-m11-m11-m11-m4"},{"level_id":1585,"enemy_row1":"r11-r11-r11-r11-r11","enemy_row2":"r11-r11-r11-r11-r11","enemy_row3":"m10-m11-m11-m11-m5"},{"level_id":1586,"enemy_row1":"r11-r11-r11-r11-r11","enemy_row2":"r11-r11-r11-r11-r11","enemy_row3":"m10-m11-m11-m11-m6"},{"level_id":1587,"enemy_row1":"r11-r11-r11-r11-r11","enemy_row2":"r11-m11-m11-r11-r11","enemy_row3":"m10-m11-m11-m11-m7"},{"level_id":1588,"enemy_row1":"r11-r11-r11-r11-r11","enemy_row2":"m11-r11-r11-m11-r11","enemy_row3":"m10-m11-m11-m11-m8"},{"level_id":1589,"enemy_row1":"r11-r11-r11-r11-r11","enemy_row2":"r11-r11-r11-r11-r11","enemy_row3":"m10-m11-m11-m11-m9"},{"level_id":1590,"enemy_row1":"r11-r11-r11-r11-r11","enemy_row2":"r11-r11-r11-r11-r11","enemy_row3":"m11-m11-m11-m11-m3"},{"level_id":1591,"enemy_row1":"r11-r11-r11-r11-r11","enemy_row2":"r11-m11-m11-r11-r11","enemy_row3":"m11-m11-m11-m11-m4"},{"level_id":1592,"enemy_row1":"r11-r11-r11-r11-r11","enemy_row2":"r11-m11-m11-r11-r11","enemy_row3":"m11-m11-m11-m11-m5"},{"level_id":1593,"enemy_row1":"r11-r11-r11-r11-r11","enemy_row2":"r11-r11-r11-r11-r11","enemy_row3":"m11-m11-m11-m11-m6"},{"level_id":1594,"enemy_row1":"r11-r11-r11-r11-r11","enemy_row2":"r11-m11-m11-r11-r11","enemy_row3":"m11-m11-m11-m11-m7"},{"level_id":1595,"enemy_row1":"r11-r11-r11-r11-r11","enemy_row2":"r11-r11-r11-r11-r11","enemy_row3":"m11-m11-m11-m11-m8"},{"level_id":1596,"enemy_row1":"r11-r11-r11-r11-r11","enemy_row2":"r11-r11-r11-r11-r11","enemy_row3":"m11-m11-m11-m11-m9"},{"level_id":1597,"enemy_row1":"r11-r11-r11-r11-r11","enemy_row2":"r11-r11-r11-r11-r11","enemy_row3":"m11-m11-m11-m11-m10"},{"level_id":1598,"enemy_row1":"r11-r11-r11-r11-r11","enemy_row2":"r11-m11-m11-r11-r11","enemy_row3":"m11-m11-m11-m11-m11"}]}