{"levels":[{"level_id":201,"enemy_row1":"0-r3-r4-r2-0","enemy_row2":"0-0-0-0-0","enemy_row3":"0-m11-0-m5-0"},{"level_id":202,"enemy_row1":"0-r3-r11-r2-0","enemy_row2":"0-0-0-0-0","enemy_row3":"0-0-m6-0-0"},{"level_id":203,"enemy_row1":"0-0-0-0-0","enemy_row2":"m3-r6-r11-m4-r2","enemy_row3":"0-0-0-0-0"},{"level_id":204,"enemy_row1":"r2-r5-r11-r3-0","enemy_row2":"0-0-0-0-0","enemy_row3":"0-0-m6-0-0"},{"level_id":205,"enemy_row1":"r4-r6-r11-r5-r3","enemy_row2":"0-0-r2-0-0","enemy_row3":"0-0-0-0-0"},{"level_id":206,"enemy_row1":"0-r3-r11-r2-0","enemy_row2":"0-0-0-0-0","enemy_row3":"0-0-m7-0-0"},{"level_id":207,"enemy_row1":"0-r3-r4-r2-0","enemy_row2":"0-0-0-0-0","enemy_row3":"0-m11-0-m7-0"},{"level_id":208,"enemy_row1":"0-r3-r7-r2-0","enemy_row2":"0-0-r5-0-0","enemy_row3":"0-0-m11-0-0"},{"level_id":209,"enemy_row1":"0-r6-0-r2-0","enemy_row2":"0-0-0-0-0","enemy_row3":"0-m11-0-m7-0"},{"level_id":210,"enemy_row1":"r2-r6-r11-r4-0","enemy_row2":"0-0-0-0-0","enemy_row3":"0-0-m7-0-0"},{"level_id":211,"enemy_row1":"0-r5-r6-r2-0","enemy_row2":"0-0-0-0-0","enemy_row3":"0-m11-0-m7-0"},{"level_id":212,"enemy_row1":"0-0-r2-0-0","enemy_row2":"m5-r7-r11-m6-r4","enemy_row3":"0-0-0-0-0"},{"level_id":213,"enemy_row1":"0-0-0-0-0","enemy_row2":"0-0-0-0-0","enemy_row3":"0-m8-m11-m2-0"},{"level_id":214,"enemy_row1":"0-r4-r11-r2-0","enemy_row2":"0-0-0-0-0","enemy_row3":"0-0-m8-0-0"},{"level_id":215,"enemy_row1":"0-r8-0-r2-0","enemy_row2":"0-0-r5-0-0","enemy_row3":"0-0-m11-0-0"},{"level_id":216,"enemy_row1":"0-r4-r5-r2-0","enemy_row2":"0-0-0-0-0","enemy_row3":"0-m11-0-m8-0"},{"level_id":217,"enemy_row1":"0-r6-r11-r2-0","enemy_row2":"0-0-0-0-0","enemy_row3":"0-0-m8-0-0"},{"level_id":218,"enemy_row1":"0-r4-r6-r2-0","enemy_row2":"0-0-0-0-0","enemy_row3":"0-m11-0-m8-0"},{"level_id":219,"enemy_row1":"r5-r8-r11-r6-r3","enemy_row2":"0-0-r2-0-0","enemy_row3":"0-0-0-0-0"},{"level_id":220,"enemy_row1":"r4-r6-r11-r5-r3","enemy_row2":"0-0-r2-0-0","enemy_row3":"0-0-m8-0-0"},{"level_id":221,"enemy_row1":"0-r3-0-r2-0","enemy_row2":"0-0-0-0-0","enemy_row3":"0-m8-m11-m7-0"},{"level_id":222,"enemy_row1":"0-r3-r4-r2-0","enemy_row2":"0-0-0-0-0","enemy_row3":"0-m8-m11-m7-0"},{"level_id":223,"enemy_row1":"r3-r7-r11-r5-r2","enemy_row2":"0-0-0-0-0","enemy_row3":"0-0-m8-0-0"},{"level_id":224,"enemy_row1":"r3-r5-r7-r4-r2","enemy_row2":"0-0-0-0-0","enemy_row3":"0-m11-0-m8-0"},{"level_id":225,"enemy_row1":"0-0-r2-0-0","enemy_row2":"m6-r8-r11-m7-r3","enemy_row3":"0-0-0-0-0"},{"level_id":226,"enemy_row1":"r2-r4-r6-r3-0","enemy_row2":"0-0-0-0-0","enemy_row3":"0-m8-m11-m7-0"},{"level_id":227,"enemy_row1":"r2-r5-r6-r3-0","enemy_row2":"0-0-0-0-0","enemy_row3":"0-m8-m11-m7-0"},{"level_id":228,"enemy_row1":"0-r3-r4-r2-0","enemy_row2":"m6-r8-r11-m7-r5","enemy_row3":"0-0-0-0-0"},{"level_id":229,"enemy_row1":"0-r4-0-r2-0","enemy_row2":"0-0-0-0-0","enemy_row3":"0-m11-0-m9-0"},{"level_id":230,"enemy_row1":"0-r9-0-r2-0","enemy_row2":"0-0-r5-0-0","enemy_row3":"0-0-m11-0-0"},{"level_id":231,"enemy_row1":"r2-r5-r11-r4-0","enemy_row2":"0-0-0-0-0","enemy_row3":"0-0-m9-0-0"},{"level_id":232,"enemy_row1":"0-0-r2-0-0","enemy_row2":"0-0-0-0-0","enemy_row3":"0-m9-m11-m6-0"},{"level_id":233,"enemy_row1":"0-r4-r9-r2-0","enemy_row2":"0-0-r6-0-0","enemy_row3":"0-0-m11-0-0"},{"level_id":234,"enemy_row1":"0-r5-0-r2-0","enemy_row2":"0-0-0-0-0","enemy_row3":"0-m9-m11-m6-0"},{"level_id":235,"enemy_row1":"0-0-r2-0-0","enemy_row2":"m5-r9-r11-m6-r4","enemy_row3":"0-0-0-0-0"},{"level_id":236,"enemy_row1":"0-0-r2-0-0","enemy_row2":"0-0-0-0-0","enemy_row3":"0-m9-m11-m7-0"},{"level_id":237,"enemy_row1":"0-r4-0-r2-0","enemy_row2":"0-0-0-0-0","enemy_row3":"0-m9-m11-m7-0"},{"level_id":238,"enemy_row1":"0-r5-r7-r2-0","enemy_row2":"0-0-0-0-0","enemy_row3":"0-m11-0-m9-0"},{"level_id":239,"enemy_row1":"r3-r5-r7-r4-r2","enemy_row2":"0-0-0-0-0","enemy_row3":"0-m11-0-m9-0"},{"level_id":240,"enemy_row1":"0-r3-r6-r2-0","enemy_row2":"0-0-0-0-0","enemy_row3":"0-m9-m11-m7-0"},{"level_id":241,"enemy_row1":"r4-r7-r11-r6-r3","enemy_row2":"0-0-r2-0-0","enemy_row3":"0-0-m9-0-0"},{"level_id":242,"enemy_row1":"0-r3-0-r2-0","enemy_row2":"m6-r9-r11-m7-r5","enemy_row3":"0-0-0-0-0"},{"level_id":243,"enemy_row1":"r4-r6-r7-r5-r3","enemy_row2":"0-0-r2-0-0","enemy_row3":"0-m11-0-m9-0"},{"level_id":244,"enemy_row1":"0-0-0-0-0","enemy_row2":"m3-r9-r11-m8-r2","enemy_row3":"0-0-0-0-0"},{"level_id":245,"enemy_row1":"r2-r4-r9-r3-0","enemy_row2":"0-0-r8-0-0","enemy_row3":"0-0-m11-0-0"},{"level_id":246,"enemy_row1":"r2-r5-r8-r3-0","enemy_row2":"0-0-0-0-0","enemy_row3":"0-m11-0-m9-0"},{"level_id":247,"enemy_row1":"0-r3-0-r2-0","enemy_row2":"m5-r9-r11-m8-r4","enemy_row3":"0-0-0-0-0"},{"level_id":248,"enemy_row1":"r2-r6-r9-r3-0","enemy_row2":"0-0-r8-0-0","enemy_row3":"0-0-m11-0-0"},{"level_id":249,"enemy_row1":"r2-r6-r8-r5-0","enemy_row2":"0-0-0-0-0","enemy_row3":"0-m11-0-m9-0"},{"level_id":250,"enemy_row1":"r4-r6-r9-r5-r2","enemy_row2":"0-0-r8-0-0","enemy_row3":"0-0-m11-0-0"},{"level_id":251,"enemy_row1":"0-r7-0-r2-0","enemy_row2":"0-0-0-0-0","enemy_row3":"0-m9-m11-m8-0"},{"level_id":252,"enemy_row1":"0-0-r2-0-0","enemy_row2":"m7-r9-r11-m8-r4","enemy_row3":"0-0-0-0-0"},{"level_id":253,"enemy_row1":"r7-r9-r11-r8-r5","enemy_row2":"0-0-r2-0-0","enemy_row3":"0-0-0-0-0"},{"level_id":254,"enemy_row1":"0-r4-0-r2-0","enemy_row2":"m7-r9-r11-m8-r5","enemy_row3":"0-0-0-0-0"},{"level_id":255,"enemy_row1":"r6-r8-r11-r7-r2","enemy_row2":"0-0-0-0-0","enemy_row3":"0-0-m9-0-0"},{"level_id":256,"enemy_row1":"r7-r9-r11-r8-r6","enemy_row2":"0-r4-0-r2-0","enemy_row3":"0-0-0-0-0"},{"level_id":257,"enemy_row1":"r5-r7-r9-r6-r2","enemy_row2":"0-0-r8-0-0","enemy_row3":"0-0-m11-0-0"},{"level_id":258,"enemy_row1":"r4-r6-r7-r5-r2","enemy_row2":"0-0-0-0-0","enemy_row3":"0-m9-m11-m8-0"},{"level_id":259,"enemy_row1":"0-0-0-0-0","enemy_row2":"m2-r10-r11-m3-0","enemy_row3":"0-0-0-0-0"},{"level_id":260,"enemy_row1":"0-r3-r4-r2-0","enemy_row2":"0-0-0-0-0","enemy_row3":"0-m11-0-m10-0"},{"level_id":261,"enemy_row1":"0-0-0-0-0","enemy_row2":"m3-r10-r11-m5-r2","enemy_row3":"0-0-0-0-0"},{"level_id":262,"enemy_row1":"0-0-r2-0-0","enemy_row2":"m4-r10-r11-m5-r3","enemy_row3":"0-0-0-0-0"},{"level_id":263,"enemy_row1":"0-r3-0-r2-0","enemy_row2":"0-0-0-0-0","enemy_row3":"0-m10-m11-m6-0"},{"level_id":264,"enemy_row1":"r4-r10-r11-r6-r3","enemy_row2":"0-0-r2-0-0","enemy_row3":"0-0-0-0-0"},{"level_id":265,"enemy_row1":"0-0-r2-0-0","enemy_row2":"m5-r10-r11-m6-r3","enemy_row3":"0-0-0-0-0"},{"level_id":266,"enemy_row1":"r3-r5-r6-r4-r2","enemy_row2":"0-0-0-0-0","enemy_row3":"0-m11-0-m10-0"},{"level_id":267,"enemy_row1":"0-r3-0-r2-0","enemy_row2":"0-0-0-0-0","enemy_row3":"0-m10-m11-m7-0"},{"level_id":268,"enemy_row1":"0-0-r2-0-0","enemy_row2":"m4-r10-r11-m7-r3","enemy_row3":"0-0-0-0-0"},{"level_id":269,"enemy_row1":"r2-r5-r10-r4-0","enemy_row2":"0-0-r7-0-0","enemy_row3":"0-0-m11-0-0"},{"level_id":270,"enemy_row1":"r6-r10-r11-r7-r2","enemy_row2":"0-0-0-0-0","enemy_row3":"0-0-0-0-0"},{"level_id":271,"enemy_row1":"0-0-r2-0-0","enemy_row2":"m6-r10-r11-m7-r4","enemy_row3":"0-0-0-0-0"},{"level_id":272,"enemy_row1":"r2-r6-r10-r5-0","enemy_row2":"0-0-r7-0-0","enemy_row3":"0-0-m11-0-0"},{"level_id":273,"enemy_row1":"0-r4-0-r2-0","enemy_row2":"m6-r10-r11-m7-r5","enemy_row3":"0-0-0-0-0"},{"level_id":274,"enemy_row1":"r2-r10-r11-r8-0","enemy_row2":"0-0-0-0-0","enemy_row3":"0-0-0-0-0"},{"level_id":275,"enemy_row1":"r2-r8-r11-r4-0","enemy_row2":"0-0-0-0-0","enemy_row3":"0-0-m10-0-0"},{"level_id":276,"enemy_row1":"0-r5-r10-r2-0","enemy_row2":"0-0-r8-0-0","enemy_row3":"0-0-m11-0-0"},{"level_id":277,"enemy_row1":"r5-r10-r11-r8-r4","enemy_row2":"0-0-r2-0-0","enemy_row3":"0-0-0-0-0"},{"level_id":278,"enemy_row1":"0-0-0-0-0","enemy_row2":"m6-r10-r11-m8-r2","enemy_row3":"0-0-0-0-0"},{"level_id":279,"enemy_row1":"0-r3-0-r2-0","enemy_row2":"m6-r10-r11-m8-r4","enemy_row3":"0-0-0-0-0"},{"level_id":280,"enemy_row1":"r2-r5-r6-r3-0","enemy_row2":"0-0-0-0-0","enemy_row3":"0-m10-m11-m8-0"},{"level_id":281,"enemy_row1":"r4-r6-r10-r5-r3","enemy_row2":"0-r8-0-r2-0","enemy_row3":"0-0-m11-0-0"},{"level_id":282,"enemy_row1":"r7-r10-r11-r8-r3","enemy_row2":"0-0-r2-0-0","enemy_row3":"0-0-0-0-0"},{"level_id":283,"enemy_row1":"0-r3-0-r2-0","enemy_row2":"m7-r10-r11-m8-r4","enemy_row3":"0-0-0-0-0"},{"level_id":284,"enemy_row1":"0-r3-0-r2-0","enemy_row2":"m7-r10-r11-m8-r5","enemy_row3":"0-0-0-0-0"},{"level_id":285,"enemy_row1":"r7-r10-r11-r8-r5","enemy_row2":"0-r3-r4-r2-0","enemy_row3":"0-0-0-0-0"},{"level_id":286,"enemy_row1":"r3-r7-r8-r6-r2","enemy_row2":"0-0-0-0-0","enemy_row3":"0-m11-0-m10-0"},{"level_id":287,"enemy_row1":"r4-r7-r10-r6-r3","enemy_row2":"0-r8-0-r2-0","enemy_row3":"0-0-m11-0-0"},{"level_id":288,"enemy_row1":"r5-r7-r8-r6-r3","enemy_row2":"0-0-r2-0-0","enemy_row3":"0-m11-0-m10-0"},{"level_id":289,"enemy_row1":"0-r9-0-r2-0","enemy_row2":"0-0-0-0-0","enemy_row3":"0-m11-0-m10-0"},{"level_id":290,"enemy_row1":"0-0-0-0-0","enemy_row2":"m4-r10-r11-m9-r2","enemy_row3":"0-0-0-0-0"},{"level_id":291,"enemy_row1":"0-r5-r9-r2-0","enemy_row2":"0-0-0-0-0","enemy_row3":"0-m11-0-m10-0"},{"level_id":292,"enemy_row1":"r4-r9-r11-r5-r2","enemy_row2":"0-0-0-0-0","enemy_row3":"0-0-m10-0-0"},{"level_id":293,"enemy_row1":"r6-r10-r11-r9-r2","enemy_row2":"0-0-0-0-0","enemy_row3":"0-0-0-0-0"},{"level_id":294,"enemy_row1":"r2-r6-r10-r4-0","enemy_row2":"0-0-r9-0-0","enemy_row3":"0-0-m11-0-0"},{"level_id":295,"enemy_row1":"r6-r10-r11-r9-r5","enemy_row2":"0-0-r2-0-0","enemy_row3":"0-0-0-0-0"},{"level_id":296,"enemy_row1":"r4-r6-r10-r5-r2","enemy_row2":"0-0-r9-0-0","enemy_row3":"0-0-m11-0-0"},{"level_id":297,"enemy_row1":"r7-r10-r11-r9-r2","enemy_row2":"0-0-0-0-0","enemy_row3":"0-0-0-0-0"},{"level_id":298,"enemy_row1":"0-0-r2-0-0","enemy_row2":"m7-r10-r11-m9-r4","enemy_row3":"0-0-0-0-0"},{"level_id":299,"enemy_row1":"r3-r7-r9-r5-r2","enemy_row2":"0-0-0-0-0","enemy_row3":"0-m11-0-m10-0"},{"level_id":300,"enemy_row1":"r5-r9-r11-r7-r4","enemy_row2":"0-r3-0-r2-0","enemy_row3":"0-0-m10-0-0"}]}