{"levels":[{"level_id":1101,"enemy_row1":"r11-r11-r11-r11-r11","enemy_row2":"r8-r11-r11-r9-r6","enemy_row3":"0-m3-m11-m2-0"},{"level_id":1102,"enemy_row1":"r9-r11-r11-r11-r8","enemy_row2":"m11-r11-r11-m11-r11","enemy_row3":"m2-m4-m6-m3-0"},{"level_id":1103,"enemy_row1":"r11-r11-r11-r11-r11","enemy_row2":"r8-r11-r11-r9-r6","enemy_row3":"m2-m5-m11-m3-0"},{"level_id":1104,"enemy_row1":"r9-r11-r11-r11-r8","enemy_row2":"m11-r11-r11-m11-r11","enemy_row3":"m3-m5-m6-m4-m2"},{"level_id":1105,"enemy_row1":"r11-r11-r11-r11-r11","enemy_row2":"r3-m8-m9-r7-r2","enemy_row3":"0-m11-m11-m11-0"},{"level_id":1106,"enemy_row1":"r11-r11-r11-r11-r11","enemy_row2":"r7-r9-r11-r8-r4","enemy_row3":"m2-m11-m11-m3-0"},{"level_id":1107,"enemy_row1":"r11-r11-r11-r11-r11","enemy_row2":"r9-r11-r11-r11-r8","enemy_row3":"m2-m5-m7-m3-0"},{"level_id":1108,"enemy_row1":"r11-r11-r11-r11-r11","enemy_row2":"r8-r11-r11-r9-r7","enemy_row3":"m3-m5-m11-m4-m2"},{"level_id":1109,"enemy_row1":"r11-r11-r11-r11-r11","enemy_row2":"r8-r11-r11-r9-r7","enemy_row3":"m2-m6-m11-m4-0"},{"level_id":1110,"enemy_row1":"r11-r11-r11-r11-r11","enemy_row2":"r9-r11-r11-r11-r8","enemy_row3":"m2-m6-m7-m5-0"},{"level_id":1111,"enemy_row1":"r11-r11-r11-r11-r11","enemy_row2":"r7-r9-r11-r8-r6","enemy_row3":"m4-m11-m11-m5-m2"},{"level_id":1112,"enemy_row1":"r10-r11-r11-r11-r2","enemy_row2":"m11-r11-r11-m11-r11","enemy_row3":"0-0-0-0-0"},{"level_id":1113,"enemy_row1":"r11-r11-r11-r11-r11","enemy_row2":"r4-r11-r11-r10-r2","enemy_row3":"0-0-m11-0-0"},{"level_id":1114,"enemy_row1":"r11-r11-r11-r11-r11","enemy_row2":"0-m5-m10-r2-0","enemy_row3":"0-m11-m11-m11-0"},{"level_id":1115,"enemy_row1":"r11-r11-r11-r11-r11","enemy_row2":"r10-r11-r11-r11-r5","enemy_row3":"0-m4-0-m2-0"},{"level_id":1116,"enemy_row1":"r11-r11-r11-r11-r11","enemy_row2":"r6-r11-r11-r10-r2","enemy_row3":"0-0-m11-0-0"},{"level_id":1117,"enemy_row1":"r11-r11-r11-r11-r11","enemy_row2":"r6-r11-r11-r10-r4","enemy_row3":"0-m11-0-m2-0"},{"level_id":1118,"enemy_row1":"r11-r11-r11-r11-r11","enemy_row2":"r5-r10-r11-r6-r2","enemy_row3":"0-m11-0-m11-0"},{"level_id":1119,"enemy_row1":"r11-r11-r11-r11-r11","enemy_row2":"r5-r10-r11-r6-r4","enemy_row3":"m2-m11-m11-m3-0"},{"level_id":1120,"enemy_row1":"r10-r11-r11-r11-r7","enemy_row2":"m11-r11-r11-m11-r11","enemy_row3":"0-m3-0-m2-0"},{"level_id":1121,"enemy_row1":"r11-r11-r11-r11-r11","enemy_row2":"r10-r11-r11-r11-r7","enemy_row3":"0-m3-m4-m2-0"},{"level_id":1122,"enemy_row1":"r11-r11-r11-r11-r11","enemy_row2":"r5-r10-r11-r7-r3","enemy_row3":"0-m11-m11-m2-0"},{"level_id":1123,"enemy_row1":"r11-r11-r11-r11-r11","enemy_row2":"r5-r10-r11-r7-r4","enemy_row3":"m2-m11-m11-m3-0"},{"level_id":1124,"enemy_row1":"r11-r11-r11-r11-r11","enemy_row2":"r10-r11-r11-r11-r7","enemy_row3":"0-m3-m6-m2-0"},{"level_id":1125,"enemy_row1":"r10-r11-r11-r11-r7","enemy_row2":"m11-r11-r11-m11-r11","enemy_row3":"m2-m4-m6-m3-0"},{"level_id":1126,"enemy_row1":"r11-r11-r11-r11-r11","enemy_row2":"r6-r10-r11-r7-r5","enemy_row3":"m2-m11-m11-m3-0"},{"level_id":1127,"enemy_row1":"r11-r11-r11-r11-r11","enemy_row2":"r7-r11-r11-r10-r6","enemy_row3":"m3-m5-m11-m4-m2"},{"level_id":1128,"enemy_row1":"r11-r11-r11-r11-r11","enemy_row2":"r8-r11-r11-r10-r3","enemy_row3":"0-m11-0-m2-0"},{"level_id":1129,"enemy_row1":"r11-r11-r11-r11-r11","enemy_row2":"r2-m8-m10-r5-0","enemy_row3":"0-m11-m11-m11-0"},{"level_id":1130,"enemy_row1":"r11-r11-r11-r11-r11","enemy_row2":"r8-r11-r11-r10-r5","enemy_row3":"0-m4-m11-m2-0"},{"level_id":1131,"enemy_row1":"r11-r11-r11-r11-r11","enemy_row2":"r8-r11-r11-r10-r6","enemy_row3":"0-m11-0-m2-0"},{"level_id":1132,"enemy_row1":"r10-r11-r11-r11-r8","enemy_row2":"m11-r11-r11-m11-r11","enemy_row3":"0-m4-m6-m2-0"},{"level_id":1133,"enemy_row1":"r11-r11-r11-r11-r11","enemy_row2":"r8-r11-r11-r10-r6","enemy_row3":"0-m5-m11-m2-0"},{"level_id":1134,"enemy_row1":"r11-r11-r11-r11-r11","enemy_row2":"r5-m8-m10-r6-r4","enemy_row3":"m2-m11-m11-m11-0"},{"level_id":1135,"enemy_row1":"r11-r11-r11-r11-r11","enemy_row2":"r10-r11-r11-r11-r8","enemy_row3":"0-m7-0-m2-0"},{"level_id":1136,"enemy_row1":"r11-r11-r11-r11-r11","enemy_row2":"r7-r10-r11-r8-r4","enemy_row3":"0-m11-m11-m2-0"},{"level_id":1137,"enemy_row1":"r11-r11-r11-r11-r11","enemy_row2":"r5-m8-m10-r7-r2","enemy_row3":"0-m11-m11-m11-0"},{"level_id":1138,"enemy_row1":"r11-r11-r11-r11-r11","enemy_row2":"r7-r10-r11-r8-r5","enemy_row3":"m2-m11-m11-m4-0"},{"level_id":1139,"enemy_row1":"r11-r11-r11-r11-r11","enemy_row2":"r8-r11-r11-r10-r7","enemy_row3":"m2-m6-m11-m3-0"},{"level_id":1140,"enemy_row1":"r11-r11-r11-r11-r11","enemy_row2":"r8-r11-r11-r10-r7","enemy_row3":"m3-m6-m11-m4-m2"},{"level_id":1141,"enemy_row1":"r11-r11-r11-r11-r11","enemy_row2":"r8-r11-r11-r10-r7","enemy_row3":"m3-m6-m11-m5-m2"},{"level_id":1142,"enemy_row1":"r11-r11-r11-r11-r11","enemy_row2":"r7-r10-r11-r8-r6","enemy_row3":"m4-m11-m11-m5-m3"},{"level_id":1143,"enemy_row1":"r11-r11-r11-r11-r11","enemy_row2":"r10-r11-r11-r11-r9","enemy_row3":"0-m3-0-m2-0"},{"level_id":1144,"enemy_row1":"r11-r11-r11-r11-r11","enemy_row2":"r4-r10-r11-r9-r3","enemy_row3":"0-m11-m11-m2-0"},{"level_id":1145,"enemy_row1":"r11-r11-r11-r11-r11","enemy_row2":"r5-r10-r11-r9-r3","enemy_row3":"0-m11-m11-m2-0"},{"level_id":1146,"enemy_row1":"r11-r11-r11-r11-r11","enemy_row2":"r10-r11-r11-r11-r9","enemy_row3":"m2-m4-m5-m3-0"},{"level_id":1147,"enemy_row1":"r10-r11-r11-r11-r9","enemy_row2":"m11-r11-r11-m11-r11","enemy_row3":"0-m3-m6-m2-0"},{"level_id":1148,"enemy_row1":"r11-r11-r11-r11-r11","enemy_row2":"r4-m9-m10-r6-r3","enemy_row3":"m2-m11-m11-m11-0"},{"level_id":1149,"enemy_row1":"r11-r11-r11-r11-r11","enemy_row2":"r5-m9-m10-r6-r4","enemy_row3":"m2-m11-m11-m11-0"},{"level_id":1150,"enemy_row1":"r11-r11-r11-r11-r11","enemy_row2":"r9-r11-r11-r10-r7","enemy_row3":"0-m11-0-m2-0"},{"level_id":1151,"enemy_row1":"r11-r11-r11-r11-r11","enemy_row2":"r10-r11-r11-r11-r9","enemy_row3":"0-m4-m7-m2-0"},{"level_id":1152,"enemy_row1":"r11-r11-r11-r11-r11","enemy_row2":"r9-r11-r11-r10-r7","enemy_row3":"0-m5-m11-m2-0"},{"level_id":1153,"enemy_row1":"r11-r11-r11-r11-r11","enemy_row2":"r9-r11-r11-r10-r7","enemy_row3":"m2-m5-m11-m4-0"},{"level_id":1154,"enemy_row1":"r11-r11-r11-r11-r11","enemy_row2":"r10-r11-r11-r11-r9","enemy_row3":"0-m6-m7-m2-0"},{"level_id":1155,"enemy_row1":"r11-r11-r11-r11-r11","enemy_row2":"r10-r11-r11-r11-r9","enemy_row3":"m2-m6-m7-m4-0"},{"level_id":1156,"enemy_row1":"r11-r11-r11-r11-r11","enemy_row2":"r10-r11-r11-r11-r9","enemy_row3":"m2-m6-m7-m5-0"},{"level_id":1157,"enemy_row1":"r11-r11-r11-r11-r11","enemy_row2":"r7-r10-r11-r9-r6","enemy_row3":"m4-m11-m11-m5-m2"},{"level_id":1158,"enemy_row1":"r10-r11-r11-r11-r9","enemy_row2":"m11-r11-r11-m11-r11","enemy_row3":"0-m8-0-m2-0"},{"level_id":1159,"enemy_row1":"r11-r11-r11-r11-r11","enemy_row2":"r4-m9-m10-r8-r3","enemy_row3":"m2-m11-m11-m11-0"},{"level_id":1160,"enemy_row1":"r11-r11-r11-r11-r11","enemy_row2":"r5-m9-m10-r8-r3","enemy_row3":"m2-m11-m11-m11-0"},{"level_id":1161,"enemy_row1":"r11-r11-r11-r11-r11","enemy_row2":"r8-r10-r11-r9-r5","enemy_row3":"m3-m11-m11-m4-m2"},{"level_id":1162,"enemy_row1":"r11-r11-r11-r11-r11","enemy_row2":"r8-r10-r11-r9-r6","enemy_row3":"m2-m11-m11-m3-0"},{"level_id":1163,"enemy_row1":"r11-r11-r11-r11-r11","enemy_row2":"r10-r11-r11-r11-r9","enemy_row3":"m3-m6-m8-m4-m2"},{"level_id":1164,"enemy_row1":"r11-r11-r11-r11-r11","enemy_row2":"r6-m9-m10-r8-r5","enemy_row3":"m3-m11-m11-m11-m2"},{"level_id":1165,"enemy_row1":"r11-r11-r11-r11-r11","enemy_row2":"r9-r11-r11-r10-r8","enemy_row3":"m4-m6-m11-m5-m3"},{"level_id":1166,"enemy_row1":"r11-r11-r11-r11-r11","enemy_row2":"r10-r11-r11-r11-r9","enemy_row3":"m2-m7-m8-m3-0"},{"level_id":1167,"enemy_row1":"r11-r11-r11-r11-r11","enemy_row2":"r9-r11-r11-r10-r8","enemy_row3":"m3-m7-m11-m4-m2"},{"level_id":1168,"enemy_row1":"r11-r11-r11-r11-r11","enemy_row2":"r9-r11-r11-r10-r8","enemy_row3":"m3-m7-m11-m5-m2"},{"level_id":1169,"enemy_row1":"r10-r11-r11-r11-r9","enemy_row2":"m11-r11-r11-m11-r11","enemy_row3":"m2-m7-m8-m6-0"},{"level_id":1170,"enemy_row1":"r11-r11-r11-r11-r11","enemy_row2":"r9-r11-r11-r10-r8","enemy_row3":"m4-m7-m11-m6-m2"},{"level_id":1171,"enemy_row1":"r11-r11-r11-r11-r11","enemy_row2":"r8-r10-r11-r9-r7","enemy_row3":"m5-m11-m11-m6-m2"},{"level_id":1172,"enemy_row1":"r11-r11-r11-r11-r11","enemy_row2":"r7-m9-m10-r8-r6","enemy_row3":"m5-m11-m11-m11-m4"},{"level_id":1173,"enemy_row1":"r11-r11-r11-r11-r11","enemy_row2":"r2-r11-r11-r11-0","enemy_row3":"0-0-m11-0-0"},{"level_id":1174,"enemy_row1":"r11-r11-r11-r11-r11","enemy_row2":"r11-r11-r11-r11-r4","enemy_row3":"0-0-m2-0-0"},{"level_id":1175,"enemy_row1":"r11-r11-r11-r11-r11","enemy_row2":"r11-r11-r11-r11-r5","enemy_row3":"0-0-m2-0-0"},{"level_id":1176,"enemy_row1":"r11-r11-r11-r11-r11","enemy_row2":"r5-r11-r11-r11-r4","enemy_row3":"0-m11-0-m2-0"},{"level_id":1177,"enemy_row1":"r11-r11-r11-r11-r11","enemy_row2":"r11-r11-r11-r11-r6","enemy_row3":"0-0-m2-0-0"},{"level_id":1178,"enemy_row1":"r11-r11-r11-r11-r6","enemy_row2":"m11-r11-r11-m11-r11","enemy_row3":"0-m4-0-m2-0"},{"level_id":1179,"enemy_row1":"r11-r11-r11-r11-r11","enemy_row2":"r11-r11-r11-r11-r6","enemy_row3":"0-m3-m5-m2-0"},{"level_id":1180,"enemy_row1":"r11-r11-r11-r11-r11","enemy_row2":"r6-r11-r11-r11-r5","enemy_row3":"m2-m4-m11-m3-0"},{"level_id":1181,"enemy_row1":"r11-r11-r11-r11-r11","enemy_row2":"r3-r11-r11-r7-r2","enemy_row3":"0-m11-0-m11-0"},{"level_id":1182,"enemy_row1":"r11-r11-r11-r11-r11","enemy_row2":"r7-r11-r11-r11-r4","enemy_row3":"0-m3-m11-m2-0"},{"level_id":1183,"enemy_row1":"r11-r11-r11-r11-r11","enemy_row2":"r3-m7-m11-r5-r2","enemy_row3":"0-m11-m11-m11-0"},{"level_id":1184,"enemy_row1":"r11-r11-r11-r11-r11","enemy_row2":"r11-r11-r11-r11-r7","enemy_row3":"m2-m4-m5-m3-0"},{"level_id":1185,"enemy_row1":"r11-r11-r11-r11-r7","enemy_row2":"m11-r11-r11-m11-r11","enemy_row3":"0-m3-m6-m2-0"},{"level_id":1186,"enemy_row1":"r11-r11-r11-r11-r11","enemy_row2":"r11-r11-r11-r11-r7","enemy_row3":"m2-m4-m6-m3-0"},{"level_id":1187,"enemy_row1":"r11-r11-r11-r11-r11","enemy_row2":"r5-m7-m11-r6-r3","enemy_row3":"m2-m11-m11-m11-0"},{"level_id":1188,"enemy_row1":"r11-r11-r11-r11-r11","enemy_row2":"r6-r11-r11-r7-r5","enemy_row3":"m3-m11-m11-m4-m2"},{"level_id":1189,"enemy_row1":"r11-r11-r11-r11-r8","enemy_row2":"m11-r11-r11-m11-r11","enemy_row3":"0-m4-0-m2-0"},{"level_id":1190,"enemy_row1":"r11-r11-r11-r11-r11","enemy_row2":"r8-r11-r11-r11-r5","enemy_row3":"0-m11-0-m2-0"},{"level_id":1191,"enemy_row1":"r11-r11-r11-r11-r11","enemy_row2":"r4-m8-m11-r5-r2","enemy_row3":"0-m11-m11-m11-0"},{"level_id":1192,"enemy_row1":"r11-r11-r11-r11-r11","enemy_row2":"r8-r11-r11-r11-r6","enemy_row3":"0-m11-0-m2-0"},{"level_id":1193,"enemy_row1":"r11-r11-r11-r11-r11","enemy_row2":"r8-r11-r11-r11-r6","enemy_row3":"0-m4-m11-m2-0"},{"level_id":1194,"enemy_row1":"r11-r11-r11-r11-r11","enemy_row2":"r6-r11-r11-r8-r5","enemy_row3":"0-m11-m11-m2-0"},{"level_id":1195,"enemy_row1":"r11-r11-r11-r11-r8","enemy_row2":"m11-r11-r11-m11-r11","enemy_row3":"m2-m5-m6-m4-0"},{"level_id":1196,"enemy_row1":"r11-r11-r11-r11-r11","enemy_row2":"r7-r11-r11-r8-r2","enemy_row3":"0-m11-0-m11-0"},{"level_id":1197,"enemy_row1":"r11-r11-r11-r11-r11","enemy_row2":"r4-m8-m11-r7-r2","enemy_row3":"0-m11-m11-m11-0"},{"level_id":1198,"enemy_row1":"r11-r11-r11-r11-r11","enemy_row2":"r7-r11-r11-r8-r5","enemy_row3":"0-m11-m11-m2-0"},{"level_id":1199,"enemy_row1":"r11-r11-r11-r11-r11","enemy_row2":"r8-r11-r11-r11-r7","enemy_row3":"m3-m5-m11-m4-m2"},{"level_id":1200,"enemy_row1":"r11-r11-r11-r11-r11","enemy_row2":"r11-r11-r11-r11-r8","enemy_row3":"m2-m6-m7-m3-0"}]}