[1,0,0,[["cc.JsonAsset",["_name","json"],1]],[[0,0,1,3]],[[0,"level_001831-30",[{"layers":[{"index":0,"tiles":[{"x":4,"y":-8},{"x":5,"y":-8},{"x":6,"y":-8},{"x":7,"y":-8},{"x":3,"y":-7},{"x":4,"y":-7},{"x":5,"y":-7},{"x":6,"y":-7},{"x":7,"y":-7},{"x":8,"y":-7},{"x":1,"y":-6},{"x":2,"y":-6},{"x":3,"y":-6},{"x":4,"y":-6},{"x":5,"y":-6},{"x":6,"y":-6},{"x":7,"y":-6},{"x":8,"y":-6},{"x":9,"y":-6},{"x":10,"y":-6},{"x":1,"y":-5},{"x":2,"y":-5},{"x":3,"y":-5},{"x":4,"y":-5},{"x":5,"y":-5},{"x":6,"y":-5},{"x":7,"y":-5},{"x":8,"y":-5},{"x":9,"y":-5},{"x":10,"y":-5},{"x":1,"y":-4},{"x":2,"y":-4},{"x":3,"y":-4},{"x":4,"y":-4},{"x":5,"y":-4},{"x":6,"y":-4},{"x":7,"y":-4},{"x":8,"y":-4},{"x":9,"y":-4},{"x":10,"y":-4},{"x":2,"y":-3},{"x":3,"y":-3},{"x":4,"y":-3},{"x":5,"y":-3},{"x":6,"y":-3},{"x":7,"y":-3},{"x":8,"y":-3},{"x":9,"y":-3},{"x":2,"y":-2},{"x":5,"y":-2},{"x":6,"y":-2},{"x":9,"y":-2}]},{"index":1,"tiles":[{"x":4,"y":-8},{"x":5,"y":-8},{"x":6,"y":-8},{"x":7,"y":-8},{"x":3,"y":-7},{"x":4,"y":-7},{"x":5,"y":-7},{"x":6,"y":-7},{"x":7,"y":-7},{"x":8,"y":-7},{"x":1,"y":-6},{"x":2,"y":-6},{"x":3,"y":-6},{"x":4,"y":-6},{"x":5,"y":-6},{"x":6,"y":-6},{"x":7,"y":-6},{"x":8,"y":-6},{"x":9,"y":-6},{"x":10,"y":-6},{"x":1,"y":-5},{"x":2,"y":-5},{"x":3,"y":-5},{"x":4,"y":-5},{"x":5,"y":-5},{"x":6,"y":-5},{"x":7,"y":-5},{"x":8,"y":-5},{"x":9,"y":-5},{"x":10,"y":-5},{"x":1,"y":-4},{"x":2,"y":-4},{"x":3,"y":-4},{"x":4,"y":-4},{"x":5,"y":-4},{"x":6,"y":-4},{"x":7,"y":-4},{"x":8,"y":-4},{"x":9,"y":-4},{"x":10,"y":-4},{"x":2,"y":-3},{"x":3,"y":-3},{"x":4,"y":-3},{"x":5,"y":-3},{"x":6,"y":-3},{"x":7,"y":-3},{"x":8,"y":-3},{"x":9,"y":-3},{"x":2,"y":-2},{"x":5,"y":-2},{"x":6,"y":-2},{"x":9,"y":-2}]},{"index":2,"tiles":[{"x":5,"y":-7},{"x":6,"y":-7},{"x":4,"y":-6},{"x":5,"y":-6},{"x":6,"y":-6},{"x":7,"y":-6},{"x":2,"y":-5},{"x":3,"y":-5},{"x":5,"y":-5},{"x":6,"y":-5},{"x":8,"y":-5},{"x":9,"y":-5},{"x":3,"y":-4},{"x":4,"y":-4},{"x":7,"y":-4},{"x":8,"y":-4},{"x":5,"y":-3},{"x":6,"y":-3}]}],"seeds":["k8E0png2gXcNi/NgG2Ikj5WF4sFwxZUonfiAyhhYXARKX8gpH8iBR+iJ3AN21Oc9G/okGVkSHScGIFd1opMGIhiq2iNyCSKJGrgQj1JBYSQIIgUN31NMjyhioQcA"]},{"layers":[{"index":0,"tiles":[{"x":2.5,"y":-8.5},{"x":3.5,"y":-8.5},{"x":4.5,"y":-8.5},{"x":5.5,"y":-8.5},{"x":6.5,"y":-8.5},{"x":7.5,"y":-8.5},{"x":8.5,"y":-8.5},{"x":2,"y":-7.5},{"x":3,"y":-7.5},{"x":4,"y":-7.5},{"x":7,"y":-7.5},{"x":8,"y":-7.5},{"x":9,"y":-7.5},{"x":1,"y":-7},{"x":10,"y":-7},{"x":1,"y":-6},{"x":3.5,"y":-6},{"x":4.5,"y":-6},{"x":5.5,"y":-6},{"x":6.5,"y":-6},{"x":7.5,"y":-6},{"x":10,"y":-6},{"x":1,"y":-5},{"x":3,"y":-5},{"x":4,"y":-5},{"x":5,"y":-5},{"x":6,"y":-5},{"x":7,"y":-5},{"x":8,"y":-5},{"x":10,"y":-5},{"x":1,"y":-4},{"x":3.5,"y":-4},{"x":4.5,"y":-4},{"x":5.5,"y":-4},{"x":6.5,"y":-4},{"x":7.5,"y":-4},{"x":10,"y":-4},{"x":1,"y":-3},{"x":10,"y":-3},{"x":2,"y":-2.5},{"x":3,"y":-2.5},{"x":4,"y":-2.5},{"x":7,"y":-2.5},{"x":8,"y":-2.5},{"x":9,"y":-2.5},{"x":2.5,"y":-1.5},{"x":3.5,"y":-1.5},{"x":4.5,"y":-1.5},{"x":5.5,"y":-1.5},{"x":6.5,"y":-1.5},{"x":7.5,"y":-1.5},{"x":8.5,"y":-1.5}]},{"index":1,"tiles":[{"x":2.5,"y":-8.5},{"x":3.5,"y":-8.5},{"x":4.5,"y":-8.5},{"x":5.5,"y":-8.5},{"x":6.5,"y":-8.5},{"x":7.5,"y":-8.5},{"x":8.5,"y":-8.5},{"x":2,"y":-7.5},{"x":3,"y":-7.5},{"x":4,"y":-7.5},{"x":7,"y":-7.5},{"x":8,"y":-7.5},{"x":9,"y":-7.5},{"x":1,"y":-7},{"x":10,"y":-7},{"x":1,"y":-6},{"x":3.5,"y":-6},{"x":4.5,"y":-6},{"x":5.5,"y":-6},{"x":6.5,"y":-6},{"x":7.5,"y":-6},{"x":10,"y":-6},{"x":1,"y":-5},{"x":3,"y":-5},{"x":4,"y":-5},{"x":5,"y":-5},{"x":6,"y":-5},{"x":7,"y":-5},{"x":8,"y":-5},{"x":10,"y":-5},{"x":1,"y":-4},{"x":3.5,"y":-4},{"x":4.5,"y":-4},{"x":5.5,"y":-4},{"x":6.5,"y":-4},{"x":7.5,"y":-4},{"x":10,"y":-4},{"x":1,"y":-3},{"x":10,"y":-3},{"x":2,"y":-2.5},{"x":3,"y":-2.5},{"x":4,"y":-2.5},{"x":7,"y":-2.5},{"x":8,"y":-2.5},{"x":9,"y":-2.5},{"x":2.5,"y":-1.5},{"x":3.5,"y":-1.5},{"x":4.5,"y":-1.5},{"x":5.5,"y":-1.5},{"x":6.5,"y":-1.5},{"x":7.5,"y":-1.5},{"x":8.5,"y":-1.5}]},{"index":2,"tiles":[{"x":4,"y":-5.5},{"x":5,"y":-5.5},{"x":6,"y":-5.5},{"x":7,"y":-5.5},{"x":4,"y":-4.5},{"x":5,"y":-4.5},{"x":6,"y":-4.5},{"x":7,"y":-4.5}]},{"index":3,"tiles":[{"x":4.5,"y":-5},{"x":6.5,"y":-5}]}],"seeds":["EUekBrYwUuCJoDYVigZl3aYeYpgYgdcsXkc94NBM4lBUYOhxDEhhhpCEnxIQ4NchSiSST2iFaCaVgskp1seJ4+ZojqGEFzcFSAdxYjB951GBoiYGlwIA"]},{"layers":[{"index":0,"tiles":[{"x":5,"y":-8},{"x":6,"y":-8},{"x":4.5,"y":-7},{"x":5.5,"y":-7},{"x":6.5,"y":-7},{"x":4,"y":-6},{"x":5,"y":-6},{"x":6,"y":-6},{"x":7,"y":-6},{"x":3.5,"y":-5},{"x":4.5,"y":-5},{"x":5.5,"y":-5},{"x":6.5,"y":-5},{"x":7.5,"y":-5},{"x":3,"y":-4},{"x":4,"y":-4},{"x":5,"y":-4},{"x":6,"y":-4},{"x":7,"y":-4},{"x":8,"y":-4},{"x":2.5,"y":-3},{"x":3.5,"y":-3},{"x":4.5,"y":-3},{"x":5.5,"y":-3},{"x":6.5,"y":-3},{"x":7.5,"y":-3},{"x":8.5,"y":-3},{"x":2,"y":-2},{"x":3,"y":-2},{"x":4,"y":-2},{"x":5,"y":-2},{"x":6,"y":-2},{"x":7,"y":-2},{"x":8,"y":-2},{"x":9,"y":-2}]},{"index":1,"tiles":[{"x":5,"y":-8},{"x":6,"y":-8},{"x":4.5,"y":-7},{"x":5.5,"y":-7},{"x":6.5,"y":-7},{"x":4,"y":-6},{"x":5,"y":-6},{"x":6,"y":-6},{"x":7,"y":-6},{"x":3.5,"y":-5},{"x":4.5,"y":-5},{"x":5.5,"y":-5},{"x":6.5,"y":-5},{"x":7.5,"y":-5},{"x":3,"y":-4},{"x":4,"y":-4},{"x":5,"y":-4},{"x":6,"y":-4},{"x":7,"y":-4},{"x":8,"y":-4},{"x":2.5,"y":-3},{"x":3.5,"y":-3},{"x":4.5,"y":-3},{"x":5.5,"y":-3},{"x":6.5,"y":-3},{"x":7.5,"y":-3},{"x":8.5,"y":-3},{"x":2,"y":-2},{"x":3,"y":-2},{"x":4,"y":-2},{"x":5,"y":-2},{"x":6,"y":-2},{"x":7,"y":-2},{"x":8,"y":-2},{"x":9,"y":-2}]},{"index":2,"tiles":[{"x":5,"y":-8},{"x":6,"y":-8},{"x":4.5,"y":-7},{"x":5.5,"y":-7},{"x":6.5,"y":-7},{"x":4,"y":-6},{"x":5,"y":-6},{"x":6,"y":-6},{"x":7,"y":-6},{"x":3.5,"y":-5},{"x":4.5,"y":-5},{"x":5.5,"y":-5},{"x":6.5,"y":-5},{"x":7.5,"y":-5},{"x":3,"y":-4},{"x":4,"y":-4},{"x":5,"y":-4},{"x":6,"y":-4},{"x":7,"y":-4},{"x":8,"y":-4},{"x":2.5,"y":-3},{"x":3.5,"y":-3},{"x":4.5,"y":-3},{"x":5.5,"y":-3},{"x":6.5,"y":-3},{"x":7.5,"y":-3},{"x":8.5,"y":-3},{"x":2,"y":-2},{"x":3,"y":-2},{"x":4,"y":-2},{"x":5,"y":-2},{"x":6,"y":-2},{"x":7,"y":-2},{"x":8,"y":-2},{"x":9,"y":-2}]},{"index":3,"tiles":[{"x":5,"y":-8},{"x":6,"y":-8},{"x":4.5,"y":-7},{"x":6.5,"y":-7},{"x":5.5,"y":-6.5},{"x":4,"y":-6},{"x":7,"y":-6},{"x":5,"y":-5.5},{"x":6,"y":-5.5},{"x":3.5,"y":-5},{"x":7.5,"y":-5},{"x":4.5,"y":-4.5},{"x":5.5,"y":-4.5},{"x":6.5,"y":-4.5},{"x":3,"y":-4},{"x":8,"y":-4},{"x":4,"y":-3.5},{"x":5,"y":-3.5},{"x":6,"y":-3.5},{"x":7,"y":-3.5},{"x":2.5,"y":-3},{"x":8.5,"y":-3},{"x":2,"y":-2},{"x":3,"y":-2},{"x":4,"y":-2},{"x":5,"y":-2},{"x":6,"y":-2},{"x":7,"y":-2},{"x":8,"y":-2},{"x":9,"y":-2}]},{"index":4,"tiles":[{"x":5.5,"y":-6},{"x":5,"y":-5},{"x":6,"y":-5},{"x":4.5,"y":-4},{"x":5.5,"y":-4},{"x":6.5,"y":-4}]},{"index":5,"tiles":[{"x":5.5,"y":-5.5},{"x":5,"y":-4.5},{"x":6,"y":-4.5}]}],"seeds":["1AFVW5dwXdpZl7B9BNGIztOEHJoFnRgcHNOAYrNonbcUBDQwj2FRDQdmVqCQxGmKjRUuBTYI39CFaigaYAh+YPBxRFRWxKRUgSNMlBd2l+hxYyAl04CJnhJqnzKBjAeGVCeKghR9ogcy1YIg"]},{"layers":[{"index":0,"tiles":[{"x":3,"y":-8.5},{"x":4,"y":-8.5},{"x":5,"y":-8.5},{"x":6,"y":-8.5},{"x":7,"y":-8.5},{"x":8,"y":-8.5},{"x":3,"y":-7.5},{"x":4,"y":-7.5},{"x":5,"y":-7.5},{"x":6,"y":-7.5},{"x":7,"y":-7.5},{"x":8,"y":-7.5},{"x":1,"y":-6.5},{"x":2,"y":-6.5},{"x":3,"y":-6.5},{"x":4,"y":-6.5},{"x":5,"y":-6.5},{"x":6,"y":-6.5},{"x":7,"y":-6.5},{"x":8,"y":-6.5},{"x":9,"y":-6.5},{"x":10,"y":-6.5},{"x":1,"y":-5.5},{"x":2.5,"y":-5.5},{"x":4.5,"y":-5.5},{"x":6.5,"y":-5.5},{"x":8.5,"y":-5.5},{"x":10,"y":-5.5},{"x":1,"y":-4.5},{"x":2.5,"y":-4.5},{"x":4.5,"y":-4.5},{"x":6.5,"y":-4.5},{"x":8.5,"y":-4.5},{"x":10,"y":-4.5},{"x":1,"y":-3.5},{"x":2,"y":-3.5},{"x":3,"y":-3.5},{"x":4,"y":-3.5},{"x":5,"y":-3.5},{"x":6,"y":-3.5},{"x":7,"y":-3.5},{"x":8,"y":-3.5},{"x":9,"y":-3.5},{"x":10,"y":-3.5},{"x":3,"y":-2.5},{"x":4,"y":-2.5},{"x":5,"y":-2.5},{"x":6,"y":-2.5},{"x":7,"y":-2.5},{"x":8,"y":-2.5},{"x":3,"y":-1.5},{"x":4,"y":-1.5},{"x":5,"y":-1.5},{"x":6,"y":-1.5},{"x":7,"y":-1.5},{"x":8,"y":-1.5}]},{"index":1,"tiles":[{"x":3,"y":-8.5},{"x":4,"y":-8.5},{"x":5,"y":-8.5},{"x":6,"y":-8.5},{"x":7,"y":-8.5},{"x":8,"y":-8.5},{"x":3,"y":-7.5},{"x":4,"y":-7.5},{"x":5,"y":-7.5},{"x":6,"y":-7.5},{"x":7,"y":-7.5},{"x":8,"y":-7.5},{"x":1,"y":-6.5},{"x":2,"y":-6.5},{"x":3,"y":-6.5},{"x":4,"y":-6.5},{"x":5,"y":-6.5},{"x":6,"y":-6.5},{"x":7,"y":-6.5},{"x":8,"y":-6.5},{"x":9,"y":-6.5},{"x":10,"y":-6.5},{"x":1,"y":-5.5},{"x":2.5,"y":-5.5},{"x":4.5,"y":-5.5},{"x":6.5,"y":-5.5},{"x":8.5,"y":-5.5},{"x":10,"y":-5.5},{"x":1,"y":-4.5},{"x":2.5,"y":-4.5},{"x":4.5,"y":-4.5},{"x":6.5,"y":-4.5},{"x":8.5,"y":-4.5},{"x":10,"y":-4.5},{"x":1,"y":-3.5},{"x":2,"y":-3.5},{"x":3,"y":-3.5},{"x":4,"y":-3.5},{"x":5,"y":-3.5},{"x":6,"y":-3.5},{"x":7,"y":-3.5},{"x":8,"y":-3.5},{"x":9,"y":-3.5},{"x":10,"y":-3.5},{"x":3,"y":-2.5},{"x":4,"y":-2.5},{"x":5,"y":-2.5},{"x":6,"y":-2.5},{"x":7,"y":-2.5},{"x":8,"y":-2.5},{"x":3,"y":-1.5},{"x":4,"y":-1.5},{"x":5,"y":-1.5},{"x":6,"y":-1.5},{"x":7,"y":-1.5},{"x":8,"y":-1.5}]},{"index":2,"tiles":[{"x":1,"y":-5},{"x":2,"y":-5},{"x":3,"y":-5},{"x":4,"y":-5},{"x":7,"y":-5},{"x":8,"y":-5},{"x":9,"y":-5},{"x":10,"y":-5}]}],"seeds":["AjWCqcMEYsgQYoFyn7hsRSJkHcVFAxUQ4BN0DvUh2Jd9pxeWCiJMh1glFhd9IicOGuhMnGhd1eQ5oQcqV6iaR9dJENiBTRgIjWFMitZ5ISh+nLQoy0JiGwg9"]},{"layers":[{"index":0,"tiles":[{"x":5.5,"y":-8},{"x":4.5,"y":-7.5},{"x":6.5,"y":-7.5},{"x":3.5,"y":-7},{"x":7.5,"y":-7},{"x":2.5,"y":-6.5},{"x":4.5,"y":-6.5},{"x":6.5,"y":-6.5},{"x":8.5,"y":-6.5},{"x":1.5,"y":-6},{"x":3.5,"y":-6},{"x":5.5,"y":-6},{"x":7.5,"y":-6},{"x":9.5,"y":-6},{"x":0.5,"y":-5.5},{"x":2.5,"y":-5.5},{"x":4.5,"y":-5.5},{"x":6.5,"y":-5.5},{"x":8.5,"y":-5.5},{"x":10.5,"y":-5.5},{"x":3.5,"y":-5},{"x":7.5,"y":-5},{"x":0.5,"y":-4.5},{"x":2.5,"y":-4.5},{"x":4.5,"y":-4.5},{"x":6.5,"y":-4.5},{"x":8.5,"y":-4.5},{"x":10.5,"y":-4.5},{"x":1.5,"y":-4},{"x":3.5,"y":-4},{"x":5.5,"y":-4},{"x":7.5,"y":-4},{"x":9.5,"y":-4},{"x":2.5,"y":-3.5},{"x":4.5,"y":-3.5},{"x":6.5,"y":-3.5},{"x":8.5,"y":-3.5},{"x":3.5,"y":-3},{"x":7.5,"y":-3},{"x":4.5,"y":-2.5},{"x":6.5,"y":-2.5},{"x":5.5,"y":-2}]},{"index":1,"tiles":[{"x":5.5,"y":-8},{"x":4.5,"y":-7.5},{"x":6.5,"y":-7.5},{"x":3.5,"y":-7},{"x":7.5,"y":-7},{"x":2.5,"y":-6.5},{"x":4.5,"y":-6.5},{"x":6.5,"y":-6.5},{"x":8.5,"y":-6.5},{"x":1.5,"y":-6},{"x":3.5,"y":-6},{"x":5.5,"y":-6},{"x":7.5,"y":-6},{"x":9.5,"y":-6},{"x":0.5,"y":-5.5},{"x":2.5,"y":-5.5},{"x":4.5,"y":-5.5},{"x":6.5,"y":-5.5},{"x":8.5,"y":-5.5},{"x":10.5,"y":-5.5},{"x":3.5,"y":-5},{"x":7.5,"y":-5},{"x":0.5,"y":-4.5},{"x":2.5,"y":-4.5},{"x":4.5,"y":-4.5},{"x":6.5,"y":-4.5},{"x":8.5,"y":-4.5},{"x":10.5,"y":-4.5},{"x":1.5,"y":-4},{"x":3.5,"y":-4},{"x":5.5,"y":-4},{"x":7.5,"y":-4},{"x":9.5,"y":-4},{"x":2.5,"y":-3.5},{"x":4.5,"y":-3.5},{"x":6.5,"y":-3.5},{"x":8.5,"y":-3.5},{"x":3.5,"y":-3},{"x":7.5,"y":-3},{"x":4.5,"y":-2.5},{"x":6.5,"y":-2.5},{"x":5.5,"y":-2}]},{"index":2,"tiles":[{"x":5.5,"y":-8},{"x":4.5,"y":-7.5},{"x":6.5,"y":-7.5},{"x":3.5,"y":-7},{"x":7.5,"y":-7},{"x":2.5,"y":-6.5},{"x":8.5,"y":-6.5},{"x":1.5,"y":-6},{"x":5.5,"y":-6},{"x":9.5,"y":-6},{"x":0.5,"y":-5.5},{"x":4.5,"y":-5.5},{"x":6.5,"y":-5.5},{"x":10.5,"y":-5.5},{"x":3.5,"y":-5},{"x":7.5,"y":-5},{"x":0.5,"y":-4.5},{"x":4.5,"y":-4.5},{"x":6.5,"y":-4.5},{"x":10.5,"y":-4.5},{"x":1.5,"y":-4},{"x":5.5,"y":-4},{"x":9.5,"y":-4},{"x":2.5,"y":-3.5},{"x":8.5,"y":-3.5},{"x":3.5,"y":-3},{"x":7.5,"y":-3},{"x":4.5,"y":-2.5},{"x":6.5,"y":-2.5},{"x":5.5,"y":-2}]}],"seeds":["1qQ8hAQdTbRN3OBFi0MNodV1CMOpafMoFSgGHTcl0aV4H3Ga3CdqQcFlYAAWStJMB0ddyBZ1nUaWGIg1XxaO4hYa4SYKKCR6oOiAQegYnlMJXycxSwgA"]},{"layers":[{"index":0,"tiles":[{"x":5,"y":-8.5},{"x":6,"y":-8.5},{"x":2,"y":-7.5},{"x":3,"y":-7.5},{"x":4,"y":-7.5},{"x":5,"y":-7.5},{"x":6,"y":-7.5},{"x":7,"y":-7.5},{"x":8,"y":-7.5},{"x":9,"y":-7.5},{"x":1,"y":-6.5},{"x":2,"y":-6.5},{"x":5.5,"y":-6.5},{"x":9,"y":-6.5},{"x":10,"y":-6.5},{"x":1,"y":-5.5},{"x":10,"y":-5.5},{"x":2,"y":-5},{"x":3,"y":-5},{"x":4.5,"y":-5},{"x":5.5,"y":-5},{"x":6.5,"y":-5},{"x":8,"y":-5},{"x":9,"y":-5},{"x":1,"y":-4.5},{"x":10,"y":-4.5},{"x":1,"y":-3.5},{"x":2,"y":-3.5},{"x":5.5,"y":-3.5},{"x":9,"y":-3.5},{"x":10,"y":-3.5},{"x":2,"y":-2.5},{"x":3,"y":-2.5},{"x":4,"y":-2.5},{"x":5,"y":-2.5},{"x":6,"y":-2.5},{"x":7,"y":-2.5},{"x":8,"y":-2.5},{"x":9,"y":-2.5},{"x":5,"y":-1.5},{"x":6,"y":-1.5}]},{"index":1,"tiles":[{"x":5,"y":-8.5},{"x":6,"y":-8.5},{"x":2,"y":-7.5},{"x":3,"y":-7.5},{"x":4,"y":-7.5},{"x":5,"y":-7.5},{"x":6,"y":-7.5},{"x":7,"y":-7.5},{"x":8,"y":-7.5},{"x":9,"y":-7.5},{"x":1,"y":-6.5},{"x":2,"y":-6.5},{"x":5.5,"y":-6.5},{"x":9,"y":-6.5},{"x":10,"y":-6.5},{"x":1,"y":-5.5},{"x":10,"y":-5.5},{"x":2,"y":-5},{"x":3,"y":-5},{"x":4.5,"y":-5},{"x":5.5,"y":-5},{"x":6.5,"y":-5},{"x":8,"y":-5},{"x":9,"y":-5},{"x":1,"y":-4.5},{"x":10,"y":-4.5},{"x":1,"y":-3.5},{"x":2,"y":-3.5},{"x":5.5,"y":-3.5},{"x":9,"y":-3.5},{"x":10,"y":-3.5},{"x":2,"y":-2.5},{"x":3,"y":-2.5},{"x":4,"y":-2.5},{"x":5,"y":-2.5},{"x":6,"y":-2.5},{"x":7,"y":-2.5},{"x":8,"y":-2.5},{"x":9,"y":-2.5},{"x":5,"y":-1.5},{"x":6,"y":-1.5}]},{"index":2,"tiles":[{"x":5,"y":-8.5},{"x":6,"y":-8.5},{"x":2,"y":-7.5},{"x":3,"y":-7.5},{"x":4,"y":-7.5},{"x":5,"y":-7.5},{"x":6,"y":-7.5},{"x":7,"y":-7.5},{"x":8,"y":-7.5},{"x":9,"y":-7.5},{"x":1,"y":-6.5},{"x":2,"y":-6.5},{"x":5.5,"y":-6.5},{"x":9,"y":-6.5},{"x":10,"y":-6.5},{"x":1,"y":-5.5},{"x":5.5,"y":-5.5},{"x":10,"y":-5.5},{"x":2.5,"y":-5},{"x":3.5,"y":-5},{"x":4.5,"y":-5},{"x":6.5,"y":-5},{"x":7.5,"y":-5},{"x":8.5,"y":-5},{"x":1,"y":-4.5},{"x":5.5,"y":-4.5},{"x":10,"y":-4.5},{"x":1,"y":-3.5},{"x":2,"y":-3.5},{"x":5.5,"y":-3.5},{"x":9,"y":-3.5},{"x":10,"y":-3.5},{"x":2,"y":-2.5},{"x":3,"y":-2.5},{"x":4,"y":-2.5},{"x":5,"y":-2.5},{"x":6,"y":-2.5},{"x":7,"y":-2.5},{"x":8,"y":-2.5},{"x":9,"y":-2.5},{"x":5,"y":-1.5},{"x":6,"y":-1.5}]}],"seeds":["4dV5zhYuJgSGgcBsghgQYqMw3BWKmLoMkSeejOc9XcElXAVC3XRkFRgSXRSMw8ApoEUJHNl9obFQxleIyIMModJUnaRZijR5zjR5FMiBH5qVSRocoChQnwZWzBJi"]},{"layers":[{"index":0,"tiles":[{"x":3,"y":-7.5},{"x":4,"y":-7.5},{"x":7,"y":-7.5},{"x":8,"y":-7.5},{"x":3,"y":-6.5},{"x":4,"y":-6.5},{"x":7,"y":-6.5},{"x":8,"y":-6.5},{"x":1,"y":-5.5},{"x":2,"y":-5.5},{"x":3,"y":-5.5},{"x":4,"y":-5.5},{"x":5,"y":-5.5},{"x":6,"y":-5.5},{"x":7,"y":-5.5},{"x":8,"y":-5.5},{"x":9,"y":-5.5},{"x":10,"y":-5.5},{"x":1,"y":-4.5},{"x":2,"y":-4.5},{"x":3,"y":-4.5},{"x":4,"y":-4.5},{"x":5,"y":-4.5},{"x":6,"y":-4.5},{"x":7,"y":-4.5},{"x":8,"y":-4.5},{"x":9,"y":-4.5},{"x":10,"y":-4.5},{"x":1,"y":-3.5},{"x":2,"y":-3.5},{"x":3,"y":-3.5},{"x":4,"y":-3.5},{"x":5,"y":-3.5},{"x":6,"y":-3.5},{"x":7,"y":-3.5},{"x":8,"y":-3.5},{"x":9,"y":-3.5},{"x":10,"y":-3.5},{"x":3,"y":-2.5},{"x":4,"y":-2.5},{"x":7,"y":-2.5},{"x":8,"y":-2.5},{"x":3,"y":-1.5},{"x":4,"y":-1.5},{"x":7,"y":-1.5},{"x":8,"y":-1.5}]},{"index":1,"tiles":[{"x":3,"y":-7.5},{"x":4,"y":-7.5},{"x":7,"y":-7.5},{"x":8,"y":-7.5},{"x":3,"y":-6.5},{"x":4,"y":-6.5},{"x":7,"y":-6.5},{"x":8,"y":-6.5},{"x":2,"y":-5.5},{"x":3,"y":-5.5},{"x":4,"y":-5.5},{"x":5,"y":-5.5},{"x":6,"y":-5.5},{"x":7,"y":-5.5},{"x":8,"y":-5.5},{"x":9,"y":-5.5},{"x":2,"y":-4.5},{"x":3,"y":-4.5},{"x":8,"y":-4.5},{"x":9,"y":-4.5},{"x":2,"y":-3.5},{"x":3,"y":-3.5},{"x":4,"y":-3.5},{"x":5,"y":-3.5},{"x":6,"y":-3.5},{"x":7,"y":-3.5},{"x":8,"y":-3.5},{"x":9,"y":-3.5},{"x":3,"y":-2.5},{"x":4,"y":-2.5},{"x":7,"y":-2.5},{"x":8,"y":-2.5},{"x":3,"y":-1.5},{"x":4,"y":-1.5},{"x":7,"y":-1.5},{"x":8,"y":-1.5}]},{"index":2,"tiles":[{"x":3,"y":-5.5},{"x":4,"y":-5.5},{"x":5,"y":-5.5},{"x":6,"y":-5.5},{"x":7,"y":-5.5},{"x":8,"y":-5.5},{"x":3,"y":-4.5},{"x":8,"y":-4.5},{"x":3,"y":-3.5},{"x":4,"y":-3.5},{"x":5,"y":-3.5},{"x":6,"y":-3.5},{"x":7,"y":-3.5},{"x":8,"y":-3.5}]},{"index":3,"tiles":[{"x":3,"y":-5.5},{"x":4,"y":-5.5},{"x":5,"y":-5.5},{"x":6,"y":-5.5},{"x":7,"y":-5.5},{"x":8,"y":-5.5},{"x":3,"y":-4.5},{"x":8,"y":-4.5},{"x":3,"y":-3.5},{"x":4,"y":-3.5},{"x":5,"y":-3.5},{"x":6,"y":-3.5},{"x":7,"y":-3.5},{"x":8,"y":-3.5}]}],"seeds":["1oI1IhRymmgxHJg5SFcSTPiJRjoRKDia1ScsnaOBHUhdnHKJ4hUwIFkwXeA1CjdB0ZGA0Xc5h1h5DPUoCSg5BRJ+wzkwUqAEIWMw4SNgIeh5agYA"]},{"layers":[{"index":0,"tiles":[{"x":5.5,"y":-8.5},{"x":2,"y":-7.5},{"x":3,"y":-7.5},{"x":5.5,"y":-7.5},{"x":8,"y":-7.5},{"x":9,"y":-7.5},{"x":2,"y":-6.5},{"x":4.5,"y":-6.5},{"x":5.5,"y":-6.5},{"x":6.5,"y":-6.5},{"x":9,"y":-6.5},{"x":2,"y":-5.5},{"x":3,"y":-5.5},{"x":5.5,"y":-5.5},{"x":8,"y":-5.5},{"x":9,"y":-5.5},{"x":4.5,"y":-5},{"x":6.5,"y":-5},{"x":5.5,"y":-4.5},{"x":4.5,"y":-4},{"x":6.5,"y":-4},{"x":2,"y":-3.5},{"x":3,"y":-3.5},{"x":5.5,"y":-3.5},{"x":8,"y":-3.5},{"x":9,"y":-3.5},{"x":2,"y":-2.5},{"x":4.5,"y":-2.5},{"x":5.5,"y":-2.5},{"x":6.5,"y":-2.5},{"x":9,"y":-2.5},{"x":2,"y":-1.5},{"x":3,"y":-1.5},{"x":5.5,"y":-1.5},{"x":8,"y":-1.5},{"x":9,"y":-1.5}]},{"index":1,"tiles":[{"x":5.5,"y":-8.5},{"x":2,"y":-7.5},{"x":3,"y":-7.5},{"x":5.5,"y":-7.5},{"x":8,"y":-7.5},{"x":9,"y":-7.5},{"x":2,"y":-6.5},{"x":4.5,"y":-6.5},{"x":5.5,"y":-6.5},{"x":6.5,"y":-6.5},{"x":9,"y":-6.5},{"x":2,"y":-5.5},{"x":3,"y":-5.5},{"x":5.5,"y":-5.5},{"x":8,"y":-5.5},{"x":9,"y":-5.5},{"x":4.5,"y":-5},{"x":6.5,"y":-5},{"x":5.5,"y":-4.5},{"x":4.5,"y":-4},{"x":6.5,"y":-4},{"x":2,"y":-3.5},{"x":3,"y":-3.5},{"x":5.5,"y":-3.5},{"x":8,"y":-3.5},{"x":9,"y":-3.5},{"x":2,"y":-2.5},{"x":4.5,"y":-2.5},{"x":5.5,"y":-2.5},{"x":6.5,"y":-2.5},{"x":9,"y":-2.5},{"x":2,"y":-1.5},{"x":3,"y":-1.5},{"x":5.5,"y":-1.5},{"x":8,"y":-1.5},{"x":9,"y":-1.5}]},{"index":2,"tiles":[{"x":5.5,"y":-8.5},{"x":2,"y":-7.5},{"x":3,"y":-7.5},{"x":5.5,"y":-7.5},{"x":8,"y":-7.5},{"x":9,"y":-7.5},{"x":2,"y":-6.5},{"x":4.5,"y":-6.5},{"x":5.5,"y":-6.5},{"x":6.5,"y":-6.5},{"x":9,"y":-6.5},{"x":2,"y":-5.5},{"x":3,"y":-5.5},{"x":5.5,"y":-5.5},{"x":8,"y":-5.5},{"x":9,"y":-5.5},{"x":4.5,"y":-5},{"x":6.5,"y":-5},{"x":5.5,"y":-4.5},{"x":4.5,"y":-4},{"x":6.5,"y":-4},{"x":2,"y":-3.5},{"x":3,"y":-3.5},{"x":5.5,"y":-3.5},{"x":8,"y":-3.5},{"x":9,"y":-3.5},{"x":2,"y":-2.5},{"x":4.5,"y":-2.5},{"x":5.5,"y":-2.5},{"x":6.5,"y":-2.5},{"x":9,"y":-2.5},{"x":2,"y":-1.5},{"x":3,"y":-1.5},{"x":5.5,"y":-1.5},{"x":8,"y":-1.5},{"x":9,"y":-1.5}]}],"seeds":["zUR8HBJ2lfccU5E5qgehTRJxEhF+YtSJoDIMSSiBiEN5TRh83vGUVoAFVQGBAjhinNeliGiRItdojGJeG7dsmbcYlBh2HHIG4AWKmvExQth1"]},{"layers":[{"index":0,"tiles":[{"x":5,"y":-7.5},{"x":6,"y":-7.5},{"x":3,"y":-6.5},{"x":5,"y":-6.5},{"x":6,"y":-6.5},{"x":8,"y":-6.5},{"x":1,"y":-6},{"x":10,"y":-6},{"x":3,"y":-5.5},{"x":5,"y":-5.5},{"x":6,"y":-5.5},{"x":8,"y":-5.5},{"x":1,"y":-5},{"x":10,"y":-5},{"x":3,"y":-4.5},{"x":5,"y":-4.5},{"x":6,"y":-4.5},{"x":8,"y":-4.5},{"x":1,"y":-4},{"x":10,"y":-4},{"x":3,"y":-3.5},{"x":5,"y":-3.5},{"x":6,"y":-3.5},{"x":8,"y":-3.5},{"x":1,"y":-2.5},{"x":2,"y":-2.5},{"x":3,"y":-2.5},{"x":4,"y":-2.5},{"x":5,"y":-2.5},{"x":6,"y":-2.5},{"x":7,"y":-2.5},{"x":8,"y":-2.5},{"x":9,"y":-2.5},{"x":10,"y":-2.5}]},{"index":1,"tiles":[{"x":5,"y":-7.5},{"x":6,"y":-7.5},{"x":3,"y":-6.5},{"x":5,"y":-6.5},{"x":6,"y":-6.5},{"x":8,"y":-6.5},{"x":1,"y":-6},{"x":10,"y":-6},{"x":3,"y":-5.5},{"x":5,"y":-5.5},{"x":6,"y":-5.5},{"x":8,"y":-5.5},{"x":1,"y":-5},{"x":10,"y":-5},{"x":3,"y":-4.5},{"x":5,"y":-4.5},{"x":6,"y":-4.5},{"x":8,"y":-4.5},{"x":1,"y":-4},{"x":10,"y":-4},{"x":3,"y":-3.5},{"x":5,"y":-3.5},{"x":6,"y":-3.5},{"x":8,"y":-3.5},{"x":1,"y":-2.5},{"x":2,"y":-2.5},{"x":3,"y":-2.5},{"x":4,"y":-2.5},{"x":5,"y":-2.5},{"x":6,"y":-2.5},{"x":7,"y":-2.5},{"x":8,"y":-2.5},{"x":9,"y":-2.5},{"x":10,"y":-2.5}]},{"index":2,"tiles":[{"x":5,"y":-7.5},{"x":6,"y":-7.5},{"x":3,"y":-6.5},{"x":5,"y":-6.5},{"x":6,"y":-6.5},{"x":8,"y":-6.5},{"x":1,"y":-6},{"x":10,"y":-6},{"x":3,"y":-5.5},{"x":5,"y":-5.5},{"x":6,"y":-5.5},{"x":8,"y":-5.5},{"x":1,"y":-5},{"x":10,"y":-5},{"x":3,"y":-4.5},{"x":5,"y":-4.5},{"x":6,"y":-4.5},{"x":8,"y":-4.5},{"x":1,"y":-4},{"x":10,"y":-4},{"x":3,"y":-3.5},{"x":5,"y":-3.5},{"x":6,"y":-3.5},{"x":8,"y":-3.5},{"x":3,"y":-2.5},{"x":4,"y":-2.5},{"x":5,"y":-2.5},{"x":6,"y":-2.5},{"x":7,"y":-2.5},{"x":8,"y":-2.5}]},{"index":3,"tiles":[{"x":5,"y":-7.5},{"x":6,"y":-7.5},{"x":5,"y":-6.5},{"x":6,"y":-6.5},{"x":5,"y":-5.5},{"x":6,"y":-5.5},{"x":5,"y":-4.5},{"x":6,"y":-4.5},{"x":5,"y":-3.5},{"x":6,"y":-3.5},{"x":5,"y":-2.5},{"x":6,"y":-2.5}]}],"seeds":["HBJwGVcJYmF62lVBShCJSvcRXQeCT8Y8YOQUlhBYItF4Rtd5XIJh0heS4lQqE4eEiQZuAbd5ihRQqvGJ0zFM4eAtyxc2KBSG6eFQ4uidIHh1TAAA"]},{"layers":[{"index":0,"tiles":[{"x":5.5,"y":-8.5},{"x":2.5,"y":-8},{"x":3.5,"y":-8},{"x":4.5,"y":-8},{"x":6.5,"y":-8},{"x":7.5,"y":-8},{"x":8.5,"y":-8},{"x":5.5,"y":-7.5},{"x":1,"y":-6.5},{"x":2,"y":-6.5},{"x":3,"y":-6.5},{"x":4,"y":-6.5},{"x":5.5,"y":-6.5},{"x":7,"y":-6.5},{"x":8,"y":-6.5},{"x":9,"y":-6.5},{"x":10,"y":-6.5},{"x":5.5,"y":-5.5},{"x":1.5,"y":-5},{"x":3.5,"y":-5},{"x":7.5,"y":-5},{"x":9.5,"y":-5},{"x":5.5,"y":-4.5},{"x":1,"y":-3.5},{"x":2,"y":-3.5},{"x":3,"y":-3.5},{"x":4,"y":-3.5},{"x":5.5,"y":-3.5},{"x":7,"y":-3.5},{"x":8,"y":-3.5},{"x":9,"y":-3.5},{"x":10,"y":-3.5},{"x":5.5,"y":-2.5},{"x":2.5,"y":-2},{"x":3.5,"y":-2},{"x":4.5,"y":-2},{"x":6.5,"y":-2},{"x":7.5,"y":-2},{"x":8.5,"y":-2},{"x":5.5,"y":-1.5}]},{"index":1,"tiles":[{"x":5.5,"y":-8.5},{"x":3.5,"y":-8},{"x":4.5,"y":-8},{"x":6.5,"y":-8},{"x":7.5,"y":-8},{"x":5.5,"y":-7.5},{"x":1,"y":-6.5},{"x":2,"y":-6.5},{"x":3,"y":-6.5},{"x":4,"y":-6.5},{"x":5.5,"y":-6.5},{"x":7,"y":-6.5},{"x":8,"y":-6.5},{"x":9,"y":-6.5},{"x":10,"y":-6.5},{"x":5.5,"y":-5.5},{"x":1.5,"y":-5},{"x":3.5,"y":-5},{"x":7.5,"y":-5},{"x":9.5,"y":-5},{"x":5.5,"y":-4.5},{"x":1,"y":-3.5},{"x":2,"y":-3.5},{"x":3,"y":-3.5},{"x":4,"y":-3.5},{"x":5.5,"y":-3.5},{"x":7,"y":-3.5},{"x":8,"y":-3.5},{"x":9,"y":-3.5},{"x":10,"y":-3.5},{"x":5.5,"y":-2.5},{"x":3.5,"y":-2},{"x":4.5,"y":-2},{"x":6.5,"y":-2},{"x":7.5,"y":-2},{"x":5.5,"y":-1.5}]},{"index":2,"tiles":[{"x":5.5,"y":-8.5},{"x":4.5,"y":-8},{"x":6.5,"y":-8},{"x":5.5,"y":-7.5},{"x":1,"y":-6.5},{"x":2,"y":-6.5},{"x":3,"y":-6.5},{"x":4,"y":-6.5},{"x":5.5,"y":-6.5},{"x":7,"y":-6.5},{"x":8,"y":-6.5},{"x":9,"y":-6.5},{"x":10,"y":-6.5},{"x":5.5,"y":-5.5},{"x":1.5,"y":-5},{"x":3.5,"y":-5},{"x":7.5,"y":-5},{"x":9.5,"y":-5},{"x":5.5,"y":-4.5},{"x":1,"y":-3.5},{"x":2,"y":-3.5},{"x":3,"y":-3.5},{"x":4,"y":-3.5},{"x":5.5,"y":-3.5},{"x":7,"y":-3.5},{"x":8,"y":-3.5},{"x":9,"y":-3.5},{"x":10,"y":-3.5},{"x":5.5,"y":-2.5},{"x":4.5,"y":-2},{"x":6.5,"y":-2},{"x":5.5,"y":-1.5}]}],"seeds":["m6YEIBMqkyCClRFQHaSEqGh9wpc0Hyd55gKq4AY+XzI6BBJdKcGJoRgWTzMVIdd1EpYw1Xkl0+RFnSdmHjQc5ZJ1gcI5XSgOmoWA2GFwJBVw"]},{"layers":[{"index":0,"tiles":[{"x":5,"y":-8},{"x":6,"y":-8},{"x":4,"y":-7.5},{"x":7,"y":-7.5},{"x":3,"y":-7},{"x":5,"y":-7},{"x":6,"y":-7},{"x":8,"y":-7},{"x":2,"y":-6.5},{"x":4,"y":-6.5},{"x":7,"y":-6.5},{"x":9,"y":-6.5},{"x":1,"y":-6},{"x":3,"y":-6},{"x":5,"y":-6},{"x":6,"y":-6},{"x":8,"y":-6},{"x":10,"y":-6},{"x":2,"y":-5.5},{"x":4,"y":-5.5},{"x":7,"y":-5.5},{"x":9,"y":-5.5},{"x":1,"y":-5},{"x":3,"y":-5},{"x":8,"y":-5},{"x":10,"y":-5},{"x":2,"y":-4.5},{"x":4,"y":-4.5},{"x":7,"y":-4.5},{"x":9,"y":-4.5},{"x":1,"y":-4},{"x":3,"y":-4},{"x":5,"y":-4},{"x":6,"y":-4},{"x":8,"y":-4},{"x":10,"y":-4},{"x":2,"y":-3.5},{"x":4,"y":-3.5},{"x":7,"y":-3.5},{"x":9,"y":-3.5},{"x":3,"y":-3},{"x":5,"y":-3},{"x":6,"y":-3},{"x":8,"y":-3},{"x":4,"y":-2.5},{"x":7,"y":-2.5},{"x":5,"y":-2},{"x":6,"y":-2}]},{"index":1,"tiles":[{"x":5,"y":-8},{"x":6,"y":-8},{"x":4,"y":-7.5},{"x":7,"y":-7.5},{"x":3,"y":-7},{"x":5,"y":-7},{"x":6,"y":-7},{"x":8,"y":-7},{"x":2,"y":-6.5},{"x":4,"y":-6.5},{"x":7,"y":-6.5},{"x":9,"y":-6.5},{"x":1,"y":-6},{"x":3,"y":-6},{"x":5,"y":-6},{"x":6,"y":-6},{"x":8,"y":-6},{"x":10,"y":-6},{"x":2,"y":-5.5},{"x":4,"y":-5.5},{"x":7,"y":-5.5},{"x":9,"y":-5.5},{"x":1,"y":-5},{"x":3,"y":-5},{"x":8,"y":-5},{"x":10,"y":-5},{"x":2,"y":-4.5},{"x":4,"y":-4.5},{"x":7,"y":-4.5},{"x":9,"y":-4.5},{"x":1,"y":-4},{"x":3,"y":-4},{"x":5,"y":-4},{"x":6,"y":-4},{"x":8,"y":-4},{"x":10,"y":-4},{"x":2,"y":-3.5},{"x":4,"y":-3.5},{"x":7,"y":-3.5},{"x":9,"y":-3.5},{"x":3,"y":-3},{"x":5,"y":-3},{"x":6,"y":-3},{"x":8,"y":-3},{"x":4,"y":-2.5},{"x":7,"y":-2.5},{"x":5,"y":-2},{"x":6,"y":-2}]},{"index":2,"tiles":[{"x":5,"y":-8},{"x":6,"y":-8},{"x":4,"y":-7.5},{"x":7,"y":-7.5},{"x":3,"y":-7},{"x":5,"y":-7},{"x":6,"y":-7},{"x":8,"y":-7},{"x":2,"y":-6.5},{"x":4,"y":-6.5},{"x":7,"y":-6.5},{"x":9,"y":-6.5},{"x":1,"y":-6},{"x":3,"y":-6},{"x":5,"y":-6},{"x":6,"y":-6},{"x":8,"y":-6},{"x":10,"y":-6},{"x":2,"y":-5.5},{"x":4,"y":-5.5},{"x":7,"y":-5.5},{"x":9,"y":-5.5},{"x":1,"y":-5},{"x":3,"y":-5},{"x":8,"y":-5},{"x":10,"y":-5},{"x":2,"y":-4.5},{"x":4,"y":-4.5},{"x":7,"y":-4.5},{"x":9,"y":-4.5},{"x":1,"y":-4},{"x":3,"y":-4},{"x":5,"y":-4},{"x":6,"y":-4},{"x":8,"y":-4},{"x":10,"y":-4},{"x":2,"y":-3.5},{"x":4,"y":-3.5},{"x":7,"y":-3.5},{"x":9,"y":-3.5},{"x":3,"y":-3},{"x":5,"y":-3},{"x":6,"y":-3},{"x":8,"y":-3},{"x":4,"y":-2.5},{"x":7,"y":-2.5},{"x":5,"y":-2},{"x":6,"y":-2}]}],"seeds":["4RSAxVRR2CkY4GJoW6cggQV+FsgwwvQ9RNchHheEzwd1ImdxnCU2wyeqaMZ9jrgRoCcyhJgolVeanXQEYOWBy0B1aZNRYBOFS0RyjVOEg6gdl7QIiQheISWGAjV6HkUoylCFDAd6kBdy2CR+"]},{"layers":[{"index":0,"tiles":[{"x":3,"y":-7.5},{"x":4,"y":-7.5},{"x":5,"y":-7.5},{"x":6,"y":-7.5},{"x":7,"y":-7.5},{"x":8,"y":-7.5},{"x":2,"y":-6.5},{"x":3,"y":-6.5},{"x":4,"y":-6.5},{"x":5,"y":-6.5},{"x":6,"y":-6.5},{"x":7,"y":-6.5},{"x":8,"y":-6.5},{"x":9,"y":-6.5},{"x":1.5,"y":-5.5},{"x":2.5,"y":-5.5},{"x":3.5,"y":-5.5},{"x":4.5,"y":-5.5},{"x":6.5,"y":-5.5},{"x":7.5,"y":-5.5},{"x":8.5,"y":-5.5},{"x":9.5,"y":-5.5},{"x":1,"y":-4.5},{"x":2,"y":-4.5},{"x":5,"y":-4.5},{"x":6,"y":-4.5},{"x":9,"y":-4.5},{"x":10,"y":-4.5},{"x":1,"y":-3.5},{"x":2,"y":-3.5},{"x":5,"y":-3.5},{"x":6,"y":-3.5},{"x":9,"y":-3.5},{"x":10,"y":-3.5},{"x":1,"y":-2.5},{"x":2,"y":-2.5},{"x":5,"y":-2.5},{"x":6,"y":-2.5},{"x":9,"y":-2.5},{"x":10,"y":-2.5}]},{"index":1,"tiles":[{"x":3,"y":-7.5},{"x":4,"y":-7.5},{"x":5,"y":-7.5},{"x":6,"y":-7.5},{"x":7,"y":-7.5},{"x":8,"y":-7.5},{"x":2,"y":-6.5},{"x":3,"y":-6.5},{"x":4,"y":-6.5},{"x":5,"y":-6.5},{"x":6,"y":-6.5},{"x":7,"y":-6.5},{"x":8,"y":-6.5},{"x":9,"y":-6.5},{"x":1.5,"y":-5.5},{"x":2.5,"y":-5.5},{"x":3.5,"y":-5.5},{"x":4.5,"y":-5.5},{"x":6.5,"y":-5.5},{"x":7.5,"y":-5.5},{"x":8.5,"y":-5.5},{"x":9.5,"y":-5.5},{"x":1,"y":-4.5},{"x":2,"y":-4.5},{"x":5,"y":-4.5},{"x":6,"y":-4.5},{"x":9,"y":-4.5},{"x":10,"y":-4.5},{"x":1,"y":-3.5},{"x":2,"y":-3.5},{"x":5,"y":-3.5},{"x":6,"y":-3.5},{"x":9,"y":-3.5},{"x":10,"y":-3.5},{"x":1,"y":-2.5},{"x":2,"y":-2.5},{"x":5,"y":-2.5},{"x":6,"y":-2.5},{"x":9,"y":-2.5},{"x":10,"y":-2.5}]},{"index":2,"tiles":[{"x":3,"y":-7.5},{"x":4,"y":-7.5},{"x":5,"y":-7.5},{"x":6,"y":-7.5},{"x":7,"y":-7.5},{"x":8,"y":-7.5},{"x":2,"y":-6.5},{"x":3,"y":-6.5},{"x":4,"y":-6.5},{"x":5,"y":-6.5},{"x":6,"y":-6.5},{"x":7,"y":-6.5},{"x":8,"y":-6.5},{"x":9,"y":-6.5},{"x":1.5,"y":-5.5},{"x":2.5,"y":-5.5},{"x":3.5,"y":-5.5},{"x":4.5,"y":-5.5},{"x":6.5,"y":-5.5},{"x":7.5,"y":-5.5},{"x":8.5,"y":-5.5},{"x":9.5,"y":-5.5},{"x":1,"y":-4.5},{"x":2,"y":-4.5},{"x":5,"y":-4.5},{"x":6,"y":-4.5},{"x":9,"y":-4.5},{"x":10,"y":-4.5},{"x":1,"y":-3.5},{"x":2,"y":-3.5},{"x":5,"y":-3.5},{"x":6,"y":-3.5},{"x":9,"y":-3.5},{"x":10,"y":-3.5},{"x":1,"y":-2.5},{"x":2,"y":-2.5},{"x":5,"y":-2.5},{"x":6,"y":-2.5},{"x":9,"y":-2.5},{"x":10,"y":-2.5}]}],"seeds":["XsUFIOiJicFxoKgNwQNmH9iJ4OIJS5QWoWhQnVUkDHdlwkQGQwhiymFRomY+nROqyMGMoCheSpmgIqRgnOdV05eIIUE0oCNFZ+c1ihd5yhYFXBhC36Yg4CdK"]},{"layers":[{"index":0,"tiles":[{"x":4.5,"y":-8.5},{"x":5.5,"y":-8.5},{"x":6.5,"y":-8.5},{"x":1.5,"y":-7.5},{"x":2.5,"y":-7.5},{"x":3.5,"y":-7.5},{"x":4.5,"y":-7.5},{"x":6.5,"y":-7.5},{"x":7.5,"y":-7.5},{"x":8.5,"y":-7.5},{"x":9.5,"y":-7.5},{"x":1,"y":-6.5},{"x":2,"y":-6.5},{"x":3,"y":-6.5},{"x":4,"y":-6.5},{"x":7,"y":-6.5},{"x":8,"y":-6.5},{"x":9,"y":-6.5},{"x":10,"y":-6.5},{"x":0.5,"y":-5.5},{"x":1.5,"y":-5.5},{"x":2.5,"y":-5.5},{"x":3.5,"y":-5.5},{"x":4.5,"y":-5.5},{"x":5.5,"y":-5.5},{"x":6.5,"y":-5.5},{"x":7.5,"y":-5.5},{"x":8.5,"y":-5.5},{"x":9.5,"y":-5.5},{"x":10.5,"y":-5.5},{"x":0.5,"y":-4.5},{"x":1.5,"y":-4.5},{"x":2.5,"y":-4.5},{"x":3.5,"y":-4.5},{"x":4.5,"y":-4.5},{"x":5.5,"y":-4.5},{"x":6.5,"y":-4.5},{"x":7.5,"y":-4.5},{"x":8.5,"y":-4.5},{"x":9.5,"y":-4.5},{"x":10.5,"y":-4.5},{"x":1,"y":-3.5},{"x":2,"y":-3.5},{"x":3,"y":-3.5},{"x":4,"y":-3.5},{"x":7,"y":-3.5},{"x":8,"y":-3.5},{"x":9,"y":-3.5},{"x":10,"y":-3.5},{"x":1.5,"y":-2.5},{"x":2.5,"y":-2.5},{"x":3.5,"y":-2.5},{"x":4.5,"y":-2.5},{"x":6.5,"y":-2.5},{"x":7.5,"y":-2.5},{"x":8.5,"y":-2.5},{"x":9.5,"y":-2.5},{"x":4.5,"y":-1.5},{"x":5.5,"y":-1.5},{"x":6.5,"y":-1.5}]},{"index":1,"tiles":[{"x":4.5,"y":-8.5},{"x":5.5,"y":-8.5},{"x":6.5,"y":-8.5},{"x":2.5,"y":-7.5},{"x":3.5,"y":-7.5},{"x":4.5,"y":-7.5},{"x":6.5,"y":-7.5},{"x":7.5,"y":-7.5},{"x":8.5,"y":-7.5},{"x":2,"y":-6.5},{"x":3,"y":-6.5},{"x":4,"y":-6.5},{"x":7,"y":-6.5},{"x":8,"y":-6.5},{"x":9,"y":-6.5},{"x":1.5,"y":-5.5},{"x":2.5,"y":-5.5},{"x":3.5,"y":-5.5},{"x":7.5,"y":-5.5},{"x":8.5,"y":-5.5},{"x":9.5,"y":-5.5},{"x":5,"y":-5},{"x":6,"y":-5},{"x":1.5,"y":-4.5},{"x":2.5,"y":-4.5},{"x":3.5,"y":-4.5},{"x":7.5,"y":-4.5},{"x":8.5,"y":-4.5},{"x":9.5,"y":-4.5},{"x":2,"y":-3.5},{"x":3,"y":-3.5},{"x":4,"y":-3.5},{"x":7,"y":-3.5},{"x":8,"y":-3.5},{"x":9,"y":-3.5},{"x":2.5,"y":-2.5},{"x":3.5,"y":-2.5},{"x":4.5,"y":-2.5},{"x":6.5,"y":-2.5},{"x":7.5,"y":-2.5},{"x":8.5,"y":-2.5},{"x":4.5,"y":-1.5},{"x":5.5,"y":-1.5},{"x":6.5,"y":-1.5}]},{"index":2,"tiles":[{"x":4.5,"y":-8.5},{"x":5.5,"y":-8.5},{"x":6.5,"y":-8.5},{"x":3.5,"y":-7.5},{"x":4.5,"y":-7.5},{"x":6.5,"y":-7.5},{"x":7.5,"y":-7.5},{"x":3,"y":-6.5},{"x":4,"y":-6.5},{"x":7,"y":-6.5},{"x":8,"y":-6.5},{"x":2.5,"y":-5.5},{"x":3.5,"y":-5.5},{"x":7.5,"y":-5.5},{"x":8.5,"y":-5.5},{"x":5,"y":-5},{"x":6,"y":-5},{"x":2.5,"y":-4.5},{"x":3.5,"y":-4.5},{"x":7.5,"y":-4.5},{"x":8.5,"y":-4.5},{"x":3,"y":-3.5},{"x":4,"y":-3.5},{"x":7,"y":-3.5},{"x":8,"y":-3.5},{"x":3.5,"y":-2.5},{"x":4.5,"y":-2.5},{"x":6.5,"y":-2.5},{"x":7.5,"y":-2.5},{"x":4.5,"y":-1.5},{"x":5.5,"y":-1.5},{"x":6.5,"y":-1.5}]},{"index":3,"tiles":[{"x":4.5,"y":-7.5},{"x":6.5,"y":-7.5},{"x":4,"y":-6.5},{"x":7,"y":-6.5},{"x":3.5,"y":-5.5},{"x":7.5,"y":-5.5},{"x":3.5,"y":-4.5},{"x":7.5,"y":-4.5},{"x":4,"y":-3.5},{"x":7,"y":-3.5},{"x":4.5,"y":-2.5},{"x":6.5,"y":-2.5}]}],"seeds":["FWSOIsJ8xsId6sN9A9p8EhIKorNQBBYSgrZ5DRdqzsRYVxBSDkE6ociBSjgoHieCByiIYHUVT/Ml6dmJXMUpIjhJYEhBYDd15cIVX0B1med5RrCAWgMWgack0cBw0cdwlRVaQ5cVmjiBQrdZGOF5"]},{"layers":[{"index":0,"tiles":[{"x":4,"y":-7.5},{"x":5,"y":-7.5},{"x":6,"y":-7.5},{"x":7,"y":-7.5},{"x":3,"y":-7},{"x":8,"y":-7},{"x":2,"y":-6.5},{"x":4,"y":-6.5},{"x":7,"y":-6.5},{"x":9,"y":-6.5},{"x":3,"y":-6},{"x":8,"y":-6},{"x":1,"y":-5.5},{"x":2,"y":-5.5},{"x":4,"y":-5.5},{"x":5,"y":-5.5},{"x":6,"y":-5.5},{"x":7,"y":-5.5},{"x":9,"y":-5.5},{"x":10,"y":-5.5},{"x":3,"y":-5},{"x":8,"y":-5},{"x":1,"y":-4.5},{"x":5.5,"y":-4.5},{"x":10,"y":-4.5},{"x":3,"y":-4},{"x":8,"y":-4},{"x":1,"y":-3.5},{"x":2,"y":-3.5},{"x":4,"y":-3.5},{"x":5,"y":-3.5},{"x":6,"y":-3.5},{"x":7,"y":-3.5},{"x":9,"y":-3.5},{"x":10,"y":-3.5},{"x":3,"y":-3},{"x":8,"y":-3},{"x":2,"y":-2.5},{"x":4,"y":-2.5},{"x":7,"y":-2.5},{"x":9,"y":-2.5},{"x":3,"y":-2},{"x":8,"y":-2},{"x":4,"y":-1.5},{"x":5,"y":-1.5},{"x":6,"y":-1.5},{"x":7,"y":-1.5}]},{"index":1,"tiles":[{"x":4,"y":-7.5},{"x":5,"y":-7.5},{"x":6,"y":-7.5},{"x":7,"y":-7.5},{"x":3,"y":-7},{"x":8,"y":-7},{"x":2,"y":-6.5},{"x":4,"y":-6.5},{"x":7,"y":-6.5},{"x":9,"y":-6.5},{"x":3,"y":-6},{"x":8,"y":-6},{"x":1,"y":-5.5},{"x":2,"y":-5.5},{"x":4,"y":-5.5},{"x":5,"y":-5.5},{"x":6,"y":-5.5},{"x":7,"y":-5.5},{"x":9,"y":-5.5},{"x":10,"y":-5.5},{"x":3,"y":-5},{"x":8,"y":-5},{"x":1,"y":-4.5},{"x":5.5,"y":-4.5},{"x":10,"y":-4.5},{"x":3,"y":-4},{"x":8,"y":-4},{"x":1,"y":-3.5},{"x":2,"y":-3.5},{"x":4,"y":-3.5},{"x":5,"y":-3.5},{"x":6,"y":-3.5},{"x":7,"y":-3.5},{"x":9,"y":-3.5},{"x":10,"y":-3.5},{"x":3,"y":-3},{"x":8,"y":-3},{"x":2,"y":-2.5},{"x":4,"y":-2.5},{"x":7,"y":-2.5},{"x":9,"y":-2.5},{"x":3,"y":-2},{"x":8,"y":-2},{"x":4,"y":-1.5},{"x":5,"y":-1.5},{"x":6,"y":-1.5},{"x":7,"y":-1.5}]},{"index":2,"tiles":[{"x":4,"y":-7.5},{"x":5,"y":-7.5},{"x":6,"y":-7.5},{"x":7,"y":-7.5},{"x":3,"y":-7},{"x":8,"y":-7},{"x":2,"y":-6.5},{"x":9,"y":-6.5},{"x":1,"y":-5.5},{"x":10,"y":-5.5},{"x":1,"y":-4.5},{"x":10,"y":-4.5},{"x":1,"y":-3.5},{"x":10,"y":-3.5},{"x":2,"y":-2.5},{"x":9,"y":-2.5},{"x":3,"y":-2},{"x":8,"y":-2},{"x":4,"y":-1.5},{"x":5,"y":-1.5},{"x":6,"y":-1.5},{"x":7,"y":-1.5}]}],"seeds":["UrdEKngU05JdijYQBuNoIoQFVUp53BY1pMB9TMZBxZF5hGhVFFJOxWd2YJZ0YRcOXiY5D+iFU5CFShhCo6ggivgVDSeIBvqAwYZx4KlwDKRcXyKCU2Ax"]},{"layers":[{"index":0,"tiles":[{"x":1,"y":-8},{"x":2,"y":-8},{"x":3,"y":-8},{"x":4,"y":-8},{"x":5,"y":-8},{"x":6,"y":-8},{"x":7,"y":-8},{"x":8,"y":-8},{"x":9,"y":-8},{"x":10,"y":-8},{"x":1,"y":-7},{"x":10,"y":-7},{"x":3.5,"y":-6.5},{"x":4.5,"y":-6.5},{"x":5.5,"y":-6.5},{"x":6.5,"y":-6.5},{"x":7.5,"y":-6.5},{"x":1,"y":-6},{"x":10,"y":-6},{"x":3.5,"y":-5.5},{"x":7.5,"y":-5.5},{"x":1,"y":-5},{"x":2.5,"y":-5},{"x":8.5,"y":-5},{"x":10,"y":-5},{"x":3.5,"y":-4.5},{"x":7.5,"y":-4.5},{"x":1,"y":-4},{"x":10,"y":-4},{"x":3.5,"y":-3.5},{"x":4.5,"y":-3.5},{"x":5.5,"y":-3.5},{"x":6.5,"y":-3.5},{"x":7.5,"y":-3.5},{"x":1,"y":-3},{"x":10,"y":-3},{"x":1,"y":-2},{"x":2,"y":-2},{"x":3,"y":-2},{"x":4,"y":-2},{"x":5,"y":-2},{"x":6,"y":-2},{"x":7,"y":-2},{"x":8,"y":-2},{"x":9,"y":-2},{"x":10,"y":-2}]},{"index":1,"tiles":[{"x":1,"y":-8},{"x":2,"y":-8},{"x":3,"y":-8},{"x":4,"y":-8},{"x":5,"y":-8},{"x":6,"y":-8},{"x":7,"y":-8},{"x":8,"y":-8},{"x":9,"y":-8},{"x":10,"y":-8},{"x":1,"y":-7},{"x":10,"y":-7},{"x":3.5,"y":-6.5},{"x":4.5,"y":-6.5},{"x":5.5,"y":-6.5},{"x":6.5,"y":-6.5},{"x":7.5,"y":-6.5},{"x":1,"y":-6},{"x":10,"y":-6},{"x":3.5,"y":-5.5},{"x":7.5,"y":-5.5},{"x":1,"y":-5},{"x":2.5,"y":-5},{"x":8.5,"y":-5},{"x":10,"y":-5},{"x":3.5,"y":-4.5},{"x":7.5,"y":-4.5},{"x":1,"y":-4},{"x":10,"y":-4},{"x":3.5,"y":-3.5},{"x":4.5,"y":-3.5},{"x":5.5,"y":-3.5},{"x":6.5,"y":-3.5},{"x":7.5,"y":-3.5},{"x":1,"y":-3},{"x":10,"y":-3},{"x":1,"y":-2},{"x":2,"y":-2},{"x":3,"y":-2},{"x":4,"y":-2},{"x":5,"y":-2},{"x":6,"y":-2},{"x":7,"y":-2},{"x":8,"y":-2},{"x":9,"y":-2},{"x":10,"y":-2}]},{"index":2,"tiles":[{"x":1,"y":-8},{"x":2,"y":-8},{"x":3,"y":-8},{"x":4,"y":-8},{"x":5,"y":-8},{"x":6,"y":-8},{"x":7,"y":-8},{"x":8,"y":-8},{"x":9,"y":-8},{"x":10,"y":-8},{"x":1,"y":-7},{"x":10,"y":-7},{"x":3.5,"y":-6.5},{"x":4.5,"y":-6.5},{"x":5.5,"y":-6.5},{"x":6.5,"y":-6.5},{"x":7.5,"y":-6.5},{"x":1,"y":-6},{"x":10,"y":-6},{"x":3.5,"y":-5.5},{"x":7.5,"y":-5.5},{"x":1,"y":-5},{"x":2.5,"y":-5},{"x":8.5,"y":-5},{"x":10,"y":-5},{"x":3.5,"y":-4.5},{"x":7.5,"y":-4.5},{"x":1,"y":-4},{"x":10,"y":-4},{"x":3.5,"y":-3.5},{"x":4.5,"y":-3.5},{"x":5.5,"y":-3.5},{"x":6.5,"y":-3.5},{"x":7.5,"y":-3.5},{"x":1,"y":-3},{"x":10,"y":-3},{"x":1,"y":-2},{"x":2,"y":-2},{"x":3,"y":-2},{"x":4,"y":-2},{"x":5,"y":-2},{"x":6,"y":-2},{"x":7,"y":-2},{"x":8,"y":-2},{"x":9,"y":-2},{"x":10,"y":-2}]}],"seeds":["H0IxAUgJ2PAQV/NtU1VRVbOEFrh11vSBCRiGE8dV4ZdQCJN52iJ4XPic1DBUzSCAKYOKjLhAakOJ3VEERnEQhhiCIhdFVihknSJyFeEtXUmIgQVOwaiZyqWAn0KK0uc4HSRxXoeFngcA"]},{"layers":[{"index":0,"tiles":[{"x":1.5,"y":-7},{"x":2.5,"y":-7},{"x":8.5,"y":-7},{"x":9.5,"y":-7},{"x":3.5,"y":-6.5},{"x":4.5,"y":-6.5},{"x":5.5,"y":-6.5},{"x":6.5,"y":-6.5},{"x":7.5,"y":-6.5},{"x":1.5,"y":-6},{"x":2.5,"y":-6},{"x":8.5,"y":-6},{"x":9.5,"y":-6},{"x":3.5,"y":-5.5},{"x":4.5,"y":-5.5},{"x":5.5,"y":-5.5},{"x":6.5,"y":-5.5},{"x":7.5,"y":-5.5},{"x":3.5,"y":-4},{"x":4.5,"y":-4},{"x":5.5,"y":-4},{"x":6.5,"y":-4},{"x":7.5,"y":-4},{"x":1.5,"y":-3.5},{"x":2.5,"y":-3.5},{"x":8.5,"y":-3.5},{"x":9.5,"y":-3.5},{"x":3.5,"y":-3},{"x":4.5,"y":-3},{"x":5.5,"y":-3},{"x":6.5,"y":-3},{"x":7.5,"y":-3},{"x":1.5,"y":-2.5},{"x":2.5,"y":-2.5},{"x":8.5,"y":-2.5},{"x":9.5,"y":-2.5}]},{"index":1,"tiles":[{"x":1.5,"y":-7},{"x":2.5,"y":-7},{"x":8.5,"y":-7},{"x":9.5,"y":-7},{"x":3.5,"y":-6.5},{"x":4.5,"y":-6.5},{"x":6.5,"y":-6.5},{"x":7.5,"y":-6.5},{"x":1.5,"y":-6},{"x":2.5,"y":-6},{"x":8.5,"y":-6},{"x":9.5,"y":-6},{"x":3.5,"y":-5.5},{"x":4.5,"y":-5.5},{"x":6.5,"y":-5.5},{"x":7.5,"y":-5.5},{"x":3.5,"y":-4},{"x":4.5,"y":-4},{"x":6.5,"y":-4},{"x":7.5,"y":-4},{"x":1.5,"y":-3.5},{"x":2.5,"y":-3.5},{"x":8.5,"y":-3.5},{"x":9.5,"y":-3.5},{"x":3.5,"y":-3},{"x":4.5,"y":-3},{"x":6.5,"y":-3},{"x":7.5,"y":-3},{"x":1.5,"y":-2.5},{"x":2.5,"y":-2.5},{"x":8.5,"y":-2.5},{"x":9.5,"y":-2.5}]},{"index":2,"tiles":[{"x":1.5,"y":-7},{"x":2.5,"y":-7},{"x":8.5,"y":-7},{"x":9.5,"y":-7},{"x":3.5,"y":-6.5},{"x":4.5,"y":-6.5},{"x":6.5,"y":-6.5},{"x":7.5,"y":-6.5},{"x":1.5,"y":-6},{"x":2.5,"y":-6},{"x":8.5,"y":-6},{"x":9.5,"y":-6},{"x":3.5,"y":-5.5},{"x":4.5,"y":-5.5},{"x":6.5,"y":-5.5},{"x":7.5,"y":-5.5},{"x":3.5,"y":-4},{"x":4.5,"y":-4},{"x":6.5,"y":-4},{"x":7.5,"y":-4},{"x":1.5,"y":-3.5},{"x":2.5,"y":-3.5},{"x":8.5,"y":-3.5},{"x":9.5,"y":-3.5},{"x":3.5,"y":-3},{"x":4.5,"y":-3},{"x":6.5,"y":-3},{"x":7.5,"y":-3},{"x":1.5,"y":-2.5},{"x":2.5,"y":-2.5},{"x":8.5,"y":-2.5},{"x":9.5,"y":-2.5}]},{"index":3,"tiles":[{"x":2,"y":-6.5},{"x":9,"y":-6.5},{"x":3,"y":-6},{"x":4,"y":-6},{"x":7,"y":-6},{"x":8,"y":-6},{"x":4,"y":-3.5},{"x":7,"y":-3.5},{"x":2,"y":-3},{"x":3,"y":-3},{"x":8,"y":-3},{"x":9,"y":-3}]}],"seeds":["nSCBRyFOokUJ3kNM3AU2ngcakwZxhSJ0SlNy3XKoQ/Zt1vcwy9cxGhIEUWdAoIlFxABiArg5zlJJGZiEHCqKlBJyHxeMybSEoah0IplWYXgFIHJ6"]},{"layers":[{"index":0,"tiles":[{"x":3,"y":-8},{"x":4,"y":-8},{"x":5,"y":-8},{"x":6,"y":-8},{"x":7,"y":-8},{"x":8,"y":-8},{"x":2,"y":-7},{"x":3,"y":-7},{"x":4,"y":-7},{"x":5,"y":-7},{"x":6,"y":-7},{"x":7,"y":-7},{"x":8,"y":-7},{"x":9,"y":-7},{"x":1,"y":-6.5},{"x":10,"y":-6.5},{"x":2,"y":-6},{"x":3,"y":-6},{"x":4,"y":-6},{"x":5,"y":-6},{"x":6,"y":-6},{"x":7,"y":-6},{"x":8,"y":-6},{"x":9,"y":-6},{"x":1,"y":-5.5},{"x":10,"y":-5.5},{"x":2,"y":-5},{"x":3.5,"y":-5},{"x":5.5,"y":-5},{"x":7.5,"y":-5},{"x":9,"y":-5},{"x":1,"y":-4.5},{"x":10,"y":-4.5},{"x":2,"y":-4},{"x":3,"y":-4},{"x":4,"y":-4},{"x":5,"y":-4},{"x":6,"y":-4},{"x":7,"y":-4},{"x":8,"y":-4},{"x":9,"y":-4},{"x":1,"y":-3.5},{"x":10,"y":-3.5},{"x":2,"y":-3},{"x":3,"y":-3},{"x":4,"y":-3},{"x":5,"y":-3},{"x":6,"y":-3},{"x":7,"y":-3},{"x":8,"y":-3},{"x":9,"y":-3},{"x":3,"y":-2},{"x":4,"y":-2},{"x":5,"y":-2},{"x":6,"y":-2},{"x":7,"y":-2},{"x":8,"y":-2}]},{"index":1,"tiles":[{"x":3,"y":-8},{"x":4,"y":-8},{"x":5,"y":-8},{"x":6,"y":-8},{"x":7,"y":-8},{"x":8,"y":-8},{"x":2,"y":-7},{"x":3,"y":-7},{"x":4,"y":-7},{"x":5,"y":-7},{"x":6,"y":-7},{"x":7,"y":-7},{"x":8,"y":-7},{"x":9,"y":-7},{"x":1,"y":-6.5},{"x":10,"y":-6.5},{"x":2,"y":-6},{"x":3.5,"y":-6},{"x":5.5,"y":-6},{"x":7.5,"y":-6},{"x":9,"y":-6},{"x":1,"y":-5.5},{"x":10,"y":-5.5},{"x":2,"y":-5},{"x":3.5,"y":-5},{"x":5.5,"y":-5},{"x":7.5,"y":-5},{"x":9,"y":-5},{"x":1,"y":-4.5},{"x":10,"y":-4.5},{"x":2,"y":-4},{"x":3.5,"y":-4},{"x":5.5,"y":-4},{"x":7.5,"y":-4},{"x":9,"y":-4},{"x":1,"y":-3.5},{"x":10,"y":-3.5},{"x":2,"y":-3},{"x":3,"y":-3},{"x":4,"y":-3},{"x":5,"y":-3},{"x":6,"y":-3},{"x":7,"y":-3},{"x":8,"y":-3},{"x":9,"y":-3},{"x":3,"y":-2},{"x":4,"y":-2},{"x":5,"y":-2},{"x":6,"y":-2},{"x":7,"y":-2},{"x":8,"y":-2}]},{"index":2,"tiles":[{"x":3,"y":-8},{"x":4,"y":-8},{"x":5,"y":-8},{"x":6,"y":-8},{"x":7,"y":-8},{"x":8,"y":-8},{"x":3.5,"y":-7},{"x":5.5,"y":-7},{"x":7.5,"y":-7},{"x":3.5,"y":-6},{"x":5.5,"y":-6},{"x":7.5,"y":-6},{"x":3.5,"y":-5},{"x":5.5,"y":-5},{"x":7.5,"y":-5},{"x":3.5,"y":-4},{"x":5.5,"y":-4},{"x":7.5,"y":-4},{"x":3.5,"y":-3},{"x":5.5,"y":-3},{"x":7.5,"y":-3},{"x":3,"y":-2},{"x":4,"y":-2},{"x":5,"y":-2},{"x":6,"y":-2},{"x":7,"y":-2},{"x":8,"y":-2}]},{"index":3,"tiles":[{"x":5.5,"y":-5}]}],"seeds":["oMN1omaFjtRxQqiY2MQglRZGIilEobBYnIVwhzJA1Ecx4CI2D7h9YQiCnTdRQyBW0yEloKFYRlF8GAhl23UJXChmRBCUVSOCCcUti+epYuWlIceFwycyZ4cOnkd8QfhVndI9zDRW"]},{"layers":[{"index":0,"tiles":[{"x":3.5,"y":-8},{"x":5.5,"y":-8},{"x":7.5,"y":-8},{"x":4.5,"y":-7.5},{"x":6.5,"y":-7.5},{"x":5.5,"y":-7},{"x":1.5,"y":-6},{"x":2.5,"y":-6},{"x":3.5,"y":-6},{"x":4.5,"y":-6},{"x":5.5,"y":-6},{"x":6.5,"y":-6},{"x":7.5,"y":-6},{"x":8.5,"y":-6},{"x":9.5,"y":-6},{"x":1.5,"y":-5},{"x":2.5,"y":-5},{"x":3.5,"y":-5},{"x":4.5,"y":-5},{"x":6.5,"y":-5},{"x":7.5,"y":-5},{"x":8.5,"y":-5},{"x":9.5,"y":-5},{"x":1.5,"y":-4},{"x":2.5,"y":-4},{"x":3.5,"y":-4},{"x":4.5,"y":-4},{"x":5.5,"y":-4},{"x":6.5,"y":-4},{"x":7.5,"y":-4},{"x":8.5,"y":-4},{"x":9.5,"y":-4},{"x":1.5,"y":-3},{"x":2.5,"y":-3},{"x":3.5,"y":-3},{"x":4.5,"y":-3},{"x":6.5,"y":-3},{"x":7.5,"y":-3},{"x":8.5,"y":-3},{"x":9.5,"y":-3},{"x":1.5,"y":-2},{"x":2.5,"y":-2},{"x":3.5,"y":-2},{"x":4.5,"y":-2},{"x":5.5,"y":-2},{"x":6.5,"y":-2},{"x":7.5,"y":-2},{"x":8.5,"y":-2},{"x":9.5,"y":-2}]},{"index":1,"tiles":[{"x":3.5,"y":-8},{"x":5.5,"y":-8},{"x":7.5,"y":-8},{"x":4.5,"y":-7.5},{"x":6.5,"y":-7.5},{"x":5.5,"y":-7},{"x":1.5,"y":-6},{"x":2.5,"y":-6},{"x":3.5,"y":-6},{"x":4.5,"y":-6},{"x":5.5,"y":-6},{"x":6.5,"y":-6},{"x":7.5,"y":-6},{"x":8.5,"y":-6},{"x":9.5,"y":-6},{"x":1.5,"y":-5},{"x":2.5,"y":-5},{"x":3.5,"y":-5},{"x":4.5,"y":-5},{"x":6.5,"y":-5},{"x":7.5,"y":-5},{"x":8.5,"y":-5},{"x":9.5,"y":-5},{"x":1.5,"y":-4},{"x":2.5,"y":-4},{"x":3.5,"y":-4},{"x":4.5,"y":-4},{"x":5.5,"y":-4},{"x":6.5,"y":-4},{"x":7.5,"y":-4},{"x":8.5,"y":-4},{"x":9.5,"y":-4},{"x":1.5,"y":-3},{"x":2.5,"y":-3},{"x":3.5,"y":-3},{"x":4.5,"y":-3},{"x":6.5,"y":-3},{"x":7.5,"y":-3},{"x":8.5,"y":-3},{"x":9.5,"y":-3},{"x":1.5,"y":-2},{"x":2.5,"y":-2},{"x":3.5,"y":-2},{"x":4.5,"y":-2},{"x":5.5,"y":-2},{"x":6.5,"y":-2},{"x":7.5,"y":-2},{"x":8.5,"y":-2},{"x":9.5,"y":-2}]},{"index":2,"tiles":[{"x":3.5,"y":-8},{"x":5.5,"y":-8},{"x":7.5,"y":-8},{"x":4.5,"y":-7.5},{"x":6.5,"y":-7.5},{"x":5.5,"y":-7},{"x":1.5,"y":-6},{"x":2.5,"y":-6},{"x":3.5,"y":-6},{"x":4.5,"y":-6},{"x":5.5,"y":-6},{"x":6.5,"y":-6},{"x":7.5,"y":-6},{"x":8.5,"y":-6},{"x":9.5,"y":-6},{"x":1.5,"y":-5},{"x":2.5,"y":-5},{"x":3.5,"y":-5},{"x":4.5,"y":-5},{"x":6.5,"y":-5},{"x":7.5,"y":-5},{"x":8.5,"y":-5},{"x":9.5,"y":-5},{"x":1.5,"y":-4},{"x":2.5,"y":-4},{"x":3.5,"y":-4},{"x":4.5,"y":-4},{"x":6.5,"y":-4},{"x":7.5,"y":-4},{"x":8.5,"y":-4},{"x":9.5,"y":-4},{"x":1.5,"y":-3},{"x":2.5,"y":-3},{"x":3.5,"y":-3},{"x":4.5,"y":-3},{"x":6.5,"y":-3},{"x":7.5,"y":-3},{"x":8.5,"y":-3},{"x":9.5,"y":-3},{"x":1.5,"y":-2},{"x":2.5,"y":-2},{"x":3.5,"y":-2},{"x":4.5,"y":-2},{"x":5.5,"y":-2},{"x":6.5,"y":-2},{"x":7.5,"y":-2},{"x":8.5,"y":-2},{"x":9.5,"y":-2}]}],"seeds":["CjNsXLCEp+EJXrWU1yRl4pVEmrUEn6g8WiUQ1geCTfCBhwcxXCeChNNJIscUFEWKhMhZwgeFqjNhW2V+w8IoVaIYU+eFFMdNSOeBXsE1yoCCYXdYQRFGwxOCX9MICgYu4BJyFJiKGQEiIxiKXQEA"]},{"layers":[{"index":0,"tiles":[{"x":4,"y":-7.5},{"x":5,"y":-7.5},{"x":6,"y":-7.5},{"x":7,"y":-7.5},{"x":4.5,"y":-6.5},{"x":5.5,"y":-6.5},{"x":6.5,"y":-6.5},{"x":3.5,"y":-5.5},{"x":4.5,"y":-5.5},{"x":5.5,"y":-5.5},{"x":6.5,"y":-5.5},{"x":7.5,"y":-5.5},{"x":3,"y":-4.5},{"x":4,"y":-4.5},{"x":5,"y":-4.5},{"x":6,"y":-4.5},{"x":7,"y":-4.5},{"x":8,"y":-4.5},{"x":2.5,"y":-3.5},{"x":3.5,"y":-3.5},{"x":4.5,"y":-3.5},{"x":5.5,"y":-3.5},{"x":6.5,"y":-3.5},{"x":7.5,"y":-3.5},{"x":8.5,"y":-3.5},{"x":2,"y":-2.5},{"x":3,"y":-2.5},{"x":4,"y":-2.5},{"x":5,"y":-2.5},{"x":6,"y":-2.5},{"x":7,"y":-2.5},{"x":8,"y":-2.5},{"x":9,"y":-2.5}]},{"index":1,"tiles":[{"x":4,"y":-7.5},{"x":5,"y":-7.5},{"x":6,"y":-7.5},{"x":7,"y":-7.5},{"x":4.5,"y":-6.5},{"x":5.5,"y":-6.5},{"x":6.5,"y":-6.5},{"x":3.5,"y":-5.5},{"x":4.5,"y":-5.5},{"x":5.5,"y":-5.5},{"x":6.5,"y":-5.5},{"x":7.5,"y":-5.5},{"x":3,"y":-4.5},{"x":4,"y":-4.5},{"x":5,"y":-4.5},{"x":6,"y":-4.5},{"x":7,"y":-4.5},{"x":8,"y":-4.5},{"x":2.5,"y":-3.5},{"x":3.5,"y":-3.5},{"x":4.5,"y":-3.5},{"x":5.5,"y":-3.5},{"x":6.5,"y":-3.5},{"x":7.5,"y":-3.5},{"x":8.5,"y":-3.5},{"x":2,"y":-2.5},{"x":3,"y":-2.5},{"x":4,"y":-2.5},{"x":5,"y":-2.5},{"x":6,"y":-2.5},{"x":7,"y":-2.5},{"x":8,"y":-2.5},{"x":9,"y":-2.5}]},{"index":2,"tiles":[{"x":4,"y":-7.5},{"x":5,"y":-7.5},{"x":6,"y":-7.5},{"x":7,"y":-7.5},{"x":4.5,"y":-6.5},{"x":5.5,"y":-6.5},{"x":6.5,"y":-6.5},{"x":3.5,"y":-5.5},{"x":4.5,"y":-5.5},{"x":5.5,"y":-5.5},{"x":6.5,"y":-5.5},{"x":7.5,"y":-5.5},{"x":3,"y":-4.5},{"x":4,"y":-4.5},{"x":5,"y":-4.5},{"x":6,"y":-4.5},{"x":7,"y":-4.5},{"x":8,"y":-4.5},{"x":2.5,"y":-3.5},{"x":3.5,"y":-3.5},{"x":4.5,"y":-3.5},{"x":6.5,"y":-3.5},{"x":7.5,"y":-3.5},{"x":8.5,"y":-3.5},{"x":2,"y":-2.5},{"x":3,"y":-2.5},{"x":4,"y":-2.5},{"x":7,"y":-2.5},{"x":8,"y":-2.5},{"x":9,"y":-2.5}]},{"index":3,"tiles":[{"x":4,"y":-7.5},{"x":5,"y":-7.5},{"x":6,"y":-7.5},{"x":7,"y":-7.5},{"x":4.5,"y":-6.5},{"x":6.5,"y":-6.5},{"x":3.5,"y":-5.5},{"x":4.5,"y":-5.5},{"x":6.5,"y":-5.5},{"x":7.5,"y":-5.5},{"x":3,"y":-4.5},{"x":4,"y":-4.5},{"x":7,"y":-4.5},{"x":8,"y":-4.5},{"x":2.5,"y":-3.5},{"x":3.5,"y":-3.5},{"x":7.5,"y":-3.5},{"x":8.5,"y":-3.5},{"x":2,"y":-2.5},{"x":3,"y":-2.5},{"x":8,"y":-2.5},{"x":9,"y":-2.5}]},{"index":4,"tiles":[{"x":4,"y":-7.5},{"x":5,"y":-7.5},{"x":6,"y":-7.5},{"x":7,"y":-7.5},{"x":3.5,"y":-5.5},{"x":7.5,"y":-5.5},{"x":3,"y":-4.5},{"x":8,"y":-4.5},{"x":2.5,"y":-3.5},{"x":8.5,"y":-3.5},{"x":2,"y":-2.5},{"x":9,"y":-2.5}]}],"seeds":["jSd+DoVJG+U0wneIFCQVoal228UNyQIe4RINFoQhoXgREccpFggmYFdpENoJ1RlQWpAqkwEpQsdlkwcuwhcozxh2GUcuXDl9HyIywtcJShcaovBwCuOB4kQEBdh1nNeFAggA"]},{"layers":[{"index":0,"tiles":[{"x":3,"y":-7},{"x":4,"y":-7},{"x":5,"y":-7},{"x":6,"y":-7},{"x":7,"y":-7},{"x":8,"y":-7},{"x":1.5,"y":-6},{"x":3,"y":-6},{"x":4,"y":-6},{"x":5,"y":-6},{"x":6,"y":-6},{"x":7,"y":-6},{"x":8,"y":-6},{"x":9.5,"y":-6},{"x":1.5,"y":-5},{"x":3,"y":-5},{"x":4,"y":-5},{"x":5,"y":-5},{"x":6,"y":-5},{"x":7,"y":-5},{"x":8,"y":-5},{"x":9.5,"y":-5},{"x":1.5,"y":-4},{"x":3,"y":-4},{"x":4,"y":-4},{"x":5,"y":-4},{"x":6,"y":-4},{"x":7,"y":-4},{"x":8,"y":-4},{"x":9.5,"y":-4},{"x":1.5,"y":-3},{"x":3,"y":-3},{"x":4,"y":-3},{"x":5,"y":-3},{"x":6,"y":-3},{"x":7,"y":-3},{"x":8,"y":-3},{"x":9.5,"y":-3},{"x":3,"y":-2},{"x":4,"y":-2},{"x":5,"y":-2},{"x":6,"y":-2},{"x":7,"y":-2},{"x":8,"y":-2}]},{"index":1,"tiles":[{"x":3,"y":-7},{"x":4,"y":-7},{"x":5,"y":-7},{"x":6,"y":-7},{"x":7,"y":-7},{"x":8,"y":-7},{"x":1.5,"y":-6},{"x":3,"y":-6},{"x":4,"y":-6},{"x":5,"y":-6},{"x":6,"y":-6},{"x":7,"y":-6},{"x":8,"y":-6},{"x":9.5,"y":-6},{"x":1.5,"y":-5},{"x":3,"y":-5},{"x":4,"y":-5},{"x":7,"y":-5},{"x":8,"y":-5},{"x":9.5,"y":-5},{"x":5.5,"y":-4.5},{"x":1.5,"y":-4},{"x":3,"y":-4},{"x":4,"y":-4},{"x":7,"y":-4},{"x":8,"y":-4},{"x":9.5,"y":-4},{"x":1.5,"y":-3},{"x":3,"y":-3},{"x":4,"y":-3},{"x":5,"y":-3},{"x":6,"y":-3},{"x":7,"y":-3},{"x":8,"y":-3},{"x":9.5,"y":-3},{"x":3,"y":-2},{"x":4,"y":-2},{"x":5,"y":-2},{"x":6,"y":-2},{"x":7,"y":-2},{"x":8,"y":-2}]},{"index":2,"tiles":[{"x":3,"y":-7},{"x":4,"y":-7},{"x":5,"y":-7},{"x":6,"y":-7},{"x":7,"y":-7},{"x":8,"y":-7},{"x":3,"y":-6},{"x":4,"y":-6},{"x":5,"y":-6},{"x":6,"y":-6},{"x":7,"y":-6},{"x":8,"y":-6},{"x":3,"y":-5},{"x":4,"y":-5},{"x":7,"y":-5},{"x":8,"y":-5},{"x":5.5,"y":-4.5},{"x":3,"y":-4},{"x":4,"y":-4},{"x":7,"y":-4},{"x":8,"y":-4},{"x":3,"y":-3},{"x":4,"y":-3},{"x":5,"y":-3},{"x":6,"y":-3},{"x":7,"y":-3},{"x":8,"y":-3},{"x":3,"y":-2},{"x":4,"y":-2},{"x":5,"y":-2},{"x":6,"y":-2},{"x":7,"y":-2},{"x":8,"y":-2}]}],"seeds":["Ybd8CRcSYGh53KBJAdmEythdpRcoVYh1IGdkHBQqAtgwClUVFiiKIPc90GZ0niCKAXNmnQMK0fCoBoEsEWoE1LSZ0oVBIPR1BSiEiDYlkyc4xxdyhyCmkwgA"]},{"layers":[{"index":0,"tiles":[{"x":2,"y":-7},{"x":3,"y":-7},{"x":4.5,"y":-7},{"x":6.5,"y":-7},{"x":8,"y":-7},{"x":9,"y":-7},{"x":5.5,"y":-6.5},{"x":3,"y":-6},{"x":8,"y":-6},{"x":4.5,"y":-5.5},{"x":5.5,"y":-5.5},{"x":6.5,"y":-5.5},{"x":2.5,"y":-5},{"x":8.5,"y":-5},{"x":0.5,"y":-4.5},{"x":1.5,"y":-4.5},{"x":4.5,"y":-4.5},{"x":5.5,"y":-4.5},{"x":6.5,"y":-4.5},{"x":9.5,"y":-4.5},{"x":10.5,"y":-4.5},{"x":2.5,"y":-4},{"x":8.5,"y":-4},{"x":4.5,"y":-3.5},{"x":5.5,"y":-3.5},{"x":6.5,"y":-3.5},{"x":3,"y":-3},{"x":8,"y":-3},{"x":5.5,"y":-2.5},{"x":2,"y":-2},{"x":3,"y":-2},{"x":4.5,"y":-2},{"x":6.5,"y":-2},{"x":8,"y":-2},{"x":9,"y":-2}]},{"index":1,"tiles":[{"x":2,"y":-7},{"x":3,"y":-7},{"x":4.5,"y":-7},{"x":6.5,"y":-7},{"x":8,"y":-7},{"x":9,"y":-7},{"x":5.5,"y":-6.5},{"x":3,"y":-6},{"x":8,"y":-6},{"x":4.5,"y":-5.5},{"x":5.5,"y":-5.5},{"x":6.5,"y":-5.5},{"x":2.5,"y":-5},{"x":8.5,"y":-5},{"x":0.5,"y":-4.5},{"x":1.5,"y":-4.5},{"x":4.5,"y":-4.5},{"x":5.5,"y":-4.5},{"x":6.5,"y":-4.5},{"x":9.5,"y":-4.5},{"x":10.5,"y":-4.5},{"x":2.5,"y":-4},{"x":8.5,"y":-4},{"x":4.5,"y":-3.5},{"x":5.5,"y":-3.5},{"x":6.5,"y":-3.5},{"x":3,"y":-3},{"x":8,"y":-3},{"x":5.5,"y":-2.5},{"x":2,"y":-2},{"x":3,"y":-2},{"x":4.5,"y":-2},{"x":6.5,"y":-2},{"x":8,"y":-2},{"x":9,"y":-2}]},{"index":2,"tiles":[{"x":2,"y":-7},{"x":3,"y":-7},{"x":4.5,"y":-7},{"x":6.5,"y":-7},{"x":8,"y":-7},{"x":9,"y":-7},{"x":5.5,"y":-6.5},{"x":3,"y":-6},{"x":8,"y":-6},{"x":4.5,"y":-5.5},{"x":5.5,"y":-5.5},{"x":6.5,"y":-5.5},{"x":2.5,"y":-5},{"x":8.5,"y":-5},{"x":0.5,"y":-4.5},{"x":1.5,"y":-4.5},{"x":4.5,"y":-4.5},{"x":5.5,"y":-4.5},{"x":6.5,"y":-4.5},{"x":9.5,"y":-4.5},{"x":10.5,"y":-4.5},{"x":2.5,"y":-4},{"x":8.5,"y":-4},{"x":4.5,"y":-3.5},{"x":5.5,"y":-3.5},{"x":6.5,"y":-3.5},{"x":3,"y":-3},{"x":8,"y":-3},{"x":5.5,"y":-2.5},{"x":2,"y":-2},{"x":3,"y":-2},{"x":4.5,"y":-2},{"x":6.5,"y":-2},{"x":8,"y":-2},{"x":9,"y":-2}]},{"index":3,"tiles":[{"x":5.5,"y":-4.5}]}],"seeds":["YhZy4Yc8TgaCHmEpKlgqHxoGhxlpIEJgnShCYThwWPgZDBF6KVRFpxFaYDgxmnCFhRcW1RcOoRA2IulNlPYkYaCBy3J1yeh0FJcRRxZ2XAMA"]},{"layers":[{"index":0,"tiles":[{"x":3.5,"y":-8},{"x":4.5,"y":-8},{"x":5.5,"y":-8},{"x":2.5,"y":-7},{"x":3.5,"y":-7},{"x":4.5,"y":-7},{"x":5.5,"y":-7},{"x":1.5,"y":-6},{"x":2.5,"y":-6},{"x":4.5,"y":-6},{"x":5.5,"y":-6},{"x":6.5,"y":-6},{"x":7.5,"y":-6},{"x":8.5,"y":-6},{"x":9.5,"y":-6},{"x":1.5,"y":-5},{"x":2.5,"y":-5},{"x":3.5,"y":-5},{"x":4.5,"y":-5},{"x":5.5,"y":-5},{"x":6.5,"y":-5},{"x":7.5,"y":-5},{"x":8.5,"y":-5},{"x":9.5,"y":-5},{"x":1.5,"y":-4},{"x":2.5,"y":-4},{"x":3.5,"y":-4},{"x":4.5,"y":-4},{"x":5.5,"y":-4},{"x":6.5,"y":-4},{"x":8.5,"y":-4},{"x":9.5,"y":-4},{"x":5.5,"y":-3},{"x":6.5,"y":-3},{"x":7.5,"y":-3},{"x":8.5,"y":-3},{"x":5.5,"y":-2},{"x":6.5,"y":-2},{"x":7.5,"y":-2}]},{"index":1,"tiles":[{"x":3.5,"y":-8},{"x":4.5,"y":-8},{"x":5.5,"y":-8},{"x":2.5,"y":-7},{"x":3.5,"y":-7},{"x":4.5,"y":-7},{"x":5.5,"y":-7},{"x":1.5,"y":-6},{"x":2.5,"y":-6},{"x":4.5,"y":-6},{"x":5.5,"y":-6},{"x":6.5,"y":-6},{"x":7.5,"y":-6},{"x":8.5,"y":-6},{"x":9.5,"y":-6},{"x":1.5,"y":-5},{"x":2.5,"y":-5},{"x":3.5,"y":-5},{"x":4.5,"y":-5},{"x":6.5,"y":-5},{"x":7.5,"y":-5},{"x":8.5,"y":-5},{"x":9.5,"y":-5},{"x":1.5,"y":-4},{"x":2.5,"y":-4},{"x":3.5,"y":-4},{"x":4.5,"y":-4},{"x":5.5,"y":-4},{"x":6.5,"y":-4},{"x":8.5,"y":-4},{"x":9.5,"y":-4},{"x":5.5,"y":-3},{"x":6.5,"y":-3},{"x":7.5,"y":-3},{"x":8.5,"y":-3},{"x":5.5,"y":-2},{"x":6.5,"y":-2},{"x":7.5,"y":-2}]},{"index":2,"tiles":[{"x":3.5,"y":-8},{"x":4.5,"y":-8},{"x":5.5,"y":-8},{"x":2.5,"y":-7},{"x":3.5,"y":-7},{"x":4.5,"y":-7},{"x":5.5,"y":-7},{"x":1.5,"y":-6},{"x":2.5,"y":-6},{"x":4.5,"y":-6},{"x":5.5,"y":-6},{"x":6.5,"y":-6},{"x":7.5,"y":-6},{"x":8.5,"y":-6},{"x":9.5,"y":-6},{"x":1.5,"y":-5},{"x":2.5,"y":-5},{"x":3.5,"y":-5},{"x":7.5,"y":-5},{"x":8.5,"y":-5},{"x":9.5,"y":-5},{"x":1.5,"y":-4},{"x":2.5,"y":-4},{"x":3.5,"y":-4},{"x":4.5,"y":-4},{"x":5.5,"y":-4},{"x":6.5,"y":-4},{"x":8.5,"y":-4},{"x":9.5,"y":-4},{"x":5.5,"y":-3},{"x":6.5,"y":-3},{"x":7.5,"y":-3},{"x":8.5,"y":-3},{"x":5.5,"y":-2},{"x":6.5,"y":-2},{"x":7.5,"y":-2}]},{"index":3,"tiles":[{"x":3.5,"y":-8},{"x":4.5,"y":-8},{"x":5.5,"y":-8},{"x":2.5,"y":-7},{"x":1.5,"y":-6},{"x":6.5,"y":-6},{"x":7.5,"y":-6},{"x":8.5,"y":-6},{"x":9.5,"y":-6},{"x":1.5,"y":-5},{"x":9.5,"y":-5},{"x":1.5,"y":-4},{"x":5.5,"y":-4},{"x":9.5,"y":-4},{"x":5.5,"y":-3},{"x":8.5,"y":-3},{"x":5.5,"y":-2},{"x":6.5,"y":-2},{"x":7.5,"y":-2}]}],"seeds":["RyBRFdUFInh9J9ExHtEVVieG3aRc4niIYVIsopEtldokHLZ5GyiGWEV+3rAwjRcSiOA1IlgOETOFijEIofaBQSN03yBkHDgtIegQE6NQDkRF0PdwIPhwqVeZCBoqGvdJAWeJ"]},{"layers":[{"index":0,"tiles":[{"x":4,"y":-8.5},{"x":7,"y":-8.5},{"x":3,"y":-8},{"x":8,"y":-8},{"x":2,"y":-7.5},{"x":4,"y":-7.5},{"x":7,"y":-7.5},{"x":9,"y":-7.5},{"x":3,"y":-7},{"x":8,"y":-7},{"x":2,"y":-6.5},{"x":4,"y":-6.5},{"x":7,"y":-6.5},{"x":9,"y":-6.5},{"x":3,"y":-6},{"x":8,"y":-6},{"x":1,"y":-5.5},{"x":2,"y":-5.5},{"x":9,"y":-5.5},{"x":10,"y":-5.5},{"x":3,"y":-5},{"x":4.5,"y":-5},{"x":5.5,"y":-5},{"x":6.5,"y":-5},{"x":8,"y":-5},{"x":1,"y":-4.5},{"x":2,"y":-4.5},{"x":9,"y":-4.5},{"x":10,"y":-4.5},{"x":3,"y":-4},{"x":8,"y":-4},{"x":2,"y":-3.5},{"x":4,"y":-3.5},{"x":7,"y":-3.5},{"x":9,"y":-3.5},{"x":3,"y":-3},{"x":8,"y":-3},{"x":2,"y":-2.5},{"x":4,"y":-2.5},{"x":7,"y":-2.5},{"x":9,"y":-2.5},{"x":3,"y":-2},{"x":8,"y":-2},{"x":4,"y":-1.5},{"x":7,"y":-1.5}]},{"index":1,"tiles":[{"x":4,"y":-8.5},{"x":7,"y":-8.5},{"x":3,"y":-8},{"x":8,"y":-8},{"x":2,"y":-7.5},{"x":4,"y":-7.5},{"x":7,"y":-7.5},{"x":9,"y":-7.5},{"x":3,"y":-7},{"x":8,"y":-7},{"x":2,"y":-6.5},{"x":4,"y":-6.5},{"x":7,"y":-6.5},{"x":9,"y":-6.5},{"x":3,"y":-6},{"x":8,"y":-6},{"x":1,"y":-5.5},{"x":2,"y":-5.5},{"x":9,"y":-5.5},{"x":10,"y":-5.5},{"x":3,"y":-5},{"x":4.5,"y":-5},{"x":5.5,"y":-5},{"x":6.5,"y":-5},{"x":8,"y":-5},{"x":1,"y":-4.5},{"x":2,"y":-4.5},{"x":9,"y":-4.5},{"x":10,"y":-4.5},{"x":3,"y":-4},{"x":8,"y":-4},{"x":2,"y":-3.5},{"x":4,"y":-3.5},{"x":7,"y":-3.5},{"x":9,"y":-3.5},{"x":3,"y":-3},{"x":8,"y":-3},{"x":2,"y":-2.5},{"x":4,"y":-2.5},{"x":7,"y":-2.5},{"x":9,"y":-2.5},{"x":3,"y":-2},{"x":8,"y":-2},{"x":4,"y":-1.5},{"x":7,"y":-1.5}]},{"index":2,"tiles":[{"x":4.5,"y":-8},{"x":6.5,"y":-8},{"x":3,"y":-7},{"x":4.5,"y":-7},{"x":6.5,"y":-7},{"x":8,"y":-7},{"x":2,"y":-6.5},{"x":9,"y":-6.5},{"x":2,"y":-5.5},{"x":9,"y":-5.5},{"x":3.5,"y":-5},{"x":4.5,"y":-5},{"x":6.5,"y":-5},{"x":7.5,"y":-5},{"x":2,"y":-4.5},{"x":9,"y":-4.5},{"x":2,"y":-3.5},{"x":9,"y":-3.5},{"x":3,"y":-3},{"x":4.5,"y":-3},{"x":6.5,"y":-3},{"x":8,"y":-3},{"x":4.5,"y":-2},{"x":6.5,"y":-2}]}],"seeds":["XFCFC1KI4oWVWWNsH7gkjTh6UHegXOcpnegNTOhoVch1CiImk5AxajFwIWQ5mkCBXRpM3iF94QSCBAdSy8OZVAeGoKVEAnkGoEBQ17c9ExYoyxcZkggA"]},{"layers":[{"index":0,"tiles":[{"x":5,"y":-8},{"x":6,"y":-8},{"x":4,"y":-7.5},{"x":7,"y":-7.5},{"x":5,"y":-7},{"x":6,"y":-7},{"x":3,"y":-6.5},{"x":4,"y":-6.5},{"x":7,"y":-6.5},{"x":8,"y":-6.5},{"x":5.5,"y":-6},{"x":2,"y":-5.5},{"x":3,"y":-5.5},{"x":8,"y":-5.5},{"x":9,"y":-5.5},{"x":4,"y":-5},{"x":5,"y":-5},{"x":6,"y":-5},{"x":7,"y":-5},{"x":2,"y":-4.5},{"x":3,"y":-4.5},{"x":8,"y":-4.5},{"x":9,"y":-4.5},{"x":5.5,"y":-4},{"x":3,"y":-3.5},{"x":4,"y":-3.5},{"x":7,"y":-3.5},{"x":8,"y":-3.5},{"x":5,"y":-3},{"x":6,"y":-3},{"x":4,"y":-2.5},{"x":7,"y":-2.5},{"x":5,"y":-2},{"x":6,"y":-2}]},{"index":1,"tiles":[{"x":5,"y":-8},{"x":6,"y":-8},{"x":4,"y":-7.5},{"x":7,"y":-7.5},{"x":5,"y":-7},{"x":6,"y":-7},{"x":3,"y":-6.5},{"x":4,"y":-6.5},{"x":7,"y":-6.5},{"x":8,"y":-6.5},{"x":5.5,"y":-6},{"x":2,"y":-5.5},{"x":3,"y":-5.5},{"x":8,"y":-5.5},{"x":9,"y":-5.5},{"x":4,"y":-5},{"x":5,"y":-5},{"x":6,"y":-5},{"x":7,"y":-5},{"x":2,"y":-4.5},{"x":3,"y":-4.5},{"x":8,"y":-4.5},{"x":9,"y":-4.5},{"x":5.5,"y":-4},{"x":3,"y":-3.5},{"x":4,"y":-3.5},{"x":7,"y":-3.5},{"x":8,"y":-3.5},{"x":5,"y":-3},{"x":6,"y":-3},{"x":4,"y":-2.5},{"x":7,"y":-2.5},{"x":5,"y":-2},{"x":6,"y":-2}]},{"index":2,"tiles":[{"x":5,"y":-8},{"x":6,"y":-8},{"x":4,"y":-7.5},{"x":7,"y":-7.5},{"x":5,"y":-7},{"x":6,"y":-7},{"x":3,"y":-6.5},{"x":4,"y":-6.5},{"x":7,"y":-6.5},{"x":8,"y":-6.5},{"x":5.5,"y":-6},{"x":2,"y":-5.5},{"x":3,"y":-5.5},{"x":8,"y":-5.5},{"x":9,"y":-5.5},{"x":4,"y":-5},{"x":5,"y":-5},{"x":6,"y":-5},{"x":7,"y":-5},{"x":2,"y":-4.5},{"x":3,"y":-4.5},{"x":8,"y":-4.5},{"x":9,"y":-4.5},{"x":5.5,"y":-4},{"x":3,"y":-3.5},{"x":4,"y":-3.5},{"x":7,"y":-3.5},{"x":8,"y":-3.5},{"x":5,"y":-3},{"x":6,"y":-3},{"x":4,"y":-2.5},{"x":7,"y":-2.5},{"x":5,"y":-2},{"x":6,"y":-2}]},{"index":3,"tiles":[{"x":5,"y":-7},{"x":6,"y":-7},{"x":4,"y":-6.5},{"x":7,"y":-6.5},{"x":3,"y":-5.5},{"x":8,"y":-5.5},{"x":3,"y":-4.5},{"x":8,"y":-4.5},{"x":4,"y":-3.5},{"x":7,"y":-3.5},{"x":5,"y":-3},{"x":6,"y":-3}]}],"seeds":["RbUIU4CJDDVCYYqAz0WK3gVSSFguiSgMQ/R9oAJmBQd2EaZNRpeIAWdJCyeAE+c1qqIFInE80gFuX8VNngc2FBEqAteFltEpC9WdZvahoRMGHQNtogMA"]},{"layers":[{"index":0,"tiles":[{"x":3,"y":-7.5},{"x":4,"y":-7.5},{"x":5,"y":-7.5},{"x":6,"y":-7.5},{"x":7,"y":-7.5},{"x":8,"y":-7.5},{"x":3,"y":-6.5},{"x":4,"y":-6.5},{"x":7,"y":-6.5},{"x":8,"y":-6.5},{"x":5.5,"y":-6},{"x":1,"y":-5.5},{"x":2,"y":-5.5},{"x":3,"y":-5.5},{"x":4,"y":-5.5},{"x":7,"y":-5.5},{"x":8,"y":-5.5},{"x":9,"y":-5.5},{"x":10,"y":-5.5},{"x":5,"y":-5},{"x":6,"y":-5},{"x":1,"y":-4.5},{"x":2,"y":-4.5},{"x":3,"y":-4.5},{"x":4,"y":-4.5},{"x":7,"y":-4.5},{"x":8,"y":-4.5},{"x":9,"y":-4.5},{"x":10,"y":-4.5},{"x":5.5,"y":-4},{"x":3,"y":-3.5},{"x":4,"y":-3.5},{"x":7,"y":-3.5},{"x":8,"y":-3.5},{"x":3,"y":-2.5},{"x":4,"y":-2.5},{"x":5,"y":-2.5},{"x":6,"y":-2.5},{"x":7,"y":-2.5},{"x":8,"y":-2.5}]},{"index":1,"tiles":[{"x":3,"y":-7.5},{"x":4,"y":-7.5},{"x":5,"y":-7.5},{"x":6,"y":-7.5},{"x":7,"y":-7.5},{"x":8,"y":-7.5},{"x":3,"y":-6.5},{"x":4,"y":-6.5},{"x":7,"y":-6.5},{"x":8,"y":-6.5},{"x":5.5,"y":-6},{"x":1,"y":-5.5},{"x":2,"y":-5.5},{"x":3,"y":-5.5},{"x":4,"y":-5.5},{"x":7,"y":-5.5},{"x":8,"y":-5.5},{"x":9,"y":-5.5},{"x":10,"y":-5.5},{"x":5,"y":-5},{"x":6,"y":-5},{"x":1,"y":-4.5},{"x":2,"y":-4.5},{"x":3,"y":-4.5},{"x":4,"y":-4.5},{"x":7,"y":-4.5},{"x":8,"y":-4.5},{"x":9,"y":-4.5},{"x":10,"y":-4.5},{"x":5.5,"y":-4},{"x":3,"y":-3.5},{"x":4,"y":-3.5},{"x":7,"y":-3.5},{"x":8,"y":-3.5},{"x":3,"y":-2.5},{"x":4,"y":-2.5},{"x":5,"y":-2.5},{"x":6,"y":-2.5},{"x":7,"y":-2.5},{"x":8,"y":-2.5}]},{"index":2,"tiles":[{"x":3,"y":-7.5},{"x":4,"y":-7.5},{"x":5,"y":-7.5},{"x":6,"y":-7.5},{"x":7,"y":-7.5},{"x":8,"y":-7.5},{"x":3,"y":-6.5},{"x":8,"y":-6.5},{"x":1,"y":-5.5},{"x":2,"y":-5.5},{"x":3,"y":-5.5},{"x":8,"y":-5.5},{"x":9,"y":-5.5},{"x":10,"y":-5.5},{"x":1,"y":-4.5},{"x":2,"y":-4.5},{"x":3,"y":-4.5},{"x":8,"y":-4.5},{"x":9,"y":-4.5},{"x":10,"y":-4.5},{"x":3,"y":-3.5},{"x":8,"y":-3.5},{"x":3,"y":-2.5},{"x":4,"y":-2.5},{"x":5,"y":-2.5},{"x":6,"y":-2.5},{"x":7,"y":-2.5},{"x":8,"y":-2.5}]}],"seeds":["HjMlBshVWRgmDigxigNywtNgqnSBgSZ2nCWmi0gFkNd0E3eGH2INZdgVnReOhwJOx4NyRhWaxKdEARFxHdllm3gVgthN4KBtHaJg4hJA30d5"]},{"layers":[{"index":0,"tiles":[{"x":5.5,"y":-9},{"x":4.5,"y":-8.5},{"x":6.5,"y":-8.5},{"x":3.5,"y":-8},{"x":5.5,"y":-8},{"x":7.5,"y":-8},{"x":2.5,"y":-7.5},{"x":8.5,"y":-7.5},{"x":1.5,"y":-7},{"x":5.5,"y":-7},{"x":9.5,"y":-7},{"x":4.5,"y":-6.5},{"x":6.5,"y":-6.5},{"x":1,"y":-6},{"x":3.5,"y":-6},{"x":5.5,"y":-6},{"x":7.5,"y":-6},{"x":10,"y":-6},{"x":1,"y":-5},{"x":5.5,"y":-5},{"x":10,"y":-5},{"x":4.5,"y":-4.5},{"x":6.5,"y":-4.5},{"x":1,"y":-4},{"x":3.5,"y":-4},{"x":5.5,"y":-4},{"x":7.5,"y":-4},{"x":10,"y":-4},{"x":1.5,"y":-3},{"x":5.5,"y":-3},{"x":9.5,"y":-3},{"x":2.5,"y":-2.5},{"x":8.5,"y":-2.5},{"x":3.5,"y":-2},{"x":5.5,"y":-2},{"x":7.5,"y":-2},{"x":4.5,"y":-1.5},{"x":6.5,"y":-1.5},{"x":5.5,"y":-1}]},{"index":1,"tiles":[{"x":5.5,"y":-9},{"x":4.5,"y":-8.5},{"x":6.5,"y":-8.5},{"x":3.5,"y":-8},{"x":5.5,"y":-8},{"x":7.5,"y":-8},{"x":2.5,"y":-7.5},{"x":8.5,"y":-7.5},{"x":1.5,"y":-7},{"x":5.5,"y":-7},{"x":9.5,"y":-7},{"x":4.5,"y":-6.5},{"x":6.5,"y":-6.5},{"x":1,"y":-6},{"x":3.5,"y":-6},{"x":5.5,"y":-6},{"x":7.5,"y":-6},{"x":10,"y":-6},{"x":1,"y":-5},{"x":5.5,"y":-5},{"x":10,"y":-5},{"x":4.5,"y":-4.5},{"x":6.5,"y":-4.5},{"x":1,"y":-4},{"x":3.5,"y":-4},{"x":5.5,"y":-4},{"x":7.5,"y":-4},{"x":10,"y":-4},{"x":1.5,"y":-3},{"x":5.5,"y":-3},{"x":9.5,"y":-3},{"x":2.5,"y":-2.5},{"x":8.5,"y":-2.5},{"x":3.5,"y":-2},{"x":5.5,"y":-2},{"x":7.5,"y":-2},{"x":4.5,"y":-1.5},{"x":6.5,"y":-1.5},{"x":5.5,"y":-1}]},{"index":2,"tiles":[{"x":5.5,"y":-9},{"x":4.5,"y":-8.5},{"x":6.5,"y":-8.5},{"x":3.5,"y":-8},{"x":5.5,"y":-8},{"x":7.5,"y":-8},{"x":2.5,"y":-7.5},{"x":8.5,"y":-7.5},{"x":1.5,"y":-7},{"x":5.5,"y":-7},{"x":9.5,"y":-7},{"x":4.5,"y":-6.5},{"x":6.5,"y":-6.5},{"x":1,"y":-6},{"x":3.5,"y":-6},{"x":5.5,"y":-6},{"x":7.5,"y":-6},{"x":10,"y":-6},{"x":1,"y":-5},{"x":5.5,"y":-5},{"x":10,"y":-5},{"x":4.5,"y":-4.5},{"x":6.5,"y":-4.5},{"x":1,"y":-4},{"x":3.5,"y":-4},{"x":5.5,"y":-4},{"x":7.5,"y":-4},{"x":10,"y":-4},{"x":1.5,"y":-3},{"x":5.5,"y":-3},{"x":9.5,"y":-3},{"x":2.5,"y":-2.5},{"x":8.5,"y":-2.5},{"x":3.5,"y":-2},{"x":5.5,"y":-2},{"x":7.5,"y":-2},{"x":4.5,"y":-1.5},{"x":6.5,"y":-1.5},{"x":5.5,"y":-1}]},{"index":3,"tiles":[{"x":5.5,"y":-7.5},{"x":5.5,"y":-6.5},{"x":5.5,"y":-5.5},{"x":5.5,"y":-4.5},{"x":5.5,"y":-3.5}]}],"seeds":["6ghNXRBloANmYpoMGtdFDyIk4EeACshNC3YhUBcUx+JYl5cInyAhCViYyeNxIaMInMINoZh0lld5oiIqhraJWDN5U1hSoReezGZ0Hfk13BdWChGgRwAigRSAlAgA"]},{"layers":[{"index":0,"tiles":[{"x":4,"y":-8},{"x":5,"y":-8},{"x":6,"y":-8},{"x":7,"y":-8},{"x":4,"y":-7},{"x":5.5,"y":-7},{"x":7,"y":-7},{"x":2.5,"y":-6.5},{"x":8.5,"y":-6.5},{"x":4,"y":-6},{"x":5.5,"y":-6},{"x":7,"y":-6},{"x":2,"y":-5},{"x":3,"y":-5},{"x":4,"y":-5},{"x":5,"y":-5},{"x":6,"y":-5},{"x":7,"y":-5},{"x":8,"y":-5},{"x":9,"y":-5},{"x":4,"y":-4},{"x":5.5,"y":-4},{"x":7,"y":-4},{"x":2.5,"y":-3.5},{"x":8.5,"y":-3.5},{"x":4,"y":-3},{"x":5.5,"y":-3},{"x":7,"y":-3},{"x":4,"y":-2},{"x":5,"y":-2},{"x":6,"y":-2},{"x":7,"y":-2}]},{"index":1,"tiles":[{"x":4,"y":-8},{"x":5,"y":-8},{"x":6,"y":-8},{"x":7,"y":-8},{"x":4,"y":-7},{"x":5.5,"y":-7},{"x":7,"y":-7},{"x":2.5,"y":-6.5},{"x":8.5,"y":-6.5},{"x":4,"y":-6},{"x":5.5,"y":-6},{"x":7,"y":-6},{"x":2,"y":-5},{"x":3,"y":-5},{"x":4,"y":-5},{"x":5,"y":-5},{"x":6,"y":-5},{"x":7,"y":-5},{"x":8,"y":-5},{"x":9,"y":-5},{"x":4,"y":-4},{"x":5.5,"y":-4},{"x":7,"y":-4},{"x":2.5,"y":-3.5},{"x":8.5,"y":-3.5},{"x":4,"y":-3},{"x":5.5,"y":-3},{"x":7,"y":-3},{"x":4,"y":-2},{"x":5,"y":-2},{"x":6,"y":-2},{"x":7,"y":-2}]},{"index":2,"tiles":[{"x":4,"y":-8},{"x":5,"y":-8},{"x":6,"y":-8},{"x":7,"y":-8},{"x":4,"y":-7},{"x":5.5,"y":-7},{"x":7,"y":-7},{"x":2.5,"y":-6.5},{"x":8.5,"y":-6.5},{"x":4,"y":-6},{"x":5.5,"y":-6},{"x":7,"y":-6},{"x":2,"y":-5},{"x":3,"y":-5},{"x":4,"y":-5},{"x":5,"y":-5},{"x":6,"y":-5},{"x":7,"y":-5},{"x":8,"y":-5},{"x":9,"y":-5},{"x":4,"y":-4},{"x":5.5,"y":-4},{"x":7,"y":-4},{"x":2.5,"y":-3.5},{"x":8.5,"y":-3.5},{"x":4,"y":-3},{"x":5.5,"y":-3},{"x":7,"y":-3},{"x":4,"y":-2},{"x":5,"y":-2},{"x":6,"y":-2},{"x":7,"y":-2}]}],"seeds":["V1gpqSc+0Nl5RCQuEtOhILgwViRRyPY4wXBB32FhwZF5IahxYgl6xhdWikBuViGIXKJxFtaEIWJyCRh+xTRmxNQ1jvqBnUEN"]},{"layers":[{"index":0,"tiles":[{"x":3,"y":-9},{"x":4,"y":-9},{"x":7,"y":-9},{"x":8,"y":-9},{"x":3,"y":-8},{"x":4,"y":-8},{"x":7,"y":-8},{"x":8,"y":-8},{"x":1.5,"y":-7},{"x":2.5,"y":-7},{"x":3.5,"y":-7},{"x":4.5,"y":-7},{"x":5.5,"y":-7},{"x":6.5,"y":-7},{"x":7.5,"y":-7},{"x":8.5,"y":-7},{"x":9.5,"y":-7},{"x":3,"y":-6},{"x":8,"y":-6},{"x":3,"y":-5},{"x":4,"y":-5},{"x":5,"y":-5},{"x":6,"y":-5},{"x":7,"y":-5},{"x":8,"y":-5},{"x":3,"y":-4},{"x":8,"y":-4},{"x":1.5,"y":-3},{"x":2.5,"y":-3},{"x":3.5,"y":-3},{"x":4.5,"y":-3},{"x":5.5,"y":-3},{"x":6.5,"y":-3},{"x":7.5,"y":-3},{"x":8.5,"y":-3},{"x":9.5,"y":-3},{"x":3,"y":-2},{"x":4,"y":-2},{"x":7,"y":-2},{"x":8,"y":-2},{"x":3,"y":-1},{"x":4,"y":-1},{"x":7,"y":-1},{"x":8,"y":-1}]},{"index":1,"tiles":[{"x":3.5,"y":-9},{"x":7.5,"y":-9},{"x":3.5,"y":-8},{"x":7.5,"y":-8},{"x":2,"y":-7},{"x":3,"y":-7},{"x":4,"y":-7},{"x":5,"y":-7},{"x":6,"y":-7},{"x":7,"y":-7},{"x":8,"y":-7},{"x":9,"y":-7},{"x":3,"y":-5.5},{"x":8,"y":-5.5},{"x":4,"y":-5},{"x":5,"y":-5},{"x":6,"y":-5},{"x":7,"y":-5},{"x":3,"y":-4.5},{"x":8,"y":-4.5},{"x":2,"y":-3},{"x":3,"y":-3},{"x":4,"y":-3},{"x":5,"y":-3},{"x":6,"y":-3},{"x":7,"y":-3},{"x":8,"y":-3},{"x":9,"y":-3},{"x":3.5,"y":-2},{"x":7.5,"y":-2},{"x":3.5,"y":-1},{"x":7.5,"y":-1}]},{"index":2,"tiles":[{"x":3.5,"y":-8.5},{"x":7.5,"y":-8.5},{"x":2.5,"y":-7},{"x":3.5,"y":-7},{"x":4.5,"y":-7},{"x":5.5,"y":-7},{"x":6.5,"y":-7},{"x":7.5,"y":-7},{"x":8.5,"y":-7},{"x":3,"y":-5},{"x":4,"y":-5},{"x":5,"y":-5},{"x":6,"y":-5},{"x":7,"y":-5},{"x":8,"y":-5},{"x":2.5,"y":-3},{"x":3.5,"y":-3},{"x":4.5,"y":-3},{"x":5.5,"y":-3},{"x":6.5,"y":-3},{"x":7.5,"y":-3},{"x":8.5,"y":-3},{"x":3.5,"y":-1.5},{"x":7.5,"y":-1.5}]},{"index":3,"tiles":[{"x":3.5,"y":-8.5},{"x":7.5,"y":-8.5},{"x":3,"y":-7},{"x":4,"y":-7},{"x":5,"y":-7},{"x":6,"y":-7},{"x":7,"y":-7},{"x":8,"y":-7},{"x":3,"y":-3},{"x":4,"y":-3},{"x":5,"y":-3},{"x":6,"y":-3},{"x":7,"y":-3},{"x":8,"y":-3},{"x":3.5,"y":-1.5},{"x":7.5,"y":-1.5}]},{"index":4,"tiles":[{"x":3.5,"y":-7},{"x":4.5,"y":-7},{"x":5.5,"y":-7},{"x":6.5,"y":-7},{"x":7.5,"y":-7},{"x":3.5,"y":-3},{"x":4.5,"y":-3},{"x":5.5,"y":-3},{"x":6.5,"y":-3},{"x":7.5,"y":-3}]}],"seeds":["UZgGqscxmtA52dZEQQUOIzYh4hEuAllOXMYRz9dAUyE4RFcF6GV5IuhZ1CJSRyJSHhN23/WdCahwiuItpoF0T6UwIihxHRh6xQdy4dINocANTGVwYBgGmgSJ2zRQIAYA"]},{"layers":[{"index":0,"tiles":[{"x":4.5,"y":-8.5},{"x":5.5,"y":-8.5},{"x":6.5,"y":-8.5},{"x":3.5,"y":-8},{"x":7.5,"y":-8},{"x":2.5,"y":-7.5},{"x":8.5,"y":-7.5},{"x":1.5,"y":-7},{"x":9.5,"y":-7},{"x":5,"y":-6.5},{"x":6,"y":-6.5},{"x":2.5,"y":-6},{"x":3.5,"y":-6},{"x":7.5,"y":-6},{"x":8.5,"y":-6},{"x":5,"y":-5.5},{"x":6,"y":-5.5},{"x":2.5,"y":-5},{"x":3.5,"y":-5},{"x":7.5,"y":-5},{"x":8.5,"y":-5},{"x":5,"y":-4.5},{"x":6,"y":-4.5},{"x":2.5,"y":-4},{"x":3.5,"y":-4},{"x":7.5,"y":-4},{"x":8.5,"y":-4},{"x":5,"y":-3},{"x":6,"y":-3},{"x":2.5,"y":-2.5},{"x":3.5,"y":-2.5},{"x":7.5,"y":-2.5},{"x":8.5,"y":-2.5},{"x":5.5,"y":-2},{"x":3,"y":-1.5},{"x":8,"y":-1.5}]},{"index":1,"tiles":[{"x":4.5,"y":-8.5},{"x":5.5,"y":-8.5},{"x":6.5,"y":-8.5},{"x":3.5,"y":-8},{"x":7.5,"y":-8},{"x":2.5,"y":-7.5},{"x":8.5,"y":-7.5},{"x":1.5,"y":-7},{"x":9.5,"y":-7},{"x":5,"y":-6.5},{"x":6,"y":-6.5},{"x":2.5,"y":-6},{"x":3.5,"y":-6},{"x":7.5,"y":-6},{"x":8.5,"y":-6},{"x":5,"y":-5.5},{"x":6,"y":-5.5},{"x":2.5,"y":-5},{"x":3.5,"y":-5},{"x":7.5,"y":-5},{"x":8.5,"y":-5},{"x":5,"y":-4.5},{"x":6,"y":-4.5},{"x":2.5,"y":-4},{"x":3.5,"y":-4},{"x":7.5,"y":-4},{"x":8.5,"y":-4},{"x":5,"y":-3},{"x":6,"y":-3},{"x":2.5,"y":-2.5},{"x":3.5,"y":-2.5},{"x":7.5,"y":-2.5},{"x":8.5,"y":-2.5},{"x":5.5,"y":-2},{"x":3,"y":-1.5},{"x":8,"y":-1.5}]},{"index":2,"tiles":[{"x":4.5,"y":-8.5},{"x":5.5,"y":-8.5},{"x":6.5,"y":-8.5},{"x":3.5,"y":-8},{"x":7.5,"y":-8},{"x":2.5,"y":-7.5},{"x":8.5,"y":-7.5},{"x":1.5,"y":-7},{"x":9.5,"y":-7},{"x":5.5,"y":-6.5},{"x":3,"y":-6},{"x":8,"y":-6},{"x":5.5,"y":-5.5},{"x":3,"y":-5},{"x":8,"y":-5},{"x":5.5,"y":-4.5},{"x":3,"y":-4},{"x":8,"y":-4}]},{"index":3,"tiles":[{"x":5.5,"y":-6},{"x":3,"y":-5.5},{"x":8,"y":-5.5},{"x":5.5,"y":-5},{"x":3,"y":-4.5},{"x":8,"y":-4.5}]}],"seeds":["YPiJn0AdzYROFRE0mXqEnRkqlzJxHhdyGMSBXSQs5wJyEUiOj/h5VsWJ4oRdVvqBDAMWTxB2GQgZjoE4oVcQiKaFgxcOFNiV"]},{"layers":[{"index":0,"tiles":[{"x":5.5,"y":-8.5},{"x":4.5,"y":-8},{"x":6.5,"y":-8},{"x":5.5,"y":-7.5},{"x":3.5,"y":-7},{"x":4.5,"y":-7},{"x":6.5,"y":-7},{"x":7.5,"y":-7},{"x":5.5,"y":-6.5},{"x":2.5,"y":-6},{"x":3.5,"y":-6},{"x":4.5,"y":-6},{"x":6.5,"y":-6},{"x":7.5,"y":-6},{"x":8.5,"y":-6},{"x":5.5,"y":-5.5},{"x":1.5,"y":-5},{"x":2.5,"y":-5},{"x":3.5,"y":-5},{"x":4.5,"y":-5},{"x":6.5,"y":-5},{"x":7.5,"y":-5},{"x":8.5,"y":-5},{"x":9.5,"y":-5},{"x":5.5,"y":-4.5},{"x":2.5,"y":-4},{"x":3.5,"y":-4},{"x":4.5,"y":-4},{"x":6.5,"y":-4},{"x":7.5,"y":-4},{"x":8.5,"y":-4},{"x":5.5,"y":-3.5},{"x":3.5,"y":-3},{"x":4.5,"y":-3},{"x":6.5,"y":-3},{"x":7.5,"y":-3},{"x":5.5,"y":-2.5},{"x":4.5,"y":-2},{"x":6.5,"y":-2},{"x":5.5,"y":-1.5}]},{"index":1,"tiles":[{"x":5.5,"y":-8.5},{"x":4.5,"y":-8},{"x":6.5,"y":-8},{"x":5.5,"y":-7.5},{"x":3.5,"y":-7},{"x":4.5,"y":-7},{"x":6.5,"y":-7},{"x":7.5,"y":-7},{"x":5.5,"y":-6.5},{"x":2.5,"y":-6},{"x":3.5,"y":-6},{"x":4.5,"y":-6},{"x":6.5,"y":-6},{"x":7.5,"y":-6},{"x":8.5,"y":-6},{"x":5.5,"y":-5.5},{"x":1.5,"y":-5},{"x":2.5,"y":-5},{"x":3.5,"y":-5},{"x":4.5,"y":-5},{"x":6.5,"y":-5},{"x":7.5,"y":-5},{"x":8.5,"y":-5},{"x":9.5,"y":-5},{"x":5.5,"y":-4.5},{"x":2.5,"y":-4},{"x":3.5,"y":-4},{"x":4.5,"y":-4},{"x":6.5,"y":-4},{"x":7.5,"y":-4},{"x":8.5,"y":-4},{"x":5.5,"y":-3.5},{"x":3.5,"y":-3},{"x":4.5,"y":-3},{"x":6.5,"y":-3},{"x":7.5,"y":-3},{"x":5.5,"y":-2.5},{"x":4.5,"y":-2},{"x":6.5,"y":-2},{"x":5.5,"y":-1.5}]},{"index":2,"tiles":[{"x":5.5,"y":-8.5},{"x":4.5,"y":-8},{"x":6.5,"y":-8},{"x":5.5,"y":-7.5},{"x":4.5,"y":-7},{"x":6.5,"y":-7},{"x":5.5,"y":-6.5},{"x":4.5,"y":-6},{"x":6.5,"y":-6},{"x":5.5,"y":-5.5},{"x":3.5,"y":-5},{"x":7.5,"y":-5},{"x":5.5,"y":-4.5},{"x":4.5,"y":-4},{"x":6.5,"y":-4},{"x":5.5,"y":-3.5},{"x":4.5,"y":-3},{"x":6.5,"y":-3},{"x":5.5,"y":-2.5},{"x":4.5,"y":-2},{"x":6.5,"y":-2},{"x":5.5,"y":-1.5}]},{"index":3,"tiles":[{"x":5.5,"y":-8.5},{"x":6.5,"y":-8},{"x":5.5,"y":-7.5},{"x":6.5,"y":-7},{"x":5.5,"y":-6.5},{"x":5.5,"y":-5.5},{"x":3.5,"y":-5},{"x":7.5,"y":-5},{"x":5.5,"y":-4.5},{"x":5.5,"y":-3.5},{"x":4.5,"y":-3},{"x":5.5,"y":-2.5},{"x":4.5,"y":-2},{"x":5.5,"y":-1.5}]}],"seeds":["osgsGNF1xCgaF5R9HRMsEZgdlaZwjZGIm6CEoeJY4DQtanWCHQgGE9go6CI92wdSw+RwXvIJHBWBZiA+x1dgIRJQmleEFndRk8B55dR5nSSGZIoMocBB"]}]]],0,0,[],[],[]]
